id,status,chance_of_playing_next_round,chance_of_playing_this_round,now_cost,now_cost_rank,now_cost_rank_type,cost_change_event,cost_change_event_fall,cost_change_start,cost_change_start_fall,selected_by_percent,selected_rank,selected_rank_type,total_points,event_points,points_per_game,points_per_game_rank,points_per_game_rank_type,bonus,bps,form,form_rank,form_rank_type,value_form,value_season,dreamteam_count,transfers_in,transfers_in_event,transfers_out,transfers_out_event,ep_next,ep_this,expected_goals,expected_assists,expected_goal_involvements,expected_goals_conceded,expected_goals_per_90,expected_assists_per_90,expected_goal_involvements_per_90,expected_goals_conceded_per_90,influence,influence_rank,influence_rank_type,creativity,creativity_rank,creativity_rank_type,threat,threat_rank,threat_rank_type,ict_index,ict_index_rank,ict_index_rank_type,corners_and_indirect_freekicks_order,direct_freekicks_order,penalties_order,gw,set_piece_threat,first_name,second_name,web_name,news,news_added,minutes,goals_scored,assists,clean_sheets,goals_conceded,own_goals,penalties_saved,penalties_missed,yellow_cards,red_cards,saves,starts,defensive_contribution,corners_and_indirect_freekicks_text,direct_freekicks_text,penalties_text,saves_per_90,clean_sheets_per_90,goals_conceded_per_90,starts_per_90,defensive_contribution_per_90,tackles,clearances_blocks_interceptions,recoveries
50,a,,,4.5,563,287,0,0,0,0,0.7,234,80,0,0,0.0,520,205,0,0,0.0,520,205,0.0,0.0,0,13583,1365,16988,1107,0.0,0.0,0.0,0.0,0.0,0.0,0.0,0.0,0.0,0.0,0.0,485,184,0.0,485,192,0.0,430,150,0.0,494,188,,,,3,,Bradley,Burrowes,Burrowes,,,0,0,0,0,0,0,0,0,0,0,0,0,0,,,,0.0,0.0,0.0,0.0,0.0,0,0,0
1,a,,,6.0,61,1,0,0,0,0,38.6,6,1,12,0,6.0,42,3,0,45,4.0,73,4,0.7,2.0,0,343466,31784,330200,19494,4.0,4.0,0.0,0.0,0.0,0.53,0.0,0.0,0.0,0.26,17.4,194,20,0.0,634,71,0.0,629,71,1.8,267,20,,,,3,,David,Raya Martín,Raya,,,180,0,0,2,0,0,0,0,0,0,1,2,0,,,,0.5,1.0,0.0,1.0,0.0,0,2,19
66,a,100.0,100.0,4.0,641,203,0,0,0,0,0.2,314,115,0,0,0.0,429,159,0,0,0.0,429,159,0.0,0.0,0,7261,799,5129,347,0.0,0.0,0.0,0.0,0.0,0.0,0.0,0.0,0.0,0.0,0.0,387,150,0.0,379,148,0.0,306,124,0.0,397,150,,,,3,,Julio,Soler Barreto,Soler,,,0,0,0,0,0,0,0,0,0,0,0,0,0,,,,0.0,0.0,0.0,0.0,0.0,0,0,0
92,a,,,4.5,537,142,0,0,0,0,0.0,572,195,0,0,0.0,500,189,0,0,0.0,500,189,0.0,0.0,0,286,23,523,41,0.0,0.0,0.0,0.0,0.0,0.0,0.0,0.0,0.0,0.0,0.0,464,184,0.0,465,185,0.0,408,174,0.0,474,184,,,,3,,Kim,Ji-soo,Ji-soo,,,0,0,0,0,0,0,0,0,0,0,0,0,0,,,,0.0,0.0,0.0,0.0,0.0,0,0,0
4,a,,,8.0,7,1,0,0,0,0,25.6,9,2,13,0,6.5,31,14,0,44,4.3,63,26,0.5,1.6,0,112540,6892,498757,29007,4.3,4.3,0.18,0.03,0.21,0.53,0.09,0.02,0.11,0.26,24.8,154,69,5.0,210,67,7.0,182,61,3.6,207,81,,,,3,,Gabriel,dos Santos Magalhães,Gabriel,,,180,0,0,2,0,0,0,0,1,0,0,2,14,,,,0.0,1.0,0.0,1.0,7.0,2,12,7
232,a,,,4.9,408,76,0,0,-1,1,0.3,283,106,0,0,0.0,541,199,0,0,0.0,541,199,0.0,0.0,0,2454,122,16688,519,0.0,0.0,0.0,0.0,0.0,0.0,0.0,0.0,0.0,0.0,0.0,509,196,0.0,510,196,0.0,458,188,0.0,519,196,,,,3,,Jake,O'Brien,O'Brien,,,0,0,0,0,0,0,0,0,0,0,0,0,0,,,,0.0,0.0,0.0,0.0,0.0,0,0,0
603,a,,,4.0,651,212,0,0,0,0,0.1,429,150,0,0,0.0,437,166,0,0,0.0,437,166,0.0,0.0,0,4291,267,1604,149,0.0,0.0,0.0,0.0,0.0,0.0,0.0,0.0,0.0,0.0,0.0,395,157,0.0,387,155,0.0,315,132,0.0,405,157,,,,3,,Jayden,Lienou,Lienou,,,0,0,0,0,0,0,0,0,0,0,0,0,0,,,,0.0,0.0,0.0,0.0,0.0,0,0,0
2,a,,,4.9,380,18,-1,1,-1,1,0.1,460,52,0,0,0.0,527,65,0,0,0.0,527,65,0.0,0.0,0,1010,89,2748,145,0.0,0.0,0.0,0.0,0.0,0.0,0.0,0.0,0.0,0.0,0.0,492,65,0.0,493,52,0.0,438,51,0.0,501,65,,,,3,,Kepa,Arrizabalaga Revuelta,Arrizabalaga,,,0,0,0,0,0,0,0,0,0,0,0,0,0,,,,0.0,0.0,0.0,0.0,0.0,0,0,0
325,a,100.0,100.0,4.5,425,23,0,0,0,0,0.0,513,57,0,0,0.0,441,46,0,0,0.0,441,46,0.0,0.0,0,646,64,771,52,0.0,0.0,0.0,0.0,0.0,0.0,0.0,0.0,0.0,0.0,0.0,399,46,0.0,391,25,0.0,323,24,0.0,409,46,,,,3,,Karl,Darlow,Darlow,,,0,0,0,0,0,0,0,0,0,0,0,0,0,,,,0.0,0.0,0.0,0.0,0.0,0,0,0
441,a,,,4.5,549,75,0,0,0,0,1.2,170,25,0,0,0.0,509,54,0,0,0.0,509,54,0.0,0.0,0,28698,3264,29498,2091,0.0,0.0,0.0,0.0,0.0,0.0,0.0,0.0,0.0,0.0,0.0,473,45,0.0,474,50,0.0,418,47,0.0,483,50,,,,3,,Chido,Obi,Obi,,,0,0,0,0,0,0,0,0,0,0,0,0,0,,,,0.0,0.0,0.0,0.0,0.0,0,0,0
5,d,25.0,25.0,6.5,40,3,0,0,0,0,0.1,449,158,0,0,0.0,647,214,0,0,0.0,647,214,0.0,0.0,0,1112,162,5812,267,0.0,0.0,0.0,0.0,0.0,0.0,0.0,0.0,0.0,0.0,0.0,646,214,0.0,646,214,0.0,645,214,0.0,646,214,,,,3,,Jurriën,Timber,J.Timber,Groin injury - 25% chance of playing,,0,0,0,0,0,0,0,0,0,0,0,0,0,,,,0.0,0.0,0.0,0.0,0.0,0,0,0
3,a,,,4.9,395,20,-1,1,-1,1,0.0,537,60,0,0,0.0,534,66,0,0,0.0,534,66,0.0,0.0,0,314,41,1010,59,0.0,0.0,0.0,0.0,0.0,0.0,0.0,0.0,0.0,0.0,0.0,501,66,0.0,502,54,0.0,450,53,0.0,511,66,,,,3,,Illan,Meslier,Meslier,,,0,0,0,0,0,0,0,0,0,0,0,0,0,,,,0.0,0.0,0.0,0.0,0.0,0,0,0
6,i,0.0,0.0,6.0,74,8,0,0,0,0,0.2,326,119,0,0,0.0,639,213,0,0,0.0,639,213,0.0,0.0,0,2145,197,13058,760,0.0,0.0,0.0,0.0,0.0,0.0,0.0,0.0,0.0,0.0,0.0,635,213,0.0,636,213,0.0,631,213,0.0,636,213,,,,3,,William,Saliba,Saliba,Back injury - Unknown return date,,0,0,0,0,0,0,0,0,0,0,0,0,0,,,,0.0,0.0,0.0,0.0,0.0,0,0,0
7,a,,,5.5,175,107,0,0,0,0,0.7,229,76,6,0,3.0,135,54,0,30,2.0,180,82,0.4,1.1,0,19820,1278,23770,1229,2.0,2.0,0.13,0.13,0.26,0.53,0.07,0.07,0.14,0.3,21.6,171,64,26.1,99,61,12.0,133,68,6.0,146,71,,,,3,,Myles,Lewis-Skelly,Lewis-Skelly,,,160,0,0,2,0,0,0,0,0,0,0,2,12,,,,0.0,1.12,0.0,1.12,6.75,1,5,6
8,a,,,5.7,117,11,0,0,2,-2,46.1,4,1,20,0,10.0,3,1,2,61,6.7,18,9,1.2,3.5,0,891541,65957,167522,7333,6.7,6.7,0.15,0.55,0.7,0.39,0.08,0.29,0.37,0.21,47.2,69,28,24.1,110,34,13.0,126,40,8.4,89,28,,,,3,,Riccardo,Calafiori,Calafiori,,,170,0,2,2,0,0,0,0,0,0,0,2,8,,,,0.0,1.06,0.0,1.06,4.24,2,6,5
9,a,,,5.3,236,34,-1,1,-2,2,1.2,176,69,1,0,1.0,323,124,0,3,0.3,360,129,0.1,0.2,0,9109,774,79508,2821,0.3,0.3,0.0,0.0,0.0,0.15,0.0,0.0,0.0,1.5,0.4,333,124,0.5,310,116,0.0,559,205,0.1,346,123,,,,3,,Piero,Hincapié,Hincapie,,,9,0,0,0,0,0,0,0,0,0,0,0,0,,,,0.0,0.0,0.0,0.0,0.0,0,0,0
10,a,100.0,100.0,5.5,134,15,0,0,0,0,7.7,57,22,18,0,9.0,8,2,3,63,6.0,28,13,1.1,3.3,0,331599,23363,156121,13690,6.0,6.0,0.18,0.26,0.44,0.53,0.09,0.13,0.22,0.26,49.6,59,22,47.1,35,7,13.0,124,39,11.0,56,12,,,,3,,Benjamin,White,White,,,180,0,1,2,0,0,0,0,0,0,0,2,9,,,,0.0,1.0,0.0,1.0,4.5,2,7,5
11,d,75.0,75.0,5.5,176,23,0,0,0,0,4.2,84,33,12,0,6.0,40,17,0,52,4.0,71,31,0.7,2.2,0,29247,291,192882,18565,3.0,3.0,0.0,0.01,0.01,0.53,0.0,0.01,0.01,0.28,24.6,157,71,2.0,250,85,0.0,607,211,2.7,227,88,,,,3,,Cristhian,Mosquera,Mosquera,Unspecified injury - 75% chance of playing,,168,0,0,2,0,0,0,0,0,0,0,2,10,,,,0.0,1.07,0.0,1.07,5.36,0,10,3
12,a,,,9.5,4,3,0,0,0,0,11.1,38,14,20,0,10.0,5,3,4,82,6.7,21,7,0.7,2.1,0,278323,33033,145741,9225,6.7,6.7,1.27,0.12,1.39,0.39,0.73,0.07,0.8,0.22,83.8,6,5,34.1,66,45,77.0,10,6,19.5,7,6,2.0,2.0,1.0,3,,Bukayo,Saka,Saka,,,157,2,0,2,0,0,0,0,0,0,0,2,18,,,,0.0,1.15,0.0,1.15,10.32,3,5,10
13,a,,,7.4,19,11,-1,1,-1,1,14.1,29,11,8,0,4.0,90,39,0,29,2.7,133,57,0.4,1.1,0,60587,3315,427573,20960,2.7,2.7,0.07,0.18,0.25,0.39,0.04,0.11,0.15,0.23,30.8,134,49,34.0,67,46,2.0,246,120,6.7,128,64,1.0,1.0,,3,,Declan,Rice,Rice,,,151,0,0,2,0,0,0,0,0,0,0,2,18,,,,0.0,1.19,0.0,1.19,10.73,3,5,10
14,a,,,6.4,51,35,0,0,-1,1,1.4,154,47,2,0,1.0,362,171,0,10,0.7,320,150,0.1,0.3,0,15028,1041,88200,3136,0.7,0.7,0.04,0.07,0.11,0.39,0.06,0.11,0.17,0.59,1.6,316,142,3.8,220,120,3.0,215,104,0.7,307,140,,3.0,,3,,Eberechi,Eze,Eze,,,59,0,0,0,0,0,0,0,0,0,0,0,5,,,,0.0,0.0,0.0,0.0,7.63,0,0,5
15,a,,,6.6,32,21,0,0,1,-1,11.1,37,13,14,0,7.0,24,10,3,54,4.7,48,23,0.7,2.1,0,425007,15795,224967,15505,4.7,4.7,0.29,0.17,0.46,0.39,0.18,0.11,0.29,0.24,57.4,37,17,48.3,33,27,36.0,53,31,14.2,29,23,4.0,4.0,3.0,3,,Martin,Ødegaard,Ødegaard,,,145,1,0,2,0,0,0,0,0,0,0,2,13,,,,0.0,1.24,0.0,1.24,8.07,5,3,5
16,a,,,6.3,55,39,0,0,-2,2,0.2,318,112,1,0,1.0,360,169,0,8,0.3,378,177,0.0,0.2,0,3122,434,16902,598,0.3,0.3,0.0,0.04,0.04,0.15,0.0,0.16,0.16,0.61,9.4,237,99,43.1,44,35,0.0,639,280,5.3,163,77,6.0,,,3,,Noni,Madueke,Madueke,,,22,0,0,0,0,0,0,0,0,0,0,0,2,,,,0.0,0.0,0.0,0.0,8.18,0,0,2
17,a,,,5.9,91,59,0,0,-1,1,0.5,253,84,2,0,1.0,350,162,0,12,0.7,315,147,0.1,0.3,0,5907,424,30556,1430,0.7,0.7,0.14,0.02,0.16,0.15,0.38,0.05,0.43,0.41,6.4,258,115,2.2,241,128,14.0,121,61,2.3,244,109,,,,3,,Mikel,Merino Zazón,Merino,,,33,0,0,0,0,0,0,0,0,0,0,0,6,,,,0.0,0.0,0.0,0.0,16.36,0,0,6
18,u,0.0,0.0,6.3,56,40,0,0,-2,2,0.1,398,152,0,0,0.0,644,285,0,0,0.0,644,285,0.0,0.0,0,2483,0,15730,2088,0.0,0.0,0.0,0.0,0.0,0.0,0.0,0.0,0.0,0.0,0.0,643,284,0.0,643,284,0.0,640,281,0.0,643,284,,,,3,,Gabriel,Martinelli Silva,Martinelli,Has joined Al Hilal permanently,,0,0,0,0,0,0,0,0,0,0,0,0,0,,,,0.0,0.0,0.0,0.0,0.0,0,0,0
19,a,,,5.4,221,137,0,0,-1,1,0.8,219,71,2,0,1.0,329,149,0,8,0.7,307,143,0.1,0.4,0,5483,419,42254,1645,0.7,0.7,0.0,0.02,0.02,0.15,0.0,0.07,0.07,0.5,8.6,241,101,3.2,226,123,0.0,575,237,1.2,288,129,,,,3,,Martín,Zubimendi Ibáñez,Zubimendi,,,27,0,0,0,0,0,0,0,0,0,0,0,5,,,,0.0,0.0,0.0,0.0,16.67,3,0,2
20,a,,,5.4,234,148,0,0,-1,1,0.1,469,185,0,0,0.0,616,265,0,0,0.0,616,265,0.0,0.0,0,1186,105,4556,229,0.0,0.0,0.0,0.0,0.0,0.0,0.0,0.0,0.0,0.0,0.0,601,258,0.0,603,259,0.0,583,244,0.0,607,259,,,,3,,Max,Dowman,Dowman,,,0,0,0,0,0,0,0,0,0,0,0,0,0,,,,0.0,0.0,0.0,0.0,0.0,0,0,0
22,u,0.0,0.0,5.4,225,140,0,0,-1,1,0.0,602,255,0,0,0.0,614,263,0,0,0.0,614,263,0.0,0.0,0,233,0,861,110,0.0,0.0,0.0,0.0,0.0,0.0,0.0,0.0,0.0,0.0,0.0,595,253,0.0,600,257,0.0,578,240,0.0,602,255,,,,3,,Ethan,Nwaneri,Nwaneri,Has joined Borussia Dortmund on loan for the rest of the season,,0,0,0,0,0,0,0,0,0,0,0,0,0,,,,0.0,0.0,0.0,0.0,0.0,0,0,0
23,u,0.0,0.0,5.5,155,93,0,0,0,0,0.0,607,257,0,0,0.0,623,269,0,0,0.0,623,269,0.0,0.0,0,255,0,615,89,0.0,0.0,0.0,0.0,0.0,0.0,0.0,0.0,0.0,0.0,0.0,611,263,0.0,615,264,0.0,601,254,0.0,616,264,,,,3,,Fábio,Ferreira Vieira,Fábio Vieira,Has joined Hamburger SV permanently,,0,0,0,0,0,0,0,0,0,0,0,0,0,,,,0.0,0.0,0.0,0.0,0.0,0,0,0
24,u,0.0,0.0,5.5,136,83,0,0,0,0,0.0,617,263,0,0,0.0,620,266,0,0,0.0,620,266,0.0,0.0,0,68,0,499,24,0.0,0.0,0.0,0.0,0.0,0.0,0.0,0.0,0.0,0.0,0.0,606,259,0.0,609,260,0.0,592,247,0.0,611,260,,,,3,,Reiss,Nelson,Nelson,has departed the club as a free agent.,,0,0,0,0,0,0,0,0,0,0,0,0,0,,,,0.0,0.0,0.0,0.0,0.0,0,0,0
25,a,,,7.3,23,8,0,0,-2,2,4.5,81,12,0,0,0.0,648,76,0,0,0.0,648,76,0.0,0.0,0,18518,1581,451736,12616,0.0,0.0,0.0,0.0,0.0,0.0,0.0,0.0,0.0,0.0,0.0,648,76,0.0,648,76,0.0,648,76,0.0,648,76,,,2.0,3,,Viktor,Gyökeres,Gyökeres,,,0,0,0,0,0,0,0,0,0,0,0,0,0,,,,0.0,0.0,0.0,0.0,0.0,0,0,0
26,a,,,7.5,16,6,0,0,0,0,6.7,61,8,8,0,4.0,91,11,0,39,2.7,134,13,0.4,1.1,0,267844,7717,194179,13965,2.7,2.7,0.28,0.06,0.34,0.53,0.14,0.03,0.17,0.26,39.6,94,8,16.6,140,13,48.0,36,11,10.4,65,9,,,,3,,Kai,Havertz,Havertz,,,180,1,0,2,0,0,0,0,0,0,0,2,7,,,,0.0,1.0,0.0,1.0,3.5,0,2,5
27,u,0.0,0.0,5.9,92,24,0,0,-1,1,0.2,325,54,0,0,0.0,632,75,0,0,0.0,632,75,0.0,0.0,0,4164,0,20795,2508,0.0,0.0,0.0,0.0,0.0,0.0,0.0,0.0,0.0,0.0,0.0,624,70,0.0,627,73,0.0,617,71,0.0,627,73,,,,3,,Gabriel,Fernando de Jesus,G.Jesus,Has joined FC Barcelona permanently,,0,0,0,0,0,0,0,0,0,0,0,0,0,,,,0.0,0.0,0.0,0.0,0.0,0,0,0
31,a,,,4.4,569,153,0,0,-1,1,11.4,35,13,1,0,1.0,266,97,0,3,0.3,328,115,0.1,0.2,0,370526,49833,443984,15251,0.3,0.3,0.0,0.0,0.0,0.0,0.0,0.0,0.0,0.0,3.2,299,113,0.1,324,119,0.0,319,136,0.3,323,116,,,,3,,Ezri,Konsa Ngoyo,Konsa,,,11,0,0,0,0,0,0,0,0,0,0,0,1,,,,0.0,0.0,0.0,0.0,8.18,0,1,0
452,d,75.0,75.0,6.8,31,20,0,0,-2,2,2.0,129,39,1,0,1.0,366,175,0,4,0.3,382,181,0.0,0.1,0,6647,251,195380,6043,0.2,0.2,0.0,0.01,0.01,0.0,0.0,0.05,0.05,0.0,1.4,320,145,0.8,294,149,2.0,245,119,0.4,322,147,5.0,,4.0,3,,Bruno,Guimarães Rodriguez Moura,Bruno G.,Knock - 75% chance of playing,,19,0,0,0,0,0,0,0,0,0,0,0,3,,,,0.0,0.0,0.0,0.0,14.21,0,0,3
557,a,,,6.5,38,26,0,0,0,0,18.8,17,8,6,0,3.0,140,56,0,31,2.0,185,85,0.3,0.9,0,334160,6089,813512,64488,2.0,2.0,0.19,0.15,0.34,0.16,0.14,0.11,0.25,0.12,17.0,195,76,51.6,30,25,34.0,56,32,10.3,67,41,3.0,,,3,,Christos,Tzolis,Tzolis,,,120,0,1,1,0,0,0,0,1,0,0,2,9,,,,0.0,0.75,0.0,1.5,6.75,1,3,5
29,a,,,4.5,426,24,0,0,0,0,0.1,384,46,1,0,1.0,271,22,0,1,0.3,331,22,0.1,0.2,0,3337,186,3485,229,0.3,0.3,0.0,0.0,0.0,3.77,0.0,0.0,0.0,3.77,28.2,138,15,0.0,392,26,0.0,324,25,2.8,223,15,,,,3,,Marco,Bizot,M.Bizot,,,90,0,0,0,4,0,0,0,0,0,3,1,0,,,,3.0,0.0,4.0,1.0,0.0,0,2,6
30,u,0.0,0.0,4.5,431,84,0,0,0,0,0.1,481,170,0,0,0.0,443,170,0,0,0.0,443,170,0.0,0.0,0,0,0,7275,227,0.0,0.0,0.0,0.0,0.0,0.0,0.0,0.0,0.0,0.0,0.0,401,161,0.0,395,159,0.0,328,141,0.0,411,161,,,,3,,Lucas,Digne,Digne,Has joined Paris Saint-Germain permanently,,0,0,0,0,0,0,0,0,0,0,0,0,0,,,,0.0,0.0,0.0,0.0,0.0,0,0,0
32,a,,,4.5,457,99,0,0,0,0,7.0,59,24,7,6,2.3,165,64,0,23,2.3,140,56,0.5,1.6,0,72803,4197,191000,7366,2.3,2.3,0.15,0.04,0.19,5.03,0.05,0.01,0.06,1.8,26.0,149,67,2.9,230,73,7.0,165,57,3.6,206,80,1.0,,,3,,Matty,Cash,Cash,,,251,0,0,1,5,0,0,0,1,0,0,3,14,,,,0.0,0.36,1.79,1.08,5.02,6,8,2
33,a,,,4.5,442,87,0,0,0,0,0.4,278,103,7,6,3.5,102,38,0,33,2.3,139,55,0.5,1.6,0,6243,368,8742,399,2.3,2.3,0.11,0.02,0.13,0.79,0.09,0.02,0.11,0.67,2.0,311,116,0.0,403,160,0.0,337,142,0.2,332,119,,,,3,,Tyrone,Mings,Mings,,,106,0,0,1,0,0,0,0,0,0,0,1,6,,,,0.0,0.85,0.0,0.85,5.09,2,4,2
34,a,,,4.5,482,117,0,0,0,0,0.4,265,97,2,0,1.0,279,108,0,-8,0.7,282,101,0.2,0.4,0,7403,317,10079,683,0.7,0.7,0.0,0.01,0.01,4.59,0.0,0.01,0.01,2.53,11.0,229,94,1.5,265,91,0.0,361,157,1.2,286,103,,,,3,,Pau,Torres,Pau,,,163,0,0,0,5,0,0,0,0,0,0,2,9,,,,0.0,0.0,2.76,1.1,4.97,1,8,9
35,a,,,5.0,341,204,0,0,0,0,0.1,471,186,1,0,1.0,315,138,0,3,0.3,356,164,0.1,0.2,0,1719,138,2423,182,0.3,0.3,0.0,0.0,0.0,0.22,0.0,0.0,0.0,1.24,2.2,307,138,0.5,309,156,0.0,535,209,0.3,327,150,,,,3,,Lamare,Bogarde,Bogarde,,,16,0,0,0,0,0,0,0,0,0,0,0,1,,,,0.0,0.0,0.0,0.0,5.62,0,1,0
36,a,,,4.5,490,124,0,0,0,0,0.8,223,83,8,7,2.7,143,57,1,15,2.7,118,49,0.6,1.8,0,14922,1084,18314,831,2.7,2.7,0.1,0.42,0.52,4.88,0.04,0.15,0.19,1.79,14.0,212,89,1.3,271,97,15.0,112,33,3.0,217,84,,,,3,,Ian,Maatsen,Maatsen,,,245,0,0,1,5,0,0,0,1,0,0,3,20,,,,0.0,0.37,1.84,1.1,7.35,6,14,4
37,a,,,4.5,454,96,0,0,0,0,0.3,303,112,6,6,2.0,186,71,0,25,2.0,162,65,0.4,1.3,0,5336,350,7294,288,2.0,2.0,0.0,0.16,0.16,5.38,0.0,0.05,0.05,1.79,16.8,196,83,1.3,270,96,0.0,344,146,1.8,264,97,,,,3,,Victor,Lindelöf,Lindelöf,,,270,0,0,1,5,1,0,0,0,0,0,3,14,,,,0.0,0.33,1.67,1.0,4.67,1,13,5
38,a,,,4.0,647,208,0,0,0,0,1.7,138,58,0,0,0.0,434,163,0,0,0.0,434,163,0.0,0.0,0,26737,3227,32691,2091,0.0,0.0,0.0,0.0,0.0,0.0,0.0,0.0,0.0,0.0,0.0,392,154,0.0,384,152,0.0,312,129,0.0,402,154,,,,3,,Andrés,García,A.García,,,0,0,0,0,0,0,0,0,0,0,0,0,0,,,,0.0,0.0,0.0,0.0,0.0,0,0,0
39,u,0.0,0.0,4.0,644,206,0,0,0,0,0.2,354,131,0,0,0.0,432,162,0,0,0.0,432,162,0.0,0.0,0,0,0,11598,372,0.0,0.0,0.0,0.0,0.0,0.0,0.0,0.0,0.0,0.0,0.0,390,153,0.0,382,151,0.0,309,127,0.0,400,153,,,,3,,Kosta,Nedeljkovic,Nedeljkovic,Has joined Rangers on loan for the rest of the season,,0,0,0,0,0,0,0,0,0,0,0,0,0,,,,0.0,0.0,0.0,0.0,0.0,0,0,0
41,a,,,6.0,63,43,0,0,0,0,1.1,183,57,7,3,2.3,179,80,0,15,2.3,155,68,0.4,1.2,0,27094,1476,48992,2989,2.3,2.3,0.78,0.16,0.94,4.88,0.28,0.06,0.34,1.76,5.0,277,127,29.5,85,53,17.0,105,54,4.9,176,84,3.0,1.0,1.0,3,,Emiliano,Buendía Stati,Buendía,,,249,0,0,1,5,0,0,0,0,0,0,3,14,,,,0.0,0.36,1.81,1.08,5.06,2,3,9
44,u,0.0,0.0,5.4,202,125,0,0,-1,1,0.1,421,166,0,0,0.0,607,258,0,0,0.0,607,258,0.0,0.0,0,2096,0,7852,1471,0.0,0.0,0.0,0.0,0.0,0.0,0.0,0.0,0.0,0.0,0.0,584,245,0.0,591,251,0.0,564,230,0.0,592,248,,,,3,,Leon,Bailey,Bailey,Has joined Olympiakos permanently,,0,0,0,0,0,0,0,0,0,0,0,0,0,,,,0.0,0.0,0.0,0.0,0.0,0,0,0
45,a,,,5.4,197,121,0,0,-1,1,2.4,115,35,5,3,1.7,227,102,0,16,1.7,196,90,0.3,0.9,0,26517,2020,93583,4448,1.7,1.7,0.77,0.09,0.86,5.23,0.27,0.03,0.3,1.8,1.6,315,141,14.4,152,91,11.0,139,69,2.2,248,112,2.0,,,3,,John,McGinn,McGinn,,,261,0,0,1,5,0,0,0,2,0,0,3,15,,,,0.0,0.34,1.72,1.03,5.17,4,4,7
46,a,,,5.0,241,151,0,0,0,0,0.3,306,107,7,3,2.3,170,73,0,49,2.3,145,61,0.5,1.4,0,8305,686,7173,448,2.3,2.3,0.35,0.13,0.48,5.16,0.13,0.05,0.18,1.94,22.2,166,59,44.7,42,34,9.0,153,75,7.6,107,55,4.0,,,3,,Ross,Barkley,Barkley,,,240,0,0,1,5,0,0,0,0,0,0,3,17,,,,0.0,0.38,1.88,1.12,6.38,3,4,10
47,a,100.0,100.0,5.0,283,172,0,0,0,0,0.3,284,94,7,3,2.3,172,75,0,42,2.3,147,63,0.5,1.4,0,8244,694,11198,678,2.3,2.3,0.0,0.1,0.1,5.38,0.0,0.03,0.03,1.79,21.8,170,63,17.0,137,83,0.0,495,189,3.9,196,88,,,,3,,Boubacar,Kamara,Kamara,,,270,0,0,1,5,0,0,0,0,0,0,3,25,,,,0.0,0.33,1.67,1.0,8.33,4,9,12
48,i,0.0,0.0,5.0,299,179,0,0,0,0,0.0,574,237,0,0,0.0,568,235,0,0,0.0,568,235,0.0,0.0,0,323,26,1161,62,0.0,0.0,0.0,0.0,0.0,0.0,0.0,0.0,0.0,0.0,0.0,541,218,0.0,546,225,0.0,507,195,0.0,549,221,,,,3,,Amadou,Onana,Onana,Knee injury - Unknown return date,,0,0,0,0,0,0,0,0,0,0,0,0,0,,,,0.0,0.0,0.0,0.0,0.0,0,0,0
49,u,0.0,0.0,5.0,310,185,0,0,0,0,0.0,644,283,0,0,0.0,573,238,0,0,0.0,573,238,0.0,0.0,0,0,0,191,8,0.0,0.0,0.0,0.0,0.0,0.0,0.0,0.0,0.0,0.0,0.0,547,222,0.0,553,229,0.0,515,199,0.0,555,225,,,,3,,Samuel,Iling-Junior,Iling Jr,Has joined Bolton Wanderers on loan for the rest of the season,,0,0,0,0,0,0,0,0,0,0,0,0,0,,,,0.0,0.0,0.0,0.0,0.0,0,0,0
51,a,,,4.5,543,277,0,0,0,0,1.0,193,60,7,3,2.3,168,71,0,29,2.3,143,59,0.5,1.6,0,51344,6196,22039,2120,2.3,2.3,0.07,0.15,0.22,5.0,0.03,0.06,0.09,1.92,12.4,222,91,15.9,144,86,2.0,224,106,3.0,218,96,,,,3,,George,Hemmings,George Hemmings,,,234,0,0,1,5,0,0,0,0,0,0,3,18,,,,0.0,0.38,1.92,1.15,6.92,6,2,10
52,a,,,5.0,374,227,0,0,0,0,0.0,501,204,2,1,0.7,374,178,0,10,0.7,303,139,0.1,0.4,0,1255,85,1634,109,0.7,0.7,0.0,0.0,0.0,0.51,0.0,0.0,0.0,1.09,5.2,270,122,0.8,293,148,2.0,236,112,0.8,301,135,,,,3,,Alysson Edward Franco,da Rocha dos Santos,Alysson,,,42,0,0,0,0,0,0,0,1,0,0,0,6,,,,0.0,0.0,0.0,0.0,12.86,2,1,3
53,i,0.0,0.0,5.9,115,75,0,0,-1,1,0.1,387,143,0,0,0.0,636,278,0,0,0.0,636,278,0.0,0.0,0,654,81,14242,403,0.0,0.0,0.0,0.0,0.0,0.0,0.0,0.0,0.0,0.0,0.0,632,277,0.0,632,277,0.0,627,273,0.0,633,277,,,,3,,Johan,Manzambi,Manzambi,Knee injury - Expected back 12 Sep,,0,0,0,0,0,0,0,0,0,0,0,0,0,,,,0.0,0.0,0.0,0.0,0.0,0,0,0
54,s,0.0,0.0,5.5,159,96,0,0,0,0,0.0,517,213,-2,0,-2.0,653,290,0,-2,-0.7,653,290,-0.1,-0.4,0,252,8,3162,94,0.0,0.0,0.0,0.01,0.01,2.58,0.0,0.02,0.02,5.95,1.0,327,149,11.0,179,102,0.0,602,255,1.2,289,130,,,,3,,Joao,Gomes,Gomes,Suspended until 19 Sep,,39,0,0,0,4,0,0,0,0,1,0,1,7,,,,0.0,0.0,9.23,2.31,16.15,4,1,2
55,u,0.0,0.0,7.8,13,4,0,0,-2,2,3.9,88,13,0,0,0.0,652,78,0,0,0.0,652,78,0.0,0.0,0,14882,0,623086,37247,0.0,0.0,0.0,0.0,0.0,0.0,0.0,0.0,0.0,0.0,0.0,652,78,0.0,652,78,0.0,652,78,0.0,652,78,,,,3,,Ollie,Watkins,Watkins,Has joined Al Hilal permanently,,0,0,0,0,0,0,0,0,0,0,0,0,0,,,,0.0,0.0,0.0,0.0,0.0,0,0,0
56,a,100.0,100.0,5.5,130,34,0,0,0,0,0.1,369,56,2,1,1.0,338,37,0,6,0.7,310,36,0.1,0.4,0,6528,1006,5830,396,0.7,0.7,0.0,0.0,0.0,0.37,0.0,0.0,0.0,1.39,0.0,604,64,1.3,276,36,0.0,589,66,0.1,347,40,,,,3,,Tammy,Abraham,Abraham,,,24,0,0,0,0,0,0,0,0,0,0,0,1,,,,0.0,0.0,0.0,0.0,3.75,1,0,0
160,a,,,5.9,107,68,0,0,-1,1,0.4,263,88,3,1,1.0,354,165,0,9,1.0,266,123,0.2,0.5,0,4924,346,24095,1439,1.0,1.0,0.0,0.0,0.0,0.49,0.0,0.0,0.0,1.42,0.2,338,157,2.0,251,131,0.0,624,270,0.2,338,157,,,,3,,Alejandro,Garnacho Ferreyra,Garnacho,,,31,0,0,0,0,0,0,0,0,0,0,0,2,,,,0.0,0.0,0.0,0.0,5.81,0,0,2
166,a,,,6.5,45,11,0,0,0,0,1.0,190,30,4,2,2.0,219,23,0,21,1.3,229,25,0.2,0.6,0,84405,5200,24749,2314,1.3,1.3,0.24,0.54,0.78,1.23,0.14,0.32,0.46,0.72,4.2,285,27,5.9,204,26,2.0,244,37,1.2,290,34,,,,3,,Nicolas,Jackson,N.Jackson,,,154,0,0,1,1,0,0,0,0,0,0,2,5,,,,0.0,0.58,0.58,1.17,2.92,0,0,5
582,i,0.0,0.0,5.5,195,46,0,0,0,0,0.3,296,50,0,0,0.0,629,73,0,0,0.0,629,73,0.0,0.0,0,2150,90,19184,904,0.0,0.0,0.0,0.0,0.0,0.0,0.0,0.0,0.0,0.0,0.0,620,67,0.0,624,71,0.0,614,69,0.0,624,71,,,,3,,Brian,Madjo,Madjo,Unspecified injury - Unknown return date,,0,0,0,0,0,0,0,0,0,0,0,0,0,,,,0.0,0.0,0.0,0.0,0.0,0,0,0
596,a,,,4.5,506,133,0,0,0,0,0.1,428,149,2,1,1.0,284,112,0,6,0.7,285,104,0.2,0.4,0,1639,47,3025,200,0.7,0.7,0.0,0.01,0.01,0.49,0.0,0.04,0.04,1.92,4.0,287,107,0.0,436,177,0.0,378,166,0.4,316,114,,,,3,,Matteo,Ruggeri,Ruggeri,,,23,0,0,0,0,0,0,0,0,0,0,0,3,,,,0.0,0.0,0.0,0.0,11.74,2,1,2
597,a,,,5.0,295,13,0,0,0,0,1.2,172,26,12,10,6.0,34,2,3,46,4.0,67,3,0.8,2.4,0,42331,5008,19193,1148,4.0,4.0,0.0,0.0,0.0,1.61,0.0,0.0,0.0,0.8,13.6,215,22,0.0,545,63,0.0,504,63,1.4,282,22,,,,3,,Zion,Suzuki,Suzuki,,,180,0,0,1,1,0,0,0,0,0,5,2,0,,,,2.5,0.5,0.5,1.0,0.0,0,3,22
606,a,,,4.0,639,201,0,0,0,0,0.1,373,137,0,0,0.0,428,158,0,0,0.0,428,158,0.0,0.0,0,8505,545,2179,250,0.0,0.0,0.0,0.0,0.0,0.0,0.0,0.0,0.0,0.0,0.0,386,149,0.0,378,147,0.0,304,122,0.0,396,149,,,,3,,Triston,Rowe,Rowe,,,0,0,0,0,0,0,0,0,0,0,0,0,0,,,,0.0,0.0,0.0,0.0,0.0,0,0,0
607,u,0.0,0.0,4.5,538,275,0,0,0,0,0.1,420,165,0,0,0.0,501,196,0,0,0.0,501,196,0.0,0.0,0,7103,0,4075,920,0.0,0.0,0.0,0.0,0.0,0.0,0.0,0.0,0.0,0.0,0.0,465,174,0.0,466,183,0.0,409,141,0.0,475,179,,,,3,,Luka,Lynch,Lynch,Has joined Oxford United on loan until January,,0,0,0,0,0,0,0,0,0,0,0,0,0,,,,0.0,0.0,0.0,0.0,0.0,0,0,0
611,a,,,4.5,461,101,0,0,0,0,0.2,363,134,2,1,1.0,275,104,0,7,1.0,238,87,0.2,0.4,0,8696,514,2061,274,1.0,1.0,0.0,0.0,0.0,0.35,0.0,0.0,0.0,1.85,3.6,294,111,0.8,289,106,0.0,348,148,0.4,315,113,,,,3,,Aaron,Wan-Bissaka,Wan-Bissaka,,,17,0,0,0,0,0,0,0,0,0,0,0,3,,,,0.0,0.0,0.0,0.0,15.88,2,1,0
618,a,,,6.0,60,42,0,0,0,0,0.0,497,201,0,0,0.0,637,279,0,0,0.0,637,279,0.0,0.0,0,3999,338,1111,263,0.0,0.0,0.0,0.0,0.0,0.0,0.0,0.0,0.0,0.0,0.0,633,278,0.0,633,278,0.0,628,274,0.0,634,278,,,,3,,Leon,Goretzka,Goretzka,,,0,0,0,0,0,0,0,0,0,0,0,0,0,,,,0.0,0.0,0.0,0.0,0.0,0,0,0
630,a,,,4.5,483,118,0,0,0,0,0.0,595,201,0,0,0.0,465,178,0,0,0.0,465,178,0.0,0.0,0,1133,188,236,46,1.8,1.8,0.0,0.0,0.0,0.0,0.0,0.0,0.0,0.0,0.0,427,172,0.0,424,172,0.0,362,158,0.0,437,172,,,,3,,Taylor,Harwood-Bellis,Harwood-Bellis,,,0,0,0,0,0,0,0,0,0,0,0,0,0,,,,0.0,0.0,0.0,0.0,0.0,0,0,0
631,a,,,6.0,85,56,0,0,0,0,0.0,499,202,0,0,0.0,642,283,0,0,0.0,642,283,0.0,0.0,0,4988,932,828,198,2.2,2.2,0.0,0.0,0.0,0.0,0.0,0.0,0.0,0.0,0.0,641,282,0.0,641,282,0.0,637,278,0.0,641,282,,,,3,,Ibrahim,Mbaye,Mbaye,,,0,0,0,0,0,0,0,0,0,0,0,0,0,,,,0.0,0.0,0.0,0.0,0.0,0,0,0
57,a,,,4.5,494,40,0,0,0,0,3.4,94,15,6,1,2.0,191,16,0,33,2.0,164,16,0.4,1.3,0,76619,5259,53661,4656,2.0,2.0,0.0,0.0,0.0,4.8,0.0,0.0,0.0,1.6,70.6,16,2,0.0,431,42,0.0,370,41,7.1,120,2,,,,3,,Đorđe,Petrović,Petrović,,,270,0,0,0,5,0,0,0,0,0,9,3,0,,,,3.0,0.0,1.67,1.0,0.0,0,6,21
58,a,,,4.0,577,50,0,0,0,0,3.3,95,16,0,0,0.0,384,24,0,0,0.0,384,24,0.0,0.0,0,53124,5214,33962,1984,0.0,0.0,0.0,0.0,0.0,0.0,0.0,0.0,0.0,0.0,0.0,341,24,0.0,331,3,0.0,253,2,0.0,350,24,,,,3,,Fraser,Forster,Forster,,,0,0,0,0,0,0,0,0,0,0,0,0,0,,,,0.0,0.0,0.0,0.0,0.0,0,0,0
59,u,0.0,0.0,4.0,612,65,0,0,0,0,0.2,365,41,0,0,0.0,408,39,0,0,0.0,408,39,0.0,0.0,0,1133,0,4577,276,0.0,0.0,0.0,0.0,0.0,0.0,0.0,0.0,0.0,0.0,0.0,365,39,0.0,357,18,0.0,281,17,0.0,375,39,,,,3,,Will,Dennis,Dennis,Has joined MK Dons permanently,,0,0,0,0,0,0,0,0,0,0,0,0,0,,,,0.0,0.0,0.0,0.0,0.0,0,0,0
60,a,,,5.5,163,20,0,0,0,0,0.8,207,79,6,1,2.0,210,78,0,23,2.0,179,67,0.4,1.1,0,17037,790,19850,1441,2.0,2.0,0.0,0.76,0.76,4.8,0.0,0.25,0.25,1.6,37.2,109,48,21.3,122,38,4.0,202,72,6.3,140,52,,,,3,,James,Hill,Hill,,,270,0,0,0,5,0,0,0,0,0,0,3,24,,,,0.0,0.0,1.67,1.0,8.0,4,20,5
61,a,,,5.5,173,22,0,0,0,0,3.7,92,36,5,0,1.7,231,82,2,24,1.7,203,73,0.3,0.9,0,33821,1341,74697,6792,1.7,1.7,0.01,0.13,0.14,4.8,0.0,0.04,0.04,1.6,43.2,80,34,25.0,105,33,4.0,203,73,7.3,115,41,,,,3,,Adrien,Truffert,Truffert,,,270,0,0,0,5,0,0,0,1,0,0,3,22,,,,0.0,0.0,1.67,1.0,7.33,7,15,18
62,a,,,5.0,290,49,0,0,0,0,0.2,347,128,0,0,0.0,565,203,0,0,0.0,565,203,0.0,0.0,0,4637,205,6658,474,0.0,0.0,0.0,0.0,0.0,0.0,0.0,0.0,0.0,0.0,0.0,539,203,0.0,542,203,0.0,500,196,0.0,547,203,,,,3,,Bafodé,Diakité,Diakité,,,0,0,0,0,0,0,0,0,0,0,0,0,0,,,,0.0,0.0,0.0,0.0,0.0,0,0,0
63,i,0.0,0.0,5.0,369,66,0,0,0,0,0.0,606,204,0,0,0.0,597,209,0,0,0.0,597,209,0.0,0.0,0,171,9,570,32,0.0,0.0,0.0,0.0,0.0,0.0,0.0,0.0,0.0,0.0,0.0,574,208,0.0,581,208,0.0,552,204,0.0,582,208,,,,3,,Veljko,Milosavljevic,Milosavljević,Unspecified injury - Unknown return date,,0,0,0,0,0,0,0,0,0,0,0,0,0,,,,0.0,0.0,0.0,0.0,0.0,0,0,0
64,a,,,4.5,424,81,0,0,0,0,0.1,389,143,2,0,0.7,370,128,0,12,0.7,277,97,0.2,0.4,0,4654,179,3340,231,0.7,0.7,0.01,0.06,0.07,4.8,0.0,0.02,0.02,1.6,22.6,165,77,16.3,142,44,0.0,322,139,3.9,195,73,,,,3,,Adam,Smith,Smith,,,270,0,0,0,5,0,0,0,2,0,0,3,15,,,,0.0,0.0,1.67,1.0,5.0,4,11,9
65,i,0.0,0.0,4.5,487,121,0,0,0,0,0.0,588,200,0,0,0.0,467,179,0,0,0.0,467,179,0.0,0.0,0,199,15,908,36,0.0,0.0,0.0,0.0,0.0,0.0,0.0,0.0,0.0,0.0,0.0,429,173,0.0,426,173,0.0,365,160,0.0,439,173,,,,3,,Julián,Araujo Zúñiga,J.Araujo,Thigh injury - Unknown return date,,0,0,0,0,0,0,0,0,0,0,0,0,0,,,,0.0,0.0,0.0,0.0,0.0,0,0,0
67,a,,,6.5,43,29,0,0,0,0,2.2,121,38,6,2,2.0,218,98,0,21,2.0,186,86,0.3,0.9,0,36624,1236,89147,6944,2.0,2.0,0.48,0.06,0.54,4.56,0.16,0.02,0.18,1.54,14.8,208,82,14.8,150,90,61.0,22,13,9.1,79,45,,,,3,,Rayan Vitor,Simplício Rocha,Rayan,,,266,0,0,0,4,0,0,0,0,0,0,3,8,,,,0.0,0.0,1.35,1.02,2.71,2,3,3
68,a,,,6.0,64,44,0,0,0,0,2.6,112,33,21,10,7.0,23,9,6,95,7.0,16,6,1.2,3.5,0,142580,27110,66252,3973,7.0,7.0,1.5,0.34,1.84,4.75,0.5,0.11,0.61,1.6,55.0,44,21,55.5,25,22,29.0,65,39,13.9,30,24,1.0,1.0,3.0,3,,Marcus,Tavernier,Tavernier,,,268,2,0,0,5,0,0,0,1,0,0,3,28,,,,0.0,0.0,1.68,1.01,9.4,7,3,18
69,a,,,6.0,77,52,0,0,0,0,2.5,113,34,24,10,8.0,14,7,5,93,8.0,7,4,1.3,4.0,0,109614,44209,33495,2838,8.0,8.0,0.33,0.3,0.63,4.67,0.11,0.1,0.21,1.58,59.0,33,16,36.9,55,42,21.0,89,48,11.7,47,33,2.0,4.0,,3,,Alex,Scott,Scott,,,266,1,2,1,4,0,0,0,1,0,0,3,37,,,,0.0,0.34,1.35,1.02,12.52,7,9,21
70,a,,,6.0,67,46,0,0,0,0,1.1,185,58,7,1,2.3,180,81,0,33,2.3,156,69,0.4,1.2,0,28462,1311,36552,3440,2.3,2.3,0.78,0.06,0.84,4.09,0.31,0.02,0.33,1.61,22.2,168,61,41.2,47,37,74.0,11,7,13.7,32,25,3.0,2.0,2.0,3,,Justin,Kluivert,Kluivert,,,229,0,0,2,1,0,0,0,1,0,0,3,18,,,,0.0,0.79,0.39,1.18,7.07,4,1,13
71,a,,,5.0,252,155,0,0,0,0,0.2,331,118,7,1,2.3,171,74,0,23,2.3,146,62,0.5,1.4,0,10375,516,6116,566,2.3,2.3,0.0,0.01,0.01,3.84,0.0,0.01,0.01,2.2,8.4,242,102,14.9,148,89,0.0,480,181,2.4,238,106,5.0,,,3,,Lewis,Cook,Cook,,,157,0,0,2,1,0,0,0,0,0,0,2,10,,,,0.0,1.15,0.57,1.15,5.73,1,4,5
72,a,,,5.0,328,195,0,0,0,0,0.1,473,187,2,1,1.0,313,136,0,6,0.7,298,135,0.1,0.4,0,810,61,2554,172,0.7,0.7,0.02,0.0,0.02,0.24,0.9,0.0,0.9,10.8,0.2,336,155,0.1,328,166,2.0,233,110,0.2,335,155,,,,3,,Ben,Gannon-Doak,Gannon-Doak,,,2,0,0,0,1,0,0,0,0,0,0,0,3,,,,0.0,0.0,45.0,0.0,135.0,1,0,2
73,a,100.0,100.0,5.0,264,163,0,0,0,0,0.3,309,109,6,4,2.0,198,85,0,23,2.0,168,72,0.4,1.2,0,9685,1065,8091,545,2.0,2.0,0.0,0.01,0.01,0.95,0.0,0.01,0.01,0.77,5.2,269,121,1.9,252,132,0.0,488,186,0.7,306,139,,,,3,,Tyler,Adams,Adams,,,111,0,0,0,4,0,0,0,0,0,0,1,18,,,,0.0,0.0,3.24,0.81,14.59,3,4,11
74,a,100.0,100.0,5.0,246,152,0,0,0,0,0.1,489,196,2,1,1.0,300,129,0,5,0.7,293,133,0.1,0.4,0,2034,136,1818,119,0.7,0.7,0.0,0.01,0.01,0.39,0.0,0.04,0.04,1.53,0.0,519,206,1.6,263,137,0.0,475,178,0.1,343,160,4.0,3.0,,3,,David,Brooks,Brooks,,,23,0,0,0,2,0,0,0,0,0,0,0,0,,,,0.0,0.0,7.83,0.0,0.0,0,0,0
75,a,100.0,100.0,5.0,253,156,0,0,0,0,0.0,546,223,2,1,1.0,302,130,0,8,0.7,295,134,0.1,0.4,0,1703,105,802,90,0.7,0.7,0.0,0.0,0.0,0.13,0.0,0.0,0.0,2.92,2.8,303,136,0.3,313,158,0.0,481,182,0.3,326,149,6.0,,,3,,Ryan,Christie,Christie,,,4,0,0,0,1,0,0,0,0,0,0,0,2,,,,0.0,0.0,22.5,0.0,45.0,1,0,1
76,a,,,5.0,368,225,0,0,0,0,0.0,579,240,1,0,1.0,322,144,0,5,0.3,359,167,0.1,0.2,0,244,21,419,42,0.3,0.3,0.0,0.0,0.0,0.31,0.0,0.0,0.0,1.86,2.8,304,137,0.6,300,151,0.0,551,224,0.3,329,152,,,,3,,Alex,Tóth,Tóth.A,,,15,0,0,0,2,0,0,0,0,0,0,0,2,,,,0.0,0.0,12.0,0.0,12.0,1,0,1
77,i,0.0,0.0,4.9,404,244,0,0,-1,1,0.0,576,238,0,0,0.0,540,218,0,0,0.0,540,218,0.0,0.0,0,201,11,1658,55,0.0,0.0,0.0,0.0,0.0,0.0,0.0,0.0,0.0,0.0,0.0,508,198,0.0,509,206,0.0,457,166,0.0,518,203,,,,3,,Amine,Adli,Adli,Unspecified injury - Unknown return date,,0,0,0,0,0,0,0,0,0,0,0,0,0,,,,0.0,0.0,0.0,0.0,0.0,0,0,0
78,i,0.0,0.0,7.4,22,14,0,0,-1,1,0.2,330,117,0,0,0.0,650,289,0,0,0.0,650,289,0.0,0.0,0,752,44,22090,722,0.0,0.0,0.0,0.0,0.0,0.0,0.0,0.0,0.0,0.0,0.0,650,289,0.0,650,289,0.0,650,289,0.0,650,289,,,1.0,3,,Junior,Kroupi,Kroupi.Jr,Foot injury - Unknown return date,,0,0,0,0,0,0,0,0,0,0,0,0,0,,,,0.0,0.0,0.0,0.0,0.0,0,0,0
79,a,,,6.0,72,16,0,0,0,0,3.3,100,15,11,2,3.7,99,12,0,32,3.7,81,7,0.6,1.8,0,149352,7156,68853,6375,3.7,3.7,0.71,0.26,0.97,4.32,0.26,0.1,0.36,1.59,34.4,120,11,34.1,65,6,24.0,80,18,9.2,77,12,,,,3,,Francisco Evanilson,de Lima Barbosa,Evanilson,,,244,0,2,2,2,0,0,0,1,0,0,3,18,,,,0.0,0.74,0.74,1.11,6.64,1,9,8
80,u,0.0,0.0,5.5,127,32,0,0,0,0,0.0,571,75,0,0,0.0,618,71,0,0,0.0,618,71,0.0,0.0,0,0,0,1639,47,0.0,0.0,0.0,0.0,0.0,0.0,0.0,0.0,0.0,0.0,0.0,603,63,0.0,607,68,0.0,588,65,0.0,609,68,,,,3,,Enes,Ünal,Enes Ünal,Has joined Getafe permanently,,0,0,0,0,0,0,0,0,0,0,0,0,0,,,,0.0,0.0,0.0,0.0,0.0,0,0,0
81,a,100.0,100.0,6.0,82,19,0,0,0,0,0.1,408,58,1,0,1.0,358,42,0,4,0.3,377,45,0.0,0.2,0,2778,257,3399,298,0.3,0.3,0.0,0.0,0.0,0.16,0.0,0.0,0.0,1.6,0.0,638,74,0.0,638,74,0.0,634,74,0.0,638,74,,,,3,,Álvaro,Rodríguez,Rodríguez,,,9,0,0,0,1,0,0,0,0,0,0,0,1,,,,0.0,0.0,10.0,0.0,10.0,0,0,1
566,a,,,5.0,315,57,0,0,0,0,0.4,269,99,7,1,2.3,173,67,0,24,2.3,149,60,0.5,1.4,0,17696,609,9465,601,2.3,2.3,0.27,0.04,0.31,4.8,0.09,0.01,0.1,1.6,50.0,56,19,2.1,245,82,13.0,123,38,6.5,134,48,,,,3,,António João,Pereira de Albuquerque Tavares da Silva,Silva,,,270,0,0,0,5,0,0,0,1,0,0,3,31,,,,0.0,0.0,1.67,1.0,10.33,3,28,7
573,a,,,4.5,512,134,0,0,0,0,0.2,344,127,0,0,0.0,478,183,0,0,0.0,478,183,0.0,0.0,0,869,48,3992,238,0.0,0.0,0.0,0.0,0.0,0.0,0.0,0.0,0.0,0.0,0.0,440,177,0.0,442,178,0.0,384,167,0.0,450,177,,,,3,,Juanlu,Sánchez,Sanchez,,,0,0,0,0,0,0,0,0,0,0,0,0,0,,,,0.0,0.0,0.0,0.0,0.0,0,0,0
608,a,,,5.0,344,60,0,0,0,0,0.1,434,62,2,1,1.0,316,33,0,10,0.7,300,34,0.1,0.4,0,7645,658,2679,260,0.7,0.7,0.1,0.0,0.1,0.36,0.56,0.0,0.56,2.02,3.4,297,29,0.8,292,37,17.0,103,21,2.1,254,29,,,,3,,Daniel,Jebbison,Jebbison,,,16,0,0,0,2,0,0,0,0,0,0,0,1,,,,0.0,0.0,11.25,0.0,5.62,0,0,1
615,a,,,4.5,471,36,0,0,0,0,0.0,541,61,0,0,0.0,460,57,0,0,0.0,460,57,0.0,0.0,0,1792,147,567,85,0.0,0.0,0.0,0.0,0.0,0.0,0.0,0.0,0.0,0.0,0.0,421,57,0.0,417,38,0.0,353,37,0.0,431,57,,,,3,,Michele,Di Gregorio,Di Gregorio,,,0,0,0,0,0,0,0,0,0,0,0,0,0,,,,0.0,0.0,0.0,0.0,0.0,0,0,0
82,a,,,5.0,263,10,0,0,0,0,6.9,60,9,11,2,3.7,95,6,0,51,3.7,77,5,0.7,2.2,0,194097,5960,85893,7024,3.7,3.7,0.0,0.01,0.01,3.74,0.0,0.0,0.0,1.25,40.8,87,11,0.0,531,60,0.0,487,60,4.0,191,12,,,,3,,Caoimhín,Kelleher,Kelleher,,,270,0,0,1,2,0,0,0,0,0,7,3,0,,,,2.33,0.33,0.67,1.0,0.0,0,4,15
83,a,,,4.5,517,44,0,0,0,0,0.1,418,48,0,0,0.0,483,60,0,0,0.0,483,60,0.0,0.0,0,1699,82,2440,143,0.0,0.0,0.0,0.0,0.0,0.0,0.0,0.0,0.0,0.0,0.0,445,60,0.0,447,46,0.0,389,45,0.0,455,60,,,,3,,Hákon Rafn,Valdimarsson,Valdimarsson,,,0,0,0,0,0,0,0,0,0,0,0,0,0,,,,0.0,0.0,0.0,0.0,0.0,0,0,0
84,d,75.0,,5.5,153,18,0,0,0,0,2.1,124,50,10,1,3.3,114,45,0,39,3.3,96,37,0.6,1.8,0,58348,1084,35454,5497,2.5,3.3,0.51,0.05,0.56,2.13,0.23,0.02,0.25,0.98,39.6,93,42,22.4,115,35,51.0,32,2,11.3,52,10,,,,3,,Nathan,Collins,Collins,Calf injury - 75% chance of playing,,196,0,0,1,1,0,0,0,1,0,0,3,17,,,,0.0,0.46,0.46,1.38,7.81,2,15,11
85,i,0.0,0.0,4.9,399,72,0,0,-1,1,0.1,457,160,0,0,0.0,537,198,0,0,0.0,537,198,0.0,0.0,0,279,13,6833,247,0.0,0.0,0.0,0.0,0.0,0.0,0.0,0.0,0.0,0.0,0.0,505,195,0.0,506,195,0.0,454,187,0.0,515,195,,,,3,,Sepp,van den Berg,Van den Berg,Groin injury - Unknown return date,,0,0,0,0,0,0,0,0,0,0,0,0,0,,,,0.0,0.0,0.0,0.0,0.0,0,0,0
86,a,,,5.5,150,91,0,0,0,0,2.2,119,37,18,2,6.0,39,18,3,70,6.0,29,12,1.1,3.3,0,160186,6435,36975,3932,6.0,6.0,1.03,0.65,1.68,3.74,0.35,0.22,0.57,1.26,85.6,5,4,47.5,34,28,21.0,86,47,15.4,24,18,,1.0,,3,,Keane,Lewis-Potter,Lewis-Potter,,,267,1,1,1,2,0,0,0,0,0,0,3,27,,,,0.0,0.34,0.67,1.01,9.1,4,11,12
87,a,,,4.5,455,97,0,0,0,0,5.2,71,30,13,2,4.3,67,28,0,44,4.3,50,22,1.0,2.9,0,255093,10662,86056,10224,4.3,4.3,0.11,0.03,0.14,3.74,0.04,0.01,0.05,1.25,57.8,35,11,21.9,117,36,37.0,49,8,11.7,46,8,,,,3,,Kristoffer,Ajer,Ajer,,,270,0,0,1,2,0,0,0,1,0,0,3,32,,,,0.0,0.33,0.67,1.0,10.67,2,30,7
88,a,,,4.6,423,80,0,0,1,-1,9.5,44,17,16,1,5.3,49,20,1,47,5.3,37,17,1.2,3.5,0,522931,10615,116182,15412,5.3,5.3,0.55,0.21,0.76,2.28,0.24,0.09,0.33,0.99,48.2,63,25,17.5,134,39,54.0,29,1,11.9,45,7,,,,3,,Michael,Kayode,Kayode,,,207,1,0,1,1,0,0,0,0,0,0,3,13,,,,0.0,0.43,0.43,1.3,5.65,1,12,11
89,a,,,4.5,456,98,0,0,0,0,0.2,332,122,1,0,1.0,274,103,0,3,0.3,333,118,0.1,0.2,0,1165,60,4634,286,0.3,0.3,0.0,0.0,0.0,0.0,0.0,0.0,0.0,0.0,0.0,415,165,0.0,410,164,0.0,345,147,0.0,425,165,,,,3,,Rico,Henry,Henry,,,2,0,0,0,0,0,0,0,0,0,0,0,0,,,,0.0,0.0,0.0,0.0,0.0,0,0,0
90,a,,,4.5,500,129,0,0,0,0,0.1,464,164,3,1,1.0,282,110,0,8,1.0,242,90,0.2,0.7,0,1326,50,1529,97,1.0,1.0,0.0,0.02,0.02,1.46,0.0,0.03,0.03,2.15,4.0,286,106,4.4,214,68,0.0,375,165,0.8,300,109,,,,3,,Aaron,Hickey,Hickey,,,61,0,0,0,1,0,0,0,0,0,0,0,6,,,,0.0,0.0,1.48,0.0,8.85,2,4,4
93,a,,,4.5,519,137,0,0,0,0,0.1,372,136,4,4,4.0,78,32,0,11,1.3,211,78,0.3,0.9,0,329,21,2776,98,1.3,1.3,0.1,0.01,0.11,1.61,0.12,0.01,0.13,1.98,0.0,447,180,0.0,449,181,0.0,391,170,0.0,457,180,,,,3,,Jannik,Schuster,Schuster,,,73,0,0,0,1,0,0,0,0,0,0,0,10,,,,0.0,0.0,1.23,0.0,12.33,0,10,0
94,a,,,6.0,78,53,0,0,0,0,4.2,86,28,15,2,5.0,61,27,3,62,5.0,44,20,0.8,2.5,0,171969,6683,83818,10523,5.0,5.0,0.77,0.2,0.97,3.74,0.26,0.07,0.33,1.26,60.0,30,15,22.9,111,67,93.0,4,1,17.6,15,11,,,2.0,3,,Kevin,Schade,Schade,,,267,1,0,1,2,0,0,0,0,0,0,3,23,,,,0.0,0.34,0.67,1.01,7.75,5,4,14
95,a,,,6.4,52,36,-1,1,-1,1,0.8,215,69,5,1,1.7,232,105,0,28,1.7,206,96,0.3,0.8,0,12218,263,44342,3809,1.7,1.7,0.07,0.38,0.45,2.18,0.04,0.24,0.28,1.4,16.4,201,80,46.3,38,31,17.0,106,55,8.0,100,52,4.0,,,3,,Dango,Ouattara,O.Dango,,,140,0,0,1,1,0,0,0,0,0,0,2,24,,,,0.0,0.64,0.64,1.29,15.43,2,8,14
96,a,,,5.5,156,94,0,0,0,0,0.5,258,85,12,8,4.0,83,36,3,56,4.0,70,32,0.7,2.2,0,6899,648,15776,565,4.0,4.0,0.03,0.45,0.48,1.86,0.02,0.24,0.26,1.0,24.2,159,58,58.7,20,18,25.0,77,43,10.8,59,39,2.0,3.0,,3,,Mikkel,Damsgaard,Damsgaard,,,167,0,1,1,1,0,0,0,0,0,0,2,17,,,,0.0,0.54,0.54,1.08,9.16,3,3,11
97,i,0.0,0.0,5.5,142,86,0,0,0,0,0.2,362,134,6,0,6.0,38,17,0,22,2.0,178,81,0.4,1.1,0,4432,5,9155,909,0.0,0.0,0.08,0.34,0.42,0.47,0.11,0.46,0.57,0.64,12.6,221,90,46.2,39,32,13.0,125,63,7.2,118,60,1.0,2.0,3.0,3,,Mathias,Jensen,Jensen,Unspecified injury - Expected back 18 Sep,,66,0,1,1,0,0,0,0,0,0,0,1,5,,,,0.0,1.36,0.0,1.36,6.82,2,0,3
98,a,,,5.0,266,165,0,0,0,0,0.8,220,72,21,11,7.0,22,8,3,76,7.0,15,5,1.4,4.2,0,75209,11845,19657,1782,7.0,7.0,0.5,0.32,0.82,3.74,0.17,0.11,0.28,1.25,69.6,18,11,74.2,10,10,28.0,66,40,17.2,16,12,3.0,,,3,,Vitaly,Janelt,Janelt,,,270,2,0,1,2,0,0,0,3,0,0,3,35,,,,0.0,0.33,0.67,1.0,11.67,11,14,10
99,i,0.0,0.0,5.0,350,211,0,0,0,0,0.0,645,284,0,0,0.0,591,249,0,0,0.0,591,249,0.0,0.0,0,66,4,94,7,0.0,0.0,0.0,0.0,0.0,0.0,0.0,0.0,0.0,0.0,0.0,566,234,0.0,574,241,0.0,540,214,0.0,574,237,,,,3,,Antoni,Milambo,Milambo,Knee injury - Unknown return date,,0,0,0,0,0,0,0,0,0,0,0,0,0,,,,0.0,0.0,0.0,0.0,0.0,0,0,0
100,a,100.0,100.0,5.0,291,176,0,0,0,0,0.0,564,232,0,0,0.0,566,234,0,0,0.0,566,234,0.0,0.0,0,800,102,663,59,0.0,0.0,0.0,0.0,0.0,0.0,0.0,0.0,0.0,0.0,0.0,540,217,0.0,543,224,0.0,501,192,0.0,548,220,,,,3,,Fábio,Freitas Gouveia Carvalho,Carvalho,,,0,0,0,0,0,0,0,0,0,0,0,0,0,,,,0.0,0.0,0.0,0.0,0.0,0,0,0
102,a,,,4.9,407,246,0,0,-1,1,0.9,201,61,2,0,0.7,372,177,0,12,0.7,289,131,0.1,0.4,0,2012,191,34614,2129,0.7,0.7,0.07,0.03,0.1,2.78,0.07,0.03,0.1,2.81,5.2,268,120,13.3,159,96,7.0,168,81,2.6,228,101,,,,3,,Yehor,Yarmoliuk,Yarmoliuk,,,89,0,0,0,2,0,0,0,1,0,0,0,11,,,,0.0,0.0,2.02,0.0,11.12,3,2,6
103,i,0.0,0.0,5.0,260,160,0,0,0,0,0.0,565,233,0,0,0.0,555,229,0,0,0.0,555,229,0.0,0.0,0,348,4,1054,152,0.0,0.0,0.0,0.0,0.0,0.0,0.0,0.0,0.0,0.0,0.0,527,211,0.0,530,219,0.0,486,185,0.0,536,215,,,,3,,Josh,Dasilva,Dasilva,Hamstring injury - Expected back 10 Oct,,0,0,0,0,0,0,0,0,0,0,0,0,0,,,,0.0,0.0,0.0,0.0,0.0,0,0,0
105,a,,,6.0,73,49,0,0,0,0,0.2,361,133,4,1,1.3,254,116,0,16,1.3,226,104,0.2,0.7,0,3724,122,6138,396,1.3,1.3,0.19,0.42,0.61,1.55,0.13,0.3,0.43,1.09,13.8,214,86,60.8,19,17,16.0,109,58,9.1,78,44,,,,3,,Jaidon,Anthony,Anthony,,,128,0,0,1,1,0,0,0,1,0,0,1,13,,,,0.0,0.7,0.7,0.7,9.14,2,0,11
106,a,,,8.0,9,3,0,0,0,0,13.2,32,6,4,2,1.3,256,31,0,8,1.3,232,27,0.2,0.5,0,167583,3753,506312,52357,1.3,1.3,2.3,0.1,2.4,3.67,0.79,0.03,0.82,1.26,4.6,279,26,10.2,186,23,63.0,19,9,7.8,105,15,,,1.0,3,,Igor Thiago,Nascimento Rodrigues,Thiago,,,262,0,0,1,2,0,0,1,0,0,0,3,15,,,,0.0,0.34,0.69,1.03,5.15,2,4,9
107,a,,,4.5,547,74,0,0,0,0,1.1,186,28,0,0,0.0,507,53,0,0,0.0,507,53,0.0,0.0,0,39127,3656,24055,1827,0.0,0.0,0.0,0.0,0.0,0.0,0.0,0.0,0.0,0.0,0.0,471,44,0.0,472,49,0.0,416,46,0.0,481,49,,,,3,,Kaye,Furo,Furo,,,0,0,0,0,0,0,0,0,0,0,0,0,0,,,,0.0,0.0,0.0,0.0,0.0,0,0,0
108,a,,,5.5,122,31,0,0,0,0,0.4,277,48,3,1,1.0,337,36,0,9,1.0,256,29,0.2,0.5,0,10461,550,13003,911,1.0,1.0,0.07,0.04,0.11,0.15,0.48,0.28,0.76,1.04,2.2,308,33,10.4,185,22,12.0,131,24,2.5,234,25,,,,3,,Callum,Wilson,Wilson,,,13,0,0,0,0,0,0,0,0,0,0,0,2,,,,0.0,0.0,0.0,0.0,13.85,0,1,1
565,a,,,5.7,118,77,0,0,2,-2,15.2,28,10,18,0,6.0,41,19,3,57,6.0,30,13,1.1,3.2,0,1118315,35085,189276,35864,6.0,6.0,0.41,0.37,0.78,2.28,0.18,0.16,0.34,0.98,56.0,41,19,47.1,36,29,32.0,59,34,13.5,33,26,,,,3,,Mamadou,Sangaré,M.Sangaré,,,210,0,2,1,1,0,0,0,1,0,0,3,32,,,,0.0,0.43,0.43,1.29,13.71,7,10,15
620,a,,,4.5,555,148,0,0,0,0,0.1,432,152,0,0,0.0,514,193,0,0,0.0,514,193,0.0,0.0,0,10571,429,3442,423,0.0,0.0,0.0,0.0,0.0,0.0,0.0,0.0,0.0,0.0,0.0,478,188,0.0,479,189,0.0,423,179,0.0,488,188,,,,3,,El Hadji Malick,Diouf,Diouf,,,0,0,0,0,0,0,0,0,0,0,0,0,0,,,,0.0,0.0,0.0,0.0,0.0,0,0,0
109,a,,,4.5,507,43,0,0,0,0,22.1,12,2,9,3,3.0,123,11,0,41,3.0,106,11,0.7,2.0,0,382061,26357,224259,21881,3.0,3.0,0.0,0.2,0.2,5.71,0.0,0.07,0.07,1.9,16.8,197,21,0.0,437,45,0.0,379,44,1.7,269,21,,,,3,,Bart,Verbruggen,Verbruggen,,,270,0,0,1,5,0,0,0,0,0,4,3,0,,,,1.33,0.33,1.67,1.0,0.0,0,0,23
111,a,,,4.0,578,51,0,0,0,0,4.2,85,13,0,0,0.0,385,25,0,0,0.0,385,25,0.0,0.0,0,80642,7835,51689,3386,0.0,0.0,0.0,0.0,0.0,0.0,0.0,0.0,0.0,0.0,0.0,342,25,0.0,332,4,0.0,254,3,0.0,351,25,,,,3,,Jason,Steele,Steele,,,0,0,0,0,0,0,0,0,0,0,0,0,0,,,,0.0,0.0,0.0,0.0,0.0,0,0,0
113,a,100.0,100.0,4.4,571,155,0,0,-1,1,1.9,131,54,2,2,1.0,267,98,0,4,0.7,275,95,0.2,0.5,0,16402,1098,87429,3392,0.7,0.7,0.08,0.02,0.1,5.33,0.04,0.01,0.05,2.87,2.8,302,114,16.7,138,42,8.0,158,53,2.8,222,86,3.0,,,3,,Ferdi,Kadıoğlu,F.Kadıoğlu,,,167,0,0,0,5,0,0,0,0,0,0,2,5,,,,0.0,0.0,2.69,1.08,2.69,1,4,4
114,a,,,4.5,459,100,0,0,0,0,0.3,300,111,7,2,2.3,166,65,0,44,2.3,141,57,0.5,1.6,0,10775,379,5918,364,2.3,2.3,0.05,0.48,0.53,5.71,0.02,0.16,0.18,1.9,32.0,130,58,33.9,68,16,17.0,99,28,8.3,91,29,,,,3,,Olivier,Boscagli,Boscagli,,,270,0,0,1,5,0,0,0,1,0,0,3,13,,,,0.0,0.33,1.67,1.0,4.33,1,12,10
115,a,,,4.7,421,79,0,0,2,-2,17.8,21,6,21,4,7.0,21,10,2,61,7.0,14,7,1.5,4.5,0,1443775,76936,143842,12874,7.0,7.0,1.5,0.4,1.9,5.62,0.56,0.15,0.71,2.08,49.4,60,23,69.0,14,1,48.0,35,4,16.7,19,1,2.0,4.0,,3,,Maxim,De Cuyper,De Cuyper,,,243,1,2,1,5,0,0,0,1,0,0,3,8,,,,0.0,0.37,1.85,1.11,2.96,4,4,10
116,a,,,4.5,429,82,0,0,0,0,1.3,162,65,10,5,3.3,105,41,1,40,3.3,84,32,0.7,2.2,0,35765,2096,20067,999,3.3,3.3,0.0,0.06,0.06,5.71,0.0,0.02,0.02,1.9,28.2,139,62,8.4,193,61,0.0,327,140,3.7,202,78,,3.0,,3,,Lewis,Dunk,Dunk,,,270,0,0,1,5,0,0,0,1,0,0,3,17,,,,0.0,0.33,1.67,1.0,5.67,2,15,11
117,a,,,4.5,529,140,0,0,0,0,0.0,568,193,0,0,0.0,494,188,0,0,0.0,494,188,0.0,0.0,0,471,19,559,39,0.0,0.0,0.0,0.0,0.0,0.0,0.0,0.0,0.0,0.0,0.0,457,183,0.0,459,184,0.0,401,173,0.0,467,183,,,,3,,Diego,Coppola,Coppola,,,0,0,0,0,0,0,0,0,0,0,0,0,0,,,,0.0,0.0,0.0,0.0,0.0,0,0,0
118,u,0.0,0.0,4.5,466,105,0,0,0,0,0.1,480,169,0,0,0.0,459,174,0,0,0.0,459,174,0.0,0.0,0,915,0,3294,524,0.0,0.0,0.0,0.0,0.0,0.0,0.0,0.0,0.0,0.0,0.0,420,167,0.0,416,167,0.0,352,151,0.0,430,167,,,,3,,Igor Julio,dos Santos de Paulo,Igor,Has joined Burnley permanently,,0,0,0,0,0,0,0,0,0,0,0,0,0,,,,0.0,0.0,0.0,0.0,0.0,0,0,0
119,a,,,4.5,493,126,0,0,0,0,0.0,522,181,2,1,0.7,371,129,0,13,0.7,283,102,0.2,0.4,0,717,32,739,41,0.7,0.7,0.12,0.16,0.28,0.24,0.22,0.3,0.52,0.45,8.2,244,98,2.2,239,79,18.0,95,26,2.8,224,87,,,,3,,João Pedro,Loureiro da Costa,Costinha,,,48,0,0,0,0,0,0,0,1,0,0,0,5,,,,0.0,0.0,0.0,0.0,9.38,1,4,0
120,a,,,5.0,302,53,0,0,0,0,0.1,492,173,0,0,0.0,570,205,0,0,0.0,570,205,0.0,0.0,0,1751,120,1800,129,0.0,0.0,0.0,0.0,0.0,0.0,0.0,0.0,0.0,0.0,0.0,544,204,0.0,549,204,0.0,510,198,0.0,552,204,,,,3,,Michael,Svoboda,Svoboda,,,0,0,0,0,0,0,0,0,0,0,0,0,0,,,,0.0,0.0,0.0,0.0,0.0,0,0,0
121,i,0.0,0.0,5.9,101,65,-1,1,-1,1,0.0,526,217,0,0,0.0,633,275,0,0,0.0,633,275,0.0,0.0,0,298,9,2280,92,0.0,0.0,0.0,0.0,0.0,0.0,0.0,0.0,0.0,0.0,0.0,628,273,0.0,628,273,0.0,622,268,0.0,629,273,,,,3,,Mitoma,Kaoru,Mitoma,Hamstring injury - Unknown return date,,0,0,0,0,0,0,0,0,0,0,0,0,0,,,,0.0,0.0,0.0,0.0,0.0,0,0,0
122,i,0.0,0.0,5.9,111,71,0,0,-1,1,0.0,508,208,0,0,0.0,635,277,0,0,0.0,635,277,0.0,0.0,0,236,9,5624,177,0.0,0.0,0.0,0.0,0.0,0.0,0.0,0.0,0.0,0.0,0.0,630,275,0.0,630,275,0.0,625,271,0.0,631,275,5.0,,,3,,Yankuba,Minteh,Minteh,Leg injury - Expected back 28 Nov,,0,0,0,0,0,0,0,0,0,0,0,0,0,,,,0.0,0.0,0.0,0.0,0.0,0,0,0
123,d,50.0,50.0,6.0,79,54,0,0,0,0,1.2,166,53,16,0,16.0,1,1,3,54,5.3,40,19,0.9,2.7,0,146791,340,144580,7800,2.6,2.6,1.41,0.02,1.43,0.19,2.01,0.03,2.04,0.27,72.8,12,8,13.4,158,95,59.0,24,14,14.5,26,20,,,,3,,Jack,Hinshelwood,Hinshelwood,Unspecified injury - 50% chance of playing,,63,2,0,1,0,0,0,0,0,0,0,1,3,,,,0.0,1.43,0.0,1.43,4.29,2,0,1
124,a,,,5.5,121,78,0,0,0,0,16.1,24,9,16,1,5.3,50,24,3,63,5.3,38,17,1.0,2.9,0,519697,47203,229956,16879,5.3,5.3,0.84,0.42,1.26,5.71,0.28,0.14,0.42,1.9,68.8,19,12,90.1,5,5,31.0,62,37,19.0,8,7,1.0,1.0,1.0,3,,Pascal,Groß,Groß,,,270,1,1,1,5,0,0,0,2,0,0,3,15,,,,0.0,0.33,1.67,1.0,5.0,4,4,7
125,d,75.0,75.0,5.5,162,42,0,0,0,0,0.7,226,38,5,0,5.0,58,4,0,22,1.7,202,19,0.3,0.9,0,28655,222,44529,3046,1.3,1.3,0.08,0.44,0.52,0.29,0.08,0.44,0.52,0.29,19.8,177,14,11.4,176,19,15.0,116,22,4.6,183,20,,,,3,,Georginio,Rutter,Georginio,Unspecified injury - 75% chance of playing,,90,0,1,1,0,0,0,0,0,0,0,1,7,,,,0.0,1.0,0.0,1.0,7.0,2,1,4
126,a,,,5.5,144,87,0,0,0,0,0.1,422,167,0,0,0.0,622,268,0,0,0.0,622,268,0.0,0.0,0,1858,162,3515,214,0.0,0.0,0.0,0.0,0.0,0.0,0.0,0.0,0.0,0.0,0.0,608,261,0.0,612,262,0.0,596,250,0.0,613,262,,,3.0,3,,Matt,O'Riley,O'Riley,,,0,0,0,0,0,0,0,0,0,0,0,0,0,,,,0.0,0.0,0.0,0.0,0.0,0,0,0
127,a,,,5.0,338,201,0,0,0,0,5.0,74,23,13,2,4.3,69,30,0,55,4.3,52,24,0.9,2.6,0,217494,16041,87960,10976,4.3,4.3,0.65,0.7,1.35,5.71,0.22,0.24,0.46,1.94,37.6,106,39,45.4,41,33,83.0,6,3,16.6,20,15,,5.0,,3,,Diego,Gómez Amarilla,Gomez,,,265,0,2,1,5,0,0,0,0,0,0,3,20,,,,0.0,0.34,1.7,1.02,6.79,8,5,7
128,u,0.0,0.0,5.0,348,209,0,0,0,0,0.0,641,281,0,0,0.0,590,248,0,0,0.0,590,248,0.0,0.0,0,0,0,280,13,0.0,0.0,0.0,0.0,0.0,0.0,0.0,0.0,0.0,0.0,0.0,565,233,0.0,573,240,0.0,539,213,0.0,573,236,,,,3,,Facundo,Buonanotte,Buonanotte,Has joined Elche on loan for the rest of the season,,0,0,0,0,0,0,0,0,0,0,0,0,0,,,,0.0,0.0,0.0,0.0,0.0,0,0,0
129,a,100.0,75.0,5.4,227,142,0,0,-1,1,0.4,271,91,4,2,2.0,207,93,0,26,1.3,218,100,0.2,0.7,0,4981,204,30322,1376,1.3,1.0,0.28,0.07,0.35,2.68,0.16,0.04,0.2,1.58,0.0,597,255,15.0,147,88,6.0,190,94,1.7,274,122,4.0,2.0,,3,,Yasin,Ayari,Ayari,,,153,0,0,1,1,0,0,0,1,0,0,2,7,,,,0.0,0.59,0.59,1.18,4.12,0,2,5
130,i,0.0,0.0,5.0,309,55,0,0,0,0,0.4,275,101,7,0,3.5,103,39,1,38,2.3,148,59,0.5,1.4,0,25809,19,20538,4646,0.0,0.0,0.12,0.13,0.25,3.18,0.07,0.08,0.15,1.83,37.0,110,49,35.5,60,14,10.0,148,48,8.3,93,31,,,,3,,Mats,Wieffer,Wieffer,Knee injury - Unknown return date,,156,0,0,1,4,0,0,0,0,0,0,2,15,,,,0.0,0.58,2.31,1.15,8.65,4,11,9
132,u,0.0,0.0,4.5,550,281,0,0,0,0,0.0,514,211,0,0,0.0,510,201,0,0,0.0,510,201,0.0,0.0,0,0,0,2614,106,0.0,0.0,0.0,0.0,0.0,0.0,0.0,0.0,0.0,0.0,0.0,474,179,0.0,475,188,0.0,419,146,0.0,484,184,,,,3,,Harry,Howell,Howell,Has joined Leicester City on loan for the rest of the season,,0,0,0,0,0,0,0,0,0,0,0,0,0,,,,0.0,0.0,0.0,0.0,0.0,0,0,0
133,u,0.0,0.0,5.0,353,214,0,0,0,0,0.0,649,287,0,0,0.0,593,251,0,0,0.0,593,251,0.0,0.0,0,0,0,107,5,0.0,0.0,0.0,0.0,0.0,0.0,0.0,0.0,0.0,0.0,0.0,568,236,0.0,576,243,0.0,543,217,0.0,576,239,,,,3,,Tom,Watson,Watson,Has joined Leicester City on loan for the rest of the season,,0,0,0,0,0,0,0,0,0,0,0,0,0,,,,0.0,0.0,0.0,0.0,0.0,0,0,0
134,a,,,4.5,533,274,0,0,0,0,0.3,304,106,0,0,0.0,497,195,0,0,0.0,497,195,0.0,0.0,0,5739,419,6918,379,0.0,0.0,0.0,0.0,0.0,0.0,0.0,0.0,0.0,0.0,0.0,460,173,0.0,462,182,0.0,404,140,0.0,470,178,,,,3,,Nehemiah,Oriola,Oriola,,,0,0,0,0,0,0,0,0,0,0,0,0,0,,,,0.0,0.0,0.0,0.0,0.0,0,0,0
135,a,,,4.9,420,256,-1,1,-1,1,0.1,487,195,1,0,1.0,299,128,0,3,0.3,346,158,0.1,0.2,0,979,89,2634,176,0.3,0.3,0.0,0.03,0.03,0.0,0.0,0.22,0.22,0.0,0.2,335,154,1.3,273,140,0.0,468,175,0.2,334,154,,,,3,,Zadok,Yohanna,Yohanna,,,12,0,0,0,0,0,0,0,0,0,0,0,0,,,,0.0,0.0,0.0,0.0,0.0,0,0,0
137,i,0.0,0.0,5.5,192,44,0,0,0,0,0.0,614,77,0,0,0.0,628,72,0,0,0.0,628,72,0.0,0.0,0,178,14,496,34,0.0,0.0,0.0,0.0,0.0,0.0,0.0,0.0,0.0,0.0,0.0,619,66,0.0,623,70,0.0,612,68,0.0,623,70,,,,3,,Stefanos,Tzimas,Tzimas,Knee injury - Unknown return date,,0,0,0,0,0,0,0,0,0,0,0,0,0,,,,0.0,0.0,0.0,0.0,0.0,0,0,0
138,a,,,5.5,194,45,0,0,0,0,0.5,255,43,8,2,2.7,152,17,0,25,2.7,130,12,0.5,1.5,0,33054,1937,9012,743,2.7,2.7,0.78,0.04,0.82,5.48,0.36,0.02,0.38,2.53,5.0,276,25,15.5,145,14,27.0,71,16,4.6,184,21,,,,3,,Charalampos,Kostoulas,Kostoulas,,,195,0,1,0,5,0,0,0,0,0,0,2,16,,,,0.0,0.0,2.31,0.92,7.38,2,3,11
139,i,0.0,0.0,5.0,318,57,0,0,0,0,0.0,533,71,0,0,0.0,576,61,0,0,0.0,576,61,0.0,0.0,0,945,82,1453,112,0.0,0.0,0.0,0.0,0.0,0.0,0.0,0.0,0.0,0.0,0.0,550,52,0.0,557,57,0.0,520,54,0.0,558,57,,,,3,,Evan,Ferguson,Ferguson,Ankle injury - Expected back 10 Oct,,0,0,0,0,0,0,0,0,0,0,0,0,0,,,,0.0,0.0,0.0,0.0,0.0,0,0,0
328,a,100.0,100.0,5.0,281,47,0,0,0,0,0.2,340,124,1,1,1.0,307,122,0,3,0.3,351,128,0.1,0.2,0,3151,187,6588,358,0.3,0.3,0.0,0.0,0.0,0.0,0.0,0.0,0.0,0.0,0.0,534,202,0.0,537,202,0.0,494,195,0.0,542,202,,,,3,,Pascal,Struijk,Struijk,,,1,0,0,0,0,0,0,0,0,0,0,0,0,,,,0.0,0.0,0.0,0.0,0.0,0,0,0
504,a,,,5.0,366,65,0,0,0,0,2.4,114,46,18,12,6.0,35,15,2,44,6.0,25,11,1.2,3.6,0,51433,7404,48196,3271,6.0,6.0,0.35,0.06,0.41,5.71,0.12,0.02,0.14,1.9,35.2,116,53,12.8,164,49,17.0,104,30,6.5,135,49,,,,3,,Luka,Vušković,Vuskovic,,,270,1,0,1,5,0,0,0,0,0,0,3,22,,,,0.0,0.33,1.67,1.0,7.33,3,19,9
594,a,,,6.0,80,17,0,0,0,0,0.2,316,53,1,0,0.5,382,45,0,-4,0.3,376,44,0.0,0.2,0,7462,499,10646,783,0.3,0.3,0.42,0.0,0.42,0.14,1.64,0.0,1.64,0.55,0.0,637,73,3.7,222,31,0.0,633,73,0.4,321,38,,,2.0,3,,Promise,David,David,,,23,0,0,0,0,0,0,0,1,0,0,0,0,,,,0.0,0.0,0.0,0.0,0.0,0,0,0
600,a,,,5.0,367,224,0,0,0,0,0.0,573,236,2,0,1.0,321,143,0,13,0.7,302,138,0.1,0.4,0,557,27,459,34,0.7,0.7,0.0,0.06,0.06,0.1,0.0,0.19,0.19,0.32,7.2,251,110,16.7,139,84,6.0,189,93,3.0,219,97,,,,3,,Ibrahim,Osman,Osman,,,28,0,0,0,1,0,0,0,0,0,0,0,3,,,,0.0,0.0,3.21,0.0,9.64,1,0,2
605,a,,,4.5,553,282,0,0,0,0,2.3,117,36,11,2,3.7,93,41,1,58,3.7,75,34,0.8,2.4,0,241962,29210,39182,4597,3.7,3.7,0.75,0.26,1.01,5.32,0.4,0.14,0.54,2.87,51.4,50,26,22.8,112,68,42.0,41,25,11.6,48,34,,,,3,,Malick,Yalcouyé,Yalcouyé,,,167,1,0,0,4,0,0,0,0,0,0,2,12,,,,0.0,0.0,2.16,1.08,6.47,3,4,5
614,a,,,4.5,518,136,0,0,0,0,0.0,515,178,0,0,0.0,484,185,0,0,0.0,484,185,0.0,0.0,0,2904,103,634,95,0.0,0.0,0.0,0.0,0.0,0.0,0.0,0.0,0.0,0.0,0.0,446,179,0.0,448,180,0.0,390,169,0.0,456,179,,,,3,,Jaouen,Hadjam,Hadjam,,,0,0,0,0,0,0,0,0,0,0,0,0,0,,,,0.0,0.0,0.0,0.0,0.0,0,0,0
624,u,0.0,0.0,5.0,342,205,0,0,0,0,0.0,651,289,0,0,0.0,587,245,0,0,0.0,587,245,0.0,0.0,0,117,0,75,19,0.0,0.0,0.0,0.0,0.0,0.0,0.0,0.0,0.0,0.0,0.0,562,230,0.0,570,237,0.0,536,210,0.0,570,233,,,,3,,Amario,Cozier-Duberry,Cozier-Duberry,Has joined Middlesbrough on loan for the rest of the season,,0,0,0,0,0,0,0,0,0,0,0,0,0,,,,0.0,0.0,0.0,0.0,0.0,0,0,0
639,a,,,5.5,191,118,0,0,0,0,0.0,625,269,0,0,0.0,627,273,0,0,0.0,627,273,0.0,0.0,0,367,106,65,23,2.0,2.0,0.0,0.0,0.0,0.0,0.0,0.0,0.0,0.0,0.0,618,270,0.0,622,271,0.0,611,263,0.0,622,270,,,,3,,José María,Andrés Baixauli,Andrés,,,0,0,0,0,0,0,0,0,0,0,0,0,0,,,,0.0,0.0,0.0,0.0,0.0,0,0,0
652,i,0.0,0.0,5.5,166,100,0,0,0,0,0.0,637,278,0,0,0.0,624,270,0,0,0.0,624,270,0.0,0.0,0,292,44,47,13,0.0,0.0,0.0,0.0,0.0,0.0,0.0,0.0,0.0,0.0,0.0,612,264,0.0,616,265,0.0,604,257,0.0,617,265,,,,3,,Femi,Azeez,Azeez,Unspecified injury - Expected back 13 Sep,,0,0,0,0,0,0,0,0,0,0,0,0,0,,,,0.0,0.0,0.0,0.0,0.0,0,0,0
28,a,,,5.0,244,7,0,0,0,0,4.6,79,11,2,0,2.0,195,18,0,18,0.7,292,21,0.1,0.4,0,112973,15209,125954,5777,0.7,0.7,0.0,0.01,0.01,1.41,0.0,0.01,0.01,1.41,36.2,113,12,20.0,126,1,0.0,473,57,5.6,151,8,,,,3,,Emiliano,Martínez Romero,Martinez,,,90,0,0,0,3,0,0,0,0,0,4,1,0,,,,4.0,0.0,3.0,1.0,0.0,0,1,13
40,a,,,7.5,17,10,0,0,0,0,25.2,11,5,13,0,6.5,29,12,1,65,4.3,61,29,0.6,1.7,0,544161,80760,413814,20081,4.3,4.3,1.1,1.11,2.21,2.65,0.58,0.58,1.16,1.39,75.6,9,6,100.0,2,2,52.0,31,20,22.7,5,4,4.0,,,3,,Morgan,Rogers,Rogers,,,171,1,1,0,5,0,0,0,0,0,0,2,12,,,,0.0,0.0,2.63,1.05,6.32,3,1,8
101,d,75.0,75.0,5.0,238,149,0,0,0,0,0.0,532,219,0,0,0.0,546,223,0,0,0.0,546,223,0.0,0.0,0,465,42,1552,95,0.0,0.0,0.0,0.0,0.0,0.0,0.0,0.0,0.0,0.0,0.0,515,204,0.0,517,213,0.0,469,176,0.0,525,209,,,,3,,Jordan,Henderson,Henderson,Wrist injury - 75% chance of playing,,0,0,0,0,0,0,0,0,0,0,0,0,0,,,,0.0,0.0,0.0,0.0,0.0,0,0,0
136,a,100.0,100.0,5.9,86,21,0,0,-1,1,0.8,210,34,0,0,0.0,631,74,0,0,0.0,631,74,0.0,0.0,0,12397,1388,48839,2038,0.0,0.0,0.0,0.0,0.0,0.0,0.0,0.0,0.0,0.0,0.0,622,68,0.0,626,72,0.0,616,70,0.0,626,72,,,,3,,Danny,Welbeck,Welbeck,,,0,0,0,0,0,0,0,0,0,0,0,0,0,,,,0.0,0.0,0.0,0.0,0.0,0,0,0
140,u,0.0,0.0,4.9,387,19,0,0,-1,1,1.2,169,24,2,0,2.0,194,17,0,6,0.7,287,20,0.1,0.4,0,10847,0,123004,11451,0.0,0.0,0.0,0.01,0.01,1.33,0.0,0.01,0.01,1.33,21.4,172,18,0.0,497,53,0.0,444,52,2.1,252,18,,,,3,,Robert,Lynch Sánchez,Sánchez,Has joined Como on loan for the rest of the season,,90,0,0,0,2,0,0,0,0,0,4,1,0,,,,4.0,0.0,2.0,1.0,0.0,0,1,5
141,u,0.0,0.0,5.0,336,17,0,0,0,0,0.0,603,70,0,0,0.0,586,71,0,0,0.0,586,71,0.0,0.0,0,0,0,795,24,0.0,0.0,0.0,0.0,0.0,0.0,0.0,0.0,0.0,0.0,0.0,561,71,0.0,569,67,0.0,534,67,0.0,569,71,,,,3,,Filip,Jörgensen,Jörgensen,Has joined RC Strasbourg on loan for the rest of the season,,0,0,0,0,0,0,0,0,0,0,0,0,0,,,,0.0,0.0,0.0,0.0,0.0,0,0,0
142,a,,,5.4,205,28,-1,1,-1,1,8.0,54,21,1,0,0.5,379,133,0,4,0.3,362,131,0.1,0.2,0,94115,4551,306137,13657,0.3,0.3,0.1,0.07,0.17,1.47,0.08,0.06,0.14,1.18,23.8,161,73,17.2,135,40,21.0,84,20,6.2,141,53,1.0,1.0,,3,,Reece,James,James,,,112,0,0,0,3,0,0,0,1,0,0,1,6,,,,0.0,0.0,2.41,0.8,4.82,0,6,5
143,u,0.0,0.0,5.5,132,14,0,0,0,0,0.1,435,154,0,0,0.0,619,212,0,0,0.0,619,212,0.0,0.0,0,0,0,11878,291,0.0,0.0,0.0,0.0,0.0,0.0,0.0,0.0,0.0,0.0,0.0,605,212,0.0,608,212,0.0,590,210,0.0,610,212,,,,3,,Trevoh,Chalobah,Chalobah,Has joined Como permanently,,0,0,0,0,0,0,0,0,0,0,0,0,0,,,,0.0,0.0,0.0,0.0,0.0,0,0,0
144,a,,,5.0,314,56,0,0,0,0,1.1,178,70,2,0,1.0,310,123,0,1,0.7,297,109,0.1,0.4,0,24818,1567,34093,1625,0.7,0.7,0.0,0.04,0.04,2.52,0.0,0.02,0.02,1.37,15.0,207,88,10.5,183,59,6.0,187,65,3.2,213,83,,,,3,,Malo,Gusto,Gusto,,,165,0,0,0,5,0,0,0,0,0,0,2,8,,,,0.0,0.0,2.73,1.09,4.36,2,6,7
145,a,100.0,100.0,5.0,297,52,0,0,0,0,0.1,461,162,0,0,0.0,567,204,0,-2,0.0,567,204,0.0,0.0,0,3844,452,1648,159,0.0,0.0,0.0,0.01,0.01,1.26,0.0,0.01,0.01,1.69,19.4,179,78,0.9,285,104,0.0,505,197,2.0,258,95,,,,3,,Wesley,Fofana,Fofana,,,67,0,0,0,2,0,0,0,1,0,0,1,9,,,,0.0,0.0,2.69,1.34,12.09,0,9,0
146,u,0.0,0.0,4.5,477,113,0,0,0,0,0.0,587,199,0,0,0.0,463,176,0,0,0.0,463,176,0.0,0.0,0,232,0,1579,60,0.0,0.0,0.0,0.0,0.0,0.0,0.0,0.0,0.0,0.0,0.0,424,169,0.0,421,169,0.0,358,154,0.0,434,169,,,,3,,Benoît,Badiashile Mukinayi,B.Badiashile,Has joined Napoli on loan for the rest of the season,,0,0,0,0,0,0,0,0,0,0,0,0,0,,,,0.0,0.0,0.0,0.0,0.0,0,0,0
148,a,,,4.5,530,141,0,0,0,0,0.7,236,86,5,0,2.5,155,60,0,17,1.7,190,71,0.4,1.1,0,31762,4888,16124,1213,1.7,1.7,0.01,0.09,0.1,2.46,0.01,0.05,0.06,1.44,38.4,98,45,33.0,72,20,11.0,138,46,8.3,92,30,,,,3,,Jorrel,Hato,Hato,,,154,0,1,0,5,0,0,0,0,0,0,2,9,,,,0.0,0.0,2.92,1.17,5.26,4,5,5
149,a,,,4.9,401,73,-1,1,-1,1,1.2,168,68,1,0,0.5,376,131,0,8,0.3,341,123,0.1,0.2,0,19748,1457,53891,2514,0.3,0.3,0.01,0.03,0.04,2.64,0.01,0.02,0.03,1.48,19.2,180,79,2.0,248,84,7.0,166,58,2.9,220,85,,,,3,,Levi,Samuels Colwill,Colwill,,,161,0,0,0,4,0,0,0,1,0,0,2,13,,,,0.0,0.0,2.24,1.12,7.27,3,10,5
150,u,0.0,0.0,4.5,539,143,0,0,0,0,0.0,510,177,0,0,0.0,502,190,0,0,0.0,502,190,0.0,0.0,0,429,0,4516,218,0.0,0.0,0.0,0.0,0.0,0.0,0.0,0.0,0.0,0.0,0.0,466,185,0.0,467,186,0.0,410,175,0.0,476,185,,,,3,,Mamadou,Sarr,M.Sarr,Has joined Real Sociedad on loan for the rest of the season,,0,0,0,0,0,0,0,0,0,0,0,0,0,,,,0.0,0.0,0.0,0.0,0.0,0,0,0
151,a,,,4.5,542,145,0,0,0,0,0.4,276,102,4,0,2.0,192,75,0,12,1.3,212,79,0.3,0.9,0,13339,482,10458,543,1.3,1.3,0.0,0.01,0.01,1.47,0.0,0.01,0.01,1.18,39.4,96,44,2.3,237,77,2.0,223,84,4.3,187,70,,,,3,,Josh,Acheampong,Acheampong,,,112,0,0,0,3,0,0,0,0,0,0,1,18,,,,0.0,0.0,2.41,0.8,14.46,6,12,6
152,d,75.0,75.0,5.4,235,33,0,0,-1,1,1.2,165,66,0,0,0.0,617,211,0,0,0.0,617,211,0.0,0.0,0,5963,182,154862,4922,0.0,0.0,0.0,0.0,0.0,0.0,0.0,0.0,0.0,0.0,0.0,602,211,0.0,604,211,0.0,584,209,0.0,608,211,,,,3,,Marco,Palestra,Palestra,Unspecified injury - 75% chance of playing,,0,0,0,0,0,0,0,0,0,0,0,0,0,,,,0.0,0.0,0.0,0.0,0.0,0,0,0
154,a,100.0,100.0,9.6,3,2,0,0,1,-1,19.9,13,6,20,0,10.0,6,4,3,88,6.7,22,8,0.7,2.1,0,862620,97846,234162,9402,6.7,6.7,0.94,0.32,1.26,2.65,0.49,0.17,0.66,1.39,106.0,3,3,66.6,15,14,80.0,9,5,25.3,3,3,,3.0,1.0,3,,Cole,Palmer,Palmer,,,172,2,1,0,5,0,0,0,0,0,0,2,17,,,,0.0,0.0,2.62,1.05,8.9,4,2,11
156,a,,,6.5,37,25,0,0,0,0,1.3,161,50,8,0,4.0,89,38,0,41,2.7,132,56,0.4,1.2,0,30797,3284,44650,1709,2.7,2.7,0.44,0.4,0.84,1.48,0.49,0.44,0.93,1.64,50.4,53,27,29.7,83,51,42.0,43,26,12.2,42,31,2.0,4.0,,3,,Pedro,Lomba Neto,Neto,,,81,1,0,0,2,0,0,0,0,0,0,1,8,,,,0.0,0.0,2.22,1.11,8.89,1,3,4
157,a,,,6.4,53,37,0,0,-1,1,0.8,211,67,1,0,1.0,363,172,0,3,0.3,380,179,0.0,0.2,0,9560,510,60929,2393,0.3,0.3,0.0,0.0,0.0,0.09,0.0,0.0,0.0,1.16,0.2,339,158,0.4,312,157,0.0,641,282,0.1,348,163,5.0,,3.0,3,,Estêvão,Almeida de Oliveira Gonçalves,Estêvão,,,7,0,0,0,0,0,0,0,0,0,0,0,1,,,,0.0,0.0,0.0,0.0,12.86,0,0,1
158,a,,,5.9,102,66,0,0,-1,1,0.0,542,221,0,0,0.0,634,276,0,0,0.0,634,276,0.0,0.0,0,579,48,1824,76,0.0,0.0,0.0,0.0,0.0,0.0,0.0,0.0,0.0,0.0,0.0,629,274,0.0,629,274,0.0,623,269,0.0,630,274,,,,3,,Jamie,Bynoe-Gittens,Gittens,,,0,0,0,0,0,0,0,0,0,0,0,0,0,,,,0.0,0.0,0.0,0.0,0.0,0,0,0
159,d,75.0,75.0,5.4,223,138,0,0,-1,1,1.9,132,41,1,0,1.0,331,150,0,3,0.3,366,169,0.1,0.2,0,13129,417,197526,7052,0.2,0.2,0.0,0.0,0.0,0.07,0.0,0.0,0.0,0.48,0.0,593,251,0.1,329,167,0.0,576,238,0.0,600,253,,,,3,,Moisés,Caicedo Corozo,Caicedo,Unspecified injury - 75% chance of playing,,13,0,0,0,0,0,0,0,0,0,0,0,0,,,,0.0,0.0,0.0,0.0,0.0,0,0,0
161,a,,,5.0,339,202,0,0,0,0,0.2,339,124,8,0,4.0,81,35,0,40,2.7,122,49,0.5,1.6,0,16329,1432,5115,438,2.7,2.7,0.75,0.03,0.78,2.31,0.52,0.02,0.54,1.59,52.6,48,24,22.7,114,70,66.0,15,9,14.2,28,22,,,,3,,Roméo,Lavia,Lavia,,,131,1,0,0,4,0,0,0,1,0,0,2,16,,,,0.0,0.0,2.75,1.37,10.99,4,5,7
163,u,0.0,0.0,4.5,509,267,0,0,0,0,0.1,368,138,0,0,0.0,475,188,0,0,0.0,475,188,0.0,0.0,0,2698,0,8501,1021,0.0,0.0,0.0,0.0,0.0,0.0,0.0,0.0,0.0,0.0,0.0,437,166,0.0,439,175,0.0,381,133,0.0,447,171,,,,3,,Dário,Luís Essugo,D.Essugo,Has joined RC Strasbourg on loan for the rest of the season,,0,0,0,0,0,0,0,0,0,0,0,0,0,,,,0.0,0.0,0.0,0.0,0.0,0,0,0
164,a,100.0,100.0,5.4,233,147,0,0,-1,1,0.0,521,215,1,0,1.0,336,154,0,2,0.3,370,172,0.1,0.2,0,569,46,2121,105,0.3,0.3,0.0,0.0,0.0,0.09,0.0,0.0,0.0,1.01,1.2,325,147,0.3,317,161,2.0,240,116,0.4,319,146,,,,3,,Geovany,Quenda,Quenda,,,8,0,0,0,0,0,0,0,0,0,0,0,1,,,,0.0,0.0,0.0,0.0,11.25,0,1,0
165,a,,,7.7,15,5,0,0,2,-2,71.6,1,1,20,0,10.0,4,1,4,89,6.7,20,3,0.9,2.6,0,915734,64018,230844,11908,6.7,6.7,1.86,0.1,1.96,2.74,0.93,0.05,0.98,1.37,104.0,4,1,45.5,40,1,83.0,7,4,23.2,4,1,,,,3,,João Pedro,Junqueira de Jesus,João Pedro,,,180,2,2,0,5,1,0,0,0,0,0,2,6,,,,0.0,0.0,2.5,1.0,3.0,1,1,4
168,u,0.0,0.0,5.0,330,58,0,0,0,0,0.3,294,49,0,0,0.0,583,62,0,0,0.0,583,62,0.0,0.0,0,4102,0,21128,2195,0.0,0.0,0.0,0.0,0.0,0.0,0.0,0.0,0.0,0.0,0.0,558,53,0.0,566,58,0.0,531,55,0.0,566,58,,,,3,,Marc,Guiu Paz,Marc Guiu,Has joined RB Leipzig permanently,,0,0,0,0,0,0,0,0,0,0,0,0,0,,,,0.0,0.0,0.0,0.0,0.0,0,0,0
169,a,,,4.5,536,73,0,0,0,0,0.4,272,47,0,0,0.0,499,52,0,0,0.0,499,52,0.0,0.0,0,12981,1613,11010,843,0.0,0.0,0.0,0.0,0.0,0.0,0.0,0.0,0.0,0.0,0.0,463,43,0.0,464,48,0.0,407,45,0.0,473,48,,,,3,,Shumaira,Mheuka,Mheuka,,,0,0,0,0,0,0,0,0,0,0,0,0,0,,,,0.0,0.0,0.0,0.0,0.0,0,0,0
170,a,100.0,100.0,5.0,335,59,0,0,0,0,0.2,360,55,0,0,0.0,585,63,0,0,0.0,585,63,0.0,0.0,0,4784,625,6012,430,0.0,0.0,0.0,0.0,0.0,0.0,0.0,0.0,0.0,0.0,0.0,560,54,0.0,568,59,0.0,533,56,0.0,568,59,,,,3,,Emmanuel,Emegha,Emegha,,,0,0,0,0,0,0,0,0,0,0,0,0,0,,,,0.0,0.0,0.0,0.0,0.0,0,0,0
200,a,,,6.0,71,7,0,0,0,0,8.3,51,19,7,0,3.5,104,40,0,22,2.3,157,61,0.4,1.2,0,103633,7232,205036,10019,2.3,2.3,0.02,0.2,0.22,2.74,0.01,0.1,0.11,1.37,57.2,38,13,11.3,177,56,8.0,162,55,7.6,110,38,,,,3,,Maxence,Lacroix,Lacroix,,,180,0,1,0,5,0,0,0,0,0,0,2,21,,,,0.0,0.0,2.5,1.0,10.5,6,15,3
560,a,,,4.5,528,47,0,0,0,0,0.1,477,54,0,0,0.0,493,63,0,0,0.0,493,63,0.0,0.0,0,808,50,2013,116,0.0,0.0,0.0,0.0,0.0,0.0,0.0,0.0,0.0,0.0,0.0,456,63,0.0,458,49,0.0,400,48,0.0,466,63,,,,3,,Mike,Penders,Penders,,,0,0,0,0,0,0,0,0,0,0,0,0,0,,,,0.0,0.0,0.0,0.0,0.0,0,0,0
561,a,100.0,100.0,4.5,559,150,0,0,0,0,0.0,569,194,0,0,0.0,516,194,0,0,0.0,516,194,0.0,0.0,0,389,42,745,25,0.0,0.0,0.0,0.0,0.0,0.0,0.0,0.0,0.0,0.0,0.0,481,189,0.0,481,190,0.0,426,181,0.0,490,189,,,,3,,Aaron,Anselmino,Anselmino,,,0,0,0,0,0,0,0,0,0,0,0,0,0,,,,0.0,0.0,0.0,0.0,0.0,0,0,0
568,a,,,5.5,180,111,0,0,0,0,0.1,393,148,1,0,1.0,345,159,0,1,0.3,371,173,0.1,0.2,0,1717,134,3908,174,0.3,0.3,0.04,0.0,0.04,0.07,0.45,0.0,0.45,0.79,0.0,615,267,0.0,619,268,4.0,204,98,0.2,336,156,,,,3,,Valentín,Barco,Barco,,,8,0,0,0,1,0,0,0,0,0,0,0,1,,,,0.0,0.0,11.25,0.0,11.25,0,1,0
583,a,,,4.9,405,75,-1,1,-1,1,0.2,351,129,2,0,1.0,292,116,0,4,0.7,288,105,0.1,0.4,0,1849,104,6941,306,0.7,0.7,0.0,0.02,0.02,0.37,0.0,0.04,0.04,0.77,8.8,239,97,0.5,307,115,2.0,225,85,1.2,287,104,,,,3,,Pep,Chavarría,Chavarria,,,43,0,0,0,1,0,0,0,0,0,0,0,4,,,,0.0,0.0,2.09,0.0,8.37,1,3,2
91,a,,,4.5,472,110,0,0,0,0,0.1,470,167,4,3,2.0,188,73,0,2,1.3,210,77,0.3,0.9,0,1184,105,2393,106,1.3,1.3,0.11,0.0,0.11,2.66,0.1,0.0,0.1,2.35,3.8,291,108,0.7,295,108,0.0,354,152,0.5,310,111,,,,3,,Ethan,Pinnock,Pinnock,,,102,0,0,0,2,0,0,0,1,0,0,1,15,,,,0.0,0.0,1.76,0.88,13.24,1,14,2
104,a,,,5.0,293,177,0,0,0,0,0.1,405,156,4,2,2.0,199,86,0,13,1.3,215,97,0.3,0.8,0,2886,51,6041,236,1.3,1.3,0.0,0.01,0.01,3.05,0.0,0.01,0.01,1.81,3.6,296,134,1.6,264,138,0.0,502,193,0.5,311,142,,,,3,,Frank,Onyeka,Onyeka,,,152,0,0,0,4,0,0,0,0,0,0,2,12,,,,0.0,0.0,2.37,1.18,7.11,2,3,7
110,a,,,4.5,501,41,0,0,0,0,1.0,194,30,5,2,1.7,223,19,0,23,1.7,189,17,0.4,1.1,0,15599,730,26384,2759,1.7,1.7,0.0,0.01,0.01,4.72,0.0,0.0,0.0,1.57,24.8,153,17,0.0,434,43,0.0,376,42,2.5,231,17,,,,3,,Carl,Rushworth,Rushworth,,,270,0,0,0,5,0,0,0,0,0,5,3,0,,,,1.67,0.0,1.67,1.0,0.0,0,3,29
171,u,0.0,0.0,4.0,622,68,0,0,0,0,1.3,158,23,0,0,0.0,414,42,0,0,0.0,414,42,0.0,0.0,0,8924,0,28256,3550,0.0,0.0,0.0,0.0,0.0,0.0,0.0,0.0,0.0,0.0,0.0,371,42,0.0,363,21,0.0,288,20,0.0,381,42,,,,3,,Oliver,Dovin,Dovin,Has joined Leyton Orient on loan for the rest of the season,,0,0,0,0,0,0,0,0,0,0,0,0,0,,,,0.0,0.0,0.0,0.0,0.0,0,0,0
172,a,,,4.5,437,29,0,0,0,0,0.4,274,36,0,0,0.0,446,50,0,0,0.0,446,50,0.0,0.0,0,541,49,7973,326,0.0,0.0,0.0,0.0,0.0,0.0,0.0,0.0,0.0,0.0,0.0,405,50,0.0,399,31,0.0,333,30,0.0,415,50,,,,3,,Ben,Wilson,Wilson,,,0,0,0,0,0,0,0,0,0,0,0,0,0,,,,0.0,0.0,0.0,0.0,0.0,0,0,0
173,a,,,4.0,618,184,0,0,0,0,8.6,50,18,15,4,5.0,52,21,2,58,5.0,41,18,1.2,3.8,0,169583,17364,102499,8942,5.0,5.0,0.24,0.19,0.43,4.18,0.08,0.07,0.15,1.46,40.2,89,40,11.9,172,53,1.0,248,91,5.3,159,59,,,,3,,Bobby,Thomas,Thomas,,,257,0,0,1,4,0,0,0,0,0,0,3,31,,,,0.0,0.35,1.4,1.05,10.86,2,29,11
174,u,0.0,0.0,4.0,611,179,0,0,0,0,0.5,251,96,0,0,0.0,407,143,0,0,0.0,407,143,0.0,0.0,0,981,0,17313,2090,0.0,0.0,0.0,0.0,0.0,0.0,0.0,0.0,0.0,0.0,0.0,364,133,0.0,356,131,0.0,280,104,0.0,374,133,,,,3,,Liam,Kitching,Kitching,Has joined Sheffield United on loan for the rest of the season,,0,0,0,0,0,0,0,0,0,0,0,0,0,,,,0.0,0.0,0.0,0.0,0.0,0,0,0
175,a,,,4.0,616,182,0,0,0,0,11.6,33,11,6,3,2.0,181,68,0,12,2.0,158,62,0.5,1.5,0,81462,5299,190183,18358,2.0,2.0,0.0,0.26,0.26,4.72,0.0,0.09,0.09,1.57,26.0,148,66,35.9,58,13,8.0,157,52,7.0,123,44,,,,3,,Milan,van Ewijk,van Ewijk,,,270,0,0,0,5,0,0,0,1,0,0,3,20,,,,0.0,0.0,1.67,1.0,6.67,5,15,10
176,a,,,4.0,596,167,0,0,0,0,0.8,221,81,5,2,1.7,222,81,0,21,1.7,187,69,0.4,1.2,0,6261,373,11825,585,1.7,1.7,0.18,0.15,0.33,4.72,0.06,0.05,0.11,1.61,29.0,136,61,11.1,178,57,17.0,98,27,5.8,148,56,,,,3,,Jay,Dasilva,Dasilva,,,264,0,0,0,5,0,0,0,0,0,0,3,16,,,,0.0,0.0,1.7,1.02,5.45,4,12,7
177,i,0.0,0.0,4.0,620,185,0,0,0,0,0.0,502,175,0,0,0.0,412,145,0,0,0.0,412,145,0.0,0.0,0,317,18,2125,113,0.0,0.0,0.0,0.0,0.0,0.0,0.0,0.0,0.0,0.0,0.0,369,135,0.0,361,133,0.0,286,107,0.0,379,135,,,,3,,Kaine,Kesler-Hayden,Kesler-Hayden,Hamstring injury - Unknown return date,,0,0,0,0,0,0,0,0,0,0,0,0,0,,,,0.0,0.0,0.0,0.0,0.0,0,0,0
178,a,,,4.0,582,160,0,0,0,0,0.1,450,159,0,0,0.0,389,135,0,0,0.0,389,135,0.0,0.0,0,1292,123,1834,112,0.0,0.0,0.0,0.0,0.0,0.0,0.0,0.0,0.0,0.0,0.0,346,125,0.0,336,121,0.0,258,92,0.0,355,124,,,,3,,Jake,Bidwell,Bidwell,,,0,0,0,0,0,0,0,0,0,0,0,0,0,,,,0.0,0.0,0.0,0.0,0.0,0,0,0
179,a,,,4.0,600,171,0,0,0,0,0.0,519,179,0,0,0.0,400,139,0,0,0.0,400,139,0.0,0.0,0,527,48,950,50,0.0,0.0,0.0,0.0,0.0,0.0,0.0,0.0,0.0,0.0,0.0,357,129,0.0,349,127,0.0,273,100,0.0,367,129,,,,3,,Joel,Latibeaudiere,Latibeaudiere,,,0,0,0,0,0,0,0,0,0,0,0,0,0,,,,0.0,0.0,0.0,0.0,0.0,0,0,0
180,i,0.0,0.0,4.0,605,175,0,0,0,0,0.1,381,140,0,0,0.0,403,141,0,0,0.0,403,141,0.0,0.0,0,1674,69,5728,319,0.0,0.0,0.0,0.0,0.0,0.0,0.0,0.0,0.0,0.0,0.0,360,131,0.0,352,129,0.0,276,102,0.0,370,131,,,,3,,Luke,Woolfenden,Woolfenden,Knee injury - Unknown return date,,0,0,0,0,0,0,0,0,0,0,0,0,0,,,,0.0,0.0,0.0,0.0,0.0,0,0,0
181,u,0.0,0.0,4.0,642,204,0,0,0,0,0.0,538,186,0,0,0.0,430,160,0,0,0.0,430,160,0.0,0.0,0,275,0,1387,74,0.0,0.0,0.0,0.0,0.0,0.0,0.0,0.0,0.0,0.0,0.0,388,151,0.0,380,149,0.0,307,125,0.0,398,151,,,,3,,Miguel,Brau,Brau,Has joined Academico de Viseu on loan for the rest of the season,,0,0,0,0,0,0,0,0,0,0,0,0,0,,,,0.0,0.0,0.0,0.0,0.0,0,0,0
182,a,,,4.0,632,194,0,0,0,0,0.8,217,80,4,2,1.3,246,85,0,9,1.3,207,74,0.3,1.0,0,7020,568,13290,702,1.3,1.3,0.02,0.39,0.41,4.72,0.01,0.13,0.14,1.57,40.2,90,41,2.9,229,72,5.0,192,66,4.9,173,64,,,,3,,Aurèle,Amenda,Amenda,,,270,0,0,0,5,0,0,0,1,0,0,3,16,,,,0.0,0.0,1.67,1.0,5.33,1,15,11
183,a,100.0,100.0,5.0,313,187,0,0,0,0,0.1,409,158,6,2,2.0,201,88,0,24,2.0,171,75,0.4,1.2,0,2083,127,4094,226,2.0,2.0,0.5,0.18,0.68,1.48,0.3,0.11,0.41,0.88,12.4,223,92,31.5,76,49,21.0,83,46,6.5,133,68,4.0,1.0,,3,,Jack,Rudoni,Rudoni,,,152,0,0,1,1,0,0,0,0,0,0,2,16,,,,0.0,0.59,0.59,1.18,9.47,3,3,10
184,a,,,5.0,255,158,0,0,0,0,0.2,357,132,6,2,2.0,197,84,0,36,2.0,167,71,0.4,1.2,0,2852,81,5962,422,2.0,2.0,0.05,0.05,0.1,4.72,0.02,0.02,0.04,1.57,27.6,144,52,24.6,107,64,2.0,227,108,5.4,157,74,1.0,,3.0,3,,Matt,Grimes,Grimes,,,270,0,0,0,5,0,0,0,0,0,0,3,25,,,,0.0,0.0,1.67,1.0,8.33,5,8,12
185,a,,,4.9,406,245,0,0,-1,1,0.1,452,180,1,0,1.0,293,123,0,8,0.3,342,155,0.1,0.2,0,613,72,3357,159,0.3,0.3,0.02,0.02,0.04,0.69,0.06,0.06,0.12,2.0,6.2,259,116,5.9,202,111,7.0,167,80,1.9,261,117,,,,3,,Tatsuhiro,Sakamoto,Sakamoto,,,31,0,0,0,1,0,0,0,0,0,0,0,4,,,,0.0,0.0,2.9,0.0,11.61,2,0,2
186,a,100.0,100.0,5.4,208,129,0,0,-1,1,0.1,427,170,3,2,1.5,241,110,0,8,1.0,254,116,0.2,0.6,0,749,32,3823,157,1.0,1.0,0.0,0.06,0.06,1.19,0.0,0.04,0.04,0.84,4.2,284,131,16.0,143,85,0.0,567,233,2.0,259,116,,,,3,,Ephron,Mason-Clark,Mason-Clark,,,127,0,0,0,1,0,0,0,0,0,0,2,9,,,,0.0,0.0,0.71,1.42,6.38,0,4,5
187,a,,,4.9,397,242,0,0,-1,1,0.0,581,241,0,0,0.0,536,216,0,0,0.0,536,216,0.0,0.0,0,522,19,729,26,0.0,0.0,0.0,0.0,0.0,0.0,0.0,0.0,0.0,0.0,0.0,503,196,0.0,504,204,0.0,452,164,0.0,513,201,,,,3,,Josh,Eccles,Eccles,,,0,0,0,0,0,0,0,0,0,0,0,0,0,,,,0.0,0.0,0.0,0.0,0.0,0,0,0
188,a,,,5.4,206,127,0,0,-1,1,0.1,397,151,2,0,1.0,326,147,0,10,0.7,306,142,0.1,0.4,0,663,14,5015,219,0.7,0.7,0.0,0.12,0.12,1.01,0.0,0.23,0.23,1.93,6.8,255,113,20.0,128,77,0.0,566,232,2.6,229,102,2.0,2.0,2.0,3,,Victor,Torp,Torp,,,47,0,0,0,1,0,0,0,0,0,0,0,3,,,,0.0,0.0,1.91,0.0,5.74,0,1,2
189,a,,,4.5,566,289,0,0,0,0,0.3,308,108,0,0,0.0,523,207,0,0,0.0,523,207,0.0,0.0,0,2963,253,7304,394,0.0,0.0,0.0,0.0,0.0,0.0,0.0,0.0,0.0,0.0,0.0,488,186,0.0,488,194,0.0,433,152,0.0,497,190,,,,3,,George,Shepherd,Shepherd,,,0,0,0,0,0,0,0,0,0,0,0,0,0,,,,0.0,0.0,0.0,0.0,0.0,0,0,0
190,a,,,5.5,165,99,0,0,0,0,0.1,404,155,4,1,1.3,251,115,0,27,1.3,221,103,0.2,0.7,0,2922,32,5403,200,1.3,1.3,0.19,0.18,0.37,2.73,0.1,0.1,0.2,1.48,8.8,240,100,24.5,108,65,8.0,159,78,4.2,190,85,5.0,,,3,,Loum,Tchaouna,Tchaouna,,,166,0,0,0,3,0,0,0,0,0,0,2,15,,,,0.0,0.0,1.63,1.08,8.13,1,5,9
191,u,0.0,0.0,4.5,511,269,0,0,0,0,0.1,390,145,0,0,0.0,477,190,0,0,0.0,477,190,0.0,0.0,0,1943,0,6279,718,0.0,0.0,0.0,0.0,0.0,0.0,0.0,0.0,0.0,0.0,0.0,439,168,0.0,441,177,0.0,383,135,0.0,449,173,,,,3,,Raphael,Borges Rodrigues,Borges Rodrigues,Has joined Burton Albion on loan for the rest of the season,,0,0,0,0,0,0,0,0,0,0,0,0,0,,,,0.0,0.0,0.0,0.0,0.0,0,0,0
192,u,0.0,0.0,4.5,560,286,0,0,0,0,0.4,266,89,0,0,0.0,517,204,0,0,0.0,517,204,0.0,0.0,0,2718,0,26383,1424,0.0,0.0,0.0,0.0,0.0,0.0,0.0,0.0,0.0,0.0,0.0,482,183,0.0,482,191,0.0,427,149,0.0,491,187,,,,3,,Kai,Andrews,Andrews,Has joined Oxford United on loan for the rest of the season,,0,0,0,0,0,0,0,0,0,0,0,0,0,,,,0.0,0.0,0.0,0.0,0.0,0,0,0
193,i,0.0,0.0,5.4,198,47,0,0,-1,1,0.1,423,60,0,0,0.0,604,69,0,0,0.0,604,69,0.0,0.0,0,382,29,9123,350,0.0,0.0,0.0,0.0,0.0,0.0,0.0,0.0,0.0,0.0,0.0,581,60,0.0,588,65,0.0,561,62,0.0,589,65,,,1.0,3,,Haji,Wright,Wright,Thigh injury - Unknown return date,,0,0,0,0,0,0,0,0,0,0,0,0,0,,,,0.0,0.0,0.0,0.0,0.0,0,0,0
194,a,,,5.0,285,54,0,0,0,0,0.8,212,35,4,1,1.3,248,28,0,20,1.3,213,20,0.3,0.8,0,32774,1791,27202,1815,1.3,1.3,0.0,0.02,0.02,3.24,0.0,0.02,0.02,2.43,5.8,263,24,3.1,228,32,2.0,232,36,1.1,293,35,,,4.0,3,,Brandon,Thomas-Asante,Thomas-Asante,,,120,0,0,0,4,0,0,0,0,0,0,1,11,,,,0.0,0.0,3.0,0.75,8.25,0,6,5
195,a,,,5.0,275,52,0,0,0,0,0.9,206,33,3,1,1.5,236,26,0,10,1.0,247,28,0.2,0.6,0,30865,872,33706,2102,1.0,1.0,0.3,0.01,0.31,2.55,0.31,0.01,0.32,2.61,2.6,305,32,12.3,166,16,2.0,230,35,1.7,271,32,,,,3,,Ellis,Simms,Simms,,,88,0,0,0,3,0,0,0,0,0,0,1,3,,,,0.0,0.0,3.07,1.02,3.07,0,1,2
196,u,0.0,0.0,5.0,355,61,0,0,0,0,0.0,604,76,0,0,0.0,594,64,0,0,0.0,594,64,0.0,0.0,0,0,0,918,32,0.0,0.0,0.0,0.0,0.0,0.0,0.0,0.0,0.0,0.0,0.0,570,55,0.0,578,60,0.0,545,57,0.0,578,60,,,,3,,Jahnoah,Markelo,Markelo,Has joined Shabab Al-Ahli Dubai permanently,,0,0,0,0,0,0,0,0,0,0,0,0,0,,,,0.0,0.0,0.0,0.0,0.0,0,0,0
197,u,0.0,0.0,4.5,527,70,0,0,0,0,0.0,536,72,0,0,0.0,492,50,0,0,0.0,492,50,0.0,0.0,0,0,0,1426,90,0.0,0.0,0.0,0.0,0.0,0.0,0.0,0.0,0.0,0.0,0.0,455,40,0.0,457,46,0.0,399,42,0.0,465,45,,,,3,,Norman,Bassette,Bassette,Has joined KVC Westerlo on loan for the rest of the season,,0,0,0,0,0,0,0,0,0,0,0,0,0,,,,0.0,0.0,0.0,0.0,0.0,0,0,0
492,a,,,5.5,143,37,0,0,0,0,0.7,233,39,5,2,1.7,229,25,0,16,1.7,200,18,0.3,0.9,0,14452,956,28864,1415,1.7,1.7,1.24,0.03,1.27,2.18,0.62,0.02,0.64,1.09,10.0,234,20,25.0,104,9,65.0,16,7,10.0,69,11,,,5.0,3,,Taiwo,Awoniyi,Awoniyi,,,180,0,0,0,2,0,0,0,0,0,0,2,9,,,,0.0,0.0,1.0,1.0,4.5,0,3,6
575,a,,,5.0,376,228,0,0,0,0,0.2,343,125,5,1,1.7,226,101,0,23,1.7,195,89,0.3,1.0,0,1835,60,7295,504,1.7,1.7,0.03,0.13,0.16,2.53,0.02,0.07,0.09,1.44,9.4,235,98,19.1,131,80,7.0,174,85,3.2,214,95,,,,3,,Caleb,Yirenkyi,Yirenkyi,,,158,0,0,1,3,0,0,0,1,0,0,2,16,,,,0.0,0.57,1.71,1.14,9.11,0,5,11
584,a,,,5.5,133,81,0,0,0,0,0.1,413,161,3,1,1.0,339,155,0,6,1.0,257,118,0.2,0.5,0,563,24,3888,181,1.0,1.0,0.0,0.02,0.02,0.82,0.0,0.06,0.06,2.31,0.6,330,151,1.8,257,134,0.0,591,246,0.3,330,153,3.0,,,3,,Gustavo,Hamer,Hamer,,,32,0,0,0,1,0,0,0,0,0,0,0,3,,,,0.0,0.0,2.81,0.0,8.44,1,0,2
599,a,,,5.0,371,63,0,0,0,0,0.1,426,61,0,0,0.0,599,66,0,0,0.0,599,66,0.0,0.0,0,4165,214,3997,242,0.0,0.0,0.0,0.0,0.0,0.0,0.0,0.0,0.0,0.0,0.0,576,57,0.0,583,62,0.0,554,59,0.0,584,62,,,,3,,Sidiki,Cherif,Cherif,,,0,0,0,0,0,0,0,0,0,0,0,0,0,,,,0.0,0.0,0.0,0.0,0.0,0,0,0
623,a,,,4.0,581,54,0,0,0,0,0.3,307,38,0,0,0.0,388,28,0,0,0.0,388,28,0.0,0.0,0,24101,4021,3237,410,0.0,0.0,0.0,0.0,0.0,0.0,0.0,0.0,0.0,0.0,0.0,345,28,0.0,335,7,0.0,257,6,0.0,354,28,,,,3,,Dan,Bentley,Bentley,,,0,0,0,0,0,0,0,0,0,0,0,0,0,,,,0.0,0.0,0.0,0.0,0.0,0,0,0
42,a,,,5.5,171,104,0,0,0,0,0.0,504,206,2,0,1.0,343,157,0,6,0.7,312,145,0.1,0.4,0,1224,185,1773,172,0.7,0.7,0.03,0.03,0.06,0.34,0.05,0.05,0.1,0.57,5.4,266,119,2.1,247,129,7.0,180,89,1.5,277,124,,,,3,,Evann,Guessand,Guessand,,,54,0,0,0,1,0,0,0,0,0,0,0,2,,,,0.0,0.0,1.67,0.0,3.33,1,1,0
153,a,,,4.5,463,103,0,0,0,0,0.1,463,163,4,3,2.0,187,72,0,12,1.3,209,76,0.3,0.9,0,2531,495,2028,172,1.3,1.3,0.0,0.04,0.04,3.34,0.0,0.03,0.03,2.84,1.2,321,119,0.0,414,166,0.0,350,150,0.1,341,122,,,,3,,Axel,Disasi,Disasi,,,106,0,0,0,3,0,0,0,0,0,0,1,14,,,,0.0,0.0,2.55,0.85,11.89,5,9,9
198,a,100.0,100.0,5.0,258,9,0,0,0,0,1.8,133,19,5,2,1.7,224,20,0,37,1.7,192,18,0.3,1.0,0,24133,3222,34111,2002,1.7,1.7,0.0,0.0,0.0,6.47,0.0,0.0,0.0,2.16,58.4,34,6,0.0,529,59,0.0,485,59,5.8,149,6,,,,3,,Dean,Henderson,Henderson,,,270,0,0,0,8,0,0,0,0,0,12,3,0,,,,4.0,0.0,2.67,1.0,0.0,0,6,31
199,a,,,4.5,438,30,0,0,0,0,0.1,415,47,0,0,0.0,447,51,0,0,0.0,447,51,0.0,0.0,0,1202,86,2819,149,0.0,0.0,0.0,0.0,0.0,0.0,0.0,0.0,0.0,0.0,0.0,406,51,0.0,400,32,0.0,334,31,0.0,416,51,,,,3,,Walter,Benítez,Benitez,,,0,0,0,0,0,0,0,0,0,0,0,0,0,,,,0.0,0.0,0.0,0.0,0.0,0,0,0
202,a,,,5.0,292,50,0,0,0,0,0.7,235,85,4,1,1.3,249,87,0,17,1.3,214,80,0.3,0.8,0,10873,920,18671,1046,1.3,1.3,0.08,0.0,0.08,6.47,0.03,0.0,0.03,2.16,57.6,36,12,0.8,290,107,17.0,101,29,7.5,111,39,,,,3,,Chris,Richards,Richards,,,270,0,0,0,8,0,0,0,0,0,0,3,31,,,,0.0,0.0,2.67,1.0,10.33,5,26,7
203,a,,,4.9,419,78,0,0,-1,1,0.3,310,113,2,1,0.7,373,130,0,12,0.7,291,106,0.1,0.4,0,2930,401,10366,580,0.7,0.7,0.05,0.01,0.06,6.47,0.02,0.0,0.02,2.16,50.2,54,17,6.2,201,65,5.0,194,68,6.1,143,54,,,,3,,Jaydee,Canvot,Canvot,,,270,0,0,0,8,0,0,0,0,0,0,3,24,,,,0.0,0.0,2.67,1.0,8.0,7,17,6
204,a,,,4.5,481,116,0,0,0,0,4.9,77,32,16,15,5.3,48,19,2,32,5.3,36,16,1.2,3.6,0,38117,23101,132474,4552,5.3,5.3,0.77,0.18,0.95,5.9,0.27,0.06,0.33,2.1,23.2,163,75,35.4,61,15,9.0,152,50,6.7,127,46,,,,3,,Tyrick,Mitchell,Mitchell,,,253,2,0,0,8,0,0,0,0,0,0,3,16,,,,0.0,0.0,2.85,1.07,5.69,6,10,7
205,u,0.0,0.0,4.5,462,102,0,0,0,0,0.0,558,192,0,0,0.0,457,173,0,0,0.0,457,173,0.0,0.0,0,236,0,1249,193,0.0,0.0,0.0,0.0,0.0,0.0,0.0,0.0,0.0,0.0,0.0,418,166,0.0,413,165,0.0,349,149,0.0,428,166,,,,3,,Borna,Sosa,Sosa,Has joined FC Cologne on loan for the rest of the season,,0,0,0,0,0,0,0,0,0,0,0,0,0,,,,0.0,0.0,0.0,0.0,0.0,0,0,0
206,i,0.0,0.0,4.4,573,157,0,0,-1,1,0.0,540,188,1,0,1.0,269,100,0,7,0.3,329,116,0.1,0.2,0,516,3,4585,126,0.0,0.0,0.0,0.01,0.01,0.98,0.0,0.01,0.01,1.22,12.6,220,90,1.3,269,95,0.0,321,138,1.4,280,101,,,,3,,Chadi,Riad Dnanou,Chadi Riad,Knee injury - Unknown return date,,72,0,0,0,2,0,0,0,0,0,0,1,7,,,,0.0,0.0,2.5,1.25,8.75,1,6,3
207,a,,,4.4,572,156,0,0,-1,1,0.1,472,168,2,1,1.0,268,99,0,5,0.7,276,96,0.2,0.5,0,1115,146,2728,137,0.7,0.7,0.0,0.0,0.0,0.33,0.0,0.0,0.0,1.86,2.2,306,115,0.1,325,120,0.0,320,137,0.2,331,118,,,,3,,Oscar,Mingueza,Mingueza,,,16,0,0,0,1,0,0,0,0,0,0,0,2,,,,0.0,0.0,5.62,0.0,11.25,2,0,1
208,i,0.0,0.0,6.3,54,38,0,0,-2,2,1.0,189,59,0,0,0.0,643,284,0,0,0.0,643,284,0.0,0.0,0,2470,38,331261,6254,0.0,0.0,0.0,0.0,0.0,0.0,0.0,0.0,0.0,0.0,0.0,642,283,0.0,642,283,0.0,638,279,0.0,642,283,,,2.0,3,,Ismaïla,Sarr,Sarr,Groin injury - Unknown return date,,0,0,0,0,0,0,0,0,0,0,0,0,0,,,,0.0,0.0,0.0,0.0,0.0,0,0,0
210,a,100.0,100.0,5.5,174,106,0,0,0,0,0.9,203,62,8,2,2.7,149,62,0,51,2.7,127,52,0.5,1.5,0,18148,1362,22861,1341,2.7,2.7,0.0,0.32,0.32,6.47,0.0,0.11,0.11,2.16,33.0,126,47,55.6,24,21,0.0,606,259,8.9,81,46,2.0,,,3,,Adam,Wharton,Wharton,,,270,0,0,0,8,0,0,0,0,0,0,3,29,,,,0.0,0.0,2.67,1.0,9.67,7,11,11
211,a,,,5.5,172,105,0,0,0,0,0.2,319,113,11,5,3.7,97,44,0,56,3.7,79,37,0.7,2.0,0,8363,2598,5474,434,3.7,3.7,0.36,0.39,0.75,5.29,0.17,0.18,0.35,2.51,12.8,219,89,40.5,49,39,15.0,117,60,6.8,125,63,1.0,1.0,,3,,Yéremy,Pino Santos,Yeremy,,,190,0,2,0,5,0,0,0,0,0,0,2,20,,,,0.0,0.0,2.37,0.95,9.47,5,3,12
212,a,,,4.5,435,258,0,0,0,0,9.3,46,18,1,1,1.0,272,118,0,3,0.3,332,152,0.1,0.2,0,62243,4473,237053,13262,0.3,0.3,0.0,0.0,0.0,0.57,0.0,0.0,0.0,3.21,0.0,403,159,0.0,397,168,0.0,331,125,0.0,413,164,4.0,,,3,,Will,Hughes,Hughes,,,16,0,0,0,0,0,0,0,0,0,0,0,3,,,,0.0,0.0,0.0,0.0,16.88,0,2,1
213,a,,,4.9,382,231,0,0,-1,1,0.1,436,172,0,0,0.0,529,210,0,0,0.0,529,210,0.0,0.0,0,761,61,3356,164,0.0,0.0,0.0,0.0,0.0,0.0,0.0,0.0,0.0,0.0,0.0,494,189,0.0,495,197,0.0,440,155,0.0,503,193,,,,3,,Jefferson,Lerma Solís,Lerma,,,0,0,0,0,0,0,0,0,0,0,0,0,0,,,,0.0,0.0,0.0,0.0,0.0,0,0,0
214,a,,,5.0,269,167,0,0,0,0,0.3,301,104,10,5,3.3,108,47,0,67,3.3,88,41,0.7,2.0,0,7711,1474,8127,481,3.3,3.3,0.05,0.3,0.35,6.34,0.02,0.1,0.12,2.13,38.0,104,38,32.1,74,48,7.0,169,82,7.7,106,54,3.0,,,3,,Daichi,Kamada,Kamada,,,268,0,1,0,8,0,0,0,1,0,0,3,27,,,,0.0,0.0,2.69,1.01,9.07,9,4,14
215,u,0.0,0.0,5.0,319,189,0,0,0,0,0.0,609,259,0,0,0.0,577,240,0,0,0.0,577,240,0.0,0.0,0,132,0,585,71,0.0,0.0,0.0,0.0,0.0,0.0,0.0,0.0,0.0,0.0,0.0,551,224,0.0,558,231,0.0,521,202,0.0,559,227,,2.0,3.0,3,,Justin,Devenny,Devenny,Has joined Stoke City permanently,,0,0,0,0,0,0,0,0,0,0,0,0,0,,,,0.0,0.0,0.0,0.0,0.0,0,0,0
216,u,0.0,0.0,5.0,363,221,0,0,0,0,0.0,545,222,0,0,0.0,596,253,0,0,0.0,596,253,0.0,0.0,0,399,0,2009,266,0.0,0.0,0.0,0.0,0.0,0.0,0.0,0.0,0.0,0.0,0.0,573,240,0.0,580,246,0.0,550,223,0.0,581,243,,,,3,,Romain,Esse,Esse,Has joined Millwall on loan for the rest of the season,,0,0,0,0,0,0,0,0,0,0,0,0,0,,,,0.0,0.0,0.0,0.0,0.0,0,0,0
217,a,,,4.9,411,249,0,0,-1,1,0.0,552,227,0,0,0.0,543,220,0,0,0.0,543,220,0.0,0.0,0,962,12,1932,112,0.0,0.0,0.0,0.0,0.0,0.0,0.0,0.0,0.0,0.0,0.0,511,200,0.0,512,208,0.0,460,168,0.0,521,205,,,,3,,Matheus,França de Oliveira,M.França,,,0,0,0,0,0,0,0,0,0,0,0,0,0,,,,0.0,0.0,0.0,0.0,0.0,0,0,0
218,a,,,4.9,396,241,0,0,-1,1,0.1,486,194,0,0,0.0,535,215,0,0,0.0,535,215,0.0,0.0,0,1345,113,2508,129,0.0,0.0,0.0,0.0,0.0,0.0,0.0,0.0,0.0,0.0,0.0,502,195,0.0,503,203,0.0,451,163,0.0,512,200,,,,3,,Cheick,Doucouré,Doucouré,,,0,0,0,0,0,0,0,0,0,0,0,0,0,,,,0.0,0.0,0.0,0.0,0.0,0,0,0
219,a,,,5.0,301,181,0,0,0,0,0.0,624,268,0,0,0.0,569,236,0,0,0.0,569,236,0.0,0.0,0,98,8,211,10,0.0,0.0,0.0,0.0,0.0,0.0,0.0,0.0,0.0,0.0,0.0,543,220,0.0,548,227,0.0,509,197,0.0,551,223,,,,3,,Jesurun,Rak-Sakyi,J.Rak-Sakyi,,,0,0,0,0,0,0,0,0,0,0,0,0,0,,,,0.0,0.0,0.0,0.0,0.0,0,0,0
220,u,0.0,0.0,4.5,544,146,0,0,0,0,0.0,647,214,0,0,0.0,504,191,0,0,0.0,504,191,0.0,0.0,0,0,0,108,4,0.0,0.0,0.0,0.0,0.0,0.0,0.0,0.0,0.0,0.0,0.0,468,186,0.0,469,187,0.0,413,177,0.0,478,186,,,,3,,Rio,Cardines,Cardines,Has joined Bristol City on loan for the rest of the season,,0,0,0,0,0,0,0,0,0,0,0,0,0,,,,0.0,0.0,0.0,0.0,0.0,0,0,0
221,a,,,4.5,565,288,0,0,0,0,0.1,454,182,0,0,0.0,522,206,0,0,0.0,522,206,0.0,0.0,0,1529,191,2310,131,0.0,0.0,0.0,0.0,0.0,0.0,0.0,0.0,0.0,0.0,0.0,487,185,0.0,487,193,0.0,432,151,0.0,496,189,,,,3,,Joél,Drakes-Thomas,Drakes-Thomas,,,0,0,0,0,0,0,0,0,0,0,0,0,0,,,,0.0,0.0,0.0,0.0,0.0,0,0,0
222,a,,,6.0,69,15,0,0,0,0,0.5,252,41,4,1,1.3,253,30,0,20,1.3,225,24,0.2,0.7,0,10181,1147,17399,1123,1.3,1.3,0.3,0.01,0.31,3.69,0.2,0.01,0.21,2.48,6.2,260,22,3.8,219,30,21.0,88,19,3.2,215,24,,,,3,,Jørgen,Strand Larsen,Strand Larsen,,,134,0,0,0,3,0,0,0,0,0,0,1,8,,,,0.0,0.0,2.01,0.67,5.37,1,3,4
223,i,0.0,0.0,6.4,50,12,0,0,-1,1,2.2,118,17,2,0,2.0,216,22,0,-3,0.7,319,40,0.1,0.3,0,25244,66,356722,13761,0.0,0.0,0.7,0.02,0.72,0.98,1.02,0.03,1.05,1.42,1.4,319,35,12.3,167,17,11.0,144,27,2.5,237,27,,,1.0,3,,Jean-Philippe,Mateta,Mateta,Hamstring injury - Expected back 11 Oct,,62,0,0,0,2,0,0,0,0,0,0,1,5,,,,0.0,0.0,2.9,1.45,7.26,2,1,2
224,a,,,5.5,140,36,0,0,0,0,0.6,243,40,7,4,2.3,174,19,0,36,2.3,150,14,0.4,1.3,0,18493,3356,14955,891,2.3,2.3,1.1,0.58,1.68,4.45,0.59,0.31,0.9,2.4,13.0,216,19,35.1,62,3,31.0,63,14,7.9,103,14,,,,3,,Eddie,Nketiah,Nketiah,,,167,0,1,0,7,0,0,0,0,0,0,3,11,,,,0.0,0.0,3.77,1.62,5.93,4,2,5
225,u,0.0,0.0,5.0,375,65,0,0,0,0,0.0,653,78,0,0,0.0,602,68,0,0,0.0,602,68,0.0,0.0,0,0,0,0,0,0.0,0.0,0.0,0.0,0.0,0.0,0.0,0.0,0.0,0.0,0.0,579,59,0.0,586,64,0.0,557,61,0.0,587,64,,,,3,,Christantus,Uche,Uche,has returned to Getafe CF,,0,0,0,0,0,0,0,0,0,0,0,0,0,,,,0.0,0.0,0.0,0.0,0.0,0,0,0
241,a,,,5.4,212,132,-1,1,-1,1,0.1,376,140,3,0,1.5,242,111,0,13,1.0,255,117,0.2,0.6,0,1103,91,4592,282,1.0,1.0,0.05,0.02,0.07,1.18,0.05,0.02,0.07,1.26,10.0,233,97,5.0,209,115,2.0,237,113,1.7,273,121,,,,3,,Dwight,McNeil,McNeil,,,84,0,0,0,3,0,0,0,0,0,0,1,7,,,,0.0,0.0,3.21,1.07,7.5,0,4,3
555,a,,,4.0,595,61,0,0,0,0,1.8,136,20,0,0,0.0,398,35,0,0,0.0,398,35,0.0,0.0,0,14328,817,15852,954,0.0,0.0,0.0,0.0,0.0,0.0,0.0,0.0,0.0,0.0,0.0,355,35,0.0,347,14,0.0,269,13,0.0,365,35,,,,3,,Remi,Matthews,Matthews,,,0,0,0,0,0,0,0,0,0,0,0,0,0,,,,0.0,0.0,0.0,0.0,0.0,0,0,0
577,a,,,4.5,467,106,0,0,0,0,0.3,287,108,2,0,1.0,276,105,0,0,0.7,279,98,0.2,0.4,0,2325,118,6486,389,0.7,0.7,0.0,0.01,0.01,2.15,0.0,0.01,0.01,2.13,15.0,206,87,3.7,221,70,2.0,218,80,2.1,251,93,,,,3,,Takehiro,Tomiyasu,Tomiyasu,,,91,0,0,0,3,0,0,0,0,0,0,1,9,,,,0.0,0.0,2.97,0.99,8.9,1,8,4
588,a,,,5.0,358,63,0,0,0,0,0.1,377,138,6,3,2.0,203,77,0,27,2.0,173,66,0.4,1.2,0,5417,907,2664,288,2.0,2.0,0.74,0.17,0.91,5.42,0.33,0.08,0.41,2.45,50.4,52,16,28.0,89,27,7.0,172,60,8.6,85,26,,,,3,,Anan,Khalaili,Khalaili,,,199,0,0,0,5,0,0,0,1,0,0,2,33,,,,0.0,0.0,2.26,0.9,14.92,17,16,11
595,a,,,5.0,357,217,0,0,0,0,0.0,584,242,1,0,1.0,319,141,0,3,0.3,357,165,0.1,0.2,0,275,16,428,31,0.3,0.3,0.0,0.0,0.0,0.2,0.0,0.0,0.0,0.82,1.4,318,144,1.3,275,141,0.0,547,220,0.3,328,151,,,,3,,Zavier,Gozo,Gozo,,,22,0,0,0,1,0,0,0,0,0,0,0,1,,,,0.0,0.0,4.09,0.0,4.09,1,0,0
633,a,,,4.5,552,147,0,0,0,0,0.0,632,209,0,0,0.0,512,192,0,0,0.0,512,192,0.0,0.0,0,272,55,41,9,1.8,1.8,0.0,0.0,0.0,0.0,0.0,0.0,0.0,0.0,0.0,476,187,0.0,477,188,0.0,421,178,0.0,486,187,,,,3,,Honest,Ahanor,Ahanor,,,0,0,0,0,0,0,0,0,0,0,0,0,0,,,,0.0,0.0,0.0,0.0,0.0,0,0,0
643,a,,,4.5,450,93,0,0,0,0,0.1,458,161,7,7,7.0,20,9,0,20,7.0,13,6,1.6,1.6,0,4036,3273,298,214,1.8,1.8,0.15,0.0,0.15,0.57,0.84,0.0,0.84,3.21,0.0,413,164,0.0,408,163,0.0,342,145,0.0,423,164,,,,3,,Ben,Chilwell,Chilwell,,,16,1,0,0,0,0,0,0,0,0,0,0,0,,,,0.0,0.0,0.0,0.0,0.0,0,0,0
644,a,,,5.0,300,180,0,0,0,0,0.0,598,253,2,2,2.0,200,87,0,8,2.0,170,74,0.4,0.4,0,990,334,159,59,1.5,1.5,0.02,0.0,0.02,2.57,0.02,0.0,0.02,3.17,0.0,542,219,0.0,547,226,0.0,508,196,0.0,550,222,,,,3,,Quinten,Timber,Timber,,,73,0,0,0,2,0,0,0,0,0,0,1,6,,,,0.0,0.0,2.47,1.23,7.4,1,2,3
647,a,,,5.5,179,110,0,0,0,0,0.0,619,265,1,1,1.0,344,158,0,2,1.0,261,120,0.2,0.2,0,578,117,70,20,2.0,2.0,0.0,0.0,0.0,0.13,0.0,0.0,0.0,11.7,0.0,614,266,0.0,618,267,0.0,608,260,0.0,619,267,,,,3,,Darío,Osorio,Osorio,,,1,0,0,0,0,0,0,0,0,0,0,0,1,,,,0.0,0.0,0.0,0.0,90.0,1,0,0
21,i,0.0,0.0,4.9,381,230,0,0,-1,1,0.1,483,192,0,0,0.0,528,209,0,0,0.0,528,209,0.0,0.0,0,331,20,5232,195,0.0,0.0,0.0,0.0,0.0,0.0,0.0,0.0,0.0,0.0,0.0,493,188,0.0,494,196,0.0,439,154,0.0,502,192,,,,3,,Christian,Nørgaard,Nørgaard,Groin injury - Unknown return date,,0,0,0,0,0,0,0,0,0,0,0,0,0,,,,0.0,0.0,0.0,0.0,0.0,0,0,0
209,a,,,5.9,96,61,0,0,-1,1,0.1,399,153,2,0,1.0,352,164,0,4,0.7,317,148,0.1,0.3,0,1691,173,6309,252,0.7,0.7,0.0,0.0,0.0,1.87,0.0,0.0,0.0,4.95,5.2,273,125,0.3,321,163,0.0,621,267,0.5,313,144,,,,3,,Brennan,Johnson,Johnson,,,34,0,0,0,0,0,0,0,0,0,0,0,4,,,,0.0,0.0,0.0,0.0,10.59,1,2,1
226,a,,,5.5,124,2,0,0,0,0,8.7,49,6,10,0,5.0,57,5,0,56,3.3,92,7,0.6,1.8,0,128062,8045,117592,7478,3.3,3.3,0.0,0.02,0.02,4.12,0.0,0.01,0.01,2.06,63.4,24,3,0.0,605,68,0.0,586,68,6.4,139,3,,,,3,,Jordan,Pickford,Pickford,,,180,0,0,1,1,0,0,0,0,0,8,2,0,,,,4.0,0.5,0.5,1.0,0.0,0,4,23
227,a,,,5.0,284,11,0,0,0,0,0.0,524,58,0,0,0.0,561,70,0,0,0.0,561,70,0.0,0.0,0,612,40,1006,45,0.0,0.0,0.0,0.0,0.0,0.0,0.0,0.0,0.0,0.0,0.0,535,70,0.0,538,61,0.0,496,61,0.0,543,70,,,,3,,Mark,Travers,Travers,,,0,0,0,0,0,0,0,0,0,0,0,0,0,,,,0.0,0.0,0.0,0.0,0.0,0,0,0
228,a,,,4.5,441,32,0,0,0,0,0.0,505,56,0,0,0.0,449,53,0,0,0.0,449,53,0.0,0.0,0,595,49,942,49,0.0,0.0,0.0,0.0,0.0,0.0,0.0,0.0,0.0,0.0,0.0,408,53,0.0,402,34,0.0,336,33,0.0,418,53,,,,3,,Tom,King,King,,,0,0,0,0,0,0,0,0,0,0,0,0,0,,,,0.0,0.0,0.0,0.0,0.0,0,0,0
229,a,,,6.0,59,5,0,0,0,0,10.9,39,14,18,0,9.0,9,3,2,52,6.0,31,14,1.0,3.0,0,275466,21092,132513,9890,6.0,6.0,0.15,0.01,0.16,4.12,0.08,0.0,0.08,2.06,70.0,17,3,12.1,169,52,23.0,82,19,10.5,63,16,,,,3,,James,Tarkowski,Tarkowski,,,180,1,0,1,1,0,0,0,0,0,0,2,19,,,,0.0,0.5,0.5,1.0,9.5,2,17,7
230,a,,,5.5,170,21,0,0,0,0,1.8,137,57,10,0,5.0,59,24,0,33,3.3,97,38,0.6,1.8,0,37229,2625,32248,1945,3.3,3.3,0.09,0.02,0.11,4.12,0.04,0.01,0.05,2.06,41.2,86,39,2.3,238,78,39.0,48,7,8.2,95,33,,,,3,,Jarrad,Branthwaite,Branthwaite,,,180,0,0,1,1,0,0,0,0,0,0,2,20,,,,0.0,0.5,0.5,1.0,10.0,3,17,5
231,a,,,4.9,379,68,0,0,-1,1,1.0,192,73,0,0,0.0,526,197,0,0,0.0,526,197,0.0,0.0,0,5784,230,59802,1913,0.0,0.0,0.0,0.0,0.0,0.0,0.0,0.0,0.0,0.0,0.0,491,192,0.0,492,193,0.0,437,184,0.0,500,192,,,,3,,Michael,Keane,Keane,,,0,0,0,0,0,0,0,0,0,0,0,0,0,,,,0.0,0.0,0.0,0.0,0.0,0,0,0
233,a,,,4.5,468,107,0,0,0,0,1.8,134,55,10,0,5.0,53,22,0,34,3.3,85,33,0.7,2.2,0,72207,10303,39169,3843,3.3,3.3,0.0,0.06,0.06,4.12,0.0,0.03,0.03,2.06,49.6,57,20,14.8,149,45,2.0,219,81,6.7,126,45,,,,3,,Vitalii,Mykolenko,Mykolenko,,,180,0,0,1,1,0,0,0,0,0,0,2,16,,,,0.0,0.5,0.5,1.0,8.0,1,15,11
234,u,0.0,0.0,4.5,480,115,0,0,0,0,0.0,553,190,0,0,0.0,464,177,0,0,0.0,464,177,0.0,0.0,0,371,0,1434,186,0.0,0.0,0.0,0.0,0.0,0.0,0.0,0.0,0.0,0.0,0.0,426,171,0.0,423,171,0.0,360,156,0.0,436,171,,,,3,,Nathan,Patterson,Patterson,Has joined Torino permanently,,0,0,0,0,0,0,0,0,0,0,0,0,0,,,,0.0,0.0,0.0,0.0,0.0,0,0,0
235,u,0.0,0.0,4.0,626,189,0,0,0,0,0.1,383,141,0,0,0.0,417,148,0,0,0.0,417,148,0.0,0.0,0,1728,0,6564,695,0.0,0.0,0.0,0.0,0.0,0.0,0.0,0.0,0.0,0.0,0.0,375,139,0.0,367,137,0.0,292,111,0.0,385,139,,,,3,,Adam,Aznou,Aznou,Has joined Malaga on loan for the rest of the season,,0,0,0,0,0,0,0,0,0,0,0,0,0,,,,0.0,0.0,0.0,0.0,0.0,0,0,0
236,a,,,6.5,35,23,0,0,0,0,4.4,82,27,13,0,6.5,28,11,3,64,4.3,59,27,0.7,2.0,0,210364,16856,129412,9528,4.3,4.3,0.18,0.33,0.51,4.08,0.09,0.16,0.25,2.04,62.2,26,14,80.6,9,9,36.0,52,30,17.9,12,10,2.0,,,3,,Kiernan,Dewsbury-Hall,Dewsbury-Hall,,,180,1,0,1,1,0,0,0,0,0,0,2,18,,,,0.0,0.5,0.5,1.0,9.0,5,1,12
238,a,100.0,100.0,6.5,34,22,0,0,0,0,0.3,298,103,1,0,1.0,364,173,0,2,0.3,381,180,0.0,0.2,0,13431,2708,8653,718,0.3,0.3,0.0,0.0,0.0,0.0,0.0,0.0,0.0,0.0,1.0,328,150,0.6,303,153,0.0,642,283,0.2,339,158,,,,3,,Jack,Grealish,Grealish,,,8,0,0,0,0,0,0,0,0,0,0,0,1,,,,0.0,0.0,0.0,0.0,11.25,1,0,0
239,a,100.0,100.0,6.0,68,47,0,0,0,0,0.1,378,141,2,0,1.0,357,168,0,15,0.7,318,149,0.1,0.3,0,5327,806,5422,449,0.7,0.7,0.0,0.03,0.03,0.92,0.0,0.04,0.04,1.15,8.2,245,104,12.9,163,99,2.0,243,118,2.4,241,108,1.0,1.0,2.0,3,,James,Garner,Garner,,,72,0,0,0,1,0,0,0,1,0,0,1,11,,,,0.0,0.0,1.25,1.25,13.75,4,0,7
242,a,,,5.5,185,114,0,0,0,0,0.2,317,111,5,0,2.5,162,70,0,25,1.7,205,95,0.3,0.9,0,4384,351,7711,429,1.7,1.7,0.23,0.09,0.32,2.25,0.14,0.06,0.2,1.41,13.0,217,87,35.6,59,44,41.0,44,27,8.9,82,47,,,,3,,Tyrique,George,George,,,144,0,0,1,1,0,0,0,0,0,0,2,9,,,,0.0,0.62,0.62,1.25,5.62,1,3,5
243,a,,,5.0,334,199,0,0,0,0,0.1,446,178,1,0,0.5,377,180,0,5,0.3,355,163,0.1,0.2,0,1698,130,3231,154,0.3,0.3,0.05,0.02,0.07,0.04,0.9,0.36,1.26,0.72,5.0,275,126,0.8,291,147,25.0,75,42,2.7,225,99,,,,3,,Carlos,Alcaraz Durán,Alcaraz,,,5,0,0,0,0,0,0,0,1,0,0,0,3,,,,0.0,0.0,0.0,0.0,54.0,1,0,2
244,a,,,5.0,365,223,0,0,0,0,0.4,270,90,10,0,5.0,56,26,0,37,3.3,91,43,0.7,2.0,0,36823,2669,12721,1076,3.3,3.3,0.0,0.07,0.07,4.12,0.0,0.04,0.04,2.11,40.0,92,33,27.0,92,57,4.0,200,97,7.2,117,59,,,,3,,Harrison,Armstrong,Armstrong,,,176,0,1,1,1,0,0,0,0,0,0,2,25,,,,0.0,0.51,0.51,1.02,12.78,5,6,14
245,a,,,5.4,224,139,0,0,-1,1,0.0,534,220,0,0,0.0,613,262,0,0,0.0,613,262,0.0,0.0,0,604,47,1675,56,0.0,0.0,0.0,0.0,0.0,0.0,0.0,0.0,0.0,0.0,0.0,594,252,0.0,599,256,0.0,577,239,0.0,601,254,,,,3,,Tyler,Dibling,Dibling,,,0,0,0,0,0,0,0,0,0,0,0,0,0,,,,0.0,0.0,0.0,0.0,0.0,0,0,0
246,a,,,5.0,337,200,0,0,0,0,0.1,495,199,5,0,2.5,158,67,0,25,1.7,194,88,0.3,1.0,0,1167,69,1913,110,1.7,1.7,0.0,0.07,0.07,4.12,0.0,0.04,0.04,2.12,22.2,167,60,15.3,146,87,2.0,234,111,4.0,192,86,,,,3,,Merlin,Röhl,Röhl,,,175,0,0,1,1,0,0,0,0,0,0,2,18,,,,0.0,0.51,0.51,1.03,9.26,5,4,9
247,a,100.0,100.0,5.5,149,90,0,0,0,0,0.2,337,122,4,0,2.0,209,95,0,19,1.3,219,101,0.2,0.7,0,1425,82,7174,258,1.3,1.3,0.01,0.02,0.03,3.2,0.01,0.02,0.03,2.72,16.4,199,78,13.6,156,93,7.0,178,88,3.7,204,90,3.0,,,3,,Hayden,Hackney,Hackney,,,106,0,0,1,0,0,0,0,0,0,0,1,10,,,,0.0,0.85,0.0,0.85,8.49,2,3,5
248,u,0.0,0.0,5.4,222,50,0,0,-1,1,1.4,156,24,2,0,1.0,330,35,0,5,0.7,308,35,0.1,0.4,0,16222,0,140398,15456,0.0,0.0,0.09,0.0,0.09,1.92,0.26,0.0,0.26,5.57,3.0,301,31,0.3,316,38,5.0,195,33,0.8,302,36,,,,3,,Norberto Bercique,Gomes Betuncal,Beto,Has joined Fiorentina permanently,,31,0,0,0,0,0,0,0,0,0,0,0,1,,,,0.0,0.0,0.0,0.0,2.9,0,1,0
249,a,,,5.6,120,30,1,-1,1,-1,5.1,73,10,10,0,5.0,60,5,2,43,3.3,98,8,0.6,1.8,0,387128,40954,124348,10577,3.3,3.3,1.93,0.09,2.02,2.2,1.18,0.06,1.24,1.35,48.0,66,4,30.7,80,7,99.0,3,3,17.8,14,4,,,1.0,3,,Thierno,Barry,Barry,,,147,1,0,1,1,0,0,0,0,0,0,2,6,,,,0.0,0.61,0.61,1.22,3.67,1,2,3
649,a,,,4.5,444,88,0,0,0,0,0.0,612,205,0,0,0.0,451,171,0,0,0.0,451,171,0.0,0.0,0,774,215,172,44,1.8,1.8,0.0,0.0,0.0,0.0,0.0,0.0,0.0,0.0,0.0,410,162,0.0,405,161,0.0,339,143,0.0,420,162,,,,3,,Ainsley,Maitland-Niles,Maitland-Niles,,,0,0,0,0,0,0,0,0,0,0,0,0,0,,,,0.0,0.0,0.0,0.0,0.0,0,0,0
250,a,,,4.5,427,25,0,0,0,0,3.1,103,18,6,1,2.0,182,14,0,30,2.0,159,14,0.4,1.3,0,57700,3966,42589,3983,2.0,2.0,0.0,0.0,0.0,6.23,0.0,0.0,0.0,2.08,48.8,62,8,0.0,393,27,0.0,325,26,4.9,174,9,,,,3,,Bernd,Leno,Leno,,,270,0,0,0,7,0,0,0,0,0,8,3,0,,,,2.67,0.0,2.33,1.0,0.0,0,3,25
251,a,,,4.0,583,55,0,0,0,0,1.2,175,27,0,0,0.0,390,29,0,0,0.0,390,29,0.0,0.0,0,12473,1531,12689,710,0.0,0.0,0.0,0.0,0.0,0.0,0.0,0.0,0.0,0.0,0.0,347,29,0.0,337,8,0.0,259,7,0.0,356,29,,,,3,,Benjamin,Lecomte,Lecomte,,,0,0,0,0,0,0,0,0,0,0,0,0,0,,,,0.0,0.0,0.0,0.0,0.0,0,0,0
252,u,0.0,0.0,4.0,629,70,0,0,0,0,0.1,374,43,0,0,0.0,420,44,0,0,0.0,420,44,0.0,0.0,0,2589,0,3579,370,0.0,0.0,0.0,0.0,0.0,0.0,0.0,0.0,0.0,0.0,0.0,378,44,0.0,370,23,0.0,295,22,0.0,388,44,,,,3,,Alfie,McNally,McNally,Has joined York City on loan for the rest of the season,,0,0,0,0,0,0,0,0,0,0,0,0,0,,,,0.0,0.0,0.0,0.0,0.0,0,0,0
253,a,100.0,100.0,5.0,259,40,0,0,0,0,0.1,385,142,2,1,1.0,303,119,0,12,0.7,296,108,0.1,0.4,0,8562,406,3074,306,0.7,0.7,0.0,0.1,0.1,3.99,0.0,0.05,0.05,2.0,17.8,191,82,12.9,161,48,2.0,228,86,3.3,211,82,,,,3,,Joachim,Andersen,Andersen,,,180,0,0,0,4,0,0,0,1,0,0,2,15,,,,0.0,0.0,2.0,1.0,7.5,2,13,9
254,a,,,4.5,448,92,0,0,0,0,1.6,144,61,4,1,1.3,247,86,0,21,1.3,208,75,0.3,0.9,0,27358,1171,29917,3306,1.3,1.3,0.21,0.16,0.37,6.2,0.08,0.06,0.14,2.24,31.4,132,60,29.8,82,25,3.0,209,76,6.4,138,51,,,2.0,3,,Antonee,Robinson,Robinson,,,249,0,0,0,7,0,0,0,0,0,0,3,15,,,,0.0,0.0,2.53,1.08,5.42,8,7,12
255,a,,,4.5,484,119,0,0,0,0,0.0,529,182,3,0,3.0,119,48,0,7,1.0,240,89,0.2,0.7,0,1312,25,1026,78,1.0,1.0,0.0,0.03,0.03,2.24,0.0,0.03,0.03,2.24,32.8,127,56,21.3,121,37,0.0,363,159,5.4,156,58,,,,3,,Jorge,Cuenca Barreno,J.Cuenca,,,90,0,0,0,3,0,0,0,0,0,0,1,10,,,,0.0,0.0,3.0,1.0,10.0,1,9,3
256,a,,,4.5,447,91,0,0,0,0,0.2,327,120,0,0,0.0,452,172,0,0,0.0,452,172,0.0,0.0,0,789,21,5390,313,0.0,0.0,0.0,0.0,0.0,0.0,0.0,0.0,0.0,0.0,0.0,411,163,0.0,406,162,0.0,340,144,0.0,421,163,,,,3,,Kenny,Tete,Tete,,,0,0,0,0,0,0,0,0,0,0,0,0,0,,,,0.0,0.0,0.0,0.0,0.0,0,0,0
257,a,,,4.5,475,112,0,0,0,0,0.8,222,82,3,1,1.0,278,107,0,16,1.0,239,88,0.2,0.7,0,15467,405,15173,1156,1.0,1.0,0.02,0.07,0.09,6.23,0.01,0.02,0.03,2.08,33.2,124,55,6.4,199,64,2.0,220,82,4.2,189,72,,,,3,,Calvin,Bassey,Bassey,,,270,0,0,0,7,0,0,0,1,0,0,3,13,,,,0.0,0.0,2.33,1.0,4.33,3,10,12
258,a,,,4.5,446,90,0,0,0,0,0.9,200,78,13,1,4.3,66,27,0,38,4.3,49,21,1.0,2.9,0,58268,1958,15361,1907,4.3,4.3,0.67,0.37,1.04,4.47,0.24,0.13,0.37,1.63,38.0,103,46,28.5,87,26,23.0,81,18,8.9,80,23,,,,3,,Timothy,Castagne,Castagne,,,247,0,2,1,6,0,0,0,1,0,0,3,15,,,,0.0,0.36,2.19,1.09,5.47,4,11,11
261,a,,,5.5,126,80,0,0,0,0,0.8,208,65,6,2,2.0,208,94,0,52,2.0,177,80,0.4,1.1,0,13956,507,28404,2137,2.0,2.0,0.05,0.7,0.75,6.23,0.02,0.24,0.26,2.14,24.4,158,57,46.8,37,30,2.0,241,117,7.4,114,58,1.0,1.0,3.0,3,,Alex,Iwobi,Iwobi,,,262,0,0,0,7,0,0,0,0,0,0,3,18,,,,0.0,0.0,2.4,1.03,6.18,3,4,11
262,a,,,5.4,201,124,-1,1,-1,1,0.3,295,101,2,1,1.0,325,146,0,8,0.7,305,141,0.1,0.4,0,3016,177,12087,813,0.7,0.7,0.06,0.02,0.08,0.41,0.22,0.07,0.29,1.48,5.2,271,123,22.8,113,69,7.0,175,86,3.5,208,92,,,,3,,Emile,Smith Rowe,Smith Rowe,,,25,0,0,0,0,0,0,0,0,0,0,0,1,,,,0.0,0.0,0.0,0.0,3.6,0,0,1
263,a,,,5.4,230,145,0,0,-1,1,0.0,500,203,2,0,1.0,333,152,0,4,0.7,309,144,0.1,0.4,0,1040,68,2414,210,0.7,0.7,0.0,0.05,0.05,0.2,0.0,0.19,0.19,0.75,5.2,272,124,3.4,224,121,0.0,581,243,0.8,303,136,4.0,,,3,,Kevin,Santos Lopes de Macedo,Kevin,,,24,0,0,0,0,0,0,0,0,0,0,0,3,,,,0.0,0.0,0.0,0.0,11.25,2,0,1
264,a,,,5.5,169,103,0,0,0,0,0.3,286,95,7,2,2.3,176,77,0,35,2.3,152,65,0.4,1.3,0,9655,500,9807,815,2.3,2.3,0.32,0.92,1.24,4.44,0.14,0.39,0.53,1.89,16.8,198,77,26.2,97,60,12.0,132,67,5.5,154,73,2.0,,,3,,Oscar,Bobb,Bobb,,,211,0,0,1,6,0,0,0,0,0,0,3,15,,,,0.0,0.43,2.56,1.28,6.4,5,2,8
265,a,,,5.0,267,166,0,0,0,0,0.3,281,93,5,1,1.7,225,100,0,37,1.7,193,87,0.3,1.0,0,3489,149,9155,638,1.7,1.7,0.03,0.33,0.36,4.9,0.01,0.16,0.17,2.41,19.6,178,69,51.0,32,26,9.0,155,77,8.0,99,51,,,,3,,Sander,Berge,Berge,,,183,0,0,0,5,0,0,0,0,0,0,2,8,,,,0.0,0.0,2.46,0.98,3.93,1,1,6
266,i,0.0,0.0,5.0,239,150,0,0,0,0,0.0,634,276,0,0,0.0,547,224,0,0,0.0,547,224,0.0,0.0,0,38,2,203,6,0.0,0.0,0.0,0.0,0.0,0.0,0.0,0.0,0.0,0.0,0.0,516,205,0.0,518,214,0.0,470,177,0.0,526,210,,,,3,,Tom,Cairney,Cairney,Knee injury - Expected back 10 Oct,,0,0,0,0,0,0,0,0,0,0,0,0,0,,,,0.0,0.0,0.0,0.0,0.0,0,0,0
268,a,,,5.5,189,117,0,0,0,0,0.8,209,66,19,10,6.3,32,14,3,80,6.3,23,9,1.1,3.5,0,69435,11618,19688,2052,6.3,6.3,0.95,0.34,1.29,6.23,0.32,0.11,0.43,2.08,52.2,49,25,20.1,124,75,62.0,20,11,13.4,34,27,,,,3,,Josh,King,King,,,270,2,0,0,7,0,0,0,0,0,0,3,19,,,,0.0,0.0,2.33,1.0,6.33,5,4,10
269,a,,,4.5,453,95,0,0,0,0,0.4,279,104,3,1,1.0,273,102,0,13,1.0,237,86,0.2,0.7,0,1900,54,8458,601,1.0,1.0,0.13,0.44,0.57,1.8,0.23,0.79,1.02,3.24,15.2,204,85,11.5,174,55,27.0,70,15,5.4,155,57,3.0,,,3,,Ryan,Sessegnon,Sessegnon,,,50,0,0,0,1,0,0,0,0,0,0,0,3,,,,0.0,0.0,1.8,0.0,5.4,1,2,3
270,a,,,4.5,443,259,0,0,0,0,1.3,164,52,0,0,0.0,450,182,0,0,0.0,450,182,0.0,0.0,0,14482,825,35749,2170,0.0,0.0,0.0,0.0,0.0,0.0,0.0,0.0,0.0,0.0,0.0,409,160,0.0,404,169,0.0,338,126,0.0,419,165,,,,3,,Harrison,Reed,Reed,,,0,0,0,0,0,0,0,0,0,0,0,0,0,,,,0.0,0.0,0.0,0.0,0.0,0,0,0
271,a,,,5.5,148,38,0,0,0,0,0.5,260,45,2,1,1.0,341,38,0,11,0.7,311,37,0.1,0.4,0,7628,407,19341,1123,0.7,0.7,0.4,0.0,0.4,0.03,2.4,0.0,2.4,0.18,6.0,261,23,11.5,175,18,7.0,177,30,2.5,235,26,,,,3,,Rodrigo,Muniz Carvalho,Muniz,,,15,0,0,0,0,0,0,0,0,0,0,0,1,,,,0.0,0.0,0.0,0.0,6.0,0,1,0
272,a,,,4.5,561,77,0,0,0,0,6.6,62,9,0,0,0.0,518,56,0,0,0.0,518,56,0.0,0.0,0,90973,6699,125973,9751,0.0,0.0,0.0,0.0,0.0,0.0,0.0,0.0,0.0,0.0,0.0,483,47,0.0,483,52,0.0,428,49,0.0,492,52,,,,3,,Jonah,Kusi-Asare,Kusi-Asare,,,0,0,0,0,0,0,0,0,0,0,0,0,0,,,,0.0,0.0,0.0,0.0,0.0,0,0,0
569,a,,,6.0,81,18,0,0,0,0,4.5,80,11,10,2,3.3,116,14,0,45,3.3,100,10,0.6,1.7,0,287471,6642,110146,13754,3.3,3.3,1.44,0.22,1.66,6.23,0.48,0.07,0.55,2.08,42.8,82,7,7.1,198,25,64.0,17,8,11.4,51,7,,,1.0,3,,Gonzalo,García,Gonzalo,,,270,1,0,0,7,0,0,0,0,0,0,3,13,,,,0.0,0.0,2.33,1.0,4.33,2,5,6
570,a,,,5.5,187,116,0,0,0,0,0.2,348,128,11,8,3.7,98,45,1,43,3.7,80,38,0.7,2.0,0,2283,361,5441,301,3.7,3.7,0.98,0.03,1.01,4.97,0.43,0.01,0.44,2.16,5.8,264,117,8.6,192,107,11.0,141,71,2.5,236,105,,,,3,,César,Palacios,Palacios,,,207,1,0,0,6,0,0,0,1,0,0,3,13,,,,0.0,0.0,2.61,1.3,5.65,2,3,8
580,a,,,5.0,306,184,0,0,0,0,0.1,462,183,4,2,1.3,250,114,0,25,1.3,216,98,0.3,0.8,0,757,64,2161,109,1.3,1.3,0.09,0.12,0.21,3.77,0.07,0.09,0.16,2.76,4.0,289,133,4.1,217,119,6.0,186,91,1.4,283,126,,,,3,,Shea,Charles,Charles,,,123,0,0,0,4,0,0,0,0,0,0,1,16,,,,0.0,0.0,2.93,0.73,11.71,1,4,11
610,d,75.0,75.0,4.0,635,197,0,0,0,0,0.1,433,153,0,0,0.0,425,155,0,0,0.0,425,155,0.0,0.0,0,5378,106,2508,195,0.0,0.0,0.0,0.0,0.0,0.0,0.0,0.0,0.0,0.0,0.0,383,146,0.0,375,144,0.0,300,118,0.0,393,146,,,,3,,Luc,De Fougerolles,De Fougerolles,Unspecified injury - 75% chance of playing,,0,0,0,0,0,0,0,0,0,0,0,0,0,,,,0.0,0.0,0.0,0.0,0.0,0,0,0
626,a,,,4.5,556,284,0,0,0,0,0.3,289,97,0,0,0.0,515,203,0,0,0.0,515,203,0.0,0.0,0,25886,3876,5914,1083,0.0,0.0,0.0,0.0,0.0,0.0,0.0,0.0,0.0,0.0,0.0,479,181,0.0,480,190,0.0,424,148,0.0,489,186,,,,3,,Macauley,Zepa,Zepa,,,0,0,0,0,0,0,0,0,0,0,0,0,0,,,,0.0,0.0,0.0,0.0,0.0,0,0,0
635,a,,,5.0,354,215,0,0,0,0,0.0,628,272,1,1,1.0,317,139,0,3,1.0,252,114,0.2,0.2,0,362,74,43,16,1.5,1.5,0.13,0.22,0.35,0.0,1.06,1.8,2.86,0.0,0.0,569,237,0.0,577,244,0.0,544,218,0.0,577,240,,,,3,,Hugo,Larsson,Larsson,,,11,0,0,0,0,0,0,0,0,0,0,0,1,,,,0.0,0.0,0.0,0.0,8.18,1,0,0
636,a,,,5.0,332,197,0,0,0,0,0.0,646,285,0,0,0.0,584,244,0,0,0.0,584,244,0.0,0.0,0,150,30,22,8,1.5,1.5,0.0,0.0,0.0,0.0,0.0,0.0,0.0,0.0,0.0,559,229,0.0,567,236,0.0,532,208,0.0,567,232,,,,3,,Manuel Ángel,Morán Ibáñez,Ángel,,,0,0,0,0,0,0,0,0,0,0,0,0,0,,,,0.0,0.0,0.0,0.0,0.0,0,0,0
650,a,,,4.5,491,125,0,0,0,0,0.0,633,210,0,0,0.0,470,182,0,0,0.0,470,182,0.0,0.0,0,265,61,44,17,1.8,1.8,0.0,0.0,0.0,0.0,0.0,0.0,0.0,0.0,0.0,432,176,0.0,429,176,0.0,368,163,0.0,442,176,,,,3,,David,Affengruber,Affengruber,,,0,0,0,0,0,0,0,0,0,0,0,0,0,,,,0.0,0.0,0.0,0.0,0.0,0,0,0
240,a,100.0,100.0,5.0,320,190,0,0,0,0,0.0,585,243,1,0,1.0,311,134,0,2,0.3,354,162,0.1,0.2,0,399,69,561,26,0.3,0.3,0.0,0.0,0.0,0.0,0.0,0.0,0.0,0.0,0.0,552,225,0.0,559,232,0.0,522,203,0.0,560,228,,,,3,,Tim,Iroegbunam,Iroegbunam,,,4,0,0,0,0,0,0,0,0,0,0,0,0,,,,0.0,0.0,0.0,0.0,0.0,0,0,0
273,a,,,4.0,593,60,0,0,0,0,1.5,149,21,0,0,0.0,397,34,0,0,0.0,397,34,0.0,0.0,0,13780,1347,19377,1043,0.0,0.0,0.0,0.0,0.0,0.0,0.0,0.0,0.0,0.0,0.0,354,34,0.0,345,13,0.0,267,12,0.0,363,34,,,,3,,Dillon,Phillips,Phillips,,,0,0,0,0,0,0,0,0,0,0,0,0,0,,,,0.0,0.0,0.0,0.0,0.0,0,0,0
274,i,0.0,0.0,4.5,433,27,0,0,0,0,0.1,455,51,0,0,0.0,444,48,0,0,0.0,444,48,0.0,0.0,0,315,25,3367,162,0.0,0.0,0.0,0.0,0.0,0.0,0.0,0.0,0.0,0.0,0.0,402,48,0.0,396,29,0.0,330,28,0.0,412,48,,,,3,,Jack,Butland,Butland,Arm injury - Unknown return date,,0,0,0,0,0,0,0,0,0,0,0,0,0,,,,0.0,0.0,0.0,0.0,0.0,0,0,0
275,u,0.0,0.0,4.0,624,69,0,0,0,0,0.0,611,71,0,0,0.0,416,43,0,0,0.0,416,43,0.0,0.0,0,0,0,210,16,0.0,0.0,0.0,0.0,0.0,0.0,0.0,0.0,0.0,0.0,0.0,373,43,0.0,365,22,0.0,290,21,0.0,383,43,,,,3,,Harvey,Cartwright,Cartwright,Has joined Grimsby Town on loan for the rest of the season,,0,0,0,0,0,0,0,0,0,0,0,0,0,,,,0.0,0.0,0.0,0.0,0.0,0,0,0
276,u,0.0,0.0,4.0,613,66,0,0,0,0,0.0,547,63,0,0,0.0,409,40,0,0,0.0,409,40,0.0,0.0,0,0,0,695,40,0.0,0.0,0.0,0.0,0.0,0.0,0.0,0.0,0.0,0.0,0.0,366,40,0.0,358,19,0.0,282,18,0.0,376,40,,,,3,,Thimothée,Lo-Tutala,Lo-Tutala,Has joined Colchester United on loan for the rest of the season,,0,0,0,0,0,0,0,0,0,0,0,0,0,,,,0.0,0.0,0.0,0.0,0.0,0,0,0
277,a,,,4.0,586,162,0,0,0,0,5.4,67,27,23,6,7.7,16,6,1,70,7.7,9,3,1.9,5.8,0,426668,48025,75430,6557,7.7,7.7,0.0,0.0,0.0,5.05,0.0,0.0,0.0,1.68,67.2,21,5,0.5,304,113,2.0,216,78,7.0,122,43,,,,3,,John,Egan,Egan,,,270,0,0,3,0,0,0,0,0,0,0,3,41,,,,0.0,1.0,0.0,1.0,13.67,5,36,5
278,i,0.0,0.0,4.0,628,191,0,0,0,0,0.1,441,156,0,0,0.0,419,150,0,0,0.0,419,150,0.0,0.0,0,249,12,4302,162,0.0,0.0,0.0,0.0,0.0,0.0,0.0,0.0,0.0,0.0,0.0,377,141,0.0,369,139,0.0,294,113,0.0,387,141,,,,3,,Charlie,Hughes,Hughes,Groin injury - Unknown return date,,0,0,0,0,0,0,0,0,0,0,0,0,0,,,,0.0,0.0,0.0,0.0,0.0,0,0,0
279,a,100.0,100.0,4.1,575,159,0,0,1,-1,9.7,43,16,25,5,8.3,11,4,2,80,8.3,3,1,2.0,6.1,0,759232,47906,92605,7763,8.3,8.3,0.52,0.0,0.52,4.08,0.19,0.0,0.19,1.51,59.8,31,9,1.0,282,101,35.0,54,10,9.5,73,19,,,,3,,Semi,Ajayi,Ajayi,,,243,1,0,3,0,0,0,0,1,0,0,3,20,,,,0.0,1.11,0.0,1.11,7.41,3,17,9
280,d,75.0,75.0,4.0,599,170,0,0,0,0,0.5,250,95,12,6,4.0,77,31,0,44,4.0,65,27,1.0,3.0,0,4314,159,16045,778,3.0,3.0,0.0,0.02,0.02,4.06,0.0,0.01,0.01,2.06,10.4,231,95,11.6,173,54,0.0,272,99,2.2,245,91,,,,3,,Lewie,Coyle,Coyle,Unspecified injury - 75% chance of playing,,177,0,0,2,0,0,0,0,1,0,0,3,6,,,,0.0,1.02,0.0,1.53,3.05,1,5,4
281,u,0.0,0.0,4.0,610,178,0,0,0,0,0.1,482,171,2,0,1.0,261,92,0,8,0.7,273,93,0.2,0.5,0,2118,0,2490,404,0.0,0.0,0.05,0.0,0.05,0.87,0.07,0.0,0.07,1.2,6.4,256,100,0.4,311,117,1.0,247,90,0.8,299,108,,,,3,,Cody,Drameh,Drameh,Has joined Genoa permanently,,65,0,0,0,0,0,0,0,0,0,0,0,6,,,,0.0,0.0,0.0,0.0,8.31,1,5,4
282,a,,,4.0,607,177,0,0,0,0,1.1,181,71,20,8,6.7,25,11,2,75,6.7,17,8,1.7,5.0,0,43940,4236,13469,935,6.7,6.7,0.02,0.18,0.2,4.98,0.01,0.06,0.07,1.7,23.4,162,74,33.8,69,17,6.0,183,62,6.4,137,50,1.0,1.0,,3,,Ryan,Giles,Giles,,,264,0,0,3,0,0,0,0,0,0,0,3,12,,,,0.0,1.02,0.0,1.02,4.09,3,9,10
283,u,0.0,0.0,4.0,614,180,0,0,0,0,0.0,600,202,0,0,0.0,410,144,0,0,0.0,410,144,0.0,0.0,0,114,0,462,24,0.0,0.0,0.0,0.0,0.0,0.0,0.0,0.0,0.0,0.0,0.0,367,134,0.0,359,132,0.0,283,105,0.0,377,134,,,,3,,Matty,Jacob,Jacob,Has joined Newport County on loan until January,,0,0,0,0,0,0,0,0,0,0,0,0,0,,,,0.0,0.0,0.0,0.0,0.0,0,0,0
284,a,,,4.0,653,214,0,0,0,0,0.1,437,155,0,0,0.0,439,168,0,0,0.0,439,168,0.0,0.0,0,2346,164,2303,132,0.0,0.0,0.0,0.0,0.0,0.0,0.0,0.0,0.0,0.0,0.0,397,159,0.0,389,157,0.0,317,134,0.0,407,159,,,,3,,Cathal,McCarthy,McCarthy,,,0,0,0,0,0,0,0,0,0,0,0,0,0,,,,0.0,0.0,0.0,0.0,0.0,0,0,0
285,a,,,4.0,591,164,0,0,0,0,0.1,401,146,1,0,1.0,257,88,0,3,0.3,324,111,0.1,0.2,0,1758,104,2337,148,0.3,0.3,0.0,0.0,0.0,0.96,0.0,0.0,0.0,3.32,4.2,282,105,0.0,344,124,0.0,266,95,0.4,314,112,,,,3,,Paddy,McNair,McNair,,,26,0,0,0,0,0,0,0,0,0,0,0,2,,,,0.0,0.0,0.0,0.0,6.92,0,2,1
286,a,,,5.0,349,210,0,0,0,0,0.9,204,63,14,5,4.7,64,29,0,46,4.7,47,22,0.9,2.8,0,43478,3026,15543,1073,4.7,4.7,0.2,0.06,0.26,4.87,0.07,0.02,0.09,1.73,33.8,121,44,14.3,153,92,18.0,96,50,6.6,130,66,3.0,2.0,,3,,Mohamed,Belloumi,Belloumi,,,253,0,1,3,0,0,0,0,0,0,0,3,32,,,,0.0,1.07,0.0,1.07,11.38,9,14,9
287,u,0.0,0.0,5.0,287,174,0,0,0,0,0.1,485,193,6,0,3.0,128,50,0,26,2.0,169,73,0.4,1.2,0,3178,0,4418,698,0.0,0.0,0.58,0.0,0.58,0.87,1.04,0.0,1.04,1.57,36.0,114,42,1.1,281,144,15.0,114,59,5.2,165,79,,,,3,,Liam,Millar,Millar,Has joined Birmingham on loan for the rest of the season,,50,1,0,0,0,0,0,0,1,0,0,0,4,,,,0.0,0.0,0.0,0.0,7.2,1,2,1
288,a,,,4.5,449,260,0,0,0,0,0.4,280,92,0,0,0.0,453,183,0,0,0.0,453,183,0.0,0.0,0,8122,639,10825,635,0.0,0.0,0.0,0.0,0.0,0.0,0.0,0.0,0.0,0.0,0.0,412,161,0.0,407,170,0.0,341,127,0.0,422,166,,,,3,,Kieran,Dowell,Dowell,,,0,0,0,0,0,0,0,0,0,0,0,0,0,,,,0.0,0.0,0.0,0.0,0.0,0,0,0
289,d,75.0,75.0,4.5,432,257,0,0,0,0,0.6,244,82,2,0,2.0,183,82,0,9,0.7,278,129,0.2,0.4,0,13204,178,22471,1531,0.5,0.5,0.0,0.0,0.0,1.83,0.0,0.0,0.0,1.83,19.0,182,70,2.4,234,126,0.0,329,124,2.1,250,113,,,,3,,Matt,Crooks,Crooks,Thigh injury - 75% chance of playing,,90,0,0,1,0,0,0,0,1,0,0,1,9,,,,0.0,1.0,0.0,1.0,9.0,4,4,1
290,a,,,4.5,478,263,0,0,0,0,4.9,76,25,11,3,3.7,92,40,0,36,3.7,74,33,0.8,2.4,0,269214,19275,96865,8249,3.7,3.7,0.04,0.46,0.5,5.05,0.01,0.15,0.16,1.68,28.2,140,51,22.1,116,71,2.0,221,105,5.3,160,75,2.0,,,3,,Regan,Slater,Slater,,,270,0,1,3,0,0,0,0,1,0,0,3,19,,,,0.0,1.0,0.0,1.0,6.33,6,5,8
291,i,0.0,0.0,4.5,497,265,0,0,0,0,0.0,618,264,0,0,0.0,472,186,0,0,0.0,472,186,0.0,0.0,0,185,18,252,20,0.0,0.0,0.0,0.0,0.0,0.0,0.0,0.0,0.0,0.0,0.0,434,164,0.0,432,173,0.0,372,131,0.0,444,169,,,,3,,Eliot,Matazo,Matazo,Knee injury - Unknown return date,,0,0,0,0,0,0,0,0,0,0,0,0,0,,,,0.0,0.0,0.0,0.0,0.0,0,0,0
292,a,,,4.9,385,233,0,0,-1,1,0.0,577,239,0,0,0.0,530,211,0,0,0.0,530,211,0.0,0.0,0,606,74,903,62,0.0,0.0,0.0,0.0,0.0,0.0,0.0,0.0,0.0,0.0,0.0,497,191,0.0,496,198,0.0,443,157,0.0,506,195,,,,3,,Abdülkadir,Ömür,Ömür,,,0,0,0,0,0,0,0,0,0,0,0,0,0,,,,0.0,0.0,0.0,0.0,0.0,0,0,0
293,u,0.0,0.0,5.0,321,191,0,0,0,0,0.0,640,280,0,0,0.0,578,241,0,0,0.0,578,241,0.0,0.0,0,0,0,304,11,0.0,0.0,0.0,0.0,0.0,0.0,0.0,0.0,0.0,0.0,0.0,553,226,0.0,560,233,0.0,523,204,0.0,561,229,,,,3,,Abu,Kamara,Kamara,Has joined Portsmouth permanently,,0,0,0,0,0,0,0,0,0,0,0,0,0,,,,0.0,0.0,0.0,0.0,0.0,0,0,0
294,i,0.0,0.0,4.5,531,273,0,0,0,0,0.1,438,173,0,0,0.0,495,194,0,0,0.0,495,194,0.0,0.0,0,1203,67,4238,181,0.0,0.0,0.0,0.0,0.0,0.0,0.0,0.0,0.0,0.0,0.0,458,172,0.0,460,181,0.0,402,139,0.0,468,177,,,,3,,Óscar,Zambrano,Zambrano,Thigh injury - Unknown return date,,0,0,0,0,0,0,0,0,0,0,0,0,0,,,,0.0,0.0,0.0,0.0,0.0,0,0,0
295,a,,,5.5,128,33,0,0,0,0,2.0,128,19,8,2,2.7,147,16,0,30,2.7,123,11,0.5,1.5,0,126648,3375,71917,5976,2.7,2.7,0.54,0.07,0.61,5.05,0.18,0.02,0.2,1.68,18.0,188,17,34.4,64,5,60.0,23,10,11.2,53,8,,,1.0,3,,Oli,McBurnie,McBurnie,,,270,0,1,3,0,0,0,0,1,0,0,3,12,,,,0.0,1.0,0.0,1.0,4.0,2,4,6
296,a,,,5.0,271,169,0,0,0,0,0.0,507,207,0,0,0.0,557,230,0,0,0.0,557,230,0.0,0.0,0,2321,139,2421,146,0.0,0.0,0.0,0.0,0.0,0.0,0.0,0.0,0.0,0.0,0.0,530,213,0.0,533,220,0.0,490,187,0.0,538,216,,,,3,,David,Akintola,Akintola,,,0,0,0,0,0,0,0,0,0,0,0,0,0,,,,0.0,0.0,0.0,0.0,0.0,0,0,0
297,i,0.0,0.0,4.5,498,266,0,0,0,0,0.0,566,234,0,0,0.0,473,187,0,0,0.0,473,187,0.0,0.0,0,232,27,1020,51,0.0,0.0,0.0,0.0,0.0,0.0,0.0,0.0,0.0,0.0,0.0,435,165,0.0,433,174,0.0,373,132,0.0,445,170,,,,3,,Darko,Gyabi,Gyabi,Thigh injury - Unknown return date,,0,0,0,0,0,0,0,0,0,0,0,0,0,,,,0.0,0.0,0.0,0.0,0.0,0,0,0
298,u,0.0,0.0,4.5,516,68,0,0,0,0,0.2,315,52,0,0,0.0,482,48,0,0,0.0,482,48,0.0,0.0,0,0,0,15134,694,0.0,0.0,0.0,0.0,0.0,0.0,0.0,0.0,0.0,0.0,0.0,444,38,0.0,446,44,0.0,388,40,0.0,454,43,,,,3,,Enis,Destan,Destan,Has joined Konyaspor permanently,,0,0,0,0,0,0,0,0,0,0,0,0,0,,,,0.0,0.0,0.0,0.0,0.0,0,0,0
299,u,0.0,0.0,4.5,524,69,0,0,0,0,0.0,511,69,0,0,0.0,489,49,0,0,0.0,489,49,0.0,0.0,0,0,0,2102,114,0.0,0.0,0.0,0.0,0.0,0.0,0.0,0.0,0.0,0.0,0.0,452,39,0.0,454,45,0.0,396,41,0.0,462,44,,,,3,,Mason,Burstow,Burstow,Has joined Sheffield Wednesday on loan for the rest of the season,,0,0,0,0,0,0,0,0,0,0,0,0,0,,,,0.0,0.0,0.0,0.0,0.0,0,0,0
340,a,100.0,100.0,5.0,305,183,0,0,0,0,0.0,597,252,0,0,0.0,572,237,0,0,0.0,572,237,0.0,0.0,0,195,51,536,25,0.0,0.0,0.0,0.0,0.0,0.0,0.0,0.0,0.0,0.0,0.0,546,221,0.0,551,228,0.0,512,198,0.0,554,224,,,,3,,Joe,Gelhardt,Gelhardt,,,0,0,0,0,0,0,0,0,0,0,0,0,0,,,,0.0,0.0,0.0,0.0,0.0,0,0,0
556,a,,,4.0,594,166,0,0,0,0,2.1,126,52,1,0,1.0,259,90,0,3,0.3,326,113,0.1,0.2,0,16662,850,40962,2408,0.3,0.3,0.0,0.0,0.0,0.07,0.0,0.0,0.0,1.26,0.4,331,123,0.0,346,125,0.0,268,96,0.0,364,127,,,,3,,Matt,Targett,Targett,,,5,0,0,0,0,0,0,0,0,0,0,0,0,,,,0.0,0.0,0.0,0.0,0.0,0,0,1
563,a,100.0,100.0,5.0,298,178,0,0,0,0,0.0,555,229,1,0,1.0,308,132,0,6,0.3,352,160,0.1,0.2,0,576,37,692,47,0.3,0.3,0.0,0.0,0.0,1.09,0.0,0.0,0.0,2.18,11.0,230,95,13.4,157,94,0.0,506,194,2.4,239,107,,,,3,,Hidemasa,Morita,Morita,,,45,0,0,0,0,0,0,0,0,0,0,1,3,,,,0.0,0.0,0.0,2.0,6.0,0,2,1
572,a,,,4.6,422,22,0,0,1,-1,8.1,53,7,26,6,8.7,10,1,6,98,8.7,2,1,1.9,5.7,0,502110,32358,79088,5800,8.7,8.7,0.0,0.0,0.0,5.05,0.0,0.0,0.0,1.68,60.8,29,5,0.0,490,51,0.0,435,50,6.1,142,4,,,,3,,Konstantinos,Tzolakis,Tzolakis,,,270,0,0,3,0,0,0,0,0,0,9,3,0,,,,3.0,1.0,0.0,1.0,0.0,0,0,43
574,a,,,4.9,413,250,-1,1,-1,1,0.1,478,190,1,1,1.0,295,124,0,4,0.3,344,156,0.1,0.2,0,692,64,2557,128,0.3,0.3,0.0,0.0,0.0,0.0,0.0,0.0,0.0,0.0,0.0,512,201,0.0,513,209,0.0,462,169,0.0,522,206,,,,3,,Jens,Hjertø-Dahl,Hjertø-Dahl,,,8,0,0,0,0,0,0,0,0,0,0,0,1,,,,0.0,0.0,0.0,0.0,11.25,0,0,1
576,a,,,5.0,364,222,0,0,0,0,0.1,440,175,6,3,2.0,205,91,0,14,2.0,175,78,0.4,1.2,0,2289,89,2410,127,2.0,2.0,0.05,0.05,0.1,4.06,0.02,0.02,0.04,1.92,8.4,243,103,9.1,189,105,7.0,173,84,2.2,247,111,,,,3,,Elliot,Stroud,Stroud,,,190,0,0,2,0,0,0,0,1,0,0,3,15,,,,0.0,0.95,0.0,1.42,7.11,3,3,9
585,a,,,4.0,646,207,0,0,0,0,0.6,239,89,3,1,1.0,265,96,0,9,1.0,235,84,0.2,0.8,0,6516,311,9200,499,1.0,1.0,0.0,0.0,0.0,1.28,0.0,0.0,0.0,1.52,11.0,228,93,0.2,322,118,0.0,311,128,1.1,291,105,,,,3,,Lucas,Herrington,Herrington,,,76,0,0,0,0,0,0,0,0,0,0,0,7,,,,0.0,0.0,0.0,0.0,8.29,1,6,1
586,a,100.0,100.0,4.0,648,209,0,0,0,0,5.7,64,26,24,8,8.0,13,5,1,66,8.0,6,2,2.0,6.0,0,371914,25536,94008,5785,8.0,8.0,0.32,0.0,0.32,3.76,0.15,0.0,0.15,1.77,79.4,7,1,0.6,296,109,40.0,45,5,12.0,43,6,,,,3,,Nobel,Mendy,Mendy,,,191,1,0,2,0,0,0,0,0,0,0,3,32,,,,0.0,0.94,0.0,1.41,15.08,5,27,6
589,a,,,5.0,311,186,0,0,0,0,0.0,549,225,3,2,1.5,238,107,0,13,1.0,249,111,0.2,0.6,0,374,26,700,40,1.0,1.0,0.0,0.02,0.02,2.13,0.0,0.01,0.01,1.52,12.8,218,88,0.9,286,145,0.0,516,200,1.4,284,127,,,,3,,Lucas,Gourna-Douath,Gourna-Douath,,,126,0,0,1,0,0,0,0,1,0,0,1,16,,,,0.0,0.71,0.0,0.71,11.43,4,5,7
617,a,,,5.0,323,193,0,0,0,0,0.0,608,258,2,1,1.0,312,135,0,8,1.0,250,112,0.2,0.4,0,764,68,223,32,1.0,1.0,0.05,0.0,0.05,0.18,0.3,0.0,0.3,1.08,0.4,332,152,0.3,314,159,0.0,525,206,0.1,344,161,,,,3,,Mohamed-Ali,Cho,Cho,,,15,0,0,0,0,0,0,0,0,0,0,0,0,,,,0.0,0.0,0.0,0.0,0.0,0,0,0
632,a,,,5.0,370,62,0,0,0,0,0.0,527,70,0,0,0.0,598,65,0,0,0.0,598,65,0.0,0.0,0,3040,818,338,128,1.4,1.4,0.0,0.0,0.0,0.0,0.0,0.0,0.0,0.0,0.0,575,56,0.0,582,61,0.0,553,58,0.0,583,61,,,,3,,Ilyas,Ansah,Ansah,,,0,0,0,0,0,0,0,0,0,0,0,0,0,,,,0.0,0.0,0.0,0.0,0.0,0,0,0
637,a,,,5.0,372,64,0,0,0,0,0.0,557,73,0,0,0.0,600,67,0,0,0.0,600,67,0.0,0.0,0,2129,522,297,95,1.4,1.4,0.0,0.0,0.0,0.0,0.0,0.0,0.0,0.0,0.0,577,58,0.0,584,63,0.0,555,60,0.0,585,63,,,,3,,Robinio,Vaz,Vaz,,,0,0,0,0,0,0,0,0,0,0,0,0,0,,,,0.0,0.0,0.0,0.0,0.0,0,0,0
638,a,,,4.0,625,188,0,0,0,0,0.1,396,144,1,1,1.0,262,93,0,3,1.0,233,82,0.2,0.2,0,9252,2798,1204,431,1.0,1.0,0.0,0.0,0.0,0.12,0.0,0.0,0.0,0.42,0.0,374,138,0.0,366,136,0.0,291,110,0.0,384,138,,,,3,,Brooke,Norton-Cuffy,Norton-Cuffy,,,26,0,0,0,0,0,0,0,0,0,0,0,1,,,,0.0,0.0,0.0,0.0,3.46,0,1,2
642,a,,,5.5,147,89,0,0,0,0,0.0,615,262,1,1,1.0,340,156,0,5,1.0,258,119,0.2,0.2,0,631,185,91,33,2.0,2.0,0.0,0.04,0.04,0.12,0.0,0.13,0.13,0.4,0.0,609,262,0.0,613,263,0.0,598,252,0.0,614,263,,,,3,,Sorba,Thomas,Thomas,,,27,0,0,0,0,0,0,0,0,0,0,0,1,,,,0.0,0.0,0.0,0.0,3.33,0,0,1
645,a,,,5.0,373,226,0,0,0,0,0.0,630,274,0,0,0.0,601,254,0,0,0.0,601,254,0.0,0.0,0,281,71,32,8,1.5,1.5,0.0,0.0,0.0,0.0,0.0,0.0,0.0,0.0,0.0,578,241,0.0,585,247,0.0,556,225,0.0,586,244,,,,3,,Christos,Mouzakitis,Mouzakitis,,,0,0,0,0,0,0,0,0,0,0,0,0,0,,,,0.0,0.0,0.0,0.0,0.0,0,0,0
259,a,,,4.0,604,174,0,0,0,0,15.4,26,8,7,3,2.3,164,63,0,24,2.3,137,53,0.6,1.8,0,75735,5708,212867,16793,2.3,2.3,0.0,0.02,0.02,6.12,0.0,0.01,0.01,2.04,48.0,65,27,1.1,278,99,2.0,217,79,5.1,168,61,,,,3,,Issa,Diop,Diop,,,270,0,0,0,8,0,0,0,0,0,0,3,28,,,,0.0,0.0,2.67,1.0,9.33,3,25,12
267,a,,,5.0,270,168,0,0,0,0,0.1,410,159,8,2,2.7,145,60,0,46,2.7,120,48,0.5,1.6,0,2135,148,3368,217,2.7,2.7,0.02,0.06,0.08,5.26,0.01,0.02,0.03,1.88,40.8,88,31,26.7,93,58,4.0,199,96,7.1,121,61,4.0,,,3,,Saša,Lukić,Lukić,,,252,0,1,0,7,0,0,0,1,0,0,3,21,,,,0.0,0.0,2.5,1.07,7.5,5,10,6
300,a,,,4.5,436,28,0,0,0,0,0.4,264,34,0,0,0.0,445,49,0,0,0.0,445,49,0.0,0.0,0,616,57,9458,422,0.0,0.0,0.0,0.0,0.0,0.0,0.0,0.0,0.0,0.0,0.0,404,49,0.0,398,30,0.0,332,29,0.0,414,49,,,,3,,Christian,Walton,Walton,,,0,0,0,0,0,0,0,0,0,0,0,0,0,,,,0.0,0.0,0.0,0.0,0.0,0,0,0
301,a,,,4.0,587,57,0,0,0,0,4.3,83,12,0,0,0.0,393,31,0,0,0.0,393,31,0.0,0.0,0,41277,3911,51984,3769,0.0,0.0,0.0,0.0,0.0,0.0,0.0,0.0,0.0,0.0,0.0,350,31,0.0,340,10,0.0,262,9,0.0,359,31,,,,3,,Alex,Palmer,Palmer,,,0,0,0,0,0,0,0,0,0,0,0,0,0,,,,0.0,0.0,0.0,0.0,0.0,0,0,0
302,a,,,4.0,579,52,0,0,0,0,0.5,256,33,0,0,0.0,386,26,0,0,0.0,386,26,0.0,0.0,0,10867,1311,6077,377,0.0,0.0,0.0,0.0,0.0,0.0,0.0,0.0,0.0,0.0,0.0,343,26,0.0,333,5,0.0,255,4,0.0,352,26,,,,3,,David,Button,Button,,,0,0,0,0,0,0,0,0,0,0,0,0,0,,,,0.0,0.0,0.0,0.0,0.0,0,0,0
303,a,,,4.0,598,169,0,0,0,0,0.5,248,93,0,0,0.0,399,138,0,0,0.0,399,138,0.0,0.0,0,1067,103,10990,619,0.0,0.0,0.0,0.0,0.0,0.0,0.0,0.0,0.0,0.0,0.0,356,128,0.0,348,126,0.0,271,98,0.0,366,128,,,,3,,Cédric,Kipré,Kipré,,,0,0,0,0,0,0,0,0,0,0,0,0,0,,,,0.0,0.0,0.0,0.0,0.0,0,0,0
304,a,,,4.0,603,173,0,0,0,0,3.2,101,39,7,3,2.3,163,62,0,7,2.3,136,52,0.6,1.8,0,39933,2122,55757,4580,2.3,2.3,0.07,0.18,0.25,6.12,0.02,0.06,0.08,2.04,48.0,64,26,25.3,102,31,11.0,135,43,8.4,88,27,,,,3,,Dara,O'Shea,O'Shea,,,270,0,0,0,8,0,0,0,0,0,0,3,30,,,,0.0,0.0,2.67,1.0,10.0,5,25,11
305,a,,,4.0,617,183,0,0,0,0,5.2,72,31,9,1,3.0,117,46,0,15,3.0,101,39,0.8,2.2,0,78017,7822,69282,8036,3.0,3.0,0.65,0.25,0.9,6.12,0.22,0.08,0.3,2.04,62.2,25,7,17.0,136,41,50.0,34,3,13.0,36,3,2.0,2.0,,3,,Leif,Davis,Davis,,,270,1,0,0,8,0,0,0,0,0,0,3,17,,,,0.0,0.0,2.67,1.0,5.67,2,15,8
306,a,,,4.0,615,181,0,0,0,0,1.3,160,64,2,1,0.7,369,127,0,5,0.7,274,94,0.2,0.5,0,4655,341,18421,1037,0.7,0.7,0.0,0.05,0.05,6.12,0.0,0.02,0.02,2.04,34.8,118,54,2.6,232,74,0.0,284,106,3.8,199,76,,,,3,,Jacob,Greaves,Greaves,,,270,0,0,0,8,1,0,0,1,0,0,3,24,,,,0.0,0.0,2.67,1.0,8.0,5,19,8
307,u,0.0,0.0,4.0,606,176,0,0,0,0,0.1,431,151,0,0,0.0,404,142,0,0,0.0,404,142,0.0,0.0,0,1137,0,2934,544,0.0,0.0,0.0,0.0,0.0,0.0,0.0,0.0,0.0,0.0,0.0,361,132,0.0,353,130,0.0,277,103,0.0,371,132,,,,3,,Ben,Johnson,Johnson,Has joined Stoke City on loan for the rest of the season,,0,0,0,0,0,0,0,0,0,0,0,0,0,,,,0.0,0.0,0.0,0.0,0.0,0,0,0
308,a,,,4.0,597,168,0,0,0,0,0.5,249,94,1,0,1.0,260,91,0,-1,0.3,327,114,0.1,0.2,0,945,64,9462,498,0.3,0.3,0.0,0.0,0.0,0.86,0.0,0.0,0.0,4.55,5.0,274,103,0.5,305,114,0.0,270,97,0.6,308,110,,,,3,,Darnell,Furlong,Furlong,,,17,0,0,0,1,0,0,0,0,0,0,0,3,,,,0.0,0.0,5.29,0.0,15.88,1,2,0
309,a,,,5.0,333,198,0,0,0,0,0.1,392,147,6,0,3.0,130,51,0,32,2.0,172,76,0.4,1.2,0,2373,70,3685,307,2.0,2.0,0.03,0.05,0.08,3.48,0.02,0.03,0.05,2.24,24.6,155,56,19.4,129,78,6.0,188,92,5.0,170,82,1.0,1.0,,3,,Marcelino,Núñez,Núñez,,,140,0,0,0,4,0,0,0,0,0,0,2,21,,,,0.0,0.0,2.57,1.29,13.5,3,8,10
310,i,0.0,0.0,5.0,289,175,0,0,0,0,0.0,636,277,0,0,0.0,564,233,0,0,0.0,564,233,0.0,0.0,0,24,4,185,6,0.0,0.0,0.0,0.0,0.0,0.0,0.0,0.0,0.0,0.0,0.0,538,216,0.0,541,223,0.0,499,191,0.0,546,219,,,,3,,Azor,Matusiwa,Matusiwa,Muscular injury - Unknown return date,,0,0,0,0,0,0,0,0,0,0,0,0,0,,,,0.0,0.0,0.0,0.0,0.0,0,0,0
311,u,0.0,0.0,5.0,250,153,0,0,0,0,0.0,638,279,0,0,0.0,550,225,0,0,0.0,550,225,0.0,0.0,0,0,0,292,13,0.0,0.0,0.0,0.0,0.0,0.0,0.0,0.0,0.0,0.0,0.0,522,207,0.0,524,215,0.0,478,179,0.0,531,211,,,,3,,Wes,Burns,Burns,Has joined Leicester City permanently,,0,0,0,0,0,0,0,0,0,0,0,0,0,,,,0.0,0.0,0.0,0.0,0.0,0,0,0
312,i,0.0,0.0,4.5,473,262,0,0,0,0,0.0,528,218,0,0,0.0,461,185,0,0,0.0,461,185,0.0,0.0,0,335,34,1676,98,0.0,0.0,0.0,0.0,0.0,0.0,0.0,0.0,0.0,0.0,0.0,422,163,0.0,418,172,0.0,355,129,0.0,432,168,,,,3,,Jack,Taylor,Taylor,Knee injury - Unknown return date,,0,0,0,0,0,0,0,0,0,0,0,0,0,,,,0.0,0.0,0.0,0.0,0.0,0,0,0
313,a,,,5.5,158,95,0,0,0,0,0.2,321,115,8,1,4.0,85,37,1,30,2.7,126,51,0.5,1.5,0,4481,112,8822,653,2.7,2.7,0.15,0.02,0.17,0.09,0.31,0.04,0.35,0.19,33.6,123,45,0.6,302,152,18.0,97,51,5.2,166,80,3.0,3.0,1.0,3,,Jack,Clarke,Clarke,,,43,1,0,0,0,0,0,0,0,0,0,0,4,,,,0.0,0.0,0.0,0.0,8.37,1,1,2
314,u,0.0,0.0,4.9,390,236,0,0,-1,1,0.0,599,254,0,0,0.0,532,213,0,0,0.0,532,213,0.0,0.0,0,104,0,752,91,0.0,0.0,0.0,0.0,0.0,0.0,0.0,0.0,0.0,0.0,0.0,499,193,0.0,499,200,0.0,446,159,0.0,508,197,,,,3,,Chiedozie,Ogbene,Ogbene,Has joined Lincoln City on loan until January,,0,0,0,0,0,0,0,0,0,0,0,0,0,,,,0.0,0.0,0.0,0.0,0.0,0,0,0
315,a,,,5.5,178,109,0,0,0,0,0.2,335,121,8,2,2.7,150,63,0,61,2.7,128,53,0.5,1.5,0,3123,427,6119,376,2.7,2.7,0.03,0.78,0.81,5.91,0.01,0.31,0.32,2.36,45.2,73,29,70.7,13,13,10.0,149,73,12.6,40,30,6.0,,,3,,Abdul,Fatawu,Fatawu,,,225,0,1,0,8,0,0,0,1,0,0,3,17,,,,0.0,0.0,3.2,1.2,6.8,7,4,6
316,a,100.0,100.0,5.5,181,43,0,0,0,0,1.7,139,20,12,2,4.0,86,8,3,56,4.0,72,6,0.7,2.2,0,103840,6293,72698,4644,4.0,4.0,1.04,0.06,1.1,2.02,0.53,0.03,0.56,1.04,46.6,70,5,37.4,54,2,42.0,42,13,12.6,41,6,,,2.0,3,,Emersonn,Correia da Silva,Emersonn,,,175,1,0,0,4,0,0,0,0,0,0,3,7,,,,0.0,0.0,2.06,1.54,3.6,2,3,2
317,u,0.0,0.0,5.0,280,53,0,0,0,0,0.1,412,59,0,0,0.0,560,58,0,0,0.0,560,58,0.0,0.0,0,0,0,13380,320,0.0,0.0,0.0,0.0,0.0,0.0,0.0,0.0,0.0,0.0,0.0,533,49,0.0,536,54,0.0,493,51,0.0,541,54,,,,3,,George,Hirst,Hirst,Has joined Stoke City permanently,,0,0,0,0,0,0,0,0,0,0,0,0,0,,,,0.0,0.0,0.0,0.0,0.0,0,0,0
318,i,0.0,0.0,5.4,220,136,0,0,-1,1,0.1,439,174,0,0,0.0,612,261,0,0,0.0,612,261,0.0,0.0,0,150,3,7653,275,0.0,0.0,0.0,0.0,0.0,0.0,0.0,0.0,0.0,0.0,0.0,592,250,0.0,598,255,0.0,574,236,0.0,599,252,5.0,,3.0,3,,Jaden,Philogene,Philogene,Ankle injury - Unknown return date,,0,0,0,0,0,0,0,0,0,0,0,0,0,,,,0.0,0.0,0.0,0.0,0.0,0,0,0
319,u,0.0,0.0,5.0,257,159,0,0,0,0,0.0,627,271,0,0,0.0,554,228,0,0,0.0,554,228,0.0,0.0,0,0,0,617,17,0.0,0.0,0.0,0.0,0.0,0.0,0.0,0.0,0.0,0.0,0.0,526,210,0.0,528,218,0.0,484,184,0.0,535,214,,,,3,,Sam,Szmodics,Szmodics,Has joined Derby County on loan for the rest of the season,,0,0,0,0,0,0,0,0,0,0,0,0,0,,,,0.0,0.0,0.0,0.0,0.0,0,0,0
320,a,,,5.0,249,51,0,0,0,0,1.1,188,29,6,0,3.0,126,15,0,33,2.0,166,15,0.4,1.2,0,73950,6671,25934,2464,2.0,2.0,0.97,0.0,0.97,4.04,1.27,0.0,1.27,5.27,34.6,119,10,1.7,259,35,19.0,92,20,5.5,153,17,,,,3,,Chuba,Akpom,Akpom,,,69,1,0,0,4,0,0,0,0,0,0,0,3,,,,0.0,0.0,5.22,0.0,3.91,1,0,2
321,a,,,4.5,534,71,0,0,0,0,3.3,97,14,1,0,1.0,285,32,0,3,0.3,335,42,0.1,0.2,0,182094,13684,85201,7606,0.3,0.3,0.0,0.0,0.0,0.03,0.0,0.0,0.0,0.27,0.0,461,41,0.1,326,41,0.0,405,43,0.0,471,46,,,,3,,Sindre,Walle Egeli,Walle Egeli,,,10,0,0,0,0,0,0,0,0,0,0,0,0,,,,0.0,0.0,0.0,0.0,0.0,0,0,0
322,u,0.0,0.0,5.0,304,56,0,0,0,0,0.1,459,65,0,0,0.0,571,60,0,0,0.0,571,60,0.0,0.0,0,755,0,7191,312,0.0,0.0,0.0,0.0,0.0,0.0,0.0,0.0,0.0,0.0,0.0,545,51,0.0,550,56,0.0,511,53,0.0,553,56,,,,3,,Ali,Al-Hamadi,Al-Hamadi,Has joined Sheffield Wednesday on loan for the rest of the season,,0,0,0,0,0,0,0,0,0,0,0,0,0,,,,0.0,0.0,0.0,0.0,0.0,0,0,0
323,a,,,4.5,495,264,0,0,0,0,1.3,163,51,3,1,1.0,280,119,0,12,1.0,241,107,0.2,0.7,0,18804,1563,29341,1810,1.0,1.0,0.05,0.0,0.05,0.21,0.11,0.0,0.11,0.45,1.4,317,143,1.3,272,139,0.0,371,130,0.3,324,148,,,,3,,Kasey,McAteer,McAteer,,,42,0,0,0,0,0,0,0,0,0,0,0,5,,,,0.0,0.0,0.0,0.0,10.71,1,0,4
324,a,,,4.9,391,237,0,0,-1,1,0.0,516,212,0,0,0.0,533,214,0,0,0.0,533,214,0.0,0.0,0,182,26,1538,95,0.0,0.0,0.0,0.0,0.0,0.0,0.0,0.0,0.0,0.0,0.0,500,194,0.0,500,201,0.0,447,160,0.0,509,198,,,,3,,Anis,Mehmeti,Mehmeti,,,0,0,0,0,0,0,0,0,0,0,0,0,0,,,,0.0,0.0,0.0,0.0,0.0,0,0,0
554,u,0.0,0.0,4.5,525,46,0,0,0,0,0.0,559,65,0,0,0.0,490,62,0,0,0.0,490,62,0.0,0.0,0,54,0,1384,49,0.0,0.0,0.0,0.0,0.0,0.0,0.0,0.0,0.0,0.0,0.0,453,62,0.0,455,48,0.0,397,47,0.0,463,62,,,,3,,Kayne,van Oevelen,Van Oevelen,Has joined Valencia on loan for the rest of the season,,0,0,0,0,0,0,0,0,0,0,0,0,0,,,,0.0,0.0,0.0,0.0,0.0,0,0,0
562,a,,,5.4,213,133,-1,1,-1,1,0.3,292,99,6,2,2.0,206,92,0,26,2.0,176,79,0.4,1.1,0,1829,186,10557,676,2.0,2.0,0.71,0.01,0.72,5.16,0.3,0.0,0.3,2.15,20.6,174,66,2.8,231,125,26.0,72,41,4.9,175,83,,,,3,,Daizen,Maeda,Maeda,,,216,0,0,0,7,0,0,0,0,0,0,3,19,,,,0.0,0.0,2.92,1.25,7.92,7,8,4
564,a,,,4.5,476,37,0,0,0,0,0.6,240,32,6,2,2.0,189,15,0,34,2.0,163,15,0.4,1.3,0,6613,885,11398,665,2.0,2.0,0.0,0.01,0.01,6.12,0.0,0.0,0.0,2.04,60.8,28,4,0.0,420,39,0.0,357,38,6.0,145,5,,,,3,,Kjell,Scherpen,Scherpen,,,270,0,0,0,8,0,0,0,0,0,13,3,0,,,,4.33,0.0,2.67,1.0,0.0,0,5,30
571,a,100.0,100.0,4.9,389,235,0,0,-1,1,0.1,430,171,0,0,0.0,531,212,0,0,0.0,531,212,0.0,0.0,0,504,67,4696,138,0.0,0.0,0.0,0.0,0.0,0.0,0.0,0.0,0.0,0.0,0.0,498,192,0.0,498,199,0.0,445,158,0.0,507,196,,,,3,,Florentino Ibrain,Morris Luís,Florentino,,,0,0,0,0,0,0,0,0,0,0,0,0,0,,,,0.0,0.0,0.0,0.0,0.0,0,0,0
591,a,100.0,100.0,5.5,167,101,0,0,0,0,0.8,216,70,11,1,3.7,96,43,0,65,3.7,78,36,0.7,2.0,0,58392,4826,17279,2014,3.7,3.7,0.87,0.64,1.51,6.09,0.31,0.23,0.54,2.19,43.4,77,30,26.4,96,59,39.0,47,28,10.9,58,38,,,,3,,Julio,Enciso,Enciso,,,250,0,2,0,8,0,0,0,1,0,0,3,21,,,,0.0,0.0,2.88,1.08,7.56,2,4,15
592,a,,,4.0,640,202,0,0,0,0,0.9,197,75,3,1,1.0,264,95,0,7,1.0,234,83,0.2,0.8,0,7693,523,13723,696,1.0,1.0,0.0,0.02,0.02,0.89,0.0,0.05,0.05,2.05,5.8,262,101,10.6,182,58,0.0,305,123,1.6,275,100,,,,3,,Abdoul,Ouattara,Ouattara,,,39,0,0,0,1,0,0,0,0,0,0,0,2,,,,0.0,0.0,2.31,0.0,4.62,0,2,3
602,u,0.0,0.0,4.5,523,272,0,0,0,0,0.0,523,216,0,0,0.0,488,193,0,0,0.0,488,193,0.0,0.0,0,2861,0,1832,295,0.0,0.0,0.0,0.0,0.0,0.0,0.0,0.0,0.0,0.0,0.0,451,171,0.0,453,180,0.0,395,138,0.0,461,176,,,,3,,Cameron,Humphreys,Humphreys,Has joined Huddersfield Town on loan for the rest of the season,,0,0,0,0,0,0,0,0,0,0,0,0,0,,,,0.0,0.0,0.0,0.0,0.0,0,0,0
619,a,,,5.0,274,170,0,0,0,0,0.0,570,235,5,4,2.5,157,66,0,35,2.5,135,58,0.5,1.0,0,1937,522,470,118,2.5,2.5,0.0,0.03,0.03,2.61,0.0,0.03,0.03,2.24,7.2,250,109,12.0,170,100,2.0,229,109,2.1,253,114,,,,3,,Exequiel,Palacios,Palacios,,,105,0,0,0,4,0,0,0,0,0,0,1,25,,,,0.0,0.0,3.43,0.86,21.43,5,5,15
640,a,,,5.5,151,39,0,0,0,0,0.0,561,74,1,1,1.0,342,39,0,4,1.0,259,30,0.2,0.2,0,2185,424,316,83,1.8,1.8,0.02,0.01,0.03,0.06,0.08,0.04,0.12,0.22,0.0,610,65,0.0,614,69,0.0,599,67,0.0,615,69,,,,3,,Zian,Flemming,Flemming,,,24,0,0,0,0,0,0,0,0,0,0,0,0,,,,0.0,0.0,0.0,0.0,0.0,0,0,0
260,a,,,6.4,47,32,0,0,-1,1,3.8,89,29,4,0,1.3,255,117,0,15,1.3,227,105,0.2,0.6,0,22891,635,233454,20081,1.3,1.3,0.01,0.06,0.07,2.98,0.01,0.04,0.05,2.11,14.6,209,83,27.4,90,56,10.0,150,74,5.3,164,78,2.0,,,3,,Harry,Wilson,Wilson,,,127,0,0,1,0,0,0,0,1,0,0,1,9,,,,0.0,0.71,0.0,0.71,6.38,3,2,4
326,u,0.0,0.0,4.5,458,34,0,0,0,0,0.4,267,35,0,0,0.0,455,55,0,0,0.0,455,55,0.0,0.0,0,532,0,16303,1487,0.0,0.0,0.0,0.0,0.0,0.0,0.0,0.0,0.0,0.0,0.0,416,55,0.0,411,36,0.0,346,35,0.0,426,55,,,,3,,Lucas Estella,Perri,Perri,Has joined Torino on loan for the rest of the season,,0,0,0,0,0,0,0,0,0,0,0,0,0,,,,0.0,0.0,0.0,0.0,0.0,0,0,0
327,a,,,5.0,296,51,0,0,0,0,0.9,199,77,12,1,4.0,80,34,2,29,4.0,68,29,0.8,2.4,0,61083,956,28054,2343,4.0,4.0,0.11,0.0,0.11,3.16,0.06,0.0,0.06,1.73,32.0,131,59,0.6,298,111,15.0,115,35,4.8,179,66,,,,3,,Jaka,Bijol,Bijol,,,164,0,0,1,2,0,0,0,0,0,0,2,21,,,,0.0,0.55,1.1,1.1,11.52,3,18,7
329,i,0.0,0.0,4.4,570,154,-1,1,-1,1,2.1,127,53,7,0,3.5,101,37,0,25,2.3,138,54,0.5,1.6,0,26702,32,162405,22204,0.0,0.0,0.03,0.06,0.09,1.01,0.02,0.04,0.06,0.74,23.0,164,76,14.7,151,46,7.0,164,56,4.5,185,69,,,,3,,Joe,Rodon,Rodon,Hamstring injury - Expected back 21 Nov,,123,0,0,1,0,0,0,0,0,0,0,2,11,,,,0.0,0.73,0.0,1.46,8.05,1,10,2
330,a,,,4.5,469,108,0,0,0,0,0.7,225,84,22,14,7.3,18,7,3,63,7.3,11,4,1.6,4.9,0,24299,13285,9915,1270,7.3,7.3,0.9,0.03,0.93,1.64,0.37,0.01,0.38,0.68,25.6,150,68,12.4,165,50,4.0,197,70,4.2,188,71,,,,3,,Jayden,Bogle,Bogle,,,217,1,0,2,1,0,0,0,1,0,0,3,12,,,,0.0,0.83,0.41,1.24,4.98,3,9,8
331,a,100.0,100.0,4.5,479,114,0,0,0,0,0.0,498,174,2,2,2.0,190,74,0,9,0.7,281,100,0.2,0.4,0,856,146,1446,63,0.7,0.7,0.0,0.0,0.0,2.19,0.0,0.0,0.0,2.19,0.0,425,170,0.0,422,170,0.0,359,155,0.0,435,170,,,,3,,Gabriel,Gudmundsson,Gudmundsson,,,90,0,0,0,1,0,0,0,0,0,0,1,5,,,,0.0,0.0,1.0,1.0,5.0,3,2,9
332,a,,,4.5,464,104,0,0,0,0,1.5,148,63,16,4,5.3,47,18,2,49,5.3,35,15,1.2,3.6,0,82845,3679,33173,2354,5.3,5.3,0.17,0.02,0.19,4.52,0.06,0.01,0.07,1.51,49.2,61,24,14.1,154,47,11.0,137,45,7.4,113,40,,,,3,,James,Justin,Justin,,,270,0,0,1,2,0,0,0,0,0,0,3,30,,,,0.0,0.33,0.67,1.0,10.0,11,19,11
333,u,0.0,0.0,4.5,489,123,0,0,0,0,0.0,639,212,0,0,0.0,469,181,0,0,0.0,469,181,0.0,0.0,0,0,0,244,11,0.0,0.0,0.0,0.0,0.0,0.0,0.0,0.0,0.0,0.0,0.0,431,175,0.0,428,175,0.0,367,162,0.0,441,175,,,,3,,Sebastiaan,Bornauw,Bornauw,Has joined Hamburg SV on loan for the rest of the season,,0,0,0,0,0,0,0,0,0,0,0,0,0,,,,0.0,0.0,0.0,0.0,0.0,0,0,0
334,a,,,5.0,343,62,0,0,0,0,3.3,99,38,14,4,4.7,63,25,0,52,4.7,46,20,0.9,2.8,0,67975,5932,60786,6351,4.7,4.7,0.09,0.02,0.11,4.52,0.03,0.01,0.04,1.51,67.2,22,6,1.4,268,94,19.0,93,24,8.7,84,25,,,,3,,Tarik,Muharemović,Muharemović,,,270,0,0,1,2,0,0,0,0,0,0,3,39,,,,0.0,0.33,0.67,1.0,13.0,3,36,6
335,a,,,6.0,75,50,0,0,0,0,2.9,107,31,19,2,6.3,33,15,3,57,6.3,24,10,1.0,3.2,0,149396,5876,69751,6515,6.3,6.3,0.49,0.16,0.65,4.52,0.16,0.05,0.21,1.51,72.4,14,9,19.3,130,79,20.0,91,49,11.2,54,36,1.0,1.0,,3,,Anton,Stach,Stach,,,270,1,0,1,2,0,0,0,0,0,0,3,38,,,,0.0,0.33,0.67,1.0,12.67,9,18,11
336,a,,,5.9,97,62,0,0,-1,1,0.3,288,96,6,3,2.0,214,97,0,30,2.0,183,84,0.3,1.0,0,4207,333,20908,849,2.0,2.0,0.08,0.18,0.26,1.11,0.05,0.11,0.16,0.65,16.4,200,79,21.5,120,74,14.0,122,62,5.2,167,81,,,,3,,Noah,Okafor,Okafor,,,153,0,0,1,1,0,0,0,0,0,0,2,7,,,,0.0,0.59,0.59,1.18,4.12,3,2,2
337,a,,,5.4,210,130,-1,1,-1,1,0.7,232,79,5,1,1.7,228,103,0,27,1.7,197,91,0.3,0.9,0,4836,217,26251,1724,1.7,1.7,0.01,0.02,0.03,3.08,0.01,0.01,0.02,1.8,10.2,232,96,1.7,262,136,7.0,176,87,1.9,263,118,,3.0,,3,,Brenden,Aaronson,Aaronson,,,154,0,0,1,2,0,0,0,0,0,0,2,10,,,,0.0,0.58,1.17,1.17,5.84,2,1,7
338,a,,,5.5,135,82,0,0,0,0,1.1,180,56,9,2,3.0,134,53,0,43,3.0,114,45,0.5,1.6,0,8651,498,30843,2133,3.0,3.0,0.01,0.14,0.15,4.52,0.0,0.05,0.05,1.51,38.2,101,36,39.9,52,41,1.0,251,123,7.9,102,53,,,,3,,Ethan,Ampadu,Ampadu,,,270,0,0,1,2,0,0,0,0,0,0,3,34,,,,0.0,0.33,0.67,1.0,11.33,8,17,9
339,a,,,4.9,383,232,-1,1,-1,1,0.1,417,163,1,0,1.0,288,121,0,3,0.3,337,153,0.1,0.2,0,1346,132,4514,279,0.3,0.3,0.0,0.0,0.0,0.07,0.0,0.0,0.0,0.79,0.0,495,190,0.2,323,164,0.0,441,156,0.0,504,194,3.0,2.0,,3,,Sean,Longstaff,Longstaff,,,8,0,0,0,0,0,0,0,0,0,0,0,0,,,,0.0,0.0,0.0,0.0,0.0,0,0,0
341,u,0.0,0.0,5.0,326,194,0,0,0,0,0.0,591,247,0,0,0.0,581,243,0,0,0.0,581,243,0.0,0.0,0,244,0,1259,115,0.0,0.0,0.0,0.0,0.0,0.0,0.0,0.0,0.0,0.0,0.0,556,228,0.0,563,235,0.0,528,207,0.0,564,231,,,,3,,Wilfried,Gnonto,Gnonto,Has joined ACF Fiorentina on loan for the rest of the season,,0,0,0,0,0,0,0,0,0,0,0,0,0,,,,0.0,0.0,0.0,0.0,0.0,0,0,0
342,u,0.0,0.0,5.0,277,171,0,0,0,0,0.0,652,290,0,0,0.0,558,231,0,0,0.0,558,231,0.0,0.0,0,0,0,54,1,0.0,0.0,0.0,0.0,0.0,0.0,0.0,0.0,0.0,0.0,0.0,531,214,0.0,534,221,0.0,491,188,0.0,539,217,,,,3,,Jack,Harrison,Harrison,Has joined New England Revolution permanently,,0,0,0,0,0,0,0,0,0,0,0,0,0,,,,0.0,0.0,0.0,0.0,0.0,0,0,0
343,a,,,5.0,262,162,0,0,0,0,0.1,414,162,1,0,1.0,304,131,0,2,0.3,348,159,0.1,0.2,0,2614,152,4284,257,0.3,0.3,0.24,0.01,0.25,0.93,0.98,0.04,1.02,3.8,0.0,528,212,1.1,280,143,12.0,128,65,1.1,292,131,,,,3,,Daniel,James,James,,,22,0,0,0,0,0,0,0,0,0,0,0,2,,,,0.0,0.0,0.0,0.0,8.18,0,0,2
344,d,25.0,25.0,5.0,317,188,0,0,0,0,0.0,631,275,0,0,0.0,575,239,0,0,0.0,575,239,0.0,0.0,0,44,2,205,5,0.0,0.0,0.0,0.0,0.0,0.0,0.0,0.0,0.0,0.0,0.0,549,223,0.0,556,230,0.0,519,201,0.0,557,226,,,,3,,Ilia,Gruev,Gruev,Knee injury - 25% chance of playing,,0,0,0,0,0,0,0,0,0,0,0,0,0,,,,0.0,0.0,0.0,0.0,0.0,0,0,0
345,a,,,4.9,393,239,0,0,-1,1,0.2,333,119,6,5,3.0,124,49,0,24,2.0,165,70,0.4,1.2,0,5260,895,9124,390,2.0,2.0,0.53,0.02,0.55,2.0,0.41,0.02,0.43,1.54,20.0,175,67,1.8,253,133,0.0,448,161,2.2,246,110,4.0,,,3,,Tanaka,Ao,Tanaka,,,117,0,1,0,1,0,0,0,0,0,0,1,19,,,,0.0,0.0,0.77,0.77,14.62,5,8,6
346,a,,,6.0,62,14,0,0,0,0,25.6,10,3,10,1,3.3,115,13,2,29,3.3,99,9,0.6,1.7,0,299374,16474,599913,67749,3.3,3.3,1.61,0.08,1.69,3.2,0.58,0.03,0.61,1.14,38.4,100,9,4.8,213,28,46.0,37,12,8.4,90,13,,,1.0,3,,Dominic,Calvert-Lewin,Calvert-Lewin,,,252,1,0,1,2,0,0,0,2,0,0,3,9,,,,0.0,0.36,0.71,1.07,3.21,0,4,5
347,a,,,5.5,131,35,0,0,0,0,0.5,257,44,5,1,2.5,160,18,0,20,1.7,199,17,0.3,0.9,0,7859,515,19063,980,1.7,1.7,0.27,0.14,0.41,2.25,0.64,0.33,0.97,5.33,18.2,186,15,20.3,123,11,6.0,191,32,4.5,186,22,,,2.0,3,,Lukas,Nmecha,Nmecha,,,38,0,1,0,0,0,0,0,0,0,0,0,1,,,,0.0,0.0,0.0,0.0,2.37,0,0,1
348,u,0.0,0.0,5.0,288,55,0,0,0,0,0.1,447,63,0,0,0.0,563,59,0,0,0.0,563,59,0.0,0.0,0,0,0,8557,261,0.0,0.0,0.0,0.0,0.0,0.0,0.0,0.0,0.0,0.0,0.0,537,50,0.0,540,55,0.0,498,52,0.0,545,55,,,3.0,3,,Joël,Piroe,Piroe,Has joined West Ham United on loan for the rest of the season,,0,0,0,0,0,0,0,0,0,0,0,0,0,,,,0.0,0.0,0.0,0.0,0.0,0,0,0
349,i,0.0,0.0,4.5,535,72,0,0,0,0,0.1,491,67,0,0,0.0,498,51,0,0,0.0,498,51,0.0,0.0,0,1401,129,2309,176,0.0,0.0,0.0,0.0,0.0,0.0,0.0,0.0,0.0,0.0,0.0,462,42,0.0,463,47,0.0,406,44,0.0,472,47,,,,3,,Mateo,Joseph Fernández-Regatillo,Mateo Joseph,Knee injury - Unknown return date,,0,0,0,0,0,0,0,0,0,0,0,0,0,,,,0.0,0.0,0.0,0.0,0.0,0,0,0
385,a,,,5.0,294,12,0,0,0,0,5.2,69,10,15,3,5.0,55,4,2,66,5.0,43,2,1.0,3.0,0,153679,8388,69070,5146,5.0,5.0,0.0,0.0,0.0,4.52,0.0,0.0,0.0,1.51,57.0,39,7,0.0,544,62,0.0,503,62,5.7,150,7,,,,3,,James,Trafford,Trafford,,,270,0,0,1,2,0,0,0,0,0,11,3,0,,,,3.67,0.33,0.67,1.0,0.0,0,2,31
598,a,,,4.5,451,94,0,0,0,0,0.0,539,187,5,4,2.5,154,59,0,21,1.7,188,70,0.4,1.1,0,1276,193,878,71,1.7,1.7,0.0,0.57,0.57,3.51,0.0,0.35,0.35,2.16,16.0,202,84,1.1,279,100,6.0,184,63,2.3,243,90,,,,3,,Nico,Elvedi,Elvedi,,,146,0,0,0,2,0,0,0,0,0,0,1,16,,,,0.0,0.0,1.23,0.62,9.86,1,15,4
604,a,,,4.5,546,279,0,0,0,0,0.1,394,149,0,0,0.0,506,199,0,0,0.0,506,199,0.0,0.0,0,9627,676,3213,309,0.0,0.0,0.0,0.0,0.0,0.0,0.0,0.0,0.0,0.0,0.0,470,177,0.0,471,186,0.0,415,144,0.0,480,182,,,,3,,Alfie,Cresswell,Cresswell,,,0,0,0,0,0,0,0,0,0,0,0,0,0,,,,0.0,0.0,0.0,0.0,0.0,0,0,0
625,a,,,4.0,584,56,0,0,0,0,0.1,371,42,0,0,0.0,391,30,0,0,0.0,391,30,0.0,0.0,0,10713,1288,1588,204,0.0,0.0,0.0,0.0,0.0,0.0,0.0,0.0,0.0,0.0,0.0,348,30,0.0,338,9,0.0,260,8,0.0,357,30,,,,3,,Alex,Cairns,Cairns,,,0,0,0,0,0,0,0,0,0,0,0,0,0,,,,0.0,0.0,0.0,0.0,0.0,0,0,0
629,a,,,4.0,589,58,0,0,0,0,0.3,305,37,0,0,0.0,395,32,0,0,0.0,395,32,0.0,0.0,0,17163,3889,1728,421,1.0,1.0,0.0,0.0,0.0,0.0,0.0,0.0,0.0,0.0,0.0,352,32,0.0,342,11,0.0,264,10,0.0,361,32,,,,3,,Michael,Zetterer,Zetterer,,,0,0,0,0,0,0,0,0,0,0,0,0,0,,,,0.0,0.0,0.0,0.0,0.0,0,0,0
641,a,,,4.5,488,122,0,0,0,0,0.0,635,211,0,0,0.0,468,180,0,0,0.0,468,180,0.0,0.0,0,238,61,44,16,1.8,1.8,0.0,0.0,0.0,0.0,0.0,0.0,0.0,0.0,0.0,430,174,0.0,427,174,0.0,366,161,0.0,440,174,,,,3,,Melvin,Bard,Bard,,,0,0,0,0,0,0,0,0,0,0,0,0,0,,,,0.0,0.0,0.0,0.0,0.0,0,0,0
648,a,,,5.0,361,220,0,0,0,0,0.0,596,251,0,0,0.0,595,252,0,0,0.0,595,252,0.0,0.0,0,1241,226,254,58,1.5,1.5,0.0,0.0,0.0,0.0,0.0,0.0,0.0,0.0,0.0,572,239,0.0,579,245,0.0,549,222,0.0,580,242,,,,3,,Jean-Mattéo,Bahoya,Bahoya,,,0,0,0,0,0,0,0,0,0,0,0,0,0,,,,0.0,0.0,0.0,0.0,0.0,0,0,0
350,a,,,5.5,125,3,0,0,0,0,3.7,90,14,10,8,3.3,111,8,1,37,3.3,93,8,0.6,1.8,0,72842,5014,83310,4097,3.3,3.3,0.0,0.0,0.0,4.63,0.0,0.0,0.0,1.54,25.4,151,16,0.0,606,69,0.0,587,69,2.6,230,16,,,,3,,Alisson,Becker,A.Becker,,,270,0,0,1,4,0,0,0,1,0,9,3,0,,,,3.0,0.33,1.33,1.0,0.0,0,6,24
351,a,,,4.9,400,21,0,0,-1,1,0.1,382,45,0,0,0.0,538,67,0,0,0.0,538,67,0.0,0.0,0,1815,155,5345,467,0.0,0.0,0.0,0.0,0.0,0.0,0.0,0.0,0.0,0.0,0.0,506,67,0.0,507,55,0.0,455,54,0.0,516,67,,,,3,,Giorgi,Mamardashvili,Mamardashvili,,,0,0,0,0,0,0,0,0,0,0,0,0,0,,,,0.0,0.0,0.0,0.0,0.0,0,0,0
352,a,,,4.0,590,59,0,0,0,0,1.1,184,29,0,0,0.0,396,33,0,0,0.0,396,33,0.0,0.0,0,12114,624,14554,1084,0.0,0.0,0.0,0.0,0.0,0.0,0.0,0.0,0.0,0.0,0.0,353,33,0.0,343,12,0.0,265,11,0.0,362,33,,,,3,,Freddie,Woodman,Woodman,,,0,0,0,0,0,0,0,0,0,0,0,0,0,,,,0.0,0.0,0.0,0.0,0.0,0,0,0
353,u,0.0,0.0,4.0,645,71,0,0,0,0,0.0,563,66,0,0,0.0,433,45,0,0,0.0,433,45,0.0,0.0,0,0,0,762,30,0.0,0.0,0.0,0.0,0.0,0.0,0.0,0.0,0.0,0.0,0.0,391,45,0.0,383,24,0.0,310,23,0.0,401,45,,,,3,,Armin,Pecsi,Pecsi,Has joined TSV Hartberg on loan for the rest of the season,,0,0,0,0,0,0,0,0,0,0,0,0,0,,,,0.0,0.0,0.0,0.0,0.0,0,0,0
354,i,0.0,0.0,4.0,609,64,0,0,0,0,0.0,575,68,0,0,0.0,406,38,0,0,0.0,406,38,0.0,0.0,0,861,149,578,63,0.0,0.0,0.0,0.0,0.0,0.0,0.0,0.0,0.0,0.0,0.0,363,38,0.0,355,17,0.0,279,16,0.0,373,38,,,,3,,Vitezslav,Jaros,Jaros,Knee injury - Unknown return date,,0,0,0,0,0,0,0,0,0,0,0,0,0,,,,0.0,0.0,0.0,0.0,0.0,0,0,0
355,a,,,4.0,619,67,0,0,0,0,0.2,359,40,0,0,0.0,411,41,0,0,0.0,411,41,0.0,0.0,0,2580,219,2010,158,0.0,0.0,0.0,0.0,0.0,0.0,0.0,0.0,0.0,0.0,0.0,368,41,0.0,360,20,0.0,285,19,0.0,378,41,,,,3,,Harvey,Davies,Davies,,,0,0,0,0,0,0,0,0,0,0,0,0,0,,,,0.0,0.0,0.0,0.0,0.0,0,0,0
356,a,,,6.5,33,2,0,0,0,0,17.3,22,7,9,6,3.0,139,56,0,45,3.0,116,48,0.5,1.4,0,152055,9791,371768,19213,3.0,3.0,0.25,0.06,0.31,4.63,0.08,0.02,0.1,1.54,50.2,55,18,5.9,203,66,26.0,73,16,8.2,96,34,,,,3,,Virgil,van Dijk,Virgil,,,270,0,0,1,4,0,0,0,1,0,0,3,25,,,,0.0,0.33,1.33,1.0,8.33,5,20,15
357,a,,,5.4,203,27,-1,1,-1,1,2.8,110,44,1,0,0.5,378,132,0,12,0.3,361,130,0.1,0.2,0,50453,839,126374,22405,0.3,0.3,0.01,0.11,0.12,3.81,0.01,0.06,0.07,2.14,26.4,147,65,51.6,29,5,14.0,119,36,9.2,76,22,,,,3,,Jeremie,Frimpong,Frimpong,,,160,0,0,0,4,0,0,0,1,0,0,2,8,,,,0.0,0.0,2.25,1.12,4.5,3,5,6
358,a,,,5.5,182,24,0,0,0,0,2.9,108,43,6,5,2.0,212,79,0,35,2.0,181,68,0.4,1.1,0,31462,1818,105388,5950,2.0,2.0,0.02,0.06,0.08,4.56,0.01,0.02,0.03,1.64,42.0,84,37,26.6,94,29,12.0,134,42,8.1,98,35,,,,3,,Milos,Kerkez,Kerkez,,,250,0,0,1,4,0,0,0,2,0,0,3,20,,,,0.0,0.36,1.44,1.08,7.2,6,14,8
359,i,0.0,0.0,5.0,256,39,0,0,0,0,0.0,582,198,0,0,0.0,553,200,0,0,0.0,553,200,0.0,0.0,0,160,11,769,35,0.0,0.0,0.0,0.0,0.0,0.0,0.0,0.0,0.0,0.0,0.0,525,199,0.0,527,199,0.0,483,192,0.0,534,199,,,,3,,Joe,Gomez,Gomez,Muscular injury - Unknown return date,,0,0,0,0,0,0,0,0,0,0,0,0,0,,,,0.0,0.0,0.0,0.0,0.0,0,0,0
360,i,0.0,0.0,5.0,325,60,0,0,0,0,0.0,601,203,0,0,0.0,580,207,0,0,0.0,580,207,0.0,0.0,0,205,12,473,36,0.0,0.0,0.0,0.0,0.0,0.0,0.0,0.0,0.0,0.0,0.0,555,206,0.0,562,206,0.0,527,202,0.0,563,206,,,,3,,Conor,Bradley,Bradley,Knee injury - Unknown return date,,0,0,0,0,0,0,0,0,0,0,0,0,0,,,,0.0,0.0,0.0,0.0,0.0,0,0,0
361,a,,,4.0,630,192,0,0,0,0,0.1,400,145,0,0,0.0,421,151,0,0,0.0,421,151,0.0,0.0,0,2220,192,2805,240,0.0,0.0,0.0,0.0,0.0,0.0,0.0,0.0,0.0,0.0,0.0,379,142,0.0,371,140,0.0,296,114,0.0,389,142,,,,3,,Wellity,Lucky,Lucky,,,0,0,0,0,0,0,0,0,0,0,0,0,0,,,,0.0,0.0,0.0,0.0,0.0,0,0,0
362,a,100.0,100.0,5.0,362,64,0,0,0,0,2.6,111,45,9,5,3.0,131,52,0,50,3.0,111,45,0.6,1.8,0,87927,8392,63909,5236,3.0,3.0,0.0,0.1,0.1,4.02,0.0,0.04,0.04,1.54,43.2,79,33,27.0,91,28,2.0,235,88,7.2,116,42,,,,3,,Jeremy,Jacquet,Jacquet,,,235,0,0,1,4,0,0,0,1,0,0,3,23,,,,0.0,0.38,1.53,1.15,8.81,7,16,10
363,i,0.0,0.0,4.0,652,213,0,0,0,0,0.0,520,180,0,0,0.0,438,167,0,0,0.0,438,167,0.0,0.0,0,559,45,1211,75,0.0,0.0,0.0,0.0,0.0,0.0,0.0,0.0,0.0,0.0,0.0,396,158,0.0,388,156,0.0,316,133,0.0,406,158,,,,3,,Giovanni,Leoni,Leoni,Knee injury - Unknown return date,,0,0,0,0,0,0,0,0,0,0,0,0,0,,,,0.0,0.0,0.0,0.0,0.0,0,0,0
364,a,,,5.0,272,42,0,0,0,0,0.1,465,165,1,0,1.0,305,120,0,4,0.3,349,126,0.1,0.2,0,871,45,2363,294,0.3,0.3,0.04,0.01,0.05,0.07,0.19,0.05,0.24,0.33,3.6,295,112,1.3,274,98,9.0,156,51,1.4,281,102,,,,3,,Kostas,Tsimikas,Tsimikas,,,19,0,0,0,0,0,0,0,0,0,0,0,0,,,,0.0,0.0,0.0,0.0,0.0,0,0,0
365,u,0.0,0.0,4.0,623,187,0,0,0,0,0.1,402,147,0,0,0.0,415,147,0,0,0.0,415,147,0.0,0.0,0,638,0,9341,374,0.0,0.0,0.0,0.0,0.0,0.0,0.0,0.0,0.0,0.0,0.0,372,137,0.0,364,135,0.0,289,109,0.0,382,137,,,,3,,Calvin,Ramsay,Ramsay,Has joined St Mirren on loan for the rest of the season,,0,0,0,0,0,0,0,0,0,0,0,0,0,,,,0.0,0.0,0.0,0.0,0.0,0,0,0
366,a,,,7.4,21,13,-1,1,-1,1,9.2,47,19,9,3,3.0,142,58,0,53,3.0,117,46,0.4,1.2,0,95830,1877,371794,58153,3.0,3.0,0.67,0.29,0.96,3.46,0.25,0.11,0.36,1.29,37.6,107,40,42.2,46,36,51.0,33,21,13.1,35,28,3.0,2.0,4.0,3,,Florian,Wirtz,Wirtz,,,242,0,1,1,4,0,0,0,1,0,0,3,19,,,,0.0,0.37,1.49,1.12,7.07,4,0,15
367,a,,,7.1,24,15,0,0,1,-1,10.2,42,16,28,11,9.3,7,5,5,97,9.3,1,1,1.3,3.9,0,601096,160399,166359,7427,9.3,9.3,0.36,1.2,1.56,4.56,0.13,0.43,0.56,1.64,67.2,23,13,61.8,16,15,43.0,40,24,17.2,18,14,2.0,,3.0,3,,Cody,Gakpo,Gakpo,,,250,1,3,1,4,0,0,0,0,0,0,3,25,,,,0.0,0.36,1.44,1.08,9.0,6,7,12
368,a,,,7.0,27,18,0,0,0,0,40.5,5,2,15,3,5.0,62,28,1,73,5.0,45,21,0.7,2.1,0,543702,17678,549162,95329,5.0,5.0,1.17,0.52,1.69,4.63,0.39,0.17,0.56,1.54,71.8,15,10,87.8,7,7,25.0,78,44,18.5,9,8,1.0,1.0,1.0,3,,Dominik,Szoboszlai,Szoboszlai,,,270,1,0,1,4,0,0,0,0,0,0,3,29,,,,0.0,0.33,1.33,1.0,9.67,4,8,17
369,a,,,5.9,114,74,0,0,-1,1,0.7,227,74,3,0,1.5,244,112,0,14,1.0,268,125,0.2,0.5,0,9289,269,56249,5963,1.0,1.0,0.04,0.05,0.09,0.58,0.04,0.06,0.1,0.64,4.4,280,128,7.3,197,109,7.0,181,90,1.8,266,119,,,,3,,Rio,Ngumoha,Ngumoha,,,81,0,0,0,2,0,0,0,0,0,0,1,3,,,,0.0,0.0,2.22,1.11,3.33,1,0,2
370,i,0.0,0.0,5.4,204,126,0,0,-1,1,0.1,479,191,0,0,0.0,608,259,0,0,0.0,608,259,0.0,0.0,0,642,7,8121,325,0.0,0.0,0.0,0.0,0.0,0.0,0.0,0.0,0.0,0.0,0.0,585,246,0.0,592,252,0.0,565,231,0.0,593,249,,,,3,,Federico,Chiesa,Chiesa,Back injury - Unknown return date,,0,0,0,0,0,0,0,0,0,0,0,0,0,,,,0.0,0.0,0.0,0.0,0.0,0,0,0
371,a,,,5.9,100,64,-1,1,-1,1,1.6,146,43,7,1,2.3,177,78,0,35,2.3,153,66,0.4,1.2,0,26766,987,69438,9285,2.3,2.3,0.06,0.06,0.12,1.34,0.04,0.04,0.08,0.99,28.8,137,50,28.1,88,55,4.0,207,100,6.1,144,70,,,,3,,Ryan,Gravenberch,Gravenberch,,,122,0,1,0,2,0,0,0,0,0,0,1,14,,,,0.0,0.0,1.48,0.74,10.33,2,3,9
372,a,,,5.5,146,88,0,0,0,0,1.4,153,46,5,2,1.7,230,104,0,33,1.7,201,93,0.3,0.9,0,18869,1680,53420,3854,1.7,1.7,0.08,0.42,0.5,3.9,0.04,0.2,0.24,1.89,18.4,185,71,9.1,190,106,0.0,597,251,2.7,226,100,,,5.0,3,,Alexis,Mac Allister,Mac Allister,,,186,0,0,1,2,0,0,0,1,0,0,2,24,,,,0.0,0.48,0.97,0.97,11.61,8,5,11
373,u,0.0,0.0,5.5,141,85,0,0,0,0,0.0,548,224,0,0,0.0,621,267,0,0,0.0,621,267,0.0,0.0,0,34,0,2142,84,0.0,0.0,0.0,0.0,0.0,0.0,0.0,0.0,0.0,0.0,0.0,607,260,0.0,611,261,0.0,595,249,0.0,612,261,,,,3,,Curtis,Jones,C.Jones,Has joined Internazionale permanently,,0,0,0,0,0,0,0,0,0,0,0,0,0,,,,0.0,0.0,0.0,0.0,0.0,0,0,0
374,a,100.0,100.0,5.0,254,157,0,0,0,0,0.1,475,189,0,0,0.0,552,227,0,0,0.0,552,227,0.0,0.0,0,1401,118,2675,244,0.0,0.0,0.0,0.0,0.0,0.0,0.0,0.0,0.0,0.0,0.0,524,209,0.0,526,217,0.0,482,183,0.0,533,213,,,,3,,Endo,Wataru,Endo,,,0,0,0,0,0,0,0,0,0,0,0,0,0,,,,0.0,0.0,0.0,0.0,0.0,0,0,0
375,a,,,4.9,415,252,-1,1,-1,1,0.0,518,214,2,1,1.0,296,125,0,6,0.7,290,132,0.1,0.4,0,752,110,1633,138,0.7,0.7,0.0,0.0,0.0,0.22,0.0,0.0,0.0,1.04,6.4,257,114,2.2,240,127,0.0,464,171,0.9,295,132,,,,3,,Trey,Nyoni,Nyoni,,,19,0,0,0,0,0,0,0,0,0,0,0,5,,,,0.0,0.0,0.0,0.0,23.68,2,1,2
376,u,0.0,0.0,5.0,346,207,0,0,0,0,0.0,648,286,0,0,0.0,589,247,0,0,0.0,589,247,0.0,0.0,0,19,0,76,4,0.0,0.0,0.0,0.0,0.0,0.0,0.0,0.0,0.0,0.0,0.0,564,232,0.0,572,239,0.0,538,212,0.0,572,235,,,,3,,Stefan,Bajčetić Maquieira,Bajcetic,Has joined Celta Vigo permanently,,0,0,0,0,0,0,0,0,0,0,0,0,0,,,,0.0,0.0,0.0,0.0,0.0,0,0,0
377,a,,,6.5,46,31,0,0,0,0,1.3,159,49,13,3,4.3,75,33,0,48,4.3,60,28,0.7,2.0,0,93385,3688,34825,5711,4.3,4.3,0.42,0.25,0.67,3.95,0.21,0.12,0.33,1.98,46.2,71,28,25.7,100,62,43.0,39,23,11.5,49,35,,,,3,,Victor,Munoz,Munoz,,,180,1,1,1,2,0,0,0,1,0,0,2,11,,,,0.0,0.5,1.0,1.0,5.5,2,4,5
378,a,,,4.5,510,268,0,0,0,0,0.2,320,114,0,0,0.0,476,189,0,0,0.0,476,189,0.0,0.0,0,2524,237,6682,459,0.0,0.0,0.0,0.0,0.0,0.0,0.0,0.0,0.0,0.0,0.0,438,167,0.0,440,176,0.0,382,134,0.0,448,172,,,,3,,James,McConnell,McConnell,,,0,0,0,0,0,0,0,0,0,0,0,0,0,,,,0.0,0.0,0.0,0.0,0.0,0,0,0
379,a,,,9.0,5,2,0,0,0,0,17.3,23,4,23,13,7.7,17,3,5,97,7.7,10,2,0.9,2.6,0,359455,104832,320963,12981,7.7,7.7,2.29,0.06,2.35,4.46,0.85,0.02,0.87,1.65,45.4,72,6,24.9,106,10,114.0,1,1,18.4,10,2,,,2.0,3,,Alexander,Isak,Isak,,,243,3,0,1,4,0,0,0,0,0,0,3,5,,,,0.0,0.37,1.48,1.11,1.85,1,2,2
380,i,0.0,0.0,7.5,18,7,0,0,0,0,0.1,406,57,0,0,0.0,651,77,0,0,0.0,651,77,0.0,0.0,0,1544,139,7874,635,0.0,0.0,0.0,0.0,0.0,0.0,0.0,0.0,0.0,0.0,0.0,651,77,0.0,651,77,0.0,651,77,0.0,651,77,,,,3,,Hugo,Ekitiké,Ekitiké,Achilles injury - Unknown return date,,0,0,0,0,0,0,0,0,0,0,0,0,0,,,,0.0,0.0,0.0,0.0,0.0,0,0,0
381,a,,,5.0,340,203,0,0,0,0,0.0,551,226,2,1,1.0,314,137,0,7,0.7,299,136,0.1,0.4,0,354,37,647,59,0.7,0.7,0.03,0.0,0.03,0.58,0.21,0.0,0.21,4.02,1.2,323,146,0.5,308,155,7.0,171,83,0.9,296,133,,,,3,,Lewis,Koumas,Koumas,,,13,0,0,0,0,0,0,0,0,0,0,0,1,,,,0.0,0.0,0.0,0.0,6.92,0,0,1
382,a,100.0,100.0,4.5,514,67,0,0,0,0,0.1,456,64,0,0,0.0,480,47,0,0,0.0,480,47,0.0,0.0,0,4795,1571,1883,375,0.0,0.0,0.0,0.0,0.0,0.0,0.0,0.0,0.0,0.0,0.0,442,37,0.0,444,43,0.0,386,39,0.0,452,42,,,,3,,Jayden,Danns,Danns,,,0,0,0,0,0,0,0,0,0,0,0,0,0,,,,0.0,0.0,0.0,0.0,0.0,0,0,0
383,u,0.0,0.0,5.4,214,134,0,0,-1,1,0.1,496,200,0,0,0.0,609,260,0,0,0.0,609,260,0.0,0.0,0,907,0,4207,535,0.0,0.0,0.0,0.0,0.0,0.0,0.0,0.0,0.0,0.0,0.0,587,248,0.0,593,253,0.0,568,234,0.0,594,250,,,,3,,Harvey,Elliott,Elliott,Has joined Valencia on loan for the rest of the season,,0,0,0,0,0,0,0,0,0,0,0,0,0,,,,0.0,0.0,0.0,0.0,0.0,0,0,0
579,a,,,5.4,215,30,0,0,-1,1,2.2,123,49,9,8,3.0,133,53,0,29,3.0,113,46,0.6,1.7,0,41116,5834,117356,3042,3.0,3.0,0.0,0.05,0.05,1.36,0.0,0.04,0.04,1.0,19.0,183,80,3.5,223,71,0.0,569,206,2.2,249,92,,,,3,,Ronald,Araujo,Araujo,,,123,0,0,1,0,0,0,0,1,0,0,1,15,,,,0.0,0.73,0.0,0.73,10.98,2,13,4
627,a,,,8.0,8,5,0,0,0,0,1.5,150,44,1,1,1.0,368,176,0,5,1.0,272,128,0.1,0.1,0,156608,20820,25468,5852,2.8,2.8,0.0,0.07,0.07,0.17,0.0,0.24,0.24,0.59,0.0,653,290,0.0,653,290,0.0,653,290,0.0,653,290,,,,3,,Bradley,Barcola,Barcola,,,26,0,0,0,0,0,0,0,0,0,0,0,0,,,,0.0,0.0,0.0,0.0,0.0,0,0,0
155,a,,,6.9,30,19,0,0,-1,1,3.3,98,30,4,3,2.0,220,99,0,23,1.3,230,106,0.2,0.6,0,51366,5444,230927,8826,1.3,1.3,0.13,0.14,0.27,1.28,0.12,0.13,0.25,1.15,3.4,298,135,12.0,171,101,0.0,647,287,1.5,279,125,,,,3,,Enzo,Fernández,Enzo,,,100,0,0,1,0,0,0,0,0,0,0,1,6,,,,0.0,0.9,0.0,0.9,5.4,1,1,4
237,a,,,5.9,98,63,-1,1,-1,1,11.2,36,12,16,3,5.3,51,25,1,64,5.3,39,18,0.9,2.7,0,213931,9562,593792,60620,5.3,5.3,0.28,0.43,0.71,5.47,0.09,0.15,0.24,1.85,53.4,46,22,54.3,26,23,58.0,25,15,16.6,21,16,,,,3,,Iliman,Ndiaye,Ndiaye,,,266,0,1,2,1,0,0,0,0,0,0,3,30,,,,0.0,0.68,0.34,1.02,10.15,7,6,17
384,a,,,5.5,139,4,0,0,0,0,7.9,55,8,10,7,3.3,113,9,0,46,3.3,95,9,0.6,1.8,0,109453,4305,177134,12117,3.3,3.3,0.0,0.0,0.0,2.68,0.0,0.0,0.0,0.89,33.6,122,13,0.0,610,70,0.0,594,70,3.4,210,13,,,,3,,Gianluigi,Donnarumma,Donnarumma,,,270,0,0,1,2,1,0,0,0,0,7,3,0,,,,2.33,0.33,0.67,1.0,0.0,0,2,14
386,a,,,4.5,439,31,0,0,0,0,0.0,544,62,0,0,0.0,448,52,0,0,0.0,448,52,0.0,0.0,0,334,27,649,40,0.0,0.0,0.0,0.0,0.0,0.0,0.0,0.0,0.0,0.0,0.0,407,52,0.0,401,33,0.0,335,32,0.0,417,52,,,,3,,Marcus,Bettinelli,Bettinelli,,,0,0,0,0,0,0,0,0,0,0,0,0,0,,,,0.0,0.0,0.0,0.0,0.0,0,0,0
387,d,75.0,,6.5,42,4,0,0,0,0,17.8,20,5,4,0,2.0,217,80,0,16,1.3,228,81,0.2,0.6,0,169249,3222,476054,77694,1.0,1.3,0.09,0.43,0.52,1.21,0.05,0.26,0.31,0.73,12.4,225,91,38.2,53,11,16.0,110,31,6.6,132,47,,,,3,,Nico,O'Reilly,O'Reilly,Back injury - 75% chance of playing,,150,0,0,0,2,0,0,0,0,0,0,2,3,,,,0.0,0.0,1.2,1.2,1.8,2,1,7
388,a,,,6.0,66,6,0,0,0,0,18.7,18,4,20,8,6.7,26,12,4,74,6.7,19,10,1.1,3.3,0,317858,12226,241023,17205,6.7,6.7,0.89,0.38,1.27,2.68,0.3,0.13,0.43,0.89,67.8,20,4,33.3,71,19,28.0,67,13,12.9,37,4,,,,3,,Marc,Guéhi,Guéhi,,,270,1,0,1,2,0,0,0,0,0,0,3,18,,,,0.0,0.33,0.67,1.0,6.0,3,15,14
389,a,100.0,100.0,5.9,103,10,0,0,-1,1,1.0,195,74,1,0,1.0,353,126,0,4,0.3,373,134,0.1,0.2,0,3796,286,57824,1912,0.3,0.3,0.0,0.04,0.04,0.1,0.0,0.11,0.11,0.27,3.8,293,110,1.5,266,92,4.0,208,75,0.9,298,107,,,4.0,3,,Matheus,Nunes,Matheus N.,,,33,0,0,0,0,0,0,0,0,0,0,0,1,,,,0.0,0.0,0.0,0.0,2.73,0,1,2
390,a,,,5.5,129,13,0,0,0,0,1.8,135,56,10,6,3.3,112,44,0,55,3.3,94,36,0.6,1.8,0,31855,1580,39046,2535,3.3,3.3,0.09,0.74,0.83,2.68,0.03,0.25,0.28,0.89,51.4,51,15,40.2,50,10,37.0,50,9,12.8,39,5,,,,3,,Rúben,dos Santos Gato Alves Dias,Rúben,,,270,0,0,1,2,0,0,0,0,0,0,3,15,,,,0.0,0.33,0.67,1.0,5.0,1,14,14
391,a,,,5.6,119,12,0,0,1,-1,18.9,16,3,22,8,7.3,19,8,3,77,7.3,12,5,1.3,3.9,0,825180,48410,171358,15057,7.3,7.3,0.2,0.11,0.31,2.68,0.07,0.04,0.11,0.95,75.2,10,2,44.1,43,8,19.0,94,25,13.8,31,2,,,,3,,Joško,Gvardiol,Gvardiol,,,254,1,1,1,2,0,0,0,0,0,0,3,17,,,,0.0,0.35,0.71,1.06,6.02,7,10,12
392,a,,,5.4,216,31,0,0,-1,1,0.5,247,92,0,0,0.0,610,210,0,0,0.0,610,210,0.0,0.0,0,4815,179,44028,2178,0.0,0.0,0.0,0.0,0.0,0.0,0.0,0.0,0.0,0.0,0.0,588,209,0.0,594,209,0.0,570,207,0.0,595,209,,,,3,,Rayan,Aït-Nouri,Aït-Nouri,,,0,0,0,0,0,0,0,0,0,0,0,0,0,,,,0.0,0.0,0.0,0.0,0.0,0,0,0
393,a,,,5.5,190,26,0,0,0,0,1.6,142,60,9,5,3.0,136,54,0,53,3.0,115,47,0.5,1.6,0,16811,933,41000,2180,3.0,3.0,0.0,0.06,0.06,2.68,0.0,0.02,0.02,0.9,38.0,105,47,8.7,191,60,4.0,205,74,5.0,171,63,,,,3,,Abdukodir,Khusanov,Khusanov,,,268,0,0,1,2,0,0,0,1,0,0,3,17,,,,0.0,0.34,0.67,1.01,5.71,8,9,13
394,u,0.0,0.0,5.0,327,61,0,0,0,0,0.0,623,208,0,0,0.0,582,208,0,0,0.0,582,208,0.0,0.0,0,0,0,510,11,0.0,0.0,0.0,0.0,0.0,0.0,0.0,0.0,0.0,0.0,0.0,557,207,0.0,564,207,0.0,529,203,0.0,565,207,,,,3,,Max,Alleyne,Alleyne,Has joined Burnley on loan for the rest of the season,,0,0,0,0,0,0,0,0,0,0,0,0,0,,,,0.0,0.0,0.0,0.0,0.0,0,0,0
395,a,,,4.5,502,130,0,0,0,0,0.2,324,118,1,0,1.0,283,111,0,-1,0.3,334,119,0.1,0.2,0,5958,186,8960,704,0.3,0.3,0.17,0.02,0.19,0.55,0.27,0.03,0.3,0.88,3.8,292,109,3.8,218,69,39.0,46,6,4.7,180,67,,,,3,,Rico,Lewis,Lewis,,,56,0,0,0,1,0,0,0,0,0,0,1,2,,,,0.0,0.0,1.61,1.61,3.21,0,2,0
396,a,,,4.5,557,149,0,0,0,0,0.0,543,189,1,0,1.0,286,113,0,3,0.3,336,120,0.1,0.2,0,249,15,547,45,0.3,0.3,0.0,0.0,0.0,0.0,0.0,0.0,0.0,0.0,1.2,322,120,0.9,284,103,0.0,425,180,0.2,333,120,,,,3,,Vitor,de Oliveira Nunes dos Reis,Vitor Reis,,,1,0,0,0,0,0,0,0,0,0,0,0,0,,,,0.0,0.0,0.0,0.0,0.0,0,0,0
397,a,,,8.4,6,4,-1,1,-1,1,19.1,15,7,13,6,4.3,76,34,0,75,4.3,64,31,0.5,1.5,0,122997,5269,657432,53101,4.3,4.3,0.17,0.93,1.1,2.68,0.06,0.31,0.37,0.89,35.0,117,43,51.9,28,24,71.0,13,8,15.8,22,17,,,2.0,3,,Antoine,Semenyo,Semenyo,,,270,0,2,1,2,0,0,0,0,0,0,3,12,,,,0.0,0.33,0.67,1.0,4.0,3,0,9
398,a,,,7.0,26,17,0,0,0,0,5.6,66,22,11,1,3.7,100,46,1,56,3.7,82,39,0.5,1.6,0,289622,6739,151619,30219,3.7,3.7,1.61,0.86,2.47,1.81,0.74,0.4,1.14,0.84,53.2,47,23,95.4,4,4,32.0,60,35,18.1,11,9,3.0,2.0,,3,,Phil,Foden,Foden,,,195,0,2,0,2,0,0,0,1,0,0,2,14,,,,0.0,0.0,0.92,0.92,6.46,4,2,8
399,a,,,7.8,14,9,1,-1,3,-3,30.7,7,3,25,3,8.3,12,6,4,111,8.3,4,2,1.1,3.2,0,2141884,72676,159365,36021,8.3,8.3,0.56,1.35,1.91,1.62,0.29,0.7,0.99,0.84,114.0,2,2,96.6,3,3,53.0,30,19,26.4,2,2,1.0,1.0,,3,,Rayan,Cherki,Cherki,,,173,2,2,1,1,0,0,0,1,0,0,2,6,,,,0.0,0.52,0.52,1.04,3.12,0,0,6
400,i,0.0,0.0,7.4,20,12,0,0,-1,1,0.9,205,64,0,0,0.0,649,288,0,0,0.0,649,288,0.0,0.0,0,1015,68,106911,2525,0.0,0.0,0.0,0.0,0.0,0.0,0.0,0.0,0.0,0.0,0.0,649,288,0.0,649,288,0.0,649,288,0.0,649,288,,,3.0,3,,Jérémy,Doku,Doku,Calf injury - Expected back 5 Sep,,0,0,0,0,0,0,0,0,0,0,0,0,0,,,,0.0,0.0,0.0,0.0,0.0,0,0,0
402,u,0.0,0.0,6.5,36,24,0,0,0,0,0.0,592,248,0,0,0.0,645,286,0,0,0.0,645,286,0.0,0.0,0,0,0,1090,25,0.0,0.0,0.0,0.0,0.0,0.0,0.0,0.0,0.0,0.0,0.0,644,285,0.0,644,285,0.0,643,284,0.0,644,285,,,,3,,Rodrigo 'Rodri',Hernandez Cascante,Rodrigo,Has joined Barcelona permanently,,0,0,0,0,0,0,0,0,0,0,0,0,0,,,,0.0,0.0,0.0,0.0,0.0,0,0,0
404,u,0.0,0.0,6.0,70,48,0,0,0,0,0.0,509,209,0,0,0.0,638,280,0,0,0.0,638,280,0.0,0.0,0,0,0,7461,141,0.0,0.0,0.0,0.0,0.0,0.0,0.0,0.0,0.0,0.0,0.0,634,279,0.0,635,279,0.0,630,275,0.0,635,279,,,,3,,Tijjani,Reijnders,Reijnders,Has joined Al Qadsiah permanently,,0,0,0,0,0,0,0,0,0,0,0,0,0,,,,0.0,0.0,0.0,0.0,0.0,0,0,0
406,a,,,5.4,196,120,-1,1,-1,1,0.1,444,177,2,0,1.0,324,145,0,12,0.7,304,140,0.1,0.4,0,1596,120,3666,230,0.7,0.7,0.0,0.02,0.02,0.1,0.0,0.04,0.04,0.21,4.2,283,130,5.2,208,114,0.0,560,227,0.9,297,134,,,,3,,Mateo,Kovačić,Kovačić,,,42,0,0,0,0,0,0,0,0,0,0,0,2,,,,0.0,0.0,0.0,0.0,4.29,0,0,2
407,u,0.0,0.0,4.9,414,251,0,0,-1,1,0.0,589,245,0,0,0.0,544,221,0,0,0.0,544,221,0.0,0.0,0,250,0,919,116,0.0,0.0,0.0,0.0,0.0,0.0,0.0,0.0,0.0,0.0,0.0,513,202,0.0,514,210,0.0,463,170,0.0,523,207,,,,3,,Claudio,Echeverri,Echeverri,Has joined Benfica on loan for the rest of the season,,0,0,0,0,0,0,0,0,0,0,0,0,0,,,,0.0,0.0,0.0,0.0,0.0,0,0,0
408,u,0.0,0.0,5.0,251,154,0,0,0,0,0.0,622,267,0,0,0.0,551,226,0,0,0.0,551,226,0.0,0.0,0,0,0,474,13,0.0,0.0,0.0,0.0,0.0,0.0,0.0,0.0,0.0,0.0,0.0,523,208,0.0,525,216,0.0,479,180,0.0,532,212,,,,3,,Kalvin,Phillips,Phillips,Has joined Sheffield United on loan for the rest of the season,,0,0,0,0,0,0,0,0,0,0,0,0,0,,,,0.0,0.0,0.0,0.0,0.0,0,0,0
409,u,0.0,0.0,4.5,545,278,0,0,0,0,0.1,388,144,0,0,0.0,505,198,0,0,0.0,505,198,0.0,0.0,0,1621,0,7280,819,0.0,0.0,0.0,0.0,0.0,0.0,0.0,0.0,0.0,0.0,0.0,469,176,0.0,470,185,0.0,414,143,0.0,479,181,,,,3,,Divine,Mukasa,Mukasa,has joined West Ham on loan for the rest of the seaon.,,0,0,0,0,0,0,0,0,0,0,0,0,0,,,,0.0,0.0,0.0,0.0,0.0,0,0,0
410,u,0.0,0.0,4.9,418,255,0,0,-1,1,0.0,593,249,0,0,0.0,545,222,0,0,0.0,545,222,0.0,0.0,0,219,0,835,100,0.0,0.0,0.0,0.0,0.0,0.0,0.0,0.0,0.0,0.0,0.0,514,203,0.0,516,212,0.0,467,174,0.0,524,208,,,,3,,Jeremy,Monga,Monga,Has joined Swansea City on loan for the rest of the season,,0,0,0,0,0,0,0,0,0,0,0,0,0,,,,0.0,0.0,0.0,0.0,0.0,0,0,0
411,a,,,15.5,1,1,0,0,0,0,71.1,2,2,24,9,8.0,15,2,6,106,8.0,8,1,0.5,1.5,0,492053,21875,167050,22688,8.0,8.0,2.46,0.5,2.96,2.68,0.82,0.17,0.99,0.89,72.8,13,2,5.3,207,27,101.0,2,2,17.9,13,3,,,1.0,3,,Erling,Haaland,Haaland,,,270,3,0,1,2,0,0,0,0,0,0,3,15,,,,0.0,0.33,0.67,1.0,5.0,0,8,7
481,a,100.0,100.0,6.4,49,34,0,0,-1,1,4.9,75,24,8,3,2.7,153,65,0,62,2.7,131,55,0.4,1.2,0,54528,3172,298896,12672,2.7,2.7,0.09,0.64,0.73,2.58,0.03,0.25,0.28,1.0,32.2,129,48,41.0,48,38,13.0,127,64,8.6,87,49,2.0,,,3,,Elliot,Anderson,Anderson,,,233,0,0,1,2,0,0,0,1,0,0,3,31,,,,0.0,0.39,0.77,1.16,11.97,8,9,14
587,a,,,5.0,245,8,0,0,0,0,0.0,567,67,0,0,0.0,549,69,0,0,0.0,549,69,0.0,0.0,0,263,22,605,41,0.0,0.0,0.0,0.0,0.0,0.0,0.0,0.0,0.0,0.0,0.0,518,69,0.0,521,58,0.0,474,58,0.0,528,69,,,,3,,Gerónimo,Rulli,Rulli,,,0,0,0,0,0,0,0,0,0,0,0,0,0,,,,0.0,0.0,0.0,0.0,0.0,0,0,0
616,a,,,5.5,193,119,0,0,0,0,0.2,364,135,2,1,1.0,347,161,0,8,1.0,263,122,0.2,0.4,0,13138,784,4326,719,1.0,1.0,0.0,0.12,0.12,0.37,0.0,0.49,0.49,1.51,1.8,314,140,4.3,215,118,0.0,613,264,0.6,309,141,,,,3,,Ayyoub,Bouaddi,Bouaddi,,,22,0,0,0,0,0,0,0,0,0,0,0,6,,,,0.0,0.0,0.0,0.0,24.55,0,3,3
621,a,,,4.5,558,285,0,0,0,0,0.1,424,168,2,1,1.0,287,120,0,8,1.0,243,108,0.2,0.4,0,7711,1033,2322,396,1.0,1.0,0.1,0.0,0.1,0.02,0.82,0.0,0.82,0.16,0.0,480,182,0.5,306,154,1.0,249,121,0.1,342,159,,,,3,,Ryan,McAidoo,McAidoo,,,11,0,0,0,0,0,0,0,0,0,0,0,4,,,,0.0,0.0,0.0,0.0,32.73,2,0,2
622,a,,,4.0,638,200,0,0,0,0,0.1,379,139,1,0,1.0,263,94,0,3,0.5,323,110,0.1,0.2,0,10229,945,2670,465,0.5,0.5,0.0,0.0,0.0,0.0,0.0,0.0,0.0,0.0,0.6,329,122,0.8,288,105,0.0,303,121,0.1,340,121,,,,3,,Kaden,Braithwaite,Braithwaite,,,1,0,0,0,0,0,0,0,0,0,0,0,0,,,,0.0,0.0,0.0,0.0,0.0,0,0,1
628,a,,,6.0,84,55,0,0,0,0,0.0,626,270,0,0,0.0,641,282,0,0,0.0,641,282,0.0,0.0,0,383,83,120,33,2.2,2.2,0.0,0.0,0.0,0.0,0.0,0.0,0.0,0.0,0.0,640,281,0.0,640,281,0.0,636,277,0.0,640,281,,,,3,,Allan,Andrade Elias,Allan,,,0,0,0,0,0,0,0,0,0,0,0,0,0,,,,0.0,0.0,0.0,0.0,0.0,0,0,0
653,a,,,4.5,548,280,0,0,0,0,0.0,642,282,0,0,0.0,508,200,0,0,0.0,508,200,0.0,0.0,0,135,135,26,26,1.0,1.0,0.0,0.0,0.0,0.0,0.0,0.0,0.0,0.0,0.0,472,178,0.0,473,187,0.0,417,145,0.0,482,183,,,,3,,Floyd,Samba,Samba,,,0,0,0,0,0,0,0,0,0,0,0,0,0,,,,0.0,0.0,0.0,0.0,0.0,0,0,0
43,a,100.0,100.0,5.9,90,58,0,0,-1,1,1.9,130,40,6,0,3.0,137,55,0,39,2.0,182,83,0.3,1.0,0,27058,1661,91508,4296,2.0,2.0,0.51,0.22,0.73,3.0,0.29,0.13,0.42,1.73,38.2,102,37,57.6,22,19,24.0,79,45,12.0,44,32,,,3.0,3,,Youri,Tielemans,Tielemans,,,156,0,0,0,4,0,0,0,0,0,0,2,18,,,,0.0,0.0,2.31,1.15,10.38,2,4,12
131,i,0.0,0.0,5.0,345,206,0,0,0,0,0.1,375,139,0,0,0.0,588,246,0,0,0.0,588,246,0.0,0.0,0,4249,229,9844,449,0.0,0.0,0.0,0.0,0.0,0.0,0.0,0.0,0.0,0.0,0.0,563,231,0.0,571,238,0.0,537,211,0.0,571,234,,,,3,,Carlos,Baleba,Baleba,Ankle injury - Expected back 19 Sep,,0,0,0,0,0,0,0,0,0,0,0,0,0,,,,0.0,0.0,0.0,0.0,0.0,0,0,0
162,a,,,4.9,409,247,0,0,-1,1,0.8,214,68,3,0,1.5,235,106,0,19,1.0,245,109,0.2,0.6,0,15897,1095,41741,2289,1.0,1.0,0.0,0.23,0.23,1.94,0.0,0.27,0.27,2.3,17.6,192,74,4.9,211,116,2.0,226,107,2.5,232,103,,,,3,,Andrey,Nascimento dos Santos,Andrey Santos,,,76,0,0,0,3,0,0,0,0,0,0,1,14,,,,0.0,0.0,3.55,1.18,16.58,4,3,7
412,a,,,5.0,307,14,0,0,0,0,13.4,31,5,3,0,1.5,237,21,0,18,1.0,248,19,0.2,0.6,0,69349,2435,306905,27713,1.0,1.0,0.0,0.0,0.0,3.07,0.0,0.0,0.0,1.54,47.2,68,10,0.0,552,64,0.0,513,64,4.7,181,11,,,,3,,Senne,Lammens,Lammens,,,180,0,0,0,4,0,0,0,0,0,5,2,0,,,,2.5,0.0,2.0,1.0,0.0,0,3,14
413,u,0.0,0.0,4.5,492,39,0,0,0,0,0.0,583,69,0,0,0.0,471,59,0,0,0.0,471,59,0.0,0.0,0,0,0,918,38,0.0,0.0,0.0,0.0,0.0,0.0,0.0,0.0,0.0,0.0,0.0,433,59,0.0,430,41,0.0,369,40,0.0,443,59,,,,3,,Altay,Bayındır,Bayindir,Has joined Celta Vigo on loan for the rest of the season,,0,0,0,0,0,0,0,0,0,0,0,0,0,,,,0.0,0.0,0.0,0.0,0.0,0,0,0
414,i,0.0,0.0,4.0,576,49,0,0,0,0,0.1,448,50,0,0,0.0,383,23,0,0,0.0,383,23,0.0,0.0,0,984,135,2095,114,0.0,0.0,0.0,0.0,0.0,0.0,0.0,0.0,0.0,0.0,0.0,340,23,0.0,330,2,0.0,252,1,0.0,349,23,,,,3,,Tom,Heaton,Heaton,Hamstring injury - Unknown return date,,0,0,0,0,0,0,0,0,0,0,0,0,0,,,,0.0,0.0,0.0,0.0,0.0,0,0,0
415,a,,,5.9,112,72,0,0,-1,1,0.7,224,73,1,0,0.5,381,181,0,-7,0.3,374,175,0.1,0.2,0,8338,391,67995,2649,0.3,0.3,0.65,0.04,0.69,1.92,1.06,0.07,1.13,3.14,7.0,253,112,12.9,162,98,55.0,28,18,6.5,136,69,,,,3,,Patrick,Dorgu,Dorgu,,,55,0,0,0,3,0,0,0,1,0,0,1,3,,,,0.0,0.0,4.91,1.64,4.91,1,2,0
416,i,0.0,0.0,5.0,268,41,0,0,0,0,0.0,556,191,0,0,0.0,556,201,0,0,0.0,556,201,0.0,0.0,0,236,23,1014,53,0.0,0.0,0.0,0.0,0.0,0.0,0.0,0.0,0.0,0.0,0.0,529,200,0.0,532,200,0.0,489,193,0.0,537,200,,,,3,,Matthijs,de Ligt,De Ligt,Back injury - Unknown return date,,0,0,0,0,0,0,0,0,0,0,0,0,0,,,,0.0,0.0,0.0,0.0,0.0,0,0,0
417,a,,,4.9,388,70,-1,1,-1,1,2.1,125,51,3,0,1.5,234,84,0,18,1.0,244,91,0.2,0.6,0,17892,691,76715,4398,1.0,1.0,0.15,0.12,0.27,1.06,0.16,0.13,0.29,1.15,24.0,160,72,53.5,27,4,33.0,57,12,11.1,55,11,,,,3,,Diogo,Dalot Teixeira,Dalot,,,83,0,0,0,1,0,0,0,0,0,0,1,7,,,,0.0,0.0,1.08,1.08,7.59,2,5,2
418,a,,,5.0,242,36,0,0,0,0,13.9,30,10,5,0,2.5,156,61,0,28,1.7,191,72,0.3,1.0,0,106142,3409,435889,38865,1.7,1.7,0.07,0.41,0.48,3.07,0.04,0.2,0.24,1.54,32.6,128,57,30.1,81,24,25.0,74,17,8.8,83,24,,,,3,,Harry,Maguire,Maguire,,,180,0,1,0,4,0,0,0,0,0,0,2,9,,,,0.0,0.0,2.0,1.0,4.5,1,8,9
419,a,100.0,100.0,5.0,279,46,0,0,0,0,1.2,167,67,1,0,1.0,306,121,0,2,0.3,350,127,0.1,0.2,0,15744,795,39342,1649,0.3,0.3,0.03,0.06,0.09,2.06,0.03,0.06,0.09,2.06,4.8,278,104,1.8,255,87,3.0,211,77,1.0,294,106,,,,3,,Lisandro,Martínez,Martinez,,,90,0,0,0,2,0,0,0,0,0,0,1,0,,,,0.0,0.0,2.0,1.0,0.0,0,0,6
420,a,,,4.9,412,77,0,0,-1,1,0.5,245,91,1,0,1.0,294,117,0,-2,0.3,343,124,0.1,0.2,0,3516,245,22874,934,0.3,0.3,0.0,0.01,0.01,1.0,0.0,0.06,0.06,5.62,1.8,313,118,1.8,254,86,0.0,461,189,0.4,317,115,,,,3,,Leny,Yoro,Yoro,,,16,0,0,0,1,0,0,0,0,0,0,0,2,,,,0.0,0.0,5.62,0.0,11.25,0,2,1
421,a,,,4.4,574,158,-1,1,-1,1,0.3,282,105,1,0,1.0,270,101,0,5,0.3,330,117,0.1,0.2,0,4619,231,13936,784,0.3,0.3,0.12,0.04,0.16,1.01,0.12,0.04,0.16,1.01,6.8,254,99,2.6,233,75,11.0,136,44,2.0,257,94,,,,3,,Ayden,Heaven,Heaven,,,90,0,0,0,2,0,0,0,0,0,0,1,2,,,,0.0,0.0,2.0,1.0,2.0,1,1,4
422,a,,,4.5,470,109,0,0,0,0,0.6,238,88,2,0,1.0,277,106,0,7,0.7,280,99,0.2,0.4,0,9413,315,20383,1268,0.7,0.7,0.22,0.05,0.27,2.01,0.21,0.05,0.26,1.88,18.8,184,81,30.7,79,23,9.0,151,49,5.9,147,55,,,,3,,Noussair,Mazraoui,Mazraoui,,,96,0,0,0,3,0,0,0,0,0,0,1,5,,,,0.0,0.0,2.81,0.94,4.69,1,4,3
423,a,,,4.5,434,85,0,0,0,0,15.3,27,9,3,0,1.5,233,83,0,25,1.0,236,85,0.2,0.7,0,75686,2300,499330,48351,1.0,1.0,0.0,0.28,0.28,2.07,0.0,0.16,0.16,1.15,43.6,75,30,60.8,18,2,10.0,147,47,11.4,50,9,3.0,,,3,,Luke,Shaw,Shaw,,,162,0,0,0,3,0,0,0,0,0,0,2,12,,,,0.0,0.0,1.67,1.11,6.67,5,7,5
424,a,,,4.0,643,205,0,0,0,0,0.2,342,126,0,0,0.0,431,161,0,0,0.0,431,161,0.0,0.0,0,3162,332,4589,252,0.0,0.0,0.0,0.0,0.0,0.0,0.0,0.0,0.0,0.0,0.0,389,152,0.0,381,150,0.0,308,126,0.0,399,152,,,,3,,Harry,Amass,Amass,,,0,0,0,0,0,0,0,0,0,0,0,0,0,,,,0.0,0.0,0.0,0.0,0.0,0,0,0
425,u,0.0,0.0,4.0,634,196,0,0,0,0,0.0,580,197,0,0,0.0,424,154,0,0,0.0,424,154,0.0,0.0,0,0,0,1042,33,0.0,0.0,0.0,0.0,0.0,0.0,0.0,0.0,0.0,0.0,0.0,382,145,0.0,374,143,0.0,299,117,0.0,392,145,,,,3,,Tyler,Fredricson,Fredricson,Has joined Lausanne-Sport permanently,,0,0,0,0,0,0,0,0,0,0,0,0,0,,,,0.0,0.0,0.0,0.0,0.0,0,0,0
426,a,,,12.0,2,1,0,0,0,0,48.5,3,1,25,0,12.5,2,2,3,105,8.3,5,3,0.7,2.1,0,445277,24927,611495,47833,8.3,8.3,2.1,0.74,2.84,3.07,1.05,0.37,1.42,1.54,152.6,1,1,117.9,1,1,83.0,8,4,35.4,1,1,1.0,1.0,1.0,3,,Bruno,Borges Fernandes,B.Fernandes,,,180,3,1,0,4,0,0,0,0,0,0,2,14,,,,0.0,0.0,2.0,1.0,7.0,2,2,10
427,a,,,7.9,12,8,-1,1,-1,1,26.5,8,4,13,0,6.5,30,13,2,49,4.3,62,30,0.5,1.6,0,182785,7932,1151868,86768,4.3,4.3,2.26,0.44,2.7,3.07,1.13,0.22,1.35,1.54,55.2,43,20,71.4,12,12,84.0,5,2,21.1,6,5,2.0,2.0,2.0,3,,Bryan,Mbeumo,Mbeumo,,,180,1,1,0,4,0,0,0,1,0,0,2,9,,,,0.0,0.0,2.0,1.0,4.5,3,0,6
428,a,,,7.9,11,7,-1,1,-1,1,7.7,56,20,11,0,5.5,46,23,1,45,3.7,83,40,0.5,1.4,0,52415,1977,265534,14810,3.7,3.7,0.35,0.36,0.71,2.07,0.2,0.21,0.41,1.18,25.4,152,55,55.8,23,20,63.0,18,10,14.5,27,21,,,,3,,Matheus,Santos Carneiro da Cunha,Cunha,,,158,0,2,0,3,0,0,0,0,0,0,2,5,,,,0.0,0.0,1.71,1.14,2.85,0,0,5
429,a,,,7.0,25,16,0,0,0,0,1.6,143,42,3,0,1.5,245,113,0,26,1.0,271,127,0.1,0.4,0,40151,2276,63192,3259,1.0,1.0,0.26,0.15,0.41,1.15,0.19,0.11,0.3,0.83,27.6,145,53,82.9,8,8,62.0,21,12,17.2,17,13,,3.0,,3,,Marcus,Rashford,Rashford,,,124,0,0,0,1,0,0,0,0,0,0,1,7,,,,0.0,0.0,0.73,0.73,5.08,3,0,4
430,d,75.0,75.0,5.4,200,123,0,0,-1,1,0.0,560,230,0,0,0.0,606,257,0,0,0.0,606,257,0.0,0.0,0,107,12,1336,51,0.0,0.0,0.0,0.0,0.0,0.0,0.0,0.0,0.0,0.0,0.0,583,244,0.0,590,250,0.0,563,229,0.0,591,247,,4.0,,3,,Mason,Mount,Mount,Foot injury - 75% chance of playing,,0,0,0,0,0,0,0,0,0,0,0,0,0,,,,0.0,0.0,0.0,0.0,0.0,0,0,0
431,i,0.0,0.0,5.8,116,76,0,0,-2,2,0.5,259,86,0,0,0.0,630,274,0,0,0.0,630,274,0.0,0.0,0,1865,46,104651,2389,0.0,0.0,0.0,0.0,0.0,0.0,0.0,0.0,0.0,0.0,0.0,621,271,0.0,625,272,0.0,615,265,0.0,625,271,4.0,,,3,,Amad,Diallo,Amad,Unspecified injury - Unknown return date,,0,0,0,0,0,0,0,0,0,0,0,0,0,,,,0.0,0.0,0.0,0.0,0.0,0,0,0
432,a,,,5.5,177,108,0,0,0,0,1.1,179,55,5,0,2.5,161,69,0,32,1.7,204,94,0.3,0.9,0,25181,2239,28269,1445,1.7,1.7,0.21,0.28,0.49,1.13,0.19,0.25,0.44,1.0,18.0,189,72,9.7,188,104,11.0,140,70,3.8,201,89,,,,3,,Kobbie,Mainoo,Mainoo,,,102,0,0,0,1,0,0,0,0,0,0,1,16,,,,0.0,0.0,0.88,0.88,14.12,3,2,11
433,i,0.0,0.0,5.0,286,173,0,0,0,0,0.0,629,273,0,0,0.0,562,232,0,0,0.0,562,232,0.0,0.0,0,61,5,167,10,0.0,0.0,0.0,0.0,0.0,0.0,0.0,0.0,0.0,0.0,0.0,536,215,0.0,539,222,0.0,497,190,0.0,544,218,,,,3,,Manuel,Ugarte Ribeiro,Ugarte,Knee injury - Unknown return date,,0,0,0,0,0,0,0,0,0,0,0,0,0,,,,0.0,0.0,0.0,0.0,0.0,0,0,0
434,a,,,5.0,351,212,0,0,0,0,0.0,594,250,0,0,0.0,592,250,0,0,0.0,592,250,0.0,0.0,0,143,18,376,21,0.0,0.0,0.0,0.0,0.0,0.0,0.0,0.0,0.0,0.0,0.0,567,235,0.0,575,242,0.0,541,215,0.0,575,238,,,,3,,Jack,Fletcher,J.Fletcher,,,0,0,0,0,0,0,0,0,0,0,0,0,0,,,,0.0,0.0,0.0,0.0,0.0,0,0,0
435,a,,,5.0,359,218,0,0,0,0,0.1,494,198,1,0,1.0,320,142,0,3,0.3,358,166,0.1,0.2,0,666,41,1729,101,0.3,0.3,0.0,0.0,0.0,0.0,0.0,0.0,0.0,0.0,0.2,337,156,0.6,299,150,0.0,548,221,0.1,345,162,,,,3,,Shea,Lacey,Lacey,,,10,0,0,0,0,0,0,0,0,0,0,0,1,,,,0.0,0.0,0.0,0.0,9.0,0,0,1
436,u,0.0,0.0,5.0,322,192,0,0,0,0,0.0,586,244,0,0,0.0,579,242,0,0,0.0,579,242,0.0,0.0,0,150,0,696,81,0.0,0.0,0.0,0.0,0.0,0.0,0.0,0.0,0.0,0.0,0.0,554,227,0.0,561,234,0.0,524,205,0.0,562,230,,,,3,,Toby,Collyer,Collyer,Has joined West Brom permanently,,0,0,0,0,0,0,0,0,0,0,0,0,0,,,,0.0,0.0,0.0,0.0,0.0,0,0,0
437,a,,,4.5,541,276,0,0,0,0,0.2,346,127,0,0,0.0,503,197,0,0,0.0,503,197,0.0,0.0,0,3066,343,5355,288,0.0,0.0,0.0,0.0,0.0,0.0,0.0,0.0,0.0,0.0,0.0,467,175,0.0,468,184,0.0,412,142,0.0,477,180,,,,3,,Bendito,Mantato,Bendito Mantato,,,0,0,0,0,0,0,0,0,0,0,0,0,0,,,,0.0,0.0,0.0,0.0,0.0,0,0,0
438,a,,,4.5,522,271,0,0,0,0,0.3,291,98,0,0,0.0,487,192,0,0,0.0,487,192,0.0,0.0,0,3537,325,8760,456,0.0,0.0,0.0,0.0,0.0,0.0,0.0,0.0,0.0,0.0,0.0,450,170,0.0,452,179,0.0,394,137,0.0,460,175,,,,3,,Tyler,Fletcher,Fletcher,,,0,0,0,0,0,0,0,0,0,0,0,0,0,,,,0.0,0.0,0.0,0.0,0.0,0,0,0
439,a,100.0,100.0,7.0,29,10,0,0,0,0,1.6,145,22,2,0,1.0,367,44,0,7,0.7,322,41,0.1,0.3,0,48127,1992,68218,4592,0.7,0.7,0.04,0.01,0.05,1.07,0.11,0.03,0.14,2.92,2.2,310,34,11.0,180,20,11.0,146,28,2.4,242,28,,,,3,,Benjamin,Sesko,Šeško,,,33,0,0,0,1,0,0,0,0,0,0,0,3,,,,0.0,0.0,2.73,0.0,8.18,0,0,3
440,a,,,5.4,217,48,0,0,-1,1,0.5,261,46,0,0,0.0,611,70,0,0,0.0,611,70,0.0,0.0,0,8770,1110,27318,1281,0.0,0.0,0.0,0.0,0.0,0.0,0.0,0.0,0.0,0.0,0.0,589,61,0.0,595,66,0.0,571,63,0.0,596,66,,,,3,,Joshua,Zirkzee,Zirkzee,,,0,0,0,0,0,0,0,0,0,0,0,0,0,,,,0.0,0.0,0.0,0.0,0.0,0,0,0
405,a,,,5.5,164,98,0,0,0,0,0.3,311,110,4,2,2.0,211,96,0,20,1.3,220,102,0.2,0.7,0,13445,922,5207,492,1.3,1.3,0.0,0.21,0.21,2.07,0.0,0.13,0.13,1.28,7.2,252,111,29.5,84,52,0.0,603,256,3.7,205,91,,,,3,,Nico,González Iglesias,N.Gonzalez,,,146,0,0,1,2,0,0,0,1,0,0,2,11,,,,0.0,0.62,1.23,1.23,6.78,0,3,8
442,a,,,5.0,243,6,0,0,0,0,1.1,182,28,0,0,0.0,548,68,0,0,0.0,548,68,0.0,0.0,0,8206,548,33692,2179,0.0,0.0,0.0,0.0,0.0,0.0,0.0,0.0,0.0,0.0,0.0,517,68,0.0,520,57,0.0,472,56,0.0,527,68,,,,3,,Nick,Pope,Pope,,,0,0,0,0,0,0,0,0,0,0,0,0,0,,,,0.0,0.0,0.0,0.0,0.0,0,0,0
443,a,,,4.5,428,26,0,0,0,0,0.0,525,59,0,0,0.0,442,47,0,0,0.0,442,47,0.0,0.0,0,429,28,653,40,0.0,0.0,0.0,0.0,0.0,0.0,0.0,0.0,0.0,0.0,0.0,400,47,0.0,394,28,0.0,326,27,0.0,410,47,,,,3,,Mark,Gillespie,Gillespie,,,0,0,0,0,0,0,0,0,0,0,0,0,0,,,,0.0,0.0,0.0,0.0,0.0,0,0,0
444,a,,,4.5,532,48,0,0,0,0,0.0,550,64,0,0,0.0,496,64,0,0,0.0,496,64,0.0,0.0,0,335,29,859,50,0.0,0.0,0.0,0.0,0.0,0.0,0.0,0.0,0.0,0.0,0.0,459,64,0.0,461,50,0.0,403,49,0.0,469,64,,,,3,,Ewen,Jaouen,Jaouen,,,0,0,0,0,0,0,0,0,0,0,0,0,0,,,,0.0,0.0,0.0,0.0,0.0,0,0,0
445,a,,,5.0,308,54,0,0,0,0,2.2,122,48,8,-1,2.7,146,58,0,25,2.7,121,50,0.5,1.6,0,99859,7824,49156,6295,2.7,2.7,0.0,0.07,0.07,5.47,0.0,0.02,0.02,1.82,44.6,74,29,1.7,261,90,0.0,514,199,4.6,182,68,,,,3,,Malick,Thiaw,Thiaw,,,270,0,0,1,4,1,0,0,0,0,0,3,21,,,,0.0,0.33,1.33,1.0,7.0,0,21,6
446,a,100.0,100.0,5.0,247,37,0,0,0,0,0.2,322,116,1,0,1.0,301,118,0,-1,0.3,347,125,0.1,0.2,0,4118,168,7515,737,0.3,0.3,0.0,0.0,0.0,0.79,0.0,0.0,0.0,71.1,0.0,520,197,0.0,522,197,0.0,476,190,0.0,529,197,,2.0,,3,,Fabian,Schär,Schär,,,1,0,0,0,1,0,0,0,0,0,0,0,0,,,,0.0,0.0,90.0,0.0,0.0,0,0,0
447,a,,,5.0,276,44,0,0,0,0,0.7,237,87,9,1,3.0,127,51,0,29,3.0,108,43,0.6,1.8,0,25531,1194,11248,1125,3.0,3.0,0.01,0.17,0.18,5.47,0.0,0.06,0.06,1.82,43.6,76,31,2.1,244,81,2.0,231,87,4.8,178,65,,,,3,,Sven,Botman,Botman,,,270,0,0,1,4,0,0,0,1,0,0,3,24,,,,0.0,0.33,1.33,1.0,8.0,2,22,9
448,i,0.0,0.0,4.9,378,67,0,0,-1,1,1.1,187,72,0,0,0.0,525,196,0,0,0.0,525,196,0.0,0.0,0,6844,48,126247,3968,0.0,0.0,0.0,0.0,0.0,0.0,0.0,0.0,0.0,0.0,0.0,490,191,0.0,491,192,0.0,436,183,0.0,499,191,,,,3,,Dan,Burn,Burn,Ankle injury - Expected back 14 Sep,,0,0,0,0,0,0,0,0,0,0,0,0,0,,,,0.0,0.0,0.0,0.0,0.0,0,0,0
449,a,,,5.1,237,35,0,0,1,-1,10.3,41,15,18,4,6.0,36,16,3,80,6.0,26,12,1.2,3.5,0,702482,73145,108751,9249,6.0,6.0,0.04,0.67,0.71,5.45,0.01,0.22,0.23,1.82,61.0,27,8,42.5,45,9,4.0,201,71,10.7,60,13,1.0,1.0,,3,,Lewis,Hall,Hall,,,269,0,1,1,4,0,0,0,0,0,0,3,30,,,,0.0,0.33,1.34,1.0,10.04,8,22,27
450,a,100.0,0.0,4.9,398,71,0,0,-1,1,0.0,535,185,1,1,1.0,291,115,0,3,0.3,340,122,0.1,0.2,0,486,280,2184,96,0.3,0.0,0.0,0.0,0.0,0.02,0.0,0.0,0.0,1.8,0.0,504,194,0.0,505,194,0.0,453,186,0.0,514,194,,,,3,,Tino,Livramento,Livramento,,,1,0,0,0,0,0,0,0,0,0,0,0,0,,,,0.0,0.0,0.0,0.0,0.0,0,0,0
451,u,0.0,0.0,4.0,633,195,0,0,0,0,0.1,466,166,0,0,0.0,423,153,0,0,0.0,423,153,0.0,0.0,0,0,0,5308,206,0.0,0.0,0.0,0.0,0.0,0.0,0.0,0.0,0.0,0.0,0.0,381,144,0.0,373,142,0.0,298,116,0.0,391,144,,,,3,,Alex,Murphy,A.Murphy,Has joined FC Kaiserslautern on loan for the rest of the season,,0,0,0,0,0,0,0,0,0,0,0,0,0,,,,0.0,0.0,0.0,0.0,0.0,0,0,0
453,a,,,6.0,65,45,0,0,0,0,1.4,157,48,17,12,5.7,45,22,2,58,5.7,34,16,1.0,2.8,0,62689,22507,35969,2898,5.7,5.7,0.22,0.06,0.28,5.47,0.07,0.02,0.09,1.82,12.4,224,93,24.5,109,66,16.0,108,57,5.3,162,76,5.0,,,3,,Harvey,Barnes,Barnes,,,270,1,1,1,4,0,0,0,0,0,0,3,18,,,,0.0,0.33,1.33,1.0,6.0,3,7,8
454,a,,,6.1,58,41,0,0,1,-1,10.7,40,15,18,1,6.0,43,20,2,71,6.0,32,14,1.0,3.0,0,977971,71858,130424,24082,6.0,6.0,0.42,0.34,0.76,4.01,0.16,0.13,0.29,1.56,74.2,11,7,18.8,132,81,57.0,26,16,15.0,25,19,4.0,,,3,,Anthony,Elanga,Elanga,,,232,2,0,1,3,0,0,0,1,0,0,3,9,,,,0.0,0.39,1.16,1.16,3.49,4,2,3
456,a,,,4.9,392,238,-1,1,-1,1,0.3,293,100,7,6,2.3,169,72,0,26,2.3,144,60,0.5,1.4,0,5014,1773,11841,609,2.3,2.3,0.17,0.16,0.33,1.92,0.22,0.21,0.43,2.5,8.0,246,105,5.5,205,112,4.0,198,95,1.7,270,120,,,,3,,Jacob,Ramsey,J.Ramsey,,,69,1,0,0,1,0,0,0,1,0,0,0,11,,,,0.0,0.0,1.3,0.0,14.35,2,3,6
457,a,,,5.9,88,57,0,0,-1,1,0.1,386,142,2,1,0.7,375,179,0,7,0.7,314,146,0.1,0.3,0,2039,207,6507,353,0.7,0.7,0.0,0.2,0.2,1.46,0.0,0.51,0.51,3.75,2.2,309,139,3.2,227,124,4.0,206,99,0.8,304,137,2.0,,,3,,Jacob,Murphy,J.Murphy,,,35,0,0,0,1,0,0,0,1,0,0,0,6,,,,0.0,0.0,2.57,0.0,15.43,1,1,4
458,i,0.0,0.0,5.4,199,122,0,0,-1,1,0.0,562,231,0,0,0.0,605,256,0,0,0.0,605,256,0.0,0.0,0,140,6,1757,57,0.0,0.0,0.0,0.0,0.0,0.0,0.0,0.0,0.0,0.0,0.0,582,243,0.0,589,249,0.0,562,228,0.0,590,246,,,,3,,Joelinton Cássio,Apolinário de Lira,Joelinton,Unspecified injury - Unknown return date,,0,0,0,0,0,0,0,0,0,0,0,0,0,,,,0.0,0.0,0.0,0.0,0.0,0,0,0
459,a,100.0,100.0,5.5,183,112,0,0,0,0,0.1,451,179,8,2,2.7,151,64,0,40,2.7,129,54,0.5,1.5,0,3816,214,2325,209,2.7,2.7,0.05,0.07,0.12,4.39,0.02,0.03,0.05,1.74,26.8,146,54,36.1,56,43,3.0,212,102,6.6,131,67,3.0,,,3,,Lewis,Miley,L.Miley,,,227,0,0,1,3,0,0,0,1,0,0,3,26,,,,0.0,0.4,1.19,1.19,10.31,1,10,15
460,a,,,5.0,261,161,0,0,0,0,0.4,262,87,11,2,3.7,94,42,0,34,3.7,76,35,0.7,2.2,0,34196,3206,10827,1153,3.7,3.7,0.52,0.2,0.72,3.57,0.28,0.11,0.39,1.94,38.4,99,35,18.2,133,82,17.0,100,52,6.6,129,65,,,,3,,Joe,Willock,Willock,,,166,1,0,1,3,0,0,0,0,0,0,2,8,,,,0.0,0.54,1.63,1.08,4.34,3,2,3
461,a,,,5.9,113,73,0,0,-1,1,0.2,366,136,1,0,1.0,356,167,0,3,0.3,375,176,0.1,0.2,0,1240,70,11284,596,0.3,0.3,0.0,0.0,0.0,0.0,0.0,0.0,0.0,0.0,0.0,631,276,0.0,631,276,0.0,626,272,0.0,632,276,,,,3,,Bazoumana,Touré,Touré,,,1,0,0,0,0,0,0,0,0,0,0,0,0,,,,0.0,0.0,0.0,0.0,0.0,0,0,0
462,a,,,4.9,417,254,-1,1,-1,1,0.1,443,176,3,1,1.0,298,127,0,10,1.0,246,110,0.2,0.6,0,1402,56,3625,278,1.0,1.0,0.0,0.0,0.0,1.9,0.0,0.0,0.0,1.97,5.4,265,118,1.2,277,142,0.0,466,173,0.7,305,138,,,,3,,Sean,Steur,Steur,,,87,0,0,0,1,0,0,0,0,0,0,1,7,,,,0.0,0.0,1.03,1.03,7.24,0,4,3
463,u,0.0,0.0,5.9,104,27,0,0,-1,1,0.9,202,32,4,0,4.0,87,9,0,18,1.3,222,21,0.2,0.7,0,14520,0,100641,13081,0.0,0.0,0.02,0.01,0.03,0.38,0.09,0.05,0.14,1.8,18.2,187,16,10.5,184,21,11.0,143,26,4.0,194,23,,,,3,,Nick,Woltemade,Woltemade,Has joined Juventus on loan for the rest of the season,,19,0,1,0,0,0,0,0,0,0,0,0,0,,,,0.0,0.0,0.0,0.0,0.0,0,0,0
464,a,,,6.2,57,13,1,-1,2,-2,16.0,25,5,13,1,4.3,74,7,2,51,4.3,58,5,0.7,2.1,0,1396685,118589,137612,24116,4.3,4.3,1.35,0.05,1.4,4.3,0.47,0.02,0.49,1.48,55.6,42,3,26.6,95,8,74.0,12,5,15.6,23,5,,,2.0,3,,Yoane,Wissa,Wissa,,,261,1,1,1,3,0,0,0,2,0,0,3,17,,,,0.0,0.34,1.03,1.03,5.86,5,2,10
465,i,0.0,0.0,5.9,109,29,0,0,-1,1,0.5,254,42,4,0,4.0,88,10,0,18,1.3,224,23,0.2,0.7,0,20961,60,67387,2631,0.0,0.0,0.06,0.14,0.2,1.48,0.1,0.23,0.33,2.42,28.2,141,13,13.7,155,15,8.0,161,29,5.0,172,19,,,1.0,3,,William,Osula,Osula,Foot injury - Unknown return date,,55,0,1,0,1,0,0,0,0,0,0,1,5,,,,0.0,0.0,1.64,1.64,8.18,1,2,2
466,u,0.0,0.0,4.5,551,76,0,0,0,0,0.8,218,37,0,0,0.0,511,55,0,0,0.0,511,55,0.0,0.0,0,23805,0,26142,4618,0.0,0.0,0.0,0.0,0.0,0.0,0.0,0.0,0.0,0.0,0.0,475,46,0.0,476,51,0.0,420,48,0.0,485,51,,,,3,,Sean,Neave,Neave,Has joined Wolves on loan for the rest of the season,,0,0,0,0,0,0,0,0,0,0,0,0,0,,,,0.0,0.0,0.0,0.0,0.0,0,0,0
559,a,,,4.9,416,253,-1,1,-1,1,0.1,411,160,1,0,1.0,297,126,0,5,0.3,345,157,0.1,0.2,0,1657,133,4594,305,0.3,0.3,0.0,0.0,0.0,1.04,0.0,0.0,0.0,6.69,4.0,288,132,0.0,515,211,0.0,465,172,0.4,318,145,,,,3,,Aladji,Bamba,Bamba,,,14,0,0,0,1,0,0,0,0,0,0,0,2,,,,0.0,0.0,6.43,0.0,12.86,1,1,0
567,a,,,5.0,312,15,0,0,0,0,1.2,171,25,10,2,3.3,109,7,0,56,3.3,89,6,0.7,2.0,0,71328,7530,26157,2792,3.3,3.3,0.0,0.0,0.0,5.47,0.0,0.0,0.0,1.82,75.8,8,1,0.0,554,65,0.0,517,65,7.6,108,1,,,,3,,Lukás,Hornícek,Horníček,,,270,0,0,1,4,0,0,0,1,0,13,3,0,,,,4.33,0.33,1.33,1.0,0.0,0,5,15
593,a,,,4.5,496,127,0,0,0,0,3.4,93,37,13,1,4.3,68,29,2,39,4.3,51,23,1.0,2.9,0,363933,34929,60763,9404,4.3,4.3,0.14,0.08,0.22,5.47,0.05,0.03,0.08,1.82,59.0,32,10,31.6,75,21,5.0,193,67,9.6,72,18,,,,3,,Amar,Dedic,Dedić,,,270,0,1,1,4,0,0,0,0,0,0,3,18,,,,0.0,0.33,1.33,1.0,6.0,5,13,11
609,a,,,4.0,637,199,0,0,0,0,0.3,312,114,0,0,0.0,427,157,0,0,0.0,427,157,0.0,0.0,0,15680,816,4460,499,0.0,0.0,0.0,0.0,0.0,0.0,0.0,0.0,0.0,0.0,0.0,385,148,0.0,377,146,0.0,302,120,0.0,395,148,,,,3,,Leo,Shahar,Shahar,,,0,0,0,0,0,0,0,0,0,0,0,0,0,,,,0.0,0.0,0.0,0.0,0.0,0,0,0
634,a,,,6.0,83,20,0,0,0,0,0.1,476,66,1,1,1.0,359,43,0,4,1.0,269,33,0.2,0.2,0,6833,1449,816,230,2.1,2.1,0.0,0.0,0.0,0.04,0.0,0.0,0.0,0.13,0.0,639,75,0.0,639,75,0.0,635,75,0.0,639,75,,,,3,,Matias,Fernandez-Pardo,Fernandez-Pardo,,,27,0,0,0,0,0,0,0,0,0,0,0,1,,,,0.0,0.0,0.0,0.0,3.33,0,0,1
167,a,,,5.5,161,41,0,0,0,0,0.8,213,36,3,2,1.5,243,27,0,15,1.0,260,31,0.2,0.5,0,48358,3672,21114,1572,1.0,1.0,0.13,0.06,0.19,1.22,0.12,0.06,0.18,1.13,4.0,290,28,10.1,187,24,7.0,179,31,2.1,255,30,,,3.0,3,,Liam,Delap,Delap,,,97,0,0,1,1,0,0,0,0,0,0,1,5,,,,0.0,0.93,0.93,0.93,4.64,0,2,3
201,a,,,5.4,209,29,0,0,-1,1,6.3,63,25,1,1,0.5,380,134,0,1,0.3,363,132,0.1,0.2,0,41339,2434,321151,14007,0.3,0.3,0.26,0.01,0.27,1.1,0.28,0.01,0.29,1.16,1.2,324,121,1.8,256,88,21.0,85,21,2.4,240,89,,,,3,,Daniel,Muñoz Mejía,Muñoz,,,85,0,0,0,2,0,0,0,0,0,0,1,5,,,,0.0,0.0,2.12,1.06,5.29,2,3,1
467,a,,,5.0,240,5,0,0,0,0,1.4,155,22,9,6,3.0,125,12,0,38,3.0,107,12,0.6,1.8,0,13151,1397,31346,1377,3.0,3.0,0.0,0.01,0.01,3.28,0.0,0.0,0.0,1.09,30.8,133,14,0.0,519,56,0.0,471,55,3.1,216,14,,,,3,,Matz,Sels,Sels,,,270,0,0,1,3,0,0,0,0,0,4,3,0,,,,1.33,0.33,1.0,1.0,0.0,0,4,26
468,a,,,4.5,465,35,0,0,0,0,0.1,484,55,0,0,0.0,458,56,0,0,0.0,458,56,0.0,0.0,0,479,42,1184,67,0.0,0.0,0.0,0.0,0.0,0.0,0.0,0.0,0.0,0.0,0.0,419,56,0.0,415,37,0.0,351,36,0.0,429,56,,,,3,,John Victor,Maciel Furtado,John,,,0,0,0,0,0,0,0,0,0,0,0,0,0,,,,0.0,0.0,0.0,0.0,0.0,0,0,0
469,a,,,5.0,273,43,0,0,0,0,8.2,52,20,15,7,5.0,54,23,1,57,5.0,42,19,1.0,3.0,0,76770,9102,179987,9155,5.0,5.0,0.12,0.24,0.36,3.28,0.04,0.08,0.12,1.09,49.6,58,21,31.1,77,22,12.0,129,41,9.3,75,21,2.0,2.0,,3,,Neco,Williams,N.Williams,,,270,0,1,1,3,0,0,0,0,0,0,3,24,,,,0.0,0.33,1.0,1.0,8.0,12,12,19
470,u,0.0,0.0,5.0,316,58,0,0,0,0,0.0,531,184,0,0,0.0,574,206,0,0,0.0,574,206,0.0,0.0,0,424,0,2299,266,0.0,0.0,0.0,0.0,0.0,0.0,0.0,0.0,0.0,0.0,0.0,548,205,0.0,555,205,0.0,518,200,0.0,556,205,,,,3,,Felipe,Rodrigues da Silva,Morato,Has joined West Ham on loan for the rest of the season,,0,0,0,0,0,0,0,0,0,0,0,0,0,,,,0.0,0.0,0.0,0.0,0.0,0,0,0
471,a,,,5.5,145,17,0,0,0,0,1.6,141,59,12,7,4.0,82,35,0,34,4.0,69,30,0.7,2.2,0,9232,1014,36205,1316,4.0,4.0,0.11,0.03,0.14,3.28,0.04,0.01,0.05,1.09,24.6,156,70,0.6,301,112,14.0,120,37,3.9,197,74,,,,3,,Nikola,Milenković,Milenković,,,270,0,0,1,3,0,0,0,1,0,0,3,31,,,,0.0,0.33,1.0,1.0,10.33,5,26,12
472,a,100.0,100.0,5.5,188,25,0,0,0,0,1.5,147,62,13,8,4.3,72,30,0,42,4.3,56,25,0.8,2.4,0,19280,1040,33346,1357,4.3,4.3,0.35,0.28,0.63,3.28,0.12,0.09,0.21,1.1,43.4,78,32,26.2,98,30,8.0,160,54,7.8,104,37,,3.0,,3,,Murillo,Costa dos Santos,Murillo,,,269,0,0,1,3,0,0,0,0,0,0,3,30,,,,0.0,0.33,1.0,1.0,10.04,6,24,10
473,a,,,4.5,445,89,0,0,0,0,3.0,104,41,6,1,2.0,185,70,0,34,2.0,161,64,0.4,1.3,0,40008,1630,81278,7431,2.0,2.0,0.04,0.52,0.56,2.9,0.02,0.22,0.24,1.21,27.8,143,64,51.1,31,6,15.0,111,32,9.4,74,20,,,,3,,Ola,Aina,Aina,,,216,0,0,1,2,0,0,0,2,0,0,3,14,,,,0.0,0.42,0.83,1.25,5.83,7,7,12
474,a,,,4.5,540,144,0,0,0,0,0.2,341,125,10,8,3.3,106,42,0,35,3.3,86,34,0.7,2.2,0,1828,645,3813,260,3.3,3.3,0.03,0.01,0.04,3.28,0.01,0.0,0.01,1.09,35.4,115,52,1.7,258,89,0.0,411,176,3.7,203,79,,,,3,,Jair,Paula da Cunha Filho,Jair Cunha,,,270,0,0,1,3,0,0,0,1,0,0,3,28,,,,0.0,0.33,1.0,1.0,9.33,5,23,5
475,i,0.0,0.0,4.5,515,135,0,0,0,0,0.0,643,213,0,0,0.0,481,184,0,0,0.0,481,184,0.0,0.0,0,152,5,183,4,0.0,0.0,0.0,0.0,0.0,0.0,0.0,0.0,0.0,0.0,0.0,443,178,0.0,445,179,0.0,387,168,0.0,453,178,,,,3,,Nicolò,Savona,Savona,Knee injury - Unknown return date,,0,0,0,0,0,0,0,0,0,0,0,0,0,,,,0.0,0.0,0.0,0.0,0.0,0,0,0
476,a,,,4.0,601,172,0,0,0,0,0.2,328,121,0,0,0.0,401,140,0,0,0.0,401,140,0.0,0.0,0,1955,202,4341,217,0.0,0.0,0.0,0.0,0.0,0.0,0.0,0.0,0.0,0.0,0.0,358,130,0.0,350,128,0.0,274,101,0.0,368,130,,,,3,,Omar,Richards,O.Richards,,,0,0,0,0,0,0,0,0,0,0,0,0,0,,,,0.0,0.0,0.0,0.0,0.0,0,0,0
477,u,0.0,0.0,4.0,636,198,0,0,0,0,0.2,336,123,0,0,0.0,426,156,0,0,0.0,426,156,0.0,0.0,0,2459,0,7462,974,0.0,0.0,0.0,0.0,0.0,0.0,0.0,0.0,0.0,0.0,0.0,384,147,0.0,376,145,0.0,301,119,0.0,394,147,,,,3,,Zach,Abbott,Abbott,Has joined Southampton on loan for the rest of the season,,0,0,0,0,0,0,0,0,0,0,0,0,0,,,,0.0,0.0,0.0,0.0,0.0,0,0,0
478,a,,,4.5,499,128,0,0,0,0,0.0,530,183,2,0,1.0,281,109,0,3,0.7,284,103,0.2,0.4,0,299,19,807,47,0.7,0.7,0.0,0.0,0.0,0.13,0.0,0.0,0.0,0.58,2.0,312,117,0.9,283,102,0.0,374,164,0.3,325,117,,,,3,,Luca,Netz,Netz,,,20,0,0,0,1,0,0,0,0,0,0,0,1,,,,0.0,0.0,4.5,0.0,4.5,1,0,1
479,u,0.0,0.0,4.0,631,193,0,0,0,0,0.1,370,135,0,0,0.0,422,152,0,0,0.0,422,152,0.0,0.0,0,799,0,4850,492,0.0,0.0,0.0,0.0,0.0,0.0,0.0,0.0,0.0,0.0,0.0,380,143,0.0,372,141,0.0,297,115,0.0,390,143,,,,3,,Tyler,Bindon,Bindon,Has joined Charlton Athletic on loan for the rest of the season,,0,0,0,0,0,0,0,0,0,0,0,0,0,,,,0.0,0.0,0.0,0.0,0.0,0,0,0
480,a,100.0,100.0,7.9,10,6,0,0,-1,1,9.4,45,17,18,3,6.0,44,21,3,49,6.0,33,15,0.8,2.3,0,244116,20140,410139,14376,6.0,6.0,1.4,0.11,1.51,3.28,0.47,0.04,0.51,1.09,56.4,40,18,21.8,119,73,33.0,58,33,11.0,57,37,,1.0,1.0,3,,Morgan,Gibbs-White,Gibbs-White,,,270,1,1,1,3,0,0,0,0,0,0,3,15,,,,0.0,0.33,1.0,1.0,5.0,4,2,9
482,a,100.0,100.0,5.9,93,60,0,0,-1,1,0.2,345,126,1,0,1.0,351,163,0,2,0.3,372,174,0.1,0.2,0,2503,168,10864,456,0.3,0.3,0.0,0.0,0.0,0.0,0.0,0.0,0.0,0.0,0.0,625,272,0.3,320,162,0.0,618,266,0.0,628,272,,4.0,,3,,Callum,Hudson-Odoi,Hudson-Odoi,,,1,0,0,0,0,0,0,0,0,0,0,0,0,,,,0.0,0.0,0.0,0.0,0.0,0,0,0
483,a,,,5.5,160,97,0,0,0,0,0.7,231,78,13,1,4.3,71,31,2,40,4.3,55,25,0.8,2.4,0,37827,2604,18397,1854,4.3,4.3,0.35,0.63,0.98,2.48,0.17,0.31,0.48,1.21,37.2,108,41,25.5,101,63,36.0,51,29,9.9,70,42,,,,3,,Dan,Ndoye,Ndoye,,,184,1,0,1,1,0,0,0,0,0,0,3,17,,,,0.0,0.49,0.49,1.47,8.32,2,2,13
484,u,0.0,0.0,5.4,226,141,0,0,-1,1,0.1,419,164,0,0,0.0,615,264,0,0,0.0,615,264,0.0,0.0,0,427,0,7481,622,0.0,0.0,0.0,0.0,0.0,0.0,0.0,0.0,0.0,0.0,0.0,596,254,0.0,601,258,0.0,579,241,0.0,603,256,,,,3,,Omari,Hutchinson,Hutchinson,Has joined AC Milan on loan for the rest of the season,,0,0,0,0,0,0,0,0,0,0,0,0,0,,,,0.0,0.0,0.0,0.0,0.0,0,0,0
485,u,0.0,0.0,5.5,168,102,0,0,0,0,0.0,613,261,0,0,0.0,625,271,0,0,0.0,625,271,0.0,0.0,0,107,0,976,39,0.0,0.0,0.0,0.0,0.0,0.0,0.0,0.0,0.0,0.0,0.0,613,265,0.0,617,266,0.0,605,258,0.0,618,266,,,,3,,Dilane,Bakwa,Bakwa,Has joined Lille on loan for the rest of the season,,0,0,0,0,0,0,0,0,0,0,0,0,0,,,,0.0,0.0,0.0,0.0,0.0,0,0,0
486,a,,,5.5,152,92,0,0,0,0,0.1,453,181,7,2,2.3,175,76,0,56,2.3,151,64,0.4,1.3,0,4376,309,2165,162,2.3,2.3,0.13,0.54,0.67,3.15,0.05,0.19,0.24,1.12,19.8,176,68,61.0,17,16,0.0,600,253,8.1,97,50,1.0,,,3,,James,McAtee,McAtee,,,253,0,0,2,2,0,0,0,1,0,0,3,23,,,,0.0,0.71,0.71,1.07,8.18,5,4,14
487,a,,,4.9,394,240,-1,1,-1,1,0.1,474,188,1,0,1.0,290,122,0,3,0.3,339,154,0.1,0.2,0,635,63,2319,111,0.3,0.3,0.0,0.0,0.0,0.0,0.0,0.0,0.0,0.0,0.2,334,153,0.0,501,202,0.0,449,162,0.0,510,199,,,,3,,Nicolás,Domínguez,Dominguez,,,1,0,0,0,0,0,0,0,0,0,0,0,0,,,,0.0,0.0,0.0,0.0,0.0,0,0,0
488,a,100.0,100.0,4.9,386,234,0,0,-1,1,0.6,241,81,2,0,2.0,193,83,0,10,0.7,286,130,0.1,0.4,0,5293,626,47645,1189,0.7,0.7,0.03,0.01,0.04,0.47,0.03,0.01,0.04,0.47,17.8,190,73,13.0,160,97,3.0,210,101,3.4,209,93,,,,3,,Ibrahim,Sangaré,I.Sangaré,,,90,0,0,0,1,0,0,0,0,0,0,1,6,,,,0.0,0.0,1.0,1.0,6.0,0,3,3
489,a,100.0,100.0,4.5,460,261,0,0,0,0,1.4,151,45,0,0,0.0,456,184,0,0,0.0,456,184,0.0,0.0,0,20890,1828,57608,2342,0.0,0.0,0.0,0.0,0.0,0.0,0.0,0.0,0.0,0.0,0.0,417,162,0.0,412,171,0.0,347,128,0.0,427,167,,,,3,,Ryan,Yates,Yates,,,0,0,0,0,0,0,0,0,0,0,0,0,0,,,,0.0,0.0,0.0,0.0,0.0,0,0,0
490,a,,,5.9,87,22,0,0,-1,1,1.2,173,26,2,1,1.0,348,40,0,6,0.7,313,38,0.1,0.3,0,13501,1152,75712,3453,0.7,0.7,0.12,0.01,0.13,0.4,0.25,0.02,0.27,0.82,0.0,623,69,2.4,236,33,3.0,213,34,0.4,320,37,,,2.0,3,,Chris,Wood,Wood,,,44,0,0,0,1,0,0,0,0,0,0,0,1,,,,0.0,0.0,2.05,0.0,2.05,0,0,1
491,a,,,5.9,105,28,0,0,-1,1,3.0,105,16,4,1,1.3,252,29,0,15,1.3,223,22,0.2,0.7,0,38466,2818,151310,11037,1.3,1.3,0.96,0.06,1.02,2.48,0.41,0.03,0.44,1.06,13.8,213,18,20.1,125,12,69.0,14,6,10.3,66,10,,,4.0,3,,Igor Jesus,Maciel da Cruz,Igor Jesus,,,211,0,0,0,3,0,0,0,1,0,0,2,9,,,,0.0,0.0,1.28,0.85,3.84,2,5,2
493,a,,,5.4,218,49,0,0,-1,1,0.1,493,68,1,0,1.0,327,34,0,3,0.3,364,43,0.1,0.2,0,1615,438,2162,156,0.3,0.3,0.0,0.0,0.0,0.0,0.0,0.0,0.0,0.0,0.0,590,62,0.0,596,67,0.0,572,64,0.0,597,67,,,,3,,Arnaud,Kalimuendo,Kalimuendo,,,1,0,0,0,0,0,0,0,0,0,0,0,0,,,,0.0,0.0,0.0,0.0,0.0,0,0,0
558,a,,,5.0,265,164,0,0,0,0,0.1,425,169,8,3,2.7,144,59,0,36,2.7,119,47,0.5,1.6,0,1727,150,2623,159,2.7,2.7,0.08,0.06,0.14,2.94,0.04,0.03,0.07,1.35,21.8,169,62,1.7,260,135,9.0,154,76,3.3,212,94,3.0,,,3,,Xaver,Schlager,Schlager,,,196,0,0,1,3,0,0,0,0,0,0,2,26,,,,0.0,0.46,1.38,0.92,11.94,9,6,11
581,a,,,5.4,231,32,0,0,-1,1,0.6,242,90,1,1,1.0,334,125,0,3,0.3,368,133,0.1,0.2,0,6913,287,29316,1283,0.3,0.3,0.0,0.0,0.0,0.0,0.0,0.0,0.0,0.0,0.0,599,210,0.0,602,210,0.0,582,208,0.0,605,210,,,,3,,Ousmane,Diomande,Diomande,,,1,0,0,0,0,0,0,0,0,0,0,0,0,,,,0.0,0.0,0.0,0.0,0.0,0,0,0
590,a,,,4.5,485,38,0,0,0,0,0.1,468,53,0,0,0.0,466,58,0,0,0.0,466,58,0.0,0.0,0,1677,102,1521,106,0.0,0.0,0.0,0.0,0.0,0.0,0.0,0.0,0.0,0.0,0.0,428,58,0.0,425,40,0.0,364,39,0.0,438,58,,,,3,,Steven,Benda,Benda,,,0,0,0,0,0,0,0,0,0,0,0,0,0,,,,0.0,0.0,0.0,0.0,0.0,0,0,0
112,a,,,4.9,402,74,0,0,-1,1,7.2,58,23,10,8,3.3,107,43,2,41,3.3,87,35,0.7,2.0,0,60452,2656,330709,12362,3.3,3.3,0.2,0.07,0.27,5.51,0.07,0.02,0.09,1.84,54.8,45,14,16.5,141,43,35.0,55,11,10.6,62,15,,,,3,,Jan Paul,van Hecke,Van Hecke,,,270,0,0,1,5,0,0,0,0,0,0,3,21,,,,0.0,0.33,1.67,1.0,7.0,5,16,11
147,a,,,4.4,568,152,-1,1,-1,1,0.2,352,130,0,0,0.0,440,169,0,0,0.0,440,169,0.0,0.0,0,937,121,4936,259,0.0,0.0,0.0,0.0,0.0,0.0,0.0,0.0,0.0,0.0,0.0,398,160,0.0,390,158,0.0,318,135,0.0,408,160,,,,3,,Tosin,Adarabioyo,Tosin,,,0,0,0,0,0,0,0,0,0,0,0,0,0,,,,0.0,0.0,0.0,0.0,0.0,0,0,0
401,a,,,7.0,28,9,0,0,0,0,2.2,120,18,4,2,2.0,221,24,0,20,1.3,231,26,0.2,0.6,0,148423,8120,61553,6604,1.3,1.3,0.34,0.08,0.42,1.6,0.18,0.04,0.22,0.83,9.2,238,21,35.1,63,4,28.0,68,15,7.2,119,16,,5.0,2.0,3,,Omar,Marmoush,Marmoush,,,173,0,0,1,2,0,0,0,0,0,0,2,4,,,,0.0,0.52,1.04,1.04,2.08,1,0,3
403,a,100.0,100.0,6.5,44,30,0,0,0,0,0.7,230,77,3,3,3.0,141,57,0,15,1.0,270,126,0.2,0.5,0,73083,2200,47565,1895,1.0,1.0,0.02,0.27,0.29,0.49,0.03,0.4,0.43,0.74,0.0,647,287,0.0,647,287,0.0,646,286,0.0,647,287,4.0,,,3,,Sávio,Moreira de Oliveira,Sávio,,,60,0,0,1,0,0,0,0,0,0,0,1,0,,,,0.0,1.5,0.0,1.5,0.0,0,0,0
455,a,,,5.4,211,131,0,0,-1,1,2.8,109,32,9,5,3.0,132,52,0,52,3.0,112,44,0.6,1.7,0,30419,2269,155383,5851,3.0,3.0,0.09,0.09,0.18,5.51,0.03,0.03,0.06,1.95,11.2,227,94,32.7,73,47,12.0,130,66,5.6,152,72,,6.0,,3,,Sandro,Tonali,Tonali,,,254,0,0,1,5,0,0,0,0,0,0,3,20,,,,0.0,0.35,1.77,1.06,7.09,5,5,10
494,u,0.0,0.0,4.5,452,33,0,0,0,0,0.2,349,39,0,0,0.0,454,54,0,0,0.0,454,54,0.0,0.0,0,0,0,17720,524,0.0,0.0,0.0,0.0,0.0,0.0,0.0,0.0,0.0,0.0,0.0,414,54,0.0,409,35,0.0,343,34,0.0,424,54,,,,3,,Guglielmo,Vicario,Vicario,Has joined Juventus on loan for the rest of the season,,0,0,0,0,0,0,0,0,0,0,0,0,0,,,,0.0,0.0,0.0,0.0,0.0,0,0,0
495,a,,,4.0,602,62,0,0,0,0,1.0,196,31,0,0,0.0,402,36,0,0,0.0,402,36,0.0,0.0,0,14324,1395,10161,641,0.0,0.0,0.0,0.0,0.0,0.0,0.0,0.0,0.0,0.0,0.0,359,36,0.0,351,15,0.0,275,14,0.0,369,36,,,,3,,Brandon,Austin,Austin,,,0,0,0,0,0,0,0,0,0,0,0,0,0,,,,0.0,0.0,0.0,0.0,0.0,0,0,0
496,a,,,4.5,503,42,0,0,0,0,19.2,14,3,9,6,3.0,121,10,0,43,3.0,104,10,0.7,2.0,0,95805,8760,390226,35936,3.0,3.0,0.0,0.0,0.0,5.51,0.0,0.0,0.0,1.84,47.4,67,9,0.0,435,44,0.0,377,43,4.8,177,10,,,,3,,Antonín,Kinský,Kinsky,,,270,0,0,1,5,0,0,0,0,0,6,3,0,,,,2.0,0.33,1.67,1.0,0.0,0,6,26
497,a,,,4.0,580,53,0,0,0,0,18.0,19,4,0,0,0.0,387,27,0,0,0.0,387,27,0.0,0.0,0,183938,17840,195862,13214,0.0,0.0,0.0,0.0,0.0,0.0,0.0,0.0,0.0,0.0,0.0,344,27,0.0,334,6,0.0,256,5,0.0,353,27,,,,3,,Martin,Dubravka,Dubravka,,,0,0,0,0,0,0,0,0,0,0,0,0,0,,,,0.0,0.0,0.0,0.0,0.0,0,0,0
498,a,,,5.9,95,9,0,0,-1,1,5.3,68,28,3,0,3.0,138,55,0,10,1.0,265,92,0.2,0.5,0,21964,640,273007,18188,1.0,1.0,0.0,0.02,0.02,3.87,0.0,0.02,0.02,3.87,36.6,111,50,2.2,243,80,0.0,620,212,3.9,198,75,,,,3,,Marcos,Senesi Barón,Senesi,,,90,0,0,0,3,0,0,0,0,0,0,1,16,,,,0.0,0.0,3.0,1.0,16.0,5,11,2
499,a,100.0,100.0,5.5,157,19,0,0,0,0,11.5,34,12,8,7,4.0,84,36,1,29,2.7,125,51,0.5,1.5,0,76237,7273,556534,10831,2.7,2.7,0.36,0.16,0.52,1.64,0.18,0.08,0.26,0.82,9.4,236,96,7.9,196,63,21.0,87,22,3.8,200,77,3.0,1.0,,3,,Pedro,Porro Sauceda,Pedro Porro,,,180,0,0,1,2,0,0,0,0,0,0,2,8,,,,0.0,0.5,1.0,1.0,4.0,2,6,5
500,u,0.0,0.0,5.0,278,45,0,0,0,0,0.1,416,148,0,0,0.0,559,202,0,0,0.0,559,202,0.0,0.0,0,0,0,14859,317,0.0,0.0,0.0,0.0,0.0,0.0,0.0,0.0,0.0,0.0,0.0,532,201,0.0,535,201,0.0,492,194,0.0,540,201,,,,3,,Cristian,Romero,Romero,Has joined Atletico Madrid permanently,,0,0,0,0,0,0,0,0,0,0,0,0,0,,,,0.0,0.0,0.0,0.0,0.0,0,0,0
502,a,,,4.5,440,86,0,0,0,0,3.2,102,40,6,1,2.0,184,69,0,23,2.0,160,63,0.4,1.3,0,36907,1031,93956,9307,2.0,2.0,0.06,0.08,0.14,4.78,0.03,0.04,0.07,2.31,43.0,81,35,36.0,57,12,27.0,69,14,10.6,61,14,1.0,,,3,,Andrew,Robertson,Robertson,,,186,0,0,0,4,0,0,0,0,0,0,2,15,,,,0.0,0.0,1.94,0.97,7.26,3,12,5
503,a,100.0,100.0,5.0,324,59,0,0,0,0,3.7,91,35,9,9,4.5,65,26,3,35,3.0,109,44,0.6,1.8,0,28112,3181,206605,3886,3.0,3.0,0.57,0.02,0.59,1.64,0.28,0.01,0.29,0.82,15.2,205,86,2.1,246,83,0.0,526,201,1.7,272,99,,,,3,,Micky,van de Ven,Van de Ven,,,180,0,0,1,2,0,0,0,1,0,0,2,17,,,,0.0,0.5,1.0,1.0,8.5,4,13,8
505,u,0.0,0.0,4.5,474,111,0,0,0,0,0.3,290,109,0,0,0.0,462,175,0,0,0.0,462,175,0.0,0.0,0,0,0,61275,1199,0.0,0.0,0.0,0.0,0.0,0.0,0.0,0.0,0.0,0.0,0.0,423,168,0.0,419,168,0.0,356,153,0.0,433,168,,,,3,,Djed,Spence,Spence,Has joined Internazionale permanently,,0,0,0,0,0,0,0,0,0,0,0,0,0,,,,0.0,0.0,0.0,0.0,0.0,0,0,0
506,a,,,4.5,504,131,0,0,0,0,0.4,268,98,7,5,2.3,167,66,0,21,2.3,142,58,0.5,1.6,0,3037,225,11968,489,2.3,2.3,0.0,0.23,0.23,1.17,0.0,0.24,0.24,1.22,5.2,267,102,12.2,168,51,2.0,222,83,1.9,260,96,,,,3,,Destiny,Udogie,Udogie,,,86,0,0,1,1,0,0,0,1,0,0,1,4,,,,0.0,1.05,1.05,1.05,4.19,1,3,4
507,u,0.0,0.0,4.5,526,139,0,0,0,0,0.0,578,196,0,0,0.0,491,187,0,0,0.0,491,187,0.0,0.0,0,0,0,993,23,0.0,0.0,0.0,0.0,0.0,0.0,0.0,0.0,0.0,0.0,0.0,454,182,0.0,456,183,0.0,398,172,0.0,464,182,,,,3,,Ashley,Phillips,Phillips,Has joined Middlesbrough permanently,,0,0,0,0,0,0,0,0,0,0,0,0,0,,,,0.0,0.0,0.0,0.0,0.0,0,0,0
508,a,,,4.0,588,163,0,0,0,0,0.9,198,76,0,0,0.0,394,137,0,0,0.0,394,137,0.0,0.0,0,7671,489,21901,1151,0.0,0.0,0.0,0.0,0.0,0.0,0.0,0.0,0.0,0.0,0.0,351,127,0.0,341,123,0.0,263,94,0.0,360,126,,,,3,,Ben,Davies,Davies,,,0,0,0,0,0,0,0,0,0,0,0,0,0,,,,0.0,0.0,0.0,0.0,0.0,0,0,0
509,a,,,4.0,650,211,0,0,0,0,0.1,488,172,0,0,0.0,436,165,0,0,0.0,436,165,0.0,0.0,0,1164,126,1291,85,0.0,0.0,0.0,0.0,0.0,0.0,0.0,0.0,0.0,0.0,0.0,394,156,0.0,386,154,0.0,314,131,0.0,404,156,,,,3,,Jun'ai,Byfield,Byfield,,,0,0,0,0,0,0,0,0,0,0,0,0,0,,,,0.0,0.0,0.0,0.0,0.0,0,0,0
510,a,,,4.0,627,190,0,0,0,0,0.1,442,157,0,0,0.0,418,149,0,0,0.0,418,149,0.0,0.0,0,1373,140,1722,104,0.0,0.0,0.0,0.0,0.0,0.0,0.0,0.0,0.0,0.0,0.0,376,140,0.0,368,138,0.0,293,112,0.0,386,140,,,,3,,James,Rowswell,Rowswell,,,0,0,0,0,0,0,0,0,0,0,0,0,0,,,,0.0,0.0,0.0,0.0,0.0,0,0,0
511,u,0.0,0.0,4.0,649,210,0,0,0,0,0.2,323,117,0,0,0.0,435,164,0,0,0.0,435,164,0.0,0.0,0,2555,0,9935,1099,0.0,0.0,0.0,0.0,0.0,0.0,0.0,0.0,0.0,0.0,0.0,393,155,0.0,385,153,0.0,313,130,0.0,403,155,,,,3,,João Victor,de Souza Menezes,Souza,Has joined FC Porto on loan for the rest of the season,,0,0,0,0,0,0,0,0,0,0,0,0,0,,,,0.0,0.0,0.0,0.0,0.0,0,0,0
512,a,100.0,100.0,6.5,41,28,0,0,0,0,0.1,403,154,2,1,1.0,365,174,0,17,0.7,321,151,0.1,0.3,0,5398,530,4851,372,0.7,0.7,0.04,0.17,0.21,0.67,0.07,0.3,0.37,1.18,1.2,326,148,3.3,225,122,11.0,145,72,1.6,276,123,6.0,3.0,3.0,3,,Mohammed,Kudus,Kudus,,,51,0,0,0,1,0,0,0,0,0,0,0,5,,,,0.0,0.0,1.76,0.0,8.82,0,0,5
513,i,0.0,0.0,6.0,76,51,0,0,0,0,0.0,590,246,0,0,0.0,640,281,0,0,0.0,640,281,0.0,0.0,0,171,16,772,47,0.0,0.0,0.0,0.0,0.0,0.0,0.0,0.0,0.0,0.0,0.0,636,280,0.0,637,280,0.0,632,276,0.0,637,280,,2.0,4.0,3,,Xavi,Simons,Xavi,Knee injury - Unknown return date,,0,0,0,0,0,0,0,0,0,0,0,0,0,,,,0.0,0.0,0.0,0.0,0.0,0,0,0
514,a,,,5.9,108,69,0,0,-1,1,0.3,297,102,7,3,2.3,178,79,0,38,2.3,154,67,0.4,1.2,0,6470,247,31377,1159,2.3,2.3,0.2,0.14,0.34,5.11,0.08,0.05,0.13,2.0,14.2,211,85,29.3,86,54,43.0,38,22,8.6,86,48,5.0,4.0,,3,,Mathys,Tel,Tel,,,230,0,0,1,4,0,0,0,0,0,0,3,13,,,,0.0,0.39,1.57,1.17,5.09,1,1,11
515,d,75.0,75.0,6.4,48,33,0,0,-1,1,0.5,246,83,1,0,1.0,361,170,0,6,0.3,379,178,0.0,0.2,0,2890,29,78628,2584,0.2,0.2,0.0,0.01,0.01,0.85,0.0,0.04,0.04,3.48,4.4,281,129,8.3,194,108,8.0,163,79,2.1,256,115,,,,3,,James,Maddison,Maddison,Shoulder injury - 75% chance of playing,,22,0,0,0,0,0,0,0,0,0,0,0,2,,,,0.0,0.0,0.0,0.0,8.18,0,1,1
516,a,,,5.5,138,84,0,0,0,0,0.2,350,129,8,5,2.7,148,61,0,39,2.7,124,50,0.5,1.5,0,1612,179,4846,195,2.7,2.7,0.02,0.04,0.06,3.82,0.01,0.02,0.03,1.53,17.4,193,75,21.8,118,72,0.0,593,248,4.0,193,87,,,,3,,Rodrigo,Bentancur,Bentancur,,,225,0,0,1,3,0,0,0,0,0,0,2,33,,,,0.0,0.4,1.2,0.8,13.2,6,14,13
517,i,0.0,0.0,5.5,186,115,0,0,0,0,0.0,650,288,0,0,0.0,626,272,0,0,0.0,626,272,0.0,0.0,0,46,3,61,4,0.0,0.0,0.0,0.0,0.0,0.0,0.0,0.0,0.0,0.0,0.0,617,269,0.0,621,270,0.0,610,262,0.0,621,269,,,,3,,Wilson,Odobert,Odobert,Knee injury - Unknown return date,,0,0,0,0,0,0,0,0,0,0,0,0,0,,,,0.0,0.0,0.0,0.0,0.0,0,0,0
518,u,0.0,0.0,4.9,403,243,0,0,-1,1,0.1,391,146,0,0,0.0,539,217,0,0,0.0,539,217,0.0,0.0,0,4138,0,17448,1177,0.0,0.0,0.0,0.0,0.0,0.0,0.0,0.0,0.0,0.0,0.0,507,197,0.0,508,205,0.0,456,165,0.0,517,202,,,,3,,Pape Matar,Sarr,P.M.Sarr,Has joined Juventus on loan for the rest of the season,,0,0,0,0,0,0,0,0,0,0,0,0,0,,,,0.0,0.0,0.0,0.0,0.0,0,0,0
519,a,,,5.4,207,128,0,0,-1,1,0.2,334,120,3,3,1.5,240,109,0,24,1.0,253,115,0.2,0.6,0,2402,170,11610,376,1.0,1.0,0.02,0.12,0.14,2.58,0.01,0.08,0.09,1.81,0.0,586,247,5.5,206,113,1.0,250,122,0.5,312,143,,,,3,,Conor,Gallagher,Gallagher,,,128,0,0,1,2,0,0,0,1,0,0,2,14,,,,0.0,0.7,1.41,1.41,9.84,5,1,8
520,a,,,5.4,232,146,0,0,-1,1,0.2,353,130,1,0,1.0,335,153,0,2,0.3,369,171,0.1,0.2,0,1202,85,6002,309,0.3,0.3,0.0,0.01,0.01,1.7,0.0,0.02,0.02,3.4,0.0,600,257,2.0,249,130,2.0,239,115,0.0,606,258,,,,3,,Lucas,Bergvall,Bergvall,,,45,0,0,0,2,0,0,0,0,0,0,1,8,,,,0.0,0.0,4.0,2.0,16.0,1,0,7
521,i,0.0,0.0,6.5,39,27,0,0,0,0,0.0,605,256,0,0,0.0,646,287,0,0,0.0,646,287,0.0,0.0,0,182,20,455,37,0.0,0.0,0.0,0.0,0.0,0.0,0.0,0.0,0.0,0.0,0.0,645,286,0.0,645,286,0.0,644,285,0.0,645,286,,,,3,,Dejan,Kulusevski,Kulusevski,Knee injury - Unknown return date,,0,0,0,0,0,0,0,0,0,0,0,0,0,,,,0.0,0.0,0.0,0.0,0.0,0,0,0
522,a,,,5.0,352,213,0,0,0,0,0.2,338,123,4,0,2.0,202,89,0,24,1.3,217,99,0.3,0.8,0,4086,214,7103,513,1.3,1.3,0.0,0.01,0.01,3.91,0.0,0.01,0.01,2.32,8.0,248,107,4.8,212,117,0.0,542,216,1.3,285,128,,,,3,,Archie,Gray,Gray,,,152,0,0,0,4,0,0,0,0,0,0,2,11,,,,0.0,0.0,2.37,1.18,6.51,1,5,5
523,u,0.0,0.0,5.0,331,196,0,0,0,0,0.1,407,157,3,0,1.5,239,108,0,11,1.0,251,113,0.2,0.6,0,3258,0,10409,1394,0.0,0.0,0.4,0.02,0.42,3.26,0.4,0.02,0.42,3.3,14.2,210,84,6.3,200,110,56.0,27,17,7.5,112,57,,,,3,,Mikey,Moore,Moore,Has joined FC Köln on loan for the rest of the season,,89,0,0,0,4,0,0,0,0,0,0,1,3,,,,0.0,0.0,4.04,1.01,3.03,1,0,2
524,a,,,4.5,513,270,0,0,0,0,0.7,228,75,0,0,0.0,479,191,0,0,0.0,479,191,0.0,0.0,0,3896,269,19715,937,0.0,0.0,0.0,0.0,0.0,0.0,0.0,0.0,0.0,0.0,0.0,441,169,0.0,443,178,0.0,385,136,0.0,451,174,,,,3,,Callum,Olusesi,Olusesi,,,0,0,0,0,0,0,0,0,0,0,0,0,0,,,,0.0,0.0,0.0,0.0,0.0,0,0,0
525,a,,,5.9,110,70,0,0,-1,1,1.2,174,54,3,0,1.0,355,166,0,33,1.0,267,124,0.2,0.5,0,9870,399,79221,4887,1.0,1.0,0.01,0.23,0.24,2.94,0.01,0.15,0.16,1.86,21.2,173,65,73.5,11,11,3.0,214,103,9.7,71,43,2.0,,,3,,Mateus,Fernandes,Fernandes,,,142,0,0,0,3,0,0,0,1,0,0,1,10,,,,0.0,0.0,1.9,0.63,6.34,4,0,6
526,a,,,5.9,89,23,0,0,-1,1,1.0,191,31,3,1,1.0,349,41,0,8,1.0,264,32,0.2,0.5,0,17192,1448,59332,3176,1.0,1.0,0.44,0.0,0.44,0.89,0.92,0.0,0.92,1.86,3.2,300,30,0.3,319,40,11.0,142,25,1.5,278,33,,,1.0,3,,Dominic,Solanke-Mitchell,Solanke,,,43,0,0,0,0,0,0,0,0,0,0,0,1,,,,0.0,0.0,0.0,0.0,2.09,0,1,0
527,u,0.0,0.0,5.9,94,25,0,0,-1,1,1.4,152,23,2,0,2.0,213,20,0,6,0.7,316,39,0.1,0.3,0,21439,0,187905,17205,0.0,0.0,0.0,0.0,0.0,3.02,0.0,0.0,0.0,4.06,0.0,626,71,2.2,242,34,0.0,619,72,0.2,337,39,,,,3,,Richarlison,de Andrade,Richarlison,not included in squad.,,67,0,0,0,3,0,0,0,0,0,0,1,1,,,,0.0,0.0,4.03,1.34,1.34,0,1,0
528,u,0.0,0.0,4.5,508,66,0,0,0,0,1.6,140,21,0,0,0.0,474,46,0,0,0.0,474,46,0.0,0.0,0,42525,0,59235,7306,0.0,0.0,0.0,0.0,0.0,0.0,0.0,0.0,0.0,0.0,0.0,436,36,0.0,438,42,0.0,380,38,0.0,446,41,,,,3,,Dane,Scarlett,Scarlett,Has joined Leyton Orient permanently,,0,0,0,0,0,0,0,0,0,0,0,0,0,,,,0.0,0.0,0.0,0.0,0.0,0,0,0
578,a,,,5.4,219,135,0,0,-1,1,0.1,467,184,1,1,1.0,328,148,0,3,0.3,365,168,0.1,0.2,0,4370,602,2845,227,0.3,0.3,0.0,0.0,0.0,0.16,0.0,0.0,0.0,0.9,0.0,591,249,0.0,597,254,0.0,573,235,0.0,598,251,,,,3,,Mykhailo,Mudryk,Mudryk,,,16,0,0,0,0,0,0,0,0,0,0,0,0,,,,0.0,0.0,0.0,0.0,0.0,0,0,0
601,a,,,4.5,554,283,0,0,0,0,0.1,395,150,0,0,0.0,513,202,0,0,0.0,513,202,0.0,0.0,0,7664,561,3042,292,0.0,0.0,0.0,0.0,0.0,0.0,0.0,0.0,0.0,0.0,0.0,477,180,0.0,478,189,0.0,422,147,0.0,487,185,,,,3,,Luca,Williams-Barnett,Williams-Barnett,,,0,0,0,0,0,0,0,0,0,0,0,0,0,,,,0.0,0.0,0.0,0.0,0.0,0,0,0
501,a,,,5.0,248,38,0,0,0,0,0.2,358,133,2,2,2.0,196,76,0,9,0.7,294,107,0.1,0.4,0,2609,282,6008,264,0.7,0.7,0.0,0.08,0.08,1.21,0.0,0.08,0.08,1.21,0.0,521,198,0.0,523,198,0.0,477,191,0.0,530,198,,,,3,,Kevin,Danso,Danso,,,90,0,0,0,1,0,0,0,0,0,0,1,8,,,,0.0,0.0,1.0,1.0,8.0,1,7,3
529,a,,,5.0,329,16,0,0,0,0,3.3,96,17,9,2,3.0,129,13,0,40,3.0,110,13,0.6,1.8,0,15473,470,86660,7102,3.0,3.0,0.0,0.0,0.0,3.96,0.0,0.0,0.0,1.32,19.2,181,19,0.0,565,66,0.0,530,66,1.9,262,19,,,,3,,Robin,Roefs,Roefs,,,270,0,0,1,3,0,0,0,0,0,2,3,0,,,,0.67,0.33,1.0,1.0,0.0,0,4,28
530,u,0.0,0.0,4.0,608,63,0,0,0,0,0.1,380,44,0,0,0.0,405,37,0,0,0.0,405,37,0.0,0.0,0,0,0,4090,167,0.0,0.0,0.0,0.0,0.0,0.0,0.0,0.0,0.0,0.0,0.0,362,37,0.0,354,16,0.0,278,15,0.0,372,37,,,,3,,Anthony,Patterson,Patterson,Has joined Wrexham permanently,,0,0,0,0,0,0,0,0,0,0,0,0,0,,,,0.0,0.0,0.0,0.0,0.0,0,0,0
531,a,,,4.5,520,45,0,0,0,0,0.1,445,49,0,0,0.0,485,61,0,0,0.0,485,61,0.0,0.0,0,655,41,1899,94,0.0,0.0,0.0,0.0,0.0,0.0,0.0,0.0,0.0,0.0,0.0,448,61,0.0,450,47,0.0,392,46,0.0,458,61,,,,3,,Melker,Ellborg,Ellborg,,,0,0,0,0,0,0,0,0,0,0,0,0,0,,,,0.0,0.0,0.0,0.0,0.0,0,0,0
532,a,,,5.0,282,48,0,0,0,0,3.9,87,34,12,4,4.0,79,33,0,43,4.0,66,28,0.8,2.4,0,29599,1173,160816,16317,4.0,4.0,0.09,0.15,0.24,3.96,0.03,0.05,0.08,1.32,41.8,85,38,2.4,235,76,7.0,170,59,5.1,169,62,,,,3,,Daniel,Ballard,Ballard,,,270,0,0,1,3,0,0,0,1,0,0,3,29,,,,0.0,0.33,1.0,1.0,9.67,5,24,6
533,a,100.0,100.0,5.5,137,16,0,0,0,0,2.4,116,47,13,4,6.5,27,13,1,44,4.3,53,24,0.8,2.4,0,28219,1213,66477,3085,4.3,4.3,0.0,0.03,0.03,2.16,0.0,0.02,0.02,1.08,42.6,83,36,8.0,195,62,2.0,242,89,5.3,161,60,,,,3,,Nordi,Mukiele,Mukiele,,,180,0,0,1,1,0,0,0,0,0,0,2,33,,,,0.0,0.5,0.5,1.0,16.5,6,27,10
534,a,,,4.5,505,132,0,0,0,0,5.2,70,29,9,1,3.0,122,50,0,46,3.0,105,42,0.7,2.0,0,31929,749,147156,23232,3.0,3.0,0.04,0.28,0.32,3.09,0.02,0.13,0.15,1.43,28.0,142,63,58.5,21,3,15.0,113,34,10.2,68,17,3.0,,,3,,Trai,Hume,Hume,,,195,0,0,1,1,0,0,0,0,0,0,2,12,,,,0.0,0.46,0.46,0.92,5.54,9,3,12
535,a,100.0,100.0,4.9,384,69,-1,1,-1,1,0.3,285,107,1,0,1.0,289,114,0,2,0.3,338,121,0.1,0.2,0,4177,104,16468,1164,0.3,0.3,0.0,0.01,0.01,0.1,0.0,0.04,0.04,0.39,0.0,496,193,0.6,297,110,0.0,442,185,0.0,505,193,,,,3,,Omar,Alderete,Alderete,,,23,0,0,0,1,0,0,0,0,0,0,0,0,,,,0.0,0.0,3.91,0.0,0.0,0,0,2
536,a,,,4.5,486,120,0,0,0,0,0.4,273,100,9,2,3.0,120,49,0,49,3.0,103,41,0.7,2.0,0,3111,164,8527,626,3.0,3.0,0.0,0.31,0.31,3.96,0.0,0.1,0.1,1.32,39.4,95,43,33.5,70,18,6.0,185,64,7.9,101,36,,,,3,,Reinildo,Mandava,Reinildo,,,270,0,0,1,3,0,0,0,0,0,0,3,22,,,,0.0,0.33,1.0,1.0,7.33,7,15,15
537,u,0.0,0.0,4.5,521,138,0,0,0,0,0.0,616,206,0,0,0.0,486,186,0,0,0.0,486,186,0.0,0.0,0,61,0,511,24,0.0,0.0,0.0,0.0,0.0,0.0,0.0,0.0,0.0,0.0,0.0,449,181,0.0,451,182,0.0,393,171,0.0,459,181,,,,3,,Jenson,Seelt,Seelt,Has joined Swansea City on loan for the rest of the season,,0,0,0,0,0,0,0,0,0,0,0,0,0,,,,0.0,0.0,0.0,0.0,0.0,0,0,0
538,u,0.0,0.0,4.0,621,186,0,0,0,0,0.0,506,176,0,0,0.0,413,146,0,0,0.0,413,146,0.0,0.0,0,0,0,1754,84,0.0,0.0,0.0,0.0,0.0,0.0,0.0,0.0,0.0,0.0,0.0,370,136,0.0,362,134,0.0,287,108,0.0,380,136,,,,3,,Leo Fuhr,Hjelde,Hjelde,Has joined KV Mechelen on loan for the rest of the season,,0,0,0,0,0,0,0,0,0,0,0,0,0,,,,0.0,0.0,0.0,0.0,0.0,0,0,0
539,a,,,4.0,592,165,0,0,0,0,3.0,106,42,1,0,1.0,258,89,0,1,0.3,325,112,0.1,0.2,0,10316,413,55201,4532,0.3,0.3,0.01,0.01,0.02,1.69,0.01,0.01,0.02,2.3,11.4,226,92,1.4,267,93,4.0,196,69,1.7,268,98,,,,3,,Luke,O'Nien,O'Nien,,,66,0,0,0,1,0,0,0,1,0,0,1,5,,,,0.0,0.0,1.36,1.36,6.82,1,4,4
540,u,0.0,0.0,4.0,585,161,0,0,0,0,0.2,355,132,0,0,0.0,392,136,0,0,0.0,392,136,0.0,0.0,0,0,0,8272,334,0.0,0.0,0.0,0.0,0.0,0.0,0.0,0.0,0.0,0.0,0.0,349,126,0.0,339,122,0.0,261,93,0.0,358,125,,,,3,,Arthur,Masuaku,Masuaku,Has joined Konyaspor permanently,,0,0,0,0,0,0,0,0,0,0,0,0,0,,,,0.0,0.0,0.0,0.0,0.0,0,0,0
541,a,100.0,100.0,4.5,430,83,0,0,0,0,0.3,299,110,9,2,3.0,118,47,0,32,3.0,102,40,0.7,2.0,0,3829,180,4343,287,3.0,3.0,0.21,0.13,0.34,3.51,0.08,0.05,0.13,1.3,36.4,112,51,25.3,103,32,20.0,90,23,8.2,94,32,,,,3,,Thomas,Meunier,Meunier,,,243,0,0,1,3,0,0,0,0,0,0,3,14,,,,0.0,0.37,1.11,1.11,5.19,2,12,8
542,a,,,5.9,106,67,0,0,-1,1,5.6,65,21,13,8,4.3,73,32,1,51,4.3,57,26,0.7,2.2,0,20275,1569,402405,23445,4.3,4.3,1.21,0.23,1.44,3.76,0.42,0.08,0.5,1.31,8.0,249,108,31.1,78,50,30.0,64,38,7.0,124,62,1.0,2.0,2.0,3,,Enzo,Le Fée,E.Le Fée,,,258,1,0,1,2,0,0,0,0,0,0,3,14,,,,0.0,0.35,0.7,1.05,4.88,6,1,7
543,i,0.0,0.0,5.4,228,143,-1,1,-1,1,0.0,503,205,5,0,2.5,159,68,0,18,1.7,198,92,0.3,0.9,0,503,4,3793,310,0.0,0.0,0.03,0.16,0.19,0.12,0.1,0.51,0.61,0.39,15.6,203,81,10.9,181,103,2.0,238,114,2.9,221,98,,,1.0,3,,Habib,Diarra,Diarra,Hamstring injury - Unknown return date,,28,0,1,0,1,0,0,0,0,0,0,0,0,,,,0.0,0.0,3.21,0.0,0.0,0,0,0
544,a,,,5.5,123,79,0,0,0,0,4.6,78,26,18,3,6.0,37,16,5,72,6.0,27,11,1.1,3.3,0,92984,5078,71764,6473,6.0,6.0,0.06,0.57,0.63,3.96,0.02,0.19,0.21,1.32,39.2,97,34,89.3,6,6,0.0,585,245,12.8,38,29,2.0,1.0,,3,,Granit,Xhaka,Xhaka,,,270,0,1,1,3,0,0,0,1,0,0,3,35,,,,0.0,0.33,1.0,1.0,11.67,5,7,23
545,a,,,5.0,360,219,0,0,0,0,0.3,302,105,6,1,2.0,204,90,0,55,2.0,174,77,0.4,1.2,0,3201,149,9073,626,2.0,2.0,0.36,0.23,0.59,3.57,0.13,0.08,0.21,1.27,33.0,125,46,39.9,51,40,31.0,61,36,10.4,64,40,,,,3,,Noah,Sadiki,Sadiki,,,253,0,0,1,3,0,0,0,1,0,0,3,16,,,,0.0,0.36,1.07,1.07,5.69,3,6,7
546,u,0.0,0.0,4.9,410,248,0,0,-1,1,0.0,512,210,0,0,0.0,542,219,0,0,0.0,542,219,0.0,0.0,0,240,0,5709,214,0.0,0.0,0.0,0.0,0.0,0.0,0.0,0.0,0.0,0.0,0.0,510,199,0.0,511,207,0.0,459,167,0.0,520,204,,,,3,,Simon,Adingra,Adingra,Has joined Ajax on loan for the rest of the season,,0,0,0,0,0,0,0,0,0,0,0,0,0,,,,0.0,0.0,0.0,0.0,0.0,0,0,0
547,a,,,5.0,303,182,0,0,0,0,0.0,610,260,1,0,1.0,309,133,0,2,0.3,353,161,0.1,0.2,0,134,11,306,22,0.3,0.3,0.17,0.0,0.17,0.09,15.3,0.0,15.3,8.1,8.0,247,106,0.1,327,165,17.0,102,53,2.5,233,104,,,,3,,Romaine,Mundle,Mundle,,,1,0,0,0,0,0,0,0,0,0,0,0,1,,,,0.0,0.0,0.0,0.0,90.0,0,1,0
548,a,,,5.0,356,216,0,0,0,0,0.1,490,197,2,0,1.0,318,140,0,6,0.7,301,137,0.1,0.4,0,258,16,1569,87,0.7,0.7,0.0,0.0,0.0,0.44,0.0,0.0,0.0,2.33,0.0,571,238,0.3,315,160,0.0,546,219,0.0,579,241,,,,3,,Chris,Rigg,Rigg,,,17,0,0,0,1,0,0,0,0,0,0,0,1,,,,0.0,0.0,5.29,0.0,5.29,0,0,1
549,a,,,5.4,229,144,0,0,-1,1,0.2,356,131,1,0,1.0,332,151,0,1,0.3,367,170,0.1,0.2,0,754,43,7385,414,0.3,0.3,0.0,0.0,0.0,0.14,0.0,0.0,0.0,0.41,0.0,598,256,0.9,287,146,0.0,580,242,0.0,604,257,,,,3,,Chemsdine,Talbi,Talbi,,,31,0,0,0,1,0,0,0,0,0,0,0,2,,,,0.0,0.0,2.9,0.0,5.81,0,0,2
550,a,,,5.0,377,229,0,0,0,0,0.0,620,266,0,0,0.0,603,255,0,0,0.0,603,255,0.0,0.0,0,144,13,212,10,0.0,0.0,0.0,0.0,0.0,0.0,0.0,0.0,0.0,0.0,0.0,580,242,0.0,587,248,0.0,558,226,0.0,588,245,,,,3,,Djiamgone Jocelin Ta,Bi,Jocelin.T,,,0,0,0,0,0,0,0,0,0,0,0,0,0,,,,0.0,0.0,0.0,0.0,0.0,0,0,0
551,a,,,5.0,347,208,0,0,0,0,0.1,367,137,10,2,3.3,110,48,0,47,3.3,90,42,0.7,2.0,0,10427,316,4910,419,3.3,3.3,0.15,0.12,0.27,3.0,0.07,0.06,0.13,1.46,40.0,91,32,20.0,127,76,16.0,107,56,7.6,109,56,,3.0,,3,,Nilson,Angulo,N.Angulo,,,185,1,0,1,2,0,0,0,1,0,0,3,17,,,,0.0,0.49,0.97,1.46,8.27,3,2,12
552,a,,,5.9,99,26,0,0,-1,1,8.9,48,7,6,2,2.0,215,21,0,17,2.0,184,16,0.3,1.0,0,69163,3610,509200,40556,2.0,2.0,0.59,0.06,0.65,3.48,0.24,0.02,0.26,1.43,0.0,627,72,4.3,216,29,15.0,118,23,1.8,265,31,,,,3,,Brian,Brobbey,Brobbey,,,219,0,0,1,2,0,0,0,0,0,0,3,7,,,,0.0,0.41,0.82,1.23,2.88,0,1,6
553,a,,,5.5,154,40,0,0,0,0,1.1,177,27,13,4,4.3,70,6,3,47,4.3,54,4,0.8,2.4,0,43617,5317,29573,2095,4.3,4.3,1.49,0.01,1.5,0.92,1.79,0.01,1.8,1.1,29.2,135,12,0.3,318,39,25.0,76,17,5.4,158,18,,,,3,,Wilson,Isidor,Isidor,,,75,1,1,0,1,0,0,0,0,0,0,0,2,,,,0.0,0.0,1.2,0.0,2.4,0,0,2
612,a,100.0,100.0,4.5,562,151,0,0,0,0,0.0,621,207,0,0,0.0,519,195,0,0,0.0,519,195,0.0,0.0,0,479,22,148,21,0.0,0.0,0.0,0.0,0.0,0.0,0.0,0.0,0.0,0.0,0.0,484,190,0.0,484,191,0.0,429,182,0.0,493,190,,,,3,,Dayann,Méthalie,Methalie,,,0,0,0,0,0,0,0,0,0,0,0,0,0,,,,0.0,0.0,0.0,0.0,0.0,0,0,0
613,a,,,4.5,567,290,0,0,0,0,0.2,329,116,0,0,0.0,524,208,0,0,0.0,524,208,0.0,0.0,0,17135,1478,5364,668,0.0,0.0,0.0,0.0,0.0,0.0,0.0,0.0,0.0,0.0,0.0,489,187,0.0,489,195,0.0,434,153,0.0,498,191,,,,3,,Jules,Ahoka,Ahoka,,,0,0,0,0,0,0,0,0,0,0,0,0,0,,,,0.0,0.0,0.0,0.0,0.0,0,0,0
646,a,,,5.5,184,113,0,0,0,0,0.0,554,228,1,1,1.0,346,160,0,3,1.0,262,121,0.2,0.2,0,2434,363,316,77,2.0,2.0,0.0,0.0,0.0,0.39,0.0,0.0,0.0,2.19,0.0,616,268,0.0,620,269,0.0,609,261,0.0,620,268,,,,3,,Malick,Fofana,Fofana,,,16,0,0,0,0,0,0,0,0,0,0,0,0,,,,0.0,0.0,0.0,0.0,0.0,0,0,0
651,a,,,4.5,564,78,0,0,0,0,0.2,313,51,0,0,0.0,521,57,0,0,0.0,521,57,0.0,0.0,0,22111,6172,2804,968,1.0,1.0,0.0,0.0,0.0,0.0,0.0,0.0,0.0,0.0,0.0,486,48,0.0,486,53,0.0,431,50,0.0,495,53,,,,3,,Juan,Angulo,J.Angulo,,,0,0,0,0,0,0,0,0,0,0,0,0,0,,,,0.0,0.0,0.0,0.0,0.0,0,0,0
