data_commit_sha,model_version,model_code_sha,forecast_created_at,player_code,player_id,first_name,second_name,web_name,team_code,team,team_short_name,position,status,excluded,now_cost,selected_by_percent,GW6_predicted_points,GW7_predicted_points,GW8_predicted_points,GW9_predicted_points,GW10_predicted_points,GW6_availability,GW7_availability,GW8_availability,GW9_availability,GW10_availability,workload_all_minutes_7d,workload_all_minutes_14d,workload_nonpl_minutes_7d,workload_nonpl_minutes_14d,workload_friendlies_minutes_28d,workload_days_since_last,workload_recorded_appearances_14d,workload_history_appearances,workload_records_14d,workload_nonpl_records_14d,appearance_rate,sixty_minute_rate,minutes_when_playing,rate_minutes,expected_goals_per90,expected_assists_per90,defensive_contribution_per90,saves_per90,penalties_order_lag1,corners_and_indirect_freekicks_order_lag1,direct_freekicks_order_lag1,weighted_score,predicted_value,confidence,confidence_score,data_coverage,current_season_matches,cold_start,promoted_elo_fallback,baseline,baseline_rolling_points,baseline_ep_next,drivers,recommended_squad,current_squad,GW6_lineup,GW6_captain,GW6_vice_captain,current_GW6_lineup,current_GW6_captain,current_GW6_vice_captain,GW7_lineup,GW7_captain,GW7_vice_captain,current_GW7_lineup,current_GW7_captain,current_GW7_vice_captain,GW8_lineup,GW8_captain,GW8_vice_captain,current_GW8_lineup,current_GW8_captain,current_GW8_vice_captain,GW9_lineup,GW9_captain,GW9_vice_captain,current_GW9_lineup,current_GW9_captain,current_GW9_vice_captain,GW10_lineup,GW10_captain,GW10_vice_captain,current_GW10_lineup,current_GW10_captain,current_GW10_vice_captain
ad1d46d342d9e082098d5aae1d5995a0ebc74f9c,v3-snapshot-availability,131026edd2e6577a970aea5bfa8233754c166d88d2fe4de67f5614caf7754a71,2026-10-01T06:24:37.763425+00:00,223094,411,Erling,Haaland,Haaland,43,Man City,MCI,Forward,a,False,15.6,73.8,5.2979,7.8574,5.3495,6.1127,6.0072,1.0,1.0,1.0,1.0,1.0,,90.0,,,,10.72542122417824,1.0,7.0,1.0,0.0,1.0,1.0,90.0,720.0,0.8,0.14375,3.25,0.0,1.0,,,24.5324,1.5726,high,1.0,1.0,5,0,0,7.8,7.8,8.0,5-GW avg pts 7.80; mins 90; xGI 0.99; current GWs 5; fixture Elo diff +144,True,False,True,False,False,False,False,False,True,True,False,False,False,False,True,False,False,False,False,False,True,True,False,False,False,False,True,False,True,False,False,False
ad1d46d342d9e082098d5aae1d5995a0ebc74f9c,v3-snapshot-availability,131026edd2e6577a970aea5bfa8233754c166d88d2fe4de67f5614caf7754a71,2026-10-01T06:24:37.763425+00:00,141746,426,Bruno,Borges Fernandes,B.Fernandes,1,Man Utd,MUN,Midfielder,a,False,11.9,38.5,5.8237,5.5085,5.5666,5.2889,5.3841,1.0,1.0,1.0,1.0,1.0,,90.0,,,,10.621254557511573,1.0,10.0,1.0,0.0,1.0,1.0,90.0,900.0,0.2969999999999998,0.3999999999999999,6.5,0.0,1.0,1.0,1.0,22.1674,1.8628,high,1.0,1.0,5,0,0,6.2,6.2,2.0,5-GW avg pts 6.20; mins 90; xGI 0.78; current GWs 5; fixture Elo diff +76,False,True,False,False,False,True,True,False,False,False,False,True,True,False,False,False,False,True,False,True,False,False,False,True,True,False,False,False,False,True,False,True
ad1d46d342d9e082098d5aae1d5995a0ebc74f9c,v3-snapshot-availability,131026edd2e6577a970aea5bfa8233754c166d88d2fe4de67f5614caf7754a71,2026-10-01T06:24:37.763425+00:00,222531,480,Morgan,Gibbs-White,Gibbs-White,17,Nott'm Forest,NFO,Midfielder,a,False,8.0,15.7,5.5701,4.6012,6.741,5.243,4.9574,1.0,1.0,1.0,1.0,1.0,,90.0,,,,11.579587890844907,1.0,6.0,1.0,0.0,1.0,1.0,90.0,740.0,0.3660810810810811,0.2614864864864864,5.108108108108108,0.0,1.0,,1.0,21.7486,2.7186,high,1.0,1.0,5,0,0,5.6,5.6,4.3,5-GW avg pts 5.60; mins 90; xGI 0.60; current GWs 5; fixture Elo diff -41,True,True,True,True,False,True,False,True,True,False,False,True,False,False,True,True,False,True,True,False,True,False,True,True,False,True,True,False,False,True,False,False
ad1d46d342d9e082098d5aae1d5995a0ebc74f9c,v3-snapshot-availability,131026edd2e6577a970aea5bfa8233754c166d88d2fe4de67f5614caf7754a71,2026-10-01T06:24:37.763425+00:00,226597,4,Gabriel,dos Santos Magalhães,Gabriel,3,Arsenal,ARS,Defender,a,False,8.0,22.7,5.4507,4.9236,5.4507,4.5476,6.7079,1.0,1.0,1.0,1.0,1.0,,90.0,,,,11.683754557511573,1.0,11.0,1.0,0.0,1.0,1.0,90.0,855.0,0.15263157894736842,0.02947368421052628,8.31578947368421,0.0,,,,21.4506,2.6813,high,1.0,1.0,5,0,0,5.0,5.0,4.0,5-GW avg pts 5.00; mins 90; xGI 0.14; current GWs 5; fixture Elo diff +291,True,True,True,False,True,True,False,False,True,False,False,True,False,True,True,False,False,True,False,False,True,False,False,True,False,False,True,True,False,True,True,False
ad1d46d342d9e082098d5aae1d5995a0ebc74f9c,v3-snapshot-availability,131026edd2e6577a970aea5bfa8233754c166d88d2fe4de67f5614caf7754a71,2026-10-01T06:24:37.763425+00:00,502500,106,Igor Thiago,Nascimento Rodrigues,Thiago,94,Brentford,BRE,Forward,a,False,7.8,9.1,4.4355,4.776,5.5381,5.2138,4.7528,1.0,1.0,1.0,1.0,1.0,,90.0,,,,12.47542122417824,1.0,8.0,1.0,0.0,1.0,1.0,88.4,892.0,0.4641255605381168,0.026233183856502234,4.540358744394619,0.0,1.0,,,19.6657,2.5212,high,1.0,1.0,5,0,0,2.0,2.0,2.7,5-GW avg pts 2.00; mins 88; xGI 0.66; current GWs 5; fixture Elo diff +31,True,True,True,False,False,True,False,False,True,False,False,True,False,False,True,False,True,True,False,False,True,False,False,True,False,False,True,False,False,True,False,False
ad1d46d342d9e082098d5aae1d5995a0ebc74f9c,v3-snapshot-availability,131026edd2e6577a970aea5bfa8233754c166d88d2fe4de67f5614caf7754a71,2026-10-01T06:24:37.763425+00:00,483067,566,António João,Pereira de Albuquerque Tavares da Silva,Silva,91,Bournemouth,BOU,Defender,a,False,5.0,0.4,4.2088,5.4862,3.9954,4.8819,5.1951,1.0,1.0,1.0,1.0,1.0,,180.0,,90.0,,10.72542122417824,2.0,7.0,2.0,1.0,1.0,1.0,90.0,450.0,0.17,0.05799999999999999,11.2,0.0,,,,18.8771,3.7754,high,1.0,1.0,5,0,0,2.6,2.6,2.3,5-GW avg pts 2.60; mins 90; xGI 0.23; current GWs 5; fixture Elo diff +88,True,False,True,False,False,False,False,False,True,False,False,False,False,False,True,False,False,False,False,False,True,False,False,False,False,False,True,False,False,False,False,False
ad1d46d342d9e082098d5aae1d5995a0ebc74f9c,v3-snapshot-availability,131026edd2e6577a970aea5bfa8233754c166d88d2fe4de67f5614caf7754a71,2026-10-01T06:24:37.763425+00:00,223340,12,Bukayo,Saka,Saka,3,Arsenal,ARS,Midfielder,a,False,9.5,13.7,4.4289,4.2659,4.4289,4.1383,6.031,1.0,1.0,1.0,1.0,1.0,,81.0,,,,11.683754557511573,1.0,7.0,1.0,0.0,1.0,1.0,83.2,639.0,0.5352112676056338,0.3366197183098591,7.323943661971831,0.0,1.0,2.0,2.0,18.3268,1.9291,high,1.0,1.0,5,0,0,6.4,6.4,4.0,5-GW avg pts 6.40; mins 83; xGI 0.84; current GWs 5; fixture Elo diff +291,False,False,False,False,False,False,False,False,False,False,False,False,False,False,False,False,False,False,False,False,False,False,False,False,False,False,False,False,False,False,False,False
ad1d46d342d9e082098d5aae1d5995a0ebc74f9c,v3-snapshot-availability,131026edd2e6577a970aea5bfa8233754c166d88d2fe4de67f5614caf7754a71,2026-10-01T06:24:37.763425+00:00,466052,399,Rayan,Cherki,Cherki,43,Man City,MCI,Midfielder,a,False,7.8,28.4,4.1347,5.7071,4.1864,4.4221,4.2081,1.0,1.0,1.0,1.0,1.0,,130.0,,45.0,,10.72542122417824,2.0,8.0,2.0,1.0,1.0,0.6,60.4,528.0,0.2147727272727272,0.3988636363636362,3.5795454545454546,0.0,,1.0,1.0,18.2406,2.3385,high,1.0,1.0,5,0,0,6.8,6.8,4.0,5-GW avg pts 6.80; mins 60; xGI 0.45; current GWs 5; fixture Elo diff +144,True,False,True,False,False,False,False,False,True,False,True,False,False,False,True,False,False,False,False,False,True,False,False,False,False,False,True,False,False,False,False,False
ad1d46d342d9e082098d5aae1d5995a0ebc74f9c,v3-snapshot-availability,131026edd2e6577a970aea5bfa8233754c166d88d2fe4de67f5614caf7754a71,2026-10-01T06:24:37.763425+00:00,446008,427,Bryan,Mbeumo,Mbeumo,1,Man Utd,MUN,Midfielder,a,False,7.9,20.6,4.5713,4.3996,4.671,4.4017,4.5802,1.0,1.0,1.0,1.0,1.0,,90.0,,,,10.621254557511573,1.0,13.0,1.0,0.0,1.0,1.0,90.0,764.0,0.8257853403141362,0.15314136125654448,4.947643979057592,0.0,2.0,2.0,2.0,18.097,2.2908,high,1.0,1.0,5,0,0,5.0,5.0,4.0,5-GW avg pts 5.00; mins 90; xGI 0.77; current GWs 5; fixture Elo diff +76,False,True,False,False,False,True,False,False,False,False,False,True,False,False,False,False,False,True,False,False,False,False,False,True,False,False,False,False,False,True,False,False
ad1d46d342d9e082098d5aae1d5995a0ebc74f9c,v3-snapshot-availability,131026edd2e6577a970aea5bfa8233754c166d88d2fe4de67f5614caf7754a71,2026-10-01T06:24:37.763425+00:00,430871,428,Matheus,Santos Carneiro da Cunha,Cunha,1,Man Utd,MUN,Midfielder,a,False,7.9,5.8,4.6273,4.2251,4.6068,4.149,4.4609,1.0,1.0,1.0,1.0,1.0,,90.0,,,,10.621254557511573,1.0,9.0,1.0,0.0,1.0,1.0,81.4,662.0,0.18625377643504534,0.19848942598187302,5.030211480362538,0.0,,,,17.6962,2.24,high,1.0,1.0,5,0,0,5.2,5.2,5.0,5-GW avg pts 5.20; mins 81; xGI 0.29; current GWs 5; fixture Elo diff +76,False,False,False,False,False,False,False,False,False,False,False,False,False,False,False,False,False,False,False,False,False,False,False,False,False,False,False,False,False,False,False,False
ad1d46d342d9e082098d5aae1d5995a0ebc74f9c,v3-snapshot-availability,131026edd2e6577a970aea5bfa8233754c166d88d2fe4de67f5614caf7754a71,2026-10-01T06:24:37.763425+00:00,215413,236,Kiernan,Dewsbury-Hall,Dewsbury-Hall,11,Everton,EVE,Midfielder,a,False,6.6,6.0,5.1438,4.2263,3.2788,4.157,5.197,1.0,1.0,1.0,1.0,1.0,,89.0,,,,11.683754557511573,1.0,9.0,1.0,0.0,1.0,1.0,90.0,893.0,0.16427771556550946,0.14714445688689803,7.961926091825308,0.0,,2.0,,17.5986,2.6665,high,1.0,1.0,5,0,0,4.0,4.0,2.3,5-GW avg pts 4.00; mins 90; xGI 0.36; current GWs 5; fixture Elo diff +18,True,False,True,False,False,False,False,False,True,False,False,False,False,False,False,False,False,False,False,False,True,False,False,False,False,False,True,False,False,False,False,False
ad1d46d342d9e082098d5aae1d5995a0ebc74f9c,v3-snapshot-availability,131026edd2e6577a970aea5bfa8233754c166d88d2fe4de67f5614caf7754a71,2026-10-01T06:24:37.763425+00:00,244850,40,Morgan,Rogers,Rogers,8,Chelsea,CHE,Midfielder,a,False,7.7,40.5,4.437,4.2483,4.3999,4.1653,4.2488,1.0,1.0,1.0,1.0,1.0,,90.0,,,,12.47542122417824,1.0,8.0,1.0,0.0,1.0,1.0,87.4,797.0,0.23601003764115433,0.17503136762860727,6.549560853199498,0.0,,4.0,3.0,17.2454,2.2397,high,1.0,1.0,5,0,0,5.8,5.8,5.3,5-GW avg pts 5.80; mins 87; xGI 0.59; current GWs 5; fixture Elo diff +10,False,True,False,False,False,True,False,False,False,False,False,True,False,False,False,False,False,True,False,False,False,False,False,True,False,False,False,False,False,True,False,False
ad1d46d342d9e082098d5aae1d5995a0ebc74f9c,v3-snapshot-availability,131026edd2e6577a970aea5bfa8233754c166d88d2fe4de67f5614caf7754a71,2026-10-01T06:24:37.763425+00:00,60307,124,Pascal,Groß,Groß,36,Brighton,BHA,Midfielder,a,False,5.8,28.9,4.3101,4.5649,3.7701,3.6325,4.4758,1.0,1.0,1.0,1.0,1.0,,90.0,,,,11.683754557511573,1.0,8.0,1.0,0.0,1.0,1.0,90.0,810.0,0.2577777777777777,0.18999999999999997,5.666666666666667,0.0,1.0,1.0,1.0,16.6628,2.8729,high,1.0,1.0,5,0,0,9.4,9.4,10.7,5-GW avg pts 9.40; mins 90; xGI 0.53; current GWs 5; fixture Elo diff -10,False,False,False,False,False,False,False,False,False,False,False,False,False,False,False,False,False,False,False,False,False,False,False,False,False,False,False,False,False,False,False,False
ad1d46d342d9e082098d5aae1d5995a0ebc74f9c,v3-snapshot-availability,131026edd2e6577a970aea5bfa8233754c166d88d2fe4de67f5614caf7754a71,2026-10-01T06:24:37.763425+00:00,463981,60,James,Hill,Hill,91,Bournemouth,BOU,Defender,a,False,5.5,0.8,3.9235,4.4133,3.7399,4.0752,4.5772,1.0,1.0,1.0,1.0,1.0,,180.0,,90.0,,10.72542122417824,2.0,8.0,2.0,1.0,1.0,1.0,90.0,810.0,0.0111111111111111,0.09444444444444444,10.11111111111111,0.0,,,,16.4863,2.9975,high,1.0,1.0,5,0,0,2.4,2.4,2.3,5-GW avg pts 2.40; mins 90; xGI 0.16; current GWs 5; fixture Elo diff +88,False,False,False,False,False,False,False,False,False,False,False,False,False,False,False,False,False,False,False,False,False,False,False,False,False,False,False,False,False,False,False,False
ad1d46d342d9e082098d5aae1d5995a0ebc74f9c,v3-snapshot-availability,131026edd2e6577a970aea5bfa8233754c166d88d2fe4de67f5614caf7754a71,2026-10-01T06:24:37.763425+00:00,494521,61,Adrien,Truffert,Truffert,91,Bournemouth,BOU,Defender,a,False,5.4,3.0,3.8563,4.4178,3.75,4.1614,4.5237,1.0,1.0,1.0,1.0,1.0,,180.0,,90.0,,10.72542122417824,2.0,7.0,2.0,1.0,1.0,1.0,90.0,810.0,0.053333333333333344,0.08222222222222214,7.555555555555555,0.0,,,,16.4596,3.0481,high,1.0,1.0,5,0,0,2.0,2.0,1.7,5-GW avg pts 2.00; mins 90; xGI 0.08; current GWs 5; fixture Elo diff +88,True,False,False,False,False,False,False,False,True,False,False,False,False,False,True,False,False,False,False,False,True,False,False,False,False,False,True,False,False,False,False,False
ad1d46d342d9e082098d5aae1d5995a0ebc74f9c,v3-snapshot-availability,131026edd2e6577a970aea5bfa8233754c166d88d2fe4de67f5614caf7754a71,2026-10-01T06:24:37.763425+00:00,224967,233,Vitalii,Mykolenko,Mykolenko,11,Everton,EVE,Defender,a,False,4.6,4.2,5.2349,3.5647,2.7504,3.551,5.4982,1.0,1.0,1.0,1.0,1.0,,90.0,,,,11.683754557511573,1.0,8.0,1.0,0.0,1.0,1.0,90.0,900.0,0.004,0.02899999999999994,6.8,0.0,,,,16.4282,3.5713,high,1.0,1.0,5,0,0,5.4,5.4,5.7,5-GW avg pts 5.40; mins 90; xGI 0.04; current GWs 5; fixture Elo diff +18,True,False,True,False,False,False,False,False,False,False,False,False,False,False,False,False,False,False,False,False,False,False,False,False,False,False,True,False,False,False,False,False
ad1d46d342d9e082098d5aae1d5995a0ebc74f9c,v3-snapshot-availability,131026edd2e6577a970aea5bfa8233754c166d88d2fe4de67f5614caf7754a71,2026-10-01T06:24:37.763425+00:00,17761,229,James,Tarkowski,Tarkowski,11,Everton,EVE,Defender,a,False,6.2,16.5,4.9187,3.8974,2.7314,3.7506,5.2182,1.0,1.0,1.0,1.0,1.0,,90.0,,,,11.683754557511573,1.0,9.0,1.0,0.0,1.0,1.0,90.0,900.0,0.049999999999999954,0.082,9.7,0.0,,,,16.3677,2.64,high,1.0,1.0,5,0,0,8.6,8.6,8.3,5-GW avg pts 8.60; mins 90; xGI 0.04; current GWs 5; fixture Elo diff +18,False,False,False,False,False,False,False,False,False,False,False,False,False,False,False,False,False,False,False,False,False,False,False,False,False,False,False,False,False,False,False,False
ad1d46d342d9e082098d5aae1d5995a0ebc74f9c,v3-snapshot-availability,131026edd2e6577a970aea5bfa8233754c166d88d2fe4de67f5614caf7754a71,2026-10-01T06:24:37.763425+00:00,111234,226,Jordan,Pickford,Pickford,11,Everton,EVE,Goalkeeper,a,False,5.5,9.1,5.1717,3.4962,2.7151,3.4734,5.5735,1.0,1.0,1.0,1.0,1.0,,90.0,,,,11.683754557511573,1.0,8.0,1.0,0.0,1.0,1.0,90.0,900.0,0.0,0.007000000000000001,0.0,2.4,,,,16.2659,2.9574,high,1.0,1.0,5,0,0,5.0,5.0,5.0,5-GW avg pts 5.00; mins 90; xGI 0.00; current GWs 5; fixture Elo diff +18,True,False,True,False,False,False,False,False,False,False,False,False,False,False,False,False,False,False,False,False,True,False,False,False,False,False,True,False,False,False,False,False
ad1d46d342d9e082098d5aae1d5995a0ebc74f9c,v3-snapshot-availability,131026edd2e6577a970aea5bfa8233754c166d88d2fe4de67f5614caf7754a71,2026-10-01T06:24:37.763425+00:00,513418,94,Kevin,Schade,Schade,94,Brentford,BRE,Midfielder,a,False,6.2,11.5,3.6951,3.6832,4.9012,4.079,3.9011,1.0,1.0,1.0,1.0,1.0,,90.0,,,,12.47542122417824,1.0,7.0,1.0,0.0,1.0,1.0,89.4,805.0,0.29515527950310544,0.036894409937888145,5.813664596273292,0.0,2.0,,,16.127,2.6011,high,1.0,1.0,5,0,0,7.8,7.8,8.7,5-GW avg pts 7.80; mins 89; xGI 0.37; current GWs 5; fixture Elo diff +31,False,False,False,False,False,False,False,False,False,False,False,False,False,False,False,False,False,False,False,False,False,False,False,False,False,False,False,False,False,False,False,False
ad1d46d342d9e082098d5aae1d5995a0ebc74f9c,v3-snapshot-availability,131026edd2e6577a970aea5bfa8233754c166d88d2fe4de67f5614caf7754a71,2026-10-01T06:24:37.763425+00:00,201666,453,Harvey,Barnes,Barnes,4,Newcastle,NEW,Midfielder,a,False,6.1,5.7,4.3023,3.4954,4.1079,4.0451,4.2449,1.0,1.0,1.0,1.0,1.0,,90.0,,,,11.683754557511573,1.0,12.0,1.0,0.0,1.0,1.0,90.0,644.0,0.19006211180124222,0.1327639751552795,5.590062111801243,0.0,,3.0,,16.1131,2.6415,high,1.0,1.0,5,0,0,5.6,5.6,7.7,5-GW avg pts 5.60; mins 90; xGI 0.22; current GWs 5; fixture Elo diff +37,False,False,False,False,False,False,False,False,False,False,False,False,False,False,False,False,False,False,False,False,False,False,False,False,False,False,False,False,False,False,False,False
ad1d46d342d9e082098d5aae1d5995a0ebc74f9c,v3-snapshot-availability,131026edd2e6577a970aea5bfa8233754c166d88d2fe4de67f5614caf7754a71,2026-10-01T06:24:37.763425+00:00,215379,481,Elliot,Anderson,Anderson,43,Man City,MCI,Midfielder,a,False,6.3,4.0,3.5243,4.8742,3.5629,3.8576,4.1009,1.0,1.0,1.0,1.0,1.0,,90.0,,0.0,,10.72542122417824,1.0,7.0,2.0,1.0,1.0,1.0,82.6,792.0,0.05454545454545452,0.20227272727272722,12.840909090909092,0.0,,3.0,,15.9223,2.5274,high,1.0,1.0,5,0,0,3.0,3.0,3.3,5-GW avg pts 3.00; mins 83; xGI 0.16; current GWs 5; fixture Elo diff +144,False,False,False,False,False,False,False,False,False,False,False,False,False,False,False,False,False,False,False,False,False,False,False,False,False,False,False,False,False,False,False,False
ad1d46d342d9e082098d5aae1d5995a0ebc74f9c,v3-snapshot-availability,131026edd2e6577a970aea5bfa8233754c166d88d2fe4de67f5614caf7754a71,2026-10-01T06:24:37.763425+00:00,503139,69,Alex,Scott,Scott,91,Bournemouth,BOU,Midfielder,a,False,6.1,5.8,3.6589,4.3399,3.5291,4.0279,4.431,1.0,1.0,1.0,1.0,1.0,,180.0,,90.0,,10.72542122417824,2.0,7.0,2.0,1.0,1.0,1.0,89.2,716.0,0.08547486033519554,0.09301675977653627,12.569832402234637,0.0,,2.0,4.0,15.8662,2.601,high,1.0,1.0,5,0,0,6.0,6.0,5.3,5-GW avg pts 6.00; mins 89; xGI 0.21; current GWs 5; fixture Elo diff +88,False,False,False,False,False,False,False,False,False,False,False,False,False,False,False,False,False,False,False,False,False,False,False,False,False,False,False,False,False,False,False,False
ad1d46d342d9e082098d5aae1d5995a0ebc74f9c,v3-snapshot-availability,131026edd2e6577a970aea5bfa8233754c166d88d2fe4de67f5614caf7754a71,2026-10-01T06:24:37.763425+00:00,153133,261,Alex,Iwobi,Iwobi,54,Fulham,FUL,Midfielder,a,False,5.4,0.7,4.3024,4.6849,4.1624,2.9705,3.2222,1.0,1.0,1.0,1.0,1.0,,71.0,,,,10.621254557511573,1.0,7.0,1.0,0.0,1.0,1.0,81.6,564.0,0.14202127659574468,0.23936170212765961,6.702127659574468,0.0,3.0,1.0,1.0,15.8615,2.9373,high,1.0,1.0,5,0,0,2.8,2.8,3.3,5-GW avg pts 2.80; mins 82; xGI 0.32; current GWs 5; fixture Elo diff +95,True,False,True,False,False,False,False,False,True,False,False,False,False,False,True,False,False,False,False,False,False,False,False,False,False,False,False,False,False,False,False,False
ad1d46d342d9e082098d5aae1d5995a0ebc74f9c,v3-snapshot-availability,131026edd2e6577a970aea5bfa8233754c166d88d2fe4de67f5614caf7754a71,2026-10-01T06:24:37.763425+00:00,480455,230,Jarrad,Branthwaite,Branthwaite,11,Everton,EVE,Defender,a,False,5.5,2.4,4.5899,3.8834,2.6989,3.7549,4.9294,1.0,1.0,1.0,1.0,1.0,,90.0,,,,11.683754557511573,1.0,7.0,1.0,0.0,1.0,1.0,90.0,450.0,0.033999999999999996,0.004,10.8,0.0,,,,15.8302,2.8782,high,1.0,1.0,5,0,0,5.4,5.4,5.7,5-GW avg pts 5.40; mins 90; xGI 0.04; current GWs 5; fixture Elo diff +18,False,True,False,False,False,True,False,False,False,False,False,True,False,False,False,False,False,True,False,False,False,False,False,True,False,False,False,False,False,True,False,False
ad1d46d342d9e082098d5aae1d5995a0ebc74f9c,v3-snapshot-availability,131026edd2e6577a970aea5bfa8233754c166d88d2fe4de67f5614caf7754a71,2026-10-01T06:24:37.763425+00:00,551466,569,Gonzalo,García,Gonzalo,54,Fulham,FUL,Forward,a,False,6.0,4.0,4.1285,4.3779,4.1929,2.9495,3.5559,1.0,1.0,1.0,1.0,1.0,,80.0,,,,10.621254557511573,1.0,9.0,1.0,0.0,1.0,1.0,85.0,425.0,0.4934117647058824,0.12282352941176468,3.8117647058823527,0.0,1.0,,,15.6211,2.6035,high,1.0,1.0,5,0,0,2.8,2.8,2.0,5-GW avg pts 2.80; mins 85; xGI 0.58; current GWs 5; fixture Elo diff +95,True,False,True,False,False,False,False,False,True,False,False,False,False,False,True,False,False,False,False,False,False,False,False,False,False,False,True,False,False,False,False,False
ad1d46d342d9e082098d5aae1d5995a0ebc74f9c,v3-snapshot-availability,131026edd2e6577a970aea5bfa8233754c166d88d2fe4de67f5614caf7754a71,2026-10-01T06:24:37.763425+00:00,154561,1,David,Raya Martín,Raya,3,Arsenal,ARS,Goalkeeper,a,False,6.1,42.3,3.7539,3.8645,3.7539,3.339,4.8449,1.0,1.0,1.0,1.0,1.0,,90.0,,,,11.683754557511573,1.0,8.0,1.0,0.0,1.0,1.0,90.0,810.0,0.0,0.0022222222222222222,0.0,1.7777777777777777,,,,15.4792,2.5376,high,1.0,1.0,5,0,0,6.0,6.0,6.0,5-GW avg pts 6.00; mins 90; xGI 0.00; current GWs 5; fixture Elo diff +291,False,False,False,False,False,False,False,False,False,False,False,False,False,False,False,False,False,False,False,False,False,False,False,False,False,False,False,False,False,False,False,False
ad1d46d342d9e082098d5aae1d5995a0ebc74f9c,v3-snapshot-availability,131026edd2e6577a970aea5bfa8233754c166d88d2fe4de67f5614caf7754a71,2026-10-01T06:24:37.763425+00:00,232928,239,James,Garner,Garner,11,Everton,EVE,Midfielder,a,False,6.0,0.2,4.2402,3.9878,2.9134,3.8565,4.1817,1.0,1.0,1.0,1.0,1.0,,90.0,,,,11.683754557511573,1.0,7.0,1.0,0.0,1.0,0.8,65.6,778.0,0.035861182519280214,0.14344473007712075,10.989717223650386,0.0,2.0,1.0,1.0,15.3685,2.5614,high,1.0,1.0,5,0,0,2.2,2.2,3.0,5-GW avg pts 2.20; mins 66; xGI 0.07; current GWs 5; fixture Elo diff +18,False,False,False,False,False,False,False,False,False,False,False,False,False,False,False,False,False,False,False,False,False,False,False,False,False,False,False,False,False,False,False,False
ad1d46d342d9e082098d5aae1d5995a0ebc74f9c,v3-snapshot-availability,131026edd2e6577a970aea5bfa8233754c166d88d2fe4de67f5614caf7754a71,2026-10-01T06:24:37.763425+00:00,200834,533,Nordi,Mukiele,Mukiele,56,Sunderland,SUN,Defender,a,False,5.4,1.9,3.5962,3.3574,4.119,4.4871,3.8447,1.0,1.0,1.0,1.0,1.0,,90.0,,,,10.72542122417824,1.0,6.0,1.0,0.0,0.8,0.8,90.0,810.0,0.1211111111111111,0.09222222222222218,9.333333333333334,0.0,,,,15.3608,2.8446,high,1.0,1.0,5,0,0,2.6,2.6,1.3,5-GW avg pts 2.60; mins 72; xGI 0.21; current GWs 5; fixture Elo diff -65,False,False,False,False,False,False,False,False,False,False,False,False,False,False,False,False,False,False,False,False,False,False,False,False,False,False,False,False,False,False,False,False
ad1d46d342d9e082098d5aae1d5995a0ebc74f9c,v3-snapshot-availability,131026edd2e6577a970aea5bfa8233754c166d88d2fe4de67f5614caf7754a71,2026-10-01T06:24:37.763425+00:00,216646,464,Yoane,Wissa,Wissa,4,Newcastle,NEW,Forward,a,False,6.2,18.7,4.1061,3.4708,3.8247,3.8755,3.9095,1.0,1.0,1.0,1.0,1.0,,90.0,,,,11.683754557511573,1.0,10.0,1.0,0.0,1.0,1.0,88.2,535.0,0.5938317757009347,0.011775700934579423,5.046728971962617,0.0,2.0,,,15.3482,2.4755,high,1.0,1.0,5,0,0,3.0,3.0,1.0,5-GW avg pts 3.00; mins 88; xGI 0.48; current GWs 5; fixture Elo diff +37,False,False,False,False,False,False,False,False,False,False,False,False,False,False,False,False,False,False,False,False,False,False,False,False,False,False,False,False,False,False,False,False
ad1d46d342d9e082098d5aae1d5995a0ebc74f9c,v3-snapshot-availability,131026edd2e6577a970aea5bfa8233754c166d88d2fe4de67f5614caf7754a71,2026-10-01T06:24:37.763425+00:00,209036,388,Marc,Guéhi,Guéhi,43,Man City,MCI,Defender,a,False,6.0,18.2,3.3577,4.6563,3.3963,3.8016,4.0147,1.0,1.0,1.0,1.0,1.0,,90.0,,0.0,,10.72542122417824,1.0,7.0,2.0,1.0,1.0,1.0,90.0,810.0,0.12888888888888886,0.05888888888888889,6.333333333333333,0.0,,,,15.3354,2.5559,high,1.0,1.0,5,0,0,6.0,6.0,6.0,5-GW avg pts 6.00; mins 90; xGI 0.27; current GWs 5; fixture Elo diff +144,False,False,False,False,False,False,False,False,False,False,False,False,False,False,False,False,False,False,False,False,False,False,False,False,False,False,False,False,False,False,False,False
ad1d46d342d9e082098d5aae1d5995a0ebc74f9c,v3-snapshot-availability,131026edd2e6577a970aea5bfa8233754c166d88d2fe4de67f5614caf7754a71,2026-10-01T06:24:37.763425+00:00,586309,249,Thierno,Barry,Barry,11,Everton,EVE,Forward,a,False,5.7,8.3,4.4378,4.028,2.3936,3.7791,4.5064,1.0,1.0,1.0,1.0,1.0,,90.0,,,,11.683754557511573,1.0,10.0,1.0,0.0,1.0,1.0,83.4,653.0,0.7635528330781011,0.02756508422664622,4.548238897396631,0.0,1.0,,,15.3271,2.689,high,1.0,1.0,5,0,0,4.0,4.0,3.3,5-GW avg pts 4.00; mins 83; xGI 0.73; current GWs 5; fixture Elo diff +18,False,False,False,False,False,False,False,False,False,False,False,False,False,False,False,False,False,False,False,False,False,False,False,False,False,False,False,False,False,False,False,False
ad1d46d342d9e082098d5aae1d5995a0ebc74f9c,v3-snapshot-availability,131026edd2e6577a970aea5bfa8233754c166d88d2fe4de67f5614caf7754a71,2026-10-01T06:24:37.763425+00:00,220237,447,Sven,Botman,Botman,4,Newcastle,NEW,Defender,a,False,5.0,0.7,4.4077,3.3321,3.7138,3.8586,3.7181,1.0,1.0,1.0,1.0,1.0,,90.0,,,,11.683754557511573,1.0,11.0,1.0,0.0,1.0,1.0,90.0,900.0,0.02999999999999999,0.05899999999999998,13.1,0.0,,,,15.3096,3.0619,high,1.0,1.0,5,0,0,3.0,3.0,2.3,5-GW avg pts 3.00; mins 90; xGI 0.05; current GWs 5; fixture Elo diff +37,False,False,False,False,False,False,False,False,False,False,False,False,False,False,False,False,False,False,False,False,False,False,False,False,False,False,False,False,False,False,False,False
ad1d46d342d9e082098d5aae1d5995a0ebc74f9c,v3-snapshot-availability,131026edd2e6577a970aea5bfa8233754c166d88d2fe4de67f5614caf7754a71,2026-10-01T06:24:37.763425+00:00,444102,79,Francisco Evanilson,de Lima Barbosa,Evanilson,91,Bournemouth,BOU,Forward,a,False,6.0,3.2,3.5137,4.2147,3.3981,3.918,4.2336,1.0,1.0,1.0,1.0,1.0,,161.0,,71.0,,10.72542122417824,2.0,7.0,2.0,1.0,1.0,1.0,84.8,705.0,0.24893617021276596,0.09446808510638297,6.382978723404255,0.0,,,,15.3081,2.5514,high,1.0,1.0,5,0,0,3.6,3.6,3.0,5-GW avg pts 3.60; mins 85; xGI 0.28; current GWs 5; fixture Elo diff +88,False,False,False,False,False,False,False,False,False,False,False,False,False,False,False,False,False,False,False,False,False,False,False,False,False,False,False,False,False,False,False,False
ad1d46d342d9e082098d5aae1d5995a0ebc74f9c,v3-snapshot-availability,131026edd2e6577a970aea5bfa8233754c166d88d2fe4de67f5614caf7754a71,2026-10-01T06:24:37.763425+00:00,201658,68,Marcus,Tavernier,Tavernier,91,Bournemouth,BOU,Midfielder,a,False,6.1,6.8,3.4086,4.0371,3.4211,3.631,4.9548,1.0,1.0,1.0,1.0,1.0,,165.0,,90.0,,10.72542122417824,2.0,8.0,2.0,1.0,1.0,1.0,84.8,766.0,0.2702349869451697,0.1997389033942558,8.224543080939947,0.0,3.0,1.0,1.0,15.2934,2.5071,high,1.0,1.0,5,0,0,6.2,6.2,6.7,5-GW avg pts 6.20; mins 85; xGI 0.52; current GWs 5; fixture Elo diff +88,False,False,False,False,False,False,False,False,False,False,False,False,False,False,False,False,False,False,False,False,False,False,False,False,False,False,False,False,False,False,False,False
ad1d46d342d9e082098d5aae1d5995a0ebc74f9c,v3-snapshot-availability,131026edd2e6577a970aea5bfa8233754c166d88d2fe4de67f5614caf7754a71,2026-10-01T06:24:37.763425+00:00,575476,472,Murillo,Costa dos Santos,Murillo,17,Nott'm Forest,NFO,Defender,a,False,5.5,2.1,4.3665,3.0528,4.4735,3.714,3.2147,1.0,1.0,1.0,1.0,1.0,,90.0,,,,11.579587890844907,1.0,7.0,1.0,0.0,1.0,1.0,89.8,449.0,0.08418708240534521,0.07416481069042316,10.623608017817372,0.0,,,2.0,15.2214,2.7675,high,1.0,1.0,5,0,0,4.6,4.6,6.0,5-GW avg pts 4.60; mins 90; xGI 0.16; current GWs 5; fixture Elo diff -41,False,False,False,False,False,False,False,False,False,False,False,False,False,False,False,False,False,False,False,False,False,False,False,False,False,False,False,False,False,False,False,False
ad1d46d342d9e082098d5aae1d5995a0ebc74f9c,v3-snapshot-availability,131026edd2e6577a970aea5bfa8233754c166d88d2fe4de67f5614caf7754a71,2026-10-01T06:24:37.763425+00:00,171314,390,Rúben,dos Santos Gato Alves Dias,Rúben,43,Man City,MCI,Defender,a,False,5.5,1.9,3.2188,4.7113,3.2574,3.7025,4.1672,1.0,1.0,1.0,1.0,1.0,,90.0,,,,10.72542122417824,1.0,8.0,1.0,0.0,1.0,1.0,90.0,540.0,0.048333333333333325,0.12666666666666668,4.833333333333333,0.0,,,,15.1569,2.7558,high,1.0,1.0,5,0,0,3.4,3.4,4.3,5-GW avg pts 3.40; mins 90; xGI 0.21; current GWs 5; fixture Elo diff +144,False,False,False,False,False,False,False,False,False,False,False,False,False,False,False,False,False,False,False,False,False,False,False,False,False,False,False,False,False,False,False,False
ad1d46d342d9e082098d5aae1d5995a0ebc74f9c,v3-snapshot-availability,131026edd2e6577a970aea5bfa8233754c166d88d2fe4de67f5614caf7754a71,2026-10-01T06:24:37.763425+00:00,577725,268,Josh,King,King,54,Fulham,FUL,Midfielder,a,False,5.5,2.6,3.9772,4.404,3.9366,2.7489,3.2288,1.0,1.0,1.0,1.0,1.0,,80.0,,,,10.621254557511573,1.0,6.0,1.0,0.0,1.0,1.0,85.0,520.0,0.29250000000000004,0.1021153846153846,6.75,0.0,,,,14.9516,2.7185,high,1.0,1.0,5,0,0,4.8,4.8,5.0,5-GW avg pts 4.80; mins 85; xGI 0.40; current GWs 5; fixture Elo diff +95,False,False,False,False,False,False,False,False,False,False,False,False,False,False,False,False,False,False,False,False,False,False,False,False,False,False,False,False,False,False,False,False
ad1d46d342d9e082098d5aae1d5995a0ebc74f9c,v3-snapshot-availability,131026edd2e6577a970aea5bfa8233754c166d88d2fe4de67f5614caf7754a71,2026-10-01T06:24:37.763425+00:00,166989,43,Youri,Tielemans,Tielemans,1,Man Utd,MUN,Midfielder,a,False,5.8,1.5,3.9919,3.8418,3.6077,3.4722,3.5422,1.0,1.0,1.0,1.0,1.0,,90.0,,,,10.621254557511573,1.0,10.0,1.0,0.0,1.0,1.0,80.4,761.0,0.09461235216819969,0.11116951379763466,9.816031537450723,0.0,3.0,,,14.8915,2.5675,high,1.0,1.0,5,0,0,2.8,2.8,2.7,5-GW avg pts 2.80; mins 80; xGI 0.23; current GWs 5; fixture Elo diff +76,False,False,False,False,False,False,False,False,False,False,False,False,False,False,False,False,False,False,False,False,False,False,False,False,False,False,False,False,False,False,False,False
ad1d46d342d9e082098d5aae1d5995a0ebc74f9c,v3-snapshot-availability,131026edd2e6577a970aea5bfa8233754c166d88d2fe4de67f5614caf7754a71,2026-10-01T06:24:37.763425+00:00,424876,368,Dominik,Szoboszlai,Szoboszlai,14,Liverpool,LIV,Midfielder,a,False,7.0,32.8,3.7996,3.774,3.8543,3.0822,3.952,1.0,1.0,1.0,1.0,1.0,,81.0,,,,10.72542122417824,1.0,12.0,1.0,0.0,1.0,1.0,88.0,890.0,0.22955056179775274,0.2224719101123595,7.382022471910112,0.0,1.0,1.0,1.0,14.8084,2.1155,high,1.0,1.0,5,0,0,4.0,4.0,2.7,5-GW avg pts 4.00; mins 88; xGI 0.45; current GWs 5; fixture Elo diff +7,False,False,False,False,False,False,False,False,False,False,False,False,False,False,False,False,False,False,False,False,False,False,False,False,False,False,False,False,False,False,False,False
ad1d46d342d9e082098d5aae1d5995a0ebc74f9c,v3-snapshot-availability,131026edd2e6577a970aea5bfa8233754c166d88d2fe4de67f5614caf7754a71,2026-10-01T06:24:37.763425+00:00,522047,334,Tarik,Muharemović,Muharemović,2,Leeds,LEE,Defender,a,False,5.0,4.3,2.9006,3.3402,4.5411,3.6061,4.5463,1.0,1.0,1.0,1.0,1.0,,90.0,,,,10.72542122417824,1.0,11.0,1.0,0.0,1.0,1.0,90.0,450.0,0.098,0.01,11.6,0.0,,,,14.7917,2.9583,high,1.0,1.0,5,0,0,5.4,5.4,5.7,5-GW avg pts 5.40; mins 90; xGI 0.11; current GWs 5; fixture Elo diff -76,False,False,False,False,False,False,False,False,False,False,False,False,False,False,False,False,False,False,False,False,False,False,False,False,False,False,False,False,False,False,False,False
ad1d46d342d9e082098d5aae1d5995a0ebc74f9c,v3-snapshot-availability,131026edd2e6577a970aea5bfa8233754c166d88d2fe4de67f5614caf7754a71,2026-10-01T06:24:37.763425+00:00,570794,588,Anan,Khalaili,Khalaili,31,Crystal Palace,CRY,Defender,a,False,5.0,0.3,3.8201,3.5893,3.7203,4.0185,3.241,1.0,1.0,1.0,1.0,1.0,,152.0,,62.0,,10.72542122417824,2.0,6.0,2.0,1.0,1.0,0.8,75.8,379.0,0.2279683377308707,0.07836411609498678,10.448548812664908,0.0,,,,14.7843,2.9569,high,1.0,1.0,5,0,0,3.8,3.8,5.3,5-GW avg pts 3.80; mins 76; xGI 0.26; current GWs 5; fixture Elo diff -34,False,False,False,False,False,False,False,False,False,False,False,False,False,False,False,False,False,False,False,False,False,False,False,False,False,False,False,False,False,False,False,False
ad1d46d342d9e082098d5aae1d5995a0ebc74f9c,v3-snapshot-availability,131026edd2e6577a970aea5bfa8233754c166d88d2fe4de67f5614caf7754a71,2026-10-01T06:24:37.763425+00:00,484420,542,Enzo,Le Fée,E.Le Fée,56,Sunderland,SUN,Midfielder,a,False,5.7,3.4,3.4259,3.1698,3.7134,4.7423,3.6298,1.0,1.0,1.0,1.0,1.0,,90.0,,,,10.72542122417824,1.0,7.0,1.0,0.0,1.0,1.0,87.6,888.0,0.2675675675675676,0.3141891891891892,7.094594594594595,0.0,2.0,1.0,3.0,14.747,2.5872,high,1.0,1.0,5,0,0,3.6,3.6,4.3,5-GW avg pts 3.60; mins 88; xGI 0.68; current GWs 5; fixture Elo diff -65,False,False,False,False,False,False,False,False,False,False,False,False,False,False,False,False,False,False,False,False,False,False,False,False,False,False,False,False,False,False,False,False
ad1d46d342d9e082098d5aae1d5995a0ebc74f9c,v3-snapshot-availability,131026edd2e6577a970aea5bfa8233754c166d88d2fe4de67f5614caf7754a71,2026-10-01T06:24:37.763425+00:00,477424,391,Joško,Gvardiol,Gvardiol,43,Man City,MCI,Defender,a,False,5.7,26.8,3.2974,4.344,3.336,3.6049,3.7432,1.0,1.0,1.0,1.0,1.0,,90.0,,,,10.72542122417824,1.0,9.0,1.0,0.0,1.0,1.0,86.8,503.0,0.05009940357852881,0.1431411530815109,6.262425447316104,0.0,,,,14.645,2.5693,high,1.0,1.0,5,0,0,7.4,7.4,7.7,5-GW avg pts 7.40; mins 87; xGI 0.19; current GWs 5; fixture Elo diff +144,False,False,False,False,False,False,False,False,False,False,False,False,False,False,False,False,False,False,False,False,False,False,False,False,False,False,False,False,False,False,False,False
ad1d46d342d9e082098d5aae1d5995a0ebc74f9c,v3-snapshot-availability,131026edd2e6577a970aea5bfa8233754c166d88d2fe4de67f5614caf7754a71,2026-10-01T06:24:37.763425+00:00,494595,366,Florian,Wirtz,Wirtz,14,Liverpool,LIV,Midfielder,a,False,7.3,5.7,3.7991,3.5452,4.0541,3.1481,3.6178,1.0,1.0,1.0,1.0,1.0,,71.0,,,,10.72542122417824,1.0,9.0,1.0,0.0,1.0,1.0,80.4,623.0,0.26869983948635634,0.09823434991974304,7.800963081861958,0.0,4.0,2.0,2.0,14.6074,2.001,high,1.0,1.0,5,0,0,3.6,3.6,4.0,5-GW avg pts 3.60; mins 80; xGI 0.28; current GWs 5; fixture Elo diff +7,False,False,False,False,False,False,False,False,False,False,False,False,False,False,False,False,False,False,False,False,False,False,False,False,False,False,False,False,False,False,False,False
ad1d46d342d9e082098d5aae1d5995a0ebc74f9c,v3-snapshot-availability,131026edd2e6577a970aea5bfa8233754c166d88d2fe4de67f5614caf7754a71,2026-10-01T06:24:37.763425+00:00,204580,98,Vitaly,Janelt,Janelt,94,Brentford,BRE,Midfielder,a,False,5.0,2.5,3.2341,3.2849,4.5981,3.6934,3.499,1.0,1.0,1.0,1.0,1.0,,90.0,,,,12.47542122417824,1.0,7.0,1.0,0.0,1.0,1.0,90.0,631.0,0.07559429477020602,0.1183835182250396,11.838351822503961,0.0,,3.0,,14.5538,2.9108,high,1.0,1.0,5,0,0,5.6,5.6,6.0,5-GW avg pts 5.60; mins 90; xGI 0.19; current GWs 5; fixture Elo diff +31,True,False,False,False,False,False,False,False,False,False,False,False,False,False,True,False,False,False,False,False,True,False,False,False,False,False,False,False,False,False,False,False
ad1d46d342d9e082098d5aae1d5995a0ebc74f9c,v3-snapshot-availability,131026edd2e6577a970aea5bfa8233754c166d88d2fe4de67f5614caf7754a71,2026-10-01T06:24:37.763425+00:00,463210,580,Shea,Charles,Charles,54,Fulham,FUL,Midfielder,a,False,5.0,0.1,3.9633,3.9338,3.9706,2.7731,3.2189,1.0,1.0,1.0,1.0,1.0,,90.0,,,,10.621254557511573,1.0,9.0,1.0,0.0,1.0,0.6,60.6,303.0,0.026732673267326732,0.04752475247524749,13.663366336633663,0.0,,,,14.5527,2.9105,high,1.0,1.0,5,0,0,2.6,2.6,3.7,5-GW avg pts 2.60; mins 61; xGI 0.05; current GWs 5; fixture Elo diff +95,False,False,False,False,False,False,False,False,False,False,False,False,False,False,False,False,False,False,False,False,False,False,False,False,False,False,False,False,False,False,False,False
ad1d46d342d9e082098d5aae1d5995a0ebc74f9c,v3-snapshot-availability,131026edd2e6577a970aea5bfa8233754c166d88d2fe4de67f5614caf7754a71,2026-10-01T06:24:37.763425+00:00,448047,155,Enzo,Fernández,Enzo,43,Man City,MCI,Midfielder,a,False,6.9,3.6,3.3529,4.0415,3.389,3.6665,3.7895,1.0,1.0,1.0,1.0,1.0,,90.0,,0.0,,10.72542122417824,1.0,6.0,2.0,1.0,0.8,0.6,67.75,631.0,0.12123613312202848,0.1982567353407289,6.2757527733755945,0.0,,4.0,3.0,14.5417,2.1075,high,1.0,1.0,5,0,0,2.6,2.6,4.0,5-GW avg pts 2.60; mins 54; xGI 0.18; current GWs 5; fixture Elo diff +144,False,False,False,False,False,False,False,False,False,False,False,False,False,False,False,False,False,False,False,False,False,False,False,False,False,False,False,False,False,False,False,False
ad1d46d342d9e082098d5aae1d5995a0ebc74f9c,v3-snapshot-availability,131026edd2e6577a970aea5bfa8233754c166d88d2fe4de67f5614caf7754a71,2026-10-01T06:24:37.763425+00:00,499604,67,Rayan Vitor,Simplício Rocha,Rayan,91,Bournemouth,BOU,Midfielder,a,False,6.3,1.6,3.4048,3.9102,3.2731,3.7791,3.8829,1.0,1.0,1.0,1.0,1.0,,159.0,,71.0,,10.72542122417824,2.0,8.0,2.0,1.0,1.0,1.0,86.8,752.0,0.22859042553191491,0.08617021276595742,5.50531914893617,0.0,,,,14.5175,2.3044,high,1.0,1.0,5,0,0,2.0,2.0,2.0,5-GW avg pts 2.00; mins 87; xGI 0.26; current GWs 5; fixture Elo diff +88,False,False,False,False,False,False,False,False,False,False,False,False,False,False,False,False,False,False,False,False,False,False,False,False,False,False,False,False,False,False,False,False
ad1d46d342d9e082098d5aae1d5995a0ebc74f9c,v3-snapshot-availability,131026edd2e6577a970aea5bfa8233754c166d88d2fe4de67f5614caf7754a71,2026-10-01T06:24:37.763425+00:00,487838,449,Lewis,Hall,Hall,4,Newcastle,NEW,Defender,a,False,5.3,17.3,4.0929,3.2282,3.5546,3.5791,3.5589,1.0,1.0,1.0,1.0,1.0,,90.0,,,,11.683754557511573,1.0,11.0,1.0,0.0,1.0,1.0,89.8,741.0,0.049797570850202415,0.1251012145748987,8.016194331983806,0.0,,1.0,1.0,14.4827,2.7326,high,1.0,1.0,5,0,0,6.2,6.2,5.7,5-GW avg pts 6.20; mins 90; xGI 0.21; current GWs 5; fixture Elo diff +37,False,False,False,False,False,False,False,False,False,False,False,False,False,False,False,False,False,False,False,False,False,False,False,False,False,False,False,False,False,False,False,False
ad1d46d342d9e082098d5aae1d5995a0ebc74f9c,v3-snapshot-availability,131026edd2e6577a970aea5bfa8233754c166d88d2fe4de67f5614caf7754a71,2026-10-01T06:24:37.763425+00:00,95658,418,Harry,Maguire,Maguire,1,Man Utd,MUN,Defender,a,False,4.8,8.6,3.9784,3.8085,3.4356,3.3101,3.3507,1.0,1.0,1.0,1.0,1.0,,90.0,,,,10.621254557511573,1.0,10.0,1.0,0.0,1.0,1.0,90.0,900.0,0.05099999999999999,0.077,8.4,0.0,,,,14.4821,3.0171,high,1.0,1.0,5,0,0,2.0,2.0,1.7,5-GW avg pts 2.00; mins 90; xGI 0.13; current GWs 5; fixture Elo diff +76,False,False,False,False,False,False,False,False,False,False,False,False,False,False,False,False,False,False,False,False,False,False,False,False,False,False,False,False,False,False,False,False
ad1d46d342d9e082098d5aae1d5995a0ebc74f9c,v3-snapshot-availability,131026edd2e6577a970aea5bfa8233754c166d88d2fe4de67f5614caf7754a71,2026-10-01T06:24:37.763425+00:00,427623,202,Chris,Richards,Richards,31,Crystal Palace,CRY,Defender,a,False,4.9,0.6,3.7321,3.5201,3.6481,4.0099,3.0378,1.0,1.0,1.0,1.0,1.0,,164.0,,74.0,,10.72542122417824,2.0,7.0,2.0,1.0,1.0,1.0,90.0,763.0,0.16041939711664482,0.020052424639580603,9.672346002621232,0.0,,,,14.4483,2.9486,high,1.0,1.0,5,0,0,2.8,2.8,3.7,5-GW avg pts 2.80; mins 90; xGI 0.03; current GWs 5; fixture Elo diff -34,False,False,False,False,False,False,False,False,False,False,False,False,False,False,False,False,False,False,False,False,False,False,False,False,False,False,False,False,False,False,False,False
ad1d46d342d9e082098d5aae1d5995a0ebc74f9c,v3-snapshot-availability,131026edd2e6577a970aea5bfa8233754c166d88d2fe4de67f5614caf7754a71,2026-10-01T06:24:37.763425+00:00,84450,544,Granit,Xhaka,Xhaka,56,Sunderland,SUN,Midfielder,a,False,5.5,3.6,3.1709,3.0075,3.6414,5.131,3.3738,1.0,1.0,1.0,1.0,1.0,,90.0,,,,10.72542122417824,1.0,6.0,1.0,0.0,1.0,1.0,90.0,900.0,0.022999999999999993,0.254,10.8,0.0,,2.0,2.0,14.4067,2.6194,high,1.0,1.0,5,0,0,4.2,4.2,2.0,5-GW avg pts 4.20; mins 90; xGI 0.28; current GWs 5; fixture Elo diff -65,False,False,False,False,False,False,False,False,False,False,False,False,False,False,False,False,False,False,False,False,False,False,False,False,False,False,False,False,False,False,False,False
ad1d46d342d9e082098d5aae1d5995a0ebc74f9c,v3-snapshot-availability,131026edd2e6577a970aea5bfa8233754c166d88d2fe4de67f5614caf7754a71,2026-10-01T06:24:37.763425+00:00,199798,31,Ezri,Konsa Ngoyo,Konsa,3,Arsenal,ARS,Defender,a,False,4.6,19.4,3.5937,3.632,3.5937,3.2645,3.8453,1.0,1.0,1.0,1.0,1.0,,90.0,,,,11.683754557511573,1.0,6.0,1.0,0.0,0.8,0.6,70.25,551.0,0.03756805807622504,0.008166969147005413,6.206896551724138,0.0,,,,14.3297,3.1152,high,1.0,1.0,5,0,0,2.4,2.4,3.7,5-GW avg pts 2.40; mins 56; xGI 0.05; current GWs 5; fixture Elo diff +291,False,False,False,False,False,False,False,False,False,False,False,False,False,False,False,False,False,False,False,False,False,False,False,False,False,False,False,False,False,False,False,False
ad1d46d342d9e082098d5aae1d5995a0ebc74f9c,v3-snapshot-availability,131026edd2e6577a970aea5bfa8233754c166d88d2fe4de67f5614caf7754a71,2026-10-01T06:24:37.763425+00:00,97032,356,Virgil,van Dijk,Virgil,14,Liverpool,LIV,Defender,a,False,6.5,16.2,3.4417,3.6662,3.8019,2.9125,4.0909,1.0,1.0,1.0,1.0,1.0,,90.0,,,,10.72542122417824,1.0,8.0,1.0,0.0,1.0,1.0,90.0,900.0,0.10099999999999998,0.030999999999999972,8.8,0.0,,,,14.2762,2.1963,high,1.0,1.0,5,0,0,5.0,5.0,7.3,5-GW avg pts 5.00; mins 90; xGI 0.07; current GWs 5; fixture Elo diff +7,False,False,False,False,False,False,False,False,False,False,False,False,False,False,False,False,False,False,False,False,False,False,False,False,False,False,False,False,False,False,False,False
ad1d46d342d9e082098d5aae1d5995a0ebc74f9c,v3-snapshot-availability,131026edd2e6577a970aea5bfa8233754c166d88d2fe4de67f5614caf7754a71,2026-10-01T06:24:37.763425+00:00,465247,412,Senne,Lammens,Lammens,1,Man Utd,MUN,Goalkeeper,a,False,4.9,9.9,3.8955,3.8518,3.3251,3.2674,3.2421,1.0,1.0,1.0,1.0,1.0,,90.0,,,,10.621254557511573,1.0,8.0,1.0,0.0,1.0,1.0,90.0,900.0,0.0,0.0,0.0,3.2,,,,14.2546,2.9091,high,1.0,1.0,5,0,0,2.2,2.2,2.7,5-GW avg pts 2.20; mins 90; xGI 0.00; current GWs 5; fixture Elo diff +76,False,False,False,False,False,False,False,False,False,False,False,False,False,False,False,False,False,False,False,False,False,False,False,False,False,False,False,False,False,False,False,False
ad1d46d342d9e082098d5aae1d5995a0ebc74f9c,v3-snapshot-availability,131026edd2e6577a970aea5bfa8233754c166d88d2fe4de67f5614caf7754a71,2026-10-01T06:24:37.763425+00:00,232892,257,Calvin,Bassey,Bassey,54,Fulham,FUL,Defender,a,False,4.5,0.7,3.8402,3.8718,3.9681,2.6488,3.1545,1.0,1.0,1.0,1.0,1.0,,90.0,,,,10.621254557511573,1.0,8.0,1.0,0.0,1.0,1.0,90.0,900.0,0.013000000000000001,0.015999999999999962,5.8,0.0,,,,14.2461,3.1658,high,1.0,1.0,5,0,0,3.0,3.0,4.3,5-GW avg pts 3.00; mins 90; xGI 0.04; current GWs 5; fixture Elo diff +95,False,True,False,False,False,True,False,False,False,False,False,True,False,False,False,False,False,True,False,False,False,False,False,True,False,False,False,False,False,True,False,False
ad1d46d342d9e082098d5aae1d5995a0ebc74f9c,v3-snapshot-availability,131026edd2e6577a970aea5bfa8233754c166d88d2fe4de67f5614caf7754a71,2026-10-01T06:24:37.763425+00:00,169528,254,Antonee,Robinson,Robinson,54,Fulham,FUL,Defender,a,False,4.5,1.5,3.7357,3.8403,3.743,2.8859,3.3656,1.0,1.0,1.0,1.0,1.0,,90.0,,,,10.621254557511573,1.0,8.0,1.0,0.0,1.0,1.0,85.8,798.0,0.12518796992481201,0.0609022556390977,7.105263157894737,0.0,2.0,,,14.2259,3.1613,high,1.0,1.0,5,0,0,2.4,2.4,3.0,5-GW avg pts 2.40; mins 86; xGI 0.11; current GWs 5; fixture Elo diff +95,False,False,False,False,False,False,False,False,False,False,False,False,False,False,False,False,False,False,False,False,False,False,False,False,False,False,False,False,False,False,False,False
ad1d46d342d9e082098d5aae1d5995a0ebc74f9c,v3-snapshot-availability,131026edd2e6577a970aea5bfa8233754c166d88d2fe4de67f5614caf7754a71,2026-10-01T06:24:37.763425+00:00,480457,183,Jack,Rudoni,Rudoni,9,Coventry City,COV,Midfielder,a,False,4.9,0.1,3.5658,3.3268,3.6522,3.9157,3.298,1.0,1.0,1.0,1.0,1.0,,74.0,,,,11.579587890844907,1.0,6.0,1.0,0.0,1.0,0.8,59.4,297.0,0.27878787878787875,0.3363636363636363,10.303030303030303,0.0,,5.0,1.0,14.2015,2.8983,high,1.0,1.0,5,0,0,2.6,2.6,3.0,5-GW avg pts 2.60; mins 59; xGI 0.41; current GWs 5; fixture Elo diff -132,False,False,False,False,False,False,False,False,False,False,False,False,False,False,False,False,False,False,False,False,False,False,False,False,False,False,False,False,False,False,False,False
ad1d46d342d9e082098d5aae1d5995a0ebc74f9c,v3-snapshot-availability,131026edd2e6577a970aea5bfa8233754c166d88d2fe4de67f5614caf7754a71,2026-10-01T06:24:37.763425+00:00,510281,403,Sávio,Moreira de Oliveira,Sávio,6,Spurs,TOT,Midfielder,a,False,6.5,0.7,2.9333,4.0855,3.3171,3.8412,3.7162,1.0,1.0,1.0,1.0,1.0,,90.0,,,,11.78792122417824,1.0,7.0,1.0,0.0,0.6,0.6,80.0,455.0,0.19780219780219777,0.20175824175824172,3.758241758241758,0.0,,2.0,,14.1826,2.1819,high,1.0,1.0,5,0,0,1.6,1.6,2.7,5-GW avg pts 1.60; mins 48; xGI 0.22; current GWs 5; fixture Elo diff -25,False,False,False,False,False,False,False,False,False,False,False,False,False,False,False,False,False,False,False,False,False,False,False,False,False,False,False,False,False,False,False,False
ad1d46d342d9e082098d5aae1d5995a0ebc74f9c,v3-snapshot-availability,131026edd2e6577a970aea5bfa8233754c166d88d2fe4de67f5614caf7754a71,2026-10-01T06:24:37.763425+00:00,466075,8,Riccardo,Calafiori,Calafiori,3,Arsenal,ARS,Defender,a,False,5.8,50.5,3.6438,3.503,3.6438,3.1147,3.7472,1.0,1.0,1.0,1.0,1.0,,90.0,,,,11.683754557511573,1.0,10.0,1.0,0.0,1.0,1.0,83.2,667.0,0.14977511244377806,0.12008995502248875,3.373313343328336,0.0,,,,14.1401,2.438,high,1.0,1.0,5,0,0,5.8,5.8,3.0,5-GW avg pts 5.80; mins 83; xGI 0.26; current GWs 5; fixture Elo diff +291,False,False,False,False,False,False,False,False,False,False,False,False,False,False,False,False,False,False,False,False,False,False,False,False,False,False,False,False,False,False,False,False
ad1d46d342d9e082098d5aae1d5995a0ebc74f9c,v3-snapshot-availability,131026edd2e6577a970aea5bfa8233754c166d88d2fe4de67f5614caf7754a71,2026-10-01T06:24:37.763425+00:00,609873,244,Harrison,Armstrong,Armstrong,11,Everton,EVE,Midfielder,a,False,5.0,0.4,4.2953,3.2562,2.5704,3.2346,4.275,1.0,1.0,1.0,1.0,1.0,,90.0,,,,11.683754557511573,1.0,9.0,1.0,0.0,1.0,1.0,89.2,475.0,0.03978947368421052,0.09473684210526315,7.578947368421052,0.0,,,,14.1114,2.8223,high,1.0,1.0,5,0,0,3.2,3.2,2.0,5-GW avg pts 3.20; mins 89; xGI 0.14; current GWs 5; fixture Elo diff +18,False,False,False,False,False,False,False,False,False,False,False,False,False,False,False,False,False,False,False,False,False,False,False,False,False,False,False,False,False,False,False,False
ad1d46d342d9e082098d5aae1d5995a0ebc74f9c,v3-snapshot-availability,131026edd2e6577a970aea5bfa8233754c166d88d2fe4de67f5614caf7754a71,2026-10-01T06:24:37.763425+00:00,466525,335,Anton,Stach,Stach,2,Leeds,LEE,Midfielder,a,False,6.0,2.5,2.6962,3.3478,4.0205,3.4604,4.5043,1.0,1.0,1.0,1.0,1.0,,90.0,,,,10.72542122417824,1.0,11.0,1.0,0.0,1.0,1.0,89.4,681.0,0.17841409691629953,0.06475770925110125,10.837004405286343,0.0,,1.0,1.0,14.0506,2.3418,high,1.0,1.0,5,0,0,5.4,5.4,3.3,5-GW avg pts 5.40; mins 89; xGI 0.26; current GWs 5; fixture Elo diff -76,False,False,False,False,False,False,False,False,False,False,False,False,False,False,False,False,False,False,False,False,False,False,False,False,False,False,False,False,False,False,False,False
ad1d46d342d9e082098d5aae1d5995a0ebc74f9c,v3-snapshot-availability,131026edd2e6577a970aea5bfa8233754c166d88d2fe4de67f5614caf7754a71,2026-10-01T06:24:37.763425+00:00,463034,167,Liam,Delap,Delap,17,Nott'm Forest,NFO,Forward,a,False,5.6,2.7,3.7249,3.0145,3.8528,3.6299,3.168,1.0,1.0,1.0,1.0,1.0,,90.0,,,,11.579587890844907,1.0,6.0,1.0,0.0,0.8,0.6,69.25,415.0,0.2537349397590362,0.08024096385542166,4.337349397590361,0.0,3.0,,,13.962,2.4932,high,1.0,1.0,5,0,0,1.8,1.8,2.7,5-GW avg pts 1.80; mins 55; xGI 0.25; current GWs 5; fixture Elo diff -41,False,False,False,False,False,False,False,False,False,False,False,False,False,False,False,False,False,False,False,False,False,False,False,False,False,False,False,False,False,False,False,False
ad1d46d342d9e082098d5aae1d5995a0ebc74f9c,v3-snapshot-availability,131026edd2e6577a970aea5bfa8233754c166d88d2fe4de67f5614caf7754a71,2026-10-01T06:24:37.763425+00:00,80201,250,Bernd,Leno,Leno,54,Fulham,FUL,Goalkeeper,a,False,4.5,3.4,3.7773,3.8309,4.0064,2.5072,2.93,1.0,1.0,1.0,1.0,1.0,,90.0,,,,10.621254557511573,1.0,7.0,1.0,0.0,1.0,1.0,90.0,900.0,0.0,0.002,0.0,3.0,,,,13.9433,3.0985,high,1.0,1.0,5,0,0,3.6,3.6,4.3,5-GW avg pts 3.60; mins 90; xGI 0.00; current GWs 5; fixture Elo diff +95,True,True,False,False,False,False,False,False,True,False,False,True,False,False,True,False,False,True,False,False,False,False,False,False,False,False,False,False,False,False,False,False
ad1d46d342d9e082098d5aae1d5995a0ebc74f9c,v3-snapshot-availability,131026edd2e6577a970aea5bfa8233754c166d88d2fe4de67f5614caf7754a71,2026-10-01T06:24:37.763425+00:00,166477,258,Timothy,Castagne,Castagne,54,Fulham,FUL,Defender,a,False,4.5,0.9,3.6116,3.8839,3.6433,2.7164,3.3252,1.0,1.0,1.0,1.0,1.0,,90.0,,,,10.621254557511573,1.0,8.0,1.0,0.0,1.0,1.0,81.6,850.0,0.1016470588235294,0.11223529411764704,5.929411764705883,0.0,,,,13.9185,3.093,high,1.0,1.0,5,0,0,4.0,4.0,2.7,5-GW avg pts 4.00; mins 82; xGI 0.21; current GWs 5; fixture Elo diff +95,False,False,False,False,False,False,False,False,False,False,False,False,False,False,False,False,False,False,False,False,False,False,False,False,False,False,False,False,False,False,False,False
ad1d46d342d9e082098d5aae1d5995a0ebc74f9c,v3-snapshot-availability,131026edd2e6577a970aea5bfa8233754c166d88d2fe4de67f5614caf7754a71,2026-10-01T06:24:37.763425+00:00,184029,15,Martin,Ødegaard,Ødegaard,3,Arsenal,ARS,Midfielder,a,False,6.8,19.8,3.4528,3.2831,3.4259,3.1821,4.236,1.0,1.0,1.0,1.0,1.0,,73.0,,,,11.683754557511573,1.0,10.0,1.0,0.0,1.0,1.0,75.4,580.0,0.20482758620689653,0.26534482758620687,5.586206896551724,0.0,3.0,,4.0,13.9173,2.0467,high,1.0,1.0,5,0,0,5.8,5.8,5.0,5-GW avg pts 5.80; mins 75; xGI 0.48; current GWs 5; fixture Elo diff +291,False,False,False,False,False,False,False,False,False,False,False,False,False,False,False,False,False,False,False,False,False,False,False,False,False,False,False,False,False,False,False,False
ad1d46d342d9e082098d5aae1d5995a0ebc74f9c,v3-snapshot-availability,131026edd2e6577a970aea5bfa8233754c166d88d2fe4de67f5614caf7754a71,2026-10-01T06:24:37.763425+00:00,477555,264,Oscar,Bobb,Bobb,54,Fulham,FUL,Midfielder,a,False,5.5,0.3,3.6247,3.9545,3.5698,2.7902,3.0801,1.0,1.0,1.0,1.0,1.0,,71.0,,,,10.621254557511573,1.0,9.0,1.0,0.0,1.0,1.0,68.6,560.0,0.13660714285714287,0.26999999999999996,6.75,0.0,,2.0,,13.8409,2.5165,high,1.0,1.0,5,0,0,2.6,2.6,2.7,5-GW avg pts 2.60; mins 69; xGI 0.34; current GWs 5; fixture Elo diff +95,False,False,False,False,False,False,False,False,False,False,False,False,False,False,False,False,False,False,False,False,False,False,False,False,False,False,False,False,False,False,False,False
ad1d46d342d9e082098d5aae1d5995a0ebc74f9c,v3-snapshot-availability,131026edd2e6577a970aea5bfa8233754c166d88d2fe4de67f5614caf7754a71,2026-10-01T06:24:37.763425+00:00,455084,305,Leif,Davis,Davis,40,Ipswich Town,IPS,Defender,a,False,4.0,6.9,3.478,2.6567,3.4416,4.4543,3.4381,1.0,1.0,1.0,1.0,1.0,,90.0,,,,11.683754557511573,1.0,9.0,1.0,0.0,1.0,1.0,90.0,450.0,0.318,0.092,4.8,0.0,,,2.0,13.8032,3.4508,high,1.0,1.0,5,0,0,5.0,5.0,5.7,5-GW avg pts 5.00; mins 90; xGI 0.41; current GWs 5; fixture Elo diff -162,True,False,False,False,False,False,False,False,False,False,False,False,False,False,False,False,False,False,False,False,True,False,False,False,False,False,False,False,False,False,False,False
ad1d46d342d9e082098d5aae1d5995a0ebc74f9c,v3-snapshot-availability,131026edd2e6577a970aea5bfa8233754c166d88d2fe4de67f5614caf7754a71,2026-10-01T06:24:37.763425+00:00,247632,156,Pedro,Lomba Neto,Neto,8,Chelsea,CHE,Midfielder,a,False,6.5,1.4,3.4124,3.4578,3.6328,3.1938,3.5197,1.0,1.0,1.0,1.0,1.0,,87.0,,,,12.47542122417824,1.0,9.0,1.0,0.0,1.0,0.8,66.4,484.0,0.14132231404958676,0.13202479338842968,6.508264462809917,0.0,,2.0,4.0,13.7782,2.1197,high,1.0,1.0,5,0,0,2.8,2.8,2.0,5-GW avg pts 2.80; mins 66; xGI 0.25; current GWs 5; fixture Elo diff +10,False,False,False,False,False,False,False,False,False,False,False,False,False,False,False,False,False,False,False,False,False,False,False,False,False,False,False,False,False,False,False,False
ad1d46d342d9e082098d5aae1d5995a0ebc74f9c,v3-snapshot-availability,131026edd2e6577a970aea5bfa8233754c166d88d2fe4de67f5614caf7754a71,2026-10-01T06:24:37.763425+00:00,191866,87,Kristoffer,Ajer,Ajer,94,Brentford,BRE,Defender,a,False,4.5,3.9,3.0343,3.1229,4.3161,3.5633,3.2716,1.0,1.0,1.0,1.0,1.0,,90.0,,,,12.47542122417824,1.0,7.0,1.0,0.0,1.0,1.0,90.0,631.0,0.018541996830427898,0.012836767036450068,10.554675118858954,0.0,,,,13.7551,3.0567,high,1.0,1.0,5,0,0,4.2,4.2,3.3,5-GW avg pts 4.20; mins 90; xGI 0.04; current GWs 5; fixture Elo diff +31,False,False,False,False,False,False,False,False,False,False,False,False,False,False,False,False,False,False,False,False,False,False,False,False,False,False,False,False,False,False,False,False
ad1d46d342d9e082098d5aae1d5995a0ebc74f9c,v3-snapshot-availability,131026edd2e6577a970aea5bfa8233754c166d88d2fe4de67f5614caf7754a71,2026-10-01T06:24:37.763425+00:00,209400,214,Daichi,Kamada,Kamada,31,Crystal Palace,CRY,Midfielder,a,False,5.0,0.5,3.5934,3.3284,3.4786,3.5907,3.0891,1.0,1.0,1.0,1.0,1.0,,164.0,,74.0,,10.72542122417824,2.0,8.0,2.0,1.0,1.0,1.0,88.2,816.0,0.07610294117647058,0.15110294117647058,8.823529411764707,0.0,,3.0,,13.7388,2.7478,high,1.0,1.0,5,0,0,4.2,4.2,5.3,5-GW avg pts 4.20; mins 88; xGI 0.17; current GWs 5; fixture Elo diff -34,False,False,False,False,False,False,False,False,False,False,False,False,False,False,False,False,False,False,False,False,False,False,False,False,False,False,False,False,False,False,False,False
ad1d46d342d9e082098d5aae1d5995a0ebc74f9c,v3-snapshot-availability,131026edd2e6577a970aea5bfa8233754c166d88d2fe4de67f5614caf7754a71,2026-10-01T06:24:37.763425+00:00,204936,384,Gianluigi,Donnarumma,Donnarumma,43,Man City,MCI,Goalkeeper,a,False,5.5,7.6,2.9325,4.2861,2.9711,3.3777,3.6507,1.0,1.0,1.0,1.0,1.0,,90.0,,0.0,,10.72542122417824,1.0,9.0,2.0,1.0,1.0,1.0,90.0,810.0,0.0,0.014444444444444446,0.0,2.5555555555555554,,,,13.7217,2.4949,high,1.0,1.0,5,0,0,3.8,3.8,5.3,5-GW avg pts 3.80; mins 90; xGI 0.00; current GWs 5; fixture Elo diff +144,False,False,False,False,False,False,False,False,False,False,False,False,False,False,False,False,False,False,False,False,False,False,False,False,False,False,False,False,False,False,False,False
ad1d46d342d9e082098d5aae1d5995a0ebc74f9c,v3-snapshot-availability,131026edd2e6577a970aea5bfa8233754c166d88d2fe4de67f5614caf7754a71,2026-10-01T06:24:37.763425+00:00,244723,204,Tyrick,Mitchell,Mitchell,31,Crystal Palace,CRY,Defender,a,False,4.5,6.1,3.636,3.2858,3.482,3.5438,3.0362,1.0,1.0,1.0,1.0,1.0,,180.0,,90.0,,10.72542122417824,2.0,9.0,2.0,1.0,1.0,1.0,83.8,824.0,0.13543689320388347,0.05679611650485431,6.771844660194175,0.0,,,,13.6812,3.0403,high,1.0,1.0,5,0,0,4.8,4.8,7.7,5-GW avg pts 4.80; mins 84; xGI 0.21; current GWs 5; fixture Elo diff -34,False,False,False,False,False,False,False,False,False,False,False,False,False,False,False,False,False,False,False,False,False,False,False,False,False,False,False,False,False,False,False,False
ad1d46d342d9e082098d5aae1d5995a0ebc74f9c,v3-snapshot-availability,131026edd2e6577a970aea5bfa8233754c166d88d2fe4de67f5614caf7754a71,2026-10-01T06:24:37.763425+00:00,215136,469,Neco,Williams,N.Williams,17,Nott'm Forest,NFO,Defender,a,False,5.0,8.7,3.6865,2.8071,4.0504,3.424,2.9667,1.0,1.0,1.0,1.0,1.0,,90.0,,,,11.579587890844907,1.0,7.0,1.0,0.0,1.0,1.0,90.0,855.0,0.057894736842105214,0.08210526315789472,7.157894736842105,0.0,,2.0,3.0,13.6301,2.726,high,1.0,1.0,5,0,0,3.8,3.8,3.7,5-GW avg pts 3.80; mins 90; xGI 0.20; current GWs 5; fixture Elo diff -41,False,False,False,False,False,False,False,False,False,False,False,False,False,False,False,False,False,False,False,False,False,False,False,False,False,False,False,False,False,False,False,False
ad1d46d342d9e082098d5aae1d5995a0ebc74f9c,v3-snapshot-availability,131026edd2e6577a970aea5bfa8233754c166d88d2fe4de67f5614caf7754a71,2026-10-01T06:24:37.763425+00:00,438234,401,Omar,Marmoush,Marmoush,6,Spurs,TOT,Forward,a,False,7.0,2.1,2.8607,3.8632,3.3121,3.6406,3.4304,1.0,1.0,1.0,1.0,1.0,,90.0,,,,11.78792122417824,1.0,7.0,1.0,0.0,0.8,0.8,84.75,464.0,0.18232758620689646,0.046551724137930975,3.8793103448275863,0.0,2.0,8.0,4.0,13.594,1.942,high,1.0,1.0,5,0,0,1.6,1.6,2.0,5-GW avg pts 1.60; mins 68; xGI 0.11; current GWs 5; fixture Elo diff -25,False,False,False,False,False,False,False,False,False,False,False,False,False,False,False,False,False,False,False,False,False,False,False,False,False,False,False,False,False,False,False,False
ad1d46d342d9e082098d5aae1d5995a0ebc74f9c,v3-snapshot-availability,131026edd2e6577a970aea5bfa8233754c166d88d2fe4de67f5614caf7754a71,2026-10-01T06:24:37.763425+00:00,221820,419,Lisandro,Martínez,Martinez,1,Man Utd,MUN,Defender,a,False,5.0,1.3,3.6255,3.6996,3.1676,3.2013,3.0966,1.0,1.0,1.0,1.0,1.0,,90.0,,,,10.621254557511573,1.0,6.0,1.0,0.0,0.8,0.8,90.0,630.0,0.04285714285714286,0.028571428571428543,6.428571428571429,0.0,,,,13.5881,2.7176,high,1.0,1.0,5,0,0,1.2,1.2,1.7,5-GW avg pts 1.20; mins 72; xGI 0.07; current GWs 5; fixture Elo diff +76,False,False,False,False,False,False,False,False,False,False,False,False,False,False,False,False,False,False,False,False,False,False,False,False,False,False,False,False,False,False,False,False
ad1d46d342d9e082098d5aae1d5995a0ebc74f9c,v3-snapshot-availability,131026edd2e6577a970aea5bfa8233754c166d88d2fe4de67f5614caf7754a71,2026-10-01T06:24:37.763425+00:00,195546,41,Emiliano,Buendía Stati,Buendía,7,Aston Villa,AVL,Midfielder,a,False,5.9,1.0,3.4848,3.3401,3.1756,3.679,3.2629,1.0,1.0,1.0,1.0,1.0,,90.0,,,,11.78792122417824,1.0,9.0,1.0,0.0,1.0,1.0,80.2,669.0,0.16008968609865468,0.07264573991031387,9.147982062780269,0.0,1.0,2.0,1.0,13.5645,2.2991,high,1.0,1.0,5,0,0,4.2,4.2,5.7,5-GW avg pts 4.20; mins 80; xGI 0.23; current GWs 5; fixture Elo diff +46,False,False,False,False,False,False,False,False,False,False,False,False,False,False,False,False,False,False,False,False,False,False,False,False,False,False,False,False,False,False,False,False
ad1d46d342d9e082098d5aae1d5995a0ebc74f9c,v3-snapshot-availability,131026edd2e6577a970aea5bfa8233754c166d88d2fe4de67f5614caf7754a71,2026-10-01T06:24:37.763425+00:00,465642,445,Malick,Thiaw,Thiaw,4,Newcastle,NEW,Defender,a,False,5.0,2.2,4.0711,2.9499,3.2509,3.2545,3.2552,1.0,1.0,1.0,1.0,1.0,,90.0,,,,11.683754557511573,1.0,9.0,1.0,0.0,1.0,1.0,90.0,900.0,0.08199999999999998,0.012999999999999973,8.0,0.0,,,,13.5579,2.7116,high,1.0,1.0,5,0,0,2.8,2.8,1.7,5-GW avg pts 2.80; mins 90; xGI 0.02; current GWs 5; fixture Elo diff +37,False,False,False,False,False,False,False,False,False,False,False,False,False,False,False,False,False,False,False,False,False,False,False,False,False,False,False,False,False,False,False,False
ad1d46d342d9e082098d5aae1d5995a0ebc74f9c,v3-snapshot-availability,131026edd2e6577a970aea5bfa8233754c166d88d2fe4de67f5614caf7754a71,2026-10-01T06:24:37.763425+00:00,461102,173,Bobby,Thomas,Thomas,9,Coventry City,COV,Defender,a,False,4.0,8.5,3.2975,3.1037,3.4153,4.1304,3.064,1.0,1.0,1.0,1.0,1.0,,90.0,,,,11.579587890844907,1.0,7.0,1.0,0.0,1.0,1.0,87.4,437.0,0.10091533180778033,0.061784897025171606,10.709382151029748,0.0,,,,13.5527,3.3882,high,1.0,1.0,5,0,0,4.8,4.8,4.3,5-GW avg pts 4.80; mins 87; xGI 0.16; current GWs 5; fixture Elo diff -132,False,False,False,False,False,False,False,False,False,False,False,False,False,False,False,False,False,False,False,False,False,False,False,False,False,False,False,False,False,False,False,False
ad1d46d342d9e082098d5aae1d5995a0ebc74f9c,v3-snapshot-availability,131026edd2e6577a970aea5bfa8233754c166d88d2fe4de67f5614caf7754a71,2026-10-01T06:24:37.763425+00:00,647850,138,Charalampos,Kostoulas,Kostoulas,36,Brighton,BHA,Forward,a,False,5.6,4.1,3.6533,3.6907,3.2335,2.6155,3.5822,1.0,1.0,1.0,1.0,1.0,,76.0,,,,11.683754557511573,1.0,8.0,1.0,0.0,1.0,0.8,70.6,404.0,0.37202970297029697,0.07128712871287128,6.683168316831683,0.0,,,,13.542,2.4182,high,1.0,1.0,5,0,0,5.6,5.6,7.3,5-GW avg pts 5.60; mins 71; xGI 0.28; current GWs 5; fixture Elo diff -10,False,False,False,False,False,False,False,False,False,False,False,False,False,False,False,False,False,False,False,False,False,False,False,False,False,False,False,False,False,False,False,False
ad1d46d342d9e082098d5aae1d5995a0ebc74f9c,v3-snapshot-availability,131026edd2e6577a970aea5bfa8233754c166d88d2fe4de67f5614caf7754a71,2026-10-01T06:24:37.763425+00:00,465730,115,Maxim,De Cuyper,De Cuyper,36,Brighton,BHA,Defender,a,False,5.0,27.8,3.6686,3.7744,2.9071,2.8179,3.6257,1.0,1.0,1.0,1.0,1.0,,90.0,,,,11.683754557511573,1.0,8.0,1.0,0.0,1.0,1.0,84.6,654.0,0.22844036697247708,0.34403669724770636,3.5779816513761467,0.0,,2.0,4.0,13.5391,2.7078,high,1.0,1.0,5,0,0,7.6,7.6,7.0,5-GW avg pts 7.60; mins 85; xGI 0.44; current GWs 5; fixture Elo diff -10,False,False,False,False,False,False,False,False,False,False,False,False,False,False,False,False,False,False,False,False,False,False,False,False,False,False,False,False,False,False,False,False
ad1d46d342d9e082098d5aae1d5995a0ebc74f9c,v3-snapshot-availability,131026edd2e6577a970aea5bfa8233754c166d88d2fe4de67f5614caf7754a71,2026-10-01T06:24:37.763425+00:00,200720,82,Caoimhín,Kelleher,Kelleher,94,Brentford,BRE,Goalkeeper,a,False,5.0,6.1,2.9609,2.9798,4.7256,3.1961,3.0837,1.0,1.0,1.0,1.0,1.0,,90.0,,,,12.47542122417824,1.0,6.0,1.0,0.0,1.0,1.0,90.0,900.0,0.0,0.001,0.0,4.1,,,,13.5106,2.7021,high,1.0,1.0,5,0,0,4.0,4.0,3.7,5-GW avg pts 4.00; mins 90; xGI 0.00; current GWs 5; fixture Elo diff +31,False,False,False,False,False,False,False,False,False,False,False,False,False,False,False,False,False,False,False,False,False,False,False,False,False,False,False,False,False,False,False,False
ad1d46d342d9e082098d5aae1d5995a0ebc74f9c,v3-snapshot-availability,131026edd2e6577a970aea5bfa8233754c166d88d2fe4de67f5614caf7754a71,2026-10-01T06:24:37.763425+00:00,509416,129,Yasin,Ayari,Ayari,36,Brighton,BHA,Midfielder,a,False,5.4,0.4,3.6993,3.6424,3.0809,2.7613,3.499,1.0,1.0,1.0,1.0,1.0,,90.0,,,,11.683754557511573,1.0,7.0,1.0,0.0,0.8,0.8,83.25,355.0,0.17746478873239432,0.04563380281690139,5.830985915492958,0.0,,4.0,2.0,13.4745,2.4953,high,1.0,1.0,5,0,0,3.0,3.0,4.3,5-GW avg pts 3.00; mins 67; xGI 0.18; current GWs 5; fixture Elo diff -10,False,False,False,False,False,False,False,False,False,False,False,False,False,False,False,False,False,False,False,False,False,False,False,False,False,False,False,False,False,False,False,False
ad1d46d342d9e082098d5aae1d5995a0ebc74f9c,v3-snapshot-availability,131026edd2e6577a970aea5bfa8233754c166d88d2fe4de67f5614caf7754a71,2026-10-01T06:24:37.763425+00:00,177815,346,Dominic,Calvert-Lewin,Calvert-Lewin,2,Leeds,LEE,Forward,a,False,6.0,24.8,2.4356,3.0921,4.0577,3.615,4.0862,1.0,1.0,1.0,1.0,1.0,,90.0,,,,10.72542122417824,1.0,11.0,1.0,0.0,1.0,1.0,83.8,757.0,0.5730515191545574,0.015455746367239096,4.04227212681638,0.0,1.0,,,13.4469,2.2412,high,1.0,1.0,5,0,0,4.4,4.4,4.3,5-GW avg pts 4.40; mins 84; xGI 0.62; current GWs 5; fixture Elo diff -76,False,False,False,False,False,False,False,False,False,False,False,False,False,False,False,False,False,False,False,False,False,False,False,False,False,False,False,False,False,False,False,False
ad1d46d342d9e082098d5aae1d5995a0ebc74f9c,v3-snapshot-availability,131026edd2e6577a970aea5bfa8233754c166d88d2fe4de67f5614caf7754a71,2026-10-01T06:24:37.763425+00:00,432714,486,James,McAtee,McAtee,17,Nott'm Forest,NFO,Midfielder,a,False,5.5,0.1,3.3779,2.9754,4.0981,3.242,3.0612,1.0,1.0,1.0,1.0,1.0,,83.0,,,,11.579587890844907,1.0,6.0,1.0,0.0,1.0,1.0,83.2,531.0,0.08983050847457626,0.1949152542372881,9.830508474576272,0.0,,1.0,,13.4403,2.4437,high,1.0,1.0,5,0,0,2.4,2.4,2.3,5-GW avg pts 2.40; mins 83; xGI 0.27; current GWs 5; fixture Elo diff -41,False,False,False,False,False,False,False,False,False,False,False,False,False,False,False,False,False,False,False,False,False,False,False,False,False,False,False,False,False,False,False,False
ad1d46d342d9e082098d5aae1d5995a0ebc74f9c,v3-snapshot-availability,131026edd2e6577a970aea5bfa8233754c166d88d2fe4de67f5614caf7754a71,2026-10-01T06:24:37.763425+00:00,514254,127,Diego,Gómez Amarilla,Gomez,36,Brighton,BHA,Midfielder,a,False,5.0,4.0,3.6285,3.5733,3.0554,2.824,3.4297,1.0,1.0,1.0,1.0,1.0,,86.0,,,,11.683754557511573,1.0,8.0,1.0,0.0,1.0,1.0,86.6,516.0,0.3000000000000001,0.1395348837209302,8.372093023255815,0.0,,,5.0,13.3234,2.6647,high,1.0,1.0,5,0,0,4.8,4.8,4.3,5-GW avg pts 4.80; mins 87; xGI 0.31; current GWs 5; fixture Elo diff -10,False,False,False,False,False,False,False,False,False,False,False,False,False,False,False,False,False,False,False,False,False,False,False,False,False,False,False,False,False,False,False,False
ad1d46d342d9e082098d5aae1d5995a0ebc74f9c,v3-snapshot-availability,131026edd2e6577a970aea5bfa8233754c166d88d2fe4de67f5614caf7754a71,2026-10-01T06:24:37.763425+00:00,517052,166,Nicolas,Jackson,N.Jackson,7,Aston Villa,AVL,Forward,a,False,6.5,1.5,3.4636,3.2536,3.1864,3.5333,3.1733,1.0,1.0,1.0,1.0,1.0,,88.0,,,,11.78792122417824,1.0,9.0,1.0,0.0,0.8,0.6,71.5,286.0,0.21398601398601397,0.18881118881118877,2.832167832167832,0.0,2.0,,,13.3182,2.049,high,1.0,1.0,5,0,0,2.0,2.0,2.7,5-GW avg pts 2.00; mins 57; xGI 0.26; current GWs 5; fixture Elo diff +46,False,False,False,False,False,False,False,False,False,False,False,False,False,False,False,False,False,False,False,False,False,False,False,False,False,False,False,False,False,False,False,False
ad1d46d342d9e082098d5aae1d5995a0ebc74f9c,v3-snapshot-availability,131026edd2e6577a970aea5bfa8233754c166d88d2fe4de67f5614caf7754a71,2026-10-01T06:24:37.763425+00:00,491279,503,Micky,van de Ven,Van de Ven,6,Spurs,TOT,Defender,a,False,5.0,3.8,2.6783,3.977,3.1048,3.4651,3.4697,1.0,1.0,1.0,1.0,1.0,,90.0,,,,11.78792122417824,1.0,5.0,1.0,0.0,0.8,0.8,90.0,810.0,0.06888888888888887,0.008888888888888892,5.444444444444445,0.0,,,,13.2488,2.6498,high,1.0,1.0,5,0,0,3.2,3.2,5.3,5-GW avg pts 3.20; mins 72; xGI 0.13; current GWs 5; fixture Elo diff -25,False,False,False,False,False,False,False,False,False,False,False,False,False,False,False,False,False,False,False,False,False,False,False,False,False,False,False,False,False,False,False,False
ad1d46d342d9e082098d5aae1d5995a0ebc74f9c,v3-snapshot-availability,131026edd2e6577a970aea5bfa8233754c166d88d2fe4de67f5614caf7754a71,2026-10-01T06:24:37.763425+00:00,85633,467,Matz,Sels,Sels,17,Nott'm Forest,NFO,Goalkeeper,a,False,5.0,1.6,3.433,2.7765,4.097,3.2644,2.9091,1.0,1.0,1.0,1.0,1.0,,90.0,,,,11.579587890844907,1.0,7.0,1.0,0.0,1.0,1.0,90.0,900.0,0.0,0.001,0.0,3.2,,,,13.24,2.648,high,1.0,1.0,5,0,0,2.8,2.8,3.7,5-GW avg pts 2.80; mins 90; xGI 0.00; current GWs 5; fixture Elo diff -41,False,False,False,False,False,False,False,False,False,False,False,False,False,False,False,False,False,False,False,False,False,False,False,False,False,False,False,False,False,False,False,False
ad1d46d342d9e082098d5aae1d5995a0ebc74f9c,v3-snapshot-availability,131026edd2e6577a970aea5bfa8233754c166d88d2fe4de67f5614caf7754a71,2026-10-01T06:24:37.763425+00:00,496221,210,Adam,Wharton,Wharton,31,Crystal Palace,CRY,Midfielder,a,False,5.4,0.7,3.5622,3.1675,3.3177,3.4516,2.8588,1.0,1.0,1.0,1.0,1.0,,180.0,,90.0,,10.72542122417824,2.0,8.0,2.0,1.0,1.0,1.0,87.2,797.0,0.03839397741530738,0.22810539523212037,10.050188205771644,0.0,,2.0,,13.1984,2.4442,high,1.0,1.0,5,0,0,2.4,2.4,2.0,5-GW avg pts 2.40; mins 87; xGI 0.15; current GWs 5; fixture Elo diff -34,False,False,False,False,False,False,False,False,False,False,False,False,False,False,False,False,False,False,False,False,False,False,False,False,False,False,False,False,False,False,False,False
ad1d46d342d9e082098d5aae1d5995a0ebc74f9c,v3-snapshot-availability,131026edd2e6577a970aea5bfa8233754c166d88d2fe4de67f5614caf7754a71,2026-10-01T06:24:37.763425+00:00,204561,558,Xaver,Schlager,Schlager,17,Nott'm Forest,NFO,Midfielder,a,False,5.0,0.1,3.5665,2.7455,3.979,3.1637,2.7913,1.0,1.0,1.0,1.0,1.0,,90.0,,,,11.579587890844907,1.0,7.0,1.0,0.0,1.0,0.8,75.2,376.0,0.045478723404255295,0.043085106382978695,11.72872340425532,0.0,,3.0,,13.1099,2.622,high,1.0,1.0,5,0,0,2.6,2.6,2.7,5-GW avg pts 2.60; mins 75; xGI 0.07; current GWs 5; fixture Elo diff -41,False,False,False,False,False,False,False,False,False,False,False,False,False,False,False,False,False,False,False,False,False,False,False,False,False,False,False,False,False,False,False,False
ad1d46d342d9e082098d5aae1d5995a0ebc74f9c,v3-snapshot-availability,131026edd2e6577a970aea5bfa8233754c166d88d2fe4de67f5614caf7754a71,2026-10-01T06:24:37.763425+00:00,173878,176,Jay,Dasilva,Dasilva,9,Coventry City,COV,Defender,a,False,4.0,0.7,3.088,3.0903,3.3339,3.783,3.1372,1.0,1.0,1.0,1.0,1.0,,90.0,,,,11.579587890844907,1.0,6.0,1.0,0.0,1.0,1.0,88.8,444.0,0.10135135135135136,0.10540540540540537,4.662162162162162,0.0,,,,13.0668,3.2667,high,1.0,1.0,5,0,0,4.0,4.0,5.7,5-GW avg pts 4.00; mins 89; xGI 0.20; current GWs 5; fixture Elo diff -132,False,False,False,False,False,False,False,False,False,False,False,False,False,False,False,False,False,False,False,False,False,False,False,False,False,False,False,False,False,False,False,False
ad1d46d342d9e082098d5aae1d5995a0ebc74f9c,v3-snapshot-availability,131026edd2e6577a970aea5bfa8233754c166d88d2fe4de67f5614caf7754a71,2026-10-01T06:24:37.763425+00:00,216051,417,Diogo,Dalot Teixeira,Dalot,1,Man Utd,MUN,Defender,a,False,4.9,1.6,3.5136,3.376,3.1694,3.0324,3.0774,1.0,1.0,1.0,1.0,1.0,,90.0,,,,10.621254557511573,1.0,9.0,1.0,0.0,1.0,0.8,69.2,616.0,0.08766233766233762,0.05990259740259734,5.6980519480519485,0.0,,,,13.0567,2.6646,high,1.0,1.0,5,0,0,1.6,1.6,1.7,5-GW avg pts 1.60; mins 69; xGI 0.09; current GWs 5; fixture Elo diff +76,False,False,False,False,False,False,False,False,False,False,False,False,False,False,False,False,False,False,False,False,False,False,False,False,False,False,False,False,False,False,False,False
ad1d46d342d9e082098d5aae1d5995a0ebc74f9c,v3-snapshot-availability,131026edd2e6577a970aea5bfa8233754c166d88d2fe4de67f5614caf7754a71,2026-10-01T06:24:37.763425+00:00,199598,338,Ethan,Ampadu,Ampadu,2,Leeds,LEE,Midfielder,a,False,5.4,0.9,2.6249,3.0003,3.8265,3.343,3.8836,1.0,1.0,1.0,1.0,1.0,,90.0,,,,10.72542122417824,1.0,11.0,1.0,0.0,1.0,1.0,90.0,810.0,0.018888888888888924,0.0388888888888889,11.444444444444445,0.0,,,,13.0567,2.4179,high,1.0,1.0,5,0,0,4.2,4.2,4.7,5-GW avg pts 4.20; mins 90; xGI 0.07; current GWs 5; fixture Elo diff -76,False,False,False,False,False,False,False,False,False,False,False,False,False,False,False,False,False,False,False,False,False,False,False,False,False,False,False,False,False,False,False,False
ad1d46d342d9e082098d5aae1d5995a0ebc74f9c,v3-snapshot-availability,131026edd2e6577a970aea5bfa8233754c166d88d2fe4de67f5614caf7754a71,2026-10-01T06:24:37.763425+00:00,116535,350,Alisson,Becker,A.Becker,14,Liverpool,LIV,Goalkeeper,a,False,5.5,4.1,3.2367,3.2953,3.4661,2.699,3.6291,1.0,1.0,1.0,1.0,1.0,,90.0,,,,10.72542122417824,1.0,7.0,1.0,0.0,1.0,1.0,90.0,540.0,0.0,0.0,0.0,2.5,,,,13.0421,2.3713,high,1.0,1.0,5,0,0,5.4,5.4,8.3,5-GW avg pts 5.40; mins 90; xGI 0.00; current GWs 5; fixture Elo diff +7,False,False,False,False,False,False,False,False,False,False,False,False,False,False,False,False,False,False,False,False,False,False,False,False,False,False,False,False,False,False,False,False
ad1d46d342d9e082098d5aae1d5995a0ebc74f9c,v3-snapshot-availability,131026edd2e6577a970aea5bfa8233754c166d88d2fe4de67f5614caf7754a71,2026-10-01T06:24:37.763425+00:00,457569,57,Đorđe,Petrović,Petrović,91,Bournemouth,BOU,Goalkeeper,a,False,4.5,3.0,2.9332,3.6164,2.8582,3.1693,3.8852,1.0,1.0,1.0,1.0,1.0,,180.0,,90.0,,10.72542122417824,2.0,7.0,2.0,1.0,1.0,1.0,90.0,810.0,0.0,0.0,0.0,2.2222222222222223,,,,13.0241,2.8943,high,1.0,1.0,5,0,0,1.8,1.8,1.3,5-GW avg pts 1.80; mins 90; xGI 0.00; current GWs 5; fixture Elo diff +88,False,False,False,False,False,False,False,False,False,False,False,False,False,False,False,False,False,False,False,False,False,False,False,False,False,False,False,False,False,False,False,False
ad1d46d342d9e082098d5aae1d5995a0ebc74f9c,v3-snapshot-availability,131026edd2e6577a970aea5bfa8233754c166d88d2fe4de67f5614caf7754a71,2026-10-01T06:24:37.763425+00:00,450063,644,Quinten,Timber,Timber,31,Crystal Palace,CRY,Midfielder,a,False,5.0,0.0,3.4521,3.1666,3.2901,3.3776,2.8753,1.0,1.0,1.0,1.0,1.0,,152.0,,62.0,,10.72542122417824,2.0,5.0,2.0,1.0,1.0,1.0,84.33333333333333,253.0,0.08537549407114621,0.02134387351778656,9.604743083003953,0.0,,,,13.0236,2.6047,medium,0.6,0.6,3,0,0,3.0,3.0,3.0,5-GW avg pts 3.00; mins 84; xGI 0.10; current GWs 3; fixture Elo diff -34,False,False,False,False,False,False,False,False,False,False,False,False,False,False,False,False,False,False,False,False,False,False,False,False,False,False,False,False,False,False,False,False
ad1d46d342d9e082098d5aae1d5995a0ebc74f9c,v3-snapshot-availability,131026edd2e6577a970aea5bfa8233754c166d88d2fe4de67f5614caf7754a71,2026-10-01T06:24:37.763425+00:00,444180,105,Jaidon,Anthony,Anthony,94,Brentford,BRE,Midfielder,a,False,5.9,0.1,3.0118,3.2393,3.5718,3.3681,3.1336,1.0,1.0,1.0,1.0,1.0,,81.0,,,,12.47542122417824,1.0,8.0,1.0,0.0,1.0,0.4,53.4,618.0,0.2737864077669903,0.10631067961165044,6.990291262135922,0.0,,,,13.0224,2.2072,high,1.0,1.0,5,0,0,3.0,3.0,4.0,5-GW avg pts 3.00; mins 53; xGI 0.34; current GWs 5; fixture Elo diff +31,False,False,False,False,False,False,False,False,False,False,False,False,False,False,False,False,False,False,False,False,False,False,False,False,False,False,False,False,False,False,False,False
ad1d46d342d9e082098d5aae1d5995a0ebc74f9c,v3-snapshot-availability,131026edd2e6577a970aea5bfa8233754c166d88d2fe4de67f5614caf7754a71,2026-10-01T06:24:37.763425+00:00,470551,567,Lukás,Hornícek,Horníček,4,Newcastle,NEW,Goalkeeper,a,False,5.0,1.5,4.0403,2.8872,2.9799,3.1202,2.9841,1.0,1.0,1.0,1.0,1.0,,90.0,,,,11.683754557511573,1.0,9.0,1.0,0.0,1.0,1.0,90.0,450.0,0.0,0.0,0.0,3.8,,,,12.9972,2.5994,high,1.0,1.0,5,0,0,2.8,2.8,2.0,5-GW avg pts 2.80; mins 90; xGI 0.00; current GWs 5; fixture Elo diff +37,False,True,False,False,False,True,False,False,False,False,False,False,False,False,False,False,False,False,False,False,False,False,False,True,False,False,False,False,False,True,False,False
ad1d46d342d9e082098d5aae1d5995a0ebc74f9c,v3-snapshot-availability,131026edd2e6577a970aea5bfa8233754c166d88d2fe4de67f5614caf7754a71,2026-10-01T06:24:37.763425+00:00,249231,86,Keane,Lewis-Potter,Lewis-Potter,94,Brentford,BRE,Midfielder,a,False,5.5,1.7,2.8925,3.2191,3.6446,3.5155,3.0272,1.0,1.0,1.0,1.0,1.0,,81.0,,,,12.47542122417824,1.0,8.0,1.0,0.0,1.0,0.8,81.2,854.0,0.17177985948477748,0.12751756440281029,5.796252927400468,0.0,,5.0,1.0,12.9826,2.3605,high,1.0,1.0,5,0,0,4.4,4.4,2.0,5-GW avg pts 4.40; mins 81; xGI 0.40; current GWs 5; fixture Elo diff +31,False,False,False,False,False,False,False,False,False,False,False,False,False,False,False,False,False,False,False,False,False,False,False,False,False,False,False,False,False,False,False,False
ad1d46d342d9e082098d5aae1d5995a0ebc74f9c,v3-snapshot-availability,131026edd2e6577a970aea5bfa8233754c166d88d2fe4de67f5614caf7754a71,2026-10-01T06:24:37.763425+00:00,473284,572,Konstantinos,Tzolakis,Tzolakis,88,Hull City,HUL,Goalkeeper,a,False,4.7,12.8,3.0675,3.0996,3.0135,4.4029,2.538,1.0,1.0,1.0,1.0,1.0,,90.0,,,,11.683754557511573,1.0,7.0,1.0,0.0,1.0,1.0,90.0,450.0,0.0,0.0,0.0,3.4,,,,12.8728,2.7389,high,1.0,1.0,5,0,0,6.8,6.8,4.7,5-GW avg pts 6.80; mins 90; xGI 0.00; current GWs 5; fixture Elo diff -299,False,False,False,False,False,False,False,False,False,False,False,False,False,False,False,False,False,False,False,False,False,False,False,False,False,False,False,False,False,False,False,False
ad1d46d342d9e082098d5aae1d5995a0ebc74f9c,v3-snapshot-availability,131026edd2e6577a970aea5bfa8233754c166d88d2fe4de67f5614caf7754a71,2026-10-01T06:24:37.763425+00:00,98980,28,Emiliano,Martínez Romero,Martinez,8,Chelsea,CHE,Goalkeeper,a,False,5.0,4.7,3.0564,3.3187,3.3582,2.8823,3.4908,1.0,1.0,1.0,1.0,1.0,,90.0,,,,12.47542122417824,1.0,4.0,1.0,0.0,0.8,0.8,90.0,720.0,0.0,0.0024999999999999875,0.0,4.125,,,,12.8419,2.5684,high,1.0,1.0,5,0,0,1.8,1.8,2.3,5-GW avg pts 1.80; mins 72; xGI 0.00; current GWs 5; fixture Elo diff +10,False,False,False,False,False,False,False,False,False,False,False,False,False,False,False,False,False,False,False,False,False,False,False,False,False,False,False,False,False,False,False,False
ad1d46d342d9e082098d5aae1d5995a0ebc74f9c,v3-snapshot-availability,131026edd2e6577a970aea5bfa8233754c166d88d2fe4de67f5614caf7754a71,2026-10-01T06:24:37.763425+00:00,432422,455,Sandro,Tonali,Tonali,6,Spurs,TOT,Midfielder,a,False,5.3,1.8,2.7018,3.8031,2.9394,3.3045,3.2488,1.0,1.0,1.0,1.0,1.0,,84.0,,,,11.78792122417824,1.0,7.0,1.0,0.0,1.0,1.0,85.4,749.0,0.04325767690253671,0.12016021361815753,9.012016021361816,0.0,,,,12.7385,2.4035,high,1.0,1.0,5,0,0,2.8,2.8,3.3,5-GW avg pts 2.80; mins 85; xGI 0.17; current GWs 5; fixture Elo diff -25,False,False,False,False,False,False,False,False,False,False,False,False,False,False,False,False,False,False,False,False,False,False,False,False,False,False,False,False,False,False,False,False
ad1d46d342d9e082098d5aae1d5995a0ebc74f9c,v3-snapshot-availability,131026edd2e6577a970aea5bfa8233754c166d88d2fe4de67f5614caf7754a71,2026-10-01T06:24:37.763425+00:00,610799,504,Luka,Vušković,Vuskovic,36,Brighton,BHA,Defender,a,False,5.0,3.7,3.5831,3.4117,2.8372,2.6236,3.2387,1.0,1.0,1.0,1.0,1.0,,90.0,,,,11.683754557511573,1.0,8.0,1.0,0.0,1.0,1.0,87.4,437.0,0.09473684210526313,0.014416475972540026,8.8558352402746,0.0,,,,12.7032,2.5406,high,1.0,1.0,5,0,0,6.4,6.4,8.7,5-GW avg pts 6.40; mins 87; xGI 0.11; current GWs 5; fixture Elo diff -10,False,False,False,False,False,False,False,False,False,False,False,False,False,False,False,False,False,False,False,False,False,False,False,False,False,False,False,False,False,False,False,False
ad1d46d342d9e082098d5aae1d5995a0ebc74f9c,v3-snapshot-availability,131026edd2e6577a970aea5bfa8233754c166d88d2fe4de67f5614caf7754a71,2026-10-01T06:24:37.763425+00:00,200089,460,Joe,Willock,Willock,4,Newcastle,NEW,Midfielder,a,False,5.0,0.6,3.2839,3.0268,3.1226,3.2538,3.1236,1.0,1.0,1.0,1.0,1.0,,87.0,,,,11.683754557511573,1.0,12.0,1.0,0.0,1.0,0.6,56.8,563.0,0.20142095914742447,0.11669626998223799,4.9555950266429845,0.0,,,,12.6578,2.5316,high,1.0,1.0,5,0,0,4.4,4.4,4.3,5-GW avg pts 4.40; mins 57; xGI 0.22; current GWs 5; fixture Elo diff +37,False,False,False,False,False,False,False,False,False,False,False,False,False,False,False,False,False,False,False,False,False,False,False,False,False,False,False,False,False,False,False,False
ad1d46d342d9e082098d5aae1d5995a0ebc74f9c,v3-snapshot-availability,131026edd2e6577a970aea5bfa8233754c166d88d2fe4de67f5614caf7754a71,2026-10-01T06:24:37.763425+00:00,440993,237,Iliman,Ndiaye,Ndiaye,43,Man City,MCI,Midfielder,a,False,5.8,6.7,2.8258,3.7832,2.8233,3.2698,3.0694,1.0,1.0,1.0,1.0,1.0,,75.0,,0.0,,10.72542122417824,1.0,10.0,2.0,1.0,1.0,0.8,77.0,835.0,0.20802395209580835,0.07976047904191613,7.544910179640719,0.0,,,,12.6198,2.1758,high,1.0,1.0,5,0,0,4.4,4.4,3.0,5-GW avg pts 4.40; mins 77; xGI 0.19; current GWs 5; fixture Elo diff +144,False,False,False,False,False,False,False,False,False,False,False,False,False,False,False,False,False,False,False,False,False,False,False,False,False,False,False,False,False,False,False,False
ad1d46d342d9e082098d5aae1d5995a0ebc74f9c,v3-snapshot-availability,131026edd2e6577a970aea5bfa8233754c166d88d2fe4de67f5614caf7754a71,2026-10-01T06:24:37.763425+00:00,122798,502,Andrew,Robertson,Robertson,6,Spurs,TOT,Defender,a,False,4.4,2.5,2.6764,3.725,2.8679,3.403,3.1692,1.0,1.0,1.0,1.0,1.0,,90.0,,,,11.78792122417824,1.0,7.0,1.0,0.0,1.0,0.8,73.2,592.0,0.08057432432432435,0.11706081081081078,4.256756756756757,0.0,,6.0,,12.6068,2.8652,high,1.0,1.0,5,0,0,3.4,3.4,4.0,5-GW avg pts 3.40; mins 73; xGI 0.11; current GWs 5; fixture Elo diff -25,False,False,False,False,False,False,False,False,False,False,False,False,False,False,False,False,False,False,False,False,False,False,False,False,False,False,False,False,False,False,False,False
ad1d46d342d9e082098d5aae1d5995a0ebc74f9c,v3-snapshot-availability,131026edd2e6577a970aea5bfa8233754c166d88d2fe4de67f5614caf7754a71,2026-10-01T06:24:37.763425+00:00,232351,282,Ryan,Giles,Giles,88,Hull City,HUL,Defender,a,False,4.0,2.9,3.1511,2.8075,3.1006,4.4463,2.1515,1.0,1.0,1.0,1.0,1.0,,90.0,,,,11.683754557511573,1.0,7.0,1.0,0.0,1.0,1.0,88.8,444.0,0.004054054054054054,0.08716216216216212,4.864864864864865,0.0,,3.0,1.0,12.5616,3.1404,high,1.0,1.0,5,0,0,4.8,4.8,4.0,5-GW avg pts 4.80; mins 89; xGI 0.09; current GWs 5; fixture Elo diff -299,False,False,False,False,False,False,False,False,False,False,False,False,False,False,False,False,False,False,False,False,False,False,False,False,False,False,False,False,False,False,False,False
ad1d46d342d9e082098d5aae1d5995a0ebc74f9c,v3-snapshot-availability,131026edd2e6577a970aea5bfa8233754c166d88d2fe4de67f5614caf7754a71,2026-10-01T06:24:37.763425+00:00,220627,332,James,Justin,Justin,2,Leeds,LEE,Defender,a,False,4.5,1.4,2.3684,2.9853,3.7245,3.1258,3.8743,1.0,1.0,1.0,1.0,1.0,,90.0,,,,10.72542122417824,1.0,11.0,1.0,0.0,1.0,1.0,90.0,810.0,0.04888888888888886,0.05777777777777774,8.444444444444445,0.0,,,,12.5474,2.7883,high,1.0,1.0,5,0,0,5.2,5.2,4.7,5-GW avg pts 5.20; mins 90; xGI 0.13; current GWs 5; fixture Elo diff -76,False,False,False,False,False,False,False,False,False,False,False,False,False,False,False,False,False,False,False,False,False,False,False,False,False,False,False,False,False,False,False,False
ad1d46d342d9e082098d5aae1d5995a0ebc74f9c,v3-snapshot-availability,131026edd2e6577a970aea5bfa8233754c166d88d2fe4de67f5614caf7754a71,2026-10-01T06:24:37.763425+00:00,219924,259,Issa,Diop,Diop,40,Ipswich Town,IPS,Defender,a,False,4.0,12.7,3.1143,2.4943,3.0875,4.1003,3.0187,1.0,1.0,1.0,1.0,1.0,,90.0,,,,11.683754557511573,1.0,7.0,1.0,0.0,1.0,1.0,90.0,670.0,0.1128358208955224,0.02283582089552239,7.791044776119403,0.0,,,,12.5107,3.1277,high,1.0,1.0,5,0,0,2.4,2.4,2.7,5-GW avg pts 2.40; mins 90; xGI 0.04; current GWs 5; fixture Elo diff -162,False,False,False,False,False,False,False,False,False,False,False,False,False,False,False,False,False,False,False,False,False,False,False,False,False,False,False,False,False,False,False,False
ad1d46d342d9e082098d5aae1d5995a0ebc74f9c,v3-snapshot-availability,131026edd2e6577a970aea5bfa8233754c166d88d2fe4de67f5614caf7754a71,2026-10-01T06:24:37.763425+00:00,439509,557,Christos,Tzolis,Tzolis,3,Arsenal,ARS,Midfielder,a,False,6.3,12.2,3.2187,3.0065,3.2187,2.8665,3.2574,1.0,1.0,1.0,1.0,1.0,,73.0,,,,11.683754557511573,1.0,12.0,1.0,0.0,1.0,0.8,72.4,362.0,0.047237569060773484,0.13674033149171266,5.718232044198895,0.0,,3.0,,12.4605,1.9779,high,1.0,1.0,5,0,0,3.2,3.2,3.3,5-GW avg pts 3.20; mins 72; xGI 0.15; current GWs 5; fixture Elo diff +291,False,False,False,False,False,False,False,False,False,False,False,False,False,False,False,False,False,False,False,False,False,False,False,False,False,False,False,False,False,False,False,False
ad1d46d342d9e082098d5aae1d5995a0ebc74f9c,v3-snapshot-availability,131026edd2e6577a970aea5bfa8233754c166d88d2fe4de67f5614caf7754a71,2026-10-01T06:24:37.763425+00:00,437499,200,Maxence,Lacroix,Lacroix,8,Chelsea,CHE,Defender,a,False,5.9,6.8,3.0771,3.1764,3.1951,2.9384,3.1329,1.0,1.0,1.0,1.0,1.0,,90.0,,,,12.47542122417824,1.0,8.0,1.0,0.0,1.0,0.8,72.8,784.0,0.05280612244897958,0.03329081632653058,11.135204081632653,0.0,,,,12.4285,2.1065,high,1.0,1.0,5,0,0,2.6,2.6,2.0,5-GW avg pts 2.60; mins 73; xGI 0.07; current GWs 5; fixture Elo diff +10,False,False,False,False,False,False,False,False,False,False,False,False,False,False,False,False,False,False,False,False,False,False,False,False,False,False,False,False,False,False,False,False
ad1d46d342d9e082098d5aae1d5995a0ebc74f9c,v3-snapshot-availability,131026edd2e6577a970aea5bfa8233754c166d88d2fe4de67f5614caf7754a71,2026-10-01T06:24:37.763425+00:00,169432,295,Oli,McBurnie,McBurnie,88,Hull City,HUL,Forward,a,False,5.5,1.9,3.1349,3.1361,3.0402,3.6691,2.3244,1.0,1.0,1.0,1.0,1.0,,90.0,,,,11.683754557511573,1.0,7.0,1.0,0.0,1.0,1.0,88.2,441.0,0.2510204081632653,0.026530612244897937,4.285714285714286,0.0,1.0,,,12.3525,2.2459,high,1.0,1.0,5,0,0,2.6,2.6,2.3,5-GW avg pts 2.60; mins 88; xGI 0.27; current GWs 5; fixture Elo diff -299,False,False,False,False,False,False,False,False,False,False,False,False,False,False,False,False,False,False,False,False,False,False,False,False,False,False,False,False,False,False,False,False
ad1d46d342d9e082098d5aae1d5995a0ebc74f9c,v3-snapshot-availability,131026edd2e6577a970aea5bfa8233754c166d88d2fe4de67f5614caf7754a71,2026-10-01T06:24:37.763425+00:00,135720,501,Kevin,Danso,Danso,56,Sunderland,SUN,Defender,a,False,5.0,0.2,2.8281,2.8022,3.1945,3.6787,3.0885,1.0,1.0,1.0,1.0,1.0,,90.0,,,,10.72542122417824,1.0,5.0,1.0,0.0,0.6,0.6,90.0,720.0,0.04999999999999999,0.029999999999999995,8.625,0.0,,,,12.3339,2.4668,high,1.0,1.0,5,0,0,0.6,0.6,1.0,5-GW avg pts 0.60; mins 54; xGI 0.05; current GWs 5; fixture Elo diff -65,False,False,False,False,False,False,False,False,False,False,False,False,False,False,False,False,False,False,False,False,False,False,False,False,False,False,False,False,False,False,False,False
ad1d46d342d9e082098d5aae1d5995a0ebc74f9c,v3-snapshot-availability,131026edd2e6577a970aea5bfa8233754c166d88d2fe4de67f5614caf7754a71,2026-10-01T06:24:37.763425+00:00,202993,516,Rodrigo,Bentancur,Bentancur,6,Spurs,TOT,Midfielder,a,False,5.5,0.2,2.8084,3.632,2.8109,3.0663,2.9603,1.0,1.0,1.0,1.0,1.0,,84.0,,,,11.78792122417824,1.0,7.0,1.0,0.0,1.0,0.8,74.0,777.0,0.032432432432432406,0.032432432432432386,13.783783783783784,0.0,,,,12.2485,2.227,high,1.0,1.0,5,0,0,3.0,3.0,4.0,5-GW avg pts 3.00; mins 74; xGI 0.03; current GWs 5; fixture Elo diff -25,False,False,False,False,False,False,False,False,False,False,False,False,False,False,False,False,False,False,False,False,False,False,False,False,False,False,False,False,False,False,False,False
ad1d46d342d9e082098d5aae1d5995a0ebc74f9c,v3-snapshot-availability,131026edd2e6577a970aea5bfa8233754c166d88d2fe4de67f5614caf7754a71,2026-10-01T06:24:37.763425+00:00,485055,496,Antonín,Kinský,Kinsky,6,Spurs,TOT,Goalkeeper,a,False,4.5,17.3,2.527,3.8111,2.8015,3.1066,3.1085,1.0,1.0,1.0,1.0,1.0,,90.0,,,,11.78792122417824,1.0,8.0,1.0,0.0,1.0,1.0,90.0,900.0,0.0,0.0,0.0,2.0,,,,12.238,2.7196,high,1.0,1.0,5,0,0,3.6,3.6,5.0,5-GW avg pts 3.60; mins 90; xGI 0.00; current GWs 5; fixture Elo diff -25,False,False,False,False,False,False,False,False,False,False,False,False,False,False,False,False,False,False,False,False,False,False,False,False,False,False,False,False,False,False,False,False
ad1d46d342d9e082098d5aae1d5995a0ebc74f9c,v3-snapshot-availability,131026edd2e6577a970aea5bfa8233754c166d88d2fe4de67f5614caf7754a71,2026-10-01T06:24:37.763425+00:00,540324,286,Mohamed,Belloumi,Belloumi,88,Hull City,HUL,Midfielder,a,False,5.1,5.1,2.9902,2.8766,2.8558,4.177,2.4101,1.0,1.0,1.0,1.0,1.0,,83.0,,,,11.683754557511573,1.0,8.0,1.0,0.0,1.0,0.8,78.8,394.0,0.1644670050761421,0.09822335025380707,10.050761421319796,0.0,,2.0,2.0,12.2338,2.3988,high,1.0,1.0,5,0,0,6.2,6.2,7.3,5-GW avg pts 6.20; mins 79; xGI 0.23; current GWs 5; fixture Elo diff -299,False,False,False,False,False,False,False,False,False,False,False,False,False,False,False,False,False,False,False,False,False,False,False,False,False,False,False,False,False,False,False,False
ad1d46d342d9e082098d5aae1d5995a0ebc74f9c,v3-snapshot-availability,131026edd2e6577a970aea5bfa8233754c166d88d2fe4de67f5614caf7754a71,2026-10-01T06:24:37.763425+00:00,108416,277,John,Egan,Egan,88,Hull City,HUL,Defender,a,False,4.1,7.0,3.0809,2.8585,2.9352,3.886,2.5137,1.0,1.0,1.0,1.0,1.0,,78.0,,,,11.683754557511573,1.0,7.0,1.0,0.0,1.0,1.0,87.4,437.0,0.010297482837528604,0.0,12.151029748283753,0.0,,,,12.2302,2.983,high,1.0,1.0,5,0,0,5.2,5.2,3.0,5-GW avg pts 5.20; mins 87; xGI 0.01; current GWs 5; fixture Elo diff -299,False,True,False,False,False,True,False,False,False,False,False,True,False,False,False,False,False,True,False,False,False,False,False,True,False,False,False,False,False,False,False,False
ad1d46d342d9e082098d5aae1d5995a0ebc74f9c,v3-snapshot-availability,131026edd2e6577a970aea5bfa8233754c166d88d2fe4de67f5614caf7754a71,2026-10-01T06:24:37.763425+00:00,437730,397,Antoine,Semenyo,Semenyo,43,Man City,MCI,Midfielder,d,False,8.4,15.3,2.4566,4.6042,2.4953,2.9291,2.6281,0.75,0.75,0.75,0.75,0.75,,90.0,,0.0,,10.72542122417824,1.0,9.0,2.0,1.0,1.0,1.0,90.0,816.0,0.09816176470588239,0.17757352941176469,4.411764705882353,0.0,2.0,,,12.2239,1.4552,high,1.0,1.0,5,0,0,4.95,4.95,4.875,5-GW avg pts 6.60; mins 90; xGI 0.30; current GWs 5; fixture Elo diff +144,False,True,False,False,False,False,False,False,False,False,False,True,False,False,False,False,False,False,False,False,False,False,False,True,False,False,False,False,False,True,False,False
ad1d46d342d9e082098d5aae1d5995a0ebc74f9c,v3-snapshot-availability,131026edd2e6577a970aea5bfa8233754c166d88d2fe4de67f5614caf7754a71,2026-10-01T06:24:37.763425+00:00,200785,73,Tyler,Adams,Adams,91,Bournemouth,BOU,Midfielder,a,False,5.0,0.3,2.8604,3.2979,2.7442,3.0854,3.3634,1.0,1.0,1.0,1.0,1.0,,151.0,,63.0,,10.72542122417824,2.0,6.0,2.0,1.0,1.0,0.6,55.8,574.0,0.00783972125435541,0.029790940766550495,12.857142857142858,0.0,,,,12.2017,2.4403,high,1.0,1.0,5,0,0,2.4,2.4,3.3,5-GW avg pts 2.40; mins 56; xGI 0.02; current GWs 5; fixture Elo diff +88,False,False,False,False,False,False,False,False,False,False,False,False,False,False,False,False,False,False,False,False,False,False,False,False,False,False,False,False,False,False,False,False
ad1d46d342d9e082098d5aae1d5995a0ebc74f9c,v3-snapshot-availability,131026edd2e6577a970aea5bfa8233754c166d88d2fe4de67f5614caf7754a71,2026-10-01T06:24:37.763425+00:00,440089,96,Mikkel,Damsgaard,Damsgaard,94,Brentford,BRE,Midfielder,a,False,5.4,0.4,2.8355,2.9729,3.1345,3.4141,2.9771,1.0,1.0,1.0,1.0,1.0,,87.0,,,,12.47542122417824,1.0,8.0,1.0,0.0,1.0,0.6,56.6,628.0,0.10748407643312102,0.28662420382165593,10.89171974522293,0.0,,2.0,3.0,12.1948,2.2583,high,1.0,1.0,5,0,0,3.2,3.2,4.0,5-GW avg pts 3.20; mins 57; xGI 0.18; current GWs 5; fixture Elo diff +31,False,False,False,False,False,False,False,False,False,False,False,False,False,False,False,False,False,False,False,False,False,False,False,False,False,False,False,False,False,False,False,False
ad1d46d342d9e082098d5aae1d5995a0ebc74f9c,v3-snapshot-availability,131026edd2e6577a970aea5bfa8233754c166d88d2fe4de67f5614caf7754a71,2026-10-01T06:24:37.763425+00:00,216616,304,Dara,O'Shea,O'Shea,40,Ipswich Town,IPS,Defender,a,False,4.0,2.7,3.0566,2.3559,3.0435,3.8012,2.9703,1.0,1.0,1.0,1.0,1.0,,90.0,,,,11.683754557511573,1.0,8.0,1.0,0.0,1.0,1.0,90.0,450.0,0.014000000000000002,0.051999999999999984,9.6,0.0,,,,12.0548,3.0137,high,1.0,1.0,5,0,0,2.0,2.0,2.0,5-GW avg pts 2.00; mins 90; xGI 0.07; current GWs 5; fixture Elo diff -162,False,False,False,False,False,False,False,False,False,False,False,False,False,False,False,False,False,False,False,False,False,False,False,False,False,False,False,False,False,False,False,False
ad1d46d342d9e082098d5aae1d5995a0ebc74f9c,v3-snapshot-availability,131026edd2e6577a970aea5bfa8233754c166d88d2fe4de67f5614caf7754a71,2026-10-01T06:24:37.763425+00:00,154043,649,Ainsley,Maitland-Niles,Maitland-Niles,11,Everton,EVE,Defender,a,False,4.5,1.4,3.2655,3.0278,2.3493,2.7091,3.7926,1.0,1.0,1.0,1.0,1.0,,89.0,,,,11.683754557511573,1.0,4.0,1.0,0.0,1.0,0.6666666666666666,59.0,177.0,,,,,,,,12.042,2.676,medium,0.6,0.6,3,0,0,7.0,7.0,7.0,5-GW avg pts 7.00; mins 59; xGI 0.10; current GWs 3; fixture Elo diff +18,False,False,False,False,False,False,False,False,False,False,False,False,False,False,False,False,False,False,False,False,False,False,False,False,False,False,False,False,False,False,False,False
ad1d46d342d9e082098d5aae1d5995a0ebc74f9c,v3-snapshot-availability,131026edd2e6577a970aea5bfa8233754c166d88d2fe4de67f5614caf7754a71,2026-10-01T06:24:37.763425+00:00,474120,591,Julio,Enciso,Enciso,40,Ipswich Town,IPS,Midfielder,a,False,5.5,0.8,3.0608,2.4039,3.0581,3.6627,2.8723,1.0,1.0,1.0,1.0,1.0,,74.0,,,,11.683754557511573,1.0,5.0,1.0,0.0,1.0,1.0,82.6,413.0,0.2745762711864406,0.1939467312348668,6.75544794188862,0.0,,,,11.9581,2.1742,high,1.0,1.0,5,0,0,3.0,3.0,1.7,5-GW avg pts 3.00; mins 83; xGI 0.43; current GWs 5; fixture Elo diff -162,False,False,False,False,False,False,False,False,False,False,False,False,False,False,False,False,False,False,False,False,False,False,False,False,False,False,False,False,False,False,False,False
ad1d46d342d9e082098d5aae1d5995a0ebc74f9c,v3-snapshot-availability,131026edd2e6577a970aea5bfa8233754c166d88d2fe4de67f5614caf7754a71,2026-10-01T06:24:37.763425+00:00,543968,316,Emersonn,Correia da Silva,Emersonn,40,Ipswich Town,IPS,Forward,a,False,5.5,3.5,2.9976,2.4467,2.9952,3.7281,2.9049,1.0,1.0,1.0,1.0,1.0,,81.0,,,,11.683754557511573,1.0,7.0,1.0,0.0,1.0,0.8,63.4,317.0,0.45709779179810717,0.03406940063091479,2.8391167192429023,0.0,2.0,,,11.9483,2.1724,high,1.0,1.0,5,0,0,5.2,5.2,5.3,5-GW avg pts 5.20; mins 63; xGI 0.35; current GWs 5; fixture Elo diff -162,False,False,False,False,False,False,False,False,False,False,False,False,False,False,False,False,False,False,False,False,False,False,False,False,False,False,False,False,False,False,False,False
ad1d46d342d9e082098d5aae1d5995a0ebc74f9c,v3-snapshot-availability,131026edd2e6577a970aea5bfa8233754c166d88d2fe4de67f5614caf7754a71,2026-10-01T06:24:37.763425+00:00,173774,598,Nico,Elvedi,Elvedi,2,Leeds,LEE,Defender,a,False,4.5,0.1,2.4191,2.7926,3.521,3.0208,3.3998,1.0,1.0,1.0,1.0,1.0,,90.0,,,,10.72542122417824,1.0,5.0,1.0,0.0,0.8,0.6,81.5,326.0,0.03312883435582819,0.16012269938650306,8.006134969325153,0.0,,,,11.9036,2.6453,high,1.0,1.0,5,0,0,2.6,2.6,4.0,5-GW avg pts 2.60; mins 65; xGI 0.14; current GWs 5; fixture Elo diff -76,False,False,False,False,False,False,False,False,False,False,False,False,False,False,False,False,False,False,False,False,False,False,False,False,False,False,False,False,False,False,False,False
ad1d46d342d9e082098d5aae1d5995a0ebc74f9c,v3-snapshot-availability,131026edd2e6577a970aea5bfa8233754c166d88d2fe4de67f5614caf7754a71,2026-10-01T06:24:37.763425+00:00,433969,597,Zion,Suzuki,Suzuki,7,Aston Villa,AVL,Goalkeeper,a,False,5.0,1.9,3.0032,2.9526,2.7113,3.3002,2.8697,1.0,1.0,1.0,1.0,1.0,,90.0,,,,11.78792122417824,1.0,6.0,1.0,0.0,0.8,0.8,90.0,360.0,0.0,0.0025,0.0,3.75,,,,11.8616,2.3723,high,1.0,1.0,5,0,0,3.2,3.2,4.7,5-GW avg pts 3.20; mins 72; xGI 0.00; current GWs 5; fixture Elo diff +46,False,False,False,False,False,False,False,False,False,False,False,False,False,False,False,False,False,False,False,False,False,False,False,False,False,False,False,False,False,False,False,False
ad1d46d342d9e082098d5aae1d5995a0ebc74f9c,v3-snapshot-availability,131026edd2e6577a970aea5bfa8233754c166d88d2fe4de67f5614caf7754a71,2026-10-01T06:24:37.763425+00:00,204120,114,Olivier,Boscagli,Boscagli,36,Brighton,BHA,Defender,a,False,4.5,0.3,3.2475,3.2251,2.6678,2.4602,3.0784,1.0,1.0,1.0,1.0,1.0,,90.0,,,,11.683754557511573,1.0,8.0,1.0,0.0,1.0,1.0,87.4,527.0,0.011954459203036037,0.10246679316888041,5.806451612903226,0.0,,,,11.8535,2.6341,high,1.0,1.0,5,0,0,3.8,3.8,4.7,5-GW avg pts 3.80; mins 87; xGI 0.12; current GWs 5; fixture Elo diff -10,False,False,False,False,False,False,False,False,False,False,False,False,False,False,False,False,False,False,False,False,False,False,False,False,False,False,False,False,False,False,False,False
ad1d46d342d9e082098d5aae1d5995a0ebc74f9c,v3-snapshot-availability,131026edd2e6577a970aea5bfa8233754c166d88d2fe4de67f5614caf7754a71,2026-10-01T06:24:37.763425+00:00,226182,330,Jayden,Bogle,Bogle,2,Leeds,LEE,Defender,a,False,4.6,7.2,2.3452,3.2078,3.1011,2.918,3.4274,1.0,1.0,1.0,1.0,1.0,,67.0,,,,10.72542122417824,1.0,10.0,1.0,0.0,1.0,1.0,73.0,532.0,0.23853383458646618,0.10319548872180442,4.7368421052631575,0.0,,,,11.8122,2.5679,high,1.0,1.0,5,0,0,8.4,8.4,11.3,5-GW avg pts 8.40; mins 73; xGI 0.29; current GWs 5; fixture Elo diff -76,False,False,False,False,False,False,False,False,False,False,False,False,False,False,False,False,False,False,False,False,False,False,False,False,False,False,False,False,False,False,False,False
ad1d46d342d9e082098d5aae1d5995a0ebc74f9c,v3-snapshot-availability,131026edd2e6577a970aea5bfa8233754c166d88d2fe4de67f5614caf7754a71,2026-10-01T06:24:37.763425+00:00,606702,362,Jeremy,Jacquet,Jacquet,14,Liverpool,LIV,Defender,a,False,5.0,3.5,2.9387,3.023,3.1407,2.3903,3.2406,1.0,1.0,1.0,1.0,1.0,,90.0,,,,10.72542122417824,1.0,8.0,1.0,0.0,1.0,1.0,83.0,415.0,0.0,0.030361445783132508,7.807228915662651,0.0,,,,11.7896,2.3579,high,1.0,1.0,5,0,0,4.8,4.8,6.7,5-GW avg pts 4.80; mins 83; xGI 0.03; current GWs 5; fixture Elo diff +7,False,False,False,False,False,False,False,False,False,False,False,False,False,False,False,False,False,False,False,False,False,False,False,False,False,False,False,False,False,False,False,False
ad1d46d342d9e082098d5aae1d5995a0ebc74f9c,v3-snapshot-availability,131026edd2e6577a970aea5bfa8233754c166d88d2fe4de67f5614caf7754a71,2026-10-01T06:24:37.763425+00:00,243016,372,Alexis,Mac Allister,Mac Allister,14,Liverpool,LIV,Midfielder,a,False,5.4,1.3,2.9054,2.9146,3.2921,2.4842,3.0475,1.0,1.0,1.0,1.0,1.0,,90.0,,,,10.72542122417824,1.0,8.0,1.0,0.0,1.0,0.6,61.2,756.0,0.07261904761904762,0.09761904761904758,9.404761904761905,0.0,5.0,,,11.7296,2.1722,high,1.0,1.0,5,0,0,2.2,2.2,2.7,5-GW avg pts 2.20; mins 61; xGI 0.12; current GWs 5; fixture Elo diff +7,False,False,False,False,False,False,False,False,False,False,False,False,False,False,False,False,False,False,False,False,False,False,False,False,False,False,False,False,False,False,False,False
ad1d46d342d9e082098d5aae1d5995a0ebc74f9c,v3-snapshot-availability,131026edd2e6577a970aea5bfa8233754c166d88d2fe4de67f5614caf7754a71,2026-10-01T06:24:37.763425+00:00,547719,459,Lewis,Miley,L.Miley,4,Newcastle,NEW,Midfielder,a,False,5.5,0.1,3.066,2.7551,2.8918,2.957,2.9538,1.0,1.0,1.0,1.0,1.0,,90.0,,,,11.683754557511573,1.0,10.0,1.0,0.0,1.0,1.0,79.2,576.0,0.0078125,0.03125000000000002,10.625,0.0,,5.0,,11.7012,2.1275,high,1.0,1.0,5,0,0,2.4,2.4,2.0,5-GW avg pts 2.40; mins 79; xGI 0.04; current GWs 5; fixture Elo diff +37,False,False,False,False,False,False,False,False,False,False,False,False,False,False,False,False,False,False,False,False,False,False,False,False,False,False,False,False,False,False,False,False
ad1d46d342d9e082098d5aae1d5995a0ebc74f9c,v3-snapshot-availability,131026edd2e6577a970aea5bfa8233754c166d88d2fe4de67f5614caf7754a71,2026-10-01T06:24:37.763425+00:00,445087,579,Ronald,Araujo,Araujo,14,Liverpool,LIV,Defender,a,False,5.4,3.0,2.9923,2.8546,3.1632,2.574,2.9986,1.0,1.0,1.0,1.0,1.0,,90.0,,,,10.72542122417824,1.0,8.0,1.0,0.0,1.0,0.6,56.8,284.0,0.0,0.019014084507042225,7.605633802816901,0.0,,,,11.6929,2.1653,high,1.0,1.0,5,0,0,4.4,4.4,7.0,5-GW avg pts 4.40; mins 57; xGI 0.01; current GWs 5; fixture Elo diff +7,False,False,False,False,False,False,False,False,False,False,False,False,False,False,False,False,False,False,False,False,False,False,False,False,False,False,False,False,False,False,False,False
ad1d46d342d9e082098d5aae1d5995a0ebc74f9c,v3-snapshot-availability,131026edd2e6577a970aea5bfa8233754c166d88d2fe4de67f5614caf7754a71,2026-10-01T06:24:37.763425+00:00,513086,93,Jannik,Schuster,Schuster,94,Brentford,BRE,Defender,a,False,4.5,0.3,2.7292,2.8258,3.2365,3.0013,2.8451,1.0,1.0,1.0,1.0,1.0,,90.0,,,,12.47542122417824,1.0,5.0,1.0,0.0,0.6,0.6,84.33333333333333,253.0,0.03557312252964427,0.19209486166007905,13.517786561264822,0.0,,,,11.6696,2.5932,high,1.0,1.0,5,0,0,4.2,4.2,7.0,5-GW avg pts 4.20; mins 51; xGI 0.13; current GWs 5; fixture Elo diff +31,False,False,False,False,False,False,False,False,False,False,False,False,False,False,False,False,False,False,False,False,False,False,False,False,False,False,False,False,False,False,False,False
ad1d46d342d9e082098d5aae1d5995a0ebc74f9c,v3-snapshot-availability,131026edd2e6577a970aea5bfa8233754c166d88d2fe4de67f5614caf7754a71,2026-10-01T06:24:37.763425+00:00,184667,37,Victor,Lindelöf,Lindelöf,7,Aston Villa,AVL,Defender,a,False,4.5,0.3,2.9688,2.885,2.6323,3.2418,2.8141,1.0,1.0,1.0,1.0,1.0,,90.0,,,,11.78792122417824,1.0,9.0,1.0,0.0,1.0,1.0,90.0,730.0,0.054246575342465755,0.024657534246575318,4.684931506849315,0.0,,,,11.6289,2.5842,high,1.0,1.0,5,0,0,1.6,1.6,2.7,5-GW avg pts 1.60; mins 90; xGI 0.12; current GWs 5; fixture Elo diff +46,False,False,False,False,False,False,False,False,False,False,False,False,False,False,False,False,False,False,False,False,False,False,False,False,False,False,False,False,False,False,False,False
ad1d46d342d9e082098d5aae1d5995a0ebc74f9c,v3-snapshot-availability,131026edd2e6577a970aea5bfa8233754c166d88d2fe4de67f5614caf7754a71,2026-10-01T06:24:37.763425+00:00,168144,184,Matt,Grimes,Grimes,9,Coventry City,COV,Midfielder,a,False,4.9,0.1,2.7903,2.8224,2.8707,3.2793,2.8221,1.0,1.0,1.0,1.0,1.0,,90.0,,,,11.579587890844907,1.0,6.0,1.0,0.0,1.0,1.0,88.6,443.0,0.024379232505643323,0.026410835214446954,7.720090293453724,0.0,3.0,1.0,,11.6157,2.3705,high,1.0,1.0,5,0,0,2.2,2.2,2.3,5-GW avg pts 2.20; mins 89; xGI 0.05; current GWs 5; fixture Elo diff -132,False,False,False,False,False,False,False,False,False,False,False,False,False,False,False,False,False,False,False,False,False,False,False,False,False,False,False,False,False,False,False,False
ad1d46d342d9e082098d5aae1d5995a0ebc74f9c,v3-snapshot-availability,131026edd2e6577a970aea5bfa8233754c166d88d2fe4de67f5614caf7754a71,2026-10-01T06:24:37.763425+00:00,146426,279,Semi,Ajayi,Ajayi,88,Hull City,HUL,Defender,a,False,4.2,14.0,3.0161,2.877,2.824,3.5405,2.0998,1.0,1.0,1.0,1.0,1.0,,90.0,,,,11.683754557511573,1.0,7.0,1.0,0.0,1.0,1.0,84.6,423.0,0.14042553191489363,0.002127659574468085,5.74468085106383,0.0,,,,11.6029,2.7626,high,1.0,1.0,5,0,0,5.4,5.4,2.3,5-GW avg pts 5.40; mins 85; xGI 0.13; current GWs 5; fixture Elo diff -299,False,False,False,False,False,False,False,False,False,False,False,False,False,False,False,False,False,False,False,False,False,False,False,False,False,False,False,False,False,False,False,False
ad1d46d342d9e082098d5aae1d5995a0ebc74f9c,v3-snapshot-availability,131026edd2e6577a970aea5bfa8233754c166d88d2fe4de67f5614caf7754a71,2026-10-01T06:24:37.763425+00:00,432720,385,James,Trafford,Trafford,2,Leeds,LEE,Goalkeeper,a,False,5.0,5.5,2.419,2.7169,3.4022,2.9532,3.2363,1.0,1.0,1.0,1.0,1.0,,90.0,,,,10.72542122417824,1.0,8.0,1.0,0.0,1.0,1.0,90.0,540.0,0.0,0.0,0.0,3.8333333333333335,,,,11.595,2.319,high,1.0,1.0,5,0,0,5.6,5.6,5.3,5-GW avg pts 5.60; mins 90; xGI 0.00; current GWs 5; fixture Elo diff -76,False,False,False,False,False,False,False,False,False,False,False,False,False,False,False,False,False,False,False,False,False,False,False,False,False,False,False,False,False,False,False,False
ad1d46d342d9e082098d5aae1d5995a0ebc74f9c,v3-snapshot-availability,131026edd2e6577a970aea5bfa8233754c166d88d2fe4de67f5614caf7754a71,2026-10-01T06:24:37.763425+00:00,247348,201,Daniel,Muñoz Mejía,Muñoz,17,Nott'm Forest,NFO,Defender,a,False,5.4,5.7,2.9733,2.7857,3.0495,2.8181,2.8047,1.0,1.0,1.0,1.0,1.0,,83.0,,,,11.579587890844907,1.0,5.0,1.0,0.0,0.8,0.4,64.25,698.0,0.1018624641833811,0.09670487106017189,6.060171919770774,0.0,,,,11.5755,2.1436,high,1.0,1.0,5,0,0,1.0,1.0,1.7,5-GW avg pts 1.00; mins 51; xGI 0.16; current GWs 5; fixture Elo diff -41,False,False,False,False,False,False,False,False,False,False,False,False,False,False,False,False,False,False,False,False,False,False,False,False,False,False,False,False,False,False,False,False
ad1d46d342d9e082098d5aae1d5995a0ebc74f9c,v3-snapshot-availability,131026edd2e6577a970aea5bfa8233754c166d88d2fe4de67f5614caf7754a71,2026-10-01T06:24:37.763425+00:00,592984,639,José María,Andrés Baixauli,Andrés,36,Brighton,BHA,Midfielder,a,False,5.5,0.0,3.0106,3.0859,2.7203,2.6023,2.9702,1.0,1.0,1.0,1.0,1.0,,85.0,,,,11.683754557511573,1.0,3.0,1.0,0.0,0.6666666666666666,0.3333333333333333,54.5,109.0,,,,,,,,11.5679,2.1033,medium,0.6,0.6,3,0,0,4.0,4.0,4.0,5-GW avg pts 4.00; mins 36; xGI 0.21; current GWs 3; fixture Elo diff -10,False,False,False,False,False,False,False,False,False,False,False,False,False,False,False,False,False,False,False,False,False,False,False,False,False,False,False,False,False,False,False,False
ad1d46d342d9e082098d5aae1d5995a0ebc74f9c,v3-snapshot-availability,131026edd2e6577a970aea5bfa8233754c166d88d2fe4de67f5614caf7754a71,2026-10-01T06:24:37.763425+00:00,231065,91,Ethan,Pinnock,Pinnock,9,Coventry City,COV,Defender,a,False,4.5,0.1,2.822,2.7717,2.8542,3.1384,2.8574,1.0,1.0,1.0,1.0,1.0,,90.0,,,,11.579587890844907,1.0,6.0,1.0,0.0,0.8,0.6,70.5,282.0,0.0382978723404255,0.0,14.042553191489361,0.0,,,,11.5112,2.558,high,1.0,1.0,5,0,0,2.8,2.8,4.3,5-GW avg pts 2.80; mins 56; xGI 0.02; current GWs 5; fixture Elo diff -132,False,False,False,False,False,False,False,False,False,False,False,False,False,False,False,False,False,False,False,False,False,False,False,False,False,False,False,False,False,False,False,False
ad1d46d342d9e082098d5aae1d5995a0ebc74f9c,v3-snapshot-availability,131026edd2e6577a970aea5bfa8233754c166d88d2fe4de67f5614caf7754a71,2026-10-01T06:24:37.763425+00:00,193278,280,Lewie,Coyle,Coyle,88,Hull City,HUL,Defender,a,False,4.0,0.7,3.0178,2.6653,2.9345,3.4434,2.1268,1.0,1.0,1.0,1.0,1.0,,90.0,,,,11.683754557511573,1.0,8.0,1.0,0.0,1.0,0.8,69.6,348.0,0.03362068965517242,0.018103448275862043,2.8448275862068964,0.0,,,,11.4507,2.8627,high,1.0,1.0,5,0,0,2.8,2.8,2.7,5-GW avg pts 2.80; mins 70; xGI 0.04; current GWs 5; fixture Elo diff -299,False,False,False,False,False,False,False,False,False,False,False,False,False,False,False,False,False,False,False,False,False,False,False,False,False,False,False,False,False,False,False,False
ad1d46d342d9e082098d5aae1d5995a0ebc74f9c,v3-snapshot-availability,131026edd2e6577a970aea5bfa8233754c166d88d2fe4de67f5614caf7754a71,2026-10-01T06:24:37.763425+00:00,219847,26,Kai,Havertz,Havertz,3,Arsenal,ARS,Forward,d,False,7.6,8.3,2.8553,2.5022,2.8205,2.4463,3.9093,0.75,0.75,0.75,0.75,0.75,,90.0,,,,11.683754557511573,1.0,11.0,1.0,0.0,1.0,1.0,87.4,610.0,0.36295081967213116,0.1342622950819672,3.098360655737705,0.0,,,,11.4217,1.5029,high,1.0,1.0,5,0,0,2.85,2.85,2.1,5-GW avg pts 3.80; mins 87; xGI 0.41; current GWs 5; fixture Elo diff +291,False,True,False,False,False,True,False,False,False,False,False,False,False,False,False,False,False,True,False,False,False,False,False,False,False,False,False,False,False,True,False,False
ad1d46d342d9e082098d5aae1d5995a0ebc74f9c,v3-snapshot-availability,131026edd2e6577a970aea5bfa8233754c166d88d2fe4de67f5614caf7754a71,2026-10-01T06:24:37.763425+00:00,489639,109,Bart,Verbruggen,Verbruggen,36,Brighton,BHA,Goalkeeper,a,False,4.5,21.6,3.166,2.9971,2.6453,2.3688,2.9187,1.0,1.0,1.0,1.0,1.0,,90.0,,,,11.683754557511573,1.0,7.0,1.0,0.0,1.0,1.0,90.0,810.0,0.0,0.022222222222222223,0.0,2.5555555555555554,,,,11.389,2.5309,high,1.0,1.0,5,0,0,4.6,4.6,5.7,5-GW avg pts 4.60; mins 90; xGI 0.04; current GWs 5; fixture Elo diff -10,False,False,False,False,False,False,False,False,False,False,False,False,False,False,False,False,False,False,False,False,False,False,False,False,False,False,False,False,False,False,False,False
ad1d46d342d9e082098d5aae1d5995a0ebc74f9c,v3-snapshot-availability,131026edd2e6577a970aea5bfa8233754c166d88d2fe4de67f5614caf7754a71,2026-10-01T06:24:37.763425+00:00,242898,209,Brennan,Johnson,Johnson,11,Everton,EVE,Midfielder,a,False,5.9,0.1,3.0621,2.7998,2.5104,2.7021,3.1292,1.0,1.0,1.0,1.0,1.0,,66.0,,,,11.683754557511573,1.0,9.0,1.0,0.0,1.0,0.6,47.6,584.0,0.1941780821917808,0.08784246575342462,8.013698630136986,0.0,,,,11.3592,1.9253,high,1.0,1.0,5,0,0,1.8,1.8,2.3,5-GW avg pts 1.80; mins 48; xGI 0.25; current GWs 5; fixture Elo diff +18,False,False,False,False,False,False,False,False,False,False,False,False,False,False,False,False,False,False,False,False,False,False,False,False,False,False,False,False,False,False,False,False
ad1d46d342d9e082098d5aae1d5995a0ebc74f9c,v3-snapshot-availability,131026edd2e6577a970aea5bfa8233754c166d88d2fe4de67f5614caf7754a71,2026-10-01T06:24:37.763425+00:00,544877,358,Milos,Kerkez,Kerkez,14,Liverpool,LIV,Defender,a,False,5.3,2.2,2.8585,2.721,3.2,2.4851,2.8853,1.0,1.0,1.0,1.0,1.0,,90.0,,,,10.72542122417824,1.0,12.0,1.0,0.0,1.0,0.8,77.0,606.0,0.01485148514851485,0.017821782178217765,5.792079207920792,0.0,,,,11.3381,2.1393,high,1.0,1.0,5,0,0,2.6,2.6,4.0,5-GW avg pts 2.60; mins 77; xGI 0.03; current GWs 5; fixture Elo diff +7,False,False,False,False,False,False,False,False,False,False,False,False,False,False,False,False,False,False,False,False,False,False,False,False,False,False,False,False,False,False,False,False
ad1d46d342d9e082098d5aae1d5995a0ebc74f9c,v3-snapshot-availability,131026edd2e6577a970aea5bfa8233754c166d88d2fe4de67f5614caf7754a71,2026-10-01T06:24:37.763425+00:00,207189,265,Sander,Berge,Berge,54,Fulham,FUL,Midfielder,a,False,4.9,0.3,2.8813,3.133,2.8887,2.4262,2.6947,1.0,1.0,1.0,1.0,1.0,,77.0,,,,10.621254557511573,1.0,7.0,1.0,0.0,1.0,0.8,69.8,574.0,0.04703832752613238,0.08466898954703828,5.644599303135888,0.0,,,,11.3271,2.3116,high,1.0,1.0,5,0,0,2.2,2.2,2.3,5-GW avg pts 2.20; mins 70; xGI 0.09; current GWs 5; fixture Elo diff +95,False,False,False,False,False,False,False,False,False,False,False,False,False,False,False,False,False,False,False,False,False,False,False,False,False,False,False,False,False,False,False,False
ad1d46d342d9e082098d5aae1d5995a0ebc74f9c,v3-snapshot-availability,131026edd2e6577a970aea5bfa8233754c166d88d2fe4de67f5614caf7754a71,2026-10-01T06:24:37.763425+00:00,465351,389,Matheus,Nunes,Matheus N.,43,Man City,MCI,Defender,a,False,5.9,1.0,2.6652,2.8988,2.7038,2.9455,2.9693,1.0,1.0,1.0,1.0,1.0,,90.0,,0.0,,10.72542122417824,1.0,5.0,2.0,1.0,0.6,0.4,71.0,540.0,0.0,0.028333333333333287,7.0,0.0,4.0,,,11.2806,1.912,high,1.0,1.0,5,0,0,2.2,2.2,3.3,5-GW avg pts 2.20; mins 43; xGI 0.01; current GWs 5; fixture Elo diff +144,False,False,False,False,False,False,False,False,False,False,False,False,False,False,False,False,False,False,False,False,False,False,False,False,False,False,False,False,False,False,False,False
ad1d46d342d9e082098d5aae1d5995a0ebc74f9c,v3-snapshot-availability,131026edd2e6577a970aea5bfa8233754c166d88d2fe4de67f5614caf7754a71,2026-10-01T06:24:37.763425+00:00,498016,529,Robin,Roefs,Roefs,56,Sunderland,SUN,Goalkeeper,a,False,4.9,2.4,2.6142,2.5307,2.8661,3.4014,2.7857,1.0,1.0,1.0,1.0,1.0,,90.0,,,,10.72542122417824,1.0,6.0,1.0,0.0,1.0,1.0,90.0,900.0,0.0,0.001,0.0,2.0,,,,11.2372,2.2933,high,1.0,1.0,5,0,0,2.2,2.2,1.3,5-GW avg pts 2.20; mins 90; xGI 0.00; current GWs 5; fixture Elo diff -65,False,False,False,False,False,False,False,False,False,False,False,False,False,False,False,False,False,False,False,False,False,False,False,False,False,False,False,False,False,False,False,False
ad1d46d342d9e082098d5aae1d5995a0ebc74f9c,v3-snapshot-availability,131026edd2e6577a970aea5bfa8233754c166d88d2fe4de67f5614caf7754a71,2026-10-01T06:24:37.763425+00:00,247412,222,Jørgen,Strand Larsen,Strand Larsen,31,Crystal Palace,CRY,Forward,a,False,6.0,0.7,2.8772,2.6995,2.7939,2.8765,2.6838,1.0,1.0,1.0,1.0,1.0,,156.0,,74.0,,10.72542122417824,2.0,8.0,2.0,1.0,1.0,0.6,59.6,612.0,0.2058823529411764,0.08823529411764704,3.5294117647058822,0.0,,,,11.1656,1.8609,high,1.0,1.0,5,0,0,2.8,2.8,3.7,5-GW avg pts 2.80; mins 60; xGI 0.13; current GWs 5; fixture Elo diff -34,False,False,False,False,False,False,False,False,False,False,False,False,False,False,False,False,False,False,False,False,False,False,False,False,False,False,False,False,False,False,False,False
ad1d46d342d9e082098d5aae1d5995a0ebc74f9c,v3-snapshot-availability,131026edd2e6577a970aea5bfa8233754c166d88d2fe4de67f5614caf7754a71,2026-10-01T06:24:37.763425+00:00,651426,203,Jaydee,Canvot,Canvot,31,Crystal Palace,CRY,Defender,a,False,4.8,0.2,2.9005,2.7015,2.8153,2.8379,2.5878,1.0,1.0,1.0,1.0,1.0,,106.0,,16.0,,10.72542122417824,2.0,8.0,2.0,1.0,0.8,0.8,90.0,810.0,0.04,0.01888888888888889,8.88888888888889,0.0,,,,11.1234,2.3174,high,1.0,1.0,5,0,0,2.0,2.0,3.0,5-GW avg pts 2.00; mins 72; xGI 0.04; current GWs 5; fixture Elo diff -34,False,False,False,False,False,False,False,False,False,False,False,False,False,False,False,False,False,False,False,False,False,False,False,False,False,False,False,False,False,False,False,False
ad1d46d342d9e082098d5aae1d5995a0ebc74f9c,v3-snapshot-availability,131026edd2e6577a970aea5bfa8233754c166d88d2fe4de67f5614caf7754a71,2026-10-01T06:24:37.763425+00:00,472739,110,Carl,Rushworth,Rushworth,9,Coventry City,COV,Goalkeeper,a,False,4.5,0.8,2.6511,2.6908,2.7237,3.1367,2.7226,1.0,1.0,1.0,1.0,1.0,,90.0,,,,11.579587890844907,1.0,6.0,1.0,0.0,1.0,1.0,90.0,450.0,0.0,0.004,0.0,1.8,,,,11.081,2.4624,high,1.0,1.0,5,0,0,3.2,3.2,4.3,5-GW avg pts 3.20; mins 90; xGI 0.00; current GWs 5; fixture Elo diff -132,False,False,False,False,False,False,False,False,False,False,False,False,False,False,False,False,False,False,False,False,False,False,False,False,False,False,False,False,False,False,False,False
ad1d46d342d9e082098d5aae1d5995a0ebc74f9c,v3-snapshot-availability,131026edd2e6577a970aea5bfa8233754c166d88d2fe4de67f5614caf7754a71,2026-10-01T06:24:37.763425+00:00,488024,211,Yéremy,Pino Santos,Yeremy,31,Crystal Palace,CRY,Midfielder,a,False,5.5,0.3,2.8073,2.6889,2.7695,2.7573,2.7263,1.0,1.0,1.0,1.0,1.0,,172.0,,90.0,,10.72542122417824,2.0,7.0,2.0,1.0,1.0,0.6,61.4,532.0,0.1590225563909774,0.1996240601503759,6.7669172932330826,0.0,,1.0,1.0,11.0089,2.0016,high,1.0,1.0,5,0,0,2.8,2.8,2.7,5-GW avg pts 2.80; mins 61; xGI 0.21; current GWs 5; fixture Elo diff -34,False,False,False,False,False,False,False,False,False,False,False,False,False,False,False,False,False,False,False,False,False,False,False,False,False,False,False,False,False,False,False,False
ad1d46d342d9e082098d5aae1d5995a0ebc74f9c,v3-snapshot-availability,131026edd2e6577a970aea5bfa8233754c166d88d2fe4de67f5614caf7754a71,2026-10-01T06:24:37.763425+00:00,456512,483,Dan,Ndoye,Ndoye,17,Nott'm Forest,NFO,Midfielder,a,False,5.5,0.7,2.6516,2.6333,3.122,2.6855,2.6791,1.0,1.0,1.0,1.0,1.0,,59.0,,,,11.579587890844907,1.0,7.0,1.0,0.0,1.0,0.6,63.2,316.0,0.3560126582278481,0.264873417721519,5.69620253164557,0.0,,,,11.0064,2.0012,high,1.0,1.0,5,0,0,3.0,3.0,1.0,5-GW avg pts 3.00; mins 63; xGI 0.44; current GWs 5; fixture Elo diff -41,False,False,False,False,False,False,False,False,False,False,False,False,False,False,False,False,False,False,False,False,False,False,False,False,False,False,False,False,False,False,False,False
ad1d46d342d9e082098d5aae1d5995a0ebc74f9c,v3-snapshot-availability,131026edd2e6577a970aea5bfa8233754c166d88d2fe4de67f5614caf7754a71,2026-10-01T06:24:37.763425+00:00,106760,423,Luke,Shaw,Shaw,1,Man Utd,MUN,Defender,a,False,4.3,7.7,2.9525,2.6802,2.788,2.4801,2.7732,1.0,1.0,1.0,1.0,1.0,,84.0,,,,10.621254557511573,1.0,10.0,1.0,0.0,0.8,0.8,83.75,758.0,0.024934036939313946,0.11992084432717673,7.242744063324539,0.0,,3.0,,10.995,2.557,high,1.0,1.0,5,0,0,1.8,1.8,2.0,5-GW avg pts 1.80; mins 67; xGI 0.12; current GWs 5; fixture Elo diff +76,False,False,False,False,False,False,False,False,False,False,False,False,False,False,False,False,False,False,False,False,False,False,False,False,False,False,False,False,False,False,False,False
ad1d46d342d9e082098d5aae1d5995a0ebc74f9c,v3-snapshot-availability,131026edd2e6577a970aea5bfa8233754c166d88d2fe4de67f5614caf7754a71,2026-10-01T06:24:37.763425+00:00,149484,33,Tyrone,Mings,Mings,7,Aston Villa,AVL,Defender,a,False,4.5,0.4,2.8327,2.6974,2.5467,3.032,2.6012,1.0,1.0,1.0,1.0,1.0,,90.0,,,,11.78792122417824,1.0,7.0,1.0,0.0,0.8,0.6,65.25,531.0,0.07118644067796609,0.008474576271186423,7.627118644067797,0.0,,,,10.9808,2.4402,high,1.0,1.0,5,0,0,2.0,2.0,3.0,5-GW avg pts 2.00; mins 52; xGI 0.04; current GWs 5; fixture Elo diff +46,False,False,False,False,False,False,False,False,False,False,False,False,False,False,False,False,False,False,False,False,False,False,False,False,False,False,False,False,False,False,False,False
ad1d46d342d9e082098d5aae1d5995a0ebc74f9c,v3-snapshot-availability,131026edd2e6577a970aea5bfa8233754c166d88d2fe4de67f5614caf7754a71,2026-10-01T06:24:37.763425+00:00,122806,45,John,McGinn,McGinn,7,Aston Villa,AVL,Midfielder,a,False,5.4,2.2,2.7445,2.7139,2.6021,3.0039,2.6682,1.0,1.0,1.0,1.0,1.0,,84.0,,,,11.78792122417824,1.0,9.0,1.0,0.0,1.0,1.0,86.8,684.0,0.1381578947368421,0.13157894736842105,5.657894736842105,0.0,,1.0,,10.9723,2.0319,high,1.0,1.0,5,0,0,3.4,3.4,5.0,5-GW avg pts 3.40; mins 87; xGI 0.20; current GWs 5; fixture Elo diff +46,False,False,False,False,False,False,False,False,False,False,False,False,False,False,False,False,False,False,False,False,False,False,False,False,False,False,False,False,False,False,False,False
ad1d46d342d9e082098d5aae1d5995a0ebc74f9c,v3-snapshot-availability,131026edd2e6577a970aea5bfa8233754c166d88d2fe4de67f5614caf7754a71,2026-10-01T06:24:37.763425+00:00,444463,145,Wesley,Fofana,Fofana,8,Chelsea,CHE,Defender,a,False,5.0,0.2,2.7076,2.7505,2.7908,2.6872,2.766,1.0,1.0,1.0,1.0,1.0,,71.0,,,,12.47542122417824,1.0,8.0,1.0,0.0,0.8,0.8,78.0,543.0,0.0,0.013259668508287295,10.939226519337016,0.0,,,,10.9563,2.1913,high,1.0,1.0,5,0,0,1.6,1.6,2.7,5-GW avg pts 1.60; mins 62; xGI 0.02; current GWs 5; fixture Elo diff +10,False,False,False,False,False,False,False,False,False,False,False,False,False,False,False,False,False,False,False,False,False,False,False,False,False,False,False,False,False,False,False,False
ad1d46d342d9e082098d5aae1d5995a0ebc74f9c,v3-snapshot-availability,131026edd2e6577a970aea5bfa8233754c166d88d2fe4de67f5614caf7754a71,2026-10-01T06:24:37.763425+00:00,226944,47,Boubacar,Kamara,Kamara,7,Aston Villa,AVL,Midfielder,a,False,5.0,0.3,2.7408,2.676,2.587,3.0415,2.6303,1.0,1.0,1.0,1.0,1.0,,84.0,,,,11.78792122417824,1.0,9.0,1.0,0.0,1.0,1.0,88.6,443.0,0.024379232505643337,0.03250564334085776,7.313769751693003,0.0,,,,10.926,2.1852,high,1.0,1.0,5,0,0,3.0,3.0,3.7,5-GW avg pts 3.00; mins 89; xGI 0.06; current GWs 5; fixture Elo diff +46,False,False,False,False,False,False,False,False,False,False,False,False,False,False,False,False,False,False,False,False,False,False,False,False,False,False,False,False,False,False,False,False
ad1d46d342d9e082098d5aae1d5995a0ebc74f9c,v3-snapshot-availability,131026edd2e6577a970aea5bfa8233754c166d88d2fe4de67f5614caf7754a71,2026-10-01T06:24:37.763425+00:00,244851,154,Cole,Palmer,Palmer,8,Chelsea,CHE,Midfielder,d,False,9.7,25.7,2.8928,2.598,2.7893,2.6194,2.6601,0.75,0.75,0.75,0.75,0.75,,90.0,,,,12.47542122417824,1.0,9.0,1.0,0.0,1.0,1.0,88.4,800.0,0.298125,0.12825,5.0625,0.0,1.0,,2.0,10.8921,1.1229,high,1.0,1.0,5,0,0,4.2,4.2,1.5,5-GW avg pts 5.60; mins 88; xGI 0.42; current GWs 5; fixture Elo diff +10,False,False,False,False,False,False,False,False,False,False,False,False,False,False,False,False,False,False,False,False,False,False,False,False,False,False,False,False,False,False,False,False
ad1d46d342d9e082098d5aae1d5995a0ebc74f9c,v3-snapshot-availability,131026edd2e6577a970aea5bfa8233754c166d88d2fe4de67f5614caf7754a71,2026-10-01T06:24:37.763425+00:00,243526,331,Gabriel,Gudmundsson,Gudmundsson,2,Leeds,LEE,Defender,a,False,4.5,0.1,2.3193,2.7596,2.8258,2.7049,3.0759,1.0,1.0,1.0,1.0,1.0,,89.0,,,,10.72542122417824,1.0,5.0,1.0,0.0,0.6,0.6,84.0,252.0,0.0,0.075,5.0,0.0,,,,10.8026,2.4006,high,1.0,1.0,5,0,0,2.8,2.8,4.7,5-GW avg pts 2.80; mins 50; xGI 0.04; current GWs 5; fixture Elo diff -76,False,False,False,False,False,False,False,False,False,False,False,False,False,False,False,False,False,False,False,False,False,False,False,False,False,False,False,False,False,False,False,False
ad1d46d342d9e082098d5aae1d5995a0ebc74f9c,v3-snapshot-availability,131026edd2e6577a970aea5bfa8233754c166d88d2fe4de67f5614caf7754a71,2026-10-01T06:24:37.763425+00:00,460028,149,Levi,Samuels Colwill,Colwill,8,Chelsea,CHE,Defender,a,False,4.8,0.9,2.6531,2.6852,2.7898,2.5646,2.8369,1.0,1.0,1.0,1.0,1.0,,90.0,,,,12.47542122417824,1.0,6.0,1.0,0.0,0.8,0.8,85.25,566.0,0.0015901060070671379,0.027031802120141328,8.109540636042404,0.0,,,,10.799,2.2498,high,1.0,1.0,5,0,0,0.6,0.6,0.7,5-GW avg pts 0.60; mins 68; xGI 0.01; current GWs 5; fixture Elo diff +10,False,False,False,False,False,False,False,False,False,False,False,False,False,False,False,False,False,False,False,False,False,False,False,False,False,False,False,False,False,False,False,False
ad1d46d342d9e082098d5aae1d5995a0ebc74f9c,v3-snapshot-availability,131026edd2e6577a970aea5bfa8233754c166d88d2fe4de67f5614caf7754a71,2026-10-01T06:24:37.763425+00:00,243413,290,Regan,Slater,Slater,88,Hull City,HUL,Midfielder,a,False,4.5,5.2,2.6391,2.6521,2.5893,3.3383,2.1673,1.0,1.0,1.0,1.0,1.0,,78.0,,,,11.683754557511573,1.0,9.0,1.0,0.0,1.0,1.0,87.4,437.0,0.04324942791762014,0.1215102974828375,6.796338672768878,0.0,,1.0,,10.7347,2.3855,high,1.0,1.0,5,0,0,3.0,3.0,2.3,5-GW avg pts 3.00; mins 87; xGI 0.16; current GWs 5; fixture Elo diff -299,False,False,False,False,False,False,False,False,False,False,False,False,False,False,False,False,False,False,False,False,False,False,False,False,False,False,False,False,False,False,False,False
ad1d46d342d9e082098d5aae1d5995a0ebc74f9c,v3-snapshot-availability,131026edd2e6577a970aea5bfa8233754c166d88d2fe4de67f5614caf7754a71,2026-10-01T06:24:37.763425+00:00,231416,113,Ferdi,Kadıoğlu,F.Kadıoğlu,36,Brighton,BHA,Defender,a,False,4.4,1.6,2.8144,2.8094,2.5415,2.2929,2.7403,1.0,1.0,1.0,1.0,1.0,,76.0,,,,11.683754557511573,1.0,7.0,1.0,0.0,0.8,0.8,83.0,692.0,0.02341040462427743,0.11835260115606937,2.601156069364162,0.0,,3.0,,10.6253,2.4148,high,1.0,1.0,5,0,0,2.6,2.6,4.3,5-GW avg pts 2.60; mins 66; xGI 0.05; current GWs 5; fixture Elo diff -10,False,False,False,False,False,False,False,False,False,False,False,False,False,False,False,False,False,False,False,False,False,False,False,False,False,False,False,False,False,False,False,False
ad1d46d342d9e082098d5aae1d5995a0ebc74f9c,v3-snapshot-availability,131026edd2e6577a970aea5bfa8233754c166d88d2fe4de67f5614caf7754a71,2026-10-01T06:24:37.763425+00:00,230730,194,Brandon,Thomas-Asante,Thomas-Asante,9,Coventry City,COV,Forward,a,False,5.0,0.8,2.6817,2.6018,2.6658,2.6961,2.6063,1.0,1.0,1.0,1.0,1.0,,90.0,,,,11.579587890844907,1.0,7.0,1.0,0.0,1.0,0.4,45.4,227.0,0.13480176211453743,0.02378854625550657,10.704845814977974,0.0,4.0,,,10.6071,2.1214,high,1.0,1.0,5,0,0,1.8,1.8,2.0,5-GW avg pts 1.80; mins 45; xGI 0.08; current GWs 5; fixture Elo diff -132,False,False,False,False,False,False,False,False,False,False,False,False,False,False,False,False,False,False,False,False,False,False,False,False,False,False,False,False,False,False,False,False
ad1d46d342d9e082098d5aae1d5995a0ebc74f9c,v3-snapshot-availability,131026edd2e6577a970aea5bfa8233754c166d88d2fe4de67f5614caf7754a71,2026-10-01T06:24:37.763425+00:00,577669,545,Noah,Sadiki,Sadiki,56,Sunderland,SUN,Midfielder,a,False,4.9,0.2,2.6078,2.456,2.743,2.7763,2.6405,1.0,1.0,1.0,1.0,1.0,,68.0,,,,10.72542122417824,1.0,6.0,1.0,0.0,1.0,1.0,82.0,827.0,0.10882708585247879,0.06638452237001206,6.638452237001209,0.0,,,,10.5403,2.1511,high,1.0,1.0,5,0,0,2.0,2.0,1.7,5-GW avg pts 2.00; mins 82; xGI 0.14; current GWs 5; fixture Elo diff -65,False,False,False,False,False,False,False,False,False,False,False,False,False,False,False,False,False,False,False,False,False,False,False,False,False,False,False,False,False,False,False,False
ad1d46d342d9e082098d5aae1d5995a0ebc74f9c,v3-snapshot-availability,131026edd2e6577a970aea5bfa8233754c166d88d2fe4de67f5614caf7754a71,2026-10-01T06:24:37.763425+00:00,114243,457,Jacob,Murphy,J.Murphy,4,Newcastle,NEW,Midfielder,a,False,5.9,0.1,2.7433,2.5133,2.5777,2.6137,2.6256,1.0,1.0,1.0,1.0,1.0,,90.0,,,,11.683754557511573,1.0,12.0,1.0,0.0,1.0,0.2,36.2,433.0,0.010392609699769058,0.1351039260969977,7.274826789838337,0.0,,4.0,,10.4723,1.775,high,1.0,1.0,5,0,0,0.6,0.6,0.7,5-GW avg pts 0.60; mins 36; xGI 0.09; current GWs 5; fixture Elo diff +37,False,False,False,False,False,False,False,False,False,False,False,False,False,False,False,False,False,False,False,False,False,False,False,False,False,False,False,False,False,False,False,False
ad1d46d342d9e082098d5aae1d5995a0ebc74f9c,v3-snapshot-availability,131026edd2e6577a970aea5bfa8233754c166d88d2fe4de67f5614caf7754a71,2026-10-01T06:24:37.763425+00:00,428580,104,Frank,Onyeka,Onyeka,9,Coventry City,COV,Midfielder,a,False,4.9,0.1,2.5684,2.5689,2.6118,2.8216,2.5392,1.0,1.0,1.0,1.0,1.0,,90.0,,,,11.579587890844907,1.0,6.0,1.0,0.0,0.8,0.8,78.5,314.0,0.008598726114649681,0.0057324840764331215,8.02547770700637,0.0,,,,10.4685,2.1364,high,1.0,1.0,5,0,0,1.8,1.8,2.3,5-GW avg pts 1.80; mins 63; xGI 0.01; current GWs 5; fixture Elo diff -132,False,False,False,False,False,False,False,False,False,False,False,False,False,False,False,False,False,False,False,False,False,False,False,False,False,False,False,False,False,False,False,False
ad1d46d342d9e082098d5aae1d5995a0ebc74f9c,v3-snapshot-availability,131026edd2e6577a970aea5bfa8233754c166d88d2fe4de67f5614caf7754a71,2026-10-01T06:24:37.763425+00:00,435997,336,Noah,Okafor,Okafor,2,Leeds,LEE,Midfielder,a,False,5.8,0.4,2.3477,2.7322,2.632,2.5891,2.7761,1.0,1.0,1.0,1.0,1.0,,76.0,,,,10.72542122417824,1.0,9.0,1.0,0.0,1.0,0.8,59.8,363.0,0.1239669421487603,0.09917355371900827,5.950413223140496,0.0,,,,10.3902,1.7914,high,1.0,1.0,5,0,0,3.6,3.6,5.0,5-GW avg pts 3.60; mins 60; xGI 0.09; current GWs 5; fixture Elo diff -76,False,False,False,False,False,False,False,False,False,False,False,False,False,False,False,False,False,False,False,False,False,False,False,False,False,False,False,False,False,False,False,False
ad1d46d342d9e082098d5aae1d5995a0ebc74f9c,v3-snapshot-availability,131026edd2e6577a970aea5bfa8233754c166d88d2fe4de67f5614caf7754a71,2026-10-01T06:24:37.763425+00:00,513545,565,Mamadou,Sangaré,M.Sangaré,94,Brentford,BRE,Midfielder,a,False,5.6,9.9,2.5062,2.5857,2.6305,2.7014,2.5146,1.0,1.0,1.0,1.0,1.0,,21.0,,,,12.47542122417824,1.0,8.0,1.0,0.0,1.0,0.6,64.2,321.0,0.11495327102803736,0.18224299065420557,13.457943925233645,0.0,,,,10.3375,1.846,high,1.0,1.0,5,0,0,4.4,4.4,1.3,5-GW avg pts 4.40; mins 64; xGI 0.21; current GWs 5; fixture Elo diff +31,False,False,False,False,False,False,False,False,False,False,False,False,False,False,False,False,False,False,False,False,False,False,False,False,False,False,False,False,False,False,False,False
ad1d46d342d9e082098d5aae1d5995a0ebc74f9c,v3-snapshot-availability,131026edd2e6577a970aea5bfa8233754c166d88d2fe4de67f5614caf7754a71,2026-10-01T06:24:37.763425+00:00,661888,575,Caleb,Yirenkyi,Yirenkyi,9,Coventry City,COV,Midfielder,a,False,4.8,0.1,2.5473,2.4396,2.5736,2.8098,2.4338,1.0,1.0,1.0,1.0,1.0,,89.0,,,,11.579587890844907,1.0,7.0,1.0,0.0,1.0,0.6,53.0,265.0,0.010188679245283019,0.05094339622641507,7.132075471698113,0.0,,,,10.2289,2.131,high,1.0,1.0,5,0,0,1.8,1.8,1.7,5-GW avg pts 1.80; mins 53; xGI 0.04; current GWs 5; fixture Elo diff -132,False,False,False,False,False,False,False,False,False,False,False,False,False,False,False,False,False,False,False,False,False,False,False,False,False,False,False,False,False,False,False,False
ad1d46d342d9e082098d5aae1d5995a0ebc74f9c,v3-snapshot-availability,131026edd2e6577a970aea5bfa8233754c166d88d2fe4de67f5614caf7754a71,2026-10-01T06:24:37.763425+00:00,204480,13,Declan,Rice,Rice,3,Arsenal,ARS,Midfielder,d,False,7.4,11.6,2.554,2.2991,2.554,2.0766,3.5125,0.75,0.75,0.75,0.75,0.75,,90.0,,,,11.683754557511573,1.0,7.0,1.0,0.0,1.0,1.0,82.2,744.0,0.014516129032258053,0.14274193548387096,10.040322580645162,0.0,,1.0,1.0,10.2275,1.3821,high,1.0,1.0,5,0,0,3.0,3.0,2.25,5-GW avg pts 4.00; mins 82; xGI 0.16; current GWs 5; fixture Elo diff +291,False,False,False,False,False,False,False,False,False,False,False,False,False,False,False,False,False,False,False,False,False,False,False,False,False,False,False,False,False,False,False,False
ad1d46d342d9e082098d5aae1d5995a0ebc74f9c,v3-snapshot-availability,131026edd2e6577a970aea5bfa8233754c166d88d2fe4de67f5614caf7754a71,2026-10-01T06:24:37.763425+00:00,93605,541,Thomas,Meunier,Meunier,56,Sunderland,SUN,Defender,a,False,4.5,0.3,2.4984,2.3927,2.6109,2.7771,2.5399,1.0,1.0,1.0,1.0,1.0,,79.0,,,,10.72542122417824,1.0,7.0,1.0,0.0,1.0,1.0,79.2,396.0,0.07727272727272724,0.13181818181818178,4.545454545454546,0.0,,,,10.2085,2.2686,high,1.0,1.0,5,0,0,2.8,2.8,2.3,5-GW avg pts 2.80; mins 79; xGI 0.18; current GWs 5; fixture Elo diff -65,False,False,False,False,False,False,False,False,False,False,False,False,False,False,False,False,False,False,False,False,False,False,False,False,False,False,False,False,False,False,False,False
ad1d46d342d9e082098d5aae1d5995a0ebc74f9c,v3-snapshot-availability,131026edd2e6577a970aea5bfa8233754c166d88d2fe4de67f5614caf7754a71,2026-10-01T06:24:37.763425+00:00,482973,491,Igor Jesus,Maciel da Cruz,Igor Jesus,17,Nott'm Forest,NFO,Forward,a,False,5.8,2.6,2.5661,2.4401,2.6065,2.5722,2.5107,1.0,1.0,1.0,1.0,1.0,,31.0,,,,11.579587890844907,1.0,7.0,1.0,0.0,1.0,0.4,51.4,623.0,0.39149277688603545,0.02600321027287316,5.922953451043338,0.0,4.0,,,10.1544,1.7508,high,1.0,1.0,5,0,0,2.4,2.4,3.0,5-GW avg pts 2.40; mins 51; xGI 0.27; current GWs 5; fixture Elo diff -41,False,False,False,False,False,False,False,False,False,False,False,False,False,False,False,False,False,False,False,False,False,False,False,False,False,False,False,False,False,False,False,False
ad1d46d342d9e082098d5aae1d5995a0ebc74f9c,v3-snapshot-availability,131026edd2e6577a970aea5bfa8233754c166d88d2fe4de67f5614caf7754a71,2026-10-01T06:24:37.763425+00:00,498444,583,Pep,Chavarría,Chavarria,8,Chelsea,CHE,Defender,a,False,4.9,0.1,2.5303,2.5138,2.5525,2.4806,2.5297,1.0,1.0,1.0,1.0,1.0,,90.0,,,,12.47542122417824,1.0,8.0,1.0,0.0,1.0,0.2,41.6,208.0,0.01730769230769231,0.030288461538461493,6.923076923076923,0.0,,,,10.0891,2.059,high,1.0,1.0,5,0,0,1.0,1.0,1.0,5-GW avg pts 1.00; mins 42; xGI 0.02; current GWs 5; fixture Elo diff +10,False,False,False,False,False,False,False,False,False,False,False,False,False,False,False,False,False,False,False,False,False,False,False,False,False,False,False,False,False,False,False,False
ad1d46d342d9e082098d5aae1d5995a0ebc74f9c,v3-snapshot-availability,131026edd2e6577a970aea5bfa8233754c166d88d2fe4de67f5614caf7754a71,2026-10-01T06:24:37.763425+00:00,54469,64,Adam,Smith,Smith,91,Bournemouth,BOU,Defender,a,False,4.5,0.1,2.3335,2.7274,2.3229,2.4486,2.8708,1.0,1.0,1.0,1.0,1.0,,138.0,,63.0,,10.72542122417824,2.0,7.0,2.0,1.0,1.0,1.0,86.8,702.0,0.001282051282051282,0.015384615384615346,4.871794871794871,0.0,,,,10.0829,2.2406,high,1.0,1.0,5,0,0,0.8,0.8,0.7,5-GW avg pts 0.80; mins 87; xGI 0.02; current GWs 5; fixture Elo diff +88,False,False,False,False,False,False,False,False,False,False,False,False,False,False,False,False,False,False,False,False,False,False,False,False,False,False,False,False,False,False,False,False
ad1d46d342d9e082098d5aae1d5995a0ebc74f9c,v3-snapshot-availability,131026edd2e6577a970aea5bfa8233754c166d88d2fe4de67f5614caf7754a71,2026-10-01T06:24:37.763425+00:00,607464,88,Michael,Kayode,Kayode,94,Brentford,BRE,Defender,a,False,4.6,7.6,2.3625,2.5789,2.6459,2.6303,2.3797,1.0,1.0,1.0,1.0,1.0,,69.0,,,,12.47542122417824,1.0,8.0,1.0,0.0,1.0,0.6,58.8,744.0,0.1342741935483871,0.07137096774193549,4.354838709677419,0.0,,,,10.0693,2.189,high,1.0,1.0,5,0,0,4.6,4.6,2.7,5-GW avg pts 4.60; mins 59; xGI 0.20; current GWs 5; fixture Elo diff +31,False,False,False,False,False,False,False,False,False,False,False,False,False,False,False,False,False,False,False,False,False,False,False,False,False,False,False,False,False,False,False,False
ad1d46d342d9e082098d5aae1d5995a0ebc74f9c,v3-snapshot-availability,131026edd2e6577a970aea5bfa8233754c166d88d2fe4de67f5614caf7754a71,2026-10-01T06:24:37.763425+00:00,614071,53,Johan,Manzambi,Manzambi,7,Aston Villa,AVL,Midfielder,a,False,5.9,0.4,2.5354,2.4422,2.48,2.6811,2.4396,1.0,1.0,1.0,1.0,1.0,,72.0,,,,11.78792122417824,1.0,3.0,1.0,0.0,0.4,0.2,49.0,98.0,,,,,,,,10.0579,1.7047,high,1.0,1.0,5,0,0,2.8,2.8,4.7,5-GW avg pts 2.80; mins 20; xGI 0.14; current GWs 5; fixture Elo diff +46,False,False,False,False,False,False,False,False,False,False,False,False,False,False,False,False,False,False,False,False,False,False,False,False,False,False,False,False,False,False,False,False
ad1d46d342d9e082098d5aae1d5995a0ebc74f9c,v3-snapshot-availability,131026edd2e6577a970aea5bfa8233754c166d88d2fe4de67f5614caf7754a71,2026-10-01T06:24:37.763425+00:00,536661,551,Nilson,Angulo,N.Angulo,56,Sunderland,SUN,Midfielder,a,False,5.0,0.1,2.5179,2.4197,2.5423,2.5698,2.5432,1.0,1.0,1.0,1.0,1.0,,60.0,,,,10.72542122417824,1.0,6.0,1.0,0.0,1.0,0.6,62.6,460.0,0.17217391304347823,0.03326086956521734,7.043478260869565,0.0,,,1.0,10.0542,2.0108,high,1.0,1.0,5,0,0,3.2,3.2,2.7,5-GW avg pts 3.20; mins 63; xGI 0.15; current GWs 5; fixture Elo diff -65,False,False,False,False,False,False,False,False,False,False,False,False,False,False,False,False,False,False,False,False,False,False,False,False,False,False,False,False,False,False,False,False
ad1d46d342d9e082098d5aae1d5995a0ebc74f9c,v3-snapshot-availability,131026edd2e6577a970aea5bfa8233754c166d88d2fe4de67f5614caf7754a71,2026-10-01T06:24:37.763425+00:00,248056,345,Tanaka,Ao,Tanaka,2,Leeds,LEE,Midfielder,a,False,4.9,0.3,2.2403,2.6311,2.5006,2.4503,2.7099,1.0,1.0,1.0,1.0,1.0,,68.0,,,,10.72542122417824,1.0,9.0,1.0,0.0,0.8,0.6,63.75,552.0,0.14184782608695645,0.022826086956521708,11.08695652173913,0.0,,4.0,,9.9499,2.0306,high,1.0,1.0,5,0,0,2.8,2.8,4.3,5-GW avg pts 2.80; mins 51; xGI 0.16; current GWs 5; fixture Elo diff -76,False,False,False,False,False,False,False,False,False,False,False,False,False,False,False,False,False,False,False,False,False,False,False,False,False,False,False,False,False,False,False,False
ad1d46d342d9e082098d5aae1d5995a0ebc74f9c,v3-snapshot-availability,131026edd2e6577a970aea5bfa8233754c166d88d2fe4de67f5614caf7754a71,2026-10-01T06:24:37.763425+00:00,482616,627,Bradley,Barcola,Barcola,14,Liverpool,LIV,Midfielder,a,False,8.0,1.9,2.4967,2.4156,2.6001,2.3898,2.5072,1.0,1.0,1.0,1.0,1.0,,72.0,,,,10.72542122417824,1.0,5.0,1.0,0.0,1.0,0.6666666666666666,56.0,168.0,,,,,,,,9.928,1.241,medium,0.6,0.6,3,0,0,2.3333,2.3333,2.3,5-GW avg pts 2.33; mins 56; xGI 0.13; current GWs 3; fixture Elo diff +7,False,False,False,False,False,False,False,False,False,False,False,False,False,False,False,False,False,False,False,False,False,False,False,False,False,False,False,False,False,False,False,False
ad1d46d342d9e082098d5aae1d5995a0ebc74f9c,v3-snapshot-availability,131026edd2e6577a970aea5bfa8233754c166d88d2fe4de67f5614caf7754a71,2026-10-01T06:24:37.763425+00:00,448089,54,Joao,Gomes,Gomes,7,Aston Villa,AVL,Midfielder,a,False,5.5,0.0,2.4951,2.376,2.4011,2.6358,2.3237,1.0,1.0,1.0,1.0,1.0,,90.0,,,,11.78792122417824,1.0,6.0,1.0,0.0,0.4,0.2,64.5,487.0,0.018480492813141684,0.042505133470225845,12.751540041067761,0.0,,,,9.7936,1.7807,high,1.0,1.0,5,0,0,0.4,0.4,1.3,5-GW avg pts 0.40; mins 26; xGI 0.01; current GWs 5; fixture Elo diff +46,False,False,False,False,False,False,False,False,False,False,False,False,False,False,False,False,False,False,False,False,False,False,False,False,False,False,False,False,False,False,False,False
ad1d46d342d9e082098d5aae1d5995a0ebc74f9c,v3-snapshot-availability,131026edd2e6577a970aea5bfa8233754c166d88d2fe4de67f5614caf7754a71,2026-10-01T06:24:37.763425+00:00,218543,619,Exequiel,Palacios,Palacios,40,Ipswich Town,IPS,Midfielder,a,False,5.0,0.1,2.4385,2.2218,2.4385,2.7966,2.3819,1.0,1.0,1.0,1.0,1.0,,81.0,,,,11.683754557511573,1.0,4.0,1.0,0.0,1.0,0.75,68.75,275.0,0.0,0.02945454545454539,14.4,0.0,,,,9.7756,1.9551,high,0.8,0.8,4,0,0,2.75,2.75,3.3,5-GW avg pts 2.75; mins 69; xGI 0.02; current GWs 4; fixture Elo diff -162,False,False,False,False,False,False,False,False,False,False,False,False,False,False,False,False,False,False,False,False,False,False,False,False,False,False,False,False,False,False,False,False
ad1d46d342d9e082098d5aae1d5995a0ebc74f9c,v3-snapshot-availability,131026edd2e6577a970aea5bfa8233754c166d88d2fe4de67f5614caf7754a71,2026-10-01T06:24:37.763425+00:00,121709,199,Walter,Benítez,Benitez,31,Crystal Palace,CRY,Goalkeeper,a,False,4.5,0.1,2.5467,2.3584,2.4905,2.4184,2.3614,1.0,1.0,1.0,1.0,1.0,,180.0,,90.0,,10.72542122417824,2.0,7.0,2.0,1.0,0.4,0.4,90.0,180.0,0.0,0.0,0.0,2.5,,,,9.7714,2.1714,high,1.0,1.0,5,0,0,1.6,1.6,2.7,5-GW avg pts 1.60; mins 36; xGI 0.00; current GWs 5; fixture Elo diff -34,False,False,False,False,False,False,False,False,False,False,False,False,False,False,False,False,False,False,False,False,False,False,False,False,False,False,False,False,False,False,False,False
ad1d46d342d9e082098d5aae1d5995a0ebc74f9c,v3-snapshot-availability,131026edd2e6577a970aea5bfa8233754c166d88d2fe4de67f5614caf7754a71,2026-10-01T06:24:37.763425+00:00,543158,568,Valentín,Barco,Barco,8,Chelsea,CHE,Midfielder,a,False,5.4,0.1,2.448,2.4333,2.4676,2.3792,2.4352,1.0,1.0,1.0,1.0,1.0,,87.0,,,,12.47542122417824,1.0,5.0,1.0,0.0,0.6,0.2,38.333333333333336,115.0,,,,,,,,9.7386,1.8035,high,1.0,1.0,5,0,0,0.6,0.6,0.7,5-GW avg pts 0.60; mins 23; xGI 0.04; current GWs 5; fixture Elo diff +10,False,False,False,False,False,False,False,False,False,False,False,False,False,False,False,False,False,False,False,False,False,False,False,False,False,False,False,False,False,False,False,False
ad1d46d342d9e082098d5aae1d5995a0ebc74f9c,v3-snapshot-availability,131026edd2e6577a970aea5bfa8233754c166d88d2fe4de67f5614caf7754a71,2026-10-01T06:24:37.763425+00:00,114283,238,Jack,Grealish,Grealish,11,Everton,EVE,Midfielder,a,False,6.5,0.5,2.5312,2.3785,2.2694,2.3483,2.5532,1.0,1.0,1.0,1.0,1.0,,79.0,,,,11.683754557511573,1.0,6.0,1.0,0.0,0.8,0.2,33.75,135.0,,,,,,,,9.663,1.4866,high,1.0,1.0,5,0,0,1.2,1.2,1.7,5-GW avg pts 1.20; mins 27; xGI 0.09; current GWs 5; fixture Elo diff +18,False,False,False,False,False,False,False,False,False,False,False,False,False,False,False,False,False,False,False,False,False,False,False,False,False,False,False,False,False,False,False,False
ad1d46d342d9e082098d5aae1d5995a0ebc74f9c,v3-snapshot-availability,131026edd2e6577a970aea5bfa8233754c166d88d2fe4de67f5614caf7754a71,2026-10-01T06:24:37.763425+00:00,442299,650,David,Affengruber,Affengruber,54,Fulham,FUL,Defender,a,False,4.5,0.1,2.4492,2.5786,2.4566,2.1277,2.3818,1.0,1.0,1.0,1.0,1.0,,90.0,,,,10.621254557511573,1.0,2.0,1.0,0.0,0.6666666666666666,0.6666666666666666,90.0,180.0,0.0,0.01,11.5,0.0,,,,9.6537,2.1453,medium,0.6,0.6,3,0,0,4.0,4.0,4.0,5-GW avg pts 4.00; mins 60; xGI 0.01; current GWs 3; fixture Elo diff +95,False,False,False,False,False,False,False,False,False,False,False,False,False,False,False,False,False,False,False,False,False,False,False,False,False,False,False,False,False,False,False,False
ad1d46d342d9e082098d5aae1d5995a0ebc74f9c,v3-snapshot-availability,131026edd2e6577a970aea5bfa8233754c166d88d2fe4de67f5614caf7754a71,2026-10-01T06:24:37.763425+00:00,208706,452,Bruno,Guimarães Rodriguez Moura,Bruno G.,3,Arsenal,ARS,Midfielder,a,False,6.7,1.8,2.416,2.4099,2.4262,2.3902,2.4106,1.0,1.0,1.0,1.0,1.0,,60.0,,,,11.683754557511573,1.0,7.0,1.0,0.0,0.6,0.0,41.0,532.0,0.11672932330827057,0.22161654135338338,9.981203007518797,0.0,4.0,4.0,,9.6455,1.4396,high,1.0,1.0,5,0,0,1.8,1.8,2.7,5-GW avg pts 1.80; mins 25; xGI 0.05; current GWs 5; fixture Elo diff +291,False,False,False,False,False,False,False,False,False,False,False,False,False,False,False,False,False,False,False,False,False,False,False,False,False,False,False,False,False,False,False,False
ad1d46d342d9e082098d5aae1d5995a0ebc74f9c,v3-snapshot-availability,131026edd2e6577a970aea5bfa8233754c166d88d2fe4de67f5614caf7754a71,2026-10-01T06:24:37.763425+00:00,212314,267,Saša,Lukić,Lukić,40,Ipswich Town,IPS,Midfielder,a,False,4.9,0.1,2.39,2.1423,2.39,2.7921,2.3072,1.0,1.0,1.0,1.0,1.0,,73.0,,,,11.683754557511573,1.0,6.0,1.0,0.0,1.0,1.0,80.0,760.0,0.04144736842105263,0.07934210526315787,9.118421052631579,0.0,,1.0,,9.5689,1.9528,high,1.0,1.0,5,0,0,2.2,2.2,1.7,5-GW avg pts 2.20; mins 80; xGI 0.09; current GWs 5; fixture Elo diff -162,False,False,False,False,False,False,False,False,False,False,False,False,False,False,False,False,False,False,False,False,False,False,False,False,False,False,False,False,False,False,False,False
ad1d46d342d9e082098d5aae1d5995a0ebc74f9c,v3-snapshot-availability,131026edd2e6577a970aea5bfa8233754c166d88d2fe4de67f5614caf7754a71,2026-10-01T06:24:37.763425+00:00,575458,474,Jair,Paula da Cunha Filho,Jair Cunha,17,Nott'm Forest,NFO,Defender,a,False,4.5,0.2,2.4213,2.2735,2.5787,2.3512,2.3193,1.0,1.0,1.0,1.0,1.0,,90.0,,,,11.579587890844907,1.0,5.0,1.0,0.0,0.8,0.8,90.0,612.0,0.026470588235294117,0.011764705882352927,8.382352941176471,0.0,,,,9.5678,2.1262,high,1.0,1.0,5,0,0,2.2,2.2,3.0,5-GW avg pts 2.20; mins 72; xGI 0.01; current GWs 5; fixture Elo diff -41,False,False,False,False,False,False,False,False,False,False,False,False,False,False,False,False,False,False,False,False,False,False,False,False,False,False,False,False,False,False,False,False
ad1d46d342d9e082098d5aae1d5995a0ebc74f9c,v3-snapshot-availability,131026edd2e6577a970aea5bfa8233754c166d88d2fe4de67f5614caf7754a71,2026-10-01T06:24:37.763425+00:00,158499,75,Ryan,Christie,Christie,91,Bournemouth,BOU,Midfielder,a,False,5.0,0.0,2.2956,2.5244,2.3002,2.3603,2.5056,1.0,1.0,1.0,1.0,1.0,,102.0,,27.0,,10.72542122417824,2.0,6.0,2.0,1.0,0.8,0.2,25.5,164.0,,,,,,,,9.5632,1.9126,high,1.0,1.0,5,0,0,1.0,1.0,1.3,5-GW avg pts 1.00; mins 20; xGI 0.13; current GWs 5; fixture Elo diff +88,False,False,False,False,False,False,False,False,False,False,False,False,False,False,False,False,False,False,False,False,False,False,False,False,False,False,False,False,False,False,False,False
ad1d46d342d9e082098d5aae1d5995a0ebc74f9c,v3-snapshot-availability,131026edd2e6577a970aea5bfa8233754c166d88d2fe4de67f5614caf7754a71,2026-10-01T06:24:37.763425+00:00,597462,585,Lucas,Herrington,Herrington,88,Hull City,HUL,Defender,a,False,4.0,0.6,2.485,2.2576,2.4763,2.563,1.9496,1.0,1.0,1.0,1.0,1.0,,90.0,,,,11.683754557511573,1.0,8.0,1.0,0.0,1.0,0.2,39.4,197.0,0.009137055837563452,0.018274111675126905,7.309644670050761,0.0,,,,9.4618,2.3654,high,1.0,1.0,5,0,0,1.0,1.0,1.0,5-GW avg pts 1.00; mins 39; xGI 0.01; current GWs 5; fixture Elo diff -299,False,False,False,False,False,False,False,False,False,False,False,False,False,False,False,False,False,False,False,False,False,False,False,False,False,False,False,False,False,False,False,False
ad1d46d342d9e082098d5aae1d5995a0ebc74f9c,v3-snapshot-availability,131026edd2e6577a970aea5bfa8233754c166d88d2fe4de67f5614caf7754a71,2026-10-01T06:24:37.763425+00:00,508395,102,Yehor,Yarmoliuk,Yarmoliuk,94,Brentford,BRE,Midfielder,a,False,4.8,0.6,2.2781,2.3427,2.5217,2.3368,2.2781,1.0,1.0,1.0,1.0,1.0,,69.0,,,,12.47542122417824,1.0,8.0,1.0,0.0,1.0,0.2,43.2,562.0,0.0208185053380783,0.06565836298932379,12.811387900355871,0.0,,,,9.4064,1.9597,high,1.0,1.0,5,0,0,1.8,1.8,2.3,5-GW avg pts 1.80; mins 43; xGI 0.08; current GWs 5; fixture Elo diff +31,False,False,False,False,False,False,False,False,False,False,False,False,False,False,False,False,False,False,False,False,False,False,False,False,False,False,False,False,False,False,False,False
ad1d46d342d9e082098d5aae1d5995a0ebc74f9c,v3-snapshot-availability,131026edd2e6577a970aea5bfa8233754c166d88d2fe4de67f5614caf7754a71,2026-10-01T06:24:37.763425+00:00,613221,634,Matias,Fernandez-Pardo,Fernandez-Pardo,4,Newcastle,NEW,Forward,a,False,6.0,0.1,2.57,2.2659,2.2338,2.2492,2.3183,1.0,1.0,1.0,1.0,1.0,,74.0,,,,11.683754557511573,1.0,4.0,1.0,0.0,1.0,0.3333333333333333,52.333333333333336,157.0,,,,,,,,9.3618,1.5603,medium,0.6,0.6,3,0,0,1.3333,1.3333,1.3,5-GW avg pts 1.33; mins 52; xGI 0.02; current GWs 3; fixture Elo diff +37,False,False,False,False,False,False,False,False,False,False,False,False,False,False,False,False,False,False,False,False,False,False,False,False,False,False,False,False,False,False,False,False
ad1d46d342d9e082098d5aae1d5995a0ebc74f9c,v3-snapshot-availability,131026edd2e6577a970aea5bfa8233754c166d88d2fe4de67f5614caf7754a71,2026-10-01T06:24:37.763425+00:00,490884,617,Mohamed-Ali,Cho,Cho,88,Hull City,HUL,Midfielder,a,False,5.0,0.0,2.3455,2.2934,2.3378,2.4761,2.2063,1.0,1.0,1.0,1.0,1.0,,27.0,,,,11.683754557511573,1.0,5.0,1.0,0.0,1.0,0.0,18.0,72.0,,,,,,,,9.3368,1.8674,high,0.8,0.8,4,0,0,2.25,2.25,2.7,5-GW avg pts 2.25; mins 18; xGI 0.29; current GWs 4; fixture Elo diff -299,False,False,False,False,False,False,False,False,False,False,False,False,False,False,False,False,False,False,False,False,False,False,False,False,False,False,False,False,False,False,False,False
ad1d46d342d9e082098d5aae1d5995a0ebc74f9c,v3-snapshot-availability,131026edd2e6577a970aea5bfa8233754c166d88d2fe4de67f5614caf7754a71,2026-10-01T06:24:37.763425+00:00,547701,522,Archie,Gray,Gray,6,Spurs,TOT,Midfielder,a,False,4.9,0.2,2.2476,2.5193,2.2534,2.3354,2.3024,1.0,1.0,1.0,1.0,1.0,,71.0,,,,11.78792122417824,1.0,9.0,1.0,0.0,0.8,0.8,76.75,315.0,0.06571428571428573,0.01428571428571432,8.0,0.0,,,,9.3339,1.9049,high,1.0,1.0,5,0,0,1.8,1.8,1.7,5-GW avg pts 1.80; mins 61; xGI 0.06; current GWs 5; fixture Elo diff -25,False,False,False,False,False,False,False,False,False,False,False,False,False,False,False,False,False,False,False,False,False,False,False,False,False,False,False,False,False,False,False,False
ad1d46d342d9e082098d5aae1d5995a0ebc74f9c,v3-snapshot-availability,131026edd2e6577a970aea5bfa8233754c166d88d2fe4de67f5614caf7754a71,2026-10-01T06:24:37.763425+00:00,550615,242,Tyrique,George,George,11,Everton,EVE,Midfielder,a,False,5.5,0.9,2.308,2.3876,2.1423,2.2412,2.5284,1.0,1.0,1.0,1.0,1.0,,11.0,,,,11.683754557511573,1.0,9.0,1.0,0.0,1.0,0.8,61.8,389.0,0.1041131105398457,0.31002570694087395,5.552699228791774,0.0,,,,9.2566,1.683,high,1.0,1.0,5,0,0,3.8,3.8,4.7,5-GW avg pts 3.80; mins 62; xGI 0.13; current GWs 5; fixture Elo diff +18,False,False,False,False,False,False,False,False,False,False,False,False,False,False,False,False,False,False,False,False,False,False,False,False,False,False,False,False,False,False,False,False
ad1d46d342d9e082098d5aae1d5995a0ebc74f9c,v3-snapshot-availability,131026edd2e6577a970aea5bfa8233754c166d88d2fe4de67f5614caf7754a71,2026-10-01T06:24:37.763425+00:00,551226,525,Mateus,Fernandes,Fernandes,6,Spurs,TOT,Midfielder,a,False,5.7,0.8,2.2452,2.4439,2.2522,2.3114,2.2783,1.0,1.0,1.0,1.0,1.0,,45.0,,,,11.78792122417824,1.0,9.0,1.0,0.0,1.0,0.4,49.8,699.0,0.11974248927038625,0.09527896995708153,10.042918454935622,0.0,,4.0,,9.2314,1.6195,high,1.0,1.0,5,0,0,1.4,1.4,1.3,5-GW avg pts 1.40; mins 50; xGI 0.09; current GWs 5; fixture Elo diff -25,False,False,False,False,False,False,False,False,False,False,False,False,False,False,False,False,False,False,False,False,False,False,False,False,False,False,False,False,False,False,False,False
ad1d46d342d9e082098d5aae1d5995a0ebc74f9c,v3-snapshot-availability,131026edd2e6577a970aea5bfa8233754c166d88d2fe4de67f5614caf7754a71,2026-10-01T06:24:37.763425+00:00,572584,592,Abdoul,Ouattara,Ouattara,40,Ipswich Town,IPS,Defender,a,False,4.0,0.9,2.3197,2.0301,2.3194,2.3724,2.3935,1.0,1.0,1.0,1.0,1.0,,90.0,,,,11.683754557511573,1.0,7.0,1.0,0.0,1.0,0.2,26.2,131.0,,,,,,,,9.099,2.2747,high,1.0,1.0,5,0,0,1.2,1.2,1.3,5-GW avg pts 1.20; mins 26; xGI 0.01; current GWs 5; fixture Elo diff -162,False,False,False,False,False,False,False,False,False,False,False,False,False,False,False,False,False,False,False,False,False,False,False,False,False,False,False,False,False,False,False,False
ad1d46d342d9e082098d5aae1d5995a0ebc74f9c,v3-snapshot-availability,131026edd2e6577a970aea5bfa8233754c166d88d2fe4de67f5614caf7754a71,2026-10-01T06:24:37.763425+00:00,219168,379,Alexander,Isak,Isak,14,Liverpool,LIV,Forward,d,False,9.1,22.4,2.3358,2.3239,2.6527,1.6199,2.3089,0.75,0.75,0.75,0.75,0.75,,81.0,,,,10.72542122417824,1.0,10.0,1.0,0.0,1.0,1.0,82.6,514.0,0.6951361867704279,0.015758754863813194,2.1011673151750974,0.0,2.0,,,9.0687,0.9966,high,1.0,1.0,5,0,0,4.95,4.95,4.35,5-GW avg pts 6.60; mins 83; xGI 0.72; current GWs 5; fixture Elo diff +7,False,False,False,False,False,False,False,False,False,False,False,False,False,False,False,False,False,False,False,False,False,False,False,False,False,False,False,False,False,False,False,False
ad1d46d342d9e082098d5aae1d5995a0ebc74f9c,v3-snapshot-availability,131026edd2e6577a970aea5bfa8233754c166d88d2fe4de67f5614caf7754a71,2026-10-01T06:24:37.763425+00:00,154566,526,Dominic,Solanke-Mitchell,Solanke,6,Spurs,TOT,Forward,a,False,5.8,0.8,2.2192,2.3666,2.2262,2.274,2.2369,1.0,1.0,1.0,1.0,1.0,,66.0,,,,11.78792122417824,1.0,8.0,1.0,0.0,1.0,0.4,34.0,209.0,0.2411483253588516,0.0430622009569378,7.320574162679426,0.0,1.0,,,9.0641,1.5628,high,1.0,1.0,5,0,0,1.4,1.4,1.7,5-GW avg pts 1.40; mins 34; xGI 0.11; current GWs 5; fixture Elo diff -25,False,False,False,False,False,False,False,False,False,False,False,False,False,False,False,False,False,False,False,False,False,False,False,False,False,False,False,False,False,False,False,False
ad1d46d342d9e082098d5aae1d5995a0ebc74f9c,v3-snapshot-availability,131026edd2e6577a970aea5bfa8233754c166d88d2fe4de67f5614caf7754a71,2026-10-01T06:24:37.763425+00:00,568420,581,Ousmane,Diomande,Diomande,17,Nott'm Forest,NFO,Defender,a,False,5.4,0.5,2.2594,2.1638,2.4258,2.2165,2.2096,1.0,1.0,1.0,1.0,1.0,,73.0,,,,11.579587890844907,1.0,4.0,1.0,0.0,0.6,0.4,54.333333333333336,163.0,,,,,,,,9.0248,1.6713,high,1.0,1.0,5,0,0,1.4,1.4,2.3,5-GW avg pts 1.40; mins 33; xGI 0.03; current GWs 5; fixture Elo diff -41,False,False,False,False,False,False,False,False,False,False,False,False,False,False,False,False,False,False,False,False,False,False,False,False,False,False,False,False,False,False,False,False
ad1d46d342d9e082098d5aae1d5995a0ebc74f9c,v3-snapshot-availability,131026edd2e6577a970aea5bfa8233754c166d88d2fe4de67f5614caf7754a71,2026-10-01T06:24:37.763425+00:00,469142,112,Jan Paul,van Hecke,Van Hecke,6,Spurs,TOT,Defender,d,False,4.9,6.5,1.744,2.8362,1.9979,2.3042,2.328,0.75,0.75,0.75,0.75,0.75,,90.0,,,,11.78792122417824,1.0,7.0,1.0,0.0,1.0,1.0,90.0,810.0,0.18111111111111106,0.07111111111111108,8.666666666666666,0.0,,,,8.9046,1.8173,high,1.0,1.0,5,0,0,3.6,3.6,4.125,5-GW avg pts 4.80; mins 90; xGI 0.22; current GWs 5; fixture Elo diff -25,False,False,False,False,False,False,False,False,False,False,False,False,False,False,False,False,False,False,False,False,False,False,False,False,False,False,False,False,False,False,False,False
ad1d46d342d9e082098d5aae1d5995a0ebc74f9c,v3-snapshot-availability,131026edd2e6577a970aea5bfa8233754c166d88d2fe4de67f5614caf7754a71,2026-10-01T06:24:37.763425+00:00,551499,377,Victor,Munoz,Munoz,14,Liverpool,LIV,Midfielder,a,False,6.5,0.9,2.1732,2.2055,2.2576,2.1441,2.2785,1.0,1.0,1.0,1.0,1.0,,18.0,,,,10.72542122417824,1.0,9.0,1.0,0.0,1.0,0.4,51.4,257.0,0.18210116731517506,0.10856031128404665,5.603112840466926,0.0,,,,8.8321,1.3588,high,1.0,1.0,5,0,0,3.0,3.0,1.7,5-GW avg pts 3.00; mins 51; xGI 0.17; current GWs 5; fixture Elo diff +7,False,False,False,False,False,False,False,False,False,False,False,False,False,False,False,False,False,False,False,False,False,False,False,False,False,False,False,False,False,False,False,False
ad1d46d342d9e082098d5aae1d5995a0ebc74f9c,v3-snapshot-availability,131026edd2e6577a970aea5bfa8233754c166d88d2fe4de67f5614caf7754a71,2026-10-01T06:24:37.763425+00:00,611695,605,Malick,Yalcouyé,Yalcouyé,36,Brighton,BHA,Midfielder,a,False,4.5,4.0,2.2517,2.2387,2.1815,2.0564,2.2352,1.0,1.0,1.0,1.0,1.0,,5.0,,,,11.683754557511573,1.0,6.0,1.0,0.0,1.0,0.6,47.2,236.0,0.5567796610169492,0.1716101694915254,7.245762711864407,0.0,,,,8.7923,1.9538,high,1.0,1.0,5,0,0,4.0,4.0,3.7,5-GW avg pts 4.00; mins 47; xGI 0.38; current GWs 5; fixture Elo diff -10,False,False,False,False,False,False,False,False,False,False,False,False,False,False,False,False,False,False,False,False,False,False,False,False,False,False,False,False,False,False,False,False
ad1d46d342d9e082098d5aae1d5995a0ebc74f9c,v3-snapshot-availability,131026edd2e6577a970aea5bfa8233754c166d88d2fe4de67f5614caf7754a71,2026-10-01T06:24:37.763425+00:00,243298,367,Cody,Gakpo,Gakpo,14,Liverpool,LIV,Midfielder,d,False,7.2,12.4,2.2691,2.0781,2.6207,1.806,2.0821,0.75,0.75,0.75,0.75,0.75,,90.0,,,,10.72542122417824,1.0,8.0,1.0,0.0,1.0,0.8,74.0,789.0,0.21787072243346,0.20532319391634976,5.5893536121673,0.0,3.0,3.0,,8.7494,1.2152,high,1.0,1.0,5,0,0,4.8,4.8,2.85,5-GW avg pts 6.40; mins 74; xGI 0.47; current GWs 5; fixture Elo diff +7,False,False,False,False,False,False,False,False,False,False,False,False,False,False,False,False,False,False,False,False,False,False,False,False,False,False,False,False,False,False,False,False
ad1d46d342d9e082098d5aae1d5995a0ebc74f9c,v3-snapshot-availability,131026edd2e6577a970aea5bfa8233754c166d88d2fe4de67f5614caf7754a71,2026-10-01T06:24:37.763425+00:00,487992,596,Matteo,Ruggeri,Ruggeri,7,Aston Villa,AVL,Defender,a,False,4.5,0.1,2.2554,2.0965,2.132,2.3582,2.0452,1.0,1.0,1.0,1.0,1.0,,90.0,,,,11.78792122417824,1.0,4.0,1.0,0.0,0.6,0.2,37.666666666666664,113.0,,,,,,,,8.7257,1.9391,high,1.0,1.0,5,0,0,1.0,1.0,1.3,5-GW avg pts 1.00; mins 23; xGI 0.01; current GWs 5; fixture Elo diff +46,False,False,False,False,False,False,False,False,False,False,False,False,False,False,False,False,False,False,False,False,False,False,False,False,False,False,False,False,False,False,False,False
ad1d46d342d9e082098d5aae1d5995a0ebc74f9c,v3-snapshot-availability,131026edd2e6577a970aea5bfa8233754c166d88d2fe4de67f5614caf7754a71,2026-10-01T06:24:37.763425+00:00,460842,512,Mohammed,Kudus,Kudus,6,Spurs,TOT,Midfielder,a,False,6.5,0.2,2.1287,2.2753,2.137,2.1805,2.1536,1.0,1.0,1.0,1.0,1.0,,45.0,,,,11.78792122417824,1.0,5.0,1.0,0.0,0.8,0.0,30.75,123.0,,,,,3.0,7.0,6.0,8.7047,1.3392,high,1.0,1.0,5,0,0,1.4,1.4,2.0,5-GW avg pts 1.40; mins 25; xGI 0.11; current GWs 5; fixture Elo diff -25,False,False,False,False,False,False,False,False,False,False,False,False,False,False,False,False,False,False,False,False,False,False,False,False,False,False,False,False,False,False,False,False
ad1d46d342d9e082098d5aae1d5995a0ebc74f9c,v3-snapshot-availability,131026edd2e6577a970aea5bfa8233754c166d88d2fe4de67f5614caf7754a71,2026-10-01T06:24:37.763425+00:00,241293,186,Ephron,Mason-Clark,Mason-Clark,9,Coventry City,COV,Midfielder,a,False,5.3,0.1,2.1559,2.1631,2.1795,2.1849,2.1631,1.0,1.0,1.0,1.0,1.0,,45.0,,,,11.579587890844907,1.0,5.0,1.0,0.0,0.8,0.2,57.75,231.0,0.19870129870129868,0.04675324675324671,5.8441558441558445,0.0,,,,8.6735,1.6365,high,1.0,1.0,5,0,0,1.0,1.0,1.3,5-GW avg pts 1.00; mins 46; xGI 0.13; current GWs 5; fixture Elo diff -132,False,False,False,False,False,False,False,False,False,False,False,False,False,False,False,False,False,False,False,False,False,False,False,False,False,False,False,False,False,False,False,False
ad1d46d342d9e082098d5aae1d5995a0ebc74f9c,v3-snapshot-availability,131026edd2e6577a970aea5bfa8233754c166d88d2fe4de67f5614caf7754a71,2026-10-01T06:24:37.763425+00:00,50175,136,Danny,Welbeck,Welbeck,8,Chelsea,CHE,Forward,a,False,5.9,1.0,2.1501,2.1657,2.1776,2.1501,2.1677,1.0,1.0,1.0,1.0,1.0,,71.0,,,,12.47542122417824,1.0,7.0,1.0,0.0,0.6,0.2,28.333333333333332,362.0,0.14171270718232049,0.054696132596685015,4.972375690607735,0.0,,,,8.647,1.4656,high,1.0,1.0,5,0,0,0.8,0.8,1.3,5-GW avg pts 0.80; mins 17; xGI 0.03; current GWs 5; fixture Elo diff +10,False,False,False,False,False,False,False,False,False,False,False,False,False,False,False,False,False,False,False,False,False,False,False,False,False,False,False,False,False,False,False,False
ad1d46d342d9e082098d5aae1d5995a0ebc74f9c,v3-snapshot-availability,131026edd2e6577a970aea5bfa8233754c166d88d2fe4de67f5614caf7754a71,2026-10-01T06:24:37.763425+00:00,88894,46,Ross,Barkley,Barkley,7,Aston Villa,AVL,Midfielder,a,False,5.0,0.3,2.1615,2.146,2.0916,2.2685,2.1434,1.0,1.0,1.0,1.0,1.0,,6.0,,,,11.78792122417824,1.0,8.0,1.0,0.0,1.0,0.8,61.6,617.0,0.1677471636952998,0.04230145867098863,6.709886547811993,0.0,,4.0,,8.6402,1.728,high,1.0,1.0,5,0,0,2.0,2.0,2.0,5-GW avg pts 2.00; mins 62; xGI 0.10; current GWs 5; fixture Elo diff +46,False,False,False,False,False,False,False,False,False,False,False,False,False,False,False,False,False,False,False,False,False,False,False,False,False,False,False,False,False,False,False,False
ad1d46d342d9e082098d5aae1d5995a0ebc74f9c,v3-snapshot-availability,131026edd2e6577a970aea5bfa8233754c166d88d2fe4de67f5614caf7754a71,2026-10-01T06:24:37.763425+00:00,56979,101,Jordan,Henderson,Henderson,8,Chelsea,CHE,Midfielder,a,False,4.9,0.0,2.129,2.1253,2.1571,2.0904,2.1412,1.0,1.0,1.0,1.0,1.0,,90.0,,,,12.47542122417824,1.0,1.0,1.0,0.0,0.2,0.2,90.0,187.0,0.0,0.06737967914438497,7.219251336898396,0.0,,3.0,,8.5155,1.7379,high,1.0,1.0,5,0,0,0.4,0.4,0.7,5-GW avg pts 0.40; mins 18; xGI 0.02; current GWs 5; fixture Elo diff +10,False,False,False,False,False,False,False,False,False,False,False,False,False,False,False,False,False,False,False,False,False,False,False,False,False,False,False,False,False,False,False,False
ad1d46d342d9e082098d5aae1d5995a0ebc74f9c,v3-snapshot-availability,131026edd2e6577a970aea5bfa8233754c166d88d2fe4de67f5614caf7754a71,2026-10-01T06:24:37.763425+00:00,606930,586,Nobel,Mendy,Mendy,88,Hull City,HUL,Defender,a,False,4.1,6.3,2.1854,1.9637,2.0806,2.5799,1.7641,1.0,1.0,1.0,1.0,1.0,,,,,,18.683754557511573,0.0,6.0,0.0,0.0,0.8,0.4,62.25,249.0,0.11566265060240963,0.0,14.096385542168674,0.0,,,,8.4815,2.0687,high,1.0,1.0,5,0,0,5.0,5.0,3.0,5-GW avg pts 5.00; mins 50; xGI 0.06; current GWs 5; fixture Elo diff -299,False,False,False,False,False,False,False,False,False,False,False,False,False,False,False,False,False,False,False,False,False,False,False,False,False,False,False,False,False,False,False,False
ad1d46d342d9e082098d5aae1d5995a0ebc74f9c,v3-snapshot-availability,131026edd2e6577a970aea5bfa8233754c166d88d2fe4de67f5614caf7754a71,2026-10-01T06:24:37.763425+00:00,431639,640,Zian,Flemming,Flemming,40,Ipswich Town,IPS,Forward,a,False,5.5,0.1,2.1569,1.8721,2.1218,2.3313,2.1173,1.0,1.0,1.0,1.0,1.0,,9.0,,,,11.683754557511573,1.0,4.0,1.0,0.0,1.0,0.4,46.8,642.0,0.35887850467289734,0.01682242990654203,5.186915887850467,0.0,,,,8.4415,1.5348,high,1.0,1.0,3,0,0,3.2,3.2,2.0,5-GW avg pts 3.20; mins 47; xGI 0.16; current GWs 3; fixture Elo diff -162,False,False,False,False,False,False,False,False,False,False,False,False,False,False,False,False,False,False,False,False,False,False,False,False,False,False,False,False,False,False,False,False
ad1d46d342d9e082098d5aae1d5995a0ebc74f9c,v3-snapshot-availability,131026edd2e6577a970aea5bfa8233754c166d88d2fe4de67f5614caf7754a71,2026-10-01T06:24:37.763425+00:00,243951,642,Sorba,Thomas,Thomas,88,Hull City,HUL,Midfielder,a,False,5.5,0.0,2.1281,2.1151,2.0931,2.1783,1.9947,1.0,1.0,1.0,1.0,1.0,,63.0,,,,11.683754557511573,1.0,4.0,1.0,0.0,1.0,0.3333333333333333,39.666666666666664,119.0,,,,,,,,8.4279,1.5323,medium,0.6,0.6,3,0,0,1.3333,1.3333,1.3,5-GW avg pts 1.33; mins 40; xGI 0.11; current GWs 3; fixture Elo diff -299,False,False,False,False,False,False,False,False,False,False,False,False,False,False,False,False,False,False,False,False,False,False,False,False,False,False,False,False,False,False,False,False
ad1d46d342d9e082098d5aae1d5995a0ebc74f9c,v3-snapshot-availability,131026edd2e6577a970aea5bfa8233754c166d88d2fe4de67f5614caf7754a71,2026-10-01T06:24:37.763425+00:00,248875,400,Jérémy,Doku,Doku,43,Man City,MCI,Midfielder,a,False,7.4,0.7,2.0356,2.1633,2.0356,2.1761,2.0827,1.0,1.0,1.0,1.0,1.0,,15.0,,,,10.72542122417824,1.0,2.0,1.0,0.0,0.2,0.0,15.0,314.0,0.24076433121019117,0.3382165605095542,4.872611464968153,0.0,3.0,,,8.3839,1.133,high,1.0,1.0,5,0,0,0.2,0.2,0.3,5-GW avg pts 0.20; mins 3; xGI 0.11; current GWs 5; fixture Elo diff +144,False,False,False,False,False,False,False,False,False,False,False,False,False,False,False,False,False,False,False,False,False,False,False,False,False,False,False,False,False,False,False,False
ad1d46d342d9e082098d5aae1d5995a0ebc74f9c,v3-snapshot-availability,131026edd2e6577a970aea5bfa8233754c166d88d2fe4de67f5614caf7754a71,2026-10-01T06:24:37.763425+00:00,549940,646,Malick,Fofana,Fofana,56,Sunderland,SUN,Midfielder,a,False,5.5,0.0,2.0626,2.0533,2.0867,2.0839,2.0626,1.0,1.0,1.0,1.0,1.0,,30.0,,,,10.72542122417824,1.0,5.0,1.0,0.0,1.0,0.0,20.0,60.0,,,,,,,,8.2763,1.5048,medium,0.6,0.6,3,0,0,1.0,1.0,1.0,5-GW avg pts 1.00; mins 20; xGI 0.13; current GWs 3; fixture Elo diff -65,False,False,False,False,False,False,False,False,False,False,False,False,False,False,False,False,False,False,False,False,False,False,False,False,False,False,False,False,False,False,False,False
ad1d46d342d9e082098d5aae1d5995a0ebc74f9c,v3-snapshot-availability,131026edd2e6577a970aea5bfa8233754c166d88d2fe4de67f5614caf7754a71,2026-10-01T06:24:37.763425+00:00,108813,300,Christian,Walton,Walton,40,Ipswich Town,IPS,Goalkeeper,a,False,4.4,0.4,2.0805,1.9284,2.0805,2.1634,2.1342,1.0,1.0,1.0,1.0,1.0,,90.0,,,,11.683754557511573,1.0,3.0,1.0,0.0,0.2,0.2,90.0,90.0,,,,,,,,8.2755,1.8808,high,1.0,1.0,5,0,0,0.4,0.4,0.7,5-GW avg pts 0.40; mins 18; xGI 0.00; current GWs 5; fixture Elo diff -162,False,False,False,False,False,False,False,False,False,False,False,False,False,False,False,False,False,False,False,False,False,False,False,False,False,False,False,False,False,False,False,False
ad1d46d342d9e082098d5aae1d5995a0ebc74f9c,v3-snapshot-availability,131026edd2e6577a970aea5bfa8233754c166d88d2fe4de67f5614caf7754a71,2026-10-01T06:24:37.763425+00:00,441264,552,Brian,Brobbey,Brobbey,56,Sunderland,SUN,Forward,d,False,5.7,6.9,1.9258,1.7419,2.1692,2.5694,2.0591,0.75,0.75,0.75,0.75,0.75,,90.0,,,,10.72542122417824,1.0,6.0,1.0,0.0,1.0,1.0,79.8,786.0,0.5061068702290077,0.03664122137404577,2.7480916030534353,0.0,,,,8.2629,1.4496,high,1.0,1.0,5,0,0,3.6,3.6,3.75,5-GW avg pts 4.80; mins 80; xGI 0.61; current GWs 5; fixture Elo diff -65,False,False,False,False,False,False,False,False,False,False,False,False,False,False,False,False,False,False,False,False,False,False,False,False,False,False,False,False,False,False,False,False
ad1d46d342d9e082098d5aae1d5995a0ebc74f9c,v3-snapshot-availability,131026edd2e6577a970aea5bfa8233754c166d88d2fe4de67f5614caf7754a71,2026-10-01T06:24:37.763425+00:00,638411,612,Dayann,Méthalie,Methalie,56,Sunderland,SUN,Defender,a,False,4.5,0.0,2.0119,1.9364,2.1318,2.1566,2.0286,1.0,1.0,1.0,1.0,1.0,,90.0,,,,10.72542122417824,1.0,2.0,1.0,0.0,0.25,0.25,90.0,90.0,,,,,,,,8.1869,1.8193,high,0.8,0.8,4,0,0,-0.25,-0.25,-0.3,5-GW avg pts -0.25; mins 22; xGI 0.01; current GWs 4; fixture Elo diff -65,False,False,False,False,False,False,False,False,False,False,False,False,False,False,False,False,False,False,False,False,False,False,False,False,False,False,False,False,False,False,False,False
ad1d46d342d9e082098d5aae1d5995a0ebc74f9c,v3-snapshot-availability,131026edd2e6577a970aea5bfa8233754c166d88d2fe4de67f5614caf7754a71,2026-10-01T06:24:37.763425+00:00,566213,656,Stephen,Mfuni,Mfuni,9,Coventry City,COV,Defender,a,False,4.0,0.1,2.0704,1.9702,2.0736,2.1111,1.9702,1.0,1.0,1.0,1.0,1.0,,,,,,,0.0,0.0,0.0,0.0,0.2,0.2,90.0,90.0,,,,,,,,8.1623,2.0406,high,1.0,1.0,2,0,0,1.2,1.2,3.0,5-GW avg pts 1.20; mins 18; xGI 0.00; current GWs 2; fixture Elo diff -132,False,False,False,False,False,False,False,False,False,False,False,False,False,False,False,False,False,False,False,False,False,False,False,False,False,False,False,False,False,False,False,False
ad1d46d342d9e082098d5aae1d5995a0ebc74f9c,v3-snapshot-availability,131026edd2e6577a970aea5bfa8233754c166d88d2fe4de67f5614caf7754a71,2026-10-01T06:24:37.763425+00:00,511499,514,Mathys,Tel,Tel,6,Spurs,TOT,Midfielder,a,False,5.7,0.2,2.0089,2.1098,2.016,2.0311,2.026,1.0,1.0,1.0,1.0,1.0,,,,,,15.47542122417824,0.0,9.0,0.0,0.0,0.8,0.6,64.25,638.0,0.08040752351097179,0.1735109717868339,6.206896551724138,0.0,,3.0,3.0,8.1579,1.4312,high,1.0,1.0,5,0,0,1.6,1.6,1.3,5-GW avg pts 1.60; mins 51; xGI 0.09; current GWs 5; fixture Elo diff -25,False,False,False,False,False,False,False,False,False,False,False,False,False,False,False,False,False,False,False,False,False,False,False,False,False,False,False,False,False,False,False,False
ad1d46d342d9e082098d5aae1d5995a0ebc74f9c,v3-snapshot-availability,131026edd2e6577a970aea5bfa8233754c166d88d2fe4de67f5614caf7754a71,2026-10-01T06:24:37.763425+00:00,571779,570,César,Palacios,Palacios,54,Fulham,FUL,Midfielder,a,False,5.4,0.2,2.0164,2.0664,2.0481,1.9654,1.9915,1.0,1.0,1.0,1.0,1.0,,19.0,,,,10.621254557511573,1.0,8.0,1.0,0.0,0.8,0.6,56.5,226.0,0.39026548672566375,0.011946902654867218,6.769911504424779,0.0,,,,8.0853,1.4973,high,1.0,1.0,5,0,0,2.4,2.4,3.0,5-GW avg pts 2.40; mins 45; xGI 0.20; current GWs 5; fixture Elo diff +95,False,False,False,False,False,False,False,False,False,False,False,False,False,False,False,False,False,False,False,False,False,False,False,False,False,False,False,False,False,False,False,False
ad1d46d342d9e082098d5aae1d5995a0ebc74f9c,v3-snapshot-availability,131026edd2e6577a970aea5bfa8233754c166d88d2fe4de67f5614caf7754a71,2026-10-01T06:24:37.763425+00:00,636852,462,Sean,Steur,Steur,4,Newcastle,NEW,Midfielder,a,False,4.9,0.1,2.0628,2.0192,1.9873,2.0145,1.9883,1.0,1.0,1.0,1.0,1.0,,66.0,,,,11.683754557511573,1.0,12.0,1.0,0.0,1.0,0.4,44.6,223.0,0.0,0.024215246636771298,8.475336322869955,0.0,,,,8.0731,1.6476,high,1.0,1.0,5,0,0,1.6,1.6,2.0,5-GW avg pts 1.60; mins 45; xGI 0.01; current GWs 5; fixture Elo diff +37,False,False,False,False,False,False,False,False,False,False,False,False,False,False,False,False,False,False,False,False,False,False,False,False,False,False,False,False,False,False,False,False
ad1d46d342d9e082098d5aae1d5995a0ebc74f9c,v3-snapshot-availability,131026edd2e6577a970aea5bfa8233754c166d88d2fe4de67f5614caf7754a71,2026-10-01T06:24:37.763425+00:00,445122,5,Jurriën,Timber,J.Timber,3,Arsenal,ARS,Defender,a,False,6.5,0.4,2.0212,1.9872,2.0212,1.9649,2.0158,1.0,1.0,1.0,1.0,1.0,,60.0,,,,11.683754557511573,1.0,2.0,1.0,0.0,0.4,0.0,52.0,104.0,,,,,,,,8.0116,1.2325,high,1.0,1.0,5,0,0,0.2,0.2,0.3,5-GW avg pts 0.20; mins 21; xGI 0.01; current GWs 5; fixture Elo diff +291,False,False,False,False,False,False,False,False,False,False,False,False,False,False,False,False,False,False,False,False,False,False,False,False,False,False,False,False,False,False,False,False
ad1d46d342d9e082098d5aae1d5995a0ebc74f9c,v3-snapshot-availability,131026edd2e6577a970aea5bfa8233754c166d88d2fe4de67f5614caf7754a71,2026-10-01T06:24:37.763425+00:00,469272,190,Loum,Tchaouna,Tchaouna,9,Coventry City,COV,Midfielder,a,False,5.4,0.1,1.9882,1.993,2.0118,2.0173,1.993,1.0,1.0,1.0,1.0,1.0,,45.0,,,,11.579587890844907,1.0,6.0,1.0,0.0,0.8,0.2,52.75,546.0,0.08736263736263732,0.06593406593406592,6.0989010989010985,0.0,,3.0,,7.9992,1.4813,high,1.0,1.0,5,0,0,1.0,1.0,0.7,5-GW avg pts 1.00; mins 42; xGI 0.08; current GWs 5; fixture Elo diff -132,False,False,False,False,False,False,False,False,False,False,False,False,False,False,False,False,False,False,False,False,False,False,False,False,False,False,False,False,False,False,False,False
ad1d46d342d9e082098d5aae1d5995a0ebc74f9c,v3-snapshot-availability,131026edd2e6577a970aea5bfa8233754c166d88d2fe4de67f5614caf7754a71,2026-10-01T06:24:37.763425+00:00,514356,161,Roméo,Lavia,Lavia,8,Chelsea,CHE,Midfielder,a,False,5.0,0.2,1.9692,1.9793,1.9844,1.9692,1.9812,1.0,1.0,1.0,1.0,1.0,,0.0,,,,18.683754557511573,0.0,8.0,1.0,0.0,0.8,0.6,64.5,315.0,0.22,0.05428571428571429,9.714285714285714,0.0,,,,7.9052,1.581,high,1.0,1.0,5,0,0,2.2,2.2,1.0,5-GW avg pts 2.20; mins 52; xGI 0.17; current GWs 5; fixture Elo diff +10,False,False,False,False,False,False,False,False,False,False,False,False,False,False,False,False,False,False,False,False,False,False,False,False,False,False,False,False,False,False,False,False
ad1d46d342d9e082098d5aae1d5995a0ebc74f9c,v3-snapshot-availability,131026edd2e6577a970aea5bfa8233754c166d88d2fe4de67f5614caf7754a71,2026-10-01T06:24:37.763425+00:00,531442,315,Abdul,Fatawu,Fatawu,40,Ipswich Town,IPS,Midfielder,s,False,5.4,0.2,0.0,2.2735,2.6551,3.0029,2.5161,0.0,1.0,1.0,1.0,1.0,,67.0,,,,11.683754557511573,1.0,5.0,1.0,0.0,1.0,1.0,70.4,352.0,0.04346590909090909,0.28380681818181813,7.159090909090909,0.0,,2.0,,7.7819,1.4411,high,1.0,1.0,5,0,0,0.0,0.0,0.0,5-GW avg pts 1.60; mins 70; xGI 0.26; current GWs 5; fixture Elo diff -162,False,False,False,False,False,False,False,False,False,False,False,False,False,False,False,False,False,False,False,False,False,False,False,False,False,False,False,False,False,False,False,False
ad1d46d342d9e082098d5aae1d5995a0ebc74f9c,v3-snapshot-availability,131026edd2e6577a970aea5bfa8233754c166d88d2fe4de67f5614caf7754a71,2026-10-01T06:24:37.763425+00:00,481655,19,Martín,Zubimendi Ibáñez,Zubimendi,3,Arsenal,ARS,Midfielder,a,False,5.3,0.6,1.9504,1.9393,1.9504,1.9282,1.9451,1.0,1.0,1.0,1.0,1.0,,30.0,,,,11.683754557511573,1.0,8.0,1.0,0.0,1.0,0.0,17.8,325.0,0.07753846153846149,0.03046153846153838,11.076923076923077,0.0,,,,7.773,1.4666,high,1.0,1.0,5,0,0,1.0,1.0,1.0,5-GW avg pts 1.00; mins 18; xGI 0.05; current GWs 5; fixture Elo diff +291,False,False,False,False,False,False,False,False,False,False,False,False,False,False,False,False,False,False,False,False,False,False,False,False,False,False,False,False,False,False,False,False
ad1d46d342d9e082098d5aae1d5995a0ebc74f9c,v3-snapshot-availability,131026edd2e6577a970aea5bfa8233754c166d88d2fe4de67f5614caf7754a71,2026-10-01T06:24:37.763425+00:00,437505,553,Wilson,Isidor,Isidor,56,Sunderland,SUN,Forward,a,False,5.5,1.3,1.9318,1.9167,1.9448,1.982,1.9318,1.0,1.0,1.0,1.0,1.0,,22.0,,,,10.72542122417824,1.0,8.0,1.0,0.0,1.0,0.0,23.4,202.0,0.8064356435643566,0.09801980198019794,5.346534653465347,0.0,,,,7.7592,1.4108,high,1.0,1.0,5,0,0,3.0,3.0,2.0,5-GW avg pts 3.00; mins 23; xGI 0.30; current GWs 5; fixture Elo diff -65,False,False,False,False,False,False,False,False,False,False,False,False,False,False,False,False,False,False,False,False,False,False,False,False,False,False,False,False,False,False,False,False
ad1d46d342d9e082098d5aae1d5995a0ebc74f9c,v3-snapshot-availability,131026edd2e6577a970aea5bfa8233754c166d88d2fe4de67f5614caf7754a71,2026-10-01T06:24:37.763425+00:00,223827,532,Daniel,Ballard,Ballard,56,Sunderland,SUN,Defender,d,False,4.9,2.5,1.7405,1.6129,1.998,2.2296,1.9161,0.75,0.75,0.75,0.75,0.75,,90.0,,,,10.72542122417824,1.0,7.0,1.0,0.0,1.0,1.0,90.0,563.0,0.05595026642984012,0.03357015985790407,9.11190053285968,0.0,,,,7.5009,1.5308,high,1.0,1.0,5,0,0,2.1,2.1,1.125,5-GW avg pts 2.80; mins 90; xGI 0.09; current GWs 5; fixture Elo diff -65,False,False,False,False,False,False,False,False,False,False,False,False,False,False,False,False,False,False,False,False,False,False,False,False,False,False,False,False,False,False,False,False
ad1d46d342d9e082098d5aae1d5995a0ebc74f9c,v3-snapshot-availability,131026edd2e6577a970aea5bfa8233754c166d88d2fe4de67f5614caf7754a71,2026-10-01T06:24:37.763425+00:00,152551,213,Jefferson,Lerma Solís,Lerma,31,Crystal Palace,CRY,Midfielder,a,False,4.8,0.1,1.8352,1.7819,1.8324,1.8102,1.8324,1.0,1.0,1.0,1.0,1.0,,45.0,,,,10.72542122417824,1.0,4.0,1.0,0.0,0.4,0.0,25.5,347.0,0.07521613832853026,0.08818443804034581,14.005763688760807,0.0,,,,7.2714,1.5149,high,1.0,1.0,5,0,0,0.2,0.2,0.3,5-GW avg pts 0.20; mins 10; xGI 0.05; current GWs 5; fixture Elo diff -34,False,False,False,False,False,False,False,False,False,False,False,False,False,False,False,False,False,False,False,False,False,False,False,False,False,False,False,False,False,False,False,False
ad1d46d342d9e082098d5aae1d5995a0ebc74f9c,v3-snapshot-availability,131026edd2e6577a970aea5bfa8233754c166d88d2fe4de67f5614caf7754a71,2026-10-01T06:24:37.763425+00:00,214590,611,Aaron,Wan-Bissaka,Wan-Bissaka,7,Aston Villa,AVL,Defender,a,False,4.5,0.2,1.8412,1.7891,1.7734,1.8931,1.7891,1.0,1.0,1.0,1.0,1.0,,45.0,,,,11.78792122417824,1.0,6.0,1.0,0.0,0.8,0.2,38.0,329.0,0.0,0.038297872340425504,8.753799392097264,0.0,,,,7.2688,1.6153,high,1.0,1.0,4,0,0,1.2,1.2,1.7,5-GW avg pts 1.20; mins 30; xGI 0.01; current GWs 4; fixture Elo diff +46,False,False,False,False,False,False,False,False,False,False,False,False,False,False,False,False,False,False,False,False,False,False,False,False,False,False,False,False,False,False,False,False
ad1d46d342d9e082098d5aae1d5995a0ebc74f9c,v3-snapshot-availability,131026edd2e6577a970aea5bfa8233754c166d88d2fe4de67f5614caf7754a71,2026-10-01T06:24:37.763425+00:00,199796,32,Matty,Cash,Cash,7,Aston Villa,AVL,Defender,a,False,4.4,4.8,1.8463,1.7477,1.7676,1.9292,1.7477,1.0,1.0,1.0,1.0,1.0,,45.0,,,,11.78792122417824,1.0,7.0,1.0,0.0,0.8,0.6,74.0,690.0,0.020869565217391306,0.0339130434782608,5.3478260869565215,0.0,,3.0,,7.2324,1.6437,high,1.0,1.0,5,0,0,1.2,1.2,1.7,5-GW avg pts 1.20; mins 59; xGI 0.04; current GWs 5; fixture Elo diff +46,False,False,False,False,False,False,False,False,False,False,False,False,False,False,False,False,False,False,False,False,False,False,False,False,False,False,False,False,False,False,False,False
ad1d46d342d9e082098d5aae1d5995a0ebc74f9c,v3-snapshot-availability,131026edd2e6577a970aea5bfa8233754c166d88d2fe4de67f5614caf7754a71,2026-10-01T06:24:37.763425+00:00,516895,432,Kobbie,Mainoo,Mainoo,1,Man Utd,MUN,Midfielder,d,False,5.5,1.6,1.8968,1.7499,1.9058,1.5969,1.8317,0.75,0.75,0.75,0.75,0.75,,80.0,,,,10.621254557511573,1.0,8.0,1.0,0.0,1.0,0.8,70.8,804.0,0.06044776119402982,0.1052238805970149,12.425373134328359,0.0,,,,7.2132,1.3115,high,1.0,1.0,5,0,0,3.3,3.3,3.225,5-GW avg pts 4.40; mins 71; xGI 0.16; current GWs 5; fixture Elo diff +76,False,False,False,False,False,False,False,False,False,False,False,False,False,False,False,False,False,False,False,False,False,False,False,False,False,False,False,False,False,False,False,False
ad1d46d342d9e082098d5aae1d5995a0ebc74f9c,v3-snapshot-availability,131026edd2e6577a970aea5bfa8233754c166d88d2fe4de67f5614caf7754a71,2026-10-01T06:24:37.763425+00:00,232787,519,Conor,Gallagher,Gallagher,6,Spurs,TOT,Midfielder,a,False,5.3,0.2,1.7277,1.8353,1.7347,1.7617,1.7382,1.0,1.0,1.0,1.0,1.0,,6.0,,,,11.78792122417824,1.0,7.0,1.0,0.0,0.6,0.2,44.666666666666664,575.0,0.15652173913043477,0.040695652173912994,10.8,0.0,,,,7.0434,1.3289,high,1.0,1.0,5,0,0,1.8,1.8,3.0,5-GW avg pts 1.80; mins 27; xGI 0.10; current GWs 5; fixture Elo diff -25,False,False,False,False,False,False,False,False,False,False,False,False,False,False,False,False,False,False,False,False,False,False,False,False,False,False,False,False,False,False,False,False
ad1d46d342d9e082098d5aae1d5995a0ebc74f9c,v3-snapshot-availability,131026edd2e6577a970aea5bfa8233754c166d88d2fe4de67f5614caf7754a71,2026-10-01T06:24:37.763425+00:00,441266,371,Ryan,Gravenberch,Gravenberch,14,Liverpool,LIV,Midfielder,a,False,5.8,1.1,1.722,1.7564,1.7711,1.722,1.81,1.0,1.0,1.0,1.0,1.0,,9.0,,,,10.72542122417824,1.0,10.0,1.0,0.0,1.0,0.2,38.0,528.0,0.05624999999999997,0.04090909090909079,8.352272727272727,0.0,,,,7.0112,1.2088,high,1.0,1.0,5,0,0,1.8,1.8,1.0,5-GW avg pts 1.80; mins 38; xGI 0.04; current GWs 5; fixture Elo diff +7,False,False,False,False,False,False,False,False,False,False,False,False,False,False,False,False,False,False,False,False,False,False,False,False,False,False,False,False,False,False,False,False
ad1d46d342d9e082098d5aae1d5995a0ebc74f9c,v3-snapshot-availability,131026edd2e6577a970aea5bfa8233754c166d88d2fe4de67f5614caf7754a71,2026-10-01T06:24:37.763425+00:00,101282,289,Matt,Crooks,Crooks,88,Hull City,HUL,Midfielder,a,False,4.4,0.5,1.795,1.698,1.7962,1.7896,1.6442,1.0,1.0,1.0,1.0,1.0,,45.0,,,,11.683754557511573,1.0,6.0,1.0,0.0,0.6,0.4,67.66666666666667,203.0,0.0,0.05320197044334975,9.310344827586206,0.0,,,,6.9993,1.5908,high,1.0,1.0,5,0,0,0.6,0.6,0.3,5-GW avg pts 0.60; mins 41; xGI 0.02; current GWs 5; fixture Elo diff -299,False,False,False,False,False,False,False,False,False,False,False,False,False,False,False,False,False,False,False,False,False,False,False,False,False,False,False,False,False,False,False,False
ad1d46d342d9e082098d5aae1d5995a0ebc74f9c,v3-snapshot-availability,131026edd2e6577a970aea5bfa8233754c166d88d2fe4de67f5614caf7754a71,2026-10-01T06:24:37.763425+00:00,533463,95,Dango,Ouattara,O.Dango,94,Brentford,BRE,Midfielder,a,False,6.3,0.5,1.6984,1.7042,1.7774,1.7087,1.6984,1.0,1.0,1.0,1.0,1.0,,9.0,,,,12.47542122417824,1.0,8.0,1.0,0.0,1.0,0.2,35.8,560.0,0.36642857142857144,0.13178571428571426,8.357142857142858,0.0,,4.0,,6.8692,1.0904,high,1.0,1.0,5,0,0,1.4,1.4,1.0,5-GW avg pts 1.40; mins 36; xGI 0.10; current GWs 5; fixture Elo diff +31,False,False,False,False,False,False,False,False,False,False,False,False,False,False,False,False,False,False,False,False,False,False,False,False,False,False,False,False,False,False,False,False
ad1d46d342d9e082098d5aae1d5995a0ebc74f9c,v3-snapshot-availability,131026edd2e6577a970aea5bfa8233754c166d88d2fe4de67f5614caf7754a71,2026-10-01T06:24:37.763425+00:00,490094,240,Tim,Iroegbunam,Iroegbunam,88,Hull City,HUL,Midfielder,a,False,5.0,0.0,1.7347,1.7114,1.7087,1.7849,1.6194,1.0,1.0,1.0,1.0,1.0,,45.0,,,,11.683754557511573,1.0,4.0,1.0,0.0,0.6,0.0,23.333333333333332,430.0,0.05232558139534884,0.02302325581395347,10.465116279069768,0.0,,,,6.863,1.3726,high,1.0,1.0,5,0,0,0.4,0.4,0.3,5-GW avg pts 0.40; mins 14; xGI 0.03; current GWs 5; fixture Elo diff -299,False,False,False,False,False,False,False,False,False,False,False,False,False,False,False,False,False,False,False,False,False,False,False,False,False,False,False,False,False,False,False,False
ad1d46d342d9e082098d5aae1d5995a0ebc74f9c,v3-snapshot-availability,131026edd2e6577a970aea5bfa8233754c166d88d2fe4de67f5614caf7754a71,2026-10-01T06:24:37.763425+00:00,195384,17,Mikel,Merino Zazón,Merino,3,Arsenal,ARS,Midfielder,a,False,5.7,0.4,1.6866,1.6681,1.6866,1.6636,1.6813,1.0,1.0,1.0,1.0,1.0,,30.0,,,,11.683754557511573,1.0,8.0,1.0,0.0,1.0,0.0,16.2,109.0,,,,,,,,6.7105,1.1773,high,1.0,1.0,5,0,0,0.8,0.8,0.7,5-GW avg pts 0.80; mins 16; xGI 0.06; current GWs 5; fixture Elo diff +291,False,False,False,False,False,False,False,False,False,False,False,False,False,False,False,False,False,False,False,False,False,False,False,False,False,False,False,False,False,False,False,False
ad1d46d342d9e082098d5aae1d5995a0ebc74f9c,v3-snapshot-availability,131026edd2e6577a970aea5bfa8233754c166d88d2fe4de67f5614caf7754a71,2026-10-01T06:24:37.763425+00:00,560552,263,Kevin,Santos Lopes de Macedo,Kevin,54,Fulham,FUL,Midfielder,a,False,5.3,0.0,1.6885,1.7003,1.6958,1.6368,1.6486,1.0,1.0,1.0,1.0,1.0,,19.0,,,,10.621254557511573,1.0,7.0,1.0,0.0,0.8,0.0,15.25,193.0,0.07461139896373048,0.08860103626943003,8.860103626943005,0.0,,4.0,,6.7103,1.2661,high,1.0,1.0,5,0,0,0.8,0.8,0.7,5-GW avg pts 0.80; mins 12; xGI 0.04; current GWs 5; fixture Elo diff +95,False,False,False,False,False,False,False,False,False,False,False,False,False,False,False,False,False,False,False,False,False,False,False,False,False,False,False,False,False,False,False,False
ad1d46d342d9e082098d5aae1d5995a0ebc74f9c,v3-snapshot-availability,131026edd2e6577a970aea5bfa8233754c166d88d2fe4de67f5614caf7754a71,2026-10-01T06:24:37.763425+00:00,442967,562,Daizen,Maeda,Maeda,40,Ipswich Town,IPS,Midfielder,a,False,5.3,0.2,1.7009,1.5016,1.7006,1.7962,1.6895,1.0,1.0,1.0,1.0,1.0,,16.0,,,,11.683754557511573,1.0,8.0,1.0,0.0,1.0,0.6,51.8,259.0,0.24671814671814665,0.00694980694980695,6.94980694980695,0.0,,,,6.6838,1.2611,high,1.0,1.0,5,0,0,1.6,1.6,1.3,5-GW avg pts 1.60; mins 52; xGI 0.15; current GWs 5; fixture Elo diff -162,False,False,False,False,False,False,False,False,False,False,False,False,False,False,False,False,False,False,False,False,False,False,False,False,False,False,False,False,False,False,False,False
ad1d46d342d9e082098d5aae1d5995a0ebc74f9c,v3-snapshot-availability,131026edd2e6577a970aea5bfa8233754c166d88d2fe4de67f5614caf7754a71,2026-10-01T06:24:37.763425+00:00,205533,224,Eddie,Nketiah,Nketiah,31,Crystal Palace,CRY,Forward,a,False,5.5,0.5,1.6714,1.6484,1.6602,1.6678,1.6602,1.0,1.0,1.0,1.0,1.0,,24.0,,16.0,,10.72542122417824,2.0,8.0,2.0,1.0,0.8,0.2,43.75,175.0,,,,,,,,6.6468,1.2085,high,1.0,1.0,5,0,0,1.6,1.6,1.7,5-GW avg pts 1.60; mins 35; xGI 0.34; current GWs 5; fixture Elo diff -34,False,False,False,False,False,False,False,False,False,False,False,False,False,False,False,False,False,False,False,False,False,False,False,False,False,False,False,False,False,False,False,False
ad1d46d342d9e082098d5aae1d5995a0ebc74f9c,v3-snapshot-availability,131026edd2e6577a970aea5bfa8233754c166d88d2fe4de67f5614caf7754a71,2026-10-01T06:24:37.763425+00:00,232413,14,Eberechi,Eze,Eze,3,Arsenal,ARS,Midfielder,a,False,6.2,1.0,1.6599,1.641,1.6599,1.6365,1.6545,1.0,1.0,1.0,1.0,1.0,,17.0,,,,11.683754557511573,1.0,8.0,1.0,0.0,0.8,0.0,21.25,367.0,0.30899182561307886,0.05885558583106269,4.4141689373297,0.0,,,3.0,6.603,1.065,high,1.0,1.0,5,0,0,0.8,0.8,0.7,5-GW avg pts 0.80; mins 17; xGI 0.03; current GWs 5; fixture Elo diff +291,False,False,False,False,False,False,False,False,False,False,False,False,False,False,False,False,False,False,False,False,False,False,False,False,False,False,False,False,False,False,False,False
ad1d46d342d9e082098d5aae1d5995a0ebc74f9c,v3-snapshot-availability,131026edd2e6577a970aea5bfa8233754c166d88d2fe4de67f5614caf7754a71,2026-10-01T06:24:37.763425+00:00,577285,51,George,Hemmings,George Hemmings,7,Aston Villa,AVL,Midfielder,a,False,4.5,1.2,1.6515,1.6273,1.5815,1.7399,1.6247,1.0,1.0,1.0,1.0,1.0,,18.0,,,,11.78792122417824,1.0,10.0,1.0,0.0,1.0,0.6,59.4,297.0,0.021212121212121213,0.048484848484848464,5.757575757575758,0.0,,,,6.574,1.4609,high,1.0,1.0,5,0,0,1.8,1.8,1.7,5-GW avg pts 1.80; mins 59; xGI 0.05; current GWs 5; fixture Elo diff +46,False,False,False,False,False,False,False,False,False,False,False,False,False,False,False,False,False,False,False,False,False,False,False,False,False,False,False,False,False,False,False,False
ad1d46d342d9e082098d5aae1d5995a0ebc74f9c,v3-snapshot-availability,131026edd2e6577a970aea5bfa8233754c166d88d2fe4de67f5614caf7754a71,2026-10-01T06:24:37.763425+00:00,472713,90,Aaron,Hickey,Hickey,94,Brentford,BRE,Defender,a,False,4.5,0.1,1.5925,1.6098,1.6716,1.6209,1.5925,1.0,1.0,1.0,1.0,1.0,,21.0,,,,12.47542122417824,1.0,8.0,1.0,0.0,1.0,0.2,30.4,243.0,0.025925925925925887,0.02222222222222219,9.62962962962963,0.0,,,,6.4689,1.4375,high,1.0,1.0,5,0,0,1.0,1.0,1.0,5-GW avg pts 1.00; mins 30; xGI 0.02; current GWs 5; fixture Elo diff +31,False,False,False,False,False,False,False,False,False,False,False,False,False,False,False,False,False,False,False,False,False,False,False,False,False,False,False,False,False,False,False,False
ad1d46d342d9e082098d5aae1d5995a0ebc74f9c,v3-snapshot-availability,131026edd2e6577a970aea5bfa8233754c166d88d2fe4de67f5614caf7754a71,2026-10-01T06:24:37.763425+00:00,427637,337,Brenden,Aaronson,Aaronson,2,Leeds,LEE,Midfielder,a,False,5.3,0.5,1.5827,1.6258,1.6255,1.62,1.6294,1.0,1.0,1.0,1.0,1.0,,22.0,,,,10.72542122417824,1.0,11.0,1.0,0.0,1.0,0.2,38.8,423.0,0.061702127659574516,0.10212765957446808,7.0212765957446805,0.0,,,4.0,6.458,1.2185,high,1.0,1.0,5,0,0,1.4,1.4,1.0,5-GW avg pts 1.40; mins 39; xGI 0.01; current GWs 5; fixture Elo diff -76,False,False,False,False,False,False,False,False,False,False,False,False,False,False,False,False,False,False,False,False,False,False,False,False,False,False,False,False,False,False,False,False
ad1d46d342d9e082098d5aae1d5995a0ebc74f9c,v3-snapshot-availability,131026edd2e6577a970aea5bfa8233754c166d88d2fe4de67f5614caf7754a71,2026-10-01T06:24:37.763425+00:00,176297,429,Marcus,Rashford,Rashford,1,Man Utd,MUN,Midfielder,d,False,7.0,1.5,1.6811,1.5865,1.6284,1.4797,1.6265,0.75,0.75,0.75,0.75,0.75,,77.0,,,,10.621254557511573,1.0,7.0,1.0,0.0,1.0,0.8,70.2,351.0,0.2,0.1102564102564102,4.615384615384615,0.0,,,3.0,6.4234,0.9176,high,1.0,1.0,5,0,0,1.5,1.5,1.275,5-GW avg pts 2.00; mins 70; xGI 0.24; current GWs 5; fixture Elo diff +76,False,False,False,False,False,False,False,False,False,False,False,False,False,False,False,False,False,False,False,False,False,False,False,False,False,False,False,False,False,False,False,False
ad1d46d342d9e082098d5aae1d5995a0ebc74f9c,v3-snapshot-availability,131026edd2e6577a970aea5bfa8233754c166d88d2fe4de67f5614caf7754a71,2026-10-01T06:24:37.763425+00:00,472769,387,Nico,O'Reilly,O'Reilly,43,Man City,MCI,Defender,a,False,6.3,10.9,1.5466,1.6419,1.5466,1.6279,1.6215,1.0,1.0,1.0,1.0,1.0,,95.0,,90.0,,10.72542122417824,2.0,6.0,2.0,1.0,0.8,0.4,40.75,433.0,0.3699769053117783,0.14341801385681285,3.533487297921478,0.0,,,,6.3741,1.0118,high,1.0,1.0,5,0,0,1.2,1.2,0.7,5-GW avg pts 1.20; mins 33; xGI 0.26; current GWs 5; fixture Elo diff +144,False,False,False,False,False,False,False,False,False,False,False,False,False,False,False,False,False,False,False,False,False,False,False,False,False,False,False,False,False,False,False,False
ad1d46d342d9e082098d5aae1d5995a0ebc74f9c,v3-snapshot-availability,131026edd2e6577a970aea5bfa8233754c166d88d2fe4de67f5614caf7754a71,2026-10-01T06:24:37.763425+00:00,244860,247,Hayden,Hackney,Hackney,11,Everton,EVE,Midfielder,a,False,5.4,0.2,1.621,1.5805,1.4896,1.5661,1.6428,1.0,1.0,1.0,1.0,1.0,,1.0,,,,11.683754557511573,1.0,9.0,1.0,0.0,1.0,0.2,27.4,137.0,,,,,,3.0,,6.317,1.1698,high,1.0,1.0,5,0,0,2.0,2.0,2.0,5-GW avg pts 2.00; mins 27; xGI 0.04; current GWs 5; fixture Elo diff +18,False,False,False,False,False,False,False,False,False,False,False,False,False,False,False,False,False,False,False,False,False,False,False,False,False,False,False,False,False,False,False,False
ad1d46d342d9e082098d5aae1d5995a0ebc74f9c,v3-snapshot-availability,131026edd2e6577a970aea5bfa8233754c166d88d2fe4de67f5614caf7754a71,2026-10-01T06:24:37.763425+00:00,200617,343,Daniel,James,James,2,Leeds,LEE,Midfielder,a,False,4.9,0.1,1.5204,1.5844,1.5922,1.577,1.5993,1.0,1.0,1.0,1.0,1.0,,23.0,,,,10.72542122417824,1.0,9.0,1.0,0.0,0.6,0.0,17.333333333333332,194.0,0.2551546391752577,0.060309278350515375,6.494845360824742,0.0,,,,6.2836,1.2824,high,1.0,1.0,5,0,0,0.6,0.6,0.7,5-GW avg pts 0.60; mins 10; xGI 0.07; current GWs 5; fixture Elo diff -76,False,False,False,False,False,False,False,False,False,False,False,False,False,False,False,False,False,False,False,False,False,False,False,False,False,False,False,False,False,False,False,False
ad1d46d342d9e082098d5aae1d5995a0ebc74f9c,v3-snapshot-availability,131026edd2e6577a970aea5bfa8233754c166d88d2fe4de67f5614caf7754a71,2026-10-01T06:24:37.763425+00:00,174874,253,Joachim,Andersen,Andersen,54,Fulham,FUL,Defender,a,False,5.0,0.2,1.5655,1.5808,1.5729,1.5086,1.5239,1.0,1.0,1.0,1.0,1.0,,10.0,,,,10.621254557511573,1.0,6.0,1.0,0.0,0.6,0.4,63.333333333333336,421.0,0.010688836104513063,0.02779097387173397,10.261282660332542,0.0,,,,6.2169,1.2434,high,1.0,1.0,5,0,0,0.6,0.6,0.7,5-GW avg pts 0.60; mins 38; xGI 0.02; current GWs 5; fixture Elo diff +95,False,False,False,False,False,False,False,False,False,False,False,False,False,False,False,False,False,False,False,False,False,False,False,False,False,False,False,False,False,False,False,False
ad1d46d342d9e082098d5aae1d5995a0ebc74f9c,v3-snapshot-availability,131026edd2e6577a970aea5bfa8233754c166d88d2fe4de67f5614caf7754a71,2026-10-01T06:24:37.763425+00:00,499169,7,Myles,Lewis-Skelly,Lewis-Skelly,3,Arsenal,ARS,Midfielder,a,False,5.4,0.6,1.5344,1.4482,1.5344,1.4398,1.7875,1.0,1.0,1.0,1.0,1.0,,0.0,,,,15.47542122417824,0.0,10.0,1.0,0.0,0.8,0.6,67.75,567.0,0.0253968253968254,0.055555555555555525,3.1746031746031744,0.0,,,,6.1457,1.1381,high,1.0,1.0,5,0,0,1.8,1.8,1.0,5-GW avg pts 1.80; mins 54; xGI 0.08; current GWs 5; fixture Elo diff +291,False,False,False,False,False,False,False,False,False,False,False,False,False,False,False,False,False,False,False,False,False,False,False,False,False,False,False,False,False,False,False,False
ad1d46d342d9e082098d5aae1d5995a0ebc74f9c,v3-snapshot-availability,131026edd2e6577a970aea5bfa8233754c166d88d2fe4de67f5614caf7754a71,2026-10-01T06:24:37.763425+00:00,434399,536,Reinildo,Mandava,Reinildo,56,Sunderland,SUN,Defender,a,False,4.4,0.3,1.5609,1.4894,1.5618,1.5092,1.5609,1.0,1.0,1.0,1.0,1.0,,,,,,14.47542122417824,0.0,6.0,0.0,0.0,0.8,0.8,90.0,746.0,0.0,0.05428954423592492,7.117962466487936,0.0,,,,6.1438,1.3963,high,1.0,1.0,5,0,0,1.4,1.4,0.0,5-GW avg pts 1.40; mins 72; xGI 0.06; current GWs 5; fixture Elo diff -65,False,False,False,False,False,False,False,False,False,False,False,False,False,False,False,False,False,False,False,False,False,False,False,False,False,False,False,False,False,False,False,False
ad1d46d342d9e082098d5aae1d5995a0ebc74f9c,v3-snapshot-availability,131026edd2e6577a970aea5bfa8233754c166d88d2fe4de67f5614caf7754a71,2026-10-01T06:24:37.763425+00:00,577016,151,Josh,Acheampong,Acheampong,8,Chelsea,CHE,Defender,a,False,4.5,0.3,1.5267,1.5054,1.533,1.5267,1.5527,1.0,1.0,1.0,1.0,1.0,,19.0,,,,12.47542122417824,1.0,9.0,1.0,0.0,0.8,0.4,55.25,299.0,0.006020066889632107,0.009030100334448132,6.923076923076923,0.0,,,,6.1083,1.3574,high,1.0,1.0,5,0,0,1.0,1.0,0.3,5-GW avg pts 1.00; mins 44; xGI 0.01; current GWs 5; fixture Elo diff +10,False,False,False,False,False,False,False,False,False,False,False,False,False,False,False,False,False,False,False,False,False,False,False,False,False,False,False,False,False,False,False,False
ad1d46d342d9e082098d5aae1d5995a0ebc74f9c,v3-snapshot-availability,131026edd2e6577a970aea5bfa8233754c166d88d2fe4de67f5614caf7754a71,2026-10-01T06:24:37.763425+00:00,172780,515,James,Maddison,Maddison,6,Spurs,TOT,Midfielder,a,False,6.3,0.4,1.4947,1.5614,1.4992,1.5416,1.5233,1.0,1.0,1.0,1.0,1.0,,24.0,,,,11.78792122417824,1.0,4.0,1.0,0.0,0.6,0.0,19.666666666666668,93.0,,,,,,5.0,5.0,6.0924,0.9671,high,1.0,1.0,5,0,0,0.6,0.6,0.7,5-GW avg pts 0.60; mins 12; xGI 0.02; current GWs 5; fixture Elo diff -25,False,False,False,False,False,False,False,False,False,False,False,False,False,False,False,False,False,False,False,False,False,False,False,False,False,False,False,False,False,False,False,False
ad1d46d342d9e082098d5aae1d5995a0ebc74f9c,v3-snapshot-availability,131026edd2e6577a970aea5bfa8233754c166d88d2fe4de67f5614caf7754a71,2026-10-01T06:24:37.763425+00:00,487676,534,Trai,Hume,Hume,56,Sunderland,SUN,Defender,a,False,4.3,2.8,1.5377,1.478,1.5481,1.4976,1.5377,1.0,1.0,1.0,1.0,1.0,,11.0,,,,10.72542122417824,1.0,7.0,1.0,0.0,0.8,0.4,51.5,624.0,0.06057692307692305,0.10096153846153841,4.903846153846154,0.0,,3.0,,6.0772,1.4133,high,1.0,1.0,5,0,0,2.0,2.0,0.7,5-GW avg pts 2.00; mins 41; xGI 0.09; current GWs 5; fixture Elo diff -65,False,False,False,False,False,False,False,False,False,False,False,False,False,False,False,False,False,False,False,False,False,False,False,False,False,False,False,False,False,False,False,False
ad1d46d342d9e082098d5aae1d5995a0ebc74f9c,v3-snapshot-availability,131026edd2e6577a970aea5bfa8233754c166d88d2fe4de67f5614caf7754a71,2026-10-01T06:24:37.763425+00:00,551210,148,Jorrel,Hato,Hato,8,Chelsea,CHE,Defender,a,False,4.5,0.8,1.5132,1.5005,1.5141,1.5132,1.5025,1.0,1.0,1.0,1.0,1.0,,0.0,,,,18.683754557511573,0.0,8.0,1.0,0.0,0.8,0.4,64.5,489.0,0.0018404907975460123,0.05521472392638033,6.993865030674846,0.0,,,,6.0357,1.3413,high,1.0,1.0,5,0,0,1.6,1.6,1.0,5-GW avg pts 1.60; mins 52; xGI 0.04; current GWs 5; fixture Elo diff +10,False,False,False,False,False,False,False,False,False,False,False,False,False,False,False,False,False,False,False,False,False,False,False,False,False,False,False,False,False,False,False,False
ad1d46d342d9e082098d5aae1d5995a0ebc74f9c,v3-snapshot-availability,131026edd2e6577a970aea5bfa8233754c166d88d2fe4de67f5614caf7754a71,2026-10-01T06:24:37.763425+00:00,224117,25,Viktor,Gyökeres,Gyökeres,3,Arsenal,ARS,Forward,a,False,7.1,3.1,1.497,1.4716,1.497,1.4698,1.4916,1.0,1.0,1.0,1.0,1.0,,17.0,,,,11.683754557511573,1.0,9.0,1.0,0.0,0.4,0.0,14.5,262.0,0.6904580152671755,0.13740458015267168,4.465648854961832,0.0,2.0,,,5.9428,0.837,high,1.0,1.0,5,0,0,0.4,0.4,0.7,5-GW avg pts 0.40; mins 6; xGI 0.05; current GWs 5; fixture Elo diff +291,False,False,False,False,False,False,False,False,False,False,False,False,False,False,False,False,False,False,False,False,False,False,False,False,False,False,False,False,False,False,False,False
ad1d46d342d9e082098d5aae1d5995a0ebc74f9c,v3-snapshot-availability,131026edd2e6577a970aea5bfa8233754c166d88d2fe4de67f5614caf7754a71,2026-10-01T06:24:37.763425+00:00,608227,576,Elliot,Stroud,Stroud,88,Hull City,HUL,Midfielder,a,False,5.0,0.1,1.4666,1.3744,1.4557,1.7535,1.3134,1.0,1.0,1.0,1.0,1.0,,0.0,,,,18.683754557511573,0.0,7.0,1.0,0.0,0.8,0.4,62.25,249.0,0.021686746987951772,0.018072289156626505,7.228915662650603,0.0,,,,5.8837,1.1767,high,1.0,1.0,5,0,0,1.4,1.4,1.3,5-GW avg pts 1.40; mins 50; xGI 0.02; current GWs 5; fixture Elo diff -299,False,False,False,False,False,False,False,False,False,False,False,False,False,False,False,False,False,False,False,False,False,False,False,False,False,False,False,False,False,False,False,False
ad1d46d342d9e082098d5aae1d5995a0ebc74f9c,v3-snapshot-availability,131026edd2e6577a970aea5bfa8233754c166d88d2fe4de67f5614caf7754a71,2026-10-01T06:24:37.763425+00:00,209244,398,Phil,Foden,Foden,43,Man City,MCI,Midfielder,s,False,6.9,1.8,0.0,1.9435,1.8988,1.9696,1.971,0.0,1.0,1.0,1.0,1.0,,,,,,17.621254557511573,0.0,8.0,0.0,0.0,0.8,0.4,54.25,468.0,0.44230769230769235,0.31153846153846154,6.538461538461538,0.0,,2.0,2.0,5.8295,0.8449,high,1.0,1.0,5,0,0,0.0,0.0,0.0,5-GW avg pts 1.80; mins 43; xGI 0.50; current GWs 5; fixture Elo diff +144,False,False,False,False,False,False,False,False,False,False,False,False,False,False,False,False,False,False,False,False,False,False,False,False,False,False,False,False,False,False,False,False
ad1d46d342d9e082098d5aae1d5995a0ebc74f9c,v3-snapshot-availability,131026edd2e6577a970aea5bfa8233754c166d88d2fe4de67f5614caf7754a71,2026-10-01T06:24:37.763425+00:00,496661,245,Tyler,Dibling,Dibling,11,Everton,EVE,Midfielder,a,False,5.4,0.0,1.4694,1.4602,1.3744,1.4418,1.4951,1.0,1.0,1.0,1.0,1.0,,24.0,,,,11.683754557511573,1.0,6.0,1.0,0.0,0.2,0.0,24.0,24.0,,,,,,,,5.7894,1.0721,high,1.0,1.0,5,0,0,0.2,0.2,0.3,5-GW avg pts 0.20; mins 5; xGI 0.07; current GWs 5; fixture Elo diff +18,False,False,False,False,False,False,False,False,False,False,False,False,False,False,False,False,False,False,False,False,False,False,False,False,False,False,False,False,False,False,False,False
ad1d46d342d9e082098d5aae1d5995a0ebc74f9c,v3-snapshot-availability,131026edd2e6577a970aea5bfa8233754c166d88d2fe4de67f5614caf7754a71,2026-10-01T06:24:37.763425+00:00,159506,473,Ola,Aina,Aina,17,Nott'm Forest,NFO,Defender,a,False,4.4,2.4,1.4183,1.4507,1.4921,1.4175,1.4507,1.0,1.0,1.0,1.0,1.0,,0.0,,,,18.683754557511573,0.0,6.0,1.0,0.0,0.8,0.6,76.5,396.0,0.020454545454545437,0.12272727272727273,7.045454545454546,0.0,,,,5.7802,1.3137,high,1.0,1.0,5,0,0,1.6,1.6,1.0,5-GW avg pts 1.60; mins 61; xGI 0.11; current GWs 5; fixture Elo diff -41,False,False,False,False,False,False,False,False,False,False,False,False,False,False,False,False,False,False,False,False,False,False,False,False,False,False,False,False,False,False,False,False
ad1d46d342d9e082098d5aae1d5995a0ebc74f9c,v3-snapshot-availability,131026edd2e6577a970aea5bfa8233754c166d88d2fe4de67f5614caf7754a71,2026-10-01T06:24:37.763425+00:00,611665,461,Bazoumana,Touré,Touré,4,Newcastle,NEW,Midfielder,a,False,5.8,0.1,1.4702,1.4359,1.4265,1.4445,1.4294,1.0,1.0,1.0,1.0,1.0,,16.0,,,,11.683754557511573,1.0,7.0,1.0,0.0,0.6,0.0,16.666666666666668,50.0,,,,,,,,5.7725,0.9953,high,1.0,1.0,5,0,0,1.6,1.6,2.3,5-GW avg pts 1.60; mins 10; xGI 0.06; current GWs 5; fixture Elo diff +37,False,False,False,False,False,False,False,False,False,False,False,False,False,False,False,False,False,False,False,False,False,False,False,False,False,False,False,False,False,False,False,False
ad1d46d342d9e082098d5aae1d5995a0ebc74f9c,v3-snapshot-availability,131026edd2e6577a970aea5bfa8233754c166d88d2fe4de67f5614caf7754a71,2026-10-01T06:24:37.763425+00:00,593117,164,Geovany,Quenda,Quenda,8,Chelsea,CHE,Midfielder,a,False,5.3,0.0,1.4243,1.4164,1.4347,1.4243,1.4183,1.0,1.0,1.0,1.0,1.0,,19.0,,,,12.47542122417824,1.0,5.0,1.0,0.0,0.4,0.0,13.5,27.0,,,,,,,,5.6948,1.0745,high,1.0,1.0,5,0,0,0.4,0.4,0.3,5-GW avg pts 0.40; mins 5; xGI 0.01; current GWs 5; fixture Elo diff +10,False,False,False,False,False,False,False,False,False,False,False,False,False,False,False,False,False,False,False,False,False,False,False,False,False,False,False,False,False,False,False,False
ad1d46d342d9e082098d5aae1d5995a0ebc74f9c,v3-snapshot-availability,131026edd2e6577a970aea5bfa8233754c166d88d2fe4de67f5614caf7754a71,2026-10-01T06:24:37.763425+00:00,481624,318,Jaden,Philogene,Philogene,40,Ipswich Town,IPS,Midfielder,a,False,5.4,0.1,1.4233,1.3443,1.423,1.4654,1.4146,1.0,1.0,1.0,1.0,1.0,,24.0,,,,11.683754557511573,1.0,3.0,1.0,0.0,0.4,0.0,26.0,52.0,,,,,3.0,5.0,,5.6461,1.0456,high,1.0,1.0,5,0,0,0.4,0.4,0.7,5-GW avg pts 0.40; mins 10; xGI 0.02; current GWs 5; fixture Elo diff -162,False,False,False,False,False,False,False,False,False,False,False,False,False,False,False,False,False,False,False,False,False,False,False,False,False,False,False,False,False,False,False,False
ad1d46d342d9e082098d5aae1d5995a0ebc74f9c,v3-snapshot-availability,131026edd2e6577a970aea5bfa8233754c166d88d2fe4de67f5614caf7754a71,2026-10-01T06:24:37.763425+00:00,174594,347,Lukas,Nmecha,Nmecha,2,Leeds,LEE,Forward,a,False,5.4,0.5,1.3484,1.4124,1.3862,1.4051,1.396,1.0,1.0,1.0,1.0,1.0,,14.0,,,,10.72542122417824,1.0,10.0,1.0,0.0,0.8,0.0,16.0,236.0,0.331779661016949,0.2783898305084746,7.245762711864407,0.0,2.0,,,5.5497,1.0277,high,1.0,1.0,5,0,0,1.4,1.4,1.0,5-GW avg pts 1.40; mins 13; xGI 0.08; current GWs 5; fixture Elo diff -76,False,False,False,False,False,False,False,False,False,False,False,False,False,False,False,False,False,False,False,False,False,False,False,False,False,False,False,False,False,False,False,False
ad1d46d342d9e082098d5aae1d5995a0ebc74f9c,v3-snapshot-availability,131026edd2e6577a970aea5bfa8233754c166d88d2fe4de67f5614caf7754a71,2026-10-01T06:24:37.763425+00:00,218997,195,Ellis,Simms,Simms,9,Coventry City,COV,Forward,a,False,4.9,0.6,1.3723,1.3709,1.3837,1.3891,1.3709,1.0,1.0,1.0,1.0,1.0,,16.0,,,,11.579587890844907,1.0,5.0,1.0,0.0,0.6,0.2,34.666666666666664,104.0,,,,,,,,5.508,1.1241,high,1.0,1.0,5,0,0,0.8,0.8,0.7,5-GW avg pts 0.80; mins 21; xGI 0.06; current GWs 5; fixture Elo diff -132,False,False,False,False,False,False,False,False,False,False,False,False,False,False,False,False,False,False,False,False,False,False,False,False,False,False,False,False,False,False,False,False
ad1d46d342d9e082098d5aae1d5995a0ebc74f9c,v3-snapshot-availability,131026edd2e6577a970aea5bfa8233754c166d88d2fe4de67f5614caf7754a71,2026-10-01T06:24:37.763425+00:00,147675,320,Chuba,Akpom,Akpom,40,Ipswich Town,IPS,Forward,a,False,5.0,1.2,1.3687,1.2774,1.3687,1.3699,1.3576,1.0,1.0,1.0,1.0,1.0,,9.0,,,,11.683754557511573,1.0,7.0,1.0,0.0,0.6,0.0,26.0,78.0,,,,,,,,5.3868,1.0774,high,1.0,1.0,5,0,0,1.4,1.4,0.3,5-GW avg pts 1.40; mins 16; xGI 0.23; current GWs 5; fixture Elo diff -162,False,False,False,False,False,False,False,False,False,False,False,False,False,False,False,False,False,False,False,False,False,False,False,False,False,False,False,False,False,False,False,False
ad1d46d342d9e082098d5aae1d5995a0ebc74f9c,v3-snapshot-availability,131026edd2e6577a970aea5bfa8233754c166d88d2fe4de67f5614caf7754a71,2026-10-01T06:24:37.763425+00:00,60689,490,Chris,Wood,Wood,17,Nott'm Forest,NFO,Forward,a,False,5.8,0.9,1.3493,1.3277,1.3692,1.3531,1.3277,1.0,1.0,1.0,1.0,1.0,,17.0,,,,11.579587890844907,1.0,6.0,1.0,0.0,0.8,0.0,15.5,320.0,0.36000000000000004,0.05343749999999997,4.21875,0.0,2.0,,,5.3834,0.9282,high,1.0,1.0,5,0,0,0.8,0.8,1.0,5-GW avg pts 0.80; mins 12; xGI 0.03; current GWs 5; fixture Elo diff -41,False,False,False,False,False,False,False,False,False,False,False,False,False,False,False,False,False,False,False,False,False,False,False,False,False,False,False,False,False,False,False,False
ad1d46d342d9e082098d5aae1d5995a0ebc74f9c,v3-snapshot-availability,131026edd2e6577a970aea5bfa8233754c166d88d2fe4de67f5614caf7754a71,2026-10-01T06:24:37.763425+00:00,578153,393,Abdukodir,Khusanov,Khusanov,43,Man City,MCI,Defender,a,False,5.4,1.4,1.3042,1.3817,1.3042,1.3683,1.3765,1.0,1.0,1.0,1.0,1.0,,90.0,,90.0,,13.496254557511573,1.0,7.0,2.0,1.0,0.6,0.6,89.33333333333333,538.0,0.01171003717472119,0.15055762081784385,5.687732342007435,0.0,,,,5.3747,0.9953,high,1.0,1.0,5,0,0,1.8,1.8,1.7,5-GW avg pts 1.80; mins 54; xGI 0.01; current GWs 5; fixture Elo diff +144,False,False,False,False,False,False,False,False,False,False,False,False,False,False,False,False,False,False,False,False,False,False,False,False,False,False,False,False,False,False,False,False
ad1d46d342d9e082098d5aae1d5995a0ebc74f9c,v3-snapshot-availability,131026edd2e6577a970aea5bfa8233754c166d88d2fe4de67f5614caf7754a71,2026-10-01T06:24:37.763425+00:00,465694,405,Nico,González Iglesias,N.Gonzalez,4,Newcastle,NEW,Midfielder,a,False,5.5,0.2,1.3856,1.3082,1.3129,1.318,1.3206,1.0,1.0,1.0,1.0,1.0,,,,,,16.47542122417824,0.0,7.0,0.0,0.0,0.6,0.4,54.666666666666664,328.0,0.027439024390243903,0.08506097560975608,8.50609756097561,0.0,,,,5.3283,0.9688,high,1.0,1.0,5,0,0,1.0,1.0,1.0,5-GW avg pts 1.00; mins 33; xGI 0.04; current GWs 5; fixture Elo diff +37,False,False,False,False,False,False,False,False,False,False,False,False,False,False,False,False,False,False,False,False,False,False,False,False,False,False,False,False,False,False,False,False
ad1d46d342d9e082098d5aae1d5995a0ebc74f9c,v3-snapshot-availability,131026edd2e6577a970aea5bfa8233754c166d88d2fe4de67f5614caf7754a71,2026-10-01T06:24:37.763425+00:00,482609,144,Malo,Gusto,Gusto,8,Chelsea,CHE,Defender,a,False,4.9,1.0,1.3152,1.2992,1.3229,1.3152,1.3012,1.0,1.0,1.0,1.0,1.0,,0.0,,,,18.683754557511573,0.0,7.0,1.0,0.0,0.8,0.6,68.0,536.0,0.030223880597014925,0.13432835820895522,4.869402985074627,0.0,,6.0,,5.2441,1.0702,high,1.0,1.0,5,0,0,0.8,0.8,0.7,5-GW avg pts 0.80; mins 54; xGI 0.04; current GWs 5; fixture Elo diff +10,False,False,False,False,False,False,False,False,False,False,False,False,False,False,False,False,False,False,False,False,False,False,False,False,False,False,False,False,False,False,False,False
ad1d46d342d9e082098d5aae1d5995a0ebc74f9c,v3-snapshot-availability,131026edd2e6577a970aea5bfa8233754c166d88d2fe4de67f5614caf7754a71,2026-10-01T06:24:37.763425+00:00,216094,357,Jeremie,Frimpong,Frimpong,14,Liverpool,LIV,Defender,a,False,5.3,1.8,1.2688,1.3091,1.3179,1.2688,1.3186,1.0,1.0,1.0,1.0,1.0,,0.0,,,,15.47542122417824,0.0,10.0,1.0,0.0,0.6,0.4,59.333333333333336,389.0,0.01850899742930589,0.08560411311053984,3.2390745501285347,0.0,,,,5.1807,0.9775,high,1.0,1.0,5,0,0,0.4,0.4,0.3,5-GW avg pts 0.40; mins 36; xGI 0.05; current GWs 5; fixture Elo diff +7,False,False,False,False,False,False,False,False,False,False,False,False,False,False,False,False,False,False,False,False,False,False,False,False,False,False,False,False,False,False,False,False
ad1d46d342d9e082098d5aae1d5995a0ebc74f9c,v3-snapshot-availability,131026edd2e6577a970aea5bfa8233754c166d88d2fe4de67f5614caf7754a71,2026-10-01T06:24:37.763425+00:00,172850,643,Ben,Chilwell,Chilwell,31,Crystal Palace,CRY,Defender,a,False,4.5,0.4,1.3066,1.2782,1.2981,1.2859,1.2981,1.0,1.0,1.0,1.0,1.0,,0.0,,0.0,,18.683754557511573,0.0,3.0,2.0,1.0,0.6666666666666666,0.0,14.5,29.0,,,,,,,,5.1745,1.1499,medium,0.6,0.6,3,0,0,2.6667,2.6667,2.7,5-GW avg pts 2.67; mins 10; xGI 0.09; current GWs 3; fixture Elo diff -34,False,False,False,False,False,False,False,False,False,False,False,False,False,False,False,False,False,False,False,False,False,False,False,False,False,False,False,False,False,False,False,False
ad1d46d342d9e082098d5aae1d5995a0ebc74f9c,v3-snapshot-availability,131026edd2e6577a970aea5bfa8233754c166d88d2fe4de67f5614caf7754a71,2026-10-01T06:24:37.763425+00:00,244042,271,Rodrigo,Muniz Carvalho,Muniz,54,Fulham,FUL,Forward,a,False,5.4,0.4,1.2631,1.2815,1.2705,1.2441,1.265,1.0,1.0,1.0,1.0,1.0,,10.0,,,,10.621254557511573,1.0,6.0,1.0,0.0,0.8,0.0,9.5,306.0,0.44999999999999996,0.008823529411764678,3.5294117647058822,0.0,,,,5.0627,0.9375,high,1.0,1.0,5,0,0,0.6,0.6,0.7,5-GW avg pts 0.60; mins 8; xGI 0.08; current GWs 5; fixture Elo diff +95,False,False,False,False,False,False,False,False,False,False,False,False,False,False,False,False,False,False,False,False,False,False,False,False,False,False,False,False,False,False,False,False
ad1d46d342d9e082098d5aae1d5995a0ebc74f9c,v3-snapshot-availability,131026edd2e6577a970aea5bfa8233754c166d88d2fe4de67f5614caf7754a71,2026-10-01T06:24:37.763425+00:00,551050,635,Hugo,Larsson,Larsson,54,Fulham,FUL,Midfielder,a,False,5.0,0.0,1.2538,1.2656,1.2611,1.2099,1.2217,1.0,1.0,1.0,1.0,1.0,,13.0,,,,10.621254557511573,1.0,4.0,1.0,0.0,1.0,0.0,12.333333333333334,37.0,,,,,,,,4.9817,0.9963,medium,0.6,0.6,3,0,0,1.0,1.0,1.0,5-GW avg pts 1.00; mins 12; xGI 0.12; current GWs 3; fixture Elo diff +95,False,False,False,False,False,False,False,False,False,False,False,False,False,False,False,False,False,False,False,False,False,False,False,False,False,False,False,False,False,False,False,False
ad1d46d342d9e082098d5aae1d5995a0ebc74f9c,v3-snapshot-availability,131026edd2e6577a970aea5bfa8233754c166d88d2fe4de67f5614caf7754a71,2026-10-01T06:24:37.763425+00:00,119471,446,Fabian,Schär,Schär,4,Newcastle,NEW,Defender,a,False,4.9,0.2,1.2506,1.2434,1.2345,1.2469,1.2355,1.0,1.0,1.0,1.0,1.0,,24.0,,,,11.683754557511573,1.0,6.0,1.0,0.0,0.4,0.0,12.5,25.0,,,,,,,2.0,4.9713,1.0146,high,1.0,1.0,5,0,0,0.4,0.4,0.3,5-GW avg pts 0.40; mins 5; xGI 0.00; current GWs 5; fixture Elo diff +37,False,False,False,False,False,False,False,False,False,False,False,False,False,False,False,False,False,False,False,False,False,False,False,False,False,False,False,False,False,False,False,False
ad1d46d342d9e082098d5aae1d5995a0ebc74f9c,v3-snapshot-availability,131026edd2e6577a970aea5bfa8233754c166d88d2fe4de67f5614caf7754a71,2026-10-01T06:24:37.763425+00:00,240514,564,Kjell,Scherpen,Scherpen,40,Ipswich Town,IPS,Goalkeeper,a,False,4.5,0.6,1.2411,1.1664,1.2411,1.243,1.2291,1.0,1.0,1.0,1.0,1.0,,0.0,,,,18.683754557511573,0.0,5.0,1.0,0.0,0.8,0.8,90.0,360.0,0.0,0.0025,0.0,3.75,,,,4.8914,1.087,high,1.0,1.0,5,0,0,1.4,1.4,1.0,5-GW avg pts 1.40; mins 72; xGI 0.00; current GWs 5; fixture Elo diff -162,False,False,False,False,False,False,False,False,False,False,False,False,False,False,False,False,False,False,False,False,False,False,False,False,False,False,False,False,False,False,False,False
ad1d46d342d9e082098d5aae1d5995a0ebc74f9c,v3-snapshot-availability,131026edd2e6577a970aea5bfa8233754c166d88d2fe4de67f5614caf7754a71,2026-10-01T06:24:37.763425+00:00,155408,71,Lewis,Cook,Cook,91,Bournemouth,BOU,Midfielder,a,False,5.0,0.2,1.1473,1.3726,1.1446,1.2316,1.198,1.0,1.0,1.0,1.0,1.0,,15.0,,0.0,,10.72542122417824,1.0,7.0,2.0,1.0,1.0,0.4,36.0,182.0,0.0,0.004945054945054945,6.923076923076923,0.0,,,,4.8793,0.9759,high,1.0,1.0,5,0,0,1.6,1.6,0.7,5-GW avg pts 1.60; mins 36; xGI 0.00; current GWs 5; fixture Elo diff +88,False,False,False,False,False,False,False,False,False,False,False,False,False,False,False,False,False,False,False,False,False,False,False,False,False,False,False,False,False,False,False,False
ad1d46d342d9e082098d5aae1d5995a0ebc74f9c,v3-snapshot-availability,131026edd2e6577a970aea5bfa8233754c166d88d2fe4de67f5614caf7754a71,2026-10-01T06:24:37.763425+00:00,469266,589,Lucas,Gourna-Douath,Gourna-Douath,88,Hull City,HUL,Midfielder,a,False,5.0,0.0,1.2309,1.2136,1.2173,1.2256,1.1499,1.0,1.0,1.0,1.0,1.0,,12.0,,,,11.683754557511573,1.0,6.0,1.0,0.0,0.6,0.2,46.0,138.0,,,,,,,,4.8448,0.969,high,1.0,1.0,5,0,0,0.8,0.8,1.0,5-GW avg pts 0.80; mins 28; xGI 0.01; current GWs 5; fixture Elo diff -299,False,False,False,False,False,False,False,False,False,False,False,False,False,False,False,False,False,False,False,False,False,False,False,False,False,False,False,False,False,False,False,False
ad1d46d342d9e082098d5aae1d5995a0ebc74f9c,v3-snapshot-availability,131026edd2e6577a970aea5bfa8233754c166d88d2fe4de67f5614caf7754a71,2026-10-01T06:24:37.763425+00:00,463067,125,Georginio,Rutter,Georginio,36,Brighton,BHA,Forward,a,False,5.3,0.5,1.2244,1.2177,1.1957,1.1537,1.2075,1.0,1.0,1.0,1.0,1.0,,14.0,,,,11.683754557511573,1.0,5.0,1.0,0.0,0.4,0.2,52.0,169.0,,,,,,,,4.809,0.9074,high,1.0,1.0,5,0,0,1.2,1.2,0.3,5-GW avg pts 1.20; mins 21; xGI 0.12; current GWs 5; fixture Elo diff -10,False,False,False,False,False,False,False,False,False,False,False,False,False,False,False,False,False,False,False,False,False,False,False,False,False,False,False,False,False,False,False,False
ad1d46d342d9e082098d5aae1d5995a0ebc74f9c,v3-snapshot-availability,131026edd2e6577a970aea5bfa8233754c166d88d2fe4de67f5614caf7754a71,2026-10-01T06:24:37.763425+00:00,449429,306,Jacob,Greaves,Greaves,40,Ipswich Town,IPS,Defender,a,False,4.0,1.1,1.2333,1.1026,1.2333,1.181,1.2213,1.0,1.0,1.0,1.0,1.0,,0.0,,,,15.47542122417824,0.0,7.0,1.0,0.0,0.8,0.8,89.25,357.0,0.0,0.015126050420168043,7.563025210084033,0.0,,,,4.7718,1.193,high,1.0,1.0,5,0,0,0.6,0.6,0.7,5-GW avg pts 0.60; mins 71; xGI 0.01; current GWs 5; fixture Elo diff -162,False,False,False,False,False,False,False,False,False,False,False,False,False,False,False,False,False,False,False,False,False,False,False,False,False,False,False,False,False,False,False,False
ad1d46d342d9e082098d5aae1d5995a0ebc74f9c,v3-snapshot-availability,131026edd2e6577a970aea5bfa8233754c166d88d2fe4de67f5614caf7754a71,2026-10-01T06:24:37.763425+00:00,591386,375,Trey,Nyoni,Nyoni,14,Liverpool,LIV,Midfielder,a,False,4.9,0.0,1.1823,1.1875,1.1999,1.1823,1.1911,1.0,1.0,1.0,1.0,1.0,,19.0,,,,10.72542122417824,1.0,10.0,1.0,0.0,0.6,0.0,12.666666666666666,45.0,,,,,,,,4.7533,0.9701,high,1.0,1.0,5,0,0,0.6,0.6,0.7,5-GW avg pts 0.60; mins 8; xGI 0.00; current GWs 5; fixture Elo diff +7,False,False,False,False,False,False,False,False,False,False,False,False,False,False,False,False,False,False,False,False,False,False,False,False,False,False,False,False,False,False,False,False
ad1d46d342d9e082098d5aae1d5995a0ebc74f9c,v3-snapshot-availability,131026edd2e6577a970aea5bfa8233754c166d88d2fe4de67f5614caf7754a71,2026-10-01T06:24:37.763425+00:00,570526,520,Lucas,Bergvall,Bergvall,6,Spurs,TOT,Midfielder,a,False,5.3,0.1,1.1639,1.2105,1.1684,1.1971,1.1788,1.0,1.0,1.0,1.0,1.0,,6.0,,,,11.78792122417824,1.0,6.0,1.0,0.0,0.6,0.0,26.0,115.0,,,,,,,,4.7334,0.8931,high,1.0,1.0,5,0,0,0.6,0.6,0.7,5-GW avg pts 0.60; mins 16; xGI 0.07; current GWs 5; fixture Elo diff -25,False,False,False,False,False,False,False,False,False,False,False,False,False,False,False,False,False,False,False,False,False,False,False,False,False,False,False,False,False,False,False,False
ad1d46d342d9e082098d5aae1d5995a0ebc74f9c,v3-snapshot-availability,131026edd2e6577a970aea5bfa8233754c166d88d2fe4de67f5614caf7754a71,2026-10-01T06:24:37.763425+00:00,624773,157,Estêvão,Almeida de Oliveira Gonçalves,Estêvão,8,Chelsea,CHE,Midfielder,a,False,6.3,0.7,1.1594,1.169,1.1808,1.1569,1.171,1.0,1.0,1.0,1.0,1.0,,3.0,,,,12.47542122417824,1.0,10.0,1.0,0.0,0.8,0.0,5.75,23.0,,,,,2.0,5.0,,4.6686,0.741,high,1.0,1.0,5,0,0,0.8,0.8,1.0,5-GW avg pts 0.80; mins 5; xGI 0.03; current GWs 5; fixture Elo diff +10,False,False,False,False,False,False,False,False,False,False,False,False,False,False,False,False,False,False,False,False,False,False,False,False,False,False,False,False,False,False,False,False
ad1d46d342d9e082098d5aae1d5995a0ebc74f9c,v3-snapshot-availability,131026edd2e6577a970aea5bfa8233754c166d88d2fe4de67f5614caf7754a71,2026-10-01T06:24:37.763425+00:00,111317,74,David,Brooks,Brooks,91,Bournemouth,BOU,Midfielder,a,False,5.0,0.1,1.1501,1.1794,1.1473,1.166,1.1596,1.0,1.0,1.0,1.0,1.0,,22.0,,7.0,,10.72542122417824,2.0,6.0,2.0,1.0,0.8,0.0,11.25,82.0,,,,,,4.0,3.0,4.6414,0.9283,high,1.0,1.0,5,0,0,0.6,0.6,0.7,5-GW avg pts 0.60; mins 9; xGI 0.01; current GWs 5; fixture Elo diff +88,False,False,False,False,False,False,False,False,False,False,False,False,False,False,False,False,False,False,False,False,False,False,False,False,False,False,False,False,False,False,False,False
ad1d46d342d9e082098d5aae1d5995a0ebc74f9c,v3-snapshot-availability,131026edd2e6577a970aea5bfa8233754c166d88d2fe4de67f5614caf7754a71,2026-10-01T06:24:37.763425+00:00,216055,571,Florentino Ibrain,Morris Luís,Florentino,40,Ipswich Town,IPS,Midfielder,a,False,4.8,0.1,1.1736,1.1177,1.1736,1.1717,1.1691,1.0,1.0,1.0,1.0,1.0,,17.0,,,,11.683754557511573,1.0,3.0,1.0,0.0,0.4,0.0,15.0,308.0,0.01753246753246753,0.023376623376623346,13.441558441558442,0.0,,,,4.6401,0.9667,high,1.0,1.0,5,0,0,0.4,0.4,0.7,5-GW avg pts 0.40; mins 6; xGI 0.00; current GWs 5; fixture Elo diff -162,False,False,False,False,False,False,False,False,False,False,False,False,False,False,False,False,False,False,False,False,False,False,False,False,False,False,False,False,False,False,False,False
ad1d46d342d9e082098d5aae1d5995a0ebc74f9c,v3-snapshot-availability,131026edd2e6577a970aea5bfa8233754c166d88d2fe4de67f5614caf7754a71,2026-10-01T06:24:37.763425+00:00,184341,430,Mason,Mount,Mount,1,Man Utd,MUN,Midfielder,a,False,5.4,0.0,1.1769,1.1586,1.1554,1.1371,1.1554,1.0,1.0,1.0,1.0,1.0,,10.0,,,,10.621254557511573,1.0,7.0,1.0,0.0,0.2,0.0,10.0,198.0,0.05,0.10000000000000003,16.818181818181817,0.0,,,4.0,4.6332,0.858,high,1.0,1.0,5,0,0,0.2,0.2,0.3,5-GW avg pts 0.20; mins 2; xGI 0.02; current GWs 5; fixture Elo diff +76,False,False,False,False,False,False,False,False,False,False,False,False,False,False,False,False,False,False,False,False,False,False,False,False,False,False,False,False,False,False,False,False
ad1d46d342d9e082098d5aae1d5995a0ebc74f9c,v3-snapshot-availability,131026edd2e6577a970aea5bfa8233754c166d88d2fe4de67f5614caf7754a71,2026-10-01T06:24:37.763425+00:00,244858,100,Fábio,Freitas Gouveia Carvalho,Carvalho,94,Brentford,BRE,Midfielder,a,False,5.0,0.0,1.136,1.1566,1.1818,1.1677,1.1386,1.0,1.0,1.0,1.0,1.0,,3.0,,,,12.47542122417824,1.0,2.0,1.0,0.0,0.2,0.0,3.0,3.0,,,,,,,,4.623,0.9246,high,1.0,1.0,5,0,0,1.2,1.2,2.0,5-GW avg pts 1.20; mins 1; xGI 0.09; current GWs 5; fixture Elo diff +31,False,False,False,False,False,False,False,False,False,False,False,False,False,False,False,False,False,False,False,False,False,False,False,False,False,False,False,False,False,False,False,False
ad1d46d342d9e082098d5aae1d5995a0ebc74f9c,v3-snapshot-availability,131026edd2e6577a970aea5bfa8233754c166d88d2fe4de67f5614caf7754a71,2026-10-01T06:24:37.763425+00:00,496208,72,Ben,Gannon-Doak,Gannon-Doak,91,Bournemouth,BOU,Midfielder,a,False,4.9,0.1,1.1192,1.174,1.1164,1.1414,1.1549,1.0,1.0,1.0,1.0,1.0,,21.0,,19.0,,10.72542122417824,2.0,7.0,2.0,1.0,0.8,0.0,3.0,49.0,,,,,,,,4.5608,0.9308,high,1.0,1.0,5,0,0,0.8,0.8,1.0,5-GW avg pts 0.80; mins 2; xGI 0.03; current GWs 5; fixture Elo diff +88,False,False,False,False,False,False,False,False,False,False,False,False,False,False,False,False,False,False,False,False,False,False,False,False,False,False,False,False,False,False,False,False
ad1d46d342d9e082098d5aae1d5995a0ebc74f9c,v3-snapshot-availability,131026edd2e6577a970aea5bfa8233754c166d88d2fe4de67f5614caf7754a71,2026-10-01T06:24:37.763425+00:00,210462,488,Ibrahim,Sangaré,I.Sangaré,17,Nott'm Forest,NFO,Midfielder,a,False,4.9,0.4,1.1472,1.1068,1.171,1.137,1.1068,1.0,1.0,1.0,1.0,1.0,,7.0,,,,11.579587890844907,1.0,4.0,1.0,0.0,0.6,0.2,35.0,234.0,0.03461538461538462,0.03076923076923077,14.23076923076923,0.0,,,,4.5401,0.9266,high,1.0,1.0,5,0,0,0.8,0.8,0.7,5-GW avg pts 0.80; mins 21; xGI 0.02; current GWs 5; fixture Elo diff -41,False,False,False,False,False,False,False,False,False,False,False,False,False,False,False,False,False,False,False,False,False,False,False,False,False,False,False,False,False,False,False,False
ad1d46d342d9e082098d5aae1d5995a0ebc74f9c,v3-snapshot-availability,131026edd2e6577a970aea5bfa8233754c166d88d2fe4de67f5614caf7754a71,2026-10-01T06:24:37.763425+00:00,638987,631,Ibrahim,Mbaye,Mbaye,7,Aston Villa,AVL,Midfielder,a,False,6.0,0.1,1.1395,1.1271,1.091,1.1665,1.1271,1.0,1.0,1.0,1.0,1.0,,6.0,,,,11.78792122417824,1.0,3.0,1.0,0.0,0.6666666666666666,0.0,16.5,33.0,,,,,,,,4.5195,0.7532,medium,0.6,0.6,3,0,0,0.6667,0.6667,0.7,5-GW avg pts 0.67; mins 11; xGI 0.05; current GWs 3; fixture Elo diff +46,False,False,False,False,False,False,False,False,False,False,False,False,False,False,False,False,False,False,False,False,False,False,False,False,False,False,False,False,False,False,False,False
ad1d46d342d9e082098d5aae1d5995a0ebc74f9c,v3-snapshot-availability,131026edd2e6577a970aea5bfa8233754c166d88d2fe4de67f5614caf7754a71,2026-10-01T06:24:37.763425+00:00,210156,492,Taiwo,Awoniyi,Awoniyi,9,Coventry City,COV,Forward,s,False,5.4,0.4,0.0,1.4963,1.5079,1.5133,1.4963,0.0,1.0,1.0,1.0,1.0,,,,,,17.72542122417824,0.0,5.0,0.0,0.0,0.8,0.4,58.0,444.0,0.5898648648648649,0.08513513513513511,4.45945945945946,0.0,5.0,,,4.51,0.8352,high,1.0,1.0,5,0,0,0.0,0.0,0.0,5-GW avg pts 0.60; mins 46; xGI 0.27; current GWs 5; fixture Elo diff -132,False,False,False,False,False,False,False,False,False,False,False,False,False,False,False,False,False,False,False,False,False,False,False,False,False,False,False,False,False,False,False,False
ad1d46d342d9e082098d5aae1d5995a0ebc74f9c,v3-snapshot-availability,131026edd2e6577a970aea5bfa8233754c166d88d2fe4de67f5614caf7754a71,2026-10-01T06:24:37.763425+00:00,223723,577,Takehiro,Tomiyasu,Tomiyasu,31,Crystal Palace,CRY,Defender,d,False,4.4,0.3,1.1356,1.0961,1.1384,1.1046,1.1384,0.75,0.75,0.75,0.75,0.75,,45.0,,0.0,,10.72542122417824,1.0,6.0,2.0,1.0,0.8,0.2,47.25,189.0,0.0,0.01428571428571424,8.095238095238095,0.0,,,,4.489,1.0202,high,1.0,1.0,5,0,0,0.45,0.45,0.15,5-GW avg pts 0.60; mins 38; xGI 0.01; current GWs 5; fixture Elo diff -34,False,False,False,False,False,False,False,False,False,False,False,False,False,False,False,False,False,False,False,False,False,False,False,False,False,False,False,False,False,False,False,False
ad1d46d342d9e082098d5aae1d5995a0ebc74f9c,v3-snapshot-availability,131026edd2e6577a970aea5bfa8233754c166d88d2fe4de67f5614caf7754a71,2026-10-01T06:24:37.763425+00:00,458249,440,Joshua,Zirkzee,Zirkzee,1,Man Utd,MUN,Forward,a,False,5.3,0.4,1.1113,1.0989,1.0964,1.084,1.0964,1.0,1.0,1.0,1.0,1.0,,13.0,,,,10.621254557511573,1.0,9.0,1.0,0.0,0.4,0.0,10.0,115.0,,,,,,,,4.3941,0.8291,high,1.0,1.0,5,0,0,0.4,0.4,0.7,5-GW avg pts 0.40; mins 4; xGI 0.00; current GWs 5; fixture Elo diff +76,False,False,False,False,False,False,False,False,False,False,False,False,False,False,False,False,False,False,False,False,False,False,False,False,False,False,False,False,False,False,False,False
ad1d46d342d9e082098d5aae1d5995a0ebc74f9c,v3-snapshot-availability,131026edd2e6577a970aea5bfa8233754c166d88d2fe4de67f5614caf7754a71,2026-10-01T06:24:37.763425+00:00,83299,116,Lewis,Dunk,Dunk,36,Brighton,BHA,Defender,d,False,4.5,1.5,1.0626,1.3016,0.9817,0.952,1.1698,0.75,0.75,0.75,0.75,0.75,,,,,,17.72542122417824,0.0,6.0,0.0,0.0,0.8,0.8,90.0,632.0,0.07974683544303796,0.01993670886075948,5.268987341772152,0.0,,,3.0,4.3877,0.975,high,1.0,1.0,5,0,0,3.3,3.3,3.225,5-GW avg pts 4.40; mins 72; xGI 0.02; current GWs 5; fixture Elo diff -10,False,False,False,False,False,False,False,False,False,False,False,False,False,False,False,False,False,False,False,False,False,False,False,False,False,False,False,False,False,False,False,False
ad1d46d342d9e082098d5aae1d5995a0ebc74f9c,v3-snapshot-availability,131026edd2e6577a970aea5bfa8233754c166d88d2fe4de67f5614caf7754a71,2026-10-01T06:24:37.763425+00:00,434752,327,Jaka,Bijol,Bijol,2,Leeds,LEE,Defender,a,False,5.0,0.7,1.053,1.0936,1.0941,1.0913,1.0944,1.0,1.0,1.0,1.0,1.0,,0.0,,,,21.465004557511573,0.0,7.0,1.0,0.0,0.6,0.2,54.666666666666664,503.0,0.019681908548707758,0.02147117296222662,11.98807157057654,0.0,,,,4.333,0.8666,high,1.0,1.0,5,0,0,2.4,2.4,0.3,5-GW avg pts 2.40; mins 33; xGI 0.02; current GWs 5; fixture Elo diff -76,False,False,False,False,False,False,False,False,False,False,False,False,False,False,False,False,False,False,False,False,False,False,False,False,False,False,False,False,False,False,False,False
ad1d46d342d9e082098d5aae1d5995a0ebc74f9c,v3-snapshot-availability,131026edd2e6577a970aea5bfa8233754c166d88d2fe4de67f5614caf7754a71,2026-10-01T06:24:37.763425+00:00,451490,119,João Pedro,Loureiro da Costa,Costinha,36,Brighton,BHA,Defender,a,False,4.5,0.0,1.1,1.0845,1.0752,1.0603,1.081,1.0,1.0,1.0,1.0,1.0,,14.0,,,,11.683754557511573,1.0,8.0,1.0,0.0,1.0,0.0,13.6,68.0,,,,,,,,4.327,0.9615,high,1.0,1.0,5,0,0,0.8,0.8,1.0,5-GW avg pts 0.80; mins 14; xGI 0.08; current GWs 5; fixture Elo diff -10,False,False,False,False,False,False,False,False,False,False,False,False,False,False,False,False,False,False,False,False,False,False,False,False,False,False,False,False,False,False,False,False
ad1d46d342d9e082098d5aae1d5995a0ebc74f9c,v3-snapshot-availability,131026edd2e6577a970aea5bfa8233754c166d88d2fe4de67f5614caf7754a71,2026-10-01T06:24:37.763425+00:00,173879,56,Tammy,Abraham,Abraham,7,Aston Villa,AVL,Forward,a,False,5.5,0.2,1.08,1.0742,1.0498,1.1266,1.0742,1.0,1.0,1.0,1.0,1.0,,2.0,,,,11.78792122417824,1.0,8.0,1.0,0.0,0.8,0.0,17.75,140.0,,,,,,,,4.3198,0.7854,high,1.0,1.0,5,0,0,0.8,0.8,1.0,5-GW avg pts 0.80; mins 14; xGI 0.00; current GWs 5; fixture Elo diff +46,False,False,False,False,False,False,False,False,False,False,False,False,False,False,False,False,False,False,False,False,False,False,False,False,False,False,False,False,False,False,False,False
ad1d46d342d9e082098d5aae1d5995a0ebc74f9c,v3-snapshot-availability,131026edd2e6577a970aea5bfa8233754c166d88d2fe4de67f5614caf7754a71,2026-10-01T06:24:37.763425+00:00,532605,162,Andrey,Nascimento dos Santos,Andrey Santos,1,Man Utd,MUN,Midfielder,a,False,4.8,0.6,1.086,1.0772,1.0735,1.0647,1.0735,1.0,1.0,1.0,1.0,1.0,,0.0,,,,14.47542122417824,0.0,11.0,1.0,0.0,0.6,0.2,27.333333333333332,266.0,0.08458646616541346,0.09812030075187968,11.503759398496241,0.0,,,,4.3038,0.8966,high,1.0,1.0,5,0,0,0.8,0.8,0.3,5-GW avg pts 0.80; mins 16; xGI 0.05; current GWs 5; fixture Elo diff +76,False,False,False,False,False,False,False,False,False,False,False,False,False,False,False,False,False,False,False,False,False,False,False,False,False,False,False,False,False,False,False,False
ad1d46d342d9e082098d5aae1d5995a0ebc74f9c,v3-snapshot-availability,131026edd2e6577a970aea5bfa8233754c166d88d2fe4de67f5614caf7754a71,2026-10-01T06:24:37.763425+00:00,613804,620,El Hadji Malick,Diouf,Diouf,94,Brentford,BRE,Defender,a,False,4.5,0.1,1.0583,1.0738,1.1012,1.0783,1.0583,1.0,1.0,1.0,1.0,1.0,,9.0,,,,12.47542122417824,1.0,3.0,1.0,0.0,0.6,0.2,43.0,562.0,0.012811387900355855,0.10409252669039133,5.765124555160142,0.0,,,,4.2954,0.9545,high,1.0,1.0,4,0,0,1.6,1.6,0.7,5-GW avg pts 1.60; mins 26; xGI 0.00; current GWs 4; fixture Elo diff +31,False,False,False,False,False,False,False,False,False,False,False,False,False,False,False,False,False,False,False,False,False,False,False,False,False,False,False,False,False,False,False,False
ad1d46d342d9e082098d5aae1d5995a0ebc74f9c,v3-snapshot-availability,131026edd2e6577a970aea5bfa8233754c166d88d2fe4de67f5614caf7754a71,2026-10-01T06:24:37.763425+00:00,232185,208,Ismaïla,Sarr,Sarr,31,Crystal Palace,CRY,Midfielder,a,False,6.2,0.6,1.0681,1.0605,1.0663,1.0749,1.0663,1.0,1.0,1.0,1.0,1.0,,24.0,,16.0,,10.72542122417824,2.0,3.0,2.0,1.0,0.2,0.0,8.0,398.0,0.6535175879396985,0.09045226130653261,3.8442211055276383,0.0,2.0,,,4.2678,0.6884,high,1.0,1.0,5,0,0,0.2,0.2,0.3,5-GW avg pts 0.20; mins 2; xGI 0.00; current GWs 5; fixture Elo diff -34,False,False,False,False,False,False,False,False,False,False,False,False,False,False,False,False,False,False,False,False,False,False,False,False,False,False,False,False,False,False,False,False
ad1d46d342d9e082098d5aae1d5995a0ebc74f9c,v3-snapshot-availability,131026edd2e6577a970aea5bfa8233754c166d88d2fe4de67f5614caf7754a71,2026-10-01T06:24:37.763425+00:00,616077,20,Max,Dowman,Dowman,3,Arsenal,ARS,Midfielder,a,False,5.3,0.1,1.061,1.0496,1.061,1.0451,1.0556,1.0,1.0,1.0,1.0,1.0,,9.0,,,,11.683754557511573,1.0,6.0,1.0,0.0,0.2,0.0,9.0,82.0,,,,,,,,4.2193,0.7961,high,1.0,1.0,5,0,0,0.2,0.2,0.3,5-GW avg pts 0.20; mins 2; xGI 0.02; current GWs 5; fixture Elo diff +291,False,False,False,False,False,False,False,False,False,False,False,False,False,False,False,False,False,False,False,False,False,False,False,False,False,False,False,False,False,False,False,False
ad1d46d342d9e082098d5aae1d5995a0ebc74f9c,v3-snapshot-availability,131026edd2e6577a970aea5bfa8233754c166d88d2fe4de67f5614caf7754a71,2026-10-01T06:24:37.763425+00:00,523700,608,Daniel,Jebbison,Jebbison,91,Bournemouth,BOU,Forward,a,False,5.0,0.1,1.0442,1.0687,1.0415,1.0601,1.049,1.0,1.0,1.0,1.0,1.0,,15.0,,,,10.72542122417824,1.0,4.0,1.0,0.0,0.6,0.0,10.333333333333334,31.0,,,,,,,,4.2108,0.8422,high,1.0,1.0,5,0,0,0.6,0.6,0.7,5-GW avg pts 0.60; mins 6; xGI 0.02; current GWs 5; fixture Elo diff +88,False,False,False,False,False,False,False,False,False,False,False,False,False,False,False,False,False,False,False,False,False,False,False,False,False,False,False,False,False,False,False,False
ad1d46d342d9e082098d5aae1d5995a0ebc74f9c,v3-snapshot-availability,131026edd2e6577a970aea5bfa8233754c166d88d2fe4de67f5614caf7754a71,2026-10-01T06:24:37.763425+00:00,209289,262,Emile,Smith Rowe,Smith Rowe,54,Fulham,FUL,Midfielder,a,False,5.3,0.2,1.0487,1.0575,1.056,1.0418,1.0506,1.0,1.0,1.0,1.0,1.0,,0.0,,,,15.485837890844907,0.0,6.0,1.0,0.0,0.6,0.0,12.666666666666666,384.0,0.08203124999999999,0.018749999999999992,7.265625,0.0,,,,4.2049,0.7934,high,1.0,1.0,5,0,0,0.6,0.6,0.7,5-GW avg pts 0.60; mins 8; xGI 0.02; current GWs 5; fixture Elo diff +95,False,False,False,False,False,False,False,False,False,False,False,False,False,False,False,False,False,False,False,False,False,False,False,False,False,False,False,False,False,False,False,False
ad1d46d342d9e082098d5aae1d5995a0ebc74f9c,v3-snapshot-availability,131026edd2e6577a970aea5bfa8233754c166d88d2fe4de67f5614caf7754a71,2026-10-01T06:24:37.763425+00:00,487053,506,Destiny,Udogie,Udogie,6,Spurs,TOT,Defender,a,False,4.4,0.3,1.023,1.0915,1.023,1.0476,1.0238,1.0,1.0,1.0,1.0,1.0,,0.0,,,,15.47542122417824,0.0,5.0,1.0,0.0,0.6,0.2,28.666666666666668,417.0,0.004316546762589906,0.060431654676258974,4.748201438848921,0.0,,,,4.1715,0.9481,high,1.0,1.0,5,0,0,1.4,1.4,1.7,5-GW avg pts 1.40; mins 17; xGI 0.05; current GWs 5; fixture Elo diff -25,False,False,False,False,False,False,False,False,False,False,False,False,False,False,False,False,False,False,False,False,False,False,False,False,False,False,False,False,False,False,False,False
ad1d46d342d9e082098d5aae1d5995a0ebc74f9c,v3-snapshot-availability,131026edd2e6577a970aea5bfa8233754c166d88d2fe4de67f5614caf7754a71,2026-10-01T06:24:37.763425+00:00,475168,165,João Pedro,Junqueira de Jesus,João Pedro,8,Chelsea,CHE,Forward,d,False,7.7,65.1,1.0873,0.9413,1.0668,1.0967,0.9428,0.75,0.75,0.75,0.75,0.75,,,,,,18.683754557511573,0.0,8.0,0.0,0.0,0.8,0.8,90.0,630.0,0.4842857142857143,0.03714285714285713,2.857142857142857,0.0,,,,4.1211,0.5352,high,1.0,1.0,5,0,0,4.95,4.95,2.4,5-GW avg pts 6.60; mins 72; xGI 0.47; current GWs 5; fixture Elo diff +10,False,False,False,False,False,False,False,False,False,False,False,False,False,False,False,False,False,False,False,False,False,False,False,False,False,False,False,False,False,False,False,False
ad1d46d342d9e082098d5aae1d5995a0ebc74f9c,v3-snapshot-availability,131026edd2e6577a970aea5bfa8233754c166d88d2fe4de67f5614caf7754a71,2026-10-01T06:24:37.763425+00:00,219249,126,Matt,O'Riley,O'Riley,36,Brighton,BHA,Midfielder,a,False,5.4,0.1,1.0347,1.0511,1.0251,0.9556,1.0434,1.0,1.0,1.0,1.0,1.0,,4.0,,,,11.683754557511573,1.0,3.0,1.0,0.0,0.4,0.0,5.0,10.0,,,,,3.0,,,4.0958,0.7585,high,1.0,1.0,5,0,0,0.4,0.4,0.7,5-GW avg pts 0.40; mins 2; xGI 0.06; current GWs 5; fixture Elo diff -10,False,False,False,False,False,False,False,False,False,False,False,False,False,False,False,False,False,False,False,False,False,False,False,False,False,False,False,False,False,False,False,False
ad1d46d342d9e082098d5aae1d5995a0ebc74f9c,v3-snapshot-availability,131026edd2e6577a970aea5bfa8233754c166d88d2fe4de67f5614caf7754a71,2026-10-01T06:24:37.763425+00:00,230001,422,Noussair,Mazraoui,Mazraoui,1,Man Utd,MUN,Defender,a,False,4.4,0.5,1.0289,1.0147,1.0083,0.9941,1.0083,1.0,1.0,1.0,1.0,1.0,,0.0,,,,14.47542122417824,0.0,8.0,1.0,0.0,0.6,0.2,32.333333333333336,305.0,0.06491803278688525,0.032459016393442564,8.852459016393443,0.0,,,,4.0495,0.9203,high,1.0,1.0,5,0,0,0.6,0.6,0.3,5-GW avg pts 0.60; mins 19; xGI 0.06; current GWs 5; fixture Elo diff +76,False,False,False,False,False,False,False,False,False,False,False,False,False,False,False,False,False,False,False,False,False,False,False,False,False,False,False,False,False,False,False,False
ad1d46d342d9e082098d5aae1d5995a0ebc74f9c,v3-snapshot-availability,131026edd2e6577a970aea5bfa8233754c166d88d2fe4de67f5614caf7754a71,2026-10-01T06:24:37.763425+00:00,611922,369,Rio,Ngumoha,Ngumoha,14,Liverpool,LIV,Midfielder,a,False,5.7,0.5,0.9815,1.0088,1.0235,0.9815,1.0299,1.0,1.0,1.0,1.0,1.0,,0.0,,,,15.47542122417824,0.0,10.0,1.0,0.0,0.6,0.2,33.0,342.0,0.1184210526315789,0.08157894736842095,4.2105263157894735,0.0,,,,4.0133,0.7041,high,1.0,1.0,5,0,0,0.8,0.8,0.3,5-GW avg pts 0.80; mins 20; xGI 0.04; current GWs 5; fixture Elo diff +7,False,False,False,False,False,False,False,False,False,False,False,False,False,False,False,False,False,False,False,False,False,False,False,False,False,False,False,False,False,False,False,False
ad1d46d342d9e082098d5aae1d5995a0ebc74f9c,v3-snapshot-availability,131026edd2e6577a970aea5bfa8233754c166d88d2fe4de67f5614caf7754a71,2026-10-01T06:24:37.763425+00:00,451284,175,Milan,van Ewijk,van Ewijk,9,Coventry City,COV,Defender,d,False,4.0,8.7,1.0068,0.9834,1.0158,1.0148,0.9834,0.75,0.75,0.75,0.75,0.75,,,,,,17.72542122417824,0.0,5.0,0.0,0.0,0.8,0.8,90.0,360.0,0.0,0.07499999999999998,6.75,0.0,,,,4.0049,1.0012,high,1.0,1.0,5,0,0,0.9,0.9,0.6,5-GW avg pts 1.20; mins 72; xGI 0.06; current GWs 5; fixture Elo diff -132,False,False,False,False,False,False,False,False,False,False,False,False,False,False,False,False,False,False,False,False,False,False,False,False,False,False,False,False,False,False,False,False
ad1d46d342d9e082098d5aae1d5995a0ebc74f9c,v3-snapshot-availability,131026edd2e6577a970aea5bfa8233754c166d88d2fe4de67f5614caf7754a71,2026-10-01T06:24:37.763425+00:00,514514,381,Lewis,Koumas,Koumas,14,Liverpool,LIV,Midfielder,a,False,5.0,0.0,0.9696,1.0026,1.0209,0.9652,1.013,1.0,1.0,1.0,1.0,1.0,,9.0,,,,10.72542122417824,1.0,11.0,1.0,0.0,0.6,0.0,7.333333333333333,22.0,,,,,,,,3.9721,0.7944,high,1.0,1.0,5,0,0,0.6,0.6,0.7,5-GW avg pts 0.60; mins 4; xGI 0.06; current GWs 5; fixture Elo diff +7,False,False,False,False,False,False,False,False,False,False,False,False,False,False,False,False,False,False,False,False,False,False,False,False,False,False,False,False,False,False,False,False
ad1d46d342d9e082098d5aae1d5995a0ebc74f9c,v3-snapshot-availability,131026edd2e6577a970aea5bfa8233754c166d88d2fe4de67f5614caf7754a71,2026-10-01T06:24:37.763425+00:00,470315,478,Luca,Netz,Netz,17,Nott'm Forest,NFO,Defender,a,False,4.4,0.0,0.998,0.9707,1.0002,0.9945,0.9707,1.0,1.0,1.0,1.0,1.0,,7.0,,,,11.579587890844907,1.0,5.0,1.0,0.0,0.6,0.0,9.0,332.0,0.0,0.018975903614457803,7.319277108433735,0.0,,,,3.9503,0.8978,high,1.0,1.0,5,0,0,0.6,0.6,0.3,5-GW avg pts 0.60; mins 5; xGI 0.00; current GWs 5; fixture Elo diff -41,False,False,False,False,False,False,False,False,False,False,False,False,False,False,False,False,False,False,False,False,False,False,False,False,False,False,False,False,False,False,False,False
ad1d46d342d9e082098d5aae1d5995a0ebc74f9c,v3-snapshot-availability,131026edd2e6577a970aea5bfa8233754c166d88d2fe4de67f5614caf7754a71,2026-10-01T06:24:37.763425+00:00,500040,11,Cristhian,Mosquera,Mosquera,3,Arsenal,ARS,Defender,a,False,5.3,1.6,0.9629,0.8866,0.9629,0.8848,1.216,1.0,1.0,1.0,1.0,1.0,,,,,,30.475421224178245,0.0,7.0,0.0,0.0,0.4,0.4,84.0,400.0,0.0,0.029249999999999977,6.3,0.0,,,,3.8801,0.7321,high,1.0,1.0,5,0,0,2.4,2.4,0.0,5-GW avg pts 2.40; mins 34; xGI 0.00; current GWs 5; fixture Elo diff +291,False,False,False,False,False,False,False,False,False,False,False,False,False,False,False,False,False,False,False,False,False,False,False,False,False,False,False,False,False,False,False,False
ad1d46d342d9e082098d5aae1d5995a0ebc74f9c,v3-snapshot-availability,131026edd2e6577a970aea5bfa8233754c166d88d2fe4de67f5614caf7754a71,2026-10-01T06:24:37.763425+00:00,512462,232,Jake,O'Brien,O'Brien,11,Everton,EVE,Defender,a,False,4.8,0.3,0.9664,0.9684,0.9282,0.9596,0.9825,1.0,1.0,1.0,1.0,1.0,,1.0,,,,11.683754557511573,1.0,5.0,1.0,0.0,0.4,0.0,8.0,408.0,0.1610294117647059,0.019852941176470566,5.294117647058823,0.0,,,,3.8418,0.8004,high,1.0,1.0,5,0,0,0.4,0.4,0.7,5-GW avg pts 0.40; mins 3; xGI 0.00; current GWs 5; fixture Elo diff +18,False,False,False,False,False,False,False,False,False,False,False,False,False,False,False,False,False,False,False,False,False,False,False,False,False,False,False,False,False,False,False,False
ad1d46d342d9e082098d5aae1d5995a0ebc74f9c,v3-snapshot-availability,131026edd2e6577a970aea5bfa8233754c166d88d2fe4de67f5614caf7754a71,2026-10-01T06:24:37.763425+00:00,248857,16,Noni,Madueke,Madueke,3,Arsenal,ARS,Midfielder,a,False,6.2,0.2,0.956,0.9392,0.956,0.9374,0.9506,1.0,1.0,1.0,1.0,1.0,,0.0,,,,15.47542122417824,0.0,6.0,1.0,0.0,0.4,0.0,11.5,241.0,0.07468879668049788,0.2875518672199169,5.601659751037344,0.0,,5.0,,3.7927,0.6117,high,1.0,1.0,5,0,0,0.4,0.4,0.3,5-GW avg pts 0.40; mins 5; xGI 0.01; current GWs 5; fixture Elo diff +291,False,False,False,False,False,False,False,False,False,False,False,False,False,False,False,False,False,False,False,False,False,False,False,False,False,False,False,False,False,False,False,False
ad1d46d342d9e082098d5aae1d5995a0ebc74f9c,v3-snapshot-availability,131026edd2e6577a970aea5bfa8233754c166d88d2fe4de67f5614caf7754a71,2026-10-01T06:24:37.763425+00:00,501390,309,Marcelino,Núñez,Núñez,40,Ipswich Town,IPS,Midfielder,a,False,4.9,0.1,0.9495,0.9036,0.9495,0.9572,0.9477,1.0,1.0,1.0,1.0,1.0,,0.0,,,,15.47542122417824,0.0,6.0,1.0,0.0,0.4,0.4,70.0,140.0,,,,,,3.0,1.0,3.761,0.7676,high,1.0,1.0,5,0,0,1.2,1.2,0.0,5-GW avg pts 1.20; mins 28; xGI 0.02; current GWs 5; fixture Elo diff -162,False,False,False,False,False,False,False,False,False,False,False,False,False,False,False,False,False,False,False,False,False,False,False,False,False,False,False,False,False,False,False,False
ad1d46d342d9e082098d5aae1d5995a0ebc74f9c,v3-snapshot-availability,131026edd2e6577a970aea5bfa8233754c166d88d2fe4de67f5614caf7754a71,2026-10-01T06:24:37.763425+00:00,637238,616,Ayyoub,Bouaddi,Bouaddi,43,Man City,MCI,Midfielder,a,False,5.5,0.2,0.9166,0.9531,0.9166,0.9413,0.9277,1.0,1.0,1.0,1.0,1.0,,90.0,,90.0,,13.496254557511573,1.0,4.0,2.0,1.0,0.5,0.0,11.0,22.0,,,,,,,,3.7232,0.6769,high,0.8,0.8,4,0,0,0.5,0.5,0.3,5-GW avg pts 0.50; mins 6; xGI 0.03; current GWs 4; fixture Elo diff +144,False,False,False,False,False,False,False,False,False,False,False,False,False,False,False,False,False,False,False,False,False,False,False,False,False,False,False,False,False,False,False,False
ad1d46d342d9e082098d5aae1d5995a0ebc74f9c,v3-snapshot-availability,131026edd2e6577a970aea5bfa8233754c166d88d2fe4de67f5614caf7754a71,2026-10-01T06:24:37.763425+00:00,222694,328,Pascal,Struijk,Struijk,36,Brighton,BHA,Defender,d,False,4.9,0.2,0.9168,0.9523,0.918,0.8925,0.9537,0.75,0.75,0.75,0.75,0.75,,86.0,,,,11.683754557511573,1.0,4.0,1.0,0.0,0.6,0.2,32.666666666666664,333.0,0.06756756756756752,0.013513513513513506,5.675675675675675,0.0,,,,3.7052,0.7562,high,1.0,1.0,5,0,0,1.05,1.05,1.275,5-GW avg pts 1.40; mins 20; xGI 0.03; current GWs 5; fixture Elo diff -10,False,False,False,False,False,False,False,False,False,False,False,False,False,False,False,False,False,False,False,False,False,False,False,False,False,False,False,False,False,False,False,False
ad1d46d342d9e082098d5aae1d5995a0ebc74f9c,v3-snapshot-availability,131026edd2e6577a970aea5bfa8233754c166d88d2fe4de67f5614caf7754a71,2026-10-01T06:24:37.763425+00:00,198869,10,Benjamin,White,White,3,Arsenal,ARS,Defender,d,False,5.5,4.9,0.9004,0.8517,0.9004,0.8427,1.1001,0.75,0.75,0.75,0.75,0.75,,,,,,18.47542122417824,0.0,10.0,0.0,0.0,0.8,0.6,78.75,514.0,0.03151750972762646,0.08229571984435793,4.377431906614786,0.0,,,,3.6371,0.6613,high,1.0,1.0,5,0,0,3.15,3.15,0.6,5-GW avg pts 4.20; mins 63; xGI 0.09; current GWs 5; fixture Elo diff +291,False,False,False,False,False,False,False,False,False,False,False,False,False,False,False,False,False,False,False,False,False,False,False,False,False,False,False,False,False,False,False,False
ad1d46d342d9e082098d5aae1d5995a0ebc74f9c,v3-snapshot-availability,131026edd2e6577a970aea5bfa8233754c166d88d2fe4de67f5614caf7754a71,2026-10-01T06:24:37.763425+00:00,612855,600,Ibrahim,Osman,Osman,36,Brighton,BHA,Midfielder,a,False,5.0,0.0,0.9152,0.928,0.9055,0.8526,0.9203,1.0,1.0,1.0,1.0,1.0,,0.0,,,,17.72542122417824,0.0,5.0,1.0,0.0,0.6,0.0,13.333333333333334,40.0,,,,,,,,3.6238,0.7248,high,1.0,1.0,5,0,0,0.6,0.6,0.3,5-GW avg pts 0.60; mins 8; xGI 0.02; current GWs 5; fixture Elo diff -10,False,False,False,False,False,False,False,False,False,False,False,False,False,False,False,False,False,False,False,False,False,False,False,False,False,False,False,False,False,False,False,False
ad1d46d342d9e082098d5aae1d5995a0ebc74f9c,v3-snapshot-availability,131026edd2e6577a970aea5bfa8233754c166d88d2fe4de67f5614caf7754a71,2026-10-01T06:24:37.763425+00:00,596777,415,Patrick,Dorgu,Dorgu,1,Man Utd,MUN,Midfielder,d,False,5.8,0.5,0.8772,0.8457,0.8762,0.8446,0.8762,0.75,0.75,0.75,0.75,0.75,,6.0,,,,10.621254557511573,1.0,12.0,1.0,0.0,1.0,0.2,34.2,282.0,0.4180851063829787,0.16276595744680847,7.340425531914893,0.0,,,,3.4562,0.5959,high,1.0,1.0,5,0,0,1.5,1.5,1.65,5-GW avg pts 2.00; mins 34; xGI 0.17; current GWs 5; fixture Elo diff +76,False,False,False,False,False,False,False,False,False,False,False,False,False,False,False,False,False,False,False,False,False,False,False,False,False,False,False,False,False,False,False,False
ad1d46d342d9e082098d5aae1d5995a0ebc74f9c,v3-snapshot-availability,131026edd2e6577a970aea5bfa8233754c166d88d2fe4de67f5614caf7754a71,2026-10-01T06:24:37.763425+00:00,462635,340,Joe,Gelhardt,Gelhardt,88,Hull City,HUL,Midfielder,a,False,5.0,0.0,0.8733,0.856,0.8594,0.9235,0.7925,1.0,1.0,1.0,1.0,1.0,,7.0,,,,11.683754557511573,1.0,2.0,1.0,0.0,0.2,0.0,7.0,7.0,,,,,,,,3.4533,0.6907,high,1.0,1.0,5,0,0,0.2,0.2,0.3,5-GW avg pts 0.20; mins 1; xGI 0.02; current GWs 5; fixture Elo diff -299,False,False,False,False,False,False,False,False,False,False,False,False,False,False,False,False,False,False,False,False,False,False,False,False,False,False,False,False,False,False,False,False
ad1d46d342d9e082098d5aae1d5995a0ebc74f9c,v3-snapshot-availability,131026edd2e6577a970aea5bfa8233754c166d88d2fe4de67f5614caf7754a71,2026-10-01T06:24:37.763425+00:00,108413,212,Will,Hughes,Hughes,31,Crystal Palace,CRY,Midfielder,a,False,4.4,7.3,0.8646,0.854,0.8628,0.8548,0.8628,1.0,1.0,1.0,1.0,1.0,,,,,,18.683754557511573,0.0,6.0,0.0,0.0,0.4,0.0,14.5,178.0,,,,,,4.0,,3.4394,0.7817,high,1.0,1.0,5,0,0,0.4,0.4,0.7,5-GW avg pts 0.40; mins 6; xGI 0.01; current GWs 5; fixture Elo diff -34,False,False,False,False,False,False,False,False,False,False,False,False,False,False,False,False,False,False,False,False,False,False,False,False,False,False,False,False,False,False,False,False
ad1d46d342d9e082098d5aae1d5995a0ebc74f9c,v3-snapshot-availability,131026edd2e6577a970aea5bfa8233754c166d88d2fe4de67f5614caf7754a71,2026-10-01T06:24:37.763425+00:00,226965,188,Victor,Torp,Torp,9,Coventry City,COV,Midfielder,a,False,5.3,0.1,0.8565,0.8485,0.8583,0.8593,0.8485,1.0,1.0,1.0,1.0,1.0,,0.0,,,,14.47542122417824,0.0,5.0,1.0,0.0,0.6,0.0,17.666666666666668,53.0,,,,,2.0,2.0,2.0,3.4175,0.6448,high,1.0,1.0,5,0,0,0.6,0.6,0.3,5-GW avg pts 0.60; mins 11; xGI 0.02; current GWs 5; fixture Elo diff -132,False,False,False,False,False,False,False,False,False,False,False,False,False,False,False,False,False,False,False,False,False,False,False,False,False,False,False,False,False,False,False,False
ad1d46d342d9e082098d5aae1d5995a0ebc74f9c,v3-snapshot-availability,131026edd2e6577a970aea5bfa8233754c166d88d2fe4de67f5614caf7754a71,2026-10-01T06:24:37.763425+00:00,75115,108,Callum,Wilson,Wilson,94,Brentford,BRE,Forward,a,False,5.4,0.3,0.8334,0.8422,0.8402,0.844,0.8334,1.0,1.0,1.0,1.0,1.0,,0.0,,,,15.47542122417824,0.0,6.0,1.0,0.0,0.6,0.0,4.333333333333333,187.0,0.5727272727272722,0.10106951871657749,2.8877005347593583,0.0,,,,3.3544,0.6212,high,1.0,1.0,5,0,0,0.6,0.6,0.3,5-GW avg pts 0.60; mins 3; xGI 0.02; current GWs 5; fixture Elo diff +31,False,False,False,False,False,False,False,False,False,False,False,False,False,False,False,False,False,False,False,False,False,False,False,False,False,False,False,False,False,False,False,False
ad1d46d342d9e082098d5aae1d5995a0ebc74f9c,v3-snapshot-availability,131026edd2e6577a970aea5bfa8233754c166d88d2fe4de67f5614caf7754a71,2026-10-01T06:24:37.763425+00:00,605972,633,Honest,Ahanor,Ahanor,31,Crystal Palace,CRY,Defender,a,False,4.5,0.0,0.8496,0.8174,0.8451,0.8209,0.8451,1.0,1.0,1.0,1.0,1.0,,90.0,,90.0,,13.47542122417824,1.0,3.0,1.0,1.0,0.3333333333333333,0.3333333333333333,90.0,90.0,,,,,,,,3.343,0.7429,medium,0.6,0.6,3,0,0,1.0,1.0,1.0,5-GW avg pts 1.00; mins 30; xGI 0.00; current GWs 3; fixture Elo diff -34,False,False,False,False,False,False,False,False,False,False,False,False,False,False,False,False,False,False,False,False,False,False,False,False,False,False,False,False,False,False,False,False
ad1d46d342d9e082098d5aae1d5995a0ebc74f9c,v3-snapshot-availability,131026edd2e6577a970aea5bfa8233754c166d88d2fe4de67f5614caf7754a71,2026-10-01T06:24:37.763425+00:00,631000,637,Robinio,Vaz,Vaz,88,Hull City,HUL,Forward,a,False,5.0,0.1,0.8433,0.8319,0.8363,0.8379,0.7983,1.0,1.0,1.0,1.0,1.0,,12.0,,,,11.683754557511573,1.0,3.0,1.0,0.0,0.6666666666666666,0.0,10.0,20.0,,,,,,,,3.3265,0.6653,medium,0.6,0.6,3,0,0,0.6667,0.6667,0.7,5-GW avg pts 0.67; mins 7; xGI 0.00; current GWs 3; fixture Elo diff -299,False,False,False,False,False,False,False,False,False,False,False,False,False,False,False,False,False,False,False,False,False,False,False,False,False,False,False,False,False,False,False,False
ad1d46d342d9e082098d5aae1d5995a0ebc74f9c,v3-snapshot-availability,131026edd2e6577a970aea5bfa8233754c166d88d2fe4de67f5614caf7754a71,2026-10-01T06:24:37.763425+00:00,461587,323,Kasey,McAteer,McAteer,40,Ipswich Town,IPS,Midfielder,a,False,4.4,1.0,0.8349,0.7722,0.8346,0.8694,0.8262,1.0,1.0,1.0,1.0,1.0,,,,,,15.47542122417824,0.0,7.0,0.0,0.0,0.6,0.0,14.0,42.0,,,,,,,,3.3018,0.7504,high,1.0,1.0,5,0,0,0.6,0.6,0.3,5-GW avg pts 0.60; mins 8; xGI 0.01; current GWs 5; fixture Elo diff -162,False,False,False,False,False,False,False,False,False,False,False,False,False,False,False,False,False,False,False,False,False,False,False,False,False,False,False,False,False,False,False,False
ad1d46d342d9e082098d5aae1d5995a0ebc74f9c,v3-snapshot-availability,131026edd2e6577a970aea5bfa8233754c166d88d2fe4de67f5614caf7754a71,2026-10-01T06:24:37.763425+00:00,632794,559,Aladji,Bamba,Bamba,4,Newcastle,NEW,Midfielder,a,False,4.9,0.1,0.8135,0.811,0.8021,0.8145,0.8031,1.0,1.0,1.0,1.0,1.0,,3.0,,,,11.683754557511573,1.0,6.0,1.0,0.0,0.6,0.0,9.0,27.0,,,,,,,,3.2371,0.6606,high,1.0,1.0,5,0,0,0.6,0.6,0.7,5-GW avg pts 0.60; mins 5; xGI 0.00; current GWs 5; fixture Elo diff +37,False,False,False,False,False,False,False,False,False,False,False,False,False,False,False,False,False,False,False,False,False,False,False,False,False,False,False,False,False,False,False,False
ad1d46d342d9e082098d5aae1d5995a0ebc74f9c,v3-snapshot-availability,131026edd2e6577a970aea5bfa8233754c166d88d2fe4de67f5614caf7754a71,2026-10-01T06:24:37.763425+00:00,184349,269,Ryan,Sessegnon,Sessegnon,54,Fulham,FUL,Defender,a,False,4.3,0.3,0.7774,0.7921,0.7847,0.7706,0.7853,1.0,1.0,1.0,1.0,1.0,,0.0,,,,25.683754557511577,0.0,5.0,1.0,0.0,0.6,0.0,16.666666666666668,130.0,,,,,,3.0,,3.1287,0.7276,high,1.0,1.0,5,0,0,0.6,0.6,0.3,5-GW avg pts 0.60; mins 10; xGI 0.11; current GWs 5; fixture Elo diff +95,False,False,False,False,False,False,False,False,False,False,False,False,False,False,False,False,False,False,False,False,False,False,False,False,False,False,False,False,False,False,False,False
ad1d46d342d9e082098d5aae1d5995a0ebc74f9c,v3-snapshot-availability,131026edd2e6577a970aea5bfa8233754c166d88d2fe4de67f5614caf7754a71,2026-10-01T06:24:37.763425+00:00,214285,364,Kostas,Tsimikas,Tsimikas,14,Liverpool,LIV,Defender,a,False,4.9,0.1,0.765,0.7875,0.7963,0.765,0.7883,1.0,1.0,1.0,1.0,1.0,,0.0,,,,18.683754557511573,0.0,8.0,1.0,0.0,0.4,0.0,32.0,64.0,,,,,,4.0,,3.1193,0.6366,high,1.0,1.0,5,0,0,0.4,0.4,0.3,5-GW avg pts 0.40; mins 13; xGI 0.01; current GWs 5; fixture Elo diff +7,False,False,False,False,False,False,False,False,False,False,False,False,False,False,False,False,False,False,False,False,False,False,False,False,False,False,False,False,False,False,False,False
ad1d46d342d9e082098d5aae1d5995a0ebc74f9c,v3-snapshot-availability,131026edd2e6577a970aea5bfa8233754c166d88d2fe4de67f5614caf7754a71,2026-10-01T06:24:37.763425+00:00,221466,498,Marcos,Senesi Barón,Senesi,6,Spurs,TOT,Defender,a,False,5.8,3.5,0.7511,0.8112,0.7511,0.7978,0.789,1.0,1.0,1.0,1.0,1.0,,0.0,,,,15.47542122417824,0.0,3.0,1.0,0.0,0.2,0.2,90.0,450.0,0.0,0.04399999999999998,11.4,0.0,,,,3.1139,0.5369,high,1.0,1.0,5,0,0,0.6,0.6,0.0,5-GW avg pts 0.60; mins 18; xGI 0.00; current GWs 5; fixture Elo diff -25,False,False,False,False,False,False,False,False,False,False,False,False,False,False,False,False,False,False,False,False,False,False,False,False,False,False,False,False,False,False,False,False
ad1d46d342d9e082098d5aae1d5995a0ebc74f9c,v3-snapshot-availability,131026edd2e6577a970aea5bfa8233754c166d88d2fe4de67f5614caf7754a71,2026-10-01T06:24:37.763425+00:00,636846,662,Mahdi,Nicoll-Jazuli,Nicoll-Jazuli,8,Chelsea,CHE,Midfielder,a,False,4.5,0.0,0.7746,0.7723,0.7809,0.7746,0.777,1.0,1.0,1.0,1.0,1.0,,3.0,,,,12.47542122417824,1.0,1.0,1.0,0.0,1.0,0.0,3.0,3.0,,,,,,,,3.1029,0.6895,low,0.2,0.2,1,0,0,1.0,1.0,1.1,5-GW avg pts 1.00; mins 3; xGI 0.00; current GWs 1; fixture Elo diff +10,False,False,False,False,False,False,False,False,False,False,False,False,False,False,False,False,False,False,False,False,False,False,False,False,False,False,False,False,False,False,False,False
ad1d46d342d9e082098d5aae1d5995a0ebc74f9c,v3-snapshot-availability,131026edd2e6577a970aea5bfa8233754c166d88d2fe4de67f5614caf7754a71,2026-10-01T06:24:37.763425+00:00,614574,76,Alex,Tóth,Tóth.A,91,Bournemouth,BOU,Midfielder,a,False,4.9,0.0,0.7588,0.7881,0.756,0.7747,0.7683,1.0,1.0,1.0,1.0,1.0,,2.0,,0.0,,10.72542122417824,1.0,4.0,2.0,1.0,0.4,0.0,8.5,74.0,,,,,,,,3.0762,0.6278,high,1.0,1.0,5,0,0,0.4,0.4,0.3,5-GW avg pts 0.40; mins 3; xGI 0.00; current GWs 5; fixture Elo diff +88,False,False,False,False,False,False,False,False,False,False,False,False,False,False,False,False,False,False,False,False,False,False,False,False,False,False,False,False,False,False,False,False
ad1d46d342d9e082098d5aae1d5995a0ebc74f9c,v3-snapshot-availability,131026edd2e6577a970aea5bfa8233754c166d88d2fe4de67f5614caf7754a71,2026-10-01T06:24:37.763425+00:00,225796,142,Reece,James,James,8,Chelsea,CHE,Defender,d,False,5.4,5.8,0.7598,0.7426,0.7656,0.7756,0.7441,0.75,0.75,0.75,0.75,0.75,,,,,,18.683754557511573,0.0,7.0,0.0,0.0,0.8,0.6,73.0,357.0,0.08823529411764706,0.07815126050420171,4.285714285714286,0.0,,1.0,1.0,3.03,0.5611,high,1.0,1.0,5,0,0,0.45,0.45,0.375,5-GW avg pts 0.60; mins 58; xGI 0.12; current GWs 5; fixture Elo diff +10,False,False,False,False,False,False,False,False,False,False,False,False,False,False,False,False,False,False,False,False,False,False,False,False,False,False,False,False,False,False,False,False
ad1d46d342d9e082098d5aae1d5995a0ebc74f9c,v3-snapshot-availability,131026edd2e6577a970aea5bfa8233754c166d88d2fe4de67f5614caf7754a71,2026-10-01T06:24:37.763425+00:00,448104,9,Piero,Hincapié,Hincapie,3,Arsenal,ARS,Defender,a,False,5.2,0.9,0.7493,0.7415,0.7493,0.7397,0.744,1.0,1.0,1.0,1.0,1.0,,0.0,,,,21.47542122417824,0.0,8.0,1.0,0.0,0.4,0.0,16.0,230.0,0.01173913043478257,0.10565217391304346,9.391304347826088,0.0,,,,2.9803,0.5731,high,1.0,1.0,5,0,0,0.4,0.4,0.3,5-GW avg pts 0.40; mins 6; xGI 0.00; current GWs 5; fixture Elo diff +291,False,False,False,False,False,False,False,False,False,False,False,False,False,False,False,False,False,False,False,False,False,False,False,False,False,False,False,False,False,False,False,False
ad1d46d342d9e082098d5aae1d5995a0ebc74f9c,v3-snapshot-availability,131026edd2e6577a970aea5bfa8233754c166d88d2fe4de67f5614caf7754a71,2026-10-01T06:24:37.763425+00:00,106611,231,Michael,Keane,Keane,11,Everton,EVE,Defender,a,False,4.8,0.7,0.7482,0.6264,0.5863,0.6176,0.7643,1.0,1.0,1.0,1.0,1.0,,0.0,,,,14.485837890844907,0.0,4.0,1.0,0.0,0.0,0.0,,450.0,0.06599999999999993,0.05799999999999996,8.4,0.0,,,,2.6719,0.5566,high,1.0,1.0,5,0,0,0.0,0.0,0.0,5-GW avg pts 0.00; mins 0; xGI 0.00; current GWs 5; fixture Elo diff +18,False,False,False,False,False,False,False,False,False,False,False,False,False,False,False,False,False,False,False,False,False,False,False,False,False,False,False,False,False,False,False,False
ad1d46d342d9e082098d5aae1d5995a0ebc74f9c,v3-snapshot-availability,131026edd2e6577a970aea5bfa8233754c166d88d2fe4de67f5614caf7754a71,2026-10-01T06:24:37.763425+00:00,433154,241,Dwight,McNeil,McNeil,31,Crystal Palace,CRY,Midfielder,a,False,5.4,0.1,0.6593,0.6424,0.6548,0.6459,0.6548,1.0,1.0,1.0,1.0,1.0,,28.0,,28.0,,13.47542122417824,1.0,5.0,2.0,1.0,0.4,0.2,42.0,150.0,,,,,,,,2.6064,0.4827,high,1.0,1.0,5,0,0,0.6,0.6,0.0,5-GW avg pts 0.60; mins 17; xGI 0.01; current GWs 5; fixture Elo diff -34,False,False,False,False,False,False,False,False,False,False,False,False,False,False,False,False,False,False,False,False,False,False,False,False,False,False,False,False,False,False,False,False
ad1d46d342d9e082098d5aae1d5995a0ebc74f9c,v3-snapshot-availability,131026edd2e6577a970aea5bfa8233754c166d88d2fe4de67f5614caf7754a71,2026-10-01T06:24:37.763425+00:00,496181,638,Brooke,Norton-Cuffy,Norton-Cuffy,88,Hull City,HUL,Defender,d,False,4.0,0.2,0.6493,0.639,0.6409,0.687,0.606,0.75,0.75,0.75,0.75,0.75,,,,,,18.683754557511573,0.0,2.0,0.0,0.0,0.6666666666666666,0.0,17.0,34.0,,,,,,,,2.5816,0.6454,medium,0.6,0.6,3,0,0,0.25,0.25,0.15,5-GW avg pts 0.33; mins 11; xGI 0.02; current GWs 3; fixture Elo diff -299,False,False,False,False,False,False,False,False,False,False,False,False,False,False,False,False,False,False,False,False,False,False,False,False,False,False,False,False,False,False,False,False
ad1d46d342d9e082098d5aae1d5995a0ebc74f9c,v3-snapshot-availability,131026edd2e6577a970aea5bfa8233754c166d88d2fe4de67f5614caf7754a71,2026-10-01T06:24:37.763425+00:00,550864,420,Leny,Yoro,Yoro,1,Man Utd,MUN,Defender,a,False,4.8,0.5,0.6487,0.6399,0.6365,0.6277,0.6365,1.0,1.0,1.0,1.0,1.0,,0.0,,,,14.47542122417824,0.0,9.0,1.0,0.0,0.4,0.0,11.0,56.0,,,,,,,,2.5552,0.5323,high,1.0,1.0,5,0,0,0.4,0.4,0.3,5-GW avg pts 0.40; mins 4; xGI 0.00; current GWs 5; fixture Elo diff +76,False,False,False,False,False,False,False,False,False,False,False,False,False,False,False,False,False,False,False,False,False,False,False,False,False,False,False,False,False,False,False,False
ad1d46d342d9e082098d5aae1d5995a0ebc74f9c,v3-snapshot-availability,131026edd2e6577a970aea5bfa8233754c166d88d2fe4de67f5614caf7754a71,2026-10-01T06:24:37.763425+00:00,167512,539,Luke,O'Nien,O'Nien,56,Sunderland,SUN,Defender,a,False,3.9,2.5,0.6271,0.6183,0.6279,0.6211,0.6271,1.0,1.0,1.0,1.0,1.0,,0.0,,,,22.485837890844905,0.0,3.0,1.0,0.0,0.2,0.2,66.0,223.0,0.05650224215246634,0.008071748878923767,8.071748878923767,0.0,,,,2.497,0.6403,high,1.0,1.0,5,0,0,0.2,0.2,0.0,5-GW avg pts 0.20; mins 13; xGI 0.00; current GWs 5; fixture Elo diff -65,False,False,False,False,False,False,False,False,False,False,False,False,False,False,False,False,False,False,False,False,False,False,False,False,False,False,False,False,False,False,False,False
ad1d46d342d9e082098d5aae1d5995a0ebc74f9c,v3-snapshot-availability,131026edd2e6577a970aea5bfa8233754c166d88d2fe4de67f5614caf7754a71,2026-10-01T06:24:37.763425+00:00,533646,647,Darío,Osorio,Osorio,31,Crystal Palace,CRY,Midfielder,a,False,5.5,0.0,0.6129,0.6023,0.6111,0.6168,0.6111,1.0,1.0,1.0,1.0,1.0,,0.0,,0.0,,22.485837890844905,0.0,2.0,2.0,1.0,0.3333333333333333,0.0,1.0,1.0,,,,,,,,2.4424,0.4441,medium,0.6,0.6,3,0,0,0.3333,0.3333,0.3,5-GW avg pts 0.33; mins 0; xGI 0.00; current GWs 3; fixture Elo diff -34,False,False,False,False,False,False,False,False,False,False,False,False,False,False,False,False,False,False,False,False,False,False,False,False,False,False,False,False,False,False,False,False
ad1d46d342d9e082098d5aae1d5995a0ebc74f9c,v3-snapshot-availability,131026edd2e6577a970aea5bfa8233754c166d88d2fe4de67f5614caf7754a71,2026-10-01T06:24:37.763425+00:00,196100,584,Gustavo,Hamer,Hamer,9,Coventry City,COV,Midfielder,a,False,5.4,0.1,0.6077,0.5997,0.6095,0.6105,0.5997,1.0,1.0,1.0,1.0,1.0,,0.0,,,,14.47542122417824,0.0,5.0,1.0,0.0,0.6,0.0,10.666666666666666,32.0,,,,,,4.0,,2.4222,0.4486,high,1.0,1.0,5,0,0,0.6,0.6,0.3,5-GW avg pts 0.60; mins 6; xGI 0.00; current GWs 5; fixture Elo diff -132,False,False,False,False,False,False,False,False,False,False,False,False,False,False,False,False,False,False,False,False,False,False,False,False,False,False,False,False,False,False,False,False
ad1d46d342d9e082098d5aae1d5995a0ebc74f9c,v3-snapshot-availability,131026edd2e6577a970aea5bfa8233754c166d88d2fe4de67f5614caf7754a71,2026-10-01T06:24:37.763425+00:00,180135,339,Sean,Longstaff,Longstaff,2,Leeds,LEE,Midfielder,a,False,4.9,0.1,0.5779,0.618,0.612,0.6092,0.6188,1.0,1.0,1.0,1.0,1.0,,0.0,,,,16.47542122417824,0.0,8.0,1.0,0.0,0.4,0.0,5.0,59.0,,,,,,3.0,3.0,2.4214,0.4942,high,1.0,1.0,5,0,0,0.4,0.4,0.3,5-GW avg pts 0.40; mins 2; xGI 0.00; current GWs 5; fixture Elo diff -76,False,False,False,False,False,False,False,False,False,False,False,False,False,False,False,False,False,False,False,False,False,False,False,False,False,False,False,False,False,False,False,False
ad1d46d342d9e082098d5aae1d5995a0ebc74f9c,v3-snapshot-availability,131026edd2e6577a970aea5bfa8233754c166d88d2fe4de67f5614caf7754a71,2026-10-01T06:24:37.763425+00:00,493105,160,Alejandro,Garnacho Ferreyra,Garnacho,7,Aston Villa,AVL,Midfielder,a,False,5.8,0.3,0.6073,0.5985,0.5759,0.6361,0.5985,1.0,1.0,1.0,1.0,1.0,,0.0,,,,25.57958789084491,0.0,3.0,1.0,0.0,0.6,0.0,10.333333333333334,32.0,,,,,,,,2.4109,0.4157,high,1.0,1.0,5,0,0,0.6,0.6,0.3,5-GW avg pts 0.60; mins 6; xGI 0.00; current GWs 5; fixture Elo diff +46,False,False,False,False,False,False,False,False,False,False,False,False,False,False,False,False,False,False,False,False,False,False,False,False,False,False,False,False,False,False,False,False
ad1d46d342d9e082098d5aae1d5995a0ebc74f9c,v3-snapshot-availability,131026edd2e6577a970aea5bfa8233754c166d88d2fe4de67f5614caf7754a71,2026-10-01T06:24:37.763425+00:00,538007,594,Promise,David,David,36,Brighton,BHA,Forward,a,False,5.9,0.2,0.6407,0.6109,0.5751,0.5495,0.5898,1.0,1.0,1.0,1.0,1.0,,0.0,,,,25.683754557511577,0.0,2.0,1.0,0.0,0.4,0.0,11.5,23.0,,,,,2.0,,,2.3891,0.4049,high,1.0,1.0,5,0,0,0.2,0.2,0.0,5-GW avg pts 0.20; mins 5; xGI 0.08; current GWs 5; fixture Elo diff -10,False,False,False,False,False,False,False,False,False,False,False,False,False,False,False,False,False,False,False,False,False,False,False,False,False,False,False,False,False,False,False,False
ad1d46d342d9e082098d5aae1d5995a0ebc74f9c,v3-snapshot-availability,131026edd2e6577a970aea5bfa8233754c166d88d2fe4de67f5614caf7754a71,2026-10-01T06:24:37.763425+00:00,91651,406,Mateo,Kovačić,Kovačić,43,Man City,MCI,Midfielder,a,False,5.4,0.1,0.5819,0.6095,0.5819,0.6113,0.5978,1.0,1.0,1.0,1.0,1.0,,90.0,,90.0,,13.496254557511573,1.0,7.0,2.0,1.0,0.4,0.0,21.0,154.0,,,,,,,,2.3825,0.4412,high,1.0,1.0,5,0,0,0.4,0.4,0.0,5-GW avg pts 0.40; mins 8; xGI 0.00; current GWs 5; fixture Elo diff +144,False,False,False,False,False,False,False,False,False,False,False,False,False,False,False,False,False,False,False,False,False,False,False,False,False,False,False,False,False,False,False,False
ad1d46d342d9e082098d5aae1d5995a0ebc74f9c,v3-snapshot-availability,131026edd2e6577a970aea5bfa8233754c166d88d2fe4de67f5614caf7754a71,2026-10-01T06:24:37.763425+00:00,561245,81,Álvaro,Rodríguez,Rodríguez,91,Bournemouth,BOU,Forward,a,False,6.0,0.1,0.5543,0.5925,0.5543,0.5839,0.5727,1.0,1.0,1.0,1.0,1.0,,19.0,,19.0,,13.47542122417824,1.0,4.0,1.0,1.0,0.4,0.0,5.0,10.0,,,,,,,,2.2833,0.3805,high,1.0,1.0,5,0,0,0.4,0.4,0.3,5-GW avg pts 0.40; mins 2; xGI 0.00; current GWs 5; fixture Elo diff +88,False,False,False,False,False,False,False,False,False,False,False,False,False,False,False,False,False,False,False,False,False,False,False,False,False,False,False,False,False,False,False,False
ad1d46d342d9e082098d5aae1d5995a0ebc74f9c,v3-snapshot-availability,131026edd2e6577a970aea5bfa8233754c166d88d2fe4de67f5614caf7754a71,2026-10-01T06:24:37.763425+00:00,454490,120,Michael,Svoboda,Svoboda,36,Brighton,BHA,Defender,a,False,5.0,0.1,0.5544,0.562,0.5385,0.5236,0.5509,1.0,1.0,1.0,1.0,1.0,,4.0,,,,11.683754557511573,1.0,2.0,1.0,0.0,0.2,0.0,4.0,4.0,,,,,,,,2.188,0.4376,high,1.0,1.0,5,0,0,0.2,0.2,0.3,5-GW avg pts 0.20; mins 1; xGI 0.00; current GWs 5; fixture Elo diff -10,False,False,False,False,False,False,False,False,False,False,False,False,False,False,False,False,False,False,False,False,False,False,False,False,False,False,False,False,False,False,False,False
ad1d46d342d9e082098d5aae1d5995a0ebc74f9c,v3-snapshot-availability,131026edd2e6577a970aea5bfa8233754c166d88d2fe4de67f5614caf7754a71,2026-10-01T06:24:37.763425+00:00,587982,648,Jean-Mattéo,Bahoya,Bahoya,2,Leeds,LEE,Midfielder,a,False,5.0,0.0,0.5212,0.5449,0.5389,0.5361,0.5457,1.0,1.0,1.0,1.0,1.0,,1.0,,,,10.72542122417824,1.0,1.0,1.0,0.0,0.3333333333333333,0.0,1.0,1.0,,,,,,,,2.1455,0.4291,medium,0.6,0.6,3,0,0,0.3333,0.3333,0.3,5-GW avg pts 0.33; mins 0; xGI 0.00; current GWs 3; fixture Elo diff -76,False,False,False,False,False,False,False,False,False,False,False,False,False,False,False,False,False,False,False,False,False,False,False,False,False,False,False,False,False,False,False,False
ad1d46d342d9e082098d5aae1d5995a0ebc74f9c,v3-snapshot-availability,131026edd2e6577a970aea5bfa8233754c166d88d2fe4de67f5614caf7754a71,2026-10-01T06:24:37.763425+00:00,485711,439,Benjamin,Sesko,Šeško,1,Man Utd,MUN,Forward,d,False,7.0,1.6,0.5335,0.5139,0.5673,0.4978,0.5654,0.75,0.75,0.75,0.75,0.75,,,,,,14.47542122417824,0.0,6.0,0.0,0.0,0.8,0.0,19.0,208.0,0.895673076923077,0.021634615384615384,4.759615384615385,0.0,,,,2.1376,0.3054,high,1.0,1.0,5,0,0,1.2,1.2,1.125,5-GW avg pts 1.60; mins 15; xGI 0.08; current GWs 5; fixture Elo diff +76,False,False,False,False,False,False,False,False,False,False,False,False,False,False,False,False,False,False,False,False,False,False,False,False,False,False,False,False,False,False,False,False
ad1d46d342d9e082098d5aae1d5995a0ebc74f9c,v3-snapshot-availability,131026edd2e6577a970aea5bfa8233754c166d88d2fe4de67f5614caf7754a71,2026-10-01T06:24:37.763425+00:00,535301,131,Carlos,Baleba,Baleba,1,Man Utd,MUN,Midfielder,a,False,4.9,0.1,0.6066,0.5978,0.4707,0.4619,0.4707,1.0,1.0,1.0,1.0,1.0,,0.0,,,,,0.0,0.0,1.0,0.0,0.0,0.0,,266.0,0.07443609022556384,0.03721804511278192,15.225563909774436,0.0,,,,2.1269,0.4341,high,1.0,1.0,5,0,0,0.0,0.0,0.0,5-GW avg pts 0.00; mins 0; xGI 0.00; current GWs 5; fixture Elo diff +76,False,False,False,False,False,False,False,False,False,False,False,False,False,False,False,False,False,False,False,False,False,False,False,False,False,False,False,False,False,False,False,False
ad1d46d342d9e082098d5aae1d5995a0ebc74f9c,v3-snapshot-availability,131026edd2e6577a970aea5bfa8233754c166d88d2fe4de67f5614caf7754a71,2026-10-01T06:24:37.763425+00:00,448514,392,Rayan,Aït-Nouri,Aït-Nouri,43,Man City,MCI,Defender,a,False,5.3,0.4,0.5063,0.5492,0.5063,0.5358,0.5375,1.0,1.0,1.0,1.0,1.0,,90.0,,90.0,,13.496254557511573,1.0,4.0,2.0,1.0,0.0,0.0,,103.0,,,,,,,,2.1032,0.3968,high,1.0,1.0,5,0,0,0.0,0.0,0.0,5-GW avg pts 0.00; mins 0; xGI 0.00; current GWs 5; fixture Elo diff +144,False,False,False,False,False,False,False,False,False,False,False,False,False,False,False,False,False,False,False,False,False,False,False,False,False,False,False,False,False,False,False,False
ad1d46d342d9e082098d5aae1d5995a0ebc74f9c,v3-snapshot-availability,131026edd2e6577a970aea5bfa8233754c166d88d2fe4de67f5614caf7754a71,2026-10-01T06:24:37.763425+00:00,616288,621,Ryan,McAidoo,McAidoo,43,Man City,MCI,Midfielder,a,False,4.5,0.1,0.5145,0.5307,0.5145,0.5326,0.519,1.0,1.0,1.0,1.0,1.0,,45.0,,45.0,,13.496254557511573,1.0,3.0,1.0,1.0,0.4,0.0,5.5,11.0,,,,,,,,2.0879,0.464,high,1.0,1.0,4,0,0,0.4,0.4,0.3,5-GW avg pts 0.40; mins 2; xGI 0.02; current GWs 4; fixture Elo diff +144,False,False,False,False,False,False,False,False,False,False,False,False,False,False,False,False,False,False,False,False,False,False,False,False,False,False,False,False,False,False,False,False
ad1d46d342d9e082098d5aae1d5995a0ebc74f9c,v3-snapshot-availability,131026edd2e6577a970aea5bfa8233754c166d88d2fe4de67f5614caf7754a71,2026-10-01T06:24:37.763425+00:00,204813,179,Joel,Latibeaudiere,Latibeaudiere,9,Coventry City,COV,Defender,a,False,4.0,0.0,0.5086,0.5006,0.5104,0.5114,0.5006,1.0,1.0,1.0,1.0,1.0,,1.0,,,,11.579587890844907,1.0,3.0,1.0,0.0,0.2,0.0,1.0,1.0,,,,,,,,2.0258,0.5065,high,1.0,1.0,5,0,0,0.2,0.2,0.3,5-GW avg pts 0.20; mins 0; xGI 0.00; current GWs 5; fixture Elo diff -132,False,False,False,False,False,False,False,False,False,False,False,False,False,False,False,False,False,False,False,False,False,False,False,False,False,False,False,False,False,False,False,False
ad1d46d342d9e082098d5aae1d5995a0ebc74f9c,v3-snapshot-availability,131026edd2e6577a970aea5bfa8233754c166d88d2fe4de67f5614caf7754a71,2026-10-01T06:24:37.763425+00:00,653481,52,Alysson Edward Franco,da Rocha dos Santos,Alysson,7,Aston Villa,AVL,Midfielder,d,False,5.0,0.0,0.5107,0.4907,0.4864,0.5172,0.4888,0.75,0.75,0.75,0.75,0.75,,,,,,14.47542122417824,0.0,8.0,0.0,0.0,0.8,0.0,21.75,87.0,,,,,,,,1.9967,0.3993,high,1.0,1.0,5,0,0,1.2,1.2,1.275,5-GW avg pts 1.60; mins 17; xGI 0.01; current GWs 5; fixture Elo diff +46,False,False,False,False,False,False,False,False,False,False,False,False,False,False,False,False,False,False,False,False,False,False,False,False,False,False,False,False,False,False,False,False
ad1d46d342d9e082098d5aae1d5995a0ebc74f9c,v3-snapshot-availability,131026edd2e6577a970aea5bfa8233754c166d88d2fe4de67f5614caf7754a71,2026-10-01T06:24:37.763425+00:00,220362,153,Axel,Disasi,Disasi,31,Crystal Palace,CRY,Defender,s,False,4.5,0.1,0.0,0.0,0.9368,0.9098,0.9368,0.0,0.0,1.0,1.0,1.0,,90.0,,90.0,,13.47542122417824,1.0,5.0,1.0,1.0,0.6,0.2,46.333333333333336,583.0,0.0,0.009262435677530002,7.564322469982847,0.0,,,,1.9484,0.433,high,1.0,1.0,5,0,0,0.0,0.0,0.0,5-GW avg pts 0.20; mins 28; xGI 0.01; current GWs 5; fixture Elo diff -34,False,False,False,False,False,False,False,False,False,False,False,False,False,False,False,False,False,False,False,False,False,False,False,False,False,False,False,False,False,False,False,False
ad1d46d342d9e082098d5aae1d5995a0ebc74f9c,v3-snapshot-availability,131026edd2e6577a970aea5bfa8233754c166d88d2fe4de67f5614caf7754a71,2026-10-01T06:24:37.763425+00:00,485337,42,Evann,Guessand,Guessand,31,Crystal Palace,CRY,Midfielder,a,False,5.4,0.0,0.4781,0.4675,0.4763,0.4683,0.4763,1.0,1.0,1.0,1.0,1.0,,,,,,33.47542122417824,0.0,5.0,0.0,0.0,0.4,0.0,27.0,83.0,,,,,,,,1.8934,0.3506,high,1.0,1.0,5,0,0,0.4,0.4,0.0,5-GW avg pts 0.40; mins 11; xGI 0.01; current GWs 5; fixture Elo diff -34,False,False,False,False,False,False,False,False,False,False,False,False,False,False,False,False,False,False,False,False,False,False,False,False,False,False,False,False,False,False,False,False
ad1d46d342d9e082098d5aae1d5995a0ebc74f9c,v3-snapshot-availability,131026edd2e6577a970aea5bfa8233754c166d88d2fe4de67f5614caf7754a71,2026-10-01T06:24:37.763425+00:00,441191,450,Tino,Livramento,Livramento,4,Newcastle,NEW,Defender,d,False,4.9,0.1,0.4584,0.4719,0.457,0.4725,0.4577,0.75,0.75,0.75,0.75,0.75,,,,,,16.47542122417824,0.0,3.0,0.0,0.0,0.4,0.0,16.5,33.0,,,,,,,,1.8542,0.3784,high,1.0,1.0,5,0,0,0.6,0.6,0.75,5-GW avg pts 0.80; mins 7; xGI 0.00; current GWs 5; fixture Elo diff +37,False,False,False,False,False,False,False,False,False,False,False,False,False,False,False,False,False,False,False,False,False,False,False,False,False,False,False,False,False,False,False,False
ad1d46d342d9e082098d5aae1d5995a0ebc74f9c,v3-snapshot-availability,131026edd2e6577a970aea5bfa8233754c166d88d2fe4de67f5614caf7754a71,2026-10-01T06:24:37.763425+00:00,477064,395,Rico,Lewis,Lewis,43,Man City,MCI,Defender,a,False,4.4,0.2,0.4531,0.4555,0.4531,0.4817,0.4624,1.0,1.0,1.0,1.0,1.0,,90.0,,90.0,,13.496254557511573,1.0,5.0,2.0,1.0,0.2,0.0,56.0,146.0,,,,,,,,1.8401,0.4182,high,1.0,1.0,5,0,0,0.2,0.2,0.0,5-GW avg pts 0.20; mins 11; xGI 0.04; current GWs 5; fixture Elo diff +144,False,False,False,False,False,False,False,False,False,False,False,False,False,False,False,False,False,False,False,False,False,False,False,False,False,False,False,False,False,False,False,False
ad1d46d342d9e082098d5aae1d5995a0ebc74f9c,v3-snapshot-availability,131026edd2e6577a970aea5bfa8233754c166d88d2fe4de67f5614caf7754a71,2026-10-01T06:24:37.763425+00:00,441164,499,Pedro,Porro Sauceda,Pedro Porro,6,Spurs,TOT,Defender,d,False,5.4,7.6,0.4703,0.4551,0.4377,0.4536,0.4262,0.75,0.75,0.75,0.75,0.75,,19.0,,,,11.78792122417824,1.0,4.0,1.0,0.0,0.6,0.4,66.0,648.0,0.07638888888888887,0.15833333333333333,7.361111111111111,0.0,,1.0,1.0,1.8034,0.334,high,1.0,1.0,5,0,0,1.35,1.35,1.5,5-GW avg pts 1.80; mins 40; xGI 0.11; current GWs 5; fixture Elo diff -25,False,False,False,False,False,False,False,False,False,False,False,False,False,False,False,False,False,False,False,False,False,False,False,False,False,False,False,False,False,False,False,False
ad1d46d342d9e082098d5aae1d5995a0ebc74f9c,v3-snapshot-availability,131026edd2e6577a970aea5bfa8233754c166d88d2fe4de67f5614caf7754a71,2026-10-01T06:24:37.763425+00:00,559152,595,Zavier,Gozo,Gozo,31,Crystal Palace,CRY,Midfielder,a,False,4.9,0.0,0.4535,0.4429,0.4517,0.4437,0.4517,1.0,1.0,1.0,1.0,1.0,,,,,,18.683754557511573,0.0,3.0,0.0,0.0,0.4,0.0,14.0,28.0,,,,,,,,1.7952,0.3664,high,1.0,1.0,5,0,0,0.4,0.4,0.3,5-GW avg pts 0.40; mins 6; xGI 0.00; current GWs 5; fixture Elo diff -34,False,False,False,False,False,False,False,False,False,False,False,False,False,False,False,False,False,False,False,False,False,False,False,False,False,False,False,False,False,False,False,False
ad1d46d342d9e082098d5aae1d5995a0ebc74f9c,v3-snapshot-availability,131026edd2e6577a970aea5bfa8233754c166d88d2fe4de67f5614caf7754a71,2026-10-01T06:24:37.763425+00:00,250199,487,Nicolás,Domínguez,Dominguez,17,Nott'm Forest,NFO,Midfielder,a,False,4.9,0.1,0.4429,0.4196,0.4489,0.4421,0.4196,1.0,1.0,1.0,1.0,1.0,,0.0,,,,32.78792122417824,0.0,3.0,1.0,0.0,0.2,0.0,1.0,230.0,0.12521739130434784,0.05869565217391301,13.695652173913043,0.0,,,,1.7409,0.3553,high,1.0,1.0,5,0,0,0.2,0.2,0.0,5-GW avg pts 0.20; mins 0; xGI 0.00; current GWs 5; fixture Elo diff -41,False,False,False,False,False,False,False,False,False,False,False,False,False,False,False,False,False,False,False,False,False,False,False,False,False,False,False,False,False,False,False,False
ad1d46d342d9e082098d5aae1d5995a0ebc74f9c,v3-snapshot-availability,131026edd2e6577a970aea5bfa8233754c166d88d2fe4de67f5614caf7754a71,2026-10-01T06:24:37.763425+00:00,201895,535,Omar,Alderete,Alderete,56,Sunderland,SUN,Defender,a,False,4.8,0.2,0.4339,0.4251,0.4347,0.4278,0.4339,1.0,1.0,1.0,1.0,1.0,,0.0,,,,14.47542122417824,0.0,3.0,1.0,0.0,0.2,0.0,23.0,315.0,0.0714285714285714,0.011428571428571429,8.0,0.0,,,,1.7239,0.3592,high,1.0,1.0,5,0,0,0.2,0.2,0.0,5-GW avg pts 0.20; mins 5; xGI 0.00; current GWs 5; fixture Elo diff -65,False,False,False,False,False,False,False,False,False,False,False,False,False,False,False,False,False,False,False,False,False,False,False,False,False,False,False,False,False,False,False,False
ad1d46d342d9e082098d5aae1d5995a0ebc74f9c,v3-snapshot-availability,131026edd2e6577a970aea5bfa8233754c166d88d2fe4de67f5614caf7754a71,2026-10-01T06:24:37.763425+00:00,549912,549,Chemsdine,Talbi,Talbi,56,Sunderland,SUN,Midfielder,a,False,5.3,0.1,0.4324,0.4236,0.4332,0.4264,0.4324,1.0,1.0,1.0,1.0,1.0,,0.0,,,,22.485837890844905,0.0,2.0,1.0,0.0,0.2,0.0,31.0,229.0,0.05502183406113529,0.08253275109170301,5.109170305676856,0.0,,,,1.7181,0.3242,high,1.0,1.0,5,0,0,0.2,0.2,0.0,5-GW avg pts 0.20; mins 6; xGI 0.00; current GWs 5; fixture Elo diff -65,False,False,False,False,False,False,False,False,False,False,False,False,False,False,False,False,False,False,False,False,False,False,False,False,False,False,False,False,False,False,False,False
ad1d46d342d9e082098d5aae1d5995a0ebc74f9c,v3-snapshot-availability,131026edd2e6577a970aea5bfa8233754c166d88d2fe4de67f5614caf7754a71,2026-10-01T06:24:37.763425+00:00,554197,548,Chris,Rigg,Rigg,56,Sunderland,SUN,Midfielder,a,False,4.9,0.0,0.427,0.4182,0.4278,0.421,0.427,1.0,1.0,1.0,1.0,1.0,,0.0,,,,14.47542122417824,0.0,5.0,1.0,0.0,0.4,0.0,8.5,76.0,,,,,,,,1.6965,0.3462,high,1.0,1.0,5,0,0,0.4,0.4,0.0,5-GW avg pts 0.40; mins 3; xGI 0.00; current GWs 5; fixture Elo diff -65,False,False,False,False,False,False,False,False,False,False,False,False,False,False,False,False,False,False,False,False,False,False,False,False,False,False,False,False,False,False,False,False
ad1d46d342d9e082098d5aae1d5995a0ebc74f9c,v3-snapshot-availability,131026edd2e6577a970aea5bfa8233754c166d88d2fe4de67f5614caf7754a71,2026-10-01T06:24:37.763425+00:00,502697,243,Carlos,Alcaraz Durán,Alcaraz,11,Everton,EVE,Midfielder,a,False,4.9,0.1,0.4092,0.4111,0.371,0.4023,0.4253,1.0,1.0,1.0,1.0,1.0,,0.0,,,,14.485837890844907,0.0,5.0,1.0,0.0,0.4,0.0,2.5,17.0,,,,,,,,1.6128,0.3291,high,1.0,1.0,5,0,0,0.2,0.2,0.0,5-GW avg pts 0.20; mins 1; xGI 0.01; current GWs 5; fixture Elo diff +18,False,False,False,False,False,False,False,False,False,False,False,False,False,False,False,False,False,False,False,False,False,False,False,False,False,False,False,False,False,False,False,False
ad1d46d342d9e082098d5aae1d5995a0ebc74f9c,v3-snapshot-availability,131026edd2e6577a970aea5bfa8233754c166d88d2fe4de67f5614caf7754a71,2026-10-01T06:24:37.763425+00:00,627221,599,Sidiki,Cherif,Cherif,9,Coventry City,COV,Forward,a,False,5.0,0.1,0.404,0.396,0.4058,0.4068,0.396,1.0,1.0,1.0,1.0,1.0,,0.0,,,,14.47542122417824,0.0,3.0,1.0,0.0,0.2,0.0,30.0,30.0,,,,,,,,1.6075,0.3215,high,1.0,1.0,5,0,0,0.2,0.2,0.3,5-GW avg pts 0.20; mins 6; xGI 0.00; current GWs 5; fixture Elo diff -132,False,False,False,False,False,False,False,False,False,False,False,False,False,False,False,False,False,False,False,False,False,False,False,False,False,False,False,False,False,False,False,False
ad1d46d342d9e082098d5aae1d5995a0ebc74f9c,v3-snapshot-availability,131026edd2e6577a970aea5bfa8233754c166d88d2fe4de67f5614caf7754a71,2026-10-01T06:24:37.763425+00:00,606745,421,Ayden,Heaven,Heaven,1,Man Utd,MUN,Defender,a,False,4.3,0.3,0.4011,0.3923,0.3955,0.3867,0.3955,1.0,1.0,1.0,1.0,1.0,,,,,,14.47542122417824,0.0,8.0,0.0,0.0,0.2,0.2,90.0,270.0,0.039999999999999994,0.016666666666666635,4.0,0.0,,,,1.5786,0.3671,high,1.0,1.0,5,0,0,0.2,0.2,0.0,5-GW avg pts 0.20; mins 18; xGI 0.03; current GWs 5; fixture Elo diff +76,False,False,False,False,False,False,False,False,False,False,False,False,False,False,False,False,False,False,False,False,False,False,False,False,False,False,False,False,False,False,False,False
ad1d46d342d9e082098d5aae1d5995a0ebc74f9c,v3-snapshot-availability,131026edd2e6577a970aea5bfa8233754c166d88d2fe4de67f5614caf7754a71,2026-10-01T06:24:37.763425+00:00,109646,147,Tosin,Adarabioyo,Tosin,6,Spurs,TOT,Defender,a,False,4.4,0.1,0.3871,0.4034,0.3871,0.3967,0.3879,1.0,1.0,1.0,1.0,1.0,,0.0,,,,15.47542122417824,0.0,4.0,1.0,0.0,0.2,0.0,5.0,50.0,,,,,,,,1.5702,0.3569,high,1.0,1.0,5,0,0,0.2,0.2,0.3,5-GW avg pts 0.20; mins 1; xGI 0.00; current GWs 5; fixture Elo diff -25,False,False,False,False,False,False,False,False,False,False,False,False,False,False,False,False,False,False,False,False,False,False,False,False,False,False,False,False,False,False,False,False
ad1d46d342d9e082098d5aae1d5995a0ebc74f9c,v3-snapshot-availability,131026edd2e6577a970aea5bfa8233754c166d88d2fe4de67f5614caf7754a71,2026-10-01T06:24:37.763425+00:00,204968,489,Ryan,Yates,Yates,17,Nott'm Forest,NFO,Midfielder,a,False,4.5,1.2,0.4673,0.3202,0.4667,0.3427,0.3202,1.0,1.0,1.0,1.0,1.0,,0.0,,,,53.517087890844905,0.0,1.0,1.0,0.0,0.0,0.0,,183.0,0.1327868852459016,0.07377049180327865,13.278688524590164,0.0,,,,1.5608,0.3468,high,1.0,1.0,5,0,0,0.0,0.0,0.0,5-GW avg pts 0.00; mins 0; xGI 0.00; current GWs 5; fixture Elo diff -41,False,False,False,False,False,False,False,False,False,False,False,False,False,False,False,False,False,False,False,False,False,False,False,False,False,False,False,False,False,False,False,False
ad1d46d342d9e082098d5aae1d5995a0ebc74f9c,v3-snapshot-availability,131026edd2e6577a970aea5bfa8233754c166d88d2fe4de67f5614caf7754a71,2026-10-01T06:24:37.763425+00:00,167074,256,Kenny,Tete,Tete,54,Fulham,FUL,Defender,a,False,4.4,0.2,0.3641,0.3729,0.3715,0.3639,0.3727,1.0,1.0,1.0,1.0,1.0,,,,,,18.683754557511573,0.0,3.0,0.0,0.0,0.2,0.0,27.0,27.0,,,,,,,,1.4753,0.3353,high,1.0,1.0,5,0,0,0.0,0.0,0.0,5-GW avg pts 0.00; mins 5; xGI 0.00; current GWs 5; fixture Elo diff +95,False,False,False,False,False,False,False,False,False,False,False,False,False,False,False,False,False,False,False,False,False,False,False,False,False,False,False,False,False,False,False,False
ad1d46d342d9e082098d5aae1d5995a0ebc74f9c,v3-snapshot-availability,131026edd2e6577a970aea5bfa8233754c166d88d2fe4de67f5614caf7754a71,2026-10-01T06:24:37.763425+00:00,437497,641,Melvin,Bard,Bard,2,Leeds,LEE,Defender,a,False,4.5,0.0,0.3525,0.3762,0.3702,0.3674,0.377,1.0,1.0,1.0,1.0,1.0,,0.0,,,,16.47542122417824,0.0,2.0,1.0,0.0,0.3333333333333333,0.0,18.0,18.0,,,,,,,,1.4707,0.3268,medium,0.6,0.6,3,0,0,0.3333,0.3333,0.3,5-GW avg pts 0.33; mins 6; xGI 0.00; current GWs 3; fixture Elo diff -76,False,False,False,False,False,False,False,False,False,False,False,False,False,False,False,False,False,False,False,False,False,False,False,False,False,False,False,False,False,False,False,False
ad1d46d342d9e082098d5aae1d5995a0ebc74f9c,v3-snapshot-availability,131026edd2e6577a970aea5bfa8233754c166d88d2fe4de67f5614caf7754a71,2026-10-01T06:24:37.763425+00:00,242313,207,Oscar,Mingueza,Mingueza,31,Crystal Palace,CRY,Defender,a,False,4.4,0.1,0.3485,0.3259,0.344,0.3294,0.344,1.0,1.0,1.0,1.0,1.0,,28.0,,28.0,,13.47542122417824,1.0,6.0,2.0,1.0,0.4,0.0,8.0,16.0,,,,,,,,1.3539,0.3077,high,1.0,1.0,5,0,0,0.4,0.4,0.3,5-GW avg pts 0.40; mins 3; xGI 0.00; current GWs 5; fixture Elo diff -34,False,False,False,False,False,False,False,False,False,False,False,False,False,False,False,False,False,False,False,False,False,False,False,False,False,False,False,False,False,False,False,False
ad1d46d342d9e082098d5aae1d5995a0ebc74f9c,v3-snapshot-availability,131026edd2e6577a970aea5bfa8233754c166d88d2fe4de67f5614caf7754a71,2026-10-01T06:24:37.763425+00:00,552946,574,Jens,Hjertø-Dahl,Hjertø-Dahl,88,Hull City,HUL,Midfielder,a,False,4.9,0.1,0.3455,0.3377,0.3412,0.3401,0.3175,1.0,1.0,1.0,1.0,1.0,,0.0,,,,22.485837890844905,0.0,5.0,1.0,0.0,0.2,0.0,8.0,8.0,,,,,,,,1.3509,0.2757,high,1.0,1.0,5,0,0,0.2,0.2,0.3,5-GW avg pts 0.20; mins 2; xGI 0.00; current GWs 5; fixture Elo diff -299,False,False,False,False,False,False,False,False,False,False,False,False,False,False,False,False,False,False,False,False,False,False,False,False,False,False,False,False,False,False,False,False
ad1d46d342d9e082098d5aae1d5995a0ebc74f9c,v3-snapshot-availability,131026edd2e6577a970aea5bfa8233754c166d88d2fe4de67f5614caf7754a71,2026-10-01T06:24:37.763425+00:00,98747,442,Nick,Pope,Pope,4,Newcastle,NEW,Goalkeeper,a,False,4.9,0.9,0.3391,0.3337,0.3257,0.3345,0.3267,1.0,1.0,1.0,1.0,1.0,,0.0,,,,63.49625455751157,0.0,2.0,1.0,0.0,0.0,0.0,,450.0,0.0,0.0,0.0,4.4,,,,1.3302,0.2715,high,1.0,1.0,5,0,0,0.0,0.0,0.0,5-GW avg pts 0.00; mins 0; xGI 0.00; current GWs 5; fixture Elo diff +37,False,False,False,False,False,False,False,False,False,False,False,False,False,False,False,False,False,False,False,False,False,False,False,False,False,False,False,False,False,False,False,False
ad1d46d342d9e082098d5aae1d5995a0ebc74f9c,v3-snapshot-availability,131026edd2e6577a970aea5bfa8233754c166d88d2fe4de67f5614caf7754a71,2026-10-01T06:24:37.763425+00:00,515597,35,Lamare,Bogarde,Bogarde,7,Aston Villa,AVL,Midfielder,a,False,4.9,0.1,0.3379,0.3291,0.3066,0.3511,0.3291,1.0,1.0,1.0,1.0,1.0,,0.0,,,,14.47542122417824,0.0,6.0,1.0,0.0,0.2,0.0,16.0,261.0,0.0,0.0034482758620689655,4.482758620689655,0.0,,,,1.3227,0.2699,high,1.0,1.0,5,0,0,0.2,0.2,0.0,5-GW avg pts 0.20; mins 3; xGI 0.00; current GWs 5; fixture Elo diff +46,False,False,False,False,False,False,False,False,False,False,False,False,False,False,False,False,False,False,False,False,False,False,False,False,False,False,False,False,False,False,False,False
ad1d46d342d9e082098d5aae1d5995a0ebc74f9c,v3-snapshot-availability,131026edd2e6577a970aea5bfa8233754c166d88d2fe4de67f5614caf7754a71,2026-10-01T06:24:37.763425+00:00,59735,325,Karl,Darlow,Darlow,1,Man Utd,MUN,Goalkeeper,d,False,4.5,0.0,0.333,0.3264,0.3324,0.3258,0.3324,0.75,0.75,0.75,0.75,0.75,,0.0,,,,14.47542122417824,0.0,1.0,1.0,0.0,0.0,0.0,,360.0,0.0,0.0025,0.0,3.75,,,,1.3201,0.2934,high,1.0,1.0,5,0,0,0.0,0.0,0.0,5-GW avg pts 0.00; mins 0; xGI 0.00; current GWs 5; fixture Elo diff +76,False,False,False,False,False,False,False,False,False,False,False,False,False,False,False,False,False,False,False,False,False,False,False,False,False,False,False,False,False,False,False,False
ad1d46d342d9e082098d5aae1d5995a0ebc74f9c,v3-snapshot-availability,131026edd2e6577a970aea5bfa8233754c166d88d2fe4de67f5614caf7754a71,2026-10-01T06:24:37.763425+00:00,624777,628,Allan,Andrade Elias,Allan,43,Man City,MCI,Midfielder,a,False,6.0,0.0,0.3084,0.3656,0.3084,0.3331,0.3348,1.0,1.0,1.0,1.0,1.0,,71.0,,71.0,,13.496254557511573,1.0,1.0,2.0,1.0,0.0,0.0,,0.0,,,,,,,,1.3182,0.2197,medium,0.6,0.6,3,0,0,0.0,0.0,0.0,5-GW avg pts 0.00; mins 0; xGI 0.00; current GWs 3; fixture Elo diff +144,False,False,False,False,False,False,False,False,False,False,False,False,False,False,False,False,False,False,False,False,False,False,False,False,False,False,False,False,False,False,False,False
ad1d46d342d9e082098d5aae1d5995a0ebc74f9c,v3-snapshot-availability,131026edd2e6577a970aea5bfa8233754c166d88d2fe4de67f5614caf7754a71,2026-10-01T06:24:37.763425+00:00,209046,482,Callum,Hudson-Odoi,Hudson-Odoi,17,Nott'm Forest,NFO,Midfielder,a,False,5.8,0.1,0.3245,0.2874,0.3305,0.31,0.2874,1.0,1.0,1.0,1.0,1.0,,0.0,,,,32.78792122417824,0.0,3.0,1.0,0.0,0.2,0.0,1.0,1.0,,,,,,,4.0,1.237,0.2133,high,1.0,1.0,5,0,0,0.2,0.2,0.0,5-GW avg pts 0.20; mins 0; xGI 0.00; current GWs 5; fixture Elo diff -41,False,False,False,False,False,False,False,False,False,False,False,False,False,False,False,False,False,False,False,False,False,False,False,False,False,False,False,False,False,False,False,False
ad1d46d342d9e082098d5aae1d5995a0ebc74f9c,v3-snapshot-availability,131026edd2e6577a970aea5bfa8233754c166d88d2fe4de67f5614caf7754a71,2026-10-01T06:24:37.763425+00:00,449027,351,Giorgi,Mamardashvili,Mamardashvili,14,Liverpool,LIV,Goalkeeper,a,False,4.9,0.1,0.291,0.3135,0.3223,0.291,0.3144,1.0,1.0,1.0,1.0,1.0,,0.0,,,,15.47542122417824,0.0,6.0,1.0,0.0,0.0,0.0,,180.0,0.0,0.0,0.0,3.5,,,,1.2234,0.2497,high,1.0,1.0,5,0,0,0.0,0.0,0.0,5-GW avg pts 0.00; mins 0; xGI 0.00; current GWs 5; fixture Elo diff +7,False,False,False,False,False,False,False,False,False,False,False,False,False,False,False,False,False,False,False,False,False,False,False,False,False,False,False,False,False,False,False,False
ad1d46d342d9e082098d5aae1d5995a0ebc74f9c,v3-snapshot-availability,131026edd2e6577a970aea5bfa8233754c166d88d2fe4de67f5614caf7754a71,2026-10-01T06:24:37.763425+00:00,109745,2,Kepa,Arrizabalaga Revuelta,Arrizabalaga,3,Arsenal,ARS,Goalkeeper,a,False,4.9,0.1,0.3093,0.3015,0.3093,0.2997,0.304,1.0,1.0,1.0,1.0,1.0,,0.0,,,,15.47542122417824,0.0,5.0,1.0,0.0,0.0,0.0,,90.0,,,,,,,,1.2204,0.2491,high,1.0,1.0,5,0,0,0.0,0.0,0.0,5-GW avg pts 0.00; mins 0; xGI 0.00; current GWs 5; fixture Elo diff +291,False,False,False,False,False,False,False,False,False,False,False,False,False,False,False,False,False,False,False,False,False,False,False,False,False,False,False,False,False,False,False,False
ad1d46d342d9e082098d5aae1d5995a0ebc74f9c,v3-snapshot-availability,131026edd2e6577a970aea5bfa8233754c166d88d2fe4de67f5614caf7754a71,2026-10-01T06:24:37.763425+00:00,576628,435,Shea,Lacey,Lacey,1,Man Utd,MUN,Midfielder,a,False,4.9,0.1,0.2603,0.2515,0.2529,0.2441,0.2529,1.0,1.0,1.0,1.0,1.0,,0.0,,,,14.47542122417824,0.0,8.0,1.0,0.0,0.2,0.0,10.0,38.0,,,,,,,,1.0115,0.2064,high,1.0,1.0,5,0,0,0.2,0.2,0.0,5-GW avg pts 0.20; mins 2; xGI 0.00; current GWs 5; fixture Elo diff +76,False,False,False,False,False,False,False,False,False,False,False,False,False,False,False,False,False,False,False,False,False,False,False,False,False,False,False,False,False,False,False,False
ad1d46d342d9e082098d5aae1d5995a0ebc74f9c,v3-snapshot-availability,131026edd2e6577a970aea5bfa8233754c166d88d2fe4de67f5614caf7754a71,2026-10-01T06:24:37.763425+00:00,171287,359,Joe,Gomez,Gomez,14,Liverpool,LIV,Defender,a,False,4.9,0.0,0.2361,0.2586,0.2674,0.2361,0.2594,1.0,1.0,1.0,1.0,1.0,,0.0,,,,15.47542122417824,0.0,2.0,1.0,0.0,0.0,0.0,,82.0,,,,,,,,1.0035,0.2048,high,1.0,1.0,5,0,0,0.0,0.0,0.0,5-GW avg pts 0.00; mins 0; xGI 0.00; current GWs 5; fixture Elo diff +7,False,False,False,False,False,False,False,False,False,False,False,False,False,False,False,False,False,False,False,False,False,False,False,False,False,False,False,False,False,False,False,False
ad1d46d342d9e082098d5aae1d5995a0ebc74f9c,v3-snapshot-availability,131026edd2e6577a970aea5bfa8233754c166d88d2fe4de67f5614caf7754a71,2026-10-01T06:24:37.763425+00:00,501459,185,Tatsuhiro,Sakamoto,Sakamoto,9,Coventry City,COV,Midfielder,a,False,4.8,0.1,0.2513,0.2433,0.2531,0.2541,0.2433,1.0,1.0,1.0,1.0,1.0,,0.0,,,,14.47542122417824,0.0,4.0,1.0,0.0,0.2,0.0,31.0,31.0,,,,,,,,0.9967,0.2076,high,1.0,1.0,5,0,0,0.2,0.2,0.0,5-GW avg pts 0.20; mins 6; xGI 0.01; current GWs 5; fixture Elo diff -132,False,False,False,False,False,False,False,False,False,False,False,False,False,False,False,False,False,False,False,False,False,False,False,False,False,False,False,False,False,False,False,False
ad1d46d342d9e082098d5aae1d5995a0ebc74f9c,v3-snapshot-availability,131026edd2e6577a970aea5bfa8233754c166d88d2fe4de67f5614caf7754a71,2026-10-01T06:24:37.763425+00:00,106921,587,Gerónimo,Rulli,Rulli,43,Man City,MCI,Goalkeeper,a,False,5.0,0.0,0.2296,0.2525,0.2296,0.2543,0.2407,1.0,1.0,1.0,1.0,1.0,,90.0,,90.0,,13.496254557511573,1.0,1.0,2.0,1.0,0.0,0.0,,0.0,,,,,,,,0.9629,0.1926,high,1.0,1.0,5,0,0,0.0,0.0,0.0,5-GW avg pts 0.00; mins 0; xGI 0.00; current GWs 5; fixture Elo diff +144,False,False,False,False,False,False,False,False,False,False,False,False,False,False,False,False,False,False,False,False,False,False,False,False,False,False,False,False,False,False,False,False
ad1d46d342d9e082098d5aae1d5995a0ebc74f9c,v3-snapshot-availability,131026edd2e6577a970aea5bfa8233754c166d88d2fe4de67f5614caf7754a71,2026-10-01T06:24:37.763425+00:00,486520,344,Ilia,Gruev,Gruev,2,Leeds,LEE,Midfielder,a,False,5.0,0.0,0.2063,0.2464,0.2404,0.2376,0.2472,1.0,1.0,1.0,1.0,1.0,,0.0,,,,,0.0,0.0,1.0,0.0,0.0,0.0,,0.0,,,,,,,,0.9351,0.187,high,1.0,1.0,5,0,0,0.0,0.0,0.0,5-GW avg pts 0.00; mins 0; xGI 0.00; current GWs 5; fixture Elo diff -76,False,False,False,False,False,False,False,False,False,False,False,False,False,False,False,False,False,False,False,False,False,False,False,False,False,False,False,False,False,False,False,False
ad1d46d342d9e082098d5aae1d5995a0ebc74f9c,v3-snapshot-availability,131026edd2e6577a970aea5bfa8233754c166d88d2fe4de67f5614caf7754a71,2026-10-01T06:24:37.763425+00:00,242893,655,Yann,Gboho,Gboho,9,Coventry City,COV,Midfielder,a,False,5.5,0.0,0.2226,0.2283,0.24,0.2391,0.2283,1.0,1.0,1.0,1.0,1.0,,0.0,,,,14.47542122417824,0.0,1.0,1.0,0.0,0.0,0.0,,0.0,,,,,,,,0.9245,0.1681,low,0.4,0.4,2,0,0,0.0,0.0,0.0,5-GW avg pts 0.00; mins 0; xGI 0.00; current GWs 2; fixture Elo diff -132,False,False,False,False,False,False,False,False,False,False,False,False,False,False,False,False,False,False,False,False,False,False,False,False,False,False,False,False,False,False,False,False
ad1d46d342d9e082098d5aae1d5995a0ebc74f9c,v3-snapshot-availability,131026edd2e6577a970aea5bfa8233754c166d88d2fe4de67f5614caf7754a71,2026-10-01T06:24:37.763425+00:00,246301,255,Jorge,Cuenca Barreno,J.Cuenca,54,Fulham,FUL,Defender,a,False,4.5,0.0,0.2218,0.2305,0.2291,0.2215,0.2303,1.0,1.0,1.0,1.0,1.0,,,,,,15.485837890844907,0.0,2.0,0.0,0.0,0.2,0.2,90.0,94.0,,,,,,,,0.9058,0.2013,high,1.0,1.0,5,0,0,0.6,0.6,0.0,5-GW avg pts 0.60; mins 18; xGI 0.01; current GWs 5; fixture Elo diff +95,False,False,False,False,False,False,False,False,False,False,False,False,False,False,False,False,False,False,False,False,False,False,False,False,False,False,False,False,False,False,False,False
ad1d46d342d9e082098d5aae1d5995a0ebc74f9c,v3-snapshot-availability,131026edd2e6577a970aea5bfa8233754c166d88d2fe4de67f5614caf7754a71,2026-10-01T06:24:37.763425+00:00,242882,62,Bafodé,Diakité,Diakité,91,Bournemouth,BOU,Defender,a,False,4.9,0.2,0.2088,0.2381,0.206,0.2247,0.2183,1.0,1.0,1.0,1.0,1.0,,27.0,,27.0,,13.47542122417824,1.0,3.0,2.0,1.0,0.0,0.0,,0.0,,,,,,,,0.8762,0.1788,high,1.0,1.0,5,0,0,0.0,0.0,0.0,5-GW avg pts 0.00; mins 0; xGI 0.00; current GWs 5; fixture Elo diff +88,False,False,False,False,False,False,False,False,False,False,False,False,False,False,False,False,False,False,False,False,False,False,False,False,False,False,False,False,False,False,False,False
ad1d46d342d9e082098d5aae1d5995a0ebc74f9c,v3-snapshot-availability,131026edd2e6577a970aea5bfa8233754c166d88d2fe4de67f5614caf7754a71,2026-10-01T06:24:37.763425+00:00,67089,497,Martin,Dubravka,Dubravka,6,Spurs,TOT,Goalkeeper,a,False,4.0,17.1,0.2073,0.2236,0.2073,0.2169,0.2081,1.0,1.0,1.0,1.0,1.0,,0.0,,,,15.47542122417824,0.0,2.0,1.0,0.0,0.0,0.0,,90.0,,,,,,,,0.8511,0.2128,high,1.0,1.0,5,0,0,0.0,0.0,0.0,5-GW avg pts 0.00; mins 0; xGI 0.00; current GWs 5; fixture Elo diff -25,False,False,False,False,False,False,False,False,False,False,False,False,False,False,False,False,False,False,False,False,False,False,False,False,False,False,False,False,False,False,False,False
ad1d46d342d9e082098d5aae1d5995a0ebc74f9c,v3-snapshot-availability,131026edd2e6577a970aea5bfa8233754c166d88d2fe4de67f5614caf7754a71,2026-10-01T06:24:37.763425+00:00,515046,531,Melker,Ellborg,Ellborg,56,Sunderland,SUN,Goalkeeper,a,False,4.4,0.1,0.2094,0.2006,0.2102,0.2034,0.2094,1.0,1.0,1.0,1.0,1.0,,0.0,,,,22.485837890844905,0.0,2.0,1.0,0.0,0.0,0.0,,0.0,,,,,,,,0.826,0.1877,high,1.0,1.0,5,0,0,0.0,0.0,0.0,5-GW avg pts 0.00; mins 0; xGI 0.00; current GWs 5; fixture Elo diff -65,False,False,False,False,False,False,False,False,False,False,False,False,False,False,False,False,False,False,False,False,False,False,False,False,False,False,False,False,False,False,False,False
ad1d46d342d9e082098d5aae1d5995a0ebc74f9c,v3-snapshot-availability,131026edd2e6577a970aea5bfa8233754c166d88d2fe4de67f5614caf7754a71,2026-10-01T06:24:37.763425+00:00,160817,285,Paddy,McNair,McNair,88,Hull City,HUL,Defender,a,False,4.0,0.1,0.201,0.1932,0.1967,0.1957,0.1731,1.0,1.0,1.0,1.0,1.0,,0.0,,,,36.48583789084491,0.0,4.0,1.0,0.0,0.2,0.0,26.0,26.0,,,,,,,,0.7732,0.1933,high,1.0,1.0,5,0,0,0.2,0.2,0.0,5-GW avg pts 0.20; mins 5; xGI 0.00; current GWs 5; fixture Elo diff -299,False,False,False,False,False,False,False,False,False,False,False,False,False,False,False,False,False,False,False,False,False,False,False,False,False,False,False,False,False,False,False,False
ad1d46d342d9e082098d5aae1d5995a0ebc74f9c,v3-snapshot-availability,131026edd2e6577a970aea5bfa8233754c166d88d2fe4de67f5614caf7754a71,2026-10-01T06:24:37.763425+00:00,79602,623,Dan,Bentley,Bentley,9,Coventry City,COV,Goalkeeper,a,False,4.0,0.6,0.1912,0.1832,0.193,0.194,0.1832,1.0,1.0,1.0,1.0,1.0,,0.0,,,,14.47542122417824,0.0,2.0,1.0,0.0,0.0,0.0,,270.0,0.0,0.0,0.0,2.3333333333333335,,,,0.7562,0.1891,high,1.0,1.0,4,0,0,0.0,0.0,0.0,5-GW avg pts 0.00; mins 0; xGI 0.00; current GWs 4; fixture Elo diff -132,False,False,False,False,False,False,False,False,False,False,False,False,False,False,False,False,False,False,False,False,False,False,False,False,False,False,False,False,False,False,False,False
ad1d46d342d9e082098d5aae1d5995a0ebc74f9c,v3-snapshot-availability,131026edd2e6577a970aea5bfa8233754c166d88d2fe4de67f5614caf7754a71,2026-10-01T06:24:37.763425+00:00,699989,550,Djiamgone Jocelin Ta,Bi,Jocelin.T,56,Sunderland,SUN,Midfielder,a,False,5.0,0.0,0.1909,0.1821,0.1917,0.1848,0.1909,1.0,1.0,1.0,1.0,1.0,,,,,,22.485837890844905,0.0,1.0,0.0,0.0,0.0,0.0,,0.0,,,,,,,,0.752,0.1504,high,1.0,1.0,5,0,0,0.0,0.0,0.0,5-GW avg pts 0.00; mins 0; xGI 0.00; current GWs 5; fixture Elo diff -65,False,False,False,False,False,False,False,False,False,False,False,False,False,False,False,False,False,False,False,False,False,False,False,False,False,False,False,False,False,False,False,False
ad1d46d342d9e082098d5aae1d5995a0ebc74f9c,v3-snapshot-availability,131026edd2e6577a970aea5bfa8233754c166d88d2fe4de67f5614caf7754a71,2026-10-01T06:24:37.763425+00:00,176420,308,Darnell,Furlong,Furlong,40,Ipswich Town,IPS,Defender,a,False,3.9,0.6,0.1932,0.1642,0.1932,0.178,0.1914,1.0,1.0,1.0,1.0,1.0,,0.0,,,,15.47542122417824,0.0,5.0,1.0,0.0,0.2,0.0,17.0,17.0,,,,,,,,0.7348,0.1884,high,1.0,1.0,5,0,0,0.2,0.2,0.0,5-GW avg pts 0.20; mins 3; xGI 0.00; current GWs 5; fixture Elo diff -162,False,True,False,False,False,False,False,False,False,False,False,False,False,False,False,False,False,False,False,False,False,False,False,False,False,False,False,False,False,False,False,False
ad1d46d342d9e082098d5aae1d5995a0ebc74f9c,v3-snapshot-availability,131026edd2e6577a970aea5bfa8233754c166d88d2fe4de67f5614caf7754a71,2026-10-01T06:24:37.763425+00:00,194010,89,Rico,Henry,Henry,94,Brentford,BRE,Defender,a,False,4.4,0.2,0.1797,0.1884,0.1799,0.1902,0.1797,1.0,1.0,1.0,1.0,1.0,,0.0,,,,15.47542122417824,0.0,4.0,1.0,0.0,0.2,0.0,2.0,2.0,,,,,,,,0.7341,0.1668,high,1.0,1.0,5,0,0,0.2,0.2,0.0,5-GW avg pts 0.20; mins 0; xGI 0.00; current GWs 5; fixture Elo diff +31,False,False,False,False,False,False,False,False,False,False,False,False,False,False,False,False,False,False,False,False,False,False,False,False,False,False,False,False,False,False,False,False
ad1d46d342d9e082098d5aae1d5995a0ebc74f9c,v3-snapshot-availability,131026edd2e6577a970aea5bfa8233754c166d88d2fe4de67f5614caf7754a71,2026-10-01T06:24:37.763425+00:00,153366,270,Harrison,Reed,Reed,54,Fulham,FUL,Midfielder,a,False,4.4,1.1,0.1742,0.183,0.1816,0.174,0.1828,1.0,1.0,1.0,1.0,1.0,,,,,,15.485837890844907,0.0,3.0,0.0,0.0,0.0,0.0,,63.0,,,,,,,,0.7157,0.1627,high,1.0,1.0,5,0,0,0.0,0.0,0.0,5-GW avg pts 0.00; mins 0; xGI 0.00; current GWs 5; fixture Elo diff +95,False,False,False,False,False,False,False,False,False,False,False,False,False,False,False,False,False,False,False,False,False,False,False,False,False,False,False,False,False,False,False,False
ad1d46d342d9e082098d5aae1d5995a0ebc74f9c,v3-snapshot-availability,131026edd2e6577a970aea5bfa8233754c166d88d2fe4de67f5614caf7754a71,2026-10-01T06:24:37.763425+00:00,500033,636,Manuel Ángel,Morán Ibáñez,Ángel,54,Fulham,FUL,Midfielder,a,False,5.0,0.0,0.1747,0.1835,0.1821,0.1673,0.1761,1.0,1.0,1.0,1.0,1.0,,0.0,,,,15.485837890844907,0.0,1.0,1.0,0.0,0.0,0.0,,0.0,,,,,,,,0.7083,0.1417,medium,0.6,0.6,3,0,0,0.0,0.0,0.0,5-GW avg pts 0.00; mins 0; xGI 0.00; current GWs 3; fixture Elo diff +95,False,False,False,False,False,False,False,False,False,False,False,False,False,False,False,False,False,False,False,False,False,False,False,False,False,False,False,False,False,False,False,False
ad1d46d342d9e082098d5aae1d5995a0ebc74f9c,v3-snapshot-availability,131026edd2e6577a970aea5bfa8233754c166d88d2fe4de67f5614caf7754a71,2026-10-01T06:24:37.763425+00:00,158983,374,Endo,Wataru,Endo,14,Liverpool,LIV,Midfielder,a,False,4.9,0.1,0.156,0.1786,0.1874,0.156,0.1794,1.0,1.0,1.0,1.0,1.0,,,,,,52.704587890844905,0.0,1.0,0.0,0.0,0.0,0.0,,0.0,,,,,,,,0.6835,0.1395,high,1.0,1.0,5,0,0,0.0,0.0,0.0,5-GW avg pts 0.00; mins 0; xGI 0.00; current GWs 5; fixture Elo diff +7,False,False,False,False,False,False,False,False,False,False,False,False,False,False,False,False,False,False,False,False,False,False,False,False,False,False,False,False,False,False,False,False
ad1d46d342d9e082098d5aae1d5995a0ebc74f9c,v3-snapshot-availability,131026edd2e6577a970aea5bfa8233754c166d88d2fe4de67f5614caf7754a71,2026-10-01T06:24:37.763425+00:00,438464,218,Cheick,Doucouré,Doucouré,31,Crystal Palace,CRY,Midfielder,a,False,4.8,0.0,0.1746,0.1641,0.1729,0.1649,0.1729,1.0,1.0,1.0,1.0,1.0,,0.0,,,,46.76708789084491,0.0,3.0,1.0,0.0,0.0,0.0,,0.0,,,,,,,,0.6797,0.1416,high,1.0,1.0,5,0,0,0.0,0.0,0.0,5-GW avg pts 0.00; mins 0; xGI 0.00; current GWs 5; fixture Elo diff -34,False,False,False,False,False,False,False,False,False,False,False,False,False,False,False,False,False,False,False,False,False,False,False,False,False,False,False,False,False,False,False,False
ad1d46d342d9e082098d5aae1d5995a0ebc74f9c,v3-snapshot-availability,131026edd2e6577a970aea5bfa8233754c166d88d2fe4de67f5614caf7754a71,2026-10-01T06:24:37.763425+00:00,547037,434,Jack,Fletcher,J.Fletcher,1,Man Utd,MUN,Midfielder,a,False,4.9,0.0,0.1768,0.168,0.1693,0.1605,0.1693,1.0,1.0,1.0,1.0,1.0,,,,,,49.49625455751157,0.0,5.0,0.0,0.0,0.0,0.0,,0.0,,,,,,,,0.6774,0.1382,high,1.0,1.0,5,0,0,0.0,0.0,0.0,5-GW avg pts 0.00; mins 0; xGI 0.00; current GWs 5; fixture Elo diff +76,False,False,False,False,False,False,False,False,False,False,False,False,False,False,False,False,False,False,False,False,False,False,False,False,False,False,False,False,False,False,False,False
ad1d46d342d9e082098d5aae1d5995a0ebc74f9c,v3-snapshot-availability,131026edd2e6577a970aea5bfa8233754c166d88d2fe4de67f5614caf7754a71,2026-10-01T06:24:37.763425+00:00,595480,653,Floyd,Samba,Samba,43,Man City,MCI,Midfielder,a,False,4.5,0.0,0.1581,0.1798,0.1581,0.1762,0.1626,1.0,1.0,1.0,1.0,1.0,,90.0,,90.0,,13.496254557511573,1.0,1.0,1.0,1.0,0.0,0.0,,0.0,,,,,,,,0.6674,0.1483,medium,0.6,0.6,3,0,0,0.0,0.0,0.0,5-GW avg pts 0.00; mins 0; xGI 0.00; current GWs 3; fixture Elo diff +144,False,False,False,False,False,False,False,False,False,False,False,False,False,False,False,False,False,False,False,False,False,False,False,False,False,False,False,False,False,False,False,False
ad1d46d342d9e082098d5aae1d5995a0ebc74f9c,v3-snapshot-availability,131026edd2e6577a970aea5bfa8233754c166d88d2fe4de67f5614caf7754a71,2026-10-01T06:24:37.763425+00:00,229600,227,Mark,Travers,Travers,11,Everton,EVE,Goalkeeper,a,False,5.0,0.0,0.1661,0.1729,0.1492,0.1641,0.1822,1.0,1.0,1.0,1.0,1.0,,0.0,,,,49.59000455751157,0.0,2.0,1.0,0.0,0.0,0.0,,0.0,,,,,,,,0.6652,0.133,high,1.0,1.0,5,0,0,0.0,0.0,0.0,5-GW avg pts 0.00; mins 0; xGI 0.00; current GWs 5; fixture Elo diff +18,False,False,False,False,False,False,False,False,False,False,False,False,False,False,False,False,False,False,False,False,False,False,False,False,False,False,False,False,False,False,False,False
ad1d46d342d9e082098d5aae1d5995a0ebc74f9c,v3-snapshot-availability,131026edd2e6577a970aea5bfa8233754c166d88d2fe4de67f5614caf7754a71,2026-10-01T06:24:37.763425+00:00,616222,396,Vitor,de Oliveira Nunes dos Reis,Vitor Reis,43,Man City,MCI,Defender,a,False,4.5,0.0,0.1584,0.1747,0.1584,0.1765,0.1629,1.0,1.0,1.0,1.0,1.0,,90.0,,90.0,,13.496254557511573,1.0,4.0,1.0,1.0,0.2,0.0,1.0,1.0,,,,,,,,0.6637,0.1475,high,1.0,1.0,5,0,0,0.2,0.2,0.0,5-GW avg pts 0.20; mins 0; xGI 0.00; current GWs 5; fixture Elo diff +144,False,False,False,False,False,False,False,False,False,False,False,False,False,False,False,False,False,False,False,False,False,False,False,False,False,False,False,False,False,False,False,False
ad1d46d342d9e082098d5aae1d5995a0ebc74f9c,v3-snapshot-availability,131026edd2e6577a970aea5bfa8233754c166d88d2fe4de67f5614caf7754a71,2026-10-01T06:24:37.763425+00:00,465680,493,Arnaud,Kalimuendo,Kalimuendo,17,Nott'm Forest,NFO,Forward,a,False,5.4,0.1,0.1611,0.1542,0.1623,0.1603,0.1542,1.0,1.0,1.0,1.0,1.0,,,,,,36.47542122417824,0.0,3.0,0.0,0.0,0.2,0.0,1.0,1.0,,,,,,,,0.6344,0.1175,high,1.0,1.0,5,0,0,0.2,0.2,0.0,5-GW avg pts 0.20; mins 0; xGI 0.00; current GWs 5; fixture Elo diff -41,False,False,False,False,False,False,False,False,False,False,False,False,False,False,False,False,False,False,False,False,False,False,False,False,False,False,False,False,False,False,False,False
ad1d46d342d9e082098d5aae1d5995a0ebc74f9c,v3-snapshot-availability,131026edd2e6577a970aea5bfa8233754c166d88d2fe4de67f5614caf7754a71,2026-10-01T06:24:37.763425+00:00,557012,321,Sindre,Walle Egeli,Walle Egeli,40,Ipswich Town,IPS,Forward,a,False,4.5,3.5,0.1666,0.1376,0.1666,0.1514,0.1648,1.0,1.0,1.0,1.0,1.0,,,,,,15.47542122417824,0.0,5.0,0.0,0.0,0.2,0.0,10.0,10.0,,,,,,,,0.6286,0.1397,high,1.0,1.0,5,0,0,0.2,0.2,0.0,5-GW avg pts 0.20; mins 2; xGI 0.00; current GWs 5; fixture Elo diff -162,False,False,False,False,False,False,False,False,False,False,False,False,False,False,False,False,False,False,False,False,False,False,False,False,False,False,False,False,False,False,False,False
ad1d46d342d9e082098d5aae1d5995a0ebc74f9c,v3-snapshot-availability,131026edd2e6577a970aea5bfa8233754c166d88d2fe4de67f5614caf7754a71,2026-10-01T06:24:37.763425+00:00,554054,622,Kaden,Braithwaite,Braithwaite,43,Man City,MCI,Defender,a,False,4.0,0.2,0.1474,0.1637,0.1474,0.1656,0.1519,1.0,1.0,1.0,1.0,1.0,,19.0,,19.0,,13.496254557511573,1.0,2.0,1.0,1.0,0.25,0.0,1.0,1.0,,,,,,,,0.6197,0.1549,high,0.8,0.8,4,0,0,0.25,0.25,0.0,5-GW avg pts 0.25; mins 0; xGI 0.00; current GWs 4; fixture Elo diff +144,False,False,False,False,False,False,False,False,False,False,False,False,False,False,False,False,False,False,False,False,False,False,False,False,False,False,False,False,False,False,False,False
ad1d46d342d9e082098d5aae1d5995a0ebc74f9c,v3-snapshot-availability,131026edd2e6577a970aea5bfa8233754c166d88d2fe4de67f5614caf7754a71,2026-10-01T06:24:37.763425+00:00,437495,3,Illan,Meslier,Meslier,3,Arsenal,ARS,Goalkeeper,a,False,4.9,0.0,0.1537,0.1459,0.1537,0.1441,0.1484,1.0,1.0,1.0,1.0,1.0,,,,,,52.725421224178234,0.0,3.0,0.0,0.0,0.0,0.0,,0.0,,,,,,,,0.5979,0.122,high,1.0,1.0,5,0,0,0.0,0.0,0.0,5-GW avg pts 0.00; mins 0; xGI 0.00; current GWs 5; fixture Elo diff +291,False,False,False,False,False,False,False,False,False,False,False,False,False,False,False,False,False,False,False,False,False,False,False,False,False,False,False,False,False,False,False,False
ad1d46d342d9e082098d5aae1d5995a0ebc74f9c,v3-snapshot-availability,131026edd2e6577a970aea5bfa8233754c166d88d2fe4de67f5614caf7754a71,2026-10-01T06:24:37.763425+00:00,486672,159,Moisés,Caicedo Corozo,Caicedo,8,Chelsea,CHE,Midfielder,d,False,5.3,1.0,0.1505,0.1466,0.151,0.1505,0.1475,0.5,0.5,0.5,0.5,0.5,,,,,,31.725421224178245,0.0,4.0,0.0,0.0,0.2,0.0,13.0,367.0,0.009809264305177113,0.07356948228882827,8.583106267029972,0.0,,,,0.5971,0.1127,high,1.0,1.0,5,0,0,0.1,0.1,0.0,5-GW avg pts 0.20; mins 3; xGI 0.00; current GWs 5; fixture Elo diff +10,False,False,False,False,False,False,False,False,False,False,False,False,False,False,False,False,False,False,False,False,False,False,False,False,False,False,False,False,False,False,False,False
ad1d46d342d9e082098d5aae1d5995a0ebc74f9c,v3-snapshot-availability,131026edd2e6577a970aea5bfa8233754c166d88d2fe4de67f5614caf7754a71,2026-10-01T06:24:37.763425+00:00,208481,292,Abdülkadir,Ömür,Ömür,88,Hull City,HUL,Midfielder,a,False,4.9,0.0,0.1506,0.1428,0.1463,0.1452,0.1226,1.0,1.0,1.0,1.0,1.0,,,,,,36.48583789084491,0.0,2.0,0.0,0.0,0.0,0.0,,0.0,,,,,,,,0.5714,0.1166,high,1.0,1.0,5,0,0,0.0,0.0,0.0,5-GW avg pts 0.00; mins 0; xGI 0.00; current GWs 5; fixture Elo diff -299,False,False,False,False,False,False,False,False,False,False,False,False,False,False,False,False,False,False,False,False,False,False,False,False,False,False,False,False,False,False,False,False
ad1d46d342d9e082098d5aae1d5995a0ebc74f9c,v3-snapshot-availability,131026edd2e6577a970aea5bfa8233754c166d88d2fe4de67f5614caf7754a71,2026-10-01T06:24:37.763425+00:00,647839,645,Christos,Mouzakitis,Mouzakitis,88,Hull City,HUL,Midfielder,a,False,5.0,0.0,0.1503,0.1425,0.146,0.1449,0.1223,1.0,1.0,1.0,1.0,1.0,,,,,,22.485837890844905,0.0,1.0,0.0,0.0,0.0,0.0,,0.0,,,,,,,,0.5702,0.114,medium,0.6,0.6,3,0,0,0.0,0.0,0.0,5-GW avg pts 0.00; mins 0; xGI 0.00; current GWs 3; fixture Elo diff -299,False,False,False,False,False,False,False,False,False,False,False,False,False,False,False,False,False,False,False,False,False,False,False,False,False,False,False,False,False,False,False,False
ad1d46d342d9e082098d5aae1d5995a0ebc74f9c,v3-snapshot-availability,131026edd2e6577a970aea5bfa8233754c166d88d2fe4de67f5614caf7754a71,2026-10-01T06:24:37.763425+00:00,232457,324,Anis,Mehmeti,Mehmeti,40,Ipswich Town,IPS,Midfielder,a,False,4.8,0.0,0.1516,0.1226,0.1516,0.1365,0.1498,1.0,1.0,1.0,1.0,1.0,,,,,,15.47542122417824,0.0,3.0,0.0,0.0,0.0,0.0,,0.0,,,,,,,,0.5687,0.1185,high,1.0,1.0,5,0,0,0.0,0.0,0.0,5-GW avg pts 0.00; mins 0; xGI 0.00; current GWs 5; fixture Elo diff -162,False,False,False,False,False,False,False,False,False,False,False,False,False,False,False,False,False,False,False,False,False,False,False,False,False,False,False,False,False,False,False,False
ad1d46d342d9e082098d5aae1d5995a0ebc74f9c,v3-snapshot-availability,131026edd2e6577a970aea5bfa8233754c166d88d2fe4de67f5614caf7754a71,2026-10-01T06:24:37.763425+00:00,241117,310,Azor,Matusiwa,Matusiwa,40,Ipswich Town,IPS,Midfielder,a,False,4.9,0.0,0.1516,0.1226,0.1516,0.1365,0.1498,1.0,1.0,1.0,1.0,1.0,,,,,,,0.0,0.0,0.0,0.0,0.0,0.0,,0.0,,,,,,,,0.5687,0.1161,high,1.0,1.0,5,0,0,0.0,0.0,0.0,5-GW avg pts 0.00; mins 0; xGI 0.00; current GWs 5; fixture Elo diff -162,False,False,False,False,False,False,False,False,False,False,False,False,False,False,False,False,False,False,False,False,False,False,False,False,False,False,False,False,False,False,False,False
ad1d46d342d9e082098d5aae1d5995a0ebc74f9c,v3-snapshot-availability,131026edd2e6577a970aea5bfa8233754c166d88d2fe4de67f5614caf7754a71,2026-10-01T06:24:37.763425+00:00,519913,438,Tyler,Fletcher,Fletcher,1,Man Utd,MUN,Midfielder,a,False,4.4,0.3,0.1426,0.1338,0.1417,0.133,0.1417,1.0,1.0,1.0,1.0,1.0,,,,,,49.49625455751157,0.0,4.0,0.0,0.0,0.0,0.0,,16.0,,,,,,,,0.5544,0.126,high,1.0,1.0,5,0,0,0.0,0.0,0.0,5-GW avg pts 0.00; mins 0; xGI 0.00; current GWs 5; fixture Elo diff +76,False,False,False,False,False,False,False,False,False,False,False,False,False,False,False,False,False,False,False,False,False,False,False,False,False,False,False,False,False,False,False,False
ad1d46d342d9e082098d5aae1d5995a0ebc74f9c,v3-snapshot-availability,131026edd2e6577a970aea5bfa8233754c166d88d2fe4de67f5614caf7754a71,2026-10-01T06:24:37.763425+00:00,463936,158,Jamie,Bynoe-Gittens,Gittens,8,Chelsea,CHE,Midfielder,d,False,5.8,0.0,0.1255,0.1298,0.1364,0.1255,0.1312,0.75,0.75,0.75,0.75,0.75,,0.0,,,,21.465004557511573,0.0,5.0,1.0,0.0,0.0,0.0,,0.0,,,,,,,,0.518,0.0893,high,1.0,1.0,5,0,0,0.0,0.0,0.0,5-GW avg pts 0.00; mins 0; xGI 0.00; current GWs 5; fixture Elo diff +10,False,False,False,False,False,False,False,False,False,False,False,False,False,False,False,False,False,False,False,False,False,False,False,False,False,False,False,False,False,False,False,False
ad1d46d342d9e082098d5aae1d5995a0ebc74f9c,v3-snapshot-availability,131026edd2e6577a970aea5bfa8233754c166d88d2fe4de67f5614caf7754a71,2026-10-01T06:24:37.763425+00:00,507433,83,Hákon Rafn,Valdimarsson,Valdimarsson,94,Brentford,BRE,Goalkeeper,a,False,4.5,0.1,0.1206,0.1294,0.1208,0.1312,0.1206,1.0,1.0,1.0,1.0,1.0,,,,,,36.47542122417824,0.0,1.0,0.0,0.0,0.0,0.0,,0.0,,,,,,,,0.4978,0.1106,high,1.0,1.0,5,0,0,0.0,0.0,0.0,5-GW avg pts 0.00; mins 0; xGI 0.00; current GWs 5; fixture Elo diff +31,False,False,False,False,False,False,False,False,False,False,False,False,False,False,False,False,False,False,False,False,False,False,False,False,False,False,False,False,False,False,False,False
ad1d46d342d9e082098d5aae1d5995a0ebc74f9c,v3-snapshot-availability,131026edd2e6577a970aea5bfa8233754c166d88d2fe4de67f5614caf7754a71,2026-10-01T06:24:37.763425+00:00,221389,468,John Victor,Maciel Furtado,John,17,Nott'm Forest,NFO,Goalkeeper,a,False,4.5,0.1,0.1265,0.1032,0.1259,0.1257,0.1032,1.0,1.0,1.0,1.0,1.0,,0.0,,,,,0.0,0.0,1.0,0.0,0.0,0.0,,0.0,,,,,,,,0.47,0.1044,high,1.0,1.0,5,0,0,0.0,0.0,0.0,5-GW avg pts 0.00; mins 0; xGI 0.00; current GWs 5; fixture Elo diff -41,False,False,False,False,False,False,False,False,False,False,False,False,False,False,False,False,False,False,False,False,False,False,False,False,False,False,False,False,False,False,False,False
ad1d46d342d9e082098d5aae1d5995a0ebc74f9c,v3-snapshot-availability,131026edd2e6577a970aea5bfa8233754c166d88d2fe4de67f5614caf7754a71,2026-10-01T06:24:37.763425+00:00,549939,560,Mike,Penders,Penders,8,Chelsea,CHE,Goalkeeper,a,False,4.4,0.1,0.1149,0.1069,0.1157,0.1149,0.1088,1.0,1.0,1.0,1.0,1.0,,0.0,,,,21.465004557511573,0.0,4.0,1.0,0.0,0.0,0.0,,0.0,,,,,,,,0.4493,0.1021,high,1.0,1.0,5,0,0,0.0,0.0,0.0,5-GW avg pts 0.00; mins 0; xGI 0.00; current GWs 5; fixture Elo diff +10,False,False,False,False,False,False,False,False,False,False,False,False,False,False,False,False,False,False,False,False,False,False,False,False,False,False,False,False,False,False,False,False
ad1d46d342d9e082098d5aae1d5995a0ebc74f9c,v3-snapshot-availability,131026edd2e6577a970aea5bfa8233754c166d88d2fe4de67f5614caf7754a71,2026-10-01T06:24:37.763425+00:00,696104,613,Jules,Ahoka,Ahoka,56,Sunderland,SUN,Midfielder,a,False,4.5,0.2,0.1149,0.1061,0.1157,0.1088,0.1149,1.0,1.0,1.0,1.0,1.0,,0.0,,,,22.485837890844905,0.0,1.0,1.0,0.0,0.0,0.0,,0.0,,,,,,,,0.4479,0.0995,high,0.8,0.8,4,0,0,0.0,0.0,0.0,5-GW avg pts 0.00; mins 0; xGI 0.00; current GWs 4; fixture Elo diff -65,False,False,False,False,False,False,False,False,False,False,False,False,False,False,False,False,False,False,False,False,False,False,False,False,False,False,False,False,False,False,False,False
ad1d46d342d9e082098d5aae1d5995a0ebc74f9c,v3-snapshot-availability,131026edd2e6577a970aea5bfa8233754c166d88d2fe4de67f5614caf7754a71,2026-10-01T06:24:37.763425+00:00,169593,555,Remi,Matthews,Matthews,31,Crystal Palace,CRY,Goalkeeper,a,False,4.0,1.7,0.1167,0.1061,0.1149,0.1069,0.1149,1.0,1.0,1.0,1.0,1.0,,0.0,,0.0,,74.78792122417823,0.0,1.0,2.0,1.0,0.0,0.0,,0.0,,,,,,,,0.4477,0.1119,high,1.0,1.0,5,0,0,0.0,0.0,0.0,5-GW avg pts 0.00; mins 0; xGI 0.00; current GWs 5; fixture Elo diff -34,False,False,False,False,False,False,False,False,False,False,False,False,False,False,False,False,False,False,False,False,False,False,False,False,False,False,False,False,False,False,False,False
ad1d46d342d9e082098d5aae1d5995a0ebc74f9c,v3-snapshot-availability,131026edd2e6577a970aea5bfa8233754c166d88d2fe4de67f5614caf7754a71,2026-10-01T06:24:37.763425+00:00,601767,664,Vakhtang,Salia,Salia,4,Newcastle,NEW,Forward,a,False,4.5,0.1,0.1139,0.1145,0.1066,0.1154,0.1075,1.0,1.0,1.0,1.0,1.0,,0.0,,,,,0.0,0.0,1.0,0.0,0.0,0.0,,0.0,,,,,,,,0.4475,0.0995,low,0.2,0.2,1,0,0,0.0,0.0,1.0,5-GW avg pts 0.00; mins 0; xGI 0.00; current GWs 1; fixture Elo diff +37,False,False,False,False,False,False,False,False,False,False,False,False,False,False,False,False,False,False,False,False,False,False,False,False,False,False,False,False,False,False,False,False
ad1d46d342d9e082098d5aae1d5995a0ebc74f9c,v3-snapshot-availability,131026edd2e6577a970aea5bfa8233754c166d88d2fe4de67f5614caf7754a71,2026-10-01T06:24:37.763425+00:00,655585,665,Michael,Mills,Mills,4,Newcastle,NEW,Midfielder,a,False,4.5,0.0,0.1139,0.1145,0.1066,0.1154,0.1075,1.0,1.0,1.0,1.0,1.0,,0.0,,,,,0.0,0.0,1.0,0.0,0.0,0.0,,0.0,,,,,,,,0.4475,0.0995,low,0.2,0.2,1,0,0,0.0,0.0,1.1,5-GW avg pts 0.00; mins 0; xGI 0.00; current GWs 1; fixture Elo diff +37,False,False,False,False,False,False,False,False,False,False,False,False,False,False,False,False,False,False,False,False,False,False,False,False,False,False,False,False,False,False,False,False
ad1d46d342d9e082098d5aae1d5995a0ebc74f9c,v3-snapshot-availability,131026edd2e6577a970aea5bfa8233754c166d88d2fe4de67f5614caf7754a71,2026-10-01T06:24:37.763425+00:00,671875,666,Kyran,Thompson,Thompson,4,Newcastle,NEW,Midfielder,a,False,4.5,0.0,0.1139,0.1145,0.1066,0.1154,0.1075,1.0,1.0,1.0,1.0,1.0,,0.0,,,,,0.0,0.0,1.0,0.0,0.0,0.0,,0.0,,,,,,,,0.4475,0.0995,low,0.2,0.2,1,0,0,0.0,0.0,1.1,5-GW avg pts 0.00; mins 0; xGI 0.00; current GWs 1; fixture Elo diff +37,False,False,False,False,False,False,False,False,False,False,False,False,False,False,False,False,False,False,False,False,False,False,False,False,False,False,False,False,False,False,False,False
ad1d46d342d9e082098d5aae1d5995a0ebc74f9c,v3-snapshot-availability,131026edd2e6577a970aea5bfa8233754c166d88d2fe4de67f5614caf7754a71,2026-10-01T06:24:37.763425+00:00,578512,663,Miodrag,Pivas,Pivas,4,Newcastle,NEW,Defender,a,False,4.0,0.0,0.1088,0.1149,0.1069,0.1157,0.1079,1.0,1.0,1.0,1.0,1.0,,0.0,,,,,0.0,0.0,1.0,0.0,0.0,0.0,,0.0,,,,,,,,0.4434,0.1108,high,1.0,1.0,1,0,0,0.0,0.0,1.1,5-GW avg pts 0.00; mins 0; xGI 0.00; current GWs 1; fixture Elo diff +37,False,False,False,False,False,False,False,False,False,False,False,False,False,False,False,False,False,False,False,False,False,False,False,False,False,False,False,False,False,False,False,False
ad1d46d342d9e082098d5aae1d5995a0ebc74f9c,v3-snapshot-availability,131026edd2e6577a970aea5bfa8233754c166d88d2fe4de67f5614caf7754a71,2026-10-01T06:24:37.763425+00:00,230650,615,Michele,Di Gregorio,Di Gregorio,91,Bournemouth,BOU,Goalkeeper,a,False,4.5,0.0,0.1061,0.1176,0.1061,0.1157,0.1015,1.0,1.0,1.0,1.0,1.0,,0.0,,0.0,,22.485837890844905,0.0,1.0,2.0,1.0,0.0,0.0,,0.0,,,,,,,,0.4386,0.0975,high,0.8,0.8,4,0,0,0.0,0.0,0.0,5-GW avg pts 0.00; mins 0; xGI 0.00; current GWs 4; fixture Elo diff +88,False,False,False,False,False,False,False,False,False,False,False,False,False,False,False,False,False,False,False,False,False,False,False,False,False,False,False,False,False,False,False,False
ad1d46d342d9e082098d5aae1d5995a0ebc74f9c,v3-snapshot-availability,131026edd2e6577a970aea5bfa8233754c166d88d2fe4de67f5614caf7754a71,2026-10-01T06:24:37.763425+00:00,494928,573,Juanlu,Sánchez,Sanchez,91,Bournemouth,BOU,Defender,a,False,4.4,0.2,0.1061,0.1176,0.1061,0.1157,0.1015,1.0,1.0,1.0,1.0,1.0,,0.0,,,,22.485837890844905,0.0,1.0,1.0,0.0,0.0,0.0,,0.0,,,,,,,,0.4386,0.0997,high,1.0,1.0,5,0,0,0.0,0.0,0.0,5-GW avg pts 0.00; mins 0; xGI 0.00; current GWs 5; fixture Elo diff +88,False,False,False,False,False,False,False,False,False,False,False,False,False,False,False,False,False,False,False,False,False,False,False,False,False,False,False,False,False,False,False,False
ad1d46d342d9e082098d5aae1d5995a0ebc74f9c,v3-snapshot-availability,131026edd2e6577a970aea5bfa8233754c166d88d2fe4de67f5614caf7754a71,2026-10-01T06:24:37.763425+00:00,575901,66,Julio,Soler Barreto,Soler,91,Bournemouth,BOU,Defender,a,False,4.0,0.3,0.1061,0.1176,0.1061,0.1157,0.1015,1.0,1.0,1.0,1.0,1.0,,0.0,,0.0,,22.485837890844905,0.0,1.0,2.0,1.0,0.0,0.0,,0.0,,,,,,,,0.4386,0.1097,high,1.0,1.0,5,0,0,0.0,0.0,0.0,5-GW avg pts 0.00; mins 0; xGI 0.00; current GWs 5; fixture Elo diff +88,False,False,False,False,False,False,False,False,False,False,False,False,False,False,False,False,False,False,False,False,False,False,False,False,False,False,False,False,False,False,False,False
ad1d46d342d9e082098d5aae1d5995a0ebc74f9c,v3-snapshot-availability,131026edd2e6577a970aea5bfa8233754c166d88d2fe4de67f5614caf7754a71,2026-10-01T06:24:37.763425+00:00,235448,661,Ellery,Balcombe,Balcombe,94,Brentford,BRE,Goalkeeper,a,False,4.0,0.0,0.1061,0.1149,0.1015,0.1167,0.1061,1.0,1.0,1.0,1.0,1.0,,0.0,,,,15.47542122417824,0.0,1.0,1.0,0.0,0.0,0.0,,0.0,,,,,,,,0.4359,0.109,high,1.0,1.0,1,0,0,0.0,0.0,1.0,5-GW avg pts 0.00; mins 0; xGI 0.00; current GWs 1; fixture Elo diff +31,False,False,False,False,False,False,False,False,False,False,False,False,False,False,False,False,False,False,False,False,False,False,False,False,False,False,False,False,False,False,False,False
ad1d46d342d9e082098d5aae1d5995a0ebc74f9c,v3-snapshot-availability,131026edd2e6577a970aea5bfa8233754c166d88d2fe4de67f5614caf7754a71,2026-10-01T06:24:37.763425+00:00,612534,660,Benjamin,Fredrick,Fredrick,94,Brentford,BRE,Defender,a,False,4.0,0.0,0.1061,0.1149,0.1015,0.1167,0.1061,1.0,1.0,1.0,1.0,1.0,,0.0,,,,,0.0,0.0,1.0,0.0,0.0,0.0,,0.0,,,,,,,,0.4359,0.109,high,1.0,1.0,1,0,0,0.0,0.0,1.1,5-GW avg pts 0.00; mins 0; xGI 0.00; current GWs 1; fixture Elo diff +31,False,False,False,False,False,False,False,False,False,False,False,False,False,False,False,False,False,False,False,False,False,False,False,False,False,False,False,False,False,False,False,False
ad1d46d342d9e082098d5aae1d5995a0ebc74f9c,v3-snapshot-availability,131026edd2e6577a970aea5bfa8233754c166d88d2fe4de67f5614caf7754a71,2026-10-01T06:24:37.763425+00:00,481283,667,James,Wright,Wright,7,Aston Villa,AVL,Goalkeeper,a,False,4.0,0.1,0.1149,0.1061,0.1,0.1167,0.1061,1.0,1.0,1.0,1.0,1.0,,0.0,,,,,0.0,0.0,1.0,0.0,0.0,0.0,,0.0,,,,,,,,0.4356,0.1089,high,1.0,1.0,1,0,0,0.0,0.0,1.0,5-GW avg pts 0.00; mins 0; xGI 0.00; current GWs 1; fixture Elo diff +46,False,False,False,False,False,False,False,False,False,False,False,False,False,False,False,False,False,False,False,False,False,False,False,False,False,False,False,False,False,False,False,False
ad1d46d342d9e082098d5aae1d5995a0ebc74f9c,v3-snapshot-availability,131026edd2e6577a970aea5bfa8233754c166d88d2fe4de67f5614caf7754a71,2026-10-01T06:24:37.763425+00:00,245719,630,Taylor,Harwood-Bellis,Harwood-Bellis,7,Aston Villa,AVL,Defender,a,False,4.5,0.0,0.1145,0.1057,0.0997,0.1163,0.1057,1.0,1.0,1.0,1.0,1.0,,0.0,,,,14.47542122417824,0.0,1.0,1.0,0.0,0.0,0.0,,0.0,,,,,,,,0.4343,0.0965,medium,0.6,0.6,3,0,0,0.0,0.0,0.0,5-GW avg pts 0.00; mins 0; xGI 0.00; current GWs 3; fixture Elo diff +46,False,False,False,False,False,False,False,False,False,False,False,False,False,False,False,False,False,False,False,False,False,False,False,False,False,False,False,False,False,False,False,False
ad1d46d342d9e082098d5aae1d5995a0ebc74f9c,v3-snapshot-availability,131026edd2e6577a970aea5bfa8233754c166d88d2fe4de67f5614caf7754a71,2026-10-01T06:24:37.763425+00:00,577974,424,Harry,Amass,Amass,1,Man Utd,MUN,Defender,a,False,4.0,0.2,0.1121,0.1033,0.1113,0.1025,0.1113,1.0,1.0,1.0,1.0,1.0,,,,,,20.47542122417824,0.0,6.0,0.0,0.0,0.0,0.0,,0.0,,,,,,,,0.4328,0.1082,high,1.0,1.0,5,0,0,0.0,0.0,0.0,5-GW avg pts 0.00; mins 0; xGI 0.00; current GWs 5; fixture Elo diff +76,False,False,False,False,False,False,False,False,False,False,False,False,False,False,False,False,False,False,False,False,False,False,False,False,False,False,False,False,False,False,False,False
ad1d46d342d9e082098d5aae1d5995a0ebc74f9c,v3-snapshot-availability,131026edd2e6577a970aea5bfa8233754c166d88d2fe4de67f5614caf7754a71,2026-10-01T06:24:37.763425+00:00,167825,273,Dillon,Phillips,Phillips,88,Hull City,HUL,Goalkeeper,a,False,4.0,1.4,0.1157,0.1079,0.1114,0.1103,0.0877,1.0,1.0,1.0,1.0,1.0,,0.0,,,,22.485837890844905,0.0,2.0,1.0,0.0,0.0,0.0,,0.0,,,,,,,,0.4316,0.1079,high,1.0,1.0,5,0,0,0.0,0.0,0.0,5-GW avg pts 0.00; mins 0; xGI 0.00; current GWs 5; fixture Elo diff -299,False,False,False,False,False,False,False,False,False,False,False,False,False,False,False,False,False,False,False,False,False,False,False,False,False,False,False,False,False,False,False,False
ad1d46d342d9e082098d5aae1d5995a0ebc74f9c,v3-snapshot-availability,131026edd2e6577a970aea5bfa8233754c166d88d2fe4de67f5614caf7754a71,2026-10-01T06:24:37.763425+00:00,86873,251,Benjamin,Lecomte,Lecomte,54,Fulham,FUL,Goalkeeper,a,False,4.0,1.1,0.1015,0.1103,0.1088,0.1061,0.1149,1.0,1.0,1.0,1.0,1.0,,0.0,,,,15.485837890844907,0.0,2.0,1.0,0.0,0.0,0.0,,0.0,,,,,,,,0.431,0.1077,high,1.0,1.0,5,0,0,0.0,0.0,0.0,5-GW avg pts 0.00; mins 0; xGI 0.00; current GWs 5; fixture Elo diff +95,False,False,False,False,False,False,False,False,False,False,False,False,False,False,False,False,False,False,False,False,False,False,False,False,False,False,False,False,False,False,False,False
ad1d46d342d9e082098d5aae1d5995a0ebc74f9c,v3-snapshot-availability,131026edd2e6577a970aea5bfa8233754c166d88d2fe4de67f5614caf7754a71,2026-10-01T06:24:37.763425+00:00,49262,111,Jason,Steele,Steele,36,Brighton,BHA,Goalkeeper,a,False,4.0,4.1,0.1088,0.1157,0.1061,0.0912,0.1149,1.0,1.0,1.0,1.0,1.0,,0.0,,,,14.47542122417824,0.0,1.0,1.0,0.0,0.0,0.0,,0.0,,,,,,,,0.4305,0.1076,high,1.0,1.0,5,0,0,0.0,0.0,0.0,5-GW avg pts 0.00; mins 0; xGI 0.00; current GWs 5; fixture Elo diff -10,False,False,False,False,False,False,False,False,False,False,False,False,False,False,False,False,False,False,False,False,False,False,False,False,False,False,False,False,False,False,False,False
ad1d46d342d9e082098d5aae1d5995a0ebc74f9c,v3-snapshot-availability,131026edd2e6577a970aea5bfa8233754c166d88d2fe4de67f5614caf7754a71,2026-10-01T06:24:37.763425+00:00,512123,614,Jaouen,Hadjam,Hadjam,36,Brighton,BHA,Defender,a,False,4.5,0.0,0.1088,0.1157,0.1061,0.0912,0.1149,1.0,1.0,1.0,1.0,1.0,,0.0,,,,14.47542122417824,0.0,1.0,1.0,0.0,0.0,0.0,,0.0,,,,,,,,0.4305,0.0957,high,0.8,0.8,4,0,0,0.0,0.0,0.0,5-GW avg pts 0.00; mins 0; xGI 0.00; current GWs 4; fixture Elo diff -10,False,False,False,False,False,False,False,False,False,False,False,False,False,False,False,False,False,False,False,False,False,False,False,False,False,False,False,False,False,False,False,False
ad1d46d342d9e082098d5aae1d5995a0ebc74f9c,v3-snapshot-availability,131026edd2e6577a970aea5bfa8233754c166d88d2fe4de67f5614caf7754a71,2026-10-01T06:24:37.763425+00:00,155465,629,Michael,Zetterer,Zetterer,2,Leeds,LEE,Goalkeeper,a,False,4.0,0.7,0.0909,0.1145,0.1085,0.1057,0.1154,1.0,1.0,1.0,1.0,1.0,,0.0,,,,21.465004557511573,0.0,1.0,1.0,0.0,0.0,0.0,,0.0,,,,,,,,0.424,0.106,medium,0.6,0.6,3,0,0,0.0,0.0,0.0,5-GW avg pts 0.00; mins 0; xGI 0.00; current GWs 3; fixture Elo diff -76,False,False,False,False,False,False,False,False,False,False,False,False,False,False,False,False,False,False,False,False,False,False,False,False,False,False,False,False,False,False,False,False
ad1d46d342d9e082098d5aae1d5995a0ebc74f9c,v3-snapshot-availability,131026edd2e6577a970aea5bfa8233754c166d88d2fe4de67f5614caf7754a71,2026-10-01T06:24:37.763425+00:00,138001,228,Tom,King,King,11,Everton,EVE,Goalkeeper,a,False,4.5,0.0,0.1015,0.1149,0.0912,0.1061,0.1176,1.0,1.0,1.0,1.0,1.0,,0.0,,,,53.642087890844905,0.0,1.0,1.0,0.0,0.0,0.0,,0.0,,,,,,,,0.4226,0.0939,high,1.0,1.0,5,0,0,0.0,0.0,0.0,5-GW avg pts 0.00; mins 0; xGI 0.00; current GWs 5; fixture Elo diff +18,False,False,False,False,False,False,False,False,False,False,False,False,False,False,False,False,False,False,False,False,False,False,False,False,False,False,False,False,False,False,False,False
ad1d46d342d9e082098d5aae1d5995a0ebc74f9c,v3-snapshot-availability,131026edd2e6577a970aea5bfa8233754c166d88d2fe4de67f5614caf7754a71,2026-10-01T06:24:37.763425+00:00,629068,654,Braiden,Graham,Graham,11,Everton,EVE,Midfielder,a,False,4.5,0.1,0.1015,0.1149,0.0912,0.1061,0.1176,1.0,1.0,1.0,1.0,1.0,,0.0,,,,,0.0,0.0,1.0,0.0,0.0,0.0,,0.0,,,,,,,,0.4226,0.0939,high,1.0,1.0,3,0,0,0.0,0.0,0.0,5-GW avg pts 0.00; mins 0; xGI 0.00; current GWs 3; fixture Elo diff +18,False,False,False,False,False,False,False,False,False,False,False,False,False,False,False,False,False,False,False,False,False,False,False,False,False,False,False,False,False,False,False,False
ad1d46d342d9e082098d5aae1d5995a0ebc74f9c,v3-snapshot-availability,131026edd2e6577a970aea5bfa8233754c166d88d2fe4de67f5614caf7754a71,2026-10-01T06:24:37.763425+00:00,115556,508,Ben,Davies,Davies,6,Spurs,TOT,Defender,a,False,3.9,0.9,0.0991,0.1155,0.0991,0.1087,0.0999,1.0,1.0,1.0,1.0,1.0,,,,,,35.48583789084491,0.0,3.0,0.0,0.0,0.0,0.0,,0.0,,,,,,,,0.4185,0.1073,high,1.0,1.0,5,0,0,0.0,0.0,0.0,5-GW avg pts 0.00; mins 0; xGI 0.00; current GWs 5; fixture Elo diff -25,False,False,False,False,False,False,False,False,False,False,False,False,False,False,False,False,False,False,False,False,False,False,False,False,False,False,False,False,False,False,False,False
ad1d46d342d9e082098d5aae1d5995a0ebc74f9c,v3-snapshot-availability,131026edd2e6577a970aea5bfa8233754c166d88d2fe4de67f5614caf7754a71,2026-10-01T06:24:37.763425+00:00,155503,352,Freddie,Woodman,Woodman,14,Liverpool,LIV,Goalkeeper,a,False,4.0,1.0,0.0886,0.1112,0.12,0.0886,0.112,1.0,1.0,1.0,1.0,1.0,,,,,,67.35042122417823,0.0,1.0,0.0,0.0,0.0,0.0,,180.0,0.0,0.0,0.0,4.0,,,,0.4139,0.1035,high,1.0,1.0,5,0,0,0.0,0.0,0.0,5-GW avg pts 0.00; mins 0; xGI 0.00; current GWs 5; fixture Elo diff +7,False,False,False,False,False,False,False,False,False,False,False,False,False,False,False,False,False,False,False,False,False,False,False,False,False,False,False,False,False,False,False,False
ad1d46d342d9e082098d5aae1d5995a0ebc74f9c,v3-snapshot-availability,131026edd2e6577a970aea5bfa8233754c166d88d2fe4de67f5614caf7754a71,2026-10-01T06:24:37.763425+00:00,491501,378,James,McConnell,McConnell,14,Liverpool,LIV,Midfielder,a,False,4.4,0.2,0.0965,0.1025,0.1113,0.0965,0.1033,1.0,1.0,1.0,1.0,1.0,,,,,,15.47542122417824,0.0,5.0,0.0,0.0,0.0,0.0,,0.0,,,,,,,,0.4074,0.0926,high,1.0,1.0,5,0,0,0.0,0.0,0.0,5-GW avg pts 0.00; mins 0; xGI 0.00; current GWs 5; fixture Elo diff +7,False,False,False,False,False,False,False,False,False,False,False,False,False,False,False,False,False,False,False,False,False,False,False,False,False,False,False,False,False,False,False,False
ad1d46d342d9e082098d5aae1d5995a0ebc74f9c,v3-snapshot-availability,131026edd2e6577a970aea5bfa8233754c166d88d2fe4de67f5614caf7754a71,2026-10-01T06:24:37.763425+00:00,631786,272,Jonah,Kusi-Asare,Kusi-Asare,54,Fulham,FUL,Forward,a,False,4.5,5.4,0.0923,0.1011,0.0996,0.0968,0.1056,1.0,1.0,1.0,1.0,1.0,,,,,,,0.0,0.0,0.0,0.0,0.0,0.0,,19.0,,,,,,,,0.394,0.0876,high,1.0,1.0,5,0,0,0.0,0.0,0.0,5-GW avg pts 0.00; mins 0; xGI 0.00; current GWs 5; fixture Elo diff +95,False,False,False,False,False,False,False,False,False,False,False,False,False,False,False,False,False,False,False,False,False,False,False,False,False,False,False,False,False,False,False,False
ad1d46d342d9e082098d5aae1d5995a0ebc74f9c,v3-snapshot-availability,131026edd2e6577a970aea5bfa8233754c166d88d2fe4de67f5614caf7754a71,2026-10-01T06:24:37.763425+00:00,80178,178,Jake,Bidwell,Bidwell,9,Coventry City,COV,Defender,a,False,4.0,0.1,0.0883,0.0803,0.0901,0.0911,0.0803,1.0,1.0,1.0,1.0,1.0,,,,,,14.47542122417824,0.0,2.0,0.0,0.0,0.0,0.0,,0.0,,,,,,,,0.3446,0.0861,high,1.0,1.0,5,0,0,0.0,0.0,0.0,5-GW avg pts 0.00; mins 0; xGI 0.00; current GWs 5; fixture Elo diff -132,False,False,False,False,False,False,False,False,False,False,False,False,False,False,False,False,False,False,False,False,False,False,False,False,False,False,False,False,False,False,False,False
ad1d46d342d9e082098d5aae1d5995a0ebc74f9c,v3-snapshot-availability,131026edd2e6577a970aea5bfa8233754c166d88d2fe4de67f5614caf7754a71,2026-10-01T06:24:37.763425+00:00,110690,172,Ben,Wilson,Wilson,9,Coventry City,COV,Goalkeeper,a,False,4.4,0.4,0.0883,0.0803,0.0901,0.0911,0.0803,1.0,1.0,1.0,1.0,1.0,,,,,,,0.0,0.0,0.0,0.0,0.0,0.0,,0.0,,,,,,,,0.3446,0.0783,high,1.0,1.0,5,0,0,0.0,0.0,0.0,5-GW avg pts 0.00; mins 0; xGI 0.00; current GWs 5; fixture Elo diff -132,False,False,False,False,False,False,False,False,False,False,False,False,False,False,False,False,False,False,False,False,False,False,False,False,False,False,False,False,False,False,False,False
ad1d46d342d9e082098d5aae1d5995a0ebc74f9c,v3-snapshot-availability,131026edd2e6577a970aea5bfa8233754c166d88d2fe4de67f5614caf7754a71,2026-10-01T06:24:37.763425+00:00,684268,189,George,Shepherd,Shepherd,9,Coventry City,COV,Midfielder,a,False,4.4,0.3,0.0883,0.0803,0.0901,0.0911,0.0803,1.0,1.0,1.0,1.0,1.0,,,,,,,0.0,0.0,0.0,0.0,0.0,0.0,,0.0,,,,,,,,0.3446,0.0783,high,1.0,1.0,5,0,0,0.0,0.0,0.0,5-GW avg pts 0.00; mins 0; xGI 0.00; current GWs 5; fixture Elo diff -132,False,False,False,False,False,False,False,False,False,False,False,False,False,False,False,False,False,False,False,False,False,False,False,False,False,False,False,False,False,False,False,False
ad1d46d342d9e082098d5aae1d5995a0ebc74f9c,v3-snapshot-availability,131026edd2e6577a970aea5bfa8233754c166d88d2fe4de67f5614caf7754a71,2026-10-01T06:24:37.763425+00:00,567119,169,Shumaira,Mheuka,Mheuka,8,Chelsea,CHE,Forward,a,False,4.5,0.5,0.0883,0.0803,0.0891,0.0883,0.0823,1.0,1.0,1.0,1.0,1.0,,,,,,,0.0,0.0,0.0,0.0,0.0,0.0,,1.0,,,,,,,,0.343,0.0762,high,1.0,1.0,5,0,0,0.0,0.0,0.0,5-GW avg pts 0.00; mins 0; xGI 0.00; current GWs 5; fixture Elo diff +10,False,True,False,False,False,False,False,False,False,False,False,False,False,False,False,False,False,False,False,False,False,False,False,False,False,False,False,False,False,False,False,False
ad1d46d342d9e082098d5aae1d5995a0ebc74f9c,v3-snapshot-availability,131026edd2e6577a970aea5bfa8233754c166d88d2fe4de67f5614caf7754a71,2026-10-01T06:24:37.763425+00:00,622758,561,Aaron,Anselmino,Anselmino,8,Chelsea,CHE,Defender,a,False,4.5,0.0,0.0883,0.0803,0.0891,0.0883,0.0823,1.0,1.0,1.0,1.0,1.0,,,,,,52.767087890844905,0.0,3.0,0.0,0.0,0.0,0.0,,0.0,,,,,,,,0.343,0.0762,high,1.0,1.0,5,0,0,0.0,0.0,0.0,5-GW avg pts 0.00; mins 0; xGI 0.00; current GWs 5; fixture Elo diff +10,False,False,False,False,False,False,False,False,False,False,False,False,False,False,False,False,False,False,False,False,False,False,False,False,False,False,False,False,False,False,False,False
ad1d46d342d9e082098d5aae1d5995a0ebc74f9c,v3-snapshot-availability,131026edd2e6577a970aea5bfa8233754c166d88d2fe4de67f5614caf7754a71,2026-10-01T06:24:37.763425+00:00,672492,221,Joél,Drakes-Thomas,Drakes-Thomas,31,Crystal Palace,CRY,Midfielder,a,False,4.5,0.1,0.0901,0.0795,0.0883,0.0803,0.0883,1.0,1.0,1.0,1.0,1.0,,,,,,67.68375455751158,0.0,2.0,0.0,0.0,0.0,0.0,,0.0,,,,,,,,0.3415,0.0759,high,1.0,1.0,5,0,0,0.0,0.0,0.0,5-GW avg pts 0.00; mins 0; xGI 0.00; current GWs 5; fixture Elo diff -34,False,False,False,False,False,False,False,False,False,False,False,False,False,False,False,False,False,False,False,False,False,False,False,False,False,False,False,False,False,False,False,False
ad1d46d342d9e082098d5aae1d5995a0ebc74f9c,v3-snapshot-availability,131026edd2e6577a970aea5bfa8233754c166d88d2fe4de67f5614caf7754a71,2026-10-01T06:24:37.763425+00:00,665243,659,Mason,Miley,Miley,4,Newcastle,NEW,Midfielder,a,False,4.5,0.0,0.0874,0.088,0.08,0.0888,0.081,1.0,1.0,1.0,1.0,1.0,,,,,,,0.0,0.0,0.0,0.0,0.0,0.0,,0.0,,,,,,,,0.3413,0.0758,low,0.4,0.4,2,0,0,0.0,0.0,0.0,5-GW avg pts 0.00; mins 0; xGI 0.00; current GWs 2; fixture Elo diff +37,False,False,False,False,False,False,False,False,False,False,False,False,False,False,False,False,False,False,False,False,False,False,False,False,False,False,False,False,False,False,False,False
ad1d46d342d9e082098d5aae1d5995a0ebc74f9c,v3-snapshot-availability,131026edd2e6577a970aea5bfa8233754c166d88d2fe4de67f5614caf7754a71,2026-10-01T06:24:37.763425+00:00,576620,437,Bendito,Mantato,Bendito Mantato,1,Man Utd,MUN,Midfielder,a,False,4.4,0.2,0.0891,0.0803,0.0883,0.0795,0.0883,1.0,1.0,1.0,1.0,1.0,,,,,,,0.0,0.0,0.0,0.0,0.0,0.0,,0.0,,,,,,,,0.3406,0.0774,high,1.0,1.0,5,0,0,0.0,0.0,0.0,5-GW avg pts 0.00; mins 0; xGI 0.00; current GWs 5; fixture Elo diff +76,False,False,False,False,False,False,False,False,False,False,False,False,False,False,False,False,False,False,False,False,False,False,False,False,False,False,False,False,False,False,False,False
ad1d46d342d9e082098d5aae1d5995a0ebc74f9c,v3-snapshot-availability,131026edd2e6577a970aea5bfa8233754c166d88d2fe4de67f5614caf7754a71,2026-10-01T06:24:37.763425+00:00,661313,651,Juan,Angulo,J.Angulo,56,Sunderland,SUN,Forward,a,False,4.5,0.7,0.088,0.0792,0.0888,0.082,0.088,1.0,1.0,1.0,1.0,1.0,,,,,,,0.0,0.0,0.0,0.0,0.0,0.0,,0.0,,,,,,,,0.3404,0.0757,medium,0.6,0.6,3,0,0,0.0,0.0,0.0,5-GW avg pts 0.00; mins 0; xGI 0.00; current GWs 3; fixture Elo diff -65,False,False,False,False,False,False,False,False,False,False,False,False,False,False,False,False,False,False,False,False,False,False,False,False,False,False,False,False,False,False,False,False
ad1d46d342d9e082098d5aae1d5995a0ebc74f9c,v3-snapshot-availability,131026edd2e6577a970aea5bfa8233754c166d88d2fe4de67f5614caf7754a71,2026-10-01T06:24:37.763425+00:00,81441,443,Mark,Gillespie,Gillespie,4,Newcastle,NEW,Goalkeeper,a,False,4.5,0.0,0.0823,0.0883,0.0803,0.0891,0.0813,1.0,1.0,1.0,1.0,1.0,,,,,,,0.0,0.0,0.0,0.0,0.0,0.0,,0.0,,,,,,,,0.3371,0.0749,high,1.0,1.0,5,0,0,0.0,0.0,0.0,5-GW avg pts 0.00; mins 0; xGI 0.00; current GWs 5; fixture Elo diff +37,False,False,False,False,False,False,False,False,False,False,False,False,False,False,False,False,False,False,False,False,False,False,False,False,False,False,False,False,False,False,False,False
ad1d46d342d9e082098d5aae1d5995a0ebc74f9c,v3-snapshot-availability,131026edd2e6577a970aea5bfa8233754c166d88d2fe4de67f5614caf7754a71,2026-10-01T06:24:37.763425+00:00,214572,495,Brandon,Austin,Austin,6,Spurs,TOT,Goalkeeper,a,False,4.0,1.0,0.0795,0.0911,0.0795,0.0891,0.0803,1.0,1.0,1.0,1.0,1.0,,,,,,67.1420878908449,0.0,1.0,0.0,0.0,0.0,0.0,,0.0,,,,,,,,0.3356,0.0839,high,1.0,1.0,5,0,0,0.0,0.0,0.0,5-GW avg pts 0.00; mins 0; xGI 0.00; current GWs 5; fixture Elo diff -25,False,False,False,False,False,False,False,False,False,False,False,False,False,False,False,False,False,False,False,False,False,False,False,False,False,False,False,False,False,False,False,False
ad1d46d342d9e082098d5aae1d5995a0ebc74f9c,v3-snapshot-availability,131026edd2e6577a970aea5bfa8233754c166d88d2fe4de67f5614caf7754a71,2026-10-01T06:24:37.763425+00:00,499716,510,James,Rowswell,Rowswell,6,Spurs,TOT,Defender,a,False,4.0,0.1,0.0795,0.0911,0.0795,0.0891,0.0803,1.0,1.0,1.0,1.0,1.0,,,,,,,0.0,0.0,0.0,0.0,0.0,0.0,,0.0,,,,,,,,0.3356,0.0839,high,1.0,1.0,5,0,0,0.0,0.0,0.0,5-GW avg pts 0.00; mins 0; xGI 0.00; current GWs 5; fixture Elo diff -25,False,False,False,False,False,False,False,False,False,False,False,False,False,False,False,False,False,False,False,False,False,False,False,False,False,False,False,False,False,False,False,False
ad1d46d342d9e082098d5aae1d5995a0ebc74f9c,v3-snapshot-availability,131026edd2e6577a970aea5bfa8233754c166d88d2fe4de67f5614caf7754a71,2026-10-01T06:24:37.763425+00:00,499726,524,Callum,Olusesi,Olusesi,6,Spurs,TOT,Midfielder,a,False,4.4,1.0,0.0795,0.0911,0.0795,0.0891,0.0803,1.0,1.0,1.0,1.0,1.0,,,,,,,0.0,0.0,0.0,0.0,0.0,0.0,,0.0,,,,,,,,0.3356,0.0763,high,1.0,1.0,5,0,0,0.0,0.0,0.0,5-GW avg pts 0.00; mins 0; xGI 0.00; current GWs 5; fixture Elo diff -25,False,False,False,False,False,False,False,False,False,False,False,False,False,False,False,False,False,False,False,False,False,False,False,False,False,False,False,False,False,False,False,False
ad1d46d342d9e082098d5aae1d5995a0ebc74f9c,v3-snapshot-availability,131026edd2e6577a970aea5bfa8233754c166d88d2fe4de67f5614caf7754a71,2026-10-01T06:24:37.763425+00:00,611917,601,Luca,Williams-Barnett,Williams-Barnett,6,Spurs,TOT,Midfielder,a,False,4.5,0.1,0.0795,0.0911,0.0795,0.0891,0.0803,1.0,1.0,1.0,1.0,1.0,,,,,,35.48583789084491,0.0,1.0,0.0,0.0,0.0,0.0,,0.0,,,,,,,,0.3356,0.0746,high,1.0,1.0,5,0,0,0.0,0.0,0.0,5-GW avg pts 0.00; mins 0; xGI 0.00; current GWs 5; fixture Elo diff -25,False,False,False,False,False,False,False,False,False,False,False,False,False,False,False,False,False,False,False,False,False,False,False,False,False,False,False,False,False,False,False,False
ad1d46d342d9e082098d5aae1d5995a0ebc74f9c,v3-snapshot-availability,131026edd2e6577a970aea5bfa8233754c166d88d2fe4de67f5614caf7754a71,2026-10-01T06:24:37.763425+00:00,640419,509,Jun'ai,Byfield,Byfield,6,Spurs,TOT,Defender,a,False,4.0,0.1,0.0795,0.0911,0.0795,0.0891,0.0803,1.0,1.0,1.0,1.0,1.0,,,,,,,0.0,0.0,0.0,0.0,0.0,0.0,,0.0,,,,,,,,0.3356,0.0839,high,1.0,1.0,5,0,0,0.0,0.0,0.0,5-GW avg pts 0.00; mins 0; xGI 0.00; current GWs 5; fixture Elo diff -25,False,False,False,False,False,False,False,False,False,False,False,False,False,False,False,False,False,False,False,False,False,False,False,False,False,False,False,False,False,False,False,False
ad1d46d342d9e082098d5aae1d5995a0ebc74f9c,v3-snapshot-availability,131026edd2e6577a970aea5bfa8233754c166d88d2fe4de67f5614caf7754a71,2026-10-01T06:24:37.763425+00:00,40383,58,Fraser,Forster,Forster,91,Bournemouth,BOU,Goalkeeper,a,False,4.0,3.5,0.0795,0.0911,0.0795,0.0891,0.0749,1.0,1.0,1.0,1.0,1.0,,,,,,,0.0,0.0,0.0,0.0,0.0,0.0,,0.0,,,,,,,,0.3324,0.0831,high,1.0,1.0,5,0,0,0.0,0.0,0.0,5-GW avg pts 0.00; mins 0; xGI 0.00; current GWs 5; fixture Elo diff +88,False,False,False,False,False,False,False,False,False,False,False,False,False,False,False,False,False,False,False,False,False,False,False,False,False,False,False,False,False,False,False,False
ad1d46d342d9e082098d5aae1d5995a0ebc74f9c,v3-snapshot-availability,131026edd2e6577a970aea5bfa8233754c166d88d2fe4de67f5614caf7754a71,2026-10-01T06:24:37.763425+00:00,570241,92,Kim,Ji-soo,Ji-soo,94,Brentford,BRE,Defender,a,False,4.4,0.0,0.0795,0.0883,0.0749,0.0901,0.0795,1.0,1.0,1.0,1.0,1.0,,,,,,,0.0,0.0,0.0,0.0,0.0,0.0,,0.0,,,,,,,,0.3297,0.0749,high,1.0,1.0,5,0,0,0.0,0.0,0.0,5-GW avg pts 0.00; mins 0; xGI 0.00; current GWs 5; fixture Elo diff +31,False,False,False,False,False,False,False,False,False,False,False,False,False,False,False,False,False,False,False,False,False,False,False,False,False,False,False,False,False,False,False,False
ad1d46d342d9e082098d5aae1d5995a0ebc74f9c,v3-snapshot-availability,131026edd2e6577a970aea5bfa8233754c166d88d2fe4de67f5614caf7754a71,2026-10-01T06:24:37.763425+00:00,626464,657,Gustavo,Nunes Fernandes Gomes,Nunes,94,Brentford,BRE,Midfielder,a,False,4.5,0.0,0.0795,0.0883,0.0749,0.0901,0.0795,1.0,1.0,1.0,1.0,1.0,,,,,,,0.0,0.0,0.0,0.0,0.0,0.0,,0.0,,,,,,,,0.3297,0.0733,high,1.0,1.0,2,0,0,0.0,0.0,0.0,5-GW avg pts 0.00; mins 0; xGI 0.00; current GWs 2; fixture Elo diff +31,False,False,False,False,False,False,False,False,False,False,False,False,False,False,False,False,False,False,False,False,False,False,False,False,False,False,False,False,False,False,False,False
ad1d46d342d9e082098d5aae1d5995a0ebc74f9c,v3-snapshot-availability,131026edd2e6577a970aea5bfa8233754c166d88d2fe4de67f5614caf7754a71,2026-10-01T06:24:37.763425+00:00,569577,606,Triston,Rowe,Rowe,7,Aston Villa,AVL,Defender,a,False,4.0,0.2,0.0883,0.0795,0.0734,0.0901,0.0795,1.0,1.0,1.0,1.0,1.0,,,,,,,0.0,0.0,0.0,0.0,0.0,0.0,,0.0,,,,,,,,0.3294,0.0823,high,1.0,1.0,5,0,0,0.0,0.0,0.0,5-GW avg pts 0.00; mins 0; xGI 0.00; current GWs 5; fixture Elo diff +46,False,False,False,False,False,False,False,False,False,False,False,False,False,False,False,False,False,False,False,False,False,False,False,False,False,False,False,False,False,False,False,False
ad1d46d342d9e082098d5aae1d5995a0ebc74f9c,v3-snapshot-availability,131026edd2e6577a970aea5bfa8233754c166d88d2fe4de67f5614caf7754a71,2026-10-01T06:24:37.763425+00:00,645618,50,Bradley,Burrowes,Burrowes,7,Aston Villa,AVL,Midfielder,a,False,4.5,0.6,0.0883,0.0795,0.0734,0.0901,0.0795,1.0,1.0,1.0,1.0,1.0,,,,,,54.767087890844905,0.0,2.0,0.0,0.0,0.0,0.0,,0.0,,,,,,,,0.3294,0.0732,high,1.0,1.0,5,0,0,0.0,0.0,0.0,5-GW avg pts 0.00; mins 0; xGI 0.00; current GWs 5; fixture Elo diff +46,False,False,False,False,False,False,False,False,False,False,False,False,False,False,False,False,False,False,False,False,False,False,False,False,False,False,False,False,False,False,False,False
ad1d46d342d9e082098d5aae1d5995a0ebc74f9c,v3-snapshot-availability,131026edd2e6577a970aea5bfa8233754c166d88d2fe4de67f5614caf7754a71,2026-10-01T06:24:37.763425+00:00,122074,386,Marcus,Bettinelli,Bettinelli,43,Man City,MCI,Goalkeeper,a,False,4.5,0.0,0.0795,0.0837,0.0795,0.0883,0.0813,1.0,1.0,1.0,1.0,1.0,,,,,,,0.0,0.0,0.0,0.0,0.0,0.0,,0.0,,,,,,,,0.3291,0.0731,high,1.0,1.0,5,0,0,0.0,0.0,0.0,5-GW avg pts 0.00; mins 0; xGI 0.00; current GWs 5; fixture Elo diff +144,False,False,False,False,False,False,False,False,False,False,False,False,False,False,False,False,False,False,False,False,False,False,False,False,False,False,False,False,False,False,False,False
ad1d46d342d9e082098d5aae1d5995a0ebc74f9c,v3-snapshot-availability,131026edd2e6577a970aea5bfa8233754c166d88d2fe4de67f5614caf7754a71,2026-10-01T06:24:37.763425+00:00,171270,288,Kieran,Dowell,Dowell,88,Hull City,HUL,Midfielder,a,False,4.5,0.3,0.0891,0.0813,0.0848,0.0837,0.0611,1.0,1.0,1.0,1.0,1.0,,,,,,36.48583789084491,0.0,3.0,0.0,0.0,0.0,0.0,,0.0,,,,,,,,0.3254,0.0723,high,1.0,1.0,5,0,0,0.0,0.0,0.0,5-GW avg pts 0.00; mins 0; xGI 0.00; current GWs 5; fixture Elo diff -299,False,False,False,False,False,False,False,False,False,False,False,False,False,False,False,False,False,False,False,False,False,False,False,False,False,False,False,False,False,False,False,False
ad1d46d342d9e082098d5aae1d5995a0ebc74f9c,v3-snapshot-availability,131026edd2e6577a970aea5bfa8233754c166d88d2fe4de67f5614caf7754a71,2026-10-01T06:24:37.763425+00:00,553783,294,Óscar,Zambrano,Zambrano,88,Hull City,HUL,Midfielder,a,False,4.5,0.1,0.0891,0.0813,0.0848,0.0837,0.0611,1.0,1.0,1.0,1.0,1.0,,,,,,,0.0,0.0,0.0,0.0,0.0,0.0,,0.0,,,,,,,,0.3254,0.0723,high,1.0,1.0,5,0,0,0.0,0.0,0.0,5-GW avg pts 0.00; mins 0; xGI 0.00; current GWs 5; fixture Elo diff -299,False,False,False,False,False,False,False,False,False,False,False,False,False,False,False,False,False,False,False,False,False,False,False,False,False,False,False,False,False,False,False,False
ad1d46d342d9e082098d5aae1d5995a0ebc74f9c,v3-snapshot-availability,131026edd2e6577a970aea5bfa8233754c166d88d2fe4de67f5614caf7754a71,2026-10-01T06:24:37.763425+00:00,616069,626,Macaulay,Zepa,Zepa,54,Fulham,FUL,Midfielder,a,False,4.4,0.3,0.0749,0.0837,0.0823,0.0795,0.0883,1.0,1.0,1.0,1.0,1.0,,,,,,34.47542122417824,0.0,1.0,0.0,0.0,0.0,0.0,,0.0,,,,,,,,0.3248,0.0738,high,0.8,0.8,4,0,0,0.0,0.0,0.0,5-GW avg pts 0.00; mins 0; xGI 0.00; current GWs 4; fixture Elo diff +95,False,False,False,False,False,False,False,False,False,False,False,False,False,False,False,False,False,False,False,False,False,False,False,False,False,False,False,False,False,False,False,False
ad1d46d342d9e082098d5aae1d5995a0ebc74f9c,v3-snapshot-availability,131026edd2e6577a970aea5bfa8233754c166d88d2fe4de67f5614caf7754a71,2026-10-01T06:24:37.763425+00:00,556637,134,Nehemiah,Oriola,Oriola,36,Brighton,BHA,Midfielder,a,False,4.5,0.2,0.0823,0.0891,0.0795,0.0646,0.0883,1.0,1.0,1.0,1.0,1.0,,,,,,,0.0,0.0,0.0,0.0,0.0,0.0,,0.0,,,,,,,,0.3243,0.0721,high,1.0,1.0,5,0,0,0.0,0.0,0.0,5-GW avg pts 0.00; mins 0; xGI 0.00; current GWs 5; fixture Elo diff -10,False,False,False,False,False,False,False,False,False,False,False,False,False,False,False,False,False,False,False,False,False,False,False,False,False,False,False,False,False,False,False,False
ad1d46d342d9e082098d5aae1d5995a0ebc74f9c,v3-snapshot-availability,131026edd2e6577a970aea5bfa8233754c166d88d2fe4de67f5614caf7754a71,2026-10-01T06:24:37.763425+00:00,661016,658,Younes,Ibrahim,Ibrahim,36,Brighton,BHA,Midfielder,a,False,4.5,0.0,0.082,0.0888,0.0792,0.0643,0.088,1.0,1.0,1.0,1.0,1.0,,,,,,,0.0,0.0,0.0,0.0,0.0,0.0,,0.0,,,,,,,,0.323,0.0718,low,0.4,0.4,2,0,0,0.0,0.0,0.0,5-GW avg pts 0.00; mins 0; xGI 0.00; current GWs 2; fixture Elo diff -10,False,False,False,False,False,False,False,False,False,False,False,False,False,False,False,False,False,False,False,False,False,False,False,False,False,False,False,False,False,False,False,False
ad1d46d342d9e082098d5aae1d5995a0ebc74f9c,v3-snapshot-availability,131026edd2e6577a970aea5bfa8233754c166d88d2fe4de67f5614caf7754a71,2026-10-01T06:24:37.763425+00:00,50093,302,David,Button,Button,40,Ipswich Town,IPS,Goalkeeper,a,False,4.0,0.6,0.0901,0.0611,0.0901,0.0749,0.0883,1.0,1.0,1.0,1.0,1.0,,,,,,,0.0,0.0,0.0,0.0,0.0,0.0,,0.0,,,,,,,,0.3226,0.0807,high,1.0,1.0,5,0,0,0.0,0.0,0.0,5-GW avg pts 0.00; mins 0; xGI 0.00; current GWs 5; fixture Elo diff -162,False,False,False,False,False,False,False,False,False,False,False,False,False,False,False,False,False,False,False,False,False,False,False,False,False,False,False,False,False,False,False,False
ad1d46d342d9e082098d5aae1d5995a0ebc74f9c,v3-snapshot-availability,131026edd2e6577a970aea5bfa8233754c166d88d2fe4de67f5614caf7754a71,2026-10-01T06:24:37.763425+00:00,112520,301,Alex,Palmer,Palmer,40,Ipswich Town,IPS,Goalkeeper,a,False,4.0,3.9,0.0901,0.0611,0.0901,0.0749,0.0883,1.0,1.0,1.0,1.0,1.0,,,,,,57.485837890844905,0.0,1.0,0.0,0.0,0.0,0.0,,0.0,,,,,,,,0.3226,0.0807,high,1.0,1.0,5,0,0,0.0,0.0,0.0,5-GW avg pts 0.00; mins 0; xGI 0.00; current GWs 5; fixture Elo diff -162,False,False,False,False,False,False,False,False,False,False,False,False,False,False,False,False,False,False,False,False,False,False,False,False,False,False,False,False,False,False,False,False
ad1d46d342d9e082098d5aae1d5995a0ebc74f9c,v3-snapshot-availability,131026edd2e6577a970aea5bfa8233754c166d88d2fe4de67f5614caf7754a71,2026-10-01T06:24:37.763425+00:00,183015,303,Cédric,Kipré,Kipré,40,Ipswich Town,IPS,Defender,a,False,3.9,0.9,0.0901,0.0611,0.0901,0.0749,0.0883,1.0,1.0,1.0,1.0,1.0,,,,,,15.47542122417824,0.0,3.0,0.0,0.0,0.0,0.0,,0.0,,,,,,,,0.3226,0.0827,high,1.0,1.0,5,0,0,0.0,0.0,0.0,5-GW avg pts 0.00; mins 0; xGI 0.00; current GWs 5; fixture Elo diff -162,False,False,False,False,False,False,False,False,False,False,False,False,False,False,False,False,False,False,False,False,False,False,False,False,False,False,False,False,False,False,False,False
ad1d46d342d9e082098d5aae1d5995a0ebc74f9c,v3-snapshot-availability,131026edd2e6577a970aea5bfa8233754c166d88d2fe4de67f5614caf7754a71,2026-10-01T06:24:37.763425+00:00,97846,625,Alex,Cairns,Cairns,2,Leeds,LEE,Goalkeeper,a,False,4.0,0.2,0.0646,0.0883,0.0823,0.0795,0.0891,1.0,1.0,1.0,1.0,1.0,,,,,,,0.0,0.0,0.0,0.0,0.0,0.0,,0.0,,,,,,,,0.319,0.0798,high,1.0,1.0,4,0,0,0.0,0.0,0.0,5-GW avg pts 0.00; mins 0; xGI 0.00; current GWs 4; fixture Elo diff -76,False,False,False,False,False,False,False,False,False,False,False,False,False,False,False,False,False,False,False,False,False,False,False,False,False,False,False,False,False,False,False,False
ad1d46d342d9e082098d5aae1d5995a0ebc74f9c,v3-snapshot-availability,131026edd2e6577a970aea5bfa8233754c166d88d2fe4de67f5614caf7754a71,2026-10-01T06:24:37.763425+00:00,592740,604,Alfie,Cresswell,Cresswell,2,Leeds,LEE,Midfielder,a,False,4.5,0.1,0.0646,0.0883,0.0823,0.0795,0.0891,1.0,1.0,1.0,1.0,1.0,,,,,,,0.0,0.0,0.0,0.0,0.0,0.0,,0.0,,,,,,,,0.319,0.0709,high,1.0,1.0,5,0,0,0.0,0.0,0.0,5-GW avg pts 0.00; mins 0; xGI 0.00; current GWs 5; fixture Elo diff -76,False,False,False,False,False,False,False,False,False,False,False,False,False,False,False,False,False,False,False,False,False,False,False,False,False,False,False,False,False,False,False,False
ad1d46d342d9e082098d5aae1d5995a0ebc74f9c,v3-snapshot-availability,131026edd2e6577a970aea5bfa8233754c166d88d2fe4de67f5614caf7754a71,2026-10-01T06:24:37.763425+00:00,643970,603,Jayden,Lienou,Lienou,2,Leeds,LEE,Defender,a,False,4.0,0.1,0.0646,0.0883,0.0823,0.0795,0.0891,1.0,1.0,1.0,1.0,1.0,,,,,,,0.0,0.0,0.0,0.0,0.0,0.0,,0.0,,,,,,,,0.319,0.0798,high,1.0,1.0,5,0,0,0.0,0.0,0.0,5-GW avg pts 0.00; mins 0; xGI 0.00; current GWs 5; fixture Elo diff -76,False,False,False,False,False,False,False,False,False,False,False,False,False,False,False,False,False,False,False,False,False,False,False,False,False,False,False,False,False,False,False,False
ad1d46d342d9e082098d5aae1d5995a0ebc74f9c,v3-snapshot-availability,131026edd2e6577a970aea5bfa8233754c166d88d2fe4de67f5614caf7754a71,2026-10-01T06:24:37.763425+00:00,464353,355,Harvey,Davies,Davies,14,Liverpool,LIV,Goalkeeper,a,False,4.0,0.2,0.0734,0.0795,0.0883,0.0734,0.0803,1.0,1.0,1.0,1.0,1.0,,,,,,63.287921224178234,0.0,1.0,0.0,0.0,0.0,0.0,,0.0,,,,,,,,0.3152,0.0788,high,1.0,1.0,5,0,0,0.0,0.0,0.0,5-GW avg pts 0.00; mins 0; xGI 0.00; current GWs 5; fixture Elo diff +7,False,False,False,False,False,False,False,False,False,False,False,False,False,False,False,False,False,False,False,False,False,False,False,False,False,False,False,False,False,False,False,False
ad1d46d342d9e082098d5aae1d5995a0ebc74f9c,v3-snapshot-availability,131026edd2e6577a970aea5bfa8233754c166d88d2fe4de67f5614caf7754a71,2026-10-01T06:24:37.763425+00:00,500058,382,Jayden,Danns,Danns,14,Liverpool,LIV,Forward,a,False,4.5,0.2,0.0734,0.0795,0.0883,0.0734,0.0803,1.0,1.0,1.0,1.0,1.0,,,,,,,0.0,0.0,0.0,0.0,0.0,0.0,,0.0,,,,,,,,0.3152,0.07,high,1.0,1.0,5,0,0,0.0,0.0,0.0,5-GW avg pts 0.00; mins 0; xGI 0.00; current GWs 5; fixture Elo diff +7,False,False,False,False,False,False,False,False,False,False,False,False,False,False,False,False,False,False,False,False,False,False,False,False,False,False,False,False,False,False,False,False
ad1d46d342d9e082098d5aae1d5995a0ebc74f9c,v3-snapshot-availability,131026edd2e6577a970aea5bfa8233754c166d88d2fe4de67f5614caf7754a71,2026-10-01T06:24:37.763425+00:00,519440,361,Wellity,Lucky,Lucky,14,Liverpool,LIV,Defender,a,False,4.0,0.1,0.0734,0.0795,0.0883,0.0734,0.0803,1.0,1.0,1.0,1.0,1.0,,,,,,,0.0,0.0,0.0,0.0,0.0,0.0,,0.0,,,,,,,,0.3152,0.0788,high,1.0,1.0,5,0,0,0.0,0.0,0.0,5-GW avg pts 0.00; mins 0; xGI 0.00; current GWs 5; fixture Elo diff +7,False,False,False,False,False,False,False,False,False,False,False,False,False,False,False,False,False,False,False,False,False,False,False,False,False,False,False,False,False,False,False,False
ad1d46d342d9e082098d5aae1d5995a0ebc74f9c,v3-snapshot-availability,131026edd2e6577a970aea5bfa8233754c166d88d2fe4de67f5614caf7754a71,2026-10-01T06:24:37.763425+00:00,428971,590,Steven,Benda,Benda,17,Nott'm Forest,NFO,Goalkeeper,a,False,4.5,0.1,0.0803,0.0734,0.0749,0.0795,0.0734,1.0,1.0,1.0,1.0,1.0,,,,,,,0.0,0.0,0.0,0.0,0.0,0.0,,0.0,,,,,,,,0.306,0.068,high,1.0,1.0,5,0,0,0.0,0.0,0.0,5-GW avg pts 0.00; mins 0; xGI 0.00; current GWs 5; fixture Elo diff -41,False,False,False,False,False,False,False,False,False,False,False,False,False,False,False,False,False,False,False,False,False,False,False,False,False,False,False,False,False,False,False,False
ad1d46d342d9e082098d5aae1d5995a0ebc74f9c,v3-snapshot-availability,131026edd2e6577a970aea5bfa8233754c166d88d2fe4de67f5614caf7754a71,2026-10-01T06:24:37.763425+00:00,227444,471,Nikola,Milenković,Milenković,17,Nott'm Forest,NFO,Defender,i,False,5.4,1.0,0.0,0.082,0.0916,0.0932,0.0905,0.0,0.34375,0.34375,0.34375,0.34375,,,,,,25.683754557511577,0.0,5.0,0.0,0.0,0.6,0.6,90.0,675.0,0.01733333333333332,0.033333333333333305,10.266666666666667,0.0,,,,0.2667,0.0494,high,1.0,1.0,5,0,0,0.0,0.0,0.0,5-GW avg pts 2.40; mins 54; xGI 0.03; current GWs 5; fixture Elo diff -41,False,False,False,False,False,False,False,False,False,False,False,False,False,False,False,False,False,False,False,False,False,False,False,False,False,False,False,False,False,False,False,False
ad1d46d342d9e082098d5aae1d5995a0ebc74f9c,v3-snapshot-availability,131026edd2e6577a970aea5bfa8233754c166d88d2fe4de67f5614caf7754a71,2026-10-01T06:24:37.763425+00:00,620109,152,Marco,Palestra,Palestra,8,Chelsea,CHE,Defender,d,False,5.3,0.6,0.0632,0.063,0.0674,0.0632,0.064,0.5,0.5,0.5,0.5,0.5,,,,,,46.72542122417824,0.0,3.0,0.0,0.0,0.0,0.0,,0.0,,,,,,,,0.2565,0.0484,high,1.0,1.0,5,0,0,0.0,0.0,0.0,5-GW avg pts 0.00; mins 0; xGI 0.00; current GWs 5; fixture Elo diff +10,False,False,False,False,False,False,False,False,False,False,False,False,False,False,False,False,False,False,False,False,False,False,False,False,False,False,False,False,False,False,False,False
ad1d46d342d9e082098d5aae1d5995a0ebc74f9c,v3-snapshot-availability,131026edd2e6577a970aea5bfa8233754c166d88d2fe4de67f5614caf7754a71,2026-10-01T06:24:37.763425+00:00,169359,556,Matt,Targett,Targett,88,Hull City,HUL,Defender,d,False,4.0,1.6,0.0649,0.059,0.0616,0.0608,0.0468,0.75,0.75,0.75,0.75,0.75,,,,,,22.485837890844905,0.0,4.0,0.0,0.0,0.2,0.0,5.0,5.0,,,,,,,,0.238,0.0595,high,1.0,1.0,5,0,0,0.15,0.15,0.0,5-GW avg pts 0.20; mins 1; xGI 0.00; current GWs 5; fixture Elo diff -299,False,False,False,False,False,False,False,False,False,False,False,False,False,False,False,False,False,False,False,False,False,False,False,False,False,False,False,False,False,False,False,False
ad1d46d342d9e082098d5aae1d5995a0ebc74f9c,v3-snapshot-availability,131026edd2e6577a970aea5bfa8233754c166d88d2fe4de67f5614caf7754a71,2026-10-01T06:24:37.763425+00:00,207283,97,Mathias,Jensen,Jensen,94,Brentford,BRE,Midfielder,i,False,5.4,0.1,0.0,0.0792,0.0746,0.0799,0.0762,0.0,0.34375,0.34375,0.34375,0.34375,,,,,,39.57958789084491,0.0,2.0,0.0,0.0,0.2,0.2,66.0,480.0,0.04124999999999998,0.30749999999999994,9.9375,0.0,3.0,1.0,2.0,0.2326,0.0431,high,1.0,1.0,5,0,0,0.0,0.0,0.0,5-GW avg pts 1.20; mins 13; xGI 0.08; current GWs 5; fixture Elo diff +31,False,False,False,False,False,False,False,False,False,False,False,False,False,False,False,False,False,False,False,False,False,False,False,False,False,False,False,False,False,False,False,False
ad1d46d342d9e082098d5aae1d5995a0ebc74f9c,v3-snapshot-availability,131026edd2e6577a970aea5bfa8233754c166d88d2fe4de67f5614caf7754a71,2026-10-01T06:24:37.763425+00:00,513466,246,Merlin,Röhl,Röhl,11,Everton,EVE,Midfielder,i,False,4.9,0.0,0.0,0.0779,0.0679,0.0708,0.0788,0.0,0.34375,0.34375,0.34375,0.34375,,,,,,24.725421224178245,0.0,7.0,0.0,0.0,0.6,0.6,83.0,566.0,0.027031802120141328,0.05406360424028267,6.996466431095406,0.0,,,,0.2213,0.0452,high,1.0,1.0,5,0,0,0.0,0.0,0.0,5-GW avg pts 1.20; mins 50; xGI 0.04; current GWs 5; fixture Elo diff +18,False,False,False,False,False,False,False,False,False,False,False,False,False,False,False,False,False,False,False,False,False,False,False,False,False,False,False,False,False,False,False,False
ad1d46d342d9e082098d5aae1d5995a0ebc74f9c,v3-snapshot-availability,131026edd2e6577a970aea5bfa8233754c166d88d2fe4de67f5614caf7754a71,2026-10-01T06:24:37.763425+00:00,244954,34,Pau,Torres,Pau,7,Aston Villa,AVL,Defender,i,False,4.4,0.3,0.0,0.0716,0.0681,0.0753,0.0716,0.0,0.34375,0.34375,0.34375,0.34375,,,,,,18.683754557511573,0.0,7.0,0.0,0.0,0.6,0.4,62.333333333333336,384.0,0.16406250000000003,0.007031249999999999,4.6875,0.0,,,,0.2146,0.0488,high,1.0,1.0,5,0,0,0.0,0.0,0.0,5-GW avg pts 0.60; mins 37; xGI 0.00; current GWs 5; fixture Elo diff +46,False,False,False,False,False,False,False,False,False,False,False,False,False,False,False,False,False,False,False,False,False,False,False,False,False,False,False,False,False,False,False,False
ad1d46d342d9e082098d5aae1d5995a0ebc74f9c,v3-snapshot-availability,131026edd2e6577a970aea5bfa8233754c166d88d2fe4de67f5614caf7754a71,2026-10-01T06:24:37.763425+00:00,172649,198,Dean,Henderson,Henderson,31,Crystal Palace,CRY,Goalkeeper,i,False,5.0,1.3,0.0,0.0652,0.0682,0.0702,0.0682,0.0,0.34375,0.34375,0.34375,0.34375,,,,,,25.683754557511577,0.0,4.0,0.0,0.0,0.6,0.6,90.0,810.0,0.0,0.0011111111111110998,0.0,3.0,,,,0.2033,0.0407,high,1.0,1.0,5,0,0,0.0,0.0,0.0,5-GW avg pts 1.00; mins 54; xGI 0.00; current GWs 5; fixture Elo diff -34,False,False,False,False,False,False,False,False,False,False,False,False,False,False,False,False,False,False,False,False,False,False,False,False,False,False,False,False,False,False,False,False
ad1d46d342d9e082098d5aae1d5995a0ebc74f9c,v3-snapshot-availability,131026edd2e6577a970aea5bfa8233754c166d88d2fe4de67f5614caf7754a71,2026-10-01T06:24:37.763425+00:00,532529,123,Jack,Hinshelwood,Hinshelwood,36,Brighton,BHA,Midfielder,i,False,5.9,0.6,0.0,0.0669,0.0586,0.0548,0.0657,0.0,0.34375,0.34375,0.34375,0.34375,,,,,,38.72542122417824,0.0,3.0,0.0,0.0,0.2,0.2,63.0,391.0,0.6007672634271101,0.09897698209718665,3.682864450127877,0.0,,,,0.1848,0.0313,high,1.0,1.0,5,0,0,0.0,0.0,0.0,5-GW avg pts 3.20; mins 13; xGI 0.29; current GWs 5; fixture Elo diff -10,False,False,False,False,False,False,False,False,False,False,False,False,False,False,False,False,False,False,False,False,False,False,False,False,False,False,False,False,False,False,False,False
ad1d46d342d9e082098d5aae1d5995a0ebc74f9c,v3-snapshot-availability,131026edd2e6577a970aea5bfa8233754c166d88d2fe4de67f5614caf7754a71,2026-10-01T06:24:37.763425+00:00,231747,223,Jean-Philippe,Mateta,Mateta,31,Crystal Palace,CRY,Forward,i,False,6.3,1.3,0.0,0.0595,0.0626,0.0607,0.0626,0.0,0.34375,0.34375,0.34375,0.34375,,,,,,39.68375455751158,0.0,1.0,0.0,0.0,0.2,0.2,62.0,282.0,0.654255319148936,0.022340425531914895,4.148936170212766,0.0,1.0,,,0.1836,0.0292,high,1.0,1.0,5,0,0,0.0,0.0,0.0,5-GW avg pts 0.40; mins 12; xGI 0.14; current GWs 5; fixture Elo diff -34,False,False,False,False,False,False,False,False,False,False,False,False,False,False,False,False,False,False,False,False,False,False,False,False,False,False,False,False,False,False,False,False
ad1d46d342d9e082098d5aae1d5995a0ebc74f9c,v3-snapshot-availability,131026edd2e6577a970aea5bfa8233754c166d88d2fe4de67f5614caf7754a71,2026-10-01T06:24:37.763425+00:00,554578,444,Ewen,Jaouen,Jaouen,4,Newcastle,NEW,Goalkeeper,d,False,4.4,0.0,0.0327,0.0357,0.0317,0.0361,0.0322,0.5,0.5,0.5,0.5,0.5,,,,,,35.48583789084491,0.0,4.0,0.0,0.0,0.0,0.0,,0.0,,,,,,,,0.1347,0.0306,high,1.0,1.0,5,0,0,0.0,0.0,0.0,5-GW avg pts 0.00; mins 0; xGI 0.00; current GWs 5; fixture Elo diff +37,False,False,False,False,False,False,False,False,False,False,False,False,False,False,False,False,False,False,False,False,False,False,False,False,False,False,False,False,False,False,False,False
ad1d46d342d9e082098d5aae1d5995a0ebc74f9c,v3-snapshot-availability,131026edd2e6577a970aea5bfa8233754c166d88d2fe4de67f5614caf7754a71,2026-10-01T06:24:37.763425+00:00,76357,266,Tom,Cairney,Cairney,54,Fulham,FUL,Midfielder,i,False,4.9,0.0,0.0,0.0445,0.044,0.0431,0.0461,0.0,0.34375,0.34375,0.34375,0.34375,,,,,,,0.0,0.0,0.0,0.0,0.0,0.0,,131.0,,,,,,,,0.1332,0.0272,high,1.0,1.0,5,0,0,0.0,0.0,0.0,5-GW avg pts 0.00; mins 0; xGI 0.00; current GWs 5; fixture Elo diff +95,False,False,False,False,False,False,False,False,False,False,False,False,False,False,False,False,False,False,False,False,False,False,False,False,False,False,False,False,False,False,False,False
ad1d46d342d9e082098d5aae1d5995a0ebc74f9c,v3-snapshot-availability,131026edd2e6577a970aea5bfa8233754c166d88d2fe4de67f5614caf7754a71,2026-10-01T06:24:37.763425+00:00,445028,563,Hidemasa,Morita,Morita,88,Hull City,HUL,Midfielder,i,False,4.9,0.0,0.0,0.0444,0.0456,0.0452,0.0388,0.0,0.34375,0.34375,0.34375,0.34375,,,,,,32.68375455751158,0.0,2.0,0.0,0.0,0.2,0.0,45.0,45.0,,,,,,,,0.1313,0.0268,high,1.0,1.0,5,0,0,0.0,0.0,0.0,5-GW avg pts 0.20; mins 9; xGI 0.00; current GWs 5; fixture Elo diff -299,False,False,False,False,False,False,False,False,False,False,False,False,False,False,False,False,False,False,False,False,False,False,False,False,False,False,False,False,False,False,False,False
ad1d46d342d9e082098d5aae1d5995a0ebc74f9c,v3-snapshot-availability,131026edd2e6577a970aea5bfa8233754c166d88d2fe4de67f5614caf7754a71,2026-10-01T06:24:37.763425+00:00,451340,121,Mitoma,Kaoru,Mitoma,36,Brighton,BHA,Midfielder,i,False,5.9,0.0,0.0,0.0464,0.0422,0.0384,0.0452,0.0,0.34375,0.34375,0.34375,0.34375,,,,,,,0.0,0.0,0.0,0.0,0.0,0.0,,147.0,,,,,,,,0.1295,0.022,high,1.0,1.0,5,0,0,0.0,0.0,0.0,5-GW avg pts 0.00; mins 0; xGI 0.00; current GWs 5; fixture Elo diff -10,False,False,False,False,False,False,False,False,False,False,False,False,False,False,False,False,False,False,False,False,False,False,False,False,False,False,False,False,False,False,False,False
ad1d46d342d9e082098d5aae1d5995a0ebc74f9c,v3-snapshot-availability,131026edd2e6577a970aea5bfa8233754c166d88d2fe4de67f5614caf7754a71,2026-10-01T06:24:37.763425+00:00,700308,135,Zadok,Yohanna,Yohanna,36,Brighton,BHA,Midfielder,i,False,4.8,0.0,0.0,0.045,0.0417,0.0379,0.0447,0.0,0.34375,0.34375,0.34375,0.34375,,,,,,38.72542122417824,0.0,3.0,0.0,0.0,0.2,0.0,12.0,12.0,,,,,,,,0.1273,0.0265,high,1.0,1.0,5,0,0,0.0,0.0,0.0,5-GW avg pts 0.20; mins 2; xGI 0.01; current GWs 5; fixture Elo diff -10,False,False,False,False,False,False,False,False,False,False,False,False,False,False,False,False,False,False,False,False,False,False,False,False,False,False,False,False,False,False,False,False
ad1d46d342d9e082098d5aae1d5995a0ebc74f9c,v3-snapshot-availability,131026edd2e6577a970aea5bfa8233754c166d88d2fe4de67f5614caf7754a71,2026-10-01T06:24:37.763425+00:00,119090,618,Leon,Goretzka,Goretzka,7,Aston Villa,AVL,Midfielder,i,False,5.9,0.0,0.0,0.0395,0.0387,0.0447,0.0395,0.0,0.34375,0.34375,0.34375,0.34375,,,,,,,0.0,0.0,0.0,0.0,0.0,0.0,,0.0,,,,,,,,0.1215,0.0206,high,0.8,0.8,4,0,0,0.0,0.0,0.0,5-GW avg pts 0.00; mins 0; xGI 0.00; current GWs 4; fixture Elo diff +46,False,False,False,False,False,False,False,False,False,False,False,False,False,False,False,False,False,False,False,False,False,False,False,False,False,False,False,False,False,False,False,False
ad1d46d342d9e082098d5aae1d5995a0ebc74f9c,v3-snapshot-availability,131026edd2e6577a970aea5bfa8233754c166d88d2fe4de67f5614caf7754a71,2026-10-01T06:24:37.763425+00:00,471551,652,Femi,Azeez,Azeez,36,Brighton,BHA,Midfielder,i,False,5.5,0.0,0.0,0.0435,0.0393,0.0355,0.0423,0.0,0.34375,0.34375,0.34375,0.34375,,,,,,,0.0,0.0,0.0,0.0,0.0,0.0,,0.0,,,,,,,,0.1209,0.022,medium,0.6,0.6,3,0,0,0.0,0.0,0.0,5-GW avg pts 0.00; mins 0; xGI 0.00; current GWs 3; fixture Elo diff -10,False,False,False,False,False,False,False,False,False,False,False,False,False,False,False,False,False,False,False,False,False,False,False,False,False,False,False,False,False,False,False,False
ad1d46d342d9e082098d5aae1d5995a0ebc74f9c,v3-snapshot-availability,131026edd2e6577a970aea5bfa8233754c166d88d2fe4de67f5614caf7754a71,2026-10-01T06:24:37.763425+00:00,72147,29,Marco,Bizot,M.Bizot,7,Aston Villa,AVL,Goalkeeper,i,False,4.5,0.1,0.0,0.0347,0.034,0.0383,0.0347,0.0,0.34375,0.34375,0.34375,0.34375,,,,,,14.47542122417824,0.0,5.0,0.0,0.0,0.2,0.2,90.0,180.0,0.0,0.0,0.0,2.5,,,,0.1061,0.0236,high,1.0,1.0,5,0,0,0.0,0.0,0.0,5-GW avg pts 0.20; mins 18; xGI 0.00; current GWs 5; fixture Elo diff +46,False,False,False,False,False,False,False,False,False,False,False,False,False,False,False,False,False,False,False,False,False,False,False,False,False,False,False,False,False,False,False,False
ad1d46d342d9e082098d5aae1d5995a0ebc74f9c,v3-snapshot-availability,131026edd2e6577a970aea5bfa8233754c166d88d2fe4de67f5614caf7754a71,2026-10-01T06:24:37.763425+00:00,439668,187,Josh,Eccles,Eccles,9,Coventry City,COV,Midfielder,i,False,4.8,0.0,0.0,0.0267,0.0301,0.0304,0.0267,0.0,0.34375,0.34375,0.34375,0.34375,,,,,,36.48583789084491,0.0,1.0,0.0,0.0,0.0,0.0,,0.0,,,,,,,,0.0855,0.0178,high,1.0,1.0,5,0,0,0.0,0.0,0.0,5-GW avg pts 0.00; mins 0; xGI 0.00; current GWs 5; fixture Elo diff -132,False,False,False,False,False,False,False,False,False,False,False,False,False,False,False,False,False,False,False,False,False,False,False,False,False,False,False,False,False,False,False,False
ad1d46d342d9e082098d5aae1d5995a0ebc74f9c,v3-snapshot-availability,131026edd2e6577a970aea5bfa8233754c166d88d2fe4de67f5614caf7754a71,2026-10-01T06:24:37.763425+00:00,503037,170,Emmanuel,Emegha,Emegha,8,Chelsea,CHE,Forward,i,False,4.9,0.1,0.0,0.0267,0.0298,0.0295,0.0274,0.0,0.34375,0.34375,0.34375,0.34375,,,,,,,0.0,0.0,0.0,0.0,0.0,0.0,,0.0,,,,,,,,0.085,0.0173,high,1.0,1.0,5,0,0,0.0,0.0,0.0,5-GW avg pts 0.00; mins 0; xGI 0.00; current GWs 5; fixture Elo diff +10,False,False,False,False,False,False,False,False,False,False,False,False,False,False,False,False,False,False,False,False,False,False,False,False,False,False,False,False,False,False,False,False
ad1d46d342d9e082098d5aae1d5995a0ebc74f9c,v3-snapshot-availability,131026edd2e6577a970aea5bfa8233754c166d88d2fe4de67f5614caf7754a71,2026-10-01T06:24:37.763425+00:00,78916,448,Dan,Burn,Burn,4,Newcastle,NEW,Defender,i,False,4.8,0.7,0.0,0.029,0.0262,0.0292,0.0266,0.0,0.34375,0.34375,0.34375,0.34375,,,,,,45.64208789084491,0.0,1.0,0.0,0.0,0.0,0.0,,368.0,0.0684782608695652,0.009782608695652149,7.826086956521739,0.0,,,,0.0834,0.0174,high,1.0,1.0,5,0,0,0.0,0.0,0.0,5-GW avg pts 0.00; mins 0; xGI 0.00; current GWs 5; fixture Elo diff +37,False,False,False,False,False,False,False,False,False,False,False,False,False,False,False,False,False,False,False,False,False,False,False,False,False,False,False,False,False,False,False,False
ad1d46d342d9e082098d5aae1d5995a0ebc74f9c,v3-snapshot-availability,131026edd2e6577a970aea5bfa8233754c166d88d2fe4de67f5614caf7754a71,2026-10-01T06:24:37.763425+00:00,560262,78,Junior,Kroupi,Kroupi.Jr,91,Bournemouth,BOU,Midfielder,i,False,7.4,0.2,0.0,0.0,0.0,0.0,0.0571,0.0,0.0,0.0,0.0,0.34375,,,,,,,0.0,0.0,0.0,0.0,0.0,0.0,,294.0,0.44387755102040827,0.07653061224489792,4.285714285714286,0.0,1.0,,,0.0342,0.0046,high,1.0,1.0,5,0,0,0.0,0.0,0.0,5-GW avg pts 0.00; mins 0; xGI 0.00; current GWs 5; fixture Elo diff +88,False,False,False,False,False,False,False,False,False,False,False,False,False,False,False,False,False,False,False,False,False,False,False,False,False,False,False,False,False,False,False,False
ad1d46d342d9e082098d5aae1d5995a0ebc74f9c,v3-snapshot-availability,131026edd2e6577a970aea5bfa8233754c166d88d2fe4de67f5614caf7754a71,2026-10-01T06:24:37.763425+00:00,183656,103,Josh,Dasilva,Dasilva,94,Brentford,BRE,Midfielder,i,False,4.9,0.0,0.0,0.0122,0.0076,0.0129,0.0092,0.0,0.34375,0.34375,0.34375,0.34375,,,,,,,0.0,0.0,0.0,0.0,0.0,0.0,,2.0,,,,,,,,0.0316,0.0065,high,1.0,1.0,5,0,0,0.0,0.0,0.0,5-GW avg pts 0.00; mins 0; xGI 0.00; current GWs 5; fixture Elo diff +31,False,False,False,False,False,False,False,False,False,False,False,False,False,False,False,False,False,False,False,False,False,False,False,False,False,False,False,False,False,False,False,False
ad1d46d342d9e082098d5aae1d5995a0ebc74f9c,v3-snapshot-availability,131026edd2e6577a970aea5bfa8233754c166d88d2fe4de67f5614caf7754a71,2026-10-01T06:24:37.763425+00:00,487117,139,Evan,Ferguson,Ferguson,36,Brighton,BHA,Forward,i,False,5.0,0.0,0.0,0.0125,0.0092,0.0054,0.0122,0.0,0.34375,0.34375,0.34375,0.34375,,,,,,,0.0,0.0,0.0,0.0,0.0,0.0,,0.0,,,,,,,,0.0298,0.006,high,1.0,1.0,5,0,0,0.0,0.0,0.0,5-GW avg pts 0.00; mins 0; xGI 0.00; current GWs 5; fixture Elo diff -10,False,False,False,False,False,False,False,False,False,False,False,False,False,False,False,False,False,False,False,False,False,False,False,False,False,False,False,False,False,False,False,False
ad1d46d342d9e082098d5aae1d5995a0ebc74f9c,v3-snapshot-availability,131026edd2e6577a970aea5bfa8233754c166d88d2fe4de67f5614caf7754a71,2026-10-01T06:24:37.763425+00:00,21205,414,Tom,Heaton,Heaton,1,Man Utd,MUN,Goalkeeper,i,False,4.0,0.1,0.0,0.0,0.0,0.0,0.0,0.0,0.0,0.0,0.0,0.0,,,,,,53.642087890844905,0.0,3.0,0.0,0.0,0.0,0.0,,0.0,,,,,,,,0.0,0.0,high,1.0,1.0,5,0,0,0.0,0.0,0.0,5-GW avg pts 0.00; mins 0; xGI 0.00; current GWs 5; fixture Elo diff +76,False,False,False,False,False,False,False,False,False,False,False,False,False,False,False,False,False,False,False,False,False,False,False,False,False,False,False,False,False,False,False,False
ad1d46d342d9e082098d5aae1d5995a0ebc74f9c,v3-snapshot-availability,131026edd2e6577a970aea5bfa8233754c166d88d2fe4de67f5614caf7754a71,2026-10-01T06:24:37.763425+00:00,101188,30,Lucas,Digne,Digne,7,Aston Villa,AVL,Defender,u,True,4.5,0.0,0.0,0.0,0.0,0.0,0.0,0.0,0.0,0.0,0.0,0.0,,,,,,,0.0,0.0,0.0,0.0,0.0,0.0,,196.0,0.027551020408163263,0.08724489795918365,5.051020408163265,0.0,,,,0.0,0.0,excluded,0.0,1.0,5,0,0,0.0,0.0,0.0,Excluded in squad.json; projection forced to zero,False,False,False,False,False,False,False,False,False,False,False,False,False,False,False,False,False,False,False,False,False,False,False,False,False,False,False,False,False,False,False,False
ad1d46d342d9e082098d5aae1d5995a0ebc74f9c,v3-snapshot-availability,131026edd2e6577a970aea5bfa8233754c166d88d2fe4de67f5614caf7754a71,2026-10-01T06:24:37.763425+00:00,105666,274,Jack,Butland,Butland,88,Hull City,HUL,Goalkeeper,i,False,4.4,0.1,0.0,0.0,0.0,0.0,0.0,0.0,0.0,0.0,0.0,0.0,,,,,,,0.0,0.0,0.0,0.0,0.0,0.0,,0.0,,,,,,,,0.0,0.0,high,1.0,1.0,5,0,0,0.0,0.0,0.0,5-GW avg pts 0.00; mins 0; xGI 0.00; current GWs 5; fixture Elo diff -299,False,False,False,False,False,False,False,False,False,False,False,False,False,False,False,False,False,False,False,False,False,False,False,False,False,False,False,False,False,False,False,False
ad1d46d342d9e082098d5aae1d5995a0ebc74f9c,v3-snapshot-availability,131026edd2e6577a970aea5bfa8233754c166d88d2fe4de67f5614caf7754a71,2026-10-01T06:24:37.763425+00:00,105717,540,Arthur,Masuaku,Masuaku,56,Sunderland,SUN,Defender,u,True,4.0,0.1,0.0,0.0,0.0,0.0,0.0,0.0,0.0,0.0,0.0,0.0,,,,,,,0.0,0.0,0.0,0.0,0.0,0.0,,0.0,,,,,,,,0.0,0.0,excluded,0.0,1.0,5,0,0,0.0,0.0,0.0,Excluded in squad.json; projection forced to zero,False,False,False,False,False,False,False,False,False,False,False,False,False,False,False,False,False,False,False,False,False,False,False,False,False,False,False,False,False,False,False,False
ad1d46d342d9e082098d5aae1d5995a0ebc74f9c,v3-snapshot-availability,131026edd2e6577a970aea5bfa8233754c166d88d2fe4de67f5614caf7754a71,2026-10-01T06:24:37.763425+00:00,128295,21,Christian,Nørgaard,Nørgaard,11,Everton,EVE,Midfielder,i,False,4.8,0.0,0.0,0.0,0.0,0.0,0.0,0.0,0.0,0.0,0.0,0.0,,,,,,,0.0,0.0,0.0,0.0,0.0,0.0,,45.0,,,,,,,,0.0,0.0,high,1.0,1.0,5,0,0,0.0,0.0,0.0,5-GW avg pts 0.00; mins 0; xGI 0.00; current GWs 5; fixture Elo diff +18,False,False,False,False,False,False,False,False,False,False,False,False,False,False,False,False,False,False,False,False,False,False,False,False,False,False,False,False,False,False,False,False
ad1d46d342d9e082098d5aae1d5995a0ebc74f9c,v3-snapshot-availability,131026edd2e6577a970aea5bfa8233754c166d88d2fe4de67f5614caf7754a71,2026-10-01T06:24:37.763425+00:00,149929,311,Wes,Burns,Burns,40,Ipswich Town,IPS,Midfielder,u,True,5.0,0.0,0.0,0.0,0.0,0.0,0.0,0.0,0.0,0.0,0.0,0.0,,,,,,36.48583789084491,0.0,1.0,0.0,0.0,0.0,0.0,,0.0,,,,,,,,0.0,0.0,excluded,0.0,1.0,5,0,0,0.0,0.0,0.0,Excluded in squad.json; projection forced to zero,False,False,False,False,False,False,False,False,False,False,False,False,False,False,False,False,False,False,False,False,False,False,False,False,False,False,False,False,False,False,False,False
ad1d46d342d9e082098d5aae1d5995a0ebc74f9c,v3-snapshot-availability,131026edd2e6577a970aea5bfa8233754c166d88d2fe4de67f5614caf7754a71,2026-10-01T06:24:37.763425+00:00,153682,260,Harry,Wilson,Wilson,2,Leeds,LEE,Midfielder,i,False,6.2,1.7,0.0,0.0,0.0,0.0,0.0,0.0,0.0,0.0,0.0,0.0,,,,,,16.47542122417824,0.0,10.0,0.0,0.0,0.8,0.2,36.25,388.0,0.09510309278350498,0.09742268041237089,6.262886597938144,0.0,,2.0,2.0,0.0,0.0,high,1.0,1.0,5,0,0,0.0,0.0,0.0,5-GW avg pts 1.00; mins 29; xGI 0.02; current GWs 5; fixture Elo diff -76,False,False,False,False,False,False,False,False,False,False,False,False,False,False,False,False,False,False,False,False,False,False,False,False,False,False,False,False,False,False,False,False
ad1d46d342d9e082098d5aae1d5995a0ebc74f9c,v3-snapshot-availability,131026edd2e6577a970aea5bfa8233754c166d88d2fe4de67f5614caf7754a71,2026-10-01T06:24:37.763425+00:00,155405,408,Kalvin,Phillips,Phillips,43,Man City,MCI,Midfielder,u,True,5.0,0.0,0.0,0.0,0.0,0.0,0.0,0.0,0.0,0.0,0.0,0.0,,,,,,,0.0,0.0,0.0,0.0,0.0,0.0,,0.0,,,,,,,,0.0,0.0,excluded,0.0,1.0,5,0,0,0.0,0.0,0.0,Excluded in squad.json; projection forced to zero,False,False,False,False,False,False,False,False,False,False,False,False,False,False,False,False,False,False,False,False,False,False,False,False,False,False,False,False,False,False,False,False
ad1d46d342d9e082098d5aae1d5995a0ebc74f9c,v3-snapshot-availability,131026edd2e6577a970aea5bfa8233754c166d88d2fe4de67f5614caf7754a71,2026-10-01T06:24:37.763425+00:00,168636,80,Enes,Ünal,Enes Ünal,91,Bournemouth,BOU,Forward,u,True,5.5,0.0,0.0,0.0,0.0,0.0,0.0,0.0,0.0,0.0,0.0,0.0,,,,,,53.475421224178234,0.0,1.0,0.0,0.0,0.0,0.0,,39.0,,,,,,,,0.0,0.0,excluded,0.0,1.0,5,0,0,0.0,0.0,0.0,Excluded in squad.json; projection forced to zero,False,False,False,False,False,False,False,False,False,False,False,False,False,False,False,False,False,False,False,False,False,False,False,False,False,False,False,False,False,False,False,False
ad1d46d342d9e082098d5aae1d5995a0ebc74f9c,v3-snapshot-availability,131026edd2e6577a970aea5bfa8233754c166d88d2fe4de67f5614caf7754a71,2026-10-01T06:24:37.763425+00:00,172453,319,Sam,Szmodics,Szmodics,40,Ipswich Town,IPS,Midfielder,u,True,5.0,0.0,0.0,0.0,0.0,0.0,0.0,0.0,0.0,0.0,0.0,0.0,,,,,,,0.0,0.0,0.0,0.0,0.0,0.0,,0.0,,,,,,,,0.0,0.0,excluded,0.0,1.0,5,0,0,0.0,0.0,0.0,Excluded in squad.json; projection forced to zero,False,False,False,False,False,False,False,False,False,False,False,False,False,False,False,False,False,False,False,False,False,False,False,False,False,False,False,False,False,False,False,False
ad1d46d342d9e082098d5aae1d5995a0ebc74f9c,v3-snapshot-availability,131026edd2e6577a970aea5bfa8233754c166d88d2fe4de67f5614caf7754a71,2026-10-01T06:24:37.763425+00:00,176412,193,Haji,Wright,Wright,9,Coventry City,COV,Forward,i,False,5.3,0.1,0.0,0.0,0.0,0.0,0.0,0.0,0.0,0.0,0.0,0.0,,,,,,,0.0,0.0,0.0,0.0,0.0,0.0,,0.0,,,,,1.0,,,0.0,0.0,high,1.0,1.0,5,0,0,0.0,0.0,0.0,5-GW avg pts 0.00; mins 0; xGI 0.00; current GWs 5; fixture Elo diff -132,False,False,False,False,False,False,False,False,False,False,False,False,False,False,False,False,False,False,False,False,False,False,False,False,False,False,False,False,False,False,False,False
ad1d46d342d9e082098d5aae1d5995a0ebc74f9c,v3-snapshot-availability,131026edd2e6577a970aea5bfa8233754c166d88d2fe4de67f5614caf7754a71,2026-10-01T06:24:37.763425+00:00,178301,55,Ollie,Watkins,Watkins,7,Aston Villa,AVL,Forward,u,True,7.8,2.5,0.0,0.0,0.0,0.0,0.0,0.0,0.0,0.0,0.0,0.0,,,,,,,0.0,0.0,0.0,0.0,0.0,0.0,,379.0,0.7860158311345647,0.014248021108179347,1.6622691292875988,0.0,,,,0.0,0.0,excluded,0.0,1.0,5,0,0,0.0,0.0,0.0,Excluded in squad.json; projection forced to zero,False,False,False,False,False,False,False,False,False,False,False,False,False,False,False,False,False,False,False,False,False,False,False,False,False,False,False,False,False,False,False,False
ad1d46d342d9e082098d5aae1d5995a0ebc74f9c,v3-snapshot-availability,131026edd2e6577a970aea5bfa8233754c166d88d2fe4de67f5614caf7754a71,2026-10-01T06:24:37.763425+00:00,180736,143,Trevoh,Chalobah,Chalobah,8,Chelsea,CHE,Defender,u,True,5.5,0.1,0.0,0.0,0.0,0.0,0.0,0.0,0.0,0.0,0.0,0.0,,,,,,,0.0,0.0,0.0,0.0,0.0,0.0,,131.0,,,,,,,,0.0,0.0,excluded,0.0,1.0,5,0,0,0.0,0.0,0.0,Excluded in squad.json; projection forced to zero,False,False,False,False,False,False,False,False,False,False,False,False,False,False,False,False,False,False,False,False,False,False,False,False,False,False,False,False,False,False,False,False
ad1d46d342d9e082098d5aae1d5995a0ebc74f9c,v3-snapshot-availability,131026edd2e6577a970aea5bfa8233754c166d88d2fe4de67f5614caf7754a71,2026-10-01T06:24:37.763425+00:00,180974,458,Joelinton Cássio,Apolinário de Lira,Joelinton,4,Newcastle,NEW,Midfielder,i,False,5.4,0.0,0.0,0.0,0.0,0.0,0.0,0.0,0.0,0.0,0.0,0.0,,,,,,49.59000455751157,0.0,2.0,0.0,0.0,0.0,0.0,,180.0,0.13499999999999995,0.10000000000000006,12.0,0.0,,,,0.0,0.0,high,1.0,1.0,5,0,0,0.0,0.0,0.0,5-GW avg pts 0.00; mins 0; xGI 0.00; current GWs 5; fixture Elo diff +37,False,False,False,False,False,False,False,False,False,False,False,False,False,False,False,False,False,False,False,False,False,False,False,False,False,False,False,False,False,False,False,False
ad1d46d342d9e082098d5aae1d5995a0ebc74f9c,v3-snapshot-availability,131026edd2e6577a970aea5bfa8233754c166d88d2fe4de67f5614caf7754a71,2026-10-01T06:24:37.763425+00:00,184254,494,Guglielmo,Vicario,Vicario,6,Spurs,TOT,Goalkeeper,u,True,4.5,0.1,0.0,0.0,0.0,0.0,0.0,0.0,0.0,0.0,0.0,0.0,,,,,,,0.0,0.0,0.0,0.0,0.0,0.0,,0.0,,,,,,,,0.0,0.0,excluded,0.0,1.0,5,0,0,0.0,0.0,0.0,Excluded in squad.json; projection forced to zero,False,False,False,False,False,False,False,False,False,False,False,False,False,False,False,False,False,False,False,False,False,False,False,False,False,False,False,False,False,False,False,False
ad1d46d342d9e082098d5aae1d5995a0ebc74f9c,v3-snapshot-availability,131026edd2e6577a970aea5bfa8233754c166d88d2fe4de67f5614caf7754a71,2026-10-01T06:24:37.763425+00:00,200641,24,Reiss,Nelson,Nelson,3,Arsenal,ARS,Midfielder,u,True,5.5,0.0,0.0,0.0,0.0,0.0,0.0,0.0,0.0,0.0,0.0,0.0,,,,,,56.485837890844905,0.0,2.0,0.0,0.0,0.0,0.0,,18.0,,,,,,,,0.0,0.0,excluded,0.0,1.0,5,0,0,0.0,0.0,0.0,Excluded in squad.json; projection forced to zero,False,False,False,False,False,False,False,False,False,False,False,False,False,False,False,False,False,False,False,False,False,False,False,False,False,False,False,False,False,False,False,False
ad1d46d342d9e082098d5aae1d5995a0ebc74f9c,v3-snapshot-availability,131026edd2e6577a970aea5bfa8233754c166d88d2fe4de67f5614caf7754a71,2026-10-01T06:24:37.763425+00:00,201595,326,Lucas Estella,Perri,Perri,2,Leeds,LEE,Goalkeeper,u,False,4.5,0.3,0.0,0.0,0.0,0.0,0.0,0.0,0.0,0.0,0.0,0.0,,,,,,,0.0,0.0,0.0,0.0,0.0,0.0,,0.0,,,,,,,,0.0,0.0,high,1.0,1.0,5,0,0,0.0,0.0,0.0,5-GW avg pts 0.00; mins 0; xGI 0.00; current GWs 5; fixture Elo diff -76,False,False,False,False,False,False,False,False,False,False,False,False,False,False,False,False,False,False,False,False,False,False,False,False,False,False,False,False,False,False,False,False
ad1d46d342d9e082098d5aae1d5995a0ebc74f9c,v3-snapshot-availability,131026edd2e6577a970aea5bfa8233754c166d88d2fe4de67f5614caf7754a71,2026-10-01T06:24:37.763425+00:00,204822,476,Omar,Richards,O.Richards,17,Nott'm Forest,NFO,Defender,a,True,4.0,0.2,0.0,0.0,0.0,0.0,0.0,1.0,1.0,1.0,1.0,1.0,,,,,,,0.0,0.0,0.0,0.0,0.0,0.0,,0.0,,,,,,,,0.0,0.0,excluded,0.0,1.0,5,0,0,0.0,0.0,0.0,Excluded in squad.json; projection forced to zero,False,False,False,False,False,False,False,False,False,False,False,False,False,False,False,False,False,False,False,False,False,False,False,False,False,False,False,False,False,False,False,False
ad1d46d342d9e082098d5aae1d5995a0ebc74f9c,v3-snapshot-availability,131026edd2e6577a970aea5bfa8233754c166d88d2fe4de67f5614caf7754a71,2026-10-01T06:24:37.763425+00:00,205651,27,Gabriel,Fernando de Jesus,G.Jesus,3,Arsenal,ARS,Forward,u,False,5.9,0.1,0.0,0.0,0.0,0.0,0.0,0.0,0.0,0.0,0.0,0.0,,,,,,49.49625455751157,0.0,4.0,0.0,0.0,0.0,0.0,,100.0,,,,,,,,0.0,0.0,high,1.0,1.0,5,0,0,0.0,0.0,0.0,5-GW avg pts 0.00; mins 0; xGI 0.00; current GWs 5; fixture Elo diff +291,False,False,False,False,False,False,False,False,False,False,False,False,False,False,False,False,False,False,False,False,False,False,False,False,False,False,False,False,False,False,False,False
ad1d46d342d9e082098d5aae1d5995a0ebc74f9c,v3-snapshot-availability,131026edd2e6577a970aea5bfa8233754c166d88d2fe4de67f5614caf7754a71,2026-10-01T06:24:37.763425+00:00,206915,373,Curtis,Jones,C.Jones,14,Liverpool,LIV,Midfielder,u,False,5.5,0.0,0.0,0.0,0.0,0.0,0.0,0.0,0.0,0.0,0.0,0.0,,,,,,59.43375455751157,0.0,3.0,0.0,0.0,0.0,0.0,,446.0,0.14529147982062776,0.04035874439461883,10.291479820627803,0.0,,,,0.0,0.0,high,1.0,1.0,5,0,0,0.0,0.0,0.0,5-GW avg pts 0.00; mins 0; xGI 0.00; current GWs 5; fixture Elo diff +7,False,False,False,False,False,False,False,False,False,False,False,False,False,False,False,False,False,False,False,False,False,False,False,False,False,False,False,False,False,False,False,False
ad1d46d342d9e082098d5aae1d5995a0ebc74f9c,v3-snapshot-availability,131026edd2e6577a970aea5bfa8233754c166d88d2fe4de67f5614caf7754a71,2026-10-01T06:24:37.763425+00:00,209365,416,Matthijs,de Ligt,De Ligt,1,Man Utd,MUN,Defender,i,False,5.0,0.0,0.0,0.0,0.0,0.0,0.0,0.0,0.0,0.0,0.0,0.0,,,,,,,0.0,0.0,0.0,0.0,0.0,0.0,,0.0,,,,,,,,0.0,0.0,high,1.0,1.0,5,0,0,0.0,0.0,0.0,5-GW avg pts 0.00; mins 0; xGI 0.00; current GWs 5; fixture Elo diff +76,False,False,False,False,False,False,False,False,False,False,False,False,False,False,False,False,False,False,False,False,False,False,False,False,False,False,False,False,False,False,False,False
ad1d46d342d9e082098d5aae1d5995a0ebc74f9c,v3-snapshot-availability,131026edd2e6577a970aea5bfa8233754c166d88d2fe4de67f5614caf7754a71,2026-10-01T06:24:37.763425+00:00,212319,527,Richarlison,de Andrade,Richarlison,6,Spurs,TOT,Forward,u,False,5.9,0.6,0.0,0.0,0.0,0.0,0.0,0.0,0.0,0.0,0.0,0.0,,,,,,39.57958789084491,0.0,4.0,0.0,0.0,0.2,0.2,67.0,459.0,0.4176470588235296,0.03725490196078428,5.098039215686274,0.0,,,,0.0,0.0,high,1.0,1.0,5,0,0,0.0,0.0,0.0,5-GW avg pts 0.40; mins 13; xGI 0.00; current GWs 5; fixture Elo diff -25,False,False,False,False,False,False,False,False,False,False,False,False,False,False,False,False,False,False,False,False,False,False,False,False,False,False,False,False,False,False,False,False
ad1d46d342d9e082098d5aae1d5995a0ebc74f9c,v3-snapshot-availability,131026edd2e6577a970aea5bfa8233754c166d88d2fe4de67f5614caf7754a71,2026-10-01T06:24:37.763425+00:00,213292,296,David,Akintola,Akintola,88,Hull City,HUL,Midfielder,u,False,5.0,0.0,0.0,0.0,0.0,0.0,0.0,0.0,0.0,0.0,0.0,0.0,,,,,,36.48583789084491,0.0,1.0,0.0,0.0,0.0,0.0,,0.0,,,,,,,,0.0,0.0,high,1.0,1.0,5,0,0,0.0,0.0,0.0,5-GW avg pts 0.00; mins 0; xGI 0.00; current GWs 5; fixture Elo diff -299,False,False,False,False,False,False,False,False,False,False,False,False,False,False,False,False,False,False,False,False,False,False,False,False,False,False,False,False,False,False,False,False
ad1d46d342d9e082098d5aae1d5995a0ebc74f9c,v3-snapshot-availability,131026edd2e6577a970aea5bfa8233754c166d88d2fe4de67f5614caf7754a71,2026-10-01T06:24:37.763425+00:00,214225,329,Joe,Rodon,Rodon,2,Leeds,LEE,Defender,i,False,4.3,0.8,0.0,0.0,0.0,0.0,0.0,0.0,0.0,0.0,0.0,0.0,,,,,,31.725421224178245,0.0,7.0,0.0,0.0,0.4,0.2,61.5,483.0,0.03913043478260867,0.026086956521739132,6.708074534161491,0.0,,,,0.0,0.0,high,1.0,1.0,5,0,0,0.0,0.0,0.0,5-GW avg pts 1.40; mins 25; xGI 0.02; current GWs 5; fixture Elo diff -76,False,False,False,False,False,False,False,False,False,False,False,False,False,False,False,False,False,False,False,False,False,False,False,False,False,False,False,False,False,False,False,False
ad1d46d342d9e082098d5aae1d5995a0ebc74f9c,v3-snapshot-availability,131026edd2e6577a970aea5bfa8233754c166d88d2fe4de67f5614caf7754a71,2026-10-01T06:24:37.763425+00:00,215059,140,Robert,Lynch Sánchez,Sánchez,8,Chelsea,CHE,Goalkeeper,u,False,4.9,0.7,0.0,0.0,0.0,0.0,0.0,0.0,0.0,0.0,0.0,0.0,,,,,,37.47542122417824,0.0,4.0,0.0,0.0,0.2,0.2,90.0,336.0,0.0,0.0026785714285714286,0.0,3.2142857142857144,,,,0.0,0.0,high,1.0,1.0,5,0,0,0.0,0.0,0.0,5-GW avg pts 0.40; mins 18; xGI 0.00; current GWs 5; fixture Elo diff +10,False,False,False,False,False,False,False,False,False,False,False,False,False,False,False,False,False,False,False,False,False,False,False,False,False,False,False,False,False,False,False,False
ad1d46d342d9e082098d5aae1d5995a0ebc74f9c,v3-snapshot-availability,131026edd2e6577a970aea5bfa8233754c166d88d2fe4de67f5614caf7754a71,2026-10-01T06:24:37.763425+00:00,215711,44,Leon,Bailey,Bailey,7,Aston Villa,AVL,Midfielder,u,False,5.4,0.1,0.0,0.0,0.0,0.0,0.0,0.0,0.0,0.0,0.0,0.0,,,,,,,0.0,0.0,0.0,0.0,0.0,0.0,,116.0,,,,,,,,0.0,0.0,high,1.0,1.0,5,0,0,0.0,0.0,0.0,5-GW avg pts 0.00; mins 0; xGI 0.00; current GWs 5; fixture Elo diff +46,False,False,False,False,False,False,False,False,False,False,False,False,False,False,False,False,False,False,False,False,False,False,False,False,False,False,False,False,False,False,False,False
ad1d46d342d9e082098d5aae1d5995a0ebc74f9c,v3-snapshot-availability,131026edd2e6577a970aea5bfa8233754c166d88d2fe4de67f5614caf7754a71,2026-10-01T06:24:37.763425+00:00,218364,205,Borna,Sosa,Sosa,31,Crystal Palace,CRY,Defender,u,False,4.5,0.0,0.0,0.0,0.0,0.0,0.0,0.0,0.0,0.0,0.0,0.0,,,,,,46.76708789084491,0.0,3.0,0.0,0.0,0.0,0.0,,45.0,,,,,,,,0.0,0.0,high,1.0,1.0,5,0,0,0.0,0.0,0.0,5-GW avg pts 0.00; mins 0; xGI 0.00; current GWs 5; fixture Elo diff -34,False,False,False,False,False,False,False,False,False,False,False,False,False,False,False,False,False,False,False,False,False,False,False,False,False,False,False,False,False,False,False,False
ad1d46d342d9e082098d5aae1d5995a0ebc74f9c,v3-snapshot-availability,131026edd2e6577a970aea5bfa8233754c166d88d2fe4de67f5614caf7754a71,2026-10-01T06:24:37.763425+00:00,220566,402,Rodrigo 'Rodri',Hernandez Cascante,Rodrigo,43,Man City,MCI,Midfielder,u,True,6.5,0.0,0.0,0.0,0.0,0.0,0.0,0.0,0.0,0.0,0.0,0.0,,,,,,,0.0,0.0,0.0,0.0,0.0,0.0,,90.0,,,,,,,,0.0,0.0,excluded,0.0,1.0,5,0,0,0.0,0.0,0.0,Excluded in squad.json; projection forced to zero,False,False,False,False,False,False,False,False,False,False,False,False,False,False,False,False,False,False,False,False,False,False,False,False,False,False,False,False,False,False,False,False
ad1d46d342d9e082098d5aae1d5995a0ebc74f9c,v3-snapshot-availability,131026edd2e6577a970aea5bfa8233754c166d88d2fe4de67f5614caf7754a71,2026-10-01T06:24:37.763425+00:00,220583,180,Luke,Woolfenden,Woolfenden,9,Coventry City,COV,Defender,i,False,4.0,0.1,0.0,0.0,0.0,0.0,0.0,0.0,0.0,0.0,0.0,0.0,,,,,,,0.0,0.0,0.0,0.0,0.0,0.0,,0.0,,,,,,,,0.0,0.0,high,1.0,1.0,5,0,0,0.0,0.0,0.0,5-GW avg pts 0.00; mins 0; xGI 0.00; current GWs 5; fixture Elo diff -132,False,False,False,False,False,False,False,False,False,False,False,False,False,False,False,False,False,False,False,False,False,False,False,False,False,False,False,False,False,False,False,False
ad1d46d342d9e082098d5aae1d5995a0ebc74f9c,v3-snapshot-availability,131026edd2e6577a970aea5bfa8233754c166d88d2fe4de67f5614caf7754a71,2026-10-01T06:24:37.763425+00:00,221399,342,Jack,Harrison,Harrison,2,Leeds,LEE,Midfielder,u,True,5.0,0.0,0.0,0.0,0.0,0.0,0.0,0.0,0.0,0.0,0.0,0.0,,,,,,,0.0,0.0,0.0,0.0,0.0,0.0,,0.0,,,,,,,,0.0,0.0,excluded,0.0,1.0,5,0,0,0.0,0.0,0.0,Excluded in squad.json; projection forced to zero,False,False,False,False,False,False,False,False,False,False,False,False,False,False,False,False,False,False,False,False,False,False,False,False,False,False,False,False,False,False,False,False
ad1d46d342d9e082098d5aae1d5995a0ebc74f9c,v3-snapshot-availability,131026edd2e6577a970aea5bfa8233754c166d88d2fe4de67f5614caf7754a71,2026-10-01T06:24:37.763425+00:00,221632,500,Cristian,Romero,Romero,6,Spurs,TOT,Defender,u,True,5.0,0.1,0.0,0.0,0.0,0.0,0.0,0.0,0.0,0.0,0.0,0.0,,,,,,,0.0,0.0,0.0,0.0,0.0,0.0,,0.0,,,,,,,,0.0,0.0,excluded,0.0,1.0,5,0,0,0.0,0.0,0.0,Excluded in squad.json; projection forced to zero,False,False,False,False,False,False,False,False,False,False,False,False,False,False,False,False,False,False,False,False,False,False,False,False,False,False,False,False,False,False,False,False
ad1d46d342d9e082098d5aae1d5995a0ebc74f9c,v3-snapshot-availability,131026edd2e6577a970aea5bfa8233754c166d88d2fe4de67f5614caf7754a71,2026-10-01T06:24:37.763425+00:00,222018,307,Ben,Johnson,Johnson,40,Ipswich Town,IPS,Defender,u,True,4.0,0.1,0.0,0.0,0.0,0.0,0.0,0.0,0.0,0.0,0.0,0.0,,,,,,57.485837890844905,0.0,1.0,0.0,0.0,0.0,0.0,,0.0,,,,,,,,0.0,0.0,excluded,0.0,1.0,5,0,0,0.0,0.0,0.0,Excluded in squad.json; projection forced to zero,False,False,False,False,False,False,False,False,False,False,False,False,False,False,False,False,False,False,False,False,False,False,False,False,False,False,False,False,False,False,False,False
ad1d46d342d9e082098d5aae1d5995a0ebc74f9c,v3-snapshot-availability,131026edd2e6577a970aea5bfa8233754c166d88d2fe4de67f5614caf7754a71,2026-10-01T06:24:37.763425+00:00,222625,317,George,Hirst,Hirst,40,Ipswich Town,IPS,Forward,u,True,5.0,0.1,0.0,0.0,0.0,0.0,0.0,0.0,0.0,0.0,0.0,0.0,,,,,,57.485837890844905,0.0,1.0,0.0,0.0,0.0,0.0,,0.0,,,,,,,,0.0,0.0,excluded,0.0,1.0,5,0,0,0.0,0.0,0.0,Excluded in squad.json; projection forced to zero,False,False,False,False,False,False,False,False,False,False,False,False,False,False,False,False,False,False,False,False,False,False,False,False,False,False,False,False,False,False,False,False
ad1d46d342d9e082098d5aae1d5995a0ebc74f9c,v3-snapshot-availability,131026edd2e6577a970aea5bfa8233754c166d88d2fe4de67f5614caf7754a71,2026-10-01T06:24:37.763425+00:00,222683,70,Justin,Kluivert,Kluivert,91,Bournemouth,BOU,Midfielder,i,False,6.0,0.9,0.0,0.0,0.0,0.0,0.0,0.0,0.0,0.0,0.0,0.0,,83.0,,83.0,,13.47542122417824,1.0,7.0,1.0,1.0,0.8,0.8,73.5,325.0,0.2935384615384614,0.0249230769230769,6.923076923076923,0.0,2.0,3.0,2.0,0.0,0.0,high,1.0,1.0,5,0,0,0.0,0.0,0.0,5-GW avg pts 3.00; mins 59; xGI 0.21; current GWs 5; fixture Elo diff +88,False,False,False,False,False,False,False,False,False,False,False,False,False,False,False,False,False,False,False,False,False,False,False,False,False,False,False,False,False,False,False,False
ad1d46d342d9e082098d5aae1d5995a0ebc74f9c,v3-snapshot-availability,131026edd2e6577a970aea5bfa8233754c166d88d2fe4de67f5614caf7754a71,2026-10-01T06:24:37.763425+00:00,223434,118,Igor Julio,dos Santos de Paulo,Igor,36,Brighton,BHA,Defender,u,False,4.5,0.0,0.0,0.0,0.0,0.0,0.0,0.0,0.0,0.0,0.0,0.0,,,,,,46.68375455751158,0.0,1.0,0.0,0.0,0.0,0.0,,0.0,,,,,,,,0.0,0.0,high,1.0,1.0,5,0,0,0.0,0.0,0.0,5-GW avg pts 0.00; mins 0; xGI 0.00; current GWs 5; fixture Elo diff -10,False,False,False,False,False,False,False,False,False,False,False,False,False,False,False,False,False,False,False,False,False,False,False,False,False,False,False,False,False,False,False,False
ad1d46d342d9e082098d5aae1d5995a0ebc74f9c,v3-snapshot-availability,131026edd2e6577a970aea5bfa8233754c166d88d2fe4de67f5614caf7754a71,2026-10-01T06:24:37.763425+00:00,223541,370,Federico,Chiesa,Chiesa,14,Liverpool,LIV,Midfielder,i,False,5.3,0.0,0.0,0.0,0.0,0.0,0.0,0.0,0.0,0.0,0.0,0.0,,,,,,45.82958789084491,0.0,4.0,0.0,0.0,0.0,0.0,,40.0,,,,,,,,0.0,0.0,high,1.0,1.0,5,0,0,0.0,0.0,0.0,5-GW avg pts 0.00; mins 0; xGI 0.00; current GWs 5; fixture Elo diff +7,False,False,False,False,False,False,False,False,False,False,False,False,False,False,False,False,False,False,False,False,False,False,False,False,False,False,False,False,False,False,False,False
ad1d46d342d9e082098d5aae1d5995a0ebc74f9c,v3-snapshot-availability,131026edd2e6577a970aea5bfa8233754c166d88d2fe4de67f5614caf7754a71,2026-10-01T06:24:37.763425+00:00,229164,314,Chiedozie,Ogbene,Ogbene,40,Ipswich Town,IPS,Midfielder,u,False,4.9,0.0,0.0,0.0,0.0,0.0,0.0,0.0,0.0,0.0,0.0,0.0,,,,,,,0.0,0.0,0.0,0.0,0.0,0.0,,0.0,,,,,,,,0.0,0.0,high,1.0,1.0,5,0,0,0.0,0.0,0.0,5-GW avg pts 0.00; mins 0; xGI 0.00; current GWs 5; fixture Elo diff -162,False,False,False,False,False,False,False,False,False,False,False,False,False,False,False,False,False,False,False,False,False,False,False,False,False,False,False,False,False,False,False,False
ad1d46d342d9e082098d5aae1d5995a0ebc74f9c,v3-snapshot-availability,131026edd2e6577a970aea5bfa8233754c166d88d2fe4de67f5614caf7754a71,2026-10-01T06:24:37.763425+00:00,231899,312,Jack,Taylor,Taylor,40,Ipswich Town,IPS,Midfielder,i,False,4.4,0.0,0.0,0.0,0.0,0.0,0.0,0.0,0.0,0.0,0.0,0.0,,,,,,,0.0,0.0,0.0,0.0,0.0,0.0,,0.0,,,,,,,,0.0,0.0,high,1.0,1.0,5,0,0,0.0,0.0,0.0,5-GW avg pts 0.00; mins 0; xGI 0.00; current GWs 5; fixture Elo diff -162,False,False,False,False,False,False,False,False,False,False,False,False,False,False,False,False,False,False,False,False,False,False,False,False,False,False,False,False,False,False,False,False
ad1d46d342d9e082098d5aae1d5995a0ebc74f9c,v3-snapshot-availability,131026edd2e6577a970aea5bfa8233754c166d88d2fe4de67f5614caf7754a71,2026-10-01T06:24:37.763425+00:00,232112,433,Manuel,Ugarte Ribeiro,Ugarte,1,Man Utd,MUN,Midfielder,i,False,5.0,0.0,0.0,0.0,0.0,0.0,0.0,0.0,0.0,0.0,0.0,0.0,,,,,,,0.0,0.0,0.0,0.0,0.0,0.0,,0.0,,,,,,,,0.0,0.0,high,1.0,1.0,5,0,0,0.0,0.0,0.0,5-GW avg pts 0.00; mins 0; xGI 0.00; current GWs 5; fixture Elo diff +76,False,False,False,False,False,False,False,False,False,False,False,False,False,False,False,False,False,False,False,False,False,False,False,False,False,False,False,False,False,False,False,False
ad1d46d342d9e082098d5aae1d5995a0ebc74f9c,v3-snapshot-availability,131026edd2e6577a970aea5bfa8233754c166d88d2fe4de67f5614caf7754a71,2026-10-01T06:24:37.763425+00:00,232571,530,Anthony,Patterson,Patterson,56,Sunderland,SUN,Goalkeeper,u,True,4.0,0.1,0.0,0.0,0.0,0.0,0.0,0.0,0.0,0.0,0.0,0.0,,,,,,,0.0,0.0,0.0,0.0,0.0,0.0,,0.0,,,,,,,,0.0,0.0,excluded,0.0,1.0,5,0,0,0.0,0.0,0.0,Excluded in squad.json; projection forced to zero,False,False,False,False,False,False,False,False,False,False,False,False,False,False,False,False,False,False,False,False,False,False,False,False,False,False,False,False,False,False,False,False
ad1d46d342d9e082098d5aae1d5995a0ebc74f9c,v3-snapshot-availability,131026edd2e6577a970aea5bfa8233754c166d88d2fe4de67f5614caf7754a71,2026-10-01T06:24:37.763425+00:00,232653,456,Jacob,Ramsey,J.Ramsey,4,Newcastle,NEW,Midfielder,i,False,4.9,0.2,0.0,0.0,0.0,0.0,0.0,0.0,0.0,0.0,0.0,0.0,,,,,,22.47542122417824,0.0,10.0,0.0,0.0,0.6,0.0,23.0,369.0,0.060975609756097504,0.1560975609756097,11.951219512195122,0.0,,,,0.0,0.0,high,1.0,1.0,5,0,0,0.0,0.0,0.0,5-GW avg pts 1.40; mins 14; xGI 0.07; current GWs 5; fixture Elo diff +37,False,False,False,False,False,False,False,False,False,False,False,False,False,False,False,False,False,False,False,False,False,False,False,False,False,False,False,False,False,False,False,False
ad1d46d342d9e082098d5aae1d5995a0ebc74f9c,v3-snapshot-availability,131026edd2e6577a970aea5bfa8233754c166d88d2fe4de67f5614caf7754a71,2026-10-01T06:24:37.763425+00:00,232859,505,Djed,Spence,Spence,6,Spurs,TOT,Defender,u,True,4.5,0.2,0.0,0.0,0.0,0.0,0.0,0.0,0.0,0.0,0.0,0.0,,,,,,,0.0,0.0,0.0,0.0,0.0,0.0,,229.0,0.01572052401746725,0.01179039301310048,4.323144104803493,0.0,,,,0.0,0.0,excluded,0.0,1.0,5,0,0,0.0,0.0,0.0,Excluded in squad.json; projection forced to zero,False,False,False,False,False,False,False,False,False,False,False,False,False,False,False,False,False,False,False,False,False,False,False,False,False,False,False,False,False,False,False,False
ad1d46d342d9e082098d5aae1d5995a0ebc74f9c,v3-snapshot-availability,131026edd2e6577a970aea5bfa8233754c166d88d2fe4de67f5614caf7754a71,2026-10-01T06:24:37.763425+00:00,232905,287,Liam,Millar,Millar,88,Hull City,HUL,Midfielder,u,False,5.0,0.0,0.0,0.0,0.0,0.0,0.0,0.0,0.0,0.0,0.0,0.0,,,,,,32.68375455751158,0.0,5.0,0.0,0.0,0.4,0.0,25.0,50.0,,,,,,,,0.0,0.0,high,1.0,1.0,5,0,0,0.0,0.0,0.0,5-GW avg pts 1.20; mins 10; xGI 0.12; current GWs 5; fixture Elo diff -299,False,False,False,False,False,False,False,False,False,False,False,False,False,False,False,False,False,False,False,False,False,False,False,False,False,False,False,False,False,False,False,False
ad1d46d342d9e082098d5aae1d5995a0ebc74f9c,v3-snapshot-availability,131026edd2e6577a970aea5bfa8233754c166d88d2fe4de67f5614caf7754a71,2026-10-01T06:24:37.763425+00:00,235826,348,Joël,Piroe,Piroe,2,Leeds,LEE,Forward,u,True,5.0,0.1,0.0,0.0,0.0,0.0,0.0,0.0,0.0,0.0,0.0,0.0,,,,,,15.485837890844907,0.0,2.0,0.0,0.0,0.0,0.0,,28.0,,,,,3.0,,,0.0,0.0,excluded,0.0,1.0,5,0,0,0.0,0.0,0.0,Excluded in squad.json; projection forced to zero,False,False,False,False,False,False,False,False,False,False,False,False,False,False,False,False,False,False,False,False,False,False,False,False,False,False,False,False,False,False,False,False
ad1d46d342d9e082098d5aae1d5995a0ebc74f9c,v3-snapshot-availability,131026edd2e6577a970aea5bfa8233754c166d88d2fe4de67f5614caf7754a71,2026-10-01T06:24:37.763425+00:00,242880,146,Benoît,Badiashile Mukinayi,B.Badiashile,8,Chelsea,CHE,Defender,u,True,4.5,0.0,0.0,0.0,0.0,0.0,0.0,0.0,0.0,0.0,0.0,0.0,,,,,,,0.0,0.0,0.0,0.0,0.0,0.0,,0.0,,,,,,,,0.0,0.0,excluded,0.0,1.0,5,0,0,0.0,0.0,0.0,Excluded in squad.json; projection forced to zero,False,False,False,False,False,False,False,False,False,False,False,False,False,False,False,False,False,False,False,False,False,False,False,False,False,False,False,False,False,False,False,False
ad1d46d342d9e082098d5aae1d5995a0ebc74f9c,v3-snapshot-availability,131026edd2e6577a970aea5bfa8233754c166d88d2fe4de67f5614caf7754a71,2026-10-01T06:24:37.763425+00:00,243571,234,Nathan,Patterson,Patterson,11,Everton,EVE,Defender,u,False,4.5,0.0,0.0,0.0,0.0,0.0,0.0,0.0,0.0,0.0,0.0,0.0,,,,,,35.47542122417824,0.0,3.0,0.0,0.0,0.0,0.0,,1.0,,,,,,,,0.0,0.0,high,1.0,1.0,5,0,0,0.0,0.0,0.0,5-GW avg pts 0.00; mins 0; xGI 0.00; current GWs 5; fixture Elo diff +18,False,False,False,False,False,False,False,False,False,False,False,False,False,False,False,False,False,False,False,False,False,False,False,False,False,False,False,False,False,False,False,False
ad1d46d342d9e082098d5aae1d5995a0ebc74f9c,v3-snapshot-availability,131026edd2e6577a970aea5bfa8233754c166d88d2fe4de67f5614caf7754a71,2026-10-01T06:24:37.763425+00:00,432830,84,Nathan,Collins,Collins,94,Brentford,BRE,Defender,i,False,5.4,1.0,0.0,0.0,0.0,0.0,0.0,0.0,0.0,0.0,0.0,0.0,,,,,,25.683754557511577,0.0,5.0,0.0,0.0,0.6,0.4,65.33333333333333,646.0,0.084984520123839,0.06130030959752318,8.91640866873065,0.0,,,,0.0,0.0,high,1.0,1.0,5,0,0,0.0,0.0,0.0,5-GW avg pts 2.00; mins 39; xGI 0.11; current GWs 5; fixture Elo diff +31,False,False,False,False,False,False,False,False,False,False,False,False,False,False,False,False,False,False,False,False,False,False,False,False,False,False,False,False,False,False,False,False
ad1d46d342d9e082098d5aae1d5995a0ebc74f9c,v3-snapshot-availability,131026edd2e6577a970aea5bfa8233754c166d88d2fe4de67f5614caf7754a71,2026-10-01T06:24:37.763425+00:00,432987,354,Vitezslav,Jaros,Jaros,14,Liverpool,LIV,Goalkeeper,i,False,4.0,0.0,0.0,0.0,0.0,0.0,0.0,0.0,0.0,0.0,0.0,0.0,,,,,,,0.0,0.0,0.0,0.0,0.0,0.0,,0.0,,,,,,,,0.0,0.0,high,1.0,1.0,5,0,0,0.0,0.0,0.0,5-GW avg pts 0.00; mins 0; xGI 0.00; current GWs 5; fixture Elo diff +7,False,False,False,False,False,False,False,False,False,False,False,False,False,False,False,False,False,False,False,False,False,False,False,False,False,False,False,False,False,False,False,False
ad1d46d342d9e082098d5aae1d5995a0ebc74f9c,v3-snapshot-availability,131026edd2e6577a970aea5bfa8233754c166d88d2fe4de67f5614caf7754a71,2026-10-01T06:24:37.763425+00:00,433036,404,Tijjani,Reijnders,Reijnders,43,Man City,MCI,Midfielder,u,True,6.0,0.0,0.0,0.0,0.0,0.0,0.0,0.0,0.0,0.0,0.0,0.0,,,,,,52.80875455751157,0.0,2.0,0.0,0.0,0.0,0.0,,135.0,,,,,,,,0.0,0.0,excluded,0.0,1.0,5,0,0,0.0,0.0,0.0,Excluded in squad.json; projection forced to zero,False,False,False,False,False,False,False,False,False,False,False,False,False,False,False,False,False,False,False,False,False,False,False,False,False,False,False,False,False,False,False,False
ad1d46d342d9e082098d5aae1d5995a0ebc74f9c,v3-snapshot-availability,131026edd2e6577a970aea5bfa8233754c166d88d2fe4de67f5614caf7754a71,2026-10-01T06:24:37.763425+00:00,433590,281,Cody,Drameh,Drameh,88,Hull City,HUL,Defender,u,False,4.0,0.0,0.0,0.0,0.0,0.0,0.0,0.0,0.0,0.0,0.0,0.0,,,,,,32.68375455751158,0.0,3.0,0.0,0.0,0.4,0.0,32.5,65.0,,,,,,,,0.0,0.0,high,1.0,1.0,5,0,0,0.0,0.0,0.0,5-GW avg pts 0.40; mins 13; xGI 0.01; current GWs 5; fixture Elo diff -299,False,False,False,False,False,False,False,False,False,False,False,False,False,False,False,False,False,False,False,False,False,False,False,False,False,False,False,False,False,False,False,False
ad1d46d342d9e082098d5aae1d5995a0ebc74f9c,v3-snapshot-availability,131026edd2e6577a970aea5bfa8233754c166d88d2fe4de67f5614caf7754a71,2026-10-01T06:24:37.763425+00:00,436761,174,Liam,Kitching,Kitching,9,Coventry City,COV,Defender,u,False,4.0,0.3,0.0,0.0,0.0,0.0,0.0,0.0,0.0,0.0,0.0,0.0,,,,,,36.48583789084491,0.0,2.0,0.0,0.0,0.0,0.0,,0.0,,,,,,,,0.0,0.0,high,1.0,1.0,5,0,0,0.0,0.0,0.0,5-GW avg pts 0.00; mins 0; xGI 0.00; current GWs 5; fixture Elo diff -132,False,False,False,False,False,False,False,False,False,False,False,False,False,False,False,False,False,False,False,False,False,False,False,False,False,False,False,False,False,False,False,False
ad1d46d342d9e082098d5aae1d5995a0ebc74f9c,v3-snapshot-availability,131026edd2e6577a970aea5bfa8233754c166d88d2fe4de67f5614caf7754a71,2026-10-01T06:24:37.763425+00:00,436893,65,Julián,Araujo Zúñiga,J.Araujo,91,Bournemouth,BOU,Defender,i,False,4.4,0.0,0.0,0.0,0.0,0.0,0.0,0.0,0.0,0.0,0.0,0.0,,,,,,,0.0,0.0,0.0,0.0,0.0,0.0,,0.0,,,,,,,,0.0,0.0,high,1.0,1.0,5,0,0,0.0,0.0,0.0,5-GW avg pts 0.00; mins 0; xGI 0.00; current GWs 5; fixture Elo diff +88,False,False,False,False,False,False,False,False,False,False,False,False,False,False,False,False,False,False,False,False,False,False,False,False,False,False,False,False,False,False,False,False
ad1d46d342d9e082098d5aae1d5995a0ebc74f9c,v3-snapshot-availability,131026edd2e6577a970aea5bfa8233754c166d88d2fe4de67f5614caf7754a71,2026-10-01T06:24:37.763425+00:00,437738,333,Sebastiaan,Bornauw,Bornauw,2,Leeds,LEE,Defender,u,True,4.5,0.0,0.0,0.0,0.0,0.0,0.0,0.0,0.0,0.0,0.0,0.0,,,,,,49.49625455751157,0.0,3.0,0.0,0.0,0.0,0.0,,125.0,,,,,,,,0.0,0.0,excluded,0.0,1.0,5,0,0,0.0,0.0,0.0,Excluded in squad.json; projection forced to zero,False,False,False,False,False,False,False,False,False,False,False,False,False,False,False,False,False,False,False,False,False,False,False,False,False,False,False,False,False,False,False,False
ad1d46d342d9e082098d5aae1d5995a0ebc74f9c,v3-snapshot-availability,131026edd2e6577a970aea5bfa8233754c166d88d2fe4de67f5614caf7754a71,2026-10-01T06:24:37.763425+00:00,438098,23,Fábio,Ferreira Vieira,Fábio Vieira,3,Arsenal,ARS,Midfielder,u,False,5.5,0.0,0.0,0.0,0.0,0.0,0.0,0.0,0.0,0.0,0.0,0.0,,,,,,49.49625455751157,0.0,4.0,0.0,0.0,0.0,0.0,,0.0,,,,,,,,0.0,0.0,high,1.0,1.0,5,0,0,0.0,0.0,0.0,5-GW avg pts 0.00; mins 0; xGI 0.00; current GWs 5; fixture Elo diff +291,False,False,False,False,False,False,False,False,False,False,False,False,False,False,False,False,False,False,False,False,False,False,False,False,False,False,False,False,False,False,False,False
ad1d46d342d9e082098d5aae1d5995a0ebc74f9c,v3-snapshot-availability,131026edd2e6577a970aea5bfa8233754c166d88d2fe4de67f5614caf7754a71,2026-10-01T06:24:37.763425+00:00,441302,36,Ian,Maatsen,Maatsen,7,Aston Villa,AVL,Defender,i,False,4.4,0.5,0.0,0.0,0.0,0.0,0.0,0.0,0.0,0.0,0.0,0.0,,,,,,18.683754557511573,0.0,8.0,0.0,0.0,0.8,0.8,83.75,593.0,0.05160202360876897,0.09106239460370992,7.4367622259696455,0.0,,,,0.0,0.0,high,1.0,1.0,5,0,0,0.0,0.0,0.0,5-GW avg pts 1.80; mins 67; xGI 0.15; current GWs 5; fixture Elo diff +46,False,False,False,False,False,False,False,False,False,False,False,False,False,False,False,False,False,False,False,False,False,False,False,False,False,False,False,False,False,False,False,False
ad1d46d342d9e082098d5aae1d5995a0ebc74f9c,v3-snapshot-availability,131026edd2e6577a970aea5bfa8233754c166d88d2fe4de67f5614caf7754a71,2026-10-01T06:24:37.763425+00:00,443261,313,Jack,Clarke,Clarke,40,Ipswich Town,IPS,Midfielder,a,True,5.4,0.2,0.0,0.0,0.0,0.0,0.0,1.0,1.0,1.0,1.0,1.0,,66.0,,,,11.683754557511573,1.0,8.0,1.0,0.0,0.8,0.4,42.5,170.0,,,,,1.0,4.0,3.0,0.0,0.0,excluded,0.0,1.0,5,0,0,0.0,0.0,0.0,Excluded in squad.json; projection forced to zero,False,False,False,False,False,False,False,False,False,False,False,False,False,False,False,False,False,False,False,False,False,False,False,False,False,False,False,False,False,False,False,False
ad1d46d342d9e082098d5aae1d5995a0ebc74f9c,v3-snapshot-availability,131026edd2e6577a970aea5bfa8233754c166d88d2fe4de67f5614caf7754a71,2026-10-01T06:24:37.763425+00:00,444145,18,Gabriel,Martinelli Silva,Martinelli,3,Arsenal,ARS,Midfielder,u,False,6.3,0.1,0.0,0.0,0.0,0.0,0.0,0.0,0.0,0.0,0.0,0.0,,,,,,49.49625455751157,0.0,3.0,0.0,0.0,0.0,0.0,,128.0,,,,,,,,0.0,0.0,high,1.0,1.0,5,0,0,0.0,0.0,0.0,5-GW avg pts 0.00; mins 0; xGI 0.00; current GWs 5; fixture Elo diff +291,False,False,False,False,False,False,False,False,False,False,False,False,False,False,False,False,False,False,False,False,False,False,False,False,False,False,False,False,False,False,False,False
ad1d46d342d9e082098d5aae1d5995a0ebc74f9c,v3-snapshot-availability,131026edd2e6577a970aea5bfa8233754c166d88d2fe4de67f5614caf7754a71,2026-10-01T06:24:37.763425+00:00,444172,59,Will,Dennis,Dennis,91,Bournemouth,BOU,Goalkeeper,u,False,4.0,0.1,0.0,0.0,0.0,0.0,0.0,0.0,0.0,0.0,0.0,0.0,,,,,,,0.0,0.0,0.0,0.0,0.0,0.0,,0.0,,,,,,,,0.0,0.0,high,1.0,1.0,5,0,0,0.0,0.0,0.0,5-GW avg pts 0.00; mins 0; xGI 0.00; current GWs 5; fixture Elo diff +88,False,False,False,False,False,False,False,False,False,False,False,False,False,False,False,False,False,False,False,False,False,False,False,False,False,False,False,False,False,False,False,False
ad1d46d342d9e082098d5aae1d5995a0ebc74f9c,v3-snapshot-availability,131026edd2e6577a970aea5bfa8233754c166d88d2fe4de67f5614caf7754a71,2026-10-01T06:24:37.763425+00:00,444307,276,Thimothée,Lo-Tutala,Lo-Tutala,88,Hull City,HUL,Goalkeeper,u,True,4.0,0.0,0.0,0.0,0.0,0.0,0.0,0.0,0.0,0.0,0.0,0.0,,,,,,,0.0,0.0,0.0,0.0,0.0,0.0,,0.0,,,,,,,,0.0,0.0,excluded,0.0,1.0,5,0,0,0.0,0.0,0.0,Excluded in squad.json; projection forced to zero,False,False,False,False,False,False,False,False,False,False,False,False,False,False,False,False,False,False,False,False,False,False,False,False,False,False,False,False,False,False,False,False
ad1d46d342d9e082098d5aae1d5995a0ebc74f9c,v3-snapshot-availability,131026edd2e6577a970aea5bfa8233754c166d88d2fe4de67f5614caf7754a71,2026-10-01T06:24:37.763425+00:00,444765,85,Sepp,van den Berg,Van den Berg,94,Brentford,BRE,Defender,i,False,4.9,0.1,0.0,0.0,0.0,0.0,0.0,0.0,0.0,0.0,0.0,0.0,,,,,,,0.0,0.0,0.0,0.0,0.0,0.0,,278.0,0.15863309352517974,0.17805755395683442,9.712230215827338,0.0,,,,0.0,0.0,high,1.0,1.0,5,0,0,0.0,0.0,0.0,5-GW avg pts 0.00; mins 0; xGI 0.00; current GWs 5; fixture Elo diff +31,False,False,False,False,False,False,False,False,False,False,False,False,False,False,False,False,False,False,False,False,False,False,False,False,False,False,False,False,False,False,False,False
ad1d46d342d9e082098d5aae1d5995a0ebc74f9c,v3-snapshot-availability,131026edd2e6577a970aea5bfa8233754c166d88d2fe4de67f5614caf7754a71,2026-10-01T06:24:37.763425+00:00,444884,383,Harvey,Elliott,Elliott,14,Liverpool,LIV,Midfielder,u,False,5.4,0.0,0.0,0.0,0.0,0.0,0.0,0.0,0.0,0.0,0.0,0.0,,,,,,45.82958789084491,0.0,5.0,0.0,0.0,0.0,0.0,,0.0,,,,,,,,0.0,0.0,high,1.0,1.0,5,0,0,0.0,0.0,0.0,5-GW avg pts 0.00; mins 0; xGI 0.00; current GWs 5; fixture Elo diff +7,False,False,False,False,False,False,False,False,False,False,False,False,False,False,False,False,False,False,False,False,False,False,False,False,False,False,False,False,False,False,False,False
ad1d46d342d9e082098d5aae1d5995a0ebc74f9c,v3-snapshot-availability,131026edd2e6577a970aea5bfa8233754c166d88d2fe4de67f5614caf7754a71,2026-10-01T06:24:37.763425+00:00,445044,521,Dejan,Kulusevski,Kulusevski,6,Spurs,TOT,Midfielder,i,False,6.5,0.0,0.0,0.0,0.0,0.0,0.0,0.0,0.0,0.0,0.0,0.0,,,,,,,0.0,0.0,0.0,0.0,0.0,0.0,,0.0,,,,,,,,0.0,0.0,high,1.0,1.0,5,0,0,0.0,0.0,0.0,5-GW avg pts 0.00; mins 0; xGI 0.00; current GWs 5; fixture Elo diff -25,False,False,False,False,False,False,False,False,False,False,False,False,False,False,False,False,False,False,False,False,False,False,False,False,False,False,False,False,False,False,False,False
ad1d46d342d9e082098d5aae1d5995a0ebc74f9c,v3-snapshot-availability,131026edd2e6577a970aea5bfa8233754c166d88d2fe4de67f5614caf7754a71,2026-10-01T06:24:37.763425+00:00,449428,283,Matty,Jacob,Jacob,88,Hull City,HUL,Defender,u,False,4.0,0.0,0.0,0.0,0.0,0.0,0.0,0.0,0.0,0.0,0.0,0.0,,,,,,,0.0,0.0,0.0,0.0,0.0,0.0,,0.0,,,,,,,,0.0,0.0,high,1.0,1.0,5,0,0,0.0,0.0,0.0,5-GW avg pts 0.00; mins 0; xGI 0.00; current GWs 5; fixture Elo diff -299,False,False,False,False,False,False,False,False,False,False,False,False,False,False,False,False,False,False,False,False,False,False,False,False,False,False,False,False,False,False,False,False
ad1d46d342d9e082098d5aae1d5995a0ebc74f9c,v3-snapshot-availability,131026edd2e6577a970aea5bfa8233754c166d88d2fe4de67f5614caf7754a71,2026-10-01T06:24:37.763425+00:00,449434,454,Anthony,Elanga,Elanga,4,Newcastle,NEW,Midfielder,i,False,6.1,4.5,0.0,0.0,0.0,0.0,0.0,0.0,0.0,0.0,0.0,0.0,,,,,,22.47542122417824,0.0,9.0,0.0,0.0,0.6,0.6,77.33333333333333,265.0,0.21396226415094335,0.12566037735849056,3.7358490566037736,0.0,,2.0,,0.0,0.0,high,1.0,1.0,5,0,0,0.0,0.0,0.0,5-GW avg pts 3.60; mins 46; xGI 0.15; current GWs 5; fixture Elo diff +37,False,False,False,False,False,False,False,False,False,False,False,False,False,False,False,False,False,False,False,False,False,False,False,False,False,False,False,False,False,False,False,False
ad1d46d342d9e082098d5aae1d5995a0ebc74f9c,v3-snapshot-availability,131026edd2e6577a970aea5bfa8233754c166d88d2fe4de67f5614caf7754a71,2026-10-01T06:24:37.763425+00:00,449871,48,Amadou,Onana,Onana,7,Aston Villa,AVL,Midfielder,i,False,4.9,0.0,0.0,0.0,0.0,0.0,0.0,0.0,0.0,0.0,0.0,0.0,,,,,,,0.0,0.0,0.0,0.0,0.0,0.0,,17.0,,,,,,,,0.0,0.0,high,1.0,1.0,5,0,0,0.0,0.0,0.0,5-GW avg pts 0.00; mins 0; xGI 0.00; current GWs 5; fixture Elo diff +46,False,False,False,False,False,False,False,False,False,False,False,False,False,False,False,False,False,False,False,False,False,False,False,False,False,False,False,False,False,False,False,False
ad1d46d342d9e082098d5aae1d5995a0ebc74f9c,v3-snapshot-availability,131026edd2e6577a970aea5bfa8233754c166d88d2fe4de67f5614caf7754a71,2026-10-01T06:24:37.763425+00:00,450542,219,Jesurun,Rak-Sakyi,J.Rak-Sakyi,31,Crystal Palace,CRY,Midfielder,u,False,4.9,0.0,0.0,0.0,0.0,0.0,0.0,0.0,0.0,0.0,0.0,0.0,,,,,,67.68375455751158,0.0,2.0,0.0,0.0,0.0,0.0,,0.0,,,,,,,,0.0,0.0,high,1.0,1.0,5,0,0,0.0,0.0,0.0,5-GW avg pts 0.00; mins 0; xGI 0.00; current GWs 5; fixture Elo diff -34,False,False,False,False,False,False,False,False,False,False,False,False,False,False,False,False,False,False,False,False,False,False,False,False,False,False,False,False,False,False,False,False
ad1d46d342d9e082098d5aae1d5995a0ebc74f9c,v3-snapshot-availability,131026edd2e6577a970aea5bfa8233754c166d88d2fe4de67f5614caf7754a71,2026-10-01T06:24:37.763425+00:00,451302,413,Altay,Bayındır,Bayindir,1,Man Utd,MUN,Goalkeeper,u,True,4.5,0.0,0.0,0.0,0.0,0.0,0.0,0.0,0.0,0.0,0.0,0.0,,,,,,,0.0,0.0,0.0,0.0,0.0,0.0,,0.0,,,,,,,,0.0,0.0,excluded,0.0,1.0,5,0,0,0.0,0.0,0.0,Excluded in squad.json; projection forced to zero,False,False,False,False,False,False,False,False,False,False,False,False,False,False,False,False,False,False,False,False,False,False,False,False,False,False,False,False,False,False,False,False
ad1d46d342d9e082098d5aae1d5995a0ebc74f9c,v3-snapshot-availability,131026edd2e6577a970aea5bfa8233754c166d88d2fe4de67f5614caf7754a71,2026-10-01T06:24:37.763425+00:00,461199,547,Romaine,Mundle,Mundle,56,Sunderland,SUN,Midfielder,i,False,4.9,0.0,0.0,0.0,0.0,0.0,0.0,0.0,0.0,0.0,0.0,0.0,,,,,,31.725421224178245,0.0,2.0,0.0,0.0,0.2,0.0,1.0,1.0,,,,,,,,0.0,0.0,high,1.0,1.0,5,0,0,0.0,0.0,0.0,5-GW avg pts 0.20; mins 0; xGI 0.03; current GWs 5; fixture Elo diff -65,False,False,False,False,False,False,False,False,False,False,False,False,False,False,False,False,False,False,False,False,False,False,False,False,False,False,False,False,False,False,False,False
ad1d46d342d9e082098d5aae1d5995a0ebc74f9c,v3-snapshot-availability,131026edd2e6577a970aea5bfa8233754c166d88d2fe4de67f5614caf7754a71,2026-10-01T06:24:37.763425+00:00,462387,322,Ali,Al-Hamadi,Al-Hamadi,40,Ipswich Town,IPS,Forward,u,True,5.0,0.0,0.0,0.0,0.0,0.0,0.0,0.0,0.0,0.0,0.0,0.0,,,,,,,0.0,0.0,0.0,0.0,0.0,0.0,,0.0,,,,,,,,0.0,0.0,excluded,0.0,1.0,5,0,0,0.0,0.0,0.0,Excluded in squad.json; projection forced to zero,False,False,False,False,False,False,False,False,False,False,False,False,False,False,False,False,False,False,False,False,False,False,False,False,False,False,False,False,False,False,False,False
ad1d46d342d9e082098d5aae1d5995a0ebc74f9c,v3-snapshot-availability,131026edd2e6577a970aea5bfa8233754c166d88d2fe4de67f5614caf7754a71,2026-10-01T06:24:37.763425+00:00,462424,6,William,Saliba,Saliba,3,Arsenal,ARS,Defender,i,False,5.9,0.2,0.0,0.0,0.0,0.0,0.0,0.0,0.0,0.0,0.0,0.0,,,,,,,0.0,0.0,0.0,0.0,0.0,0.0,,360.0,0.0,0.12249999999999997,6.75,0.0,,,,0.0,0.0,high,1.0,1.0,5,0,0,0.0,0.0,0.0,5-GW avg pts 0.00; mins 0; xGI 0.00; current GWs 5; fixture Elo diff +291,False,False,False,False,False,False,False,False,False,False,False,False,False,False,False,False,False,False,False,False,False,False,False,False,False,False,False,False,False,False,False,False
ad1d46d342d9e082098d5aae1d5995a0ebc74f9c,v3-snapshot-availability,131026edd2e6577a970aea5bfa8233754c166d88d2fe4de67f5614caf7754a71,2026-10-01T06:24:37.763425+00:00,463726,593,Amar,Dedic,Dedić,4,Newcastle,NEW,Defender,i,False,4.5,1.8,0.0,0.0,0.0,0.0,0.0,0.0,0.0,0.0,0.0,0.0,,,,,,16.47542122417824,0.0,6.0,0.0,0.0,0.8,0.6,81.75,327.0,0.03853211009174312,0.022018348623853212,6.605504587155964,0.0,,,3.0,0.0,0.0,high,1.0,1.0,5,0,0,0.0,0.0,0.0,5-GW avg pts 2.60; mins 65; xGI 0.04; current GWs 5; fixture Elo diff +37,False,False,False,False,False,False,False,False,False,False,False,False,False,False,False,False,False,False,False,False,False,False,False,False,False,False,False,False,False,False,False,False
ad1d46d342d9e082098d5aae1d5995a0ebc74f9c,v3-snapshot-availability,131026edd2e6577a970aea5bfa8233754c166d88d2fe4de67f5614caf7754a71,2026-10-01T06:24:37.763425+00:00,465390,177,Kaine,Kesler-Hayden,Kesler-Hayden,9,Coventry City,COV,Defender,i,False,3.9,0.0,0.0,0.0,0.0,0.0,0.0,0.0,0.0,0.0,0.0,0.0,,,,,,,0.0,0.0,0.0,0.0,0.0,0.0,,0.0,,,,,,,,0.0,0.0,high,1.0,1.0,5,0,0,0.0,0.0,0.0,5-GW avg pts 0.00; mins 0; xGI 0.00; current GWs 5; fixture Elo diff -132,False,False,False,False,False,False,False,False,False,False,False,False,False,False,False,False,False,False,False,False,False,False,False,False,False,False,False,False,False,False,False,False
ad1d46d342d9e082098d5aae1d5995a0ebc74f9c,v3-snapshot-availability,131026edd2e6577a970aea5bfa8233754c166d88d2fe4de67f5614caf7754a71,2026-10-01T06:24:37.763425+00:00,465525,291,Eliot,Matazo,Matazo,88,Hull City,HUL,Midfielder,i,False,4.5,0.0,0.0,0.0,0.0,0.0,0.0,0.0,0.0,0.0,0.0,0.0,,,,,,,0.0,0.0,0.0,0.0,0.0,0.0,,0.0,,,,,,,,0.0,0.0,high,1.0,1.0,5,0,0,0.0,0.0,0.0,5-GW avg pts 0.00; mins 0; xGI 0.00; current GWs 5; fixture Elo diff -299,False,False,False,False,False,False,False,False,False,False,False,False,False,False,False,False,False,False,False,False,False,False,False,False,False,False,False,False,False,False,False,False
ad1d46d342d9e082098d5aae1d5995a0ebc74f9c,v3-snapshot-availability,131026edd2e6577a970aea5bfa8233754c166d88d2fe4de67f5614caf7754a71,2026-10-01T06:24:37.763425+00:00,465920,578,Mykhailo,Mudryk,Mudryk,6,Spurs,TOT,Midfielder,i,False,5.3,0.0,0.0,0.0,0.0,0.0,0.0,0.0,0.0,0.0,0.0,0.0,,,,,,25.683754557511577,0.0,4.0,0.0,0.0,0.2,0.0,16.0,16.0,,,,,,,,0.0,0.0,high,1.0,1.0,5,0,0,0.0,0.0,0.0,5-GW avg pts 0.20; mins 3; xGI 0.00; current GWs 5; fixture Elo diff -25,False,False,False,False,False,False,False,False,False,False,False,False,False,False,False,False,False,False,False,False,False,False,False,False,False,False,False,False,False,False,False,False
ad1d46d342d9e082098d5aae1d5995a0ebc74f9c,v3-snapshot-availability,131026edd2e6577a970aea5bfa8233754c166d88d2fe4de67f5614caf7754a71,2026-10-01T06:24:37.763425+00:00,467779,130,Mats,Wieffer,Wieffer,36,Brighton,BHA,Defender,i,False,4.9,0.2,0.0,0.0,0.0,0.0,0.0,0.0,0.0,0.0,0.0,0.0,,,,,,31.725421224178245,0.0,4.0,0.0,0.0,0.4,0.4,78.0,263.0,0.041064638783269956,0.05133079847908746,7.52851711026616,0.0,,,,0.0,0.0,high,1.0,1.0,5,0,0,0.0,0.0,0.0,5-GW avg pts 1.40; mins 31; xGI 0.05; current GWs 5; fixture Elo diff -10,False,False,False,False,False,False,False,False,False,False,False,False,False,False,False,False,False,False,False,False,False,False,False,False,False,False,False,False,False,False,False,False
ad1d46d342d9e082098d5aae1d5995a0ebc74f9c,v3-snapshot-availability,131026edd2e6577a970aea5bfa8233754c166d88d2fe4de67f5614caf7754a71,2026-10-01T06:24:37.763425+00:00,469247,49,Samuel,Iling-Junior,Iling Jr,7,Aston Villa,AVL,Midfielder,u,True,5.0,0.0,0.0,0.0,0.0,0.0,0.0,0.0,0.0,0.0,0.0,0.0,,,,,,,0.0,0.0,0.0,0.0,0.0,0.0,,0.0,,,,,,,,0.0,0.0,excluded,0.0,1.0,5,0,0,0.0,0.0,0.0,Excluded in squad.json; projection forced to zero,False,False,False,False,False,False,False,False,False,False,False,False,False,False,False,False,False,False,False,False,False,False,False,False,False,False,False,False,False,False,False,False
ad1d46d342d9e082098d5aae1d5995a0ebc74f9c,v3-snapshot-availability,131026edd2e6577a970aea5bfa8233754c166d88d2fe4de67f5614caf7754a71,2026-10-01T06:24:37.763425+00:00,470294,297,Darko,Gyabi,Gyabi,88,Hull City,HUL,Midfielder,i,False,4.4,0.0,0.0,0.0,0.0,0.0,0.0,0.0,0.0,0.0,0.0,0.0,,,,,,,0.0,0.0,0.0,0.0,0.0,0.0,,0.0,,,,,,,,0.0,0.0,high,1.0,1.0,5,0,0,0.0,0.0,0.0,5-GW avg pts 0.00; mins 0; xGI 0.00; current GWs 5; fixture Elo diff -299,False,False,False,False,False,False,False,False,False,False,False,False,False,False,False,False,False,False,False,False,False,False,False,False,False,False,False,False,False,False,False,False
ad1d46d342d9e082098d5aae1d5995a0ebc74f9c,v3-snapshot-availability,131026edd2e6577a970aea5bfa8233754c166d88d2fe4de67f5614caf7754a71,2026-10-01T06:24:37.763425+00:00,470313,463,Nick,Woltemade,Woltemade,4,Newcastle,NEW,Forward,u,False,5.9,0.5,0.0,0.0,0.0,0.0,0.0,0.0,0.0,0.0,0.0,0.0,,,,,,32.57958789084491,0.0,5.0,0.0,0.0,0.2,0.0,19.0,245.0,0.08081632653061227,0.25346938775510197,4.408163265306122,0.0,,,,0.0,0.0,high,1.0,1.0,5,0,0,0.0,0.0,0.0,5-GW avg pts 0.80; mins 4; xGI 0.01; current GWs 5; fixture Elo diff +37,False,False,False,False,False,False,False,False,False,False,False,False,False,False,False,False,False,False,False,False,False,False,False,False,False,False,False,False,False,False,False,False
ad1d46d342d9e082098d5aae1d5995a0ebc74f9c,v3-snapshot-availability,131026edd2e6577a970aea5bfa8233754c166d88d2fe4de67f5614caf7754a71,2026-10-01T06:24:37.763425+00:00,476887,485,Dilane,Bakwa,Bakwa,17,Nott'm Forest,NFO,Midfielder,u,True,5.5,0.0,0.0,0.0,0.0,0.0,0.0,0.0,0.0,0.0,0.0,0.0,,,,,,53.517087890844905,0.0,1.0,0.0,0.0,0.0,0.0,,162.0,,,,,,,,0.0,0.0,excluded,0.0,1.0,5,0,0,0.0,0.0,0.0,Excluded in squad.json; projection forced to zero,False,False,False,False,False,False,False,False,False,False,False,False,False,False,False,False,False,False,False,False,False,False,False,False,False,False,False,False,False,False,False,False
ad1d46d342d9e082098d5aae1d5995a0ebc74f9c,v3-snapshot-availability,131026edd2e6577a970aea5bfa8233754c166d88d2fe4de67f5614caf7754a71,2026-10-01T06:24:37.763425+00:00,477547,538,Leo Fuhr,Hjelde,Hjelde,56,Sunderland,SUN,Defender,u,True,4.0,0.0,0.0,0.0,0.0,0.0,0.0,0.0,0.0,0.0,0.0,0.0,,,,,,67.35042122417823,0.0,1.0,0.0,0.0,0.0,0.0,,0.0,,,,,,,,0.0,0.0,excluded,0.0,1.0,5,0,0,0.0,0.0,0.0,Excluded in squad.json; projection forced to zero,False,False,False,False,False,False,False,False,False,False,False,False,False,False,False,False,False,False,False,False,False,False,False,False,False,False,False,False,False,False,False,False
ad1d46d342d9e082098d5aae1d5995a0ebc74f9c,v3-snapshot-availability,131026edd2e6577a970aea5bfa8233754c166d88d2fe4de67f5614caf7754a71,2026-10-01T06:24:37.763425+00:00,482442,518,Pape Matar,Sarr,P.M.Sarr,6,Spurs,TOT,Midfielder,u,False,4.9,0.1,0.0,0.0,0.0,0.0,0.0,0.0,0.0,0.0,0.0,0.0,,,,,,,0.0,0.0,0.0,0.0,0.0,0.0,,39.0,,,,,,,,0.0,0.0,high,1.0,1.0,5,0,0,0.0,0.0,0.0,5-GW avg pts 0.00; mins 0; xGI 0.00; current GWs 5; fixture Elo diff -25,False,False,False,False,False,False,False,False,False,False,False,False,False,False,False,False,False,False,False,False,False,False,False,False,False,False,False,False,False,False,False,False
ad1d46d342d9e082098d5aae1d5995a0ebc74f9c,v3-snapshot-availability,131026edd2e6577a970aea5bfa8233754c166d88d2fe4de67f5614caf7754a71,2026-10-01T06:24:37.763425+00:00,484389,171,Oliver,Dovin,Dovin,9,Coventry City,COV,Goalkeeper,u,False,4.0,1.0,0.0,0.0,0.0,0.0,0.0,0.0,0.0,0.0,0.0,0.0,,,,,,,0.0,0.0,0.0,0.0,0.0,0.0,,0.0,,,,,,,,0.0,0.0,high,1.0,1.0,5,0,0,0.0,0.0,0.0,5-GW avg pts 0.00; mins 0; xGI 0.00; current GWs 5; fixture Elo diff -132,False,False,False,False,False,False,False,False,False,False,False,False,False,False,False,False,False,False,False,False,False,False,False,False,False,False,False,False,False,False,False,False
ad1d46d342d9e082098d5aae1d5995a0ebc74f9c,v3-snapshot-availability,131026edd2e6577a970aea5bfa8233754c166d88d2fe4de67f5614caf7754a71,2026-10-01T06:24:37.763425+00:00,485047,470,Felipe,Rodrigues da Silva,Morato,17,Nott'm Forest,NFO,Defender,u,False,5.0,0.0,0.0,0.0,0.0,0.0,0.0,0.0,0.0,0.0,0.0,0.0,,,,,,15.485837890844907,0.0,2.0,0.0,0.0,0.0,0.0,,400.0,0.11025000000000001,0.015749999999999976,9.45,0.0,,,,0.0,0.0,high,1.0,1.0,5,0,0,0.0,0.0,0.0,5-GW avg pts 0.00; mins 0; xGI 0.00; current GWs 5; fixture Elo diff -41,False,False,False,False,False,False,False,False,False,False,False,False,False,False,False,False,False,False,False,False,False,False,False,False,False,False,False,False,False,False,False,False
ad1d46d342d9e082098d5aae1d5995a0ebc74f9c,v3-snapshot-availability,131026edd2e6577a970aea5bfa8233754c166d88d2fe4de67f5614caf7754a71,2026-10-01T06:24:37.763425+00:00,486385,248,Norberto Bercique,Gomes Betuncal,Beto,11,Everton,EVE,Forward,u,False,5.4,0.6,0.0,0.0,0.0,0.0,0.0,0.0,0.0,0.0,0.0,0.0,,,,,,32.68375455751158,0.0,4.0,0.0,0.0,0.4,0.0,15.5,241.0,0.29502074688796714,0.0037344398340248964,4.1078838174273855,0.0,,,,0.0,0.0,high,1.0,1.0,5,0,0,0.0,0.0,0.0,5-GW avg pts 0.40; mins 6; xGI 0.02; current GWs 5; fixture Elo diff +18,False,False,False,False,False,False,False,False,False,False,False,False,False,False,False,False,False,False,False,False,False,False,False,False,False,False,False,False,False,False,False,False
ad1d46d342d9e082098d5aae1d5995a0ebc74f9c,v3-snapshot-availability,131026edd2e6577a970aea5bfa8233754c166d88d2fe4de67f5614caf7754a71,2026-10-01T06:24:37.763425+00:00,489580,365,Calvin,Ramsay,Ramsay,14,Liverpool,LIV,Defender,u,True,4.0,0.1,0.0,0.0,0.0,0.0,0.0,0.0,0.0,0.0,0.0,0.0,,,,,,45.82958789084491,0.0,5.0,0.0,0.0,0.0,0.0,,0.0,,,,,,,,0.0,0.0,excluded,0.0,1.0,5,0,0,0.0,0.0,0.0,Excluded in squad.json; projection forced to zero,False,False,False,False,False,False,False,False,False,False,False,False,False,False,False,False,False,False,False,False,False,False,False,False,False,False,False,False,False,False,False,False
ad1d46d342d9e082098d5aae1d5995a0ebc74f9c,v3-snapshot-availability,131026edd2e6577a970aea5bfa8233754c166d88d2fe4de67f5614caf7754a71,2026-10-01T06:24:37.763425+00:00,489706,215,Justin,Devenny,Devenny,31,Crystal Palace,CRY,Midfielder,u,False,5.0,0.0,0.0,0.0,0.0,0.0,0.0,0.0,0.0,0.0,0.0,0.0,,,,,,67.68375455751158,0.0,2.0,0.0,0.0,0.0,0.0,,180.0,0.0,0.015000000000000003,11.5,0.0,3.0,,2.0,0.0,0.0,high,1.0,1.0,5,0,0,0.0,0.0,0.0,5-GW avg pts 0.00; mins 0; xGI 0.00; current GWs 5; fixture Elo diff -34,False,False,False,False,False,False,False,False,False,False,False,False,False,False,False,False,False,False,False,False,False,False,False,False,False,False,False,False,False,False,False,False
ad1d46d342d9e082098d5aae1d5995a0ebc74f9c,v3-snapshot-availability,131026edd2e6577a970aea5bfa8233754c166d88d2fe4de67f5614caf7754a71,2026-10-01T06:24:37.763425+00:00,489888,77,Amine,Adli,Adli,91,Bournemouth,BOU,Midfielder,i,False,4.9,0.0,0.0,0.0,0.0,0.0,0.0,0.0,0.0,0.0,0.0,0.0,,,,,,53.475421224178234,0.0,1.0,0.0,0.0,0.0,0.0,,33.0,,,,,,,,0.0,0.0,high,1.0,1.0,5,0,0,0.0,0.0,0.0,5-GW avg pts 0.00; mins 0; xGI 0.00; current GWs 5; fixture Elo diff +88,False,False,False,False,False,False,False,False,False,False,False,False,False,False,False,False,False,False,False,False,False,False,False,False,False,False,False,False,False,False,False,False
ad1d46d342d9e082098d5aae1d5995a0ebc74f9c,v3-snapshot-availability,131026edd2e6577a970aea5bfa8233754c166d88d2fe4de67f5614caf7754a71,2026-10-01T06:24:37.763425+00:00,490145,528,Dane,Scarlett,Scarlett,6,Spurs,TOT,Forward,u,False,4.5,1.1,0.0,0.0,0.0,0.0,0.0,0.0,0.0,0.0,0.0,0.0,,,,,,67.1420878908449,0.0,2.0,0.0,0.0,0.0,0.0,,0.0,,,,,,,,0.0,0.0,high,1.0,1.0,5,0,0,0.0,0.0,0.0,5-GW avg pts 0.00; mins 0; xGI 0.00; current GWs 5; fixture Elo diff -25,False,False,False,False,False,False,False,False,False,False,False,False,False,False,False,False,False,False,False,False,False,False,False,False,False,False,False,False,False,False,False,False
ad1d46d342d9e082098d5aae1d5995a0ebc74f9c,v3-snapshot-availability,131026edd2e6577a970aea5bfa8233754c166d88d2fe4de67f5614caf7754a71,2026-10-01T06:24:37.763425+00:00,490161,293,Abu,Kamara,Kamara,88,Hull City,HUL,Midfielder,u,True,5.0,0.0,0.0,0.0,0.0,0.0,0.0,0.0,0.0,0.0,0.0,0.0,,,,,,,0.0,0.0,0.0,0.0,0.0,0.0,,0.0,,,,,,,,0.0,0.0,excluded,0.0,1.0,5,0,0,0.0,0.0,0.0,Excluded in squad.json; projection forced to zero,False,False,False,False,False,False,False,False,False,False,False,False,False,False,False,False,False,False,False,False,False,False,False,False,False,False,False,False,False,False,False,False
ad1d46d342d9e082098d5aae1d5995a0ebc74f9c,v3-snapshot-availability,131026edd2e6577a970aea5bfa8233754c166d88d2fe4de67f5614caf7754a71,2026-10-01T06:24:37.763425+00:00,490881,436,Toby,Collyer,Collyer,1,Man Utd,MUN,Midfielder,u,True,5.0,0.0,0.0,0.0,0.0,0.0,0.0,0.0,0.0,0.0,0.0,0.0,,,,,,49.49625455751157,0.0,3.0,0.0,0.0,0.0,0.0,,0.0,,,,,,,,0.0,0.0,excluded,0.0,1.0,5,0,0,0.0,0.0,0.0,Excluded in squad.json; projection forced to zero,False,False,False,False,False,False,False,False,False,False,False,False,False,False,False,False,False,False,False,False,False,False,False,False,False,False,False,False,False,False,False,False
ad1d46d342d9e082098d5aae1d5995a0ebc74f9c,v3-snapshot-availability,131026edd2e6577a970aea5bfa8233754c166d88d2fe4de67f5614caf7754a71,2026-10-01T06:24:37.763425+00:00,491007,163,Dário,Luís Essugo,D.Essugo,8,Chelsea,CHE,Midfielder,u,False,4.5,0.1,0.0,0.0,0.0,0.0,0.0,0.0,0.0,0.0,0.0,0.0,,,,,,52.767087890844905,0.0,2.0,0.0,0.0,0.0,0.0,,1.0,,,,,,,,0.0,0.0,high,1.0,1.0,5,0,0,0.0,0.0,0.0,5-GW avg pts 0.00; mins 0; xGI 0.00; current GWs 5; fixture Elo diff +10,False,False,False,False,False,False,False,False,False,False,False,False,False,False,False,False,False,False,False,False,False,False,False,False,False,False,False,False,False,False,False,False
ad1d46d342d9e082098d5aae1d5995a0ebc74f9c,v3-snapshot-availability,131026edd2e6577a970aea5bfa8233754c166d88d2fe4de67f5614caf7754a71,2026-10-01T06:24:37.763425+00:00,492498,191,Raphael,Borges Rodrigues,Borges Rodrigues,9,Coventry City,COV,Midfielder,u,False,4.5,0.1,0.0,0.0,0.0,0.0,0.0,0.0,0.0,0.0,0.0,0.0,,,,,,,0.0,0.0,0.0,0.0,0.0,0.0,,0.0,,,,,,,,0.0,0.0,high,1.0,1.0,5,0,0,0.0,0.0,0.0,5-GW avg pts 0.00; mins 0; xGI 0.00; current GWs 5; fixture Elo diff -132,False,False,False,False,False,False,False,False,False,False,False,False,False,False,False,False,False,False,False,False,False,False,False,False,False,False,False,False,False,False,False,False
ad1d46d342d9e082098d5aae1d5995a0ebc74f9c,v3-snapshot-availability,131026edd2e6577a970aea5bfa8233754c166d88d2fe4de67f5614caf7754a71,2026-10-01T06:24:37.763425+00:00,492777,360,Conor,Bradley,Bradley,14,Liverpool,LIV,Defender,i,False,5.0,0.0,0.0,0.0,0.0,0.0,0.0,0.0,0.0,0.0,0.0,0.0,,,,,,,0.0,0.0,0.0,0.0,0.0,0.0,,0.0,,,,,,,,0.0,0.0,high,1.0,1.0,5,0,0,0.0,0.0,0.0,5-GW avg pts 0.00; mins 0; xGI 0.00; current GWs 5; fixture Elo diff +7,False,False,False,False,False,False,False,False,False,False,False,False,False,False,False,False,False,False,False,False,False,False,False,False,False,False,False,False,False,False,False,False
ad1d46d342d9e082098d5aae1d5995a0ebc74f9c,v3-snapshot-availability,131026edd2e6577a970aea5bfa8233754c166d88d2fe4de67f5614caf7754a71,2026-10-01T06:24:37.763425+00:00,492859,341,Wilfried,Gnonto,Gnonto,2,Leeds,LEE,Midfielder,u,False,5.0,0.0,0.0,0.0,0.0,0.0,0.0,0.0,0.0,0.0,0.0,0.0,,,,,,49.49625455751157,0.0,3.0,0.0,0.0,0.0,0.0,,79.0,,,,,,,,0.0,0.0,high,1.0,1.0,5,0,0,0.0,0.0,0.0,5-GW avg pts 0.00; mins 0; xGI 0.00; current GWs 5; fixture Elo diff -76,False,False,False,False,False,False,False,False,False,False,False,False,False,False,False,False,False,False,False,False,False,False,False,False,False,False,False,False,False,False,False,False
ad1d46d342d9e082098d5aae1d5995a0ebc74f9c,v3-snapshot-availability,131026edd2e6577a970aea5bfa8233754c166d88d2fe4de67f5614caf7754a71,2026-10-01T06:24:37.763425+00:00,493250,431,Amad,Diallo,Amad,1,Man Utd,MUN,Midfielder,i,False,5.7,0.3,0.0,0.0,0.0,0.0,0.0,0.0,0.0,0.0,0.0,0.0,,,,,,46.65250455751158,0.0,4.0,0.0,0.0,0.0,0.0,,344.0,0.21976744186046515,0.3191860465116279,5.755813953488372,0.0,,4.0,,0.0,0.0,high,1.0,1.0,5,0,0,0.0,0.0,0.0,5-GW avg pts 0.00; mins 0; xGI 0.00; current GWs 5; fixture Elo diff +76,False,False,False,False,False,False,False,False,False,False,False,False,False,False,False,False,False,False,False,False,False,False,False,False,False,False,False,False,False,False,False,False
ad1d46d342d9e082098d5aae1d5995a0ebc74f9c,v3-snapshot-availability,131026edd2e6577a970aea5bfa8233754c166d88d2fe4de67f5614caf7754a71,2026-10-01T06:24:37.763425+00:00,493362,513,Xavi,Simons,Xavi,6,Spurs,TOT,Midfielder,i,False,5.9,0.0,0.0,0.0,0.0,0.0,0.0,0.0,0.0,0.0,0.0,0.0,,,,,,,0.0,0.0,0.0,0.0,0.0,0.0,,62.0,,,,,4.0,,2.0,0.0,0.0,high,1.0,1.0,5,0,0,0.0,0.0,0.0,5-GW avg pts 0.00; mins 0; xGI 0.00; current GWs 5; fixture Elo diff -25,False,False,False,False,False,False,False,False,False,False,False,False,False,False,False,False,False,False,False,False,False,False,False,False,False,False,False,False,False,False,False,False
ad1d46d342d9e082098d5aae1d5995a0ebc74f9c,v3-snapshot-availability,131026edd2e6577a970aea5bfa8233754c166d88d2fe4de67f5614caf7754a71,2026-10-01T06:24:37.763425+00:00,494307,394,Max,Alleyne,Alleyne,43,Man City,MCI,Defender,u,True,5.0,0.0,0.0,0.0,0.0,0.0,0.0,0.0,0.0,0.0,0.0,0.0,,,,,,60.787921224178234,0.0,1.0,0.0,0.0,0.0,0.0,,0.0,,,,,,,,0.0,0.0,excluded,0.0,1.0,5,0,0,0.0,0.0,0.0,Excluded in squad.json; projection forced to zero,False,False,False,False,False,False,False,False,False,False,False,False,False,False,False,False,False,False,False,False,False,False,False,False,False,False,False,False,False,False,False,False
ad1d46d342d9e082098d5aae1d5995a0ebc74f9c,v3-snapshot-availability,131026edd2e6577a970aea5bfa8233754c166d88d2fe4de67f5614caf7754a71,2026-10-01T06:24:37.763425+00:00,494950,275,Harvey,Cartwright,Cartwright,88,Hull City,HUL,Goalkeeper,u,True,4.0,0.0,0.0,0.0,0.0,0.0,0.0,0.0,0.0,0.0,0.0,0.0,,,,,,,0.0,0.0,0.0,0.0,0.0,0.0,,0.0,,,,,,,,0.0,0.0,excluded,0.0,1.0,5,0,0,0.0,0.0,0.0,Excluded in squad.json; projection forced to zero,False,False,False,False,False,False,False,False,False,False,False,False,False,False,False,False,False,False,False,False,False,False,False,False,False,False,False,False,False,False,False,False
ad1d46d342d9e082098d5aae1d5995a0ebc74f9c,v3-snapshot-availability,131026edd2e6577a970aea5bfa8233754c166d88d2fe4de67f5614caf7754a71,2026-10-01T06:24:37.763425+00:00,499175,22,Ethan,Nwaneri,Nwaneri,3,Arsenal,ARS,Midfielder,u,False,5.4,0.0,0.0,0.0,0.0,0.0,0.0,0.0,0.0,0.0,0.0,0.0,,,,,,49.49625455751157,0.0,4.0,0.0,0.0,0.0,0.0,,0.0,,,,,,,,0.0,0.0,high,1.0,1.0,5,0,0,0.0,0.0,0.0,5-GW avg pts 0.00; mins 0; xGI 0.00; current GWs 5; fixture Elo diff +291,False,False,False,False,False,False,False,False,False,False,False,False,False,False,False,False,False,False,False,False,False,False,False,False,False,False,False,False,False,False,False,False
ad1d46d342d9e082098d5aae1d5995a0ebc74f9c,v3-snapshot-availability,131026edd2e6577a970aea5bfa8233754c166d88d2fe4de67f5614caf7754a71,2026-10-01T06:24:37.763425+00:00,499300,235,Adam,Aznou,Aznou,11,Everton,EVE,Defender,u,False,4.0,0.1,0.0,0.0,0.0,0.0,0.0,0.0,0.0,0.0,0.0,0.0,,,,,,35.47542122417824,0.0,3.0,0.0,0.0,0.0,0.0,,0.0,,,,,,,,0.0,0.0,high,1.0,1.0,5,0,0,0.0,0.0,0.0,5-GW avg pts 0.00; mins 0; xGI 0.00; current GWs 5; fixture Elo diff +18,False,False,False,False,False,False,False,False,False,False,False,False,False,False,False,False,False,False,False,False,False,False,False,False,False,False,False,False,False,False,False,False
ad1d46d342d9e082098d5aae1d5995a0ebc74f9c,v3-snapshot-availability,131026edd2e6577a970aea5bfa8233754c166d88d2fe4de67f5614caf7754a71,2026-10-01T06:24:37.763425+00:00,499309,168,Marc,Guiu Paz,Marc Guiu,8,Chelsea,CHE,Forward,u,False,5.0,0.2,0.0,0.0,0.0,0.0,0.0,0.0,0.0,0.0,0.0,0.0,,,,,,,0.0,0.0,0.0,0.0,0.0,0.0,,0.0,,,,,,,,0.0,0.0,high,1.0,1.0,5,0,0,0.0,0.0,0.0,5-GW avg pts 0.00; mins 0; xGI 0.00; current GWs 5; fixture Elo diff +10,False,False,False,False,False,False,False,False,False,False,False,False,False,False,False,False,False,False,False,False,False,False,False,False,False,False,False,False,False,False,False,False
ad1d46d342d9e082098d5aae1d5995a0ebc74f9c,v3-snapshot-availability,131026edd2e6577a970aea5bfa8233754c166d88d2fe4de67f5614caf7754a71,2026-10-01T06:24:37.763425+00:00,499721,523,Mikey,Moore,Moore,6,Spurs,TOT,Midfielder,u,False,5.0,0.1,0.0,0.0,0.0,0.0,0.0,0.0,0.0,0.0,0.0,0.0,,,,,,32.57958789084491,0.0,6.0,0.0,0.0,0.4,0.2,44.5,89.0,,,,,,,,0.0,0.0,high,1.0,1.0,5,0,0,0.0,0.0,0.0,5-GW avg pts 0.60; mins 18; xGI 0.08; current GWs 5; fixture Elo diff -25,False,False,False,False,False,False,False,False,False,False,False,False,False,False,False,False,False,False,False,False,False,False,False,False,False,False,False,False,False,False,False,False
ad1d46d342d9e082098d5aae1d5995a0ebc74f9c,v3-snapshot-availability,131026edd2e6577a970aea5bfa8233754c166d88d2fe4de67f5614caf7754a71,2026-10-01T06:24:37.763425+00:00,500151,475,Nicolò,Savona,Savona,17,Nott'm Forest,NFO,Defender,i,False,4.5,0.0,0.0,0.0,0.0,0.0,0.0,0.0,0.0,0.0,0.0,0.0,,,,,,,0.0,0.0,0.0,0.0,0.0,0.0,,0.0,,,,,,,,0.0,0.0,high,1.0,1.0,5,0,0,0.0,0.0,0.0,5-GW avg pts 0.00; mins 0; xGI 0.00; current GWs 5; fixture Elo diff -41,False,False,False,False,False,False,False,False,False,False,False,False,False,False,False,False,False,False,False,False,False,False,False,False,False,False,False,False,False,False,False,False
ad1d46d342d9e082098d5aae1d5995a0ebc74f9c,v3-snapshot-availability,131026edd2e6577a970aea5bfa8233754c166d88d2fe4de67f5614caf7754a71,2026-10-01T06:24:37.763425+00:00,500957,298,Enis,Destan,Destan,88,Hull City,HUL,Forward,u,True,4.5,0.2,0.0,0.0,0.0,0.0,0.0,0.0,0.0,0.0,0.0,0.0,,,,,,,0.0,0.0,0.0,0.0,0.0,0.0,,0.0,,,,,,,,0.0,0.0,excluded,0.0,1.0,5,0,0,0.0,0.0,0.0,Excluded in squad.json; projection forced to zero,False,False,False,False,False,False,False,False,False,False,False,False,False,False,False,False,False,False,False,False,False,False,False,False,False,False,False,False,False,False,False,False
ad1d46d342d9e082098d5aae1d5995a0ebc74f9c,v3-snapshot-availability,131026edd2e6577a970aea5bfa8233754c166d88d2fe4de67f5614caf7754a71,2026-10-01T06:24:37.763425+00:00,501902,278,Charlie,Hughes,Hughes,88,Hull City,HUL,Defender,i,False,3.9,0.2,0.0,0.0,0.0,0.0,0.0,0.0,0.0,0.0,0.0,0.0,,,,,,,0.0,0.0,0.0,0.0,0.0,0.0,,0.0,,,,,,,,0.0,0.0,high,1.0,1.0,5,0,0,0.0,0.0,0.0,5-GW avg pts 0.00; mins 0; xGI 0.00; current GWs 5; fixture Elo diff -299,False,False,False,False,False,False,False,False,False,False,False,False,False,False,False,False,False,False,False,False,False,False,False,False,False,False,False,False,False,False,False,False
ad1d46d342d9e082098d5aae1d5995a0ebc74f9c,v3-snapshot-availability,131026edd2e6577a970aea5bfa8233754c166d88d2fe4de67f5614caf7754a71,2026-10-01T06:24:37.763425+00:00,503301,484,Omari,Hutchinson,Hutchinson,17,Nott'm Forest,NFO,Midfielder,u,False,5.4,0.1,0.0,0.0,0.0,0.0,0.0,0.0,0.0,0.0,0.0,0.0,,,,,,36.47542122417824,0.0,1.0,0.0,0.0,0.0,0.0,,248.0,0.054435483870967596,0.26854838709677414,6.895161290322581,0.0,,,,0.0,0.0,high,1.0,1.0,5,0,0,0.0,0.0,0.0,5-GW avg pts 0.00; mins 0; xGI 0.00; current GWs 5; fixture Elo diff -41,False,False,False,False,False,False,False,False,False,False,False,False,False,False,False,False,False,False,False,False,False,False,False,False,False,False,False,False,False,False,False,False
ad1d46d342d9e082098d5aae1d5995a0ebc74f9c,v3-snapshot-availability,131026edd2e6577a970aea5bfa8233754c166d88d2fe4de67f5614caf7754a71,2026-10-01T06:24:37.763425+00:00,505079,252,Alfie,McNally,McNally,54,Fulham,FUL,Goalkeeper,u,False,4.0,0.1,0.0,0.0,0.0,0.0,0.0,0.0,0.0,0.0,0.0,0.0,,,,,,,0.0,0.0,0.0,0.0,0.0,0.0,,0.0,,,,,,,,0.0,0.0,high,1.0,1.0,5,0,0,0.0,0.0,0.0,5-GW avg pts 0.00; mins 0; xGI 0.00; current GWs 5; fixture Elo diff +95,False,False,False,False,False,False,False,False,False,False,False,False,False,False,False,False,False,False,False,False,False,False,False,False,False,False,False,False,False,False,False,False
ad1d46d342d9e082098d5aae1d5995a0ebc74f9c,v3-snapshot-availability,131026edd2e6577a970aea5bfa8233754c166d88d2fe4de67f5614caf7754a71,2026-10-01T06:24:37.763425+00:00,508479,141,Filip,Jörgensen,Jörgensen,8,Chelsea,CHE,Goalkeeper,u,True,5.0,0.0,0.0,0.0,0.0,0.0,0.0,0.0,0.0,0.0,0.0,0.0,,,,,,,0.0,0.0,0.0,0.0,0.0,0.0,,114.0,,,,,,,,0.0,0.0,excluded,0.0,1.0,5,0,0,0.0,0.0,0.0,Excluded in squad.json; projection forced to zero,False,False,False,False,False,False,False,False,False,False,False,False,False,False,False,False,False,False,False,False,False,False,False,False,False,False,False,False,False,False,False,False
ad1d46d342d9e082098d5aae1d5995a0ebc74f9c,v3-snapshot-availability,131026edd2e6577a970aea5bfa8233754c166d88d2fe4de67f5614caf7754a71,2026-10-01T06:24:37.763425+00:00,510663,380,Hugo,Ekitiké,Ekitiké,14,Liverpool,LIV,Forward,i,False,7.4,0.1,0.0,0.0,0.0,0.0,0.0,0.0,0.0,0.0,0.0,0.0,,,,,,,0.0,0.0,0.0,0.0,0.0,0.0,,0.0,,,,,,,,0.0,0.0,high,1.0,1.0,5,0,0,0.0,0.0,0.0,5-GW avg pts 0.00; mins 0; xGI 0.00; current GWs 5; fixture Elo diff +7,False,False,False,False,False,False,False,False,False,False,False,False,False,False,False,False,False,False,False,False,False,False,False,False,False,False,False,False,False,False,False,False
ad1d46d342d9e082098d5aae1d5995a0ebc74f9c,v3-snapshot-availability,131026edd2e6577a970aea5bfa8233754c166d88d2fe4de67f5614caf7754a71,2026-10-01T06:24:37.763425+00:00,515621,206,Chadi,Riad Dnanou,Chadi Riad,31,Crystal Palace,CRY,Defender,i,False,4.3,0.0,0.0,0.0,0.0,0.0,0.0,0.0,0.0,0.0,0.0,0.0,,,,,,39.68375455751158,0.0,2.0,0.0,0.0,0.2,0.2,72.0,310.0,0.06387096774193546,0.026129032258064514,9.870967741935484,0.0,,,,0.0,0.0,high,1.0,1.0,5,0,0,0.0,0.0,0.0,5-GW avg pts 0.20; mins 14; xGI 0.00; current GWs 5; fixture Elo diff -34,False,False,False,False,False,False,False,False,False,False,False,False,False,False,False,False,False,False,False,False,False,False,False,False,False,False,False,False,False,False,False,False
ad1d46d342d9e082098d5aae1d5995a0ebc74f9c,v3-snapshot-availability,131026edd2e6577a970aea5bfa8233754c166d88d2fe4de67f5614caf7754a71,2026-10-01T06:24:37.763425+00:00,519324,624,Amario,Cozier-Duberry,Cozier-Duberry,36,Brighton,BHA,Midfielder,u,False,5.0,0.0,0.0,0.0,0.0,0.0,0.0,0.0,0.0,0.0,0.0,0.0,,,,,,,0.0,0.0,0.0,0.0,0.0,0.0,,0.0,,,,,,,,0.0,0.0,high,0.8,0.8,4,0,0,0.0,0.0,0.0,5-GW avg pts 0.00; mins 0; xGI 0.00; current GWs 4; fixture Elo diff -10,False,False,False,False,False,False,False,False,False,False,False,False,False,False,False,False,False,False,False,False,False,False,False,False,False,False,False,False,False,False,False,False
ad1d46d342d9e082098d5aae1d5995a0ebc74f9c,v3-snapshot-availability,131026edd2e6577a970aea5bfa8233754c166d88d2fe4de67f5614caf7754a71,2026-10-01T06:24:37.763425+00:00,519634,537,Jenson,Seelt,Seelt,56,Sunderland,SUN,Defender,u,True,4.5,0.0,0.0,0.0,0.0,0.0,0.0,0.0,0.0,0.0,0.0,0.0,,,,,,67.35042122417823,0.0,1.0,0.0,0.0,0.0,0.0,,0.0,,,,,,,,0.0,0.0,excluded,0.0,1.0,5,0,0,0.0,0.0,0.0,Excluded in squad.json; projection forced to zero,False,False,False,False,False,False,False,False,False,False,False,False,False,False,False,False,False,False,False,False,False,False,False,False,False,False,False,False,False,False,False,False
ad1d46d342d9e082098d5aae1d5995a0ebc74f9c,v3-snapshot-availability,131026edd2e6577a970aea5bfa8233754c166d88d2fe4de67f5614caf7754a71,2026-10-01T06:24:37.763425+00:00,524180,602,Cameron,Humphreys,Humphreys,40,Ipswich Town,IPS,Midfielder,u,False,4.5,0.0,0.0,0.0,0.0,0.0,0.0,0.0,0.0,0.0,0.0,0.0,,,,,,36.48583789084491,0.0,1.0,0.0,0.0,0.0,0.0,,0.0,,,,,,,,0.0,0.0,high,1.0,1.0,5,0,0,0.0,0.0,0.0,5-GW avg pts 0.00; mins 0; xGI 0.00; current GWs 5; fixture Elo diff -162,False,False,False,False,False,False,False,False,False,False,False,False,False,False,False,False,False,False,False,False,False,False,False,False,False,False,False,False,False,False,False,False
ad1d46d342d9e082098d5aae1d5995a0ebc74f9c,v3-snapshot-availability,131026edd2e6577a970aea5bfa8233754c166d88d2fe4de67f5614caf7754a71,2026-10-01T06:24:37.763425+00:00,534392,299,Mason,Burstow,Burstow,88,Hull City,HUL,Forward,u,True,4.5,0.0,0.0,0.0,0.0,0.0,0.0,0.0,0.0,0.0,0.0,0.0,,,,,,,0.0,0.0,0.0,0.0,0.0,0.0,,0.0,,,,,,,,0.0,0.0,excluded,0.0,1.0,5,0,0,0.0,0.0,0.0,Excluded in squad.json; projection forced to zero,False,False,False,False,False,False,False,False,False,False,False,False,False,False,False,False,False,False,False,False,False,False,False,False,False,False,False,False,False,False,False,False
ad1d46d342d9e082098d5aae1d5995a0ebc74f9c,v3-snapshot-availability,131026edd2e6577a970aea5bfa8233754c166d88d2fe4de67f5614caf7754a71,2026-10-01T06:24:37.763425+00:00,535818,546,Simon,Adingra,Adingra,56,Sunderland,SUN,Midfielder,u,False,4.9,0.0,0.0,0.0,0.0,0.0,0.0,0.0,0.0,0.0,0.0,0.0,,,,,,,0.0,0.0,0.0,0.0,0.0,0.0,,0.0,,,,,,,,0.0,0.0,high,1.0,1.0,5,0,0,0.0,0.0,0.0,5-GW avg pts 0.00; mins 0; xGI 0.00; current GWs 5; fixture Elo diff -65,False,False,False,False,False,False,False,False,False,False,False,False,False,False,False,False,False,False,False,False,False,False,False,False,False,False,False,False,False,False,False,False
ad1d46d342d9e082098d5aae1d5995a0ebc74f9c,v3-snapshot-availability,131026edd2e6577a970aea5bfa8233754c166d88d2fe4de67f5614caf7754a71,2026-10-01T06:24:37.763425+00:00,535928,376,Stefan,Bajčetić Maquieira,Bajcetic,14,Liverpool,LIV,Midfielder,u,False,5.0,0.0,0.0,0.0,0.0,0.0,0.0,0.0,0.0,0.0,0.0,0.0,,,,,,,0.0,0.0,0.0,0.0,0.0,0.0,,0.0,,,,,,,,0.0,0.0,high,1.0,1.0,5,0,0,0.0,0.0,0.0,5-GW avg pts 0.00; mins 0; xGI 0.00; current GWs 5; fixture Elo diff +7,False,False,False,False,False,False,False,False,False,False,False,False,False,False,False,False,False,False,False,False,False,False,False,False,False,False,False,False,False,False,False,False
ad1d46d342d9e082098d5aae1d5995a0ebc74f9c,v3-snapshot-availability,131026edd2e6577a970aea5bfa8233754c166d88d2fe4de67f5614caf7754a71,2026-10-01T06:24:37.763425+00:00,536694,217,Matheus,França de Oliveira,M.França,31,Crystal Palace,CRY,Midfielder,u,False,4.9,0.0,0.0,0.0,0.0,0.0,0.0,0.0,0.0,0.0,0.0,0.0,,,,,,46.76708789084491,0.0,3.0,0.0,0.0,0.0,0.0,,0.0,,,,,,,,0.0,0.0,high,1.0,1.0,5,0,0,0.0,0.0,0.0,5-GW avg pts 0.00; mins 0; xGI 0.00; current GWs 5; fixture Elo diff -34,False,False,False,False,False,False,False,False,False,False,False,False,False,False,False,False,False,False,False,False,False,False,False,False,False,False,False,False,False,False,False,False
ad1d46d342d9e082098d5aae1d5995a0ebc74f9c,v3-snapshot-availability,131026edd2e6577a970aea5bfa8233754c166d88d2fe4de67f5614caf7754a71,2026-10-01T06:24:37.763425+00:00,536916,128,Facundo,Buonanotte,Buonanotte,36,Brighton,BHA,Midfielder,u,True,5.0,0.0,0.0,0.0,0.0,0.0,0.0,0.0,0.0,0.0,0.0,0.0,,,,,,,0.0,0.0,0.0,0.0,0.0,0.0,,12.0,,,,,,,,0.0,0.0,excluded,0.0,1.0,5,0,0,0.0,0.0,0.0,Excluded in squad.json; projection forced to zero,False,False,False,False,False,False,False,False,False,False,False,False,False,False,False,False,False,False,False,False,False,False,False,False,False,False,False,False,False,False,False,False
ad1d46d342d9e082098d5aae1d5995a0ebc74f9c,v3-snapshot-availability,131026edd2e6577a970aea5bfa8233754c166d88d2fe4de67f5614caf7754a71,2026-10-01T06:24:37.763425+00:00,538207,465,William,Osula,Osula,4,Newcastle,NEW,Forward,i,False,5.8,0.3,0.0,0.0,0.0,0.0,0.0,0.0,0.0,0.0,0.0,0.0,,,,,,38.62125455751158,0.0,4.0,0.0,0.0,0.2,0.0,55.0,406.0,0.5142857142857143,0.1463054187192118,2.8817733990147785,0.0,1.0,,4.0,0.0,0.0,high,1.0,1.0,5,0,0,0.0,0.0,0.0,5-GW avg pts 0.80; mins 11; xGI 0.04; current GWs 5; fixture Elo diff +37,False,False,False,False,False,False,False,False,False,False,False,False,False,False,False,False,False,False,False,False,False,False,False,False,False,False,False,False,False,False,False,False
ad1d46d342d9e082098d5aae1d5995a0ebc74f9c,v3-snapshot-availability,131026edd2e6577a970aea5bfa8233754c166d88d2fe4de67f5614caf7754a71,2026-10-01T06:24:37.763425+00:00,538638,479,Tyler,Bindon,Bindon,17,Nott'm Forest,NFO,Defender,u,False,4.0,0.1,0.0,0.0,0.0,0.0,0.0,0.0,0.0,0.0,0.0,0.0,,,,,,,0.0,0.0,0.0,0.0,0.0,0.0,,0.0,,,,,,,,0.0,0.0,high,1.0,1.0,5,0,0,0.0,0.0,0.0,5-GW avg pts 0.00; mins 0; xGI 0.00; current GWs 5; fixture Elo diff -41,False,False,False,False,False,False,False,False,False,False,False,False,False,False,False,False,False,False,False,False,False,False,False,False,False,False,False,False,False,False,False,False
ad1d46d342d9e082098d5aae1d5995a0ebc74f9c,v3-snapshot-availability,131026edd2e6577a970aea5bfa8233754c166d88d2fe4de67f5614caf7754a71,2026-10-01T06:24:37.763425+00:00,539142,182,Aurèle,Amenda,Amenda,9,Coventry City,COV,Defender,i,False,4.0,0.6,0.0,0.0,0.0,0.0,0.0,0.0,0.0,0.0,0.0,0.0,,,,,,14.47542122417824,0.0,7.0,0.0,0.0,0.8,0.8,90.0,360.0,0.005,0.0975,6.0,0.0,,,,0.0,0.0,high,1.0,1.0,5,0,0,0.0,0.0,0.0,5-GW avg pts 0.80; mins 72; xGI 0.08; current GWs 5; fixture Elo diff -132,False,False,False,False,False,False,False,False,False,False,False,False,False,False,False,False,False,False,False,False,False,False,False,False,False,False,False,False,False,False,False,False
ad1d46d342d9e082098d5aae1d5995a0ebc74f9c,v3-snapshot-availability,131026edd2e6577a970aea5bfa8233754c166d88d2fe4de67f5614caf7754a71,2026-10-01T06:24:37.763425+00:00,543295,99,Antoni,Milambo,Milambo,94,Brentford,BRE,Midfielder,i,False,5.0,0.0,0.0,0.0,0.0,0.0,0.0,0.0,0.0,0.0,0.0,0.0,,,,,,,0.0,0.0,0.0,0.0,0.0,0.0,,0.0,,,,,,,,0.0,0.0,high,1.0,1.0,5,0,0,0.0,0.0,0.0,5-GW avg pts 0.00; mins 0; xGI 0.00; current GWs 5; fixture Elo diff +31,False,False,False,False,False,False,False,False,False,False,False,False,False,False,False,False,False,False,False,False,False,False,False,False,False,False,False,False,False,False,False,False
ad1d46d342d9e082098d5aae1d5995a0ebc74f9c,v3-snapshot-availability,131026edd2e6577a970aea5bfa8233754c166d88d2fe4de67f5614caf7754a71,2026-10-01T06:24:37.763425+00:00,545477,451,Alex,Murphy,A.Murphy,4,Newcastle,NEW,Defender,u,True,4.0,0.1,0.0,0.0,0.0,0.0,0.0,0.0,0.0,0.0,0.0,0.0,,,,,,63.49625455751157,0.0,2.0,0.0,0.0,0.0,0.0,,6.0,,,,,,,,0.0,0.0,excluded,0.0,1.0,5,0,0,0.0,0.0,0.0,Excluded in squad.json; projection forced to zero,False,False,False,False,False,False,False,False,False,False,False,False,False,False,False,False,False,False,False,False,False,False,False,False,False,False,False,False,False,False,False,False
ad1d46d342d9e082098d5aae1d5995a0ebc74f9c,v3-snapshot-availability,131026edd2e6577a970aea5bfa8233754c166d88d2fe4de67f5614caf7754a71,2026-10-01T06:24:37.763425+00:00,546600,554,Kayne,van Oevelen,Van Oevelen,40,Ipswich Town,IPS,Goalkeeper,u,True,4.5,0.0,0.0,0.0,0.0,0.0,0.0,0.0,0.0,0.0,0.0,0.0,,,,,,53.68375455751157,0.0,2.0,0.0,0.0,0.0,0.0,,0.0,,,,,,,,0.0,0.0,excluded,0.0,1.0,5,0,0,0.0,0.0,0.0,Excluded in squad.json; projection forced to zero,False,False,False,False,False,False,False,False,False,False,False,False,False,False,False,False,False,False,False,False,False,False,False,False,False,False,False,False,False,False,False,False
ad1d46d342d9e082098d5aae1d5995a0ebc74f9c,v3-snapshot-availability,131026edd2e6577a970aea5bfa8233754c166d88d2fe4de67f5614caf7754a71,2026-10-01T06:24:37.763425+00:00,547027,543,Habib,Diarra,Diarra,56,Sunderland,SUN,Midfielder,i,False,5.3,0.0,0.0,0.0,0.0,0.0,0.0,0.0,0.0,0.0,0.0,0.0,,,,,,31.725421224178245,0.0,2.0,0.0,0.0,0.4,0.0,14.0,152.0,,,,,1.0,,,0.0,0.0,high,1.0,1.0,5,0,0,0.0,0.0,0.0,5-GW avg pts 1.00; mins 6; xGI 0.04; current GWs 5; fixture Elo diff -65,False,False,False,False,False,False,False,False,False,False,False,False,False,False,False,False,False,False,False,False,False,False,False,False,False,False,False,False,False,False,False,False
ad1d46d342d9e082098d5aae1d5995a0ebc74f9c,v3-snapshot-availability,131026edd2e6577a970aea5bfa8233754c166d88d2fe4de67f5614caf7754a71,2026-10-01T06:24:37.763425+00:00,547676,425,Tyler,Fredricson,Fredricson,1,Man Utd,MUN,Defender,u,True,4.0,0.0,0.0,0.0,0.0,0.0,0.0,0.0,0.0,0.0,0.0,0.0,,,,,,,0.0,0.0,0.0,0.0,0.0,0.0,,0.0,,,,,,,,0.0,0.0,excluded,0.0,1.0,5,0,0,0.0,0.0,0.0,Excluded in squad.json; projection forced to zero,False,False,False,False,False,False,False,False,False,False,False,False,False,False,False,False,False,False,False,False,False,False,False,False,False,False,False,False,False,False,False,False
ad1d46d342d9e082098d5aae1d5995a0ebc74f9c,v3-snapshot-availability,131026edd2e6577a970aea5bfa8233754c166d88d2fe4de67f5614caf7754a71,2026-10-01T06:24:37.763425+00:00,547686,610,Luc,De Fougerolles,De Fougerolles,54,Fulham,FUL,Defender,u,False,4.0,0.1,0.0,0.0,0.0,0.0,0.0,0.0,0.0,0.0,0.0,0.0,,,,,,34.47542122417824,0.0,1.0,0.0,0.0,0.0,0.0,,0.0,,,,,,,,0.0,0.0,high,1.0,1.0,5,0,0,0.0,0.0,0.0,5-GW avg pts 0.00; mins 0; xGI 0.00; current GWs 5; fixture Elo diff +95,False,False,False,False,False,False,False,False,False,False,False,False,False,False,False,False,False,False,False,False,False,False,False,False,False,False,False,False,False,False,False,False
ad1d46d342d9e082098d5aae1d5995a0ebc74f9c,v3-snapshot-availability,131026edd2e6577a970aea5bfa8233754c166d88d2fe4de67f5614caf7754a71,2026-10-01T06:24:37.763425+00:00,548308,507,Ashley,Phillips,Phillips,6,Spurs,TOT,Defender,u,True,4.5,0.0,0.0,0.0,0.0,0.0,0.0,0.0,0.0,0.0,0.0,0.0,,,,,,,0.0,0.0,0.0,0.0,0.0,0.0,,0.0,,,,,,,,0.0,0.0,excluded,0.0,1.0,5,0,0,0.0,0.0,0.0,Excluded in squad.json; projection forced to zero,False,False,False,False,False,False,False,False,False,False,False,False,False,False,False,False,False,False,False,False,False,False,False,False,False,False,False,False,False,False,False,False
ad1d46d342d9e082098d5aae1d5995a0ebc74f9c,v3-snapshot-availability,131026edd2e6577a970aea5bfa8233754c166d88d2fe4de67f5614caf7754a71,2026-10-01T06:24:37.763425+00:00,549067,477,Zach,Abbott,Abbott,17,Nott'm Forest,NFO,Defender,u,False,4.0,0.1,0.0,0.0,0.0,0.0,0.0,0.0,0.0,0.0,0.0,0.0,,,,,,53.517087890844905,0.0,1.0,0.0,0.0,0.0,0.0,,45.0,,,,,,,,0.0,0.0,high,1.0,1.0,5,0,0,0.0,0.0,0.0,5-GW avg pts 0.00; mins 0; xGI 0.00; current GWs 5; fixture Elo diff -41,False,False,False,False,False,False,False,False,False,False,False,False,False,False,False,False,False,False,False,False,False,False,False,False,False,False,False,False,False,False,False,False
ad1d46d342d9e082098d5aae1d5995a0ebc74f9c,v3-snapshot-availability,131026edd2e6577a970aea5bfa8233754c166d88d2fe4de67f5614caf7754a71,2026-10-01T06:24:37.763425+00:00,549074,133,Tom,Watson,Watson,36,Brighton,BHA,Midfielder,u,True,5.0,0.0,0.0,0.0,0.0,0.0,0.0,0.0,0.0,0.0,0.0,0.0,,,,,,36.48583789084491,0.0,1.0,0.0,0.0,0.0,0.0,,0.0,,,,,,,,0.0,0.0,excluded,0.0,1.0,5,0,0,0.0,0.0,0.0,Excluded in squad.json; projection forced to zero,False,False,False,False,False,False,False,False,False,False,False,False,False,False,False,False,False,False,False,False,False,False,False,False,False,False,False,False,False,False,False,False
ad1d46d342d9e082098d5aae1d5995a0ebc74f9c,v3-snapshot-availability,131026edd2e6577a970aea5bfa8233754c166d88d2fe4de67f5614caf7754a71,2026-10-01T06:24:37.763425+00:00,549653,197,Norman,Bassette,Bassette,9,Coventry City,COV,Forward,u,True,4.5,0.0,0.0,0.0,0.0,0.0,0.0,0.0,0.0,0.0,0.0,0.0,,,,,,,0.0,0.0,0.0,0.0,0.0,0.0,,0.0,,,,,,,,0.0,0.0,excluded,0.0,1.0,5,0,0,0.0,0.0,0.0,Excluded in squad.json; projection forced to zero,False,False,False,False,False,False,False,False,False,False,False,False,False,False,False,False,False,False,False,False,False,False,False,False,False,False,False,False,False,False,False,False
ad1d46d342d9e082098d5aae1d5995a0ebc74f9c,v3-snapshot-availability,131026edd2e6577a970aea5bfa8233754c166d88d2fe4de67f5614caf7754a71,2026-10-01T06:24:37.763425+00:00,550090,117,Diego,Coppola,Coppola,36,Brighton,BHA,Defender,a,True,4.5,0.0,0.0,0.0,0.0,0.0,0.0,1.0,1.0,1.0,1.0,1.0,,,,,,,0.0,0.0,0.0,0.0,0.0,0.0,,0.0,,,,,,,,0.0,0.0,excluded,0.0,1.0,5,0,0,0.0,0.0,0.0,Excluded in squad.json; projection forced to zero,False,False,False,False,False,False,False,False,False,False,False,False,False,False,False,False,False,False,False,False,False,False,False,False,False,False,False,False,False,False,False,False
ad1d46d342d9e082098d5aae1d5995a0ebc74f9c,v3-snapshot-availability,131026edd2e6577a970aea5bfa8233754c166d88d2fe4de67f5614caf7754a71,2026-10-01T06:24:37.763425+00:00,550839,517,Wilson,Odobert,Odobert,6,Spurs,TOT,Midfielder,i,False,5.5,0.0,0.0,0.0,0.0,0.0,0.0,0.0,0.0,0.0,0.0,0.0,,,,,,,0.0,0.0,0.0,0.0,0.0,0.0,,0.0,,,,,,,,0.0,0.0,high,1.0,1.0,5,0,0,0.0,0.0,0.0,5-GW avg pts 0.00; mins 0; xGI 0.00; current GWs 5; fixture Elo diff -25,False,False,False,False,False,False,False,False,False,False,False,False,False,False,False,False,False,False,False,False,False,False,False,False,False,False,False,False,False,False,False,False
ad1d46d342d9e082098d5aae1d5995a0ebc74f9c,v3-snapshot-availability,131026edd2e6577a970aea5bfa8233754c166d88d2fe4de67f5614caf7754a71,2026-10-01T06:24:37.763425+00:00,551262,196,Jahnoah,Markelo,Markelo,9,Coventry City,COV,Forward,u,True,5.0,0.0,0.0,0.0,0.0,0.0,0.0,0.0,0.0,0.0,0.0,0.0,,,,,,,0.0,0.0,0.0,0.0,0.0,0.0,,0.0,,,,,,,,0.0,0.0,excluded,0.0,1.0,5,0,0,0.0,0.0,0.0,Excluded in squad.json; projection forced to zero,False,False,False,False,False,False,False,False,False,False,False,False,False,False,False,False,False,False,False,False,False,False,False,False,False,False,False,False,False,False,False,False
ad1d46d342d9e082098d5aae1d5995a0ebc74f9c,v3-snapshot-availability,131026edd2e6577a970aea5bfa8233754c166d88d2fe4de67f5614caf7754a71,2026-10-01T06:24:37.763425+00:00,553746,609,Leo,Shahar,Shahar,4,Newcastle,NEW,Defender,u,False,4.0,0.2,0.0,0.0,0.0,0.0,0.0,0.0,0.0,0.0,0.0,0.0,,,,,,,0.0,0.0,0.0,0.0,0.0,0.0,,0.0,,,,,,,,0.0,0.0,high,1.0,1.0,5,0,0,0.0,0.0,0.0,5-GW avg pts 0.00; mins 0; xGI 0.00; current GWs 5; fixture Elo diff +37,False,False,False,False,False,False,False,False,False,False,False,False,False,False,False,False,False,False,False,False,False,False,False,False,False,False,False,False,False,False,False,False
ad1d46d342d9e082098d5aae1d5995a0ebc74f9c,v3-snapshot-availability,131026edd2e6577a970aea5bfa8233754c166d88d2fe4de67f5614caf7754a71,2026-10-01T06:24:37.763425+00:00,565297,349,Mateo,Joseph Fernández-Regatillo,Mateo Joseph,2,Leeds,LEE,Forward,i,False,4.5,0.1,0.0,0.0,0.0,0.0,0.0,0.0,0.0,0.0,0.0,0.0,,,,,,,0.0,0.0,0.0,0.0,0.0,0.0,,0.0,,,,,,,,0.0,0.0,high,1.0,1.0,5,0,0,0.0,0.0,0.0,5-GW avg pts 0.00; mins 0; xGI 0.00; current GWs 5; fixture Elo diff -76,False,False,False,False,False,False,False,False,False,False,False,False,False,False,False,False,False,False,False,False,False,False,False,False,False,False,False,False,False,False,False,False
ad1d46d342d9e082098d5aae1d5995a0ebc74f9c,v3-snapshot-availability,131026edd2e6577a970aea5bfa8233754c166d88d2fe4de67f5614caf7754a71,2026-10-01T06:24:37.763425+00:00,571380,607,Luka,Lynch,Lynch,7,Aston Villa,AVL,Midfielder,u,False,4.5,0.1,0.0,0.0,0.0,0.0,0.0,0.0,0.0,0.0,0.0,0.0,,,,,,,0.0,0.0,0.0,0.0,0.0,0.0,,0.0,,,,,,,,0.0,0.0,high,1.0,1.0,5,0,0,0.0,0.0,0.0,5-GW avg pts 0.00; mins 0; xGI 0.00; current GWs 5; fixture Elo diff +46,False,False,False,False,False,False,False,False,False,False,False,False,False,False,False,False,False,False,False,False,False,False,False,False,False,False,False,False,False,False,False,False
ad1d46d342d9e082098d5aae1d5995a0ebc74f9c,v3-snapshot-availability,131026edd2e6577a970aea5bfa8233754c166d88d2fe4de67f5614caf7754a71,2026-10-01T06:24:37.763425+00:00,574458,150,Mamadou,Sarr,M.Sarr,8,Chelsea,CHE,Defender,u,False,4.5,0.0,0.0,0.0,0.0,0.0,0.0,0.0,0.0,0.0,0.0,0.0,,,,,,53.767087890844905,0.0,2.0,0.0,0.0,0.0,0.0,,9.0,,,,,,,,0.0,0.0,high,1.0,1.0,5,0,0,0.0,0.0,0.0,5-GW avg pts 0.00; mins 0; xGI 0.00; current GWs 5; fixture Elo diff +10,False,False,False,False,False,False,False,False,False,False,False,False,False,False,False,False,False,False,False,False,False,False,False,False,False,False,False,False,False,False,False,False
ad1d46d342d9e082098d5aae1d5995a0ebc74f9c,v3-snapshot-availability,131026edd2e6577a970aea5bfa8233754c166d88d2fe4de67f5614caf7754a71,2026-10-01T06:24:37.763425+00:00,575204,407,Claudio,Echeverri,Echeverri,43,Man City,MCI,Midfielder,u,False,4.9,0.0,0.0,0.0,0.0,0.0,0.0,0.0,0.0,0.0,0.0,0.0,,,,,,52.80875455751157,0.0,2.0,0.0,0.0,0.0,0.0,,0.0,,,,,,,,0.0,0.0,high,1.0,1.0,5,0,0,0.0,0.0,0.0,5-GW avg pts 0.00; mins 0; xGI 0.00; current GWs 5; fixture Elo diff +144,False,False,False,False,False,False,False,False,False,False,False,False,False,False,False,False,False,False,False,False,False,False,False,False,False,False,False,False,False,False,False,False
ad1d46d342d9e082098d5aae1d5995a0ebc74f9c,v3-snapshot-availability,131026edd2e6577a970aea5bfa8233754c166d88d2fe4de67f5614caf7754a71,2026-10-01T06:24:37.763425+00:00,577411,181,Miguel,Brau,Brau,9,Coventry City,COV,Defender,u,False,4.0,0.0,0.0,0.0,0.0,0.0,0.0,0.0,0.0,0.0,0.0,0.0,,,,,,,0.0,0.0,0.0,0.0,0.0,0.0,,0.0,,,,,,,,0.0,0.0,high,1.0,1.0,5,0,0,0.0,0.0,0.0,5-GW avg pts 0.00; mins 0; xGI 0.00; current GWs 5; fixture Elo diff -132,False,False,False,False,False,False,False,False,False,False,False,False,False,False,False,False,False,False,False,False,False,False,False,False,False,False,False,False,False,False,False,False
ad1d46d342d9e082098d5aae1d5995a0ebc74f9c,v3-snapshot-availability,131026edd2e6577a970aea5bfa8233754c166d88d2fe4de67f5614caf7754a71,2026-10-01T06:24:37.763425+00:00,578545,39,Kosta,Nedeljkovic,Nedeljkovic,7,Aston Villa,AVL,Defender,u,True,4.0,0.1,0.0,0.0,0.0,0.0,0.0,0.0,0.0,0.0,0.0,0.0,,,,,,54.767087890844905,0.0,1.0,0.0,0.0,0.0,0.0,,0.0,,,,,,,,0.0,0.0,excluded,0.0,1.0,5,0,0,0.0,0.0,0.0,Excluded in squad.json; projection forced to zero,False,False,False,False,False,False,False,False,False,False,False,False,False,False,False,False,False,False,False,False,False,False,False,False,False,False,False,False,False,False,False,False
ad1d46d342d9e082098d5aae1d5995a0ebc74f9c,v3-snapshot-availability,131026edd2e6577a970aea5bfa8233754c166d88d2fe4de67f5614caf7754a71,2026-10-01T06:24:37.763425+00:00,586268,353,Armin,Pecsi,Pecsi,14,Liverpool,LIV,Goalkeeper,u,True,4.0,0.0,0.0,0.0,0.0,0.0,0.0,0.0,0.0,0.0,0.0,0.0,,,,,,,0.0,0.0,0.0,0.0,0.0,0.0,,0.0,,,,,,,,0.0,0.0,excluded,0.0,1.0,5,0,0,0.0,0.0,0.0,Excluded in squad.json; projection forced to zero,False,False,False,False,False,False,False,False,False,False,False,False,False,False,False,False,False,False,False,False,False,False,False,False,False,False,False,False,False,False,False,False
ad1d46d342d9e082098d5aae1d5995a0ebc74f9c,v3-snapshot-availability,131026edd2e6577a970aea5bfa8233754c166d88d2fe4de67f5614caf7754a71,2026-10-01T06:24:37.763425+00:00,590014,220,Rio,Cardines,Cardines,31,Crystal Palace,CRY,Defender,u,True,4.5,0.0,0.0,0.0,0.0,0.0,0.0,0.0,0.0,0.0,0.0,0.0,,,,,,67.68375455751158,0.0,2.0,0.0,0.0,0.0,0.0,,90.0,,,,,,,,0.0,0.0,excluded,0.0,1.0,5,0,0,0.0,0.0,0.0,Excluded in squad.json; projection forced to zero,False,False,False,False,False,False,False,False,False,False,False,False,False,False,False,False,False,False,False,False,False,False,False,False,False,False,False,False,False,False,False,False
ad1d46d342d9e082098d5aae1d5995a0ebc74f9c,v3-snapshot-availability,131026edd2e6577a970aea5bfa8233754c166d88d2fe4de67f5614caf7754a71,2026-10-01T06:24:37.763425+00:00,590039,409,Divine,Mukasa,Mukasa,43,Man City,MCI,Midfielder,u,False,4.5,0.1,0.0,0.0,0.0,0.0,0.0,0.0,0.0,0.0,0.0,0.0,,,,,,15.485837890844907,0.0,1.0,0.0,0.0,0.0,0.0,,0.0,,,,,,,,0.0,0.0,high,1.0,1.0,5,0,0,0.0,0.0,0.0,5-GW avg pts 0.00; mins 0; xGI 0.00; current GWs 5; fixture Elo diff +144,False,False,False,False,False,False,False,False,False,False,False,False,False,False,False,False,False,False,False,False,False,False,False,False,False,False,False,False,False,False,False,False
ad1d46d342d9e082098d5aae1d5995a0ebc74f9c,v3-snapshot-availability,131026edd2e6577a970aea5bfa8233754c166d88d2fe4de67f5614caf7754a71,2026-10-01T06:24:37.763425+00:00,592031,122,Yankuba,Minteh,Minteh,36,Brighton,BHA,Midfielder,i,False,5.8,0.0,0.0,0.0,0.0,0.0,0.0,0.0,0.0,0.0,0.0,0.0,,,,,,53.68375455751157,0.0,1.0,0.0,0.0,0.0,0.0,,315.0,0.1542857142857143,0.16285714285714264,4.571428571428571,0.0,,5.0,,0.0,0.0,high,1.0,1.0,5,0,0,0.0,0.0,0.0,5-GW avg pts 0.00; mins 0; xGI 0.00; current GWs 5; fixture Elo diff -10,False,False,False,False,False,False,False,False,False,False,False,False,False,False,False,False,False,False,False,False,False,False,False,False,False,False,False,False,False,False,False,False
ad1d46d342d9e082098d5aae1d5995a0ebc74f9c,v3-snapshot-availability,131026edd2e6577a970aea5bfa8233754c166d88d2fe4de67f5614caf7754a71,2026-10-01T06:24:37.763425+00:00,593174,107,Kaye,Furo,Furo,94,Brentford,BRE,Forward,i,False,4.5,0.9,0.0,0.0,0.0,0.0,0.0,0.0,0.0,0.0,0.0,0.0,,,,,,,0.0,0.0,0.0,0.0,0.0,0.0,,1.0,,,,,,,,0.0,0.0,high,1.0,1.0,5,0,0,0.0,0.0,0.0,5-GW avg pts 0.00; mins 0; xGI 0.00; current GWs 5; fixture Elo diff +31,False,False,False,False,False,False,False,False,False,False,False,False,False,False,False,False,False,False,False,False,False,False,False,False,False,False,False,False,False,False,False,False
ad1d46d342d9e082098d5aae1d5995a0ebc74f9c,v3-snapshot-availability,131026edd2e6577a970aea5bfa8233754c166d88d2fe4de67f5614caf7754a71,2026-10-01T06:24:37.763425+00:00,596047,441,Chido,Obi,Obi,1,Man Utd,MUN,Forward,u,False,4.5,0.9,0.0,0.0,0.0,0.0,0.0,0.0,0.0,0.0,0.0,0.0,,,,,,68.60042122417823,0.0,1.0,0.0,0.0,0.0,0.0,,0.0,,,,,,,,0.0,0.0,high,1.0,1.0,5,0,0,0.0,0.0,0.0,5-GW avg pts 0.00; mins 0; xGI 0.00; current GWs 5; fixture Elo diff +76,False,False,False,False,False,False,False,False,False,False,False,False,False,False,False,False,False,False,False,False,False,False,False,False,False,False,False,False,False,False,False,False
ad1d46d342d9e082098d5aae1d5995a0ebc74f9c,v3-snapshot-availability,131026edd2e6577a970aea5bfa8233754c166d88d2fe4de67f5614caf7754a71,2026-10-01T06:24:37.763425+00:00,597320,132,Harry,Howell,Howell,36,Brighton,BHA,Midfielder,u,True,4.5,0.0,0.0,0.0,0.0,0.0,0.0,0.0,0.0,0.0,0.0,0.0,,,,,,,0.0,0.0,0.0,0.0,0.0,0.0,,0.0,,,,,,,,0.0,0.0,excluded,0.0,1.0,5,0,0,0.0,0.0,0.0,Excluded in squad.json; projection forced to zero,False,False,False,False,False,False,False,False,False,False,False,False,False,False,False,False,False,False,False,False,False,False,False,False,False,False,False,False,False,False,False,False
ad1d46d342d9e082098d5aae1d5995a0ebc74f9c,v3-snapshot-availability,131026edd2e6577a970aea5bfa8233754c166d88d2fe4de67f5614caf7754a71,2026-10-01T06:24:37.763425+00:00,599303,466,Sean,Neave,Neave,4,Newcastle,NEW,Forward,u,False,4.5,0.5,0.0,0.0,0.0,0.0,0.0,0.0,0.0,0.0,0.0,0.0,,,,,,14.485837890844907,0.0,5.0,0.0,0.0,0.0,0.0,,13.0,,,,,,,,0.0,0.0,high,1.0,1.0,5,0,0,0.0,0.0,0.0,5-GW avg pts 0.00; mins 0; xGI 0.00; current GWs 5; fixture Elo diff +37,False,False,False,False,False,False,False,False,False,False,False,False,False,False,False,False,False,False,False,False,False,False,False,False,False,False,False,False,False,False,False,False
ad1d46d342d9e082098d5aae1d5995a0ebc74f9c,v3-snapshot-availability,131026edd2e6577a970aea5bfa8233754c166d88d2fe4de67f5614caf7754a71,2026-10-01T06:24:37.763425+00:00,606798,38,Andrés,García,A.García,7,Aston Villa,AVL,Defender,a,True,4.0,1.5,0.0,0.0,0.0,0.0,0.0,1.0,1.0,1.0,1.0,1.0,,,,,,,0.0,0.0,0.0,0.0,0.0,0.0,,45.0,,,,,,,,0.0,0.0,excluded,0.0,1.0,5,0,0,0.0,0.0,0.0,Excluded in squad.json; projection forced to zero,False,False,False,False,False,False,False,False,False,False,False,False,False,False,False,False,False,False,False,False,False,False,False,False,False,False,False,False,False,False,False,False
ad1d46d342d9e082098d5aae1d5995a0ebc74f9c,v3-snapshot-availability,131026edd2e6577a970aea5bfa8233754c166d88d2fe4de67f5614caf7754a71,2026-10-01T06:24:37.763425+00:00,606921,216,Romain,Esse,Esse,31,Crystal Palace,CRY,Midfielder,u,False,5.0,0.0,0.0,0.0,0.0,0.0,0.0,0.0,0.0,0.0,0.0,0.0,,,,,,67.68375455751158,0.0,2.0,0.0,0.0,0.0,0.0,,0.0,,,,,,,,0.0,0.0,high,1.0,1.0,5,0,0,0.0,0.0,0.0,5-GW avg pts 0.00; mins 0; xGI 0.00; current GWs 5; fixture Elo diff -34,False,False,False,False,False,False,False,False,False,False,False,False,False,False,False,False,False,False,False,False,False,False,False,False,False,False,False,False,False,False,False,False
ad1d46d342d9e082098d5aae1d5995a0ebc74f9c,v3-snapshot-availability,131026edd2e6577a970aea5bfa8233754c166d88d2fe4de67f5614caf7754a71,2026-10-01T06:24:37.763425+00:00,608181,137,Stefanos,Tzimas,Tzimas,36,Brighton,BHA,Forward,i,False,5.4,0.0,0.0,0.0,0.0,0.0,0.0,0.0,0.0,0.0,0.0,0.0,,,,,,,0.0,0.0,0.0,0.0,0.0,0.0,,0.0,,,,,,,,0.0,0.0,high,1.0,1.0,5,0,0,0.0,0.0,0.0,5-GW avg pts 0.00; mins 0; xGI 0.00; current GWs 5; fixture Elo diff -10,False,False,False,False,False,False,False,False,False,False,False,False,False,False,False,False,False,False,False,False,False,False,False,False,False,False,False,False,False,False,False,False
ad1d46d342d9e082098d5aae1d5995a0ebc74f9c,v3-snapshot-availability,131026edd2e6577a970aea5bfa8233754c166d88d2fe4de67f5614caf7754a71,2026-10-01T06:24:37.763425+00:00,616221,511,João Victor,de Souza Menezes,Souza,6,Spurs,TOT,Defender,u,False,4.0,0.2,0.0,0.0,0.0,0.0,0.0,0.0,0.0,0.0,0.0,0.0,,,,,,,0.0,0.0,0.0,0.0,0.0,0.0,,0.0,,,,,,,,0.0,0.0,high,1.0,1.0,5,0,0,0.0,0.0,0.0,5-GW avg pts 0.00; mins 0; xGI 0.00; current GWs 5; fixture Elo diff -25,False,False,False,False,False,False,False,False,False,False,False,False,False,False,False,False,False,False,False,False,False,False,False,False,False,False,False,False,False,False,False,False
ad1d46d342d9e082098d5aae1d5995a0ebc74f9c,v3-snapshot-availability,131026edd2e6577a970aea5bfa8233754c166d88d2fe4de67f5614caf7754a71,2026-10-01T06:24:37.763425+00:00,620487,63,Veljko,Milosavljevic,Milosavljević,91,Bournemouth,BOU,Defender,i,False,4.9,0.0,0.0,0.0,0.0,0.0,0.0,0.0,0.0,0.0,0.0,0.0,,,,,,,0.0,0.0,0.0,0.0,0.0,0.0,,0.0,,,,,,,,0.0,0.0,high,1.0,1.0,5,0,0,0.0,0.0,0.0,5-GW avg pts 0.00; mins 0; xGI 0.00; current GWs 5; fixture Elo diff +88,False,False,False,False,False,False,False,False,False,False,False,False,False,False,False,False,False,False,False,False,False,False,False,False,False,False,False,False,False,False,False,False
ad1d46d342d9e082098d5aae1d5995a0ebc74f9c,v3-snapshot-availability,131026edd2e6577a970aea5bfa8233754c166d88d2fe4de67f5614caf7754a71,2026-10-01T06:24:37.763425+00:00,626751,632,Ilyas,Ansah,Ansah,88,Hull City,HUL,Forward,i,False,5.0,0.0,0.0,0.0,0.0,0.0,0.0,0.0,0.0,0.0,0.0,0.0,,,,,,,0.0,0.0,0.0,0.0,0.0,0.0,,0.0,,,,,,,,0.0,0.0,medium,0.6,0.6,3,0,0,0.0,0.0,0.0,5-GW avg pts 0.00; mins 0; xGI 0.00; current GWs 3; fixture Elo diff -299,False,False,False,False,False,False,False,False,False,False,False,False,False,False,False,False,False,False,False,False,False,False,False,False,False,False,False,False,False,False,False,False
ad1d46d342d9e082098d5aae1d5995a0ebc74f9c,v3-snapshot-availability,131026edd2e6577a970aea5bfa8233754c166d88d2fe4de67f5614caf7754a71,2026-10-01T06:24:37.763425+00:00,629397,192,Kai,Andrews,Andrews,9,Coventry City,COV,Midfielder,u,True,4.5,0.3,0.0,0.0,0.0,0.0,0.0,0.0,0.0,0.0,0.0,0.0,,,,,,,0.0,0.0,0.0,0.0,0.0,0.0,,0.0,,,,,,,,0.0,0.0,excluded,0.0,1.0,5,0,0,0.0,0.0,0.0,Excluded in squad.json; projection forced to zero,False,False,False,False,False,False,False,False,False,False,False,False,False,False,False,False,False,False,False,False,False,False,False,False,False,False,False,False,False,False,False,False
ad1d46d342d9e082098d5aae1d5995a0ebc74f9c,v3-snapshot-availability,131026edd2e6577a970aea5bfa8233754c166d88d2fe4de67f5614caf7754a71,2026-10-01T06:24:37.763425+00:00,647681,363,Giovanni,Leoni,Leoni,14,Liverpool,LIV,Defender,i,False,4.0,0.0,0.0,0.0,0.0,0.0,0.0,0.0,0.0,0.0,0.0,0.0,,,,,,,0.0,0.0,0.0,0.0,0.0,0.0,,0.0,,,,,,,,0.0,0.0,high,1.0,1.0,5,0,0,0.0,0.0,0.0,5-GW avg pts 0.00; mins 0; xGI 0.00; current GWs 5; fixture Elo diff +7,False,False,False,False,False,False,False,False,False,False,False,False,False,False,False,False,False,False,False,False,False,False,False,False,False,False,False,False,False,False,False,False
ad1d46d342d9e082098d5aae1d5995a0ebc74f9c,v3-snapshot-availability,131026edd2e6577a970aea5bfa8233754c166d88d2fe4de67f5614caf7754a71,2026-10-01T06:24:37.763425+00:00,649208,410,Jeremy,Monga,Monga,43,Man City,MCI,Midfielder,u,False,4.9,0.0,0.0,0.0,0.0,0.0,0.0,0.0,0.0,0.0,0.0,0.0,,,,,,,0.0,0.0,0.0,0.0,0.0,0.0,,0.0,,,,,,,,0.0,0.0,high,1.0,1.0,5,0,0,0.0,0.0,0.0,5-GW avg pts 0.00; mins 0; xGI 0.00; current GWs 5; fixture Elo diff +144,False,False,False,False,False,False,False,False,False,False,False,False,False,False,False,False,False,False,False,False,False,False,False,False,False,False,False,False,False,False,False,False
ad1d46d342d9e082098d5aae1d5995a0ebc74f9c,v3-snapshot-availability,131026edd2e6577a970aea5bfa8233754c166d88d2fe4de67f5614caf7754a71,2026-10-01T06:24:37.763425+00:00,660392,225,Christantus,Uche,Uche,31,Crystal Palace,CRY,Forward,u,True,5.0,0.0,0.0,0.0,0.0,0.0,0.0,0.0,0.0,0.0,0.0,0.0,,,,,,,0.0,0.0,0.0,0.0,0.0,0.0,,0.0,,,,,,,,0.0,0.0,excluded,0.0,1.0,5,0,0,0.0,0.0,0.0,Excluded in squad.json; projection forced to zero,False,False,False,False,False,False,False,False,False,False,False,False,False,False,False,False,False,False,False,False,False,False,False,False,False,False,False,False,False,False,False,False
ad1d46d342d9e082098d5aae1d5995a0ebc74f9c,v3-snapshot-availability,131026edd2e6577a970aea5bfa8233754c166d88d2fe4de67f5614caf7754a71,2026-10-01T06:24:37.763425+00:00,661800,284,Cathal,McCarthy,McCarthy,88,Hull City,HUL,Defender,a,True,4.0,0.1,0.0,0.0,0.0,0.0,0.0,1.0,1.0,1.0,1.0,1.0,,,,,,46.68375455751158,0.0,2.0,0.0,0.0,0.0,0.0,,0.0,,,,,,,,0.0,0.0,excluded,0.0,1.0,5,0,0,0.0,0.0,0.0,Excluded in squad.json; projection forced to zero,False,False,False,False,False,False,False,False,False,False,False,False,False,False,False,False,False,False,False,False,False,False,False,False,False,False,False,False,False,False,False,False
ad1d46d342d9e082098d5aae1d5995a0ebc74f9c,v3-snapshot-availability,131026edd2e6577a970aea5bfa8233754c166d88d2fe4de67f5614caf7754a71,2026-10-01T06:24:37.763425+00:00,690838,582,Brian,Madjo,Madjo,7,Aston Villa,AVL,Forward,i,False,5.4,0.2,0.0,0.0,0.0,0.0,0.0,0.0,0.0,0.0,0.0,0.0,,,,,,49.475421224178234,0.0,3.0,0.0,0.0,0.0,0.0,,0.0,,,,,,,,0.0,0.0,high,1.0,1.0,5,0,0,0.0,0.0,0.0,5-GW avg pts 0.00; mins 0; xGI 0.00; current GWs 5; fixture Elo diff +46,False,False,False,False,False,False,False,False,False,False,False,False,False,False,False,False,False,False,False,False,False,False,False,False,False,False,False,False,False,False,False,False
