id,status,chance_of_playing_next_round,chance_of_playing_this_round,now_cost,now_cost_rank,now_cost_rank_type,cost_change_event,cost_change_event_fall,cost_change_start,cost_change_start_fall,selected_by_percent,selected_rank,selected_rank_type,total_points,event_points,points_per_game,points_per_game_rank,points_per_game_rank_type,bonus,bps,form,form_rank,form_rank_type,value_form,value_season,dreamteam_count,transfers_in,transfers_in_event,transfers_out,transfers_out_event,ep_next,ep_this,expected_goals,expected_assists,expected_goal_involvements,expected_goals_conceded,expected_goals_per_90,expected_assists_per_90,expected_goal_involvements_per_90,expected_goals_conceded_per_90,influence,influence_rank,influence_rank_type,creativity,creativity_rank,creativity_rank_type,threat,threat_rank,threat_rank_type,ict_index,ict_index_rank,ict_index_rank_type,corners_and_indirect_freekicks_order,direct_freekicks_order,penalties_order,gw,set_piece_threat,first_name,second_name,web_name,news,news_added,minutes,goals_scored,assists,clean_sheets,goals_conceded,own_goals,penalties_saved,penalties_missed,yellow_cards,red_cards,saves,starts,defensive_contribution,corners_and_indirect_freekicks_text,direct_freekicks_text,penalties_text,saves_per_90,clean_sheets_per_90,goals_conceded_per_90,starts_per_90,defensive_contribution_per_90,tackles,clearances_blocks_interceptions,recoveries
19,a,,,5.5,188,115,0,0,0,0,1.0,193,63,1,1,1.0,259,117,0,3,1.0,259,117,0.2,0.2,0,1097,1097,14028,14028,2.0,2.0,0.0,0.02,0.02,0.15,0.0,0.08,0.08,0.61,3.8,228,100,2.3,178,104,0.0,552,231,0.6,253,114,,,,1,,Martín,Zubimendi Ibáñez,Zubimendi,,,22,0,0,0,0,0,0,0,0,0,0,0,3,,,,0,0.0,0.0,0.0,12.27,1,0,2
22,a,,,5.5,197,122,0,0,0,0,0.0,573,242,0,0,0.0,567,243,0,0,0.0,567,243,0.0,0.0,0,51,51,232,232,2.0,2.0,0.0,0.0,0.0,0.0,0.0,0.0,0.0,0.0,0.0,558,237,0.0,571,245,0.0,557,235,0.0,571,243,,,,1,,Ethan,Nwaneri,Nwaneri,,,0,0,0,0,0,0,0,0,0,0,0,0,0,,,,0,0.0,0.0,0.0,0.0,0,0,0
23,a,,,5.5,162,101,0,0,0,0,0.0,585,249,0,0,0.0,555,235,0,0,0.0,555,235,0.0,0.0,0,51,51,153,153,2.0,2.0,0.0,0.0,0.0,0.0,0.0,0.0,0.0,0.0,0.0,544,229,0.0,557,237,0.0,535,222,0.0,558,235,,,,1,,Fábio,Ferreira Vieira,Fábio Vieira,,,0,0,0,0,0,0,0,0,0,0,0,0,0,,,,0,0.0,0.0,0.0,0.0,0,0,0
46,a,,,5.0,229,141,0,0,0,0,0.2,322,111,2,2,2.0,120,53,0,11,2.0,120,53,0.4,0.4,0,1311,1311,1684,1684,1.5,1.5,0.1,0.02,0.12,3.55,0.12,0.02,0.14,4.38,9.4,170,66,21.4,58,38,7.0,103,52,3.8,107,56,4.0,,,1,,Ross,Barkley,Barkley,,,73,0,0,0,4,0,0,0,0,0,0,1,1,,,,0,0.0,4.93,1.23,1.23,0,1,0
117,a,,,4.5,505,139,0,0,0,0,0.0,550,191,0,0,0.0,410,160,0,0,0.0,410,160,0.0,0.0,0,126,126,147,147,1.7,1.7,0.0,0.0,0.0,0.0,0.0,0.0,0.0,0.0,0.0,398,166,0.0,405,167,0.0,343,149,0.0,414,166,,,,1,,Diego,Coppola,Coppola,,,0,0,0,0,0,0,0,0,0,0,0,0,0,,,,0,0.0,0.0,0.0,0.0,0,0,0
14,a,,,6.5,41,28,0,0,0,0,1.9,134,40,1,1,1.0,285,135,0,4,1.0,285,135,0.2,0.2,0,3874,3874,30064,30064,2.3,2.3,0.04,0.0,0.04,0.15,0.26,0.0,0.26,0.96,0.0,598,261,1.8,192,112,1.0,193,99,0.1,294,140,,3.0,,1,,Eberechi,Eze,Eze,,,14,0,0,0,0,0,0,0,0,0,0,0,2,,,,0,0.0,0.0,0.0,12.86,0,0,2
15,a,,,6.5,35,23,0,0,0,0,10.8,36,13,11,11,11.0,11,6,3,41,11.0,11,6,1.7,1.7,0,200308,200308,20856,20856,2.3,2.3,0.21,0.1,0.31,0.06,0.25,0.12,0.37,0.07,50.6,6,4,41.5,13,11,31.0,27,13,12.3,6,5,4.0,,3.0,1,,Martin,Ødegaard,Ødegaard,,,75,1,0,1,0,0,0,0,0,0,0,1,8,,,,0,1.2,0.0,1.2,9.6,3,1,4
20,a,,,5.5,221,138,0,0,0,0,0.1,432,171,0,0,0.0,574,247,0,0,0.0,574,247,0.0,0.0,0,294,294,1743,1743,2.0,2.0,0.0,0.0,0.0,0.0,0.0,0.0,0.0,0.0,0.0,567,244,0.0,577,249,0.0,568,241,0.0,579,249,,,,1,,Max,Dowman,Dowman,,,0,0,0,0,0,0,0,0,0,0,0,0,0,,,,0,0.0,0.0,0.0,0.0,0,0,0
25,a,,,7.4,22,8,-1,1,-1,1,7.5,54,8,0,0,0.0,604,70,0,0,0.0,604,70,0.0,0.0,0,6365,6365,154352,154352,2.3,2.3,0.0,0.0,0.0,0.0,0.0,0.0,0.0,0.0,0.0,607,71,0.0,608,71,0.0,608,71,0.0,608,71,,,2.0,1,,Viktor,Gyökeres,Gyökeres,,,0,0,0,0,0,0,0,0,0,0,0,0,0,,,,0,0.0,0.0,0.0,0.0,0,0,0
47,a,100.0,100.0,5.0,281,167,0,0,0,0,0.4,283,94,2,2,2.0,128,57,0,9,2.0,128,57,0.4,0.4,0,1878,1878,3195,3195,1.5,1.5,0.0,0.0,0.0,3.77,0.0,0.0,0.0,3.77,11.2,154,53,2.8,165,97,0.0,417,150,1.4,218,97,,,,1,,Boubacar,Kamara,Kamara,,,90,0,0,0,4,0,0,0,0,0,0,1,7,,,,0,0.0,4.0,1.0,7.0,2,3,2
26,a,,,7.5,14,5,0,0,0,0,7.1,56,10,6,6,6.0,64,5,0,34,6.0,64,5,0.8,0.8,0,130943,130943,21524,21524,2.4,2.4,0.26,0.03,0.29,0.2,0.26,0.03,0.29,0.2,37.2,35,5,13.2,98,9,25.0,38,10,7.5,38,7,,,,1,,Kai,Havertz,Havertz,,,90,1,0,1,0,0,0,0,0,0,0,1,2,,,,0,1.0,0.0,1.0,2.0,0,2,0
30,u,0.0,0.0,4.5,407,83,0,0,0,0,0.1,423,150,0,0,0.0,350,133,0,0,0.0,350,133,0.0,0.0,0,0,0,3992,3992,0.0,0.0,0.0,0.0,0.0,0.0,0.0,0.0,0.0,0.0,0.0,337,138,0.0,340,141,0.0,265,113,0.0,354,139,,,,1,,Lucas,Digne,Digne,Has joined Paris Saint-Germain permanently,,0,0,0,0,0,0,0,0,0,0,0,0,0,,,,0,0.0,0.0,0.0,0.0,0,0,0
38,a,,,4.0,606,198,0,0,0,0,1.7,141,58,0,0,0.0,342,127,0,0,0.0,342,127,0.0,0.0,0,5343,5343,9349,9349,1.0,1.0,0.0,0.0,0.0,0.0,0.0,0.0,0.0,0.0,0.0,329,132,0.0,330,135,0.0,253,105,0.0,346,133,,,,1,,Andrés,García,A.García,,,0,0,0,0,0,0,0,0,0,0,0,0,0,,,,0,0.0,0.0,0.0,0.0,0,0,0
27,a,,,6.0,68,17,0,0,0,0,0.3,287,50,0,0,0.0,579,64,0,0,0.0,579,64,0.0,0.0,0,1347,1347,5072,5072,2.0,2.0,0.0,0.0,0.0,0.0,0.0,0.0,0.0,0.0,0.0,577,62,0.0,583,65,0.0,573,64,0.0,583,65,,,,1,,Gabriel,Fernando de Jesus,G.Jesus,,,0,0,0,0,0,0,0,0,0,0,0,0,0,,,,0,0.0,0.0,0.0,0.0,0,0,0
452,d,75.0,75.0,7.0,24,15,0,0,0,0,3.2,102,33,0,0,0.0,602,265,0,0,0.0,602,265,0.0,0.0,0,606,606,85440,85440,1.8,1.8,0.0,0.0,0.0,0.0,0.0,0.0,0.0,0.0,0.0,604,265,0.0,606,266,0.0,605,265,0.0,606,266,5.0,,4.0,1,,Bruno,Guimarães Rodriguez Moura,Bruno G.,Thigh injury - 75% chance of playing,,0,0,0,0,0,0,0,0,0,0,0,0,0,,,,0,0.0,0.0,0.0,0.0,0,0,0
31,a,,,4.5,433,98,0,0,0,0,11.4,34,12,0,0,0.0,365,138,0,0,0.0,365,138,0.0,0.0,0,30400,30400,162765,162765,1.7,1.7,0.0,0.0,0.0,0.0,0.0,0.0,0.0,0.0,0.0,352,143,0.0,356,147,0.0,284,121,0.0,369,144,,,,1,,Ezri,Konsa Ngoyo,Konsa,,,0,0,0,0,0,0,0,0,0,0,0,0,0,,,,0,0.0,0.0,0.0,0.0,0,0,0
16,a,,,6.5,43,30,0,0,0,0,0.3,294,98,1,1,1.0,287,137,0,8,1.0,287,137,0.2,0.2,0,830,830,5376,5376,2.3,2.3,0.0,0.04,0.04,0.15,0.0,0.16,0.16,0.61,9.4,171,67,43.1,11,9,0.0,598,260,5.3,70,37,6.0,,,1,,Noni,Madueke,Madueke,,,22,0,0,0,0,0,0,0,0,0,0,0,2,,,,0,0.0,0.0,0.0,8.18,0,0,2
17,a,,,6.0,64,42,0,0,0,0,0.6,238,78,1,1,1.0,274,126,0,5,1.0,274,126,0.2,0.2,0,1801,1801,11184,11184,2.2,2.2,0.14,0.02,0.16,0.15,0.9,0.13,1.03,0.96,3.6,233,103,1.2,216,121,14.0,73,40,1.9,186,83,,,,1,,Mikel,Merino Zazón,Merino,,,14,0,0,0,0,0,0,0,0,0,0,0,2,,,,0,0.0,0.0,0.0,12.86,0,0,2
32,a,,,4.5,432,97,0,0,0,0,8.1,51,19,-1,-1,-1.0,610,203,0,-8,-1.0,610,203,-0.2,-0.2,0,23852,23852,68693,68693,1.7,1.7,0.0,0.0,0.0,3.77,0.0,0.0,0.0,3.77,12.0,143,67,1.1,218,72,0.0,283,120,1.3,222,85,1.0,,,1,,Matty,Cash,Cash,,,90,0,0,0,4,0,0,0,1,0,0,1,7,,,,0,0.0,4.0,1.0,7.0,2,5,0
24,a,,,5.5,133,83,0,0,0,0,0.0,584,248,0,0,0.0,543,227,0,0,0.0,543,227,0.0,0.0,0,44,44,114,114,2.0,2.0,0.0,0.0,0.0,0.0,0.0,0.0,0.0,0.0,0.0,533,221,0.0,548,230,0.0,520,211,0.0,549,228,,,,1,,Reiss,Nelson,Nelson,,,0,0,0,0,0,0,0,0,0,0,0,0,0,,,,0,0.0,0.0,0.0,0.0,0,0,0
33,a,,,4.5,419,87,0,0,0,0,0.4,276,104,1,1,1.0,186,65,0,5,1.0,186,65,0.2,0.2,0,2674,2674,2323,2323,1.7,1.7,0.0,0.0,0.0,0.22,0.0,0.0,0.0,1.24,2.0,251,98,0.0,349,143,0.0,275,115,0.2,280,99,,,,1,,Tyrone,Mings,Mings,,,16,0,0,0,0,0,0,0,0,0,0,0,1,,,,0,0.0,0.0,0.0,5.62,1,0,0
557,a,,,6.5,44,31,0,0,0,0,25.8,10,4,6,6,6.0,63,25,0,30,6.0,63,25,0.9,0.9,0,156546,156546,30571,30571,2.3,2.3,0.19,0.14,0.33,0.06,0.23,0.17,0.4,0.07,17.0,102,35,39.8,16,14,30.0,29,15,8.7,24,15,3.0,,,1,,Christos,Tzolis,Tzolis,,,75,0,1,1,0,0,0,0,0,0,0,1,6,,,,0,1.2,0.0,1.2,7.2,1,2,3
28,a,,,5.0,232,7,0,0,0,0,4.2,78,10,0,0,0.0,440,60,0,0,0.0,440,60,0.0,0.0,0,5748,5748,37075,37075,2.6,2.6,0.0,0.0,0.0,0.0,0.0,0.0,0.0,0.0,0.0,429,60,0.0,436,49,0.0,377,49,0.0,445,60,,,,1,,Emiliano,Martínez Romero,Martinez,,,0,0,0,0,0,0,0,0,0,0,0,0,0,,,,0,0.0,0.0,0.0,0.0,0,0,0
29,a,,,4.5,402,23,0,0,0,0,0.1,396,43,1,1,1.0,183,16,0,1,1.0,183,16,0.2,0.2,0,509,509,511,511,1.9,1.9,0.0,0.0,0.0,3.77,0.0,0.0,0.0,3.77,28.2,56,8,0.0,337,22,0.0,261,22,2.8,138,8,,,,1,,Marco,Bizot,M.Bizot,,,90,0,0,0,4,0,0,0,0,0,3,1,0,,,,3,0.0,4.0,1.0,0.0,0,2,6
34,a,,,4.5,460,119,0,0,0,0,0.4,265,100,0,0,0.0,382,151,0,-14,0.0,382,151,0.0,0.0,0,1617,1617,3232,3232,1.7,1.7,0.0,0.0,0.0,3.55,0.0,0.0,0.0,4.38,0.0,368,155,0.7,234,81,0.0,304,135,0.0,385,156,,,,1,,Pau,Torres,Pau,,,73,0,0,0,4,0,0,0,0,0,0,1,5,,,,0,0.0,4.93,1.23,6.16,0,5,1
35,a,,,5.0,356,207,0,0,0,0,0.1,452,181,1,1,1.0,229,100,0,3,1.0,229,100,0.2,0.2,0,495,495,614,614,1.5,1.5,0.0,0.0,0.0,0.22,0.0,0.0,0.0,1.24,2.2,247,112,0.5,251,134,0.0,474,178,0.3,277,130,,,,1,,Lamare,Bogarde,Bogarde,,,16,0,0,0,0,0,0,0,0,0,0,0,1,,,,0,0.0,0.0,0.0,5.62,0,1,0
36,a,,,4.5,466,124,0,0,0,0,0.8,217,80,0,0,0.0,386,154,0,-9,0.0,386,154,0.0,0.0,0,2110,2110,5725,5725,1.7,1.7,0.03,0.0,0.03,3.62,0.03,0.0,0.03,4.02,9.2,172,74,0.8,228,78,3.0,148,49,1.3,223,86,,,,1,,Ian,Maatsen,Maatsen,,,81,0,0,0,4,0,0,0,0,0,0,1,9,,,,0,0.0,4.44,1.11,10.0,2,7,2
37,a,,,4.5,429,94,0,0,0,0,0.3,303,113,-2,-2,-2.0,611,204,0,-13,-2.0,611,204,-0.4,-0.4,0,1472,1472,2657,2657,1.7,1.7,0.0,0.0,0.0,3.77,0.0,0.0,0.0,3.77,1.8,255,99,0.1,273,101,0.0,281,118,0.2,281,100,,,,1,,Victor,Lindelöf,Lindelöf,,,90,0,0,0,4,1,0,0,0,0,0,1,3,,,,0,0.0,4.0,1.0,3.0,0,3,1
39,u,0.0,0.0,4.0,603,196,0,0,0,0,0.2,318,120,0,0,0.0,340,126,0,0,0.0,340,126,0.0,0.0,0,0,0,5150,5150,0.0,0.0,0.0,0.0,0.0,0.0,0.0,0.0,0.0,0.0,0.0,327,131,0.0,327,133,0.0,250,103,0.0,344,132,,,,1,,Kosta,Nedeljkovic,Nedeljkovic,Has joined Rangers on loan for the rest of the season,,0,0,0,0,0,0,0,0,0,0,0,0,0,,,,0,0.0,0.0,0.0,0.0,0,0,0
41,a,,,6.0,65,43,0,0,0,0,1.3,173,53,2,2,2.0,151,74,0,4,2.0,151,74,0.3,0.3,0,3589,3589,12783,12783,2.2,2.2,0.13,0.09,0.22,3.62,0.14,0.1,0.24,3.83,0.0,576,246,16.3,73,45,8.0,99,50,2.2,167,76,3.0,1.0,1.0,1,,Emiliano,Buendía Stati,Buendía,,,85,0,0,0,4,0,0,0,0,0,0,1,7,,,,0,0.0,4.24,1.06,7.41,1,3,3
44,a,,,5.5,142,88,0,0,0,0,0.2,383,146,0,0,0.0,547,230,0,0,0.0,547,230,0.0,0.0,0,750,750,1781,1781,2.0,2.0,0.0,0.0,0.0,0.0,0.0,0.0,0.0,0.0,0.0,538,224,0.0,553,233,0.0,527,215,0.0,553,231,,,,1,,Leon,Bailey,Bailey,,,0,0,0,0,0,0,0,0,0,0,0,0,0,,,,0,0.0,0.0,0.0,0.0,0,0,0
6,i,0.0,0.0,6.0,88,9,0,0,0,0,0.3,310,115,0,0,0.0,583,201,0,0,0.0,583,201,0.0,0.0,0,646,646,5221,5221,0.0,0.0,0.0,0.0,0.0,0.0,0.0,0.0,0.0,0.0,0.0,583,203,0.0,587,203,0.0,580,203,0.0,587,203,,,,1,,William,Saliba,Saliba,Back injury - Unknown return date,,0,0,0,0,0,0,0,0,0,0,0,0,0,,,,0,0.0,0.0,0.0,0.0,0,0,0
7,a,,,5.5,196,121,0,0,0,0,0.7,224,72,3,3,3.0,100,43,0,15,3.0,100,43,0.5,0.5,0,6824,6824,5966,5966,2.0,2.0,0.06,0.11,0.17,0.2,0.06,0.11,0.17,0.2,11.0,155,54,22.9,54,35,7.0,112,59,4.1,101,52,,,,1,,Myles,Lewis-Skelly,Lewis-Skelly,,,90,0,0,1,0,0,0,0,0,0,0,1,7,,,,0,1.0,0.0,1.0,7.0,1,1,5
8,a,,,5.5,180,25,0,0,0,0,41.3,5,1,9,9,9.0,23,9,0,31,9.0,23,9,1.6,1.6,0,231572,231572,25142,25142,2.5,2.5,0.04,0.09,0.13,0.06,0.04,0.1,0.14,0.07,26.0,62,24,12.2,105,31,4.0,137,45,4.2,98,34,,,,1,,Riccardo,Calafiori,Calafiori,,,80,0,1,1,0,0,0,0,0,0,0,1,5,,,,0,1.12,0.0,1.12,5.62,1,4,1
9,a,,,5.5,170,22,0,0,0,0,1.6,154,64,1,1,1.0,256,94,0,3,1.0,256,94,0.2,0.2,0,2853,2853,29191,29191,2.5,2.5,0.0,0.0,0.0,0.15,0.0,0.0,0.0,1.5,0.4,274,102,0.5,252,91,0.0,541,193,0.1,292,102,,,,1,,Piero,Hincapié,Hincapie,,,9,0,0,0,0,0,0,0,0,0,0,0,0,,,,0,0.0,0.0,0.0,0.0,0,0,0
10,a,100.0,100.0,5.5,131,13,0,0,0,0,5.9,65,26,11,11,11.0,10,5,2,37,11.0,10,5,2.0,2.0,0,92093,92093,13252,13252,2.5,2.5,0.18,0.21,0.39,0.2,0.18,0.21,0.39,0.2,33.2,42,15,26.8,38,11,13.0,76,21,7.3,41,11,,,,1,,Benjamin,White,White,,,90,0,1,1,0,0,0,0,0,0,0,1,5,,,,0,1.0,0.0,1.0,5.0,1,4,3
11,a,,,5.5,198,29,0,0,0,0,6.0,63,25,6,6,6.0,58,26,0,27,6.0,58,26,1.1,1.1,0,11254,11254,26753,26753,2.5,2.5,0.0,0.0,0.0,0.2,0.0,0.0,0.0,0.2,14.4,119,55,0.6,246,89,0.0,558,197,1.5,210,82,,,,1,,Cristhian,Mosquera,Mosquera,,,90,0,0,1,0,0,0,0,0,0,0,1,6,,,,0,1.0,0.0,1.0,6.0,0,6,3
12,a,,,9.5,3,2,0,0,0,0,10.3,37,14,9,9,9.0,28,14,1,36,9.0,28,14,0.9,0.9,0,61559,61559,18982,18982,3.2,3.2,0.64,0.08,0.72,0.06,0.86,0.11,0.97,0.08,42.8,21,11,26.1,43,29,33.0,25,12,10.2,12,9,2.0,2.0,1.0,1,,Bukayo,Saka,Saka,,,67,1,0,1,0,0,0,0,0,0,0,1,7,,,,0,1.34,0.0,1.34,9.4,1,2,4
13,a,,,7.5,13,8,0,0,0,0,17.4,22,7,3,3,3.0,108,50,0,10,3.0,108,50,0.4,0.4,0,25560,25560,100951,100951,2.6,2.6,0.07,0.08,0.15,0.06,0.09,0.11,0.2,0.08,6.8,193,77,6.4,136,80,2.0,187,95,1.5,213,96,1.0,1.0,,1,,Declan,Rice,Rice,,,67,0,0,1,0,0,0,0,0,0,0,1,6,,,,0,1.34,0.0,1.34,8.06,0,3,3
18,a,,,6.4,55,39,-1,1,-1,1,0.2,340,123,0,0,0.0,594,259,0,0,0.0,594,259,0.0,0.0,0,867,867,4963,4963,2.3,2.3,0.0,0.0,0.0,0.0,0.0,0.0,0.0,0.0,0.0,595,258,0.0,598,260,0.0,593,255,0.0,598,260,,,,1,,Gabriel,Martinelli Silva,Martinelli,,,0,0,0,0,0,0,0,0,0,0,0,0,0,,,,0,0.0,0.0,0.0,0.0,0,0,0
1,a,,,6.0,60,1,0,0,0,0,38.1,6,1,6,6,6.0,60,6,0,24,6.0,60,6,1.0,1.0,0,68821,68821,50187,50187,4.0,4.0,0.0,0.0,0.0,0.2,0.0,0.0,0.0,0.2,11.8,144,19,0.0,581,67,0.0,572,67,1.2,231,19,,,,1,,David,Raya Martín,Raya,,,90,0,0,1,0,0,0,0,0,0,1,1,0,,,,1,1.0,0.0,1.0,0.0,0,1,8
2,a,,,5.0,235,9,0,0,0,0,0.1,440,49,0,0,0.0,443,62,0,0,0.0,443,62,0.0,0.0,0,225,225,930,930,2.6,2.6,0.0,0.0,0.0,0.0,0.0,0.0,0.0,0.0,0.0,432,62,0.0,439,51,0.0,380,51,0.0,448,62,,,,1,,Kepa,Arrizabalaga Revuelta,Arrizabalaga,,,0,0,0,0,0,0,0,0,0,0,0,0,0,,,,0,0.0,0.0,0.0,0.0,0,0,0
3,a,,,5.0,300,16,0,0,0,0,0.0,522,59,0,0,0.0,481,65,0,0,0.0,481,65,0.0,0.0,0,75,75,341,341,2.6,2.6,0.0,0.0,0.0,0.0,0.0,0.0,0.0,0.0,0.0,470,65,0.0,480,58,0.0,433,58,0.0,486,65,,,,1,,Illan,Meslier,Meslier,,,0,0,0,0,0,0,0,0,0,0,0,0,0,,,,0,0.0,0.0,0.0,0.0,0,0,0
4,a,,,8.0,9,1,0,0,0,0,29.4,9,2,5,5,5.0,73,30,0,21,5.0,73,30,0.6,0.6,0,40577,40577,78115,78115,4.0,4.0,0.05,0.01,0.06,0.2,0.05,0.01,0.06,0.2,6.6,196,87,1.8,193,59,1.0,194,66,0.9,240,90,,,,1,,Gabriel,dos Santos Magalhães,Gabriel,,,90,0,0,1,0,0,0,0,1,0,0,1,4,,,,0,1.0,0.0,1.0,4.0,0,4,2
5,i,0.0,0.0,6.5,46,3,0,0,0,0,0.1,416,148,0,0,0.0,598,202,0,0,0.0,598,202,0.0,0.0,0,299,299,2309,2309,0.0,0.0,0.0,0.0,0.0,0.0,0.0,0.0,0.0,0.0,0.0,600,204,0.0,602,204,0.0,600,204,0.0,602,204,,,,1,,Jurriën,Timber,J.Timber,Groin injury - Unknown return date,,0,0,0,0,0,0,0,0,0,0,0,0,0,,,,0,0.0,0.0,0.0,0.0,0,0,0
48,i,0.0,0.0,5.0,308,181,0,0,0,0,0.0,542,224,0,0,0.0,489,195,0,0,0.0,489,195,0.0,0.0,0,109,109,402,402,0.0,0.0,0.0,0.0,0.0,0.0,0.0,0.0,0.0,0.0,0.0,478,187,0.0,488,196,0.0,441,162,0.0,494,194,,,,1,,Amadou,Onana,Onana,Knee injury - Unknown return date,,0,0,0,0,0,0,0,0,0,0,0,0,0,,,,0,0.0,0.0,0.0,0.0,0,0,0
50,a,,,4.5,536,266,0,0,0,0,0.7,230,75,0,0,0.0,433,164,0,0,0.0,433,164,0.0,0.0,0,2519,2519,4581,4581,1.0,1.0,0.0,0.0,0.0,0.0,0.0,0.0,0.0,0.0,0.0,422,157,0.0,428,167,0.0,369,126,0.0,438,164,,,,1,,Bradley,Burrowes,Burrowes,,,0,0,0,0,0,0,0,0,0,0,0,0,0,,,,0,0.0,0.0,0.0,0.0,0,0,0
51,a,,,4.5,519,259,0,0,0,0,0.7,225,73,2,2,2.0,118,52,0,12,2.0,118,52,0.4,0.4,0,4834,4834,3310,3310,1.0,1.0,0.0,0.0,0.0,3.77,0.0,0.0,0.0,3.77,10.6,158,56,11.6,111,67,2.0,164,80,2.4,154,69,,,,1,,George,Hemmings,George Hemmings,,,90,0,0,0,4,0,0,0,0,0,0,1,5,,,,0,0.0,4.0,1.0,5.0,3,0,2
52,a,,,5.0,394,235,0,0,0,0,0.0,493,205,1,1,1.0,240,107,0,5,1.0,240,107,0.2,0.2,0,261,261,395,395,1.5,1.5,0.0,0.0,0.0,0.14,0.0,0.0,0.0,1.58,4.0,224,97,0.0,536,226,0.0,501,200,0.4,267,123,,,,1,,Alysson Edward Franco,da Rocha dos Santos,Alysson,,,8,0,0,0,0,0,0,0,0,0,0,0,3,,,,0,0.0,0.0,0.0,33.75,1,1,1
53,i,0.0,0.0,6.0,111,72,0,0,0,0,0.2,339,122,0,0,0.0,593,258,0,0,0.0,593,258,0.0,0.0,0,174,174,6754,6754,0.0,0.0,0.0,0.0,0.0,0.0,0.0,0.0,0.0,0.0,0.0,594,257,0.0,597,259,0.0,592,254,0.0,597,259,,,,1,,Johan,Manzambi,Manzambi,Knee injury - Unknown return date,,0,0,0,0,0,0,0,0,0,0,0,0,0,,,,0,0.0,0.0,0.0,0.0,0,0,0
55,a,,,8.0,7,3,0,0,0,0,9.0,46,7,0,0,0.0,608,72,0,0,0.0,608,72,0.0,0.0,0,8870,8870,143720,143720,2.5,2.5,0.0,0.0,0.0,0.0,0.0,0.0,0.0,0.0,0.0,611,73,0.0,612,73,0.0,612,73,0.0,612,73,,,2.0,1,,Ollie,Watkins,Watkins,,,0,0,0,0,0,0,0,0,0,0,0,0,0,,,,0,0.0,0.0,0.0,0.0,0,0,0
56,d,75.0,75.0,5.5,124,32,0,0,0,0,0.1,406,60,0,0,0.0,537,56,0,0,0.0,537,56,0.0,0.0,0,391,391,1710,1710,1.3,1.3,0.0,0.0,0.0,0.0,0.0,0.0,0.0,0.0,0.0,527,46,0.0,542,54,0.0,512,53,0.0,543,55,,,,1,,Tammy,Abraham,Abraham,Knock - 75% chance of playing,,0,0,0,0,0,0,0,0,0,0,0,0,0,,,,0,0.0,0.0,0.0,0.0,0,0,0
160,a,,,6.0,95,60,0,0,0,0,0.6,242,81,1,1,1.0,281,131,0,2,1.0,281,131,0.2,0.2,0,1580,1580,6696,6696,2.2,2.2,0.0,0.0,0.0,0.14,0.0,0.0,0.0,3.15,0.0,586,251,0.0,590,254,0.0,584,248,0.0,590,254,,,,1,,Alejandro,Garnacho Ferreyra,Garnacho,,,4,0,0,0,0,0,0,0,0,0,0,0,0,,,,0,0.0,0.0,0.0,0.0,0,0,0
582,i,0.0,0.0,5.5,224,48,0,0,0,0,0.4,264,45,0,0,0.0,576,62,0,0,0.0,576,62,0.0,0.0,0,954,954,5559,5559,0.0,0.0,0.0,0.0,0.0,0.0,0.0,0.0,0.0,0.0,0.0,570,57,0.0,579,62,0.0,570,62,0.0,581,63,,,,1,,Brian,Madjo,Madjo,Unspecified injury - Unknown return date,,0,0,0,0,0,0,0,0,0,0,0,0,0,,,,0,0.0,0.0,0.0,0.0,0,0,0
596,a,,,4.5,482,132,0,0,0,0,0.1,411,145,1,1,1.0,201,78,0,3,1.0,201,78,0.2,0.2,0,690,690,698,698,1.7,1.7,0.0,0.0,0.0,0.14,0.0,0.0,0.0,1.58,4.0,222,92,0.0,383,161,0.0,320,142,0.4,262,97,,,,1,,Matteo,Ruggeri,Ruggeri,,,8,0,0,0,0,0,0,0,0,0,0,0,2,,,,0,0.0,0.0,0.0,22.5,2,0,0
45,a,,,5.5,119,77,0,0,0,0,3.0,105,34,1,1,1.0,245,111,0,8,1.0,245,111,0.2,0.2,0,5605,5605,27722,27722,2.0,2.0,0.04,0.01,0.05,3.62,0.04,0.01,0.05,4.02,1.6,257,118,2.4,173,102,1.0,190,96,0.5,258,117,2.0,,,1,,John,McGinn,McGinn,,,81,0,0,0,4,0,0,0,1,0,0,1,6,,,,0,0.0,4.44,1.11,6.67,1,2,3
49,u,0.0,0.0,5.0,320,186,0,0,0,0,0.0,603,263,0,0,0.0,496,199,0,0,0.0,496,199,0.0,0.0,0,0,0,99,99,0.0,0.0,0.0,0.0,0.0,0.0,0.0,0.0,0.0,0.0,0.0,484,191,0.0,495,200,0.0,450,167,0.0,500,198,,,,1,,Samuel,Iling-Junior,Iling Jr,Has joined Bolton Wanderers on loan for the rest of the season,,0,0,0,0,0,0,0,0,0,0,0,0,0,,,,0,0.0,0.0,0.0,0.0,0,0,0
54,s,0.0,0.0,5.5,169,106,0,0,0,0,0.1,474,195,-2,-2,-2.0,612,268,0,-2,-2.0,612,268,-0.4,-0.4,0,109,109,1375,1375,0.0,0.0,0.0,0.01,0.01,2.58,0.0,0.02,0.02,5.95,1.0,265,123,11.0,121,71,0.0,540,225,1.2,228,103,,,,1,,Joao,Gomes,Gomes,Suspended until 19 Sep,,39,0,0,0,4,0,0,0,0,1,0,1,7,,,,0,0.0,9.23,2.31,16.15,4,1,2
597,a,,,5.0,298,15,0,0,0,0,0.8,213,30,0,0,0.0,480,64,0,0,0.0,480,64,0.0,0.0,0,2833,2833,4287,4287,2.6,2.6,0.0,0.0,0.0,0.0,0.0,0.0,0.0,0.0,0.0,469,64,0.0,479,57,0.0,432,57,0.0,485,64,,,,1,,Zion,Suzuki,Suzuki,,,0,0,0,0,0,0,0,0,0,0,0,0,0,,,,0,0.0,0.0,0.0,0.0,0,0,0
606,a,,,4.0,598,191,0,0,0,0,0.0,494,172,0,0,0.0,336,122,0,0,0.0,336,122,0.0,0.0,0,948,948,146,146,1.0,1.0,0.0,0.0,0.0,0.0,0.0,0.0,0.0,0.0,0.0,323,127,0.0,323,129,0.0,245,98,0.0,340,128,,,,1,,Triston,Rowe,Rowe,,,0,0,0,0,0,0,0,0,0,0,0,0,0,,,,0,0.0,0.0,0.0,0.0,0,0,0
607,a,,,4.5,514,257,0,0,0,0,0.1,458,185,0,0,0.0,417,157,0,0,0.0,417,157,0.0,0.0,0,2722,2722,486,486,1.0,1.0,0.0,0.0,0.0,0.0,0.0,0.0,0.0,0.0,0.0,406,150,0.0,412,160,0.0,351,118,0.0,422,157,,,,1,,Luka,Lynch,Lynch,,,0,0,0,0,0,0,0,0,0,0,0,0,0,,,,0,0.0,0.0,0.0,0.0,0,0,0
611,a,,,4.5,438,101,0,0,0,0,0.0,576,196,0,0,0.0,368,139,0,0,0.0,368,139,0.0,0.0,0,351,351,29,29,1.7,1.7,0.0,0.0,0.0,0.0,0.0,0.0,0.0,0.0,0.0,355,144,0.0,359,148,0.0,287,122,0.0,372,145,,,,1,,Aaron,Wan-Bissaka,Wan-Bissaka,,,0,0,0,0,0,0,0,0,0,0,0,0,0,,,,0,0.0,0.0,0.0,0.0,0,0,0
57,a,,,4.5,469,38,0,0,0,0,3.3,100,15,2,2,2.0,115,10,0,13,2.0,115,10,0.4,0.4,0,14324,14324,7941,7941,1.9,1.9,0.0,0.0,0.0,2.25,0.0,0.0,0.0,2.25,36.8,36,3,0.0,377,37,0.0,310,37,3.7,111,3,,,,1,,Đorđe,Petrović,Petrović,,,90,0,0,0,2,0,0,0,0,0,4,1,0,,,,4,0.0,2.0,1.0,0.0,0,2,5
58,a,,,4.0,540,49,0,0,0,0,3.2,101,16,0,0,0.0,294,22,0,0,0.0,294,22,0.0,0.0,0,5714,5714,6453,6453,1.0,1.0,0.0,0.0,0.0,0.0,0.0,0.0,0.0,0.0,0.0,281,22,0.0,278,2,0.0,196,2,0.0,297,22,,,,1,,Fraser,Forster,Forster,,,0,0,0,0,0,0,0,0,0,0,0,0,0,,,,0,0.0,0.0,0.0,0.0,0,0,0
59,a,,,4.0,573,61,0,0,0,0,0.2,343,38,0,0,0.0,316,34,0,0,0.0,316,34,0.0,0.0,0,912,912,559,559,1.0,1.0,0.0,0.0,0.0,0.0,0.0,0.0,0.0,0.0,0.0,303,34,0.0,303,14,0.0,222,14,0.0,320,34,,,,1,,Will,Dennis,Dennis,,,0,0,0,0,0,0,0,0,0,0,0,0,0,,,,0,0.0,0.0,0.0,0.0,0,0,0
60,a,,,5.5,176,24,0,0,0,0,0.9,207,76,1,1,1.0,257,95,0,0,1.0,257,95,0.2,0.2,0,5493,5493,4242,4242,2.5,2.5,0.0,0.0,0.0,2.25,0.0,0.0,0.0,2.25,11.6,148,70,0.3,264,96,0.0,546,195,1.2,229,87,,,,1,,James,Hill,Hill,,,90,0,0,0,2,0,0,0,0,0,0,1,6,,,,0,0.0,2.0,1.0,6.0,1,5,1
61,a,,,5.5,193,28,0,0,0,0,4.3,76,31,1,1,1.0,263,96,0,0,1.0,263,96,0.2,0.2,0,12926,12926,15885,15885,2.5,2.5,0.0,0.0,0.0,2.25,0.0,0.0,0.0,2.25,15.4,110,49,1.3,211,68,0.0,554,196,1.7,200,78,,,,1,,Adrien,Truffert,Truffert,,,90,0,0,0,2,0,0,0,0,0,0,1,7,,,,0,0.0,2.0,1.0,7.0,2,5,7
62,a,,,5.0,291,52,0,0,0,0,0.2,344,130,0,0,0.0,476,178,0,0,0.0,476,178,0.0,0.0,0,2071,2071,1628,1628,2.2,2.2,0.0,0.0,0.0,0.0,0.0,0.0,0.0,0.0,0.0,465,185,0.0,474,185,0.0,425,172,0.0,481,185,,,,1,,Bafodé,Diakité,Diakité,,,0,0,0,0,0,0,0,0,0,0,0,0,0,,,,0,0.0,0.0,0.0,0.0,0,0,0
63,i,0.0,0.0,5.0,388,77,0,0,0,0,0.0,580,197,0,0,0.0,531,190,0,0,0.0,531,190,0.0,0.0,0,58,58,215,215,0.0,0.0,0.0,0.0,0.0,0.0,0.0,0.0,0.0,0.0,0.0,520,196,0.0,532,196,0.0,496,188,0.0,536,196,,,,1,,Veljko,Milosavljevic,Milosavljević,Unspecified injury - Unknown return date,,0,0,0,0,0,0,0,0,0,0,0,0,0,,,,0,0.0,0.0,0.0,0.0,0,0,0
64,a,,,4.5,400,80,0,0,0,0,0.1,399,141,1,1,1.0,182,62,0,4,1.0,182,62,0.2,0.2,0,1646,1646,609,609,1.7,1.7,0.0,0.0,0.0,2.25,0.0,0.0,0.0,2.25,7.0,188,83,0.6,238,85,0.0,259,111,0.8,242,92,,,,1,,Adam,Smith,Smith,,,90,0,0,0,2,0,0,0,0,0,0,1,5,,,,0,0.0,2.0,1.0,5.0,1,4,3
65,i,0.0,0.0,4.5,464,122,0,0,0,0,0.0,558,194,0,0,0.0,384,152,0,0,0.0,384,152,0.0,0.0,0,68,68,389,389,0.0,0.0,0.0,0.0,0.0,0.0,0.0,0.0,0.0,0.0,0.0,370,156,0.0,374,159,0.0,307,137,0.0,387,157,,,,1,,Julián,Araujo Zúñiga,J.Araujo,Thigh injury - Unknown return date,,0,0,0,0,0,0,0,0,0,0,0,0,0,,,,0,0.0,0.0,0.0,0.0,0,0,0
66,d,75.0,75.0,4.0,600,193,0,0,0,0,0.2,350,132,0,0,0.0,337,123,0,0,0.0,337,123,0.0,0.0,0,289,289,1751,1751,0.8,0.8,0.0,0.0,0.0,0.0,0.0,0.0,0.0,0.0,0.0,324,128,0.0,324,130,0.0,247,100,0.0,341,129,,,,1,,Julio,Soler Barreto,Soler,Hamstring injury - 75% chance of playing,,0,0,0,0,0,0,0,0,0,0,0,0,0,,,,0,0.0,0.0,0.0,0.0,0,0,0
67,a,,,6.5,49,34,0,0,0,0,2.8,107,35,2,2,2.0,164,81,0,9,2.0,164,81,0.3,0.3,0,14732,14732,13845,13845,2.3,2.3,0.04,0.03,0.07,2.06,0.04,0.03,0.07,2.11,6.2,200,81,11.3,118,70,17.0,62,32,3.5,117,58,,,,1,,Rayan Vitor,Simplício Rocha,Rayan,,,88,0,0,0,1,0,0,0,0,0,0,1,1,,,,0,0.0,1.02,1.02,1.02,0,1,0
68,a,,,6.0,66,44,0,0,0,0,2.1,124,37,10,10,10.0,18,9,3,32,10.0,18,9,1.7,1.7,0,43924,43924,6726,6726,2.2,2.2,0.4,0.08,0.48,2.25,0.4,0.08,0.48,2.25,40.0,27,14,17.2,70,43,18.0,53,28,7.5,36,21,1.0,1.0,3.0,1,,Marcus,Tavernier,Tavernier,,,90,1,0,0,2,0,0,0,0,0,0,1,8,,,,0,0.0,2.0,1.0,8.0,2,2,4
69,a,,,6.0,98,63,0,0,0,0,1.5,163,48,2,2,2.0,157,77,0,17,2.0,157,77,0.3,0.3,0,5198,5198,8237,8237,2.2,2.2,0.0,0.01,0.01,2.25,0.0,0.01,0.01,2.25,11.4,152,52,4.8,147,87,0.0,587,251,1.6,205,93,2.0,4.0,,1,,Alex,Scott,Scott,,,90,0,0,0,2,0,0,0,0,0,0,1,11,,,,0,0.0,2.0,1.0,11.0,4,1,6
70,a,,,6.0,74,47,0,0,0,0,1.2,179,57,3,3,3.0,104,46,0,15,3.0,104,46,0.5,0.5,0,8984,8984,5880,5880,2.2,2.2,0.11,0.0,0.11,1.94,0.13,0.0,0.13,2.36,11.0,156,55,14.3,87,55,17.0,60,31,4.2,99,51,3.0,2.0,2.0,1,,Justin,Kluivert,Kluivert,,,74,0,0,1,0,0,0,0,0,0,0,1,9,,,,0,1.22,0.0,1.22,10.95,3,1,5
71,a,,,5.0,244,147,0,0,0,0,0.2,368,138,3,3,3.0,86,34,0,8,3.0,86,34,0.6,0.6,0,1917,1917,1065,1065,1.5,1.5,0.0,0.0,0.0,1.94,0.0,0.0,0.0,2.33,4.6,216,92,2.1,184,107,0.0,388,136,0.7,245,108,5.0,,,1,,Lewis,Cook,Cook,,,75,0,0,1,0,0,0,0,0,0,0,1,7,,,,0,1.2,0.0,1.2,8.4,1,3,3
72,a,,,5.0,340,197,0,0,0,0,0.1,434,173,1,1,1.0,222,95,0,3,1.0,222,95,0.2,0.2,0,270,270,574,574,1.5,1.5,0.0,0.0,0.0,0.19,0.0,0.0,0.0,17.1,0.2,276,131,0.1,275,143,2.0,171,84,0.2,282,133,,,,1,,Ben,Gannon-Doak,Gannon-Doak,,,1,0,0,0,1,0,0,0,0,0,0,0,1,,,,0,0.0,90.0,0.0,90.0,0,0,1
73,a,100.0,75.0,5.0,257,156,0,0,0,0,0.2,334,118,1,1,1.0,212,91,0,4,1.0,212,91,0.2,0.2,0,1844,1844,2115,2115,1.5,1.1,0.0,0.0,0.0,0.31,0.0,0.0,0.0,1.86,3.6,231,101,0.6,239,127,0.0,400,144,0.4,263,119,,,,1,,Tyler,Adams,Adams,,,15,0,0,0,2,0,0,0,0,0,0,0,3,,,,0,0.0,12.0,0.0,18.0,0,3,0
74,a,100.0,75.0,5.0,236,142,0,0,0,0,0.1,486,200,0,0,0.0,444,169,0,0,0.0,444,169,0.0,0.0,0,324,324,473,473,1.5,1.1,0.0,0.0,0.0,0.0,0.0,0.0,0.0,0.0,0.0,433,162,0.0,440,172,0.0,381,131,0.0,449,169,4.0,3.0,,1,,David,Brooks,Brooks,,,0,0,0,0,0,0,0,0,0,0,0,0,0,,,,0,0.0,0.0,0.0,0.0,0,0,0
75,a,100.0,0.0,5.0,245,148,0,0,0,0,0.0,560,232,0,0,0.0,450,174,0,0,0.0,450,174,0.0,0.0,0,311,311,126,126,1.5,0.0,0.0,0.0,0.0,0.0,0.0,0.0,0.0,0.0,0.0,440,167,0.0,448,177,0.0,389,137,0.0,456,174,6.0,,,1,,Ryan,Christie,Christie,,,0,0,0,0,0,0,0,0,0,0,0,0,0,,,,0,0.0,0.0,0.0,0.0,0,0,0
76,a,,,5.0,387,231,0,0,0,0,0.0,562,234,1,1,1.0,236,104,0,5,1.0,236,104,0.2,0.2,0,70,70,95,95,1.5,1.5,0.0,0.0,0.0,0.31,0.0,0.0,0.0,1.86,2.8,238,107,0.6,243,129,0.0,495,196,0.3,278,131,,,,1,,Alex,Tóth,Tóth.A,,,15,0,0,0,2,0,0,0,0,0,0,0,2,,,,0,0.0,12.0,0.0,12.0,1,0,1
77,i,0.0,0.0,5.0,332,192,0,0,0,0,0.0,538,222,0,0,0.0,503,204,0,0,0.0,503,204,0.0,0.0,0,34,34,743,743,0.0,0.0,0.0,0.0,0.0,0.0,0.0,0.0,0.0,0.0,0.0,491,196,0.0,503,205,0.0,460,172,0.0,507,203,,,,1,,Amine,Adli,Adli,Unspecified injury - Unknown return date,,0,0,0,0,0,0,0,0,0,0,0,0,0,,,,0,0.0,0.0,0.0,0.0,0,0,0
78,i,0.0,0.0,7.5,21,13,0,0,0,0,0.4,282,93,0,0,0.0,607,267,0,0,0.0,607,267,0.0,0.0,0,362,362,9823,9823,0.0,0.0,0.0,0.0,0.0,0.0,0.0,0.0,0.0,0.0,0.0,610,267,0.0,611,268,0.0,611,268,0.0,611,268,,,1.0,1,,Junior,Kroupi,Kroupi.Jr,Foot injury - Unknown return date,,0,0,0,0,0,0,0,0,0,0,0,0,0,,,,0,0.0,0.0,0.0,0.0,0,0,0
79,a,,,6.0,84,22,0,0,0,0,2.7,108,15,4,4,4.0,79,9,0,17,4.0,79,9,0.7,0.7,0,40786,40786,10892,10892,2.0,2.0,0.0,0.21,0.21,1.94,0.0,0.26,0.26,2.36,19.4,88,9,11.9,108,12,2.0,185,29,3.3,124,14,,,,1,,Francisco Evanilson,de Lima Barbosa,Evanilson,,,74,0,1,1,0,0,0,0,1,0,0,1,8,,,,0,1.22,0.0,1.22,9.73,1,4,3
80,u,0.0,0.0,5.5,121,30,0,0,0,0,0.0,532,70,0,0,0.0,536,55,0,0,0.0,536,55,0.0,0.0,0,0,0,807,807,0.0,0.0,0.0,0.0,0.0,0.0,0.0,0.0,0.0,0.0,0.0,526,45,0.0,541,53,0.0,511,52,0.0,542,54,,,,1,,Enes,Ünal,Enes Ünal,Has joined Getafe permanently,,0,0,0,0,0,0,0,0,0,0,0,0,0,,,,0,0.0,0.0,0.0,0.0,0,0,0
81,a,100.0,75.0,6.0,106,28,0,0,0,0,0.1,408,61,0,0,0.0,589,67,0,0,0.0,589,67,0.0,0.0,0,586,586,825,825,2.0,1.5,0.0,0.0,0.0,0.0,0.0,0.0,0.0,0.0,0.0,590,67,0.0,594,68,0.0,589,68,0.0,594,68,,,,1,,Álvaro,Rodríguez,Rodríguez,,,0,0,0,0,0,0,0,0,0,0,0,0,0,,,,0,0.0,0.0,0.0,0.0,0,0,0
566,a,,,5.0,326,64,0,0,0,0,0.3,289,107,2,2,2.0,131,47,0,5,2.0,131,47,0.4,0.4,0,3866,3866,1257,1257,2.2,2.2,0.0,0.0,0.0,2.25,0.0,0.0,0.0,2.25,31.4,52,20,0.3,260,95,0.0,454,179,3.2,126,48,,,,1,,António João,Pereira de Albuquerque Tavares da Silva,Silva,,,90,0,0,0,2,0,0,0,1,0,0,1,13,,,,0,0.0,2.0,1.0,13.0,0,13,1
608,a,,,5.0,358,58,0,0,0,0,0.0,528,69,1,1,1.0,230,21,0,6,1.0,230,21,0.2,0.2,0,1299,1299,208,208,1.4,1.4,0.1,0.0,0.1,0.31,0.6,0.0,0.6,1.86,3.4,235,17,0.8,230,26,17.0,57,12,2.1,171,18,,,,1,,Daniel,Jebbison,Jebbison,,,15,0,0,0,2,0,0,0,0,0,0,0,1,,,,0,0.0,12.0,0.0,6.0,0,0,1
82,a,,,5.0,256,11,0,0,0,0,6.3,60,8,7,7,7.0,36,3,0,34,7.0,36,3,1.4,1.4,0,48325,48325,11042,11042,2.6,2.6,0.0,0.01,0.01,0.57,0.0,0.01,0.01,0.57,31.4,51,6,0.0,456,53,0.0,399,53,3.1,128,6,,,,1,,Caoimhín,Kelleher,Kelleher,,,90,0,0,1,0,0,0,0,0,0,4,1,0,,,,4,1.0,0.0,1.0,0.0,0,0,5
83,a,,,4.5,493,43,0,0,0,0,0.1,410,45,0,0,0.0,399,54,0,0,0.0,399,54,0.0,0.0,0,427,427,548,548,1.9,1.9,0.0,0.0,0.0,0.0,0.0,0.0,0.0,0.0,0.0,387,54,0.0,394,42,0.0,331,42,0.0,403,54,,,,1,,Hákon Rafn,Valdimarsson,Valdimarsson,,,0,0,0,0,0,0,0,0,0,0,0,0,0,,,,0,0.0,0.0,0.0,0.0,0,0,0
573,a,,,4.5,488,133,0,0,0,0,0.2,328,124,0,0,0.0,394,155,0,0,0.0,394,155,0.0,0.0,0,353,353,897,897,1.7,1.7,0.0,0.0,0.0,0.0,0.0,0.0,0.0,0.0,0.0,382,161,0.0,389,162,0.0,326,143,0.0,398,161,,,,1,,Juanlu,Sánchez,Sanchez,,,0,0,0,0,0,0,0,0,0,0,0,0,0,,,,0,0.0,0.0,0.0,0.0,0,0,0
84,a,,,5.5,159,19,0,0,0,0,2.0,125,51,6,6,6.0,56,24,0,21,6.0,56,24,1.1,1.1,0,16413,16413,5322,5322,2.5,2.5,0.34,0.04,0.38,0.57,0.34,0.04,0.38,0.57,11.6,147,69,21.5,57,17,17.0,58,16,5.0,77,26,,,,1,,Nathan,Collins,Collins,,,90,0,0,1,0,0,0,0,0,0,0,1,3,,,,0,1.0,0.0,1.0,3.0,0,3,3
85,i,0.0,0.0,5.0,305,57,0,0,0,0,0.1,404,143,0,0,0.0,486,181,0,0,0.0,486,181,0.0,0.0,0,117,117,3075,3075,0.0,0.0,0.0,0.0,0.0,0.0,0.0,0.0,0.0,0.0,0.0,475,188,0.0,485,188,0.0,438,176,0.0,491,188,,,,1,,Sepp,van den Berg,Van den Berg,Groin injury - Unknown return date,,0,0,0,0,0,0,0,0,0,0,0,0,0,,,,0,0.0,0.0,0.0,0.0,0,0,0
86,a,,,5.5,155,96,0,0,0,0,0.8,215,71,10,10,10.0,17,8,2,37,10.0,17,8,1.8,1.8,0,26112,26112,3859,3859,2.0,2.0,0.77,0.12,0.89,0.57,0.77,0.12,0.89,0.57,47.2,12,8,15.9,76,47,19.0,49,25,8.2,29,19,,1.0,,1,,Keane,Lewis-Potter,Lewis-Potter,,,90,1,0,1,0,0,0,0,0,0,0,1,10,,,,0,1.0,0.0,1.0,10.0,1,4,5
87,a,,,4.5,430,95,0,0,0,0,3.8,85,34,8,8,8.0,30,12,0,29,8.0,30,12,1.8,1.8,0,35377,35377,7068,7068,1.7,1.7,0.11,0.02,0.13,0.57,0.11,0.02,0.13,0.57,20.0,84,38,0.9,223,74,35.0,21,5,5.6,60,18,,,,1,,Kristoffer,Ajer,Ajer,,,90,0,0,1,0,0,0,0,0,0,0,1,10,,,,0,1.0,0.0,1.0,10.0,2,8,3
88,a,,,4.5,528,147,0,0,0,0,6.2,61,23,13,13,13.0,6,4,1,36,13.0,6,4,2.9,2.9,0,217113,217113,11524,11524,1.7,1.7,0.5,0.0,0.5,0.47,0.6,0.0,0.6,0.56,33.8,39,13,1.5,197,62,46.0,10,1,8.1,31,6,,,,1,,Michael,Kayode,Kayode,,,75,1,0,1,0,0,0,0,0,0,0,1,4,,,,0,1.2,0.0,1.2,4.8,0,4,5
89,a,,,4.5,431,96,0,0,0,0,0.3,315,118,0,0,0.0,364,137,0,0,0.0,364,137,0.0,0.0,0,405,405,1374,1374,1.7,1.7,0.0,0.0,0.0,0.0,0.0,0.0,0.0,0.0,0.0,351,142,0.0,355,146,0.0,282,119,0.0,368,143,,,,1,,Rico,Henry,Henry,,,0,0,0,0,0,0,0,0,0,0,0,0,0,,,,0,0.0,0.0,0.0,0.0,0,0,0
90,a,,,4.5,475,128,0,0,0,0,0.1,448,160,1,1,1.0,197,75,0,2,1.0,197,75,0.2,0.2,0,398,398,356,356,1.7,1.7,0.0,0.0,0.0,0.1,0.0,0.0,0.0,0.64,0.0,376,159,0.3,257,93,0.0,315,140,0.0,392,159,,,,1,,Aaron,Hickey,Hickey,,,14,0,0,0,0,0,0,0,0,0,0,0,0,,,,0,0.0,0.0,0.0,0.0,0,0,2
91,a,,,4.5,448,110,0,0,0,0,0.1,445,158,0,0,0.0,373,143,0,0,0.0,373,143,0.0,0.0,0,298,298,625,625,1.7,1.7,0.0,0.0,0.0,0.0,0.0,0.0,0.0,0.0,0.0,360,148,0.0,364,152,0.0,294,128,0.0,377,149,,,,1,,Ethan,Pinnock,Pinnock,,,0,0,0,0,0,0,0,0,0,0,0,0,0,,,,0,0.0,0.0,0.0,0.0,0,0,0
92,a,,,4.5,513,141,0,0,0,0,0.0,549,190,0,0,0.0,416,161,0,0,0.0,416,161,0.0,0.0,0,87,87,128,128,1.7,1.7,0.0,0.0,0.0,0.0,0.0,0.0,0.0,0.0,0.0,405,167,0.0,411,168,0.0,350,150,0.0,421,167,,,,1,,Kim,Ji-soo,Ji-soo,,,0,0,0,0,0,0,0,0,0,0,0,0,0,,,,0,0.0,0.0,0.0,0.0,0,0,0
93,a,,,4.5,494,135,0,0,0,0,0.2,364,137,0,0,0.0,400,157,0,0,0.0,400,157,0.0,0.0,0,109,109,755,755,1.7,1.7,0.0,0.0,0.0,0.0,0.0,0.0,0.0,0.0,0.0,388,163,0.0,395,164,0.0,332,145,0.0,404,163,,,,1,,Jannik,Schuster,Schuster,,,0,0,0,0,0,0,0,0,0,0,0,0,0,,,,0,0.0,0.0,0.0,0.0,0,0,0
94,a,,,6.0,100,65,0,0,0,0,3.5,94,30,3,3,3.0,105,47,0,17,3.0,105,47,0.5,0.5,0,13495,13495,15307,15307,2.2,2.2,0.52,0.01,0.53,0.57,0.52,0.01,0.53,0.57,14.4,120,39,11.8,110,66,59.0,2,1,8.5,28,18,,,2.0,1,,Kevin,Schade,Schade,,,90,0,0,1,0,0,0,0,0,0,0,1,9,,,,0,1.0,0.0,1.0,9.0,3,1,5
95,a,,,6.5,52,36,0,0,0,0,1.2,184,60,3,3,3.0,107,49,0,6,3.0,107,49,0.5,0.5,0,4650,4650,6289,6289,2.3,2.3,0.05,0.29,0.34,0.47,0.07,0.4,0.47,0.64,1.0,268,125,30.8,26,21,15.0,70,38,4.7,85,45,2.0,,,1,,Dango,Ouattara,O.Dango,,,66,0,0,1,0,0,0,0,0,0,0,1,6,,,,0,1.36,0.0,1.36,8.18,0,2,4
96,a,,,5.5,163,102,0,0,0,0,0.6,246,82,1,1,1.0,254,116,0,6,1.0,254,116,0.2,0.2,0,1318,1318,4825,4825,2.0,2.0,0.0,0.11,0.11,0.1,0.0,0.71,0.71,0.64,7.6,183,72,26.3,41,28,0.0,536,223,3.4,120,60,3.0,3.0,,1,,Mikkel,Damsgaard,Damsgaard,,,14,0,0,0,0,0,0,0,0,0,0,0,4,,,,0,0.0,0.0,0.0,25.71,1,0,3
97,a,,,5.5,139,86,0,0,0,0,0.2,333,117,6,6,6.0,55,24,0,22,6.0,55,24,1.1,1.1,0,2273,2273,827,827,2.0,2.0,0.08,0.34,0.42,0.47,0.11,0.46,0.57,0.64,12.6,138,46,46.2,9,8,13.0,77,42,7.2,43,25,1.0,2.0,3.0,1,,Mathias,Jensen,Jensen,,,66,0,1,1,0,0,0,0,0,0,0,1,5,,,,0,1.36,0.0,1.36,6.82,2,0,3
98,a,,,5.0,260,158,0,0,0,0,0.3,296,100,9,9,9.0,20,10,0,35,9.0,20,10,1.8,1.8,0,16831,16831,2210,2210,1.5,1.5,0.39,0.17,0.56,0.57,0.39,0.17,0.56,0.57,53.2,3,3,38.8,18,15,24.0,39,22,11.6,8,7,4.0,,,1,,Vitaly,Janelt,Janelt,,,90,1,0,1,0,0,0,0,1,0,0,1,13,,,,0,1.0,0.0,1.0,13.0,4,6,3
99,i,0.0,0.0,5.0,367,216,0,0,0,0,0.0,607,265,0,0,0.0,521,215,0,0,0.0,521,215,0.0,0.0,0,21,21,35,35,0.0,0.0,0.0,0.0,0.0,0.0,0.0,0.0,0.0,0.0,0.0,509,207,0.0,522,216,0.0,480,184,0.0,525,214,,,,1,,Antoni,Milambo,Milambo,Knee injury - Unknown return date,,0,0,0,0,0,0,0,0,0,0,0,0,0,,,,0,0.0,0.0,0.0,0.0,0,0,0
100,a,100.0,75.0,5.0,292,174,0,0,0,0,0.0,568,240,0,0,0.0,477,189,0,0,0.0,477,189,0.0,0.0,0,39,39,190,190,1.5,1.1,0.0,0.0,0.0,0.0,0.0,0.0,0.0,0.0,0.0,466,181,0.0,475,190,0.0,426,155,0.0,482,188,,,,1,,Fábio,Freitas Gouveia Carvalho,Carvalho,,,0,0,0,0,0,0,0,0,0,0,0,0,0,,,,0,0.0,0.0,0.0,0.0,0,0,0
102,a,,,5.0,349,202,0,0,0,0,1.2,177,55,1,1,1.0,226,97,0,7,1.0,226,97,0.2,0.2,0,519,519,8219,8219,1.5,1.5,0.04,0.0,0.04,0.1,0.16,0.0,0.16,0.39,2.2,246,111,0.8,229,126,3.0,150,77,0.6,252,113,,,,1,,Yehor,Yarmoliuk,Yarmoliuk,,,23,0,0,0,0,0,0,0,0,0,0,0,6,,,,0,0.0,0.0,0.0,23.48,2,1,3
103,a,,,5.0,253,153,0,0,0,0,0.0,533,220,0,0,0.0,455,177,0,0,0.0,455,177,0.0,0.0,0,124,124,227,227,1.5,1.5,0.0,0.0,0.0,0.0,0.0,0.0,0.0,0.0,0.0,446,171,0.0,454,180,0.0,397,142,0.0,462,178,,,,1,,Josh,Dasilva,Dasilva,,,0,0,0,0,0,0,0,0,0,0,0,0,0,,,,0,0.0,0.0,0.0,0.0,0,0,0
105,a,,,6.0,85,54,0,0,0,0,0.2,370,139,1,1,1.0,279,130,0,9,1.0,279,130,0.2,0.2,0,1098,1098,1484,1484,2.2,2.2,0.03,0.35,0.38,0.1,0.12,1.37,1.49,0.39,10.6,160,58,34.9,21,16,1.0,192,98,4.7,84,44,,,,1,,Jaidon,Anthony,Anthony,,,23,0,0,0,0,0,0,0,0,0,0,0,8,,,,0,0.0,0.0,0.0,31.3,2,0,6
106,a,,,8.0,12,4,0,0,0,0,17.0,23,4,0,0,0.0,609,73,0,-3,0.0,609,73,0.0,0.0,0,60552,60552,82716,82716,2.5,2.5,1.0,0.08,1.08,0.5,1.1,0.09,1.19,0.55,2.2,250,20,4.0,153,19,8.0,102,21,1.4,221,21,,,1.0,1,,Igor Thiago,Nascimento Rodrigues,Thiago,,,82,0,0,1,0,0,0,1,0,0,0,1,5,,,,0,1.1,0.0,1.1,5.49,0,1,4
107,a,,,4.5,523,70,0,0,0,0,0.9,205,34,0,0,0.0,423,42,0,0,0.0,423,42,0.0,0.0,0,5324,5324,5466,5466,1.0,1.0,0.0,0.0,0.0,0.0,0.0,0.0,0.0,0.0,0.0,412,32,0.0,418,39,0.0,358,38,0.0,428,41,,,,1,,Kaye,Furo,Furo,,,0,0,0,0,0,0,0,0,0,0,0,0,0,,,,0,0.0,0.0,0.0,0.0,0,0,0
108,a,,,5.5,114,29,0,0,0,0,0.4,279,47,1,1,1.0,243,22,0,4,1.0,243,22,0.2,0.2,0,2630,2630,3078,3078,1.8,1.8,0.03,0.04,0.07,0.07,0.39,0.51,0.9,0.9,2.2,248,19,10.3,122,15,5.0,125,23,1.8,192,19,,,,1,,Callum,Wilson,Wilson,,,7,0,0,0,0,0,0,0,0,0,0,0,0,,,,0,0.0,0.0,0.0,0.0,0,0,0
565,a,,,5.6,112,73,1,-1,1,-1,6.8,57,19,14,14,14.0,5,2,3,41,14.0,5,2,2.5,2.5,0,280685,280685,12303,12303,2.0,2.0,0.05,0.33,0.38,0.47,0.06,0.4,0.46,0.56,31.6,50,21,21.8,56,37,21.0,44,23,7.4,39,23,,,,1,,Mamadou,Sangaré,M.Sangaré,,,75,0,2,1,0,0,0,0,0,0,0,1,13,,,,0,1.2,0.0,1.2,15.6,2,4,7
109,a,,,4.5,483,42,0,0,0,0,21.6,14,3,6,6,6.0,50,5,0,25,6.0,50,5,1.3,1.3,0,53114,53114,25325,25325,1.9,1.9,0.0,0.0,0.0,0.29,0.0,0.0,0.0,0.29,6.6,195,20,0.0,384,41,0.0,321,41,0.7,244,20,,,,1,,Bart,Verbruggen,Verbruggen,,,90,0,0,1,0,0,0,0,0,0,0,1,0,,,,0,1.0,0.0,1.0,0.0,0,0,4
111,a,,,4.0,541,50,0,0,0,0,4.1,80,12,0,0,0.0,295,23,0,0,0.0,295,23,0.0,0.0,0,6509,6509,8505,8505,1.0,1.0,0.0,0.0,0.0,0.0,0.0,0.0,0.0,0.0,0.0,282,23,0.0,279,3,0.0,197,3,0.0,298,23,,,,1,,Jason,Steele,Steele,,,0,0,0,0,0,0,0,0,0,0,0,0,0,,,,0,0.0,0.0,0.0,0.0,0,0,0
113,d,75.0,,4.5,449,111,0,0,0,0,2.4,117,47,0,0,0.0,374,144,0,0,0.0,374,144,0.0,0.0,0,1999,1999,36570,36570,1.3,1.7,0.0,0.0,0.0,0.0,0.0,0.0,0.0,0.0,0.0,361,149,0.0,365,153,0.0,295,129,0.0,378,150,3.0,,,1,,Ferdi,Kadıoğlu,F.Kadıoğlu,Unspecified injury - 75% chance of playing,,0,0,0,0,0,0,0,0,0,0,0,0,0,,,,0,0.0,0.0,0.0,0.0,0,0,0
114,a,,,4.5,435,99,0,0,0,0,0.3,316,119,6,6,6.0,45,18,0,29,6.0,45,18,1.3,1.3,0,2184,2184,817,817,1.7,1.7,0.0,0.04,0.04,0.29,0.0,0.04,0.04,0.29,15.2,112,51,7.3,130,39,6.0,114,33,2.9,133,51,,,,1,,Olivier,Boscagli,Boscagli,,,90,0,0,1,0,0,0,0,0,0,0,1,6,,,,0,1.0,0.0,1.0,6.0,1,5,4
115,a,,,4.6,399,79,1,-1,1,-1,6.1,62,24,17,17,17.0,1,1,2,46,17.0,1,1,3.7,3.7,0,339856,339856,11041,11041,1.9,1.9,1.47,0.21,1.68,0.29,1.72,0.25,1.97,0.34,40.6,26,9,45.3,10,2,43.0,11,2,12.9,4,1,2.0,4.0,,1,,Maxim,De Cuyper,De Cuyper,,,77,1,1,1,0,0,0,0,0,0,0,1,4,,,,0,1.17,0.0,1.17,4.68,3,1,3
118,a,,,4.5,443,105,0,0,0,0,0.1,435,152,0,0,0.0,372,142,0,0,0.0,372,142,0.0,0.0,0,357,357,584,584,1.7,1.7,0.0,0.0,0.0,0.0,0.0,0.0,0.0,0.0,0.0,359,147,0.0,363,151,0.0,291,125,0.0,376,148,,,,1,,Igor Julio,dos Santos de Paulo,Igor,,,0,0,0,0,0,0,0,0,0,0,0,0,0,,,,0,0.0,0.0,0.0,0.0,0,0,0
119,a,,,4.5,468,125,0,0,0,0,0.0,518,179,1,1,1.0,193,72,0,7,1.0,193,72,0.2,0.2,0,192,192,130,130,1.7,1.7,0.12,0.0,0.12,0.1,0.42,0.0,0.42,0.35,8.2,177,77,1.9,188,57,18.0,50,14,2.8,139,55,,,,1,,João Pedro,Loureiro da Costa,Costinha,,,26,0,0,0,0,0,0,0,0,0,0,0,4,,,,0,0.0,0.0,0.0,13.85,1,3,0
120,a,,,5.0,310,58,0,0,0,0,0.1,484,169,0,0,0.0,491,182,0,0,0.0,491,182,0.0,0.0,0,618,618,468,468,2.2,2.2,0.0,0.0,0.0,0.0,0.0,0.0,0.0,0.0,0.0,480,189,0.0,490,189,0.0,443,177,0.0,496,189,,,,1,,Michael,Svoboda,Svoboda,,,0,0,0,0,0,0,0,0,0,0,0,0,0,,,,0,0.0,0.0,0.0,0.0,0,0,0
121,i,0.0,0.0,6.0,87,56,0,0,0,0,0.0,495,206,0,0,0.0,582,251,0,0,0.0,582,251,0.0,0.0,0,124,124,904,904,0.0,0.0,0.0,0.0,0.0,0.0,0.0,0.0,0.0,0.0,0.0,582,249,0.0,586,252,0.0,579,245,0.0,586,252,,,,1,,Mitoma,Kaoru,Mitoma,Hamstring injury - Unknown return date,,0,0,0,0,0,0,0,0,0,0,0,0,0,,,,0,0.0,0.0,0.0,0.0,0,0,0
122,i,0.0,0.0,6.0,107,68,0,0,0,0,0.1,451,180,0,0,0.0,590,255,0,0,0.0,590,255,0.0,0.0,0,115,115,2617,2617,0.0,0.0,0.0,0.0,0.0,0.0,0.0,0.0,0.0,0.0,0.0,591,254,0.0,595,257,0.0,590,252,0.0,595,257,5.0,,,1,,Yankuba,Minteh,Minteh,Leg injury - Expected back 28 Nov,,0,0,0,0,0,0,0,0,0,0,0,0,0,,,,0,0.0,0.0,0.0,0.0,0,0,0
123,a,,,6.0,101,66,0,0,0,0,2.0,126,38,16,16,16.0,2,1,3,54,16.0,2,1,2.7,2.7,0,105173,105173,11135,11135,2.2,2.2,1.41,0.02,1.43,0.19,2.01,0.03,2.04,0.27,72.8,1,1,13.4,96,60,59.0,3,2,14.5,2,2,,,,1,,Jack,Hinshelwood,Hinshelwood,,,63,2,0,1,0,0,0,0,0,0,0,1,3,,,,0,1.43,0.0,1.43,4.29,2,0,1
124,a,,,5.5,113,74,0,0,0,0,13.3,29,10,2,2,2.0,136,63,0,18,2.0,136,63,0.4,0.4,0,15309,15309,67585,67585,2.0,2.0,0.0,0.27,0.27,0.29,0.0,0.27,0.27,0.29,21.0,79,26,56.9,2,1,8.0,95,46,8.6,26,17,1.0,1.0,1.0,1,,Pascal,Groß,Groß,,,90,0,0,1,0,0,0,0,1,0,0,1,5,,,,0,1.0,0.0,1.0,5.0,3,0,2
125,a,,,5.5,175,41,0,0,0,0,1.1,190,29,5,5,5.0,70,7,0,22,5.0,70,7,0.9,0.9,0,19856,19856,5554,5554,1.8,1.8,0.08,0.44,0.52,0.29,0.08,0.44,0.52,0.29,19.8,86,8,11.4,113,14,15.0,69,14,4.6,87,12,,,,1,,Georginio,Rutter,Georginio,,,90,0,1,1,0,0,0,0,0,0,0,1,7,,,,0,1.0,0.0,1.0,7.0,2,1,4
126,a,,,5.5,144,89,0,0,0,0,0.1,422,166,0,0,0.0,549,231,0,0,0.0,549,231,0.0,0.0,0,443,443,897,897,2.0,2.0,0.0,0.0,0.0,0.0,0.0,0.0,0.0,0.0,0.0,539,225,0.0,554,234,0.0,528,216,0.0,554,232,,,3.0,1,,Matt,O'Riley,O'Riley,,,0,0,0,0,0,0,0,0,0,0,0,0,0,,,,0,0.0,0.0,0.0,0.0,0,0,0
116,a,,,4.5,405,81,0,0,0,0,1.1,185,71,6,6,6.0,43,16,0,24,6.0,43,16,1.3,1.3,0,7976,7976,2993,2993,1.7,1.7,0.0,0.04,0.04,0.29,0.0,0.04,0.04,0.29,13.4,132,61,6.4,134,40,0.0,264,112,2.0,175,66,,3.0,,1,,Lewis,Dunk,Dunk,,,90,0,0,1,0,0,0,0,0,0,0,1,2,,,,0,1.0,0.0,1.0,2.0,1,1,2
127,a,,,5.0,353,204,0,0,0,0,3.8,86,28,6,6,6.0,52,23,0,27,6.0,52,23,1.2,1.2,0,12545,12545,9978,9978,1.5,1.5,0.18,0.48,0.66,0.29,0.19,0.51,0.7,0.31,33.0,43,19,25.1,47,31,41.0,12,7,9.9,13,10,,5.0,,1,,Diego,Gómez Amarilla,Gomez,,,85,0,1,1,0,0,0,0,0,0,0,1,6,,,,0,1.06,0.0,1.06,6.35,3,2,1
128,u,0.0,0.0,5.0,365,214,0,0,0,0,0.0,599,260,0,0,0.0,520,214,0,0,0.0,520,214,0.0,0.0,0,0,0,134,134,0.0,0.0,0.0,0.0,0.0,0.0,0.0,0.0,0.0,0.0,0.0,508,206,0.0,521,215,0.0,479,183,0.0,524,213,,,,1,,Facundo,Buonanotte,Buonanotte,Has joined Elche on loan for the rest of the season,,0,0,0,0,0,0,0,0,0,0,0,0,0,,,,0,0.0,0.0,0.0,0.0,0,0,0
129,a,,,5.5,200,124,0,0,0,0,0.7,234,77,2,2,2.0,146,70,0,8,2.0,146,70,0.4,0.4,0,2175,2175,4707,4707,2.0,2.0,0.11,0.03,0.14,0.19,0.16,0.04,0.2,0.27,0.0,560,239,15.0,81,51,6.0,121,62,1.7,201,89,4.0,2.0,,1,,Yasin,Ayari,Ayari,,,63,0,0,1,0,0,0,0,1,0,0,1,4,,,,0,1.43,0.0,1.43,5.71,0,1,3
130,a,,,5.0,318,61,0,0,0,0,0.4,273,103,7,7,7.0,37,13,1,32,7.0,37,13,1.4,1.4,0,9299,9299,1747,1747,2.2,2.2,0.09,0.05,0.14,0.29,0.11,0.06,0.17,0.34,16.6,104,44,26.3,40,13,6.0,116,35,4.9,80,28,,,,1,,Mats,Wieffer,Wieffer,,,77,0,0,1,0,0,0,0,0,0,0,1,8,,,,0,1.17,0.0,1.17,9.35,4,4,5
131,i,0.0,0.0,5.0,360,209,0,0,0,0,0.2,354,129,0,0,0.0,516,210,0,0,0.0,516,210,0.0,0.0,0,1715,1715,2957,2957,0.0,0.0,0.0,0.0,0.0,0.0,0.0,0.0,0.0,0.0,0.0,504,202,0.0,517,211,0.0,475,179,0.0,520,209,,,,1,,Carlos,Baleba,Baleba,Ankle injury - Unknown return date,,0,0,0,0,0,0,0,0,0,0,0,0,0,,,,0,0.0,0.0,0.0,0.0,0,0,0
132,u,0.0,0.0,4.5,525,262,0,0,0,0,0.1,475,196,0,0,0.0,425,161,0,0,0.0,425,161,0.0,0.0,0,0,0,1167,1167,0.0,0.0,0.0,0.0,0.0,0.0,0.0,0.0,0.0,0.0,0.0,414,154,0.0,420,164,0.0,360,122,0.0,430,161,,,,1,,Harry,Howell,Howell,Has joined Leicester City on loan for the rest of the season,,0,0,0,0,0,0,0,0,0,0,0,0,0,,,,0,0.0,0.0,0.0,0.0,0,0,0
133,u,0.0,0.0,5.0,370,219,0,0,0,0,0.0,606,264,0,0,0.0,523,217,0,0,0.0,523,217,0.0,0.0,0,0,0,40,40,0.0,0.0,0.0,0.0,0.0,0.0,0.0,0.0,0.0,0.0,0.0,511,209,0.0,524,218,0.0,483,187,0.0,527,216,,,,1,,Tom,Watson,Watson,Has joined Leicester City on loan for the rest of the season,,0,0,0,0,0,0,0,0,0,0,0,0,0,,,,0,0.0,0.0,0.0,0.0,0,0,0
134,a,,,4.5,509,256,0,0,0,0,0.3,305,105,0,0,0.0,413,156,0,0,0.0,413,156,0.0,0.0,0,1167,1167,1780,1780,1.0,1.0,0.0,0.0,0.0,0.0,0.0,0.0,0.0,0.0,0.0,401,149,0.0,408,159,0.0,346,117,0.0,417,156,,,,1,,Nehemiah,Oriola,Oriola,,,0,0,0,0,0,0,0,0,0,0,0,0,0,,,,0,0.0,0.0,0.0,0.0,0,0,0
135,a,,,5.0,398,238,0,0,0,0,0.1,453,182,1,1,1.0,242,109,0,3,1.0,242,109,0.2,0.2,0,259,259,532,532,1.5,1.5,0.0,0.03,0.03,0.0,0.0,0.22,0.22,0.0,0.2,278,133,1.3,210,119,0.0,505,203,0.2,284,135,,,,1,,Zadok,Yohanna,Yohanna,,,12,0,0,0,0,0,0,0,0,0,0,0,0,,,,0,0.0,0.0,0.0,0.0,0,0,0
137,i,0.0,0.0,5.5,220,46,0,0,0,0,0.0,587,72,0,0,0.0,573,61,0,0,0.0,573,61,0.0,0.0,0,64,64,173,173,0.0,0.0,0.0,0.0,0.0,0.0,0.0,0.0,0.0,0.0,0.0,566,55,0.0,576,61,0.0,567,61,0.0,578,62,,,,1,,Stefanos,Tzimas,Tzimas,Knee injury - Unknown return date,,0,0,0,0,0,0,0,0,0,0,0,0,0,,,,0,0.0,0.0,0.0,0.0,0,0,0
138,a,,,5.5,223,47,0,0,0,0,0.2,330,53,1,1,1.0,270,29,0,-1,1.0,270,29,0.2,0.2,0,587,587,1311,1311,1.8,1.8,0.18,0.0,0.18,0.1,0.62,0.0,0.62,0.35,0.0,569,56,0.4,255,29,10.0,88,17,0.9,237,23,,,,1,,Charalampos,Kostoulas,Kostoulas,,,26,0,0,0,0,0,0,0,0,0,0,0,2,,,,0,0.0,0.0,0.0,6.92,1,0,1
139,i,0.0,0.0,5.0,329,55,0,0,0,0,0.0,521,68,0,0,0.0,501,49,0,0,0.0,501,49,0.0,0.0,0,236,236,455,455,0.0,0.0,0.0,0.0,0.0,0.0,0.0,0.0,0.0,0.0,0.0,489,39,0.0,501,47,0.0,457,46,0.0,505,48,,,,1,,Evan,Ferguson,Ferguson,Ankle injury - Expected back 10 Oct,,0,0,0,0,0,0,0,0,0,0,0,0,0,,,,0,0.0,0.0,0.0,0.0,0,0,0
328,a,100.0,100.0,5.0,279,50,0,0,0,0,0.2,323,123,0,0,0.0,466,176,0,0,0.0,466,176,0.0,0.0,0,1124,1124,1622,1622,2.2,2.2,0.0,0.0,0.0,0.0,0.0,0.0,0.0,0.0,0.0,458,184,0.0,467,184,0.0,415,170,0.0,474,184,,,,1,,Pascal,Struijk,Struijk,,,0,0,0,0,0,0,0,0,0,0,0,0,0,,,,0,0.0,0.0,0.0,0.0,0,0,0
594,a,,,6.0,102,25,0,0,0,0,0.3,311,52,0,0,0.0,588,66,0,0,0.0,588,66,0.0,0.0,0,1837,1837,2401,2401,2.0,2.0,0.0,0.0,0.0,0.0,0.0,0.0,0.0,0.0,0.0,589,66,0.0,593,67,0.0,588,67,0.0,593,67,,,2.0,1,,Promise,David,David,,,0,0,0,0,0,0,0,0,0,0,0,0,0,,,,0,0.0,0.0,0.0,0.0,0,0,0
600,a,,,5.0,386,230,0,0,0,0,0.0,570,241,1,1,1.0,235,103,0,7,1.0,235,103,0.2,0.2,0,164,164,96,96,1.5,1.5,0.0,0.05,0.05,0.0,0.0,0.38,0.38,0.0,4.2,221,95,15.4,78,49,4.0,136,68,2.4,157,71,,,,1,,Ibrahim,Osman,Osman,,,12,0,0,0,0,0,0,0,0,0,0,0,2,,,,0,0.0,0.0,0.0,15.0,0,0,2
605,a,,,4.5,529,263,0,0,0,0,0.1,469,191,1,1,1.0,207,89,0,3,1.0,207,89,0.2,0.2,0,2463,2463,486,486,1.0,1.0,0.0,0.01,0.01,0.0,0.0,0.22,0.22,0.0,0.6,269,126,2.7,167,98,0.0,362,123,0.3,275,129,,,,1,,Malick,Yalcouyé,Yalcouyé,,,4,0,0,0,0,0,0,0,0,0,0,0,0,,,,0,0.0,0.0,0.0,0.0,0,0,0
40,a,,,7.5,15,9,0,0,0,0,25.6,11,5,8,8,8.0,34,17,1,37,8.0,34,17,1.1,1.1,0,149592,149592,40249,40249,2.6,2.6,0.96,0.1,1.06,1.24,1.07,0.11,1.18,1.38,48.8,8,6,53.5,4,3,29.0,30,16,13.1,3,3,4.0,,,1,,Morgan,Rogers,Rogers,,,81,1,0,0,2,0,0,0,0,0,0,1,7,,,,0,0.0,2.22,1.11,7.78,2,0,5
504,a,,,5.0,385,76,0,0,0,0,2.5,114,46,6,6,6.0,54,23,0,19,6.0,54,23,1.2,1.2,0,15968,15968,7275,7275,2.2,2.2,0.13,0.03,0.16,0.29,0.13,0.03,0.16,0.29,12.4,141,66,4.5,149,44,12.0,78,22,2.9,137,54,,,,1,,Luka,Vušković,Vuskovic,,,90,0,0,1,0,0,0,0,0,0,0,1,4,,,,0,1.0,0.0,1.0,4.0,0,4,2
101,d,75.0,75.0,5.0,225,139,0,0,0,0,0.0,507,212,0,0,0.0,436,167,0,0,0.0,436,167,0.0,0.0,0,168,168,479,479,1.1,1.1,0.0,0.0,0.0,0.0,0.0,0.0,0.0,0.0,0.0,425,160,0.0,431,170,0.0,372,129,0.0,441,167,,,,1,,Jordan,Henderson,Henderson,Wrist injury - 75% chance of playing,,0,0,0,0,0,0,0,0,0,0,0,0,0,,,,0,0.0,0.0,0.0,0.0,0,0,0
136,a,100.0,75.0,6.0,57,13,0,0,0,0,1.0,194,30,0,0,0.0,577,63,0,0,0.0,577,63,0.0,0.0,0,920,920,15940,15940,2.0,1.5,0.0,0.0,0.0,0.0,0.0,0.0,0.0,0.0,0.0,571,58,0.0,580,63,0.0,571,63,0.0,582,64,,,,1,,Danny,Welbeck,Welbeck,,,0,0,0,0,0,0,0,0,0,0,0,0,0,,,,0,0.0,0.0,0.0,0.0,0,0,0
140,a,,,5.0,269,12,0,0,0,0,2.4,119,18,2,2,2.0,125,14,0,6,2.0,125,14,0.4,0.4,0,6371,6371,12047,12047,2.6,2.6,0.0,0.01,0.01,1.33,0.0,0.01,0.01,1.33,21.4,78,11,0.0,461,54,0.0,407,54,2.1,170,11,,,,1,,Robert,Lynch Sánchez,Sánchez,,,90,0,0,0,2,0,0,0,0,0,4,1,0,,,,4,0.0,2.0,1.0,0.0,0,1,5
141,u,0.0,0.0,5.0,350,21,0,0,0,0,0.0,571,66,0,0,0.0,514,67,0,0,0.0,514,67,0.0,0.0,0,0,0,417,417,0.0,0.0,0.0,0.0,0.0,0.0,0.0,0.0,0.0,0.0,0.0,502,67,0.0,515,63,0.0,472,63,0.0,518,67,,,,1,,Filip,Jörgensen,Jörgensen,Has joined RC Strasbourg on loan for the rest of the season,,0,0,0,0,0,0,0,0,0,0,0,0,0,,,,0,0.0,0.0,0.0,0.0,0,0,0
142,a,,,5.5,146,16,0,0,0,0,10.1,38,13,0,0,0.0,551,194,0,5,0.0,551,194,0.0,0.0,0,43282,43282,49280,49280,2.5,2.5,0.1,0.07,0.17,1.33,0.1,0.07,0.17,1.33,23.4,72,32,16.8,71,23,19.0,48,13,5.9,54,15,1.0,1.0,,1,,Reece,James,James,,,90,0,0,0,2,0,0,0,1,0,0,1,6,,,,0,0.0,2.0,1.0,6.0,0,6,4
143,u,0.0,0.0,5.5,127,12,0,0,0,0,0.2,381,139,0,0,0.0,540,191,0,0,0.0,540,191,0.0,0.0,0,0,0,6275,6275,0.0,0.0,0.0,0.0,0.0,0.0,0.0,0.0,0.0,0.0,0.0,530,197,0.0,545,197,0.0,515,189,0.0,546,197,,,,1,,Trevoh,Chalobah,Chalobah,Has joined Como permanently,,0,0,0,0,0,0,0,0,0,0,0,0,0,,,,0,0.0,0.0,0.0,0.0,0,0,0
144,a,,,5.0,325,63,0,0,0,0,1.2,176,70,1,1,1.0,221,88,0,2,1.0,221,88,0.2,0.2,0,9058,9058,6931,6931,2.2,2.2,0.0,0.03,0.03,1.11,0.0,0.04,0.04,1.33,7.2,185,82,9.8,125,38,6.0,117,36,2.3,162,63,,,,1,,Malo,Gusto,Gusto,,,75,0,0,0,2,0,0,0,0,0,0,1,3,,,,0,0.0,2.4,1.2,3.6,1,2,4
145,a,100.0,0.0,5.0,304,56,0,0,0,0,0.0,539,185,0,0,0.0,485,180,0,0,0.0,485,180,0.0,0.0,0,451,451,177,177,2.2,0.0,0.0,0.0,0.0,0.0,0.0,0.0,0.0,0.0,0.0,474,187,0.0,484,187,0.0,437,175,0.0,490,187,,,,1,,Wesley,Fofana,Fofana,,,0,0,0,0,0,0,0,0,0,0,0,0,0,,,,0,0.0,0.0,0.0,0.0,0,0,0
146,u,0.0,,4.5,455,115,0,0,0,0,0.0,535,183,0,0,0.0,379,148,0,0,0.0,379,148,0.0,0.0,0,232,232,443,443,0.0,1.7,0.0,0.0,0.0,0.0,0.0,0.0,0.0,0.0,0.0,365,152,0.0,370,156,0.0,300,132,0.0,382,153,,,,1,,Benoît,Badiashile Mukinayi,B.Badiashile,Has joined Napoli on loan for the rest of the season,,0,0,0,0,0,0,0,0,0,0,0,0,0,,,,0,0.0,0.0,0.0,0.0,0,0,0
147,a,,,4.5,413,85,0,0,0,0,0.2,341,128,0,0,0.0,354,134,0,0,0.0,354,134,0.0,0.0,0,201,201,1288,1288,1.7,1.7,0.0,0.0,0.0,0.0,0.0,0.0,0.0,0.0,0.0,341,139,0.0,344,142,0.0,270,114,0.0,358,140,,,,1,,Tosin,Adarabioyo,Tosin,,,0,0,0,0,0,0,0,0,0,0,0,0,0,,,,0,0.0,0.0,0.0,0.0,0,0,0
148,a,,,4.5,506,140,0,0,0,0,0.5,257,96,1,1,1.0,203,80,0,5,1.0,203,80,0.2,0.2,0,2731,2731,2855,2855,1.7,1.7,0.01,0.03,0.04,1.05,0.01,0.04,0.05,1.48,8.4,175,76,12.3,101,30,11.0,82,26,3.2,125,47,,,,1,,Jorrel,Hato,Hato,,,64,0,0,0,2,0,0,0,0,0,0,1,3,,,,0,0.0,2.81,1.41,4.22,2,1,2
149,a,,,5.0,311,59,0,0,0,0,1.6,156,65,0,0,0.0,492,183,0,6,0.0,492,183,0.0,0.0,0,7785,7785,11031,11031,2.2,2.2,0.01,0.03,0.04,1.33,0.01,0.03,0.04,1.33,6.0,201,88,1.6,195,60,7.0,105,31,1.5,208,81,,,,1,,Levi,Samuels Colwill,Colwill,,,90,0,0,0,2,0,0,0,1,0,0,1,4,,,,0,0.0,2.0,1.0,4.0,2,2,3
150,a,,,4.5,515,142,0,0,0,0,0.1,442,155,0,0,0.0,418,162,0,0,0.0,418,162,0.0,0.0,0,330,330,628,628,1.7,1.7,0.0,0.0,0.0,0.0,0.0,0.0,0.0,0.0,0.0,407,168,0.0,413,169,0.0,352,151,0.0,423,168,,,,1,,Mamadou,Sarr,M.Sarr,,,0,0,0,0,0,0,0,0,0,0,0,0,0,,,,0,0.0,0.0,0.0,0.0,0,0,0
151,a,,,4.5,518,144,0,0,0,0,0.3,292,108,3,3,3.0,85,36,0,13,3.0,85,36,0.7,0.7,0,3704,3704,1712,1712,1.7,1.7,0.0,0.01,0.01,1.33,0.0,0.01,0.01,1.33,33.2,41,14,2.2,180,54,2.0,163,59,3.7,112,40,,,,1,,Josh,Acheampong,Acheampong,,,90,0,0,0,2,0,0,0,0,0,0,1,15,,,,0,0.0,2.0,1.0,15.0,5,10,6
152,d,75.0,,5.5,222,34,0,0,0,0,2.6,113,45,0,0,0.0,575,200,0,0,0.0,575,200,0.0,0.0,0,4668,4668,32089,32089,1.9,2.5,0.0,0.0,0.0,0.0,0.0,0.0,0.0,0.0,0.0,568,202,0.0,578,202,0.0,569,201,0.0,580,202,,,,1,,Marco,Palestra,Palestra,Unspecified injury - 75% chance of playing,,0,0,0,0,0,0,0,0,0,0,0,0,0,,,,0,0.0,0.0,0.0,0.0,0,0,0
154,a,100.0,,9.5,4,3,0,0,0,0,13.4,28,9,13,13,13.0,8,4,3,60,13.0,8,4,1.4,1.4,0,193330,193330,21722,21722,3.2,3.2,0.28,0.19,0.47,1.24,0.31,0.21,0.52,1.36,65.2,2,2,41.3,14,12,54.0,5,4,16.1,1,1,,3.0,1.0,1,,Cole,Palmer,Palmer,,,82,1,1,0,2,0,0,0,0,0,0,1,9,,,,0,0.0,2.2,1.1,9.88,2,0,7
153,a,,,4.5,440,103,0,0,0,0,0.1,468,164,0,0,0.0,370,141,0,0,0.0,370,141,0.0,0.0,0,317,317,598,598,1.7,1.7,0.0,0.0,0.0,0.0,0.0,0.0,0.0,0.0,0.0,357,146,0.0,361,150,0.0,289,124,0.0,374,147,,,,1,,Axel,Disasi,Disasi,,,0,0,0,0,0,0,0,0,0,0,0,0,0,,,,0,0.0,0.0,0.0,0.0,0,0,0
155,a,,,7.0,29,19,0,0,0,0,4.8,71,23,1,1,1.0,291,141,0,6,1.0,291,141,0.1,0.1,0,12550,12550,47341,47341,2.5,2.5,0.0,0.02,0.02,0.28,0.0,0.07,0.07,1.01,3.4,236,105,12.0,106,64,0.0,607,266,1.5,212,95,3.0,2.0,2.0,1,,Enzo,Fernández,Enzo,,,25,0,0,0,0,0,0,0,0,0,0,0,3,,,,0,0.0,0.0,0.0,10.8,0,0,3
156,a,,,6.5,42,29,0,0,0,0,1.3,172,52,1,1,1.0,286,136,0,9,1.0,286,136,0.2,0.2,0,4248,4248,13107,13107,2.3,2.3,0.03,0.07,0.1,0.22,0.19,0.45,0.64,1.41,5.2,212,88,4.1,152,90,4.0,144,73,1.3,227,102,2.0,4.0,,1,,Pedro,Lomba Neto,Neto,,,14,0,0,0,0,0,0,0,0,0,0,0,4,,,,0,0.0,0.0,0.0,25.71,1,0,3
157,a,,,6.5,54,38,0,0,0,0,1.2,178,56,1,1,1.0,288,138,0,3,1.0,288,138,0.2,0.2,0,4047,4047,15063,15063,2.3,2.3,0.0,0.0,0.0,0.09,0.0,0.0,0.0,1.16,0.2,279,134,0.4,256,135,0.0,604,264,0.1,295,141,5.0,,3.0,1,,Estêvão,Almeida de Oliveira Gonçalves,Estêvão,,,7,0,0,0,0,0,0,0,0,0,0,0,1,,,,0,0.0,0.0,0.0,12.86,0,0,1
158,a,,,6.0,89,57,0,0,0,0,0.0,512,215,0,0,0.0,584,252,0,0,0.0,584,252,0.0,0.0,0,199,199,485,485,2.2,2.2,0.0,0.0,0.0,0.0,0.0,0.0,0.0,0.0,0.0,584,250,0.0,588,253,0.0,581,246,0.0,588,253,,,,1,,Jamie,Bynoe-Gittens,Gittens,,,0,0,0,0,0,0,0,0,0,0,0,0,0,,,,0,0.0,0.0,0.0,0.0,0,0,0
159,d,75.0,,5.5,191,117,0,0,0,0,3.4,98,31,0,0,0.0,565,241,0,0,0.0,565,241,0.0,0.0,0,8990,8990,58109,58109,1.5,2.0,0.0,0.0,0.0,0.0,0.0,0.0,0.0,0.0,0.0,556,235,0.0,569,243,0.0,553,232,0.0,569,241,,,,1,,Moisés,Caicedo Corozo,Caicedo,Unspecified injury - 75% chance of playing,,0,0,0,0,0,0,0,0,0,0,0,0,0,,,,0,0.0,0.0,0.0,0.0,0,0,0
161,a,,,5.0,354,205,0,0,0,0,0.1,470,192,1,1,1.0,227,98,0,8,1.0,227,98,0.2,0.2,0,728,728,597,597,1.5,1.5,0.21,0.03,0.24,1.05,0.3,0.04,0.34,1.48,13.6,130,43,21.9,55,36,33.0,24,11,6.9,44,26,,,,1,,Roméo,Lavia,Lavia,,,64,0,0,0,2,0,0,0,1,0,0,1,9,,,,0,0.0,2.81,1.41,12.66,3,2,4
163,a,,,4.5,485,249,0,0,0,0,0.2,347,125,0,0,0.0,391,149,0,0,0.0,391,149,0.0,0.0,0,948,948,1931,1931,1.0,1.0,0.0,0.0,0.0,0.0,0.0,0.0,0.0,0.0,0.0,379,142,0.0,386,152,0.0,323,110,0.0,395,149,,,,1,,Dário,Luís Essugo,D.Essugo,,,0,0,0,0,0,0,0,0,0,0,0,0,0,,,,0,0.0,0.0,0.0,0.0,0,0,0
164,a,100.0,100.0,5.5,219,137,0,0,0,0,0.0,499,208,1,1,1.0,269,125,0,2,1.0,269,125,0.2,0.2,0,169,169,539,539,2.0,2.0,0.0,0.0,0.0,0.09,0.0,0.0,0.0,1.01,1.2,264,122,0.3,265,140,2.0,181,91,0.4,270,126,,,,1,,Geovany,Quenda,Quenda,,,8,0,0,0,0,0,0,0,0,0,0,0,1,,,,0,0.0,0.0,0.0,11.25,0,1,0
165,a,,,7.5,18,6,0,0,0,0,66.3,2,2,11,11,11.0,13,1,2,45,11.0,13,1,1.5,1.5,0,235049,235049,19868,19868,2.4,2.4,0.63,0.06,0.69,1.33,0.63,0.06,0.69,1.33,51.2,5,1,23.0,53,3,37.0,19,7,11.1,11,2,,,,1,,João Pedro,Junqueira de Jesus,João Pedro,,,90,1,1,0,2,0,0,0,0,0,0,1,3,,,,0,0.0,2.0,1.0,3.0,0,1,2
166,a,,,6.5,51,12,0,0,0,0,0.3,290,51,0,0,0.0,601,68,0,0,0.0,601,68,0.0,0.0,0,1861,1861,5143,5143,2.1,2.1,0.0,0.0,0.0,0.0,0.0,0.0,0.0,0.0,0.0,603,68,0.0,605,69,0.0,603,69,0.0,605,69,,,,1,,Nicolas,Jackson,N.Jackson,,,0,0,0,0,0,0,0,0,0,0,0,0,0,,,,0,0.0,0.0,0.0,0.0,0,0,0
167,a,,,5.5,174,40,0,0,0,0,0.4,266,46,0,0,0.0,560,60,0,0,0.0,560,60,0.0,0.0,0,2105,2105,4795,4795,1.8,1.8,0.0,0.0,0.0,0.0,0.0,0.0,0.0,0.0,0.0,549,52,0.0,562,58,0.0,545,59,0.0,563,60,,,4.0,1,,Liam,Delap,Delap,,,0,0,0,0,0,0,0,0,0,0,0,0,0,,,,0,0.0,0.0,0.0,0.0,0,0,0
168,a,,,5.0,343,56,0,0,0,0,0.5,259,44,0,0,0.0,511,50,0,0,0.0,511,50,0.0,0.0,0,1648,1648,3955,3955,1.4,1.4,0.0,0.0,0.0,0.0,0.0,0.0,0.0,0.0,0.0,499,40,0.0,512,48,0.0,469,47,0.0,515,49,,,,1,,Marc,Guiu Paz,Marc Guiu,,,0,0,0,0,0,0,0,0,0,0,0,0,0,,,,0,0.0,0.0,0.0,0.0,0,0,0
169,a,,,4.5,512,69,0,0,0,0,0.3,285,49,0,0,0.0,415,41,0,0,0.0,415,41,0.0,0.0,0,2045,2045,2975,2975,1.0,1.0,0.0,0.0,0.0,0.0,0.0,0.0,0.0,0.0,0.0,404,31,0.0,410,38,0.0,349,37,0.0,420,40,,,,1,,Shumaira,Mheuka,Mheuka,,,0,0,0,0,0,0,0,0,0,0,0,0,0,,,,0,0.0,0.0,0.0,0.0,0,0,0
170,a,100.0,100.0,5.0,348,57,0,0,0,0,0.2,377,56,0,0,0.0,513,51,0,0,0.0,513,51,0.0,0.0,0,1145,1145,1587,1587,1.4,1.4,0.0,0.0,0.0,0.0,0.0,0.0,0.0,0.0,0.0,501,41,0.0,514,49,0.0,471,48,0.0,517,50,,,,1,,Emmanuel,Emegha,Emegha,,,0,0,0,0,0,0,0,0,0,0,0,0,0,,,,0,0.0,0.0,0.0,0.0,0,0,0
200,a,,,6.0,80,8,0,0,0,0,9.4,44,16,6,6,6.0,61,28,0,25,6.0,61,28,1.0,1.0,0,40120,40120,27682,27682,2.8,2.8,0.0,0.2,0.2,1.33,0.0,0.2,0.2,1.33,44.2,15,5,11.2,120,36,2.0,184,63,5.7,58,17,,,,1,,Maxence,Lacroix,Lacroix,,,90,0,1,0,2,0,0,0,0,0,0,1,12,,,,0,0.0,2.0,1.0,12.0,5,7,2
560,a,,,4.5,504,46,0,0,0,0,0.1,456,50,0,0,0.0,409,57,0,0,0.0,409,57,0.0,0.0,0,243,243,475,475,1.9,1.9,0.0,0.0,0.0,0.0,0.0,0.0,0.0,0.0,0.0,397,57,0.0,404,45,0.0,342,45,0.0,413,57,,,,1,,Mike,Penders,Penders,,,0,0,0,0,0,0,0,0,0,0,0,0,0,,,,0,0.0,0.0,0.0,0.0,0,0,0
561,d,25.0,,4.5,532,149,0,0,0,0,0.0,552,192,0,0,0.0,429,165,0,0,0.0,429,165,0.0,0.0,0,94,94,326,326,0.4,1.7,0.0,0.0,0.0,0.0,0.0,0.0,0.0,0.0,0.0,418,171,0.0,424,172,0.0,365,155,0.0,434,171,,,,1,,Aaron,Anselmino,Anselmino,Hamstring injury - 25% chance of playing,,0,0,0,0,0,0,0,0,0,0,0,0,0,,,,0,0.0,0.0,0.0,0.0,0,0,0
583,a,,,5.0,342,70,0,0,0,0,0.2,342,129,1,1,1.0,224,89,0,3,1.0,224,89,0.2,0.2,0,741,741,1453,1453,2.2,2.2,0.0,0.0,0.0,0.28,0.0,0.0,0.0,1.01,2.4,243,96,0.2,270,99,2.0,172,61,0.5,257,95,,,,1,,Pep,Chavarría,Chavarria,,,25,0,0,0,0,0,0,0,0,0,0,0,1,,,,0,0.0,0.0,0.0,3.6,0,1,1
568,a,,,5.5,203,127,0,0,0,0,0.1,386,149,0,0,0.0,569,245,0,0,0.0,569,245,0.0,0.0,0,227,227,1035,1035,2.0,2.0,0.0,0.0,0.0,0.0,0.0,0.0,0.0,0.0,0.0,561,240,0.0,573,247,0.0,560,237,0.0,573,245,,,,1,,Valentín,Barco,Barco,,,0,0,0,0,0,0,0,0,0,0,0,0,0,,,,0,0.0,0.0,0.0,0.0,0,0,0
578,a,,,5.5,179,109,0,0,0,0,0.0,492,204,0,0,0.0,562,238,0,0,0.0,562,238,0.0,0.0,0,177,177,655,655,2.0,2.0,0.0,0.0,0.0,0.0,0.0,0.0,0.0,0.0,0.0,552,232,0.0,565,240,0.0,549,228,0.0,566,238,,,,1,,Mykhailo,Mudryk,Mudryk,,,0,0,0,0,0,0,0,0,0,0,0,0,0,,,,0,0.0,0.0,0.0,0.0,0,0,0
104,a,,,5.0,296,177,0,0,0,0,0.2,374,143,2,2,2.0,130,58,0,8,2.0,130,58,0.4,0.4,0,1073,1073,947,947,1.5,1.5,0.0,0.01,0.01,1.88,0.0,0.01,0.01,1.88,3.6,232,102,1.6,194,113,0.0,430,158,0.5,255,115,,,,1,,Frank,Onyeka,Onyeka,,,90,0,0,0,3,0,0,0,0,0,0,1,9,,,,0,0.0,3.0,1.0,9.0,1,3,5
110,a,,,4.5,476,39,0,0,0,0,1.2,182,27,1,1,1.0,198,17,0,0,1.0,198,17,0.2,0.2,0,3644,3644,2689,2689,1.9,1.9,0.0,0.01,0.01,1.88,0.0,0.01,0.01,1.88,14.2,121,17,0.0,380,38,0.0,316,38,1.4,215,17,,,,1,,Carl,Rushworth,Rushworth,,,90,0,0,0,3,0,0,0,0,0,2,1,0,,,,2,0.0,3.0,1.0,0.0,0,1,7
171,a,,,4.0,583,64,0,0,0,0,1.6,155,22,0,0,0.0,322,37,0,0,0.0,322,37,0.0,0.0,0,1396,1396,3879,3879,1.0,1.0,0.0,0.0,0.0,0.0,0.0,0.0,0.0,0.0,0.0,309,37,0.0,309,17,0.0,230,17,0.0,326,37,,,,1,,Oliver,Dovin,Dovin,,,0,0,0,0,0,0,0,0,0,0,0,0,0,,,,0,0.0,0.0,0.0,0.0,0,0,0
172,a,,,4.5,414,28,0,0,0,0,0.5,256,35,0,0,0.0,355,45,0,0,0.0,355,45,0.0,0.0,0,143,143,2118,2118,1.9,1.9,0.0,0.0,0.0,0.0,0.0,0.0,0.0,0.0,0.0,342,45,0.0,345,27,0.0,271,27,0.0,359,45,,,,1,,Ben,Wilson,Wilson,,,0,0,0,0,0,0,0,0,0,0,0,0,0,,,,0,0.0,0.0,0.0,0.0,0,0,0
173,a,,,4.0,579,176,0,0,0,0,8.0,52,20,3,3,3.0,82,33,0,11,3.0,82,33,0.8,0.8,0,20551,20551,14181,14181,1.0,1.0,0.02,0.01,0.03,1.88,0.02,0.01,0.03,1.88,23.2,73,33,11.2,119,35,1.0,189,65,3.5,115,42,,,,1,,Bobby,Thomas,Thomas,,,90,0,0,0,3,0,0,0,0,0,0,1,10,,,,0,0.0,3.0,1.0,10.0,1,9,2
174,a,,,4.0,572,171,0,0,0,0,0.7,228,86,0,0,0.0,315,107,0,0,0.0,315,107,0.0,0.0,0,333,333,2955,2955,1.0,1.0,0.0,0.0,0.0,0.0,0.0,0.0,0.0,0.0,0.0,302,112,0.0,302,114,0.0,221,80,0.0,319,113,,,,1,,Liam,Kitching,Kitching,,,0,0,0,0,0,0,0,0,0,0,0,0,0,,,,0,0.0,0.0,0.0,0.0,0,0,0
175,a,,,4.0,577,174,0,0,0,0,13.3,31,10,1,1,1.0,178,58,0,-8,1.0,178,58,0.2,0.2,0,20006,20006,33365,33365,1.0,1.0,0.0,0.01,0.01,1.88,0.0,0.01,0.01,1.88,10.6,157,72,2.0,186,56,2.0,157,53,1.5,206,79,,,,1,,Milan,van Ewijk,van Ewijk,,,90,0,0,0,3,0,0,0,0,0,0,1,7,,,,0,0.0,3.0,1.0,7.0,1,6,3
176,a,,,4.0,557,159,0,0,0,0,0.9,210,78,1,1,1.0,176,56,0,-4,1.0,176,56,0.2,0.2,0,1563,1563,2396,2396,1.0,1.0,0.0,0.02,0.02,1.88,0.0,0.02,0.02,1.88,13.8,124,56,3.8,154,45,0.0,210,72,1.8,188,73,,,,1,,Jay,Dasilva,Dasilva,,,90,0,0,0,3,0,0,0,0,0,0,1,6,,,,0,0.0,3.0,1.0,6.0,0,6,1
177,a,,,4.0,581,177,0,0,0,0,0.1,466,163,0,0,0.0,320,109,0,0,0.0,320,109,0.0,0.0,0,109,109,334,334,1.0,1.0,0.0,0.0,0.0,0.0,0.0,0.0,0.0,0.0,0.0,307,114,0.0,307,116,0.0,228,84,0.0,324,115,,,,1,,Kaine,Kesler-Hayden,Kesler-Hayden,,,0,0,0,0,0,0,0,0,0,0,0,0,0,,,,0,0.0,0.0,0.0,0.0,0,0,0
178,a,,,4.0,544,151,0,0,0,0,0.1,431,151,0,0,0.0,298,98,0,0,0.0,298,98,0.0,0.0,0,397,397,503,503,1.0,1.0,0.0,0.0,0.0,0.0,0.0,0.0,0.0,0.0,0.0,285,103,0.0,282,102,0.0,200,67,0.0,301,103,,,,1,,Jake,Bidwell,Bidwell,,,0,0,0,0,0,0,0,0,0,0,0,0,0,,,,0,0.0,0.0,0.0,0.0,0,0,0
179,a,,,4.0,561,163,0,0,0,0,0.0,503,174,0,0,0.0,308,103,0,0,0.0,308,103,0.0,0.0,0,86,86,259,259,1.0,1.0,0.0,0.0,0.0,0.0,0.0,0.0,0.0,0.0,0.0,295,108,0.0,294,109,0.0,214,76,0.0,312,109,,,,1,,Joel,Latibeaudiere,Latibeaudiere,,,0,0,0,0,0,0,0,0,0,0,0,0,0,,,,0,0.0,0.0,0.0,0.0,0,0,0
180,a,,,4.0,566,167,0,0,0,0,0.2,360,136,0,0,0.0,311,105,0,0,0.0,311,105,0.0,0.0,0,681,681,1117,1117,1.0,1.0,0.0,0.0,0.0,0.0,0.0,0.0,0.0,0.0,0.0,298,110,0.0,297,111,0.0,217,78,0.0,315,111,,,,1,,Luke,Woolfenden,Woolfenden,,,0,0,0,0,0,0,0,0,0,0,0,0,0,,,,0,0.0,0.0,0.0,0.0,0,0,0
181,a,,,4.0,601,194,0,0,0,0,0.0,504,175,0,0,0.0,338,124,0,0,0.0,338,124,0.0,0.0,0,171,171,206,206,1.0,1.0,0.0,0.0,0.0,0.0,0.0,0.0,0.0,0.0,0.0,325,129,0.0,325,131,0.0,248,101,0.0,342,130,,,,1,,Miguel,Brau,Brau,,,0,0,0,0,0,0,0,0,0,0,0,0,0,,,,0,0.0,0.0,0.0,0.0,0,0,0
182,a,,,4.0,592,185,0,0,0,0,0.9,209,77,1,1,1.0,179,59,0,1,1.0,179,59,0.2,0.2,0,1812,1812,2722,2722,1.0,1.0,0.0,0.01,0.01,1.88,0.0,0.01,0.01,1.88,28.8,54,21,0.8,227,77,0.0,239,92,3.0,129,49,,,,1,,Aurèle,Amenda,Amenda,,,90,0,0,0,3,0,0,0,0,0,0,1,9,,,,0,0.0,3.0,1.0,9.0,0,9,4
183,a,100.0,100.0,5.0,323,188,0,0,0,0,0.1,388,150,1,1,1.0,220,94,0,3,1.0,220,94,0.2,0.2,0,459,459,808,808,1.5,1.5,0.15,0.0,0.15,0.29,0.68,0.0,0.68,1.3,5.6,206,84,3.8,157,91,17.0,54,29,2.6,148,66,3.0,1.0,,1,,Jack,Rudoni,Rudoni,,,20,0,0,0,0,0,0,0,0,0,0,0,5,,,,0,0.0,0.0,0.0,22.5,1,0,4
184,a,,,5.0,247,150,0,0,0,0,0.2,348,126,2,2,2.0,121,54,0,14,2.0,121,54,0.4,0.4,0,1052,1052,980,980,1.5,1.5,0.0,0.01,0.01,1.88,0.0,0.01,0.01,1.88,13.4,133,44,3.7,158,92,0.0,391,139,1.7,197,87,1.0,,3.0,1,,Matt,Grimes,Grimes,,,90,0,0,0,3,0,0,0,0,0,0,1,7,,,,0,0.0,3.0,1.0,7.0,0,4,3
186,a,100.0,100.0,5.5,150,93,0,0,0,0,0.1,401,158,0,0,0.0,553,234,0,0,0.0,553,234,0.0,0.0,0,185,185,1041,1041,2.0,2.0,0.0,0.0,0.0,0.0,0.0,0.0,0.0,0.0,0.0,542,228,0.0,556,236,0.0,531,219,0.0,556,234,,,,1,,Ephron,Mason-Clark,Mason-Clark,,,0,0,0,0,0,0,0,0,0,0,0,0,0,,,,0,0.0,0.0,0.0,0.0,0,0,0
185,a,,,5.0,346,200,0,0,0,0,0.1,419,165,0,0,0.0,512,209,0,0,0.0,512,209,0.0,0.0,0,86,86,935,935,1.5,1.5,0.0,0.0,0.0,0.0,0.0,0.0,0.0,0.0,0.0,500,201,0.0,513,210,0.0,470,177,0.0,516,208,,,,1,,Tatsuhiro,Sakamoto,Sakamoto,,,0,0,0,0,0,0,0,0,0,0,0,0,0,,,,0,0.0,0.0,0.0,0.0,0,0,0
187,a,,,5.0,302,179,0,0,0,0,0.0,564,236,0,0,0.0,483,193,0,0,0.0,483,193,0.0,0.0,0,47,47,168,168,1.5,1.5,0.0,0.0,0.0,0.0,0.0,0.0,0.0,0.0,0.0,472,185,0.0,482,194,0.0,435,160,0.0,488,192,,,,1,,Josh,Eccles,Eccles,,,0,0,0,0,0,0,0,0,0,0,0,0,0,,,,0,0.0,0.0,0.0,0.0,0,0,0
188,a,,,5.5,147,91,0,0,0,0,0.2,371,140,1,1,1.0,250,114,0,8,1.0,250,114,0.2,0.2,0,140,140,1161,1161,2.0,2.0,0.0,0.11,0.11,0.32,0.0,0.35,0.35,1.03,6.8,192,76,16.4,72,44,0.0,530,218,2.3,163,74,2.0,2.0,2.0,1,,Victor,Torp,Torp,,,28,0,0,0,0,0,0,0,0,0,0,0,1,,,,0,0.0,0.0,0.0,3.21,0,1,0
189,a,,,4.5,538,268,0,0,0,0,0.3,300,101,0,0,0.0,435,166,0,0,0.0,435,166,0.0,0.0,0,695,695,2065,2065,1.0,1.0,0.0,0.0,0.0,0.0,0.0,0.0,0.0,0.0,0.0,424,159,0.0,430,169,0.0,371,128,0.0,440,166,,,,1,,George,Shepherd,Shepherd,,,0,0,0,0,0,0,0,0,0,0,0,0,0,,,,0,0.0,0.0,0.0,0.0,0,0,0
190,a,,,5.5,181,110,0,0,0,0,0.2,379,144,2,2,2.0,144,68,0,11,2.0,144,68,0.4,0.4,0,985,985,798,798,2.0,2.0,0.04,0.02,0.06,1.76,0.04,0.02,0.06,1.96,1.8,256,117,6.0,138,82,3.0,151,78,1.1,232,105,,,,1,,Loum,Tchaouna,Tchaouna,,,81,0,0,0,3,0,0,0,0,0,0,1,8,,,,0,0.0,3.33,1.11,8.89,0,3,5
191,a,,,4.5,487,251,0,0,0,0,0.2,365,136,0,0,0.0,393,151,0,0,0.0,393,151,0.0,0.0,0,443,443,1258,1258,1.0,1.0,0.0,0.0,0.0,0.0,0.0,0.0,0.0,0.0,0.0,381,144,0.0,388,154,0.0,325,112,0.0,397,151,,,,1,,Raphael,Borges Rodrigues,Borges Rodrigues,,,0,0,0,0,0,0,0,0,0,0,0,0,0,,,,0,0.0,0.0,0.0,0.0,0,0,0
192,a,,,4.5,533,265,0,0,0,0,0.7,231,76,0,0,0.0,430,163,0,0,0.0,430,163,0.0,0.0,0,1912,1912,4804,4804,1.0,1.0,0.0,0.0,0.0,0.0,0.0,0.0,0.0,0.0,0.0,419,156,0.0,425,166,0.0,366,125,0.0,435,163,,,,1,,Kaine,Andrews,Andrews,,,0,0,0,0,0,0,0,0,0,0,0,0,0,,,,0,0.0,0.0,0.0,0.0,0,0,0
193,i,0.0,0.0,5.5,126,34,0,0,0,0,0.2,376,55,0,0,0.0,539,58,0,0,0.0,539,58,0.0,0.0,0,75,75,3931,3931,0.0,0.0,0.0,0.0,0.0,0.0,0.0,0.0,0.0,0.0,0.0,529,48,0.0,544,56,0.0,514,55,0.0,545,57,,,1.0,1,,Haji,Wright,Wright,Thigh injury - Unknown return date,,0,0,0,0,0,0,0,0,0,0,0,0,0,,,,0,0.0,0.0,0.0,0.0,0,0,0
194,a,,,5.0,284,52,0,0,0,0,0.8,216,36,2,2,2.0,129,12,0,9,2.0,129,12,0.4,0.4,0,8136,8136,4699,4699,1.4,1.4,0.0,0.02,0.02,1.6,0.0,0.03,0.03,2.09,4.6,217,15,1.1,220,25,0.0,420,43,0.6,251,26,,,4.0,1,,Brandon,Thomas-Asante,Thomas-Asante,,,69,0,0,0,3,0,0,0,0,0,0,1,6,,,,0,0.0,3.91,1.3,7.83,0,5,1
195,a,,,5.0,273,50,0,0,0,0,1.0,200,32,2,2,2.0,127,11,0,7,2.0,127,11,0.4,0.4,0,11112,11112,5342,5342,1.4,1.4,0.0,0.01,0.01,1.6,0.0,0.01,0.01,2.09,2.6,241,18,12.3,102,10,2.0,168,27,1.7,198,20,,,,1,,Ellis,Simms,Simms,,,69,0,0,0,3,0,0,0,0,0,0,1,3,,,,0,0.0,3.91,1.3,3.91,0,1,2
196,u,0.0,0.0,5.0,372,59,0,0,0,0,0.0,572,71,0,0,0.0,525,52,0,0,0.0,525,52,0.0,0.0,0,0,0,460,460,0.0,0.0,0.0,0.0,0.0,0.0,0.0,0.0,0.0,0.0,0.0,513,42,0.0,526,50,0.0,485,49,0.0,529,51,,,,1,,Jahnoah,Markelo,Markelo,Has joined Shabab Al-Ahli Dubai permanently,,0,0,0,0,0,0,0,0,0,0,0,0,0,,,,0,0.0,0.0,0.0,0.0,0,0,0
197,u,0.0,0.0,4.5,503,66,0,0,0,0,0.0,506,66,0,0,0.0,408,39,0,0,0.0,408,39,0.0,0.0,0,0,0,613,613,0.0,0.0,0.0,0.0,0.0,0.0,0.0,0.0,0.0,0.0,0.0,396,28,0.0,403,36,0.0,341,34,0.0,412,37,,,,1,,Norman,Bassette,Bassette,Has joined KVC Westerlo on loan for the rest of the season,,0,0,0,0,0,0,0,0,0,0,0,0,0,,,,0,0.0,0.0,0.0,0.0,0,0,0
492,a,,,5.5,141,36,0,0,0,0,0.8,214,35,1,1,1.0,249,24,0,4,1.0,249,24,0.2,0.2,0,3094,3094,5503,5503,1.8,1.8,0.0,0.0,0.0,0.29,0.0,0.0,0.0,1.3,0.0,537,49,1.4,201,24,0.0,526,56,0.1,291,32,,,5.0,1,,Taiwo,Awoniyi,Awoniyi,,,20,0,0,0,0,0,0,0,0,0,0,0,1,,,,0,0.0,0.0,0.0,4.5,0,0,1
575,a,,,5.0,396,236,0,0,0,0,0.2,317,109,1,1,1.0,241,108,0,2,1.0,241,108,0.2,0.2,0,545,545,1759,1759,1.5,1.5,0.0,0.0,0.0,1.56,0.0,0.0,0.0,2.3,0.0,524,217,3.1,164,96,0.0,503,201,0.0,540,224,,,,1,,Caleb,Yirenkyi,Yirenkyi,,,61,0,0,0,3,0,0,0,1,0,0,1,3,,,,0,0.0,4.43,1.48,4.43,0,0,3
584,a,,,5.5,130,81,0,0,0,0,0.1,384,147,1,1,1.0,246,112,0,3,1.0,246,112,0.2,0.2,0,240,240,881,881,2.0,2.0,0.0,0.0,0.0,0.13,0.0,0.0,0.0,1.46,0.4,273,129,0.3,263,139,0.0,518,209,0.1,290,138,,,,1,,Gustavo,Hamer,Hamer,,,8,0,0,0,0,0,0,0,0,0,0,0,1,,,,0,0.0,0.0,0.0,11.25,0,0,1
599,a,,,5.0,389,60,0,0,0,0,0.1,425,62,0,0,0.0,532,53,0,0,0.0,532,53,0.0,0.0,0,1101,1101,880,880,1.4,1.4,0.0,0.0,0.0,0.0,0.0,0.0,0.0,0.0,0.0,521,43,0.0,533,51,0.0,497,50,0.0,537,52,,,,1,,Sidiki,Cherif,Cherif,,,0,0,0,0,0,0,0,0,0,0,0,0,0,,,,0,0.0,0.0,0.0,0.0,0,0,0
42,a,,,5.5,189,116,0,0,0,0,0.0,491,203,1,1,1.0,260,118,0,3,1.0,260,118,0.2,0.2,0,277,277,411,411,2.0,2.0,0.03,0.02,0.05,0.14,0.1,0.07,0.17,0.47,3.2,237,106,1.8,191,111,7.0,111,58,1.2,230,104,,,,1,,Evann,Guessand,Guessand,,,27,0,0,0,0,0,0,0,0,0,0,0,1,,,,0,0.0,0.0,0.0,3.33,1,0,0
198,a,100.0,75.0,5.0,250,10,0,0,0,0,1.9,133,20,2,2,2.0,122,13,0,14,2.0,122,13,0.4,0.4,0,3741,3741,9179,9179,2.6,2.0,0.0,0.0,0.0,1.12,0.0,0.0,0.0,1.12,28.2,57,9,0.0,452,52,0.0,394,52,2.8,140,9,,,,1,,Dean,Henderson,Henderson,,,90,0,0,0,2,0,0,0,0,0,3,1,0,,,,3,0.0,2.0,1.0,0.0,0,3,13
199,a,,,4.5,415,29,0,0,0,0,0.1,403,44,0,0,0.0,356,46,0,0,0.0,356,46,0.0,0.0,0,341,341,750,750,1.9,1.9,0.0,0.0,0.0,0.0,0.0,0.0,0.0,0.0,0.0,343,46,0.0,346,28,0.0,272,28,0.0,360,46,,,,1,,Walter,Benítez,Benitez,,,0,0,0,0,0,0,0,0,0,0,0,0,0,,,,0,0.0,0.0,0.0,0.0,0,0,0
201,a,,,5.5,154,18,0,0,0,0,8.8,47,17,0,0,0.0,554,195,0,-4,0.0,554,195,0.0,0.0,0,12645,12645,77377,77377,2.5,2.5,0.23,0.01,0.24,0.84,0.38,0.02,0.4,1.4,1.2,263,100,1.8,190,58,21.0,43,10,2.4,159,61,,,,1,,Daniel,Muñoz Mejía,Muñoz,,,54,0,0,0,2,0,0,0,0,0,0,1,4,,,,0,0.0,3.33,1.67,6.67,1,3,1
202,a,,,5.0,295,53,0,0,0,0,0.7,222,84,3,3,3.0,89,38,0,13,3.0,89,38,0.6,0.6,0,2771,2771,3664,3664,2.2,2.2,0.0,0.0,0.0,1.12,0.0,0.0,0.0,1.12,42.6,22,8,0.7,236,83,0.0,429,173,4.3,95,33,,,,1,,Chris,Richards,Richards,,,90,0,0,0,2,0,0,0,0,0,0,1,16,,,,0,0.0,2.0,1.0,16.0,2,14,1
203,a,,,5.0,393,78,0,0,0,0,0.3,293,109,1,1,1.0,239,92,0,9,1.0,239,92,0.2,0.2,0,588,588,2296,2296,2.2,2.2,0.05,0.01,0.06,1.12,0.05,0.01,0.06,1.12,27.4,60,23,5.7,142,42,5.0,124,40,3.8,109,38,,,,1,,Jaydee,Canvot,Canvot,,,90,0,0,0,2,0,0,0,0,0,0,1,8,,,,0,0.0,2.0,1.0,8.0,4,4,3
204,a,,,4.5,459,118,0,0,0,0,5.8,66,27,1,1,1.0,191,70,0,9,1.0,191,70,0.2,0.2,0,4428,4428,31871,31871,1.7,1.7,0.0,0.01,0.01,1.12,0.0,0.01,0.01,1.12,11.6,145,68,13.8,92,27,2.0,162,58,2.7,143,56,,,,1,,Tyrick,Mitchell,Mitchell,,,90,0,0,0,2,0,0,0,0,0,0,1,5,,,,0,0.0,2.0,1.0,5.0,2,3,4
205,a,,,4.5,439,102,0,0,0,0,0.0,523,181,0,0,0.0,369,140,0,0,0.0,369,140,0.0,0.0,0,94,94,226,226,1.7,1.7,0.0,0.0,0.0,0.0,0.0,0.0,0.0,0.0,0.0,356,145,0.0,360,149,0.0,288,123,0.0,373,146,,,,1,,Borna,Sosa,Sosa,,,0,0,0,0,0,0,0,0,0,0,0,0,0,,,,0,0.0,0.0,0.0,0.0,0,0,0
206,d,50.0,,4.5,496,136,0,0,0,0,0.1,481,167,1,1,1.0,202,79,0,7,1.0,202,79,0.2,0.2,0,253,253,1885,1885,0.9,1.7,0.0,0.01,0.01,0.98,0.0,0.01,0.01,1.22,12.6,137,64,1.3,206,66,0.0,334,146,1.4,216,83,,,,1,,Chadi,Riad Dnanou,Chadi Riad,Knee injury - 50% chance of playing,,72,0,0,0,2,0,0,0,0,0,0,1,7,,,,0,0.0,2.5,1.25,8.75,1,6,3
207,a,,,4.5,454,114,0,0,0,0,0.1,444,157,0,0,0.0,378,147,0,0,0.0,378,147,0.0,0.0,0,146,146,834,834,1.7,1.7,0.0,0.0,0.0,0.0,0.0,0.0,0.0,0.0,0.0,364,151,0.0,369,155,0.0,299,131,0.0,381,152,,,,1,,Oscar,Mingueza,Mingueza,,,0,0,0,0,0,0,0,0,0,0,0,0,0,,,,0,0.0,0.0,0.0,0.0,0,0,0
208,d,75.0,,6.5,40,27,0,0,0,0,3.3,99,32,0,0,0.0,596,261,0,0,0.0,596,261,0.0,0.0,0,1876,1876,112816,112816,1.7,2.3,0.0,0.0,0.0,0.0,0.0,0.0,0.0,0.0,0.0,597,260,0.0,600,262,0.0,597,259,0.0,600,262,,,2.0,1,,Ismaïla,Sarr,Sarr,Groin injury - 75% chance of playing,,0,0,0,0,0,0,0,0,0,0,0,0,0,,,,0,0.0,0.0,0.0,0.0,0,0,0
210,a,100.0,100.0,5.5,194,119,0,0,0,0,0.9,206,69,4,4,4.0,76,32,0,20,4.0,76,32,0.7,0.7,0,4152,4152,4725,4725,2.0,2.0,0.0,0.24,0.24,1.12,0.0,0.24,0.24,1.12,16.8,103,36,30.9,25,20,0.0,555,233,4.8,82,43,1.0,,,1,,Adam,Wharton,Wharton,,,90,0,0,0,2,0,0,0,0,0,0,1,14,,,,0,0.0,2.0,1.0,14.0,2,4,8
211,a,,,5.5,192,118,0,0,0,0,0.2,349,127,1,1,1.0,262,119,0,4,1.0,262,119,0.2,0.2,0,184,184,1479,1479,2.0,2.0,0.06,0.02,0.08,0.27,0.15,0.05,0.2,0.69,2.0,254,116,6.3,137,81,6.0,120,61,1.4,220,98,2.0,1.0,,1,,Yéremy,Pino Santos,Yeremy,,,35,0,0,0,0,0,0,0,0,0,0,0,5,,,,0,0.0,0.0,0.0,12.86,2,0,3
212,a,,,4.5,411,240,0,0,0,0,11.2,35,12,0,0,0.0,352,142,0,0,0.0,352,142,0.0,0.0,0,13928,13928,58250,58250,1.0,1.0,0.0,0.0,0.0,0.0,0.0,0.0,0.0,0.0,0.0,339,135,0.0,342,145,0.0,268,101,0.0,356,142,3.0,,,1,,Will,Hughes,Hughes,,,0,0,0,0,0,0,0,0,0,0,0,0,0,,,,0,0.0,0.0,0.0,0.0,0,0,0
213,a,,,5.0,242,145,0,0,0,0,0.1,409,160,0,0,0.0,448,172,0,0,0.0,448,172,0.0,0.0,0,147,147,894,894,1.5,1.5,0.0,0.0,0.0,0.0,0.0,0.0,0.0,0.0,0.0,438,165,0.0,446,175,0.0,386,134,0.0,454,172,,,,1,,Jefferson,Lerma Solís,Lerma,,,0,0,0,0,0,0,0,0,0,0,0,0,0,,,,0,0.0,0.0,0.0,0.0,0,0,0
214,a,,,5.0,264,161,0,0,0,0,0.3,306,106,3,3,3.0,87,35,0,25,3.0,87,35,0.6,0.6,0,1248,1248,1939,1939,1.5,1.5,0.0,0.27,0.27,1.12,0.0,0.27,0.27,1.12,20.4,81,27,29.3,29,22,0.0,404,146,5.0,75,40,4.0,,,1,,Daichi,Kamada,Kamada,,,90,0,0,0,2,0,0,0,1,0,0,1,14,,,,0,0.0,2.0,1.0,14.0,3,3,8
215,a,,,5.0,331,191,0,0,0,0,0.0,578,245,0,0,0.0,502,203,0,0,0.0,502,203,0.0,0.0,0,48,48,117,117,1.5,1.5,0.0,0.0,0.0,0.0,0.0,0.0,0.0,0.0,0.0,490,195,0.0,502,204,0.0,459,171,0.0,506,202,,2.0,3.0,1,,Justin,Devenny,Devenny,,,0,0,0,0,0,0,0,0,0,0,0,0,0,,,,0,0.0,0.0,0.0,0.0,0,0,0
216,a,,,5.0,382,227,0,0,0,0,0.0,502,211,0,0,0.0,530,222,0,0,0.0,530,222,0.0,0.0,0,159,159,391,391,1.5,1.5,0.0,0.0,0.0,0.0,0.0,0.0,0.0,0.0,0.0,519,215,0.0,531,223,0.0,493,194,0.0,535,222,,,,1,,Romain,Esse,Esse,,,0,0,0,0,0,0,0,0,0,0,0,0,0,,,,0,0.0,0.0,0.0,0.0,0,0,0
217,a,,,5.0,364,213,0,0,0,0,0.0,530,219,0,0,0.0,519,213,0,0,0.0,519,213,0.0,0.0,0,11,11,451,451,1.5,1.5,0.0,0.0,0.0,0.0,0.0,0.0,0.0,0.0,0.0,507,205,0.0,520,214,0.0,478,182,0.0,523,212,,,,1,,Matheus,França de Oliveira,M.França,,,0,0,0,0,0,0,0,0,0,0,0,0,0,,,,0,0.0,0.0,0.0,0.0,0,0,0
218,a,,,5.0,301,178,0,0,0,0,0.1,463,188,0,0,0.0,482,192,0,0,0.0,482,192,0.0,0.0,0,173,173,674,674,1.5,1.5,0.0,0.0,0.0,0.0,0.0,0.0,0.0,0.0,0.0,471,184,0.0,481,193,0.0,434,159,0.0,487,191,,,,1,,Cheick,Doucouré,Doucouré,,,0,0,0,0,0,0,0,0,0,0,0,0,0,,,,0,0.0,0.0,0.0,0.0,0,0,0
219,a,,,5.0,309,182,0,0,0,0,0.0,593,254,0,0,0.0,490,196,0,0,0.0,490,196,0.0,0.0,0,21,21,55,55,1.5,1.5,0.0,0.0,0.0,0.0,0.0,0.0,0.0,0.0,0.0,479,188,0.0,489,197,0.0,442,163,0.0,495,195,,,,1,,Jesurun,Rak-Sakyi,J.Rak-Sakyi,,,0,0,0,0,0,0,0,0,0,0,0,0,0,,,,0,0.0,0.0,0.0,0.0,0,0,0
220,u,0.0,0.0,4.5,520,145,0,0,0,0,0.0,605,203,0,0,0.0,420,163,0,0,0.0,420,163,0.0,0.0,0,0,0,47,47,0.0,0.0,0.0,0.0,0.0,0.0,0.0,0.0,0.0,0.0,0.0,409,169,0.0,415,170,0.0,355,153,0.0,425,169,,,,1,,Rio,Cardines,Cardines,Has joined Bristol City on loan for the rest of the season,,0,0,0,0,0,0,0,0,0,0,0,0,0,,,,0,0.0,0.0,0.0,0.0,0,0,0
221,a,,,4.5,537,267,0,0,0,0,0.1,433,172,0,0,0.0,434,165,0,0,0.0,434,165,0.0,0.0,0,279,279,640,640,1.0,1.0,0.0,0.0,0.0,0.0,0.0,0.0,0.0,0.0,0.0,423,158,0.0,429,168,0.0,370,127,0.0,439,165,,,,1,,Joél,Drakes-Thomas,Drakes-Thomas,,,0,0,0,0,0,0,0,0,0,0,0,0,0,,,,0,0.0,0.0,0.0,0.0,0,0,0
222,a,,,6.0,77,20,0,0,0,0,0.5,249,41,1,1,1.0,277,33,0,3,1.0,277,33,0.2,0.2,0,951,951,4322,4322,2.0,2.0,0.25,0.01,0.26,0.14,0.83,0.03,0.86,0.47,1.0,266,23,3.5,159,20,17.0,61,13,2.2,168,17,,,,1,,Jørgen,Strand Larsen,Strand Larsen,,,27,0,0,0,0,0,0,0,0,0,0,0,0,,,,0,0.0,0.0,0.0,0.0,0,0,0
223,a,,,6.5,39,11,0,0,0,0,5.4,67,11,2,2,2.0,162,16,0,-3,2.0,162,16,0.3,0.3,0,15786,15786,41147,41147,2.1,2.1,0.7,0.02,0.72,0.98,1.02,0.03,1.05,1.42,1.4,260,22,12.3,103,11,11.0,85,16,2.5,153,16,,,1.0,1,,Jean-Philippe,Mateta,Mateta,,,62,0,0,0,2,0,0,0,0,0,0,1,5,,,,0,0.0,2.9,1.45,7.26,2,1,2
224,a,,,5.5,137,35,0,0,0,0,0.5,255,43,1,1,1.0,248,23,0,12,1.0,248,23,0.2,0.2,0,2031,2031,3552,3552,1.8,1.8,0.6,0.58,1.18,0.84,0.98,0.95,1.93,1.37,10.4,161,12,24.5,49,2,23.0,42,11,5.8,56,10,,,,1,,Eddie,Nketiah,Nketiah,,,55,0,0,0,2,0,0,0,0,0,0,1,3,,,,0,0.0,3.27,1.64,4.91,1,1,1
225,u,0.0,0.0,5.0,395,61,0,0,0,0,0.0,612,73,0,0,0.0,534,54,0,0,0.0,534,54,0.0,0.0,0,0,0,0,0,0.0,0.0,0.0,0.0,0.0,0.0,0.0,0.0,0.0,0.0,0.0,523,44,0.0,537,52,0.0,502,51,0.0,539,53,,,,1,,Christantus,Uche,Uche,has returned to Getafe CF,,0,0,0,0,0,0,0,0,0,0,0,0,0,,,,0,0.0,0.0,0.0,0.0,0,0,0
241,a,,,5.5,160,100,0,0,0,0,0.2,363,135,2,2,2.0,142,66,0,11,2.0,142,66,0.4,0.4,0,224,224,980,980,2.0,2.0,0.05,0.02,0.07,0.98,0.07,0.03,0.1,1.42,9.6,167,64,4.7,148,88,2.0,176,87,1.6,204,92,,,,1,,Dwight,McNeil,McNeil,,,62,0,0,0,2,0,0,0,0,0,0,1,5,,,,0,0.0,2.9,1.45,7.26,0,3,2
555,a,,,4.0,556,57,0,0,0,0,1.8,135,21,0,0,0.0,305,30,0,0,0.0,305,30,0.0,0.0,0,3884,3884,4153,4153,1.0,1.0,0.0,0.0,0.0,0.0,0.0,0.0,0.0,0.0,0.0,292,30,0.0,291,10,0.0,209,10,0.0,309,30,,,,1,,Remi,Matthews,Matthews,,,0,0,0,0,0,0,0,0,0,0,0,0,0,,,,0,0.0,0.0,0.0,0.0,0,0,0
577,a,,,4.5,444,106,0,0,0,0,0.4,280,106,1,1,1.0,189,68,0,3,1.0,189,68,0.2,0.2,0,624,624,1639,1639,1.7,1.7,0.0,0.01,0.01,0.14,0.0,0.05,0.05,0.7,2.4,242,95,2.4,172,51,0.0,292,126,0.5,254,94,,,,1,,Takehiro,Tomiyasu,Tomiyasu,,,18,0,0,0,0,0,0,0,0,0,0,0,1,,,,0,0.0,0.0,0.0,5.0,0,1,1
588,a,,,5.0,376,74,0,0,0,0,0.1,415,147,1,1,1.0,232,90,0,12,1.0,232,90,0.2,0.2,0,316,316,494,494,2.2,2.2,0.0,0.16,0.16,0.27,0.0,0.41,0.41,0.69,24.0,69,30,26.5,39,12,4.0,134,44,5.5,63,21,,,,1,,Anan,Khalaili,Khalaili,,,35,0,0,0,0,0,0,0,0,0,0,0,9,,,,0,0.0,0.0,0.0,23.14,4,5,3
595,a,,,5.0,375,222,0,0,0,0,0.0,567,239,0,0,0.0,527,219,0,0,0.0,527,219,0.0,0.0,0,83,83,102,102,1.5,1.5,0.0,0.0,0.0,0.0,0.0,0.0,0.0,0.0,0.0,516,212,0.0,528,220,0.0,488,190,0.0,532,219,,,,1,,Zavier,Gozo,Gozo,,,0,0,0,0,0,0,0,0,0,0,0,0,0,,,,0,0.0,0.0,0.0,0.0,0,0,0
21,i,0.0,0.0,5.0,238,143,0,0,0,0,0.1,426,168,0,0,0.0,445,170,0,0,0.0,445,170,0.0,0.0,0,79,79,2004,2004,0.0,0.0,0.0,0.0,0.0,0.0,0.0,0.0,0.0,0.0,0.0,435,163,0.0,442,173,0.0,383,132,0.0,451,170,,,,1,,Christian,Nørgaard,Nørgaard,Unspecified injury - Unknown return date,,0,0,0,0,0,0,0,0,0,0,0,0,0,,,,0,0.0,0.0,0.0,0.0,0,0,0
209,a,,,6.0,76,49,0,0,0,0,0.2,373,142,1,1,1.0,276,128,0,3,1.0,276,128,0.2,0.2,0,360,360,1568,1568,2.2,2.2,0.0,0.0,0.0,0.29,0.0,0.0,0.0,4.35,4.0,225,98,0.3,266,141,0.0,577,243,0.4,272,127,,,,1,,Brennan,Johnson,Johnson,,,6,0,0,0,0,0,0,0,0,0,0,0,2,,,,0,0.0,0.0,0.0,30.0,0,2,0
226,a,,,5.5,117,2,0,0,0,0,8.7,49,6,7,7,7.0,38,4,0,34,7.0,38,4,1.3,1.3,0,43177,43177,15533,15533,3.3,3.3,0.0,0.02,0.02,1.96,0.0,0.02,0.02,1.96,31.8,49,5,0.0,539,64,0.0,508,64,3.2,127,5,,,,1,,Jordan,Pickford,Pickford,,,90,0,0,1,0,0,0,0,0,0,4,1,0,,,,4,1.0,0.0,1.0,0.0,0,0,12
227,a,,,5.0,283,13,0,0,0,0,0.0,514,55,0,0,0.0,469,63,0,0,0.0,469,63,0.0,0.0,0,179,179,251,251,2.6,2.6,0.0,0.0,0.0,0.0,0.0,0.0,0.0,0.0,0.0,460,63,0.0,469,55,0.0,419,55,0.0,476,63,,,,1,,Mark,Travers,Travers,,,0,0,0,0,0,0,0,0,0,0,0,0,0,,,,0,0.0,0.0,0.0,0.0,0,0,0
228,a,,,4.5,418,31,0,0,0,0,0.0,496,53,0,0,0.0,358,48,0,0,0.0,358,48,0.0,0.0,0,163,163,248,248,1.9,1.9,0.0,0.0,0.0,0.0,0.0,0.0,0.0,0.0,0.0,345,48,0.0,348,30,0.0,274,30,0.0,362,48,,,,1,,Tom,King,King,,,0,0,0,0,0,0,0,0,0,0,0,0,0,,,,0,0.0,0.0,0.0,0.0,0,0,0
229,a,,,6.0,56,5,0,0,0,0,8.8,48,18,6,6,6.0,59,27,0,25,6.0,59,27,1.0,1.0,0,29850,29850,19250,19250,2.8,2.8,0.05,0.0,0.05,1.96,0.05,0.0,0.05,1.96,15.2,115,53,0.8,232,80,4.0,138,46,2.0,181,70,,,,1,,James,Tarkowski,Tarkowski,,,90,0,0,1,0,0,0,0,0,0,0,1,9,,,,0,1.0,0.0,1.0,9.0,1,8,4
230,a,,,5.5,186,27,0,0,0,0,1.8,136,55,6,6,6.0,57,25,0,27,6.0,57,25,1.1,1.1,0,13180,13180,4902,4902,2.5,2.5,0.0,0.01,0.01,1.96,0.0,0.01,0.01,1.96,18.6,92,39,0.8,231,79,6.0,119,37,2.5,152,59,,,,1,,Jarrad,Branthwaite,Branthwaite,,,90,0,0,1,0,0,0,0,0,0,0,1,8,,,,0,1.0,0.0,1.0,8.0,2,6,2
231,a,,,5.0,233,37,0,0,0,0,1.5,161,67,0,0,0.0,441,168,0,0,0.0,441,168,0.0,0.0,0,2485,2485,15374,15374,2.2,2.2,0.0,0.0,0.0,0.0,0.0,0.0,0.0,0.0,0.0,430,174,0.0,437,175,0.0,378,158,0.0,446,174,,,,1,,Michael,Keane,Keane,,,0,0,0,0,0,0,0,0,0,0,0,0,0,,,,0,0.0,0.0,0.0,0.0,0,0,0
232,a,,,5.0,351,71,0,0,0,0,0.5,260,98,0,0,0.0,515,188,0,0,0.0,515,188,0.0,0.0,0,1068,1068,4296,4296,2.2,2.2,0.0,0.0,0.0,0.0,0.0,0.0,0.0,0.0,0.0,503,194,0.0,516,194,0.0,473,185,0.0,519,194,,,,1,,Jake,O'Brien,O'Brien,,,0,0,0,0,0,0,0,0,0,0,0,0,0,,,,0,0.0,0.0,0.0,0.0,0,0,0
233,a,,,4.5,445,107,0,0,0,0,1.6,152,62,6,6,6.0,47,20,0,27,6.0,47,20,1.3,1.3,0,13040,13040,4770,4770,1.7,1.7,0.0,0.05,0.05,1.96,0.0,0.05,0.05,1.96,12.8,136,63,13.8,91,26,2.0,160,56,2.9,135,53,,,,1,,Vitalii,Mykolenko,Mykolenko,,,90,0,0,1,0,0,0,0,0,0,0,1,4,,,,0,1.0,0.0,1.0,4.0,0,4,4
234,a,,,4.5,458,117,0,0,0,0,0.0,519,180,0,0,0.0,381,150,0,0,0.0,381,150,0.0,0.0,0,140,140,243,243,1.7,1.7,0.0,0.0,0.0,0.0,0.0,0.0,0.0,0.0,0.0,367,154,0.0,372,158,0.0,303,134,0.0,384,155,,,,1,,Nathan,Patterson,Patterson,,,0,0,0,0,0,0,0,0,0,0,0,0,0,,,,0,0.0,0.0,0.0,0.0,0,0,0
235,a,,,4.0,586,180,0,0,0,0,0.2,355,134,0,0,0.0,325,112,0,0,0.0,325,112,0.0,0.0,0,723,723,1070,1070,1.0,1.0,0.0,0.0,0.0,0.0,0.0,0.0,0.0,0.0,0.0,312,117,0.0,312,119,0.0,233,87,0.0,329,118,,,,1,,Adam,Aznou,Aznou,,,0,0,0,0,0,0,0,0,0,0,0,0,0,,,,0,0.0,0.0,0.0,0.0,0,0,0
236,a,,,6.5,37,25,0,0,0,0,4.3,75,25,11,11,11.0,12,7,3,40,11.0,12,7,1.7,1.7,0,86127,86127,15292,15292,2.3,2.3,0.12,0.17,0.29,1.92,0.12,0.17,0.29,1.92,42.8,20,10,28.3,32,24,27.0,35,19,9.8,16,12,2.0,,,1,,Kiernan,Dewsbury-Hall,Dewsbury-Hall,,,90,1,0,1,0,0,0,0,0,0,0,1,8,,,,0,1.0,0.0,1.0,8.0,2,1,5
237,a,,,6.0,81,52,0,0,0,0,16.1,25,8,9,9,9.0,26,12,1,36,9.0,26,12,1.5,1.5,0,74910,74910,28934,28934,2.2,2.2,0.24,0.32,0.56,1.96,0.24,0.32,0.56,1.96,40.8,25,13,39.8,15,13,48.0,9,6,12.9,5,4,,,1.0,1,,Iliman,Ndiaye,Ndiaye,,,90,0,1,1,0,0,0,0,0,0,0,1,12,,,,0,1.0,0.0,1.0,12.0,4,0,8
239,a,100.0,25.0,6.0,75,48,0,0,0,0,0.1,397,155,1,1,1.0,275,127,0,6,1.0,275,127,0.2,0.2,0,826,826,1120,1120,2.2,0.5,0.0,0.03,0.03,0.34,0.0,0.25,0.25,2.78,4.8,215,91,11.8,109,65,2.0,183,93,1.9,187,84,1.0,1.0,3.0,1,,James,Garner,Garner,,,11,0,0,0,0,0,0,0,0,0,0,0,1,,,,0,0.0,0.0,0.0,8.18,1,0,0
240,i,0.0,0.0,5.0,333,193,0,0,0,0,0.0,577,244,0,0,0.0,504,205,0,0,0.0,504,205,0.0,0.0,0,15,15,249,249,0.0,0.0,0.0,0.0,0.0,0.0,0.0,0.0,0.0,0.0,0.0,492,197,0.0,504,206,0.0,461,173,0.0,508,204,,,,1,,Tim,Iroegbunam,Iroegbunam,Thigh injury - Unknown return date,,0,0,0,0,0,0,0,0,0,0,0,0,0,,,,0,0.0,0.0,0.0,0.0,0,0,0
242,a,,,5.5,209,131,0,0,0,0,0.3,304,104,3,3,3.0,102,45,0,13,3.0,102,45,0.5,0.5,0,1367,1367,1476,1476,2.0,2.0,0.18,0.08,0.26,1.67,0.2,0.09,0.29,1.81,7.0,190,75,23.4,50,32,25.0,37,21,5.5,65,34,,,,1,,Tyrique,George,George,,,83,0,0,1,0,0,0,0,0,0,0,1,7,,,,0,1.08,0.0,1.08,7.59,0,3,4
243,a,,,5.0,347,201,0,0,0,0,0.1,424,167,1,1,1.0,225,96,0,7,1.0,225,96,0.2,0.2,0,542,542,730,730,1.5,1.5,0.02,0.0,0.02,0.04,1.8,0.0,1.8,3.6,5.0,213,89,0.3,261,137,17.0,55,30,2.2,165,75,,,,1,,Carlos,Alcaraz Durán,Alcaraz,,,1,0,0,0,0,0,0,0,0,0,0,0,3,,,,0,0.0,0.0,0.0,270.0,1,0,2
244,a,,,5.0,384,229,0,0,0,0,0.2,361,133,8,8,8.0,31,15,0,25,8.0,31,15,1.6,1.6,0,7126,7126,1310,1310,1.5,1.5,0.0,0.04,0.04,1.96,0.0,0.04,0.04,1.96,28.8,55,22,14.7,83,53,4.0,135,67,4.8,81,42,,,,1,,Harrison,Armstrong,Armstrong,,,90,0,1,1,0,0,0,0,0,0,0,1,16,,,,0,1.0,0.0,1.0,16.0,2,3,11
245,a,,,5.5,195,120,0,0,0,0,0.0,510,214,0,0,0.0,566,242,0,0,0.0,566,242,0.0,0.0,0,115,115,458,458,2.0,2.0,0.0,0.0,0.0,0.0,0.0,0.0,0.0,0.0,0.0,557,236,0.0,570,244,0.0,556,234,0.0,570,242,,,,1,,Tyler,Dibling,Dibling,,,0,0,0,0,0,0,0,0,0,0,0,0,0,,,,0,0.0,0.0,0.0,0.0,0,0,0
246,a,,,5.0,352,203,0,0,0,0,0.1,471,193,3,3,3.0,92,36,0,12,3.0,92,36,0.6,0.6,0,306,306,349,349,1.5,1.5,0.0,0.06,0.06,1.96,0.0,0.06,0.06,1.96,13.8,128,41,13.0,100,62,2.0,173,85,2.9,136,62,,,,1,,Merlin,Röhl,Röhl,,,90,0,0,1,0,0,0,0,0,0,0,1,9,,,,0,1.0,0.0,1.0,9.0,2,2,5
247,a,,,5.5,153,95,0,0,0,0,0.3,308,107,3,3,3.0,96,39,0,16,3.0,96,39,0.5,0.5,0,726,726,1363,1363,2.0,2.0,0.01,0.01,0.02,1.62,0.01,0.01,0.02,1.87,8.6,174,68,12.2,104,63,5.0,126,63,2.6,149,67,,,,1,,Hayden,Hackney,Hackney,,,78,0,0,1,0,0,0,0,0,0,0,1,7,,,,0,1.15,0.0,1.15,8.08,2,1,4
248,a,,,5.5,190,43,0,0,0,0,2.5,115,17,1,1,1.0,261,28,0,3,1.0,261,28,0.2,0.2,0,5312,5312,24393,24393,1.8,1.8,0.05,0.0,0.05,0.34,0.41,0.0,0.41,2.78,0.0,555,54,0.0,568,60,2.0,177,28,0.2,285,30,,,4.0,1,,Norberto Bercique,Gomes Betuncal,Beto,,,11,0,0,0,0,0,0,0,0,0,0,0,0,,,,0,0.0,0.0,0.0,0.0,0,0,0
249,a,,,5.5,218,45,0,0,0,0,2.2,123,19,8,8,8.0,32,3,2,37,8.0,32,3,1.5,1.5,0,62371,62371,11077,11077,1.8,1.8,0.45,0.09,0.54,1.62,0.52,0.1,0.62,1.87,38.0,31,3,19.0,65,5,41.0,14,4,9.8,15,3,,,2.0,1,,Thierno,Barry,Barry,,,78,1,0,1,0,0,0,0,0,0,0,1,3,,,,0,1.15,0.0,1.15,3.46,1,0,2
250,a,,,4.5,403,24,0,0,0,0,3.0,103,17,2,2,2.0,112,8,0,11,2.0,112,8,0.4,0.4,0,6809,6809,6762,6762,1.9,1.9,0.0,0.0,0.0,2.24,0.0,0.0,0.0,2.24,29.6,53,7,0.0,338,23,0.0,262,23,3.0,130,7,,,,1,,Bernd,Leno,Leno,,,90,0,0,0,3,0,0,0,0,0,3,1,0,,,,3,0.0,3.0,1.0,0.0,0,1,9
251,a,,,4.0,545,53,0,0,0,0,1.2,174,26,0,0,0.0,299,26,0,0,0.0,299,26,0.0,0.0,0,887,887,2270,2270,1.0,1.0,0.0,0.0,0.0,0.0,0.0,0.0,0.0,0.0,0.0,286,26,0.0,283,6,0.0,201,6,0.0,302,26,,,,1,,Benjamin,Lecomte,Lecomte,,,0,0,0,0,0,0,0,0,0,0,0,0,0,,,,0,0.0,0.0,0.0,0.0,0,0,0
252,a,,,4.0,589,66,0,0,0,0,0.2,375,40,0,0,0.0,328,39,0,0,0.0,328,39,0.0,0.0,0,478,478,401,401,1.0,1.0,0.0,0.0,0.0,0.0,0.0,0.0,0.0,0.0,0.0,315,39,0.0,315,19,0.0,236,19,0.0,332,39,,,,1,,Alfie,McNally,McNally,,,0,0,0,0,0,0,0,0,0,0,0,0,0,,,,0,0.0,0.0,0.0,0.0,0,0,0
253,a,100.0,0.0,5.0,251,41,0,0,0,0,0.1,477,165,0,0,0.0,454,171,0,0,0.0,454,171,0.0,0.0,0,1072,1072,354,354,2.2,0.0,0.0,0.0,0.0,0.0,0.0,0.0,0.0,0.0,0.0,444,178,0.0,453,179,0.0,395,162,0.0,460,178,,,,1,,Joachim,Andersen,Andersen,,,0,0,0,0,0,0,0,0,0,0,0,0,0,,,,0,0.0,0.0,0.0,0.0,0,0,0
254,a,,,4.5,424,91,0,0,0,0,1.7,146,60,1,1,1.0,187,66,0,4,1.0,187,66,0.2,0.2,0,7190,7190,5984,5984,1.7,1.7,0.13,0.04,0.17,2.21,0.14,0.04,0.18,2.46,21.6,76,36,25.2,46,15,3.0,147,48,5.0,74,25,,,2.0,1,,Antonee,Robinson,Robinson,,,81,0,0,0,3,0,0,0,0,0,0,1,7,,,,0,0.0,3.33,1.11,7.78,3,4,5
255,a,,,4.5,461,120,0,0,0,0,0.0,525,182,3,3,3.0,84,35,0,7,3.0,84,35,0.7,0.7,0,434,434,128,128,1.7,1.7,0.0,0.03,0.03,2.24,0.0,0.03,0.03,2.24,32.8,44,16,21.3,60,18,0.0,305,136,5.4,66,22,,,,1,,Jorge,Cuenca Barreno,J.Cuenca,,,90,0,0,0,3,0,0,0,0,0,0,1,10,,,,0,0.0,3.0,1.0,10.0,1,9,3
262,a,,,5.5,140,87,0,0,0,0,0.4,275,90,0,0,0.0,546,229,0,0,0.0,546,229,0.0,0.0,0,888,888,2852,2852,2.0,2.0,0.0,0.0,0.0,0.0,0.0,0.0,0.0,0.0,0.0,536,223,0.0,552,232,0.0,525,214,0.0,552,230,,,,1,,Emile,Smith Rowe,Smith Rowe,,,0,0,0,0,0,0,0,0,0,0,0,0,0,,,,0,0.0,0.0,0.0,0.0,0,0,0
256,a,,,4.5,423,90,0,0,0,0,0.3,307,114,0,0,0.0,360,135,0,0,0.0,360,135,0.0,0.0,0,235,235,1219,1219,1.7,1.7,0.0,0.0,0.0,0.0,0.0,0.0,0.0,0.0,0.0,347,140,0.0,351,144,0.0,277,116,0.0,364,141,,,,1,,Kenny,Tete,Tete,,,0,0,0,0,0,0,0,0,0,0,0,0,0,,,,0,0.0,0.0,0.0,0.0,0,0,0
257,a,,,4.5,452,113,0,0,0,0,0.8,218,81,0,0,0.0,377,146,0,1,0.0,377,146,0.0,0.0,0,4954,4954,3658,3658,1.7,1.7,0.02,0.02,0.04,2.24,0.02,0.02,0.04,2.24,13.8,127,59,3.8,155,46,2.0,161,57,2.0,176,67,,,,1,,Calvin,Bassey,Bassey,,,90,0,0,0,3,0,0,0,1,0,0,1,4,,,,0,0.0,3.0,1.0,4.0,1,3,4
258,a,,,4.5,422,89,0,0,0,0,0.4,277,105,6,6,6.0,44,17,0,21,6.0,44,17,1.3,1.3,0,5584,5584,1180,1180,1.7,1.7,0.09,0.18,0.27,2.24,0.09,0.18,0.27,2.24,38.0,30,10,27.8,35,9,23.0,41,9,8.9,22,3,,,,1,,Timothy,Castagne,Castagne,,,90,0,2,0,3,0,0,0,1,0,0,1,6,,,,0,0.0,3.0,1.0,6.0,1,5,4
261,a,,,5.5,120,78,0,0,0,0,1.0,198,66,2,2,2.0,138,64,0,17,2.0,138,64,0.4,0.4,0,3700,3700,5577,5577,2.0,2.0,0.0,0.04,0.04,2.24,0.0,0.04,0.04,2.24,12.4,142,48,11.3,116,68,0.0,510,206,2.4,158,72,1.0,1.0,3.0,1,,Alex,Iwobi,Iwobi,,,90,0,0,0,3,0,0,0,0,0,0,1,10,,,,0,0.0,3.0,1.0,10.0,1,3,6
263,a,,,5.5,211,133,0,0,0,0,0.1,473,194,1,1,1.0,267,123,0,2,1.0,267,123,0.2,0.2,0,269,269,522,522,2.0,2.0,0.0,0.01,0.01,0.03,0.0,0.05,0.05,0.16,5.2,209,86,1.9,189,110,0.0,563,240,0.7,248,111,3.0,,,1,,Kevin,Santos Lopes de Macedo,Kevin,,,17,0,0,0,0,0,0,0,0,0,0,0,3,,,,0,0.0,0.0,0.0,15.88,2,0,1
264,a,,,5.5,185,113,0,0,0,0,0.3,291,97,2,2,2.0,145,69,0,10,2.0,145,69,0.4,0.4,0,2758,2758,1914,1914,2.0,2.0,0.0,0.26,0.26,2.21,0.0,0.35,0.35,3.01,9.8,165,62,13.8,93,59,6.0,118,60,3.0,132,61,2.0,,,1,,Oscar,Bobb,Bobb,,,66,0,0,0,3,0,0,0,0,0,0,1,6,,,,0,0.0,4.09,1.36,8.18,3,1,2
265,a,,,5.0,261,159,0,0,0,0,0.4,270,87,2,2,2.0,123,55,0,14,2.0,123,55,0.4,0.4,0,987,987,2090,2090,1.5,1.5,0.03,0.03,0.06,2.21,0.04,0.04,0.08,2.76,13.6,129,42,23.1,52,34,7.0,104,53,4.4,91,48,,,,1,,Sander,Berge,Berge,,,72,0,0,0,3,0,0,0,0,0,0,1,4,,,,0,0.0,3.75,1.25,5.0,1,1,2
266,i,0.0,0.0,5.0,226,140,0,0,0,0,0.0,596,257,0,0,0.0,437,168,0,0,0.0,437,168,0.0,0.0,0,11,11,84,84,0.0,0.0,0.0,0.0,0.0,0.0,0.0,0.0,0.0,0.0,0.0,426,161,0.0,432,171,0.0,373,130,0.0,442,168,,,,1,,Tom,Cairney,Cairney,Knee injury - Expected back 10 Oct,,0,0,0,0,0,0,0,0,0,0,0,0,0,,,,0,0.0,0.0,0.0,0.0,0,0,0
268,a,,,5.5,216,136,0,0,0,0,0.4,269,86,7,7,7.0,40,20,0,34,7.0,40,20,1.3,1.3,0,19148,19148,1860,1860,2.0,2.0,0.17,0.04,0.21,2.24,0.17,0.04,0.21,2.24,41.6,23,12,15.6,77,48,41.0,13,8,9.8,14,11,,,,1,,Josh,King,King,,,90,1,0,0,3,0,0,0,0,0,0,1,8,,,,0,0.0,3.0,1.0,8.0,2,2,4
269,a,,,4.5,428,93,0,0,0,0,0.4,267,101,1,1,1.0,188,67,0,7,1.0,188,67,0.2,0.2,0,654,654,1674,1674,1.7,1.7,0.03,0.0,0.03,0.03,0.16,0.0,0.16,0.16,6.6,194,86,0.5,249,90,19.0,46,11,2.6,147,58,,,,1,,Ryan,Sessegnon,Sessegnon,,,17,0,0,0,0,0,0,0,0,0,0,0,1,,,,0,0.0,0.0,0.0,5.29,0,1,1
270,a,,,4.5,420,241,0,0,0,0,1.5,162,47,0,0,0.0,359,143,0,0,0.0,359,143,0.0,0.0,0,4039,4039,9079,9079,1.0,1.0,0.0,0.0,0.0,0.0,0.0,0.0,0.0,0.0,0.0,346,136,0.0,350,146,0.0,276,102,0.0,363,143,,,,1,,Harrison,Reed,Reed,,,0,0,0,0,0,0,0,0,0,0,0,0,0,,,,0,0.0,0.0,0.0,0.0,0,0,0
271,a,,,5.5,152,37,0,0,0,0,0.6,243,38,1,1,1.0,252,25,0,6,1.0,252,25,0.2,0.2,0,1739,1739,3994,3994,1.8,1.8,0.02,0.0,0.02,0.03,0.22,0.0,0.22,0.34,6.0,202,13,11.5,112,13,7.0,108,22,2.5,151,15,,,,1,,Rodrigo,Muniz Carvalho,Muniz,,,8,0,0,0,0,0,0,0,0,0,0,0,1,,,,0,0.0,0.0,0.0,11.25,0,1,0
272,a,,,4.5,534,73,0,0,0,0,7.1,55,9,0,0,0.0,431,45,0,0,0.0,431,45,0.0,0.0,0,15961,15961,27412,27412,1.0,1.0,0.0,0.0,0.0,0.0,0.0,0.0,0.0,0.0,0.0,420,35,0.0,426,42,0.0,367,41,0.0,436,44,,,,1,,Jonah,Kusi-Asare,Kusi-Asare,,,0,0,0,0,0,0,0,0,0,0,0,0,0,,,,0,0.0,0.0,0.0,0.0,0,0,0
569,a,,,6.0,105,27,0,0,0,0,2.9,106,14,6,6,6.0,62,4,0,33,6.0,62,4,1.0,1.0,0,62977,62977,8291,8291,2.0,2.0,0.73,0.01,0.74,2.24,0.73,0.01,0.74,2.24,37.2,34,4,4.3,150,18,40.0,16,6,8.2,30,6,,,1.0,1,,Gonzalo,García,Gonzalo,,,90,1,0,0,3,0,0,0,0,0,0,1,2,,,,0,0.0,3.0,1.0,2.0,1,0,1
570,a,,,5.5,214,135,0,0,0,0,0.2,338,121,2,2,2.0,148,72,0,10,2.0,148,72,0.4,0.4,0,609,609,1092,1092,2.0,2.0,0.16,0.01,0.17,2.21,0.2,0.01,0.21,2.76,2.8,240,109,7.3,132,78,8.0,98,49,1.8,194,86,,,,1,,César,Palacios,Palacios,,,72,0,0,0,3,0,0,0,0,0,0,1,4,,,,0,0.0,3.75,1.25,5.0,2,0,2
610,a,,,4.0,595,188,0,0,0,0,0.0,505,176,0,0,0.0,333,119,0,0,0.0,333,119,0.0,0.0,0,1440,1440,159,159,1.0,1.0,0.0,0.0,0.0,0.0,0.0,0.0,0.0,0.0,0.0,320,124,0.0,320,126,0.0,242,95,0.0,337,125,,,,1,,Luc,De Fougerolles,De Fougerolles,,,0,0,0,0,0,0,0,0,0,0,0,0,0,,,,0,0.0,0.0,0.0,0.0,0,0,0
580,a,,,5.0,315,185,0,0,0,0,0.1,430,170,1,1,1.0,216,93,0,5,1.0,216,93,0.2,0.2,0,260,260,489,489,1.5,1.5,0.0,0.0,0.0,0.03,0.0,0.0,0.0,0.12,3.4,234,104,1.3,209,118,0.0,447,166,0.5,256,116,,,,1,,Shea,Charles,Charles,,,23,0,0,0,0,0,0,0,0,0,0,0,3,,,,0,0.0,0.0,0.0,11.74,1,0,2
273,a,,,4.0,554,56,0,0,0,0,1.6,157,23,0,0,0.0,304,29,0,0,0.0,304,29,0.0,0.0,0,2014,2014,4152,4152,1.0,1.0,0.0,0.0,0.0,0.0,0.0,0.0,0.0,0.0,0.0,291,29,0.0,289,9,0.0,207,9,0.0,307,29,,,,1,,Dillon,Phillips,Phillips,,,0,0,0,0,0,0,0,0,0,0,0,0,0,,,,0,0.0,0.0,0.0,0.0,0,0,0
274,i,0.0,0.0,4.5,409,26,0,0,0,0,0.1,421,46,0,0,0.0,351,43,0,0,0.0,351,43,0.0,0.0,0,86,86,1237,1237,0.0,0.0,0.0,0.0,0.0,0.0,0.0,0.0,0.0,0.0,0.0,338,43,0.0,341,25,0.0,267,25,0.0,355,43,,,,1,,Jack,Butland,Butland,Arm injury - Unknown return date,,0,0,0,0,0,0,0,0,0,0,0,0,0,,,,0,0.0,0.0,0.0,0.0,0,0,0
275,u,0.0,0.0,4.0,585,65,0,0,0,0,0.0,586,67,0,0,0.0,324,38,0,0,0.0,324,38,0.0,0.0,0,0,0,91,91,0.0,0.0,0.0,0.0,0.0,0.0,0.0,0.0,0.0,0.0,0.0,311,38,0.0,311,18,0.0,232,18,0.0,328,38,,,,1,,Harvey,Cartwright,Cartwright,Has joined Grimsby Town on loan for the rest of the season,,0,0,0,0,0,0,0,0,0,0,0,0,0,,,,0,0.0,0.0,0.0,0.0,0,0,0
276,u,0.0,0.0,4.0,574,62,0,0,0,0,0.0,520,58,0,0,0.0,317,35,0,0,0.0,317,35,0.0,0.0,0,0,0,290,290,0.0,0.0,0.0,0.0,0.0,0.0,0.0,0.0,0.0,0.0,0.0,304,35,0.0,304,15,0.0,223,15,0.0,321,35,,,,1,,Thimothée,Lo-Tutala,Lo-Tutala,Has joined Colchester United on loan for the rest of the season,,0,0,0,0,0,0,0,0,0,0,0,0,0,,,,0,0.0,0.0,0.0,0.0,0,0,0
277,a,,,4.0,547,153,0,0,0,0,1.9,129,52,8,8,8.0,29,11,0,27,8.0,29,11,2.0,2.0,0,31546,31546,5921,5921,1.0,1.0,0.0,0.0,0.0,1.83,0.0,0.0,0.0,1.83,43.4,19,7,0.1,272,100,2.0,154,50,4.6,86,30,,,,1,,John,Egan,Egan,,,90,0,0,1,0,0,0,0,0,0,0,1,21,,,,0,1.0,0.0,1.0,21.0,1,20,3
278,i,0.0,0.0,4.0,588,182,0,0,0,0,0.1,407,144,0,0,0.0,327,114,0,0,0.0,327,114,0.0,0.0,0,65,65,1667,1667,0.0,0.0,0.0,0.0,0.0,0.0,0.0,0.0,0.0,0.0,0.0,314,119,0.0,314,121,0.0,235,89,0.0,331,120,,,,1,,Charlie,Hughes,Hughes,Groin injury - Unknown return date,,0,0,0,0,0,0,0,0,0,0,0,0,0,,,,0,0.0,0.0,0.0,0.0,0,0,0
279,d,75.0,,4.0,550,155,0,0,0,0,1.5,160,66,14,14,14.0,4,3,2,39,14.0,4,3,3.5,3.5,0,43020,43020,10152,10152,0.8,1.0,0.52,0.0,0.52,0.86,0.74,0.0,0.74,1.23,44.2,14,4,0.2,267,97,35.0,20,4,7.9,32,7,,,,1,,Semi,Ajayi,Ajayi,Hamstring injury - 75% chance of playing,,63,1,0,1,0,0,0,0,0,0,0,1,7,,,,0,1.43,0.0,1.43,10.0,0,7,3
280,d,75.0,,4.0,560,162,0,0,0,0,0.6,236,90,6,6,6.0,41,14,0,23,6.0,41,14,1.5,1.5,0,1326,1326,3359,3359,0.8,1.0,0.0,0.01,0.01,1.16,0.0,0.01,0.01,1.51,5.8,203,89,11.3,114,33,0.0,213,75,1.7,196,77,,,,1,,Lewie,Coyle,Coyle,Ankle injury - 75% chance of playing,,69,0,0,1,0,0,0,0,0,0,0,1,2,,,,0,1.3,0.0,1.3,2.61,1,1,3
281,a,100.0,100.0,4.0,571,170,0,0,0,0,0.1,460,162,1,1,1.0,177,57,0,4,1.0,177,57,0.2,0.2,0,763,763,244,244,1.0,1.0,0.05,0.0,0.05,0.67,0.22,0.0,0.22,3.02,2.2,245,97,0.0,301,113,1.0,188,64,0.3,273,98,,,,1,,Cody,Drameh,Drameh,,,20,0,0,0,0,0,0,0,0,0,0,0,3,,,,0,0.0,0.0,0.0,13.5,1,2,2
282,a,,,4.0,568,169,0,0,0,0,0.9,204,75,6,6,6.0,42,15,0,24,6.0,42,15,1.5,1.5,0,9280,9280,2290,2290,1.0,1.0,0.02,0.07,0.09,1.76,0.02,0.08,0.1,1.89,13.8,125,57,18.8,66,20,4.0,130,42,3.7,110,39,1.0,1.0,,1,,Ryan,Giles,Giles,,,84,0,0,1,0,0,0,0,0,0,0,1,6,,,,0,1.07,0.0,1.07,6.43,1,5,1
283,i,0.0,0.0,4.0,575,172,0,0,0,0,0.0,575,195,0,0,0.0,318,108,0,0,0.0,318,108,0.0,0.0,0,32,32,160,160,0.0,0.0,0.0,0.0,0.0,0.0,0.0,0.0,0.0,0.0,0.0,305,113,0.0,305,115,0.0,224,81,0.0,322,114,,,,1,,Matty,Jacob,Jacob,Hip injury - Expected back 5 Sep,,0,0,0,0,0,0,0,0,0,0,0,0,0,,,,0,0.0,0.0,0.0,0.0,0,0,0
284,a,,,4.0,612,204,0,0,0,0,0.1,436,153,0,0,0.0,347,132,0,0,0.0,347,132,0.0,0.0,0,484,484,653,653,1.0,1.0,0.0,0.0,0.0,0.0,0.0,0.0,0.0,0.0,0.0,334,137,0.0,335,140,0.0,258,110,0.0,351,138,,,,1,,Cathal,McCarthy,McCarthy,,,0,0,0,0,0,0,0,0,0,0,0,0,0,,,,0,0.0,0.0,0.0,0.0,0,0,0
285,a,,,4.0,552,156,0,0,0,0,0.1,392,140,1,1,1.0,173,53,0,3,1.0,173,53,0.2,0.2,0,483,483,435,435,1.0,1.0,0.0,0.0,0.0,0.96,0.0,0.0,0.0,3.32,4.2,220,91,0.0,288,105,0.0,206,70,0.4,261,96,,,,1,,Paddy,McNair,McNair,,,26,0,0,0,0,0,0,0,0,0,0,0,2,,,,0,0.0,0.0,0.0,6.92,0,2,1
286,a,,,5.0,366,215,0,0,0,0,0.6,240,80,3,3,3.0,93,37,0,8,3.0,93,37,0.6,0.6,0,8831,8831,2338,2338,1.5,1.5,0.05,0.03,0.08,1.83,0.05,0.03,0.08,1.83,10.6,159,57,2.2,181,106,7.0,107,55,2.0,179,81,3.0,2.0,,1,,Mohamed,Belloumi,Belloumi,,,90,0,0,1,0,0,0,0,0,0,0,1,10,,,,0,1.0,0.0,1.0,10.0,4,3,3
287,a,,,5.0,288,172,0,0,0,0,0.1,461,187,0,0,0.0,473,187,0,2,0.0,473,187,0.0,0.0,0,221,221,571,571,1.5,1.5,0.0,0.0,0.0,0.67,0.0,0.0,0.0,3.17,2.0,252,114,0.3,259,136,2.0,169,83,0.4,265,121,,,,1,,Liam,Millar,Millar,,,19,0,0,0,0,0,0,0,1,0,0,0,3,,,,0,0.0,0.0,0.0,14.21,1,1,1
288,a,,,4.5,425,242,0,0,0,0,0.4,278,91,0,0,0.0,361,144,0,0,0.0,361,144,0.0,0.0,0,1143,1143,2769,2769,1.0,1.0,0.0,0.0,0.0,0.0,0.0,0.0,0.0,0.0,0.0,348,137,0.0,352,147,0.0,278,103,0.0,365,144,,,,1,,Kieran,Dowell,Dowell,,,0,0,0,0,0,0,0,0,0,0,0,0,0,,,,0,0.0,0.0,0.0,0.0,0,0,0
289,a,,,4.5,408,239,0,0,0,0,0.7,226,74,2,2,2.0,113,51,0,9,2.0,113,51,0.4,0.4,0,6432,6432,3588,3588,1.0,1.0,0.0,0.0,0.0,1.83,0.0,0.0,0.0,1.83,19.0,89,29,2.4,171,101,0.0,266,100,2.1,169,77,,,,1,,Matt,Crooks,Crooks,,,90,0,0,1,0,0,0,0,1,0,0,1,9,,,,0,1.0,0.0,1.0,9.0,4,4,1
294,i,0.0,0.0,4.5,507,255,0,0,0,0,0.1,417,163,0,0,0.0,411,155,0,0,0.0,411,155,0.0,0.0,0,306,306,1608,1608,0.0,0.0,0.0,0.0,0.0,0.0,0.0,0.0,0.0,0.0,0.0,399,148,0.0,406,158,0.0,344,116,0.0,415,155,,,,1,,Óscar,Zambrano,Zambrano,Thigh injury - Unknown return date,,0,0,0,0,0,0,0,0,0,0,0,0,0,,,,0,0.0,0.0,0.0,0.0,0,0,0
290,a,,,4.5,456,245,0,0,0,0,3.6,90,29,6,6,6.0,49,21,0,20,6.0,49,21,1.3,1.3,0,54072,54072,13063,13063,1.0,1.0,0.0,0.44,0.44,1.83,0.0,0.44,0.44,1.83,18.4,94,33,19.3,63,41,0.0,301,106,3.8,106,55,2.0,,,1,,Regan,Slater,Slater,,,90,0,1,1,0,0,0,0,0,0,0,1,3,,,,0,1.0,0.0,1.0,3.0,1,0,2
291,i,0.0,0.0,4.5,472,247,0,0,0,0,0.0,592,253,0,0,0.0,388,147,0,0,0.0,388,147,0.0,0.0,0,41,41,60,60,0.0,0.0,0.0,0.0,0.0,0.0,0.0,0.0,0.0,0.0,0.0,373,140,0.0,378,150,0.0,312,108,0.0,390,147,,,,1,,Eliot,Matazo,Matazo,Knee injury - Unknown return date,,0,0,0,0,0,0,0,0,0,0,0,0,0,,,,0,0.0,0.0,0.0,0.0,0,0,0
292,a,,,5.0,262,160,0,0,0,0,0.0,553,227,0,0,0.0,457,179,0,0,0.0,457,179,0.0,0.0,0,161,161,253,253,1.5,1.5,0.0,0.0,0.0,0.0,0.0,0.0,0.0,0.0,0.0,449,173,0.0,457,182,0.0,402,145,0.0,465,180,,,,1,,Abdülkadir,Ömür,Ömür,,,0,0,0,0,0,0,0,0,0,0,0,0,0,,,,0,0.0,0.0,0.0,0.0,0,0,0
293,u,0.0,0.0,5.0,334,194,0,0,0,0,0.0,597,258,0,0,0.0,505,206,0,0,0.0,505,206,0.0,0.0,0,0,0,151,151,0.0,0.0,0.0,0.0,0.0,0.0,0.0,0.0,0.0,0.0,0.0,493,198,0.0,505,207,0.0,462,174,0.0,509,205,,,,1,,Abu,Kamara,Kamara,Has joined Portsmouth permanently,,0,0,0,0,0,0,0,0,0,0,0,0,0,,,,0,0.0,0.0,0.0,0.0,0,0,0
295,a,,,5.5,122,31,0,0,0,0,1.9,132,20,5,5,5.0,68,6,0,21,5.0,68,6,0.9,0.9,0,48525,48525,8160,8160,1.8,1.8,0.16,0.01,0.17,1.83,0.16,0.01,0.17,1.83,17.2,100,10,21.1,61,4,52.0,6,2,9.0,21,5,,,1.0,1,,Oli,McBurnie,McBurnie,,,90,0,1,1,0,0,0,0,0,0,0,1,5,,,,0,1.0,0.0,1.0,5.0,0,3,2
296,a,,,5.0,267,164,0,0,0,0,0.0,500,209,0,0,0.0,459,180,0,0,0.0,459,180,0.0,0.0,0,672,672,637,637,1.5,1.5,0.0,0.0,0.0,0.0,0.0,0.0,0.0,0.0,0.0,451,174,0.0,459,183,0.0,405,147,0.0,467,181,,,,1,,David,Akintola,Akintola,,,0,0,0,0,0,0,0,0,0,0,0,0,0,,,,0,0.0,0.0,0.0,0.0,0,0,0
297,i,0.0,0.0,4.5,473,248,0,0,0,0,0.0,537,221,0,0,0.0,389,148,0,0,0.0,389,148,0.0,0.0,0,41,41,411,411,0.0,0.0,0.0,0.0,0.0,0.0,0.0,0.0,0.0,0.0,0.0,374,141,0.0,379,151,0.0,313,109,0.0,391,148,,,,1,,Darko,Gyabi,Gyabi,Thigh injury - Unknown return date,,0,0,0,0,0,0,0,0,0,0,0,0,0,,,,0,0.0,0.0,0.0,0.0,0,0,0
298,u,0.0,0.0,4.5,492,64,0,0,0,0,0.4,284,48,0,0,0.0,398,37,0,0,0.0,398,37,0.0,0.0,0,0,0,6694,6694,0.0,0.0,0.0,0.0,0.0,0.0,0.0,0.0,0.0,0.0,0.0,386,26,0.0,393,34,0.0,330,32,0.0,402,35,,,,1,,Enis,Destan,Destan,Has joined Konyaspor permanently,,0,0,0,0,0,0,0,0,0,0,0,0,0,,,,0,0.0,0.0,0.0,0.0,0,0,0
299,u,0.0,0.0,4.5,500,65,0,0,0,0,0.1,480,64,0,0,0.0,405,38,0,0,0.0,405,38,0.0,0.0,0,0,0,947,947,0.0,0.0,0.0,0.0,0.0,0.0,0.0,0.0,0.0,0.0,0.0,393,27,0.0,400,35,0.0,338,33,0.0,409,36,,,,1,,Mason,Burstow,Burstow,Has joined Sheffield Wednesday on loan for the rest of the season,,0,0,0,0,0,0,0,0,0,0,0,0,0,,,,0,0.0,0.0,0.0,0.0,0,0,0
340,i,0.0,0.0,5.0,314,184,0,0,0,0,0.0,574,243,0,0,0.0,495,198,0,0,0.0,495,198,0.0,0.0,0,34,34,198,198,0.0,0.0,0.0,0.0,0.0,0.0,0.0,0.0,0.0,0.0,0.0,483,190,0.0,493,199,0.0,446,165,0.0,499,197,,,,1,,Joe,Gelhardt,Gelhardt,Ankle injury - Expected back 5 Sep,,0,0,0,0,0,0,0,0,0,0,0,0,0,,,,0,0.0,0.0,0.0,0.0,0,0,0
556,a,,,4.0,555,158,0,0,0,0,2.4,121,49,1,1,1.0,175,55,0,3,1.0,175,55,0.2,0.2,0,3987,3987,10031,10031,1.0,1.0,0.0,0.0,0.0,0.07,0.0,0.0,0.0,1.26,0.4,271,101,0.0,290,106,0.0,208,71,0.0,308,106,,,,1,,Matt,Targett,Targett,,,5,0,0,0,0,0,0,0,0,0,0,0,0,,,,0,0.0,0.0,0.0,0.0,0,0,1
563,a,100.0,50.0,5.0,306,180,0,0,0,0,0.0,544,225,0,0,0.0,487,194,0,0,0.0,487,194,0.0,0.0,0,45,45,268,268,1.5,0.8,0.0,0.0,0.0,0.0,0.0,0.0,0.0,0.0,0.0,476,186,0.0,486,195,0.0,439,161,0.0,492,193,,,,1,,Hidemasa,Morita,Morita,,,0,0,0,0,0,0,0,0,0,0,0,0,0,,,,0,0.0,0.0,0.0,0.0,0,0,0
572,a,,,4.5,477,40,0,0,0,0,2.0,127,19,10,10,10.0,15,1,3,41,10.0,15,1,2.2,2.2,0,62551,62551,6224,6224,1.9,1.9,0.0,0.0,0.0,1.83,0.0,0.0,0.0,1.83,34.6,38,4,0.0,381,39,0.0,317,39,3.5,116,4,,,,1,,Konstantinos,Tzolakis,Tzolakis,,,90,0,0,1,0,0,0,0,0,0,5,1,0,,,,5,1.0,0.0,1.0,0.0,0,0,22
574,a,,,5.0,373,220,0,0,0,0,0.1,439,175,0,0,0.0,526,218,0,0,0.0,526,218,0.0,0.0,0,215,215,584,584,1.5,1.5,0.0,0.0,0.0,0.0,0.0,0.0,0.0,0.0,0.0,514,210,0.0,527,219,0.0,486,188,0.0,530,217,,,,1,,Jens,Hjertø-Dahl,Hjertø-Dahl,,,0,0,0,0,0,0,0,0,0,0,0,0,0,,,,0,0.0,0.0,0.0,0.0,0,0,0
576,a,,,5.0,383,228,0,0,0,0,0.1,429,169,3,3,3.0,94,38,0,11,3.0,94,38,0.6,0.6,0,823,823,344,344,1.5,1.5,0.0,0.03,0.03,1.16,0.0,0.04,0.04,1.49,8.4,176,69,4.8,146,86,0.0,494,195,1.3,225,100,,,,1,,Elliot,Stroud,Stroud,,,70,0,0,1,0,0,0,0,0,0,0,1,6,,,,0,1.29,0.0,1.29,7.71,3,1,2
589,a,,,5.0,321,187,0,0,0,0,0.0,527,218,0,0,0.0,497,200,0,0,0.0,497,200,0.0,0.0,0,87,87,180,180,1.5,1.5,0.0,0.0,0.0,0.0,0.0,0.0,0.0,0.0,0.0,485,192,0.0,496,201,0.0,451,168,0.0,501,199,,,,1,,Lucas,Gourna-Douath,Gourna-Douath,,,0,0,0,0,0,0,0,0,0,0,0,0,0,,,,0,0.0,0.0,0.0,0.0,0,0,0
585,a,,,4.0,605,197,0,0,0,0,0.7,232,88,1,1,1.0,181,61,0,4,1.0,181,61,0.2,0.2,0,2113,2113,2243,2243,1.0,1.0,0.0,0.0,0.0,0.96,0.0,0.0,0.0,3.32,8.0,178,78,0.0,329,134,0.0,252,104,0.8,241,91,,,,1,,Lucas,Herrington,Herrington,,,26,0,0,0,0,0,0,0,0,0,0,0,4,,,,0,0.0,0.0,0.0,13.85,0,4,0
586,a,100.0,,4.0,607,199,0,0,0,0,2.3,122,50,15,15,15.0,3,2,1,35,15.0,3,2,3.8,3.8,0,77839,77839,12067,12067,1.0,1.0,0.28,0.0,0.28,0.86,0.4,0.0,0.4,1.23,51.8,4,1,0.6,237,84,33.0,23,6,8.5,27,5,,,,1,,Nobel,Mendy,Mendy,,,63,1,0,1,0,0,0,0,0,0,0,1,13,,,,0,1.43,0.0,1.43,18.57,0,13,2
259,a,,,4.0,565,166,0,0,0,0,17.5,20,7,2,2,2.0,109,42,0,7,2.0,109,42,0.5,0.5,0,18491,18491,42874,42874,1.0,1.0,0.0,0.01,0.01,0.66,0.0,0.01,0.01,0.66,7.2,184,81,0.8,226,76,2.0,156,52,1.0,234,88,,,,1,,Issa,Diop,Diop,,,90,0,0,0,1,0,0,0,0,0,0,1,5,,,,0,0.0,1.0,1.0,5.0,1,4,6
267,a,,,5.0,266,163,0,0,0,0,0.1,398,156,5,5,5.0,66,26,0,22,5.0,66,26,1.0,1.0,0,719,719,590,590,1.5,1.5,0.0,0.02,0.02,0.66,0.0,0.02,0.02,0.66,23.4,71,24,14.8,82,52,2.0,167,82,4.0,102,53,4.0,,,1,,Saša,Lukić,Lukić,,,90,0,1,0,1,0,0,0,0,0,0,1,6,,,,0,0.0,1.0,1.0,6.0,1,2,3
300,a,,,4.5,412,27,0,0,0,0,0.5,251,34,0,0,0.0,353,44,0,0,0.0,353,44,0.0,0.0,0,153,153,2605,2605,1.9,1.9,0.0,0.0,0.0,0.0,0.0,0.0,0.0,0.0,0.0,340,44,0.0,343,26,0.0,269,26,0.0,357,44,,,,1,,Christian,Walton,Walton,,,0,0,0,0,0,0,0,0,0,0,0,0,0,,,,0,0.0,0.0,0.0,0.0,0,0,0
301,a,,,4.0,548,54,0,0,0,0,4.6,72,9,0,0,0.0,301,27,0,0,0.0,301,27,0.0,0.0,0,4830,4830,10775,10775,1.0,1.0,0.0,0.0,0.0,0.0,0.0,0.0,0.0,0.0,0.0,288,27,0.0,285,7,0.0,203,7,0.0,304,27,,,,1,,Alex,Palmer,Palmer,,,0,0,0,0,0,0,0,0,0,0,0,0,0,,,,0,0.0,0.0,0.0,0.0,0,0,0
302,a,,,4.0,542,51,0,0,0,0,0.4,263,36,0,0,0.0,296,24,0,0,0.0,296,24,0.0,0.0,0,1171,1171,1116,1116,1.0,1.0,0.0,0.0,0.0,0.0,0.0,0.0,0.0,0.0,0.0,283,24,0.0,280,4,0.0,198,4,0.0,299,24,,,,1,,David,Button,Button,,,0,0,0,0,0,0,0,0,0,0,0,0,0,,,,0,0.0,0.0,0.0,0.0,0,0,0
303,a,,,4.0,559,161,0,0,0,0,0.6,235,89,0,0,0.0,307,102,0,0,0.0,307,102,0.0,0.0,0,255,255,2928,2928,1.0,1.0,0.0,0.0,0.0,0.0,0.0,0.0,0.0,0.0,0.0,294,107,0.0,293,108,0.0,212,74,0.0,311,108,,,,1,,Cédric,Kipré,Kipré,,,0,0,0,0,0,0,0,0,0,0,0,0,0,,,,0,0.0,0.0,0.0,0.0,0,0,0
304,a,,,4.0,564,165,0,0,0,0,3.5,96,40,4,4,4.0,74,31,0,16,4.0,74,31,1.0,1.0,0,9517,9517,7336,7336,1.0,1.0,0.0,0.16,0.16,0.66,0.0,0.16,0.16,0.66,48.0,9,2,24.5,48,16,2.0,155,51,7.5,34,9,,,,1,,Dara,O'Shea,O'Shea,,,90,0,0,0,1,0,0,0,0,0,0,1,18,,,,0,0.0,1.0,1.0,18.0,2,16,6
305,a,,,4.0,578,175,0,0,0,0,5.0,70,29,2,2,2.0,111,44,0,10,2.0,111,44,0.5,0.5,0,4890,4890,12837,12837,1.0,1.0,0.0,0.01,0.01,0.66,0.0,0.01,0.01,0.66,15.2,111,50,2.3,176,52,0.0,226,83,1.8,190,75,2.0,2.0,,1,,Leif,Davis,Davis,,,90,0,0,0,1,0,0,0,0,0,0,1,7,,,,0,0.0,1.0,1.0,7.0,0,7,4
306,a,,,4.0,576,173,0,0,0,0,1.5,164,68,2,2,2.0,110,43,0,12,2.0,110,43,0.5,0.5,0,1109,1109,3240,3240,1.0,1.0,0.0,0.0,0.0,0.66,0.0,0.0,0.0,0.66,16.4,105,45,1.3,204,65,0.0,225,82,1.8,189,74,,,,1,,Jacob,Greaves,Greaves,,,90,0,0,0,1,0,0,0,0,0,0,1,7,,,,0,0.0,1.0,1.0,7.0,3,4,1
307,a,,,4.0,567,168,0,0,0,0,0.1,413,146,0,0,0.0,312,106,0,0,0.0,312,106,0.0,0.0,0,300,300,689,689,1.0,1.0,0.0,0.0,0.0,0.0,0.0,0.0,0.0,0.0,0.0,299,111,0.0,298,112,0.0,218,79,0.0,316,112,,,,1,,Ben,Johnson,Johnson,,,0,0,0,0,0,0,0,0,0,0,0,0,0,,,,0,0.0,0.0,0.0,0.0,0,0,0
308,a,,,4.0,558,160,0,0,0,0,0.6,237,91,0,0,0.0,306,101,0,0,0.0,306,101,0.0,0.0,0,192,192,2633,2633,1.0,1.0,0.0,0.0,0.0,0.0,0.0,0.0,0.0,0.0,0.0,293,106,0.0,292,107,0.0,211,73,0.0,310,107,,,,1,,Darnell,Furlong,Furlong,,,0,0,0,0,0,0,0,0,0,0,0,0,0,,,,0,0.0,0.0,0.0,0.0,0,0,0
309,a,,,5.0,345,199,0,0,0,0,0.1,389,151,4,4,4.0,75,31,0,26,4.0,75,31,0.8,0.8,0,646,646,684,684,1.5,1.5,0.03,0.03,0.06,0.63,0.03,0.03,0.06,0.72,13.0,135,45,7.3,131,77,4.0,133,66,2.4,155,70,1.0,1.0,,1,,Marcelino,Núñez,Núñez,,,79,0,0,0,1,0,0,0,0,0,0,1,12,,,,0,0.0,1.14,1.14,13.67,2,4,6
310,i,0.0,0.0,5.0,290,173,0,0,0,0,0.0,601,261,0,0,0.0,475,188,0,0,0.0,475,188,0.0,0.0,0,4,4,83,83,0.0,0.0,0.0,0.0,0.0,0.0,0.0,0.0,0.0,0.0,0.0,464,180,0.0,473,189,0.0,424,154,0.0,480,187,,,,1,,Azor,Matusiwa,Matusiwa,Muscular injury - Unknown return date,,0,0,0,0,0,0,0,0,0,0,0,0,0,,,,0,0.0,0.0,0.0,0.0,0,0,0
311,u,0.0,0.0,5.0,241,144,0,0,0,0,0.0,595,256,0,0,0.0,447,171,0,0,0.0,447,171,0.0,0.0,0,0,0,148,148,0.0,0.0,0.0,0.0,0.0,0.0,0.0,0.0,0.0,0.0,0.0,437,164,0.0,445,174,0.0,385,133,0.0,453,171,,,,1,,Wes,Burns,Burns,Has joined Leicester City permanently,,0,0,0,0,0,0,0,0,0,0,0,0,0,,,,0,0.0,0.0,0.0,0.0,0,0,0
312,i,0.0,0.0,4.5,450,244,0,0,0,0,0.0,497,207,0,0,0.0,375,146,0,0,0.0,375,146,0.0,0.0,0,70,70,635,635,0.0,0.0,0.0,0.0,0.0,0.0,0.0,0.0,0.0,0.0,0.0,362,139,0.0,366,149,0.0,296,105,0.0,379,146,,,,1,,Jack,Taylor,Taylor,Knee injury - Unknown return date,,0,0,0,0,0,0,0,0,0,0,0,0,0,,,,0,0.0,0.0,0.0,0.0,0,0,0
313,a,,,5.5,166,104,0,0,0,0,0.3,301,102,7,7,7.0,39,19,1,27,7.0,39,19,1.3,1.3,0,2138,2138,1301,1301,2.0,2.0,0.1,0.0,0.1,0.03,0.47,0.0,0.47,0.14,33.6,40,18,0.6,245,130,18.0,51,26,5.2,72,39,3.0,3.0,1.0,1,,Jack,Clarke,Clarke,,,19,1,0,0,0,0,0,0,0,0,0,0,2,,,,0,0.0,0.0,0.0,9.47,1,0,1
314,a,,,5.0,282,168,0,0,0,0,0.0,563,235,0,0,0.0,468,183,0,0,0.0,468,183,0.0,0.0,0,27,27,148,148,1.5,1.5,0.0,0.0,0.0,0.0,0.0,0.0,0.0,0.0,0.0,459,177,0.0,468,186,0.0,418,151,0.0,475,184,,,,1,,Chiedozie,Ogbene,Ogbene,,,0,0,0,0,0,0,0,0,0,0,0,0,0,,,,0,0.0,0.0,0.0,0.0,0,0,0
315,a,,,5.5,202,126,0,0,0,0,0.2,324,112,2,2,2.0,147,71,0,22,2.0,147,71,0.4,0.4,0,438,438,1668,1668,2.0,2.0,0.0,0.41,0.41,0.63,0.0,0.57,0.57,0.87,18.6,93,32,28.4,31,23,8.0,97,48,5.5,64,33,,,,1,,Abdul,Fatawu,Fatawu,,,65,0,0,0,1,0,0,0,0,0,0,1,7,,,,0,0.0,1.38,1.38,9.69,4,1,2
316,a,,,5.5,204,44,0,0,0,0,1.3,170,26,9,9,9.0,25,2,3,41,9.0,25,2,1.6,1.6,0,54714,54714,8897,8897,1.8,1.8,0.82,0.06,0.88,0.63,1.14,0.08,1.22,0.87,45.6,13,2,26.3,42,1,40.0,15,5,11.2,10,1,,,2.0,1,,Emersonn,Correia da Silva,Emersonn,,,65,1,0,0,1,0,0,0,0,0,0,1,3,,,,0,0.0,1.38,1.38,4.15,1,1,1
317,u,0.0,0.0,5.0,278,51,0,0,0,0,0.2,351,54,0,0,0.0,465,46,0,0,0.0,465,46,0.0,0.0,0,0,0,6179,6179,0.0,0.0,0.0,0.0,0.0,0.0,0.0,0.0,0.0,0.0,0.0,457,36,0.0,466,44,0.0,414,42,0.0,473,45,,,,1,,George,Hirst,Hirst,Has joined Stoke City permanently,,0,0,0,0,0,0,0,0,0,0,0,0,0,,,,0,0.0,0.0,0.0,0.0,0,0,0
318,i,0.0,,5.5,187,114,0,0,0,0,0.2,380,145,0,0,0.0,564,240,0,0,0.0,564,240,0.0,0.0,0,101,101,1969,1969,0.0,2.0,0.0,0.0,0.0,0.0,0.0,0.0,0.0,0.0,0.0,554,234,0.0,567,242,0.0,551,230,0.0,568,240,5.0,,3.0,1,,Jaden,Philogene,Philogene,Ankle injury - Unknown return date,,0,0,0,0,0,0,0,0,0,0,0,0,0,,,,0,0.0,0.0,0.0,0.0,0,0,0
319,u,0.0,0.0,5.0,249,151,0,0,0,0,0.0,591,252,0,0,0.0,453,176,0,0,0.0,453,176,0.0,0.0,0,0,0,325,325,0.0,0.0,0.0,0.0,0.0,0.0,0.0,0.0,0.0,0.0,0.0,443,169,0.0,451,179,0.0,393,140,0.0,459,176,,,,1,,Sam,Szmodics,Szmodics,Has joined Derby County on loan for the rest of the season,,0,0,0,0,0,0,0,0,0,0,0,0,0,,,,0,0.0,0.0,0.0,0.0,0,0,0
320,a,,,5.0,240,49,0,0,0,0,0.5,250,42,1,1,1.0,210,20,0,3,1.0,210,20,0.2,0.2,0,3202,3202,3850,3850,1.4,1.4,0.0,0.0,0.0,0.03,0.0,0.0,0.0,0.11,1.4,258,21,0.0,444,43,2.0,165,26,0.3,276,29,,,,1,,Chuba,Akpom,Akpom,,,24,0,0,0,0,0,0,0,0,0,0,0,3,,,,0,0.0,0.0,0.0,11.25,1,0,2
321,a,,,4.5,510,67,0,0,0,0,2.4,120,18,1,1,1.0,204,19,0,3,1.0,204,19,0.2,0.2,0,21804,21804,13306,13306,1.0,1.0,0.0,0.0,0.0,0.03,0.0,0.0,0.0,0.27,0.0,402,29,0.1,274,31,0.0,347,35,0.0,418,38,,,,1,,Sindre,Walle Egeli,Walle Egeli,,,10,0,0,0,0,0,0,0,0,0,0,0,0,,,,0,0.0,0.0,0.0,0.0,0,0,0
322,a,,,5.0,313,54,0,0,0,0,0.1,387,58,0,0,0.0,494,48,0,0,0.0,494,48,0.0,0.0,0,645,645,1454,1454,1.4,1.4,0.0,0.0,0.0,0.0,0.0,0.0,0.0,0.0,0.0,482,38,0.0,492,46,0.0,445,45,0.0,498,47,,,,1,,Ali,Al-Hamadi,Al-Hamadi,,,0,0,0,0,0,0,0,0,0,0,0,0,0,,,,0,0.0,0.0,0.0,0.0,0,0,0
323,a,,,4.5,470,246,0,0,0,0,1.4,166,50,1,1,1.0,194,88,0,4,1.0,194,88,0.2,0.2,0,3790,3790,7443,7443,1.0,1.0,0.0,0.0,0.0,0.03,0.0,0.0,0.0,0.11,1.2,261,120,1.3,205,116,0.0,311,107,0.3,274,128,,,,1,,Kasey,McAteer,McAteer,,,24,0,0,0,0,0,0,0,0,0,0,0,3,,,,0,0.0,0.0,0.0,11.25,1,0,2
324,a,,,5.0,286,170,0,0,0,0,0.1,485,199,0,0,0.0,471,185,0,0,0.0,471,185,0.0,0.0,0,35,35,439,439,1.5,1.5,0.0,0.0,0.0,0.0,0.0,0.0,0.0,0.0,0.0,462,179,0.0,471,188,0.0,422,153,0.0,478,186,,,,1,,Anis,Mehmeti,Mehmeti,,,0,0,0,0,0,0,0,0,0,0,0,0,0,,,,0,0.0,0.0,0.0,0.0,0,0,0
554,u,0.0,,4.5,501,45,0,0,0,0,0.0,515,56,0,0,0.0,406,56,0,0,0.0,406,56,0.0,0.0,0,54,54,324,324,0.0,1.9,0.0,0.0,0.0,0.0,0.0,0.0,0.0,0.0,0.0,394,56,0.0,401,44,0.0,339,44,0.0,410,56,,,,1,,Kayne,van Oevelen,Van Oevelen,Has joined Valencia on loan for the rest of the season,,0,0,0,0,0,0,0,0,0,0,0,0,0,,,,0,0.0,0.0,0.0,0.0,0,0,0
562,a,,,5.5,165,103,0,0,0,0,0.4,272,88,2,2,2.0,143,67,0,7,2.0,143,67,0.4,0.4,0,553,553,2324,2324,2.0,2.0,0.61,0.0,0.61,0.63,0.69,0.0,0.69,0.72,12.6,139,47,1.4,203,115,7.0,110,57,2.1,173,79,,,,1,,Daizen,Maeda,Maeda,,,79,0,0,0,1,0,0,0,0,0,0,1,9,,,,0,0.0,1.14,1.14,10.25,4,3,2
564,a,,,4.5,453,35,0,0,0,0,0.7,233,32,2,2,2.0,114,9,0,12,2.0,114,9,0.4,0.4,0,912,912,1796,1796,1.9,1.9,0.0,0.0,0.0,0.66,0.0,0.0,0.0,0.66,14.4,118,16,0.0,368,34,0.0,298,34,1.4,214,16,,,,1,,Kjell,Scherpen,Scherpen,,,90,0,0,0,1,0,0,0,0,0,2,1,0,,,,2,0.0,1.0,1.0,0.0,0,1,10
571,d,75.0,,5.0,272,165,0,0,0,0,0.1,393,153,0,0,0.0,461,181,0,0,0.0,461,181,0.0,0.0,0,177,177,1072,1072,1.1,1.5,0.0,0.0,0.0,0.0,0.0,0.0,0.0,0.0,0.0,453,175,0.0,462,184,0.0,409,148,0.0,469,182,,,,1,,Florentino Ibrain,Morris Luís,Florentino,Calf injury - 75% chance of playing,,0,0,0,0,0,0,0,0,0,0,0,0,0,,,,0,0.0,0.0,0.0,0.0,0,0,0
591,a,100.0,,5.5,182,111,0,0,0,0,0.4,274,89,5,5,5.0,71,29,0,24,5.0,71,29,0.9,0.9,0,9941,9941,2785,2785,2.0,2.0,0.23,0.31,0.54,0.63,0.3,0.4,0.7,0.81,21.6,77,25,14.0,88,56,18.0,52,27,5.4,68,36,,,,1,,Julio,Enciso,Enciso,,,70,0,1,0,1,0,0,0,0,0,0,1,8,,,,0,0.0,1.29,1.29,10.29,1,2,5
592,a,,,4.0,599,192,0,0,0,0,1.0,192,73,1,1,1.0,180,60,0,4,1.0,180,60,0.2,0.2,0,2209,2209,3603,3603,1.0,1.0,0.0,0.0,0.0,0.03,0.0,0.0,0.0,0.27,5.2,208,90,10.0,123,37,0.0,246,99,1.5,207,80,,,,1,,Abdoul,Ouattara,Ouattara,,,10,0,0,0,0,0,0,0,0,0,0,0,2,,,,0,0.0,0.0,0.0,18.0,0,2,0
602,a,,,4.5,499,254,0,0,0,0,0.0,540,223,0,0,0.0,404,154,0,0,0.0,404,154,0.0,0.0,0,884,884,223,223,1.0,1.0,0.0,0.0,0.0,0.0,0.0,0.0,0.0,0.0,0.0,392,147,0.0,399,157,0.0,337,115,0.0,408,154,,,,1,,Cameron,Humphreys,Humphreys,,,0,0,0,0,0,0,0,0,0,0,0,0,0,,,,0,0.0,0.0,0.0,0.0,0,0,0
260,a,,,6.5,33,21,0,0,0,0,5.9,64,21,3,3,3.0,106,48,0,8,3.0,106,48,0.5,0.5,0,9872,9872,33011,33011,2.3,2.3,0.0,0.02,0.02,0.53,0.0,0.03,0.03,0.73,6.2,199,80,15.3,79,50,4.0,143,72,2.6,150,68,2.0,,,1,,Harry,Wilson,Wilson,,,65,0,0,1,0,0,0,0,0,0,0,1,2,,,,0,1.38,0.0,1.38,2.77,2,0,0
326,a,,,4.5,434,33,0,0,0,0,0.6,241,33,0,0,0.0,366,50,0,0,0.0,366,50,0.0,0.0,0,223,223,3060,3060,1.9,1.9,0.0,0.0,0.0,0.0,0.0,0.0,0.0,0.0,0.0,353,50,0.0,357,32,0.0,285,32,0.0,370,50,,,,1,,Lucas Estella,Perri,Perri,,,0,0,0,0,0,0,0,0,0,0,0,0,0,,,,0,0.0,0.0,0.0,0.0,0,0,0
327,a,,,5.0,299,54,0,0,0,0,0.8,221,83,10,10,10.0,16,7,2,28,10.0,16,7,2.0,2.0,0,27762,27762,4254,4254,2.2,2.2,0.11,0.0,0.11,0.66,0.11,0.0,0.11,0.66,23.6,70,31,0.4,254,92,15.0,68,18,3.9,104,35,,,,1,,Jaka,Bijol,Bijol,,,90,0,0,1,0,0,0,0,0,0,0,1,12,,,,0,1.0,0.0,1.0,12.0,1,11,5
329,a,,,4.5,437,100,0,0,0,0,3.6,91,36,6,6,6.0,46,19,0,21,6.0,46,19,1.3,1.3,0,10155,10155,6414,6414,1.7,1.7,0.03,0.06,0.09,0.66,0.03,0.06,0.09,0.66,14.4,117,54,14.4,86,25,5.0,122,38,3.4,118,43,,,,1,,Joe,Rodon,Rodon,,,90,0,0,1,0,0,0,0,0,0,0,1,7,,,,0,1.0,0.0,1.0,7.0,1,6,1
330,a,,,4.5,446,108,0,0,0,0,0.6,248,93,6,6,6.0,48,21,0,24,6.0,48,21,1.3,1.3,0,4157,4157,1595,1595,1.7,1.7,0.0,0.0,0.0,0.66,0.0,0.0,0.0,0.66,7.0,189,84,1.1,219,73,0.0,293,127,0.8,243,93,,,,1,,Jayden,Bogle,Bogle,,,90,0,0,1,0,0,0,0,0,0,0,1,3,,,,0,1.0,0.0,1.0,3.0,1,2,3
331,i,0.0,0.0,4.5,457,116,0,0,0,0,0.0,490,171,0,0,0.0,380,149,0,0,0.0,380,149,0.0,0.0,0,45,45,727,727,0.0,0.0,0.0,0.0,0.0,0.0,0.0,0.0,0.0,0.0,0.0,366,153,0.0,371,157,0.0,302,133,0.0,383,154,,,,1,,Gabriel,Gudmundsson,Gudmundsson,Hamstring injury - Unknown return date,,0,0,0,0,0,0,0,0,0,0,0,0,0,,,,0,0.0,0.0,0.0,0.0,0,0,0
332,a,,,4.5,441,104,0,0,0,0,0.9,201,74,10,10,10.0,14,6,2,28,10.0,14,6,2.2,2.2,0,22933,22933,4452,4452,1.7,1.7,0.0,0.01,0.01,0.66,0.0,0.01,0.01,0.66,24.6,66,28,2.3,177,53,2.0,159,55,2.9,134,52,,,,1,,James,Justin,Justin,,,90,0,0,1,0,0,0,0,0,0,0,1,12,,,,0,1.0,0.0,1.0,12.0,6,6,4
333,u,0.0,0.0,4.5,465,123,0,0,0,0,0.0,600,201,0,0,0.0,385,153,0,0,0.0,385,153,0.0,0.0,0,0,0,125,125,0.0,0.0,0.0,0.0,0.0,0.0,0.0,0.0,0.0,0.0,0.0,371,157,0.0,375,160,0.0,308,138,0.0,388,158,,,,1,,Sebastiaan,Bornauw,Bornauw,Has joined Hamburg SV on loan for the rest of the season,,0,0,0,0,0,0,0,0,0,0,0,0,0,,,,0,0.0,0.0,0.0,0.0,0,0,0
334,a,,,5.0,357,72,0,0,0,0,3.4,97,41,6,6,6.0,53,22,0,25,6.0,53,22,1.2,1.2,0,13953,13953,6064,6064,2.2,2.2,0.09,0.0,0.09,0.66,0.09,0.0,0.09,0.66,15.6,108,48,0.6,241,87,17.0,56,15,3.3,123,46,,,,1,,Tarik,Muharemović,Muharemović,,,90,0,0,1,0,0,0,0,0,0,0,1,7,,,,0,1.0,0.0,1.0,7.0,0,7,1
335,a,,,6.0,91,58,0,0,0,0,1.7,142,42,13,13,13.0,7,3,3,37,13.0,7,3,2.2,2.2,0,45024,45024,7449,7449,2.2,2.2,0.1,0.05,0.15,0.66,0.1,0.05,0.15,0.66,47.8,10,7,2.3,179,105,16.0,65,35,6.6,47,29,1.0,1.0,,1,,Anton,Stach,Stach,,,90,1,0,1,0,0,0,0,0,0,0,1,16,,,,0,1.0,0.0,1.0,16.0,3,8,5
336,a,,,6.0,79,51,0,0,0,0,0.5,262,84,1,1,1.0,278,129,0,10,1.0,278,129,0.2,0.2,0,887,887,5281,5281,2.2,2.2,0.0,0.16,0.16,0.13,0.0,0.6,0.6,0.49,10.0,164,61,14.0,89,57,4.0,140,70,2.8,141,63,,,,1,,Noah,Okafor,Okafor,,,24,0,0,0,0,0,0,0,0,0,0,0,5,,,,0,0.0,0.0,0.0,18.75,2,1,2
337,a,,,5.5,156,97,0,0,0,0,0.9,203,68,3,3,3.0,97,40,0,16,3.0,97,40,0.5,0.5,0,1526,1526,4885,4885,2.0,2.0,0.01,0.01,0.02,0.58,0.01,0.01,0.02,0.64,8.0,179,70,1.1,221,123,7.0,109,56,1.6,203,91,,3.0,,1,,Brenden,Aaronson,Aaronson,,,81,0,0,1,0,0,0,0,0,0,0,1,7,,,,0,1.11,0.0,1.11,7.78,1,0,6
338,a,,,5.5,132,82,0,0,0,0,1.4,167,51,5,5,5.0,69,28,0,18,5.0,69,28,0.9,0.9,0,2546,2546,5853,5853,2.0,2.0,0.0,0.04,0.04,0.66,0.0,0.04,0.04,0.66,18.6,91,31,23.3,51,33,0.0,519,210,4.2,97,50,,,,1,,Ethan,Ampadu,Ampadu,,,90,0,0,1,0,0,0,0,0,0,0,1,13,,,,0,1.0,0.0,1.0,13.0,2,6,5
339,a,,,5.0,252,152,0,0,0,0,0.1,395,154,1,1,1.0,211,90,0,3,1.0,211,90,0.2,0.2,0,376,376,1026,1026,1.5,1.5,0.0,0.0,0.0,0.07,0.0,0.0,0.0,0.79,0.0,445,170,0.2,268,142,0.0,396,141,0.0,461,177,3.0,2.0,,1,,Sean,Longstaff,Longstaff,,,8,0,0,0,0,0,0,0,0,0,0,0,0,,,,0,0.0,0.0,0.0,0.0,0,0,0
341,i,0.0,0.0,5.0,338,196,0,0,0,0,0.0,554,228,0,0,0.0,509,208,0,0,0.0,509,208,0.0,0.0,0,12,12,527,527,0.0,0.0,0.0,0.0,0.0,0.0,0.0,0.0,0.0,0.0,0.0,497,200,0.0,509,209,0.0,466,176,0.0,513,207,,,,1,,Wilfried,Gnonto,Gnonto,Hamstring injury - Unknown return date,,0,0,0,0,0,0,0,0,0,0,0,0,0,,,,0,0.0,0.0,0.0,0.0,0,0,0
342,u,0.0,0.0,5.0,275,166,0,0,0,0,0.0,610,268,0,0,0.0,462,182,0,0,0.0,462,182,0.0,0.0,0,0,0,31,31,0.0,0.0,0.0,0.0,0.0,0.0,0.0,0.0,0.0,0.0,0.0,454,176,0.0,463,185,0.0,411,149,0.0,470,183,,,,1,,Jack,Harrison,Harrison,Has joined New England Revolution permanently,,0,0,0,0,0,0,0,0,0,0,0,0,0,,,,0,0.0,0.0,0.0,0.0,0,0,0
343,a,,,5.0,255,155,0,0,0,0,0.1,405,159,0,0,0.0,456,178,0,0,0.0,456,178,0.0,0.0,0,384,384,1154,1154,1.5,1.5,0.0,0.0,0.0,0.0,0.0,0.0,0.0,0.0,0.0,447,172,0.0,455,181,0.0,398,143,0.0,463,179,,,,1,,Daniel,James,James,,,0,0,0,0,0,0,0,0,0,0,0,0,0,,,,0,0.0,0.0,0.0,0.0,0,0,0
344,i,0.0,0.0,5.0,328,190,0,0,0,0,0.0,598,259,0,0,0.0,500,202,0,0,0.0,500,202,0.0,0.0,0,5,5,94,94,0.0,0.0,0.0,0.0,0.0,0.0,0.0,0.0,0.0,0.0,0.0,488,194,0.0,500,203,0.0,456,170,0.0,504,201,,,,1,,Ilia,Gruev,Gruev,Knee injury - Unknown return date,,0,0,0,0,0,0,0,0,0,0,0,0,0,,,,0,0.0,0.0,0.0,0.0,0,0,0
345,a,,,5.0,293,175,0,0,0,0,0.2,326,114,0,0,0.0,478,190,0,0,0.0,478,190,0.0,0.0,0,670,670,2830,2830,1.5,1.5,0.0,0.0,0.0,0.0,0.0,0.0,0.0,0.0,0.0,467,182,0.0,476,191,0.0,427,156,0.0,483,189,4.0,,,1,,Tanaka,Ao,Tanaka,,,0,0,0,0,0,0,0,0,0,0,0,0,0,,,,0,0.0,0.0,0.0,0.0,0,0,0
346,a,,,6.0,63,16,0,0,0,0,29.5,8,3,1,1,1.0,273,32,0,-2,1.0,273,32,0.2,0.2,0,49503,49503,101511,101511,2.0,2.0,0.13,0.0,0.13,0.66,0.13,0.0,0.13,0.66,0.0,575,61,0.8,233,27,11.0,84,15,0.7,249,25,,,1.0,1,,Dominic,Calvert-Lewin,Calvert-Lewin,,,90,0,0,1,0,0,0,0,1,0,0,1,2,,,,0,1.0,0.0,1.0,2.0,0,0,2
347,a,,,5.5,125,33,0,0,0,0,0.6,247,40,0,0,0.0,538,57,0,0,0.0,538,57,0.0,0.0,0,1182,1182,5910,5910,1.8,1.8,0.0,0.0,0.0,0.0,0.0,0.0,0.0,0.0,0.0,528,47,0.0,543,55,0.0,513,54,0.0,544,56,,,2.0,1,,Lukas,Nmecha,Nmecha,,,0,0,0,0,0,0,0,0,0,0,0,0,0,,,,0,0.0,0.0,0.0,0.0,0,0,0
603,a,,,4.0,610,202,0,0,0,0,0.1,457,161,0,0,0.0,345,130,0,0,0.0,345,130,0.0,0.0,0,1207,1207,224,224,1.0,1.0,0.0,0.0,0.0,0.0,0.0,0.0,0.0,0.0,0.0,332,135,0.0,333,138,0.0,256,108,0.0,349,136,,,,1,,Jayden,Lienou,Lienou,,,0,0,0,0,0,0,0,0,0,0,0,0,0,,,,0,0.0,0.0,0.0,0.0,0,0,0
348,u,0.0,0.0,5.0,289,53,0,0,0,0,0.1,394,59,0,0,0.0,474,47,0,0,0.0,474,47,0.0,0.0,0,0,0,4095,4095,0.0,0.0,0.0,0.0,0.0,0.0,0.0,0.0,0.0,0.0,0.0,463,37,0.0,472,45,0.0,423,44,0.0,479,46,,,3.0,1,,Joël,Piroe,Piroe,Has joined West Ham United on loan for the rest of the season,,0,0,0,0,0,0,0,0,0,0,0,0,0,,,,0,0.0,0.0,0.0,0.0,0,0,0
349,i,0.0,0.0,4.5,511,68,0,0,0,0,0.1,472,63,0,0,0.0,414,40,0,0,0.0,414,40,0.0,0.0,0,211,211,752,752,0.0,0.0,0.0,0.0,0.0,0.0,0.0,0.0,0.0,0.0,0.0,403,30,0.0,409,37,0.0,348,36,0.0,419,39,,,,1,,Mateo,Joseph Fernández-Regatillo,Mateo Joseph,Knee injury - Unknown return date,,0,0,0,0,0,0,0,0,0,0,0,0,0,,,,0,0.0,0.0,0.0,0.0,0,0,0
385,a,,,5.0,297,14,0,0,0,0,3.8,87,13,9,9,9.0,21,2,2,28,9.0,21,2,1.8,1.8,0,39193,39193,7673,7673,2.6,2.6,0.0,0.0,0.0,0.66,0.0,0.0,0.0,0.66,19.4,87,13,0.0,478,56,0.0,431,56,1.9,185,13,,,,1,,James,Trafford,Trafford,,,90,0,0,1,0,0,0,0,0,0,3,1,0,,,,3,1.0,0.0,1.0,0.0,0,0,9
598,a,,,4.5,426,92,0,0,0,0,0.0,541,186,0,0,0.0,362,136,0,0,0.0,362,136,0.0,0.0,0,198,198,155,155,1.7,1.7,0.0,0.0,0.0,0.0,0.0,0.0,0.0,0.0,0.0,349,141,0.0,353,145,0.0,279,117,0.0,366,142,,,,1,,Nico,Elvedi,Elvedi,,,0,0,0,0,0,0,0,0,0,0,0,0,0,,,,0,0.0,0.0,0.0,0.0,0,0,0
604,a,,,4.5,522,261,0,0,0,0,0.1,476,197,0,0,0.0,422,160,0,0,0.0,422,160,0.0,0.0,0,2116,2116,475,475,1.0,1.0,0.0,0.0,0.0,0.0,0.0,0.0,0.0,0.0,0.0,411,153,0.0,417,163,0.0,357,121,0.0,427,160,,,,1,,Alfie,Cresswell,Cresswell,,,0,0,0,0,0,0,0,0,0,0,0,0,0,,,,0,0.0,0.0,0.0,0.0,0,0,0
350,a,,,5.5,118,3,0,0,0,0,3.7,88,14,2,2,2.0,137,15,0,7,2.0,137,15,0.4,0.4,0,14622,14622,13029,13029,3.3,3.3,0.0,0.0,0.0,1.58,0.0,0.0,0.0,1.58,17.8,98,14,0.0,540,65,0.0,509,65,1.8,193,14,,,,1,,Alisson,Becker,A.Becker,,,90,0,0,0,2,0,0,0,0,0,3,1,0,,,,3,0.0,2.0,1.0,0.0,0,2,6
351,a,,,5.0,307,17,0,0,0,0,0.2,378,41,0,0,0.0,488,66,0,0,0.0,488,66,0.0,0.0,0,440,440,1447,1447,2.6,2.6,0.0,0.0,0.0,0.0,0.0,0.0,0.0,0.0,0.0,477,66,0.0,487,59,0.0,440,59,0.0,493,66,,,,1,,Giorgi,Mamardashvili,Mamardashvili,,,0,0,0,0,0,0,0,0,0,0,0,0,0,,,,0,0.0,0.0,0.0,0.0,0,0,0
352,a,,,4.0,551,55,0,0,0,0,1.1,189,28,0,0,0.0,303,28,0,0,0.0,303,28,0.0,0.0,0,2041,2041,3732,3732,1.0,1.0,0.0,0.0,0.0,0.0,0.0,0.0,0.0,0.0,0.0,290,28,0.0,287,8,0.0,205,8,0.0,306,28,,,,1,,Freddie,Woodman,Woodman,,,0,0,0,0,0,0,0,0,0,0,0,0,0,,,,0,0.0,0.0,0.0,0.0,0,0,0
353,u,0.0,0.0,4.0,604,67,0,0,0,0,0.0,534,62,0,0,0.0,341,40,0,0,0.0,341,40,0.0,0.0,0,0,0,349,349,0.0,0.0,0.0,0.0,0.0,0.0,0.0,0.0,0.0,0.0,0.0,328,40,0.0,328,20,0.0,251,20,0.0,345,40,,,,1,,Armin,Pecsi,Pecsi,Has joined TSV Hartberg on loan for the rest of the season,,0,0,0,0,0,0,0,0,0,0,0,0,0,,,,0,0.0,0.0,0.0,0.0,0,0,0
354,i,0.0,0.0,4.0,570,60,0,0,0,0,0.0,569,65,0,0,0.0,314,33,0,0,0.0,314,33,0.0,0.0,0,105,105,130,130,0.0,0.0,0.0,0.0,0.0,0.0,0.0,0.0,0.0,0.0,0.0,301,33,0.0,300,13,0.0,220,13,0.0,318,33,,,,1,,Vitezslav,Jaros,Jaros,Knee injury - Unknown return date,,0,0,0,0,0,0,0,0,0,0,0,0,0,,,,0,0.0,0.0,0.0,0.0,0,0,0
355,a,,,4.0,580,63,0,0,0,0,0.1,390,42,0,0,0.0,319,36,0,0,0.0,319,36,0.0,0.0,0,427,427,469,469,1.0,1.0,0.0,0.0,0.0,0.0,0.0,0.0,0.0,0.0,0.0,306,36,0.0,306,16,0.0,227,16,0.0,323,36,,,,1,,Harvey,Davies,Davies,,,0,0,0,0,0,0,0,0,0,0,0,0,0,,,,0,0.0,0.0,0.0,0.0,0,0,0
356,a,,,6.5,31,2,0,0,0,0,19.6,17,5,2,2,2.0,160,51,0,8,2.0,160,51,0.3,0.3,0,48462,48462,48410,48410,3.1,3.1,0.25,0.01,0.26,1.58,0.25,0.01,0.26,1.58,25.6,63,25,1.6,196,61,24.0,40,8,5.1,73,24,,,,1,,Virgil,van Dijk,Virgil,,,90,0,0,0,2,0,0,0,1,0,0,1,11,,,,0,0.0,2.0,1.0,11.0,2,9,6
357,a,,,5.5,143,15,0,0,0,0,3.5,95,39,0,0,0.0,548,193,0,3,0.0,548,193,0.0,0.0,0,15556,15556,21546,21546,2.5,2.5,0.01,0.09,0.1,1.58,0.01,0.09,0.1,1.58,13.6,131,60,37.8,19,4,10.0,87,29,6.1,53,14,,,,1,,Jeremie,Frimpong,Frimpong,,,90,0,0,0,2,0,0,0,1,0,0,1,2,,,,0,0.0,2.0,1.0,2.0,1,1,3
358,a,,,5.5,205,30,0,0,0,0,3.6,89,35,0,0,0.0,570,198,0,3,0.0,570,198,0.0,0.0,0,9791,9791,21665,21665,2.5,2.5,0.02,0.02,0.04,1.58,0.02,0.02,0.04,1.58,18.0,96,41,13.8,94,28,12.0,79,23,4.4,93,32,,,,1,,Milos,Kerkez,Kerkez,,,90,0,0,0,2,0,0,0,1,0,0,1,7,,,,0,0.0,2.0,1.0,7.0,3,4,3
359,i,0.0,0.0,5.0,248,40,0,0,0,0,0.0,557,193,0,0,0.0,452,170,0,0,0.0,452,170,0.0,0.0,0,58,58,308,308,0.0,0.0,0.0,0.0,0.0,0.0,0.0,0.0,0.0,0.0,0.0,442,177,0.0,450,178,0.0,392,161,0.0,458,177,,,,1,,Joe,Gomez,Gomez,Muscular injury - Unknown return date,,0,0,0,0,0,0,0,0,0,0,0,0,0,,,,0,0.0,0.0,0.0,0.0,0,0,0
361,a,,,4.0,590,183,0,0,0,0,0.1,402,142,0,0,0.0,329,115,0,0,0.0,329,115,0.0,0.0,0,425,425,763,763,1.0,1.0,0.0,0.0,0.0,0.0,0.0,0.0,0.0,0.0,0.0,316,120,0.0,316,122,0.0,237,90,0.0,333,121,,,,1,,Wellity,Lucky,Lucky,,,0,0,0,0,0,0,0,0,0,0,0,0,0,,,,0,0.0,0.0,0.0,0.0,0,0,0
360,i,0.0,0.0,5.0,337,68,0,0,0,0,0.0,582,199,0,0,0.0,508,186,0,0,0.0,508,186,0.0,0.0,0,56,56,168,168,0.0,0.0,0.0,0.0,0.0,0.0,0.0,0.0,0.0,0.0,0.0,496,192,0.0,508,192,0.0,465,183,0.0,512,192,,,,1,,Conor,Bradley,Bradley,Knee injury - Unknown return date,,0,0,0,0,0,0,0,0,0,0,0,0,0,,,,0,0.0,0.0,0.0,0.0,0,0,0
362,a,100.0,100.0,5.0,381,75,0,0,0,0,2.4,118,48,1,1,1.0,234,91,0,9,1.0,234,91,0.2,0.2,0,14834,14834,11529,11529,2.2,2.2,0.0,0.02,0.02,1.04,0.0,0.03,0.03,1.36,12.4,140,65,11.9,107,32,0.0,492,187,2.4,156,60,,,,1,,Jeremy,Jacquet,Jacquet,,,69,0,0,0,2,0,0,0,0,0,0,1,3,,,,0,0.0,2.61,1.3,3.91,1,2,3
363,i,0.0,0.0,4.0,611,203,0,0,0,0,0.0,498,173,0,0,0.0,346,131,0,0,0.0,346,131,0.0,0.0,0,135,135,383,383,0.0,0.0,0.0,0.0,0.0,0.0,0.0,0.0,0.0,0.0,0.0,333,136,0.0,334,139,0.0,257,109,0.0,350,137,,,,1,,Giovanni,Leoni,Leoni,Knee injury - Unknown return date,,0,0,0,0,0,0,0,0,0,0,0,0,0,,,,0,0.0,0.0,0.0,0.0,0,0,0
364,a,,,5.0,268,44,0,0,0,0,0.1,447,159,0,0,0.0,460,173,0,0,0.0,460,173,0.0,0.0,0,258,258,655,655,2.2,2.2,0.0,0.0,0.0,0.0,0.0,0.0,0.0,0.0,0.0,452,181,0.0,460,181,0.0,406,165,0.0,468,181,,,,1,,Kostas,Tsimikas,Tsimikas,,,0,0,0,0,0,0,0,0,0,0,0,0,0,,,,0,0.0,0.0,0.0,0.0,0,0,0
365,a,,,4.0,584,179,0,0,0,0,0.2,335,127,0,0,0.0,323,111,0,0,0.0,323,111,0.0,0.0,0,616,616,1396,1396,1.0,1.0,0.0,0.0,0.0,0.0,0.0,0.0,0.0,0.0,0.0,310,116,0.0,310,118,0.0,231,86,0.0,327,117,,,,1,,Calvin,Ramsay,Ramsay,,,0,0,0,0,0,0,0,0,0,0,0,0,0,,,,0,0.0,0.0,0.0,0.0,0,0,0
366,a,,,7.5,19,12,0,0,0,0,11.9,33,11,2,2,2.0,165,82,0,16,2.0,165,82,0.3,0.3,0,17315,17315,72797,72797,2.6,2.6,0.26,0.04,0.3,0.51,0.38,0.06,0.44,0.74,9.8,166,63,17.9,68,42,29.0,31,17,5.7,59,32,3.0,2.0,4.0,1,,Florian,Wirtz,Wirtz,,,62,0,0,0,2,0,0,0,0,0,0,1,5,,,,0,0.0,2.9,1.45,7.26,1,0,4
367,a,,,7.0,26,17,0,0,0,0,5.3,69,22,12,12,12.0,9,5,3,33,12.0,9,5,1.7,1.7,0,114607,114607,13816,13816,2.5,2.5,0.3,0.15,0.45,1.58,0.3,0.15,0.45,1.58,44.0,16,9,34.0,22,17,37.0,18,9,11.5,9,8,2.0,,3.0,1,,Cody,Gakpo,Gakpo,,,90,1,0,0,2,0,0,0,0,0,0,1,12,,,,0,0.0,2.0,1.0,12.0,3,4,5
368,a,,,7.0,27,18,0,0,0,0,42.8,4,2,8,8,8.0,33,16,1,29,8.0,33,16,1.1,1.1,0,145847,145847,40541,40541,2.5,2.5,0.85,0.27,1.12,1.58,0.85,0.27,1.12,1.58,50.4,7,5,47.1,8,7,21.0,45,24,11.9,7,6,1.0,1.0,1.0,1,,Dominik,Szoboszlai,Szoboszlai,,,90,1,0,0,2,0,0,0,0,0,0,1,7,,,,0,0.0,2.0,1.0,7.0,1,2,4
369,a,,,6.0,110,71,0,0,0,0,1.1,187,61,2,2,2.0,159,79,0,9,2.0,159,79,0.3,0.3,0,3846,3846,9388,9388,2.2,2.2,0.04,0.02,0.06,0.51,0.06,0.03,0.09,0.74,2.4,244,110,6.0,139,83,5.0,128,64,1.3,226,101,,,,1,,Rio,Ngumoha,Ngumoha,,,62,0,0,0,2,0,0,0,0,0,0,1,3,,,,0,0.0,2.9,1.45,4.35,1,0,2
370,a,,,5.5,145,90,0,0,0,0,0.1,400,157,0,0,0.0,550,232,0,0,0.0,550,232,0.0,0.0,0,509,509,1945,1945,2.0,2.0,0.0,0.0,0.0,0.0,0.0,0.0,0.0,0.0,0.0,540,226,0.0,555,235,0.0,529,217,0.0,555,233,,,,1,,Federico,Chiesa,Chiesa,,,0,0,0,0,0,0,0,0,0,0,0,0,0,,,,0,0.0,0.0,0.0,0.0,0,0,0
371,a,,,6.0,83,53,0,0,0,0,2.0,128,39,5,5,5.0,72,30,0,26,5.0,72,30,0.8,0.8,0,9224,9224,9775,9775,2.2,2.2,0.06,0.05,0.11,1.1,0.07,0.06,0.13,1.29,24.4,68,23,16.0,75,46,4.0,141,71,4.4,94,49,,,,1,,Ryan,Gravenberch,Gravenberch,,,77,0,1,0,2,0,0,0,0,0,0,1,11,,,,0,0.0,2.34,1.17,12.86,1,2,8
372,a,,,5.5,151,94,0,0,0,0,1.6,149,44,1,1,1.0,251,115,0,9,1.0,251,115,0.2,0.2,0,4333,4333,13942,13942,2.0,2.0,0.0,0.01,0.01,1.07,0.0,0.03,0.03,3.57,5.8,204,82,1.4,202,114,0.0,532,220,0.7,246,109,,,5.0,1,,Alexis,Mac Allister,Mac Allister,,,27,0,0,0,0,0,0,0,0,0,0,0,3,,,,0,0.0,0.0,0.0,10.0,2,0,1
373,d,75.0,75.0,5.5,138,85,0,0,0,0,0.0,501,210,0,0,0.0,545,228,0,0,0.0,545,228,0.0,0.0,0,25,25,823,823,1.5,1.5,0.0,0.0,0.0,0.0,0.0,0.0,0.0,0.0,0.0,535,222,0.0,551,231,0.0,524,213,0.0,551,229,,,,1,,Curtis,Jones,C.Jones,Hip injury - 75% chance of playing,,0,0,0,0,0,0,0,0,0,0,0,0,0,,,,0,0.0,0.0,0.0,0.0,0,0,0
374,a,100.0,100.0,5.0,246,149,0,0,0,0,0.1,465,189,0,0,0.0,451,175,0,0,0.0,451,175,0.0,0.0,0,378,378,687,687,1.5,1.5,0.0,0.0,0.0,0.0,0.0,0.0,0.0,0.0,0.0,441,168,0.0,449,178,0.0,390,138,0.0,457,175,,,,1,,Endo,Wataru,Endo,,,0,0,0,0,0,0,0,0,0,0,0,0,0,,,,0,0.0,0.0,0.0,0.0,0,0,0
375,a,,,5.0,380,226,0,0,0,0,0.0,509,213,0,0,0.0,529,221,0,0,0.0,529,221,0.0,0.0,0,106,106,461,461,1.5,1.5,0.0,0.0,0.0,0.0,0.0,0.0,0.0,0.0,0.0,518,214,0.0,530,222,0.0,491,193,0.0,534,221,,,,1,,Trey,Nyoni,Nyoni,,,0,0,0,0,0,0,0,0,0,0,0,0,0,,,,0,0.0,0.0,0.0,0.0,0,0,0
376,i,0.0,0.0,5.0,362,211,0,0,0,0,0.0,608,266,0,0,0.0,518,212,0,0,0.0,518,212,0.0,0.0,0,5,5,21,21,0.0,0.0,0.0,0.0,0.0,0.0,0.0,0.0,0.0,0.0,0.0,506,204,0.0,519,213,0.0,477,181,0.0,522,211,,,,1,,Stefan,Bajčetić Maquieira,Bajcetic,Hamstring injury - Unknown return date,,0,0,0,0,0,0,0,0,0,0,0,0,0,,,,0,0.0,0.0,0.0,0.0,0,0,0
377,a,,,6.5,53,37,0,0,0,0,0.6,239,79,4,4,4.0,81,33,0,15,4.0,81,33,0.6,0.6,0,4060,4060,3664,3664,2.3,2.3,0.1,0.04,0.14,1.07,0.33,0.13,0.46,3.57,4.0,226,99,8.9,127,74,14.0,74,41,2.7,146,65,,,,1,,Victor,Munoz,Munoz,,,27,0,1,0,0,0,0,0,0,0,0,0,0,,,,0,0.0,0.0,0.0,0.0,0,0,0
378,a,,,4.5,486,250,0,0,0,0,0.3,313,108,0,0,0.0,392,150,0,0,0.0,392,150,0.0,0.0,0,695,695,2028,2028,1.0,1.0,0.0,0.0,0.0,0.0,0.0,0.0,0.0,0.0,0.0,380,143,0.0,387,153,0.0,324,111,0.0,396,150,,,,1,,James,McConnell,McConnell,,,0,0,0,0,0,0,0,0,0,0,0,0,0,,,,0,0.0,0.0,0.0,0.0,0,0,0
379,a,,,9.0,5,2,0,0,0,0,16.7,24,5,2,2,2.0,170,17,0,6,2.0,170,17,0.2,0.2,0,41788,41788,60087,60087,2.7,2.7,1.09,0.01,1.1,1.58,1.09,0.01,1.1,1.58,11.4,153,11,14.6,85,7,66.0,1,1,9.2,19,4,,,2.0,1,,Alexander,Isak,Isak,,,90,0,0,0,2,0,0,0,0,0,0,1,1,,,,0,0.0,2.0,1.0,1.0,0,1,0
380,i,0.0,0.0,7.5,20,7,0,0,0,0,0.2,382,57,0,0,0.0,606,71,0,0,0.0,606,71,0.0,0.0,0,526,526,2860,2860,0.0,0.0,0.0,0.0,0.0,0.0,0.0,0.0,0.0,0.0,0.0,609,72,0.0,610,72,0.0,610,72,0.0,610,72,,,,1,,Hugo,Ekitiké,Ekitiké,Achilles injury - Unknown return date,,0,0,0,0,0,0,0,0,0,0,0,0,0,,,,0,0.0,0.0,0.0,0.0,0,0,0
381,a,,,5.0,355,206,0,0,0,0,0.0,548,226,1,1,1.0,228,99,0,4,1.0,228,99,0.2,0.2,0,104,104,128,128,1.5,1.5,0.03,0.0,0.03,0.48,0.22,0.0,0.22,3.6,1.2,262,121,0.5,250,133,7.0,106,54,0.9,236,107,,,,1,,Lewis,Koumas,Koumas,,,12,0,0,0,0,0,0,0,0,0,0,0,1,,,,0,0.0,0.0,0.0,7.5,0,0,1
382,i,0.0,0.0,4.5,490,63,0,0,0,0,0.0,516,67,0,0,0.0,396,36,0,0,0.0,396,36,0.0,0.0,0,209,209,392,392,0.0,0.0,0.0,0.0,0.0,0.0,0.0,0.0,0.0,0.0,0.0,384,25,0.0,391,33,0.0,328,31,0.0,400,34,,,,1,,Jayden,Danns,Danns,Unspecified injury - Unknown return date,,0,0,0,0,0,0,0,0,0,0,0,0,0,,,,0,0.0,0.0,0.0,0.0,0,0,0
383,a,,,5.5,167,105,0,0,0,0,0.1,449,178,0,0,0.0,557,236,0,0,0.0,557,236,0.0,0.0,0,257,257,814,814,2.0,2.0,0.0,0.0,0.0,0.0,0.0,0.0,0.0,0.0,0.0,546,230,0.0,559,238,0.0,538,224,0.0,560,236,,,,1,,Harvey,Elliott,Elliott,,,0,0,0,0,0,0,0,0,0,0,0,0,0,,,,0,0.0,0.0,0.0,0.0,0,0,0
579,a,,,5.5,168,21,0,0,0,0,2.7,109,42,1,1,1.0,255,93,0,3,1.0,255,93,0.2,0.2,0,19315,19315,22645,22645,2.5,2.5,0.0,0.03,0.03,0.54,0.0,0.14,0.14,2.43,13.2,134,62,1.2,215,71,0.0,539,192,1.4,219,84,,,,1,,Ronald,Araujo,Araujo,,,20,0,0,0,0,0,0,0,0,0,0,0,4,,,,0,0.0,0.0,0.0,18.0,1,3,1
238,a,100.0,100.0,6.5,32,20,0,0,0,0,0.2,336,119,1,1,1.0,283,133,0,2,1.0,283,133,0.2,0.2,0,822,822,1396,1396,2.3,2.3,0.0,0.0,0.0,0.0,0.0,0.0,0.0,0.0,1.0,267,124,0.6,248,132,0.0,594,256,0.2,287,136,,,,1,,Jack,Grealish,Grealish,,,8,0,0,0,0,0,0,0,0,0,0,0,1,,,,0,0.0,0.0,0.0,11.25,1,0,0
384,a,,,5.5,136,4,0,0,0,0,8.3,50,7,3,3,3.0,95,7,0,12,3.0,95,7,0.5,0.5,0,21358,21358,29240,29240,3.3,3.3,0.0,0.0,0.0,0.65,0.0,0.0,0.0,0.65,26.8,61,10,0.0,550,66,0.0,523,66,2.7,145,10,,,,1,,Gianluigi,Donnarumma,Donnarumma,,,90,0,0,0,1,0,0,0,0,0,3,1,0,,,,3,0.0,1.0,1.0,0.0,0,1,4
386,a,,,4.5,416,30,0,0,0,0,0.0,529,60,0,0,0.0,357,47,0,0,0.0,357,47,0.0,0.0,0,92,92,158,158,1.9,1.9,0.0,0.0,0.0,0.0,0.0,0.0,0.0,0.0,0.0,344,47,0.0,347,29,0.0,273,29,0.0,361,47,,,,1,,Marcus,Bettinelli,Bettinelli,,,0,0,0,0,0,0,0,0,0,0,0,0,0,,,,0,0.0,0.0,0.0,0.0,0,0,0
387,a,,,6.5,48,4,0,0,0,0,21.1,15,3,2,2,2.0,163,52,0,5,2.0,163,52,0.3,0.3,0,45376,45376,67574,67574,3.1,3.1,0.07,0.41,0.48,0.55,0.1,0.6,0.7,0.8,8.8,173,75,30.4,27,6,11.0,86,28,5.0,79,27,,,,1,,Nico,O'Reilly,O'Reilly,,,62,0,0,0,1,0,0,0,0,0,0,1,2,,,,0,0.0,1.45,1.45,2.9,1,1,5
388,a,,,6.0,69,6,0,0,0,0,18.8,19,6,10,10,10.0,19,8,2,31,10.0,19,8,1.7,1.7,0,120921,120921,24490,24490,2.8,2.8,0.89,0.32,1.21,0.65,0.89,0.32,1.21,0.65,43.6,18,6,17.5,69,22,28.0,32,7,8.9,23,4,,,,1,,Marc,Guéhi,Guéhi,,,90,1,0,0,1,0,0,0,0,0,0,1,4,,,,0,0.0,1.0,1.0,4.0,3,1,4
389,a,100.0,100.0,6.0,90,10,0,0,0,0,1.6,153,63,1,1,1.0,280,97,0,4,1.0,280,97,0.2,0.2,0,2625,2625,7533,7533,2.8,2.8,0.0,0.04,0.04,0.1,0.0,0.11,0.11,0.27,3.8,229,94,1.5,199,63,4.0,142,47,0.9,238,89,,,5.0,1,,Matheus,Nunes,Matheus N.,,,33,0,0,0,0,0,0,0,0,0,0,0,1,,,,0,0.0,0.0,0.0,2.73,0,1,2
390,a,,,5.5,123,11,0,0,0,0,1.8,137,56,2,2,2.0,139,48,0,11,2.0,139,48,0.4,0.4,0,7206,7206,8152,8152,2.5,2.5,0.0,0.14,0.14,0.65,0.0,0.14,0.14,0.65,24.4,67,29,17.9,67,21,2.0,175,62,4.4,92,31,,,,1,,Rúben,dos Santos Gato Alves Dias,Rúben,,,90,0,0,0,1,0,0,0,0,0,0,1,6,,,,0,0.0,1.0,1.0,6.0,0,6,8
391,a,,,5.5,184,26,0,0,0,0,12.9,32,11,9,9,9.0,24,10,1,28,9.0,24,10,1.6,1.6,0,139679,139679,19790,19790,2.5,2.5,0.19,0.05,0.24,0.65,0.19,0.05,0.24,0.65,47.6,11,3,13.3,97,29,17.0,59,17,7.8,33,8,,,,1,,Joško,Gvardiol,Gvardiol,,,90,1,0,0,1,0,0,0,0,0,0,1,7,,,,0,0.0,1.0,1.0,7.0,2,5,5
392,a,,,5.5,171,23,0,0,0,0,0.8,212,79,0,0,0.0,558,197,0,0,0.0,558,197,0.0,0.0,0,2104,2104,10629,10629,2.5,2.5,0.0,0.0,0.0,0.0,0.0,0.0,0.0,0.0,0.0,547,200,0.0,560,200,0.0,542,194,0.0,561,200,,,,1,,Rayan,Aït-Nouri,Aït-Nouri,,,0,0,0,0,0,0,0,0,0,0,0,0,0,,,,0,0.0,0.0,0.0,0.0,0,0,0
393,a,,,5.5,217,33,0,0,0,0,1.8,138,57,2,2,2.0,149,50,0,14,2.0,149,50,0.4,0.4,0,4504,4504,9360,9360,2.5,2.5,0.0,0.02,0.02,0.65,0.0,0.02,0.02,0.65,17.0,101,43,3.4,161,48,0.0,566,200,2.0,180,69,,,,1,,Abdukodir,Khusanov,Khusanov,,,90,0,0,0,1,0,0,0,0,0,0,1,4,,,,0,0.0,1.0,1.0,4.0,2,2,6
394,u,0.0,0.0,5.0,339,69,0,0,0,0,0.0,590,200,0,0,0.0,510,187,0,0,0.0,510,187,0.0,0.0,0,0,0,271,271,0.0,0.0,0.0,0.0,0.0,0.0,0.0,0.0,0.0,0.0,0.0,498,193,0.0,510,193,0.0,467,184,0.0,514,193,,,,1,,Max,Alleyne,Alleyne,Has joined Burnley on loan for the rest of the season,,0,0,0,0,0,0,0,0,0,0,0,0,0,,,,0,0.0,0.0,0.0,0.0,0,0,0
395,a,,,4.5,478,129,0,0,0,0,0.2,321,122,1,1,1.0,199,76,0,-1,1.0,199,76,0.2,0.2,0,2401,2401,1642,1642,1.7,1.7,0.17,0.02,0.19,0.55,0.27,0.03,0.3,0.88,3.8,227,93,3.8,156,47,39.0,17,3,4.7,83,29,,,,1,,Rico,Lewis,Lewis,,,56,0,0,0,1,0,0,0,0,0,0,1,2,,,,0,0.0,1.61,1.61,3.21,0,2,0
396,a,,,4.5,531,148,0,0,0,0,0.0,545,188,0,0,0.0,428,164,0,0,0.0,428,164,0.0,0.0,0,71,71,159,159,1.7,1.7,0.0,0.0,0.0,0.0,0.0,0.0,0.0,0.0,0.0,417,170,0.0,423,171,0.0,364,154,0.0,433,170,,,,1,,Vitor,de Oliveira Nunes dos Reis,Vitor Reis,,,0,0,0,0,0,0,0,0,0,0,0,0,0,,,,0,0.0,0.0,0.0,0.0,0,0,0
397,a,,,8.5,6,4,0,0,0,0,24.9,12,6,2,2,2.0,169,86,0,16,2.0,169,86,0.2,0.2,0,30234,30234,100671,100671,2.9,2.9,0.06,0.02,0.08,0.65,0.06,0.02,0.08,0.65,5.8,205,83,8.9,128,75,31.0,28,14,4.6,88,46,,,3.0,1,,Antoine,Semenyo,Semenyo,,,90,0,0,0,1,0,0,0,0,0,0,1,5,,,,0,0.0,1.0,1.0,5.0,1,0,4
398,a,,,7.0,25,16,0,0,0,0,4.2,77,26,1,1,1.0,290,140,0,15,1.0,290,140,0.1,0.1,0,12106,12106,26446,26446,2.5,2.5,0.12,0.4,0.52,0.65,0.13,0.44,0.57,0.72,10.4,163,60,49.6,5,4,15.0,71,39,7.5,37,22,3.0,3.0,,1,,Phil,Foden,Foden,,,81,0,0,0,1,0,0,0,1,0,0,1,6,,,,0,0.0,1.11,1.11,6.67,3,0,3
399,a,,,7.5,17,11,0,0,0,0,9.9,40,15,8,8,8.0,35,18,1,28,8.0,35,18,1.1,1.1,0,126833,126833,24937,24937,2.6,2.6,0.0,0.5,0.5,0.1,0.0,1.67,1.67,0.33,39.2,28,15,48.8,6,5,4.0,146,75,9.2,18,14,1.0,1.0,,1,,Rayan,Cherki,Cherki,,,27,0,2,0,0,0,0,0,0,0,0,0,0,,,,0,0.0,0.0,0.0,0.0,0,0,0
400,i,0.0,0.0,7.5,16,10,0,0,0,0,1.5,165,49,0,0,0.0,605,266,0,0,0.0,605,266,0.0,0.0,0,383,383,49341,49341,0.0,0.0,0.0,0.0,0.0,0.0,0.0,0.0,0.0,0.0,0.0,608,266,0.0,609,267,0.0,609,267,0.0,609,267,,,4.0,1,,Jérémy,Doku,Doku,Calf injury - Expected back 5 Sep,,0,0,0,0,0,0,0,0,0,0,0,0,0,,,,0,0.0,0.0,0.0,0.0,0,0,0
401,a,,,7.0,28,9,0,0,0,0,1.0,195,31,0,0,0.0,603,69,0,0,0.0,603,69,0.0,0.0,0,11683,11683,12157,12157,2.2,2.2,0.0,0.0,0.0,0.0,0.0,0.0,0.0,0.0,0.0,605,69,0.0,607,70,0.0,606,70,0.0,607,70,,2.0,2.0,1,,Omar,Marmoush,Marmoush,,,0,0,0,0,0,0,0,0,0,0,0,0,0,,,,0,0.0,0.0,0.0,0.0,0,0,0
402,u,0.0,0.0,6.5,38,26,0,0,0,0,0.0,559,231,0,0,0.0,595,260,0,0,0.0,595,260,0.0,0.0,0,0,0,684,684,0.0,0.0,0.0,0.0,0.0,0.0,0.0,0.0,0.0,0.0,0.0,596,259,0.0,599,261,0.0,596,258,0.0,599,261,,,,1,,Rodrigo 'Rodri',Hernandez Cascante,Rodrigo,Has joined Barcelona permanently,,0,0,0,0,0,0,0,0,0,0,0,0,0,,,,0,0.0,0.0,0.0,0.0,0,0,0
404,u,0.0,0.0,6.0,78,50,0,0,0,0,0.1,450,179,0,0,0.0,581,250,0,0,0.0,581,250,0.0,0.0,0,0,0,4493,4493,0.0,0.0,0.0,0.0,0.0,0.0,0.0,0.0,0.0,0.0,0.0,580,248,0.0,585,251,0.0,578,244,0.0,585,251,,,,1,,Tijjani,Reijnders,Reijnders,Has joined Al Qadsiah permanently,,0,0,0,0,0,0,0,0,0,0,0,0,0,,,,0,0.0,0.0,0.0,0.0,0,0,0
405,a,,,5.5,178,108,0,0,0,0,0.1,385,148,0,0,0.0,561,237,0,0,0.0,561,237,0.0,0.0,0,632,632,1066,1066,2.0,2.0,0.0,0.0,0.0,0.0,0.0,0.0,0.0,0.0,0.0,551,231,0.0,564,239,0.0,548,227,0.0,565,237,,,,1,,Nico,González Iglesias,N.Gonzalez,,,0,0,0,0,0,0,0,0,0,0,0,0,0,,,,0,0.0,0.0,0.0,0.0,0,0,0
406,a,,,5.5,116,76,0,0,0,0,0.1,437,174,1,1,1.0,244,110,0,3,1.0,244,110,0.2,0.2,0,563,563,837,837,2.0,2.0,0.0,0.01,0.01,0.1,0.0,0.03,0.03,0.33,2.2,249,113,2.1,185,108,0.0,507,205,0.4,268,124,,,,1,,Mateo,Kovačić,Kovačić,,,27,0,0,0,0,0,0,0,0,0,0,0,2,,,,0,0.0,0.0,0.0,6.67,0,0,2
407,a,,,5.0,377,223,0,0,0,0,0.0,555,229,0,0,0.0,528,220,0,0,0.0,528,220,0.0,0.0,0,67,67,183,183,1.5,1.5,0.0,0.0,0.0,0.0,0.0,0.0,0.0,0.0,0.0,517,213,0.0,529,221,0.0,489,191,0.0,533,220,,,,1,,Claudio,Echeverri,Echeverri,,,0,0,0,0,0,0,0,0,0,0,0,0,0,,,,0,0.0,0.0,0.0,0.0,0,0,0
408,u,0.0,0.0,5.0,243,146,0,0,0,0,0.0,589,251,0,0,0.0,449,173,0,0,0.0,449,173,0.0,0.0,0,0,0,239,239,0.0,0.0,0.0,0.0,0.0,0.0,0.0,0.0,0.0,0.0,0.0,439,166,0.0,447,176,0.0,387,135,0.0,455,173,,,,1,,Kalvin,Phillips,Phillips,Has joined Sheffield United on loan for the rest of the season,,0,0,0,0,0,0,0,0,0,0,0,0,0,,,,0,0.0,0.0,0.0,0.0,0,0,0
409,a,,,4.5,521,260,0,0,0,0,0.2,358,131,0,0,0.0,421,159,0,0,0.0,421,159,0.0,0.0,0,721,721,1704,1704,1.0,1.0,0.0,0.0,0.0,0.0,0.0,0.0,0.0,0.0,0.0,410,152,0.0,416,162,0.0,356,120,0.0,426,159,,,,1,,Divine,Mukasa,Mukasa,,,0,0,0,0,0,0,0,0,0,0,0,0,0,,,,0,0.0,0.0,0.0,0.0,0,0,0
410,a,,,5.0,392,234,0,0,0,0,0.0,561,233,0,0,0.0,533,223,0,0,0.0,533,223,0.0,0.0,0,59,59,193,193,1.5,1.5,0.0,0.0,0.0,0.0,0.0,0.0,0.0,0.0,0.0,522,216,0.0,535,225,0.0,500,199,0.0,538,223,,,,1,,Jeremy,Monga,Monga,,,0,0,0,0,0,0,0,0,0,0,0,0,0,,,,0,0.0,0.0,0.0,0.0,0,0,0
411,a,,,15.5,1,1,0,0,0,0,68.3,1,1,2,2,2.0,172,18,0,6,2.0,172,18,0.1,0.1,0,43341,43341,61985,61985,4.0,4.0,0.74,0.02,0.76,0.65,0.74,0.02,0.76,0.65,3.8,230,16,5.2,145,17,50.0,7,3,5.9,55,9,,,1.0,1,,Erling,Haaland,Haaland,,,90,0,0,0,1,0,0,0,0,0,0,1,3,,,,0,0.0,1.0,1.0,3.0,0,0,3
481,d,75.0,,6.5,36,24,0,0,0,0,6.6,59,20,2,2,2.0,161,80,0,14,2.0,161,80,0.3,0.3,0,5584,5584,108413,108413,1.7,2.3,0.0,0.25,0.25,0.55,0.0,0.36,0.36,0.8,7.2,187,74,20.8,62,40,0.0,595,257,2.8,142,64,2.0,,,1,,Elliot,Anderson,Anderson,Knock - 75% chance of playing,,62,0,0,0,1,0,0,0,0,0,0,1,6,,,,0,0.0,1.45,1.45,8.71,2,1,3
587,a,,,5.0,234,8,0,0,0,0,0.0,547,63,0,0,0.0,442,61,0,0,0.0,442,61,0.0,0.0,0,69,69,152,152,2.6,2.6,0.0,0.0,0.0,0.0,0.0,0.0,0.0,0.0,0.0,431,61,0.0,438,50,0.0,379,50,0.0,447,61,,,,1,,Gerónimo,Rulli,Rulli,,,0,0,0,0,0,0,0,0,0,0,0,0,0,,,,0,0.0,0.0,0.0,0.0,0,0,0
43,a,100.0,100.0,6.0,62,41,0,0,0,0,2.4,116,36,2,2,2.0,150,73,0,13,2.0,150,73,0.3,0.3,0,8539,8539,23371,23371,2.2,2.2,0.04,0.11,0.15,0.94,0.05,0.15,0.2,1.28,5.0,214,90,11.3,117,69,4.0,139,69,2.0,182,82,,,3.0,1,,Youri,Tielemans,Tielemans,,,66,0,0,0,2,0,0,0,0,0,0,1,5,,,,0,0.0,2.73,1.36,6.82,0,0,5
162,a,,,5.0,359,208,0,0,0,0,1.0,197,65,2,2,2.0,133,60,0,17,2.0,133,60,0.4,0.4,0,5322,5322,10341,10341,1.5,1.5,0.0,0.23,0.23,0.94,0.0,0.31,0.31,1.28,11.4,151,51,4.2,151,89,2.0,174,86,1.8,191,85,,,,1,,Andrey,Nascimento dos Santos,Andrey Santos,,,66,0,0,0,2,0,0,0,0,0,0,1,9,,,,0,0.0,2.73,1.36,12.27,1,3,5
325,a,100.0,75.0,4.5,401,22,0,0,0,0,0.0,511,54,0,0,0.0,348,41,0,0,0.0,348,41,0.0,0.0,0,162,162,167,167,1.9,1.4,0.0,0.0,0.0,0.0,0.0,0.0,0.0,0.0,0.0,335,41,0.0,336,21,0.0,260,21,0.0,352,41,,,,1,,Karl,Darlow,Darlow,,,0,0,0,0,0,0,0,0,0,0,0,0,0,,,,0,0.0,0.0,0.0,0.0,0,0,0
412,a,,,5.0,316,18,0,0,0,0,15.9,26,5,1,1,1.0,217,18,0,7,1.0,217,18,0.2,0.2,0,19872,19872,59226,59226,2.6,2.6,0.0,0.0,0.0,1.01,0.0,0.0,0.0,1.01,20.2,82,12,0.0,494,60,0.0,448,60,2.0,178,12,,,,1,,Senne,Lammens,Lammens,,,90,0,0,0,2,0,0,0,0,0,2,1,0,,,,2,0.0,2.0,1.0,0.0,0,2,8
413,u,0.0,0.0,4.5,467,37,0,0,0,0,0.0,551,64,0,0,0.0,387,53,0,0,0.0,387,53,0.0,0.0,0,0,0,476,476,0.0,0.0,0.0,0.0,0.0,0.0,0.0,0.0,0.0,0.0,0.0,372,53,0.0,376,36,0.0,309,36,0.0,389,53,,,,1,,Altay,Bayındır,Bayindir,Has joined Celta Vigo on loan for the rest of the season,,0,0,0,0,0,0,0,0,0,0,0,0,0,,,,0,0.0,0.0,0.0,0.0,0,0,0
414,i,0.0,0.0,4.0,539,48,0,0,0,0,0.1,428,48,0,0,0.0,293,21,0,0,0.0,293,21,0.0,0.0,0,128,128,729,729,0.0,0.0,0.0,0.0,0.0,0.0,0.0,0.0,0.0,0.0,0.0,280,21,0.0,277,1,0.0,195,1,0.0,296,21,,,,1,,Tom,Heaton,Heaton,Hamstring injury - Unknown return date,,0,0,0,0,0,0,0,0,0,0,0,0,0,,,,0,0.0,0.0,0.0,0.0,0,0,0
415,a,,,6.0,108,69,0,0,0,0,1.2,181,59,0,0,0.0,591,256,0,-11,0.0,591,256,0.0,0.0,0,3302,3302,18505,18505,2.2,2.2,0.47,0.03,0.5,0.92,0.94,0.06,1.0,1.84,0.0,592,255,1.2,217,122,16.0,66,36,0.7,250,112,,,,1,,Patrick,Dorgu,Dorgu,,,45,0,0,0,2,0,0,0,1,0,0,1,1,,,,0,0.0,4.0,2.0,2.0,0,1,0
416,i,0.0,0.0,5.0,263,43,0,0,0,0,0.0,536,184,0,0,0.0,458,172,0,0,0.0,458,172,0.0,0.0,0,87,87,376,376,0.0,0.0,0.0,0.0,0.0,0.0,0.0,0.0,0.0,0.0,0.0,450,180,0.0,458,180,0.0,403,164,0.0,466,180,,,,1,,Matthijs,de Ligt,De Ligt,Back injury - Unknown return date,,0,0,0,0,0,0,0,0,0,0,0,0,0,,,,0,0.0,0.0,0.0,0.0,0,0,0
417,a,,,5.0,271,46,0,0,0,0,2.6,112,44,1,1,1.0,215,86,0,6,1.0,215,86,0.2,0.2,0,5889,5889,20457,20457,2.2,2.2,0.0,0.0,0.0,0.0,0.0,0.0,0.0,0.0,7.6,181,79,11.3,115,34,0.0,408,166,1.9,183,71,,,,1,,Diogo,Dalot Teixeira,Dalot,,,10,0,0,0,0,0,0,0,0,0,0,0,3,,,,0,0.0,0.0,0.0,27.0,2,1,1
418,a,,,5.0,230,36,0,0,0,0,17.4,21,8,1,1,1.0,208,83,0,15,1.0,208,83,0.2,0.2,0,32662,32662,67169,67169,2.2,2.2,0.04,0.4,0.44,1.01,0.04,0.4,0.44,1.01,25.4,64,26,28.6,30,8,19.0,47,12,7.3,40,10,,,,1,,Harry,Maguire,Maguire,,,90,0,0,0,2,0,0,0,0,0,0,1,4,,,,0,0.0,2.0,1.0,4.0,0,4,5
419,a,100.0,100.0,5.0,277,49,0,0,0,0,1.3,169,69,0,0,0.0,464,175,0,0,0.0,464,175,0.0,0.0,0,5382,5382,12731,12731,2.2,2.2,0.0,0.0,0.0,0.0,0.0,0.0,0.0,0.0,0.0,456,183,0.0,465,183,0.0,413,169,0.0,472,183,,,,1,,Lisandro,Martínez,Martinez,,,0,0,0,0,0,0,0,0,0,0,0,0,0,,,,0,0.0,0.0,0.0,0.0,0,0,0
420,a,,,5.0,371,73,0,0,0,0,0.7,229,87,0,0,0.0,524,189,0,0,0.0,524,189,0.0,0.0,0,1292,1292,7206,7206,2.2,2.2,0.0,0.0,0.0,0.0,0.0,0.0,0.0,0.0,0.0,512,195,0.0,525,195,0.0,484,186,0.0,528,195,,,,1,,Leny,Yoro,Yoro,,,0,0,0,0,0,0,0,0,0,0,0,0,0,,,,0,0.0,0.0,0.0,0.0,0,0,0
421,a,,,4.5,527,146,0,0,0,0,0.4,271,102,1,1,1.0,206,82,0,5,1.0,206,82,0.2,0.2,0,2116,2116,2747,2747,1.7,1.7,0.12,0.04,0.16,1.01,0.12,0.04,0.16,1.01,6.8,191,85,2.6,168,50,11.0,83,27,2.0,177,68,,,,1,,Ayden,Heaven,Heaven,,,90,0,0,0,2,0,0,0,0,0,0,1,2,,,,0,0.0,2.0,1.0,2.0,1,1,4
422,a,,,4.5,447,109,0,0,0,0,0.7,227,85,1,1,1.0,190,69,0,8,1.0,190,69,0.2,0.2,0,3860,3860,4137,4137,1.7,1.7,0.22,0.05,0.27,1.01,0.25,0.06,0.31,1.15,17.4,99,42,29.4,28,7,9.0,89,30,5.6,61,19,,,,1,,Noussair,Mazraoui,Mazraoui,,,79,0,0,0,2,0,0,0,0,0,0,1,5,,,,0,0.0,2.28,1.14,5.7,1,4,3
423,a,,,4.5,410,84,0,0,0,0,20.1,16,4,1,1,1.0,185,64,0,13,1.0,185,64,0.2,0.2,0,26500,26500,79063,79063,1.7,1.7,0.0,0.26,0.26,1.01,0.0,0.26,0.26,1.01,25.2,65,27,59.2,1,1,6.0,113,32,9.0,20,2,3.0,,,1,,Luke,Shaw,Shaw,,,90,0,0,0,2,0,0,0,0,0,0,1,4,,,,0,0.0,2.0,1.0,4.0,1,3,3
424,a,,,4.0,602,195,0,0,0,0,0.2,345,131,0,0,0.0,339,125,0,0,0.0,339,125,0.0,0.0,0,654,654,1377,1377,1.0,1.0,0.0,0.0,0.0,0.0,0.0,0.0,0.0,0.0,0.0,326,130,0.0,326,132,0.0,249,102,0.0,343,131,,,,1,,Harry,Amass,Amass,,,0,0,0,0,0,0,0,0,0,0,0,0,0,,,,0,0.0,0.0,0.0,0.0,0,0,0
425,u,0.0,0.0,4.0,594,187,0,0,0,0,0.0,546,189,0,0,0.0,332,118,0,0,0.0,332,118,0.0,0.0,0,0,0,536,536,0.0,0.0,0.0,0.0,0.0,0.0,0.0,0.0,0.0,0.0,0.0,319,123,0.0,319,125,0.0,241,94,0.0,336,124,,,,1,,Tyler,Fredricson,Fredricson,Has joined Lausanne-Sport permanently,,0,0,0,0,0,0,0,0,0,0,0,0,0,,,,0,0.0,0.0,0.0,0.0,0,0,0
426,a,,,12.0,2,1,0,0,0,0,49.3,3,1,2,2,2.0,171,87,0,18,2.0,171,87,0.2,0.2,0,27287,27287,142377,142377,4.0,4.0,0.08,0.26,0.34,1.01,0.08,0.26,0.34,1.01,20.2,83,28,55.4,3,2,17.0,63,33,9.3,17,13,1.0,1.0,1.0,1,,Bruno,Borges Fernandes,B.Fernandes,,,90,0,0,0,2,0,0,0,0,0,0,1,6,,,,0,0.0,2.0,1.0,6.0,0,1,5
427,a,,,8.0,11,7,0,0,0,0,36.7,7,3,2,2,2.0,168,85,0,12,2.0,168,85,0.2,0.2,0,44995,44995,131667,131667,2.8,2.8,0.5,0.23,0.73,1.01,0.5,0.23,0.73,1.01,9.6,168,65,28.1,34,26,49.0,8,5,8.7,25,16,2.0,2.0,2.0,1,,Bryan,Mbeumo,Mbeumo,,,90,0,0,0,2,0,0,0,0,0,0,1,4,,,,0,0.0,2.0,1.0,4.0,0,0,4
428,a,,,8.0,10,6,0,0,0,0,9.7,42,17,2,2,2.0,167,84,0,14,2.0,167,84,0.2,0.2,0,16571,16571,58855,58855,2.8,2.8,0.24,0.21,0.45,1.01,0.27,0.24,0.51,1.15,5.4,207,85,28.2,33,25,35.0,22,10,6.9,46,28,,,,1,,Matheus,Santos Carneiro da Cunha,Cunha,,,79,0,0,0,2,0,0,0,0,0,0,1,3,,,,0,0.0,2.28,1.14,3.42,0,0,3
429,a,,,7.0,23,14,0,0,0,0,1.7,144,43,1,1,1.0,289,139,0,9,1.0,289,139,0.1,0.1,0,10176,10176,14525,14525,2.5,2.5,0.0,0.1,0.1,0.09,0.0,0.2,0.2,0.18,11.6,149,50,48.6,7,6,4.0,145,74,6.4,49,30,,,,1,,Marcus,Rashford,Rashford,,,45,0,0,0,0,0,0,0,0,0,0,0,1,,,,0,0.0,0.0,0.0,2.0,0,0,1
430,d,75.0,50.0,5.5,129,80,0,0,0,0,0.0,526,217,0,0,0.0,542,226,0,0,0.0,542,226,0.0,0.0,0,27,27,527,527,1.5,1.0,0.0,0.0,0.0,0.0,0.0,0.0,0.0,0.0,0.0,532,220,0.0,547,229,0.0,517,208,0.0,548,227,,3.0,,1,,Mason,Mount,Mount,Foot injury - 75% chance of playing,,0,0,0,0,0,0,0,0,0,0,0,0,0,,,,0,0.0,0.0,0.0,0.0,0,0,0
431,d,75.0,,6.0,96,61,0,0,0,0,1.2,180,58,0,0,0.0,586,253,0,0,0.0,586,253,0.0,0.0,0,1422,1422,36386,36386,1.6,2.2,0.0,0.0,0.0,0.0,0.0,0.0,0.0,0.0,0.0,587,252,0.0,591,255,0.0,585,249,0.0,591,255,4.0,,,1,,Amad,Diallo,Amad,Unspecified injury - 75% chance of playing,,0,0,0,0,0,0,0,0,0,0,0,0,0,,,,0,0.0,0.0,0.0,0.0,0,0,0
432,a,,,5.5,201,125,0,0,0,0,1.0,199,67,1,1,1.0,264,120,0,7,1.0,264,120,0.2,0.2,0,2324,2324,9581,9581,2.0,2.0,0.07,0.01,0.08,0.07,0.27,0.04,0.31,0.27,2.8,239,108,2.5,170,100,2.0,178,88,0.7,247,110,,,,1,,Kobbie,Mainoo,Mainoo,,,23,0,0,0,0,0,0,0,0,0,0,0,1,,,,0,0.0,0.0,0.0,3.91,0,0,1
433,i,0.0,0.0,5.0,285,169,0,0,0,0,0.0,602,262,0,0,0.0,470,184,0,0,0.0,470,184,0.0,0.0,0,16,16,76,76,0.0,0.0,0.0,0.0,0.0,0.0,0.0,0.0,0.0,0.0,0.0,461,178,0.0,470,187,0.0,421,152,0.0,477,185,,,,1,,Manuel,Ugarte Ribeiro,Ugarte,Knee injury - Unknown return date,,0,0,0,0,0,0,0,0,0,0,0,0,0,,,,0,0.0,0.0,0.0,0.0,0,0,0
434,a,,,5.0,368,217,0,0,0,0,0.0,579,246,0,0,0.0,522,216,0,0,0.0,522,216,0.0,0.0,0,33,33,110,110,1.5,1.5,0.0,0.0,0.0,0.0,0.0,0.0,0.0,0.0,0.0,510,208,0.0,523,217,0.0,481,185,0.0,526,215,,,,1,,Jack,Fletcher,J.Fletcher,,,0,0,0,0,0,0,0,0,0,0,0,0,0,,,,0,0.0,0.0,0.0,0.0,0,0,0
435,a,,,5.0,378,224,0,0,0,0,0.0,489,202,1,1,1.0,233,102,0,3,1.0,233,102,0.2,0.2,0,222,222,404,404,1.5,1.5,0.0,0.0,0.0,0.0,0.0,0.0,0.0,0.0,0.2,277,132,0.6,242,128,0.0,490,192,0.1,289,137,,,,1,,Shea,Lacey,Lacey,,,10,0,0,0,0,0,0,0,0,0,0,0,1,,,,0,0.0,0.0,0.0,9.0,0,0,1
436,a,,,5.0,335,195,0,0,0,0,0.0,556,230,0,0,0.0,506,207,0,0,0.0,506,207,0.0,0.0,0,42,42,171,171,1.5,1.5,0.0,0.0,0.0,0.0,0.0,0.0,0.0,0.0,0.0,494,199,0.0,506,208,0.0,463,175,0.0,510,206,,,,1,,Toby,Collyer,Collyer,,,0,0,0,0,0,0,0,0,0,0,0,0,0,,,,0,0.0,0.0,0.0,0.0,0,0,0
437,a,,,4.5,517,258,0,0,0,0,0.2,359,132,0,0,0.0,419,158,0,0,0.0,419,158,0.0,0.0,0,748,748,1682,1682,1.0,1.0,0.0,0.0,0.0,0.0,0.0,0.0,0.0,0.0,0.0,408,151,0.0,414,161,0.0,354,119,0.0,424,158,,,,1,,Bendito,Mantato,Bendito Mantato,,,0,0,0,0,0,0,0,0,0,0,0,0,0,,,,0,0.0,0.0,0.0,0.0,0,0,0
438,a,,,4.5,498,253,0,0,0,0,0.3,286,95,0,0,0.0,403,153,0,0,0.0,403,153,0.0,0.0,0,1039,1039,2809,2809,1.0,1.0,0.0,0.0,0.0,0.0,0.0,0.0,0.0,0.0,0.0,391,146,0.0,398,156,0.0,336,114,0.0,407,153,,,,1,,Tyler,Fletcher,Fletcher,,,0,0,0,0,0,0,0,0,0,0,0,0,0,,,,0,0.0,0.0,0.0,0.0,0,0,0
439,a,100.0,75.0,7.0,30,10,0,0,0,0,1.7,147,23,1,1,1.0,292,34,0,2,1.0,292,34,0.1,0.1,0,18220,18220,9969,9969,2.2,1.7,0.04,0.0,0.04,0.07,0.16,0.0,0.16,0.27,0.0,606,70,0.5,253,28,9.0,94,19,0.9,239,24,,,,1,,Benjamin,Sesko,Šeško,,,23,0,0,0,0,0,0,0,0,0,0,0,0,,,,0,0.0,0.0,0.0,0.0,0,0,0
440,a,,,5.5,173,39,0,0,0,0,0.6,244,39,0,0,0.0,559,59,0,0,0.0,559,59,0.0,0.0,0,1530,1530,8483,8483,1.8,1.8,0.0,0.0,0.0,0.0,0.0,0.0,0.0,0.0,0.0,548,51,0.0,561,57,0.0,544,58,0.0,562,59,,,,1,,Joshua,Zirkzee,Zirkzee,,,0,0,0,0,0,0,0,0,0,0,0,0,0,,,,0,0.0,0.0,0.0,0.0,0,0,0
441,a,,,4.5,524,71,0,0,0,0,1.1,186,28,0,0,0.0,424,43,0,0,0.0,424,43,0.0,0.0,0,4288,4288,7864,7864,1.0,1.0,0.0,0.0,0.0,0.0,0.0,0.0,0.0,0.0,0.0,413,33,0.0,419,40,0.0,359,39,0.0,429,42,,,,1,,Chido,Obi,Obi,,,0,0,0,0,0,0,0,0,0,0,0,0,0,,,,0,0.0,0.0,0.0,0.0,0,0,0
442,a,,,5.0,231,6,0,0,0,0,1.3,171,25,0,0,0.0,439,59,0,0,0.0,439,59,0.0,0.0,0,1921,1921,7766,7766,2.6,2.6,0.0,0.0,0.0,0.0,0.0,0.0,0.0,0.0,0.0,428,59,0.0,435,48,0.0,376,48,0.0,444,59,,,,1,,Nick,Pope,Pope,,,0,0,0,0,0,0,0,0,0,0,0,0,0,,,,0,0.0,0.0,0.0,0.0,0,0,0
443,a,,,4.5,404,25,0,0,0,0,0.0,517,57,0,0,0.0,349,42,0,0,0.0,349,42,0.0,0.0,0,116,116,157,157,1.9,1.9,0.0,0.0,0.0,0.0,0.0,0.0,0.0,0.0,0.0,336,42,0.0,339,24,0.0,263,24,0.0,353,42,,,,1,,Mark,Gillespie,Gillespie,,,0,0,0,0,0,0,0,0,0,0,0,0,0,,,,0,0.0,0.0,0.0,0.0,0,0,0
444,a,,,4.5,508,47,0,0,0,0,0.0,531,61,0,0,0.0,412,58,0,0,0.0,412,58,0.0,0.0,0,77,77,244,244,1.9,1.9,0.0,0.0,0.0,0.0,0.0,0.0,0.0,0.0,0.0,400,58,0.0,407,46,0.0,345,46,0.0,416,58,,,,1,,Ewen,Jaouen,Jaouen,,,0,0,0,0,0,0,0,0,0,0,0,0,0,,,,0,0.0,0.0,0.0,0.0,0,0,0
445,a,,,5.0,317,60,0,0,0,0,1.7,143,59,3,3,3.0,90,39,0,0,3.0,90,39,0.6,0.6,0,11319,11319,6064,6064,2.2,2.2,0.0,0.0,0.0,2.98,0.0,0.0,0.0,2.98,37.8,32,11,0.2,269,98,0.0,449,178,3.8,108,37,,,,1,,Malick,Thiaw,Thiaw,,,90,0,0,0,2,0,0,0,0,0,0,1,15,,,,0,0.0,2.0,1.0,15.0,0,15,2
446,a,100.0,100.0,5.0,237,38,0,0,0,0,0.3,312,116,1,1,1.0,209,84,0,-1,1.0,209,84,0.2,0.2,0,1423,1423,1191,1191,2.2,2.2,0.0,0.0,0.0,0.79,0.0,0.0,0.0,71.1,0.0,434,175,0.0,441,176,0.0,382,159,0.0,450,175,,2.0,,1,,Fabian,Schär,Schär,,,1,0,0,0,1,0,0,0,0,0,0,0,0,,,,0,0.0,90.0,0.0,0.0,0,0,0
447,a,,,5.0,274,47,0,0,0,0,0.5,253,94,3,3,3.0,88,37,0,4,3.0,88,37,0.6,0.6,0,6020,6020,2072,2072,2.2,2.2,0.0,0.01,0.01,2.98,0.0,0.01,0.01,2.98,32.4,46,17,0.3,258,94,0.0,410,167,3.3,121,44,,,,1,,Sven,Botman,Botman,,,90,0,0,0,2,0,0,0,0,0,0,1,10,,,,0,0.0,2.0,1.0,10.0,0,10,2
448,i,0.0,,5.0,227,35,0,0,0,0,1.9,130,53,0,0,0.0,438,167,0,0,0.0,438,167,0.0,0.0,0,6175,6175,51057,51057,0.0,2.2,0.0,0.0,0.0,0.0,0.0,0.0,0.0,0.0,0.0,427,173,0.0,433,174,0.0,374,157,0.0,443,173,,,,1,,Dan,Burn,Burn,Ankle injury - Expected back 14 Sep,,0,0,0,0,0,0,0,0,0,0,0,0,0,,,,0,0.0,0.0,0.0,0.0,0,0,0
449,a,,,5.0,330,66,0,0,0,0,4.0,81,32,3,3,3.0,91,40,0,8,3.0,91,40,0.6,0.6,0,36890,36890,11473,11473,2.2,2.2,0.0,0.35,0.35,2.98,0.0,0.35,0.35,2.98,22.0,75,35,15.2,80,24,0.0,458,181,3.7,113,41,1.0,1.0,,1,,Lewis,Hall,Hall,,,90,0,0,0,2,0,0,0,0,0,0,1,11,,,,0,0.0,2.0,1.0,11.0,5,6,8
450,i,0.0,0.0,5.0,303,55,0,0,0,0,0.0,508,177,0,0,0.0,484,179,0,0,0.0,484,179,0.0,0.0,0,73,73,907,907,0.0,0.0,0.0,0.0,0.0,0.0,0.0,0.0,0.0,0.0,0.0,473,186,0.0,483,186,0.0,436,174,0.0,489,186,,,,1,,Tino,Livramento,Livramento,Calf injury - Unknown return date,,0,0,0,0,0,0,0,0,0,0,0,0,0,,,,0,0.0,0.0,0.0,0.0,0,0,0
451,u,0.0,0.0,4.0,593,186,0,0,0,0,0.1,420,149,0,0,0.0,331,117,0,0,0.0,331,117,0.0,0.0,0,0,0,2610,2610,0.0,0.0,0.0,0.0,0.0,0.0,0.0,0.0,0.0,0.0,0.0,318,122,0.0,318,124,0.0,240,93,0.0,335,123,,,,1,,Alex,Murphy,A.Murphy,Has joined FC Kaiserslautern on loan for the rest of the season,,0,0,0,0,0,0,0,0,0,0,0,0,0,,,,0,0.0,0.0,0.0,0.0,0,0,0
463,a,,,6.0,92,23,0,0,0,0,1.6,151,24,0,0,0.0,585,65,0,0,0.0,585,65,0.0,0.0,0,5155,5155,19845,19845,2.0,2.0,0.0,0.0,0.0,0.0,0.0,0.0,0.0,0.0,0.0,585,65,0.0,589,66,0.0,582,66,0.0,589,66,,,1.0,1,,Nick,Woltemade,Woltemade,,,0,0,0,0,0,0,0,0,0,0,0,0,0,,,,0,0.0,0.0,0.0,0.0,0,0,0
453,a,,,6.0,67,45,0,0,0,0,1.1,188,62,2,2,2.0,152,75,0,12,2.0,152,75,0.3,0.3,0,5724,5724,5930,5930,2.2,2.2,0.07,0.02,0.09,2.98,0.07,0.02,0.09,2.98,5.2,210,87,2.4,175,103,9.0,91,44,1.7,202,90,,,,1,,Harvey,Barnes,Barnes,,,90,0,0,0,2,0,0,0,0,0,0,1,8,,,,0,0.0,2.0,1.0,8.0,1,3,4
454,a,,,6.0,86,55,0,0,0,0,1.6,150,45,9,9,9.0,27,13,2,31,9.0,27,13,1.5,1.5,0,54306,54306,6302,6302,2.2,2.2,0.22,0.01,0.23,1.94,0.26,0.01,0.27,2.33,37.4,33,17,3.5,160,93,28.0,34,18,6.9,45,27,4.0,,,1,,Anthony,Elanga,Elanga,,,75,1,0,0,1,0,0,0,0,0,0,1,2,,,,0,0.0,1.2,1.2,2.4,0,1,1
456,a,,,5.0,287,171,0,0,0,0,0.4,281,92,0,0,0.0,472,186,0,1,0.0,472,186,0.0,0.0,0,1044,1044,2898,2898,1.5,1.5,0.06,0.01,0.07,1.5,0.16,0.03,0.19,3.97,7.8,180,71,1.3,208,117,4.0,132,65,1.3,224,99,,,,1,,Jacob,Ramsey,J.Ramsey,,,34,0,0,0,1,0,0,0,1,0,0,0,6,,,,0,0.0,2.65,0.0,15.88,2,3,1
457,a,,,6.0,59,40,0,0,0,0,0.2,372,141,0,0,0.0,578,248,0,-1,0.0,578,248,0.0,0.0,0,512,512,1606,1606,2.2,2.2,0.0,0.0,0.0,1.04,0.0,0.0,0.0,6.69,0.0,573,245,0.1,276,144,2.0,182,92,0.1,293,139,2.0,,,1,,Jacob,Murphy,J.Murphy,,,14,0,0,0,1,0,0,0,1,0,0,0,2,,,,0,0.0,6.43,0.0,12.86,0,1,1
458,i,0.0,0.0,5.5,128,79,0,0,0,0,0.0,524,216,0,0,0.0,541,225,0,0,0.0,541,225,0.0,0.0,0,31,31,766,766,0.0,0.0,0.0,0.0,0.0,0.0,0.0,0.0,0.0,0.0,0.0,531,219,0.0,546,228,0.0,516,207,0.0,547,226,,,,1,,Joelinton Cássio,Apolinário de Lira,Joelinton,Unspecified injury - Unknown return date,,0,0,0,0,0,0,0,0,0,0,0,0,0,,,,0,0.0,0.0,0.0,0.0,0,0,0
459,a,100.0,100.0,5.5,207,129,0,0,0,0,0.1,467,190,3,3,3.0,101,44,0,13,3.0,101,44,0.5,0.5,0,765,765,303,303,2.0,2.0,0.05,0.01,0.06,1.94,0.06,0.01,0.07,2.33,15.6,109,37,21.4,59,39,3.0,152,79,4.0,103,54,3.0,,,1,,Lewis,Miley,L.Miley,,,75,0,0,0,1,0,0,0,1,0,0,1,13,,,,0,0.0,1.2,1.2,15.6,1,6,6
460,a,,,5.0,254,154,0,0,0,0,0.2,352,128,6,6,6.0,51,22,0,28,6.0,51,22,1.2,1.2,0,4564,4564,1040,1040,1.5,1.5,0.09,0.17,0.26,1.5,0.24,0.45,0.69,3.97,38.4,29,16,13.9,90,58,9.0,90,43,6.1,52,31,,,,1,,Joe,Willock,Willock,,,34,1,0,0,1,0,0,0,0,0,0,0,3,,,,0,0.0,2.65,0.0,7.94,2,0,1
461,a,,,6.0,109,70,0,0,0,0,0.2,325,113,0,0,0.0,592,257,0,0,0.0,592,257,0.0,0.0,0,330,330,2662,2662,2.2,2.2,0.0,0.0,0.0,0.0,0.0,0.0,0.0,0.0,0.0,593,256,0.0,596,258,0.0,591,253,0.0,596,258,,,,1,,Bazoumana,Touré,Touré,,,0,0,0,0,0,0,0,0,0,0,0,0,0,,,,0,0.0,0.0,0.0,0.0,0,0,0
462,a,,,5.0,391,233,0,0,0,0,0.1,414,162,1,1,1.0,238,106,0,3,1.0,238,106,0.2,0.2,0,523,523,624,624,1.5,1.5,0.0,0.0,0.0,1.48,0.0,0.0,0.0,2.42,0.4,272,128,1.2,214,120,0.0,499,198,0.2,283,134,,,,1,,Sean,Steur,Steur,,,55,0,0,0,1,0,0,0,0,0,0,1,2,,,,0,0.0,1.64,1.64,3.27,0,0,2
490,a,,,6.0,58,14,0,0,0,0,1.7,145,22,1,1,1.0,271,30,0,3,1.0,271,30,0.2,0.2,0,3184,3184,16613,16613,2.0,2.0,0.12,0.01,0.13,0.22,0.39,0.03,0.42,0.71,0.0,572,59,2.4,174,21,3.0,153,25,0.4,271,28,,,1.0,1,,Chris,Wood,Wood,,,28,0,0,0,1,0,0,0,0,0,0,0,1,,,,0,0.0,3.21,0.0,3.21,0,0,1
464,a,,,6.0,72,19,0,0,0,0,2.7,110,16,4,4,4.0,78,8,0,7,4.0,78,8,0.7,0.7,0,78581,78581,11185,11185,2.0,2.0,1.0,0.02,1.02,2.19,1.0,0.02,1.02,2.19,20.0,85,7,16.3,74,6,28.0,33,9,6.4,48,8,,,3.0,1,,Yoane,Wissa,Wissa,,,90,0,1,0,1,0,0,0,1,0,0,1,8,,,,0,0.0,1.0,1.0,8.0,4,1,3
465,d,50.0,,6.0,103,26,0,0,0,0,1.2,183,27,4,4,4.0,80,10,0,18,4.0,80,10,0.7,0.7,0,19769,19769,7875,7875,1.0,2.0,0.06,0.14,0.2,1.48,0.1,0.23,0.33,2.42,28.2,59,6,13.7,95,8,8.0,100,20,5.0,78,11,,,2.0,1,,William,Osula,Osula,Knock - 50% chance of playing,,55,0,1,0,1,0,0,0,0,0,0,1,5,,,,0,0.0,1.64,1.64,8.18,1,2,2
466,a,,,4.5,526,72,0,0,0,0,0.8,219,37,0,0,0.0,426,44,0,0,0.0,426,44,0.0,0.0,0,4283,4283,5345,5345,1.0,1.0,0.0,0.0,0.0,0.0,0.0,0.0,0.0,0.0,0.0,415,34,0.0,421,41,0.0,361,40,0.0,431,43,,,,1,,Sean,Neave,Neave,,,0,0,0,0,0,0,0,0,0,0,0,0,0,,,,0,0.0,0.0,0.0,0.0,0,0,0
559,a,,,5.0,390,232,0,0,0,0,0.1,391,152,1,1,1.0,237,105,0,5,1.0,237,105,0.2,0.2,0,496,496,1058,1058,1.5,1.5,0.0,0.0,0.0,1.04,0.0,0.0,0.0,6.69,4.0,223,96,0.0,534,224,0.0,498,197,0.4,266,122,,,,1,,Aladji,Bamba,Bamba,,,14,0,0,0,1,0,0,0,0,0,0,0,2,,,,0,0.0,6.43,0.0,12.86,1,1,0
567,a,,,5.0,322,19,0,0,0,0,0.7,223,31,1,1,1.0,219,19,0,12,1.0,219,19,0.2,0.2,0,3385,3385,2455,2455,2.6,2.6,0.0,0.0,0.0,2.98,0.0,0.0,0.0,2.98,41.2,24,2,0.0,497,61,0.0,452,61,4.1,100,2,,,,1,,Lukás,Hornícek,Horníček,,,90,0,0,0,2,0,0,0,1,0,5,1,0,,,,5,0.0,2.0,1.0,0.0,0,3,5
593,a,,,4.5,471,126,0,0,0,0,0.3,298,111,1,1,1.0,195,73,0,-1,1.0,195,73,0.2,0.2,0,3593,3593,1090,1090,1.7,1.7,0.03,0.0,0.03,2.98,0.03,0.0,0.03,2.98,16.4,106,46,1.2,212,69,5.0,123,39,2.3,161,62,,,,1,,Amar,Dedic,Dedić,,,90,0,0,0,2,0,0,0,0,0,0,1,9,,,,0,0.0,2.0,1.0,9.0,2,7,2
609,a,,,4.0,597,190,0,0,0,0,0.1,438,154,0,0,0.0,335,121,0,0,0.0,335,121,0.0,0.0,0,2497,2497,357,357,1.0,1.0,0.0,0.0,0.0,0.0,0.0,0.0,0.0,0.0,0.0,322,126,0.0,322,128,0.0,244,97,0.0,339,127,,,,1,,Leo,Shahar,Shahar,,,0,0,0,0,0,0,0,0,0,0,0,0,0,,,,0,0.0,0.0,0.0,0.0,0,0,0
467,a,,,5.0,228,5,0,0,0,0,1.6,158,24,2,2,2.0,119,12,0,11,2.0,119,12,0.4,0.4,0,1746,1746,6172,6172,2.6,2.6,0.0,0.0,0.0,0.47,0.0,0.0,0.0,0.47,14.2,122,18,0.0,434,47,0.0,375,47,1.4,217,18,,,,1,,Matz,Sels,Sels,,,90,0,0,0,1,0,0,0,0,0,2,1,0,,,,2,0.0,1.0,1.0,0.0,0,0,9
468,a,,,4.5,442,34,0,0,0,0,0.1,464,52,0,0,0.0,371,51,0,0,0.0,371,51,0.0,0.0,0,122,122,296,296,1.9,1.9,0.0,0.0,0.0,0.0,0.0,0.0,0.0,0.0,0.0,358,51,0.0,362,33,0.0,290,33,0.0,375,51,,,,1,,John Victor,Maciel Furtado,John,,,0,0,0,0,0,0,0,0,0,0,0,0,0,,,,0,0.0,0.0,0.0,0.0,0,0,0
469,a,,,5.0,270,45,0,0,0,0,9.4,43,15,2,2,2.0,126,46,0,13,2.0,126,46,0.4,0.4,0,10957,10957,45317,45317,2.2,2.2,0.0,0.02,0.02,0.47,0.0,0.02,0.02,0.47,15.2,113,52,5.8,141,41,6.0,115,34,2.7,144,57,1.0,2.0,,1,,Neco,Williams,N.Williams,,,90,0,0,0,1,0,0,0,0,0,0,1,6,,,,0,0.0,1.0,1.0,6.0,3,3,10
470,a,,,5.0,327,65,0,0,0,0,0.0,488,170,0,0,0.0,499,184,0,0,0.0,499,184,0.0,0.0,0,187,187,421,421,2.2,2.2,0.0,0.0,0.0,0.0,0.0,0.0,0.0,0.0,0.0,487,190,0.0,499,190,0.0,455,180,0.0,503,190,,,,1,,Felipe,Rodrigues da Silva,Morato,,,0,0,0,0,0,0,0,0,0,0,0,0,0,,,,0,0.0,0.0,0.0,0.0,0,0,0
471,a,,,5.5,148,17,0,0,0,0,1.9,131,54,2,2,2.0,140,49,0,4,2.0,140,49,0.4,0.4,0,1826,1826,9124,9124,2.5,2.5,0.11,0.02,0.13,0.47,0.11,0.02,0.13,0.47,7.6,182,80,0.6,244,88,14.0,72,19,2.2,166,65,,,,1,,Nikola,Milenković,Milenković,,,90,0,0,0,1,0,0,0,0,0,0,1,7,,,,0,0.0,1.0,1.0,7.0,0,7,6
472,a,100.0,100.0,5.5,215,32,0,0,0,0,1.7,148,61,4,4,4.0,77,32,0,15,4.0,77,32,0.7,0.7,0,6259,6259,6502,6502,2.5,2.5,0.0,0.28,0.28,0.47,0.0,0.28,0.28,0.47,32.2,47,18,25.9,45,14,0.0,565,199,5.8,57,16,,3.0,,1,,Murillo,Costa dos Santos,Murillo,,,90,0,0,0,1,0,0,0,0,0,0,1,14,,,,0,0.0,1.0,1.0,14.0,2,12,3
473,a,,,4.5,421,88,0,0,0,0,3.6,92,37,5,5,5.0,65,29,0,24,5.0,65,29,1.1,1.1,0,12120,12120,13472,13472,1.7,1.7,0.04,0.17,0.21,0.34,0.05,0.21,0.26,0.42,16.0,107,47,35.6,20,5,11.0,81,25,6.3,50,12,,,,1,,Ola,Aina,Aina,,,73,0,0,1,0,0,0,0,1,0,0,1,2,,,,0,1.23,0.0,1.23,2.47,0,2,4
474,a,,,4.5,516,143,0,0,0,0,0.2,332,126,1,1,1.0,205,81,0,5,1.0,205,81,0.2,0.2,0,192,192,930,930,1.7,1.7,0.0,0.0,0.0,0.47,0.0,0.0,0.0,0.47,20.8,80,37,1.3,207,67,0.0,353,152,2.2,164,64,,,,1,,Jair,Paula da Cunha Filho,Jair Cunha,,,90,0,0,0,1,0,0,0,1,0,0,1,8,,,,0,0.0,1.0,1.0,8.0,1,7,0
475,i,0.0,0.0,4.5,491,134,0,0,0,0,0.0,604,202,0,0,0.0,397,156,0,0,0.0,397,156,0.0,0.0,0,45,45,30,30,0.0,0.0,0.0,0.0,0.0,0.0,0.0,0.0,0.0,0.0,0.0,385,162,0.0,392,163,0.0,329,144,0.0,401,162,,,,1,,Nicolò,Savona,Savona,Knee injury - Unknown return date,,0,0,0,0,0,0,0,0,0,0,0,0,0,,,,0,0.0,0.0,0.0,0.0,0,0,0
476,a,,,4.0,562,164,0,0,0,0,0.2,320,121,0,0,0.0,309,104,0,0,0.0,309,104,0.0,0.0,0,369,369,1307,1307,1.0,1.0,0.0,0.0,0.0,0.0,0.0,0.0,0.0,0.0,0.0,296,109,0.0,295,110,0.0,215,77,0.0,313,110,,,,1,,Omar,Richards,O.Richards,,,0,0,0,0,0,0,0,0,0,0,0,0,0,,,,0,0.0,0.0,0.0,0.0,0,0,0
477,a,,,4.0,596,189,0,0,0,0,0.3,314,117,0,0,0.0,334,120,0,0,0.0,334,120,0.0,0.0,0,708,708,1455,1455,1.0,1.0,0.0,0.0,0.0,0.0,0.0,0.0,0.0,0.0,0.0,321,125,0.0,321,127,0.0,243,96,0.0,338,126,,,,1,,Zach,Abbott,Abbott,,,0,0,0,0,0,0,0,0,0,0,0,0,0,,,,0,0.0,0.0,0.0,0.0,0,0,0
478,a,,,4.5,474,127,0,0,0,0,0.0,513,178,1,1,1.0,196,74,0,-2,1.0,196,74,0.2,0.2,0,79,79,187,187,1.7,1.7,0.0,0.0,0.0,0.13,0.0,0.0,0.0,0.73,0.0,375,158,0.9,224,75,0.0,314,139,0.1,288,101,,,,1,,Luca,Netz,Netz,,,16,0,0,0,1,0,0,0,0,0,0,0,0,,,,0,0.0,5.62,0.0,0.0,0,0,1
479,a,,,4.0,591,184,0,0,0,0,0.2,353,133,0,0,0.0,330,116,0,0,0.0,330,116,0.0,0.0,0,244,244,903,903,1.0,1.0,0.0,0.0,0.0,0.0,0.0,0.0,0.0,0.0,0.0,317,121,0.0,317,123,0.0,238,91,0.0,334,122,,,,1,,Tyler,Bindon,Bindon,,,0,0,0,0,0,0,0,0,0,0,0,0,0,,,,0,0.0,0.0,0.0,0.0,0,0,0
480,d,75.0,,8.0,8,5,0,0,0,0,9.8,41,16,2,2,2.0,166,83,0,10,2.0,166,83,0.2,0.2,0,6792,6792,153610,153610,2.1,2.8,0.13,0.06,0.19,0.47,0.13,0.06,0.19,0.47,0.0,612,268,9.3,126,73,16.0,67,37,2.4,160,73,,1.0,2.0,1,,Morgan,Gibbs-White,Gibbs-White,Knee injury - 75% chance of playing,,90,0,0,0,1,0,0,0,0,0,0,1,3,,,,0,0.0,1.0,1.0,3.0,0,1,2
482,a,100.0,100.0,6.0,70,46,0,0,0,0,0.2,319,110,0,0,0.0,580,249,0,0,0.0,580,249,0.0,0.0,0,513,513,3131,3131,2.2,2.2,0.0,0.0,0.0,0.0,0.0,0.0,0.0,0.0,0.0,578,247,0.0,584,250,0.0,574,242,0.0,584,250,,4.0,,1,,Callum,Hudson-Odoi,Hudson-Odoi,,,0,0,0,0,0,0,0,0,0,0,0,0,0,,,,0,0.0,0.0,0.0,0.0,0,0,0
483,a,,,5.5,172,107,0,0,0,0,0.4,268,85,3,3,3.0,99,42,0,5,3.0,99,42,0.5,0.5,0,622,622,2938,2938,2.0,2.0,0.0,0.0,0.0,0.25,0.0,0.0,0.0,0.37,1.4,259,119,2.5,169,99,0.0,543,226,0.4,269,125,,,,1,,Dan,Ndoye,Ndoye,,,61,0,0,1,0,0,0,0,0,0,0,1,3,,,,0,1.48,0.0,1.48,4.43,1,1,1
484,a,,,5.5,199,123,0,0,0,0,0.2,367,137,0,0,0.0,568,244,0,0,0.0,568,244,0.0,0.0,0,146,146,1354,1354,2.0,2.0,0.0,0.0,0.0,0.0,0.0,0.0,0.0,0.0,0.0,559,238,0.0,572,246,0.0,559,236,0.0,572,244,4.0,,,1,,Omari,Hutchinson,Hutchinson,,,0,0,0,0,0,0,0,0,0,0,0,0,0,,,,0,0.0,0.0,0.0,0.0,0,0,0
485,a,,,5.5,183,112,0,0,0,0,0.0,565,237,0,0,0.0,563,239,0,0,0.0,563,239,0.0,0.0,0,89,89,208,208,2.0,2.0,0.0,0.0,0.0,0.0,0.0,0.0,0.0,0.0,0.0,553,233,0.0,566,241,0.0,550,229,0.0,567,239,,,,1,,Dilane,Bakwa,Bakwa,,,0,0,0,0,0,0,0,0,0,0,0,0,0,,,,0,0.0,0.0,0.0,0.0,0,0,0
486,a,,,5.5,158,99,0,0,0,0,0.0,487,201,3,3,3.0,98,41,0,18,3.0,98,41,0.5,0.5,0,325,325,274,274,2.0,2.0,0.0,0.16,0.16,0.34,0.0,0.2,0.2,0.42,11.6,146,49,42.5,12,10,0.0,533,221,5.4,67,35,2.0,,,1,,James,McAtee,McAtee,,,73,0,0,1,0,0,0,0,0,0,0,1,8,,,,0,1.23,0.0,1.23,9.86,1,2,5
487,a,,,5.0,294,176,0,0,0,0,0.1,441,176,0,0,0.0,479,191,0,0,0.0,479,191,0.0,0.0,0,147,147,679,679,1.5,1.5,0.0,0.0,0.0,0.0,0.0,0.0,0.0,0.0,0.0,468,183,0.0,477,192,0.0,428,157,0.0,484,190,,,,1,,Nicolás,Domínguez,Dominguez,,,0,0,0,0,0,0,0,0,0,0,0,0,0,,,,0,0.0,0.0,0.0,0.0,0,0,0
488,a,,,5.0,265,162,0,0,0,0,1.0,196,64,2,2,2.0,124,56,0,10,2.0,124,56,0.4,0.4,0,2032,2032,7547,7547,1.5,1.5,0.03,0.01,0.04,0.47,0.03,0.01,0.04,0.47,17.8,97,34,13.0,99,61,3.0,149,76,3.4,119,59,,,,1,,Ibrahim,Sangaré,I.Sangaré,,,90,0,0,0,1,0,0,0,0,0,0,1,6,,,,0,0.0,1.0,1.0,6.0,0,3,3
489,i,0.0,0.0,4.5,436,243,0,0,0,0,1.5,159,46,0,0,0.0,367,145,0,0,0.0,367,145,0.0,0.0,0,521,521,28790,28790,0.0,0.0,0.0,0.0,0.0,0.0,0.0,0.0,0.0,0.0,0.0,354,138,0.0,358,148,0.0,286,104,0.0,371,145,,,,1,,Ryan,Yates,Yates,Unspecified injury - Unknown return date,,0,0,0,0,0,0,0,0,0,0,0,0,0,,,,0,0.0,0.0,0.0,0.0,0,0,0
491,a,,,6.0,93,24,0,0,0,0,4.0,82,12,2,2,2.0,155,15,0,8,2.0,155,15,0.3,0.3,0,6718,6718,29287,29287,2.0,2.0,0.22,0.02,0.24,0.47,0.22,0.02,0.24,0.47,5.2,211,14,6.8,133,16,31.0,26,8,4.3,96,13,,,3.0,1,,Igor Jesus,Maciel da Cruz,Igor Jesus,,,90,0,0,0,1,0,0,0,0,0,0,1,3,,,,0,0.0,1.0,1.0,3.0,0,2,1
507,u,0.0,0.0,4.5,502,138,0,0,0,0,0.0,543,187,0,0,0.0,407,159,0,0,0.0,407,159,0.0,0.0,0,0,0,520,520,0.0,0.0,0.0,0.0,0.0,0.0,0.0,0.0,0.0,0.0,0.0,395,165,0.0,402,166,0.0,340,148,0.0,411,165,,,,1,,Ashley,Phillips,Phillips,Has joined Middlesbrough permanently,,0,0,0,0,0,0,0,0,0,0,0,0,0,,,,0,0.0,0.0,0.0,0.0,0,0,0
493,a,,,5.5,177,42,0,0,0,0,0.1,483,65,1,1,1.0,258,27,0,3,1.0,258,27,0.2,0.2,0,223,223,468,468,1.8,1.8,0.0,0.0,0.0,0.0,0.0,0.0,0.0,0.0,0.0,550,53,0.0,563,59,0.0,547,60,0.0,564,61,,,,1,,Arnaud,Kalimuendo,Kalimuendo,,,1,0,0,0,0,0,0,0,0,0,0,0,0,,,,0,0.0,0.0,0.0,0.0,0,0,0
558,a,,,5.0,259,157,0,0,0,0,0.1,418,164,1,1,1.0,214,92,0,3,1.0,214,92,0.2,0.2,0,105,105,654,654,1.5,1.5,0.0,0.0,0.0,0.13,0.0,0.0,0.0,0.73,0.6,270,127,1.0,222,124,2.0,166,81,0.4,264,120,3.0,,,1,,Xaver,Schlager,Schlager,,,16,0,0,0,1,0,0,0,0,0,0,0,1,,,,0,0.0,5.62,0.0,5.62,0,0,1
581,a,,,5.5,212,31,0,0,0,0,0.8,220,82,0,0,0.0,572,199,0,0,0.0,572,199,0.0,0.0,0,2775,2775,7796,7796,2.5,2.5,0.0,0.0,0.0,0.0,0.0,0.0,0.0,0.0,0.0,564,201,0.0,575,201,0.0,564,198,0.0,576,201,,,,1,,Ousmane,Diomande,Diomande,,,0,0,0,0,0,0,0,0,0,0,0,0,0,,,,0,0.0,0.0,0.0,0.0,0,0,0
590,a,,,4.5,462,36,0,0,0,0,0.1,462,51,0,0,0.0,383,52,0,0,0.0,383,52,0.0,0.0,0,446,446,356,356,1.9,1.9,0.0,0.0,0.0,0.0,0.0,0.0,0.0,0.0,0.0,369,52,0.0,373,35,0.0,306,35,0.0,386,52,,,,1,,Steven,Benda,Benda,,,0,0,0,0,0,0,0,0,0,0,0,0,0,,,,0,0.0,0.0,0.0,0.0,0,0,0
112,a,,,5.0,319,62,0,0,0,0,10.0,39,14,1,1,1.0,218,87,0,3,1.0,218,87,0.2,0.2,0,28863,28863,63782,63782,2.2,2.2,0.0,0.03,0.03,3.87,0.0,0.03,0.03,3.87,28.2,58,22,2.8,166,49,2.0,170,60,3.3,122,45,,,,1,,Jan Paul,van Hecke,Van Hecke,,,90,0,0,0,3,0,0,0,0,0,0,1,9,,,,0,0.0,3.0,1.0,9.0,2,7,3
403,a,,,6.5,50,35,0,0,0,0,0.3,295,99,0,0,0.0,600,264,0,0,0.0,600,264,0.0,0.0,0,4849,4849,3102,3102,2.3,2.3,0.0,0.0,0.0,0.0,0.0,0.0,0.0,0.0,0.0,602,264,0.0,604,265,0.0,602,263,0.0,604,265,,,,1,,Sávio,Moreira de Oliveira,Savinho,,,0,0,0,0,0,0,0,0,0,0,0,0,0,,,,0,0.0,0.0,0.0,0.0,0,0,0
455,a,,,5.5,157,98,0,0,0,0,3.9,83,27,2,2,2.0,141,65,0,14,2.0,141,65,0.4,0.4,0,8472,8472,33245,33245,2.0,2.0,0.04,0.06,0.1,3.87,0.04,0.06,0.1,3.87,6.2,198,79,6.4,135,79,8.0,96,47,2.1,172,78,2.0,5.0,,1,,Sandro,Tonali,Tonali,,,90,0,0,0,3,0,0,0,0,0,0,1,4,,,,0,0.0,3.0,1.0,4.0,1,0,3
494,u,0.0,0.0,4.5,427,32,0,0,0,0,0.3,309,37,0,0,0.0,363,49,0,0,0.0,363,49,0.0,0.0,0,0,0,9125,9125,0.0,0.0,0.0,0.0,0.0,0.0,0.0,0.0,0.0,0.0,0.0,350,49,0.0,354,31,0.0,280,31,0.0,367,49,,,,1,,Guglielmo,Vicario,Vicario,Has joined Juventus on loan for the rest of the season,,0,0,0,0,0,0,0,0,0,0,0,0,0,,,,0,0.0,0.0,0.0,0.0,0,0,0
495,a,,,4.0,563,58,0,0,0,0,0.9,208,29,0,0,0.0,310,31,0,0,0.0,310,31,0.0,0.0,0,2005,2005,2386,2386,1.0,1.0,0.0,0.0,0.0,0.0,0.0,0.0,0.0,0.0,0.0,297,31,0.0,296,11,0.0,216,11,0.0,314,31,,,,1,,Brandon,Austin,Austin,,,0,0,0,0,0,0,0,0,0,0,0,0,0,,,,0,0.0,0.0,0.0,0.0,0,0,0
496,a,,,4.5,479,41,0,0,0,0,23.1,13,2,2,2,2.0,116,11,0,15,2.0,116,11,0.4,0.4,0,19982,19982,51186,51186,1.9,1.9,0.0,0.0,0.0,3.87,0.0,0.0,0.0,3.87,43.6,17,1,0.0,382,40,0.0,318,40,4.4,90,1,,,,1,,Antonín,Kinský,Kinsky,,,90,0,0,0,3,0,0,0,0,0,5,1,0,,,,5,0.0,3.0,1.0,0.0,0,4,12
497,a,,,4.0,543,52,0,0,0,0,18.9,18,4,0,0,0.0,297,25,0,0,0.0,297,25,0.0,0.0,0,20753,20753,39391,39391,1.0,1.0,0.0,0.0,0.0,0.0,0.0,0.0,0.0,0.0,0.0,284,25,0.0,281,5,0.0,199,5,0.0,300,25,,,,1,,Martin,Dubravka,Dubravka,,,0,0,0,0,0,0,0,0,0,0,0,0,0,,,,0,0.0,0.0,0.0,0.0,0,0,0
498,a,,,6.0,73,7,0,0,0,0,7.9,53,21,3,3,3.0,103,41,0,10,3.0,103,41,0.5,0.5,0,10764,10764,39074,39074,2.8,2.8,0.0,0.02,0.02,3.87,0.0,0.02,0.02,3.87,36.6,37,12,2.2,183,55,0.0,576,202,3.9,105,36,,,,1,,Marcos,Senesi Barón,Senesi,,,90,0,0,0,3,0,0,0,0,0,0,1,16,,,,0,0.0,3.0,1.0,16.0,5,11,2
499,a,100.0,0.0,5.5,164,20,0,0,0,0,13.9,27,9,0,0,0.0,556,196,0,0,0.0,556,196,0.0,0.0,0,6559,6559,266476,266476,2.5,0.0,0.0,0.0,0.0,0.0,0.0,0.0,0.0,0.0,0.0,545,199,0.0,558,199,0.0,537,191,0.0,559,199,1.0,1.0,,1,,Pedro,Porro Sauceda,Pedro Porro,,,0,0,0,0,0,0,0,0,0,0,0,0,0,,,,0,0.0,0.0,0.0,0.0,0,0,0
500,u,0.0,0.0,5.0,276,48,0,0,0,0,0.2,366,138,0,0,0.0,463,174,0,0,0.0,463,174,0.0,0.0,0,0,0,8849,8849,0.0,0.0,0.0,0.0,0.0,0.0,0.0,0.0,0.0,0.0,0.0,455,182,0.0,464,182,0.0,412,168,0.0,471,182,,,,1,,Cristian,Romero,Romero,Has joined Atletico Madrid permanently,,0,0,0,0,0,0,0,0,0,0,0,0,0,,,,0,0.0,0.0,0.0,0.0,0,0,0
501,a,,,5.0,239,39,0,0,0,0,0.2,357,135,0,0,0.0,446,169,0,0,0.0,446,169,0.0,0.0,0,821,821,1644,1644,2.2,2.2,0.0,0.0,0.0,0.0,0.0,0.0,0.0,0.0,0.0,436,176,0.0,443,177,0.0,384,160,0.0,452,176,,,,1,,Kevin,Danso,Danso,,,0,0,0,0,0,0,0,0,0,0,0,0,0,,,,0,0.0,0.0,0.0,0.0,0,0,0
502,a,,,4.5,417,86,0,0,0,0,3.9,84,33,3,3,3.0,83,34,0,13,3.0,83,34,0.7,0.7,0,14083,14083,14702,14702,1.7,1.7,0.0,0.06,0.06,3.87,0.0,0.06,0.06,3.87,31.8,48,19,19.2,64,19,2.0,158,54,5.3,69,23,3.0,,,1,,Andrew,Robertson,Robertson,,,90,0,0,0,3,0,0,0,0,0,0,1,11,,,,0,0.0,3.0,1.0,11.0,2,9,3
503,a,100.0,0.0,5.0,336,67,0,0,0,0,4.4,74,30,0,0,0.0,507,185,0,0,0.0,507,185,0.0,0.0,0,2981,2981,108200,108200,2.2,0.0,0.0,0.0,0.0,0.0,0.0,0.0,0.0,0.0,0.0,495,191,0.0,507,191,0.0,464,182,0.0,511,191,,,,1,,Micky,van de Ven,Van de Ven,,,0,0,0,0,0,0,0,0,0,0,0,0,0,,,,0,0.0,0.0,0.0,0.0,0,0,0
505,u,0.0,0.0,4.5,451,112,0,0,0,0,0.6,245,92,0,0,0.0,376,145,0,0,0.0,376,145,0.0,0.0,0,0,0,38363,38363,0.0,0.0,0.0,0.0,0.0,0.0,0.0,0.0,0.0,0.0,0.0,363,150,0.0,367,154,0.0,297,130,0.0,380,151,,,,1,,Djed,Spence,Spence,Has joined Internazionale permanently,,0,0,0,0,0,0,0,0,0,0,0,0,0,,,,0,0.0,0.0,0.0,0.0,0,0,0
506,a,,,4.5,480,130,0,0,0,0,0.5,254,95,1,1,1.0,200,77,0,3,1.0,200,77,0.2,0.2,0,1298,1298,3061,3061,1.7,1.7,0.0,0.02,0.02,0.44,0.0,0.45,0.45,9.9,0.0,377,160,0.7,235,82,0.0,319,141,0.0,393,160,,,,1,,Destiny,Udogie,Udogie,,,4,0,0,0,0,0,0,0,0,0,0,0,0,,,,0,0.0,0.0,0.0,0.0,0,0,2
508,a,,,4.0,549,154,0,0,0,0,1.1,191,72,0,0,0.0,302,100,0,0,0.0,302,100,0.0,0.0,0,2043,2043,5826,5826,1.0,1.0,0.0,0.0,0.0,0.0,0.0,0.0,0.0,0.0,0.0,289,105,0.0,286,104,0.0,204,69,0.0,305,105,,,,1,,Ben,Davies,Davies,,,0,0,0,0,0,0,0,0,0,0,0,0,0,,,,0,0.0,0.0,0.0,0.0,0,0,0
518,i,0.0,0.0,5.0,324,189,0,0,0,0,0.2,356,130,0,0,0.0,498,201,0,0,0.0,498,201,0.0,0.0,0,36,36,7481,7481,0.0,0.0,0.0,0.0,0.0,0.0,0.0,0.0,0.0,0.0,0.0,486,193,0.0,498,202,0.0,453,169,0.0,502,200,,,,1,,Pape Matar,Sarr,P.M.Sarr,Hamstring injury - Unknown return date,,0,0,0,0,0,0,0,0,0,0,0,0,0,,,,0,0.0,0.0,0.0,0.0,0,0,0
509,a,,,4.0,609,201,0,0,0,0,0.1,482,168,0,0,0.0,344,129,0,0,0.0,344,129,0.0,0.0,0,239,239,372,372,1.0,1.0,0.0,0.0,0.0,0.0,0.0,0.0,0.0,0.0,0.0,331,134,0.0,332,137,0.0,255,107,0.0,348,135,,,,1,,Jun'ai,Byfield,Byfield,,,0,0,0,0,0,0,0,0,0,0,0,0,0,,,,0,0.0,0.0,0.0,0.0,0,0,0
510,a,,,4.0,587,181,0,0,0,0,0.1,443,156,0,0,0.0,326,113,0,0,0.0,326,113,0.0,0.0,0,232,232,480,480,1.0,1.0,0.0,0.0,0.0,0.0,0.0,0.0,0.0,0.0,0.0,313,118,0.0,313,120,0.0,234,88,0.0,330,119,,,,1,,James,Rowswell,Rowswell,,,0,0,0,0,0,0,0,0,0,0,0,0,0,,,,0,0.0,0.0,0.0,0.0,0,0,0
511,a,,,4.0,608,200,0,0,0,0,0.3,299,112,0,0,0.0,343,128,0,0,0.0,343,128,0.0,0.0,0,816,816,1785,1785,1.0,1.0,0.0,0.0,0.0,0.0,0.0,0.0,0.0,0.0,0.0,330,133,0.0,331,136,0.0,254,106,0.0,347,134,,,,1,,João Victor,de Souza Menezes,Souza,,,0,0,0,0,0,0,0,0,0,0,0,0,0,,,,0,0.0,0.0,0.0,0.0,0,0,0
512,d,50.0,25.0,6.5,47,33,0,0,0,0,0.1,446,177,0,0,0.0,599,263,0,0,0.0,599,263,0.0,0.0,0,216,216,1600,1600,1.1,0.6,0.0,0.0,0.0,0.0,0.0,0.0,0.0,0.0,0.0,601,263,0.0,603,264,0.0,601,262,0.0,603,264,5.0,3.0,2.0,1,,Mohammed,Kudus,Kudus,Thigh injury - 50% chance of playing,,0,0,0,0,0,0,0,0,0,0,0,0,0,,,,0,0.0,0.0,0.0,0.0,0,0,0
513,i,0.0,0.0,6.0,97,62,0,0,0,0,0.0,566,238,0,0,0.0,587,254,0,0,0.0,587,254,0.0,0.0,0,51,51,267,267,0.0,0.0,0.0,0.0,0.0,0.0,0.0,0.0,0.0,0.0,0.0,588,253,0.0,592,256,0.0,586,250,0.0,592,256,6.0,2.0,3.0,1,,Xavi,Simons,Xavi,Knee injury - Unknown return date,,0,0,0,0,0,0,0,0,0,0,0,0,0,,,,0,0.0,0.0,0.0,0.0,0,0,0
514,a,,,6.0,99,64,0,0,0,0,0.5,252,83,2,2,2.0,158,78,0,17,2.0,158,78,0.3,0.3,0,1824,1824,5164,5164,2.2,2.2,0.06,0.06,0.12,3.87,0.06,0.06,0.12,3.87,10.4,162,59,26.0,44,30,9.0,93,45,4.5,89,47,4.0,4.0,,1,,Mathys,Tel,Tel,,,90,0,0,0,3,0,0,0,0,0,0,1,8,,,,0,0.0,3.0,1.0,8.0,0,1,7
515,d,75.0,,6.5,34,22,0,0,0,0,1.2,175,54,1,1,1.0,284,134,0,6,1.0,284,134,0.2,0.2,0,2628,2628,16652,16652,1.7,2.3,0.0,0.01,0.01,0.85,0.0,0.04,0.04,3.48,4.4,219,94,8.3,129,76,8.0,101,51,2.1,174,80,,,,1,,James,Maddison,Maddison,Shoulder injury - 75% chance of playing,,22,0,0,0,0,0,0,0,0,0,0,0,2,,,,0,0.0,0.0,0.0,8.18,0,1,1
516,a,,,5.5,135,84,0,0,0,0,0.2,346,124,1,1,1.0,247,113,0,8,1.0,247,113,0.2,0.2,0,351,351,1237,1237,2.0,2.0,0.0,0.01,0.01,2.18,0.0,0.02,0.02,4.36,2.0,253,115,14.7,84,54,0.0,522,212,1.7,199,88,,,,1,,Rodrigo,Bentancur,Bentancur,,,45,0,0,0,1,0,0,0,0,0,0,0,5,,,,0,0.0,2.0,0.0,10.0,3,0,2
517,i,0.0,0.0,5.5,210,132,0,0,0,0,0.0,609,267,0,0,0.0,571,246,0,0,0.0,571,246,0.0,0.0,0,8,8,13,13,0.0,0.0,0.0,0.0,0.0,0.0,0.0,0.0,0.0,0.0,0.0,563,242,0.0,574,248,0.0,562,239,0.0,575,247,,,,1,,Wilson,Odobert,Odobert,Knee injury - Unknown return date,,0,0,0,0,0,0,0,0,0,0,0,0,0,,,,0,0.0,0.0,0.0,0.0,0,0,0
519,a,,,5.5,149,92,0,0,0,0,0.3,302,103,0,0,0.0,552,233,0,1,0.0,552,233,0.0,0.0,0,763,763,2877,2877,2.0,2.0,0.02,0.06,0.08,1.7,0.04,0.12,0.16,3.4,0.0,541,227,5.5,143,85,1.0,191,97,0.5,259,118,,,,1,,Conor,Gallagher,Gallagher,,,45,0,0,0,2,0,0,0,1,0,0,1,3,,,,0,0.0,4.0,2.0,6.0,1,0,2
537,a,,,4.5,497,137,0,0,0,0,0.0,581,198,0,0,0.0,402,158,0,0,0.0,402,158,0.0,0.0,0,43,43,76,76,1.7,1.7,0.0,0.0,0.0,0.0,0.0,0.0,0.0,0.0,0.0,390,164,0.0,397,165,0.0,335,147,0.0,406,164,,,,1,,Jenson,Seelt,Seelt,,,0,0,0,0,0,0,0,0,0,0,0,0,0,,,,0,0.0,0.0,0.0,0.0,0,0,0
520,a,,,5.5,213,134,0,0,0,0,0.2,337,120,1,1,1.0,268,124,0,2,1.0,268,124,0.2,0.2,0,434,434,1374,1374,2.0,2.0,0.0,0.01,0.01,1.7,0.0,0.02,0.02,3.4,0.0,565,243,2.0,187,109,2.0,180,90,0.0,577,248,,,,1,,Lucas,Bergvall,Bergvall,,,45,0,0,0,2,0,0,0,0,0,0,1,8,,,,0,0.0,4.0,2.0,16.0,1,0,7
521,i,0.0,0.0,6.5,45,32,0,0,0,0,0.0,583,247,0,0,0.0,597,262,0,0,0.0,597,262,0.0,0.0,0,53,53,164,164,0.0,0.0,0.0,0.0,0.0,0.0,0.0,0.0,0.0,0.0,0.0,599,262,0.0,601,263,0.0,599,261,0.0,601,263,,,,1,,Dejan,Kulusevski,Kulusevski,Knee injury - Unknown return date,,0,0,0,0,0,0,0,0,0,0,0,0,0,,,,0,0.0,0.0,0.0,0.0,0,0,0
522,a,,,5.0,369,218,0,0,0,0,0.2,327,115,2,2,2.0,134,61,0,15,2.0,134,61,0.4,0.4,0,1107,1107,1634,1634,1.5,1.5,0.0,0.01,0.01,3.43,0.0,0.01,0.01,3.63,6.2,197,78,3.3,163,95,0.0,482,186,1.0,235,106,,,,1,,Archie,Gray,Gray,,,85,0,0,0,3,0,0,0,0,0,0,1,5,,,,0,0.0,3.18,1.06,5.29,1,2,2
523,a,,,5.0,344,198,0,0,0,0,0.2,362,134,2,2,2.0,132,59,0,10,2.0,132,59,0.4,0.4,0,594,594,1455,1455,1.5,1.5,0.38,0.02,0.4,3.02,0.51,0.03,0.54,4.06,14.2,123,40,5.9,140,84,55.0,4,3,7.5,35,20,,,,1,,Mikey,Moore,Moore,,,67,0,0,0,3,0,0,0,0,0,0,1,2,,,,0,0.0,4.03,1.34,2.69,1,0,1
524,a,,,4.5,489,252,0,0,0,0,0.8,211,70,0,0,0.0,395,152,0,0,0.0,395,152,0.0,0.0,0,1688,1688,6559,6559,1.0,1.0,0.0,0.0,0.0,0.0,0.0,0.0,0.0,0.0,0.0,383,145,0.0,390,155,0.0,327,113,0.0,399,152,,,,1,,Callum,Olusesi,Olusesi,,,0,0,0,0,0,0,0,0,0,0,0,0,0,,,,0,0.0,0.0,0.0,0.0,0,0,0
525,a,,,6.0,104,67,0,0,0,0,1.7,140,41,1,1,1.0,282,132,0,16,1.0,282,132,0.2,0.2,0,2493,2493,20265,20265,2.2,2.2,0.0,0.06,0.06,2.18,0.0,0.12,0.12,4.36,7.2,186,73,27.2,37,27,2.0,186,94,3.6,114,57,,,,1,,Mateus,Fernandes,Fernandes,,,45,0,0,0,1,0,0,0,0,0,0,0,2,,,,0,0.0,2.0,0.0,4.0,1,0,1
526,a,,,6.0,61,15,0,0,0,0,1.4,168,25,1,1,1.0,272,31,0,3,1.0,272,31,0.2,0.2,0,3186,3186,12856,12856,2.0,2.0,0.07,0.0,0.07,0.85,0.29,0.0,0.29,3.48,0.0,574,60,0.0,582,64,5.0,127,24,0.5,260,27,,,1.0,1,,Dominic,Solanke-Mitchell,Solanke,,,22,0,0,0,0,0,0,0,0,0,0,0,0,,,,0,0.0,0.0,0.0,0.0,0,0,0
527,a,,,6.0,71,18,0,0,0,0,3.0,104,13,2,2,2.0,153,13,0,6,2.0,153,13,0.3,0.3,0,8641,8641,22717,22717,2.0,2.0,0.0,0.0,0.0,3.02,0.0,0.0,0.0,4.06,0.0,579,63,2.2,182,22,0.0,575,65,0.2,286,31,,,4.0,1,,Richarlison,de Andrade,Richarlison,,,67,0,0,0,3,0,0,0,0,0,0,1,1,,,,0,0.0,4.03,1.34,1.34,0,1,0
528,a,,,4.5,484,62,0,0,0,0,1.7,139,21,0,0,0.0,390,35,0,0,0.0,390,35,0.0,0.0,0,8648,8648,11454,11454,1.0,1.0,0.0,0.0,0.0,0.0,0.0,0.0,0.0,0.0,0.0,378,24,0.0,385,32,0.0,322,30,0.0,394,33,,,,1,,Dane,Scarlett,Scarlett,,,0,0,0,0,0,0,0,0,0,0,0,0,0,,,,0,0.0,0.0,0.0,0.0,0,0,0
601,a,,,4.5,530,264,0,0,0,0,0.1,478,198,0,0,0.0,427,162,0,0,0.0,427,162,0.0,0.0,0,1730,1730,341,341,1.0,1.0,0.0,0.0,0.0,0.0,0.0,0.0,0.0,0.0,0.0,416,155,0.0,422,165,0.0,363,124,0.0,432,162,,,,1,,Luca,Williams-Barnett,Williams-Barnett,,,0,0,0,0,0,0,0,0,0,0,0,0,0,,,,0,0.0,0.0,0.0,0.0,0,0,0
529,a,,,5.0,341,20,0,0,0,0,4.1,79,11,1,1,1.0,223,20,0,7,1.0,223,20,0.2,0.2,0,2910,2910,17635,17635,2.6,2.6,0.0,0.0,0.0,1.8,0.0,0.0,0.0,1.8,15.2,114,15,0.0,511,62,0.0,468,62,1.5,209,15,,,,1,,Robin,Roefs,Roefs,,,90,0,0,0,2,0,0,0,0,0,1,1,0,,,,1,0.0,2.0,1.0,0.0,0,1,8
530,u,0.0,0.0,4.0,569,59,0,0,0,0,0.2,369,39,0,0,0.0,313,32,0,0,0.0,313,32,0.0,0.0,0,0,0,1854,1854,0.0,0.0,0.0,0.0,0.0,0.0,0.0,0.0,0.0,0.0,0.0,300,32,0.0,299,12,0.0,219,12,0.0,317,32,,,,1,,Anthony,Patterson,Patterson,Has joined Wrexham permanently,,0,0,0,0,0,0,0,0,0,0,0,0,0,,,,0,0.0,0.0,0.0,0.0,0,0,0
531,a,,,4.5,495,44,0,0,0,0,0.1,427,47,0,0,0.0,401,55,0,0,0.0,401,55,0.0,0.0,0,141,141,553,553,1.9,1.9,0.0,0.0,0.0,0.0,0.0,0.0,0.0,0.0,0.0,389,55,0.0,396,43,0.0,333,43,0.0,405,55,,,,1,,Melker,Ellborg,Ellborg,,,0,0,0,0,0,0,0,0,0,0,0,0,0,,,,0,0.0,0.0,0.0,0.0,0,0,0
532,a,,,5.0,280,51,0,0,0,0,5.3,68,28,0,0,0.0,467,177,0,4,0.0,467,177,0.0,0.0,0,8025,8025,29466,29466,2.2,2.2,0.0,0.01,0.01,1.8,0.0,0.01,0.01,1.8,18.2,95,40,1.2,213,70,0.0,416,171,1.9,184,72,,,,1,,Daniel,Ballard,Ballard,,,90,0,0,0,2,0,0,0,1,0,0,1,9,,,,0,0.0,2.0,1.0,9.0,2,7,0
533,a,100.0,100.0,5.5,134,14,0,0,0,0,2.7,111,43,0,0,0.0,544,192,0,0,0.0,544,192,0.0,0.0,0,3982,3982,22210,22210,2.5,2.5,0.0,0.0,0.0,0.0,0.0,0.0,0.0,0.0,0.0,534,198,0.0,549,198,0.0,521,190,0.0,550,198,,,,1,,Nordi,Mukiele,Mukiele,,,0,0,0,0,0,0,0,0,0,0,0,0,0,,,,0,0.0,0.0,0.0,0.0,0,0,0
534,a,,,4.5,481,131,0,0,0,0,6.6,58,22,2,2,2.0,117,45,0,14,2.0,117,45,0.4,0.4,0,8343,8343,24216,24216,1.7,1.7,0.04,0.27,0.31,1.69,0.05,0.31,0.36,1.93,9.4,169,73,39.4,17,3,13.0,75,20,6.2,51,13,3.0,,,1,,Trai,Hume,Hume,,,79,0,0,0,1,0,0,0,0,0,0,1,4,,,,0,0.0,1.14,1.14,4.56,3,1,6
535,a,100.0,100.0,5.0,258,42,0,0,0,0,0.5,261,99,1,1,1.0,213,85,0,2,1.0,213,85,0.2,0.2,0,1933,1933,2898,2898,2.2,2.2,0.0,0.01,0.01,0.1,0.0,0.04,0.04,0.39,0.0,448,179,0.6,240,86,0.0,401,163,0.0,464,179,,,,1,,Omar,Alderete,Alderete,,,23,0,0,0,1,0,0,0,0,0,0,0,0,,,,0,0.0,3.91,0.0,0.0,0,0,2
536,a,,,4.5,463,121,0,0,0,0,0.5,258,97,1,1,1.0,192,71,0,9,1.0,192,71,0.2,0.2,0,605,605,1982,1982,1.7,1.7,0.0,0.29,0.29,1.8,0.0,0.29,0.29,1.8,23.0,74,34,27.5,36,10,4.0,131,43,5.5,62,20,,,,1,,Reinildo,Mandava,Reinildo,,,90,0,0,0,2,0,0,0,0,0,0,1,8,,,,0,0.0,2.0,1.0,8.0,3,5,5
538,u,0.0,0.0,4.0,582,178,0,0,0,0,0.1,479,166,0,0,0.0,321,110,0,0,0.0,321,110,0.0,0.0,0,0,0,767,767,0.0,0.0,0.0,0.0,0.0,0.0,0.0,0.0,0.0,0.0,0.0,308,115,0.0,308,117,0.0,229,85,0.0,325,116,,,,1,,Leo Fuhr,Hjelde,Hjelde,Has joined KV Mechelen on loan for the rest of the season,,0,0,0,0,0,0,0,0,0,0,0,0,0,,,,0,0.0,0.0,0.0,0.0,0,0,0
539,a,,,4.0,553,157,0,0,0,0,3.5,93,38,1,1,1.0,174,54,0,1,1.0,174,54,0.2,0.2,0,3350,3350,10799,10799,1.0,1.0,0.01,0.01,0.02,1.69,0.01,0.01,0.02,2.3,11.4,150,71,1.4,200,64,4.0,129,41,1.7,195,76,,,,1,,Luke,O'Nien,O'Nien,,,66,0,0,0,1,0,0,0,1,0,0,1,5,,,,0,0.0,1.36,1.36,6.82,1,4,4
540,u,0.0,0.0,4.0,546,152,0,0,0,0,0.2,331,125,0,0,0.0,300,99,0,0,0.0,300,99,0.0,0.0,0,0,0,3716,3716,0.0,0.0,0.0,0.0,0.0,0.0,0.0,0.0,0.0,0.0,0.0,287,104,0.0,284,103,0.0,202,68,0.0,303,104,,,,1,,Arthur,Masuaku,Masuaku,Has joined Konyaspor permanently,,0,0,0,0,0,0,0,0,0,0,0,0,0,,,,0,0.0,0.0,0.0,0.0,0,0,0
541,a,100.0,100.0,4.5,406,82,0,0,0,0,0.3,297,110,1,1,1.0,184,63,0,5,1.0,184,63,0.2,0.2,0,663,663,1033,1033,1.7,1.7,0.08,0.08,0.16,1.8,0.08,0.08,0.16,1.8,13.8,126,58,5.3,144,43,11.0,80,24,3.0,131,50,,,,1,,Thomas,Meunier,Meunier,,,90,0,0,0,2,0,0,0,0,0,0,1,4,,,,0,0.0,2.0,1.0,4.0,2,2,3
542,a,,,6.0,94,59,0,0,0,0,9.2,45,18,2,2,2.0,156,76,0,13,2.0,156,76,0.3,0.3,0,6875,6875,68975,68975,2.2,2.2,0.0,0.03,0.03,1.69,0.0,0.03,0.03,1.93,4.6,218,93,9.9,124,72,0.0,583,247,1.5,211,94,1.0,2.0,2.0,1,,Enzo,Le Fée,E.Le Fée,,,79,0,0,0,1,0,0,0,0,0,0,1,2,,,,0,0.0,1.14,1.14,2.28,1,0,1
543,a,,,5.5,206,128,0,0,0,0,0.1,454,183,1,1,1.0,265,121,0,3,1.0,265,121,0.2,0.2,0,201,201,730,730,2.0,2.0,0.03,0.0,0.03,0.1,0.27,0.0,0.27,0.9,0.4,275,130,0.6,247,131,2.0,179,89,0.3,279,132,,,1.0,1,,Habib,Diarra,Diarra,,,10,0,0,0,1,0,0,0,0,0,0,0,0,,,,0,0.0,9.0,0.0,0.0,0,0,0
544,a,,,5.5,115,75,0,0,0,0,4.6,73,24,9,9,9.0,22,11,2,31,9.0,22,11,1.6,1.6,0,24622,24622,10823,10823,2.0,2.0,0.0,0.09,0.09,1.8,0.0,0.09,0.09,1.8,18.8,90,30,31.4,24,19,0.0,506,204,5.0,76,41,2.0,1.0,,1,,Granit,Xhaka,Xhaka,,,90,0,1,0,2,0,0,0,0,0,0,1,13,,,,0,0.0,2.0,1.0,13.0,3,2,8
545,a,,,5.0,379,225,0,0,0,0,0.3,288,96,2,2,2.0,135,62,0,18,2.0,135,62,0.4,0.4,0,755,755,2251,2251,1.5,1.5,0.06,0.03,0.09,1.8,0.06,0.03,0.09,1.8,14.6,116,38,32.1,23,18,25.0,36,20,7.2,42,24,,,,1,,Noah,Sadiki,Sadiki,,,90,0,0,0,2,0,0,0,0,0,0,1,2,,,,0,0.0,2.0,1.0,2.0,0,0,2
546,i,0.0,0.0,5.0,361,210,0,0,0,0,0.1,455,184,0,0,0.0,517,211,0,0,0.0,517,211,0.0,0.0,0,38,38,2591,2591,0.0,0.0,0.0,0.0,0.0,0.0,0.0,0.0,0.0,0.0,0.0,505,203,0.0,518,212,0.0,476,180,0.0,521,210,,,,1,,Simon,Adingra,Adingra,Ankle injury - Unknown return date,,0,0,0,0,0,0,0,0,0,0,0,0,0,,,,0,0.0,0.0,0.0,0.0,0,0,0
547,a,,,5.0,312,183,0,0,0,0,0.0,588,250,0,0,0.0,493,197,0,0,0.0,493,197,0.0,0.0,0,30,30,107,107,1.5,1.5,0.0,0.0,0.0,0.0,0.0,0.0,0.0,0.0,0.0,481,189,0.0,491,198,0.0,444,164,0.0,497,196,,,,1,,Romaine,Mundle,Mundle,,,0,0,0,0,0,0,0,0,0,0,0,0,0,,,,0,0.0,0.0,0.0,0.0,0,0,0
548,a,,,5.0,374,221,0,0,0,0,0.1,459,186,1,1,1.0,231,101,0,3,1.0,231,101,0.2,0.2,0,76,76,365,365,1.5,1.5,0.0,0.0,0.0,0.1,0.0,0.0,0.0,0.9,0.0,515,211,0.3,262,138,0.0,487,189,0.0,531,218,,,,1,,Chris,Rigg,Rigg,,,10,0,0,0,1,0,0,0,0,0,0,0,1,,,,0,0.0,9.0,0.0,9.0,0,0,1
549,a,,,5.5,208,130,0,0,0,0,0.2,329,116,1,1,1.0,266,122,0,1,1.0,266,122,0.2,0.2,0,208,208,1692,1692,2.0,2.0,0.0,0.0,0.0,0.14,0.0,0.0,0.0,0.41,0.0,562,241,0.9,225,125,0.0,561,238,0.0,574,246,,,,1,,Chemsdine,Talbi,Talbi,,,31,0,0,0,1,0,0,0,0,0,0,0,2,,,,0,0.0,2.9,0.0,5.81,0,0,2
550,a,,,5.0,397,237,0,0,0,0,0.0,594,255,0,0,0.0,535,224,0,0,0.0,535,224,0.0,0.0,0,36,36,63,63,1.5,1.5,0.0,0.0,0.0,0.0,0.0,0.0,0.0,0.0,0.0,525,218,0.0,538,227,0.0,504,202,0.0,541,225,,,,1,,Djiamgone Jocelin Ta,Bi,Jocelin.T,,,0,0,0,0,0,0,0,0,0,0,0,0,0,,,,0,0.0,0.0,0.0,0.0,0,0,0
551,a,,,5.0,363,212,0,0,0,0,0.1,412,161,5,5,5.0,67,27,0,23,5.0,67,27,1.0,1.0,0,3353,3353,829,829,1.5,1.5,0.15,0.01,0.16,1.66,0.23,0.02,0.25,2.58,32.8,45,20,3.3,162,94,16.0,64,34,5.2,71,38,,3.0,,1,,Nilson,Angulo,Angulo,,,58,1,0,0,1,0,0,0,1,0,0,1,7,,,,0,0.0,1.55,1.55,10.86,1,1,5
552,a,,,6.0,82,21,0,0,0,0,13.3,30,6,2,2,2.0,154,14,0,1,2.0,154,14,0.3,0.3,0,23785,23785,66728,66728,2.0,2.0,0.3,0.0,0.3,1.69,0.41,0.0,0.41,2.3,0.0,581,64,1.5,198,23,9.0,92,18,1.1,233,22,,,,1,,Brian,Brobbey,Brobbey,,,66,0,0,0,1,0,0,0,0,0,0,1,0,,,,0,0.0,1.36,1.36,0.0,0,0,0
553,a,,,5.5,161,38,0,0,0,0,0.9,202,33,1,1,1.0,253,26,0,3,1.0,253,26,0.2,0.2,0,1589,1589,7552,7552,1.8,1.8,0.0,0.0,0.0,0.1,0.0,0.0,0.0,0.39,0.0,543,50,0.2,271,30,0.0,534,57,0.0,557,58,,,,1,,Wilson,Isidor,Isidor,,,23,0,0,0,1,0,0,0,0,0,0,0,0,,,,0,0.0,3.91,0.0,0.0,0,0,0
612,a,,,4.5,535,150,0,0,0,0,0.0,611,204,0,0,0.0,432,166,0,0,0.0,432,166,0.0,0.0,0,29,29,6,6,1.7,1.7,0.0,0.0,0.0,0.0,0.0,0.0,0.0,0.0,0.0,421,172,0.0,427,173,0.0,368,156,0.0,437,172,,,,1,,Dayann,Méthalie,Methalie,,,0,0,0,0,0,0,0,0,0,0,0,0,0,,,,0,0.0,0.0,0.0,0.0,0,0,0
