data_commit_sha,player_code,player_id,first_name,second_name,web_name,team_code,team,team_short_name,position,status,excluded,now_cost,selected_by_percent,GW3_predicted_points,GW4_predicted_points,GW5_predicted_points,GW6_predicted_points,GW7_predicted_points,weighted_score,predicted_value,confidence,confidence_score,data_coverage,current_season_matches,cold_start,promoted_elo_fallback,baseline,baseline_rolling_points,baseline_ep_next,drivers,recommended_squad,current_squad,GW3_lineup,GW3_captain,GW3_vice_captain,current_GW3_lineup,current_GW3_captain,current_GW3_vice_captain,GW4_lineup,GW4_captain,GW4_vice_captain,current_GW4_lineup,current_GW4_captain,current_GW4_vice_captain,GW5_lineup,GW5_captain,GW5_vice_captain,current_GW5_lineup,current_GW5_captain,current_GW5_vice_captain,GW6_lineup,GW6_captain,GW6_vice_captain,current_GW6_lineup,current_GW6_captain,current_GW6_vice_captain,GW7_lineup,GW7_captain,GW7_vice_captain,current_GW7_lineup,current_GW7_captain,current_GW7_vice_captain
ca9f902dba0a551f7010f2afceb6fbc5a1e10681,141746,426,Bruno,Borges Fernandes,B.Fernandes,1,Man Utd,MUN,Midfielder,a,False,12.0,47.3,6.0506,5.1648,6.0506,6.7074,6.0506,23.865,1.9888,high,1.0,1.0,2,0,0,10.2,10.2,12.5,5-GW avg pts 10.20; mins 90; xGI 0.80; current GWs 2; fixture Elo diff +83,True,True,True,True,False,True,True,False,True,False,True,True,False,True,True,True,False,True,True,False,True,True,False,True,True,False,True,True,False,True,True,False
ca9f902dba0a551f7010f2afceb6fbc5a1e10681,223094,411,Erling,Haaland,Haaland,43,Man City,MCI,Forward,a,False,15.5,69.4,5.4001,4.233,5.3666,4.233,5.4001,19.7061,1.2714,high,0.85,1.0,2,0,1,7.0,7.0,7.5,5-GW avg pts 7.00; mins 72; xGI 0.70; current GWs 2; fixture Elo diff +192,False,False,False,False,False,False,False,False,False,False,False,False,False,False,False,False,False,False,False,False,False,False,False,False,False,False,False,False,False,False,False,False
ca9f902dba0a551f7010f2afceb6fbc5a1e10681,446008,427,Bryan,Mbeumo,Mbeumo,1,Man Utd,MUN,Midfielder,a,False,8.0,32.7,5.1383,3.9948,5.1383,5.3479,5.1383,19.6708,2.4588,high,1.0,1.0,2,0,0,6.0,6.0,6.5,5-GW avg pts 6.00; mins 69; xGI 1.22; current GWs 2; fixture Elo diff +83,True,True,True,False,True,True,False,True,True,False,False,True,False,False,True,False,False,True,False,False,True,False,True,True,False,True,True,False,False,True,False,False
ca9f902dba0a551f7010f2afceb6fbc5a1e10681,437730,397,Antoine,Semenyo,Semenyo,43,Man City,MCI,Midfielder,a,False,8.5,22.4,5.085,4.094,4.7435,4.094,5.085,18.4812,2.1743,high,0.85,1.0,2,0,1,5.2,5.2,3.5,5-GW avg pts 5.20; mins 94; xGI 0.31; current GWs 2; fixture Elo diff +192,True,False,True,False,False,False,False,False,True,False,False,False,False,False,True,False,False,False,False,False,True,False,False,False,False,False,True,False,False,False,False,False
ca9f902dba0a551f7010f2afceb6fbc5a1e10681,475168,165,João Pedro,Junqueira de Jesus,João Pedro,8,Chelsea,CHE,Forward,a,False,7.6,69.2,2.3871,5.6219,5.3781,4.5107,5.2388,18.0501,2.375,high,0.85,1.0,2,0,1,4.6,4.6,10.0,5-GW avg pts 4.60; mins 72; xGI 0.55; current GWs 2; fixture Elo diff -17,True,True,False,False,False,True,False,False,True,True,False,True,True,False,True,False,True,True,False,True,True,False,False,True,False,False,True,False,True,True,False,True
ca9f902dba0a551f7010f2afceb6fbc5a1e10681,466052,399,Rayan,Cherki,Cherki,43,Man City,MCI,Midfielder,a,False,7.6,18.3,5.106,3.719,4.8002,3.719,5.106,17.9601,2.3632,high,0.85,1.0,2,0,1,5.8,5.8,11.0,5-GW avg pts 5.80; mins 49; xGI 0.45; current GWs 2; fixture Elo diff +192,True,False,True,False,False,False,False,False,True,False,False,False,False,False,True,False,False,False,False,False,True,False,False,False,False,False,True,False,False,False,False,False
ca9f902dba0a551f7010f2afceb6fbc5a1e10681,209244,398,Phil,Foden,Foden,43,Man City,MCI,Midfielder,a,False,7.0,4.4,5.0837,3.6598,4.5455,3.6598,5.0837,17.6261,2.518,high,0.85,1.0,2,0,1,5.2,5.2,5.0,5-GW avg pts 5.20; mins 81; xGI 0.65; current GWs 2; fixture Elo diff +192,False,False,False,False,False,False,False,False,False,False,False,False,False,False,False,False,False,False,False,False,False,False,False,False,False,False,False,False,False,False,False,False
ca9f902dba0a551f7010f2afceb6fbc5a1e10681,219168,379,Alexander,Isak,Isak,14,Liverpool,LIV,Forward,a,False,9.0,16.2,4.3813,4.6303,4.2781,3.8284,4.4654,17.3302,1.9256,high,0.85,1.0,2,0,1,2.2,2.2,5.0,5-GW avg pts 2.20; mins 41; xGI 0.42; current GWs 2; fixture Elo diff +79,False,False,False,False,False,False,False,False,False,False,False,False,False,False,False,False,False,False,False,False,False,False,False,False,False,False,False,False,False,False,False,False
ca9f902dba0a551f7010f2afceb6fbc5a1e10681,424876,368,Dominik,Szoboszlai,Szoboszlai,14,Liverpool,LIV,Midfielder,a,False,7.0,42.5,4.64,4.5171,3.8195,3.685,4.4487,17.0097,2.43,high,0.85,1.0,2,0,1,5.0,5.0,6.0,5-GW avg pts 5.00; mins 90; xGI 0.61; current GWs 2; fixture Elo diff +79,True,True,True,False,False,True,False,False,True,False,False,True,False,False,True,False,False,True,False,False,False,False,False,True,False,False,True,False,False,True,False,False
ca9f902dba0a551f7010f2afceb6fbc5a1e10681,502500,106,Igor Thiago,Nascimento Rodrigues,Thiago,94,Brentford,BRE,Forward,a,False,8.0,15.5,4.7971,4.0984,4.6332,3.3969,3.5132,16.678,2.0847,high,1.0,1.0,2,0,0,1.6,1.6,1.0,5-GW avg pts 1.60; mins 88; xGI 0.46; current GWs 2; fixture Elo diff -17,True,True,True,False,False,True,False,False,True,False,False,True,False,False,True,False,False,True,False,False,False,False,False,True,False,False,False,False,False,True,False,False
ca9f902dba0a551f7010f2afceb6fbc5a1e10681,219847,26,Kai,Havertz,Havertz,3,Arsenal,ARS,Forward,a,False,7.5,7.5,4.2922,4.05,4.0131,4.0969,3.9182,16.3664,2.1822,high,1.0,1.0,1,0,0,3.8,3.8,2.4,5-GW avg pts 3.80; mins 46; xGI 0.32; current GWs 1; fixture Elo diff +258,False,False,False,False,False,False,False,False,False,False,False,False,False,False,False,False,False,False,False,False,False,False,False,False,False,False,False,False,False,False,False,False
ca9f902dba0a551f7010f2afceb6fbc5a1e10681,222531,480,Morgan,Gibbs-White,Gibbs-White,17,Nott'm Forest,NFO,Midfielder,a,False,7.9,8.7,4.6045,3.5612,4.7971,4.2723,2.7126,16.2654,2.0589,high,0.85,1.0,2,0,1,6.2,6.2,7.5,5-GW avg pts 6.20; mins 72; xGI 0.49; current GWs 2; fixture Elo diff -24,False,False,False,False,False,False,False,False,False,False,False,False,False,False,False,False,False,False,False,False,False,False,False,False,False,False,False,False,False,False,False,False
ca9f902dba0a551f7010f2afceb6fbc5a1e10681,551466,569,Gonzalo,García,Gonzalo,54,Fulham,FUL,Forward,a,False,6.0,4.4,4.0818,3.2695,3.4082,4.8823,4.9847,16.1594,2.6932,low,0.34,0.4,2,0,1,4.0,4.0,4.0,5-GW avg pts 4.00; mins 90; xGI 0.51; current GWs 2; fixture Elo diff +21,True,False,True,False,False,False,False,False,False,False,False,False,False,False,False,False,False,False,False,False,True,False,False,False,False,False,True,False,False,False,False,False
ca9f902dba0a551f7010f2afceb6fbc5a1e10681,171314,390,Rúben,dos Santos Gato Alves Dias,Rúben,43,Man City,MCI,Defender,a,False,5.5,1.8,4.4175,3.4341,4.1684,3.4341,4.4175,15.8972,2.8904,high,0.85,1.0,2,0,1,1.0,1.0,2.0,5-GW avg pts 1.00; mins 54; xGI 0.16; current GWs 2; fixture Elo diff +192,True,False,True,False,False,False,False,False,True,False,False,False,False,False,True,False,False,False,False,False,False,False,False,False,False,False,True,False,False,False,False,False
ca9f902dba0a551f7010f2afceb6fbc5a1e10681,494595,366,Florian,Wirtz,Wirtz,14,Liverpool,LIV,Midfielder,a,False,7.5,10.7,4.1456,4.2549,3.92,3.1611,4.1436,15.8099,2.108,high,0.85,1.0,2,0,1,1.6,1.6,3.0,5-GW avg pts 1.60; mins 39; xGI 0.30; current GWs 2; fixture Elo diff +79,False,False,False,False,False,False,False,False,False,False,False,False,False,False,False,False,False,False,False,False,False,False,False,False,False,False,False,False,False,False,False,False
ca9f902dba0a551f7010f2afceb6fbc5a1e10681,244851,154,Cole,Palmer,Palmer,8,Chelsea,CHE,Midfielder,a,False,9.6,17.6,2.4805,4.5683,4.4437,4.194,4.4437,15.749,1.6405,high,0.85,1.0,2,0,1,6.4,6.4,10.0,5-GW avg pts 6.40; mins 88; xGI 0.37; current GWs 2; fixture Elo diff -17,False,False,False,False,False,False,False,False,False,False,False,False,False,False,False,False,False,False,False,False,False,False,False,False,False,False,False,False,False,False,False,False
ca9f902dba0a551f7010f2afceb6fbc5a1e10681,244850,40,Morgan,Rogers,Rogers,8,Chelsea,CHE,Midfielder,a,False,7.5,26.0,2.7303,4.6586,4.274,4.0436,4.274,15.7372,2.0983,high,0.85,1.0,2,0,1,5.4,5.4,6.5,5-GW avg pts 5.40; mins 70; xGI 0.54; current GWs 2; fixture Elo diff -17,False,False,False,False,False,False,False,False,False,False,False,False,False,False,False,False,False,False,False,False,False,False,False,False,False,False,False,False,False,False,False,False
ca9f902dba0a551f7010f2afceb6fbc5a1e10681,500040,11,Cristhian,Mosquera,Mosquera,3,Arsenal,ARS,Defender,a,False,5.5,5.5,3.8652,4.0984,3.6957,3.8658,3.6957,15.4337,2.8061,high,1.0,1.0,1,0,0,3.4,3.4,2.5,5-GW avg pts 3.40; mins 64; xGI 0.02; current GWs 1; fixture Elo diff +258,True,False,True,False,False,False,False,False,True,False,False,False,False,False,True,False,False,False,False,False,True,False,False,False,False,False,False,False,False,False,False,False
ca9f902dba0a551f7010f2afceb6fbc5a1e10681,215379,481,Elliot,Anderson,Anderson,43,Man City,MCI,Midfielder,a,False,6.4,5.7,4.3224,3.2929,4.0034,3.2929,4.3224,15.3872,2.4042,high,0.85,1.0,2,0,1,6.2,6.2,2.5,5-GW avg pts 6.20; mins 77; xGI 0.36; current GWs 2; fixture Elo diff +192,False,False,False,False,False,False,False,False,False,False,False,False,False,False,False,False,False,False,False,False,False,False,False,False,False,False,False,False,False,False,False,False
ca9f902dba0a551f7010f2afceb6fbc5a1e10681,499604,67,Rayan Vitor,Simplício Rocha,Rayan,91,Bournemouth,BOU,Midfielder,a,False,6.5,2.6,3.8829,3.925,3.4098,3.8829,4.0123,15.2686,2.349,high,1.0,1.0,2,0,0,3.6,3.6,2.0,5-GW avg pts 3.60; mins 82; xGI 0.20; current GWs 2; fixture Elo diff +41,False,False,False,False,False,False,False,False,False,False,False,False,False,False,False,False,False,False,False,False,False,False,False,False,False,False,False,False,False,False,False,False
ca9f902dba0a551f7010f2afceb6fbc5a1e10681,153133,261,Alex,Iwobi,Iwobi,54,Fulham,FUL,Midfielder,a,False,5.5,0.9,4.2965,2.995,3.1672,4.3448,4.4498,15.237,2.7704,high,0.85,1.0,2,0,1,1.8,1.8,2.0,5-GW avg pts 1.80; mins 67; xGI 0.25; current GWs 2; fixture Elo diff +21,False,False,False,False,False,False,False,False,False,False,False,False,False,False,False,False,False,False,False,False,False,False,False,False,False,False,False,False,False,False,False,False
ca9f902dba0a551f7010f2afceb6fbc5a1e10681,215413,236,Kiernan,Dewsbury-Hall,Dewsbury-Hall,11,Everton,EVE,Midfielder,a,False,6.5,4.6,3.1143,3.8102,4.304,4.004,3.9263,15.1452,2.33,high,0.85,1.0,2,0,1,4.4,4.4,6.5,5-GW avg pts 4.40; mins 89; xGI 0.31; current GWs 2; fixture Elo diff +32,False,False,False,False,False,False,False,False,False,False,False,False,False,False,False,False,False,False,False,False,False,False,False,False,False,False,False,False,False,False,False,False
ca9f902dba0a551f7010f2afceb6fbc5a1e10681,60307,124,Pascal,Groß,Groß,36,Brighton,BHA,Midfielder,a,False,5.5,13.0,3.9018,4.3157,2.6964,3.8335,4.0319,15.0457,2.7356,high,0.85,1.0,2,0,1,5.2,5.2,7.5,5-GW avg pts 5.20; mins 90; xGI 0.32; current GWs 2; fixture Elo diff +29,False,False,False,False,False,False,False,False,False,False,False,False,False,False,False,False,False,False,False,False,False,False,False,False,False,False,False,False,False,False,False,False
ca9f902dba0a551f7010f2afceb6fbc5a1e10681,439509,557,Christos,Tzolis,Tzolis,3,Arsenal,ARS,Midfielder,a,False,6.5,25.7,3.8094,3.8833,3.5693,3.9054,3.4744,14.9783,2.3043,low,0.2,0.2,1,0,0,6.0,6.0,2.3,5-GW avg pts 6.00; mins 75; xGI 0.33; current GWs 1; fixture Elo diff +258,False,False,False,False,False,False,False,False,False,False,False,False,False,False,False,False,False,False,False,False,False,False,False,False,False,False,False,False,False,False,False,False
ca9f902dba0a551f7010f2afceb6fbc5a1e10681,209036,388,Marc,Guéhi,Guéhi,43,Man City,MCI,Defender,a,False,6.0,19.4,4.2494,3.1172,3.8387,3.1172,4.2494,14.8575,2.4762,high,0.85,1.0,2,0,1,5.8,5.8,6.0,5-GW avg pts 5.80; mins 90; xGI 0.30; current GWs 2; fixture Elo diff +192,False,False,False,False,False,False,False,False,False,False,False,False,False,False,False,False,False,False,False,False,False,False,False,False,False,False,False,False,False,False,False,False
ca9f902dba0a551f7010f2afceb6fbc5a1e10681,483067,566,António João,Pereira de Albuquerque Tavares da Silva,Silva,91,Bournemouth,BOU,Defender,a,False,5.0,0.4,3.684,3.7226,3.3705,3.684,4.2088,14.8349,2.967,low,0.4,0.4,2,0,0,3.0,3.0,3.0,5-GW avg pts 3.00; mins 90; xGI 0.14; current GWs 2; fixture Elo diff +41,False,False,False,False,False,False,False,False,False,False,False,False,False,False,False,False,False,False,False,False,False,False,False,False,False,False,False,False,False,False,False,False
ca9f902dba0a551f7010f2afceb6fbc5a1e10681,513545,565,Mamadou,Sangaré,M.Sangaré,94,Brentford,BRE,Midfielder,a,False,5.6,10.3,4.5122,3.359,4.1819,2.9187,3.091,14.7785,2.639,low,0.4,0.4,2,0,0,9.0,9.0,9.0,5-GW avg pts 9.00; mins 82; xGI 0.31; current GWs 2; fixture Elo diff -17,False,False,False,False,False,False,False,False,False,False,False,False,False,False,False,False,False,False,False,False,False,False,False,False,False,False,False,False,False,False,False,False
ca9f902dba0a551f7010f2afceb6fbc5a1e10681,17761,229,James,Tarkowski,Tarkowski,11,Everton,EVE,Defender,a,False,6.0,9.5,2.8833,3.869,3.9089,4.2161,3.7594,14.6994,2.4499,high,0.85,1.0,2,0,1,7.8,7.8,9.0,5-GW avg pts 7.80; mins 90; xGI 0.21; current GWs 2; fixture Elo diff +32,False,False,False,False,False,False,False,False,False,False,False,False,False,False,False,False,False,False,False,False,False,False,False,False,False,False,False,False,False,False,False,False
ca9f902dba0a551f7010f2afceb6fbc5a1e10681,465730,115,Maxim,De Cuyper,De Cuyper,36,Brighton,BHA,Defender,a,False,4.6,11.4,3.8585,3.932,2.7796,3.6888,3.8585,14.5182,3.1561,high,0.85,1.0,2,0,1,6.8,6.8,8.5,5-GW avg pts 6.80; mins 78; xGI 0.74; current GWs 2; fixture Elo diff +29,True,False,True,False,False,False,False,False,True,False,False,False,False,False,False,False,False,False,False,False,True,False,False,False,False,False,True,False,False,False,False,False
ca9f902dba0a551f7010f2afceb6fbc5a1e10681,463981,60,James,Hill,Hill,91,Bournemouth,BOU,Defender,a,False,5.5,0.9,3.5835,3.6756,3.391,3.5835,3.8723,14.4363,2.6248,high,1.0,1.0,2,0,0,3.0,3.0,2.5,5-GW avg pts 3.00; mins 90; xGI 0.17; current GWs 2; fixture Elo diff +41,False,False,False,False,False,False,False,False,False,False,False,False,False,False,False,False,False,False,False,False,False,False,False,False,False,False,False,False,False,False,False,False
ca9f902dba0a551f7010f2afceb6fbc5a1e10681,226597,4,Gabriel,dos Santos Magalhães,Gabriel,3,Arsenal,ARS,Defender,a,False,8.0,28.1,3.6717,3.695,3.3268,3.7664,3.3268,14.2912,1.7864,high,1.0,1.0,1,0,0,5.8,5.8,4.0,5-GW avg pts 5.80; mins 81; xGI 0.21; current GWs 1; fixture Elo diff +258,False,False,False,False,False,False,False,False,False,False,False,False,False,False,False,False,False,False,False,False,False,False,False,False,False,False,False,False,False,False,False,False
ca9f902dba0a551f7010f2afceb6fbc5a1e10681,430871,428,Matheus,Santos Carneiro da Cunha,Cunha,1,Man Utd,MUN,Midfielder,a,False,8.0,8.8,3.5882,3.1946,3.5882,3.9861,3.5882,14.277,1.7846,high,1.0,1.0,2,0,0,4.4,4.4,5.5,5-GW avg pts 4.40; mins 65; xGI 0.39; current GWs 2; fixture Elo diff +83,False,False,False,False,False,False,False,False,False,False,False,False,False,False,False,False,False,False,False,False,False,False,False,False,False,False,False,False,False,False,False,False
ca9f902dba0a551f7010f2afceb6fbc5a1e10681,440993,237,Iliman,Ndiaye,Ndiaye,11,Everton,EVE,Midfielder,a,False,6.0,15.4,3.0174,3.4286,4.0485,3.7799,3.6936,14.2041,2.3673,high,0.85,1.0,2,0,1,3.8,3.8,6.5,5-GW avg pts 3.80; mins 90; xGI 0.25; current GWs 2; fixture Elo diff +32,False,False,False,False,False,False,False,False,False,False,False,False,False,False,False,False,False,False,False,False,False,False,False,False,False,False,False,False,False,False,False,False
ca9f902dba0a551f7010f2afceb6fbc5a1e10681,201658,68,Marcus,Tavernier,Tavernier,91,Bournemouth,BOU,Midfielder,a,False,6.0,2.5,3.4709,3.651,3.4381,3.4709,3.7434,14.183,2.3638,high,1.0,1.0,2,0,0,5.0,5.0,5.5,5-GW avg pts 5.00; mins 87; xGI 0.40; current GWs 2; fixture Elo diff +41,False,False,False,False,False,False,False,False,False,False,False,False,False,False,False,False,False,False,False,False,False,False,False,False,False,False,False,False,False,False,False,False
ca9f902dba0a551f7010f2afceb6fbc5a1e10681,463726,593,Amar,Dedic,Dedić,4,Newcastle,NEW,Defender,a,False,4.5,1.0,2.9991,3.2104,4.6115,4.2763,2.6847,14.1819,3.1515,low,0.34,0.4,2,0,1,6.0,6.0,6.0,5-GW avg pts 6.00; mins 90; xGI 0.04; current GWs 2; fixture Elo diff +54,True,False,False,False,False,False,False,False,False,False,False,False,False,False,True,False,False,False,False,False,True,False,False,False,False,False,False,False,False,False,False,False
ca9f902dba0a551f7010f2afceb6fbc5a1e10681,513418,94,Kevin,Schade,Schade,94,Brentford,BRE,Midfielder,a,False,6.0,3.6,3.8393,3.4964,3.9335,2.9234,3.0676,14.0198,2.3366,high,1.0,1.0,2,0,0,4.6,4.6,6.5,5-GW avg pts 4.60; mins 77; xGI 0.38; current GWs 2; fixture Elo diff -17,False,False,False,False,False,False,False,False,False,False,False,False,False,False,False,False,False,False,False,False,False,False,False,False,False,False,False,False,False,False,False,False
ca9f902dba0a551f7010f2afceb6fbc5a1e10681,482973,491,Igor Jesus,Maciel da Cruz,Igor Jesus,17,Nott'm Forest,NFO,Forward,a,False,6.0,3.4,3.8509,2.8315,4.2223,3.6384,2.6158,13.8934,2.3156,high,0.85,1.0,2,0,1,1.6,1.6,1.5,5-GW avg pts 1.60; mins 87; xGI 0.31; current GWs 2; fixture Elo diff -24,False,False,False,False,False,False,False,False,False,False,False,False,False,False,False,False,False,False,False,False,False,False,False,False,False,False,False,False,False,False,False,False
ca9f902dba0a551f7010f2afceb6fbc5a1e10681,97032,356,Virgil,van Dijk,Virgil,14,Liverpool,LIV,Defender,a,False,6.5,18.9,4.0938,3.6794,2.9382,2.8034,3.5292,13.8356,2.1286,high,0.85,1.0,2,0,1,4.2,4.2,1.5,5-GW avg pts 4.20; mins 90; xGI 0.25; current GWs 2; fixture Elo diff +79,False,True,False,False,False,True,False,False,False,False,False,True,False,False,False,False,False,True,False,False,False,False,False,True,False,False,False,False,False,True,False,False
ca9f902dba0a551f7010f2afceb6fbc5a1e10681,223340,12,Bukayo,Saka,Saka,3,Arsenal,ARS,Midfielder,a,False,9.5,10.2,3.6275,3.3416,3.2427,3.7547,3.2092,13.7829,1.4508,high,1.0,1.0,1,0,0,6.4,6.4,3.2,5-GW avg pts 6.40; mins 56; xGI 0.53; current GWs 1; fixture Elo diff +258,False,True,False,False,False,True,False,False,False,False,False,True,False,False,False,False,False,True,False,False,False,False,False,True,False,False,False,False,False,True,False,False
ca9f902dba0a551f7010f2afceb6fbc5a1e10681,551499,377,Victor,Munoz,Munoz,14,Liverpool,LIV,Midfielder,a,False,6.5,0.9,3.8412,3.5495,3.2761,2.793,3.4363,13.6735,2.1036,low,0.34,0.4,2,0,1,5.0,5.0,5.0,5-GW avg pts 5.00; mins 58; xGI 0.33; current GWs 2; fixture Elo diff +79,False,False,False,False,False,False,False,False,False,False,False,False,False,False,False,False,False,False,False,False,False,False,False,False,False,False,False,False,False,False,False,False
ca9f902dba0a551f7010f2afceb6fbc5a1e10681,177815,346,Dominic,Calvert-Lewin,Calvert-Lewin,2,Leeds,LEE,Forward,a,False,6.0,27.4,3.6276,3.7298,3.9418,2.2795,3.1965,13.6513,2.2752,high,1.0,1.0,2,0,0,5.0,5.0,4.5,5-GW avg pts 5.00; mins 86; xGI 0.50; current GWs 2; fixture Elo diff -96,False,False,False,False,False,False,False,False,False,False,False,False,False,False,False,False,False,False,False,False,False,False,False,False,False,False,False,False,False,False,False,False
ca9f902dba0a551f7010f2afceb6fbc5a1e10681,166989,43,Youri,Tielemans,Tielemans,1,Man Utd,MUN,Midfielder,a,False,6.0,2.2,3.5126,2.8069,3.5126,3.7501,3.5126,13.5815,2.2636,high,1.0,1.0,2,0,0,2.6,2.6,3.0,5-GW avg pts 2.60; mins 70; xGI 0.26; current GWs 2; fixture Elo diff +83,False,False,False,False,False,False,False,False,False,False,False,False,False,False,False,False,False,False,False,False,False,False,False,False,False,False,False,False,False,False,False,False
ca9f902dba0a551f7010f2afceb6fbc5a1e10681,470551,567,Lukás,Hornícek,Horníček,4,Newcastle,NEW,Goalkeeper,a,False,5.0,0.9,2.9065,3.1492,4.2096,4.1406,2.5921,13.5621,2.7124,low,0.34,0.4,2,0,1,4.0,4.0,4.0,5-GW avg pts 4.00; mins 90; xGI 0.00; current GWs 2; fixture Elo diff +54,True,False,False,False,False,False,False,False,True,False,False,False,False,False,True,False,False,False,False,False,True,False,False,False,False,False,False,False,False,False,False,False
ca9f902dba0a551f7010f2afceb6fbc5a1e10681,111234,226,Jordan,Pickford,Pickford,11,Everton,EVE,Goalkeeper,a,False,5.5,9.0,2.5762,3.265,3.9387,3.9926,3.4468,13.5286,2.4597,high,0.85,1.0,2,0,1,3.2,3.2,5.0,5-GW avg pts 3.20; mins 90; xGI 0.01; current GWs 2; fixture Elo diff +32,False,False,False,False,False,False,False,False,False,False,False,False,False,False,False,False,False,False,False,False,False,False,False,False,False,False,False,False,False,False,False,False
ca9f902dba0a551f7010f2afceb6fbc5a1e10681,195546,41,Emiliano,Buendía Stati,Buendía,7,Aston Villa,AVL,Midfielder,a,False,6.0,1.1,3.4623,3.3794,3.3959,3.3794,3.2269,13.5222,2.2537,high,0.85,1.0,1,0,1,3.4,3.4,2.2,5-GW avg pts 3.40; mins 56; xGI 0.15; current GWs 1; fixture Elo diff +133,False,False,False,False,False,False,False,False,False,False,False,False,False,False,False,False,False,False,False,False,False,False,False,False,False,False,False,False,False,False,False,False
ca9f902dba0a551f7010f2afceb6fbc5a1e10681,514254,127,Diego,Gómez Amarilla,Gomez,36,Brighton,BHA,Midfielder,a,False,5.0,4.0,3.5042,3.7504,2.4744,3.5456,3.5042,13.4434,2.6887,high,0.85,1.0,2,0,1,2.6,2.6,5.5,5-GW avg pts 2.60; mins 52; xGI 0.43; current GWs 2; fixture Elo diff +29,False,False,False,False,False,False,False,False,False,False,False,False,False,False,False,False,False,False,False,False,False,False,False,False,False,False,False,False,False,False,False,False
ca9f902dba0a551f7010f2afceb6fbc5a1e10681,249231,86,Keane,Lewis-Potter,Lewis-Potter,94,Brentford,BRE,Midfielder,a,False,5.5,1.5,3.7952,3.2691,3.7027,2.8289,2.9378,13.4425,2.4441,high,1.0,1.0,2,0,0,4.6,4.6,8.0,5-GW avg pts 4.60; mins 89; xGI 0.27; current GWs 2; fixture Elo diff -17,False,False,False,False,False,False,False,False,False,False,False,False,False,False,False,False,False,False,False,False,False,False,False,False,False,False,False,False,False,False,False,False
ca9f902dba0a551f7010f2afceb6fbc5a1e10681,522047,334,Tarik,Muharemović,Muharemović,2,Leeds,LEE,Defender,a,False,5.0,3.3,3.5983,3.621,3.6616,2.6627,2.9437,13.4166,2.6833,low,0.4,0.4,2,0,0,5.0,5.0,5.0,5-GW avg pts 5.00; mins 90; xGI 0.05; current GWs 2; fixture Elo diff -96,False,False,False,False,False,False,False,False,False,False,False,False,False,False,False,False,False,False,False,False,False,False,False,False,False,False,False,False,False,False,False,False
ca9f902dba0a551f7010f2afceb6fbc5a1e10681,494521,61,Adrien,Truffert,Truffert,91,Bournemouth,BOU,Defender,a,False,5.5,4.1,3.2803,3.429,3.1659,3.2803,3.5051,13.2984,2.4179,high,1.0,1.0,2,0,0,4.8,4.8,2.5,5-GW avg pts 4.80; mins 90; xGI 0.16; current GWs 2; fixture Elo diff +41,False,False,False,False,False,False,False,False,False,False,False,False,False,False,False,False,False,False,False,False,False,False,False,False,False,False,False,False,False,False,False,False
ca9f902dba0a551f7010f2afceb6fbc5a1e10681,243298,367,Cody,Gakpo,Gakpo,14,Liverpool,LIV,Midfielder,a,False,7.0,7.2,3.6277,3.5677,2.9506,2.88,3.3656,13.2344,1.8906,high,0.85,1.0,2,0,1,4.6,4.6,8.5,5-GW avg pts 4.60; mins 80; xGI 0.38; current GWs 2; fixture Elo diff +79,False,False,False,False,False,False,False,False,False,False,False,False,False,False,False,False,False,False,False,False,False,False,False,False,False,False,False,False,False,False,False,False
ca9f902dba0a551f7010f2afceb6fbc5a1e10681,586309,249,Thierno,Barry,Barry,11,Everton,EVE,Forward,a,False,5.5,3.9,3.0342,3.2491,3.5086,3.505,3.3308,13.2173,2.4031,high,0.85,1.0,2,0,1,2.8,2.8,5.0,5-GW avg pts 2.80; mins 53; xGI 0.42; current GWs 2; fixture Elo diff +32,False,False,False,False,False,False,False,False,False,False,False,False,False,False,False,False,False,False,False,False,False,False,False,False,False,False,False,False,False,False,False,False
ca9f902dba0a551f7010f2afceb6fbc5a1e10681,496221,210,Adam,Wharton,Wharton,31,Crystal Palace,CRY,Midfielder,a,False,5.5,0.9,3.1244,3.8364,3.0713,3.2915,3.1096,13.204,2.4007,high,0.85,1.0,2,0,1,4.6,4.6,3.0,5-GW avg pts 4.60; mins 81; xGI 0.24; current GWs 2; fixture Elo diff +16,False,False,False,False,False,False,False,False,False,False,False,False,False,False,False,False,False,False,False,False,False,False,False,False,False,False,False,False,False,False,False,False
ca9f902dba0a551f7010f2afceb6fbc5a1e10681,432830,84,Nathan,Collins,Collins,94,Brentford,BRE,Defender,a,False,5.5,2.1,3.4873,3.1841,3.7997,2.7874,2.9137,13.0923,2.3804,high,1.0,1.0,2,0,0,3.2,3.2,4.5,5-GW avg pts 3.20; mins 90; xGI 0.20; current GWs 2; fixture Elo diff -17,False,False,False,False,False,False,False,False,False,False,False,False,False,False,False,False,False,False,False,False,False,False,False,False,False,False,False,False,False,False,False,False
ca9f902dba0a551f7010f2afceb6fbc5a1e10681,487838,449,Lewis,Hall,Hall,4,Newcastle,NEW,Defender,a,False,5.0,5.7,3.1576,3.0853,3.7298,3.461,2.7288,12.9782,2.5956,high,0.85,1.0,2,0,1,3.6,3.6,7.0,5-GW avg pts 3.60; mins 90; xGI 0.21; current GWs 2; fixture Elo diff +54,False,False,False,False,False,False,False,False,False,False,False,False,False,False,False,False,False,False,False,False,False,False,False,False,False,False,False,False,False,False,False,False
ca9f902dba0a551f7010f2afceb6fbc5a1e10681,469142,112,Jan Paul,van Hecke,Van Hecke,6,Spurs,TOT,Defender,a,False,5.0,8.8,3.4481,3.5098,2.8611,2.7271,3.5919,12.9598,2.592,high,0.85,1.0,2,0,1,2.2,2.2,1.0,5-GW avg pts 2.20; mins 90; xGI 0.25; current GWs 2; fixture Elo diff -48,False,False,False,False,False,False,False,False,False,False,False,False,False,False,False,False,False,False,False,False,False,False,False,False,False,False,False,False,False,False,False,False
ca9f902dba0a551f7010f2afceb6fbc5a1e10681,169528,254,Antonee,Robinson,Robinson,54,Fulham,FUL,Defender,a,False,4.5,1.6,3.2188,2.3149,2.6996,3.9516,4.5472,12.9564,2.8792,high,0.85,1.0,2,0,1,4.4,4.4,1.5,5-GW avg pts 4.40; mins 88; xGI 0.25; current GWs 2; fixture Elo diff +21,True,False,False,False,False,False,False,False,False,False,False,False,False,False,False,False,False,False,False,False,True,False,False,False,False,False,True,False,False,False,False,False
ca9f902dba0a551f7010f2afceb6fbc5a1e10681,551226,525,Mateus,Fernandes,Fernandes,6,Spurs,TOT,Midfielder,a,False,5.9,1.5,3.0889,3.2577,3.0378,2.8153,4.0276,12.8384,2.176,high,0.85,1.0,2,0,1,3.6,3.6,1.5,5-GW avg pts 3.60; mins 81; xGI 0.27; current GWs 2; fixture Elo diff -48,False,False,False,False,False,False,False,False,False,False,False,False,False,False,False,False,False,False,False,False,False,False,False,False,False,False,False,False,False,False,False,False
ca9f902dba0a551f7010f2afceb6fbc5a1e10681,484420,542,Enzo,Le Fée,E.Le Fée,56,Sunderland,SUN,Midfielder,a,False,5.9,7.7,3.4067,2.8656,2.906,3.6311,3.085,12.7033,2.1531,high,1.0,1.0,2,0,0,5.2,5.2,2.5,5-GW avg pts 5.20; mins 88; xGI 0.47; current GWs 2; fixture Elo diff -181,False,False,False,False,False,False,False,False,False,False,False,False,False,False,False,False,False,False,False,False,False,False,False,False,False,False,False,False,False,False,False,False
ca9f902dba0a551f7010f2afceb6fbc5a1e10681,444102,79,Francisco Evanilson,de Lima Barbosa,Evanilson,91,Bournemouth,BOU,Forward,a,False,6.0,3.2,3.0924,3.2494,3.0332,3.157,3.4108,12.6998,2.1166,high,1.0,1.0,2,0,0,2.8,2.8,4.5,5-GW avg pts 2.80; mins 71; xGI 0.35; current GWs 2; fixture Elo diff +41,False,False,False,False,False,False,False,False,False,False,False,False,False,False,False,False,False,False,False,False,False,False,False,False,False,False,False,False,False,False,False,False
ca9f902dba0a551f7010f2afceb6fbc5a1e10681,209400,214,Daichi,Kamada,Kamada,31,Crystal Palace,CRY,Midfielder,a,False,5.0,0.3,2.9721,3.8669,2.9189,3.0292,2.9573,12.6823,2.5365,high,0.85,1.0,2,0,1,2.4,2.4,2.5,5-GW avg pts 2.40; mins 84; xGI 0.29; current GWs 2; fixture Elo diff +16,False,False,False,False,False,False,False,False,False,False,False,False,False,False,False,False,False,False,False,False,False,False,False,False,False,False,False,False,False,False,False,False
ca9f902dba0a551f7010f2afceb6fbc5a1e10681,204936,384,Gianluigi,Donnarumma,Donnarumma,43,Man City,MCI,Goalkeeper,a,False,5.5,8.1,3.5573,2.7202,3.2892,2.7202,3.5573,12.6754,2.3046,high,0.85,1.0,2,0,1,3.6,3.6,1.5,5-GW avg pts 3.60; mins 90; xGI 0.00; current GWs 2; fixture Elo diff +192,False,False,False,False,False,False,False,False,False,False,False,False,False,False,False,False,False,False,False,False,False,False,False,False,False,False,False,False,False,False,False,False
ca9f902dba0a551f7010f2afceb6fbc5a1e10681,204580,98,Vitaly,Janelt,Janelt,94,Brentford,BRE,Midfielder,a,False,5.0,0.6,3.3702,3.1135,3.5223,2.7168,2.9134,12.6401,2.528,high,1.0,1.0,2,0,0,2.8,2.8,5.0,5-GW avg pts 2.80; mins 72; xGI 0.22; current GWs 2; fixture Elo diff -17,False,False,False,False,False,False,False,False,False,False,False,False,False,False,False,False,False,False,False,False,False,False,False,False,False,False,False,False,False,False,False,False
ca9f902dba0a551f7010f2afceb6fbc5a1e10681,577725,268,Josh,King,King,54,Fulham,FUL,Midfielder,a,False,5.5,0.6,3.2311,2.8965,3.062,3.2729,3.4133,12.6265,2.2957,high,0.85,1.0,2,0,1,2.2,2.2,4.5,5-GW avg pts 2.20; mins 47; xGI 0.18; current GWs 2; fixture Elo diff +21,False,False,False,False,False,False,False,False,False,False,False,False,False,False,False,False,False,False,False,False,False,False,False,False,False,False,False,False,False,False,False,False
ca9f902dba0a551f7010f2afceb6fbc5a1e10681,172649,198,Dean,Henderson,Henderson,31,Crystal Palace,CRY,Goalkeeper,a,False,5.0,1.8,3.0965,3.3709,3.0025,3.138,3.0559,12.5625,2.5125,high,0.85,1.0,2,0,1,1.6,1.6,1.5,5-GW avg pts 1.60; mins 108; xGI 0.00; current GWs 2; fixture Elo diff +16,False,False,False,False,False,False,False,False,False,False,False,False,False,False,False,False,False,False,False,False,False,False,False,False,False,False,False,False,False,False,False,False
ca9f902dba0a551f7010f2afceb6fbc5a1e10681,472769,387,Nico,O'Reilly,O'Reilly,43,Man City,MCI,Defender,a,False,6.5,20.0,3.3087,2.898,3.2742,2.898,3.3087,12.55,1.9308,high,0.85,1.0,2,0,1,2.2,2.2,2.0,5-GW avg pts 2.20; mins 66; xGI 0.25; current GWs 2; fixture Elo diff +192,False,False,False,False,False,False,False,False,False,False,False,False,False,False,False,False,False,False,False,False,False,False,False,False,False,False,False,False,False,False,False,False
ca9f902dba0a551f7010f2afceb6fbc5a1e10681,199598,338,Ethan,Ampadu,Ampadu,2,Leeds,LEE,Midfielder,a,False,5.5,1.3,3.4756,3.5188,3.4655,2.1302,2.6643,12.5046,2.2736,high,1.0,1.0,2,0,0,4.6,4.6,3.5,5-GW avg pts 4.60; mins 90; xGI 0.04; current GWs 2; fixture Elo diff -96,False,False,False,False,False,False,False,False,False,False,False,False,False,False,False,False,False,False,False,False,False,False,False,False,False,False,False,False,False,False,False,False
ca9f902dba0a551f7010f2afceb6fbc5a1e10681,80201,250,Bernd,Leno,Leno,54,Fulham,FUL,Goalkeeper,a,False,4.5,3.0,3.1107,2.1856,2.469,4.0009,4.3966,12.4915,2.7759,high,0.85,1.0,2,0,1,3.2,3.2,2.5,5-GW avg pts 3.20; mins 90; xGI 0.00; current GWs 2; fixture Elo diff +21,True,True,True,False,False,True,False,False,False,False,False,True,False,False,False,False,False,True,False,False,False,False,False,True,False,False,True,False,False,True,False,False
ca9f902dba0a551f7010f2afceb6fbc5a1e10681,437499,200,Maxence,Lacroix,Lacroix,8,Chelsea,CHE,Defender,a,False,6.0,9.3,2.4551,3.5583,3.2955,3.0605,3.2955,12.4137,2.0689,high,0.85,1.0,2,0,1,2.6,2.6,3.5,5-GW avg pts 2.60; mins 84; xGI 0.07; current GWs 2; fixture Elo diff -17,False,False,False,False,False,False,False,False,False,False,False,False,False,False,False,False,False,False,False,False,False,False,False,False,False,False,False,False,False,False,False,False
ca9f902dba0a551f7010f2afceb6fbc5a1e10681,466525,335,Anton,Stach,Stach,2,Leeds,LEE,Midfielder,a,False,6.0,2.8,3.1332,3.3342,3.349,2.4773,3.038,12.3701,2.0617,high,1.0,1.0,2,0,0,4.4,4.4,8.5,5-GW avg pts 4.40; mins 69; xGI 0.09; current GWs 2; fixture Elo diff -96,False,False,False,False,False,False,False,False,False,False,False,False,False,False,False,False,False,False,False,False,False,False,False,False,False,False,False,False,False,False,False,False
ca9f902dba0a551f7010f2afceb6fbc5a1e10681,216646,464,Yoane,Wissa,Wissa,4,Newcastle,NEW,Forward,a,False,6.1,6.7,3.1012,3.029,3.3033,3.1406,2.8155,12.3576,2.0258,high,0.85,1.0,2,0,1,2.8,2.8,6.0,5-GW avg pts 2.80; mins 44; xGI 0.28; current GWs 2; fixture Elo diff +54,False,False,False,False,False,False,False,False,False,False,False,False,False,False,False,False,False,False,False,False,False,False,False,False,False,False,False,False,False,False,False,False
ca9f902dba0a551f7010f2afceb6fbc5a1e10681,511499,514,Mathys,Tel,Tel,6,Spurs,TOT,Midfielder,a,False,5.9,0.4,3.0282,3.2343,2.9748,2.715,3.4234,12.2735,2.0803,high,0.85,1.0,2,0,1,3.6,3.6,2.0,5-GW avg pts 3.60; mins 81; xGI 0.21; current GWs 2; fixture Elo diff -48,False,False,False,False,False,False,False,False,False,False,False,False,False,False,False,False,False,False,False,False,False,False,False,False,False,False,False,False,False,False,False,False
ca9f902dba0a551f7010f2afceb6fbc5a1e10681,220237,447,Sven,Botman,Botman,4,Newcastle,NEW,Defender,a,False,5.0,0.6,2.8349,2.8418,3.6642,3.5633,2.4062,12.262,2.4524,high,0.85,1.0,2,0,1,3.8,3.8,4.0,5-GW avg pts 3.80; mins 90; xGI 0.01; current GWs 2; fixture Elo diff +54,False,True,False,False,False,True,False,False,False,False,False,True,False,False,False,False,False,True,False,False,False,False,False,True,False,False,False,False,False,False,False,False
ca9f902dba0a551f7010f2afceb6fbc5a1e10681,224967,233,Vitalii,Mykolenko,Mykolenko,11,Everton,EVE,Defender,a,False,4.5,1.7,2.5036,2.9157,3.623,3.2257,3.264,12.2425,2.7205,high,0.85,1.0,2,0,1,2.6,2.6,5.0,5-GW avg pts 2.60; mins 90; xGI 0.03; current GWs 2; fixture Elo diff +32,False,False,False,False,False,False,False,False,False,False,False,False,False,False,False,False,False,False,False,False,False,False,False,False,False,False,False,False,False,False,False,False
ca9f902dba0a551f7010f2afceb6fbc5a1e10681,651426,203,Jaydee,Canvot,Canvot,31,Crystal Palace,CRY,Defender,a,False,5.0,0.3,3.0658,3.1473,2.9186,3.1072,3.051,12.2389,2.4478,high,0.85,1.0,2,0,1,1.6,1.6,0.5,5-GW avg pts 1.60; mins 90; xGI 0.08; current GWs 2; fixture Elo diff +16,False,False,False,False,False,False,False,False,False,False,False,False,False,False,False,False,False,False,False,False,False,False,False,False,False,False,False,False,False,False,False,False
ca9f902dba0a551f7010f2afceb6fbc5a1e10681,232892,257,Calvin,Bassey,Bassey,54,Fulham,FUL,Defender,a,False,4.5,0.8,3.1813,2.2778,2.5612,3.5954,3.9911,12.1916,2.7092,high,0.85,1.0,2,0,1,2.4,2.4,1.0,5-GW avg pts 2.40; mins 90; xGI 0.02; current GWs 2; fixture Elo diff +21,False,False,False,False,False,False,False,False,False,False,False,False,False,False,False,False,False,False,False,False,False,False,False,False,False,False,False,False,False,False,False,False
ca9f902dba0a551f7010f2afceb6fbc5a1e10681,438234,401,Omar,Marmoush,Marmoush,6,Spurs,TOT,Forward,a,False,7.0,1.7,3.1321,3.2103,2.8608,2.7825,3.2133,12.1857,1.7408,high,0.85,1.0,2,0,1,3.4,3.4,1.0,5-GW avg pts 3.40; mins 42; xGI 0.17; current GWs 2; fixture Elo diff -48,False,False,False,False,False,False,False,False,False,False,False,False,False,False,False,False,False,False,False,False,False,False,False,False,False,False,False,False,False,False,False,False
ca9f902dba0a551f7010f2afceb6fbc5a1e10681,227444,471,Nikola,Milenković,Milenković,17,Nott'm Forest,NFO,Defender,a,False,5.5,1.7,3.2967,2.5284,3.7176,3.2314,2.2658,12.1678,2.2123,high,0.85,1.0,2,0,1,2.4,2.4,2.5,5-GW avg pts 2.40; mins 90; xGI 0.07; current GWs 2; fixture Elo diff -24,False,False,False,False,False,False,False,False,False,False,False,False,False,False,False,False,False,False,False,False,False,False,False,False,False,False,False,False,False,False,False,False
ca9f902dba0a551f7010f2afceb6fbc5a1e10681,215136,469,Neco,Williams,N.Williams,17,Nott'm Forest,NFO,Defender,a,False,5.0,8.7,3.238,2.5097,3.8081,3.117,2.2893,12.0987,2.4197,high,0.85,1.0,2,0,1,2.6,2.6,4.0,5-GW avg pts 2.60; mins 90; xGI 0.10; current GWs 2; fixture Elo diff -24,False,False,False,False,False,False,False,False,False,False,False,False,False,False,False,False,False,False,False,False,False,False,False,False,False,False,False,False,False,False,False,False
ca9f902dba0a551f7010f2afceb6fbc5a1e10681,166477,258,Timothy,Castagne,Castagne,54,Fulham,FUL,Defender,a,False,4.5,0.6,3.0478,2.4967,2.8614,3.3347,3.5787,12.0654,2.6812,high,0.85,1.0,2,0,1,5.4,5.4,6.0,5-GW avg pts 5.40; mins 84; xGI 0.19; current GWs 2; fixture Elo diff +21,False,False,False,False,False,False,False,False,False,False,False,False,False,False,False,False,False,False,False,False,False,False,False,False,False,False,False,False,False,False,False,False
ca9f902dba0a551f7010f2afceb6fbc5a1e10681,485055,496,Antonín,Kinský,Kinsky,6,Spurs,TOT,Goalkeeper,a,False,4.5,21.6,3.1065,3.3191,2.605,2.32,3.5546,11.9345,2.6521,high,0.85,1.0,2,0,1,2.4,2.4,1.5,5-GW avg pts 2.40; mins 90; xGI 0.00; current GWs 2; fixture Elo diff -48,False,False,False,False,False,False,False,False,False,False,False,False,False,False,False,False,False,False,False,False,False,False,False,False,False,False,False,False,False,False,False,False
ca9f902dba0a551f7010f2afceb6fbc5a1e10681,499169,7,Myles,Lewis-Skelly,Lewis-Skelly,3,Arsenal,ARS,Midfielder,a,False,5.5,0.7,3.0114,3.0662,2.9047,2.9856,2.9047,11.9275,2.1686,high,1.0,1.0,1,0,0,3.6,3.6,2.0,5-GW avg pts 3.60; mins 75; xGI 0.06; current GWs 1; fixture Elo diff +258,False,False,False,False,False,False,False,False,False,False,False,False,False,False,False,False,False,False,False,False,False,False,False,False,False,False,False,False,False,False,False,False
ca9f902dba0a551f7010f2afceb6fbc5a1e10681,184029,15,Martin,Ødegaard,Ødegaard,3,Arsenal,ARS,Midfielder,a,False,6.6,11.9,3.0737,3.0069,2.8074,3.1697,2.7739,11.9089,1.8044,high,1.0,1.0,1,0,0,3.6,3.6,2.3,5-GW avg pts 3.60; mins 38; xGI 0.14; current GWs 1; fixture Elo diff +258,False,False,False,False,False,False,False,False,False,False,False,False,False,False,False,False,False,False,False,False,False,False,False,False,False,False,False,False,False,False,False,False
ca9f902dba0a551f7010f2afceb6fbc5a1e10681,201666,453,Harvey,Barnes,Barnes,4,Newcastle,NEW,Midfielder,a,False,6.0,1.1,2.849,2.8654,3.3551,3.0428,2.7397,11.8857,1.981,high,0.85,1.0,2,0,1,3.6,3.6,2.5,5-GW avg pts 3.60; mins 66; xGI 0.20; current GWs 2; fixture Elo diff +54,False,False,False,False,False,False,False,False,False,False,False,False,False,False,False,False,False,False,False,False,False,False,False,False,False,False,False,False,False,False,False,False
ca9f902dba0a551f7010f2afceb6fbc5a1e10681,220627,332,James,Justin,Justin,2,Leeds,LEE,Defender,a,False,4.5,1.3,3.2238,3.3957,3.3424,1.9023,2.6461,11.8732,2.6385,high,1.0,1.0,2,0,0,4.6,4.6,6.0,5-GW avg pts 4.60; mins 90; xGI 0.06; current GWs 2; fixture Elo diff -96,False,False,False,False,False,False,False,False,False,False,False,False,False,False,False,False,False,False,False,False,False,False,False,False,False,False,False,False,False,False,False,False
ca9f902dba0a551f7010f2afceb6fbc5a1e10681,202993,516,Rodrigo,Bentancur,Bentancur,6,Spurs,TOT,Midfielder,a,False,5.5,0.2,3.0002,3.0808,2.8016,2.7074,3.2648,11.8682,2.1579,high,0.85,1.0,2,0,1,3.0,3.0,1.5,5-GW avg pts 3.00; mins 77; xGI 0.06; current GWs 2; fixture Elo diff -48,False,False,False,False,False,False,False,False,False,False,False,False,False,False,False,False,False,False,False,False,False,False,False,False,False,False,False,False,False,False,False,False
ca9f902dba0a551f7010f2afceb6fbc5a1e10681,95658,418,Harry,Maguire,Maguire,1,Man Utd,MUN,Defender,a,False,5.0,16.1,2.9877,2.7463,2.9877,3.172,2.9877,11.8625,2.3725,high,1.0,1.0,2,0,0,4.8,4.8,2.5,5-GW avg pts 4.80; mins 90; xGI 0.13; current GWs 2; fixture Elo diff +83,False,True,False,False,False,True,False,False,False,False,False,False,False,False,False,False,False,True,False,False,False,False,False,True,False,False,False,False,False,True,False,False
ca9f902dba0a551f7010f2afceb6fbc5a1e10681,205533,224,Eddie,Nketiah,Nketiah,31,Crystal Palace,CRY,Forward,a,False,5.5,0.5,2.9224,3.0987,2.9224,2.9726,2.8507,11.8403,2.1528,high,0.85,1.0,2,0,1,0.6,0.6,1.5,5-GW avg pts 0.60; mins 24; xGI 0.31; current GWs 2; fixture Elo diff +16,False,False,False,False,False,False,False,False,False,False,False,False,False,False,False,False,False,False,False,False,False,False,False,False,False,False,False,False,False,False,False,False
ca9f902dba0a551f7010f2afceb6fbc5a1e10681,441164,499,Pedro,Porro Sauceda,Pedro Porro,6,Spurs,TOT,Defender,a,False,5.5,13.0,2.9067,3.1571,2.9135,2.6521,3.1589,11.8307,2.151,high,0.85,1.0,2,0,1,2.4,2.4,0.5,5-GW avg pts 2.40; mins 72; xGI 0.29; current GWs 2; fixture Elo diff -48,False,False,False,False,False,False,False,False,False,False,False,False,False,False,False,False,False,False,False,False,False,False,False,False,False,False,False,False,False,False,False,False
ca9f902dba0a551f7010f2afceb6fbc5a1e10681,513466,246,Merlin,Röhl,Röhl,11,Everton,EVE,Midfielder,a,False,5.0,0.1,2.4804,2.9102,3.302,3.3859,2.8258,11.8069,2.3614,high,0.85,1.0,2,0,1,3.6,3.6,2.5,5-GW avg pts 3.60; mins 80; xGI 0.06; current GWs 2; fixture Elo diff +32,False,False,False,False,False,False,False,False,False,False,False,False,False,False,False,False,False,False,False,False,False,False,False,False,False,False,False,False,False,False,False,False
ca9f902dba0a551f7010f2afceb6fbc5a1e10681,607464,88,Michael,Kayode,Kayode,94,Brentford,BRE,Defender,a,False,4.6,8.6,3.1084,2.8481,3.1371,2.7241,2.811,11.7748,2.5597,high,1.0,1.0,2,0,0,3.6,3.6,7.5,5-GW avg pts 3.60; mins 86; xGI 0.16; current GWs 2; fixture Elo diff -17,False,False,False,False,False,False,False,False,False,False,False,False,False,False,False,False,False,False,False,False,False,False,False,False,False,False,False,False,False,False,False,False
ca9f902dba0a551f7010f2afceb6fbc5a1e10681,578153,393,Abdukodir,Khusanov,Khusanov,43,Man City,MCI,Defender,a,False,5.5,1.7,3.1721,2.6469,3.0524,2.6469,3.1721,11.7523,2.1368,high,0.85,1.0,2,0,1,2.4,2.4,2.0,5-GW avg pts 2.40; mins 72; xGI 0.18; current GWs 2; fixture Elo diff +192,False,False,False,False,False,False,False,False,False,False,False,False,False,False,False,False,False,False,False,False,False,False,False,False,False,False,False,False,False,False,False,False
ca9f902dba0a551f7010f2afceb6fbc5a1e10681,207189,265,Sander,Berge,Berge,54,Fulham,FUL,Midfielder,a,False,5.0,0.4,2.9221,2.686,2.809,3.2076,3.1853,11.7431,2.3486,high,0.85,1.0,2,0,1,1.6,1.6,2.0,5-GW avg pts 1.60; mins 58; xGI 0.09; current GWs 2; fixture Elo diff +21,False,False,False,False,False,False,False,False,False,False,False,False,False,False,False,False,False,False,False,False,False,False,False,False,False,False,False,False,False,False,False,False
ca9f902dba0a551f7010f2afceb6fbc5a1e10681,503139,69,Alex,Scott,Scott,91,Bournemouth,BOU,Midfielder,a,False,6.0,1.7,2.9007,2.9856,2.7515,2.9007,3.1012,11.6801,1.9467,high,1.0,1.0,2,0,0,4.4,4.4,7.0,5-GW avg pts 4.40; mins 71; xGI 0.11; current GWs 2; fixture Elo diff +41,False,False,False,False,False,False,False,False,False,False,False,False,False,False,False,False,False,False,False,False,False,False,False,False,False,False,False,False,False,False,False,False
ca9f902dba0a551f7010f2afceb6fbc5a1e10681,116535,350,Alisson,Becker,A.Becker,14,Liverpool,LIV,Goalkeeper,a,False,5.5,3.8,3.2051,3.0835,2.6814,2.4758,3.032,11.6776,2.1232,high,0.85,1.0,2,0,1,0.8,0.8,1.0,5-GW avg pts 0.80; mins 54; xGI 0.00; current GWs 2; fixture Elo diff +79,False,False,False,False,False,False,False,False,False,False,False,False,False,False,False,False,False,False,False,False,False,False,False,False,False,False,False,False,False,False,False,False
ca9f902dba0a551f7010f2afceb6fbc5a1e10681,465642,445,Malick,Thiaw,Thiaw,4,Newcastle,NEW,Defender,a,False,5.0,1.9,2.8317,2.8739,3.2286,3.1596,2.403,11.6546,2.3309,high,0.85,1.0,2,0,1,2.8,2.8,4.5,5-GW avg pts 2.80; mins 90; xGI 0.01; current GWs 2; fixture Elo diff +54,False,False,False,False,False,False,False,False,False,False,False,False,False,False,False,False,False,False,False,False,False,False,False,False,False,False,False,False,False,False,False,False
ca9f902dba0a551f7010f2afceb6fbc5a1e10681,232928,239,James,Garner,Garner,11,Everton,EVE,Midfielder,a,False,6.0,0.1,2.9874,2.6826,3.1467,2.7409,3.0045,11.6405,1.9401,high,0.85,1.0,2,0,1,1.6,1.6,1.0,5-GW avg pts 1.60; mins 68; xGI 0.19; current GWs 2; fixture Elo diff +32,False,False,False,False,False,False,False,False,False,False,False,False,False,False,False,False,False,False,False,False,False,False,False,False,False,False,False,False,False,False,False,False
ca9f902dba0a551f7010f2afceb6fbc5a1e10681,122806,45,John,McGinn,McGinn,7,Aston Villa,AVL,Midfielder,a,False,5.5,2.7,2.9294,2.9945,2.8082,2.9945,2.7677,11.6278,2.1141,high,0.85,1.0,1,0,1,2.6,2.6,2.0,5-GW avg pts 2.60; mins 52; xGI 0.19; current GWs 1; fixture Elo diff +133,False,False,False,False,False,False,False,False,False,False,False,False,False,False,False,False,False,False,False,False,False,False,False,False,False,False,False,False,False,False,False,False
ca9f902dba0a551f7010f2afceb6fbc5a1e10681,222683,70,Justin,Kluivert,Kluivert,91,Bournemouth,BOU,Midfielder,a,False,6.0,1.2,2.8397,2.9247,2.8625,2.9043,3.0266,11.6109,1.9352,high,1.0,1.0,2,0,0,1.4,1.4,3.0,5-GW avg pts 1.40; mins 37; xGI 0.17; current GWs 2; fixture Elo diff +41,False,False,False,False,False,False,False,False,False,False,False,False,False,False,False,False,False,False,False,False,False,False,False,False,False,False,False,False,False,False,False,False
ca9f902dba0a551f7010f2afceb6fbc5a1e10681,191866,87,Kristoffer,Ajer,Ajer,94,Brentford,BRE,Defender,a,False,4.5,4.4,3.2438,2.6223,3.1532,2.5137,2.8492,11.5956,2.5768,high,1.0,1.0,2,0,0,3.2,3.2,5.5,5-GW avg pts 3.20; mins 70; xGI 0.03; current GWs 2; fixture Elo diff -17,False,False,False,False,False,False,False,False,False,False,False,False,False,False,False,False,False,False,False,False,False,False,False,False,False,False,False,False,False,False,False,False
ca9f902dba0a551f7010f2afceb6fbc5a1e10681,466075,8,Riccardo,Calafiori,Calafiori,3,Arsenal,ARS,Defender,a,False,5.6,41.6,3.0406,2.9734,2.6635,3.038,2.6653,11.5732,2.0666,high,1.0,1.0,1,0,0,5.0,5.0,2.6,5-GW avg pts 5.00; mins 66; xGI 0.17; current GWs 1; fixture Elo diff +258,False,False,False,False,False,False,False,False,False,False,False,False,False,False,False,False,False,False,False,False,False,False,False,False,False,False,False,False,False,False,False,False
ca9f902dba0a551f7010f2afceb6fbc5a1e10681,533463,95,Dango,Ouattara,O.Dango,94,Brentford,BRE,Midfielder,a,False,6.5,1.0,3.2171,2.7332,2.8903,2.6778,2.7995,11.5434,1.7759,high,1.0,1.0,2,0,0,4.4,4.4,2.0,5-GW avg pts 4.40; mins 59; xGI 0.42; current GWs 2; fixture Elo diff -17,False,False,False,False,False,False,False,False,False,False,False,False,False,False,False,False,False,False,False,False,False,False,False,False,False,False,False,False,False,False,False,False
ca9f902dba0a551f7010f2afceb6fbc5a1e10681,444180,105,Jaidon,Anthony,Anthony,94,Brentford,BRE,Midfielder,a,False,6.0,0.2,3.0613,2.7175,2.952,2.7028,2.9122,11.5079,1.918,high,1.0,1.0,2,0,0,2.8,2.8,1.5,5-GW avg pts 2.80; mins 69; xGI 0.25; current GWs 2; fixture Elo diff -17,False,False,False,False,False,False,False,False,False,False,False,False,False,False,False,False,False,False,False,False,False,False,False,False,False,False,False,False,False,False,False,False
ca9f902dba0a551f7010f2afceb6fbc5a1e10681,457569,57,Đorđe,Petrović,Petrović,91,Bournemouth,BOU,Goalkeeper,a,False,4.5,3.4,2.7902,2.9606,2.8458,2.7902,2.9768,11.4706,2.549,high,1.0,1.0,2,0,0,3.4,3.4,2.5,5-GW avg pts 3.40; mins 90; xGI 0.00; current GWs 2; fixture Elo diff +41,False,False,False,False,False,False,False,False,False,False,False,False,False,False,False,False,False,False,False,False,False,False,False,False,False,False,False,False,False,False,False,False
ca9f902dba0a551f7010f2afceb6fbc5a1e10681,427623,202,Chris,Richards,Richards,31,Crystal Palace,CRY,Defender,a,False,5.0,0.7,2.7902,3.0144,2.7902,2.8316,2.7754,11.3827,2.2765,high,0.85,1.0,2,0,1,1.4,1.4,1.5,5-GW avg pts 1.40; mins 78; xGI 0.16; current GWs 2; fixture Elo diff +16,False,False,False,False,False,False,False,False,False,False,False,False,False,False,False,False,False,False,False,False,False,False,False,False,False,False,False,False,False,False,False,False
ca9f902dba0a551f7010f2afceb6fbc5a1e10681,432714,486,James,McAtee,McAtee,17,Nott'm Forest,NFO,Midfielder,a,False,5.5,0.1,3.014,2.6648,3.0275,2.8983,2.4952,11.3602,2.0655,high,0.85,1.0,2,0,1,2.2,2.2,2.5,5-GW avg pts 2.20; mins 38; xGI 0.09; current GWs 2; fixture Elo diff -24,False,False,False,False,False,False,False,False,False,False,False,False,False,False,False,False,False,False,False,False,False,False,False,False,False,False,False,False,False,False,False,False
ca9f902dba0a551f7010f2afceb6fbc5a1e10681,465247,412,Senne,Lammens,Lammens,1,Man Utd,MUN,Goalkeeper,a,False,5.0,14.9,2.8669,2.5378,2.8669,3.0928,2.8669,11.3295,2.2659,high,1.0,1.0,2,0,0,3.8,3.8,1.5,5-GW avg pts 3.80; mins 90; xGI 0.00; current GWs 2; fixture Elo diff +83,False,False,False,False,False,False,False,False,False,False,False,False,False,False,False,False,False,False,False,False,False,False,False,False,False,False,False,False,False,False,False,False
ca9f902dba0a551f7010f2afceb6fbc5a1e10681,216616,304,Dara,O'Shea,O'Shea,40,Ipswich Town,IPS,Defender,a,False,4.0,3.4,2.8874,2.8259,2.8259,3.2501,2.2297,11.3043,2.8261,low,0.34,0.4,2,0,1,2.0,2.0,2.0,5-GW avg pts 2.00; mins 90; xGI 0.12; current GWs 2; fixture Elo diff -194,False,False,False,False,False,False,False,False,False,False,False,False,False,False,False,False,False,False,False,False,False,False,False,False,False,False,False,False,False,False,False,False
ca9f902dba0a551f7010f2afceb6fbc5a1e10681,575476,472,Murillo,Costa dos Santos,Murillo,17,Nott'm Forest,NFO,Defender,a,False,5.5,1.6,2.9936,2.6267,3.0177,2.878,2.508,11.2911,2.0529,high,0.85,1.0,2,0,1,1.0,1.0,2.5,5-GW avg pts 1.00; mins 36; xGI 0.09; current GWs 2; fixture Elo diff -24,False,False,False,False,False,False,False,False,False,False,False,False,False,False,False,False,False,False,False,False,False,False,False,False,False,False,False,False,False,False,False,False
ca9f902dba0a551f7010f2afceb6fbc5a1e10681,85633,467,Matz,Sels,Sels,17,Nott'm Forest,NFO,Goalkeeper,a,False,5.0,1.5,3.0167,2.4153,3.2514,2.9915,2.2211,11.2183,2.2437,high,0.85,1.0,2,0,1,2.2,2.2,1.5,5-GW avg pts 2.20; mins 90; xGI 0.00; current GWs 2; fixture Elo diff -24,False,False,False,False,False,False,False,False,False,False,False,False,False,False,False,False,False,False,False,False,False,False,False,False,False,False,False,False,False,False,False,False
ca9f902dba0a551f7010f2afceb6fbc5a1e10681,547719,459,Lewis,Miley,L.Miley,4,Newcastle,NEW,Midfielder,a,False,5.5,0.1,2.6895,2.8086,2.9444,2.9078,2.6679,11.2088,2.038,high,0.85,1.0,2,0,1,1.2,1.2,3.0,5-GW avg pts 1.20; mins 33; xGI 0.02; current GWs 2; fixture Elo diff +54,False,False,False,False,False,False,False,False,False,False,False,False,False,False,False,False,False,False,False,False,False,False,False,False,False,False,False,False,False,False,False,False
ca9f902dba0a551f7010f2afceb6fbc5a1e10681,200720,82,Caoimhín,Kelleher,Kelleher,94,Brentford,BRE,Goalkeeper,a,False,5.0,6.7,2.9789,2.8,3.1659,2.343,2.5417,11.1968,2.2394,high,1.0,1.0,2,0,0,4.0,4.0,4.5,5-GW avg pts 4.00; mins 90; xGI 0.00; current GWs 2; fixture Elo diff -17,False,False,False,False,False,False,False,False,False,False,False,False,False,False,False,False,False,False,False,False,False,False,False,False,False,False,False,False,False,False,False,False
ca9f902dba0a551f7010f2afceb6fbc5a1e10681,204480,13,Declan,Rice,Rice,3,Arsenal,ARS,Midfielder,a,False,7.5,16.1,2.829,2.83,2.6788,2.9534,2.6788,11.1937,1.4925,high,1.0,1.0,1,0,0,3.2,3.2,2.6,5-GW avg pts 3.20; mins 62; xGI 0.12; current GWs 1; fixture Elo diff +258,False,False,False,False,False,False,False,False,False,False,False,False,False,False,False,False,False,False,False,False,False,False,False,False,False,False,False,False,False,False,False,False
ca9f902dba0a551f7010f2afceb6fbc5a1e10681,571779,570,César,Palacios,Palacios,54,Fulham,FUL,Midfielder,a,False,5.5,0.2,2.7538,2.4827,2.537,3.2706,3.1314,11.1862,2.0338,low,0.34,0.4,2,0,1,1.5,1.5,1.5,5-GW avg pts 1.50; mins 74; xGI 0.09; current GWs 2; fixture Elo diff +21,False,False,False,False,False,False,False,False,False,False,False,False,False,False,False,False,False,False,False,False,False,False,False,False,False,False,False,False,False,False,False,False
ca9f902dba0a551f7010f2afceb6fbc5a1e10681,247632,156,Pedro,Lomba Neto,Neto,8,Chelsea,CHE,Midfielder,a,False,6.5,1.2,2.4053,3.0838,2.8467,2.8671,2.8467,11.1731,1.7189,high,0.85,1.0,2,0,1,3.8,3.8,4.0,5-GW avg pts 3.80; mins 47; xGI 0.21; current GWs 2; fixture Elo diff -17,False,False,False,False,False,False,False,False,False,False,False,False,False,False,False,False,False,False,False,False,False,False,False,False,False,False,False,False,False,False,False,False
ca9f902dba0a551f7010f2afceb6fbc5a1e10681,84450,544,Granit,Xhaka,Xhaka,56,Sunderland,SUN,Midfielder,a,False,5.5,4.6,2.9599,2.4952,2.7876,3.036,2.6581,11.1558,2.0283,high,1.0,1.0,2,0,0,4.6,4.6,7.5,5-GW avg pts 4.60; mins 90; xGI 0.21; current GWs 2; fixture Elo diff -181,False,False,False,False,False,False,False,False,False,False,False,False,False,False,False,False,False,False,False,False,False,False,False,False,False,False,False,False,False,False,False,False
ca9f902dba0a551f7010f2afceb6fbc5a1e10681,489639,109,Bart,Verbruggen,Verbruggen,36,Brighton,BHA,Goalkeeper,a,False,4.5,21.5,2.9711,3.1072,2.0598,2.7904,2.9711,11.1514,2.4781,high,0.85,1.0,2,0,1,3.2,3.2,3.0,5-GW avg pts 3.20; mins 90; xGI 0.00; current GWs 2; fixture Elo diff +29,False,False,False,False,False,False,False,False,False,False,False,False,False,False,False,False,False,False,False,False,False,False,False,False,False,False,False,False,False,False,False,False
ca9f902dba0a551f7010f2afceb6fbc5a1e10681,477424,391,Joško,Gvardiol,Gvardiol,43,Man City,MCI,Defender,a,False,5.6,16.1,3.1644,2.4052,2.7959,2.4052,3.1644,11.1481,1.9907,high,0.85,1.0,2,0,1,3.2,3.2,7.0,5-GW avg pts 3.20; mins 47; xGI 0.08; current GWs 2; fixture Elo diff +192,False,False,False,False,False,False,False,False,False,False,False,False,False,False,False,False,False,False,False,False,False,False,False,False,False,False,False,False,False,False,False,False
ca9f902dba0a551f7010f2afceb6fbc5a1e10681,83299,116,Lewis,Dunk,Dunk,36,Brighton,BHA,Defender,a,False,4.5,1.2,2.9968,2.9532,2.2377,2.7101,2.9968,11.1399,2.4755,high,0.85,1.0,2,0,1,4.4,4.4,2.5,5-GW avg pts 4.40; mins 90; xGI 0.13; current GWs 2; fixture Elo diff +29,False,False,False,False,False,False,False,False,False,False,False,False,False,False,False,False,False,False,False,False,False,False,False,False,False,False,False,False,False,False,False,False
ca9f902dba0a551f7010f2afceb6fbc5a1e10681,54469,64,Adam,Smith,Smith,91,Bournemouth,BOU,Defender,a,False,4.5,0.1,2.7,2.8586,2.805,2.7,2.8389,11.1101,2.4689,high,1.0,1.0,2,0,0,4.2,4.2,1.0,5-GW avg pts 4.20; mins 90; xGI 0.01; current GWs 2; fixture Elo diff +41,False,False,False,False,False,False,False,False,False,False,False,False,False,False,False,False,False,False,False,False,False,False,False,False,False,False,False,False,False,False,False,False
ca9f902dba0a551f7010f2afceb6fbc5a1e10681,210156,492,Taiwo,Awoniyi,Awoniyi,9,Coventry City,COV,Forward,a,False,5.5,0.8,2.5951,2.8599,2.6924,2.8599,2.9652,11.1039,2.0189,high,0.85,1.0,2,0,1,1.2,1.2,1.5,5-GW avg pts 1.20; mins 46; xGI 0.37; current GWs 2; fixture Elo diff -184,False,False,False,False,False,False,False,False,False,False,False,False,False,False,False,False,False,False,False,False,False,False,False,False,False,False,False,False,False,False,False,False
ca9f902dba0a551f7010f2afceb6fbc5a1e10681,176297,429,Marcus,Rashford,Rashford,1,Man Utd,MUN,Midfielder,a,False,7.0,1.6,2.8353,2.483,2.8353,2.9413,2.8353,11.0983,1.5855,high,1.0,1.0,2,0,0,0.6,0.6,1.5,5-GW avg pts 0.60; mins 25; xGI 0.08; current GWs 2; fixture Elo diff +83,False,False,False,False,False,False,False,False,False,False,False,False,False,False,False,False,False,False,False,False,False,False,False,False,False,False,False,False,False,False,False,False
ca9f902dba0a551f7010f2afceb6fbc5a1e10681,243016,372,Alexis,Mac Allister,Mac Allister,14,Liverpool,LIV,Midfielder,a,False,5.5,1.5,2.9527,2.9258,2.5708,2.4636,2.8121,11.0543,2.0099,high,0.85,1.0,2,0,1,1.8,1.8,1.5,5-GW avg pts 1.80; mins 75; xGI 0.20; current GWs 2; fixture Elo diff +79,False,False,False,False,False,False,False,False,False,False,False,False,False,False,False,False,False,False,False,False,False,False,False,False,False,False,False,False,False,False,False,False
ca9f902dba0a551f7010f2afceb6fbc5a1e10681,200834,533,Nordi,Mukiele,Mukiele,56,Sunderland,SUN,Defender,a,False,5.5,2.4,2.916,2.4826,2.715,3.0208,2.6954,11.0541,2.0098,high,1.0,1.0,2,0,0,4.2,4.2,4.5,5-GW avg pts 4.20; mins 72; xGI 0.11; current GWs 2; fixture Elo diff -181,False,False,False,False,False,False,False,False,False,False,False,False,False,False,False,False,False,False,False,False,False,False,False,False,False,False,False,False,False,False,False,False
ca9f902dba0a551f7010f2afceb6fbc5a1e10681,570794,588,Anan,Khalaili,Khalaili,31,Crystal Palace,CRY,Defender,a,False,5.0,0.1,2.6783,3.0224,2.6251,2.7595,2.6783,11.0372,2.2074,low,0.34,0.4,2,0,1,1.5,1.5,1.5,5-GW avg pts 1.50; mins 54; xGI 0.09; current GWs 2; fixture Elo diff +16,False,False,False,False,False,False,False,False,False,False,False,False,False,False,False,False,False,False,False,False,False,False,False,False,False,False,False,False,False,False,False,False
ca9f902dba0a551f7010f2afceb6fbc5a1e10681,432720,385,James,Trafford,Trafford,2,Leeds,LEE,Goalkeeper,a,False,5.0,4.8,2.9875,3.017,3.0577,2.0111,2.4644,11.0354,2.2071,high,1.0,1.0,2,0,0,2.8,2.8,6.0,5-GW avg pts 2.80; mins 54; xGI 0.00; current GWs 2; fixture Elo diff -96,False,False,False,False,False,False,False,False,False,False,False,False,False,False,False,False,False,False,False,False,False,False,False,False,False,False,False,False,False,False,False,False
ca9f902dba0a551f7010f2afceb6fbc5a1e10681,531442,315,Abdul,Fatawu,Fatawu,40,Ipswich Town,IPS,Midfielder,a,False,5.5,0.2,2.8381,2.7249,2.7249,2.9625,2.3524,10.9555,1.9919,low,0.34,0.4,2,0,1,3.0,3.0,3.0,5-GW avg pts 3.00; mins 74; xGI 0.32; current GWs 2; fixture Elo diff -194,False,False,False,False,False,False,False,False,False,False,False,False,False,False,False,False,False,False,False,False,False,False,False,False,False,False,False,False,False,False,False,False
ca9f902dba0a551f7010f2afceb6fbc5a1e10681,516895,432,Kobbie,Mainoo,Mainoo,1,Man Utd,MUN,Midfielder,a,False,5.5,1.0,2.7241,2.619,2.7241,2.9658,2.671,10.9393,1.989,high,1.0,1.0,2,0,0,3.2,3.2,2.5,5-GW avg pts 3.20; mins 74; xGI 0.10; current GWs 2; fixture Elo diff +83,False,False,False,False,False,False,False,False,False,False,False,False,False,False,False,False,False,False,False,False,False,False,False,False,False,False,False,False,False,False,False,False
ca9f902dba0a551f7010f2afceb6fbc5a1e10681,480455,230,Jarrad,Branthwaite,Branthwaite,11,Everton,EVE,Defender,a,False,5.5,1.9,2.5069,2.769,2.8106,2.9206,2.7417,10.9368,1.9885,high,0.85,1.0,2,0,1,2.0,2.0,5.0,5-GW avg pts 2.00; mins 36; xGI 0.02; current GWs 2; fixture Elo diff +32,False,False,False,False,False,False,False,False,False,False,False,False,False,False,False,False,False,False,False,False,False,False,False,False,False,False,False,False,False,False,False,False
ca9f902dba0a551f7010f2afceb6fbc5a1e10681,168144,184,Matt,Grimes,Grimes,9,Coventry City,COV,Midfielder,a,False,5.0,0.2,2.4542,2.8392,2.7339,2.8392,2.8258,10.8795,2.1759,low,0.34,0.4,2,0,1,2.0,2.0,2.0,5-GW avg pts 2.00; mins 90; xGI 0.03; current GWs 2; fixture Elo diff -184,False,False,False,False,False,False,False,False,False,False,False,False,False,False,False,False,False,False,False,False,False,False,False,False,False,False,False,False,False,False,False,False
ca9f902dba0a551f7010f2afceb6fbc5a1e10681,441266,371,Ryan,Gravenberch,Gravenberch,14,Liverpool,LIV,Midfielder,a,False,6.0,1.9,2.8009,2.8718,2.6365,2.4829,2.7353,10.8739,1.8123,high,0.85,1.0,2,0,1,4.0,4.0,3.0,5-GW avg pts 4.00; mins 67; xGI 0.08; current GWs 2; fixture Elo diff +79,False,False,False,False,False,False,False,False,False,False,False,False,False,False,False,False,False,False,False,False,False,False,False,False,False,False,False,False,False,False,False,False
ca9f902dba0a551f7010f2afceb6fbc5a1e10681,169432,295,Oli,McBurnie,McBurnie,88,Hull City,HUL,Forward,a,False,5.5,2.1,2.6349,2.649,2.649,2.9136,2.649,10.7671,1.9576,low,0.34,0.4,2,0,1,3.0,3.0,3.0,5-GW avg pts 3.00; mins 90; xGI 0.09; current GWs 2; fixture Elo diff -175,False,False,False,False,False,False,False,False,False,False,False,False,False,False,False,False,False,False,False,False,False,False,False,False,False,False,False,False,False,False,False,False
ca9f902dba0a551f7010f2afceb6fbc5a1e10681,106760,423,Luke,Shaw,Shaw,1,Man Utd,MUN,Defender,a,False,4.5,18.5,2.6057,2.6596,2.6057,3.0012,2.6057,10.7482,2.3885,high,1.0,1.0,2,0,0,4.2,4.2,1.5,5-GW avg pts 4.20; mins 85; xGI 0.12; current GWs 2; fixture Elo diff +83,False,False,False,False,False,False,False,False,False,False,False,False,False,False,False,False,False,False,False,False,False,False,False,False,False,False,False,False,False,False,False,False
ca9f902dba0a551f7010f2afceb6fbc5a1e10681,440089,96,Mikkel,Damsgaard,Damsgaard,94,Brentford,BRE,Midfielder,a,False,5.5,0.5,2.8469,2.5449,2.766,2.5194,2.6976,10.7323,1.9513,high,1.0,1.0,2,0,0,2.2,2.2,2.0,5-GW avg pts 2.20; mins 49; xGI 0.19; current GWs 2; fixture Elo diff -17,False,False,False,False,False,False,False,False,False,False,False,False,False,False,False,False,False,False,False,False,False,False,False,False,False,False,False,False,False,False,False,False
ca9f902dba0a551f7010f2afceb6fbc5a1e10681,198869,10,Benjamin,White,White,3,Arsenal,ARS,Defender,a,False,5.5,7.0,2.7417,2.749,2.5786,2.6934,2.5804,10.7123,1.9477,high,1.0,1.0,1,0,0,3.6,3.6,2.5,5-GW avg pts 3.60; mins 40; xGI 0.11; current GWs 1; fixture Elo diff +258,False,False,False,False,False,False,False,False,False,False,False,False,False,False,False,False,False,False,False,False,False,False,False,False,False,False,False,False,False,False,False,False
ca9f902dba0a551f7010f2afceb6fbc5a1e10681,244723,204,Tyrick,Mitchell,Mitchell,31,Crystal Palace,CRY,Defender,a,False,4.5,5.2,2.5522,3.0561,2.4582,2.7312,2.5375,10.7035,2.3786,high,0.85,1.0,2,0,1,1.8,1.8,0.5,5-GW avg pts 1.80; mins 99; xGI 0.19; current GWs 2; fixture Elo diff +16,False,True,False,False,False,True,False,False,False,False,False,True,False,False,False,False,False,True,False,False,False,False,False,True,False,False,False,False,False,True,False,False
ca9f902dba0a551f7010f2afceb6fbc5a1e10681,432422,455,Sandro,Tonali,Tonali,6,Spurs,TOT,Midfielder,a,False,5.5,3.4,2.7741,2.8678,2.4106,2.3034,3.0105,10.7023,1.9459,high,0.85,1.0,2,0,1,1.4,1.4,2.0,5-GW avg pts 1.40; mins 61; xGI 0.07; current GWs 2; fixture Elo diff -48,False,False,False,False,False,False,False,False,False,False,False,False,False,False,False,False,False,False,False,False,False,False,False,False,False,False,False,False,False,False,False,False
ca9f902dba0a551f7010f2afceb6fbc5a1e10681,577669,545,Noah,Sadiki,Sadiki,56,Sunderland,SUN,Midfielder,a,False,5.0,0.3,3.0273,2.2029,2.4183,3.0569,2.6946,10.701,2.1402,high,1.0,1.0,2,0,0,2.6,2.6,2.5,5-GW avg pts 2.60; mins 87; xGI 0.12; current GWs 2; fixture Elo diff -181,False,False,False,False,False,False,False,False,False,False,False,False,False,False,False,False,False,False,False,False,False,False,False,False,False,False,False,False,False,False,False,False
ca9f902dba0a551f7010f2afceb6fbc5a1e10681,449434,454,Anthony,Elanga,Elanga,4,Newcastle,NEW,Midfielder,a,False,6.1,5.0,2.6202,2.6306,2.8223,2.7422,2.551,10.6957,1.7534,high,0.85,1.0,2,0,1,3.8,3.8,8.5,5-GW avg pts 3.80; mins 37; xGI 0.15; current GWs 2; fixture Elo diff +54,False,False,False,False,False,False,False,False,False,False,False,False,False,False,False,False,False,False,False,False,False,False,False,False,False,False,False,False,False,False,False,False
ca9f902dba0a551f7010f2afceb6fbc5a1e10681,609873,244,Harrison,Armstrong,Armstrong,11,Everton,EVE,Midfielder,a,False,5.0,0.3,2.4489,2.5893,2.8387,2.9545,2.5953,10.6756,2.1351,high,0.85,1.0,2,0,1,2.2,2.2,5.0,5-GW avg pts 2.20; mins 41; xGI 0.02; current GWs 2; fixture Elo diff +32,False,False,False,False,False,False,False,False,False,False,False,False,False,False,False,False,False,False,False,False,False,False,False,False,False,False,False,False,False,False,False,False
ca9f902dba0a551f7010f2afceb6fbc5a1e10681,488024,211,Yéremy,Pino Santos,Yeremy,31,Crystal Palace,CRY,Midfielder,a,False,5.5,0.2,2.5827,2.794,2.698,2.6728,2.5809,10.6753,1.941,high,0.85,1.0,2,0,1,2.4,2.4,3.0,5-GW avg pts 2.40; mins 50; xGI 0.19; current GWs 2; fixture Elo diff +16,False,False,False,False,False,False,False,False,False,False,False,False,False,False,False,False,False,False,False,False,False,False,False,False,False,False,False,False,False,False,False,False
ca9f902dba0a551f7010f2afceb6fbc5a1e10681,543968,316,Emersonn,Correia da Silva,Emersonn,40,Ipswich Town,IPS,Forward,a,False,5.5,2.0,2.8746,2.4935,2.4935,3.0088,2.4026,10.6613,1.9384,low,0.34,0.4,2,0,1,5.0,5.0,5.0,5-GW avg pts 5.00; mins 55; xGI 0.44; current GWs 2; fixture Elo diff -194,False,False,False,False,False,False,False,False,False,False,False,False,False,False,False,False,False,False,False,False,False,False,False,False,False,False,False,False,False,False,False,False
ca9f902dba0a551f7010f2afceb6fbc5a1e10681,200089,460,Joe,Willock,Willock,4,Newcastle,NEW,Midfielder,a,False,5.0,0.3,2.6249,2.5571,2.8091,2.6678,2.67,10.6429,2.1286,high,0.85,1.0,2,0,1,3.0,3.0,4.5,5-GW avg pts 3.00; mins 46; xGI 0.19; current GWs 2; fixture Elo diff +54,False,False,False,False,False,False,False,False,False,False,False,False,False,False,False,False,False,False,False,False,False,False,False,False,False,False,False,False,False,False,False,False
ca9f902dba0a551f7010f2afceb6fbc5a1e10681,467779,130,Mats,Wieffer,Wieffer,36,Brighton,BHA,Defender,a,False,5.0,0.5,2.7614,2.8834,2.1831,2.7332,2.6969,10.6343,2.1269,high,0.85,1.0,2,0,1,1.8,1.8,3.5,5-GW avg pts 1.80; mins 49; xGI 0.05; current GWs 2; fixture Elo diff +29,False,False,False,False,False,False,False,False,False,False,False,False,False,False,False,False,False,False,False,False,False,False,False,False,False,False,False,False,False,False,False,False
ca9f902dba0a551f7010f2afceb6fbc5a1e10681,248857,16,Noni,Madueke,Madueke,3,Arsenal,ARS,Midfielder,a,False,6.4,0.3,2.7096,2.5679,2.5893,2.8056,2.5911,10.6107,1.6579,high,1.0,1.0,1,0,0,2.8,2.8,2.3,5-GW avg pts 2.80; mins 32; xGI 0.15; current GWs 1; fixture Elo diff +258,False,False,False,False,False,False,False,False,False,False,False,False,False,False,False,False,False,False,False,False,False,False,False,False,False,False,False,False,False,False,False,False
ca9f902dba0a551f7010f2afceb6fbc5a1e10681,88894,46,Ross,Barkley,Barkley,7,Aston Villa,AVL,Midfielder,a,False,5.0,0.2,2.5911,2.7385,2.6287,2.7385,2.5339,10.5959,2.1192,high,0.85,1.0,1,0,1,3.6,3.6,1.5,5-GW avg pts 3.60; mins 73; xGI 0.21; current GWs 1; fixture Elo diff +133,False,False,False,False,False,False,False,False,False,False,False,False,False,False,False,False,False,False,False,False,False,False,False,False,False,False,False,False,False,False,False,False
ca9f902dba0a551f7010f2afceb6fbc5a1e10681,204561,558,Xaver,Schlager,Schlager,17,Nott'm Forest,NFO,Midfielder,a,False,5.0,0.1,2.8544,2.4459,2.8353,2.6428,2.3116,10.5608,2.1122,low,0.34,0.4,2,0,1,2.5,2.5,2.5,5-GW avg pts 2.50; mins 53; xGI 0.03; current GWs 2; fixture Elo diff -24,False,False,False,False,False,False,False,False,False,False,False,False,False,False,False,False,False,False,False,False,False,False,False,False,False,False,False,False,False,False,False,False
ca9f902dba0a551f7010f2afceb6fbc5a1e10681,455084,305,Leif,Davis,Davis,40,Ipswich Town,IPS,Defender,a,False,4.0,4.8,2.7602,2.577,2.577,2.8813,2.2693,10.5196,2.6299,low,0.34,0.4,2,0,1,4.0,4.0,4.0,5-GW avg pts 4.00; mins 90; xGI 0.31; current GWs 2; fixture Elo diff -194,False,False,False,False,False,False,False,False,False,False,False,False,False,False,False,False,False,False,False,False,False,False,False,False,False,False,False,False,False,False,False,False
ca9f902dba0a551f7010f2afceb6fbc5a1e10681,474120,591,Julio,Enciso,Enciso,40,Ipswich Town,IPS,Midfielder,a,False,5.5,0.5,2.7008,2.6067,2.6067,2.7588,2.3931,10.4992,1.909,high,0.85,1.0,2,0,1,2.0,2.0,5.0,5-GW avg pts 2.00; mins 32; xGI 0.25; current GWs 2; fixture Elo diff -194,False,False,False,False,False,False,False,False,False,False,False,False,False,False,False,False,False,False,False,False,False,False,False,False,False,False,False,False,False,False,False,False
ca9f902dba0a551f7010f2afceb6fbc5a1e10681,491279,503,Micky,van de Ven,Van de Ven,6,Spurs,TOT,Defender,a,False,5.0,4.1,2.6372,2.6924,2.4737,2.405,2.9336,10.4829,2.0966,high,0.85,1.0,2,0,1,1.6,1.6,0.0,5-GW avg pts 1.60; mins 72; xGI 0.01; current GWs 2; fixture Elo diff -48,False,False,False,False,False,False,False,False,False,False,False,False,False,False,False,False,False,False,False,False,False,False,False,False,False,False,False,False,False,False,False,False
ca9f902dba0a551f7010f2afceb6fbc5a1e10681,441264,552,Brian,Brobbey,Brobbey,56,Sunderland,SUN,Forward,a,False,6.0,11.5,2.5957,2.561,2.4936,2.9837,2.4739,10.4684,1.7447,high,1.0,1.0,2,0,0,3.6,3.6,2.0,5-GW avg pts 3.60; mins 71; xGI 0.38; current GWs 2; fixture Elo diff -181,False,False,False,False,False,False,False,False,False,False,False,False,False,False,False,False,False,False,False,False,False,False,False,False,False,False,False,False,False,False,False,False
ca9f902dba0a551f7010f2afceb6fbc5a1e10681,221820,419,Lisandro,Martínez,Martinez,1,Man Utd,MUN,Defender,a,False,5.0,1.3,2.6175,2.488,2.6175,2.7425,2.6175,10.4408,2.0882,high,1.0,1.0,2,0,0,3.2,3.2,0.5,5-GW avg pts 3.20; mins 72; xGI 0.04; current GWs 2; fixture Elo diff +83,False,False,False,False,False,False,False,False,False,False,False,False,False,False,False,False,False,False,False,False,False,False,False,False,False,False,False,False,False,False,False,False
ca9f902dba0a551f7010f2afceb6fbc5a1e10681,224117,25,Viktor,Gyökeres,Gyökeres,3,Arsenal,ARS,Forward,a,False,7.4,6.2,2.6016,2.5345,2.5266,2.8334,2.5266,10.4034,1.4059,high,1.0,1.0,1,0,0,4.0,4.0,2.3,5-GW avg pts 4.00; mins 35; xGI 0.43; current GWs 1; fixture Elo diff +258,False,False,False,False,False,False,False,False,False,False,False,False,False,False,False,False,False,False,False,False,False,False,False,False,False,False,False,False,False,False,False,False
ca9f902dba0a551f7010f2afceb6fbc5a1e10681,442967,562,Daizen,Maeda,Maeda,40,Ipswich Town,IPS,Midfielder,a,False,5.5,0.4,2.6348,2.6219,2.6219,2.7528,2.2961,10.3967,1.8903,low,0.34,0.4,2,0,1,2.0,2.0,2.0,5-GW avg pts 2.00; mins 76; xGI 0.33; current GWs 2; fixture Elo diff -194,False,False,False,False,False,False,False,False,False,False,False,False,False,False,False,False,False,False,False,False,False,False,False,False,False,False,False,False,False,False,False,False
ca9f902dba0a551f7010f2afceb6fbc5a1e10681,456512,483,Dan,Ndoye,Ndoye,17,Nott'm Forest,NFO,Midfielder,a,False,5.5,0.5,2.8096,2.3979,2.823,2.4445,2.4276,10.3937,1.8898,high,0.85,1.0,2,0,1,2.4,2.4,6.0,5-GW avg pts 2.40; mins 25; xGI 0.20; current GWs 2; fixture Elo diff -24,False,False,False,False,False,False,False,False,False,False,False,False,False,False,False,False,False,False,False,False,False,False,False,False,False,False,False,False,False,False,False,False
ca9f902dba0a551f7010f2afceb6fbc5a1e10681,606702,362,Jeremy,Jacquet,Jacquet,14,Liverpool,LIV,Defender,a,False,5.0,2.5,2.8882,2.6216,2.4332,2.3661,2.5301,10.3685,2.0737,low,0.34,0.4,2,0,1,2.0,2.0,2.0,5-GW avg pts 2.00; mins 72; xGI 0.04; current GWs 2; fixture Elo diff +79,False,False,False,False,False,False,False,False,False,False,False,False,False,False,False,False,False,False,False,False,False,False,False,False,False,False,False,False,False,False,False,False
ca9f902dba0a551f7010f2afceb6fbc5a1e10681,610799,504,Luka,Vušković,Vuskovic,36,Brighton,BHA,Defender,a,False,5.0,2.5,2.6554,2.6749,2.2891,2.6833,2.6554,10.3656,2.0731,high,0.85,1.0,2,0,1,1.2,1.2,3.0,5-GW avg pts 1.20; mins 36; xGI 0.04; current GWs 2; fixture Elo diff +29,False,False,False,False,False,False,False,False,False,False,False,False,False,False,False,False,False,False,False,False,False,False,False,False,False,False,False,False,False,False,False,False
ca9f902dba0a551f7010f2afceb6fbc5a1e10681,219924,259,Issa,Diop,Diop,40,Ipswich Town,IPS,Defender,a,False,4.0,16.5,2.6902,2.5748,2.5748,2.8791,2.1339,10.3631,2.5908,high,0.85,1.0,2,0,1,4.4,4.4,2.0,5-GW avg pts 4.40; mins 80; xGI 0.16; current GWs 2; fixture Elo diff -194,False,False,False,False,False,False,False,False,False,False,False,False,False,False,False,False,False,False,False,False,False,False,False,False,False,False,False,False,False,False,False,False
ca9f902dba0a551f7010f2afceb6fbc5a1e10681,487676,534,Trai,Hume,Hume,56,Sunderland,SUN,Defender,a,False,4.5,6.0,2.8567,2.2353,2.2119,3.1738,2.4922,10.3549,2.3011,high,1.0,1.0,2,0,0,4.6,4.6,4.0,5-GW avg pts 4.60; mins 81; xGI 0.16; current GWs 2; fixture Elo diff -181,False,False,False,False,False,False,False,False,False,False,False,False,False,False,False,False,False,False,False,False,False,False,False,False,False,False,False,False,False,False,False,False
ca9f902dba0a551f7010f2afceb6fbc5a1e10681,647850,138,Charalampos,Kostoulas,Kostoulas,36,Brighton,BHA,Forward,a,False,5.5,0.3,2.6635,2.6778,2.2997,2.6537,2.599,10.3303,1.8782,high,0.85,1.0,2,0,1,1.8,1.8,3.0,5-GW avg pts 1.80; mins 29; xGI 0.17; current GWs 2; fixture Elo diff +29,False,False,False,False,False,False,False,False,False,False,False,False,False,False,False,False,False,False,False,False,False,False,False,False,False,False,False,False,False,False,False,False
ca9f902dba0a551f7010f2afceb6fbc5a1e10681,174874,253,Joachim,Andersen,Andersen,54,Fulham,FUL,Defender,a,False,5.0,0.1,2.4656,2.2642,2.2867,3.1283,2.9856,10.3139,2.0628,high,0.85,1.0,2,0,1,-0.2,-0.2,0.5,5-GW avg pts -0.20; mins 28; xGI 0.02; current GWs 2; fixture Elo diff +21,False,False,False,False,False,False,False,False,False,False,False,False,False,False,False,False,False,False,False,False,False,False,False,False,False,False,False,False,False,False,False,False
ca9f902dba0a551f7010f2afceb6fbc5a1e10681,434752,327,Jaka,Bijol,Bijol,2,Leeds,LEE,Defender,a,False,5.0,1.0,2.5973,2.6497,2.6644,2.2911,2.6324,10.2968,2.0594,high,1.0,1.0,2,0,0,5.0,5.0,5.5,5-GW avg pts 5.00; mins 77; xGI 0.04; current GWs 2; fixture Elo diff -96,False,False,False,False,False,False,False,False,False,False,False,False,False,False,False,False,False,False,False,False,False,False,False,False,False,False,False,False,False,False,False,False
ca9f902dba0a551f7010f2afceb6fbc5a1e10681,575458,474,Jair,Paula da Cunha Filho,Jair Cunha,17,Nott'm Forest,NFO,Defender,a,False,4.5,0.2,2.7593,2.1424,3.1308,2.5428,2.0327,10.1917,2.2648,high,0.85,1.0,2,0,1,1.4,1.4,1.0,5-GW avg pts 1.40; mins 68; xGI 0.04; current GWs 2; fixture Elo diff -24,False,False,False,False,False,False,False,False,False,False,False,False,False,False,False,False,False,False,False,False,False,False,False,False,False,False,False,False,False,False,False,False
ca9f902dba0a551f7010f2afceb6fbc5a1e10681,477555,264,Oscar,Bobb,Bobb,54,Fulham,FUL,Midfielder,a,False,5.5,0.3,2.5543,2.3965,2.4906,2.666,2.6965,10.1877,1.8523,high,0.85,1.0,2,0,1,2.2,2.2,2.5,5-GW avg pts 2.20; mins 62; xGI 0.21; current GWs 2; fixture Elo diff +21,False,False,False,False,False,False,False,False,False,False,False,False,False,False,False,False,False,False,False,False,False,False,False,False,False,False,False,False,False,False,False,False
ca9f902dba0a551f7010f2afceb6fbc5a1e10681,449429,306,Jacob,Greaves,Greaves,40,Ipswich Town,IPS,Defender,a,False,4.0,1.4,2.6524,2.5035,2.5035,2.7364,2.2306,10.1622,2.5405,low,0.34,0.4,2,0,1,0.5,0.5,0.5,5-GW avg pts 0.50; mins 90; xGI 0.01; current GWs 2; fixture Elo diff -194,False,False,False,False,False,False,False,False,False,False,False,False,False,False,False,False,False,False,False,False,False,False,False,False,False,False,False,False,False,False,False,False
ca9f902dba0a551f7010f2afceb6fbc5a1e10681,498016,529,Robin,Roefs,Roefs,56,Sunderland,SUN,Goalkeeper,a,False,5.0,3.7,2.7465,2.2513,2.4622,2.7958,2.4064,10.1434,2.0287,high,1.0,1.0,2,0,0,3.6,3.6,3.5,5-GW avg pts 3.60; mins 90; xGI 0.00; current GWs 2; fixture Elo diff -181,False,False,False,False,False,False,False,False,False,False,False,False,False,False,False,False,False,False,False,False,False,False,False,False,False,False,False,False,False,False,False,False
ca9f902dba0a551f7010f2afceb6fbc5a1e10681,539142,182,Aurèle,Amenda,Amenda,9,Coventry City,COV,Defender,a,False,4.0,0.8,2.2401,2.7345,2.5016,2.7345,2.5064,10.1205,2.5301,low,0.34,0.4,2,0,1,1.0,1.0,1.0,5-GW avg pts 1.00; mins 90; xGI 0.03; current GWs 2; fixture Elo diff -184,False,False,False,False,False,False,False,False,False,False,False,False,False,False,False,False,False,False,False,False,False,False,False,False,False,False,False,False,False,False,False,False
ca9f902dba0a551f7010f2afceb6fbc5a1e10681,465694,405,Nico,González Iglesias,N.Gonzalez,4,Newcastle,NEW,Midfielder,a,False,5.5,0.2,2.4323,2.5169,2.6477,2.6162,2.4171,10.0973,1.8359,high,0.85,1.0,2,0,1,1.2,1.2,1.0,5-GW avg pts 1.20; mins 32; xGI 0.07; current GWs 2; fixture Elo diff +54,False,False,False,False,False,False,False,False,False,False,False,False,False,False,False,False,False,False,False,False,False,False,False,False,False,False,False,False,False,False,False,False
ca9f902dba0a551f7010f2afceb6fbc5a1e10681,448047,155,Enzo,Fernández,Enzo,8,Chelsea,CHE,Midfielder,a,False,6.9,3.9,2.2295,2.9195,2.336,2.5352,2.632,10.0796,1.4608,high,0.85,1.0,2,0,1,4.6,4.6,0.5,5-GW avg pts 4.60; mins 59; xGI 0.19; current GWs 2; fixture Elo diff -17,False,True,False,False,False,False,False,False,False,False,False,True,False,False,False,False,False,False,False,False,False,False,False,False,False,False,False,False,False,True,False,False
ca9f902dba0a551f7010f2afceb6fbc5a1e10681,232653,456,Jacob,Ramsey,J.Ramsey,4,Newcastle,NEW,Midfielder,a,False,5.0,0.3,2.3209,2.6331,2.6775,2.6398,2.3209,10.0732,2.0146,high,0.85,1.0,2,0,1,3.6,3.6,0.5,5-GW avg pts 3.60; mins 50; xGI 0.14; current GWs 2; fixture Elo diff +54,False,False,False,False,False,False,False,False,False,False,False,False,False,False,False,False,False,False,False,False,False,False,False,False,False,False,False,False,False,False,False,False
ca9f902dba0a551f7010f2afceb6fbc5a1e10681,482609,144,Malo,Gusto,Gusto,8,Chelsea,CHE,Defender,a,False,5.0,1.2,1.9518,2.9099,2.6479,2.5054,2.6479,10.0315,2.0063,high,0.85,1.0,2,0,1,0.6,0.6,1.0,5-GW avg pts 0.60; mins 68; xGI 0.12; current GWs 2; fixture Elo diff -17,False,False,False,False,False,False,False,False,False,False,False,False,False,False,False,False,False,False,False,False,False,False,False,False,False,False,False,False,False,False,False,False
ca9f902dba0a551f7010f2afceb6fbc5a1e10681,244860,247,Hayden,Hackney,Hackney,11,Everton,EVE,Midfielder,a,False,5.5,0.2,2.329,2.4925,2.7233,2.5978,2.4342,10.0299,1.8236,low,0.34,0.4,2,0,1,2.0,2.0,2.0,5-GW avg pts 2.00; mins 53; xGI 0.01; current GWs 2; fixture Elo diff +32,False,False,False,False,False,False,False,False,False,False,False,False,False,False,False,False,False,False,False,False,False,False,False,False,False,False,False,False,False,False,False,False
ca9f902dba0a551f7010f2afceb6fbc5a1e10681,514356,161,Roméo,Lavia,Lavia,8,Chelsea,CHE,Midfielder,a,False,5.0,0.1,2.1875,2.7261,2.52,2.5618,2.52,9.9623,1.9925,high,0.85,1.0,2,0,1,1.6,1.6,4.0,5-GW avg pts 1.60; mins 26; xGI 0.16; current GWs 2; fixture Elo diff -17,False,False,False,False,False,False,False,False,False,False,False,False,False,False,False,False,False,False,False,False,False,False,False,False,False,False,False,False,False,False,False,False
ca9f902dba0a551f7010f2afceb6fbc5a1e10681,173878,176,Jay,Dasilva,Dasilva,9,Coventry City,COV,Defender,a,False,4.0,0.8,2.2223,2.663,2.4557,2.663,2.5025,9.9491,2.4873,low,0.34,0.4,2,0,1,1.5,1.5,1.5,5-GW avg pts 1.50; mins 90; xGI 0.12; current GWs 2; fixture Elo diff -184,False,False,False,False,False,False,False,False,False,False,False,False,False,False,False,False,False,False,False,False,False,False,False,False,False,False,False,False,False,False,False,False
ca9f902dba0a551f7010f2afceb6fbc5a1e10681,470313,463,Nick,Woltemade,Woltemade,4,Newcastle,NEW,Forward,a,False,6.0,1.5,2.3452,2.5088,2.6445,2.5335,2.3452,9.8994,1.6499,high,0.85,1.0,2,0,1,3.2,3.2,2.0,5-GW avg pts 3.20; mins 46; xGI 0.11; current GWs 2; fixture Elo diff +54,False,False,False,False,False,False,False,False,False,False,False,False,False,False,False,False,False,False,False,False,False,False,False,False,False,False,False,False,False,False,False,False
ca9f902dba0a551f7010f2afceb6fbc5a1e10681,146426,279,Semi,Ajayi,Ajayi,88,Hull City,HUL,Defender,a,False,4.0,4.5,2.6645,2.3246,2.3246,2.6748,2.3246,9.8836,2.4709,low,0.34,0.4,2,0,1,10.0,10.0,10.0,5-GW avg pts 10.00; mins 76; xGI 0.26; current GWs 2; fixture Elo diff -175,False,False,False,False,False,False,False,False,False,False,False,False,False,False,False,False,False,False,False,False,False,False,False,False,False,False,False,False,False,False,False,False
ca9f902dba0a551f7010f2afceb6fbc5a1e10681,223827,532,Daniel,Ballard,Ballard,56,Sunderland,SUN,Defender,a,False,5.0,4.7,2.5594,2.314,2.4056,2.6315,2.4328,9.8682,1.9736,high,1.0,1.0,2,0,0,1.6,1.6,4.0,5-GW avg pts 1.60; mins 36; xGI 0.01; current GWs 2; fixture Elo diff -181,False,False,False,False,False,False,False,False,False,False,False,False,False,False,False,False,False,False,False,False,False,False,False,False,False,False,False,False,False,False,False,False
ca9f902dba0a551f7010f2afceb6fbc5a1e10681,540324,286,Mohamed,Belloumi,Belloumi,88,Hull City,HUL,Midfielder,a,False,5.0,0.7,2.3737,2.4615,2.4615,2.5955,2.4615,9.8521,1.9704,low,0.34,0.4,2,0,1,4.5,4.5,4.5,5-GW avg pts 4.50; mins 86; xGI 0.11; current GWs 2; fixture Elo diff -175,False,False,False,False,False,False,False,False,False,False,False,False,False,False,False,False,False,False,False,False,False,False,False,False,False,False,False,False,False,False,False,False
ca9f902dba0a551f7010f2afceb6fbc5a1e10681,247412,222,Jørgen,Strand Larsen,Strand Larsen,31,Crystal Palace,CRY,Forward,a,False,6.0,0.5,2.3611,2.7169,2.3611,2.427,2.3594,9.8098,1.635,high,0.85,1.0,2,0,1,2.0,2.0,1.5,5-GW avg pts 2.00; mins 64; xGI 0.22; current GWs 2; fixture Elo diff +16,False,False,False,False,False,False,False,False,False,False,False,False,False,False,False,False,False,False,False,False,False,False,False,False,False,False,False,False,False,False,False,False
ca9f902dba0a551f7010f2afceb6fbc5a1e10681,550615,242,Tyrique,George,George,11,Everton,EVE,Midfielder,a,False,5.5,0.3,2.4009,2.394,2.5414,2.4697,2.4259,9.773,1.7769,high,0.85,1.0,2,0,1,1.6,1.6,2.5,5-GW avg pts 1.60; mins 40; xGI 0.17; current GWs 2; fixture Elo diff +32,False,False,False,False,False,False,False,False,False,False,False,False,False,False,False,False,False,False,False,False,False,False,False,False,False,False,False,False,False,False,False,False
ca9f902dba0a551f7010f2afceb6fbc5a1e10681,93605,541,Thomas,Meunier,Meunier,56,Sunderland,SUN,Defender,a,False,4.5,0.3,2.7055,2.0752,2.2033,2.8906,2.3241,9.7537,2.1675,low,0.4,0.4,2,0,0,3.5,3.5,3.5,5-GW avg pts 3.50; mins 90; xGI 0.12; current GWs 2; fixture Elo diff -181,False,False,False,False,False,False,False,False,False,False,False,False,False,False,False,False,False,False,False,False,False,False,False,False,False,False,False,False,False,False,False,False
ca9f902dba0a551f7010f2afceb6fbc5a1e10681,451284,175,Milan,van Ewijk,van Ewijk,9,Coventry City,COV,Defender,a,False,4.0,12.6,2.2072,2.5972,2.39,2.5972,2.4274,9.7312,2.4328,low,0.34,0.4,2,0,1,1.5,1.5,1.5,5-GW avg pts 1.50; mins 90; xGI 0.10; current GWs 2; fixture Elo diff -184,False,False,False,False,False,False,False,False,False,False,False,False,False,False,False,False,False,False,False,False,False,False,False,False,False,False,False,False,False,False,False,False
ca9f902dba0a551f7010f2afceb6fbc5a1e10681,434399,536,Reinildo,Mandava,Reinildo,56,Sunderland,SUN,Defender,a,False,4.5,0.4,2.6262,2.2689,2.1963,2.8264,2.2099,9.7298,2.1622,high,1.0,1.0,2,0,0,3.8,3.8,3.5,5-GW avg pts 3.80; mins 90; xGI 0.07; current GWs 2; fixture Elo diff -181,False,False,False,False,False,False,False,False,False,False,False,False,False,False,False,False,False,False,False,False,False,False,False,False,False,False,False,False,False,False,False,False
ca9f902dba0a551f7010f2afceb6fbc5a1e10681,98980,28,Emiliano,Martínez Romero,Martinez,8,Chelsea,CHE,Goalkeeper,a,False,5.0,4.3,2.228,2.5649,2.4954,2.3888,2.4954,9.7021,1.9404,high,0.85,1.0,2,0,1,2.0,2.0,1.0,5-GW avg pts 2.00; mins 54; xGI 0.00; current GWs 2; fixture Elo diff -17,False,False,False,False,False,False,False,False,False,False,False,False,False,False,False,False,False,False,False,False,False,False,False,False,False,False,False,False,False,False,False,False
ca9f902dba0a551f7010f2afceb6fbc5a1e10681,551210,148,Jorrel,Hato,Hato,8,Chelsea,CHE,Defender,a,False,4.5,0.5,1.8518,2.9517,2.462,2.4694,2.462,9.6837,2.1519,high,0.85,1.0,2,0,1,1.8,1.8,2.5,5-GW avg pts 1.80; mins 77; xGI 0.04; current GWs 2; fixture Elo diff -17,False,False,False,False,False,False,False,False,False,False,False,False,False,False,False,False,False,False,False,False,False,False,False,False,False,False,False,False,False,False,False,False
ca9f902dba0a551f7010f2afceb6fbc5a1e10681,461102,173,Bobby,Thomas,Thomas,9,Coventry City,COV,Defender,a,False,4.0,8.1,1.9964,2.624,2.3591,2.624,2.6553,9.6754,2.4188,low,0.34,0.4,2,0,1,5.5,5.5,5.5,5-GW avg pts 5.50; mins 84; xGI 0.02; current GWs 2; fixture Elo diff -184,False,False,False,False,False,False,False,False,False,False,False,False,False,False,False,False,False,False,False,False,False,False,False,False,False,False,False,False,False,False,False,False
ca9f902dba0a551f7010f2afceb6fbc5a1e10681,153682,260,Harry,Wilson,Wilson,2,Leeds,LEE,Midfielder,a,False,6.5,5.1,2.3564,2.4926,2.4926,2.2232,2.4676,9.6305,1.4816,high,1.0,1.0,2,0,0,2.2,2.2,2.0,5-GW avg pts 2.20; mins 40; xGI 0.08; current GWs 2; fixture Elo diff -96,False,False,False,False,False,False,False,False,False,False,False,False,False,False,False,False,False,False,False,False,False,False,False,False,False,False,False,False,False,False,False,False
ca9f902dba0a551f7010f2afceb6fbc5a1e10681,444463,145,Wesley,Fofana,Fofana,8,Chelsea,CHE,Defender,a,False,5.0,0.1,2.283,2.4997,2.428,2.4116,2.428,9.62,1.924,high,0.85,1.0,2,0,1,1.0,1.0,0.0,5-GW avg pts 1.00; mins 60; xGI 0.00; current GWs 2; fixture Elo diff -17,False,False,False,False,False,False,False,False,False,False,False,False,False,False,False,False,False,False,False,False,False,False,False,False,False,False,False,False,False,False,False,False
ca9f902dba0a551f7010f2afceb6fbc5a1e10681,544877,358,Milos,Kerkez,Kerkez,14,Liverpool,LIV,Defender,a,False,5.5,3.3,2.5074,2.4986,2.2627,2.2366,2.4502,9.6021,1.7458,high,0.85,1.0,2,0,1,0.8,0.8,0.5,5-GW avg pts 0.80; mins 69; xGI 0.02; current GWs 2; fixture Elo diff +79,False,False,False,False,False,False,False,False,False,False,False,False,False,False,False,False,False,False,False,False,False,False,False,False,False,False,False,False,False,False,False,False
ca9f902dba0a551f7010f2afceb6fbc5a1e10681,231416,113,Ferdi,Kadıoğlu,F.Kadıoğlu,36,Brighton,BHA,Defender,a,False,4.4,2.2,2.553,2.437,2.0045,2.4114,2.553,9.5695,2.1749,high,0.85,1.0,2,0,1,1.8,1.8,0.0,5-GW avg pts 1.80; mins 72; xGI 0.16; current GWs 2; fixture Elo diff +29,False,False,False,False,False,False,False,False,False,False,False,False,False,False,False,False,False,False,False,False,False,False,False,False,False,False,False,False,False,False,False,False
ca9f902dba0a551f7010f2afceb6fbc5a1e10681,122798,502,Andrew,Robertson,Robertson,6,Spurs,TOT,Defender,a,False,4.5,3.6,2.3603,2.5068,2.346,2.1012,2.6661,9.5637,2.1253,high,0.85,1.0,2,0,1,1.4,1.4,2.5,5-GW avg pts 1.40; mins 48; xGI 0.08; current GWs 2; fixture Elo diff -48,False,False,False,False,False,False,False,False,False,False,False,False,False,False,False,False,False,False,False,False,False,False,False,False,False,False,False,False,False,False,False,False
ca9f902dba0a551f7010f2afceb6fbc5a1e10681,200785,73,Tyler,Adams,Adams,91,Bournemouth,BOU,Midfielder,a,False,5.0,0.2,2.3651,2.3986,2.3243,2.4296,2.4282,9.5409,1.9082,high,1.0,1.0,2,0,0,2.0,2.0,1.0,5-GW avg pts 2.00; mins 53; xGI 0.01; current GWs 2; fixture Elo diff +41,False,False,False,False,False,False,False,False,False,False,False,False,False,False,False,False,False,False,False,False,False,False,False,False,False,False,False,False,False,False,False,False
ca9f902dba0a551f7010f2afceb6fbc5a1e10681,204120,114,Olivier,Boscagli,Boscagli,36,Brighton,BHA,Defender,a,False,4.5,0.3,2.5268,2.3768,2.0544,2.3852,2.5268,9.4953,2.1101,high,0.85,1.0,2,0,1,1.0,1.0,2.5,5-GW avg pts 1.00; mins 36; xGI 0.04; current GWs 2; fixture Elo diff +29,False,False,False,False,False,False,False,False,False,False,False,False,False,False,False,False,False,False,False,False,False,False,False,False,False,False,False,False,False,False,False,False
ca9f902dba0a551f7010f2afceb6fbc5a1e10681,435997,336,Noah,Okafor,Okafor,2,Leeds,LEE,Midfielder,a,False,5.9,0.4,2.3842,2.4625,2.4625,2.1304,2.358,9.4766,1.6062,high,1.0,1.0,2,0,0,0.6,0.6,1.5,5-GW avg pts 0.60; mins 18; xGI 0.05; current GWs 2; fixture Elo diff -96,False,False,False,False,False,False,False,False,False,False,False,False,False,False,False,False,False,False,False,False,False,False,False,False,False,False,False,False,False,False,False,False
ca9f902dba0a551f7010f2afceb6fbc5a1e10681,427637,337,Brenden,Aaronson,Aaronson,2,Leeds,LEE,Midfielder,a,False,5.5,0.8,2.3845,2.4365,2.4512,2.0526,2.4058,9.4186,1.7125,high,1.0,1.0,2,0,0,1.6,1.6,2.0,5-GW avg pts 1.60; mins 67; xGI 0.15; current GWs 2; fixture Elo diff -96,False,False,False,False,False,False,False,False,False,False,False,False,False,False,False,False,False,False,False,False,False,False,False,False,False,False,False,False,False,False,False,False
ca9f902dba0a551f7010f2afceb6fbc5a1e10681,460028,149,Levi,Samuels Colwill,Colwill,8,Chelsea,CHE,Defender,a,False,5.0,1.4,1.8595,2.7742,2.4267,2.3598,2.4267,9.4056,1.8811,high,0.85,1.0,2,0,1,1.6,1.6,0.5,5-GW avg pts 1.60; mins 68; xGI 0.03; current GWs 2; fixture Elo diff -17,False,False,False,False,False,False,False,False,False,False,False,False,False,False,False,False,False,False,False,False,False,False,False,False,False,False,False,False,False,False,False,False
ca9f902dba0a551f7010f2afceb6fbc5a1e10681,441302,36,Ian,Maatsen,Maatsen,7,Aston Villa,AVL,Defender,a,False,4.5,0.7,2.2444,2.4459,2.2985,2.4459,2.2858,9.3681,2.0818,high,0.85,1.0,1,0,1,1.6,1.6,1.7,5-GW avg pts 1.60; mins 68; xGI 0.05; current GWs 1; fixture Elo diff +133,False,False,False,False,False,False,False,False,False,False,False,False,False,False,False,False,False,False,False,False,False,False,False,False,False,False,False,False,False,False,False,False
ca9f902dba0a551f7010f2afceb6fbc5a1e10681,154561,1,David,Raya Martín,Raya,3,Arsenal,ARS,Goalkeeper,a,False,6.0,38.1,2.3483,2.4998,2.2417,2.3226,2.2417,9.3623,1.5604,high,1.0,1.0,1,0,0,5.4,5.4,4.0,5-GW avg pts 5.40; mins 72; xGI 0.00; current GWs 1; fixture Elo diff +258,False,False,False,False,False,False,False,False,False,False,False,False,False,False,False,False,False,False,False,False,False,False,False,False,False,False,False,False,False,False,False,False
ca9f902dba0a551f7010f2afceb6fbc5a1e10681,72147,29,Marco,Bizot,M.Bizot,7,Aston Villa,AVL,Goalkeeper,a,False,4.5,0.1,2.2756,2.4454,2.2674,2.4454,2.2546,9.355,2.0789,high,0.85,1.0,1,0,1,0.6,0.6,1.9,5-GW avg pts 0.60; mins 36; xGI 0.00; current GWs 1; fixture Elo diff +133,False,False,False,False,False,False,False,False,False,False,False,False,False,False,False,False,False,False,False,False,False,False,False,False,False,False,False,False,False,False,False,False
ca9f902dba0a551f7010f2afceb6fbc5a1e10681,501390,309,Marcelino,Núñez,Núñez,40,Ipswich Town,IPS,Midfielder,a,False,5.0,0.1,2.4344,2.3102,2.3102,2.4436,2.1118,9.3393,1.8679,low,0.34,0.4,2,0,1,3.0,3.0,3.0,5-GW avg pts 3.00; mins 70; xGI 0.04; current GWs 2; fixture Elo diff -194,False,False,False,False,False,False,False,False,False,False,False,False,False,False,False,False,False,False,False,False,False,False,False,False,False,False,False,False,False,False,False,False
ca9f902dba0a551f7010f2afceb6fbc5a1e10681,611922,369,Rio,Ngumoha,Ngumoha,14,Liverpool,LIV,Midfielder,a,False,6.0,1.0,2.3591,2.4369,2.2628,2.2271,2.3524,9.333,1.5555,high,0.85,1.0,2,0,1,2.6,2.6,1.5,5-GW avg pts 2.60; mins 62; xGI 0.12; current GWs 2; fixture Elo diff +79,False,False,False,False,False,False,False,False,False,False,False,False,False,False,False,False,False,False,False,False,False,False,False,False,False,False,False,False,False,False,False,False
ca9f902dba0a551f7010f2afceb6fbc5a1e10681,232413,14,Eberechi,Eze,Eze,3,Arsenal,ARS,Midfielder,a,False,6.4,1.7,2.3323,2.2261,2.2655,2.515,2.2673,9.269,1.4483,high,1.0,1.0,1,0,0,2.2,2.2,2.3,5-GW avg pts 2.20; mins 49; xGI 0.25; current GWs 1; fixture Elo diff +258,False,False,False,False,False,False,False,False,False,False,False,False,False,False,False,False,False,False,False,False,False,False,False,False,False,False,False,False,False,False,False,False
ca9f902dba0a551f7010f2afceb6fbc5a1e10681,159506,473,Ola,Aina,Aina,17,Nott'm Forest,NFO,Defender,a,False,4.5,3.4,2.4636,2.079,2.6124,2.2348,2.1226,9.2625,2.0583,high,0.85,1.0,2,0,1,1.0,1.0,2.5,5-GW avg pts 1.00; mins 32; xGI 0.11; current GWs 2; fixture Elo diff -24,False,False,False,False,False,False,False,False,False,False,False,False,False,False,False,False,False,False,False,False,False,False,False,False,False,False,False,False,False,False,False,False
ca9f902dba0a551f7010f2afceb6fbc5a1e10681,606930,586,Nobel,Mendy,Mendy,88,Hull City,HUL,Defender,a,False,4.0,5.0,2.4104,2.1924,2.1924,2.5773,2.1924,9.2569,2.3142,low,0.34,0.4,2,0,1,8.0,8.0,8.0,5-GW avg pts 8.00; mins 60; xGI 0.14; current GWs 2; fixture Elo diff -175,False,False,False,False,False,False,False,False,False,False,False,False,False,False,False,False,False,False,False,False,False,False,False,False,False,False,False,False,False,False,False,False
ca9f902dba0a551f7010f2afceb6fbc5a1e10681,199796,32,Matty,Cash,Cash,7,Aston Villa,AVL,Defender,a,False,4.5,7.3,2.2101,2.3899,2.2605,2.3899,2.2478,9.1911,2.0425,high,0.85,1.0,1,0,1,1.2,1.2,1.7,5-GW avg pts 1.20; mins 79; xGI 0.04; current GWs 1; fixture Elo diff +133,False,False,False,False,False,False,False,False,False,False,False,False,False,False,False,False,False,False,False,False,False,False,False,False,False,False,False,False,False,False,False,False
ca9f902dba0a551f7010f2afceb6fbc5a1e10681,216094,357,Jeremie,Frimpong,Frimpong,14,Liverpool,LIV,Defender,a,False,5.5,3.3,2.3968,2.3668,2.2057,2.1602,2.2975,9.1821,1.6695,high,0.85,1.0,2,0,1,0.8,0.8,0.5,5-GW avg pts 0.80; mins 53; xGI 0.06; current GWs 2; fixture Elo diff +79,False,False,False,False,False,False,False,False,False,False,False,False,False,False,False,False,False,False,False,False,False,False,False,False,False,False,False,False,False,False,False,False
ca9f902dba0a551f7010f2afceb6fbc5a1e10681,661888,575,Caleb,Yirenkyi,Yirenkyi,9,Coventry City,COV,Midfielder,a,False,5.0,0.2,2.0609,2.3942,2.2326,2.3942,2.4917,9.1726,1.8345,low,0.34,0.4,2,0,1,2.0,2.0,2.0,5-GW avg pts 2.00; mins 66; xGI 0.08; current GWs 2; fixture Elo diff -184,False,False,False,False,False,False,False,False,False,False,False,False,False,False,False,False,False,False,False,False,False,False,False,False,False,False,False,False,False,False,False,False
ca9f902dba0a551f7010f2afceb6fbc5a1e10681,469272,190,Loum,Tchaouna,Tchaouna,9,Coventry City,COV,Midfielder,a,False,5.5,0.2,2.0925,2.3967,2.2429,2.3984,2.3348,9.1236,1.6588,high,0.85,1.0,2,0,1,2.8,2.8,1.5,5-GW avg pts 2.80; mins 77; xGI 0.10; current GWs 2; fixture Elo diff -184,False,False,False,False,False,False,False,False,False,False,False,False,False,False,False,False,False,False,False,False,False,False,False,False,False,False,False,False,False,False,False,False
ca9f902dba0a551f7010f2afceb6fbc5a1e10681,248056,345,Tanaka,Ao,Tanaka,2,Leeds,LEE,Midfielder,a,False,5.0,0.2,2.2654,2.3092,2.3092,2.1987,2.3092,9.1156,1.8231,high,1.0,1.0,2,0,0,2.2,2.2,0.5,5-GW avg pts 2.20; mins 54; xGI 0.02; current GWs 2; fixture Elo diff -96,False,False,False,False,False,False,False,False,False,False,False,False,False,False,False,False,False,False,False,False,False,False,False,False,False,False,False,False,False,False,False,False
ca9f902dba0a551f7010f2afceb6fbc5a1e10681,243413,290,Regan,Slater,Slater,88,Hull City,HUL,Midfielder,a,False,4.5,4.2,2.4924,2.1405,2.1405,2.4223,2.1405,9.1112,2.0247,low,0.34,0.4,2,0,1,4.0,4.0,4.0,5-GW avg pts 4.00; mins 90; xGI 0.23; current GWs 2; fixture Elo diff -175,False,False,False,False,False,False,False,False,False,False,False,False,False,False,False,False,False,False,False,False,False,False,False,False,False,False,False,False,False,False,False,False
ca9f902dba0a551f7010f2afceb6fbc5a1e10681,473284,572,Konstantinos,Tzolakis,Tzolakis,88,Hull City,HUL,Goalkeeper,a,False,4.5,4.7,2.4425,2.1631,2.1631,2.4076,2.1631,9.103,2.0229,low,0.34,0.4,2,0,1,10.0,10.0,10.0,5-GW avg pts 10.00; mins 90; xGI 0.00; current GWs 2; fixture Elo diff -175,False,False,False,False,False,False,False,False,False,False,False,False,False,False,False,False,False,False,False,False,False,False,False,False,False,False,False,False,False,False,False,False
ca9f902dba0a551f7010f2afceb6fbc5a1e10681,108416,277,John,Egan,Egan,88,Hull City,HUL,Defender,a,False,4.0,2.8,2.4549,2.1336,2.1336,2.4379,2.1336,9.0688,2.2672,low,0.34,0.4,2,0,1,8.5,8.5,8.5,5-GW avg pts 8.50; mins 90; xGI 0.00; current GWs 2; fixture Elo diff -175,False,False,False,False,False,False,False,False,False,False,False,False,False,False,False,False,False,False,False,False,False,False,False,False,False,False,False,False,False,False,False,False
ca9f902dba0a551f7010f2afceb6fbc5a1e10681,212314,267,Saša,Lukić,Lukić,40,Ipswich Town,IPS,Midfielder,a,False,5.0,0.1,2.3813,2.2264,2.2264,2.4136,1.9824,9.045,1.809,high,0.85,1.0,2,0,1,2.4,2.4,3.0,5-GW avg pts 2.40; mins 68; xGI 0.06; current GWs 2; fixture Elo diff -194,False,False,False,False,False,False,False,False,False,False,False,False,False,False,False,False,False,False,False,False,False,False,False,False,False,False,False,False,False,False,False,False
ca9f902dba0a551f7010f2afceb6fbc5a1e10681,230001,422,Noussair,Mazraoui,Mazraoui,1,Man Utd,MUN,Defender,a,False,4.5,0.7,2.3127,2.0052,2.3127,2.4059,2.3127,9.0394,2.0088,high,1.0,1.0,2,0,0,3.8,3.8,1.0,5-GW avg pts 3.80; mins 52; xGI 0.06; current GWs 2; fixture Elo diff +83,False,False,False,False,False,False,False,False,False,False,False,False,False,False,False,False,False,False,False,False,False,False,False,False,False,False,False,False,False,False,False,False
ca9f902dba0a551f7010f2afceb6fbc5a1e10681,480457,183,Jack,Rudoni,Rudoni,9,Coventry City,COV,Midfielder,a,False,5.0,0.1,2.0682,2.3748,2.2313,2.3765,2.2934,9.0302,1.806,low,0.34,0.4,2,0,1,2.0,2.0,2.0,5-GW avg pts 2.00; mins 45; xGI 0.15; current GWs 2; fixture Elo diff -184,False,False,False,False,False,False,False,False,False,False,False,False,False,False,False,False,False,False,False,False,False,False,False,False,False,False,False,False,False,False,False,False
ca9f902dba0a551f7010f2afceb6fbc5a1e10681,613804,620,El Hadji Malick,Diouf,Diouf,94,Brentford,BRE,Defender,a,False,4.5,0.1,2.6009,2.0758,2.2329,2.0611,2.2102,9.0242,2.0054,high,1.0,1.0,1,0,0,1.8,1.8,1.7,5-GW avg pts 1.80; mins 69; xGI 0.06; current GWs 1; fixture Elo diff -17,False,False,False,False,False,False,False,False,False,False,False,False,False,False,False,False,False,False,False,False,False,False,False,False,False,False,False,False,False,False,False,False
ca9f902dba0a551f7010f2afceb6fbc5a1e10681,174594,347,Lukas,Nmecha,Nmecha,2,Leeds,LEE,Forward,a,False,5.5,0.5,2.22,2.3473,2.3473,2.0432,2.3019,9.0218,1.6403,high,1.0,1.0,2,0,0,1.6,1.6,2.0,5-GW avg pts 1.60; mins 34; xGI 0.23; current GWs 2; fixture Elo diff -96,False,False,False,False,False,False,False,False,False,False,False,False,False,False,False,False,False,False,False,False,False,False,False,False,False,False,False,False,False,False,False,False
ca9f902dba0a551f7010f2afceb6fbc5a1e10681,232351,282,Ryan,Giles,Giles,88,Hull City,HUL,Defender,a,False,4.0,0.9,2.3904,2.1156,2.1156,2.3942,2.1156,8.9322,2.233,low,0.34,0.4,2,0,1,6.0,6.0,6.0,5-GW avg pts 6.00; mins 87; xGI 0.08; current GWs 2; fixture Elo diff -175,False,False,False,False,False,False,False,False,False,False,False,False,False,False,False,False,False,False,False,False,False,False,False,False,False,False,False,False,False,False,False,False
ca9f902dba0a551f7010f2afceb6fbc5a1e10681,226944,47,Boubacar,Kamara,Kamara,7,Aston Villa,AVL,Midfielder,a,False,5.0,0.3,2.2499,2.2124,2.2756,2.2124,2.1831,8.92,1.784,high,0.85,1.0,1,0,1,0.4,0.4,1.5,5-GW avg pts 0.40; mins 18; xGI 0.00; current GWs 1; fixture Elo diff +133,False,False,False,False,False,False,False,False,False,False,False,False,False,False,False,False,False,False,False,False,False,False,False,False,False,False,False,False,False,False,False,False
ca9f902dba0a551f7010f2afceb6fbc5a1e10681,184667,37,Victor,Lindelöf,Lindelöf,7,Aston Villa,AVL,Defender,a,False,4.5,0.3,2.1308,2.2929,2.2174,2.2929,2.1626,8.8709,1.9713,high,0.85,1.0,1,0,1,0.6,0.6,1.7,5-GW avg pts 0.60; mins 74; xGI 0.01; current GWs 1; fixture Elo diff +133,False,False,False,False,False,False,False,False,False,False,False,False,False,False,False,False,False,False,False,False,False,False,False,False,False,False,False,False,False,False,False,False
ca9f902dba0a551f7010f2afceb6fbc5a1e10681,596777,415,Patrick,Dorgu,Dorgu,1,Man Utd,MUN,Midfielder,a,False,5.9,1.0,2.2667,1.9364,2.2667,2.3565,2.2667,8.8325,1.497,high,1.0,1.0,2,0,0,4.2,4.2,0.5,5-GW avg pts 4.20; mins 30; xGI 0.31; current GWs 2; fixture Elo diff +83,False,False,False,False,False,False,False,False,False,False,False,False,False,False,False,False,False,False,False,False,False,False,False,False,False,False,False,False,False,False,False,False
ca9f902dba0a551f7010f2afceb6fbc5a1e10681,532605,162,Andrey,Nascimento dos Santos,Andrey Santos,1,Man Utd,MUN,Midfielder,a,False,5.0,0.9,2.256,1.981,2.256,2.2895,2.256,8.7999,1.76,high,1.0,1.0,2,0,0,3.0,3.0,1.5,5-GW avg pts 3.00; mins 46; xGI 0.09; current GWs 2; fixture Elo diff +83,False,False,False,False,False,False,False,False,False,False,False,False,False,False,False,False,False,False,False,False,False,False,False,False,False,False,False,False,False,False,False,False
ca9f902dba0a551f7010f2afceb6fbc5a1e10681,212319,527,Richarlison,de Andrade,Richarlison,6,Spurs,TOT,Forward,a,False,5.9,2.4,2.1451,2.2201,2.1075,2.0325,2.5767,8.798,1.4912,high,0.85,1.0,2,0,1,2.6,2.6,1.0,5-GW avg pts 2.60; mins 64; xGI 0.35; current GWs 2; fixture Elo diff -48,False,False,False,False,False,False,False,False,False,False,False,False,False,False,False,False,False,False,False,False,False,False,False,False,False,False,False,False,False,False,False,False
ca9f902dba0a551f7010f2afceb6fbc5a1e10681,155408,71,Lewis,Cook,Cook,91,Bournemouth,BOU,Midfielder,a,False,5.0,0.2,2.1395,2.2023,2.1699,2.204,2.3042,8.7827,1.7565,high,1.0,1.0,2,0,0,1.6,1.6,3.0,5-GW avg pts 1.60; mins 29; xGI 0.00; current GWs 2; fixture Elo diff +41,False,False,False,False,False,False,False,False,False,False,False,False,False,False,False,False,False,False,False,False,False,False,False,False,False,False,False,False,False,False,False,False
ca9f902dba0a551f7010f2afceb6fbc5a1e10681,247348,201,Daniel,Muñoz Mejía,Muñoz,31,Crystal Palace,CRY,Defender,a,False,5.4,7.5,2.1065,2.4737,2.1065,2.1065,2.14,8.7765,1.6253,high,0.85,1.0,2,0,1,2.0,2.0,0.0,5-GW avg pts 2.00; mins 72; xGI 0.18; current GWs 2; fixture Elo diff +16,False,True,False,False,False,False,False,False,False,False,False,False,False,False,False,False,False,False,False,False,False,False,False,False,False,False,False,False,False,False,False,False
ca9f902dba0a551f7010f2afceb6fbc5a1e10681,221466,498,Marcos,Senesi Barón,Senesi,6,Spurs,TOT,Defender,a,False,6.0,6.8,2.1611,2.23,2.1248,2.0706,2.4318,8.7764,1.4627,high,0.85,1.0,2,0,1,3.4,3.4,1.5,5-GW avg pts 3.40; mins 72; xGI 0.02; current GWs 2; fixture Elo diff -48,False,False,False,False,False,False,False,False,False,False,False,False,False,False,False,False,False,False,False,False,False,False,False,False,False,False,False,False,False,False,False,False
ca9f902dba0a551f7010f2afceb6fbc5a1e10681,240514,564,Kjell,Scherpen,Scherpen,40,Ipswich Town,IPS,Goalkeeper,a,False,4.5,0.6,2.3552,2.1111,2.1111,2.3183,1.9992,8.7665,1.9481,high,0.85,1.0,2,0,1,0.8,0.8,2.0,5-GW avg pts 0.80; mins 36; xGI 0.00; current GWs 2; fixture Elo diff -194,False,False,False,False,False,False,False,False,False,False,False,False,False,False,False,False,False,False,False,False,False,False,False,False,False,False,False,False,False,False,False,False
ca9f902dba0a551f7010f2afceb6fbc5a1e10681,536661,551,Nilson,Angulo,Angulo,56,Sunderland,SUN,Midfielder,a,False,5.0,0.1,2.2574,2.0637,2.1108,2.3526,2.1745,8.755,1.751,high,1.0,1.0,2,0,0,2.4,2.4,4.0,5-GW avg pts 2.40; mins 54; xGI 0.10; current GWs 2; fixture Elo diff -181,False,False,False,False,False,False,False,False,False,False,False,False,False,False,False,False,False,False,False,False,False,False,False,False,False,False,False,False,False,False,False,False
ca9f902dba0a551f7010f2afceb6fbc5a1e10681,472739,110,Carl,Rushworth,Rushworth,9,Coventry City,COV,Goalkeeper,a,False,4.5,1.2,2.0492,2.3183,2.1111,2.3183,2.1485,8.7365,1.9414,high,0.85,1.0,2,0,1,0.6,0.6,1.5,5-GW avg pts 0.60; mins 36; xGI 0.00; current GWs 2; fixture Elo diff -184,False,False,False,False,False,False,False,False,False,False,False,False,False,False,False,False,False,False,False,False,False,False,False,False,False,False,False,False,False,False,False,False
ca9f902dba0a551f7010f2afceb6fbc5a1e10681,226182,330,Jayden,Bogle,Bogle,2,Leeds,LEE,Defender,a,False,4.5,0.5,2.211,2.3474,2.3621,1.7061,2.214,8.736,1.9413,high,1.0,1.0,2,0,0,2.0,2.0,4.0,5-GW avg pts 2.00; mins 47; xGI 0.05; current GWs 2; fixture Elo diff -96,False,False,False,False,False,False,False,False,False,False,False,False,False,False,False,False,False,False,False,False,False,False,False,False,False,False,False,False,False,False,False,False
ca9f902dba0a551f7010f2afceb6fbc5a1e10681,547701,522,Archie,Gray,Gray,6,Spurs,TOT,Midfielder,a,False,5.0,0.2,2.1733,2.2014,2.1539,2.0975,2.3101,8.732,1.7464,high,0.85,1.0,2,0,1,1.0,1.0,2.0,5-GW avg pts 1.00; mins 32; xGI 0.00; current GWs 2; fixture Elo diff -48,False,False,False,False,False,False,False,False,False,False,False,False,False,False,False,False,False,False,False,False,False,False,False,False,False,False,False,False,False,False,False,False
ca9f902dba0a551f7010f2afceb6fbc5a1e10681,437505,553,Wilson,Isidor,Isidor,56,Sunderland,SUN,Forward,a,False,5.5,0.9,2.1567,2.1913,2.086,2.3237,2.0478,8.6529,1.5733,high,1.0,1.0,2,0,0,3.0,3.0,4.5,5-GW avg pts 3.00; mins 18; xGI 0.37; current GWs 2; fixture Elo diff -181,False,False,False,False,False,False,False,False,False,False,False,False,False,False,False,False,False,False,False,False,False,False,False,False,False,False,False,False,False,False,False,False
ca9f902dba0a551f7010f2afceb6fbc5a1e10681,481655,19,Martín,Zubimendi Ibáñez,Zubimendi,3,Arsenal,ARS,Midfielder,a,False,5.4,0.9,2.1524,2.1835,2.1345,2.2014,2.1345,8.647,1.6013,high,1.0,1.0,1,0,0,1.2,1.2,2.0,5-GW avg pts 1.20; mins 36; xGI 0.01; current GWs 1; fixture Elo diff +258,False,False,False,False,False,False,False,False,False,False,False,False,False,False,False,False,False,False,False,False,False,False,False,False,False,False,False,False,False,False,False,False
ca9f902dba0a551f7010f2afceb6fbc5a1e10681,216051,417,Diogo,Dalot Teixeira,Dalot,1,Man Utd,MUN,Defender,a,False,5.0,2.4,2.1482,2.0934,2.1482,2.2626,2.1482,8.6237,1.7247,high,1.0,1.0,2,0,0,0.8,0.8,1.5,5-GW avg pts 0.80; mins 35; xGI 0.15; current GWs 2; fixture Elo diff +83,False,False,False,False,False,False,False,False,False,False,False,False,False,False,False,False,False,False,False,False,False,False,False,False,False,False,False,False,False,False,False,False
ca9f902dba0a551f7010f2afceb6fbc5a1e10681,608227,576,Elliot,Stroud,Stroud,88,Hull City,HUL,Midfielder,a,False,5.0,0.1,2.2025,2.0979,2.0979,2.2025,2.0979,8.5693,1.7139,low,0.34,0.4,2,0,1,1.5,1.5,1.5,5-GW avg pts 1.50; mins 64; xGI 0.03; current GWs 2; fixture Elo diff -175,False,False,False,False,False,False,False,False,False,False,False,False,False,False,False,False,False,False,False,False,False,False,False,False,False,False,False,False,False,False,False,False
ca9f902dba0a551f7010f2afceb6fbc5a1e10681,147675,320,Chuba,Akpom,Akpom,40,Ipswich Town,IPS,Forward,a,False,5.0,0.6,2.2668,2.0509,2.0509,2.2668,2.0194,8.5519,1.7104,low,0.34,0.4,2,0,1,3.0,3.0,3.0,5-GW avg pts 3.00; mins 34; xGI 0.48; current GWs 2; fixture Elo diff -194,False,False,False,False,False,False,False,False,False,False,False,False,False,False,False,False,False,False,False,False,False,False,False,False,False,False,False,False,False,False,False,False
ca9f902dba0a551f7010f2afceb6fbc5a1e10681,244954,34,Pau,Torres,Pau,7,Aston Villa,AVL,Defender,a,False,4.5,0.4,2.1331,2.1859,2.0924,2.1859,2.0376,8.527,1.8949,high,0.85,1.0,1,0,1,1.0,1.0,1.7,5-GW avg pts 1.00; mins 36; xGI 0.14; current GWs 1; fixture Elo diff +133,False,False,False,False,False,False,False,False,False,False,False,False,False,False,False,False,False,False,False,False,False,False,False,False,False,False,False,False,False,False,False,False
ca9f902dba0a551f7010f2afceb6fbc5a1e10681,433154,241,Dwight,McNeil,McNeil,31,Crystal Palace,CRY,Midfielder,a,False,5.5,0.2,2.0573,2.243,2.0573,2.0974,2.0573,8.4245,1.5317,high,0.85,1.0,2,0,1,0.8,0.8,1.5,5-GW avg pts 0.80; mins 17; xGI 0.01; current GWs 2; fixture Elo diff +16,False,False,False,False,False,False,False,False,False,False,False,False,False,False,False,False,False,False,False,False,False,False,False,False,False,False,False,False,False,False,False,False
ca9f902dba0a551f7010f2afceb6fbc5a1e10681,611695,605,Malick,Yalcouyé,Yalcouyé,36,Brighton,BHA,Midfielder,a,False,4.5,0.5,2.1136,2.1762,1.9089,2.1356,2.049,8.3237,1.8497,high,0.85,1.0,2,0,1,1.8,1.8,4.5,5-GW avg pts 1.80; mins 15; xGI 0.17; current GWs 2; fixture Elo diff +29,False,False,False,False,False,False,False,False,False,False,False,False,False,False,False,False,False,False,False,False,False,False,False,False,False,False,False,False,False,False,False,False
ca9f902dba0a551f7010f2afceb6fbc5a1e10681,577285,51,George,Hemmings,George Hemmings,7,Aston Villa,AVL,Midfielder,a,False,4.5,0.8,2.0329,2.1342,2.0587,2.1342,2.0039,8.297,1.8438,high,0.85,1.0,1,0,1,0.4,0.4,1.0,5-GW avg pts 0.40; mins 18; xGI 0.00; current GWs 1; fixture Elo diff +133,False,False,False,False,False,False,False,False,False,False,False,False,False,False,False,False,False,False,False,False,False,False,False,False,False,False,False,False,False,False,False,False
ca9f902dba0a551f7010f2afceb6fbc5a1e10681,225796,142,Reece,James,James,8,Chelsea,CHE,Defender,a,False,5.5,9.4,1.911,2.168,2.0499,2.0415,2.1243,8.2058,1.492,high,0.85,1.0,2,0,1,0.6,0.6,0.5,5-GW avg pts 0.60; mins 35; xGI 0.05; current GWs 2; fixture Elo diff -17,False,False,False,False,False,False,False,False,False,False,False,False,False,False,False,False,False,False,False,False,False,False,False,False,False,False,False,False,False,False,False,False
ca9f902dba0a551f7010f2afceb6fbc5a1e10681,106611,231,Michael,Keane,Keane,11,Everton,EVE,Defender,a,False,4.9,1.3,1.9323,2.0665,2.1378,2.1378,1.9403,8.1631,1.6659,high,0.85,1.0,2,0,1,1.8,1.8,0.0,5-GW avg pts 1.80; mins 54; xGI 0.11; current GWs 2; fixture Elo diff +32,False,False,False,False,False,False,False,False,False,False,False,False,False,False,False,False,False,False,False,False,False,False,False,False,False,False,False,False,False,False,False,False
ca9f902dba0a551f7010f2afceb6fbc5a1e10681,242898,209,Brennan,Johnson,Johnson,11,Everton,EVE,Midfielder,a,False,6.0,0.1,1.9738,1.9851,2.0965,2.0564,1.9965,8.0751,1.3458,high,0.85,1.0,2,0,1,1.4,1.4,1.0,5-GW avg pts 1.40; mins 46; xGI 0.04; current GWs 2; fixture Elo diff +32,False,False,False,False,False,False,False,False,False,False,False,False,False,False,False,False,False,False,False,False,False,False,False,False,False,False,False,False,False,False,False,False
ca9f902dba0a551f7010f2afceb6fbc5a1e10681,135720,501,Kevin,Danso,Danso,6,Spurs,TOT,Defender,a,False,5.0,0.2,1.9788,2.0108,1.9773,1.9453,2.1976,8.0506,1.6101,high,0.85,1.0,2,0,1,2.8,2.8,0.0,5-GW avg pts 2.80; mins 54; xGI 0.06; current GWs 2; fixture Elo diff -48,False,False,False,False,False,False,False,False,False,False,False,False,False,False,False,False,False,False,False,False,False,False,False,False,False,False,False,False,False,False,False,False
ca9f902dba0a551f7010f2afceb6fbc5a1e10681,232787,519,Conor,Gallagher,Gallagher,6,Spurs,TOT,Midfielder,a,False,5.4,0.3,1.9797,1.9797,1.9623,1.9623,2.1772,8.0111,1.4835,high,0.85,1.0,2,0,1,1.4,1.4,0.0,5-GW avg pts 1.40; mins 61; xGI 0.15; current GWs 2; fixture Elo diff -48,False,False,False,False,False,False,False,False,False,False,False,False,False,False,False,False,False,False,False,False,False,False,False,False,False,False,False,False,False,False,False,False
ca9f902dba0a551f7010f2afceb6fbc5a1e10681,508395,102,Yehor,Yarmoliuk,Yarmoliuk,94,Brentford,BRE,Midfielder,a,False,5.0,1.1,2.1253,1.924,1.9863,1.924,1.9863,7.9845,1.5969,high,1.0,1.0,2,0,0,2.4,2.4,1.0,5-GW avg pts 2.40; mins 42; xGI 0.02; current GWs 2; fixture Elo diff -17,False,False,False,False,False,False,False,False,False,False,False,False,False,False,False,False,False,False,False,False,False,False,False,False,False,False,False,False,False,False,False,False
ca9f902dba0a551f7010f2afceb6fbc5a1e10681,636852,462,Sean,Steur,Steur,4,Newcastle,NEW,Midfielder,a,False,5.0,0.1,1.9347,1.9814,2.006,1.9881,1.9347,7.8753,1.5751,low,0.34,0.4,2,0,1,1.0,1.0,1.0,5-GW avg pts 1.00; mins 37; xGI 0.00; current GWs 2; fixture Elo diff +54,False,False,False,False,False,False,False,False,False,False,False,False,False,False,False,False,False,False,False,False,False,False,False,False,False,False,False,False,False,False,False,False
ca9f902dba0a551f7010f2afceb6fbc5a1e10681,205651,27,Gabriel,Fernando de Jesus,G.Jesus,3,Arsenal,ARS,Forward,a,False,6.0,0.3,1.941,1.8629,1.9023,2.1237,1.9041,7.7684,1.2947,high,1.0,1.0,1,0,0,1.2,1.2,2.0,5-GW avg pts 1.20; mins 20; xGI 0.18; current GWs 1; fixture Elo diff +258,False,False,False,False,False,False,False,False,False,False,False,False,False,False,False,False,False,False,False,False,False,False,False,False,False,False,False,False,False,False,False,False
ca9f902dba0a551f7010f2afceb6fbc5a1e10681,486385,248,Norberto Bercique,Gomes Betuncal,Beto,11,Everton,EVE,Forward,a,False,5.4,2.1,1.876,1.9168,2.011,1.9881,1.876,7.7273,1.431,high,0.85,1.0,2,0,1,2.6,2.6,1.0,5-GW avg pts 2.60; mins 36; xGI 0.12; current GWs 2; fixture Elo diff +32,False,False,False,False,False,False,False,False,False,False,False,False,False,False,False,False,False,False,False,False,False,False,False,False,False,False,False,False,False,False,False,False
ca9f902dba0a551f7010f2afceb6fbc5a1e10681,485337,42,Evann,Guessand,Guessand,31,Crystal Palace,CRY,Midfielder,a,False,5.5,0.0,1.8772,2.0629,1.8772,1.9173,1.8754,7.703,1.4005,high,0.85,1.0,2,0,1,0.8,0.8,1.0,5-GW avg pts 0.80; mins 17; xGI 0.03; current GWs 2; fixture Elo diff +16,False,False,False,False,False,False,False,False,False,False,False,False,False,False,False,False,False,False,False,False,False,False,False,False,False,False,False,False,False,False,False,False
ca9f902dba0a551f7010f2afceb6fbc5a1e10681,223723,577,Takehiro,Tomiyasu,Tomiyasu,31,Crystal Palace,CRY,Defender,a,False,4.5,0.3,1.8327,2.107,1.8327,1.981,1.8327,7.6815,1.707,low,0.34,0.4,2,0,1,1.0,1.0,1.0,5-GW avg pts 1.00; mins 46; xGI 0.01; current GWs 2; fixture Elo diff +16,False,False,False,False,False,False,False,False,False,False,False,False,False,False,False,False,False,False,False,False,False,False,False,False,False,False,False,False,False,False,False,False
ca9f902dba0a551f7010f2afceb6fbc5a1e10681,230730,194,Brandon,Thomas-Asante,Thomas-Asante,9,Coventry City,COV,Forward,a,False,5.0,0.9,1.7745,1.9318,1.9139,1.9318,1.9139,7.5448,1.509,low,0.34,0.4,2,0,1,1.5,1.5,1.5,5-GW avg pts 1.50; mins 50; xGI 0.01; current GWs 2; fixture Elo diff -184,False,False,False,False,False,False,False,False,False,False,False,False,False,False,False,False,False,False,False,False,False,False,False,False,False,False,False,False,False,False,False,False
ca9f902dba0a551f7010f2afceb6fbc5a1e10681,75115,108,Callum,Wilson,Wilson,94,Brentford,BRE,Forward,a,False,5.5,0.4,2.0978,1.7653,1.8633,1.7653,1.8179,7.5037,1.3643,high,1.0,1.0,2,0,0,2.0,2.0,1.0,5-GW avg pts 2.00; mins 30; xGI 0.20; current GWs 2; fixture Elo diff -17,False,False,False,False,False,False,False,False,False,False,False,False,False,False,False,False,False,False,False,False,False,False,False,False,False,False,False,False,False,False,False,False
ca9f902dba0a551f7010f2afceb6fbc5a1e10681,444145,18,Gabriel,Martinelli Silva,Martinelli,3,Arsenal,ARS,Midfielder,a,False,6.4,0.2,1.8162,1.8759,1.7525,2.1618,1.7543,7.4723,1.1675,high,1.0,1.0,1,0,0,1.6,1.6,2.3,5-GW avg pts 1.60; mins 18; xGI 0.07; current GWs 1; fixture Elo diff +258,False,False,False,False,False,False,False,False,False,False,False,False,False,False,False,False,False,False,False,False,False,False,False,False,False,False,False,False,False,False,False,False
ca9f902dba0a551f7010f2afceb6fbc5a1e10681,485047,470,Felipe,Rodrigues da Silva,Morato,17,Nott'm Forest,NFO,Defender,a,False,5.0,0.0,1.9896,1.753,2.0615,1.753,1.6969,7.4617,1.4923,high,0.85,1.0,2,0,1,3.0,3.0,0.0,5-GW avg pts 3.00; mins 54; xGI 0.11; current GWs 2; fixture Elo diff -24,False,False,False,False,False,False,False,False,False,False,False,False,False,False,False,False,False,False,False,False,False,False,False,False,False,False,False,False,False,False,False,False
ca9f902dba0a551f7010f2afceb6fbc5a1e10681,241293,186,Ephron,Mason-Clark,Mason-Clark,9,Coventry City,COV,Midfielder,a,False,5.5,0.1,1.7475,1.8618,1.83,1.8618,2.0356,7.4117,1.3476,low,0.34,0.4,2,0,1,0.5,0.5,0.5,5-GW avg pts 0.50; mins 28; xGI 0.03; current GWs 2; fixture Elo diff -184,False,False,False,False,False,False,False,False,False,False,False,False,False,False,False,False,False,False,False,False,False,False,False,False,False,False,False,False,False,False,False,False
ca9f902dba0a551f7010f2afceb6fbc5a1e10681,209289,262,Emile,Smith Rowe,Smith Rowe,54,Fulham,FUL,Midfielder,a,False,5.5,0.4,1.822,1.7446,1.7847,1.9276,1.9677,7.3499,1.3363,high,0.85,1.0,2,0,1,1.4,1.4,0.5,5-GW avg pts 1.40; mins 42; xGI 0.06; current GWs 2; fixture Elo diff +21,False,False,False,False,False,False,False,False,False,False,False,False,False,False,False,False,False,False,False,False,False,False,False,False,False,False,False,False,False,False,False,False
ca9f902dba0a551f7010f2afceb6fbc5a1e10681,448104,9,Piero,Hincapié,Hincapie,3,Arsenal,ARS,Defender,a,False,5.4,1.4,1.8387,1.8208,1.819,1.8387,1.8208,7.3123,1.3541,high,1.0,1.0,1,0,0,0.8,0.8,2.4,5-GW avg pts 0.80; mins 23; xGI 0.01; current GWs 1; fixture Elo diff +258,False,False,False,False,False,False,False,False,False,False,False,False,False,False,False,False,False,False,False,False,False,False,False,False,False,False,False,False,False,False,False,False
ca9f902dba0a551f7010f2afceb6fbc5a1e10681,226965,188,Victor,Torp,Torp,9,Coventry City,COV,Midfielder,a,False,5.5,0.2,1.7436,1.8396,1.8124,1.8396,1.8124,7.2243,1.3135,low,0.34,0.4,2,0,1,1.0,1.0,1.0,5-GW avg pts 1.00; mins 24; xGI 0.06; current GWs 2; fixture Elo diff -184,False,False,False,False,False,False,False,False,False,False,False,False,False,False,False,False,False,False,False,False,False,False,False,False,False,False,False,False,False,False,False,False
ca9f902dba0a551f7010f2afceb6fbc5a1e10681,232905,287,Liam,Millar,Millar,88,Hull City,HUL,Midfielder,a,False,5.0,0.1,1.8709,1.7477,1.7477,1.8709,1.7477,7.2004,1.4401,low,0.34,0.4,2,0,1,3.0,3.0,3.0,5-GW avg pts 3.00; mins 25; xGI 0.29; current GWs 2; fixture Elo diff -175,False,False,False,False,False,False,False,False,False,False,False,False,False,False,False,False,False,False,False,False,False,False,False,False,False,False,False,False,False,False,False,False
ca9f902dba0a551f7010f2afceb6fbc5a1e10681,487053,506,Destiny,Udogie,Udogie,6,Spurs,TOT,Defender,a,False,4.5,0.5,1.7256,1.804,1.7946,1.7162,1.939,7.1496,1.5888,high,0.85,1.0,2,0,1,2.2,2.2,1.0,5-GW avg pts 2.20; mins 53; xGI 0.05; current GWs 2; fixture Elo diff -48,False,False,False,False,False,False,False,False,False,False,False,False,False,False,False,False,False,False,False,False,False,False,False,False,False,False,False,False,False,False,False,False
ca9f902dba0a551f7010f2afceb6fbc5a1e10681,244042,271,Rodrigo,Muniz Carvalho,Muniz,54,Fulham,FUL,Forward,a,False,5.5,0.5,1.7663,1.6988,1.7209,1.8898,1.912,7.142,1.2985,high,0.85,1.0,2,0,1,1.2,1.2,0.5,5-GW avg pts 1.20; mins 47; xGI 0.21; current GWs 2; fixture Elo diff +21,False,False,False,False,False,False,False,False,False,False,False,False,False,False,False,False,False,False,False,False,False,False,False,False,False,False,False,False,False,False,False,False
ca9f902dba0a551f7010f2afceb6fbc5a1e10681,460842,512,Mohammed,Kudus,Kudus,6,Spurs,TOT,Midfielder,a,False,6.5,0.1,1.7561,1.7782,1.7363,1.7142,1.8593,7.0611,1.0863,high,0.85,1.0,2,0,1,0.2,0.2,0.5,5-GW avg pts 0.20; mins 4; xGI 0.01; current GWs 2; fixture Elo diff -48,False,False,False,False,False,False,False,False,False,False,False,False,False,False,False,False,False,False,False,False,False,False,False,False,False,False,False,False,False,False,False,False
ca9f902dba0a551f7010f2afceb6fbc5a1e10681,91651,406,Mateo,Kovačić,Kovačić,43,Man City,MCI,Midfielder,a,False,5.5,0.1,1.8268,1.6955,1.773,1.6955,1.8268,7.0541,1.2826,high,0.85,1.0,2,0,1,1.0,1.0,1.0,5-GW avg pts 1.00; mins 28; xGI 0.04; current GWs 2; fixture Elo diff +192,False,False,False,False,False,False,False,False,False,False,False,False,False,False,False,False,False,False,False,False,False,False,False,False,False,False,False,False,False,False,False,False
ca9f902dba0a551f7010f2afceb6fbc5a1e10681,499721,523,Mikey,Moore,Moore,6,Spurs,TOT,Midfielder,a,False,5.0,0.2,1.7414,1.7414,1.7289,1.7289,1.8871,7.0343,1.4069,high,0.85,1.0,2,0,1,0.6,0.6,1.5,5-GW avg pts 0.60; mins 18; xGI 0.08; current GWs 2; fixture Elo diff -48,False,False,False,False,False,False,False,False,False,False,False,False,False,False,False,False,False,False,False,False,False,False,False,False,False,False,False,False,False,False,False,False
ca9f902dba0a551f7010f2afceb6fbc5a1e10681,577016,151,Josh,Acheampong,Acheampong,8,Chelsea,CHE,Defender,a,False,4.5,0.4,1.6466,1.9025,1.7079,1.7855,1.7537,7.0272,1.5616,high,0.85,1.0,2,0,1,1.4,1.4,2.0,5-GW avg pts 1.40; mins 38; xGI 0.01; current GWs 2; fixture Elo diff -17,False,False,False,False,False,False,False,False,False,False,False,False,False,False,False,False,False,False,False,False,False,False,False,False,False,False,False,False,False,False,False,False
ca9f902dba0a551f7010f2afceb6fbc5a1e10681,463210,580,Shea,Charles,Charles,54,Fulham,FUL,Midfielder,a,False,5.0,0.1,1.6965,1.6786,1.6965,1.8176,1.8355,6.9381,1.3876,low,0.34,0.4,2,0,1,1.0,1.0,1.0,5-GW avg pts 1.00; mins 22; xGI 0.06; current GWs 2; fixture Elo diff +21,False,False,False,False,False,False,False,False,False,False,False,False,False,False,False,False,False,False,False,False,False,False,False,False,False,False,False,False,False,False,False,False
ca9f902dba0a551f7010f2afceb6fbc5a1e10681,463034,167,Liam,Delap,Delap,17,Nott'm Forest,NFO,Forward,a,False,5.5,0.6,1.8044,1.6705,1.8111,1.7079,1.6403,6.9364,1.2612,high,0.85,1.0,2,0,1,0.6,0.6,0.5,5-GW avg pts 0.60; mins 23; xGI 0.03; current GWs 2; fixture Elo diff -24,False,False,False,False,False,False,False,False,False,False,False,False,False,False,False,False,False,False,False,False,False,False,False,False,False,False,False,False,False,False,False,False
ca9f902dba0a551f7010f2afceb6fbc5a1e10681,60689,490,Chris,Wood,Wood,17,Nott'm Forest,NFO,Forward,a,False,5.9,1.4,1.8501,1.6437,1.8568,1.689,1.5145,6.9059,1.1705,high,0.85,1.0,2,0,1,1.2,1.2,0.5,5-GW avg pts 1.20; mins 35; xGI 0.19; current GWs 2; fixture Elo diff -24,False,False,False,False,False,False,False,False,False,False,False,False,False,False,False,False,False,False,False,False,False,False,False,False,False,False,False,False,False,False,False,False
ca9f902dba0a551f7010f2afceb6fbc5a1e10681,114243,457,Jacob,Murphy,J.Murphy,4,Newcastle,NEW,Midfielder,a,False,6.0,0.1,1.6313,1.7676,1.8143,1.7743,1.6313,6.8944,1.1491,high,0.85,1.0,2,0,1,1.2,1.2,0.5,5-GW avg pts 1.20; mins 28; xGI 0.06; current GWs 2; fixture Elo diff +54,False,False,False,False,False,False,False,False,False,False,False,False,False,False,False,False,False,False,False,False,False,False,False,False,False,False,False,False,False,False,False,False
ca9f902dba0a551f7010f2afceb6fbc5a1e10681,218543,619,Exequiel,Palacios,Palacios,40,Ipswich Town,IPS,Midfielder,a,False,5.0,0.0,1.7456,1.6989,1.6989,1.7456,1.6674,6.8562,1.3712,low,0.17,0.2,1,0,1,1.0,1.0,1.5,5-GW avg pts 1.00; mins 28; xGI 0.01; current GWs 1; fixture Elo diff -194,False,False,False,False,False,False,False,False,False,False,False,False,False,False,False,False,False,False,False,False,False,False,False,False,False,False,False,False,False,False,False,False
ca9f902dba0a551f7010f2afceb6fbc5a1e10681,503301,484,Omari,Hutchinson,Hutchinson,17,Nott'm Forest,NFO,Midfielder,a,False,5.5,0.1,1.8522,1.5638,1.8589,1.5808,1.5303,6.7715,1.2312,high,0.85,1.0,2,0,1,1.6,1.6,0.0,5-GW avg pts 1.60; mins 34; xGI 0.15; current GWs 2; fixture Elo diff -24,False,False,False,False,False,False,False,False,False,False,False,False,False,False,False,False,False,False,False,False,False,False,False,False,False,False,False,False,False,False,False,False
ca9f902dba0a551f7010f2afceb6fbc5a1e10681,152551,213,Jefferson,Lerma Solís,Lerma,31,Crystal Palace,CRY,Midfielder,a,False,5.0,0.1,1.6482,1.7939,1.6482,1.6482,1.6482,6.7241,1.3448,high,0.85,1.0,2,0,1,1.4,1.4,0.0,5-GW avg pts 1.40; mins 41; xGI 0.05; current GWs 2; fixture Elo diff +16,False,False,False,False,False,False,False,False,False,False,False,False,False,False,False,False,False,False,False,False,False,False,False,False,False,False,False,False,False,False,False,False
ca9f902dba0a551f7010f2afceb6fbc5a1e10681,498444,583,Pep,Chavarría,Chavarria,8,Chelsea,CHE,Defender,a,False,5.0,0.2,1.589,1.7774,1.6205,1.6384,1.6949,6.649,1.3298,low,0.34,0.4,2,0,1,1.0,1.0,1.0,5-GW avg pts 1.00; mins 22; xGI 0.01; current GWs 2; fixture Elo diff -17,False,False,False,False,False,False,False,False,False,False,False,False,False,False,False,False,False,False,False,False,False,False,False,False,False,False,False,False,False,False,False,False
ca9f902dba0a551f7010f2afceb6fbc5a1e10681,485711,439,Benjamin,Sesko,Šeško,1,Man Utd,MUN,Forward,a,False,7.0,1.8,1.6829,1.5194,1.6829,1.7229,1.6829,6.6124,0.9446,high,1.0,1.0,2,0,0,0.4,0.4,1.0,5-GW avg pts 0.40; mins 7; xGI 0.01; current GWs 2; fixture Elo diff +83,False,False,False,False,False,False,False,False,False,False,False,False,False,False,False,False,False,False,False,False,False,False,False,False,False,False,False,False,False,False,False,False
ca9f902dba0a551f7010f2afceb6fbc5a1e10681,196100,584,Gustavo,Hamer,Hamer,9,Coventry City,COV,Midfielder,a,False,5.5,0.1,1.5862,1.6822,1.6551,1.6822,1.6551,6.5949,1.1991,low,0.34,0.4,2,0,1,1.0,1.0,1.0,5-GW avg pts 1.00; mins 14; xGI 0.01; current GWs 2; fixture Elo diff -184,False,False,False,False,False,False,False,False,False,False,False,False,False,False,False,False,False,False,False,False,False,False,False,False,False,False,False,False,False,False,False,False
ca9f902dba0a551f7010f2afceb6fbc5a1e10681,433590,281,Cody,Drameh,Drameh,88,Hull City,HUL,Defender,a,False,4.0,0.1,1.7294,1.5687,1.5687,1.7294,1.5687,6.548,1.637,low,0.34,0.4,2,0,1,1.0,1.0,1.0,5-GW avg pts 1.00; mins 32; xGI 0.03; current GWs 2; fixture Elo diff -175,False,False,False,False,False,False,False,False,False,False,False,False,False,False,False,False,False,False,False,False,False,False,False,False,False,False,False,False,False,False,False,False
ca9f902dba0a551f7010f2afceb6fbc5a1e10681,200617,343,Daniel,James,James,2,Leeds,LEE,Midfielder,a,False,5.0,0.1,1.6419,1.6419,1.6419,1.5896,1.6419,6.531,1.3062,high,1.0,1.0,2,0,0,1.0,1.0,0.5,5-GW avg pts 1.00; mins 33; xGI 0.10; current GWs 2; fixture Elo diff -96,False,False,False,False,False,False,False,False,False,False,False,False,False,False,False,False,False,False,False,False,False,False,False,False,False,False,False,False,False,False,False,False
ca9f902dba0a551f7010f2afceb6fbc5a1e10681,215711,44,Leon,Bailey,Bailey,7,Aston Villa,AVL,Midfielder,a,False,5.5,0.1,1.6036,1.6329,1.6108,1.6329,1.6108,6.4713,1.1766,high,0.85,1.0,1,0,1,1.4,1.4,2.0,5-GW avg pts 1.40; mins 20; xGI 0.09; current GWs 1; fixture Elo diff +133,False,False,False,False,False,False,False,False,False,False,False,False,False,False,False,False,False,False,False,False,False,False,False,False,False,False,False,False,False,False,False,False
ca9f902dba0a551f7010f2afceb6fbc5a1e10681,637238,616,Ayyoub,Bouaddi,Bouaddi,43,Man City,MCI,Midfielder,a,False,5.5,0.1,1.653,1.5382,1.6059,1.5382,1.653,6.3907,1.1619,low,0.17,0.2,1,0,1,1.0,1.0,2.0,5-GW avg pts 1.00; mins 8; xGI 0.12; current GWs 1; fixture Elo diff +192,False,False,False,False,False,False,False,False,False,False,False,False,False,False,False,False,False,False,False,False,False,False,False,False,False,False,False,False,False,False,False,False
ca9f902dba0a551f7010f2afceb6fbc5a1e10681,184349,269,Ryan,Sessegnon,Sessegnon,54,Fulham,FUL,Defender,a,False,4.5,0.4,1.5583,1.5323,1.5502,1.686,1.7039,6.3801,1.4178,high,0.85,1.0,2,0,1,0.4,0.4,1.0,5-GW avg pts 0.40; mins 8; xGI 0.03; current GWs 2; fixture Elo diff +21,False,False,False,False,False,False,False,False,False,False,False,False,False,False,False,False,False,False,False,False,False,False,False,False,False,False,False,False,False,False,False,False
ca9f902dba0a551f7010f2afceb6fbc5a1e10681,98747,442,Nick,Pope,Pope,4,Newcastle,NEW,Goalkeeper,a,False,5.0,1.2,1.5236,1.6252,1.6467,1.632,1.5236,6.3603,1.2721,high,0.85,1.0,2,0,1,1.8,1.8,0.0,5-GW avg pts 1.80; mins 54; xGI 0.00; current GWs 2; fixture Elo diff +54,False,True,False,False,False,False,False,False,False,False,False,False,False,False,False,False,False,False,False,False,False,False,False,False,False,False,False,False,False,False,False,False
ca9f902dba0a551f7010f2afceb6fbc5a1e10681,490094,240,Tim,Iroegbunam,Iroegbunam,11,Everton,EVE,Midfielder,a,False,5.0,0.0,1.5411,1.5518,1.641,1.6231,1.5411,6.3113,1.2623,high,0.85,1.0,2,0,1,1.6,1.6,0.5,5-GW avg pts 1.60; mins 50; xGI 0.02; current GWs 2; fixture Elo diff +32,False,False,False,False,False,False,False,False,False,False,False,False,False,False,False,False,False,False,False,False,False,False,False,False,False,False,False,False,False,False,False,False
ca9f902dba0a551f7010f2afceb6fbc5a1e10681,560552,263,Kevin,Santos Lopes de Macedo,Kevin,54,Fulham,FUL,Midfielder,a,False,5.5,0.1,1.5472,1.4698,1.5098,1.6528,1.6929,6.2505,1.1365,high,0.85,1.0,2,0,1,1.6,1.6,1.0,5-GW avg pts 1.60; mins 31; xGI 0.04; current GWs 2; fixture Elo diff +21,False,False,False,False,False,False,False,False,False,False,False,False,False,False,False,False,False,False,False,False,False,False,False,False,False,False,False,False,False,False,False,False
ca9f902dba0a551f7010f2afceb6fbc5a1e10681,445028,563,Hidemasa,Morita,Morita,88,Hull City,HUL,Midfielder,a,False,5.0,0.0,1.5591,1.5365,1.5365,1.5591,1.5365,6.1844,1.2369,low,0.34,0.4,2,0,1,0.5,0.5,0.5,5-GW avg pts 0.50; mins 22; xGI 0.00; current GWs 2; fixture Elo diff -175,False,False,False,False,False,False,False,False,False,False,False,False,False,False,False,False,False,False,False,False,False,False,False,False,False,False,False,False,False,False,False,False
ca9f902dba0a551f7010f2afceb6fbc5a1e10681,50175,136,Danny,Welbeck,Welbeck,8,Chelsea,CHE,Forward,a,False,5.9,0.9,1.4336,1.6927,1.5188,1.5035,1.5993,6.1841,1.0481,high,0.85,1.0,2,0,1,1.0,1.0,0.0,5-GW avg pts 1.00; mins 39; xGI 0.10; current GWs 2; fixture Elo diff -17,False,False,False,False,False,False,False,False,False,False,False,False,False,False,False,False,False,False,False,False,False,False,False,False,False,False,False,False,False,False,False,False
ca9f902dba0a551f7010f2afceb6fbc5a1e10681,119090,618,Leon,Goretzka,Goretzka,7,Aston Villa,AVL,Midfielder,a,False,6.0,0.0,1.4839,1.541,1.4978,1.541,1.4978,6.0464,1.0077,low,0.0,0.0,0,1,1,0.0,0.0,0.0,5-GW avg pts 0.00; mins 0; xGI 0.00; current GWs 0; fixture Elo diff +133,False,False,False,False,False,False,False,False,False,False,False,False,False,False,False,False,False,False,False,False,False,False,False,False,False,False,False,False,False,False,False,False
ca9f902dba0a551f7010f2afceb6fbc5a1e10681,215059,140,Robert,Lynch Sánchez,Sánchez,8,Chelsea,CHE,Goalkeeper,a,False,5.0,1.9,1.3897,1.5967,1.5106,1.5254,1.5106,6.0093,1.2019,high,0.85,1.0,2,0,1,1.2,1.2,1.0,5-GW avg pts 1.20; mins 54; xGI 0.00; current GWs 2; fixture Elo diff -17,False,False,False,False,False,False,False,False,False,False,False,False,False,False,False,False,False,False,False,False,False,False,False,False,False,False,False,False,False,False,False,False
ca9f902dba0a551f7010f2afceb6fbc5a1e10681,616077,20,Max,Dowman,Dowman,3,Arsenal,ARS,Midfielder,a,False,5.4,0.1,1.4701,1.5191,1.4701,1.5191,1.4701,5.9587,1.1035,high,1.0,1.0,1,0,0,0.8,0.8,1.9,5-GW avg pts 0.80; mins 15; xGI 0.05; current GWs 1; fixture Elo diff +258,False,False,False,False,False,False,False,False,False,False,False,False,False,False,False,False,False,False,False,False,False,False,False,False,False,False,False,False,False,False,False,False
ca9f902dba0a551f7010f2afceb6fbc5a1e10681,208706,452,Bruno,Guimarães Rodriguez Moura,Bruno G.,3,Arsenal,ARS,Midfielder,d,False,6.9,2.4,1.4348,1.5179,1.3717,1.694,1.3466,5.892,0.8539,high,1.0,1.0,1,0,0,2.55,2.55,1.35,5-GW avg pts 3.40; mins 67; xGI 0.30; current GWs 1; fixture Elo diff +258,False,False,False,False,False,False,False,False,False,False,False,False,False,False,False,False,False,False,False,False,False,False,False,False,False,False,False,False,False,False,False,False
ca9f902dba0a551f7010f2afceb6fbc5a1e10681,167512,539,Luke,O'Nien,O'Nien,56,Sunderland,SUN,Defender,a,False,4.0,3.3,1.5012,1.3639,1.4086,1.5606,1.4887,5.8411,1.4603,high,1.0,1.0,2,0,0,2.2,2.2,0.5,5-GW avg pts 2.20; mins 45; xGI 0.03; current GWs 2; fixture Elo diff -181,False,False,False,False,False,False,False,False,False,False,False,False,False,False,False,False,False,False,False,False,False,False,False,False,False,False,False,False,False,False,False,False
ca9f902dba0a551f7010f2afceb6fbc5a1e10681,469266,589,Lucas,Gourna-Douath,Gourna-Douath,88,Hull City,HUL,Midfielder,a,False,5.0,0.0,1.4673,1.4447,1.4447,1.4673,1.4447,5.8173,1.1635,low,0.34,0.4,2,0,1,0.5,0.5,0.5,5-GW avg pts 0.50; mins 22; xGI 0.01; current GWs 2; fixture Elo diff -175,False,False,False,False,False,False,False,False,False,False,False,False,False,False,False,False,False,False,False,False,False,False,False,False,False,False,False,False,False,False,False,False
ca9f902dba0a551f7010f2afceb6fbc5a1e10681,512462,232,Jake,O'Brien,O'Brien,11,Everton,EVE,Defender,a,False,4.9,0.4,1.3843,1.4586,1.4654,1.4654,1.3843,5.7256,1.1685,high,0.85,1.0,2,0,1,0.4,0.4,0.0,5-GW avg pts 0.40; mins 48; xGI 0.12; current GWs 2; fixture Elo diff +32,False,False,False,False,False,False,False,False,False,False,False,False,False,False,False,False,False,False,False,False,False,False,False,False,False,False,False,False,False,False,False,False
ca9f902dba0a551f7010f2afceb6fbc5a1e10681,149484,33,Tyrone,Mings,Mings,7,Aston Villa,AVL,Defender,a,False,4.5,0.4,1.3933,1.4641,1.3866,1.4641,1.3866,5.677,1.2616,high,0.85,1.0,1,0,1,1.2,1.2,1.7,5-GW avg pts 1.20; mins 57; xGI 0.05; current GWs 1; fixture Elo diff +133,False,False,False,False,False,False,False,False,False,False,False,False,False,False,False,False,False,False,False,False,False,False,False,False,False,False,False,False,False,False,False,False
ca9f902dba0a551f7010f2afceb6fbc5a1e10681,515597,35,Lamare,Bogarde,Bogarde,7,Aston Villa,AVL,Midfielder,a,False,5.0,0.1,1.3988,1.41,1.3921,1.41,1.3921,5.6039,1.1208,high,0.85,1.0,1,0,1,1.0,1.0,1.5,5-GW avg pts 1.00; mins 38; xGI 0.00; current GWs 1; fixture Elo diff +133,False,False,False,False,False,False,False,False,False,False,False,False,False,False,False,False,False,False,False,False,False,False,False,False,False,False,False,False,False,False,False,False
ca9f902dba0a551f7010f2afceb6fbc5a1e10681,59735,325,Karl,Darlow,Darlow,1,Man Utd,MUN,Goalkeeper,a,False,4.5,0.0,1.3927,1.338,1.3927,1.468,1.3927,5.5742,1.2387,high,1.0,1.0,2,0,0,3.0,3.0,0.0,5-GW avg pts 3.00; mins 54; xGI 0.00; current GWs 2; fixture Elo diff +83,False,False,False,False,False,False,False,False,False,False,False,False,False,False,False,False,False,False,False,False,False,False,False,False,False,False,False,False,False,False,False,False
ca9f902dba0a551f7010f2afceb6fbc5a1e10681,250199,487,Nicolás,Domínguez,Dominguez,17,Nott'm Forest,NFO,Midfielder,a,False,5.0,0.1,1.4746,1.3357,1.4814,1.3357,1.2834,5.5669,1.1134,high,0.85,1.0,2,0,1,1.0,1.0,0.5,5-GW avg pts 1.00; mins 28; xGI 0.07; current GWs 2; fixture Elo diff -24,False,False,False,False,False,False,False,False,False,False,False,False,False,False,False,False,False,False,False,False,False,False,False,False,False,False,False,False,False,False,False,False
ca9f902dba0a551f7010f2afceb6fbc5a1e10681,597462,585,Lucas,Herrington,Herrington,88,Hull City,HUL,Defender,a,False,4.0,0.6,1.4277,1.365,1.365,1.4277,1.365,5.5666,1.3916,low,0.34,0.4,2,0,1,1.0,1.0,1.0,5-GW avg pts 1.00; mins 28; xGI 0.00; current GWs 2; fixture Elo diff -175,False,False,False,False,False,False,False,False,False,False,False,False,False,False,False,False,False,False,False,False,False,False,False,False,False,False,False,False,False,False,False,False
ca9f902dba0a551f7010f2afceb6fbc5a1e10681,195384,17,Mikel,Merino Zazón,Merino,3,Arsenal,ARS,Midfielder,a,False,5.9,0.6,1.3772,1.3138,1.3533,1.5599,1.355,5.5472,0.9402,high,1.0,1.0,1,0,0,0.4,0.4,2.2,5-GW avg pts 0.40; mins 8; xGI 0.11; current GWs 1; fixture Elo diff +258,False,False,False,False,False,False,False,False,False,False,False,False,False,False,False,False,False,False,False,False,False,False,False,False,False,False,False,False,False,False,False,False
ca9f902dba0a551f7010f2afceb6fbc5a1e10681,193278,280,Lewie,Coyle,Coyle,88,Hull City,HUL,Defender,d,False,4.0,0.6,1.4829,1.3009,1.3009,1.4898,1.3009,5.5179,1.3795,low,0.34,0.4,2,0,1,2.25,2.25,1.65,5-GW avg pts 3.00; mins 57; xGI 0.01; current GWs 2; fixture Elo diff -175,False,False,False,False,False,False,False,False,False,False,False,False,False,False,False,False,False,False,False,False,False,False,False,False,False,False,False,False,False,False,False,False
ca9f902dba0a551f7010f2afceb6fbc5a1e10681,154566,526,Dominic,Solanke-Mitchell,Solanke,6,Spurs,TOT,Forward,a,False,6.0,1.2,1.3459,1.368,1.3261,1.304,1.4491,5.4202,0.9034,high,0.85,1.0,2,0,1,0.4,0.4,1.0,5-GW avg pts 0.40; mins 7; xGI 0.05; current GWs 2; fixture Elo diff -48,False,False,False,False,False,False,False,False,False,False,False,False,False,False,False,False,False,False,False,False,False,False,False,False,False,False,False,False,False,False,False,False
ca9f902dba0a551f7010f2afceb6fbc5a1e10681,501459,185,Tatsuhiro,Sakamoto,Sakamoto,9,Coventry City,COV,Midfielder,a,False,5.0,0.1,1.3251,1.3566,1.3566,1.3566,1.3611,5.3976,1.0795,low,0.34,0.4,2,0,1,0.5,0.5,0.5,5-GW avg pts 0.50; mins 16; xGI 0.02; current GWs 2; fixture Elo diff -184,False,False,False,False,False,False,False,False,False,False,False,False,False,False,False,False,False,False,False,False,False,False,False,False,False,False,False,False,False,False,False,False
ca9f902dba0a551f7010f2afceb6fbc5a1e10681,218997,195,Ellis,Simms,Simms,9,Coventry City,COV,Forward,a,False,5.0,1.0,1.2406,1.3799,1.3799,1.3799,1.3799,5.3802,1.076,low,0.34,0.4,2,0,1,1.0,1.0,1.0,5-GW avg pts 1.00; mins 34; xGI 0.01; current GWs 2; fixture Elo diff -184,False,False,False,False,False,False,False,False,False,False,False,False,False,False,False,False,False,False,False,False,False,False,False,False,False,False,False,False,False,False,False,False
ca9f902dba0a551f7010f2afceb6fbc5a1e10681,612855,600,Ibrahim,Osman,Osman,36,Brighton,BHA,Midfielder,a,False,5.0,0.0,1.3942,1.3763,1.2011,1.3763,1.3297,5.355,1.071,low,0.34,0.4,2,0,1,1.0,1.0,1.0,5-GW avg pts 1.00; mins 14; xGI 0.03; current GWs 2; fixture Elo diff +29,False,False,False,False,False,False,False,False,False,False,False,False,False,False,False,False,False,False,False,False,False,False,False,False,False,False,False,False,False,False,False,False
ca9f902dba0a551f7010f2afceb6fbc5a1e10681,214285,364,Kostas,Tsimikas,Tsimikas,14,Liverpool,LIV,Defender,a,False,5.0,0.1,1.3532,1.3532,1.3532,1.2652,1.3532,5.3511,1.0702,high,0.85,1.0,2,0,1,0.2,0.2,0.5,5-GW avg pts 0.20; mins 4; xGI 0.01; current GWs 2; fixture Elo diff +79,False,False,False,False,False,False,False,False,False,False,False,False,False,False,False,False,False,False,False,False,False,False,False,False,False,False,False,False,False,False,False,False
ca9f902dba0a551f7010f2afceb6fbc5a1e10681,173774,598,Nico,Elvedi,Elvedi,2,Leeds,LEE,Defender,a,False,4.5,0.0,1.2345,1.3772,1.3772,1.2345,1.3772,5.2663,1.1703,low,0.4,0.4,2,0,0,0.5,0.5,0.5,5-GW avg pts 0.50; mins 28; xGI 0.00; current GWs 2; fixture Elo diff -96,False,False,False,False,False,False,False,False,False,False,False,False,False,False,False,False,False,False,False,False,False,False,False,False,False,False,False,False,False,False,False,False
ca9f902dba0a551f7010f2afceb6fbc5a1e10681,214590,611,Aaron,Wan-Bissaka,Wan-Bissaka,7,Aston Villa,AVL,Defender,a,False,4.5,0.1,1.2814,1.3195,1.2746,1.3195,1.2746,5.177,1.1504,high,0.85,1.0,0,0,1,0.8,0.8,1.0,5-GW avg pts 0.80; mins 35; xGI 0.01; current GWs 0; fixture Elo diff +133,False,False,False,False,False,False,False,False,False,False,False,False,False,False,False,False,False,False,False,False,False,False,False,False,False,False,False,False,False,False,False,False
ca9f902dba0a551f7010f2afceb6fbc5a1e10681,111317,74,David,Brooks,Brooks,91,Bournemouth,BOU,Midfielder,a,False,5.0,0.1,1.2593,1.2593,1.2307,1.3239,1.3239,5.0983,1.0197,high,1.0,1.0,2,0,0,0.6,0.6,0.5,5-GW avg pts 0.60; mins 5; xGI 0.13; current GWs 2; fixture Elo diff +41,False,False,False,False,False,False,False,False,False,False,False,False,False,False,False,False,False,False,False,False,False,False,False,False,False,False,False,False,False,False,False,False
ca9f902dba0a551f7010f2afceb6fbc5a1e10681,614574,76,Alex,Tóth,Tóth.A,91,Bournemouth,BOU,Midfielder,a,False,5.0,0.0,1.2762,1.2762,1.2018,1.2762,1.2762,5.0452,1.009,high,1.0,1.0,2,0,0,0.6,0.6,0.5,5-GW avg pts 0.60; mins 14; xGI 0.03; current GWs 2; fixture Elo diff +41,False,False,False,False,False,False,False,False,False,False,False,False,False,False,False,False,False,False,False,False,False,False,False,False,False,False,False,False,False,False,False,False
ca9f902dba0a551f7010f2afceb6fbc5a1e10681,606745,421,Ayden,Heaven,Heaven,1,Man Utd,MUN,Defender,a,False,4.5,0.4,1.265,1.1953,1.265,1.3099,1.265,5.0288,1.1175,high,1.0,1.0,2,0,0,0.2,0.2,0.5,5-GW avg pts 0.20; mins 18; xGI 0.03; current GWs 2; fixture Elo diff +83,False,False,False,False,False,False,False,False,False,False,False,False,False,False,False,False,False,False,False,False,False,False,False,False,False,False,False,False,False,False,False,False
ca9f902dba0a551f7010f2afceb6fbc5a1e10681,445087,579,Ronald,Araujo,Araujo,14,Liverpool,LIV,Defender,a,False,5.5,2.5,1.2837,1.2929,1.2463,1.1497,1.2837,5.0193,0.9126,low,0.34,0.4,2,0,1,0.5,0.5,0.5,5-GW avg pts 0.50; mins 16; xGI 0.02; current GWs 2; fixture Elo diff +79,False,False,False,False,False,False,False,False,False,False,False,False,False,False,False,False,False,False,False,False,False,False,False,False,False,False,False,False,False,False,False,False
ca9f902dba0a551f7010f2afceb6fbc5a1e10681,451490,119,João Pedro,Loureiro da Costa,Costinha,36,Brighton,BHA,Defender,a,False,4.5,0.0,1.2567,1.2119,1.1286,1.2119,1.2567,4.8527,1.0784,low,0.34,0.4,2,0,1,0.5,0.5,0.5,5-GW avg pts 0.50; mins 18; xGI 0.06; current GWs 2; fixture Elo diff +29,False,False,False,False,False,False,False,False,False,False,False,False,False,False,False,False,False,False,False,False,False,False,False,False,False,False,False,False,False,False,False,False
ca9f902dba0a551f7010f2afceb6fbc5a1e10681,502697,243,Carlos,Alcaraz Durán,Alcaraz,11,Everton,EVE,Midfielder,a,False,5.0,0.1,1.1496,1.232,1.2388,1.2388,1.1577,4.8112,0.9622,high,0.85,1.0,2,0,1,0.6,0.6,0.5,5-GW avg pts 0.60; mins 2; xGI 0.06; current GWs 2; fixture Elo diff +32,False,False,False,False,False,False,False,False,False,False,False,False,False,False,False,False,False,False,False,False,False,False,False,False,False,False,False,False,False,False,False,False
ca9f902dba0a551f7010f2afceb6fbc5a1e10681,523700,608,Daniel,Jebbison,Jebbison,91,Bournemouth,BOU,Forward,a,False,5.0,0.1,1.2118,1.2118,1.1294,1.2118,1.2118,4.7813,0.9563,low,0.4,0.4,2,0,0,0.5,0.5,0.5,5-GW avg pts 0.50; mins 8; xGI 0.05; current GWs 2; fixture Elo diff +41,False,False,False,False,False,False,False,False,False,False,False,False,False,False,False,False,False,False,False,False,False,False,False,False,False,False,False,False,False,False,False,False
ca9f902dba0a551f7010f2afceb6fbc5a1e10681,477064,395,Rico,Lewis,Lewis,43,Man City,MCI,Defender,a,False,4.5,0.2,1.2172,1.1577,1.2105,1.1577,1.2172,4.7682,1.0596,high,0.85,1.0,2,0,1,0.2,0.2,0.5,5-GW avg pts 0.20; mins 29; xGI 0.07; current GWs 2; fixture Elo diff +192,False,False,False,False,False,False,False,False,False,False,False,False,False,False,False,False,False,False,False,False,False,False,False,False,False,False,False,False,False,False,False,False
ca9f902dba0a551f7010f2afceb6fbc5a1e10681,220362,153,Axel,Disasi,Disasi,31,Crystal Palace,CRY,Defender,a,False,4.5,0.1,1.1378,1.29,1.1378,1.2162,1.1378,4.7431,1.054,high,0.85,1.0,2,0,1,2.0,2.0,0.5,5-GW avg pts 2.00; mins 56; xGI 0.00; current GWs 2; fixture Elo diff +16,False,False,False,False,False,False,False,False,False,False,False,False,False,False,False,False,False,False,False,False,False,False,False,False,False,False,False,False,False,False,False,False
ca9f902dba0a551f7010f2afceb6fbc5a1e10681,472713,90,Aaron,Hickey,Hickey,94,Brentford,BRE,Defender,a,False,4.5,0.1,1.2919,1.135,1.1529,1.135,1.1529,4.722,1.0493,high,1.0,1.0,2,0,0,1.0,1.0,1.0,5-GW avg pts 1.00; mins 21; xGI 0.01; current GWs 2; fixture Elo diff -17,False,False,False,False,False,False,False,False,False,False,False,False,False,False,False,False,False,False,False,False,False,False,False,False,False,False,False,False,False,False,False,False
ca9f902dba0a551f7010f2afceb6fbc5a1e10681,559152,595,Zavier,Gozo,Gozo,31,Crystal Palace,CRY,Midfielder,a,False,5.0,0.0,1.1697,1.1697,1.1697,1.1697,1.1697,4.6788,0.9358,low,0.34,0.4,2,0,1,0.5,0.5,0.5,5-GW avg pts 0.50; mins 11; xGI 0.00; current GWs 2; fixture Elo diff +16,False,False,False,False,False,False,False,False,False,False,False,False,False,False,False,False,False,False,False,False,False,False,False,False,False,False,False,False,False,False,False,False
ca9f902dba0a551f7010f2afceb6fbc5a1e10681,493105,160,Alejandro,Garnacho Ferreyra,Garnacho,7,Aston Villa,AVL,Midfielder,a,False,5.9,0.5,1.1376,1.1669,1.1448,1.1669,1.1448,4.6073,0.7809,high,0.85,1.0,1,0,1,0.4,0.4,2.2,5-GW avg pts 0.40; mins 1; xGI 0.00; current GWs 1; fixture Elo diff +133,False,False,False,False,False,False,False,False,False,False,False,False,False,False,False,False,False,False,False,False,False,False,False,False,False,False,False,False,False,False,False,False
ca9f902dba0a551f7010f2afceb6fbc5a1e10681,448514,392,Rayan,Aït-Nouri,Aït-Nouri,43,Man City,MCI,Defender,a,False,5.4,0.7,1.1684,1.1126,1.1126,1.1126,1.1684,4.5398,0.8407,high,0.85,1.0,2,0,1,1.4,1.4,0.0,5-GW avg pts 1.40; mins 21; xGI 0.06; current GWs 2; fixture Elo diff +192,False,False,False,False,False,False,False,False,False,False,False,False,False,False,False,False,False,False,False,False,False,False,False,False,False,False,False,False,False,False,False,False
ca9f902dba0a551f7010f2afceb6fbc5a1e10681,246301,255,Jorge,Cuenca Barreno,J.Cuenca,54,Fulham,FUL,Defender,a,False,4.5,0.0,1.1189,1.0593,1.1189,1.1404,1.2,4.4858,0.9968,high,0.85,1.0,2,0,1,0.6,0.6,1.5,5-GW avg pts 0.60; mins 19; xGI 0.01; current GWs 2; fixture Elo diff +21,False,False,False,False,False,False,False,False,False,False,False,False,False,False,False,False,False,False,False,False,False,False,False,False,False,False,False,False,False,False,False,False
ca9f902dba0a551f7010f2afceb6fbc5a1e10681,207283,97,Mathias,Jensen,Jensen,94,Brentford,BRE,Midfielder,d,False,5.5,0.2,1.3208,1.0159,1.0988,1.0159,1.093,4.481,0.8147,high,1.0,1.0,2,0,0,2.1,2.1,1.65,5-GW avg pts 2.80; mins 60; xGI 0.15; current GWs 2; fixture Elo diff -17,False,False,False,False,False,False,False,False,False,False,False,False,False,False,False,False,False,False,False,False,False,False,False,False,False,False,False,False,False,False,False,False
ca9f902dba0a551f7010f2afceb6fbc5a1e10681,570526,520,Lucas,Bergvall,Bergvall,6,Spurs,TOT,Midfielder,a,False,5.5,0.2,1.1066,1.1287,1.0914,1.0692,1.1641,4.4425,0.8077,high,0.85,1.0,2,0,1,0.4,0.4,0.5,5-GW avg pts 0.40; mins 11; xGI 0.01; current GWs 2; fixture Elo diff -48,False,False,False,False,False,False,False,False,False,False,False,False,False,False,False,False,False,False,False,False,False,False,False,False,False,False,False,False,False,False,False,False
ca9f902dba0a551f7010f2afceb6fbc5a1e10681,549912,549,Chemsdine,Talbi,Talbi,56,Sunderland,SUN,Midfielder,a,False,5.5,0.2,1.1368,1.0738,1.0722,1.1589,1.0994,4.4319,0.8058,high,1.0,1.0,2,0,0,1.0,1.0,0.5,5-GW avg pts 1.00; mins 28; xGI 0.02; current GWs 2; fixture Elo diff -181,False,False,False,False,False,False,False,False,False,False,False,False,False,False,False,False,False,False,False,False,False,False,False,False,False,False,False,False,False,False,False,False
ca9f902dba0a551f7010f2afceb6fbc5a1e10681,554197,548,Chris,Rigg,Rigg,56,Sunderland,SUN,Midfielder,a,False,5.0,0.1,1.1129,1.083,1.0856,1.1308,1.1129,4.4153,0.8831,high,1.0,1.0,2,0,0,1.4,1.4,1.0,5-GW avg pts 1.40; mins 6; xGI 0.00; current GWs 2; fixture Elo diff -181,False,False,False,False,False,False,False,False,False,False,False,False,False,False,False,False,False,False,False,False,False,False,False,False,False,False,False,False,False,False,False,False
ca9f902dba0a551f7010f2afceb6fbc5a1e10681,496208,72,Ben,Gannon-Doak,Gannon-Doak,91,Bournemouth,BOU,Midfielder,a,False,5.0,0.1,1.1071,1.1071,1.0247,1.1071,1.1071,4.3625,0.8725,high,1.0,1.0,2,0,0,0.4,0.4,0.5,5-GW avg pts 0.40; mins 7; xGI 0.04; current GWs 2; fixture Elo diff +41,False,False,False,False,False,False,False,False,False,False,False,False,False,False,False,False,False,False,False,False,False,False,False,False,False,False,False,False,False,False,False,False
ca9f902dba0a551f7010f2afceb6fbc5a1e10681,514514,381,Lewis,Koumas,Koumas,14,Liverpool,LIV,Midfielder,a,False,5.0,0.0,1.1092,1.1092,1.1012,0.9768,1.1092,4.3379,0.8676,low,0.34,0.4,2,0,1,0.5,0.5,0.5,5-GW avg pts 0.50; mins 6; xGI 0.01; current GWs 2; fixture Elo diff +79,False,False,False,False,False,False,False,False,False,False,False,False,False,False,False,False,False,False,False,False,False,False,False,False,False,False,False,False,False,False,False,False
ca9f902dba0a551f7010f2afceb6fbc5a1e10681,158499,75,Ryan,Christie,Christie,91,Bournemouth,BOU,Midfielder,a,False,5.0,0.0,1.0828,1.0828,1.0542,1.0828,1.0828,4.3085,0.8617,high,1.0,1.0,2,0,0,-0.2,-0.2,0.5,5-GW avg pts -0.20; mins 9; xGI 0.01; current GWs 2; fixture Elo diff +41,False,False,False,False,False,False,False,False,False,False,False,False,False,False,False,False,False,False,False,False,False,False,False,False,False,False,False,False,False,False,False,False
ca9f902dba0a551f7010f2afceb6fbc5a1e10681,222694,328,Pascal,Struijk,Struijk,36,Brighton,BHA,Defender,a,False,5.0,0.2,1.0836,1.0903,1.0071,1.0836,1.0836,4.2792,0.8558,high,0.85,1.0,2,0,1,0.4,0.4,0.0,5-GW avg pts 0.40; mins 29; xGI 0.01; current GWs 2; fixture Elo diff +29,False,False,False,False,False,False,False,False,False,False,False,False,False,False,False,False,False,False,False,False,False,False,False,False,False,False,False,False,False,False,False,False
ca9f902dba0a551f7010f2afceb6fbc5a1e10681,461199,547,Romaine,Mundle,Mundle,56,Sunderland,SUN,Midfielder,a,False,5.0,0.0,1.0763,1.024,1.0445,1.0763,1.0718,4.23,0.846,high,1.0,1.0,2,0,0,0.2,0.2,0.5,5-GW avg pts 0.20; mins 0; xGI 0.03; current GWs 2; fixture Elo diff -181,False,False,False,False,False,False,False,False,False,False,False,False,False,False,False,False,False,False,False,False,False,False,False,False,False,False,False,False,False,False,False,False
ca9f902dba0a551f7010f2afceb6fbc5a1e10681,201895,535,Omar,Alderete,Alderete,56,Sunderland,SUN,Defender,a,False,5.0,0.4,1.057,1.0092,1.0298,1.057,1.057,4.1633,0.8327,high,1.0,1.0,2,0,0,2.0,2.0,0.5,5-GW avg pts 2.00; mins 27; xGI 0.01; current GWs 2; fixture Elo diff -181,False,False,False,False,False,False,False,False,False,False,False,False,False,False,False,False,False,False,False,False,False,False,False,False,False,False,False,False,False,False,False,False
ca9f902dba0a551f7010f2afceb6fbc5a1e10681,458249,440,Joshua,Zirkzee,Zirkzee,1,Man Utd,MUN,Forward,a,False,5.4,0.5,1.0505,0.9946,1.0505,1.0505,1.0505,4.1516,0.7688,high,1.0,1.0,2,0,0,0.6,0.6,0.0,5-GW avg pts 0.60; mins 18; xGI 0.12; current GWs 2; fixture Elo diff +83,False,False,False,False,False,False,False,False,False,False,False,False,False,False,False,False,False,False,False,False,False,False,False,False,False,False,False,False,False,False,False,False
ca9f902dba0a551f7010f2afceb6fbc5a1e10681,209046,482,Callum,Hudson-Odoi,Hudson-Odoi,17,Nott'm Forest,NFO,Midfielder,a,False,5.9,0.2,1.0581,0.9699,1.0648,1.0073,0.9442,4.0544,0.6872,high,0.85,1.0,2,0,1,0.2,0.2,0.5,5-GW avg pts 0.20; mins 0; xGI 0.00; current GWs 2; fixture Elo diff -24,False,False,False,False,False,False,False,False,False,False,False,False,False,False,False,False,False,False,False,False,False,False,False,False,False,False,False,False,False,False,False,False
ca9f902dba0a551f7010f2afceb6fbc5a1e10681,489706,215,Justin,Devenny,Devenny,31,Crystal Palace,CRY,Midfielder,a,False,5.0,0.0,0.989,1.0414,0.989,0.989,0.989,4.0031,0.8006,high,0.85,1.0,2,0,1,0.4,0.4,0.0,5-GW avg pts 0.40; mins 18; xGI 0.01; current GWs 2; fixture Elo diff +16,False,False,False,False,False,False,False,False,False,False,False,False,False,False,False,False,False,False,False,False,False,False,False,False,False,False,False,False,False,False,False,False
ca9f902dba0a551f7010f2afceb6fbc5a1e10681,547027,543,Habib,Diarra,Diarra,56,Sunderland,SUN,Midfielder,d,False,5.5,0.1,0.998,1.0021,0.9537,1.0593,0.9779,3.991,0.7256,high,1.0,1.0,2,0,0,1.35,1.35,1.425,5-GW avg pts 1.80; mins 14; xGI 0.10; current GWs 2; fixture Elo diff -181,False,False,False,False,False,False,False,False,False,False,False,False,False,False,False,False,False,False,False,False,False,False,False,False,False,False,False,False,False,False,False,False
ca9f902dba0a551f7010f2afceb6fbc5a1e10681,482442,518,Pape Matar,Sarr,P.M.Sarr,6,Spurs,TOT,Midfielder,a,False,4.9,0.2,0.9912,0.9912,0.9912,0.9912,1.0266,3.9861,0.8135,high,0.85,1.0,2,0,1,0.8,0.8,0.0,5-GW avg pts 0.80; mins 8; xGI 0.03; current GWs 2; fixture Elo diff -48,False,False,False,False,False,False,False,False,False,False,False,False,False,False,False,False,False,False,False,False,False,False,False,False,False,False,False,False,False,False,False,False
ca9f902dba0a551f7010f2afceb6fbc5a1e10681,463067,125,Georginio,Rutter,Georginio,36,Brighton,BHA,Forward,d,False,5.5,0.9,1.0581,1.0089,0.837,1.0089,1.0581,3.9768,0.723,high,0.85,1.0,2,0,1,1.2,1.2,1.425,5-GW avg pts 1.60; mins 29; xGI 0.25; current GWs 2; fixture Elo diff +29,False,False,False,False,False,False,False,False,False,False,False,False,False,False,False,False,False,False,False,False,False,False,False,False,False,False,False,False,False,False,False,False
ca9f902dba0a551f7010f2afceb6fbc5a1e10681,543158,568,Valentín,Barco,Barco,8,Chelsea,CHE,Midfielder,a,False,5.5,0.1,0.9129,1.0699,0.9863,0.9581,1.0607,3.972,0.7222,low,0.34,0.4,2,0,1,0.5,0.5,0.5,5-GW avg pts 0.50; mins 4; xGI 0.02; current GWs 2; fixture Elo diff -17,False,False,False,False,False,False,False,False,False,False,False,False,False,False,False,False,False,False,False,False,False,False,False,False,False,False,False,False,False,False,False,False
ca9f902dba0a551f7010f2afceb6fbc5a1e10681,700308,135,Zadok,Yohanna,Yohanna,36,Brighton,BHA,Midfielder,a,False,5.0,0.1,1.0111,1.0111,0.9052,1.0111,1.0111,3.9595,0.7919,low,0.34,0.4,2,0,1,0.5,0.5,0.5,5-GW avg pts 0.50; mins 6; xGI 0.01; current GWs 2; fixture Elo diff +29,False,False,False,False,False,False,False,False,False,False,False,False,False,False,False,False,False,False,False,False,False,False,False,False,False,False,False,False,False,False,False,False
ca9f902dba0a551f7010f2afceb6fbc5a1e10681,550864,420,Leny,Yoro,Yoro,1,Man Utd,MUN,Defender,a,False,5.0,0.6,1.0024,0.9465,1.0024,1.0024,1.0024,3.9594,0.7919,high,1.0,1.0,2,0,0,0.4,0.4,0.5,5-GW avg pts 0.40; mins 6; xGI 0.00; current GWs 2; fixture Elo diff +83,False,False,False,False,False,False,False,False,False,False,False,False,False,False,False,False,False,False,False,False,False,False,False,False,False,False,False,False,False,False,False,False
ca9f902dba0a551f7010f2afceb6fbc5a1e10681,470315,478,Luca,Netz,Netz,17,Nott'm Forest,NFO,Defender,a,False,4.5,0.0,1.0492,0.9219,1.0559,0.9219,0.9505,3.9393,0.8754,high,0.85,1.0,2,0,1,1.2,1.2,1.0,5-GW avg pts 1.20; mins 42; xGI 0.01; current GWs 2; fixture Elo diff -24,False,False,False,False,False,False,False,False,False,False,False,False,False,False,False,False,False,False,False,False,False,False,False,False,False,False,False,False,False,False,False,False
ca9f902dba0a551f7010f2afceb6fbc5a1e10681,204968,489,Ryan,Yates,Yates,17,Nott'm Forest,NFO,Midfielder,a,False,4.5,1.5,1.0116,0.9372,1.0183,0.9372,0.8986,3.8651,0.8589,high,0.85,1.0,2,0,1,0.2,0.2,0.0,5-GW avg pts 0.20; mins 14; xGI 0.08; current GWs 2; fixture Elo diff -24,False,False,False,False,False,False,False,False,False,False,False,False,False,False,False,False,False,False,False,False,False,False,False,False,False,False,False,False,False,False,False,False
ca9f902dba0a551f7010f2afceb6fbc5a1e10681,108413,212,Will,Hughes,Hughes,31,Crystal Palace,CRY,Midfielder,a,False,4.5,10.3,0.928,1.0539,0.928,0.9728,0.928,3.8568,0.8571,high,0.85,1.0,2,0,1,0.6,0.6,0.0,5-GW avg pts 0.60; mins 30; xGI 0.05; current GWs 2; fixture Elo diff +16,False,False,False,False,False,False,False,False,False,False,False,False,False,False,False,False,False,False,False,False,False,False,False,False,False,False,False,False,False,False,False,False
ca9f902dba0a551f7010f2afceb6fbc5a1e10681,465351,389,Matheus,Nunes,Matheus N.,43,Man City,MCI,Defender,d,False,6.0,1.3,1.1597,0.8162,0.8436,0.8162,1.1597,3.8364,0.6394,high,0.85,1.0,2,0,1,1.35,1.35,0.3,5-GW avg pts 1.80; mins 54; xGI 0.02; current GWs 2; fixture Elo diff +192,False,False,False,False,False,False,False,False,False,False,False,False,False,False,False,False,False,False,False,False,False,False,False,False,False,False,False,False,False,False,False,False
ca9f902dba0a551f7010f2afceb6fbc5a1e10681,428580,104,Frank,Onyeka,Onyeka,9,Coventry City,COV,Midfielder,a,False,5.0,0.2,0.9203,0.9476,0.9476,0.9476,0.9476,3.7631,0.7526,high,0.85,1.0,2,0,1,0.4,0.4,1.0,5-GW avg pts 0.40; mins 18; xGI 0.00; current GWs 2; fixture Elo diff -184,False,False,False,False,False,False,False,False,False,False,False,False,False,False,False,False,False,False,False,False,False,False,False,False,False,False,False,False,False,False,False,False
ca9f902dba0a551f7010f2afceb6fbc5a1e10681,109745,2,Kepa,Arrizabalaga Revuelta,Arrizabalaga,3,Arsenal,ARS,Goalkeeper,a,False,5.0,0.1,0.9394,0.9394,0.9394,0.9394,0.9394,3.7575,0.7515,high,1.0,1.0,1,0,0,0.4,0.4,2.6,5-GW avg pts 0.40; mins 18; xGI 0.00; current GWs 1; fixture Elo diff +258,False,False,False,False,False,False,False,False,False,False,False,False,False,False,False,False,False,False,False,False,False,False,False,False,False,False,False,False,False,False,False,False
ca9f902dba0a551f7010f2afceb6fbc5a1e10681,199798,31,Ezri,Konsa Ngoyo,Konsa,3,Arsenal,ARS,Defender,a,False,4.4,10.4,0.9624,0.9175,0.9175,0.9624,0.9175,3.7464,0.8514,high,1.0,1.0,1,0,0,0.4,0.4,1.7,5-GW avg pts 0.40; mins 36; xGI 0.00; current GWs 1; fixture Elo diff +258,False,False,False,False,False,False,False,False,False,False,False,False,False,False,False,False,False,False,False,False,False,False,False,False,False,False,False,False,False,False,False,False
ca9f902dba0a551f7010f2afceb6fbc5a1e10681,490884,617,Mohamed-Ali,Cho,Cho,88,Hull City,HUL,Midfielder,a,False,5.0,0.0,0.911,0.893,0.893,0.911,0.893,3.6026,0.7205,low,0.17,0.2,1,0,1,1.0,1.0,1.5,5-GW avg pts 1.00; mins 7; xGI 0.00; current GWs 1; fixture Elo diff -175,False,False,False,False,False,False,False,False,False,False,False,False,False,False,False,False,False,False,False,False,False,False,False,False,False,False,False,False,False,False,False,False
ca9f902dba0a551f7010f2afceb6fbc5a1e10681,487992,596,Matteo,Ruggeri,Ruggeri,7,Aston Villa,AVL,Defender,a,False,4.5,0.1,0.8855,0.9034,0.8855,0.9034,0.8855,3.5706,0.7935,low,0.17,0.2,1,0,1,1.0,1.0,1.7,5-GW avg pts 1.00; mins 8; xGI 0.00; current GWs 1; fixture Elo diff +133,False,False,False,False,False,False,False,False,False,False,False,False,False,False,False,False,False,False,False,False,False,False,False,False,False,False,False,False,False,False,False,False
ca9f902dba0a551f7010f2afceb6fbc5a1e10681,510281,403,Sávio,Moreira de Oliveira,Sávio,6,Spurs,TOT,Midfielder,d,False,6.5,0.9,0.8503,0.867,0.8468,0.8302,1.089,3.5426,0.545,high,0.85,1.0,2,0,1,1.95,1.95,0.0,5-GW avg pts 2.60; mins 43; xGI 0.18; current GWs 2; fixture Elo diff -48,False,False,False,False,False,False,False,False,False,False,False,False,False,False,False,False,False,False,False,False,False,False,False,False,False,False,False,False,False,False,False,False
ca9f902dba0a551f7010f2afceb6fbc5a1e10681,180135,339,Sean,Longstaff,Longstaff,2,Leeds,LEE,Midfielder,a,False,5.0,0.1,0.8884,0.8884,0.8884,0.8612,0.8884,3.5346,0.7069,high,1.0,1.0,2,0,0,0.6,0.6,0.5,5-GW avg pts 0.60; mins 8; xGI 0.08; current GWs 2; fixture Elo diff -96,False,False,False,False,False,False,False,False,False,False,False,False,False,False,False,False,False,False,False,False,False,False,False,False,False,False,False,False,False,False,False,False
ca9f902dba0a551f7010f2afceb6fbc5a1e10681,492859,341,Wilfried,Gnonto,Gnonto,2,Leeds,LEE,Midfielder,a,False,5.0,0.0,0.8884,0.8884,0.8884,0.8612,0.8884,3.5346,0.7069,high,1.0,1.0,2,0,0,0.6,0.6,0.0,5-GW avg pts 0.60; mins 16; xGI 0.01; current GWs 2; fixture Elo diff -96,False,False,False,False,False,False,False,False,False,False,False,False,False,False,False,False,False,False,False,False,False,False,False,False,False,False,False,False,False,False,False,False
ca9f902dba0a551f7010f2afceb6fbc5a1e10681,532529,123,Jack,Hinshelwood,Hinshelwood,36,Brighton,BHA,Midfielder,d,False,6.0,1.9,0.932,0.8732,0.7628,0.8732,0.932,3.4987,0.5831,high,0.85,1.0,2,0,1,2.9,2.9,2.0,5-GW avg pts 5.80; mins 61; xGI 0.47; current GWs 2; fixture Elo diff +29,False,False,False,False,False,False,False,False,False,False,False,False,False,False,False,False,False,False,False,False,False,False,False,False,False,False,False,False,False,False,False,False
ca9f902dba0a551f7010f2afceb6fbc5a1e10681,616288,621,Ryan,McAidoo,McAidoo,43,Man City,MCI,Midfielder,a,False,4.5,0.0,0.8604,0.8604,0.8604,0.8604,0.8604,3.4418,0.7648,high,0.85,1.0,1,0,1,0.2,0.2,1.0,5-GW avg pts 0.20; mins 2; xGI 0.02; current GWs 1; fixture Elo diff +192,False,False,False,False,False,False,False,False,False,False,False,False,False,False,False,False,False,False,False,False,False,False,False,False,False,False,False,False,False,False,False,False
ca9f902dba0a551f7010f2afceb6fbc5a1e10681,572584,592,Abdoul,Ouattara,Ouattara,40,Ipswich Town,IPS,Defender,a,False,4.0,1.0,0.8295,0.8116,0.8116,0.8295,0.8116,3.277,0.8192,low,0.34,0.4,2,0,1,1.0,1.0,1.0,5-GW avg pts 1.00; mins 14; xGI 0.00; current GWs 2; fixture Elo diff -194,False,False,False,False,False,False,False,False,False,False,False,False,False,False,False,False,False,False,False,False,False,False,False,False,False,False,False,False,False,False,False,False
ca9f902dba0a551f7010f2afceb6fbc5a1e10681,461587,323,Kasey,McAteer,McAteer,40,Ipswich Town,IPS,Midfielder,a,False,4.5,1.3,0.8193,0.8014,0.8014,0.8193,0.8014,3.2361,0.7191,low,0.34,0.4,2,0,1,1.0,1.0,1.0,5-GW avg pts 1.00; mins 16; xGI 0.00; current GWs 2; fixture Elo diff -194,False,False,False,False,False,False,False,False,False,False,False,False,False,False,False,False,False,False,False,False,False,False,False,False,False,False,False,False,False,False,False,False
ca9f902dba0a551f7010f2afceb6fbc5a1e10681,486672,159,Moisés,Caicedo Corozo,Caicedo,8,Chelsea,CHE,Midfielder,d,False,5.4,2.5,0.7354,0.8608,0.7527,0.7661,0.8473,3.1569,0.5846,high,0.85,1.0,2,0,1,0.9,0.9,0.3,5-GW avg pts 1.20; mins 55; xGI 0.06; current GWs 2; fixture Elo diff -17,False,False,False,False,False,False,False,False,False,False,False,False,False,False,False,False,False,False,False,False,False,False,False,False,False,False,False,False,False,False,False,False
ca9f902dba0a551f7010f2afceb6fbc5a1e10681,576628,435,Shea,Lacey,Lacey,1,Man Utd,MUN,Midfielder,a,False,5.0,0.1,0.803,0.7125,0.803,0.803,0.803,3.1305,0.6261,high,1.0,1.0,2,0,0,0.4,0.4,0.5,5-GW avg pts 0.40; mins 8; xGI 0.01; current GWs 2; fixture Elo diff +83,False,False,False,False,False,False,False,False,False,False,False,False,False,False,False,False,False,False,False,False,False,False,False,False,False,False,False,False,False,False,False,False
ca9f902dba0a551f7010f2afceb6fbc5a1e10681,554054,622,Kaden,Braithwaite,Braithwaite,43,Man City,MCI,Defender,a,False,4.0,0.0,0.7757,0.7757,0.7757,0.7757,0.7757,3.1028,0.7757,low,0.17,0.2,1,0,1,1.0,1.0,1.0,5-GW avg pts 1.00; mins 1; xGI 0.00; current GWs 1; fixture Elo diff +192,False,False,False,False,False,False,False,False,False,False,False,False,False,False,False,False,False,False,False,False,False,False,False,False,False,False,False,False,False,False,False,False
ca9f902dba0a551f7010f2afceb6fbc5a1e10681,101282,289,Matt,Crooks,Crooks,88,Hull City,HUL,Midfielder,d,False,4.5,0.7,0.7603,0.7389,0.7389,0.7603,0.7389,2.992,0.6649,low,0.34,0.4,2,0,1,0.75,0.75,0.6,5-GW avg pts 1.00; mins 45; xGI 0.00; current GWs 2; fixture Elo diff -175,False,False,False,False,False,False,False,False,False,False,False,False,False,False,False,False,False,False,False,False,False,False,False,False,False,False,False,False,False,False,False,False
ca9f902dba0a551f7010f2afceb6fbc5a1e10681,114283,238,Jack,Grealish,Grealish,43,Man City,MCI,Midfielder,a,False,6.5,0.2,0.7889,0.6756,0.7351,0.6756,0.7889,2.9311,0.4509,high,0.85,1.0,2,0,1,0.2,0.2,0.5,5-GW avg pts 0.20; mins 2; xGI 0.00; current GWs 2; fixture Elo diff +192,False,False,False,False,False,False,False,False,False,False,False,False,False,False,False,False,False,False,False,False,False,False,False,False,False,False,False,False,False,False,False,False
ca9f902dba0a551f7010f2afceb6fbc5a1e10681,184341,430,Mason,Mount,Mount,1,Man Utd,MUN,Midfielder,d,False,5.5,0.0,0.7362,0.676,0.7362,0.7528,0.7362,2.9023,0.5277,high,1.0,1.0,2,0,0,1.5,1.5,0.0,5-GW avg pts 2.00; mins 34; xGI 0.04; current GWs 2; fixture Elo diff +83,False,False,False,False,False,False,False,False,False,False,False,False,False,False,False,False,False,False,False,False,False,False,False,False,False,False,False,False,False,False,False,False
ca9f902dba0a551f7010f2afceb6fbc5a1e10681,509416,129,Yasin,Ayari,Ayari,36,Brighton,BHA,Midfielder,d,False,5.5,0.6,0.7438,0.7272,0.6637,0.7272,0.7438,2.8846,0.5245,high,0.85,1.0,2,0,1,0.6,0.6,0.6,5-GW avg pts 0.80; mins 17; xGI 0.03; current GWs 2; fixture Elo diff +29,False,False,False,False,False,False,False,False,False,False,False,False,False,False,False,False,False,False,False,False,False,False,False,False,False,False,False,False,False,False,False,False
ca9f902dba0a551f7010f2afceb6fbc5a1e10681,591386,375,Trey,Nyoni,Nyoni,14,Liverpool,LIV,Midfielder,a,False,5.0,0.0,0.7178,0.7178,0.7178,0.7042,0.7178,2.8618,0.5724,high,0.85,1.0,2,0,1,0.4,0.4,0.5,5-GW avg pts 0.40; mins 4; xGI 0.00; current GWs 2; fixture Elo diff +79,False,False,False,False,False,False,False,False,False,False,False,False,False,False,False,False,False,False,False,False,False,False,False,False,False,False,False,False,False,False,False,False
ca9f902dba0a551f7010f2afceb6fbc5a1e10681,593117,164,Geovany,Quenda,Quenda,8,Chelsea,CHE,Midfielder,a,False,5.4,0.0,0.6857,0.7172,0.7172,0.7172,0.7172,2.8372,0.5254,low,0.34,0.4,2,0,1,0.5,0.5,0.5,5-GW avg pts 0.50; mins 4; xGI 0.00; current GWs 2; fixture Elo diff -17,False,False,False,False,False,False,False,False,False,False,False,False,False,False,False,False,False,False,False,False,False,False,False,False,False,False,False,False,False,False,False,False
ca9f902dba0a551f7010f2afceb6fbc5a1e10681,561245,81,Álvaro,Rodríguez,Rodríguez,91,Bournemouth,BOU,Forward,a,False,6.0,0.1,0.7087,0.7179,0.6805,0.7087,0.7179,2.8261,0.471,low,0.4,0.4,2,0,0,0.5,0.5,0.5,5-GW avg pts 0.50; mins 4; xGI 0.00; current GWs 2; fixture Elo diff +41,False,False,False,False,False,False,False,False,False,False,False,False,False,False,False,False,False,False,False,False,False,False,False,False,False,False,False,False,False,False,False,False
ca9f902dba0a551f7010f2afceb6fbc5a1e10681,538007,594,Promise,David,David,36,Brighton,BHA,Forward,a,False,6.0,0.3,0.7179,0.7087,0.649,0.7087,0.7179,2.8018,0.467,low,0.34,0.4,2,0,1,0.5,0.5,0.5,5-GW avg pts 0.50; mins 5; xGI 0.00; current GWs 2; fixture Elo diff +29,False,False,False,False,False,False,False,False,False,False,False,False,False,False,False,False,False,False,False,False,False,False,False,False,False,False,False,False,False,False,False,False
ca9f902dba0a551f7010f2afceb6fbc5a1e10681,624773,157,Estêvão,Almeida de Oliveira Gonçalves,Estêvão,8,Chelsea,CHE,Midfielder,a,False,6.4,1.0,0.6278,0.7418,0.7129,0.6977,0.7129,2.7819,0.4347,high,0.85,1.0,2,0,1,0.2,0.2,0.5,5-GW avg pts 0.20; mins 1; xGI 0.00; current GWs 2; fixture Elo diff -17,False,False,False,False,False,False,False,False,False,False,False,False,False,False,False,False,False,False,False,False,False,False,False,False,False,False,False,False,False,False,False,False
ca9f902dba0a551f7010f2afceb6fbc5a1e10681,231065,91,Ethan,Pinnock,Pinnock,9,Coventry City,COV,Defender,a,False,4.5,0.1,0.6826,0.6962,0.6962,0.6962,0.6962,2.7711,0.6158,high,0.85,1.0,2,0,1,0.2,0.2,0.5,5-GW avg pts 0.20; mins 2; xGI 0.00; current GWs 2; fixture Elo diff -184,False,False,False,False,False,False,False,False,False,False,False,False,False,False,False,False,False,False,False,False,False,False,False,False,False,False,False,False,False,False,False,False
ca9f902dba0a551f7010f2afceb6fbc5a1e10681,216055,571,Florentino Ibrain,Morris Luís,Florentino,40,Ipswich Town,IPS,Midfielder,d,False,5.0,0.1,0.7003,0.6788,0.6788,0.7003,0.6686,2.7457,0.5491,high,0.85,1.0,2,0,1,1.8,1.8,0.0,5-GW avg pts 2.40; mins 51; xGI 0.02; current GWs 2; fixture Elo diff -194,False,False,False,False,False,False,False,False,False,False,False,False,False,False,False,False,False,False,False,False,False,False,False,False,False,False,False,False,False,False,False,False
ca9f902dba0a551f7010f2afceb6fbc5a1e10681,632794,559,Aladji,Bamba,Bamba,4,Newcastle,NEW,Midfielder,a,False,5.0,0.1,0.6841,0.6841,0.6841,0.6841,0.6841,2.7362,0.5472,low,0.34,0.4,2,0,1,0.5,0.5,0.5,5-GW avg pts 0.50; mins 7; xGI 0.00; current GWs 2; fixture Elo diff +54,False,False,False,False,False,False,False,False,False,False,False,False,False,False,False,False,False,False,False,False,False,False,False,False,False,False,False,False,False,False,False,False
ca9f902dba0a551f7010f2afceb6fbc5a1e10681,172780,515,James,Maddison,Maddison,6,Spurs,TOT,Midfielder,d,False,6.4,0.8,0.6632,0.6798,0.6691,0.6525,0.7013,2.6879,0.42,high,0.85,1.0,2,0,1,0.6,0.6,0.3,5-GW avg pts 0.80; mins 11; xGI 0.06; current GWs 2; fixture Elo diff -48,False,False,False,False,False,False,False,False,False,False,False,False,False,False,False,False,False,False,False,False,False,False,False,False,False,False,False,False,False,False,False,False
ca9f902dba0a551f7010f2afceb6fbc5a1e10681,611665,461,Bazoumana,Touré,Touré,4,Newcastle,NEW,Midfielder,a,False,5.9,0.2,0.6514,0.6795,0.6887,0.6795,0.6514,2.6803,0.4543,low,0.34,0.4,2,0,1,0.5,0.5,0.5,5-GW avg pts 0.50; mins 0; xGI 0.00; current GWs 2; fixture Elo diff +54,False,False,False,False,False,False,False,False,False,False,False,False,False,False,False,False,False,False,False,False,False,False,False,False,False,False,False,False,False,False,False,False
ca9f902dba0a551f7010f2afceb6fbc5a1e10681,56979,101,Jordan,Henderson,Henderson,8,Chelsea,CHE,Midfielder,d,False,5.0,0.0,0.5878,0.6539,0.5981,0.5981,0.6539,2.4657,0.4931,high,0.85,1.0,2,0,1,0.15,0.15,0.0,5-GW avg pts 0.20; mins 19; xGI 0.01; current GWs 2; fixture Elo diff -17,False,False,False,False,False,False,False,False,False,False,False,False,False,False,False,False,False,False,False,False,False,False,False,False,False,False,False,False,False,False,False,False
ca9f902dba0a551f7010f2afceb6fbc5a1e10681,194010,89,Rico,Henry,Henry,94,Brentford,BRE,Defender,a,False,4.5,0.2,0.6001,0.6001,0.6001,0.6001,0.6001,2.4005,0.5334,high,1.0,1.0,2,0,0,0.2,0.2,0.5,5-GW avg pts 0.20; mins 0; xGI 0.00; current GWs 2; fixture Elo diff -17,False,False,False,False,False,False,False,False,False,False,False,False,False,False,False,False,False,False,False,False,False,False,False,False,False,False,False,False,False,False,False,False
ca9f902dba0a551f7010f2afceb6fbc5a1e10681,653481,52,Alysson Edward Franco,da Rocha dos Santos,Alysson,7,Aston Villa,AVL,Midfielder,a,False,5.0,0.0,0.5949,0.5949,0.5949,0.5949,0.5949,2.3797,0.4759,high,0.85,1.0,1,0,1,0.2,0.2,1.5,5-GW avg pts 0.20; mins 2; xGI 0.00; current GWs 1; fixture Elo diff +133,False,False,False,False,False,False,False,False,False,False,False,False,False,False,False,False,False,False,False,False,False,False,False,False,False,False,False,False,False,False,False,False
ca9f902dba0a551f7010f2afceb6fbc5a1e10681,160817,285,Paddy,McNair,McNair,88,Hull City,HUL,Defender,a,False,4.0,0.1,0.5766,0.5766,0.5766,0.5766,0.5766,2.3063,0.5766,low,0.34,0.4,2,0,1,0.5,0.5,0.5,5-GW avg pts 0.50; mins 13; xGI 0.00; current GWs 2; fixture Elo diff -175,False,False,False,False,False,False,False,False,False,False,False,False,False,False,False,False,False,False,False,False,False,False,False,False,False,False,False,False,False,False,False,False
ca9f902dba0a551f7010f2afceb6fbc5a1e10681,599303,466,Sean,Neave,Neave,4,Newcastle,NEW,Forward,a,False,4.5,0.8,0.5232,0.5689,0.5689,0.5689,0.5232,2.2024,0.4894,high,0.85,1.0,2,0,1,0.2,0.2,0.0,5-GW avg pts 0.20; mins 3; xGI 0.01; current GWs 2; fixture Elo diff +54,False,False,False,False,False,False,False,False,False,False,False,False,False,False,False,False,False,False,False,False,False,False,False,False,False,False,False,False,False,False,False,False
ca9f902dba0a551f7010f2afceb6fbc5a1e10681,557012,321,Sindre,Walle Egeli,Walle Egeli,40,Ipswich Town,IPS,Forward,a,False,4.5,2.7,0.5486,0.5486,0.5486,0.5486,0.5486,2.1943,0.4876,low,0.34,0.4,2,0,1,0.5,0.5,0.5,5-GW avg pts 0.50; mins 5; xGI 0.00; current GWs 2; fixture Elo diff -194,False,False,False,False,False,False,False,False,False,False,False,False,False,False,False,False,False,False,False,False,False,False,False,False,False,False,False,False,False,False,False,False
ca9f902dba0a551f7010f2afceb6fbc5a1e10681,176420,308,Darnell,Furlong,Furlong,40,Ipswich Town,IPS,Defender,a,False,4.0,0.6,0.5391,0.5391,0.5391,0.5391,0.5391,2.1563,0.5391,low,0.34,0.4,2,0,1,0.5,0.5,0.5,5-GW avg pts 0.50; mins 8; xGI 0.00; current GWs 2; fixture Elo diff -194,False,False,False,False,False,False,False,False,False,False,False,False,False,False,False,False,False,False,False,False,False,False,False,False,False,False,False,False,False,False,False,False
ca9f902dba0a551f7010f2afceb6fbc5a1e10681,242313,207,Oscar,Mingueza,Mingueza,31,Crystal Palace,CRY,Defender,a,False,4.5,0.1,0.5391,0.5391,0.5391,0.5391,0.5391,2.1563,0.4792,low,0.34,0.4,2,0,1,0.5,0.5,0.5,5-GW avg pts 0.50; mins 8; xGI 0.00; current GWs 2; fixture Elo diff +16,False,False,False,False,False,False,False,False,False,False,False,False,False,False,False,False,False,False,False,False,False,False,False,False,False,False,False,False,False,False,False,False
ca9f902dba0a551f7010f2afceb6fbc5a1e10681,449027,351,Giorgi,Mamardashvili,Mamardashvili,14,Liverpool,LIV,Goalkeeper,a,False,5.0,0.1,0.4981,0.4913,0.4913,0.4641,0.4913,1.953,0.3906,high,0.85,1.0,2,0,1,0.6,0.6,0.0,5-GW avg pts 0.60; mins 36; xGI 0.00; current GWs 2; fixture Elo diff +79,False,False,False,False,False,False,False,False,False,False,False,False,False,False,False,False,False,False,False,False,False,False,False,False,False,False,False,False,False,False,False,False
ca9f902dba0a551f7010f2afceb6fbc5a1e10681,465680,493,Arnaud,Kalimuendo,Kalimuendo,17,Nott'm Forest,NFO,Forward,a,False,5.5,0.0,0.4958,0.4363,0.4958,0.4737,0.4448,1.8835,0.3425,high,0.85,1.0,2,0,1,0.2,0.2,0.5,5-GW avg pts 0.20; mins 0; xGI 0.00; current GWs 2; fixture Elo diff -24,False,False,False,False,False,False,False,False,False,False,False,False,False,False,False,False,False,False,False,False,False,False,False,False,False,False,False,False,False,False,False,False
ca9f902dba0a551f7010f2afceb6fbc5a1e10681,119471,446,Fabian,Schär,Schär,4,Newcastle,NEW,Defender,a,False,5.0,0.3,0.4592,0.4592,0.4659,0.4659,0.4592,1.8467,0.3693,high,0.85,1.0,2,0,1,0.2,0.2,0.5,5-GW avg pts 0.20; mins 0; xGI 0.00; current GWs 2; fixture Elo diff +54,False,False,False,False,False,False,False,False,False,False,False,False,False,False,False,False,False,False,False,False,False,False,False,False,False,False,False,False,False,False,False,False
ca9f902dba0a551f7010f2afceb6fbc5a1e10681,616222,396,Vitor,de Oliveira Nunes dos Reis,Vitor Reis,43,Man City,MCI,Defender,a,False,4.5,0.0,0.4583,0.4583,0.4583,0.4583,0.4583,1.833,0.4073,high,0.85,1.0,2,0,1,0.2,0.2,0.5,5-GW avg pts 0.20; mins 0; xGI 0.00; current GWs 2; fixture Elo diff +192,False,False,False,False,False,False,False,False,False,False,False,False,False,False,False,False,False,False,False,False,False,False,False,False,False,False,False,False,False,False,False,False
ca9f902dba0a551f7010f2afceb6fbc5a1e10681,243526,331,Gabriel,Gudmundsson,Gudmundsson,2,Leeds,LEE,Defender,a,False,4.5,0.0,0.4349,0.4349,0.4349,0.4007,0.4349,1.7156,0.3812,high,1.0,1.0,2,0,0,0.0,0.0,0.0,5-GW avg pts 0.00; mins 0; xGI 0.00; current GWs 2; fixture Elo diff -96,False,False,False,False,False,False,False,False,False,False,False,False,False,False,False,False,False,False,False,False,False,False,False,False,False,False,False,False,False,False,False,False
ca9f902dba0a551f7010f2afceb6fbc5a1e10681,183656,103,Josh,Dasilva,Dasilva,94,Brentford,BRE,Midfielder,a,False,5.0,0.0,0.4291,0.4005,0.4005,0.4005,0.4005,1.6305,0.3261,high,1.0,1.0,2,0,0,0.2,0.2,0.0,5-GW avg pts 0.20; mins 0; xGI 0.02; current GWs 2; fixture Elo diff -17,False,False,False,False,False,False,False,False,False,False,False,False,False,False,False,False,False,False,False,False,False,False,False,False,False,False,False,False,False,False,False,False
ca9f902dba0a551f7010f2afceb6fbc5a1e10681,79602,623,Dan,Bentley,Bentley,9,Coventry City,COV,Goalkeeper,a,False,4.0,0.1,0.3881,0.4017,0.4017,0.4017,0.4017,1.5932,0.3983,high,0.85,1.0,1,0,1,0.8,0.8,1.0,5-GW avg pts 0.80; mins 36; xGI 0.00; current GWs 1; fixture Elo diff -184,False,False,False,False,False,False,False,False,False,False,False,False,False,False,False,False,False,False,False,False,False,False,False,False,False,False,False,False,False,False,False,False
ca9f902dba0a551f7010f2afceb6fbc5a1e10681,463936,158,Jamie,Bynoe-Gittens,Gittens,8,Chelsea,CHE,Midfielder,a,False,5.9,0.0,0.3272,0.4412,0.4124,0.3971,0.4124,1.5795,0.2677,high,0.85,1.0,2,0,1,0.0,0.0,0.0,5-GW avg pts 0.00; mins 0; xGI 0.00; current GWs 2; fixture Elo diff -17,False,False,False,False,False,False,False,False,False,False,False,False,False,False,False,False,False,False,False,False,False,False,False,False,False,False,False,False,False,False,False,False
ca9f902dba0a551f7010f2afceb6fbc5a1e10681,214225,329,Joe,Rodon,Rodon,2,Leeds,LEE,Defender,d,False,4.5,3.4,0.3524,0.425,0.4324,0.258,0.4204,1.5137,0.3364,high,1.0,1.0,2,0,0,1.5,1.5,0.9,5-GW avg pts 3.00; mins 79; xGI 0.04; current GWs 2; fixture Elo diff -96,False,False,False,False,False,False,False,False,False,False,False,False,False,False,False,False,False,False,False,False,False,False,False,False,False,False,False,False,False,False,False,False
ca9f902dba0a551f7010f2afceb6fbc5a1e10681,438098,23,Fábio,Ferreira Vieira,Fábio Vieira,3,Arsenal,ARS,Midfielder,a,False,5.5,0.0,0.3067,0.3316,0.2845,0.5777,0.2845,1.4079,0.256,high,1.0,1.0,1,0,0,0.0,0.0,2.0,5-GW avg pts 0.00; mins 0; xGI 0.00; current GWs 1; fixture Elo diff +258,False,False,False,False,False,False,False,False,False,False,False,False,False,False,False,False,False,False,False,False,False,False,False,False,False,False,False,False,False,False,False,False
ca9f902dba0a551f7010f2afceb6fbc5a1e10681,219249,126,Matt,O'Riley,O'Riley,36,Brighton,BHA,Midfielder,a,False,5.5,0.1,0.3547,0.3326,0.3037,0.3326,0.3547,1.3426,0.2441,high,0.85,1.0,2,0,1,0.0,0.0,0.0,5-GW avg pts 0.00; mins 0; xGI 0.00; current GWs 2; fixture Elo diff +29,False,False,False,False,False,False,False,False,False,False,False,False,False,False,False,False,False,False,False,False,False,False,False,False,False,False,False,False,False,False,False,False
ca9f902dba0a551f7010f2afceb6fbc5a1e10681,169359,556,Matt,Targett,Targett,88,Hull City,HUL,Defender,a,False,4.0,2.2,0.3312,0.3312,0.3312,0.3312,0.3312,1.3249,0.3312,high,0.85,1.0,2,0,1,0.2,0.2,0.5,5-GW avg pts 0.20; mins 1; xGI 0.00; current GWs 2; fixture Elo diff -175,False,False,False,False,False,False,False,False,False,False,False,False,False,False,False,False,False,False,False,False,False,False,False,False,False,False,False,False,False,False,False,False
ca9f902dba0a551f7010f2afceb6fbc5a1e10681,519913,438,Tyler,Fletcher,Fletcher,1,Man Utd,MUN,Midfielder,a,False,4.5,0.3,0.3312,0.3312,0.3312,0.3312,0.3312,1.3249,0.2944,high,1.0,1.0,2,0,0,0.2,0.2,0.0,5-GW avg pts 0.20; mins 3; xGI 0.00; current GWs 2; fixture Elo diff +83,False,False,False,False,False,False,False,False,False,False,False,False,False,False,False,False,False,False,False,False,False,False,False,False,False,False,False,False,False,False,False,False
ca9f902dba0a551f7010f2afceb6fbc5a1e10681,568420,581,Ousmane,Diomande,Diomande,17,Nott'm Forest,NFO,Defender,a,False,5.5,0.7,0.3358,0.2892,0.3358,0.3266,0.267,1.2536,0.2279,low,0.34,0.4,2,0,1,0.0,0.0,0.0,5-GW avg pts 0.00; mins 0; xGI 0.00; current GWs 2; fixture Elo diff -24,False,False,False,False,False,False,False,False,False,False,False,False,False,False,False,False,False,False,False,False,False,False,False,False,False,False,False,False,False,False,False,False
ca9f902dba0a551f7010f2afceb6fbc5a1e10681,158983,374,Endo,Wataru,Endo,14,Liverpool,LIV,Midfielder,a,False,5.0,0.1,0.3182,0.3115,0.3115,0.2842,0.3115,1.2337,0.2467,high,0.85,1.0,2,0,1,0.0,0.0,0.0,5-GW avg pts 0.00; mins 0; xGI 0.00; current GWs 2; fixture Elo diff +79,False,False,False,False,False,False,False,False,False,False,False,False,False,False,False,False,False,False,False,False,False,False,False,False,False,False,False,False,False,False,False,False
ca9f902dba0a551f7010f2afceb6fbc5a1e10681,699989,550,Djiamgone Jocelin Ta,Bi,Jocelin.T,56,Sunderland,SUN,Midfielder,a,False,5.0,0.0,0.3294,0.2637,0.2842,0.3294,0.3294,1.2222,0.2444,high,1.0,1.0,2,0,0,0.0,0.0,0.0,5-GW avg pts 0.00; mins 0; xGI 0.00; current GWs 2; fixture Elo diff -181,False,False,False,False,False,False,False,False,False,False,False,False,False,False,False,False,False,False,False,False,False,False,False,False,False,False,False,False,False,False,False,False
ca9f902dba0a551f7010f2afceb6fbc5a1e10681,67089,497,Martin,Dubravka,Dubravka,6,Spurs,TOT,Goalkeeper,a,False,4.0,18.2,0.304,0.304,0.304,0.304,0.3107,1.22,0.305,high,0.85,1.0,2,0,1,0.0,0.0,0.0,5-GW avg pts 0.00; mins 0; xGI 0.00; current GWs 2; fixture Elo diff -48,False,False,False,False,False,False,False,False,False,False,False,False,False,False,False,False,False,False,False,False,False,False,False,False,False,False,False,False,False,False,False,False
ca9f902dba0a551f7010f2afceb6fbc5a1e10681,155503,352,Freddie,Woodman,Woodman,14,Liverpool,LIV,Goalkeeper,a,False,4.0,1.1,0.3107,0.304,0.304,0.2904,0.304,1.2132,0.3033,high,0.85,1.0,2,0,1,0.0,0.0,0.0,5-GW avg pts 0.00; mins 0; xGI 0.00; current GWs 2; fixture Elo diff +79,False,False,False,False,False,False,False,False,False,False,False,False,False,False,False,False,False,False,False,False,False,False,False,False,False,False,False,False,False,False,False,False
ca9f902dba0a551f7010f2afceb6fbc5a1e10681,517052,166,Nicolas,Jackson,N.Jackson,7,Aston Villa,AVL,Forward,a,False,6.5,0.6,0.284,0.32,0.2979,0.32,0.2979,1.2131,0.1866,high,0.85,1.0,1,0,1,0.0,0.0,2.1,5-GW avg pts 0.00; mins 0; xGI 0.00; current GWs 1; fixture Elo diff +133,False,False,False,False,False,False,False,False,False,False,False,False,False,False,False,False,False,False,False,False,False,False,False,False,False,False,False,False,False,False,False,False
ca9f902dba0a551f7010f2afceb6fbc5a1e10681,444884,383,Harvey,Elliott,Elliott,14,Liverpool,LIV,Midfielder,a,False,5.5,0.1,0.2845,0.3067,0.2472,0.2557,0.2845,1.108,0.2014,high,0.85,1.0,2,0,1,0.0,0.0,0.0,5-GW avg pts 0.00; mins 0; xGI 0.00; current GWs 2; fixture Elo diff +79,False,False,False,False,False,False,False,False,False,False,False,False,False,False,False,False,False,False,False,False,False,False,False,False,False,False,False,False,False,False,False,False
ca9f902dba0a551f7010f2afceb6fbc5a1e10681,465920,578,Mykhailo,Mudryk,Mudryk,8,Chelsea,CHE,Midfielder,a,False,5.5,0.0,0.2335,0.3067,0.2845,0.2693,0.2845,1.0964,0.1993,high,0.85,1.0,2,0,1,0.0,0.0,0.0,5-GW avg pts 0.00; mins 0; xGI 0.00; current GWs 2; fixture Elo diff -17,False,False,False,False,False,False,False,False,False,False,False,False,False,False,False,False,False,False,False,False,False,False,False,False,False,False,False,False,False,False,False,False
ca9f902dba0a551f7010f2afceb6fbc5a1e10681,153366,270,Harrison,Reed,Reed,54,Fulham,FUL,Midfielder,a,False,4.5,1.4,0.2699,0.2699,0.2699,0.2766,0.2766,1.0884,0.2419,high,0.85,1.0,2,0,1,0.0,0.0,0.0,5-GW avg pts 0.00; mins 0; xGI 0.00; current GWs 2; fixture Elo diff +21,False,False,False,False,False,False,False,False,False,False,False,False,False,False,False,False,False,False,False,False,False,False,False,False,False,False,False,False,False,False,False,False
ca9f902dba0a551f7010f2afceb6fbc5a1e10681,167074,256,Kenny,Tete,Tete,54,Fulham,FUL,Defender,a,False,4.5,0.3,0.2699,0.2699,0.2699,0.2766,0.2766,1.0884,0.2419,high,0.85,1.0,2,0,1,0.0,0.0,0.0,5-GW avg pts 0.00; mins 0; xGI 0.00; current GWs 2; fixture Elo diff +21,False,False,False,False,False,False,False,False,False,False,False,False,False,False,False,False,False,False,False,False,False,False,False,False,False,False,False,False,False,False,False,False
ca9f902dba0a551f7010f2afceb6fbc5a1e10681,121709,199,Walter,Benítez,Benitez,31,Crystal Palace,CRY,Goalkeeper,a,False,4.5,0.1,0.2699,0.2766,0.2699,0.2699,0.2699,1.0857,0.2413,high,0.85,1.0,2,0,1,0.0,0.0,0.0,5-GW avg pts 0.00; mins 0; xGI 0.00; current GWs 2; fixture Elo diff +16,False,False,False,False,False,False,False,False,False,False,False,False,False,False,False,False,False,False,False,False,False,False,False,False,False,False,False,False,False,False,False,False
ca9f902dba0a551f7010f2afceb6fbc5a1e10681,616221,511,João Victor,de Souza Menezes,Souza,6,Spurs,TOT,Defender,a,False,4.0,0.3,0.2699,0.2699,0.2699,0.2699,0.2766,1.0837,0.2709,high,0.85,1.0,2,0,1,0.0,0.0,0.0,5-GW avg pts 0.00; mins 0; xGI 0.00; current GWs 2; fixture Elo diff -48,False,False,False,False,False,False,False,False,False,False,False,False,False,False,False,False,False,False,False,False,False,False,False,False,False,False,False,False,False,False,False,False
ca9f902dba0a551f7010f2afceb6fbc5a1e10681,549067,477,Zach,Abbott,Abbott,17,Nott'm Forest,NFO,Defender,a,False,4.0,0.2,0.2699,0.2699,0.2766,0.2699,0.2358,1.0645,0.2661,high,0.85,1.0,2,0,1,0.0,0.0,0.0,5-GW avg pts 0.00; mins 0; xGI 0.00; current GWs 2; fixture Elo diff -24,False,False,False,False,False,False,False,False,False,False,False,False,False,False,False,False,False,False,False,False,False,False,False,False,False,False,False,False,False,False,False,False
ca9f902dba0a551f7010f2afceb6fbc5a1e10681,109646,147,Tosin,Adarabioyo,Tosin,8,Chelsea,CHE,Defender,a,False,4.5,0.2,0.2358,0.2766,0.2699,0.2699,0.2699,1.0515,0.2337,high,0.85,1.0,2,0,1,0.0,0.0,0.0,5-GW avg pts 0.00; mins 0; xGI 0.00; current GWs 2; fixture Elo diff -17,False,False,False,False,False,False,False,False,False,False,False,False,False,False,False,False,False,False,False,False,False,False,False,False,False,False,False,False,False,False,False,False
ca9f902dba0a551f7010f2afceb6fbc5a1e10681,515046,531,Melker,Ellborg,Ellborg,56,Sunderland,SUN,Goalkeeper,a,False,4.5,0.1,0.2699,0.2358,0.2563,0.2699,0.2699,1.038,0.2307,high,1.0,1.0,2,0,0,0.0,0.0,0.0,5-GW avg pts 0.00; mins 0; xGI 0.00; current GWs 2; fixture Elo diff -181,False,False,False,False,False,False,False,False,False,False,False,False,False,False,False,False,False,False,False,False,False,False,False,False,False,False,False,False,False,False,False,False
ca9f902dba0a551f7010f2afceb6fbc5a1e10681,496661,245,Tyler,Dibling,Dibling,11,Everton,EVE,Midfielder,a,False,5.4,0.0,0.2502,0.2502,0.257,0.257,0.2502,1.0111,0.1872,high,0.85,1.0,2,0,1,0.0,0.0,0.0,5-GW avg pts 0.00; mins 0; xGI 0.00; current GWs 2; fixture Elo diff +32,False,False,False,False,False,False,False,False,False,False,False,False,False,False,False,False,False,False,False,False,False,False,False,False,False,False,False,False,False,False,False,False
ca9f902dba0a551f7010f2afceb6fbc5a1e10681,499175,22,Ethan,Nwaneri,Nwaneri,3,Arsenal,ARS,Midfielder,a,False,5.4,0.0,0.2168,0.2658,0.2168,0.2658,0.2168,0.9456,0.1751,high,1.0,1.0,1,0,0,0.0,0.0,2.0,5-GW avg pts 0.00; mins 0; xGI 0.00; current GWs 1; fixture Elo diff +258,False,False,False,False,False,False,False,False,False,False,False,False,False,False,False,False,False,False,False,False,False,False,False,False,False,False,False,False,False,False,False,False
ca9f902dba0a551f7010f2afceb6fbc5a1e10681,499309,168,Marc,Guiu Paz,Marc Guiu,8,Chelsea,CHE,Forward,a,False,5.0,0.4,0.2181,0.2317,0.2317,0.2317,0.2317,0.9133,0.1827,high,0.85,1.0,2,0,1,0.0,0.0,0.0,5-GW avg pts 0.00; mins 0; xGI 0.00; current GWs 2; fixture Elo diff -17,False,False,False,False,False,False,False,False,False,False,False,False,False,False,False,False,False,False,False,False,False,False,False,False,False,False,False,False,False,False,False,False
ca9f902dba0a551f7010f2afceb6fbc5a1e10681,243571,234,Nathan,Patterson,Patterson,11,Everton,EVE,Defender,a,False,4.5,0.0,0.2219,0.2219,0.2286,0.2286,0.2219,0.8976,0.1995,high,0.85,1.0,2,0,1,0.0,0.0,0.0,5-GW avg pts 0.00; mins 0; xGI 0.00; current GWs 2; fixture Elo diff +32,False,False,False,False,False,False,False,False,False,False,False,False,False,False,False,False,False,False,False,False,False,False,False,False,False,False,False,False,False,False,False,False
ca9f902dba0a551f7010f2afceb6fbc5a1e10681,115556,508,Ben,Davies,Davies,6,Spurs,TOT,Defender,a,False,4.0,1.0,0.2219,0.2219,0.2219,0.2219,0.2286,0.8915,0.2229,high,0.85,1.0,2,0,1,0.0,0.0,0.0,5-GW avg pts 0.00; mins 0; xGI 0.00; current GWs 2; fixture Elo diff -48,False,False,False,False,False,False,False,False,False,False,False,False,False,False,False,False,False,False,False,False,False,False,False,False,False,False,False,False,False,False,False,False
ca9f902dba0a551f7010f2afceb6fbc5a1e10681,507433,83,Hákon Rafn,Valdimarsson,Valdimarsson,94,Brentford,BRE,Goalkeeper,a,False,4.5,0.1,0.2219,0.2219,0.2219,0.2219,0.2219,0.8875,0.1972,high,1.0,1.0,2,0,0,0.0,0.0,0.0,5-GW avg pts 0.00; mins 0; xGI 0.00; current GWs 2; fixture Elo diff -17,False,False,False,False,False,False,False,False,False,False,False,False,False,False,False,False,False,False,False,False,False,False,False,False,False,False,False,False,False,False,False,False
ca9f902dba0a551f7010f2afceb6fbc5a1e10681,173879,56,Tammy,Abraham,Abraham,7,Aston Villa,AVL,Forward,d,False,5.5,0.1,0.2131,0.2247,0.2201,0.2247,0.2201,0.8808,0.1601,high,0.85,1.0,1,0,1,0.1,0.1,0.65,5-GW avg pts 0.20; mins 12; xGI 0.00; current GWs 1; fixture Elo diff +133,False,False,False,False,False,False,False,False,False,False,False,False,False,False,False,False,False,False,False,False,False,False,False,False,False,False,False,False,False,False,False,False
ca9f902dba0a551f7010f2afceb6fbc5a1e10681,221389,468,John Victor,Maciel Furtado,John,17,Nott'm Forest,NFO,Goalkeeper,a,False,4.5,0.1,0.2219,0.2219,0.2286,0.2219,0.1877,0.8724,0.1939,high,0.85,1.0,2,0,1,0.0,0.0,0.0,5-GW avg pts 0.00; mins 0; xGI 0.00; current GWs 2; fixture Elo diff -24,False,False,False,False,False,False,False,False,False,False,False,False,False,False,False,False,False,False,False,False,False,False,False,False,False,False,False,False,False,False,False,False
ca9f902dba0a551f7010f2afceb6fbc5a1e10681,201595,326,Lucas Estella,Perri,Perri,2,Leeds,LEE,Goalkeeper,a,False,4.5,0.5,0.2219,0.2219,0.2219,0.1877,0.2219,0.8636,0.1919,high,1.0,1.0,2,0,0,0.0,0.0,0.0,5-GW avg pts 0.00; mins 0; xGI 0.00; current GWs 2; fixture Elo diff -96,False,False,False,False,False,False,False,False,False,False,False,False,False,False,False,False,False,False,False,False,False,False,False,False,False,False,False,False,False,False,False,False
ca9f902dba0a551f7010f2afceb6fbc5a1e10681,454490,120,Michael,Svoboda,Svoboda,36,Brighton,BHA,Defender,a,False,5.0,0.1,0.2128,0.2128,0.1813,0.2128,0.2128,0.8262,0.1652,low,0.34,0.4,2,0,1,0.0,0.0,0.0,5-GW avg pts 0.00; mins 0; xGI 0.00; current GWs 2; fixture Elo diff +29,False,False,False,False,False,False,False,False,False,False,False,False,False,False,False,False,False,False,False,False,False,False,False,False,False,False,False,False,False,False,False,False
ca9f902dba0a551f7010f2afceb6fbc5a1e10681,106921,587,Gerónimo,Rulli,Rulli,43,Man City,MCI,Goalkeeper,a,False,5.0,0.0,0.2015,0.2015,0.2015,0.2015,0.2015,0.8062,0.1612,low,0.34,0.4,2,0,1,0.0,0.0,0.0,5-GW avg pts 0.00; mins 0; xGI 0.00; current GWs 2; fixture Elo diff +192,False,False,False,False,False,False,False,False,False,False,False,False,False,False,False,False,False,False,False,False,False,False,False,False,False,False,False,False,False,False,False,False
ca9f902dba0a551f7010f2afceb6fbc5a1e10681,208481,292,Abdülkadir,Ömür,Ömür,88,Hull City,HUL,Midfielder,a,False,5.0,0.0,0.2015,0.2015,0.2015,0.2015,0.2015,0.8062,0.1612,low,0.34,0.4,2,0,1,0.0,0.0,0.0,5-GW avg pts 0.00; mins 0; xGI 0.00; current GWs 2; fixture Elo diff -175,False,False,False,False,False,False,False,False,False,False,False,False,False,False,False,False,False,False,False,False,False,False,False,False,False,False,False,False,False,False,False,False
ca9f902dba0a551f7010f2afceb6fbc5a1e10681,213292,296,David,Akintola,Akintola,88,Hull City,HUL,Midfielder,a,False,5.0,0.0,0.2015,0.2015,0.2015,0.2015,0.2015,0.8062,0.1612,low,0.34,0.4,2,0,1,0.0,0.0,0.0,5-GW avg pts 0.00; mins 0; xGI 0.00; current GWs 2; fixture Elo diff -175,False,False,False,False,False,False,False,False,False,False,False,False,False,False,False,False,False,False,False,False,False,False,False,False,False,False,False,False,False,False,False,False
ca9f902dba0a551f7010f2afceb6fbc5a1e10681,433969,597,Zion,Suzuki,Suzuki,7,Aston Villa,AVL,Goalkeeper,a,False,5.0,0.9,0.2015,0.2015,0.2015,0.2015,0.2015,0.8062,0.1612,low,0.17,0.2,1,0,1,0.0,0.0,2.6,5-GW avg pts 0.00; mins 0; xGI 0.00; current GWs 1; fixture Elo diff +133,False,False,False,False,False,False,False,False,False,False,False,False,False,False,False,False,False,False,False,False,False,False,False,False,False,False,False,False,False,False,False,False
ca9f902dba0a551f7010f2afceb6fbc5a1e10681,552946,574,Jens,Hjertø-Dahl,Hjertø-Dahl,88,Hull City,HUL,Midfielder,a,False,5.0,0.1,0.2015,0.2015,0.2015,0.2015,0.2015,0.8062,0.1612,low,0.34,0.4,2,0,1,0.0,0.0,0.0,5-GW avg pts 0.00; mins 0; xGI 0.00; current GWs 2; fixture Elo diff -175,False,False,False,False,False,False,False,False,False,False,False,False,False,False,False,False,False,False,False,False,False,False,False,False,False,False,False,False,False,False,False,False
ca9f902dba0a551f7010f2afceb6fbc5a1e10681,649208,410,Jeremy,Monga,Monga,43,Man City,MCI,Midfielder,a,False,5.0,0.0,0.2015,0.2015,0.2015,0.2015,0.2015,0.8062,0.1612,low,0.34,0.4,2,0,1,0.0,0.0,0.0,5-GW avg pts 0.00; mins 0; xGI 0.00; current GWs 2; fixture Elo diff +192,False,False,False,False,False,False,False,False,False,False,False,False,False,False,False,False,False,False,False,False,False,False,False,False,False,False,False,False,False,False,False,False
ca9f902dba0a551f7010f2afceb6fbc5a1e10681,229164,314,Chiedozie,Ogbene,Ogbene,40,Ipswich Town,IPS,Midfielder,a,False,5.0,0.0,0.2015,0.2015,0.2015,0.2015,0.17,0.7873,0.1575,low,0.34,0.4,2,0,1,0.0,0.0,0.0,5-GW avg pts 0.00; mins 0; xGI 0.00; current GWs 2; fixture Elo diff -194,False,False,False,False,False,False,False,False,False,False,False,False,False,False,False,False,False,False,False,False,False,False,False,False,False,False,False,False,False,False,False,False
ca9f902dba0a551f7010f2afceb6fbc5a1e10681,232457,324,Anis,Mehmeti,Mehmeti,40,Ipswich Town,IPS,Midfielder,a,False,5.0,0.0,0.2015,0.2015,0.2015,0.2015,0.17,0.7873,0.1575,low,0.34,0.4,2,0,1,0.0,0.0,0.0,5-GW avg pts 0.00; mins 0; xGI 0.00; current GWs 2; fixture Elo diff -194,False,False,False,False,False,False,False,False,False,False,False,False,False,False,False,False,False,False,False,False,False,False,False,False,False,False,False,False,False,False,False,False
ca9f902dba0a551f7010f2afceb6fbc5a1e10681,519324,624,Amario,Cozier-Duberry,Cozier-Duberry,36,Brighton,BHA,Midfielder,a,False,5.0,0.0,0.2015,0.2015,0.17,0.2015,0.2015,0.781,0.1562,low,0.17,0.2,1,0,1,0.0,0.0,1.5,5-GW avg pts 0.00; mins 0; xGI 0.00; current GWs 1; fixture Elo diff +29,False,False,False,False,False,False,False,False,False,False,False,False,False,False,False,False,False,False,False,False,False,False,False,False,False,False,False,False,False,False,False,False
ca9f902dba0a551f7010f2afceb6fbc5a1e10681,503037,170,Emmanuel,Emegha,Emegha,8,Chelsea,CHE,Forward,a,False,5.0,0.1,0.17,0.2015,0.2015,0.2015,0.2015,0.7747,0.1549,low,0.34,0.4,2,0,1,0.0,0.0,0.0,5-GW avg pts 0.00; mins 0; xGI 0.00; current GWs 2; fixture Elo diff -17,False,False,False,False,False,False,False,False,False,False,False,False,False,False,False,False,False,False,False,False,False,False,False,False,False,False,False,False,False,False,False,False
ca9f902dba0a551f7010f2afceb6fbc5a1e10681,627221,599,Sidiki,Cherif,Cherif,9,Coventry City,COV,Forward,a,False,5.0,0.1,0.17,0.2015,0.2015,0.2015,0.2015,0.7747,0.1549,low,0.34,0.4,2,0,1,0.0,0.0,0.0,5-GW avg pts 0.00; mins 0; xGI 0.00; current GWs 2; fixture Elo diff -184,False,False,False,False,False,False,False,False,False,False,False,False,False,False,False,False,False,False,False,False,False,False,False,False,False,False,False,False,False,False,False,False
ca9f902dba0a551f7010f2afceb6fbc5a1e10681,536694,217,Matheus,França de Oliveira,M.França,31,Crystal Palace,CRY,Midfielder,a,False,4.9,0.0,0.1921,0.1921,0.1921,0.1921,0.1921,0.7685,0.1568,high,0.85,1.0,2,0,1,0.0,0.0,0.0,5-GW avg pts 0.00; mins 0; xGI 0.00; current GWs 2; fixture Elo diff +16,False,False,False,False,False,False,False,False,False,False,False,False,False,False,False,False,False,False,False,False,False,False,False,False,False,False,False,False,False,False,False,False
ca9f902dba0a551f7010f2afceb6fbc5a1e10681,439668,187,Josh,Eccles,Eccles,9,Coventry City,COV,Midfielder,a,False,4.9,0.0,0.1745,0.1921,0.1921,0.1921,0.1921,0.7508,0.1532,low,0.34,0.4,2,0,1,0.0,0.0,0.0,5-GW avg pts 0.00; mins 0; xGI 0.00; current GWs 2; fixture Elo diff -184,False,False,False,False,False,False,False,False,False,False,False,False,False,False,False,False,False,False,False,False,False,False,False,False,False,False,False,False,False,False,False,False
ca9f902dba0a551f7010f2afceb6fbc5a1e10681,229600,227,Mark,Travers,Travers,11,Everton,EVE,Goalkeeper,a,False,5.0,0.0,0.1837,0.1837,0.1837,0.1837,0.1837,0.7348,0.147,high,0.85,1.0,2,0,1,0.0,0.0,0.0,5-GW avg pts 0.00; mins 0; xGI 0.00; current GWs 2; fixture Elo diff +32,False,False,False,False,False,False,False,False,False,False,False,False,False,False,False,False,False,False,False,False,False,False,False,False,False,False,False,False,False,False,False,False
ca9f902dba0a551f7010f2afceb6fbc5a1e10681,244858,100,Fábio,Freitas Gouveia Carvalho,Carvalho,94,Brentford,BRE,Midfielder,a,False,5.0,0.0,0.1837,0.1837,0.1837,0.1837,0.1837,0.7348,0.147,high,1.0,1.0,2,0,0,0.0,0.0,0.0,5-GW avg pts 0.00; mins 0; xGI 0.00; current GWs 2; fixture Elo diff -17,False,False,False,False,False,False,False,False,False,False,False,False,False,False,False,False,False,False,False,False,False,False,False,False,False,False,False,False,False,False,False,False
ca9f902dba0a551f7010f2afceb6fbc5a1e10681,437495,3,Illan,Meslier,Meslier,3,Arsenal,ARS,Goalkeeper,a,False,5.0,0.0,0.1837,0.1837,0.1837,0.1837,0.1837,0.7348,0.147,high,1.0,1.0,1,0,0,0.0,0.0,2.6,5-GW avg pts 0.00; mins 0; xGI 0.00; current GWs 1; fixture Elo diff +258,False,False,False,False,False,False,False,False,False,False,False,False,False,False,False,False,False,False,False,False,False,False,False,False,False,False,False,False,False,False,False,False
ca9f902dba0a551f7010f2afceb6fbc5a1e10681,438464,218,Cheick,Doucouré,Doucouré,31,Crystal Palace,CRY,Midfielder,a,False,5.0,0.1,0.1837,0.1837,0.1837,0.1837,0.1837,0.7348,0.147,high,0.85,1.0,2,0,1,0.0,0.0,0.0,5-GW avg pts 0.00; mins 0; xGI 0.00; current GWs 2; fixture Elo diff +16,False,False,False,False,False,False,False,False,False,False,False,False,False,False,False,False,False,False,False,False,False,False,False,False,False,False,False,False,False,False,False,False
ca9f902dba0a551f7010f2afceb6fbc5a1e10681,450542,219,Jesurun,Rak-Sakyi,J.Rak-Sakyi,31,Crystal Palace,CRY,Midfielder,a,False,5.0,0.0,0.1837,0.1837,0.1837,0.1837,0.1837,0.7348,0.147,high,0.85,1.0,2,0,1,0.0,0.0,0.0,5-GW avg pts 0.00; mins 0; xGI 0.00; current GWs 2; fixture Elo diff +16,False,False,False,False,False,False,False,False,False,False,False,False,False,False,False,False,False,False,False,False,False,False,False,False,False,False,False,False,False,False,False,False
ca9f902dba0a551f7010f2afceb6fbc5a1e10681,575204,407,Claudio,Echeverri,Echeverri,43,Man City,MCI,Midfielder,a,False,5.0,0.0,0.1837,0.1837,0.1837,0.1837,0.1837,0.7348,0.147,high,0.85,1.0,2,0,1,0.0,0.0,0.0,5-GW avg pts 0.00; mins 0; xGI 0.00; current GWs 2; fixture Elo diff +192,False,False,False,False,False,False,False,False,False,False,False,False,False,False,False,False,False,False,False,False,False,False,False,False,False,False,False,False,False,False,False,False
ca9f902dba0a551f7010f2afceb6fbc5a1e10681,606921,216,Romain,Esse,Esse,31,Crystal Palace,CRY,Midfielder,a,False,5.0,0.0,0.1837,0.1837,0.1837,0.1837,0.1837,0.7348,0.147,high,0.85,1.0,2,0,1,0.0,0.0,0.0,5-GW avg pts 0.00; mins 0; xGI 0.00; current GWs 2; fixture Elo diff +16,False,False,False,False,False,False,False,False,False,False,False,False,False,False,False,False,False,False,False,False,False,False,False,False,False,False,False,False,False,False,False,False
ca9f902dba0a551f7010f2afceb6fbc5a1e10681,547037,434,Jack,Fletcher,J.Fletcher,1,Man Utd,MUN,Midfielder,a,False,5.0,0.0,0.1837,0.17,0.1837,0.1837,0.1837,0.7225,0.1445,high,1.0,1.0,2,0,0,0.0,0.0,0.0,5-GW avg pts 0.00; mins 0; xGI 0.00; current GWs 2; fixture Elo diff +83,False,False,False,False,False,False,False,False,False,False,False,False,False,False,False,False,False,False,False,False,False,False,False,False,False,False,False,False,False,False,False,False
ca9f902dba0a551f7010f2afceb6fbc5a1e10681,620109,152,Marco,Palestra,Palestra,8,Chelsea,CHE,Defender,d,False,5.4,1.8,0.1593,0.183,0.183,0.183,0.183,0.7082,0.1311,low,0.34,0.4,2,0,1,0.0,0.0,0.0,5-GW avg pts 0.00; mins 0; xGI 0.00; current GWs 2; fixture Elo diff -17,False,False,False,False,False,False,False,False,False,False,False,False,False,False,False,False,False,False,False,False,False,False,False,False,False,False,False,False,False,False,False,False
ca9f902dba0a551f7010f2afceb6fbc5a1e10681,242882,62,Bafodé,Diakité,Diakité,91,Bournemouth,BOU,Defender,a,False,5.0,0.2,0.1757,0.1757,0.1757,0.1757,0.1757,0.7027,0.1405,high,1.0,1.0,2,0,0,0.0,0.0,0.0,5-GW avg pts 0.00; mins 0; xGI 0.00; current GWs 2; fixture Elo diff +41,False,False,False,False,False,False,False,False,False,False,False,False,False,False,False,False,False,False,False,False,False,False,False,False,False,False,False,False,False,False,False,False
ca9f902dba0a551f7010f2afceb6fbc5a1e10681,218364,205,Borna,Sosa,Sosa,31,Crystal Palace,CRY,Defender,a,False,4.5,0.0,0.1421,0.1421,0.1421,0.1421,0.1421,0.5684,0.1263,high,0.85,1.0,2,0,1,0.0,0.0,0.0,5-GW avg pts 0.00; mins 0; xGI 0.00; current GWs 2; fixture Elo diff +16,False,False,False,False,False,False,False,False,False,False,False,False,False,False,False,False,False,False,False,False,False,False,False,False,False,False,False,False,False,False,False,False
ca9f902dba0a551f7010f2afceb6fbc5a1e10681,491007,163,Dário,Luís Essugo,D.Essugo,8,Chelsea,CHE,Midfielder,a,False,4.5,0.2,0.1421,0.1421,0.1421,0.1421,0.1421,0.5684,0.1263,high,0.85,1.0,2,0,1,0.0,0.0,0.0,5-GW avg pts 0.00; mins 0; xGI 0.00; current GWs 2; fixture Elo diff -17,False,False,False,False,False,False,False,False,False,False,False,False,False,False,False,False,False,False,False,False,False,False,False,False,False,False,False,False,False,False,False,False
ca9f902dba0a551f7010f2afceb6fbc5a1e10681,567119,169,Shumaira,Mheuka,Mheuka,8,Chelsea,CHE,Forward,a,False,4.5,0.4,0.1421,0.1421,0.1421,0.1421,0.1421,0.5684,0.1263,medium,0.68,0.8,2,0,1,0.25,0.25,0.0,5-GW avg pts 0.25; mins 0; xGI 0.00; current GWs 2; fixture Elo diff -17,False,True,False,False,False,False,False,False,False,False,False,False,False,False,False,False,False,False,False,False,False,False,False,False,False,False,False,False,False,False,False,False
ca9f902dba0a551f7010f2afceb6fbc5a1e10681,631786,272,Jonah,Kusi-Asare,Kusi-Asare,54,Fulham,FUL,Forward,a,False,4.5,6.8,0.1421,0.1421,0.1421,0.1421,0.1421,0.5684,0.1263,high,0.85,1.0,2,0,1,0.2,0.2,0.0,5-GW avg pts 0.20; mins 1; xGI 0.00; current GWs 2; fixture Elo diff +21,False,False,False,False,False,False,False,False,False,False,False,False,False,False,False,False,False,False,False,False,False,False,False,False,False,False,False,False,False,False,False,False
ca9f902dba0a551f7010f2afceb6fbc5a1e10681,223434,118,Igor Julio,dos Santos de Paulo,Igor,36,Brighton,BHA,Defender,a,False,4.5,0.1,0.1275,0.1342,0.1139,0.1275,0.1275,0.5052,0.1123,high,0.85,1.0,2,0,1,0.0,0.0,0.0,5-GW avg pts 0.00; mins 0; xGI 0.00; current GWs 2; fixture Elo diff +29,False,False,False,False,False,False,False,False,False,False,False,False,False,False,False,False,False,False,False,False,False,False,False,False,False,False,False,False,False,False,False,False
ca9f902dba0a551f7010f2afceb6fbc5a1e10681,40383,58,Fraser,Forster,Forster,91,Bournemouth,BOU,Goalkeeper,a,False,4.0,3.2,0.0941,0.0941,0.0941,0.0941,0.0941,0.3762,0.0941,high,1.0,1.0,2,0,0,0.0,0.0,0.0,5-GW avg pts 0.00; mins 0; xGI 0.00; current GWs 2; fixture Elo diff +41,False,False,False,False,False,False,False,False,False,False,False,False,False,False,False,False,False,False,False,False,False,False,False,False,False,False,False,False,False,False,False,False
ca9f902dba0a551f7010f2afceb6fbc5a1e10681,49262,111,Jason,Steele,Steele,36,Brighton,BHA,Goalkeeper,a,False,4.0,4.0,0.0941,0.0941,0.0941,0.0941,0.0941,0.3762,0.0941,high,0.85,1.0,2,0,1,0.0,0.0,0.0,5-GW avg pts 0.00; mins 0; xGI 0.00; current GWs 2; fixture Elo diff +29,False,False,False,False,False,False,False,False,False,False,False,False,False,False,False,False,False,False,False,False,False,False,False,False,False,False,False,False,False,False,False,False
ca9f902dba0a551f7010f2afceb6fbc5a1e10681,50093,302,David,Button,Button,40,Ipswich Town,IPS,Goalkeeper,a,False,4.0,0.5,0.0941,0.0941,0.0941,0.0941,0.0941,0.3762,0.0941,low,0.34,0.4,2,0,1,0.0,0.0,0.0,5-GW avg pts 0.00; mins 0; xGI 0.00; current GWs 2; fixture Elo diff -194,False,False,False,False,False,False,False,False,False,False,False,False,False,False,False,False,False,False,False,False,False,False,False,False,False,False,False,False,False,False,False,False
ca9f902dba0a551f7010f2afceb6fbc5a1e10681,80178,178,Jake,Bidwell,Bidwell,9,Coventry City,COV,Defender,a,False,4.0,0.1,0.0941,0.0941,0.0941,0.0941,0.0941,0.3762,0.0941,low,0.34,0.4,2,0,1,0.0,0.0,0.0,5-GW avg pts 0.00; mins 0; xGI 0.00; current GWs 2; fixture Elo diff -184,False,False,False,False,False,False,False,False,False,False,False,False,False,False,False,False,False,False,False,False,False,False,False,False,False,False,False,False,False,False,False,False
ca9f902dba0a551f7010f2afceb6fbc5a1e10681,81441,443,Mark,Gillespie,Gillespie,4,Newcastle,NEW,Goalkeeper,a,False,4.5,0.0,0.0941,0.0941,0.0941,0.0941,0.0941,0.3762,0.0836,high,0.85,1.0,2,0,1,0.0,0.0,0.0,5-GW avg pts 0.00; mins 0; xGI 0.00; current GWs 2; fixture Elo diff +54,False,False,False,False,False,False,False,False,False,False,False,False,False,False,False,False,False,False,False,False,False,False,False,False,False,False,False,False,False,False,False,False
ca9f902dba0a551f7010f2afceb6fbc5a1e10681,86873,251,Benjamin,Lecomte,Lecomte,54,Fulham,FUL,Goalkeeper,a,False,4.0,1.2,0.0941,0.0941,0.0941,0.0941,0.0941,0.3762,0.0941,high,0.85,1.0,2,0,1,0.0,0.0,0.0,5-GW avg pts 0.00; mins 0; xGI 0.00; current GWs 2; fixture Elo diff +21,False,False,False,False,False,False,False,False,False,False,False,False,False,False,False,False,False,False,False,False,False,False,False,False,False,False,False,False,False,False,False,False
ca9f902dba0a551f7010f2afceb6fbc5a1e10681,97846,625,Alex,Cairns,Cairns,2,Leeds,LEE,Goalkeeper,a,False,4.0,0.0,0.0941,0.0941,0.0941,0.0941,0.0941,0.3762,0.0941,high,1.0,1.0,1,0,0,0.0,0.0,1.0,5-GW avg pts 0.00; mins 0; xGI 0.00; current GWs 1; fixture Elo diff -96,False,False,False,False,False,False,False,False,False,False,False,False,False,False,False,False,False,False,False,False,False,False,False,False,False,False,False,False,False,False,False,False
ca9f902dba0a551f7010f2afceb6fbc5a1e10681,108813,300,Christian,Walton,Walton,40,Ipswich Town,IPS,Goalkeeper,a,False,4.5,0.5,0.0941,0.0941,0.0941,0.0941,0.0941,0.3762,0.0836,low,0.34,0.4,2,0,1,0.0,0.0,0.0,5-GW avg pts 0.00; mins 0; xGI 0.00; current GWs 2; fixture Elo diff -194,False,False,False,False,False,False,False,False,False,False,False,False,False,False,False,False,False,False,False,False,False,False,False,False,False,False,False,False,False,False,False,False
ca9f902dba0a551f7010f2afceb6fbc5a1e10681,110690,172,Ben,Wilson,Wilson,9,Coventry City,COV,Goalkeeper,a,False,4.5,0.4,0.0941,0.0941,0.0941,0.0941,0.0941,0.3762,0.0836,low,0.34,0.4,2,0,1,0.0,0.0,0.0,5-GW avg pts 0.00; mins 0; xGI 0.00; current GWs 2; fixture Elo diff -184,False,False,False,False,False,False,False,False,False,False,False,False,False,False,False,False,False,False,False,False,False,False,False,False,False,False,False,False,False,False,False,False
ca9f902dba0a551f7010f2afceb6fbc5a1e10681,112520,301,Alex,Palmer,Palmer,40,Ipswich Town,IPS,Goalkeeper,a,False,4.0,4.4,0.0941,0.0941,0.0941,0.0941,0.0941,0.3762,0.0941,low,0.34,0.4,2,0,1,0.0,0.0,0.0,5-GW avg pts 0.00; mins 0; xGI 0.00; current GWs 2; fixture Elo diff -194,False,False,False,False,False,False,False,False,False,False,False,False,False,False,False,False,False,False,False,False,False,False,False,False,False,False,False,False,False,False,False,False
ca9f902dba0a551f7010f2afceb6fbc5a1e10681,122074,386,Marcus,Bettinelli,Bettinelli,43,Man City,MCI,Goalkeeper,a,False,4.5,0.0,0.0941,0.0941,0.0941,0.0941,0.0941,0.3762,0.0836,high,0.85,1.0,2,0,1,0.0,0.0,0.0,5-GW avg pts 0.00; mins 0; xGI 0.00; current GWs 2; fixture Elo diff +192,False,False,False,False,False,False,False,False,False,False,False,False,False,False,False,False,False,False,False,False,False,False,False,False,False,False,False,False,False,False,False,False
ca9f902dba0a551f7010f2afceb6fbc5a1e10681,138001,228,Tom,King,King,11,Everton,EVE,Goalkeeper,a,False,4.5,0.0,0.0941,0.0941,0.0941,0.0941,0.0941,0.3762,0.0836,high,0.85,1.0,2,0,1,0.0,0.0,0.0,5-GW avg pts 0.00; mins 0; xGI 0.00; current GWs 2; fixture Elo diff +32,False,False,False,False,False,False,False,False,False,False,False,False,False,False,False,False,False,False,False,False,False,False,False,False,False,False,False,False,False,False,False,False
ca9f902dba0a551f7010f2afceb6fbc5a1e10681,167825,273,Dillon,Phillips,Phillips,88,Hull City,HUL,Goalkeeper,a,False,4.0,1.5,0.0941,0.0941,0.0941,0.0941,0.0941,0.3762,0.0941,low,0.34,0.4,2,0,1,0.0,0.0,0.0,5-GW avg pts 0.00; mins 0; xGI 0.00; current GWs 2; fixture Elo diff -175,False,False,False,False,False,False,False,False,False,False,False,False,False,False,False,False,False,False,False,False,False,False,False,False,False,False,False,False,False,False,False,False
ca9f902dba0a551f7010f2afceb6fbc5a1e10681,169593,555,Remi,Matthews,Matthews,31,Crystal Palace,CRY,Goalkeeper,a,False,4.0,1.9,0.0941,0.0941,0.0941,0.0941,0.0941,0.3762,0.0941,high,0.85,1.0,2,0,1,0.0,0.0,0.0,5-GW avg pts 0.00; mins 0; xGI 0.00; current GWs 2; fixture Elo diff +16,False,False,False,False,False,False,False,False,False,False,False,False,False,False,False,False,False,False,False,False,False,False,False,False,False,False,False,False,False,False,False,False
ca9f902dba0a551f7010f2afceb6fbc5a1e10681,171270,288,Kieran,Dowell,Dowell,88,Hull City,HUL,Midfielder,a,False,4.5,0.4,0.0941,0.0941,0.0941,0.0941,0.0941,0.3762,0.0836,low,0.34,0.4,2,0,1,0.0,0.0,0.0,5-GW avg pts 0.00; mins 0; xGI 0.00; current GWs 2; fixture Elo diff -175,False,False,False,False,False,False,False,False,False,False,False,False,False,False,False,False,False,False,False,False,False,False,False,False,False,False,False,False,False,False,False,False
ca9f902dba0a551f7010f2afceb6fbc5a1e10681,183015,303,Cédric,Kipré,Kipré,40,Ipswich Town,IPS,Defender,a,False,4.0,0.6,0.0941,0.0941,0.0941,0.0941,0.0941,0.3762,0.0941,low,0.34,0.4,2,0,1,0.0,0.0,0.0,5-GW avg pts 0.00; mins 0; xGI 0.00; current GWs 2; fixture Elo diff -194,False,False,False,False,False,False,False,False,False,False,False,False,False,False,False,False,False,False,False,False,False,False,False,False,False,False,False,False,False,False,False,False
ca9f902dba0a551f7010f2afceb6fbc5a1e10681,204813,179,Joel,Latibeaudiere,Latibeaudiere,9,Coventry City,COV,Defender,a,False,4.0,0.0,0.0941,0.0941,0.0941,0.0941,0.0941,0.3762,0.0941,low,0.34,0.4,2,0,1,0.0,0.0,0.0,5-GW avg pts 0.00; mins 0; xGI 0.00; current GWs 2; fixture Elo diff -184,False,False,False,False,False,False,False,False,False,False,False,False,False,False,False,False,False,False,False,False,False,False,False,False,False,False,False,False,False,False,False,False
ca9f902dba0a551f7010f2afceb6fbc5a1e10681,214572,495,Brandon,Austin,Austin,6,Spurs,TOT,Goalkeeper,a,False,4.0,0.9,0.0941,0.0941,0.0941,0.0941,0.0941,0.3762,0.0941,high,0.85,1.0,2,0,1,0.0,0.0,0.0,5-GW avg pts 0.00; mins 0; xGI 0.00; current GWs 2; fixture Elo diff -48,False,False,False,False,False,False,False,False,False,False,False,False,False,False,False,False,False,False,False,False,False,False,False,False,False,False,False,False,False,False,False,False
ca9f902dba0a551f7010f2afceb6fbc5a1e10681,230650,615,Michele,Di Gregorio,Di Gregorio,91,Bournemouth,BOU,Goalkeeper,a,False,4.5,0.0,0.0941,0.0941,0.0941,0.0941,0.0941,0.3762,0.0836,low,0.2,0.2,1,0,0,0.0,0.0,1.9,5-GW avg pts 0.00; mins 0; xGI 0.00; current GWs 1; fixture Elo diff +41,False,False,False,False,False,False,False,False,False,False,False,False,False,False,False,False,False,False,False,False,False,False,False,False,False,False,False,False,False,False,False,False
ca9f902dba0a551f7010f2afceb6fbc5a1e10681,428971,590,Steven,Benda,Benda,17,Nott'm Forest,NFO,Goalkeeper,a,False,4.5,0.1,0.0941,0.0941,0.0941,0.0941,0.0941,0.3762,0.0836,high,0.85,1.0,2,0,1,0.0,0.0,0.0,5-GW avg pts 0.00; mins 0; xGI 0.00; current GWs 2; fixture Elo diff -24,False,False,False,False,False,False,False,False,False,False,False,False,False,False,False,False,False,False,False,False,False,False,False,False,False,False,False,False,False,False,False,False
ca9f902dba0a551f7010f2afceb6fbc5a1e10681,436761,174,Liam,Kitching,Kitching,9,Coventry City,COV,Defender,a,False,4.0,0.6,0.0941,0.0941,0.0941,0.0941,0.0941,0.3762,0.0941,low,0.34,0.4,2,0,1,0.0,0.0,0.0,5-GW avg pts 0.00; mins 0; xGI 0.00; current GWs 2; fixture Elo diff -184,False,False,False,False,False,False,False,False,False,False,False,False,False,False,False,False,False,False,False,False,False,False,False,False,False,False,False,False,False,False,False,False
ca9f902dba0a551f7010f2afceb6fbc5a1e10681,464353,355,Harvey,Davies,Davies,14,Liverpool,LIV,Goalkeeper,a,False,4.0,0.1,0.0941,0.0941,0.0941,0.0941,0.0941,0.3762,0.0941,low,0.34,0.4,2,0,1,0.0,0.0,0.0,5-GW avg pts 0.00; mins 0; xGI 0.00; current GWs 2; fixture Elo diff +79,False,False,False,False,False,False,False,False,False,False,False,False,False,False,False,False,False,False,False,False,False,False,False,False,False,False,False,False,False,False,False,False
ca9f902dba0a551f7010f2afceb6fbc5a1e10681,484389,171,Oliver,Dovin,Dovin,9,Coventry City,COV,Goalkeeper,a,False,4.0,1.5,0.0941,0.0941,0.0941,0.0941,0.0941,0.3762,0.0941,low,0.34,0.4,2,0,1,0.0,0.0,0.0,5-GW avg pts 0.00; mins 0; xGI 0.00; current GWs 2; fixture Elo diff -184,False,False,False,False,False,False,False,False,False,False,False,False,False,False,False,False,False,False,False,False,False,False,False,False,False,False,False,False,False,False,False,False
ca9f902dba0a551f7010f2afceb6fbc5a1e10681,490145,528,Dane,Scarlett,Scarlett,6,Spurs,TOT,Forward,a,False,4.5,1.8,0.0941,0.0941,0.0941,0.0941,0.0941,0.3762,0.0836,high,0.85,1.0,2,0,1,0.0,0.0,0.0,5-GW avg pts 0.00; mins 0; xGI 0.00; current GWs 2; fixture Elo diff -48,False,False,False,False,False,False,False,False,False,False,False,False,False,False,False,False,False,False,False,False,False,False,False,False,False,False,False,False,False,False,False,False
ca9f902dba0a551f7010f2afceb6fbc5a1e10681,491501,378,James,McConnell,McConnell,14,Liverpool,LIV,Midfielder,a,False,4.5,0.3,0.0941,0.0941,0.0941,0.0941,0.0941,0.3762,0.0836,high,0.85,1.0,2,0,1,0.0,0.0,0.0,5-GW avg pts 0.00; mins 0; xGI 0.00; current GWs 2; fixture Elo diff +79,False,False,False,False,False,False,False,False,False,False,False,False,False,False,False,False,False,False,False,False,False,False,False,False,False,False,False,False,False,False,False,False
ca9f902dba0a551f7010f2afceb6fbc5a1e10681,492498,191,Raphael,Borges Rodrigues,Borges Rodrigues,9,Coventry City,COV,Midfielder,a,False,4.5,0.2,0.0941,0.0941,0.0941,0.0941,0.0941,0.3762,0.0836,low,0.34,0.4,2,0,1,0.0,0.0,0.0,5-GW avg pts 0.00; mins 0; xGI 0.00; current GWs 2; fixture Elo diff -184,False,False,False,False,False,False,False,False,False,False,False,False,False,False,False,False,False,False,False,False,False,False,False,False,False,False,False,False,False,False,False,False
ca9f902dba0a551f7010f2afceb6fbc5a1e10681,494928,573,Juanlu,Sánchez,Sanchez,91,Bournemouth,BOU,Defender,a,False,4.5,0.2,0.0941,0.0941,0.0941,0.0941,0.0941,0.3762,0.0836,low,0.4,0.4,2,0,0,0.0,0.0,0.0,5-GW avg pts 0.00; mins 0; xGI 0.00; current GWs 2; fixture Elo diff +41,False,False,False,False,False,False,False,False,False,False,False,False,False,False,False,False,False,False,False,False,False,False,False,False,False,False,False,False,False,False,False,False
ca9f902dba0a551f7010f2afceb6fbc5a1e10681,499300,235,Adam,Aznou,Aznou,11,Everton,EVE,Defender,a,False,4.0,0.2,0.0941,0.0941,0.0941,0.0941,0.0941,0.3762,0.0941,high,0.85,1.0,2,0,1,0.0,0.0,0.0,5-GW avg pts 0.00; mins 0; xGI 0.00; current GWs 2; fixture Elo diff +32,False,False,False,False,False,False,False,False,False,False,False,False,False,False,False,False,False,False,False,False,False,False,False,False,False,False,False,False,False,False,False,False
ca9f902dba0a551f7010f2afceb6fbc5a1e10681,499716,510,James,Rowswell,Rowswell,6,Spurs,TOT,Defender,a,False,4.0,0.1,0.0941,0.0941,0.0941,0.0941,0.0941,0.3762,0.0941,high,0.85,1.0,2,0,1,0.0,0.0,0.0,5-GW avg pts 0.00; mins 0; xGI 0.00; current GWs 2; fixture Elo diff -48,False,False,False,False,False,False,False,False,False,False,False,False,False,False,False,False,False,False,False,False,False,False,False,False,False,False,False,False,False,False,False,False
ca9f902dba0a551f7010f2afceb6fbc5a1e10681,499726,524,Callum,Olusesi,Olusesi,6,Spurs,TOT,Midfielder,a,False,4.5,0.8,0.0941,0.0941,0.0941,0.0941,0.0941,0.3762,0.0836,high,0.85,1.0,2,0,1,0.0,0.0,0.0,5-GW avg pts 0.00; mins 0; xGI 0.00; current GWs 2; fixture Elo diff -48,False,False,False,False,False,False,False,False,False,False,False,False,False,False,False,False,False,False,False,False,False,False,False,False,False,False,False,False,False,False,False,False
ca9f902dba0a551f7010f2afceb6fbc5a1e10681,505079,252,Alfie,McNally,McNally,54,Fulham,FUL,Goalkeeper,a,False,4.0,0.2,0.0941,0.0941,0.0941,0.0941,0.0941,0.3762,0.0941,high,0.85,1.0,2,0,1,0.0,0.0,0.0,5-GW avg pts 0.00; mins 0; xGI 0.00; current GWs 2; fixture Elo diff +21,False,False,False,False,False,False,False,False,False,False,False,False,False,False,False,False,False,False,False,False,False,False,False,False,False,False,False,False,False,False,False,False
ca9f902dba0a551f7010f2afceb6fbc5a1e10681,512123,614,Jaouen,Hadjam,Hadjam,36,Brighton,BHA,Defender,a,False,4.5,0.0,0.0941,0.0941,0.0941,0.0941,0.0941,0.3762,0.0836,low,0.17,0.2,1,0,1,0.0,0.0,1.7,5-GW avg pts 0.00; mins 0; xGI 0.00; current GWs 1; fixture Elo diff +29,False,False,False,False,False,False,False,False,False,False,False,False,False,False,False,False,False,False,False,False,False,False,False,False,False,False,False,False,False,False,False,False
ca9f902dba0a551f7010f2afceb6fbc5a1e10681,513086,93,Jannik,Schuster,Schuster,94,Brentford,BRE,Defender,a,False,4.5,0.2,0.0941,0.0941,0.0941,0.0941,0.0941,0.3762,0.0836,low,0.4,0.4,2,0,0,0.0,0.0,0.0,5-GW avg pts 0.00; mins 0; xGI 0.00; current GWs 2; fixture Elo diff -17,False,False,False,False,False,False,False,False,False,False,False,False,False,False,False,False,False,False,False,False,False,False,False,False,False,False,False,False,False,False,False,False
ca9f902dba0a551f7010f2afceb6fbc5a1e10681,519440,361,Wellity,Lucky,Lucky,14,Liverpool,LIV,Defender,a,False,4.0,0.1,0.0941,0.0941,0.0941,0.0941,0.0941,0.3762,0.0941,high,0.85,1.0,2,0,1,0.0,0.0,0.0,5-GW avg pts 0.00; mins 0; xGI 0.00; current GWs 2; fixture Elo diff +79,False,False,False,False,False,False,False,False,False,False,False,False,False,False,False,False,False,False,False,False,False,False,False,False,False,False,False,False,False,False,False,False
ca9f902dba0a551f7010f2afceb6fbc5a1e10681,524180,602,Cameron,Humphreys,Humphreys,40,Ipswich Town,IPS,Midfielder,a,False,4.5,0.0,0.0941,0.0941,0.0941,0.0941,0.0941,0.3762,0.0836,low,0.34,0.4,2,0,1,0.0,0.0,0.0,5-GW avg pts 0.00; mins 0; xGI 0.00; current GWs 2; fixture Elo diff -194,False,False,False,False,False,False,False,False,False,False,False,False,False,False,False,False,False,False,False,False,False,False,False,False,False,False,False,False,False,False,False,False
ca9f902dba0a551f7010f2afceb6fbc5a1e10681,538638,479,Tyler,Bindon,Bindon,17,Nott'm Forest,NFO,Defender,a,False,4.0,0.2,0.0941,0.0941,0.0941,0.0941,0.0941,0.3762,0.0941,low,0.34,0.4,2,0,1,0.0,0.0,0.0,5-GW avg pts 0.00; mins 0; xGI 0.00; current GWs 2; fixture Elo diff -24,False,False,False,False,False,False,False,False,False,False,False,False,False,False,False,False,False,False,False,False,False,False,False,False,False,False,False,False,False,False,False,False
ca9f902dba0a551f7010f2afceb6fbc5a1e10681,549939,560,Mike,Penders,Penders,8,Chelsea,CHE,Goalkeeper,a,False,4.5,0.1,0.0941,0.0941,0.0941,0.0941,0.0941,0.3762,0.0836,high,0.85,1.0,2,0,1,0.0,0.0,0.0,5-GW avg pts 0.00; mins 0; xGI 0.00; current GWs 2; fixture Elo diff -17,False,False,False,False,False,False,False,False,False,False,False,False,False,False,False,False,False,False,False,False,False,False,False,False,False,False,False,False,False,False,False,False
ca9f902dba0a551f7010f2afceb6fbc5a1e10681,553746,609,Leo,Shahar,Shahar,4,Newcastle,NEW,Defender,a,False,4.0,0.2,0.0941,0.0941,0.0941,0.0941,0.0941,0.3762,0.0941,high,0.85,1.0,2,0,1,0.0,0.0,0.0,5-GW avg pts 0.00; mins 0; xGI 0.00; current GWs 2; fixture Elo diff +54,False,False,False,False,False,False,False,False,False,False,False,False,False,False,False,False,False,False,False,False,False,False,False,False,False,False,False,False,False,False,False,False
ca9f902dba0a551f7010f2afceb6fbc5a1e10681,554578,444,Ewen,Jaouen,Jaouen,4,Newcastle,NEW,Goalkeeper,a,False,4.5,0.0,0.0941,0.0941,0.0941,0.0941,0.0941,0.3762,0.0836,low,0.34,0.4,2,0,1,0.0,0.0,0.0,5-GW avg pts 0.00; mins 0; xGI 0.00; current GWs 2; fixture Elo diff +54,False,False,False,False,False,False,False,False,False,False,False,False,False,False,False,False,False,False,False,False,False,False,False,False,False,False,False,False,False,False,False,False
ca9f902dba0a551f7010f2afceb6fbc5a1e10681,556637,134,Nehemiah,Oriola,Oriola,36,Brighton,BHA,Midfielder,a,False,4.5,0.3,0.0941,0.0941,0.0941,0.0941,0.0941,0.3762,0.0836,high,0.85,1.0,2,0,1,0.0,0.0,0.0,5-GW avg pts 0.00; mins 0; xGI 0.00; current GWs 2; fixture Elo diff +29,False,False,False,False,False,False,False,False,False,False,False,False,False,False,False,False,False,False,False,False,False,False,False,False,False,False,False,False,False,False,False,False
ca9f902dba0a551f7010f2afceb6fbc5a1e10681,569577,606,Triston,Rowe,Rowe,7,Aston Villa,AVL,Defender,a,False,4.0,0.1,0.0941,0.0941,0.0941,0.0941,0.0941,0.3762,0.0941,high,0.85,1.0,1,0,1,0.0,0.0,1.0,5-GW avg pts 0.00; mins 0; xGI 0.00; current GWs 1; fixture Elo diff +133,False,False,False,False,False,False,False,False,False,False,False,False,False,False,False,False,False,False,False,False,False,False,False,False,False,False,False,False,False,False,False,False
ca9f902dba0a551f7010f2afceb6fbc5a1e10681,570241,92,Kim,Ji-soo,Ji-soo,94,Brentford,BRE,Defender,a,False,4.5,0.0,0.0941,0.0941,0.0941,0.0941,0.0941,0.3762,0.0836,high,1.0,1.0,2,0,0,0.0,0.0,0.0,5-GW avg pts 0.00; mins 0; xGI 0.00; current GWs 2; fixture Elo diff -17,False,False,False,False,False,False,False,False,False,False,False,False,False,False,False,False,False,False,False,False,False,False,False,False,False,False,False,False,False,False,False,False
ca9f902dba0a551f7010f2afceb6fbc5a1e10681,571380,607,Luka,Lynch,Lynch,7,Aston Villa,AVL,Midfielder,a,False,4.5,0.1,0.0941,0.0941,0.0941,0.0941,0.0941,0.3762,0.0836,low,0.17,0.2,1,0,1,0.0,0.0,1.0,5-GW avg pts 0.00; mins 0; xGI 0.00; current GWs 1; fixture Elo diff +133,False,False,False,False,False,False,False,False,False,False,False,False,False,False,False,False,False,False,False,False,False,False,False,False,False,False,False,False,False,False,False,False
ca9f902dba0a551f7010f2afceb6fbc5a1e10681,575901,66,Julio,Soler Barreto,Soler,91,Bournemouth,BOU,Defender,a,False,4.0,0.2,0.0941,0.0941,0.0941,0.0941,0.0941,0.3762,0.0941,high,1.0,1.0,2,0,0,0.0,0.0,0.0,5-GW avg pts 0.00; mins 0; xGI 0.00; current GWs 2; fixture Elo diff +41,False,False,False,False,False,False,False,False,False,False,False,False,False,False,False,False,False,False,False,False,False,False,False,False,False,False,False,False,False,False,False,False
ca9f902dba0a551f7010f2afceb6fbc5a1e10681,576620,437,Bendito,Mantato,Bendito Mantato,1,Man Utd,MUN,Midfielder,a,False,4.5,0.2,0.0941,0.0941,0.0941,0.0941,0.0941,0.3762,0.0836,high,1.0,1.0,2,0,0,0.0,0.0,0.0,5-GW avg pts 0.00; mins 0; xGI 0.00; current GWs 2; fixture Elo diff +83,False,False,False,False,False,False,False,False,False,False,False,False,False,False,False,False,False,False,False,False,False,False,False,False,False,False,False,False,False,False,False,False
ca9f902dba0a551f7010f2afceb6fbc5a1e10681,577974,424,Harry,Amass,Amass,1,Man Utd,MUN,Defender,a,False,4.0,0.2,0.0941,0.0941,0.0941,0.0941,0.0941,0.3762,0.0941,high,1.0,1.0,2,0,0,0.0,0.0,0.0,5-GW avg pts 0.00; mins 0; xGI 0.00; current GWs 2; fixture Elo diff +83,False,False,False,False,False,False,False,False,False,False,False,False,False,False,False,False,False,False,False,False,False,False,False,False,False,False,False,False,False,False,False,False
ca9f902dba0a551f7010f2afceb6fbc5a1e10681,590039,409,Divine,Mukasa,Mukasa,43,Man City,MCI,Midfielder,a,False,4.5,0.2,0.0941,0.0941,0.0941,0.0941,0.0941,0.3762,0.0836,high,0.85,1.0,2,0,1,0.0,0.0,0.0,5-GW avg pts 0.00; mins 0; xGI 0.00; current GWs 2; fixture Elo diff +192,False,False,False,False,False,False,False,False,False,False,False,False,False,False,False,False,False,False,False,False,False,False,False,False,False,False,False,False,False,False,False,False
ca9f902dba0a551f7010f2afceb6fbc5a1e10681,592740,604,Alfie,Cresswell,Cresswell,2,Leeds,LEE,Midfielder,a,False,4.5,0.1,0.0941,0.0941,0.0941,0.0941,0.0941,0.3762,0.0836,high,0.8,0.8,2,0,0,0.0,0.0,0.0,5-GW avg pts 0.00; mins 0; xGI 0.00; current GWs 2; fixture Elo diff -96,False,False,False,False,False,False,False,False,False,False,False,False,False,False,False,False,False,False,False,False,False,False,False,False,False,False,False,False,False,False,False,False
ca9f902dba0a551f7010f2afceb6fbc5a1e10681,593174,107,Kaye,Furo,Furo,94,Brentford,BRE,Forward,a,False,4.5,1.0,0.0941,0.0941,0.0941,0.0941,0.0941,0.3762,0.0836,high,1.0,1.0,2,0,0,0.0,0.0,0.0,5-GW avg pts 0.00; mins 0; xGI 0.00; current GWs 2; fixture Elo diff -17,False,False,False,False,False,False,False,False,False,False,False,False,False,False,False,False,False,False,False,False,False,False,False,False,False,False,False,False,False,False,False,False
ca9f902dba0a551f7010f2afceb6fbc5a1e10681,596047,441,Chido,Obi,Obi,1,Man Utd,MUN,Forward,a,False,4.5,1.1,0.0941,0.0941,0.0941,0.0941,0.0941,0.3762,0.0836,high,1.0,1.0,2,0,0,0.0,0.0,0.0,5-GW avg pts 0.00; mins 0; xGI 0.00; current GWs 2; fixture Elo diff +83,False,False,False,False,False,False,False,False,False,False,False,False,False,False,False,False,False,False,False,False,False,False,False,False,False,False,False,False,False,False,False,False
ca9f902dba0a551f7010f2afceb6fbc5a1e10681,611917,601,Luca,Williams-Barnett,Williams-Barnett,6,Spurs,TOT,Midfielder,a,False,4.5,0.1,0.0941,0.0941,0.0941,0.0941,0.0941,0.3762,0.0836,high,0.85,1.0,2,0,1,0.0,0.0,0.0,5-GW avg pts 0.00; mins 0; xGI 0.00; current GWs 2; fixture Elo diff -48,False,False,False,False,False,False,False,False,False,False,False,False,False,False,False,False,False,False,False,False,False,False,False,False,False,False,False,False,False,False,False,False
ca9f902dba0a551f7010f2afceb6fbc5a1e10681,616069,626,Macauley,Zepa,Zepa,54,Fulham,FUL,Midfielder,a,False,4.5,0.0,0.0941,0.0941,0.0941,0.0941,0.0941,0.3762,0.0836,low,0.17,0.2,1,0,1,0.0,0.0,1.0,5-GW avg pts 0.00; mins 0; xGI 0.00; current GWs 1; fixture Elo diff +21,False,False,False,False,False,False,False,False,False,False,False,False,False,False,False,False,False,False,False,False,False,False,False,False,False,False,False,False,False,False,False,False
ca9f902dba0a551f7010f2afceb6fbc5a1e10681,622758,561,Aaron,Anselmino,Anselmino,8,Chelsea,CHE,Defender,a,False,4.5,0.0,0.0941,0.0941,0.0941,0.0941,0.0941,0.3762,0.0836,high,0.85,1.0,2,0,1,0.0,0.0,0.0,5-GW avg pts 0.00; mins 0; xGI 0.00; current GWs 2; fixture Elo diff -17,False,False,False,False,False,False,False,False,False,False,False,False,False,False,False,False,False,False,False,False,False,False,False,False,False,False,False,False,False,False,False,False
ca9f902dba0a551f7010f2afceb6fbc5a1e10681,638411,612,Dayann,Méthalie,Methalie,56,Sunderland,SUN,Defender,a,False,4.5,0.0,0.0941,0.0941,0.0941,0.0941,0.0941,0.3762,0.0836,low,0.2,0.2,1,0,0,0.0,0.0,1.7,5-GW avg pts 0.00; mins 0; xGI 0.00; current GWs 1; fixture Elo diff -181,False,False,False,False,False,False,False,False,False,False,False,False,False,False,False,False,False,False,False,False,False,False,False,False,False,False,False,False,False,False,False,False
ca9f902dba0a551f7010f2afceb6fbc5a1e10681,640419,509,Jun'ai,Byfield,Byfield,6,Spurs,TOT,Defender,a,False,4.0,0.1,0.0941,0.0941,0.0941,0.0941,0.0941,0.3762,0.0941,high,0.85,1.0,2,0,1,0.0,0.0,0.0,5-GW avg pts 0.00; mins 0; xGI 0.00; current GWs 2; fixture Elo diff -48,False,False,False,False,False,False,False,False,False,False,False,False,False,False,False,False,False,False,False,False,False,False,False,False,False,False,False,False,False,False,False,False
ca9f902dba0a551f7010f2afceb6fbc5a1e10681,643970,603,Jayden,Lienou,Lienou,2,Leeds,LEE,Defender,a,False,4.0,0.1,0.0941,0.0941,0.0941,0.0941,0.0941,0.3762,0.0941,high,1.0,1.0,2,0,0,0.0,0.0,0.0,5-GW avg pts 0.00; mins 0; xGI 0.00; current GWs 2; fixture Elo diff -96,False,False,False,False,False,False,False,False,False,False,False,False,False,False,False,False,False,False,False,False,False,False,False,False,False,False,False,False,False,False,False,False
ca9f902dba0a551f7010f2afceb6fbc5a1e10681,645618,50,Bradley,Burrowes,Burrowes,7,Aston Villa,AVL,Midfielder,a,False,4.5,0.7,0.0941,0.0941,0.0941,0.0941,0.0941,0.3762,0.0836,high,0.85,1.0,1,0,1,0.0,0.0,1.0,5-GW avg pts 0.00; mins 0; xGI 0.00; current GWs 1; fixture Elo diff +133,False,False,False,False,False,False,False,False,False,False,False,False,False,False,False,False,False,False,False,False,False,False,False,False,False,False,False,False,False,False,False,False
ca9f902dba0a551f7010f2afceb6fbc5a1e10681,672492,221,Joél,Drakes-Thomas,Drakes-Thomas,31,Crystal Palace,CRY,Midfielder,a,False,4.5,0.1,0.0941,0.0941,0.0941,0.0941,0.0941,0.3762,0.0836,high,0.85,1.0,2,0,1,0.0,0.0,0.0,5-GW avg pts 0.00; mins 0; xGI 0.00; current GWs 2; fixture Elo diff +16,False,False,False,False,False,False,False,False,False,False,False,False,False,False,False,False,False,False,False,False,False,False,False,False,False,False,False,False,False,False,False,False
ca9f902dba0a551f7010f2afceb6fbc5a1e10681,684268,189,George,Shepherd,Shepherd,9,Coventry City,COV,Midfielder,a,False,4.5,0.3,0.0941,0.0941,0.0941,0.0941,0.0941,0.3762,0.0836,low,0.34,0.4,2,0,1,0.0,0.0,0.0,5-GW avg pts 0.00; mins 0; xGI 0.00; current GWs 2; fixture Elo diff -184,False,False,False,False,False,False,False,False,False,False,False,False,False,False,False,False,False,False,False,False,False,False,False,False,False,False,False,False,False,False,False,False
ca9f902dba0a551f7010f2afceb6fbc5a1e10681,696104,613,Jules,Ahoka,Ahoka,56,Sunderland,SUN,Midfielder,a,False,4.5,0.1,0.0941,0.0941,0.0941,0.0941,0.0941,0.3762,0.0836,low,0.2,0.2,1,0,0,0.0,0.0,1.0,5-GW avg pts 0.00; mins 0; xGI 0.00; current GWs 1; fixture Elo diff -181,False,False,False,False,False,False,False,False,False,False,False,False,False,False,False,False,False,False,False,False,False,False,False,False,False,False,False,False,False,False,False,False
ca9f902dba0a551f7010f2afceb6fbc5a1e10681,547686,610,Luc,De Fougerolles,De Fougerolles,54,Fulham,FUL,Defender,d,False,4.0,0.1,0.076,0.076,0.076,0.076,0.076,0.3042,0.076,low,0.34,0.4,2,0,1,0.0,0.0,0.0,5-GW avg pts 0.00; mins 0; xGI 0.00; current GWs 2; fixture Elo diff +21,False,False,False,False,False,False,False,False,False,False,False,False,False,False,False,False,False,False,False,False,False,False,False,False,False,False,False,False,False,False,False,False
ca9f902dba0a551f7010f2afceb6fbc5a1e10681,486520,344,Ilia,Gruev,Gruev,2,Leeds,LEE,Midfielder,d,False,5.0,0.0,0.0126,0.0126,0.0126,0.0136,0.0126,0.0512,0.0102,high,1.0,1.0,2,0,0,0.0,0.0,0.0,5-GW avg pts 0.00; mins 0; xGI 0.00; current GWs 2; fixture Elo diff -96,False,False,False,False,False,False,False,False,False,False,False,False,False,False,False,False,False,False,False,False,False,False,False,False,False,False,False,False,False,False,False,False
ca9f902dba0a551f7010f2afceb6fbc5a1e10681,21205,414,Tom,Heaton,Heaton,1,Man Utd,MUN,Goalkeeper,i,False,4.0,0.1,0.0,0.0,0.0,0.0,0.0,0.0,0.0,high,1.0,1.0,2,0,0,0.0,0.0,0.0,5-GW avg pts 0.00; mins 0; xGI 0.00; current GWs 2; fixture Elo diff +83,False,False,False,False,False,False,False,False,False,False,False,False,False,False,False,False,False,False,False,False,False,False,False,False,False,False,False,False,False,False,False,False
ca9f902dba0a551f7010f2afceb6fbc5a1e10681,76357,266,Tom,Cairney,Cairney,54,Fulham,FUL,Midfielder,i,False,5.0,0.0,0.0,0.0,0.0,0.0,0.0,0.0,0.0,high,0.85,1.0,2,0,1,0.0,0.0,0.0,5-GW avg pts 1.60; mins 21; xGI 0.09; current GWs 2; fixture Elo diff +21,False,False,False,False,False,False,False,False,False,False,False,False,False,False,False,False,False,False,False,False,False,False,False,False,False,False,False,False,False,False,False,False
ca9f902dba0a551f7010f2afceb6fbc5a1e10681,78916,448,Dan,Burn,Burn,4,Newcastle,NEW,Defender,i,False,4.9,1.4,0.0,0.0,0.0,0.0,0.0,0.0,0.0,high,0.85,1.0,2,0,1,0.0,0.0,0.0,5-GW avg pts 0.80; mins 38; xGI 0.01; current GWs 2; fixture Elo diff +54,False,False,False,False,False,False,False,False,False,False,False,False,False,False,False,False,False,False,False,False,False,False,False,False,False,False,False,False,False,False,False,False
ca9f902dba0a551f7010f2afceb6fbc5a1e10681,101188,30,Lucas,Digne,Digne,7,Aston Villa,AVL,Defender,u,True,4.5,0.1,0.0,0.0,0.0,0.0,0.0,0.0,0.0,excluded,0.0,1.0,1,0,1,0.0,0.0,0.0,Excluded in squad.json; projection forced to zero,False,False,False,False,False,False,False,False,False,False,False,False,False,False,False,False,False,False,False,False,False,False,False,False,False,False,False,False,False,False,False,False
ca9f902dba0a551f7010f2afceb6fbc5a1e10681,105666,274,Jack,Butland,Butland,88,Hull City,HUL,Goalkeeper,i,False,4.5,0.1,0.0,0.0,0.0,0.0,0.0,0.0,0.0,low,0.34,0.4,2,0,1,0.0,0.0,0.0,5-GW avg pts 0.00; mins 0; xGI 0.00; current GWs 2; fixture Elo diff -175,False,False,False,False,False,False,False,False,False,False,False,False,False,False,False,False,False,False,False,False,False,False,False,False,False,False,False,False,False,False,False,False
ca9f902dba0a551f7010f2afceb6fbc5a1e10681,105717,540,Arthur,Masuaku,Masuaku,56,Sunderland,SUN,Defender,u,True,4.0,0.2,0.0,0.0,0.0,0.0,0.0,0.0,0.0,excluded,0.0,1.0,2,0,0,0.0,0.0,0.0,Excluded in squad.json; projection forced to zero,False,False,False,False,False,False,False,False,False,False,False,False,False,False,False,False,False,False,False,False,False,False,False,False,False,False,False,False,False,False,False,False
ca9f902dba0a551f7010f2afceb6fbc5a1e10681,128295,21,Christian,Nørgaard,Nørgaard,11,Everton,EVE,Midfielder,i,False,5.0,0.1,0.0,0.0,0.0,0.0,0.0,0.0,0.0,high,0.85,1.0,2,0,1,0.0,0.0,0.0,5-GW avg pts 0.20; mins 9; xGI 0.01; current GWs 2; fixture Elo diff +32,False,False,False,False,False,False,False,False,False,False,False,False,False,False,False,False,False,False,False,False,False,False,False,False,False,False,False,False,False,False,False,False
ca9f902dba0a551f7010f2afceb6fbc5a1e10681,149929,311,Wes,Burns,Burns,40,Ipswich Town,IPS,Midfielder,u,True,5.0,0.0,0.0,0.0,0.0,0.0,0.0,0.0,0.0,excluded,0.0,0.4,2,0,1,0.0,0.0,0.0,Excluded in squad.json; projection forced to zero,False,False,False,False,False,False,False,False,False,False,False,False,False,False,False,False,False,False,False,False,False,False,False,False,False,False,False,False,False,False,False,False
ca9f902dba0a551f7010f2afceb6fbc5a1e10681,155405,408,Kalvin,Phillips,Phillips,43,Man City,MCI,Midfielder,u,True,5.0,0.0,0.0,0.0,0.0,0.0,0.0,0.0,0.0,excluded,0.0,1.0,2,0,1,0.0,0.0,0.0,Excluded in squad.json; projection forced to zero,False,False,False,False,False,False,False,False,False,False,False,False,False,False,False,False,False,False,False,False,False,False,False,False,False,False,False,False,False,False,False,False
ca9f902dba0a551f7010f2afceb6fbc5a1e10681,168636,80,Enes,Ünal,Enes Ünal,91,Bournemouth,BOU,Forward,u,True,5.5,0.0,0.0,0.0,0.0,0.0,0.0,0.0,0.0,excluded,0.0,1.0,2,0,0,0.0,0.0,0.0,Excluded in squad.json; projection forced to zero,False,False,False,False,False,False,False,False,False,False,False,False,False,False,False,False,False,False,False,False,False,False,False,False,False,False,False,False,False,False,False,False
ca9f902dba0a551f7010f2afceb6fbc5a1e10681,171287,359,Joe,Gomez,Gomez,14,Liverpool,LIV,Defender,i,False,5.0,0.0,0.0,0.0,0.0,0.0,0.0,0.0,0.0,high,0.85,1.0,2,0,1,0.0,0.0,0.0,5-GW avg pts 0.20; mins 16; xGI 0.01; current GWs 2; fixture Elo diff +79,False,False,False,False,False,False,False,False,False,False,False,False,False,False,False,False,False,False,False,False,False,False,False,False,False,False,False,False,False,False,False,False
ca9f902dba0a551f7010f2afceb6fbc5a1e10681,172453,319,Sam,Szmodics,Szmodics,40,Ipswich Town,IPS,Midfielder,u,True,5.0,0.0,0.0,0.0,0.0,0.0,0.0,0.0,0.0,excluded,0.0,0.4,2,0,1,0.0,0.0,0.0,Excluded in squad.json; projection forced to zero,False,False,False,False,False,False,False,False,False,False,False,False,False,False,False,False,False,False,False,False,False,False,False,False,False,False,False,False,False,False,False,False
ca9f902dba0a551f7010f2afceb6fbc5a1e10681,176412,193,Haji,Wright,Wright,9,Coventry City,COV,Forward,i,False,5.4,0.1,0.0,0.0,0.0,0.0,0.0,0.0,0.0,low,0.34,0.4,2,0,1,0.0,0.0,0.0,5-GW avg pts 0.00; mins 0; xGI 0.00; current GWs 2; fixture Elo diff -184,False,False,False,False,False,False,False,False,False,False,False,False,False,False,False,False,False,False,False,False,False,False,False,False,False,False,False,False,False,False,False,False
ca9f902dba0a551f7010f2afceb6fbc5a1e10681,178301,55,Ollie,Watkins,Watkins,7,Aston Villa,AVL,Forward,a,True,7.9,6.7,0.0,0.0,0.0,0.0,0.0,0.0,0.0,excluded,0.0,1.0,1,0,1,0.0,0.0,0.0,Excluded in squad.json; projection forced to zero,False,False,False,False,False,False,False,False,False,False,False,False,False,False,False,False,False,False,False,False,False,False,False,False,False,False,False,False,False,False,False,False
ca9f902dba0a551f7010f2afceb6fbc5a1e10681,180736,143,Trevoh,Chalobah,Chalobah,8,Chelsea,CHE,Defender,u,True,5.5,0.1,0.0,0.0,0.0,0.0,0.0,0.0,0.0,excluded,0.0,1.0,2,0,1,0.0,0.0,0.0,Excluded in squad.json; projection forced to zero,False,False,False,False,False,False,False,False,False,False,False,False,False,False,False,False,False,False,False,False,False,False,False,False,False,False,False,False,False,False,False,False
ca9f902dba0a551f7010f2afceb6fbc5a1e10681,180974,458,Joelinton Cássio,Apolinário de Lira,Joelinton,4,Newcastle,NEW,Midfielder,i,False,5.5,0.0,0.0,0.0,0.0,0.0,0.0,0.0,0.0,high,0.85,1.0,2,0,1,0.0,0.0,0.0,5-GW avg pts 0.40; mins 18; xGI 0.06; current GWs 2; fixture Elo diff +54,False,False,False,False,False,False,False,False,False,False,False,False,False,False,False,False,False,False,False,False,False,False,False,False,False,False,False,False,False,False,False,False
ca9f902dba0a551f7010f2afceb6fbc5a1e10681,184254,494,Guglielmo,Vicario,Vicario,6,Spurs,TOT,Goalkeeper,u,True,4.5,0.2,0.0,0.0,0.0,0.0,0.0,0.0,0.0,excluded,0.0,1.0,2,0,1,0.0,0.0,0.0,Excluded in squad.json; projection forced to zero,False,False,False,False,False,False,False,False,False,False,False,False,False,False,False,False,False,False,False,False,False,False,False,False,False,False,False,False,False,False,False,False
ca9f902dba0a551f7010f2afceb6fbc5a1e10681,200641,24,Reiss,Nelson,Nelson,3,Arsenal,ARS,Midfielder,u,True,5.5,0.0,0.0,0.0,0.0,0.0,0.0,0.0,0.0,excluded,0.0,1.0,1,0,0,0.0,0.0,0.0,Excluded in squad.json; projection forced to zero,False,False,False,False,False,False,False,False,False,False,False,False,False,False,False,False,False,False,False,False,False,False,False,False,False,False,False,False,False,False,False,False
ca9f902dba0a551f7010f2afceb6fbc5a1e10681,204822,476,Omar,Richards,O.Richards,17,Nott'm Forest,NFO,Defender,a,True,4.0,0.2,0.0,0.0,0.0,0.0,0.0,0.0,0.0,excluded,0.0,1.0,2,0,1,0.0,0.0,0.0,Excluded in squad.json; projection forced to zero,False,False,False,False,False,False,False,False,False,False,False,False,False,False,False,False,False,False,False,False,False,False,False,False,False,False,False,False,False,False,False,False
ca9f902dba0a551f7010f2afceb6fbc5a1e10681,206915,373,Curtis,Jones,C.Jones,14,Liverpool,LIV,Midfielder,u,False,5.5,0.0,0.0,0.0,0.0,0.0,0.0,0.0,0.0,high,0.85,1.0,2,0,1,0.0,0.0,0.0,5-GW avg pts 2.80; mins 54; xGI 0.18; current GWs 2; fixture Elo diff +79,False,False,False,False,False,False,False,False,False,False,False,False,False,False,False,False,False,False,False,False,False,False,False,False,False,False,False,False,False,False,False,False
ca9f902dba0a551f7010f2afceb6fbc5a1e10681,209365,416,Matthijs,de Ligt,De Ligt,1,Man Utd,MUN,Defender,i,False,5.0,0.0,0.0,0.0,0.0,0.0,0.0,0.0,0.0,high,1.0,1.0,2,0,0,0.0,0.0,0.0,5-GW avg pts 0.00; mins 0; xGI 0.00; current GWs 2; fixture Elo diff +83,False,False,False,False,False,False,False,False,False,False,False,False,False,False,False,False,False,False,False,False,False,False,False,False,False,False,False,False,False,False,False,False
ca9f902dba0a551f7010f2afceb6fbc5a1e10681,210462,488,Ibrahim,Sangaré,I.Sangaré,17,Nott'm Forest,NFO,Midfielder,i,False,5.0,0.8,0.0,0.0,0.0,0.0,0.0,0.0,0.0,high,0.85,1.0,2,0,1,0.0,0.0,0.0,5-GW avg pts 1.40; mins 35; xGI 0.02; current GWs 2; fixture Elo diff -24,False,False,False,False,False,False,False,False,False,False,False,False,False,False,False,False,False,False,False,False,False,False,False,False,False,False,False,False,False,False,False,False
ca9f902dba0a551f7010f2afceb6fbc5a1e10681,220566,402,Rodrigo 'Rodri',Hernandez Cascante,Rodrigo,43,Man City,MCI,Midfielder,u,True,6.5,0.0,0.0,0.0,0.0,0.0,0.0,0.0,0.0,excluded,0.0,1.0,2,0,1,0.0,0.0,0.0,Excluded in squad.json; projection forced to zero,False,False,False,False,False,False,False,False,False,False,False,False,False,False,False,False,False,False,False,False,False,False,False,False,False,False,False,False,False,False,False,False
ca9f902dba0a551f7010f2afceb6fbc5a1e10681,220583,180,Luke,Woolfenden,Woolfenden,9,Coventry City,COV,Defender,i,False,4.0,0.2,0.0,0.0,0.0,0.0,0.0,0.0,0.0,low,0.34,0.4,2,0,1,0.0,0.0,0.0,5-GW avg pts 0.00; mins 0; xGI 0.00; current GWs 2; fixture Elo diff -184,False,False,False,False,False,False,False,False,False,False,False,False,False,False,False,False,False,False,False,False,False,False,False,False,False,False,False,False,False,False,False,False
ca9f902dba0a551f7010f2afceb6fbc5a1e10681,221399,342,Jack,Harrison,Harrison,2,Leeds,LEE,Midfielder,u,True,5.0,0.0,0.0,0.0,0.0,0.0,0.0,0.0,0.0,excluded,0.0,1.0,2,0,0,0.0,0.0,0.0,Excluded in squad.json; projection forced to zero,False,False,False,False,False,False,False,False,False,False,False,False,False,False,False,False,False,False,False,False,False,False,False,False,False,False,False,False,False,False,False,False
ca9f902dba0a551f7010f2afceb6fbc5a1e10681,221632,500,Cristian,Romero,Romero,6,Spurs,TOT,Defender,u,True,5.0,0.1,0.0,0.0,0.0,0.0,0.0,0.0,0.0,excluded,0.0,1.0,2,0,1,0.0,0.0,0.0,Excluded in squad.json; projection forced to zero,False,False,False,False,False,False,False,False,False,False,False,False,False,False,False,False,False,False,False,False,False,False,False,False,False,False,False,False,False,False,False,False
ca9f902dba0a551f7010f2afceb6fbc5a1e10681,222018,307,Ben,Johnson,Johnson,40,Ipswich Town,IPS,Defender,a,True,4.0,0.1,0.0,0.0,0.0,0.0,0.0,0.0,0.0,excluded,0.0,0.4,2,0,1,0.0,0.0,0.0,Excluded in squad.json; projection forced to zero,False,False,False,False,False,False,False,False,False,False,False,False,False,False,False,False,False,False,False,False,False,False,False,False,False,False,False,False,False,False,False,False
ca9f902dba0a551f7010f2afceb6fbc5a1e10681,222625,317,George,Hirst,Hirst,40,Ipswich Town,IPS,Forward,u,True,5.0,0.1,0.0,0.0,0.0,0.0,0.0,0.0,0.0,excluded,0.0,0.4,2,0,1,0.0,0.0,0.0,Excluded in squad.json; projection forced to zero,False,False,False,False,False,False,False,False,False,False,False,False,False,False,False,False,False,False,False,False,False,False,False,False,False,False,False,False,False,False,False,False
ca9f902dba0a551f7010f2afceb6fbc5a1e10681,223541,370,Federico,Chiesa,Chiesa,14,Liverpool,LIV,Midfielder,i,False,5.4,0.1,0.0,0.0,0.0,0.0,0.0,0.0,0.0,high,0.85,1.0,2,0,1,0.0,0.0,0.0,5-GW avg pts 0.40; mins 7; xGI 0.02; current GWs 2; fixture Elo diff +79,False,False,False,False,False,False,False,False,False,False,False,False,False,False,False,False,False,False,False,False,False,False,False,False,False,False,False,False,False,False,False,False
ca9f902dba0a551f7010f2afceb6fbc5a1e10681,231747,223,Jean-Philippe,Mateta,Mateta,31,Crystal Palace,CRY,Forward,i,False,6.5,3.9,0.0,0.0,0.0,0.0,0.0,0.0,0.0,high,0.85,1.0,2,0,1,0.0,0.0,0.0,5-GW avg pts 3.00; mins 38; xGI 0.35; current GWs 2; fixture Elo diff +16,False,False,False,False,False,False,False,False,False,False,False,False,False,False,False,False,False,False,False,False,False,False,False,False,False,False,False,False,False,False,False,False
ca9f902dba0a551f7010f2afceb6fbc5a1e10681,231899,312,Jack,Taylor,Taylor,40,Ipswich Town,IPS,Midfielder,i,False,4.5,0.0,0.0,0.0,0.0,0.0,0.0,0.0,0.0,low,0.34,0.4,2,0,1,0.0,0.0,0.0,5-GW avg pts 0.00; mins 0; xGI 0.00; current GWs 2; fixture Elo diff -194,False,False,False,False,False,False,False,False,False,False,False,False,False,False,False,False,False,False,False,False,False,False,False,False,False,False,False,False,False,False,False,False
ca9f902dba0a551f7010f2afceb6fbc5a1e10681,232112,433,Manuel,Ugarte Ribeiro,Ugarte,1,Man Utd,MUN,Midfielder,i,False,5.0,0.0,0.0,0.0,0.0,0.0,0.0,0.0,0.0,high,1.0,1.0,2,0,0,0.0,0.0,0.0,5-GW avg pts 0.00; mins 0; xGI 0.00; current GWs 2; fixture Elo diff +83,False,False,False,False,False,False,False,False,False,False,False,False,False,False,False,False,False,False,False,False,False,False,False,False,False,False,False,False,False,False,False,False
ca9f902dba0a551f7010f2afceb6fbc5a1e10681,232185,208,Ismaïla,Sarr,Sarr,31,Crystal Palace,CRY,Midfielder,i,False,6.4,1.8,0.0,0.0,0.0,0.0,0.0,0.0,0.0,high,0.85,1.0,2,0,1,0.0,0.0,0.0,5-GW avg pts 3.20; mins 51; xGI 0.39; current GWs 2; fixture Elo diff +16,False,False,False,False,False,False,False,False,False,False,False,False,False,False,False,False,False,False,False,False,False,False,False,False,False,False,False,False,False,False,False,False
ca9f902dba0a551f7010f2afceb6fbc5a1e10681,232571,530,Anthony,Patterson,Patterson,56,Sunderland,SUN,Goalkeeper,u,True,4.0,0.2,0.0,0.0,0.0,0.0,0.0,0.0,0.0,excluded,0.0,1.0,2,0,0,0.0,0.0,0.0,Excluded in squad.json; projection forced to zero,False,False,False,False,False,False,False,False,False,False,False,False,False,False,False,False,False,False,False,False,False,False,False,False,False,False,False,False,False,False,False,False
ca9f902dba0a551f7010f2afceb6fbc5a1e10681,232859,505,Djed,Spence,Spence,6,Spurs,TOT,Defender,u,True,4.5,0.4,0.0,0.0,0.0,0.0,0.0,0.0,0.0,excluded,0.0,1.0,2,0,1,0.0,0.0,0.0,Excluded in squad.json; projection forced to zero,False,False,False,False,False,False,False,False,False,False,False,False,False,False,False,False,False,False,False,False,False,False,False,False,False,False,False,False,False,False,False,False
ca9f902dba0a551f7010f2afceb6fbc5a1e10681,235826,348,Joël,Piroe,Piroe,2,Leeds,LEE,Forward,u,True,5.0,0.1,0.0,0.0,0.0,0.0,0.0,0.0,0.0,excluded,0.0,1.0,2,0,0,0.0,0.0,0.0,Excluded in squad.json; projection forced to zero,False,False,False,False,False,False,False,False,False,False,False,False,False,False,False,False,False,False,False,False,False,False,False,False,False,False,False,False,False,False,False,False
ca9f902dba0a551f7010f2afceb6fbc5a1e10681,241117,310,Azor,Matusiwa,Matusiwa,40,Ipswich Town,IPS,Midfielder,i,False,5.0,0.0,0.0,0.0,0.0,0.0,0.0,0.0,0.0,low,0.34,0.4,2,0,1,0.0,0.0,0.0,5-GW avg pts 0.00; mins 0; xGI 0.00; current GWs 2; fixture Elo diff -194,False,False,False,False,False,False,False,False,False,False,False,False,False,False,False,False,False,False,False,False,False,False,False,False,False,False,False,False,False,False,False,False
ca9f902dba0a551f7010f2afceb6fbc5a1e10681,242880,146,Benoît,Badiashile Mukinayi,B.Badiashile,8,Chelsea,CHE,Defender,u,True,4.5,0.0,0.0,0.0,0.0,0.0,0.0,0.0,0.0,excluded,0.0,1.0,2,0,1,0.0,0.0,0.0,Excluded in squad.json; projection forced to zero,False,False,False,False,False,False,False,False,False,False,False,False,False,False,False,False,False,False,False,False,False,False,False,False,False,False,False,False,False,False,False,False
ca9f902dba0a551f7010f2afceb6fbc5a1e10681,248875,400,Jérémy,Doku,Doku,43,Man City,MCI,Midfielder,i,False,7.4,1.1,0.0,0.0,0.0,0.0,0.0,0.0,0.0,high,0.85,1.0,2,0,1,0.0,0.0,0.0,5-GW avg pts 3.00; mins 42; xGI 0.22; current GWs 2; fixture Elo diff +192,False,False,False,False,False,False,False,False,False,False,False,False,False,False,False,False,False,False,False,False,False,False,False,False,False,False,False,False,False,False,False,False
ca9f902dba0a551f7010f2afceb6fbc5a1e10681,432987,354,Vitezslav,Jaros,Jaros,14,Liverpool,LIV,Goalkeeper,i,False,4.0,0.0,0.0,0.0,0.0,0.0,0.0,0.0,0.0,low,0.34,0.4,2,0,1,0.0,0.0,0.0,5-GW avg pts 0.00; mins 0; xGI 0.00; current GWs 2; fixture Elo diff +79,False,False,False,False,False,False,False,False,False,False,False,False,False,False,False,False,False,False,False,False,False,False,False,False,False,False,False,False,False,False,False,False
ca9f902dba0a551f7010f2afceb6fbc5a1e10681,433036,404,Tijjani,Reijnders,Reijnders,43,Man City,MCI,Midfielder,u,True,6.0,0.1,0.0,0.0,0.0,0.0,0.0,0.0,0.0,excluded,0.0,1.0,2,0,1,0.0,0.0,0.0,Excluded in squad.json; projection forced to zero,False,False,False,False,False,False,False,False,False,False,False,False,False,False,False,False,False,False,False,False,False,False,False,False,False,False,False,False,False,False,False,False
ca9f902dba0a551f7010f2afceb6fbc5a1e10681,436893,65,Julián,Araujo Zúñiga,J.Araujo,91,Bournemouth,BOU,Defender,i,False,4.5,0.0,0.0,0.0,0.0,0.0,0.0,0.0,0.0,high,1.0,1.0,2,0,0,0.0,0.0,0.0,5-GW avg pts 0.00; mins 0; xGI 0.00; current GWs 2; fixture Elo diff +41,False,False,False,False,False,False,False,False,False,False,False,False,False,False,False,False,False,False,False,False,False,False,False,False,False,False,False,False,False,False,False,False
ca9f902dba0a551f7010f2afceb6fbc5a1e10681,437738,333,Sebastiaan,Bornauw,Bornauw,2,Leeds,LEE,Defender,u,True,4.5,0.0,0.0,0.0,0.0,0.0,0.0,0.0,0.0,excluded,0.0,1.0,2,0,0,0.0,0.0,0.0,Excluded in squad.json; projection forced to zero,False,False,False,False,False,False,False,False,False,False,False,False,False,False,False,False,False,False,False,False,False,False,False,False,False,False,False,False,False,False,False,False
ca9f902dba0a551f7010f2afceb6fbc5a1e10681,441191,450,Tino,Livramento,Livramento,4,Newcastle,NEW,Defender,i,False,5.0,0.0,0.0,0.0,0.0,0.0,0.0,0.0,0.0,high,0.85,1.0,2,0,1,0.0,0.0,0.0,5-GW avg pts 0.00; mins 0; xGI 0.00; current GWs 2; fixture Elo diff +54,False,False,False,False,False,False,False,False,False,False,False,False,False,False,False,False,False,False,False,False,False,False,False,False,False,False,False,False,False,False,False,False
ca9f902dba0a551f7010f2afceb6fbc5a1e10681,443261,313,Jack,Clarke,Clarke,40,Ipswich Town,IPS,Midfielder,a,True,5.5,0.3,0.0,0.0,0.0,0.0,0.0,0.0,0.0,excluded,0.0,0.4,2,0,1,0.0,0.0,0.0,Excluded in squad.json; projection forced to zero,False,False,False,False,False,False,False,False,False,False,False,False,False,False,False,False,False,False,False,False,False,False,False,False,False,False,False,False,False,False,False,False
ca9f902dba0a551f7010f2afceb6fbc5a1e10681,444172,59,Will,Dennis,Dennis,91,Bournemouth,BOU,Goalkeeper,u,False,4.0,0.2,0.0,0.0,0.0,0.0,0.0,0.0,0.0,high,1.0,1.0,2,0,0,0.0,0.0,0.0,5-GW avg pts 0.00; mins 0; xGI 0.00; current GWs 2; fixture Elo diff +41,False,False,False,False,False,False,False,False,False,False,False,False,False,False,False,False,False,False,False,False,False,False,False,False,False,False,False,False,False,False,False,False
ca9f902dba0a551f7010f2afceb6fbc5a1e10681,444307,276,Thimothée,Lo-Tutala,Lo-Tutala,88,Hull City,HUL,Goalkeeper,u,True,4.0,0.0,0.0,0.0,0.0,0.0,0.0,0.0,0.0,excluded,0.0,0.4,2,0,1,0.0,0.0,0.0,Excluded in squad.json; projection forced to zero,False,False,False,False,False,False,False,False,False,False,False,False,False,False,False,False,False,False,False,False,False,False,False,False,False,False,False,False,False,False,False,False
ca9f902dba0a551f7010f2afceb6fbc5a1e10681,444765,85,Sepp,van den Berg,Van den Berg,94,Brentford,BRE,Defender,i,False,5.0,0.1,0.0,0.0,0.0,0.0,0.0,0.0,0.0,high,1.0,1.0,2,0,0,0.0,0.0,0.0,5-GW avg pts 1.60; mins 20; xGI 0.14; current GWs 2; fixture Elo diff -17,False,False,False,False,False,False,False,False,False,False,False,False,False,False,False,False,False,False,False,False,False,False,False,False,False,False,False,False,False,False,False,False
ca9f902dba0a551f7010f2afceb6fbc5a1e10681,445044,521,Dejan,Kulusevski,Kulusevski,6,Spurs,TOT,Midfielder,i,False,6.5,0.0,0.0,0.0,0.0,0.0,0.0,0.0,0.0,high,0.85,1.0,2,0,1,0.0,0.0,0.0,5-GW avg pts 0.00; mins 0; xGI 0.00; current GWs 2; fixture Elo diff -48,False,False,False,False,False,False,False,False,False,False,False,False,False,False,False,False,False,False,False,False,False,False,False,False,False,False,False,False,False,False,False,False
ca9f902dba0a551f7010f2afceb6fbc5a1e10681,445122,5,Jurriën,Timber,J.Timber,3,Arsenal,ARS,Defender,i,False,6.5,0.1,0.0,0.0,0.0,0.0,0.0,0.0,0.0,high,1.0,1.0,1,0,0,0.0,0.0,0.0,5-GW avg pts 0.00; mins 0; xGI 0.00; current GWs 1; fixture Elo diff +258,False,False,False,False,False,False,False,False,False,False,False,False,False,False,False,False,False,False,False,False,False,False,False,False,False,False,False,False,False,False,False,False
ca9f902dba0a551f7010f2afceb6fbc5a1e10681,448089,54,Joao,Gomes,Gomes,7,Aston Villa,AVL,Midfielder,s,False,5.5,0.0,0.0,0.0,0.0,0.0,0.0,0.0,0.0,high,0.85,1.0,1,0,1,0.0,0.0,0.0,5-GW avg pts 1.20; mins 61; xGI 0.05; current GWs 1; fixture Elo diff +133,False,False,False,False,False,False,False,False,False,False,False,False,False,False,False,False,False,False,False,False,False,False,False,False,False,False,False,False,False,False,False,False
ca9f902dba0a551f7010f2afceb6fbc5a1e10681,449428,283,Matty,Jacob,Jacob,88,Hull City,HUL,Defender,i,False,4.0,0.0,0.0,0.0,0.0,0.0,0.0,0.0,0.0,low,0.34,0.4,2,0,1,0.0,0.0,0.0,5-GW avg pts 0.00; mins 0; xGI 0.00; current GWs 2; fixture Elo diff -175,False,False,False,False,False,False,False,False,False,False,False,False,False,False,False,False,False,False,False,False,False,False,False,False,False,False,False,False,False,False,False,False
ca9f902dba0a551f7010f2afceb6fbc5a1e10681,449871,48,Amadou,Onana,Onana,7,Aston Villa,AVL,Midfielder,i,False,5.0,0.0,0.0,0.0,0.0,0.0,0.0,0.0,0.0,high,0.85,1.0,1,0,1,0.0,0.0,0.0,5-GW avg pts 0.20; mins 3; xGI 0.00; current GWs 1; fixture Elo diff +133,False,False,False,False,False,False,False,False,False,False,False,False,False,False,False,False,False,False,False,False,False,False,False,False,False,False,False,False,False,False,False,False
ca9f902dba0a551f7010f2afceb6fbc5a1e10681,451302,413,Altay,Bayındır,Bayindir,1,Man Utd,MUN,Goalkeeper,u,True,4.5,0.0,0.0,0.0,0.0,0.0,0.0,0.0,0.0,excluded,0.0,1.0,2,0,0,0.0,0.0,0.0,Excluded in squad.json; projection forced to zero,False,False,False,False,False,False,False,False,False,False,False,False,False,False,False,False,False,False,False,False,False,False,False,False,False,False,False,False,False,False,False,False
ca9f902dba0a551f7010f2afceb6fbc5a1e10681,451340,121,Mitoma,Kaoru,Mitoma,36,Brighton,BHA,Midfielder,i,False,6.0,0.0,0.0,0.0,0.0,0.0,0.0,0.0,0.0,high,0.85,1.0,2,0,1,0.0,0.0,0.0,5-GW avg pts 0.00; mins 11; xGI 0.06; current GWs 2; fixture Elo diff +29,False,False,False,False,False,False,False,False,False,False,False,False,False,False,False,False,False,False,False,False,False,False,False,False,False,False,False,False,False,False,False,False
ca9f902dba0a551f7010f2afceb6fbc5a1e10681,462387,322,Ali,Al-Hamadi,Al-Hamadi,40,Ipswich Town,IPS,Forward,u,True,5.0,0.1,0.0,0.0,0.0,0.0,0.0,0.0,0.0,excluded,0.0,0.4,2,0,1,0.0,0.0,0.0,Excluded in squad.json; projection forced to zero,False,False,False,False,False,False,False,False,False,False,False,False,False,False,False,False,False,False,False,False,False,False,False,False,False,False,False,False,False,False,False,False
ca9f902dba0a551f7010f2afceb6fbc5a1e10681,462424,6,William,Saliba,Saliba,3,Arsenal,ARS,Defender,i,False,6.0,0.3,0.0,0.0,0.0,0.0,0.0,0.0,0.0,high,1.0,1.0,1,0,0,0.0,0.0,0.0,5-GW avg pts 3.80; mins 54; xGI 0.10; current GWs 1; fixture Elo diff +258,False,False,False,False,False,False,False,False,False,False,False,False,False,False,False,False,False,False,False,False,False,False,False,False,False,False,False,False,False,False,False,False
ca9f902dba0a551f7010f2afceb6fbc5a1e10681,462635,340,Joe,Gelhardt,Gelhardt,88,Hull City,HUL,Midfielder,i,False,5.0,0.0,0.0,0.0,0.0,0.0,0.0,0.0,0.0,high,0.85,1.0,2,0,1,0.0,0.0,0.0,5-GW avg pts 0.00; mins 0; xGI 0.00; current GWs 2; fixture Elo diff -175,False,False,False,False,False,False,False,False,False,False,False,False,False,False,False,False,False,False,False,False,False,False,False,False,False,False,False,False,False,False,False,False
ca9f902dba0a551f7010f2afceb6fbc5a1e10681,465390,177,Kaine,Kesler-Hayden,Kesler-Hayden,9,Coventry City,COV,Defender,i,False,4.0,0.1,0.0,0.0,0.0,0.0,0.0,0.0,0.0,low,0.34,0.4,2,0,1,0.0,0.0,0.0,5-GW avg pts 0.00; mins 0; xGI 0.00; current GWs 2; fixture Elo diff -184,False,False,False,False,False,False,False,False,False,False,False,False,False,False,False,False,False,False,False,False,False,False,False,False,False,False,False,False,False,False,False,False
ca9f902dba0a551f7010f2afceb6fbc5a1e10681,465525,291,Eliot,Matazo,Matazo,88,Hull City,HUL,Midfielder,i,False,4.5,0.0,0.0,0.0,0.0,0.0,0.0,0.0,0.0,low,0.34,0.4,2,0,1,0.0,0.0,0.0,5-GW avg pts 0.00; mins 0; xGI 0.00; current GWs 2; fixture Elo diff -175,False,False,False,False,False,False,False,False,False,False,False,False,False,False,False,False,False,False,False,False,False,False,False,False,False,False,False,False,False,False,False,False
ca9f902dba0a551f7010f2afceb6fbc5a1e10681,469247,49,Samuel,Iling-Junior,Iling Jr,7,Aston Villa,AVL,Midfielder,u,True,5.0,0.0,0.0,0.0,0.0,0.0,0.0,0.0,0.0,excluded,0.0,1.0,1,0,1,0.0,0.0,0.0,Excluded in squad.json; projection forced to zero,False,False,False,False,False,False,False,False,False,False,False,False,False,False,False,False,False,False,False,False,False,False,False,False,False,False,False,False,False,False,False,False
ca9f902dba0a551f7010f2afceb6fbc5a1e10681,470294,297,Darko,Gyabi,Gyabi,88,Hull City,HUL,Midfielder,i,False,4.5,0.0,0.0,0.0,0.0,0.0,0.0,0.0,0.0,high,0.85,1.0,2,0,1,0.0,0.0,0.0,5-GW avg pts 0.00; mins 0; xGI 0.00; current GWs 2; fixture Elo diff -175,False,False,False,False,False,False,False,False,False,False,False,False,False,False,False,False,False,False,False,False,False,False,False,False,False,False,False,False,False,False,False,False
ca9f902dba0a551f7010f2afceb6fbc5a1e10681,476887,485,Dilane,Bakwa,Bakwa,17,Nott'm Forest,NFO,Midfielder,u,True,5.5,0.0,0.0,0.0,0.0,0.0,0.0,0.0,0.0,excluded,0.0,1.0,2,0,1,0.0,0.0,0.0,Excluded in squad.json; projection forced to zero,False,False,False,False,False,False,False,False,False,False,False,False,False,False,False,False,False,False,False,False,False,False,False,False,False,False,False,False,False,False,False,False
ca9f902dba0a551f7010f2afceb6fbc5a1e10681,477547,538,Leo Fuhr,Hjelde,Hjelde,56,Sunderland,SUN,Defender,u,True,4.0,0.0,0.0,0.0,0.0,0.0,0.0,0.0,0.0,excluded,0.0,1.0,2,0,0,0.0,0.0,0.0,Excluded in squad.json; projection forced to zero,False,False,False,False,False,False,False,False,False,False,False,False,False,False,False,False,False,False,False,False,False,False,False,False,False,False,False,False,False,False,False,False
ca9f902dba0a551f7010f2afceb6fbc5a1e10681,481624,318,Jaden,Philogene,Philogene,40,Ipswich Town,IPS,Midfielder,i,False,5.5,0.1,0.0,0.0,0.0,0.0,0.0,0.0,0.0,low,0.34,0.4,2,0,1,0.0,0.0,0.0,5-GW avg pts 0.00; mins 0; xGI 0.00; current GWs 2; fixture Elo diff -194,False,False,False,False,False,False,False,False,False,False,False,False,False,False,False,False,False,False,False,False,False,False,False,False,False,False,False,False,False,False,False,False
ca9f902dba0a551f7010f2afceb6fbc5a1e10681,487117,139,Evan,Ferguson,Ferguson,36,Brighton,BHA,Forward,i,False,5.0,0.0,0.0,0.0,0.0,0.0,0.0,0.0,0.0,high,0.85,1.0,2,0,1,0.0,0.0,0.0,5-GW avg pts 0.00; mins 0; xGI 0.00; current GWs 2; fixture Elo diff +29,False,False,False,False,False,False,False,False,False,False,False,False,False,False,False,False,False,False,False,False,False,False,False,False,False,False,False,False,False,False,False,False
ca9f902dba0a551f7010f2afceb6fbc5a1e10681,489580,365,Calvin,Ramsay,Ramsay,14,Liverpool,LIV,Defender,u,True,4.0,0.2,0.0,0.0,0.0,0.0,0.0,0.0,0.0,excluded,0.0,1.0,2,0,1,0.0,0.0,0.0,Excluded in squad.json; projection forced to zero,False,False,False,False,False,False,False,False,False,False,False,False,False,False,False,False,False,False,False,False,False,False,False,False,False,False,False,False,False,False,False,False
ca9f902dba0a551f7010f2afceb6fbc5a1e10681,489888,77,Amine,Adli,Adli,91,Bournemouth,BOU,Midfielder,i,False,4.9,0.0,0.0,0.0,0.0,0.0,0.0,0.0,0.0,high,1.0,1.0,2,0,0,0.0,0.0,0.0,5-GW avg pts 0.40; mins 6; xGI 0.00; current GWs 2; fixture Elo diff +41,False,False,False,False,False,False,False,False,False,False,False,False,False,False,False,False,False,False,False,False,False,False,False,False,False,False,False,False,False,False,False,False
ca9f902dba0a551f7010f2afceb6fbc5a1e10681,490161,293,Abu,Kamara,Kamara,88,Hull City,HUL,Midfielder,u,True,5.0,0.0,0.0,0.0,0.0,0.0,0.0,0.0,0.0,excluded,0.0,0.4,2,0,1,0.0,0.0,0.0,Excluded in squad.json; projection forced to zero,False,False,False,False,False,False,False,False,False,False,False,False,False,False,False,False,False,False,False,False,False,False,False,False,False,False,False,False,False,False,False,False
ca9f902dba0a551f7010f2afceb6fbc5a1e10681,490881,436,Toby,Collyer,Collyer,1,Man Utd,MUN,Midfielder,a,True,5.0,0.0,0.0,0.0,0.0,0.0,0.0,0.0,0.0,excluded,0.0,1.0,2,0,0,0.0,0.0,0.0,Excluded in squad.json; projection forced to zero,False,False,False,False,False,False,False,False,False,False,False,False,False,False,False,False,False,False,False,False,False,False,False,False,False,False,False,False,False,False,False,False
ca9f902dba0a551f7010f2afceb6fbc5a1e10681,492777,360,Conor,Bradley,Bradley,14,Liverpool,LIV,Defender,i,False,5.0,0.0,0.0,0.0,0.0,0.0,0.0,0.0,0.0,high,0.85,1.0,2,0,1,0.0,0.0,0.0,5-GW avg pts 0.00; mins 0; xGI 0.00; current GWs 2; fixture Elo diff +79,False,False,False,False,False,False,False,False,False,False,False,False,False,False,False,False,False,False,False,False,False,False,False,False,False,False,False,False,False,False,False,False
ca9f902dba0a551f7010f2afceb6fbc5a1e10681,493250,431,Amad,Diallo,Amad,1,Man Utd,MUN,Midfielder,i,False,5.9,0.8,0.0,0.0,0.0,0.0,0.0,0.0,0.0,high,1.0,1.0,2,0,0,0.0,0.0,0.0,5-GW avg pts 2.40; mins 51; xGI 0.30; current GWs 2; fixture Elo diff +83,False,False,False,False,False,False,False,False,False,False,False,False,False,False,False,False,False,False,False,False,False,False,False,False,False,False,False,False,False,False,False,False
ca9f902dba0a551f7010f2afceb6fbc5a1e10681,493362,513,Xavi,Simons,Xavi,6,Spurs,TOT,Midfielder,i,False,6.0,0.0,0.0,0.0,0.0,0.0,0.0,0.0,0.0,high,0.85,1.0,2,0,1,0.0,0.0,0.0,5-GW avg pts 0.00; mins 0; xGI 0.00; current GWs 2; fixture Elo diff -48,False,False,False,False,False,False,False,False,False,False,False,False,False,False,False,False,False,False,False,False,False,False,False,False,False,False,False,False,False,False,False,False
ca9f902dba0a551f7010f2afceb6fbc5a1e10681,494307,394,Max,Alleyne,Alleyne,43,Man City,MCI,Defender,u,True,5.0,0.0,0.0,0.0,0.0,0.0,0.0,0.0,0.0,excluded,0.0,1.0,2,0,1,0.0,0.0,0.0,Excluded in squad.json; projection forced to zero,False,False,False,False,False,False,False,False,False,False,False,False,False,False,False,False,False,False,False,False,False,False,False,False,False,False,False,False,False,False,False,False
ca9f902dba0a551f7010f2afceb6fbc5a1e10681,494950,275,Harvey,Cartwright,Cartwright,88,Hull City,HUL,Goalkeeper,u,True,4.0,0.0,0.0,0.0,0.0,0.0,0.0,0.0,0.0,excluded,0.0,0.4,2,0,1,0.0,0.0,0.0,Excluded in squad.json; projection forced to zero,False,False,False,False,False,False,False,False,False,False,False,False,False,False,False,False,False,False,False,False,False,False,False,False,False,False,False,False,False,False,False,False
ca9f902dba0a551f7010f2afceb6fbc5a1e10681,500058,382,Jayden,Danns,Danns,14,Liverpool,LIV,Forward,i,False,4.5,0.0,0.0,0.0,0.0,0.0,0.0,0.0,0.0,high,0.85,1.0,2,0,1,0.0,0.0,0.0,5-GW avg pts 0.00; mins 0; xGI 0.00; current GWs 2; fixture Elo diff +79,False,False,False,False,False,False,False,False,False,False,False,False,False,False,False,False,False,False,False,False,False,False,False,False,False,False,False,False,False,False,False,False
ca9f902dba0a551f7010f2afceb6fbc5a1e10681,500151,475,Nicolò,Savona,Savona,17,Nott'm Forest,NFO,Defender,i,False,4.5,0.0,0.0,0.0,0.0,0.0,0.0,0.0,0.0,high,0.85,1.0,2,0,1,0.0,0.0,0.0,5-GW avg pts 0.00; mins 0; xGI 0.00; current GWs 2; fixture Elo diff -24,False,False,False,False,False,False,False,False,False,False,False,False,False,False,False,False,False,False,False,False,False,False,False,False,False,False,False,False,False,False,False,False
ca9f902dba0a551f7010f2afceb6fbc5a1e10681,500957,298,Enis,Destan,Destan,88,Hull City,HUL,Forward,u,True,4.5,0.3,0.0,0.0,0.0,0.0,0.0,0.0,0.0,excluded,0.0,0.4,2,0,1,0.0,0.0,0.0,Excluded in squad.json; projection forced to zero,False,False,False,False,False,False,False,False,False,False,False,False,False,False,False,False,False,False,False,False,False,False,False,False,False,False,False,False,False,False,False,False
ca9f902dba0a551f7010f2afceb6fbc5a1e10681,501902,278,Charlie,Hughes,Hughes,88,Hull City,HUL,Defender,i,False,4.0,0.1,0.0,0.0,0.0,0.0,0.0,0.0,0.0,low,0.34,0.4,2,0,1,0.0,0.0,0.0,5-GW avg pts 0.00; mins 0; xGI 0.00; current GWs 2; fixture Elo diff -175,False,False,False,False,False,False,False,False,False,False,False,False,False,False,False,False,False,False,False,False,False,False,False,False,False,False,False,False,False,False,False,False
ca9f902dba0a551f7010f2afceb6fbc5a1e10681,508479,141,Filip,Jörgensen,Jörgensen,8,Chelsea,CHE,Goalkeeper,u,True,5.0,0.0,0.0,0.0,0.0,0.0,0.0,0.0,0.0,excluded,0.0,1.0,2,0,1,0.0,0.0,0.0,Excluded in squad.json; projection forced to zero,False,False,False,False,False,False,False,False,False,False,False,False,False,False,False,False,False,False,False,False,False,False,False,False,False,False,False,False,False,False,False,False
ca9f902dba0a551f7010f2afceb6fbc5a1e10681,510663,380,Hugo,Ekitiké,Ekitiké,14,Liverpool,LIV,Forward,i,False,7.5,0.1,0.0,0.0,0.0,0.0,0.0,0.0,0.0,high,0.85,1.0,2,0,1,0.0,0.0,0.0,5-GW avg pts 0.00; mins 0; xGI 0.00; current GWs 2; fixture Elo diff +79,False,False,False,False,False,False,False,False,False,False,False,False,False,False,False,False,False,False,False,False,False,False,False,False,False,False,False,False,False,False,False,False
ca9f902dba0a551f7010f2afceb6fbc5a1e10681,515621,206,Chadi,Riad Dnanou,Chadi Riad,31,Crystal Palace,CRY,Defender,i,False,4.4,0.0,0.0,0.0,0.0,0.0,0.0,0.0,0.0,high,0.85,1.0,2,0,1,0.0,0.0,0.0,5-GW avg pts 1.20; mins 47; xGI 0.05; current GWs 2; fixture Elo diff +16,False,False,False,False,False,False,False,False,False,False,False,False,False,False,False,False,False,False,False,False,False,False,False,False,False,False,False,False,False,False,False,False
ca9f902dba0a551f7010f2afceb6fbc5a1e10681,519634,537,Jenson,Seelt,Seelt,56,Sunderland,SUN,Defender,u,True,4.5,0.0,0.0,0.0,0.0,0.0,0.0,0.0,0.0,excluded,0.0,1.0,2,0,0,0.0,0.0,0.0,Excluded in squad.json; projection forced to zero,False,False,False,False,False,False,False,False,False,False,False,False,False,False,False,False,False,False,False,False,False,False,False,False,False,False,False,False,False,False,False,False
ca9f902dba0a551f7010f2afceb6fbc5a1e10681,534392,299,Mason,Burstow,Burstow,88,Hull City,HUL,Forward,u,True,4.5,0.0,0.0,0.0,0.0,0.0,0.0,0.0,0.0,excluded,0.0,0.4,2,0,1,0.0,0.0,0.0,Excluded in squad.json; projection forced to zero,False,False,False,False,False,False,False,False,False,False,False,False,False,False,False,False,False,False,False,False,False,False,False,False,False,False,False,False,False,False,False,False
ca9f902dba0a551f7010f2afceb6fbc5a1e10681,535301,131,Carlos,Baleba,Baleba,1,Man Utd,MUN,Midfielder,i,False,5.0,0.2,0.0,0.0,0.0,0.0,0.0,0.0,0.0,high,1.0,1.0,2,0,0,0.0,0.0,0.0,5-GW avg pts 1.80; mins 37; xGI 0.05; current GWs 2; fixture Elo diff +83,False,False,False,False,False,False,False,False,False,False,False,False,False,False,False,False,False,False,False,False,False,False,False,False,False,False,False,False,False,False,False,False
ca9f902dba0a551f7010f2afceb6fbc5a1e10681,535818,546,Simon,Adingra,Adingra,56,Sunderland,SUN,Midfielder,i,False,4.9,0.1,0.0,0.0,0.0,0.0,0.0,0.0,0.0,high,1.0,1.0,2,0,0,0.0,0.0,0.0,5-GW avg pts 0.00; mins 0; xGI 0.00; current GWs 2; fixture Elo diff -181,False,False,False,False,False,False,False,False,False,False,False,False,False,False,False,False,False,False,False,False,False,False,False,False,False,False,False,False,False,False,False,False
ca9f902dba0a551f7010f2afceb6fbc5a1e10681,535928,376,Stefan,Bajčetić Maquieira,Bajcetic,14,Liverpool,LIV,Midfielder,i,False,5.0,0.0,0.0,0.0,0.0,0.0,0.0,0.0,0.0,high,0.85,1.0,2,0,1,0.0,0.0,0.0,5-GW avg pts 0.00; mins 0; xGI 0.00; current GWs 2; fixture Elo diff +79,False,False,False,False,False,False,False,False,False,False,False,False,False,False,False,False,False,False,False,False,False,False,False,False,False,False,False,False,False,False,False,False
ca9f902dba0a551f7010f2afceb6fbc5a1e10681,536916,128,Facundo,Buonanotte,Buonanotte,36,Brighton,BHA,Midfielder,u,True,5.0,0.0,0.0,0.0,0.0,0.0,0.0,0.0,0.0,excluded,0.0,1.0,2,0,1,0.0,0.0,0.0,Excluded in squad.json; projection forced to zero,False,False,False,False,False,False,False,False,False,False,False,False,False,False,False,False,False,False,False,False,False,False,False,False,False,False,False,False,False,False,False,False
ca9f902dba0a551f7010f2afceb6fbc5a1e10681,538207,465,William,Osula,Osula,4,Newcastle,NEW,Forward,i,False,6.0,0.7,0.0,0.0,0.0,0.0,0.0,0.0,0.0,high,0.85,1.0,2,0,1,0.0,0.0,0.0,5-GW avg pts 4.20; mins 55; xGI 0.37; current GWs 2; fixture Elo diff +54,False,False,False,False,False,False,False,False,False,False,False,False,False,False,False,False,False,False,False,False,False,False,False,False,False,False,False,False,False,False,False,False
ca9f902dba0a551f7010f2afceb6fbc5a1e10681,543295,99,Antoni,Milambo,Milambo,94,Brentford,BRE,Midfielder,i,False,5.0,0.0,0.0,0.0,0.0,0.0,0.0,0.0,0.0,high,1.0,1.0,2,0,0,0.0,0.0,0.0,5-GW avg pts 0.00; mins 0; xGI 0.00; current GWs 2; fixture Elo diff -17,False,False,False,False,False,False,False,False,False,False,False,False,False,False,False,False,False,False,False,False,False,False,False,False,False,False,False,False,False,False,False,False
ca9f902dba0a551f7010f2afceb6fbc5a1e10681,545477,451,Alex,Murphy,A.Murphy,4,Newcastle,NEW,Defender,u,True,4.0,0.1,0.0,0.0,0.0,0.0,0.0,0.0,0.0,excluded,0.0,1.0,2,0,1,0.0,0.0,0.0,Excluded in squad.json; projection forced to zero,False,False,False,False,False,False,False,False,False,False,False,False,False,False,False,False,False,False,False,False,False,False,False,False,False,False,False,False,False,False,False,False
ca9f902dba0a551f7010f2afceb6fbc5a1e10681,546600,554,Kayne,van Oevelen,Van Oevelen,40,Ipswich Town,IPS,Goalkeeper,u,True,4.5,0.0,0.0,0.0,0.0,0.0,0.0,0.0,0.0,excluded,0.0,0.4,2,0,1,0.0,0.0,0.0,Excluded in squad.json; projection forced to zero,False,False,False,False,False,False,False,False,False,False,False,False,False,False,False,False,False,False,False,False,False,False,False,False,False,False,False,False,False,False,False,False
ca9f902dba0a551f7010f2afceb6fbc5a1e10681,547676,425,Tyler,Fredricson,Fredricson,1,Man Utd,MUN,Defender,u,True,4.0,0.0,0.0,0.0,0.0,0.0,0.0,0.0,0.0,excluded,0.0,1.0,2,0,0,0.0,0.0,0.0,Excluded in squad.json; projection forced to zero,False,False,False,False,False,False,False,False,False,False,False,False,False,False,False,False,False,False,False,False,False,False,False,False,False,False,False,False,False,False,False,False
ca9f902dba0a551f7010f2afceb6fbc5a1e10681,548308,507,Ashley,Phillips,Phillips,6,Spurs,TOT,Defender,u,True,4.5,0.0,0.0,0.0,0.0,0.0,0.0,0.0,0.0,excluded,0.0,1.0,2,0,1,0.0,0.0,0.0,Excluded in squad.json; projection forced to zero,False,False,False,False,False,False,False,False,False,False,False,False,False,False,False,False,False,False,False,False,False,False,False,False,False,False,False,False,False,False,False,False
ca9f902dba0a551f7010f2afceb6fbc5a1e10681,549074,133,Tom,Watson,Watson,36,Brighton,BHA,Midfielder,u,True,5.0,0.0,0.0,0.0,0.0,0.0,0.0,0.0,0.0,excluded,0.0,1.0,2,0,1,0.0,0.0,0.0,Excluded in squad.json; projection forced to zero,False,False,False,False,False,False,False,False,False,False,False,False,False,False,False,False,False,False,False,False,False,False,False,False,False,False,False,False,False,False,False,False
ca9f902dba0a551f7010f2afceb6fbc5a1e10681,549653,197,Norman,Bassette,Bassette,9,Coventry City,COV,Forward,u,True,4.5,0.0,0.0,0.0,0.0,0.0,0.0,0.0,0.0,excluded,0.0,0.4,2,0,1,0.0,0.0,0.0,Excluded in squad.json; projection forced to zero,False,False,False,False,False,False,False,False,False,False,False,False,False,False,False,False,False,False,False,False,False,False,False,False,False,False,False,False,False,False,False,False
ca9f902dba0a551f7010f2afceb6fbc5a1e10681,550090,117,Diego,Coppola,Coppola,36,Brighton,BHA,Defender,a,True,4.5,0.0,0.0,0.0,0.0,0.0,0.0,0.0,0.0,excluded,0.0,1.0,2,0,1,0.0,0.0,0.0,Excluded in squad.json; projection forced to zero,False,False,False,False,False,False,False,False,False,False,False,False,False,False,False,False,False,False,False,False,False,False,False,False,False,False,False,False,False,False,False,False
ca9f902dba0a551f7010f2afceb6fbc5a1e10681,550839,517,Wilson,Odobert,Odobert,6,Spurs,TOT,Midfielder,i,False,5.5,0.0,0.0,0.0,0.0,0.0,0.0,0.0,0.0,high,0.85,1.0,2,0,1,0.0,0.0,0.0,5-GW avg pts 0.00; mins 0; xGI 0.00; current GWs 2; fixture Elo diff -48,False,False,False,False,False,False,False,False,False,False,False,False,False,False,False,False,False,False,False,False,False,False,False,False,False,False,False,False,False,False,False,False
ca9f902dba0a551f7010f2afceb6fbc5a1e10681,551262,196,Jahnoah,Markelo,Markelo,9,Coventry City,COV,Forward,u,True,5.0,0.0,0.0,0.0,0.0,0.0,0.0,0.0,0.0,excluded,0.0,0.4,2,0,1,0.0,0.0,0.0,Excluded in squad.json; projection forced to zero,False,False,False,False,False,False,False,False,False,False,False,False,False,False,False,False,False,False,False,False,False,False,False,False,False,False,False,False,False,False,False,False
ca9f902dba0a551f7010f2afceb6fbc5a1e10681,553783,294,Óscar,Zambrano,Zambrano,88,Hull City,HUL,Midfielder,i,False,4.5,0.1,0.0,0.0,0.0,0.0,0.0,0.0,0.0,low,0.34,0.4,2,0,1,0.0,0.0,0.0,5-GW avg pts 0.00; mins 0; xGI 0.00; current GWs 2; fixture Elo diff -175,False,False,False,False,False,False,False,False,False,False,False,False,False,False,False,False,False,False,False,False,False,False,False,False,False,False,False,False,False,False,False,False
ca9f902dba0a551f7010f2afceb6fbc5a1e10681,560262,78,Junior,Kroupi,Kroupi.Jr,91,Bournemouth,BOU,Midfielder,i,False,7.4,0.3,0.0,0.0,0.0,0.0,0.0,0.0,0.0,high,1.0,1.0,2,0,0,0.0,0.0,0.0,5-GW avg pts 2.40; mins 45; xGI 0.14; current GWs 2; fixture Elo diff +41,False,False,False,False,False,False,False,False,False,False,False,False,False,False,False,False,False,False,False,False,False,False,False,False,False,False,False,False,False,False,False,False
ca9f902dba0a551f7010f2afceb6fbc5a1e10681,565297,349,Mateo,Joseph Fernández-Regatillo,Mateo Joseph,2,Leeds,LEE,Forward,i,False,4.5,0.1,0.0,0.0,0.0,0.0,0.0,0.0,0.0,high,1.0,1.0,2,0,0,0.0,0.0,0.0,5-GW avg pts 0.00; mins 0; xGI 0.00; current GWs 2; fixture Elo diff -96,False,False,False,False,False,False,False,False,False,False,False,False,False,False,False,False,False,False,False,False,False,False,False,False,False,False,False,False,False,False,False,False
ca9f902dba0a551f7010f2afceb6fbc5a1e10681,574458,150,Mamadou,Sarr,M.Sarr,8,Chelsea,CHE,Defender,u,False,4.5,0.1,0.0,0.0,0.0,0.0,0.0,0.0,0.0,high,0.85,1.0,2,0,1,0.0,0.0,0.0,5-GW avg pts 0.20; mins 2; xGI 0.00; current GWs 2; fixture Elo diff -17,False,False,False,False,False,False,False,False,False,False,False,False,False,False,False,False,False,False,False,False,False,False,False,False,False,False,False,False,False,False,False,False
ca9f902dba0a551f7010f2afceb6fbc5a1e10681,577411,181,Miguel,Brau,Brau,9,Coventry City,COV,Defender,u,False,4.0,0.0,0.0,0.0,0.0,0.0,0.0,0.0,0.0,low,0.34,0.4,2,0,1,0.0,0.0,0.0,5-GW avg pts 0.00; mins 0; xGI 0.00; current GWs 2; fixture Elo diff -184,False,False,False,False,False,False,False,False,False,False,False,False,False,False,False,False,False,False,False,False,False,False,False,False,False,False,False,False,False,False,False,False
ca9f902dba0a551f7010f2afceb6fbc5a1e10681,578545,39,Kosta,Nedeljkovic,Nedeljkovic,7,Aston Villa,AVL,Defender,u,True,4.0,0.2,0.0,0.0,0.0,0.0,0.0,0.0,0.0,excluded,0.0,0.2,1,0,1,0.0,0.0,0.0,Excluded in squad.json; projection forced to zero,False,False,False,False,False,False,False,False,False,False,False,False,False,False,False,False,False,False,False,False,False,False,False,False,False,False,False,False,False,False,False,False
ca9f902dba0a551f7010f2afceb6fbc5a1e10681,586268,353,Armin,Pecsi,Pecsi,14,Liverpool,LIV,Goalkeeper,u,True,4.0,0.0,0.0,0.0,0.0,0.0,0.0,0.0,0.0,excluded,0.0,1.0,2,0,1,0.0,0.0,0.0,Excluded in squad.json; projection forced to zero,False,False,False,False,False,False,False,False,False,False,False,False,False,False,False,False,False,False,False,False,False,False,False,False,False,False,False,False,False,False,False,False
ca9f902dba0a551f7010f2afceb6fbc5a1e10681,590014,220,Rio,Cardines,Cardines,31,Crystal Palace,CRY,Defender,u,True,4.5,0.0,0.0,0.0,0.0,0.0,0.0,0.0,0.0,excluded,0.0,1.0,2,0,1,0.0,0.0,0.0,Excluded in squad.json; projection forced to zero,False,False,False,False,False,False,False,False,False,False,False,False,False,False,False,False,False,False,False,False,False,False,False,False,False,False,False,False,False,False,False,False
ca9f902dba0a551f7010f2afceb6fbc5a1e10681,592031,122,Yankuba,Minteh,Minteh,36,Brighton,BHA,Midfielder,i,False,5.9,0.1,0.0,0.0,0.0,0.0,0.0,0.0,0.0,high,0.85,1.0,2,0,1,0.0,0.0,0.0,5-GW avg pts 2.60; mins 45; xGI 0.15; current GWs 2; fixture Elo diff +29,False,False,False,False,False,False,False,False,False,False,False,False,False,False,False,False,False,False,False,False,False,False,False,False,False,False,False,False,False,False,False,False
ca9f902dba0a551f7010f2afceb6fbc5a1e10681,597320,132,Harry,Howell,Howell,36,Brighton,BHA,Midfielder,u,True,4.5,0.0,0.0,0.0,0.0,0.0,0.0,0.0,0.0,excluded,0.0,1.0,2,0,1,0.0,0.0,0.0,Excluded in squad.json; projection forced to zero,False,False,False,False,False,False,False,False,False,False,False,False,False,False,False,False,False,False,False,False,False,False,False,False,False,False,False,False,False,False,False,False
ca9f902dba0a551f7010f2afceb6fbc5a1e10681,606798,38,Andrés,García,A.García,7,Aston Villa,AVL,Defender,a,True,4.0,1.7,0.0,0.0,0.0,0.0,0.0,0.0,0.0,excluded,0.0,1.0,1,0,1,0.0,0.0,0.0,Excluded in squad.json; projection forced to zero,False,False,False,False,False,False,False,False,False,False,False,False,False,False,False,False,False,False,False,False,False,False,False,False,False,False,False,False,False,False,False,False
ca9f902dba0a551f7010f2afceb6fbc5a1e10681,608181,137,Stefanos,Tzimas,Tzimas,36,Brighton,BHA,Forward,i,False,5.5,0.0,0.0,0.0,0.0,0.0,0.0,0.0,0.0,high,0.85,1.0,2,0,1,0.0,0.0,0.0,5-GW avg pts 0.00; mins 0; xGI 0.00; current GWs 2; fixture Elo diff +29,False,False,False,False,False,False,False,False,False,False,False,False,False,False,False,False,False,False,False,False,False,False,False,False,False,False,False,False,False,False,False,False
ca9f902dba0a551f7010f2afceb6fbc5a1e10681,614071,53,Johan,Manzambi,Manzambi,7,Aston Villa,AVL,Midfielder,i,False,5.9,0.2,0.0,0.0,0.0,0.0,0.0,0.0,0.0,low,0.17,0.2,1,0,1,0.0,0.0,0.0,5-GW avg pts 0.00; mins 0; xGI 0.00; current GWs 1; fixture Elo diff +133,False,False,False,False,False,False,False,False,False,False,False,False,False,False,False,False,False,False,False,False,False,False,False,False,False,False,False,False,False,False,False,False
ca9f902dba0a551f7010f2afceb6fbc5a1e10681,620487,63,Veljko,Milosavljevic,Milosavljević,91,Bournemouth,BOU,Defender,i,False,5.0,0.0,0.0,0.0,0.0,0.0,0.0,0.0,0.0,high,1.0,1.0,2,0,0,0.0,0.0,0.0,5-GW avg pts 0.00; mins 0; xGI 0.00; current GWs 2; fixture Elo diff +41,False,False,False,False,False,False,False,False,False,False,False,False,False,False,False,False,False,False,False,False,False,False,False,False,False,False,False,False,False,False,False,False
ca9f902dba0a551f7010f2afceb6fbc5a1e10681,629397,192,Kai,Andrews,Andrews,9,Coventry City,COV,Midfielder,u,True,4.5,0.6,0.0,0.0,0.0,0.0,0.0,0.0,0.0,excluded,0.0,0.4,2,0,1,0.0,0.0,0.0,Excluded in squad.json; projection forced to zero,False,False,False,False,False,False,False,False,False,False,False,False,False,False,False,False,False,False,False,False,False,False,False,False,False,False,False,False,False,False,False,False
ca9f902dba0a551f7010f2afceb6fbc5a1e10681,647681,363,Giovanni,Leoni,Leoni,14,Liverpool,LIV,Defender,i,False,4.0,0.0,0.0,0.0,0.0,0.0,0.0,0.0,0.0,high,0.85,1.0,2,0,1,0.0,0.0,0.0,5-GW avg pts 0.00; mins 0; xGI 0.00; current GWs 2; fixture Elo diff +79,False,False,False,False,False,False,False,False,False,False,False,False,False,False,False,False,False,False,False,False,False,False,False,False,False,False,False,False,False,False,False,False
ca9f902dba0a551f7010f2afceb6fbc5a1e10681,660392,225,Christantus,Uche,Uche,31,Crystal Palace,CRY,Forward,u,True,5.0,0.0,0.0,0.0,0.0,0.0,0.0,0.0,0.0,excluded,0.0,1.0,2,0,1,0.0,0.0,0.0,Excluded in squad.json; projection forced to zero,False,False,False,False,False,False,False,False,False,False,False,False,False,False,False,False,False,False,False,False,False,False,False,False,False,False,False,False,False,False,False,False
ca9f902dba0a551f7010f2afceb6fbc5a1e10681,661800,284,Cathal,McCarthy,McCarthy,88,Hull City,HUL,Defender,a,True,4.0,0.1,0.0,0.0,0.0,0.0,0.0,0.0,0.0,excluded,0.0,0.4,2,0,1,0.0,0.0,0.0,Excluded in squad.json; projection forced to zero,False,False,False,False,False,False,False,False,False,False,False,False,False,False,False,False,False,False,False,False,False,False,False,False,False,False,False,False,False,False,False,False
ca9f902dba0a551f7010f2afceb6fbc5a1e10681,690838,582,Brian,Madjo,Madjo,7,Aston Villa,AVL,Forward,i,False,5.5,0.4,0.0,0.0,0.0,0.0,0.0,0.0,0.0,low,0.17,0.2,1,0,1,0.0,0.0,0.0,5-GW avg pts 0.00; mins 0; xGI 0.00; current GWs 1; fixture Elo diff +133,False,False,False,False,False,False,False,False,False,False,False,False,False,False,False,False,False,False,False,False,False,False,False,False,False,False,False,False,False,False,False,False
