data_commit_sha,player_code,player_id,first_name,second_name,web_name,team_code,team,team_short_name,position,status,excluded,now_cost,selected_by_percent,GW4_predicted_points,GW5_predicted_points,GW6_predicted_points,GW7_predicted_points,GW8_predicted_points,weighted_score,predicted_value,confidence,confidence_score,data_coverage,current_season_matches,cold_start,promoted_elo_fallback,baseline,baseline_rolling_points,baseline_ep_next,drivers,recommended_squad,current_squad,GW4_lineup,GW4_captain,GW4_vice_captain,current_GW4_lineup,current_GW4_captain,current_GW4_vice_captain,GW5_lineup,GW5_captain,GW5_vice_captain,current_GW5_lineup,current_GW5_captain,current_GW5_vice_captain,GW6_lineup,GW6_captain,GW6_vice_captain,current_GW6_lineup,current_GW6_captain,current_GW6_vice_captain,GW7_lineup,GW7_captain,GW7_vice_captain,current_GW7_lineup,current_GW7_captain,current_GW7_vice_captain,GW8_lineup,GW8_captain,GW8_vice_captain,current_GW8_lineup,current_GW8_captain,current_GW8_vice_captain
e270eb346be33f8ee53a97a0631626a6af55428c,141746,426,Bruno,Borges Fernandes,B.Fernandes,1,Man Utd,MUN,Midfielder,a,False,12.0,48.2,5.0429,6.373,6.9504,6.373,5.6677,24.2006,2.0167,high,1.0,1.0,3,0,0,10.0,10.0,9.0,5-GW avg pts 10.00; mins 90; xGI 0.88; current GWs 3; fixture Elo diff +69,True,True,True,False,True,True,False,True,True,True,False,True,True,False,True,True,False,True,True,False,True,True,False,True,True,False,True,True,False,True,True,False
e270eb346be33f8ee53a97a0631626a6af55428c,475168,165,João Pedro,Junqueira de Jesus,João Pedro,8,Chelsea,CHE,Forward,a,False,7.7,71.8,5.761,5.4109,4.8729,5.174,5.5046,21.4537,2.7862,high,0.85,1.0,2,0,1,4.6,4.6,10.0,5-GW avg pts 4.60; mins 72; xGI 0.55; current GWs 2; fixture Elo diff +40,True,True,True,True,False,True,True,False,True,False,True,True,False,True,True,False,False,True,False,False,True,False,True,True,False,True,True,False,True,True,False,True
e270eb346be33f8ee53a97a0631626a6af55428c,223094,411,Erling,Haaland,Haaland,43,Man City,MCI,Forward,a,False,15.5,71.1,4.6416,6.2585,4.6416,6.0989,4.6409,21.0413,1.3575,high,0.85,1.0,3,0,1,6.6,6.6,8.0,5-GW avg pts 6.60; mins 72; xGI 0.74; current GWs 3; fixture Elo diff +141,False,False,False,False,False,False,False,False,False,False,False,False,False,False,False,False,False,False,False,False,False,False,False,False,False,False,False,False,False,False,False,False
e270eb346be33f8ee53a97a0631626a6af55428c,502500,106,Igor Thiago,Nascimento Rodrigues,Thiago,94,Brentford,BRE,Forward,a,False,8.0,12.9,4.5234,5.2362,4.0098,4.0975,5.4587,18.5873,2.3234,high,0.85,1.0,3,0,1,1.6,1.6,1.3,5-GW avg pts 1.60; mins 88; xGI 0.52; current GWs 3; fixture Elo diff -3,True,True,True,False,False,True,False,False,True,False,False,True,False,False,True,False,False,True,False,False,True,False,False,True,False,False,True,False,False,True,False,False
e270eb346be33f8ee53a97a0631626a6af55428c,424876,368,Dominik,Szoboszlai,Szoboszlai,14,Liverpool,LIV,Midfielder,a,False,7.0,40.1,5.0015,4.1835,3.9721,4.799,5.0319,18.3227,2.6175,high,1.0,1.0,3,0,0,5.2,5.2,5.0,5-GW avg pts 5.20; mins 90; xGI 0.59; current GWs 3; fixture Elo diff +44,True,True,True,False,False,True,False,False,False,False,False,True,False,False,False,False,False,True,False,False,True,False,False,True,False,False,True,False,False,True,False,False
e270eb346be33f8ee53a97a0631626a6af55428c,244850,40,Morgan,Rogers,Rogers,8,Chelsea,CHE,Midfielder,a,False,7.5,25.6,4.8981,4.434,4.3193,4.434,4.605,18.2109,2.4281,high,0.85,1.0,2,0,1,5.4,5.4,6.5,5-GW avg pts 5.40; mins 70; xGI 0.54; current GWs 2; fixture Elo diff +40,True,False,True,False,False,False,False,False,True,False,False,False,False,False,True,False,False,False,False,False,True,False,False,False,False,False,True,False,False,False,False,False
e270eb346be33f8ee53a97a0631626a6af55428c,446008,427,Bryan,Mbeumo,Mbeumo,1,Man Utd,MUN,Midfielder,a,False,7.9,26.3,3.742,4.6699,4.8752,4.6699,4.4187,17.7652,2.2488,high,1.0,1.0,3,0,0,7.4,7.4,7.0,5-GW avg pts 7.40; mins 84; xGI 1.26; current GWs 3; fixture Elo diff +69,True,True,True,False,False,True,False,False,True,False,False,True,False,False,True,False,True,True,False,True,True,False,False,True,False,False,True,False,False,True,False,False
e270eb346be33f8ee53a97a0631626a6af55428c,219168,379,Alexander,Isak,Isak,14,Liverpool,LIV,Forward,a,False,9.0,17.9,4.7411,4.0114,3.8915,4.3193,4.8359,17.3896,1.9322,high,1.0,1.0,3,0,0,4.6,4.6,7.7,5-GW avg pts 4.60; mins 49; xGI 0.47; current GWs 3; fixture Elo diff +44,False,False,False,False,False,False,False,False,False,False,False,False,False,False,False,False,False,False,False,False,False,False,False,False,False,False,False,False,False,False,False,False
e270eb346be33f8ee53a97a0631626a6af55428c,244851,154,Cole,Palmer,Palmer,8,Chelsea,CHE,Midfielder,a,False,9.6,20.3,4.3713,4.2794,4.0301,4.2794,4.4647,17.1211,1.7834,high,0.85,1.0,2,0,1,6.4,6.4,10.0,5-GW avg pts 6.40; mins 88; xGI 0.37; current GWs 2; fixture Elo diff +40,False,False,False,False,False,False,False,False,False,False,False,False,False,False,False,False,False,False,False,False,False,False,False,False,False,False,False,False,False,False,False,False
e270eb346be33f8ee53a97a0631626a6af55428c,437730,397,Antoine,Semenyo,Semenyo,43,Man City,MCI,Midfielder,a,False,8.4,18.9,3.9131,4.6506,3.9131,4.8007,3.925,16.9446,2.0172,high,0.85,1.0,3,0,1,4.0,4.0,4.3,5-GW avg pts 4.00; mins 76; xGI 0.27; current GWs 3; fixture Elo diff +141,False,False,False,False,False,False,False,False,False,False,False,False,False,False,False,False,False,False,False,False,False,False,False,False,False,False,False,False,False,False,False,False
e270eb346be33f8ee53a97a0631626a6af55428c,586309,249,Thierno,Barry,Barry,11,Everton,EVE,Forward,a,False,5.6,5.2,4.3595,4.6148,4.6526,4.436,2.4162,16.7898,2.9982,high,0.85,1.0,3,0,1,3.0,3.0,4.0,5-GW avg pts 3.00; mins 67; xGI 0.49; current GWs 3; fixture Elo diff +2,True,False,True,False,False,False,False,False,True,False,False,False,False,False,True,False,False,False,False,False,True,False,False,False,False,False,False,False,False,False,False,False
e270eb346be33f8ee53a97a0631626a6af55428c,551466,569,Gonzalo,García,Gonzalo,54,Fulham,FUL,Forward,a,False,6.0,4.5,3.2996,3.4456,4.7475,4.8886,4.7475,16.4691,2.7449,medium,0.51,0.6,3,0,1,3.3333,3.3333,3.3,5-GW avg pts 3.33; mins 90; xGI 0.55; current GWs 3; fixture Elo diff +48,False,False,False,False,False,False,False,False,False,False,False,False,False,False,False,False,False,False,False,False,False,False,False,False,False,False,False,False,False,False,False,False
e270eb346be33f8ee53a97a0631626a6af55428c,222531,480,Morgan,Gibbs-White,Gibbs-White,17,Nott'm Forest,NFO,Midfielder,a,False,7.9,9.3,3.5676,4.8005,4.4287,2.8069,4.5939,16.1522,2.0446,high,0.85,1.0,3,0,1,6.8,6.8,6.0,5-GW avg pts 6.80; mins 90; xGI 0.59; current GWs 3; fixture Elo diff -2,True,False,False,False,False,False,False,False,True,False,False,False,False,False,True,False,False,False,False,False,False,False,False,False,False,False,True,False,False,False,False,False
e270eb346be33f8ee53a97a0631626a6af55428c,219847,26,Kai,Havertz,Havertz,3,Arsenal,ARS,Forward,a,False,7.5,6.8,4.0116,3.842,3.9024,3.8082,3.9024,15.5984,2.0798,high,1.0,1.0,2,0,0,4.2,4.2,4.0,5-GW avg pts 4.20; mins 64; xGI 0.33; current GWs 2; fixture Elo diff +264,False,False,False,False,False,False,False,False,False,False,False,False,False,False,False,False,False,False,False,False,False,False,False,False,False,False,False,False,False,False,False,False
e270eb346be33f8ee53a97a0631626a6af55428c,215379,481,Elliot,Anderson,Anderson,43,Man City,MCI,Midfielder,a,False,6.4,4.9,3.4857,4.3085,3.4857,4.7494,3.4857,15.568,2.4325,high,0.85,1.0,3,0,1,4.4,4.4,2.7,5-GW avg pts 4.40; mins 77; xGI 0.36; current GWs 3; fixture Elo diff +141,False,False,False,False,False,False,False,False,False,False,False,False,False,False,False,False,False,False,False,False,False,False,False,False,False,False,False,False,False,False,False,False
e270eb346be33f8ee53a97a0631626a6af55428c,570794,588,Anan,Khalaili,Khalaili,31,Crystal Palace,CRY,Defender,a,False,5.0,0.1,4.3381,3.6895,3.8118,3.6342,3.8118,15.5391,3.1078,medium,0.51,0.6,3,0,1,2.0,2.0,2.0,5-GW avg pts 2.00; mins 66; xGI 0.30; current GWs 3; fixture Elo diff +11,True,False,True,False,False,False,False,False,True,False,False,False,False,False,True,False,False,False,False,False,False,False,False,False,False,False,True,False,False,False,False,False
e270eb346be33f8ee53a97a0631626a6af55428c,215413,236,Kiernan,Dewsbury-Hall,Dewsbury-Hall,11,Everton,EVE,Midfielder,a,False,6.5,4.4,3.9294,4.4616,4.1615,4.135,2.1237,15.4428,2.3758,high,0.85,1.0,3,0,1,3.8,3.8,5.0,5-GW avg pts 3.80; mins 89; xGI 0.27; current GWs 3; fixture Elo diff +2,False,False,False,False,False,False,False,False,False,False,False,False,False,False,False,False,False,False,False,False,False,False,False,False,False,False,False,False,False,False,False,False
e270eb346be33f8ee53a97a0631626a6af55428c,243298,367,Cody,Gakpo,Gakpo,14,Liverpool,LIV,Midfielder,a,False,7.1,11.0,4.359,3.6313,3.0711,3.9712,4.2875,15.4364,2.1741,high,1.0,1.0,3,0,0,6.4,6.4,9.3,5-GW avg pts 6.40; mins 83; xGI 0.47; current GWs 3; fixture Elo diff +44,False,False,False,False,False,False,False,False,False,False,False,False,False,False,False,False,False,False,False,False,False,False,False,False,False,False,False,False,False,False,False,False
e270eb346be33f8ee53a97a0631626a6af55428c,201658,68,Marcus,Tavernier,Tavernier,91,Bournemouth,BOU,Midfielder,a,False,6.0,2.7,3.9851,3.5843,3.8971,4.1207,3.4898,15.3071,2.5512,high,1.0,1.0,3,0,0,6.6,6.6,7.0,5-GW avg pts 6.60; mins 90; xGI 0.55; current GWs 3; fixture Elo diff +26,False,False,False,False,False,False,False,False,False,False,False,False,False,False,False,False,False,False,False,False,False,False,False,False,False,False,False,False,False,False,False,False
e270eb346be33f8ee53a97a0631626a6af55428c,223340,12,Bukayo,Saka,Saka,3,Arsenal,ARS,Midfielder,a,False,9.5,11.2,3.6426,3.5276,4.1895,3.5372,4.1895,15.1588,1.5957,high,1.0,1.0,2,0,0,6.4,6.4,10.0,5-GW avg pts 6.40; mins 65; xGI 0.43; current GWs 2; fixture Elo diff +264,False,True,False,False,False,True,False,False,False,False,False,True,False,False,False,False,False,True,False,False,False,False,False,True,False,False,False,False,False,True,False,False
e270eb346be33f8ee53a97a0631626a6af55428c,494595,366,Florian,Wirtz,Wirtz,14,Liverpool,LIV,Midfielder,a,False,7.4,9.1,4.1089,3.6518,3.0476,3.9915,4.1069,15.0917,2.0394,high,1.0,1.0,3,0,0,2.2,2.2,3.0,5-GW avg pts 2.20; mins 57; xGI 0.34; current GWs 3; fixture Elo diff +44,False,False,False,False,False,False,False,False,False,False,False,False,False,False,False,False,False,False,False,False,False,False,False,False,False,False,False,False,False,False,False,False
e270eb346be33f8ee53a97a0631626a6af55428c,17761,229,James,Tarkowski,Tarkowski,11,Everton,EVE,Defender,a,False,6.0,11.0,3.862,4.3021,4.3696,3.7926,1.9958,15.0819,2.5137,high,0.85,1.0,3,0,1,5.4,5.4,7.0,5-GW avg pts 5.40; mins 90; xGI 0.07; current GWs 3; fixture Elo diff +2,True,False,True,False,False,False,False,False,True,False,False,False,False,False,True,False,False,False,False,False,True,False,False,False,False,False,False,False,False,False,False,False
e270eb346be33f8ee53a97a0631626a6af55428c,60307,124,Pascal,Groß,Groß,36,Brighton,BHA,Midfielder,a,False,5.5,16.0,4.4054,2.6558,4.0362,4.0005,2.985,14.6159,2.6574,high,0.85,1.0,3,0,1,4.2,4.2,5.3,5-GW avg pts 4.20; mins 90; xGI 0.41; current GWs 3; fixture Elo diff +6,False,False,False,False,False,False,False,False,False,False,False,False,False,False,False,False,False,False,False,False,False,False,False,False,False,False,False,False,False,False,False,False
e270eb346be33f8ee53a97a0631626a6af55428c,483067,566,António João,Pereira de Albuquerque Tavares da Silva,Silva,91,Bournemouth,BOU,Defender,a,False,5.0,0.4,3.7273,3.3738,3.689,4.0727,3.2507,14.5163,2.9033,medium,0.6,0.6,3,0,0,2.3333,2.3333,2.3,5-GW avg pts 2.33; mins 90; xGI 0.10; current GWs 3; fixture Elo diff +26,False,False,False,False,False,False,False,False,False,False,False,False,False,False,False,False,False,False,False,False,False,False,False,False,False,False,False,False,False,False,False,False
e270eb346be33f8ee53a97a0631626a6af55428c,496221,210,Adam,Wharton,Wharton,31,Crystal Palace,CRY,Midfielder,a,False,5.5,0.9,3.7897,3.5341,3.6126,3.4934,3.6126,14.4735,2.6315,high,0.85,1.0,3,0,1,4.0,4.0,2.7,5-GW avg pts 4.00; mins 75; xGI 0.12; current GWs 3; fixture Elo diff +11,False,False,False,False,False,False,False,False,False,False,False,False,False,False,False,False,False,False,False,False,False,False,False,False,False,False,False,False,False,False,False,False
e270eb346be33f8ee53a97a0631626a6af55428c,166477,258,Timothy,Castagne,Castagne,54,Fulham,FUL,Defender,a,False,4.5,0.9,2.4375,2.7752,4.3215,4.9484,4.3215,14.4491,3.2109,high,0.85,1.0,3,0,1,5.2,5.2,4.3,5-GW avg pts 5.20; mins 85; xGI 0.30; current GWs 3; fixture Elo diff +48,True,False,False,False,False,False,False,False,False,False,False,False,False,False,True,False,False,False,False,False,True,False,False,False,False,False,True,False,False,False,False,False
e270eb346be33f8ee53a97a0631626a6af55428c,430871,428,Matheus,Santos Carneiro da Cunha,Cunha,1,Man Utd,MUN,Midfielder,a,False,7.9,7.6,3.3566,3.5376,3.9144,3.5376,3.7274,14.3848,1.8209,high,1.0,1.0,3,0,0,4.6,4.6,4.7,5-GW avg pts 4.60; mins 61; xGI 0.34; current GWs 3; fixture Elo diff +69,False,False,False,False,False,False,False,False,False,False,False,False,False,False,False,False,False,False,False,False,False,False,False,False,False,False,False,False,False,False,False,False
e270eb346be33f8ee53a97a0631626a6af55428c,488024,211,Yéremy,Pino Santos,Yeremy,31,Crystal Palace,CRY,Midfielder,a,False,5.5,0.3,3.8609,3.3424,3.5279,3.2851,3.5279,14.1078,2.5651,high,0.85,1.0,3,0,1,3.2,3.2,3.7,5-GW avg pts 3.20; mins 56; xGI 0.28; current GWs 3; fixture Elo diff +11,False,False,False,False,False,False,False,False,False,False,False,False,False,False,False,False,False,False,False,False,False,False,False,False,False,False,False,False,False,False,False,False
e270eb346be33f8ee53a97a0631626a6af55428c,227444,471,Nikola,Milenković,Milenković,17,Nott'm Forest,NFO,Defender,a,False,5.5,1.6,2.7833,4.362,3.6454,2.5146,4.418,14.0364,2.5521,high,0.85,1.0,3,0,1,3.4,3.4,4.0,5-GW avg pts 3.40; mins 90; xGI 0.08; current GWs 3; fixture Elo diff -2,True,False,False,False,False,False,False,False,True,False,False,False,False,False,False,False,False,False,False,False,False,False,False,False,False,False,True,False,False,False,False,False
e270eb346be33f8ee53a97a0631626a6af55428c,577725,268,Josh,King,King,54,Fulham,FUL,Midfielder,a,False,5.5,0.9,2.8008,3.0,3.96,4.2665,3.96,14.0314,2.5512,high,0.85,1.0,3,0,1,4.2,4.2,6.3,5-GW avg pts 4.20; mins 62; xGI 0.28; current GWs 3; fixture Elo diff +48,False,False,False,False,False,False,False,False,False,False,False,False,False,False,False,False,False,False,False,False,False,False,False,False,False,False,False,False,False,False,False,False
e270eb346be33f8ee53a97a0631626a6af55428c,216646,464,Yoane,Wissa,Wissa,4,Newcastle,NEW,Forward,a,False,6.2,16.2,3.4881,3.7573,3.7146,2.9567,3.4881,14.0039,2.2587,high,0.85,1.0,3,0,1,2.8,2.8,4.3,5-GW avg pts 2.80; mins 58; xGI 0.28; current GWs 3; fixture Elo diff +67,False,False,False,False,False,False,False,False,False,False,False,False,False,False,False,False,False,False,False,False,False,False,False,False,False,False,False,False,False,False,False,False
e270eb346be33f8ee53a97a0631626a6af55428c,465730,115,Maxim,De Cuyper,De Cuyper,36,Brighton,BHA,Defender,a,False,4.7,18.2,4.004,2.8816,3.5975,3.8154,3.0883,13.9993,2.9786,high,0.85,1.0,3,0,1,4.6,4.6,7.0,5-GW avg pts 4.60; mins 76; xGI 0.54; current GWs 3; fixture Elo diff +6,True,False,True,False,False,False,False,False,False,False,False,False,False,False,False,False,False,False,False,False,True,False,False,False,False,False,False,False,False,False,False,False
e270eb346be33f8ee53a97a0631626a6af55428c,466075,8,Riccardo,Calafiori,Calafiori,3,Arsenal,ARS,Defender,a,False,5.7,46.4,3.6767,3.2422,3.5711,3.3138,3.5711,13.9138,2.441,high,1.0,1.0,2,0,0,6.0,6.0,10.0,5-GW avg pts 6.00; mins 66; xGI 0.23; current GWs 2; fixture Elo diff +264,False,False,False,False,False,False,False,False,False,False,False,False,False,False,False,False,False,False,False,False,False,False,False,False,False,False,False,False,False,False,False,False
e270eb346be33f8ee53a97a0631626a6af55428c,513545,565,Mamadou,Sangaré,M.Sangaré,94,Brentford,BRE,Midfielder,a,False,5.7,15.0,2.9867,3.8042,2.9313,3.4154,4.5505,13.8767,2.4345,medium,0.51,0.6,3,0,1,6.0,6.0,6.0,5-GW avg pts 6.00; mins 70; xGI 0.26; current GWs 3; fixture Elo diff -3,False,False,False,False,False,False,False,False,False,False,False,False,False,False,False,False,False,False,False,False,False,False,False,False,False,False,False,False,False,False,False,False
e270eb346be33f8ee53a97a0631626a6af55428c,463981,60,James,Hill,Hill,91,Bournemouth,BOU,Defender,a,False,5.5,0.8,3.5579,3.2942,3.4978,3.795,3.1494,13.867,2.5213,high,1.0,1.0,3,0,0,2.0,2.0,2.0,5-GW avg pts 2.00; mins 90; xGI 0.17; current GWs 3; fixture Elo diff +26,False,False,False,False,False,False,False,False,False,False,False,False,False,False,False,False,False,False,False,False,False,False,False,False,False,False,False,False,False,False,False,False
e270eb346be33f8ee53a97a0631626a6af55428c,463726,593,Amar,Dedic,Dedić,4,Newcastle,NEW,Defender,a,False,4.5,3.5,3.1581,4.2132,3.8182,2.7825,3.1581,13.8472,3.0771,medium,0.51,0.6,3,0,1,4.3333,4.3333,4.3,5-GW avg pts 4.33; mins 90; xGI 0.07; current GWs 3; fixture Elo diff +67,False,False,False,False,False,False,False,False,False,False,False,False,False,False,False,False,False,False,False,False,False,False,False,False,False,False,False,False,False,False,False,False
e270eb346be33f8ee53a97a0631626a6af55428c,437499,200,Maxence,Lacroix,Lacroix,8,Chelsea,CHE,Defender,a,False,6.0,8.2,3.7366,3.3871,3.1536,3.3871,3.5728,13.8226,2.3038,high,0.85,1.0,2,0,1,2.6,2.6,3.5,5-GW avg pts 2.60; mins 84; xGI 0.07; current GWs 2; fixture Elo diff +40,False,False,False,False,False,False,False,False,False,False,False,False,False,False,False,False,False,False,False,False,False,False,False,False,False,False,False,False,False,False,False,False
e270eb346be33f8ee53a97a0631626a6af55428c,513418,94,Kevin,Schade,Schade,94,Brentford,BRE,Midfielder,a,False,6.0,4.2,3.446,3.9799,2.8644,3.0082,3.973,13.809,2.3015,high,0.85,1.0,3,0,1,4.6,4.6,5.0,5-GW avg pts 4.60; mins 77; xGI 0.42; current GWs 3; fixture Elo diff -3,False,False,False,False,False,False,False,False,False,False,False,False,False,False,False,False,False,False,False,False,False,False,False,False,False,False,False,False,False,False,False,False
e270eb346be33f8ee53a97a0631626a6af55428c,480455,230,Jarrad,Branthwaite,Branthwaite,11,Everton,EVE,Defender,a,False,5.5,1.8,3.5557,3.6681,3.7894,3.7094,2.0356,13.7064,2.4921,high,0.85,1.0,3,0,1,2.6,2.6,4.3,5-GW avg pts 2.60; mins 54; xGI 0.04; current GWs 3; fixture Elo diff +2,False,False,False,False,False,False,False,False,False,False,False,False,False,False,False,False,False,False,False,False,False,False,False,False,False,False,False,False,False,False,False,False
e270eb346be33f8ee53a97a0631626a6af55428c,514254,127,Diego,Gómez Amarilla,Gomez,36,Brighton,BHA,Midfielder,a,False,5.0,5.0,3.9966,2.6142,3.7642,3.7477,2.8589,13.6995,2.7399,high,0.85,1.0,3,0,1,3.0,3.0,4.3,5-GW avg pts 3.00; mins 70; xGI 0.46; current GWs 3; fixture Elo diff +6,False,False,False,False,False,False,False,False,False,False,False,False,False,False,False,False,False,False,False,False,False,False,False,False,False,False,False,False,False,False,False,False
e270eb346be33f8ee53a97a0631626a6af55428c,111234,226,Jordan,Pickford,Pickford,11,Everton,EVE,Goalkeeper,a,False,5.5,8.7,3.2603,3.9879,4.0419,3.4055,2.0146,13.6756,2.4865,high,0.85,1.0,3,0,1,2.8,2.8,3.7,5-GW avg pts 2.80; mins 90; xGI 0.01; current GWs 3; fixture Elo diff +2,True,False,True,False,False,False,False,False,True,False,False,False,False,False,True,False,False,False,False,False,False,False,False,False,False,False,False,False,False,False,False,False
e270eb346be33f8ee53a97a0631626a6af55428c,444102,79,Francisco Evanilson,de Lima Barbosa,Evanilson,91,Bournemouth,BOU,Forward,a,False,6.0,3.3,3.5883,3.1593,3.4968,3.656,3.0613,13.625,2.2708,high,1.0,1.0,3,0,0,3.0,3.0,3.7,5-GW avg pts 3.00; mins 81; xGI 0.36; current GWs 3; fixture Elo diff +26,False,False,False,False,False,False,False,False,False,False,False,False,False,False,False,False,False,False,False,False,False,False,False,False,False,False,False,False,False,False,False,False
e270eb346be33f8ee53a97a0631626a6af55428c,440993,237,Iliman,Ndiaye,Ndiaye,43,Man City,MCI,Midfielder,a,False,5.9,11.0,2.9562,3.6381,2.9562,4.6186,2.9555,13.6018,2.3054,high,0.85,1.0,3,0,1,4.0,4.0,5.3,5-GW avg pts 4.00; mins 89; xGI 0.17; current GWs 3; fixture Elo diff +141,False,False,False,False,False,False,False,False,False,False,False,False,False,False,False,False,False,False,False,False,False,False,False,False,False,False,False,False,False,False,False,False
e270eb346be33f8ee53a97a0631626a6af55428c,209244,398,Phil,Foden,Foden,43,Man City,MCI,Midfielder,a,False,7.0,5.4,3.2817,3.5382,3.2817,3.6266,3.2817,13.5992,1.9427,high,0.85,1.0,3,0,1,2.8,2.8,3.7,5-GW avg pts 2.80; mins 64; xGI 0.52; current GWs 3; fixture Elo diff +141,False,False,False,False,False,False,False,False,False,False,False,False,False,False,False,False,False,False,False,False,False,False,False,False,False,False,False,False,False,False,False,False
e270eb346be33f8ee53a97a0631626a6af55428c,209400,214,Daichi,Kamada,Kamada,31,Crystal Palace,CRY,Midfielder,a,False,5.0,0.3,3.8664,3.2352,3.2564,3.2204,3.2564,13.5913,2.7183,high,0.85,1.0,3,0,1,3.0,3.0,3.3,5-GW avg pts 3.00; mins 81; xGI 0.14; current GWs 3; fixture Elo diff +11,False,False,False,False,False,False,False,False,False,False,False,False,False,False,False,False,False,False,False,False,False,False,False,False,False,False,False,False,False,False,False,False
e270eb346be33f8ee53a97a0631626a6af55428c,226597,4,Gabriel,dos Santos Magalhães,Gabriel,3,Arsenal,ARS,Defender,a,False,8.0,25.4,3.4707,3.2418,3.5158,3.2418,3.5158,13.5796,1.6975,high,1.0,1.0,2,0,0,6.2,6.2,6.5,5-GW avg pts 6.20; mins 81; xGI 0.11; current GWs 2; fixture Elo diff +264,False,False,False,False,False,False,False,False,False,False,False,False,False,False,False,False,False,False,False,False,False,False,False,False,False,False,False,False,False,False,False,False
e270eb346be33f8ee53a97a0631626a6af55428c,122806,45,John,McGinn,McGinn,7,Aston Villa,AVL,Midfielder,a,False,5.4,2.4,3.5073,3.5933,3.5073,3.4722,2.6587,13.5729,2.5135,high,1.0,1.0,3,0,0,2.4,2.4,1.7,5-GW avg pts 2.40; mins 71; xGI 0.19; current GWs 3; fixture Elo diff +72,False,False,False,False,False,False,False,False,False,False,False,False,False,False,False,False,False,False,False,False,False,False,False,False,False,False,False,False,False,False,False,False
e270eb346be33f8ee53a97a0631626a6af55428c,249231,86,Keane,Lewis-Potter,Lewis-Potter,94,Brentford,BRE,Midfielder,a,False,5.5,2.2,3.3496,3.9039,2.768,2.9777,3.9913,13.5567,2.4649,high,0.85,1.0,3,0,1,4.8,4.8,6.0,5-GW avg pts 4.80; mins 89; xGI 0.40; current GWs 3; fixture Elo diff -3,False,False,False,False,False,False,False,False,False,False,False,False,False,False,False,False,False,False,False,False,False,False,False,False,False,False,False,False,False,False,False,False
e270eb346be33f8ee53a97a0631626a6af55428c,209036,388,Marc,Guéhi,Guéhi,43,Man City,MCI,Defender,a,False,6.0,18.7,2.9206,3.8784,2.9206,4.1724,2.9324,13.4277,2.2379,high,0.85,1.0,3,0,1,4.4,4.4,6.7,5-GW avg pts 4.40; mins 72; xGI 0.25; current GWs 3; fixture Elo diff +141,False,False,False,False,False,False,False,False,False,False,False,False,False,False,False,False,False,False,False,False,False,False,False,False,False,False,False,False,False,False,False,False
e270eb346be33f8ee53a97a0631626a6af55428c,172649,198,Dean,Henderson,Henderson,31,Crystal Palace,CRY,Goalkeeper,a,False,5.0,1.9,3.7764,3.204,3.2253,3.1633,3.2253,13.3896,2.6779,high,0.85,1.0,3,0,1,1.4,1.4,1.7,5-GW avg pts 1.40; mins 90; xGI 0.00; current GWs 3; fixture Elo diff +11,False,False,False,False,False,False,False,False,False,False,False,False,False,False,False,False,False,False,False,False,False,False,False,False,False,False,False,False,False,False,False,False
e270eb346be33f8ee53a97a0631626a6af55428c,494521,61,Adrien,Truffert,Truffert,91,Bournemouth,BOU,Defender,a,False,5.5,3.7,3.5268,3.1996,3.3653,3.5596,2.9534,13.3623,2.4295,high,1.0,1.0,3,0,0,3.0,3.0,1.7,5-GW avg pts 3.00; mins 90; xGI 0.09; current GWs 3; fixture Elo diff +26,False,False,False,False,False,False,False,False,False,False,False,False,False,False,False,False,False,False,False,False,False,False,False,False,False,False,False,False,False,False,False,False
e270eb346be33f8ee53a97a0631626a6af55428c,171314,390,Rúben,dos Santos Gato Alves Dias,Rúben,43,Man City,MCI,Defender,a,False,5.5,1.8,3.1043,3.6374,3.1043,3.9673,2.8639,13.3569,2.4285,high,0.85,1.0,3,0,1,2.2,2.2,3.3,5-GW avg pts 2.20; mins 72; xGI 0.17; current GWs 3; fixture Elo diff +141,False,False,False,False,False,False,False,False,False,False,False,False,False,False,False,False,False,False,False,False,False,False,False,False,False,False,False,False,False,False,False,False
e270eb346be33f8ee53a97a0631626a6af55428c,651426,203,Jaydee,Canvot,Canvot,31,Crystal Palace,CRY,Defender,a,False,4.9,0.3,3.4973,3.2613,3.3031,3.2206,3.3031,13.3112,2.7166,high,0.85,1.0,3,0,1,1.0,1.0,0.7,5-GW avg pts 1.00; mins 72; xGI 0.01; current GWs 3; fixture Elo diff +11,False,False,False,False,False,False,False,False,False,False,False,False,False,False,False,False,False,False,False,False,False,False,False,False,False,False,False,False,False,False,False,False
e270eb346be33f8ee53a97a0631626a6af55428c,427623,202,Chris,Richards,Richards,31,Crystal Palace,CRY,Defender,a,False,5.0,0.7,3.4146,3.2885,3.3303,3.2459,3.3303,13.3087,2.6617,high,0.85,1.0,3,0,1,0.8,0.8,1.3,5-GW avg pts 0.80; mins 60; xGI 0.02; current GWs 3; fixture Elo diff +11,False,False,False,False,False,False,False,False,False,False,False,False,False,False,False,False,False,False,False,False,False,False,False,False,False,False,False,False,False,False,False,False
e270eb346be33f8ee53a97a0631626a6af55428c,487838,449,Lewis,Hall,Hall,4,Newcastle,NEW,Defender,a,False,5.1,10.5,3.0418,3.9608,3.7099,2.6892,3.0418,13.282,2.6043,high,0.85,1.0,3,0,1,4.0,4.0,6.0,5-GW avg pts 4.00; mins 90; xGI 0.20; current GWs 3; fixture Elo diff +67,False,False,False,False,False,False,False,False,False,False,False,False,False,False,False,False,False,False,False,False,False,False,False,False,False,False,False,False,False,False,False,False
e270eb346be33f8ee53a97a0631626a6af55428c,166989,43,Youri,Tielemans,Tielemans,1,Man Utd,MUN,Midfielder,a,False,5.9,1.9,3.0209,3.3945,3.5523,3.3945,3.312,13.2812,2.251,high,1.0,1.0,3,0,0,2.2,2.2,2.7,5-GW avg pts 2.20; mins 70; xGI 0.24; current GWs 3; fixture Elo diff +69,False,False,False,False,False,False,False,False,False,False,False,False,False,False,False,False,False,False,False,False,False,False,False,False,False,False,False,False,False,False,False,False
e270eb346be33f8ee53a97a0631626a6af55428c,153133,261,Alex,Iwobi,Iwobi,54,Fulham,FUL,Midfielder,a,False,5.5,0.8,2.6798,2.9256,3.6529,4.0061,3.6529,13.2312,2.4057,high,0.85,1.0,3,0,1,2.2,2.2,2.0,5-GW avg pts 2.20; mins 84; xGI 0.31; current GWs 3; fixture Elo diff +48,False,False,False,False,False,False,False,False,False,False,False,False,False,False,False,False,False,False,False,False,False,False,False,False,False,False,False,False,False,False,False,False
e270eb346be33f8ee53a97a0631626a6af55428c,469142,112,Jan Paul,van Hecke,Van Hecke,6,Spurs,TOT,Defender,a,False,4.9,7.2,3.5928,2.9747,2.821,3.9476,3.1564,13.184,2.6906,high,0.85,1.0,3,0,1,2.6,2.6,3.3,5-GW avg pts 2.60; mins 90; xGI 0.26; current GWs 3; fixture Elo diff -50,False,False,False,False,False,False,False,False,False,False,False,False,False,False,False,False,False,False,False,False,False,False,False,False,False,False,False,False,False,False,False,False
e270eb346be33f8ee53a97a0631626a6af55428c,470551,567,Lukás,Hornícek,Horníček,4,Newcastle,NEW,Goalkeeper,a,False,5.0,1.2,3.0532,3.8671,3.7984,2.5147,3.0532,13.1646,2.6329,medium,0.51,0.6,3,0,1,3.3333,3.3333,3.3,5-GW avg pts 3.33; mins 90; xGI 0.00; current GWs 3; fixture Elo diff +67,False,False,False,False,False,False,False,False,False,False,False,False,False,False,False,False,False,False,False,False,False,False,False,False,False,False,False,False,False,False,False,False
e270eb346be33f8ee53a97a0631626a6af55428c,177815,346,Dominic,Calvert-Lewin,Calvert-Lewin,2,Leeds,LEE,Forward,a,False,6.0,25.3,3.5328,3.7448,2.3462,3.091,3.6508,13.1343,2.189,high,1.0,1.0,3,0,0,3.8,3.8,3.3,5-GW avg pts 3.80; mins 82; xGI 0.45; current GWs 3; fixture Elo diff -74,False,False,False,False,False,False,False,False,False,False,False,False,False,False,False,False,False,False,False,False,False,False,False,False,False,False,False,False,False,False,False,False
e270eb346be33f8ee53a97a0631626a6af55428c,97032,356,Virgil,van Dijk,Virgil,14,Liverpool,LIV,Defender,a,False,6.5,17.3,3.6802,2.8371,2.8042,3.4682,3.7106,13.1311,2.0202,high,1.0,1.0,3,0,0,5.0,5.0,3.0,5-GW avg pts 5.00; mins 90; xGI 0.19; current GWs 3; fixture Elo diff +44,False,True,False,False,False,True,False,False,False,False,False,True,False,False,False,False,False,True,False,False,False,False,False,True,False,False,False,False,False,True,False,False
e270eb346be33f8ee53a97a0631626a6af55428c,204936,384,Gianluigi,Donnarumma,Donnarumma,43,Man City,MCI,Goalkeeper,a,False,5.5,7.9,3.0004,3.6388,3.0004,3.9344,2.7416,13.0747,2.3772,high,0.85,1.0,3,0,1,2.2,2.2,3.3,5-GW avg pts 2.20; mins 72; xGI 0.00; current GWs 3; fixture Elo diff +141,False,False,False,False,False,False,False,False,False,False,False,False,False,False,False,False,False,False,False,False,False,False,False,False,False,False,False,False,False,False,False,False
e270eb346be33f8ee53a97a0631626a6af55428c,80201,250,Bernd,Leno,Leno,54,Fulham,FUL,Goalkeeper,a,False,4.5,3.1,2.1921,2.4753,3.9879,4.3833,3.9879,13.0713,2.9047,high,0.85,1.0,3,0,1,2.8,2.8,2.0,5-GW avg pts 2.80; mins 90; xGI 0.00; current GWs 3; fixture Elo diff +48,True,True,False,False,False,True,False,False,False,False,False,True,False,False,False,False,False,True,False,False,True,False,False,True,False,False,True,False,False,True,False,False
e270eb346be33f8ee53a97a0631626a6af55428c,466052,399,Rayan,Cherki,Cherki,43,Man City,MCI,Midfielder,a,False,7.8,30.7,2.9445,3.5879,2.9445,3.8985,2.9445,13.0248,1.6698,high,0.85,1.0,3,0,1,5.4,5.4,8.3,5-GW avg pts 5.40; mins 48; xGI 0.42; current GWs 3; fixture Elo diff +141,False,False,False,False,False,False,False,False,False,False,False,False,False,False,False,False,False,False,False,False,False,False,False,False,False,False,False,False,False,False,False,False
e270eb346be33f8ee53a97a0631626a6af55428c,466525,335,Anton,Stach,Stach,2,Leeds,LEE,Midfielder,a,False,6.0,2.9,3.7276,3.7683,1.9614,2.8481,3.7819,12.951,2.1585,high,1.0,1.0,3,0,0,4.4,4.4,6.3,5-GW avg pts 4.40; mins 69; xGI 0.16; current GWs 3; fixture Elo diff -74,False,False,False,False,False,False,False,False,False,False,False,False,False,False,False,False,False,False,False,False,False,False,False,False,False,False,False,False,False,False,False,False
e270eb346be33f8ee53a97a0631626a6af55428c,499604,67,Rayan Vitor,Simplício Rocha,Rayan,91,Bournemouth,BOU,Midfielder,a,False,6.5,2.2,3.35,3.0643,3.3179,3.4124,2.9877,12.9435,1.9913,high,1.0,1.0,3,0,0,2.2,2.2,2.0,5-GW avg pts 2.20; mins 84; xGI 0.20; current GWs 3; fixture Elo diff +26,False,False,False,False,False,False,False,False,False,False,False,False,False,False,False,False,False,False,False,False,False,False,False,False,False,False,False,False,False,False,False,False
e270eb346be33f8ee53a97a0631626a6af55428c,578153,393,Abdukodir,Khusanov,Khusanov,43,Man City,MCI,Defender,a,False,5.5,1.6,2.9506,3.6227,2.9506,3.9184,2.6918,12.9295,2.3508,high,0.85,1.0,3,0,1,2.2,2.2,3.0,5-GW avg pts 2.20; mins 72; xGI 0.18; current GWs 3; fixture Elo diff +141,False,False,False,False,False,False,False,False,False,False,False,False,False,False,False,False,False,False,False,False,False,False,False,False,False,False,False,False,False,False,False,False
e270eb346be33f8ee53a97a0631626a6af55428c,522047,334,Tarik,Muharemović,Muharemović,2,Leeds,LEE,Defender,a,False,5.0,3.3,3.4915,3.5321,2.2384,2.8161,4.1437,12.9186,2.5837,medium,0.6,0.6,3,0,0,4.6667,4.6667,4.7,5-GW avg pts 4.67; mins 90; xGI 0.04; current GWs 3; fixture Elo diff -74,False,False,False,False,False,False,False,False,False,False,False,False,False,False,False,False,False,False,False,False,False,False,False,False,False,False,False,False,False,False,False,False
e270eb346be33f8ee53a97a0631626a6af55428c,220237,447,Sven,Botman,Botman,4,Newcastle,NEW,Defender,a,False,5.0,0.7,3.0054,3.7385,3.6698,2.4708,3.0054,12.8386,2.5677,high,0.85,1.0,3,0,1,3.2,3.2,3.0,5-GW avg pts 3.20; mins 90; xGI 0.04; current GWs 3; fixture Elo diff +67,False,True,False,False,False,True,False,False,False,False,False,True,False,False,False,False,False,True,False,False,False,False,False,False,False,False,False,False,False,True,False,False
e270eb346be33f8ee53a97a0631626a6af55428c,195546,41,Emiliano,Buendía Stati,Buendía,7,Aston Villa,AVL,Midfielder,a,False,6.0,1.1,3.3272,3.3119,3.3272,3.1727,2.549,12.7199,2.12,high,1.0,1.0,3,0,0,3.0,3.0,2.3,5-GW avg pts 3.00; mins 85; xGI 0.26; current GWs 3; fixture Elo diff +72,False,False,False,False,False,False,False,False,False,False,False,False,False,False,False,False,False,False,False,False,False,False,False,False,False,False,False,False,False,False,False,False
e270eb346be33f8ee53a97a0631626a6af55428c,647850,138,Charalampos,Kostoulas,Kostoulas,36,Brighton,BHA,Forward,a,False,5.5,0.5,3.5824,2.3319,3.556,3.5969,2.7278,12.6804,2.3055,high,0.85,1.0,3,0,1,2.0,2.0,2.7,5-GW avg pts 2.00; mins 47; xGI 0.26; current GWs 3; fixture Elo diff +6,False,False,False,False,False,False,False,False,False,False,False,False,False,False,False,False,False,False,False,False,False,False,False,False,False,False,False,False,False,False,False,False
e270eb346be33f8ee53a97a0631626a6af55428c,201666,453,Harvey,Barnes,Barnes,4,Newcastle,NEW,Midfielder,a,False,6.0,1.5,3.0487,3.575,3.4906,2.5101,3.0487,12.645,2.1075,high,0.85,1.0,3,0,1,4.6,4.6,5.7,5-GW avg pts 4.60; mins 78; xGI 0.15; current GWs 3; fixture Elo diff +67,False,False,False,False,False,False,False,False,False,False,False,False,False,False,False,False,False,False,False,False,False,False,False,False,False,False,False,False,False,False,False,False
e270eb346be33f8ee53a97a0631626a6af55428c,232892,257,Calvin,Bassey,Bassey,54,Fulham,FUL,Defender,a,False,4.5,0.7,2.2723,2.5555,3.6696,4.0651,3.6696,12.5552,2.7901,high,0.85,1.0,3,0,1,2.2,2.2,1.0,5-GW avg pts 2.20; mins 90; xGI 0.02; current GWs 3; fixture Elo diff +48,False,False,False,False,False,False,False,False,False,False,False,False,False,False,False,False,False,False,False,False,False,False,False,False,False,False,False,False,False,False,False,False
e270eb346be33f8ee53a97a0631626a6af55428c,517052,166,Nicolas,Jackson,N.Jackson,7,Aston Villa,AVL,Forward,a,False,6.5,1.0,3.2545,3.2656,3.2545,3.1731,2.5381,12.5411,1.9294,high,1.0,1.0,3,0,0,0.8,0.8,1.3,5-GW avg pts 0.80; mins 31; xGI 0.16; current GWs 3; fixture Elo diff +72,False,False,False,False,False,False,False,False,False,False,False,False,False,False,False,False,False,False,False,False,False,False,False,False,False,False,False,False,False,False,False,False
e270eb346be33f8ee53a97a0631626a6af55428c,477555,264,Oscar,Bobb,Bobb,54,Fulham,FUL,Midfielder,a,False,5.5,0.3,2.649,2.7715,3.3832,3.648,3.3832,12.4334,2.2606,high,0.85,1.0,3,0,1,2.4,2.4,2.3,5-GW avg pts 2.40; mins 72; xGI 0.34; current GWs 3; fixture Elo diff +48,False,False,False,False,False,False,False,False,False,False,False,False,False,False,False,False,False,False,False,False,False,False,False,False,False,False,False,False,False,False,False,False
e270eb346be33f8ee53a97a0631626a6af55428c,465642,445,Malick,Thiaw,Thiaw,4,Newcastle,NEW,Defender,a,False,5.0,2.2,3.0444,3.4109,3.3422,2.5497,3.0444,12.3994,2.4799,high,0.85,1.0,3,0,1,2.2,2.2,2.7,5-GW avg pts 2.20; mins 90; xGI 0.02; current GWs 3; fixture Elo diff +67,False,False,False,False,False,False,False,False,False,False,False,False,False,False,False,False,False,False,False,False,False,False,False,False,False,False,False,False,False,False,False,False
e270eb346be33f8ee53a97a0631626a6af55428c,204580,98,Vitaly,Janelt,Janelt,94,Brentford,BRE,Midfielder,a,False,5.0,1.0,2.9163,3.4247,2.5207,2.7639,4.0247,12.3646,2.4729,high,0.85,1.0,3,0,1,4.8,4.8,7.0,5-GW avg pts 4.80; mins 84; xGI 0.24; current GWs 3; fixture Elo diff -3,False,False,False,False,False,False,False,False,False,False,False,False,False,False,False,False,False,False,False,False,False,False,False,False,False,False,False,False,False,False,False,False
e270eb346be33f8ee53a97a0631626a6af55428c,199598,338,Ethan,Ampadu,Ampadu,2,Leeds,LEE,Midfielder,a,False,5.5,1.1,3.5393,3.5799,2.1714,2.7114,3.2481,12.3451,2.2446,high,1.0,1.0,3,0,0,3.0,3.0,3.0,5-GW avg pts 3.00; mins 90; xGI 0.04; current GWs 3; fixture Elo diff -74,False,False,False,False,False,False,False,False,False,False,False,False,False,False,False,False,False,False,False,False,False,False,False,False,False,False,False,False,False,False,False,False
e270eb346be33f8ee53a97a0631626a6af55428c,503139,69,Alex,Scott,Scott,91,Bournemouth,BOU,Midfielder,a,False,6.0,3.0,3.2255,2.731,3.3362,3.2471,2.757,12.2796,2.0466,high,1.0,1.0,3,0,0,5.6,5.6,8.0,5-GW avg pts 5.60; mins 71; xGI 0.13; current GWs 3; fixture Elo diff +26,False,False,False,False,False,False,False,False,False,False,False,False,False,False,False,False,False,False,False,False,False,False,False,False,False,False,False,False,False,False,False,False
e270eb346be33f8ee53a97a0631626a6af55428c,247632,156,Pedro,Lomba Neto,Neto,8,Chelsea,CHE,Midfielder,a,False,6.5,1.3,3.229,2.9265,3.0311,2.9265,3.2331,12.2762,1.8886,high,0.85,1.0,2,0,1,3.8,3.8,4.0,5-GW avg pts 3.80; mins 47; xGI 0.21; current GWs 2; fixture Elo diff +40,False,False,False,False,False,False,False,False,False,False,False,False,False,False,False,False,False,False,False,False,False,False,False,False,False,False,False,False,False,False,False,False
e270eb346be33f8ee53a97a0631626a6af55428c,95658,418,Harry,Maguire,Maguire,1,Man Utd,MUN,Defender,a,False,5.0,13.7,2.5472,3.2632,3.3426,3.2632,3.0098,12.2482,2.4496,high,1.0,1.0,3,0,0,3.2,3.2,2.3,5-GW avg pts 3.20; mins 90; xGI 0.13; current GWs 3; fixture Elo diff +69,False,True,False,False,False,False,False,False,False,False,False,True,False,False,False,False,False,True,False,False,False,False,False,True,False,False,False,False,False,True,False,False
e270eb346be33f8ee53a97a0631626a6af55428c,432714,486,James,McAtee,McAtee,17,Nott'm Forest,NFO,Midfielder,a,False,5.5,0.1,2.7456,3.4858,3.1815,2.3701,3.4834,12.1771,2.214,high,0.85,1.0,3,0,1,1.8,1.8,2.3,5-GW avg pts 1.80; mins 54; xGI 0.15; current GWs 3; fixture Elo diff -2,False,False,False,False,False,False,False,False,False,False,False,False,False,False,False,False,False,False,False,False,False,False,False,False,False,False,False,False,False,False,False,False
e270eb346be33f8ee53a97a0631626a6af55428c,544877,358,Milos,Kerkez,Kerkez,14,Liverpool,LIV,Defender,a,False,5.5,2.9,3.2646,2.8141,2.7045,3.196,3.2627,12.1558,2.2101,high,1.0,1.0,3,0,0,1.4,1.4,2.0,5-GW avg pts 1.40; mins 69; xGI 0.02; current GWs 3; fixture Elo diff +44,False,False,False,False,False,False,False,False,False,False,False,False,False,False,False,False,False,False,False,False,False,False,False,False,False,False,False,False,False,False,False,False
e270eb346be33f8ee53a97a0631626a6af55428c,202993,516,Rodrigo,Bentancur,Bentancur,6,Spurs,TOT,Midfielder,a,False,5.5,0.2,3.1515,2.816,2.7222,3.5717,2.9485,12.1329,2.206,high,0.85,1.0,3,0,1,3.0,3.0,2.7,5-GW avg pts 3.00; mins 79; xGI 0.02; current GWs 3; fixture Elo diff -50,False,False,False,False,False,False,False,False,False,False,False,False,False,False,False,False,False,False,False,False,False,False,False,False,False,False,False,False,False,False,False,False
e270eb346be33f8ee53a97a0631626a6af55428c,106760,423,Luke,Shaw,Shaw,1,Man Utd,MUN,Defender,a,False,4.5,15.1,2.8914,2.9674,3.2811,2.9674,3.0295,12.0818,2.6848,high,1.0,1.0,3,0,0,3.8,3.8,2.3,5-GW avg pts 3.80; mins 85; xGI 0.15; current GWs 3; fixture Elo diff +69,False,False,False,False,False,False,False,False,False,False,False,False,False,False,False,False,False,False,False,False,False,False,False,False,False,False,False,False,False,False,False,False
e270eb346be33f8ee53a97a0631626a6af55428c,215136,469,Neco,Williams,N.Williams,17,Nott'm Forest,NFO,Defender,a,False,5.0,8.3,2.4102,3.754,3.1537,2.2648,3.59,12.0511,2.4102,high,0.85,1.0,3,0,1,3.6,3.6,5.0,5-GW avg pts 3.60; mins 90; xGI 0.11; current GWs 3; fixture Elo diff -2,False,False,False,False,False,False,False,False,False,False,False,False,False,False,False,False,False,False,False,False,False,False,False,False,False,False,False,False,False,False,False,False
e270eb346be33f8ee53a97a0631626a6af55428c,575476,472,Murillo,Costa dos Santos,Murillo,17,Nott'm Forest,NFO,Defender,a,False,5.5,1.5,2.4856,3.5596,3.1776,2.2729,3.6829,12.0321,2.1876,high,0.85,1.0,3,0,1,2.6,2.6,4.3,5-GW avg pts 2.60; mins 54; xGI 0.13; current GWs 3; fixture Elo diff -2,False,False,False,False,False,False,False,False,False,False,False,False,False,False,False,False,False,False,False,False,False,False,False,False,False,False,False,False,False,False,False,False
e270eb346be33f8ee53a97a0631626a6af55428c,571779,570,César,Palacios,Palacios,54,Fulham,FUL,Midfielder,a,False,5.5,0.2,2.6329,2.7107,3.2726,3.3491,3.2726,11.9985,2.1815,medium,0.51,0.6,3,0,1,3.6667,3.6667,3.7,5-GW avg pts 3.67; mins 69; xGI 0.34; current GWs 3; fixture Elo diff +48,False,False,False,False,False,False,False,False,False,False,False,False,False,False,False,False,False,False,False,False,False,False,False,False,False,False,False,False,False,False,False,False
e270eb346be33f8ee53a97a0631626a6af55428c,224967,233,Vitalii,Mykolenko,Mykolenko,11,Everton,EVE,Defender,a,False,4.5,1.8,2.9033,3.5684,3.1708,3.2153,1.794,11.9786,2.6619,high,0.85,1.0,3,0,1,2.8,2.8,3.7,5-GW avg pts 2.80; mins 90; xGI 0.02; current GWs 3; fixture Elo diff +2,False,False,False,False,False,False,False,False,False,False,False,False,False,False,False,False,False,False,False,False,False,False,False,False,False,False,False,False,False,False,False,False
e270eb346be33f8ee53a97a0631626a6af55428c,441164,499,Pedro,Porro Sauceda,Pedro Porro,6,Spurs,TOT,Defender,a,False,5.5,11.5,3.2299,2.9001,2.5812,3.4207,2.7524,11.951,2.1729,high,0.85,1.0,3,0,1,3.6,3.6,2.7,5-GW avg pts 3.60; mins 72; xGI 0.21; current GWs 3; fixture Elo diff -50,False,False,False,False,False,False,False,False,False,False,False,False,False,False,False,False,False,False,False,False,False,False,False,False,False,False,False,False,False,False,False,False
e270eb346be33f8ee53a97a0631626a6af55428c,439509,557,Christos,Tzolis,Tzolis,3,Arsenal,ARS,Midfielder,a,False,6.5,18.5,3.0165,2.8264,3.1479,2.8283,3.1479,11.9472,1.838,low,0.4,0.4,2,0,0,3.0,3.0,3.0,5-GW avg pts 3.00; mins 60; xGI 0.17; current GWs 2; fixture Elo diff +264,False,False,False,False,False,False,False,False,False,False,False,False,False,False,False,False,False,False,False,False,False,False,False,False,False,False,False,False,False,False,False,False
e270eb346be33f8ee53a97a0631626a6af55428c,88894,46,Ross,Barkley,Barkley,7,Aston Villa,AVL,Midfielder,a,False,5.0,0.3,3.0496,3.1,3.0496,3.0028,2.589,11.9347,2.3869,high,1.0,1.0,3,0,0,2.6,2.6,2.3,5-GW avg pts 2.60; mins 74; xGI 0.12; current GWs 3; fixture Elo diff +72,False,False,False,False,False,False,False,False,False,False,False,False,False,False,False,False,False,False,False,False,False,False,False,False,False,False,False,False,False,False,False,False
e270eb346be33f8ee53a97a0631626a6af55428c,461102,173,Bobby,Thomas,Thomas,9,Coventry City,COV,Defender,a,False,4.0,8.6,3.0899,2.7855,3.0899,2.8664,3.0899,11.9293,2.9823,medium,0.51,0.6,3,0,1,5.0,5.0,5.0,5-GW avg pts 5.00; mins 86; xGI 0.14; current GWs 3; fixture Elo diff -152,False,False,False,False,False,False,False,False,False,False,False,False,False,False,False,False,False,False,False,False,False,False,False,False,False,False,False,False,False,False,False,False
e270eb346be33f8ee53a97a0631626a6af55428c,484420,542,Enzo,Le Fée,E.Le Fée,56,Sunderland,SUN,Midfielder,a,False,5.9,5.5,2.6306,2.8421,3.4109,2.7999,3.3771,11.9034,2.0175,high,1.0,1.0,3,0,0,6.2,6.2,4.3,5-GW avg pts 6.20; mins 88; xGI 0.52; current GWs 3; fixture Elo diff -173,False,False,False,False,False,False,False,False,False,False,False,False,False,False,False,False,False,False,False,False,False,False,False,False,False,False,False,False,False,False,False,False
e270eb346be33f8ee53a97a0631626a6af55428c,609873,244,Harrison,Armstrong,Armstrong,11,Everton,EVE,Midfielder,a,False,5.0,0.4,3.0601,3.1499,3.2929,3.0494,2.0623,11.9013,2.3803,high,0.85,1.0,3,0,1,2.4,2.4,3.7,5-GW avg pts 2.40; mins 59; xGI 0.04; current GWs 3; fixture Elo diff +2,False,False,False,False,False,False,False,False,False,False,False,False,False,False,False,False,False,False,False,False,False,False,False,False,False,False,False,False,False,False,False,False
e270eb346be33f8ee53a97a0631626a6af55428c,499169,7,Myles,Lewis-Skelly,Lewis-Skelly,3,Arsenal,ARS,Midfielder,a,False,5.5,0.7,3.0564,2.8434,3.0285,2.8454,3.0285,11.8471,2.154,high,1.0,1.0,2,0,0,3.0,3.0,3.0,5-GW avg pts 3.00; mins 71; xGI 0.06; current GWs 2; fixture Elo diff +264,False,False,False,False,False,False,False,False,False,False,False,False,False,False,False,False,False,False,False,False,False,False,False,False,False,False,False,False,False,False,False,False
e270eb346be33f8ee53a97a0631626a6af55428c,191866,87,Kristoffer,Ajer,Ajer,94,Brentford,BRE,Defender,a,False,4.5,5.1,2.8562,3.3831,2.4605,2.7343,3.3425,11.7889,2.6198,high,0.85,1.0,3,0,1,3.2,3.2,4.3,5-GW avg pts 3.20; mins 70; xGI 0.03; current GWs 3; fixture Elo diff -3,False,False,False,False,False,False,False,False,False,False,False,False,False,False,False,False,False,False,False,False,False,False,False,False,False,False,False,False,False,False,False,False
e270eb346be33f8ee53a97a0631626a6af55428c,168144,184,Matt,Grimes,Grimes,9,Coventry City,COV,Midfielder,a,False,5.0,0.2,2.9841,2.8531,2.9841,2.919,2.9841,11.7729,2.3546,medium,0.51,0.6,3,0,1,2.0,2.0,2.0,5-GW avg pts 2.00; mins 90; xGI 0.03; current GWs 3; fixture Elo diff -152,False,False,False,False,False,False,False,False,False,False,False,False,False,False,False,False,False,False,False,False,False,False,False,False,False,False,False,False,False,False,False,False
e270eb346be33f8ee53a97a0631626a6af55428c,474120,591,Julio,Enciso,Enciso,40,Ipswich Town,IPS,Midfielder,a,False,5.5,0.8,2.9955,2.9955,3.1305,2.4181,3.1305,11.7668,2.1394,high,0.85,1.0,3,0,1,2.2,2.2,3.7,5-GW avg pts 2.20; mins 50; xGI 0.30; current GWs 3; fixture Elo diff -177,False,False,False,False,False,False,False,False,False,False,False,False,False,False,False,False,False,False,False,False,False,False,False,False,False,False,False,False,False,False,False,False
e270eb346be33f8ee53a97a0631626a6af55428c,465247,412,Senne,Lammens,Lammens,1,Man Utd,MUN,Goalkeeper,a,False,5.0,13.2,2.4629,3.1196,3.2625,3.1196,2.8184,11.7554,2.3511,high,1.0,1.0,3,0,0,2.4,2.4,1.7,5-GW avg pts 2.40; mins 90; xGI 0.00; current GWs 3; fixture Elo diff +69,False,False,False,False,False,False,False,False,False,False,False,False,False,False,False,False,False,False,False,False,False,False,False,False,False,False,False,False,False,False,False,False
e270eb346be33f8ee53a97a0631626a6af55428c,184029,15,Martin,Ødegaard,Ødegaard,3,Arsenal,ARS,Midfielder,a,False,6.6,11.1,2.9521,2.8069,3.0936,2.7731,3.0936,11.7505,1.7804,high,1.0,1.0,2,0,0,4.2,4.2,7.0,5-GW avg pts 4.20; mins 52; xGI 0.17; current GWs 2; fixture Elo diff +264,False,False,False,False,False,False,False,False,False,False,False,False,False,False,False,False,False,False,False,False,False,False,False,False,False,False,False,False,False,False,False,False
e270eb346be33f8ee53a97a0631626a6af55428c,477424,391,Joško,Gvardiol,Gvardiol,43,Man City,MCI,Defender,a,False,5.6,19.2,2.6538,3.2338,2.6538,3.5275,2.6538,11.7488,2.098,high,0.85,1.0,3,0,1,4.6,4.6,7.3,5-GW avg pts 4.60; mins 53; xGI 0.06; current GWs 3; fixture Elo diff +141,False,False,False,False,False,False,False,False,False,False,False,False,False,False,False,False,False,False,False,False,False,False,False,False,False,False,False,False,False,False,False,False
e270eb346be33f8ee53a97a0631626a6af55428c,85633,467,Matz,Sels,Sels,17,Nott'm Forest,NFO,Goalkeeper,a,False,5.0,1.4,2.3461,3.5766,3.0348,2.1805,3.6544,11.7119,2.3424,high,0.85,1.0,3,0,1,2.8,2.8,3.0,5-GW avg pts 2.80; mins 90; xGI 0.00; current GWs 3; fixture Elo diff -2,False,False,False,False,False,False,False,False,False,False,False,False,False,False,False,False,False,False,False,False,False,False,False,False,False,False,False,False,False,False,False,False
e270eb346be33f8ee53a97a0631626a6af55428c,551226,525,Mateus,Fernandes,Fernandes,6,Spurs,TOT,Midfielder,a,False,5.9,1.1,2.8812,2.8772,2.7858,3.3134,2.7897,11.6925,1.9818,high,0.85,1.0,3,0,1,3.2,3.2,1.0,5-GW avg pts 3.20; mins 64; xGI 0.13; current GWs 3; fixture Elo diff -50,False,False,False,False,False,False,False,False,False,False,False,False,False,False,False,False,False,False,False,False,False,False,False,False,False,False,False,False,False,False,False,False
e270eb346be33f8ee53a97a0631626a6af55428c,516895,432,Kobbie,Mainoo,Mainoo,1,Man Utd,MUN,Midfielder,a,False,5.5,1.2,2.8379,2.8084,3.1675,2.8084,2.9548,11.6383,2.116,high,1.0,1.0,3,0,0,4.0,4.0,4.7,5-GW avg pts 4.00; mins 73; xGI 0.14; current GWs 3; fixture Elo diff +69,False,False,False,False,False,False,False,False,False,False,False,False,False,False,False,False,False,False,False,False,False,False,False,False,False,False,False,False,False,False,False,False
e270eb346be33f8ee53a97a0631626a6af55428c,198869,10,Benjamin,White,White,3,Arsenal,ARS,Defender,a,False,5.5,7.7,3.0632,2.8063,2.8644,2.8082,2.8644,11.5647,2.1027,high,1.0,1.0,2,0,0,3.8,3.8,9.0,5-GW avg pts 3.80; mins 41; xGI 0.09; current GWs 2; fixture Elo diff +264,False,False,False,False,False,False,False,False,False,False,False,False,False,False,False,False,False,False,False,False,False,False,False,False,False,False,False,False,False,False,False,False
e270eb346be33f8ee53a97a0631626a6af55428c,220627,332,James,Justin,Justin,2,Leeds,LEE,Defender,a,False,4.5,1.5,3.3418,3.3825,1.8311,2.605,3.084,11.5248,2.5611,high,1.0,1.0,3,0,0,4.6,4.6,5.3,5-GW avg pts 4.60; mins 90; xGI 0.08; current GWs 3; fixture Elo diff -74,False,False,False,False,False,False,False,False,False,False,False,False,False,False,False,False,False,False,False,False,False,False,False,False,False,False,False,False,False,False,False,False
e270eb346be33f8ee53a97a0631626a6af55428c,116535,350,Alisson,Becker,A.Becker,14,Liverpool,LIV,Goalkeeper,a,False,5.5,3.7,3.1326,2.649,2.512,3.0431,3.1117,11.5235,2.0952,high,1.0,1.0,3,0,0,2.4,2.4,3.3,5-GW avg pts 2.40; mins 72; xGI 0.00; current GWs 3; fixture Elo diff +44,False,False,False,False,False,False,False,False,False,False,False,False,False,False,False,False,False,False,False,False,False,False,False,False,False,False,False,False,False,False,False,False
e270eb346be33f8ee53a97a0631626a6af55428c,204480,13,Declan,Rice,Rice,3,Arsenal,ARS,Midfielder,a,False,7.4,14.0,3.0567,2.6833,2.9434,2.6833,2.9434,11.4708,1.5501,high,1.0,1.0,2,0,0,3.2,3.2,4.0,5-GW avg pts 3.20; mins 66; xGI 0.13; current GWs 2; fixture Elo diff +264,False,False,False,False,False,False,False,False,False,False,False,False,False,False,False,False,False,False,False,False,False,False,False,False,False,False,False,False,False,False,False,False
e270eb346be33f8ee53a97a0631626a6af55428c,457569,57,Đorđe,Petrović,Petrović,91,Bournemouth,BOU,Goalkeeper,a,False,4.5,3.4,2.9918,2.8284,2.8217,3.0347,2.5735,11.4631,2.5474,high,1.0,1.0,3,0,0,2.4,2.4,2.0,5-GW avg pts 2.40; mins 90; xGI 0.00; current GWs 3; fixture Elo diff +26,False,False,False,False,False,False,False,False,False,False,False,False,False,False,False,False,False,False,False,False,False,False,False,False,False,False,False,False,False,False,False,False
e270eb346be33f8ee53a97a0631626a6af55428c,440089,96,Mikkel,Damsgaard,Damsgaard,94,Brentford,BRE,Midfielder,a,False,5.5,0.5,2.6644,3.0555,2.6601,2.9206,3.0874,11.4393,2.0799,high,0.85,1.0,3,0,1,3.0,3.0,4.0,5-GW avg pts 3.00; mins 53; xGI 0.23; current GWs 3; fixture Elo diff -3,False,False,False,False,False,False,False,False,False,False,False,False,False,False,False,False,False,False,False,False,False,False,False,False,False,False,False,False,False,False,False,False
e270eb346be33f8ee53a97a0631626a6af55428c,606702,362,Jeremy,Jacquet,Jacquet,14,Liverpool,LIV,Defender,a,False,5.0,2.6,3.0308,2.6988,2.5733,2.984,3.0308,11.4257,2.2851,medium,0.6,0.6,3,0,0,3.0,3.0,3.0,5-GW avg pts 3.00; mins 78; xGI 0.03; current GWs 3; fixture Elo diff +44,False,False,False,False,False,False,False,False,False,False,False,False,False,False,False,False,False,False,False,False,False,False,False,False,False,False,False,False,False,False,False,False
e270eb346be33f8ee53a97a0631626a6af55428c,550615,242,Tyrique,George,George,11,Everton,EVE,Midfielder,a,False,5.5,0.3,2.9792,3.0348,3.0323,2.8802,2.1078,11.4171,2.0758,high,0.85,1.0,3,0,1,3.4,3.4,5.0,5-GW avg pts 3.40; mins 56; xGI 0.19; current GWs 3; fixture Elo diff +2,False,False,False,False,False,False,False,False,False,False,False,False,False,False,False,False,False,False,False,False,False,False,False,False,False,False,False,False,False,False,False,False
e270eb346be33f8ee53a97a0631626a6af55428c,448047,155,Enzo,Fernández,Enzo,43,Man City,MCI,Midfielder,a,False,6.9,3.3,2.7057,3.0198,2.7057,3.0639,2.7057,11.3564,1.6459,high,0.85,1.0,3,0,1,3.6,3.6,1.3,5-GW avg pts 3.60; mins 56; xGI 0.17; current GWs 3; fixture Elo diff +141,False,True,False,False,False,True,False,False,False,False,False,True,False,False,False,False,False,False,False,False,False,False,False,True,False,False,False,False,False,False,False,False
e270eb346be33f8ee53a97a0631626a6af55428c,575458,474,Jair,Paula da Cunha Filho,Jair Cunha,17,Nott'm Forest,NFO,Defender,a,False,4.5,0.2,2.23,3.679,2.9218,2.0762,3.3508,11.3424,2.5205,high,0.85,1.0,3,0,1,2.6,2.6,3.3,5-GW avg pts 2.60; mins 68; xGI 0.02; current GWs 3; fixture Elo diff -2,False,False,False,False,False,False,False,False,False,False,False,False,False,False,False,False,False,False,False,False,False,False,False,False,False,False,False,False,False,False,False,False
e270eb346be33f8ee53a97a0631626a6af55428c,485055,496,Antonín,Kinský,Kinsky,6,Spurs,TOT,Goalkeeper,a,False,4.5,19.1,3.212,2.4794,2.1941,3.6684,2.5839,11.317,2.5149,high,0.85,1.0,3,0,1,3.0,3.0,3.0,5-GW avg pts 3.00; mins 90; xGI 0.00; current GWs 3; fixture Elo diff -50,False,False,False,False,False,False,False,False,False,False,False,False,False,False,False,False,False,False,False,False,False,False,False,False,False,False,False,False,False,False,False,False
e270eb346be33f8ee53a97a0631626a6af55428c,226944,47,Boubacar,Kamara,Kamara,7,Aston Villa,AVL,Midfielder,a,False,5.0,0.3,2.8913,3.0129,2.8704,2.8236,2.3984,11.3148,2.263,high,1.0,1.0,3,0,0,1.4,1.4,2.3,5-GW avg pts 1.40; mins 54; xGI 0.02; current GWs 3; fixture Elo diff +72,False,False,False,False,False,False,False,False,False,False,False,False,False,False,False,False,False,False,False,False,False,False,False,False,False,False,False,False,False,False,False,False
e270eb346be33f8ee53a97a0631626a6af55428c,551210,148,Jorrel,Hato,Hato,8,Chelsea,CHE,Defender,a,False,4.5,0.7,3.1815,2.6567,2.6911,2.6567,2.8508,11.2956,2.5101,high,0.85,1.0,2,0,1,1.8,1.8,2.5,5-GW avg pts 1.80; mins 77; xGI 0.04; current GWs 2; fixture Elo diff +40,False,False,False,False,False,False,False,False,False,False,False,False,False,False,False,False,False,False,False,False,False,False,False,False,False,False,False,False,False,False,False,False
e270eb346be33f8ee53a97a0631626a6af55428c,216051,417,Diogo,Dalot Teixeira,Dalot,1,Man Utd,MUN,Defender,a,False,4.9,2.1,2.7595,2.8038,2.9156,2.8038,2.8594,11.2938,2.3049,high,1.0,1.0,3,0,0,1.0,1.0,1.3,5-GW avg pts 1.00; mins 51; xGI 0.15; current GWs 3; fixture Elo diff +69,False,False,False,False,False,False,False,False,False,False,False,False,False,False,False,False,False,False,False,False,False,False,False,False,False,False,False,False,False,False,False,False
e270eb346be33f8ee53a97a0631626a6af55428c,455084,305,Leif,Davis,Davis,40,Ipswich Town,IPS,Defender,a,False,4.0,5.2,2.78,2.78,3.1678,2.2464,3.1678,11.2894,2.8223,medium,0.51,0.6,3,0,1,3.0,3.0,3.0,5-GW avg pts 3.00; mins 90; xGI 0.30; current GWs 3; fixture Elo diff -177,False,False,False,False,False,False,False,False,False,False,False,False,False,False,False,False,False,False,False,False,False,False,False,False,False,False,False,False,False,False,False,False
e270eb346be33f8ee53a97a0631626a6af55428c,531442,315,Abdul,Fatawu,Fatawu,40,Ipswich Town,IPS,Midfielder,a,False,5.5,0.2,2.8128,2.8128,3.0891,2.2567,3.0891,11.2488,2.0452,medium,0.51,0.6,3,0,1,2.6667,2.6667,2.7,5-GW avg pts 2.67; mins 75; xGI 0.27; current GWs 3; fixture Elo diff -177,False,False,False,False,False,False,False,False,False,False,False,False,False,False,False,False,False,False,False,False,False,False,False,False,False,False,False,False,False,False,False,False
e270eb346be33f8ee53a97a0631626a6af55428c,449434,454,Anthony,Elanga,Elanga,4,Newcastle,NEW,Midfielder,a,False,6.1,10.7,2.7532,2.9671,2.933,2.599,2.6887,11.2025,1.8365,high,0.85,1.0,3,0,1,4.0,4.0,6.0,5-GW avg pts 4.00; mins 52; xGI 0.20; current GWs 3; fixture Elo diff +67,False,False,False,False,False,False,False,False,False,False,False,False,False,False,False,False,False,False,False,False,False,False,False,False,False,False,False,False,False,False,False,False
e270eb346be33f8ee53a97a0631626a6af55428c,243016,372,Alexis,Mac Allister,Mac Allister,14,Liverpool,LIV,Midfielder,a,False,5.5,1.4,2.9774,2.6223,2.6188,2.7902,2.9774,11.1721,2.0313,high,1.0,1.0,3,0,0,2.0,2.0,1.7,5-GW avg pts 2.00; mins 73; xGI 0.21; current GWs 3; fixture Elo diff +44,False,False,False,False,False,False,False,False,False,False,False,False,False,False,False,False,False,False,False,False,False,False,False,False,False,False,False,False,False,False,False,False
e270eb346be33f8ee53a97a0631626a6af55428c,482609,144,Malo,Gusto,Gusto,8,Chelsea,CHE,Defender,a,False,5.0,1.1,3.0899,2.7231,2.5943,2.7231,2.7433,11.1683,2.2337,high,0.85,1.0,2,0,1,0.6,0.6,1.0,5-GW avg pts 0.60; mins 68; xGI 0.12; current GWs 2; fixture Elo diff +40,False,False,False,False,False,False,False,False,False,False,False,False,False,False,False,False,False,False,False,False,False,False,False,False,False,False,False,False,False,False,False,False
e270eb346be33f8ee53a97a0631626a6af55428c,174874,253,Joachim,Andersen,Andersen,54,Fulham,FUL,Defender,a,False,5.0,0.1,2.4079,2.4642,3.1592,3.0221,3.1592,11.1641,2.2328,high,0.85,1.0,3,0,1,0.4,0.4,0.7,5-GW avg pts 0.40; mins 36; xGI 0.02; current GWs 3; fixture Elo diff +48,False,False,False,False,False,False,False,False,False,False,False,False,False,False,False,False,False,False,False,False,False,False,False,False,False,False,False,False,False,False,False,False
e270eb346be33f8ee53a97a0631626a6af55428c,438234,401,Omar,Marmoush,Marmoush,6,Spurs,TOT,Forward,a,False,7.0,2.2,2.9685,2.6622,2.556,3.0358,2.7095,11.16,1.5943,high,0.85,1.0,3,0,1,1.0,1.0,1.3,5-GW avg pts 1.00; mins 37; xGI 0.10; current GWs 3; fixture Elo diff -50,False,False,False,False,False,False,False,False,False,False,False,False,False,False,False,False,False,False,False,False,False,False,False,False,False,False,False,False,False,False,False,False
e270eb346be33f8ee53a97a0631626a6af55428c,432422,455,Sandro,Tonali,Tonali,6,Spurs,TOT,Midfielder,a,False,5.4,2.8,2.9625,2.5502,2.4613,3.2408,2.7622,11.1526,2.0653,high,0.85,1.0,3,0,1,2.0,2.0,3.0,5-GW avg pts 2.00; mins 61; xGI 0.04; current GWs 3; fixture Elo diff -50,False,False,False,False,False,False,False,False,False,False,False,False,False,False,False,False,False,False,False,False,False,False,False,False,False,False,False,False,False,False,False,False
e270eb346be33f8ee53a97a0631626a6af55428c,244723,204,Tyrick,Mitchell,Mitchell,31,Crystal Palace,CRY,Defender,a,False,4.5,5.0,3.2149,2.5779,2.7509,2.5226,2.7509,11.1521,2.4782,high,0.85,1.0,3,0,1,3.6,3.6,5.3,5-GW avg pts 3.60; mins 78; xGI 0.27; current GWs 3; fixture Elo diff +11,False,True,False,False,False,True,False,False,False,False,False,False,False,False,False,False,False,True,False,False,False,False,False,True,False,False,False,False,False,True,False,False
e270eb346be33f8ee53a97a0631626a6af55428c,169432,295,Oli,McBurnie,McBurnie,88,Hull City,HUL,Forward,a,False,5.5,2.0,2.7178,2.7178,2.9119,2.7178,2.9119,11.1429,2.026,medium,0.51,0.6,3,0,1,2.6667,2.6667,2.7,5-GW avg pts 2.67; mins 90; xGI 0.20; current GWs 3; fixture Elo diff -158,False,False,False,False,False,False,False,False,False,False,False,False,False,False,False,False,False,False,False,False,False,False,False,False,False,False,False,False,False,False,False,False
e270eb346be33f8ee53a97a0631626a6af55428c,200720,82,Caoimhín,Kelleher,Kelleher,94,Brentford,BRE,Goalkeeper,a,False,5.0,6.9,2.7332,3.1436,2.2772,2.4285,3.3962,11.1219,2.2244,high,0.85,1.0,3,0,1,3.8,3.8,3.7,5-GW avg pts 3.80; mins 90; xGI 0.00; current GWs 3; fixture Elo diff -3,False,False,False,False,False,False,False,False,False,False,False,False,False,False,False,False,False,False,False,False,False,False,False,False,False,False,False,False,False,False,False,False
e270eb346be33f8ee53a97a0631626a6af55428c,199796,32,Matty,Cash,Cash,7,Aston Villa,AVL,Defender,a,False,4.5,6.9,2.8995,2.7888,2.8995,2.7294,2.4135,11.0877,2.4639,high,1.0,1.0,3,0,0,1.6,1.6,2.3,5-GW avg pts 1.60; mins 77; xGI 0.04; current GWs 3; fixture Elo diff +72,False,False,False,False,False,False,False,False,False,False,False,False,False,False,False,False,False,False,False,False,False,False,False,False,False,False,False,False,False,False,False,False
e270eb346be33f8ee53a97a0631626a6af55428c,54469,64,Adam,Smith,Smith,91,Bournemouth,BOU,Defender,a,False,4.5,0.1,2.8785,2.7541,2.6879,2.914,2.5232,11.0613,2.4581,high,1.0,1.0,3,0,0,2.0,2.0,0.7,5-GW avg pts 2.00; mins 90; xGI 0.02; current GWs 3; fixture Elo diff +26,False,False,False,False,False,False,False,False,False,False,False,False,False,False,False,False,False,False,False,False,False,False,False,False,False,False,False,False,False,False,False,False
e270eb346be33f8ee53a97a0631626a6af55428c,204561,558,Xaver,Schlager,Schlager,17,Nott'm Forest,NFO,Midfielder,a,False,5.0,0.1,2.5209,3.077,2.7706,2.3121,3.1946,11.0419,2.2084,medium,0.51,0.6,3,0,1,2.6667,2.6667,2.7,5-GW avg pts 2.67; mins 65; xGI 0.05; current GWs 3; fixture Elo diff -2,False,False,False,False,False,False,False,False,False,False,False,False,False,False,False,False,False,False,False,False,False,False,False,False,False,False,False,False,False,False,False,False
e270eb346be33f8ee53a97a0631626a6af55428c,432720,385,James,Trafford,Trafford,2,Leeds,LEE,Goalkeeper,a,False,5.0,5.3,3.0817,3.1224,1.9972,2.4592,3.0257,11.0265,2.2053,high,1.0,1.0,3,0,0,3.4,3.4,5.0,5-GW avg pts 3.40; mins 72; xGI 0.00; current GWs 3; fixture Elo diff -74,False,False,False,False,False,False,False,False,False,False,False,False,False,False,False,False,False,False,False,False,False,False,False,False,False,False,False,False,False,False,False,False
e270eb346be33f8ee53a97a0631626a6af55428c,200834,533,Nordi,Mukiele,Mukiele,56,Sunderland,SUN,Defender,a,False,5.5,2.4,2.5128,2.6711,3.0511,2.6477,2.9498,10.981,1.9965,high,1.0,1.0,3,0,0,3.8,3.8,4.3,5-GW avg pts 3.80; mins 72; xGI 0.11; current GWs 3; fixture Elo diff -173,False,False,False,False,False,False,False,False,False,False,False,False,False,False,False,False,False,False,False,False,False,False,False,False,False,False,False,False,False,False,False,False
e270eb346be33f8ee53a97a0631626a6af55428c,551499,377,Victor,Munoz,Munoz,14,Liverpool,LIV,Midfielder,a,False,6.5,1.3,2.8888,2.5505,2.687,2.6967,2.9225,10.975,1.6885,medium,0.6,0.6,3,0,0,4.3333,4.3333,4.3,5-GW avg pts 4.33; mins 60; xGI 0.22; current GWs 3; fixture Elo diff +44,False,False,False,False,False,False,False,False,False,False,False,False,False,False,False,False,False,False,False,False,False,False,False,False,False,False,False,False,False,False,False,False
e270eb346be33f8ee53a97a0631626a6af55428c,533463,95,Dango,Ouattara,O.Dango,94,Brentford,BRE,Midfielder,a,False,6.4,0.8,2.5855,2.9247,2.5855,2.9127,2.7438,10.9713,1.7143,high,0.85,1.0,3,0,1,4.4,4.4,1.7,5-GW avg pts 4.40; mins 64; xGI 0.39; current GWs 3; fixture Elo diff -3,False,False,False,False,False,False,False,False,False,False,False,False,False,False,False,False,False,False,False,False,False,False,False,False,False,False,False,False,False,False,False,False
e270eb346be33f8ee53a97a0631626a6af55428c,205533,224,Eddie,Nketiah,Nketiah,31,Crystal Palace,CRY,Forward,a,False,5.5,0.6,2.864,2.6832,2.7487,2.6117,2.7487,10.9553,1.9919,high,0.85,1.0,3,0,1,1.4,1.4,2.3,5-GW avg pts 1.40; mins 33; xGI 0.34; current GWs 3; fixture Elo diff +11,False,False,False,False,False,False,False,False,False,False,False,False,False,False,False,False,False,False,False,False,False,False,False,False,False,False,False,False,False,False,False,False
e270eb346be33f8ee53a97a0631626a6af55428c,222683,70,Justin,Kluivert,Kluivert,91,Bournemouth,BOU,Midfielder,a,False,6.0,1.1,2.7526,2.7251,2.7544,2.8154,2.6222,10.9528,1.8255,high,1.0,1.0,3,0,0,1.6,1.6,2.3,5-GW avg pts 1.60; mins 52; xGI 0.18; current GWs 3; fixture Elo diff +26,False,False,False,False,False,False,False,False,False,False,False,False,False,False,False,False,False,False,False,False,False,False,False,False,False,False,False,False,False,False,False,False
e270eb346be33f8ee53a97a0631626a6af55428c,184667,37,Victor,Lindelöf,Lindelöf,7,Aston Villa,AVL,Defender,a,False,4.5,0.3,2.8562,2.8884,2.8353,2.6768,2.2468,10.9459,2.4324,high,1.0,1.0,3,0,0,1.8,1.8,2.0,5-GW avg pts 1.80; mins 77; xGI 0.03; current GWs 3; fixture Elo diff +72,False,False,False,False,False,False,False,False,False,False,False,False,False,False,False,False,False,False,False,False,False,False,False,False,False,False,False,False,False,False,False,False
e270eb346be33f8ee53a97a0631626a6af55428c,540324,286,Mohamed,Belloumi,Belloumi,88,Hull City,HUL,Midfielder,a,False,5.0,0.9,2.6789,2.6789,2.8387,2.6789,2.8387,10.9392,2.1878,medium,0.51,0.6,3,0,1,4.6667,4.6667,4.7,5-GW avg pts 4.67; mins 84; xGI 0.09; current GWs 3; fixture Elo diff -158,False,False,False,False,False,False,False,False,False,False,False,False,False,False,False,False,False,False,False,False,False,False,False,False,False,False,False,False,False,False,False,False
e270eb346be33f8ee53a97a0631626a6af55428c,176297,429,Marcus,Rashford,Rashford,1,Man Utd,MUN,Midfielder,a,False,7.0,1.6,2.4477,2.8298,2.9321,2.8298,2.6645,10.9197,1.56,high,1.0,1.0,3,0,0,1.2,1.2,2.0,5-GW avg pts 1.20; mins 39; xGI 0.09; current GWs 3; fixture Elo diff +69,False,False,False,False,False,False,False,False,False,False,False,False,False,False,False,False,False,False,False,False,False,False,False,False,False,False,False,False,False,False,False,False
e270eb346be33f8ee53a97a0631626a6af55428c,511499,514,Mathys,Tel,Tel,6,Spurs,TOT,Midfielder,a,False,5.9,0.3,2.8492,2.6662,2.4254,3.088,2.5763,10.8965,1.8469,high,0.85,1.0,3,0,1,2.4,2.4,2.3,5-GW avg pts 2.40; mins 78; xGI 0.17; current GWs 3; fixture Elo diff -50,False,False,False,False,False,False,False,False,False,False,False,False,False,False,False,False,False,False,False,False,False,False,False,False,False,False,False,False,False,False,False,False
e270eb346be33f8ee53a97a0631626a6af55428c,433969,597,Zion,Suzuki,Suzuki,7,Aston Villa,AVL,Goalkeeper,a,False,5.0,1.2,2.8082,2.7305,2.8082,2.5918,2.5993,10.8861,2.1772,medium,0.6,0.6,3,0,0,4.0,4.0,4.0,5-GW avg pts 4.00; mins 60; xGI 0.00; current GWs 3; fixture Elo diff +72,False,False,False,False,False,False,False,False,False,False,False,False,False,False,False,False,False,False,False,False,False,False,False,False,False,False,False,False,False,False,False,False
e270eb346be33f8ee53a97a0631626a6af55428c,84450,544,Granit,Xhaka,Xhaka,56,Sunderland,SUN,Midfielder,a,False,5.5,4.6,2.2116,2.4841,3.1945,2.7826,3.1945,10.8675,1.9759,high,1.0,1.0,3,0,0,4.2,4.2,6.0,5-GW avg pts 4.20; mins 90; xGI 0.18; current GWs 3; fixture Elo diff -173,False,False,False,False,False,False,False,False,False,False,False,False,False,False,False,False,False,False,False,False,False,False,False,False,False,False,False,False,False,False,False,False
e270eb346be33f8ee53a97a0631626a6af55428c,610799,504,Luka,Vušković,Vuskovic,36,Brighton,BHA,Defender,a,False,5.0,2.5,3.1913,2.0259,2.9988,2.9311,2.2577,10.8201,2.164,high,0.85,1.0,3,0,1,3.6,3.6,6.0,5-GW avg pts 3.60; mins 54; xGI 0.08; current GWs 3; fixture Elo diff +6,False,False,False,False,False,False,False,False,False,False,False,False,False,False,False,False,False,False,False,False,False,False,False,False,False,False,False,False,False,False,False,False
e270eb346be33f8ee53a97a0631626a6af55428c,491279,503,Micky,van de Ven,Van de Ven,6,Spurs,TOT,Defender,a,False,5.0,3.7,2.8047,2.5235,2.4391,3.2035,2.5617,10.8065,2.1613,high,0.85,1.0,3,0,1,3.0,3.0,3.0,5-GW avg pts 3.00; mins 72; xGI 0.13; current GWs 3; fixture Elo diff -50,False,False,False,False,False,False,False,False,False,False,False,False,False,False,False,False,False,False,False,False,False,False,False,False,False,False,False,False,False,False,False,False
e270eb346be33f8ee53a97a0631626a6af55428c,482973,491,Igor Jesus,Maciel da Cruz,Igor Jesus,17,Nott'm Forest,NFO,Forward,a,False,5.9,2.9,2.5562,3.1932,2.6767,2.0317,2.992,10.7888,1.8286,high,0.85,1.0,3,0,1,1.6,1.6,1.3,5-GW avg pts 1.60; mins 77; xGI 0.25; current GWs 3; fixture Elo diff -2,False,False,False,False,False,False,False,False,False,False,False,False,False,False,False,False,False,False,False,False,False,False,False,False,False,False,False,False,False,False,False,False
e270eb346be33f8ee53a97a0631626a6af55428c,441264,552,Brian,Brobbey,Brobbey,56,Sunderland,SUN,Forward,a,False,5.9,8.7,2.3701,2.5575,3.0494,2.6147,3.0513,10.7724,1.8258,high,1.0,1.0,3,0,0,3.6,3.6,2.0,5-GW avg pts 3.60; mins 71; xGI 0.38; current GWs 3; fixture Elo diff -173,False,False,False,False,False,False,False,False,False,False,False,False,False,False,False,False,False,False,False,False,False,False,False,False,False,False,False,False,False,False,False,False
e270eb346be33f8ee53a97a0631626a6af55428c,513466,246,Merlin,Röhl,Röhl,11,Everton,EVE,Midfielder,a,False,5.0,0.1,2.6587,2.9504,2.9889,2.6768,1.9806,10.7673,2.1535,high,0.85,1.0,3,0,1,3.4,3.4,2.0,5-GW avg pts 3.40; mins 79; xGI 0.07; current GWs 3; fixture Elo diff +2,False,False,False,False,False,False,False,False,False,False,False,False,False,False,False,False,False,False,False,False,False,False,False,False,False,False,False,False,False,False,False,False
e270eb346be33f8ee53a97a0631626a6af55428c,200089,460,Joe,Willock,Willock,4,Newcastle,NEW,Midfielder,a,False,5.0,0.4,2.5225,3.0491,2.6041,2.7418,2.458,10.7439,2.1488,high,0.85,1.0,3,0,1,3.4,3.4,3.7,5-GW avg pts 3.40; mins 59; xGI 0.26; current GWs 3; fixture Elo diff +67,False,False,False,False,False,False,False,False,False,False,False,False,False,False,False,False,False,False,False,False,False,False,False,False,False,False,False,False,False,False,False,False
e270eb346be33f8ee53a97a0631626a6af55428c,444463,145,Wesley,Fofana,Fofana,8,Chelsea,CHE,Defender,a,False,5.0,0.1,2.7163,2.6722,2.6675,2.6722,2.6924,10.7413,2.1483,high,0.85,1.0,2,0,1,1.0,1.0,0.0,5-GW avg pts 1.00; mins 60; xGI 0.00; current GWs 2; fixture Elo diff +40,False,False,False,False,False,False,False,False,False,False,False,False,False,False,False,False,False,False,False,False,False,False,False,False,False,False,False,False,False,False,False,False
e270eb346be33f8ee53a97a0631626a6af55428c,509416,129,Yasin,Ayari,Ayari,36,Brighton,BHA,Midfielder,a,False,5.4,0.4,2.8709,2.392,2.9227,2.6978,2.4558,10.7238,1.9859,high,0.85,1.0,3,0,1,1.0,1.0,1.3,5-GW avg pts 1.00; mins 32; xGI 0.07; current GWs 3; fixture Elo diff +6,False,False,False,False,False,False,False,False,False,False,False,False,False,False,False,False,False,False,False,False,False,False,False,False,False,False,False,False,False,False,False,False
e270eb346be33f8ee53a97a0631626a6af55428c,212314,267,Saša,Lukić,Lukić,40,Ipswich Town,IPS,Midfielder,a,False,5.0,0.1,2.6924,2.6924,2.8235,2.3624,2.8235,10.7221,2.1444,high,0.85,1.0,3,0,1,2.6,2.6,2.7,5-GW avg pts 2.60; mins 68; xGI 0.03; current GWs 3; fixture Elo diff -177,False,False,False,False,False,False,False,False,False,False,False,False,False,False,False,False,False,False,False,False,False,False,False,False,False,False,False,False,False,False,False,False
e270eb346be33f8ee53a97a0631626a6af55428c,221820,419,Lisandro,Martínez,Martinez,1,Man Utd,MUN,Defender,a,False,5.0,1.2,2.5275,2.7103,2.8352,2.7103,2.6464,10.72,2.144,high,1.0,1.0,3,0,0,2.6,2.6,1.3,5-GW avg pts 2.60; mins 72; xGI 0.04; current GWs 3; fixture Elo diff +69,False,False,False,False,False,False,False,False,False,False,False,False,False,False,False,False,False,False,False,False,False,False,False,False,False,False,False,False,False,False,False,False
e270eb346be33f8ee53a97a0631626a6af55428c,169528,254,Antonee,Robinson,Robinson,54,Fulham,FUL,Defender,a,False,4.5,1.6,2.1693,2.5519,2.8293,3.2656,2.8293,10.7129,2.3807,high,0.85,1.0,3,0,1,4.4,4.4,1.3,5-GW avg pts 4.40; mins 86; xGI 0.28; current GWs 3; fixture Elo diff +48,False,False,False,False,False,False,False,False,False,False,False,False,False,False,False,False,False,False,False,False,False,False,False,False,False,False,False,False,False,False,False,False
e270eb346be33f8ee53a97a0631626a6af55428c,489639,109,Bart,Verbruggen,Verbruggen,36,Brighton,BHA,Goalkeeper,a,False,4.5,22.1,3.1881,2.0116,2.9022,2.9782,2.1743,10.7097,2.3799,high,0.85,1.0,3,0,1,2.6,2.6,3.0,5-GW avg pts 2.60; mins 90; xGI 0.04; current GWs 3; fixture Elo diff +6,False,False,False,False,False,False,False,False,False,False,False,False,False,False,False,False,False,False,False,False,False,False,False,False,False,False,False,False,False,False,False,False
e270eb346be33f8ee53a97a0631626a6af55428c,514356,161,Roméo,Lavia,Lavia,8,Chelsea,CHE,Midfielder,a,False,5.0,0.2,2.7995,2.5604,2.6743,2.5604,2.7697,10.6974,2.1395,high,0.85,1.0,2,0,1,1.6,1.6,4.0,5-GW avg pts 1.60; mins 26; xGI 0.16; current GWs 2; fixture Elo diff +40,False,False,False,False,False,False,False,False,False,False,False,False,False,False,False,False,False,False,False,False,False,False,False,False,False,False,False,False,False,False,False,False
e270eb346be33f8ee53a97a0631626a6af55428c,543968,316,Emersonn,Correia da Silva,Emersonn,40,Ipswich Town,IPS,Forward,a,False,5.5,1.7,2.4969,2.4969,3.128,2.1909,3.128,10.657,1.9376,medium,0.51,0.6,3,0,1,4.0,4.0,4.0,5-GW avg pts 4.00; mins 58; xGI 0.37; current GWs 3; fixture Elo diff -177,False,False,False,False,False,False,False,False,False,False,False,False,False,False,False,False,False,False,False,False,False,False,False,False,False,False,False,False,False,False,False,False
e270eb346be33f8ee53a97a0631626a6af55428c,539142,182,Aurèle,Amenda,Amenda,9,Coventry City,COV,Defender,a,False,4.0,0.8,2.7539,2.5208,2.7539,2.5255,2.7539,10.6458,2.6615,medium,0.51,0.6,3,0,1,1.3333,1.3333,1.3,5-GW avg pts 1.33; mins 90; xGI 0.14; current GWs 3; fixture Elo diff -152,False,False,False,False,False,False,False,False,False,False,False,False,False,False,False,False,False,False,False,False,False,False,False,False,False,False,False,False,False,False,False,False
e270eb346be33f8ee53a97a0631626a6af55428c,445087,579,Ronald,Araujo,Araujo,14,Liverpool,LIV,Defender,a,False,5.4,2.2,2.7576,2.5465,2.5487,2.6824,2.7576,10.6206,1.9668,medium,0.6,0.6,3,0,0,3.0,3.0,3.0,5-GW avg pts 3.00; mins 41; xGI 0.02; current GWs 3; fixture Elo diff +44,False,False,False,False,False,False,False,False,False,False,False,False,False,False,False,False,False,False,False,False,False,False,False,False,False,False,False,False,False,False,False,False
e270eb346be33f8ee53a97a0631626a6af55428c,451284,175,Milan,van Ewijk,van Ewijk,9,Coventry City,COV,Defender,a,False,4.0,11.6,2.7706,2.4662,2.7706,2.469,2.7706,10.5973,2.6493,medium,0.51,0.6,3,0,1,2.0,2.0,2.0,5-GW avg pts 2.00; mins 90; xGI 0.09; current GWs 3; fixture Elo diff -152,False,False,False,False,False,False,False,False,False,False,False,False,False,False,False,False,False,False,False,False,False,False,False,False,False,False,False,False,False,False,False,False
e270eb346be33f8ee53a97a0631626a6af55428c,208706,452,Bruno,Guimarães Rodriguez Moura,Bruno G.,3,Arsenal,ARS,Midfielder,a,False,6.8,2.0,2.6668,2.559,2.7373,2.5609,2.7373,10.5947,1.558,high,1.0,1.0,2,0,0,2.4,2.4,0.4,5-GW avg pts 2.40; mins 53; xGI 0.27; current GWs 2; fixture Elo diff +264,False,False,False,False,False,False,False,False,False,False,False,False,False,False,False,False,False,False,False,False,False,False,False,False,False,False,False,False,False,False,False,False
e270eb346be33f8ee53a97a0631626a6af55428c,210156,492,Taiwo,Awoniyi,Awoniyi,9,Coventry City,COV,Forward,a,False,5.5,0.7,2.6756,2.5284,2.6775,2.6732,2.6775,10.5709,1.922,high,0.85,1.0,3,0,1,1.2,1.2,1.7,5-GW avg pts 1.20; mins 46; xGI 0.39; current GWs 3; fixture Elo diff -152,False,False,False,False,False,False,False,False,False,False,False,False,False,False,False,False,False,False,False,False,False,False,False,False,False,False,False,False,False,False,False,False
e270eb346be33f8ee53a97a0631626a6af55428c,83299,116,Lewis,Dunk,Dunk,36,Brighton,BHA,Defender,a,False,4.5,1.3,3.1342,1.9774,2.8483,2.9416,2.1254,10.5268,2.3393,high,0.85,1.0,3,0,1,2.6,2.6,3.3,5-GW avg pts 2.60; mins 90; xGI 0.07; current GWs 3; fixture Elo diff +6,False,False,False,False,False,False,False,False,False,False,False,False,False,False,False,False,False,False,False,False,False,False,False,False,False,False,False,False,False,False,False,False
e270eb346be33f8ee53a97a0631626a6af55428c,232928,239,James,Garner,Garner,11,Everton,EVE,Midfielder,a,False,6.0,0.1,2.6335,2.7802,2.709,2.6576,2.1443,10.4497,1.7416,high,0.85,1.0,3,0,1,1.8,1.8,1.3,5-GW avg pts 1.80; mins 66; xGI 0.14; current GWs 3; fixture Elo diff +2,False,False,False,False,False,False,False,False,False,False,False,False,False,False,False,False,False,False,False,False,False,False,False,False,False,False,False,False,False,False,False,False
e270eb346be33f8ee53a97a0631626a6af55428c,441302,36,Ian,Maatsen,Maatsen,7,Aston Villa,AVL,Defender,a,False,4.5,0.8,2.6896,2.6911,2.6896,2.5533,2.2866,10.4225,2.3161,high,1.0,1.0,3,0,0,2.8,2.8,2.7,5-GW avg pts 2.80; mins 68; xGI 0.14; current GWs 3; fixture Elo diff +72,False,False,False,False,False,False,False,False,False,False,False,False,False,False,False,False,False,False,False,False,False,False,False,False,False,False,False,False,False,False,False,False
e270eb346be33f8ee53a97a0631626a6af55428c,216616,304,Dara,O'Shea,O'Shea,40,Ipswich Town,IPS,Defender,a,False,4.0,3.2,2.583,2.583,2.8874,2.1013,2.8874,10.4211,2.6053,medium,0.51,0.6,3,0,1,2.3333,2.3333,2.3,5-GW avg pts 2.33; mins 90; xGI 0.08; current GWs 3; fixture Elo diff -177,False,False,False,False,False,False,False,False,False,False,False,False,False,False,False,False,False,False,False,False,False,False,False,False,False,False,False,False,False,False,False,False
e270eb346be33f8ee53a97a0631626a6af55428c,465694,405,Nico,González Iglesias,N.Gonzalez,4,Newcastle,NEW,Midfielder,a,False,5.5,0.3,2.5563,2.699,2.6553,2.477,2.4917,10.3385,1.8797,high,0.85,1.0,3,0,1,1.6,1.6,1.3,5-GW avg pts 1.60; mins 47; xGI 0.08; current GWs 3; fixture Elo diff +67,False,False,False,False,False,False,False,False,False,False,False,False,False,False,False,False,False,False,False,False,False,False,False,False,False,False,False,False,False,False,False,False
e270eb346be33f8ee53a97a0631626a6af55428c,98980,28,Emiliano,Martínez Romero,Martinez,8,Chelsea,CHE,Goalkeeper,a,False,5.0,4.6,2.65,2.5514,2.5014,2.5514,2.6447,10.3203,2.0641,high,0.85,1.0,2,0,1,2.0,2.0,1.0,5-GW avg pts 2.00; mins 54; xGI 0.00; current GWs 2; fixture Elo diff +40,False,False,False,False,False,False,False,False,False,False,False,False,False,False,False,False,False,False,False,False,False,False,False,False,False,False,False,False,False,False,False,False
e270eb346be33f8ee53a97a0631626a6af55428c,204120,114,Olivier,Boscagli,Boscagli,36,Brighton,BHA,Defender,a,False,4.5,0.3,2.9208,2.0255,2.7448,2.9203,2.1547,10.2767,2.2837,high,0.85,1.0,3,0,1,1.4,1.4,2.3,5-GW avg pts 1.40; mins 54; xGI 0.11; current GWs 3; fixture Elo diff +6,False,False,False,False,False,False,False,False,False,False,False,False,False,False,False,False,False,False,False,False,False,False,False,False,False,False,False,False,False,False,False,False
e270eb346be33f8ee53a97a0631626a6af55428c,611695,605,Malick,Yalcouyé,Yalcouyé,36,Brighton,BHA,Midfielder,a,False,4.5,2.4,2.6827,2.3063,2.6605,2.769,2.3883,10.258,2.2796,high,0.85,1.0,3,0,1,2.2,2.2,3.7,5-GW avg pts 2.20; mins 33; xGI 0.20; current GWs 3; fixture Elo diff +6,False,False,False,False,False,False,False,False,False,False,False,False,False,False,False,False,False,False,False,False,False,False,False,False,False,False,False,False,False,False,False,False
e270eb346be33f8ee53a97a0631626a6af55428c,450063,644,Quinten,Timber,Timber,31,Crystal Palace,CRY,Midfielder,a,False,5.0,0.0,2.9622,2.3102,2.5173,2.2954,2.5173,10.1723,2.0345,low,0.17,0.2,1,0,1,2.0,2.0,1.5,5-GW avg pts 2.00; mins 73; xGI 0.02; current GWs 1; fixture Elo diff +11,False,False,False,False,False,False,False,False,False,False,False,False,False,False,False,False,False,False,False,False,False,False,False,False,False,False,False,False,False,False,False,False
e270eb346be33f8ee53a97a0631626a6af55428c,220362,153,Axel,Disasi,Disasi,31,Crystal Palace,CRY,Defender,a,False,4.5,0.1,2.9785,2.3063,2.5009,2.2915,2.5009,10.1594,2.2576,high,0.85,1.0,3,0,1,2.2,2.2,1.3,5-GW avg pts 2.20; mins 57; xGI 0.01; current GWs 3; fixture Elo diff +11,False,False,False,False,False,False,False,False,False,False,False,False,False,False,False,False,False,False,False,False,False,False,False,False,False,False,False,False,False,False,False,False
e270eb346be33f8ee53a97a0631626a6af55428c,173878,176,Jay,Dasilva,Dasilva,9,Coventry City,COV,Defender,a,False,4.0,0.8,2.6302,2.399,2.6321,2.4037,2.6321,10.1568,2.5392,medium,0.51,0.6,3,0,1,1.6667,1.6667,1.7,5-GW avg pts 1.67; mins 88; xGI 0.11; current GWs 3; fixture Elo diff -152,False,False,False,False,False,False,False,False,False,False,False,False,False,False,False,False,False,False,False,False,False,False,False,False,False,False,False,False,False,False,False,False
e270eb346be33f8ee53a97a0631626a6af55428c,232787,519,Conor,Gallagher,Gallagher,6,Spurs,TOT,Midfielder,a,False,5.4,0.2,2.586,2.5097,2.409,2.683,2.4507,10.1205,1.8742,high,0.85,1.0,3,0,1,1.6,1.6,1.0,5-GW avg pts 1.60; mins 60; xGI 0.14; current GWs 3; fixture Elo diff -50,False,False,False,False,False,False,False,False,False,False,False,False,False,False,False,False,False,False,False,False,False,False,False,False,False,False,False,False,False,False,False,False
e270eb346be33f8ee53a97a0631626a6af55428c,473284,572,Konstantinos,Tzolakis,Tzolakis,88,Hull City,HUL,Goalkeeper,a,False,4.6,8.4,2.477,2.477,2.5707,2.477,2.5707,10.0393,2.1825,medium,0.51,0.6,3,0,1,8.6667,8.6667,8.7,5-GW avg pts 8.67; mins 90; xGI 0.00; current GWs 3; fixture Elo diff -158,False,False,False,False,False,False,False,False,False,False,False,False,False,False,False,False,False,False,False,False,False,False,False,False,False,False,False,False,False,False,False,False
e270eb346be33f8ee53a97a0631626a6af55428c,223827,532,Daniel,Ballard,Ballard,56,Sunderland,SUN,Defender,a,False,5.0,3.8,2.1639,2.3601,2.851,2.4219,2.851,9.9747,1.9949,high,1.0,1.0,3,0,0,2.4,2.4,4.0,5-GW avg pts 2.40; mins 54; xGI 0.05; current GWs 3; fixture Elo diff -173,False,False,False,False,False,False,False,False,False,False,False,False,False,False,False,False,False,False,False,False,False,False,False,False,False,False,False,False,False,False,False,False
e270eb346be33f8ee53a97a0631626a6af55428c,248056,345,Tanaka,Ao,Tanaka,2,Leeds,LEE,Midfielder,a,False,4.9,0.2,2.5974,2.5974,2.1309,2.5265,2.5989,9.9676,2.0342,high,1.0,1.0,3,0,0,2.2,2.2,2.0,5-GW avg pts 2.20; mins 51; xGI 0.12; current GWs 3; fixture Elo diff -74,False,False,False,False,False,False,False,False,False,False,False,False,False,False,False,False,False,False,False,False,False,False,False,False,False,False,False,False,False,False,False,False
e270eb346be33f8ee53a97a0631626a6af55428c,449429,306,Jacob,Greaves,Greaves,40,Ipswich Town,IPS,Defender,a,False,4.0,1.3,2.4585,2.4585,2.6916,2.1386,2.6916,9.9365,2.4841,medium,0.51,0.6,3,0,1,0.6667,0.6667,0.7,5-GW avg pts 0.67; mins 90; xGI 0.02; current GWs 3; fixture Elo diff -177,False,False,False,False,False,False,False,False,False,False,False,False,False,False,False,False,False,False,False,False,False,False,False,False,False,False,False,False,False,False,False,False
e270eb346be33f8ee53a97a0631626a6af55428c,577669,545,Noah,Sadiki,Sadiki,56,Sunderland,SUN,Midfielder,a,False,5.0,0.3,2.0065,2.3046,2.8524,2.6385,2.8543,9.9221,1.9844,high,1.0,1.0,3,0,0,1.8,1.8,2.0,5-GW avg pts 1.80; mins 84; xGI 0.12; current GWs 3; fixture Elo diff -173,False,False,False,False,False,False,False,False,False,False,False,False,False,False,False,False,False,False,False,False,False,False,False,False,False,False,False,False,False,False,False,False
e270eb346be33f8ee53a97a0631626a6af55428c,547719,459,Lewis,Miley,L.Miley,4,Newcastle,NEW,Midfielder,a,False,5.5,0.1,2.4441,2.5593,2.5085,2.4368,2.3795,9.8876,1.7977,high,0.85,1.0,3,0,1,1.6,1.6,2.7,5-GW avg pts 1.60; mins 45; xGI 0.02; current GWs 3; fixture Elo diff +67,False,False,False,False,False,False,False,False,False,False,False,False,False,False,False,False,False,False,False,False,False,False,False,False,False,False,False,False,False,False,False,False
e270eb346be33f8ee53a97a0631626a6af55428c,463210,580,Shea,Charles,Charles,54,Fulham,FUL,Midfielder,a,False,5.0,0.1,2.2805,2.3368,2.6521,2.5149,2.6521,9.857,1.9714,medium,0.51,0.6,3,0,1,1.3333,1.3333,1.3,5-GW avg pts 1.33; mins 41; xGI 0.07; current GWs 3; fixture Elo diff +48,False,False,False,False,False,False,False,False,False,False,False,False,False,False,False,False,False,False,False,False,False,False,False,False,False,False,False,False,False,False,False,False
e270eb346be33f8ee53a97a0631626a6af55428c,219924,259,Issa,Diop,Diop,40,Ipswich Town,IPS,Defender,a,False,4.0,15.3,2.4171,2.4171,2.7215,2.0456,2.7215,9.8346,2.4587,high,0.85,1.0,3,0,1,4.8,4.8,2.3,5-GW avg pts 4.80; mins 89; xGI 0.16; current GWs 3; fixture Elo diff -177,False,False,False,False,False,False,False,False,False,False,False,False,False,False,False,False,False,False,False,False,False,False,False,False,False,False,False,False,False,False,False,False
e270eb346be33f8ee53a97a0631626a6af55428c,460028,149,Levi,Samuels Colwill,Colwill,8,Chelsea,CHE,Defender,a,False,4.9,1.2,2.6908,2.3776,2.3105,2.3776,2.4803,9.8316,2.0064,high,0.85,1.0,2,0,1,1.6,1.6,0.5,5-GW avg pts 1.60; mins 68; xGI 0.03; current GWs 2; fixture Elo diff +40,False,False,False,False,False,False,False,False,False,False,False,False,False,False,False,False,False,False,False,False,False,False,False,False,False,False,False,False,False,False,False,False
e270eb346be33f8ee53a97a0631626a6af55428c,472739,110,Carl,Rushworth,Rushworth,9,Coventry City,COV,Goalkeeper,a,False,4.5,1.0,2.5398,2.3067,2.5398,2.302,2.5398,9.7829,2.174,high,0.85,1.0,3,0,1,1.0,1.0,1.7,5-GW avg pts 1.00; mins 54; xGI 0.00; current GWs 3; fixture Elo diff -152,False,False,False,False,False,False,False,False,False,False,False,False,False,False,False,False,False,False,False,False,False,False,False,False,False,False,False,False,False,False,False,False
e270eb346be33f8ee53a97a0631626a6af55428c,232413,14,Eberechi,Eze,Eze,3,Arsenal,ARS,Midfielder,a,False,6.4,1.4,2.424,2.3478,2.5677,2.3497,2.5677,9.7766,1.5276,high,1.0,1.0,2,0,0,1.8,1.8,1.0,5-GW avg pts 1.80; mins 42; xGI 0.21; current GWs 2; fixture Elo diff +264,False,False,False,False,False,False,False,False,False,False,False,False,False,False,False,False,False,False,False,False,False,False,False,False,False,False,False,False,False,False,False,False
e270eb346be33f8ee53a97a0631626a6af55428c,434752,327,Jaka,Bijol,Bijol,2,Leeds,LEE,Defender,a,False,5.0,0.9,2.4792,2.4792,2.0433,2.4619,2.836,9.7701,1.954,high,1.0,1.0,3,0,0,4.2,4.2,4.0,5-GW avg pts 4.20; mins 65; xGI 0.02; current GWs 3; fixture Elo diff -74,False,False,False,False,False,False,False,False,False,False,False,False,False,False,False,False,False,False,False,False,False,False,False,False,False,False,False,False,False,False,False,False
e270eb346be33f8ee53a97a0631626a6af55428c,607464,88,Michael,Kayode,Kayode,94,Brentford,BRE,Defender,a,False,4.6,9.4,2.2827,2.5554,2.268,2.5234,2.5926,9.7189,2.1128,high,0.85,1.0,3,0,1,3.6,3.6,5.3,5-GW avg pts 3.60; mins 77; xGI 0.17; current GWs 3; fixture Elo diff -3,False,False,False,False,False,False,False,False,False,False,False,False,False,False,False,False,False,False,False,False,False,False,False,False,False,False,False,False,False,False,False,False
e270eb346be33f8ee53a97a0631626a6af55428c,463034,167,Liam,Delap,Delap,17,Nott'm Forest,NFO,Forward,a,False,5.5,0.8,2.2232,2.6704,2.3517,2.1926,2.7733,9.7069,1.7649,high,0.85,1.0,3,0,1,1.0,1.0,1.0,5-GW avg pts 1.00; mins 38; xGI 0.05; current GWs 3; fixture Elo diff -2,False,False,False,False,False,False,False,False,False,False,False,False,False,False,False,False,False,False,False,False,False,False,False,False,False,False,False,False,False,False,False,False
e270eb346be33f8ee53a97a0631626a6af55428c,154561,1,David,Raya Martín,Raya,3,Arsenal,ARS,Goalkeeper,a,False,6.0,38.6,2.5829,2.3367,2.4053,2.3367,2.4053,9.689,1.6148,high,1.0,1.0,2,0,0,5.4,5.4,6.0,5-GW avg pts 5.40; mins 72; xGI 0.00; current GWs 2; fixture Elo diff +264,False,False,False,False,False,False,False,False,False,False,False,False,False,False,False,False,False,False,False,False,False,False,False,False,False,False,False,False,False,False,False,False
e270eb346be33f8ee53a97a0631626a6af55428c,149484,33,Tyrone,Mings,Mings,7,Aston Villa,AVL,Defender,a,False,4.5,0.4,2.5138,2.3796,2.5138,2.3068,2.2963,9.6591,2.1465,high,1.0,1.0,3,0,0,2.2,2.2,2.3,5-GW avg pts 2.20; mins 39; xGI 0.03; current GWs 3; fixture Elo diff +72,False,False,False,False,False,False,False,False,False,False,False,False,False,False,False,False,False,False,False,False,False,False,False,False,False,False,False,False,False,False,False,False
e270eb346be33f8ee53a97a0631626a6af55428c,242898,209,Brennan,Johnson,Johnson,11,Everton,EVE,Midfielder,a,False,5.9,0.1,2.3731,2.4861,2.589,2.3602,2.1881,9.6468,1.635,high,0.85,1.0,3,0,1,0.8,0.8,1.0,5-GW avg pts 0.80; mins 29; xGI 0.02; current GWs 3; fixture Elo diff +2,False,False,False,False,False,False,False,False,False,False,False,False,False,False,False,False,False,False,False,False,False,False,False,False,False,False,False,False,False,False,False,False
e270eb346be33f8ee53a97a0631626a6af55428c,135720,501,Kevin,Danso,Danso,56,Sunderland,SUN,Defender,a,False,5.0,0.2,2.3302,2.3339,2.5393,2.3725,2.5393,9.6465,1.9293,high,1.0,1.0,3,0,0,2.6,2.6,0.7,5-GW avg pts 2.60; mins 54; xGI 0.06; current GWs 3; fixture Elo diff -173,False,False,False,False,False,False,False,False,False,False,False,False,False,False,False,False,False,False,False,False,False,False,False,False,False,False,False,False,False,False,False,False
e270eb346be33f8ee53a97a0631626a6af55428c,456512,483,Dan,Ndoye,Ndoye,17,Nott'm Forest,NFO,Midfielder,a,False,5.5,0.7,2.313,2.5481,2.3519,2.215,2.6617,9.6353,1.7519,high,0.85,1.0,3,0,1,2.6,2.6,4.3,5-GW avg pts 2.60; mins 37; xGI 0.20; current GWs 3; fixture Elo diff -2,False,False,False,False,False,False,False,False,False,False,False,False,False,False,False,False,False,False,False,False,False,False,False,False,False,False,False,False,False,False,False,False
e270eb346be33f8ee53a97a0631626a6af55428c,200785,73,Tyler,Adams,Adams,91,Bournemouth,BOU,Midfielder,a,False,5.0,0.3,2.4319,2.3725,2.3925,2.5527,2.2685,9.6291,1.9258,high,1.0,1.0,3,0,0,2.6,2.6,2.0,5-GW avg pts 2.60; mins 58; xGI 0.01; current GWs 3; fixture Elo diff +26,False,False,False,False,False,False,False,False,False,False,False,False,False,False,False,False,False,False,False,False,False,False,False,False,False,False,False,False,False,False,False,False
e270eb346be33f8ee53a97a0631626a6af55428c,218543,619,Exequiel,Palacios,Palacios,40,Ipswich Town,IPS,Midfielder,a,False,5.0,0.0,2.3656,2.3656,2.5272,2.269,2.5272,9.621,1.9242,low,0.34,0.4,2,0,1,2.5,2.5,2.5,5-GW avg pts 2.50; mins 52; xGI 0.01; current GWs 2; fixture Elo diff -177,False,False,False,False,False,False,False,False,False,False,False,False,False,False,False,False,False,False,False,False,False,False,False,False,False,False,False,False,False,False,False,False
e270eb346be33f8ee53a97a0631626a6af55428c,510281,403,Sávio,Moreira de Oliveira,Sávio,6,Spurs,TOT,Midfielder,a,False,6.5,0.7,2.425,2.3875,2.3096,2.5229,2.3472,9.5957,1.4763,high,0.85,1.0,3,0,1,1.2,1.2,1.0,5-GW avg pts 1.20; mins 37; xGI 0.12; current GWs 3; fixture Elo diff -50,False,False,False,False,False,False,False,False,False,False,False,False,False,False,False,False,False,False,False,False,False,False,False,False,False,False,False,False,False,False,False,False
e270eb346be33f8ee53a97a0631626a6af55428c,444180,105,Jaidon,Anthony,Anthony,94,Brentford,BRE,Midfielder,a,False,6.0,0.2,2.3232,2.4496,2.3232,2.4375,2.4989,9.592,1.5987,high,0.85,1.0,3,0,1,1.6,1.6,1.3,5-GW avg pts 1.60; mins 60; xGI 0.15; current GWs 3; fixture Elo diff -3,False,False,False,False,False,False,False,False,False,False,False,False,False,False,False,False,False,False,False,False,False,False,False,False,False,False,False,False,False,False,False,False
e270eb346be33f8ee53a97a0631626a6af55428c,247412,222,Jørgen,Strand Larsen,Strand Larsen,31,Crystal Palace,CRY,Forward,a,False,6.0,0.5,2.5101,2.3343,2.3842,2.3324,2.3842,9.5816,1.5969,high,0.85,1.0,3,0,1,1.6,1.6,1.3,5-GW avg pts 1.60; mins 54; xGI 0.15; current GWs 3; fixture Elo diff +11,False,False,False,False,False,False,False,False,False,False,False,False,False,False,False,False,False,False,False,False,False,False,False,False,False,False,False,False,False,False,False,False
e270eb346be33f8ee53a97a0631626a6af55428c,498016,529,Robin,Roefs,Roefs,56,Sunderland,SUN,Goalkeeper,a,False,5.0,3.3,2.0867,2.3081,2.6653,2.3313,2.6653,9.5273,1.9055,high,1.0,1.0,3,0,0,2.8,2.8,3.0,5-GW avg pts 2.80; mins 90; xGI 0.00; current GWs 3; fixture Elo diff -173,False,False,False,False,False,False,False,False,False,False,False,False,False,False,False,False,False,False,False,False,False,False,False,False,False,False,False,False,False,False,False,False
e270eb346be33f8ee53a97a0631626a6af55428c,577285,51,George,Hemmings,George Hemmings,7,Aston Villa,AVL,Midfielder,a,False,4.5,1.0,2.4625,2.394,2.4625,2.3262,2.1258,9.4909,2.1091,high,1.0,1.0,3,0,0,1.4,1.4,2.3,5-GW avg pts 1.40; mins 47; xGI 0.04; current GWs 3; fixture Elo diff +72,False,False,False,False,False,False,False,False,False,False,False,False,False,False,False,False,False,False,False,False,False,False,False,False,False,False,False,False,False,False,False,False
e270eb346be33f8ee53a97a0631626a6af55428c,596777,415,Patrick,Dorgu,Dorgu,1,Man Utd,MUN,Midfielder,a,False,5.9,0.7,2.1171,2.4028,2.5242,2.4028,2.4831,9.4709,1.6052,high,1.0,1.0,3,0,0,4.2,4.2,0.7,5-GW avg pts 4.20; mins 29; xGI 0.31; current GWs 3; fixture Elo diff +69,False,False,False,False,False,False,False,False,False,False,False,False,False,False,False,False,False,False,False,False,False,False,False,False,False,False,False,False,False,False,False,False
e270eb346be33f8ee53a97a0631626a6af55428c,441266,371,Ryan,Gravenberch,Gravenberch,14,Liverpool,LIV,Midfielder,a,False,5.9,1.5,2.4497,2.2824,2.2681,2.351,2.4497,9.4338,1.599,high,1.0,1.0,3,0,0,2.2,2.2,2.3,5-GW avg pts 2.20; mins 54; xGI 0.06; current GWs 3; fixture Elo diff +44,False,False,False,False,False,False,False,False,False,False,False,False,False,False,False,False,False,False,False,False,False,False,False,False,False,False,False,False,False,False,False,False
e270eb346be33f8ee53a97a0631626a6af55428c,248857,16,Noni,Madueke,Madueke,3,Arsenal,ARS,Midfielder,a,False,6.3,0.2,2.2764,2.2753,2.4745,2.2773,2.4745,9.3826,1.4893,high,1.0,1.0,2,0,0,2.6,2.6,0.5,5-GW avg pts 2.60; mins 23; xGI 0.10; current GWs 2; fixture Elo diff +264,False,False,False,False,False,False,False,False,False,False,False,False,False,False,False,False,False,False,False,False,False,False,False,False,False,False,False,False,False,False,False,False
e270eb346be33f8ee53a97a0631626a6af55428c,240514,564,Kjell,Scherpen,Scherpen,40,Ipswich Town,IPS,Goalkeeper,a,False,4.5,0.6,2.3067,2.3067,2.5398,2.0259,2.5398,9.3565,2.0792,high,0.85,1.0,3,0,1,1.2,1.2,2.0,5-GW avg pts 1.20; mins 54; xGI 0.00; current GWs 3; fixture Elo diff -177,False,False,False,False,False,False,False,False,False,False,False,False,False,False,False,False,False,False,False,False,False,False,False,False,False,False,False,False,False,False,False,False
e270eb346be33f8ee53a97a0631626a6af55428c,231065,91,Ethan,Pinnock,Pinnock,9,Coventry City,COV,Defender,a,False,4.5,0.1,2.3762,2.169,2.3762,2.3414,2.3762,9.294,2.0653,high,0.85,1.0,3,0,1,0.8,0.8,1.3,5-GW avg pts 0.80; mins 20; xGI 0.02; current GWs 3; fixture Elo diff -152,False,False,False,False,False,False,False,False,False,False,False,False,False,False,False,False,False,False,False,False,False,False,False,False,False,False,False,False,False,False,False,False
e270eb346be33f8ee53a97a0631626a6af55428c,606930,586,Nobel,Mendy,Mendy,88,Hull City,HUL,Defender,a,False,4.0,6.0,2.1786,2.1786,2.5921,2.1786,2.5921,9.2934,2.3234,medium,0.51,0.6,3,0,1,8.0,8.0,8.0,5-GW avg pts 8.00; mins 64; xGI 0.11; current GWs 3; fixture Elo diff -158,False,False,False,False,False,False,False,False,False,False,False,False,False,False,False,False,False,False,False,False,False,False,False,False,False,False,False,False,False,False,False,False
e270eb346be33f8ee53a97a0631626a6af55428c,173774,598,Nico,Elvedi,Elvedi,2,Leeds,LEE,Defender,a,False,4.5,0.0,2.4577,2.4577,1.9539,2.3088,2.3826,9.2785,2.0619,medium,0.6,0.6,3,0,0,1.6667,1.6667,1.7,5-GW avg pts 1.67; mins 49; xGI 0.19; current GWs 3; fixture Elo diff -74,False,False,False,False,False,False,False,False,False,False,False,False,False,False,False,False,False,False,False,False,False,False,False,False,False,False,False,False,False,False,False,False
e270eb346be33f8ee53a97a0631626a6af55428c,434399,536,Reinildo,Mandava,Reinildo,56,Sunderland,SUN,Defender,a,False,4.5,0.4,2.0238,2.0775,2.7604,2.1697,2.7604,9.277,2.0616,high,1.0,1.0,3,0,0,2.6,2.6,3.0,5-GW avg pts 2.60; mins 90; xGI 0.07; current GWs 3; fixture Elo diff -173,False,False,False,False,False,False,False,False,False,False,False,False,False,False,False,False,False,False,False,False,False,False,False,False,False,False,False,False,False,False,False,False
e270eb346be33f8ee53a97a0631626a6af55428c,243413,290,Regan,Slater,Slater,88,Hull City,HUL,Midfielder,a,False,4.5,4.9,2.2141,2.2141,2.496,2.2141,2.496,9.251,2.0558,medium,0.51,0.6,3,0,1,3.6667,3.6667,3.7,5-GW avg pts 3.67; mins 90; xGI 0.17; current GWs 3; fixture Elo diff -158,False,False,False,False,False,False,False,False,False,False,False,False,False,False,False,False,False,False,False,False,False,False,False,False,False,False,False,False,False,False,False,False
e270eb346be33f8ee53a97a0631626a6af55428c,435997,336,Noah,Okafor,Okafor,2,Leeds,LEE,Midfielder,a,False,5.9,0.3,2.3538,2.3538,2.1084,2.3215,2.4156,9.2334,1.565,high,1.0,1.0,3,0,0,1.2,1.2,2.0,5-GW avg pts 1.20; mins 31; xGI 0.05; current GWs 3; fixture Elo diff -74,False,False,False,False,False,False,False,False,False,False,False,False,False,False,False,False,False,False,False,False,False,False,False,False,False,False,False,False,False,False,False,False
e270eb346be33f8ee53a97a0631626a6af55428c,146426,279,Semi,Ajayi,Ajayi,88,Hull City,HUL,Defender,a,False,4.1,10.1,2.1992,2.1992,2.5031,2.1992,2.5031,9.2224,2.2494,medium,0.51,0.6,3,0,1,8.3333,8.3333,8.3,5-GW avg pts 8.33; mins 81; xGI 0.17; current GWs 3; fixture Elo diff -158,False,False,False,False,False,False,False,False,False,False,False,False,False,False,False,False,False,False,False,False,False,False,False,False,False,False,False,False,False,False,False,False
e270eb346be33f8ee53a97a0631626a6af55428c,469266,589,Lucas,Gourna-Douath,Gourna-Douath,88,Hull City,HUL,Midfielder,a,False,5.0,0.0,2.2554,2.2554,2.3242,2.2554,2.3242,9.1179,1.8236,medium,0.51,0.6,3,0,1,1.0,1.0,1.0,5-GW avg pts 1.00; mins 42; xGI 0.01; current GWs 3; fixture Elo diff -158,False,False,False,False,False,False,False,False,False,False,False,False,False,False,False,False,False,False,False,False,False,False,False,False,False,False,False,False,False,False,False,False
e270eb346be33f8ee53a97a0631626a6af55428c,480457,183,Jack,Rudoni,Rudoni,9,Coventry City,COV,Midfielder,a,False,5.0,0.1,2.2824,2.1674,2.2843,2.3388,2.2843,9.0683,1.8137,medium,0.51,0.6,3,0,1,2.0,2.0,2.0,5-GW avg pts 2.00; mins 51; xGI 0.23; current GWs 3; fixture Elo diff -152,False,False,False,False,False,False,False,False,False,False,False,False,False,False,False,False,False,False,False,False,False,False,False,False,False,False,False,False,False,False,False,False
e270eb346be33f8ee53a97a0631626a6af55428c,608227,576,Elliot,Stroud,Stroud,88,Hull City,HUL,Midfielder,a,False,5.0,0.1,2.2122,2.2122,2.3167,2.2122,2.3167,8.9951,1.799,medium,0.51,0.6,3,0,1,2.0,2.0,2.0,5-GW avg pts 2.00; mins 63; xGI 0.03; current GWs 3; fixture Elo diff -158,False,False,False,False,False,False,False,False,False,False,False,False,False,False,False,False,False,False,False,False,False,False,False,False,False,False,False,False,False,False,False,False
e270eb346be33f8ee53a97a0631626a6af55428c,243526,331,Gabriel,Gudmundsson,Gudmundsson,2,Leeds,LEE,Defender,a,False,4.5,0.0,2.3625,2.3625,1.9113,2.1681,2.4233,8.9894,1.9976,high,1.0,1.0,3,0,0,0.4,0.4,0.7,5-GW avg pts 0.40; mins 18; xGI 0.00; current GWs 3; fixture Elo diff -74,False,False,False,False,False,False,False,False,False,False,False,False,False,False,False,False,False,False,False,False,False,False,False,False,False,False,False,False,False,False,False,False
e270eb346be33f8ee53a97a0631626a6af55428c,232351,282,Ryan,Giles,Giles,88,Hull City,HUL,Defender,a,False,4.0,1.1,2.1282,2.1282,2.4326,2.1282,2.4326,8.9388,2.2347,medium,0.51,0.6,3,0,1,6.6667,6.6667,6.7,5-GW avg pts 6.67; mins 88; xGI 0.07; current GWs 3; fixture Elo diff -158,False,False,False,False,False,False,False,False,False,False,False,False,False,False,False,False,False,False,False,False,False,False,False,False,False,False,False,False,False,False,False,False
e270eb346be33f8ee53a97a0631626a6af55428c,431639,640,Zian,Flemming,Flemming,40,Ipswich Town,IPS,Forward,a,False,5.5,0.0,2.1912,2.1912,2.4022,1.9977,2.4022,8.9248,1.6227,high,0.85,1.0,1,0,1,3.6,3.6,1.8,5-GW avg pts 3.60; mins 70; xGI 0.24; current GWs 1; fixture Elo diff -177,False,False,False,False,False,False,False,False,False,False,False,False,False,False,False,False,False,False,False,False,False,False,False,False,False,False,False,False,False,False,False,False
e270eb346be33f8ee53a97a0631626a6af55428c,108416,277,John,Egan,Egan,88,Hull City,HUL,Defender,a,False,4.0,5.6,2.1188,2.1188,2.4232,2.1188,2.4232,8.9013,2.2253,medium,0.51,0.6,3,0,1,7.6667,7.6667,7.7,5-GW avg pts 7.67; mins 90; xGI 0.00; current GWs 3; fixture Elo diff -158,False,False,False,False,False,False,False,False,False,False,False,False,False,False,False,False,False,False,False,False,False,False,False,False,False,False,False,False,False,False,False,False
e270eb346be33f8ee53a97a0631626a6af55428c,207189,265,Sander,Berge,Berge,54,Fulham,FUL,Midfielder,a,False,5.0,0.3,2.1071,2.1538,2.2963,2.343,2.2963,8.9005,1.7801,high,0.85,1.0,3,0,1,1.8,1.8,1.7,5-GW avg pts 1.80; mins 64; xGI 0.11; current GWs 3; fixture Elo diff +48,False,False,False,False,False,False,False,False,False,False,False,False,False,False,False,False,False,False,False,False,False,False,False,False,False,False,False,False,False,False,False,False
e270eb346be33f8ee53a97a0631626a6af55428c,442967,562,Daizen,Maeda,Maeda,40,Ipswich Town,IPS,Midfielder,a,False,5.4,0.3,2.2182,2.2182,2.3227,1.9731,2.3227,8.8476,1.6384,medium,0.51,0.6,3,0,1,2.0,2.0,2.0,5-GW avg pts 2.00; mins 72; xGI 0.24; current GWs 3; fixture Elo diff -177,False,False,False,False,False,False,False,False,False,False,False,False,False,False,False,False,False,False,False,False,False,False,False,False,False,False,False,False,False,False,False,False
e270eb346be33f8ee53a97a0631626a6af55428c,485711,439,Benjamin,Sesko,Šeško,1,Man Utd,MUN,Forward,a,False,7.0,1.6,2.033,2.2302,2.3036,2.2302,2.2352,8.7853,1.255,high,1.0,1.0,3,0,0,1.4,1.4,2.3,5-GW avg pts 1.40; mins 11; xGI 0.07; current GWs 3; fixture Elo diff +69,False,False,False,False,False,False,False,False,False,False,False,False,False,False,False,False,False,False,False,False,False,False,False,False,False,False,False,False,False,False,False,False
e270eb346be33f8ee53a97a0631626a6af55428c,232653,456,Jacob,Ramsey,J.Ramsey,4,Newcastle,NEW,Midfielder,a,False,4.9,0.3,2.1858,2.2785,2.2268,2.0999,2.1212,8.7605,1.7879,high,0.85,1.0,3,0,1,4.0,4.0,2.3,5-GW avg pts 4.00; mins 50; xGI 0.11; current GWs 3; fixture Elo diff +67,False,False,False,False,False,False,False,False,False,False,False,False,False,False,False,False,False,False,False,False,False,False,False,False,False,False,False,False,False,False,False,False
e270eb346be33f8ee53a97a0631626a6af55428c,536661,551,Nilson,Angulo,N.Angulo,56,Sunderland,SUN,Midfielder,a,False,5.0,0.1,2.0613,2.1074,2.3291,2.1774,2.3311,8.7441,1.7488,high,1.0,1.0,3,0,0,2.6,2.6,3.3,5-GW avg pts 2.60; mins 64; xGI 0.12; current GWs 3; fixture Elo diff -173,False,False,False,False,False,False,False,False,False,False,False,False,False,False,False,False,False,False,False,False,False,False,False,False,False,False,False,False,False,False,False,False
e270eb346be33f8ee53a97a0631626a6af55428c,226182,330,Jayden,Bogle,Bogle,2,Leeds,LEE,Defender,a,False,4.5,0.9,2.2556,2.4625,1.6849,2.2463,2.2332,8.7321,1.9405,high,1.0,1.0,3,0,0,4.8,4.8,7.3,5-GW avg pts 4.80; mins 59; xGI 0.24; current GWs 3; fixture Elo diff -74,False,False,False,False,False,False,False,False,False,False,False,False,False,False,False,False,False,False,False,False,False,False,False,False,False,False,False,False,False,False,False,False
e270eb346be33f8ee53a97a0631626a6af55428c,241293,186,Ephron,Mason-Clark,Mason-Clark,9,Coventry City,COV,Midfielder,a,False,5.4,0.1,2.1964,2.1277,2.1964,2.2028,2.1964,8.7283,1.6164,medium,0.51,0.6,3,0,1,1.0,1.0,1.0,5-GW avg pts 1.00; mins 42; xGI 0.02; current GWs 3; fixture Elo diff -152,False,False,False,False,False,False,False,False,False,False,False,False,False,False,False,False,False,False,False,False,False,False,False,False,False,False,False,False,False,False,False,False
e270eb346be33f8ee53a97a0631626a6af55428c,437505,553,Wilson,Isidor,Isidor,56,Sunderland,SUN,Forward,a,False,5.5,1.2,2.1303,2.0632,2.3716,2.0418,2.3379,8.7164,1.5848,high,1.0,1.0,3,0,0,3.8,3.8,4.3,5-GW avg pts 3.80; mins 23; xGI 0.39; current GWs 3; fixture Elo diff -173,False,False,False,False,False,False,False,False,False,False,False,False,False,False,False,False,False,False,False,False,False,False,False,False,False,False,False,False,False,False,False,False
e270eb346be33f8ee53a97a0631626a6af55428c,469272,190,Loum,Tchaouna,Tchaouna,9,Coventry City,COV,Midfielder,a,False,5.5,0.1,2.2231,2.0782,2.2231,2.0875,2.2231,8.667,1.5758,high,0.85,1.0,3,0,1,2.2,2.2,1.3,5-GW avg pts 2.20; mins 64; xGI 0.10; current GWs 3; fixture Elo diff -152,False,False,False,False,False,False,False,False,False,False,False,False,False,False,False,False,False,False,False,False,False,False,False,False,False,False,False,False,False,False,False,False
e270eb346be33f8ee53a97a0631626a6af55428c,508395,102,Yehor,Yarmoliuk,Yarmoliuk,94,Brentford,BRE,Midfielder,a,False,4.9,0.9,2.0674,2.1146,2.0674,2.1146,2.2311,8.4433,1.7231,high,0.85,1.0,3,0,1,2.0,2.0,0.7,5-GW avg pts 2.00; mins 35; xGI 0.03; current GWs 3; fixture Elo diff -3,False,False,False,False,False,False,False,False,False,False,False,False,False,False,False,False,False,False,False,False,False,False,False,False,False,False,False,False,False,False,False,False
e270eb346be33f8ee53a97a0631626a6af55428c,231416,113,Ferdi,Kadıoğlu,F.Kadıoğlu,36,Brighton,BHA,Defender,a,False,4.4,1.9,2.2554,1.8519,2.1952,2.2415,1.969,8.4286,1.9156,high,0.85,1.0,3,0,1,1.0,1.0,0.7,5-GW avg pts 1.00; mins 69; xGI 0.17; current GWs 3; fixture Elo diff +6,False,False,False,False,False,False,False,False,False,False,False,False,False,False,False,False,False,False,False,False,False,False,False,False,False,False,False,False,False,False,False,False
e270eb346be33f8ee53a97a0631626a6af55428c,487676,534,Trai,Hume,Hume,56,Sunderland,SUN,Defender,a,False,4.5,5.1,1.726,1.9119,2.4329,2.1225,2.2924,8.2543,1.8343,high,1.0,1.0,3,0,0,3.6,3.6,3.0,5-GW avg pts 3.60; mins 69; xGI 0.14; current GWs 3; fixture Elo diff -173,False,False,False,False,False,False,False,False,False,False,False,False,False,False,False,False,False,False,False,False,False,False,False,False,False,False,False,False,False,False,False,False
e270eb346be33f8ee53a97a0631626a6af55428c,247348,201,Daniel,Muñoz Mejía,Muñoz,17,Nott'm Forest,NFO,Defender,a,False,5.4,6.3,1.994,2.2092,2.0021,1.9276,2.1913,8.2481,1.5274,high,0.85,1.0,3,0,1,1.6,1.6,0.3,5-GW avg pts 1.60; mins 44; xGI 0.08; current GWs 3; fixture Elo diff -2,False,True,False,False,False,False,False,False,False,False,False,False,False,False,False,False,False,False,False,False,False,False,False,False,False,False,False,False,False,False,False,False
e270eb346be33f8ee53a97a0631626a6af55428c,244860,247,Hayden,Hackney,Hackney,11,Everton,EVE,Midfielder,a,False,5.5,0.2,2.0532,2.1911,2.087,1.9886,1.7427,8.1324,1.4786,medium,0.51,0.6,3,0,1,2.6667,2.6667,2.7,5-GW avg pts 2.67; mins 40; xGI 0.05; current GWs 3; fixture Elo diff +2,False,False,False,False,False,False,False,False,False,False,False,False,False,False,False,False,False,False,False,False,False,False,False,False,False,False,False,False,False,False,False,False
e270eb346be33f8ee53a97a0631626a6af55428c,661888,575,Caleb,Yirenkyi,Yirenkyi,9,Coventry City,COV,Midfielder,a,False,5.0,0.2,2.0034,1.9855,2.0034,2.024,2.0034,8.0118,1.6024,medium,0.51,0.6,3,0,1,1.6667,1.6667,1.7,5-GW avg pts 1.67; mins 53; xGI 0.05; current GWs 3; fixture Elo diff -152,False,False,False,False,False,False,False,False,False,False,False,False,False,False,False,False,False,False,False,False,False,False,False,False,False,False,False,False,False,False,False,False
e270eb346be33f8ee53a97a0631626a6af55428c,93605,541,Thomas,Meunier,Meunier,56,Sunderland,SUN,Defender,a,False,4.5,0.3,1.7832,1.8559,2.2697,1.9556,2.2716,8.0011,1.778,medium,0.6,0.6,3,0,0,3.0,3.0,3.0,5-GW avg pts 3.00; mins 81; xGI 0.11; current GWs 3; fixture Elo diff -173,False,False,False,False,False,False,False,False,False,False,False,False,False,False,False,False,False,False,False,False,False,False,False,False,False,False,False,False,False,False,False,False
e270eb346be33f8ee53a97a0631626a6af55428c,482616,627,Bradley,Barcola,Barcola,14,Liverpool,LIV,Midfielder,a,False,8.0,1.5,2.0656,1.9412,1.8846,2.0388,2.0656,7.9869,0.9984,low,0.2,0.2,1,0,0,1.0,1.0,2.8,5-GW avg pts 1.00; mins 26; xGI 0.07; current GWs 1; fixture Elo diff +44,False,False,False,False,False,False,False,False,False,False,False,False,False,False,False,False,False,False,False,False,False,False,False,False,False,False,False,False,False,False,False,False
e270eb346be33f8ee53a97a0631626a6af55428c,427637,337,Brenden,Aaronson,Aaronson,2,Leeds,LEE,Midfielder,a,False,5.4,0.7,1.9951,1.9951,1.9066,1.9951,2.1161,7.9821,1.4782,high,1.0,1.0,3,0,0,1.4,1.4,1.7,5-GW avg pts 1.40; mins 61; xGI 0.12; current GWs 3; fixture Elo diff -74,False,False,False,False,False,False,False,False,False,False,False,False,False,False,False,False,False,False,False,False,False,False,False,False,False,False,False,False,False,False,False,False
e270eb346be33f8ee53a97a0631626a6af55428c,221466,498,Marcos,Senesi Barón,Senesi,6,Spurs,TOT,Defender,a,False,5.9,5.2,2.0039,1.9371,1.883,2.2146,1.9498,7.9738,1.3515,high,0.85,1.0,3,0,1,1.8,1.8,1.0,5-GW avg pts 1.80; mins 54; xGI 0.01; current GWs 3; fixture Elo diff -50,False,False,False,False,False,False,False,False,False,False,False,False,False,False,False,False,False,False,False,False,False,False,False,False,False,False,False,False,False,False,False,False
e270eb346be33f8ee53a97a0631626a6af55428c,428580,104,Frank,Onyeka,Onyeka,9,Coventry City,COV,Midfielder,a,False,5.0,0.1,1.9683,1.9402,1.9683,2.1458,1.9683,7.972,1.5944,high,0.85,1.0,3,0,1,0.8,0.8,1.3,5-GW avg pts 0.80; mins 30; xGI 0.00; current GWs 3; fixture Elo diff -152,False,False,False,False,False,False,False,False,False,False,False,False,False,False,False,False,False,False,False,False,False,False,False,False,False,False,False,False,False,False,False,False
e270eb346be33f8ee53a97a0631626a6af55428c,225796,142,Reece,James,James,8,Chelsea,CHE,Defender,a,False,5.4,7.9,2.0333,1.9377,1.9442,2.0121,2.0267,7.9571,1.4735,high,0.85,1.0,2,0,1,0.6,0.6,0.5,5-GW avg pts 0.60; mins 35; xGI 0.05; current GWs 2; fixture Elo diff +40,False,False,False,False,False,False,False,False,False,False,False,False,False,False,False,False,False,False,False,False,False,False,False,False,False,False,False,False,False,False,False,False
e270eb346be33f8ee53a97a0631626a6af55428c,153682,260,Harry,Wilson,Wilson,2,Leeds,LEE,Midfielder,a,False,6.4,3.7,1.9821,1.9821,1.8251,1.958,2.1332,7.8766,1.2307,high,1.0,1.0,3,0,0,1.8,1.8,1.3,5-GW avg pts 1.80; mins 31; xGI 0.04; current GWs 3; fixture Elo diff -74,False,False,False,False,False,False,False,False,False,False,False,False,False,False,False,False,False,False,False,False,False,False,False,False,False,False,False,False,False,False,False,False
e270eb346be33f8ee53a97a0631626a6af55428c,193278,280,Lewie,Coyle,Coyle,88,Hull City,HUL,Defender,a,False,4.0,0.5,1.8225,1.8225,2.0983,1.8225,2.0983,7.676,1.919,medium,0.51,0.6,3,0,1,4.0,4.0,4.0,5-GW avg pts 4.00; mins 59; xGI 0.01; current GWs 3; fixture Elo diff -158,False,False,False,False,False,False,False,False,False,False,False,False,False,False,False,False,False,False,False,False,False,False,False,False,False,False,False,False,False,False,False,False
e270eb346be33f8ee53a97a0631626a6af55428c,159506,473,Ola,Aina,Aina,17,Nott'm Forest,NFO,Defender,a,False,4.5,3.0,1.8269,2.1041,1.8752,1.8044,1.9591,7.6593,1.7021,high,0.85,1.0,3,0,1,1.2,1.2,2.0,5-GW avg pts 1.20; mins 43; xGI 0.11; current GWs 3; fixture Elo diff -2,False,False,False,False,False,False,False,False,False,False,False,False,False,False,False,False,False,False,False,False,False,False,False,False,False,False,False,False,False,False,False,False
e270eb346be33f8ee53a97a0631626a6af55428c,122798,502,Andrew,Robertson,Robertson,6,Spurs,TOT,Defender,a,False,4.5,3.1,1.8773,1.8598,1.7983,2.1926,1.8158,7.614,1.692,high,0.85,1.0,3,0,1,1.6,1.6,2.0,5-GW avg pts 1.60; mins 54; xGI 0.08; current GWs 3; fixture Elo diff -50,False,False,False,False,False,False,False,False,False,False,False,False,False,False,False,False,False,False,False,False,False,False,False,False,False,False,False,False,False,False,False,False
e270eb346be33f8ee53a97a0631626a6af55428c,218997,195,Ellis,Simms,Simms,9,Coventry City,COV,Forward,a,False,5.0,0.8,1.9092,1.8913,1.9092,1.8958,1.9092,7.6113,1.5223,medium,0.51,0.6,3,0,1,1.0,1.0,1.0,5-GW avg pts 1.00; mins 29; xGI 0.10; current GWs 3; fixture Elo diff -152,False,False,False,False,False,False,False,False,False,False,False,False,False,False,False,False,False,False,False,False,False,False,False,False,False,False,False,False,False,False,False,False
e270eb346be33f8ee53a97a0631626a6af55428c,611922,369,Rio,Ngumoha,Ngumoha,14,Liverpool,LIV,Midfielder,a,False,5.9,0.7,1.9771,1.8779,1.7349,1.9553,1.9771,7.6101,1.2898,high,1.0,1.0,3,0,0,1.4,1.4,1.0,5-GW avg pts 1.40; mins 49; xGI 0.10; current GWs 3; fixture Elo diff +44,False,False,False,False,False,False,False,False,False,False,False,False,False,False,False,False,False,False,False,False,False,False,False,False,False,False,False,False,False,False,False,False
e270eb346be33f8ee53a97a0631626a6af55428c,230730,194,Brandon,Thomas-Asante,Thomas-Asante,9,Coventry City,COV,Forward,a,False,5.0,0.8,1.8946,1.8767,1.8946,1.8767,1.8946,7.5498,1.51,medium,0.51,0.6,3,0,1,1.3333,1.3333,1.3,5-GW avg pts 1.33; mins 40; xGI 0.01; current GWs 3; fixture Elo diff -152,False,False,False,False,False,False,False,False,False,False,False,False,False,False,False,False,False,False,False,False,False,False,False,False,False,False,False,False,False,False,False,False
e270eb346be33f8ee53a97a0631626a6af55428c,487053,506,Destiny,Udogie,Udogie,6,Spurs,TOT,Defender,a,False,4.5,0.4,1.9392,1.9299,1.7249,2.0715,1.7341,7.5466,1.677,high,0.85,1.0,3,0,1,2.8,2.8,2.3,5-GW avg pts 2.80; mins 49; xGI 0.05; current GWs 3; fixture Elo diff -50,False,False,False,False,False,False,False,False,False,False,False,False,False,False,False,False,False,False,False,False,False,False,False,False,False,False,False,False,False,False,False,False
e270eb346be33f8ee53a97a0631626a6af55428c,532605,162,Andrey,Nascimento dos Santos,Andrey Santos,1,Man Utd,MUN,Midfielder,a,False,4.9,0.8,1.7074,1.9228,1.9407,1.9228,1.9407,7.5008,1.5308,high,1.0,1.0,3,0,0,2.8,2.8,1.3,5-GW avg pts 2.80; mins 34; xGI 0.09; current GWs 3; fixture Elo diff +69,False,False,False,False,False,False,False,False,False,False,False,False,False,False,False,False,False,False,False,False,False,False,False,False,False,False,False,False,False,False,False,False
e270eb346be33f8ee53a97a0631626a6af55428c,224117,25,Viktor,Gyökeres,Gyökeres,3,Arsenal,ARS,Forward,a,False,7.3,4.4,1.8257,1.7775,1.9562,1.7775,1.9562,7.4084,1.0148,high,1.0,1.0,2,0,0,0.8,0.8,0.0,5-GW avg pts 0.80; mins 23; xGI 0.08; current GWs 2; fixture Elo diff +264,False,False,False,False,False,False,False,False,False,False,False,False,False,False,False,False,False,False,False,False,False,False,False,False,False,False,False,False,False,False,False,False
e270eb346be33f8ee53a97a0631626a6af55428c,243951,642,Sorba,Thomas,Thomas,88,Hull City,HUL,Midfielder,a,False,5.5,0.0,1.8307,1.8307,1.8574,1.8307,1.8574,7.3603,1.3382,low,0.17,0.2,1,0,1,1.0,1.0,2.0,5-GW avg pts 1.00; mins 27; xGI 0.04; current GWs 1; fixture Elo diff -158,False,False,False,False,False,False,False,False,False,False,False,False,False,False,False,False,False,False,False,False,False,False,False,False,False,False,False,False,False,False,False,False
e270eb346be33f8ee53a97a0631626a6af55428c,613221,634,Matias,Fernandez-Pardo,Fernandez-Pardo,4,Newcastle,NEW,Forward,a,False,6.0,0.1,1.8544,1.8811,1.8544,1.7834,1.7898,7.3531,1.2255,low,0.17,0.2,1,0,1,1.0,1.0,2.1,5-GW avg pts 1.00; mins 27; xGI 0.00; current GWs 1; fixture Elo diff +67,False,False,False,False,False,False,False,False,False,False,False,False,False,False,False,False,False,False,False,False,False,False,False,False,False,False,False,False,False,False,False,False
e270eb346be33f8ee53a97a0631626a6af55428c,577016,151,Josh,Acheampong,Acheampong,8,Chelsea,CHE,Defender,a,False,4.5,0.4,1.8982,1.704,1.7814,1.7497,1.8917,7.2167,1.6037,high,0.85,1.0,2,0,1,1.4,1.4,2.0,5-GW avg pts 1.40; mins 38; xGI 0.01; current GWs 2; fixture Elo diff +40,False,False,False,False,False,False,False,False,False,False,False,False,False,False,False,False,False,False,False,False,False,False,False,False,False,False,False,False,False,False,False,False
e270eb346be33f8ee53a97a0631626a6af55428c,244954,34,Pau,Torres,Pau,7,Aston Villa,AVL,Defender,a,False,4.5,0.4,1.844,1.7991,1.844,1.7991,1.6585,7.1929,1.5984,high,1.0,1.0,3,0,0,1.4,1.4,0.7,5-GW avg pts 1.40; mins 54; xGI 0.14; current GWs 3; fixture Elo diff +72,False,False,False,False,False,False,False,False,False,False,False,False,False,False,False,False,False,False,False,False,False,False,False,False,False,False,False,False,False,False,False,False
e270eb346be33f8ee53a97a0631626a6af55428c,216094,357,Jeremie,Frimpong,Frimpong,14,Liverpool,LIV,Defender,a,False,5.4,2.7,1.8388,1.8161,1.6473,1.8242,1.8369,7.1702,1.3278,high,1.0,1.0,3,0,0,0.4,0.4,0.3,5-GW avg pts 0.40; mins 35; xGI 0.04; current GWs 3; fixture Elo diff +44,False,False,False,False,False,False,False,False,False,False,False,False,False,False,False,False,False,False,False,False,False,False,False,False,False,False,False,False,False,False,False,False
e270eb346be33f8ee53a97a0631626a6af55428c,114283,238,Jack,Grealish,Grealish,11,Everton,EVE,Midfielder,a,False,6.5,0.3,1.8086,1.837,1.8152,1.756,1.6581,7.1381,1.0982,high,0.85,1.0,3,0,1,0.4,0.4,0.7,5-GW avg pts 0.40; mins 6; xGI 0.03; current GWs 3; fixture Elo diff +2,False,False,False,False,False,False,False,False,False,False,False,False,False,False,False,False,False,False,False,False,False,False,False,False,False,False,False,False,False,False,False,False
e270eb346be33f8ee53a97a0631626a6af55428c,481655,19,Martín,Zubimendi Ibáñez,Zubimendi,3,Arsenal,ARS,Midfielder,a,False,5.4,0.8,1.7878,1.7388,1.8203,1.7388,1.8203,7.1182,1.3182,high,1.0,1.0,2,0,0,1.2,1.2,1.0,5-GW avg pts 1.20; mins 31; xGI 0.01; current GWs 2; fixture Elo diff +264,False,False,False,False,False,False,False,False,False,False,False,False,False,False,False,False,False,False,False,False,False,False,False,False,False,False,False,False,False,False,False,False
e270eb346be33f8ee53a97a0631626a6af55428c,195384,17,Mikel,Merino Zazón,Merino,3,Arsenal,ARS,Midfielder,a,False,5.9,0.5,1.6881,1.687,1.8185,1.6889,1.8185,6.9345,1.1753,high,1.0,1.0,2,0,0,0.6,0.6,1.0,5-GW avg pts 0.60; mins 12; xGI 0.11; current GWs 2; fixture Elo diff +264,False,False,False,False,False,False,False,False,False,False,False,False,False,False,False,False,False,False,False,False,False,False,False,False,False,False,False,False,False,False,False,False
e270eb346be33f8ee53a97a0631626a6af55428c,498444,583,Pep,Chavarría,Chavarria,8,Chelsea,CHE,Defender,a,False,4.9,0.2,1.7941,1.6373,1.6552,1.7117,1.7941,6.8665,1.4013,low,0.34,0.4,2,0,1,1.0,1.0,1.0,5-GW avg pts 1.00; mins 22; xGI 0.01; current GWs 2; fixture Elo diff +40,False,False,False,False,False,False,False,False,False,False,False,False,False,False,False,False,False,False,False,False,False,False,False,False,False,False,False,False,False,False,False,False
e270eb346be33f8ee53a97a0631626a6af55428c,460842,512,Mohammed,Kudus,Kudus,6,Spurs,TOT,Midfielder,a,False,6.5,0.1,1.7116,1.6659,1.6441,1.7925,1.6898,6.7948,1.0453,high,0.85,1.0,3,0,1,0.4,0.4,0.7,5-GW avg pts 0.40; mins 10; xGI 0.04; current GWs 3; fixture Elo diff -50,False,False,False,False,False,False,False,False,False,False,False,False,False,False,False,False,False,False,False,False,False,False,False,False,False,False,False,False,False,False,False,False
e270eb346be33f8ee53a97a0631626a6af55428c,513086,93,Jannik,Schuster,Schuster,94,Brentford,BRE,Defender,a,False,4.5,0.1,1.5433,1.726,1.5342,1.6948,1.8152,6.5996,1.4666,medium,0.51,0.6,3,0,1,1.3333,1.3333,1.3,5-GW avg pts 1.33; mins 24; xGI 0.04; current GWs 3; fixture Elo diff -3,False,False,False,False,False,False,False,False,False,False,False,False,False,False,False,False,False,False,False,False,False,False,False,False,False,False,False,False,False,False,False,False
e270eb346be33f8ee53a97a0631626a6af55428c,174594,347,Lukas,Nmecha,Nmecha,2,Leeds,LEE,Forward,a,False,5.5,0.5,1.6316,1.6316,1.531,1.6684,1.7827,6.5624,1.1932,high,1.0,1.0,3,0,0,1.6,1.6,1.7,5-GW avg pts 1.60; mins 32; xGI 0.28; current GWs 3; fixture Elo diff -74,False,False,False,False,False,False,False,False,False,False,False,False,False,False,False,False,False,False,False,False,False,False,False,False,False,False,False,False,False,False,False,False
e270eb346be33f8ee53a97a0631626a6af55428c,501390,309,Marcelino,Núñez,Núñez,40,Ipswich Town,IPS,Midfielder,a,False,5.0,0.1,1.6172,1.6172,1.7225,1.4485,1.7225,6.4982,1.2996,medium,0.51,0.6,3,0,1,2.0,2.0,2.0,5-GW avg pts 2.00; mins 47; xGI 0.03; current GWs 3; fixture Elo diff -177,False,False,False,False,False,False,False,False,False,False,False,False,False,False,False,False,False,False,False,False,False,False,False,False,False,False,False,False,False,False,False,False
e270eb346be33f8ee53a97a0631626a6af55428c,209289,262,Emile,Smith Rowe,Smith Rowe,54,Fulham,FUL,Midfielder,a,False,5.4,0.3,1.5138,1.5317,1.7111,1.729,1.7111,6.4982,1.2034,high,0.85,1.0,3,0,1,1.4,1.4,0.7,5-GW avg pts 1.40; mins 35; xGI 0.04; current GWs 3; fixture Elo diff +48,False,False,False,False,False,False,False,False,False,False,False,False,False,False,False,False,False,False,False,False,False,False,False,False,False,False,False,False,False,False,False,False
e270eb346be33f8ee53a97a0631626a6af55428c,75115,108,Callum,Wilson,Wilson,94,Brentford,BRE,Forward,a,False,5.5,0.4,1.5498,1.6307,1.5498,1.5896,1.832,6.4693,1.1762,high,0.85,1.0,3,0,1,2.0,2.0,1.0,5-GW avg pts 2.00; mins 30; xGI 0.16; current GWs 3; fixture Elo diff -3,False,False,False,False,False,False,False,False,False,False,False,False,False,False,False,False,False,False,False,False,False,False,False,False,False,False,False,False,False,False,False,False
e270eb346be33f8ee53a97a0631626a6af55428c,472713,90,Aaron,Hickey,Hickey,94,Brentford,BRE,Defender,a,False,4.5,0.1,1.5175,1.6782,1.5175,1.6782,1.6434,6.4026,1.4228,high,0.85,1.0,3,0,1,0.8,0.8,1.0,5-GW avg pts 0.80; mins 18; xGI 0.00; current GWs 3; fixture Elo diff -3,False,False,False,False,False,False,False,False,False,False,False,False,False,False,False,False,False,False,False,False,False,False,False,False,False,False,False,False,False,False,False,False
e270eb346be33f8ee53a97a0631626a6af55428c,551050,635,Hugo,Larsson,Larsson,54,Fulham,FUL,Midfielder,a,False,5.0,0.0,1.5186,1.5365,1.6575,1.6754,1.6575,6.3948,1.279,low,0.17,0.2,1,0,1,1.0,1.0,1.5,5-GW avg pts 1.00; mins 11; xGI 0.35; current GWs 1; fixture Elo diff +48,False,False,False,False,False,False,False,False,False,False,False,False,False,False,False,False,False,False,False,False,False,False,False,False,False,False,False,False,False,False,False,False
e270eb346be33f8ee53a97a0631626a6af55428c,50175,136,Danny,Welbeck,Welbeck,8,Chelsea,CHE,Forward,a,False,5.9,0.8,1.6828,1.5094,1.4982,1.5899,1.6763,6.3586,1.0777,high,0.85,1.0,2,0,1,1.0,1.0,0.0,5-GW avg pts 1.00; mins 39; xGI 0.10; current GWs 2; fixture Elo diff +40,False,False,False,False,False,False,False,False,False,False,False,False,False,False,False,False,False,False,False,False,False,False,False,False,False,False,False,False,False,False,False,False
e270eb346be33f8ee53a97a0631626a6af55428c,244042,271,Rodrigo,Muniz Carvalho,Muniz,54,Fulham,FUL,Forward,a,False,5.5,0.5,1.4777,1.5174,1.6563,1.696,1.6563,6.3494,1.1544,high,0.85,1.0,3,0,1,1.2,1.2,0.7,5-GW avg pts 1.20; mins 30; xGI 0.15; current GWs 3; fixture Elo diff +48,False,False,False,False,False,False,False,False,False,False,False,False,False,False,False,False,False,False,False,False,False,False,False,False,False,False,False,False,False,False,False,False
e270eb346be33f8ee53a97a0631626a6af55428c,114243,457,Jacob,Murphy,J.Murphy,4,Newcastle,NEW,Midfielder,a,False,5.9,0.1,1.6073,1.6535,1.6138,1.475,1.5427,6.3446,1.0754,high,0.85,1.0,3,0,1,0.8,0.8,0.7,5-GW avg pts 0.80; mins 19; xGI 0.06; current GWs 3; fixture Elo diff +67,False,False,False,False,False,False,False,False,False,False,False,False,False,False,False,False,False,False,False,False,False,False,False,False,False,False,False,False,False,False,False,False
e270eb346be33f8ee53a97a0631626a6af55428c,60689,490,Chris,Wood,Wood,17,Nott'm Forest,NFO,Forward,a,False,5.9,1.2,1.4946,1.7129,1.5277,1.4912,1.6732,6.306,1.0688,high,0.85,1.0,3,0,1,1.2,1.2,0.7,5-GW avg pts 1.20; mins 35; xGI 0.17; current GWs 3; fixture Elo diff -2,False,False,False,False,False,False,False,False,False,False,False,False,False,False,False,False,False,False,False,False,False,False,False,False,False,False,False,False,False,False,False,False
e270eb346be33f8ee53a97a0631626a6af55428c,500040,11,Cristhian,Mosquera,Mosquera,3,Arsenal,ARS,Defender,d,False,5.5,4.1,1.7156,1.3135,1.7423,1.3135,1.7423,6.2565,1.1375,high,1.0,1.0,2,0,0,3.3,3.3,3.375,5-GW avg pts 4.40; mins 79; xGI 0.03; current GWs 2; fixture Elo diff +264,False,False,False,False,False,False,False,False,False,False,False,False,False,False,False,False,False,False,False,False,False,False,False,False,False,False,False,False,False,False,False,False
e270eb346be33f8ee53a97a0631626a6af55428c,230001,422,Noussair,Mazraoui,Mazraoui,1,Man Utd,MUN,Defender,a,False,4.5,0.6,1.4451,1.5662,1.6266,1.5662,1.6266,6.2282,1.384,high,1.0,1.0,3,0,0,1.8,1.8,1.0,5-GW avg pts 1.80; mins 34; xGI 0.06; current GWs 3; fixture Elo diff +69,False,False,False,False,False,False,False,False,False,False,False,False,False,False,False,False,False,False,False,False,False,False,False,False,False,False,False,False,False,False,False,False
e270eb346be33f8ee53a97a0631626a6af55428c,637238,616,Ayyoub,Bouaddi,Bouaddi,43,Man City,MCI,Midfielder,a,False,5.5,0.2,1.502,1.5921,1.502,1.6403,1.502,6.1859,1.1247,low,0.34,0.4,2,0,1,1.0,1.0,1.0,5-GW avg pts 1.00; mins 11; xGI 0.06; current GWs 2; fixture Elo diff +141,False,False,False,False,False,False,False,False,False,False,False,False,False,False,False,False,False,False,False,False,False,False,False,False,False,False,False,False,False,False,False,False
e270eb346be33f8ee53a97a0631626a6af55428c,448104,9,Piero,Hincapié,Hincapie,3,Arsenal,ARS,Defender,a,False,5.3,1.1,1.5213,1.5213,1.5213,1.5213,1.5213,6.0853,1.1482,high,1.0,1.0,2,0,0,0.8,0.8,0.5,5-GW avg pts 0.80; mins 23; xGI 0.01; current GWs 2; fixture Elo diff +264,False,False,False,False,False,False,False,False,False,False,False,False,False,False,False,False,False,False,False,False,False,False,False,False,False,False,False,False,False,False,False,False
e270eb346be33f8ee53a97a0631626a6af55428c,154566,526,Dominic,Solanke-Mitchell,Solanke,6,Spurs,TOT,Forward,a,False,5.9,1.0,1.4574,1.4117,1.3899,1.6029,1.4356,5.8232,0.987,high,0.85,1.0,3,0,1,0.6,0.6,1.0,5-GW avg pts 0.60; mins 9; xGI 0.09; current GWs 3; fixture Elo diff -50,False,False,False,False,False,False,False,False,False,False,False,False,False,False,False,False,False,False,False,False,False,False,False,False,False,False,False,False,False,False,False,False
e270eb346be33f8ee53a97a0631626a6af55428c,184349,269,Ryan,Sessegnon,Sessegnon,54,Fulham,FUL,Defender,a,False,4.5,0.4,1.3556,1.3735,1.5092,1.5271,1.5092,5.7738,1.2831,high,0.85,1.0,3,0,1,0.6,0.6,1.0,5-GW avg pts 0.60; mins 10; xGI 0.11; current GWs 3; fixture Elo diff +48,False,False,False,False,False,False,False,False,False,False,False,False,False,False,False,False,False,False,False,False,False,False,False,False,False,False,False,False,False,False,False,False
e270eb346be33f8ee53a97a0631626a6af55428c,613804,620,El Hadji Malick,Diouf,Diouf,94,Brentford,BRE,Defender,a,False,4.5,0.1,1.3447,1.4041,1.3447,1.4041,1.7118,5.694,1.2653,high,0.85,1.0,2,0,1,1.6,1.6,0.0,5-GW avg pts 1.60; mins 54; xGI 0.05; current GWs 2; fixture Elo diff -3,False,False,False,False,False,False,False,False,False,False,False,False,False,False,False,False,False,False,False,False,False,False,False,False,False,False,False,False,False,False,False,False
e270eb346be33f8ee53a97a0631626a6af55428c,523700,608,Daniel,Jebbison,Jebbison,91,Bournemouth,BOU,Forward,a,False,5.0,0.1,1.408,1.3255,1.4726,1.4726,1.3255,5.6052,1.121,medium,0.6,0.6,3,0,0,0.6667,0.6667,0.7,5-GW avg pts 0.67; mins 5; xGI 0.03; current GWs 3; fixture Elo diff +26,False,False,False,False,False,False,False,False,False,False,False,False,False,False,False,False,False,False,False,False,False,False,False,False,False,False,False,False,False,False,False,False
e270eb346be33f8ee53a97a0631626a6af55428c,172850,643,Ben,Chilwell,Chilwell,31,Crystal Palace,CRY,Defender,a,False,4.5,0.2,1.5098,1.348,1.3815,1.348,1.3815,5.6007,1.2446,low,0.17,0.2,1,0,1,7.0,7.0,1.8,5-GW avg pts 7.00; mins 16; xGI 0.15; current GWs 1; fixture Elo diff +11,False,False,False,False,False,False,False,False,False,False,False,False,False,False,False,False,False,False,False,False,False,False,False,False,False,False,False,False,False,False,False,False
e270eb346be33f8ee53a97a0631626a6af55428c,636852,462,Sean,Steur,Steur,4,Newcastle,NEW,Midfielder,a,False,4.9,0.1,1.4111,1.4355,1.4176,1.3644,1.3465,5.6002,1.1429,medium,0.51,0.6,3,0,1,1.0,1.0,1.0,5-GW avg pts 1.00; mins 29; xGI 0.00; current GWs 3; fixture Elo diff +67,False,False,False,False,False,False,False,False,False,False,False,False,False,False,False,False,False,False,False,False,False,False,False,False,False,False,False,False,False,False,False,False
e270eb346be33f8ee53a97a0631626a6af55428c,155408,71,Lewis,Cook,Cook,91,Bournemouth,BOU,Midfielder,a,False,5.0,0.2,1.3796,1.3796,1.4262,1.4441,1.3617,5.59,1.118,high,1.0,1.0,3,0,0,1.8,1.8,2.3,5-GW avg pts 1.80; mins 32; xGI 0.00; current GWs 3; fixture Elo diff +26,False,False,False,False,False,False,False,False,False,False,False,False,False,False,False,False,False,False,False,False,False,False,False,False,False,False,False,False,False,False,False,False
e270eb346be33f8ee53a97a0631626a6af55428c,210462,488,Ibrahim,Sangaré,I.Sangaré,17,Nott'm Forest,NFO,Midfielder,a,False,4.9,0.6,1.3472,1.4927,1.3472,1.263,1.4927,5.548,1.1322,high,0.85,1.0,3,0,1,1.4,1.4,0.7,5-GW avg pts 1.40; mins 35; xGI 0.02; current GWs 3; fixture Elo diff -2,False,False,False,False,False,False,False,False,False,False,False,False,False,False,False,False,False,False,False,False,False,False,False,False,False,False,False,False,False,False,False,False
e270eb346be33f8ee53a97a0631626a6af55428c,147675,320,Chuba,Akpom,Akpom,40,Ipswich Town,IPS,Forward,a,False,5.0,1.1,1.3599,1.3599,1.3888,1.2924,1.3888,5.4329,1.0866,medium,0.51,0.6,3,0,1,2.0,2.0,2.0,5-GW avg pts 2.00; mins 23; xGI 0.32; current GWs 3; fixture Elo diff -177,False,False,False,False,False,False,False,False,False,False,False,False,False,False,False,False,False,False,False,False,False,False,False,False,False,False,False,False,False,False,False,False
e270eb346be33f8ee53a97a0631626a6af55428c,465351,389,Matheus,Nunes,Matheus N.,43,Man City,MCI,Defender,a,False,5.9,1.0,1.2512,1.3061,1.2512,1.5335,1.2512,5.2518,0.8901,high,0.85,1.0,3,0,1,0.6,0.6,0.3,5-GW avg pts 0.60; mins 25; xGI 0.01; current GWs 3; fixture Elo diff +141,False,False,False,False,False,False,False,False,False,False,False,False,False,False,False,False,False,False,False,False,False,False,False,False,False,False,False,False,False,False,False,False
e270eb346be33f8ee53a97a0631626a6af55428c,493105,160,Alejandro,Garnacho Ferreyra,Garnacho,7,Aston Villa,AVL,Midfielder,a,False,5.9,0.4,1.3352,1.2955,1.3352,1.2955,1.1703,5.1783,0.8777,high,1.0,1.0,3,0,0,0.8,0.8,1.0,5-GW avg pts 0.80; mins 6; xGI 0.00; current GWs 3; fixture Elo diff +72,False,False,False,False,False,False,False,False,False,False,False,False,False,False,False,False,False,False,False,False,False,False,False,False,False,False,False,False,False,False,False,False
e270eb346be33f8ee53a97a0631626a6af55428c,597462,585,Lucas,Herrington,Herrington,88,Hull City,HUL,Defender,a,False,4.0,0.6,1.2702,1.2702,1.3329,1.2702,1.3329,5.1685,1.2921,medium,0.51,0.6,3,0,1,1.0,1.0,1.0,5-GW avg pts 1.00; mins 25; xGI 0.00; current GWs 3; fixture Elo diff -158,False,False,False,False,False,False,False,False,False,False,False,False,False,False,False,False,False,False,False,False,False,False,False,False,False,False,False,False,False,False,False,False
e270eb346be33f8ee53a97a0631626a6af55428c,514514,381,Lewis,Koumas,Koumas,14,Liverpool,LIV,Midfielder,a,False,5.0,0.0,1.336,1.2714,1.1881,1.336,1.336,5.1675,1.0335,medium,0.6,0.6,3,0,0,0.6667,0.6667,0.7,5-GW avg pts 0.67; mins 4; xGI 0.01; current GWs 3; fixture Elo diff +44,False,False,False,False,False,False,False,False,False,False,False,False,False,False,False,False,False,False,False,False,False,False,False,False,False,False,False,False,False,False,False,False
e270eb346be33f8ee53a97a0631626a6af55428c,154043,649,Ainsley,Maitland-Niles,Maitland-Niles,11,Everton,EVE,Defender,a,False,4.5,0.0,1.2722,1.3596,1.3368,1.2313,1.1743,5.1318,1.1404,low,0.17,0.2,1,0,1,7.0,7.0,1.8,5-GW avg pts 7.00; mins 13; xGI 0.03; current GWs 1; fixture Elo diff +2,False,False,False,False,False,False,False,False,False,False,False,False,False,False,False,False,False,False,False,False,False,False,False,False,False,False,False,False,False,False,False,False
e270eb346be33f8ee53a97a0631626a6af55428c,547701,522,Archie,Gray,Gray,6,Spurs,TOT,Midfielder,a,False,5.0,0.2,1.2678,1.2678,1.2678,1.3389,1.2678,5.121,1.0242,high,0.85,1.0,3,0,1,1.0,1.0,1.3,5-GW avg pts 1.00; mins 32; xGI 0.00; current GWs 3; fixture Elo diff -50,False,False,False,False,False,False,False,False,False,False,False,False,False,False,False,False,False,False,False,False,False,False,False,False,False,False,False,False,False,False,False,False
e270eb346be33f8ee53a97a0631626a6af55428c,111317,74,David,Brooks,Brooks,91,Bournemouth,BOU,Midfielder,a,False,5.0,0.1,1.2709,1.2423,1.3176,1.3355,1.2244,5.1125,1.0225,high,1.0,1.0,3,0,0,0.6,0.6,0.7,5-GW avg pts 0.60; mins 6; xGI 0.13; current GWs 3; fixture Elo diff +26,False,False,False,False,False,False,False,False,False,False,False,False,False,False,False,False,False,False,False,False,False,False,False,False,False,False,False,False,False,False,False,False
e270eb346be33f8ee53a97a0631626a6af55428c,550864,420,Leny,Yoro,Yoro,1,Man Utd,MUN,Defender,a,False,4.9,0.5,1.141,1.3225,1.3225,1.3225,1.3225,5.1084,1.0425,high,1.0,1.0,3,0,0,0.6,0.6,0.7,5-GW avg pts 0.60; mins 8; xGI 0.00; current GWs 3; fixture Elo diff +69,False,False,False,False,False,False,False,False,False,False,False,False,False,False,False,False,False,False,False,False,False,False,False,False,False,False,False,False,False,False,False,False
e270eb346be33f8ee53a97a0631626a6af55428c,451490,119,João Pedro,Loureiro da Costa,Costinha,36,Brighton,BHA,Defender,a,False,4.5,0.0,1.3476,1.1548,1.3476,1.283,1.2005,5.0833,1.1296,medium,0.51,0.6,3,0,1,0.6667,0.6667,0.7,5-GW avg pts 0.67; mins 16; xGI 0.09; current GWs 3; fixture Elo diff +6,False,False,False,False,False,False,False,False,False,False,False,False,False,False,False,False,False,False,False,False,False,False,False,False,False,False,False,False,False,False,False,False
e270eb346be33f8ee53a97a0631626a6af55428c,496181,638,Brooke,Norton-Cuffy,Norton-Cuffy,88,Hull City,HUL,Defender,a,False,4.0,0.1,1.2421,1.2421,1.3049,1.2421,1.3049,5.0564,1.2641,low,0.17,0.2,1,0,1,1.0,1.0,1.0,5-GW avg pts 1.00; mins 26; xGI 0.00; current GWs 1; fixture Elo diff -158,False,False,False,False,False,False,False,False,False,False,False,False,False,False,False,False,False,False,False,False,False,False,False,False,False,False,False,False,False,False,False,False
e270eb346be33f8ee53a97a0631626a6af55428c,485337,42,Evann,Guessand,Guessand,31,Crystal Palace,CRY,Midfielder,a,False,5.5,0.0,1.3281,1.2254,1.2472,1.2254,1.2472,5.0347,0.9154,high,0.85,1.0,3,0,1,0.8,0.8,0.7,5-GW avg pts 0.80; mins 17; xGI 0.03; current GWs 3; fixture Elo diff +11,False,False,False,False,False,False,False,False,False,False,False,False,False,False,False,False,False,False,False,False,False,False,False,False,False,False,False,False,False,False,False,False
e270eb346be33f8ee53a97a0631626a6af55428c,616077,20,Max,Dowman,Dowman,3,Arsenal,ARS,Midfielder,a,False,5.4,0.1,1.2592,1.2102,1.2592,1.2102,1.2592,4.9584,0.9182,high,1.0,1.0,2,0,0,0.6,0.6,0.0,5-GW avg pts 0.60; mins 12; xGI 0.03; current GWs 2; fixture Elo diff +264,False,False,False,False,False,False,False,False,False,False,False,False,False,False,False,False,False,False,False,False,False,False,False,False,False,False,False,False,False,False,False,False
e270eb346be33f8ee53a97a0631626a6af55428c,560552,263,Kevin,Santos Lopes de Macedo,Kevin,54,Fulham,FUL,Midfielder,a,False,5.4,0.0,1.1511,1.1511,1.2966,1.2966,1.2966,4.91,0.9093,high,0.85,1.0,3,0,1,1.4,1.4,0.7,5-GW avg pts 1.40; mins 26; xGI 0.04; current GWs 3; fixture Elo diff +48,False,False,False,False,False,False,False,False,False,False,False,False,False,False,False,False,False,False,False,False,False,False,False,False,False,False,False,False,False,False,False,False
e270eb346be33f8ee53a97a0631626a6af55428c,490884,617,Mohamed-Ali,Cho,Cho,88,Hull City,HUL,Midfielder,a,False,5.0,0.0,1.1987,1.1987,1.2166,1.1987,1.2166,4.8197,0.9639,low,0.34,0.4,2,0,1,1.0,1.0,1.0,5-GW avg pts 1.00; mins 8; xGI 0.03; current GWs 2; fixture Elo diff -158,False,False,False,False,False,False,False,False,False,False,False,False,False,False,False,False,False,False,False,False,False,False,False,False,False,False,False,False,False,False,False,False
e270eb346be33f8ee53a97a0631626a6af55428c,167512,539,Luke,O'Nien,O'Nien,56,Sunderland,SUN,Defender,a,False,4.0,2.9,1.1979,1.1531,1.2404,1.1955,1.2404,4.809,1.2023,high,1.0,1.0,3,0,0,2.2,2.2,0.3,5-GW avg pts 2.20; mins 45; xGI 0.03; current GWs 3; fixture Elo diff -173,False,False,False,False,False,False,False,False,False,False,False,False,False,False,False,False,False,False,False,False,False,False,False,False,False,False,False,False,False,False,False,False
e270eb346be33f8ee53a97a0631626a6af55428c,200617,343,Daniel,James,James,2,Leeds,LEE,Midfielder,a,False,5.0,0.1,1.2127,1.2127,1.111,1.2046,1.2871,4.8086,0.9617,high,1.0,1.0,3,0,0,0.6,0.6,0.3,5-GW avg pts 0.60; mins 20; xGI 0.08; current GWs 3; fixture Elo diff -74,False,False,False,False,False,False,False,False,False,False,False,False,False,False,False,False,False,False,False,False,False,False,False,False,False,False,False,False,False,False,False,False
e270eb346be33f8ee53a97a0631626a6af55428c,433154,241,Dwight,McNeil,McNeil,31,Crystal Palace,CRY,Midfielder,a,False,5.4,0.1,1.2451,1.1642,1.1642,1.1642,1.1642,4.7378,0.8774,high,0.85,1.0,3,0,1,0.8,0.8,1.0,5-GW avg pts 0.80; mins 17; xGI 0.01; current GWs 3; fixture Elo diff +11,False,False,False,False,False,False,False,False,False,False,False,False,False,False,False,False,False,False,False,False,False,False,False,False,False,False,False,False,False,False,False,False
e270eb346be33f8ee53a97a0631626a6af55428c,91651,406,Mateo,Kovačić,Kovačić,43,Man City,MCI,Midfielder,a,False,5.4,0.1,1.1647,1.1647,1.1647,1.2203,1.1647,4.6979,0.87,high,0.85,1.0,3,0,1,0.8,0.8,0.7,5-GW avg pts 0.80; mins 26; xGI 0.03; current GWs 3; fixture Elo diff +141,False,False,False,False,False,False,False,False,False,False,False,False,False,False,False,False,False,False,False,False,False,False,False,False,False,False,False,False,False,False,False,False
e270eb346be33f8ee53a97a0631626a6af55428c,196100,584,Gustavo,Hamer,Hamer,9,Coventry City,COV,Midfielder,a,False,5.5,0.1,1.1578,1.1344,1.1578,1.1344,1.1578,4.5937,0.8352,medium,0.51,0.6,3,0,1,1.0,1.0,1.0,5-GW avg pts 1.00; mins 11; xGI 0.01; current GWs 3; fixture Elo diff -152,False,False,False,False,False,False,False,False,False,False,False,False,False,False,False,False,False,False,False,False,False,False,False,False,False,False,False,False,False,False,False,False
e270eb346be33f8ee53a97a0631626a6af55428c,173879,56,Tammy,Abraham,Abraham,7,Aston Villa,AVL,Forward,a,False,5.5,0.2,1.1552,1.1498,1.1552,1.1498,1.042,4.5441,0.8262,high,1.0,1.0,3,0,0,0.4,0.4,0.7,5-GW avg pts 0.40; mins 5; xGI 0.00; current GWs 3; fixture Elo diff +72,False,False,False,False,False,False,False,False,False,False,False,False,False,False,False,False,False,False,False,False,False,False,False,False,False,False,False,False,False,False,False,False
e270eb346be33f8ee53a97a0631626a6af55428c,538007,594,Promise,David,David,36,Brighton,BHA,Forward,a,False,6.0,0.2,1.1753,1.0598,1.1753,1.1807,1.0678,4.5365,0.7561,medium,0.51,0.6,3,0,1,0.3333,0.3333,0.3,5-GW avg pts 0.33; mins 8; xGI 0.14; current GWs 3; fixture Elo diff +6,False,False,False,False,False,False,False,False,False,False,False,False,False,False,False,False,False,False,False,False,False,False,False,False,False,False,False,False,False,False,False,False
e270eb346be33f8ee53a97a0631626a6af55428c,461587,323,Kasey,McAteer,McAteer,40,Ipswich Town,IPS,Midfielder,a,False,4.5,1.3,1.108,1.108,1.1259,1.108,1.1259,4.457,0.9904,medium,0.51,0.6,3,0,1,1.0,1.0,1.0,5-GW avg pts 1.00; mins 14; xGI 0.02; current GWs 3; fixture Elo diff -177,False,False,False,False,False,False,False,False,False,False,False,False,False,False,False,False,False,False,False,False,False,False,False,False,False,False,False,False,False,False,False,False
e270eb346be33f8ee53a97a0631626a6af55428c,477064,395,Rico,Lewis,Lewis,43,Man City,MCI,Defender,a,False,4.5,0.2,1.1088,1.1169,1.1088,1.1235,1.1088,4.4529,0.9895,high,0.85,1.0,3,0,1,0.2,0.2,0.3,5-GW avg pts 0.20; mins 29; xGI 0.07; current GWs 3; fixture Elo diff +141,False,False,False,False,False,False,False,False,False,False,False,False,False,False,False,False,False,False,False,False,False,False,False,False,False,False,False,False,False,False,False,False
e270eb346be33f8ee53a97a0631626a6af55428c,226965,188,Victor,Torp,Torp,9,Coventry City,COV,Midfielder,a,False,5.4,0.1,1.0952,1.0952,1.0952,1.0952,1.0952,4.381,0.8113,medium,0.51,0.6,3,0,1,0.6667,0.6667,0.7,5-GW avg pts 0.67; mins 16; xGI 0.04; current GWs 3; fixture Elo diff -152,False,False,False,False,False,False,False,False,False,False,False,False,False,False,False,False,False,False,False,False,False,False,False,False,False,False,False,False,False,False,False,False
e270eb346be33f8ee53a97a0631626a6af55428c,472769,387,Nico,O'Reilly,O'Reilly,43,Man City,MCI,Defender,d,False,6.5,17.2,1.0476,1.0704,1.0476,1.1992,1.0476,4.3169,0.6641,high,0.85,1.0,3,0,1,0.9,0.9,0.75,5-GW avg pts 1.20; mins 48; xGI 0.25; current GWs 3; fixture Elo diff +141,False,False,False,False,False,False,False,False,False,False,False,False,False,False,False,False,False,False,False,False,False,False,False,False,False,False,False,False,False,False,False,False
e270eb346be33f8ee53a97a0631626a6af55428c,549940,646,Malick,Fofana,Fofana,56,Sunderland,SUN,Midfielder,a,False,5.5,0.0,1.0484,1.0536,1.1223,1.0626,1.1223,4.3118,0.784,low,0.2,0.2,1,0,0,1.0,1.0,2.0,5-GW avg pts 1.00; mins 16; xGI 0.00; current GWs 1; fixture Elo diff -173,False,False,False,False,False,False,False,False,False,False,False,False,False,False,False,False,False,False,False,False,False,False,False,False,False,False,False,False,False,False,False,False
e270eb346be33f8ee53a97a0631626a6af55428c,490094,240,Tim,Iroegbunam,Iroegbunam,88,Hull City,HUL,Midfielder,a,False,5.0,0.0,1.0738,1.0738,1.0738,1.0738,1.0738,4.2953,0.8591,high,0.85,1.0,3,0,1,1.2,1.2,0.3,5-GW avg pts 1.20; mins 32; xGI 0.01; current GWs 3; fixture Elo diff -158,False,False,False,False,False,False,False,False,False,False,False,False,False,False,False,False,False,False,False,False,False,False,False,False,False,False,False,False,False,False,False,False
e270eb346be33f8ee53a97a0631626a6af55428c,572584,592,Abdoul,Ouattara,Ouattara,40,Ipswich Town,IPS,Defender,a,False,4.0,0.9,1.0496,1.0496,1.0675,1.0496,1.0675,4.2235,1.0559,medium,0.51,0.6,3,0,1,1.0,1.0,1.0,5-GW avg pts 1.00; mins 13; xGI 0.01; current GWs 3; fixture Elo diff -177,False,False,False,False,False,False,False,False,False,False,False,False,False,False,False,False,False,False,False,False,False,False,False,False,False,False,False,False,False,False,False,False
e270eb346be33f8ee53a97a0631626a6af55428c,543158,568,Valentín,Barco,Barco,8,Chelsea,CHE,Midfielder,a,False,5.5,0.1,1.0872,1.0074,0.9797,1.0818,1.0872,4.1871,0.7613,low,0.34,0.4,2,0,1,0.5,0.5,0.5,5-GW avg pts 0.50; mins 4; xGI 0.02; current GWs 2; fixture Elo diff +40,False,False,False,False,False,False,False,False,False,False,False,False,False,False,False,False,False,False,False,False,False,False,False,False,False,False,False,False,False,False,False,False
e270eb346be33f8ee53a97a0631626a6af55428c,606745,421,Ayden,Heaven,Heaven,1,Man Utd,MUN,Defender,a,False,4.4,0.3,0.9544,1.0531,1.098,1.0531,1.0899,4.1717,0.9481,high,1.0,1.0,3,0,0,0.2,0.2,0.3,5-GW avg pts 0.20; mins 18; xGI 0.03; current GWs 3; fixture Elo diff +69,False,False,False,False,False,False,False,False,False,False,False,False,False,False,False,False,False,False,False,False,False,False,False,False,False,False,False,False,False,False,False,False
e270eb346be33f8ee53a97a0631626a6af55428c,533646,647,Darío,Osorio,Osorio,31,Crystal Palace,CRY,Midfielder,a,False,5.5,0.0,1.0854,1.0121,1.0209,1.0121,1.0209,4.1339,0.7516,low,0.17,0.2,1,0,1,1.0,1.0,2.0,5-GW avg pts 1.00; mins 1; xGI 0.00; current GWs 1; fixture Elo diff +11,False,False,False,False,False,False,False,False,False,False,False,False,False,False,False,False,False,False,False,False,False,False,False,False,False,False,False,False,False,False,False,False
e270eb346be33f8ee53a97a0631626a6af55428c,222694,328,Pascal,Struijk,Struijk,36,Brighton,BHA,Defender,a,False,5.0,0.2,1.0428,0.969,1.0363,1.0363,1.0076,4.0738,0.8148,high,0.85,1.0,3,0,1,0.4,0.4,0.3,5-GW avg pts 0.40; mins 18; xGI 0.00; current GWs 3; fixture Elo diff +6,False,False,False,False,False,False,False,False,False,False,False,False,False,False,False,False,False,False,False,False,False,False,False,False,False,False,False,False,False,False,False,False
e270eb346be33f8ee53a97a0631626a6af55428c,496208,72,Ben,Gannon-Doak,Gannon-Doak,91,Bournemouth,BOU,Midfielder,a,False,5.0,0.1,1.0387,0.9643,1.0387,1.0387,0.9643,4.0433,0.8087,high,1.0,1.0,3,0,0,0.6,0.6,0.7,5-GW avg pts 0.60; mins 7; xGI 0.04; current GWs 3; fixture Elo diff +26,False,False,False,False,False,False,False,False,False,False,False,False,False,False,False,False,False,False,False,False,False,False,False,False,False,False,False,False,False,False,False,False
e270eb346be33f8ee53a97a0631626a6af55428c,214590,611,Aaron,Wan-Bissaka,Wan-Bissaka,7,Aston Villa,AVL,Defender,a,False,4.5,0.2,1.0502,0.9875,1.0502,0.9875,0.9432,4.0363,0.897,high,1.0,1.0,2,0,0,1.0,1.0,1.0,5-GW avg pts 1.00; mins 34; xGI 0.01; current GWs 2; fixture Elo diff +72,False,False,False,False,False,False,False,False,False,False,False,False,False,False,False,False,False,False,False,False,False,False,False,False,False,False,False,False,False,False,False,False
e270eb346be33f8ee53a97a0631626a6af55428c,612855,600,Ibrahim,Osman,Osman,36,Brighton,BHA,Midfielder,a,False,5.0,0.0,1.0269,0.921,1.0269,1.0269,0.9525,3.9676,0.7935,medium,0.51,0.6,3,0,1,0.6667,0.6667,0.7,5-GW avg pts 0.67; mins 9; xGI 0.02; current GWs 3; fixture Elo diff +6,False,False,False,False,False,False,False,False,False,False,False,False,False,False,False,False,False,False,False,False,False,False,False,False,False,False,False,False,False,False,False,False
e270eb346be33f8ee53a97a0631626a6af55428c,250199,487,Nicolás,Domínguez,Dominguez,17,Nott'm Forest,NFO,Midfielder,a,False,4.9,0.1,0.979,1.0142,0.979,0.9365,1.0142,3.9389,0.8039,high,0.85,1.0,3,0,1,0.8,0.8,0.3,5-GW avg pts 0.80; mins 19; xGI 0.07; current GWs 3; fixture Elo diff -2,False,False,False,False,False,False,False,False,False,False,False,False,False,False,False,False,False,False,False,False,False,False,False,False,False,False,False,False,False,False,False,False
e270eb346be33f8ee53a97a0631626a6af55428c,106611,231,Michael,Keane,Keane,11,Everton,EVE,Defender,a,False,4.9,1.0,0.9654,1.0365,1.0365,0.9367,0.8943,3.9197,0.7999,high,0.85,1.0,3,0,1,1.6,1.6,0.0,5-GW avg pts 1.60; mins 36; xGI 0.07; current GWs 3; fixture Elo diff +2,False,False,False,False,False,False,False,False,False,False,False,False,False,False,False,False,False,False,False,False,False,False,False,False,False,False,False,False,False,False,False,False
e270eb346be33f8ee53a97a0631626a6af55428c,108413,212,Will,Hughes,Hughes,31,Crystal Palace,CRY,Midfielder,a,False,4.5,9.3,1.0127,0.9327,0.9775,0.9327,0.9775,3.8736,0.8608,high,0.85,1.0,3,0,1,0.6,0.6,0.3,5-GW avg pts 0.60; mins 21; xGI 0.00; current GWs 3; fixture Elo diff +11,False,False,False,False,False,False,False,False,False,False,False,False,False,False,False,False,False,False,False,False,False,False,False,False,False,False,False,False,False,False,False,False
e270eb346be33f8ee53a97a0631626a6af55428c,554197,548,Chris,Rigg,Rigg,56,Sunderland,SUN,Midfielder,a,False,5.0,0.1,0.9239,0.9558,0.9944,0.9944,0.9944,3.8724,0.7745,high,1.0,1.0,3,0,0,1.4,1.4,0.7,5-GW avg pts 1.40; mins 6; xGI 0.00; current GWs 3; fixture Elo diff -173,False,False,False,False,False,False,False,False,False,False,False,False,False,False,False,False,False,False,False,False,False,False,False,False,False,False,False,False,False,False,False,False
e270eb346be33f8ee53a97a0631626a6af55428c,463067,125,Georginio,Rutter,Georginio,36,Brighton,BHA,Forward,d,False,5.5,0.7,1.0083,0.836,1.0083,1.0246,0.9005,3.8249,0.6954,high,0.85,1.0,3,0,1,1.05,1.05,0.975,5-GW avg pts 1.40; mins 26; xGI 0.25; current GWs 3; fixture Elo diff +6,False,False,False,False,False,False,False,False,False,False,False,False,False,False,False,False,False,False,False,False,False,False,False,False,False,False,False,False,False,False,False,False
e270eb346be33f8ee53a97a0631626a6af55428c,616288,621,Ryan,McAidoo,McAidoo,43,Man City,MCI,Midfielder,a,False,4.5,0.1,0.9538,0.9538,0.9538,0.9538,0.9538,3.8152,0.8478,high,0.85,1.0,2,0,1,0.4,0.4,1.0,5-GW avg pts 0.40; mins 2; xGI 0.02; current GWs 2; fixture Elo diff +141,False,False,False,False,False,False,False,False,False,False,False,False,False,False,False,False,False,False,False,False,False,False,False,False,False,False,False,False,False,False,False,False
e270eb346be33f8ee53a97a0631626a6af55428c,700308,135,Zadok,Yohanna,Yohanna,36,Brighton,BHA,Midfielder,a,False,4.9,0.1,0.9787,0.9043,0.9787,0.9787,0.9043,3.8033,0.7762,medium,0.51,0.6,3,0,1,0.3333,0.3333,0.3,5-GW avg pts 0.33; mins 4; xGI 0.01; current GWs 3; fixture Elo diff +6,False,False,False,False,False,False,False,False,False,False,False,False,False,False,False,False,False,False,False,False,False,False,False,False,False,False,False,False,False,False,False,False
e270eb346be33f8ee53a97a0631626a6af55428c,512462,232,Jake,O'Brien,O'Brien,11,Everton,EVE,Defender,a,False,4.9,0.3,0.9594,0.966,0.966,0.9308,0.8883,3.7861,0.7727,high,0.85,1.0,3,0,1,0.2,0.2,0.0,5-GW avg pts 0.20; mins 30; xGI 0.12; current GWs 3; fixture Elo diff +2,False,False,False,False,False,False,False,False,False,False,False,False,False,False,False,False,False,False,False,False,False,False,False,False,False,False,False,False,False,False,False,False
e270eb346be33f8ee53a97a0631626a6af55428c,246301,255,Jorge,Cuenca Barreno,J.Cuenca,54,Fulham,FUL,Defender,a,False,4.5,0.0,0.9011,0.9158,0.9534,0.968,0.9534,3.7377,0.8306,high,0.85,1.0,3,0,1,0.6,0.6,1.0,5-GW avg pts 0.60; mins 19; xGI 0.01; current GWs 3; fixture Elo diff +48,False,False,False,False,False,False,False,False,False,False,False,False,False,False,False,False,False,False,False,False,False,False,False,False,False,False,False,False,False,False,False,False
e270eb346be33f8ee53a97a0631626a6af55428c,614574,76,Alex,Tóth,Tóth.A,91,Bournemouth,BOU,Midfielder,a,False,5.0,0.0,0.9224,0.8938,0.9224,0.9224,0.8938,3.6468,0.7294,high,1.0,1.0,3,0,0,0.4,0.4,0.3,5-GW avg pts 0.40; mins 14; xGI 0.02; current GWs 3; fixture Elo diff +26,False,False,False,False,False,False,False,False,False,False,False,False,False,False,False,False,False,False,False,False,False,False,False,False,False,False,False,False,False,False,False,False
e270eb346be33f8ee53a97a0631626a6af55428c,549912,549,Chemsdine,Talbi,Talbi,56,Sunderland,SUN,Midfielder,a,False,5.4,0.2,0.866,0.898,0.9366,0.9366,0.9366,3.6411,0.6743,high,1.0,1.0,3,0,0,0.4,0.4,0.3,5-GW avg pts 0.40; mins 12; xGI 0.00; current GWs 3; fixture Elo diff -173,False,False,False,False,False,False,False,False,False,False,False,False,False,False,False,False,False,False,False,False,False,False,False,False,False,False,False,False,False,False,False,False
e270eb346be33f8ee53a97a0631626a6af55428c,502697,243,Carlos,Alcaraz Durán,Alcaraz,11,Everton,EVE,Midfielder,a,False,5.0,0.1,0.9434,0.9499,0.9499,0.869,0.79,3.6405,0.7281,high,0.85,1.0,3,0,1,0.4,0.4,0.3,5-GW avg pts 0.40; mins 2; xGI 0.05; current GWs 3; fixture Elo diff +2,False,False,False,False,False,False,False,False,False,False,False,False,False,False,False,False,False,False,False,False,False,False,False,False,False,False,False,False,False,False,False,False
e270eb346be33f8ee53a97a0631626a6af55428c,201895,535,Omar,Alderete,Alderete,56,Sunderland,SUN,Defender,a,False,4.9,0.3,0.8487,0.8881,0.9306,0.9306,0.9306,3.6022,0.7352,high,1.0,1.0,3,0,0,0.4,0.4,0.3,5-GW avg pts 0.40; mins 9; xGI 0.00; current GWs 3; fixture Elo diff -173,False,False,False,False,False,False,False,False,False,False,False,False,False,False,False,False,False,False,False,False,False,False,False,False,False,False,False,False,False,False,False,False
e270eb346be33f8ee53a97a0631626a6af55428c,461199,547,Romaine,Mundle,Mundle,56,Sunderland,SUN,Midfielder,a,False,5.0,0.0,0.7999,0.8545,0.9224,0.9117,0.9243,3.4996,0.6999,high,1.0,1.0,3,0,0,0.2,0.2,0.3,5-GW avg pts 0.20; mins 0; xGI 0.03; current GWs 3; fixture Elo diff -173,False,False,False,False,False,False,False,False,False,False,False,False,False,False,False,False,False,False,False,False,False,False,False,False,False,False,False,False,False,False,False,False
e270eb346be33f8ee53a97a0631626a6af55428c,216055,571,Florentino Ibrain,Morris Luís,Florentino,40,Ipswich Town,IPS,Midfielder,a,False,4.9,0.1,0.8602,0.8602,0.8602,0.7946,0.8602,3.3949,0.6928,high,0.85,1.0,3,0,1,1.6,1.6,0.0,5-GW avg pts 1.60; mins 33; xGI 0.01; current GWs 3; fixture Elo diff -177,False,False,False,False,False,False,False,False,False,False,False,False,False,False,False,False,False,False,False,False,False,False,False,False,False,False,False,False,False,False,False,False
e270eb346be33f8ee53a97a0631626a6af55428c,448514,392,Rayan,Aït-Nouri,Aït-Nouri,43,Man City,MCI,Defender,a,False,5.4,0.5,0.829,0.829,0.829,0.8846,0.829,3.3549,0.6213,high,0.85,1.0,3,0,1,0.2,0.2,0.0,5-GW avg pts 0.20; mins 3; xGI 0.01; current GWs 3; fixture Elo diff +141,False,False,False,False,False,False,False,False,False,False,False,False,False,False,False,False,False,False,False,False,False,False,False,False,False,False,False,False,False,False,False,False
e270eb346be33f8ee53a97a0631626a6af55428c,501459,185,Tatsuhiro,Sakamoto,Sakamoto,9,Coventry City,COV,Midfielder,a,False,4.9,0.1,0.8347,0.8347,0.8347,0.8391,0.8347,3.3418,0.682,medium,0.51,0.6,3,0,1,0.3333,0.3333,0.3,5-GW avg pts 0.33; mins 10; xGI 0.01; current GWs 3; fixture Elo diff -152,False,False,False,False,False,False,False,False,False,False,False,False,False,False,False,False,False,False,False,False,False,False,False,False,False,False,False,False,False,False,False,False
e270eb346be33f8ee53a97a0631626a6af55428c,214285,364,Kostas,Tsimikas,Tsimikas,14,Liverpool,LIV,Defender,a,False,5.0,0.1,0.8494,0.8494,0.7788,0.8494,0.8494,3.341,0.6682,high,1.0,1.0,3,0,0,0.2,0.2,0.3,5-GW avg pts 0.20; mins 4; xGI 0.01; current GWs 3; fixture Elo diff +44,False,False,False,False,False,False,False,False,False,False,False,False,False,False,False,False,False,False,False,False,False,False,False,False,False,False,False,False,False,False,False,False
e270eb346be33f8ee53a97a0631626a6af55428c,487992,596,Matteo,Ruggeri,Ruggeri,7,Aston Villa,AVL,Defender,a,False,4.5,0.1,0.8415,0.8415,0.8415,0.8415,0.7769,3.3271,0.7394,medium,0.6,0.6,3,0,0,0.6667,0.6667,0.7,5-GW avg pts 0.67; mins 8; xGI 0.00; current GWs 3; fixture Elo diff +72,False,False,False,False,False,False,False,False,False,False,False,False,False,False,False,False,False,False,False,False,False,False,False,False,False,False,False,False,False,False,False,False
e270eb346be33f8ee53a97a0631626a6af55428c,486672,159,Moisés,Caicedo Corozo,Caicedo,8,Chelsea,CHE,Midfielder,d,False,5.4,1.8,0.8724,0.7643,0.7778,0.859,0.8724,3.3073,0.6125,high,0.85,1.0,2,0,1,0.9,0.9,0.3,5-GW avg pts 1.20; mins 55; xGI 0.06; current GWs 2; fixture Elo diff +40,False,False,False,False,False,False,False,False,False,False,False,False,False,False,False,False,False,False,False,False,False,False,False,False,False,False,False,False,False,False,False,False
e270eb346be33f8ee53a97a0631626a6af55428c,158499,75,Ryan,Christie,Christie,91,Bournemouth,BOU,Midfielder,a,False,5.0,0.0,0.8294,0.8161,0.8294,0.8294,0.8161,3.2976,0.6595,high,1.0,1.0,3,0,0,0.4,0.4,0.7,5-GW avg pts 0.40; mins 1; xGI 0.00; current GWs 3; fixture Elo diff +26,False,False,False,False,False,False,False,False,False,False,False,False,False,False,False,False,False,False,False,False,False,False,False,False,False,False,False,False,False,False,False,False
e270eb346be33f8ee53a97a0631626a6af55428c,223723,577,Takehiro,Tomiyasu,Tomiyasu,31,Crystal Palace,CRY,Defender,a,False,4.5,0.3,0.8459,0.7945,0.8394,0.7945,0.8394,3.2922,0.7316,medium,0.51,0.6,3,0,1,0.6667,0.6667,0.7,5-GW avg pts 0.67; mins 30; xGI 0.00; current GWs 3; fixture Elo diff +11,False,False,False,False,False,False,False,False,False,False,False,False,False,False,False,False,False,False,False,False,False,False,False,False,False,False,False,False,False,False,False,False
e270eb346be33f8ee53a97a0631626a6af55428c,152551,213,Jefferson,Lerma Solís,Lerma,31,Crystal Palace,CRY,Midfielder,a,False,4.9,0.1,0.8455,0.8103,0.8103,0.8103,0.8103,3.2765,0.6687,high,0.85,1.0,3,0,1,0.8,0.8,0.0,5-GW avg pts 0.80; mins 21; xGI 0.04; current GWs 3; fixture Elo diff +11,False,False,False,False,False,False,False,False,False,False,False,False,False,False,False,False,False,False,False,False,False,False,False,False,False,False,False,False,False,False,False,False
e270eb346be33f8ee53a97a0631626a6af55428c,199798,31,Ezri,Konsa Ngoyo,Konsa,3,Arsenal,ARS,Defender,a,False,4.4,11.6,0.7829,0.7829,0.8277,0.7829,0.8277,3.1943,0.726,high,1.0,1.0,2,0,0,0.6,0.6,0.5,5-GW avg pts 0.60; mins 38; xGI 0.00; current GWs 2; fixture Elo diff +264,False,False,False,False,False,False,False,False,False,False,False,False,False,False,False,False,False,False,False,False,False,False,False,False,False,False,False,False,False,False,False,False
e270eb346be33f8ee53a97a0631626a6af55428c,184341,430,Mason,Mount,Mount,1,Man Utd,MUN,Midfielder,a,False,5.4,0.0,0.7431,0.8104,0.8104,0.8104,0.8104,3.1743,0.5878,high,1.0,1.0,3,0,0,1.2,1.2,0.0,5-GW avg pts 1.20; mins 16; xGI 0.03; current GWs 3; fixture Elo diff +69,False,False,False,False,False,False,False,False,False,False,False,False,False,False,False,False,False,False,False,False,False,False,False,False,False,False,False,False,False,False,False,False
e270eb346be33f8ee53a97a0631626a6af55428c,653481,52,Alysson Edward Franco,da Rocha dos Santos,Alysson,7,Aston Villa,AVL,Midfielder,a,False,5.0,0.0,0.7786,0.7786,0.7786,0.7786,0.7696,3.1089,0.6218,high,1.0,1.0,3,0,0,0.4,0.4,0.7,5-GW avg pts 0.40; mins 8; xGI 0.00; current GWs 3; fixture Elo diff +72,False,False,False,False,False,False,False,False,False,False,False,False,False,False,False,False,False,False,False,False,False,False,False,False,False,False,False,False,False,False,False,False
e270eb346be33f8ee53a97a0631626a6af55428c,515597,35,Lamare,Bogarde,Bogarde,7,Aston Villa,AVL,Midfielder,a,False,5.0,0.1,0.7819,0.7819,0.7819,0.7819,0.7432,3.1042,0.6208,high,1.0,1.0,3,0,0,0.6,0.6,0.3,5-GW avg pts 0.60; mins 18; xGI 0.00; current GWs 3; fixture Elo diff +72,False,False,False,False,False,False,False,False,False,False,False,False,False,False,False,False,False,False,False,False,False,False,False,False,False,False,False,False,False,False,False,False
e270eb346be33f8ee53a97a0631626a6af55428c,109745,2,Kepa,Arrizabalaga Revuelta,Arrizabalaga,3,Arsenal,ARS,Goalkeeper,a,False,4.9,0.1,0.77,0.77,0.77,0.77,0.77,3.0798,0.6285,high,1.0,1.0,2,0,0,0.4,0.4,0.0,5-GW avg pts 0.40; mins 18; xGI 0.00; current GWs 2; fixture Elo diff +264,False,False,False,False,False,False,False,False,False,False,False,False,False,False,False,False,False,False,False,False,False,False,False,False,False,False,False,False,False,False,False,False
e270eb346be33f8ee53a97a0631626a6af55428c,72147,29,Marco,Bizot,M.Bizot,7,Aston Villa,AVL,Goalkeeper,a,False,4.5,0.1,0.7775,0.718,0.7775,0.718,0.735,2.9892,0.6643,high,1.0,1.0,3,0,0,0.6,0.6,0.3,5-GW avg pts 0.60; mins 36; xGI 0.00; current GWs 3; fixture Elo diff +72,False,False,False,False,False,False,False,False,False,False,False,False,False,False,False,False,False,False,False,False,False,False,False,False,False,False,False,False,False,False,False,False
e270eb346be33f8ee53a97a0631626a6af55428c,180135,339,Sean,Longstaff,Longstaff,2,Leeds,LEE,Midfielder,a,False,4.9,0.1,0.753,0.753,0.692,0.753,0.7816,2.9803,0.6082,high,1.0,1.0,3,0,0,0.4,0.4,0.3,5-GW avg pts 0.40; mins 8; xGI 0.03; current GWs 3; fixture Elo diff -74,False,False,False,False,False,False,False,False,False,False,False,False,False,False,False,False,False,False,False,False,False,False,False,False,False,False,False,False,False,False,False,False
e270eb346be33f8ee53a97a0631626a6af55428c,532529,123,Jack,Hinshelwood,Hinshelwood,36,Brighton,BHA,Midfielder,d,False,6.0,1.2,0.7727,0.6666,0.7727,0.8312,0.6159,2.9422,0.4904,high,0.85,1.0,3,0,1,2.1,2.1,1.3,5-GW avg pts 4.20; mins 43; xGI 0.42; current GWs 3; fixture Elo diff +6,False,False,False,False,False,False,False,False,False,False,False,False,False,False,False,False,False,False,False,False,False,False,False,False,False,False,False,False,False,False,False,False
e270eb346be33f8ee53a97a0631626a6af55428c,591386,375,Trey,Nyoni,Nyoni,14,Liverpool,LIV,Midfielder,a,False,4.9,0.0,0.7284,0.7284,0.7284,0.7284,0.7284,2.9134,0.5946,high,1.0,1.0,3,0,0,0.6,0.6,0.7,5-GW avg pts 0.60; mins 5; xGI 0.00; current GWs 3; fixture Elo diff +44,False,False,False,False,False,False,False,False,False,False,False,False,False,False,False,False,False,False,False,False,False,False,False,False,False,False,False,False,False,False,False,False
e270eb346be33f8ee53a97a0631626a6af55428c,593117,164,Geovany,Quenda,Quenda,8,Chelsea,CHE,Midfielder,a,False,5.4,0.0,0.7171,0.7171,0.7171,0.7171,0.7171,2.8685,0.5312,low,0.34,0.4,2,0,1,0.5,0.5,0.5,5-GW avg pts 0.50; mins 4; xGI 0.00; current GWs 2; fixture Elo diff +40,False,False,False,False,False,False,False,False,False,False,False,False,False,False,False,False,False,False,False,False,False,False,False,False,False,False,False,False,False,False,False,False
e270eb346be33f8ee53a97a0631626a6af55428c,470315,478,Luca,Netz,Netz,17,Nott'm Forest,NFO,Defender,a,False,4.5,0.0,0.7109,0.7174,0.7109,0.6684,0.7174,2.8237,0.6275,high,0.85,1.0,3,0,1,0.8,0.8,0.7,5-GW avg pts 0.80; mins 26; xGI 0.00; current GWs 3; fixture Elo diff -2,False,False,False,False,False,False,False,False,False,False,False,False,False,False,False,False,False,False,False,False,False,False,False,False,False,False,False,False,False,False,False,False
e270eb346be33f8ee53a97a0631626a6af55428c,624773,157,Estêvão,Almeida de Oliveira Gonçalves,Estêvão,8,Chelsea,CHE,Midfielder,a,False,6.4,0.8,0.7232,0.6949,0.6836,0.6949,0.7167,2.8119,0.4394,high,0.85,1.0,2,0,1,0.2,0.2,0.5,5-GW avg pts 0.20; mins 1; xGI 0.00; current GWs 2; fixture Elo diff +40,False,False,False,False,False,False,False,False,False,False,False,False,False,False,False,False,False,False,False,False,False,False,False,False,False,False,False,False,False,False,False,False
e270eb346be33f8ee53a97a0631626a6af55428c,570526,520,Lucas,Bergvall,Bergvall,6,Spurs,TOT,Midfielder,a,False,5.4,0.2,0.6973,0.6973,0.6973,0.7039,0.6973,2.7939,0.5174,high,0.85,1.0,3,0,1,0.2,0.2,0.3,5-GW avg pts 0.20; mins 9; xGI 0.00; current GWs 3; fixture Elo diff -50,False,False,False,False,False,False,False,False,False,False,False,False,False,False,False,False,False,False,False,False,False,False,False,False,False,False,False,False,False,False,False,False
e270eb346be33f8ee53a97a0631626a6af55428c,445028,563,Hidemasa,Morita,Morita,88,Hull City,HUL,Midfielder,a,False,5.0,0.0,0.6966,0.6966,0.6966,0.6966,0.6966,2.7866,0.5573,medium,0.51,0.6,3,0,1,0.3333,0.3333,0.3,5-GW avg pts 0.33; mins 15; xGI 0.00; current GWs 3; fixture Elo diff -158,False,False,False,False,False,False,False,False,False,False,False,False,False,False,False,False,False,False,False,False,False,False,False,False,False,False,False,False,False,False,False,False
e270eb346be33f8ee53a97a0631626a6af55428c,441191,450,Tino,Livramento,Livramento,4,Newcastle,NEW,Defender,a,False,4.9,0.0,0.6905,0.697,0.697,0.6905,0.6905,2.773,0.5659,high,0.85,1.0,3,0,1,0.2,0.2,0.3,5-GW avg pts 0.20; mins 0; xGI 0.00; current GWs 3; fixture Elo diff +67,False,False,False,False,False,False,False,False,False,False,False,False,False,False,False,False,False,False,False,False,False,False,False,False,False,False,False,False,False,False,False,False
e270eb346be33f8ee53a97a0631626a6af55428c,101282,289,Matt,Crooks,Crooks,88,Hull City,HUL,Midfielder,d,False,4.5,0.5,0.6886,0.6886,0.6886,0.6886,0.6886,2.7546,0.6121,medium,0.51,0.6,3,0,1,0.5,0.5,0.375,5-GW avg pts 0.67; mins 30; xGI 0.00; current GWs 3; fixture Elo diff -158,False,False,False,False,False,False,False,False,False,False,False,False,False,False,False,False,False,False,False,False,False,False,False,False,False,False,False,False,False,False,False,False
e270eb346be33f8ee53a97a0631626a6af55428c,632794,559,Aladji,Bamba,Bamba,4,Newcastle,NEW,Midfielder,a,False,4.9,0.1,0.6798,0.6798,0.6798,0.6798,0.6798,2.719,0.5549,medium,0.51,0.6,3,0,1,0.3333,0.3333,0.3,5-GW avg pts 0.33; mins 5; xGI 0.00; current GWs 3; fixture Elo diff +67,False,False,False,False,False,False,False,False,False,False,False,False,False,False,False,False,False,False,False,False,False,False,False,False,False,False,False,False,False,False,False,False
e270eb346be33f8ee53a97a0631626a6af55428c,209046,482,Callum,Hudson-Odoi,Hudson-Odoi,17,Nott'm Forest,NFO,Midfielder,a,False,5.9,0.2,0.6502,0.7249,0.6833,0.6334,0.7031,2.7145,0.4601,high,0.85,1.0,3,0,1,0.2,0.2,0.3,5-GW avg pts 0.20; mins 0; xGI 0.00; current GWs 3; fixture Elo diff -2,False,False,False,False,False,False,False,False,False,False,False,False,False,False,False,False,False,False,False,False,False,False,False,False,False,False,False,False,False,False,False,False
e270eb346be33f8ee53a97a0631626a6af55428c,59735,325,Karl,Darlow,Darlow,1,Man Utd,MUN,Goalkeeper,a,False,4.5,0.0,0.5951,0.6573,0.7021,0.6573,0.7021,2.6298,0.5844,high,1.0,1.0,3,0,0,2.6,2.6,0.0,5-GW avg pts 2.60; mins 36; xGI 0.00; current GWs 3; fixture Elo diff +69,False,False,False,False,False,False,False,False,False,False,False,False,False,False,False,False,False,False,False,False,False,False,False,False,False,False,False,False,False,False,False,False
e270eb346be33f8ee53a97a0631626a6af55428c,465920,578,Mykhailo,Mudryk,Mudryk,6,Spurs,TOT,Midfielder,a,False,5.4,0.1,0.644,0.644,0.644,0.644,0.644,2.5761,0.4771,high,0.85,1.0,3,0,1,0.2,0.2,0.3,5-GW avg pts 0.20; mins 3; xGI 0.00; current GWs 3; fixture Elo diff -50,False,False,False,False,False,False,False,False,False,False,False,False,False,False,False,False,False,False,False,False,False,False,False,False,False,False,False,False,False,False,False,False
e270eb346be33f8ee53a97a0631626a6af55428c,568420,581,Ousmane,Diomande,Diomande,17,Nott'm Forest,NFO,Defender,a,False,5.4,0.6,0.6312,0.6312,0.6312,0.6222,0.6312,2.5184,0.4664,medium,0.51,0.6,3,0,1,0.3333,0.3333,0.3,5-GW avg pts 0.33; mins 0; xGI 0.00; current GWs 3; fixture Elo diff -2,False,False,False,False,False,False,False,False,False,False,False,False,False,False,False,False,False,False,False,False,False,False,False,False,False,False,False,False,False,False,False,False
e270eb346be33f8ee53a97a0631626a6af55428c,56979,101,Jordan,Henderson,Henderson,8,Chelsea,CHE,Midfielder,d,False,5.0,0.0,0.6504,0.5946,0.5946,0.6504,0.6504,2.5067,0.5013,high,0.85,1.0,2,0,1,0.15,0.15,0.0,5-GW avg pts 0.20; mins 19; xGI 0.01; current GWs 2; fixture Elo diff +40,False,False,False,False,False,False,False,False,False,False,False,False,False,False,False,False,False,False,False,False,False,False,False,False,False,False,False,False,False,False,False,False
e270eb346be33f8ee53a97a0631626a6af55428c,458249,440,Joshua,Zirkzee,Zirkzee,1,Man Utd,MUN,Forward,a,False,5.4,0.5,0.5736,0.6409,0.6409,0.6409,0.6409,2.4962,0.4623,high,1.0,1.0,3,0,0,0.4,0.4,0.0,5-GW avg pts 0.40; mins 5; xGI 0.10; current GWs 3; fixture Elo diff +69,False,False,False,False,False,False,False,False,False,False,False,False,False,False,False,False,False,False,False,False,False,False,False,False,False,False,False,False,False,False,False,False
e270eb346be33f8ee53a97a0631626a6af55428c,98747,442,Nick,Pope,Pope,4,Newcastle,NEW,Goalkeeper,a,False,5.0,1.1,0.6032,0.6098,0.6098,0.6032,0.6032,2.424,0.4848,high,0.85,1.0,3,0,1,1.2,1.2,0.0,5-GW avg pts 1.20; mins 36; xGI 0.00; current GWs 3; fixture Elo diff +67,False,True,False,False,False,False,False,False,False,False,False,False,False,False,False,False,False,False,False,False,False,False,False,False,False,False,False,False,False,False,False,False
e270eb346be33f8ee53a97a0631626a6af55428c,172780,515,James,Maddison,Maddison,6,Spurs,TOT,Midfielder,d,False,6.4,0.5,0.6105,0.6035,0.5872,0.632,0.5942,2.4224,0.3785,high,0.85,1.0,3,0,1,0.45,0.45,0.15,5-GW avg pts 0.60; mins 10; xGI 0.05; current GWs 3; fixture Elo diff -50,False,False,False,False,False,False,False,False,False,False,False,False,False,False,False,False,False,False,False,False,False,False,False,False,False,False,False,False,False,False,False,False
e270eb346be33f8ee53a97a0631626a6af55428c,160817,285,Paddy,McNair,McNair,88,Hull City,HUL,Defender,a,False,4.0,0.1,0.5777,0.5777,0.5777,0.5777,0.5777,2.3106,0.5777,medium,0.51,0.6,3,0,1,0.3333,0.3333,0.3,5-GW avg pts 0.33; mins 9; xGI 0.00; current GWs 3; fixture Elo diff -158,False,False,False,False,False,False,False,False,False,False,False,False,False,False,False,False,False,False,False,False,False,False,False,False,False,False,False,False,False,False,False,False
e270eb346be33f8ee53a97a0631626a6af55428c,552946,574,Jens,Hjertø-Dahl,Hjertø-Dahl,88,Hull City,HUL,Midfielder,a,False,4.9,0.1,0.5755,0.5755,0.5755,0.5755,0.5755,2.3019,0.4698,medium,0.51,0.6,3,0,1,0.3333,0.3333,0.3,5-GW avg pts 0.33; mins 3; xGI 0.00; current GWs 3; fixture Elo diff -158,False,False,False,False,False,False,False,False,False,False,False,False,False,False,False,False,False,False,False,False,False,False,False,False,False,False,False,False,False,False,False,False
e270eb346be33f8ee53a97a0631626a6af55428c,242313,207,Oscar,Mingueza,Mingueza,31,Crystal Palace,CRY,Defender,a,False,4.4,0.1,0.5554,0.5554,0.5554,0.5554,0.5554,2.2215,0.5049,medium,0.51,0.6,3,0,1,0.6667,0.6667,0.7,5-GW avg pts 0.67; mins 5; xGI 0.00; current GWs 3; fixture Elo diff +11,False,False,False,False,False,False,False,False,False,False,False,False,False,False,False,False,False,False,False,False,False,False,False,False,False,False,False,False,False,False,False,False
e270eb346be33f8ee53a97a0631626a6af55428c,561245,81,Álvaro,Rodríguez,Rodríguez,91,Bournemouth,BOU,Forward,a,False,6.0,0.1,0.5643,0.5313,0.5589,0.5643,0.5258,2.2001,0.3667,medium,0.6,0.6,3,0,0,0.3333,0.3333,0.3,5-GW avg pts 0.33; mins 3; xGI 0.00; current GWs 3; fixture Elo diff +26,False,False,False,False,False,False,False,False,False,False,False,False,False,False,False,False,False,False,False,False,False,False,False,False,False,False,False,False,False,False,False,False
e270eb346be33f8ee53a97a0631626a6af55428c,204968,489,Ryan,Yates,Yates,17,Nott'm Forest,NFO,Midfielder,a,False,4.5,1.4,0.5273,0.5625,0.5273,0.4848,0.5625,2.1322,0.4738,high,0.85,1.0,3,0,1,0.2,0.2,0.0,5-GW avg pts 0.20; mins 5; xGI 0.03; current GWs 3; fixture Elo diff -2,False,False,False,False,False,False,False,False,False,False,False,False,False,False,False,False,False,False,False,False,False,False,False,False,False,False,False,False,False,False,False,False
e270eb346be33f8ee53a97a0631626a6af55428c,119471,446,Fabian,Schär,Schär,4,Newcastle,NEW,Defender,a,False,5.0,0.2,0.507,0.5136,0.5136,0.507,0.507,2.0393,0.4079,high,0.85,1.0,3,0,1,0.2,0.2,0.3,5-GW avg pts 0.20; mins 0; xGI 0.00; current GWs 3; fixture Elo diff +67,False,False,False,False,False,False,False,False,False,False,False,False,False,False,False,False,False,False,False,False,False,False,False,False,False,False,False,False,False,False,False,False
e270eb346be33f8ee53a97a0631626a6af55428c,611665,461,Bazoumana,Touré,Touré,4,Newcastle,NEW,Midfielder,a,False,5.9,0.1,0.5109,0.5163,0.5109,0.4832,0.5109,2.029,0.3439,medium,0.51,0.6,3,0,1,0.3333,0.3333,0.3,5-GW avg pts 0.33; mins 0; xGI 0.00; current GWs 3; fixture Elo diff +67,False,False,False,False,False,False,False,False,False,False,False,False,False,False,False,False,False,False,False,False,False,False,False,False,False,False,False,False,False,False,False,False
e270eb346be33f8ee53a97a0631626a6af55428c,557012,321,Sindre,Walle Egeli,Walle Egeli,40,Ipswich Town,IPS,Forward,a,False,4.5,3.4,0.498,0.498,0.498,0.498,0.498,1.9921,0.4427,medium,0.51,0.6,3,0,1,0.3333,0.3333,0.3,5-GW avg pts 0.33; mins 3; xGI 0.00; current GWs 3; fixture Elo diff -177,False,False,False,False,False,False,False,False,False,False,False,False,False,False,False,False,False,False,False,False,False,False,False,False,False,False,False,False,False,False,False,False
e270eb346be33f8ee53a97a0631626a6af55428c,576628,435,Shea,Lacey,Lacey,1,Man Utd,MUN,Midfielder,a,False,5.0,0.1,0.484,0.4929,0.4929,0.4929,0.4929,1.9627,0.3925,high,1.0,1.0,3,0,0,0.4,0.4,0.3,5-GW avg pts 0.40; mins 8; xGI 0.01; current GWs 3; fixture Elo diff +69,False,False,False,False,False,False,False,False,False,False,False,False,False,False,False,False,False,False,False,False,False,False,False,False,False,False,False,False,False,False,False,False
e270eb346be33f8ee53a97a0631626a6af55428c,554054,622,Kaden,Braithwaite,Braithwaite,43,Man City,MCI,Defender,a,False,4.0,0.1,0.4829,0.4829,0.4829,0.4829,0.4829,1.9316,0.4829,low,0.34,0.4,2,0,1,0.5,0.5,0.5,5-GW avg pts 0.50; mins 0; xGI 0.00; current GWs 2; fixture Elo diff +141,False,False,False,False,False,False,False,False,False,False,False,False,False,False,False,False,False,False,False,False,False,False,False,False,False,False,False,False,False,False,False,False
e270eb346be33f8ee53a97a0631626a6af55428c,559152,595,Zavier,Gozo,Gozo,31,Crystal Palace,CRY,Midfielder,a,False,5.0,0.0,0.482,0.482,0.482,0.482,0.482,1.9279,0.3856,medium,0.51,0.6,3,0,1,0.3333,0.3333,0.3,5-GW avg pts 0.33; mins 7; xGI 0.00; current GWs 3; fixture Elo diff +11,False,False,False,False,False,False,False,False,False,False,False,False,False,False,False,False,False,False,False,False,False,False,False,False,False,False,False,False,False,False,False,False
e270eb346be33f8ee53a97a0631626a6af55428c,194010,89,Rico,Henry,Henry,94,Brentford,BRE,Defender,a,False,4.5,0.2,0.4655,0.4655,0.4655,0.4655,0.4721,1.8661,0.4147,high,0.85,1.0,3,0,1,0.2,0.2,0.3,5-GW avg pts 0.20; mins 0; xGI 0.00; current GWs 3; fixture Elo diff -3,False,False,False,False,False,False,False,False,False,False,False,False,False,False,False,False,False,False,False,False,False,False,False,False,False,False,False,False,False,False,False,False
e270eb346be33f8ee53a97a0631626a6af55428c,463936,158,Jamie,Bynoe-Gittens,Gittens,8,Chelsea,CHE,Midfielder,a,False,5.9,0.0,0.4314,0.403,0.3918,0.403,0.4248,1.6445,0.2787,high,0.85,1.0,2,0,1,0.0,0.0,0.0,5-GW avg pts 0.00; mins 0; xGI 0.00; current GWs 2; fixture Elo diff +40,False,False,False,False,False,False,False,False,False,False,False,False,False,False,False,False,False,False,False,False,False,False,False,False,False,False,False,False,False,False,False,False
e270eb346be33f8ee53a97a0631626a6af55428c,449027,351,Giorgi,Mamardashvili,Mamardashvili,14,Liverpool,LIV,Goalkeeper,a,False,4.9,0.1,0.4178,0.4178,0.3753,0.4178,0.4178,1.6373,0.3341,high,1.0,1.0,3,0,0,0.2,0.2,0.0,5-GW avg pts 0.20; mins 18; xGI 0.00; current GWs 3; fixture Elo diff +44,False,False,False,False,False,False,False,False,False,False,False,False,False,False,False,False,False,False,False,False,False,False,False,False,False,False,False,False,False,False,False,False
e270eb346be33f8ee53a97a0631626a6af55428c,465680,493,Arnaud,Kalimuendo,Kalimuendo,17,Nott'm Forest,NFO,Forward,a,False,5.4,0.1,0.3881,0.3881,0.3881,0.392,0.3881,1.5553,0.288,high,0.85,1.0,3,0,1,0.2,0.2,0.3,5-GW avg pts 0.20; mins 0; xGI 0.00; current GWs 3; fixture Elo diff -2,False,False,False,False,False,False,False,False,False,False,False,False,False,False,False,False,False,False,False,False,False,False,False,False,False,False,False,False,False,False,False,False
e270eb346be33f8ee53a97a0631626a6af55428c,638987,631,Ibrahim,Mbaye,Mbaye,7,Aston Villa,AVL,Midfielder,a,False,6.0,0.0,0.3957,0.3869,0.3957,0.3869,0.3537,1.5436,0.2573,low,0.2,0.2,1,0,0,0.0,0.0,2.2,5-GW avg pts 0.00; mins 0; xGI 0.00; current GWs 1; fixture Elo diff +72,False,False,False,False,False,False,False,False,False,False,False,False,False,False,False,False,False,False,False,False,False,False,False,False,False,False,False,False,False,False,False,False
e270eb346be33f8ee53a97a0631626a6af55428c,624777,628,Allan,Andrade Elias,Allan,43,Man City,MCI,Midfielder,a,False,6.0,0.0,0.3539,0.3957,0.3539,0.4439,0.3539,1.5162,0.2527,low,0.17,0.2,1,0,1,0.0,0.0,2.2,5-GW avg pts 0.00; mins 0; xGI 0.00; current GWs 1; fixture Elo diff +141,False,False,False,False,False,False,False,False,False,False,False,False,False,False,False,False,False,False,False,False,False,False,False,False,False,False,False,False,False,False,False,False
e270eb346be33f8ee53a97a0631626a6af55428c,176420,308,Darnell,Furlong,Furlong,40,Ipswich Town,IPS,Defender,a,False,4.0,0.5,0.3755,0.3755,0.3755,0.3755,0.3755,1.5018,0.3755,medium,0.51,0.6,3,0,1,0.3333,0.3333,0.3,5-GW avg pts 0.33; mins 6; xGI 0.00; current GWs 3; fixture Elo diff -177,False,False,False,False,False,False,False,False,False,False,False,False,False,False,False,False,False,False,False,False,False,False,False,False,False,False,False,False,False,False,False,False
e270eb346be33f8ee53a97a0631626a6af55428c,592984,639,José María,Andrés Baixauli,Andrés,36,Brighton,BHA,Midfielder,a,False,5.5,0.0,0.3773,0.3441,0.3773,0.3861,0.3442,1.4657,0.2665,low,0.17,0.2,1,0,1,0.0,0.0,2.0,5-GW avg pts 0.00; mins 0; xGI 0.00; current GWs 1; fixture Elo diff +6,False,False,False,False,False,False,False,False,False,False,False,False,False,False,False,False,False,False,False,False,False,False,False,False,False,False,False,False,False,False,False,False
e270eb346be33f8ee53a97a0631626a6af55428c,169359,556,Matt,Targett,Targett,88,Hull City,HUL,Defender,a,False,4.0,2.0,0.3323,0.3323,0.3323,0.3323,0.3323,1.3292,0.3323,high,0.85,1.0,3,0,1,0.2,0.2,0.3,5-GW avg pts 0.20; mins 1; xGI 0.00; current GWs 3; fixture Elo diff -158,False,False,False,False,False,False,False,False,False,False,False,False,False,False,False,False,False,False,False,False,False,False,False,False,False,False,False,False,False,False,False,False
e270eb346be33f8ee53a97a0631626a6af55428c,79602,623,Dan,Bentley,Bentley,9,Coventry City,COV,Goalkeeper,a,False,4.0,0.3,0.3296,0.3296,0.3296,0.3296,0.3296,1.3186,0.3296,high,0.85,1.0,2,0,1,0.4,0.4,0.0,5-GW avg pts 0.40; mins 18; xGI 0.00; current GWs 2; fixture Elo diff -152,False,False,False,False,False,False,False,False,False,False,False,False,False,False,False,False,False,False,False,False,False,False,False,False,False,False,False,False,False,False,False,False
e270eb346be33f8ee53a97a0631626a6af55428c,119090,618,Leon,Goretzka,Goretzka,7,Aston Villa,AVL,Midfielder,a,False,6.0,0.1,0.3272,0.3217,0.3272,0.3217,0.2852,1.2748,0.2125,low,0.4,0.4,2,0,0,0.0,0.0,0.0,5-GW avg pts 0.00; mins 0; xGI 0.00; current GWs 2; fixture Elo diff +72,False,False,False,False,False,False,False,False,False,False,False,False,False,False,False,False,False,False,False,False,False,False,False,False,False,False,False,False,False,False,False,False
e270eb346be33f8ee53a97a0631626a6af55428c,67089,497,Martin,Dubravka,Dubravka,6,Spurs,TOT,Goalkeeper,a,False,4.0,18.0,0.3105,0.3105,0.3105,0.317,0.3105,1.2466,0.3116,high,0.85,1.0,3,0,1,0.0,0.0,0.0,5-GW avg pts 0.00; mins 0; xGI 0.00; current GWs 3; fixture Elo diff -50,False,False,False,False,False,False,False,False,False,False,False,False,False,False,False,False,False,False,False,False,False,False,False,False,False,False,False,False,False,False,False,False
e270eb346be33f8ee53a97a0631626a6af55428c,699989,550,Djiamgone Jocelin Ta,Bi,Jocelin.T,56,Sunderland,SUN,Midfielder,a,False,5.0,0.0,0.2516,0.2835,0.3349,0.3349,0.3349,1.21,0.242,high,1.0,1.0,3,0,0,0.0,0.0,0.0,5-GW avg pts 0.00; mins 0; xGI 0.00; current GWs 3; fixture Elo diff -173,False,False,False,False,False,False,False,False,False,False,False,False,False,False,False,False,False,False,False,False,False,False,False,False,False,False,False,False,False,False,False,False
e270eb346be33f8ee53a97a0631626a6af55428c,158983,374,Endo,Wataru,Endo,14,Liverpool,LIV,Midfielder,a,False,5.0,0.1,0.2993,0.2993,0.2607,0.2993,0.2993,1.1664,0.2333,high,1.0,1.0,3,0,0,0.0,0.0,0.0,5-GW avg pts 0.00; mins 0; xGI 0.00; current GWs 3; fixture Elo diff +44,False,False,False,False,False,False,False,False,False,False,False,False,False,False,False,False,False,False,False,False,False,False,False,False,False,False,False,False,False,False,False,False
e270eb346be33f8ee53a97a0631626a6af55428c,616222,396,Vitor,de Oliveira Nunes dos Reis,Vitor Reis,43,Man City,MCI,Defender,a,False,4.5,0.0,0.2843,0.2843,0.2843,0.2843,0.2843,1.137,0.2527,high,0.85,1.0,3,0,1,0.2,0.2,0.3,5-GW avg pts 0.20; mins 0; xGI 0.00; current GWs 3; fixture Elo diff +141,False,False,False,False,False,False,False,False,False,False,False,False,False,False,False,False,False,False,False,False,False,False,False,False,False,False,False,False,False,False,False,False
e270eb346be33f8ee53a97a0631626a6af55428c,155503,352,Freddie,Woodman,Woodman,14,Liverpool,LIV,Goalkeeper,a,False,4.0,1.1,0.2916,0.2916,0.2491,0.2916,0.2916,1.1323,0.2831,high,1.0,1.0,3,0,0,0.0,0.0,0.0,5-GW avg pts 0.00; mins 0; xGI 0.00; current GWs 3; fixture Elo diff +44,False,False,False,False,False,False,False,False,False,False,False,False,False,False,False,False,False,False,False,False,False,False,False,False,False,False,False,False,False,False,False,False
e270eb346be33f8ee53a97a0631626a6af55428c,153366,270,Harrison,Reed,Reed,54,Fulham,FUL,Midfielder,a,False,4.5,1.3,0.2764,0.2764,0.283,0.283,0.283,1.1194,0.2488,high,0.85,1.0,3,0,1,0.0,0.0,0.0,5-GW avg pts 0.00; mins 0; xGI 0.00; current GWs 3; fixture Elo diff +48,False,False,False,False,False,False,False,False,False,False,False,False,False,False,False,False,False,False,False,False,False,False,False,False,False,False,False,False,False,False,False,False
e270eb346be33f8ee53a97a0631626a6af55428c,167074,256,Kenny,Tete,Tete,54,Fulham,FUL,Defender,a,False,4.5,0.2,0.2764,0.2764,0.283,0.283,0.283,1.1194,0.2488,high,0.85,1.0,3,0,1,0.0,0.0,0.0,5-GW avg pts 0.00; mins 0; xGI 0.00; current GWs 3; fixture Elo diff +48,False,False,False,False,False,False,False,False,False,False,False,False,False,False,False,False,False,False,False,False,False,False,False,False,False,False,False,False,False,False,False,False
e270eb346be33f8ee53a97a0631626a6af55428c,121709,199,Walter,Benítez,Benitez,31,Crystal Palace,CRY,Goalkeeper,a,False,4.5,0.1,0.283,0.2764,0.2764,0.2764,0.2764,1.1122,0.2472,high,0.85,1.0,3,0,1,0.0,0.0,0.0,5-GW avg pts 0.00; mins 0; xGI 0.00; current GWs 3; fixture Elo diff +11,False,False,False,False,False,False,False,False,False,False,False,False,False,False,False,False,False,False,False,False,False,False,False,False,False,False,False,False,False,False,False,False
e270eb346be33f8ee53a97a0631626a6af55428c,109646,147,Tosin,Adarabioyo,Tosin,6,Spurs,TOT,Defender,a,False,4.4,0.2,0.2764,0.2764,0.2764,0.283,0.2764,1.1103,0.2523,high,0.85,1.0,3,0,1,0.0,0.0,0.0,5-GW avg pts 0.00; mins 0; xGI 0.00; current GWs 3; fixture Elo diff -50,False,False,False,False,False,False,False,False,False,False,False,False,False,False,False,False,False,False,False,False,False,False,False,False,False,False,False,False,False,False,False,False
e270eb346be33f8ee53a97a0631626a6af55428c,219249,126,Matt,O'Riley,O'Riley,36,Brighton,BHA,Midfielder,a,False,5.5,0.1,0.2602,0.2528,0.2602,0.282,0.2271,1.0294,0.1872,high,0.85,1.0,3,0,1,0.0,0.0,0.0,5-GW avg pts 0.00; mins 0; xGI 0.00; current GWs 3; fixture Elo diff +6,False,False,False,False,False,False,False,False,False,False,False,False,False,False,False,False,False,False,False,False,False,False,False,False,False,False,False,False,False,False,False,False
e270eb346be33f8ee53a97a0631626a6af55428c,515046,531,Melker,Ellborg,Ellborg,56,Sunderland,SUN,Goalkeeper,a,False,4.5,0.1,0.2339,0.2339,0.2764,0.2764,0.2764,1.025,0.2278,high,1.0,1.0,3,0,0,0.0,0.0,0.0,5-GW avg pts 0.00; mins 0; xGI 0.00; current GWs 3; fixture Elo diff -173,False,False,False,False,False,False,False,False,False,False,False,False,False,False,False,False,False,False,False,False,False,False,False,False,False,False,False,False,False,False,False,False
e270eb346be33f8ee53a97a0631626a6af55428c,496661,245,Tyler,Dibling,Dibling,11,Everton,EVE,Midfielder,a,False,5.4,0.0,0.2388,0.2453,0.2453,0.2388,0.2136,0.9511,0.1761,high,0.85,1.0,3,0,1,0.0,0.0,0.0,5-GW avg pts 0.00; mins 0; xGI 0.00; current GWs 3; fixture Elo diff +2,False,False,False,False,False,False,False,False,False,False,False,False,False,False,False,False,False,False,False,False,False,False,False,False,False,False,False,False,False,False,False,False
e270eb346be33f8ee53a97a0631626a6af55428c,454490,120,Michael,Svoboda,Svoboda,36,Brighton,BHA,Defender,a,False,5.0,0.1,0.234,0.2251,0.234,0.234,0.234,0.9281,0.1856,medium,0.51,0.6,3,0,1,0.0,0.0,0.0,5-GW avg pts 0.00; mins 0; xGI 0.00; current GWs 3; fixture Elo diff +6,False,False,False,False,False,False,False,False,False,False,False,False,False,False,False,False,False,False,False,False,False,False,False,False,False,False,False,False,False,False,False,False
e270eb346be33f8ee53a97a0631626a6af55428c,507433,83,Hákon Rafn,Valdimarsson,Valdimarsson,94,Brentford,BRE,Goalkeeper,a,False,4.5,0.1,0.2284,0.2284,0.2284,0.2284,0.2349,0.9175,0.2039,high,0.85,1.0,3,0,1,0.0,0.0,0.0,5-GW avg pts 0.00; mins 0; xGI 0.00; current GWs 3; fixture Elo diff -3,False,False,False,False,False,False,False,False,False,False,False,False,False,False,False,False,False,False,False,False,False,False,False,False,False,False,False,False,False,False,False,False
e270eb346be33f8ee53a97a0631626a6af55428c,242882,62,Bafodé,Diakité,Diakité,91,Bournemouth,BOU,Defender,a,False,5.0,0.2,0.2244,0.2244,0.2244,0.2244,0.2244,0.8977,0.1795,high,1.0,1.0,3,0,0,0.0,0.0,0.0,5-GW avg pts 0.00; mins 0; xGI 0.00; current GWs 3; fixture Elo diff +26,False,False,False,False,False,False,False,False,False,False,False,False,False,False,False,False,False,False,False,False,False,False,False,False,False,False,False,False,False,False,False,False
e270eb346be33f8ee53a97a0631626a6af55428c,106921,587,Gerónimo,Rulli,Rulli,43,Man City,MCI,Goalkeeper,a,False,5.0,0.0,0.2017,0.2017,0.2017,0.2017,0.2017,0.8067,0.1613,medium,0.51,0.6,3,0,1,0.0,0.0,0.0,5-GW avg pts 0.00; mins 0; xGI 0.00; current GWs 3; fixture Elo diff +141,False,False,False,False,False,False,False,False,False,False,False,False,False,False,False,False,False,False,False,False,False,False,False,False,False,False,False,False,False,False,False,False
e270eb346be33f8ee53a97a0631626a6af55428c,213292,296,David,Akintola,Akintola,88,Hull City,HUL,Midfielder,a,False,5.0,0.0,0.2017,0.2017,0.2017,0.2017,0.2017,0.8067,0.1613,medium,0.51,0.6,3,0,1,0.0,0.0,0.0,5-GW avg pts 0.00; mins 0; xGI 0.00; current GWs 3; fixture Elo diff -158,False,False,False,False,False,False,False,False,False,False,False,False,False,False,False,False,False,False,False,False,False,False,False,False,False,False,False,False,False,False,False,False
e270eb346be33f8ee53a97a0631626a6af55428c,500033,636,Manuel Ángel,Morán Ibáñez,Ángel,54,Fulham,FUL,Midfielder,a,False,5.0,0.0,0.2017,0.2017,0.2017,0.2017,0.2017,0.8067,0.1613,low,0.17,0.2,1,0,1,0.0,0.0,1.5,5-GW avg pts 0.00; mins 0; xGI 0.00; current GWs 1; fixture Elo diff +48,False,False,False,False,False,False,False,False,False,False,False,False,False,False,False,False,False,False,False,False,False,False,False,False,False,False,False,False,False,False,False,False
e270eb346be33f8ee53a97a0631626a6af55428c,503037,170,Emmanuel,Emegha,Emegha,8,Chelsea,CHE,Forward,a,False,5.0,0.2,0.2017,0.2017,0.2017,0.2017,0.2017,0.8067,0.1613,low,0.34,0.4,2,0,1,0.0,0.0,0.0,5-GW avg pts 0.00; mins 0; xGI 0.00; current GWs 2; fixture Elo diff +40,False,False,False,False,False,False,False,False,False,False,False,False,False,False,False,False,False,False,False,False,False,False,False,False,False,False,False,False,False,False,False,False
e270eb346be33f8ee53a97a0631626a6af55428c,626751,632,Ilyas,Ansah,Ansah,88,Hull City,HUL,Forward,a,False,5.0,0.0,0.2017,0.2017,0.2017,0.2017,0.2017,0.8067,0.1613,low,0.17,0.2,1,0,1,0.0,0.0,1.4,5-GW avg pts 0.00; mins 0; xGI 0.00; current GWs 1; fixture Elo diff -158,False,False,False,False,False,False,False,False,False,False,False,False,False,False,False,False,False,False,False,False,False,False,False,False,False,False,False,False,False,False,False,False
e270eb346be33f8ee53a97a0631626a6af55428c,627221,599,Sidiki,Cherif,Cherif,9,Coventry City,COV,Forward,a,False,5.0,0.1,0.2017,0.2017,0.2017,0.2017,0.2017,0.8067,0.1613,medium,0.51,0.6,3,0,1,0.0,0.0,0.0,5-GW avg pts 0.00; mins 0; xGI 0.00; current GWs 3; fixture Elo diff -152,False,False,False,False,False,False,False,False,False,False,False,False,False,False,False,False,False,False,False,False,False,False,False,False,False,False,False,False,False,False,False,False
e270eb346be33f8ee53a97a0631626a6af55428c,631000,637,Robinio,Vaz,Vaz,88,Hull City,HUL,Forward,a,False,5.0,0.0,0.2017,0.2017,0.2017,0.2017,0.2017,0.8067,0.1613,low,0.17,0.2,1,0,1,0.0,0.0,1.4,5-GW avg pts 0.00; mins 0; xGI 0.00; current GWs 1; fixture Elo diff -158,False,False,False,False,False,False,False,False,False,False,False,False,False,False,False,False,False,False,False,False,False,False,False,False,False,False,False,False,False,False,False,False
e270eb346be33f8ee53a97a0631626a6af55428c,647839,645,Christos,Mouzakitis,Mouzakitis,88,Hull City,HUL,Midfielder,a,False,5.0,0.0,0.2017,0.2017,0.2017,0.2017,0.2017,0.8067,0.1613,low,0.17,0.2,1,0,1,0.0,0.0,1.5,5-GW avg pts 0.00; mins 0; xGI 0.00; current GWs 1; fixture Elo diff -158,False,False,False,False,False,False,False,False,False,False,False,False,False,False,False,False,False,False,False,False,False,False,False,False,False,False,False,False,False,False,False,False
e270eb346be33f8ee53a97a0631626a6af55428c,208481,292,Abdülkadir,Ömür,Ömür,88,Hull City,HUL,Midfielder,a,False,4.9,0.0,0.1972,0.1972,0.1972,0.1972,0.1972,0.7889,0.161,medium,0.51,0.6,3,0,1,0.0,0.0,0.0,5-GW avg pts 0.00; mins 0; xGI 0.00; current GWs 3; fixture Elo diff -158,False,False,False,False,False,False,False,False,False,False,False,False,False,False,False,False,False,False,False,False,False,False,False,False,False,False,False,False,False,False,False,False
e270eb346be33f8ee53a97a0631626a6af55428c,439668,187,Josh,Eccles,Eccles,9,Coventry City,COV,Midfielder,a,False,4.9,0.0,0.1972,0.1972,0.1972,0.1972,0.1972,0.7889,0.161,medium,0.51,0.6,3,0,1,0.0,0.0,0.0,5-GW avg pts 0.00; mins 0; xGI 0.00; current GWs 3; fixture Elo diff -152,False,False,False,False,False,False,False,False,False,False,False,False,False,False,False,False,False,False,False,False,False,False,False,False,False,False,False,False,False,False,False,False
e270eb346be33f8ee53a97a0631626a6af55428c,587982,648,Jean-Mattéo,Bahoya,Bahoya,2,Leeds,LEE,Midfielder,a,False,5.0,0.0,0.2017,0.2017,0.1608,0.2017,0.2017,0.774,0.1548,low,0.2,0.2,1,0,0,0.0,0.0,1.5,5-GW avg pts 0.00; mins 0; xGI 0.00; current GWs 1; fixture Elo diff -74,False,False,False,False,False,False,False,False,False,False,False,False,False,False,False,False,False,False,False,False,False,False,False,False,False,False,False,False,False,False,False,False
e270eb346be33f8ee53a97a0631626a6af55428c,232457,324,Anis,Mehmeti,Mehmeti,40,Ipswich Town,IPS,Midfielder,a,False,4.9,0.0,0.1972,0.1972,0.1972,0.1653,0.1972,0.7666,0.1564,medium,0.51,0.6,3,0,1,0.0,0.0,0.0,5-GW avg pts 0.00; mins 0; xGI 0.00; current GWs 3; fixture Elo diff -177,False,False,False,False,False,False,False,False,False,False,False,False,False,False,False,False,False,False,False,False,False,False,False,False,False,False,False,False,False,False,False,False
e270eb346be33f8ee53a97a0631626a6af55428c,620109,152,Marco,Palestra,Palestra,8,Chelsea,CHE,Defender,d,False,5.4,1.2,0.1915,0.1915,0.1915,0.1915,0.1915,0.766,0.1419,low,0.34,0.4,2,0,1,0.0,0.0,0.0,5-GW avg pts 0.00; mins 0; xGI 0.00; current GWs 2; fixture Elo diff +40,False,False,False,False,False,False,False,False,False,False,False,False,False,False,False,False,False,False,False,False,False,False,False,False,False,False,False,False,False,False,False,False
e270eb346be33f8ee53a97a0631626a6af55428c,437495,3,Illan,Meslier,Meslier,3,Arsenal,ARS,Goalkeeper,a,False,4.9,0.0,0.1744,0.1744,0.1744,0.1744,0.1744,0.6977,0.1424,high,1.0,1.0,2,0,0,0.0,0.0,0.0,5-GW avg pts 0.00; mins 0; xGI 0.00; current GWs 2; fixture Elo diff +264,False,False,False,False,False,False,False,False,False,False,False,False,False,False,False,False,False,False,False,False,False,False,False,False,False,False,False,False,False,False,False,False
e270eb346be33f8ee53a97a0631626a6af55428c,438464,218,Cheick,Doucouré,Doucouré,31,Crystal Palace,CRY,Midfielder,a,False,4.9,0.1,0.1744,0.1744,0.1744,0.1744,0.1744,0.6977,0.1424,high,0.85,1.0,3,0,1,0.0,0.0,0.0,5-GW avg pts 0.00; mins 0; xGI 0.00; current GWs 3; fixture Elo diff +11,False,False,False,False,False,False,False,False,False,False,False,False,False,False,False,False,False,False,False,False,False,False,False,False,False,False,False,False,False,False,False,False
e270eb346be33f8ee53a97a0631626a6af55428c,536694,217,Matheus,França de Oliveira,M.França,31,Crystal Palace,CRY,Midfielder,a,False,4.9,0.0,0.1744,0.1744,0.1744,0.1744,0.1744,0.6977,0.1424,high,0.85,1.0,3,0,1,0.0,0.0,0.0,5-GW avg pts 0.00; mins 0; xGI 0.00; current GWs 3; fixture Elo diff +11,False,False,False,False,False,False,False,False,False,False,False,False,False,False,False,False,False,False,False,False,False,False,False,False,False,False,False,False,False,False,False,False
e270eb346be33f8ee53a97a0631626a6af55428c,547037,434,Jack,Fletcher,J.Fletcher,1,Man Utd,MUN,Midfielder,a,False,5.0,0.0,0.17,0.1661,0.1661,0.1661,0.1661,0.6682,0.1336,high,1.0,1.0,3,0,0,0.0,0.0,0.0,5-GW avg pts 0.00; mins 0; xGI 0.00; current GWs 3; fixture Elo diff +69,False,False,False,False,False,False,False,False,False,False,False,False,False,False,False,False,False,False,False,False,False,False,False,False,False,False,False,False,False,False,False,False
e270eb346be33f8ee53a97a0631626a6af55428c,229600,227,Mark,Travers,Travers,11,Everton,EVE,Goalkeeper,a,False,5.0,0.0,0.1661,0.1661,0.1661,0.1661,0.17,0.6667,0.1333,high,0.85,1.0,3,0,1,0.0,0.0,0.0,5-GW avg pts 0.00; mins 0; xGI 0.00; current GWs 3; fixture Elo diff +2,False,False,False,False,False,False,False,False,False,False,False,False,False,False,False,False,False,False,False,False,False,False,False,False,False,False,False,False,False,False,False,False
e270eb346be33f8ee53a97a0631626a6af55428c,244858,100,Fábio,Freitas Gouveia Carvalho,Carvalho,94,Brentford,BRE,Midfielder,a,False,5.0,0.0,0.1661,0.1661,0.1661,0.1661,0.1661,0.6643,0.1329,high,0.85,1.0,3,0,1,0.0,0.0,0.0,5-GW avg pts 0.00; mins 0; xGI 0.00; current GWs 3; fixture Elo diff -3,False,False,False,False,False,False,False,False,False,False,False,False,False,False,False,False,False,False,False,False,False,False,False,False,False,False,False,False,False,False,False,False
e270eb346be33f8ee53a97a0631626a6af55428c,450542,219,Jesurun,Rak-Sakyi,J.Rak-Sakyi,31,Crystal Palace,CRY,Midfielder,a,False,5.0,0.0,0.1661,0.1661,0.1661,0.1661,0.1661,0.6643,0.1329,high,0.85,1.0,3,0,1,0.0,0.0,0.0,5-GW avg pts 0.00; mins 0; xGI 0.00; current GWs 3; fixture Elo diff +11,False,False,False,False,False,False,False,False,False,False,False,False,False,False,False,False,False,False,False,False,False,False,False,False,False,False,False,False,False,False,False,False
e270eb346be33f8ee53a97a0631626a6af55428c,462635,340,Joe,Gelhardt,Gelhardt,88,Hull City,HUL,Midfielder,a,False,5.0,0.0,0.1661,0.1661,0.1661,0.1661,0.1661,0.6643,0.1329,high,0.85,1.0,3,0,1,0.0,0.0,0.0,5-GW avg pts 0.00; mins 0; xGI 0.00; current GWs 3; fixture Elo diff -158,False,False,False,False,False,False,False,False,False,False,False,False,False,False,False,False,False,False,False,False,False,False,False,False,False,False,False,False,False,False,False,False
e270eb346be33f8ee53a97a0631626a6af55428c,519913,438,Tyler,Fletcher,Fletcher,1,Man Utd,MUN,Midfielder,a,False,4.5,0.3,0.1432,0.1432,0.1432,0.1432,0.1432,0.5727,0.1273,high,1.0,1.0,3,0,0,0.2,0.2,0.0,5-GW avg pts 0.20; mins 3; xGI 0.00; current GWs 3; fixture Elo diff +69,False,False,False,False,False,False,False,False,False,False,False,False,False,False,False,False,False,False,False,False,False,False,False,False,False,False,False,False,False,False,False,False
e270eb346be33f8ee53a97a0631626a6af55428c,567119,169,Shumaira,Mheuka,Mheuka,8,Chelsea,CHE,Forward,a,False,4.5,0.4,0.1432,0.1432,0.1432,0.1432,0.1432,0.5727,0.1273,medium,0.68,0.8,2,0,1,0.25,0.25,0.0,5-GW avg pts 0.25; mins 0; xGI 0.00; current GWs 2; fixture Elo diff +40,False,True,False,False,False,False,False,False,False,False,False,False,False,False,False,False,False,False,False,False,False,False,False,False,False,False,False,False,False,False,False,False
e270eb346be33f8ee53a97a0631626a6af55428c,631786,272,Jonah,Kusi-Asare,Kusi-Asare,54,Fulham,FUL,Forward,a,False,4.5,6.5,0.1432,0.1432,0.1432,0.1432,0.1432,0.5727,0.1273,high,0.85,1.0,3,0,1,0.0,0.0,0.0,5-GW avg pts 0.00; mins 0; xGI 0.00; current GWs 3; fixture Elo diff +48,False,False,False,False,False,False,False,False,False,False,False,False,False,False,False,False,False,False,False,False,False,False,False,False,False,False,False,False,False,False,False,False
e270eb346be33f8ee53a97a0631626a6af55428c,115556,508,Ben,Davies,Davies,6,Spurs,TOT,Defender,a,False,4.0,0.9,0.1349,0.1349,0.1349,0.1414,0.1349,0.5442,0.136,high,0.85,1.0,3,0,1,0.0,0.0,0.0,5-GW avg pts 0.00; mins 0; xGI 0.00; current GWs 3; fixture Elo diff -50,False,False,False,False,False,False,False,False,False,False,False,False,False,False,False,False,False,False,False,False,False,False,False,False,False,False,False,False,False,False,False,False
e270eb346be33f8ee53a97a0631626a6af55428c,221389,468,John Victor,Maciel Furtado,John,17,Nott'm Forest,NFO,Goalkeeper,a,False,4.5,0.1,0.1349,0.1414,0.1349,0.1058,0.1414,0.5291,0.1176,high,0.85,1.0,3,0,1,0.0,0.0,0.0,5-GW avg pts 0.00; mins 0; xGI 0.00; current GWs 3; fixture Elo diff -2,False,False,False,False,False,False,False,False,False,False,False,False,False,False,False,False,False,False,False,False,False,False,False,False,False,False,False,False,False,False,False,False
e270eb346be33f8ee53a97a0631626a6af55428c,40383,58,Fraser,Forster,Forster,91,Bournemouth,BOU,Goalkeeper,a,False,4.0,3.4,0.0951,0.0951,0.0951,0.0951,0.0951,0.3806,0.0951,high,1.0,1.0,3,0,0,0.0,0.0,0.0,5-GW avg pts 0.00; mins 0; xGI 0.00; current GWs 3; fixture Elo diff +26,False,False,False,False,False,False,False,False,False,False,False,False,False,False,False,False,False,False,False,False,False,False,False,False,False,False,False,False,False,False,False,False
e270eb346be33f8ee53a97a0631626a6af55428c,49262,111,Jason,Steele,Steele,36,Brighton,BHA,Goalkeeper,a,False,4.0,4.2,0.0951,0.0951,0.0951,0.0951,0.0951,0.3806,0.0951,high,0.85,1.0,3,0,1,0.0,0.0,0.0,5-GW avg pts 0.00; mins 0; xGI 0.00; current GWs 3; fixture Elo diff +6,False,False,False,False,False,False,False,False,False,False,False,False,False,False,False,False,False,False,False,False,False,False,False,False,False,False,False,False,False,False,False,False
e270eb346be33f8ee53a97a0631626a6af55428c,50093,302,David,Button,Button,40,Ipswich Town,IPS,Goalkeeper,a,False,4.0,0.5,0.0951,0.0951,0.0951,0.0951,0.0951,0.3806,0.0951,medium,0.51,0.6,3,0,1,0.0,0.0,0.0,5-GW avg pts 0.00; mins 0; xGI 0.00; current GWs 3; fixture Elo diff -177,False,False,False,False,False,False,False,False,False,False,False,False,False,False,False,False,False,False,False,False,False,False,False,False,False,False,False,False,False,False,False,False
e270eb346be33f8ee53a97a0631626a6af55428c,80178,178,Jake,Bidwell,Bidwell,9,Coventry City,COV,Defender,a,False,4.0,0.1,0.0951,0.0951,0.0951,0.0951,0.0951,0.3806,0.0951,medium,0.51,0.6,3,0,1,0.0,0.0,0.0,5-GW avg pts 0.00; mins 0; xGI 0.00; current GWs 3; fixture Elo diff -152,False,False,False,False,False,False,False,False,False,False,False,False,False,False,False,False,False,False,False,False,False,False,False,False,False,False,False,False,False,False,False,False
e270eb346be33f8ee53a97a0631626a6af55428c,81441,443,Mark,Gillespie,Gillespie,4,Newcastle,NEW,Goalkeeper,a,False,4.5,0.0,0.0951,0.0951,0.0951,0.0951,0.0951,0.3806,0.0846,high,0.85,1.0,3,0,1,0.0,0.0,0.0,5-GW avg pts 0.00; mins 0; xGI 0.00; current GWs 3; fixture Elo diff +67,False,False,False,False,False,False,False,False,False,False,False,False,False,False,False,False,False,False,False,False,False,False,False,False,False,False,False,False,False,False,False,False
e270eb346be33f8ee53a97a0631626a6af55428c,86873,251,Benjamin,Lecomte,Lecomte,54,Fulham,FUL,Goalkeeper,a,False,4.0,1.2,0.0951,0.0951,0.0951,0.0951,0.0951,0.3806,0.0951,high,0.85,1.0,3,0,1,0.0,0.0,0.0,5-GW avg pts 0.00; mins 0; xGI 0.00; current GWs 3; fixture Elo diff +48,False,False,False,False,False,False,False,False,False,False,False,False,False,False,False,False,False,False,False,False,False,False,False,False,False,False,False,False,False,False,False,False
e270eb346be33f8ee53a97a0631626a6af55428c,97846,625,Alex,Cairns,Cairns,2,Leeds,LEE,Goalkeeper,a,False,4.0,0.2,0.0951,0.0951,0.0951,0.0951,0.0951,0.3806,0.0951,high,1.0,1.0,2,0,0,0.0,0.0,0.0,5-GW avg pts 0.00; mins 0; xGI 0.00; current GWs 2; fixture Elo diff -74,False,False,False,False,False,False,False,False,False,False,False,False,False,False,False,False,False,False,False,False,False,False,False,False,False,False,False,False,False,False,False,False
e270eb346be33f8ee53a97a0631626a6af55428c,108813,300,Christian,Walton,Walton,40,Ipswich Town,IPS,Goalkeeper,a,False,4.5,0.4,0.0951,0.0951,0.0951,0.0951,0.0951,0.3806,0.0846,medium,0.51,0.6,3,0,1,0.0,0.0,0.0,5-GW avg pts 0.00; mins 0; xGI 0.00; current GWs 3; fixture Elo diff -177,False,False,False,False,False,False,False,False,False,False,False,False,False,False,False,False,False,False,False,False,False,False,False,False,False,False,False,False,False,False,False,False
e270eb346be33f8ee53a97a0631626a6af55428c,110690,172,Ben,Wilson,Wilson,9,Coventry City,COV,Goalkeeper,a,False,4.5,0.4,0.0951,0.0951,0.0951,0.0951,0.0951,0.3806,0.0846,medium,0.51,0.6,3,0,1,0.0,0.0,0.0,5-GW avg pts 0.00; mins 0; xGI 0.00; current GWs 3; fixture Elo diff -152,False,False,False,False,False,False,False,False,False,False,False,False,False,False,False,False,False,False,False,False,False,False,False,False,False,False,False,False,False,False,False,False
e270eb346be33f8ee53a97a0631626a6af55428c,112520,301,Alex,Palmer,Palmer,40,Ipswich Town,IPS,Goalkeeper,a,False,4.0,4.3,0.0951,0.0951,0.0951,0.0951,0.0951,0.3806,0.0951,medium,0.51,0.6,3,0,1,0.0,0.0,0.0,5-GW avg pts 0.00; mins 0; xGI 0.00; current GWs 3; fixture Elo diff -177,False,False,False,False,False,False,False,False,False,False,False,False,False,False,False,False,False,False,False,False,False,False,False,False,False,False,False,False,False,False,False,False
e270eb346be33f8ee53a97a0631626a6af55428c,122074,386,Marcus,Bettinelli,Bettinelli,43,Man City,MCI,Goalkeeper,a,False,4.5,0.0,0.0951,0.0951,0.0951,0.0951,0.0951,0.3806,0.0846,high,0.85,1.0,3,0,1,0.0,0.0,0.0,5-GW avg pts 0.00; mins 0; xGI 0.00; current GWs 3; fixture Elo diff +141,False,False,False,False,False,False,False,False,False,False,False,False,False,False,False,False,False,False,False,False,False,False,False,False,False,False,False,False,False,False,False,False
e270eb346be33f8ee53a97a0631626a6af55428c,138001,228,Tom,King,King,11,Everton,EVE,Goalkeeper,a,False,4.5,0.0,0.0951,0.0951,0.0951,0.0951,0.0951,0.3806,0.0846,high,0.85,1.0,3,0,1,0.0,0.0,0.0,5-GW avg pts 0.00; mins 0; xGI 0.00; current GWs 3; fixture Elo diff +2,False,False,False,False,False,False,False,False,False,False,False,False,False,False,False,False,False,False,False,False,False,False,False,False,False,False,False,False,False,False,False,False
e270eb346be33f8ee53a97a0631626a6af55428c,155465,629,Michael,Zetterer,Zetterer,2,Leeds,LEE,Goalkeeper,a,False,4.0,0.3,0.0951,0.0951,0.0951,0.0951,0.0951,0.3806,0.0951,low,0.2,0.2,1,0,0,0.0,0.0,1.0,5-GW avg pts 0.00; mins 0; xGI 0.00; current GWs 1; fixture Elo diff -74,False,False,False,False,False,False,False,False,False,False,False,False,False,False,False,False,False,False,False,False,False,False,False,False,False,False,False,False,False,False,False,False
e270eb346be33f8ee53a97a0631626a6af55428c,167825,273,Dillon,Phillips,Phillips,88,Hull City,HUL,Goalkeeper,a,False,4.0,1.5,0.0951,0.0951,0.0951,0.0951,0.0951,0.3806,0.0951,medium,0.51,0.6,3,0,1,0.0,0.0,0.0,5-GW avg pts 0.00; mins 0; xGI 0.00; current GWs 3; fixture Elo diff -158,False,False,False,False,False,False,False,False,False,False,False,False,False,False,False,False,False,False,False,False,False,False,False,False,False,False,False,False,False,False,False,False
e270eb346be33f8ee53a97a0631626a6af55428c,169593,555,Remi,Matthews,Matthews,31,Crystal Palace,CRY,Goalkeeper,a,False,4.0,1.8,0.0951,0.0951,0.0951,0.0951,0.0951,0.3806,0.0951,high,0.85,1.0,3,0,1,0.0,0.0,0.0,5-GW avg pts 0.00; mins 0; xGI 0.00; current GWs 3; fixture Elo diff +11,False,False,False,False,False,False,False,False,False,False,False,False,False,False,False,False,False,False,False,False,False,False,False,False,False,False,False,False,False,False,False,False
e270eb346be33f8ee53a97a0631626a6af55428c,171270,288,Kieran,Dowell,Dowell,88,Hull City,HUL,Midfielder,a,False,4.5,0.4,0.0951,0.0951,0.0951,0.0951,0.0951,0.3806,0.0846,medium,0.51,0.6,3,0,1,0.0,0.0,0.0,5-GW avg pts 0.00; mins 0; xGI 0.00; current GWs 3; fixture Elo diff -158,False,False,False,False,False,False,False,False,False,False,False,False,False,False,False,False,False,False,False,False,False,False,False,False,False,False,False,False,False,False,False,False
e270eb346be33f8ee53a97a0631626a6af55428c,183015,303,Cédric,Kipré,Kipré,40,Ipswich Town,IPS,Defender,a,False,4.0,0.5,0.0951,0.0951,0.0951,0.0951,0.0951,0.3806,0.0951,medium,0.51,0.6,3,0,1,0.0,0.0,0.0,5-GW avg pts 0.00; mins 0; xGI 0.00; current GWs 3; fixture Elo diff -177,False,False,False,False,False,False,False,False,False,False,False,False,False,False,False,False,False,False,False,False,False,False,False,False,False,False,False,False,False,False,False,False
e270eb346be33f8ee53a97a0631626a6af55428c,204813,179,Joel,Latibeaudiere,Latibeaudiere,9,Coventry City,COV,Defender,a,False,4.0,0.0,0.0951,0.0951,0.0951,0.0951,0.0951,0.3806,0.0951,medium,0.51,0.6,3,0,1,0.0,0.0,0.0,5-GW avg pts 0.00; mins 0; xGI 0.00; current GWs 3; fixture Elo diff -152,False,False,False,False,False,False,False,False,False,False,False,False,False,False,False,False,False,False,False,False,False,False,False,False,False,False,False,False,False,False,False,False
e270eb346be33f8ee53a97a0631626a6af55428c,214572,495,Brandon,Austin,Austin,6,Spurs,TOT,Goalkeeper,a,False,4.0,1.0,0.0951,0.0951,0.0951,0.0951,0.0951,0.3806,0.0951,high,0.85,1.0,3,0,1,0.0,0.0,0.0,5-GW avg pts 0.00; mins 0; xGI 0.00; current GWs 3; fixture Elo diff -50,False,False,False,False,False,False,False,False,False,False,False,False,False,False,False,False,False,False,False,False,False,False,False,False,False,False,False,False,False,False,False,False
e270eb346be33f8ee53a97a0631626a6af55428c,230650,615,Michele,Di Gregorio,Di Gregorio,91,Bournemouth,BOU,Goalkeeper,a,False,4.5,0.0,0.0951,0.0951,0.0951,0.0951,0.0951,0.3806,0.0846,low,0.4,0.4,2,0,0,0.0,0.0,0.0,5-GW avg pts 0.00; mins 0; xGI 0.00; current GWs 2; fixture Elo diff +26,False,False,False,False,False,False,False,False,False,False,False,False,False,False,False,False,False,False,False,False,False,False,False,False,False,False,False,False,False,False,False,False
e270eb346be33f8ee53a97a0631626a6af55428c,245719,630,Taylor,Harwood-Bellis,Harwood-Bellis,7,Aston Villa,AVL,Defender,a,False,4.5,0.0,0.0951,0.0951,0.0951,0.0951,0.0951,0.3806,0.0846,low,0.2,0.2,1,0,0,0.0,0.0,1.8,5-GW avg pts 0.00; mins 0; xGI 0.00; current GWs 1; fixture Elo diff +72,False,False,False,False,False,False,False,False,False,False,False,False,False,False,False,False,False,False,False,False,False,False,False,False,False,False,False,False,False,False,False,False
e270eb346be33f8ee53a97a0631626a6af55428c,428971,590,Steven,Benda,Benda,17,Nott'm Forest,NFO,Goalkeeper,a,False,4.5,0.1,0.0951,0.0951,0.0951,0.0951,0.0951,0.3806,0.0846,high,0.85,1.0,3,0,1,0.0,0.0,0.0,5-GW avg pts 0.00; mins 0; xGI 0.00; current GWs 3; fixture Elo diff -2,False,False,False,False,False,False,False,False,False,False,False,False,False,False,False,False,False,False,False,False,False,False,False,False,False,False,False,False,False,False,False,False
e270eb346be33f8ee53a97a0631626a6af55428c,437497,641,Melvin,Bard,Bard,2,Leeds,LEE,Defender,a,False,4.5,0.0,0.0951,0.0951,0.0951,0.0951,0.0951,0.3806,0.0846,low,0.2,0.2,1,0,0,0.0,0.0,1.8,5-GW avg pts 0.00; mins 0; xGI 0.00; current GWs 1; fixture Elo diff -74,False,False,False,False,False,False,False,False,False,False,False,False,False,False,False,False,False,False,False,False,False,False,False,False,False,False,False,False,False,False,False,False
e270eb346be33f8ee53a97a0631626a6af55428c,442299,650,David,Affengruber,Affengruber,54,Fulham,FUL,Defender,a,False,4.5,0.0,0.0951,0.0951,0.0951,0.0951,0.0951,0.3806,0.0846,low,0.17,0.2,1,0,1,0.0,0.0,1.8,5-GW avg pts 0.00; mins 0; xGI 0.00; current GWs 1; fixture Elo diff +48,False,False,False,False,False,False,False,False,False,False,False,False,False,False,False,False,False,False,False,False,False,False,False,False,False,False,False,False,False,False,False,False
e270eb346be33f8ee53a97a0631626a6af55428c,464353,355,Harvey,Davies,Davies,14,Liverpool,LIV,Goalkeeper,a,False,4.0,0.2,0.0951,0.0951,0.0951,0.0951,0.0951,0.3806,0.0951,medium,0.6,0.6,3,0,0,0.0,0.0,0.0,5-GW avg pts 0.00; mins 0; xGI 0.00; current GWs 3; fixture Elo diff +44,False,False,False,False,False,False,False,False,False,False,False,False,False,False,False,False,False,False,False,False,False,False,False,False,False,False,False,False,False,False,False,False
e270eb346be33f8ee53a97a0631626a6af55428c,491501,378,James,McConnell,McConnell,14,Liverpool,LIV,Midfielder,a,False,4.5,0.2,0.0951,0.0951,0.0951,0.0951,0.0951,0.3806,0.0846,high,1.0,1.0,3,0,0,0.0,0.0,0.0,5-GW avg pts 0.00; mins 0; xGI 0.00; current GWs 3; fixture Elo diff +44,False,False,False,False,False,False,False,False,False,False,False,False,False,False,False,False,False,False,False,False,False,False,False,False,False,False,False,False,False,False,False,False
e270eb346be33f8ee53a97a0631626a6af55428c,494928,573,Juanlu,Sánchez,Sanchez,91,Bournemouth,BOU,Defender,a,False,4.5,0.2,0.0951,0.0951,0.0951,0.0951,0.0951,0.3806,0.0846,medium,0.6,0.6,3,0,0,0.0,0.0,0.0,5-GW avg pts 0.00; mins 0; xGI 0.00; current GWs 3; fixture Elo diff +26,False,False,False,False,False,False,False,False,False,False,False,False,False,False,False,False,False,False,False,False,False,False,False,False,False,False,False,False,False,False,False,False
e270eb346be33f8ee53a97a0631626a6af55428c,499716,510,James,Rowswell,Rowswell,6,Spurs,TOT,Defender,a,False,4.0,0.1,0.0951,0.0951,0.0951,0.0951,0.0951,0.3806,0.0951,high,0.85,1.0,3,0,1,0.0,0.0,0.0,5-GW avg pts 0.00; mins 0; xGI 0.00; current GWs 3; fixture Elo diff -50,False,False,False,False,False,False,False,False,False,False,False,False,False,False,False,False,False,False,False,False,False,False,False,False,False,False,False,False,False,False,False,False
e270eb346be33f8ee53a97a0631626a6af55428c,499726,524,Callum,Olusesi,Olusesi,6,Spurs,TOT,Midfielder,a,False,4.5,0.7,0.0951,0.0951,0.0951,0.0951,0.0951,0.3806,0.0846,high,0.85,1.0,3,0,1,0.0,0.0,0.0,5-GW avg pts 0.00; mins 0; xGI 0.00; current GWs 3; fixture Elo diff -50,False,False,False,False,False,False,False,False,False,False,False,False,False,False,False,False,False,False,False,False,False,False,False,False,False,False,False,False,False,False,False,False
e270eb346be33f8ee53a97a0631626a6af55428c,500058,382,Jayden,Danns,Danns,14,Liverpool,LIV,Forward,a,False,4.5,0.1,0.0951,0.0951,0.0951,0.0951,0.0951,0.3806,0.0846,high,1.0,1.0,3,0,0,0.0,0.0,0.0,5-GW avg pts 0.00; mins 0; xGI 0.00; current GWs 3; fixture Elo diff +44,False,False,False,False,False,False,False,False,False,False,False,False,False,False,False,False,False,False,False,False,False,False,False,False,False,False,False,False,False,False,False,False
e270eb346be33f8ee53a97a0631626a6af55428c,512123,614,Jaouen,Hadjam,Hadjam,36,Brighton,BHA,Defender,a,False,4.5,0.0,0.0951,0.0951,0.0951,0.0951,0.0951,0.3806,0.0846,low,0.34,0.4,2,0,1,0.0,0.0,0.0,5-GW avg pts 0.00; mins 0; xGI 0.00; current GWs 2; fixture Elo diff +6,False,False,False,False,False,False,False,False,False,False,False,False,False,False,False,False,False,False,False,False,False,False,False,False,False,False,False,False,False,False,False,False
e270eb346be33f8ee53a97a0631626a6af55428c,519440,361,Wellity,Lucky,Lucky,14,Liverpool,LIV,Defender,a,False,4.0,0.1,0.0951,0.0951,0.0951,0.0951,0.0951,0.3806,0.0951,high,1.0,1.0,3,0,0,0.0,0.0,0.0,5-GW avg pts 0.00; mins 0; xGI 0.00; current GWs 3; fixture Elo diff +44,False,False,False,False,False,False,False,False,False,False,False,False,False,False,False,False,False,False,False,False,False,False,False,False,False,False,False,False,False,False,False,False
e270eb346be33f8ee53a97a0631626a6af55428c,549939,560,Mike,Penders,Penders,8,Chelsea,CHE,Goalkeeper,a,False,4.5,0.1,0.0951,0.0951,0.0951,0.0951,0.0951,0.3806,0.0846,high,0.85,1.0,2,0,1,0.0,0.0,0.0,5-GW avg pts 0.00; mins 0; xGI 0.00; current GWs 2; fixture Elo diff +40,False,False,False,False,False,False,False,False,False,False,False,False,False,False,False,False,False,False,False,False,False,False,False,False,False,False,False,False,False,False,False,False
e270eb346be33f8ee53a97a0631626a6af55428c,553746,609,Leo,Shahar,Shahar,4,Newcastle,NEW,Defender,a,False,4.0,0.3,0.0951,0.0951,0.0951,0.0951,0.0951,0.3806,0.0951,high,0.85,1.0,3,0,1,0.0,0.0,0.0,5-GW avg pts 0.00; mins 0; xGI 0.00; current GWs 3; fixture Elo diff +67,False,False,False,False,False,False,False,False,False,False,False,False,False,False,False,False,False,False,False,False,False,False,False,False,False,False,False,False,False,False,False,False
e270eb346be33f8ee53a97a0631626a6af55428c,554578,444,Ewen,Jaouen,Jaouen,4,Newcastle,NEW,Goalkeeper,a,False,4.5,0.0,0.0951,0.0951,0.0951,0.0951,0.0951,0.3806,0.0846,medium,0.51,0.6,3,0,1,0.0,0.0,0.0,5-GW avg pts 0.00; mins 0; xGI 0.00; current GWs 3; fixture Elo diff +67,False,False,False,False,False,False,False,False,False,False,False,False,False,False,False,False,False,False,False,False,False,False,False,False,False,False,False,False,False,False,False,False
e270eb346be33f8ee53a97a0631626a6af55428c,556637,134,Nehemiah,Oriola,Oriola,36,Brighton,BHA,Midfielder,a,False,4.5,0.3,0.0951,0.0951,0.0951,0.0951,0.0951,0.3806,0.0846,high,0.85,1.0,3,0,1,0.0,0.0,0.0,5-GW avg pts 0.00; mins 0; xGI 0.00; current GWs 3; fixture Elo diff +6,False,False,False,False,False,False,False,False,False,False,False,False,False,False,False,False,False,False,False,False,False,False,False,False,False,False,False,False,False,False,False,False
e270eb346be33f8ee53a97a0631626a6af55428c,569577,606,Triston,Rowe,Rowe,7,Aston Villa,AVL,Defender,a,False,4.0,0.1,0.0951,0.0951,0.0951,0.0951,0.0951,0.3806,0.0951,high,1.0,1.0,3,0,0,0.0,0.0,0.0,5-GW avg pts 0.00; mins 0; xGI 0.00; current GWs 3; fixture Elo diff +72,False,False,False,False,False,False,False,False,False,False,False,False,False,False,False,False,False,False,False,False,False,False,False,False,False,False,False,False,False,False,False,False
e270eb346be33f8ee53a97a0631626a6af55428c,570241,92,Kim,Ji-soo,Ji-soo,94,Brentford,BRE,Defender,a,False,4.5,0.0,0.0951,0.0951,0.0951,0.0951,0.0951,0.3806,0.0846,high,0.85,1.0,3,0,1,0.0,0.0,0.0,5-GW avg pts 0.00; mins 0; xGI 0.00; current GWs 3; fixture Elo diff -3,False,False,False,False,False,False,False,False,False,False,False,False,False,False,False,False,False,False,False,False,False,False,False,False,False,False,False,False,False,False,False,False
e270eb346be33f8ee53a97a0631626a6af55428c,575901,66,Julio,Soler Barreto,Soler,91,Bournemouth,BOU,Defender,a,False,4.0,0.3,0.0951,0.0951,0.0951,0.0951,0.0951,0.3806,0.0951,high,1.0,1.0,3,0,0,0.0,0.0,0.0,5-GW avg pts 0.00; mins 0; xGI 0.00; current GWs 3; fixture Elo diff +26,False,False,False,False,False,False,False,False,False,False,False,False,False,False,False,False,False,False,False,False,False,False,False,False,False,False,False,False,False,False,False,False
e270eb346be33f8ee53a97a0631626a6af55428c,576620,437,Bendito,Mantato,Bendito Mantato,1,Man Utd,MUN,Midfielder,a,False,4.5,0.2,0.0951,0.0951,0.0951,0.0951,0.0951,0.3806,0.0846,high,1.0,1.0,3,0,0,0.0,0.0,0.0,5-GW avg pts 0.00; mins 0; xGI 0.00; current GWs 3; fixture Elo diff +69,False,False,False,False,False,False,False,False,False,False,False,False,False,False,False,False,False,False,False,False,False,False,False,False,False,False,False,False,False,False,False,False
e270eb346be33f8ee53a97a0631626a6af55428c,577974,424,Harry,Amass,Amass,1,Man Utd,MUN,Defender,a,False,4.0,0.2,0.0951,0.0951,0.0951,0.0951,0.0951,0.3806,0.0951,high,1.0,1.0,3,0,0,0.0,0.0,0.0,5-GW avg pts 0.00; mins 0; xGI 0.00; current GWs 3; fixture Elo diff +69,False,False,False,False,False,False,False,False,False,False,False,False,False,False,False,False,False,False,False,False,False,False,False,False,False,False,False,False,False,False,False,False
e270eb346be33f8ee53a97a0631626a6af55428c,592740,604,Alfie,Cresswell,Cresswell,2,Leeds,LEE,Midfielder,a,False,4.5,0.1,0.0951,0.0951,0.0951,0.0951,0.0951,0.3806,0.0846,high,1.0,1.0,3,0,0,0.0,0.0,0.0,5-GW avg pts 0.00; mins 0; xGI 0.00; current GWs 3; fixture Elo diff -74,False,False,False,False,False,False,False,False,False,False,False,False,False,False,False,False,False,False,False,False,False,False,False,False,False,False,False,False,False,False,False,False
e270eb346be33f8ee53a97a0631626a6af55428c,593174,107,Kaye,Furo,Furo,94,Brentford,BRE,Forward,a,False,4.5,1.1,0.0951,0.0951,0.0951,0.0951,0.0951,0.3806,0.0846,high,0.85,1.0,3,0,1,0.0,0.0,0.0,5-GW avg pts 0.00; mins 0; xGI 0.00; current GWs 3; fixture Elo diff -3,False,False,False,False,False,False,False,False,False,False,False,False,False,False,False,False,False,False,False,False,False,False,False,False,False,False,False,False,False,False,False,False
e270eb346be33f8ee53a97a0631626a6af55428c,595480,653,Floyd,Samba,Samba,43,Man City,MCI,Midfielder,a,False,4.5,0.0,0.0951,0.0951,0.0951,0.0951,0.0951,0.3806,0.0846,low,0.17,0.2,1,0,1,0.0,0.0,1.0,5-GW avg pts 0.00; mins 0; xGI 0.00; current GWs 1; fixture Elo diff +141,False,False,False,False,False,False,False,False,False,False,False,False,False,False,False,False,False,False,False,False,False,False,False,False,False,False,False,False,False,False,False,False
e270eb346be33f8ee53a97a0631626a6af55428c,596047,441,Chido,Obi,Obi,1,Man Utd,MUN,Forward,a,False,4.5,1.2,0.0951,0.0951,0.0951,0.0951,0.0951,0.3806,0.0846,high,1.0,1.0,3,0,0,0.0,0.0,0.0,5-GW avg pts 0.00; mins 0; xGI 0.00; current GWs 3; fixture Elo diff +69,False,False,False,False,False,False,False,False,False,False,False,False,False,False,False,False,False,False,False,False,False,False,False,False,False,False,False,False,False,False,False,False
e270eb346be33f8ee53a97a0631626a6af55428c,605972,633,Honest,Ahanor,Ahanor,31,Crystal Palace,CRY,Defender,a,False,4.5,0.0,0.0951,0.0951,0.0951,0.0951,0.0951,0.3806,0.0846,low,0.17,0.2,1,0,1,0.0,0.0,1.8,5-GW avg pts 0.00; mins 0; xGI 0.00; current GWs 1; fixture Elo diff +11,False,False,False,False,False,False,False,False,False,False,False,False,False,False,False,False,False,False,False,False,False,False,False,False,False,False,False,False,False,False,False,False
e270eb346be33f8ee53a97a0631626a6af55428c,611917,601,Luca,Williams-Barnett,Williams-Barnett,6,Spurs,TOT,Midfielder,a,False,4.5,0.1,0.0951,0.0951,0.0951,0.0951,0.0951,0.3806,0.0846,high,0.85,1.0,3,0,1,0.0,0.0,0.0,5-GW avg pts 0.00; mins 0; xGI 0.00; current GWs 3; fixture Elo diff -50,False,False,False,False,False,False,False,False,False,False,False,False,False,False,False,False,False,False,False,False,False,False,False,False,False,False,False,False,False,False,False,False
e270eb346be33f8ee53a97a0631626a6af55428c,616069,626,Macauley,Zepa,Zepa,54,Fulham,FUL,Midfielder,a,False,4.5,0.3,0.0951,0.0951,0.0951,0.0951,0.0951,0.3806,0.0846,low,0.34,0.4,2,0,1,0.0,0.0,0.0,5-GW avg pts 0.00; mins 0; xGI 0.00; current GWs 2; fixture Elo diff +48,False,False,False,False,False,False,False,False,False,False,False,False,False,False,False,False,False,False,False,False,False,False,False,False,False,False,False,False,False,False,False,False
e270eb346be33f8ee53a97a0631626a6af55428c,622758,561,Aaron,Anselmino,Anselmino,8,Chelsea,CHE,Defender,a,False,4.5,0.0,0.0951,0.0951,0.0951,0.0951,0.0951,0.3806,0.0846,high,0.85,1.0,2,0,1,0.0,0.0,0.0,5-GW avg pts 0.00; mins 0; xGI 0.00; current GWs 2; fixture Elo diff +40,False,False,False,False,False,False,False,False,False,False,False,False,False,False,False,False,False,False,False,False,False,False,False,False,False,False,False,False,False,False,False,False
e270eb346be33f8ee53a97a0631626a6af55428c,638411,612,Dayann,Méthalie,Methalie,56,Sunderland,SUN,Defender,a,False,4.5,0.0,0.0951,0.0951,0.0951,0.0951,0.0951,0.3806,0.0846,low,0.4,0.4,2,0,0,0.0,0.0,0.0,5-GW avg pts 0.00; mins 0; xGI 0.00; current GWs 2; fixture Elo diff -173,False,False,False,False,False,False,False,False,False,False,False,False,False,False,False,False,False,False,False,False,False,False,False,False,False,False,False,False,False,False,False,False
e270eb346be33f8ee53a97a0631626a6af55428c,640419,509,Jun'ai,Byfield,Byfield,6,Spurs,TOT,Defender,a,False,4.0,0.1,0.0951,0.0951,0.0951,0.0951,0.0951,0.3806,0.0951,high,0.85,1.0,3,0,1,0.0,0.0,0.0,5-GW avg pts 0.00; mins 0; xGI 0.00; current GWs 3; fixture Elo diff -50,False,False,False,False,False,False,False,False,False,False,False,False,False,False,False,False,False,False,False,False,False,False,False,False,False,False,False,False,False,False,False,False
e270eb346be33f8ee53a97a0631626a6af55428c,643970,603,Jayden,Lienou,Lienou,2,Leeds,LEE,Defender,a,False,4.0,0.1,0.0951,0.0951,0.0951,0.0951,0.0951,0.3806,0.0951,high,1.0,1.0,3,0,0,0.0,0.0,0.0,5-GW avg pts 0.00; mins 0; xGI 0.00; current GWs 3; fixture Elo diff -74,False,False,False,False,False,False,False,False,False,False,False,False,False,False,False,False,False,False,False,False,False,False,False,False,False,False,False,False,False,False,False,False
e270eb346be33f8ee53a97a0631626a6af55428c,645618,50,Bradley,Burrowes,Burrowes,7,Aston Villa,AVL,Midfielder,a,False,4.5,0.7,0.0951,0.0951,0.0951,0.0951,0.0951,0.3806,0.0846,high,1.0,1.0,3,0,0,0.0,0.0,0.0,5-GW avg pts 0.00; mins 0; xGI 0.00; current GWs 3; fixture Elo diff +72,False,False,False,False,False,False,False,False,False,False,False,False,False,False,False,False,False,False,False,False,False,False,False,False,False,False,False,False,False,False,False,False
e270eb346be33f8ee53a97a0631626a6af55428c,661313,651,Juan,Angulo,J.Angulo,56,Sunderland,SUN,Forward,a,False,4.5,0.3,0.0951,0.0951,0.0951,0.0951,0.0951,0.3806,0.0846,low,0.2,0.2,1,0,0,0.0,0.0,1.0,5-GW avg pts 0.00; mins 0; xGI 0.00; current GWs 1; fixture Elo diff -173,False,False,False,False,False,False,False,False,False,False,False,False,False,False,False,False,False,False,False,False,False,False,False,False,False,False,False,False,False,False,False,False
e270eb346be33f8ee53a97a0631626a6af55428c,672492,221,Joél,Drakes-Thomas,Drakes-Thomas,31,Crystal Palace,CRY,Midfielder,a,False,4.5,0.1,0.0951,0.0951,0.0951,0.0951,0.0951,0.3806,0.0846,high,0.85,1.0,3,0,1,0.0,0.0,0.0,5-GW avg pts 0.00; mins 0; xGI 0.00; current GWs 3; fixture Elo diff +11,False,False,False,False,False,False,False,False,False,False,False,False,False,False,False,False,False,False,False,False,False,False,False,False,False,False,False,False,False,False,False,False
e270eb346be33f8ee53a97a0631626a6af55428c,684268,189,George,Shepherd,Shepherd,9,Coventry City,COV,Midfielder,a,False,4.5,0.3,0.0951,0.0951,0.0951,0.0951,0.0951,0.3806,0.0846,medium,0.51,0.6,3,0,1,0.0,0.0,0.0,5-GW avg pts 0.00; mins 0; xGI 0.00; current GWs 3; fixture Elo diff -152,False,False,False,False,False,False,False,False,False,False,False,False,False,False,False,False,False,False,False,False,False,False,False,False,False,False,False,False,False,False,False,False
e270eb346be33f8ee53a97a0631626a6af55428c,696104,613,Jules,Ahoka,Ahoka,56,Sunderland,SUN,Midfielder,a,False,4.5,0.2,0.0951,0.0951,0.0951,0.0951,0.0951,0.3806,0.0846,low,0.4,0.4,2,0,0,0.0,0.0,0.0,5-GW avg pts 0.00; mins 0; xGI 0.00; current GWs 2; fixture Elo diff -173,False,False,False,False,False,False,False,False,False,False,False,False,False,False,False,False,False,False,False,False,False,False,False,False,False,False,False,False,False,False,False,False
e270eb346be33f8ee53a97a0631626a6af55428c,547686,610,Luc,De Fougerolles,De Fougerolles,54,Fulham,FUL,Defender,d,False,4.0,0.1,0.0796,0.0796,0.0796,0.0796,0.0796,0.3184,0.0796,medium,0.51,0.6,3,0,1,0.0,0.0,0.0,5-GW avg pts 0.00; mins 0; xGI 0.00; current GWs 3; fixture Elo diff +48,False,False,False,False,False,False,False,False,False,False,False,False,False,False,False,False,False,False,False,False,False,False,False,False,False,False,False,False,False,False,False,False
e270eb346be33f8ee53a97a0631626a6af55428c,445122,5,Jurriën,Timber,J.Timber,3,Arsenal,ARS,Defender,d,False,6.5,0.1,0.0715,0.0656,0.0769,0.0656,0.0769,0.2842,0.0437,high,1.0,1.0,2,0,0,0.0,0.0,0.0,5-GW avg pts 0.00; mins 0; xGI 0.00; current GWs 2; fixture Elo diff +264,False,False,False,False,False,False,False,False,False,False,False,False,False,False,False,False,False,False,False,False,False,False,False,False,False,False,False,False,False,False,False,False
e270eb346be33f8ee53a97a0631626a6af55428c,486520,344,Ilia,Gruev,Gruev,2,Leeds,LEE,Midfielder,d,False,5.0,0.0,0.0104,0.0104,0.0113,0.0104,0.0104,0.0423,0.0085,high,1.0,1.0,3,0,0,0.0,0.0,0.0,5-GW avg pts 0.00; mins 0; xGI 0.00; current GWs 3; fixture Elo diff -74,False,False,False,False,False,False,False,False,False,False,False,False,False,False,False,False,False,False,False,False,False,False,False,False,False,False,False,False,False,False,False,False
e270eb346be33f8ee53a97a0631626a6af55428c,432830,84,Nathan,Collins,Collins,94,Brentford,BRE,Defender,d,False,5.5,2.0,0.0,0.0188,0.0,0.013,0.0,0.026,0.0047,high,0.85,1.0,3,0,1,0.8,0.8,0.2,5-GW avg pts 3.20; mins 75; xGI 0.20; current GWs 3; fixture Elo diff -3,False,False,False,False,False,False,False,False,False,False,False,False,False,False,False,False,False,False,False,False,False,False,False,False,False,False,False,False,False,False,False,False
e270eb346be33f8ee53a97a0631626a6af55428c,21205,414,Tom,Heaton,Heaton,1,Man Utd,MUN,Goalkeeper,i,False,4.0,0.1,0.0,0.0,0.0,0.0,0.0,0.0,0.0,high,1.0,1.0,3,0,0,0.0,0.0,0.0,5-GW avg pts 0.00; mins 0; xGI 0.00; current GWs 3; fixture Elo diff +69,False,False,False,False,False,False,False,False,False,False,False,False,False,False,False,False,False,False,False,False,False,False,False,False,False,False,False,False,False,False,False,False
e270eb346be33f8ee53a97a0631626a6af55428c,76357,266,Tom,Cairney,Cairney,54,Fulham,FUL,Midfielder,i,False,5.0,0.0,0.0,0.0,0.0,0.0,0.0,0.0,0.0,high,0.85,1.0,3,0,1,0.0,0.0,0.0,5-GW avg pts 1.20; mins 6; xGI 0.06; current GWs 3; fixture Elo diff +48,False,False,False,False,False,False,False,False,False,False,False,False,False,False,False,False,False,False,False,False,False,False,False,False,False,False,False,False,False,False,False,False
e270eb346be33f8ee53a97a0631626a6af55428c,78916,448,Dan,Burn,Burn,4,Newcastle,NEW,Defender,i,False,4.9,1.1,0.0,0.0,0.0,0.0,0.0,0.0,0.0,high,0.85,1.0,3,0,1,0.0,0.0,0.0,5-GW avg pts 0.40; mins 20; xGI 0.00; current GWs 3; fixture Elo diff +67,False,False,False,False,False,False,False,False,False,False,False,False,False,False,False,False,False,False,False,False,False,False,False,False,False,False,False,False,False,False,False,False
e270eb346be33f8ee53a97a0631626a6af55428c,101188,30,Lucas,Digne,Digne,7,Aston Villa,AVL,Defender,u,True,4.5,0.1,0.0,0.0,0.0,0.0,0.0,0.0,0.0,excluded,0.0,1.0,3,0,0,0.0,0.0,0.0,Excluded in squad.json; projection forced to zero,False,False,False,False,False,False,False,False,False,False,False,False,False,False,False,False,False,False,False,False,False,False,False,False,False,False,False,False,False,False,False,False
e270eb346be33f8ee53a97a0631626a6af55428c,105666,274,Jack,Butland,Butland,88,Hull City,HUL,Goalkeeper,i,False,4.5,0.1,0.0,0.0,0.0,0.0,0.0,0.0,0.0,medium,0.51,0.6,3,0,1,0.0,0.0,0.0,5-GW avg pts 0.00; mins 0; xGI 0.00; current GWs 3; fixture Elo diff -158,False,False,False,False,False,False,False,False,False,False,False,False,False,False,False,False,False,False,False,False,False,False,False,False,False,False,False,False,False,False,False,False
e270eb346be33f8ee53a97a0631626a6af55428c,105717,540,Arthur,Masuaku,Masuaku,56,Sunderland,SUN,Defender,u,True,4.0,0.2,0.0,0.0,0.0,0.0,0.0,0.0,0.0,excluded,0.0,1.0,3,0,0,0.0,0.0,0.0,Excluded in squad.json; projection forced to zero,False,False,False,False,False,False,False,False,False,False,False,False,False,False,False,False,False,False,False,False,False,False,False,False,False,False,False,False,False,False,False,False
e270eb346be33f8ee53a97a0631626a6af55428c,128295,21,Christian,Nørgaard,Nørgaard,11,Everton,EVE,Midfielder,i,False,4.9,0.1,0.0,0.0,0.0,0.0,0.0,0.0,0.0,high,0.85,1.0,3,0,1,0.0,0.0,0.0,5-GW avg pts 0.20; mins 9; xGI 0.01; current GWs 3; fixture Elo diff +2,False,False,False,False,False,False,False,False,False,False,False,False,False,False,False,False,False,False,False,False,False,False,False,False,False,False,False,False,False,False,False,False
e270eb346be33f8ee53a97a0631626a6af55428c,149929,311,Wes,Burns,Burns,40,Ipswich Town,IPS,Midfielder,u,True,5.0,0.0,0.0,0.0,0.0,0.0,0.0,0.0,0.0,excluded,0.0,0.6,3,0,1,0.0,0.0,0.0,Excluded in squad.json; projection forced to zero,False,False,False,False,False,False,False,False,False,False,False,False,False,False,False,False,False,False,False,False,False,False,False,False,False,False,False,False,False,False,False,False
e270eb346be33f8ee53a97a0631626a6af55428c,155405,408,Kalvin,Phillips,Phillips,43,Man City,MCI,Midfielder,u,True,5.0,0.0,0.0,0.0,0.0,0.0,0.0,0.0,0.0,excluded,0.0,1.0,3,0,1,0.0,0.0,0.0,Excluded in squad.json; projection forced to zero,False,False,False,False,False,False,False,False,False,False,False,False,False,False,False,False,False,False,False,False,False,False,False,False,False,False,False,False,False,False,False,False
e270eb346be33f8ee53a97a0631626a6af55428c,168636,80,Enes,Ünal,Enes Ünal,91,Bournemouth,BOU,Forward,u,True,5.5,0.0,0.0,0.0,0.0,0.0,0.0,0.0,0.0,excluded,0.0,1.0,3,0,0,0.0,0.0,0.0,Excluded in squad.json; projection forced to zero,False,False,False,False,False,False,False,False,False,False,False,False,False,False,False,False,False,False,False,False,False,False,False,False,False,False,False,False,False,False,False,False
e270eb346be33f8ee53a97a0631626a6af55428c,171287,359,Joe,Gomez,Gomez,14,Liverpool,LIV,Defender,i,False,5.0,0.0,0.0,0.0,0.0,0.0,0.0,0.0,0.0,high,1.0,1.0,3,0,0,0.0,0.0,0.0,5-GW avg pts 0.20; mins 13; xGI 0.01; current GWs 3; fixture Elo diff +44,False,False,False,False,False,False,False,False,False,False,False,False,False,False,False,False,False,False,False,False,False,False,False,False,False,False,False,False,False,False,False,False
e270eb346be33f8ee53a97a0631626a6af55428c,172453,319,Sam,Szmodics,Szmodics,40,Ipswich Town,IPS,Midfielder,u,True,5.0,0.0,0.0,0.0,0.0,0.0,0.0,0.0,0.0,excluded,0.0,0.6,3,0,1,0.0,0.0,0.0,Excluded in squad.json; projection forced to zero,False,False,False,False,False,False,False,False,False,False,False,False,False,False,False,False,False,False,False,False,False,False,False,False,False,False,False,False,False,False,False,False
e270eb346be33f8ee53a97a0631626a6af55428c,176412,193,Haji,Wright,Wright,9,Coventry City,COV,Forward,i,False,5.4,0.1,0.0,0.0,0.0,0.0,0.0,0.0,0.0,medium,0.51,0.6,3,0,1,0.0,0.0,0.0,5-GW avg pts 0.00; mins 0; xGI 0.00; current GWs 3; fixture Elo diff -152,False,False,False,False,False,False,False,False,False,False,False,False,False,False,False,False,False,False,False,False,False,False,False,False,False,False,False,False,False,False,False,False
e270eb346be33f8ee53a97a0631626a6af55428c,178301,55,Ollie,Watkins,Watkins,7,Aston Villa,AVL,Forward,u,True,7.8,3.8,0.0,0.0,0.0,0.0,0.0,0.0,0.0,excluded,0.0,1.0,3,0,0,0.0,0.0,0.0,Excluded in squad.json; projection forced to zero,False,False,False,False,False,False,False,False,False,False,False,False,False,False,False,False,False,False,False,False,False,False,False,False,False,False,False,False,False,False,False,False
e270eb346be33f8ee53a97a0631626a6af55428c,180736,143,Trevoh,Chalobah,Chalobah,8,Chelsea,CHE,Defender,u,True,5.5,0.1,0.0,0.0,0.0,0.0,0.0,0.0,0.0,excluded,0.0,1.0,2,0,1,0.0,0.0,0.0,Excluded in squad.json; projection forced to zero,False,False,False,False,False,False,False,False,False,False,False,False,False,False,False,False,False,False,False,False,False,False,False,False,False,False,False,False,False,False,False,False
e270eb346be33f8ee53a97a0631626a6af55428c,180974,458,Joelinton Cássio,Apolinário de Lira,Joelinton,4,Newcastle,NEW,Midfielder,i,False,5.4,0.0,0.0,0.0,0.0,0.0,0.0,0.0,0.0,high,0.85,1.0,3,0,1,0.0,0.0,0.0,5-GW avg pts 0.00; mins 0; xGI 0.00; current GWs 3; fixture Elo diff +67,False,False,False,False,False,False,False,False,False,False,False,False,False,False,False,False,False,False,False,False,False,False,False,False,False,False,False,False,False,False,False,False
e270eb346be33f8ee53a97a0631626a6af55428c,183656,103,Josh,Dasilva,Dasilva,94,Brentford,BRE,Midfielder,i,False,5.0,0.0,0.0,0.0,0.0,0.0,0.0,0.0,0.0,high,0.85,1.0,3,0,1,0.0,0.0,0.0,5-GW avg pts 0.20; mins 0; xGI 0.02; current GWs 3; fixture Elo diff -3,False,False,False,False,False,False,False,False,False,False,False,False,False,False,False,False,False,False,False,False,False,False,False,False,False,False,False,False,False,False,False,False
e270eb346be33f8ee53a97a0631626a6af55428c,184254,494,Guglielmo,Vicario,Vicario,6,Spurs,TOT,Goalkeeper,u,True,4.5,0.2,0.0,0.0,0.0,0.0,0.0,0.0,0.0,excluded,0.0,1.0,3,0,1,0.0,0.0,0.0,Excluded in squad.json; projection forced to zero,False,False,False,False,False,False,False,False,False,False,False,False,False,False,False,False,False,False,False,False,False,False,False,False,False,False,False,False,False,False,False,False
e270eb346be33f8ee53a97a0631626a6af55428c,200641,24,Reiss,Nelson,Nelson,3,Arsenal,ARS,Midfielder,u,True,5.5,0.0,0.0,0.0,0.0,0.0,0.0,0.0,0.0,excluded,0.0,1.0,2,0,0,0.0,0.0,0.0,Excluded in squad.json; projection forced to zero,False,False,False,False,False,False,False,False,False,False,False,False,False,False,False,False,False,False,False,False,False,False,False,False,False,False,False,False,False,False,False,False
e270eb346be33f8ee53a97a0631626a6af55428c,201595,326,Lucas Estella,Perri,Perri,2,Leeds,LEE,Goalkeeper,u,False,4.5,0.4,0.0,0.0,0.0,0.0,0.0,0.0,0.0,high,1.0,1.0,3,0,0,0.0,0.0,0.0,5-GW avg pts 0.00; mins 0; xGI 0.00; current GWs 3; fixture Elo diff -74,False,False,False,False,False,False,False,False,False,False,False,False,False,False,False,False,False,False,False,False,False,False,False,False,False,False,False,False,False,False,False,False
e270eb346be33f8ee53a97a0631626a6af55428c,204822,476,Omar,Richards,O.Richards,17,Nott'm Forest,NFO,Defender,a,True,4.0,0.2,0.0,0.0,0.0,0.0,0.0,0.0,0.0,excluded,0.0,1.0,3,0,1,0.0,0.0,0.0,Excluded in squad.json; projection forced to zero,False,False,False,False,False,False,False,False,False,False,False,False,False,False,False,False,False,False,False,False,False,False,False,False,False,False,False,False,False,False,False,False
e270eb346be33f8ee53a97a0631626a6af55428c,205651,27,Gabriel,Fernando de Jesus,G.Jesus,3,Arsenal,ARS,Forward,u,False,5.9,0.2,0.0,0.0,0.0,0.0,0.0,0.0,0.0,high,1.0,1.0,2,0,0,0.0,0.0,0.0,5-GW avg pts 1.00; mins 15; xGI 0.18; current GWs 2; fixture Elo diff +264,False,False,False,False,False,False,False,False,False,False,False,False,False,False,False,False,False,False,False,False,False,False,False,False,False,False,False,False,False,False,False,False
e270eb346be33f8ee53a97a0631626a6af55428c,206915,373,Curtis,Jones,C.Jones,14,Liverpool,LIV,Midfielder,u,False,5.5,0.0,0.0,0.0,0.0,0.0,0.0,0.0,0.0,high,1.0,1.0,3,0,0,0.0,0.0,0.0,5-GW avg pts 2.40; mins 36; xGI 0.17; current GWs 3; fixture Elo diff +44,False,False,False,False,False,False,False,False,False,False,False,False,False,False,False,False,False,False,False,False,False,False,False,False,False,False,False,False,False,False,False,False
e270eb346be33f8ee53a97a0631626a6af55428c,207283,97,Mathias,Jensen,Jensen,94,Brentford,BRE,Midfielder,i,False,5.5,0.1,0.0,0.0,0.0,0.0,0.0,0.0,0.0,high,0.85,1.0,3,0,1,0.0,0.0,0.0,5-GW avg pts 2.00; mins 42; xGI 0.14; current GWs 3; fixture Elo diff -3,False,False,False,False,False,False,False,False,False,False,False,False,False,False,False,False,False,False,False,False,False,False,False,False,False,False,False,False,False,False,False,False
e270eb346be33f8ee53a97a0631626a6af55428c,209365,416,Matthijs,de Ligt,De Ligt,1,Man Utd,MUN,Defender,i,False,5.0,0.0,0.0,0.0,0.0,0.0,0.0,0.0,0.0,high,1.0,1.0,3,0,0,0.0,0.0,0.0,5-GW avg pts 0.00; mins 0; xGI 0.00; current GWs 3; fixture Elo diff +69,False,False,False,False,False,False,False,False,False,False,False,False,False,False,False,False,False,False,False,False,False,False,False,False,False,False,False,False,False,False,False,False
e270eb346be33f8ee53a97a0631626a6af55428c,212319,527,Richarlison,de Andrade,Richarlison,6,Spurs,TOT,Forward,u,False,5.9,1.4,0.0,0.0,0.0,0.0,0.0,0.0,0.0,high,0.85,1.0,3,0,1,0.0,0.0,0.0,5-GW avg pts 2.20; mins 46; xGI 0.23; current GWs 3; fixture Elo diff -50,False,False,False,False,False,False,False,False,False,False,False,False,False,False,False,False,False,False,False,False,False,False,False,False,False,False,False,False,False,False,False,False
e270eb346be33f8ee53a97a0631626a6af55428c,214225,329,Joe,Rodon,Rodon,2,Leeds,LEE,Defender,i,False,4.4,2.0,0.0,0.0,0.0,0.0,0.0,0.0,0.0,high,1.0,1.0,3,0,0,0.0,0.0,0.0,5-GW avg pts 2.80; mins 61; xGI 0.02; current GWs 3; fixture Elo diff -74,False,False,False,False,False,False,False,False,False,False,False,False,False,False,False,False,False,False,False,False,False,False,False,False,False,False,False,False,False,False,False,False
e270eb346be33f8ee53a97a0631626a6af55428c,215059,140,Robert,Lynch Sánchez,Sánchez,8,Chelsea,CHE,Goalkeeper,u,False,4.9,1.2,0.0,0.0,0.0,0.0,0.0,0.0,0.0,high,0.85,1.0,2,0,1,0.0,0.0,0.0,5-GW avg pts 1.20; mins 54; xGI 0.00; current GWs 2; fixture Elo diff +40,False,False,False,False,False,False,False,False,False,False,False,False,False,False,False,False,False,False,False,False,False,False,False,False,False,False,False,False,False,False,False,False
e270eb346be33f8ee53a97a0631626a6af55428c,215711,44,Leon,Bailey,Bailey,7,Aston Villa,AVL,Midfielder,u,False,5.4,0.1,0.0,0.0,0.0,0.0,0.0,0.0,0.0,high,1.0,1.0,3,0,0,0.0,0.0,0.0,5-GW avg pts 1.00; mins 18; xGI 0.04; current GWs 3; fixture Elo diff +72,False,False,False,False,False,False,False,False,False,False,False,False,False,False,False,False,False,False,False,False,False,False,False,False,False,False,False,False,False,False,False,False
e270eb346be33f8ee53a97a0631626a6af55428c,218364,205,Borna,Sosa,Sosa,31,Crystal Palace,CRY,Defender,u,False,4.5,0.0,0.0,0.0,0.0,0.0,0.0,0.0,0.0,high,0.85,1.0,3,0,1,0.0,0.0,0.0,5-GW avg pts 0.00; mins 0; xGI 0.00; current GWs 3; fixture Elo diff +11,False,False,False,False,False,False,False,False,False,False,False,False,False,False,False,False,False,False,False,False,False,False,False,False,False,False,False,False,False,False,False,False
e270eb346be33f8ee53a97a0631626a6af55428c,220566,402,Rodrigo 'Rodri',Hernandez Cascante,Rodrigo,43,Man City,MCI,Midfielder,u,True,6.5,0.0,0.0,0.0,0.0,0.0,0.0,0.0,0.0,excluded,0.0,1.0,3,0,1,0.0,0.0,0.0,Excluded in squad.json; projection forced to zero,False,False,False,False,False,False,False,False,False,False,False,False,False,False,False,False,False,False,False,False,False,False,False,False,False,False,False,False,False,False,False,False
e270eb346be33f8ee53a97a0631626a6af55428c,220583,180,Luke,Woolfenden,Woolfenden,9,Coventry City,COV,Defender,i,False,4.0,0.1,0.0,0.0,0.0,0.0,0.0,0.0,0.0,medium,0.51,0.6,3,0,1,0.0,0.0,0.0,5-GW avg pts 0.00; mins 0; xGI 0.00; current GWs 3; fixture Elo diff -152,False,False,False,False,False,False,False,False,False,False,False,False,False,False,False,False,False,False,False,False,False,False,False,False,False,False,False,False,False,False,False,False
e270eb346be33f8ee53a97a0631626a6af55428c,221399,342,Jack,Harrison,Harrison,2,Leeds,LEE,Midfielder,u,True,5.0,0.0,0.0,0.0,0.0,0.0,0.0,0.0,0.0,excluded,0.0,1.0,3,0,0,0.0,0.0,0.0,Excluded in squad.json; projection forced to zero,False,False,False,False,False,False,False,False,False,False,False,False,False,False,False,False,False,False,False,False,False,False,False,False,False,False,False,False,False,False,False,False
e270eb346be33f8ee53a97a0631626a6af55428c,221632,500,Cristian,Romero,Romero,6,Spurs,TOT,Defender,u,True,5.0,0.1,0.0,0.0,0.0,0.0,0.0,0.0,0.0,excluded,0.0,1.0,3,0,1,0.0,0.0,0.0,Excluded in squad.json; projection forced to zero,False,False,False,False,False,False,False,False,False,False,False,False,False,False,False,False,False,False,False,False,False,False,False,False,False,False,False,False,False,False,False,False
e270eb346be33f8ee53a97a0631626a6af55428c,222018,307,Ben,Johnson,Johnson,40,Ipswich Town,IPS,Defender,u,True,4.0,0.1,0.0,0.0,0.0,0.0,0.0,0.0,0.0,excluded,0.0,0.6,3,0,1,0.0,0.0,0.0,Excluded in squad.json; projection forced to zero,False,False,False,False,False,False,False,False,False,False,False,False,False,False,False,False,False,False,False,False,False,False,False,False,False,False,False,False,False,False,False,False
e270eb346be33f8ee53a97a0631626a6af55428c,222625,317,George,Hirst,Hirst,40,Ipswich Town,IPS,Forward,u,True,5.0,0.1,0.0,0.0,0.0,0.0,0.0,0.0,0.0,excluded,0.0,0.6,3,0,1,0.0,0.0,0.0,Excluded in squad.json; projection forced to zero,False,False,False,False,False,False,False,False,False,False,False,False,False,False,False,False,False,False,False,False,False,False,False,False,False,False,False,False,False,False,False,False
e270eb346be33f8ee53a97a0631626a6af55428c,223434,118,Igor Julio,dos Santos de Paulo,Igor,36,Brighton,BHA,Defender,u,False,4.5,0.1,0.0,0.0,0.0,0.0,0.0,0.0,0.0,high,0.85,1.0,3,0,1,0.0,0.0,0.0,5-GW avg pts 0.00; mins 0; xGI 0.00; current GWs 3; fixture Elo diff +6,False,False,False,False,False,False,False,False,False,False,False,False,False,False,False,False,False,False,False,False,False,False,False,False,False,False,False,False,False,False,False,False
e270eb346be33f8ee53a97a0631626a6af55428c,223541,370,Federico,Chiesa,Chiesa,14,Liverpool,LIV,Midfielder,i,False,5.4,0.1,0.0,0.0,0.0,0.0,0.0,0.0,0.0,high,1.0,1.0,3,0,0,0.0,0.0,0.0,5-GW avg pts 0.20; mins 5; xGI 0.02; current GWs 3; fixture Elo diff +44,False,False,False,False,False,False,False,False,False,False,False,False,False,False,False,False,False,False,False,False,False,False,False,False,False,False,False,False,False,False,False,False
e270eb346be33f8ee53a97a0631626a6af55428c,229164,314,Chiedozie,Ogbene,Ogbene,40,Ipswich Town,IPS,Midfielder,u,False,4.9,0.0,0.0,0.0,0.0,0.0,0.0,0.0,0.0,medium,0.51,0.6,3,0,1,0.0,0.0,0.0,5-GW avg pts 0.00; mins 0; xGI 0.00; current GWs 3; fixture Elo diff -177,False,False,False,False,False,False,False,False,False,False,False,False,False,False,False,False,False,False,False,False,False,False,False,False,False,False,False,False,False,False,False,False
e270eb346be33f8ee53a97a0631626a6af55428c,231747,223,Jean-Philippe,Mateta,Mateta,31,Crystal Palace,CRY,Forward,i,False,6.4,2.2,0.0,0.0,0.0,0.0,0.0,0.0,0.0,high,0.85,1.0,3,0,1,0.0,0.0,0.0,5-GW avg pts 1.80; mins 21; xGI 0.22; current GWs 3; fixture Elo diff +11,False,False,False,False,False,False,False,False,False,False,False,False,False,False,False,False,False,False,False,False,False,False,False,False,False,False,False,False,False,False,False,False
e270eb346be33f8ee53a97a0631626a6af55428c,231899,312,Jack,Taylor,Taylor,40,Ipswich Town,IPS,Midfielder,i,False,4.5,0.0,0.0,0.0,0.0,0.0,0.0,0.0,0.0,medium,0.51,0.6,3,0,1,0.0,0.0,0.0,5-GW avg pts 0.00; mins 0; xGI 0.00; current GWs 3; fixture Elo diff -177,False,False,False,False,False,False,False,False,False,False,False,False,False,False,False,False,False,False,False,False,False,False,False,False,False,False,False,False,False,False,False,False
e270eb346be33f8ee53a97a0631626a6af55428c,232112,433,Manuel,Ugarte Ribeiro,Ugarte,1,Man Utd,MUN,Midfielder,i,False,5.0,0.0,0.0,0.0,0.0,0.0,0.0,0.0,0.0,high,1.0,1.0,3,0,0,0.0,0.0,0.0,5-GW avg pts 0.00; mins 0; xGI 0.00; current GWs 3; fixture Elo diff +69,False,False,False,False,False,False,False,False,False,False,False,False,False,False,False,False,False,False,False,False,False,False,False,False,False,False,False,False,False,False,False,False
e270eb346be33f8ee53a97a0631626a6af55428c,232185,208,Ismaïla,Sarr,Sarr,31,Crystal Palace,CRY,Midfielder,i,False,6.3,1.0,0.0,0.0,0.0,0.0,0.0,0.0,0.0,high,0.85,1.0,3,0,1,0.0,0.0,0.0,5-GW avg pts 1.60; mins 27; xGI 0.20; current GWs 3; fixture Elo diff +11,False,False,False,False,False,False,False,False,False,False,False,False,False,False,False,False,False,False,False,False,False,False,False,False,False,False,False,False,False,False,False,False
e270eb346be33f8ee53a97a0631626a6af55428c,232571,530,Anthony,Patterson,Patterson,56,Sunderland,SUN,Goalkeeper,u,True,4.0,0.1,0.0,0.0,0.0,0.0,0.0,0.0,0.0,excluded,0.0,1.0,3,0,0,0.0,0.0,0.0,Excluded in squad.json; projection forced to zero,False,False,False,False,False,False,False,False,False,False,False,False,False,False,False,False,False,False,False,False,False,False,False,False,False,False,False,False,False,False,False,False
e270eb346be33f8ee53a97a0631626a6af55428c,232859,505,Djed,Spence,Spence,6,Spurs,TOT,Defender,u,True,4.5,0.3,0.0,0.0,0.0,0.0,0.0,0.0,0.0,excluded,0.0,1.0,3,0,1,0.0,0.0,0.0,Excluded in squad.json; projection forced to zero,False,False,False,False,False,False,False,False,False,False,False,False,False,False,False,False,False,False,False,False,False,False,False,False,False,False,False,False,False,False,False,False
e270eb346be33f8ee53a97a0631626a6af55428c,232905,287,Liam,Millar,Millar,88,Hull City,HUL,Midfielder,u,False,5.0,0.1,0.0,0.0,0.0,0.0,0.0,0.0,0.0,medium,0.51,0.6,3,0,1,0.0,0.0,0.0,5-GW avg pts 2.00; mins 17; xGI 0.19; current GWs 3; fixture Elo diff -158,False,False,False,False,False,False,False,False,False,False,False,False,False,False,False,False,False,False,False,False,False,False,False,False,False,False,False,False,False,False,False,False
e270eb346be33f8ee53a97a0631626a6af55428c,235826,348,Joël,Piroe,Piroe,2,Leeds,LEE,Forward,u,True,5.0,0.1,0.0,0.0,0.0,0.0,0.0,0.0,0.0,excluded,0.0,1.0,3,0,0,0.0,0.0,0.0,Excluded in squad.json; projection forced to zero,False,False,False,False,False,False,False,False,False,False,False,False,False,False,False,False,False,False,False,False,False,False,False,False,False,False,False,False,False,False,False,False
e270eb346be33f8ee53a97a0631626a6af55428c,241117,310,Azor,Matusiwa,Matusiwa,40,Ipswich Town,IPS,Midfielder,i,False,5.0,0.0,0.0,0.0,0.0,0.0,0.0,0.0,0.0,medium,0.51,0.6,3,0,1,0.0,0.0,0.0,5-GW avg pts 0.00; mins 0; xGI 0.00; current GWs 3; fixture Elo diff -177,False,False,False,False,False,False,False,False,False,False,False,False,False,False,False,False,False,False,False,False,False,False,False,False,False,False,False,False,False,False,False,False
e270eb346be33f8ee53a97a0631626a6af55428c,242880,146,Benoît,Badiashile Mukinayi,B.Badiashile,8,Chelsea,CHE,Defender,u,True,4.5,0.0,0.0,0.0,0.0,0.0,0.0,0.0,0.0,excluded,0.0,1.0,2,0,1,0.0,0.0,0.0,Excluded in squad.json; projection forced to zero,False,False,False,False,False,False,False,False,False,False,False,False,False,False,False,False,False,False,False,False,False,False,False,False,False,False,False,False,False,False,False,False
e270eb346be33f8ee53a97a0631626a6af55428c,243571,234,Nathan,Patterson,Patterson,11,Everton,EVE,Defender,u,False,4.5,0.0,0.0,0.0,0.0,0.0,0.0,0.0,0.0,high,0.85,1.0,3,0,1,0.0,0.0,0.0,5-GW avg pts 0.00; mins 0; xGI 0.00; current GWs 3; fixture Elo diff +2,False,False,False,False,False,False,False,False,False,False,False,False,False,False,False,False,False,False,False,False,False,False,False,False,False,False,False,False,False,False,False,False
e270eb346be33f8ee53a97a0631626a6af55428c,248875,400,Jérémy,Doku,Doku,43,Man City,MCI,Midfielder,i,False,7.4,0.8,0.0,0.0,0.0,0.0,0.0,0.0,0.0,high,0.85,1.0,3,0,1,0.0,0.0,0.0,5-GW avg pts 0.60; mins 18; xGI 0.06; current GWs 3; fixture Elo diff +141,False,False,False,False,False,False,False,False,False,False,False,False,False,False,False,False,False,False,False,False,False,False,False,False,False,False,False,False,False,False,False,False
e270eb346be33f8ee53a97a0631626a6af55428c,432987,354,Vitezslav,Jaros,Jaros,14,Liverpool,LIV,Goalkeeper,i,False,4.0,0.0,0.0,0.0,0.0,0.0,0.0,0.0,0.0,medium,0.6,0.6,3,0,0,0.0,0.0,0.0,5-GW avg pts 0.00; mins 0; xGI 0.00; current GWs 3; fixture Elo diff +44,False,False,False,False,False,False,False,False,False,False,False,False,False,False,False,False,False,False,False,False,False,False,False,False,False,False,False,False,False,False,False,False
e270eb346be33f8ee53a97a0631626a6af55428c,433036,404,Tijjani,Reijnders,Reijnders,43,Man City,MCI,Midfielder,u,True,6.0,0.0,0.0,0.0,0.0,0.0,0.0,0.0,0.0,excluded,0.0,1.0,3,0,1,0.0,0.0,0.0,Excluded in squad.json; projection forced to zero,False,False,False,False,False,False,False,False,False,False,False,False,False,False,False,False,False,False,False,False,False,False,False,False,False,False,False,False,False,False,False,False
e270eb346be33f8ee53a97a0631626a6af55428c,433590,281,Cody,Drameh,Drameh,88,Hull City,HUL,Defender,u,False,4.0,0.1,0.0,0.0,0.0,0.0,0.0,0.0,0.0,medium,0.51,0.6,3,0,1,0.0,0.0,0.0,5-GW avg pts 0.67; mins 22; xGI 0.02; current GWs 3; fixture Elo diff -158,False,False,False,False,False,False,False,False,False,False,False,False,False,False,False,False,False,False,False,False,False,False,False,False,False,False,False,False,False,False,False,False
e270eb346be33f8ee53a97a0631626a6af55428c,436761,174,Liam,Kitching,Kitching,9,Coventry City,COV,Defender,u,False,4.0,0.5,0.0,0.0,0.0,0.0,0.0,0.0,0.0,medium,0.51,0.6,3,0,1,0.0,0.0,0.0,5-GW avg pts 0.00; mins 0; xGI 0.00; current GWs 3; fixture Elo diff -152,False,False,False,False,False,False,False,False,False,False,False,False,False,False,False,False,False,False,False,False,False,False,False,False,False,False,False,False,False,False,False,False
e270eb346be33f8ee53a97a0631626a6af55428c,436893,65,Julián,Araujo Zúñiga,J.Araujo,91,Bournemouth,BOU,Defender,i,False,4.5,0.0,0.0,0.0,0.0,0.0,0.0,0.0,0.0,high,1.0,1.0,3,0,0,0.0,0.0,0.0,5-GW avg pts 0.00; mins 0; xGI 0.00; current GWs 3; fixture Elo diff +26,False,False,False,False,False,False,False,False,False,False,False,False,False,False,False,False,False,False,False,False,False,False,False,False,False,False,False,False,False,False,False,False
e270eb346be33f8ee53a97a0631626a6af55428c,437738,333,Sebastiaan,Bornauw,Bornauw,2,Leeds,LEE,Defender,u,True,4.5,0.0,0.0,0.0,0.0,0.0,0.0,0.0,0.0,excluded,0.0,1.0,3,0,0,0.0,0.0,0.0,Excluded in squad.json; projection forced to zero,False,False,False,False,False,False,False,False,False,False,False,False,False,False,False,False,False,False,False,False,False,False,False,False,False,False,False,False,False,False,False,False
e270eb346be33f8ee53a97a0631626a6af55428c,438098,23,Fábio,Ferreira Vieira,Fábio Vieira,3,Arsenal,ARS,Midfielder,u,False,5.5,0.0,0.0,0.0,0.0,0.0,0.0,0.0,0.0,high,1.0,1.0,2,0,0,0.0,0.0,0.0,5-GW avg pts 0.00; mins 0; xGI 0.00; current GWs 2; fixture Elo diff +264,False,False,False,False,False,False,False,False,False,False,False,False,False,False,False,False,False,False,False,False,False,False,False,False,False,False,False,False,False,False,False,False
e270eb346be33f8ee53a97a0631626a6af55428c,443261,313,Jack,Clarke,Clarke,40,Ipswich Town,IPS,Midfielder,a,True,5.5,0.2,0.0,0.0,0.0,0.0,0.0,0.0,0.0,excluded,0.0,0.6,3,0,1,0.0,0.0,0.0,Excluded in squad.json; projection forced to zero,False,False,False,False,False,False,False,False,False,False,False,False,False,False,False,False,False,False,False,False,False,False,False,False,False,False,False,False,False,False,False,False
e270eb346be33f8ee53a97a0631626a6af55428c,444145,18,Gabriel,Martinelli Silva,Martinelli,3,Arsenal,ARS,Midfielder,u,False,6.3,0.1,0.0,0.0,0.0,0.0,0.0,0.0,0.0,high,1.0,1.0,2,0,0,0.0,0.0,0.0,5-GW avg pts 1.60; mins 18; xGI 0.07; current GWs 2; fixture Elo diff +264,False,False,False,False,False,False,False,False,False,False,False,False,False,False,False,False,False,False,False,False,False,False,False,False,False,False,False,False,False,False,False,False
e270eb346be33f8ee53a97a0631626a6af55428c,444172,59,Will,Dennis,Dennis,91,Bournemouth,BOU,Goalkeeper,u,False,4.0,0.1,0.0,0.0,0.0,0.0,0.0,0.0,0.0,high,1.0,1.0,3,0,0,0.0,0.0,0.0,5-GW avg pts 0.00; mins 0; xGI 0.00; current GWs 3; fixture Elo diff +26,False,False,False,False,False,False,False,False,False,False,False,False,False,False,False,False,False,False,False,False,False,False,False,False,False,False,False,False,False,False,False,False
e270eb346be33f8ee53a97a0631626a6af55428c,444307,276,Thimothée,Lo-Tutala,Lo-Tutala,88,Hull City,HUL,Goalkeeper,u,True,4.0,0.0,0.0,0.0,0.0,0.0,0.0,0.0,0.0,excluded,0.0,0.6,3,0,1,0.0,0.0,0.0,Excluded in squad.json; projection forced to zero,False,False,False,False,False,False,False,False,False,False,False,False,False,False,False,False,False,False,False,False,False,False,False,False,False,False,False,False,False,False,False,False
e270eb346be33f8ee53a97a0631626a6af55428c,444765,85,Sepp,van den Berg,Van den Berg,94,Brentford,BRE,Defender,i,False,4.9,0.1,0.0,0.0,0.0,0.0,0.0,0.0,0.0,high,0.85,1.0,3,0,1,0.0,0.0,0.0,5-GW avg pts 1.60; mins 20; xGI 0.14; current GWs 3; fixture Elo diff -3,False,False,False,False,False,False,False,False,False,False,False,False,False,False,False,False,False,False,False,False,False,False,False,False,False,False,False,False,False,False,False,False
e270eb346be33f8ee53a97a0631626a6af55428c,444884,383,Harvey,Elliott,Elliott,14,Liverpool,LIV,Midfielder,u,False,5.4,0.0,0.0,0.0,0.0,0.0,0.0,0.0,0.0,high,1.0,1.0,3,0,0,0.0,0.0,0.0,5-GW avg pts 0.00; mins 0; xGI 0.00; current GWs 3; fixture Elo diff +44,False,False,False,False,False,False,False,False,False,False,False,False,False,False,False,False,False,False,False,False,False,False,False,False,False,False,False,False,False,False,False,False
e270eb346be33f8ee53a97a0631626a6af55428c,445044,521,Dejan,Kulusevski,Kulusevski,6,Spurs,TOT,Midfielder,i,False,6.5,0.0,0.0,0.0,0.0,0.0,0.0,0.0,0.0,high,0.85,1.0,3,0,1,0.0,0.0,0.0,5-GW avg pts 0.00; mins 0; xGI 0.00; current GWs 3; fixture Elo diff -50,False,False,False,False,False,False,False,False,False,False,False,False,False,False,False,False,False,False,False,False,False,False,False,False,False,False,False,False,False,False,False,False
e270eb346be33f8ee53a97a0631626a6af55428c,448089,54,Joao,Gomes,Gomes,7,Aston Villa,AVL,Midfielder,s,False,5.5,0.0,0.0,0.0,0.0,0.0,0.0,0.0,0.0,high,1.0,1.0,3,0,0,0.0,0.0,0.0,5-GW avg pts 0.00; mins 26; xGI 0.01; current GWs 3; fixture Elo diff +72,False,False,False,False,False,False,False,False,False,False,False,False,False,False,False,False,False,False,False,False,False,False,False,False,False,False,False,False,False,False,False,False
e270eb346be33f8ee53a97a0631626a6af55428c,449428,283,Matty,Jacob,Jacob,88,Hull City,HUL,Defender,u,False,4.0,0.0,0.0,0.0,0.0,0.0,0.0,0.0,0.0,medium,0.51,0.6,3,0,1,0.0,0.0,0.0,5-GW avg pts 0.00; mins 0; xGI 0.00; current GWs 3; fixture Elo diff -158,False,False,False,False,False,False,False,False,False,False,False,False,False,False,False,False,False,False,False,False,False,False,False,False,False,False,False,False,False,False,False,False
e270eb346be33f8ee53a97a0631626a6af55428c,449871,48,Amadou,Onana,Onana,7,Aston Villa,AVL,Midfielder,i,False,5.0,0.0,0.0,0.0,0.0,0.0,0.0,0.0,0.0,high,1.0,1.0,3,0,0,0.0,0.0,0.0,5-GW avg pts 0.20; mins 3; xGI 0.00; current GWs 3; fixture Elo diff +72,False,False,False,False,False,False,False,False,False,False,False,False,False,False,False,False,False,False,False,False,False,False,False,False,False,False,False,False,False,False,False,False
e270eb346be33f8ee53a97a0631626a6af55428c,451302,413,Altay,Bayındır,Bayindir,1,Man Utd,MUN,Goalkeeper,u,True,4.5,0.0,0.0,0.0,0.0,0.0,0.0,0.0,0.0,excluded,0.0,1.0,3,0,0,0.0,0.0,0.0,Excluded in squad.json; projection forced to zero,False,False,False,False,False,False,False,False,False,False,False,False,False,False,False,False,False,False,False,False,False,False,False,False,False,False,False,False,False,False,False,False
e270eb346be33f8ee53a97a0631626a6af55428c,451340,121,Mitoma,Kaoru,Mitoma,36,Brighton,BHA,Midfielder,i,False,5.9,0.0,0.0,0.0,0.0,0.0,0.0,0.0,0.0,high,0.85,1.0,3,0,1,0.0,0.0,0.0,5-GW avg pts 0.00; mins 0; xGI 0.00; current GWs 3; fixture Elo diff +6,False,False,False,False,False,False,False,False,False,False,False,False,False,False,False,False,False,False,False,False,False,False,False,False,False,False,False,False,False,False,False,False
e270eb346be33f8ee53a97a0631626a6af55428c,462387,322,Ali,Al-Hamadi,Al-Hamadi,40,Ipswich Town,IPS,Forward,u,True,5.0,0.1,0.0,0.0,0.0,0.0,0.0,0.0,0.0,excluded,0.0,0.6,3,0,1,0.0,0.0,0.0,Excluded in squad.json; projection forced to zero,False,False,False,False,False,False,False,False,False,False,False,False,False,False,False,False,False,False,False,False,False,False,False,False,False,False,False,False,False,False,False,False
e270eb346be33f8ee53a97a0631626a6af55428c,462424,6,William,Saliba,Saliba,3,Arsenal,ARS,Defender,i,False,6.0,0.2,0.0,0.0,0.0,0.0,0.0,0.0,0.0,high,1.0,1.0,2,0,0,0.0,0.0,0.0,5-GW avg pts 2.60; mins 36; xGI 0.03; current GWs 2; fixture Elo diff +264,False,False,False,False,False,False,False,False,False,False,False,False,False,False,False,False,False,False,False,False,False,False,False,False,False,False,False,False,False,False,False,False
e270eb346be33f8ee53a97a0631626a6af55428c,465390,177,Kaine,Kesler-Hayden,Kesler-Hayden,9,Coventry City,COV,Defender,i,False,4.0,0.0,0.0,0.0,0.0,0.0,0.0,0.0,0.0,medium,0.51,0.6,3,0,1,0.0,0.0,0.0,5-GW avg pts 0.00; mins 0; xGI 0.00; current GWs 3; fixture Elo diff -152,False,False,False,False,False,False,False,False,False,False,False,False,False,False,False,False,False,False,False,False,False,False,False,False,False,False,False,False,False,False,False,False
e270eb346be33f8ee53a97a0631626a6af55428c,465525,291,Eliot,Matazo,Matazo,88,Hull City,HUL,Midfielder,i,False,4.5,0.0,0.0,0.0,0.0,0.0,0.0,0.0,0.0,medium,0.51,0.6,3,0,1,0.0,0.0,0.0,5-GW avg pts 0.00; mins 0; xGI 0.00; current GWs 3; fixture Elo diff -158,False,False,False,False,False,False,False,False,False,False,False,False,False,False,False,False,False,False,False,False,False,False,False,False,False,False,False,False,False,False,False,False
e270eb346be33f8ee53a97a0631626a6af55428c,467779,130,Mats,Wieffer,Wieffer,36,Brighton,BHA,Defender,i,False,5.0,0.4,0.0,0.0,0.0,0.0,0.0,0.0,0.0,high,0.85,1.0,3,0,1,0.0,0.0,0.0,5-GW avg pts 1.80; mins 49; xGI 0.05; current GWs 3; fixture Elo diff +6,False,False,False,False,False,False,False,False,False,False,False,False,False,False,False,False,False,False,False,False,False,False,False,False,False,False,False,False,False,False,False,False
e270eb346be33f8ee53a97a0631626a6af55428c,469247,49,Samuel,Iling-Junior,Iling Jr,7,Aston Villa,AVL,Midfielder,u,True,5.0,0.0,0.0,0.0,0.0,0.0,0.0,0.0,0.0,excluded,0.0,1.0,3,0,0,0.0,0.0,0.0,Excluded in squad.json; projection forced to zero,False,False,False,False,False,False,False,False,False,False,False,False,False,False,False,False,False,False,False,False,False,False,False,False,False,False,False,False,False,False,False,False
e270eb346be33f8ee53a97a0631626a6af55428c,470294,297,Darko,Gyabi,Gyabi,88,Hull City,HUL,Midfielder,i,False,4.5,0.0,0.0,0.0,0.0,0.0,0.0,0.0,0.0,high,0.85,1.0,3,0,1,0.0,0.0,0.0,5-GW avg pts 0.00; mins 0; xGI 0.00; current GWs 3; fixture Elo diff -158,False,False,False,False,False,False,False,False,False,False,False,False,False,False,False,False,False,False,False,False,False,False,False,False,False,False,False,False,False,False,False,False
e270eb346be33f8ee53a97a0631626a6af55428c,470313,463,Nick,Woltemade,Woltemade,4,Newcastle,NEW,Forward,u,False,5.9,0.8,0.0,0.0,0.0,0.0,0.0,0.0,0.0,high,0.85,1.0,3,0,1,0.0,0.0,0.0,5-GW avg pts 2.80; mins 34; xGI 0.09; current GWs 3; fixture Elo diff +67,False,False,False,False,False,False,False,False,False,False,False,False,False,False,False,False,False,False,False,False,False,False,False,False,False,False,False,False,False,False,False,False
e270eb346be33f8ee53a97a0631626a6af55428c,471551,652,Femi,Azeez,Azeez,36,Brighton,BHA,Midfielder,i,False,5.5,0.0,0.0,0.0,0.0,0.0,0.0,0.0,0.0,low,0.17,0.2,1,0,1,0.0,0.0,0.0,5-GW avg pts 0.00; mins 0; xGI 0.00; current GWs 1; fixture Elo diff +6,False,False,False,False,False,False,False,False,False,False,False,False,False,False,False,False,False,False,False,False,False,False,False,False,False,False,False,False,False,False,False,False
e270eb346be33f8ee53a97a0631626a6af55428c,476887,485,Dilane,Bakwa,Bakwa,17,Nott'm Forest,NFO,Midfielder,u,True,5.5,0.0,0.0,0.0,0.0,0.0,0.0,0.0,0.0,excluded,0.0,1.0,3,0,1,0.0,0.0,0.0,Excluded in squad.json; projection forced to zero,False,False,False,False,False,False,False,False,False,False,False,False,False,False,False,False,False,False,False,False,False,False,False,False,False,False,False,False,False,False,False,False
e270eb346be33f8ee53a97a0631626a6af55428c,477547,538,Leo Fuhr,Hjelde,Hjelde,56,Sunderland,SUN,Defender,u,True,4.0,0.0,0.0,0.0,0.0,0.0,0.0,0.0,0.0,excluded,0.0,1.0,3,0,0,0.0,0.0,0.0,Excluded in squad.json; projection forced to zero,False,False,False,False,False,False,False,False,False,False,False,False,False,False,False,False,False,False,False,False,False,False,False,False,False,False,False,False,False,False,False,False
e270eb346be33f8ee53a97a0631626a6af55428c,481624,318,Jaden,Philogene,Philogene,40,Ipswich Town,IPS,Midfielder,i,False,5.4,0.1,0.0,0.0,0.0,0.0,0.0,0.0,0.0,medium,0.51,0.6,3,0,1,0.0,0.0,0.0,5-GW avg pts 0.00; mins 0; xGI 0.00; current GWs 3; fixture Elo diff -177,False,False,False,False,False,False,False,False,False,False,False,False,False,False,False,False,False,False,False,False,False,False,False,False,False,False,False,False,False,False,False,False
e270eb346be33f8ee53a97a0631626a6af55428c,482442,518,Pape Matar,Sarr,P.M.Sarr,6,Spurs,TOT,Midfielder,u,False,4.9,0.1,0.0,0.0,0.0,0.0,0.0,0.0,0.0,high,0.85,1.0,3,0,1,0.0,0.0,0.0,5-GW avg pts 0.80; mins 8; xGI 0.03; current GWs 3; fixture Elo diff -50,False,False,False,False,False,False,False,False,False,False,False,False,False,False,False,False,False,False,False,False,False,False,False,False,False,False,False,False,False,False,False,False
e270eb346be33f8ee53a97a0631626a6af55428c,484389,171,Oliver,Dovin,Dovin,9,Coventry City,COV,Goalkeeper,u,False,4.0,1.3,0.0,0.0,0.0,0.0,0.0,0.0,0.0,medium,0.51,0.6,3,0,1,0.0,0.0,0.0,5-GW avg pts 0.00; mins 0; xGI 0.00; current GWs 3; fixture Elo diff -152,False,False,False,False,False,False,False,False,False,False,False,False,False,False,False,False,False,False,False,False,False,False,False,False,False,False,False,False,False,False,False,False
e270eb346be33f8ee53a97a0631626a6af55428c,485047,470,Felipe,Rodrigues da Silva,Morato,17,Nott'm Forest,NFO,Defender,u,False,5.0,0.0,0.0,0.0,0.0,0.0,0.0,0.0,0.0,high,0.85,1.0,3,0,1,0.0,0.0,0.0,5-GW avg pts 2.60; mins 36; xGI 0.10; current GWs 3; fixture Elo diff -2,False,False,False,False,False,False,False,False,False,False,False,False,False,False,False,False,False,False,False,False,False,False,False,False,False,False,False,False,False,False,False,False
e270eb346be33f8ee53a97a0631626a6af55428c,486385,248,Norberto Bercique,Gomes Betuncal,Beto,11,Everton,EVE,Forward,u,False,5.4,1.3,0.0,0.0,0.0,0.0,0.0,0.0,0.0,high,0.85,1.0,3,0,1,0.0,0.0,0.0,5-GW avg pts 1.00; mins 22; xGI 0.06; current GWs 3; fixture Elo diff +2,False,False,False,False,False,False,False,False,False,False,False,False,False,False,False,False,False,False,False,False,False,False,False,False,False,False,False,False,False,False,False,False
e270eb346be33f8ee53a97a0631626a6af55428c,487117,139,Evan,Ferguson,Ferguson,36,Brighton,BHA,Forward,i,False,5.0,0.0,0.0,0.0,0.0,0.0,0.0,0.0,0.0,high,0.85,1.0,3,0,1,0.0,0.0,0.0,5-GW avg pts 0.00; mins 0; xGI 0.00; current GWs 3; fixture Elo diff +6,False,False,False,False,False,False,False,False,False,False,False,False,False,False,False,False,False,False,False,False,False,False,False,False,False,False,False,False,False,False,False,False
e270eb346be33f8ee53a97a0631626a6af55428c,489580,365,Calvin,Ramsay,Ramsay,14,Liverpool,LIV,Defender,u,True,4.0,0.1,0.0,0.0,0.0,0.0,0.0,0.0,0.0,excluded,0.0,1.0,3,0,0,0.0,0.0,0.0,Excluded in squad.json; projection forced to zero,False,False,False,False,False,False,False,False,False,False,False,False,False,False,False,False,False,False,False,False,False,False,False,False,False,False,False,False,False,False,False,False
e270eb346be33f8ee53a97a0631626a6af55428c,489706,215,Justin,Devenny,Devenny,31,Crystal Palace,CRY,Midfielder,u,False,5.0,0.0,0.0,0.0,0.0,0.0,0.0,0.0,0.0,high,0.85,1.0,3,0,1,0.0,0.0,0.0,5-GW avg pts 0.40; mins 18; xGI 0.01; current GWs 3; fixture Elo diff +11,False,False,False,False,False,False,False,False,False,False,False,False,False,False,False,False,False,False,False,False,False,False,False,False,False,False,False,False,False,False,False,False
e270eb346be33f8ee53a97a0631626a6af55428c,489888,77,Amine,Adli,Adli,91,Bournemouth,BOU,Midfielder,i,False,4.9,0.0,0.0,0.0,0.0,0.0,0.0,0.0,0.0,high,1.0,1.0,3,0,0,0.0,0.0,0.0,5-GW avg pts 0.20; mins 3; xGI 0.00; current GWs 3; fixture Elo diff +26,False,False,False,False,False,False,False,False,False,False,False,False,False,False,False,False,False,False,False,False,False,False,False,False,False,False,False,False,False,False,False,False
e270eb346be33f8ee53a97a0631626a6af55428c,490145,528,Dane,Scarlett,Scarlett,6,Spurs,TOT,Forward,u,False,4.5,1.6,0.0,0.0,0.0,0.0,0.0,0.0,0.0,high,0.85,1.0,3,0,1,0.0,0.0,0.0,5-GW avg pts 0.00; mins 0; xGI 0.00; current GWs 3; fixture Elo diff -50,False,False,False,False,False,False,False,False,False,False,False,False,False,False,False,False,False,False,False,False,False,False,False,False,False,False,False,False,False,False,False,False
e270eb346be33f8ee53a97a0631626a6af55428c,490161,293,Abu,Kamara,Kamara,88,Hull City,HUL,Midfielder,u,True,5.0,0.0,0.0,0.0,0.0,0.0,0.0,0.0,0.0,excluded,0.0,0.6,3,0,1,0.0,0.0,0.0,Excluded in squad.json; projection forced to zero,False,False,False,False,False,False,False,False,False,False,False,False,False,False,False,False,False,False,False,False,False,False,False,False,False,False,False,False,False,False,False,False
e270eb346be33f8ee53a97a0631626a6af55428c,490881,436,Toby,Collyer,Collyer,1,Man Utd,MUN,Midfielder,u,True,5.0,0.0,0.0,0.0,0.0,0.0,0.0,0.0,0.0,excluded,0.0,1.0,3,0,0,0.0,0.0,0.0,Excluded in squad.json; projection forced to zero,False,False,False,False,False,False,False,False,False,False,False,False,False,False,False,False,False,False,False,False,False,False,False,False,False,False,False,False,False,False,False,False
e270eb346be33f8ee53a97a0631626a6af55428c,491007,163,Dário,Luís Essugo,D.Essugo,8,Chelsea,CHE,Midfielder,u,False,4.5,0.1,0.0,0.0,0.0,0.0,0.0,0.0,0.0,high,0.85,1.0,2,0,1,0.0,0.0,0.0,5-GW avg pts 0.00; mins 0; xGI 0.00; current GWs 2; fixture Elo diff +40,False,False,False,False,False,False,False,False,False,False,False,False,False,False,False,False,False,False,False,False,False,False,False,False,False,False,False,False,False,False,False,False
e270eb346be33f8ee53a97a0631626a6af55428c,492498,191,Raphael,Borges Rodrigues,Borges Rodrigues,9,Coventry City,COV,Midfielder,u,False,4.5,0.1,0.0,0.0,0.0,0.0,0.0,0.0,0.0,medium,0.51,0.6,3,0,1,0.0,0.0,0.0,5-GW avg pts 0.00; mins 0; xGI 0.00; current GWs 3; fixture Elo diff -152,False,False,False,False,False,False,False,False,False,False,False,False,False,False,False,False,False,False,False,False,False,False,False,False,False,False,False,False,False,False,False,False
e270eb346be33f8ee53a97a0631626a6af55428c,492777,360,Conor,Bradley,Bradley,14,Liverpool,LIV,Defender,i,False,5.0,0.0,0.0,0.0,0.0,0.0,0.0,0.0,0.0,high,1.0,1.0,3,0,0,0.0,0.0,0.0,5-GW avg pts 0.00; mins 0; xGI 0.00; current GWs 3; fixture Elo diff +44,False,False,False,False,False,False,False,False,False,False,False,False,False,False,False,False,False,False,False,False,False,False,False,False,False,False,False,False,False,False,False,False
e270eb346be33f8ee53a97a0631626a6af55428c,492859,341,Wilfried,Gnonto,Gnonto,2,Leeds,LEE,Midfielder,u,False,5.0,0.0,0.0,0.0,0.0,0.0,0.0,0.0,0.0,high,1.0,1.0,3,0,0,0.0,0.0,0.0,5-GW avg pts 0.40; mins 10; xGI 0.01; current GWs 3; fixture Elo diff -74,False,False,False,False,False,False,False,False,False,False,False,False,False,False,False,False,False,False,False,False,False,False,False,False,False,False,False,False,False,False,False,False
e270eb346be33f8ee53a97a0631626a6af55428c,493250,431,Amad,Diallo,Amad,1,Man Utd,MUN,Midfielder,i,False,5.8,0.5,0.0,0.0,0.0,0.0,0.0,0.0,0.0,high,1.0,1.0,3,0,0,0.0,0.0,0.0,5-GW avg pts 1.80; mins 36; xGI 0.28; current GWs 3; fixture Elo diff +69,False,False,False,False,False,False,False,False,False,False,False,False,False,False,False,False,False,False,False,False,False,False,False,False,False,False,False,False,False,False,False,False
e270eb346be33f8ee53a97a0631626a6af55428c,493362,513,Xavi,Simons,Xavi,6,Spurs,TOT,Midfielder,i,False,6.0,0.0,0.0,0.0,0.0,0.0,0.0,0.0,0.0,high,0.85,1.0,3,0,1,0.0,0.0,0.0,5-GW avg pts 0.00; mins 0; xGI 0.00; current GWs 3; fixture Elo diff -50,False,False,False,False,False,False,False,False,False,False,False,False,False,False,False,False,False,False,False,False,False,False,False,False,False,False,False,False,False,False,False,False
e270eb346be33f8ee53a97a0631626a6af55428c,494307,394,Max,Alleyne,Alleyne,43,Man City,MCI,Defender,u,True,5.0,0.0,0.0,0.0,0.0,0.0,0.0,0.0,0.0,excluded,0.0,1.0,3,0,1,0.0,0.0,0.0,Excluded in squad.json; projection forced to zero,False,False,False,False,False,False,False,False,False,False,False,False,False,False,False,False,False,False,False,False,False,False,False,False,False,False,False,False,False,False,False,False
e270eb346be33f8ee53a97a0631626a6af55428c,494950,275,Harvey,Cartwright,Cartwright,88,Hull City,HUL,Goalkeeper,u,True,4.0,0.0,0.0,0.0,0.0,0.0,0.0,0.0,0.0,excluded,0.0,0.6,3,0,1,0.0,0.0,0.0,Excluded in squad.json; projection forced to zero,False,False,False,False,False,False,False,False,False,False,False,False,False,False,False,False,False,False,False,False,False,False,False,False,False,False,False,False,False,False,False,False
e270eb346be33f8ee53a97a0631626a6af55428c,499175,22,Ethan,Nwaneri,Nwaneri,3,Arsenal,ARS,Midfielder,u,False,5.4,0.0,0.0,0.0,0.0,0.0,0.0,0.0,0.0,high,1.0,1.0,2,0,0,0.0,0.0,0.0,5-GW avg pts 0.00; mins 0; xGI 0.00; current GWs 2; fixture Elo diff +264,False,False,False,False,False,False,False,False,False,False,False,False,False,False,False,False,False,False,False,False,False,False,False,False,False,False,False,False,False,False,False,False
e270eb346be33f8ee53a97a0631626a6af55428c,499300,235,Adam,Aznou,Aznou,11,Everton,EVE,Defender,u,False,4.0,0.1,0.0,0.0,0.0,0.0,0.0,0.0,0.0,high,0.85,1.0,3,0,1,0.0,0.0,0.0,5-GW avg pts 0.00; mins 0; xGI 0.00; current GWs 3; fixture Elo diff +2,False,False,False,False,False,False,False,False,False,False,False,False,False,False,False,False,False,False,False,False,False,False,False,False,False,False,False,False,False,False,False,False
e270eb346be33f8ee53a97a0631626a6af55428c,499309,168,Marc,Guiu Paz,Marc Guiu,8,Chelsea,CHE,Forward,u,False,5.0,0.3,0.0,0.0,0.0,0.0,0.0,0.0,0.0,high,0.85,1.0,2,0,1,0.0,0.0,0.0,5-GW avg pts 0.00; mins 0; xGI 0.00; current GWs 2; fixture Elo diff +40,False,False,False,False,False,False,False,False,False,False,False,False,False,False,False,False,False,False,False,False,False,False,False,False,False,False,False,False,False,False,False,False
e270eb346be33f8ee53a97a0631626a6af55428c,499721,523,Mikey,Moore,Moore,6,Spurs,TOT,Midfielder,u,False,5.0,0.1,0.0,0.0,0.0,0.0,0.0,0.0,0.0,high,0.85,1.0,3,0,1,0.0,0.0,0.0,5-GW avg pts 0.60; mins 18; xGI 0.08; current GWs 3; fixture Elo diff -50,False,False,False,False,False,False,False,False,False,False,False,False,False,False,False,False,False,False,False,False,False,False,False,False,False,False,False,False,False,False,False,False
e270eb346be33f8ee53a97a0631626a6af55428c,500151,475,Nicolò,Savona,Savona,17,Nott'm Forest,NFO,Defender,i,False,4.5,0.0,0.0,0.0,0.0,0.0,0.0,0.0,0.0,high,0.85,1.0,3,0,1,0.0,0.0,0.0,5-GW avg pts 0.00; mins 0; xGI 0.00; current GWs 3; fixture Elo diff -2,False,False,False,False,False,False,False,False,False,False,False,False,False,False,False,False,False,False,False,False,False,False,False,False,False,False,False,False,False,False,False,False
e270eb346be33f8ee53a97a0631626a6af55428c,500957,298,Enis,Destan,Destan,88,Hull City,HUL,Forward,u,True,4.5,0.2,0.0,0.0,0.0,0.0,0.0,0.0,0.0,excluded,0.0,0.6,3,0,1,0.0,0.0,0.0,Excluded in squad.json; projection forced to zero,False,False,False,False,False,False,False,False,False,False,False,False,False,False,False,False,False,False,False,False,False,False,False,False,False,False,False,False,False,False,False,False
e270eb346be33f8ee53a97a0631626a6af55428c,501902,278,Charlie,Hughes,Hughes,88,Hull City,HUL,Defender,i,False,4.0,0.1,0.0,0.0,0.0,0.0,0.0,0.0,0.0,medium,0.51,0.6,3,0,1,0.0,0.0,0.0,5-GW avg pts 0.00; mins 0; xGI 0.00; current GWs 3; fixture Elo diff -158,False,False,False,False,False,False,False,False,False,False,False,False,False,False,False,False,False,False,False,False,False,False,False,False,False,False,False,False,False,False,False,False
e270eb346be33f8ee53a97a0631626a6af55428c,503301,484,Omari,Hutchinson,Hutchinson,17,Nott'm Forest,NFO,Midfielder,u,False,5.4,0.1,0.0,0.0,0.0,0.0,0.0,0.0,0.0,high,0.85,1.0,3,0,1,0.0,0.0,0.0,5-GW avg pts 1.40; mins 29; xGI 0.07; current GWs 3; fixture Elo diff -2,False,False,False,False,False,False,False,False,False,False,False,False,False,False,False,False,False,False,False,False,False,False,False,False,False,False,False,False,False,False,False,False
e270eb346be33f8ee53a97a0631626a6af55428c,505079,252,Alfie,McNally,McNally,54,Fulham,FUL,Goalkeeper,u,False,4.0,0.1,0.0,0.0,0.0,0.0,0.0,0.0,0.0,high,0.85,1.0,3,0,1,0.0,0.0,0.0,5-GW avg pts 0.00; mins 0; xGI 0.00; current GWs 3; fixture Elo diff +48,False,False,False,False,False,False,False,False,False,False,False,False,False,False,False,False,False,False,False,False,False,False,False,False,False,False,False,False,False,False,False,False
e270eb346be33f8ee53a97a0631626a6af55428c,508479,141,Filip,Jörgensen,Jörgensen,8,Chelsea,CHE,Goalkeeper,u,True,5.0,0.0,0.0,0.0,0.0,0.0,0.0,0.0,0.0,excluded,0.0,1.0,2,0,1,0.0,0.0,0.0,Excluded in squad.json; projection forced to zero,False,False,False,False,False,False,False,False,False,False,False,False,False,False,False,False,False,False,False,False,False,False,False,False,False,False,False,False,False,False,False,False
e270eb346be33f8ee53a97a0631626a6af55428c,510663,380,Hugo,Ekitiké,Ekitiké,14,Liverpool,LIV,Forward,i,False,7.5,0.1,0.0,0.0,0.0,0.0,0.0,0.0,0.0,high,1.0,1.0,3,0,0,0.0,0.0,0.0,5-GW avg pts 0.00; mins 0; xGI 0.00; current GWs 3; fixture Elo diff +44,False,False,False,False,False,False,False,False,False,False,False,False,False,False,False,False,False,False,False,False,False,False,False,False,False,False,False,False,False,False,False,False
e270eb346be33f8ee53a97a0631626a6af55428c,515621,206,Chadi,Riad Dnanou,Chadi Riad,31,Crystal Palace,CRY,Defender,i,False,4.4,0.0,0.0,0.0,0.0,0.0,0.0,0.0,0.0,high,0.85,1.0,3,0,1,0.0,0.0,0.0,5-GW avg pts 1.20; mins 47; xGI 0.05; current GWs 3; fixture Elo diff +11,False,False,False,False,False,False,False,False,False,False,False,False,False,False,False,False,False,False,False,False,False,False,False,False,False,False,False,False,False,False,False,False
e270eb346be33f8ee53a97a0631626a6af55428c,519324,624,Amario,Cozier-Duberry,Cozier-Duberry,36,Brighton,BHA,Midfielder,u,False,5.0,0.0,0.0,0.0,0.0,0.0,0.0,0.0,0.0,low,0.34,0.4,2,0,1,0.0,0.0,0.0,5-GW avg pts 0.00; mins 0; xGI 0.00; current GWs 2; fixture Elo diff +6,False,False,False,False,False,False,False,False,False,False,False,False,False,False,False,False,False,False,False,False,False,False,False,False,False,False,False,False,False,False,False,False
e270eb346be33f8ee53a97a0631626a6af55428c,519634,537,Jenson,Seelt,Seelt,56,Sunderland,SUN,Defender,u,True,4.5,0.0,0.0,0.0,0.0,0.0,0.0,0.0,0.0,excluded,0.0,1.0,3,0,0,0.0,0.0,0.0,Excluded in squad.json; projection forced to zero,False,False,False,False,False,False,False,False,False,False,False,False,False,False,False,False,False,False,False,False,False,False,False,False,False,False,False,False,False,False,False,False
e270eb346be33f8ee53a97a0631626a6af55428c,524180,602,Cameron,Humphreys,Humphreys,40,Ipswich Town,IPS,Midfielder,u,False,4.5,0.0,0.0,0.0,0.0,0.0,0.0,0.0,0.0,medium,0.51,0.6,3,0,1,0.0,0.0,0.0,5-GW avg pts 0.00; mins 0; xGI 0.00; current GWs 3; fixture Elo diff -177,False,False,False,False,False,False,False,False,False,False,False,False,False,False,False,False,False,False,False,False,False,False,False,False,False,False,False,False,False,False,False,False
e270eb346be33f8ee53a97a0631626a6af55428c,534392,299,Mason,Burstow,Burstow,88,Hull City,HUL,Forward,u,True,4.5,0.0,0.0,0.0,0.0,0.0,0.0,0.0,0.0,excluded,0.0,0.6,3,0,1,0.0,0.0,0.0,Excluded in squad.json; projection forced to zero,False,False,False,False,False,False,False,False,False,False,False,False,False,False,False,False,False,False,False,False,False,False,False,False,False,False,False,False,False,False,False,False
e270eb346be33f8ee53a97a0631626a6af55428c,535301,131,Carlos,Baleba,Baleba,1,Man Utd,MUN,Midfielder,i,False,5.0,0.1,0.0,0.0,0.0,0.0,0.0,0.0,0.0,high,1.0,1.0,3,0,0,0.0,0.0,0.0,5-GW avg pts 0.80; mins 22; xGI 0.03; current GWs 3; fixture Elo diff +69,False,False,False,False,False,False,False,False,False,False,False,False,False,False,False,False,False,False,False,False,False,False,False,False,False,False,False,False,False,False,False,False
e270eb346be33f8ee53a97a0631626a6af55428c,535818,546,Simon,Adingra,Adingra,56,Sunderland,SUN,Midfielder,u,False,4.9,0.0,0.0,0.0,0.0,0.0,0.0,0.0,0.0,high,1.0,1.0,3,0,0,0.0,0.0,0.0,5-GW avg pts 0.00; mins 0; xGI 0.00; current GWs 3; fixture Elo diff -173,False,False,False,False,False,False,False,False,False,False,False,False,False,False,False,False,False,False,False,False,False,False,False,False,False,False,False,False,False,False,False,False
e270eb346be33f8ee53a97a0631626a6af55428c,535928,376,Stefan,Bajčetić Maquieira,Bajcetic,14,Liverpool,LIV,Midfielder,u,False,5.0,0.0,0.0,0.0,0.0,0.0,0.0,0.0,0.0,high,1.0,1.0,3,0,0,0.0,0.0,0.0,5-GW avg pts 0.00; mins 0; xGI 0.00; current GWs 3; fixture Elo diff +44,False,False,False,False,False,False,False,False,False,False,False,False,False,False,False,False,False,False,False,False,False,False,False,False,False,False,False,False,False,False,False,False
e270eb346be33f8ee53a97a0631626a6af55428c,536916,128,Facundo,Buonanotte,Buonanotte,36,Brighton,BHA,Midfielder,u,True,5.0,0.0,0.0,0.0,0.0,0.0,0.0,0.0,0.0,excluded,0.0,1.0,3,0,1,0.0,0.0,0.0,Excluded in squad.json; projection forced to zero,False,False,False,False,False,False,False,False,False,False,False,False,False,False,False,False,False,False,False,False,False,False,False,False,False,False,False,False,False,False,False,False
e270eb346be33f8ee53a97a0631626a6af55428c,538207,465,William,Osula,Osula,4,Newcastle,NEW,Forward,i,False,5.9,0.5,0.0,0.0,0.0,0.0,0.0,0.0,0.0,high,0.85,1.0,3,0,1,0.0,0.0,0.0,5-GW avg pts 3.80; mins 41; xGI 0.25; current GWs 3; fixture Elo diff +67,False,False,False,False,False,False,False,False,False,False,False,False,False,False,False,False,False,False,False,False,False,False,False,False,False,False,False,False,False,False,False,False
e270eb346be33f8ee53a97a0631626a6af55428c,538638,479,Tyler,Bindon,Bindon,17,Nott'm Forest,NFO,Defender,u,False,4.0,0.1,0.0,0.0,0.0,0.0,0.0,0.0,0.0,medium,0.51,0.6,3,0,1,0.0,0.0,0.0,5-GW avg pts 0.00; mins 0; xGI 0.00; current GWs 3; fixture Elo diff -2,False,False,False,False,False,False,False,False,False,False,False,False,False,False,False,False,False,False,False,False,False,False,False,False,False,False,False,False,False,False,False,False
e270eb346be33f8ee53a97a0631626a6af55428c,543295,99,Antoni,Milambo,Milambo,94,Brentford,BRE,Midfielder,i,False,5.0,0.0,0.0,0.0,0.0,0.0,0.0,0.0,0.0,high,0.85,1.0,3,0,1,0.0,0.0,0.0,5-GW avg pts 0.00; mins 0; xGI 0.00; current GWs 3; fixture Elo diff -3,False,False,False,False,False,False,False,False,False,False,False,False,False,False,False,False,False,False,False,False,False,False,False,False,False,False,False,False,False,False,False,False
e270eb346be33f8ee53a97a0631626a6af55428c,545477,451,Alex,Murphy,A.Murphy,4,Newcastle,NEW,Defender,u,True,4.0,0.1,0.0,0.0,0.0,0.0,0.0,0.0,0.0,excluded,0.0,1.0,3,0,1,0.0,0.0,0.0,Excluded in squad.json; projection forced to zero,False,False,False,False,False,False,False,False,False,False,False,False,False,False,False,False,False,False,False,False,False,False,False,False,False,False,False,False,False,False,False,False
e270eb346be33f8ee53a97a0631626a6af55428c,546600,554,Kayne,van Oevelen,Van Oevelen,40,Ipswich Town,IPS,Goalkeeper,u,True,4.5,0.0,0.0,0.0,0.0,0.0,0.0,0.0,0.0,excluded,0.0,0.6,3,0,1,0.0,0.0,0.0,Excluded in squad.json; projection forced to zero,False,False,False,False,False,False,False,False,False,False,False,False,False,False,False,False,False,False,False,False,False,False,False,False,False,False,False,False,False,False,False,False
e270eb346be33f8ee53a97a0631626a6af55428c,547027,543,Habib,Diarra,Diarra,56,Sunderland,SUN,Midfielder,i,False,5.4,0.0,0.0,0.0,0.0,0.0,0.0,0.0,0.0,high,1.0,1.0,3,0,0,0.0,0.0,0.0,5-GW avg pts 1.80; mins 14; xGI 0.10; current GWs 3; fixture Elo diff -173,False,False,False,False,False,False,False,False,False,False,False,False,False,False,False,False,False,False,False,False,False,False,False,False,False,False,False,False,False,False,False,False
e270eb346be33f8ee53a97a0631626a6af55428c,547676,425,Tyler,Fredricson,Fredricson,1,Man Utd,MUN,Defender,u,True,4.0,0.0,0.0,0.0,0.0,0.0,0.0,0.0,0.0,excluded,0.0,1.0,3,0,0,0.0,0.0,0.0,Excluded in squad.json; projection forced to zero,False,False,False,False,False,False,False,False,False,False,False,False,False,False,False,False,False,False,False,False,False,False,False,False,False,False,False,False,False,False,False,False
e270eb346be33f8ee53a97a0631626a6af55428c,548308,507,Ashley,Phillips,Phillips,6,Spurs,TOT,Defender,u,True,4.5,0.0,0.0,0.0,0.0,0.0,0.0,0.0,0.0,excluded,0.0,1.0,3,0,1,0.0,0.0,0.0,Excluded in squad.json; projection forced to zero,False,False,False,False,False,False,False,False,False,False,False,False,False,False,False,False,False,False,False,False,False,False,False,False,False,False,False,False,False,False,False,False
e270eb346be33f8ee53a97a0631626a6af55428c,549067,477,Zach,Abbott,Abbott,17,Nott'm Forest,NFO,Defender,u,False,4.0,0.2,0.0,0.0,0.0,0.0,0.0,0.0,0.0,high,0.85,1.0,3,0,1,0.0,0.0,0.0,5-GW avg pts 0.00; mins 0; xGI 0.00; current GWs 3; fixture Elo diff -2,False,False,False,False,False,False,False,False,False,False,False,False,False,False,False,False,False,False,False,False,False,False,False,False,False,False,False,False,False,False,False,False
e270eb346be33f8ee53a97a0631626a6af55428c,549074,133,Tom,Watson,Watson,36,Brighton,BHA,Midfielder,u,True,5.0,0.0,0.0,0.0,0.0,0.0,0.0,0.0,0.0,excluded,0.0,1.0,3,0,1,0.0,0.0,0.0,Excluded in squad.json; projection forced to zero,False,False,False,False,False,False,False,False,False,False,False,False,False,False,False,False,False,False,False,False,False,False,False,False,False,False,False,False,False,False,False,False
e270eb346be33f8ee53a97a0631626a6af55428c,549653,197,Norman,Bassette,Bassette,9,Coventry City,COV,Forward,u,True,4.5,0.0,0.0,0.0,0.0,0.0,0.0,0.0,0.0,excluded,0.0,0.6,3,0,1,0.0,0.0,0.0,Excluded in squad.json; projection forced to zero,False,False,False,False,False,False,False,False,False,False,False,False,False,False,False,False,False,False,False,False,False,False,False,False,False,False,False,False,False,False,False,False
e270eb346be33f8ee53a97a0631626a6af55428c,550090,117,Diego,Coppola,Coppola,36,Brighton,BHA,Defender,a,True,4.5,0.0,0.0,0.0,0.0,0.0,0.0,0.0,0.0,excluded,0.0,1.0,3,0,1,0.0,0.0,0.0,Excluded in squad.json; projection forced to zero,False,False,False,False,False,False,False,False,False,False,False,False,False,False,False,False,False,False,False,False,False,False,False,False,False,False,False,False,False,False,False,False
e270eb346be33f8ee53a97a0631626a6af55428c,550839,517,Wilson,Odobert,Odobert,6,Spurs,TOT,Midfielder,i,False,5.5,0.0,0.0,0.0,0.0,0.0,0.0,0.0,0.0,high,0.85,1.0,3,0,1,0.0,0.0,0.0,5-GW avg pts 0.00; mins 0; xGI 0.00; current GWs 3; fixture Elo diff -50,False,False,False,False,False,False,False,False,False,False,False,False,False,False,False,False,False,False,False,False,False,False,False,False,False,False,False,False,False,False,False,False
e270eb346be33f8ee53a97a0631626a6af55428c,551262,196,Jahnoah,Markelo,Markelo,9,Coventry City,COV,Forward,u,True,5.0,0.0,0.0,0.0,0.0,0.0,0.0,0.0,0.0,excluded,0.0,0.6,3,0,1,0.0,0.0,0.0,Excluded in squad.json; projection forced to zero,False,False,False,False,False,False,False,False,False,False,False,False,False,False,False,False,False,False,False,False,False,False,False,False,False,False,False,False,False,False,False,False
e270eb346be33f8ee53a97a0631626a6af55428c,553783,294,Óscar,Zambrano,Zambrano,88,Hull City,HUL,Midfielder,i,False,4.5,0.1,0.0,0.0,0.0,0.0,0.0,0.0,0.0,medium,0.51,0.6,3,0,1,0.0,0.0,0.0,5-GW avg pts 0.00; mins 0; xGI 0.00; current GWs 3; fixture Elo diff -158,False,False,False,False,False,False,False,False,False,False,False,False,False,False,False,False,False,False,False,False,False,False,False,False,False,False,False,False,False,False,False,False
e270eb346be33f8ee53a97a0631626a6af55428c,560262,78,Junior,Kroupi,Kroupi.Jr,91,Bournemouth,BOU,Midfielder,i,False,7.4,0.2,0.0,0.0,0.0,0.0,0.0,0.0,0.0,high,1.0,1.0,3,0,0,0.0,0.0,0.0,5-GW avg pts 2.00; mins 29; xGI 0.13; current GWs 3; fixture Elo diff +26,False,False,False,False,False,False,False,False,False,False,False,False,False,False,False,False,False,False,False,False,False,False,False,False,False,False,False,False,False,False,False,False
e270eb346be33f8ee53a97a0631626a6af55428c,565297,349,Mateo,Joseph Fernández-Regatillo,Mateo Joseph,2,Leeds,LEE,Forward,i,False,4.5,0.1,0.0,0.0,0.0,0.0,0.0,0.0,0.0,high,1.0,1.0,3,0,0,0.0,0.0,0.0,5-GW avg pts 0.00; mins 0; xGI 0.00; current GWs 3; fixture Elo diff -74,False,False,False,False,False,False,False,False,False,False,False,False,False,False,False,False,False,False,False,False,False,False,False,False,False,False,False,False,False,False,False,False
e270eb346be33f8ee53a97a0631626a6af55428c,571380,607,Luka,Lynch,Lynch,7,Aston Villa,AVL,Midfielder,u,False,4.5,0.1,0.0,0.0,0.0,0.0,0.0,0.0,0.0,medium,0.6,0.6,3,0,0,0.0,0.0,0.0,5-GW avg pts 0.00; mins 0; xGI 0.00; current GWs 3; fixture Elo diff +72,False,False,False,False,False,False,False,False,False,False,False,False,False,False,False,False,False,False,False,False,False,False,False,False,False,False,False,False,False,False,False,False
e270eb346be33f8ee53a97a0631626a6af55428c,574458,150,Mamadou,Sarr,M.Sarr,8,Chelsea,CHE,Defender,u,False,4.5,0.0,0.0,0.0,0.0,0.0,0.0,0.0,0.0,high,0.85,1.0,2,0,1,0.0,0.0,0.0,5-GW avg pts 0.20; mins 2; xGI 0.00; current GWs 2; fixture Elo diff +40,False,False,False,False,False,False,False,False,False,False,False,False,False,False,False,False,False,False,False,False,False,False,False,False,False,False,False,False,False,False,False,False
e270eb346be33f8ee53a97a0631626a6af55428c,575204,407,Claudio,Echeverri,Echeverri,43,Man City,MCI,Midfielder,u,False,4.9,0.0,0.0,0.0,0.0,0.0,0.0,0.0,0.0,high,0.85,1.0,3,0,1,0.0,0.0,0.0,5-GW avg pts 0.00; mins 0; xGI 0.00; current GWs 3; fixture Elo diff +141,False,False,False,False,False,False,False,False,False,False,False,False,False,False,False,False,False,False,False,False,False,False,False,False,False,False,False,False,False,False,False,False
e270eb346be33f8ee53a97a0631626a6af55428c,577411,181,Miguel,Brau,Brau,9,Coventry City,COV,Defender,u,False,4.0,0.0,0.0,0.0,0.0,0.0,0.0,0.0,0.0,medium,0.51,0.6,3,0,1,0.0,0.0,0.0,5-GW avg pts 0.00; mins 0; xGI 0.00; current GWs 3; fixture Elo diff -152,False,False,False,False,False,False,False,False,False,False,False,False,False,False,False,False,False,False,False,False,False,False,False,False,False,False,False,False,False,False,False,False
e270eb346be33f8ee53a97a0631626a6af55428c,578545,39,Kosta,Nedeljkovic,Nedeljkovic,7,Aston Villa,AVL,Defender,u,True,4.0,0.2,0.0,0.0,0.0,0.0,0.0,0.0,0.0,excluded,0.0,0.6,3,0,0,0.0,0.0,0.0,Excluded in squad.json; projection forced to zero,False,False,False,False,False,False,False,False,False,False,False,False,False,False,False,False,False,False,False,False,False,False,False,False,False,False,False,False,False,False,False,False
e270eb346be33f8ee53a97a0631626a6af55428c,586268,353,Armin,Pecsi,Pecsi,14,Liverpool,LIV,Goalkeeper,u,True,4.0,0.0,0.0,0.0,0.0,0.0,0.0,0.0,0.0,excluded,0.0,1.0,3,0,0,0.0,0.0,0.0,Excluded in squad.json; projection forced to zero,False,False,False,False,False,False,False,False,False,False,False,False,False,False,False,False,False,False,False,False,False,False,False,False,False,False,False,False,False,False,False,False
e270eb346be33f8ee53a97a0631626a6af55428c,590014,220,Rio,Cardines,Cardines,31,Crystal Palace,CRY,Defender,u,True,4.5,0.0,0.0,0.0,0.0,0.0,0.0,0.0,0.0,excluded,0.0,1.0,3,0,1,0.0,0.0,0.0,Excluded in squad.json; projection forced to zero,False,False,False,False,False,False,False,False,False,False,False,False,False,False,False,False,False,False,False,False,False,False,False,False,False,False,False,False,False,False,False,False
e270eb346be33f8ee53a97a0631626a6af55428c,590039,409,Divine,Mukasa,Mukasa,43,Man City,MCI,Midfielder,u,False,4.5,0.1,0.0,0.0,0.0,0.0,0.0,0.0,0.0,high,0.85,1.0,3,0,1,0.0,0.0,0.0,5-GW avg pts 0.00; mins 0; xGI 0.00; current GWs 3; fixture Elo diff +141,False,False,False,False,False,False,False,False,False,False,False,False,False,False,False,False,False,False,False,False,False,False,False,False,False,False,False,False,False,False,False,False
e270eb346be33f8ee53a97a0631626a6af55428c,592031,122,Yankuba,Minteh,Minteh,36,Brighton,BHA,Midfielder,i,False,5.9,0.0,0.0,0.0,0.0,0.0,0.0,0.0,0.0,high,0.85,1.0,3,0,1,0.0,0.0,0.0,5-GW avg pts 0.80; mins 27; xGI 0.08; current GWs 3; fixture Elo diff +6,False,False,False,False,False,False,False,False,False,False,False,False,False,False,False,False,False,False,False,False,False,False,False,False,False,False,False,False,False,False,False,False
e270eb346be33f8ee53a97a0631626a6af55428c,597320,132,Harry,Howell,Howell,36,Brighton,BHA,Midfielder,u,True,4.5,0.0,0.0,0.0,0.0,0.0,0.0,0.0,0.0,excluded,0.0,1.0,3,0,1,0.0,0.0,0.0,Excluded in squad.json; projection forced to zero,False,False,False,False,False,False,False,False,False,False,False,False,False,False,False,False,False,False,False,False,False,False,False,False,False,False,False,False,False,False,False,False
e270eb346be33f8ee53a97a0631626a6af55428c,599303,466,Sean,Neave,Neave,4,Newcastle,NEW,Forward,u,False,4.5,0.8,0.0,0.0,0.0,0.0,0.0,0.0,0.0,high,0.85,1.0,3,0,1,0.0,0.0,0.0,5-GW avg pts 0.20; mins 3; xGI 0.01; current GWs 3; fixture Elo diff +67,False,False,False,False,False,False,False,False,False,False,False,False,False,False,False,False,False,False,False,False,False,False,False,False,False,False,False,False,False,False,False,False
e270eb346be33f8ee53a97a0631626a6af55428c,606798,38,Andrés,García,A.García,7,Aston Villa,AVL,Defender,a,True,4.0,1.7,0.0,0.0,0.0,0.0,0.0,0.0,0.0,excluded,0.0,1.0,3,0,0,0.0,0.0,0.0,Excluded in squad.json; projection forced to zero,False,False,False,False,False,False,False,False,False,False,False,False,False,False,False,False,False,False,False,False,False,False,False,False,False,False,False,False,False,False,False,False
e270eb346be33f8ee53a97a0631626a6af55428c,606921,216,Romain,Esse,Esse,31,Crystal Palace,CRY,Midfielder,u,False,5.0,0.0,0.0,0.0,0.0,0.0,0.0,0.0,0.0,high,0.85,1.0,3,0,1,0.0,0.0,0.0,5-GW avg pts 0.00; mins 0; xGI 0.00; current GWs 3; fixture Elo diff +11,False,False,False,False,False,False,False,False,False,False,False,False,False,False,False,False,False,False,False,False,False,False,False,False,False,False,False,False,False,False,False,False
e270eb346be33f8ee53a97a0631626a6af55428c,608181,137,Stefanos,Tzimas,Tzimas,36,Brighton,BHA,Forward,i,False,5.5,0.0,0.0,0.0,0.0,0.0,0.0,0.0,0.0,high,0.85,1.0,3,0,1,0.0,0.0,0.0,5-GW avg pts 0.00; mins 0; xGI 0.00; current GWs 3; fixture Elo diff +6,False,False,False,False,False,False,False,False,False,False,False,False,False,False,False,False,False,False,False,False,False,False,False,False,False,False,False,False,False,False,False,False
e270eb346be33f8ee53a97a0631626a6af55428c,614071,53,Johan,Manzambi,Manzambi,7,Aston Villa,AVL,Midfielder,i,False,5.9,0.1,0.0,0.0,0.0,0.0,0.0,0.0,0.0,medium,0.6,0.6,3,0,0,0.0,0.0,0.0,5-GW avg pts 0.00; mins 0; xGI 0.00; current GWs 3; fixture Elo diff +72,False,False,False,False,False,False,False,False,False,False,False,False,False,False,False,False,False,False,False,False,False,False,False,False,False,False,False,False,False,False,False,False
e270eb346be33f8ee53a97a0631626a6af55428c,616221,511,João Victor,de Souza Menezes,Souza,6,Spurs,TOT,Defender,u,False,4.0,0.2,0.0,0.0,0.0,0.0,0.0,0.0,0.0,high,0.85,1.0,3,0,1,0.0,0.0,0.0,5-GW avg pts 0.00; mins 0; xGI 0.00; current GWs 3; fixture Elo diff -50,False,False,False,False,False,False,False,False,False,False,False,False,False,False,False,False,False,False,False,False,False,False,False,False,False,False,False,False,False,False,False,False
e270eb346be33f8ee53a97a0631626a6af55428c,620487,63,Veljko,Milosavljevic,Milosavljević,91,Bournemouth,BOU,Defender,i,False,5.0,0.0,0.0,0.0,0.0,0.0,0.0,0.0,0.0,high,1.0,1.0,3,0,0,0.0,0.0,0.0,5-GW avg pts 0.00; mins 0; xGI 0.00; current GWs 3; fixture Elo diff +26,False,False,False,False,False,False,False,False,False,False,False,False,False,False,False,False,False,False,False,False,False,False,False,False,False,False,False,False,False,False,False,False
e270eb346be33f8ee53a97a0631626a6af55428c,629397,192,Kai,Andrews,Andrews,9,Coventry City,COV,Midfielder,u,True,4.5,0.4,0.0,0.0,0.0,0.0,0.0,0.0,0.0,excluded,0.0,0.6,3,0,1,0.0,0.0,0.0,Excluded in squad.json; projection forced to zero,False,False,False,False,False,False,False,False,False,False,False,False,False,False,False,False,False,False,False,False,False,False,False,False,False,False,False,False,False,False,False,False
e270eb346be33f8ee53a97a0631626a6af55428c,647681,363,Giovanni,Leoni,Leoni,14,Liverpool,LIV,Defender,i,False,4.0,0.0,0.0,0.0,0.0,0.0,0.0,0.0,0.0,high,1.0,1.0,3,0,0,0.0,0.0,0.0,5-GW avg pts 0.00; mins 0; xGI 0.00; current GWs 3; fixture Elo diff +44,False,False,False,False,False,False,False,False,False,False,False,False,False,False,False,False,False,False,False,False,False,False,False,False,False,False,False,False,False,False,False,False
e270eb346be33f8ee53a97a0631626a6af55428c,649208,410,Jeremy,Monga,Monga,43,Man City,MCI,Midfielder,u,False,4.9,0.0,0.0,0.0,0.0,0.0,0.0,0.0,0.0,medium,0.51,0.6,3,0,1,0.0,0.0,0.0,5-GW avg pts 0.00; mins 0; xGI 0.00; current GWs 3; fixture Elo diff +141,False,False,False,False,False,False,False,False,False,False,False,False,False,False,False,False,False,False,False,False,False,False,False,False,False,False,False,False,False,False,False,False
e270eb346be33f8ee53a97a0631626a6af55428c,660392,225,Christantus,Uche,Uche,31,Crystal Palace,CRY,Forward,u,True,5.0,0.0,0.0,0.0,0.0,0.0,0.0,0.0,0.0,excluded,0.0,1.0,3,0,1,0.0,0.0,0.0,Excluded in squad.json; projection forced to zero,False,False,False,False,False,False,False,False,False,False,False,False,False,False,False,False,False,False,False,False,False,False,False,False,False,False,False,False,False,False,False,False
e270eb346be33f8ee53a97a0631626a6af55428c,661800,284,Cathal,McCarthy,McCarthy,88,Hull City,HUL,Defender,a,True,4.0,0.1,0.0,0.0,0.0,0.0,0.0,0.0,0.0,excluded,0.0,0.6,3,0,1,0.0,0.0,0.0,Excluded in squad.json; projection forced to zero,False,False,False,False,False,False,False,False,False,False,False,False,False,False,False,False,False,False,False,False,False,False,False,False,False,False,False,False,False,False,False,False
e270eb346be33f8ee53a97a0631626a6af55428c,690838,582,Brian,Madjo,Madjo,7,Aston Villa,AVL,Forward,i,False,5.5,0.3,0.0,0.0,0.0,0.0,0.0,0.0,0.0,medium,0.6,0.6,3,0,0,0.0,0.0,0.0,5-GW avg pts 0.00; mins 0; xGI 0.00; current GWs 3; fixture Elo diff +72,False,False,False,False,False,False,False,False,False,False,False,False,False,False,False,False,False,False,False,False,False,False,False,False,False,False,False,False,False,False,False,False
