data_commit_sha,model_version,model_code_sha,forecast_created_at,player_code,player_id,first_name,second_name,web_name,team_code,team,team_short_name,position,status,excluded,now_cost,selected_by_percent,GW5_predicted_points,GW6_predicted_points,GW7_predicted_points,GW8_predicted_points,GW9_predicted_points,GW5_availability,GW6_availability,GW7_availability,GW8_availability,GW9_availability,workload_all_minutes_7d,workload_all_minutes_14d,workload_nonpl_minutes_7d,workload_nonpl_minutes_14d,workload_friendlies_minutes_28d,workload_days_since_last,workload_recorded_appearances_14d,workload_history_appearances,appearance_rate,sixty_minute_rate,minutes_when_playing,rate_minutes,expected_goals_per90,expected_assists_per90,defensive_contribution_per90,saves_per90,penalties_order_lag1,corners_and_indirect_freekicks_order_lag1,direct_freekicks_order_lag1,weighted_score,predicted_value,confidence,confidence_score,data_coverage,current_season_matches,cold_start,promoted_elo_fallback,baseline,baseline_rolling_points,baseline_ep_next,drivers,recommended_squad,current_squad,GW5_lineup,GW5_captain,GW5_vice_captain,current_GW5_lineup,current_GW5_captain,current_GW5_vice_captain,GW6_lineup,GW6_captain,GW6_vice_captain,current_GW6_lineup,current_GW6_captain,current_GW6_vice_captain,GW7_lineup,GW7_captain,GW7_vice_captain,current_GW7_lineup,current_GW7_captain,current_GW7_vice_captain,GW8_lineup,GW8_captain,GW8_vice_captain,current_GW8_lineup,current_GW8_captain,current_GW8_vice_captain,GW9_lineup,GW9_captain,GW9_vice_captain,current_GW9_lineup,current_GW9_captain,current_GW9_vice_captain
dd9b0c9710fd270123600531e17f3287ab6c9403,v2-form-workload-blend,d113ff8057aa6718889feec83e2ade33486769ad87a8f3bd5608b9bfc38eda08,2026-09-18T10:40:22.090068+00:00,141746,426,Bruno,Borges Fernandes,B.Fernandes,1,Man Utd,MUN,Midfielder,a,False,12.0,40.9,7.212,7.7317,7.4394,6.101,7.0094,1.0,1.0,1.0,1.0,1.0,107.0,287.0,17.0,107.0,0.0,1.6530261014699075,4.0,9.0,1.0,1.0,90.0,900.0,0.2729999999999999,0.38899999999999996,6.2,0.0,1.0,1.0,1.0,28.5985,2.3832,high,1.0,1.0,4,0,0,8.6,8.6,7.2,5-GW avg pts 8.60; mins 90; xGI 0.73; current GWs 4; fixture Elo diff +97,True,True,True,False,True,True,True,False,True,True,False,True,True,False,True,True,False,True,True,False,True,False,False,True,False,True,True,True,False,True,True,False
dd9b0c9710fd270123600531e17f3287ab6c9403,v2-form-workload-blend,d113ff8057aa6718889feec83e2ade33486769ad87a8f3bd5608b9bfc38eda08,2026-09-18T10:40:22.090068+00:00,223094,411,Erling,Haaland,Haaland,43,Man City,MCI,Forward,a,False,15.6,72.9,7.9166,5.3593,8.1603,5.3593,6.3386,1.0,1.0,1.0,1.0,1.0,90.0,270.0,0.0,90.0,0.0,4.798859434803241,3.0,6.0,0.8,0.8,90.0,810.0,0.7988888888888888,0.13777777777777775,3.4444444444444446,0.0,1.0,,,26.8229,1.7194,high,1.0,1.0,4,0,0,6.6,6.6,8.2,5-GW avg pts 6.60; mins 72; xGI 0.77; current GWs 4; fixture Elo diff +161,False,False,False,False,False,False,False,False,False,False,False,False,False,False,False,False,False,False,False,False,False,False,False,False,False,False,False,False,False,False,False,False
dd9b0c9710fd270123600531e17f3287ab6c9403,v2-form-workload-blend,d113ff8057aa6718889feec83e2ade33486769ad87a8f3bd5608b9bfc38eda08,2026-09-18T10:40:22.090068+00:00,223340,12,Bukayo,Saka,Saka,3,Arsenal,ARS,Midfielder,a,False,9.5,12.7,6.3098,6.4442,6.3585,6.4497,6.0935,1.0,1.0,1.0,1.0,1.0,90.0,252.0,0.0,73.0,0.0,5.653026101469908,3.0,6.0,0.8,0.8,84.0,559.0,0.5570661896243291,0.29624329159212875,8.050089445438283,0.0,1.0,2.0,2.0,25.3673,2.6702,high,1.0,1.0,4,0,0,6.0,6.0,7.5,5-GW avg pts 6.00; mins 67; xGI 0.66; current GWs 4; fixture Elo diff +229,True,True,True,False,False,True,False,True,True,False,True,True,False,True,True,False,True,True,False,True,True,False,True,True,True,False,True,False,True,True,False,True
dd9b0c9710fd270123600531e17f3287ab6c9403,v2-form-workload-blend,d113ff8057aa6718889feec83e2ade33486769ad87a8f3bd5608b9bfc38eda08,2026-09-18T10:40:22.090068+00:00,222531,480,Morgan,Gibbs-White,Gibbs-White,17,Nott'm Forest,NFO,Midfielder,a,False,8.0,14.1,7.341,5.5,2.9952,7.176,5.2944,1.0,1.0,1.0,1.0,1.0,90.0,180.0,0.0,0.0,0.0,5.861359434803241,2.0,5.0,1.0,1.0,90.0,738.0,0.4560975609756097,0.21585365853658534,5.365853658536586,0.0,1.0,,1.0,22.8869,2.8609,high,1.0,1.0,4,0,0,7.0,7.0,6.5,5-GW avg pts 7.00; mins 90; xGI 0.62; current GWs 4; fixture Elo diff +21,True,False,True,True,False,False,False,False,True,False,False,False,False,False,False,False,False,False,False,False,True,True,False,False,False,False,True,False,False,False,False,False
dd9b0c9710fd270123600531e17f3287ab6c9403,v2-form-workload-blend,d113ff8057aa6718889feec83e2ade33486769ad87a8f3bd5608b9bfc38eda08,2026-09-18T10:40:22.090068+00:00,226597,4,Gabriel,dos Santos Magalhães,Gabriel,3,Arsenal,ARS,Defender,a,False,8.0,23.2,5.441,5.6834,5.6946,5.5661,5.4773,1.0,1.0,1.0,1.0,1.0,135.0,315.0,45.0,135.0,0.0,2.6530261014699077,4.0,10.0,1.0,0.8,81.0,855.0,0.15473684210526314,0.015789473684210496,8.105263157894736,0.0,,,,22.2944,2.7868,high,1.0,1.0,4,0,0,5.0,5.0,6.0,5-GW avg pts 5.00; mins 81; xGI 0.11; current GWs 4; fixture Elo diff +229,True,False,True,False,False,False,False,False,True,False,False,False,False,False,True,False,False,False,False,False,True,False,False,False,False,False,True,False,False,False,False,False
dd9b0c9710fd270123600531e17f3287ab6c9403,v2-form-workload-blend,d113ff8057aa6718889feec83e2ade33486769ad87a8f3bd5608b9bfc38eda08,2026-09-18T10:40:22.090068+00:00,446008,427,Bryan,Mbeumo,Mbeumo,1,Man Utd,MUN,Midfielder,a,False,7.9,22.2,5.1542,5.5612,5.4035,5.1028,5.1185,1.0,1.0,1.0,1.0,1.0,114.0,276.0,24.0,96.0,0.0,1.6530261014699075,4.0,12.0,1.0,1.0,86.6,760.0,0.7981578947368422,0.12789473684210526,4.973684210526316,0.0,2.0,2.0,2.0,21.1252,2.6741,high,1.0,1.0,4,0,0,6.4,6.4,5.8,5-GW avg pts 6.40; mins 87; xGI 0.86; current GWs 4; fixture Elo diff +97,True,True,True,False,False,True,False,False,True,False,False,True,False,False,True,False,False,True,False,False,True,False,False,True,False,False,True,False,False,True,False,False
dd9b0c9710fd270123600531e17f3287ab6c9403,v2-form-workload-blend,d113ff8057aa6718889feec83e2ade33486769ad87a8f3bd5608b9bfc38eda08,2026-09-18T10:40:22.090068+00:00,437730,397,Antoine,Semenyo,Semenyo,43,Man City,MCI,Midfielder,a,False,8.4,15.1,5.3491,4.846,6.2372,4.846,5.0415,1.0,1.0,1.0,1.0,1.0,90.0,242.0,0.0,62.0,0.0,4.798859434803241,3.0,8.0,1.0,0.8,83.4,880.0,0.10738636363636353,0.17897727272727273,4.090909090909091,0.0,2.0,,,21.1174,2.514,high,1.0,1.0,4,0,0,4.4,4.4,4.0,5-GW avg pts 4.40; mins 83; xGI 0.27; current GWs 4; fixture Elo diff +161,True,False,True,False,False,False,False,False,True,False,False,False,False,False,True,False,False,False,False,False,True,False,False,False,False,False,True,False,False,False,False,False
dd9b0c9710fd270123600531e17f3287ab6c9403,v2-form-workload-blend,d113ff8057aa6718889feec83e2ade33486769ad87a8f3bd5608b9bfc38eda08,2026-09-18T10:40:22.090068+00:00,219847,26,Kai,Havertz,Havertz,3,Arsenal,ARS,Forward,a,False,7.6,8.1,5.1049,5.3074,5.2426,5.2964,4.9928,1.0,1.0,1.0,1.0,1.0,90.0,185.0,0.0,17.0,0.0,5.653026101469908,3.0,10.0,1.0,0.8,78.4,610.0,0.4322950819672131,0.13131147540983606,3.098360655737705,0.0,,,,20.7788,2.734,high,1.0,1.0,4,0,0,4.2,4.2,4.2,5-GW avg pts 4.20; mins 78; xGI 0.36; current GWs 4; fixture Elo diff +229,True,False,True,False,False,False,False,False,True,False,False,False,False,False,True,False,False,False,False,False,True,False,False,False,False,False,True,False,False,False,False,False
dd9b0c9710fd270123600531e17f3287ab6c9403,v2-form-workload-blend,d113ff8057aa6718889feec83e2ade33486769ad87a8f3bd5608b9bfc38eda08,2026-09-18T10:40:22.090068+00:00,219168,379,Alexander,Isak,Isak,14,Liverpool,LIV,Forward,a,False,9.1,21.9,5.5824,4.6225,5.6386,5.7466,3.1465,1.0,1.0,1.0,1.0,1.0,94.0,246.0,4.0,92.0,0.0,2.6530261014699077,4.0,9.0,0.8,0.8,83.25,505.0,0.5952475247524752,0.01247524752475244,1.9603960396039604,0.0,2.0,,,20.164,2.2158,high,1.0,1.0,4,0,0,5.0,5.0,6.2,5-GW avg pts 5.00; mins 67; xGI 0.57; current GWs 4; fixture Elo diff -6,False,False,False,False,False,False,False,False,False,False,False,False,False,False,False,False,False,False,False,False,False,False,False,False,False,False,False,False,False,False,False,False
dd9b0c9710fd270123600531e17f3287ab6c9403,v2-form-workload-blend,d113ff8057aa6718889feec83e2ade33486769ad87a8f3bd5608b9bfc38eda08,2026-09-18T10:40:22.090068+00:00,244850,40,Morgan,Rogers,Rogers,8,Chelsea,CHE,Midfielder,a,False,7.7,38.8,4.9937,4.8825,5.0401,5.0487,4.6169,1.0,1.0,1.0,1.0,1.0,90.0,222.0,0.0,45.0,0.0,5.861359434803241,3.0,7.0,0.8,0.8,86.75,797.0,0.255207026348808,0.22245922208281055,6.097867001254705,0.0,,3.0,,19.7243,2.5616,high,1.0,1.0,4,0,0,5.4,5.4,6.8,5-GW avg pts 5.40; mins 69; xGI 0.51; current GWs 4; fixture Elo diff -10,False,False,False,False,False,False,False,False,False,False,False,False,False,False,False,False,False,False,False,False,False,False,False,False,False,False,False,False,False,False,False,False
dd9b0c9710fd270123600531e17f3287ab6c9403,v2-form-workload-blend,d113ff8057aa6718889feec83e2ade33486769ad87a8f3bd5608b9bfc38eda08,2026-09-18T10:40:22.090068+00:00,502500,106,Igor Thiago,Nascimento Rodrigues,Thiago,94,Brentford,BRE,Forward,a,False,7.8,9.2,4.8934,4.5099,4.5334,5.4623,5.0083,1.0,1.0,1.0,1.0,1.0,103.0,193.0,13.0,13.0,0.0,2.6530261014699077,3.0,7.0,1.0,1.0,88.4,892.0,0.4096412556053814,0.02421524663677129,5.145739910313901,0.0,1.0,,,19.4077,2.4882,high,1.0,1.0,4,0,0,1.4,1.4,1.2,5-GW avg pts 1.40; mins 88; xGI 0.52; current GWs 4; fixture Elo diff +33,False,True,False,False,False,True,False,False,False,False,False,True,False,False,False,False,False,True,False,False,False,False,False,True,False,False,False,False,False,True,False,False
dd9b0c9710fd270123600531e17f3287ab6c9403,v2-form-workload-blend,d113ff8057aa6718889feec83e2ade33486769ad87a8f3bd5608b9bfc38eda08,2026-09-18T10:40:22.090068+00:00,244851,154,Cole,Palmer,Palmer,8,Chelsea,CHE,Midfielder,a,False,9.7,26.8,4.9128,4.802,4.922,4.9457,4.6018,1.0,1.0,1.0,1.0,1.0,90.0,225.0,0.0,45.0,0.0,5.861359434803241,3.0,8.0,1.0,1.0,88.4,800.0,0.3217500000000001,0.1125,4.725,0.0,1.0,,2.0,19.3952,1.9995,high,1.0,1.0,4,0,0,6.8,6.8,6.5,5-GW avg pts 6.80; mins 88; xGI 0.40; current GWs 4; fixture Elo diff -10,False,False,False,False,False,False,False,False,False,False,False,False,False,False,False,False,False,False,False,False,False,False,False,False,False,False,False,False,False,False,False,False
dd9b0c9710fd270123600531e17f3287ab6c9403,v2-form-workload-blend,d113ff8057aa6718889feec83e2ade33486769ad87a8f3bd5608b9bfc38eda08,2026-09-18T10:40:22.090068+00:00,430871,428,Matheus,Santos Carneiro da Cunha,Cunha,1,Man Utd,MUN,Midfielder,a,False,7.9,5.9,4.7039,4.8933,4.722,4.6776,4.5528,1.0,1.0,1.0,1.0,1.0,100.0,260.0,10.0,100.0,0.0,1.6530261014699075,4.0,8.0,0.8,0.8,79.25,652.0,0.21257668711656436,0.15046012269938644,5.521472392638037,0.0,,,,18.8915,2.3913,high,1.0,1.0,4,0,0,3.2,3.2,4.0,5-GW avg pts 3.20; mins 63; xGI 0.20; current GWs 4; fixture Elo diff +97,False,False,False,False,False,False,False,False,False,False,False,False,False,False,False,False,False,False,False,False,False,False,False,False,False,False,False,False,False,False,False,False
dd9b0c9710fd270123600531e17f3287ab6c9403,v2-form-workload-blend,d113ff8057aa6718889feec83e2ade33486769ad87a8f3bd5608b9bfc38eda08,2026-09-18T10:40:22.090068+00:00,424876,368,Dominik,Szoboszlai,Szoboszlai,14,Liverpool,LIV,Midfielder,a,False,7.0,35.3,4.7419,4.0788,4.9472,4.8441,3.0931,1.0,1.0,1.0,1.0,1.0,118.0,298.0,28.0,118.0,0.0,2.6530261014699077,4.0,11.0,1.0,1.0,90.0,900.0,0.22099999999999995,0.23999999999999994,7.3,0.0,1.0,1.0,1.0,17.6173,2.5168,high,1.0,1.0,4,0,0,4.0,4.0,4.5,5-GW avg pts 4.00; mins 90; xGI 0.57; current GWs 4; fixture Elo diff -6,False,True,False,False,False,True,False,False,False,False,False,True,False,False,False,False,False,True,False,False,False,False,False,True,False,False,False,False,False,True,False,False
dd9b0c9710fd270123600531e17f3287ab6c9403,v2-form-workload-blend,d113ff8057aa6718889feec83e2ade33486769ad87a8f3bd5608b9bfc38eda08,2026-09-18T10:40:22.090068+00:00,466052,399,Rayan,Cherki,Cherki,43,Man City,MCI,Midfielder,a,False,7.8,28.1,4.6459,3.9538,5.0728,3.9538,4.2906,1.0,1.0,1.0,1.0,1.0,45.0,173.0,0.0,62.0,0.0,4.798859434803241,3.0,6.0,1.0,0.4,50.0,618.0,0.3087378640776699,0.4004854368932037,3.349514563106796,0.0,,1.0,1.0,17.6045,2.257,high,1.0,1.0,4,0,0,5.4,5.4,6.5,5-GW avg pts 5.40; mins 50; xGI 0.42; current GWs 4; fixture Elo diff +161,False,False,False,False,False,False,False,False,False,False,False,False,False,False,False,False,False,False,False,False,False,False,False,False,False,False,False,False,False,False,False,False
dd9b0c9710fd270123600531e17f3287ab6c9403,v2-form-workload-blend,d113ff8057aa6718889feec83e2ade33486769ad87a8f3bd5608b9bfc38eda08,2026-09-18T10:40:22.090068+00:00,494595,366,Florian,Wirtz,Wirtz,14,Liverpool,LIV,Midfielder,a,False,7.3,6.5,4.3757,4.0125,4.5012,4.7036,2.9428,1.0,1.0,1.0,1.0,1.0,90.0,269.0,0.0,90.0,0.0,5.861359434803241,3.0,8.0,1.0,0.8,69.8,636.0,0.23207547169811324,0.1245283018867923,7.216981132075472,0.0,4.0,3.0,2.0,16.6461,2.2803,high,1.0,1.0,4,0,0,2.6,2.6,3.0,5-GW avg pts 2.60; mins 70; xGI 0.37; current GWs 4; fixture Elo diff -6,False,False,False,False,False,False,False,False,False,False,False,False,False,False,False,False,False,False,False,False,False,False,False,False,False,False,False,False,False,False,False,False
dd9b0c9710fd270123600531e17f3287ab6c9403,v2-form-workload-blend,d113ff8057aa6718889feec83e2ade33486769ad87a8f3bd5608b9bfc38eda08,2026-09-18T10:40:22.090068+00:00,154561,1,David,Raya Martín,Raya,3,Arsenal,ARS,Goalkeeper,a,False,6.0,41.0,3.8674,4.4024,4.3751,4.2431,3.8187,1.0,1.0,1.0,1.0,1.0,90.0,270.0,0.0,90.0,0.0,5.653026101469908,3.0,7.0,0.8,0.8,90.0,810.0,0.0,0.0022222222222222222,0.0,1.7777777777777777,,,,16.591,2.7652,high,1.0,1.0,4,0,0,5.8,5.8,7.2,5-GW avg pts 5.80; mins 72; xGI 0.00; current GWs 4; fixture Elo diff +229,False,False,False,False,False,False,False,False,False,False,False,False,False,False,False,False,False,False,False,False,False,False,False,False,False,False,False,False,False,False,False,False
dd9b0c9710fd270123600531e17f3287ab6c9403,v2-form-workload-blend,d113ff8057aa6718889feec83e2ade33486769ad87a8f3bd5608b9bfc38eda08,2026-09-18T10:40:22.090068+00:00,184029,15,Martin,Ødegaard,Ødegaard,3,Arsenal,ARS,Midfielder,a,False,6.8,19.7,3.9227,4.3592,3.9474,4.3544,3.9314,1.0,1.0,1.0,1.0,1.0,99.0,266.0,14.0,104.0,0.0,2.6530261014699077,4.0,9.0,0.8,0.8,76.25,598.0,0.18812709030100333,0.3070234113712374,6.321070234113712,0.0,3.0,,4.0,16.4108,2.4134,high,1.0,1.0,4,0,0,5.4,5.4,6.8,5-GW avg pts 5.40; mins 61; xGI 0.46; current GWs 4; fixture Elo diff +229,False,False,False,False,False,False,False,False,False,False,False,False,False,False,False,False,False,False,False,False,False,False,False,False,False,False,False,False,False,False,False,False
dd9b0c9710fd270123600531e17f3287ab6c9403,v2-form-workload-blend,d113ff8057aa6718889feec83e2ade33486769ad87a8f3bd5608b9bfc38eda08,2026-09-18T10:40:22.090068+00:00,204480,13,Declan,Rice,Rice,3,Arsenal,ARS,Midfielder,a,False,7.4,12.5,4.0047,4.2765,3.9548,4.1415,4.0026,1.0,1.0,1.0,1.0,1.0,81.0,261.0,0.0,90.0,0.0,5.653026101469908,3.0,6.0,0.8,0.8,80.25,744.0,0.012096774193548387,0.1439516129032258,10.403225806451612,0.0,,1.0,1.0,16.318,2.2051,high,1.0,1.0,4,0,0,3.8,3.8,4.8,5-GW avg pts 3.80; mins 64; xGI 0.15; current GWs 4; fixture Elo diff +229,False,False,False,False,False,False,False,False,False,False,False,False,False,False,False,False,False,False,False,False,False,False,False,False,False,False,False,False,False,False,False,False
dd9b0c9710fd270123600531e17f3287ab6c9403,v2-form-workload-blend,d113ff8057aa6718889feec83e2ade33486769ad87a8f3bd5608b9bfc38eda08,2026-09-18T10:40:22.090068+00:00,17761,229,James,Tarkowski,Tarkowski,11,Everton,EVE,Defender,a,False,6.1,13.9,4.9199,4.6972,3.9,2.4483,3.7099,1.0,1.0,1.0,1.0,1.0,90.0,180.0,0.0,0.0,0.0,5.757192768136574,2.0,8.0,1.0,1.0,90.0,900.0,0.06199999999999996,0.08099999999999999,9.1,0.0,,,,16.2072,2.6569,high,1.0,1.0,4,0,0,6.4,6.4,7.2,5-GW avg pts 6.40; mins 90; xGI 0.05; current GWs 4; fixture Elo diff +22,False,False,False,False,False,False,False,False,False,False,False,False,False,False,False,False,False,False,False,False,False,False,False,False,False,False,False,False,False,False,False,False
dd9b0c9710fd270123600531e17f3287ab6c9403,v2-form-workload-blend,d113ff8057aa6718889feec83e2ade33486769ad87a8f3bd5608b9bfc38eda08,2026-09-18T10:40:22.090068+00:00,494521,61,Adrien,Truffert,Truffert,91,Bournemouth,BOU,Defender,a,False,5.5,3.2,3.73,3.9282,4.6744,3.7082,4.2762,1.0,1.0,1.0,1.0,1.0,90.0,180.0,0.0,0.0,0.0,5.861359434803241,2.0,5.0,1.0,1.0,90.0,900.0,0.10100000000000002,0.08499999999999994,7.9,0.0,,,,16.1664,2.9393,high,1.0,1.0,4,0,0,2.8,2.8,2.0,5-GW avg pts 2.80; mins 90; xGI 0.09; current GWs 4; fixture Elo diff +34,False,False,False,False,False,False,False,False,False,False,False,False,False,False,False,False,False,False,False,False,False,False,False,False,False,False,False,False,False,False,False,False
dd9b0c9710fd270123600531e17f3287ab6c9403,v2-form-workload-blend,d113ff8057aa6718889feec83e2ade33486769ad87a8f3bd5608b9bfc38eda08,2026-09-18T10:40:22.090068+00:00,215413,236,Kiernan,Dewsbury-Hall,Dewsbury-Hall,11,Everton,EVE,Midfielder,a,False,6.5,5.7,4.5502,4.2753,4.1922,2.6704,4.009,1.0,1.0,1.0,1.0,1.0,180.0,270.0,90.0,90.0,0.0,1.6634427681365742,3.0,8.0,1.0,1.0,88.6,893.0,0.12698768197088459,0.1773796192609182,8.365061590145576,0.0,,2.0,,16.0264,2.4656,high,1.0,1.0,4,0,0,3.8,3.8,4.2,5-GW avg pts 3.80; mins 89; xGI 0.23; current GWs 4; fixture Elo diff +22,False,False,False,False,False,False,False,False,False,False,False,False,False,False,False,False,False,False,False,False,False,False,False,False,False,False,False,False,False,False,False,False
dd9b0c9710fd270123600531e17f3287ab6c9403,v2-form-workload-blend,d113ff8057aa6718889feec83e2ade33486769ad87a8f3bd5608b9bfc38eda08,2026-09-18T10:40:22.090068+00:00,480455,230,Jarrad,Branthwaite,Branthwaite,11,Everton,EVE,Defender,a,False,5.5,2.2,4.5482,4.4891,4.0866,2.5428,3.8993,1.0,1.0,1.0,1.0,1.0,90.0,180.0,0.0,0.0,0.0,5.757192768136574,2.0,6.0,0.8,0.8,90.0,446.0,0.03430493273542601,0.008071748878923767,10.291479820627803,0.0,,,,15.9771,2.9049,high,1.0,1.0,4,0,0,3.8,3.8,4.8,5-GW avg pts 3.80; mins 72; xGI 0.04; current GWs 4; fixture Elo diff +22,True,False,True,False,False,False,False,False,True,False,False,False,False,False,True,False,False,False,False,False,False,False,False,False,False,False,True,False,False,False,False,False
dd9b0c9710fd270123600531e17f3287ab6c9403,v2-form-workload-blend,d113ff8057aa6718889feec83e2ade33486769ad87a8f3bd5608b9bfc38eda08,2026-09-18T10:40:22.090068+00:00,201666,453,Harvey,Barnes,Barnes,4,Newcastle,NEW,Midfielder,a,False,6.0,3.6,3.9593,4.5897,3.4383,3.9026,3.9134,1.0,1.0,1.0,1.0,1.0,90.0,270.0,0.0,90.0,0.0,3.6530261014699077,3.0,11.0,1.0,0.8,81.0,644.0,0.1984472049689441,0.12857142857142856,5.170807453416149,0.0,,3.0,,15.9205,2.6534,high,1.0,1.0,4,0,0,4.0,4.0,4.8,5-GW avg pts 4.00; mins 81; xGI 0.20; current GWs 4; fixture Elo diff +93,False,False,False,False,False,False,False,False,False,False,False,False,False,False,False,False,False,False,False,False,False,False,False,False,False,False,False,False,False,False,False,False
dd9b0c9710fd270123600531e17f3287ab6c9403,v2-form-workload-blend,d113ff8057aa6718889feec83e2ade33486769ad87a8f3bd5608b9bfc38eda08,2026-09-18T10:40:22.090068+00:00,575476,472,Murillo,Costa dos Santos,Murillo,17,Nott'm Forest,NFO,Defender,a,False,5.5,2.1,4.6072,4.1067,2.626,4.5834,3.6456,1.0,1.0,1.0,1.0,1.0,90.0,179.0,0.0,0.0,0.0,5.861359434803241,2.0,6.0,0.8,0.8,89.75,400.0,0.07874999999999999,0.06524999999999999,10.8,0.0,,,2.0,15.7997,2.8727,high,1.0,1.0,4,0,0,3.8,3.8,4.8,5-GW avg pts 3.80; mins 72; xGI 0.13; current GWs 4; fixture Elo diff +21,False,False,False,False,False,False,False,False,False,False,False,False,False,False,False,False,False,False,False,False,False,False,False,False,False,False,False,False,False,False,False,False
dd9b0c9710fd270123600531e17f3287ab6c9403,v2-form-workload-blend,d113ff8057aa6718889feec83e2ade33486769ad87a8f3bd5608b9bfc38eda08,2026-09-18T10:40:22.090068+00:00,209036,388,Marc,Guéhi,Guéhi,43,Man City,MCI,Defender,a,False,6.0,18.5,4.4601,3.4108,4.4734,3.4108,3.6692,1.0,1.0,1.0,1.0,1.0,90.0,270.0,0.0,90.0,0.0,4.798859434803241,3.0,6.0,0.8,0.8,90.0,900.0,0.11299999999999998,0.06099999999999999,6.8,0.0,,,,15.6977,2.6163,high,1.0,1.0,4,0,0,5.2,5.2,6.5,5-GW avg pts 5.20; mins 72; xGI 0.25; current GWs 4; fixture Elo diff +161,False,False,False,False,False,False,False,False,False,False,False,False,False,False,False,False,False,False,False,False,False,False,False,False,False,False,False,False,False,False,False,False
dd9b0c9710fd270123600531e17f3287ab6c9403,v2-form-workload-blend,d113ff8057aa6718889feec83e2ade33486769ad87a8f3bd5608b9bfc38eda08,2026-09-18T10:40:22.090068+00:00,232928,239,James,Garner,Garner,11,Everton,EVE,Midfielder,a,False,6.0,0.2,4.3149,4.03,4.0281,2.7933,3.8569,1.0,1.0,1.0,1.0,1.0,180.0,257.0,90.0,90.0,0.0,1.6634427681365742,3.0,6.0,1.0,0.8,65.6,778.0,0.01966580976863753,0.15038560411311053,11.452442159383033,0.0,2.0,1.0,1.0,15.4338,2.5723,high,1.0,1.0,4,0,0,2.4,2.4,2.0,5-GW avg pts 2.40; mins 66; xGI 0.10; current GWs 4; fixture Elo diff +22,False,False,False,False,False,False,False,False,False,False,False,False,False,False,False,False,False,False,False,False,False,False,False,False,False,False,False,False,False,False,False,False
dd9b0c9710fd270123600531e17f3287ab6c9403,v2-form-workload-blend,d113ff8057aa6718889feec83e2ade33486769ad87a8f3bd5608b9bfc38eda08,2026-09-18T10:40:22.090068+00:00,171314,390,Rúben,dos Santos Gato Alves Dias,Rúben,43,Man City,MCI,Defender,a,False,5.5,1.9,4.0107,3.3821,4.8039,3.3821,3.5904,1.0,1.0,1.0,1.0,1.0,90.0,270.0,0.0,90.0,0.0,4.798859434803241,3.0,7.0,1.0,1.0,90.0,450.0,0.018,0.15200000000000002,5.0,0.0,,,,15.4195,2.8035,high,1.0,1.0,4,0,0,3.4,3.4,4.0,5-GW avg pts 3.40; mins 90; xGI 0.17; current GWs 4; fixture Elo diff +161,False,False,False,False,False,False,False,False,False,False,False,False,False,False,False,False,False,False,False,False,False,False,False,False,False,False,False,False,False,False,False,False
dd9b0c9710fd270123600531e17f3287ab6c9403,v2-form-workload-blend,d113ff8057aa6718889feec83e2ade33486769ad87a8f3bd5608b9bfc38eda08,2026-09-18T10:40:22.090068+00:00,570794,588,Anan,Khalaili,Khalaili,31,Crystal Palace,CRY,Defender,a,False,5.0,0.3,3.9036,3.8971,3.6355,3.7552,4.0901,1.0,1.0,1.0,1.0,1.0,90.0,180.0,0.0,0.0,0.0,5.861359434803241,2.0,4.0,1.0,0.75,72.25,289.0,0.29896193771626295,0.09653979238754323,11.833910034602075,0.0,,,,15.402,3.0804,high,0.8,0.8,4,0,0,3.25,3.25,3.2,5-GW avg pts 3.25; mins 72; xGI 0.32; current GWs 4; fixture Elo diff -11,False,False,False,False,False,False,False,False,False,False,False,False,False,False,False,False,False,False,False,False,False,False,False,False,False,False,False,False,False,False,False,False
dd9b0c9710fd270123600531e17f3287ab6c9403,v2-form-workload-blend,d113ff8057aa6718889feec83e2ade33486769ad87a8f3bd5608b9bfc38eda08,2026-09-18T10:40:22.090068+00:00,513545,565,Mamadou,Sangaré,M.Sangaré,94,Brentford,BRE,Midfielder,a,False,5.7,11.6,3.9603,3.5384,3.747,3.864,4.2152,1.0,1.0,1.0,1.0,1.0,135.0,180.0,45.0,45.0,0.0,2.6530261014699077,3.0,7.0,1.0,0.75,75.0,300.0,0.12299999999999997,0.19499999999999998,13.5,0.0,,,,15.3764,2.6976,high,0.8,0.8,4,0,0,5.5,5.5,5.5,5-GW avg pts 5.50; mins 75; xGI 0.27; current GWs 4; fixture Elo diff +33,False,False,False,False,False,False,False,False,False,False,False,False,False,False,False,False,False,False,False,False,False,False,False,False,False,False,False,False,False,False,False,False
dd9b0c9710fd270123600531e17f3287ab6c9403,v2-form-workload-blend,d113ff8057aa6718889feec83e2ade33486769ad87a8f3bd5608b9bfc38eda08,2026-09-18T10:40:22.090068+00:00,513418,94,Kevin,Schade,Schade,94,Brentford,BRE,Midfielder,a,False,6.1,6.8,3.7951,3.4431,3.4829,4.4996,4.1714,1.0,1.0,1.0,1.0,1.0,90.0,180.0,0.0,0.0,0.0,5.861359434803241,2.0,6.0,1.0,1.0,89.4,805.0,0.252670807453416,0.053664596273291856,5.701863354037267,0.0,2.0,,,15.3328,2.5136,high,1.0,1.0,4,0,0,7.4,7.4,7.5,5-GW avg pts 7.40; mins 89; xGI 0.44; current GWs 4; fixture Elo diff +33,False,False,False,False,False,False,False,False,False,False,False,False,False,False,False,False,False,False,False,False,False,False,False,False,False,False,False,False,False,False,False,False
dd9b0c9710fd270123600531e17f3287ab6c9403,v2-form-workload-blend,d113ff8057aa6718889feec83e2ade33486769ad87a8f3bd5608b9bfc38eda08,2026-09-18T10:40:22.090068+00:00,516895,432,Kobbie,Mainoo,Mainoo,1,Man Utd,MUN,Midfielder,a,False,5.5,1.6,3.8426,4.0498,3.9065,3.6567,3.5531,1.0,1.0,1.0,1.0,1.0,114.0,262.0,24.0,88.0,0.0,1.6530261014699075,4.0,7.0,1.0,0.8,73.0,815.0,0.05300613496932513,0.09496932515337422,12.257668711656441,0.0,,,,15.3042,2.7826,high,1.0,1.0,4,0,0,4.0,4.0,4.5,5-GW avg pts 4.00; mins 73; xGI 0.16; current GWs 4; fixture Elo diff +97,False,False,False,False,False,False,False,False,False,False,False,False,False,False,False,False,False,False,False,False,False,False,False,False,False,False,False,False,False,False,False,False
dd9b0c9710fd270123600531e17f3287ab6c9403,v2-form-workload-blend,d113ff8057aa6718889feec83e2ade33486769ad87a8f3bd5608b9bfc38eda08,2026-09-18T10:40:22.090068+00:00,215379,481,Elliot,Anderson,Anderson,43,Man City,MCI,Midfielder,a,False,6.3,4.2,3.9917,3.5479,4.1603,3.5479,3.7783,1.0,1.0,1.0,1.0,1.0,90.0,208.0,0.0,28.0,0.0,4.798859434803241,3.0,6.0,1.0,1.0,77.4,792.0,0.052272727272727255,0.20568181818181816,13.068181818181818,0.0,,3.0,,15.2636,2.4228,high,1.0,1.0,4,0,0,3.0,3.0,3.2,5-GW avg pts 3.00; mins 77; xGI 0.23; current GWs 4; fixture Elo diff +161,False,False,False,False,False,False,False,False,False,False,False,False,False,False,False,False,False,False,False,False,False,False,False,False,False,False,False,False,False,False,False,False
dd9b0c9710fd270123600531e17f3287ab6c9403,v2-form-workload-blend,d113ff8057aa6718889feec83e2ade33486769ad87a8f3bd5608b9bfc38eda08,2026-09-18T10:40:22.090068+00:00,503139,69,Alex,Scott,Scott,91,Bournemouth,BOU,Midfielder,a,False,6.1,5.8,3.5895,3.6495,4.2436,3.5381,4.0463,1.0,1.0,1.0,1.0,1.0,90.0,179.0,0.0,0.0,0.0,5.861359434803241,2.0,5.0,0.8,0.8,89.0,806.0,0.06699751861042179,0.16861042183622824,13.064516129032258,0.0,,2.0,4.0,15.1733,2.4874,high,1.0,1.0,4,0,0,5.6,5.6,7.0,5-GW avg pts 5.60; mins 71; xGI 0.17; current GWs 4; fixture Elo diff +34,False,False,False,False,False,False,False,False,False,False,False,False,False,False,False,False,False,False,False,False,False,False,False,False,False,False,False,False,False,False,False,False
dd9b0c9710fd270123600531e17f3287ab6c9403,v2-form-workload-blend,d113ff8057aa6718889feec83e2ade33486769ad87a8f3bd5608b9bfc38eda08,2026-09-18T10:40:22.090068+00:00,466525,335,Anton,Stach,Stach,2,Leeds,LEE,Midfielder,a,False,6.0,2.7,4.5234,2.5045,3.4447,4.7927,3.7868,1.0,1.0,1.0,1.0,1.0,88.0,202.0,0.0,24.0,0.0,3.6530261014699077,3.0,10.0,0.8,0.8,89.25,591.0,0.1979695431472081,0.06243654822335018,10.50761421319797,0.0,,1.0,1.0,15.1602,2.5267,high,1.0,1.0,4,0,0,4.4,4.4,5.5,5-GW avg pts 4.40; mins 71; xGI 0.23; current GWs 4; fixture Elo diff -81,False,False,False,False,False,False,False,False,False,False,False,False,False,False,False,False,False,False,False,False,False,False,False,False,False,False,False,False,False,False,False,False
dd9b0c9710fd270123600531e17f3287ab6c9403,v2-form-workload-blend,d113ff8057aa6718889feec83e2ade33486769ad87a8f3bd5608b9bfc38eda08,2026-09-18T10:40:22.090068+00:00,60307,124,Pascal,Groß,Groß,36,Brighton,BHA,Midfielder,a,False,5.7,20.0,2.7199,4.6331,4.57,3.8165,3.2161,1.0,1.0,1.0,1.0,1.0,180.0,270.0,90.0,90.0,0.0,1.6530261014699075,3.0,7.0,1.0,1.0,90.0,900.0,0.22699999999999995,0.197,6.0,0.0,1.0,1.0,1.0,15.147,2.6574,high,1.0,1.0,4,0,0,7.0,7.0,8.2,5-GW avg pts 7.00; mins 90; xGI 0.51; current GWs 4; fixture Elo diff -55,False,False,False,False,False,False,False,False,False,False,False,False,False,False,False,False,False,False,False,False,False,False,False,False,False,False,False,False,False,False,False,False
dd9b0c9710fd270123600531e17f3287ab6c9403,v2-form-workload-blend,d113ff8057aa6718889feec83e2ade33486769ad87a8f3bd5608b9bfc38eda08,2026-09-18T10:40:22.090068+00:00,444102,79,Francisco Evanilson,de Lima Barbosa,Evanilson,91,Bournemouth,BOU,Forward,a,False,6.0,3.3,3.7885,3.6054,4.0877,3.5445,3.9126,1.0,1.0,1.0,1.0,1.0,89.0,179.0,0.0,0.0,0.0,5.861359434803241,2.0,5.0,1.0,1.0,81.2,793.0,0.34274905422446417,0.09306431273644386,5.901639344262295,0.0,,,,15.1322,2.522,high,1.0,1.0,4,0,0,3.6,3.6,4.0,5-GW avg pts 3.60; mins 81; xGI 0.26; current GWs 4; fixture Elo diff +34,False,False,False,False,False,False,False,False,False,False,False,False,False,False,False,False,False,False,False,False,False,False,False,False,False,False,False,False,False,False,False,False
dd9b0c9710fd270123600531e17f3287ab6c9403,v2-form-workload-blend,d113ff8057aa6718889feec83e2ade33486769ad87a8f3bd5608b9bfc38eda08,2026-09-18T10:40:22.090068+00:00,487838,449,Lewis,Hall,Hall,4,Newcastle,NEW,Defender,a,False,5.2,14.5,4.138,4.3282,3.2951,3.4132,3.419,1.0,1.0,1.0,1.0,1.0,90.0,269.0,0.0,90.0,0.0,3.6530261014699077,3.0,10.0,1.0,1.0,89.8,696.0,0.028448275862068956,0.11896551724137924,7.629310344827586,0.0,,1.0,1.0,15.1102,2.9058,high,1.0,1.0,4,0,0,3.8,3.8,4.5,5-GW avg pts 3.80; mins 90; xGI 0.17; current GWs 4; fixture Elo diff +93,False,False,False,False,False,False,False,False,False,False,False,False,False,False,False,False,False,False,False,False,False,False,False,False,False,False,False,False,False,False,False,False
dd9b0c9710fd270123600531e17f3287ab6c9403,v2-form-workload-blend,d113ff8057aa6718889feec83e2ade33486769ad87a8f3bd5608b9bfc38eda08,2026-09-18T10:40:22.090068+00:00,204936,384,Gianluigi,Donnarumma,Donnarumma,43,Man City,MCI,Goalkeeper,a,False,5.5,7.8,4.1885,3.2788,4.3883,3.2788,3.5769,1.0,1.0,1.0,1.0,1.0,90.0,270.0,0.0,90.0,0.0,4.798859434803241,3.0,8.0,0.8,0.8,90.0,900.0,0.0,0.013000000000000001,0.0,2.1,,,,15.0914,2.7439,high,1.0,1.0,4,0,0,3.4,3.4,4.2,5-GW avg pts 3.40; mins 72; xGI 0.00; current GWs 4; fixture Elo diff +161,True,False,True,False,False,False,False,False,False,False,False,False,False,False,True,False,False,False,False,False,False,False,False,False,False,False,True,False,False,False,False,False
dd9b0c9710fd270123600531e17f3287ab6c9403,v2-form-workload-blend,d113ff8057aa6718889feec83e2ade33486769ad87a8f3bd5608b9bfc38eda08,2026-09-18T10:40:22.090068+00:00,483067,566,António João,Pereira de Albuquerque Tavares da Silva,Silva,91,Bournemouth,BOU,Defender,a,False,5.0,0.4,3.6565,3.6247,4.1187,3.6347,3.8718,1.0,1.0,1.0,1.0,1.0,90.0,262.0,0.0,82.0,0.0,5.861359434803241,3.0,5.0,1.0,1.0,90.0,360.0,0.2125,0.0675,10.25,0.0,,,,15.081,3.0162,high,0.8,0.8,4,0,0,2.5,2.5,2.5,5-GW avg pts 2.50; mins 90; xGI 0.28; current GWs 4; fixture Elo diff +34,False,False,False,False,False,False,False,False,False,False,False,False,False,False,False,False,False,False,False,False,False,False,False,False,False,False,False,False,False,False,False,False
dd9b0c9710fd270123600531e17f3287ab6c9403,v2-form-workload-blend,d113ff8057aa6718889feec83e2ade33486769ad87a8f3bd5608b9bfc38eda08,2026-09-18T10:40:22.090068+00:00,216646,464,Yoane,Wissa,Wissa,4,Newcastle,NEW,Forward,a,False,6.2,18.5,3.6274,4.274,3.3995,3.665,3.6972,1.0,1.0,1.0,1.0,1.0,90.0,246.0,0.0,66.0,0.0,3.6530261014699077,3.0,9.0,1.0,0.8,75.0,445.0,0.5440449438202247,0.012134831460674156,5.056179775280899,0.0,2.0,,,14.9774,2.4157,high,1.0,1.0,4,0,0,3.0,3.0,3.8,5-GW avg pts 3.00; mins 75; xGI 0.31; current GWs 4; fixture Elo diff +93,False,False,False,False,False,False,False,False,False,False,False,False,False,False,False,False,False,False,False,False,False,False,False,False,False,False,False,False,False,False,False,False
dd9b0c9710fd270123600531e17f3287ab6c9403,v2-form-workload-blend,d113ff8057aa6718889feec83e2ade33486769ad87a8f3bd5608b9bfc38eda08,2026-09-18T10:40:22.090068+00:00,153133,261,Alex,Iwobi,Iwobi,54,Fulham,FUL,Midfielder,a,False,5.4,0.7,3.3203,4.1478,3.9801,4.1513,2.9909,1.0,1.0,1.0,1.0,1.0,77.0,160.0,0.0,0.0,0.0,5.861359434803241,2.0,6.0,1.0,1.0,85.6,536.0,0.12257462686567165,0.19477611940298517,7.052238805970149,0.0,3.0,1.0,1.0,14.9379,2.7663,high,1.0,1.0,4,0,0,2.4,2.4,2.2,5-GW avg pts 2.40; mins 86; xGI 0.29; current GWs 4; fixture Elo diff +79,False,False,False,False,False,False,False,False,False,False,False,False,False,False,False,False,False,False,False,False,False,False,False,False,False,False,False,False,False,False,False,False
dd9b0c9710fd270123600531e17f3287ab6c9403,v2-form-workload-blend,d113ff8057aa6718889feec83e2ade33486769ad87a8f3bd5608b9bfc38eda08,2026-09-18T10:40:22.090068+00:00,220237,447,Sven,Botman,Botman,4,Newcastle,NEW,Defender,a,False,5.0,0.7,4.2559,4.5198,3.0438,3.1697,3.2023,1.0,1.0,1.0,1.0,1.0,90.0,270.0,0.0,90.0,0.0,3.6530261014699077,3.0,10.0,1.0,1.0,90.0,900.0,0.025,0.06599999999999999,12.5,0.0,,,,14.899,2.9798,high,1.0,1.0,4,0,0,2.8,2.8,2.8,5-GW avg pts 2.80; mins 90; xGI 0.04; current GWs 4; fixture Elo diff +93,False,True,False,False,False,True,False,False,False,False,False,True,False,False,False,False,False,False,False,False,False,False,False,True,False,False,False,False,False,True,False,False
dd9b0c9710fd270123600531e17f3287ab6c9403,v2-form-workload-blend,d113ff8057aa6718889feec83e2ade33486769ad87a8f3bd5608b9bfc38eda08,2026-09-18T10:40:22.090068+00:00,95658,418,Harry,Maguire,Maguire,1,Man Utd,MUN,Defender,a,False,4.9,9.8,3.7119,3.8513,3.848,3.5707,3.5312,1.0,1.0,1.0,1.0,1.0,90.0,180.0,0.0,0.0,0.0,4.798859434803241,2.0,9.0,1.0,1.0,90.0,810.0,0.055555555555555546,0.08222222222222221,8.777777777777779,0.0,,,,14.8747,3.0356,high,1.0,1.0,4,0,0,2.8,2.8,2.0,5-GW avg pts 2.80; mins 90; xGI 0.14; current GWs 4; fixture Elo diff +97,False,True,False,False,False,True,False,False,False,False,False,True,False,False,False,False,False,True,False,False,False,False,False,True,False,False,False,False,False,True,False,False
dd9b0c9710fd270123600531e17f3287ab6c9403,v2-form-workload-blend,d113ff8057aa6718889feec83e2ade33486769ad87a8f3bd5608b9bfc38eda08,2026-09-18T10:40:22.090068+00:00,122806,45,John,McGinn,McGinn,7,Aston Villa,AVL,Midfielder,a,False,5.4,2.2,3.9671,3.6381,3.623,3.3103,3.9551,1.0,1.0,1.0,1.0,1.0,154.0,334.0,64.0,154.0,0.0,1.6530261014699075,4.0,8.0,1.0,0.8,71.0,680.0,0.1389705882352941,0.2633823529411765,5.294117647058823,0.0,,2.0,,14.83,2.7463,high,1.0,1.0,4,0,0,2.4,2.4,2.8,5-GW avg pts 2.40; mins 71; xGI 0.21; current GWs 4; fixture Elo diff +74,False,False,False,False,False,False,False,False,False,False,False,False,False,False,False,False,False,False,False,False,False,False,False,False,False,False,False,False,False,False,False,False
dd9b0c9710fd270123600531e17f3287ab6c9403,v2-form-workload-blend,d113ff8057aa6718889feec83e2ade33486769ad87a8f3bd5608b9bfc38eda08,2026-09-18T10:40:22.090068+00:00,484420,542,Enzo,Le Fée,E.Le Fée,56,Sunderland,SUN,Midfielder,a,False,5.8,3.7,3.1938,3.5446,3.4599,3.948,4.8545,1.0,1.0,1.0,1.0,1.0,180.0,270.0,90.0,90.0,0.0,1.6530261014699075,3.0,6.0,1.0,1.0,87.6,888.0,0.27364864864864863,0.29493243243243245,8.006756756756756,0.0,2.0,1.0,3.0,14.8282,2.5566,high,1.0,1.0,4,0,0,3.6,3.6,3.2,5-GW avg pts 3.60; mins 88; xGI 0.72; current GWs 4; fixture Elo diff -93,False,False,False,False,False,False,False,False,False,False,False,False,False,False,False,False,False,False,False,False,False,False,False,False,False,False,False,False,False,False,False,False
dd9b0c9710fd270123600531e17f3287ab6c9403,v2-form-workload-blend,d113ff8057aa6718889feec83e2ade33486769ad87a8f3bd5608b9bfc38eda08,2026-09-18T10:40:22.090068+00:00,427623,202,Chris,Richards,Richards,31,Crystal Palace,CRY,Defender,a,False,5.0,0.6,3.7374,3.7713,3.5443,3.5007,3.8159,1.0,1.0,1.0,1.0,1.0,90.0,180.0,0.0,0.0,0.0,5.861359434803241,2.0,5.0,0.8,0.8,90.0,763.0,0.16041939711664482,0.021231979030144166,9.554390563564876,0.0,,,,14.7071,2.9414,high,1.0,1.0,4,0,0,1.2,1.2,1.5,5-GW avg pts 1.20; mins 72; xGI 0.03; current GWs 4; fixture Elo diff -11,False,False,False,False,False,False,False,False,False,False,False,False,False,False,False,False,False,False,False,False,False,False,False,False,False,False,False,False,False,False,False,False
dd9b0c9710fd270123600531e17f3287ab6c9403,v2-form-workload-blend,d113ff8057aa6718889feec83e2ade33486769ad87a8f3bd5608b9bfc38eda08,2026-09-18T10:40:22.090068+00:00,586309,249,Thierno,Barry,Barry,11,Everton,EVE,Forward,a,False,5.6,7.1,4.1274,3.8995,3.9279,2.3509,3.7989,1.0,1.0,1.0,1.0,1.0,148.0,238.0,58.0,58.0,0.0,1.6634427681365742,3.0,9.0,1.0,1.0,82.0,580.0,0.7789655172413792,0.031034482758620672,4.344827586206897,0.0,1.0,,,14.7043,2.6258,high,1.0,1.0,4,0,0,3.2,3.2,3.5,5-GW avg pts 3.20; mins 82; xGI 0.63; current GWs 4; fixture Elo diff +22,True,False,True,False,False,False,False,False,True,False,False,False,False,False,True,False,False,False,False,False,False,False,False,False,False,False,True,False,False,False,False,False
dd9b0c9710fd270123600531e17f3287ab6c9403,v2-form-workload-blend,d113ff8057aa6718889feec83e2ade33486769ad87a8f3bd5608b9bfc38eda08,2026-09-18T10:40:22.090068+00:00,463981,60,James,Hill,Hill,91,Bournemouth,BOU,Defender,a,False,5.5,0.8,3.4257,3.4581,4.3371,3.3963,3.8202,1.0,1.0,1.0,1.0,1.0,90.0,270.0,0.0,90.0,0.0,5.861359434803241,3.0,6.0,1.0,1.0,90.0,900.0,0.02199999999999999,0.08699999999999998,9.8,0.0,,,,14.6772,2.6686,high,1.0,1.0,4,0,0,2.2,2.2,2.0,5-GW avg pts 2.20; mins 90; xGI 0.16; current GWs 4; fixture Elo diff +34,False,False,False,False,False,False,False,False,False,False,False,False,False,False,False,False,False,False,False,False,False,False,False,False,False,False,False,False,False,False,False,False
dd9b0c9710fd270123600531e17f3287ab6c9403,v2-form-workload-blend,d113ff8057aa6718889feec83e2ade33486769ad87a8f3bd5608b9bfc38eda08,2026-09-18T10:40:22.090068+00:00,466075,8,Riccardo,Calafiori,Calafiori,3,Arsenal,ARS,Defender,a,False,5.8,50.2,3.4799,3.9441,3.6558,3.8063,3.4197,1.0,1.0,1.0,1.0,1.0,90.0,157.0,0.0,0.0,0.0,5.653026101469908,2.0,9.0,1.0,0.8,74.2,577.0,0.16221837088388208,0.13414211438474868,3.119584055459272,0.0,,,,14.6704,2.5294,high,1.0,1.0,4,0,0,5.8,5.8,7.0,5-GW avg pts 5.80; mins 74; xGI 0.26; current GWs 4; fixture Elo diff +229,False,False,False,False,False,False,False,False,False,False,False,False,False,False,False,False,False,False,False,False,False,False,False,False,False,False,False,False,False,False,False,False
dd9b0c9710fd270123600531e17f3287ab6c9403,v2-form-workload-blend,d113ff8057aa6718889feec83e2ade33486769ad87a8f3bd5608b9bfc38eda08,2026-09-18T10:40:22.090068+00:00,232892,257,Calvin,Bassey,Bassey,54,Fulham,FUL,Defender,a,False,4.5,0.7,3.0646,4.2034,3.8318,4.4278,2.7166,1.0,1.0,1.0,1.0,1.0,90.0,180.0,0.0,0.0,0.0,5.861359434803241,2.0,7.0,1.0,1.0,90.0,900.0,0.014000000000000002,0.014999999999999968,5.2,0.0,,,,14.6426,3.2539,high,1.0,1.0,4,0,0,3.0,3.0,2.2,5-GW avg pts 3.00; mins 90; xGI 0.03; current GWs 4; fixture Elo diff +79,True,False,False,False,False,False,False,False,True,False,False,False,False,False,True,False,False,False,False,False,True,False,False,False,False,False,False,False,False,False,False,False
dd9b0c9710fd270123600531e17f3287ab6c9403,v2-form-workload-blend,d113ff8057aa6718889feec83e2ade33486769ad87a8f3bd5608b9bfc38eda08,2026-09-18T10:40:22.090068+00:00,204580,98,Vitaly,Janelt,Janelt,94,Brentford,BRE,Midfielder,a,False,5.0,2.5,3.5486,3.3225,3.3407,4.4585,3.8321,1.0,1.0,1.0,1.0,1.0,90.0,180.0,0.0,0.0,0.0,5.861359434803241,2.0,6.0,1.0,1.0,90.0,541.0,0.0831792975970425,0.13142329020332716,12.310536044362292,0.0,,3.0,,14.6316,2.9263,high,1.0,1.0,4,0,0,5.2,5.2,6.2,5-GW avg pts 5.20; mins 90; xGI 0.22; current GWs 4; fixture Elo diff +33,False,False,False,False,False,False,False,False,False,False,False,False,False,False,False,False,False,False,False,False,False,False,False,False,False,False,False,False,False,False,False,False
dd9b0c9710fd270123600531e17f3287ab6c9403,v2-form-workload-blend,d113ff8057aa6718889feec83e2ade33486769ad87a8f3bd5608b9bfc38eda08,2026-09-18T10:40:22.090068+00:00,201658,68,Marcus,Tavernier,Tavernier,91,Bournemouth,BOU,Midfielder,a,False,6.1,6.0,3.5626,3.5773,3.8866,3.484,3.655,1.0,1.0,1.0,1.0,1.0,83.0,184.0,0.0,12.0,0.0,5.861359434803241,3.0,6.0,1.0,1.0,88.0,870.0,0.36620689655172417,0.22551724137931026,8.275862068965518,0.0,3.0,1.0,1.0,14.5232,2.3808,high,1.0,1.0,4,0,0,7.8,7.8,7.2,5-GW avg pts 7.80; mins 88; xGI 0.58; current GWs 4; fixture Elo diff +34,False,False,False,False,False,False,False,False,False,False,False,False,False,False,False,False,False,False,False,False,False,False,False,False,False,False,False,False,False,False,False,False
dd9b0c9710fd270123600531e17f3287ab6c9403,v2-form-workload-blend,d113ff8057aa6718889feec83e2ade33486769ad87a8f3bd5608b9bfc38eda08,2026-09-18T10:40:22.090068+00:00,551466,569,Gonzalo,García,Gonzalo,54,Fulham,FUL,Forward,a,False,6.0,3.6,3.473,3.7112,3.716,4.0684,3.1486,1.0,1.0,1.0,1.0,1.0,99.0,189.0,22.0,22.0,0.0,2.663442768136574,3.0,8.0,1.0,1.0,86.5,346.0,0.42658959537572244,0.06502890173410404,4.161849710982659,0.0,1.0,,,14.523,2.4205,high,0.8,0.8,4,0,0,3.0,3.0,3.0,5-GW avg pts 3.00; mins 86; xGI 0.47; current GWs 4; fixture Elo diff +79,False,False,False,False,False,False,False,False,False,False,False,False,False,False,False,False,False,False,False,False,False,False,False,False,False,False,False,False,False,False,False,False
dd9b0c9710fd270123600531e17f3287ab6c9403,v2-form-workload-blend,d113ff8057aa6718889feec83e2ade33486769ad87a8f3bd5608b9bfc38eda08,2026-09-18T10:40:22.090068+00:00,577725,268,Josh,King,King,54,Fulham,FUL,Midfielder,a,False,5.5,1.7,3.4022,3.756,3.6869,3.937,3.1109,1.0,1.0,1.0,1.0,1.0,98.0,188.0,21.0,21.0,0.0,2.663442768136574,3.0,5.0,1.0,0.8,72.8,464.0,0.2540948275862069,0.10862068965517238,6.594827586206897,0.0,,,,14.3545,2.6099,high,1.0,1.0,4,0,0,4.6,4.6,5.5,5-GW avg pts 4.60; mins 73; xGI 0.34; current GWs 4; fixture Elo diff +79,False,False,False,False,False,False,False,False,False,False,False,False,False,False,False,False,False,False,False,False,False,False,False,False,False,False,False,False,False,False,False,False
dd9b0c9710fd270123600531e17f3287ab6c9403,v2-form-workload-blend,d113ff8057aa6718889feec83e2ade33486769ad87a8f3bd5608b9bfc38eda08,2026-09-18T10:40:22.090068+00:00,111234,226,Jordan,Pickford,Pickford,11,Everton,EVE,Goalkeeper,a,False,5.5,9.0,4.2864,3.8992,3.4102,2.5784,3.3527,1.0,1.0,1.0,1.0,1.0,180.0,270.0,90.0,90.0,0.0,1.6634427681365742,3.0,7.0,1.0,1.0,90.0,900.0,0.0,0.007000000000000001,0.0,2.3,,,,14.3404,2.6073,high,1.0,1.0,4,0,0,3.8,3.8,4.2,5-GW avg pts 3.80; mins 90; xGI 0.01; current GWs 4; fixture Elo diff +22,False,False,False,False,False,False,False,False,False,False,False,False,False,False,False,False,False,False,False,False,False,False,False,False,False,False,False,False,False,False,False,False
dd9b0c9710fd270123600531e17f3287ab6c9403,v2-form-workload-blend,d113ff8057aa6718889feec83e2ade33486769ad87a8f3bd5608b9bfc38eda08,2026-09-18T10:40:22.090068+00:00,169528,254,Antonee,Robinson,Robinson,54,Fulham,FUL,Defender,a,False,4.5,1.4,3.2431,3.8455,3.7096,4.1419,2.8092,1.0,1.0,1.0,1.0,1.0,180.0,259.0,90.0,90.0,0.0,2.663442768136574,3.0,7.0,1.0,1.0,85.8,717.0,0.13933054393305438,0.05774058577405852,7.154811715481172,0.0,2.0,,,14.2566,3.1681,high,1.0,1.0,4,0,0,3.2,3.2,2.5,5-GW avg pts 3.20; mins 86; xGI 0.12; current GWs 4; fixture Elo diff +79,True,False,False,False,False,False,False,False,False,False,False,False,False,False,True,False,False,False,False,False,True,False,False,False,False,False,False,False,False,False,False,False
dd9b0c9710fd270123600531e17f3287ab6c9403,v2-form-workload-blend,d113ff8057aa6718889feec83e2ade33486769ad87a8f3bd5608b9bfc38eda08,2026-09-18T10:40:22.090068+00:00,204561,558,Xaver,Schlager,Schlager,17,Nott'm Forest,NFO,Midfielder,a,False,5.0,0.1,4.2033,3.4714,2.5718,4.0625,3.3547,1.0,1.0,1.0,1.0,1.0,90.0,180.0,0.0,0.0,0.0,5.861359434803241,2.0,6.0,1.0,0.75,71.5,286.0,0.04405594405594406,0.025174825174825177,13.216783216783217,0.0,,3.0,,14.2416,2.8483,high,0.8,0.8,4,0,0,2.75,2.75,2.8,5-GW avg pts 2.75; mins 72; xGI 0.05; current GWs 4; fixture Elo diff +21,False,False,False,False,False,False,False,False,False,False,False,False,False,False,False,False,False,False,False,False,False,False,False,False,False,False,False,False,False,False,False,False
dd9b0c9710fd270123600531e17f3287ab6c9403,v2-form-workload-blend,d113ff8057aa6718889feec83e2ade33486769ad87a8f3bd5608b9bfc38eda08,2026-09-18T10:40:22.090068+00:00,84450,544,Granit,Xhaka,Xhaka,56,Sunderland,SUN,Midfielder,a,False,5.5,3.9,2.9334,3.4145,3.3573,3.9753,4.5578,1.0,1.0,1.0,1.0,1.0,180.0,270.0,90.0,90.0,0.0,1.6530261014699075,3.0,5.0,1.0,1.0,90.0,900.0,0.02399999999999999,0.21999999999999995,11.1,0.0,,2.0,2.0,14.2096,2.5836,high,1.0,1.0,4,0,0,4.0,4.0,4.8,5-GW avg pts 4.00; mins 90; xGI 0.25; current GWs 4; fixture Elo diff -93,False,False,False,False,False,False,False,False,False,False,False,False,False,False,False,False,False,False,False,False,False,False,False,False,False,False,False,False,False,False,False,False
dd9b0c9710fd270123600531e17f3287ab6c9403,v2-form-workload-blend,d113ff8057aa6718889feec83e2ade33486769ad87a8f3bd5608b9bfc38eda08,2026-09-18T10:40:22.090068+00:00,439509,557,Christos,Tzolis,Tzolis,3,Arsenal,ARS,Midfielder,a,False,6.4,14.1,3.3884,3.7935,3.4975,3.6789,3.3554,1.0,1.0,1.0,1.0,1.0,95.0,209.0,14.0,38.0,0.0,2.6530261014699077,4.0,11.0,1.0,0.75,72.5,290.0,0.058965517241379314,0.14896551724137924,6.206896551724138,0.0,,3.0,,14.189,2.217,high,0.8,0.8,4,0,0,3.5,3.5,3.5,5-GW avg pts 3.50; mins 72; xGI 0.17; current GWs 4; fixture Elo diff +229,False,False,False,False,False,False,False,False,False,False,False,False,False,False,False,False,False,False,False,False,False,False,False,False,False,False,False,False,False,False,False,False
dd9b0c9710fd270123600531e17f3287ab6c9403,v2-form-workload-blend,d113ff8057aa6718889feec83e2ade33486769ad87a8f3bd5608b9bfc38eda08,2026-09-18T10:40:22.090068+00:00,470551,567,Lukás,Hornícek,Horníček,4,Newcastle,NEW,Goalkeeper,a,False,5.0,1.5,3.9637,4.1996,2.9864,3.0642,3.1043,1.0,1.0,1.0,1.0,1.0,90.0,270.0,0.0,90.0,0.0,3.6530261014699077,3.0,8.0,1.0,1.0,90.0,360.0,0.0,0.0,0.0,4.0,,,,14.1399,2.828,high,0.8,0.8,4,0,0,2.75,2.75,2.8,5-GW avg pts 2.75; mins 90; xGI 0.00; current GWs 4; fixture Elo diff +93,False,False,False,False,False,False,False,False,False,False,False,False,False,False,False,False,False,False,False,False,False,False,False,False,False,False,False,False,False,False,False,False
dd9b0c9710fd270123600531e17f3287ab6c9403,v2-form-workload-blend,d113ff8057aa6718889feec83e2ade33486769ad87a8f3bd5608b9bfc38eda08,2026-09-18T10:40:22.090068+00:00,477424,391,Joško,Gvardiol,Gvardiol,43,Man City,MCI,Defender,a,False,5.7,24.6,3.7028,3.218,4.0275,3.218,3.4273,1.0,1.0,1.0,1.0,1.0,90.0,228.0,0.0,48.0,0.0,4.798859434803241,3.0,8.0,1.0,0.8,71.2,413.0,0.061016949152542355,0.037046004842614964,6.101694915254237,0.0,,,,14.13,2.4789,high,1.0,1.0,4,0,0,6.8,6.8,8.2,5-GW avg pts 6.80; mins 71; xGI 0.07; current GWs 4; fixture Elo diff +161,False,False,False,False,False,False,False,False,False,False,False,False,False,False,False,False,False,False,False,False,False,False,False,False,False,False,False,False,False,False,False,False
dd9b0c9710fd270123600531e17f3287ab6c9403,v2-form-workload-blend,d113ff8057aa6718889feec83e2ade33486769ad87a8f3bd5608b9bfc38eda08,2026-09-18T10:40:22.090068+00:00,465642,445,Malick,Thiaw,Thiaw,4,Newcastle,NEW,Defender,a,False,5.0,2.2,3.9719,4.2118,2.9462,3.0586,3.0912,1.0,1.0,1.0,1.0,1.0,90.0,180.0,0.0,0.0,0.0,3.6530261014699077,2.0,8.0,1.0,1.0,90.0,900.0,0.10599999999999996,0.012999999999999984,7.2,0.0,,,,14.1152,2.823,high,1.0,1.0,4,0,0,2.2,2.2,2.5,5-GW avg pts 2.20; mins 90; xGI 0.02; current GWs 4; fixture Elo diff +93,False,False,False,False,False,False,False,False,False,False,False,False,False,False,False,False,False,False,False,False,False,False,False,False,False,False,False,False,False,False,False,False
dd9b0c9710fd270123600531e17f3287ab6c9403,v2-form-workload-blend,d113ff8057aa6718889feec83e2ade33486769ad87a8f3bd5608b9bfc38eda08,2026-09-18T10:40:22.090068+00:00,215136,469,Neco,Williams,N.Williams,17,Nott'm Forest,NFO,Defender,a,False,5.0,9.0,4.0937,3.6022,2.2717,4.074,3.4869,1.0,1.0,1.0,1.0,1.0,90.0,180.0,0.0,0.0,0.0,5.861359434803241,2.0,6.0,1.0,1.0,90.0,855.0,0.05578947368421048,0.08,7.2631578947368425,0.0,,2.0,3.0,14.097,2.8194,high,1.0,1.0,4,0,0,3.8,3.8,4.2,5-GW avg pts 3.80; mins 90; xGI 0.17; current GWs 4; fixture Elo diff +21,False,False,False,False,False,False,False,False,False,False,False,False,False,False,False,False,False,False,False,False,False,False,False,False,False,False,False,False,False,False,False,False
dd9b0c9710fd270123600531e17f3287ab6c9403,v2-form-workload-blend,d113ff8057aa6718889feec83e2ade33486769ad87a8f3bd5608b9bfc38eda08,2026-09-18T10:40:22.090068+00:00,80201,250,Bernd,Leno,Leno,54,Fulham,FUL,Goalkeeper,a,False,4.5,3.1,2.8136,4.0417,3.707,4.2276,2.5504,1.0,1.0,1.0,1.0,1.0,90.0,180.0,0.0,0.0,0.0,5.861359434803241,2.0,6.0,1.0,1.0,90.0,900.0,0.0,0.002,0.0,2.9,,,,13.9063,3.0903,high,1.0,1.0,4,0,0,4.2,4.2,3.8,5-GW avg pts 4.20; mins 90; xGI 0.00; current GWs 4; fixture Elo diff +79,True,True,False,False,False,True,False,False,True,False,False,True,False,False,False,False,False,True,False,False,True,False,False,True,False,False,False,False,False,True,False,False
dd9b0c9710fd270123600531e17f3287ab6c9403,v2-form-workload-blend,d113ff8057aa6718889feec83e2ade33486769ad87a8f3bd5608b9bfc38eda08,2026-09-18T10:40:22.090068+00:00,108416,277,John,Egan,Egan,88,Hull City,HUL,Defender,a,False,4.1,6.9,3.269,3.5935,3.3516,3.5315,3.738,1.0,1.0,1.0,1.0,1.0,90.0,225.0,0.0,45.0,0.0,5.861359434803241,3.0,6.0,1.0,1.0,90.0,360.0,0.01,0.0,13.75,0.0,,,,13.8993,3.3901,high,0.8,0.8,4,0,0,6.25,6.25,6.2,5-GW avg pts 6.25; mins 90; xGI 0.01; current GWs 4; fixture Elo diff -253,False,False,False,False,False,False,False,False,False,False,False,False,False,False,False,False,False,False,False,False,False,False,False,False,False,False,False,False,False,False,False,False
dd9b0c9710fd270123600531e17f3287ab6c9403,v2-form-workload-blend,d113ff8057aa6718889feec83e2ade33486769ad87a8f3bd5608b9bfc38eda08,2026-09-18T10:40:22.090068+00:00,199598,338,Ethan,Ampadu,Ampadu,2,Leeds,LEE,Midfielder,a,False,5.4,1.0,3.9261,2.5252,3.252,4.1522,3.548,1.0,1.0,1.0,1.0,1.0,90.0,270.0,0.0,90.0,0.0,3.6530261014699077,3.0,10.0,1.0,1.0,90.0,900.0,0.068,0.02900000000000001,11.0,0.0,,,,13.8357,2.5622,high,1.0,1.0,4,0,0,3.8,3.8,4.0,5-GW avg pts 3.80; mins 90; xGI 0.05; current GWs 4; fixture Elo diff -81,False,False,False,False,False,False,False,False,False,False,False,False,False,False,False,False,False,False,False,False,False,False,False,False,False,False,False,False,False,False,False,False
dd9b0c9710fd270123600531e17f3287ab6c9403,v2-form-workload-blend,d113ff8057aa6718889feec83e2ade33486769ad87a8f3bd5608b9bfc38eda08,2026-09-18T10:40:22.090068+00:00,221820,419,Lisandro,Martínez,Martinez,1,Man Utd,MUN,Defender,a,False,5.0,1.3,3.4485,3.5588,3.5712,3.2866,3.2226,1.0,1.0,1.0,1.0,1.0,90.0,270.0,0.0,90.0,0.0,4.798859434803241,3.0,5.0,0.8,0.8,90.0,540.0,0.025,0.029999999999999978,6.833333333333333,0.0,,,,13.7425,2.7485,high,1.0,1.0,4,0,0,2.4,2.4,1.5,5-GW avg pts 2.40; mins 72; xGI 0.04; current GWs 4; fixture Elo diff +97,False,False,False,False,False,False,False,False,False,False,False,False,False,False,False,False,False,False,False,False,False,False,False,False,False,False,False,False,False,False,False,False
dd9b0c9710fd270123600531e17f3287ab6c9403,v2-form-workload-blend,d113ff8057aa6718889feec83e2ade33486769ad87a8f3bd5608b9bfc38eda08,2026-09-18T10:40:22.090068+00:00,450063,644,Quinten,Timber,Timber,31,Crystal Palace,CRY,Midfielder,a,False,5.0,0.0,3.4138,3.4906,3.2952,3.4224,3.4696,1.0,1.0,1.0,1.0,1.0,90.0,223.0,0.0,59.0,0.0,5.861359434803241,3.0,3.0,1.0,1.0,81.5,163.0,,,,,,,,13.669,2.7338,low,0.4,0.4,2,0,0,3.0,3.0,3.0,5-GW avg pts 3.00; mins 82; xGI 0.07; current GWs 2; fixture Elo diff -11,False,False,False,False,False,False,False,False,False,False,False,False,False,False,False,False,False,False,False,False,False,False,False,False,False,False,False,False,False,False,False,False
dd9b0c9710fd270123600531e17f3287ab6c9403,v2-form-workload-blend,d113ff8057aa6718889feec83e2ade33486769ad87a8f3bd5608b9bfc38eda08,2026-09-18T10:40:22.090068+00:00,465247,412,Senne,Lammens,Lammens,1,Man Utd,MUN,Goalkeeper,a,False,4.9,10.5,3.3609,3.6043,3.576,3.2684,3.1577,1.0,1.0,1.0,1.0,1.0,90.0,270.0,0.0,90.0,0.0,4.798859434803241,3.0,7.0,1.0,1.0,90.0,900.0,0.0,0.0,0.0,2.9,,,,13.6482,2.7853,high,1.0,1.0,4,0,0,2.6,2.6,1.8,5-GW avg pts 2.60; mins 90; xGI 0.00; current GWs 4; fixture Elo diff +97,False,False,False,False,False,False,False,False,False,False,False,False,False,False,False,False,False,False,False,False,False,False,False,False,False,False,False,False,False,False,False,False
dd9b0c9710fd270123600531e17f3287ab6c9403,v2-form-workload-blend,d113ff8057aa6718889feec83e2ade33486769ad87a8f3bd5608b9bfc38eda08,2026-09-18T10:40:22.090068+00:00,243413,290,Regan,Slater,Slater,88,Hull City,HUL,Midfielder,a,False,4.5,5.5,3.2533,3.4707,3.3985,3.4018,3.6133,1.0,1.0,1.0,1.0,1.0,90.0,210.0,0.0,30.0,0.0,5.861359434803241,3.0,8.0,1.0,1.0,90.0,360.0,0.02,0.14,7.5,0.0,,1.0,,13.645,3.0322,high,0.8,0.8,4,0,0,3.25,3.25,3.2,5-GW avg pts 3.25; mins 90; xGI 0.16; current GWs 4; fixture Elo diff -253,False,False,False,False,False,False,False,False,False,False,False,False,False,False,False,False,False,False,False,False,False,False,False,False,False,False,False,False,False,False,False,False
dd9b0c9710fd270123600531e17f3287ab6c9403,v2-form-workload-blend,d113ff8057aa6718889feec83e2ade33486769ad87a8f3bd5608b9bfc38eda08,2026-09-18T10:40:22.090068+00:00,200834,533,Nordi,Mukiele,Mukiele,56,Sunderland,SUN,Defender,a,False,5.4,2.0,2.7594,3.21,3.1457,3.7728,4.5947,1.0,1.0,1.0,1.0,1.0,180.0,270.0,90.0,90.0,0.0,1.6530261014699075,3.0,5.0,0.8,0.8,90.0,810.0,0.11555555555555554,0.06999999999999997,9.11111111111111,0.0,,,,13.5627,2.5116,high,1.0,1.0,4,0,0,3.4,3.4,3.2,5-GW avg pts 3.40; mins 72; xGI 0.24; current GWs 4; fixture Elo diff -93,False,False,False,False,False,False,False,False,False,False,False,False,False,False,False,False,False,False,False,False,False,False,False,False,False,False,False,False,False,False,False,False
dd9b0c9710fd270123600531e17f3287ab6c9403,v2-form-workload-blend,d113ff8057aa6718889feec83e2ade33486769ad87a8f3bd5608b9bfc38eda08,2026-09-18T10:40:22.090068+00:00,432714,486,James,McAtee,McAtee,17,Nott'm Forest,NFO,Midfielder,a,False,5.5,0.1,4.0389,3.3215,2.2626,3.9128,3.2395,1.0,1.0,1.0,1.0,1.0,82.0,172.0,0.0,0.0,0.0,5.861359434803241,2.0,5.0,1.0,0.8,69.2,449.0,0.0641425389755011,0.22249443207126948,10.824053452115812,0.0,,1.0,,13.521,2.4584,high,1.0,1.0,4,0,0,2.2,2.2,2.5,5-GW avg pts 2.20; mins 69; xGI 0.22; current GWs 4; fixture Elo diff +21,False,False,False,False,False,False,False,False,False,False,False,False,False,False,False,False,False,False,False,False,False,False,False,False,False,False,False,False,False,False,False,False
dd9b0c9710fd270123600531e17f3287ab6c9403,v2-form-workload-blend,d113ff8057aa6718889feec83e2ade33486769ad87a8f3bd5608b9bfc38eda08,2026-09-18T10:40:22.090068+00:00,455084,305,Leif,Davis,Davis,40,Ipswich Town,IPS,Defender,a,False,4.0,6.5,3.278,3.524,2.7053,3.524,4.0272,1.0,1.0,1.0,1.0,1.0,112.0,202.0,22.0,22.0,0.0,2.6530261014699077,3.0,8.0,1.0,1.0,90.0,360.0,0.2925,0.11,4.75,0.0,,,2.0,13.4969,3.3742,high,0.8,0.8,4,0,0,5.75,5.75,5.8,5-GW avg pts 5.75; mins 90; xGI 0.40; current GWs 4; fixture Elo diff -148,True,False,True,False,False,False,False,False,False,False,False,False,False,False,False,False,False,False,False,False,True,False,False,False,False,False,True,False,False,False,False,False
dd9b0c9710fd270123600531e17f3287ab6c9403,v2-form-workload-blend,d113ff8057aa6718889feec83e2ade33486769ad87a8f3bd5608b9bfc38eda08,2026-09-18T10:40:22.090068+00:00,463034,167,Liam,Delap,Delap,17,Nott'm Forest,NFO,Forward,a,False,5.5,2.0,3.9033,3.4219,2.5051,3.4738,3.3116,1.0,1.0,1.0,1.0,1.0,89.0,163.0,0.0,0.0,0.0,5.861359434803241,2.0,5.0,0.8,0.4,48.0,486.0,0.24629629629629626,0.031481481481481464,3.1481481481481484,0.0,3.0,,,13.4057,2.4374,high,1.0,1.0,4,0,0,1.8,1.8,2.0,5-GW avg pts 1.80; mins 38; xGI 0.18; current GWs 4; fixture Elo diff +21,False,False,False,False,False,False,False,False,False,False,False,False,False,False,False,False,False,False,False,False,False,False,False,False,False,False,False,False,False,False,False,False
dd9b0c9710fd270123600531e17f3287ab6c9403,v2-form-workload-blend,d113ff8057aa6718889feec83e2ade33486769ad87a8f3bd5608b9bfc38eda08,2026-09-18T10:40:22.090068+00:00,247632,156,Pedro,Lomba Neto,Neto,8,Chelsea,CHE,Midfielder,a,False,6.5,1.4,3.3641,3.2951,3.377,3.4062,3.2361,1.0,1.0,1.0,1.0,1.0,86.0,212.0,0.0,45.0,0.0,5.861359434803241,3.0,8.0,1.0,0.8,62.0,578.0,0.1136678200692041,0.23823529411764705,5.13840830449827,0.0,,2.0,3.0,13.3573,2.055,high,1.0,1.0,4,0,0,3.6,3.6,3.0,5-GW avg pts 3.60; mins 62; xGI 0.23; current GWs 4; fixture Elo diff -10,False,False,False,False,False,False,False,False,False,False,False,False,False,False,False,False,False,False,False,False,False,False,False,False,False,False,False,False,False,False,False,False
dd9b0c9710fd270123600531e17f3287ab6c9403,v2-form-workload-blend,d113ff8057aa6718889feec83e2ade33486769ad87a8f3bd5608b9bfc38eda08,2026-09-18T10:40:22.090068+00:00,85633,467,Matz,Sels,Sels,17,Nott'm Forest,NFO,Goalkeeper,a,False,5.0,1.7,3.9907,3.1452,2.3164,4.0617,3.0625,1.0,1.0,1.0,1.0,1.0,90.0,180.0,0.0,0.0,0.0,5.861359434803241,2.0,6.0,1.0,1.0,90.0,900.0,0.0,0.001,0.0,3.2,,,,13.3553,2.6711,high,1.0,1.0,4,0,0,3.0,3.0,3.0,5-GW avg pts 3.00; mins 90; xGI 0.00; current GWs 4; fixture Elo diff +21,False,False,False,False,False,False,False,False,False,False,False,False,False,False,False,False,False,False,False,False,False,False,False,False,False,False,False,False,False,False,False,False
dd9b0c9710fd270123600531e17f3287ab6c9403,v2-form-workload-blend,d113ff8057aa6718889feec83e2ade33486769ad87a8f3bd5608b9bfc38eda08,2026-09-18T10:40:22.090068+00:00,216051,417,Diogo,Dalot Teixeira,Dalot,1,Man Utd,MUN,Defender,a,False,4.9,1.7,3.2959,3.4783,3.4408,3.2372,3.1259,1.0,1.0,1.0,1.0,1.0,180.0,264.0,90.0,90.0,0.0,1.6530261014699075,3.0,8.0,0.8,0.6,64.0,616.0,0.07889610389610385,0.05259740259740254,6.282467532467533,0.0,,,,13.3207,2.7185,high,1.0,1.0,4,0,0,1.2,1.2,1.5,5-GW avg pts 1.20; mins 51; xGI 0.07; current GWs 4; fixture Elo diff +97,False,False,False,False,False,False,False,False,False,False,False,False,False,False,False,False,False,False,False,False,False,False,False,False,False,False,False,False,False,False,False,False
dd9b0c9710fd270123600531e17f3287ab6c9403,v2-form-workload-blend,d113ff8057aa6718889feec83e2ade33486769ad87a8f3bd5608b9bfc38eda08,2026-09-18T10:40:22.090068+00:00,499604,67,Rayan Vitor,Simplício Rocha,Rayan,91,Bournemouth,BOU,Midfielder,a,False,6.4,1.7,3.2791,3.2694,3.5435,3.1958,3.3582,1.0,1.0,1.0,1.0,1.0,82.0,183.0,0.0,12.0,0.0,5.861359434803241,3.0,6.0,1.0,1.0,83.8,765.0,0.26352941176470585,0.0752941176470588,5.882352941176471,0.0,,,,13.3083,2.0794,high,1.0,1.0,4,0,0,2.0,2.0,2.0,5-GW avg pts 2.00; mins 84; xGI 0.21; current GWs 4; fixture Elo diff +34,False,False,False,False,False,False,False,False,False,False,False,False,False,False,False,False,False,False,False,False,False,False,False,False,False,False,False,False,False,False,False,False
dd9b0c9710fd270123600531e17f3287ab6c9403,v2-form-workload-blend,d113ff8057aa6718889feec83e2ade33486769ad87a8f3bd5608b9bfc38eda08,2026-09-18T10:40:22.090068+00:00,469142,112,Jan Paul,van Hecke,Van Hecke,6,Spurs,TOT,Defender,a,False,4.9,6.7,2.9883,2.9274,4.0568,3.1934,3.6472,1.0,1.0,1.0,1.0,1.0,90.0,180.0,0.0,0.0,0.0,5.757192768136574,2.0,6.0,1.0,1.0,90.0,900.0,0.147,0.041999999999999975,9.1,0.0,,,,13.2921,2.7127,high,1.0,1.0,4,0,0,3.8,3.8,4.5,5-GW avg pts 3.80; mins 90; xGI 0.10; current GWs 4; fixture Elo diff -49,False,False,False,False,False,False,False,False,False,False,False,False,False,False,False,False,False,False,False,False,False,False,False,False,False,False,False,False,False,False,False,False
dd9b0c9710fd270123600531e17f3287ab6c9403,v2-form-workload-blend,d113ff8057aa6718889feec83e2ade33486769ad87a8f3bd5608b9bfc38eda08,2026-09-18T10:40:22.090068+00:00,97032,356,Virgil,van Dijk,Virgil,14,Liverpool,LIV,Defender,a,False,6.5,16.5,3.4167,3.2054,3.5782,3.625,2.5587,1.0,1.0,1.0,1.0,1.0,90.0,270.0,0.0,90.0,0.0,5.861359434803241,3.0,7.0,1.0,1.0,90.0,900.0,0.12399999999999997,0.029999999999999985,8.3,0.0,,,,13.2368,2.0364,high,1.0,1.0,4,0,0,3.8,3.8,4.2,5-GW avg pts 3.80; mins 90; xGI 0.11; current GWs 4; fixture Elo diff -6,False,True,False,False,False,True,False,False,False,False,False,True,False,False,False,False,False,True,False,False,False,False,False,True,False,False,False,False,False,False,False,False
dd9b0c9710fd270123600531e17f3287ab6c9403,v2-form-workload-blend,d113ff8057aa6718889feec83e2ade33486769ad87a8f3bd5608b9bfc38eda08,2026-09-18T10:40:22.090068+00:00,596777,415,Patrick,Dorgu,Dorgu,1,Man Utd,MUN,Midfielder,a,False,5.8,0.6,3.2966,3.4279,3.322,3.2401,3.0714,1.0,1.0,1.0,1.0,1.0,90.0,182.0,0.0,72.0,0.0,4.798859434803241,3.0,11.0,1.0,0.4,45.2,276.0,0.3847826086956521,0.16304347826086957,6.8478260869565215,0.0,,,,13.1501,2.2673,high,1.0,1.0,4,0,0,4.8,4.8,1.5,5-GW avg pts 4.80; mins 45; xGI 0.23; current GWs 4; fixture Elo diff +97,False,False,False,False,False,False,False,False,False,False,False,False,False,False,False,False,False,False,False,False,False,False,False,False,False,False,False,False,False,False,False,False
dd9b0c9710fd270123600531e17f3287ab6c9403,v2-form-workload-blend,d113ff8057aa6718889feec83e2ade33486769ad87a8f3bd5608b9bfc38eda08,2026-09-18T10:40:22.090068+00:00,224967,233,Vitalii,Mykolenko,Mykolenko,11,Everton,EVE,Defender,a,False,4.5,3.4,3.8181,3.8828,2.9676,2.3823,2.9872,1.0,1.0,1.0,1.0,1.0,180.0,270.0,90.0,90.0,0.0,1.6634427681365742,3.0,7.0,1.0,1.0,90.0,900.0,0.0,0.028999999999999946,7.4,0.0,,,,13.1467,2.9215,high,1.0,1.0,4,0,0,4.8,4.8,5.5,5-GW avg pts 4.80; mins 90; xGI 0.03; current GWs 4; fixture Elo diff +22,False,False,False,False,False,False,False,False,False,False,False,False,False,False,False,False,False,False,False,False,False,False,False,False,False,False,False,False,False,False,False,False
dd9b0c9710fd270123600531e17f3287ab6c9403,v2-form-workload-blend,d113ff8057aa6718889feec83e2ade33486769ad87a8f3bd5608b9bfc38eda08,2026-09-18T10:40:22.090068+00:00,474120,591,Julio,Enciso,Enciso,40,Ipswich Town,IPS,Midfielder,a,False,5.5,0.8,3.1881,3.45,2.5813,3.4732,3.8746,1.0,1.0,1.0,1.0,1.0,90.0,180.0,0.0,0.0,0.0,5.861359434803241,2.0,4.0,0.8,0.8,85.0,340.0,0.24352941176470588,0.22235294117647056,6.882352941176471,0.0,,,,13.1141,2.3844,high,1.0,1.0,4,0,0,2.6,2.6,3.2,5-GW avg pts 2.60; mins 68; xGI 0.35; current GWs 4; fixture Elo diff -148,False,False,False,False,False,False,False,False,False,False,False,False,False,False,False,False,False,False,False,False,False,False,False,False,False,False,False,False,False,False,False,False
dd9b0c9710fd270123600531e17f3287ab6c9403,v2-form-workload-blend,d113ff8057aa6718889feec83e2ade33486769ad87a8f3bd5608b9bfc38eda08,2026-09-18T10:40:22.090068+00:00,177815,346,Dominic,Calvert-Lewin,Calvert-Lewin,2,Leeds,LEE,Forward,a,False,6.0,24.2,3.7604,2.2288,3.3679,3.5957,3.4586,1.0,1.0,1.0,1.0,1.0,78.0,175.0,0.0,24.0,0.0,3.6530261014699077,3.0,10.0,1.0,1.0,79.4,847.0,0.5727272727272726,0.014876033057851235,3.8252656434474614,0.0,1.0,,,13.0528,2.1755,high,1.0,1.0,4,0,0,4.4,4.4,5.0,5-GW avg pts 4.40; mins 79; xGI 0.61; current GWs 4; fixture Elo diff -81,False,False,False,False,False,False,False,False,False,False,False,False,False,False,False,False,False,False,False,False,False,False,False,False,False,False,False,False,False,False,False,False
dd9b0c9710fd270123600531e17f3287ab6c9403,v2-form-workload-blend,d113ff8057aa6718889feec83e2ade33486769ad87a8f3bd5608b9bfc38eda08,2026-09-18T10:40:22.090068+00:00,184667,37,Victor,Lindelöf,Lindelöf,7,Aston Villa,AVL,Defender,a,False,4.5,0.3,3.5042,3.1651,3.1443,2.8562,3.3493,1.0,1.0,1.0,1.0,1.0,90.0,270.0,0.0,90.0,0.0,5.861359434803241,3.0,8.0,1.0,1.0,86.4,640.0,0.061875,0.028124999999999973,4.5,0.0,,,,12.8772,2.8616,high,1.0,1.0,4,0,0,1.8,1.8,1.8,5-GW avg pts 1.80; mins 86; xGI 0.12; current GWs 4; fixture Elo diff +74,False,False,False,False,False,False,False,False,False,False,False,False,False,False,False,False,False,False,False,False,False,False,False,False,False,False,False,False,False,False,False,False
dd9b0c9710fd270123600531e17f3287ab6c9403,v2-form-workload-blend,d113ff8057aa6718889feec83e2ade33486769ad87a8f3bd5608b9bfc38eda08,2026-09-18T10:40:22.090068+00:00,465730,115,Maxim,De Cuyper,De Cuyper,36,Brighton,BHA,Defender,a,False,4.9,24.3,2.3378,3.8486,3.7814,3.3571,2.7792,1.0,1.0,1.0,1.0,1.0,114.0,191.0,24.0,24.0,0.0,1.6530261014699075,3.0,7.0,1.0,0.8,75.6,592.0,0.2493243243243243,0.360304054054054,3.3445945945945947,0.0,,2.0,4.0,12.844,2.6212,high,1.0,1.0,4,0,0,6.4,6.4,8.0,5-GW avg pts 6.40; mins 76; xGI 0.43; current GWs 4; fixture Elo diff -55,False,False,False,False,False,False,False,False,False,False,False,False,False,False,False,False,False,False,False,False,False,False,False,False,False,False,False,False,False,False,False,False
dd9b0c9710fd270123600531e17f3287ab6c9403,v2-form-workload-blend,d113ff8057aa6718889feec83e2ade33486769ad87a8f3bd5608b9bfc38eda08,2026-09-18T10:40:22.090068+00:00,220627,332,James,Justin,Justin,2,Leeds,LEE,Defender,a,False,4.5,1.5,3.7046,2.1456,3.0225,3.9533,3.3336,1.0,1.0,1.0,1.0,1.0,90.0,270.0,0.0,90.0,0.0,3.6530261014699077,3.0,10.0,1.0,1.0,90.0,900.0,0.09499999999999999,0.04699999999999997,9.4,0.0,,,,12.8212,2.8491,high,1.0,1.0,4,0,0,3.8,3.8,4.5,5-GW avg pts 3.80; mins 90; xGI 0.12; current GWs 4; fixture Elo diff -81,False,False,False,False,False,False,False,False,False,False,False,False,False,False,False,False,False,False,False,False,False,False,False,False,False,False,False,False,False,False,False,False
dd9b0c9710fd270123600531e17f3287ab6c9403,v2-form-workload-blend,d113ff8057aa6718889feec83e2ade33486769ad87a8f3bd5608b9bfc38eda08,2026-09-18T10:40:22.090068+00:00,510281,403,Sávio,Moreira de Oliveira,Sávio,6,Spurs,TOT,Midfielder,a,False,6.5,0.7,3.2209,2.8838,3.5192,2.9404,3.4952,1.0,1.0,1.0,1.0,1.0,105.0,166.0,15.0,15.0,0.0,2.6530261014699077,3.0,6.0,0.6,0.6,80.0,392.0,0.19515306122448975,0.20663265306122444,4.362244897959184,0.0,,4.0,,12.7871,1.9672,high,1.0,1.0,4,0,0,1.6,1.6,1.5,5-GW avg pts 1.60; mins 48; xGI 0.19; current GWs 4; fixture Elo diff -49,False,False,False,False,False,False,False,False,False,False,False,False,False,False,False,False,False,False,False,False,False,False,False,False,False,False,False,False,False,False,False,False
dd9b0c9710fd270123600531e17f3287ab6c9403,v2-form-workload-blend,d113ff8057aa6718889feec83e2ade33486769ad87a8f3bd5608b9bfc38eda08,2026-09-18T10:40:22.090068+00:00,491279,503,Micky,van de Ven,Van de Ven,6,Spurs,TOT,Defender,a,False,5.0,3.9,2.7452,2.7833,4.1111,3.0157,3.5344,1.0,1.0,1.0,1.0,1.0,90.0,180.0,0.0,0.0,0.0,5.757192768136574,2.0,4.0,0.8,0.8,90.0,810.0,0.06666666666666664,0.008888888888888882,5.444444444444445,0.0,,,,12.7708,2.5542,high,1.0,1.0,4,0,0,4.2,4.2,3.8,5-GW avg pts 4.20; mins 72; xGI 0.13; current GWs 4; fixture Elo diff -49,False,False,False,False,False,False,False,False,False,False,False,False,False,False,False,False,False,False,False,False,False,False,False,False,False,False,False,False,False,False,False,False
dd9b0c9710fd270123600531e17f3287ab6c9403,v2-form-workload-blend,d113ff8057aa6718889feec83e2ade33486769ad87a8f3bd5608b9bfc38eda08,2026-09-18T10:40:22.090068+00:00,200720,82,Caoimhín,Kelleher,Kelleher,94,Brentford,BRE,Goalkeeper,a,False,5.0,6.2,3.0181,2.8669,2.8916,4.2049,3.1753,1.0,1.0,1.0,1.0,1.0,90.0,180.0,0.0,0.0,0.0,5.861359434803241,2.0,5.0,1.0,1.0,90.0,900.0,0.0,0.001,0.0,3.9,,,,12.7601,2.552,high,1.0,1.0,4,0,0,4.0,4.0,3.5,5-GW avg pts 4.00; mins 90; xGI 0.00; current GWs 4; fixture Elo diff +33,False,False,False,False,False,False,False,False,False,False,False,False,False,False,False,False,False,False,False,False,False,False,False,False,False,False,False,False,False,False,False,False
dd9b0c9710fd270123600531e17f3287ab6c9403,v2-form-workload-blend,d113ff8057aa6718889feec83e2ade33486769ad87a8f3bd5608b9bfc38eda08,2026-09-18T10:40:22.090068+00:00,480457,183,Jack,Rudoni,Rudoni,9,Coventry City,COV,Midfielder,a,False,4.9,0.1,3.0271,3.2164,3.0452,3.2172,3.4261,1.0,1.0,1.0,1.0,1.0,73.0,136.0,0.0,0.0,0.0,4.903026101469908,2.0,5.0,1.0,0.75,56.0,224.0,0.3334821428571428,0.365625,8.4375,0.0,,5.0,1.0,12.6657,2.5848,high,0.8,0.8,4,0,0,2.0,2.0,2.0,5-GW avg pts 2.00; mins 56; xGI 0.43; current GWs 4; fixture Elo diff -136,False,False,False,False,False,False,False,False,False,False,False,False,False,False,False,False,False,False,False,False,False,False,False,False,False,False,False,False,False,False,False,False
dd9b0c9710fd270123600531e17f3287ab6c9403,v2-form-workload-blend,d113ff8057aa6718889feec83e2ade33486769ad87a8f3bd5608b9bfc38eda08,2026-09-18T10:40:22.090068+00:00,244723,204,Tyrick,Mitchell,Mitchell,31,Crystal Palace,CRY,Defender,a,False,4.5,6.2,3.16,3.2121,3.0912,3.1771,3.1902,1.0,1.0,1.0,1.0,1.0,77.0,151.0,0.0,0.0,0.0,5.861359434803241,2.0,7.0,1.0,0.8,74.8,824.0,0.14199029126213591,0.06444174757281546,6.444174757281553,0.0,,,,12.6619,2.8138,high,1.0,1.0,4,0,0,3.6,3.6,4.2,5-GW avg pts 3.60; mins 75; xGI 0.20; current GWs 4; fixture Elo diff -11,False,True,False,False,False,False,False,False,False,False,False,True,False,False,False,False,False,True,False,False,False,False,False,True,False,False,False,False,False,True,False,False
dd9b0c9710fd270123600531e17f3287ab6c9403,v2-form-workload-blend,d113ff8057aa6718889feec83e2ade33486769ad87a8f3bd5608b9bfc38eda08,2026-09-18T10:40:22.090068+00:00,475168,165,João Pedro,Junqueira de Jesus,João Pedro,8,Chelsea,CHE,Forward,d,False,7.8,72.7,3.1856,3.1524,3.1509,3.2967,3.0125,0.75,0.75,0.75,0.75,0.75,90.0,180.0,0.0,0.0,0.0,5.861359434803241,2.0,8.0,1.0,1.0,90.0,630.0,0.4842857142857143,0.03714285714285713,2.857142857142857,0.0,,,,12.6587,1.6229,high,1.0,1.0,4,0,0,5.1,5.1,4.575,5-GW avg pts 6.80; mins 90; xGI 0.59; current GWs 4; fixture Elo diff -10,False,True,False,False,False,True,False,False,False,False,False,True,False,False,False,False,False,True,False,False,False,False,False,True,False,False,False,False,False,True,False,False
dd9b0c9710fd270123600531e17f3287ab6c9403,v2-form-workload-blend,d113ff8057aa6718889feec83e2ade33486769ad87a8f3bd5608b9bfc38eda08,2026-09-18T10:40:22.090068+00:00,169432,295,Oli,McBurnie,McBurnie,88,Hull City,HUL,Forward,a,False,5.5,2.0,2.9764,3.2978,3.0435,3.2428,3.3162,1.0,1.0,1.0,1.0,1.0,82.0,172.0,0.0,0.0,0.0,5.861359434803241,2.0,6.0,1.0,1.0,87.75,351.0,0.22307692307692303,0.02820512820512818,3.8461538461538463,0.0,1.0,,,12.6388,2.298,high,0.8,0.8,4,0,0,3.0,3.0,3.0,5-GW avg pts 3.00; mins 88; xGI 0.24; current GWs 4; fixture Elo diff -253,False,False,False,False,False,False,False,False,False,False,False,False,False,False,False,False,False,False,False,False,False,False,False,False,False,False,False,False,False,False,False,False
dd9b0c9710fd270123600531e17f3287ab6c9403,v2-form-workload-blend,d113ff8057aa6718889feec83e2ade33486769ad87a8f3bd5608b9bfc38eda08,2026-09-18T10:40:22.090068+00:00,226944,47,Boubacar,Kamara,Kamara,7,Aston Villa,AVL,Midfielder,a,False,5.0,0.3,3.4108,3.0785,3.0434,2.8487,3.3794,1.0,1.0,1.0,1.0,1.0,90.0,248.0,0.0,68.0,0.0,5.861359434803241,3.0,8.0,0.8,0.8,90.0,360.0,0.0,0.03749999999999997,7.5,0.0,,,,12.6379,2.5276,high,1.0,1.0,4,0,0,1.8,1.8,2.2,5-GW avg pts 1.80; mins 72; xGI 0.03; current GWs 4; fixture Elo diff +74,False,False,False,False,False,False,False,False,False,False,False,False,False,False,False,False,False,False,False,False,False,False,False,False,False,False,False,False,False,False,False,False
dd9b0c9710fd270123600531e17f3287ab6c9403,v2-form-workload-blend,d113ff8057aa6718889feec83e2ade33486769ad87a8f3bd5608b9bfc38eda08,2026-09-18T10:40:22.090068+00:00,176297,429,Marcus,Rashford,Rashford,1,Man Utd,MUN,Midfielder,a,False,7.0,1.6,3.1166,3.2764,3.216,3.1139,3.0315,1.0,1.0,1.0,1.0,1.0,163.0,233.0,80.0,80.0,0.0,1.6530261014699075,3.0,6.0,0.8,0.6,68.75,275.0,0.12436363636363637,0.09490909090909085,5.236363636363636,0.0,,,3.0,12.6368,1.8053,high,1.0,1.0,4,0,0,1.6,1.6,2.0,5-GW avg pts 1.60; mins 55; xGI 0.13; current GWs 4; fixture Elo diff +97,False,False,False,False,False,False,False,False,False,False,False,False,False,False,False,False,False,False,False,False,False,False,False,False,False,False,False,False,False,False,False,False
dd9b0c9710fd270123600531e17f3287ab6c9403,v2-form-workload-blend,d113ff8057aa6718889feec83e2ade33486769ad87a8f3bd5608b9bfc38eda08,2026-09-18T10:40:22.090068+00:00,209400,214,Daichi,Kamada,Kamada,31,Crystal Palace,CRY,Midfielder,a,False,5.0,0.5,3.1358,3.1802,3.0528,3.1451,3.1661,1.0,1.0,1.0,1.0,1.0,84.0,204.0,0.0,31.0,0.0,5.861359434803241,3.0,6.0,1.0,0.8,79.2,757.0,0.03210039630118889,0.17952443857331565,8.916776750330252,0.0,,3.0,,12.5414,2.5083,high,1.0,1.0,4,0,0,3.8,3.8,4.5,5-GW avg pts 3.80; mins 79; xGI 0.08; current GWs 4; fixture Elo diff -11,False,False,False,False,False,False,False,False,False,False,False,False,False,False,False,False,False,False,False,False,False,False,False,False,False,False,False,False,False,False,False,False
dd9b0c9710fd270123600531e17f3287ab6c9403,v2-form-workload-blend,d113ff8057aa6718889feec83e2ade33486769ad87a8f3bd5608b9bfc38eda08,2026-09-18T10:40:22.090068+00:00,225796,142,Reece,James,James,8,Chelsea,CHE,Defender,a,False,5.4,7.0,3.0494,3.1046,3.1883,3.307,3.0368,1.0,1.0,1.0,1.0,1.0,90.0,225.0,0.0,45.0,0.0,5.861359434803241,3.0,7.0,1.0,0.6,66.0,357.0,0.08823529411764706,0.07815126050420171,4.285714285714286,0.0,,1.0,1.0,12.5312,2.3206,high,1.0,1.0,4,0,0,0.8,0.8,0.8,5-GW avg pts 0.80; mins 66; xGI 0.13; current GWs 4; fixture Elo diff -10,False,False,False,False,False,False,False,False,False,False,False,False,False,False,False,False,False,False,False,False,False,False,False,False,False,False,False,False,False,False,False,False
dd9b0c9710fd270123600531e17f3287ab6c9403,v2-form-workload-blend,d113ff8057aa6718889feec83e2ade33486769ad87a8f3bd5608b9bfc38eda08,2026-09-18T10:40:22.090068+00:00,477555,264,Oscar,Bobb,Bobb,54,Fulham,FUL,Midfielder,a,False,5.5,0.3,2.9369,3.414,3.2248,3.2011,2.8338,1.0,1.0,1.0,1.0,1.0,84.0,163.0,21.0,21.0,0.0,2.663442768136574,3.0,8.0,1.0,1.0,68.8,499.0,0.11723446893787574,0.28677354709418834,7.214428857715431,0.0,,2.0,,12.5304,2.2783,high,1.0,1.0,4,0,0,2.6,2.6,2.5,5-GW avg pts 2.60; mins 69; xGI 0.31; current GWs 4; fixture Elo diff +79,False,False,False,False,False,False,False,False,False,False,False,False,False,False,False,False,False,False,False,False,False,False,False,False,False,False,False,False,False,False,False,False
dd9b0c9710fd270123600531e17f3287ab6c9403,v2-form-workload-blend,d113ff8057aa6718889feec83e2ade33486769ad87a8f3bd5608b9bfc38eda08,2026-09-18T10:40:22.090068+00:00,166477,258,Timothy,Castagne,Castagne,54,Fulham,FUL,Defender,a,False,4.5,0.8,3.0274,3.2165,3.2623,3.4141,2.627,1.0,1.0,1.0,1.0,1.0,162.0,252.0,90.0,90.0,0.0,2.663442768136574,3.0,7.0,1.0,1.0,81.6,850.0,0.1016470588235294,0.11223529411764702,5.4,0.0,,,,12.4982,2.7774,high,1.0,1.0,4,0,0,5.4,5.4,4.8,5-GW avg pts 5.40; mins 82; xGI 0.26; current GWs 4; fixture Elo diff +79,False,False,False,False,False,False,False,False,False,False,False,False,False,False,False,False,False,False,False,False,False,False,False,False,False,False,False,False,False,False,False,False
dd9b0c9710fd270123600531e17f3287ab6c9403,v2-form-workload-blend,d113ff8057aa6718889feec83e2ade33486769ad87a8f3bd5608b9bfc38eda08,2026-09-18T10:40:22.090068+00:00,463210,580,Shea,Charles,Charles,54,Fulham,FUL,Midfielder,a,False,5.0,0.1,2.9419,3.2286,3.241,3.4677,2.6983,1.0,1.0,1.0,1.0,1.0,117.0,196.0,27.0,27.0,0.0,2.663442768136574,3.0,8.0,1.0,0.5,53.25,213.0,0.038028169014084505,0.05915492957746478,13.943661971830986,0.0,,,,12.4868,2.4974,high,0.8,0.8,4,0,0,2.25,2.25,2.2,5-GW avg pts 2.25; mins 53; xGI 0.06; current GWs 4; fixture Elo diff +79,False,False,False,False,False,False,False,False,False,False,False,False,False,False,False,False,False,False,False,False,False,False,False,False,False,False,False,False,False,False,False,False
dd9b0c9710fd270123600531e17f3287ab6c9403,v2-form-workload-blend,d113ff8057aa6718889feec83e2ade33486769ad87a8f3bd5608b9bfc38eda08,2026-09-18T10:40:22.090068+00:00,207189,265,Sander,Berge,Berge,54,Fulham,FUL,Midfielder,a,False,4.9,0.3,2.9645,3.3308,3.2487,3.3874,2.5369,1.0,1.0,1.0,1.0,1.0,90.0,119.0,0.0,0.0,0.0,5.861359434803241,2.0,6.0,1.0,0.8,72.6,498.0,0.04518072289156624,0.0939759036144578,6.144578313253012,0.0,,,,12.4545,2.5417,high,1.0,1.0,4,0,0,2.2,2.2,2.0,5-GW avg pts 2.20; mins 73; xGI 0.08; current GWs 4; fixture Elo diff +79,False,False,False,False,False,False,False,False,False,False,False,False,False,False,False,False,False,False,False,False,False,False,False,False,False,False,False,False,False,False,False,False
dd9b0c9710fd270123600531e17f3287ab6c9403,v2-form-workload-blend,d113ff8057aa6718889feec83e2ade33486769ad87a8f3bd5608b9bfc38eda08,2026-09-18T10:40:22.090068+00:00,433969,597,Zion,Suzuki,Suzuki,7,Aston Villa,AVL,Goalkeeper,a,False,5.0,1.8,3.2993,3.0266,2.9769,2.7927,3.3301,1.0,1.0,1.0,1.0,1.0,135.0,315.0,45.0,135.0,0.0,1.6530261014699075,4.0,5.0,0.75,0.75,90.0,270.0,0.0,0.0033333333333333335,0.0,3.3333333333333335,,,,12.3576,2.4715,high,0.8,0.8,4,0,0,3.5,3.5,3.5,5-GW avg pts 3.50; mins 68; xGI 0.00; current GWs 4; fixture Elo diff +74,False,False,False,False,False,False,False,False,False,False,False,False,False,False,False,False,False,False,False,False,False,False,False,False,False,False,False,False,False,False,False,False
dd9b0c9710fd270123600531e17f3287ab6c9403,v2-form-workload-blend,d113ff8057aa6718889feec83e2ade33486769ad87a8f3bd5608b9bfc38eda08,2026-09-18T10:40:22.090068+00:00,116535,350,Alisson,Becker,A.Becker,14,Liverpool,LIV,Goalkeeper,a,False,5.5,3.9,3.1711,2.9499,3.3984,3.3904,2.399,1.0,1.0,1.0,1.0,1.0,90.0,270.0,0.0,90.0,0.0,5.861359434803241,3.0,6.0,1.0,1.0,90.0,450.0,0.0,0.0,0.0,2.6,,,,12.3575,2.2468,high,1.0,1.0,4,0,0,4.2,4.2,4.8,5-GW avg pts 4.20; mins 90; xGI 0.00; current GWs 4; fixture Elo diff -6,False,False,False,False,False,False,False,False,False,False,False,False,False,False,False,False,False,False,False,False,False,False,False,False,False,False,False,False,False,False,False,False
dd9b0c9710fd270123600531e17f3287ab6c9403,v2-form-workload-blend,d113ff8057aa6718889feec83e2ade33486769ad87a8f3bd5608b9bfc38eda08,2026-09-18T10:40:22.090068+00:00,457569,57,Đorđe,Petrović,Petrović,91,Bournemouth,BOU,Goalkeeper,a,False,4.5,3.1,2.966,2.8136,3.552,2.9269,3.1803,1.0,1.0,1.0,1.0,1.0,90.0,180.0,0.0,0.0,0.0,5.861359434803241,2.0,5.0,1.0,1.0,90.0,900.0,0.0,0.0,0.0,2.2,,,,12.2969,2.7326,high,1.0,1.0,4,0,0,2.0,2.0,1.8,5-GW avg pts 2.00; mins 90; xGI 0.00; current GWs 4; fixture Elo diff +34,False,False,False,False,False,False,False,False,False,False,False,False,False,False,False,False,False,False,False,False,False,False,False,False,False,False,False,False,False,False,False,False
dd9b0c9710fd270123600531e17f3287ab6c9403,v2-form-workload-blend,d113ff8057aa6718889feec83e2ade33486769ad87a8f3bd5608b9bfc38eda08,2026-09-18T10:40:22.090068+00:00,249231,86,Keane,Lewis-Potter,Lewis-Potter,94,Brentford,BRE,Midfielder,a,False,5.5,1.8,3.0453,2.933,2.9633,3.4125,3.0671,1.0,1.0,1.0,1.0,1.0,150.0,240.0,90.0,90.0,0.0,2.6530261014699077,3.0,7.0,1.0,0.8,82.8,864.0,0.19270833333333323,0.15208333333333332,5.104166666666667,0.0,,,1.0,12.2847,2.2336,high,1.0,1.0,4,0,0,4.8,4.8,4.8,5-GW avg pts 4.80; mins 83; xGI 0.41; current GWs 4; fixture Elo diff +33,False,False,False,False,False,False,False,False,False,False,False,False,False,False,False,False,False,False,False,False,False,False,False,False,False,False,False,False,False,False,False,False
dd9b0c9710fd270123600531e17f3287ab6c9403,v2-form-workload-blend,d113ff8057aa6718889feec83e2ade33486769ad87a8f3bd5608b9bfc38eda08,2026-09-18T10:40:22.090068+00:00,438234,401,Omar,Marmoush,Marmoush,6,Spurs,TOT,Forward,a,False,7.0,2.2,2.9393,2.7807,3.4369,3.044,3.2642,1.0,1.0,1.0,1.0,1.0,167.0,251.0,90.0,90.0,0.0,2.6530261014699077,3.0,6.0,0.6,0.6,83.0,374.0,0.22139037433155065,0.048128342245989254,3.8502673796791442,0.0,2.0,,5.0,12.2807,1.7544,high,1.0,1.0,4,0,0,1.2,1.2,1.5,5-GW avg pts 1.20; mins 50; xGI 0.09; current GWs 4; fixture Elo diff -49,False,False,False,False,False,False,False,False,False,False,False,False,False,False,False,False,False,False,False,False,False,False,False,False,False,False,False,False,False,False,False,False
dd9b0c9710fd270123600531e17f3287ab6c9403,v2-form-workload-blend,d113ff8057aa6718889feec83e2ade33486769ad87a8f3bd5608b9bfc38eda08,2026-09-18T10:40:22.090068+00:00,461102,173,Bobby,Thomas,Thomas,9,Coventry City,COV,Defender,a,False,4.0,8.8,2.8362,3.0258,3.0508,3.0457,3.5687,1.0,1.0,1.0,1.0,1.0,180.0,270.0,90.0,90.0,0.0,1.6530261014699075,3.0,6.0,1.0,1.0,86.75,347.0,0.11152737752161385,0.06743515850144093,10.115273775216139,0.0,,,,12.2733,3.0683,high,0.8,0.8,4,0,0,3.75,3.75,3.8,5-GW avg pts 3.75; mins 87; xGI 0.17; current GWs 4; fixture Elo diff -136,False,False,False,False,False,False,False,False,False,False,False,False,False,False,False,False,False,False,False,False,False,False,False,False,False,False,False,False,False,False,False,False
dd9b0c9710fd270123600531e17f3287ab6c9403,v2-form-workload-blend,d113ff8057aa6718889feec83e2ade33486769ad87a8f3bd5608b9bfc38eda08,2026-09-18T10:40:22.090068+00:00,222683,70,Justin,Kluivert,Kluivert,91,Bournemouth,BOU,Midfielder,a,False,6.0,1.0,3.0539,2.9363,3.2815,2.8183,3.2131,1.0,1.0,1.0,1.0,1.0,66.0,204.0,0.0,62.0,0.0,5.861359434803241,3.0,6.0,1.0,0.8,62.2,325.0,0.2935384615384614,0.0249230769230769,6.923076923076923,0.0,2.0,3.0,2.0,12.2224,2.0371,high,1.0,1.0,4,0,0,3.2,3.2,3.8,5-GW avg pts 3.20; mins 62; xGI 0.23; current GWs 4; fixture Elo diff +34,False,False,False,False,False,False,False,False,False,False,False,False,False,False,False,False,False,False,False,False,False,False,False,False,False,False,False,False,False,False,False,False
dd9b0c9710fd270123600531e17f3287ab6c9403,v2-form-workload-blend,d113ff8057aa6718889feec83e2ade33486769ad87a8f3bd5608b9bfc38eda08,2026-09-18T10:40:22.090068+00:00,223827,532,Daniel,Ballard,Ballard,56,Sunderland,SUN,Defender,a,False,4.9,2.8,2.6615,2.8422,2.8422,3.2506,3.9732,1.0,1.0,1.0,1.0,1.0,128.0,218.0,38.0,38.0,0.0,1.6530261014699075,3.0,6.0,0.8,0.8,90.0,500.0,0.0378,0.037799999999999986,8.1,0.0,,,,12.1526,2.4801,high,1.0,1.0,4,0,0,2.4,2.4,3.0,5-GW avg pts 2.40; mins 72; xGI 0.07; current GWs 4; fixture Elo diff -93,False,False,False,False,False,False,False,False,False,False,False,False,False,False,False,False,False,False,False,False,False,False,False,False,False,False,False,False,False,False,False,False
dd9b0c9710fd270123600531e17f3287ab6c9403,v2-form-workload-blend,d113ff8057aa6718889feec83e2ade33486769ad87a8f3bd5608b9bfc38eda08,2026-09-18T10:40:22.090068+00:00,191866,87,Kristoffer,Ajer,Ajer,94,Brentford,BRE,Defender,a,False,4.5,4.2,2.8949,2.7935,2.8252,3.8509,2.9705,1.0,1.0,1.0,1.0,1.0,180.0,270.0,90.0,90.0,0.0,2.6530261014699077,3.0,6.0,0.8,0.8,90.0,541.0,0.02162661737523106,0.006654343807763385,10.813308687615526,0.0,,,,12.1472,2.6994,high,1.0,1.0,4,0,0,2.8,2.8,3.5,5-GW avg pts 2.80; mins 72; xGI 0.03; current GWs 4; fixture Elo diff +33,False,False,False,False,False,False,False,False,False,False,False,False,False,False,False,False,False,False,False,False,False,False,False,False,False,False,False,False,False,False,False,False
dd9b0c9710fd270123600531e17f3287ab6c9403,v2-form-workload-blend,d113ff8057aa6718889feec83e2ade33486769ad87a8f3bd5608b9bfc38eda08,2026-09-18T10:40:22.090068+00:00,216616,304,Dara,O'Shea,O'Shea,40,Ipswich Town,IPS,Defender,a,False,4.0,2.8,2.8868,3.0765,2.3974,3.0765,3.9832,1.0,1.0,1.0,1.0,1.0,90.0,180.0,0.0,0.0,0.0,5.861359434803241,2.0,7.0,1.0,1.0,90.0,360.0,0.0175,0.06499999999999997,9.75,0.0,,,,12.117,3.0292,high,0.8,0.8,4,0,0,2.0,2.0,2.0,5-GW avg pts 2.00; mins 90; xGI 0.08; current GWs 4; fixture Elo diff -148,False,False,False,False,False,False,False,False,False,False,False,False,False,False,False,False,False,False,False,False,False,False,False,False,False,False,False,False,False,False,False,False
dd9b0c9710fd270123600531e17f3287ab6c9403,v2-form-workload-blend,d113ff8057aa6718889feec83e2ade33486769ad87a8f3bd5608b9bfc38eda08,2026-09-18T10:40:22.090068+00:00,98980,28,Emiliano,Martínez Romero,Martinez,8,Chelsea,CHE,Goalkeeper,a,False,5.0,4.9,2.9658,2.9664,3.0672,3.3014,2.8476,1.0,1.0,1.0,1.0,1.0,90.0,180.0,0.0,0.0,0.0,5.861359434803241,2.0,3.0,0.6,0.6,90.0,720.0,0.0,0.0037499999999999877,0.0,4.25,,,,12.1088,2.4218,high,1.0,1.0,4,0,0,1.4,1.4,1.8,5-GW avg pts 1.40; mins 54; xGI 0.00; current GWs 4; fixture Elo diff -10,False,False,False,False,False,False,False,False,False,False,False,False,False,False,False,False,False,False,False,False,False,False,False,False,False,False,False,False,False,False,False,False
dd9b0c9710fd270123600531e17f3287ab6c9403,v2-form-workload-blend,d113ff8057aa6718889feec83e2ade33486769ad87a8f3bd5608b9bfc38eda08,2026-09-18T10:40:22.090068+00:00,522047,334,Tarik,Muharemović,Muharemović,2,Leeds,LEE,Defender,a,False,5.0,4.2,3.3889,2.1068,2.8946,3.7076,3.1474,1.0,1.0,1.0,1.0,1.0,90.0,270.0,0.0,90.0,0.0,3.6530261014699077,3.0,10.0,1.0,1.0,90.0,360.0,0.0225,0.01,12.5,0.0,,,,12.0844,2.4169,high,0.8,0.8,4,0,0,5.25,5.25,5.2,5-GW avg pts 5.25; mins 90; xGI 0.03; current GWs 4; fixture Elo diff -81,False,False,False,False,False,False,False,False,False,False,False,False,False,False,False,False,False,False,False,False,False,False,False,False,False,False,False,False,False,False,False,False
dd9b0c9710fd270123600531e17f3287ab6c9403,v2-form-workload-blend,d113ff8057aa6718889feec83e2ade33486769ad87a8f3bd5608b9bfc38eda08,2026-09-18T10:40:22.090068+00:00,577669,545,Noah,Sadiki,Sadiki,56,Sunderland,SUN,Midfielder,a,False,4.9,0.2,2.5727,2.9362,2.8505,3.3489,3.7064,1.0,1.0,1.0,1.0,1.0,180.0,254.0,90.0,90.0,0.0,1.6530261014699075,3.0,5.0,1.0,1.0,86.6,850.0,0.11011764705882349,0.06670588235294116,6.988235294117647,0.0,,,,12.0637,2.462,high,1.0,1.0,4,0,0,1.8,1.8,2.0,5-GW avg pts 1.80; mins 87; xGI 0.13; current GWs 4; fixture Elo diff -93,False,False,False,False,False,False,False,False,False,False,False,False,False,False,False,False,False,False,False,False,False,False,False,False,False,False,False,False,False,False,False,False
dd9b0c9710fd270123600531e17f3287ab6c9403,v2-form-workload-blend,d113ff8057aa6718889feec83e2ade33486769ad87a8f3bd5608b9bfc38eda08,2026-09-18T10:40:22.090068+00:00,232351,282,Ryan,Giles,Giles,88,Hull City,HUL,Defender,a,False,4.0,2.7,2.7804,3.1582,2.9058,3.0849,3.2602,1.0,1.0,1.0,1.0,1.0,90.0,180.0,0.0,0.0,0.0,5.861359434803241,2.0,6.0,1.0,1.0,88.5,354.0,0.005084745762711865,0.08898305084745757,4.830508474576271,0.0,,3.0,1.0,12.063,3.0157,high,0.8,0.8,4,0,0,6.0,6.0,6.0,5-GW avg pts 6.00; mins 88; xGI 0.09; current GWs 4; fixture Elo diff -253,False,False,False,False,False,False,False,False,False,False,False,False,False,False,False,False,False,False,False,False,False,False,False,False,False,False,False,False,False,False,False,False
dd9b0c9710fd270123600531e17f3287ab6c9403,v2-form-workload-blend,d113ff8057aa6718889feec83e2ade33486769ad87a8f3bd5608b9bfc38eda08,2026-09-18T10:40:22.090068+00:00,83299,116,Lewis,Dunk,Dunk,36,Brighton,BHA,Defender,a,False,4.5,1.5,2.2131,3.7239,3.3007,3.1478,2.6719,1.0,1.0,1.0,1.0,1.0,90.0,180.0,0.0,0.0,0.0,4.903026101469908,2.0,6.0,1.0,1.0,90.0,632.0,0.07974683544303796,0.01993670886075948,5.268987341772152,0.0,,,3.0,12.0118,2.6693,high,1.0,1.0,4,0,0,4.6,4.6,5.5,5-GW avg pts 4.60; mins 90; xGI 0.03; current GWs 4; fixture Elo diff -55,False,False,False,False,False,False,False,False,False,False,False,False,False,False,False,False,False,False,False,False,False,False,False,False,False,False,False,False,False,False,False,False
dd9b0c9710fd270123600531e17f3287ab6c9403,v2-form-workload-blend,d113ff8057aa6718889feec83e2ade33486769ad87a8f3bd5608b9bfc38eda08,2026-09-18T10:40:22.090068+00:00,647850,138,Charalampos,Kostoulas,Kostoulas,36,Brighton,BHA,Forward,a,False,5.5,0.8,2.2494,3.3713,3.4595,3.2974,2.7279,1.0,1.0,1.0,1.0,1.0,166.0,256.0,82.0,82.0,0.0,1.6530261014699075,3.0,7.0,1.0,0.6,61.8,337.0,0.4246290801186943,0.09614243323442138,6.943620178041543,0.0,,,,11.9961,2.1811,high,1.0,1.0,4,0,0,3.8,3.8,4.5,5-GW avg pts 3.80; mins 62; xGI 0.30; current GWs 4; fixture Elo diff -55,False,False,False,False,False,False,False,False,False,False,False,False,False,False,False,False,False,False,False,False,False,False,False,False,False,False,False,False,False,False,False,False
dd9b0c9710fd270123600531e17f3287ab6c9403,v2-form-workload-blend,d113ff8057aa6718889feec83e2ade33486769ad87a8f3bd5608b9bfc38eda08,2026-09-18T10:40:22.090068+00:00,441264,552,Brian,Brobbey,Brobbey,56,Sunderland,SUN,Forward,a,False,5.8,5.8,2.6166,2.922,2.8331,3.2963,3.6084,1.0,1.0,1.0,1.0,1.0,113.0,203.0,23.0,23.0,0.0,1.6530261014699075,3.0,5.0,1.0,1.0,73.8,779.0,0.24839537869062894,0.032349165596919104,2.8883183568677793,0.0,,,,11.9854,2.0664,high,1.0,1.0,4,0,0,2.4,2.4,1.8,5-GW avg pts 2.40; mins 74; xGI 0.32; current GWs 4; fixture Elo diff -93,False,False,False,False,False,False,False,False,False,False,False,False,False,False,False,False,False,False,False,False,False,False,False,False,False,False,False,False,False,False,False,False
dd9b0c9710fd270123600531e17f3287ab6c9403,v2-form-workload-blend,d113ff8057aa6718889feec83e2ade33486769ad87a8f3bd5608b9bfc38eda08,2026-09-18T10:40:22.090068+00:00,543968,316,Emersonn,Correia da Silva,Emersonn,40,Ipswich Town,IPS,Forward,a,False,5.5,3.0,2.9756,3.2966,2.4722,3.2966,2.9271,1.0,1.0,1.0,1.0,1.0,63.0,129.0,0.0,0.0,0.0,5.861359434803241,2.0,6.0,1.0,0.75,59.25,237.0,0.5620253164556962,0.04177215189873418,3.4177215189873418,0.0,2.0,,,11.9842,2.1789,high,0.8,0.8,4,0,0,6.0,6.0,6.0,5-GW avg pts 6.00; mins 59; xGI 0.40; current GWs 4; fixture Elo diff -148,False,False,False,False,False,False,False,False,False,False,False,False,False,False,False,False,False,False,False,False,False,False,False,False,False,False,False,False,False,False,False,False
dd9b0c9710fd270123600531e17f3287ab6c9403,v2-form-workload-blend,d113ff8057aa6718889feec83e2ade33486769ad87a8f3bd5608b9bfc38eda08,2026-09-18T10:40:22.090068+00:00,166989,43,Youri,Tielemans,Tielemans,1,Man Utd,MUN,Midfielder,a,False,5.8,1.6,2.9632,3.1178,3.0285,2.9331,2.864,1.0,1.0,1.0,1.0,1.0,157.0,292.0,90.0,135.0,0.0,1.6530261014699075,4.0,9.0,1.0,0.8,65.8,761.0,0.08396846254927724,0.10407358738501964,9.224704336399475,0.0,3.0,,,11.9636,2.0627,high,1.0,1.0,4,0,0,2.2,2.2,2.5,5-GW avg pts 2.20; mins 66; xGI 0.24; current GWs 4; fixture Elo diff +97,False,False,False,False,False,False,False,False,False,False,False,False,False,False,False,False,False,False,False,False,False,False,False,False,False,False,False,False,False,False,False,False
dd9b0c9710fd270123600531e17f3287ab6c9403,v2-form-workload-blend,d113ff8057aa6718889feec83e2ade33486769ad87a8f3bd5608b9bfc38eda08,2026-09-18T10:40:22.090068+00:00,54469,64,Adam,Smith,Smith,91,Bournemouth,BOU,Defender,a,False,4.5,0.1,2.8956,2.7436,3.3968,2.8569,3.1182,1.0,1.0,1.0,1.0,1.0,90.0,180.0,0.0,0.0,0.0,5.861359434803241,2.0,5.0,1.0,1.0,89.8,628.0,0.0014331210191082804,0.014331210191082775,5.445859872611465,0.0,,,,11.9531,2.6562,high,1.0,1.0,4,0,0,0.8,0.8,0.5,5-GW avg pts 0.80; mins 90; xGI 0.02; current GWs 4; fixture Elo diff +34,False,False,False,False,False,False,False,False,False,False,False,False,False,False,False,False,False,False,False,False,False,False,False,False,False,False,False,False,False,False,False,False
dd9b0c9710fd270123600531e17f3287ab6c9403,v2-form-workload-blend,d113ff8057aa6718889feec83e2ade33486769ad87a8f3bd5608b9bfc38eda08,2026-09-18T10:40:22.090068+00:00,514254,127,Diego,Gómez Amarilla,Gomez,36,Brighton,BHA,Midfielder,a,False,5.0,4.4,2.2209,3.4507,3.4595,3.2231,2.6315,1.0,1.0,1.0,1.0,1.0,108.0,198.0,24.0,24.0,0.0,1.6530261014699075,3.0,7.0,1.0,0.8,81.2,450.0,0.3440000000000001,0.15599999999999997,7.2,0.0,,,5.0,11.9292,2.3858,high,1.0,1.0,4,0,0,3.4,3.4,4.0,5-GW avg pts 3.40; mins 81; xGI 0.37; current GWs 4; fixture Elo diff -55,False,False,False,False,False,False,False,False,False,False,False,False,False,False,False,False,False,False,False,False,False,False,False,False,False,False,False,False,False,False,False,False
dd9b0c9710fd270123600531e17f3287ab6c9403,v2-form-workload-blend,d113ff8057aa6718889feec83e2ade33486769ad87a8f3bd5608b9bfc38eda08,2026-09-18T10:40:22.090068+00:00,226182,330,Jayden,Bogle,Bogle,2,Leeds,LEE,Defender,a,False,4.6,4.8,3.4875,2.0502,3.0097,3.2622,3.0576,1.0,1.0,1.0,1.0,1.0,83.0,144.0,0.0,0.0,0.0,3.6530261014699077,2.0,9.0,1.0,1.0,75.2,601.0,0.20066555740432615,0.09733777038269545,5.5407653910149754,0.0,,,,11.8587,2.578,high,1.0,1.0,4,0,0,7.8,7.8,9.2,5-GW avg pts 7.80; mins 75; xGI 0.33; current GWs 4; fixture Elo diff -81,False,False,False,False,False,False,False,False,False,False,False,False,False,False,False,False,False,False,False,False,False,False,False,False,False,False,False,False,False,False,False,False
dd9b0c9710fd270123600531e17f3287ab6c9403,v2-form-workload-blend,d113ff8057aa6718889feec83e2ade33486769ad87a8f3bd5608b9bfc38eda08,2026-09-18T10:40:22.090068+00:00,485055,496,Antonín,Kinský,Kinsky,6,Spurs,TOT,Goalkeeper,a,False,4.5,18.3,2.572,2.6276,3.856,2.7892,3.0227,1.0,1.0,1.0,1.0,1.0,90.0,180.0,0.0,0.0,0.0,5.757192768136574,2.0,7.0,1.0,1.0,90.0,900.0,0.0,0.0,0.0,1.8,,,,11.7877,2.6195,high,1.0,1.0,4,0,0,4.2,4.2,4.0,5-GW avg pts 4.20; mins 90; xGI 0.00; current GWs 4; fixture Elo diff -49,False,False,False,False,False,False,False,False,False,False,False,False,False,False,False,False,False,False,False,False,False,False,False,False,False,False,False,False,False,False,False,False
dd9b0c9710fd270123600531e17f3287ab6c9403,v2-form-workload-blend,d113ff8057aa6718889feec83e2ade33486769ad87a8f3bd5608b9bfc38eda08,2026-09-18T10:40:22.090068+00:00,247348,201,Daniel,Muñoz Mejía,Muñoz,17,Nott'm Forest,NFO,Defender,a,False,5.4,5.8,3.2707,2.9779,2.3528,3.0314,2.9001,1.0,1.0,1.0,1.0,1.0,90.0,121.0,0.0,0.0,0.0,5.861359434803241,2.0,4.0,0.8,0.2,55.0,706.0,0.08541076487252126,0.09560906515580735,6.88385269121813,0.0,,,,11.695,2.1657,high,1.0,1.0,4,0,0,0.8,0.8,0.8,5-GW avg pts 0.80; mins 44; xGI 0.15; current GWs 4; fixture Elo diff +21,False,True,False,False,False,True,False,False,False,False,False,False,False,False,False,False,False,False,False,False,False,False,False,False,False,False,False,False,False,True,False,False
dd9b0c9710fd270123600531e17f3287ab6c9403,v2-form-workload-blend,d113ff8057aa6718889feec83e2ade33486769ad87a8f3bd5608b9bfc38eda08,2026-09-18T10:40:22.090068+00:00,122798,502,Andrew,Robertson,Robertson,6,Spurs,TOT,Defender,a,False,4.4,2.6,2.8355,2.4368,3.608,2.5987,3.2021,1.0,1.0,1.0,1.0,1.0,123.0,152.0,33.0,33.0,0.0,2.6530261014699077,3.0,6.0,1.0,0.8,71.6,587.0,0.08432708688245316,0.07972742759795567,4.1396933560477,0.0,,1.0,,11.6553,2.6489,high,1.0,1.0,4,0,0,3.0,3.0,3.2,5-GW avg pts 3.00; mins 72; xGI 0.11; current GWs 4; fixture Elo diff -49,False,False,False,False,False,False,False,False,False,False,False,False,False,False,False,False,False,False,False,False,False,False,False,False,False,False,False,False,False,False,False,False
dd9b0c9710fd270123600531e17f3287ab6c9403,v2-form-workload-blend,d113ff8057aa6718889feec83e2ade33486769ad87a8f3bd5608b9bfc38eda08,2026-09-18T10:40:22.090068+00:00,432720,385,James,Trafford,Trafford,2,Leeds,LEE,Goalkeeper,a,False,5.0,5.5,3.2189,2.2406,2.6929,3.5124,2.9323,1.0,1.0,1.0,1.0,1.0,90.0,180.0,0.0,0.0,0.0,3.6530261014699077,2.0,7.0,1.0,1.0,90.0,450.0,0.0,0.0,0.0,3.6,,,,11.6078,2.3216,high,1.0,1.0,4,0,0,4.0,4.0,4.5,5-GW avg pts 4.00; mins 90; xGI 0.00; current GWs 4; fixture Elo diff -81,False,False,False,False,False,False,False,False,False,False,False,False,False,False,False,False,False,False,False,False,False,False,False,False,False,False,False,False,False,False,False,False
dd9b0c9710fd270123600531e17f3287ab6c9403,v2-form-workload-blend,d113ff8057aa6718889feec83e2ade33486769ad87a8f3bd5608b9bfc38eda08,2026-09-18T10:40:22.090068+00:00,496221,210,Adam,Wharton,Wharton,31,Crystal Palace,CRY,Midfielder,a,False,5.5,0.8,2.8928,2.91,2.8502,2.8901,2.9275,1.0,1.0,1.0,1.0,1.0,77.0,198.0,0.0,31.0,0.0,5.861359434803241,3.0,6.0,1.0,0.8,72.4,707.0,0.034370579915134356,0.22913719943422903,10.438472418670438,0.0,,2.0,,11.5715,2.1039,high,1.0,1.0,4,0,0,2.2,2.2,2.5,5-GW avg pts 2.20; mins 72; xGI 0.09; current GWs 4; fixture Elo diff -11,False,False,False,False,False,False,False,False,False,False,False,False,False,False,False,False,False,False,False,False,False,False,False,False,False,False,False,False,False,False,False,False
dd9b0c9710fd270123600531e17f3287ab6c9403,v2-form-workload-blend,d113ff8057aa6718889feec83e2ade33486769ad87a8f3bd5608b9bfc38eda08,2026-09-18T10:40:22.090068+00:00,498016,529,Robin,Roefs,Roefs,56,Sunderland,SUN,Goalkeeper,a,False,4.9,2.6,2.5403,2.7785,2.6992,3.0595,3.6757,1.0,1.0,1.0,1.0,1.0,180.0,270.0,90.0,90.0,0.0,1.6530261014699075,3.0,5.0,1.0,1.0,90.0,900.0,0.0,0.0,0.0,2.2,,,,11.5474,2.3566,high,1.0,1.0,4,0,0,2.6,2.6,2.8,5-GW avg pts 2.60; mins 90; xGI 0.00; current GWs 4; fixture Elo diff -93,False,False,False,False,False,False,False,False,False,False,False,False,False,False,False,False,False,False,False,False,False,False,False,False,False,False,False,False,False,False,False,False
dd9b0c9710fd270123600531e17f3287ab6c9403,v2-form-workload-blend,d113ff8057aa6718889feec83e2ade33486769ad87a8f3bd5608b9bfc38eda08,2026-09-18T10:40:22.090068+00:00,448047,155,Enzo,Fernández,Enzo,43,Man City,MCI,Midfielder,a,False,6.9,3.4,3.0316,2.726,2.9155,2.726,2.986,1.0,1.0,1.0,1.0,1.0,82.0,248.0,0.0,90.0,0.0,4.798859434803241,3.0,5.0,0.8,0.6,67.75,718.0,0.1479108635097492,0.19428969359331463,6.142061281337047,0.0,,,,11.5172,1.6692,high,1.0,1.0,4,0,0,1.4,1.4,1.5,5-GW avg pts 1.40; mins 54; xGI 0.12; current GWs 4; fixture Elo diff +161,False,False,False,False,False,False,False,False,False,False,False,False,False,False,False,False,False,False,False,False,False,False,False,False,False,False,False,False,False,False,False,False
dd9b0c9710fd270123600531e17f3287ab6c9403,v2-form-workload-blend,d113ff8057aa6718889feec83e2ade33486769ad87a8f3bd5608b9bfc38eda08,2026-09-18T10:40:22.090068+00:00,610799,504,Luka,Vušković,Vuskovic,36,Brighton,BHA,Defender,a,False,5.0,3.1,2.1577,3.3249,3.3156,3.1217,2.5346,1.0,1.0,1.0,1.0,1.0,168.0,258.0,90.0,90.0,0.0,1.6530261014699075,3.0,7.0,0.8,0.8,86.75,347.0,0.11930835734870314,0.018155619596541762,8.040345821325648,0.0,,,,11.5086,2.3017,high,1.0,1.0,4,0,0,4.8,4.8,6.0,5-GW avg pts 4.80; mins 69; xGI 0.11; current GWs 4; fixture Elo diff -55,False,False,False,False,False,False,False,False,False,False,False,False,False,False,False,False,False,False,False,False,False,False,False,False,False,False,False,False,False,False,False,False
dd9b0c9710fd270123600531e17f3287ab6c9403,v2-form-workload-blend,d113ff8057aa6718889feec83e2ade33486769ad87a8f3bd5608b9bfc38eda08,2026-09-18T10:40:22.090068+00:00,456512,483,Dan,Ndoye,Ndoye,17,Nott'm Forest,NFO,Midfielder,a,False,5.5,0.7,3.1841,2.8223,2.1907,3.2889,2.824,1.0,1.0,1.0,1.0,1.0,75.0,134.0,0.0,0.0,0.0,5.861359434803241,2.0,6.0,0.8,0.6,64.5,258.0,0.36627906976744184,0.30697674418604654,6.627906976744186,0.0,,,,11.4734,2.0861,high,1.0,1.0,4,0,0,2.8,2.8,3.5,5-GW avg pts 2.80; mins 52; xGI 0.39; current GWs 4; fixture Elo diff +21,False,False,False,False,False,False,False,False,False,False,False,False,False,False,False,False,False,False,False,False,False,False,False,False,False,False,False,False,False,False,False,False
dd9b0c9710fd270123600531e17f3287ab6c9403,v2-form-workload-blend,d113ff8057aa6718889feec83e2ade33486769ad87a8f3bd5608b9bfc38eda08,2026-09-18T10:40:22.090068+00:00,243298,367,Cody,Gakpo,Gakpo,14,Liverpool,LIV,Midfielder,a,False,7.2,12.5,3.0252,2.6475,3.0709,3.1253,2.3425,1.0,1.0,1.0,1.0,1.0,120.0,210.0,90.0,90.0,0.0,2.6530261014699077,3.0,7.0,1.0,0.8,74.0,782.0,0.23823529411764705,0.18184143222506396,5.40920716112532,0.0,3.0,2.0,,11.458,1.5914,high,1.0,1.0,4,0,0,6.2,6.2,7.2,5-GW avg pts 6.20; mins 74; xGI 0.38; current GWs 4; fixture Elo diff -6,False,True,False,False,False,False,False,False,False,False,False,False,False,False,False,False,False,True,False,False,False,False,False,False,False,False,False,False,False,False,False,False
dd9b0c9710fd270123600531e17f3287ab6c9403,v2-form-workload-blend,d113ff8057aa6718889feec83e2ade33486769ad87a8f3bd5608b9bfc38eda08,2026-09-18T10:40:22.090068+00:00,509416,129,Yasin,Ayari,Ayari,36,Brighton,BHA,Midfielder,a,False,5.4,0.4,2.4473,3.0253,3.2959,2.899,2.6937,1.0,1.0,1.0,1.0,1.0,106.0,196.0,16.0,16.0,0.0,1.6530261014699075,3.0,6.0,0.6,0.6,81.0,354.0,0.17288135593220344,0.027966101694915254,5.084745762711864,0.0,,4.0,2.0,11.4523,2.1208,high,1.0,1.0,4,0,0,2.4,2.4,3.0,5-GW avg pts 2.40; mins 49; xGI 0.14; current GWs 4; fixture Elo diff -55,False,False,False,False,False,False,False,False,False,False,False,False,False,False,False,False,False,False,False,False,False,False,False,False,False,False,False,False,False,False,False,False
dd9b0c9710fd270123600531e17f3287ab6c9403,v2-form-workload-blend,d113ff8057aa6718889feec83e2ade33486769ad87a8f3bd5608b9bfc38eda08,2026-09-18T10:40:22.090068+00:00,606702,362,Jeremy,Jacquet,Jacquet,14,Liverpool,LIV,Defender,a,False,5.0,3.2,2.9224,2.7776,3.0235,3.0877,2.296,1.0,1.0,1.0,1.0,1.0,135.0,315.0,45.0,135.0,0.0,2.6530261014699077,4.0,7.0,1.0,1.0,81.25,325.0,0.0,0.0332307692307692,7.753846153846154,0.0,,,,11.38,2.276,high,0.8,0.8,4,0,0,4.5,4.5,4.5,5-GW avg pts 4.50; mins 81; xGI 0.03; current GWs 4; fixture Elo diff -6,False,False,False,False,False,False,False,False,False,False,False,False,False,False,False,False,False,False,False,False,False,False,False,False,False,False,False,False,False,False,False,False
dd9b0c9710fd270123600531e17f3287ab6c9403,v2-form-workload-blend,d113ff8057aa6718889feec83e2ade33486769ad87a8f3bd5608b9bfc38eda08,2026-09-18T10:40:22.090068+00:00,465351,389,Matheus,Nunes,Matheus N.,43,Man City,MCI,Defender,a,False,5.9,1.0,3.0642,2.6069,3.0085,2.6069,2.889,1.0,1.0,1.0,1.0,1.0,90.0,180.0,0.0,90.0,0.0,4.798859434803241,2.0,4.0,0.4,0.2,61.5,630.0,0.0,0.03999999999999998,6.142857142857143,0.0,4.0,,,11.3755,1.928,high,1.0,1.0,4,0,0,2.0,2.0,2.5,5-GW avg pts 2.00; mins 25; xGI 0.01; current GWs 4; fixture Elo diff +161,False,False,False,False,False,False,False,False,False,False,False,False,False,False,False,False,False,False,False,False,False,False,False,False,False,False,False,False,False,False,False,False
dd9b0c9710fd270123600531e17f3287ab6c9403,v2-form-workload-blend,d113ff8057aa6718889feec83e2ade33486769ad87a8f3bd5608b9bfc38eda08,2026-09-18T10:40:22.090068+00:00,473284,572,Konstantinos,Tzolakis,Tzolakis,88,Hull City,HUL,Goalkeeper,a,False,4.6,11.2,2.7042,2.8588,2.7723,2.8114,3.0506,1.0,1.0,1.0,1.0,1.0,90.0,180.0,0.0,0.0,0.0,5.861359434803241,2.0,6.0,1.0,1.0,90.0,360.0,0.0,0.0,0.0,3.5,,,,11.2934,2.4551,high,0.8,0.8,4,0,0,7.0,7.0,7.0,5-GW avg pts 7.00; mins 90; xGI 0.00; current GWs 4; fixture Elo diff -253,False,False,False,False,False,False,False,False,False,False,False,False,False,False,False,False,False,False,False,False,False,False,False,False,False,False,False,False,False,False,False,False
dd9b0c9710fd270123600531e17f3287ab6c9403,v2-form-workload-blend,d113ff8057aa6718889feec83e2ade33486769ad87a8f3bd5608b9bfc38eda08,2026-09-18T10:40:22.090068+00:00,219924,259,Issa,Diop,Diop,40,Ipswich Town,IPS,Defender,a,False,4.0,13.5,2.6851,2.9294,2.2304,2.9294,3.5484,1.0,1.0,1.0,1.0,1.0,90.0,180.0,0.0,0.0,0.0,5.861359434803241,2.0,6.0,1.0,1.0,89.0,580.0,0.12103448275862069,0.02482758620689655,7.448275862068965,0.0,,,,11.2856,2.8214,high,1.0,1.0,4,0,0,4.6,4.6,2.0,5-GW avg pts 4.60; mins 89; xGI 0.19; current GWs 4; fixture Elo diff -148,False,False,False,False,False,False,False,False,False,False,False,False,False,False,False,False,False,False,False,False,False,False,False,False,False,False,False,False,False,False,False,False
dd9b0c9710fd270123600531e17f3287ab6c9403,v2-form-workload-blend,d113ff8057aa6718889feec83e2ade33486769ad87a8f3bd5608b9bfc38eda08,2026-09-18T10:40:22.090068+00:00,431639,640,Zian,Flemming,Flemming,40,Ipswich Town,IPS,Forward,a,False,5.5,0.1,2.7421,3.0658,2.2931,3.0673,2.9168,1.0,1.0,1.0,1.0,1.0,88.0,112.0,61.0,61.0,0.0,2.6530261014699077,3.0,3.0,1.0,0.6,60.8,723.0,0.40207468879668057,0.01742738589211614,4.979253112033195,0.0,,,,11.2329,2.0424,high,1.0,1.0,2,0,0,4.2,4.2,3.0,5-GW avg pts 4.20; mins 61; xGI 0.34; current GWs 2; fixture Elo diff -148,False,False,False,False,False,False,False,False,False,False,False,False,False,False,False,False,False,False,False,False,False,False,False,False,False,False,False,False,False,False,False,False
dd9b0c9710fd270123600531e17f3287ab6c9403,v2-form-workload-blend,d113ff8057aa6718889feec83e2ade33486769ad87a8f3bd5608b9bfc38eda08,2026-09-18T10:40:22.090068+00:00,204120,114,Olivier,Boscagli,Boscagli,36,Brighton,BHA,Defender,a,False,4.5,0.3,2.0549,3.2867,3.1801,3.0422,2.4483,1.0,1.0,1.0,1.0,1.0,152.0,241.0,74.0,74.0,0.0,1.6530261014699075,3.0,7.0,0.8,0.8,86.75,617.0,0.008752025931928673,0.09481361426256073,6.126418152350081,0.0,,,,11.1555,2.479,high,1.0,1.0,4,0,0,2.6,2.6,3.2,5-GW avg pts 2.60; mins 69; xGI 0.11; current GWs 4; fixture Elo diff -55,False,False,False,False,False,False,False,False,False,False,False,False,False,False,False,False,False,False,False,False,False,False,False,False,False,False,False,False,False,False,False,False
dd9b0c9710fd270123600531e17f3287ab6c9403,v2-form-workload-blend,d113ff8057aa6718889feec83e2ade33486769ad87a8f3bd5608b9bfc38eda08,2026-09-18T10:40:22.090068+00:00,159506,473,Ola,Aina,Aina,17,Nott'm Forest,NFO,Defender,a,False,4.5,2.6,3.2136,2.6869,2.152,3.0636,2.6519,1.0,1.0,1.0,1.0,1.0,90.0,149.0,0.0,0.0,0.0,5.861359434803241,2.0,6.0,0.8,0.6,76.5,486.0,0.016666666666666653,0.10185185185185186,6.481481481481482,0.0,,,,11.0892,2.4643,high,1.0,1.0,4,0,0,1.6,1.6,2.0,5-GW avg pts 1.60; mins 61; xGI 0.11; current GWs 4; fixture Elo diff +21,False,False,False,False,False,False,False,False,False,False,False,False,False,False,False,False,False,False,False,False,False,False,False,False,False,False,False,False,False,False,False,False
dd9b0c9710fd270123600531e17f3287ab6c9403,v2-form-workload-blend,d113ff8057aa6718889feec83e2ade33486769ad87a8f3bd5608b9bfc38eda08,2026-09-18T10:40:22.090068+00:00,173878,176,Jay,Dasilva,Dasilva,9,Coventry City,COV,Defender,a,False,4.0,0.7,2.625,2.7261,2.6616,2.8217,3.1573,1.0,1.0,1.0,1.0,1.0,90.0,175.0,0.0,0.0,0.0,4.903026101469908,2.0,5.0,1.0,1.0,88.5,354.0,0.04576271186440678,0.1220338983050847,4.830508474576271,0.0,,,,11.0774,2.7693,high,0.8,0.8,4,0,0,1.25,1.25,1.2,5-GW avg pts 1.25; mins 88; xGI 0.17; current GWs 4; fixture Elo diff -136,False,False,False,False,False,False,False,False,False,False,False,False,False,False,False,False,False,False,False,False,False,False,False,False,False,False,False,False,False,False,False,False
dd9b0c9710fd270123600531e17f3287ab6c9403,v2-form-workload-blend,d113ff8057aa6718889feec83e2ade33486769ad87a8f3bd5608b9bfc38eda08,2026-09-18T10:40:22.090068+00:00,247412,222,Jørgen,Strand Larsen,Strand Larsen,31,Crystal Palace,CRY,Forward,a,False,6.0,0.6,2.7437,2.8073,2.7112,2.7973,2.7482,1.0,1.0,1.0,1.0,1.0,84.0,202.0,0.0,73.0,0.0,5.861359434803241,3.0,6.0,1.0,0.6,58.6,589.0,0.23073005093378604,0.06723259762308996,3.3616298811544993,0.0,,,,11.0462,1.841,high,1.0,1.0,4,0,0,2.8,2.8,3.0,5-GW avg pts 2.80; mins 59; xGI 0.10; current GWs 4; fixture Elo diff -11,False,False,False,False,False,False,False,False,False,False,False,False,False,False,False,False,False,False,False,False,False,False,False,False,False,False,False,False,False,False,False,False
dd9b0c9710fd270123600531e17f3287ab6c9403,v2-form-workload-blend,d113ff8057aa6718889feec83e2ade33486769ad87a8f3bd5608b9bfc38eda08,2026-09-18T10:40:22.090068+00:00,146426,279,Semi,Ajayi,Ajayi,88,Hull City,HUL,Defender,a,False,4.2,13.9,2.5257,2.8562,2.6709,2.7806,3.0763,1.0,1.0,1.0,1.0,1.0,90.0,180.0,0.0,0.0,0.0,5.861359434803241,2.0,6.0,1.0,1.0,83.25,333.0,0.17567567567567569,0.0,6.216216216216216,0.0,,,,11.0252,2.625,high,0.8,0.8,4,0,0,6.5,6.5,6.5,5-GW avg pts 6.50; mins 83; xGI 0.16; current GWs 4; fixture Elo diff -253,False,False,False,False,False,False,False,False,False,False,False,False,False,False,False,False,False,False,False,False,False,False,False,False,False,False,False,False,False,False,False,False
dd9b0c9710fd270123600531e17f3287ab6c9403,v2-form-workload-blend,d113ff8057aa6718889feec83e2ade33486769ad87a8f3bd5608b9bfc38eda08,2026-09-18T10:40:22.090068+00:00,482616,627,Bradley,Barcola,Barcola,14,Liverpool,LIV,Midfielder,a,False,8.0,1.9,2.7405,2.709,2.7471,2.9305,2.5821,1.0,1.0,1.0,1.0,1.0,90.0,176.0,18.0,78.0,0.0,2.6530261014699077,4.0,4.0,1.0,0.5,48.5,97.0,,,,,,,,10.9769,1.3721,low,0.4,0.4,2,0,0,2.0,2.0,2.0,5-GW avg pts 2.00; mins 48; xGI 0.15; current GWs 2; fixture Elo diff -6,False,False,False,False,False,False,False,False,False,False,False,False,False,False,False,False,False,False,False,False,False,False,False,False,False,False,False,False,False,False,False,False
dd9b0c9710fd270123600531e17f3287ab6c9403,v2-form-workload-blend,d113ff8057aa6718889feec83e2ade33486769ad87a8f3bd5608b9bfc38eda08,2026-09-18T10:40:22.090068+00:00,218543,619,Exequiel,Palacios,Palacios,40,Ipswich Town,IPS,Midfielder,a,False,5.0,0.1,2.704,2.8883,2.3116,2.8898,2.9195,1.0,1.0,1.0,1.0,1.0,90.0,168.0,0.0,0.0,0.0,5.861359434803241,2.0,3.0,1.0,0.6666666666666666,65.0,195.0,0.0,0.03230769230769226,17.53846153846154,0.0,,,,10.9273,2.1855,medium,0.6,0.6,3,0,0,3.0,3.0,3.0,5-GW avg pts 3.00; mins 65; xGI 0.02; current GWs 3; fixture Elo diff -148,False,False,False,False,False,False,False,False,False,False,False,False,False,False,False,False,False,False,False,False,False,False,False,False,False,False,False,False,False,False,False,False
dd9b0c9710fd270123600531e17f3287ab6c9403,v2-form-workload-blend,d113ff8057aa6718889feec83e2ade33486769ad87a8f3bd5608b9bfc38eda08,2026-09-18T10:40:22.090068+00:00,568420,581,Ousmane,Diomande,Diomande,17,Nott'm Forest,NFO,Defender,a,False,5.4,0.5,2.9576,2.6669,2.4325,2.9087,2.5818,1.0,1.0,1.0,1.0,1.0,90.0,91.0,0.0,0.0,0.0,5.861359434803241,2.0,3.0,0.5,0.25,45.5,91.0,,,,,,,,10.8889,2.0165,high,0.8,0.8,4,0,0,1.25,1.25,1.2,5-GW avg pts 1.25; mins 23; xGI 0.03; current GWs 4; fixture Elo diff +21,False,False,False,False,False,False,False,False,False,False,False,False,False,False,False,False,False,False,False,False,False,False,False,False,False,False,False,False,False,False,False,False
dd9b0c9710fd270123600531e17f3287ab6c9403,v2-form-workload-blend,d113ff8057aa6718889feec83e2ade33486769ad87a8f3bd5608b9bfc38eda08,2026-09-18T10:40:22.090068+00:00,208706,452,Bruno,Guimarães Rodriguez Moura,Bruno G.,3,Arsenal,ARS,Midfielder,a,False,6.7,1.8,2.5847,2.8901,2.709,2.8214,2.5813,1.0,1.0,1.0,1.0,1.0,109.0,134.0,64.0,89.0,0.0,2.6530261014699077,3.0,6.0,0.6,0.2,43.0,501.0,0.15449101796407172,0.26766467065868255,10.239520958083832,0.0,4.0,4.0,,10.8768,1.6234,high,1.0,1.0,4,0,0,1.8,1.8,2.0,5-GW avg pts 1.80; mins 26; xGI 0.06; current GWs 4; fixture Elo diff +229,False,False,False,False,False,False,False,False,False,False,False,False,False,False,False,False,False,False,False,False,False,False,False,False,False,False,False,False,False,False,False,False
dd9b0c9710fd270123600531e17f3287ab6c9403,v2-form-workload-blend,d113ff8057aa6718889feec83e2ade33486769ad87a8f3bd5608b9bfc38eda08,2026-09-18T10:40:22.090068+00:00,611695,605,Malick,Yalcouyé,Yalcouyé,36,Brighton,BHA,Midfielder,a,False,4.5,3.9,2.2411,2.9663,3.009,2.8547,2.5632,1.0,1.0,1.0,1.0,1.0,131.0,221.0,66.0,66.0,0.0,1.6530261014699075,3.0,5.0,0.8,0.6,57.75,231.0,0.5532467532467532,0.1051948051948052,7.012987012987013,0.0,,,,10.8543,2.4121,high,1.0,1.0,4,0,0,3.8,3.8,4.8,5-GW avg pts 3.80; mins 46; xGI 0.34; current GWs 4; fixture Elo diff -55,False,False,False,False,False,False,False,False,False,False,False,False,False,False,False,False,False,False,False,False,False,False,False,False,False,False,False,False,False,False,False,False
dd9b0c9710fd270123600531e17f3287ab6c9403,v2-form-workload-blend,d113ff8057aa6718889feec83e2ade33486769ad87a8f3bd5608b9bfc38eda08,2026-09-18T10:40:22.090068+00:00,451284,175,Milan,van Ewijk,van Ewijk,9,Coventry City,COV,Defender,a,False,4.0,9.7,2.6055,2.6718,2.6381,2.7456,3.0097,1.0,1.0,1.0,1.0,1.0,90.0,180.0,0.0,0.0,0.0,4.903026101469908,2.0,5.0,1.0,1.0,90.0,360.0,0.0,0.07499999999999998,6.75,0.0,,,,10.8483,2.7121,high,0.8,0.8,4,0,0,1.5,1.5,1.5,5-GW avg pts 1.50; mins 90; xGI 0.07; current GWs 4; fixture Elo diff -136,False,False,False,False,False,False,False,False,False,False,False,False,False,False,False,False,False,False,False,False,False,False,False,False,False,False,False,False,False,False,False,False
dd9b0c9710fd270123600531e17f3287ab6c9403,v2-form-workload-blend,d113ff8057aa6718889feec83e2ade33486769ad87a8f3bd5608b9bfc38eda08,2026-09-18T10:40:22.090068+00:00,440993,237,Iliman,Ndiaye,Ndiaye,43,Man City,MCI,Midfielder,a,False,5.9,7.6,2.7588,2.609,2.8046,2.609,2.7763,1.0,1.0,1.0,1.0,1.0,45.0,160.0,0.0,28.0,0.0,4.798859434803241,3.0,9.0,1.0,0.8,80.2,851.0,0.2009400705052879,0.06451233842538184,8.35487661574618,0.0,,,,10.8426,1.8377,high,1.0,1.0,4,0,0,3.8,3.8,4.2,5-GW avg pts 3.80; mins 80; xGI 0.16; current GWs 4; fixture Elo diff +161,False,False,False,False,False,False,False,False,False,False,False,False,False,False,False,False,False,False,False,False,False,False,False,False,False,False,False,False,False,False,False,False
dd9b0c9710fd270123600531e17f3287ab6c9403,v2-form-workload-blend,d113ff8057aa6718889feec83e2ade33486769ad87a8f3bd5608b9bfc38eda08,2026-09-18T10:40:22.090068+00:00,489639,109,Bart,Verbruggen,Verbruggen,36,Brighton,BHA,Goalkeeper,a,False,4.5,21.6,2.1156,3.2928,2.9045,2.7649,2.3967,1.0,1.0,1.0,1.0,1.0,90.0,180.0,0.0,0.0,0.0,4.903026101469908,2.0,6.0,1.0,1.0,90.0,900.0,0.0,0.02099999999999999,0.0,2.5,,,,10.7762,2.3947,high,1.0,1.0,4,0,0,3.8,3.8,4.2,5-GW avg pts 3.80; mins 90; xGI 0.04; current GWs 4; fixture Elo diff -55,False,False,False,False,False,False,False,False,False,False,False,False,False,False,False,False,False,False,False,False,False,False,False,False,False,False,False,False,False,False,False,False
dd9b0c9710fd270123600531e17f3287ab6c9403,v2-form-workload-blend,d113ff8057aa6718889feec83e2ade33486769ad87a8f3bd5608b9bfc38eda08,2026-09-18T10:40:22.090068+00:00,173774,598,Nico,Elvedi,Elvedi,2,Leeds,LEE,Defender,a,False,4.5,0.0,2.8766,2.1574,2.6894,3.0213,2.8123,1.0,1.0,1.0,1.0,1.0,90.0,180.0,0.0,0.0,0.0,3.6530261014699077,2.0,4.0,0.75,0.5,78.66666666666667,236.0,0.019067796610169493,0.2173728813559322,9.533898305084746,0.0,,,,10.772,2.3938,high,0.8,0.8,4,0,0,1.75,1.75,1.8,5-GW avg pts 1.75; mins 59; xGI 0.15; current GWs 4; fixture Elo diff -81,False,False,False,False,False,False,False,False,False,False,False,False,False,False,False,False,False,False,False,False,False,False,False,False,False,False,False,False,False,False,False,False
dd9b0c9710fd270123600531e17f3287ab6c9403,v2-form-workload-blend,d113ff8057aa6718889feec83e2ade33486769ad87a8f3bd5608b9bfc38eda08,2026-09-18T10:40:22.090068+00:00,88894,46,Ross,Barkley,Barkley,7,Aston Villa,AVL,Midfielder,a,False,5.0,0.3,2.7433,2.7402,2.631,2.3907,2.8106,1.0,1.0,1.0,1.0,1.0,153.0,265.0,90.0,112.0,0.0,1.6530261014699075,4.0,7.0,1.0,1.0,77.4,680.0,0.16014705882352936,0.03970588235294115,6.088235294117647,0.0,,4.0,,10.6741,2.1348,high,1.0,1.0,4,0,0,2.8,2.8,2.2,5-GW avg pts 2.80; mins 77; xGI 0.12; current GWs 4; fixture Elo diff +74,False,False,False,False,False,False,False,False,False,False,False,False,False,False,False,False,False,False,False,False,False,False,False,False,False,False,False,False,False,False,False,False
dd9b0c9710fd270123600531e17f3287ab6c9403,v2-form-workload-blend,d113ff8057aa6718889feec83e2ade33486769ad87a8f3bd5608b9bfc38eda08,2026-09-18T10:40:22.090068+00:00,551499,377,Victor,Munoz,Munoz,14,Liverpool,LIV,Midfielder,a,False,6.5,1.0,2.7415,2.5751,2.7753,2.9056,2.2267,1.0,1.0,1.0,1.0,1.0,60.0,154.0,0.0,30.0,0.0,5.861359434803241,3.0,8.0,1.0,0.5,59.75,239.0,0.1958158995815899,0.09414225941422591,4.895397489539749,0.0,,,,10.6493,1.6384,high,0.8,0.8,4,0,0,3.5,3.5,3.5,5-GW avg pts 3.50; mins 60; xGI 0.19; current GWs 4; fixture Elo diff -6,False,False,False,False,False,False,False,False,False,False,False,False,False,False,False,False,False,False,False,False,False,False,False,False,False,False,False,False,False,False,False,False
dd9b0c9710fd270123600531e17f3287ab6c9403,v2-form-workload-blend,d113ff8057aa6718889feec83e2ade33486769ad87a8f3bd5608b9bfc38eda08,2026-09-18T10:40:22.090068+00:00,231416,113,Ferdi,Kadıoğlu,F.Kadıoğlu,36,Brighton,BHA,Defender,a,False,4.4,1.6,2.1426,3.0184,3.0754,2.7229,2.2854,1.0,1.0,1.0,1.0,1.0,106.0,184.0,16.0,16.0,0.0,1.6530261014699075,3.0,6.0,0.8,0.8,86.75,797.0,0.060978670012547025,0.11179422835633623,3.274780426599749,0.0,,3.0,,10.5968,2.4084,high,1.0,1.0,4,0,0,1.8,1.8,2.0,5-GW avg pts 1.80; mins 69; xGI 0.05; current GWs 4; fixture Elo diff -55,False,False,False,False,False,False,False,False,False,False,False,False,False,False,False,False,False,False,False,False,False,False,False,False,False,False,False,False,False,False,False,False
dd9b0c9710fd270123600531e17f3287ab6c9403,v2-form-workload-blend,d113ff8057aa6718889feec83e2ade33486769ad87a8f3bd5608b9bfc38eda08,2026-09-18T10:40:22.090068+00:00,231065,91,Ethan,Pinnock,Pinnock,9,Coventry City,COV,Defender,a,False,4.5,0.1,2.5067,2.6686,2.4946,2.7419,2.8848,1.0,1.0,1.0,1.0,1.0,168.0,258.0,78.0,78.0,0.0,1.6530261014699075,3.0,5.0,0.6,0.4,64.0,192.0,0.056249999999999946,0.0,11.71875,0.0,,,,10.5543,2.3454,high,1.0,1.0,4,0,0,1.2,1.2,1.5,5-GW avg pts 1.20; mins 38; xGI 0.02; current GWs 4; fixture Elo diff -136,False,False,False,False,False,False,False,False,False,False,False,False,False,False,False,False,False,False,False,False,False,False,False,False,False,False,False,False,False,False,False,False
dd9b0c9710fd270123600531e17f3287ab6c9403,v2-form-workload-blend,d113ff8057aa6718889feec83e2ade33486769ad87a8f3bd5608b9bfc38eda08,2026-09-18T10:40:22.090068+00:00,540324,286,Mohamed,Belloumi,Belloumi,88,Hull City,HUL,Midfielder,a,False,5.1,3.8,2.4669,2.8297,2.5715,2.7372,2.6111,1.0,1.0,1.0,1.0,1.0,60.0,142.0,0.0,0.0,0.0,5.861359434803241,2.0,7.0,1.0,0.75,78.0,312.0,0.1067307692307692,0.03461538461538458,9.51923076923077,0.0,,2.0,2.0,10.5536,2.0693,high,0.8,0.8,4,0,0,6.75,6.75,6.8,5-GW avg pts 6.75; mins 78; xGI 0.12; current GWs 4; fixture Elo diff -253,False,False,False,False,False,False,False,False,False,False,False,False,False,False,False,False,False,False,False,False,False,False,False,False,False,False,False,False,False,False,False,False
dd9b0c9710fd270123600531e17f3287ab6c9403,v2-form-workload-blend,d113ff8057aa6718889feec83e2ade33486769ad87a8f3bd5608b9bfc38eda08,2026-09-18T10:40:22.090068+00:00,199798,31,Ezri,Konsa Ngoyo,Konsa,3,Arsenal,ARS,Defender,a,False,4.5,18.5,2.5884,2.7237,2.6086,2.7237,2.5336,1.0,1.0,1.0,1.0,1.0,135.0,315.0,45.0,135.0,0.0,2.6530261014699077,4.0,5.0,0.6,0.4,63.666666666666664,551.0,0.0,0.006533575317604323,6.206896551724138,0.0,,,,10.5533,2.3452,high,1.0,1.0,4,0,0,2.2,2.2,2.8,5-GW avg pts 2.20; mins 38; xGI 0.00; current GWs 4; fixture Elo diff +229,False,False,False,False,False,False,False,False,False,False,False,False,False,False,False,False,False,False,False,False,False,False,False,False,False,False,False,False,False,False,False,False
dd9b0c9710fd270123600531e17f3287ab6c9403,v2-form-workload-blend,d113ff8057aa6718889feec83e2ade33486769ad87a8f3bd5608b9bfc38eda08,2026-09-18T10:40:22.090068+00:00,444463,145,Wesley,Fofana,Fofana,8,Chelsea,CHE,Defender,a,False,5.0,0.2,2.6004,2.6356,2.5824,2.8411,2.5172,1.0,1.0,1.0,1.0,1.0,86.0,190.0,0.0,14.0,0.0,5.861359434803241,3.0,7.0,0.8,0.8,75.75,598.0,0.01806020066889632,0.015050167224080268,9.632107023411372,0.0,,,,10.5375,2.1075,high,1.0,1.0,4,0,0,0.4,0.4,1.0,5-GW avg pts 0.40; mins 61; xGI 0.02; current GWs 4; fixture Elo diff -10,False,False,False,False,False,False,False,False,False,False,False,False,False,False,False,False,False,False,False,False,False,False,False,False,False,False,False,False,False,False,False,False
dd9b0c9710fd270123600531e17f3287ab6c9403,v2-form-workload-blend,d113ff8057aa6718889feec83e2ade33486769ad87a8f3bd5608b9bfc38eda08,2026-09-18T10:40:22.090068+00:00,195546,41,Emiliano,Buendía Stati,Buendía,7,Aston Villa,AVL,Midfielder,a,False,5.9,0.9,2.717,2.6595,2.5709,2.4448,2.7592,1.0,1.0,1.0,1.0,1.0,89.0,232.0,26.0,94.0,0.0,1.6530261014699075,4.0,8.0,1.0,1.0,80.2,599.0,0.18931552587646072,0.0706176961602671,8.414023372287145,0.0,1.0,3.0,1.0,10.5342,1.7855,high,1.0,1.0,4,0,0,3.0,3.0,2.2,5-GW avg pts 3.00; mins 80; xGI 0.22; current GWs 4; fixture Elo diff +74,False,False,False,False,False,False,False,False,False,False,False,False,False,False,False,False,False,False,False,False,False,False,False,False,False,False,False,False,False,False,False,False
dd9b0c9710fd270123600531e17f3287ab6c9403,v2-form-workload-blend,d113ff8057aa6718889feec83e2ade33486769ad87a8f3bd5608b9bfc38eda08,2026-09-18T10:40:22.090068+00:00,442299,650,David,Affengruber,Affengruber,54,Fulham,FUL,Defender,a,False,4.5,0.0,2.5457,2.7178,2.7355,2.7985,2.2416,1.0,1.0,1.0,1.0,1.0,90.0,90.0,0.0,0.0,0.0,5.861359434803241,1.0,1.0,0.5,0.5,90.0,90.0,,,,,,,,10.484,2.3298,low,0.4,0.4,2,0,0,4.0,4.0,4.0,5-GW avg pts 4.00; mins 45; xGI 0.00; current GWs 2; fixture Elo diff +79,False,False,False,False,False,False,False,False,False,False,False,False,False,False,False,False,False,False,False,False,False,False,False,False,False,False,False,False,False,False,False,False
dd9b0c9710fd270123600531e17f3287ab6c9403,v2-form-workload-blend,d113ff8057aa6718889feec83e2ade33486769ad87a8f3bd5608b9bfc38eda08,2026-09-18T10:40:22.090068+00:00,154043,649,Ainsley,Maitland-Niles,Maitland-Niles,11,Everton,EVE,Defender,a,False,4.5,0.8,2.8868,2.6699,2.7564,2.0245,2.5755,1.0,1.0,1.0,1.0,1.0,165.0,178.0,90.0,90.0,0.0,1.6634427681365742,3.0,3.0,1.0,0.5,43.5,87.0,,,,,,,,10.4572,2.3238,low,0.4,0.4,2,0,0,6.5,6.5,6.5,5-GW avg pts 6.50; mins 44; xGI 0.10; current GWs 2; fixture Elo diff +22,False,False,False,False,False,False,False,False,False,False,False,False,False,False,False,False,False,False,False,False,False,False,False,False,False,False,False,False,False,False,False,False
dd9b0c9710fd270123600531e17f3287ab6c9403,v2-form-workload-blend,d113ff8057aa6718889feec83e2ade33486769ad87a8f3bd5608b9bfc38eda08,2026-09-18T10:40:22.090068+00:00,513086,93,Jannik,Schuster,Schuster,94,Brentford,BRE,Defender,a,False,4.5,0.1,2.5937,2.4662,2.6312,2.7678,2.6525,1.0,1.0,1.0,1.0,1.0,119.0,192.0,29.0,29.0,0.0,2.6530261014699077,3.0,4.0,0.5,0.5,81.5,163.0,,,,,,,,10.4471,2.3216,high,0.8,0.8,4,0,0,1.75,1.75,1.8,5-GW avg pts 1.75; mins 41; xGI 0.03; current GWs 4; fixture Elo diff +33,False,False,False,False,False,False,False,False,False,False,False,False,False,False,False,False,False,False,False,False,False,False,False,False,False,False,False,False,False,False,False,False
dd9b0c9710fd270123600531e17f3287ab6c9403,v2-form-workload-blend,d113ff8057aa6718889feec83e2ade33486769ad87a8f3bd5608b9bfc38eda08,2026-09-18T10:40:22.090068+00:00,440089,96,Mikkel,Damsgaard,Damsgaard,94,Brentford,BRE,Midfielder,a,False,5.4,0.4,2.7096,2.5169,2.6341,2.4328,2.7334,1.0,1.0,1.0,1.0,1.0,120.0,206.0,90.0,90.0,0.0,2.6530261014699077,3.0,7.0,1.0,0.4,40.8,632.0,0.12531645569620248,0.24920886075949364,11.10759493670886,0.0,,2.0,3.0,10.4252,1.9306,high,1.0,1.0,4,0,0,2.8,2.8,3.2,5-GW avg pts 2.80; mins 41; xGI 0.18; current GWs 4; fixture Elo diff +33,False,False,False,False,False,False,False,False,False,False,False,False,False,False,False,False,False,False,False,False,False,False,False,False,False,False,False,False,False,False,False,False
dd9b0c9710fd270123600531e17f3287ab6c9403,v2-form-workload-blend,d113ff8057aa6718889feec83e2ade33486769ad87a8f3bd5608b9bfc38eda08,2026-09-18T10:40:22.090068+00:00,435997,336,Noah,Okafor,Okafor,2,Leeds,LEE,Midfielder,a,False,5.8,0.4,2.8371,2.1481,2.7515,2.6933,2.5829,1.0,1.0,1.0,1.0,1.0,72.0,157.0,0.0,23.0,0.0,3.6530261014699077,3.0,8.0,0.8,0.6,56.0,417.0,0.22230215827338126,0.12086330935251795,7.76978417266187,0.0,,,,10.4066,1.7942,high,1.0,1.0,4,0,0,3.0,3.0,3.8,5-GW avg pts 3.00; mins 45; xGI 0.08; current GWs 4; fixture Elo diff -81,False,False,False,False,False,False,False,False,False,False,False,False,False,False,False,False,False,False,False,False,False,False,False,False,False,False,False,False,False,False,False,False
dd9b0c9710fd270123600531e17f3287ab6c9403,v2-form-workload-blend,d113ff8057aa6718889feec83e2ade33486769ad87a8f3bd5608b9bfc38eda08,2026-09-18T10:40:22.090068+00:00,550615,242,Tyrique,George,George,11,Everton,EVE,Midfielder,a,False,5.5,0.9,2.6986,2.5983,2.8871,2.025,2.7097,1.0,1.0,1.0,1.0,1.0,78.0,168.0,13.0,13.0,0.0,1.6634427681365742,3.0,8.0,1.0,0.8,65.2,388.0,0.09742268041237107,0.30850515463917516,5.798969072164948,0.0,,,,10.39,1.8891,high,1.0,1.0,4,0,0,3.8,3.8,4.5,5-GW avg pts 3.80; mins 65; xGI 0.13; current GWs 4; fixture Elo diff +22,False,False,False,False,False,False,False,False,False,False,False,False,False,False,False,False,False,False,False,False,False,False,False,False,False,False,False,False,False,False,False,False
dd9b0c9710fd270123600531e17f3287ab6c9403,v2-form-workload-blend,d113ff8057aa6718889feec83e2ade33486769ad87a8f3bd5608b9bfc38eda08,2026-09-18T10:40:22.090068+00:00,460028,149,Levi,Samuels Colwill,Colwill,8,Chelsea,CHE,Defender,a,False,4.9,0.9,2.485,2.5938,2.5843,2.7034,2.5763,1.0,1.0,1.0,1.0,1.0,90.0,166.0,0.0,76.0,0.0,5.861359434803241,2.0,5.0,0.8,0.8,85.25,476.0,0.0018907563025210084,0.030252100840336114,8.319327731092438,0.0,,,,10.3251,2.1072,high,1.0,1.0,4,0,0,1.0,1.0,0.5,5-GW avg pts 1.00; mins 68; xGI 0.03; current GWs 4; fixture Elo diff -10,False,False,False,False,False,False,False,False,False,False,False,False,False,False,False,False,False,False,False,False,False,False,False,False,False,False,False,False,False,False,False,False
dd9b0c9710fd270123600531e17f3287ab6c9403,v2-form-workload-blend,d113ff8057aa6718889feec83e2ade33486769ad87a8f3bd5608b9bfc38eda08,2026-09-18T10:40:22.090068+00:00,485711,439,Benjamin,Sesko,Šeško,1,Man Utd,MUN,Forward,a,False,7.0,1.8,2.4906,2.8099,2.5096,2.5223,2.4851,1.0,1.0,1.0,1.0,1.0,89.0,173.0,66.0,130.0,0.0,1.6530261014699075,4.0,6.0,0.8,0.0,19.0,287.0,0.6585365853658539,0.01881533101045293,4.076655052264808,0.0,,,,10.2839,1.4691,high,1.0,1.0,4,0,0,1.6,1.6,2.0,5-GW avg pts 1.60; mins 15; xGI 0.08; current GWs 4; fixture Elo diff +97,False,False,False,False,False,False,False,False,False,False,False,False,False,False,False,False,False,False,False,False,False,False,False,False,False,False,False,False,False,False,False,False
dd9b0c9710fd270123600531e17f3287ab6c9403,v2-form-workload-blend,d113ff8057aa6718889feec83e2ade33486769ad87a8f3bd5608b9bfc38eda08,2026-09-18T10:40:22.090068+00:00,242898,209,Brennan,Johnson,Johnson,11,Everton,EVE,Midfielder,a,False,5.9,0.1,2.649,2.5251,2.7285,2.1394,2.598,1.0,1.0,1.0,1.0,1.0,107.0,173.0,32.0,32.0,0.0,1.6634427681365742,3.0,8.0,0.8,0.4,43.25,596.0,0.12382550335570469,0.09211409395973151,7.701342281879195,0.0,,,,10.1608,1.7222,high,1.0,1.0,4,0,0,1.2,1.2,1.5,5-GW avg pts 1.20; mins 35; xGI 0.09; current GWs 4; fixture Elo diff +22,False,False,False,False,False,False,False,False,False,False,False,False,False,False,False,False,False,False,False,False,False,False,False,False,False,False,False,False,False,False,False,False
dd9b0c9710fd270123600531e17f3287ab6c9403,v2-form-workload-blend,d113ff8057aa6718889feec83e2ade33486769ad87a8f3bd5608b9bfc38eda08,2026-09-18T10:40:22.090068+00:00,488024,211,Yéremy,Pino Santos,Yeremy,31,Crystal Palace,CRY,Midfielder,a,False,5.5,0.4,2.5299,2.5661,2.5083,2.5661,2.5299,1.0,1.0,1.0,1.0,1.0,37.0,199.0,0.0,73.0,0.0,5.861359434803241,3.0,5.0,1.0,0.4,54.2,509.0,0.1379174852652259,0.18919449901768168,7.426326129666012,0.0,,1.0,1.0,10.1602,1.8473,high,1.0,1.0,4,0,0,3.2,3.2,3.0,5-GW avg pts 3.20; mins 54; xGI 0.27; current GWs 4; fixture Elo diff -11,False,False,False,False,False,False,False,False,False,False,False,False,False,False,False,False,False,False,False,False,False,False,False,False,False,False,False,False,False,False,False,False
dd9b0c9710fd270123600531e17f3287ab6c9403,v2-form-workload-blend,d113ff8057aa6718889feec83e2ade33486769ad87a8f3bd5608b9bfc38eda08,2026-09-18T10:40:22.090068+00:00,437505,553,Wilson,Isidor,Isidor,56,Sunderland,SUN,Forward,a,False,5.5,1.4,2.33,2.5624,2.4804,2.5572,2.8763,1.0,1.0,1.0,1.0,1.0,87.0,192.0,67.0,146.0,0.0,1.6530261014699075,4.0,7.0,1.0,0.0,24.8,186.0,1.1903225806451614,0.10645161290322572,4.838709677419355,0.0,,,,10.1363,1.843,high,1.0,1.0,4,0,0,3.0,3.0,3.5,5-GW avg pts 3.00; mins 25; xGI 0.32; current GWs 4; fixture Elo diff -93,False,False,False,False,False,False,False,False,False,False,False,False,False,False,False,False,False,False,False,False,False,False,False,False,False,False,False,False,False,False,False,False
dd9b0c9710fd270123600531e17f3287ab6c9403,v2-form-workload-blend,d113ff8057aa6718889feec83e2ade33486769ad87a8f3bd5608b9bfc38eda08,2026-09-18T10:40:22.090068+00:00,547719,459,Lewis,Miley,L.Miley,4,Newcastle,NEW,Midfielder,a,False,5.5,0.1,2.4777,2.8829,2.4097,2.3761,2.4302,1.0,1.0,1.0,1.0,1.0,80.0,150.0,0.0,7.0,0.0,3.6530261014699077,3.0,9.0,0.8,0.8,76.5,576.0,0.0078125,0.029687500000000047,10.0,0.0,,5.0,,10.1215,1.8403,high,1.0,1.0,4,0,0,1.6,1.6,2.0,5-GW avg pts 1.60; mins 61; xGI 0.03; current GWs 4; fixture Elo diff +93,False,False,False,False,False,False,False,False,False,False,False,False,False,False,False,False,False,False,False,False,False,False,False,False,False,False,False,False,False,False,False,False
dd9b0c9710fd270123600531e17f3287ab6c9403,v2-form-workload-blend,d113ff8057aa6718889feec83e2ade33486769ad87a8f3bd5608b9bfc38eda08,2026-09-18T10:40:22.090068+00:00,202993,516,Rodrigo,Bentancur,Bentancur,6,Spurs,TOT,Midfielder,a,False,5.5,0.2,2.4255,2.3767,2.8089,2.4576,2.617,1.0,1.0,1.0,1.0,1.0,120.0,210.0,57.0,57.0,0.0,2.6530261014699077,3.0,6.0,1.0,0.8,73.6,760.0,0.034342105263157875,0.028421052631578913,13.5,0.0,,,,10.1022,1.8368,high,1.0,1.0,4,0,0,3.2,3.2,2.8,5-GW avg pts 3.20; mins 74; xGI 0.02; current GWs 4; fixture Elo diff -49,False,False,False,False,False,False,False,False,False,False,False,False,False,False,False,False,False,False,False,False,False,False,False,False,False,False,False,False,False,False,False,False
dd9b0c9710fd270123600531e17f3287ab6c9403,v2-form-workload-blend,d113ff8057aa6718889feec83e2ade33486769ad87a8f3bd5608b9bfc38eda08,2026-09-18T10:40:22.090068+00:00,135720,501,Kevin,Danso,Danso,56,Sunderland,SUN,Defender,a,False,5.0,0.2,2.2906,2.4813,2.3975,2.7337,2.8925,1.0,1.0,1.0,1.0,1.0,174.0,264.0,84.0,84.0,0.0,1.6530261014699075,3.0,4.0,0.6,0.6,90.0,720.0,0.04124999999999999,0.028749999999999998,9.125,0.0,,,,10.0908,2.0182,high,1.0,1.0,4,0,0,2.2,2.2,0.8,5-GW avg pts 2.20; mins 54; xGI 0.07; current GWs 4; fixture Elo diff -93,False,False,False,False,False,False,False,False,False,False,False,False,False,False,False,False,False,False,False,False,False,False,False,False,False,False,False,False,False,False,False,False
dd9b0c9710fd270123600531e17f3287ab6c9403,v2-form-workload-blend,d113ff8057aa6718889feec83e2ade33486769ad87a8f3bd5608b9bfc38eda08,2026-09-18T10:40:22.090068+00:00,551226,525,Mateus,Fernandes,Fernandes,6,Spurs,TOT,Midfielder,a,False,5.8,0.8,2.5689,2.3408,2.7409,2.3445,2.6291,1.0,1.0,1.0,1.0,1.0,96.0,103.0,33.0,33.0,0.0,2.6530261014699077,3.0,8.0,1.0,0.6,58.8,744.0,0.10403225806451613,0.09193548387096771,10.161290322580646,0.0,,2.0,,10.0869,1.7391,high,1.0,1.0,4,0,0,3.0,3.0,1.5,5-GW avg pts 3.00; mins 59; xGI 0.11; current GWs 4; fixture Elo diff -49,False,False,False,False,False,False,False,False,False,False,False,False,False,False,False,False,False,False,False,False,False,False,False,False,False,False,False,False,False,False,False,False
dd9b0c9710fd270123600531e17f3287ab6c9403,v2-form-workload-blend,d113ff8057aa6718889feec83e2ade33486769ad87a8f3bd5608b9bfc38eda08,2026-09-18T10:40:22.090068+00:00,514356,161,Roméo,Lavia,Lavia,8,Chelsea,CHE,Midfielder,a,False,5.0,0.2,2.4684,2.5395,2.4813,2.5722,2.5295,1.0,1.0,1.0,1.0,1.0,69.0,129.0,0.0,0.0,0.0,5.861359434803241,2.0,8.0,0.8,0.6,64.5,389.0,0.18971722365038557,0.048586118251928,9.254498714652957,0.0,,,,10.0572,2.0114,high,1.0,1.0,4,0,0,2.2,2.2,2.8,5-GW avg pts 2.20; mins 52; xGI 0.17; current GWs 4; fixture Elo diff -10,False,False,False,False,False,False,False,False,False,False,False,False,False,False,False,False,False,False,False,False,False,False,False,False,False,False,False,False,False,False,False,False
dd9b0c9710fd270123600531e17f3287ab6c9403,v2-form-workload-blend,d113ff8057aa6718889feec83e2ade33486769ad87a8f3bd5608b9bfc38eda08,2026-09-18T10:40:22.090068+00:00,482973,491,Igor Jesus,Maciel da Cruz,Igor Jesus,17,Nott'm Forest,NFO,Forward,a,False,5.8,2.7,2.9129,2.514,2.019,2.4544,2.5048,1.0,1.0,1.0,1.0,1.0,15.0,46.0,0.0,0.0,0.0,5.861359434803241,2.0,6.0,1.0,0.6,63.2,637.0,0.39419152276295133,0.02401883830455257,5.934065934065934,0.0,4.0,,,10.0117,1.7262,high,1.0,1.0,4,0,0,2.6,2.6,2.8,5-GW avg pts 2.60; mins 63; xGI 0.27; current GWs 4; fixture Elo diff +21,False,False,False,False,False,False,False,False,False,False,False,False,False,False,False,False,False,False,False,False,False,False,False,False,False,False,False,False,False,False,False,False
dd9b0c9710fd270123600531e17f3287ab6c9403,v2-form-workload-blend,d113ff8057aa6718889feec83e2ade33486769ad87a8f3bd5608b9bfc38eda08,2026-09-18T10:40:22.090068+00:00,571779,570,César,Palacios,Palacios,54,Fulham,FUL,Midfielder,a,False,5.4,0.2,2.4673,2.431,2.4808,2.7298,2.3749,1.0,1.0,1.0,1.0,1.0,90.0,151.0,90.0,90.0,0.0,2.663442768136574,2.0,7.0,0.75,0.75,69.0,207.0,0.42608695652173917,0.013043478260869523,5.6521739130434785,0.0,,,,9.9756,1.8473,high,0.8,0.8,4,0,0,2.75,2.75,2.8,5-GW avg pts 2.75; mins 52; xGI 0.25; current GWs 4; fixture Elo diff +79,False,False,False,False,False,False,False,False,False,False,False,False,False,False,False,False,False,False,False,False,False,False,False,False,False,False,False,False,False,False,False,False
dd9b0c9710fd270123600531e17f3287ab6c9403,v2-form-workload-blend,d113ff8057aa6718889feec83e2ade33486769ad87a8f3bd5608b9bfc38eda08,2026-09-18T10:40:22.090068+00:00,240514,564,Kjell,Scherpen,Scherpen,40,Ipswich Town,IPS,Goalkeeper,a,False,4.5,0.6,2.3775,2.4929,2.0939,2.4929,3.215,1.0,1.0,1.0,1.0,1.0,90.0,180.0,0.0,0.0,0.0,5.861359434803241,2.0,5.0,0.8,0.8,90.0,360.0,0.0,0.0025,0.0,3.75,,,,9.9703,2.2156,high,1.0,1.0,4,0,0,1.4,1.4,1.8,5-GW avg pts 1.40; mins 72; xGI 0.00; current GWs 4; fixture Elo diff -148,False,False,False,False,False,False,False,False,False,False,False,False,False,False,False,False,False,False,False,False,False,False,False,False,False,False,False,False,False,False,False,False
dd9b0c9710fd270123600531e17f3287ab6c9403,v2-form-workload-blend,d113ff8057aa6718889feec83e2ade33486769ad87a8f3bd5608b9bfc38eda08,2026-09-18T10:40:22.090068+00:00,93605,541,Thomas,Meunier,Meunier,56,Sunderland,SUN,Defender,a,False,4.5,0.3,2.1746,2.5058,2.3336,2.6395,2.9651,1.0,1.0,1.0,1.0,1.0,99.0,188.0,23.0,48.0,0.0,1.6530261014699075,4.0,6.0,1.0,1.0,79.5,318.0,0.09622641509433959,0.036792452830188685,4.528301886792453,0.0,,,,9.9235,2.2052,high,0.8,0.8,4,0,0,2.75,2.75,2.8,5-GW avg pts 2.75; mins 80; xGI 0.12; current GWs 4; fixture Elo diff -93,False,False,False,False,False,False,False,False,False,False,False,False,False,False,False,False,False,False,False,False,False,False,False,False,False,False,False,False,False,False,False,False
dd9b0c9710fd270123600531e17f3287ab6c9403,v2-form-workload-blend,d113ff8057aa6718889feec83e2ade33486769ad87a8f3bd5608b9bfc38eda08,2026-09-18T10:40:22.090068+00:00,200785,73,Tyler,Adams,Adams,91,Bournemouth,BOU,Midfielder,a,False,5.0,0.3,2.5091,2.3638,2.6437,2.3479,2.5193,1.0,1.0,1.0,1.0,1.0,82.0,158.0,0.0,0.0,0.0,5.861359434803241,2.0,4.0,1.0,0.6,56.4,529.0,0.008506616257088857,0.04933837429111528,12.759924385633271,0.0,,,,9.9066,1.9813,high,1.0,1.0,4,0,0,2.4,2.4,2.0,5-GW avg pts 2.40; mins 56; xGI 0.02; current GWs 4; fixture Elo diff +34,False,False,False,False,False,False,False,False,False,False,False,False,False,False,False,False,False,False,False,False,False,False,False,False,False,False,False,False,False,False,False,False
dd9b0c9710fd270123600531e17f3287ab6c9403,v2-form-workload-blend,d113ff8057aa6718889feec83e2ade33486769ad87a8f3bd5608b9bfc38eda08,2026-09-18T10:40:22.090068+00:00,248056,345,Tanaka,Ao,Tanaka,2,Leeds,LEE,Midfielder,a,False,4.9,0.3,2.6918,1.9941,2.6344,2.5993,2.4745,1.0,1.0,1.0,1.0,1.0,72.0,168.0,0.0,23.0,0.0,3.6530261014699077,3.0,8.0,0.8,0.6,66.25,663.0,0.1031674208144796,0.043438914027149285,10.85972850678733,0.0,,4.0,,9.8982,2.02,high,1.0,1.0,4,0,0,3.2,3.2,3.0,5-GW avg pts 3.20; mins 53; xGI 0.13; current GWs 4; fixture Elo diff -81,False,False,False,False,False,False,False,False,False,False,False,False,False,False,False,False,False,False,False,False,False,False,False,False,False,False,False,False,False,False,False,False
dd9b0c9710fd270123600531e17f3287ab6c9403,v2-form-workload-blend,d113ff8057aa6718889feec83e2ade33486769ad87a8f3bd5608b9bfc38eda08,2026-09-18T10:40:22.090068+00:00,547701,522,Archie,Gray,Gray,6,Spurs,TOT,Midfielder,a,False,4.9,0.2,2.4253,2.2697,2.8531,2.2308,2.6294,1.0,1.0,1.0,1.0,1.0,175.0,175.0,90.0,90.0,0.0,2.6530261014699077,2.0,8.0,0.8,0.6,61.0,277.0,0.04223826714801445,0.012996389891696786,8.12274368231047,0.0,,,,9.8897,2.0183,high,1.0,1.0,4,0,0,1.6,1.6,1.8,5-GW avg pts 1.60; mins 49; xGI 0.03; current GWs 4; fixture Elo diff -49,False,False,False,False,False,False,False,False,False,False,False,False,False,False,False,False,False,False,False,False,False,False,False,False,False,False,False,False,False,False,False,False
dd9b0c9710fd270123600531e17f3287ab6c9403,v2-form-workload-blend,d113ff8057aa6718889feec83e2ade33486769ad87a8f3bd5608b9bfc38eda08,2026-09-18T10:40:22.090068+00:00,449429,306,Jacob,Greaves,Greaves,40,Ipswich Town,IPS,Defender,a,False,4.0,1.1,2.3338,2.5204,2.0793,2.5204,3.0764,1.0,1.0,1.0,1.0,1.0,178.0,268.0,90.0,90.0,0.0,2.6530261014699077,3.0,7.0,1.0,1.0,89.25,357.0,0.0,0.015126050420168043,7.563025210084033,0.0,,,,9.8757,2.4689,high,0.8,0.8,4,0,0,0.75,0.75,0.8,5-GW avg pts 0.75; mins 89; xGI 0.01; current GWs 4; fixture Elo diff -148,False,False,False,False,False,False,False,False,False,False,False,False,False,False,False,False,False,False,False,False,False,False,False,False,False,False,False,False,False,False,False,False
dd9b0c9710fd270123600531e17f3287ab6c9403,v2-form-workload-blend,d113ff8057aa6718889feec83e2ade33486769ad87a8f3bd5608b9bfc38eda08,2026-09-18T10:40:22.090068+00:00,472739,110,Carl,Rushworth,Rushworth,9,Coventry City,COV,Goalkeeper,a,False,4.5,0.8,2.3938,2.3926,2.4361,2.4528,2.7559,1.0,1.0,1.0,1.0,1.0,90.0,180.0,0.0,0.0,0.0,4.903026101469908,2.0,5.0,0.8,0.8,90.0,360.0,0.0,0.005,0.0,1.75,,,,9.8665,2.1925,high,1.0,1.0,4,0,0,1.0,1.0,1.2,5-GW avg pts 1.00; mins 72; xGI 0.00; current GWs 4; fixture Elo diff -136,False,False,False,False,False,False,False,False,False,False,False,False,False,False,False,False,False,False,False,False,False,False,False,False,False,False,False,False,False,False,False,False
dd9b0c9710fd270123600531e17f3287ab6c9403,v2-form-workload-blend,d113ff8057aa6718889feec83e2ade33486769ad87a8f3bd5608b9bfc38eda08,2026-09-18T10:40:22.090068+00:00,607464,88,Michael,Kayode,Kayode,94,Brentford,BRE,Defender,a,False,4.6,7.9,2.4981,2.3755,2.438,2.4828,2.553,1.0,1.0,1.0,1.0,1.0,109.0,154.0,90.0,90.0,0.0,2.6530261014699077,3.0,7.0,1.0,0.6,63.2,766.0,0.1304177545691906,0.0681462140992167,4.347258485639687,0.0,,,,9.8562,2.1426,high,1.0,1.0,4,0,0,3.8,3.8,4.2,5-GW avg pts 3.80; mins 63; xGI 0.18; current GWs 4; fixture Elo diff +33,False,False,False,False,False,False,False,False,False,False,False,False,False,False,False,False,False,False,False,False,False,False,False,False,False,False,False,False,False,False,False,False
dd9b0c9710fd270123600531e17f3287ab6c9403,v2-form-workload-blend,d113ff8057aa6718889feec83e2ade33486769ad87a8f3bd5608b9bfc38eda08,2026-09-18T10:40:22.090068+00:00,168144,184,Matt,Grimes,Grimes,9,Coventry City,COV,Midfielder,a,False,4.9,0.1,2.346,2.4548,2.4033,2.4555,2.7263,1.0,1.0,1.0,1.0,1.0,84.0,174.0,0.0,0.0,0.0,4.903026101469908,2.0,5.0,1.0,1.0,88.25,353.0,0.025495750708215296,0.01784702549575071,7.138810198300283,0.0,3.0,1.0,,9.8326,2.0067,high,0.8,0.8,4,0,0,2.0,2.0,2.0,5-GW avg pts 2.00; mins 88; xGI 0.04; current GWs 4; fixture Elo diff -136,False,False,False,False,False,False,False,False,False,False,False,False,False,False,False,False,False,False,False,False,False,False,False,False,False,False,False,False,False,False,False,False
dd9b0c9710fd270123600531e17f3287ab6c9403,v2-form-workload-blend,d113ff8057aa6718889feec83e2ade33486769ad87a8f3bd5608b9bfc38eda08,2026-09-18T10:40:22.090068+00:00,214590,611,Aaron,Wan-Bissaka,Wan-Bissaka,7,Aston Villa,AVL,Defender,a,False,4.5,0.2,2.4911,2.4405,2.3284,2.3633,2.599,1.0,1.0,1.0,1.0,1.0,180.0,253.0,90.0,158.0,0.0,1.6530261014699075,4.0,5.0,0.8,0.4,42.25,284.0,0.0,0.041197183098591515,8.23943661971831,0.0,,,,9.7639,2.1698,high,1.0,1.0,3,0,0,1.2,1.2,1.7,5-GW avg pts 1.20; mins 34; xGI 0.02; current GWs 3; fixture Elo diff +74,False,False,False,False,False,False,False,False,False,False,False,False,False,False,False,False,False,False,False,False,False,False,False,False,False,False,False,False,False,False,False,False
dd9b0c9710fd270123600531e17f3287ab6c9403,v2-form-workload-blend,d113ff8057aa6718889feec83e2ade33486769ad87a8f3bd5608b9bfc38eda08,2026-09-18T10:40:22.090068+00:00,499169,7,Myles,Lewis-Skelly,Lewis-Skelly,3,Arsenal,ARS,Midfielder,a,False,5.5,0.6,2.3191,2.6088,2.3924,2.5306,2.3132,1.0,1.0,1.0,1.0,1.0,135.0,202.0,90.0,90.0,0.0,2.6530261014699077,3.0,10.0,1.0,0.8,72.2,567.0,0.0253968253968254,0.055555555555555525,3.1746031746031744,0.0,,,,9.7402,1.7709,high,1.0,1.0,4,0,0,2.2,2.2,2.2,5-GW avg pts 2.20; mins 72; xGI 0.08; current GWs 4; fixture Elo diff +229,False,False,False,False,False,False,False,False,False,False,False,False,False,False,False,False,False,False,False,False,False,False,False,False,False,False,False,False,False,False,False,False
dd9b0c9710fd270123600531e17f3287ab6c9403,v2-form-workload-blend,d113ff8057aa6718889feec83e2ade33486769ad87a8f3bd5608b9bfc38eda08,2026-09-18T10:40:22.090068+00:00,605972,633,Honest,Ahanor,Ahanor,31,Crystal Palace,CRY,Defender,a,False,4.5,0.0,2.4,2.5005,2.3547,2.4572,2.4339,1.0,1.0,1.0,1.0,1.0,90.0,180.0,0.0,90.0,0.0,5.861359434803241,2.0,2.0,0.5,0.5,90.0,90.0,,,,,,,,9.7146,2.1588,low,0.4,0.4,2,0,0,1.5,1.5,1.5,5-GW avg pts 1.50; mins 45; xGI 0.01; current GWs 2; fixture Elo diff -11,False,False,False,False,False,False,False,False,False,False,False,False,False,False,False,False,False,False,False,False,False,False,False,False,False,False,False,False,False,False,False,False
dd9b0c9710fd270123600531e17f3287ab6c9403,v2-form-workload-blend,d113ff8057aa6718889feec83e2ade33486769ad87a8f3bd5608b9bfc38eda08,2026-09-18T10:40:22.090068+00:00,533463,95,Dango,Ouattara,O.Dango,94,Brentford,BRE,Midfielder,a,False,6.3,0.5,2.4878,2.3458,2.4969,2.1681,2.5333,1.0,1.0,1.0,1.0,1.0,107.0,152.0,77.0,77.0,0.0,2.6530261014699077,3.0,7.0,1.0,0.4,52.0,641.0,0.35803432137285485,0.12776911076443054,7.441497659906396,0.0,,4.0,,9.6342,1.5292,high,1.0,1.0,4,0,0,1.6,1.6,1.5,5-GW avg pts 1.60; mins 52; xGI 0.20; current GWs 4; fixture Elo diff +33,False,False,False,False,False,False,False,False,False,False,False,False,False,False,False,False,False,False,False,False,False,False,False,False,False,False,False,False,False,False,False,False
dd9b0c9710fd270123600531e17f3287ab6c9403,v2-form-workload-blend,d113ff8057aa6718889feec83e2ade33486769ad87a8f3bd5608b9bfc38eda08,2026-09-18T10:40:22.090068+00:00,531442,315,Abdul,Fatawu,Fatawu,40,Ipswich Town,IPS,Midfielder,a,False,5.4,0.2,2.3869,2.5947,1.9657,2.5947,2.4877,1.0,1.0,1.0,1.0,1.0,62.0,141.0,0.0,0.0,0.0,5.861359434803241,2.0,4.0,1.0,1.0,71.5,286.0,0.009440559440559439,0.26118881118881115,7.5524475524475525,0.0,,2.0,,9.6036,1.7784,high,0.8,0.8,4,0,0,2.25,2.25,2.2,5-GW avg pts 2.25; mins 72; xGI 0.21; current GWs 4; fixture Elo diff -148,False,False,False,False,False,False,False,False,False,False,False,False,False,False,False,False,False,False,False,False,False,False,False,False,False,False,False,False,False,False,False,False
dd9b0c9710fd270123600531e17f3287ab6c9403,v2-form-workload-blend,d113ff8057aa6718889feec83e2ade33486769ad87a8f3bd5608b9bfc38eda08,2026-09-18T10:40:22.090068+00:00,444180,105,Jaidon,Anthony,Anthony,94,Brentford,BRE,Midfielder,a,False,5.9,0.1,2.468,2.3365,2.4254,2.278,2.4688,1.0,1.0,1.0,1.0,1.0,73.0,118.0,13.0,13.0,0.0,2.6530261014699077,3.0,7.0,1.0,0.4,54.2,706.0,0.12620396600566577,0.1007082152974504,7.0113314447592066,0.0,,,,9.587,1.6249,high,1.0,1.0,4,0,0,1.4,1.4,1.2,5-GW avg pts 1.40; mins 54; xGI 0.16; current GWs 4; fixture Elo diff +33,False,False,False,False,False,False,False,False,False,False,False,False,False,False,False,False,False,False,False,False,False,False,False,False,False,False,False,False,False,False,False,False
dd9b0c9710fd270123600531e17f3287ab6c9403,v2-form-workload-blend,d113ff8057aa6718889feec83e2ade33486769ad87a8f3bd5608b9bfc38eda08,2026-09-18T10:40:22.090068+00:00,511499,514,Mathys,Tel,Tel,6,Spurs,TOT,Midfielder,a,False,5.8,0.2,2.404,2.2569,2.5961,2.2863,2.4448,1.0,1.0,1.0,1.0,1.0,112.0,186.0,85.0,85.0,0.0,2.6530261014699077,3.0,9.0,1.0,0.8,65.8,671.0,0.07645305514157974,0.17034277198211628,6.1698956780923995,0.0,,5.0,4.0,9.5793,1.6516,high,1.0,1.0,4,0,0,2.2,2.2,2.0,5-GW avg pts 2.20; mins 66; xGI 0.15; current GWs 4; fixture Elo diff -49,False,False,False,False,False,False,False,False,False,False,False,False,False,False,False,False,False,False,False,False,False,False,False,False,False,False,False,False,False,False,False,False
dd9b0c9710fd270123600531e17f3287ab6c9403,v2-form-workload-blend,d113ff8057aa6718889feec83e2ade33486769ad87a8f3bd5608b9bfc38eda08,2026-09-18T10:40:22.090068+00:00,482609,144,Malo,Gusto,Gusto,8,Chelsea,CHE,Defender,a,False,5.0,1.0,2.3382,2.4309,2.3511,2.4441,2.4209,1.0,1.0,1.0,1.0,1.0,78.0,153.0,0.0,45.0,0.0,5.861359434803241,3.0,7.0,1.0,0.8,71.2,706.0,0.022946175637393765,0.1529745042492918,4.8441926345609065,0.0,,,,9.5702,1.914,high,1.0,1.0,4,0,0,0.6,0.6,1.0,5-GW avg pts 0.60; mins 71; xGI 0.15; current GWs 4; fixture Elo diff -10,False,False,False,False,False,False,False,False,False,False,False,False,False,False,False,False,False,False,False,False,False,False,False,False,False,False,False,False,False,False,False,False
dd9b0c9710fd270123600531e17f3287ab6c9403,v2-form-workload-blend,d113ff8057aa6718889feec83e2ade33486769ad87a8f3bd5608b9bfc38eda08,2026-09-18T10:40:22.090068+00:00,636852,462,Sean,Steur,Steur,4,Newcastle,NEW,Midfielder,a,False,4.9,0.1,2.4265,2.4685,2.3226,2.1323,2.3091,1.0,1.0,1.0,1.0,1.0,71.0,85.0,0.0,1.0,0.0,3.6530261014699077,3.0,11.0,1.0,0.25,39.5,158.0,,,,,,,,9.3843,1.9152,high,0.8,0.8,4,0,0,1.25,1.25,1.2,5-GW avg pts 1.25; mins 40; xGI 0.01; current GWs 4; fixture Elo diff +93,False,False,False,False,False,False,False,False,False,False,False,False,False,False,False,False,False,False,False,False,False,False,False,False,False,False,False,False,False,False,False,False
dd9b0c9710fd270123600531e17f3287ab6c9403,v2-form-workload-blend,d113ff8057aa6718889feec83e2ade33486769ad87a8f3bd5608b9bfc38eda08,2026-09-18T10:40:22.090068+00:00,445087,579,Ronald,Araujo,Araujo,14,Liverpool,LIV,Defender,a,False,5.4,2.9,2.3322,2.3571,2.3727,2.517,2.1157,1.0,1.0,1.0,1.0,1.0,162.0,342.0,90.0,180.0,0.0,2.6530261014699077,4.0,7.0,1.0,0.5,48.5,194.0,0.0,0.023195876288659795,8.814432989690722,0.0,,,,9.383,1.7376,high,0.8,0.8,4,0,0,3.75,3.75,3.8,5-GW avg pts 3.75; mins 48; xGI 0.01; current GWs 4; fixture Elo diff -6,False,False,False,False,False,False,False,False,False,False,False,False,False,False,False,False,False,False,False,False,False,False,False,False,False,False,False,False,False,False,False,False
dd9b0c9710fd270123600531e17f3287ab6c9403,v2-form-workload-blend,d113ff8057aa6718889feec83e2ade33486769ad87a8f3bd5608b9bfc38eda08,2026-09-18T10:40:22.090068+00:00,517052,166,Nicolas,Jackson,N.Jackson,7,Aston Villa,AVL,Forward,a,False,6.5,1.2,2.3541,2.4274,2.2374,2.2402,2.4442,1.0,1.0,1.0,1.0,1.0,66.0,232.0,21.0,102.0,0.0,1.6530261014699075,4.0,8.0,0.6,0.4,66.33333333333333,199.0,0.10854271356783919,0.26231155778894466,2.2613065326633164,0.0,2.0,,,9.3633,1.4405,high,1.0,1.0,4,0,0,0.8,0.8,1.0,5-GW avg pts 0.80; mins 40; xGI 0.16; current GWs 4; fixture Elo diff +74,False,False,False,False,False,False,False,False,False,False,False,False,False,False,False,False,False,False,False,False,False,False,False,False,False,False,False,False,False,False,False,False
dd9b0c9710fd270123600531e17f3287ab6c9403,v2-form-workload-blend,d113ff8057aa6718889feec83e2ade33486769ad87a8f3bd5608b9bfc38eda08,2026-09-18T10:40:22.090068+00:00,200089,460,Joe,Willock,Willock,4,Newcastle,NEW,Midfielder,a,False,5.0,0.5,2.2706,2.4043,2.346,2.3063,2.3885,1.0,1.0,1.0,1.0,1.0,32.0,184.0,0.0,89.0,0.0,3.6530261014699077,3.0,11.0,1.0,0.6,57.6,477.0,0.20566037735849055,0.13018867924528302,4.716981132075472,0.0,,,,9.3588,1.8718,high,1.0,1.0,4,0,0,2.8,2.8,3.0,5-GW avg pts 2.80; mins 58; xGI 0.22; current GWs 4; fixture Elo diff +93,False,False,False,False,False,False,False,False,False,False,False,False,False,False,False,False,False,False,False,False,False,False,False,False,False,False,False,False,False,False,False,False
dd9b0c9710fd270123600531e17f3287ab6c9403,v2-form-workload-blend,d113ff8057aa6718889feec83e2ade33486769ad87a8f3bd5608b9bfc38eda08,2026-09-18T10:40:22.090068+00:00,193278,280,Lewie,Coyle,Coyle,88,Hull City,HUL,Defender,a,False,4.0,0.7,2.1859,2.4553,2.22,2.4334,2.3813,1.0,1.0,1.0,1.0,1.0,82.0,236.0,0.0,90.0,0.0,5.861359434803241,3.0,7.0,1.0,0.75,64.5,258.0,0.04534883720930233,0.010465116279069734,3.13953488372093,0.0,,,,9.3038,2.3259,high,0.8,0.8,4,0,0,3.25,3.25,3.2,5-GW avg pts 3.25; mins 64; xGI 0.04; current GWs 4; fixture Elo diff -253,False,False,False,False,False,False,False,False,False,False,False,False,False,False,False,False,False,False,False,False,False,False,False,False,False,False,False,False,False,False,False,False
dd9b0c9710fd270123600531e17f3287ab6c9403,v2-form-workload-blend,d113ff8057aa6718889feec83e2ade33486769ad87a8f3bd5608b9bfc38eda08,2026-09-18T10:40:22.090068+00:00,487676,534,Trai,Hume,Hume,56,Sunderland,SUN,Defender,a,False,4.4,3.3,2.0491,2.425,2.2081,2.4549,2.5019,1.0,1.0,1.0,1.0,1.0,67.0,183.0,67.0,157.0,0.0,1.6530261014699075,3.0,6.0,0.8,0.6,71.25,640.0,0.05624999999999997,0.09703124999999996,5.203125,0.0,,3.0,,9.2176,2.0949,high,1.0,1.0,4,0,0,3.4,3.4,2.2,5-GW avg pts 3.40; mins 57; xGI 0.14; current GWs 4; fixture Elo diff -93,False,False,False,False,False,False,False,False,False,False,False,False,False,False,False,False,False,False,False,False,False,False,False,False,False,False,False,False,False,False,False,False
dd9b0c9710fd270123600531e17f3287ab6c9403,v2-form-workload-blend,d113ff8057aa6718889feec83e2ade33486769ad87a8f3bd5608b9bfc38eda08,2026-09-18T10:40:22.090068+00:00,536661,551,Nilson,Angulo,N.Angulo,56,Sunderland,SUN,Midfielder,a,False,5.0,0.1,2.0978,2.357,2.2279,2.4396,2.5076,1.0,1.0,1.0,1.0,1.0,93.0,157.0,23.0,23.0,0.0,1.6530261014699075,3.0,5.0,1.0,0.8,62.8,401.0,0.09650872817955113,0.035910224438902676,7.182044887780549,0.0,,,1.0,9.2137,1.8427,high,1.0,1.0,4,0,0,2.6,2.6,3.0,5-GW avg pts 2.60; mins 63; xGI 0.11; current GWs 4; fixture Elo diff -93,False,False,False,False,False,False,False,False,False,False,False,False,False,False,False,False,False,False,False,False,False,False,False,False,False,False,False,False,False,False,False,False
dd9b0c9710fd270123600531e17f3287ab6c9403,v2-form-workload-blend,d113ff8057aa6718889feec83e2ade33486769ad87a8f3bd5608b9bfc38eda08,2026-09-18T10:40:22.090068+00:00,212314,267,Saša,Lukić,Lukić,40,Ipswich Town,IPS,Midfielder,a,False,5.0,0.1,2.2693,2.3615,1.9312,2.3615,2.577,1.0,1.0,1.0,1.0,1.0,86.0,176.0,9.0,9.0,0.0,2.6530261014699077,3.0,5.0,0.8,0.8,82.0,778.0,0.049742930591259615,0.07287917737789201,8.90745501285347,0.0,,1.0,,9.1389,1.8278,high,1.0,1.0,4,0,0,1.8,1.8,2.2,5-GW avg pts 1.80; mins 66; xGI 0.04; current GWs 4; fixture Elo diff -148,False,False,False,False,False,False,False,False,False,False,False,False,False,False,False,False,False,False,False,False,False,False,False,False,False,False,False,False,False,False,False,False
dd9b0c9710fd270123600531e17f3287ab6c9403,v2-form-workload-blend,d113ff8057aa6718889feec83e2ade33486769ad87a8f3bd5608b9bfc38eda08,2026-09-18T10:40:22.090068+00:00,154566,526,Dominic,Solanke-Mitchell,Solanke,6,Spurs,TOT,Forward,a,False,5.8,0.9,2.2367,2.1179,2.4595,2.1308,2.3797,1.0,1.0,1.0,1.0,1.0,68.0,74.0,5.0,5.0,0.0,2.6530261014699077,3.0,7.0,0.8,0.2,26.25,234.0,0.18846153846153846,0.05,6.538461538461538,0.0,1.0,,,9.0298,1.5569,high,1.0,1.0,4,0,0,1.0,1.0,1.2,5-GW avg pts 1.00; mins 21; xGI 0.09; current GWs 4; fixture Elo diff -49,False,False,False,False,False,False,False,False,False,False,False,False,False,False,False,False,False,False,False,False,False,False,False,False,False,False,False,False,False,False,False,False
dd9b0c9710fd270123600531e17f3287ab6c9403,v2-form-workload-blend,d113ff8057aa6718889feec83e2ade33486769ad87a8f3bd5608b9bfc38eda08,2026-09-18T10:40:22.090068+00:00,243016,372,Alexis,Mac Allister,Mac Allister,14,Liverpool,LIV,Midfielder,a,False,5.4,1.3,2.2977,2.1554,2.3036,2.38,1.9769,1.0,1.0,1.0,1.0,1.0,120.0,273.0,90.0,159.0,0.0,2.6530261014699077,4.0,7.0,1.0,0.6,61.2,672.0,0.08169642857142859,0.10312499999999995,8.839285714285714,0.0,5.0,,,8.9325,1.6542,high,1.0,1.0,4,0,0,1.4,1.4,1.5,5-GW avg pts 1.40; mins 61; xGI 0.19; current GWs 4; fixture Elo diff -6,False,False,False,False,False,False,False,False,False,False,False,False,False,False,False,False,False,False,False,False,False,False,False,False,False,False,False,False,False,False,False,False
dd9b0c9710fd270123600531e17f3287ab6c9403,v2-form-workload-blend,d113ff8057aa6718889feec83e2ade33486769ad87a8f3bd5608b9bfc38eda08,2026-09-18T10:40:22.090068+00:00,428580,104,Frank,Onyeka,Onyeka,9,Coventry City,COV,Midfielder,a,False,4.9,0.1,2.1857,2.1654,2.2062,2.2803,2.3136,1.0,1.0,1.0,1.0,1.0,90.0,153.0,17.0,17.0,0.0,1.6530261014699075,3.0,5.0,0.6,0.6,74.66666666666667,224.0,0.012053571428571427,0.008035714285714287,7.633928571428571,0.0,,,,8.8839,1.813,high,1.0,1.0,4,0,0,1.2,1.2,1.5,5-GW avg pts 1.20; mins 45; xGI 0.01; current GWs 4; fixture Elo diff -136,False,False,False,False,False,False,False,False,False,False,False,False,False,False,False,False,False,False,False,False,False,False,False,False,False,False,False,False,False,False,False,False
dd9b0c9710fd270123600531e17f3287ab6c9403,v2-form-workload-blend,d113ff8057aa6718889feec83e2ade33486769ad87a8f3bd5608b9bfc38eda08,2026-09-18T10:40:22.090068+00:00,121709,199,Walter,Benítez,Benitez,31,Crystal Palace,CRY,Goalkeeper,a,False,4.5,0.1,2.1698,2.2745,2.1233,2.3199,2.1969,1.0,1.0,1.0,1.0,1.0,90.0,180.0,0.0,90.0,0.0,5.861359434803241,2.0,5.0,0.2,0.2,90.0,90.0,,,,,,,,8.8576,1.9684,high,1.0,1.0,4,0,0,0.4,0.4,0.5,5-GW avg pts 0.40; mins 18; xGI 0.00; current GWs 4; fixture Elo diff -11,False,False,False,False,False,False,False,False,False,False,False,False,False,False,False,False,False,False,False,False,False,False,False,False,False,False,False,False,False,False,False,False
dd9b0c9710fd270123600531e17f3287ab6c9403,v2-form-workload-blend,d113ff8057aa6718889feec83e2ade33486769ad87a8f3bd5608b9bfc38eda08,2026-09-18T10:40:22.090068+00:00,472713,90,Aaron,Hickey,Hickey,94,Brentford,BRE,Defender,a,False,4.5,0.1,2.2135,2.1003,2.2041,2.3113,2.1969,1.0,1.0,1.0,1.0,1.0,84.0,129.0,13.0,13.0,0.0,2.6530261014699077,3.0,7.0,1.0,0.2,32.2,222.0,0.02837837837837834,0.02027027027027027,8.91891891891892,0.0,,,,8.8032,1.9563,high,1.0,1.0,4,0,0,1.0,1.0,1.0,5-GW avg pts 1.00; mins 32; xGI 0.02; current GWs 4; fixture Elo diff +33,False,False,False,False,False,False,False,False,False,False,False,False,False,False,False,False,False,False,False,False,False,False,False,False,False,False,False,False,False,False,False,False
dd9b0c9710fd270123600531e17f3287ab6c9403,v2-form-workload-blend,d113ff8057aa6718889feec83e2ade33486769ad87a8f3bd5608b9bfc38eda08,2026-09-18T10:40:22.090068+00:00,441266,371,Ryan,Gravenberch,Gravenberch,14,Liverpool,LIV,Midfielder,a,False,5.9,1.2,2.194,2.1877,2.1935,2.34,2.0001,1.0,1.0,1.0,1.0,1.0,88.0,135.0,28.0,49.0,0.0,2.6530261014699077,4.0,9.0,1.0,0.4,52.6,609.0,0.053201970443349726,0.03990147783251224,7.980295566502463,0.0,,,,8.7557,1.484,high,1.0,1.0,4,0,0,2.0,2.0,2.0,5-GW avg pts 2.00; mins 53; xGI 0.06; current GWs 4; fixture Elo diff -6,False,False,False,False,False,False,False,False,False,False,False,False,False,False,False,False,False,False,False,False,False,False,False,False,False,False,False,False,False,False,False,False
dd9b0c9710fd270123600531e17f3287ab6c9403,v2-form-workload-blend,d113ff8057aa6718889feec83e2ade33486769ad87a8f3bd5608b9bfc38eda08,2026-09-18T10:40:22.090068+00:00,445122,5,Jurriën,Timber,J.Timber,3,Arsenal,ARS,Defender,a,False,6.5,0.3,2.0695,2.3457,2.1281,2.2078,2.0695,1.0,1.0,1.0,1.0,1.0,45.0,45.0,0.0,0.0,0.0,5.653026101469908,1.0,1.0,0.2,0.0,45.0,45.0,,,,,,,,8.6703,1.3339,high,1.0,1.0,4,0,0,0.2,0.2,0.2,5-GW avg pts 0.20; mins 9; xGI 0.00; current GWs 4; fixture Elo diff +229,False,False,False,False,False,False,False,False,False,False,False,False,False,False,False,False,False,False,False,False,False,False,False,False,False,False,False,False,False,False,False,False
dd9b0c9710fd270123600531e17f3287ab6c9403,v2-form-workload-blend,d113ff8057aa6718889feec83e2ade33486769ad87a8f3bd5608b9bfc38eda08,2026-09-18T10:40:22.090068+00:00,613221,634,Matias,Fernandez-Pardo,Fernandez-Pardo,4,Newcastle,NEW,Forward,a,False,6.0,0.1,2.1092,2.2939,2.111,2.1,2.1611,1.0,1.0,1.0,1.0,1.0,58.0,109.0,0.0,24.0,0.0,3.6530261014699077,3.0,3.0,1.0,0.0,42.0,84.0,,,,,,,,8.6291,1.4382,low,0.4,0.4,2,0,0,1.0,1.0,1.0,5-GW avg pts 1.00; mins 42; xGI 0.01; current GWs 2; fixture Elo diff +93,False,False,False,False,False,False,False,False,False,False,False,False,False,False,False,False,False,False,False,False,False,False,False,False,False,False,False,False,False,False,False,False
dd9b0c9710fd270123600531e17f3287ab6c9403,v2-form-workload-blend,d113ff8057aa6718889feec83e2ade33486769ad87a8f3bd5608b9bfc38eda08,2026-09-18T10:40:22.090068+00:00,241293,186,Ephron,Mason-Clark,Mason-Clark,9,Coventry City,COV,Midfielder,a,False,5.4,0.1,2.0542,2.1733,2.0629,2.1927,2.2089,1.0,1.0,1.0,1.0,1.0,60.0,131.0,0.0,0.0,0.0,4.903026101469908,2.0,4.0,0.75,0.25,62.0,186.0,0.23709677419354838,0.03387096774193548,6.290322580645161,0.0,,,,8.5208,1.5779,high,0.8,0.8,4,0,0,1.0,1.0,1.0,5-GW avg pts 1.00; mins 46; xGI 0.14; current GWs 4; fixture Elo diff -136,False,False,False,False,False,False,False,False,False,False,False,False,False,False,False,False,False,False,False,False,False,False,False,False,False,False,False,False,False,False,False,False
dd9b0c9710fd270123600531e17f3287ab6c9403,v2-form-workload-blend,d113ff8057aa6718889feec83e2ade33486769ad87a8f3bd5608b9bfc38eda08,2026-09-18T10:40:22.090068+00:00,243526,331,Gabriel,Gudmundsson,Gudmundsson,2,Leeds,LEE,Defender,a,False,4.5,0.1,2.2609,1.8251,2.2268,2.195,2.1487,1.0,1.0,1.0,1.0,1.0,72.0,174.0,0.0,12.0,0.0,3.6530261014699077,3.0,4.0,0.4,0.4,81.0,342.0,0.0,0.19473684210526315,6.578947368421052,0.0,,,,8.5107,1.8913,high,1.0,1.0,4,0,0,1.6,1.6,2.0,5-GW avg pts 1.60; mins 32; xGI 0.04; current GWs 4; fixture Elo diff -81,False,False,False,False,False,False,False,False,False,False,False,False,False,False,False,False,False,False,False,False,False,False,False,False,False,False,False,False,False,False,False,False
dd9b0c9710fd270123600531e17f3287ab6c9403,v2-form-workload-blend,d113ff8057aa6718889feec83e2ade33486769ad87a8f3bd5608b9bfc38eda08,2026-09-18T10:40:22.090068+00:00,149484,33,Tyrone,Mings,Mings,7,Aston Villa,AVL,Defender,a,False,4.5,0.4,2.1324,2.1724,2.0528,2.0408,2.2056,1.0,1.0,1.0,1.0,1.0,155.0,245.0,90.0,90.0,0.0,1.6530261014699075,3.0,6.0,0.8,0.6,65.25,531.0,0.0830508474576271,0.011864406779661,6.440677966101695,0.0,,,,8.4818,1.8848,high,1.0,1.0,4,0,0,2.2,2.2,1.8,5-GW avg pts 2.20; mins 52; xGI 0.04; current GWs 4; fixture Elo diff +74,False,False,False,False,False,False,False,False,False,False,False,False,False,False,False,False,False,False,False,False,False,False,False,False,False,False,False,False,False,False,False,False
dd9b0c9710fd270123600531e17f3287ab6c9403,v2-form-workload-blend,d113ff8057aa6718889feec83e2ade33486769ad87a8f3bd5608b9bfc38eda08,2026-09-18T10:40:22.090068+00:00,434399,536,Reinildo,Mandava,Reinildo,56,Sunderland,SUN,Defender,s,False,4.5,0.3,0.0,2.5966,2.5432,2.8546,3.4831,0.0,1.0,1.0,1.0,1.0,180.0,270.0,90.0,90.0,0.0,1.6530261014699075,3.0,6.0,1.0,1.0,90.0,808.0,0.0,0.05123762376237623,6.905940594059406,0.0,,,,8.4595,1.8799,high,1.0,1.0,4,0,0,0.0,0.0,0.0,5-GW avg pts 1.80; mins 90; xGI 0.07; current GWs 4; fixture Elo diff -93,False,False,False,False,False,False,False,False,False,False,False,False,False,False,False,False,False,False,False,False,False,False,False,False,False,False,False,False,False,False,False,False
dd9b0c9710fd270123600531e17f3287ab6c9403,v2-form-workload-blend,d113ff8057aa6718889feec83e2ade33486769ad87a8f3bd5608b9bfc38eda08,2026-09-18T10:40:22.090068+00:00,508395,102,Yehor,Yarmoliuk,Yarmoliuk,94,Brentford,BRE,Midfielder,a,False,4.8,0.7,2.1689,2.0641,2.1479,1.9138,2.1901,1.0,1.0,1.0,1.0,1.0,105.0,150.0,45.0,45.0,0.0,2.6530261014699077,3.0,7.0,0.8,0.0,37.0,584.0,0.015410958904109599,0.05702054794520545,11.866438356164384,0.0,,,,8.3987,1.7497,high,1.0,1.0,4,0,0,1.2,1.2,1.5,5-GW avg pts 1.20; mins 30; xGI 0.06; current GWs 4; fixture Elo diff +33,False,False,False,False,False,False,False,False,False,False,False,False,False,False,False,False,False,False,False,False,False,False,False,False,False,False,False,False,False,False,False,False
dd9b0c9710fd270123600531e17f3287ab6c9403,v2-form-workload-blend,d113ff8057aa6718889feec83e2ade33486769ad87a8f3bd5608b9bfc38eda08,2026-09-18T10:40:22.090068+00:00,608227,576,Elliot,Stroud,Stroud,88,Hull City,HUL,Midfielder,a,False,5.0,0.1,1.9299,2.1857,2.0189,2.1088,2.2152,1.0,1.0,1.0,1.0,1.0,60.0,137.0,0.0,14.0,0.0,5.861359434803241,3.0,7.0,1.0,0.5,62.25,249.0,0.021686746987951772,0.018072289156626505,7.228915662650603,0.0,,,,8.3175,1.6635,high,0.8,0.8,4,0,0,1.75,1.75,1.8,5-GW avg pts 1.75; mins 62; xGI 0.03; current GWs 4; fixture Elo diff -253,False,False,False,False,False,False,False,False,False,False,False,False,False,False,False,False,False,False,False,False,False,False,False,False,False,False,False,False,False,False,False,False
dd9b0c9710fd270123600531e17f3287ab6c9403,v2-form-workload-blend,d113ff8057aa6718889feec83e2ade33486769ad87a8f3bd5608b9bfc38eda08,2026-09-18T10:40:22.090068+00:00,544877,358,Milos,Kerkez,Kerkez,14,Liverpool,LIV,Defender,a,False,5.4,2.4,2.0873,2.0642,2.0894,2.1885,1.8803,1.0,1.0,1.0,1.0,1.0,135.0,313.0,90.0,178.0,0.0,2.6530261014699077,4.0,11.0,1.0,0.6,60.4,520.0,0.008653846153846154,0.019038461538461483,5.538461538461538,0.0,,,,8.2768,1.5327,high,1.0,1.0,4,0,0,1.6,1.6,1.8,5-GW avg pts 1.60; mins 60; xGI 0.02; current GWs 4; fixture Elo diff -6,False,False,False,False,False,False,False,False,False,False,False,False,False,False,False,False,False,False,False,False,False,False,False,False,False,False,False,False,False,False,False,False
dd9b0c9710fd270123600531e17f3287ab6c9403,v2-form-workload-blend,d113ff8057aa6718889feec83e2ade33486769ad87a8f3bd5608b9bfc38eda08,2026-09-18T10:40:22.090068+00:00,551210,148,Jorrel,Hato,Hato,8,Chelsea,CHE,Defender,a,False,4.5,0.9,1.9918,2.0459,1.9873,2.0147,2.0459,1.0,1.0,1.0,1.0,1.0,45.0,105.0,0.0,0.0,0.0,5.861359434803241,2.0,8.0,1.0,0.4,61.8,669.0,0.0013452914798206279,0.04439461883408069,7.130044843049327,0.0,,,,8.0609,1.7913,high,1.0,1.0,4,0,0,1.6,1.6,2.0,5-GW avg pts 1.60; mins 62; xGI 0.06; current GWs 4; fixture Elo diff -10,False,False,False,False,False,False,False,False,False,False,False,False,False,False,False,False,False,False,False,False,False,False,False,False,False,False,False,False,False,False,False,False
dd9b0c9710fd270123600531e17f3287ab6c9403,v2-form-workload-blend,d113ff8057aa6718889feec83e2ade33486769ad87a8f3bd5608b9bfc38eda08,2026-09-18T10:40:22.090068+00:00,653481,52,Alysson Edward Franco,da Rocha dos Santos,Alysson,7,Aston Villa,AVL,Midfielder,a,False,5.0,0.1,1.9795,2.0935,1.9243,1.9577,2.1142,1.0,1.0,1.0,1.0,1.0,56.0,93.0,11.0,33.0,0.0,1.6530261014699075,4.0,8.0,0.8,0.0,21.75,87.0,,,,,,,,8.042,1.6084,high,1.0,1.0,4,0,0,1.6,1.6,2.0,5-GW avg pts 1.60; mins 17; xGI 0.01; current GWs 4; fixture Elo diff +74,False,False,False,False,False,False,False,False,False,False,False,False,False,False,False,False,False,False,False,False,False,False,False,False,False,False,False,False,False,False,False,False
dd9b0c9710fd270123600531e17f3287ab6c9403,v2-form-workload-blend,d113ff8057aa6718889feec83e2ade33486769ad87a8f3bd5608b9bfc38eda08,2026-09-18T10:40:22.090068+00:00,172850,643,Ben,Chilwell,Chilwell,31,Crystal Palace,CRY,Defender,a,False,4.5,0.5,1.9758,2.049,1.9758,2.049,1.9758,1.0,1.0,1.0,1.0,1.0,13.0,119.0,0.0,90.0,0.0,5.861359434803241,3.0,3.0,1.0,0.0,14.5,29.0,,,,,,,,8.0202,1.7823,low,0.4,0.4,2,0,0,4.0,4.0,4.0,5-GW avg pts 4.00; mins 14; xGI 0.14; current GWs 2; fixture Elo diff -11,False,False,False,False,False,False,False,False,False,False,False,False,False,False,False,False,False,False,False,False,False,False,False,False,False,False,False,False,False,False,False,False
dd9b0c9710fd270123600531e17f3287ab6c9403,v2-form-workload-blend,d113ff8057aa6718889feec83e2ade33486769ad87a8f3bd5608b9bfc38eda08,2026-09-18T10:40:22.090068+00:00,437499,200,Maxence,Lacroix,Lacroix,8,Chelsea,CHE,Defender,a,False,6.0,7.1,1.9964,1.9862,1.9964,2.0157,1.9862,1.0,1.0,1.0,1.0,1.0,4.0,184.0,0.0,90.0,0.0,5.861359434803241,3.0,7.0,0.8,0.6,68.5,784.0,0.03788265306122448,0.03329081632653059,10.90561224489796,0.0,,,,7.9838,1.3306,high,1.0,1.0,4,0,0,2.0,2.0,2.5,5-GW avg pts 2.00; mins 55; xGI 0.05; current GWs 4; fixture Elo diff -10,False,False,False,False,False,False,False,False,False,False,False,False,False,False,False,False,False,False,False,False,False,False,False,False,False,False,False,False,False,False,False,False
dd9b0c9710fd270123600531e17f3287ab6c9403,v2-form-workload-blend,d113ff8057aa6718889feec83e2ade33486769ad87a8f3bd5608b9bfc38eda08,2026-09-18T10:40:22.090068+00:00,577285,51,George,Hemmings,George Hemmings,7,Aston Villa,AVL,Midfielder,a,False,4.5,1.3,1.9755,2.0752,1.9259,1.9401,2.025,1.0,1.0,1.0,1.0,1.0,124.0,289.0,79.0,169.0,0.0,1.6530261014699075,4.0,9.0,0.8,0.6,69.75,279.0,0.022580645161290325,0.05161290322580643,6.129032258064516,0.0,,,,7.957,1.7682,high,1.0,1.0,4,0,0,1.6,1.6,2.0,5-GW avg pts 1.60; mins 56; xGI 0.05; current GWs 4; fixture Elo diff +74,False,False,False,False,False,False,False,False,False,False,False,False,False,False,False,False,False,False,False,False,False,False,False,False,False,False,False,False,False,False,False,False
dd9b0c9710fd270123600531e17f3287ab6c9403,v2-form-workload-blend,d113ff8057aa6718889feec83e2ade33486769ad87a8f3bd5608b9bfc38eda08,2026-09-18T10:40:22.090068+00:00,114243,457,Jacob,Murphy,J.Murphy,4,Newcastle,NEW,Midfielder,a,False,5.9,0.1,1.9056,2.1028,1.9797,1.9236,1.9841,1.0,1.0,1.0,1.0,1.0,57.0,136.0,0.0,66.0,0.0,3.6530261014699077,3.0,11.0,1.0,0.0,27.2,371.0,0.02425876010781662,0.14312668463611855,6.7924528301886795,0.0,,4.0,,7.9189,1.3422,high,1.0,1.0,4,0,0,0.6,0.6,0.5,5-GW avg pts 0.60; mins 27; xGI 0.07; current GWs 4; fixture Elo diff +93,False,False,False,False,False,False,False,False,False,False,False,False,False,False,False,False,False,False,False,False,False,False,False,False,False,False,False,False,False,False,False,False
dd9b0c9710fd270123600531e17f3287ab6c9403,v2-form-workload-blend,d113ff8057aa6718889feec83e2ade33486769ad87a8f3bd5608b9bfc38eda08,2026-09-18T10:40:22.090068+00:00,460842,512,Mohammed,Kudus,Kudus,6,Spurs,TOT,Midfielder,a,False,6.5,0.1,1.9821,1.9078,2.0615,1.9165,2.0075,1.0,1.0,1.0,1.0,1.0,102.0,131.0,75.0,75.0,0.0,2.6530261014699077,3.0,4.0,0.6,0.0,26.0,78.0,,,,,3.0,6.0,3.0,7.8943,1.2145,high,1.0,1.0,4,0,0,0.6,0.6,0.8,5-GW avg pts 0.60; mins 16; xGI 0.05; current GWs 4; fixture Elo diff -49,False,False,False,False,False,False,False,False,False,False,False,False,False,False,False,False,False,False,False,False,False,False,False,False,False,False,False,False,False,False,False,False
dd9b0c9710fd270123600531e17f3287ab6c9403,v2-form-workload-blend,d113ff8057aa6718889feec83e2ade33486769ad87a8f3bd5608b9bfc38eda08,2026-09-18T10:40:22.090068+00:00,432422,455,Sandro,Tonali,Tonali,6,Spurs,TOT,Midfielder,d,False,5.4,2.1,1.8684,1.7666,2.3563,1.7875,2.1527,0.75,0.75,0.75,0.75,0.75,90.0,180.0,0.0,0.0,0.0,5.757192768136574,2.0,6.0,0.8,0.8,86.0,751.0,0.044340878828228986,0.10426098535286282,8.268974700399468,0.0,,,,7.8863,1.4604,high,1.0,1.0,4,0,0,1.8,1.8,1.65,5-GW avg pts 2.40; mins 69; xGI 0.12; current GWs 4; fixture Elo diff -49,False,False,False,False,False,False,False,False,False,False,False,False,False,False,False,False,False,False,False,False,False,False,False,False,False,False,False,False,False,False,False,False
dd9b0c9710fd270123600531e17f3287ab6c9403,v2-form-workload-blend,d113ff8057aa6718889feec83e2ade33486769ad87a8f3bd5608b9bfc38eda08,2026-09-18T10:40:22.090068+00:00,609873,244,Harrison,Armstrong,Armstrong,11,Everton,EVE,Midfielder,d,False,5.0,0.4,2.1464,2.1708,1.8999,1.6152,1.8772,0.75,0.75,0.75,0.75,0.75,90.0,180.0,0.0,0.0,0.0,5.757192768136574,2.0,8.0,1.0,0.8,76.8,385.0,0.021038961038961038,0.030389610389610366,8.181818181818182,0.0,,,,7.877,1.5754,high,1.0,1.0,4,0,0,2.25,2.25,1.95,5-GW avg pts 3.00; mins 77; xGI 0.04; current GWs 4; fixture Elo diff +22,False,False,False,False,False,False,False,False,False,False,False,False,False,False,False,False,False,False,False,False,False,False,False,False,False,False,False,False,False,False,False,False
dd9b0c9710fd270123600531e17f3287ab6c9403,v2-form-workload-blend,d113ff8057aa6718889feec83e2ade33486769ad87a8f3bd5608b9bfc38eda08,2026-09-18T10:40:22.090068+00:00,248857,16,Noni,Madueke,Madueke,3,Arsenal,ARS,Midfielder,a,False,6.2,0.2,1.9563,1.9634,1.9563,1.9759,1.9563,1.0,1.0,1.0,1.0,1.0,76.0,94.0,76.0,93.0,0.0,2.6530261014699077,3.0,6.0,0.6,0.2,35.333333333333336,286.0,0.0629370629370629,0.24545454545454543,6.923076923076923,0.0,,5.0,,7.8452,1.2654,high,1.0,1.0,4,0,0,2.6,2.6,0.5,5-GW avg pts 2.60; mins 21; xGI 0.10; current GWs 4; fixture Elo diff +229,False,False,False,False,False,False,False,False,False,False,False,False,False,False,False,False,False,False,False,False,False,False,False,False,False,False,False,False,False,False,False,False
dd9b0c9710fd270123600531e17f3287ab6c9403,v2-form-workload-blend,d113ff8057aa6718889feec83e2ade33486769ad87a8f3bd5608b9bfc38eda08,2026-09-18T10:40:22.090068+00:00,442967,562,Daizen,Maeda,Maeda,40,Ipswich Town,IPS,Midfielder,a,False,5.4,0.2,1.992,2.0819,1.6116,2.0819,2.04,1.0,1.0,1.0,1.0,1.0,27.0,93.0,0.0,0.0,0.0,5.861359434803241,2.0,7.0,1.0,0.75,60.75,243.0,0.2629629629629629,0.003703703703703704,7.037037037037037,0.0,,,,7.8362,1.4512,high,0.8,0.8,4,0,0,1.75,1.75,1.8,5-GW avg pts 1.75; mins 61; xGI 0.18; current GWs 4; fixture Elo diff -148,False,False,False,False,False,False,False,False,False,False,False,False,False,False,False,False,False,False,False,False,False,False,False,False,False,False,False,False,False,False,False,False
dd9b0c9710fd270123600531e17f3287ab6c9403,v2-form-workload-blend,d113ff8057aa6718889feec83e2ade33486769ad87a8f3bd5608b9bfc38eda08,2026-09-18T10:40:22.090068+00:00,232413,14,Eberechi,Eze,Eze,3,Arsenal,ARS,Midfielder,a,False,6.3,1.1,1.9111,1.9941,1.9203,2.0066,1.9111,1.0,1.0,1.0,1.0,1.0,85.0,151.0,76.0,142.0,0.0,2.6530261014699077,3.0,7.0,0.8,0.0,20.75,423.0,0.2851063829787233,0.08936170212765956,5.1063829787234045,0.0,,,3.0,7.7933,1.237,high,1.0,1.0,4,0,0,0.8,0.8,0.8,5-GW avg pts 0.80; mins 17; xGI 0.10; current GWs 4; fixture Elo diff +229,False,False,False,False,False,False,False,False,False,False,False,False,False,False,False,False,False,False,False,False,False,False,False,False,False,False,False,False,False,False,False,False
dd9b0c9710fd270123600531e17f3287ab6c9403,v2-form-workload-blend,d113ff8057aa6718889feec83e2ade33486769ad87a8f3bd5608b9bfc38eda08,2026-09-18T10:40:22.090068+00:00,611665,461,Bazoumana,Touré,Touré,4,Newcastle,NEW,Midfielder,a,False,5.8,0.1,1.8779,1.9934,1.9501,1.8452,1.9846,1.0,1.0,1.0,1.0,1.0,33.0,33.0,0.0,0.0,0.0,3.6530261014699077,1.0,6.0,0.5,0.0,17.0,34.0,,,,,,,,7.7146,1.3301,high,0.8,0.8,4,0,0,1.75,1.75,1.8,5-GW avg pts 1.75; mins 8; xGI 0.07; current GWs 4; fixture Elo diff +93,False,False,False,False,False,False,False,False,False,False,False,False,False,False,False,False,False,False,False,False,False,False,False,False,False,False,False,False,False,False,False,False
dd9b0c9710fd270123600531e17f3287ab6c9403,v2-form-workload-blend,d113ff8057aa6718889feec83e2ade33486769ad87a8f3bd5608b9bfc38eda08,2026-09-18T10:40:22.090068+00:00,153682,260,Harry,Wilson,Wilson,2,Leeds,LEE,Midfielder,a,False,6.2,2.3,1.9781,1.7822,1.9565,1.9596,1.9302,1.0,1.0,1.0,1.0,1.0,18.0,125.0,0.0,90.0,0.0,3.6530261014699077,3.0,10.0,1.0,0.2,32.6,478.0,0.1374476987447698,0.09037656903765678,6.2133891213389125,0.0,,2.0,2.0,7.6772,1.2383,high,1.0,1.0,4,0,0,1.8,1.8,1.2,5-GW avg pts 1.80; mins 33; xGI 0.04; current GWs 4; fixture Elo diff -81,False,False,False,False,False,False,False,False,False,False,False,False,False,False,False,False,False,False,False,False,False,False,False,False,False,False,False,False,False,False,False,False
dd9b0c9710fd270123600531e17f3287ab6c9403,v2-form-workload-blend,d113ff8057aa6718889feec83e2ade33486769ad87a8f3bd5608b9bfc38eda08,2026-09-18T10:40:22.090068+00:00,216094,357,Jeremie,Frimpong,Frimpong,14,Liverpool,LIV,Defender,a,False,5.3,1.9,1.9472,1.8775,1.9493,1.9906,1.8095,1.0,1.0,1.0,1.0,1.0,108.0,138.0,90.0,120.0,0.0,2.6530261014699077,3.0,10.0,0.8,0.4,48.5,395.0,0.0182278481012658,0.08430379746835442,3.189873417721519,0.0,,,,7.6754,1.4482,high,1.0,1.0,4,0,0,0.6,0.6,0.5,5-GW avg pts 0.60; mins 39; xGI 0.07; current GWs 4; fixture Elo diff -6,False,False,False,False,False,False,False,False,False,False,False,False,False,False,False,False,False,False,False,False,False,False,False,False,False,False,False,False,False,False,False,False
dd9b0c9710fd270123600531e17f3287ab6c9403,v2-form-workload-blend,d113ff8057aa6718889feec83e2ade33486769ad87a8f3bd5608b9bfc38eda08,2026-09-18T10:40:22.090068+00:00,498444,583,Pep,Chavarría,Chavarria,8,Chelsea,CHE,Defender,a,False,4.9,0.1,1.8381,2.0031,1.8696,1.9657,1.9139,1.0,1.0,1.0,1.0,1.0,45.0,165.0,0.0,90.0,0.0,5.861359434803241,3.0,7.0,1.0,0.0,29.5,118.0,,,,,,,,7.661,1.5635,high,0.8,0.8,4,0,0,1.0,1.0,1.0,5-GW avg pts 1.00; mins 30; xGI 0.01; current GWs 4; fixture Elo diff -10,False,False,False,False,False,False,False,False,False,False,False,False,False,False,False,False,False,False,False,False,False,False,False,False,False,False,False,False,False,False,False,False
dd9b0c9710fd270123600531e17f3287ab6c9403,v2-form-workload-blend,d113ff8057aa6718889feec83e2ade33486769ad87a8f3bd5608b9bfc38eda08,2026-09-18T10:40:22.090068+00:00,173879,56,Tammy,Abraham,Abraham,7,Aston Villa,AVL,Forward,a,False,5.5,0.2,1.9264,1.9456,1.8356,1.8723,1.9901,1.0,1.0,1.0,1.0,1.0,114.0,128.0,69.0,78.0,0.0,1.6530261014699075,4.0,7.0,0.6,0.0,23.0,148.0,,,,,,,,7.6505,1.391,high,1.0,1.0,4,0,0,0.6,0.6,0.8,5-GW avg pts 0.60; mins 14; xGI 0.00; current GWs 4; fixture Elo diff +74,False,False,False,False,False,False,False,False,False,False,False,False,False,False,False,False,False,False,False,False,False,False,False,False,False,False,False,False,False,False,False,False
dd9b0c9710fd270123600531e17f3287ab6c9403,v2-form-workload-blend,d113ff8057aa6718889feec83e2ade33486769ad87a8f3bd5608b9bfc38eda08,2026-09-18T10:40:22.090068+00:00,578153,393,Abdukodir,Khusanov,Khusanov,43,Man City,MCI,Defender,a,False,5.4,1.4,1.9201,1.8374,1.9865,1.8374,1.9083,1.0,1.0,1.0,1.0,1.0,0.0,132.0,0.0,42.0,0.0,9.653026101469907,2.0,6.0,0.6,0.6,89.33333333333333,718.0,0.02256267409470751,0.13913649025069635,6.894150417827298,0.0,,,,7.5941,1.4063,high,1.0,1.0,4,0,0,1.8,1.8,2.2,5-GW avg pts 1.80; mins 54; xGI 0.01; current GWs 4; fixture Elo diff +161,False,False,False,False,False,False,False,False,False,False,False,False,False,False,False,False,False,False,False,False,False,False,False,False,False,False,False,False,False,False,False,False
dd9b0c9710fd270123600531e17f3287ab6c9403,v2-form-workload-blend,d113ff8057aa6718889feec83e2ade33486769ad87a8f3bd5608b9bfc38eda08,2026-09-18T10:40:22.090068+00:00,101282,289,Matt,Crooks,Crooks,88,Hull City,HUL,Midfielder,a,False,4.5,0.5,1.8444,1.9181,1.8399,1.9347,1.9848,1.0,1.0,1.0,1.0,1.0,69.0,128.0,0.0,59.0,0.0,5.861359434803241,2.0,5.0,0.5,0.5,79.0,158.0,,,,,,,,7.5878,1.6862,high,0.8,0.8,4,0,0,0.75,0.75,0.8,5-GW avg pts 0.75; mins 40; xGI 0.00; current GWs 4; fixture Elo diff -253,False,False,False,False,False,False,False,False,False,False,False,False,False,False,False,False,False,False,False,False,False,False,False,False,False,False,False,False,False,False,False,False
dd9b0c9710fd270123600531e17f3287ab6c9403,v2-form-workload-blend,d113ff8057aa6718889feec83e2ade33486769ad87a8f3bd5608b9bfc38eda08,2026-09-18T10:40:22.090068+00:00,244860,247,Hayden,Hackney,Hackney,11,Everton,EVE,Midfielder,a,False,5.5,0.2,1.8857,1.829,2.0429,1.6695,1.982,1.0,1.0,1.0,1.0,1.0,92.0,107.0,77.0,77.0,0.0,1.6634427681365742,3.0,8.0,1.0,0.25,34.0,136.0,,,,,,3.0,,7.524,1.368,high,0.8,0.8,4,0,0,2.25,2.25,2.2,5-GW avg pts 2.25; mins 34; xGI 0.04; current GWs 4; fixture Elo diff +22,False,False,False,False,False,False,False,False,False,False,False,False,False,False,False,False,False,False,False,False,False,False,False,False,False,False,False,False,False,False,False,False
dd9b0c9710fd270123600531e17f3287ab6c9403,v2-form-workload-blend,d113ff8057aa6718889feec83e2ade33486769ad87a8f3bd5608b9bfc38eda08,2026-09-18T10:40:22.090068+00:00,611922,369,Rio,Ngumoha,Ngumoha,14,Liverpool,LIV,Midfielder,a,False,5.8,0.5,1.8952,1.8403,1.8946,1.9701,1.7957,1.0,1.0,1.0,1.0,1.0,90.0,150.0,72.0,132.0,0.0,2.6530261014699077,3.0,10.0,0.8,0.4,42.75,360.0,0.13749999999999996,0.0799999999999999,4.0,0.0,,,,7.5237,1.2972,high,1.0,1.0,4,0,0,1.2,1.2,1.0,5-GW avg pts 1.20; mins 34; xGI 0.08; current GWs 4; fixture Elo diff -6,False,False,False,False,False,False,False,False,False,False,False,False,False,False,False,False,False,False,False,False,False,False,False,False,False,False,False,False,False,False,False,False
dd9b0c9710fd270123600531e17f3287ab6c9403,v2-form-workload-blend,d113ff8057aa6718889feec83e2ade33486769ad87a8f3bd5608b9bfc38eda08,2026-09-18T10:40:22.090068+00:00,592984,639,José María,Andrés Baixauli,Andrés,36,Brighton,BHA,Midfielder,a,False,5.5,0.0,1.8231,1.8788,1.9437,1.8131,1.7312,1.0,1.0,1.0,1.0,1.0,115.0,115.0,90.0,90.0,0.0,1.6530261014699075,2.0,2.0,0.5,0.0,25.0,25.0,,,,,,,,7.3768,1.3412,low,0.4,0.4,2,0,0,2.0,2.0,2.0,5-GW avg pts 2.00; mins 12; xGI 0.12; current GWs 2; fixture Elo diff -55,False,False,False,False,False,False,False,False,False,False,False,False,False,False,False,False,False,False,False,False,False,False,False,False,False,False,False,False,False,False,False,False
dd9b0c9710fd270123600531e17f3287ab6c9403,v2-form-workload-blend,d113ff8057aa6718889feec83e2ade33486769ad87a8f3bd5608b9bfc38eda08,2026-09-18T10:40:22.090068+00:00,243951,642,Sorba,Thomas,Thomas,88,Hull City,HUL,Midfielder,a,False,5.5,0.0,1.7556,1.9064,1.7931,1.869,1.8894,1.0,1.0,1.0,1.0,1.0,30.0,147.0,0.0,90.0,0.0,5.861359434803241,3.0,3.0,1.0,0.0,28.5,57.0,,,,,,,,7.3479,1.336,low,0.4,0.4,2,0,0,1.0,1.0,1.0,5-GW avg pts 1.00; mins 28; xGI 0.04; current GWs 2; fixture Elo diff -253,False,False,False,False,False,False,False,False,False,False,False,False,False,False,False,False,False,False,False,False,False,False,False,False,False,False,False,False,False,False,False,False
dd9b0c9710fd270123600531e17f3287ab6c9403,v2-form-workload-blend,d113ff8057aa6718889feec83e2ade33486769ad87a8f3bd5608b9bfc38eda08,2026-09-18T10:40:22.090068+00:00,638987,631,Ibrahim,Mbaye,Mbaye,7,Aston Villa,AVL,Midfielder,a,False,6.0,0.1,1.8093,1.8763,1.7804,1.8019,1.9051,1.0,1.0,1.0,1.0,1.0,91.0,91.0,64.0,64.0,0.0,1.6530261014699075,2.0,2.0,0.5,0.0,27.0,27.0,,,,,,,,7.3267,1.2211,low,0.4,0.4,2,0,0,0.5,0.5,0.5,5-GW avg pts 0.50; mins 14; xGI 0.07; current GWs 2; fixture Elo diff +74,False,False,False,False,False,False,False,False,False,False,False,False,False,False,False,False,False,False,False,False,False,False,False,False,False,False,False,False,False,False,False,False
dd9b0c9710fd270123600531e17f3287ab6c9403,v2-form-workload-blend,d113ff8057aa6718889feec83e2ade33486769ad87a8f3bd5608b9bfc38eda08,2026-09-18T10:40:22.090068+00:00,114283,238,Jack,Grealish,Grealish,11,Everton,EVE,Midfielder,a,False,6.5,0.4,1.8807,1.7685,1.8918,1.7379,1.8369,1.0,1.0,1.0,1.0,1.0,102.0,126.0,77.0,77.0,0.0,1.6634427681365742,3.0,5.0,0.6,0.0,19.0,57.0,,,,,,,,7.3044,1.1238,high,1.0,1.0,4,0,0,0.6,0.6,0.8,5-GW avg pts 0.60; mins 11; xGI 0.03; current GWs 4; fixture Elo diff +22,False,False,False,False,False,False,False,False,False,False,False,False,False,False,False,False,False,False,False,False,False,False,False,False,False,False,False,False,False,False,False,False
dd9b0c9710fd270123600531e17f3287ab6c9403,v2-form-workload-blend,d113ff8057aa6718889feec83e2ade33486769ad87a8f3bd5608b9bfc38eda08,2026-09-18T10:40:22.090068+00:00,472769,387,Nico,O'Reilly,O'Reilly,43,Man City,MCI,Defender,a,False,6.4,12.0,1.8813,1.6778,1.797,1.6778,1.8642,1.0,1.0,1.0,1.0,1.0,8.0,8.0,0.0,0.0,0.0,4.798859434803241,1.0,4.0,0.6,0.4,52.666666666666664,608.0,0.2664473684210526,0.15542763157894735,4.292763157894737,0.0,,,,7.122,1.1128,high,1.0,1.0,4,0,0,1.0,1.0,1.2,5-GW avg pts 1.00; mins 32; xGI 0.10; current GWs 4; fixture Elo diff +161,False,False,False,False,False,False,False,False,False,False,False,False,False,False,False,False,False,False,False,False,False,False,False,False,False,False,False,False,False,False,False,False
dd9b0c9710fd270123600531e17f3287ab6c9403,v2-form-workload-blend,d113ff8057aa6718889feec83e2ade33486769ad87a8f3bd5608b9bfc38eda08,2026-09-18T10:40:22.090068+00:00,223723,577,Takehiro,Tomiyasu,Tomiyasu,31,Crystal Palace,CRY,Defender,a,False,4.4,0.3,1.7133,1.8559,1.7178,1.8725,1.7133,1.0,1.0,1.0,1.0,1.0,53.0,143.0,0.0,90.0,0.0,5.861359434803241,2.0,5.0,0.75,0.25,48.0,144.0,,,,,,,,7.0966,1.6129,high,0.8,0.8,4,0,0,0.5,0.5,0.5,5-GW avg pts 0.50; mins 36; xGI 0.01; current GWs 4; fixture Elo diff -11,False,False,False,False,False,False,False,False,False,False,False,False,False,False,False,False,False,False,False,False,False,False,False,False,False,False,False,False,False,False,False,False
dd9b0c9710fd270123600531e17f3287ab6c9403,v2-form-workload-blend,d113ff8057aa6718889feec83e2ade33486769ad87a8f3bd5608b9bfc38eda08,2026-09-18T10:40:22.090068+00:00,570526,520,Lucas,Bergvall,Bergvall,6,Spurs,TOT,Midfielder,a,False,5.4,0.1,1.7611,1.6931,1.8126,1.6926,1.8616,1.0,1.0,1.0,1.0,1.0,117.0,117.0,90.0,90.0,0.0,2.6530261014699077,2.0,5.0,0.4,0.0,36.0,123.0,,,,,,,,7.0368,1.3031,high,1.0,1.0,4,0,0,0.4,0.4,0.5,5-GW avg pts 0.40; mins 14; xGI 0.06; current GWs 4; fixture Elo diff -49,False,False,False,False,False,False,False,False,False,False,False,False,False,False,False,False,False,False,False,False,False,False,False,False,False,False,False,False,False,False,False,False
dd9b0c9710fd270123600531e17f3287ab6c9403,v2-form-workload-blend,d113ff8057aa6718889feec83e2ade33486769ad87a8f3bd5608b9bfc38eda08,2026-09-18T10:40:22.090068+00:00,490884,617,Mohamed-Ali,Cho,Cho,88,Hull City,HUL,Midfielder,a,False,5.0,0.0,1.6764,1.7897,1.6764,1.7897,1.8231,1.0,1.0,1.0,1.0,1.0,30.0,128.0,0.0,90.0,0.0,5.861359434803241,3.0,4.0,1.0,0.0,15.0,45.0,,,,,,,,6.9747,1.3949,medium,0.6,0.6,3,0,0,1.0,1.0,1.0,5-GW avg pts 1.00; mins 15; xGI 0.23; current GWs 3; fixture Elo diff -253,False,False,False,False,False,False,False,False,False,False,False,False,False,False,False,False,False,False,False,False,False,False,False,False,False,False,False,False,False,False,False,False
dd9b0c9710fd270123600531e17f3287ab6c9403,v2-form-workload-blend,d113ff8057aa6718889feec83e2ade33486769ad87a8f3bd5608b9bfc38eda08,2026-09-18T10:40:22.090068+00:00,613804,620,El Hadji Malick,Diouf,Diouf,94,Brentford,BRE,Defender,a,False,4.5,0.1,1.7504,1.6851,1.7556,1.6799,1.7504,1.0,1.0,1.0,1.0,1.0,91.0,91.0,61.0,61.0,0.0,2.6530261014699077,2.0,2.0,0.6,0.4,70.0,643.0,0.015396578538102614,0.0979782270606531,5.458786936236392,0.0,,,,6.8976,1.5328,high,1.0,1.0,3,0,0,1.4,1.4,0.3,5-GW avg pts 1.40; mins 42; xGI 0.05; current GWs 3; fixture Elo diff +33,False,False,False,False,False,False,False,False,False,False,False,False,False,False,False,False,False,False,False,False,False,False,False,False,False,False,False,False,False,False,False,False
dd9b0c9710fd270123600531e17f3287ab6c9403,v2-form-workload-blend,d113ff8057aa6718889feec83e2ade33486769ad87a8f3bd5608b9bfc38eda08,2026-09-18T10:40:22.090068+00:00,214285,364,Kostas,Tsimikas,Tsimikas,14,Liverpool,LIV,Defender,a,False,4.9,0.1,1.6935,1.7109,1.695,1.7857,1.6537,1.0,1.0,1.0,1.0,1.0,45.0,47.0,0.0,2.0,0.0,5.861359434803241,2.0,8.0,0.4,0.0,32.0,64.0,,,,,,,,6.8315,1.3942,high,1.0,1.0,4,0,0,0.4,0.4,0.5,5-GW avg pts 0.40; mins 13; xGI 0.01; current GWs 4; fixture Elo diff -6,False,False,False,False,False,False,False,False,False,False,False,False,False,False,False,False,False,False,False,False,False,False,False,False,False,False,False,False,False,False,False,False
dd9b0c9710fd270123600531e17f3287ab6c9403,v2-form-workload-blend,d113ff8057aa6718889feec83e2ade33486769ad87a8f3bd5608b9bfc38eda08,2026-09-18T10:40:22.090068+00:00,205533,224,Eddie,Nketiah,Nketiah,31,Crystal Palace,CRY,Forward,a,False,5.5,0.6,1.7011,1.7133,1.7011,1.7133,1.7011,1.0,1.0,1.0,1.0,1.0,0.0,45.0,0.0,0.0,0.0,12.86135943480324,1.0,6.0,0.6,0.2,55.666666666666664,167.0,,,,,,,,6.8239,1.2407,high,1.0,1.0,4,0,0,1.4,1.4,1.8,5-GW avg pts 1.40; mins 33; xGI 0.34; current GWs 4; fixture Elo diff -11,False,False,False,False,False,False,False,False,False,False,False,False,False,False,False,False,False,False,False,False,False,False,False,False,False,False,False,False,False,False,False,False
dd9b0c9710fd270123600531e17f3287ab6c9403,v2-form-workload-blend,d113ff8057aa6718889feec83e2ade33486769ad87a8f3bd5608b9bfc38eda08,2026-09-18T10:40:22.090068+00:00,174874,253,Joachim,Andersen,Andersen,54,Fulham,FUL,Defender,a,False,5.0,0.1,1.7191,1.5803,1.6203,1.8856,1.6961,1.0,1.0,1.0,1.0,1.0,90.0,180.0,90.0,90.0,0.0,2.663442768136574,2.0,5.0,0.4,0.4,90.0,501.0,0.019760479041916128,0.025149700598802397,9.161676646706587,0.0,,,,6.7751,1.355,high,1.0,1.0,4,0,0,0.4,0.4,0.5,5-GW avg pts 0.40; mins 36; xGI 0.02; current GWs 4; fixture Elo diff +79,False,False,False,False,False,False,False,False,False,False,False,False,False,False,False,False,False,False,False,False,False,False,False,False,False,False,False,False,False,False,False,False
dd9b0c9710fd270123600531e17f3287ab6c9403,v2-form-workload-blend,d113ff8057aa6718889feec83e2ade33486769ad87a8f3bd5608b9bfc38eda08,2026-09-18T10:40:22.090068+00:00,481655,19,Martín,Zubimendi Ibáñez,Zubimendi,3,Arsenal,ARS,Midfielder,a,False,5.3,0.6,1.6653,1.7118,1.6786,1.7118,1.6658,1.0,1.0,1.0,1.0,1.0,94.0,125.0,85.0,93.0,0.0,2.6530261014699077,4.0,7.0,1.0,0.2,29.8,378.0,0.03571428571428567,0.02619047619047612,12.142857142857142,0.0,,,,6.7465,1.2729,high,1.0,1.0,4,0,0,1.2,1.2,1.0,5-GW avg pts 1.20; mins 30; xGI 0.03; current GWs 4; fixture Elo diff +229,False,False,False,False,False,False,False,False,False,False,False,False,False,False,False,False,False,False,False,False,False,False,False,False,False,False,False,False,False,False,False,False
dd9b0c9710fd270123600531e17f3287ab6c9403,v2-form-workload-blend,d113ff8057aa6718889feec83e2ade33486769ad87a8f3bd5608b9bfc38eda08,2026-09-18T10:40:22.090068+00:00,661888,575,Caleb,Yirenkyi,Yirenkyi,9,Coventry City,COV,Midfielder,a,False,4.9,0.2,1.6143,1.6561,1.6127,1.6923,1.7002,1.0,1.0,1.0,1.0,1.0,90.0,117.0,73.0,73.0,0.0,1.6530261014699075,3.0,6.0,1.0,0.5,43.75,175.0,,,,,,,,6.5997,1.3469,high,0.8,0.8,4,0,0,1.5,1.5,1.5,5-GW avg pts 1.50; mins 44; xGI 0.04; current GWs 4; fixture Elo diff -136,False,False,False,False,False,False,False,False,False,False,False,False,False,False,False,False,False,False,False,False,False,False,False,False,False,False,False,False,False,False,False,False
dd9b0c9710fd270123600531e17f3287ab6c9403,v2-form-workload-blend,d113ff8057aa6718889feec83e2ade33486769ad87a8f3bd5608b9bfc38eda08,2026-09-18T10:40:22.090068+00:00,244042,271,Rodrigo,Muniz Carvalho,Muniz,54,Fulham,FUL,Forward,a,False,5.4,0.4,1.6487,1.5683,1.6189,1.7504,1.5584,1.0,1.0,1.0,1.0,1.0,81.0,88.0,68.0,68.0,0.0,2.663442768136574,3.0,5.0,0.8,0.2,24.75,362.0,0.38038674033149167,0.007458563535911578,3.4806629834254146,0.0,,,,6.5156,1.2066,high,1.0,1.0,4,0,0,1.0,1.0,0.8,5-GW avg pts 1.00; mins 20; xGI 0.11; current GWs 4; fixture Elo diff +79,False,False,False,False,False,False,False,False,False,False,False,False,False,False,False,False,False,False,False,False,False,False,False,False,False,False,False,False,False,False,False,False
dd9b0c9710fd270123600531e17f3287ab6c9403,v2-form-workload-blend,d113ff8057aa6718889feec83e2ade33486769ad87a8f3bd5608b9bfc38eda08,2026-09-18T10:40:22.090068+00:00,209244,398,Phil,Foden,Foden,43,Man City,MCI,Midfielder,s,False,6.9,2.6,0.0,0.0,3.1098,3.0026,3.1598,0.0,0.0,1.0,1.0,1.0,23.0,122.0,0.0,75.0,0.0,4.798859434803241,3.0,8.0,1.0,0.6,61.4,473.0,0.437632135306554,0.30824524312896406,6.849894291754757,0.0,,2.0,2.0,6.4855,0.9399,high,1.0,1.0,4,0,0,0.0,0.0,0.0,5-GW avg pts 2.20; mins 61; xGI 0.51; current GWs 4; fixture Elo diff +161,False,False,False,False,False,False,False,False,False,False,False,False,False,False,False,False,False,False,False,False,False,False,False,False,False,False,False,False,False,False,False,False
dd9b0c9710fd270123600531e17f3287ab6c9403,v2-form-workload-blend,d113ff8057aa6718889feec83e2ade33486769ad87a8f3bd5608b9bfc38eda08,2026-09-18T10:40:22.090068+00:00,469272,190,Loum,Tchaouna,Tchaouna,9,Coventry City,COV,Midfielder,a,False,5.4,0.1,1.5937,1.6265,1.5937,1.6265,1.6344,1.0,1.0,1.0,1.0,1.0,33.0,60.0,33.0,33.0,0.0,1.6530261014699075,2.0,5.0,0.8,0.4,60.0,579.0,0.07772020725388597,0.06373056994818647,5.595854922279793,0.0,,3.0,,6.4517,1.1948,high,1.0,1.0,4,0,0,1.8,1.8,1.0,5-GW avg pts 1.80; mins 48; xGI 0.09; current GWs 4; fixture Elo diff -136,False,False,False,False,False,False,False,False,False,False,False,False,False,False,False,False,False,False,False,False,False,False,False,False,False,False,False,False,False,False,False,False
dd9b0c9710fd270123600531e17f3287ab6c9403,v2-form-workload-blend,d113ff8057aa6718889feec83e2ade33486769ad87a8f3bd5608b9bfc38eda08,2026-09-18T10:40:22.090068+00:00,614071,53,Johan,Manzambi,Manzambi,7,Aston Villa,AVL,Midfielder,a,False,5.9,0.1,1.5777,1.6311,1.5685,1.607,1.6403,1.0,1.0,1.0,1.0,1.0,53.0,53.0,26.0,26.0,0.0,1.6530261014699075,2.0,2.0,0.25,0.0,27.0,27.0,,,,,,,,6.4096,1.0864,high,0.8,0.8,4,0,0,0.25,0.25,0.2,5-GW avg pts 0.25; mins 7; xGI 0.02; current GWs 4; fixture Elo diff +74,False,False,False,False,False,False,False,False,False,False,False,False,False,False,False,False,False,False,False,False,False,False,False,False,False,False,False,False,False,False,False,False
dd9b0c9710fd270123600531e17f3287ab6c9403,v2-form-workload-blend,d113ff8057aa6718889feec83e2ade33486769ad87a8f3bd5608b9bfc38eda08,2026-09-18T10:40:22.090068+00:00,441191,450,Tino,Livramento,Livramento,4,Newcastle,NEW,Defender,a,False,4.9,0.1,1.6248,1.583,1.5872,1.5428,1.6131,1.0,1.0,1.0,1.0,1.0,32.0,78.0,0.0,45.0,0.0,3.6530261014699077,3.0,3.0,0.4,0.0,16.5,106.0,,,,,,,,6.3671,1.2994,high,1.0,1.0,4,0,0,0.8,0.8,1.0,5-GW avg pts 0.80; mins 7; xGI 0.00; current GWs 4; fixture Elo diff +93,False,False,False,False,False,False,False,False,False,False,False,False,False,False,False,False,False,False,False,False,False,False,False,False,False,False,False,False,False,False,False,False
dd9b0c9710fd270123600531e17f3287ab6c9403,v2-form-workload-blend,d113ff8057aa6718889feec83e2ade33486769ad87a8f3bd5608b9bfc38eda08,2026-09-18T10:40:22.090068+00:00,224117,25,Viktor,Gyökeres,Gyökeres,3,Arsenal,ARS,Forward,a,False,7.2,3.3,1.5341,1.672,1.4973,1.6845,1.5581,1.0,1.0,1.0,1.0,1.0,90.0,175.0,90.0,163.0,0.0,2.6530261014699077,3.0,8.0,0.4,0.0,9.5,251.0,0.7207171314741035,0.06095617529880471,4.661354581673307,0.0,2.0,,,6.3508,0.8821,high,1.0,1.0,4,0,0,0.4,0.4,0.2,5-GW avg pts 0.40; mins 4; xGI 0.05; current GWs 4; fixture Elo diff +229,False,False,False,False,False,False,False,False,False,False,False,False,False,False,False,False,False,False,False,False,False,False,False,False,False,False,False,False,False,False,False,False
dd9b0c9710fd270123600531e17f3287ab6c9403,v2-form-workload-blend,d113ff8057aa6718889feec83e2ade33486769ad87a8f3bd5608b9bfc38eda08,2026-09-18T10:40:22.090068+00:00,158499,75,Ryan,Christie,Christie,91,Bournemouth,BOU,Midfielder,a,False,5.0,0.0,1.5997,1.5324,1.6313,1.5324,1.5997,1.0,1.0,1.0,1.0,1.0,24.0,115.0,0.0,90.0,0.0,5.861359434803241,3.0,4.0,0.6,0.0,9.333333333333334,226.0,0.07168141592920359,0.1314159292035398,14.336283185840708,0.0,,,,6.3163,1.2633,high,1.0,1.0,4,0,0,0.6,0.6,0.8,5-GW avg pts 0.60; mins 6; xGI 0.02; current GWs 4; fixture Elo diff +34,False,False,False,False,False,False,False,False,False,False,False,False,False,False,False,False,False,False,False,False,False,False,False,False,False,False,False,False,False,False,False,False
dd9b0c9710fd270123600531e17f3287ab6c9403,v2-form-workload-blend,d113ff8057aa6718889feec83e2ade33486769ad87a8f3bd5608b9bfc38eda08,2026-09-18T10:40:22.090068+00:00,232787,519,Conor,Gallagher,Gallagher,6,Spurs,TOT,Midfielder,a,False,5.3,0.2,1.5618,1.5226,1.6531,1.5226,1.5834,1.0,1.0,1.0,1.0,1.0,75.0,158.0,75.0,75.0,0.0,2.6530261014699077,2.0,6.0,0.6,0.4,69.66666666666667,644.0,0.09642857142857139,0.04192546583850928,10.062111801242237,0.0,,,,6.2705,1.1831,high,1.0,1.0,4,0,0,1.2,1.2,0.8,5-GW avg pts 1.20; mins 42; xGI 0.07; current GWs 4; fixture Elo diff -49,False,False,False,False,False,False,False,False,False,False,False,False,False,False,False,False,False,False,False,False,False,False,False,False,False,False,False,False,False,False,False,False
dd9b0c9710fd270123600531e17f3287ab6c9403,v2-form-workload-blend,d113ff8057aa6718889feec83e2ade33486769ad87a8f3bd5608b9bfc38eda08,2026-09-18T10:40:22.090068+00:00,560552,263,Kevin,Santos Lopes de Macedo,Kevin,54,Fulham,FUL,Midfielder,a,False,5.3,0.0,1.5854,1.5371,1.566,1.6143,1.5304,1.0,1.0,1.0,1.0,1.0,87.0,87.0,69.0,69.0,0.0,2.663442768136574,2.0,6.0,0.8,0.0,25.25,174.0,,,,,,4.0,,6.2699,1.183,high,1.0,1.0,4,0,0,1.4,1.4,0.8,5-GW avg pts 1.40; mins 20; xGI 0.04; current GWs 4; fixture Elo diff +79,False,False,False,False,False,False,False,False,False,False,False,False,False,False,False,False,False,False,False,False,False,False,False,False,False,False,False,False,False,False,False,False
dd9b0c9710fd270123600531e17f3287ab6c9403,v2-form-workload-blend,d113ff8057aa6718889feec83e2ade33486769ad87a8f3bd5608b9bfc38eda08,2026-09-18T10:40:22.090068+00:00,174594,347,Lukas,Nmecha,Nmecha,2,Leeds,LEE,Forward,a,False,5.4,0.5,1.6142,1.359,1.5933,1.619,1.5901,1.0,1.0,1.0,1.0,1.0,12.0,95.0,0.0,66.0,0.0,3.6530261014699077,3.0,9.0,0.8,0.2,35.0,249.0,0.4698795180722893,0.2927710843373494,6.144578313253012,0.0,2.0,,,6.1993,1.148,high,1.0,1.0,4,0,0,1.6,1.6,1.5,5-GW avg pts 1.60; mins 28; xGI 0.27; current GWs 4; fixture Elo diff -81,False,False,False,False,False,False,False,False,False,False,False,False,False,False,False,False,False,False,False,False,False,False,False,False,False,False,False,False,False,False,False,False
dd9b0c9710fd270123600531e17f3287ab6c9403,v2-form-workload-blend,d113ff8057aa6718889feec83e2ade33486769ad87a8f3bd5608b9bfc38eda08,2026-09-18T10:40:22.090068+00:00,427637,337,Brenden,Aaronson,Aaronson,2,Leeds,LEE,Midfielder,a,False,5.4,0.5,1.6078,1.4375,1.5863,1.5703,1.5408,1.0,1.0,1.0,1.0,1.0,18.0,113.0,0.0,67.0,0.0,3.6530261014699077,3.0,10.0,1.0,0.4,52.4,561.0,0.05133689839572199,0.09304812834224598,6.898395721925134,0.0,,,4.0,6.1943,1.1471,high,1.0,1.0,4,0,0,1.4,1.4,1.5,5-GW avg pts 1.40; mins 52; xGI 0.12; current GWs 4; fixture Elo diff -81,False,False,False,False,False,False,False,False,False,False,False,False,False,False,False,False,False,False,False,False,False,False,False,False,False,False,False,False,False,False,False,False
dd9b0c9710fd270123600531e17f3287ab6c9403,v2-form-workload-blend,d113ff8057aa6718889feec83e2ade33486769ad87a8f3bd5608b9bfc38eda08,2026-09-18T10:40:22.090068+00:00,487053,506,Destiny,Udogie,Udogie,6,Spurs,TOT,Defender,a,False,4.4,0.3,1.5232,1.4547,1.6943,1.4547,1.5448,1.0,1.0,1.0,1.0,1.0,57.0,118.0,57.0,57.0,0.0,2.6530261014699077,2.0,5.0,0.8,0.4,43.75,492.0,0.0036585365853658352,0.051219512195121934,4.7560975609756095,0.0,,,,6.1332,1.3939,high,1.0,1.0,4,0,0,2.8,2.8,1.8,5-GW avg pts 2.80; mins 35; xGI 0.05; current GWs 4; fixture Elo diff -49,False,False,False,False,False,False,False,False,False,False,False,False,False,False,False,False,False,False,False,False,False,False,False,False,False,False,False,False,False,False,False,False
dd9b0c9710fd270123600531e17f3287ab6c9403,v2-form-workload-blend,d113ff8057aa6718889feec83e2ade33486769ad87a8f3bd5608b9bfc38eda08,2026-09-18T10:40:22.090068+00:00,209289,262,Emile,Smith Rowe,Smith Rowe,54,Fulham,FUL,Midfielder,a,False,5.4,0.2,1.5934,1.4561,1.5085,1.5884,1.5014,1.0,1.0,1.0,1.0,1.0,82.0,93.0,69.0,69.0,0.0,2.663442768136574,3.0,6.0,0.8,0.2,27.25,450.0,0.06999999999999998,0.023999999999999994,7.0,0.0,,,,6.1233,1.134,high,1.0,1.0,4,0,0,1.2,1.2,0.8,5-GW avg pts 1.20; mins 22; xGI 0.03; current GWs 4; fixture Elo diff +79,False,False,False,False,False,False,False,False,False,False,False,False,False,False,False,False,False,False,False,False,False,False,False,False,False,False,False,False,False,False,False,False
dd9b0c9710fd270123600531e17f3287ab6c9403,v2-form-workload-blend,d113ff8057aa6718889feec83e2ade33486769ad87a8f3bd5608b9bfc38eda08,2026-09-18T10:40:22.090068+00:00,199796,32,Matty,Cash,Cash,7,Aston Villa,AVL,Defender,a,False,4.4,5.1,1.5052,1.6057,1.4735,1.4511,1.6256,1.0,1.0,1.0,1.0,1.0,0.0,85.0,0.0,0.0,0.0,12.757192768136573,1.0,6.0,0.8,0.6,74.0,735.0,0.02081632653061221,0.034285714285714225,5.142857142857143,0.0,,1.0,,6.1203,1.391,high,1.0,1.0,4,0,0,1.6,1.6,1.8,5-GW avg pts 1.60; mins 59; xGI 0.04; current GWs 4; fixture Elo diff +74,False,False,False,False,False,False,False,False,False,False,False,False,False,False,False,False,False,False,False,False,False,False,False,False,False,False,False,False,False,False,False,False
dd9b0c9710fd270123600531e17f3287ab6c9403,v2-form-workload-blend,d113ff8057aa6718889feec83e2ade33486769ad87a8f3bd5608b9bfc38eda08,2026-09-18T10:40:22.090068+00:00,75115,108,Callum,Wilson,Wilson,94,Brentford,BRE,Forward,a,False,5.5,0.3,1.5823,1.4952,1.5613,1.406,1.5823,1.0,1.0,1.0,1.0,1.0,77.0,81.0,77.0,77.0,0.0,2.6530261014699077,2.0,6.0,0.8,0.0,14.5,202.0,0.5301980198019798,0.09356435643564352,2.6732673267326734,0.0,,,,6.1105,1.111,high,1.0,1.0,4,0,0,1.6,1.6,0.8,5-GW avg pts 1.60; mins 12; xGI 0.12; current GWs 4; fixture Elo diff +33,False,False,False,False,False,False,False,False,False,False,False,False,False,False,False,False,False,False,False,False,False,False,False,False,False,False,False,False,False,False,False,False
dd9b0c9710fd270123600531e17f3287ab6c9403,v2-form-workload-blend,d113ff8057aa6718889feec83e2ade33486769ad87a8f3bd5608b9bfc38eda08,2026-09-18T10:40:22.090068+00:00,543158,568,Valentín,Barco,Barco,8,Chelsea,CHE,Midfielder,a,False,5.4,0.1,1.4621,1.5249,1.4621,1.5244,1.5249,1.0,1.0,1.0,1.0,1.0,21.0,111.0,0.0,90.0,0.0,5.861359434803241,2.0,4.0,0.5,0.0,14.5,29.0,,,,,,,,5.9862,1.1086,high,0.8,0.8,4,0,0,0.25,0.25,0.2,5-GW avg pts 0.25; mins 7; xGI 0.03; current GWs 4; fixture Elo diff -10,False,False,False,False,False,False,False,False,False,False,False,False,False,False,False,False,False,False,False,False,False,False,False,False,False,False,False,False,False,False,False,False
dd9b0c9710fd270123600531e17f3287ab6c9403,v2-form-workload-blend,d113ff8057aa6718889feec83e2ade33486769ad87a8f3bd5608b9bfc38eda08,2026-09-18T10:40:22.090068+00:00,481624,318,Jaden,Philogene,Philogene,40,Ipswich Town,IPS,Midfielder,a,False,5.4,0.1,1.4685,1.5313,1.3907,1.5328,1.5478,1.0,1.0,1.0,1.0,1.0,89.0,89.0,61.0,61.0,0.0,2.6530261014699077,2.0,2.0,0.25,0.0,28.0,28.0,,,,,3.0,5.0,,5.9608,1.1039,high,0.8,0.8,4,0,0,0.25,0.25,0.2,5-GW avg pts 0.25; mins 7; xGI 0.00; current GWs 4; fixture Elo diff -148,False,False,False,False,False,False,False,False,False,False,False,False,False,False,False,False,False,False,False,False,False,False,False,False,False,False,False,False,False,False,False,False
dd9b0c9710fd270123600531e17f3287ab6c9403,v2-form-workload-blend,d113ff8057aa6718889feec83e2ade33486769ad87a8f3bd5608b9bfc38eda08,2026-09-18T10:40:22.090068+00:00,597462,585,Lucas,Herrington,Herrington,88,Hull City,HUL,Defender,a,False,4.0,0.6,1.3962,1.5301,1.4337,1.4926,1.49,1.0,1.0,1.0,1.0,1.0,31.0,140.0,0.0,90.0,0.0,5.861359434803241,3.0,7.0,1.0,0.0,26.75,107.0,,,,,,,,5.8591,1.4648,high,0.8,0.8,4,0,0,1.0,1.0,1.0,5-GW avg pts 1.00; mins 27; xGI 0.00; current GWs 4; fixture Elo diff -253,False,False,False,False,False,False,False,False,False,False,False,False,False,False,False,False,False,False,False,False,False,False,False,False,False,False,False,False,False,False,False,False
dd9b0c9710fd270123600531e17f3287ab6c9403,v2-form-workload-blend,d113ff8057aa6718889feec83e2ade33486769ad87a8f3bd5608b9bfc38eda08,2026-09-18T10:40:22.090068+00:00,50175,136,Danny,Welbeck,Welbeck,8,Chelsea,CHE,Forward,a,False,5.9,0.8,1.4498,1.4511,1.459,1.4818,1.4511,1.0,1.0,1.0,1.0,1.0,12.0,105.0,0.0,90.0,0.0,5.861359434803241,3.0,6.0,0.6,0.0,24.333333333333332,373.0,0.2461126005361929,0.03619302949061656,4.584450402144772,0.0,,,,5.8309,0.9883,high,1.0,1.0,4,0,0,0.6,0.6,0.5,5-GW avg pts 0.60; mins 15; xGI 0.01; current GWs 4; fixture Elo diff -10,False,False,False,False,False,False,False,False,False,False,False,False,False,False,False,False,False,False,False,False,False,False,False,False,False,False,False,False,False,False,False,False
dd9b0c9710fd270123600531e17f3287ab6c9403,v2-form-workload-blend,d113ff8057aa6718889feec83e2ade33486769ad87a8f3bd5608b9bfc38eda08,2026-09-18T10:40:22.090068+00:00,551050,635,Hugo,Larsson,Larsson,54,Fulham,FUL,Midfielder,a,False,5.0,0.0,1.4557,1.4193,1.437,1.4578,1.4119,1.0,1.0,1.0,1.0,1.0,76.0,87.0,63.0,63.0,0.0,2.663442768136574,3.0,3.0,1.0,0.0,12.0,24.0,,,,,,,,5.7503,1.1501,low,0.4,0.4,2,0,0,1.0,1.0,1.0,5-GW avg pts 1.00; mins 12; xGI 0.18; current GWs 2; fixture Elo diff +79,False,False,False,False,False,False,False,False,False,False,False,False,False,False,False,False,False,False,False,False,False,False,False,False,False,False,False,False,False,False,False,False
dd9b0c9710fd270123600531e17f3287ab6c9403,v2-form-workload-blend,d113ff8057aa6718889feec83e2ade33486769ad87a8f3bd5608b9bfc38eda08,2026-09-18T10:40:22.090068+00:00,624773,157,Estêvão,Almeida de Oliveira Gonçalves,Estêvão,8,Chelsea,CHE,Midfielder,a,False,6.3,0.7,1.4078,1.4396,1.4078,1.439,1.4396,1.0,1.0,1.0,1.0,1.0,4.0,58.0,0.0,45.0,0.0,5.861359434803241,3.0,9.0,0.6,0.0,6.666666666666667,35.0,,,,,2.0,4.0,,5.7008,0.9049,high,1.0,1.0,4,0,0,0.6,0.6,0.8,5-GW avg pts 0.60; mins 4; xGI 0.03; current GWs 4; fixture Elo diff -10,False,False,False,False,False,False,False,False,False,False,False,False,False,False,False,False,False,False,False,False,False,False,False,False,False,False,False,False,False,False,False,False
dd9b0c9710fd270123600531e17f3287ab6c9403,v2-form-workload-blend,d113ff8057aa6718889feec83e2ade33486769ad87a8f3bd5608b9bfc38eda08,2026-09-18T10:40:22.090068+00:00,627221,599,Sidiki,Cherif,Cherif,9,Coventry City,COV,Forward,a,False,5.0,0.1,1.3803,1.4298,1.3788,1.4416,1.4495,1.0,1.0,1.0,1.0,1.0,88.0,88.0,58.0,58.0,0.0,1.6530261014699075,2.0,3.0,0.25,0.0,30.0,30.0,,,,,,,,5.649,1.1298,high,0.8,0.8,4,0,0,0.25,0.25,0.2,5-GW avg pts 0.25; mins 8; xGI 0.00; current GWs 4; fixture Elo diff -136,False,False,False,False,False,False,False,False,False,False,False,False,False,False,False,False,False,False,False,False,False,False,False,False,False,False,False,False,False,False,False,False
dd9b0c9710fd270123600531e17f3287ab6c9403,v2-form-workload-blend,d113ff8057aa6718889feec83e2ade33486769ad87a8f3bd5608b9bfc38eda08,2026-09-18T10:40:22.090068+00:00,230730,194,Brandon,Thomas-Asante,Thomas-Asante,9,Coventry City,COV,Forward,a,False,5.0,0.8,1.3521,1.4184,1.3521,1.4184,1.4263,1.0,1.0,1.0,1.0,1.0,17.0,36.0,0.0,0.0,0.0,4.903026101469908,2.0,6.0,1.0,0.25,34.25,137.0,,,,,4.0,,,5.5589,1.1118,high,0.8,0.8,4,0,0,1.25,1.25,1.2,5-GW avg pts 1.25; mins 34; xGI 0.07; current GWs 4; fixture Elo diff -136,False,False,False,False,False,False,False,False,False,False,False,False,False,False,False,False,False,False,False,False,False,False,False,False,False,False,False,False,False,False,False,False
dd9b0c9710fd270123600531e17f3287ab6c9403,v2-form-workload-blend,d113ff8057aa6718889feec83e2ade33486769ad87a8f3bd5608b9bfc38eda08,2026-09-18T10:40:22.090068+00:00,651426,203,Jaydee,Canvot,Canvot,31,Crystal Palace,CRY,Defender,a,False,4.9,0.2,1.3806,1.3931,1.3806,1.3931,1.3806,1.0,1.0,1.0,1.0,1.0,0.0,90.0,0.0,0.0,0.0,12.86135943480324,1.0,6.0,0.6,0.6,90.0,810.0,0.041111111111111105,0.006666666666666656,9.444444444444445,0.0,,,,5.5425,1.1311,high,1.0,1.0,4,0,0,0.4,0.4,0.5,5-GW avg pts 0.40; mins 54; xGI 0.01; current GWs 4; fixture Elo diff -11,False,False,False,False,False,False,False,False,False,False,False,False,False,False,False,False,False,False,False,False,False,False,False,False,False,False,False,False,False,False,False,False
dd9b0c9710fd270123600531e17f3287ab6c9403,v2-form-workload-blend,d113ff8057aa6718889feec83e2ade33486769ad87a8f3bd5608b9bfc38eda08,2026-09-18T10:40:22.090068+00:00,195384,17,Mikel,Merino Zazón,Merino,3,Arsenal,ARS,Midfielder,a,False,5.8,0.4,1.3685,1.3823,1.3818,1.3947,1.3685,1.0,1.0,1.0,1.0,1.0,95.0,173.0,90.0,155.0,0.0,2.6530261014699077,4.0,7.0,1.0,0.0,15.8,79.0,,,,,,,,5.5154,0.9509,high,1.0,1.0,4,0,0,0.8,0.8,0.8,5-GW avg pts 0.80; mins 16; xGI 0.11; current GWs 4; fixture Elo diff +229,False,False,False,False,False,False,False,False,False,False,False,False,False,False,False,False,False,False,False,False,False,False,False,False,False,False,False,False,False,False,False,False
dd9b0c9710fd270123600531e17f3287ab6c9403,v2-form-workload-blend,d113ff8057aa6718889feec83e2ade33486769ad87a8f3bd5608b9bfc38eda08,2026-09-18T10:40:22.090068+00:00,532605,162,Andrey,Nascimento dos Santos,Andrey Santos,1,Man Utd,MUN,Midfielder,a,False,4.8,0.6,1.3524,1.3839,1.3604,1.3599,1.3403,1.0,1.0,1.0,1.0,1.0,66.0,98.0,66.0,92.0,0.0,1.6530261014699075,3.0,11.0,0.6,0.2,27.333333333333332,266.0,0.08458646616541347,0.09812030075187968,11.503759398496241,0.0,,,,5.4423,1.1338,high,1.0,1.0,4,0,0,0.8,0.8,1.0,5-GW avg pts 0.80; mins 16; xGI 0.05; current GWs 4; fixture Elo diff +97,False,False,False,False,False,False,False,False,False,False,False,False,False,False,False,False,False,False,False,False,False,False,False,False,False,False,False,False,False,False,False,False
dd9b0c9710fd270123600531e17f3287ab6c9403,v2-form-workload-blend,d113ff8057aa6718889feec83e2ade33486769ad87a8f3bd5608b9bfc38eda08,2026-09-18T10:40:22.090068+00:00,167074,256,Kenny,Tete,Tete,54,Fulham,FUL,Defender,a,False,4.4,0.2,1.338,1.335,1.3687,1.3571,1.2777,1.0,1.0,1.0,1.0,1.0,27.0,27.0,0.0,0.0,0.0,5.861359434803241,1.0,3.0,0.2,0.0,27.0,27.0,,,,,,,,5.351,1.2161,high,1.0,1.0,4,0,0,0.0,0.0,0.0,5-GW avg pts 0.00; mins 5; xGI 0.00; current GWs 4; fixture Elo diff +79,False,False,False,False,False,False,False,False,False,False,False,False,False,False,False,False,False,False,False,False,False,False,False,False,False,False,False,False,False,False,False,False
dd9b0c9710fd270123600531e17f3287ab6c9403,v2-form-workload-blend,d113ff8057aa6718889feec83e2ade33486769ad87a8f3bd5608b9bfc38eda08,2026-09-18T10:40:22.090068+00:00,501390,309,Marcelino,Núñez,Núñez,40,Ipswich Town,IPS,Midfielder,a,False,4.9,0.1,1.357,1.3765,1.1118,1.378,1.3671,1.0,1.0,1.0,1.0,1.0,90.0,90.0,90.0,90.0,0.0,2.6530261014699077,1.0,6.0,0.5,0.5,70.0,140.0,,,,,,3.0,1.0,5.2702,1.0755,high,0.8,0.8,4,0,0,1.5,1.5,1.5,5-GW avg pts 1.50; mins 35; xGI 0.02; current GWs 4; fixture Elo diff -148,False,False,False,False,False,False,False,False,False,False,False,False,False,False,False,False,False,False,False,False,False,False,False,False,False,False,False,False,False,False,False,False
dd9b0c9710fd270123600531e17f3287ab6c9403,v2-form-workload-blend,d113ff8057aa6718889feec83e2ade33486769ad87a8f3bd5608b9bfc38eda08,2026-09-18T10:40:22.090068+00:00,210156,492,Taiwo,Awoniyi,Awoniyi,9,Coventry City,COV,Forward,s,False,5.5,0.5,0.0,0.0,2.4872,2.5083,2.5336,0.0,0.0,1.0,1.0,1.0,53.0,124.0,0.0,0.0,0.0,4.903026101469908,2.0,5.0,1.0,0.4,52.0,444.0,0.5898648648648649,0.08513513513513511,4.45945945945946,0.0,5.0,,,5.2657,0.9574,high,1.0,1.0,4,0,0,0.0,0.0,0.0,5-GW avg pts 0.60; mins 52; xGI 0.30; current GWs 4; fixture Elo diff -136,False,False,False,False,False,False,False,False,False,False,False,False,False,False,False,False,False,False,False,False,False,False,False,False,False,False,False,False,False,False,False,False
dd9b0c9710fd270123600531e17f3287ab6c9403,v2-form-workload-blend,d113ff8057aa6718889feec83e2ade33486769ad87a8f3bd5608b9bfc38eda08,2026-09-18T10:40:22.090068+00:00,172780,515,James,Maddison,Maddison,6,Spurs,TOT,Midfielder,a,False,6.3,0.4,1.3103,1.283,1.3273,1.2922,1.3195,1.0,1.0,1.0,1.0,1.0,28.0,28.0,15.0,15.0,0.0,2.6530261014699077,2.0,3.0,0.6,0.0,14.333333333333334,69.0,,,,,,,,5.223,0.8291,high,1.0,1.0,4,0,0,0.6,0.6,0.5,5-GW avg pts 0.60; mins 9; xGI 0.00; current GWs 4; fixture Elo diff -49,False,False,False,False,False,False,False,False,False,False,False,False,False,False,False,False,False,False,False,False,False,False,False,False,False,False,False,False,False,False,False,False
dd9b0c9710fd270123600531e17f3287ab6c9403,v2-form-workload-blend,d113ff8057aa6718889feec83e2ade33486769ad87a8f3bd5608b9bfc38eda08,2026-09-18T10:40:22.090068+00:00,230001,422,Noussair,Mazraoui,Mazraoui,1,Man Utd,MUN,Defender,a,False,4.4,0.5,1.2948,1.3447,1.3028,1.2909,1.2828,1.0,1.0,1.0,1.0,1.0,90.0,181.0,90.0,180.0,0.0,1.6530261014699075,3.0,8.0,0.8,0.4,42.5,395.0,0.05012658227848101,0.027341772151898692,7.518987341772152,0.0,,,,5.2205,1.1865,high,1.0,1.0,4,0,0,1.8,1.8,0.8,5-GW avg pts 1.80; mins 34; xGI 0.06; current GWs 4; fixture Elo diff +97,False,False,False,False,False,False,False,False,False,False,False,False,False,False,False,False,False,False,False,False,False,False,False,False,False,False,False,False,False,False,False,False
dd9b0c9710fd270123600531e17f3287ab6c9403,v2-form-workload-blend,d113ff8057aa6718889feec83e2ade33486769ad87a8f3bd5608b9bfc38eda08,2026-09-18T10:40:22.090068+00:00,434752,327,Jaka,Bijol,Bijol,2,Leeds,LEE,Defender,a,False,5.0,0.8,1.3639,1.1255,1.3423,1.3533,1.3219,1.0,1.0,1.0,1.0,1.0,0.0,119.0,0.0,90.0,0.0,8.64260943480324,2.0,7.0,0.8,0.4,58.25,656.0,0.023323170731707317,0.016463414634146325,11.112804878048781,0.0,,,,5.1911,1.0382,high,1.0,1.0,4,0,0,2.6,2.6,3.0,5-GW avg pts 2.60; mins 47; xGI 0.02; current GWs 4; fixture Elo diff -81,False,False,False,False,False,False,False,False,False,False,False,False,False,False,False,False,False,False,False,False,False,False,False,False,False,False,False,False,False,False,False,False
dd9b0c9710fd270123600531e17f3287ab6c9403,v2-form-workload-blend,d113ff8057aa6718889feec83e2ade33486769ad87a8f3bd5608b9bfc38eda08,2026-09-18T10:40:22.090068+00:00,549940,646,Malick,Fofana,Fofana,56,Sunderland,SUN,Midfielder,a,False,5.5,0.0,1.2268,1.304,1.2792,1.3132,1.3751,1.0,1.0,1.0,1.0,1.0,81.0,176.0,67.0,146.0,0.0,1.6530261014699075,4.0,4.0,1.0,0.0,15.0,30.0,,,,,,,,5.1681,0.9397,low,0.4,0.4,2,0,0,1.0,1.0,1.0,5-GW avg pts 1.00; mins 15; xGI 0.00; current GWs 2; fixture Elo diff -93,False,False,False,False,False,False,False,False,False,False,False,False,False,False,False,False,False,False,False,False,False,False,False,False,False,False,False,False,False,False,False,False
dd9b0c9710fd270123600531e17f3287ab6c9403,v2-form-workload-blend,d113ff8057aa6718889feec83e2ade33486769ad87a8f3bd5608b9bfc38eda08,2026-09-18T10:40:22.090068+00:00,490094,240,Tim,Iroegbunam,Iroegbunam,88,Hull City,HUL,Midfielder,a,False,5.0,0.0,1.2639,1.2987,1.2639,1.2987,1.2844,1.0,1.0,1.0,1.0,1.0,21.0,21.0,0.0,0.0,0.0,5.861359434803241,1.0,3.0,0.6,0.2,36.0,385.0,0.030389610389610393,0.023376623376623353,10.051948051948052,0.0,,,,5.1236,1.0247,high,1.0,1.0,4,0,0,1.0,1.0,0.2,5-GW avg pts 1.00; mins 22; xGI 0.00; current GWs 4; fixture Elo diff -253,False,False,False,False,False,False,False,False,False,False,False,False,False,False,False,False,False,False,False,False,False,False,False,False,False,False,False,False,False,False,False,False
dd9b0c9710fd270123600531e17f3287ab6c9403,v2-form-workload-blend,d113ff8057aa6718889feec83e2ade33486769ad87a8f3bd5608b9bfc38eda08,2026-09-18T10:40:22.090068+00:00,451490,119,João Pedro,Loureiro da Costa,Costinha,36,Brighton,BHA,Defender,a,False,4.5,0.0,1.2232,1.3262,1.3213,1.2749,1.2195,1.0,1.0,1.0,1.0,1.0,96.0,108.0,90.0,90.0,0.0,1.6530261014699075,3.0,7.0,1.0,0.0,13.5,54.0,,,,,,,,5.0979,1.1329,high,0.8,0.8,4,0,0,0.75,0.75,0.8,5-GW avg pts 0.75; mins 14; xGI 0.07; current GWs 4; fixture Elo diff -55,False,False,False,False,False,False,False,False,False,False,False,False,False,False,False,False,False,False,False,False,False,False,False,False,False,False,False,False,False,False,False,False
dd9b0c9710fd270123600531e17f3287ab6c9403,v2-form-workload-blend,d113ff8057aa6718889feec83e2ade33486769ad87a8f3bd5608b9bfc38eda08,2026-09-18T10:40:22.090068+00:00,218997,195,Ellis,Simms,Simms,9,Coventry City,COV,Forward,a,False,5.0,0.7,1.236,1.297,1.236,1.297,1.3049,1.0,1.0,1.0,1.0,1.0,32.0,51.0,32.0,32.0,0.0,1.6530261014699075,2.0,4.0,0.5,0.25,44.0,88.0,,,,,,,,5.0831,1.0166,high,0.8,0.8,4,0,0,0.75,0.75,0.8,5-GW avg pts 0.75; mins 22; xGI 0.08; current GWs 4; fixture Elo diff -136,False,False,False,False,False,False,False,False,False,False,False,False,False,False,False,False,False,False,False,False,False,False,False,False,False,False,False,False,False,False,False,False
dd9b0c9710fd270123600531e17f3287ab6c9403,v2-form-workload-blend,d113ff8057aa6718889feec83e2ade33486769ad87a8f3bd5608b9bfc38eda08,2026-09-18T10:40:22.090068+00:00,550864,420,Leny,Yoro,Yoro,1,Man Utd,MUN,Defender,a,False,4.9,0.5,1.2455,1.2664,1.2535,1.2427,1.2337,1.0,1.0,1.0,1.0,1.0,90.0,186.0,90.0,180.0,0.0,1.6530261014699075,3.0,9.0,0.6,0.0,12.666666666666666,56.0,,,,,,,,4.9981,1.02,high,1.0,1.0,4,0,0,0.6,0.6,0.5,5-GW avg pts 0.60; mins 8; xGI 0.00; current GWs 4; fixture Elo diff +97,False,False,False,False,False,False,False,False,False,False,False,False,False,False,False,False,False,False,False,False,False,False,False,False,False,False,False,False,False,False,False,False
dd9b0c9710fd270123600531e17f3287ab6c9403,v2-form-workload-blend,d113ff8057aa6718889feec83e2ade33486769ad87a8f3bd5608b9bfc38eda08,2026-09-18T10:40:22.090068+00:00,441164,499,Pedro,Porro Sauceda,Pedro Porro,6,Spurs,TOT,Defender,d,False,5.4,8.6,1.2232,1.1404,1.3357,1.2216,1.3045,0.75,0.75,0.75,0.75,0.75,0.0,90.0,0.0,0.0,0.0,12.86135943480324,1.0,3.0,0.6,0.6,90.0,720.0,0.08999999999999998,0.14999999999999997,7.875,0.0,,3.0,1.0,4.9559,0.9178,high,1.0,1.0,4,0,0,2.7,2.7,1.125,5-GW avg pts 3.60; mins 54; xGI 0.14; current GWs 4; fixture Elo diff -49,False,False,False,False,False,False,False,False,False,False,False,False,False,False,False,False,False,False,False,False,False,False,False,False,False,False,False,False,False,False,False,False
dd9b0c9710fd270123600531e17f3287ab6c9403,v2-form-workload-blend,d113ff8057aa6718889feec83e2ade33486769ad87a8f3bd5608b9bfc38eda08,2026-09-18T10:40:22.090068+00:00,496208,72,Ben,Gannon-Doak,Gannon-Doak,91,Bournemouth,BOU,Midfielder,a,False,4.9,0.1,1.2449,1.2214,1.2522,1.222,1.2443,1.0,1.0,1.0,1.0,1.0,8.0,87.0,0.0,78.0,0.0,5.861359434803241,3.0,5.0,0.8,0.0,10.75,59.0,,,,,,,,4.9479,1.0098,high,1.0,1.0,4,0,0,0.8,0.8,0.8,5-GW avg pts 0.80; mins 9; xGI 0.07; current GWs 4; fixture Elo diff +34,False,False,False,False,False,False,False,False,False,False,False,False,False,False,False,False,False,False,False,False,False,False,False,False,False,False,False,False,False,False,False,False
dd9b0c9710fd270123600531e17f3287ab6c9403,v2-form-workload-blend,d113ff8057aa6718889feec83e2ade33486769ad87a8f3bd5608b9bfc38eda08,2026-09-18T10:40:22.090068+00:00,60689,490,Chris,Wood,Wood,17,Nott'm Forest,NFO,Forward,a,False,5.8,0.9,1.3883,1.1939,1.0636,1.2601,1.1939,1.0,1.0,1.0,1.0,1.0,1.0,17.0,0.0,0.0,0.0,5.861359434803241,2.0,5.0,0.8,0.2,26.5,378.0,0.34047619047619054,0.049999999999999975,3.8095238095238093,0.0,2.0,,,4.9121,0.8469,high,1.0,1.0,4,0,0,1.0,1.0,0.8,5-GW avg pts 1.00; mins 21; xGI 0.16; current GWs 4; fixture Elo diff +21,False,False,False,False,False,False,False,False,False,False,False,False,False,False,False,False,False,False,False,False,False,False,False,False,False,False,False,False,False,False,False,False
dd9b0c9710fd270123600531e17f3287ab6c9403,v2-form-workload-blend,d113ff8057aa6718889feec83e2ade33486769ad87a8f3bd5608b9bfc38eda08,2026-09-18T10:40:22.090068+00:00,210462,488,Ibrahim,Sangaré,I.Sangaré,17,Nott'm Forest,NFO,Midfielder,a,False,4.9,0.5,1.2776,1.223,1.1104,1.2933,1.223,1.0,1.0,1.0,1.0,1.0,8.0,8.0,0.0,0.0,0.0,5.861359434803241,1.0,3.0,0.6,0.4,54.0,317.0,0.02555205047318612,0.03690851735015773,13.911671924290221,0.0,,,,4.9058,1.0012,high,1.0,1.0,4,0,0,1.4,1.4,0.8,5-GW avg pts 1.40; mins 32; xGI 0.03; current GWs 4; fixture Elo diff +21,False,False,False,False,False,False,False,False,False,False,False,False,False,False,False,False,False,False,False,False,False,False,False,False,False,False,False,False,False,False,False,False
dd9b0c9710fd270123600531e17f3287ab6c9403,v2-form-workload-blend,d113ff8057aa6718889feec83e2ade33486769ad87a8f3bd5608b9bfc38eda08,2026-09-18T10:40:22.090068+00:00,221466,498,Marcos,Senesi Barón,Senesi,6,Spurs,TOT,Defender,a,False,5.8,3.9,1.1034,1.0899,1.4562,1.1504,1.4057,1.0,1.0,1.0,1.0,1.0,90.0,90.0,90.0,90.0,0.0,2.6530261014699077,1.0,3.0,0.4,0.4,90.0,630.0,0.018571428571428593,0.08999999999999987,10.0,0.0,,,,4.898,0.8445,high,1.0,1.0,4,0,0,1.0,1.0,0.8,5-GW avg pts 1.00; mins 36; xGI 0.01; current GWs 4; fixture Elo diff -49,False,False,False,False,False,False,False,False,False,False,False,False,False,False,False,False,False,False,False,False,False,False,False,False,False,False,False,False,False,False,False,False
dd9b0c9710fd270123600531e17f3287ab6c9403,v2-form-workload-blend,d113ff8057aa6718889feec83e2ade33486769ad87a8f3bd5608b9bfc38eda08,2026-09-18T10:40:22.090068+00:00,216055,571,Florentino Ibrain,Morris Luís,Florentino,40,Ipswich Town,IPS,Midfielder,a,False,4.9,0.1,1.2461,1.2649,1.1048,1.2665,1.174,1.0,1.0,1.0,1.0,1.0,94.0,94.0,81.0,81.0,0.0,2.6530261014699077,2.0,2.0,0.4,0.2,51.5,381.0,0.014173228346456691,0.02125984251968501,14.645669291338583,0.0,,,,4.8593,0.9917,high,1.0,1.0,4,0,0,1.0,1.0,0.2,5-GW avg pts 1.00; mins 21; xGI 0.01; current GWs 4; fixture Elo diff -148,False,False,False,False,False,False,False,False,False,False,False,False,False,False,False,False,False,False,False,False,False,False,False,False,False,False,False,False,False,False,False,False
dd9b0c9710fd270123600531e17f3287ab6c9403,v2-form-workload-blend,d113ff8057aa6718889feec83e2ade33486769ad87a8f3bd5608b9bfc38eda08,2026-09-18T10:40:22.090068+00:00,226965,188,Victor,Torp,Torp,9,Coventry City,COV,Midfielder,a,False,5.4,0.1,1.2089,1.2204,1.1882,1.213,1.2209,1.0,1.0,1.0,1.0,1.0,96.0,96.0,90.0,90.0,0.0,1.6530261014699075,2.0,5.0,0.75,0.0,17.666666666666668,53.0,,,,,2.0,2.0,2.0,4.8395,0.8962,high,0.8,0.8,4,0,0,0.75,0.75,0.8,5-GW avg pts 0.75; mins 13; xGI 0.03; current GWs 4; fixture Elo diff -136,False,False,False,False,False,False,False,False,False,False,False,False,False,False,False,False,False,False,False,False,False,False,False,False,False,False,False,False,False,False,False,False
dd9b0c9710fd270123600531e17f3287ab6c9403,v2-form-workload-blend,d113ff8057aa6718889feec83e2ade33486769ad87a8f3bd5608b9bfc38eda08,2026-09-18T10:40:22.090068+00:00,612855,600,Ibrahim,Osman,Osman,36,Brighton,BHA,Midfielder,a,False,5.0,0.0,1.1804,1.2189,1.2574,1.2116,1.1552,1.0,1.0,1.0,1.0,1.0,12.0,12.0,0.0,0.0,0.0,4.903026101469908,1.0,5.0,0.75,0.0,13.333333333333334,40.0,,,,,,,,4.8246,0.9649,high,0.8,0.8,4,0,0,0.75,0.75,0.8,5-GW avg pts 0.75; mins 10; xGI 0.03; current GWs 4; fixture Elo diff -55,False,False,False,False,False,False,False,False,False,False,False,False,False,False,False,False,False,False,False,False,False,False,False,False,False,False,False,False,False,False,False,False
dd9b0c9710fd270123600531e17f3287ab6c9403,v2-form-workload-blend,d113ff8057aa6718889feec83e2ade33486769ad87a8f3bd5608b9bfc38eda08,2026-09-18T10:40:22.090068+00:00,222694,328,Pascal,Struijk,Struijk,36,Brighton,BHA,Defender,a,False,4.9,0.2,1.1361,1.2408,1.2457,1.215,1.1515,1.0,1.0,1.0,1.0,1.0,102.0,103.0,90.0,90.0,0.0,1.6530261014699075,3.0,3.0,0.6,0.2,34.333333333333336,428.0,0.054672897196261706,0.01051401869158878,8.83177570093458,0.0,,,,4.7907,0.9777,high,1.0,1.0,4,0,0,0.6,0.6,0.5,5-GW avg pts 0.60; mins 21; xGI 0.00; current GWs 4; fixture Elo diff -55,False,False,False,False,False,False,False,False,False,False,False,False,False,False,False,False,False,False,False,False,False,False,False,False,False,False,False,False,False,False,False,False
dd9b0c9710fd270123600531e17f3287ab6c9403,v2-form-workload-blend,d113ff8057aa6718889feec83e2ade33486769ad87a8f3bd5608b9bfc38eda08,2026-09-18T10:40:22.090068+00:00,147675,320,Chuba,Akpom,Akpom,40,Ipswich Town,IPS,Forward,a,False,5.0,1.2,1.1727,1.2709,1.0443,1.2709,1.2413,1.0,1.0,1.0,1.0,1.0,29.0,29.0,29.0,29.0,0.0,2.6530261014699077,1.0,6.0,0.5,0.0,34.5,69.0,,,,,,,,4.7864,0.9573,high,0.8,0.8,4,0,0,1.5,1.5,1.5,5-GW avg pts 1.50; mins 17; xGI 0.24; current GWs 4; fixture Elo diff -148,False,False,False,False,False,False,False,False,False,False,False,False,False,False,False,False,False,False,False,False,False,False,False,False,False,False,False,False,False,False,False,False
dd9b0c9710fd270123600531e17f3287ab6c9403,v2-form-workload-blend,d113ff8057aa6718889feec83e2ade33486769ad87a8f3bd5608b9bfc38eda08,2026-09-18T10:40:22.090068+00:00,200617,343,Daniel,James,James,2,Leeds,LEE,Midfielder,a,False,4.9,0.1,1.2276,1.0931,1.2282,1.2171,1.2097,1.0,1.0,1.0,1.0,1.0,7.0,73.0,0.0,66.0,0.0,3.6530261014699077,2.0,8.0,0.6,0.0,16.333333333333332,171.0,,,,,,,,4.7717,0.9738,high,1.0,1.0,4,0,0,0.6,0.6,0.5,5-GW avg pts 0.60; mins 10; xGI 0.08; current GWs 4; fixture Elo diff -81,False,False,False,False,False,False,False,False,False,False,False,False,False,False,False,False,False,False,False,False,False,False,False,False,False,False,False,False,False,False,False,False
dd9b0c9710fd270123600531e17f3287ab6c9403,v2-form-workload-blend,d113ff8057aa6718889feec83e2ade33486769ad87a8f3bd5608b9bfc38eda08,2026-09-18T10:40:22.090068+00:00,577016,151,Josh,Acheampong,Acheampong,8,Chelsea,CHE,Defender,a,False,4.5,0.4,1.1798,1.1887,1.1798,1.1907,1.1887,1.0,1.0,1.0,1.0,1.0,0.0,180.0,0.0,90.0,0.0,8.64260943480324,2.0,8.0,0.8,0.4,51.75,290.0,0.006206896551724138,0.006206896551724138,6.827586206896552,0.0,,,,4.7401,1.0534,high,1.0,1.0,4,0,0,1.2,1.2,1.2,5-GW avg pts 1.20; mins 41; xGI 0.01; current GWs 4; fixture Elo diff -10,False,False,False,False,False,False,False,False,False,False,False,False,False,False,False,False,False,False,False,False,False,False,False,False,False,False,False,False,False,False,False,False
dd9b0c9710fd270123600531e17f3287ab6c9403,v2-form-workload-blend,d113ff8057aa6718889feec83e2ade33486769ad87a8f3bd5608b9bfc38eda08,2026-09-18T10:40:22.090068+00:00,155408,71,Lewis,Cook,Cook,91,Bournemouth,BOU,Midfielder,a,False,5.0,0.2,1.1843,1.1511,1.2102,1.1295,1.1843,1.0,1.0,1.0,1.0,1.0,8.0,112.0,0.0,90.0,0.0,5.861359434803241,3.0,6.0,1.0,0.4,33.2,167.0,,,,,,,,4.6898,0.938,high,1.0,1.0,4,0,0,1.6,1.6,1.8,5-GW avg pts 1.60; mins 33; xGI 0.00; current GWs 4; fixture Elo diff +34,False,False,False,False,False,False,False,False,False,False,False,False,False,False,False,False,False,False,False,False,False,False,False,False,False,False,False,False,False,False,False,False
dd9b0c9710fd270123600531e17f3287ab6c9403,v2-form-workload-blend,d113ff8057aa6718889feec83e2ade33486769ad87a8f3bd5608b9bfc38eda08,2026-09-18T10:40:22.090068+00:00,458249,440,Joshua,Zirkzee,Zirkzee,1,Man Utd,MUN,Forward,a,False,5.4,0.4,1.1483,1.17,1.1563,1.1582,1.1483,1.0,1.0,1.0,1.0,1.0,31.0,57.0,24.0,50.0,0.0,1.6530261014699075,3.0,8.0,0.4,0.0,11.5,105.0,,,,,,,,4.6261,0.8567,high,1.0,1.0,4,0,0,0.4,0.4,0.2,5-GW avg pts 0.40; mins 5; xGI 0.00; current GWs 4; fixture Elo diff +97,False,False,False,False,False,False,False,False,False,False,False,False,False,False,False,False,False,False,False,False,False,False,False,False,False,False,False,False,False,False,False,False
dd9b0c9710fd270123600531e17f3287ab6c9403,v2-form-workload-blend,d113ff8057aa6718889feec83e2ade33486769ad87a8f3bd5608b9bfc38eda08,2026-09-18T10:40:22.090068+00:00,111317,74,David,Brooks,Brooks,91,Bournemouth,BOU,Midfielder,a,False,5.0,0.1,1.1513,1.1415,1.171,1.1415,1.1513,1.0,1.0,1.0,1.0,1.0,7.0,99.0,0.0,78.0,0.0,5.861359434803241,3.0,4.0,0.6,0.0,10.0,157.0,,,,,,4.0,3.0,4.6052,0.921,high,1.0,1.0,4,0,0,0.4,0.4,0.5,5-GW avg pts 0.40; mins 6; xGI 0.00; current GWs 4; fixture Elo diff +34,False,False,False,False,False,False,False,False,False,False,False,False,False,False,False,False,False,False,False,False,False,False,False,False,False,False,False,False,False,False,False,False
dd9b0c9710fd270123600531e17f3287ab6c9403,v2-form-workload-blend,d113ff8057aa6718889feec83e2ade33486769ad87a8f3bd5608b9bfc38eda08,2026-09-18T10:40:22.090068+00:00,108413,212,Will,Hughes,Hughes,31,Crystal Palace,CRY,Midfielder,a,False,4.4,7.9,1.1397,1.1575,1.1397,1.1575,1.1397,1.0,1.0,1.0,1.0,1.0,13.0,119.0,0.0,90.0,0.0,5.861359434803241,3.0,6.0,0.6,0.2,39.666666666666664,236.0,0.0,0.11059322033898303,8.389830508474576,0.0,,4.0,,4.5872,1.0425,high,1.0,1.0,4,0,0,0.8,0.8,0.5,5-GW avg pts 0.80; mins 24; xGI 0.01; current GWs 4; fixture Elo diff -11,False,False,False,False,False,False,False,False,False,False,False,False,False,False,False,False,False,False,False,False,False,False,False,False,False,False,False,False,False,False,False,False
dd9b0c9710fd270123600531e17f3287ab6c9403,v2-form-workload-blend,d113ff8057aa6718889feec83e2ade33486769ad87a8f3bd5608b9bfc38eda08,2026-09-18T10:40:22.090068+00:00,512462,232,Jake,O'Brien,O'Brien,11,Everton,EVE,Defender,a,False,4.9,0.3,1.2005,1.1572,1.1679,1.0249,1.1321,1.0,1.0,1.0,1.0,1.0,105.0,105.0,90.0,90.0,0.0,1.6634427681365742,2.0,4.0,0.4,0.2,38.0,497.0,0.13219315895372233,0.027162977867203206,5.613682092555332,0.0,,,,4.573,0.9333,high,1.0,1.0,4,0,0,0.4,0.4,0.2,5-GW avg pts 0.40; mins 15; xGI 0.00; current GWs 4; fixture Elo diff +22,False,False,False,False,False,False,False,False,False,False,False,False,False,False,False,False,False,False,False,False,False,False,False,False,False,False,False,False,False,False,False,False
dd9b0c9710fd270123600531e17f3287ab6c9403,v2-form-workload-blend,d113ff8057aa6718889feec83e2ade33486769ad87a8f3bd5608b9bfc38eda08,2026-09-18T10:40:22.090068+00:00,469266,589,Lucas,Gourna-Douath,Gourna-Douath,88,Hull City,HUL,Midfielder,a,False,5.0,0.0,1.1186,1.1841,1.1186,1.1841,1.085,1.0,1.0,1.0,1.0,1.0,0.0,142.0,0.0,60.0,0.0,9.663442768136573,2.0,5.0,0.5,0.25,63.0,126.0,,,,,,,,4.559,0.9118,high,0.8,0.8,4,0,0,0.75,0.75,0.8,5-GW avg pts 0.75; mins 32; xGI 0.01; current GWs 4; fixture Elo diff -253,False,False,False,False,False,False,False,False,False,False,False,False,False,False,False,False,False,False,False,False,False,False,False,False,False,False,False,False,False,False,False,False
dd9b0c9710fd270123600531e17f3287ab6c9403,v2-form-workload-blend,d113ff8057aa6718889feec83e2ade33486769ad87a8f3bd5608b9bfc38eda08,2026-09-18T10:40:22.090068+00:00,448104,9,Piero,Hincapié,Hincapie,3,Arsenal,ARS,Defender,a,False,5.3,0.9,1.1097,1.1141,1.1097,1.1141,1.1097,1.0,1.0,1.0,1.0,1.0,0.0,113.0,0.0,90.0,0.0,8.653026101469907,2.0,8.0,0.6,0.2,40.666666666666664,320.0,0.008437499999999971,0.07874999999999999,9.28125,0.0,,,,4.4458,0.8388,high,1.0,1.0,4,0,0,0.8,0.8,0.5,5-GW avg pts 0.80; mins 24; xGI 0.01; current GWs 4; fixture Elo diff +229,False,False,False,False,False,False,False,False,False,False,False,False,False,False,False,False,False,False,False,False,False,False,False,False,False,False,False,False,False,False,False,False
dd9b0c9710fd270123600531e17f3287ab6c9403,v2-form-workload-blend,d113ff8057aa6718889feec83e2ade33486769ad87a8f3bd5608b9bfc38eda08,2026-09-18T10:40:22.090068+00:00,437497,641,Melvin,Bard,Bard,2,Leeds,LEE,Defender,a,False,4.5,0.0,1.1244,1.0287,1.1244,1.0935,1.0836,1.0,1.0,1.0,1.0,1.0,18.0,96.0,0.0,78.0,0.0,3.6530261014699077,2.0,2.0,0.5,0.0,18.0,18.0,,,,,,,,4.3654,0.9701,low,0.4,0.4,2,0,0,0.5,0.5,0.5,5-GW avg pts 0.50; mins 9; xGI 0.00; current GWs 2; fixture Elo diff -81,False,False,False,False,False,False,False,False,False,False,False,False,False,False,False,False,False,False,False,False,False,False,False,False,False,False,False,False,False,False,False,False
dd9b0c9710fd270123600531e17f3287ab6c9403,v2-form-workload-blend,d113ff8057aa6718889feec83e2ade33486769ad87a8f3bd5608b9bfc38eda08,2026-09-18T10:40:22.090068+00:00,496181,638,Brooke,Norton-Cuffy,Norton-Cuffy,88,Hull City,HUL,Defender,a,False,4.0,0.3,1.0375,1.1074,1.0375,1.1074,1.196,1.0,1.0,1.0,1.0,1.0,8.0,34.0,0.0,0.0,0.0,5.861359434803241,2.0,2.0,1.0,0.0,17.0,34.0,,,,,,,,4.3568,1.0892,low,0.4,0.4,2,0,0,0.5,0.5,0.5,5-GW avg pts 0.50; mins 17; xGI 0.03; current GWs 2; fixture Elo diff -253,False,False,False,False,False,False,False,False,False,False,False,False,False,False,False,False,False,False,False,False,False,False,False,False,False,False,False,False,False,False,False,False
dd9b0c9710fd270123600531e17f3287ab6c9403,v2-form-workload-blend,d113ff8057aa6718889feec83e2ade33486769ad87a8f3bd5608b9bfc38eda08,2026-09-18T10:40:22.090068+00:00,106760,423,Luke,Shaw,Shaw,1,Man Utd,MUN,Defender,d,False,4.4,9.5,1.0616,1.1285,1.0616,1.1285,1.0616,0.75,0.75,0.75,0.75,0.75,0.0,89.0,0.0,0.0,0.0,11.903026101469907,1.0,9.0,0.8,0.8,83.25,765.0,0.023529411764705858,0.1105882352941176,8.0,0.0,,3.0,,4.3534,0.9894,high,1.0,1.0,4,0,0,1.95,1.95,1.05,5-GW avg pts 2.60; mins 67; xGI 0.11; current GWs 4; fixture Elo diff +97,False,False,False,False,False,False,False,False,False,False,False,False,False,False,False,False,False,False,False,False,False,False,False,False,False,False,False,False,False,False,False,False
dd9b0c9710fd270123600531e17f3287ab6c9403,v2-form-workload-blend,d113ff8057aa6718889feec83e2ade33486769ad87a8f3bd5608b9bfc38eda08,2026-09-18T10:40:22.090068+00:00,461587,323,Kasey,McAteer,McAteer,40,Ipswich Town,IPS,Midfielder,a,False,4.5,1.1,1.0683,1.1366,0.9939,1.1366,1.0994,1.0,1.0,1.0,1.0,1.0,69.0,80.0,69.0,69.0,0.0,2.6530261014699077,2.0,7.0,0.75,0.0,14.0,42.0,,,,,,,,4.3416,0.9648,high,0.8,0.8,4,0,0,0.75,0.75,0.8,5-GW avg pts 0.75; mins 10; xGI 0.01; current GWs 4; fixture Elo diff -148,False,False,False,False,False,False,False,False,False,False,False,False,False,False,False,False,False,False,False,False,False,False,False,False,False,False,False,False,False,False,False,False
dd9b0c9710fd270123600531e17f3287ab6c9403,v2-form-workload-blend,d113ff8057aa6718889feec83e2ade33486769ad87a8f3bd5608b9bfc38eda08,2026-09-18T10:40:22.090068+00:00,152551,213,Jefferson,Lerma Solís,Lerma,31,Crystal Palace,CRY,Midfielder,a,False,4.9,0.1,1.0507,1.0605,1.0507,1.0605,1.0507,1.0,1.0,1.0,1.0,1.0,6.0,23.0,0.0,17.0,0.0,5.861359434803241,2.0,3.0,0.4,0.2,48.0,392.0,0.03673469387755104,0.11479591836734693,12.39795918367347,0.0,,,,4.2185,0.8609,high,1.0,1.0,4,0,0,1.0,1.0,0.2,5-GW avg pts 1.00; mins 19; xGI 0.04; current GWs 4; fixture Elo diff -11,False,False,False,False,False,False,False,False,False,False,False,False,False,False,False,False,False,False,False,False,False,False,False,False,False,False,False,False,False,False,False,False
dd9b0c9710fd270123600531e17f3287ab6c9403,v2-form-workload-blend,d113ff8057aa6718889feec83e2ade33486769ad87a8f3bd5608b9bfc38eda08,2026-09-18T10:40:22.090068+00:00,198869,10,Benjamin,White,White,3,Arsenal,ARS,Defender,d,False,5.5,5.9,0.9617,1.1789,0.9998,1.1659,0.9592,0.75,0.75,0.75,0.75,0.75,45.0,217.0,0.0,82.0,0.0,5.653026101469908,3.0,10.0,0.8,0.6,78.75,530.0,0.030566037735849056,0.07981132075471693,4.415094339622642,0.0,,,,4.2141,0.7662,high,1.0,1.0,4,0,0,3.15,3.15,2.925,5-GW avg pts 4.20; mins 63; xGI 0.09; current GWs 4; fixture Elo diff +229,False,False,False,False,False,False,False,False,False,False,False,False,False,False,False,False,False,False,False,False,False,False,False,False,False,False,False,False,False,False,False,False
dd9b0c9710fd270123600531e17f3287ab6c9403,v2-form-workload-blend,d113ff8057aa6718889feec83e2ade33486769ad87a8f3bd5608b9bfc38eda08,2026-09-18T10:40:22.090068+00:00,637238,616,Ayyoub,Bouaddi,Bouaddi,43,Man City,MCI,Midfielder,a,False,5.5,0.2,1.0571,1.0336,1.0225,1.0336,1.044,1.0,1.0,1.0,1.0,1.0,0.0,89.0,0.0,75.0,0.0,9.653026101469907,2.0,3.0,0.6666666666666666,0.0,11.0,22.0,,,,,,,,4.1552,0.7555,medium,0.6,0.6,3,0,0,0.6667,0.6667,0.7,5-GW avg pts 0.67; mins 7; xGI 0.04; current GWs 3; fixture Elo diff +161,False,False,False,False,False,False,False,False,False,False,False,False,False,False,False,False,False,False,False,False,False,False,False,False,False,False,False,False,False,False,False,False
dd9b0c9710fd270123600531e17f3287ab6c9403,v2-form-workload-blend,d113ff8057aa6718889feec83e2ade33486769ad87a8f3bd5608b9bfc38eda08,2026-09-18T10:40:22.090068+00:00,572584,592,Abdoul,Ouattara,Ouattara,40,Ipswich Town,IPS,Defender,a,False,4.0,0.9,1.013,1.0623,0.9624,1.0623,0.9493,1.0,1.0,1.0,1.0,1.0,70.0,82.0,68.0,68.0,0.0,2.6530261014699077,3.0,6.0,1.0,0.0,10.25,41.0,,,,,,,,4.0522,1.0131,high,0.8,0.8,4,0,0,1.0,1.0,1.0,5-GW avg pts 1.00; mins 10; xGI 0.01; current GWs 4; fixture Elo diff -148,False,False,False,False,False,False,False,False,False,False,False,False,False,False,False,False,False,False,False,False,False,False,False,False,False,False,False,False,False,False,False,False
dd9b0c9710fd270123600531e17f3287ab6c9403,v2-form-workload-blend,d113ff8057aa6718889feec83e2ade33486769ad87a8f3bd5608b9bfc38eda08,2026-09-18T10:40:22.090068+00:00,91651,406,Mateo,Kovačić,Kovačić,43,Man City,MCI,Midfielder,a,False,5.4,0.1,1.0276,1.0034,0.9788,1.0034,1.0158,1.0,1.0,1.0,1.0,1.0,0.0,15.0,0.0,15.0,0.0,9.653026101469907,1.0,6.0,0.6,0.0,24.333333333333332,154.0,,,,,,,,4.0255,0.7455,high,1.0,1.0,4,0,0,0.6,0.6,0.5,5-GW avg pts 0.60; mins 15; xGI 0.03; current GWs 4; fixture Elo diff +161,False,False,False,False,False,False,False,False,False,False,False,False,False,False,False,False,False,False,False,False,False,False,False,False,False,False,False,False,False,False,False,False
dd9b0c9710fd270123600531e17f3287ab6c9403,v2-form-workload-blend,d113ff8057aa6718889feec83e2ade33486769ad87a8f3bd5608b9bfc38eda08,2026-09-18T10:40:22.090068+00:00,244954,34,Pau,Torres,Pau,7,Aston Villa,AVL,Defender,d,False,4.5,0.3,0.9631,0.9807,0.9631,0.9737,0.9807,0.75,0.75,0.75,0.75,0.75,25.0,115.0,0.0,90.0,0.0,5.861359434803241,2.0,7.0,0.8,0.4,51.0,384.0,0.16406250000000003,0.007031249999999999,4.6875,0.0,,,,3.8862,0.8636,high,1.0,1.0,4,0,0,0.6,0.6,0.45,5-GW avg pts 0.80; mins 41; xGI 0.03; current GWs 4; fixture Elo diff +74,False,False,False,False,False,False,False,False,False,False,False,False,False,False,False,False,False,False,False,False,False,False,False,False,False,False,False,False,False,False,False,False
dd9b0c9710fd270123600531e17f3287ab6c9403,v2-form-workload-blend,d113ff8057aa6718889feec83e2ade33486769ad87a8f3bd5608b9bfc38eda08,2026-09-18T10:40:22.090068+00:00,180135,339,Sean,Longstaff,Longstaff,2,Leeds,LEE,Midfielder,a,False,4.9,0.1,0.9751,0.9052,0.9751,0.9731,0.9652,1.0,1.0,1.0,1.0,1.0,2.0,69.0,0.0,67.0,0.0,3.6530261014699077,2.0,8.0,0.4,0.0,5.0,66.0,,,,,,3.0,3.0,3.8301,0.7817,high,1.0,1.0,4,0,0,0.4,0.4,0.5,5-GW avg pts 0.40; mins 2; xGI 0.00; current GWs 4; fixture Elo diff -81,False,False,False,False,False,False,False,False,False,False,False,False,False,False,False,False,False,False,False,False,False,False,False,False,False,False,False,False,False,False,False,False
dd9b0c9710fd270123600531e17f3287ab6c9403,v2-form-workload-blend,d113ff8057aa6718889feec83e2ade33486769ad87a8f3bd5608b9bfc38eda08,2026-09-18T10:40:22.090068+00:00,433154,241,Dwight,McNeil,McNeil,31,Crystal Palace,CRY,Midfielder,a,False,5.4,0.1,0.9363,0.9328,0.9363,0.9328,0.9363,1.0,1.0,1.0,1.0,1.0,0.0,17.0,0.0,17.0,0.0,9.663442768136573,1.0,4.0,0.4,0.2,42.0,229.0,0.07074235807860262,0.42445414847161567,9.43231441048035,0.0,,,,3.7395,0.6925,high,1.0,1.0,4,0,0,0.6,0.6,0.8,5-GW avg pts 0.60; mins 17; xGI 0.01; current GWs 4; fixture Elo diff -11,False,False,False,False,False,False,False,False,False,False,False,False,False,False,False,False,False,False,False,False,False,False,False,False,False,False,False,False,False,False,False,False
dd9b0c9710fd270123600531e17f3287ab6c9403,v2-form-workload-blend,d113ff8057aa6718889feec83e2ade33486769ad87a8f3bd5608b9bfc38eda08,2026-09-18T10:40:22.090068+00:00,196100,584,Gustavo,Hamer,Hamer,9,Coventry City,COV,Midfielder,a,False,5.4,0.1,0.8865,0.8881,0.885,0.8999,0.9078,1.0,1.0,1.0,1.0,1.0,90.0,95.0,90.0,90.0,0.0,1.6530261014699075,2.0,5.0,0.75,0.0,10.666666666666666,32.0,,,,,,4.0,,3.5684,0.6608,high,0.8,0.8,4,0,0,0.75,0.75,0.8,5-GW avg pts 0.75; mins 8; xGI 0.01; current GWs 4; fixture Elo diff -136,False,False,False,False,False,False,False,False,False,False,False,False,False,False,False,False,False,False,False,False,False,False,False,False,False,False,False,False,False,False,False,False
dd9b0c9710fd270123600531e17f3287ab6c9403,v2-form-workload-blend,d113ff8057aa6718889feec83e2ade33486769ad87a8f3bd5608b9bfc38eda08,2026-09-18T10:40:22.090068+00:00,232185,208,Ismaïla,Sarr,Sarr,31,Crystal Palace,CRY,Midfielder,a,False,6.2,0.6,0.8959,0.8858,0.8959,0.8858,0.8959,1.0,1.0,1.0,1.0,1.0,0.0,0.0,0.0,0.0,0.0,33.944692768136576,0.0,1.0,0.2,0.0,45.0,421.0,0.6178147268408551,0.08551068883610446,4.061757719714964,0.0,2.0,,,3.5674,0.5754,high,1.0,1.0,4,0,0,0.2,0.2,0.0,5-GW avg pts 0.20; mins 9; xGI 0.00; current GWs 4; fixture Elo diff -11,False,False,False,False,False,False,False,False,False,False,False,False,False,False,False,False,False,False,False,False,False,False,False,False,False,False,False,False,False,False,False,False
dd9b0c9710fd270123600531e17f3287ab6c9403,v2-form-workload-blend,d113ff8057aa6718889feec83e2ade33486769ad87a8f3bd5608b9bfc38eda08,2026-09-18T10:40:22.090068+00:00,463067,125,Georginio,Rutter,Georginio,36,Brighton,BHA,Forward,a,False,5.4,0.5,0.8252,0.9288,0.9133,0.9168,0.8742,1.0,1.0,1.0,1.0,1.0,8.0,8.0,8.0,8.0,0.0,1.6530261014699075,1.0,4.0,0.4,0.2,53.0,252.0,0.24999999999999997,0.40714285714285703,6.428571428571429,0.0,,,,3.558,0.6589,high,1.0,1.0,4,0,0,1.2,1.2,1.2,5-GW avg pts 1.20; mins 21; xGI 0.12; current GWs 4; fixture Elo diff -55,False,False,False,False,False,False,False,False,False,False,False,False,False,False,False,False,False,False,False,False,False,False,False,False,False,False,False,False,False,False,False,False
dd9b0c9710fd270123600531e17f3287ab6c9403,v2-form-workload-blend,d113ff8057aa6718889feec83e2ade33486769ad87a8f3bd5608b9bfc38eda08,2026-09-18T10:40:22.090068+00:00,514514,381,Lewis,Koumas,Koumas,14,Liverpool,LIV,Midfielder,a,False,5.0,0.0,0.8892,0.8844,0.8892,0.9042,0.8632,1.0,1.0,1.0,1.0,1.0,86.0,89.0,86.0,88.0,0.0,2.6530261014699077,3.0,10.0,0.5,0.0,6.5,13.0,,,,,,,,3.5475,0.7095,high,0.8,0.8,4,0,0,0.5,0.5,0.5,5-GW avg pts 0.50; mins 3; xGI 0.01; current GWs 4; fixture Elo diff -6,False,False,False,False,False,False,False,False,False,False,False,False,False,False,False,False,False,False,False,False,False,False,False,False,False,False,False,False,False,False,False,False
dd9b0c9710fd270123600531e17f3287ab6c9403,v2-form-workload-blend,d113ff8057aa6718889feec83e2ade33486769ad87a8f3bd5608b9bfc38eda08,2026-09-18T10:40:22.090068+00:00,485337,42,Evann,Guessand,Guessand,31,Crystal Palace,CRY,Midfielder,a,False,5.4,0.0,0.8733,0.8712,0.8733,0.8712,0.8733,1.0,1.0,1.0,1.0,1.0,0.0,0.0,0.0,0.0,0.0,20.65302610146991,0.0,5.0,0.6,0.0,27.333333333333332,83.0,,,,,,,,3.4898,0.6463,high,1.0,1.0,4,0,0,0.6,0.6,0.5,5-GW avg pts 0.60; mins 16; xGI 0.01; current GWs 4; fixture Elo diff -11,False,False,False,False,False,False,False,False,False,False,False,False,False,False,False,False,False,False,False,False,False,False,False,False,False,False,False,False,False,False,False,False
dd9b0c9710fd270123600531e17f3287ab6c9403,v2-form-workload-blend,d113ff8057aa6718889feec83e2ade33486769ad87a8f3bd5608b9bfc38eda08,2026-09-18T10:40:22.090068+00:00,106611,231,Michael,Keane,Keane,11,Everton,EVE,Defender,a,False,4.8,0.8,0.9379,0.9,0.8646,0.7382,0.8342,1.0,1.0,1.0,1.0,1.0,90.0,90.0,90.0,90.0,0.0,1.6634427681365742,1.0,4.0,0.2,0.2,90.0,453.0,0.06556291390728469,0.05761589403973506,8.741721854304636,0.0,,,,3.4568,0.7202,high,1.0,1.0,4,0,0,0.8,0.8,0.0,5-GW avg pts 0.80; mins 18; xGI 0.07; current GWs 4; fixture Elo diff +22,False,False,False,False,False,False,False,False,False,False,False,False,False,False,False,False,False,False,False,False,False,False,False,False,False,False,False,False,False,False,False,False
dd9b0c9710fd270123600531e17f3287ab6c9403,v2-form-workload-blend,d113ff8057aa6718889feec83e2ade33486769ad87a8f3bd5608b9bfc38eda08,2026-09-18T10:40:22.090068+00:00,184341,430,Mason,Mount,Mount,1,Man Utd,MUN,Midfielder,a,False,5.4,0.0,0.8516,0.8724,0.8595,0.8606,0.8516,1.0,1.0,1.0,1.0,1.0,73.0,118.0,73.0,118.0,0.0,1.6530261014699075,2.0,6.0,0.2,0.2,73.0,197.0,0.009137055837563452,0.10050761421319801,17.81725888324873,0.0,,,4.0,3.4377,0.6366,high,1.0,1.0,4,0,0,1.0,1.0,0.0,5-GW avg pts 1.00; mins 15; xGI 0.03; current GWs 4; fixture Elo diff +97,False,False,False,False,False,False,False,False,False,False,False,False,False,False,False,False,False,False,False,False,False,False,False,False,False,False,False,False,False,False,False,False
dd9b0c9710fd270123600531e17f3287ab6c9403,v2-form-workload-blend,d113ff8057aa6718889feec83e2ade33486769ad87a8f3bd5608b9bfc38eda08,2026-09-18T10:40:22.090068+00:00,493105,160,Alejandro,Garnacho Ferreyra,Garnacho,7,Aston Villa,AVL,Midfielder,a,False,5.8,0.3,0.8593,0.8519,0.8475,0.8157,0.8519,1.0,1.0,1.0,1.0,1.0,0.0,15.0,0.0,0.0,0.0,12.757192768136573,1.0,3.0,0.6,0.0,10.333333333333334,151.0,,,,,,,,3.3861,0.5838,high,1.0,1.0,4,0,0,0.6,0.6,0.8,5-GW avg pts 0.60; mins 6; xGI 0.00; current GWs 4; fixture Elo diff +74,False,False,False,False,False,False,False,False,False,False,False,False,False,False,False,False,False,False,False,False,False,False,False,False,False,False,False,False,False,False,False,False
dd9b0c9710fd270123600531e17f3287ab6c9403,v2-form-workload-blend,d113ff8057aa6718889feec83e2ade33486769ad87a8f3bd5608b9bfc38eda08,2026-09-18T10:40:22.090068+00:00,538007,594,Promise,David,David,36,Brighton,BHA,Forward,a,False,6.0,0.2,0.8266,0.8572,0.8836,0.8476,0.8104,1.0,1.0,1.0,1.0,1.0,0.0,13.0,0.0,0.0,0.0,12.86135943480324,1.0,2.0,0.5,0.0,11.5,23.0,,,,,2.0,,,3.3845,0.5641,high,0.8,0.8,4,0,0,0.25,0.25,0.2,5-GW avg pts 0.25; mins 6; xGI 0.10; current GWs 4; fixture Elo diff -55,False,False,False,False,False,False,False,False,False,False,False,False,False,False,False,False,False,False,False,False,False,False,False,False,False,False,False,False,False,False,False,False
dd9b0c9710fd270123600531e17f3287ab6c9403,v2-form-workload-blend,d113ff8057aa6718889feec83e2ade33486769ad87a8f3bd5608b9bfc38eda08,2026-09-18T10:40:22.090068+00:00,561245,81,Álvaro,Rodríguez,Rodríguez,91,Bournemouth,BOU,Forward,a,False,6.0,0.1,0.8305,0.8201,0.8384,0.8201,0.8305,1.0,1.0,1.0,1.0,1.0,1.0,79.0,0.0,78.0,0.0,5.861359434803241,2.0,3.0,0.5,0.0,5.0,10.0,,,,,,,,3.3117,0.552,high,0.8,0.8,4,0,0,0.5,0.5,0.5,5-GW avg pts 0.50; mins 2; xGI 0.00; current GWs 4; fixture Elo diff +34,False,False,False,False,False,False,False,False,False,False,False,False,False,False,False,False,False,False,False,False,False,False,False,False,False,False,False,False,False,False,False,False
dd9b0c9710fd270123600531e17f3287ab6c9403,v2-form-workload-blend,d113ff8057aa6718889feec83e2ade33486769ad87a8f3bd5608b9bfc38eda08,2026-09-18T10:40:22.090068+00:00,201895,535,Omar,Alderete,Alderete,56,Sunderland,SUN,Defender,a,False,4.9,0.2,0.7807,0.8213,0.8169,0.8213,0.8331,1.0,1.0,1.0,1.0,1.0,52.0,142.0,52.0,142.0,0.0,1.6530261014699075,2.0,3.0,0.2,0.0,23.0,377.0,0.059681697612732065,0.011936339522546418,8.116710875331565,0.0,,,,3.2481,0.6629,high,1.0,1.0,4,0,0,0.2,0.2,0.2,5-GW avg pts 0.20; mins 5; xGI 0.00; current GWs 4; fixture Elo diff -93,False,False,False,False,False,False,False,False,False,False,False,False,False,False,False,False,False,False,False,False,False,False,False,False,False,False,False,False,False,False,False,False
dd9b0c9710fd270123600531e17f3287ab6c9403,v2-form-workload-blend,d113ff8057aa6718889feec83e2ade33486769ad87a8f3bd5608b9bfc38eda08,2026-09-18T10:40:22.090068+00:00,219249,126,Matt,O'Riley,O'Riley,36,Brighton,BHA,Midfielder,a,False,5.4,0.1,0.7831,0.8176,0.8241,0.8097,0.7899,1.0,1.0,1.0,1.0,1.0,72.0,72.0,66.0,66.0,0.0,1.6530261014699075,2.0,2.0,0.2,0.0,6.0,22.0,,,,,3.0,,,3.2189,0.5961,high,1.0,1.0,4,0,0,0.2,0.2,0.2,5-GW avg pts 0.20; mins 1; xGI 0.00; current GWs 4; fixture Elo diff -55,False,False,False,False,False,False,False,False,False,False,False,False,False,False,False,False,False,False,False,False,False,False,False,False,False,False,False,False,False,False,False,False
dd9b0c9710fd270123600531e17f3287ab6c9403,v2-form-workload-blend,d113ff8057aa6718889feec83e2ade33486769ad87a8f3bd5608b9bfc38eda08,2026-09-18T10:40:22.090068+00:00,559152,595,Zavier,Gozo,Gozo,31,Crystal Palace,CRY,Midfielder,a,False,5.0,0.0,0.7894,0.8052,0.7894,0.8052,0.7894,1.0,1.0,1.0,1.0,1.0,6.0,23.0,0.0,17.0,0.0,5.861359434803241,2.0,3.0,0.5,0.0,14.0,28.0,,,,,,,,3.1829,0.6366,high,0.8,0.8,4,0,0,0.5,0.5,0.5,5-GW avg pts 0.50; mins 7; xGI 0.00; current GWs 4; fixture Elo diff -11,False,False,False,False,False,False,False,False,False,False,False,False,False,False,False,False,False,False,False,False,False,False,False,False,False,False,False,False,False,False,False,False
dd9b0c9710fd270123600531e17f3287ab6c9403,v2-form-workload-blend,d113ff8057aa6718889feec83e2ade33486769ad87a8f3bd5608b9bfc38eda08,2026-09-18T10:40:22.090068+00:00,523700,608,Daniel,Jebbison,Jebbison,91,Bournemouth,BOU,Forward,a,False,5.0,0.1,0.7957,0.7853,0.8036,0.7853,0.7957,1.0,1.0,1.0,1.0,1.0,0.0,13.0,0.0,12.0,0.0,9.663442768136573,2.0,3.0,0.5,0.0,8.0,16.0,,,,,,,,3.1727,0.6345,high,0.8,0.8,4,0,0,0.5,0.5,0.5,5-GW avg pts 0.50; mins 4; xGI 0.03; current GWs 4; fixture Elo diff +34,False,False,False,False,False,False,False,False,False,False,False,False,False,False,False,False,False,False,False,False,False,False,False,False,False,False,False,False,False,False,False,False
dd9b0c9710fd270123600531e17f3287ab6c9403,v2-form-workload-blend,d113ff8057aa6718889feec83e2ade33486769ad87a8f3bd5608b9bfc38eda08,2026-09-18T10:40:22.090068+00:00,616288,621,Ryan,McAidoo,McAidoo,43,Man City,MCI,Midfielder,a,False,4.5,0.1,0.8019,0.7815,0.7633,0.7815,0.794,1.0,1.0,1.0,1.0,1.0,0.0,3.0,0.0,0.0,0.0,12.86135943480324,1.0,2.0,0.4,0.0,5.5,11.0,,,,,,,,3.1393,0.6976,high,1.0,1.0,3,0,0,0.4,0.4,0.7,5-GW avg pts 0.40; mins 2; xGI 0.02; current GWs 3; fixture Elo diff +161,False,False,False,False,False,False,False,False,False,False,False,False,False,False,False,False,False,False,False,False,False,False,False,False,False,False,False,False,False,False,False,False
dd9b0c9710fd270123600531e17f3287ab6c9403,v2-form-workload-blend,d113ff8057aa6718889feec83e2ade33486769ad87a8f3bd5608b9bfc38eda08,2026-09-18T10:40:22.090068+00:00,109646,147,Tosin,Adarabioyo,Tosin,6,Spurs,TOT,Defender,a,False,4.4,0.2,0.7836,0.7612,0.8014,0.7612,0.7836,1.0,1.0,1.0,1.0,1.0,95.0,95.0,90.0,90.0,0.0,2.6530261014699077,2.0,4.0,0.2,0.0,5.0,50.0,,,,,,,,3.1128,0.7075,high,1.0,1.0,4,0,0,0.2,0.2,0.2,5-GW avg pts 0.20; mins 1; xGI 0.00; current GWs 4; fixture Elo diff -49,False,False,False,False,False,False,False,False,False,False,False,False,False,False,False,False,False,False,False,False,False,False,False,False,False,False,False,False,False,False,False,False
dd9b0c9710fd270123600531e17f3287ab6c9403,v2-form-workload-blend,d113ff8057aa6718889feec83e2ade33486769ad87a8f3bd5608b9bfc38eda08,2026-09-18T10:40:22.090068+00:00,591386,375,Trey,Nyoni,Nyoni,14,Liverpool,LIV,Midfielder,a,False,4.9,0.0,0.779,0.7683,0.779,0.7881,0.7471,1.0,1.0,1.0,1.0,1.0,62.0,68.0,62.0,62.0,0.0,2.6530261014699077,2.0,9.0,0.6,0.0,8.666666666666666,26.0,,,,,,,,3.0936,0.6314,high,1.0,1.0,4,0,0,0.6,0.6,0.5,5-GW avg pts 0.60; mins 5; xGI 0.00; current GWs 4; fixture Elo diff -6,False,False,False,False,False,False,False,False,False,False,False,False,False,False,False,False,False,False,False,False,False,False,False,False,False,False,False,False,False,False,False,False
dd9b0c9710fd270123600531e17f3287ab6c9403,v2-form-workload-blend,d113ff8057aa6718889feec83e2ade33486769ad87a8f3bd5608b9bfc38eda08,2026-09-18T10:40:22.090068+00:00,250199,487,Nicolás,Domínguez,Dominguez,17,Nott'm Forest,NFO,Midfielder,a,False,4.9,0.1,0.7926,0.783,0.711,0.7805,0.783,1.0,1.0,1.0,1.0,1.0,0.0,0.0,0.0,0.0,0.0,19.96552610146991,0.0,3.0,0.4,0.0,13.0,231.0,0.12467532467532468,0.12857142857142853,15.584415584415584,0.0,,,,3.0823,0.629,high,1.0,1.0,4,0,0,0.4,0.4,0.2,5-GW avg pts 0.40; mins 5; xGI 0.02; current GWs 4; fixture Elo diff +21,False,False,False,False,False,False,False,False,False,False,False,False,False,False,False,False,False,False,False,False,False,False,False,False,False,False,False,False,False,False,False,False
dd9b0c9710fd270123600531e17f3287ab6c9403,v2-form-workload-blend,d113ff8057aa6718889feec83e2ade33486769ad87a8f3bd5608b9bfc38eda08,2026-09-18T10:40:22.090068+00:00,632794,559,Aladji,Bamba,Bamba,4,Newcastle,NEW,Midfielder,a,False,4.9,0.1,0.74,0.7914,0.7801,0.7643,0.7801,1.0,1.0,1.0,1.0,1.0,10.0,10.0,0.0,0.0,0.0,3.6530261014699077,1.0,5.0,0.5,0.0,12.0,24.0,,,,,,,,3.0793,0.6284,high,0.8,0.8,4,0,0,0.5,0.5,0.5,5-GW avg pts 0.50; mins 6; xGI 0.00; current GWs 4; fixture Elo diff +93,False,False,False,False,False,False,False,False,False,False,False,False,False,False,False,False,False,False,False,False,False,False,False,False,False,False,False,False,False,False,False,False
dd9b0c9710fd270123600531e17f3287ab6c9403,v2-form-workload-blend,d113ff8057aa6718889feec83e2ade33486769ad87a8f3bd5608b9bfc38eda08,2026-09-18T10:40:22.090068+00:00,554197,548,Chris,Rigg,Rigg,56,Sunderland,SUN,Midfielder,a,False,4.9,0.0,0.7306,0.7713,0.7668,0.7713,0.7939,1.0,1.0,1.0,1.0,1.0,6.0,96.0,6.0,96.0,0.0,1.6530261014699075,2.0,5.0,0.6,0.0,6.0,138.0,,,,,,,,3.0545,0.6234,high,1.0,1.0,4,0,0,0.6,0.6,0.5,5-GW avg pts 0.60; mins 4; xGI 0.00; current GWs 4; fixture Elo diff -93,False,False,False,False,False,False,False,False,False,False,False,False,False,False,False,False,False,False,False,False,False,False,False,False,False,False,False,False,False,False,False,False
dd9b0c9710fd270123600531e17f3287ab6c9403,v2-form-workload-blend,d113ff8057aa6718889feec83e2ade33486769ad87a8f3bd5608b9bfc38eda08,2026-09-18T10:40:22.090068+00:00,533646,647,Darío,Osorio,Osorio,31,Crystal Palace,CRY,Midfielder,a,False,5.5,0.0,0.7425,0.7529,0.7425,0.7529,0.7425,1.0,1.0,1.0,1.0,1.0,0.0,60.0,0.0,59.0,0.0,9.663442768136573,2.0,2.0,0.5,0.0,1.0,1.0,,,,,,,,2.9867,0.543,low,0.4,0.4,2,0,0,0.5,0.5,0.5,5-GW avg pts 0.50; mins 0; xGI 0.00; current GWs 2; fixture Elo diff -11,False,False,False,False,False,False,False,False,False,False,False,False,False,False,False,False,False,False,False,False,False,False,False,False,False,False,False,False,False,False,False,False
dd9b0c9710fd270123600531e17f3287ab6c9403,v2-form-workload-blend,d113ff8057aa6718889feec83e2ade33486769ad87a8f3bd5608b9bfc38eda08,2026-09-18T10:40:22.090068+00:00,167512,539,Luke,O'Nien,O'Nien,56,Sunderland,SUN,Defender,a,False,4.0,2.5,0.7181,0.7576,0.7452,0.7576,0.755,1.0,1.0,1.0,1.0,1.0,0.0,90.0,0.0,90.0,0.0,9.663442768136573,1.0,3.0,0.4,0.4,78.0,313.0,0.04025559105431308,0.008626198083067065,7.763578274760383,0.0,,,,2.9795,0.7449,high,1.0,1.0,4,0,0,1.4,1.4,0.2,5-GW avg pts 1.40; mins 31; xGI 0.02; current GWs 4; fixture Elo diff -93,False,False,False,False,False,False,False,False,False,False,False,False,False,False,False,False,False,False,False,False,False,False,False,False,False,False,False,False,False,False,False,False
dd9b0c9710fd270123600531e17f3287ab6c9403,v2-form-workload-blend,d113ff8057aa6718889feec83e2ade33486769ad87a8f3bd5608b9bfc38eda08,2026-09-18T10:40:22.090068+00:00,487992,596,Matteo,Ruggeri,Ruggeri,7,Aston Villa,AVL,Defender,a,False,4.5,0.1,0.7268,0.7417,0.7268,0.7354,0.7417,1.0,1.0,1.0,1.0,1.0,90.0,105.0,90.0,90.0,0.0,1.6530261014699075,2.0,3.0,0.5,0.0,11.5,23.0,,,,,,,,2.9356,0.6524,high,0.8,0.8,4,0,0,0.5,0.5,0.5,5-GW avg pts 0.50; mins 6; xGI 0.00; current GWs 4; fixture Elo diff +74,False,False,False,False,False,False,False,False,False,False,False,False,False,False,False,False,False,False,False,False,False,False,False,False,False,False,False,False,False,False,False,False
dd9b0c9710fd270123600531e17f3287ab6c9403,v2-form-workload-blend,d113ff8057aa6718889feec83e2ade33486769ad87a8f3bd5608b9bfc38eda08,2026-09-18T10:40:22.090068+00:00,631000,637,Robinio,Vaz,Vaz,88,Hull City,HUL,Forward,a,False,5.0,0.1,0.7189,0.7347,0.7189,0.7347,0.7204,1.0,1.0,1.0,1.0,1.0,8.0,68.0,0.0,60.0,0.0,5.861359434803241,2.0,2.0,0.5,0.0,8.0,8.0,,,,,,,,2.9018,0.5804,low,0.4,0.4,2,0,0,0.5,0.5,0.5,5-GW avg pts 0.50; mins 4; xGI 0.00; current GWs 2; fixture Elo diff -253,False,False,False,False,False,False,False,False,False,False,False,False,False,False,False,False,False,False,False,False,False,False,False,False,False,False,False,False,False,False,False,False
dd9b0c9710fd270123600531e17f3287ab6c9403,v2-form-workload-blend,d113ff8057aa6718889feec83e2ade33486769ad87a8f3bd5608b9bfc38eda08,2026-09-18T10:40:22.090068+00:00,539142,182,Aurèle,Amenda,Amenda,9,Coventry City,COV,Defender,d,False,4.0,0.7,0.6714,0.6908,0.6777,0.7092,0.8193,0.25,0.25,0.25,0.25,0.25,102.0,192.0,12.0,12.0,0.0,1.6530261014699075,3.0,7.0,1.0,1.0,90.0,360.0,0.005,0.0975,6.0,0.0,,,,2.8232,0.7058,high,0.8,0.8,4,0,0,0.25,0.25,0.05,5-GW avg pts 1.00; mins 90; xGI 0.10; current GWs 4; fixture Elo diff -136,False,False,False,False,False,False,False,False,False,False,False,False,False,False,False,False,False,False,False,False,False,False,False,False,False,False,False,False,False,False,False,False
dd9b0c9710fd270123600531e17f3287ab6c9403,v2-form-workload-blend,d113ff8057aa6718889feec83e2ade33486769ad87a8f3bd5608b9bfc38eda08,2026-09-18T10:40:22.090068+00:00,513466,246,Merlin,Röhl,Röhl,11,Everton,EVE,Midfielder,d,False,4.9,0.0,0.6555,0.6408,0.7029,0.6664,0.6938,0.75,0.75,0.75,0.75,0.75,0.0,75.0,0.0,0.0,0.0,11.903026101469907,1.0,7.0,0.8,0.8,77.5,566.0,0.027031802120141328,0.05406360424028267,6.996466431095406,0.0,,,,2.6773,0.5464,high,1.0,1.0,4,0,0,1.2,1.2,0.825,5-GW avg pts 1.60; mins 62; xGI 0.04; current GWs 4; fixture Elo diff +22,False,False,False,False,False,False,False,False,False,False,False,False,False,False,False,False,False,False,False,False,False,False,False,False,False,False,False,False,False,False,False,False
dd9b0c9710fd270123600531e17f3287ab6c9403,v2-form-workload-blend,d113ff8057aa6718889feec83e2ade33486769ad87a8f3bd5608b9bfc38eda08,2026-09-18T10:40:22.090068+00:00,501459,185,Tatsuhiro,Sakamoto,Sakamoto,9,Coventry City,COV,Midfielder,a,False,4.8,0.1,0.6531,0.668,0.6531,0.668,0.6759,1.0,1.0,1.0,1.0,1.0,57.0,57.0,57.0,57.0,0.0,1.6530261014699075,1.0,4.0,0.25,0.0,31.0,31.0,,,,,,,,2.6499,0.5521,high,0.8,0.8,4,0,0,0.25,0.25,0.2,5-GW avg pts 0.25; mins 8; xGI 0.01; current GWs 4; fixture Elo diff -136,False,False,False,False,False,False,False,False,False,False,False,False,False,False,False,False,False,False,False,False,False,False,False,False,False,False,False,False,False,False,False,False
dd9b0c9710fd270123600531e17f3287ab6c9403,v2-form-workload-blend,d113ff8057aa6718889feec83e2ade33486769ad87a8f3bd5608b9bfc38eda08,2026-09-18T10:40:22.090068+00:00,59735,325,Karl,Darlow,Darlow,1,Man Utd,MUN,Goalkeeper,a,False,4.5,0.0,0.6451,0.6705,0.6531,0.6546,0.6411,1.0,1.0,1.0,1.0,1.0,90.0,90.0,90.0,90.0,0.0,1.6530261014699075,1.0,1.0,0.2,0.2,90.0,540.0,0.0,0.0016666666666666668,0.0,3.5,,,,2.6138,0.5809,high,1.0,1.0,4,0,0,0.4,0.4,0.0,5-GW avg pts 0.40; mins 18; xGI 0.00; current GWs 4; fixture Elo diff +97,False,False,False,False,False,False,False,False,False,False,False,False,False,False,False,False,False,False,False,False,False,False,False,False,False,False,False,False,False,False,False,False
dd9b0c9710fd270123600531e17f3287ab6c9403,v2-form-workload-blend,d113ff8057aa6718889feec83e2ade33486769ad87a8f3bd5608b9bfc38eda08,2026-09-18T10:40:22.090068+00:00,184349,269,Ryan,Sessegnon,Sessegnon,54,Fulham,FUL,Defender,d,False,4.4,0.3,0.6681,0.6376,0.6292,0.662,0.6618,0.75,0.75,0.75,0.75,0.75,0.0,11.0,0.0,0.0,0.0,12.86135943480324,1.0,5.0,0.6,0.0,16.666666666666668,210.0,0.2442857142857143,0.21000000000000002,8.571428571428571,0.0,,3.0,,2.6058,0.5922,high,1.0,1.0,4,0,0,0.45,0.45,0.45,5-GW avg pts 0.60; mins 10; xGI 0.11; current GWs 4; fixture Elo diff +79,False,False,False,False,False,False,False,False,False,False,False,False,False,False,False,False,False,False,False,False,False,False,False,False,False,False,False,False,False,False,False,False
dd9b0c9710fd270123600531e17f3287ab6c9403,v2-form-workload-blend,d113ff8057aa6718889feec83e2ade33486769ad87a8f3bd5608b9bfc38eda08,2026-09-18T10:40:22.090068+00:00,448514,392,Rayan,Aït-Nouri,Aït-Nouri,43,Man City,MCI,Defender,a,False,5.3,0.4,0.6634,0.6392,0.6412,0.6392,0.6516,1.0,1.0,1.0,1.0,1.0,0.0,15.0,0.0,15.0,0.0,9.653026101469907,1.0,3.0,0.2,0.0,13.0,167.0,,,,,,,,2.59,0.4887,high,1.0,1.0,4,0,0,0.2,0.2,0.0,5-GW avg pts 0.20; mins 3; xGI 0.01; current GWs 4; fixture Elo diff +161,False,False,False,False,False,False,False,False,False,False,False,False,False,False,False,False,False,False,False,False,False,False,False,False,False,False,False,False,False,False,False,False
dd9b0c9710fd270123600531e17f3287ab6c9403,v2-form-workload-blend,d113ff8057aa6718889feec83e2ade33486769ad87a8f3bd5608b9bfc38eda08,2026-09-18T10:40:22.090068+00:00,502697,243,Carlos,Alcaraz Durán,Alcaraz,11,Everton,EVE,Midfielder,a,False,4.9,0.1,0.6525,0.6123,0.6949,0.5826,0.6818,1.0,1.0,1.0,1.0,1.0,13.0,13.0,13.0,13.0,0.0,1.6634427681365742,1.0,5.0,0.6,0.0,3.6666666666666665,17.0,,,,,,,,2.5763,0.5258,high,1.0,1.0,4,0,0,0.4,0.4,0.2,5-GW avg pts 0.40; mins 2; xGI 0.05; current GWs 4; fixture Elo diff +22,False,False,False,False,False,False,False,False,False,False,False,False,False,False,False,False,False,False,False,False,False,False,False,False,False,False,False,False,False,False,False,False
dd9b0c9710fd270123600531e17f3287ab6c9403,v2-form-workload-blend,d113ff8057aa6718889feec83e2ade33486769ad87a8f3bd5608b9bfc38eda08,2026-09-18T10:40:22.090068+00:00,549912,549,Chemsdine,Talbi,Talbi,56,Sunderland,SUN,Midfielder,a,False,5.3,0.1,0.6105,0.6512,0.6468,0.6512,0.6609,1.0,1.0,1.0,1.0,1.0,0.0,86.0,0.0,86.0,0.0,9.663442768136573,1.0,2.0,0.2,0.0,31.0,256.0,0.04921874999999993,0.07382812499999995,4.921875,0.0,,,,2.5664,0.4842,high,1.0,1.0,4,0,0,0.2,0.2,0.2,5-GW avg pts 0.20; mins 6; xGI 0.00; current GWs 4; fixture Elo diff -93,False,False,False,False,False,False,False,False,False,False,False,False,False,False,False,False,False,False,False,False,False,False,False,False,False,False,False,False,False,False,False,False
dd9b0c9710fd270123600531e17f3287ab6c9403,v2-form-workload-blend,d113ff8057aa6718889feec83e2ade33486769ad87a8f3bd5608b9bfc38eda08,2026-09-18T10:40:22.090068+00:00,606930,586,Nobel,Mendy,Mendy,88,Hull City,HUL,Defender,i,False,4.1,6.9,0.0,0.8605,0.749,0.8593,0.9139,0.0,0.3492063492063492,0.3492063492063492,0.3492063492063492,0.3492063492063492,59.0,175.0,0.0,45.0,0.0,5.861359434803241,3.0,6.0,1.0,0.5,62.25,249.0,0.11566265060240963,0.0,14.096385542168674,0.0,,,,2.5235,0.6155,high,0.8,0.8,4,0,0,0.0,0.0,0.0,5-GW avg pts 6.25; mins 62; xGI 0.08; current GWs 4; fixture Elo diff -253,False,False,False,False,False,False,False,False,False,False,False,False,False,False,False,False,False,False,False,False,False,False,False,False,False,False,False,False,False,False,False,False
dd9b0c9710fd270123600531e17f3287ab6c9403,v2-form-workload-blend,d113ff8057aa6718889feec83e2ade33486769ad87a8f3bd5608b9bfc38eda08,2026-09-18T10:40:22.090068+00:00,575458,474,Jair,Paula da Cunha Filho,Jair Cunha,17,Nott'm Forest,NFO,Defender,d,False,4.5,0.2,0.7157,0.5838,0.5915,0.6248,0.5838,0.75,0.75,0.75,0.75,0.75,0.0,90.0,0.0,0.0,0.0,12.86135943480324,1.0,4.0,0.8,0.8,83.0,570.0,0.02526315789473684,0.011052631578947352,8.68421052631579,0.0,,,,2.5021,0.556,high,1.0,1.0,4,0,0,1.8,1.8,1.425,5-GW avg pts 2.40; mins 66; xGI 0.01; current GWs 4; fixture Elo diff +21,False,False,False,False,False,False,False,False,False,False,False,False,False,False,False,False,False,False,False,False,False,False,False,False,False,False,False,False,False,False,False,False
dd9b0c9710fd270123600531e17f3287ab6c9403,v2-form-workload-blend,d113ff8057aa6718889feec83e2ade33486769ad87a8f3bd5608b9bfc38eda08,2026-09-18T10:40:22.090068+00:00,616077,20,Max,Dowman,Dowman,3,Arsenal,ARS,Midfielder,a,False,5.3,0.1,0.6122,0.6331,0.6256,0.6331,0.6122,1.0,1.0,1.0,1.0,1.0,90.0,90.0,90.0,90.0,0.0,2.6530261014699077,1.0,5.0,0.2,0.2,61.0,73.0,,,,,,,,2.4929,0.4704,high,1.0,1.0,4,0,0,0.6,0.6,0.0,5-GW avg pts 0.60; mins 12; xGI 0.03; current GWs 4; fixture Elo diff +229,False,False,False,False,False,False,False,False,False,False,False,False,False,False,False,False,False,False,False,False,False,False,False,False,False,False,False,False,False,False,False,False
dd9b0c9710fd270123600531e17f3287ab6c9403,v2-form-workload-blend,d113ff8057aa6718889feec83e2ade33486769ad87a8f3bd5608b9bfc38eda08,2026-09-18T10:40:22.090068+00:00,606745,421,Ayden,Heaven,Heaven,1,Man Utd,MUN,Defender,a,False,4.4,0.3,0.5892,0.6181,0.5971,0.6022,0.5851,1.0,1.0,1.0,1.0,1.0,90.0,90.0,90.0,90.0,0.0,1.6530261014699075,1.0,8.0,0.2,0.2,90.0,360.0,0.029999999999999995,0.012499999999999975,5.5,0.0,,,,2.3958,0.5445,high,1.0,1.0,4,0,0,0.2,0.2,0.2,5-GW avg pts 0.20; mins 18; xGI 0.03; current GWs 4; fixture Elo diff +97,False,False,False,False,False,False,False,False,False,False,False,False,False,False,False,False,False,False,False,False,False,False,False,False,False,False,False,False,False,False,False,False
dd9b0c9710fd270123600531e17f3287ab6c9403,v2-form-workload-blend,d113ff8057aa6718889feec83e2ade33486769ad87a8f3bd5608b9bfc38eda08,2026-09-18T10:40:22.090068+00:00,242313,207,Oscar,Mingueza,Mingueza,31,Crystal Palace,CRY,Defender,a,False,4.4,0.1,0.5741,0.5926,0.5741,0.5926,0.5741,1.0,1.0,1.0,1.0,1.0,0.0,91.0,0.0,90.0,0.0,9.663442768136573,2.0,5.0,0.5,0.0,8.0,16.0,,,,,,,,2.3261,0.5287,high,0.8,0.8,4,0,0,0.5,0.5,0.5,5-GW avg pts 0.50; mins 4; xGI 0.00; current GWs 4; fixture Elo diff -11,False,False,False,False,False,False,False,False,False,False,False,False,False,False,False,False,False,False,False,False,False,False,False,False,False,False,False,False,False,False,False,False
dd9b0c9710fd270123600531e17f3287ab6c9403,v2-form-workload-blend,d113ff8057aa6718889feec83e2ade33486769ad87a8f3bd5608b9bfc38eda08,2026-09-18T10:40:22.090068+00:00,515597,35,Lamare,Bogarde,Bogarde,7,Aston Villa,AVL,Midfielder,a,False,5.0,0.1,0.5957,0.581,0.572,0.5448,0.5929,1.0,1.0,1.0,1.0,1.0,90.0,112.0,90.0,112.0,0.0,1.6530261014699075,2.0,6.0,0.4,0.2,44.0,261.0,0.0,0.0034482758620689655,4.482758620689655,0.0,,,,2.3133,0.4627,high,1.0,1.0,4,0,0,0.6,0.6,0.2,5-GW avg pts 0.60; mins 18; xGI 0.00; current GWs 4; fixture Elo diff +74,False,False,False,False,False,False,False,False,False,False,False,False,False,False,False,False,False,False,False,False,False,False,False,False,False,False,False,False,False,False,False,False
dd9b0c9710fd270123600531e17f3287ab6c9403,v2-form-workload-blend,d113ff8057aa6718889feec83e2ade33486769ad87a8f3bd5608b9bfc38eda08,2026-09-18T10:40:22.090068+00:00,470315,478,Luca,Netz,Netz,17,Nott'm Forest,NFO,Defender,a,False,4.4,0.0,0.6026,0.573,0.5353,0.5767,0.573,1.0,1.0,1.0,1.0,1.0,0.0,0.0,0.0,0.0,0.0,19.96552610146991,0.0,4.0,0.6,0.0,15.666666666666666,325.0,0.0,0.013846153846153819,7.476923076923077,0.0,,,,2.294,0.5214,high,1.0,1.0,4,0,0,0.6,0.6,0.5,5-GW avg pts 0.60; mins 9; xGI 0.00; current GWs 4; fixture Elo diff +21,False,False,False,False,False,False,False,False,False,False,False,False,False,False,False,False,False,False,False,False,False,False,False,False,False,False,False,False,False,False,False,False
dd9b0c9710fd270123600531e17f3287ab6c9403,v2-form-workload-blend,d113ff8057aa6718889feec83e2ade33486769ad87a8f3bd5608b9bfc38eda08,2026-09-18T10:40:22.090068+00:00,614574,76,Alex,Tóth,Tóth.A,91,Bournemouth,BOU,Midfielder,a,False,4.9,0.0,0.568,0.5576,0.5878,0.5576,0.568,1.0,1.0,1.0,1.0,1.0,0.0,28.0,0.0,28.0,0.0,9.663442768136573,1.0,3.0,0.4,0.0,35.5,74.0,,,,,,,,2.2711,0.4635,high,1.0,1.0,4,0,0,0.4,0.4,0.2,5-GW avg pts 0.40; mins 14; xGI 0.02; current GWs 4; fixture Elo diff +34,False,False,False,False,False,False,False,False,False,False,False,False,False,False,False,False,False,False,False,False,False,False,False,False,False,False,False,False,False,False,False,False
dd9b0c9710fd270123600531e17f3287ab6c9403,v2-form-workload-blend,d113ff8057aa6718889feec83e2ade33486769ad87a8f3bd5608b9bfc38eda08,2026-09-18T10:40:22.090068+00:00,98747,442,Nick,Pope,Pope,4,Newcastle,NEW,Goalkeeper,a,False,4.9,1.0,0.553,0.5772,0.5514,0.5535,0.5514,1.0,1.0,1.0,1.0,1.0,0.0,0.0,0.0,0.0,0.0,50.67385943480324,0.0,2.0,0.2,0.2,90.0,450.0,0.0,0.0,0.0,4.4,,,,2.2319,0.4555,high,1.0,1.0,4,0,0,0.4,0.4,0.0,5-GW avg pts 0.40; mins 18; xGI 0.00; current GWs 4; fixture Elo diff +93,False,True,False,False,False,False,False,False,False,False,False,False,False,False,False,False,False,False,False,False,False,False,False,False,False,False,False,False,False,False,False,False
dd9b0c9710fd270123600531e17f3287ab6c9403,v2-form-workload-blend,d113ff8057aa6718889feec83e2ade33486769ad87a8f3bd5608b9bfc38eda08,2026-09-18T10:40:22.090068+00:00,220362,153,Axel,Disasi,Disasi,31,Crystal Palace,CRY,Defender,s,False,4.5,0.1,0.0,0.0,0.0,1.7372,1.6919,0.0,0.0,0.0,1.0,1.0,34.0,197.0,0.0,73.0,0.0,5.861359434803241,3.0,4.0,0.8,0.4,57.25,673.0,0.0,0.008023774145616629,8.424962852897474,0.0,,,,2.2312,0.4958,high,1.0,1.0,4,0,0,0.0,0.0,0.0,5-GW avg pts 1.40; mins 46; xGI 0.01; current GWs 4; fixture Elo diff -11,False,False,False,False,False,False,False,False,False,False,False,False,False,False,False,False,False,False,False,False,False,False,False,False,False,False,False,False,False,False,False,False
dd9b0c9710fd270123600531e17f3287ab6c9403,v2-form-workload-blend,d113ff8057aa6718889feec83e2ade33486769ad87a8f3bd5608b9bfc38eda08,2026-09-18T10:40:22.090068+00:00,109745,2,Kepa,Arrizabalaga Revuelta,Arrizabalaga,3,Arsenal,ARS,Goalkeeper,a,False,4.9,0.1,0.4968,0.5582,0.6408,0.5582,0.4968,1.0,1.0,1.0,1.0,1.0,90.0,90.0,90.0,90.0,0.0,2.6530261014699077,1.0,5.0,0.2,0.2,90.0,90.0,,,,,,,,2.2007,0.4491,high,1.0,1.0,4,0,0,0.4,0.4,0.0,5-GW avg pts 0.40; mins 18; xGI 0.00; current GWs 4; fixture Elo diff +229,False,False,False,False,False,False,False,False,False,False,False,False,False,False,False,False,False,False,False,False,False,False,False,False,False,False,False,False,False,False,False,False
dd9b0c9710fd270123600531e17f3287ab6c9403,v2-form-workload-blend,d113ff8057aa6718889feec83e2ade33486769ad87a8f3bd5608b9bfc38eda08,2026-09-18T10:40:22.090068+00:00,448089,54,Joao,Gomes,Gomes,7,Aston Villa,AVL,Midfielder,d,False,5.5,0.0,0.4819,0.4852,0.4819,0.472,0.4852,0.75,0.75,0.75,0.75,0.75,0.0,90.0,0.0,90.0,0.0,9.746776101469907,1.0,5.0,0.2,0.0,39.0,487.0,0.018480492813141684,0.0425051334702258,12.19712525667351,0.0,,,,1.9256,0.3501,high,1.0,1.0,4,0,0,-0.3,-0.3,-0.3,5-GW avg pts -0.40; mins 8; xGI 0.00; current GWs 4; fixture Elo diff +74,False,False,False,False,False,False,False,False,False,False,False,False,False,False,False,False,False,False,False,False,False,False,False,False,False,False,False,False,False,False,False,False
dd9b0c9710fd270123600531e17f3287ab6c9403,v2-form-workload-blend,d113ff8057aa6718889feec83e2ade33486769ad87a8f3bd5608b9bfc38eda08,2026-09-18T10:40:22.090068+00:00,246301,255,Jorge,Cuenca Barreno,J.Cuenca,54,Fulham,FUL,Defender,a,False,4.5,0.0,0.4782,0.4752,0.4778,0.4973,0.4692,1.0,1.0,1.0,1.0,1.0,90.0,90.0,90.0,90.0,0.0,2.663442768136574,1.0,2.0,0.4,0.2,47.0,94.0,,,,,,,,1.9178,0.4262,high,1.0,1.0,4,0,0,0.6,0.6,0.8,5-GW avg pts 0.60; mins 19; xGI 0.01; current GWs 4; fixture Elo diff +79,False,False,False,False,False,False,False,False,False,False,False,False,False,False,False,False,False,False,False,False,False,False,False,False,False,False,False,False,False,False,False,False
dd9b0c9710fd270123600531e17f3287ab6c9403,v2-form-workload-blend,d113ff8057aa6718889feec83e2ade33486769ad87a8f3bd5608b9bfc38eda08,2026-09-18T10:40:22.090068+00:00,449027,351,Giorgi,Mamardashvili,Mamardashvili,14,Liverpool,LIV,Goalkeeper,a,False,4.9,0.1,0.4877,0.4605,0.4877,0.4967,0.4262,1.0,1.0,1.0,1.0,1.0,90.0,90.0,90.0,90.0,0.0,2.6530261014699077,1.0,6.0,0.0,0.0,,237.0,0.0,0.0,0.0,3.4177215189873418,,,,1.8959,0.3869,high,1.0,1.0,4,0,0,0.0,0.0,0.0,5-GW avg pts 0.00; mins 0; xGI 0.00; current GWs 4; fixture Elo diff -6,False,False,False,False,False,False,False,False,False,False,False,False,False,False,False,False,False,False,False,False,False,False,False,False,False,False,False,False,False,False,False,False
dd9b0c9710fd270123600531e17f3287ab6c9403,v2-form-workload-blend,d113ff8057aa6718889feec83e2ade33486769ad87a8f3bd5608b9bfc38eda08,2026-09-18T10:40:22.090068+00:00,477064,395,Rico,Lewis,Lewis,43,Man City,MCI,Defender,a,False,4.4,0.2,0.4865,0.4647,0.4642,0.4647,0.4747,1.0,1.0,1.0,1.0,1.0,0.0,0.0,0.0,0.0,0.0,25.90302610146991,0.0,4.0,0.4,0.2,73.0,146.0,,,,,,,,1.8862,0.4287,high,1.0,1.0,4,0,0,0.2,0.2,0.2,5-GW avg pts 0.20; mins 29; xGI 0.07; current GWs 4; fixture Elo diff +161,False,False,False,False,False,False,False,False,False,False,False,False,False,False,False,False,False,False,False,False,False,False,False,False,False,False,False,False,False,False,False,False
dd9b0c9710fd270123600531e17f3287ab6c9403,v2-form-workload-blend,d113ff8057aa6718889feec83e2ade33486769ad87a8f3bd5608b9bfc38eda08,2026-09-18T10:40:22.090068+00:00,441302,36,Ian,Maatsen,Maatsen,7,Aston Villa,AVL,Defender,d,False,4.5,0.6,0.4829,0.4589,0.4286,0.4651,0.4877,0.25,0.25,0.25,0.25,0.25,83.0,248.0,0.0,90.0,0.0,5.861359434803241,3.0,8.0,1.0,1.0,85.0,662.0,0.04622356495468278,0.13459214501510572,6.933534743202417,0.0,,,,1.857,0.4127,high,1.0,1.0,4,0,0,0.7,0.7,0.15,5-GW avg pts 2.80; mins 85; xGI 0.18; current GWs 4; fixture Elo diff +74,False,False,False,False,False,False,False,False,False,False,False,False,False,False,False,False,False,False,False,False,False,False,False,False,False,False,False,False,False,False,False,False
dd9b0c9710fd270123600531e17f3287ab6c9403,v2-form-workload-blend,d113ff8057aa6718889feec83e2ade33486769ad87a8f3bd5608b9bfc38eda08,2026-09-18T10:40:22.090068+00:00,463936,158,Jamie,Bynoe-Gittens,Gittens,8,Chelsea,CHE,Midfielder,a,False,5.9,0.0,0.453,0.4575,0.4731,0.4775,0.4575,1.0,1.0,1.0,1.0,1.0,0.0,45.0,0.0,45.0,0.0,8.64260943480324,1.0,5.0,0.0,0.0,,0.0,,,,,,,,1.852,0.3139,high,1.0,1.0,4,0,0,0.0,0.0,0.0,5-GW avg pts 0.00; mins 0; xGI 0.00; current GWs 4; fixture Elo diff -10,False,False,False,False,False,False,False,False,False,False,False,False,False,False,False,False,False,False,False,False,False,False,False,False,False,False,False,False,False,False,False,False
dd9b0c9710fd270123600531e17f3287ab6c9403,v2-form-workload-blend,d113ff8057aa6718889feec83e2ade33486769ad87a8f3bd5608b9bfc38eda08,2026-09-18T10:40:22.090068+00:00,242893,655,Yann,Gboho,Gboho,9,Coventry City,COV,Midfielder,a,False,5.5,0.0,0.5356,0.3876,0.444,0.459,0.4669,1.0,1.0,1.0,1.0,1.0,90.0,90.0,90.0,90.0,0.0,1.6530261014699075,1.0,1.0,0.0,0.0,,0.0,,,,,,,,1.841,0.3347,low,0.2,0.2,1,0,0,0.0,0.0,2.0,5-GW avg pts 0.00; mins 0; xGI 0.00; current GWs 1; fixture Elo diff -136,False,False,False,False,False,False,False,False,False,False,False,False,False,False,False,False,False,False,False,False,False,False,False,False,False,False,False,False,False,False,False,False
dd9b0c9710fd270123600531e17f3287ab6c9403,v2-form-workload-blend,d113ff8057aa6718889feec83e2ade33486769ad87a8f3bd5608b9bfc38eda08,2026-09-18T10:40:22.090068+00:00,552946,574,Jens,Hjertø-Dahl,Hjertø-Dahl,88,Hull City,HUL,Midfielder,a,False,4.9,0.1,0.4342,0.4446,0.4342,0.4446,0.4045,1.0,1.0,1.0,1.0,1.0,0.0,98.0,0.0,90.0,0.0,9.663442768136573,2.0,5.0,0.25,0.0,8.0,8.0,,,,,,,,1.7356,0.3542,high,0.8,0.8,4,0,0,0.25,0.25,0.2,5-GW avg pts 0.25; mins 2; xGI 0.00; current GWs 4; fixture Elo diff -253,False,False,False,False,False,False,False,False,False,False,False,False,False,False,False,False,False,False,False,False,False,False,False,False,False,False,False,False,False,False,False,False
dd9b0c9710fd270123600531e17f3287ab6c9403,v2-form-workload-blend,d113ff8057aa6718889feec83e2ade33486769ad87a8f3bd5608b9bfc38eda08,2026-09-18T10:40:22.090068+00:00,176420,308,Darnell,Furlong,Furlong,40,Ipswich Town,IPS,Defender,a,False,3.9,0.5,0.4248,0.4478,0.3896,0.4478,0.4445,1.0,1.0,1.0,1.0,1.0,90.0,90.0,90.0,90.0,0.0,2.6530261014699077,1.0,5.0,0.25,0.0,17.0,17.0,,,,,,,,1.7196,0.4409,high,0.8,0.8,4,0,0,0.25,0.25,0.2,5-GW avg pts 0.25; mins 4; xGI 0.00; current GWs 4; fixture Elo diff -148,False,False,False,False,False,False,False,False,False,False,False,False,False,False,False,False,False,False,False,False,False,False,False,False,False,False,False,False,False,False,False,False
dd9b0c9710fd270123600531e17f3287ab6c9403,v2-form-workload-blend,d113ff8057aa6718889feec83e2ade33486769ad87a8f3bd5608b9bfc38eda08,2026-09-18T10:40:22.090068+00:00,194010,89,Rico,Henry,Henry,94,Brentford,BRE,Defender,a,False,4.4,0.2,0.434,0.417,0.434,0.4166,0.434,1.0,1.0,1.0,1.0,1.0,90.0,90.0,90.0,90.0,0.0,2.6530261014699077,1.0,4.0,0.2,0.0,2.0,2.0,,,,,,,,1.7086,0.3883,high,1.0,1.0,4,0,0,0.2,0.2,0.2,5-GW avg pts 0.20; mins 0; xGI 0.00; current GWs 4; fixture Elo diff +33,False,False,False,False,False,False,False,False,False,False,False,False,False,False,False,False,False,False,False,False,False,False,False,False,False,False,False,False,False,False,False,False
dd9b0c9710fd270123600531e17f3287ab6c9403,v2-form-workload-blend,d113ff8057aa6718889feec83e2ade33486769ad87a8f3bd5608b9bfc38eda08,2026-09-18T10:40:22.090068+00:00,209046,482,Callum,Hudson-Odoi,Hudson-Odoi,17,Nott'm Forest,NFO,Midfielder,a,False,5.8,0.2,0.4499,0.4271,0.3743,0.4299,0.4271,1.0,1.0,1.0,1.0,1.0,0.0,0.0,0.0,0.0,0.0,19.96552610146991,0.0,3.0,0.2,0.0,1.0,1.0,,,,,,,4.0,1.6909,0.2915,high,1.0,1.0,4,0,0,0.2,0.2,0.2,5-GW avg pts 0.20; mins 0; xGI 0.00; current GWs 4; fixture Elo diff +21,False,False,False,False,False,False,False,False,False,False,False,False,False,False,False,False,False,False,False,False,False,False,False,False,False,False,False,False,False,False,False,False
dd9b0c9710fd270123600531e17f3287ab6c9403,v2-form-workload-blend,d113ff8057aa6718889feec83e2ade33486769ad87a8f3bd5608b9bfc38eda08,2026-09-18T10:40:22.090068+00:00,171287,359,Joe,Gomez,Gomez,14,Liverpool,LIV,Defender,a,False,4.9,0.0,0.4316,0.3998,0.4336,0.4381,0.3655,1.0,1.0,1.0,1.0,1.0,45.0,45.0,45.0,45.0,0.0,2.6530261014699077,1.0,2.0,0.2,0.0,1.0,82.0,,,,,,,,1.6644,0.3397,high,1.0,1.0,4,0,0,0.2,0.2,0.0,5-GW avg pts 0.20; mins 0; xGI 0.00; current GWs 4; fixture Elo diff -6,False,False,False,False,False,False,False,False,False,False,False,False,False,False,False,False,False,False,False,False,False,False,False,False,False,False,False,False,False,False,False,False
dd9b0c9710fd270123600531e17f3287ab6c9403,v2-form-workload-blend,d113ff8057aa6718889feec83e2ade33486769ad87a8f3bd5608b9bfc38eda08,2026-09-18T10:40:22.090068+00:00,119471,446,Fabian,Schär,Schär,4,Newcastle,NEW,Defender,a,False,4.9,0.2,0.3522,0.5198,0.3856,0.3811,0.3856,1.0,1.0,1.0,1.0,1.0,0.0,90.0,0.0,90.0,0.0,9.653026101469907,1.0,5.0,0.2,0.0,1.0,1.0,,,,,,,2.0,1.6266,0.332,high,1.0,1.0,4,0,0,0.2,0.2,0.2,5-GW avg pts 0.20; mins 0; xGI 0.00; current GWs 4; fixture Elo diff +93,False,False,False,False,False,False,False,False,False,False,False,False,False,False,False,False,False,False,False,False,False,False,False,False,False,False,False,False,False,False,False,False
dd9b0c9710fd270123600531e17f3287ab6c9403,v2-form-workload-blend,d113ff8057aa6718889feec83e2ade33486769ad87a8f3bd5608b9bfc38eda08,2026-09-18T10:40:22.090068+00:00,554054,622,Kaden,Braithwaite,Braithwaite,43,Man City,MCI,Defender,a,False,4.0,0.2,0.3985,0.3867,0.3763,0.3867,0.3906,1.0,1.0,1.0,1.0,1.0,0.0,0.0,0.0,0.0,0.0,20.65302610146991,0.0,1.0,0.3333333333333333,0.0,1.0,1.0,,,,,,,,1.5525,0.3881,medium,0.6,0.6,3,0,0,0.3333,0.3333,0.3,5-GW avg pts 0.33; mins 0; xGI 0.00; current GWs 3; fixture Elo diff +161,False,False,False,False,False,False,False,False,False,False,False,False,False,False,False,False,False,False,False,False,False,False,False,False,False,False,False,False,False,False,False,False
dd9b0c9710fd270123600531e17f3287ab6c9403,v2-form-workload-blend,d113ff8057aa6718889feec83e2ade33486769ad87a8f3bd5608b9bfc38eda08,2026-09-18T10:40:22.090068+00:00,576628,435,Shea,Lacey,Lacey,1,Man Utd,MUN,Midfielder,a,False,4.9,0.1,0.3816,0.3966,0.3816,0.3966,0.3816,1.0,1.0,1.0,1.0,1.0,66.0,84.0,66.0,84.0,0.0,1.6530261014699075,2.0,8.0,0.4,0.0,19.0,38.0,,,,,,,,1.5504,0.3164,high,1.0,1.0,4,0,0,0.4,0.4,0.2,5-GW avg pts 0.40; mins 8; xGI 0.01; current GWs 4; fixture Elo diff +97,False,False,False,False,False,False,False,False,False,False,False,False,False,False,False,False,False,False,False,False,False,False,False,False,False,False,False,False,False,False,False,False
dd9b0c9710fd270123600531e17f3287ab6c9403,v2-form-workload-blend,d113ff8057aa6718889feec83e2ade33486769ad87a8f3bd5608b9bfc38eda08,2026-09-18T10:40:22.090068+00:00,699989,550,Djiamgone Jocelin Ta,Bi,Jocelin.T,56,Sunderland,SUN,Midfielder,a,False,5.0,0.0,0.3387,0.3748,0.3644,0.3748,0.3786,1.0,1.0,1.0,1.0,1.0,0.0,90.0,0.0,90.0,0.0,9.663442768136573,1.0,1.0,0.0,0.0,,0.0,,,,,,,,1.4571,0.2914,high,1.0,1.0,4,0,0,0.0,0.0,0.0,5-GW avg pts 0.00; mins 0; xGI 0.00; current GWs 4; fixture Elo diff -93,False,False,False,False,False,False,False,False,False,False,False,False,False,False,False,False,False,False,False,False,False,False,False,False,False,False,False,False,False,False,False,False
dd9b0c9710fd270123600531e17f3287ab6c9403,v2-form-workload-blend,d113ff8057aa6718889feec83e2ade33486769ad87a8f3bd5608b9bfc38eda08,2026-09-18T10:40:22.090068+00:00,496661,245,Tyler,Dibling,Dibling,11,Everton,EVE,Midfielder,a,False,5.4,0.0,0.3518,0.3218,0.3754,0.3063,0.3664,1.0,1.0,1.0,1.0,1.0,90.0,90.0,90.0,90.0,0.0,1.6634427681365742,1.0,5.0,0.0,0.0,,0.0,,,,,,,,1.3759,0.2548,high,1.0,1.0,4,0,0,0.0,0.0,0.0,5-GW avg pts 0.00; mins 0; xGI 0.00; current GWs 4; fixture Elo diff +22,False,False,False,False,False,False,False,False,False,False,False,False,False,False,False,False,False,False,False,False,False,False,False,False,False,False,False,False,False,False,False,False
dd9b0c9710fd270123600531e17f3287ab6c9403,v2-form-workload-blend,d113ff8057aa6718889feec83e2ade33486769ad87a8f3bd5608b9bfc38eda08,2026-09-18T10:40:22.090068+00:00,79602,623,Dan,Bentley,Bentley,9,Coventry City,COV,Goalkeeper,a,False,4.0,0.6,0.331,0.3481,0.331,0.3481,0.356,1.0,1.0,1.0,1.0,1.0,90.0,90.0,90.0,90.0,0.0,1.6530261014699075,1.0,2.0,0.0,0.0,,270.0,0.0,0.0,0.0,2.3333333333333335,,,,1.3663,0.3416,high,1.0,1.0,3,0,0,0.0,0.0,0.0,5-GW avg pts 0.00; mins 0; xGI 0.00; current GWs 3; fixture Elo diff -136,False,False,False,False,False,False,False,False,False,False,False,False,False,False,False,False,False,False,False,False,False,False,False,False,False,False,False,False,False,False,False,False
dd9b0c9710fd270123600531e17f3287ab6c9403,v2-form-workload-blend,d113ff8057aa6718889feec83e2ade33486769ad87a8f3bd5608b9bfc38eda08,2026-09-18T10:40:22.090068+00:00,204968,489,Ryan,Yates,Yates,17,Nott'm Forest,NFO,Midfielder,a,False,4.5,1.2,0.3524,0.3428,0.2864,0.3404,0.3428,1.0,1.0,1.0,1.0,1.0,0.0,0.0,0.0,0.0,0.0,40.694692768136576,0.0,1.0,0.2,0.0,25.0,197.0,0.12335025380710656,0.08223350253807103,12.791878172588833,0.0,,,,1.3341,0.2965,high,1.0,1.0,4,0,0,0.2,0.2,0.0,5-GW avg pts 0.20; mins 5; xGI 0.03; current GWs 4; fixture Elo diff +21,False,False,False,False,False,False,False,False,False,False,False,False,False,False,False,False,False,False,False,False,False,False,False,False,False,False,False,False,False,False,False,False
dd9b0c9710fd270123600531e17f3287ab6c9403,v2-form-workload-blend,d113ff8057aa6718889feec83e2ade33486769ad87a8f3bd5608b9bfc38eda08,2026-09-18T10:40:22.090068+00:00,242882,62,Bafodé,Diakité,Diakité,91,Bournemouth,BOU,Defender,a,False,5.0,0.2,0.3286,0.3241,0.3432,0.3241,0.3306,1.0,1.0,1.0,1.0,1.0,0.0,90.0,0.0,90.0,0.0,9.663442768136573,1.0,2.0,0.0,0.0,,0.0,,,,,,,,1.32,0.264,high,1.0,1.0,4,0,0,0.0,0.0,0.0,5-GW avg pts 0.00; mins 0; xGI 0.00; current GWs 4; fixture Elo diff +34,False,False,False,False,False,False,False,False,False,False,False,False,False,False,False,False,False,False,False,False,False,False,False,False,False,False,False,False,False,False,False,False
dd9b0c9710fd270123600531e17f3287ab6c9403,v2-form-workload-blend,d113ff8057aa6718889feec83e2ade33486769ad87a8f3bd5608b9bfc38eda08,2026-09-18T10:40:22.090068+00:00,232457,324,Anis,Mehmeti,Mehmeti,40,Ipswich Town,IPS,Midfielder,a,False,4.9,0.0,0.3187,0.3337,0.245,0.4253,0.3108,1.0,1.0,1.0,1.0,1.0,90.0,90.0,90.0,90.0,0.0,2.6530261014699077,1.0,3.0,0.0,0.0,,0.0,,,,,,,,1.2993,0.2652,high,0.8,0.8,4,0,0,0.0,0.0,0.0,5-GW avg pts 0.00; mins 0; xGI 0.00; current GWs 4; fixture Elo diff -148,False,False,False,False,False,False,False,False,False,False,False,False,False,False,False,False,False,False,False,False,False,False,False,False,False,False,False,False,False,False,False,False
dd9b0c9710fd270123600531e17f3287ab6c9403,v2-form-workload-blend,d113ff8057aa6718889feec83e2ade33486769ad87a8f3bd5608b9bfc38eda08,2026-09-18T10:40:22.090068+00:00,153366,270,Harrison,Reed,Reed,54,Fulham,FUL,Midfielder,a,False,4.4,1.2,0.324,0.3045,0.3215,0.3265,0.3069,1.0,1.0,1.0,1.0,1.0,63.0,63.0,63.0,63.0,0.0,2.663442768136574,1.0,3.0,0.0,0.0,,63.0,,,,,,,,1.2679,0.2882,high,1.0,1.0,4,0,0,0.0,0.0,0.0,5-GW avg pts 0.00; mins 0; xGI 0.00; current GWs 4; fixture Elo diff +79,False,False,False,False,False,False,False,False,False,False,False,False,False,False,False,False,False,False,False,False,False,False,False,False,False,False,False,False,False,False,False,False
dd9b0c9710fd270123600531e17f3287ab6c9403,v2-form-workload-blend,d113ff8057aa6718889feec83e2ade33486769ad87a8f3bd5608b9bfc38eda08,2026-09-18T10:40:22.090068+00:00,515046,531,Melker,Ellborg,Ellborg,56,Sunderland,SUN,Goalkeeper,a,False,4.5,0.1,0.2942,0.3253,0.3149,0.3253,0.3291,1.0,1.0,1.0,1.0,1.0,0.0,90.0,0.0,90.0,0.0,9.663442768136573,1.0,2.0,0.0,0.0,,0.0,,,,,,,,1.2642,0.2809,high,1.0,1.0,4,0,0,0.0,0.0,0.0,5-GW avg pts 0.00; mins 0; xGI 0.00; current GWs 4; fixture Elo diff -93,False,False,False,False,False,False,False,False,False,False,False,False,False,False,False,False,False,False,False,False,False,False,False,False,False,False,False,False,False,False,False,False
dd9b0c9710fd270123600531e17f3287ab6c9403,v2-form-workload-blend,d113ff8057aa6718889feec83e2ade33486769ad87a8f3bd5608b9bfc38eda08,2026-09-18T10:40:22.090068+00:00,67089,497,Martin,Dubravka,Dubravka,6,Spurs,TOT,Goalkeeper,a,False,4.0,17.6,0.3136,0.2966,0.3293,0.2966,0.3136,1.0,1.0,1.0,1.0,1.0,90.0,90.0,90.0,90.0,0.0,2.6530261014699077,1.0,2.0,0.0,0.0,,270.0,0.0,0.0,0.0,4.333333333333333,,,,1.2397,0.3099,high,1.0,1.0,4,0,0,0.0,0.0,0.0,5-GW avg pts 0.00; mins 0; xGI 0.00; current GWs 4; fixture Elo diff -49,False,False,False,False,False,False,False,False,False,False,False,False,False,False,False,False,False,False,False,False,False,False,False,False,False,False,False,False,False,False,False,False
dd9b0c9710fd270123600531e17f3287ab6c9403,v2-form-workload-blend,d113ff8057aa6718889feec83e2ade33486769ad87a8f3bd5608b9bfc38eda08,2026-09-18T10:40:22.090068+00:00,624777,628,Allan,Andrade Elias,Allan,43,Man City,MCI,Midfielder,a,False,6.0,0.0,0.3233,0.3063,0.2887,0.3063,0.3102,1.0,1.0,1.0,1.0,1.0,0.0,0.0,0.0,0.0,0.0,,0.0,0.0,0.0,0.0,,0.0,,,,,,,,1.2304,0.2051,low,0.4,0.4,2,0,0,0.0,0.0,0.0,5-GW avg pts 0.00; mins 0; xGI 0.00; current GWs 2; fixture Elo diff +161,False,False,False,False,False,False,False,False,False,False,False,False,False,False,False,False,False,False,False,False,False,False,False,False,False,False,False,False,False,False,False,False
dd9b0c9710fd270123600531e17f3287ab6c9403,v2-form-workload-blend,d113ff8057aa6718889feec83e2ade33486769ad87a8f3bd5608b9bfc38eda08,2026-09-18T10:40:22.090068+00:00,500040,11,Cristhian,Mosquera,Mosquera,3,Arsenal,ARS,Defender,d,False,5.3,1.8,0.3048,0.3044,0.3048,0.3044,0.3048,0.5,0.5,0.5,0.5,0.5,0.0,0.0,0.0,0.0,0.0,17.65302610146991,0.0,7.0,0.6,0.6,86.0,473.0,0.019027484143763214,0.02663847780126848,6.659619450317125,0.0,,,,1.2185,0.2299,high,1.0,1.0,4,0,0,1.6,1.6,0.75,5-GW avg pts 3.20; mins 52; xGI 0.00; current GWs 4; fixture Elo diff +229,False,False,False,False,False,False,False,False,False,False,False,False,False,False,False,False,False,False,False,False,False,False,False,False,False,False,False,False,False,False,False,False
dd9b0c9710fd270123600531e17f3287ab6c9403,v2-form-workload-blend,d113ff8057aa6718889feec83e2ade33486769ad87a8f3bd5608b9bfc38eda08,2026-09-18T10:40:22.090068+00:00,72147,29,Marco,Bizot,M.Bizot,7,Aston Villa,AVL,Goalkeeper,d,False,4.5,0.1,0.2954,0.2987,0.2954,0.2971,0.2987,0.75,0.75,0.75,0.75,0.75,45.0,45.0,45.0,45.0,0.0,1.6530261014699075,1.0,5.0,0.4,0.4,90.0,180.0,0.0,0.0,0.0,2.5,,,,1.1877,0.2639,high,1.0,1.0,4,0,0,0.45,0.45,0.15,5-GW avg pts 0.60; mins 36; xGI 0.00; current GWs 4; fixture Elo diff +74,False,False,False,False,False,False,False,False,False,False,False,False,False,False,False,False,False,False,False,False,False,False,False,False,False,False,False,False,False,False,False,False
dd9b0c9710fd270123600531e17f3287ab6c9403,v2-form-workload-blend,d113ff8057aa6718889feec83e2ade33486769ad87a8f3bd5608b9bfc38eda08,2026-09-18T10:40:22.090068+00:00,244858,100,Fábio,Freitas Gouveia Carvalho,Carvalho,94,Brentford,BRE,Midfielder,a,False,5.0,0.0,0.3024,0.2934,0.3024,0.2717,0.3024,1.0,1.0,1.0,1.0,1.0,77.0,77.0,77.0,77.0,0.0,2.6530261014699077,1.0,1.0,0.0,0.0,,0.0,,,,,,,,1.1801,0.236,high,1.0,1.0,4,0,0,0.0,0.0,0.0,5-GW avg pts 0.00; mins 0; xGI 0.00; current GWs 4; fixture Elo diff +33,False,False,False,False,False,False,False,False,False,False,False,False,False,False,False,False,False,False,False,False,False,False,False,False,False,False,False,False,False,False,False,False
dd9b0c9710fd270123600531e17f3287ab6c9403,v2-form-workload-blend,d113ff8057aa6718889feec83e2ade33486769ad87a8f3bd5608b9bfc38eda08,2026-09-18T10:40:22.090068+00:00,486672,159,Moisés,Caicedo Corozo,Caicedo,8,Chelsea,CHE,Midfielder,d,False,5.3,1.2,0.2365,0.2354,0.2365,0.2354,0.2354,0.5,0.5,0.5,0.5,0.5,0.0,0.0,0.0,0.0,0.0,18.90302610146991,0.0,4.0,0.4,0.2,48.5,547.0,0.019744058500914045,0.054296160877513704,9.378427787934186,0.0,,,,0.9436,0.178,high,1.0,1.0,4,0,0,0.3,0.3,0.05,5-GW avg pts 0.60; mins 19; xGI 0.02; current GWs 4; fixture Elo diff -10,False,False,False,False,False,False,False,False,False,False,False,False,False,False,False,False,False,False,False,False,False,False,False,False,False,False,False,False,False,False,False,False
dd9b0c9710fd270123600531e17f3287ab6c9403,v2-form-workload-blend,d113ff8057aa6718889feec83e2ade33486769ad87a8f3bd5608b9bfc38eda08,2026-09-18T10:40:22.090068+00:00,491501,378,James,McConnell,McConnell,14,Liverpool,LIV,Midfielder,a,False,4.4,0.2,0.2245,0.2372,0.2245,0.2415,0.2161,1.0,1.0,1.0,1.0,1.0,62.0,62.0,62.0,62.0,0.0,2.6530261014699077,1.0,5.0,0.0,0.0,,0.0,,,,,,,,0.9163,0.2082,high,1.0,1.0,4,0,0,0.0,0.0,0.0,5-GW avg pts 0.00; mins 0; xGI 0.00; current GWs 4; fixture Elo diff -6,False,False,False,False,False,False,False,False,False,False,False,False,False,False,False,False,False,False,False,False,False,False,False,False,False,False,False,False,False,False,False,False
dd9b0c9710fd270123600531e17f3287ab6c9403,v2-form-workload-blend,d113ff8057aa6718889feec83e2ade33486769ad87a8f3bd5608b9bfc38eda08,2026-09-18T10:40:22.090068+00:00,647839,645,Christos,Mouzakitis,Mouzakitis,88,Hull City,HUL,Midfielder,a,False,5.0,0.0,0.2236,0.234,0.2236,0.234,0.2197,1.0,1.0,1.0,1.0,1.0,0.0,30.0,0.0,30.0,0.0,9.663442768136573,1.0,1.0,0.0,0.0,,0.0,,,,,,,,0.9088,0.1818,low,0.4,0.4,2,0,0,0.0,0.0,0.0,5-GW avg pts 0.00; mins 0; xGI 0.00; current GWs 2; fixture Elo diff -253,False,False,False,False,False,False,False,False,False,False,False,False,False,False,False,False,False,False,False,False,False,False,False,False,False,False,False,False,False,False,False,False
dd9b0c9710fd270123600531e17f3287ab6c9403,v2-form-workload-blend,d113ff8057aa6718889feec83e2ade33486769ad87a8f3bd5608b9bfc38eda08,2026-09-18T10:40:22.090068+00:00,500033,636,Manuel Ángel,Morán Ibáñez,Ángel,54,Fulham,FUL,Midfielder,a,False,5.0,0.0,0.234,0.2157,0.2197,0.2378,0.2236,1.0,1.0,1.0,1.0,1.0,27.0,27.0,27.0,27.0,0.0,2.663442768136574,1.0,1.0,0.0,0.0,,0.0,,,,,,,,0.9045,0.1809,low,0.4,0.4,2,0,0,0.0,0.0,0.0,5-GW avg pts 0.00; mins 0; xGI 0.00; current GWs 2; fixture Elo diff +79,False,False,False,False,False,False,False,False,False,False,False,False,False,False,False,False,False,False,False,False,False,False,False,False,False,False,False,False,False,False,False,False
dd9b0c9710fd270123600531e17f3287ab6c9403,v2-form-workload-blend,d113ff8057aa6718889feec83e2ade33486769ad87a8f3bd5608b9bfc38eda08,2026-09-18T10:40:22.090068+00:00,245719,630,Taylor,Harwood-Bellis,Harwood-Bellis,7,Aston Villa,AVL,Defender,a,False,4.5,0.0,0.2162,0.2312,0.2162,0.2248,0.2312,1.0,1.0,1.0,1.0,1.0,90.0,90.0,90.0,90.0,0.0,1.6530261014699075,1.0,1.0,0.0,0.0,,0.0,,,,,,,,0.8933,0.1985,low,0.4,0.4,2,0,0,0.0,0.0,0.0,5-GW avg pts 0.00; mins 0; xGI 0.00; current GWs 2; fixture Elo diff +74,False,False,False,False,False,False,False,False,False,False,False,False,False,False,False,False,False,False,False,False,False,False,False,False,False,False,False,False,False,False,False,False
dd9b0c9710fd270123600531e17f3287ab6c9403,v2-form-workload-blend,d113ff8057aa6718889feec83e2ade33486769ad87a8f3bd5608b9bfc38eda08,2026-09-18T10:40:22.090068+00:00,557012,321,Sindre,Walle Egeli,Walle Egeli,40,Ipswich Town,IPS,Forward,a,False,4.5,3.7,0.2292,0.2396,0.194,0.2396,0.1955,1.0,1.0,1.0,1.0,1.0,21.0,21.0,21.0,21.0,0.0,2.6530261014699077,1.0,5.0,0.25,0.0,10.0,10.0,,,,,,,,0.8851,0.1967,high,0.8,0.8,4,0,0,0.25,0.25,0.2,5-GW avg pts 0.25; mins 2; xGI 0.00; current GWs 4; fixture Elo diff -148,False,False,False,False,False,False,False,False,False,False,False,False,False,False,False,False,False,False,False,False,False,False,False,False,False,False,False,False,False,False,False,False
dd9b0c9710fd270123600531e17f3287ab6c9403,v2-form-workload-blend,d113ff8057aa6718889feec83e2ade33486769ad87a8f3bd5608b9bfc38eda08,2026-09-18T10:40:22.090068+00:00,230650,615,Michele,Di Gregorio,Di Gregorio,91,Bournemouth,BOU,Goalkeeper,a,False,4.5,0.0,0.2227,0.2123,0.2306,0.2123,0.2227,1.0,1.0,1.0,1.0,1.0,0.0,90.0,0.0,90.0,0.0,9.663442768136573,1.0,1.0,0.0,0.0,,0.0,,,,,,,,0.8805,0.1957,medium,0.6,0.6,3,0,0,0.0,0.0,0.0,5-GW avg pts 0.00; mins 0; xGI 0.00; current GWs 3; fixture Elo diff +34,False,False,False,False,False,False,False,False,False,False,False,False,False,False,False,False,False,False,False,False,False,False,False,False,False,False,False,False,False,False,False,False
dd9b0c9710fd270123600531e17f3287ab6c9403,v2-form-workload-blend,d113ff8057aa6718889feec83e2ade33486769ad87a8f3bd5608b9bfc38eda08,2026-09-18T10:40:22.090068+00:00,204813,179,Joel,Latibeaudiere,Latibeaudiere,9,Coventry City,COV,Defender,a,False,4.0,0.0,0.2061,0.2291,0.2061,0.2291,0.237,1.0,1.0,1.0,1.0,1.0,90.0,90.0,90.0,90.0,0.0,1.6530261014699075,1.0,2.0,0.0,0.0,,0.0,,,,,,,,0.8799,0.22,high,0.8,0.8,4,0,0,0.0,0.0,0.0,5-GW avg pts 0.00; mins 0; xGI 0.00; current GWs 4; fixture Elo diff -136,False,False,False,False,False,False,False,False,False,False,False,False,False,False,False,False,False,False,False,False,False,False,False,False,False,False,False,False,False,False,False,False
dd9b0c9710fd270123600531e17f3287ab6c9403,v2-form-workload-blend,d113ff8057aa6718889feec83e2ade33486769ad87a8f3bd5608b9bfc38eda08,2026-09-18T10:40:22.090068+00:00,638411,612,Dayann,Méthalie,Methalie,56,Sunderland,SUN,Defender,a,False,4.5,0.0,0.2099,0.2246,0.2142,0.2246,0.2303,1.0,1.0,1.0,1.0,1.0,0.0,65.0,0.0,65.0,0.0,9.663442768136573,1.0,1.0,0.0,0.0,,0.0,,,,,,,,0.8787,0.1953,medium,0.6,0.6,3,0,0,0.0,0.0,0.0,5-GW avg pts 0.00; mins 0; xGI 0.00; current GWs 3; fixture Elo diff -93,False,False,False,False,False,False,False,False,False,False,False,False,False,False,False,False,False,False,False,False,False,False,False,False,False,False,False,False,False,False,False,False
dd9b0c9710fd270123600531e17f3287ab6c9403,v2-form-workload-blend,d113ff8057aa6718889feec83e2ade33486769ad87a8f3bd5608b9bfc38eda08,2026-09-18T10:40:22.090068+00:00,696104,613,Jules,Ahoka,Ahoka,56,Sunderland,SUN,Midfielder,a,False,4.5,0.2,0.208,0.2227,0.2123,0.2227,0.2265,1.0,1.0,1.0,1.0,1.0,0.0,90.0,0.0,90.0,0.0,9.663442768136573,1.0,1.0,0.0,0.0,,0.0,,,,,,,,0.8701,0.1934,medium,0.6,0.6,3,0,0,0.0,0.0,0.0,5-GW avg pts 0.00; mins 0; xGI 0.00; current GWs 3; fixture Elo diff -93,False,False,False,False,False,False,False,False,False,False,False,False,False,False,False,False,False,False,False,False,False,False,False,False,False,False,False,False,False,False,False,False
dd9b0c9710fd270123600531e17f3287ab6c9403,v2-form-workload-blend,d113ff8057aa6718889feec83e2ade33486769ad87a8f3bd5608b9bfc38eda08,2026-09-18T10:40:22.090068+00:00,512123,614,Jaouen,Hadjam,Hadjam,36,Brighton,BHA,Defender,a,False,4.5,0.0,0.2037,0.2241,0.2291,0.2142,0.2099,1.0,1.0,1.0,1.0,1.0,74.0,74.0,74.0,74.0,0.0,1.6530261014699075,1.0,1.0,0.0,0.0,,0.0,,,,,,,,0.8645,0.1921,medium,0.6,0.6,3,0,0,0.0,0.0,0.0,5-GW avg pts 0.00; mins 0; xGI 0.00; current GWs 3; fixture Elo diff -55,False,False,False,False,False,False,False,False,False,False,False,False,False,False,False,False,False,False,False,False,False,False,False,False,False,False,False,False,False,False,False,False
dd9b0c9710fd270123600531e17f3287ab6c9403,v2-form-workload-blend,d113ff8057aa6718889feec83e2ade33486769ad87a8f3bd5608b9bfc38eda08,2026-09-18T10:40:22.090068+00:00,575901,66,Julio,Soler Barreto,Soler,91,Bournemouth,BOU,Defender,a,False,4.0,0.3,0.2186,0.2061,0.2285,0.2061,0.2206,1.0,1.0,1.0,1.0,1.0,0.0,90.0,0.0,90.0,0.0,9.663442768136573,1.0,1.0,0.0,0.0,,0.0,,,,,,,,0.8636,0.2159,high,1.0,1.0,4,0,0,0.0,0.0,0.0,5-GW avg pts 0.00; mins 0; xGI 0.00; current GWs 4; fixture Elo diff +34,False,False,False,False,False,False,False,False,False,False,False,False,False,False,False,False,False,False,False,False,False,False,False,False,False,False,False,False,False,False,False,False
dd9b0c9710fd270123600531e17f3287ab6c9403,v2-form-workload-blend,d113ff8057aa6718889feec83e2ade33486769ad87a8f3bd5608b9bfc38eda08,2026-09-18T10:40:22.090068+00:00,462635,340,Joe,Gelhardt,Gelhardt,88,Hull City,HUL,Midfielder,a,False,5.0,0.0,0.2135,0.2179,0.2135,0.2179,0.2036,1.0,1.0,1.0,1.0,1.0,0.0,31.0,0.0,31.0,0.0,9.663442768136573,1.0,1.0,0.0,0.0,,0.0,,,,,,,,0.855,0.171,high,1.0,1.0,4,0,0,0.0,0.0,0.0,5-GW avg pts 0.00; mins 0; xGI 0.00; current GWs 4; fixture Elo diff -253,False,False,False,False,False,False,False,False,False,False,False,False,False,False,False,False,False,False,False,False,False,False,False,False,False,False,False,False,False,False,False,False
dd9b0c9710fd270123600531e17f3287ab6c9403,v2-form-workload-blend,d113ff8057aa6718889feec83e2ade33486769ad87a8f3bd5608b9bfc38eda08,2026-09-18T10:40:22.090068+00:00,616222,396,Vitor,de Oliveira Nunes dos Reis,Vitor Reis,43,Man City,MCI,Defender,a,False,4.5,0.0,0.2217,0.2159,0.1995,0.2159,0.2138,1.0,1.0,1.0,1.0,1.0,0.0,0.0,0.0,0.0,0.0,20.65302610146991,0.0,3.0,0.2,0.0,1.0,1.0,,,,,,,,0.855,0.19,high,1.0,1.0,4,0,0,0.2,0.2,0.2,5-GW avg pts 0.20; mins 0; xGI 0.00; current GWs 4; fixture Elo diff +161,False,False,False,False,False,False,False,False,False,False,False,False,False,False,False,False,False,False,False,False,False,False,False,False,False,False,False,False,False,False,False,False
dd9b0c9710fd270123600531e17f3287ab6c9403,v2-form-workload-blend,d113ff8057aa6718889feec83e2ade33486769ad87a8f3bd5608b9bfc38eda08,2026-09-18T10:40:22.090068+00:00,183015,303,Cédric,Kipré,Kipré,40,Ipswich Town,IPS,Defender,a,False,3.9,1.0,0.2061,0.2291,0.2018,0.2291,0.1939,1.0,1.0,1.0,1.0,1.0,90.0,90.0,90.0,90.0,0.0,2.6530261014699077,1.0,3.0,0.0,0.0,,0.0,,,,,,,,0.8505,0.2181,high,0.8,0.8,4,0,0,0.0,0.0,0.0,5-GW avg pts 0.00; mins 0; xGI 0.00; current GWs 4; fixture Elo diff -148,False,False,False,False,False,False,False,False,False,False,False,False,False,False,False,False,False,False,False,False,False,False,False,False,False,False,False,False,False,False,False,False
dd9b0c9710fd270123600531e17f3287ab6c9403,v2-form-workload-blend,d113ff8057aa6718889feec83e2ade33486769ad87a8f3bd5608b9bfc38eda08,2026-09-18T10:40:22.090068+00:00,167825,273,Dillon,Phillips,Phillips,88,Hull City,HUL,Goalkeeper,a,False,4.0,1.4,0.2043,0.2227,0.2043,0.2227,0.2084,1.0,1.0,1.0,1.0,1.0,0.0,90.0,0.0,90.0,0.0,9.663442768136573,1.0,2.0,0.0,0.0,,0.0,,,,,,,,0.8491,0.2123,high,0.8,0.8,4,0,0,0.0,0.0,0.0,5-GW avg pts 0.00; mins 0; xGI 0.00; current GWs 4; fixture Elo diff -253,False,False,False,False,False,False,False,False,False,False,False,False,False,False,False,False,False,False,False,False,False,False,False,False,False,False,False,False,False,False,False,False
dd9b0c9710fd270123600531e17f3287ab6c9403,v2-form-workload-blend,d113ff8057aa6718889feec83e2ade33486769ad87a8f3bd5608b9bfc38eda08,2026-09-18T10:40:22.090068+00:00,549939,560,Mike,Penders,Penders,8,Chelsea,CHE,Goalkeeper,a,False,4.4,0.1,0.2043,0.2168,0.2043,0.2168,0.2168,1.0,1.0,1.0,1.0,1.0,0.0,90.0,0.0,90.0,0.0,8.64260943480324,1.0,4.0,0.0,0.0,,0.0,,,,,,,,0.8446,0.192,high,1.0,1.0,4,0,0,0.0,0.0,0.0,5-GW avg pts 0.00; mins 0; xGI 0.00; current GWs 4; fixture Elo diff -10,False,False,False,False,False,False,False,False,False,False,False,False,False,False,False,False,False,False,False,False,False,False,False,False,False,False,False,False,False,False,False,False
dd9b0c9710fd270123600531e17f3287ab6c9403,v2-form-workload-blend,d113ff8057aa6718889feec83e2ade33486769ad87a8f3bd5608b9bfc38eda08,2026-09-18T10:40:22.090068+00:00,108813,300,Christian,Walton,Walton,40,Ipswich Town,IPS,Goalkeeper,a,False,4.4,0.4,0.2043,0.2273,0.2,0.2273,0.19,1.0,1.0,1.0,1.0,1.0,90.0,90.0,90.0,90.0,0.0,2.6530261014699077,1.0,2.0,0.0,0.0,,0.0,,,,,,,,0.8419,0.1913,high,0.8,0.8,4,0,0,0.0,0.0,0.0,5-GW avg pts 0.00; mins 0; xGI 0.00; current GWs 4; fixture Elo diff -148,False,False,False,False,False,False,False,False,False,False,False,False,False,False,False,False,False,False,False,False,False,False,False,False,False,False,False,False,False,False,False,False
dd9b0c9710fd270123600531e17f3287ab6c9403,v2-form-workload-blend,d113ff8057aa6718889feec83e2ade33486769ad87a8f3bd5608b9bfc38eda08,2026-09-18T10:40:22.090068+00:00,155465,629,Michael,Zetterer,Zetterer,2,Leeds,LEE,Goalkeeper,a,False,4.0,0.7,0.2227,0.1788,0.2227,0.2122,0.2043,1.0,1.0,1.0,1.0,1.0,0.0,90.0,0.0,90.0,0.0,8.64260943480324,1.0,1.0,0.0,0.0,,0.0,,,,,,,,0.8329,0.2082,low,0.4,0.4,2,0,0,0.0,0.0,0.0,5-GW avg pts 0.00; mins 0; xGI 0.00; current GWs 2; fixture Elo diff -81,False,False,False,False,False,False,False,False,False,False,False,False,False,False,False,False,False,False,False,False,False,False,False,False,False,False,False,False,False,False,False,False
dd9b0c9710fd270123600531e17f3287ab6c9403,v2-form-workload-blend,d113ff8057aa6718889feec83e2ade33486769ad87a8f3bd5608b9bfc38eda08,2026-09-18T10:40:22.090068+00:00,158983,374,Endo,Wataru,Endo,14,Liverpool,LIV,Midfielder,a,False,4.9,0.1,0.2209,0.1931,0.2209,0.2188,0.1785,1.0,1.0,1.0,1.0,1.0,0.0,0.0,0.0,0.0,0.0,39.882192768136576,0.0,1.0,0.0,0.0,,0.0,,,,,,,,0.8316,0.1697,high,1.0,1.0,4,0,0,0.0,0.0,0.0,5-GW avg pts 0.00; mins 0; xGI 0.00; current GWs 4; fixture Elo diff -6,False,False,False,False,False,False,False,False,False,False,False,False,False,False,False,False,False,False,False,False,False,False,False,False,False,False,False,False,False,False,False,False
dd9b0c9710fd270123600531e17f3287ab6c9403,v2-form-workload-blend,d113ff8057aa6718889feec83e2ade33486769ad87a8f3bd5608b9bfc38eda08,2026-09-18T10:40:22.090068+00:00,86873,251,Benjamin,Lecomte,Lecomte,54,Fulham,FUL,Goalkeeper,a,False,4.0,1.1,0.2213,0.19,0.207,0.2121,0.2043,1.0,1.0,1.0,1.0,1.0,90.0,90.0,90.0,90.0,0.0,2.663442768136574,1.0,2.0,0.0,0.0,,0.0,,,,,,,,0.8289,0.2072,high,1.0,1.0,4,0,0,0.0,0.0,0.0,5-GW avg pts 0.00; mins 0; xGI 0.00; current GWs 4; fixture Elo diff +79,False,False,False,False,False,False,False,False,False,False,False,False,False,False,False,False,False,False,False,False,False,False,False,False,False,False,False,False,False,False,False,False
dd9b0c9710fd270123600531e17f3287ab6c9403,v2-form-workload-blend,d113ff8057aa6718889feec83e2ade33486769ad87a8f3bd5608b9bfc38eda08,2026-09-18T10:40:22.090068+00:00,49262,111,Jason,Steele,Steele,36,Brighton,BHA,Goalkeeper,a,False,4.0,4.2,0.1959,0.2122,0.2213,0.2043,0.2,1.0,1.0,1.0,1.0,1.0,90.0,90.0,90.0,90.0,0.0,1.6530261014699075,1.0,1.0,0.0,0.0,,0.0,,,,,,,,0.8269,0.2067,high,1.0,1.0,4,0,0,0.0,0.0,0.0,5-GW avg pts 0.00; mins 0; xGI 0.00; current GWs 4; fixture Elo diff -55,False,False,False,False,False,False,False,False,False,False,False,False,False,False,False,False,False,False,False,False,False,False,False,False,False,False,False,False,False,False,False,False
dd9b0c9710fd270123600531e17f3287ab6c9403,v2-form-workload-blend,d113ff8057aa6718889feec83e2ade33486769ad87a8f3bd5608b9bfc38eda08,2026-09-18T10:40:22.090068+00:00,593117,164,Geovany,Quenda,Quenda,8,Chelsea,CHE,Midfielder,a,False,5.3,0.0,0.2045,0.2084,0.2045,0.2084,0.2084,1.0,1.0,1.0,1.0,1.0,0.0,0.0,0.0,0.0,0.0,24.65302610146991,0.0,4.0,0.25,0.0,8.0,8.0,,,,,,,,0.8265,0.1559,high,0.8,0.8,4,0,0,0.25,0.25,0.2,5-GW avg pts 0.25; mins 2; xGI 0.00; current GWs 4; fixture Elo diff -10,False,False,False,False,False,False,False,False,False,False,False,False,False,False,False,False,False,False,False,False,False,False,False,False,False,False,False,False,False,False,False,False
dd9b0c9710fd270123600531e17f3287ab6c9403,v2-form-workload-blend,d113ff8057aa6718889feec83e2ade33486769ad87a8f3bd5608b9bfc38eda08,2026-09-18T10:40:22.090068+00:00,160817,285,Paddy,McNair,McNair,88,Hull City,HUL,Defender,a,False,4.0,0.1,0.2024,0.2064,0.2024,0.2064,0.192,1.0,1.0,1.0,1.0,1.0,0.0,0.0,0.0,0.0,0.0,23.663442768136573,0.0,4.0,0.25,0.0,26.0,26.0,,,,,,,,0.8098,0.2024,high,0.8,0.8,4,0,0,0.25,0.25,0.2,5-GW avg pts 0.25; mins 6; xGI 0.00; current GWs 4; fixture Elo diff -253,False,False,False,False,False,False,False,False,False,False,False,False,False,False,False,False,False,False,False,False,False,False,False,False,False,False,False,False,False,False,False,False
dd9b0c9710fd270123600531e17f3287ab6c9403,v2-form-workload-blend,d113ff8057aa6718889feec83e2ade33486769ad87a8f3bd5608b9bfc38eda08,2026-09-18T10:40:22.090068+00:00,465694,405,Nico,González Iglesias,N.Gonzalez,4,Newcastle,NEW,Midfielder,i,False,5.5,0.2,0.0,0.2608,0.2584,0.2436,0.2584,0.0,0.3492063492063492,0.3492063492063492,0.3492063492063492,0.3492063492063492,19.0,186.0,0.0,90.0,0.0,3.6530261014699077,3.0,7.0,0.8,0.6,63.5,355.0,0.030422535211267584,0.08366197183098589,9.126760563380282,0.0,,,,0.767,0.1395,high,1.0,1.0,4,0,0,0.0,0.0,0.0,5-GW avg pts 1.80; mins 51; xGI 0.08; current GWs 4; fixture Elo diff +93,False,False,False,False,False,False,False,False,False,False,False,False,False,False,False,False,False,False,False,False,False,False,False,False,False,False,False,False,False,False,False,False
dd9b0c9710fd270123600531e17f3287ab6c9403,v2-form-workload-blend,d113ff8057aa6718889feec83e2ade33486769ad87a8f3bd5608b9bfc38eda08,2026-09-18T10:40:22.090068+00:00,547037,434,Jack,Fletcher,J.Fletcher,1,Man Utd,MUN,Midfielder,a,False,4.9,0.0,0.1802,0.1782,0.1802,0.1782,0.1802,1.0,1.0,1.0,1.0,1.0,0.0,0.0,0.0,0.0,0.0,36.67385943480324,0.0,5.0,0.0,0.0,,0.0,,,,,,,,0.7176,0.1464,high,1.0,1.0,4,0,0,0.0,0.0,0.0,5-GW avg pts 0.00; mins 0; xGI 0.00; current GWs 4; fixture Elo diff +97,False,False,False,False,False,False,False,False,False,False,False,False,False,False,False,False,False,False,False,False,False,False,False,False,False,False,False,False,False,False,False,False
dd9b0c9710fd270123600531e17f3287ab6c9403,v2-form-workload-blend,d113ff8057aa6718889feec83e2ade33486769ad87a8f3bd5608b9bfc38eda08,2026-09-18T10:40:22.090068+00:00,155503,352,Freddie,Woodman,Woodman,14,Liverpool,LIV,Goalkeeper,a,False,4.0,1.0,0.1832,0.1605,0.1832,0.1812,0.1459,1.0,1.0,1.0,1.0,1.0,0.0,0.0,0.0,0.0,0.0,54.52802610146991,0.0,1.0,0.0,0.0,,212.0,0.0,0.0,0.0,3.8207547169811322,,,,0.6886,0.1722,high,1.0,1.0,4,0,0,0.0,0.0,0.0,5-GW avg pts 0.00; mins 0; xGI 0.00; current GWs 4; fixture Elo diff -6,False,False,False,False,False,False,False,False,False,False,False,False,False,False,False,False,False,False,False,False,False,False,False,False,False,False,False,False,False,False,False,False
dd9b0c9710fd270123600531e17f3287ab6c9403,v2-form-workload-blend,d113ff8057aa6718889feec83e2ade33486769ad87a8f3bd5608b9bfc38eda08,2026-09-18T10:40:22.090068+00:00,106921,587,Gerónimo,Rulli,Rulli,43,Man City,MCI,Goalkeeper,a,False,5.0,0.0,0.182,0.1702,0.1598,0.1702,0.1741,1.0,1.0,1.0,1.0,1.0,0.0,0.0,0.0,0.0,0.0,,0.0,0.0,0.0,0.0,,0.0,,,,,,,,0.6866,0.1373,high,0.8,0.8,4,0,0,0.0,0.0,0.0,5-GW avg pts 0.00; mins 0; xGI 0.00; current GWs 4; fixture Elo diff +161,False,False,False,False,False,False,False,False,False,False,False,False,False,False,False,False,False,False,False,False,False,False,False,False,False,False,False,False,False,False,False,False
dd9b0c9710fd270123600531e17f3287ab6c9403,v2-form-workload-blend,d113ff8057aa6718889feec83e2ade33486769ad87a8f3bd5608b9bfc38eda08,2026-09-18T10:40:22.090068+00:00,208481,292,Abdülkadir,Ömür,Ömür,88,Hull City,HUL,Midfielder,a,False,4.9,0.0,0.1702,0.1741,0.1702,0.1741,0.1598,1.0,1.0,1.0,1.0,1.0,0.0,0.0,0.0,0.0,0.0,23.663442768136573,0.0,2.0,0.0,0.0,,0.0,,,,,,,,0.6808,0.1389,high,0.8,0.8,4,0,0,0.0,0.0,0.0,5-GW avg pts 0.00; mins 0; xGI 0.00; current GWs 4; fixture Elo diff -253,False,False,False,False,False,False,False,False,False,False,False,False,False,False,False,False,False,False,False,False,False,False,False,False,False,False,False,False,False,False,False,False
dd9b0c9710fd270123600531e17f3287ab6c9403,v2-form-workload-blend,d113ff8057aa6718889feec83e2ade33486769ad87a8f3bd5608b9bfc38eda08,2026-09-18T10:40:22.090068+00:00,587982,648,Jean-Mattéo,Bahoya,Bahoya,2,Leeds,LEE,Midfielder,a,False,5.0,0.0,0.1741,0.149,0.1741,0.1781,0.1702,1.0,1.0,1.0,1.0,1.0,0.0,0.0,0.0,0.0,0.0,,0.0,0.0,0.0,0.0,,0.0,,,,,,,,0.6742,0.1348,low,0.4,0.4,2,0,0,0.0,0.0,0.0,5-GW avg pts 0.00; mins 0; xGI 0.00; current GWs 2; fixture Elo diff -81,False,False,False,False,False,False,False,False,False,False,False,False,False,False,False,False,False,False,False,False,False,False,False,False,False,False,False,False,False,False,False,False
dd9b0c9710fd270123600531e17f3287ab6c9403,v2-form-workload-blend,d113ff8057aa6718889feec83e2ade33486769ad87a8f3bd5608b9bfc38eda08,2026-09-18T10:40:22.090068+00:00,454490,120,Michael,Svoboda,Svoboda,36,Brighton,BHA,Defender,a,False,5.0,0.1,0.1547,0.182,0.1759,0.172,0.1522,1.0,1.0,1.0,1.0,1.0,0.0,0.0,0.0,0.0,0.0,33.86135943480324,0.0,1.0,0.0,0.0,,0.0,,,,,,,,0.671,0.1342,high,0.8,0.8,4,0,0,0.0,0.0,0.0,5-GW avg pts 0.00; mins 0; xGI 0.00; current GWs 4; fixture Elo diff -55,False,False,False,False,False,False,False,False,False,False,False,False,False,False,False,False,False,False,False,False,False,False,False,False,False,False,False,False,False,False,False,False
dd9b0c9710fd270123600531e17f3287ab6c9403,v2-form-workload-blend,d113ff8057aa6718889feec83e2ade33486769ad87a8f3bd5608b9bfc38eda08,2026-09-18T10:40:22.090068+00:00,465680,493,Arnaud,Kalimuendo,Kalimuendo,17,Nott'm Forest,NFO,Forward,a,False,5.4,0.1,0.176,0.1703,0.147,0.156,0.1703,1.0,1.0,1.0,1.0,1.0,0.0,0.0,0.0,0.0,0.0,23.65302610146991,0.0,3.0,0.2,0.0,1.0,1.0,,,,,,,,0.6583,0.1219,high,1.0,1.0,4,0,0,0.2,0.2,0.2,5-GW avg pts 0.20; mins 0; xGI 0.00; current GWs 4; fixture Elo diff +21,False,False,False,False,False,False,False,False,False,False,False,False,False,False,False,False,False,False,False,False,False,False,False,False,False,False,False,False,False,False,False,False
dd9b0c9710fd270123600531e17f3287ab6c9403,v2-form-workload-blend,d113ff8057aa6718889feec83e2ade33486769ad87a8f3bd5608b9bfc38eda08,2026-09-18T10:40:22.090068+00:00,471551,652,Femi,Azeez,Azeez,36,Brighton,BHA,Midfielder,d,False,5.5,0.0,0.1517,0.1747,0.1717,0.1688,0.1539,0.75,0.75,0.75,0.75,0.75,0.0,0.0,0.0,0.0,0.0,,0.0,0.0,0.0,0.0,,0.0,,,,,,,,0.6569,0.1194,low,0.4,0.4,2,0,0,0.0,0.0,0.0,5-GW avg pts 0.00; mins 0; xGI 0.00; current GWs 2; fixture Elo diff -55,False,False,False,False,False,False,False,False,False,False,False,False,False,False,False,False,False,False,False,False,False,False,False,False,False,False,False,False,False,False,False,False
dd9b0c9710fd270123600531e17f3287ab6c9403,v2-form-workload-blend,d113ff8057aa6718889feec83e2ade33486769ad87a8f3bd5608b9bfc38eda08,2026-09-18T10:40:22.090068+00:00,169359,556,Matt,Targett,Targett,88,Hull City,HUL,Defender,d,False,4.0,1.8,0.1585,0.1679,0.1585,0.1679,0.1618,0.75,0.75,0.75,0.75,0.75,0.0,76.0,0.0,76.0,0.0,9.663442768136573,1.0,4.0,0.2,0.0,5.0,5.0,,,,,,,,0.651,0.1628,high,1.0,1.0,4,0,0,0.15,0.15,0.15,5-GW avg pts 0.20; mins 1; xGI 0.00; current GWs 4; fixture Elo diff -253,False,False,False,False,False,False,False,False,False,False,False,False,False,False,False,False,False,False,False,False,False,False,False,False,False,False,False,False,False,False,False,False
dd9b0c9710fd270123600531e17f3287ab6c9403,v2-form-workload-blend,d113ff8057aa6718889feec83e2ade33486769ad87a8f3bd5608b9bfc38eda08,2026-09-18T10:40:22.090068+00:00,577974,424,Harry,Amass,Amass,1,Man Utd,MUN,Defender,a,False,4.0,0.2,0.1571,0.1695,0.1571,0.1695,0.1571,1.0,1.0,1.0,1.0,1.0,0.0,18.0,0.0,18.0,0.0,7.653026101469907,1.0,6.0,0.0,0.0,,0.0,,,,,,,,0.6482,0.1621,high,1.0,1.0,4,0,0,0.0,0.0,0.0,5-GW avg pts 0.00; mins 0; xGI 0.00; current GWs 4; fixture Elo diff +97,False,False,False,False,False,False,False,False,False,False,False,False,False,False,False,False,False,False,False,False,False,False,False,False,False,False,False,False,False,False,False,False
dd9b0c9710fd270123600531e17f3287ab6c9403,v2-form-workload-blend,d113ff8057aa6718889feec83e2ade33486769ad87a8f3bd5608b9bfc38eda08,2026-09-18T10:40:22.090068+00:00,437495,3,Illan,Meslier,Meslier,3,Arsenal,ARS,Goalkeeper,a,False,4.9,0.0,0.16,0.158,0.16,0.158,0.16,1.0,1.0,1.0,1.0,1.0,0.0,0.0,0.0,0.0,0.0,39.90302610146991,0.0,3.0,0.0,0.0,,0.0,,,,,,,,0.6368,0.13,high,1.0,1.0,4,0,0,0.0,0.0,0.0,5-GW avg pts 0.00; mins 0; xGI 0.00; current GWs 4; fixture Elo diff +229,False,False,False,False,False,False,False,False,False,False,False,False,False,False,False,False,False,False,False,False,False,False,False,False,False,False,False,False,False,False,False,False
dd9b0c9710fd270123600531e17f3287ab6c9403,v2-form-workload-blend,d113ff8057aa6718889feec83e2ade33486769ad87a8f3bd5608b9bfc38eda08,2026-09-18T10:40:22.090068+00:00,438464,218,Cheick,Doucouré,Doucouré,31,Crystal Palace,CRY,Midfielder,a,False,4.9,0.0,0.16,0.158,0.16,0.158,0.16,1.0,1.0,1.0,1.0,1.0,0.0,0.0,0.0,0.0,0.0,33.944692768136576,0.0,3.0,0.0,0.0,,0.0,,,,,,,,0.6368,0.13,high,1.0,1.0,4,0,0,0.0,0.0,0.0,5-GW avg pts 0.00; mins 0; xGI 0.00; current GWs 4; fixture Elo diff -11,False,False,False,False,False,False,False,False,False,False,False,False,False,False,False,False,False,False,False,False,False,False,False,False,False,False,False,False,False,False,False,False
dd9b0c9710fd270123600531e17f3287ab6c9403,v2-form-workload-blend,d113ff8057aa6718889feec83e2ade33486769ad87a8f3bd5608b9bfc38eda08,2026-09-18T10:40:22.090068+00:00,241117,310,Azor,Matusiwa,Matusiwa,40,Ipswich Town,IPS,Midfielder,a,False,4.9,0.0,0.1702,0.1741,0.1082,0.1741,0.1559,1.0,1.0,1.0,1.0,1.0,0.0,0.0,0.0,0.0,0.0,,0.0,0.0,0.0,0.0,,0.0,,,,,,,,0.6289,0.1283,high,0.8,0.8,4,0,0,0.0,0.0,0.0,5-GW avg pts 0.00; mins 0; xGI 0.00; current GWs 4; fixture Elo diff -148,False,False,False,False,False,False,False,False,False,False,False,False,False,False,False,False,False,False,False,False,False,False,False,False,False,False,False,False,False,False,False,False
dd9b0c9710fd270123600531e17f3287ab6c9403,v2-form-workload-blend,d113ff8057aa6718889feec83e2ade33486769ad87a8f3bd5608b9bfc38eda08,2026-09-18T10:40:22.090068+00:00,115556,508,Ben,Davies,Davies,6,Spurs,TOT,Defender,a,False,4.0,0.8,0.1516,0.1537,0.1661,0.1537,0.1516,1.0,1.0,1.0,1.0,1.0,0.0,0.0,0.0,0.0,0.0,22.663442768136573,0.0,3.0,0.0,0.0,,0.0,,,,,,,,0.6213,0.1553,high,1.0,1.0,4,0,0,0.0,0.0,0.0,5-GW avg pts 0.00; mins 0; xGI 0.00; current GWs 4; fixture Elo diff -49,False,False,False,False,False,False,False,False,False,False,False,False,False,False,False,False,False,False,False,False,False,False,False,False,False,False,False,False,False,False,False,False
dd9b0c9710fd270123600531e17f3287ab6c9403,v2-form-workload-blend,d113ff8057aa6718889feec83e2ade33486769ad87a8f3bd5608b9bfc38eda08,2026-09-18T10:40:22.090068+00:00,507433,83,Hákon Rafn,Valdimarsson,Valdimarsson,94,Brentford,BRE,Goalkeeper,a,False,4.5,0.1,0.1498,0.1518,0.1498,0.1422,0.1498,1.0,1.0,1.0,1.0,1.0,0.0,0.0,0.0,0.0,0.0,23.65302610146991,0.0,1.0,0.0,0.0,,0.0,,,,,,,,0.5956,0.1323,high,1.0,1.0,4,0,0,0.0,0.0,0.0,5-GW avg pts 0.00; mins 0; xGI 0.00; current GWs 4; fixture Elo diff +33,False,False,False,False,False,False,False,False,False,False,False,False,False,False,False,False,False,False,False,False,False,False,False,False,False,False,False,False,False,False,False,False
dd9b0c9710fd270123600531e17f3287ab6c9403,v2-form-workload-blend,d113ff8057aa6718889feec83e2ade33486769ad87a8f3bd5608b9bfc38eda08,2026-09-18T10:40:22.090068+00:00,229600,227,Mark,Travers,Travers,11,Everton,EVE,Goalkeeper,a,False,5.0,0.0,0.1437,0.1457,0.158,0.1388,0.16,1.0,1.0,1.0,1.0,1.0,0.0,0.0,0.0,0.0,0.0,36.76760943480324,0.0,2.0,0.0,0.0,,0.0,,,,,,,,0.5944,0.1189,high,1.0,1.0,4,0,0,0.0,0.0,0.0,5-GW avg pts 0.00; mins 0; xGI 0.00; current GWs 4; fixture Elo diff +22,False,False,False,False,False,False,False,False,False,False,False,False,False,False,False,False,False,False,False,False,False,False,False,False,False,False,False,False,False,False,False,False
dd9b0c9710fd270123600531e17f3287ab6c9403,v2-form-workload-blend,d113ff8057aa6718889feec83e2ade33486769ad87a8f3bd5608b9bfc38eda08,2026-09-18T10:40:22.090068+00:00,494928,573,Juanlu,Sánchez,Sanchez,91,Bournemouth,BOU,Defender,a,False,4.4,0.2,0.1533,0.1348,0.1632,0.1348,0.1553,1.0,1.0,1.0,1.0,1.0,0.0,8.0,0.0,8.0,0.0,9.663442768136573,1.0,1.0,0.0,0.0,,0.0,,,,,,,,0.5928,0.1347,high,0.8,0.8,4,0,0,0.0,0.0,0.0,5-GW avg pts 0.00; mins 0; xGI 0.00; current GWs 4; fixture Elo diff +34,False,False,False,False,False,False,False,False,False,False,False,False,False,False,False,False,False,False,False,False,False,False,False,False,False,False,False,False,False,False,False,False
dd9b0c9710fd270123600531e17f3287ab6c9403,v2-form-workload-blend,d113ff8057aa6718889feec83e2ade33486769ad87a8f3bd5608b9bfc38eda08,2026-09-18T10:40:22.090068+00:00,80178,178,Jake,Bidwell,Bidwell,9,Coventry City,COV,Defender,a,False,4.0,0.1,0.1348,0.1533,0.1348,0.1533,0.1612,1.0,1.0,1.0,1.0,1.0,17.0,17.0,17.0,17.0,0.0,1.6530261014699075,1.0,2.0,0.0,0.0,,0.0,,,,,,,,0.5847,0.1462,high,0.8,0.8,4,0,0,0.0,0.0,0.0,5-GW avg pts 0.00; mins 0; xGI 0.00; current GWs 4; fixture Elo diff -136,False,False,False,False,False,False,False,False,False,False,False,False,False,False,False,False,False,False,False,False,False,False,False,False,False,False,False,False,False,False,False,False
dd9b0c9710fd270123600531e17f3287ab6c9403,v2-form-workload-blend,d113ff8057aa6718889feec83e2ade33486769ad87a8f3bd5608b9bfc38eda08,2026-09-18T10:40:22.090068+00:00,519913,438,Tyler,Fletcher,Fletcher,1,Man Utd,MUN,Midfielder,a,False,4.4,0.3,0.1253,0.1292,0.1253,0.1292,0.1253,1.0,1.0,1.0,1.0,1.0,0.0,0.0,0.0,0.0,0.0,36.67385943480324,0.0,4.0,0.2,0.0,16.0,16.0,,,,,,,,0.5073,0.1153,high,1.0,1.0,4,0,0,0.2,0.2,0.0,5-GW avg pts 0.20; mins 3; xGI 0.00; current GWs 4; fixture Elo diff +97,False,False,False,False,False,False,False,False,False,False,False,False,False,False,False,False,False,False,False,False,False,False,False,False,False,False,False,False,False,False,False,False
dd9b0c9710fd270123600531e17f3287ab6c9403,v2-form-workload-blend,d113ff8057aa6718889feec83e2ade33486769ad87a8f3bd5608b9bfc38eda08,2026-09-18T10:40:22.090068+00:00,631786,272,Jonah,Kusi-Asare,Kusi-Asare,54,Fulham,FUL,Forward,a,False,4.5,5.8,0.1232,0.1109,0.1089,0.133,0.1253,1.0,1.0,1.0,1.0,1.0,0.0,0.0,0.0,0.0,0.0,,0.0,0.0,0.0,0.0,,19.0,,,,,,,,0.4785,0.1063,high,1.0,1.0,4,0,0,0.0,0.0,0.0,5-GW avg pts 0.00; mins 0; xGI 0.00; current GWs 4; fixture Elo diff +79,False,False,False,False,False,False,False,False,False,False,False,False,False,False,False,False,False,False,False,False,False,False,False,False,False,False,False,False,False,False,False,False
dd9b0c9710fd270123600531e17f3287ab6c9403,v2-form-workload-blend,d113ff8057aa6718889feec83e2ade33486769ad87a8f3bd5608b9bfc38eda08,2026-09-18T10:40:22.090068+00:00,221389,468,John Victor,Maciel Furtado,John,17,Nott'm Forest,NFO,Goalkeeper,a,False,4.5,0.1,0.1302,0.1198,0.093,0.1102,0.1198,1.0,1.0,1.0,1.0,1.0,0.0,0.0,0.0,0.0,0.0,,0.0,0.0,0.0,0.0,,0.0,,,,,,,,0.4614,0.1025,high,1.0,1.0,4,0,0,0.0,0.0,0.0,5-GW avg pts 0.00; mins 0; xGI 0.00; current GWs 4; fixture Elo diff +21,False,False,False,False,False,False,False,False,False,False,False,False,False,False,False,False,False,False,False,False,False,False,False,False,False,False,False,False,False,False,False,False
dd9b0c9710fd270123600531e17f3287ab6c9403,v2-form-workload-blend,d113ff8057aa6718889feec83e2ade33486769ad87a8f3bd5608b9bfc38eda08,2026-09-18T10:40:22.090068+00:00,227444,471,Nikola,Milenković,Milenković,17,Nott'm Forest,NFO,Defender,i,False,5.5,1.2,0.0,0.1536,0.1218,0.2021,0.1127,0.0,0.3492063492063492,0.3492063492063492,0.3492063492063492,0.3492063492063492,0.0,90.0,0.0,0.0,0.0,12.86135943480324,1.0,5.0,0.8,0.8,90.0,765.0,0.01529411764705881,0.029411764705882328,9.882352941176471,0.0,,,,0.4448,0.0809,high,1.0,1.0,4,0,0,0.0,0.0,0.0,5-GW avg pts 3.20; mins 72; xGI 0.07; current GWs 4; fixture Elo diff +21,False,False,False,False,False,False,False,False,False,False,False,False,False,False,False,False,False,False,False,False,False,False,False,False,False,False,False,False,False,False,False,False
dd9b0c9710fd270123600531e17f3287ab6c9403,v2-form-workload-blend,d113ff8057aa6718889feec83e2ade33486769ad87a8f3bd5608b9bfc38eda08,2026-09-18T10:40:22.090068+00:00,56979,101,Jordan,Henderson,Henderson,8,Chelsea,CHE,Midfielder,d,False,4.9,0.0,0.1042,0.1032,0.1042,0.1032,0.1032,0.5,0.5,0.5,0.5,0.5,0.0,0.0,0.0,0.0,0.0,,0.0,0.0,0.2,0.0,59.0,97.0,,,,,,,,0.4147,0.0846,high,1.0,1.0,4,0,0,0.0,0.0,0.0,5-GW avg pts 0.00; mins 12; xGI 0.00; current GWs 4; fixture Elo diff -10,False,False,False,False,False,False,False,False,False,False,False,False,False,False,False,False,False,False,False,False,False,False,False,False,False,False,False,False,False,False,False,False
dd9b0c9710fd270123600531e17f3287ab6c9403,v2-form-workload-blend,d113ff8057aa6718889feec83e2ade33486769ad87a8f3bd5608b9bfc38eda08,2026-09-18T10:40:22.090068+00:00,567119,169,Shumaira,Mheuka,Mheuka,8,Chelsea,CHE,Forward,a,False,4.5,0.5,0.0958,0.0997,0.0958,0.0997,0.0997,1.0,1.0,1.0,1.0,1.0,0.0,0.0,0.0,0.0,0.0,,0.0,0.0,0.0,0.0,,1.0,,,,,,,,0.3918,0.0871,high,1.0,1.0,4,0,0,0.0,0.0,0.0,5-GW avg pts 0.00; mins 0; xGI 0.00; current GWs 4; fixture Elo diff -10,False,True,False,False,False,False,False,False,False,False,False,False,False,False,False,False,False,False,False,False,False,False,False,False,False,False,False,False,False,False,False,False
dd9b0c9710fd270123600531e17f3287ab6c9403,v2-form-workload-blend,d113ff8057aa6718889feec83e2ade33486769ad87a8f3bd5608b9bfc38eda08,2026-09-18T10:40:22.090068+00:00,643970,603,Jayden,Lienou,Lienou,2,Leeds,LEE,Defender,a,False,4.0,0.1,0.0967,0.0871,0.0967,0.1028,0.0928,1.0,1.0,1.0,1.0,1.0,0.0,0.0,0.0,0.0,0.0,,0.0,0.0,0.0,0.0,,0.0,,,,,,,,0.3801,0.095,high,1.0,1.0,4,0,0,0.0,0.0,0.0,5-GW avg pts 0.00; mins 0; xGI 0.00; current GWs 4; fixture Elo diff -81,False,False,False,False,False,False,False,False,False,False,False,False,False,False,False,False,False,False,False,False,False,False,False,False,False,False,False,False,False,False,False,False
dd9b0c9710fd270123600531e17f3287ab6c9403,v2-form-workload-blend,d113ff8057aa6718889feec83e2ade33486769ad87a8f3bd5608b9bfc38eda08,2026-09-18T10:40:22.090068+00:00,40383,58,Fraser,Forster,Forster,91,Bournemouth,BOU,Goalkeeper,a,False,4.0,3.5,0.0949,0.091,0.1028,0.091,0.0949,1.0,1.0,1.0,1.0,1.0,0.0,0.0,0.0,0.0,0.0,,0.0,0.0,0.0,0.0,,0.0,,,,,,,,0.3796,0.0949,high,1.0,1.0,4,0,0,0.0,0.0,0.0,5-GW avg pts 0.00; mins 0; xGI 0.00; current GWs 4; fixture Elo diff +34,False,False,False,False,False,False,False,False,False,False,False,False,False,False,False,False,False,False,False,False,False,False,False,False,False,False,False,False,False,False,False,False
dd9b0c9710fd270123600531e17f3287ab6c9403,v2-form-workload-blend,d113ff8057aa6718889feec83e2ade33486769ad87a8f3bd5608b9bfc38eda08,2026-09-18T10:40:22.090068+00:00,611917,601,Luca,Williams-Barnett,Williams-Barnett,6,Spurs,TOT,Midfielder,a,False,4.5,0.1,0.0949,0.091,0.1026,0.091,0.0949,1.0,1.0,1.0,1.0,1.0,0.0,0.0,0.0,0.0,0.0,22.663442768136573,0.0,1.0,0.0,0.0,,0.0,,,,,,,,0.3795,0.0843,high,1.0,1.0,4,0,0,0.0,0.0,0.0,5-GW avg pts 0.00; mins 0; xGI 0.00; current GWs 4; fixture Elo diff -49,False,False,False,False,False,False,False,False,False,False,False,False,False,False,False,False,False,False,False,False,False,False,False,False,False,False,False,False,False,False,False,False
dd9b0c9710fd270123600531e17f3287ab6c9403,v2-form-workload-blend,d113ff8057aa6718889feec83e2ade33486769ad87a8f3bd5608b9bfc38eda08,2026-09-18T10:40:22.090068+00:00,110690,172,Ben,Wilson,Wilson,9,Coventry City,COV,Goalkeeper,a,False,4.4,0.4,0.091,0.0949,0.091,0.0949,0.1028,1.0,1.0,1.0,1.0,1.0,0.0,0.0,0.0,0.0,0.0,,0.0,0.0,0.0,0.0,,0.0,,,,,,,,0.3772,0.0857,high,0.8,0.8,4,0,0,0.0,0.0,0.0,5-GW avg pts 0.00; mins 0; xGI 0.00; current GWs 4; fixture Elo diff -136,False,False,False,False,False,False,False,False,False,False,False,False,False,False,False,False,False,False,False,False,False,False,False,False,False,False,False,False,False,False,False,False
dd9b0c9710fd270123600531e17f3287ab6c9403,v2-form-workload-blend,d113ff8057aa6718889feec83e2ade33486769ad87a8f3bd5608b9bfc38eda08,2026-09-18T10:40:22.090068+00:00,684268,189,George,Shepherd,Shepherd,9,Coventry City,COV,Midfielder,a,False,4.4,0.2,0.091,0.0949,0.091,0.0949,0.1028,1.0,1.0,1.0,1.0,1.0,0.0,0.0,0.0,0.0,0.0,,0.0,0.0,0.0,0.0,,0.0,,,,,,,,0.3772,0.0857,high,0.8,0.8,4,0,0,0.0,0.0,0.0,5-GW avg pts 0.00; mins 0; xGI 0.00; current GWs 4; fixture Elo diff -136,False,False,False,False,False,False,False,False,False,False,False,False,False,False,False,False,False,False,False,False,False,False,False,False,False,False,False,False,False,False,False,False
dd9b0c9710fd270123600531e17f3287ab6c9403,v2-form-workload-blend,d113ff8057aa6718889feec83e2ade33486769ad87a8f3bd5608b9bfc38eda08,2026-09-18T10:40:22.090068+00:00,519440,361,Wellity,Lucky,Lucky,14,Liverpool,LIV,Defender,a,False,4.0,0.1,0.0928,0.0924,0.0949,0.0988,0.091,1.0,1.0,1.0,1.0,1.0,0.0,0.0,0.0,0.0,0.0,,0.0,0.0,0.0,0.0,,0.0,,,,,,,,0.3756,0.0939,high,1.0,1.0,4,0,0,0.0,0.0,0.0,5-GW avg pts 0.00; mins 0; xGI 0.00; current GWs 4; fixture Elo diff -6,False,False,False,False,False,False,False,False,False,False,False,False,False,False,False,False,False,False,False,False,False,False,False,False,False,False,False,False,False,False,False,False
dd9b0c9710fd270123600531e17f3287ab6c9403,v2-form-workload-blend,d113ff8057aa6718889feec83e2ade33486769ad87a8f3bd5608b9bfc38eda08,2026-09-18T10:40:22.090068+00:00,499716,510,James,Rowswell,Rowswell,6,Spurs,TOT,Defender,a,False,4.0,0.1,0.0908,0.0928,0.1006,0.0928,0.0908,1.0,1.0,1.0,1.0,1.0,0.0,0.0,0.0,0.0,0.0,,0.0,0.0,0.0,0.0,,0.0,,,,,,,,0.3742,0.0936,high,1.0,1.0,4,0,0,0.0,0.0,0.0,5-GW avg pts 0.00; mins 0; xGI 0.00; current GWs 4; fixture Elo diff -49,False,False,False,False,False,False,False,False,False,False,False,False,False,False,False,False,False,False,False,False,False,False,False,False,False,False,False,False,False,False,False,False
dd9b0c9710fd270123600531e17f3287ab6c9403,v2-form-workload-blend,d113ff8057aa6718889feec83e2ade33486769ad87a8f3bd5608b9bfc38eda08,2026-09-18T10:40:22.090068+00:00,640419,509,Jun'ai,Byfield,Byfield,6,Spurs,TOT,Defender,a,False,4.0,0.1,0.0908,0.0928,0.1006,0.0928,0.0908,1.0,1.0,1.0,1.0,1.0,0.0,0.0,0.0,0.0,0.0,,0.0,0.0,0.0,0.0,,0.0,,,,,,,,0.3742,0.0936,high,1.0,1.0,4,0,0,0.0,0.0,0.0,5-GW avg pts 0.00; mins 0; xGI 0.00; current GWs 4; fixture Elo diff -49,False,False,False,False,False,False,False,False,False,False,False,False,False,False,False,False,False,False,False,False,False,False,False,False,False,False,False,False,False,False,False,False
dd9b0c9710fd270123600531e17f3287ab6c9403,v2-form-workload-blend,d113ff8057aa6718889feec83e2ade33486769ad87a8f3bd5608b9bfc38eda08,2026-09-18T10:40:22.090068+00:00,566213,656,Stephen,Mfuni,Mfuni,9,Coventry City,COV,Defender,a,False,4.0,0.1,0.0928,0.0908,0.0928,0.0908,0.0987,1.0,1.0,1.0,1.0,1.0,0.0,0.0,0.0,0.0,0.0,,0.0,0.0,0.0,0.0,,0.0,,,,,,,,0.3715,0.0929,high,1.0,1.0,1,0,0,0.0,0.0,1.1,5-GW avg pts 0.00; mins 0; xGI 0.00; current GWs 1; fixture Elo diff -136,False,False,False,False,False,False,False,False,False,False,False,False,False,False,False,False,False,False,False,False,False,False,False,False,False,False,False,False,False,False,False,False
dd9b0c9710fd270123600531e17f3287ab6c9403,v2-form-workload-blend,d113ff8057aa6718889feec83e2ade33486769ad87a8f3bd5608b9bfc38eda08,2026-09-18T10:40:22.090068+00:00,592740,604,Alfie,Cresswell,Cresswell,2,Leeds,LEE,Midfielder,a,False,4.5,0.1,0.0949,0.0853,0.0949,0.0989,0.091,1.0,1.0,1.0,1.0,1.0,0.0,0.0,0.0,0.0,0.0,,0.0,0.0,0.0,0.0,,0.0,,,,,,,,0.3713,0.0825,high,1.0,1.0,4,0,0,0.0,0.0,0.0,5-GW avg pts 0.00; mins 0; xGI 0.00; current GWs 4; fixture Elo diff -81,False,False,False,False,False,False,False,False,False,False,False,False,False,False,False,False,False,False,False,False,False,False,False,False,False,False,False,False,False,False,False,False
dd9b0c9710fd270123600531e17f3287ab6c9403,v2-form-workload-blend,d113ff8057aa6718889feec83e2ade33486769ad87a8f3bd5608b9bfc38eda08,2026-09-18T10:40:22.090068+00:00,661313,651,Juan,Angulo,J.Angulo,56,Sunderland,SUN,Forward,a,False,4.5,0.7,0.0867,0.0949,0.091,0.0949,0.0987,1.0,1.0,1.0,1.0,1.0,0.0,0.0,0.0,0.0,0.0,,0.0,0.0,0.0,0.0,,0.0,,,,,,,,0.3705,0.0823,low,0.4,0.4,2,0,0,0.0,0.0,0.0,5-GW avg pts 0.00; mins 0; xGI 0.00; current GWs 2; fixture Elo diff -93,True,False,False,False,False,False,False,False,False,False,False,False,False,False,False,False,False,False,False,False,False,False,False,False,False,False,False,False,False,False,False,False
dd9b0c9710fd270123600531e17f3287ab6c9403,v2-form-workload-blend,d113ff8057aa6718889feec83e2ade33486769ad87a8f3bd5608b9bfc38eda08,2026-09-18T10:40:22.090068+00:00,569577,606,Triston,Rowe,Rowe,7,Aston Villa,AVL,Defender,a,False,4.0,0.2,0.0949,0.0928,0.0949,0.0865,0.0928,1.0,1.0,1.0,1.0,1.0,0.0,0.0,0.0,0.0,0.0,,0.0,0.0,0.0,0.0,,0.0,,,,,,,,0.3705,0.0926,high,1.0,1.0,4,0,0,0.0,0.0,0.0,5-GW avg pts 0.00; mins 0; xGI 0.00; current GWs 4; fixture Elo diff +74,False,False,False,False,False,False,False,False,False,False,False,False,False,False,False,False,False,False,False,False,False,False,False,False,False,False,False,False,False,False,False,False
dd9b0c9710fd270123600531e17f3287ab6c9403,v2-form-workload-blend,d113ff8057aa6718889feec83e2ade33486769ad87a8f3bd5608b9bfc38eda08,2026-09-18T10:40:22.090068+00:00,576620,437,Bendito,Mantato,Bendito Mantato,1,Man Utd,MUN,Midfielder,a,False,4.5,0.2,0.091,0.0949,0.091,0.0949,0.091,1.0,1.0,1.0,1.0,1.0,0.0,0.0,0.0,0.0,0.0,,0.0,0.0,0.0,0.0,,0.0,,,,,,,,0.3702,0.0823,high,1.0,1.0,4,0,0,0.0,0.0,0.0,5-GW avg pts 0.00; mins 0; xGI 0.00; current GWs 4; fixture Elo diff +97,False,False,False,False,False,False,False,False,False,False,False,False,False,False,False,False,False,False,False,False,False,False,False,False,False,False,False,False,False,False,False,False
dd9b0c9710fd270123600531e17f3287ab6c9403,v2-form-workload-blend,d113ff8057aa6718889feec83e2ade33486769ad87a8f3bd5608b9bfc38eda08,2026-09-18T10:40:22.090068+00:00,672492,221,Joél,Drakes-Thomas,Drakes-Thomas,31,Crystal Palace,CRY,Midfielder,a,False,4.5,0.1,0.091,0.0949,0.091,0.0949,0.091,1.0,1.0,1.0,1.0,1.0,0.0,0.0,0.0,0.0,0.0,54.86135943480324,0.0,2.0,0.0,0.0,,0.0,,,,,,,,0.3702,0.0823,high,1.0,1.0,4,0,0,0.0,0.0,0.0,5-GW avg pts 0.00; mins 0; xGI 0.00; current GWs 4; fixture Elo diff -11,False,False,False,False,False,False,False,False,False,False,False,False,False,False,False,False,False,False,False,False,False,False,False,False,False,False,False,False,False,False,False,False
dd9b0c9710fd270123600531e17f3287ab6c9403,v2-form-workload-blend,d113ff8057aa6718889feec83e2ade33486769ad87a8f3bd5608b9bfc38eda08,2026-09-18T10:40:22.090068+00:00,661016,658,Younes,Ibrahim,Ibrahim,36,Brighton,BHA,Midfielder,a,False,4.5,0.0,0.0892,0.0989,0.0949,0.091,0.0867,1.0,1.0,1.0,1.0,1.0,0.0,0.0,0.0,0.0,0.0,,0.0,0.0,0.0,0.0,,0.0,,,,,,,,0.3697,0.0822,low,0.2,0.2,1,0,0,0.0,0.0,1.1,5-GW avg pts 0.00; mins 0; xGI 0.00; current GWs 1; fixture Elo diff -55,False,False,False,False,False,False,False,False,False,False,False,False,False,False,False,False,False,False,False,False,False,False,False,False,False,False,False,False,False,False,False,False
dd9b0c9710fd270123600531e17f3287ab6c9403,v2-form-workload-blend,d113ff8057aa6718889feec83e2ade33486769ad87a8f3bd5608b9bfc38eda08,2026-09-18T10:40:22.090068+00:00,595480,653,Floyd,Samba,Samba,43,Man City,MCI,Midfielder,a,False,4.5,0.0,0.1028,0.091,0.0806,0.091,0.0949,1.0,1.0,1.0,1.0,1.0,0.0,0.0,0.0,0.0,0.0,,0.0,0.0,0.0,0.0,,0.0,,,,,,,,0.3697,0.0822,low,0.4,0.4,2,0,0,0.0,0.0,0.0,5-GW avg pts 0.00; mins 0; xGI 0.00; current GWs 2; fixture Elo diff +161,False,False,False,False,False,False,False,False,False,False,False,False,False,False,False,False,False,False,False,False,False,False,False,False,False,False,False,False,False,False,False,False
dd9b0c9710fd270123600531e17f3287ab6c9403,v2-form-workload-blend,d113ff8057aa6718889feec83e2ade33486769ad87a8f3bd5608b9bfc38eda08,2026-09-18T10:40:22.090068+00:00,622758,561,Aaron,Anselmino,Anselmino,8,Chelsea,CHE,Defender,a,False,4.5,0.0,0.0928,0.0908,0.0928,0.0928,0.0908,1.0,1.0,1.0,1.0,1.0,0.0,0.0,0.0,0.0,0.0,39.944692768136576,0.0,3.0,0.0,0.0,,0.0,,,,,,,,0.3682,0.0818,high,1.0,1.0,4,0,0,0.0,0.0,0.0,5-GW avg pts 0.00; mins 0; xGI 0.00; current GWs 4; fixture Elo diff -10,False,False,False,False,False,False,False,False,False,False,False,False,False,False,False,False,False,False,False,False,False,False,False,False,False,False,False,False,False,False,False,False
dd9b0c9710fd270123600531e17f3287ab6c9403,v2-form-workload-blend,d113ff8057aa6718889feec83e2ade33486769ad87a8f3bd5608b9bfc38eda08,2026-09-18T10:40:22.090068+00:00,665243,659,Mason,Miley,Miley,4,Newcastle,NEW,Midfielder,a,False,4.5,0.0,0.0806,0.0987,0.0949,0.091,0.0949,1.0,1.0,1.0,1.0,1.0,0.0,0.0,0.0,0.0,0.0,,0.0,0.0,0.0,0.0,,0.0,,,,,,,,0.366,0.0813,low,0.2,0.2,1,0,0,0.0,0.0,1.1,5-GW avg pts 0.00; mins 0; xGI 0.00; current GWs 1; fixture Elo diff +93,False,False,False,False,False,False,False,False,False,False,False,False,False,False,False,False,False,False,False,False,False,False,False,False,False,False,False,False,False,False,False,False
dd9b0c9710fd270123600531e17f3287ab6c9403,v2-form-workload-blend,d113ff8057aa6718889feec83e2ade33486769ad87a8f3bd5608b9bfc38eda08,2026-09-18T10:40:22.090068+00:00,214572,495,Brandon,Austin,Austin,6,Spurs,TOT,Goalkeeper,a,False,4.0,1.0,0.0889,0.091,0.0967,0.091,0.0889,1.0,1.0,1.0,1.0,1.0,0.0,0.0,0.0,0.0,0.0,54.319692768136576,0.0,1.0,0.0,0.0,,0.0,,,,,,,,0.3652,0.0913,high,1.0,1.0,4,0,0,0.0,0.0,0.0,5-GW avg pts 0.00; mins 0; xGI 0.00; current GWs 4; fixture Elo diff -49,False,False,False,False,False,False,False,False,False,False,False,False,False,False,False,False,False,False,False,False,False,False,False,False,False,False,False,False,False,False,False,False
dd9b0c9710fd270123600531e17f3287ab6c9403,v2-form-workload-blend,d113ff8057aa6718889feec83e2ade33486769ad87a8f3bd5608b9bfc38eda08,2026-09-18T10:40:22.090068+00:00,499726,524,Callum,Olusesi,Olusesi,6,Spurs,TOT,Midfielder,a,False,4.4,1.0,0.0889,0.091,0.0967,0.091,0.0889,1.0,1.0,1.0,1.0,1.0,0.0,0.0,0.0,0.0,0.0,,0.0,0.0,0.0,0.0,,0.0,,,,,,,,0.3652,0.083,high,1.0,1.0,4,0,0,0.0,0.0,0.0,5-GW avg pts 0.00; mins 0; xGI 0.00; current GWs 4; fixture Elo diff -49,False,False,False,False,False,False,False,False,False,False,False,False,False,False,False,False,False,False,False,False,False,False,False,False,False,False,False,False,False,False,False,False
dd9b0c9710fd270123600531e17f3287ab6c9403,v2-form-workload-blend,d113ff8057aa6718889feec83e2ade33486769ad87a8f3bd5608b9bfc38eda08,2026-09-18T10:40:22.090068+00:00,464353,355,Harvey,Davies,Davies,14,Liverpool,LIV,Goalkeeper,a,False,4.0,0.2,0.091,0.0906,0.091,0.0949,0.0892,1.0,1.0,1.0,1.0,1.0,0.0,0.0,0.0,0.0,0.0,50.46552610146991,0.0,1.0,0.0,0.0,,0.0,,,,,,,,0.3652,0.0913,high,0.8,0.8,4,0,0,0.0,0.0,0.0,5-GW avg pts 0.00; mins 0; xGI 0.00; current GWs 4; fixture Elo diff -6,False,False,False,False,False,False,False,False,False,False,False,False,False,False,False,False,False,False,False,False,False,False,False,False,False,False,False,False,False,False,False,False
dd9b0c9710fd270123600531e17f3287ab6c9403,v2-form-workload-blend,d113ff8057aa6718889feec83e2ade33486769ad87a8f3bd5608b9bfc38eda08,2026-09-18T10:40:22.090068+00:00,171270,288,Kieran,Dowell,Dowell,88,Hull City,HUL,Midfielder,a,False,4.5,0.3,0.091,0.0949,0.091,0.0949,0.0806,1.0,1.0,1.0,1.0,1.0,0.0,0.0,0.0,0.0,0.0,23.663442768136573,0.0,3.0,0.0,0.0,,0.0,,,,,,,,0.3639,0.0809,high,0.8,0.8,4,0,0,0.0,0.0,0.0,5-GW avg pts 0.00; mins 0; xGI 0.00; current GWs 4; fixture Elo diff -253,False,False,False,False,False,False,False,False,False,False,False,False,False,False,False,False,False,False,False,False,False,False,False,False,False,False,False,False,False,False,False,False
dd9b0c9710fd270123600531e17f3287ab6c9403,v2-form-workload-blend,d113ff8057aa6718889feec83e2ade33486769ad87a8f3bd5608b9bfc38eda08,2026-09-18T10:40:22.090068+00:00,553783,294,Óscar,Zambrano,Zambrano,88,Hull City,HUL,Midfielder,a,False,4.5,0.1,0.091,0.0949,0.091,0.0949,0.0806,1.0,1.0,1.0,1.0,1.0,0.0,0.0,0.0,0.0,0.0,,0.0,0.0,0.0,0.0,,0.0,,,,,,,,0.3639,0.0809,high,0.8,0.8,4,0,0,0.0,0.0,0.0,5-GW avg pts 0.00; mins 0; xGI 0.00; current GWs 4; fixture Elo diff -253,False,False,False,False,False,False,False,False,False,False,False,False,False,False,False,False,False,False,False,False,False,False,False,False,False,False,False,False,False,False,False,False
dd9b0c9710fd270123600531e17f3287ab6c9403,v2-form-workload-blend,d113ff8057aa6718889feec83e2ade33486769ad87a8f3bd5608b9bfc38eda08,2026-09-18T10:40:22.090068+00:00,169593,555,Remi,Matthews,Matthews,31,Crystal Palace,CRY,Goalkeeper,a,False,4.0,1.7,0.091,0.0889,0.091,0.0889,0.091,1.0,1.0,1.0,1.0,1.0,0.0,0.0,0.0,0.0,0.0,61.96552610146991,0.0,1.0,0.0,0.0,,0.0,,,,,,,,0.3606,0.0902,high,1.0,1.0,4,0,0,0.0,0.0,0.0,5-GW avg pts 0.00; mins 0; xGI 0.00; current GWs 4; fixture Elo diff -11,False,False,False,False,False,False,False,False,False,False,False,False,False,False,False,False,False,False,False,False,False,False,False,False,False,False,False,False,False,False,False,False
dd9b0c9710fd270123600531e17f3287ab6c9403,v2-form-workload-blend,d113ff8057aa6718889feec83e2ade33486769ad87a8f3bd5608b9bfc38eda08,2026-09-18T10:40:22.090068+00:00,97846,625,Alex,Cairns,Cairns,2,Leeds,LEE,Goalkeeper,a,False,4.0,0.2,0.0889,0.0853,0.0889,0.0989,0.091,1.0,1.0,1.0,1.0,1.0,0.0,0.0,0.0,0.0,0.0,,0.0,0.0,0.0,0.0,,0.0,,,,,,,,0.3606,0.0901,high,1.0,1.0,3,0,0,0.0,0.0,0.0,5-GW avg pts 0.00; mins 0; xGI 0.00; current GWs 3; fixture Elo diff -81,False,False,False,False,False,False,False,False,False,False,False,False,False,False,False,False,False,False,False,False,False,False,False,False,False,False,False,False,False,False,False,False
dd9b0c9710fd270123600531e17f3287ab6c9403,v2-form-workload-blend,d113ff8057aa6718889feec83e2ade33486769ad87a8f3bd5608b9bfc38eda08,2026-09-18T10:40:22.090068+00:00,556637,134,Nehemiah,Oriola,Oriola,36,Brighton,BHA,Midfielder,a,False,4.5,0.2,0.0832,0.0989,0.0889,0.091,0.0867,1.0,1.0,1.0,1.0,1.0,0.0,0.0,0.0,0.0,0.0,,0.0,0.0,0.0,0.0,,0.0,,,,,,,,0.359,0.0798,high,1.0,1.0,4,0,0,0.0,0.0,0.0,5-GW avg pts 0.00; mins 0; xGI 0.00; current GWs 4; fixture Elo diff -55,False,False,False,False,False,False,False,False,False,False,False,False,False,False,False,False,False,False,False,False,False,False,False,False,False,False,False,False,False,False,False,False
dd9b0c9710fd270123600531e17f3287ab6c9403,v2-form-workload-blend,d113ff8057aa6718889feec83e2ade33486769ad87a8f3bd5608b9bfc38eda08,2026-09-18T10:40:22.090068+00:00,50093,302,David,Button,Button,40,Ipswich Town,IPS,Goalkeeper,a,False,4.0,0.6,0.091,0.0949,0.0867,0.0949,0.0767,1.0,1.0,1.0,1.0,1.0,0.0,0.0,0.0,0.0,0.0,,0.0,0.0,0.0,0.0,,0.0,,,,,,,,0.3581,0.0895,high,0.8,0.8,4,0,0,0.0,0.0,0.0,5-GW avg pts 0.00; mins 0; xGI 0.00; current GWs 4; fixture Elo diff -148,False,False,False,False,False,False,False,False,False,False,False,False,False,False,False,False,False,False,False,False,False,False,False,False,False,False,False,False,False,False,False,False
dd9b0c9710fd270123600531e17f3287ab6c9403,v2-form-workload-blend,d113ff8057aa6718889feec83e2ade33486769ad87a8f3bd5608b9bfc38eda08,2026-09-18T10:40:22.090068+00:00,112520,301,Alex,Palmer,Palmer,40,Ipswich Town,IPS,Goalkeeper,a,False,4.0,4.0,0.091,0.0949,0.0867,0.0949,0.0767,1.0,1.0,1.0,1.0,1.0,0.0,0.0,0.0,0.0,0.0,44.663442768136576,0.0,1.0,0.0,0.0,,0.0,,,,,,,,0.3581,0.0895,high,0.8,0.8,4,0,0,0.0,0.0,0.0,5-GW avg pts 0.00; mins 0; xGI 0.00; current GWs 4; fixture Elo diff -148,False,False,False,False,False,False,False,False,False,False,False,False,False,False,False,False,False,False,False,False,False,False,False,False,False,False,False,False,False,False,False,False
dd9b0c9710fd270123600531e17f3287ab6c9403,v2-form-workload-blend,d113ff8057aa6718889feec83e2ade33486769ad87a8f3bd5608b9bfc38eda08,2026-09-18T10:40:22.090068+00:00,570241,92,Kim,Ji-soo,Ji-soo,94,Brentford,BRE,Defender,a,False,4.5,0.0,0.0908,0.0928,0.0908,0.0805,0.0908,1.0,1.0,1.0,1.0,1.0,0.0,0.0,0.0,0.0,0.0,,0.0,0.0,0.0,0.0,,0.0,,,,,,,,0.3578,0.0795,high,1.0,1.0,4,0,0,0.0,0.0,0.0,5-GW avg pts 0.00; mins 0; xGI 0.00; current GWs 4; fixture Elo diff +33,False,False,False,False,False,False,False,False,False,False,False,False,False,False,False,False,False,False,False,False,False,False,False,False,False,False,False,False,False,False,False,False
dd9b0c9710fd270123600531e17f3287ab6c9403,v2-form-workload-blend,d113ff8057aa6718889feec83e2ade33486769ad87a8f3bd5608b9bfc38eda08,2026-09-18T10:40:22.090068+00:00,645618,50,Bradley,Burrowes,Burrowes,7,Aston Villa,AVL,Midfielder,a,False,4.5,0.6,0.091,0.0889,0.091,0.0846,0.0889,1.0,1.0,1.0,1.0,1.0,0.0,0.0,0.0,0.0,0.0,41.944692768136576,0.0,2.0,0.0,0.0,,0.0,,,,,,,,0.3564,0.0792,high,1.0,1.0,4,0,0,0.0,0.0,0.0,5-GW avg pts 0.00; mins 0; xGI 0.00; current GWs 4; fixture Elo diff +74,False,False,False,False,False,False,False,False,False,False,False,False,False,False,False,False,False,False,False,False,False,False,False,False,False,False,False,False,False,False,False,False
dd9b0c9710fd270123600531e17f3287ab6c9403,v2-form-workload-blend,d113ff8057aa6718889feec83e2ade33486769ad87a8f3bd5608b9bfc38eda08,2026-09-18T10:40:22.090068+00:00,122074,386,Marcus,Bettinelli,Bettinelli,43,Man City,MCI,Goalkeeper,a,False,4.5,0.0,0.0968,0.091,0.0746,0.091,0.0889,1.0,1.0,1.0,1.0,1.0,0.0,0.0,0.0,0.0,0.0,,0.0,0.0,0.0,0.0,,0.0,,,,,,,,0.3554,0.079,high,1.0,1.0,4,0,0,0.0,0.0,0.0,5-GW avg pts 0.00; mins 0; xGI 0.00; current GWs 4; fixture Elo diff +161,False,False,False,False,False,False,False,False,False,False,False,False,False,False,False,False,False,False,False,False,False,False,False,False,False,False,False,False,False,False,False,False
dd9b0c9710fd270123600531e17f3287ab6c9403,v2-form-workload-blend,d113ff8057aa6718889feec83e2ade33486769ad87a8f3bd5608b9bfc38eda08,2026-09-18T10:40:22.090068+00:00,428971,590,Steven,Benda,Benda,17,Nott'm Forest,NFO,Goalkeeper,a,False,4.5,0.1,0.0967,0.091,0.0832,0.0767,0.091,1.0,1.0,1.0,1.0,1.0,0.0,0.0,0.0,0.0,0.0,,0.0,0.0,0.0,0.0,,0.0,,,,,,,,0.3534,0.0785,high,1.0,1.0,4,0,0,0.0,0.0,0.0,5-GW avg pts 0.00; mins 0; xGI 0.00; current GWs 4; fixture Elo diff +21,False,False,False,False,False,False,False,False,False,False,False,False,False,False,False,False,False,False,False,False,False,False,False,False,False,False,False,False,False,False,False,False
dd9b0c9710fd270123600531e17f3287ab6c9403,v2-form-workload-blend,d113ff8057aa6718889feec83e2ade33486769ad87a8f3bd5608b9bfc38eda08,2026-09-18T10:40:22.090068+00:00,500058,382,Jayden,Danns,Danns,14,Liverpool,LIV,Forward,a,False,4.5,0.2,0.091,0.0846,0.091,0.0889,0.0832,1.0,1.0,1.0,1.0,1.0,0.0,0.0,0.0,0.0,0.0,,0.0,0.0,0.0,0.0,,0.0,,,,,,,,0.3521,0.0782,high,1.0,1.0,4,0,0,0.0,0.0,0.0,5-GW avg pts 0.00; mins 0; xGI 0.00; current GWs 4; fixture Elo diff -6,False,False,False,False,False,False,False,False,False,False,False,False,False,False,False,False,False,False,False,False,False,False,False,False,False,False,False,False,False,False,False,False
dd9b0c9710fd270123600531e17f3287ab6c9403,v2-form-workload-blend,d113ff8057aa6718889feec83e2ade33486769ad87a8f3bd5608b9bfc38eda08,2026-09-18T10:40:22.090068+00:00,616069,626,Macaulay,Zepa,Zepa,54,Fulham,FUL,Midfielder,a,False,4.5,0.3,0.0949,0.0767,0.0806,0.0987,0.091,1.0,1.0,1.0,1.0,1.0,0.0,0.0,0.0,0.0,0.0,21.65302610146991,0.0,1.0,0.0,0.0,,0.0,,,,,,,,0.352,0.0782,medium,0.6,0.6,3,0,0,0.0,0.0,0.0,5-GW avg pts 0.00; mins 0; xGI 0.00; current GWs 3; fixture Elo diff +79,False,False,False,False,False,False,False,False,False,False,False,False,False,False,False,False,False,False,False,False,False,False,False,False,False,False,False,False,False,False,False,False
dd9b0c9710fd270123600531e17f3287ab6c9403,v2-form-workload-blend,d113ff8057aa6718889feec83e2ade33486769ad87a8f3bd5608b9bfc38eda08,2026-09-18T10:40:22.090068+00:00,81441,443,Mark,Gillespie,Gillespie,4,Newcastle,NEW,Goalkeeper,a,False,4.5,0.0,0.0746,0.0987,0.0889,0.091,0.0889,1.0,1.0,1.0,1.0,1.0,0.0,0.0,0.0,0.0,0.0,,0.0,0.0,0.0,0.0,,0.0,,,,,,,,0.3517,0.0781,high,1.0,1.0,4,0,0,0.0,0.0,0.0,5-GW avg pts 0.00; mins 0; xGI 0.00; current GWs 4; fixture Elo diff +93,False,False,False,False,False,False,False,False,False,False,False,False,False,False,False,False,False,False,False,False,False,False,False,False,False,False,False,False,False,False,False,False
dd9b0c9710fd270123600531e17f3287ab6c9403,v2-form-workload-blend,d113ff8057aa6718889feec83e2ade33486769ad87a8f3bd5608b9bfc38eda08,2026-09-18T10:40:22.090068+00:00,626464,657,Gustavo,Nunes Fernandes Gomes,Nunes,94,Brentford,BRE,Midfielder,a,False,4.5,0.0,0.0889,0.091,0.0889,0.0767,0.0889,1.0,1.0,1.0,1.0,1.0,0.0,0.0,0.0,0.0,0.0,,0.0,0.0,0.0,0.0,,0.0,,,,,,,,0.349,0.0775,high,1.0,1.0,1,0,0,0.0,0.0,1.1,5-GW avg pts 0.00; mins 0; xGI 0.00; current GWs 1; fixture Elo diff +33,False,False,False,False,False,False,False,False,False,False,False,False,False,False,False,False,False,False,False,False,False,False,False,False,False,False,False,False,False,False,False,False
dd9b0c9710fd270123600531e17f3287ab6c9403,v2-form-workload-blend,d113ff8057aa6718889feec83e2ade33486769ad87a8f3bd5608b9bfc38eda08,2026-09-18T10:40:22.090068+00:00,629068,654,Braiden,Graham,Graham,11,Everton,EVE,Midfielder,a,False,4.5,0.1,0.0806,0.0767,0.0949,0.0853,0.091,1.0,1.0,1.0,1.0,1.0,0.0,0.0,0.0,0.0,0.0,,0.0,0.0,0.0,0.0,,0.0,,,,,,,,0.3397,0.0755,high,1.0,1.0,2,0,0,0.0,0.0,0.0,5-GW avg pts 0.00; mins 0; xGI 0.00; current GWs 2; fixture Elo diff +22,False,False,False,False,False,False,False,False,False,False,False,False,False,False,False,False,False,False,False,False,False,False,False,False,False,False,False,False,False,False,False,False
dd9b0c9710fd270123600531e17f3287ab6c9403,v2-form-workload-blend,d113ff8057aa6718889feec83e2ade33486769ad87a8f3bd5608b9bfc38eda08,2026-09-18T10:40:22.090068+00:00,138001,228,Tom,King,King,11,Everton,EVE,Goalkeeper,a,False,4.5,0.0,0.0746,0.0767,0.0889,0.0853,0.091,1.0,1.0,1.0,1.0,1.0,0.0,0.0,0.0,0.0,0.0,40.819692768136576,0.0,1.0,0.0,0.0,,0.0,,,,,,,,0.329,0.0731,high,1.0,1.0,4,0,0,0.0,0.0,0.0,5-GW avg pts 0.00; mins 0; xGI 0.00; current GWs 4; fixture Elo diff +22,False,False,False,False,False,False,False,False,False,False,False,False,False,False,False,False,False,False,False,False,False,False,False,False,False,False,False,False,False,False,False,False
dd9b0c9710fd270123600531e17f3287ab6c9403,v2-form-workload-blend,d113ff8057aa6718889feec83e2ade33486769ad87a8f3bd5608b9bfc38eda08,2026-09-18T10:40:22.090068+00:00,445028,563,Hidemasa,Morita,Morita,88,Hull City,HUL,Midfielder,i,False,5.0,0.0,0.0,0.1011,0.0998,0.1011,0.0983,0.0,0.3492063492063492,0.3492063492063492,0.3492063492063492,0.3492063492063492,0.0,0.0,0.0,0.0,0.0,19.86135943480324,0.0,2.0,0.25,0.0,45.0,45.0,,,,,,,,0.3006,0.0601,high,0.8,0.8,4,0,0,0.0,0.0,0.0,5-GW avg pts 0.25; mins 11; xGI 0.00; current GWs 4; fixture Elo diff -253,False,False,False,False,False,False,False,False,False,False,False,False,False,False,False,False,False,False,False,False,False,False,False,False,False,False,False,False,False,False,False,False
dd9b0c9710fd270123600531e17f3287ab6c9403,v2-form-workload-blend,d113ff8057aa6718889feec83e2ade33486769ad87a8f3bd5608b9bfc38eda08,2026-09-18T10:40:22.090068+00:00,231747,223,Jean-Philippe,Mateta,Mateta,31,Crystal Palace,CRY,Forward,i,False,6.3,1.4,0.0,0.0815,0.0817,0.0815,0.0817,0.0,0.3492063492063492,0.3492063492063492,0.3492063492063492,0.3492063492063492,0.0,0.0,0.0,0.0,0.0,26.861359434803244,0.0,1.0,0.4,0.2,37.5,313.0,0.5894568690095845,0.023003194888178913,4.02555910543131,0.0,1.0,,,0.2449,0.0389,high,1.0,1.0,4,0,0,0.0,0.0,0.0,5-GW avg pts 1.60; mins 15; xGI 0.22; current GWs 4; fixture Elo diff -11,False,False,False,False,False,False,False,False,False,False,False,False,False,False,False,False,False,False,False,False,False,False,False,False,False,False,False,False,False,False,False,False
dd9b0c9710fd270123600531e17f3287ab6c9403,v2-form-workload-blend,d113ff8057aa6718889feec83e2ade33486769ad87a8f3bd5608b9bfc38eda08,2026-09-18T10:40:22.090068+00:00,248875,400,Jérémy,Doku,Doku,43,Man City,MCI,Midfielder,i,False,7.4,0.7,0.0,0.0807,0.0773,0.0807,0.0827,0.0,0.3492063492063492,0.3492063492063492,0.3492063492063492,0.3492063492063492,0.0,0.0,0.0,0.0,0.0,32.86135943480324,0.0,1.0,0.2,0.0,13.0,476.0,0.15315126050420166,0.23256302521008412,6.428571428571429,0.0,3.0,,,0.2406,0.0325,high,1.0,1.0,4,0,0,0.0,0.0,0.0,5-GW avg pts 0.20; mins 3; xGI 0.02; current GWs 4; fixture Elo diff +161,False,False,False,False,False,False,False,False,False,False,False,False,False,False,False,False,False,False,False,False,False,False,False,False,False,False,False,False,False,False,False,False
dd9b0c9710fd270123600531e17f3287ab6c9403,v2-form-workload-blend,d113ff8057aa6718889feec83e2ade33486769ad87a8f3bd5608b9bfc38eda08,2026-09-18T10:40:22.090068+00:00,532529,123,Jack,Hinshelwood,Hinshelwood,36,Brighton,BHA,Midfielder,i,False,5.9,0.7,0.0,0.0801,0.0849,0.0773,0.0763,0.0,0.3492063492063492,0.3492063492063492,0.3492063492063492,0.3492063492063492,0.0,0.0,0.0,0.0,0.0,25.90302610146991,0.0,3.0,0.4,0.4,68.0,555.0,0.5967567567567569,0.0778378378378378,3.081081081081081,0.0,,,,0.24,0.0407,high,1.0,1.0,4,0,0,0.0,0.0,0.0,5-GW avg pts 3.60; mins 27; xGI 0.29; current GWs 4; fixture Elo diff -55,False,False,False,False,False,False,False,False,False,False,False,False,False,False,False,False,False,False,False,False,False,False,False,False,False,False,False,False,False,False,False,False
dd9b0c9710fd270123600531e17f3287ab6c9403,v2-form-workload-blend,d113ff8057aa6718889feec83e2ade33486769ad87a8f3bd5608b9bfc38eda08,2026-09-18T10:40:22.090068+00:00,700308,135,Zadok,Yohanna,Yohanna,36,Brighton,BHA,Midfielder,i,False,4.9,0.0,0.0,0.0783,0.0769,0.0755,0.0756,0.0,0.3492063492063492,0.3492063492063492,0.3492063492063492,0.3492063492063492,0.0,0.0,0.0,0.0,0.0,25.90302610146991,0.0,3.0,0.25,0.0,12.0,12.0,,,,,,,,0.2302,0.047,high,0.8,0.8,4,0,0,0.0,0.0,0.0,5-GW avg pts 0.25; mins 3; xGI 0.01; current GWs 4; fixture Elo diff -55,False,False,False,False,False,False,False,False,False,False,False,False,False,False,False,False,False,False,False,False,False,False,False,False,False,False,False,False,False,False,False,False
dd9b0c9710fd270123600531e17f3287ab6c9403,v2-form-workload-blend,d113ff8057aa6718889feec83e2ade33486769ad87a8f3bd5608b9bfc38eda08,2026-09-18T10:40:22.090068+00:00,620109,152,Marco,Palestra,Palestra,8,Chelsea,CHE,Defender,d,False,5.3,0.7,0.0475,0.0495,0.0475,0.0505,0.0495,0.5,0.5,0.5,0.5,0.5,0.0,0.0,0.0,0.0,0.0,33.90302610146991,0.0,3.0,0.0,0.0,,0.0,,,,,,,,0.1952,0.0368,high,0.8,0.8,4,0,0,0.0,0.0,0.0,5-GW avg pts 0.00; mins 0; xGI 0.00; current GWs 4; fixture Elo diff -10,False,False,False,False,False,False,False,False,False,False,False,False,False,False,False,False,False,False,False,False,False,False,False,False,False,False,False,False,False,False,False,False
dd9b0c9710fd270123600531e17f3287ab6c9403,v2-form-workload-blend,d113ff8057aa6718889feec83e2ade33486769ad87a8f3bd5608b9bfc38eda08,2026-09-18T10:40:22.090068+00:00,451340,121,Mitoma,Kaoru,Mitoma,36,Brighton,BHA,Midfielder,i,False,5.9,0.0,0.0,0.0615,0.0581,0.0588,0.0588,0.0,0.3492063492063492,0.3492063492063492,0.3492063492063492,0.3492063492063492,0.0,0.0,0.0,0.0,0.0,,0.0,0.0,0.0,0.0,,282.0,0.24574468085106382,0.0861702127659574,7.0212765957446805,0.0,,,,0.1783,0.0302,high,1.0,1.0,4,0,0,0.0,0.0,0.0,5-GW avg pts 0.00; mins 0; xGI 0.00; current GWs 4; fixture Elo diff -55,False,False,False,False,False,False,False,False,False,False,False,False,False,False,False,False,False,False,False,False,False,False,False,False,False,False,False,False,False,False,False,False
dd9b0c9710fd270123600531e17f3287ab6c9403,v2-form-workload-blend,d113ff8057aa6718889feec83e2ade33486769ad87a8f3bd5608b9bfc38eda08,2026-09-18T10:40:22.090068+00:00,172649,198,Dean,Henderson,Henderson,31,Crystal Palace,CRY,Goalkeeper,i,False,5.0,1.5,0.0,0.059,0.0432,0.059,0.0432,0.0,0.3492063492063492,0.3492063492063492,0.3492063492063492,0.3492063492063492,0.0,90.0,0.0,0.0,0.0,12.86135943480324,1.0,4.0,0.8,0.8,90.0,900.0,0.0,0.0009999999999999898,0.0,3.0,,,,0.1549,0.031,high,1.0,1.0,4,0,0,0.0,0.0,0.0,5-GW avg pts 1.40; mins 72; xGI 0.00; current GWs 4; fixture Elo diff -11,False,False,False,False,False,False,False,False,False,False,False,False,False,False,False,False,False,False,False,False,False,False,False,False,False,False,False,False,False,False,False,False
dd9b0c9710fd270123600531e17f3287ab6c9403,v2-form-workload-blend,d113ff8057aa6718889feec83e2ade33486769ad87a8f3bd5608b9bfc38eda08,2026-09-18T10:40:22.090068+00:00,78916,448,Dan,Burn,Burn,4,Newcastle,NEW,Defender,i,False,4.9,0.8,0.0,0.0543,0.05,0.0508,0.05,0.0,0.3492063492063492,0.3492063492063492,0.3492063492063492,0.3492063492063492,0.0,0.0,0.0,0.0,0.0,32.819692768136576,0.0,1.0,0.2,0.2,83.0,384.0,0.16171875,0.009374999999999975,7.734375,0.0,,,,0.1544,0.0315,high,1.0,1.0,4,0,0,0.0,0.0,0.0,5-GW avg pts 0.20; mins 17; xGI 0.00; current GWs 4; fixture Elo diff +93,False,False,False,False,False,False,False,False,False,False,False,False,False,False,False,False,False,False,False,False,False,False,False,False,False,False,False,False,False,False,False,False
dd9b0c9710fd270123600531e17f3287ab6c9403,v2-form-workload-blend,d113ff8057aa6718889feec83e2ade33486769ad87a8f3bd5608b9bfc38eda08,2026-09-18T10:40:22.090068+00:00,535301,131,Carlos,Baleba,Baleba,1,Man Utd,MUN,Midfielder,i,False,4.9,0.1,0.0,0.0507,0.0514,0.0507,0.0514,0.0,0.3492063492063492,0.3492063492063492,0.3492063492063492,0.3492063492063492,0.0,0.0,0.0,0.0,0.0,,0.0,0.0,0.2,0.0,31.0,356.0,0.05561797752808984,0.11123595505617973,13.904494382022472,0.0,,,,0.153,0.0312,high,1.0,1.0,4,0,0,0.0,0.0,0.0,5-GW avg pts 0.20; mins 6; xGI 0.02; current GWs 4; fixture Elo diff +97,False,False,False,False,False,False,False,False,False,False,False,False,False,False,False,False,False,False,False,False,False,False,False,False,False,False,False,False,False,False,False,False
dd9b0c9710fd270123600531e17f3287ab6c9403,v2-form-workload-blend,d113ff8057aa6718889feec83e2ade33486769ad87a8f3bd5608b9bfc38eda08,2026-09-18T10:40:22.090068+00:00,119090,618,Leon,Goretzka,Goretzka,7,Aston Villa,AVL,Midfielder,i,False,5.9,0.0,0.0,0.049,0.0476,0.049,0.049,0.0,0.3492063492063492,0.3492063492063492,0.3492063492063492,0.3492063492063492,0.0,0.0,0.0,0.0,0.0,,0.0,0.0,0.0,0.0,,0.0,,,,,,,,0.1459,0.0247,medium,0.6,0.6,3,0,0,0.0,0.0,0.0,5-GW avg pts 0.00; mins 0; xGI 0.00; current GWs 3; fixture Elo diff +74,False,False,False,False,False,False,False,False,False,False,False,False,False,False,False,False,False,False,False,False,False,False,False,False,False,False,False,False,False,False,False,False
dd9b0c9710fd270123600531e17f3287ab6c9403,v2-form-workload-blend,d113ff8057aa6718889feec83e2ade33486769ad87a8f3bd5608b9bfc38eda08,2026-09-18T10:40:22.090068+00:00,76357,266,Tom,Cairney,Cairney,54,Fulham,FUL,Midfielder,i,False,4.9,0.0,0.0,0.0385,0.0378,0.0634,0.0606,0.0,0.3492063492063492,0.3492063492063492,0.3492063492063492,0.3492063492063492,0.0,0.0,0.0,0.0,0.0,,0.0,0.0,0.2,0.0,30.0,211.0,0.11090047393364925,0.19194312796208532,7.251184834123222,0.0,,,,0.1456,0.0297,high,1.0,1.0,4,0,0,0.0,0.0,0.0,5-GW avg pts 1.20; mins 6; xGI 0.06; current GWs 4; fixture Elo diff +79,False,False,False,False,False,False,False,False,False,False,False,False,False,False,False,False,False,False,False,False,False,False,False,False,False,False,False,False,False,False,False,False
dd9b0c9710fd270123600531e17f3287ab6c9403,v2-form-workload-blend,d113ff8057aa6718889feec83e2ade33486769ad87a8f3bd5608b9bfc38eda08,2026-09-18T10:40:22.090068+00:00,207283,97,Mathias,Jensen,Jensen,94,Brentford,BRE,Midfielder,i,False,5.4,0.1,0.0,0.0561,0.0559,0.0208,0.0559,0.0,0.3492063492063492,0.3492063492063492,0.3492063492063492,0.3492063492063492,0.0,0.0,0.0,0.0,0.0,26.757192768136576,0.0,2.0,0.4,0.4,74.0,570.0,0.03473684210526314,0.3426315789473683,9.473684210526315,0.0,3.0,1.0,2.0,0.1434,0.0265,high,1.0,1.0,4,0,0,0.0,0.0,0.0,5-GW avg pts 1.60; mins 30; xGI 0.13; current GWs 4; fixture Elo diff +33,False,False,False,False,False,False,False,False,False,False,False,False,False,False,False,False,False,False,False,False,False,False,False,False,False,False,False,False,False,False,False,False
dd9b0c9710fd270123600531e17f3287ab6c9403,v2-form-workload-blend,d113ff8057aa6718889feec83e2ade33486769ad87a8f3bd5608b9bfc38eda08,2026-09-18T10:40:22.090068+00:00,554578,444,Ewen,Jaouen,Jaouen,4,Newcastle,NEW,Goalkeeper,d,False,4.5,0.0,0.0276,0.0337,0.0317,0.0297,0.0317,0.5,0.5,0.5,0.5,0.5,0.0,0.0,0.0,0.0,0.0,22.663442768136573,0.0,4.0,0.0,0.0,,0.0,,,,,,,,0.1231,0.0274,high,0.8,0.8,4,0,0,0.0,0.0,0.0,5-GW avg pts 0.00; mins 0; xGI 0.00; current GWs 4; fixture Elo diff +93,False,False,False,False,False,False,False,False,False,False,False,False,False,False,False,False,False,False,False,False,False,False,False,False,False,False,False,False,False,False,False,False
dd9b0c9710fd270123600531e17f3287ab6c9403,v2-form-workload-blend,d113ff8057aa6718889feec83e2ade33486769ad87a8f3bd5608b9bfc38eda08,2026-09-18T10:40:22.090068+00:00,439668,187,Josh,Eccles,Eccles,9,Coventry City,COV,Midfielder,i,False,4.9,0.0,0.0,0.0224,0.021,0.0224,0.0251,0.0,0.3492063492063492,0.3492063492063492,0.3492063492063492,0.3492063492063492,0.0,0.0,0.0,0.0,0.0,23.663442768136573,0.0,1.0,0.0,0.0,,0.0,,,,,,,,0.0676,0.0138,high,0.8,0.8,4,0,0,0.0,0.0,0.0,5-GW avg pts 0.00; mins 0; xGI 0.00; current GWs 4; fixture Elo diff -136,False,False,False,False,False,False,False,False,False,False,False,False,False,False,False,False,False,False,False,False,False,False,False,False,False,False,False,False,False,False,False,False
dd9b0c9710fd270123600531e17f3287ab6c9403,v2-form-workload-blend,d113ff8057aa6718889feec83e2ade33486769ad87a8f3bd5608b9bfc38eda08,2026-09-18T10:40:22.090068+00:00,503037,170,Emmanuel,Emegha,Emegha,8,Chelsea,CHE,Forward,i,False,5.0,0.1,0.0,0.0224,0.021,0.0224,0.0224,0.0,0.3492063492063492,0.3492063492063492,0.3492063492063492,0.3492063492063492,0.0,0.0,0.0,0.0,0.0,,0.0,0.0,0.0,0.0,,0.0,,,,,,,,0.066,0.0132,high,0.8,0.8,4,0,0,0.0,0.0,0.0,5-GW avg pts 0.00; mins 0; xGI 0.00; current GWs 4; fixture Elo diff -10,False,False,False,False,False,False,False,False,False,False,False,False,False,False,False,False,False,False,False,False,False,False,False,False,False,False,False,False,False,False,False,False
dd9b0c9710fd270123600531e17f3287ab6c9403,v2-form-workload-blend,d113ff8057aa6718889feec83e2ade33486769ad87a8f3bd5608b9bfc38eda08,2026-09-18T10:40:22.090068+00:00,486520,344,Ilia,Gruev,Gruev,2,Leeds,LEE,Midfielder,d,False,5.0,0.0,0.015,0.015,0.015,0.0174,0.0155,0.25,0.25,0.25,0.25,0.25,0.0,0.0,0.0,0.0,0.0,,0.0,0.0,0.0,0.0,,12.0,,,,,,,,0.0619,0.0124,high,1.0,1.0,4,0,0,0.0,0.0,0.0,5-GW avg pts 0.00; mins 0; xGI 0.00; current GWs 4; fixture Elo diff -81,False,False,False,False,False,False,False,False,False,False,False,False,False,False,False,False,False,False,False,False,False,False,False,False,False,False,False,False,False,False,False,False
dd9b0c9710fd270123600531e17f3287ab6c9403,v2-form-workload-blend,d113ff8057aa6718889feec83e2ade33486769ad87a8f3bd5608b9bfc38eda08,2026-09-18T10:40:22.090068+00:00,183656,103,Josh,Dasilva,Dasilva,94,Brentford,BRE,Midfielder,i,False,4.9,0.0,0.0,0.0142,0.0135,0.0114,0.0135,0.0,0.3492063492063492,0.3492063492063492,0.3492063492063492,0.3492063492063492,0.0,0.0,0.0,0.0,0.0,,0.0,0.0,0.0,0.0,,2.0,,,,,,,,0.0397,0.0081,high,1.0,1.0,4,0,0,0.0,0.0,0.0,5-GW avg pts 0.00; mins 0; xGI 0.00; current GWs 4; fixture Elo diff +33,False,False,False,False,False,False,False,False,False,False,False,False,False,False,False,False,False,False,False,False,False,False,False,False,False,False,False,False,False,False,False,False
dd9b0c9710fd270123600531e17f3287ab6c9403,v2-form-workload-blend,d113ff8057aa6718889feec83e2ade33486769ad87a8f3bd5608b9bfc38eda08,2026-09-18T10:40:22.090068+00:00,487117,139,Evan,Ferguson,Ferguson,36,Brighton,BHA,Forward,i,False,5.0,0.0,0.0,0.0153,0.0118,0.0125,0.0126,0.0,0.3492063492063492,0.3492063492063492,0.3492063492063492,0.3492063492063492,0.0,0.0,0.0,0.0,0.0,,0.0,0.0,0.0,0.0,,0.0,,,,,,,,0.0395,0.0079,high,1.0,1.0,4,0,0,0.0,0.0,0.0,5-GW avg pts 0.00; mins 0; xGI 0.00; current GWs 4; fixture Elo diff -55,False,False,False,False,False,False,False,False,False,False,False,False,False,False,False,False,False,False,False,False,False,False,False,False,False,False,False,False,False,False,False,False
dd9b0c9710fd270123600531e17f3287ab6c9403,v2-form-workload-blend,d113ff8057aa6718889feec83e2ade33486769ad87a8f3bd5608b9bfc38eda08,2026-09-18T10:40:22.090068+00:00,21205,414,Tom,Heaton,Heaton,1,Man Utd,MUN,Goalkeeper,i,False,4.0,0.1,0.0,0.0,0.0,0.0,0.0,0.0,0.0,0.0,0.0,0.0,0.0,0.0,0.0,0.0,0.0,40.819692768136576,0.0,3.0,0.0,0.0,,0.0,,,,,,,,0.0,0.0,high,1.0,1.0,4,0,0,0.0,0.0,0.0,5-GW avg pts 0.00; mins 0; xGI 0.00; current GWs 4; fixture Elo diff +97,False,False,False,False,False,False,False,False,False,False,False,False,False,False,False,False,False,False,False,False,False,False,False,False,False,False,False,False,False,False,False,False
dd9b0c9710fd270123600531e17f3287ab6c9403,v2-form-workload-blend,d113ff8057aa6718889feec83e2ade33486769ad87a8f3bd5608b9bfc38eda08,2026-09-18T10:40:22.090068+00:00,101188,30,Lucas,Digne,Digne,7,Aston Villa,AVL,Defender,u,True,4.5,0.1,0.0,0.0,0.0,0.0,0.0,0.0,0.0,0.0,0.0,0.0,0.0,0.0,0.0,0.0,0.0,,0.0,0.0,0.0,0.0,,216.0,0.024999999999999998,0.19999999999999996,5.0,0.0,,,,0.0,0.0,excluded,0.0,1.0,4,0,0,0.0,0.0,0.0,Excluded in squad.json; projection forced to zero,False,False,False,False,False,False,False,False,False,False,False,False,False,False,False,False,False,False,False,False,False,False,False,False,False,False,False,False,False,False,False,False
dd9b0c9710fd270123600531e17f3287ab6c9403,v2-form-workload-blend,d113ff8057aa6718889feec83e2ade33486769ad87a8f3bd5608b9bfc38eda08,2026-09-18T10:40:22.090068+00:00,105666,274,Jack,Butland,Butland,88,Hull City,HUL,Goalkeeper,i,False,4.5,0.1,0.0,0.0,0.0,0.0,0.0,0.0,0.0,0.0,0.0,0.0,0.0,0.0,0.0,0.0,0.0,,0.0,0.0,0.0,0.0,,0.0,,,,,,,,0.0,0.0,high,0.8,0.8,4,0,0,0.0,0.0,0.0,5-GW avg pts 0.00; mins 0; xGI 0.00; current GWs 4; fixture Elo diff -253,False,False,False,False,False,False,False,False,False,False,False,False,False,False,False,False,False,False,False,False,False,False,False,False,False,False,False,False,False,False,False,False
dd9b0c9710fd270123600531e17f3287ab6c9403,v2-form-workload-blend,d113ff8057aa6718889feec83e2ade33486769ad87a8f3bd5608b9bfc38eda08,2026-09-18T10:40:22.090068+00:00,105717,540,Arthur,Masuaku,Masuaku,56,Sunderland,SUN,Defender,u,True,4.0,0.1,0.0,0.0,0.0,0.0,0.0,0.0,0.0,0.0,0.0,0.0,0.0,0.0,0.0,0.0,0.0,,0.0,0.0,0.0,0.0,,0.0,,,,,,,,0.0,0.0,excluded,0.0,1.0,4,0,0,0.0,0.0,0.0,Excluded in squad.json; projection forced to zero,False,False,False,False,False,False,False,False,False,False,False,False,False,False,False,False,False,False,False,False,False,False,False,False,False,False,False,False,False,False,False,False
dd9b0c9710fd270123600531e17f3287ab6c9403,v2-form-workload-blend,d113ff8057aa6718889feec83e2ade33486769ad87a8f3bd5608b9bfc38eda08,2026-09-18T10:40:22.090068+00:00,128295,21,Christian,Nørgaard,Nørgaard,11,Everton,EVE,Midfielder,i,False,4.9,0.0,0.0,0.0,0.0,0.0,0.0,0.0,0.0,0.0,0.0,0.0,0.0,0.0,0.0,0.0,0.0,,0.0,0.0,0.2,0.0,45.0,45.0,,,,,,,,0.0,0.0,high,1.0,1.0,4,0,0,0.0,0.0,0.0,5-GW avg pts 0.20; mins 9; xGI 0.01; current GWs 4; fixture Elo diff +22,False,False,False,False,False,False,False,False,False,False,False,False,False,False,False,False,False,False,False,False,False,False,False,False,False,False,False,False,False,False,False,False
dd9b0c9710fd270123600531e17f3287ab6c9403,v2-form-workload-blend,d113ff8057aa6718889feec83e2ade33486769ad87a8f3bd5608b9bfc38eda08,2026-09-18T10:40:22.090068+00:00,149929,311,Wes,Burns,Burns,40,Ipswich Town,IPS,Midfielder,u,True,5.0,0.0,0.0,0.0,0.0,0.0,0.0,0.0,0.0,0.0,0.0,0.0,0.0,0.0,0.0,0.0,0.0,23.663442768136573,0.0,1.0,0.0,0.0,,0.0,,,,,,,,0.0,0.0,excluded,0.0,0.8,4,0,0,0.0,0.0,0.0,Excluded in squad.json; projection forced to zero,False,False,False,False,False,False,False,False,False,False,False,False,False,False,False,False,False,False,False,False,False,False,False,False,False,False,False,False,False,False,False,False
dd9b0c9710fd270123600531e17f3287ab6c9403,v2-form-workload-blend,d113ff8057aa6718889feec83e2ade33486769ad87a8f3bd5608b9bfc38eda08,2026-09-18T10:40:22.090068+00:00,155405,408,Kalvin,Phillips,Phillips,43,Man City,MCI,Midfielder,u,True,5.0,0.0,0.0,0.0,0.0,0.0,0.0,0.0,0.0,0.0,0.0,0.0,0.0,0.0,0.0,0.0,0.0,,0.0,0.0,0.0,0.0,,0.0,,,,,,,,0.0,0.0,excluded,0.0,1.0,4,0,0,0.0,0.0,0.0,Excluded in squad.json; projection forced to zero,False,False,False,False,False,False,False,False,False,False,False,False,False,False,False,False,False,False,False,False,False,False,False,False,False,False,False,False,False,False,False,False
dd9b0c9710fd270123600531e17f3287ab6c9403,v2-form-workload-blend,d113ff8057aa6718889feec83e2ade33486769ad87a8f3bd5608b9bfc38eda08,2026-09-18T10:40:22.090068+00:00,168636,80,Enes,Ünal,Enes Ünal,91,Bournemouth,BOU,Forward,u,True,5.5,0.0,0.0,0.0,0.0,0.0,0.0,0.0,0.0,0.0,0.0,0.0,0.0,0.0,0.0,0.0,0.0,40.65302610146991,0.0,1.0,0.2,0.0,17.0,40.0,,,,,,,,0.0,0.0,excluded,0.0,1.0,4,0,0,0.0,0.0,0.0,Excluded in squad.json; projection forced to zero,False,False,False,False,False,False,False,False,False,False,False,False,False,False,False,False,False,False,False,False,False,False,False,False,False,False,False,False,False,False,False,False
dd9b0c9710fd270123600531e17f3287ab6c9403,v2-form-workload-blend,d113ff8057aa6718889feec83e2ade33486769ad87a8f3bd5608b9bfc38eda08,2026-09-18T10:40:22.090068+00:00,172453,319,Sam,Szmodics,Szmodics,40,Ipswich Town,IPS,Midfielder,u,True,5.0,0.0,0.0,0.0,0.0,0.0,0.0,0.0,0.0,0.0,0.0,0.0,0.0,0.0,0.0,0.0,0.0,,0.0,0.0,0.0,0.0,,0.0,,,,,,,,0.0,0.0,excluded,0.0,0.8,4,0,0,0.0,0.0,0.0,Excluded in squad.json; projection forced to zero,False,False,False,False,False,False,False,False,False,False,False,False,False,False,False,False,False,False,False,False,False,False,False,False,False,False,False,False,False,False,False,False
dd9b0c9710fd270123600531e17f3287ab6c9403,v2-form-workload-blend,d113ff8057aa6718889feec83e2ade33486769ad87a8f3bd5608b9bfc38eda08,2026-09-18T10:40:22.090068+00:00,176412,193,Haji,Wright,Wright,9,Coventry City,COV,Forward,i,False,5.4,0.1,0.0,0.0,0.0,0.0,0.0,0.0,0.0,0.0,0.0,0.0,0.0,0.0,0.0,0.0,0.0,,0.0,0.0,0.0,0.0,,0.0,,,,,1.0,,,0.0,0.0,high,0.8,0.8,4,0,0,0.0,0.0,0.0,5-GW avg pts 0.00; mins 0; xGI 0.00; current GWs 4; fixture Elo diff -136,False,False,False,False,False,False,False,False,False,False,False,False,False,False,False,False,False,False,False,False,False,False,False,False,False,False,False,False,False,False,False,False
dd9b0c9710fd270123600531e17f3287ab6c9403,v2-form-workload-blend,d113ff8057aa6718889feec83e2ade33486769ad87a8f3bd5608b9bfc38eda08,2026-09-18T10:40:22.090068+00:00,178301,55,Ollie,Watkins,Watkins,7,Aston Villa,AVL,Forward,u,True,7.8,2.7,0.0,0.0,0.0,0.0,0.0,0.0,0.0,0.0,0.0,0.0,0.0,0.0,0.0,0.0,0.0,,0.0,0.0,0.2,0.2,90.0,458.0,0.8901746724890832,0.023580786026200812,2.3580786026200875,0.0,,,,0.0,0.0,excluded,0.0,1.0,4,0,0,0.0,0.0,0.0,Excluded in squad.json; projection forced to zero,False,False,False,False,False,False,False,False,False,False,False,False,False,False,False,False,False,False,False,False,False,False,False,False,False,False,False,False,False,False,False,False
dd9b0c9710fd270123600531e17f3287ab6c9403,v2-form-workload-blend,d113ff8057aa6718889feec83e2ade33486769ad87a8f3bd5608b9bfc38eda08,2026-09-18T10:40:22.090068+00:00,180736,143,Trevoh,Chalobah,Chalobah,8,Chelsea,CHE,Defender,u,True,5.5,0.1,0.0,0.0,0.0,0.0,0.0,0.0,0.0,0.0,0.0,0.0,0.0,0.0,0.0,0.0,0.0,,0.0,0.0,0.2,0.0,25.0,230.0,0.054782608695652074,0.00782608695652175,6.260869565217392,0.0,,,,0.0,0.0,excluded,0.0,1.0,4,0,0,0.0,0.0,0.0,Excluded in squad.json; projection forced to zero,False,False,False,False,False,False,False,False,False,False,False,False,False,False,False,False,False,False,False,False,False,False,False,False,False,False,False,False,False,False,False,False
dd9b0c9710fd270123600531e17f3287ab6c9403,v2-form-workload-blend,d113ff8057aa6718889feec83e2ade33486769ad87a8f3bd5608b9bfc38eda08,2026-09-18T10:40:22.090068+00:00,180974,458,Joelinton Cássio,Apolinário de Lira,Joelinton,4,Newcastle,NEW,Midfielder,i,False,5.4,0.0,0.0,0.0,0.0,0.0,0.0,0.0,0.0,0.0,0.0,0.0,0.0,0.0,0.0,0.0,0.0,36.76760943480324,0.0,2.0,0.0,0.0,,180.0,0.13499999999999995,0.10000000000000006,12.0,0.0,,,,0.0,0.0,high,1.0,1.0,4,0,0,0.0,0.0,0.0,5-GW avg pts 0.00; mins 0; xGI 0.00; current GWs 4; fixture Elo diff +93,False,False,False,False,False,False,False,False,False,False,False,False,False,False,False,False,False,False,False,False,False,False,False,False,False,False,False,False,False,False,False,False
dd9b0c9710fd270123600531e17f3287ab6c9403,v2-form-workload-blend,d113ff8057aa6718889feec83e2ade33486769ad87a8f3bd5608b9bfc38eda08,2026-09-18T10:40:22.090068+00:00,184254,494,Guglielmo,Vicario,Vicario,6,Spurs,TOT,Goalkeeper,u,True,4.5,0.1,0.0,0.0,0.0,0.0,0.0,0.0,0.0,0.0,0.0,0.0,0.0,0.0,0.0,0.0,0.0,,0.0,0.0,0.0,0.0,,0.0,,,,,,,,0.0,0.0,excluded,0.0,1.0,4,0,0,0.0,0.0,0.0,Excluded in squad.json; projection forced to zero,False,False,False,False,False,False,False,False,False,False,False,False,False,False,False,False,False,False,False,False,False,False,False,False,False,False,False,False,False,False,False,False
dd9b0c9710fd270123600531e17f3287ab6c9403,v2-form-workload-blend,d113ff8057aa6718889feec83e2ade33486769ad87a8f3bd5608b9bfc38eda08,2026-09-18T10:40:22.090068+00:00,200641,24,Reiss,Nelson,Nelson,3,Arsenal,ARS,Midfielder,u,True,5.5,0.0,0.0,0.0,0.0,0.0,0.0,0.0,0.0,0.0,0.0,0.0,0.0,0.0,0.0,0.0,0.0,43.663442768136576,0.0,2.0,0.2,0.0,1.0,18.0,,,,,,,,0.0,0.0,excluded,0.0,1.0,4,0,0,0.0,0.0,0.0,Excluded in squad.json; projection forced to zero,False,False,False,False,False,False,False,False,False,False,False,False,False,False,False,False,False,False,False,False,False,False,False,False,False,False,False,False,False,False,False,False
dd9b0c9710fd270123600531e17f3287ab6c9403,v2-form-workload-blend,d113ff8057aa6718889feec83e2ade33486769ad87a8f3bd5608b9bfc38eda08,2026-09-18T10:40:22.090068+00:00,201595,326,Lucas Estella,Perri,Perri,2,Leeds,LEE,Goalkeeper,u,False,4.5,0.3,0.0,0.0,0.0,0.0,0.0,0.0,0.0,0.0,0.0,0.0,0.0,0.0,0.0,0.0,0.0,,0.0,0.0,0.0,0.0,,0.0,,,,,,,,0.0,0.0,high,1.0,1.0,4,0,0,0.0,0.0,0.0,5-GW avg pts 0.00; mins 0; xGI 0.00; current GWs 4; fixture Elo diff -81,False,False,False,False,False,False,False,False,False,False,False,False,False,False,False,False,False,False,False,False,False,False,False,False,False,False,False,False,False,False,False,False
dd9b0c9710fd270123600531e17f3287ab6c9403,v2-form-workload-blend,d113ff8057aa6718889feec83e2ade33486769ad87a8f3bd5608b9bfc38eda08,2026-09-18T10:40:22.090068+00:00,204822,476,Omar,Richards,O.Richards,17,Nott'm Forest,NFO,Defender,a,True,4.0,0.2,0.0,0.0,0.0,0.0,0.0,1.0,1.0,1.0,1.0,1.0,0.0,0.0,0.0,0.0,0.0,,0.0,0.0,0.0,0.0,,0.0,,,,,,,,0.0,0.0,excluded,0.0,1.0,4,0,0,0.0,0.0,0.0,Excluded in squad.json; projection forced to zero,False,False,False,False,False,False,False,False,False,False,False,False,False,False,False,False,False,False,False,False,False,False,False,False,False,False,False,False,False,False,False,False
dd9b0c9710fd270123600531e17f3287ab6c9403,v2-form-workload-blend,d113ff8057aa6718889feec83e2ade33486769ad87a8f3bd5608b9bfc38eda08,2026-09-18T10:40:22.090068+00:00,205651,27,Gabriel,Fernando de Jesus,G.Jesus,3,Arsenal,ARS,Forward,u,False,5.9,0.2,0.0,0.0,0.0,0.0,0.0,0.0,0.0,0.0,0.0,0.0,0.0,0.0,0.0,0.0,0.0,36.67385943480324,0.0,4.0,0.2,0.2,74.0,100.0,,,,,,,,0.0,0.0,high,1.0,1.0,4,0,0,0.0,0.0,0.0,5-GW avg pts 1.00; mins 15; xGI 0.18; current GWs 4; fixture Elo diff +229,False,False,False,False,False,False,False,False,False,False,False,False,False,False,False,False,False,False,False,False,False,False,False,False,False,False,False,False,False,False,False,False
dd9b0c9710fd270123600531e17f3287ab6c9403,v2-form-workload-blend,d113ff8057aa6718889feec83e2ade33486769ad87a8f3bd5608b9bfc38eda08,2026-09-18T10:40:22.090068+00:00,206915,373,Curtis,Jones,C.Jones,14,Liverpool,LIV,Midfielder,u,False,5.5,0.0,0.0,0.0,0.0,0.0,0.0,0.0,0.0,0.0,0.0,0.0,0.0,0.0,0.0,0.0,0.0,46.61135943480324,0.0,3.0,0.2,0.2,90.0,536.0,0.12089552238805967,0.06716417910447756,13.264925373134329,0.0,,,,0.0,0.0,high,1.0,1.0,4,0,0,0.0,0.0,0.0,5-GW avg pts 2.00; mins 18; xGI 0.14; current GWs 4; fixture Elo diff -6,False,False,False,False,False,False,False,False,False,False,False,False,False,False,False,False,False,False,False,False,False,False,False,False,False,False,False,False,False,False,False,False
dd9b0c9710fd270123600531e17f3287ab6c9403,v2-form-workload-blend,d113ff8057aa6718889feec83e2ade33486769ad87a8f3bd5608b9bfc38eda08,2026-09-18T10:40:22.090068+00:00,209365,416,Matthijs,de Ligt,De Ligt,1,Man Utd,MUN,Defender,i,False,5.0,0.0,0.0,0.0,0.0,0.0,0.0,0.0,0.0,0.0,0.0,0.0,0.0,0.0,0.0,0.0,0.0,,0.0,0.0,0.0,0.0,,0.0,,,,,,,,0.0,0.0,high,1.0,1.0,4,0,0,0.0,0.0,0.0,5-GW avg pts 0.00; mins 0; xGI 0.00; current GWs 4; fixture Elo diff +97,False,False,False,False,False,False,False,False,False,False,False,False,False,False,False,False,False,False,False,False,False,False,False,False,False,False,False,False,False,False,False,False
dd9b0c9710fd270123600531e17f3287ab6c9403,v2-form-workload-blend,d113ff8057aa6718889feec83e2ade33486769ad87a8f3bd5608b9bfc38eda08,2026-09-18T10:40:22.090068+00:00,212319,527,Richarlison,de Andrade,Richarlison,6,Spurs,TOT,Forward,u,False,5.9,0.7,0.0,0.0,0.0,0.0,0.0,0.0,0.0,0.0,0.0,0.0,0.0,0.0,0.0,0.0,0.0,26.757192768136576,0.0,4.0,0.4,0.4,69.5,459.0,0.4176470588235296,0.03725490196078428,5.098039215686274,0.0,,,,0.0,0.0,high,1.0,1.0,4,0,0,0.0,0.0,0.0,5-GW avg pts 0.80; mins 28; xGI 0.03; current GWs 4; fixture Elo diff -49,False,False,False,False,False,False,False,False,False,False,False,False,False,False,False,False,False,False,False,False,False,False,False,False,False,False,False,False,False,False,False,False
dd9b0c9710fd270123600531e17f3287ab6c9403,v2-form-workload-blend,d113ff8057aa6718889feec83e2ade33486769ad87a8f3bd5608b9bfc38eda08,2026-09-18T10:40:22.090068+00:00,213292,296,David,Akintola,Akintola,88,Hull City,HUL,Midfielder,u,False,5.0,0.0,0.0,0.0,0.0,0.0,0.0,0.0,0.0,0.0,0.0,0.0,0.0,0.0,0.0,0.0,0.0,23.663442768136573,0.0,1.0,0.0,0.0,,0.0,,,,,,,,0.0,0.0,high,0.8,0.8,4,0,0,0.0,0.0,0.0,5-GW avg pts 0.00; mins 0; xGI 0.00; current GWs 4; fixture Elo diff -253,False,False,False,False,False,False,False,False,False,False,False,False,False,False,False,False,False,False,False,False,False,False,False,False,False,False,False,False,False,False,False,False
dd9b0c9710fd270123600531e17f3287ab6c9403,v2-form-workload-blend,d113ff8057aa6718889feec83e2ade33486769ad87a8f3bd5608b9bfc38eda08,2026-09-18T10:40:22.090068+00:00,214225,329,Joe,Rodon,Rodon,2,Leeds,LEE,Defender,i,False,4.4,1.0,0.0,0.0,0.0,0.0,0.0,0.0,0.0,0.0,0.0,0.0,0.0,0.0,0.0,0.0,0.0,18.90302610146991,0.0,7.0,0.6,0.4,71.0,529.0,0.03913043478260867,0.03742911153119091,7.485822306238186,0.0,,,,0.0,0.0,high,1.0,1.0,4,0,0,0.0,0.0,0.0,5-GW avg pts 1.60; mins 43; xGI 0.02; current GWs 4; fixture Elo diff -81,False,False,False,False,False,False,False,False,False,False,False,False,False,False,False,False,False,False,False,False,False,False,False,False,False,False,False,False,False,False,False,False
dd9b0c9710fd270123600531e17f3287ab6c9403,v2-form-workload-blend,d113ff8057aa6718889feec83e2ade33486769ad87a8f3bd5608b9bfc38eda08,2026-09-18T10:40:22.090068+00:00,215059,140,Robert,Lynch Sánchez,Sánchez,8,Chelsea,CHE,Goalkeeper,u,False,4.9,0.8,0.0,0.0,0.0,0.0,0.0,0.0,0.0,0.0,0.0,0.0,0.0,0.0,0.0,0.0,0.0,24.65302610146991,0.0,4.0,0.4,0.4,90.0,516.0,0.0,0.0017441860465116279,0.0,2.9651162790697674,,,,0.0,0.0,high,1.0,1.0,4,0,0,0.0,0.0,0.0,5-GW avg pts 0.80; mins 36; xGI 0.00; current GWs 4; fixture Elo diff -10,False,False,False,False,False,False,False,False,False,False,False,False,False,False,False,False,False,False,False,False,False,False,False,False,False,False,False,False,False,False,False,False
dd9b0c9710fd270123600531e17f3287ab6c9403,v2-form-workload-blend,d113ff8057aa6718889feec83e2ade33486769ad87a8f3bd5608b9bfc38eda08,2026-09-18T10:40:22.090068+00:00,215711,44,Leon,Bailey,Bailey,7,Aston Villa,AVL,Midfielder,u,False,5.4,0.1,0.0,0.0,0.0,0.0,0.0,0.0,0.0,0.0,0.0,0.0,0.0,0.0,0.0,0.0,0.0,,0.0,0.0,0.2,0.2,90.0,116.0,,,,,,,,0.0,0.0,high,1.0,1.0,4,0,0,0.0,0.0,0.0,5-GW avg pts 1.00; mins 18; xGI 0.04; current GWs 4; fixture Elo diff +74,False,False,False,False,False,False,False,False,False,False,False,False,False,False,False,False,False,False,False,False,False,False,False,False,False,False,False,False,False,False,False,False
dd9b0c9710fd270123600531e17f3287ab6c9403,v2-form-workload-blend,d113ff8057aa6718889feec83e2ade33486769ad87a8f3bd5608b9bfc38eda08,2026-09-18T10:40:22.090068+00:00,218364,205,Borna,Sosa,Sosa,31,Crystal Palace,CRY,Defender,u,False,4.5,0.0,0.0,0.0,0.0,0.0,0.0,0.0,0.0,0.0,0.0,0.0,0.0,0.0,0.0,0.0,0.0,33.944692768136576,0.0,3.0,0.0,0.0,,45.0,,,,,,,,0.0,0.0,high,1.0,1.0,4,0,0,0.0,0.0,0.0,5-GW avg pts 0.00; mins 0; xGI 0.00; current GWs 4; fixture Elo diff -11,False,False,False,False,False,False,False,False,False,False,False,False,False,False,False,False,False,False,False,False,False,False,False,False,False,False,False,False,False,False,False,False
dd9b0c9710fd270123600531e17f3287ab6c9403,v2-form-workload-blend,d113ff8057aa6718889feec83e2ade33486769ad87a8f3bd5608b9bfc38eda08,2026-09-18T10:40:22.090068+00:00,220566,402,Rodrigo 'Rodri',Hernandez Cascante,Rodrigo,43,Man City,MCI,Midfielder,u,True,6.5,0.0,0.0,0.0,0.0,0.0,0.0,0.0,0.0,0.0,0.0,0.0,0.0,0.0,0.0,0.0,0.0,,0.0,0.0,0.0,0.0,,177.0,,,,,,,,0.0,0.0,excluded,0.0,1.0,4,0,0,0.0,0.0,0.0,Excluded in squad.json; projection forced to zero,False,False,False,False,False,False,False,False,False,False,False,False,False,False,False,False,False,False,False,False,False,False,False,False,False,False,False,False,False,False,False,False
dd9b0c9710fd270123600531e17f3287ab6c9403,v2-form-workload-blend,d113ff8057aa6718889feec83e2ade33486769ad87a8f3bd5608b9bfc38eda08,2026-09-18T10:40:22.090068+00:00,220583,180,Luke,Woolfenden,Woolfenden,9,Coventry City,COV,Defender,i,False,4.0,0.1,0.0,0.0,0.0,0.0,0.0,0.0,0.0,0.0,0.0,0.0,0.0,0.0,0.0,0.0,0.0,,0.0,0.0,0.0,0.0,,0.0,,,,,,,,0.0,0.0,high,0.8,0.8,4,0,0,0.0,0.0,0.0,5-GW avg pts 0.00; mins 0; xGI 0.00; current GWs 4; fixture Elo diff -136,False,False,False,False,False,False,False,False,False,False,False,False,False,False,False,False,False,False,False,False,False,False,False,False,False,False,False,False,False,False,False,False
dd9b0c9710fd270123600531e17f3287ab6c9403,v2-form-workload-blend,d113ff8057aa6718889feec83e2ade33486769ad87a8f3bd5608b9bfc38eda08,2026-09-18T10:40:22.090068+00:00,221399,342,Jack,Harrison,Harrison,2,Leeds,LEE,Midfielder,u,True,5.0,0.0,0.0,0.0,0.0,0.0,0.0,0.0,0.0,0.0,0.0,0.0,0.0,0.0,0.0,0.0,0.0,,0.0,0.0,0.0,0.0,,0.0,,,,,,,,0.0,0.0,excluded,0.0,1.0,4,0,0,0.0,0.0,0.0,Excluded in squad.json; projection forced to zero,False,False,False,False,False,False,False,False,False,False,False,False,False,False,False,False,False,False,False,False,False,False,False,False,False,False,False,False,False,False,False,False
dd9b0c9710fd270123600531e17f3287ab6c9403,v2-form-workload-blend,d113ff8057aa6718889feec83e2ade33486769ad87a8f3bd5608b9bfc38eda08,2026-09-18T10:40:22.090068+00:00,221632,500,Cristian,Romero,Romero,6,Spurs,TOT,Defender,u,True,5.0,0.1,0.0,0.0,0.0,0.0,0.0,0.0,0.0,0.0,0.0,0.0,0.0,0.0,0.0,0.0,0.0,,0.0,0.0,0.0,0.0,,0.0,,,,,,,,0.0,0.0,excluded,0.0,1.0,4,0,0,0.0,0.0,0.0,Excluded in squad.json; projection forced to zero,False,False,False,False,False,False,False,False,False,False,False,False,False,False,False,False,False,False,False,False,False,False,False,False,False,False,False,False,False,False,False,False
dd9b0c9710fd270123600531e17f3287ab6c9403,v2-form-workload-blend,d113ff8057aa6718889feec83e2ade33486769ad87a8f3bd5608b9bfc38eda08,2026-09-18T10:40:22.090068+00:00,222018,307,Ben,Johnson,Johnson,40,Ipswich Town,IPS,Defender,u,True,4.0,0.1,0.0,0.0,0.0,0.0,0.0,0.0,0.0,0.0,0.0,0.0,0.0,0.0,0.0,0.0,0.0,44.663442768136576,0.0,1.0,0.0,0.0,,0.0,,,,,,,,0.0,0.0,excluded,0.0,0.8,4,0,0,0.0,0.0,0.0,Excluded in squad.json; projection forced to zero,False,False,False,False,False,False,False,False,False,False,False,False,False,False,False,False,False,False,False,False,False,False,False,False,False,False,False,False,False,False,False,False
dd9b0c9710fd270123600531e17f3287ab6c9403,v2-form-workload-blend,d113ff8057aa6718889feec83e2ade33486769ad87a8f3bd5608b9bfc38eda08,2026-09-18T10:40:22.090068+00:00,222625,317,George,Hirst,Hirst,40,Ipswich Town,IPS,Forward,u,True,5.0,0.1,0.0,0.0,0.0,0.0,0.0,0.0,0.0,0.0,0.0,0.0,0.0,0.0,0.0,0.0,0.0,44.663442768136576,0.0,1.0,0.0,0.0,,0.0,,,,,,,,0.0,0.0,excluded,0.0,0.8,4,0,0,0.0,0.0,0.0,Excluded in squad.json; projection forced to zero,False,False,False,False,False,False,False,False,False,False,False,False,False,False,False,False,False,False,False,False,False,False,False,False,False,False,False,False,False,False,False,False
dd9b0c9710fd270123600531e17f3287ab6c9403,v2-form-workload-blend,d113ff8057aa6718889feec83e2ade33486769ad87a8f3bd5608b9bfc38eda08,2026-09-18T10:40:22.090068+00:00,223434,118,Igor Julio,dos Santos de Paulo,Igor,36,Brighton,BHA,Defender,u,False,4.5,0.0,0.0,0.0,0.0,0.0,0.0,0.0,0.0,0.0,0.0,0.0,0.0,0.0,0.0,0.0,0.0,33.86135943480324,0.0,1.0,0.0,0.0,,0.0,,,,,,,,0.0,0.0,high,1.0,1.0,4,0,0,0.0,0.0,0.0,5-GW avg pts 0.00; mins 0; xGI 0.00; current GWs 4; fixture Elo diff -55,False,False,False,False,False,False,False,False,False,False,False,False,False,False,False,False,False,False,False,False,False,False,False,False,False,False,False,False,False,False,False,False
dd9b0c9710fd270123600531e17f3287ab6c9403,v2-form-workload-blend,d113ff8057aa6718889feec83e2ade33486769ad87a8f3bd5608b9bfc38eda08,2026-09-18T10:40:22.090068+00:00,223541,370,Federico,Chiesa,Chiesa,14,Liverpool,LIV,Midfielder,i,False,5.4,0.0,0.0,0.0,0.0,0.0,0.0,0.0,0.0,0.0,0.0,0.0,0.0,0.0,0.0,0.0,0.0,33.007192768136576,0.0,4.0,0.0,0.0,,40.0,,,,,,,,0.0,0.0,high,1.0,1.0,4,0,0,0.0,0.0,0.0,5-GW avg pts 0.00; mins 0; xGI 0.00; current GWs 4; fixture Elo diff -6,False,False,False,False,False,False,False,False,False,False,False,False,False,False,False,False,False,False,False,False,False,False,False,False,False,False,False,False,False,False,False,False
dd9b0c9710fd270123600531e17f3287ab6c9403,v2-form-workload-blend,d113ff8057aa6718889feec83e2ade33486769ad87a8f3bd5608b9bfc38eda08,2026-09-18T10:40:22.090068+00:00,229164,314,Chiedozie,Ogbene,Ogbene,40,Ipswich Town,IPS,Midfielder,u,False,4.9,0.0,0.0,0.0,0.0,0.0,0.0,0.0,0.0,0.0,0.0,0.0,0.0,0.0,0.0,0.0,0.0,,0.0,0.0,0.0,0.0,,0.0,,,,,,,,0.0,0.0,high,0.8,0.8,4,0,0,0.0,0.0,0.0,5-GW avg pts 0.00; mins 0; xGI 0.00; current GWs 4; fixture Elo diff -148,False,False,False,False,False,False,False,False,False,False,False,False,False,False,False,False,False,False,False,False,False,False,False,False,False,False,False,False,False,False,False,False
dd9b0c9710fd270123600531e17f3287ab6c9403,v2-form-workload-blend,d113ff8057aa6718889feec83e2ade33486769ad87a8f3bd5608b9bfc38eda08,2026-09-18T10:40:22.090068+00:00,231899,312,Jack,Taylor,Taylor,40,Ipswich Town,IPS,Midfielder,i,False,4.5,0.0,0.0,0.0,0.0,0.0,0.0,0.0,0.0,0.0,0.0,0.0,0.0,0.0,0.0,0.0,0.0,,0.0,0.0,0.0,0.0,,0.0,,,,,,,,0.0,0.0,high,0.8,0.8,4,0,0,0.0,0.0,0.0,5-GW avg pts 0.00; mins 0; xGI 0.00; current GWs 4; fixture Elo diff -148,False,False,False,False,False,False,False,False,False,False,False,False,False,False,False,False,False,False,False,False,False,False,False,False,False,False,False,False,False,False,False,False
dd9b0c9710fd270123600531e17f3287ab6c9403,v2-form-workload-blend,d113ff8057aa6718889feec83e2ade33486769ad87a8f3bd5608b9bfc38eda08,2026-09-18T10:40:22.090068+00:00,232112,433,Manuel,Ugarte Ribeiro,Ugarte,1,Man Utd,MUN,Midfielder,i,False,5.0,0.0,0.0,0.0,0.0,0.0,0.0,0.0,0.0,0.0,0.0,0.0,0.0,0.0,0.0,0.0,0.0,,0.0,0.0,0.0,0.0,,0.0,,,,,,,,0.0,0.0,high,1.0,1.0,4,0,0,0.0,0.0,0.0,5-GW avg pts 0.00; mins 0; xGI 0.00; current GWs 4; fixture Elo diff +97,False,False,False,False,False,False,False,False,False,False,False,False,False,False,False,False,False,False,False,False,False,False,False,False,False,False,False,False,False,False,False,False
dd9b0c9710fd270123600531e17f3287ab6c9403,v2-form-workload-blend,d113ff8057aa6718889feec83e2ade33486769ad87a8f3bd5608b9bfc38eda08,2026-09-18T10:40:22.090068+00:00,232571,530,Anthony,Patterson,Patterson,56,Sunderland,SUN,Goalkeeper,u,True,4.0,0.1,0.0,0.0,0.0,0.0,0.0,0.0,0.0,0.0,0.0,0.0,0.0,0.0,0.0,0.0,0.0,,0.0,0.0,0.0,0.0,,0.0,,,,,,,,0.0,0.0,excluded,0.0,1.0,4,0,0,0.0,0.0,0.0,Excluded in squad.json; projection forced to zero,False,False,False,False,False,False,False,False,False,False,False,False,False,False,False,False,False,False,False,False,False,False,False,False,False,False,False,False,False,False,False,False
dd9b0c9710fd270123600531e17f3287ab6c9403,v2-form-workload-blend,d113ff8057aa6718889feec83e2ade33486769ad87a8f3bd5608b9bfc38eda08,2026-09-18T10:40:22.090068+00:00,232653,456,Jacob,Ramsey,J.Ramsey,4,Newcastle,NEW,Midfielder,i,False,4.9,0.3,0.0,0.0,0.0,0.0,0.0,0.0,0.0,0.0,0.0,0.0,0.0,110.0,0.0,83.0,0.0,9.653026101469907,2.0,10.0,0.8,0.2,39.75,430.0,0.06697674418604646,0.14651162790697667,10.883720930232558,0.0,,,,0.0,0.0,high,1.0,1.0,4,0,0,0.0,0.0,0.0,5-GW avg pts 2.20; mins 32; xGI 0.07; current GWs 4; fixture Elo diff +93,False,False,False,False,False,False,False,False,False,False,False,False,False,False,False,False,False,False,False,False,False,False,False,False,False,False,False,False,False,False,False,False
dd9b0c9710fd270123600531e17f3287ab6c9403,v2-form-workload-blend,d113ff8057aa6718889feec83e2ade33486769ad87a8f3bd5608b9bfc38eda08,2026-09-18T10:40:22.090068+00:00,232859,505,Djed,Spence,Spence,6,Spurs,TOT,Defender,u,True,4.5,0.2,0.0,0.0,0.0,0.0,0.0,0.0,0.0,0.0,0.0,0.0,0.0,0.0,0.0,0.0,0.0,,0.0,0.0,0.2,0.2,90.0,243.0,0.014814814814814815,0.011111111111111151,4.444444444444445,0.0,,,,0.0,0.0,excluded,0.0,1.0,4,0,0,0.0,0.0,0.0,Excluded in squad.json; projection forced to zero,False,False,False,False,False,False,False,False,False,False,False,False,False,False,False,False,False,False,False,False,False,False,False,False,False,False,False,False,False,False,False,False
dd9b0c9710fd270123600531e17f3287ab6c9403,v2-form-workload-blend,d113ff8057aa6718889feec83e2ade33486769ad87a8f3bd5608b9bfc38eda08,2026-09-18T10:40:22.090068+00:00,232905,287,Liam,Millar,Millar,88,Hull City,HUL,Midfielder,u,False,5.0,0.0,0.0,0.0,0.0,0.0,0.0,0.0,0.0,0.0,0.0,0.0,0.0,0.0,0.0,0.0,0.0,19.86135943480324,0.0,5.0,0.5,0.0,25.0,50.0,,,,,,,,0.0,0.0,high,0.8,0.8,4,0,0,0.0,0.0,0.0,5-GW avg pts 1.50; mins 12; xGI 0.14; current GWs 4; fixture Elo diff -253,False,False,False,False,False,False,False,False,False,False,False,False,False,False,False,False,False,False,False,False,False,False,False,False,False,False,False,False,False,False,False,False
dd9b0c9710fd270123600531e17f3287ab6c9403,v2-form-workload-blend,d113ff8057aa6718889feec83e2ade33486769ad87a8f3bd5608b9bfc38eda08,2026-09-18T10:40:22.090068+00:00,235826,348,Joël,Piroe,Piroe,2,Leeds,LEE,Forward,u,True,5.0,0.1,0.0,0.0,0.0,0.0,0.0,0.0,0.0,0.0,0.0,0.0,7.0,7.0,7.0,7.0,0.0,2.663442768136574,1.0,2.0,0.2,0.0,12.0,29.0,,,,,3.0,,,0.0,0.0,excluded,0.0,1.0,4,0,0,0.0,0.0,0.0,Excluded in squad.json; projection forced to zero,False,False,False,False,False,False,False,False,False,False,False,False,False,False,False,False,False,False,False,False,False,False,False,False,False,False,False,False,False,False,False,False
dd9b0c9710fd270123600531e17f3287ab6c9403,v2-form-workload-blend,d113ff8057aa6718889feec83e2ade33486769ad87a8f3bd5608b9bfc38eda08,2026-09-18T10:40:22.090068+00:00,242880,146,Benoît,Badiashile Mukinayi,B.Badiashile,8,Chelsea,CHE,Defender,u,True,4.5,0.0,0.0,0.0,0.0,0.0,0.0,0.0,0.0,0.0,0.0,0.0,0.0,0.0,0.0,0.0,0.0,,0.0,0.0,0.0,0.0,,0.0,,,,,,,,0.0,0.0,excluded,0.0,1.0,4,0,0,0.0,0.0,0.0,Excluded in squad.json; projection forced to zero,False,False,False,False,False,False,False,False,False,False,False,False,False,False,False,False,False,False,False,False,False,False,False,False,False,False,False,False,False,False,False,False
dd9b0c9710fd270123600531e17f3287ab6c9403,v2-form-workload-blend,d113ff8057aa6718889feec83e2ade33486769ad87a8f3bd5608b9bfc38eda08,2026-09-18T10:40:22.090068+00:00,243571,234,Nathan,Patterson,Patterson,11,Everton,EVE,Defender,u,False,4.5,0.0,0.0,0.0,0.0,0.0,0.0,0.0,0.0,0.0,0.0,0.0,0.0,0.0,0.0,0.0,0.0,22.65302610146991,0.0,3.0,0.0,0.0,,1.0,,,,,,,,0.0,0.0,high,1.0,1.0,4,0,0,0.0,0.0,0.0,5-GW avg pts 0.00; mins 0; xGI 0.00; current GWs 4; fixture Elo diff +22,False,False,False,False,False,False,False,False,False,False,False,False,False,False,False,False,False,False,False,False,False,False,False,False,False,False,False,False,False,False,False,False
dd9b0c9710fd270123600531e17f3287ab6c9403,v2-form-workload-blend,d113ff8057aa6718889feec83e2ade33486769ad87a8f3bd5608b9bfc38eda08,2026-09-18T10:40:22.090068+00:00,432830,84,Nathan,Collins,Collins,94,Brentford,BRE,Defender,i,False,5.4,1.1,0.0,0.0,0.0,0.0,0.0,0.0,0.0,0.0,0.0,0.0,0.0,17.0,0.0,0.0,0.0,12.86135943480324,1.0,5.0,0.8,0.6,71.5,736.0,0.10883152173913042,0.053804347826086917,8.559782608695652,0.0,,,,0.0,0.0,high,1.0,1.0,4,0,0,0.0,0.0,0.0,5-GW avg pts 2.60; mins 57; xGI 0.18; current GWs 4; fixture Elo diff +33,False,False,False,False,False,False,False,False,False,False,False,False,False,False,False,False,False,False,False,False,False,False,False,False,False,False,False,False,False,False,False,False
dd9b0c9710fd270123600531e17f3287ab6c9403,v2-form-workload-blend,d113ff8057aa6718889feec83e2ade33486769ad87a8f3bd5608b9bfc38eda08,2026-09-18T10:40:22.090068+00:00,432987,354,Vitezslav,Jaros,Jaros,14,Liverpool,LIV,Goalkeeper,i,False,4.0,0.0,0.0,0.0,0.0,0.0,0.0,0.0,0.0,0.0,0.0,0.0,0.0,0.0,0.0,0.0,0.0,,0.0,0.0,0.0,0.0,,0.0,,,,,,,,0.0,0.0,high,0.8,0.8,4,0,0,0.0,0.0,0.0,5-GW avg pts 0.00; mins 0; xGI 0.00; current GWs 4; fixture Elo diff -6,False,False,False,False,False,False,False,False,False,False,False,False,False,False,False,False,False,False,False,False,False,False,False,False,False,False,False,False,False,False,False,False
dd9b0c9710fd270123600531e17f3287ab6c9403,v2-form-workload-blend,d113ff8057aa6718889feec83e2ade33486769ad87a8f3bd5608b9bfc38eda08,2026-09-18T10:40:22.090068+00:00,433036,404,Tijjani,Reijnders,Reijnders,43,Man City,MCI,Midfielder,u,True,6.0,0.0,0.0,0.0,0.0,0.0,0.0,0.0,0.0,0.0,0.0,0.0,0.0,0.0,0.0,0.0,0.0,39.98635943480324,0.0,2.0,0.2,0.2,76.0,135.0,,,,,,,,0.0,0.0,excluded,0.0,1.0,4,0,0,0.0,0.0,0.0,Excluded in squad.json; projection forced to zero,False,False,False,False,False,False,False,False,False,False,False,False,False,False,False,False,False,False,False,False,False,False,False,False,False,False,False,False,False,False,False,False
dd9b0c9710fd270123600531e17f3287ab6c9403,v2-form-workload-blend,d113ff8057aa6718889feec83e2ade33486769ad87a8f3bd5608b9bfc38eda08,2026-09-18T10:40:22.090068+00:00,433590,281,Cody,Drameh,Drameh,88,Hull City,HUL,Defender,u,False,4.0,0.0,0.0,0.0,0.0,0.0,0.0,0.0,0.0,0.0,0.0,0.0,0.0,0.0,0.0,0.0,0.0,19.86135943480324,0.0,3.0,0.5,0.0,32.5,65.0,,,,,,,,0.0,0.0,high,0.8,0.8,4,0,0,0.0,0.0,0.0,5-GW avg pts 0.50; mins 16; xGI 0.01; current GWs 4; fixture Elo diff -253,False,False,False,False,False,False,False,False,False,False,False,False,False,False,False,False,False,False,False,False,False,False,False,False,False,False,False,False,False,False,False,False
dd9b0c9710fd270123600531e17f3287ab6c9403,v2-form-workload-blend,d113ff8057aa6718889feec83e2ade33486769ad87a8f3bd5608b9bfc38eda08,2026-09-18T10:40:22.090068+00:00,436761,174,Liam,Kitching,Kitching,9,Coventry City,COV,Defender,u,False,4.0,0.4,0.0,0.0,0.0,0.0,0.0,0.0,0.0,0.0,0.0,0.0,0.0,0.0,0.0,0.0,0.0,23.663442768136573,0.0,2.0,0.0,0.0,,0.0,,,,,,,,0.0,0.0,high,0.8,0.8,4,0,0,0.0,0.0,0.0,5-GW avg pts 0.00; mins 0; xGI 0.00; current GWs 4; fixture Elo diff -136,False,False,False,False,False,False,False,False,False,False,False,False,False,False,False,False,False,False,False,False,False,False,False,False,False,False,False,False,False,False,False,False
dd9b0c9710fd270123600531e17f3287ab6c9403,v2-form-workload-blend,d113ff8057aa6718889feec83e2ade33486769ad87a8f3bd5608b9bfc38eda08,2026-09-18T10:40:22.090068+00:00,436893,65,Julián,Araujo Zúñiga,J.Araujo,91,Bournemouth,BOU,Defender,i,False,4.4,0.0,0.0,0.0,0.0,0.0,0.0,0.0,0.0,0.0,0.0,0.0,0.0,0.0,0.0,0.0,0.0,,0.0,0.0,0.0,0.0,,0.0,,,,,,,,0.0,0.0,high,1.0,1.0,4,0,0,0.0,0.0,0.0,5-GW avg pts 0.00; mins 0; xGI 0.00; current GWs 4; fixture Elo diff +34,False,False,False,False,False,False,False,False,False,False,False,False,False,False,False,False,False,False,False,False,False,False,False,False,False,False,False,False,False,False,False,False
dd9b0c9710fd270123600531e17f3287ab6c9403,v2-form-workload-blend,d113ff8057aa6718889feec83e2ade33486769ad87a8f3bd5608b9bfc38eda08,2026-09-18T10:40:22.090068+00:00,437738,333,Sebastiaan,Bornauw,Bornauw,2,Leeds,LEE,Defender,u,True,4.5,0.0,0.0,0.0,0.0,0.0,0.0,0.0,0.0,0.0,0.0,0.0,0.0,0.0,0.0,0.0,0.0,36.67385943480324,0.0,3.0,0.2,0.0,1.0,125.0,,,,,,,,0.0,0.0,excluded,0.0,1.0,4,0,0,0.0,0.0,0.0,Excluded in squad.json; projection forced to zero,False,False,False,False,False,False,False,False,False,False,False,False,False,False,False,False,False,False,False,False,False,False,False,False,False,False,False,False,False,False,False,False
dd9b0c9710fd270123600531e17f3287ab6c9403,v2-form-workload-blend,d113ff8057aa6718889feec83e2ade33486769ad87a8f3bd5608b9bfc38eda08,2026-09-18T10:40:22.090068+00:00,438098,23,Fábio,Ferreira Vieira,Fábio Vieira,3,Arsenal,ARS,Midfielder,u,False,5.5,0.0,0.0,0.0,0.0,0.0,0.0,0.0,0.0,0.0,0.0,0.0,0.0,0.0,0.0,0.0,0.0,36.67385943480324,0.0,4.0,0.0,0.0,,0.0,,,,,,,,0.0,0.0,high,1.0,1.0,4,0,0,0.0,0.0,0.0,5-GW avg pts 0.00; mins 0; xGI 0.00; current GWs 4; fixture Elo diff +229,False,False,False,False,False,False,False,False,False,False,False,False,False,False,False,False,False,False,False,False,False,False,False,False,False,False,False,False,False,False,False,False
dd9b0c9710fd270123600531e17f3287ab6c9403,v2-form-workload-blend,d113ff8057aa6718889feec83e2ade33486769ad87a8f3bd5608b9bfc38eda08,2026-09-18T10:40:22.090068+00:00,443261,313,Jack,Clarke,Clarke,40,Ipswich Town,IPS,Midfielder,a,True,5.4,0.2,0.0,0.0,0.0,0.0,0.0,1.0,1.0,1.0,1.0,1.0,92.0,116.0,29.0,29.0,0.0,2.6530261014699077,3.0,7.0,0.75,0.25,35.0,105.0,,,,,1.0,4.0,3.0,0.0,0.0,excluded,0.0,0.8,4,0,0,0.0,0.0,0.0,Excluded in squad.json; projection forced to zero,False,False,False,False,False,False,False,False,False,False,False,False,False,False,False,False,False,False,False,False,False,False,False,False,False,False,False,False,False,False,False,False
dd9b0c9710fd270123600531e17f3287ab6c9403,v2-form-workload-blend,d113ff8057aa6718889feec83e2ade33486769ad87a8f3bd5608b9bfc38eda08,2026-09-18T10:40:22.090068+00:00,444145,18,Gabriel,Martinelli Silva,Martinelli,3,Arsenal,ARS,Midfielder,u,False,6.3,0.1,0.0,0.0,0.0,0.0,0.0,0.0,0.0,0.0,0.0,0.0,0.0,0.0,0.0,0.0,0.0,36.67385943480324,0.0,3.0,0.2,0.2,90.0,173.0,,,,,,,,0.0,0.0,high,1.0,1.0,4,0,0,0.0,0.0,0.0,5-GW avg pts 1.40; mins 18; xGI 0.07; current GWs 4; fixture Elo diff +229,False,False,False,False,False,False,False,False,False,False,False,False,False,False,False,False,False,False,False,False,False,False,False,False,False,False,False,False,False,False,False,False
dd9b0c9710fd270123600531e17f3287ab6c9403,v2-form-workload-blend,d113ff8057aa6718889feec83e2ade33486769ad87a8f3bd5608b9bfc38eda08,2026-09-18T10:40:22.090068+00:00,444172,59,Will,Dennis,Dennis,91,Bournemouth,BOU,Goalkeeper,u,False,4.0,0.1,0.0,0.0,0.0,0.0,0.0,0.0,0.0,0.0,0.0,0.0,0.0,0.0,0.0,0.0,0.0,,0.0,0.0,0.0,0.0,,0.0,,,,,,,,0.0,0.0,high,1.0,1.0,4,0,0,0.0,0.0,0.0,5-GW avg pts 0.00; mins 0; xGI 0.00; current GWs 4; fixture Elo diff +34,False,False,False,False,False,False,False,False,False,False,False,False,False,False,False,False,False,False,False,False,False,False,False,False,False,False,False,False,False,False,False,False
dd9b0c9710fd270123600531e17f3287ab6c9403,v2-form-workload-blend,d113ff8057aa6718889feec83e2ade33486769ad87a8f3bd5608b9bfc38eda08,2026-09-18T10:40:22.090068+00:00,444307,276,Thimothée,Lo-Tutala,Lo-Tutala,88,Hull City,HUL,Goalkeeper,u,True,4.0,0.0,0.0,0.0,0.0,0.0,0.0,0.0,0.0,0.0,0.0,0.0,0.0,0.0,0.0,0.0,0.0,,0.0,0.0,0.0,0.0,,0.0,,,,,,,,0.0,0.0,excluded,0.0,0.8,4,0,0,0.0,0.0,0.0,Excluded in squad.json; projection forced to zero,False,False,False,False,False,False,False,False,False,False,False,False,False,False,False,False,False,False,False,False,False,False,False,False,False,False,False,False,False,False,False,False
dd9b0c9710fd270123600531e17f3287ab6c9403,v2-form-workload-blend,d113ff8057aa6718889feec83e2ade33486769ad87a8f3bd5608b9bfc38eda08,2026-09-18T10:40:22.090068+00:00,444765,85,Sepp,van den Berg,Van den Berg,94,Brentford,BRE,Defender,i,False,4.9,0.1,0.0,0.0,0.0,0.0,0.0,0.0,0.0,0.0,0.0,0.0,0.0,0.0,0.0,0.0,0.0,,0.0,0.0,0.2,0.2,90.0,368.0,0.11983695652173904,0.13451086956521732,8.804347826086957,0.0,,,,0.0,0.0,high,1.0,1.0,4,0,0,0.0,0.0,0.0,5-GW avg pts 0.80; mins 18; xGI 0.01; current GWs 4; fixture Elo diff +33,False,False,False,False,False,False,False,False,False,False,False,False,False,False,False,False,False,False,False,False,False,False,False,False,False,False,False,False,False,False,False,False
dd9b0c9710fd270123600531e17f3287ab6c9403,v2-form-workload-blend,d113ff8057aa6718889feec83e2ade33486769ad87a8f3bd5608b9bfc38eda08,2026-09-18T10:40:22.090068+00:00,444884,383,Harvey,Elliott,Elliott,14,Liverpool,LIV,Midfielder,u,False,5.4,0.0,0.0,0.0,0.0,0.0,0.0,0.0,0.0,0.0,0.0,0.0,0.0,0.0,0.0,0.0,0.0,33.007192768136576,0.0,5.0,0.0,0.0,,0.0,,,,,,,,0.0,0.0,high,1.0,1.0,4,0,0,0.0,0.0,0.0,5-GW avg pts 0.00; mins 0; xGI 0.00; current GWs 4; fixture Elo diff -6,False,False,False,False,False,False,False,False,False,False,False,False,False,False,False,False,False,False,False,False,False,False,False,False,False,False,False,False,False,False,False,False
dd9b0c9710fd270123600531e17f3287ab6c9403,v2-form-workload-blend,d113ff8057aa6718889feec83e2ade33486769ad87a8f3bd5608b9bfc38eda08,2026-09-18T10:40:22.090068+00:00,445044,521,Dejan,Kulusevski,Kulusevski,6,Spurs,TOT,Midfielder,i,False,6.5,0.0,0.0,0.0,0.0,0.0,0.0,0.0,0.0,0.0,0.0,0.0,0.0,0.0,0.0,0.0,0.0,,0.0,0.0,0.0,0.0,,0.0,,,,,,,,0.0,0.0,high,1.0,1.0,4,0,0,0.0,0.0,0.0,5-GW avg pts 0.00; mins 0; xGI 0.00; current GWs 4; fixture Elo diff -49,False,False,False,False,False,False,False,False,False,False,False,False,False,False,False,False,False,False,False,False,False,False,False,False,False,False,False,False,False,False,False,False
dd9b0c9710fd270123600531e17f3287ab6c9403,v2-form-workload-blend,d113ff8057aa6718889feec83e2ade33486769ad87a8f3bd5608b9bfc38eda08,2026-09-18T10:40:22.090068+00:00,449428,283,Matty,Jacob,Jacob,88,Hull City,HUL,Defender,u,False,4.0,0.0,0.0,0.0,0.0,0.0,0.0,0.0,0.0,0.0,0.0,0.0,0.0,0.0,0.0,0.0,0.0,,0.0,0.0,0.0,0.0,,0.0,,,,,,,,0.0,0.0,high,0.8,0.8,4,0,0,0.0,0.0,0.0,5-GW avg pts 0.00; mins 0; xGI 0.00; current GWs 4; fixture Elo diff -253,False,False,False,False,False,False,False,False,False,False,False,False,False,False,False,False,False,False,False,False,False,False,False,False,False,False,False,False,False,False,False,False
dd9b0c9710fd270123600531e17f3287ab6c9403,v2-form-workload-blend,d113ff8057aa6718889feec83e2ade33486769ad87a8f3bd5608b9bfc38eda08,2026-09-18T10:40:22.090068+00:00,449434,454,Anthony,Elanga,Elanga,4,Newcastle,NEW,Midfielder,i,False,6.2,7.7,0.0,0.0,0.0,0.0,0.0,0.0,0.0,0.0,0.0,0.0,0.0,101.0,0.0,24.0,0.0,9.653026101469907,2.0,9.0,0.8,0.6,64.0,326.0,0.17392638036809813,0.11042944785276074,3.588957055214724,0.0,,2.0,,0.0,0.0,high,1.0,1.0,4,0,0,0.0,0.0,0.0,5-GW avg pts 3.80; mins 51; xGI 0.16; current GWs 4; fixture Elo diff +93,False,False,False,False,False,False,False,False,False,False,False,False,False,False,False,False,False,False,False,False,False,False,False,False,False,False,False,False,False,False,False,False
dd9b0c9710fd270123600531e17f3287ab6c9403,v2-form-workload-blend,d113ff8057aa6718889feec83e2ade33486769ad87a8f3bd5608b9bfc38eda08,2026-09-18T10:40:22.090068+00:00,449871,48,Amadou,Onana,Onana,7,Aston Villa,AVL,Midfielder,i,False,4.9,0.0,0.0,0.0,0.0,0.0,0.0,0.0,0.0,0.0,0.0,0.0,0.0,0.0,0.0,0.0,0.0,,0.0,0.0,0.2,0.0,17.0,107.0,,,,,,,,0.0,0.0,high,1.0,1.0,4,0,0,0.0,0.0,0.0,5-GW avg pts 0.20; mins 3; xGI 0.00; current GWs 4; fixture Elo diff +74,False,False,False,False,False,False,False,False,False,False,False,False,False,False,False,False,False,False,False,False,False,False,False,False,False,False,False,False,False,False,False,False
dd9b0c9710fd270123600531e17f3287ab6c9403,v2-form-workload-blend,d113ff8057aa6718889feec83e2ade33486769ad87a8f3bd5608b9bfc38eda08,2026-09-18T10:40:22.090068+00:00,450542,219,Jesurun,Rak-Sakyi,J.Rak-Sakyi,31,Crystal Palace,CRY,Midfielder,u,False,4.9,0.0,0.0,0.0,0.0,0.0,0.0,0.0,0.0,0.0,0.0,0.0,0.0,0.0,0.0,0.0,0.0,54.86135943480324,0.0,2.0,0.0,0.0,,0.0,,,,,,,,0.0,0.0,high,1.0,1.0,4,0,0,0.0,0.0,0.0,5-GW avg pts 0.00; mins 0; xGI 0.00; current GWs 4; fixture Elo diff -11,False,False,False,False,False,False,False,False,False,False,False,False,False,False,False,False,False,False,False,False,False,False,False,False,False,False,False,False,False,False,False,False
dd9b0c9710fd270123600531e17f3287ab6c9403,v2-form-workload-blend,d113ff8057aa6718889feec83e2ade33486769ad87a8f3bd5608b9bfc38eda08,2026-09-18T10:40:22.090068+00:00,451302,413,Altay,Bayındır,Bayindir,1,Man Utd,MUN,Goalkeeper,u,True,4.5,0.0,0.0,0.0,0.0,0.0,0.0,0.0,0.0,0.0,0.0,0.0,0.0,0.0,0.0,0.0,0.0,,0.0,0.0,0.0,0.0,,0.0,,,,,,,,0.0,0.0,excluded,0.0,1.0,4,0,0,0.0,0.0,0.0,Excluded in squad.json; projection forced to zero,False,False,False,False,False,False,False,False,False,False,False,False,False,False,False,False,False,False,False,False,False,False,False,False,False,False,False,False,False,False,False,False
dd9b0c9710fd270123600531e17f3287ab6c9403,v2-form-workload-blend,d113ff8057aa6718889feec83e2ade33486769ad87a8f3bd5608b9bfc38eda08,2026-09-18T10:40:22.090068+00:00,461199,547,Romaine,Mundle,Mundle,56,Sunderland,SUN,Midfielder,i,False,4.9,0.0,0.0,0.0,0.0,0.0,0.0,0.0,0.0,0.0,0.0,0.0,0.0,0.0,0.0,0.0,0.0,18.90302610146991,0.0,2.0,0.2,0.0,1.0,1.0,,,,,,,,0.0,0.0,high,1.0,1.0,4,0,0,0.0,0.0,0.0,5-GW avg pts 0.20; mins 0; xGI 0.03; current GWs 4; fixture Elo diff -93,False,False,False,False,False,False,False,False,False,False,False,False,False,False,False,False,False,False,False,False,False,False,False,False,False,False,False,False,False,False,False,False
dd9b0c9710fd270123600531e17f3287ab6c9403,v2-form-workload-blend,d113ff8057aa6718889feec83e2ade33486769ad87a8f3bd5608b9bfc38eda08,2026-09-18T10:40:22.090068+00:00,462387,322,Ali,Al-Hamadi,Al-Hamadi,40,Ipswich Town,IPS,Forward,u,True,5.0,0.1,0.0,0.0,0.0,0.0,0.0,0.0,0.0,0.0,0.0,0.0,0.0,0.0,0.0,0.0,0.0,,0.0,0.0,0.0,0.0,,0.0,,,,,,,,0.0,0.0,excluded,0.0,0.8,4,0,0,0.0,0.0,0.0,Excluded in squad.json; projection forced to zero,False,False,False,False,False,False,False,False,False,False,False,False,False,False,False,False,False,False,False,False,False,False,False,False,False,False,False,False,False,False,False,False
dd9b0c9710fd270123600531e17f3287ab6c9403,v2-form-workload-blend,d113ff8057aa6718889feec83e2ade33486769ad87a8f3bd5608b9bfc38eda08,2026-09-18T10:40:22.090068+00:00,462424,6,William,Saliba,Saliba,3,Arsenal,ARS,Defender,i,False,5.9,0.2,0.0,0.0,0.0,0.0,0.0,0.0,0.0,0.0,0.0,0.0,0.0,0.0,0.0,0.0,0.0,,0.0,0.0,0.0,0.0,,450.0,0.0,0.10199999999999998,7.4,0.0,,,,0.0,0.0,high,1.0,1.0,4,0,0,0.0,0.0,0.0,5-GW avg pts 0.00; mins 0; xGI 0.00; current GWs 4; fixture Elo diff +229,False,False,False,False,False,False,False,False,False,False,False,False,False,False,False,False,False,False,False,False,False,False,False,False,False,False,False,False,False,False,False,False
dd9b0c9710fd270123600531e17f3287ab6c9403,v2-form-workload-blend,d113ff8057aa6718889feec83e2ade33486769ad87a8f3bd5608b9bfc38eda08,2026-09-18T10:40:22.090068+00:00,463726,593,Amar,Dedic,Dedić,4,Newcastle,NEW,Defender,i,False,4.5,2.6,0.0,0.0,0.0,0.0,0.0,0.0,0.0,0.0,0.0,0.0,58.0,193.0,0.0,45.0,0.0,3.6530261014699077,3.0,6.0,1.0,0.75,81.75,327.0,0.03853211009174312,0.022018348623853212,6.605504587155964,0.0,,,3.0,0.0,0.0,high,0.8,0.8,4,0,0,0.0,0.0,0.0,5-GW avg pts 3.25; mins 82; xGI 0.06; current GWs 4; fixture Elo diff +93,False,False,False,False,False,False,False,False,False,False,False,False,False,False,False,False,False,False,False,False,False,False,False,False,False,False,False,False,False,False,False,False
dd9b0c9710fd270123600531e17f3287ab6c9403,v2-form-workload-blend,d113ff8057aa6718889feec83e2ade33486769ad87a8f3bd5608b9bfc38eda08,2026-09-18T10:40:22.090068+00:00,465390,177,Kaine,Kesler-Hayden,Kesler-Hayden,9,Coventry City,COV,Defender,i,False,4.0,0.0,0.0,0.0,0.0,0.0,0.0,0.0,0.0,0.0,0.0,0.0,0.0,0.0,0.0,0.0,0.0,,0.0,0.0,0.0,0.0,,0.0,,,,,,,,0.0,0.0,high,0.8,0.8,4,0,0,0.0,0.0,0.0,5-GW avg pts 0.00; mins 0; xGI 0.00; current GWs 4; fixture Elo diff -136,False,False,False,False,False,False,False,False,False,False,False,False,False,False,False,False,False,False,False,False,False,False,False,False,False,False,False,False,False,False,False,False
dd9b0c9710fd270123600531e17f3287ab6c9403,v2-form-workload-blend,d113ff8057aa6718889feec83e2ade33486769ad87a8f3bd5608b9bfc38eda08,2026-09-18T10:40:22.090068+00:00,465525,291,Eliot,Matazo,Matazo,88,Hull City,HUL,Midfielder,i,False,4.5,0.0,0.0,0.0,0.0,0.0,0.0,0.0,0.0,0.0,0.0,0.0,0.0,0.0,0.0,0.0,0.0,,0.0,0.0,0.0,0.0,,0.0,,,,,,,,0.0,0.0,high,0.8,0.8,4,0,0,0.0,0.0,0.0,5-GW avg pts 0.00; mins 0; xGI 0.00; current GWs 4; fixture Elo diff -253,False,False,False,False,False,False,False,False,False,False,False,False,False,False,False,False,False,False,False,False,False,False,False,False,False,False,False,False,False,False,False,False
dd9b0c9710fd270123600531e17f3287ab6c9403,v2-form-workload-blend,d113ff8057aa6718889feec83e2ade33486769ad87a8f3bd5608b9bfc38eda08,2026-09-18T10:40:22.090068+00:00,465920,578,Mykhailo,Mudryk,Mudryk,6,Spurs,TOT,Midfielder,i,False,5.4,0.0,0.0,0.0,0.0,0.0,0.0,0.0,0.0,0.0,0.0,0.0,0.0,16.0,0.0,0.0,0.0,12.86135943480324,1.0,4.0,0.2,0.0,16.0,16.0,,,,,,,,0.0,0.0,high,1.0,1.0,4,0,0,0.0,0.0,0.0,5-GW avg pts 0.20; mins 3; xGI 0.00; current GWs 4; fixture Elo diff -49,False,False,False,False,False,False,False,False,False,False,False,False,False,False,False,False,False,False,False,False,False,False,False,False,False,False,False,False,False,False,False,False
dd9b0c9710fd270123600531e17f3287ab6c9403,v2-form-workload-blend,d113ff8057aa6718889feec83e2ade33486769ad87a8f3bd5608b9bfc38eda08,2026-09-18T10:40:22.090068+00:00,467779,130,Mats,Wieffer,Wieffer,36,Brighton,BHA,Defender,i,False,4.9,0.2,0.0,0.0,0.0,0.0,0.0,0.0,0.0,0.0,0.0,0.0,0.0,0.0,0.0,0.0,0.0,18.90302610146991,0.0,4.0,0.6,0.6,82.0,398.0,0.027135678391959798,0.04522613065326633,6.557788944723618,0.0,,,,0.0,0.0,high,1.0,1.0,4,0,0,0.0,0.0,0.0,5-GW avg pts 1.80; mins 49; xGI 0.05; current GWs 4; fixture Elo diff -55,False,False,False,False,False,False,False,False,False,False,False,False,False,False,False,False,False,False,False,False,False,False,False,False,False,False,False,False,False,False,False,False
dd9b0c9710fd270123600531e17f3287ab6c9403,v2-form-workload-blend,d113ff8057aa6718889feec83e2ade33486769ad87a8f3bd5608b9bfc38eda08,2026-09-18T10:40:22.090068+00:00,469247,49,Samuel,Iling-Junior,Iling Jr,7,Aston Villa,AVL,Midfielder,u,True,5.0,0.0,0.0,0.0,0.0,0.0,0.0,0.0,0.0,0.0,0.0,0.0,0.0,0.0,0.0,0.0,0.0,,0.0,0.0,0.0,0.0,,0.0,,,,,,,,0.0,0.0,excluded,0.0,1.0,4,0,0,0.0,0.0,0.0,Excluded in squad.json; projection forced to zero,False,False,False,False,False,False,False,False,False,False,False,False,False,False,False,False,False,False,False,False,False,False,False,False,False,False,False,False,False,False,False,False
dd9b0c9710fd270123600531e17f3287ab6c9403,v2-form-workload-blend,d113ff8057aa6718889feec83e2ade33486769ad87a8f3bd5608b9bfc38eda08,2026-09-18T10:40:22.090068+00:00,470294,297,Darko,Gyabi,Gyabi,88,Hull City,HUL,Midfielder,i,False,4.5,0.0,0.0,0.0,0.0,0.0,0.0,0.0,0.0,0.0,0.0,0.0,0.0,0.0,0.0,0.0,0.0,,0.0,0.0,0.0,0.0,,0.0,,,,,,,,0.0,0.0,high,1.0,1.0,4,0,0,0.0,0.0,0.0,5-GW avg pts 0.00; mins 0; xGI 0.00; current GWs 4; fixture Elo diff -253,False,False,False,False,False,False,False,False,False,False,False,False,False,False,False,False,False,False,False,False,False,False,False,False,False,False,False,False,False,False,False,False
dd9b0c9710fd270123600531e17f3287ab6c9403,v2-form-workload-blend,d113ff8057aa6718889feec83e2ade33486769ad87a8f3bd5608b9bfc38eda08,2026-09-18T10:40:22.090068+00:00,470313,463,Nick,Woltemade,Woltemade,4,Newcastle,NEW,Forward,u,False,5.9,0.5,0.0,0.0,0.0,0.0,0.0,0.0,0.0,0.0,0.0,0.0,0.0,0.0,0.0,0.0,0.0,19.757192768136573,0.0,5.0,0.4,0.2,48.0,249.0,0.07951807228915665,0.253012048192771,4.698795180722891,0.0,,,,0.0,0.0,high,1.0,1.0,4,0,0,0.0,0.0,0.0,5-GW avg pts 1.20; mins 19; xGI 0.02; current GWs 4; fixture Elo diff +93,False,False,False,False,False,False,False,False,False,False,False,False,False,False,False,False,False,False,False,False,False,False,False,False,False,False,False,False,False,False,False,False
dd9b0c9710fd270123600531e17f3287ab6c9403,v2-form-workload-blend,d113ff8057aa6718889feec83e2ade33486769ad87a8f3bd5608b9bfc38eda08,2026-09-18T10:40:22.090068+00:00,476887,485,Dilane,Bakwa,Bakwa,17,Nott'm Forest,NFO,Midfielder,u,True,5.5,0.0,0.0,0.0,0.0,0.0,0.0,0.0,0.0,0.0,0.0,0.0,0.0,0.0,0.0,0.0,0.0,40.694692768136576,0.0,1.0,0.0,0.0,,207.0,0.017391304347826087,0.14347826086956517,3.9130434782608696,0.0,,,,0.0,0.0,excluded,0.0,1.0,4,0,0,0.0,0.0,0.0,Excluded in squad.json; projection forced to zero,False,False,False,False,False,False,False,False,False,False,False,False,False,False,False,False,False,False,False,False,False,False,False,False,False,False,False,False,False,False,False,False
dd9b0c9710fd270123600531e17f3287ab6c9403,v2-form-workload-blend,d113ff8057aa6718889feec83e2ade33486769ad87a8f3bd5608b9bfc38eda08,2026-09-18T10:40:22.090068+00:00,477547,538,Leo Fuhr,Hjelde,Hjelde,56,Sunderland,SUN,Defender,u,True,4.0,0.0,0.0,0.0,0.0,0.0,0.0,0.0,0.0,0.0,0.0,0.0,0.0,0.0,0.0,0.0,0.0,54.52802610146991,0.0,1.0,0.0,0.0,,0.0,,,,,,,,0.0,0.0,excluded,0.0,1.0,4,0,0,0.0,0.0,0.0,Excluded in squad.json; projection forced to zero,False,False,False,False,False,False,False,False,False,False,False,False,False,False,False,False,False,False,False,False,False,False,False,False,False,False,False,False,False,False,False,False
dd9b0c9710fd270123600531e17f3287ab6c9403,v2-form-workload-blend,d113ff8057aa6718889feec83e2ade33486769ad87a8f3bd5608b9bfc38eda08,2026-09-18T10:40:22.090068+00:00,482442,518,Pape Matar,Sarr,P.M.Sarr,6,Spurs,TOT,Midfielder,u,False,4.9,0.1,0.0,0.0,0.0,0.0,0.0,0.0,0.0,0.0,0.0,0.0,0.0,0.0,0.0,0.0,0.0,,0.0,0.0,0.2,0.0,17.0,39.0,,,,,,,,0.0,0.0,high,1.0,1.0,4,0,0,0.0,0.0,0.0,5-GW avg pts 0.00; mins 3; xGI 0.00; current GWs 4; fixture Elo diff -49,False,False,False,False,False,False,False,False,False,False,False,False,False,False,False,False,False,False,False,False,False,False,False,False,False,False,False,False,False,False,False,False
dd9b0c9710fd270123600531e17f3287ab6c9403,v2-form-workload-blend,d113ff8057aa6718889feec83e2ade33486769ad87a8f3bd5608b9bfc38eda08,2026-09-18T10:40:22.090068+00:00,484389,171,Oliver,Dovin,Dovin,9,Coventry City,COV,Goalkeeper,u,False,4.0,1.1,0.0,0.0,0.0,0.0,0.0,0.0,0.0,0.0,0.0,0.0,0.0,0.0,0.0,0.0,0.0,,0.0,0.0,0.0,0.0,,0.0,,,,,,,,0.0,0.0,high,0.8,0.8,4,0,0,0.0,0.0,0.0,5-GW avg pts 0.00; mins 0; xGI 0.00; current GWs 4; fixture Elo diff -136,False,False,False,False,False,False,False,False,False,False,False,False,False,False,False,False,False,False,False,False,False,False,False,False,False,False,False,False,False,False,False,False
dd9b0c9710fd270123600531e17f3287ab6c9403,v2-form-workload-blend,d113ff8057aa6718889feec83e2ade33486769ad87a8f3bd5608b9bfc38eda08,2026-09-18T10:40:22.090068+00:00,485047,470,Felipe,Rodrigues da Silva,Morato,17,Nott'm Forest,NFO,Defender,u,False,5.0,0.0,0.0,0.0,0.0,0.0,0.0,0.0,0.0,0.0,0.0,0.0,83.0,83.0,83.0,83.0,0.0,2.663442768136574,1.0,2.0,0.2,0.2,90.0,402.0,0.10970149253731346,0.015671641791044754,9.402985074626866,0.0,,,,0.0,0.0,high,1.0,1.0,4,0,0,0.0,0.0,0.0,5-GW avg pts 0.80; mins 18; xGI 0.00; current GWs 4; fixture Elo diff +21,False,False,False,False,False,False,False,False,False,False,False,False,False,False,False,False,False,False,False,False,False,False,False,False,False,False,False,False,False,False,False,False
dd9b0c9710fd270123600531e17f3287ab6c9403,v2-form-workload-blend,d113ff8057aa6718889feec83e2ade33486769ad87a8f3bd5608b9bfc38eda08,2026-09-18T10:40:22.090068+00:00,486385,248,Norberto Bercique,Gomes Betuncal,Beto,11,Everton,EVE,Forward,u,False,5.4,0.7,0.0,0.0,0.0,0.0,0.0,0.0,0.0,0.0,0.0,0.0,0.0,0.0,0.0,0.0,0.0,19.86135943480324,0.0,4.0,0.6,0.0,12.333333333333334,313.0,0.3623003194888178,0.002875399361022364,4.313099041533547,0.0,,,,0.0,0.0,high,1.0,1.0,4,0,0,0.0,0.0,0.0,5-GW avg pts 0.60; mins 7; xGI 0.02; current GWs 4; fixture Elo diff +22,False,False,False,False,False,False,False,False,False,False,False,False,False,False,False,False,False,False,False,False,False,False,False,False,False,False,False,False,False,False,False,False
dd9b0c9710fd270123600531e17f3287ab6c9403,v2-form-workload-blend,d113ff8057aa6718889feec83e2ade33486769ad87a8f3bd5608b9bfc38eda08,2026-09-18T10:40:22.090068+00:00,489580,365,Calvin,Ramsay,Ramsay,14,Liverpool,LIV,Defender,u,True,4.0,0.1,0.0,0.0,0.0,0.0,0.0,0.0,0.0,0.0,0.0,0.0,0.0,0.0,0.0,0.0,0.0,33.007192768136576,0.0,5.0,0.0,0.0,,0.0,,,,,,,,0.0,0.0,excluded,0.0,1.0,4,0,0,0.0,0.0,0.0,Excluded in squad.json; projection forced to zero,False,False,False,False,False,False,False,False,False,False,False,False,False,False,False,False,False,False,False,False,False,False,False,False,False,False,False,False,False,False,False,False
dd9b0c9710fd270123600531e17f3287ab6c9403,v2-form-workload-blend,d113ff8057aa6718889feec83e2ade33486769ad87a8f3bd5608b9bfc38eda08,2026-09-18T10:40:22.090068+00:00,489706,215,Justin,Devenny,Devenny,31,Crystal Palace,CRY,Midfielder,u,False,5.0,0.0,0.0,0.0,0.0,0.0,0.0,0.0,0.0,0.0,0.0,0.0,0.0,0.0,0.0,0.0,0.0,54.86135943480324,0.0,2.0,0.2,0.2,90.0,192.0,0.0,0.014062500000000004,11.25,0.0,3.0,,2.0,0.0,0.0,high,1.0,1.0,4,0,0,0.0,0.0,0.0,5-GW avg pts 0.40; mins 18; xGI 0.01; current GWs 4; fixture Elo diff -11,False,False,False,False,False,False,False,False,False,False,False,False,False,False,False,False,False,False,False,False,False,False,False,False,False,False,False,False,False,False,False,False
dd9b0c9710fd270123600531e17f3287ab6c9403,v2-form-workload-blend,d113ff8057aa6718889feec83e2ade33486769ad87a8f3bd5608b9bfc38eda08,2026-09-18T10:40:22.090068+00:00,489888,77,Amine,Adli,Adli,91,Bournemouth,BOU,Midfielder,i,False,4.9,0.0,0.0,0.0,0.0,0.0,0.0,0.0,0.0,0.0,0.0,0.0,0.0,0.0,0.0,0.0,0.0,40.65302610146991,0.0,1.0,0.2,0.0,17.0,50.0,,,,,,,,0.0,0.0,high,1.0,1.0,4,0,0,0.0,0.0,0.0,5-GW avg pts 0.20; mins 3; xGI 0.00; current GWs 4; fixture Elo diff +34,False,False,False,False,False,False,False,False,False,False,False,False,False,False,False,False,False,False,False,False,False,False,False,False,False,False,False,False,False,False,False,False
dd9b0c9710fd270123600531e17f3287ab6c9403,v2-form-workload-blend,d113ff8057aa6718889feec83e2ade33486769ad87a8f3bd5608b9bfc38eda08,2026-09-18T10:40:22.090068+00:00,490145,528,Dane,Scarlett,Scarlett,6,Spurs,TOT,Forward,u,False,4.5,1.2,0.0,0.0,0.0,0.0,0.0,0.0,0.0,0.0,0.0,0.0,0.0,0.0,0.0,0.0,0.0,54.319692768136576,0.0,2.0,0.0,0.0,,0.0,,,,,,,,0.0,0.0,high,1.0,1.0,4,0,0,0.0,0.0,0.0,5-GW avg pts 0.00; mins 0; xGI 0.00; current GWs 4; fixture Elo diff -49,False,False,False,False,False,False,False,False,False,False,False,False,False,False,False,False,False,False,False,False,False,False,False,False,False,False,False,False,False,False,False,False
dd9b0c9710fd270123600531e17f3287ab6c9403,v2-form-workload-blend,d113ff8057aa6718889feec83e2ade33486769ad87a8f3bd5608b9bfc38eda08,2026-09-18T10:40:22.090068+00:00,490161,293,Abu,Kamara,Kamara,88,Hull City,HUL,Midfielder,u,True,5.0,0.0,0.0,0.0,0.0,0.0,0.0,0.0,0.0,0.0,0.0,0.0,0.0,0.0,0.0,0.0,0.0,,0.0,0.0,0.0,0.0,,0.0,,,,,,,,0.0,0.0,excluded,0.0,0.8,4,0,0,0.0,0.0,0.0,Excluded in squad.json; projection forced to zero,False,False,False,False,False,False,False,False,False,False,False,False,False,False,False,False,False,False,False,False,False,False,False,False,False,False,False,False,False,False,False,False
dd9b0c9710fd270123600531e17f3287ab6c9403,v2-form-workload-blend,d113ff8057aa6718889feec83e2ade33486769ad87a8f3bd5608b9bfc38eda08,2026-09-18T10:40:22.090068+00:00,490881,436,Toby,Collyer,Collyer,1,Man Utd,MUN,Midfielder,u,True,5.0,0.0,0.0,0.0,0.0,0.0,0.0,0.0,0.0,0.0,0.0,0.0,0.0,0.0,0.0,0.0,0.0,36.67385943480324,0.0,3.0,0.0,0.0,,0.0,,,,,,,,0.0,0.0,excluded,0.0,1.0,4,0,0,0.0,0.0,0.0,Excluded in squad.json; projection forced to zero,False,False,False,False,False,False,False,False,False,False,False,False,False,False,False,False,False,False,False,False,False,False,False,False,False,False,False,False,False,False,False,False
dd9b0c9710fd270123600531e17f3287ab6c9403,v2-form-workload-blend,d113ff8057aa6718889feec83e2ade33486769ad87a8f3bd5608b9bfc38eda08,2026-09-18T10:40:22.090068+00:00,491007,163,Dário,Luís Essugo,D.Essugo,8,Chelsea,CHE,Midfielder,u,False,4.5,0.1,0.0,0.0,0.0,0.0,0.0,0.0,0.0,0.0,0.0,0.0,0.0,0.0,0.0,0.0,0.0,39.944692768136576,0.0,2.0,0.0,0.0,,18.0,,,,,,,,0.0,0.0,high,1.0,1.0,4,0,0,0.0,0.0,0.0,5-GW avg pts 0.00; mins 0; xGI 0.00; current GWs 4; fixture Elo diff -10,False,False,False,False,False,False,False,False,False,False,False,False,False,False,False,False,False,False,False,False,False,False,False,False,False,False,False,False,False,False,False,False
dd9b0c9710fd270123600531e17f3287ab6c9403,v2-form-workload-blend,d113ff8057aa6718889feec83e2ade33486769ad87a8f3bd5608b9bfc38eda08,2026-09-18T10:40:22.090068+00:00,492498,191,Raphael,Borges Rodrigues,Borges Rodrigues,9,Coventry City,COV,Midfielder,u,False,4.5,0.1,0.0,0.0,0.0,0.0,0.0,0.0,0.0,0.0,0.0,0.0,0.0,0.0,0.0,0.0,0.0,,0.0,0.0,0.0,0.0,,0.0,,,,,,,,0.0,0.0,high,0.8,0.8,4,0,0,0.0,0.0,0.0,5-GW avg pts 0.00; mins 0; xGI 0.00; current GWs 4; fixture Elo diff -136,False,False,False,False,False,False,False,False,False,False,False,False,False,False,False,False,False,False,False,False,False,False,False,False,False,False,False,False,False,False,False,False
dd9b0c9710fd270123600531e17f3287ab6c9403,v2-form-workload-blend,d113ff8057aa6718889feec83e2ade33486769ad87a8f3bd5608b9bfc38eda08,2026-09-18T10:40:22.090068+00:00,492777,360,Conor,Bradley,Bradley,14,Liverpool,LIV,Defender,i,False,5.0,0.0,0.0,0.0,0.0,0.0,0.0,0.0,0.0,0.0,0.0,0.0,0.0,0.0,0.0,0.0,0.0,,0.0,0.0,0.0,0.0,,0.0,,,,,,,,0.0,0.0,high,1.0,1.0,4,0,0,0.0,0.0,0.0,5-GW avg pts 0.00; mins 0; xGI 0.00; current GWs 4; fixture Elo diff -6,False,False,False,False,False,False,False,False,False,False,False,False,False,False,False,False,False,False,False,False,False,False,False,False,False,False,False,False,False,False,False,False
dd9b0c9710fd270123600531e17f3287ab6c9403,v2-form-workload-blend,d113ff8057aa6718889feec83e2ade33486769ad87a8f3bd5608b9bfc38eda08,2026-09-18T10:40:22.090068+00:00,492859,341,Wilfried,Gnonto,Gnonto,2,Leeds,LEE,Midfielder,u,False,5.0,0.0,0.0,0.0,0.0,0.0,0.0,0.0,0.0,0.0,0.0,0.0,0.0,0.0,0.0,0.0,0.0,36.67385943480324,0.0,3.0,0.2,0.0,21.0,128.0,,,,,,,,0.0,0.0,high,1.0,1.0,4,0,0,0.0,0.0,0.0,5-GW avg pts 0.20; mins 4; xGI 0.00; current GWs 4; fixture Elo diff -81,False,False,False,False,False,False,False,False,False,False,False,False,False,False,False,False,False,False,False,False,False,False,False,False,False,False,False,False,False,False,False,False
dd9b0c9710fd270123600531e17f3287ab6c9403,v2-form-workload-blend,d113ff8057aa6718889feec83e2ade33486769ad87a8f3bd5608b9bfc38eda08,2026-09-18T10:40:22.090068+00:00,493250,431,Amad,Diallo,Amad,1,Man Utd,MUN,Midfielder,i,False,5.7,0.3,0.0,0.0,0.0,0.0,0.0,0.0,0.0,0.0,0.0,0.0,0.0,0.0,0.0,0.0,0.0,33.83010943480324,0.0,4.0,0.2,0.2,90.0,354.0,0.21355932203389832,0.3101694915254237,6.101694915254237,0.0,,4.0,,0.0,0.0,high,1.0,1.0,4,0,0,0.0,0.0,0.0,5-GW avg pts 1.40; mins 18; xGI 0.19; current GWs 4; fixture Elo diff +97,False,False,False,False,False,False,False,False,False,False,False,False,False,False,False,False,False,False,False,False,False,False,False,False,False,False,False,False,False,False,False,False
dd9b0c9710fd270123600531e17f3287ab6c9403,v2-form-workload-blend,d113ff8057aa6718889feec83e2ade33486769ad87a8f3bd5608b9bfc38eda08,2026-09-18T10:40:22.090068+00:00,493362,513,Xavi,Simons,Xavi,6,Spurs,TOT,Midfielder,i,False,5.9,0.0,0.0,0.0,0.0,0.0,0.0,0.0,0.0,0.0,0.0,0.0,0.0,0.0,0.0,0.0,0.0,,0.0,0.0,0.0,0.0,,152.0,,,,,4.0,,2.0,0.0,0.0,high,1.0,1.0,4,0,0,0.0,0.0,0.0,5-GW avg pts 0.00; mins 0; xGI 0.00; current GWs 4; fixture Elo diff -49,False,False,False,False,False,False,False,False,False,False,False,False,False,False,False,False,False,False,False,False,False,False,False,False,False,False,False,False,False,False,False,False
dd9b0c9710fd270123600531e17f3287ab6c9403,v2-form-workload-blend,d113ff8057aa6718889feec83e2ade33486769ad87a8f3bd5608b9bfc38eda08,2026-09-18T10:40:22.090068+00:00,494307,394,Max,Alleyne,Alleyne,43,Man City,MCI,Defender,u,True,5.0,0.0,0.0,0.0,0.0,0.0,0.0,0.0,0.0,0.0,0.0,0.0,0.0,0.0,0.0,0.0,0.0,47.96552610146991,0.0,1.0,0.0,0.0,,0.0,,,,,,,,0.0,0.0,excluded,0.0,1.0,4,0,0,0.0,0.0,0.0,Excluded in squad.json; projection forced to zero,False,False,False,False,False,False,False,False,False,False,False,False,False,False,False,False,False,False,False,False,False,False,False,False,False,False,False,False,False,False,False,False
dd9b0c9710fd270123600531e17f3287ab6c9403,v2-form-workload-blend,d113ff8057aa6718889feec83e2ade33486769ad87a8f3bd5608b9bfc38eda08,2026-09-18T10:40:22.090068+00:00,494950,275,Harvey,Cartwright,Cartwright,88,Hull City,HUL,Goalkeeper,u,True,4.0,0.0,0.0,0.0,0.0,0.0,0.0,0.0,0.0,0.0,0.0,0.0,0.0,0.0,0.0,0.0,0.0,,0.0,0.0,0.0,0.0,,0.0,,,,,,,,0.0,0.0,excluded,0.0,0.8,4,0,0,0.0,0.0,0.0,Excluded in squad.json; projection forced to zero,False,False,False,False,False,False,False,False,False,False,False,False,False,False,False,False,False,False,False,False,False,False,False,False,False,False,False,False,False,False,False,False
dd9b0c9710fd270123600531e17f3287ab6c9403,v2-form-workload-blend,d113ff8057aa6718889feec83e2ade33486769ad87a8f3bd5608b9bfc38eda08,2026-09-18T10:40:22.090068+00:00,499175,22,Ethan,Nwaneri,Nwaneri,3,Arsenal,ARS,Midfielder,u,False,5.4,0.0,0.0,0.0,0.0,0.0,0.0,0.0,0.0,0.0,0.0,0.0,0.0,0.0,0.0,0.0,0.0,36.67385943480324,0.0,4.0,0.0,0.0,,0.0,,,,,,,,0.0,0.0,high,1.0,1.0,4,0,0,0.0,0.0,0.0,5-GW avg pts 0.00; mins 0; xGI 0.00; current GWs 4; fixture Elo diff +229,False,False,False,False,False,False,False,False,False,False,False,False,False,False,False,False,False,False,False,False,False,False,False,False,False,False,False,False,False,False,False,False
dd9b0c9710fd270123600531e17f3287ab6c9403,v2-form-workload-blend,d113ff8057aa6718889feec83e2ade33486769ad87a8f3bd5608b9bfc38eda08,2026-09-18T10:40:22.090068+00:00,499300,235,Adam,Aznou,Aznou,11,Everton,EVE,Defender,u,False,4.0,0.1,0.0,0.0,0.0,0.0,0.0,0.0,0.0,0.0,0.0,0.0,0.0,0.0,0.0,0.0,0.0,22.65302610146991,0.0,3.0,0.0,0.0,,0.0,,,,,,,,0.0,0.0,high,1.0,1.0,4,0,0,0.0,0.0,0.0,5-GW avg pts 0.00; mins 0; xGI 0.00; current GWs 4; fixture Elo diff +22,False,False,False,False,False,False,False,False,False,False,False,False,False,False,False,False,False,False,False,False,False,False,False,False,False,False,False,False,False,False,False,False
dd9b0c9710fd270123600531e17f3287ab6c9403,v2-form-workload-blend,d113ff8057aa6718889feec83e2ade33486769ad87a8f3bd5608b9bfc38eda08,2026-09-18T10:40:22.090068+00:00,499309,168,Marc,Guiu Paz,Marc Guiu,8,Chelsea,CHE,Forward,u,False,5.0,0.2,0.0,0.0,0.0,0.0,0.0,0.0,0.0,0.0,0.0,0.0,0.0,0.0,0.0,0.0,0.0,,0.0,0.0,0.0,0.0,,18.0,,,,,,,,0.0,0.0,high,1.0,1.0,4,0,0,0.0,0.0,0.0,5-GW avg pts 0.00; mins 0; xGI 0.00; current GWs 4; fixture Elo diff -10,False,False,False,False,False,False,False,False,False,False,False,False,False,False,False,False,False,False,False,False,False,False,False,False,False,False,False,False,False,False,False,False
dd9b0c9710fd270123600531e17f3287ab6c9403,v2-form-workload-blend,d113ff8057aa6718889feec83e2ade33486769ad87a8f3bd5608b9bfc38eda08,2026-09-18T10:40:22.090068+00:00,499721,523,Mikey,Moore,Moore,6,Spurs,TOT,Midfielder,u,False,5.0,0.1,0.0,0.0,0.0,0.0,0.0,0.0,0.0,0.0,0.0,0.0,0.0,0.0,0.0,0.0,0.0,19.757192768136573,0.0,6.0,0.4,0.2,44.5,89.0,,,,,,,,0.0,0.0,high,1.0,1.0,4,0,0,0.0,0.0,0.0,5-GW avg pts 0.60; mins 18; xGI 0.08; current GWs 4; fixture Elo diff -49,False,False,False,False,False,False,False,False,False,False,False,False,False,False,False,False,False,False,False,False,False,False,False,False,False,False,False,False,False,False,False,False
dd9b0c9710fd270123600531e17f3287ab6c9403,v2-form-workload-blend,d113ff8057aa6718889feec83e2ade33486769ad87a8f3bd5608b9bfc38eda08,2026-09-18T10:40:22.090068+00:00,500151,475,Nicolò,Savona,Savona,17,Nott'm Forest,NFO,Defender,i,False,4.5,0.0,0.0,0.0,0.0,0.0,0.0,0.0,0.0,0.0,0.0,0.0,0.0,0.0,0.0,0.0,0.0,,0.0,0.0,0.0,0.0,,0.0,,,,,,,,0.0,0.0,high,1.0,1.0,4,0,0,0.0,0.0,0.0,5-GW avg pts 0.00; mins 0; xGI 0.00; current GWs 4; fixture Elo diff +21,False,False,False,False,False,False,False,False,False,False,False,False,False,False,False,False,False,False,False,False,False,False,False,False,False,False,False,False,False,False,False,False
dd9b0c9710fd270123600531e17f3287ab6c9403,v2-form-workload-blend,d113ff8057aa6718889feec83e2ade33486769ad87a8f3bd5608b9bfc38eda08,2026-09-18T10:40:22.090068+00:00,500957,298,Enis,Destan,Destan,88,Hull City,HUL,Forward,u,True,4.5,0.2,0.0,0.0,0.0,0.0,0.0,0.0,0.0,0.0,0.0,0.0,0.0,0.0,0.0,0.0,0.0,,0.0,0.0,0.0,0.0,,0.0,,,,,,,,0.0,0.0,excluded,0.0,0.8,4,0,0,0.0,0.0,0.0,Excluded in squad.json; projection forced to zero,False,False,False,False,False,False,False,False,False,False,False,False,False,False,False,False,False,False,False,False,False,False,False,False,False,False,False,False,False,False,False,False
dd9b0c9710fd270123600531e17f3287ab6c9403,v2-form-workload-blend,d113ff8057aa6718889feec83e2ade33486769ad87a8f3bd5608b9bfc38eda08,2026-09-18T10:40:22.090068+00:00,501902,278,Charlie,Hughes,Hughes,88,Hull City,HUL,Defender,i,False,3.9,0.3,0.0,0.0,0.0,0.0,0.0,0.0,0.0,0.0,0.0,0.0,0.0,0.0,0.0,0.0,0.0,,0.0,0.0,0.0,0.0,,0.0,,,,,,,,0.0,0.0,high,0.8,0.8,4,0,0,0.0,0.0,0.0,5-GW avg pts 0.00; mins 0; xGI 0.00; current GWs 4; fixture Elo diff -253,False,False,False,False,False,False,False,False,False,False,False,False,False,False,False,False,False,False,False,False,False,False,False,False,False,False,False,False,False,False,False,False
dd9b0c9710fd270123600531e17f3287ab6c9403,v2-form-workload-blend,d113ff8057aa6718889feec83e2ade33486769ad87a8f3bd5608b9bfc38eda08,2026-09-18T10:40:22.090068+00:00,503301,484,Omari,Hutchinson,Hutchinson,17,Nott'm Forest,NFO,Midfielder,u,False,5.4,0.1,0.0,0.0,0.0,0.0,0.0,0.0,0.0,0.0,0.0,0.0,0.0,0.0,0.0,0.0,0.0,23.65302610146991,0.0,1.0,0.2,0.2,77.0,335.0,0.04029850746268646,0.22567164179104476,6.17910447761194,0.0,,,,0.0,0.0,high,1.0,1.0,4,0,0,0.0,0.0,0.0,5-GW avg pts 1.00; mins 15; xGI 0.03; current GWs 4; fixture Elo diff +21,False,False,False,False,False,False,False,False,False,False,False,False,False,False,False,False,False,False,False,False,False,False,False,False,False,False,False,False,False,False,False,False
dd9b0c9710fd270123600531e17f3287ab6c9403,v2-form-workload-blend,d113ff8057aa6718889feec83e2ade33486769ad87a8f3bd5608b9bfc38eda08,2026-09-18T10:40:22.090068+00:00,505079,252,Alfie,McNally,McNally,54,Fulham,FUL,Goalkeeper,u,False,4.0,0.1,0.0,0.0,0.0,0.0,0.0,0.0,0.0,0.0,0.0,0.0,0.0,0.0,0.0,0.0,0.0,,0.0,0.0,0.0,0.0,,0.0,,,,,,,,0.0,0.0,high,1.0,1.0,4,0,0,0.0,0.0,0.0,5-GW avg pts 0.00; mins 0; xGI 0.00; current GWs 4; fixture Elo diff +79,False,False,False,False,False,False,False,False,False,False,False,False,False,False,False,False,False,False,False,False,False,False,False,False,False,False,False,False,False,False,False,False
dd9b0c9710fd270123600531e17f3287ab6c9403,v2-form-workload-blend,d113ff8057aa6718889feec83e2ade33486769ad87a8f3bd5608b9bfc38eda08,2026-09-18T10:40:22.090068+00:00,508479,141,Filip,Jörgensen,Jörgensen,8,Chelsea,CHE,Goalkeeper,u,True,5.0,0.0,0.0,0.0,0.0,0.0,0.0,0.0,0.0,0.0,0.0,0.0,0.0,0.0,0.0,0.0,0.0,,0.0,0.0,0.0,0.0,,114.0,,,,,,,,0.0,0.0,excluded,0.0,1.0,4,0,0,0.0,0.0,0.0,Excluded in squad.json; projection forced to zero,False,False,False,False,False,False,False,False,False,False,False,False,False,False,False,False,False,False,False,False,False,False,False,False,False,False,False,False,False,False,False,False
dd9b0c9710fd270123600531e17f3287ab6c9403,v2-form-workload-blend,d113ff8057aa6718889feec83e2ade33486769ad87a8f3bd5608b9bfc38eda08,2026-09-18T10:40:22.090068+00:00,510663,380,Hugo,Ekitiké,Ekitiké,14,Liverpool,LIV,Forward,i,False,7.4,0.1,0.0,0.0,0.0,0.0,0.0,0.0,0.0,0.0,0.0,0.0,0.0,0.0,0.0,0.0,0.0,,0.0,0.0,0.0,0.0,,0.0,,,,,,,,0.0,0.0,high,1.0,1.0,4,0,0,0.0,0.0,0.0,5-GW avg pts 0.00; mins 0; xGI 0.00; current GWs 4; fixture Elo diff -6,False,False,False,False,False,False,False,False,False,False,False,False,False,False,False,False,False,False,False,False,False,False,False,False,False,False,False,False,False,False,False,False
dd9b0c9710fd270123600531e17f3287ab6c9403,v2-form-workload-blend,d113ff8057aa6718889feec83e2ade33486769ad87a8f3bd5608b9bfc38eda08,2026-09-18T10:40:22.090068+00:00,515621,206,Chadi,Riad Dnanou,Chadi Riad,31,Crystal Palace,CRY,Defender,i,False,4.4,0.0,0.0,0.0,0.0,0.0,0.0,0.0,0.0,0.0,0.0,0.0,0.0,0.0,0.0,0.0,0.0,26.861359434803244,0.0,2.0,0.4,0.4,81.0,310.0,0.06387096774193546,0.026129032258064514,9.870967741935484,0.0,,,,0.0,0.0,high,1.0,1.0,4,0,0,0.0,0.0,0.0,5-GW avg pts 0.80; mins 32; xGI 0.04; current GWs 4; fixture Elo diff -11,False,False,False,False,False,False,False,False,False,False,False,False,False,False,False,False,False,False,False,False,False,False,False,False,False,False,False,False,False,False,False,False
dd9b0c9710fd270123600531e17f3287ab6c9403,v2-form-workload-blend,d113ff8057aa6718889feec83e2ade33486769ad87a8f3bd5608b9bfc38eda08,2026-09-18T10:40:22.090068+00:00,519324,624,Amario,Cozier-Duberry,Cozier-Duberry,36,Brighton,BHA,Midfielder,u,False,5.0,0.0,0.0,0.0,0.0,0.0,0.0,0.0,0.0,0.0,0.0,0.0,0.0,0.0,0.0,0.0,0.0,,0.0,0.0,0.0,0.0,,0.0,,,,,,,,0.0,0.0,medium,0.6,0.6,3,0,0,0.0,0.0,0.0,5-GW avg pts 0.00; mins 0; xGI 0.00; current GWs 3; fixture Elo diff -55,False,False,False,False,False,False,False,False,False,False,False,False,False,False,False,False,False,False,False,False,False,False,False,False,False,False,False,False,False,False,False,False
dd9b0c9710fd270123600531e17f3287ab6c9403,v2-form-workload-blend,d113ff8057aa6718889feec83e2ade33486769ad87a8f3bd5608b9bfc38eda08,2026-09-18T10:40:22.090068+00:00,519634,537,Jenson,Seelt,Seelt,56,Sunderland,SUN,Defender,u,True,4.5,0.0,0.0,0.0,0.0,0.0,0.0,0.0,0.0,0.0,0.0,0.0,0.0,0.0,0.0,0.0,0.0,54.52802610146991,0.0,1.0,0.0,0.0,,0.0,,,,,,,,0.0,0.0,excluded,0.0,1.0,4,0,0,0.0,0.0,0.0,Excluded in squad.json; projection forced to zero,False,False,False,False,False,False,False,False,False,False,False,False,False,False,False,False,False,False,False,False,False,False,False,False,False,False,False,False,False,False,False,False
dd9b0c9710fd270123600531e17f3287ab6c9403,v2-form-workload-blend,d113ff8057aa6718889feec83e2ade33486769ad87a8f3bd5608b9bfc38eda08,2026-09-18T10:40:22.090068+00:00,524180,602,Cameron,Humphreys,Humphreys,40,Ipswich Town,IPS,Midfielder,u,False,4.5,0.0,0.0,0.0,0.0,0.0,0.0,0.0,0.0,0.0,0.0,0.0,0.0,0.0,0.0,0.0,0.0,23.663442768136573,0.0,1.0,0.0,0.0,,0.0,,,,,,,,0.0,0.0,high,0.8,0.8,4,0,0,0.0,0.0,0.0,5-GW avg pts 0.00; mins 0; xGI 0.00; current GWs 4; fixture Elo diff -148,False,False,False,False,False,False,False,False,False,False,False,False,False,False,False,False,False,False,False,False,False,False,False,False,False,False,False,False,False,False,False,False
dd9b0c9710fd270123600531e17f3287ab6c9403,v2-form-workload-blend,d113ff8057aa6718889feec83e2ade33486769ad87a8f3bd5608b9bfc38eda08,2026-09-18T10:40:22.090068+00:00,534392,299,Mason,Burstow,Burstow,88,Hull City,HUL,Forward,u,True,4.5,0.0,0.0,0.0,0.0,0.0,0.0,0.0,0.0,0.0,0.0,0.0,0.0,0.0,0.0,0.0,0.0,,0.0,0.0,0.0,0.0,,0.0,,,,,,,,0.0,0.0,excluded,0.0,0.8,4,0,0,0.0,0.0,0.0,Excluded in squad.json; projection forced to zero,False,False,False,False,False,False,False,False,False,False,False,False,False,False,False,False,False,False,False,False,False,False,False,False,False,False,False,False,False,False,False,False
dd9b0c9710fd270123600531e17f3287ab6c9403,v2-form-workload-blend,d113ff8057aa6718889feec83e2ade33486769ad87a8f3bd5608b9bfc38eda08,2026-09-18T10:40:22.090068+00:00,535818,546,Simon,Adingra,Adingra,56,Sunderland,SUN,Midfielder,u,False,4.9,0.0,0.0,0.0,0.0,0.0,0.0,0.0,0.0,0.0,0.0,0.0,0.0,0.0,0.0,0.0,0.0,,0.0,0.0,0.0,0.0,,0.0,,,,,,,,0.0,0.0,high,1.0,1.0,4,0,0,0.0,0.0,0.0,5-GW avg pts 0.00; mins 0; xGI 0.00; current GWs 4; fixture Elo diff -93,False,False,False,False,False,False,False,False,False,False,False,False,False,False,False,False,False,False,False,False,False,False,False,False,False,False,False,False,False,False,False,False
dd9b0c9710fd270123600531e17f3287ab6c9403,v2-form-workload-blend,d113ff8057aa6718889feec83e2ade33486769ad87a8f3bd5608b9bfc38eda08,2026-09-18T10:40:22.090068+00:00,535928,376,Stefan,Bajčetić Maquieira,Bajcetic,14,Liverpool,LIV,Midfielder,u,False,5.0,0.0,0.0,0.0,0.0,0.0,0.0,0.0,0.0,0.0,0.0,0.0,0.0,0.0,0.0,0.0,0.0,,0.0,0.0,0.0,0.0,,0.0,,,,,,,,0.0,0.0,high,1.0,1.0,4,0,0,0.0,0.0,0.0,5-GW avg pts 0.00; mins 0; xGI 0.00; current GWs 4; fixture Elo diff -6,False,False,False,False,False,False,False,False,False,False,False,False,False,False,False,False,False,False,False,False,False,False,False,False,False,False,False,False,False,False,False,False
dd9b0c9710fd270123600531e17f3287ab6c9403,v2-form-workload-blend,d113ff8057aa6718889feec83e2ade33486769ad87a8f3bd5608b9bfc38eda08,2026-09-18T10:40:22.090068+00:00,536694,217,Matheus,França de Oliveira,M.França,31,Crystal Palace,CRY,Midfielder,u,False,4.9,0.0,0.0,0.0,0.0,0.0,0.0,0.0,0.0,0.0,0.0,0.0,0.0,0.0,0.0,0.0,0.0,33.944692768136576,0.0,3.0,0.0,0.0,,0.0,,,,,,,,0.0,0.0,high,1.0,1.0,4,0,0,0.0,0.0,0.0,5-GW avg pts 0.00; mins 0; xGI 0.00; current GWs 4; fixture Elo diff -11,False,False,False,False,False,False,False,False,False,False,False,False,False,False,False,False,False,False,False,False,False,False,False,False,False,False,False,False,False,False,False,False
dd9b0c9710fd270123600531e17f3287ab6c9403,v2-form-workload-blend,d113ff8057aa6718889feec83e2ade33486769ad87a8f3bd5608b9bfc38eda08,2026-09-18T10:40:22.090068+00:00,536916,128,Facundo,Buonanotte,Buonanotte,36,Brighton,BHA,Midfielder,u,True,5.0,0.0,0.0,0.0,0.0,0.0,0.0,0.0,0.0,0.0,0.0,0.0,0.0,0.0,0.0,0.0,0.0,,0.0,0.0,0.2,0.0,12.0,12.0,,,,,,,,0.0,0.0,excluded,0.0,1.0,4,0,0,0.0,0.0,0.0,Excluded in squad.json; projection forced to zero,False,False,False,False,False,False,False,False,False,False,False,False,False,False,False,False,False,False,False,False,False,False,False,False,False,False,False,False,False,False,False,False
dd9b0c9710fd270123600531e17f3287ab6c9403,v2-form-workload-blend,d113ff8057aa6718889feec83e2ade33486769ad87a8f3bd5608b9bfc38eda08,2026-09-18T10:40:22.090068+00:00,538207,465,William,Osula,Osula,4,Newcastle,NEW,Forward,i,False,5.9,0.3,0.0,0.0,0.0,0.0,0.0,0.0,0.0,0.0,0.0,0.0,0.0,0.0,0.0,0.0,0.0,25.798859434803244,0.0,4.0,0.4,0.2,60.0,496.0,0.491733870967742,0.12701612903225803,2.721774193548387,0.0,1.0,,4.0,0.0,0.0,high,1.0,1.0,4,0,0,0.0,0.0,0.0,5-GW avg pts 1.20; mins 24; xGI 0.04; current GWs 4; fixture Elo diff +93,False,False,False,False,False,False,False,False,False,False,False,False,False,False,False,False,False,False,False,False,False,False,False,False,False,False,False,False,False,False,False,False
dd9b0c9710fd270123600531e17f3287ab6c9403,v2-form-workload-blend,d113ff8057aa6718889feec83e2ade33486769ad87a8f3bd5608b9bfc38eda08,2026-09-18T10:40:22.090068+00:00,538638,479,Tyler,Bindon,Bindon,17,Nott'm Forest,NFO,Defender,u,False,4.0,0.1,0.0,0.0,0.0,0.0,0.0,0.0,0.0,0.0,0.0,0.0,0.0,0.0,0.0,0.0,0.0,,0.0,0.0,0.0,0.0,,0.0,,,,,,,,0.0,0.0,high,0.8,0.8,4,0,0,0.0,0.0,0.0,5-GW avg pts 0.00; mins 0; xGI 0.00; current GWs 4; fixture Elo diff +21,False,False,False,False,False,False,False,False,False,False,False,False,False,False,False,False,False,False,False,False,False,False,False,False,False,False,False,False,False,False,False,False
dd9b0c9710fd270123600531e17f3287ab6c9403,v2-form-workload-blend,d113ff8057aa6718889feec83e2ade33486769ad87a8f3bd5608b9bfc38eda08,2026-09-18T10:40:22.090068+00:00,543295,99,Antoni,Milambo,Milambo,94,Brentford,BRE,Midfielder,i,False,5.0,0.0,0.0,0.0,0.0,0.0,0.0,0.0,0.0,0.0,0.0,0.0,0.0,0.0,0.0,0.0,0.0,,0.0,0.0,0.0,0.0,,0.0,,,,,,,,0.0,0.0,high,1.0,1.0,4,0,0,0.0,0.0,0.0,5-GW avg pts 0.00; mins 0; xGI 0.00; current GWs 4; fixture Elo diff +33,False,False,False,False,False,False,False,False,False,False,False,False,False,False,False,False,False,False,False,False,False,False,False,False,False,False,False,False,False,False,False,False
dd9b0c9710fd270123600531e17f3287ab6c9403,v2-form-workload-blend,d113ff8057aa6718889feec83e2ade33486769ad87a8f3bd5608b9bfc38eda08,2026-09-18T10:40:22.090068+00:00,545477,451,Alex,Murphy,A.Murphy,4,Newcastle,NEW,Defender,u,True,4.0,0.1,0.0,0.0,0.0,0.0,0.0,0.0,0.0,0.0,0.0,0.0,0.0,0.0,0.0,0.0,0.0,50.67385943480324,0.0,2.0,0.2,0.0,6.0,6.0,,,,,,,,0.0,0.0,excluded,0.0,1.0,4,0,0,0.0,0.0,0.0,Excluded in squad.json; projection forced to zero,False,False,False,False,False,False,False,False,False,False,False,False,False,False,False,False,False,False,False,False,False,False,False,False,False,False,False,False,False,False,False,False
dd9b0c9710fd270123600531e17f3287ab6c9403,v2-form-workload-blend,d113ff8057aa6718889feec83e2ade33486769ad87a8f3bd5608b9bfc38eda08,2026-09-18T10:40:22.090068+00:00,546600,554,Kayne,van Oevelen,Van Oevelen,40,Ipswich Town,IPS,Goalkeeper,u,True,4.5,0.0,0.0,0.0,0.0,0.0,0.0,0.0,0.0,0.0,0.0,0.0,0.0,0.0,0.0,0.0,0.0,40.86135943480324,0.0,2.0,0.0,0.0,,0.0,,,,,,,,0.0,0.0,excluded,0.0,0.8,4,0,0,0.0,0.0,0.0,Excluded in squad.json; projection forced to zero,False,False,False,False,False,False,False,False,False,False,False,False,False,False,False,False,False,False,False,False,False,False,False,False,False,False,False,False,False,False,False,False
dd9b0c9710fd270123600531e17f3287ab6c9403,v2-form-workload-blend,d113ff8057aa6718889feec83e2ade33486769ad87a8f3bd5608b9bfc38eda08,2026-09-18T10:40:22.090068+00:00,547027,543,Habib,Diarra,Diarra,56,Sunderland,SUN,Midfielder,i,False,5.4,0.0,0.0,0.0,0.0,0.0,0.0,0.0,0.0,0.0,0.0,0.0,0.0,0.0,0.0,0.0,0.0,18.90302610146991,0.0,2.0,0.6,0.0,19.0,242.0,0.35702479338842985,0.1710743801652892,5.950413223140496,0.0,1.0,,,0.0,0.0,high,1.0,1.0,4,0,0,0.0,0.0,0.0,5-GW avg pts 1.00; mins 11; xGI 0.07; current GWs 4; fixture Elo diff -93,False,False,False,False,False,False,False,False,False,False,False,False,False,False,False,False,False,False,False,False,False,False,False,False,False,False,False,False,False,False,False,False
dd9b0c9710fd270123600531e17f3287ab6c9403,v2-form-workload-blend,d113ff8057aa6718889feec83e2ade33486769ad87a8f3bd5608b9bfc38eda08,2026-09-18T10:40:22.090068+00:00,547676,425,Tyler,Fredricson,Fredricson,1,Man Utd,MUN,Defender,u,True,4.0,0.0,0.0,0.0,0.0,0.0,0.0,0.0,0.0,0.0,0.0,0.0,0.0,0.0,0.0,0.0,0.0,,0.0,0.0,0.0,0.0,,0.0,,,,,,,,0.0,0.0,excluded,0.0,1.0,4,0,0,0.0,0.0,0.0,Excluded in squad.json; projection forced to zero,False,False,False,False,False,False,False,False,False,False,False,False,False,False,False,False,False,False,False,False,False,False,False,False,False,False,False,False,False,False,False,False
dd9b0c9710fd270123600531e17f3287ab6c9403,v2-form-workload-blend,d113ff8057aa6718889feec83e2ade33486769ad87a8f3bd5608b9bfc38eda08,2026-09-18T10:40:22.090068+00:00,547686,610,Luc,De Fougerolles,De Fougerolles,54,Fulham,FUL,Defender,u,False,4.0,0.1,0.0,0.0,0.0,0.0,0.0,0.0,0.0,0.0,0.0,0.0,0.0,0.0,0.0,0.0,0.0,21.65302610146991,0.0,1.0,0.0,0.0,,0.0,,,,,,,,0.0,0.0,high,0.8,0.8,4,0,0,0.0,0.0,0.0,5-GW avg pts 0.00; mins 0; xGI 0.00; current GWs 4; fixture Elo diff +79,False,False,False,False,False,False,False,False,False,False,False,False,False,False,False,False,False,False,False,False,False,False,False,False,False,False,False,False,False,False,False,False
dd9b0c9710fd270123600531e17f3287ab6c9403,v2-form-workload-blend,d113ff8057aa6718889feec83e2ade33486769ad87a8f3bd5608b9bfc38eda08,2026-09-18T10:40:22.090068+00:00,548308,507,Ashley,Phillips,Phillips,6,Spurs,TOT,Defender,u,True,4.5,0.0,0.0,0.0,0.0,0.0,0.0,0.0,0.0,0.0,0.0,0.0,0.0,0.0,0.0,0.0,0.0,,0.0,0.0,0.0,0.0,,0.0,,,,,,,,0.0,0.0,excluded,0.0,1.0,4,0,0,0.0,0.0,0.0,Excluded in squad.json; projection forced to zero,False,False,False,False,False,False,False,False,False,False,False,False,False,False,False,False,False,False,False,False,False,False,False,False,False,False,False,False,False,False,False,False
dd9b0c9710fd270123600531e17f3287ab6c9403,v2-form-workload-blend,d113ff8057aa6718889feec83e2ade33486769ad87a8f3bd5608b9bfc38eda08,2026-09-18T10:40:22.090068+00:00,549067,477,Zach,Abbott,Abbott,17,Nott'm Forest,NFO,Defender,u,False,4.0,0.2,0.0,0.0,0.0,0.0,0.0,0.0,0.0,0.0,0.0,0.0,0.0,0.0,0.0,0.0,0.0,40.694692768136576,0.0,1.0,0.0,0.0,,45.0,,,,,,,,0.0,0.0,high,1.0,1.0,4,0,0,0.0,0.0,0.0,5-GW avg pts 0.00; mins 0; xGI 0.00; current GWs 4; fixture Elo diff +21,False,False,False,False,False,False,False,False,False,False,False,False,False,False,False,False,False,False,False,False,False,False,False,False,False,False,False,False,False,False,False,False
dd9b0c9710fd270123600531e17f3287ab6c9403,v2-form-workload-blend,d113ff8057aa6718889feec83e2ade33486769ad87a8f3bd5608b9bfc38eda08,2026-09-18T10:40:22.090068+00:00,549074,133,Tom,Watson,Watson,36,Brighton,BHA,Midfielder,u,True,5.0,0.0,0.0,0.0,0.0,0.0,0.0,0.0,0.0,0.0,0.0,0.0,0.0,0.0,0.0,0.0,0.0,23.663442768136573,0.0,1.0,0.0,0.0,,0.0,,,,,,,,0.0,0.0,excluded,0.0,1.0,4,0,0,0.0,0.0,0.0,Excluded in squad.json; projection forced to zero,False,False,False,False,False,False,False,False,False,False,False,False,False,False,False,False,False,False,False,False,False,False,False,False,False,False,False,False,False,False,False,False
dd9b0c9710fd270123600531e17f3287ab6c9403,v2-form-workload-blend,d113ff8057aa6718889feec83e2ade33486769ad87a8f3bd5608b9bfc38eda08,2026-09-18T10:40:22.090068+00:00,549653,197,Norman,Bassette,Bassette,9,Coventry City,COV,Forward,u,True,4.5,0.0,0.0,0.0,0.0,0.0,0.0,0.0,0.0,0.0,0.0,0.0,0.0,0.0,0.0,0.0,0.0,,0.0,0.0,0.0,0.0,,0.0,,,,,,,,0.0,0.0,excluded,0.0,0.8,4,0,0,0.0,0.0,0.0,Excluded in squad.json; projection forced to zero,False,False,False,False,False,False,False,False,False,False,False,False,False,False,False,False,False,False,False,False,False,False,False,False,False,False,False,False,False,False,False,False
dd9b0c9710fd270123600531e17f3287ab6c9403,v2-form-workload-blend,d113ff8057aa6718889feec83e2ade33486769ad87a8f3bd5608b9bfc38eda08,2026-09-18T10:40:22.090068+00:00,550090,117,Diego,Coppola,Coppola,36,Brighton,BHA,Defender,a,True,4.5,0.0,0.0,0.0,0.0,0.0,0.0,1.0,1.0,1.0,1.0,1.0,0.0,0.0,0.0,0.0,0.0,,0.0,0.0,0.0,0.0,,0.0,,,,,,,,0.0,0.0,excluded,0.0,1.0,4,0,0,0.0,0.0,0.0,Excluded in squad.json; projection forced to zero,False,False,False,False,False,False,False,False,False,False,False,False,False,False,False,False,False,False,False,False,False,False,False,False,False,False,False,False,False,False,False,False
dd9b0c9710fd270123600531e17f3287ab6c9403,v2-form-workload-blend,d113ff8057aa6718889feec83e2ade33486769ad87a8f3bd5608b9bfc38eda08,2026-09-18T10:40:22.090068+00:00,550839,517,Wilson,Odobert,Odobert,6,Spurs,TOT,Midfielder,i,False,5.5,0.0,0.0,0.0,0.0,0.0,0.0,0.0,0.0,0.0,0.0,0.0,0.0,0.0,0.0,0.0,0.0,,0.0,0.0,0.0,0.0,,0.0,,,,,,,,0.0,0.0,high,1.0,1.0,4,0,0,0.0,0.0,0.0,5-GW avg pts 0.00; mins 0; xGI 0.00; current GWs 4; fixture Elo diff -49,False,False,False,False,False,False,False,False,False,False,False,False,False,False,False,False,False,False,False,False,False,False,False,False,False,False,False,False,False,False,False,False
dd9b0c9710fd270123600531e17f3287ab6c9403,v2-form-workload-blend,d113ff8057aa6718889feec83e2ade33486769ad87a8f3bd5608b9bfc38eda08,2026-09-18T10:40:22.090068+00:00,551262,196,Jahnoah,Markelo,Markelo,9,Coventry City,COV,Forward,u,True,5.0,0.0,0.0,0.0,0.0,0.0,0.0,0.0,0.0,0.0,0.0,0.0,0.0,0.0,0.0,0.0,0.0,,0.0,0.0,0.0,0.0,,0.0,,,,,,,,0.0,0.0,excluded,0.0,0.8,4,0,0,0.0,0.0,0.0,Excluded in squad.json; projection forced to zero,False,False,False,False,False,False,False,False,False,False,False,False,False,False,False,False,False,False,False,False,False,False,False,False,False,False,False,False,False,False,False,False
dd9b0c9710fd270123600531e17f3287ab6c9403,v2-form-workload-blend,d113ff8057aa6718889feec83e2ade33486769ad87a8f3bd5608b9bfc38eda08,2026-09-18T10:40:22.090068+00:00,553746,609,Leo,Shahar,Shahar,4,Newcastle,NEW,Defender,u,False,4.0,0.2,0.0,0.0,0.0,0.0,0.0,0.0,0.0,0.0,0.0,0.0,0.0,0.0,0.0,0.0,0.0,,0.0,0.0,0.0,0.0,,0.0,,,,,,,,0.0,0.0,high,1.0,1.0,4,0,0,0.0,0.0,0.0,5-GW avg pts 0.00; mins 0; xGI 0.00; current GWs 4; fixture Elo diff +93,False,False,False,False,False,False,False,False,False,False,False,False,False,False,False,False,False,False,False,False,False,False,False,False,False,False,False,False,False,False,False,False
dd9b0c9710fd270123600531e17f3287ab6c9403,v2-form-workload-blend,d113ff8057aa6718889feec83e2ade33486769ad87a8f3bd5608b9bfc38eda08,2026-09-18T10:40:22.090068+00:00,560262,78,Junior,Kroupi,Kroupi.Jr,91,Bournemouth,BOU,Midfielder,i,False,7.4,0.2,0.0,0.0,0.0,0.0,0.0,0.0,0.0,0.0,0.0,0.0,0.0,0.0,0.0,0.0,0.0,,0.0,0.0,0.2,0.2,72.0,431.0,0.37587006960556857,0.10858468677494197,4.176334106728539,0.0,1.0,,,0.0,0.0,high,1.0,1.0,4,0,0,0.0,0.0,0.0,5-GW avg pts 0.40; mins 14; xGI 0.06; current GWs 4; fixture Elo diff +34,False,False,False,False,False,False,False,False,False,False,False,False,False,False,False,False,False,False,False,False,False,False,False,False,False,False,False,False,False,False,False,False
dd9b0c9710fd270123600531e17f3287ab6c9403,v2-form-workload-blend,d113ff8057aa6718889feec83e2ade33486769ad87a8f3bd5608b9bfc38eda08,2026-09-18T10:40:22.090068+00:00,565297,349,Mateo,Joseph Fernández-Regatillo,Mateo Joseph,2,Leeds,LEE,Forward,i,False,4.5,0.1,0.0,0.0,0.0,0.0,0.0,0.0,0.0,0.0,0.0,0.0,0.0,0.0,0.0,0.0,0.0,,0.0,0.0,0.0,0.0,,0.0,,,,,,,,0.0,0.0,high,1.0,1.0,4,0,0,0.0,0.0,0.0,5-GW avg pts 0.00; mins 0; xGI 0.00; current GWs 4; fixture Elo diff -81,False,False,False,False,False,False,False,False,False,False,False,False,False,False,False,False,False,False,False,False,False,False,False,False,False,False,False,False,False,False,False,False
dd9b0c9710fd270123600531e17f3287ab6c9403,v2-form-workload-blend,d113ff8057aa6718889feec83e2ade33486769ad87a8f3bd5608b9bfc38eda08,2026-09-18T10:40:22.090068+00:00,571380,607,Luka,Lynch,Lynch,7,Aston Villa,AVL,Midfielder,u,False,4.5,0.1,0.0,0.0,0.0,0.0,0.0,0.0,0.0,0.0,0.0,0.0,0.0,0.0,0.0,0.0,0.0,,0.0,0.0,0.0,0.0,,0.0,,,,,,,,0.0,0.0,high,0.8,0.8,4,0,0,0.0,0.0,0.0,5-GW avg pts 0.00; mins 0; xGI 0.00; current GWs 4; fixture Elo diff +74,False,False,False,False,False,False,False,False,False,False,False,False,False,False,False,False,False,False,False,False,False,False,False,False,False,False,False,False,False,False,False,False
dd9b0c9710fd270123600531e17f3287ab6c9403,v2-form-workload-blend,d113ff8057aa6718889feec83e2ade33486769ad87a8f3bd5608b9bfc38eda08,2026-09-18T10:40:22.090068+00:00,574458,150,Mamadou,Sarr,M.Sarr,8,Chelsea,CHE,Defender,u,False,4.5,0.0,0.0,0.0,0.0,0.0,0.0,0.0,0.0,0.0,0.0,0.0,0.0,0.0,0.0,0.0,0.0,40.944692768136576,0.0,2.0,0.0,0.0,,9.0,,,,,,,,0.0,0.0,high,1.0,1.0,4,0,0,0.0,0.0,0.0,5-GW avg pts 0.00; mins 0; xGI 0.00; current GWs 4; fixture Elo diff -10,False,False,False,False,False,False,False,False,False,False,False,False,False,False,False,False,False,False,False,False,False,False,False,False,False,False,False,False,False,False,False,False
dd9b0c9710fd270123600531e17f3287ab6c9403,v2-form-workload-blend,d113ff8057aa6718889feec83e2ade33486769ad87a8f3bd5608b9bfc38eda08,2026-09-18T10:40:22.090068+00:00,575204,407,Claudio,Echeverri,Echeverri,43,Man City,MCI,Midfielder,u,False,4.9,0.0,0.0,0.0,0.0,0.0,0.0,0.0,0.0,0.0,0.0,0.0,0.0,0.0,0.0,0.0,0.0,39.98635943480324,0.0,2.0,0.0,0.0,,0.0,,,,,,,,0.0,0.0,high,1.0,1.0,4,0,0,0.0,0.0,0.0,5-GW avg pts 0.00; mins 0; xGI 0.00; current GWs 4; fixture Elo diff +161,False,False,False,False,False,False,False,False,False,False,False,False,False,False,False,False,False,False,False,False,False,False,False,False,False,False,False,False,False,False,False,False
dd9b0c9710fd270123600531e17f3287ab6c9403,v2-form-workload-blend,d113ff8057aa6718889feec83e2ade33486769ad87a8f3bd5608b9bfc38eda08,2026-09-18T10:40:22.090068+00:00,577411,181,Miguel,Brau,Brau,9,Coventry City,COV,Defender,u,False,4.0,0.0,0.0,0.0,0.0,0.0,0.0,0.0,0.0,0.0,0.0,0.0,0.0,0.0,0.0,0.0,0.0,,0.0,0.0,0.0,0.0,,0.0,,,,,,,,0.0,0.0,high,0.8,0.8,4,0,0,0.0,0.0,0.0,5-GW avg pts 0.00; mins 0; xGI 0.00; current GWs 4; fixture Elo diff -136,False,False,False,False,False,False,False,False,False,False,False,False,False,False,False,False,False,False,False,False,False,False,False,False,False,False,False,False,False,False,False,False
dd9b0c9710fd270123600531e17f3287ab6c9403,v2-form-workload-blend,d113ff8057aa6718889feec83e2ade33486769ad87a8f3bd5608b9bfc38eda08,2026-09-18T10:40:22.090068+00:00,578545,39,Kosta,Nedeljkovic,Nedeljkovic,7,Aston Villa,AVL,Defender,u,True,4.0,0.1,0.0,0.0,0.0,0.0,0.0,0.0,0.0,0.0,0.0,0.0,0.0,0.0,0.0,0.0,0.0,41.944692768136576,0.0,1.0,0.0,0.0,,0.0,,,,,,,,0.0,0.0,excluded,0.0,0.8,4,0,0,0.0,0.0,0.0,Excluded in squad.json; projection forced to zero,False,False,False,False,False,False,False,False,False,False,False,False,False,False,False,False,False,False,False,False,False,False,False,False,False,False,False,False,False,False,False,False
dd9b0c9710fd270123600531e17f3287ab6c9403,v2-form-workload-blend,d113ff8057aa6718889feec83e2ade33486769ad87a8f3bd5608b9bfc38eda08,2026-09-18T10:40:22.090068+00:00,586268,353,Armin,Pecsi,Pecsi,14,Liverpool,LIV,Goalkeeper,u,True,4.0,0.0,0.0,0.0,0.0,0.0,0.0,0.0,0.0,0.0,0.0,0.0,0.0,0.0,0.0,0.0,0.0,,0.0,0.0,0.0,0.0,,0.0,,,,,,,,0.0,0.0,excluded,0.0,1.0,4,0,0,0.0,0.0,0.0,Excluded in squad.json; projection forced to zero,False,False,False,False,False,False,False,False,False,False,False,False,False,False,False,False,False,False,False,False,False,False,False,False,False,False,False,False,False,False,False,False
dd9b0c9710fd270123600531e17f3287ab6c9403,v2-form-workload-blend,d113ff8057aa6718889feec83e2ade33486769ad87a8f3bd5608b9bfc38eda08,2026-09-18T10:40:22.090068+00:00,590014,220,Rio,Cardines,Cardines,31,Crystal Palace,CRY,Defender,u,True,4.5,0.0,0.0,0.0,0.0,0.0,0.0,0.0,0.0,0.0,0.0,0.0,0.0,0.0,0.0,0.0,0.0,54.86135943480324,0.0,2.0,0.2,0.2,90.0,90.0,,,,,,,,0.0,0.0,excluded,0.0,1.0,4,0,0,0.0,0.0,0.0,Excluded in squad.json; projection forced to zero,False,False,False,False,False,False,False,False,False,False,False,False,False,False,False,False,False,False,False,False,False,False,False,False,False,False,False,False,False,False,False,False
dd9b0c9710fd270123600531e17f3287ab6c9403,v2-form-workload-blend,d113ff8057aa6718889feec83e2ade33486769ad87a8f3bd5608b9bfc38eda08,2026-09-18T10:40:22.090068+00:00,590039,409,Divine,Mukasa,Mukasa,43,Man City,MCI,Midfielder,u,False,4.5,0.1,0.0,0.0,0.0,0.0,0.0,0.0,0.0,0.0,0.0,0.0,51.0,51.0,51.0,51.0,0.0,2.663442768136574,1.0,1.0,0.0,0.0,,0.0,,,,,,,,0.0,0.0,high,1.0,1.0,4,0,0,0.0,0.0,0.0,5-GW avg pts 0.00; mins 0; xGI 0.00; current GWs 4; fixture Elo diff +161,False,False,False,False,False,False,False,False,False,False,False,False,False,False,False,False,False,False,False,False,False,False,False,False,False,False,False,False,False,False,False,False
dd9b0c9710fd270123600531e17f3287ab6c9403,v2-form-workload-blend,d113ff8057aa6718889feec83e2ade33486769ad87a8f3bd5608b9bfc38eda08,2026-09-18T10:40:22.090068+00:00,592031,122,Yankuba,Minteh,Minteh,36,Brighton,BHA,Midfielder,i,False,5.9,0.0,0.0,0.0,0.0,0.0,0.0,0.0,0.0,0.0,0.0,0.0,0.0,0.0,0.0,0.0,0.0,40.86135943480324,0.0,1.0,0.2,0.0,45.0,481.0,0.10478170478170479,0.17962577962577958,6.174636174636174,0.0,,5.0,,0.0,0.0,high,1.0,1.0,4,0,0,0.0,0.0,0.0,5-GW avg pts 0.20; mins 9; xGI 0.02; current GWs 4; fixture Elo diff -55,False,False,False,False,False,False,False,False,False,False,False,False,False,False,False,False,False,False,False,False,False,False,False,False,False,False,False,False,False,False,False,False
dd9b0c9710fd270123600531e17f3287ab6c9403,v2-form-workload-blend,d113ff8057aa6718889feec83e2ade33486769ad87a8f3bd5608b9bfc38eda08,2026-09-18T10:40:22.090068+00:00,593174,107,Kaye,Furo,Furo,94,Brentford,BRE,Forward,i,False,4.5,1.0,0.0,0.0,0.0,0.0,0.0,0.0,0.0,0.0,0.0,0.0,0.0,0.0,0.0,0.0,0.0,,0.0,0.0,0.0,0.0,,1.0,,,,,,,,0.0,0.0,high,1.0,1.0,4,0,0,0.0,0.0,0.0,5-GW avg pts 0.00; mins 0; xGI 0.00; current GWs 4; fixture Elo diff +33,False,False,False,False,False,False,False,False,False,False,False,False,False,False,False,False,False,False,False,False,False,False,False,False,False,False,False,False,False,False,False,False
dd9b0c9710fd270123600531e17f3287ab6c9403,v2-form-workload-blend,d113ff8057aa6718889feec83e2ade33486769ad87a8f3bd5608b9bfc38eda08,2026-09-18T10:40:22.090068+00:00,596047,441,Chido,Obi,Obi,1,Man Utd,MUN,Forward,u,False,4.5,1.1,0.0,0.0,0.0,0.0,0.0,0.0,0.0,0.0,0.0,0.0,0.0,0.0,0.0,0.0,0.0,55.77802610146991,0.0,1.0,0.0,0.0,,0.0,,,,,,,,0.0,0.0,high,1.0,1.0,4,0,0,0.0,0.0,0.0,5-GW avg pts 0.00; mins 0; xGI 0.00; current GWs 4; fixture Elo diff +97,False,False,False,False,False,False,False,False,False,False,False,False,False,False,False,False,False,False,False,False,False,False,False,False,False,False,False,False,False,False,False,False
dd9b0c9710fd270123600531e17f3287ab6c9403,v2-form-workload-blend,d113ff8057aa6718889feec83e2ade33486769ad87a8f3bd5608b9bfc38eda08,2026-09-18T10:40:22.090068+00:00,597320,132,Harry,Howell,Howell,36,Brighton,BHA,Midfielder,u,True,4.5,0.0,0.0,0.0,0.0,0.0,0.0,0.0,0.0,0.0,0.0,0.0,0.0,0.0,0.0,0.0,0.0,,0.0,0.0,0.0,0.0,,0.0,,,,,,,,0.0,0.0,excluded,0.0,1.0,4,0,0,0.0,0.0,0.0,Excluded in squad.json; projection forced to zero,False,False,False,False,False,False,False,False,False,False,False,False,False,False,False,False,False,False,False,False,False,False,False,False,False,False,False,False,False,False,False,False
dd9b0c9710fd270123600531e17f3287ab6c9403,v2-form-workload-blend,d113ff8057aa6718889feec83e2ade33486769ad87a8f3bd5608b9bfc38eda08,2026-09-18T10:40:22.090068+00:00,599303,466,Sean,Neave,Neave,4,Newcastle,NEW,Forward,u,False,4.5,0.6,0.0,0.0,0.0,0.0,0.0,0.0,0.0,0.0,0.0,0.0,90.0,90.0,90.0,90.0,0.0,1.6634427681365742,1.0,5.0,0.2,0.0,13.0,13.0,,,,,,,,0.0,0.0,high,1.0,1.0,4,0,0,0.0,0.0,0.0,5-GW avg pts 0.20; mins 3; xGI 0.01; current GWs 4; fixture Elo diff +93,False,False,False,False,False,False,False,False,False,False,False,False,False,False,False,False,False,False,False,False,False,False,False,False,False,False,False,False,False,False,False,False
dd9b0c9710fd270123600531e17f3287ab6c9403,v2-form-workload-blend,d113ff8057aa6718889feec83e2ade33486769ad87a8f3bd5608b9bfc38eda08,2026-09-18T10:40:22.090068+00:00,606798,38,Andrés,García,A.García,7,Aston Villa,AVL,Defender,a,True,4.0,1.6,0.0,0.0,0.0,0.0,0.0,1.0,1.0,1.0,1.0,1.0,0.0,0.0,0.0,0.0,0.0,,0.0,0.0,0.2,0.0,45.0,45.0,,,,,,,,0.0,0.0,excluded,0.0,1.0,4,0,0,0.0,0.0,0.0,Excluded in squad.json; projection forced to zero,False,False,False,False,False,False,False,False,False,False,False,False,False,False,False,False,False,False,False,False,False,False,False,False,False,False,False,False,False,False,False,False
dd9b0c9710fd270123600531e17f3287ab6c9403,v2-form-workload-blend,d113ff8057aa6718889feec83e2ade33486769ad87a8f3bd5608b9bfc38eda08,2026-09-18T10:40:22.090068+00:00,606921,216,Romain,Esse,Esse,31,Crystal Palace,CRY,Midfielder,u,False,5.0,0.0,0.0,0.0,0.0,0.0,0.0,0.0,0.0,0.0,0.0,0.0,0.0,0.0,0.0,0.0,0.0,54.86135943480324,0.0,2.0,0.0,0.0,,0.0,,,,,,,,0.0,0.0,high,1.0,1.0,4,0,0,0.0,0.0,0.0,5-GW avg pts 0.00; mins 0; xGI 0.00; current GWs 4; fixture Elo diff -11,False,False,False,False,False,False,False,False,False,False,False,False,False,False,False,False,False,False,False,False,False,False,False,False,False,False,False,False,False,False,False,False
dd9b0c9710fd270123600531e17f3287ab6c9403,v2-form-workload-blend,d113ff8057aa6718889feec83e2ade33486769ad87a8f3bd5608b9bfc38eda08,2026-09-18T10:40:22.090068+00:00,608181,137,Stefanos,Tzimas,Tzimas,36,Brighton,BHA,Forward,i,False,5.4,0.0,0.0,0.0,0.0,0.0,0.0,0.0,0.0,0.0,0.0,0.0,0.0,0.0,0.0,0.0,0.0,,0.0,0.0,0.0,0.0,,0.0,,,,,,,,0.0,0.0,high,1.0,1.0,4,0,0,0.0,0.0,0.0,5-GW avg pts 0.00; mins 0; xGI 0.00; current GWs 4; fixture Elo diff -55,False,False,False,False,False,False,False,False,False,False,False,False,False,False,False,False,False,False,False,False,False,False,False,False,False,False,False,False,False,False,False,False
dd9b0c9710fd270123600531e17f3287ab6c9403,v2-form-workload-blend,d113ff8057aa6718889feec83e2ade33486769ad87a8f3bd5608b9bfc38eda08,2026-09-18T10:40:22.090068+00:00,616221,511,João Victor,de Souza Menezes,Souza,6,Spurs,TOT,Defender,u,False,4.0,0.2,0.0,0.0,0.0,0.0,0.0,0.0,0.0,0.0,0.0,0.0,0.0,0.0,0.0,0.0,0.0,,0.0,0.0,0.0,0.0,,0.0,,,,,,,,0.0,0.0,high,1.0,1.0,4,0,0,0.0,0.0,0.0,5-GW avg pts 0.00; mins 0; xGI 0.00; current GWs 4; fixture Elo diff -49,False,False,False,False,False,False,False,False,False,False,False,False,False,False,False,False,False,False,False,False,False,False,False,False,False,False,False,False,False,False,False,False
dd9b0c9710fd270123600531e17f3287ab6c9403,v2-form-workload-blend,d113ff8057aa6718889feec83e2ade33486769ad87a8f3bd5608b9bfc38eda08,2026-09-18T10:40:22.090068+00:00,620487,63,Veljko,Milosavljevic,Milosavljević,91,Bournemouth,BOU,Defender,i,False,4.9,0.0,0.0,0.0,0.0,0.0,0.0,0.0,0.0,0.0,0.0,0.0,0.0,0.0,0.0,0.0,0.0,,0.0,0.0,0.0,0.0,,0.0,,,,,,,,0.0,0.0,high,1.0,1.0,4,0,0,0.0,0.0,0.0,5-GW avg pts 0.00; mins 0; xGI 0.00; current GWs 4; fixture Elo diff +34,False,False,False,False,False,False,False,False,False,False,False,False,False,False,False,False,False,False,False,False,False,False,False,False,False,False,False,False,False,False,False,False
dd9b0c9710fd270123600531e17f3287ab6c9403,v2-form-workload-blend,d113ff8057aa6718889feec83e2ade33486769ad87a8f3bd5608b9bfc38eda08,2026-09-18T10:40:22.090068+00:00,626751,632,Ilyas,Ansah,Ansah,88,Hull City,HUL,Forward,i,False,5.0,0.0,0.0,0.0,0.0,0.0,0.0,0.0,0.0,0.0,0.0,0.0,0.0,0.0,0.0,0.0,0.0,,0.0,0.0,0.0,0.0,,0.0,,,,,,,,0.0,0.0,low,0.4,0.4,2,0,0,0.0,0.0,0.0,5-GW avg pts 0.00; mins 0; xGI 0.00; current GWs 2; fixture Elo diff -253,False,False,False,False,False,False,False,False,False,False,False,False,False,False,False,False,False,False,False,False,False,False,False,False,False,False,False,False,False,False,False,False
dd9b0c9710fd270123600531e17f3287ab6c9403,v2-form-workload-blend,d113ff8057aa6718889feec83e2ade33486769ad87a8f3bd5608b9bfc38eda08,2026-09-18T10:40:22.090068+00:00,629397,192,Kai,Andrews,Andrews,9,Coventry City,COV,Midfielder,u,True,4.5,0.3,0.0,0.0,0.0,0.0,0.0,0.0,0.0,0.0,0.0,0.0,0.0,0.0,0.0,0.0,0.0,,0.0,0.0,0.0,0.0,,0.0,,,,,,,,0.0,0.0,excluded,0.0,0.8,4,0,0,0.0,0.0,0.0,Excluded in squad.json; projection forced to zero,False,False,False,False,False,False,False,False,False,False,False,False,False,False,False,False,False,False,False,False,False,False,False,False,False,False,False,False,False,False,False,False
dd9b0c9710fd270123600531e17f3287ab6c9403,v2-form-workload-blend,d113ff8057aa6718889feec83e2ade33486769ad87a8f3bd5608b9bfc38eda08,2026-09-18T10:40:22.090068+00:00,647681,363,Giovanni,Leoni,Leoni,14,Liverpool,LIV,Defender,i,False,4.0,0.0,0.0,0.0,0.0,0.0,0.0,0.0,0.0,0.0,0.0,0.0,0.0,0.0,0.0,0.0,0.0,,0.0,0.0,0.0,0.0,,0.0,,,,,,,,0.0,0.0,high,1.0,1.0,4,0,0,0.0,0.0,0.0,5-GW avg pts 0.00; mins 0; xGI 0.00; current GWs 4; fixture Elo diff -6,False,False,False,False,False,False,False,False,False,False,False,False,False,False,False,False,False,False,False,False,False,False,False,False,False,False,False,False,False,False,False,False
dd9b0c9710fd270123600531e17f3287ab6c9403,v2-form-workload-blend,d113ff8057aa6718889feec83e2ade33486769ad87a8f3bd5608b9bfc38eda08,2026-09-18T10:40:22.090068+00:00,649208,410,Jeremy,Monga,Monga,43,Man City,MCI,Midfielder,u,False,4.9,0.0,0.0,0.0,0.0,0.0,0.0,0.0,0.0,0.0,0.0,0.0,0.0,0.0,0.0,0.0,0.0,,0.0,0.0,0.0,0.0,,0.0,,,,,,,,0.0,0.0,high,0.8,0.8,4,0,0,0.0,0.0,0.0,5-GW avg pts 0.00; mins 0; xGI 0.00; current GWs 4; fixture Elo diff +161,False,False,False,False,False,False,False,False,False,False,False,False,False,False,False,False,False,False,False,False,False,False,False,False,False,False,False,False,False,False,False,False
dd9b0c9710fd270123600531e17f3287ab6c9403,v2-form-workload-blend,d113ff8057aa6718889feec83e2ade33486769ad87a8f3bd5608b9bfc38eda08,2026-09-18T10:40:22.090068+00:00,660392,225,Christantus,Uche,Uche,31,Crystal Palace,CRY,Forward,u,True,5.0,0.0,0.0,0.0,0.0,0.0,0.0,0.0,0.0,0.0,0.0,0.0,0.0,0.0,0.0,0.0,0.0,,0.0,0.0,0.0,0.0,,0.0,,,,,,,,0.0,0.0,excluded,0.0,1.0,4,0,0,0.0,0.0,0.0,Excluded in squad.json; projection forced to zero,False,False,False,False,False,False,False,False,False,False,False,False,False,False,False,False,False,False,False,False,False,False,False,False,False,False,False,False,False,False,False,False
dd9b0c9710fd270123600531e17f3287ab6c9403,v2-form-workload-blend,d113ff8057aa6718889feec83e2ade33486769ad87a8f3bd5608b9bfc38eda08,2026-09-18T10:40:22.090068+00:00,661800,284,Cathal,McCarthy,McCarthy,88,Hull City,HUL,Defender,a,True,4.0,0.1,0.0,0.0,0.0,0.0,0.0,1.0,1.0,1.0,1.0,1.0,0.0,0.0,0.0,0.0,0.0,33.86135943480324,0.0,2.0,0.0,0.0,,0.0,,,,,,,,0.0,0.0,excluded,0.0,0.8,4,0,0,0.0,0.0,0.0,Excluded in squad.json; projection forced to zero,False,False,False,False,False,False,False,False,False,False,False,False,False,False,False,False,False,False,False,False,False,False,False,False,False,False,False,False,False,False,False,False
dd9b0c9710fd270123600531e17f3287ab6c9403,v2-form-workload-blend,d113ff8057aa6718889feec83e2ade33486769ad87a8f3bd5608b9bfc38eda08,2026-09-18T10:40:22.090068+00:00,690838,582,Brian,Madjo,Madjo,7,Aston Villa,AVL,Forward,i,False,5.4,0.2,0.0,0.0,0.0,0.0,0.0,0.0,0.0,0.0,0.0,0.0,0.0,0.0,0.0,0.0,0.0,36.65302610146991,0.0,3.0,0.0,0.0,,0.0,,,,,,,,0.0,0.0,high,0.8,0.8,4,0,0,0.0,0.0,0.0,5-GW avg pts 0.00; mins 0; xGI 0.00; current GWs 4; fixture Elo diff +74,False,False,False,False,False,False,False,False,False,False,False,False,False,False,False,False,False,False,False,False,False,False,False,False,False,False,False,False,False,False,False,False
