id,first_name,second_name,web_name,status,news,news_added,now_cost,now_cost_rank,now_cost_rank_type,selected_by_percent,selected_rank,selected_rank_type,form,form_rank,form_rank_type,event_points,cost_change_event,cost_change_event_fall,cost_change_start,cost_change_start_fall,transfers_in_event,transfers_out_event,value_form,value_season,ep_next,ep_this,points_per_game,points_per_game_rank,points_per_game_rank_type,chance_of_playing_next_round,chance_of_playing_this_round,influence_rank,influence_rank_type,creativity_rank,creativity_rank_type,threat_rank,threat_rank_type,ict_index_rank,ict_index_rank_type,corners_and_indirect_freekicks_order,direct_freekicks_order,penalties_order,set_piece_threat,corners_and_indirect_freekicks_text,direct_freekicks_text,penalties_text,expected_goals_per_90,expected_assists_per_90,expected_goal_involvements_per_90,expected_goals_conceded_per_90,saves_per_90,clean_sheets_per_90,goals_conceded_per_90,starts_per_90,defensive_contribution_per_90,gw,total_points,minutes,goals_scored,assists,clean_sheets,goals_conceded,own_goals,penalties_saved,penalties_missed,yellow_cards,red_cards,saves,starts,bonus,bps,transfers_in,transfers_out,dreamteam_count,expected_goals,expected_assists,expected_goal_involvements,expected_goals_conceded,influence,creativity,threat,ict_index,tackles,clearances_blocks_interceptions,recoveries,defensive_contribution
32,Matty,Cash,Cash,a,,,4.5,430,96,9.0,46,18,0.0,208,97,0,0,0,0,0,12149,2206,0.0,0.0,1.7,1.7,0.0,208,97,,,103,68,103,68,103,68,103,68,1.0,,,,,,,0.0,0.0,0.0,0.0,0.0,0.0,0.0,0.0,0.0,1,0,0,0,0,0,0,0,0,0,0,0,0,0,0,0,12149,2206,0,0.0,0.0,0.0,0.0,0.0,0.0,0.0,0.0,0,0,0,0
38,Andrés,García,A.García,a,,,4.0,595,193,1.8,130,52,0.0,175,78,0,0,0,0,0,1495,752,0.0,0.0,1.0,1.0,0.0,175,78,,,65,45,65,45,65,45,65,45,,,,,,,,0.0,0.0,0.0,0.0,0.0,0.0,0.0,0.0,0.0,1,0,0,0,0,0,0,0,0,0,0,0,0,0,0,0,1495,752,0,0.0,0.0,0.0,0.0,0.0,0.0,0.0,0.0,0,0,0,0
39,Kosta,Nedeljkovic,Nedeljkovic,u,Has joined Rangers on loan for the rest of the season,,4.0,592,191,0.3,296,110,0.0,173,77,0,0,0,0,0,0,1329,0.0,0.0,0.0,0.0,0.0,173,77,0.0,0.0,62,43,62,43,62,43,62,43,,,,,,,,0.0,0.0,0.0,0.0,0.0,0.0,0.0,0.0,0.0,1,0,0,0,0,0,0,0,0,0,0,0,0,0,0,0,0,1329,0,0.0,0.0,0.0,0.0,0.0,0.0,0.0,0.0,0,0,0,0
41,Emiliano,Buendía Stati,Buendía,a,,,6.0,65,43,1.4,164,52,0.0,521,211,0,0,0,0,0,823,590,0.0,0.0,2.1,2.1,0.0,521,211,,,499,195,499,195,499,195,499,195,,1.0,1.0,,,,,0.0,0.0,0.0,0.0,0.0,0.0,0.0,0.0,0.0,1,0,0,0,0,0,0,0,0,0,0,0,0,0,0,0,823,590,0,0.0,0.0,0.0,0.0,0.0,0.0,0.0,0.0,0,0,0,0
44,Leon,Bailey,Bailey,a,,,5.5,141,87,0.2,376,141,0.0,457,173,0,0,0,0,0,221,128,0.0,0.0,2.0,2.0,0.0,457,173,,,406,140,406,140,406,140,406,140,,,,,,,,0.0,0.0,0.0,0.0,0.0,0.0,0.0,0.0,0.0,1,0,0,0,0,0,0,0,0,0,0,0,0,0,0,0,221,128,0,0.0,0.0,0.0,0.0,0.0,0.0,0.0,0.0,0,0,0,0
46,Ross,Barkley,Barkley,a,,,5.0,229,141,0.2,326,114,0.0,297,80,0,0,0,0,0,360,154,0.0,0.0,1.5,1.5,0.0,297,80,,,208,28,208,28,208,28,208,28,,,,,,,,0.0,0.0,0.0,0.0,0.0,0.0,0.0,0.0,0.0,1,0,0,0,0,0,0,0,0,0,0,0,0,0,0,0,360,154,0,0.0,0.0,0.0,0.0,0.0,0.0,0.0,0.0,0,0,0,0
47,Boubacar,Kamara,Kamara,a,,,5.0,281,167,0.4,278,92,0.0,339,102,0,0,0,0,0,529,281,0.0,0.0,1.5,1.5,0.0,339,102,100.0,100.0,260,54,260,54,260,54,260,54,,,,,,,,0.0,0.0,0.0,0.0,0.0,0.0,0.0,0.0,0.0,1,0,0,0,0,0,0,0,0,0,0,0,0,0,0,0,529,281,0,0.0,0.0,0.0,0.0,0.0,0.0,0.0,0.0,0,0,0,0
48,Amadou,Onana,Onana,i,Knee injury - Unknown return date,,5.0,308,181,0.0,530,219,0.0,361,115,0,0,0,0,0,37,82,0.0,0.0,0.0,0.0,0.0,361,115,0.0,0.0,287,68,287,68,287,68,287,68,,,,,,,,0.0,0.0,0.0,0.0,0.0,0.0,0.0,0.0,0.0,1,0,0,0,0,0,0,0,0,0,0,0,0,0,0,0,37,82,0,0.0,0.0,0.0,0.0,0.0,0.0,0.0,0.0,0,0,0,0
50,Bradley,Burrowes,Burrowes,a,,,4.5,528,261,0.7,221,71,0.0,291,75,0,0,0,0,0,719,362,0.0,0.0,1.0,1.0,0.0,291,75,,,201,23,201,23,201,23,201,23,,,,,,,,0.0,0.0,0.0,0.0,0.0,0.0,0.0,0.0,0.0,1,0,0,0,0,0,0,0,0,0,0,0,0,0,0,0,719,362,0,0.0,0.0,0.0,0.0,0.0,0.0,0.0,0.0,0,0,0,0
51,George,Hemmings,George Hemmings,a,,,4.5,515,257,0.7,226,75,0.0,279,71,0,0,0,0,0,396,225,0.0,0.0,1.0,1.0,0.0,279,71,,,188,19,188,19,188,19,188,19,,,,,,,,0.0,0.0,0.0,0.0,0.0,0.0,0.0,0.0,0.0,1,0,0,0,0,0,0,0,0,0,0,0,0,0,0,0,396,225,0,0.0,0.0,0.0,0.0,0.0,0.0,0.0,0.0,0,0,0,0
52,Alysson Edward Franco,da Rocha dos Santos,Alysson,a,,,5.0,393,235,0.0,488,202,0.0,432,159,0,0,0,0,0,90,35,0.0,0.0,1.5,1.5,0.0,432,159,,,372,122,372,122,372,122,372,122,,,,,,,,0.0,0.0,0.0,0.0,0.0,0.0,0.0,0.0,0.0,1,0,0,0,0,0,0,0,0,0,0,0,0,0,0,0,90,35,0,0.0,0.0,0.0,0.0,0.0,0.0,0.0,0.0,0,0,0,0
53,Johan,Manzambi,Manzambi,i,Knee injury - Unknown return date,,6.0,111,72,0.3,308,106,0.0,562,237,0,0,0,0,0,49,1456,0.0,0.0,0.0,0.0,0.0,562,237,0.0,0.0,545,224,545,224,545,224,545,224,,,,,,,,0.0,0.0,0.0,0.0,0.0,0.0,0.0,0.0,0.0,1,0,0,0,0,0,0,0,0,0,0,0,0,0,0,0,49,1456,0,0.0,0.0,0.0,0.0,0.0,0.0,0.0,0.0,0,0,0,0
54,Joao,Gomes,Gomes,i,Calf injury - Unknown return date,,5.5,168,105,0.1,459,188,0.0,476,185,0,0,0,0,0,10,251,0.0,0.0,0.0,0.0,0.0,476,185,0.0,0.0,433,158,433,158,433,158,433,158,,,,,,,,0.0,0.0,0.0,0.0,0.0,0.0,0.0,0.0,0.0,1,0,0,0,0,0,0,0,0,0,0,0,0,0,0,0,10,251,0,0.0,0.0,0.0,0.0,0.0,0.0,0.0,0.0,0,0,0,0
56,Tammy,Abraham,Abraham,d,Knock - 75% chance of playing,,5.5,123,32,0.1,397,60,0.0,444,38,0,0,0,0,0,96,221,0.0,0.0,1.3,1.3,0.0,444,38,75.0,75.0,388,28,388,28,388,28,388,28,,,,,,,,0.0,0.0,0.0,0.0,0.0,0.0,0.0,0.0,0.0,1,0,0,0,0,0,0,0,0,0,0,0,0,0,0,0,96,221,0,0.0,0.0,0.0,0.0,0.0,0.0,0.0,0.0,0,0,0,0
160,Alejandro,Garnacho Ferreyra,Garnacho,a,,,6.0,95,60,0.6,235,77,0.0,546,225,0,0,0,0,0,404,454,0.0,0.0,2.1,2.1,0.0,546,225,,,529,212,529,212,529,212,529,212,,,,,,,,0.0,0.0,0.0,0.0,0.0,0.0,0.0,0.0,0.0,1,0,0,0,0,0,0,0,0,0,0,0,0,0,0,0,404,454,0,0.0,0.0,0.0,0.0,0.0,0.0,0.0,0.0,0,0,0,0
582,Brian,Madjo,Madjo,i,Unspecified injury - Unknown return date,,5.5,224,48,0.5,250,42,0.0,516,50,0,0,0,0,0,219,726,0.0,0.0,0.0,0.0,0.0,516,50,0.0,0.0,489,44,489,44,489,44,489,44,,,,,,,,0.0,0.0,0.0,0.0,0.0,0.0,0.0,0.0,0.0,1,0,0,0,0,0,0,0,0,0,0,0,0,0,0,0,219,726,0,0.0,0.0,0.0,0.0,0.0,0.0,0.0,0.0,0,0,0,0
596,Matteo,Ruggeri,Ruggeri,a,,,4.5,480,131,0.1,420,149,0.0,246,124,0,0,0,0,0,282,64,0.0,0.0,1.7,1.7,0.0,246,124,,,153,103,153,103,153,103,153,103,,,,,,,,0.0,0.0,0.0,0.0,0.0,0.0,0.0,0.0,0.0,1,0,0,0,0,0,0,0,0,0,0,0,0,0,0,0,282,64,0,0.0,0.0,0.0,0.0,0.0,0.0,0.0,0.0,0,0,0,0
597,Zion,Suzuki,Suzuki,a,,,5.0,298,15,0.8,210,29,0.0,352,61,0,0,0,0,0,750,301,0.0,0.0,2.6,2.6,0.0,352,61,,,277,57,277,57,277,57,277,57,,,,,,,,0.0,0.0,0.0,0.0,0.0,0.0,0.0,0.0,0.0,1,0,0,0,0,0,0,0,0,0,0,0,0,0,0,0,750,301,0,0.0,0.0,0.0,0.0,0.0,0.0,0.0,0.0,0,0,0,0
57,Đorđe,Petrović,Petrović,a,,,4.5,466,38,3.2,97,14,0.0,235,46,0,0,0,0,0,841,634,0.0,0.0,1.9,1.9,0.0,235,46,,,139,37,139,37,139,37,139,37,,,,,,,,0.0,0.0,0.0,0.0,0.0,0.0,0.0,0.0,0.0,1,0,0,0,0,0,0,0,0,0,0,0,0,0,0,0,841,634,0,0.0,0.0,0.0,0.0,0.0,0.0,0.0,0.0,0,0,0,0
58,Fraser,Forster,Forster,a,,,4.0,532,49,3.2,98,15,0.0,129,12,0,0,0,0,0,603,408,0.0,0.0,1.0,1.0,0.0,129,12,,,2,2,2,2,2,2,2,2,,,,,,,,0.0,0.0,0.0,0.0,0.0,0.0,0.0,0.0,0.0,1,0,0,0,0,0,0,0,0,0,0,0,0,0,0,0,603,408,0,0.0,0.0,0.0,0.0,0.0,0.0,0.0,0.0,0,0,0,0
59,Will,Dennis,Dennis,a,,,4.0,565,61,0.2,356,39,0.0,151,24,0,0,0,0,0,111,38,0.0,0.0,1.0,1.0,0.0,151,24,,,35,14,35,14,35,14,35,14,,,,,,,,0.0,0.0,0.0,0.0,0.0,0.0,0.0,0.0,0.0,1,0,0,0,0,0,0,0,0,0,0,0,0,0,0,0,111,38,0,0.0,0.0,0.0,0.0,0.0,0.0,0.0,0.0,0,0,0,0
60,James,Hill,Hill,a,,,5.5,175,24,0.8,208,78,0.0,481,184,0,0,0,0,0,802,426,0.0,0.0,2.5,2.5,0.0,481,184,,,440,178,440,178,440,178,440,178,,,,,,,,0.0,0.0,0.0,0.0,0.0,0.0,0.0,0.0,0.0,1,0,0,0,0,0,0,0,0,0,0,0,0,0,0,0,802,426,0,0.0,0.0,0.0,0.0,0.0,0.0,0.0,0.0,0,0,0,0
61,Adrien,Truffert,Truffert,a,,,5.5,192,28,4.4,73,29,0.0,493,186,0,0,0,0,0,1477,1380,0.0,0.0,2.5,2.5,0.0,493,186,,,457,182,457,182,457,182,457,182,,,,,,,,0.0,0.0,0.0,0.0,0.0,0.0,0.0,0.0,0.0,1,0,0,0,0,0,0,0,0,0,0,0,0,0,0,0,1477,1380,0,0.0,0.0,0.0,0.0,0.0,0.0,0.0,0.0,0,0,0,0
62,Bafodé,Diakité,Diakité,a,,,5.0,291,52,0.2,355,135,0.0,348,152,0,0,0,0,0,496,97,0.0,0.0,2.2,2.2,0.0,348,152,,,270,138,270,138,270,138,270,138,,,,,,,,0.0,0.0,0.0,0.0,0.0,0.0,0.0,0.0,0.0,1,0,0,0,0,0,0,0,0,0,0,0,0,0,0,0,496,97,0,0.0,0.0,0.0,0.0,0.0,0.0,0.0,0.0,0,0,0,0
63,Veljko,Milosavljevic,Milosavljević,i,Unspecified injury - Unknown return date,,5.0,387,77,0.0,566,192,0.0,427,174,0,0,0,0,0,10,36,0.0,0.0,0.0,0.0,0.0,427,174,0.0,0.0,366,163,366,163,366,163,366,163,,,,,,,,0.0,0.0,0.0,0.0,0.0,0.0,0.0,0.0,0.0,1,0,0,0,0,0,0,0,0,0,0,0,0,0,0,0,10,36,0,0.0,0.0,0.0,0.0,0.0,0.0,0.0,0.0,0,0,0,0
64,Adam,Smith,Smith,a,,,4.5,398,79,0.1,417,147,0.0,180,83,0,0,0,0,0,197,40,0.0,0.0,1.7,1.7,0.0,180,83,,,71,51,71,51,71,51,71,51,,,,,,,,0.0,0.0,0.0,0.0,0.0,0.0,0.0,0.0,0.0,1,0,0,0,0,0,0,0,0,0,0,0,0,0,0,0,197,40,0,0.0,0.0,0.0,0.0,0.0,0.0,0.0,0.0,0,0,0,0
65,Julián,Araujo Zúñiga,J.Araujo,i,Thigh injury - Unknown return date,,4.5,461,120,0.0,541,187,0.0,230,114,0,0,0,0,0,20,90,0.0,0.0,0.0,0.0,0.0,230,114,0.0,0.0,134,92,134,92,134,92,134,92,,,,,,,,0.0,0.0,0.0,0.0,0.0,0.0,0.0,0.0,0.0,1,0,0,0,0,0,0,0,0,0,0,0,0,0,0,0,20,90,0,0.0,0.0,0.0,0.0,0.0,0.0,0.0,0.0,0,0,0,0
66,Julio,Soler Barreto,Soler,d,Hamstring injury - 75% chance of playing,,4.0,589,188,0.2,338,129,0.0,170,74,0,0,0,0,0,58,231,0.0,0.0,0.8,0.8,0.0,170,74,75.0,75.0,59,40,59,40,59,40,59,40,,,,,,,,0.0,0.0,0.0,0.0,0.0,0.0,0.0,0.0,0.0,1,0,0,0,0,0,0,0,0,0,0,0,0,0,0,0,58,231,0,0.0,0.0,0.0,0.0,0.0,0.0,0.0,0.0,0,0,0,0
67,Rayan Vitor,Simplício Rocha,Rayan,a,,,6.5,50,35,2.8,110,35,0.0,575,247,0,0,0,0,0,1536,1207,0.0,0.0,2.3,2.3,0.0,575,247,,,565,240,565,240,565,240,565,240,,,,,,,,0.0,0.0,0.0,0.0,0.0,0.0,0.0,0.0,0.0,1,0,0,0,0,0,0,0,0,0,0,0,0,0,0,0,1536,1207,0,0.0,0.0,0.0,0.0,0.0,0.0,0.0,0.0,0,0,0,0
68,Marcus,Tavernier,Tavernier,a,,,6.0,66,44,1.6,152,46,0.0,522,212,0,0,0,0,0,426,414,0.0,0.0,2.1,2.1,0.0,522,212,,,500,196,500,196,500,196,500,196,1.0,1.0,3.0,,,,,0.0,0.0,0.0,0.0,0.0,0.0,0.0,0.0,0.0,1,0,0,0,0,0,0,0,0,0,0,0,0,0,0,0,426,414,0,0.0,0.0,0.0,0.0,0.0,0.0,0.0,0.0,0,0,0,0
69,Alex,Scott,Scott,a,,,6.0,98,63,1.5,155,47,0.0,549,228,0,0,0,0,0,653,609,0.0,0.0,2.1,2.1,0.0,549,228,,,532,215,532,215,532,215,532,215,2.0,4.0,,,,,,0.0,0.0,0.0,0.0,0.0,0.0,0.0,0.0,0.0,1,0,0,0,0,0,0,0,0,0,0,0,0,0,0,0,653,609,0,0.0,0.0,0.0,0.0,0.0,0.0,0.0,0.0,0,0,0,0
70,Justin,Kluivert,Kluivert,a,,,6.0,74,47,1.1,182,59,0.0,530,215,0,0,0,0,0,889,462,0.0,0.0,2.1,2.1,0.0,530,215,,,508,199,508,199,508,199,508,199,3.0,2.0,2.0,,,,,0.0,0.0,0.0,0.0,0.0,0.0,0.0,0.0,0.0,1,0,0,0,0,0,0,0,0,0,0,0,0,0,0,0,889,462,0,0.0,0.0,0.0,0.0,0.0,0.0,0.0,0.0,0,0,0,0
71,Lewis,Cook,Cook,a,,,5.0,244,147,0.2,378,142,0.0,311,86,0,0,0,0,0,256,118,0.0,0.0,1.5,1.5,0.0,311,86,,,223,34,223,34,223,34,223,34,5.0,,,,,,,0.0,0.0,0.0,0.0,0.0,0.0,0.0,0.0,0.0,1,0,0,0,0,0,0,0,0,0,0,0,0,0,0,0,256,118,0,0.0,0.0,0.0,0.0,0.0,0.0,0.0,0.0,0,0,0,0
72,Ben,Gannon-Doak,Gannon-Doak,a,,,5.0,340,197,0.1,435,174,0.0,391,130,0,0,0,0,0,62,46,0.0,0.0,1.5,1.5,0.0,391,130,,,319,84,319,84,319,84,319,84,,,,,,,,0.0,0.0,0.0,0.0,0.0,0.0,0.0,0.0,0.0,1,0,0,0,0,0,0,0,0,0,0,0,0,0,0,0,62,46,0,0.0,0.0,0.0,0.0,0.0,0.0,0.0,0.0,0,0,0,0
73,Tyler,Adams,Adams,d,Unspecified injury - 75% chance of playing,,5.0,257,156,0.2,343,122,0.0,322,94,0,0,0,0,0,55,466,0.0,0.0,1.1,1.1,0.0,322,94,75.0,75.0,236,43,236,43,236,43,236,43,,,,,,,,0.0,0.0,0.0,0.0,0.0,0.0,0.0,0.0,0.0,1,0,0,0,0,0,0,0,0,0,0,0,0,0,0,0,55,466,0,0.0,0.0,0.0,0.0,0.0,0.0,0.0,0.0,0,0,0,0
74,David,Brooks,Brooks,d,Unspecified injury - 75% chance of playing,,5.0,236,142,0.1,479,197,0.0,303,81,0,0,0,0,0,13,95,0.0,0.0,1.1,1.1,0.0,303,81,75.0,75.0,215,29,215,29,215,29,215,29,4.0,3.0,,,,,,0.0,0.0,0.0,0.0,0.0,0.0,0.0,0.0,0.0,1,0,0,0,0,0,0,0,0,0,0,0,0,0,0,0,13,95,0,0.0,0.0,0.0,0.0,0.0,0.0,0.0,0.0,0,0,0,0
75,Ryan,Christie,Christie,s,Suspended until 29 Aug,,5.0,245,148,0.0,568,240,0.0,312,87,0,0,0,0,0,10,13,0.0,0.0,0.0,0.0,0.0,312,87,0.0,0.0,224,35,224,35,224,35,224,35,6.0,,,,,,,0.0,0.0,0.0,0.0,0.0,0.0,0.0,0.0,0.0,1,0,0,0,0,0,0,0,0,0,0,0,0,0,0,0,10,13,0,0.0,0.0,0.0,0.0,0.0,0.0,0.0,0.0,0,0,0,0
76,Alex,Tóth,Tóth.A,a,,,5.0,386,231,0.0,561,236,0.0,426,155,0,0,0,0,0,10,14,0.0,0.0,1.5,1.5,0.0,426,155,,,365,118,365,118,365,118,365,118,,,,,,,,0.0,0.0,0.0,0.0,0.0,0.0,0.0,0.0,0.0,1,0,0,0,0,0,0,0,0,0,0,0,0,0,0,0,10,14,0,0.0,0.0,0.0,0.0,0.0,0.0,0.0,0.0,0,0,0,0
77,Amine,Adli,Adli,i,Unspecified injury - Unknown return date,,5.0,332,192,0.0,517,215,0.0,383,125,0,0,0,0,0,8,172,0.0,0.0,0.0,0.0,0.0,383,125,0.0,0.0,311,79,311,79,311,79,311,79,,,,,,,,0.0,0.0,0.0,0.0,0.0,0.0,0.0,0.0,0.0,1,0,0,0,0,0,0,0,0,0,0,0,0,0,0,0,8,172,0,0.0,0.0,0.0,0.0,0.0,0.0,0.0,0.0,0,0,0,0
78,Junior,Kroupi,Kroupi.Jr,i,Foot injury - Unknown return date,,7.5,22,13,0.4,264,84,0.0,594,261,0,0,0,0,0,79,2320,0.0,0.0,0.0,0.0,0.0,594,261,0.0,0.0,588,256,588,256,588,256,588,256,,,1.0,,,,,0.0,0.0,0.0,0.0,0.0,0.0,0.0,0.0,0.0,1,0,0,0,0,0,0,0,0,0,0,0,0,0,0,0,79,2320,0,0.0,0.0,0.0,0.0,0.0,0.0,0.0,0.0,0,0,0,0
22,Ethan,Nwaneri,Nwaneri,a,,,5.5,196,121,0.0,562,237,0.0,495,195,0,0,0,0,0,10,55,0.0,0.0,2.0,2.0,0.0,495,195,,,461,174,461,174,461,174,461,174,,,,,,,,0.0,0.0,0.0,0.0,0.0,0.0,0.0,0.0,0.0,1,0,0,0,0,0,0,0,0,0,0,0,0,0,0,0,10,55,0,0.0,0.0,0.0,0.0,0.0,0.0,0.0,0.0,0,0,0,0
23,Fábio,Ferreira Vieira,Fábio Vieira,a,,,5.5,161,100,0.0,576,244,0.0,470,181,0,0,0,0,0,16,36,0.0,0.0,2.0,2.0,0.0,470,181,,,426,153,426,153,426,153,426,153,,,,,,,,0.0,0.0,0.0,0.0,0.0,0.0,0.0,0.0,0.0,1,0,0,0,0,0,0,0,0,0,0,0,0,0,0,0,16,36,0,0.0,0.0,0.0,0.0,0.0,0.0,0.0,0.0,0,0,0,0
79,Francisco Evanilson,de Lima Barbosa,Evanilson,a,,,6.0,84,22,2.3,118,15,0.0,538,58,0,0,0,0,0,1572,869,0.0,0.0,2.0,2.0,0.0,538,58,,,518,54,518,54,518,54,518,54,,,,,,,,0.0,0.0,0.0,0.0,0.0,0.0,0.0,0.0,0.0,1,0,0,0,0,0,0,0,0,0,0,0,0,0,0,0,1572,869,0,0.0,0.0,0.0,0.0,0.0,0.0,0.0,0.0,0,0,0,0
80,Enes,Ünal,Enes Ünal,u,Has joined Getafe permanently,,5.5,120,30,0.0,505,67,0.0,442,37,0,0,0,0,0,0,202,0.0,0.0,0.0,0.0,0.0,442,37,0.0,0.0,385,26,385,26,385,26,385,26,,,,,,,,0.0,0.0,0.0,0.0,0.0,0.0,0.0,0.0,0.0,1,0,0,0,0,0,0,0,0,0,0,0,0,0,0,0,0,202,0,0.0,0.0,0.0,0.0,0.0,0.0,0.0,0.0,0,0,0,0
81,Álvaro,Rodríguez,Rodríguez,d,Unspecified injury - 75% chance of playing,,6.0,106,28,0.1,425,61,0.0,557,63,0,0,0,0,0,23,197,0.0,0.0,1.5,1.5,0.0,557,63,75.0,75.0,540,60,540,60,540,60,540,60,,,,,,,,0.0,0.0,0.0,0.0,0.0,0.0,0.0,0.0,0.0,1,0,0,0,0,0,0,0,0,0,0,0,0,0,0,0,23,197,0,0.0,0.0,0.0,0.0,0.0,0.0,0.0,0.0,0,0,0,0
566,António João,Pereira de Albuquerque Tavares da Silva,Silva,a,,,5.0,326,64,0.3,300,112,0.0,377,162,0,0,0,0,0,265,95,0.0,0.0,2.2,2.2,0.0,377,162,,,305,150,305,150,305,150,305,150,,,,,,,,0.0,0.0,0.0,0.0,0.0,0.0,0.0,0.0,0.0,1,0,0,0,0,0,0,0,0,0,0,0,0,0,0,0,265,95,0,0.0,0.0,0.0,0.0,0.0,0.0,0.0,0.0,0,0,0,0
82,Caoimhín,Kelleher,Kelleher,a,,,5.0,256,11,5.8,61,8,0.0,321,58,0,0,0,0,0,1321,986,0.0,0.0,2.6,2.6,0.0,321,58,,,235,53,235,53,235,53,235,53,,,,,,,,0.0,0.0,0.0,0.0,0.0,0.0,0.0,0.0,0.0,1,0,0,0,0,0,0,0,0,0,0,0,0,0,0,0,1321,986,0,0.0,0.0,0.0,0.0,0.0,0.0,0.0,0.0,0,0,0,0
83,Hákon Rafn,Valdimarsson,Valdimarsson,a,,,4.5,491,43,0.1,416,46,0.0,257,49,0,0,0,0,0,39,39,0.0,0.0,1.9,1.9,0.0,257,49,,,164,42,164,42,164,42,164,42,,,,,,,,0.0,0.0,0.0,0.0,0.0,0.0,0.0,0.0,0.0,1,0,0,0,0,0,0,0,0,0,0,0,0,0,0,0,39,39,0,0.0,0.0,0.0,0.0,0.0,0.0,0.0,0.0,0,0,0,0
84,Nathan,Collins,Collins,a,,,5.5,158,19,1.8,129,51,0.0,468,180,0,0,0,0,0,874,637,0.0,0.0,2.5,2.5,0.0,468,180,,,423,173,423,173,423,173,423,173,,,,,,,,0.0,0.0,0.0,0.0,0.0,0.0,0.0,0.0,0.0,1,0,0,0,0,0,0,0,0,0,0,0,0,0,0,0,874,637,0,0.0,0.0,0.0,0.0,0.0,0.0,0.0,0.0,0,0,0,0
85,Sepp,van den Berg,Van den Berg,i,Groin injury - Unknown return date,,5.0,305,57,0.2,381,140,0.0,358,155,0,0,0,0,0,35,632,0.0,0.0,0.0,0.0,0.0,358,155,0.0,0.0,284,143,284,143,284,143,284,143,,,,,,,,0.0,0.0,0.0,0.0,0.0,0.0,0.0,0.0,0.0,1,0,0,0,0,0,0,0,0,0,0,0,0,0,0,0,35,632,0,0.0,0.0,0.0,0.0,0.0,0.0,0.0,0.0,0,0,0,0
86,Keane,Lewis-Potter,Lewis-Potter,a,,,5.5,154,95,0.4,265,85,0.0,466,179,0,0,0,0,0,99,145,0.0,0.0,2.0,2.0,0.0,466,179,,,419,148,419,148,419,148,419,148,,1.0,,,,,,0.0,0.0,0.0,0.0,0.0,0.0,0.0,0.0,0.0,1,0,0,0,0,0,0,0,0,0,0,0,0,0,0,0,99,145,0,0.0,0.0,0.0,0.0,0.0,0.0,0.0,0.0,0,0,0,0
87,Kristoffer,Ajer,Ajer,a,,,4.5,428,94,3.5,91,36,0.0,206,95,0,0,0,0,0,1572,421,0.0,0.0,1.7,1.7,0.0,206,95,,,101,66,101,66,101,66,101,66,,,,,,,,0.0,0.0,0.0,0.0,0.0,0.0,0.0,0.0,0.0,1,0,0,0,0,0,0,0,0,0,0,0,0,0,0,0,1572,421,0,0.0,0.0,0.0,0.0,0.0,0.0,0.0,0.0,0,0,0,0
88,Michael,Kayode,Kayode,a,,,4.5,523,146,3.1,101,40,0.0,286,136,0,0,0,0,0,2131,474,0.0,0.0,1.7,1.7,0.0,286,136,,,196,118,196,118,196,118,196,118,,,,,,,,0.0,0.0,0.0,0.0,0.0,0.0,0.0,0.0,0.0,1,0,0,0,0,0,0,0,0,0,0,0,0,0,0,0,2131,474,0,0.0,0.0,0.0,0.0,0.0,0.0,0.0,0.0,0,0,0,0
89,Rico,Henry,Henry,a,,,4.5,429,95,0.3,314,117,0.0,207,96,0,0,0,0,0,109,96,0.0,0.0,1.7,1.7,0.0,207,96,,,102,67,102,67,102,67,102,67,,,,,,,,0.0,0.0,0.0,0.0,0.0,0.0,0.0,0.0,0.0,1,0,0,0,0,0,0,0,0,0,0,0,0,0,0,0,109,96,0,0.0,0.0,0.0,0.0,0.0,0.0,0.0,0.0,0,0,0,0
90,Aaron,Hickey,Hickey,a,,,4.5,473,127,0.1,464,162,0.0,242,121,0,0,0,0,0,89,26,0.0,0.0,1.7,1.7,0.0,242,121,,,146,99,146,99,146,99,146,99,,,,,,,,0.0,0.0,0.0,0.0,0.0,0.0,0.0,0.0,0.0,1,0,0,0,0,0,0,0,0,0,0,0,0,0,0,0,89,26,0,0.0,0.0,0.0,0.0,0.0,0.0,0.0,0.0,0,0,0,0
91,Ethan,Pinnock,Pinnock,a,,,4.5,445,108,0.1,442,155,0.0,218,104,0,0,0,0,0,75,26,0.0,0.0,1.7,1.7,0.0,218,104,,,118,80,118,80,118,80,118,80,,,,,,,,0.0,0.0,0.0,0.0,0.0,0.0,0.0,0.0,0.0,1,0,0,0,0,0,0,0,0,0,0,0,0,0,0,0,75,26,0,0.0,0.0,0.0,0.0,0.0,0.0,0.0,0.0,0,0,0,0
92,Kim,Ji-soo,Ji-soo,a,,,4.5,510,140,0.0,540,186,0.0,275,132,0,0,0,0,0,22,7,0.0,0.0,1.7,1.7,0.0,275,132,,,183,112,183,112,183,112,183,112,,,,,,,,0.0,0.0,0.0,0.0,0.0,0.0,0.0,0.0,0.0,1,0,0,0,0,0,0,0,0,0,0,0,0,0,0,0,22,7,0,0.0,0.0,0.0,0.0,0.0,0.0,0.0,0.0,0,0,0,0
93,Jannik,Schuster,Schuster,a,,,4.5,492,134,0.2,367,139,0.0,258,127,0,0,0,0,0,18,54,0.0,0.0,1.7,1.7,0.0,258,127,,,165,106,165,106,165,106,165,106,,,,,,,,0.0,0.0,0.0,0.0,0.0,0.0,0.0,0.0,0.0,1,0,0,0,0,0,0,0,0,0,0,0,0,0,0,0,18,54,0,0.0,0.0,0.0,0.0,0.0,0.0,0.0,0.0,0,0,0,0
94,Kevin,Schade,Schade,a,,,6.0,100,65,3.6,85,29,0.0,551,230,0,0,0,0,0,946,632,0.0,0.0,2.1,2.1,0.0,551,230,,,534,217,534,217,534,217,534,217,,,2.0,,,,,0.0,0.0,0.0,0.0,0.0,0.0,0.0,0.0,0.0,1,0,0,0,0,0,0,0,0,0,0,0,0,0,0,0,946,632,0,0.0,0.0,0.0,0.0,0.0,0.0,0.0,0.0,0,0,0,0
95,Dango,Ouattara,O.Dango,a,,,6.5,53,37,1.2,176,57,0.0,578,249,0,0,0,0,0,318,422,0.0,0.0,2.3,2.3,0.0,578,249,,,568,242,568,242,568,242,568,242,2.0,,,,,,,0.0,0.0,0.0,0.0,0.0,0.0,0.0,0.0,0.0,1,0,0,0,0,0,0,0,0,0,0,0,0,0,0,0,318,422,0,0.0,0.0,0.0,0.0,0.0,0.0,0.0,0.0,0,0,0,0
96,Mikkel,Damsgaard,Damsgaard,a,,,5.5,162,101,0.6,239,78,0.0,471,182,0,0,0,0,0,215,166,0.0,0.0,2.0,2.0,0.0,471,182,,,427,154,427,154,427,154,427,154,3.0,3.0,,,,,,0.0,0.0,0.0,0.0,0.0,0.0,0.0,0.0,0.0,1,0,0,0,0,0,0,0,0,0,0,0,0,0,0,0,215,166,0,0.0,0.0,0.0,0.0,0.0,0.0,0.0,0.0,0,0,0,0
97,Mathias,Jensen,Jensen,a,,,5.5,138,85,0.2,360,129,0.0,455,171,0,0,0,0,0,37,68,0.0,0.0,2.0,2.0,0.0,455,171,,,403,138,403,138,403,138,403,138,1.0,2.0,3.0,,,,,0.0,0.0,0.0,0.0,0.0,0.0,0.0,0.0,0.0,1,0,0,0,0,0,0,0,0,0,0,0,0,0,0,0,37,68,0,0.0,0.0,0.0,0.0,0.0,0.0,0.0,0.0,0,0,0,0
98,Vitaly,Janelt,Janelt,a,,,5.0,260,158,0.1,421,166,0.0,325,96,0,0,0,0,0,73,27,0.0,0.0,1.5,1.5,0.0,325,96,,,239,45,239,45,239,45,239,45,4.0,,,,,,,0.0,0.0,0.0,0.0,0.0,0.0,0.0,0.0,0.0,1,0,0,0,0,0,0,0,0,0,0,0,0,0,0,0,73,27,0,0.0,0.0,0.0,0.0,0.0,0.0,0.0,0.0,0,0,0,0
99,Antoni,Milambo,Milambo,i,Knee injury - Unknown return date,,5.0,366,216,0.0,596,260,0.0,410,144,0,0,0,0,0,5,7,0.0,0.0,0.0,0.0,0.0,410,144,0.0,0.0,345,103,345,103,345,103,345,103,,,,,,,,0.0,0.0,0.0,0.0,0.0,0.0,0.0,0.0,0.0,1,0,0,0,0,0,0,0,0,0,0,0,0,0,0,0,5,7,0,0.0,0.0,0.0,0.0,0.0,0.0,0.0,0.0,0,0,0,0
100,Fábio,Freitas Gouveia Carvalho,Carvalho,d,Lack of match fitness - 75% chance of playing,,5.0,292,174,0.0,554,230,0.0,349,109,0,0,0,0,0,7,30,0.0,0.0,1.1,1.1,0.0,349,109,75.0,75.0,271,61,271,61,271,61,271,61,,,,,,,,0.0,0.0,0.0,0.0,0.0,0.0,0.0,0.0,0.0,1,0,0,0,0,0,0,0,0,0,0,0,0,0,0,0,7,30,0,0.0,0.0,0.0,0.0,0.0,0.0,0.0,0.0,0,0,0,0
102,Yehor,Yarmoliuk,Yarmoliuk,a,,,5.0,349,202,1.3,166,54,0.0,398,134,0,0,0,0,0,138,338,0.0,0.0,1.5,1.5,0.0,398,134,,,328,89,328,89,328,89,328,89,,,,,,,,0.0,0.0,0.0,0.0,0.0,0.0,0.0,0.0,0.0,1,0,0,0,0,0,0,0,0,0,0,0,0,0,0,0,138,338,0,0.0,0.0,0.0,0.0,0.0,0.0,0.0,0.0,0,0,0,0
103,Josh,Dasilva,Dasilva,a,,,5.0,253,153,0.0,524,218,0.0,318,91,0,0,0,0,0,33,15,0.0,0.0,1.5,1.5,0.0,318,91,,,232,40,232,40,232,40,232,40,,,,,,,,0.0,0.0,0.0,0.0,0.0,0.0,0.0,0.0,0.0,1,0,0,0,0,0,0,0,0,0,0,0,0,0,0,0,33,15,0,0.0,0.0,0.0,0.0,0.0,0.0,0.0,0.0,0,0,0,0
105,Jaidon,Anthony,Anthony,a,,,6.0,85,54,0.2,372,138,0.0,539,221,0,0,0,0,0,130,89,0.0,0.0,2.1,2.1,0.0,539,221,,,519,206,519,206,519,206,519,206,,,,,,,,0.0,0.0,0.0,0.0,0.0,0.0,0.0,0.0,0.0,1,0,0,0,0,0,0,0,0,0,0,0,0,0,0,0,130,89,0,0.0,0.0,0.0,0.0,0.0,0.0,0.0,0.0,0,0,0,0
106,Igor Thiago,Nascimento Rodrigues,Thiago,a,,,8.0,12,4,17.1,22,4,0.0,596,70,0,0,0,0,0,4279,4639,0.0,0.0,2.5,2.5,0.0,596,70,,,594,70,594,70,594,70,594,70,,,1.0,,,,,0.0,0.0,0.0,0.0,0.0,0.0,0.0,0.0,0.0,1,0,0,0,0,0,0,0,0,0,0,0,0,0,0,0,4279,4639,0,0.0,0.0,0.0,0.0,0.0,0.0,0.0,0.0,0,0,0,0
107,Kaye,Furo,Furo,a,,,4.5,518,69,0.9,199,32,0.0,282,22,0,0,0,0,0,987,425,0.0,0.0,1.0,1.0,0.0,282,22,,,191,9,191,9,191,9,191,9,,,,,,,,0.0,0.0,0.0,0.0,0.0,0.0,0.0,0.0,0.0,1,0,0,0,0,0,0,0,0,0,0,0,0,0,0,0,987,425,0,0.0,0.0,0.0,0.0,0.0,0.0,0.0,0.0,0,0,0,0
108,Callum,Wilson,Wilson,a,,,5.5,113,29,0.4,281,48,0.0,437,36,0,0,0,0,0,469,235,0.0,0.0,1.8,1.8,0.0,437,36,,,378,25,378,25,378,25,378,25,,,,,,,,0.0,0.0,0.0,0.0,0.0,0.0,0.0,0.0,0.0,1,0,0,0,0,0,0,0,0,0,0,0,0,0,0,0,469,235,0,0.0,0.0,0.0,0.0,0.0,0.0,0.0,0.0,0,0,0,0
565,Mamadou,Sangaré,M.Sangaré,a,,,5.5,200,124,3.3,96,32,0.0,498,198,0,0,0,0,0,498,345,0.0,0.0,2.0,2.0,0.0,498,198,,,465,177,465,177,465,177,465,177,,,,,,,,0.0,0.0,0.0,0.0,0.0,0.0,0.0,0.0,0.0,1,0,0,0,0,0,0,0,0,0,0,0,0,0,0,0,498,345,0,0.0,0.0,0.0,0.0,0.0,0.0,0.0,0.0,0,0,0,0
109,Bart,Verbruggen,Verbruggen,a,,,4.5,481,42,21.9,14,3,0.0,247,48,0,0,0,0,0,2903,2094,0.0,0.0,1.9,1.9,0.0,247,48,,,154,41,154,41,154,41,154,41,,,,,,,,0.0,0.0,0.0,0.0,0.0,0.0,0.0,0.0,0.0,1,0,0,0,0,0,0,0,0,0,0,0,0,0,0,0,2903,2094,0,0.0,0.0,0.0,0.0,0.0,0.0,0.0,0.0,0,0,0,0
111,Jason,Steele,Steele,a,,,4.0,533,50,4.2,78,12,0.0,130,13,0,0,0,0,0,662,450,0.0,0.0,1.0,1.0,0.0,130,13,,,3,3,3,3,3,3,3,3,,,,,,,,0.0,0.0,0.0,0.0,0.0,0.0,0.0,0.0,0.0,1,0,0,0,0,0,0,0,0,0,0,0,0,0,0,0,662,450,0,0.0,0.0,0.0,0.0,0.0,0.0,0.0,0.0,0,0,0,0
113,Ferdi,Kadıoğlu,F.Kadıoğlu,a,,,4.5,446,109,2.9,106,42,0.0,219,105,0,0,0,0,0,1061,616,0.0,0.0,1.7,1.7,0.0,219,105,,,119,81,119,81,119,81,119,81,3.0,,,,,,,0.0,0.0,0.0,0.0,0.0,0.0,0.0,0.0,0.0,1,0,0,0,0,0,0,0,0,0,0,0,0,0,0,0,1061,616,0,0.0,0.0,0.0,0.0,0.0,0.0,0.0,0.0,0,0,0,0
114,Olivier,Boscagli,Boscagli,a,,,4.5,433,98,0.2,335,127,0.0,211,99,0,0,0,0,0,71,66,0.0,0.0,1.7,1.7,0.0,211,99,,,106,70,106,70,106,70,106,70,,,,,,,,0.0,0.0,0.0,0.0,0.0,0.0,0.0,0.0,0.0,1,0,0,0,0,0,0,0,0,0,0,0,0,0,0,0,71,66,0,0.0,0.0,0.0,0.0,0.0,0.0,0.0,0.0,0,0,0,0
115,Maxim,De Cuyper,De Cuyper,a,,,4.5,470,125,1.7,139,57,0.0,239,119,0,0,0,0,0,577,357,0.0,0.0,1.7,1.7,0.0,239,119,,,143,97,143,97,143,97,143,97,2.0,4.0,,,,,,0.0,0.0,0.0,0.0,0.0,0.0,0.0,0.0,0.0,1,0,0,0,0,0,0,0,0,0,0,0,0,0,0,0,577,357,0,0.0,0.0,0.0,0.0,0.0,0.0,0.0,0.0,0,0,0,0
117,Diego,Coppola,Coppola,a,,,4.5,502,138,0.0,544,189,0.0,267,130,0,0,0,0,0,14,12,0.0,0.0,1.7,1.7,0.0,267,130,,,175,110,175,110,175,110,175,110,,,,,,,,0.0,0.0,0.0,0.0,0.0,0.0,0.0,0.0,0.0,1,0,0,0,0,0,0,0,0,0,0,0,0,0,0,0,14,12,0,0.0,0.0,0.0,0.0,0.0,0.0,0.0,0.0,0,0,0,0
118,Igor Julio,dos Santos de Paulo,Igor,a,,,4.5,440,103,0.1,439,153,0.0,216,102,0,0,0,0,0,99,36,0.0,0.0,1.7,1.7,0.0,216,102,,,113,75,113,75,113,75,113,75,,,,,,,,0.0,0.0,0.0,0.0,0.0,0.0,0.0,0.0,0.0,1,0,0,0,0,0,0,0,0,0,0,0,0,0,0,0,99,36,0,0.0,0.0,0.0,0.0,0.0,0.0,0.0,0.0,0,0,0,0
119,João Pedro,Loureiro da Costa,Costinha,a,,,4.5,465,123,0.0,529,180,0.0,234,117,0,0,0,0,0,22,4,0.0,0.0,1.7,1.7,0.0,234,117,,,138,95,138,95,138,95,138,95,,,,,,,,0.0,0.0,0.0,0.0,0.0,0.0,0.0,0.0,0.0,1,0,0,0,0,0,0,0,0,0,0,0,0,0,0,0,22,4,0,0.0,0.0,0.0,0.0,0.0,0.0,0.0,0.0,0,0,0,0
120,Michael,Svoboda,Svoboda,a,,,5.0,310,58,0.0,484,167,0.0,363,156,0,0,0,0,0,62,21,0.0,0.0,2.2,2.2,0.0,363,156,,,289,144,289,144,289,144,289,144,,,,,,,,0.0,0.0,0.0,0.0,0.0,0.0,0.0,0.0,0.0,1,0,0,0,0,0,0,0,0,0,0,0,0,0,0,0,62,21,0,0.0,0.0,0.0,0.0,0.0,0.0,0.0,0.0,0,0,0,0
121,Mitoma,Kaoru,Mitoma,i,Hamstring injury - Unknown return date,,6.0,87,56,0.1,477,195,0.0,541,223,0,0,0,0,0,32,171,0.0,0.0,0.0,0.0,0.0,541,223,0.0,0.0,521,208,521,208,521,208,521,208,,,,,,,,0.0,0.0,0.0,0.0,0.0,0.0,0.0,0.0,0.0,1,0,0,0,0,0,0,0,0,0,0,0,0,0,0,0,32,171,0,0.0,0.0,0.0,0.0,0.0,0.0,0.0,0.0,0,0,0,0
122,Yankuba,Minteh,Minteh,i,Leg injury - Expected back 28 Nov,,6.0,107,68,0.1,428,169,0.0,558,233,0,0,0,0,0,29,531,0.0,0.0,0.0,0.0,0.0,558,233,0.0,0.0,541,220,541,220,541,220,541,220,5.0,,,,,,,0.0,0.0,0.0,0.0,0.0,0.0,0.0,0.0,0.0,1,0,0,0,0,0,0,0,0,0,0,0,0,0,0,0,29,531,0,0.0,0.0,0.0,0.0,0.0,0.0,0.0,0.0,0,0,0,0
123,Jack,Hinshelwood,Hinshelwood,a,,,6.0,101,66,0.4,266,86,0.0,552,231,0,0,0,0,0,79,107,0.0,0.0,2.1,2.1,0.0,552,231,,,535,218,535,218,535,218,535,218,,,,,,,,0.0,0.0,0.0,0.0,0.0,0.0,0.0,0.0,0.0,1,0,0,0,0,0,0,0,0,0,0,0,0,0,0,0,79,107,0,0.0,0.0,0.0,0.0,0.0,0.0,0.0,0.0,0,0,0,0
124,Pascal,Groß,Groß,a,,,5.5,112,73,14.4,28,9,0.0,436,162,0,0,0,0,0,2844,1938,0.0,0.0,2.0,2.0,0.0,436,162,,,377,126,377,126,377,126,377,126,1.0,1.0,1.0,,,,,0.0,0.0,0.0,0.0,0.0,0.0,0.0,0.0,0.0,1,0,0,0,0,0,0,0,0,0,0,0,0,0,0,0,2844,1938,0,0.0,0.0,0.0,0.0,0.0,0.0,0.0,0.0,0,0,0,0
125,Georginio,Rutter,Georginio,a,,,5.5,174,41,0.9,202,33,0.0,480,45,0,0,0,0,0,355,272,0.0,0.0,1.8,1.8,0.0,480,45,,,439,37,439,37,439,37,439,37,,,,,,,,0.0,0.0,0.0,0.0,0.0,0.0,0.0,0.0,0.0,1,0,0,0,0,0,0,0,0,0,0,0,0,0,0,0,355,272,0,0.0,0.0,0.0,0.0,0.0,0.0,0.0,0.0,0,0,0,0
126,Matt,O'Riley,O'Riley,a,,,5.5,143,88,0.1,419,165,0.0,459,174,0,0,0,0,0,80,66,0.0,0.0,2.0,2.0,0.0,459,174,,,408,141,408,141,408,141,408,141,,,3.0,,,,,0.0,0.0,0.0,0.0,0.0,0.0,0.0,0.0,0.0,1,0,0,0,0,0,0,0,0,0,0,0,0,0,0,0,80,66,0,0.0,0.0,0.0,0.0,0.0,0.0,0.0,0.0,0,0,0,0
127,Diego,Gómez Amarilla,Gomez,a,,,5.0,353,204,3.9,82,28,0.0,401,135,0,0,0,0,0,1156,772,0.0,0.0,1.5,1.5,0.0,401,135,,,332,91,332,91,332,91,332,91,,5.0,,,,,,0.0,0.0,0.0,0.0,0.0,0.0,0.0,0.0,0.0,1,0,0,0,0,0,0,0,0,0,0,0,0,0,0,0,1156,772,0,0.0,0.0,0.0,0.0,0.0,0.0,0.0,0.0,0,0,0,0
128,Facundo,Buonanotte,Buonanotte,u,Has joined Elche on loan for the rest of the season,,5.0,364,214,0.0,586,253,0.0,409,143,0,0,0,0,0,0,43,0.0,0.0,0.0,0.0,0.0,409,143,0.0,0.0,343,101,343,101,343,101,343,101,,,,,,,,0.0,0.0,0.0,0.0,0.0,0.0,0.0,0.0,0.0,1,0,0,0,0,0,0,0,0,0,0,0,0,0,0,0,0,43,0,0.0,0.0,0.0,0.0,0.0,0.0,0.0,0.0,0,0,0,0
129,Yasin,Ayari,Ayari,a,,,5.5,199,123,0.7,225,74,0.0,497,197,0,0,0,0,0,199,300,0.0,0.0,2.0,2.0,0.0,497,197,,,464,176,464,176,464,176,464,176,4.0,2.0,,,,,,0.0,0.0,0.0,0.0,0.0,0.0,0.0,0.0,0.0,1,0,0,0,0,0,0,0,0,0,0,0,0,0,0,0,199,300,0,0.0,0.0,0.0,0.0,0.0,0.0,0.0,0.0,0,0,0,0
130,Mats,Wieffer,Wieffer,a,,,5.0,318,61,0.3,315,118,0.0,370,159,0,0,0,0,0,91,99,0.0,0.0,2.2,2.2,0.0,370,159,,,297,147,297,147,297,147,297,147,,,,,,,,0.0,0.0,0.0,0.0,0.0,0.0,0.0,0.0,0.0,1,0,0,0,0,0,0,0,0,0,0,0,0,0,0,0,91,99,0,0.0,0.0,0.0,0.0,0.0,0.0,0.0,0.0,0,0,0,0
131,Carlos,Baleba,Baleba,i,Ankle injury - Unknown return date,,5.0,359,209,0.2,346,123,0.0,405,139,0,0,0,0,0,497,489,0.0,0.0,0.0,0.0,0.0,405,139,0.0,0.0,338,96,338,96,338,96,338,96,,,,,,,,0.0,0.0,0.0,0.0,0.0,0.0,0.0,0.0,0.0,1,0,0,0,0,0,0,0,0,0,0,0,0,0,0,0,497,489,0,0.0,0.0,0.0,0.0,0.0,0.0,0.0,0.0,0,0,0,0
132,Harry,Howell,Howell,u,Has joined Leicester City on loan for the rest of the season,,4.5,520,259,0.1,457,186,0.0,284,73,0,0,0,0,0,0,259,0.0,0.0,0.0,0.0,0.0,284,73,0.0,0.0,193,21,193,21,193,21,193,21,,,,,,,,0.0,0.0,0.0,0.0,0.0,0.0,0.0,0.0,0.0,1,0,0,0,0,0,0,0,0,0,0,0,0,0,0,0,0,259,0,0.0,0.0,0.0,0.0,0.0,0.0,0.0,0.0,0,0,0,0
133,Tom,Watson,Watson,u,Has joined Leicester City on loan for the rest of the season,,5.0,369,219,0.0,594,259,0.0,413,147,0,0,0,0,0,0,8,0.0,0.0,0.0,0.0,0.0,413,147,0.0,0.0,348,106,348,106,348,106,348,106,,,,,,,,0.0,0.0,0.0,0.0,0.0,0.0,0.0,0.0,0.0,1,0,0,0,0,0,0,0,0,0,0,0,0,0,0,0,0,8,0,0.0,0.0,0.0,0.0,0.0,0.0,0.0,0.0,0,0,0,0
134,Nehemiah,Oriola,Oriola,a,,,4.5,506,255,0.3,298,99,0.0,271,69,0,0,0,0,0,279,124,0.0,0.0,1.0,1.0,0.0,271,69,,,179,17,179,17,179,17,179,17,,,,,,,,0.0,0.0,0.0,0.0,0.0,0.0,0.0,0.0,0.0,1,0,0,0,0,0,0,0,0,0,0,0,0,0,0,0,279,124,0,0.0,0.0,0.0,0.0,0.0,0.0,0.0,0.0,0,0,0,0
135,Zadok,Yohanna,Yohanna,a,,,5.0,397,238,0.1,451,181,0.0,435,161,0,0,0,0,0,57,35,0.0,0.0,1.5,1.5,0.0,435,161,,,376,125,376,125,376,125,376,125,,,,,,,,0.0,0.0,0.0,0.0,0.0,0.0,0.0,0.0,0.0,1,0,0,0,0,0,0,0,0,0,0,0,0,0,0,0,57,35,0,0.0,0.0,0.0,0.0,0.0,0.0,0.0,0.0,0,0,0,0
137,Stefanos,Tzimas,Tzimas,i,Knee injury - Unknown return date,,5.5,220,46,0.0,579,71,0.0,512,48,0,0,0,0,0,13,32,0.0,0.0,0.0,0.0,0.0,512,48,0.0,0.0,485,42,485,42,485,42,485,42,,,,,,,,0.0,0.0,0.0,0.0,0.0,0.0,0.0,0.0,0.0,1,0,0,0,0,0,0,0,0,0,0,0,0,0,0,0,13,32,0,0.0,0.0,0.0,0.0,0.0,0.0,0.0,0.0,0,0,0,0
138,Charalampos,Kostoulas,Kostoulas,a,,,5.5,223,47,0.2,333,54,0.0,515,49,0,0,0,0,0,75,123,0.0,0.0,1.8,1.8,0.0,515,49,,,488,43,488,43,488,43,488,43,,,,,,,,0.0,0.0,0.0,0.0,0.0,0.0,0.0,0.0,0.0,1,0,0,0,0,0,0,0,0,0,0,0,0,0,0,0,75,123,0,0.0,0.0,0.0,0.0,0.0,0.0,0.0,0.0,0,0,0,0
139,Evan,Ferguson,Ferguson,i,Ankle injury - Expected back 10 Oct,,5.0,329,55,0.0,515,69,0.0,380,30,0,0,0,0,0,55,76,0.0,0.0,0.0,0.0,0.0,380,30,0.0,0.0,308,19,308,19,308,19,308,19,,,,,,,,0.0,0.0,0.0,0.0,0.0,0.0,0.0,0.0,0.0,1,0,0,0,0,0,0,0,0,0,0,0,0,0,0,0,55,76,0,0.0,0.0,0.0,0.0,0.0,0.0,0.0,0.0,0,0,0,0
328,Pascal,Struijk,Struijk,a,,,5.0,279,50,0.2,328,123,0.0,338,151,0,0,0,0,0,155,82,0.0,0.0,2.2,2.2,0.0,338,151,100.0,100.0,258,136,258,136,258,136,258,136,,,,,,,,0.0,0.0,0.0,0.0,0.0,0.0,0.0,0.0,0.0,1,0,0,0,0,0,0,0,0,0,0,0,0,0,0,0,155,82,0,0.0,0.0,0.0,0.0,0.0,0.0,0.0,0.0,0,0,0,0
594,Promise,David,David,a,,,6.0,102,25,0.3,319,52,0.0,553,60,0,0,0,0,0,273,138,0.0,0.0,2.0,2.0,0.0,553,60,,,536,57,536,57,536,57,536,57,,,2.0,,,,,0.0,0.0,0.0,0.0,0.0,0.0,0.0,0.0,0.0,1,0,0,0,0,0,0,0,0,0,0,0,0,0,0,0,273,138,0,0.0,0.0,0.0,0.0,0.0,0.0,0.0,0.0,0,0,0,0
600,Ibrahim,Osman,Osman,a,,,5.0,385,230,0.0,575,243,0.0,425,154,0,0,0,0,0,18,5,0.0,0.0,1.5,1.5,0.0,425,154,,,364,117,364,117,364,117,364,117,,,,,,,,0.0,0.0,0.0,0.0,0.0,0.0,0.0,0.0,0.0,1,0,0,0,0,0,0,0,0,0,0,0,0,0,0,0,18,5,0,0.0,0.0,0.0,0.0,0.0,0.0,0.0,0.0,0,0,0,0
40,Morgan,Rogers,Rogers,a,,,7.5,16,9,24.4,12,6,0.0,588,257,0,0,0,0,0,5830,4614,0.0,0.0,2.6,2.6,0.0,588,257,,,582,252,582,252,582,252,582,252,4.0,,,,,,,0.0,0.0,0.0,0.0,0.0,0.0,0.0,0.0,0.0,1,0,0,0,0,0,0,0,0,0,0,0,0,0,0,0,5830,4614,0,0.0,0.0,0.0,0.0,0.0,0.0,0.0,0.0,0,0,0,0
101,Jordan,Henderson,Henderson,d,Wrist injury - 75% chance of playing,,5.0,225,139,0.0,495,206,0.0,294,78,0,0,0,0,0,48,69,0.0,0.0,1.1,1.1,0.0,294,78,75.0,75.0,204,26,204,26,204,26,204,26,,,,,,,,0.0,0.0,0.0,0.0,0.0,0.0,0.0,0.0,0.0,1,0,0,0,0,0,0,0,0,0,0,0,0,0,0,0,48,69,0,0.0,0.0,0.0,0.0,0.0,0.0,0.0,0.0,0,0,0,0
136,Danny,Welbeck,Welbeck,d,Unspecified injury - 75% chance of playing,,6.0,57,13,1.2,174,26,0.0,517,51,0,0,0,0,0,108,2656,0.0,0.0,1.5,1.5,0.0,517,51,75.0,75.0,491,45,491,45,491,45,491,45,,,,,,,,0.0,0.0,0.0,0.0,0.0,0.0,0.0,0.0,0.0,1,0,0,0,0,0,0,0,0,0,0,0,0,0,0,0,108,2656,0,0.0,0.0,0.0,0.0,0.0,0.0,0.0,0.0,0,0,0,0
140,Robert,Lynch Sánchez,Sánchez,a,,,5.0,269,12,2.4,116,18,0.0,331,59,0,0,0,0,0,753,733,0.0,0.0,2.6,2.6,0.0,331,59,,,248,54,248,54,248,54,248,54,,,,,,,,0.0,0.0,0.0,0.0,0.0,0.0,0.0,0.0,0.0,1,0,0,0,0,0,0,0,0,0,0,0,0,0,0,0,753,733,0,0.0,0.0,0.0,0.0,0.0,0.0,0.0,0.0,0,0,0,0
141,Filip,Jörgensen,Jörgensen,u,Has joined RC Strasbourg on loan for the rest of the season,,5.0,350,21,0.0,549,65,0.0,399,65,0,0,0,0,0,0,123,0.0,0.0,0.0,0.0,0.0,399,65,0.0,0.0,329,63,329,63,329,63,329,63,,,,,,,,0.0,0.0,0.0,0.0,0.0,0.0,0.0,0.0,0.0,1,0,0,0,0,0,0,0,0,0,0,0,0,0,0,0,0,123,0,0.0,0.0,0.0,0.0,0.0,0.0,0.0,0.0,0,0,0,0
142,Reece,James,James,a,,,5.5,145,16,10.2,42,15,0.0,461,179,0,0,0,0,0,9755,2463,0.0,0.0,2.5,2.5,0.0,461,179,,,410,170,410,170,410,170,410,170,1.0,1.0,,,,,,0.0,0.0,0.0,0.0,0.0,0.0,0.0,0.0,0.0,1,0,0,0,0,0,0,0,0,0,0,0,0,0,0,0,9755,2463,0,0.0,0.0,0.0,0.0,0.0,0.0,0.0,0.0,0,0,0,0
143,Trevoh,Chalobah,Chalobah,u,Has joined Como permanently,,5.5,126,12,0.2,344,131,0.0,447,176,0,0,0,0,0,0,1759,0.0,0.0,0.0,0.0,0.0,447,176,0.0,0.0,391,166,391,166,391,166,391,166,,,,,,,,0.0,0.0,0.0,0.0,0.0,0.0,0.0,0.0,0.0,1,0,0,0,0,0,0,0,0,0,0,0,0,0,0,0,0,1759,0,0.0,0.0,0.0,0.0,0.0,0.0,0.0,0.0,0,0,0,0
144,Malo,Gusto,Gusto,a,,,5.0,325,63,1.2,177,69,0.0,376,161,0,0,0,0,0,1903,567,0.0,0.0,2.2,2.2,0.0,376,161,,,304,149,304,149,304,149,304,149,,,,,,,,0.0,0.0,0.0,0.0,0.0,0.0,0.0,0.0,0.0,1,0,0,0,0,0,0,0,0,0,0,0,0,0,0,0,1903,567,0,0.0,0.0,0.0,0.0,0.0,0.0,0.0,0.0,0,0,0,0
145,Wesley,Fofana,Fofana,s,Suspended until 6 Sep,,5.0,304,56,0.0,565,191,0.0,357,154,0,0,0,0,0,16,36,0.0,0.0,0.0,0.0,0.0,357,154,0.0,0.0,283,142,283,142,283,142,283,142,,,,,,,,0.0,0.0,0.0,0.0,0.0,0.0,0.0,0.0,0.0,1,0,0,0,0,0,0,0,0,0,0,0,0,0,0,0,16,36,0,0.0,0.0,0.0,0.0,0.0,0.0,0.0,0.0,0,0,0,0
146,Benoît,Badiashile Mukinayi,B.Badiashile,a,,,4.5,452,113,0.0,523,175,0.0,224,109,0,0,0,0,0,73,36,0.0,0.0,1.7,1.7,0.0,224,109,,,125,85,125,85,125,85,125,85,,,,,,,,0.0,0.0,0.0,0.0,0.0,0.0,0.0,0.0,0.0,1,0,0,0,0,0,0,0,0,0,0,0,0,0,0,0,73,36,0,0.0,0.0,0.0,0.0,0.0,0.0,0.0,0.0,0,0,0,0
147,Tosin,Adarabioyo,Tosin,a,,,4.5,411,84,0.2,339,130,0.0,190,86,0,0,0,0,0,73,109,0.0,0.0,1.7,1.7,0.0,190,86,,,84,56,84,56,84,56,84,56,,,,,,,,0.0,0.0,0.0,0.0,0.0,0.0,0.0,0.0,0.0,1,0,0,0,0,0,0,0,0,0,0,0,0,0,0,0,73,109,0,0.0,0.0,0.0,0.0,0.0,0.0,0.0,0.0,0,0,0,0
148,Jorrel,Hato,Hato,a,,,4.5,503,139,0.5,258,97,0.0,268,131,0,0,0,0,0,370,227,0.0,0.0,1.7,1.7,0.0,268,131,,,176,111,176,111,176,111,176,111,,,,,,,,0.0,0.0,0.0,0.0,0.0,0.0,0.0,0.0,0.0,1,0,0,0,0,0,0,0,0,0,0,0,0,0,0,0,370,227,0,0.0,0.0,0.0,0.0,0.0,0.0,0.0,0.0,0,0,0,0
149,Levi,Samuels Colwill,Colwill,a,,,5.0,311,59,1.6,144,61,0.0,364,157,0,0,0,0,0,1517,528,0.0,0.0,2.2,2.2,0.0,364,157,,,290,145,290,145,290,145,290,145,,,,,,,,0.0,0.0,0.0,0.0,0.0,0.0,0.0,0.0,0.0,1,0,0,0,0,0,0,0,0,0,0,0,0,0,0,0,1517,528,0,0.0,0.0,0.0,0.0,0.0,0.0,0.0,0.0,0,0,0,0
150,Mamadou,Sarr,M.Sarr,a,,,4.5,511,141,0.1,443,156,0.0,276,133,0,0,0,0,0,129,53,0.0,0.0,1.7,1.7,0.0,276,133,,,184,113,184,113,184,113,184,113,,,,,,,,0.0,0.0,0.0,0.0,0.0,0.0,0.0,0.0,0.0,1,0,0,0,0,0,0,0,0,0,0,0,0,0,0,0,129,53,0,0.0,0.0,0.0,0.0,0.0,0.0,0.0,0.0,0,0,0,0
151,Josh,Acheampong,Acheampong,a,,,4.5,514,143,0.3,303,114,0.0,278,134,0,0,0,0,0,257,187,0.0,0.0,1.7,1.7,0.0,278,134,,,187,115,187,115,187,115,187,115,,,,,,,,0.0,0.0,0.0,0.0,0.0,0.0,0.0,0.0,0.0,1,0,0,0,0,0,0,0,0,0,0,0,0,0,0,0,257,187,0,0.0,0.0,0.0,0.0,0.0,0.0,0.0,0.0,0,0,0,0
152,Marco,Palestra,Palestra,a,,,5.5,222,34,3.0,105,41,0.0,514,190,0,0,0,0,0,1359,634,0.0,0.0,2.5,2.5,0.0,514,190,,,487,188,487,188,487,188,487,188,,,,,,,,0.0,0.0,0.0,0.0,0.0,0.0,0.0,0.0,0.0,1,0,0,0,0,0,0,0,0,0,0,0,0,0,0,0,1359,634,0,0.0,0.0,0.0,0.0,0.0,0.0,0.0,0.0,0,0,0,0
153,Axel,Disasi,Disasi,a,,,4.5,437,101,0.1,466,163,0.0,214,101,0,0,0,0,0,121,53,0.0,0.0,1.7,1.7,0.0,214,101,,,110,73,110,73,110,73,110,73,,,,,,,,0.0,0.0,0.0,0.0,0.0,0.0,0.0,0.0,0.0,1,0,0,0,0,0,0,0,0,0,0,0,0,0,0,0,121,53,0,0.0,0.0,0.0,0.0,0.0,0.0,0.0,0.0,0,0,0,0
154,Cole,Palmer,Palmer,a,,,9.5,4,3,10.5,37,13,0.0,599,263,0,0,0,0,0,2024,2381,0.0,0.0,3.2,3.2,0.0,599,263,,,598,262,598,262,598,262,598,262,,3.0,1.0,,,,,0.0,0.0,0.0,0.0,0.0,0.0,0.0,0.0,0.0,1,0,0,0,0,0,0,0,0,0,0,0,0,0,0,0,2024,2381,0,0.0,0.0,0.0,0.0,0.0,0.0,0.0,0.0,0,0,0,0
155,Enzo,Fernández,Enzo,a,,,7.0,29,19,5.1,67,21,0.0,586,256,0,0,0,0,0,3175,2538,0.0,0.0,2.5,2.5,0.0,586,256,,,577,250,577,250,577,250,577,250,3.0,2.0,2.0,,,,,0.0,0.0,0.0,0.0,0.0,0.0,0.0,0.0,0.0,1,0,0,0,0,0,0,0,0,0,0,0,0,0,0,0,3175,2538,0,0.0,0.0,0.0,0.0,0.0,0.0,0.0,0.0,0,0,0,0
156,Pedro,Lomba Neto,Neto,a,,,6.5,42,29,1.4,165,53,0.0,569,243,0,0,0,0,0,830,791,0.0,0.0,2.3,2.3,0.0,569,243,,,557,234,557,234,557,234,557,234,2.0,4.0,,,,,,0.0,0.0,0.0,0.0,0.0,0.0,0.0,0.0,0.0,1,0,0,0,0,0,0,0,0,0,0,0,0,0,0,0,830,791,0,0.0,0.0,0.0,0.0,0.0,0.0,0.0,0.0,0,0,0,0
157,Estêvão,Almeida de Oliveira Gonçalves,Estêvão,a,,,6.5,55,39,1.3,171,55,0.0,580,251,0,0,0,0,0,968,1102,0.0,0.0,2.3,2.3,0.0,580,251,,,570,244,570,244,570,244,570,244,5.0,,3.0,,,,,0.0,0.0,0.0,0.0,0.0,0.0,0.0,0.0,0.0,1,0,0,0,0,0,0,0,0,0,0,0,0,0,0,0,968,1102,0,0.0,0.0,0.0,0.0,0.0,0.0,0.0,0.0,0,0,0,0
158,Jamie,Bynoe-Gittens,Gittens,a,,,6.0,89,57,0.0,502,211,0.0,543,224,0,0,0,0,0,37,44,0.0,0.0,2.1,2.1,0.0,543,224,,,523,209,523,209,523,209,523,209,,,,,,,,0.0,0.0,0.0,0.0,0.0,0.0,0.0,0.0,0.0,1,0,0,0,0,0,0,0,0,0,0,0,0,0,0,0,37,44,0,0.0,0.0,0.0,0.0,0.0,0.0,0.0,0.0,0,0,0,0
161,Roméo,Lavia,Lavia,a,,,5.0,354,205,0.1,474,194,0.0,402,136,0,0,0,0,0,71,51,0.0,0.0,1.5,1.5,0.0,402,136,,,333,92,333,92,333,92,333,92,,,,,,,,0.0,0.0,0.0,0.0,0.0,0.0,0.0,0.0,0.0,1,0,0,0,0,0,0,0,0,0,0,0,0,0,0,0,71,51,0,0.0,0.0,0.0,0.0,0.0,0.0,0.0,0.0,0,0,0,0
163,Dário,Luís Essugo,D.Essugo,a,,,4.5,483,249,0.2,341,120,0.0,249,63,0,0,0,0,0,258,184,0.0,0.0,1.0,1.0,0.0,249,63,,,156,11,156,11,156,11,156,11,,,,,,,,0.0,0.0,0.0,0.0,0.0,0.0,0.0,0.0,0.0,1,0,0,0,0,0,0,0,0,0,0,0,0,0,0,0,258,184,0,0.0,0.0,0.0,0.0,0.0,0.0,0.0,0.0,0,0,0,0
164,Geovany,Quenda,Quenda,a,,,5.5,219,137,0.0,492,204,0.0,511,208,0,0,0,0,0,35,42,0.0,0.0,2.0,2.0,0.0,511,208,100.0,100.0,484,190,484,190,484,190,484,190,,,,,,,,0.0,0.0,0.0,0.0,0.0,0.0,0.0,0.0,0.0,1,0,0,0,0,0,0,0,0,0,0,0,0,0,0,0,35,42,0,0.0,0.0,0.0,0.0,0.0,0.0,0.0,0.0,0,0,0,0
165,João Pedro,Junqueira de Jesus,João Pedro,a,,,7.5,19,7,64.2,2,2,0.0,591,67,0,0,0,0,0,13193,3869,0.0,0.0,2.4,2.4,0.0,591,67,,,585,67,585,67,585,67,585,67,,,,,,,,0.0,0.0,0.0,0.0,0.0,0.0,0.0,0.0,0.0,1,0,0,0,0,0,0,0,0,0,0,0,0,0,0,0,13193,3869,0,0.0,0.0,0.0,0.0,0.0,0.0,0.0,0.0,0,0,0,0
166,Nicolas,Jackson,N.Jackson,a,,,6.5,52,12,0.4,285,51,0.0,577,64,0,0,0,0,0,350,393,0.0,0.0,2.1,2.1,0.0,577,64,,,567,62,567,62,567,62,567,62,,,,,,,,0.0,0.0,0.0,0.0,0.0,0.0,0.0,0.0,0.0,1,0,0,0,0,0,0,0,0,0,0,0,0,0,0,0,350,393,0,0.0,0.0,0.0,0.0,0.0,0.0,0.0,0.0,0,0,0,0
167,Liam,Delap,Delap,a,,,5.5,173,40,0.5,259,45,0.0,479,44,0,0,0,0,0,339,447,0.0,0.0,1.8,1.8,0.0,479,44,,,438,36,438,36,438,36,438,36,,,4.0,,,,,0.0,0.0,0.0,0.0,0.0,0.0,0.0,0.0,0.0,1,0,0,0,0,0,0,0,0,0,0,0,0,0,0,0,339,447,0,0.0,0.0,0.0,0.0,0.0,0.0,0.0,0.0,0,0,0,0
168,Marc,Guiu Paz,Marc Guiu,a,,,5.0,343,56,0.5,254,44,0.0,393,31,0,0,0,0,0,454,411,0.0,0.0,1.4,1.4,0.0,393,31,,,322,20,322,20,322,20,322,20,,,,,,,,0.0,0.0,0.0,0.0,0.0,0.0,0.0,0.0,0.0,1,0,0,0,0,0,0,0,0,0,0,0,0,0,0,0,454,411,0,0.0,0.0,0.0,0.0,0.0,0.0,0.0,0.0,0,0,0,0
169,Shumaira,Mheuka,Mheuka,a,,,4.5,509,68,0.4,282,49,0.0,274,21,0,0,0,0,0,455,289,0.0,0.0,1.0,1.0,0.0,274,21,,,182,8,182,8,182,8,182,8,,,,,,,,0.0,0.0,0.0,0.0,0.0,0.0,0.0,0.0,0.0,1,0,0,0,0,0,0,0,0,0,0,0,0,0,0,0,455,289,0,0.0,0.0,0.0,0.0,0.0,0.0,0.0,0.0,0,0,0,0
170,Emmanuel,Emegha,Emegha,a,,,5.0,348,57,0.1,383,59,0.0,397,32,0,0,0,0,0,323,168,0.0,0.0,1.4,1.4,0.0,397,32,100.0,100.0,327,21,327,21,327,21,327,21,,,,,,,,0.0,0.0,0.0,0.0,0.0,0.0,0.0,0.0,0.0,1,0,0,0,0,0,0,0,0,0,0,0,0,0,0,0,323,168,0,0.0,0.0,0.0,0.0,0.0,0.0,0.0,0.0,0,0,0,0
200,Maxence,Lacroix,Lacroix,a,,,6.0,80,8,9.0,45,17,0.0,536,193,0,0,0,0,0,3047,3313,0.0,0.0,2.8,2.8,0.0,536,193,,,514,192,514,192,514,192,514,192,,,,,,,,0.0,0.0,0.0,0.0,0.0,0.0,0.0,0.0,0.0,1,0,0,0,0,0,0,0,0,0,0,0,0,0,0,0,3047,3313,0,0.0,0.0,0.0,0.0,0.0,0.0,0.0,0.0,0,0,0,0
560,Mike,Penders,Penders,a,,,4.5,501,46,0.1,456,50,0.0,266,52,0,0,0,0,0,41,37,0.0,0.0,1.9,1.9,0.0,266,52,,,174,45,174,45,174,45,174,45,,,,,,,,0.0,0.0,0.0,0.0,0.0,0.0,0.0,0.0,0.0,1,0,0,0,0,0,0,0,0,0,0,0,0,0,0,0,41,37,0,0.0,0.0,0.0,0.0,0.0,0.0,0.0,0.0,0,0,0,0
561,Aaron,Anselmino,Anselmino,a,,,4.5,525,148,0.0,537,183,0.0,288,138,0,0,0,0,0,47,14,0.0,0.0,1.7,1.7,0.0,288,138,,,198,120,198,120,198,120,198,120,,,,,,,,0.0,0.0,0.0,0.0,0.0,0.0,0.0,0.0,0.0,1,0,0,0,0,0,0,0,0,0,0,0,0,0,0,0,47,14,0,0.0,0.0,0.0,0.0,0.0,0.0,0.0,0.0,0,0,0,0
568,Valentín,Barco,Barco,a,,,5.5,203,127,0.1,388,148,0.0,499,199,0,0,0,0,0,54,88,0.0,0.0,2.0,2.0,0.0,499,199,,,468,180,468,180,468,180,468,180,,,,,,,,0.0,0.0,0.0,0.0,0.0,0.0,0.0,0.0,0.0,1,0,0,0,0,0,0,0,0,0,0,0,0,0,0,0,54,88,0,0.0,0.0,0.0,0.0,0.0,0.0,0.0,0.0,0,0,0,0
578,Mykhailo,Mudryk,Mudryk,a,,,5.5,178,108,0.0,482,199,0.0,484,187,0,0,0,0,0,39,59,0.0,0.0,2.0,2.0,0.0,484,187,,,443,161,443,161,443,161,443,161,,,,,,,,0.0,0.0,0.0,0.0,0.0,0.0,0.0,0.0,0.0,1,0,0,0,0,0,0,0,0,0,0,0,0,0,0,0,39,59,0,0.0,0.0,0.0,0.0,0.0,0.0,0.0,0.0,0,0,0,0
583,Pep,Chavarría,Chavarria,a,,,5.0,342,70,0.2,347,133,0.0,392,168,0,0,0,0,0,174,115,0.0,0.0,2.2,2.2,0.0,392,168,,,321,156,321,156,321,156,321,156,,,,,,,,0.0,0.0,0.0,0.0,0.0,0.0,0.0,0.0,0.0,1,0,0,0,0,0,0,0,0,0,0,0,0,0,0,0,174,115,0,0.0,0.0,0.0,0.0,0.0,0.0,0.0,0.0,0,0,0,0
104,Frank,Onyeka,Onyeka,a,,,5.0,296,177,0.2,375,140,2.0,27,11,2,0,0,0,0,257,125,0.4,0.4,1.5,1.5,2.0,27,11,,,275,64,275,64,275,64,275,64,,,,,,,,0.0,0.01,0.01,1.88,0.0,0.0,3.0,1.0,9.0,1,2,90,0,0,0,3,0,0,0,0,0,0,1,0,8,257,125,0,0.0,0.01,0.01,1.88,0.0,0.0,0.0,0.0,1,3,5,9
110,Carl,Rushworth,Rushworth,a,,,4.5,474,39,1.1,181,26,1.0,57,4,1,0,0,0,0,573,358,0.2,0.2,1.9,1.9,1.0,57,4,,,147,38,147,38,147,38,147,38,,,,,,,,0.0,0.01,0.01,1.88,2.0,0.0,3.0,1.0,0.0,1,1,90,0,0,0,3,0,0,0,0,0,2,1,0,0,573,358,0,0.0,0.01,0.01,1.88,0.0,0.0,0.0,0.0,0,1,7,0
171,Oliver,Dovin,Dovin,a,,,4.0,575,64,1.6,146,21,0.0,157,27,0,0,0,0,0,127,455,0.0,0.0,1.0,1.0,0.0,157,27,,,45,17,45,17,45,17,45,17,,,,,,,,0.0,0.0,0.0,0.0,0.0,0.0,0.0,0.0,0.0,1,0,0,0,0,0,0,0,0,0,0,0,0,0,0,0,127,455,0,0.0,0.0,0.0,0.0,0.0,0.0,0.0,0.0,0,0,0,0
14,Eberechi,Eze,Eze,a,,,6.5,41,28,2.1,121,37,1.0,123,51,1,0,0,0,0,758,7203,0.2,0.2,2.3,2.3,1.0,123,51,,,556,233,556,233,556,233,556,233,,3.0,,,,,,0.26,0.0,0.26,0.96,0.0,0.0,0.0,0.0,12.86,1,1,14,0,0,0,0,0,0,0,0,0,0,0,0,4,758,7203,0,0.04,0.0,0.04,0.15,0.0,0.0,0.0,0.0,0,0,2,2
172,Ben,Wilson,Wilson,a,,,4.5,412,28,0.5,253,35,0.0,191,37,0,0,0,0,0,27,314,0.0,0.0,1.9,1.9,0.0,191,37,,,85,27,85,27,85,27,85,27,,,,,,,,0.0,0.0,0.0,0.0,0.0,0.0,0.0,0.0,0.0,1,0,0,0,0,0,0,0,0,0,0,0,0,0,0,0,27,314,0,0.0,0.0,0.0,0.0,0.0,0.0,0.0,0.0,0,0,0,0
175,Milan,van Ewijk,van Ewijk,a,,,4.0,569,172,13.9,30,10,1.0,42,19,1,0,0,0,0,4037,2795,0.2,0.2,1.0,1.0,1.0,42,19,,,39,24,39,24,39,24,39,24,,,,,,,,0.0,0.01,0.01,1.88,0.0,0.0,3.0,1.0,7.0,1,1,90,0,0,0,3,0,0,0,0,0,0,1,0,-8,4037,2795,0,0.0,0.01,0.01,1.88,0.0,0.0,0.0,0.0,1,6,3,7
176,Jay,Dasilva,Dasilva,a,,,4.0,549,157,0.9,205,76,1.0,37,14,1,0,0,0,0,338,293,0.2,0.2,1.0,1.0,1.0,37,14,,,19,9,19,9,19,9,19,9,,,,,,,,0.0,0.02,0.02,1.88,0.0,0.0,3.0,1.0,6.0,1,1,90,0,0,0,3,0,0,0,0,0,0,1,0,-4,338,293,0,0.0,0.02,0.02,1.88,0.0,0.0,0.0,0.0,0,6,1,6
177,Kaine,Kesler-Hayden,Kesler-Hayden,a,,,4.0,573,175,0.1,461,160,0.0,155,62,0,0,0,0,0,23,44,0.0,0.0,1.0,1.0,0.0,155,62,,,43,27,43,27,43,27,43,27,,,,,,,,0.0,0.0,0.0,0.0,0.0,0.0,0.0,0.0,0.0,1,0,0,0,0,0,0,0,0,0,0,0,0,0,0,0,23,44,0,0.0,0.0,0.0,0.0,0.0,0.0,0.0,0.0,0,0,0,0
178,Jake,Bidwell,Bidwell,a,,,4.0,536,149,0.1,430,151,0.0,133,51,0,0,0,0,0,226,91,0.0,0.0,1.0,1.0,0.0,133,51,,,6,1,6,1,6,1,6,1,,,,,,,,0.0,0.0,0.0,0.0,0.0,0.0,0.0,0.0,0.0,1,0,0,0,0,0,0,0,0,0,0,0,0,0,0,0,226,91,0,0.0,0.0,0.0,0.0,0.0,0.0,0.0,0.0,0,0,0,0
179,Joel,Latibeaudiere,Latibeaudiere,a,,,4.0,553,161,0.0,490,170,0.0,143,56,0,0,0,0,0,24,38,0.0,0.0,1.0,1.0,0.0,143,56,,,23,13,23,13,23,13,23,13,,,,,,,,0.0,0.0,0.0,0.0,0.0,0.0,0.0,0.0,0.0,1,0,0,0,0,0,0,0,0,0,0,0,0,0,0,0,24,38,0,0.0,0.0,0.0,0.0,0.0,0.0,0.0,0.0,0,0,0,0
180,Luke,Woolfenden,Woolfenden,a,,,4.0,558,165,0.2,363,138,0.0,146,58,0,0,0,0,0,107,141,0.0,0.0,1.0,1.0,0.0,146,58,,,28,17,28,17,28,17,28,17,,,,,,,,0.0,0.0,0.0,0.0,0.0,0.0,0.0,0.0,0.0,1,0,0,0,0,0,0,0,0,0,0,0,0,0,0,0,107,141,0,0.0,0.0,0.0,0.0,0.0,0.0,0.0,0.0,0,0,0,0
181,Miguel,Brau,Brau,a,,,4.0,590,189,0.0,494,171,0.0,171,75,0,0,0,0,0,25,29,0.0,0.0,1.0,1.0,0.0,171,75,,,60,41,60,41,60,41,60,41,,,,,,,,0.0,0.0,0.0,0.0,0.0,0.0,0.0,0.0,0.0,1,0,0,0,0,0,0,0,0,0,0,0,0,0,0,0,25,29,0,0.0,0.0,0.0,0.0,0.0,0.0,0.0,0.0,0,0,0,0
182,Aurèle,Amenda,Amenda,a,,,4.0,584,183,0.9,203,75,1.0,44,21,1,0,0,0,0,360,300,0.2,0.2,1.0,1.0,1.0,44,21,,,54,35,54,35,54,35,54,35,,,,,,,,0.0,0.01,0.01,1.88,0.0,0.0,3.0,1.0,9.0,1,1,90,0,0,0,3,0,0,0,0,0,0,1,0,1,360,300,0,0.0,0.01,0.01,1.88,0.0,0.0,0.0,0.0,0,9,4,9
183,Jack,Rudoni,Rudoni,a,,,5.0,323,188,0.1,385,145,1.0,75,21,1,0,0,0,0,92,108,0.2,0.2,1.5,1.5,1.0,75,21,100.0,100.0,302,75,302,75,302,75,302,75,3.0,1.0,,,,,,0.68,0.0,0.68,1.3,0.0,0.0,0.0,0.0,22.5,1,1,20,0,0,0,0,0,0,0,0,0,0,0,0,3,92,108,0,0.15,0.0,0.15,0.29,0.0,0.0,0.0,0.0,1,0,4,5
184,Matt,Grimes,Grimes,a,,,5.0,247,150,0.2,349,125,2.0,24,10,2,0,0,0,0,351,100,0.4,0.4,1.5,1.5,2.0,24,10,,,226,37,226,37,226,37,226,37,1.0,,3.0,,,,,0.0,0.01,0.01,1.88,0.0,0.0,3.0,1.0,7.0,1,2,90,0,0,0,3,0,0,0,0,0,0,1,0,14,351,100,0,0.0,0.01,0.01,1.88,0.0,0.0,0.0,0.0,0,4,3,7
185,Tatsuhiro,Sakamoto,Sakamoto,a,,,5.0,346,200,0.1,410,160,0.0,395,132,0,0,0,0,0,24,121,0.0,0.0,1.5,1.5,0.0,395,132,,,325,87,325,87,325,87,325,87,,,,,,,,0.0,0.0,0.0,0.0,0.0,0.0,0.0,0.0,0.0,1,0,0,0,0,0,0,0,0,0,0,0,0,0,0,0,24,121,0,0.0,0.0,0.0,0.0,0.0,0.0,0.0,0.0,0,0,0,0
186,Ephron,Mason-Clark,Mason-Clark,a,,,5.5,149,92,0.1,395,152,0.0,463,177,0,0,0,0,0,27,165,0.0,0.0,2.0,2.0,0.0,463,177,100.0,100.0,414,145,414,145,414,145,414,145,,,,,,,,0.0,0.0,0.0,0.0,0.0,0.0,0.0,0.0,0.0,1,0,0,0,0,0,0,0,0,0,0,0,0,0,0,0,27,165,0,0.0,0.0,0.0,0.0,0.0,0.0,0.0,0.0,0,0,0,0
187,Josh,Eccles,Eccles,a,,,5.0,302,179,0.0,553,229,0.0,355,113,0,0,0,0,0,12,23,0.0,0.0,1.5,1.5,0.0,355,113,,,281,66,281,66,281,66,281,66,,,,,,,,0.0,0.0,0.0,0.0,0.0,0.0,0.0,0.0,0.0,1,0,0,0,0,0,0,0,0,0,0,0,0,0,0,0,12,23,0,0.0,0.0,0.0,0.0,0.0,0.0,0.0,0.0,0,0,0,0
188,Victor,Torp,Torp,a,,,5.5,146,90,0.2,366,134,1.0,92,32,1,0,0,0,0,19,170,0.2,0.2,2.0,2.0,1.0,92,32,,,411,143,411,143,411,143,411,143,2.0,2.0,2.0,,,,,0.0,0.35,0.35,1.03,0.0,0.0,0.0,0.0,3.21,1,1,28,0,0,0,0,0,0,0,0,0,0,0,0,8,19,170,0,0.0,0.11,0.11,0.32,0.0,0.0,0.0,0.0,0,1,0,1
189,George,Shepherd,Shepherd,a,,,4.5,530,263,0.3,288,96,0.0,293,77,0,0,0,0,0,210,224,0.0,0.0,1.0,1.0,0.0,293,77,,,203,25,203,25,203,25,203,25,,,,,,,,0.0,0.0,0.0,0.0,0.0,0.0,0.0,0.0,0.0,1,0,0,0,0,0,0,0,0,0,0,0,0,0,0,0,210,224,0,0.0,0.0,0.0,0.0,0.0,0.0,0.0,0.0,0,0,0,0
190,Loum,Tchaouna,Tchaouna,a,,,5.5,180,109,0.1,384,144,2.0,29,13,2,0,0,0,0,153,101,0.4,0.4,2.0,2.0,2.0,29,13,,,445,162,445,162,445,162,445,162,,,,,,,,0.04,0.02,0.06,1.96,0.0,0.0,3.33,1.11,8.89,1,2,81,0,0,0,3,0,0,0,0,0,0,1,0,11,153,101,0,0.04,0.02,0.06,1.76,0.0,0.0,0.0,0.0,0,3,5,8
191,Raphael,Borges Rodrigues,Borges Rodrigues,a,,,4.5,485,251,0.2,362,131,0.0,251,65,0,0,0,0,0,93,137,0.0,0.0,1.0,1.0,0.0,251,65,,,158,13,158,13,158,13,158,13,,,,,,,,0.0,0.0,0.0,0.0,0.0,0.0,0.0,0.0,0.0,1,0,0,0,0,0,0,0,0,0,0,0,0,0,0,0,93,137,0,0.0,0.0,0.0,0.0,0.0,0.0,0.0,0.0,0,0,0,0
192,Kaine,Andrews,Andrews,a,,,4.5,526,260,0.7,219,70,0.0,289,74,0,0,0,0,0,408,504,0.0,0.0,1.0,1.0,0.0,289,74,,,199,22,199,22,199,22,199,22,,,,,,,,0.0,0.0,0.0,0.0,0.0,0.0,0.0,0.0,0.0,1,0,0,0,0,0,0,0,0,0,0,0,0,0,0,0,408,504,0,0.0,0.0,0.0,0.0,0.0,0.0,0.0,0.0,0,0,0,0
15,Martin,Ødegaard,Ødegaard,a,,,6.5,35,23,8.5,49,17,11.0,4,1,11,0,0,0,0,27637,2367,1.7,1.7,2.3,2.3,11.0,4,1,,,550,228,550,228,550,228,550,228,4.0,,3.0,,,,,0.25,0.12,0.37,0.07,0.0,1.2,0.0,1.2,9.6,1,11,75,1,0,1,0,0,0,0,0,0,0,1,3,41,27637,2367,0,0.21,0.1,0.31,0.06,0.0,0.0,0.0,0.0,3,1,4,8
20,Max,Dowman,Dowman,a,,,5.5,221,138,0.1,429,170,0.0,513,209,0,0,0,0,0,76,405,0.0,0.0,2.0,2.0,0.0,513,209,,,486,191,486,191,486,191,486,191,,,,,,,,0.0,0.0,0.0,0.0,0.0,0.0,0.0,0.0,0.0,1,0,0,0,0,0,0,0,0,0,0,0,0,0,0,0,76,405,0,0.0,0.0,0.0,0.0,0.0,0.0,0.0,0.0,0,0,0,0
25,Viktor,Gyökeres,Gyökeres,a,,,7.5,15,6,8.8,47,8,0.0,587,66,0,0,0,0,0,950,35014,0.0,0.0,2.4,2.4,0.0,587,66,,,581,66,581,66,581,66,581,66,,,2.0,,,,,0.0,0.0,0.0,0.0,0.0,0.0,0.0,0.0,0.0,1,0,0,0,0,0,0,0,0,0,0,0,0,0,0,0,950,35014,0,0.0,0.0,0.0,0.0,0.0,0.0,0.0,0.0,0,0,0,0
193,Haji,Wright,Wright,i,Thigh injury - Unknown return date,,5.5,125,34,0.2,352,55,0.0,446,40,0,0,0,0,0,23,844,0.0,0.0,0.0,0.0,0.0,446,40,0.0,0.0,390,30,390,30,390,30,390,30,,,1.0,,,,,0.0,0.0,0.0,0.0,0.0,0.0,0.0,0.0,0.0,1,0,0,0,0,0,0,0,0,0,0,0,0,0,0,0,23,844,0,0.0,0.0,0.0,0.0,0.0,0.0,0.0,0.0,0,0,0,0
194,Brandon,Thomas-Asante,Thomas-Asante,a,,,5.0,284,52,0.8,213,35,2.0,26,4,2,0,0,0,0,1283,440,0.4,0.4,1.4,1.4,2.0,26,4,,,263,16,263,16,263,16,263,16,,,4.0,,,,,0.0,0.03,0.03,2.09,0.0,0.0,3.91,1.3,7.83,1,2,69,0,0,0,3,0,0,0,0,0,0,1,0,9,1283,440,0,0.0,0.02,0.02,1.6,0.0,0.0,0.0,0.0,0,5,1,6
195,Ellis,Simms,Simms,a,,,5.0,273,50,0.9,198,31,2.0,25,3,2,0,0,0,0,1412,453,0.4,0.4,1.4,1.4,2.0,25,3,,,252,14,252,14,252,14,252,14,,,,,,,,0.0,0.01,0.01,2.09,0.0,0.0,3.91,1.3,3.91,1,2,69,0,0,0,3,0,0,0,0,0,0,1,0,7,1412,453,0,0.0,0.01,0.01,1.6,0.0,0.0,0.0,0.0,0,1,2,3
196,Jahnoah,Markelo,Markelo,u,Has joined Shabab Al-Ahli Dubai permanently,,5.0,371,58,0.0,545,70,0.0,415,33,0,0,0,0,0,0,124,0.0,0.0,0.0,0.0,0.0,415,33,0.0,0.0,350,22,350,22,350,22,350,22,,,,,,,,0.0,0.0,0.0,0.0,0.0,0.0,0.0,0.0,0.0,1,0,0,0,0,0,0,0,0,0,0,0,0,0,0,0,0,124,0,0.0,0.0,0.0,0.0,0.0,0.0,0.0,0.0,0,0,0,0
197,Norman,Bassette,Bassette,u,Has joined KVC Westerlo on loan for the rest of the season,,4.5,500,65,0.0,483,66,0.0,265,18,0,0,0,0,0,0,147,0.0,0.0,0.0,0.0,0.0,265,18,0.0,0.0,173,5,173,5,173,5,173,5,,,,,,,,0.0,0.0,0.0,0.0,0.0,0.0,0.0,0.0,0.0,1,0,0,0,0,0,0,0,0,0,0,0,0,0,0,0,0,147,0,0.0,0.0,0.0,0.0,0.0,0.0,0.0,0.0,0,0,0,0
492,Taiwo,Awoniyi,Awoniyi,a,,,5.5,140,36,0.9,207,34,1.0,91,6,1,0,0,0,0,416,742,0.2,0.2,1.8,1.8,1.0,91,6,,,405,32,405,32,405,32,405,32,,,5.0,,,,,0.0,0.0,0.0,1.3,0.0,0.0,0.0,0.0,4.5,1,1,20,0,0,0,0,0,0,0,0,0,0,0,0,4,416,742,0,0.0,0.0,0.0,0.29,0.0,0.0,0.0,0.0,0,0,1,1
575,Caleb,Yirenkyi,Yirenkyi,a,,,5.0,395,236,0.3,313,109,1.0,85,28,1,0,0,0,0,137,247,0.2,0.2,1.5,1.5,1.0,85,28,,,374,123,374,123,374,123,374,123,,,,,,,,0.0,0.0,0.0,2.3,0.0,0.0,4.43,1.48,4.43,1,1,61,0,0,0,3,0,0,0,1,0,0,1,0,2,137,247,0,0.0,0.0,0.0,1.56,0.0,0.0,0.0,0.0,0,0,3,3
584,Gustavo,Hamer,Hamer,a,,,5.5,129,80,0.2,380,143,1.0,88,30,1,0,0,0,0,44,140,0.2,0.2,2.0,2.0,1.0,88,30,,,394,133,394,133,394,133,394,133,,,,,,,,0.0,0.0,0.0,1.46,0.0,0.0,0.0,0.0,11.25,1,1,8,0,0,0,0,0,0,0,0,0,0,0,0,3,44,140,0,0.0,0.0,0.0,0.13,0.0,0.0,0.0,0.0,0,0,1,1
42,Evann,Guessand,Guessand,a,,,5.5,188,115,0.0,500,209,0.0,489,191,0,0,0,0,0,59,50,0.0,0.0,2.0,2.0,0.0,489,191,,,453,168,453,168,453,168,453,168,,,,,,,,0.0,0.0,0.0,0.0,0.0,0.0,0.0,0.0,0.0,1,0,0,0,0,0,0,0,0,0,0,0,0,0,0,0,59,50,0,0.0,0.0,0.0,0.0,0.0,0.0,0.0,0.0,0,0,0,0
198,Dean,Henderson,Henderson,a,,,5.0,250,10,1.8,127,19,1.0,64,6,1,0,0,0,0,148,2782,0.2,0.2,2.6,2.0,1.0,64,6,100.0,75.0,229,52,229,52,229,52,229,52,,,,,,,,0.0,0.0,0.0,0.76,6.92,0.0,0.0,6.92,0.0,1,1,13,0,0,0,0,0,0,0,0,0,1,1,0,7,148,2782,0,0.0,0.0,0.0,0.11,0.0,0.0,0.0,0.0,0,0,3,0
199,Walter,Benítez,Benitez,a,,,4.5,413,29,0.1,400,43,0.0,192,38,0,0,0,0,0,112,70,0.0,0.0,1.9,1.9,0.0,192,38,,,86,28,86,28,86,28,86,28,,,,,,,,0.0,0.0,0.0,0.0,0.0,0.0,0.0,0.0,0.0,1,0,0,0,0,0,0,0,0,0,0,0,0,0,0,0,112,70,0,0.0,0.0,0.0,0.0,0.0,0.0,0.0,0.0,0,0,0,0
201,Daniel,Muñoz Mejía,Muñoz,a,,,5.5,153,18,9.8,43,16,1.0,95,46,1,0,0,0,0,4505,3186,0.2,0.2,2.5,2.5,1.0,95,46,,,418,172,418,172,418,172,418,172,,,,,,,,0.55,0.07,0.62,0.76,0.0,0.0,0.0,6.92,13.85,1,1,13,0,0,0,0,0,0,0,0,0,0,1,0,5,4505,3186,0,0.08,0.01,0.09,0.11,0.0,0.0,0.0,0.0,0,2,0,2
202,Chris,Richards,Richards,a,,,5.0,295,53,0.8,217,83,1.0,71,41,1,0,0,0,0,453,286,0.2,0.2,2.2,2.2,1.0,71,41,,,274,139,274,139,274,139,274,139,,,,,,,,0.0,0.0,0.0,0.76,0.0,0.0,0.0,6.92,6.92,1,1,13,0,0,0,0,0,0,0,0,0,0,1,0,3,453,286,0,0.0,0.0,0.0,0.11,0.0,0.0,0.0,0.0,0,1,0,1
203,Jaydee,Canvot,Canvot,a,,,5.0,392,78,0.3,286,104,1.0,84,44,1,0,0,0,0,126,152,0.2,0.2,2.2,2.2,1.0,84,44,,,371,164,371,164,371,164,371,164,,,,,,,,0.0,0.0,0.0,0.76,0.0,0.0,0.0,6.92,20.77,1,1,13,0,0,0,0,0,0,0,0,0,0,1,0,5,126,152,0,0.0,0.0,0.0,0.11,0.0,0.0,0.0,0.0,2,1,0,3
204,Tyrick,Mitchell,Mitchell,a,,,4.5,456,116,6.4,58,23,1.0,55,31,1,0,0,0,0,1694,1348,0.2,0.2,1.7,1.7,1.0,55,31,,,129,88,129,88,129,88,129,88,,,,,,,,0.0,0.0,0.0,0.76,0.0,0.0,0.0,6.92,6.92,1,1,13,0,0,0,0,0,0,0,0,0,0,1,0,3,1694,1348,0,0.0,0.0,0.0,0.11,0.0,0.0,0.0,0.0,0,1,1,1
205,Borna,Sosa,Sosa,a,,,4.5,436,100,0.0,516,174,0.0,213,100,0,0,0,0,0,34,18,0.0,0.0,1.7,1.7,0.0,213,100,,,109,72,109,72,109,72,109,72,,,,,,,,0.0,0.0,0.0,0.0,0.0,0.0,0.0,0.0,0.0,1,0,0,0,0,0,0,0,0,0,0,0,0,0,0,0,34,18,0,0.0,0.0,0.0,0.0,0.0,0.0,0.0,0.0,0,0,0,0
206,Chadi,Riad Dnanou,Chadi Riad,a,,,4.5,494,135,0.1,449,159,1.0,59,34,1,0,0,0,0,169,53,0.2,0.2,1.7,1.7,1.0,59,34,,,167,107,167,107,167,107,167,107,,,,,,,,0.0,0.0,0.0,0.76,0.0,0.0,0.0,6.92,6.92,1,1,13,0,0,0,0,0,0,0,0,0,0,1,0,3,169,53,0,0.0,0.0,0.0,0.11,0.0,0.0,0.0,0.0,0,1,1,1
207,Oscar,Mingueza,Mingueza,a,,,4.5,451,112,0.1,433,152,0.0,223,108,0,0,0,0,0,68,38,0.0,0.0,1.7,1.7,0.0,223,108,,,124,84,124,84,124,84,124,84,,,,,,,,0.0,0.0,0.0,0.0,0.0,0.0,0.0,0.0,0.0,1,0,0,0,0,0,0,0,0,0,0,0,0,0,0,0,68,38,0,0.0,0.0,0.0,0.0,0.0,0.0,0.0,0.0,0,0,0,0
208,Ismaïla,Sarr,Sarr,a,,,6.5,40,27,4.7,69,22,0.0,568,242,0,0,0,0,0,1356,3890,0.0,0.0,2.3,2.3,0.0,568,242,,,555,232,555,232,555,232,555,232,,,2.0,,,,,0.0,0.0,0.0,0.0,0.0,0.0,0.0,0.0,0.0,1,0,0,0,0,0,0,0,0,0,0,0,0,0,0,0,1356,3890,0,0.0,0.0,0.0,0.0,0.0,0.0,0.0,0.0,0,0,0,0
210,Adam,Wharton,Wharton,a,,,5.5,193,118,0.9,204,68,1.0,105,41,1,0,0,0,0,534,405,0.2,0.2,2.0,2.0,1.0,105,41,100.0,100.0,458,171,458,171,458,171,458,171,1.0,,,,,,,0.0,0.0,0.0,0.76,0.0,0.0,0.0,6.92,27.69,1,1,13,0,0,0,0,0,0,0,0,0,0,1,0,5,534,405,0,0.0,0.0,0.0,0.11,0.0,0.0,0.0,0.0,1,1,2,4
211,Yéremy,Pino Santos,Yeremy,a,,,5.5,191,117,0.2,342,121,0.0,492,193,0,0,0,0,0,39,88,0.0,0.0,2.0,2.0,0.0,492,193,,,456,170,456,170,456,170,456,170,2.0,1.0,,,,,,0.0,0.0,0.0,0.0,0.0,0.0,0.0,0.0,0.0,1,0,0,0,0,0,0,0,0,0,0,0,0,0,0,0,39,88,0,0.0,0.0,0.0,0.0,0.0,0.0,0.0,0.0,0,0,0,0
212,Will,Hughes,Hughes,a,,,4.5,409,240,12.1,33,11,0.0,188,55,0,0,0,0,0,3982,2263,0.0,0.0,1.0,1.0,0.0,188,55,,,82,2,82,2,82,2,82,2,3.0,,,,,,,0.0,0.0,0.0,0.0,0.0,0.0,0.0,0.0,0.0,1,0,0,0,0,0,0,0,0,0,0,0,0,0,0,0,3982,2263,0,0.0,0.0,0.0,0.0,0.0,0.0,0.0,0.0,0,0,0,0
213,Jefferson,Lerma Solís,Lerma,a,,,5.0,242,145,0.1,404,157,0.0,309,84,0,0,0,0,0,57,56,0.0,0.0,1.5,1.5,0.0,309,84,,,221,32,221,32,221,32,221,32,,,,,,,,0.0,0.0,0.0,0.0,0.0,0.0,0.0,0.0,0.0,1,0,0,0,0,0,0,0,0,0,0,0,0,0,0,0,57,56,0,0.0,0.0,0.0,0.0,0.0,0.0,0.0,0.0,0,0,0,0
214,Daichi,Kamada,Kamada,a,,,5.0,264,161,0.3,304,102,1.0,65,18,1,0,0,0,0,220,146,0.2,0.2,1.5,1.5,1.0,65,18,,,243,48,243,48,243,48,243,48,4.0,,,,,,,0.0,0.0,0.0,0.76,0.0,0.0,0.0,6.92,6.92,1,1,13,0,0,0,0,0,0,0,0,0,0,1,0,4,220,146,0,0.0,0.0,0.0,0.11,0.0,0.0,0.0,0.0,0,0,1,1
215,Justin,Devenny,Devenny,a,,,5.0,331,191,0.0,564,238,0.0,382,124,0,0,0,0,0,16,9,0.0,0.0,1.5,1.5,0.0,382,124,,,310,78,310,78,310,78,310,78,,2.0,3.0,,,,,0.0,0.0,0.0,0.0,0.0,0.0,0.0,0.0,0.0,1,0,0,0,0,0,0,0,0,0,0,0,0,0,0,0,16,9,0,0.0,0.0,0.0,0.0,0.0,0.0,0.0,0.0,0,0,0,0
216,Romain,Esse,Esse,a,,,5.0,381,227,0.0,491,203,0.0,423,153,0,0,0,0,0,54,33,0.0,0.0,1.5,1.5,0.0,423,153,,,360,114,360,114,360,114,360,114,,,,,,,,0.0,0.0,0.0,0.0,0.0,0.0,0.0,0.0,0.0,1,0,0,0,0,0,0,0,0,0,0,0,0,0,0,0,54,33,0,0.0,0.0,0.0,0.0,0.0,0.0,0.0,0.0,0,0,0,0
217,Matheus,França de Oliveira,M.França,a,,,5.0,363,213,0.0,511,213,0.0,408,142,0,0,0,0,0,3,15,0.0,0.0,1.5,1.5,0.0,408,142,,,342,100,342,100,342,100,342,100,,,,,,,,0.0,0.0,0.0,0.0,0.0,0.0,0.0,0.0,0.0,1,0,0,0,0,0,0,0,0,0,0,0,0,0,0,0,3,15,0,0.0,0.0,0.0,0.0,0.0,0.0,0.0,0.0,0,0,0,0
218,Cheick,Doucouré,Doucouré,a,,,5.0,301,178,0.1,453,183,0.0,354,112,0,0,0,0,0,56,37,0.0,0.0,1.5,1.5,0.0,354,112,,,280,65,280,65,280,65,280,65,,,,,,,,0.0,0.0,0.0,0.0,0.0,0.0,0.0,0.0,0.0,1,0,0,0,0,0,0,0,0,0,0,0,0,0,0,0,56,37,0,0.0,0.0,0.0,0.0,0.0,0.0,0.0,0.0,0,0,0,0
219,Jesurun,Rak-Sakyi,J.Rak-Sakyi,a,,,5.0,309,182,0.0,582,249,0.0,362,116,0,0,0,0,0,6,6,0.0,0.0,1.5,1.5,0.0,362,116,,,288,69,288,69,288,69,288,69,,,,,,,,0.0,0.0,0.0,0.0,0.0,0.0,0.0,0.0,0.0,1,0,0,0,0,0,0,0,0,0,0,0,0,0,0,0,6,6,0,0.0,0.0,0.0,0.0,0.0,0.0,0.0,0.0,0,0,0,0
220,Rio,Cardines,Cardines,u,Has joined Bristol City on loan for the rest of the season,,4.5,516,144,0.0,593,197,0.0,280,135,0,0,0,0,0,0,8,0.0,0.0,0.0,0.0,0.0,280,135,0.0,0.0,189,116,189,116,189,116,189,116,,,,,,,,0.0,0.0,0.0,0.0,0.0,0.0,0.0,0.0,0.0,1,0,0,0,0,0,0,0,0,0,0,0,0,0,0,0,0,8,0,0.0,0.0,0.0,0.0,0.0,0.0,0.0,0.0,0,0,0,0
221,Joél,Drakes-Thomas,Drakes-Thomas,a,,,4.5,529,262,0.1,432,172,0.0,292,76,0,0,0,0,0,98,63,0.0,0.0,1.0,1.0,0.0,292,76,,,202,24,202,24,202,24,202,24,,,,,,,,0.0,0.0,0.0,0.0,0.0,0.0,0.0,0.0,0.0,1,0,0,0,0,0,0,0,0,0,0,0,0,0,0,0,98,63,0,0.0,0.0,0.0,0.0,0.0,0.0,0.0,0.0,0,0,0,0
222,Jørgen,Strand Larsen,Strand Larsen,a,,,6.0,77,20,0.6,242,40,0.0,533,57,0,0,0,0,0,254,318,0.0,0.0,2.0,2.0,0.0,533,57,,,511,52,511,52,511,52,511,52,,,,,,,,0.0,0.0,0.0,0.0,0.0,0.0,0.0,0.0,0.0,1,0,0,0,0,0,0,0,0,0,0,0,0,0,0,0,254,318,0,0.0,0.0,0.0,0.0,0.0,0.0,0.0,0.0,0,0,0,0
223,Jean-Philippe,Mateta,Mateta,a,,,6.5,39,11,5.7,62,10,1.0,122,12,1,0,0,0,0,2784,2498,0.2,0.2,2.1,2.1,1.0,122,12,,,554,61,554,61,554,61,554,61,,,1.0,,,,,2.77,0.07,2.84,0.76,0.0,0.0,0.0,6.92,13.85,1,1,13,0,0,0,0,0,0,0,0,0,0,1,0,-1,2784,2498,0,0.4,0.01,0.41,0.11,0.0,0.0,0.0,0.0,1,0,1,2
224,Eddie,Nketiah,Nketiah,a,,,5.5,136,35,0.5,252,43,1.0,90,5,1,0,0,0,0,370,291,0.2,0.2,1.8,1.8,1.0,90,5,,,401,31,401,31,401,31,401,31,,,,,,,,0.0,3.67,3.67,0.76,0.0,0.0,0.0,6.92,6.92,1,1,13,0,0,0,0,0,0,0,0,0,0,1,0,7,370,291,0,0.0,0.53,0.53,0.11,0.0,0.0,0.0,0.0,0,0,1,1
225,Christantus,Uche,Uche,u,has returned to Getafe CF,,5.0,394,60,0.0,600,72,0.0,433,35,0,0,0,0,0,0,0,0.0,0.0,0.0,0.0,0.0,433,35,0.0,0.0,373,24,373,24,373,24,373,24,,,,,,,,0.0,0.0,0.0,0.0,0.0,0.0,0.0,0.0,0.0,1,0,0,0,0,0,0,0,0,0,0,0,0,0,0,0,0,0,0,0.0,0.0,0.0,0.0,0.0,0.0,0.0,0.0,0,0,0,0
241,Dwight,McNeil,McNeil,a,,,5.5,159,99,0.2,365,133,1.0,98,36,1,0,0,0,0,58,77,0.2,0.2,2.0,2.0,1.0,98,36,,,424,152,424,152,424,152,424,152,,,,,,,,0.21,0.07,0.28,0.76,0.0,0.0,0.0,6.92,6.92,1,1,13,0,0,0,0,0,0,0,0,0,0,1,0,3,58,77,0,0.03,0.01,0.04,0.11,0.0,0.0,0.0,0.0,0,0,1,1
555,Remi,Matthews,Matthews,a,,,4.0,548,57,1.8,131,20,0.0,140,20,0,0,0,0,0,596,324,0.0,0.0,1.0,1.0,0.0,140,20,,,18,10,18,10,18,10,18,10,,,,,,,,0.0,0.0,0.0,0.0,0.0,0.0,0.0,0.0,0.0,1,0,0,0,0,0,0,0,0,0,0,0,0,0,0,0,596,324,0,0.0,0.0,0.0,0.0,0.0,0.0,0.0,0.0,0,0,0,0
577,Takehiro,Tomiyasu,Tomiyasu,a,,,4.5,441,104,0.4,277,103,0.0,217,103,0,0,0,0,0,207,143,0.0,0.0,1.7,1.7,0.0,217,103,,,114,76,114,76,114,76,114,76,,,,,,,,0.0,0.0,0.0,0.0,0.0,0.0,0.0,0.0,0.0,1,0,0,0,0,0,0,0,0,0,0,0,0,0,0,0,207,143,0,0.0,0.0,0.0,0.0,0.0,0.0,0.0,0.0,0,0,0,0
588,Anan,Khalaili,Khalaili,a,,,5.0,375,74,0.1,418,148,0.0,419,171,0,0,0,0,0,68,54,0.0,0.0,2.2,2.2,0.0,419,171,,,354,160,354,160,354,160,354,160,,,,,,,,0.0,0.0,0.0,0.0,0.0,0.0,0.0,0.0,0.0,1,0,0,0,0,0,0,0,0,0,0,0,0,0,0,0,68,54,0,0.0,0.0,0.0,0.0,0.0,0.0,0.0,0.0,0,0,0,0
595,Zavier,Gozo,Gozo,a,,,5.0,374,222,0.0,560,235,0.0,418,150,0,0,0,0,0,21,9,0.0,0.0,1.5,1.5,0.0,418,150,,,353,109,353,109,353,109,353,109,,,,,,,,0.0,0.0,0.0,0.0,0.0,0.0,0.0,0.0,0.0,1,0,0,0,0,0,0,0,0,0,0,0,0,0,0,0,21,9,0,0.0,0.0,0.0,0.0,0.0,0.0,0.0,0.0,0,0,0,0
21,Christian,Nørgaard,Nørgaard,i,Unspecified injury - Unknown return date,,5.0,238,143,0.1,411,161,0.0,305,82,0,0,0,0,0,17,381,0.0,0.0,0.0,0.0,0.0,305,82,0.0,0.0,217,30,217,30,217,30,217,30,,,,,,,,0.0,0.0,0.0,0.0,0.0,0.0,0.0,0.0,0.0,1,0,0,0,0,0,0,0,0,0,0,0,0,0,0,0,17,381,0,0.0,0.0,0.0,0.0,0.0,0.0,0.0,0.0,0,0,0,0
209,Brennan,Johnson,Johnson,a,,,6.0,76,49,0.2,368,135,0.0,532,217,0,0,0,0,0,98,93,0.0,0.0,2.1,2.1,0.0,532,217,,,510,201,510,201,510,201,510,201,,,,,,,,0.0,0.0,0.0,0.0,0.0,0.0,0.0,0.0,0.0,1,0,0,0,0,0,0,0,0,0,0,0,0,0,0,0,98,93,0,0.0,0.0,0.0,0.0,0.0,0.0,0.0,0.0,0,0,0,0
226,Jordan,Pickford,Pickford,a,,,5.5,116,2,8.0,53,7,1.0,87,10,1,0,0,0,0,2433,2067,0.2,0.2,3.3,3.3,1.0,87,10,,,381,64,381,64,381,64,381,64,,,,,,,,0.0,0.0,0.0,3.53,6.92,0.0,0.0,6.92,0.0,1,1,13,0,0,0,0,0,0,0,0,0,1,1,0,6,2433,2067,0,0.0,0.0,0.0,0.51,0.0,0.0,0.0,0.0,0,0,2,0
227,Mark,Travers,Travers,a,,,5.0,283,13,0.0,508,56,0.0,341,60,0,0,0,0,0,15,14,0.0,0.0,2.6,2.6,0.0,341,60,,,262,55,262,55,262,55,262,55,,,,,,,,0.0,0.0,0.0,0.0,0.0,0.0,0.0,0.0,0.0,1,0,0,0,0,0,0,0,0,0,0,0,0,0,0,0,15,14,0,0.0,0.0,0.0,0.0,0.0,0.0,0.0,0.0,0,0,0,0
228,Tom,King,King,a,,,4.5,416,31,0.0,497,53,0.0,195,40,0,0,0,0,0,34,27,0.0,0.0,1.9,1.9,0.0,195,40,,,89,30,89,30,89,30,89,30,,,,,,,,0.0,0.0,0.0,0.0,0.0,0.0,0.0,0.0,0.0,1,0,0,0,0,0,0,0,0,0,0,0,0,0,0,0,34,27,0,0.0,0.0,0.0,0.0,0.0,0.0,0.0,0.0,0,0,0,0
229,James,Tarkowski,Tarkowski,a,,,6.0,56,5,8.6,48,19,1.0,112,50,1,0,0,0,0,2003,2348,0.2,0.2,2.8,2.8,1.0,112,50,,,490,189,490,189,490,189,490,189,,,,,,,,0.0,0.0,0.0,3.53,0.0,0.0,0.0,6.92,6.92,1,1,13,0,0,0,0,0,0,0,0,0,0,1,0,2,2003,2348,0,0.0,0.0,0.0,0.51,0.0,0.0,0.0,0.0,0,1,0,1
230,Jarrad,Branthwaite,Branthwaite,a,,,5.5,185,27,1.6,143,60,1.0,103,48,1,0,0,0,0,953,657,0.2,0.2,2.5,2.5,1.0,103,48,,,450,181,450,181,450,181,450,181,,,,,,,,0.0,0.07,0.07,3.53,0.0,0.0,0.0,6.92,6.92,1,1,13,0,0,0,0,0,0,0,0,0,0,1,0,3,953,657,0,0.0,0.01,0.01,0.51,0.0,0.0,0.0,0.0,0,1,0,1
231,Michael,Keane,Keane,a,,,5.0,233,37,1.7,140,58,0.0,300,140,0,0,0,0,0,584,454,0.0,0.0,2.2,2.2,0.0,300,140,,,212,123,212,123,212,123,212,123,,,,,,,,0.0,0.0,0.0,0.0,0.0,0.0,0.0,0.0,0.0,1,0,0,0,0,0,0,0,0,0,0,0,0,0,0,0,584,454,0,0.0,0.0,0.0,0.0,0.0,0.0,0.0,0.0,0,0,0,0
232,Jake,O'Brien,O'Brien,a,,,5.0,351,71,0.5,251,94,0.0,400,169,0,0,0,0,0,226,174,0.0,0.0,2.2,2.2,0.0,400,169,,,330,157,330,157,330,157,330,157,,,,,,,,0.0,0.0,0.0,0.0,0.0,0.0,0.0,0.0,0.0,1,0,0,0,0,0,0,0,0,0,0,0,0,0,0,0,226,174,0,0.0,0.0,0.0,0.0,0.0,0.0,0.0,0.0,0,0,0,0
233,Vitalii,Mykolenko,Mykolenko,a,,,4.5,442,105,1.5,157,66,1.0,51,28,1,0,0,0,0,590,376,0.2,0.2,1.7,1.7,1.0,51,28,,,115,77,115,77,115,77,115,77,,,,,,,,0.0,0.0,0.0,3.53,0.0,0.0,0.0,6.92,6.92,1,1,13,0,0,0,0,0,0,0,0,0,0,1,0,3,590,376,0,0.0,0.0,0.0,0.51,0.0,0.0,0.0,0.0,0,1,1,1
234,Nathan,Patterson,Patterson,a,,,4.5,455,115,0.0,510,173,0.0,226,111,0,0,0,0,0,40,19,0.0,0.0,1.7,1.7,0.0,226,111,,,128,87,128,87,128,87,128,87,,,,,,,,0.0,0.0,0.0,0.0,0.0,0.0,0.0,0.0,0.0,1,0,0,0,0,0,0,0,0,0,0,0,0,0,0,0,40,19,0,0.0,0.0,0.0,0.0,0.0,0.0,0.0,0.0,0,0,0,0
235,Adam,Aznou,Aznou,a,,,4.0,578,178,0.2,358,136,0.0,160,65,0,0,0,0,0,183,80,0.0,0.0,1.0,1.0,0.0,160,65,,,48,30,48,30,48,30,48,30,,,,,,,,0.0,0.0,0.0,0.0,0.0,0.0,0.0,0.0,0.0,1,0,0,0,0,0,0,0,0,0,0,0,0,0,0,0,183,80,0,0.0,0.0,0.0,0.0,0.0,0.0,0.0,0.0,0,0,0,0
236,Kiernan,Dewsbury-Hall,Dewsbury-Hall,a,,,6.5,37,25,3.2,100,33,1.0,121,50,1,0,0,0,0,787,1209,0.2,0.2,2.3,2.3,1.0,121,50,,,552,230,552,230,552,230,552,230,2.0,,,,,,,0.0,0.14,0.14,3.53,0.0,0.0,0.0,6.92,6.92,1,1,13,0,0,0,0,0,0,0,0,0,0,1,0,3,787,1209,0,0.0,0.02,0.02,0.51,0.0,0.0,0.0,0.0,0,0,1,1
237,Iliman,Ndiaye,Ndiaye,a,,,6.0,81,52,15.8,27,8,1.0,115,46,1,0,0,0,0,3789,3229,0.2,0.2,2.1,2.1,1.0,115,46,,,515,204,515,204,515,204,515,204,,,1.0,,,,,0.76,0.0,0.76,3.53,0.0,0.0,0.0,6.92,13.85,1,1,13,0,0,0,0,0,0,0,0,0,0,1,0,5,3789,3229,0,0.11,0.0,0.11,0.51,0.0,0.0,0.0,0.0,0,0,2,2
239,James,Garner,Garner,a,,,6.0,75,48,0.1,401,155,0.0,531,216,0,0,0,0,0,30,246,0.0,0.0,2.1,0.5,0.0,531,216,100.0,25.0,509,200,509,200,509,200,509,200,1.0,1.0,3.0,,,,,0.0,0.0,0.0,0.0,0.0,0.0,0.0,0.0,0.0,1,0,0,0,0,0,0,0,0,0,0,0,0,0,0,0,30,246,0,0.0,0.0,0.0,0.0,0.0,0.0,0.0,0.0,0,0,0,0
240,Tim,Iroegbunam,Iroegbunam,i,Thigh injury - Unknown return date,,5.0,333,193,0.0,557,233,0.0,384,126,0,0,0,0,0,2,46,0.0,0.0,0.0,0.0,0.0,384,126,0.0,0.0,312,80,312,80,312,80,312,80,,,,,,,,0.0,0.0,0.0,0.0,0.0,0.0,0.0,0.0,0.0,1,0,0,0,0,0,0,0,0,0,0,0,0,0,0,0,2,46,0,0.0,0.0,0.0,0.0,0.0,0.0,0.0,0.0,0,0,0,0
242,Tyrique,George,George,a,,,5.5,209,131,0.3,305,103,1.0,109,44,1,0,0,0,0,91,106,0.2,0.2,2.0,2.0,1.0,109,44,,,474,184,474,184,474,184,474,184,,,,,,,,0.0,0.14,0.14,3.53,0.0,0.0,0.0,6.92,6.92,1,1,13,0,0,0,0,0,0,0,0,0,0,1,0,3,91,106,0,0.0,0.02,0.02,0.51,0.0,0.0,0.0,0.0,0,0,1,1
243,Carlos,Alcaraz Durán,Alcaraz,a,,,5.0,347,201,0.1,424,167,0.0,396,133,0,0,0,0,0,186,74,0.0,0.0,1.5,1.5,0.0,396,133,,,326,88,326,88,326,88,326,88,,,,,,,,0.0,0.0,0.0,0.0,0.0,0.0,0.0,0.0,0.0,1,0,0,0,0,0,0,0,0,0,0,0,0,0,0,0,186,74,0,0.0,0.0,0.0,0.0,0.0,0.0,0.0,0.0,0,0,0,0
244,Harrison,Armstrong,Armstrong,a,,,5.0,383,229,0.1,447,178,1.0,83,27,1,0,0,0,0,104,52,0.2,0.2,1.5,1.5,1.0,83,27,,,362,116,362,116,362,116,362,116,,,,,,,,0.0,0.14,0.14,3.53,0.0,0.0,0.0,6.92,27.69,1,1,13,0,0,0,0,0,0,0,0,0,0,1,0,2,104,52,0,0.0,0.02,0.02,0.51,0.0,0.0,0.0,0.0,0,2,2,4
245,Tyler,Dibling,Dibling,a,,,5.5,194,119,0.0,496,207,0.0,494,194,0,0,0,0,0,24,30,0.0,0.0,2.0,2.0,0.0,494,194,,,459,172,459,172,459,172,459,172,,,,,,,,0.0,0.0,0.0,0.0,0.0,0.0,0.0,0.0,0.0,1,0,0,0,0,0,0,0,0,0,0,0,0,0,0,0,24,30,0,0.0,0.0,0.0,0.0,0.0,0.0,0.0,0.0,0,0,0,0
246,Merlin,Röhl,Röhl,a,,,5.0,352,203,0.1,471,192,1.0,78,23,1,0,0,0,0,34,20,0.2,0.2,1.5,1.5,1.0,78,23,,,331,90,331,90,331,90,331,90,,,,,,,,0.0,0.28,0.28,3.53,0.0,0.0,0.0,6.92,13.85,1,1,13,0,0,0,0,0,0,0,0,0,0,1,0,4,34,20,0,0.0,0.04,0.04,0.51,0.0,0.0,0.0,0.0,1,0,1,2
247,Hayden,Hackney,Hackney,a,,,5.5,152,94,0.3,306,104,1.0,94,33,1,0,0,0,0,84,116,0.2,0.2,2.0,2.0,1.0,94,33,,,417,147,417,147,417,147,417,147,,,,,,,,0.0,0.0,0.0,3.53,0.0,0.0,0.0,6.92,6.92,1,1,13,0,0,0,0,0,0,0,0,0,0,1,0,3,84,116,0,0.0,0.0,0.0,0.51,0.0,0.0,0.0,0.0,0,0,1,1
248,Norberto Bercique,Gomes Betuncal,Beto,a,,,5.5,189,43,2.8,108,14,0.0,490,47,0,0,0,0,0,1266,1169,0.0,0.0,1.8,1.8,0.0,490,47,,,454,39,454,39,454,39,454,39,,,4.0,,,,,0.0,0.0,0.0,0.0,0.0,0.0,0.0,0.0,0.0,1,0,0,0,0,0,0,0,0,0,0,0,0,0,0,0,1266,1169,0,0.0,0.0,0.0,0.0,0.0,0.0,0.0,0.0,0,0,0,0
249,Thierno,Barry,Barry,a,,,5.5,218,45,1.3,169,24,1.0,111,8,1,0,0,0,0,876,579,0.2,0.2,1.8,1.8,1.0,111,8,,,483,41,483,41,483,41,483,41,,,2.0,,,,,0.0,0.07,0.07,3.53,0.0,0.0,0.0,6.92,0.0,1,1,13,0,0,0,0,0,0,0,0,0,0,1,0,3,876,579,0,0.0,0.01,0.01,0.51,0.0,0.0,0.0,0.0,0,0,0,0
250,Bernd,Leno,Leno,a,,,4.5,401,24,3.1,103,16,0.0,183,33,0,0,0,0,0,805,526,0.0,0.0,1.9,1.9,0.0,183,33,,,74,23,74,23,74,23,74,23,,,,,,,,0.0,0.0,0.0,0.0,0.0,0.0,0.0,0.0,0.0,1,0,0,0,0,0,0,0,0,0,0,0,0,0,0,0,805,526,0,0.0,0.0,0.0,0.0,0.0,0.0,0.0,0.0,0,0,0,0
251,Benjamin,Lecomte,Lecomte,a,,,4.0,537,53,1.2,172,25,0.0,134,16,0,0,0,0,0,122,218,0.0,0.0,1.0,1.0,0.0,134,16,,,7,6,7,6,7,6,7,6,,,,,,,,0.0,0.0,0.0,0.0,0.0,0.0,0.0,0.0,0.0,1,0,0,0,0,0,0,0,0,0,0,0,0,0,0,0,122,218,0,0.0,0.0,0.0,0.0,0.0,0.0,0.0,0.0,0,0,0,0
252,Alfie,McNally,McNally,a,,,4.0,581,66,0.2,379,41,0.0,163,29,0,0,0,0,0,66,34,0.0,0.0,1.0,1.0,0.0,163,29,,,51,19,51,19,51,19,51,19,,,,,,,,0.0,0.0,0.0,0.0,0.0,0.0,0.0,0.0,0.0,1,0,0,0,0,0,0,0,0,0,0,0,0,0,0,0,66,34,0,0.0,0.0,0.0,0.0,0.0,0.0,0.0,0.0,0,0,0,0
253,Joachim,Andersen,Andersen,s,Suspended until 30 Aug,,5.0,251,41,0.0,503,172,0.0,316,144,0,0,0,0,0,14,60,0.0,0.0,0.0,0.0,0.0,316,144,0.0,0.0,230,127,230,127,230,127,230,127,,,,,,,,0.0,0.0,0.0,0.0,0.0,0.0,0.0,0.0,0.0,1,0,0,0,0,0,0,0,0,0,0,0,0,0,0,0,14,60,0,0.0,0.0,0.0,0.0,0.0,0.0,0.0,0.0,0,0,0,0
254,Antonee,Robinson,Robinson,a,,,4.5,422,90,1.7,138,56,0.0,200,91,0,0,0,0,0,1322,358,0.0,0.0,1.7,1.7,0.0,200,91,,,95,62,95,62,95,62,95,62,,,2.0,,,,,0.0,0.0,0.0,0.0,0.0,0.0,0.0,0.0,0.0,1,0,0,0,0,0,0,0,0,0,0,0,0,0,0,0,1322,358,0,0.0,0.0,0.0,0.0,0.0,0.0,0.0,0.0,0,0,0,0
255,Jorge,Cuenca Barreno,J.Cuenca,a,,,4.5,458,118,0.0,539,185,0.0,228,113,0,0,0,0,0,23,10,0.0,0.0,1.7,1.7,0.0,228,113,,,131,90,131,90,131,90,131,90,,,,,,,,0.0,0.0,0.0,0.0,0.0,0.0,0.0,0.0,0.0,1,0,0,0,0,0,0,0,0,0,0,0,0,0,0,0,23,10,0,0.0,0.0,0.0,0.0,0.0,0.0,0.0,0.0,0,0,0,0
256,Kenny,Tete,Tete,a,,,4.5,421,89,0.3,301,113,0.0,199,90,0,0,0,0,0,63,80,0.0,0.0,1.7,1.7,0.0,199,90,,,94,61,94,61,94,61,94,61,,,,,,,,0.0,0.0,0.0,0.0,0.0,0.0,0.0,0.0,0.0,1,0,0,0,0,0,0,0,0,0,0,0,0,0,0,0,63,80,0,0.0,0.0,0.0,0.0,0.0,0.0,0.0,0.0,0,0,0,0
257,Calvin,Bassey,Bassey,a,,,4.5,449,111,0.8,216,82,0.0,222,107,0,0,0,0,0,782,241,0.0,0.0,1.7,1.7,0.0,222,107,,,122,83,122,83,122,83,122,83,,,,,,,,0.0,0.0,0.0,0.0,0.0,0.0,0.0,0.0,0.0,1,0,0,0,0,0,0,0,0,0,0,0,0,0,0,0,782,241,0,0.0,0.0,0.0,0.0,0.0,0.0,0.0,0.0,0,0,0,0
258,Timothy,Castagne,Castagne,a,,,4.5,420,88,0.3,293,108,0.0,198,89,0,0,0,0,0,127,85,0.0,0.0,1.7,1.7,0.0,198,89,,,93,60,93,60,93,60,93,60,,,,,,,,0.0,0.0,0.0,0.0,0.0,0.0,0.0,0.0,0.0,1,0,0,0,0,0,0,0,0,0,0,0,0,0,0,0,127,85,0,0.0,0.0,0.0,0.0,0.0,0.0,0.0,0.0,0,0,0,0
261,Alex,Iwobi,Iwobi,a,,,5.5,119,77,1.0,191,64,0.0,441,165,0,0,0,0,0,377,375,0.0,0.0,2.0,2.0,0.0,441,165,,,384,130,384,130,384,130,384,130,1.0,1.0,3.0,,,,,0.0,0.0,0.0,0.0,0.0,0.0,0.0,0.0,0.0,1,0,0,0,0,0,0,0,0,0,0,0,0,0,0,0,377,375,0,0.0,0.0,0.0,0.0,0.0,0.0,0.0,0.0,0,0,0,0
262,Emile,Smith Rowe,Smith Rowe,a,,,5.5,139,86,0.4,271,89,0.0,456,172,0,0,0,0,0,168,158,0.0,0.0,2.0,2.0,0.0,456,172,,,404,139,404,139,404,139,404,139,,,,,,,,0.0,0.0,0.0,0.0,0.0,0.0,0.0,0.0,0.0,1,0,0,0,0,0,0,0,0,0,0,0,0,0,0,0,168,158,0,0.0,0.0,0.0,0.0,0.0,0.0,0.0,0.0,0,0,0,0
263,Kevin,Santos Lopes de Macedo,Kevin,a,,,5.5,211,133,0.1,470,191,0.0,505,204,0,0,0,0,0,29,33,0.0,0.0,2.0,2.0,0.0,505,204,,,476,186,476,186,476,186,476,186,3.0,,,,,,,0.0,0.0,0.0,0.0,0.0,0.0,0.0,0.0,0.0,1,0,0,0,0,0,0,0,0,0,0,0,0,0,0,0,29,33,0,0.0,0.0,0.0,0.0,0.0,0.0,0.0,0.0,0,0,0,0
264,Oscar,Bobb,Bobb,a,,,5.5,184,112,0.3,294,98,0.0,487,189,0,0,0,0,0,168,145,0.0,0.0,2.0,2.0,0.0,487,189,,,449,165,449,165,449,165,449,165,2.0,,,,,,,0.0,0.0,0.0,0.0,0.0,0.0,0.0,0.0,0.0,1,0,0,0,0,0,0,0,0,0,0,0,0,0,0,0,168,145,0,0.0,0.0,0.0,0.0,0.0,0.0,0.0,0.0,0,0,0,0
265,Sander,Berge,Berge,a,,,5.0,261,159,0.4,267,87,0.0,326,97,0,0,0,0,0,183,162,0.0,0.0,1.5,1.5,0.0,326,97,,,240,46,240,46,240,46,240,46,,,,,,,,0.0,0.0,0.0,0.0,0.0,0.0,0.0,0.0,0.0,1,0,0,0,0,0,0,0,0,0,0,0,0,0,0,0,183,162,0,0.0,0.0,0.0,0.0,0.0,0.0,0.0,0.0,0,0,0,0
266,Tom,Cairney,Cairney,i,Knee injury - Expected back 10 Oct,,5.0,226,140,0.0,588,254,0.0,295,79,0,0,0,0,0,2,14,0.0,0.0,0.0,0.0,0.0,295,79,0.0,0.0,205,27,205,27,205,27,205,27,,,,,,,,0.0,0.0,0.0,0.0,0.0,0.0,0.0,0.0,0.0,1,0,0,0,0,0,0,0,0,0,0,0,0,0,0,0,2,14,0,0.0,0.0,0.0,0.0,0.0,0.0,0.0,0.0,0,0,0,0
268,Josh,King,King,a,,,5.5,216,136,0.2,373,139,0.0,509,207,0,0,0,0,0,24,71,0.0,0.0,2.0,2.0,0.0,509,207,,,481,189,481,189,481,189,481,189,,,,,,,,0.0,0.0,0.0,0.0,0.0,0.0,0.0,0.0,0.0,1,0,0,0,0,0,0,0,0,0,0,0,0,0,0,0,24,71,0,0.0,0.0,0.0,0.0,0.0,0.0,0.0,0.0,0,0,0,0
269,Ryan,Sessegnon,Sessegnon,a,,,4.5,426,92,0.5,261,99,0.0,204,93,0,0,0,0,0,145,98,0.0,0.0,1.7,1.7,0.0,204,93,,,99,64,99,64,99,64,99,64,,,,,,,,0.0,0.0,0.0,0.0,0.0,0.0,0.0,0.0,0.0,1,0,0,0,0,0,0,0,0,0,0,0,0,0,0,0,145,98,0,0.0,0.0,0.0,0.0,0.0,0.0,0.0,0.0,0,0,0,0
270,Harrison,Reed,Reed,a,,,4.5,418,241,1.6,148,44,0.0,197,56,0,0,0,0,0,1284,632,0.0,0.0,1.0,1.0,0.0,197,56,,,91,3,91,3,91,3,91,3,,,,,,,,0.0,0.0,0.0,0.0,0.0,0.0,0.0,0.0,0.0,1,0,0,0,0,0,0,0,0,0,0,0,0,0,0,0,1284,632,0,0.0,0.0,0.0,0.0,0.0,0.0,0.0,0.0,0,0,0,0
580,Shea,Charles,Charles,a,,,5.0,315,185,0.1,431,171,0.0,368,119,0,0,0,0,0,52,42,0.0,0.0,1.5,1.5,0.0,368,119,,,294,72,294,72,294,72,294,72,,,,,,,,0.0,0.0,0.0,0.0,0.0,0.0,0.0,0.0,0.0,1,0,0,0,0,0,0,0,0,0,0,0,0,0,0,0,52,42,0,0.0,0.0,0.0,0.0,0.0,0.0,0.0,0.0,0,0,0,0
273,Dillon,Phillips,Phillips,a,,,4.0,546,56,1.6,151,23,0.0,139,19,0,0,0,0,0,291,368,0.0,0.0,1.0,1.0,0.0,139,19,,,16,9,16,9,16,9,16,9,,,,,,,,0.0,0.0,0.0,0.0,0.0,0.0,0.0,0.0,0.0,1,0,0,0,0,0,0,0,0,0,0,0,0,0,0,0,291,368,0,0.0,0.0,0.0,0.0,0.0,0.0,0.0,0.0,0,0,0,0
274,Jack,Butland,Butland,i,Arm injury - Unknown return date,,4.5,407,26,0.1,408,44,0.0,187,35,0,0,0,0,0,21,272,0.0,0.0,0.0,0.0,0.0,187,35,0.0,0.0,80,25,80,25,80,25,80,25,,,,,,,,0.0,0.0,0.0,0.0,0.0,0.0,0.0,0.0,0.0,1,0,0,0,0,0,0,0,0,0,0,0,0,0,0,0,21,272,0,0.0,0.0,0.0,0.0,0.0,0.0,0.0,0.0,0,0,0,0
275,Harvey,Cartwright,Cartwright,u,Has joined Grimsby Town on loan for the rest of the season,,4.0,577,65,0.0,573,67,0.0,159,28,0,0,0,0,0,0,16,0.0,0.0,0.0,0.0,0.0,159,28,0.0,0.0,47,18,47,18,47,18,47,18,,,,,,,,0.0,0.0,0.0,0.0,0.0,0.0,0.0,0.0,0.0,1,0,0,0,0,0,0,0,0,0,0,0,0,0,0,0,0,16,0,0.0,0.0,0.0,0.0,0.0,0.0,0.0,0.0,0,0,0,0
276,Thimothée,Lo-Tutala,Lo-Tutala,u,Has joined Colchester United on loan for the rest of the season,,4.0,566,62,0.0,504,55,0.0,152,25,0,0,0,0,0,0,80,0.0,0.0,0.0,0.0,0.0,152,25,0.0,0.0,36,15,36,15,36,15,36,15,,,,,,,,0.0,0.0,0.0,0.0,0.0,0.0,0.0,0.0,0.0,1,0,0,0,0,0,0,0,0,0,0,0,0,0,0,0,0,80,0,0.0,0.0,0.0,0.0,0.0,0.0,0.0,0.0,0,0,0,0
277,John,Egan,Egan,a,,,4.0,539,151,1.5,153,63,8.0,8,5,8,0,0,0,0,1154,390,2.0,2.0,1.0,1.0,8.0,8,5,,,9,3,9,3,9,3,9,3,,,,,,,,0.0,0.0,0.0,1.81,0.0,1.0,0.0,1.0,22.0,1,8,90,0,0,1,0,0,0,0,0,0,0,1,0,30,1154,390,0,0.0,0.0,0.0,1.81,0.0,0.0,0.0,0.0,1,21,3,22
278,Charlie,Hughes,Hughes,i,Groin injury - Unknown return date,,4.0,580,180,0.1,394,142,0.0,162,67,0,0,0,0,0,17,304,0.0,0.0,0.0,0.0,0.0,162,67,0.0,0.0,50,32,50,32,50,32,50,32,,,,,,,,0.0,0.0,0.0,0.0,0.0,0.0,0.0,0.0,0.0,1,0,0,0,0,0,0,0,0,0,0,0,0,0,0,0,17,304,0,0.0,0.0,0.0,0.0,0.0,0.0,0.0,0.0,0,0,0,0
279,Semi,Ajayi,Ajayi,a,,,4.0,542,153,1.1,187,71,14.0,2,2,14,0,0,0,0,5145,414,3.5,3.5,1.0,1.0,14.0,2,2,,,12,5,12,5,12,5,12,5,,,,,,,,1.16,0.0,1.16,1.2,0.0,1.43,0.0,1.43,10.0,1,14,63,1,0,1,0,0,0,0,0,0,0,1,2,39,5145,414,0,0.81,0.0,0.81,0.84,0.0,0.0,0.0,0.0,0,7,3,7
280,Lewie,Coyle,Coyle,a,,,4.0,552,160,0.7,224,86,6.0,9,6,6,0,0,0,0,284,237,1.5,1.5,1.0,1.0,6.0,9,6,,,22,12,22,12,22,12,22,12,,,,,,,,0.0,0.01,0.01,1.49,0.0,1.3,0.0,1.3,2.61,1,6,69,0,0,1,0,0,0,0,0,0,0,1,0,23,284,237,0,0.0,0.01,0.01,1.14,0.0,0.0,0.0,0.0,1,1,3,2
281,Cody,Drameh,Drameh,a,,,4.0,563,168,0.0,536,182,1.0,40,17,1,0,0,0,0,38,18,0.2,0.2,1.0,1.0,1.0,40,17,100.0,100.0,33,20,33,20,33,20,33,20,,,,,,,,0.27,0.0,0.27,3.02,0.0,0.0,0.0,0.0,13.5,1,1,20,0,0,0,0,0,0,0,0,0,0,0,0,4,38,18,0,0.06,0.0,0.06,0.67,0.0,0.0,0.0,0.0,1,2,2,3
282,Ryan,Giles,Giles,a,,,4.0,560,167,0.8,212,81,6.0,10,7,6,0,0,0,0,602,223,1.5,1.5,1.0,1.0,6.0,10,7,,,30,19,30,19,30,19,30,19,1.0,1.0,,,,,,0.02,0.08,0.1,1.86,0.0,1.07,0.0,1.07,6.43,1,6,84,0,0,1,0,0,0,0,0,0,0,1,0,24,602,223,0,0.02,0.07,0.09,1.74,0.0,0.0,0.0,0.0,1,5,1,6
283,Matty,Jacob,Jacob,i,Hip injury - Expected back 29 Aug,,4.0,567,170,0.0,563,190,0.0,153,61,0,0,0,0,0,5,44,0.0,0.0,0.0,0.0,0.0,153,61,0.0,0.0,37,22,37,22,37,22,37,22,,,,,,,,0.0,0.0,0.0,0.0,0.0,0.0,0.0,0.0,0.0,1,0,0,0,0,0,0,0,0,0,0,0,0,0,0,0,5,44,0,0.0,0.0,0.0,0.0,0.0,0.0,0.0,0.0,0,0,0,0
284,Cathal,McCarthy,McCarthy,a,,,4.0,600,198,0.1,440,154,0.0,179,82,0,0,0,0,0,47,81,0.0,0.0,1.0,1.0,0.0,179,82,,,70,50,70,50,70,50,70,50,,,,,,,,0.0,0.0,0.0,0.0,0.0,0.0,0.0,0.0,0.0,1,0,0,0,0,0,0,0,0,0,0,0,0,0,0,0,47,81,0,0.0,0.0,0.0,0.0,0.0,0.0,0.0,0.0,0,0,0,0
286,Mohamed,Belloumi,Belloumi,a,,,5.0,365,215,0.5,257,82,3.0,19,5,3,0,0,0,0,1094,161,0.6,0.6,1.5,1.5,3.0,19,5,,,344,102,344,102,344,102,344,102,3.0,2.0,,,,,,0.05,0.03,0.08,1.81,0.0,1.0,0.0,1.0,10.0,1,3,90,0,0,1,0,0,0,0,0,0,0,1,0,8,1094,161,0,0.05,0.03,0.08,1.81,0.0,0.0,0.0,0.0,4,3,3,10
287,Liam,Millar,Millar,a,,,5.0,288,172,0.1,458,187,0.0,345,107,0,0,0,0,0,42,55,0.0,0.0,1.5,1.5,0.0,345,107,,,267,59,267,59,267,59,267,59,,,,,,,,0.0,0.0,0.0,3.17,0.0,0.0,0.0,0.0,14.21,1,0,19,0,0,0,0,0,0,0,1,0,0,0,0,2,42,55,0,0.0,0.0,0.0,0.67,0.0,0.0,0.0,0.0,1,1,1,3
288,Kieran,Dowell,Dowell,a,,,4.5,423,242,0.4,272,90,0.0,201,57,0,0,0,0,0,216,251,0.0,0.0,1.0,1.0,0.0,201,57,,,96,4,96,4,96,4,96,4,,,,,,,,0.0,0.0,0.0,0.0,0.0,0.0,0.0,0.0,0.0,1,0,0,0,0,0,0,0,0,0,0,0,0,0,0,0,216,251,0,0.0,0.0,0.0,0.0,0.0,0.0,0.0,0.0,0,0,0,0
289,Matt,Crooks,Crooks,a,,,4.5,406,239,0.7,228,76,2.0,23,9,2,0,0,0,0,583,269,0.4,0.4,1.0,1.0,2.0,23,9,,,79,1,79,1,79,1,79,1,,,,,,,,0.0,0.0,0.0,1.81,0.0,1.0,0.0,1.0,9.0,1,2,90,0,0,1,0,0,0,0,1,0,0,1,0,9,583,269,0,0.0,0.0,0.0,1.81,0.0,0.0,0.0,0.0,4,4,1,9
290,Regan,Slater,Slater,a,,,4.5,453,245,3.1,102,34,6.0,11,3,6,0,0,0,0,3980,625,1.3,1.3,1.0,1.0,6.0,11,3,,,126,7,126,7,126,7,126,7,2.0,,,,,,,0.0,0.44,0.44,1.81,0.0,1.0,0.0,1.0,3.0,1,6,90,0,1,1,0,0,0,0,0,0,0,1,0,20,3980,625,0,0.0,0.44,0.44,1.81,0.0,0.0,0.0,0.0,1,0,2,3
291,Eliot,Matazo,Matazo,i,Knee injury - Unknown return date,,4.5,469,247,0.0,581,248,0.0,238,61,0,0,0,0,0,4,4,0.0,0.0,0.0,0.0,0.0,238,61,0.0,0.0,142,9,142,9,142,9,142,9,,,,,,,,0.0,0.0,0.0,0.0,0.0,0.0,0.0,0.0,0.0,1,0,0,0,0,0,0,0,0,0,0,0,0,0,0,0,4,4,0,0.0,0.0,0.0,0.0,0.0,0.0,0.0,0.0,0,0,0,0
292,Abdülkadir,Ömür,Ömür,a,,,5.0,262,160,0.0,547,224,0.0,327,98,0,0,0,0,0,67,37,0.0,0.0,1.5,1.5,0.0,327,98,,,241,47,241,47,241,47,241,47,,,,,,,,0.0,0.0,0.0,0.0,0.0,0.0,0.0,0.0,0.0,1,0,0,0,0,0,0,0,0,0,0,0,0,0,0,0,67,37,0,0.0,0.0,0.0,0.0,0.0,0.0,0.0,0.0,0,0,0,0
293,Abu,Kamara,Kamara,u,Has joined Portsmouth permanently,,5.0,334,194,0.0,585,252,0.0,385,127,0,0,0,0,0,0,37,0.0,0.0,0.0,0.0,0.0,385,127,0.0,0.0,313,81,313,81,313,81,313,81,,,,,,,,0.0,0.0,0.0,0.0,0.0,0.0,0.0,0.0,0.0,1,0,0,0,0,0,0,0,0,0,0,0,0,0,0,0,0,37,0,0.0,0.0,0.0,0.0,0.0,0.0,0.0,0.0,0,0,0,0
294,Óscar,Zambrano,Zambrano,i,Thigh injury - Unknown return date,,4.5,504,254,0.1,406,158,0.0,269,68,0,0,0,0,0,55,283,0.0,0.0,0.0,0.0,0.0,269,68,0.0,0.0,177,16,177,16,177,16,177,16,,,,,,,,0.0,0.0,0.0,0.0,0.0,0.0,0.0,0.0,0.0,1,0,0,0,0,0,0,0,0,0,0,0,0,0,0,0,55,283,0,0.0,0.0,0.0,0.0,0.0,0.0,0.0,0.0,0,0,0,0
295,Oli,McBurnie,McBurnie,a,,,5.5,121,31,1.3,170,25,5.0,16,2,5,0,0,0,0,2382,522,0.9,0.9,1.8,1.8,5.0,16,2,,,386,27,386,27,386,27,386,27,,,1.0,,,,,0.1,0.01,0.11,1.81,0.0,1.0,0.0,1.0,5.0,1,5,90,0,1,1,0,0,0,0,0,0,0,1,0,21,2382,522,0,0.1,0.01,0.11,1.81,0.0,0.0,0.0,0.0,0,3,2,5
296,David,Akintola,Akintola,a,,,5.0,267,164,0.0,498,208,0.0,329,99,0,0,0,0,0,139,90,0.0,0.0,1.5,1.5,0.0,329,99,,,246,51,246,51,246,51,246,51,,,,,,,,0.0,0.0,0.0,0.0,0.0,0.0,0.0,0.0,0.0,1,0,0,0,0,0,0,0,0,0,0,0,0,0,0,0,139,90,0,0.0,0.0,0.0,0.0,0.0,0.0,0.0,0.0,0,0,0,0
297,Darko,Gyabi,Gyabi,i,Thigh injury - Unknown return date,,4.5,471,248,0.0,520,216,0.0,240,62,0,0,0,0,0,9,66,0.0,0.0,0.0,0.0,0.0,240,62,0.0,0.0,144,10,144,10,144,10,144,10,,,,,,,,0.0,0.0,0.0,0.0,0.0,0.0,0.0,0.0,0.0,1,0,0,0,0,0,0,0,0,0,0,0,0,0,0,0,9,66,0,0.0,0.0,0.0,0.0,0.0,0.0,0.0,0.0,0,0,0,0
298,Enis,Destan,Destan,u,Has joined Konyaspor permanently,,4.5,490,63,0.4,268,46,0.0,256,16,0,0,0,0,0,0,1661,0.0,0.0,0.0,0.0,0.0,256,16,0.0,0.0,163,3,163,3,163,3,163,3,,,,,,,,0.0,0.0,0.0,0.0,0.0,0.0,0.0,0.0,0.0,1,0,0,0,0,0,0,0,0,0,0,0,0,0,0,0,0,1661,0,0.0,0.0,0.0,0.0,0.0,0.0,0.0,0.0,0,0,0,0
299,Mason,Burstow,Burstow,u,Has joined Sheffield Wednesday on loan for the rest of the season,,4.5,497,64,0.1,462,63,0.0,262,17,0,0,0,0,0,0,220,0.0,0.0,0.0,0.0,0.0,262,17,0.0,0.0,170,4,170,4,170,4,170,4,,,,,,,,0.0,0.0,0.0,0.0,0.0,0.0,0.0,0.0,0.0,1,0,0,0,0,0,0,0,0,0,0,0,0,0,0,0,0,220,0,0.0,0.0,0.0,0.0,0.0,0.0,0.0,0.0,0,0,0,0
340,Joe,Gelhardt,Gelhardt,i,Ankle injury - Expected back 5 Sep,,5.0,314,184,0.0,559,234,0.0,367,118,0,0,0,0,0,10,32,0.0,0.0,0.0,0.0,0.0,367,118,0.0,0.0,293,71,293,71,293,71,293,71,,,,,,,,0.0,0.0,0.0,0.0,0.0,0.0,0.0,0.0,0.0,1,0,0,0,0,0,0,0,0,0,0,0,0,0,0,0,10,32,0,0.0,0.0,0.0,0.0,0.0,0.0,0.0,0.0,0,0,0,0
556,Matt,Targett,Targett,a,,,4.0,547,156,2.4,115,48,1.0,36,13,1,0,0,0,0,547,1194,0.2,0.2,1.0,1.0,1.0,36,13,,,17,8,17,8,17,8,17,8,,,,,,,,0.0,0.0,0.0,1.26,0.0,0.0,0.0,0.0,0.0,1,1,5,0,0,0,0,0,0,0,0,0,0,0,0,3,547,1194,0,0.0,0.0,0.0,0.07,0.0,0.0,0.0,0.0,0,0,1,0
563,Hidemasa,Morita,Morita,d,Calf injury - 50% chance of playing,,5.0,306,180,0.0,532,220,0.0,359,114,0,0,0,0,0,10,45,0.0,0.0,0.7,0.7,0.0,359,114,50.0,50.0,285,67,285,67,285,67,285,67,,,,,,,,0.0,0.0,0.0,0.0,0.0,0.0,0.0,0.0,0.0,1,0,0,0,0,0,0,0,0,0,0,0,0,0,0,0,10,45,0,0.0,0.0,0.0,0.0,0.0,0.0,0.0,0.0,0,0,0,0
572,Konstantinos,Tzolakis,Tzolakis,a,,,4.5,475,40,0.6,236,32,10.0,5,1,10,0,0,0,0,2029,245,2.2,2.2,1.9,1.9,10.0,5,1,,,148,39,148,39,148,39,148,39,,,,,,,,0.0,0.0,0.0,1.81,5.0,1.0,0.0,1.0,0.0,1,10,90,0,0,1,0,0,0,0,0,0,5,1,3,41,2029,245,0,0.0,0.0,0.0,1.81,0.0,0.0,0.0,0.0,0,0,22,0
574,Jens,Hjertø-Dahl,Hjertø-Dahl,a,,,5.0,372,220,0.1,438,176,0.0,416,148,0,0,0,0,0,63,42,0.0,0.0,1.5,1.5,0.0,416,148,,,351,107,351,107,351,107,351,107,,,,,,,,0.0,0.0,0.0,0.0,0.0,0.0,0.0,0.0,0.0,1,0,0,0,0,0,0,0,0,0,0,0,0,0,0,0,63,42,0,0.0,0.0,0.0,0.0,0.0,0.0,0.0,0.0,0,0,0,0
259,Issa,Diop,Diop,a,,,4.0,557,164,18.4,19,6,1.0,39,16,1,0,0,0,0,4174,2581,0.2,0.2,1.0,1.0,1.0,39,16,,,27,16,27,16,27,16,27,16,,,,,,,,0.0,0.0,0.0,1.66,0.0,0.0,0.0,6.92,6.92,1,1,15,0,0,0,0,0,0,0,0,0,0,1,0,3,4174,2581,0,0.0,0.0,0.0,0.24,0.0,0.0,0.0,0.0,0,1,1,1
267,Saša,Lukić,Lukić,a,,,5.0,266,163,0.1,403,156,1.0,67,20,1,0,0,0,0,27,44,0.2,0.2,1.5,1.5,1.0,67,20,,,245,50,245,50,245,50,245,50,4.0,,,,,,,0.0,0.0,0.0,1.66,0.0,0.0,0.0,6.92,0.0,1,1,15,0,0,0,0,0,0,0,0,0,0,1,0,3,27,44,0,0.0,0.0,0.0,0.24,0.0,0.0,0.0,0.0,0,0,0,0
300,Christian,Walton,Walton,a,,,4.5,410,27,0.5,246,34,0.0,189,36,0,0,0,0,0,40,215,0.0,0.0,1.9,1.9,0.0,189,36,,,83,26,83,26,83,26,83,26,,,,,,,,0.0,0.0,0.0,0.0,0.0,0.0,0.0,0.0,0.0,1,0,0,0,0,0,0,0,0,0,0,0,0,0,0,0,40,215,0,0.0,0.0,0.0,0.0,0.0,0.0,0.0,0.0,0,0,0,0
26,Kai,Havertz,Havertz,a,,,7.5,14,5,5.7,63,11,6.0,15,1,6,0,0,0,0,24252,2189,0.8,0.8,2.4,2.4,6.0,15,1,,,580,65,580,65,580,65,580,65,,,,,,,,0.26,0.03,0.29,0.2,0.0,1.0,0.0,1.0,2.0,1,6,90,1,0,1,0,0,0,0,0,0,0,1,0,34,24252,2189,0,0.26,0.03,0.29,0.2,0.0,0.0,0.0,0.0,0,2,0,2
30,Lucas,Digne,Digne,u,Has joined Paris Saint-Germain permanently,,4.5,405,82,0.1,393,141,0.0,186,85,0,0,0,0,0,0,1196,0.0,0.0,0.0,0.0,0.0,186,85,0.0,0.0,78,54,78,54,78,54,78,54,,,,,,,,0.0,0.0,0.0,0.0,0.0,0.0,0.0,0.0,0.0,1,0,0,0,0,0,0,0,0,0,0,0,0,0,0,0,0,1196,0,0.0,0.0,0.0,0.0,0.0,0.0,0.0,0.0,0,0,0,0
301,Alex,Palmer,Palmer,a,,,4.0,540,54,4.8,68,9,0.0,136,17,0,0,0,0,0,718,527,0.0,0.0,1.0,1.0,0.0,136,17,,,10,7,10,7,10,7,10,7,,,,,,,,0.0,0.0,0.0,0.0,0.0,0.0,0.0,0.0,0.0,1,0,0,0,0,0,0,0,0,0,0,0,0,0,0,0,718,527,0,0.0,0.0,0.0,0.0,0.0,0.0,0.0,0.0,0,0,0,0
302,David,Button,Button,a,,,4.0,534,51,0.5,262,36,0.0,131,14,0,0,0,0,0,176,77,0.0,0.0,1.0,1.0,0.0,131,14,,,4,4,4,4,4,4,4,4,,,,,,,,0.0,0.0,0.0,0.0,0.0,0.0,0.0,0.0,0.0,1,0,0,0,0,0,0,0,0,0,0,0,0,0,0,0,176,77,0,0.0,0.0,0.0,0.0,0.0,0.0,0.0,0.0,0,0,0,0
303,Cédric,Kipré,Kipré,a,,,4.0,551,159,0.7,227,87,0.0,142,55,0,0,0,0,0,60,186,0.0,0.0,1.0,1.0,0.0,142,55,,,21,11,21,11,21,11,21,11,,,,,,,,0.0,0.0,0.0,0.0,0.0,0.0,0.0,0.0,0.0,1,0,0,0,0,0,0,0,0,0,0,0,0,0,0,0,60,186,0,0.0,0.0,0.0,0.0,0.0,0.0,0.0,0.0,0,0,0,0
304,Dara,O'Shea,O'Shea,a,,,4.0,556,163,3.5,93,38,1.0,38,15,1,0,0,0,0,464,586,0.2,0.2,1.0,1.0,1.0,38,15,,,26,15,26,15,26,15,26,15,,,,,,,,0.0,0.14,0.14,1.66,0.0,0.0,0.0,6.92,6.92,1,1,15,0,0,0,0,0,0,0,0,0,0,1,0,7,464,586,0,0.0,0.02,0.02,0.24,0.0,0.0,0.0,0.0,1,0,2,1
305,Leif,Davis,Davis,a,,,4.0,570,173,5.3,66,27,1.0,43,20,1,0,0,0,0,807,831,0.2,0.2,1.0,1.0,1.0,43,20,,,40,25,40,25,40,25,40,25,2.0,2.0,,,,,,0.0,0.0,0.0,1.66,0.0,0.0,0.0,6.92,20.77,1,1,15,0,0,0,0,0,0,0,0,0,0,1,0,4,807,831,0,0.0,0.0,0.0,0.24,0.0,0.0,0.0,0.0,0,4,1,4
306,Jacob,Greaves,Greaves,a,,,4.0,568,171,1.5,156,65,1.0,41,18,1,0,0,0,0,184,254,0.2,0.2,1.0,1.0,1.0,41,18,,,38,23,38,23,38,23,38,23,,,,,,,,0.0,0.0,0.0,1.66,0.0,0.0,0.0,6.92,0.0,1,1,15,0,0,0,0,0,0,0,0,0,0,1,0,3,184,254,0,0.0,0.0,0.0,0.24,0.0,0.0,0.0,0.0,0,0,0,0
307,Ben,Johnson,Johnson,a,,,4.0,559,166,0.1,412,146,0.0,147,59,0,0,0,0,0,69,52,0.0,0.0,1.0,1.0,0.0,147,59,,,29,18,29,18,29,18,29,18,,,,,,,,0.0,0.0,0.0,0.0,0.0,0.0,0.0,0.0,0.0,1,0,0,0,0,0,0,0,0,0,0,0,0,0,0,0,69,52,0,0.0,0.0,0.0,0.0,0.0,0.0,0.0,0.0,0,0,0,0
308,Darnell,Furlong,Furlong,a,,,4.0,550,158,0.7,232,89,0.0,141,54,0,0,0,0,0,50,209,0.0,0.0,1.0,1.0,0.0,141,54,,,20,10,20,10,20,10,20,10,,,,,,,,0.0,0.0,0.0,0.0,0.0,0.0,0.0,0.0,0.0,1,0,0,0,0,0,0,0,0,0,0,0,0,0,0,0,50,209,0,0.0,0.0,0.0,0.0,0.0,0.0,0.0,0.0,0,0,0,0
309,Marcelino,Núñez,Núñez,a,,,5.0,345,199,0.1,396,153,1.0,77,22,1,0,0,0,0,45,54,0.2,0.2,1.5,1.5,1.0,77,22,,,324,86,324,86,324,86,324,86,1.0,1.0,,,,,,0.0,0.0,0.0,1.66,0.0,0.0,0.0,6.92,6.92,1,1,15,0,0,0,0,0,0,0,0,0,0,1,0,5,45,54,0,0.0,0.0,0.0,0.24,0.0,0.0,0.0,0.0,1,0,0,1
310,Azor,Matusiwa,Matusiwa,i,Muscular injury - Unknown return date,,5.0,290,173,0.0,590,256,0.0,347,108,0,0,0,0,0,1,14,0.0,0.0,0.0,0.0,0.0,347,108,0.0,0.0,269,60,269,60,269,60,269,60,,,,,,,,0.0,0.0,0.0,0.0,0.0,0.0,0.0,0.0,0.0,1,0,0,0,0,0,0,0,0,0,0,0,0,0,0,0,1,14,0,0.0,0.0,0.0,0.0,0.0,0.0,0.0,0.0,0,0,0,0
312,Jack,Taylor,Taylor,i,Knee injury - Unknown return date,,4.5,447,244,0.0,481,198,0.0,220,59,0,0,0,0,0,24,136,0.0,0.0,0.0,0.0,0.0,220,59,0.0,0.0,120,6,120,6,120,6,120,6,,,,,,,,0.0,0.0,0.0,0.0,0.0,0.0,0.0,0.0,0.0,1,0,0,0,0,0,0,0,0,0,0,0,0,0,0,0,24,136,0,0.0,0.0,0.0,0.0,0.0,0.0,0.0,0.0,0,0,0,0
313,Jack,Clarke,Clarke,a,,,5.5,165,103,0.3,309,107,0.0,473,183,0,0,0,0,0,50,117,0.0,0.0,2.0,2.0,0.0,473,183,,,430,156,430,156,430,156,430,156,3.0,3.0,1.0,,,,,0.0,0.0,0.0,0.0,0.0,0.0,0.0,0.0,0.0,1,0,0,0,0,0,0,0,0,0,0,0,0,0,0,0,50,117,0,0.0,0.0,0.0,0.0,0.0,0.0,0.0,0.0,0,0,0,0
314,Chiedozie,Ogbene,Ogbene,a,,,5.0,282,168,0.0,551,227,0.0,340,103,0,0,0,0,0,7,7,0.0,0.0,1.5,1.5,0.0,340,103,,,261,55,261,55,261,55,261,55,,,,,,,,0.0,0.0,0.0,0.0,0.0,0.0,0.0,0.0,0.0,1,0,0,0,0,0,0,0,0,0,0,0,0,0,0,0,7,7,0,0.0,0.0,0.0,0.0,0.0,0.0,0.0,0.0,0,0,0,0
315,Abdul,Fatawu,Fatawu,a,,,5.5,202,126,0.2,325,113,1.0,107,43,1,0,0,0,0,64,135,0.2,0.2,2.0,2.0,1.0,107,43,,,467,179,467,179,467,179,467,179,,,,,,,,0.0,0.0,0.0,1.66,0.0,0.0,0.0,6.92,0.0,1,1,15,0,0,0,0,0,0,0,0,0,0,1,0,4,64,135,0,0.0,0.0,0.0,0.24,0.0,0.0,0.0,0.0,0,0,0,0
316,Emersonn,Correia da Silva,Emersonn,a,,,5.5,204,44,0.4,276,47,1.0,108,7,1,0,0,0,0,192,151,0.2,0.2,1.8,1.8,1.0,108,7,,,469,40,469,40,469,40,469,40,,,2.0,,,,,0.07,0.0,0.07,1.66,0.0,0.0,0.0,6.92,0.0,1,1,15,0,0,0,0,0,0,0,0,0,0,1,0,6,192,151,0,0.01,0.0,0.01,0.24,0.0,0.0,0.0,0.0,0,0,0,0
317,George,Hirst,Hirst,u,Has joined Stoke City permanently,,5.0,278,51,0.3,322,53,0.0,337,27,0,0,0,0,0,0,1857,0.0,0.0,0.0,0.0,0.0,337,27,0.0,0.0,257,15,257,15,257,15,257,15,,,,,,,,0.0,0.0,0.0,0.0,0.0,0.0,0.0,0.0,0.0,1,0,0,0,0,0,0,0,0,0,0,0,0,0,0,0,0,1857,0,0.0,0.0,0.0,0.0,0.0,0.0,0.0,0.0,0,0,0,0
27,Gabriel,Fernando de Jesus,G.Jesus,a,,,6.0,68,17,0.4,284,50,0.0,524,54,0,0,0,0,0,324,1327,0.0,0.0,2.0,2.0,0.0,524,54,,,502,49,502,49,502,49,502,49,,,,,,,,0.0,0.0,0.0,0.0,0.0,0.0,0.0,0.0,0.0,1,0,0,0,0,0,0,0,0,0,0,0,0,0,0,0,324,1327,0,0.0,0.0,0.0,0.0,0.0,0.0,0.0,0.0,0,0,0,0
452,Bruno,Guimarães Rodriguez Moura,Bruno G.,d,Thigh injury - 75% chance of playing,,7.0,24,15,4.0,79,26,0.0,581,252,0,0,0,0,0,175,19716,0.0,0.0,1.8,1.8,0.0,581,252,75.0,75.0,572,246,572,246,572,246,572,246,5.0,,4.0,,,,,0.0,0.0,0.0,0.0,0.0,0.0,0.0,0.0,0.0,1,0,0,0,0,0,0,0,0,0,0,0,0,0,0,0,175,19716,0,0.0,0.0,0.0,0.0,0.0,0.0,0.0,0.0,0,0,0,0
318,Jaden,Philogene,Philogene,a,,,5.5,186,113,0.2,371,137,0.0,488,190,0,0,0,0,0,34,85,0.0,0.0,2.0,2.0,0.0,488,190,,,451,166,451,166,451,166,451,166,5.0,,3.0,,,,,0.0,0.0,0.0,0.0,0.0,0.0,0.0,0.0,0.0,1,0,0,0,0,0,0,0,0,0,0,0,0,0,0,0,34,85,0,0.0,0.0,0.0,0.0,0.0,0.0,0.0,0.0,0,0,0,0
319,Sam,Szmodics,Szmodics,u,Has joined Derby County on loan for the rest of the season,,5.0,249,151,0.0,577,245,0.0,315,89,0,0,0,0,0,0,91,0.0,0.0,0.0,0.0,0.0,315,89,0.0,0.0,228,38,228,38,228,38,228,38,,,,,,,,0.0,0.0,0.0,0.0,0.0,0.0,0.0,0.0,0.0,1,0,0,0,0,0,0,0,0,0,0,0,0,0,0,0,0,91,0,0.0,0.0,0.0,0.0,0.0,0.0,0.0,0.0,0,0,0,0
320,Chuba,Akpom,Akpom,a,,,5.0,240,49,0.6,245,41,0.0,307,26,0,0,0,0,0,660,345,0.0,0.0,1.4,1.4,0.0,307,26,,,219,13,219,13,219,13,219,13,,,,,,,,0.0,0.0,0.0,0.0,0.0,0.0,0.0,0.0,0.0,1,0,0,0,0,0,0,0,0,0,0,0,0,0,0,0,660,345,0,0.0,0.0,0.0,0.0,0.0,0.0,0.0,0.0,0,0,0,0
321,Sindre,Walle Egeli,Walle Egeli,a,,,4.5,507,66,2.2,119,16,0.0,272,19,0,0,0,0,0,1240,742,0.0,0.0,1.0,1.0,0.0,272,19,,,180,6,180,6,180,6,180,6,,,,,,,,0.0,0.0,0.0,0.0,0.0,0.0,0.0,0.0,0.0,1,0,0,0,0,0,0,0,0,0,0,0,0,0,0,0,1240,742,0,0.0,0.0,0.0,0.0,0.0,0.0,0.0,0.0,0,0,0,0
322,Ali,Al-Hamadi,Al-Hamadi,a,,,5.0,313,54,0.2,382,58,0.0,366,29,0,0,0,0,0,170,145,0.0,0.0,1.4,1.4,0.0,366,29,,,292,18,292,18,292,18,292,18,,,,,,,,0.0,0.0,0.0,0.0,0.0,0.0,0.0,0.0,0.0,1,0,0,0,0,0,0,0,0,0,0,0,0,0,0,0,170,145,0,0.0,0.0,0.0,0.0,0.0,0.0,0.0,0.0,0,0,0,0
323,Kasey,McAteer,McAteer,a,,,4.5,467,246,1.5,159,48,0.0,236,60,0,0,0,0,0,793,541,0.0,0.0,1.0,1.0,0.0,236,60,,,140,8,140,8,140,8,140,8,,,,,,,,0.0,0.0,0.0,0.0,0.0,0.0,0.0,0.0,0.0,1,0,0,0,0,0,0,0,0,0,0,0,0,0,0,0,793,541,0,0.0,0.0,0.0,0.0,0.0,0.0,0.0,0.0,0,0,0,0
324,Anis,Mehmeti,Mehmeti,a,,,5.0,286,170,0.1,473,193,0.0,343,105,0,0,0,0,0,8,33,0.0,0.0,1.5,1.5,0.0,343,105,,,265,57,265,57,265,57,265,57,,,,,,,,0.0,0.0,0.0,0.0,0.0,0.0,0.0,0.0,0.0,1,0,0,0,0,0,0,0,0,0,0,0,0,0,0,0,8,33,0,0.0,0.0,0.0,0.0,0.0,0.0,0.0,0.0,0,0,0,0
554,Kayne,van Oevelen,Van Oevelen,a,,,4.5,498,45,0.0,499,54,0.0,263,51,0,0,0,0,0,11,22,0.0,0.0,1.9,1.9,0.0,263,51,,,171,44,171,44,171,44,171,44,,,,,,,,0.0,0.0,0.0,0.0,0.0,0.0,0.0,0.0,0.0,1,0,0,0,0,0,0,0,0,0,0,0,0,0,0,0,11,22,0,0.0,0.0,0.0,0.0,0.0,0.0,0.0,0.0,0,0,0,0
562,Daizen,Maeda,Maeda,a,,,5.5,164,102,0.4,269,88,1.0,99,37,1,0,0,0,0,107,123,0.2,0.2,2.0,2.0,1.0,99,37,,,429,155,429,155,429,155,429,155,,,,,,,,0.0,0.0,0.0,1.66,0.0,0.0,0.0,6.92,13.85,1,1,15,0,0,0,0,0,0,0,0,0,0,1,0,2,107,123,0,0.0,0.0,0.0,0.24,0.0,0.0,0.0,0.0,0,0,2,2
564,Kjell,Scherpen,Scherpen,a,,,4.5,450,35,0.7,231,31,1.0,54,3,1,0,0,0,0,65,186,0.2,0.2,1.9,1.9,1.0,54,3,,,123,34,123,34,123,34,123,34,,,,,,,,0.0,0.0,0.0,1.66,0.0,0.0,0.0,6.92,0.0,1,1,15,0,0,0,0,0,0,0,0,0,0,1,0,4,65,186,0,0.0,0.0,0.0,0.24,0.0,0.0,0.0,0.0,0,0,3,0
571,Florentino Ibrain,Morris Luís,Florentino,a,,,5.0,272,165,0.1,386,146,0.0,332,100,0,0,0,0,0,50,53,0.0,0.0,1.5,1.5,0.0,332,100,,,251,52,251,52,251,52,251,52,,,,,,,,0.0,0.0,0.0,0.0,0.0,0.0,0.0,0.0,0.0,1,0,0,0,0,0,0,0,0,0,0,0,0,0,0,0,50,53,0,0.0,0.0,0.0,0.0,0.0,0.0,0.0,0.0,0,0,0,0
591,Julio,Enciso,Enciso,a,,,5.5,181,110,0.3,299,100,1.0,102,39,1,0,0,0,0,140,89,0.2,0.2,2.0,2.0,1.0,102,39,,,446,163,446,163,446,163,446,163,,,,,,,,0.28,0.0,0.28,1.66,0.0,0.0,0.0,6.92,13.85,1,1,15,0,0,0,0,0,0,0,0,0,0,1,0,2,140,89,0,0.04,0.0,0.04,0.24,0.0,0.0,0.0,0.0,0,1,1,2
592,Abdoul,Ouattara,Ouattara,a,,,4.0,588,187,1.0,188,72,0.0,169,73,0,0,0,0,0,844,359,0.0,0.0,1.0,1.0,0.0,169,73,,,58,39,58,39,58,39,58,39,,,,,,,,0.0,0.0,0.0,0.0,0.0,0.0,0.0,0.0,0.0,1,0,0,0,0,0,0,0,0,0,0,0,0,0,0,0,844,359,0,0.0,0.0,0.0,0.0,0.0,0.0,0.0,0.0,0,0,0,0
260,Harry,Wilson,Wilson,a,,,6.5,33,21,6.4,59,20,1.0,120,49,1,0,0,0,0,1345,2361,0.2,0.2,2.3,2.3,1.0,120,49,,,548,226,548,226,548,226,548,226,2.0,,,,,,,0.0,0.0,0.0,0.0,0.0,0.0,0.0,6.92,0.0,1,1,14,0,0,0,0,0,0,0,0,0,0,1,0,3,1345,2361,0,0.0,0.0,0.0,0.0,0.0,0.0,0.0,0.0,0,0,0,0
326,Lucas Estella,Perri,Perri,a,,,4.5,432,33,0.6,238,33,0.0,210,42,0,0,0,0,0,45,237,0.0,0.0,1.9,1.9,0.0,210,42,,,105,32,105,32,105,32,105,32,,,,,,,,0.0,0.0,0.0,0.0,0.0,0.0,0.0,0.0,0.0,1,0,0,0,0,0,0,0,0,0,0,0,0,0,0,0,45,237,0,0.0,0.0,0.0,0.0,0.0,0.0,0.0,0.0,0,0,0,0
327,Jaka,Bijol,Bijol,a,,,5.0,299,54,0.3,291,106,1.0,73,42,1,0,0,0,0,240,133,0.2,0.2,2.2,2.2,1.0,73,42,,,278,140,278,140,278,140,278,140,,,,,,,,0.0,0.0,0.0,0.0,0.0,0.0,0.0,6.92,13.85,1,1,14,0,0,0,0,0,0,0,0,0,0,1,0,3,240,133,0,0.0,0.0,0.0,0.0,0.0,0.0,0.0,0.0,0,2,1,2
329,Joe,Rodon,Rodon,a,,,4.5,435,99,3.6,86,33,1.0,49,26,1,0,0,0,0,761,423,0.2,0.2,1.7,1.7,1.0,49,26,,,108,71,108,71,108,71,108,71,,,,,,,,0.0,0.0,0.0,0.0,0.0,0.0,0.0,6.92,0.0,1,1,14,0,0,0,0,0,0,0,0,0,0,1,0,3,761,423,0,0.0,0.0,0.0,0.0,0.0,0.0,0.0,0.0,0,0,0,0
31,Ezri,Konsa Ngoyo,Konsa,a,,,4.5,431,97,13.0,31,11,0.0,209,98,0,0,0,0,0,8346,32983,0.0,0.0,1.7,1.7,0.0,209,98,,,104,69,104,69,104,69,104,69,,,,,,,,0.0,0.0,0.0,0.0,0.0,0.0,0.0,0.0,0.0,1,0,0,0,0,0,0,0,0,0,0,0,0,0,0,0,8346,32983,0,0.0,0.0,0.0,0.0,0.0,0.0,0.0,0.0,0,0,0,0
330,Jayden,Bogle,Bogle,a,,,4.5,443,106,0.5,248,93,1.0,52,29,1,0,0,0,0,225,138,0.2,0.2,1.7,1.7,1.0,52,29,,,116,78,116,78,116,78,116,78,,,,,,,,0.0,0.0,0.0,0.0,0.0,0.0,0.0,6.92,0.0,1,1,14,0,0,0,0,0,0,0,0,0,0,1,0,4,225,138,0,0.0,0.0,0.0,0.0,0.0,0.0,0.0,0.0,0,0,0,0
331,Gabriel,Gudmundsson,Gudmundsson,i,Hamstring injury - Unknown return date,,4.5,454,114,0.1,475,165,0.0,225,110,0,0,0,0,0,9,138,0.0,0.0,0.0,0.0,0.0,225,110,0.0,0.0,127,86,127,86,127,86,127,86,,,,,,,,0.0,0.0,0.0,0.0,0.0,0.0,0.0,0.0,0.0,1,0,0,0,0,0,0,0,0,0,0,0,0,0,0,0,9,138,0,0.0,0.0,0.0,0.0,0.0,0.0,0.0,0.0,0,0,0,0
332,James,Justin,Justin,a,,,4.5,438,102,0.6,241,91,1.0,50,27,1,0,0,0,0,142,103,0.2,0.2,1.7,1.7,1.0,50,27,,,111,74,111,74,111,74,111,74,,,,,,,,0.0,0.0,0.0,0.0,0.0,0.0,0.0,6.92,13.85,1,1,14,0,0,0,0,0,0,0,0,0,0,1,0,11,142,103,0,0.0,0.0,0.0,0.0,0.0,0.0,0.0,0.0,4,0,2,4
333,Sebastiaan,Bornauw,Bornauw,u,Has joined Hamburg SV on loan for the rest of the season,,4.5,462,121,0.0,587,196,0.0,231,115,0,0,0,0,0,0,38,0.0,0.0,0.0,0.0,0.0,231,115,0.0,0.0,135,93,135,93,135,93,135,93,,,,,,,,0.0,0.0,0.0,0.0,0.0,0.0,0.0,0.0,0.0,1,0,0,0,0,0,0,0,0,0,0,0,0,0,0,0,0,38,0,0.0,0.0,0.0,0.0,0.0,0.0,0.0,0.0,0,0,0,0
334,Tarik,Muharemović,Muharemović,a,,,5.0,357,72,3.4,94,39,1.0,79,43,1,0,0,0,0,988,332,0.2,0.2,2.2,2.2,1.0,79,43,,,336,158,336,158,336,158,336,158,,,,,,,,0.0,0.0,0.0,0.0,0.0,0.0,0.0,6.92,6.92,1,1,14,0,0,0,0,0,0,0,0,0,0,1,0,3,988,332,0,0.0,0.0,0.0,0.0,0.0,0.0,0.0,0.0,0,1,0,1
335,Anton,Stach,Stach,a,,,6.0,91,58,0.9,201,67,1.0,117,47,1,0,0,0,0,182,291,0.2,0.2,2.1,2.1,1.0,117,47,,,525,210,525,210,525,210,525,210,1.0,1.0,,,,,,0.21,0.0,0.21,0.0,0.0,0.0,0.0,6.92,13.85,1,1,14,0,0,0,0,0,0,0,0,0,0,1,0,5,182,291,0,0.03,0.0,0.03,0.0,0.0,0.0,0.0,0.0,0,0,2,2
336,Noah,Okafor,Okafor,a,,,6.0,79,51,0.5,249,81,0.0,535,219,0,0,0,0,0,182,222,0.0,0.0,2.1,2.1,0.0,535,219,,,513,203,513,203,513,203,513,203,,,,,,,,0.0,0.0,0.0,0.0,0.0,0.0,0.0,0.0,0.0,1,0,0,0,0,0,0,0,0,0,0,0,0,0,0,0,182,222,0,0.0,0.0,0.0,0.0,0.0,0.0,0.0,0.0,0,0,0,0
337,Brenden,Aaronson,Aaronson,a,,,5.5,155,96,1.0,193,65,1.0,96,34,1,0,0,0,0,219,318,0.2,0.2,2.0,2.0,1.0,96,34,,,420,149,420,149,420,149,420,149,,3.0,,,,,,0.0,0.0,0.0,0.0,0.0,0.0,0.0,6.92,6.92,1,1,14,0,0,0,0,0,0,0,0,0,0,1,0,4,219,318,0,0.0,0.0,0.0,0.0,0.0,0.0,0.0,0.0,0,0,1,1
338,Ethan,Ampadu,Ampadu,a,,,5.5,131,81,1.5,160,49,1.0,89,31,1,0,0,0,0,212,451,0.2,0.2,2.0,2.0,1.0,89,31,,,396,134,396,134,396,134,396,134,,,,,,,,0.0,0.0,0.0,0.0,0.0,0.0,0.0,6.92,20.77,1,1,14,0,0,0,0,0,0,0,0,0,0,1,0,5,212,451,0,0.0,0.0,0.0,0.0,0.0,0.0,0.0,0.0,1,0,2,3
339,Sean,Longstaff,Longstaff,a,,,5.0,252,152,0.1,389,149,0.0,317,90,0,0,0,0,0,93,65,0.0,0.0,1.5,1.5,0.0,317,90,,,231,39,231,39,231,39,231,39,3.0,2.0,,,,,,0.0,0.0,0.0,0.0,0.0,0.0,0.0,0.0,0.0,1,0,0,0,0,0,0,0,0,0,0,0,0,0,0,0,93,65,0,0.0,0.0,0.0,0.0,0.0,0.0,0.0,0.0,0,0,0,0
341,Wilfried,Gnonto,Gnonto,i,Hamstring injury - Unknown return date,,5.0,338,196,0.0,535,222,0.0,389,129,0,0,0,0,0,3,112,0.0,0.0,0.0,0.0,0.0,389,129,0.0,0.0,317,83,317,83,317,83,317,83,,,,,,,,0.0,0.0,0.0,0.0,0.0,0.0,0.0,0.0,0.0,1,0,0,0,0,0,0,0,0,0,0,0,0,0,0,0,3,112,0,0.0,0.0,0.0,0.0,0.0,0.0,0.0,0.0,0,0,0,0
342,Jack,Harrison,Harrison,u,Has joined New England Revolution permanently,,5.0,275,166,0.0,598,262,0.0,334,101,0,0,0,0,0,0,10,0.0,0.0,0.0,0.0,0.0,334,101,0.0,0.0,254,53,254,53,254,53,254,53,,,,,,,,0.0,0.0,0.0,0.0,0.0,0.0,0.0,0.0,0.0,1,0,0,0,0,0,0,0,0,0,0,0,0,0,0,0,0,10,0,0.0,0.0,0.0,0.0,0.0,0.0,0.0,0.0,0,0,0,0
343,Daniel,James,James,a,,,5.0,255,155,0.1,399,154,0.0,320,93,0,0,0,0,0,113,68,0.0,0.0,1.5,1.5,0.0,320,93,,,234,42,234,42,234,42,234,42,,,,,,,,0.0,0.0,0.0,0.0,0.0,0.0,0.0,0.0,0.0,1,0,0,0,0,0,0,0,0,0,0,0,0,0,0,0,113,68,0,0.0,0.0,0.0,0.0,0.0,0.0,0.0,0.0,0,0,0,0
344,Ilia,Gruev,Gruev,i,Knee injury - Unknown return date,,5.0,328,190,0.0,589,255,0.0,379,123,0,0,0,0,0,1,12,0.0,0.0,0.0,0.0,0.0,379,123,0.0,0.0,307,77,307,77,307,77,307,77,,,,,,,,0.0,0.0,0.0,0.0,0.0,0.0,0.0,0.0,0.0,1,0,0,0,0,0,0,0,0,0,0,0,0,0,0,0,1,12,0,0.0,0.0,0.0,0.0,0.0,0.0,0.0,0.0,0,0,0,0
345,Tanaka,Ao,Tanaka,a,,,5.0,293,175,0.3,316,110,0.0,350,110,0,0,0,0,0,180,154,0.0,0.0,1.5,1.5,0.0,350,110,,,272,62,272,62,272,62,272,62,4.0,,,,,,,0.0,0.0,0.0,0.0,0.0,0.0,0.0,0.0,0.0,1,0,0,0,0,0,0,0,0,0,0,0,0,0,0,0,180,154,0,0.0,0.0,0.0,0.0,0.0,0.0,0.0,0.0,0,0,0,0
346,Dominic,Calvert-Lewin,Calvert-Lewin,a,,,6.0,63,16,31.1,8,3,1.0,113,9,1,0,0,0,0,7682,3433,0.2,0.2,2.0,2.0,1.0,113,9,,,497,48,497,48,497,48,497,48,,,1.0,,,,,0.0,0.0,0.0,0.0,0.0,0.0,0.0,6.92,6.92,1,1,14,0,0,0,0,0,0,0,0,0,0,1,0,2,7682,3433,0,0.0,0.0,0.0,0.0,0.0,0.0,0.0,0.0,0,0,1,1
347,Lukas,Nmecha,Nmecha,a,,,5.5,124,33,0.6,237,38,0.0,445,39,0,0,0,0,0,270,308,0.0,0.0,1.8,1.8,0.0,445,39,,,389,29,389,29,389,29,389,29,,,2.0,,,,,0.0,0.0,0.0,0.0,0.0,0.0,0.0,0.0,0.0,1,0,0,0,0,0,0,0,0,0,0,0,0,0,0,0,270,308,0,0.0,0.0,0.0,0.0,0.0,0.0,0.0,0.0,0,0,0,0
348,Joël,Piroe,Piroe,u,Has joined West Ham United on loan for the rest of the season,,5.0,289,53,0.2,369,56,0.0,346,28,0,0,0,0,0,0,1038,0.0,0.0,0.0,0.0,0.0,346,28,0.0,0.0,268,17,268,17,268,17,268,17,,,3.0,,,,,0.0,0.0,0.0,0.0,0.0,0.0,0.0,0.0,0.0,1,0,0,0,0,0,0,0,0,0,0,0,0,0,0,0,0,1038,0,0.0,0.0,0.0,0.0,0.0,0.0,0.0,0.0,0,0,0,0
349,Mateo,Joseph Fernández-Regatillo,Mateo Joseph,i,Knee injury - Unknown return date,,4.5,508,67,0.1,465,64,0.0,273,20,0,0,0,0,0,36,143,0.0,0.0,0.0,0.0,0.0,273,20,0.0,0.0,181,7,181,7,181,7,181,7,,,,,,,,0.0,0.0,0.0,0.0,0.0,0.0,0.0,0.0,0.0,1,0,0,0,0,0,0,0,0,0,0,0,0,0,0,0,36,143,0,0.0,0.0,0.0,0.0,0.0,0.0,0.0,0.0,0,0,0,0
385,James,Trafford,Trafford,a,,,5.0,297,14,3.0,104,17,1.0,72,7,1,0,0,0,0,1059,540,0.2,0.2,2.6,2.6,1.0,72,7,,,276,56,276,56,276,56,276,56,,,,,,,,0.0,0.0,0.0,0.0,0.0,0.0,0.0,6.92,0.0,1,1,14,0,0,0,0,0,0,0,0,0,0,1,0,3,1059,540,0,0.0,0.0,0.0,0.0,0.0,0.0,0.0,0.0,0,0,0,0
598,Nico,Elvedi,Elvedi,a,,,4.5,424,91,0.0,533,181,0.0,202,92,0,0,0,0,0,63,12,0.0,0.0,1.7,1.7,0.0,202,92,,,97,63,97,63,97,63,97,63,,,,,,,,0.0,0.0,0.0,0.0,0.0,0.0,0.0,0.0,0.0,1,0,0,0,0,0,0,0,0,0,0,0,0,0,0,0,63,12,0,0.0,0.0,0.0,0.0,0.0,0.0,0.0,0.0,0,0,0,0
350,Alisson,Becker,A.Becker,a,,,5.5,117,3,3.5,90,13,0.0,439,66,0,0,0,0,0,1423,1229,0.0,0.0,3.3,3.3,0.0,439,66,,,382,65,382,65,382,65,382,65,,,,,,,,0.0,0.0,0.0,0.0,0.0,0.0,0.0,0.0,0.0,1,0,0,0,0,0,0,0,0,0,0,0,0,0,0,0,1423,1229,0,0.0,0.0,0.0,0.0,0.0,0.0,0.0,0.0,0,0,0,0
351,Giorgi,Mamardashvili,Mamardashvili,a,,,5.0,307,17,0.2,377,40,0.0,360,63,0,0,0,0,0,108,136,0.0,0.0,2.6,2.6,0.0,360,63,,,286,59,286,59,286,59,286,59,,,,,,,,0.0,0.0,0.0,0.0,0.0,0.0,0.0,0.0,0.0,1,0,0,0,0,0,0,0,0,0,0,0,0,0,0,0,108,136,0,0.0,0.0,0.0,0.0,0.0,0.0,0.0,0.0,0,0,0,0
352,Freddie,Woodman,Woodman,a,,,4.0,543,55,1.1,184,27,0.0,138,18,0,0,0,0,0,322,380,0.0,0.0,1.0,1.0,0.0,138,18,,,13,8,13,8,13,8,13,8,,,,,,,,0.0,0.0,0.0,0.0,0.0,0.0,0.0,0.0,0.0,1,0,0,0,0,0,0,0,0,0,0,0,0,0,0,0,322,380,0,0.0,0.0,0.0,0.0,0.0,0.0,0.0,0.0,0,0,0,0
353,Armin,Pecsi,Pecsi,u,Has joined TSV Hartberg on loan for the rest of the season,,4.0,593,67,0.0,518,60,0.0,174,30,0,0,0,0,0,0,93,0.0,0.0,0.0,0.0,0.0,174,30,0.0,0.0,63,20,63,20,63,20,63,20,,,,,,,,0.0,0.0,0.0,0.0,0.0,0.0,0.0,0.0,0.0,1,0,0,0,0,0,0,0,0,0,0,0,0,0,0,0,0,93,0,0.0,0.0,0.0,0.0,0.0,0.0,0.0,0.0,0,0,0,0
354,Vitezslav,Jaros,Jaros,i,Knee injury - Unknown return date,,4.0,562,60,0.0,558,66,0.0,149,23,0,0,0,0,0,20,32,0.0,0.0,0.0,0.0,0.0,149,23,0.0,0.0,32,13,32,13,32,13,32,13,,,,,,,,0.0,0.0,0.0,0.0,0.0,0.0,0.0,0.0,0.0,1,0,0,0,0,0,0,0,0,0,0,0,0,0,0,0,20,32,0,0.0,0.0,0.0,0.0,0.0,0.0,0.0,0.0,0,0,0,0
355,Harvey,Davies,Davies,a,,,4.0,572,63,0.1,392,42,0.0,154,26,0,0,0,0,0,85,49,0.0,0.0,1.0,1.0,0.0,154,26,,,42,16,42,16,42,16,42,16,,,,,,,,0.0,0.0,0.0,0.0,0.0,0.0,0.0,0.0,0.0,1,0,0,0,0,0,0,0,0,0,0,0,0,0,0,0,85,49,0,0.0,0.0,0.0,0.0,0.0,0.0,0.0,0.0,0,0,0,0
356,Virgil,van Dijk,Virgil,a,,,6.5,31,2,19.2,18,5,0.0,563,196,0,0,0,0,0,6981,2921,0.0,0.0,3.1,3.1,0.0,563,196,,,546,195,546,195,546,195,546,195,,,,,,,,0.0,0.0,0.0,0.0,0.0,0.0,0.0,0.0,0.0,1,0,0,0,0,0,0,0,0,0,0,0,0,0,0,0,6981,2921,0,0.0,0.0,0.0,0.0,0.0,0.0,0.0,0.0,0,0,0,0
357,Jeremie,Frimpong,Frimpong,a,,,5.5,142,15,3.5,92,37,0.0,458,178,0,0,0,0,0,3440,1139,0.0,0.0,2.5,2.5,0.0,458,178,,,407,169,407,169,407,169,407,169,,,,,,,,0.0,0.0,0.0,0.0,0.0,0.0,0.0,0.0,0.0,1,0,0,0,0,0,0,0,0,0,0,0,0,0,0,0,3440,1139,0,0.0,0.0,0.0,0.0,0.0,0.0,0.0,0.0,0,0,0,0
358,Milos,Kerkez,Kerkez,a,,,5.5,205,30,3.8,83,31,0.0,500,187,0,0,0,0,0,1939,1120,0.0,0.0,2.5,2.5,0.0,500,187,,,470,184,470,184,470,184,470,184,,,,,,,,0.0,0.0,0.0,0.0,0.0,0.0,0.0,0.0,0.0,1,0,0,0,0,0,0,0,0,0,0,0,0,0,0,0,1939,1120,0,0.0,0.0,0.0,0.0,0.0,0.0,0.0,0.0,0,0,0,0
359,Joe,Gomez,Gomez,i,Muscular injury - Unknown return date,,5.0,248,40,0.0,543,188,0.0,314,143,0,0,0,0,0,23,72,0.0,0.0,0.0,0.0,0.0,314,143,0.0,0.0,227,126,227,126,227,126,227,126,,,,,,,,0.0,0.0,0.0,0.0,0.0,0.0,0.0,0.0,0.0,1,0,0,0,0,0,0,0,0,0,0,0,0,0,0,0,23,72,0,0.0,0.0,0.0,0.0,0.0,0.0,0.0,0.0,0,0,0,0
360,Conor,Bradley,Bradley,i,Knee injury - Unknown return date,,5.0,337,68,0.0,569,193,0.0,388,166,0,0,0,0,0,12,36,0.0,0.0,0.0,0.0,0.0,388,166,0.0,0.0,316,154,316,154,316,154,316,154,,,,,,,,0.0,0.0,0.0,0.0,0.0,0.0,0.0,0.0,0.0,1,0,0,0,0,0,0,0,0,0,0,0,0,0,0,0,12,36,0,0.0,0.0,0.0,0.0,0.0,0.0,0.0,0.0,0,0,0,0
361,Wellity,Lucky,Lucky,a,,,4.0,582,181,0.1,402,144,0.0,164,68,0,0,0,0,0,126,95,0.0,0.0,1.0,1.0,0.0,164,68,,,52,33,52,33,52,33,52,33,,,,,,,,0.0,0.0,0.0,0.0,0.0,0.0,0.0,0.0,0.0,1,0,0,0,0,0,0,0,0,0,0,0,0,0,0,0,126,95,0,0.0,0.0,0.0,0.0,0.0,0.0,0.0,0.0,0,0,0,0
362,Jeremy,Jacquet,Jacquet,a,,,5.0,380,75,2.3,117,49,0.0,422,172,0,0,0,0,0,1924,552,0.0,0.0,2.2,2.2,0.0,422,172,100.0,100.0,359,161,359,161,359,161,359,161,,,,,,,,0.0,0.0,0.0,0.0,0.0,0.0,0.0,0.0,0.0,1,0,0,0,0,0,0,0,0,0,0,0,0,0,0,0,1924,552,0,0.0,0.0,0.0,0.0,0.0,0.0,0.0,0.0,0,0,0,0
363,Giovanni,Leoni,Leoni,i,Knee injury - Unknown return date,,4.0,599,197,0.0,489,169,0.0,178,81,0,0,0,0,0,39,65,0.0,0.0,0.0,0.0,0.0,178,81,0.0,0.0,69,49,69,49,69,49,69,49,,,,,,,,0.0,0.0,0.0,0.0,0.0,0.0,0.0,0.0,0.0,1,0,0,0,0,0,0,0,0,0,0,0,0,0,0,0,39,65,0,0.0,0.0,0.0,0.0,0.0,0.0,0.0,0.0,0,0,0,0
364,Kostas,Tsimikas,Tsimikas,a,,,5.0,268,44,0.1,446,158,0.0,330,147,0,0,0,0,0,86,44,0.0,0.0,2.2,2.2,0.0,330,147,,,247,130,247,130,247,130,247,130,,,,,,,,0.0,0.0,0.0,0.0,0.0,0.0,0.0,0.0,0.0,1,0,0,0,0,0,0,0,0,0,0,0,0,0,0,0,86,44,0,0.0,0.0,0.0,0.0,0.0,0.0,0.0,0.0,0,0,0,0
365,Calvin,Ramsay,Ramsay,a,,,4.0,576,177,0.2,334,126,0.0,158,64,0,0,0,0,0,195,138,0.0,0.0,1.0,1.0,0.0,158,64,,,46,29,46,29,46,29,46,29,,,,,,,,0.0,0.0,0.0,0.0,0.0,0.0,0.0,0.0,0.0,1,0,0,0,0,0,0,0,0,0,0,0,0,0,0,0,195,138,0,0.0,0.0,0.0,0.0,0.0,0.0,0.0,0.0,0,0,0,0
366,Florian,Wirtz,Wirtz,a,,,7.5,20,12,12.7,32,10,0.0,592,260,0,0,0,0,0,3225,2803,0.0,0.0,2.6,2.6,0.0,592,260,,,586,255,586,255,586,255,586,255,3.0,2.0,4.0,,,,,0.0,0.0,0.0,0.0,0.0,0.0,0.0,0.0,0.0,1,0,0,0,0,0,0,0,0,0,0,0,0,0,0,0,3225,2803,0,0.0,0.0,0.0,0.0,0.0,0.0,0.0,0.0,0,0,0,0
369,Rio,Ngumoha,Ngumoha,a,,,6.0,110,71,1.2,175,56,0.0,561,236,0,0,0,0,0,562,642,0.0,0.0,2.1,2.1,0.0,561,236,,,544,223,544,223,544,223,544,223,,,,,,,,0.0,0.0,0.0,0.0,0.0,0.0,0.0,0.0,0.0,1,0,0,0,0,0,0,0,0,0,0,0,0,0,0,0,562,642,0,0.0,0.0,0.0,0.0,0.0,0.0,0.0,0.0,0,0,0,0
16,Noni,Madueke,Madueke,a,,,6.5,43,30,0.3,287,95,1.0,124,52,1,0,0,0,0,166,1204,0.2,0.2,2.3,2.3,1.0,124,52,,,558,235,558,235,558,235,558,235,6.0,,,,,,,0.0,0.16,0.16,0.61,0.0,0.0,0.0,0.0,8.18,1,1,22,0,0,0,0,0,0,0,0,0,0,0,0,8,166,1204,0,0.0,0.04,0.04,0.15,0.0,0.0,0.0,0.0,0,0,2,2
17,Mikel,Merino Zazón,Merino,a,,,6.0,64,42,0.7,223,73,1.0,114,45,1,0,0,0,0,415,2251,0.2,0.2,2.1,2.1,1.0,114,45,,,498,194,498,194,498,194,498,194,,,,,,,,0.9,0.13,1.03,0.96,0.0,0.0,0.0,0.0,12.86,1,1,14,0,0,0,0,0,0,0,0,0,0,0,0,5,415,2251,0,0.14,0.02,0.16,0.15,0.0,0.0,0.0,0.0,0,0,2,2
370,Federico,Chiesa,Chiesa,a,,,5.5,144,89,0.1,391,151,0.0,460,175,0,0,0,0,0,133,159,0.0,0.0,2.0,2.0,0.0,460,175,,,409,142,409,142,409,142,409,142,,,,,,,,0.0,0.0,0.0,0.0,0.0,0.0,0.0,0.0,0.0,1,0,0,0,0,0,0,0,0,0,0,0,0,0,0,0,133,159,0,0.0,0.0,0.0,0.0,0.0,0.0,0.0,0.0,0,0,0,0
371,Ryan,Gravenberch,Gravenberch,a,,,6.0,83,53,1.9,125,40,0.0,537,220,0,0,0,0,0,1047,1121,0.0,0.0,2.1,2.1,0.0,537,220,,,517,205,517,205,517,205,517,205,,,,,,,,0.0,0.0,0.0,0.0,0.0,0.0,0.0,0.0,0.0,1,0,0,0,0,0,0,0,0,0,0,0,0,0,0,0,1047,1121,0,0.0,0.0,0.0,0.0,0.0,0.0,0.0,0.0,0,0,0,0
372,Alexis,Mac Allister,Mac Allister,a,,,5.5,150,93,1.7,135,42,0.0,464,178,0,0,0,0,0,1019,944,0.0,0.0,2.0,2.0,0.0,464,178,,,415,146,415,146,415,146,415,146,,,5.0,,,,,0.0,0.0,0.0,0.0,0.0,0.0,0.0,0.0,0.0,1,0,0,0,0,0,0,0,0,0,0,0,0,0,0,0,1019,944,0,0.0,0.0,0.0,0.0,0.0,0.0,0.0,0.0,0,0,0,0
373,Curtis,Jones,C.Jones,d,Hip injury - 75% chance of playing,,5.5,137,84,0.1,478,196,0.0,454,170,0,0,0,0,0,8,210,0.0,0.0,1.5,1.5,0.0,454,170,75.0,75.0,402,137,402,137,402,137,402,137,,,,,,,,0.0,0.0,0.0,0.0,0.0,0.0,0.0,0.0,0.0,1,0,0,0,0,0,0,0,0,0,0,0,0,0,0,0,8,210,0,0.0,0.0,0.0,0.0,0.0,0.0,0.0,0.0,0,0,0,0
374,Endo,Wataru,Endo,a,,,5.0,246,149,0.1,467,189,0.0,313,88,0,0,0,0,0,118,85,0.0,0.0,1.5,1.5,0.0,313,88,100.0,100.0,225,36,225,36,225,36,225,36,,,,,,,,0.0,0.0,0.0,0.0,0.0,0.0,0.0,0.0,0.0,1,0,0,0,0,0,0,0,0,0,0,0,0,0,0,0,118,85,0,0.0,0.0,0.0,0.0,0.0,0.0,0.0,0.0,0,0,0,0
375,Trey,Nyoni,Nyoni,a,,,5.0,379,226,0.0,493,205,0.0,421,152,0,0,0,0,0,30,37,0.0,0.0,1.5,1.5,0.0,421,152,,,358,113,358,113,358,113,358,113,,,,,,,,0.0,0.0,0.0,0.0,0.0,0.0,0.0,0.0,0.0,1,0,0,0,0,0,0,0,0,0,0,0,0,0,0,0,30,37,0,0.0,0.0,0.0,0.0,0.0,0.0,0.0,0.0,0,0,0,0
376,Stefan,Bajčetić Maquieira,Bajcetic,i,Hamstring injury - Expected back 23 Aug,,5.0,361,211,0.0,597,261,0.0,407,141,0,0,0,0,0,1,5,0.0,0.0,0.0,0.0,0.0,407,141,0.0,0.0,340,98,340,98,340,98,340,98,,,,,,,,0.0,0.0,0.0,0.0,0.0,0.0,0.0,0.0,0.0,1,0,0,0,0,0,0,0,0,0,0,0,0,0,0,0,1,5,0,0.0,0.0,0.0,0.0,0.0,0.0,0.0,0.0,0,0,0,0
377,Victor,Munoz,Munoz,a,,,6.5,54,38,0.6,244,80,0.0,579,250,0,0,0,0,0,246,446,0.0,0.0,2.3,2.3,0.0,579,250,,,569,243,569,243,569,243,569,243,,,,,,,,0.0,0.0,0.0,0.0,0.0,0.0,0.0,0.0,0.0,1,0,0,0,0,0,0,0,0,0,0,0,0,0,0,0,246,446,0,0.0,0.0,0.0,0.0,0.0,0.0,0.0,0.0,0,0,0,0
378,James,McConnell,McConnell,a,,,4.5,484,250,0.3,307,105,0.0,250,64,0,0,0,0,0,230,198,0.0,0.0,1.0,1.0,0.0,250,64,,,157,12,157,12,157,12,157,12,,,,,,,,0.0,0.0,0.0,0.0,0.0,0.0,0.0,0.0,0.0,1,0,0,0,0,0,0,0,0,0,0,0,0,0,0,0,230,198,0,0.0,0.0,0.0,0.0,0.0,0.0,0.0,0.0,0,0,0,0
379,Alexander,Isak,Isak,a,,,9.0,5,2,16.9,24,5,0.0,598,71,0,0,0,0,0,3405,2955,0.0,0.0,2.7,2.7,0.0,598,71,,,596,71,596,71,596,71,596,71,,,1.0,,,,,0.0,0.0,0.0,0.0,0.0,0.0,0.0,0.0,0.0,1,0,0,0,0,0,0,0,0,0,0,0,0,0,0,0,3405,2955,0,0.0,0.0,0.0,0.0,0.0,0.0,0.0,0.0,0,0,0,0
380,Hugo,Ekitiké,Ekitiké,i,Achilles injury - Unknown return date,,7.5,21,8,0.2,374,57,0.0,593,68,0,0,0,0,0,108,616,0.0,0.0,0.0,0.0,0.0,593,68,0.0,0.0,587,68,587,68,587,68,587,68,,,,,,,,0.0,0.0,0.0,0.0,0.0,0.0,0.0,0.0,0.0,1,0,0,0,0,0,0,0,0,0,0,0,0,0,0,0,108,616,0,0.0,0.0,0.0,0.0,0.0,0.0,0.0,0.0,0,0,0,0
381,Lewis,Koumas,Koumas,a,,,5.0,355,206,0.0,546,223,0.0,403,137,0,0,0,0,0,8,11,0.0,0.0,1.5,1.5,0.0,403,137,,,334,93,334,93,334,93,334,93,,,,,,,,0.0,0.0,0.0,0.0,0.0,0.0,0.0,0.0,0.0,1,0,0,0,0,0,0,0,0,0,0,0,0,0,0,0,8,11,0,0.0,0.0,0.0,0.0,0.0,0.0,0.0,0.0,0,0,0,0
382,Jayden,Danns,Danns,i,Unspecified injury - Unknown return date,,4.5,488,62,0.0,507,68,0.0,254,15,0,0,0,0,0,37,83,0.0,0.0,0.0,0.0,0.0,254,15,0.0,0.0,161,2,161,2,161,2,161,2,,,,,,,,0.0,0.0,0.0,0.0,0.0,0.0,0.0,0.0,0.0,1,0,0,0,0,0,0,0,0,0,0,0,0,0,0,0,37,83,0,0.0,0.0,0.0,0.0,0.0,0.0,0.0,0.0,0,0,0,0
383,Harvey,Elliott,Elliott,a,,,5.5,166,104,0.1,450,180,0.0,474,184,0,0,0,0,0,54,73,0.0,0.0,2.0,2.0,0.0,474,184,,,431,157,431,157,431,157,431,157,,,,,,,,0.0,0.0,0.0,0.0,0.0,0.0,0.0,0.0,0.0,1,0,0,0,0,0,0,0,0,0,0,0,0,0,0,0,54,73,0,0.0,0.0,0.0,0.0,0.0,0.0,0.0,0.0,0,0,0,0
579,Ronald,Araujo,Araujo,a,,,5.5,167,21,2.6,112,45,0.0,475,182,0,0,0,0,0,6180,1569,0.0,0.0,2.5,2.5,0.0,475,182,,,432,175,432,175,432,175,432,175,,,,,,,,0.0,0.0,0.0,0.0,0.0,0.0,0.0,0.0,0.0,1,0,0,0,0,0,0,0,0,0,0,0,0,0,0,0,6180,1569,0,0.0,0.0,0.0,0.0,0.0,0.0,0.0,0.0,0,0,0,0
238,Jack,Grealish,Grealish,a,,,6.5,32,20,0.2,351,126,0.0,564,238,0,0,0,0,0,155,179,0.0,0.0,2.3,2.3,0.0,564,238,100.0,100.0,547,225,547,225,547,225,547,225,,,,,,,,0.0,0.0,0.0,0.0,0.0,0.0,0.0,0.0,0.0,1,0,0,0,0,0,0,0,0,0,0,0,0,0,0,0,155,179,0,0.0,0.0,0.0,0.0,0.0,0.0,0.0,0.0,0,0,0,0
386,Marcus,Bettinelli,Bettinelli,a,,,4.5,414,30,0.0,522,62,0.0,193,39,0,0,0,0,0,34,25,0.0,0.0,1.9,1.9,0.0,193,39,,,87,29,87,29,87,29,87,29,,,,,,,,0.0,0.0,0.0,0.0,0.0,0.0,0.0,0.0,0.0,1,0,0,0,0,0,0,0,0,0,0,0,0,0,0,0,34,25,0,0.0,0.0,0.0,0.0,0.0,0.0,0.0,0.0,0,0,0,0
37,Victor,Lindelöf,Lindelöf,a,,,4.5,427,93,0.3,295,109,0.0,205,94,0,0,0,0,0,632,129,0.0,0.0,1.7,1.7,0.0,205,94,,,100,65,100,65,100,65,100,65,,,,,,,,0.0,0.0,0.0,0.0,0.0,0.0,0.0,0.0,0.0,1,0,0,0,0,0,0,0,0,0,0,0,0,0,0,0,632,129,0,0.0,0.0,0.0,0.0,0.0,0.0,0.0,0.0,0,0,0,0
387,Nico,O'Reilly,O'Reilly,a,,,6.5,49,4,21.3,16,4,0.0,574,198,0,0,0,0,0,5703,3764,0.0,0.0,3.1,3.1,0.0,574,198,,,564,197,564,197,564,197,564,197,,,,,,,,0.0,0.0,0.0,0.0,0.0,0.0,0.0,0.0,0.0,1,0,0,0,0,0,0,0,0,0,0,0,0,0,0,0,5703,3764,0,0.0,0.0,0.0,0.0,0.0,0.0,0.0,0.0,0,0,0,0
388,Marc,Guéhi,Guéhi,a,,,6.0,69,6,17.1,23,8,0.0,525,191,0,0,0,0,0,4693,3937,0.0,0.0,2.8,2.8,0.0,525,191,,,503,190,503,190,503,190,503,190,,,,,,,,0.0,0.0,0.0,0.0,0.0,0.0,0.0,0.0,0.0,1,0,0,0,0,0,0,0,0,0,0,0,0,0,0,0,4693,3937,0,0.0,0.0,0.0,0.0,0.0,0.0,0.0,0.0,0,0,0,0
389,Matheus,Nunes,Matheus N.,a,,,6.0,90,10,1.5,154,64,0.0,544,195,0,0,0,0,0,520,646,0.0,0.0,2.8,2.8,0.0,544,195,100.0,100.0,524,194,524,194,524,194,524,194,,,5.0,,,,,0.0,0.0,0.0,0.0,0.0,0.0,0.0,0.0,0.0,1,0,0,0,0,0,0,0,0,0,0,0,0,0,0,0,520,646,0,0.0,0.0,0.0,0.0,0.0,0.0,0.0,0.0,0,0,0,0
390,Rúben,dos Santos Gato Alves Dias,Rúben,a,,,5.5,122,11,1.7,136,54,0.0,443,175,0,0,0,0,0,1864,716,0.0,0.0,2.5,2.5,0.0,443,175,,,387,165,387,165,387,165,387,165,,,,,,,,0.0,0.0,0.0,0.0,0.0,0.0,0.0,0.0,0.0,1,0,0,0,0,0,0,0,0,0,0,0,0,0,0,0,1864,716,0,0.0,0.0,0.0,0.0,0.0,0.0,0.0,0.0,0,0,0,0
391,Joško,Gvardiol,Gvardiol,a,,,5.5,183,26,11.1,35,12,0.0,486,185,0,0,0,0,0,7993,2306,0.0,0.0,2.5,2.5,0.0,486,185,,,448,180,448,180,448,180,448,180,,,,,,,,0.0,0.0,0.0,0.0,0.0,0.0,0.0,0.0,0.0,1,0,0,0,0,0,0,0,0,0,0,0,0,0,0,0,7993,2306,0,0.0,0.0,0.0,0.0,0.0,0.0,0.0,0.0,0,0,0,0
392,Rayan,Aït-Nouri,Aït-Nouri,a,,,5.5,170,23,0.9,197,74,0.0,477,183,0,0,0,0,0,748,528,0.0,0.0,2.5,2.5,0.0,477,183,,,435,177,435,177,435,177,435,177,,,,,,,,0.0,0.0,0.0,0.0,0.0,0.0,0.0,0.0,0.0,1,0,0,0,0,0,0,0,0,0,0,0,0,0,0,0,748,528,0,0.0,0.0,0.0,0.0,0.0,0.0,0.0,0.0,0,0,0,0
393,Abdukodir,Khusanov,Khusanov,a,,,5.5,217,33,1.7,137,55,0.0,510,189,0,0,0,0,0,1005,927,0.0,0.0,2.5,2.5,0.0,510,189,,,482,187,482,187,482,187,482,187,,,,,,,,0.0,0.0,0.0,0.0,0.0,0.0,0.0,0.0,0.0,1,0,0,0,0,0,0,0,0,0,0,0,0,0,0,0,1005,927,0,0.0,0.0,0.0,0.0,0.0,0.0,0.0,0.0,0,0,0,0
394,Max,Alleyne,Alleyne,u,Has joined Burnley on loan for the rest of the season,,5.0,339,69,0.0,572,195,0.0,390,167,0,0,0,0,0,0,73,0.0,0.0,0.0,0.0,0.0,390,167,0.0,0.0,318,155,318,155,318,155,318,155,,,,,,,,0.0,0.0,0.0,0.0,0.0,0.0,0.0,0.0,0.0,1,0,0,0,0,0,0,0,0,0,0,0,0,0,0,0,0,73,0,0.0,0.0,0.0,0.0,0.0,0.0,0.0,0.0,0,0,0,0
395,Rico,Lewis,Lewis,a,,,4.5,476,128,0.2,336,128,0.0,243,122,0,0,0,0,0,393,164,0.0,0.0,1.7,1.7,0.0,243,122,,,149,100,149,100,149,100,149,100,,,,,,,,0.0,0.0,0.0,0.0,0.0,0.0,0.0,0.0,0.0,1,0,0,0,0,0,0,0,0,0,0,0,0,0,0,0,393,164,0,0.0,0.0,0.0,0.0,0.0,0.0,0.0,0.0,0,0,0,0
396,Vitor,de Oliveira Nunes dos Reis,Vitor Reis,a,,,4.5,524,147,0.0,538,184,0.0,287,137,0,0,0,0,0,25,13,0.0,0.0,1.7,1.7,0.0,287,137,,,197,119,197,119,197,119,197,119,,,,,,,,0.0,0.0,0.0,0.0,0.0,0.0,0.0,0.0,0.0,1,0,0,0,0,0,0,0,0,0,0,0,0,0,0,0,25,13,0,0.0,0.0,0.0,0.0,0.0,0.0,0.0,0.0,0,0,0,0
397,Antoine,Semenyo,Semenyo,a,,,8.5,6,4,26.2,10,4,0.0,597,262,0,0,0,0,0,3797,3915,0.0,0.0,2.9,2.9,0.0,597,262,,,595,260,595,260,595,260,595,260,,,3.0,,,,,0.0,0.0,0.0,0.0,0.0,0.0,0.0,0.0,0.0,1,0,0,0,0,0,0,0,0,0,0,0,0,0,0,0,3797,3915,0,0.0,0.0,0.0,0.0,0.0,0.0,0.0,0.0,0,0,0,0
398,Phil,Foden,Foden,a,,,7.0,25,16,4.4,74,23,0.0,582,253,0,0,0,0,0,1672,1446,0.0,0.0,2.5,2.5,0.0,582,253,,,573,247,573,247,573,247,573,247,3.0,3.0,,,,,,0.0,0.0,0.0,0.0,0.0,0.0,0.0,0.0,0.0,1,0,0,0,0,0,0,0,0,0,0,0,0,0,0,0,1672,1446,0,0.0,0.0,0.0,0.0,0.0,0.0,0.0,0.0,0,0,0,0
399,Rayan,Cherki,Cherki,a,,,7.5,18,11,7.9,55,19,0.0,590,259,0,0,0,0,0,3284,3273,0.0,0.0,2.6,2.6,0.0,590,259,,,584,254,584,254,584,254,584,254,1.0,1.0,,,,,,0.0,0.0,0.0,0.0,0.0,0.0,0.0,0.0,0.0,1,0,0,0,0,0,0,0,0,0,0,0,0,0,0,0,3284,3273,0,0.0,0.0,0.0,0.0,0.0,0.0,0.0,0.0,0,0,0,0
400,Jérémy,Doku,Doku,i,Calf injury - Expected back 5 Sep,,7.5,17,10,2.0,124,39,0.0,589,258,0,0,0,0,0,88,11163,0.0,0.0,0.0,0.0,0.0,589,258,0.0,0.0,583,253,583,253,583,253,583,253,,,4.0,,,,,0.0,0.0,0.0,0.0,0.0,0.0,0.0,0.0,0.0,1,0,0,0,0,0,0,0,0,0,0,0,0,0,0,0,88,11163,0,0.0,0.0,0.0,0.0,0.0,0.0,0.0,0.0,0,0,0,0
401,Omar,Marmoush,Marmoush,a,,,7.0,28,9,1.0,194,29,0.0,585,65,0,0,0,0,0,1261,953,0.0,0.0,2.2,2.2,0.0,585,65,,,576,63,576,63,576,63,576,63,,2.0,2.0,,,,,0.0,0.0,0.0,0.0,0.0,0.0,0.0,0.0,0.0,1,0,0,0,0,0,0,0,0,0,0,0,0,0,0,0,1261,953,0,0.0,0.0,0.0,0.0,0.0,0.0,0.0,0.0,0,0,0,0
402,Rodrigo 'Rodri',Hernandez Cascante,Rodrigo,u,Has joined Barcelona permanently,,6.5,38,26,0.0,534,221,0.0,567,241,0,0,0,0,0,0,209,0.0,0.0,0.0,0.0,0.0,567,241,0.0,0.0,553,231,553,231,553,231,553,231,,,,,,,,0.0,0.0,0.0,0.0,0.0,0.0,0.0,0.0,0.0,1,0,0,0,0,0,0,0,0,0,0,0,0,0,0,0,0,209,0,0.0,0.0,0.0,0.0,0.0,0.0,0.0,0.0,0,0,0,0
403,Sávio,Moreira de Oliveira,Savinho,a,,,6.5,51,36,0.3,302,101,0.0,576,248,0,0,0,0,0,528,250,0.0,0.0,2.3,2.3,0.0,576,248,,,566,241,566,241,566,241,566,241,,,,,,,,0.0,0.0,0.0,0.0,0.0,0.0,0.0,0.0,0.0,1,0,0,0,0,0,0,0,0,0,0,0,0,0,0,0,528,250,0,0.0,0.0,0.0,0.0,0.0,0.0,0.0,0.0,0,0,0,0
404,Tijjani,Reijnders,Reijnders,u,Has joined Al Qadsiah permanently,,6.0,78,50,0.1,415,164,0.0,534,218,0,0,0,0,0,0,1527,0.0,0.0,0.0,0.0,0.0,534,218,0.0,0.0,512,202,512,202,512,202,512,202,,,,,,,,0.0,0.0,0.0,0.0,0.0,0.0,0.0,0.0,0.0,1,0,0,0,0,0,0,0,0,0,0,0,0,0,0,0,0,1527,0,0.0,0.0,0.0,0.0,0.0,0.0,0.0,0.0,0,0,0,0
405,Nico,González Iglesias,N.Gonzalez,a,,,5.5,177,107,0.1,390,150,0.0,483,186,0,0,0,0,0,35,98,0.0,0.0,2.0,2.0,0.0,483,186,,,442,160,442,160,442,160,442,160,,,,,,,,0.0,0.0,0.0,0.0,0.0,0.0,0.0,0.0,0.0,1,0,0,0,0,0,0,0,0,0,0,0,0,0,0,0,35,98,0,0.0,0.0,0.0,0.0,0.0,0.0,0.0,0.0,0,0,0,0
24,Reiss,Nelson,Nelson,a,,,5.5,132,82,0.0,578,246,0.0,450,168,0,0,0,0,0,11,24,0.0,0.0,2.0,2.0,0.0,450,168,,,397,135,397,135,397,135,397,135,,,,,,,,0.0,0.0,0.0,0.0,0.0,0.0,0.0,0.0,0.0,1,0,0,0,0,0,0,0,0,0,0,0,0,0,0,0,11,24,0,0.0,0.0,0.0,0.0,0.0,0.0,0.0,0.0,0,0,0,0
33,Tyrone,Mings,Mings,a,,,4.5,417,86,0.4,275,102,0.0,196,88,0,0,0,0,0,1179,160,0.0,0.0,1.7,1.7,0.0,196,88,,,90,58,90,58,90,58,90,58,,,,,,,,0.0,0.0,0.0,0.0,0.0,0.0,0.0,0.0,0.0,1,0,0,0,0,0,0,0,0,0,0,0,0,0,0,0,1179,160,0,0.0,0.0,0.0,0.0,0.0,0.0,0.0,0.0,0,0,0,0
406,Mateo,Kovačić,Kovačić,a,,,5.5,115,75,0.1,448,179,0.0,438,163,0,0,0,0,0,109,83,0.0,0.0,2.0,2.0,0.0,438,163,,,380,128,380,128,380,128,380,128,,,,,,,,0.0,0.0,0.0,0.0,0.0,0.0,0.0,0.0,0.0,1,0,0,0,0,0,0,0,0,0,0,0,0,0,0,0,109,83,0,0.0,0.0,0.0,0.0,0.0,0.0,0.0,0.0,0,0,0,0
407,Claudio,Echeverri,Echeverri,a,,,5.0,376,223,0.0,548,225,0.0,420,151,0,0,0,0,0,22,19,0.0,0.0,1.5,1.5,0.0,420,151,,,355,110,355,110,355,110,355,110,,,,,,,,0.0,0.0,0.0,0.0,0.0,0.0,0.0,0.0,0.0,1,0,0,0,0,0,0,0,0,0,0,0,0,0,0,0,22,19,0,0.0,0.0,0.0,0.0,0.0,0.0,0.0,0.0,0,0,0,0
408,Kalvin,Phillips,Phillips,u,Has joined Sheffield United on loan for the rest of the season,,5.0,243,146,0.0,574,242,0.0,310,85,0,0,0,0,0,0,70,0.0,0.0,0.0,0.0,0.0,310,85,0.0,0.0,222,33,222,33,222,33,222,33,,,,,,,,0.0,0.0,0.0,0.0,0.0,0.0,0.0,0.0,0.0,1,0,0,0,0,0,0,0,0,0,0,0,0,0,0,0,0,70,0,0.0,0.0,0.0,0.0,0.0,0.0,0.0,0.0,0,0,0,0
409,Divine,Mukasa,Mukasa,a,,,4.5,517,258,0.2,354,127,0.0,281,72,0,0,0,0,0,290,193,0.0,0.0,1.0,1.0,0.0,281,72,,,190,20,190,20,190,20,190,20,,,,,,,,0.0,0.0,0.0,0.0,0.0,0.0,0.0,0.0,0.0,1,0,0,0,0,0,0,0,0,0,0,0,0,0,0,0,290,193,0,0.0,0.0,0.0,0.0,0.0,0.0,0.0,0.0,0,0,0,0
410,Jeremy,Monga,Monga,a,,,5.0,391,234,0.0,552,228,0.0,431,158,0,0,0,0,0,24,26,0.0,0.0,1.5,1.5,0.0,431,158,,,370,121,370,121,370,121,370,121,,,,,,,,0.0,0.0,0.0,0.0,0.0,0.0,0.0,0.0,0.0,1,0,0,0,0,0,0,0,0,0,0,0,0,0,0,0,24,26,0,0.0,0.0,0.0,0.0,0.0,0.0,0.0,0.0,0,0,0,0
411,Erling,Haaland,Haaland,a,,,15.5,1,1,69.2,1,1,0.0,600,72,0,0,0,0,0,4388,2206,0.0,0.0,4.0,4.0,0.0,600,72,,,600,72,600,72,600,72,600,72,,,1.0,,,,,0.0,0.0,0.0,0.0,0.0,0.0,0.0,0.0,0.0,1,0,0,0,0,0,0,0,0,0,0,0,0,0,0,0,4388,2206,0,0.0,0.0,0.0,0.0,0.0,0.0,0.0,0.0,0,0,0,0
481,Elliot,Anderson,Anderson,a,,,6.5,36,24,7.9,54,18,0.0,566,240,0,0,0,0,0,2078,4253,0.0,0.0,2.3,2.3,0.0,566,240,,,551,229,551,229,551,229,551,229,2.0,,,,,,,0.0,0.0,0.0,0.0,0.0,0.0,0.0,0.0,0.0,1,0,0,0,0,0,0,0,0,0,0,0,0,0,0,0,2078,4253,0,0.0,0.0,0.0,0.0,0.0,0.0,0.0,0.0,0,0,0,0
587,Gerónimo,Rulli,Rulli,a,,,5.0,234,8,0.0,542,64,0.0,301,56,0,0,0,0,0,18,16,0.0,0.0,2.6,2.6,0.0,301,56,,,213,50,213,50,213,50,213,50,,,,,,,,0.0,0.0,0.0,0.0,0.0,0.0,0.0,0.0,0.0,1,0,0,0,0,0,0,0,0,0,0,0,0,0,0,0,18,16,0,0.0,0.0,0.0,0.0,0.0,0.0,0.0,0.0,0,0,0,0
43,Youri,Tielemans,Tielemans,a,,,6.0,62,41,2.6,111,36,2.0,30,14,2,0,0,0,0,2892,1722,0.3,0.3,2.1,2.1,2.0,30,14,100.0,100.0,496,193,496,193,496,193,496,193,,,3.0,,,,,0.05,0.15,0.2,1.61,0.0,0.0,2.73,1.36,6.82,1,2,66,0,0,0,2,0,0,0,0,0,0,1,0,13,2892,1722,0,0.04,0.11,0.15,1.18,0.0,0.0,0.0,0.0,0,0,5,5
162,Andrey,Nascimento dos Santos,Andrey Santos,a,,,5.0,358,208,1.1,186,62,2.0,28,12,2,0,0,0,0,1493,985,0.4,0.4,1.5,1.5,2.0,28,12,,,337,95,337,95,337,95,337,95,,,,,,,,0.0,0.31,0.31,1.61,0.0,0.0,2.73,1.36,12.27,1,2,66,0,0,0,2,0,0,0,0,0,0,1,0,17,1493,985,0,0.0,0.23,0.23,1.18,0.0,0.0,0.0,0.0,1,3,5,9
325,Karl,Darlow,Darlow,a,,,4.5,399,22,0.0,509,57,0.0,181,31,0,0,0,0,0,15,31,0.0,0.0,1.9,1.4,0.0,181,31,100.0,75.0,72,21,72,21,72,21,72,21,,,,,,,,0.0,0.0,0.0,0.0,0.0,0.0,0.0,0.0,0.0,1,0,0,0,0,0,0,0,0,0,0,0,0,0,0,0,15,31,0,0.0,0.0,0.0,0.0,0.0,0.0,0.0,0.0,0,0,0,0
412,Senne,Lammens,Lammens,a,,,5.0,316,18,16.7,25,5,1.0,74,8,1,0,0,0,0,3867,5337,0.2,0.2,2.6,2.6,1.0,74,8,,,295,60,295,60,295,60,295,60,,,,,,,,0.0,0.0,0.0,1.26,2.0,0.0,2.0,1.0,0.0,1,1,90,0,0,0,2,0,0,0,0,0,2,1,0,6,3867,5337,0,0.0,0.0,0.0,1.26,0.0,0.0,0.0,0.0,0,2,8,0
413,Altay,Bayındır,Bayindir,u,Has joined Celta Vigo on loan for the rest of the season,,4.5,464,37,0.0,531,63,0.0,233,45,0,0,0,0,0,0,132,0.0,0.0,0.0,0.0,0.0,233,45,0.0,0.0,137,36,137,36,137,36,137,36,,,,,,,,0.0,0.0,0.0,0.0,0.0,0.0,0.0,0.0,0.0,1,0,0,0,0,0,0,0,0,0,0,0,0,0,0,0,0,132,0,0.0,0.0,0.0,0.0,0.0,0.0,0.0,0.0,0,0,0,0
414,Tom,Heaton,Heaton,i,Hamstring injury - Unknown return date,,4.0,531,48,0.1,423,47,0.0,128,11,0,0,0,0,0,27,178,0.0,0.0,0.0,0.0,0.0,128,11,0.0,0.0,1,1,1,1,1,1,1,1,,,,,,,,0.0,0.0,0.0,0.0,0.0,0.0,0.0,0.0,0.0,1,0,0,0,0,0,0,0,0,0,0,0,0,0,0,0,27,178,0,0.0,0.0,0.0,0.0,0.0,0.0,0.0,0.0,0,0,0,0
415,Patrick,Dorgu,Dorgu,a,,,6.0,108,69,1.4,163,51,0.0,559,234,0,0,0,0,0,1299,1507,0.0,0.0,2.1,2.1,0.0,559,234,,,542,221,542,221,542,221,542,221,,,,,,,,0.94,0.06,1.0,2.32,0.0,0.0,4.0,2.0,0.0,1,0,45,0,0,0,2,0,0,0,1,0,0,1,0,-11,1299,1507,0,0.47,0.03,0.5,1.16,0.0,0.0,0.0,0.0,0,0,0,0
416,Matthijs,de Ligt,De Ligt,i,Back injury - Unknown return date,,5.0,263,43,0.0,526,177,0.0,328,146,0,0,0,0,0,35,94,0.0,0.0,0.0,0.0,0.0,328,146,0.0,0.0,242,129,242,129,242,129,242,129,,,,,,,,0.0,0.0,0.0,0.0,0.0,0.0,0.0,0.0,0.0,1,0,0,0,0,0,0,0,0,0,0,0,0,0,0,0,35,94,0,0.0,0.0,0.0,0.0,0.0,0.0,0.0,0.0,0,0,0,0
417,Diogo,Dalot Teixeira,Dalot,a,,,5.0,271,46,2.8,109,44,1.0,69,39,1,0,0,0,0,2259,2465,0.2,0.2,2.2,2.2,1.0,69,39,,,250,132,250,132,250,132,250,132,,,,,,,,0.0,0.0,0.0,0.0,0.0,0.0,0.0,0.0,27.0,1,1,10,0,0,0,0,0,0,0,0,0,0,0,0,6,2259,2465,0,0.0,0.0,0.0,0.0,0.0,0.0,0.0,0.0,2,1,1,3
418,Harry,Maguire,Maguire,a,,,5.0,230,36,18.4,20,7,1.0,63,37,1,0,0,0,0,9260,4569,0.2,0.2,2.2,2.2,1.0,63,37,,,209,122,209,122,209,122,209,122,,,,,,,,0.04,0.4,0.44,1.26,0.0,0.0,2.0,1.0,4.0,1,1,90,0,0,0,2,0,0,0,0,0,0,1,0,15,9260,4569,0,0.04,0.4,0.44,1.26,0.0,0.0,0.0,0.0,0,4,5,4
419,Lisandro,Martínez,Martinez,a,,,5.0,277,49,1.4,161,67,0.0,336,150,0,0,0,0,0,2471,1554,0.0,0.0,2.2,2.2,0.0,336,150,100.0,100.0,256,135,256,135,256,135,256,135,,,,,,,,0.0,0.0,0.0,0.0,0.0,0.0,0.0,0.0,0.0,1,0,0,0,0,0,0,0,0,0,0,0,0,0,0,0,2471,1554,0,0.0,0.0,0.0,0.0,0.0,0.0,0.0,0.0,0,0,0,0
420,Leny,Yoro,Yoro,a,,,5.0,370,73,0.7,218,84,0.0,414,170,0,0,0,0,0,561,891,0.0,0.0,2.2,2.2,0.0,414,170,,,349,159,349,159,349,159,349,159,,,,,,,,0.0,0.0,0.0,0.0,0.0,0.0,0.0,0.0,0.0,1,0,0,0,0,0,0,0,0,0,0,0,0,0,0,0,561,891,0,0.0,0.0,0.0,0.0,0.0,0.0,0.0,0.0,0,0,0,0
421,Ayden,Heaven,Heaven,a,,,4.5,522,145,0.4,273,101,1.0,61,36,1,0,0,0,0,629,313,0.2,0.2,1.7,1.7,1.0,61,36,,,195,117,195,117,195,117,195,117,,,,,,,,0.12,0.04,0.16,1.26,0.0,0.0,2.0,1.0,2.0,1,1,90,0,0,0,2,0,0,0,0,0,0,1,0,5,629,313,0,0.12,0.04,0.16,1.26,0.0,0.0,0.0,0.0,1,1,4,2
422,Noussair,Mazraoui,Mazraoui,a,,,4.5,444,107,0.7,230,88,1.0,53,30,1,0,0,0,0,1079,476,0.2,0.2,1.7,1.7,1.0,53,30,,,117,79,117,79,117,79,117,79,,,,,,,,0.26,0.06,0.32,1.44,0.0,0.0,2.28,1.14,5.7,1,1,79,0,0,0,2,0,0,0,0,0,0,1,0,8,1079,476,0,0.23,0.05,0.28,1.26,0.0,0.0,0.0,0.0,1,4,3,5
423,Luke,Shaw,Shaw,a,,,4.5,408,83,21.5,15,3,1.0,47,24,1,0,0,0,0,8775,4939,0.2,0.2,1.7,1.7,1.0,47,24,,,81,55,81,55,81,55,81,55,3.0,,,,,,,0.0,0.26,0.26,1.26,0.0,0.0,2.0,1.0,4.0,1,1,90,0,0,0,2,0,0,0,0,0,0,1,0,11,8775,4939,0,0.0,0.26,0.26,1.26,0.0,0.0,0.0,0.0,1,3,3,4
424,Harry,Amass,Amass,a,,,4.0,591,190,0.2,345,132,0.0,172,76,0,0,0,0,0,197,197,0.0,0.0,1.0,1.0,0.0,172,76,,,61,42,61,42,61,42,61,42,,,,,,,,0.0,0.0,0.0,0.0,0.0,0.0,0.0,0.0,0.0,1,0,0,0,0,0,0,0,0,0,0,0,0,0,0,0,197,197,0,0.0,0.0,0.0,0.0,0.0,0.0,0.0,0.0,0,0,0,0
425,Tyler,Fredricson,Fredricson,u,Has joined Lausanne-Sport permanently,,4.0,586,185,0.0,528,179,0.0,167,71,0,0,0,0,0,0,162,0.0,0.0,0.0,0.0,0.0,167,71,0.0,0.0,56,37,56,37,56,37,56,37,,,,,,,,0.0,0.0,0.0,0.0,0.0,0.0,0.0,0.0,0.0,1,0,0,0,0,0,0,0,0,0,0,0,0,0,0,0,0,162,0,0.0,0.0,0.0,0.0,0.0,0.0,0.0,0.0,0,0,0,0
426,Bruno,Borges Fernandes,B.Fernandes,a,,,12.0,2,1,51.7,3,1,2.0,33,17,2,0,0,0,0,3974,5989,0.2,0.2,4.0,4.0,2.0,33,17,,,599,263,599,263,599,263,599,263,1.0,1.0,1.0,,,,,0.07,0.26,0.33,1.26,0.0,0.0,2.0,1.0,6.0,1,2,90,0,0,0,2,0,0,0,0,0,0,1,0,18,3974,5989,0,0.07,0.26,0.33,1.26,0.0,0.0,0.0,0.0,0,1,5,6
427,Bryan,Mbeumo,Mbeumo,a,,,8.0,11,7,38.7,6,3,2.0,32,16,2,0,0,0,0,7115,6280,0.2,0.2,2.8,2.8,2.0,32,16,,,593,259,593,259,593,259,593,259,2.0,2.0,2.0,,,,,0.5,0.23,0.73,1.26,0.0,0.0,2.0,1.0,4.0,1,2,90,0,0,0,2,0,0,0,0,0,0,1,0,12,7115,6280,0,0.5,0.23,0.73,1.26,0.0,0.0,0.0,0.0,0,0,4,4
428,Matheus,Santos Carneiro da Cunha,Cunha,a,,,8.0,10,6,10.2,40,15,2.0,31,15,2,0,0,0,0,3181,4083,0.2,0.2,2.8,2.8,2.0,31,15,,,592,258,592,258,592,258,592,258,,,,,,,,0.27,0.24,0.51,1.44,0.0,0.0,2.28,1.14,3.42,1,2,79,0,0,0,2,0,0,0,0,0,0,1,0,14,3181,4083,0,0.24,0.21,0.45,1.26,0.0,0.0,0.0,0.0,0,0,3,3
429,Marcus,Rashford,Rashford,a,,,7.0,23,14,1.6,150,45,1.0,125,53,1,0,0,0,0,2080,1475,0.1,0.1,2.5,2.5,1.0,125,53,,,571,245,571,245,571,245,571,245,,,,,,,,0.0,0.2,0.2,0.2,0.0,0.0,0.0,0.0,2.0,1,1,45,0,0,0,0,0,0,0,0,0,0,0,0,9,2080,1475,0,0.0,0.1,0.1,0.1,0.0,0.0,0.0,0.0,0,0,1,1
430,Mason,Mount,Mount,d,Foot injury - 50% chance of playing,,5.5,128,79,0.0,513,214,0.0,449,167,0,0,0,0,0,7,111,0.0,0.0,1.0,1.0,0.0,449,167,50.0,50.0,393,132,393,132,393,132,393,132,,3.0,,,,,,0.0,0.0,0.0,0.0,0.0,0.0,0.0,0.0,0.0,1,0,0,0,0,0,0,0,0,0,0,0,0,0,0,0,7,111,0,0.0,0.0,0.0,0.0,0.0,0.0,0.0,0.0,0,0,0,0
431,Amad,Diallo,Amad,d,Unspecified injury - 75% chance of playing,,6.0,96,61,1.6,145,43,0.0,547,226,0,0,0,0,0,1141,3543,0.0,0.0,1.6,2.1,0.0,547,226,75.0,,530,213,530,213,530,213,530,213,4.0,,,,,,,0.0,0.0,0.0,0.0,0.0,0.0,0.0,0.0,0.0,1,0,0,0,0,0,0,0,0,0,0,0,0,0,0,0,1141,3543,0,0.0,0.0,0.0,0.0,0.0,0.0,0.0,0.0,0,0,0,0
432,Kobbie,Mainoo,Mainoo,a,,,5.5,201,125,1.0,190,63,1.0,106,42,1,0,0,0,0,587,1247,0.2,0.2,2.0,2.0,1.0,106,42,,,466,178,466,178,466,178,466,178,,,,,,,,0.27,0.04,0.31,0.31,0.0,0.0,0.0,0.0,3.91,1,1,23,0,0,0,0,0,0,0,0,0,0,0,0,7,587,1247,0,0.07,0.01,0.08,0.08,0.0,0.0,0.0,0.0,0,0,1,1
433,Manuel,Ugarte Ribeiro,Ugarte,i,Knee injury - Unknown return date,,5.0,285,169,0.0,592,258,0.0,342,104,0,0,0,0,0,7,26,0.0,0.0,0.0,0.0,0.0,342,104,0.0,0.0,264,56,264,56,264,56,264,56,,,,,,,,0.0,0.0,0.0,0.0,0.0,0.0,0.0,0.0,0.0,1,0,0,0,0,0,0,0,0,0,0,0,0,0,0,0,7,26,0,0.0,0.0,0.0,0.0,0.0,0.0,0.0,0.0,0,0,0,0
434,Jack,Fletcher,J.Fletcher,a,,,5.0,367,217,0.0,567,239,0.0,411,145,0,0,0,0,0,14,13,0.0,0.0,1.5,1.5,0.0,411,145,,,346,104,346,104,346,104,346,104,,,,,,,,0.0,0.0,0.0,0.0,0.0,0.0,0.0,0.0,0.0,1,0,0,0,0,0,0,0,0,0,0,0,0,0,0,0,14,13,0,0.0,0.0,0.0,0.0,0.0,0.0,0.0,0.0,0,0,0,0
435,Shea,Lacey,Lacey,a,,,5.0,377,224,0.0,486,201,1.0,81,25,1,0,0,0,0,31,54,0.2,0.2,1.5,1.5,1.0,81,25,,,356,111,356,111,356,111,356,111,,,,,,,,0.0,0.0,0.0,0.0,0.0,0.0,0.0,0.0,9.0,1,1,10,0,0,0,0,0,0,0,0,0,0,0,0,3,31,54,0,0.0,0.0,0.0,0.0,0.0,0.0,0.0,0.0,0,0,1,1
436,Toby,Collyer,Collyer,a,,,5.0,335,195,0.0,550,226,0.0,386,128,0,0,0,0,0,10,27,0.0,0.0,1.5,1.5,0.0,386,128,,,314,82,314,82,314,82,314,82,,,,,,,,0.0,0.0,0.0,0.0,0.0,0.0,0.0,0.0,0.0,1,0,0,0,0,0,0,0,0,0,0,0,0,0,0,0,10,27,0,0.0,0.0,0.0,0.0,0.0,0.0,0.0,0.0,0,0,0,0
437,Bendito,Mantato,Bendito Mantato,a,,,4.5,513,256,0.2,361,130,0.0,277,70,0,0,0,0,0,277,230,0.0,0.0,1.0,1.0,0.0,277,70,,,186,18,186,18,186,18,186,18,,,,,,,,0.0,0.0,0.0,0.0,0.0,0.0,0.0,0.0,0.0,1,0,0,0,0,0,0,0,0,0,0,0,0,0,0,0,277,230,0,0.0,0.0,0.0,0.0,0.0,0.0,0.0,0.0,0,0,0,0
438,Tyler,Fletcher,Fletcher,a,,,4.5,496,253,0.4,280,94,0.0,261,67,0,0,0,0,0,367,381,0.0,0.0,1.0,1.0,0.0,261,67,,,169,15,169,15,169,15,169,15,,,,,,,,0.0,0.0,0.0,0.0,0.0,0.0,0.0,0.0,0.0,1,0,0,0,0,0,0,0,0,0,0,0,0,0,0,0,367,381,0,0.0,0.0,0.0,0.0,0.0,0.0,0.0,0.0,0,0,0,0
439,Benjamin,Sesko,Šeško,a,,,7.0,30,10,1.3,167,23,1.0,126,13,1,0,0,0,0,1346,1393,0.1,0.1,2.2,1.7,1.0,126,13,100.0,75.0,578,64,578,64,578,64,578,64,,,,,,,,0.16,0.0,0.16,0.31,0.0,0.0,0.0,0.0,0.0,1,1,23,0,0,0,0,0,0,0,0,0,0,0,0,2,1346,1393,0,0.04,0.0,0.04,0.08,0.0,0.0,0.0,0.0,0,0,0,0
440,Joshua,Zirkzee,Zirkzee,a,,,5.5,172,39,0.6,234,37,0.0,478,43,0,0,0,0,0,622,945,0.0,0.0,1.8,1.8,0.0,478,43,,,437,35,437,35,437,35,437,35,,,,,,,,0.0,0.0,0.0,0.0,0.0,0.0,0.0,0.0,0.0,1,0,0,0,0,0,0,0,0,0,0,0,0,0,0,0,622,945,0,0.0,0.0,0.0,0.0,0.0,0.0,0.0,0.0,0,0,0,0
441,Chido,Obi,Obi,a,,,4.5,519,70,1.2,180,27,0.0,283,23,0,0,0,0,0,799,1039,0.0,0.0,1.0,1.0,0.0,283,23,,,192,10,192,10,192,10,192,10,,,,,,,,0.0,0.0,0.0,0.0,0.0,0.0,0.0,0.0,0.0,1,0,0,0,0,0,0,0,0,0,0,0,0,0,0,0,799,1039,0,0.0,0.0,0.0,0.0,0.0,0.0,0.0,0.0,0,0,0,0
442,Nick,Pope,Pope,a,,,5.0,231,6,1.3,168,24,0.0,298,54,0,0,0,0,0,271,478,0.0,0.0,2.6,2.6,0.0,298,54,,,210,48,210,48,210,48,210,48,,,,,,,,0.0,0.0,0.0,0.0,0.0,0.0,0.0,0.0,0.0,1,0,0,0,0,0,0,0,0,0,0,0,0,0,0,0,271,478,0,0.0,0.0,0.0,0.0,0.0,0.0,0.0,0.0,0,0,0,0
443,Mark,Gillespie,Gillespie,a,,,4.5,402,25,0.0,512,58,0.0,184,34,0,0,0,0,0,20,19,0.0,0.0,1.9,1.9,0.0,184,34,,,75,24,75,24,75,24,75,24,,,,,,,,0.0,0.0,0.0,0.0,0.0,0.0,0.0,0.0,0.0,1,0,0,0,0,0,0,0,0,0,0,0,0,0,0,0,20,19,0,0.0,0.0,0.0,0.0,0.0,0.0,0.0,0.0,0,0,0,0
444,Ewen,Jaouen,Jaouen,a,,,4.5,505,47,0.0,519,61,0.0,270,53,0,0,0,0,0,17,21,0.0,0.0,1.9,1.9,0.0,270,53,,,178,46,178,46,178,46,178,46,,,,,,,,0.0,0.0,0.0,0.0,0.0,0.0,0.0,0.0,0.0,1,0,0,0,0,0,0,0,0,0,0,0,0,0,0,0,17,21,0,0.0,0.0,0.0,0.0,0.0,0.0,0.0,0.0,0,0,0,0
445,Malick,Thiaw,Thiaw,a,,,5.0,317,60,1.6,142,59,0.0,369,158,0,0,0,0,0,743,506,0.0,0.0,2.2,2.2,0.0,369,158,,,296,146,296,146,296,146,296,146,,,,,,,,0.0,0.0,0.0,0.0,0.0,0.0,0.0,0.0,0.0,1,0,0,0,0,0,0,0,0,0,0,0,0,0,0,0,743,506,0,0.0,0.0,0.0,0.0,0.0,0.0,0.0,0.0,0,0,0,0
446,Fabian,Schär,Schär,a,,,5.0,237,38,0.2,323,121,0.0,304,141,0,0,0,0,0,261,71,0.0,0.0,2.2,2.2,0.0,304,141,100.0,100.0,216,124,216,124,216,124,216,124,,2.0,,,,,,0.0,0.0,0.0,0.0,0.0,0.0,0.0,0.0,0.0,1,0,0,0,0,0,0,0,0,0,0,0,0,0,0,0,261,71,0,0.0,0.0,0.0,0.0,0.0,0.0,0.0,0.0,0,0,0,0
447,Sven,Botman,Botman,a,,,5.0,274,47,0.4,270,100,0.0,333,148,0,0,0,0,0,664,259,0.0,0.0,2.2,2.2,0.0,333,148,,,253,133,253,133,253,133,253,133,,,,,,,,0.0,0.0,0.0,0.0,0.0,0.0,0.0,0.0,0.0,1,0,0,0,0,0,0,0,0,0,0,0,0,0,0,0,664,259,0,0.0,0.0,0.0,0.0,0.0,0.0,0.0,0.0,0,0,0,0
448,Dan,Burn,Burn,a,,,5.0,227,35,2.5,113,46,0.0,296,139,0,0,0,0,0,2931,1072,0.0,0.0,2.2,2.2,0.0,296,139,,,206,121,206,121,206,121,206,121,,,,,,,,0.0,0.0,0.0,0.0,0.0,0.0,0.0,0.0,0.0,1,0,0,0,0,0,0,0,0,0,0,0,0,0,0,0,2931,1072,0,0.0,0.0,0.0,0.0,0.0,0.0,0.0,0.0,0,0,0,0
449,Lewis,Hall,Hall,a,,,5.0,330,66,3.6,88,35,0.0,381,164,0,0,0,0,0,3270,1004,0.0,0.0,2.2,2.2,0.0,381,164,,,309,152,309,152,309,152,309,152,1.0,1.0,,,,,,0.0,0.0,0.0,0.0,0.0,0.0,0.0,0.0,0.0,1,0,0,0,0,0,0,0,0,0,0,0,0,0,0,0,3270,1004,0,0.0,0.0,0.0,0.0,0.0,0.0,0.0,0.0,0,0,0,0
450,Tino,Livramento,Livramento,i,Calf injury - Unknown return date,,5.0,303,55,0.0,487,168,0.0,356,153,0,0,0,0,0,12,202,0.0,0.0,0.0,0.0,0.0,356,153,0.0,0.0,282,141,282,141,282,141,282,141,,,,,,,,0.0,0.0,0.0,0.0,0.0,0.0,0.0,0.0,0.0,1,0,0,0,0,0,0,0,0,0,0,0,0,0,0,0,12,202,0,0.0,0.0,0.0,0.0,0.0,0.0,0.0,0.0,0,0,0,0
451,Alex,Murphy,A.Murphy,u,Has joined FC Kaiserslautern on loan for the rest of the season,,4.0,585,184,0.1,398,143,0.0,166,70,0,0,0,0,0,0,735,0.0,0.0,0.0,0.0,0.0,166,70,0.0,0.0,55,36,55,36,55,36,55,36,,,,,,,,0.0,0.0,0.0,0.0,0.0,0.0,0.0,0.0,0.0,1,0,0,0,0,0,0,0,0,0,0,0,0,0,0,0,0,735,0,0.0,0.0,0.0,0.0,0.0,0.0,0.0,0.0,0,0,0,0
453,Harvey,Barnes,Barnes,a,,,6.0,67,45,1.1,185,61,0.0,523,213,0,0,0,0,0,593,378,0.0,0.0,2.1,2.1,0.0,523,213,,,501,197,501,197,501,197,501,197,,,,,,,,0.0,0.0,0.0,0.0,0.0,0.0,0.0,0.0,0.0,1,0,0,0,0,0,0,0,0,0,0,0,0,0,0,0,593,378,0,0.0,0.0,0.0,0.0,0.0,0.0,0.0,0.0,0,0,0,0
454,Anthony,Elanga,Elanga,a,,,6.0,86,55,0.8,215,69,0.0,540,222,0,0,0,0,0,626,456,0.0,0.0,2.1,2.1,0.0,540,222,,,520,207,520,207,520,207,520,207,4.0,,,,,,,0.0,0.0,0.0,0.0,0.0,0.0,0.0,0.0,0.0,1,0,0,0,0,0,0,0,0,0,0,0,0,0,0,0,626,456,0,0.0,0.0,0.0,0.0,0.0,0.0,0.0,0.0,0,0,0,0
456,Jacob,Ramsey,J.Ramsey,a,,,5.0,287,171,0.4,274,91,0.0,344,106,0,0,0,0,0,251,200,0.0,0.0,1.5,1.5,0.0,344,106,,,266,58,266,58,266,58,266,58,,,,,,,,0.0,0.0,0.0,0.0,0.0,0.0,0.0,0.0,0.0,1,0,0,0,0,0,0,0,0,0,0,0,0,0,0,0,251,200,0,0.0,0.0,0.0,0.0,0.0,0.0,0.0,0.0,0,0,0,0
457,Jacob,Murphy,J.Murphy,a,,,6.0,59,40,0.2,370,136,0.0,519,210,0,0,0,0,0,78,99,0.0,0.0,2.1,2.1,0.0,519,210,,,493,192,493,192,493,192,493,192,2.0,,,,,,,0.0,0.0,0.0,0.0,0.0,0.0,0.0,0.0,0.0,1,0,0,0,0,0,0,0,0,0,0,0,0,0,0,0,78,99,0,0.0,0.0,0.0,0.0,0.0,0.0,0.0,0.0,0,0,0,0
458,Joelinton Cássio,Apolinário de Lira,Joelinton,i,Unspecified injury - Unknown return date,,5.5,127,78,0.0,501,210,0.0,448,166,0,0,0,0,0,4,152,0.0,0.0,0.0,0.0,0.0,448,166,0.0,0.0,392,131,392,131,392,131,392,131,,,,,,,,0.0,0.0,0.0,0.0,0.0,0.0,0.0,0.0,0.0,1,0,0,0,0,0,0,0,0,0,0,0,0,0,0,0,4,152,0,0.0,0.0,0.0,0.0,0.0,0.0,0.0,0.0,0,0,0,0
459,Lewis,Miley,L.Miley,a,,,5.5,207,129,0.0,485,200,0.0,502,201,0,0,0,0,0,32,22,0.0,0.0,2.0,2.0,0.0,502,201,100.0,100.0,472,182,472,182,472,182,472,182,3.0,,,,,,,0.0,0.0,0.0,0.0,0.0,0.0,0.0,0.0,0.0,1,0,0,0,0,0,0,0,0,0,0,0,0,0,0,0,32,22,0,0.0,0.0,0.0,0.0,0.0,0.0,0.0,0.0,0,0,0,0
460,Joe,Willock,Willock,a,,,5.0,254,154,0.1,407,159,0.0,319,92,0,0,0,0,0,91,78,0.0,0.0,1.5,1.5,0.0,319,92,,,233,41,233,41,233,41,233,41,,,,,,,,0.0,0.0,0.0,0.0,0.0,0.0,0.0,0.0,0.0,1,0,0,0,0,0,0,0,0,0,0,0,0,0,0,0,91,78,0,0.0,0.0,0.0,0.0,0.0,0.0,0.0,0.0,0,0,0,0
461,Bazoumana,Touré,Touré,a,,,6.0,109,70,0.3,317,111,0.0,560,235,0,0,0,0,0,84,100,0.0,0.0,2.1,2.1,0.0,560,235,,,543,222,543,222,543,222,543,222,,,,,,,,0.0,0.0,0.0,0.0,0.0,0.0,0.0,0.0,0.0,1,0,0,0,0,0,0,0,0,0,0,0,0,0,0,0,84,100,0,0.0,0.0,0.0,0.0,0.0,0.0,0.0,0.0,0,0,0,0
462,Sean,Steur,Steur,a,,,5.0,390,233,0.1,414,163,0.0,430,157,0,0,0,0,0,58,47,0.0,0.0,1.5,1.5,0.0,430,157,,,369,120,369,120,369,120,369,120,,,,,,,,0.0,0.0,0.0,0.0,0.0,0.0,0.0,0.0,0.0,1,0,0,0,0,0,0,0,0,0,0,0,0,0,0,0,58,47,0,0.0,0.0,0.0,0.0,0.0,0.0,0.0,0.0,0,0,0,0
463,Nick,Woltemade,Woltemade,a,,,6.0,92,23,1.8,133,19,0.0,545,59,0,0,0,0,0,1147,1016,0.0,0.0,2.0,2.0,0.0,545,59,,,526,55,526,55,526,55,526,55,,,1.0,,,,,0.0,0.0,0.0,0.0,0.0,0.0,0.0,0.0,0.0,1,0,0,0,0,0,0,0,0,0,0,0,0,0,0,0,1147,1016,0,0.0,0.0,0.0,0.0,0.0,0.0,0.0,0.0,0,0,0,0
464,Yoane,Wissa,Wissa,a,,,6.0,72,19,1.7,141,21,0.0,528,56,0,0,0,0,0,814,704,0.0,0.0,2.0,2.0,0.0,528,56,,,506,51,506,51,506,51,506,51,,,3.0,,,,,0.0,0.0,0.0,0.0,0.0,0.0,0.0,0.0,0.0,1,0,0,0,0,0,0,0,0,0,0,0,0,0,0,0,814,704,0,0.0,0.0,0.0,0.0,0.0,0.0,0.0,0.0,0,0,0,0
465,William,Osula,Osula,a,,,6.0,103,26,0.9,195,30,0.0,554,61,0,0,0,0,0,341,516,0.0,0.0,2.0,2.0,0.0,554,61,,,537,58,537,58,537,58,537,58,,,2.0,,,,,0.0,0.0,0.0,0.0,0.0,0.0,0.0,0.0,0.0,1,0,0,0,0,0,0,0,0,0,0,0,0,0,0,0,341,516,0,0.0,0.0,0.0,0.0,0.0,0.0,0.0,0.0,0,0,0,0
466,Sean,Neave,Neave,a,,,4.5,521,71,0.8,214,36,0.0,285,24,0,0,0,0,0,720,539,0.0,0.0,1.0,1.0,0.0,285,24,,,194,11,194,11,194,11,194,11,,,,,,,,0.0,0.0,0.0,0.0,0.0,0.0,0.0,0.0,0.0,1,0,0,0,0,0,0,0,0,0,0,0,0,0,0,0,720,539,0,0.0,0.0,0.0,0.0,0.0,0.0,0.0,0.0,0,0,0,0
559,Aladji,Bamba,Bamba,a,,,5.0,389,232,0.1,387,147,0.0,429,156,0,0,0,0,0,100,99,0.0,0.0,1.5,1.5,0.0,429,156,,,368,119,368,119,368,119,368,119,,,,,,,,0.0,0.0,0.0,0.0,0.0,0.0,0.0,0.0,0.0,1,0,0,0,0,0,0,0,0,0,0,0,0,0,0,0,100,99,0,0.0,0.0,0.0,0.0,0.0,0.0,0.0,0.0,0,0,0,0
567,Lukás,Hornícek,Horníček,a,,,5.0,322,19,0.7,229,30,0.0,374,64,0,0,0,0,0,121,312,0.0,0.0,2.6,2.6,0.0,374,64,,,301,61,301,61,301,61,301,61,,,,,,,,0.0,0.0,0.0,0.0,0.0,0.0,0.0,0.0,0.0,1,0,0,0,0,0,0,0,0,0,0,0,0,0,0,0,121,312,0,0.0,0.0,0.0,0.0,0.0,0.0,0.0,0.0,0,0,0,0
593,Amar,Dedic,Dedić,a,,,4.5,468,124,0.3,321,120,0.0,237,118,0,0,0,0,0,336,86,0.0,0.0,1.7,1.7,0.0,237,118,,,141,96,141,96,141,96,141,96,,,,,,,,0.0,0.0,0.0,0.0,0.0,0.0,0.0,0.0,0.0,1,0,0,0,0,0,0,0,0,0,0,0,0,0,0,0,336,86,0,0.0,0.0,0.0,0.0,0.0,0.0,0.0,0.0,0,0,0,0
467,Matz,Sels,Sels,a,,,5.0,228,5,1.6,147,22,1.0,62,5,1,0,0,0,0,219,509,0.2,0.2,2.6,2.6,1.0,62,5,,,207,47,207,47,207,47,207,47,,,,,,,,0.0,0.0,0.0,0.21,0.0,0.0,0.0,6.92,0.0,1,1,14,0,0,0,0,0,0,0,0,0,0,1,0,4,219,509,0,0.0,0.0,0.0,0.03,0.0,0.0,0.0,0.0,0,0,4,0
468,John Victor,Maciel Furtado,John,a,,,4.5,439,34,0.1,460,51,0.0,215,43,0,0,0,0,0,26,26,0.0,0.0,1.9,1.9,0.0,215,43,,,112,33,112,33,112,33,112,33,,,,,,,,0.0,0.0,0.0,0.0,0.0,0.0,0.0,0.0,0.0,1,0,0,0,0,0,0,0,0,0,0,0,0,0,0,0,26,26,0,0.0,0.0,0.0,0.0,0.0,0.0,0.0,0.0,0,0,0,0
469,Neco,Williams,N.Williams,a,,,5.0,270,45,10.2,41,14,1.0,68,38,1,0,0,0,0,2668,2085,0.2,0.2,2.2,2.2,1.0,68,38,,,249,131,249,131,249,131,249,131,1.0,2.0,,,,,,0.0,0.0,0.0,0.21,0.0,0.0,0.0,6.92,20.77,1,1,14,0,0,0,0,0,0,0,0,0,0,1,0,6,2668,2085,0,0.0,0.0,0.0,0.03,0.0,0.0,0.0,0.0,1,3,1,4
470,Felipe,Rodrigues da Silva,Morato,a,,,5.0,327,65,0.1,476,166,0.0,378,163,0,0,0,0,0,60,24,0.0,0.0,2.2,2.2,0.0,378,163,,,306,151,306,151,306,151,306,151,,,,,,,,0.0,0.0,0.0,0.0,0.0,0.0,0.0,0.0,0.0,1,0,0,0,0,0,0,0,0,0,0,0,0,0,0,0,60,24,0,0.0,0.0,0.0,0.0,0.0,0.0,0.0,0.0,0,0,0,0
471,Nikola,Milenković,Milenković,a,,,5.5,147,17,2.0,123,50,1.0,93,45,1,0,0,0,0,405,776,0.2,0.2,2.5,2.5,1.0,93,45,,,412,171,412,171,412,171,412,171,,,,,,,,0.0,0.0,0.0,0.21,0.0,0.0,0.0,6.92,0.0,1,1,14,0,0,0,0,0,0,0,0,0,0,1,0,2,405,776,0,0.0,0.0,0.0,0.03,0.0,0.0,0.0,0.0,0,0,0,0
472,Murillo,Costa dos Santos,Murillo,a,,,5.5,215,32,1.6,149,62,1.0,110,49,1,0,0,0,0,945,695,0.2,0.2,2.5,2.5,1.0,110,49,100.0,100.0,480,186,480,186,480,186,480,186,,3.0,,,,,,0.0,0.0,0.0,0.21,0.0,0.0,0.0,6.92,13.85,1,1,14,0,0,0,0,0,0,0,0,0,0,1,0,3,945,695,0,0.0,0.0,0.0,0.03,0.0,0.0,0.0,0.0,0,2,0,2
473,Ola,Aina,Aina,a,,,4.5,419,87,3.6,87,34,1.0,48,25,1,0,0,0,0,1542,1001,0.2,0.2,1.7,1.7,1.0,48,25,,,92,59,92,59,92,59,92,59,,,,,,,,0.0,0.07,0.07,0.21,0.0,0.0,0.0,6.92,6.92,1,1,14,0,0,0,0,0,0,0,0,0,0,1,0,4,1542,1001,0,0.0,0.01,0.01,0.03,0.0,0.0,0.0,0.0,0,1,1,1
474,Jair,Paula da Cunha Filho,Jair Cunha,a,,,4.5,512,142,0.2,331,124,1.0,60,35,1,0,0,0,0,46,94,0.2,0.2,1.7,1.7,1.0,60,35,,,185,114,185,114,185,114,185,114,,,,,,,,0.0,0.0,0.0,0.21,0.0,0.0,0.0,6.92,20.77,1,1,14,0,0,0,0,0,0,0,0,0,0,1,0,4,46,94,0,0.0,0.0,0.0,0.03,0.0,0.0,0.0,0.0,2,1,1,3
475,Nicolò,Savona,Savona,i,Knee injury - Unknown return date,,4.5,489,133,0.0,595,198,0.0,255,126,0,0,0,0,0,7,4,0.0,0.0,0.0,0.0,0.0,255,126,0.0,0.0,162,105,162,105,162,105,162,105,,,,,,,,0.0,0.0,0.0,0.0,0.0,0.0,0.0,0.0,0.0,1,0,0,0,0,0,0,0,0,0,0,0,0,0,0,0,7,4,0,0.0,0.0,0.0,0.0,0.0,0.0,0.0,0.0,0,0,0,0
476,Omar,Richards,O.Richards,a,,,4.0,554,162,0.3,318,119,0.0,144,57,0,0,0,0,0,112,105,0.0,0.0,1.0,1.0,0.0,144,57,,,24,14,24,14,24,14,24,14,,,,,,,,0.0,0.0,0.0,0.0,0.0,0.0,0.0,0.0,0.0,1,0,0,0,0,0,0,0,0,0,0,0,0,0,0,0,112,105,0,0.0,0.0,0.0,0.0,0.0,0.0,0.0,0.0,0,0,0,0
477,Zach,Abbott,Abbott,a,,,4.0,587,186,0.3,311,115,0.0,168,72,0,0,0,0,0,174,136,0.0,0.0,1.0,1.0,0.0,168,72,,,57,38,57,38,57,38,57,38,,,,,,,,0.0,0.0,0.0,0.0,0.0,0.0,0.0,0.0,0.0,1,0,0,0,0,0,0,0,0,0,0,0,0,0,0,0,174,136,0,0.0,0.0,0.0,0.0,0.0,0.0,0.0,0.0,0,0,0,0
478,Luca,Netz,Netz,a,,,4.5,472,126,0.0,525,176,0.0,241,120,0,0,0,0,0,24,9,0.0,0.0,1.7,1.7,0.0,241,120,,,145,98,145,98,145,98,145,98,,,,,,,,0.0,0.0,0.0,0.0,0.0,0.0,0.0,0.0,0.0,1,0,0,0,0,0,0,0,0,0,0,0,0,0,0,0,24,9,0,0.0,0.0,0.0,0.0,0.0,0.0,0.0,0.0,0,0,0,0
557,Christos,Tzolis,Tzolis,a,,,6.5,44,31,25.2,11,5,6.0,14,4,6,0,0,0,0,33930,2718,0.9,0.9,2.3,2.3,6.0,14,4,,,559,236,559,236,559,236,559,236,3.0,,,,,,,0.23,0.17,0.4,0.07,0.0,1.2,0.0,1.2,7.2,1,6,75,0,1,1,0,0,0,0,0,0,0,1,0,30,33930,2718,0,0.19,0.14,0.33,0.06,0.0,0.0,0.0,0.0,1,2,3,6
28,Emiliano,Martínez Romero,Martinez,a,,,5.0,232,7,4.5,71,10,0.0,299,55,0,0,0,0,0,1836,2240,0.0,0.0,2.6,2.6,0.0,299,55,,,211,49,211,49,211,49,211,49,,,,,,,,0.0,0.0,0.0,0.0,0.0,0.0,0.0,0.0,0.0,1,0,0,0,0,0,0,0,0,0,0,0,0,0,0,0,1836,2240,0,0.0,0.0,0.0,0.0,0.0,0.0,0.0,0.0,0,0,0,0
29,Marco,Bizot,M.Bizot,a,,,4.5,400,23,0.1,409,45,0.0,182,32,0,0,0,0,0,74,37,0.0,0.0,1.9,1.9,0.0,182,32,,,73,22,73,22,73,22,73,22,,,,,,,,0.0,0.0,0.0,0.0,0.0,0.0,0.0,0.0,0.0,1,0,0,0,0,0,0,0,0,0,0,0,0,0,0,0,74,37,0,0.0,0.0,0.0,0.0,0.0,0.0,0.0,0.0,0,0,0,0
34,Pau,Torres,Pau,a,,,4.5,457,117,0.5,260,98,0.0,227,112,0,0,0,0,0,754,174,0.0,0.0,1.7,1.7,0.0,227,112,,,130,89,130,89,130,89,130,89,,,,,,,,0.0,0.0,0.0,0.0,0.0,0.0,0.0,0.0,0.0,1,0,0,0,0,0,0,0,0,0,0,0,0,0,0,0,754,174,0,0.0,0.0,0.0,0.0,0.0,0.0,0.0,0.0,0,0,0,0
35,Lamare,Bogarde,Bogarde,a,,,5.0,356,207,0.1,452,182,0.0,404,138,0,0,0,0,0,193,70,0.0,0.0,1.5,1.5,0.0,404,138,,,335,94,335,94,335,94,335,94,,,,,,,,0.0,0.0,0.0,0.0,0.0,0.0,0.0,0.0,0.0,1,0,0,0,0,0,0,0,0,0,0,0,0,0,0,0,193,70,0,0.0,0.0,0.0,0.0,0.0,0.0,0.0,0.0,0,0,0,0
36,Ian,Maatsen,Maatsen,a,,,4.5,463,122,0.8,209,79,0.0,232,116,0,0,0,0,0,876,229,0.0,0.0,1.7,1.7,0.0,232,116,,,136,94,136,94,136,94,136,94,,,,,,,,0.0,0.0,0.0,0.0,0.0,0.0,0.0,0.0,0.0,1,0,0,0,0,0,0,0,0,0,0,0,0,0,0,0,876,229,0,0.0,0.0,0.0,0.0,0.0,0.0,0.0,0.0,0,0,0,0
479,Tyler,Bindon,Bindon,a,,,4.0,583,182,0.2,350,134,0.0,165,69,0,0,0,0,0,82,65,0.0,0.0,1.0,1.0,0.0,165,69,,,53,34,53,34,53,34,53,34,,,,,,,,0.0,0.0,0.0,0.0,0.0,0.0,0.0,0.0,0.0,1,0,0,0,0,0,0,0,0,0,0,0,0,0,0,0,82,65,0,0.0,0.0,0.0,0.0,0.0,0.0,0.0,0.0,0,0,0,0
480,Morgan,Gibbs-White,Gibbs-White,a,,,8.0,8,5,11.7,34,12,1.0,127,54,1,0,0,0,0,1846,4164,0.1,0.1,2.8,2.8,1.0,127,54,,,590,257,590,257,590,257,590,257,,1.0,2.0,,,,,0.0,0.0,0.0,0.21,0.0,0.0,0.0,6.92,0.0,1,1,14,0,0,0,0,0,0,0,0,0,0,1,0,2,1846,4164,0,0.0,0.0,0.0,0.03,0.0,0.0,0.0,0.0,0,0,0,0
482,Callum,Hudson-Odoi,Hudson-Odoi,a,,,6.0,70,46,0.3,310,108,0.0,526,214,0,0,0,0,0,153,135,0.0,0.0,2.1,2.1,0.0,526,214,100.0,100.0,504,198,504,198,504,198,504,198,,4.0,,,,,,0.0,0.0,0.0,0.0,0.0,0.0,0.0,0.0,0.0,1,0,0,0,0,0,0,0,0,0,0,0,0,0,0,0,153,135,0,0.0,0.0,0.0,0.0,0.0,0.0,0.0,0.0,0,0,0,0
499,Pedro,Porro Sauceda,Pedro Porro,i,Lack of match fitness - Expected back 29 Aug,,5.5,163,20,16.6,26,9,0.0,472,181,0,0,0,0,0,917,70911,0.0,0.0,0.0,0.0,0.0,472,181,0.0,0.0,428,174,428,174,428,174,428,174,1.0,1.0,,,,,,0.0,0.0,0.0,0.0,0.0,0.0,0.0,0.0,0.0,1,0,0,0,0,0,0,0,0,0,0,0,0,0,0,0,917,70911,0,0.0,0.0,0.0,0.0,0.0,0.0,0.0,0.0,0,0,0,0
510,James,Rowswell,Rowswell,a,,,4.0,579,179,0.1,444,157,0.0,161,66,0,0,0,0,0,67,48,0.0,0.0,1.0,1.0,0.0,161,66,,,49,31,49,31,49,31,49,31,,,,,,,,0.0,0.0,0.0,0.0,0.0,0.0,0.0,0.0,0.0,1,0,0,0,0,0,0,0,0,0,0,0,0,0,0,0,67,48,0,0.0,0.0,0.0,0.0,0.0,0.0,0.0,0.0,0,0,0,0
511,João Victor,de Souza Menezes,Souza,a,,,4.0,597,195,0.3,292,107,0.0,176,79,0,0,0,0,0,244,156,0.0,0.0,1.0,1.0,0.0,176,79,,,67,47,67,47,67,47,67,47,,,,,,,,0.0,0.0,0.0,0.0,0.0,0.0,0.0,0.0,0.0,1,0,0,0,0,0,0,0,0,0,0,0,0,0,0,0,244,156,0,0.0,0.0,0.0,0.0,0.0,0.0,0.0,0.0,0,0,0,0
521,Dejan,Kulusevski,Kulusevski,i,Knee injury - Unknown return date,,6.5,46,33,0.0,570,241,0.0,571,245,0,0,0,0,0,16,27,0.0,0.0,0.0,0.0,0.0,571,245,0.0,0.0,561,238,561,238,561,238,561,238,,,,,,,,0.0,0.0,0.0,0.0,0.0,0.0,0.0,0.0,0.0,1,0,0,0,0,0,0,0,0,0,0,0,0,0,0,0,16,27,0,0.0,0.0,0.0,0.0,0.0,0.0,0.0,0.0,0,0,0,0
522,Archie,Gray,Gray,a,,,5.0,368,218,0.2,330,117,0.0,412,146,0,0,0,0,0,198,152,0.0,0.0,1.5,1.5,0.0,412,146,,,347,105,347,105,347,105,347,105,,,,,,,,0.0,0.0,0.0,0.0,0.0,0.0,0.0,0.0,0.0,1,0,0,0,0,0,0,0,0,0,0,0,0,0,0,0,198,152,0,0.0,0.0,0.0,0.0,0.0,0.0,0.0,0.0,0,0,0,0
533,Nordi,Mukiele,Mukiele,a,,,5.5,133,14,2.9,107,43,0.0,451,177,0,0,0,0,0,935,832,0.0,0.0,2.5,2.5,0.0,451,177,100.0,100.0,398,168,398,168,398,168,398,168,,,,,,,,0.0,0.0,0.0,0.0,0.0,0.0,0.0,0.0,0.0,1,0,0,0,0,0,0,0,0,0,0,0,0,0,0,0,935,832,0,0.0,0.0,0.0,0.0,0.0,0.0,0.0,0.0,0,0,0,0
6,William,Saliba,Saliba,i,Back injury - Unknown return date,,6.0,88,9,0.3,297,111,0.0,542,194,0,0,0,0,0,167,1366,0.0,0.0,0.0,0.0,0.0,542,194,0.0,0.0,522,193,522,193,522,193,522,193,,,,,,,,0.0,0.0,0.0,0.0,0.0,0.0,0.0,0.0,0.0,1,0,0,0,0,0,0,0,0,0,0,0,0,0,0,0,167,1366,0,0.0,0.0,0.0,0.0,0.0,0.0,0.0,0.0,0,0,0,0
7,Myles,Lewis-Skelly,Lewis-Skelly,a,,,5.5,195,120,0.7,222,72,3.0,21,7,3,0,0,0,0,2272,824,0.5,0.5,2.0,2.0,3.0,21,7,,,460,173,460,173,460,173,460,173,,,,,,,,0.06,0.11,0.17,0.2,0.0,1.0,0.0,1.0,7.0,1,3,90,0,0,1,0,0,0,0,0,0,0,1,0,15,2272,824,0,0.06,0.11,0.17,0.2,0.0,0.0,0.0,0.0,1,1,5,7
8,Riccardo,Calafiori,Calafiori,a,,,5.5,179,25,39.9,5,1,9.0,6,4,9,0,0,0,0,47734,2995,1.6,1.6,2.5,2.5,9.0,6,4,,,444,179,444,179,444,179,444,179,,,,,,,,0.04,0.1,0.14,0.07,0.0,1.12,0.0,1.12,5.62,1,9,80,0,1,1,0,0,0,0,0,0,0,1,0,31,47734,2995,0,0.04,0.09,0.13,0.06,0.0,0.0,0.0,0.0,1,4,1,5
9,Piero,Hincapié,Hincapie,a,,,5.5,169,22,1.8,132,53,1.0,100,47,1,0,0,0,0,732,8102,0.2,0.2,2.5,2.5,1.0,100,47,,,434,176,434,176,434,176,434,176,,,,,,,,0.0,0.0,0.0,1.5,0.0,0.0,0.0,0.0,0.0,1,1,9,0,0,0,0,0,0,0,0,0,0,0,0,3,732,8102,0,0.0,0.0,0.0,0.15,0.0,0.0,0.0,0.0,0,0,0,0
10,Benjamin,White,White,a,,,5.5,130,13,4.6,70,28,11.0,3,3,11,0,0,0,0,10934,1297,2.0,2.0,2.5,2.5,11.0,3,3,100.0,100.0,395,167,395,167,395,167,395,167,,,,,,,,0.18,0.21,0.39,0.2,0.0,1.0,0.0,1.0,5.0,1,11,90,0,1,1,0,0,0,0,0,0,0,1,2,37,10934,1297,0,0.18,0.21,0.39,0.2,0.0,0.0,0.0,0.0,1,4,3,5
11,Cristhian,Mosquera,Mosquera,a,,,5.5,197,29,6.3,60,24,6.0,12,8,6,0,0,0,0,3322,4556,1.1,1.1,2.5,2.5,6.0,12,8,,,462,183,462,183,462,183,462,183,,,,,,,,0.0,0.0,0.0,0.2,0.0,1.0,0.0,1.0,6.0,1,6,90,0,0,1,0,0,0,0,0,0,0,1,0,27,3322,4556,0,0.0,0.0,0.0,0.2,0.0,0.0,0.0,0.0,0,6,3,6
12,Bukayo,Saka,Saka,a,,,9.5,3,2,9.5,44,16,9.0,7,2,9,0,0,0,0,7011,1673,0.9,0.9,3.2,3.2,9.0,7,2,,,597,261,597,261,597,261,597,261,2.0,2.0,1.0,,,,,0.86,0.11,0.97,0.08,0.0,1.34,0.0,1.34,9.4,1,9,67,1,0,1,0,0,0,0,0,0,0,1,1,36,7011,1673,0,0.64,0.08,0.72,0.06,0.0,0.0,0.0,0.0,1,2,4,7
13,Declan,Rice,Rice,a,,,7.5,13,8,18.0,21,7,3.0,22,8,3,0,0,0,0,5319,17019,0.4,0.4,2.6,2.6,3.0,22,8,,,579,251,579,251,579,251,579,251,1.0,1.0,,,,,,0.09,0.11,0.2,0.08,0.0,1.34,0.0,1.34,8.06,1,3,67,0,0,1,0,0,0,0,0,0,0,1,0,10,5319,17019,0,0.07,0.08,0.15,0.06,0.0,0.0,0.0,0.0,0,3,3,6
18,Gabriel,Martinelli Silva,Martinelli,a,,,6.5,45,32,0.2,329,116,0.0,570,244,0,0,0,0,0,180,1349,0.0,0.0,2.3,2.3,0.0,570,244,,,560,237,560,237,560,237,560,237,,,,,,,,0.0,0.0,0.0,0.0,0.0,0.0,0.0,0.0,0.0,1,0,0,0,0,0,0,0,0,0,0,0,0,0,0,0,180,1349,0,0.0,0.0,0.0,0.0,0.0,0.0,0.0,0.0,0,0,0,0
19,Martín,Zubimendi Ibáñez,Zubimendi,a,,,5.5,187,114,1.2,178,58,1.0,104,40,1,0,0,0,0,231,2638,0.2,0.2,2.0,2.0,1.0,104,40,,,452,167,452,167,452,167,452,167,,,,,,,,0.0,0.08,0.08,0.61,0.0,0.0,0.0,0.0,12.27,1,1,22,0,0,0,0,0,0,0,0,0,0,0,0,3,231,2638,0,0.0,0.02,0.02,0.15,0.0,0.0,0.0,0.0,1,0,2,3
1,David,Raya Martín,Raya,a,,,6.0,60,1,37.7,7,1,6.0,13,2,6,0,0,0,0,6532,4963,1.0,1.0,4.0,4.0,6.0,13,2,,,494,67,494,67,494,67,494,67,,,,,,,,0.0,0.0,0.0,0.2,1.0,1.0,0.0,1.0,0.0,1,6,90,0,0,1,0,0,0,0,0,0,1,1,0,24,6532,4963,0,0.0,0.0,0.0,0.2,0.0,0.0,0.0,0.0,0,1,8,0
2,Kepa,Arrizabalaga Revuelta,Arrizabalaga,a,,,5.0,235,9,0.1,441,49,0.0,302,57,0,0,0,0,0,42,224,0.0,0.0,2.6,2.6,0.0,302,57,,,214,51,214,51,214,51,214,51,,,,,,,,0.0,0.0,0.0,0.0,0.0,0.0,0.0,0.0,0.0,1,0,0,0,0,0,0,0,0,0,0,0,0,0,0,0,42,224,0,0.0,0.0,0.0,0.0,0.0,0.0,0.0,0.0,0,0,0,0
3,Illan,Meslier,Meslier,a,,,5.0,300,16,0.0,514,59,0.0,353,62,0,0,0,0,0,18,80,0.0,0.0,2.6,2.6,0.0,353,62,,,279,58,279,58,279,58,279,58,,,,,,,,0.0,0.0,0.0,0.0,0.0,0.0,0.0,0.0,0.0,1,0,0,0,0,0,0,0,0,0,0,0,0,0,0,0,18,80,0,0.0,0.0,0.0,0.0,0.0,0.0,0.0,0.0,0,0,0,0
4,Gabriel,dos Santos Magalhães,Gabriel,a,,,8.0,9,1,29.6,9,2,5.0,17,9,5,0,0,0,0,4719,11238,0.6,0.6,4.0,4.0,5.0,17,9,,,591,198,591,198,591,198,591,198,,,,,,,,0.05,0.01,0.06,0.2,0.0,1.0,0.0,1.0,4.0,1,5,90,0,0,1,0,0,0,0,1,0,0,1,0,21,4719,11238,0,0.05,0.01,0.06,0.2,0.0,0.0,0.0,0.0,0,4,2,4
5,Jurriën,Timber,J.Timber,i,Groin injury - Unknown return date,,6.5,47,3,0.1,405,145,0.0,572,197,0,0,0,0,0,67,569,0.0,0.0,0.0,0.0,0.0,572,197,0.0,0.0,562,196,562,196,562,196,562,196,,,,,,,,0.0,0.0,0.0,0.0,0.0,0.0,0.0,0.0,0.0,1,0,0,0,0,0,0,0,0,0,0,0,0,0,0,0,67,569,0,0.0,0.0,0.0,0.0,0.0,0.0,0.0,0.0,0,0,0,0
45,John,McGinn,McGinn,a,,,5.5,118,76,3.3,95,31,0.0,440,164,0,0,0,0,0,1478,1173,0.0,0.0,2.0,2.0,0.0,440,164,,,383,129,383,129,383,129,383,129,2.0,,,,,,,0.0,0.0,0.0,0.0,0.0,0.0,0.0,0.0,0.0,1,0,0,0,0,0,0,0,0,0,0,0,0,0,0,0,1478,1173,0,0.0,0.0,0.0,0.0,0.0,0.0,0.0,0.0,0,0,0,0
49,Samuel,Iling-Junior,Iling Jr,u,Has joined Bolton Wanderers on loan for the rest of the season,,5.0,320,186,0.0,591,257,0.0,372,120,0,0,0,0,0,0,35,0.0,0.0,0.0,0.0,0.0,372,120,0.0,0.0,299,73,299,73,299,73,299,73,,,,,,,,0.0,0.0,0.0,0.0,0.0,0.0,0.0,0.0,0.0,1,0,0,0,0,0,0,0,0,0,0,0,0,0,0,0,0,35,0,0.0,0.0,0.0,0.0,0.0,0.0,0.0,0.0,0,0,0,0
55,Ollie,Watkins,Watkins,a,,,8.0,7,3,10.4,38,7,0.0,595,69,0,0,0,0,0,1983,5426,0.0,0.0,2.5,2.5,0.0,595,69,,,589,69,589,69,589,69,589,69,,,2.0,,,,,0.0,0.0,0.0,0.0,0.0,0.0,0.0,0.0,0.0,1,0,0,0,0,0,0,0,0,0,0,0,0,0,0,0,1983,5426,0,0.0,0.0,0.0,0.0,0.0,0.0,0.0,0.0,0,0,0,0
573,Juanlu,Sánchez,Sanchez,a,,,4.5,486,132,0.2,332,125,0.0,252,125,0,0,0,0,0,110,86,0.0,0.0,1.7,1.7,0.0,252,125,,,159,104,159,104,159,104,159,104,,,,,,,,0.0,0.0,0.0,0.0,0.0,0.0,0.0,0.0,0.0,1,0,0,0,0,0,0,0,0,0,0,0,0,0,0,0,110,86,0,0.0,0.0,0.0,0.0,0.0,0.0,0.0,0.0,0,0,0,0
116,Lewis,Dunk,Dunk,a,,,4.5,403,80,1.0,189,73,0.0,185,84,0,0,0,0,0,921,294,0.0,0.0,1.7,1.7,0.0,185,84,,,76,52,76,52,76,52,76,52,,3.0,,,,,,0.0,0.0,0.0,0.0,0.0,0.0,0.0,0.0,0.0,1,0,0,0,0,0,0,0,0,0,0,0,0,0,0,0,921,294,0,0.0,0.0,0.0,0.0,0.0,0.0,0.0,0.0,0,0,0,0
504,Luka,Vušković,Vuskovic,a,,,5.0,384,76,2.5,114,47,0.0,424,173,0,0,0,0,0,1005,467,0.0,0.0,2.2,2.2,0.0,424,173,,,363,162,363,162,363,162,363,162,,,,,,,,0.0,0.0,0.0,0.0,0.0,0.0,0.0,0.0,0.0,1,0,0,0,0,0,0,0,0,0,0,0,0,0,0,0,1005,467,0,0.0,0.0,0.0,0.0,0.0,0.0,0.0,0.0,0,0,0,0
159,Moisés,Caicedo Corozo,Caicedo,a,,,5.5,190,116,4.0,80,27,0.0,491,192,0,0,0,0,0,2690,1775,0.0,0.0,2.0,2.0,0.0,491,192,,,455,169,455,169,455,169,455,169,,,,,,,,0.0,0.0,0.0,0.0,0.0,0.0,0.0,0.0,0.0,1,0,0,0,0,0,0,0,0,0,0,0,0,0,0,0,2690,1775,0,0.0,0.0,0.0,0.0,0.0,0.0,0.0,0.0,0,0,0,0
173,Bobby,Thomas,Thomas,a,,,4.0,571,174,8.1,52,21,3.0,18,10,3,0,0,0,0,4669,1083,0.8,0.8,1.0,1.0,3.0,18,10,,,41,26,41,26,41,26,41,26,,,,,,,,0.02,0.01,0.03,1.88,0.0,0.0,3.0,1.0,10.0,1,3,90,0,0,0,3,0,0,0,0,0,0,1,0,11,4669,1083,0,0.02,0.01,0.03,1.88,0.0,0.0,0.0,0.0,1,9,2,10
174,Liam,Kitching,Kitching,a,,,4.0,564,169,0.7,220,85,0.0,150,60,0,0,0,0,0,80,408,0.0,0.0,1.0,1.0,0.0,150,60,,,34,21,34,21,34,21,34,21,,,,,,,,0.0,0.0,0.0,0.0,0.0,0.0,0.0,0.0,0.0,1,0,0,0,0,0,0,0,0,0,0,0,0,0,0,0,80,408,0,0.0,0.0,0.0,0.0,0.0,0.0,0.0,0.0,0,0,0,0
599,Sidiki,Cherif,Cherif,a,,,5.0,388,59,0.1,436,62,0.0,428,34,0,0,0,0,0,205,151,0.0,0.0,1.4,1.4,0.0,428,34,,,367,23,367,23,367,23,367,23,,,,,,,,0.0,0.0,0.0,0.0,0.0,0.0,0.0,0.0,0.0,1,0,0,0,0,0,0,0,0,0,0,0,0,0,0,0,205,151,0,0.0,0.0,0.0,0.0,0.0,0.0,0.0,0.0,0,0,0,0
271,Rodrigo,Muniz Carvalho,Muniz,a,,,5.5,151,37,0.6,240,39,0.0,465,41,0,0,0,0,0,269,292,0.0,0.0,1.8,1.8,0.0,465,41,,,416,33,416,33,416,33,416,33,,,,,,,,0.0,0.0,0.0,0.0,0.0,0.0,0.0,0.0,0.0,1,0,0,0,0,0,0,0,0,0,0,0,0,0,0,0,269,292,0,0.0,0.0,0.0,0.0,0.0,0.0,0.0,0.0,0,0,0,0
272,Jonah,Kusi-Asare,Kusi-Asare,a,,,4.5,527,72,7.5,56,9,0.0,290,25,0,0,0,0,0,2813,1410,0.0,0.0,1.0,1.0,0.0,290,25,,,200,12,200,12,200,12,200,12,,,,,,,,0.0,0.0,0.0,0.0,0.0,0.0,0.0,0.0,0.0,1,0,0,0,0,0,0,0,0,0,0,0,0,0,0,0,2813,1410,0,0.0,0.0,0.0,0.0,0.0,0.0,0.0,0.0,0,0,0,0
569,Gonzalo,García,Gonzalo,a,,,6.0,105,27,2.1,120,17,0.0,556,62,0,0,0,0,0,1323,689,0.0,0.0,2.0,2.0,0.0,556,62,,,539,59,539,59,539,59,539,59,,,1.0,,,,,0.0,0.0,0.0,0.0,0.0,0.0,0.0,0.0,0.0,1,0,0,0,0,0,0,0,0,0,0,0,0,0,0,0,1323,689,0,0.0,0.0,0.0,0.0,0.0,0.0,0.0,0.0,0,0,0,0
570,César,Palacios,Palacios,a,,,5.5,214,135,0.2,340,119,0.0,508,206,0,0,0,0,0,45,81,0.0,0.0,2.0,2.0,0.0,508,206,,,479,188,479,188,479,188,479,188,,,,,,,,0.0,0.0,0.0,0.0,0.0,0.0,0.0,0.0,0.0,1,0,0,0,0,0,0,0,0,0,0,0,0,0,0,0,45,81,0,0.0,0.0,0.0,0.0,0.0,0.0,0.0,0.0,0,0,0,0
285,Paddy,McNair,McNair,a,,,4.0,544,154,0.1,422,150,1.0,34,11,1,0,0,0,0,49,42,0.2,0.2,1.0,1.0,1.0,34,11,,,14,6,14,6,14,6,14,6,,,,,,,,0.0,0.0,0.0,3.36,0.0,0.0,0.0,0.0,6.92,1,1,26,0,0,0,0,0,0,0,0,0,0,0,0,3,49,42,0,0.0,0.0,0.0,0.97,0.0,0.0,0.0,0.0,0,2,1,2
576,Elliot,Stroud,Stroud,a,,,5.0,382,228,0.1,445,177,3.0,20,6,3,0,0,0,0,127,29,0.6,0.6,1.5,1.5,3.0,20,6,,,361,115,361,115,361,115,361,115,,,,,,,,0.0,0.04,0.04,1.47,0.0,1.29,0.0,1.29,7.71,1,3,70,0,0,1,0,0,0,0,0,0,0,1,0,11,127,29,0,0.0,0.03,0.03,1.14,0.0,0.0,0.0,0.0,3,1,2,6
585,Lucas,Herrington,Herrington,a,,,4.0,594,192,0.6,233,90,1.0,45,22,1,0,0,0,0,361,306,0.2,0.2,1.0,1.0,1.0,45,22,,,64,44,64,44,64,44,64,44,,,,,,,,0.0,0.0,0.0,3.36,0.0,0.0,0.0,0.0,13.85,1,1,26,0,0,0,0,0,0,0,0,0,0,0,0,4,361,306,0,0.0,0.0,0.0,0.97,0.0,0.0,0.0,0.0,0,4,0,4
586,Nobel,Mendy,Mendy,a,,,4.0,596,194,1.2,173,68,15.0,1,1,15,0,0,0,0,6318,443,3.8,3.8,1.0,1.0,15.0,1,1,,,66,46,66,46,66,46,66,46,,,,,,,,0.4,0.0,0.4,1.2,0.0,1.43,0.0,1.43,18.57,1,15,63,1,0,1,0,0,0,0,0,0,0,1,1,35,6318,443,0,0.28,0.0,0.28,0.84,0.0,0.0,0.0,0.0,0,13,2,13
589,Lucas,Gourna-Douath,Gourna-Douath,a,,,5.0,321,187,0.0,521,217,0.0,373,121,0,0,0,0,0,10,17,0.0,0.0,1.5,1.5,0.0,373,121,,,300,74,300,74,300,74,300,74,,,,,,,,0.0,0.0,0.0,0.0,0.0,0.0,0.0,0.0,0.0,1,0,0,0,0,0,0,0,0,0,0,0,0,0,0,0,10,17,0,0.0,0.0,0.0,0.0,0.0,0.0,0.0,0.0,0,0,0,0
311,Wes,Burns,Burns,u,Has joined Leicester City permanently,,5.0,241,144,0.0,584,251,0.0,308,83,0,0,0,0,0,0,35,0.0,0.0,0.0,0.0,0.0,308,83,0.0,0.0,220,31,220,31,220,31,220,31,,,,,,,,0.0,0.0,0.0,0.0,0.0,0.0,0.0,0.0,0.0,1,0,0,0,0,0,0,0,0,0,0,0,0,0,0,0,0,35,0,0.0,0.0,0.0,0.0,0.0,0.0,0.0,0.0,0,0,0,0
367,Cody,Gakpo,Gakpo,a,,,7.0,26,17,3.6,89,30,0.0,583,254,0,0,0,0,0,1347,1178,0.0,0.0,2.5,2.5,0.0,583,254,,,574,248,574,248,574,248,574,248,2.0,,3.0,,,,,0.0,0.0,0.0,0.0,0.0,0.0,0.0,0.0,0.0,1,0,0,0,0,0,0,0,0,0,0,0,0,0,0,0,1347,1178,0,0.0,0.0,0.0,0.0,0.0,0.0,0.0,0.0,0,0,0,0
368,Dominik,Szoboszlai,Szoboszlai,a,,,7.0,27,18,41.7,4,2,0.0,584,255,0,0,0,0,0,10195,4881,0.0,0.0,2.5,2.5,0.0,584,255,,,575,249,575,249,575,249,575,249,1.0,1.0,2.0,,,,,0.0,0.0,0.0,0.0,0.0,0.0,0.0,0.0,0.0,1,0,0,0,0,0,0,0,0,0,0,0,0,0,0,0,10195,4881,0,0.0,0.0,0.0,0.0,0.0,0.0,0.0,0.0,0,0,0,0
384,Gianluigi,Donnarumma,Donnarumma,a,,,5.5,135,4,8.2,50,6,0.0,453,67,0,0,0,0,0,2426,2760,0.0,0.0,3.3,3.3,0.0,453,67,,,400,66,400,66,400,66,400,66,,,,,,,,0.0,0.0,0.0,0.0,0.0,0.0,0.0,0.0,0.0,1,0,0,0,0,0,0,0,0,0,0,0,0,0,0,0,2426,2760,0,0.0,0.0,0.0,0.0,0.0,0.0,0.0,0.0,0,0,0,0
483,Dan,Ndoye,Ndoye,a,,,5.5,171,106,0.4,263,83,1.0,101,38,1,0,0,0,0,89,190,0.2,0.2,2.0,2.0,1.0,101,38,,,436,159,436,159,436,159,436,159,,,,,,,,0.0,0.0,0.0,0.21,0.0,0.0,0.0,6.92,0.0,1,1,14,0,0,0,0,0,0,0,0,0,0,1,0,5,89,190,0,0.0,0.0,0.0,0.03,0.0,0.0,0.0,0.0,1,0,0,1
484,Omari,Hutchinson,Hutchinson,a,,,5.5,198,122,0.2,364,132,0.0,496,196,0,0,0,0,0,33,75,0.0,0.0,2.0,2.0,0.0,496,196,,,463,175,463,175,463,175,463,175,4.0,,,,,,,0.0,0.0,0.0,0.0,0.0,0.0,0.0,0.0,0.0,1,0,0,0,0,0,0,0,0,0,0,0,0,0,0,0,33,75,0,0.0,0.0,0.0,0.0,0.0,0.0,0.0,0.0,0,0,0,0
485,Dilane,Bakwa,Bakwa,a,,,5.5,182,111,0.0,555,231,0.0,485,188,0,0,0,0,0,20,20,0.0,0.0,2.0,2.0,0.0,485,188,,,447,164,447,164,447,164,447,164,,,,,,,,0.0,0.0,0.0,0.0,0.0,0.0,0.0,0.0,0.0,1,0,0,0,0,0,0,0,0,0,0,0,0,0,0,0,20,20,0,0.0,0.0,0.0,0.0,0.0,0.0,0.0,0.0,0,0,0,0
486,James,McAtee,McAtee,a,,,5.5,157,98,0.0,506,212,1.0,97,35,1,0,0,0,0,19,21,0.2,0.2,2.0,2.0,1.0,97,35,,,422,151,422,151,422,151,422,151,3.0,,,,,,,0.0,0.0,0.0,0.21,0.0,0.0,0.0,6.92,6.92,1,1,14,0,0,0,0,0,0,0,0,0,0,1,0,3,19,21,0,0.0,0.0,0.0,0.03,0.0,0.0,0.0,0.0,0,0,1,1
487,Nicolás,Domínguez,Dominguez,a,,,5.0,294,176,0.1,437,175,0.0,351,111,0,0,0,0,0,40,50,0.0,0.0,1.5,1.5,0.0,351,111,,,273,63,273,63,273,63,273,63,,,,,,,,0.0,0.0,0.0,0.0,0.0,0.0,0.0,0.0,0.0,1,0,0,0,0,0,0,0,0,0,0,0,0,0,0,0,40,50,0,0.0,0.0,0.0,0.0,0.0,0.0,0.0,0.0,0,0,0,0
488,Ibrahim,Sangaré,I.Sangaré,a,,,5.0,265,162,1.1,183,60,1.0,66,19,1,0,0,0,0,278,269,0.2,0.2,1.5,1.5,1.0,66,19,,,244,49,244,49,244,49,244,49,,,,,,,,0.0,0.0,0.0,0.21,0.0,0.0,0.0,6.92,6.92,1,1,14,0,0,0,0,0,0,0,0,0,0,1,0,1,278,269,0,0.0,0.0,0.0,0.03,0.0,0.0,0.0,0.0,0,1,0,1
489,Ryan,Yates,Yates,i,Unspecified injury - Unknown return date,,4.5,434,243,1.9,126,41,0.0,212,58,0,0,0,0,0,133,5878,0.0,0.0,0.0,0.0,0.0,212,58,0.0,0.0,107,5,107,5,107,5,107,5,,,,,,,,0.0,0.0,0.0,0.0,0.0,0.0,0.0,0.0,0.0,1,0,0,0,0,0,0,0,0,0,0,0,0,0,0,0,133,5878,0,0.0,0.0,0.0,0.0,0.0,0.0,0.0,0.0,0,0,0,0
490,Chris,Wood,Wood,a,,,6.0,58,14,1.8,128,18,0.0,518,52,0,0,0,0,0,773,989,0.0,0.0,2.0,2.0,0.0,518,52,,,492,46,492,46,492,46,492,46,,,1.0,,,,,0.0,0.0,0.0,0.0,0.0,0.0,0.0,0.0,0.0,1,0,0,0,0,0,0,0,0,0,0,0,0,0,0,0,773,989,0,0.0,0.0,0.0,0.0,0.0,0.0,0.0,0.0,0,0,0,0
491,Igor Jesus,Maciel da Cruz,Igor Jesus,a,,,6.0,93,24,4.3,76,12,1.0,118,11,1,0,0,0,0,1104,1538,0.2,0.2,2.0,2.0,1.0,118,11,,,527,56,527,56,527,56,527,56,,,3.0,,,,,0.0,0.0,0.0,0.21,0.0,0.0,0.0,6.92,0.0,1,1,14,0,0,0,0,0,0,0,0,0,0,1,0,3,1104,1538,0,0.0,0.0,0.0,0.03,0.0,0.0,0.0,0.0,0,0,0,0
493,Arnaud,Kalimuendo,Kalimuendo,a,,,5.5,176,42,0.0,480,65,0.0,482,46,0,0,0,0,0,53,35,0.0,0.0,1.8,1.8,0.0,482,46,,,441,38,441,38,441,38,441,38,,,,,,,,0.0,0.0,0.0,0.0,0.0,0.0,0.0,0.0,0.0,1,0,0,0,0,0,0,0,0,0,0,0,0,0,0,0,53,35,0,0.0,0.0,0.0,0.0,0.0,0.0,0.0,0.0,0,0,0,0
558,Xaver,Schlager,Schlager,a,,,5.0,259,157,0.1,413,162,0.0,324,95,0,0,0,0,0,27,46,0.0,0.0,1.5,1.5,0.0,324,95,,,238,44,238,44,238,44,238,44,2.0,,,,,,,0.0,0.0,0.0,0.0,0.0,0.0,0.0,0.0,0.0,1,0,0,0,0,0,0,0,0,0,0,0,0,0,0,0,27,46,0,0.0,0.0,0.0,0.0,0.0,0.0,0.0,0.0,0,0,0,0
581,Ousmane,Diomande,Diomande,a,,,5.5,212,31,0.8,211,80,0.0,506,188,0,0,0,0,0,873,426,0.0,0.0,2.5,2.5,0.0,506,188,,,477,185,477,185,477,185,477,185,,,,,,,,0.0,0.0,0.0,0.0,0.0,0.0,0.0,0.0,0.0,1,0,0,0,0,0,0,0,0,0,0,0,0,0,0,0,873,426,0,0.0,0.0,0.0,0.0,0.0,0.0,0.0,0.0,0,0,0,0
590,Steven,Benda,Benda,a,,,4.5,459,36,0.1,468,52,0.0,229,44,0,0,0,0,0,117,39,0.0,0.0,1.9,1.9,0.0,229,44,,,132,35,132,35,132,35,132,35,,,,,,,,0.0,0.0,0.0,0.0,0.0,0.0,0.0,0.0,0.0,1,0,0,0,0,0,0,0,0,0,0,0,0,0,0,0,117,39,0,0.0,0.0,0.0,0.0,0.0,0.0,0.0,0.0,0,0,0,0
112,Jan Paul,van Hecke,Van Hecke,a,,,5.0,319,62,10.8,36,13,0.0,371,160,0,0,0,0,0,12630,1916,0.0,0.0,2.2,2.2,0.0,371,160,,,298,148,298,148,298,148,298,148,,,,,,,,0.0,0.0,0.0,0.0,0.0,0.0,0.0,0.0,0.0,1,0,0,0,0,0,0,0,0,0,0,0,0,0,0,0,12630,1916,0,0.0,0.0,0.0,0.0,0.0,0.0,0.0,0.0,0,0,0,0
455,Sandro,Tonali,Tonali,a,,,5.5,156,97,4.3,77,25,0.0,467,180,0,0,0,0,0,2396,1064,0.0,0.0,2.0,2.0,0.0,467,180,,,421,150,421,150,421,150,421,150,2.0,4.0,,,,,,0.0,0.0,0.0,0.0,0.0,0.0,0.0,0.0,0.0,1,0,0,0,0,0,0,0,0,0,0,0,0,0,0,0,2396,1064,0,0.0,0.0,0.0,0.0,0.0,0.0,0.0,0.0,0,0,0,0
494,Guglielmo,Vicario,Vicario,u,Has joined Juventus on loan for the rest of the season,,4.5,425,32,0.4,283,37,0.0,203,41,0,0,0,0,0,0,2828,0.0,0.0,0.0,0.0,0.0,203,41,0.0,0.0,98,31,98,31,98,31,98,31,,,,,,,,0.0,0.0,0.0,0.0,0.0,0.0,0.0,0.0,0.0,1,0,0,0,0,0,0,0,0,0,0,0,0,0,0,0,0,2828,0,0.0,0.0,0.0,0.0,0.0,0.0,0.0,0.0,0,0,0,0
495,Brandon,Austin,Austin,a,,,4.0,555,58,0.9,200,28,0.0,145,21,0,0,0,0,0,371,182,0.0,0.0,1.0,1.0,0.0,145,21,,,25,11,25,11,25,11,25,11,,,,,,,,0.0,0.0,0.0,0.0,0.0,0.0,0.0,0.0,0.0,1,0,0,0,0,0,0,0,0,0,0,0,0,0,0,0,371,182,0,0.0,0.0,0.0,0.0,0.0,0.0,0.0,0.0,0,0,0,0
496,Antonín,Kinský,Kinsky,a,,,4.5,477,41,24.3,13,2,0.0,244,47,0,0,0,0,0,3911,1489,0.0,0.0,1.9,1.9,0.0,244,47,,,150,40,150,40,150,40,150,40,,,,,,,,0.0,0.0,0.0,0.0,0.0,0.0,0.0,0.0,0.0,1,0,0,0,0,0,0,0,0,0,0,0,0,0,0,0,3911,1489,0,0.0,0.0,0.0,0.0,0.0,0.0,0.0,0.0,0,0,0,0
497,Martin,Dubravka,Dubravka,a,,,4.0,535,52,19.7,17,4,0.0,132,15,0,0,0,0,0,2608,1601,0.0,0.0,1.0,1.0,0.0,132,15,,,5,5,5,5,5,5,5,5,,,,,,,,0.0,0.0,0.0,0.0,0.0,0.0,0.0,0.0,0.0,1,0,0,0,0,0,0,0,0,0,0,0,0,0,0,0,2608,1601,0,0.0,0.0,0.0,0.0,0.0,0.0,0.0,0.0,0,0,0,0
498,Marcos,Senesi Barón,Senesi,a,,,6.0,73,7,8.2,51,20,0.0,529,192,0,0,0,0,0,2896,2578,0.0,0.0,2.8,2.8,0.0,529,192,,,507,191,507,191,507,191,507,191,,,,,,,,0.0,0.0,0.0,0.0,0.0,0.0,0.0,0.0,0.0,1,0,0,0,0,0,0,0,0,0,0,0,0,0,0,0,2896,2578,0,0.0,0.0,0.0,0.0,0.0,0.0,0.0,0.0,0,0,0,0
500,Cristian,Romero,Romero,u,Has joined Atletico Madrid permanently,,5.0,276,48,0.2,324,122,0.0,335,149,0,0,0,0,0,0,2920,0.0,0.0,0.0,0.0,0.0,335,149,0.0,0.0,255,134,255,134,255,134,255,134,,,,,,,,0.0,0.0,0.0,0.0,0.0,0.0,0.0,0.0,0.0,1,0,0,0,0,0,0,0,0,0,0,0,0,0,0,0,0,2920,0,0.0,0.0,0.0,0.0,0.0,0.0,0.0,0.0,0,0,0,0
501,Kevin,Danso,Danso,a,,,5.0,239,39,0.2,359,137,0.0,306,142,0,0,0,0,0,338,119,0.0,0.0,2.2,2.2,0.0,306,142,,,218,125,218,125,218,125,218,125,,,,,,,,0.0,0.0,0.0,0.0,0.0,0.0,0.0,0.0,0.0,1,0,0,0,0,0,0,0,0,0,0,0,0,0,0,0,338,119,0,0.0,0.0,0.0,0.0,0.0,0.0,0.0,0.0,0,0,0,0
502,Andrew,Robertson,Robertson,a,,,4.5,415,85,4.0,81,30,0.0,194,87,0,0,0,0,0,3554,556,0.0,0.0,1.7,1.7,0.0,194,87,,,88,57,88,57,88,57,88,57,3.0,,,,,,,0.0,0.0,0.0,0.0,0.0,0.0,0.0,0.0,0.0,1,0,0,0,0,0,0,0,0,0,0,0,0,0,0,0,3554,556,0,0.0,0.0,0.0,0.0,0.0,0.0,0.0,0.0,0,0,0,0
503,Micky,van de Ven,Van de Ven,i,Unspecified injury - Expected back 29 Aug,,5.0,336,67,5.4,65,26,0.0,387,165,0,0,0,0,0,575,29807,0.0,0.0,0.0,0.0,0.0,387,165,0.0,0.0,315,153,315,153,315,153,315,153,,,,,,,,0.0,0.0,0.0,0.0,0.0,0.0,0.0,0.0,0.0,1,0,0,0,0,0,0,0,0,0,0,0,0,0,0,0,575,29807,0,0.0,0.0,0.0,0.0,0.0,0.0,0.0,0.0,0,0,0,0
505,Djed,Spence,Spence,u,Has joined Internazionale permanently,,4.5,448,110,0.9,206,77,0.0,221,106,0,0,0,0,0,0,13775,0.0,0.0,0.0,0.0,0.0,221,106,0.0,0.0,121,82,121,82,121,82,121,82,,,,,,,,0.0,0.0,0.0,0.0,0.0,0.0,0.0,0.0,0.0,1,0,0,0,0,0,0,0,0,0,0,0,0,0,0,0,0,13775,0,0.0,0.0,0.0,0.0,0.0,0.0,0.0,0.0,0,0,0,0
506,Destiny,Udogie,Udogie,a,,,4.5,478,129,0.5,247,92,0.0,245,123,0,0,0,0,0,538,183,0.0,0.0,1.7,1.7,0.0,245,123,,,151,101,151,101,151,101,151,101,,,,,,,,0.0,0.0,0.0,0.0,0.0,0.0,0.0,0.0,0.0,1,0,0,0,0,0,0,0,0,0,0,0,0,0,0,0,538,183,0,0.0,0.0,0.0,0.0,0.0,0.0,0.0,0.0,0,0,0,0
507,Ashley,Phillips,Phillips,u,Has joined Middlesbrough permanently,,4.5,499,137,0.0,527,178,0.0,264,129,0,0,0,0,0,0,138,0.0,0.0,0.0,0.0,0.0,264,129,0.0,0.0,172,109,172,109,172,109,172,109,,,,,,,,0.0,0.0,0.0,0.0,0.0,0.0,0.0,0.0,0.0,1,0,0,0,0,0,0,0,0,0,0,0,0,0,0,0,0,138,0,0.0,0.0,0.0,0.0,0.0,0.0,0.0,0.0,0,0,0,0
508,Ben,Davies,Davies,a,,,4.0,541,152,1.2,179,70,0.0,137,53,0,0,0,0,0,819,337,0.0,0.0,1.0,1.0,0.0,137,53,,,11,4,11,4,11,4,11,4,,,,,,,,0.0,0.0,0.0,0.0,0.0,0.0,0.0,0.0,0.0,1,0,0,0,0,0,0,0,0,0,0,0,0,0,0,0,819,337,0,0.0,0.0,0.0,0.0,0.0,0.0,0.0,0.0,0,0,0,0
509,Jun'ai,Byfield,Byfield,a,,,4.0,598,196,0.1,472,164,0.0,177,80,0,0,0,0,0,78,37,0.0,0.0,1.0,1.0,0.0,177,80,,,68,48,68,48,68,48,68,48,,,,,,,,0.0,0.0,0.0,0.0,0.0,0.0,0.0,0.0,0.0,1,0,0,0,0,0,0,0,0,0,0,0,0,0,0,0,78,37,0,0.0,0.0,0.0,0.0,0.0,0.0,0.0,0.0,0,0,0,0
512,Mohammed,Kudus,Kudus,d,Thigh injury - 25% chance of playing,,6.5,48,34,0.1,434,173,0.0,573,246,0,0,0,0,0,38,318,0.0,0.0,0.6,0.6,0.0,573,246,25.0,25.0,563,239,563,239,563,239,563,239,5.0,3.0,2.0,,,,,0.0,0.0,0.0,0.0,0.0,0.0,0.0,0.0,0.0,1,0,0,0,0,0,0,0,0,0,0,0,0,0,0,0,38,318,0,0.0,0.0,0.0,0.0,0.0,0.0,0.0,0.0,0,0,0,0
513,Xavi,Simons,Xavi,i,Knee injury - Unknown return date,,6.0,97,62,0.0,556,232,0.0,548,227,0,0,0,0,0,22,70,0.0,0.0,0.0,0.0,0.0,548,227,0.0,0.0,531,214,531,214,531,214,531,214,6.0,2.0,3.0,,,,,0.0,0.0,0.0,0.0,0.0,0.0,0.0,0.0,0.0,1,0,0,0,0,0,0,0,0,0,0,0,0,0,0,0,22,70,0,0.0,0.0,0.0,0.0,0.0,0.0,0.0,0.0,0,0,0,0
514,Mathys,Tel,Tel,a,,,6.0,99,64,0.6,243,79,0.0,550,229,0,0,0,0,0,249,170,0.0,0.0,2.1,2.1,0.0,550,229,,,533,216,533,216,533,216,533,216,4.0,,,,,,,0.0,0.0,0.0,0.0,0.0,0.0,0.0,0.0,0.0,1,0,0,0,0,0,0,0,0,0,0,0,0,0,0,0,249,170,0,0.0,0.0,0.0,0.0,0.0,0.0,0.0,0.0,0,0,0,0
515,James,Maddison,Maddison,a,,,6.5,34,22,1.4,162,50,0.0,565,239,0,0,0,0,0,769,609,0.0,0.0,2.3,2.3,0.0,565,239,,,549,227,549,227,549,227,549,227,,,,,,,,0.0,0.0,0.0,0.0,0.0,0.0,0.0,0.0,0.0,1,0,0,0,0,0,0,0,0,0,0,0,0,0,0,0,769,609,0,0.0,0.0,0.0,0.0,0.0,0.0,0.0,0.0,0,0,0,0
516,Rodrigo,Bentancur,Bentancur,a,,,5.5,134,83,0.2,348,124,0.0,452,169,0,0,0,0,0,80,116,0.0,0.0,2.0,2.0,0.0,452,169,,,399,136,399,136,399,136,399,136,,,,,,,,0.0,0.0,0.0,0.0,0.0,0.0,0.0,0.0,0.0,1,0,0,0,0,0,0,0,0,0,0,0,0,0,0,0,80,116,0,0.0,0.0,0.0,0.0,0.0,0.0,0.0,0.0,0,0,0,0
517,Wilson,Odobert,Odobert,i,Knee injury - Unknown return date,,5.5,210,132,0.0,599,263,0.0,504,203,0,0,0,0,0,1,5,0.0,0.0,0.0,0.0,0.0,504,203,0.0,0.0,475,185,475,185,475,185,475,185,,,,,,,,0.0,0.0,0.0,0.0,0.0,0.0,0.0,0.0,0.0,1,0,0,0,0,0,0,0,0,0,0,0,0,0,0,0,1,5,0,0.0,0.0,0.0,0.0,0.0,0.0,0.0,0.0,0,0,0,0
518,Pape Matar,Sarr,P.M.Sarr,i,Hamstring injury - Unknown return date,,5.0,324,189,0.3,320,112,0.0,375,122,0,0,0,0,0,9,1739,0.0,0.0,0.0,0.0,0.0,375,122,0.0,0.0,303,76,303,76,303,76,303,76,,,,,,,,0.0,0.0,0.0,0.0,0.0,0.0,0.0,0.0,0.0,1,0,0,0,0,0,0,0,0,0,0,0,0,0,0,0,9,1739,0,0.0,0.0,0.0,0.0,0.0,0.0,0.0,0.0,0,0,0,0
519,Conor,Gallagher,Gallagher,a,,,5.5,148,91,0.3,289,97,0.0,462,176,0,0,0,0,0,162,163,0.0,0.0,2.0,2.0,0.0,462,176,,,413,144,413,144,413,144,413,144,,,,,,,,0.0,0.0,0.0,0.0,0.0,0.0,0.0,0.0,0.0,1,0,0,0,0,0,0,0,0,0,0,0,0,0,0,0,162,163,0,0.0,0.0,0.0,0.0,0.0,0.0,0.0,0.0,0,0,0,0
520,Lucas,Bergvall,Bergvall,a,,,5.5,213,134,0.2,337,118,0.0,507,205,0,0,0,0,0,97,125,0.0,0.0,2.0,2.0,0.0,507,205,,,478,187,478,187,478,187,478,187,,,,,,,,0.0,0.0,0.0,0.0,0.0,0.0,0.0,0.0,0.0,1,0,0,0,0,0,0,0,0,0,0,0,0,0,0,0,97,125,0,0.0,0.0,0.0,0.0,0.0,0.0,0.0,0.0,0,0,0,0
523,Mikey,Moore,Moore,a,,,5.0,344,198,0.2,357,128,0.0,394,131,0,0,0,0,0,74,79,0.0,0.0,1.5,1.5,0.0,394,131,,,323,85,323,85,323,85,323,85,,,,,,,,0.0,0.0,0.0,0.0,0.0,0.0,0.0,0.0,0.0,1,0,0,0,0,0,0,0,0,0,0,0,0,0,0,0,74,79,0,0.0,0.0,0.0,0.0,0.0,0.0,0.0,0.0,0,0,0,0
524,Callum,Olusesi,Olusesi,a,,,4.5,487,252,0.9,196,66,0.0,253,66,0,0,0,0,0,819,647,0.0,0.0,1.0,1.0,0.0,253,66,,,160,14,160,14,160,14,160,14,,,,,,,,0.0,0.0,0.0,0.0,0.0,0.0,0.0,0.0,0.0,1,0,0,0,0,0,0,0,0,0,0,0,0,0,0,0,819,647,0,0.0,0.0,0.0,0.0,0.0,0.0,0.0,0.0,0,0,0,0
525,Mateus,Fernandes,Fernandes,a,,,6.0,104,67,2.0,122,38,0.0,555,232,0,0,0,0,0,804,802,0.0,0.0,2.1,2.1,0.0,555,232,,,538,219,538,219,538,219,538,219,,,,,,,,0.0,0.0,0.0,0.0,0.0,0.0,0.0,0.0,0.0,1,0,0,0,0,0,0,0,0,0,0,0,0,0,0,0,804,802,0,0.0,0.0,0.0,0.0,0.0,0.0,0.0,0.0,0,0,0,0
526,Dominic,Solanke-Mitchell,Solanke,a,,,6.0,61,15,1.5,158,22,0.0,520,53,0,0,0,0,0,908,769,0.0,0.0,2.0,2.0,0.0,520,53,,,495,47,495,47,495,47,495,47,,,1.0,,,,,0.0,0.0,0.0,0.0,0.0,0.0,0.0,0.0,0.0,1,0,0,0,0,0,0,0,0,0,0,0,0,0,0,0,908,769,0,0.0,0.0,0.0,0.0,0.0,0.0,0.0,0.0,0,0,0,0
527,Richarlison,de Andrade,Richarlison,a,,,6.0,71,18,3.2,99,13,0.0,527,55,0,0,0,0,0,1877,1060,0.0,0.0,2.0,2.0,0.0,527,55,,,505,50,505,50,505,50,505,50,,,4.0,,,,,0.0,0.0,0.0,0.0,0.0,0.0,0.0,0.0,0.0,1,0,0,0,0,0,0,0,0,0,0,0,0,0,0,0,1877,1060,0,0.0,0.0,0.0,0.0,0.0,0.0,0.0,0.0,0,0,0,0
528,Dane,Scarlett,Scarlett,a,,,4.5,482,61,1.8,134,20,0.0,248,14,0,0,0,0,0,1787,989,0.0,0.0,1.0,1.0,0.0,248,14,,,155,1,155,1,155,1,155,1,,,,,,,,0.0,0.0,0.0,0.0,0.0,0.0,0.0,0.0,0.0,1,0,0,0,0,0,0,0,0,0,0,0,0,0,0,0,1787,989,0,0.0,0.0,0.0,0.0,0.0,0.0,0.0,0.0,0,0,0,0
529,Robin,Roefs,Roefs,a,,,5.0,341,20,4.4,72,11,1.0,76,9,1,0,0,0,0,553,922,0.2,0.2,2.6,2.6,1.0,76,9,,,320,62,320,62,320,62,320,62,,,,,,,,0.0,0.0,0.0,0.42,6.92,0.0,0.0,6.92,0.0,1,1,15,0,0,0,0,0,0,0,0,0,1,1,0,7,553,922,0,0.0,0.0,0.0,0.06,0.0,0.0,0.0,0.0,0,0,1,0
530,Anthony,Patterson,Patterson,u,Has joined Wrexham permanently,,4.0,561,59,0.2,353,38,0.0,148,22,0,0,0,0,0,0,436,0.0,0.0,0.0,0.0,0.0,148,22,0.0,0.0,31,12,31,12,31,12,31,12,,,,,,,,0.0,0.0,0.0,0.0,0.0,0.0,0.0,0.0,0.0,1,0,0,0,0,0,0,0,0,0,0,0,0,0,0,0,0,436,0,0.0,0.0,0.0,0.0,0.0,0.0,0.0,0.0,0,0,0,0
531,Melker,Ellborg,Ellborg,a,,,4.5,493,44,0.1,426,48,0.0,259,50,0,0,0,0,0,38,35,0.0,0.0,1.9,1.9,0.0,259,50,,,166,43,166,43,166,43,166,43,,,,,,,,0.0,0.0,0.0,0.0,0.0,0.0,0.0,0.0,0.0,1,0,0,0,0,0,0,0,0,0,0,0,0,0,0,0,38,35,0,0.0,0.0,0.0,0.0,0.0,0.0,0.0,0.0,0,0,0,0
532,Daniel,Ballard,Ballard,a,,,5.0,280,51,5.7,64,25,1.0,70,40,1,0,0,0,0,1954,828,0.2,0.2,2.2,2.2,1.0,70,40,,,259,137,259,137,259,137,259,137,,,,,,,,0.0,0.0,0.0,0.42,0.0,0.0,0.0,6.92,20.77,1,1,15,0,0,0,0,0,0,0,0,0,0,1,0,5,1954,828,0,0.0,0.0,0.0,0.06,0.0,0.0,0.0,0.0,1,2,0,3
534,Trai,Hume,Hume,a,,,4.5,479,130,7.0,57,22,1.0,58,33,1,0,0,0,0,2096,963,0.2,0.2,1.7,1.7,1.0,58,33,,,152,102,152,102,152,102,152,102,3.0,,,,,,,0.07,1.18,1.25,0.42,0.0,0.0,0.0,6.92,0.0,1,1,15,0,0,0,0,0,0,0,0,0,0,1,0,6,2096,963,0,0.01,0.17,0.18,0.06,0.0,0.0,0.0,0.0,0,0,0,0
535,Omar,Alderete,Alderete,a,,,5.0,258,42,0.5,256,96,0.0,323,145,0,0,0,0,0,476,196,0.0,0.0,2.2,2.2,0.0,323,145,100.0,100.0,237,128,237,128,237,128,237,128,,,,,,,,0.0,0.0,0.0,0.0,0.0,0.0,0.0,0.0,0.0,1,0,0,0,0,0,0,0,0,0,0,0,0,0,0,0,476,196,0,0.0,0.0,0.0,0.0,0.0,0.0,0.0,0.0,0,0,0,0
536,Reinildo,Mandava,Reinildo,a,,,4.5,460,119,0.5,255,95,1.0,56,32,1,0,0,0,0,100,103,0.2,0.2,1.7,1.7,1.0,56,32,,,133,91,133,91,133,91,133,91,,,,,,,,0.0,0.0,0.0,0.42,0.0,0.0,0.0,6.92,6.92,1,1,15,0,0,0,0,0,0,0,0,0,0,1,0,2,100,103,0,0.0,0.0,0.0,0.06,0.0,0.0,0.0,0.0,0,1,0,1
537,Jenson,Seelt,Seelt,a,,,4.5,495,136,0.0,571,194,0.0,260,128,0,0,0,0,0,12,8,0.0,0.0,1.7,1.7,0.0,260,128,,,168,108,168,108,168,108,168,108,,,,,,,,0.0,0.0,0.0,0.0,0.0,0.0,0.0,0.0,0.0,1,0,0,0,0,0,0,0,0,0,0,0,0,0,0,0,12,8,0,0.0,0.0,0.0,0.0,0.0,0.0,0.0,0.0,0,0,0,0
538,Leo Fuhr,Hjelde,Hjelde,u,Has joined KV Mechelen on loan for the rest of the season,,4.0,574,176,0.1,463,161,0.0,156,63,0,0,0,0,0,0,183,0.0,0.0,0.0,0.0,0.0,156,63,0.0,0.0,44,28,44,28,44,28,44,28,,,,,,,,0.0,0.0,0.0,0.0,0.0,0.0,0.0,0.0,0.0,1,0,0,0,0,0,0,0,0,0,0,0,0,0,0,0,0,183,0,0.0,0.0,0.0,0.0,0.0,0.0,0.0,0.0,0,0,0,0
539,Luke,O'Nien,O'Nien,a,,,4.0,545,155,3.7,84,32,1.0,35,12,1,0,0,0,0,796,678,0.2,0.2,1.0,1.0,1.0,35,12,,,15,7,15,7,15,7,15,7,,,,,,,,0.0,0.0,0.0,0.42,0.0,0.0,0.0,6.92,20.77,1,1,15,0,0,0,0,0,0,0,0,0,0,1,0,4,796,678,0,0.0,0.0,0.0,0.06,0.0,0.0,0.0,0.0,0,3,2,3
540,Arthur,Masuaku,Masuaku,u,Has joined Konyaspor permanently,,4.0,538,150,0.3,312,116,0.0,135,52,0,0,0,0,0,0,907,0.0,0.0,0.0,0.0,0.0,135,52,0.0,0.0,8,2,8,2,8,2,8,2,,,,,,,,0.0,0.0,0.0,0.0,0.0,0.0,0.0,0.0,0.0,1,0,0,0,0,0,0,0,0,0,0,0,0,0,0,0,0,907,0,0.0,0.0,0.0,0.0,0.0,0.0,0.0,0.0,0,0,0,0
541,Thomas,Meunier,Meunier,a,,,4.5,404,81,0.3,290,105,1.0,46,23,1,0,0,0,0,147,79,0.2,0.2,1.7,1.7,1.0,46,23,100.0,100.0,77,53,77,53,77,53,77,53,,,,,,,,0.0,0.0,0.0,0.42,0.0,0.0,0.0,6.92,13.85,1,1,15,0,0,0,0,0,0,0,0,0,0,1,0,5,147,79,0,0.0,0.0,0.0,0.06,0.0,0.0,0.0,0.0,1,1,0,2
542,Enzo,Le Fée,E.Le Fée,a,,,6.0,94,59,10.3,39,14,1.0,119,48,1,0,0,0,0,1632,1978,0.2,0.2,2.1,2.1,1.0,119,48,,,528,211,528,211,528,211,528,211,1.0,2.0,2.0,,,,,0.0,0.0,0.0,0.42,0.0,0.0,0.0,6.92,13.85,1,1,15,0,0,0,0,0,0,0,0,0,0,1,0,6,1632,1978,0,0.0,0.0,0.0,0.06,0.0,0.0,0.0,0.0,1,0,1,2
543,Habib,Diarra,Diarra,a,,,5.5,206,128,0.1,455,185,0.0,501,200,0,0,0,0,0,30,30,0.0,0.0,2.0,2.0,0.0,501,200,,,471,181,471,181,471,181,471,181,,,1.0,,,,,0.0,0.0,0.0,0.0,0.0,0.0,0.0,0.0,0.0,1,0,0,0,0,0,0,0,0,0,0,0,0,0,0,0,30,30,0,0.0,0.0,0.0,0.0,0.0,0.0,0.0,0.0,0,0,0,0
545,Noah,Sadiki,Sadiki,a,,,5.0,378,225,0.4,279,93,1.0,82,26,1,0,0,0,0,157,151,0.2,0.2,1.5,1.5,1.0,82,26,,,357,112,357,112,357,112,357,112,,,,,,,,0.0,0.0,0.0,0.42,0.0,0.0,0.0,6.92,0.0,1,1,15,0,0,0,0,0,0,0,0,0,0,1,0,5,157,151,0,0.0,0.0,0.0,0.06,0.0,0.0,0.0,0.0,0,0,0,0
544,Granit,Xhaka,Xhaka,a,,,5.5,114,74,4.4,75,24,1.0,86,29,1,0,0,0,0,1034,1171,0.2,0.2,2.0,2.0,1.0,86,29,,,379,127,379,127,379,127,379,127,2.0,1.0,,,,,,0.0,0.0,0.0,0.42,0.0,0.0,0.0,6.92,6.92,1,1,15,0,0,0,0,0,0,0,0,0,0,1,0,3,1034,1171,0,0.0,0.0,0.0,0.06,0.0,0.0,0.0,0.0,1,0,0,1
546,Simon,Adingra,Adingra,i,Ankle injury - Unknown return date,,5.0,360,210,0.1,427,168,0.0,406,140,0,0,0,0,0,6,540,0.0,0.0,0.0,0.0,0.0,406,140,0.0,0.0,339,97,339,97,339,97,339,97,,,,,,,,0.0,0.0,0.0,0.0,0.0,0.0,0.0,0.0,0.0,1,0,0,0,0,0,0,0,0,0,0,0,0,0,0,0,6,540,0,0.0,0.0,0.0,0.0,0.0,0.0,0.0,0.0,0,0,0,0
547,Romaine,Mundle,Mundle,a,,,5.0,312,183,0.0,580,247,0.0,365,117,0,0,0,0,0,8,5,0.0,0.0,1.5,1.5,0.0,365,117,,,291,70,291,70,291,70,291,70,,,,,,,,0.0,0.0,0.0,0.0,0.0,0.0,0.0,0.0,0.0,1,0,0,0,0,0,0,0,0,0,0,0,0,0,0,0,8,5,0,0.0,0.0,0.0,0.0,0.0,0.0,0.0,0.0,0,0,0,0
548,Chris,Rigg,Rigg,a,,,5.0,373,221,0.1,454,184,0.0,417,149,0,0,0,0,0,18,24,0.0,0.0,1.5,1.5,0.0,417,149,,,352,108,352,108,352,108,352,108,,,,,,,,0.0,0.0,0.0,0.0,0.0,0.0,0.0,0.0,0.0,1,0,0,0,0,0,0,0,0,0,0,0,0,0,0,0,18,24,0,0.0,0.0,0.0,0.0,0.0,0.0,0.0,0.0,0,0,0,0
549,Chemsdine,Talbi,Talbi,a,,,5.5,208,130,0.2,327,115,0.0,503,202,0,0,0,0,0,61,132,0.0,0.0,2.0,2.0,0.0,503,202,,,473,183,473,183,473,183,473,183,,,,,,,,0.0,0.0,0.0,0.0,0.0,0.0,0.0,0.0,0.0,1,0,0,0,0,0,0,0,0,0,0,0,0,0,0,0,61,132,0,0.0,0.0,0.0,0.0,0.0,0.0,0.0,0.0,0,0,0,0
550,Djiamgone Jocelin Ta,Bi,Jocelin.T,a,,,5.0,396,237,0.0,583,250,0.0,434,160,0,0,0,0,0,3,8,0.0,0.0,1.5,1.5,0.0,434,160,,,375,124,375,124,375,124,375,124,,,,,,,,0.0,0.0,0.0,0.0,0.0,0.0,0.0,0.0,0.0,1,0,0,0,0,0,0,0,0,0,0,0,0,0,0,0,3,8,0,0.0,0.0,0.0,0.0,0.0,0.0,0.0,0.0,0,0,0,0
551,Nilson,Angulo,Angulo,a,,,5.0,362,212,0.1,469,190,1.0,80,24,1,0,0,0,0,63,26,0.2,0.2,1.5,1.5,1.0,80,24,,,341,99,341,99,341,99,341,99,,,,,,,,0.0,0.0,0.0,0.42,0.0,0.0,0.0,6.92,13.85,1,1,15,0,0,0,0,0,0,0,0,0,0,1,0,3,63,26,0,0.0,0.0,0.0,0.06,0.0,0.0,0.0,0.0,0,0,2,2
552,Brian,Brobbey,Brobbey,a,,,6.0,82,21,14.2,29,6,1.0,116,10,1,0,0,0,0,3660,2729,0.2,0.2,2.0,2.0,1.0,116,10,,,516,53,516,53,516,53,516,53,,,,,,,,1.59,0.0,1.59,0.42,0.0,0.0,0.0,6.92,0.0,1,1,15,0,0,0,0,0,0,0,0,0,0,1,0,-1,3660,2729,0,0.23,0.0,0.23,0.06,0.0,0.0,0.0,0.0,0,0,0,0
553,Wilson,Isidor,Isidor,a,,,5.5,160,38,1.0,192,28,0.0,469,42,0,0,0,0,0,344,437,0.0,0.0,1.8,1.8,0.0,469,42,,,425,34,425,34,425,34,425,34,,,,,,,,0.0,0.0,0.0,0.0,0.0,0.0,0.0,0.0,0.0,1,0,0,0,0,0,0,0,0,0,0,0,0,0,0,0,344,437,0,0.0,0.0,0.0,0.0,0.0,0.0,0.0,0.0,0,0,0,0
