id,status,chance_of_playing_next_round,chance_of_playing_this_round,now_cost,now_cost_rank,now_cost_rank_type,cost_change_event,cost_change_event_fall,cost_change_start,cost_change_start_fall,selected_by_percent,selected_rank,selected_rank_type,total_points,event_points,points_per_game,points_per_game_rank,points_per_game_rank_type,bonus,bps,form,form_rank,form_rank_type,value_form,value_season,dreamteam_count,transfers_in,transfers_in_event,transfers_out,transfers_out_event,ep_next,ep_this,expected_goals,expected_assists,expected_goal_involvements,expected_goals_conceded,expected_goals_per_90,expected_assists_per_90,expected_goal_involvements_per_90,expected_goals_conceded_per_90,influence,influence_rank,influence_rank_type,creativity,creativity_rank,creativity_rank_type,threat,threat_rank,threat_rank_type,ict_index,ict_index_rank,ict_index_rank_type,corners_and_indirect_freekicks_order,direct_freekicks_order,penalties_order,gw,set_piece_threat,first_name,second_name,web_name,news,news_added,minutes,goals_scored,assists,clean_sheets,goals_conceded,own_goals,penalties_saved,penalties_missed,yellow_cards,red_cards,saves,starts,defensive_contribution,corners_and_indirect_freekicks_text,direct_freekicks_text,penalties_text,saves_per_90,clean_sheets_per_90,goals_conceded_per_90,starts_per_90,defensive_contribution_per_90,tackles,clearances_blocks_interceptions,recoveries
32,a,,,4.5,431,96,0,0,0,0,8.4,50,19,-1,-1,-1.0,608,201,0,-8,-1.0,608,201,-0.2,-0.2,0,22157,22157,50321,50321,1.7,1.7,0.0,0.0,0.0,3.77,0.0,0.0,0.0,3.77,0.0,107,72,0.0,107,72,0.0,107,72,0.0,107,72,1.0,,,1,,Matty,Cash,Cash,,,90,0,0,0,4,0,0,0,1,0,0,1,7,,,,0,0.0,4.0,1.0,7.0,2,5,0
47,a,100.0,100.0,5.0,281,167,0,0,0,0,0.4,282,93,2,2,2.0,128,57,0,9,2.0,128,57,0.4,0.4,0,1564,1564,2369,2369,1.5,1.5,0.0,0.0,0.0,3.77,0.0,0.0,0.0,3.77,0.0,269,59,0.0,269,59,0.0,269,59,0.0,269,59,,,,1,,Boubacar,Kamara,Kamara,,,90,0,0,0,4,0,0,0,0,0,0,1,7,,,,0,0.0,4.0,1.0,7.0,2,3,2
48,i,0.0,0.0,5.0,308,181,0,0,0,0,0.0,538,223,0,0,0.0,487,195,0,0,0.0,487,195,0.0,0.0,0,87,87,319,319,0.0,0.0,0.0,0.0,0.0,0.0,0.0,0.0,0.0,0.0,0.0,296,73,0.0,296,73,0.0,296,73,0.0,296,73,,,,1,,Amadou,Onana,Onana,Knee injury - Unknown return date,,0,0,0,0,0,0,0,0,0,0,0,0,0,,,,0,0.0,0.0,0.0,0.0,0,0,0
50,a,,,4.5,534,266,0,0,0,0,0.7,229,75,0,0,0.0,431,164,0,0,0.0,431,164,0.0,0.0,0,2049,2049,3367,3367,1.0,1.0,0.0,0.0,0.0,0.0,0.0,0.0,0.0,0.0,0.0,210,28,0.0,210,28,0.0,210,28,0.0,210,28,,,,1,,Bradley,Burrowes,Burrowes,,,0,0,0,0,0,0,0,0,0,0,0,0,0,,,,0,0.0,0.0,0.0,0.0,0,0,0
51,a,,,4.5,518,259,0,0,0,0,0.7,226,73,2,2,2.0,118,52,0,12,2.0,118,52,0.4,0.4,0,3339,3339,2357,2357,1.0,1.0,0.0,0.0,0.0,3.77,0.0,0.0,0.0,3.77,0.0,194,21,0.0,194,21,0.0,194,21,0.0,194,21,,,,1,,George,Hemmings,George Hemmings,,,90,0,0,0,4,0,0,0,0,0,0,1,5,,,,0,0.0,4.0,1.0,5.0,3,0,2
52,a,,,5.0,394,235,0,0,0,0,0.0,489,202,1,1,1.0,240,107,0,5,1.0,240,107,0.2,0.2,0,227,227,299,299,1.5,1.5,0.0,0.0,0.0,0.14,0.0,0.0,0.0,1.58,0.0,382,127,0.0,382,127,0.0,382,127,0.0,382,127,,,,1,,Alysson Edward Franco,da Rocha dos Santos,Alysson,,,8,0,0,0,0,0,0,0,0,0,0,0,3,,,,0,0.0,0.0,0.0,33.75,1,1,1
53,i,0.0,0.0,6.0,111,72,0,0,0,0,0.2,331,117,0,0,0.0,591,258,0,0,0.0,591,258,0.0,0.0,0,154,154,5470,5470,0.0,0.0,0.0,0.0,0.0,0.0,0.0,0.0,0.0,0.0,0.0,555,229,0.0,555,229,0.0,555,229,0.0,555,229,,,,1,,Johan,Manzambi,Manzambi,Knee injury - Unknown return date,,0,0,0,0,0,0,0,0,0,0,0,0,0,,,,0,0.0,0.0,0.0,0.0,0,0,0
55,a,,,8.0,7,3,0,0,0,0,9.5,43,7,0,0,0.0,606,72,0,0,0.0,606,72,0.0,0.0,0,7499,7499,100465,100465,2.5,2.5,0.0,0.0,0.0,0.0,0.0,0.0,0.0,0.0,0.0,599,70,0.0,599,70,0.0,599,70,0.0,599,70,,,2.0,1,,Ollie,Watkins,Watkins,,,0,0,0,0,0,0,0,0,0,0,0,0,0,,,,0,0.0,0.0,0.0,0.0,0,0,0
56,d,75.0,75.0,5.5,123,32,0,0,0,0,0.1,405,60,0,0,0.0,535,56,0,0,0.0,535,56,0.0,0.0,0,326,326,1247,1247,1.3,1.3,0.0,0.0,0.0,0.0,0.0,0.0,0.0,0.0,0.0,398,29,0.0,398,29,0.0,398,29,0.0,398,29,,,,1,,Tammy,Abraham,Abraham,Knock - 75% chance of playing,,0,0,0,0,0,0,0,0,0,0,0,0,0,,,,0,0.0,0.0,0.0,0.0,0,0,0
160,a,,,6.0,95,60,0,0,0,0,0.6,240,79,1,1,1.0,281,131,0,2,1.0,281,131,0.2,0.2,0,1369,1369,4929,4929,2.2,2.2,0.0,0.0,0.0,0.14,0.0,0.0,0.0,3.15,0.0,539,217,0.0,539,217,0.0,539,217,0.0,539,217,,,,1,,Alejandro,Garnacho Ferreyra,Garnacho,,,4,0,0,0,0,0,0,0,0,0,0,0,0,,,,0,0.0,0.0,0.0,0.0,0,0,0
582,i,0.0,0.0,5.5,224,48,0,0,0,0,0.5,263,45,0,0,0.0,574,62,0,0,0.0,574,62,0.0,0.0,0,801,801,4178,4178,0.0,0.0,0.0,0.0,0.0,0.0,0.0,0.0,0.0,0.0,0.0,499,45,0.0,499,45,0.0,499,45,0.0,499,45,,,,1,,Brian,Madjo,Madjo,Unspecified injury - Unknown return date,,0,0,0,0,0,0,0,0,0,0,0,0,0,,,,0,0.0,0.0,0.0,0.0,0,0,0
596,a,,,4.5,481,131,0,0,0,0,0.1,414,148,1,1,1.0,201,78,0,3,1.0,201,78,0.2,0.2,0,602,602,534,534,1.7,1.7,0.0,0.0,0.0,0.14,0.0,0.0,0.0,1.58,0.0,157,107,0.0,157,107,0.0,157,107,0.0,157,107,,,,1,,Matteo,Ruggeri,Ruggeri,,,8,0,0,0,0,0,0,0,0,0,0,0,2,,,,0,0.0,0.0,0.0,22.5,2,0,0
597,a,,,5.0,298,15,0,0,0,0,0.8,212,30,0,0,0.0,478,64,0,0,0.0,478,64,0.0,0.0,0,2380,2380,3098,3098,2.6,2.6,0.0,0.0,0.0,0.0,0.0,0.0,0.0,0.0,0.0,286,57,0.0,286,57,0.0,286,57,0.0,286,57,,,,1,,Zion,Suzuki,Suzuki,,,0,0,0,0,0,0,0,0,0,0,0,0,0,,,,0,0.0,0.0,0.0,0.0,0,0,0
606,a,,,4.0,596,189,0,0,0,0,0.0,514,177,0,0,0.0,336,122,0,0,0.0,336,122,0.0,0.0,0,659,659,81,81,1.0,1.0,0.0,0.0,0.0,0.0,0.0,0.0,0.0,0.0,0.0,60,41,0.0,60,41,0.0,60,41,0.0,60,41,,,,1,,Triston,Rowe,Rowe,,,0,0,0,0,0,0,0,0,0,0,0,0,0,,,,0,0.0,0.0,0.0,0.0,0,0,0
607,a,,,4.5,513,257,0,0,0,0,0.0,496,206,0,0,0.0,416,157,0,0,0.0,416,157,0.0,0.0,0,1613,1613,258,258,1.0,1.0,0.0,0.0,0.0,0.0,0.0,0.0,0.0,0.0,0.0,189,19,0.0,189,19,0.0,189,19,0.0,189,19,,,,1,,Luka,Lynch,Lynch,,,0,0,0,0,0,0,0,0,0,0,0,0,0,,,,0,0.0,0.0,0.0,0.0,0,0,0
57,a,,,4.5,467,38,0,0,0,0,3.3,101,15,2,2,2.0,115,10,0,13,2.0,115,10,0.4,0.4,0,10262,10262,5572,5572,1.9,1.9,0.0,0.0,0.0,2.25,0.0,0.0,0.0,2.25,0.0,143,37,0.0,143,37,0.0,143,37,0.0,143,37,,,,1,,Đorđe,Petrović,Petrović,,,90,0,0,0,2,0,0,0,0,0,4,1,0,,,,4,0.0,2.0,1.0,0.0,0,2,5
58,a,,,4.0,538,49,0,0,0,0,3.2,102,16,0,0,0.0,294,22,0,0,0.0,294,22,0.0,0.0,0,4103,4103,4522,4522,1.0,1.0,0.0,0.0,0.0,0.0,0.0,0.0,0.0,0.0,0.0,2,2,0.0,2,2,0.0,2,2,0.0,2,2,,,,1,,Fraser,Forster,Forster,,,0,0,0,0,0,0,0,0,0,0,0,0,0,,,,0,0.0,0.0,0.0,0.0,0,0,0
59,a,,,4.0,571,61,0,0,0,0,0.2,352,38,0,0,0.0,316,34,0,0,0.0,316,34,0.0,0.0,0,671,671,402,402,1.0,1.0,0.0,0.0,0.0,0.0,0.0,0.0,0.0,0.0,0.0,35,14,0.0,35,14,0.0,35,14,0.0,35,14,,,,1,,Will,Dennis,Dennis,,,0,0,0,0,0,0,0,0,0,0,0,0,0,,,,0,0.0,0.0,0.0,0.0,0,0,0
60,a,,,5.5,175,24,0,0,0,0,0.9,206,74,1,1,1.0,257,95,0,0,1.0,257,95,0.2,0.2,0,4346,4346,3073,3073,2.5,2.5,0.0,0.0,0.0,2.25,0.0,0.0,0.0,2.25,0.0,450,182,0.0,450,182,0.0,450,182,0.0,450,182,,,,1,,James,Hill,Hill,,,90,0,0,0,2,0,0,0,0,0,0,1,6,,,,0,0.0,2.0,1.0,6.0,1,5,1
61,a,,,5.5,192,28,0,0,0,0,4.3,75,31,1,1,1.0,263,96,0,0,1.0,263,96,0.2,0.2,0,10067,10067,11422,11422,2.5,2.5,0.0,0.0,0.0,2.25,0.0,0.0,0.0,2.25,0.0,467,186,0.0,467,186,0.0,467,186,0.0,467,186,,,,1,,Adrien,Truffert,Truffert,,,90,0,0,0,2,0,0,0,0,0,0,1,7,,,,0,0.0,2.0,1.0,7.0,2,5,7
62,a,,,5.0,291,52,0,0,0,0,0.2,348,130,0,0,0.0,474,176,0,0,0.0,474,176,0.0,0.0,0,1727,1727,1199,1199,2.2,2.2,0.0,0.0,0.0,0.0,0.0,0.0,0.0,0.0,0.0,279,142,0.0,279,142,0.0,279,142,0.0,279,142,,,,1,,Bafodé,Diakité,Diakité,,,0,0,0,0,0,0,0,0,0,0,0,0,0,,,,0,0.0,0.0,0.0,0.0,0,0,0
63,i,0.0,0.0,5.0,388,77,0,0,0,0,0.0,578,195,0,0,0.0,529,188,0,0,0.0,529,188,0.0,0.0,0,45,45,177,177,0.0,0.0,0.0,0.0,0.0,0.0,0.0,0.0,0.0,0.0,0.0,376,167,0.0,376,167,0.0,376,167,0.0,376,167,,,,1,,Veljko,Milosavljevic,Milosavljević,Unspecified injury - Unknown return date,,0,0,0,0,0,0,0,0,0,0,0,0,0,,,,0,0.0,0.0,0.0,0.0,0,0,0
64,a,,,4.5,399,79,0,0,0,0,0.1,402,142,1,1,1.0,182,62,0,4,1.0,182,62,0.2,0.2,0,1271,1271,431,431,1.7,1.7,0.0,0.0,0.0,2.25,0.0,0.0,0.0,2.25,0.0,75,55,0.0,75,55,0.0,75,55,0.0,75,55,,,,1,,Adam,Smith,Smith,,,90,0,0,0,2,0,0,0,0,0,0,1,5,,,,0,0.0,2.0,1.0,5.0,1,4,3
65,i,0.0,0.0,4.5,462,120,0,0,0,0,0.0,553,191,0,0,0.0,383,151,0,0,0.0,383,151,0.0,0.0,0,62,62,311,311,0.0,0.0,0.0,0.0,0.0,0.0,0.0,0.0,0.0,0.0,0.0,138,96,0.0,138,96,0.0,138,96,0.0,138,96,,,,1,,Julián,Araujo Zúñiga,J.Araujo,Thigh injury - Unknown return date,,0,0,0,0,0,0,0,0,0,0,0,0,0,,,,0,0.0,0.0,0.0,0.0,0,0,0
66,d,75.0,75.0,4.0,598,191,0,0,0,0,0.2,350,132,0,0,0.0,337,123,0,0,0.0,337,123,0.0,0.0,0,222,222,1365,1365,0.8,0.8,0.0,0.0,0.0,0.0,0.0,0.0,0.0,0.0,0.0,62,43,0.0,62,43,0.0,62,43,0.0,62,43,,,,1,,Julio,Soler Barreto,Soler,Hamstring injury - 75% chance of playing,,0,0,0,0,0,0,0,0,0,0,0,0,0,,,,0,0.0,0.0,0.0,0.0,0,0,0
67,a,,,6.5,50,35,0,0,0,0,2.8,106,35,2,2,2.0,164,81,0,9,2.0,164,81,0.3,0.3,0,11314,11314,10105,10105,2.3,2.3,0.04,0.03,0.07,2.06,0.04,0.03,0.07,2.11,0.0,575,245,0.0,575,245,0.0,575,245,0.0,575,245,,,,1,,Rayan Vitor,Simplício Rocha,Rayan,,,88,0,0,0,1,0,0,0,0,0,0,1,1,,,,0,0.0,1.02,1.02,1.02,0,1,0
68,a,,,6.0,66,44,0,0,0,0,1.9,125,38,10,10,10.0,18,9,3,32,10.0,18,9,1.7,1.7,0,31630,31630,4814,4814,2.2,2.2,0.4,0.08,0.48,2.25,0.4,0.08,0.48,2.25,0.0,510,201,0.0,510,201,0.0,510,201,0.0,510,201,1.0,1.0,3.0,1,,Marcus,Tavernier,Tavernier,,,90,1,0,0,2,0,0,0,0,0,0,1,8,,,,0,0.0,2.0,1.0,8.0,2,2,4
69,a,,,6.0,98,63,0,0,0,0,1.5,161,46,2,2,2.0,157,77,0,17,2.0,157,77,0.3,0.3,0,3841,3841,5816,5816,2.2,2.2,0.0,0.01,0.01,2.25,0.0,0.01,0.01,2.25,0.0,542,220,0.0,542,220,0.0,542,220,0.0,542,220,2.0,4.0,,1,,Alex,Scott,Scott,,,90,0,0,0,2,0,0,0,0,0,0,1,11,,,,0,0.0,2.0,1.0,11.0,4,1,6
70,a,,,6.0,74,47,0,0,0,0,1.2,180,59,3,3,3.0,104,46,0,15,3.0,104,46,0.5,0.5,0,6726,6726,4198,4198,2.2,2.2,0.11,0.0,0.11,1.94,0.13,0.0,0.13,2.36,0.0,518,204,0.0,518,204,0.0,518,204,0.0,518,204,3.0,2.0,2.0,1,,Justin,Kluivert,Kluivert,,,74,0,0,1,0,0,0,0,0,0,0,1,9,,,,0,1.22,0.0,1.22,10.95,3,1,5
71,a,,,5.0,244,147,0,0,0,0,0.2,370,139,3,3,3.0,86,34,0,8,3.0,86,34,0.6,0.6,0,1430,1430,774,774,1.5,1.5,0.0,0.0,0.0,1.94,0.0,0.0,0.0,2.33,0.0,232,39,0.0,232,39,0.0,232,39,0.0,232,39,5.0,,,1,,Lewis,Cook,Cook,,,75,0,0,1,0,0,0,0,0,0,0,1,7,,,,0,1.2,0.0,1.2,8.4,1,3,3
72,a,,,5.0,340,197,0,0,0,0,0.1,434,173,1,1,1.0,222,95,0,3,1.0,222,95,0.2,0.2,0,230,230,422,422,1.5,1.5,0.0,0.0,0.0,0.19,0.0,0.0,0.0,17.1,0.0,328,89,0.0,328,89,0.0,328,89,0.0,328,89,,,,1,,Ben,Gannon-Doak,Gannon-Doak,,,1,0,0,0,1,0,0,0,0,0,0,0,1,,,,0,0.0,90.0,0.0,90.0,0,0,1
73,a,100.0,75.0,5.0,257,156,0,0,0,0,0.2,337,120,1,1,1.0,212,91,0,4,1.0,212,91,0.2,0.2,0,1290,1290,1707,1707,1.5,1.1,0.0,0.0,0.0,0.31,0.0,0.0,0.0,1.86,0.0,245,48,0.0,245,48,0.0,245,48,0.0,245,48,,,,1,,Tyler,Adams,Adams,,,15,0,0,0,2,0,0,0,0,0,0,0,3,,,,0,0.0,12.0,0.0,18.0,0,3,0
74,a,100.0,75.0,5.0,236,142,0,0,0,0,0.0,482,196,0,0,0.0,442,169,0,0,0.0,442,169,0.0,0.0,0,198,198,388,388,1.5,1.1,0.0,0.0,0.0,0.0,0.0,0.0,0.0,0.0,0.0,224,34,0.0,224,34,0.0,224,34,0.0,224,34,4.0,3.0,,1,,David,Brooks,Brooks,,,0,0,0,0,0,0,0,0,0,0,0,0,0,,,,0,0.0,0.0,0.0,0.0,0,0,0
75,a,100.0,0.0,5.0,245,148,0,0,0,0,0.0,569,240,0,0,0.0,448,174,0,0,0.0,448,174,0.0,0.0,0,201,201,88,88,1.5,0.0,0.0,0.0,0.0,0.0,0.0,0.0,0.0,0.0,0.0,233,40,0.0,233,40,0.0,233,40,0.0,233,40,6.0,,,1,,Ryan,Christie,Christie,,,0,0,0,0,0,0,0,0,0,0,0,0,0,,,,0,0.0,0.0,0.0,0.0,0,0,0
76,a,,,5.0,387,231,0,0,0,0,0.0,561,234,1,1,1.0,236,104,0,5,1.0,236,104,0.2,0.2,0,54,54,69,69,1.5,1.5,0.0,0.0,0.0,0.31,0.0,0.0,0.0,1.86,0.0,375,123,0.0,375,123,0.0,375,123,0.0,375,123,,,,1,,Alex,Tóth,Tóth.A,,,15,0,0,0,2,0,0,0,0,0,0,0,2,,,,0,0.0,12.0,0.0,12.0,1,0,1
77,i,0.0,0.0,5.0,332,192,0,0,0,0,0.0,534,222,0,0,0.0,501,204,0,0,0.0,501,204,0.0,0.0,0,25,25,629,629,0.0,0.0,0.0,0.0,0.0,0.0,0.0,0.0,0.0,0.0,0.0,320,84,0.0,320,84,0.0,320,84,0.0,320,84,,,,1,,Amine,Adli,Adli,Unspecified injury - Unknown return date,,0,0,0,0,0,0,0,0,0,0,0,0,0,,,,0,0.0,0.0,0.0,0.0,0,0,0
78,i,0.0,0.0,7.5,22,13,0,0,0,0,0.4,275,90,0,0,0.0,605,267,0,0,0.0,605,267,0.0,0.0,0,313,313,8001,8001,0.0,0.0,0.0,0.0,0.0,0.0,0.0,0.0,0.0,0.0,0.0,598,261,0.0,598,261,0.0,598,261,0.0,598,261,,,1.0,1,,Junior,Kroupi,Kroupi.Jr,Foot injury - Unknown return date,,0,0,0,0,0,0,0,0,0,0,0,0,0,,,,0,0.0,0.0,0.0,0.0,0,0,0
79,a,,,6.0,84,22,0,0,0,0,2.6,110,14,4,4,4.0,79,9,0,17,4.0,79,9,0.7,0.7,0,30204,30204,7676,7676,2.0,2.0,0.0,0.21,0.21,1.94,0.0,0.26,0.26,2.36,0.0,528,55,0.0,528,55,0.0,528,55,0.0,528,55,,,,1,,Francisco Evanilson,de Lima Barbosa,Evanilson,,,74,0,1,1,0,0,0,0,1,0,0,1,8,,,,0,1.22,0.0,1.22,9.73,1,4,3
80,u,0.0,0.0,5.5,120,30,0,0,0,0,0.0,525,69,0,0,0.0,534,55,0,0,0.0,534,55,0.0,0.0,0,0,0,654,654,0.0,0.0,0.0,0.0,0.0,0.0,0.0,0.0,0.0,0.0,0.0,395,27,0.0,395,27,0.0,395,27,0.0,395,27,,,,1,,Enes,Ünal,Enes Ünal,Has joined Getafe permanently,,0,0,0,0,0,0,0,0,0,0,0,0,0,,,,0,0.0,0.0,0.0,0.0,0,0,0
22,a,,,5.5,196,121,0,0,0,0,0.0,572,242,0,0,0.0,565,243,0,0,0.0,565,243,0.0,0.0,0,38,38,188,188,2.0,2.0,0.0,0.0,0.0,0.0,0.0,0.0,0.0,0.0,0.0,471,179,0.0,471,179,0.0,471,179,0.0,471,179,,,,1,,Ethan,Nwaneri,Nwaneri,,,0,0,0,0,0,0,0,0,0,0,0,0,0,,,,0,0.0,0.0,0.0,0.0,0,0,0
23,a,,,5.5,161,100,0,0,0,0,0.0,584,249,0,0,0.0,553,235,0,0,0.0,553,235,0.0,0.0,0,40,40,127,127,2.0,2.0,0.0,0.0,0.0,0.0,0.0,0.0,0.0,0.0,0.0,436,158,0.0,436,158,0.0,436,158,0.0,436,158,,,,1,,Fábio,Ferreira Vieira,Fábio Vieira,,,0,0,0,0,0,0,0,0,0,0,0,0,0,,,,0,0.0,0.0,0.0,0.0,0,0,0
81,a,100.0,75.0,6.0,106,28,0,0,0,0,0.1,409,61,0,0,0.0,587,67,0,0,0.0,587,67,0.0,0.0,0,419,419,653,653,2.0,1.5,0.0,0.0,0.0,0.0,0.0,0.0,0.0,0.0,0.0,550,61,0.0,550,61,0.0,550,61,0.0,550,61,,,,1,,Álvaro,Rodríguez,Rodríguez,,,0,0,0,0,0,0,0,0,0,0,0,0,0,,,,0,0.0,0.0,0.0,0.0,0,0,0
566,a,,,5.0,326,64,0,0,0,0,0.3,291,108,2,2,2.0,131,47,0,5,2.0,131,47,0.4,0.4,0,2893,2893,886,886,2.2,2.2,0.0,0.0,0.0,2.25,0.0,0.0,0.0,2.25,0.0,314,154,0.0,314,154,0.0,314,154,0.0,314,154,,,,1,,António João,Pereira de Albuquerque Tavares da Silva,Silva,,,90,0,0,0,2,0,0,0,1,0,0,1,13,,,,0,0.0,2.0,1.0,13.0,0,13,1
608,a,,,5.0,358,58,0,0,0,0,0.0,554,70,1,1,1.0,230,21,0,6,1.0,230,21,0.2,0.2,0,729,729,111,111,1.4,1.4,0.1,0.0,0.1,0.31,0.6,0.0,0.6,1.86,0.0,346,22,0.0,346,22,0.0,346,22,0.0,346,22,,,,1,,Daniel,Jebbison,Jebbison,,,15,0,0,0,2,0,0,0,0,0,0,0,1,,,,0,0.0,12.0,0.0,6.0,0,0,1
82,a,,,5.0,256,11,0,0,0,0,6.2,59,8,7,7,7.0,36,3,0,34,7.0,36,3,1.4,1.4,0,35722,35722,7668,7668,2.6,2.6,0.0,0.01,0.01,0.57,0.0,0.01,0.01,0.57,0.0,244,53,0.0,244,53,0.0,244,53,0.0,244,53,,,,1,,Caoimhín,Kelleher,Kelleher,,,90,0,0,1,0,0,0,0,0,0,4,1,0,,,,4,1.0,0.0,1.0,0.0,0,0,5
83,a,,,4.5,492,43,0,0,0,0,0.1,413,45,0,0,0.0,398,54,0,0,0.0,398,54,0.0,0.0,0,297,297,411,411,1.9,1.9,0.0,0.0,0.0,0.0,0.0,0.0,0.0,0.0,0.0,168,42,0.0,168,42,0.0,168,42,0.0,168,42,,,,1,,Hákon Rafn,Valdimarsson,Valdimarsson,,,0,0,0,0,0,0,0,0,0,0,0,0,0,,,,0,0.0,0.0,0.0,0.0,0,0,0
84,a,,,5.5,158,19,0,0,0,0,2.0,123,51,6,6,6.0,56,24,0,21,6.0,56,24,1.1,1.1,0,12085,12085,3800,3800,2.5,2.5,0.34,0.04,0.38,0.57,0.34,0.04,0.38,0.57,0.0,433,177,0.0,433,177,0.0,433,177,0.0,433,177,,,,1,,Nathan,Collins,Collins,,,90,0,0,1,0,0,0,0,0,0,0,1,3,,,,0,1.0,0.0,1.0,3.0,0,3,3
85,i,0.0,0.0,5.0,305,57,0,0,0,0,0.1,400,141,0,0,0.0,484,179,0,0,0.0,484,179,0.0,0.0,0,97,97,2434,2434,0.0,0.0,0.0,0.0,0.0,0.0,0.0,0.0,0.0,0.0,0.0,293,147,0.0,293,147,0.0,293,147,0.0,293,147,,,,1,,Sepp,van den Berg,Van den Berg,Groin injury - Unknown return date,,0,0,0,0,0,0,0,0,0,0,0,0,0,,,,0,0.0,0.0,0.0,0.0,0,0,0
86,a,,,5.5,154,95,0,0,0,0,0.7,221,71,10,10,10.0,17,8,2,37,10.0,17,8,1.8,1.8,0,19531,19531,2776,2776,2.0,2.0,0.77,0.12,0.89,0.57,0.77,0.12,0.89,0.57,0.0,429,153,0.0,429,153,0.0,429,153,0.0,429,153,,1.0,,1,,Keane,Lewis-Potter,Lewis-Potter,,,90,1,0,1,0,0,0,0,0,0,0,1,10,,,,0,1.0,0.0,1.0,10.0,1,4,5
87,a,,,4.5,429,94,0,0,0,0,3.7,86,34,8,8,8.0,30,12,0,29,8.0,30,12,1.8,1.8,0,25396,25396,4688,4688,1.7,1.7,0.11,0.02,0.13,0.57,0.11,0.02,0.13,0.57,0.0,105,70,0.0,105,70,0.0,105,70,0.0,105,70,,,,1,,Kristoffer,Ajer,Ajer,,,90,0,0,1,0,0,0,0,0,0,0,1,10,,,,0,1.0,0.0,1.0,10.0,2,8,3
88,a,,,4.5,527,146,0,0,0,0,5.3,67,27,13,13,13.0,6,4,1,36,13.0,6,4,2.9,2.9,0,161999,161999,7476,7476,1.7,1.7,0.5,0.0,0.5,0.47,0.6,0.0,0.6,0.56,0.0,203,122,0.0,203,122,0.0,203,122,0.0,203,122,,,,1,,Michael,Kayode,Kayode,,,75,1,0,1,0,0,0,0,0,0,0,1,4,,,,0,1.2,0.0,1.2,4.8,0,4,5
89,a,,,4.5,430,95,0,0,0,0,0.3,314,118,0,0,0.0,364,137,0,0,0.0,364,137,0.0,0.0,0,331,331,1028,1028,1.7,1.7,0.0,0.0,0.0,0.0,0.0,0.0,0.0,0.0,0.0,106,71,0.0,106,71,0.0,106,71,0.0,106,71,,,,1,,Rico,Henry,Henry,,,0,0,0,0,0,0,0,0,0,0,0,0,0,,,,0,0.0,0.0,0.0,0.0,0,0,0
90,a,,,4.5,474,127,0,0,0,0,0.1,450,159,1,1,1.0,197,75,0,2,1.0,197,75,0.2,0.2,0,316,316,262,262,1.7,1.7,0.0,0.0,0.0,0.1,0.0,0.0,0.0,0.64,0.0,150,103,0.0,150,103,0.0,150,103,0.0,150,103,,,,1,,Aaron,Hickey,Hickey,,,14,0,0,0,0,0,0,0,0,0,0,0,0,,,,0,0.0,0.0,0.0,0.0,0,0,2
91,a,,,4.5,446,108,0,0,0,0,0.1,446,157,0,0,0.0,372,142,0,0,0.0,372,142,0.0,0.0,0,236,236,488,488,1.7,1.7,0.0,0.0,0.0,0.0,0.0,0.0,0.0,0.0,0.0,122,84,0.0,122,84,0.0,122,84,0.0,122,84,,,,1,,Ethan,Pinnock,Pinnock,,,0,0,0,0,0,0,0,0,0,0,0,0,0,,,,0,0.0,0.0,0.0,0.0,0,0,0
92,a,,,4.5,512,140,0,0,0,0,0.0,546,188,0,0,0.0,415,160,0,0,0.0,415,160,0.0,0.0,0,69,69,95,95,1.7,1.7,0.0,0.0,0.0,0.0,0.0,0.0,0.0,0.0,0.0,188,116,0.0,188,116,0.0,188,116,0.0,188,116,,,,1,,Kim,Ji-soo,Ji-soo,,,0,0,0,0,0,0,0,0,0,0,0,0,0,,,,0,0.0,0.0,0.0,0.0,0,0,0
93,a,,,4.5,493,134,0,0,0,0,0.2,363,138,0,0,0.0,399,156,0,0,0.0,399,156,0.0,0.0,0,86,86,535,535,1.7,1.7,0.0,0.0,0.0,0.0,0.0,0.0,0.0,0.0,0.0,169,110,0.0,169,110,0.0,169,110,0.0,169,110,,,,1,,Jannik,Schuster,Schuster,,,0,0,0,0,0,0,0,0,0,0,0,0,0,,,,0,0.0,0.0,0.0,0.0,0,0,0
94,a,,,6.0,100,65,0,0,0,0,3.6,94,31,3,3,3.0,105,47,0,17,3.0,105,47,0.5,0.5,0,10359,10359,11254,11254,2.2,2.2,0.52,0.01,0.53,0.57,0.52,0.01,0.53,0.57,0.0,544,222,0.0,544,222,0.0,544,222,0.0,544,222,,,2.0,1,,Kevin,Schade,Schade,,,90,0,0,1,0,0,0,0,0,0,0,1,9,,,,0,1.0,0.0,1.0,9.0,3,1,5
95,a,,,6.5,53,37,0,0,0,0,1.2,181,60,3,3,3.0,107,49,0,6,3.0,107,49,0.5,0.5,0,3612,3612,4661,4661,2.3,2.3,0.05,0.29,0.34,0.47,0.07,0.4,0.47,0.64,0.0,578,247,0.0,578,247,0.0,578,247,0.0,578,247,2.0,,,1,,Dango,Ouattara,O.Dango,,,66,0,0,1,0,0,0,0,0,0,0,1,6,,,,0,1.36,0.0,1.36,8.18,0,2,4
96,a,,,5.5,162,101,0,0,0,0,0.6,246,81,1,1,1.0,254,116,0,6,1.0,254,116,0.2,0.2,0,961,961,3652,3652,2.0,2.0,0.0,0.11,0.11,0.1,0.0,0.71,0.71,0.64,0.0,437,159,0.0,437,159,0.0,437,159,0.0,437,159,3.0,3.0,,1,,Mikkel,Damsgaard,Damsgaard,,,14,0,0,0,0,0,0,0,0,0,0,0,4,,,,0,0.0,0.0,0.0,25.71,1,0,3
97,a,,,5.5,138,85,0,0,0,0,0.2,339,122,6,6,6.0,55,24,0,22,6.0,55,24,1.1,1.1,0,1653,1653,587,587,2.0,2.0,0.08,0.34,0.42,0.47,0.11,0.46,0.57,0.64,0.0,413,143,0.0,413,143,0.0,413,143,0.0,413,143,1.0,2.0,3.0,1,,Mathias,Jensen,Jensen,,,66,0,1,1,0,0,0,0,0,0,0,1,5,,,,0,1.36,0.0,1.36,6.82,2,0,3
98,a,,,5.0,260,158,0,0,0,0,0.3,318,110,9,9,9.0,20,10,0,35,9.0,20,10,1.8,1.8,0,11584,11584,1469,1469,1.5,1.5,0.39,0.17,0.56,0.57,0.39,0.17,0.56,0.57,0.0,248,50,0.0,248,50,0.0,248,50,0.0,248,50,4.0,,,1,,Vitaly,Janelt,Janelt,,,90,1,0,1,0,0,0,0,1,0,0,1,13,,,,0,1.0,0.0,1.0,13.0,4,6,3
99,i,0.0,0.0,5.0,367,216,0,0,0,0,0.0,606,265,0,0,0.0,519,215,0,0,0.0,519,215,0.0,0.0,0,19,19,27,27,0.0,0.0,0.0,0.0,0.0,0.0,0.0,0.0,0.0,0.0,0.0,355,108,0.0,355,108,0.0,355,108,0.0,355,108,,,,1,,Antoni,Milambo,Milambo,Knee injury - Unknown return date,,0,0,0,0,0,0,0,0,0,0,0,0,0,,,,0,0.0,0.0,0.0,0.0,0,0,0
100,d,75.0,75.0,5.0,292,174,0,0,0,0,0.0,567,238,0,0,0.0,475,189,0,0,0.0,475,189,0.0,0.0,0,24,24,161,161,1.1,1.1,0.0,0.0,0.0,0.0,0.0,0.0,0.0,0.0,0.0,280,66,0.0,280,66,0.0,280,66,0.0,280,66,,,,1,,Fábio,Freitas Gouveia Carvalho,Carvalho,Lack of match fitness - 75% chance of playing,,0,0,0,0,0,0,0,0,0,0,0,0,0,,,,0,0.0,0.0,0.0,0.0,0,0,0
102,a,,,5.0,349,202,0,0,0,0,1.2,176,57,1,1,1.0,226,97,0,7,1.0,226,97,0.2,0.2,0,409,409,6149,6149,1.5,1.5,0.04,0.0,0.04,0.1,0.16,0.0,0.16,0.39,0.0,337,94,0.0,337,94,0.0,337,94,0.0,337,94,,,,1,,Yehor,Yarmoliuk,Yarmoliuk,,,23,0,0,0,0,0,0,0,0,0,0,0,6,,,,0,0.0,0.0,0.0,23.48,2,1,3
103,a,,,5.0,253,153,0,0,0,0,0.0,532,220,0,0,0.0,453,177,0,0,0.0,453,177,0.0,0.0,0,109,109,174,174,1.5,1.5,0.0,0.0,0.0,0.0,0.0,0.0,0.0,0.0,0.0,241,45,0.0,241,45,0.0,241,45,0.0,241,45,,,,1,,Josh,Dasilva,Dasilva,,,0,0,0,0,0,0,0,0,0,0,0,0,0,,,,0,0.0,0.0,0.0,0.0,0,0,0
105,a,,,6.0,85,54,0,0,0,0,0.2,369,138,1,1,1.0,279,130,0,9,1.0,279,130,0.2,0.2,0,736,736,1094,1094,2.2,2.2,0.03,0.35,0.38,0.1,0.12,1.37,1.49,0.39,0.0,529,211,0.0,529,211,0.0,529,211,0.0,529,211,,,,1,,Jaidon,Anthony,Anthony,,,23,0,0,0,0,0,0,0,0,0,0,0,8,,,,0,0.0,0.0,0.0,31.3,2,0,6
106,a,,,8.0,12,4,0,0,0,0,17.1,23,4,0,0,0.0,607,73,0,-3,0.0,607,73,0.0,0.0,0,45838,45838,57922,57922,2.5,2.5,1.0,0.08,1.08,0.5,1.1,0.09,1.19,0.55,0.0,604,71,0.0,604,71,0.0,604,71,0.0,604,71,,,1.0,1,,Igor Thiago,Nascimento Rodrigues,Thiago,,,82,0,0,1,0,0,0,1,0,0,0,1,5,,,,0,1.1,0.0,1.1,5.49,0,1,4
107,a,,,4.5,522,70,0,0,0,0,0.9,203,34,0,0,0.0,422,42,0,0,0.0,422,42,0.0,0.0,0,4052,4052,3968,3968,1.0,1.0,0.0,0.0,0.0,0.0,0.0,0.0,0.0,0.0,0.0,198,9,0.0,198,9,0.0,198,9,0.0,198,9,,,,1,,Kaye,Furo,Furo,,,0,0,0,0,0,0,0,0,0,0,0,0,0,,,,0,0.0,0.0,0.0,0.0,0,0,0
108,a,,,5.5,113,29,0,0,0,0,0.4,276,47,1,1,1.0,243,22,0,4,1.0,243,22,0.2,0.2,0,1961,1961,2207,2207,1.8,1.8,0.03,0.04,0.07,0.07,0.39,0.51,0.9,0.9,0.0,388,26,0.0,388,26,0.0,388,26,0.0,388,26,,,,1,,Callum,Wilson,Wilson,,,7,0,0,0,0,0,0,0,0,0,0,0,0,,,,0,0.0,0.0,0.0,0.0,0,0,0
565,a,,,5.5,200,124,0,0,0,0,5.6,63,21,14,14,14.0,5,2,3,41,14.0,5,2,2.5,2.5,0,195433,195433,8165,8165,2.0,2.0,0.05,0.33,0.38,0.47,0.06,0.4,0.46,0.56,0.0,475,182,0.0,475,182,0.0,475,182,0.0,475,182,,,,1,,Mamadou,Sangaré,M.Sangaré,,,75,0,2,1,0,0,0,0,0,0,0,1,13,,,,0,1.2,0.0,1.2,15.6,2,4,7
109,a,,,4.5,482,42,0,0,0,0,21.7,14,3,6,6,6.0,50,5,0,25,6.0,50,5,1.3,1.3,0,37779,37779,18076,18076,1.9,1.9,0.0,0.0,0.0,0.29,0.0,0.0,0.0,0.29,0.0,158,41,0.0,158,41,0.0,158,41,0.0,158,41,,,,1,,Bart,Verbruggen,Verbruggen,,,90,0,0,1,0,0,0,0,0,0,0,1,0,,,,0,1.0,0.0,1.0,0.0,0,0,4
111,a,,,4.0,539,50,0,0,0,0,4.1,80,12,0,0,0.0,295,23,0,0,0.0,295,23,0.0,0.0,0,4778,4778,6043,6043,1.0,1.0,0.0,0.0,0.0,0.0,0.0,0.0,0.0,0.0,0.0,3,3,0.0,3,3,0.0,3,3,0.0,3,3,,,,1,,Jason,Steele,Steele,,,0,0,0,0,0,0,0,0,0,0,0,0,0,,,,0,0.0,0.0,0.0,0.0,0,0,0
113,d,75.0,,4.5,447,109,0,0,0,0,2.6,113,46,0,0,0.0,373,143,0,0,0.0,373,143,0.0,0.0,0,1921,1921,27172,27172,1.3,1.7,0.0,0.0,0.0,0.0,0.0,0.0,0.0,0.0,0.0,123,85,0.0,123,85,0.0,123,85,0.0,123,85,3.0,,,1,,Ferdi,Kadıoğlu,F.Kadıoğlu,Unspecified injury - 75% chance of playing,,0,0,0,0,0,0,0,0,0,0,0,0,0,,,,0,0.0,0.0,0.0,0.0,0,0,0
114,a,,,4.5,434,98,0,0,0,0,0.2,319,120,6,6,6.0,45,18,0,29,6.0,45,18,1.3,1.3,0,1563,1563,559,559,1.7,1.7,0.0,0.04,0.04,0.29,0.0,0.04,0.04,0.29,0.0,110,74,0.0,110,74,0.0,110,74,0.0,110,74,,,,1,,Olivier,Boscagli,Boscagli,,,90,0,0,1,0,0,0,0,0,0,0,1,6,,,,0,1.0,0.0,1.0,6.0,1,5,4
115,a,,,4.5,471,125,0,0,0,0,4.6,72,29,17,17,17.0,1,1,2,46,17.0,1,1,3.8,3.8,0,236250,236250,6891,6891,1.7,1.7,1.47,0.21,1.68,0.29,1.72,0.25,1.97,0.34,0.0,147,101,0.0,147,101,0.0,147,101,0.0,147,101,2.0,4.0,,1,,Maxim,De Cuyper,De Cuyper,,,77,1,1,1,0,0,0,0,0,0,0,1,4,,,,0,1.17,0.0,1.17,4.68,3,1,3
117,a,,,4.5,504,138,0,0,0,0,0.0,548,190,0,0,0.0,409,159,0,0,0.0,409,159,0.0,0.0,0,96,96,106,106,1.7,1.7,0.0,0.0,0.0,0.0,0.0,0.0,0.0,0.0,0.0,180,114,0.0,180,114,0.0,180,114,0.0,180,114,,,,1,,Diego,Coppola,Coppola,,,0,0,0,0,0,0,0,0,0,0,0,0,0,,,,0,0.0,0.0,0.0,0.0,0,0,0
118,a,,,4.5,441,103,0,0,0,0,0.1,435,152,0,0,0.0,371,141,0,0,0.0,371,141,0.0,0.0,0,294,294,408,408,1.7,1.7,0.0,0.0,0.0,0.0,0.0,0.0,0.0,0.0,0.0,117,79,0.0,117,79,0.0,117,79,0.0,117,79,,,,1,,Igor Julio,dos Santos de Paulo,Igor,,,0,0,0,0,0,0,0,0,0,0,0,0,0,,,,0,0.0,0.0,0.0,0.0,0,0,0
119,a,,,4.5,466,123,0,0,0,0,0.0,519,179,1,1,1.0,193,72,0,7,1.0,193,72,0.2,0.2,0,153,153,103,103,1.7,1.7,0.12,0.0,0.12,0.1,0.42,0.0,0.42,0.35,0.0,142,99,0.0,142,99,0.0,142,99,0.0,142,99,,,,1,,João Pedro,Loureiro da Costa,Costinha,,,26,0,0,0,0,0,0,0,0,0,0,0,4,,,,0,0.0,0.0,0.0,13.85,1,3,0
120,a,,,5.0,310,58,0,0,0,0,0.1,480,168,0,0,0.0,489,180,0,0,0.0,489,180,0.0,0.0,0,497,497,333,333,2.2,2.2,0.0,0.0,0.0,0.0,0.0,0.0,0.0,0.0,0.0,298,148,0.0,298,148,0.0,298,148,0.0,298,148,,,,1,,Michael,Svoboda,Svoboda,,,0,0,0,0,0,0,0,0,0,0,0,0,0,,,,0,0.0,0.0,0.0,0.0,0,0,0
121,i,0.0,0.0,6.0,87,56,0,0,0,0,0.0,488,201,0,0,0.0,580,251,0,0,0.0,580,251,0.0,0.0,0,104,104,713,713,0.0,0.0,0.0,0.0,0.0,0.0,0.0,0.0,0.0,0.0,0.0,531,213,0.0,531,213,0.0,531,213,0.0,531,213,,,,1,,Mitoma,Kaoru,Mitoma,Hamstring injury - Unknown return date,,0,0,0,0,0,0,0,0,0,0,0,0,0,,,,0,0.0,0.0,0.0,0.0,0,0,0
122,i,0.0,0.0,6.0,107,68,0,0,0,0,0.1,447,179,0,0,0.0,588,255,0,0,0.0,588,255,0.0,0.0,0,100,100,2072,2072,0.0,0.0,0.0,0.0,0.0,0.0,0.0,0.0,0.0,0.0,0.0,551,225,0.0,551,225,0.0,551,225,0.0,551,225,5.0,,,1,,Yankuba,Minteh,Minteh,Leg injury - Expected back 28 Nov,,0,0,0,0,0,0,0,0,0,0,0,0,0,,,,0,0.0,0.0,0.0,0.0,0,0,0
123,a,,,6.0,101,66,0,0,0,0,1.5,162,47,16,16,16.0,2,1,3,54,16.0,2,1,2.7,2.7,0,76037,76037,7292,7292,2.2,2.2,1.41,0.02,1.43,0.19,2.01,0.03,2.04,0.27,0.0,545,223,0.0,545,223,0.0,545,223,0.0,545,223,,,,1,,Jack,Hinshelwood,Hinshelwood,,,63,2,0,1,0,0,0,0,0,0,0,1,3,,,,0,1.43,0.0,1.43,4.29,2,0,1
124,a,,,5.5,112,73,0,0,0,0,13.7,28,9,2,2,2.0,136,63,0,18,2.0,136,63,0.4,0.4,0,11956,11956,47653,47653,2.0,2.0,0.0,0.27,0.27,0.29,0.0,0.27,0.27,0.29,0.0,387,131,0.0,387,131,0.0,387,131,0.0,387,131,1.0,1.0,1.0,1,,Pascal,Groß,Groß,,,90,0,0,1,0,0,0,0,1,0,0,1,5,,,,0,1.0,0.0,1.0,5.0,3,0,2
125,a,,,5.5,174,41,0,0,0,0,1.0,195,30,5,5,5.0,70,7,0,22,5.0,70,7,0.9,0.9,0,13959,13959,3718,3718,1.8,1.8,0.08,0.44,0.52,0.29,0.08,0.44,0.52,0.29,0.0,449,38,0.0,449,38,0.0,449,38,0.0,449,38,,,,1,,Georginio,Rutter,Georginio,,,90,0,1,1,0,0,0,0,0,0,0,1,7,,,,0,1.0,0.0,1.0,7.0,2,1,4
126,a,,,5.5,143,88,0,0,0,0,0.1,422,165,0,0,0.0,547,231,0,0,0.0,547,231,0.0,0.0,0,325,325,661,661,2.0,2.0,0.0,0.0,0.0,0.0,0.0,0.0,0.0,0.0,0.0,418,146,0.0,418,146,0.0,418,146,0.0,418,146,,,3.0,1,,Matt,O'Riley,O'Riley,,,0,0,0,0,0,0,0,0,0,0,0,0,0,,,,0,0.0,0.0,0.0,0.0,0,0,0
127,a,,,5.0,353,204,0,0,0,0,3.8,85,28,6,6,6.0,52,23,0,27,6.0,52,23,1.2,1.2,0,9002,9002,7221,7221,1.5,1.5,0.18,0.48,0.66,0.29,0.19,0.51,0.7,0.31,0.0,341,96,0.0,341,96,0.0,341,96,0.0,341,96,,5.0,,1,,Diego,Gómez Amarilla,Gomez,,,85,0,1,1,0,0,0,0,0,0,0,1,6,,,,0,1.06,0.0,1.06,6.35,3,2,1
128,u,0.0,0.0,5.0,365,214,0,0,0,0,0.0,597,259,0,0,0.0,518,214,0,0,0.0,518,214,0.0,0.0,0,0,0,111,111,0.0,0.0,0.0,0.0,0.0,0.0,0.0,0.0,0.0,0.0,0.0,353,106,0.0,353,106,0.0,353,106,0.0,353,106,,,,1,,Facundo,Buonanotte,Buonanotte,Has joined Elche on loan for the rest of the season,,0,0,0,0,0,0,0,0,0,0,0,0,0,,,,0,0.0,0.0,0.0,0.0,0,0,0
129,a,,,5.5,199,123,0,0,0,0,0.7,231,77,2,2,2.0,146,70,0,8,2.0,146,70,0.4,0.4,0,1667,1667,3439,3439,2.0,2.0,0.11,0.03,0.14,0.19,0.16,0.04,0.2,0.27,0.0,474,181,0.0,474,181,0.0,474,181,0.0,474,181,4.0,2.0,,1,,Yasin,Ayari,Ayari,,,63,0,0,1,0,0,0,0,1,0,0,1,4,,,,0,1.43,0.0,1.43,5.71,0,1,3
130,a,,,5.0,318,61,0,0,0,0,0.4,281,105,7,7,7.0,37,13,1,32,7.0,37,13,1.4,1.4,0,6694,6694,1190,1190,2.2,2.2,0.09,0.05,0.14,0.29,0.11,0.06,0.17,0.34,0.0,306,151,0.0,306,151,0.0,306,151,0.0,306,151,,,,1,,Mats,Wieffer,Wieffer,,,77,0,0,1,0,0,0,0,0,0,0,1,8,,,,0,1.17,0.0,1.17,9.35,4,4,5
131,i,0.0,0.0,5.0,360,209,0,0,0,0,0.2,354,129,0,0,0.0,514,210,0,0,0.0,514,210,0.0,0.0,0,1114,1114,2321,2321,0.0,0.0,0.0,0.0,0.0,0.0,0.0,0.0,0.0,0.0,0.0,348,101,0.0,348,101,0.0,348,101,0.0,348,101,,,,1,,Carlos,Baleba,Baleba,Ankle injury - Unknown return date,,0,0,0,0,0,0,0,0,0,0,0,0,0,,,,0,0.0,0.0,0.0,0.0,0,0,0
132,u,0.0,0.0,4.5,524,262,0,0,0,0,0.1,469,190,0,0,0.0,424,161,0,0,0.0,424,161,0.0,0.0,0,0,0,952,952,0.0,0.0,0.0,0.0,0.0,0.0,0.0,0.0,0.0,0.0,0.0,200,24,0.0,200,24,0.0,200,24,0.0,200,24,,,,1,,Harry,Howell,Howell,Has joined Leicester City on loan for the rest of the season,,0,0,0,0,0,0,0,0,0,0,0,0,0,,,,0,0.0,0.0,0.0,0.0,0,0,0
133,u,0.0,0.0,5.0,370,219,0,0,0,0,0.0,605,264,0,0,0.0,521,217,0,0,0.0,521,217,0.0,0.0,0,0,0,36,36,0.0,0.0,0.0,0.0,0.0,0.0,0.0,0.0,0.0,0.0,0.0,358,111,0.0,358,111,0.0,358,111,0.0,358,111,,,,1,,Tom,Watson,Watson,Has joined Leicester City on loan for the rest of the season,,0,0,0,0,0,0,0,0,0,0,0,0,0,,,,0,0.0,0.0,0.0,0.0,0,0,0
134,a,,,4.5,508,256,0,0,0,0,0.3,304,103,0,0,0.0,412,156,0,0,0.0,412,156,0.0,0.0,0,918,918,1270,1270,1.0,1.0,0.0,0.0,0.0,0.0,0.0,0.0,0.0,0.0,0.0,184,18,0.0,184,18,0.0,184,18,0.0,184,18,,,,1,,Nehemiah,Oriola,Oriola,,,0,0,0,0,0,0,0,0,0,0,0,0,0,,,,0,0.0,0.0,0.0,0.0,0,0,0
135,a,,,5.0,398,238,0,0,0,0,0.1,454,184,1,1,1.0,242,109,0,3,1.0,242,109,0.2,0.2,0,207,207,396,396,1.5,1.5,0.0,0.03,0.03,0.0,0.0,0.22,0.22,0.0,0.0,386,130,0.0,386,130,0.0,386,130,0.0,386,130,,,,1,,Zadok,Yohanna,Yohanna,,,12,0,0,0,0,0,0,0,0,0,0,0,0,,,,0,0.0,0.0,0.0,0.0,0,0,0
137,i,0.0,0.0,5.5,220,46,0,0,0,0,0.0,586,72,0,0,0.0,571,61,0,0,0.0,571,61,0.0,0.0,0,52,52,132,132,0.0,0.0,0.0,0.0,0.0,0.0,0.0,0.0,0.0,0.0,0.0,495,43,0.0,495,43,0.0,495,43,0.0,495,43,,,,1,,Stefanos,Tzimas,Tzimas,Knee injury - Unknown return date,,0,0,0,0,0,0,0,0,0,0,0,0,0,,,,0,0.0,0.0,0.0,0.0,0,0,0
138,a,,,5.5,223,47,0,0,0,0,0.2,333,53,1,1,1.0,270,29,0,-1,1.0,270,29,0.2,0.2,0,468,468,952,952,1.8,1.8,0.18,0.0,0.18,0.1,0.62,0.0,0.62,0.35,0.0,498,44,0.0,498,44,0.0,498,44,0.0,498,44,,,,1,,Charalampos,Kostoulas,Kostoulas,,,26,0,0,0,0,0,0,0,0,0,0,0,2,,,,0,0.0,0.0,0.0,6.92,1,0,1
139,i,0.0,0.0,5.0,329,55,0,0,0,0,0.0,520,68,0,0,0.0,499,49,0,0,0.0,499,49,0.0,0.0,0,191,191,340,340,0.0,0.0,0.0,0.0,0.0,0.0,0.0,0.0,0.0,0.0,0.0,317,19,0.0,317,19,0.0,317,19,0.0,317,19,,,,1,,Evan,Ferguson,Ferguson,Ankle injury - Expected back 10 Oct,,0,0,0,0,0,0,0,0,0,0,0,0,0,,,,0,0.0,0.0,0.0,0.0,0,0,0
328,a,100.0,100.0,5.0,279,50,0,0,0,0,0.2,323,122,0,0,0.0,464,174,0,0,0.0,464,174,0.0,0.0,0,923,923,1209,1209,2.2,2.2,0.0,0.0,0.0,0.0,0.0,0.0,0.0,0.0,0.0,267,140,0.0,267,140,0.0,267,140,0.0,267,140,,,,1,,Pascal,Struijk,Struijk,,,0,0,0,0,0,0,0,0,0,0,0,0,0,,,,0,0.0,0.0,0.0,0.0,0,0,0
594,a,,,6.0,102,25,0,0,0,0,0.3,310,52,0,0,0.0,586,66,0,0,0.0,586,66,0.0,0.0,0,1495,1495,1761,1761,2.0,2.0,0.0,0.0,0.0,0.0,0.0,0.0,0.0,0.0,0.0,546,58,0.0,546,58,0.0,546,58,0.0,546,58,,,2.0,1,,Promise,David,David,,,0,0,0,0,0,0,0,0,0,0,0,0,0,,,,0,0.0,0.0,0.0,0.0,0,0,0
600,a,,,5.0,386,230,0,0,0,0,0.0,571,241,1,1,1.0,235,103,0,7,1.0,235,103,0.2,0.2,0,127,127,76,76,1.5,1.5,0.0,0.05,0.05,0.0,0.0,0.38,0.38,0.0,0.0,374,122,0.0,374,122,0.0,374,122,0.0,374,122,,,,1,,Ibrahim,Osman,Osman,,,12,0,0,0,0,0,0,0,0,0,0,0,2,,,,0,0.0,0.0,0.0,15.0,0,0,2
605,a,,,4.5,528,263,0,0,0,0,0.0,511,215,1,1,1.0,207,89,0,3,1.0,207,89,0.2,0.2,0,1410,1410,227,227,1.0,1.0,0.0,0.01,0.01,0.0,0.0,0.22,0.22,0.0,0.0,204,25,0.0,204,25,0.0,204,25,0.0,204,25,,,,1,,Malick,Yalcouyé,Yalcouyé,,,4,0,0,0,0,0,0,0,0,0,0,0,0,,,,0,0.0,0.0,0.0,0.0,0,0,0
40,a,,,7.5,16,9,0,0,0,0,25.1,12,6,8,8,8.0,34,17,1,37,8.0,34,17,1.1,1.1,0,95546,95546,29778,29778,2.6,2.6,0.96,0.1,1.06,1.24,1.07,0.11,1.18,1.38,0.0,592,257,0.0,592,257,0.0,592,257,0.0,592,257,4.0,,,1,,Morgan,Rogers,Rogers,,,81,1,0,0,2,0,0,0,0,0,0,1,7,,,,0,0.0,2.22,1.11,7.78,2,0,5
101,d,75.0,75.0,5.0,225,139,0,0,0,0,0.0,504,211,0,0,0.0,434,167,0,0,0.0,434,167,0.0,0.0,0,143,143,346,346,1.1,1.1,0.0,0.0,0.0,0.0,0.0,0.0,0.0,0.0,0.0,213,31,0.0,213,31,0.0,213,31,0.0,213,31,,,,1,,Jordan,Henderson,Henderson,Wrist injury - 75% chance of playing,,0,0,0,0,0,0,0,0,0,0,0,0,0,,,,0,0.0,0.0,0.0,0.0,0,0,0
136,a,100.0,75.0,6.0,57,13,0,0,0,0,1.1,192,29,0,0,0.0,575,63,0,0,0.0,575,63,0.0,0.0,0,608,608,12247,12247,2.0,1.5,0.0,0.0,0.0,0.0,0.0,0.0,0.0,0.0,0.0,501,46,0.0,501,46,0.0,501,46,0.0,501,46,,,,1,,Danny,Welbeck,Welbeck,,,0,0,0,0,0,0,0,0,0,0,0,0,0,,,,0,0.0,0.0,0.0,0.0,0,0,0
140,a,,,5.0,269,12,0,0,0,0,2.4,117,18,2,2,2.0,125,14,0,6,2.0,125,14,0.4,0.4,0,5026,5026,7752,7752,2.6,2.6,0.0,0.01,0.01,1.33,0.0,0.01,0.01,1.33,0.0,257,54,0.0,257,54,0.0,257,54,0.0,257,54,,,,1,,Robert,Lynch Sánchez,Sánchez,,,90,0,0,0,2,0,0,0,0,0,4,1,0,,,,4,0.0,2.0,1.0,0.0,0,1,5
141,u,0.0,0.0,5.0,350,21,0,0,0,0,0.0,566,65,0,0,0.0,512,67,0,0,0.0,512,67,0.0,0.0,0,0,0,351,351,0.0,0.0,0.0,0.0,0.0,0.0,0.0,0.0,0.0,0.0,0.0,338,63,0.0,338,63,0.0,338,63,0.0,338,63,,,,1,,Filip,Jörgensen,Jörgensen,Has joined RC Strasbourg on loan for the rest of the season,,0,0,0,0,0,0,0,0,0,0,0,0,0,,,,0,0.0,0.0,0.0,0.0,0,0,0
142,a,,,5.5,145,16,0,0,0,0,10.3,38,13,0,0,0.0,549,192,0,5,0.0,549,192,0.0,0.0,0,35099,35099,30811,30811,2.5,2.5,0.1,0.07,0.17,1.33,0.1,0.07,0.17,1.33,0.0,420,174,0.0,420,174,0.0,420,174,0.0,420,174,1.0,1.0,,1,,Reece,James,James,,,90,0,0,0,2,0,0,0,1,0,0,1,6,,,,0,0.0,2.0,1.0,6.0,0,6,4
143,u,0.0,0.0,5.5,126,12,0,0,0,0,0.2,374,139,0,0,0.0,538,189,0,0,0.0,538,189,0.0,0.0,0,0,0,5223,5223,0.0,0.0,0.0,0.0,0.0,0.0,0.0,0.0,0.0,0.0,0.0,401,170,0.0,401,170,0.0,401,170,0.0,401,170,,,,1,,Trevoh,Chalobah,Chalobah,Has joined Como permanently,,0,0,0,0,0,0,0,0,0,0,0,0,0,,,,0,0.0,0.0,0.0,0.0,0,0,0
144,a,,,5.0,325,63,0,0,0,0,1.2,179,70,1,1,1.0,221,88,0,2,1.0,221,88,0.2,0.2,0,7178,7178,4746,4746,2.2,2.2,0.0,0.03,0.03,1.11,0.0,0.04,0.04,1.33,0.0,313,153,0.0,313,153,0.0,313,153,0.0,313,153,,,,1,,Malo,Gusto,Gusto,,,75,0,0,0,2,0,0,0,0,0,0,1,3,,,,0,0.0,2.4,1.2,3.6,1,2,4
145,a,100.0,0.0,5.0,304,56,0,0,0,0,0.0,558,193,0,0,0.0,483,178,0,0,0.0,483,178,0.0,0.0,0,193,193,123,123,2.2,0.0,0.0,0.0,0.0,0.0,0.0,0.0,0.0,0.0,0.0,292,146,0.0,292,146,0.0,292,146,0.0,292,146,,,,1,,Wesley,Fofana,Fofana,,,0,0,0,0,0,0,0,0,0,0,0,0,0,,,,0,0.0,0.0,0.0,0.0,0,0,0
146,a,,,4.5,453,113,0,0,0,0,0.0,529,181,0,0,0.0,378,147,0,0,0.0,378,147,0.0,0.0,0,212,212,233,233,1.7,1.7,0.0,0.0,0.0,0.0,0.0,0.0,0.0,0.0,0.0,129,89,0.0,129,89,0.0,129,89,0.0,129,89,,,,1,,Benoît,Badiashile Mukinayi,B.Badiashile,,,0,0,0,0,0,0,0,0,0,0,0,0,0,,,,0,0.0,0.0,0.0,0.0,0,0,0
147,a,,,4.5,412,84,0,0,0,0,0.2,341,128,0,0,0.0,354,134,0,0,0.0,354,134,0.0,0.0,0,171,171,847,847,1.7,1.7,0.0,0.0,0.0,0.0,0.0,0.0,0.0,0.0,0.0,88,60,0.0,88,60,0.0,88,60,0.0,88,60,,,,1,,Tosin,Adarabioyo,Tosin,,,0,0,0,0,0,0,0,0,0,0,0,0,0,,,,0,0.0,0.0,0.0,0.0,0,0,0
148,a,,,4.5,505,139,0,0,0,0,0.5,259,97,1,1,1.0,203,80,0,5,1.0,203,80,0.2,0.2,0,1995,1995,1951,1951,1.7,1.7,0.01,0.03,0.04,1.05,0.01,0.04,0.05,1.48,0.0,181,115,0.0,181,115,0.0,181,115,0.0,181,115,,,,1,,Jorrel,Hato,Hato,,,64,0,0,0,2,0,0,0,0,0,0,1,3,,,,0,0.0,2.81,1.41,4.22,2,1,2
149,a,,,5.0,311,59,0,0,0,0,1.6,149,63,0,0,0.0,490,181,0,6,0.0,490,181,0.0,0.0,0,6328,6328,6988,6988,2.2,2.2,0.01,0.03,0.04,1.33,0.01,0.03,0.04,1.33,0.0,299,149,0.0,299,149,0.0,299,149,0.0,299,149,,,,1,,Levi,Samuels Colwill,Colwill,,,90,0,0,0,2,0,0,0,1,0,0,1,4,,,,0,0.0,2.0,1.0,4.0,2,2,3
150,a,,,4.5,514,141,0,0,0,0,0.1,439,154,0,0,0.0,417,161,0,0,0.0,417,161,0.0,0.0,0,292,292,426,426,1.7,1.7,0.0,0.0,0.0,0.0,0.0,0.0,0.0,0.0,0.0,190,117,0.0,190,117,0.0,190,117,0.0,190,117,,,,1,,Mamadou,Sarr,M.Sarr,,,0,0,0,0,0,0,0,0,0,0,0,0,0,,,,0,0.0,0.0,0.0,0.0,0,0,0
151,a,,,4.5,517,143,0,0,0,0,0.3,296,110,3,3,3.0,85,36,0,13,3.0,85,36,0.7,0.7,0,2029,2029,1138,1138,1.7,1.7,0.0,0.01,0.01,1.33,0.0,0.01,0.01,1.33,0.0,193,119,0.0,193,119,0.0,193,119,0.0,193,119,,,,1,,Josh,Acheampong,Acheampong,,,90,0,0,0,2,0,0,0,0,0,0,1,15,,,,0,0.0,2.0,1.0,15.0,5,10,6
152,d,75.0,,5.5,222,34,0,0,0,0,2.7,107,42,0,0,0.0,573,198,0,0,0.0,573,198,0.0,0.0,0,4494,4494,20151,20151,1.9,2.5,0.0,0.0,0.0,0.0,0.0,0.0,0.0,0.0,0.0,497,192,0.0,497,192,0.0,497,192,0.0,497,192,,,,1,,Marco,Palestra,Palestra,Unspecified injury - 75% chance of playing,,0,0,0,0,0,0,0,0,0,0,0,0,0,,,,0,0.0,0.0,0.0,0.0,0,0,0
154,d,75.0,,9.5,4,3,0,0,0,0,11.8,33,11,13,13,13.0,8,4,3,60,13.0,8,4,1.4,1.4,0,102925,102925,17160,17160,2.4,3.2,0.28,0.19,0.47,1.24,0.31,0.21,0.52,1.36,0.0,608,267,0.0,608,267,0.0,608,267,0.0,608,267,,3.0,1.0,1,,Cole,Palmer,Palmer,Calf injury - 75% chance of playing,,82,1,1,0,2,0,0,0,0,0,0,1,9,,,,0,0.0,2.2,1.1,9.88,2,0,7
155,a,,,7.0,29,19,0,0,0,0,5.1,69,22,1,1,1.0,291,141,0,6,1.0,291,141,0.1,0.1,0,11171,11171,28777,28777,2.5,2.5,0.0,0.02,0.02,0.28,0.0,0.07,0.07,1.01,0.0,587,255,0.0,587,255,0.0,587,255,0.0,587,255,3.0,2.0,2.0,1,,Enzo,Fernández,Enzo,,,25,0,0,0,0,0,0,0,0,0,0,0,3,,,,0,0.0,0.0,0.0,10.8,0,0,3
156,a,,,6.5,42,29,0,0,0,0,1.3,170,52,1,1,1.0,286,136,0,9,1.0,286,136,0.2,0.2,0,3509,3509,8338,8338,2.3,2.3,0.03,0.07,0.1,0.22,0.19,0.45,0.64,1.41,0.0,567,239,0.0,567,239,0.0,567,239,0.0,567,239,2.0,4.0,,1,,Pedro,Lomba Neto,Neto,,,14,0,0,0,0,0,0,0,0,0,0,0,4,,,,0,0.0,0.0,0.0,25.71,1,0,3
157,a,,,6.5,55,39,0,0,0,0,1.3,175,56,1,1,1.0,288,138,0,3,1.0,288,138,0.2,0.2,0,3507,3507,9972,9972,2.3,2.3,0.0,0.0,0.0,0.09,0.0,0.0,0.0,1.16,0.0,580,249,0.0,580,249,0.0,580,249,0.0,580,249,5.0,,3.0,1,,Estêvão,Almeida de Oliveira Gonçalves,Estêvão,,,7,0,0,0,0,0,0,0,0,0,0,0,1,,,,0,0.0,0.0,0.0,12.86,0,0,1
158,a,,,6.0,89,57,0,0,0,0,0.0,508,214,0,0,0.0,582,252,0,0,0.0,582,252,0.0,0.0,0,165,165,324,324,2.2,2.2,0.0,0.0,0.0,0.0,0.0,0.0,0.0,0.0,0.0,533,214,0.0,533,214,0.0,533,214,0.0,533,214,,,,1,,Jamie,Bynoe-Gittens,Gittens,,,0,0,0,0,0,0,0,0,0,0,0,0,0,,,,0,0.0,0.0,0.0,0.0,0,0,0
159,d,75.0,,5.5,190,116,0,0,0,0,3.7,90,30,0,0,0.0,563,241,0,0,0.0,563,241,0.0,0.0,0,8656,8656,35910,35910,1.5,2.0,0.0,0.0,0.0,0.0,0.0,0.0,0.0,0.0,0.0,465,174,0.0,465,174,0.0,465,174,0.0,465,174,,,,1,,Moisés,Caicedo Corozo,Caicedo,Unspecified injury - 75% chance of playing,,0,0,0,0,0,0,0,0,0,0,0,0,0,,,,0,0.0,0.0,0.0,0.0,0,0,0
161,a,,,5.0,354,205,0,0,0,0,0.1,476,194,1,1,1.0,227,98,0,8,1.0,227,98,0.2,0.2,0,506,506,415,415,1.5,1.5,0.21,0.03,0.24,1.05,0.3,0.04,0.34,1.48,0.0,342,97,0.0,342,97,0.0,342,97,0.0,342,97,,,,1,,Roméo,Lavia,Lavia,,,64,0,0,0,2,0,0,0,1,0,0,1,9,,,,0,0.0,2.81,1.41,12.66,3,2,4
163,a,,,4.5,484,249,0,0,0,0,0.2,346,126,0,0,0.0,390,149,0,0,0.0,390,149,0.0,0.0,0,785,785,1390,1390,1.0,1.0,0.0,0.0,0.0,0.0,0.0,0.0,0.0,0.0,0.0,160,11,0.0,160,11,0.0,160,11,0.0,160,11,,,,1,,Dário,Luís Essugo,D.Essugo,,,0,0,0,0,0,0,0,0,0,0,0,0,0,,,,0,0.0,0.0,0.0,0.0,0,0,0
164,a,100.0,100.0,5.5,219,137,0,0,0,0,0.0,499,208,1,1,1.0,269,125,0,2,1.0,269,125,0.2,0.2,0,135,135,377,377,2.0,2.0,0.0,0.0,0.0,0.09,0.0,0.0,0.0,1.01,0.0,494,195,0.0,494,195,0.0,494,195,0.0,494,195,,,,1,,Geovany,Quenda,Quenda,,,8,0,0,0,0,0,0,0,0,0,0,0,1,,,,0,0.0,0.0,0.0,11.25,0,1,0
165,a,,,7.5,19,7,0,0,0,0,65.2,2,2,11,11,11.0,13,1,2,45,11.0,13,1,1.5,1.5,0,146951,146951,17733,17733,2.4,2.4,0.63,0.06,0.69,1.33,0.63,0.06,0.69,1.33,0.0,595,68,0.0,595,68,0.0,595,68,0.0,595,68,,,,1,,João Pedro,Junqueira de Jesus,João Pedro,,,90,1,1,0,2,0,0,0,0,0,0,1,3,,,,0,0.0,2.0,1.0,3.0,0,1,2
166,a,,,6.5,52,12,0,0,0,0,0.3,288,51,0,0,0.0,599,68,0,0,0.0,599,68,0.0,0.0,0,1534,1534,3474,3474,2.1,2.1,0.0,0.0,0.0,0.0,0.0,0.0,0.0,0.0,0.0,577,63,0.0,577,63,0.0,577,63,0.0,577,63,,,,1,,Nicolas,Jackson,N.Jackson,,,0,0,0,0,0,0,0,0,0,0,0,0,0,,,,0,0.0,0.0,0.0,0.0,0,0,0
167,a,,,5.5,173,40,0,0,0,0,0.5,265,46,0,0,0.0,558,60,0,0,0.0,558,60,0.0,0.0,0,1087,1087,3241,3241,1.8,1.8,0.0,0.0,0.0,0.0,0.0,0.0,0.0,0.0,0.0,448,37,0.0,448,37,0.0,448,37,0.0,448,37,,,4.0,1,,Liam,Delap,Delap,,,0,0,0,0,0,0,0,0,0,0,0,0,0,,,,0,0.0,0.0,0.0,0.0,0,0,0
168,a,,,5.0,343,56,0,0,0,0,0.5,257,44,0,0,0.0,509,50,0,0,0.0,509,50,0.0,0.0,0,1375,1375,2819,2819,1.4,1.4,0.0,0.0,0.0,0.0,0.0,0.0,0.0,0.0,0.0,331,20,0.0,331,20,0.0,331,20,0.0,331,20,,,,1,,Marc,Guiu Paz,Marc Guiu,,,0,0,0,0,0,0,0,0,0,0,0,0,0,,,,0,0.0,0.0,0.0,0.0,0,0,0
169,a,,,4.5,511,69,0,0,0,0,0.4,283,49,0,0,0.0,414,41,0,0,0.0,414,41,0.0,0.0,0,1658,1658,2145,2145,1.0,1.0,0.0,0.0,0.0,0.0,0.0,0.0,0.0,0.0,0.0,187,8,0.0,187,8,0.0,187,8,0.0,187,8,,,,1,,Shumaira,Mheuka,Mheuka,,,0,0,0,0,0,0,0,0,0,0,0,0,0,,,,0,0.0,0.0,0.0,0.0,0,0,0
170,a,100.0,100.0,5.0,348,57,0,0,0,0,0.2,378,56,0,0,0.0,511,51,0,0,0.0,511,51,0.0,0.0,0,970,970,1174,1174,1.4,1.4,0.0,0.0,0.0,0.0,0.0,0.0,0.0,0.0,0.0,336,21,0.0,336,21,0.0,336,21,0.0,336,21,,,,1,,Emmanuel,Emegha,Emegha,,,0,0,0,0,0,0,0,0,0,0,0,0,0,,,,0,0.0,0.0,0.0,0.0,0,0,0
200,a,,,6.0,80,8,0,0,0,0,9.3,46,16,6,6,6.0,61,28,0,25,6.0,61,28,1.0,1.0,0,25971,25971,20313,20313,2.8,2.8,0.0,0.2,0.2,1.33,0.0,0.2,0.2,1.33,0.0,524,196,0.0,524,196,0.0,524,196,0.0,524,196,,,,1,,Maxence,Lacroix,Lacroix,,,90,0,1,0,2,0,0,0,0,0,0,1,12,,,,0,0.0,2.0,1.0,12.0,5,7,2
560,a,,,4.5,503,46,0,0,0,0,0.1,455,50,0,0,0.0,408,57,0,0,0.0,408,57,0.0,0.0,0,160,160,334,334,1.9,1.9,0.0,0.0,0.0,0.0,0.0,0.0,0.0,0.0,0.0,179,45,0.0,179,45,0.0,179,45,0.0,179,45,,,,1,,Mike,Penders,Penders,,,0,0,0,0,0,0,0,0,0,0,0,0,0,,,,0,0.0,0.0,0.0,0.0,0,0,0
561,d,25.0,,4.5,531,148,0,0,0,0,0.0,547,189,0,0,0.0,428,164,0,0,0.0,428,164,0.0,0.0,0,93,93,241,241,0.4,1.7,0.0,0.0,0.0,0.0,0.0,0.0,0.0,0.0,0.0,207,124,0.0,207,124,0.0,207,124,0.0,207,124,,,,1,,Aaron,Anselmino,Anselmino,Hamstring injury - 25% chance of playing,,0,0,0,0,0,0,0,0,0,0,0,0,0,,,,0,0.0,0.0,0.0,0.0,0,0,0
568,a,,,5.5,203,127,0,0,0,0,0.1,386,149,0,0,0.0,567,245,0,0,0.0,567,245,0.0,0.0,0,197,197,690,690,2.0,2.0,0.0,0.0,0.0,0.0,0.0,0.0,0.0,0.0,0.0,478,185,0.0,478,185,0.0,478,185,0.0,478,185,,,,1,,Valentín,Barco,Barco,,,0,0,0,0,0,0,0,0,0,0,0,0,0,,,,0,0.0,0.0,0.0,0.0,0,0,0
104,a,,,5.0,296,177,0,0,0,0,0.2,376,143,2,2,2.0,130,58,0,8,2.0,130,58,0.4,0.4,0,820,820,684,684,1.5,1.5,0.0,0.01,0.01,1.88,0.0,0.01,0.01,1.88,0.0,284,69,0.0,284,69,0.0,284,69,0.0,284,69,,,,1,,Frank,Onyeka,Onyeka,,,90,0,0,0,3,0,0,0,0,0,0,1,9,,,,0,0.0,3.0,1.0,9.0,1,3,5
14,a,,,6.5,41,28,0,0,0,0,1.9,127,39,1,1,1.0,285,135,0,4,1.0,285,135,0.2,0.2,0,2903,2903,23706,23706,2.3,2.3,0.04,0.0,0.04,0.15,0.26,0.0,0.26,0.96,0.0,566,238,0.0,566,238,0.0,566,238,0.0,566,238,,3.0,,1,,Eberechi,Eze,Eze,,,14,0,0,0,0,0,0,0,0,0,0,0,2,,,,0,0.0,0.0,0.0,12.86,0,0,2
110,a,,,4.5,475,39,0,0,0,0,1.2,182,27,1,1,1.0,198,17,0,0,1.0,198,17,0.2,0.2,0,2516,2516,1990,1990,1.9,1.9,0.0,0.01,0.01,1.88,0.0,0.01,0.01,1.88,0.0,151,38,0.0,151,38,0.0,151,38,0.0,151,38,,,,1,,Carl,Rushworth,Rushworth,,,90,0,0,0,3,0,0,0,0,0,2,1,0,,,,2,0.0,3.0,1.0,0.0,0,1,7
171,a,,,4.0,581,64,0,0,0,0,1.6,153,21,0,0,0.0,322,37,0,0,0.0,322,37,0.0,0.0,0,986,986,2849,2849,1.0,1.0,0.0,0.0,0.0,0.0,0.0,0.0,0.0,0.0,0.0,45,17,0.0,45,17,0.0,45,17,0.0,45,17,,,,1,,Oliver,Dovin,Dovin,,,0,0,0,0,0,0,0,0,0,0,0,0,0,,,,0,0.0,0.0,0.0,0.0,0,0,0
172,a,,,4.5,413,28,0,0,0,0,0.5,255,35,0,0,0.0,355,45,0,0,0.0,355,45,0.0,0.0,0,110,110,1537,1537,1.9,1.9,0.0,0.0,0.0,0.0,0.0,0.0,0.0,0.0,0.0,89,27,0.0,89,27,0.0,89,27,0.0,89,27,,,,1,,Ben,Wilson,Wilson,,,0,0,0,0,0,0,0,0,0,0,0,0,0,,,,0,0.0,0.0,0.0,0.0,0,0,0
173,a,,,4.0,577,174,0,0,0,0,8.0,53,21,3,3,3.0,82,33,0,11,3.0,82,33,0.8,0.8,0,15467,15467,10123,10123,1.0,1.0,0.02,0.01,0.03,1.88,0.02,0.01,0.03,1.88,0.0,41,26,0.0,41,26,0.0,41,26,0.0,41,26,,,,1,,Bobby,Thomas,Thomas,,,90,0,0,0,3,0,0,0,0,0,0,1,10,,,,0,0.0,3.0,1.0,10.0,1,9,2
174,a,,,4.0,570,169,0,0,0,0,0.7,225,85,0,0,0.0,315,107,0,0,0.0,315,107,0.0,0.0,0,263,263,2159,2159,1.0,1.0,0.0,0.0,0.0,0.0,0.0,0.0,0.0,0.0,0.0,34,21,0.0,34,21,0.0,34,21,0.0,34,21,,,,1,,Liam,Kitching,Kitching,,,0,0,0,0,0,0,0,0,0,0,0,0,0,,,,0,0.0,0.0,0.0,0.0,0,0,0
175,a,,,4.0,575,172,0,0,0,0,13.4,30,10,1,1,1.0,178,58,0,-8,1.0,178,58,0.2,0.2,0,15246,15246,24850,24850,1.0,1.0,0.0,0.01,0.01,1.88,0.0,0.01,0.01,1.88,0.0,39,24,0.0,39,24,0.0,39,24,0.0,39,24,,,,1,,Milan,van Ewijk,van Ewijk,,,90,0,0,0,3,0,0,0,0,0,0,1,7,,,,0,0.0,3.0,1.0,7.0,1,6,3
176,a,,,4.0,555,157,0,0,0,0,0.9,211,78,1,1,1.0,176,56,0,-4,1.0,176,56,0.2,0.2,0,1144,1144,1744,1744,1.0,1.0,0.0,0.02,0.02,1.88,0.0,0.02,0.02,1.88,0.0,19,9,0.0,19,9,0.0,19,9,0.0,19,9,,,,1,,Jay,Dasilva,Dasilva,,,90,0,0,0,3,0,0,0,0,0,0,1,6,,,,0,0.0,3.0,1.0,6.0,0,6,1
177,a,,,4.0,579,175,0,0,0,0,0.1,464,162,0,0,0.0,320,109,0,0,0.0,320,109,0.0,0.0,0,85,85,265,265,1.0,1.0,0.0,0.0,0.0,0.0,0.0,0.0,0.0,0.0,0.0,43,27,0.0,43,27,0.0,43,27,0.0,43,27,,,,1,,Kaine,Kesler-Hayden,Kesler-Hayden,,,0,0,0,0,0,0,0,0,0,0,0,0,0,,,,0,0.0,0.0,0.0,0.0,0,0,0
178,a,,,4.0,542,149,0,0,0,0,0.1,430,151,0,0,0.0,298,98,0,0,0.0,298,98,0.0,0.0,0,337,337,392,392,1.0,1.0,0.0,0.0,0.0,0.0,0.0,0.0,0.0,0.0,0.0,6,1,0.0,6,1,0.0,6,1,0.0,6,1,,,,1,,Jake,Bidwell,Bidwell,,,0,0,0,0,0,0,0,0,0,0,0,0,0,,,,0,0.0,0.0,0.0,0.0,0,0,0
179,a,,,4.0,559,161,0,0,0,0,0.0,498,173,0,0,0.0,308,103,0,0,0.0,308,103,0.0,0.0,0,66,66,196,196,1.0,1.0,0.0,0.0,0.0,0.0,0.0,0.0,0.0,0.0,0.0,23,13,0.0,23,13,0.0,23,13,0.0,23,13,,,,1,,Joel,Latibeaudiere,Latibeaudiere,,,0,0,0,0,0,0,0,0,0,0,0,0,0,,,,0,0.0,0.0,0.0,0.0,0,0,0
180,a,,,4.0,564,165,0,0,0,0,0.2,361,137,0,0,0.0,311,105,0,0,0.0,311,105,0.0,0.0,0,493,493,810,810,1.0,1.0,0.0,0.0,0.0,0.0,0.0,0.0,0.0,0.0,0.0,28,17,0.0,28,17,0.0,28,17,0.0,28,17,,,,1,,Luke,Woolfenden,Woolfenden,,,0,0,0,0,0,0,0,0,0,0,0,0,0,,,,0,0.0,0.0,0.0,0.0,0,0,0
181,a,,,4.0,599,192,0,0,0,0,0.0,501,174,0,0,0.0,338,124,0,0,0.0,338,124,0.0,0.0,0,131,131,161,161,1.0,1.0,0.0,0.0,0.0,0.0,0.0,0.0,0.0,0.0,0.0,63,44,0.0,63,44,0.0,63,44,0.0,63,44,,,,1,,Miguel,Brau,Brau,,,0,0,0,0,0,0,0,0,0,0,0,0,0,,,,0,0.0,0.0,0.0,0.0,0,0,0
182,a,,,4.0,590,183,0,0,0,0,0.9,207,75,1,1,1.0,179,59,0,1,1.0,179,59,0.2,0.2,0,1318,1318,1945,1945,1.0,1.0,0.0,0.01,0.01,1.88,0.0,0.01,0.01,1.88,0.0,54,35,0.0,54,35,0.0,54,35,0.0,54,35,,,,1,,Aurèle,Amenda,Amenda,,,90,0,0,0,3,0,0,0,0,0,0,1,9,,,,0,0.0,3.0,1.0,9.0,0,9,4
183,a,100.0,100.0,5.0,323,188,0,0,0,0,0.1,389,150,1,1,1.0,220,94,0,3,1.0,220,94,0.2,0.2,0,336,336,622,622,1.5,1.5,0.15,0.0,0.15,0.29,0.68,0.0,0.68,1.3,0.0,311,80,0.0,311,80,0.0,311,80,0.0,311,80,3.0,1.0,,1,,Jack,Rudoni,Rudoni,,,20,0,0,0,0,0,0,0,0,0,0,0,5,,,,0,0.0,0.0,0.0,22.5,1,0,4
184,a,,,5.0,247,150,0,0,0,0,0.2,351,128,2,2,2.0,121,54,0,14,2.0,121,54,0.4,0.4,0,819,819,727,727,1.5,1.5,0.0,0.01,0.01,1.88,0.0,0.01,0.01,1.88,0.0,235,42,0.0,235,42,0.0,235,42,0.0,235,42,1.0,,3.0,1,,Matt,Grimes,Grimes,,,90,0,0,0,3,0,0,0,0,0,0,1,7,,,,0,0.0,3.0,1.0,7.0,0,4,3
185,a,,,5.0,346,200,0,0,0,0,0.1,417,163,0,0,0.0,510,209,0,0,0.0,510,209,0.0,0.0,0,67,67,717,717,1.5,1.5,0.0,0.0,0.0,0.0,0.0,0.0,0.0,0.0,0.0,334,92,0.0,334,92,0.0,334,92,0.0,334,92,,,,1,,Tatsuhiro,Sakamoto,Sakamoto,,,0,0,0,0,0,0,0,0,0,0,0,0,0,,,,0,0.0,0.0,0.0,0.0,0,0,0
187,a,,,5.0,302,179,0,0,0,0,0.0,562,235,0,0,0.0,481,193,0,0,0.0,481,193,0.0,0.0,0,33,33,134,134,1.5,1.5,0.0,0.0,0.0,0.0,0.0,0.0,0.0,0.0,0.0,290,71,0.0,290,71,0.0,290,71,0.0,290,71,,,,1,,Josh,Eccles,Eccles,,,0,0,0,0,0,0,0,0,0,0,0,0,0,,,,0,0.0,0.0,0.0,0.0,0,0,0
188,a,,,5.5,146,90,0,0,0,0,0.2,367,136,1,1,1.0,250,114,0,8,1.0,250,114,0.2,0.2,0,81,81,867,867,2.0,2.0,0.0,0.11,0.11,0.32,0.0,0.35,0.35,1.03,0.0,421,148,0.0,421,148,0.0,421,148,0.0,421,148,2.0,2.0,2.0,1,,Victor,Torp,Torp,,,28,0,0,0,0,0,0,0,0,0,0,0,1,,,,0,0.0,0.0,0.0,3.21,0,1,0
189,a,,,4.5,536,268,0,0,0,0,0.3,295,99,0,0,0.0,433,166,0,0,0.0,433,166,0.0,0.0,0,558,558,1556,1556,1.0,1.0,0.0,0.0,0.0,0.0,0.0,0.0,0.0,0.0,0.0,212,30,0.0,212,30,0.0,212,30,0.0,212,30,,,,1,,George,Shepherd,Shepherd,,,0,0,0,0,0,0,0,0,0,0,0,0,0,,,,0,0.0,0.0,0.0,0.0,0,0,0
15,a,,,6.5,35,23,0,0,0,0,10.3,37,14,11,11,11.0,11,6,3,41,11.0,11,6,1.7,1.7,0,157234,157234,14747,14747,2.3,2.3,0.21,0.1,0.31,0.06,0.25,0.12,0.37,0.07,0.0,560,233,0.0,560,233,0.0,560,233,0.0,560,233,4.0,,3.0,1,,Martin,Ødegaard,Ødegaard,,,75,1,0,1,0,0,0,0,0,0,0,1,8,,,,0,1.2,0.0,1.2,9.6,3,1,4
20,a,,,5.5,221,138,0,0,0,0,0.1,431,170,0,0,0.0,572,247,0,0,0.0,572,247,0.0,0.0,0,231,231,1404,1404,2.0,2.0,0.0,0.0,0.0,0.0,0.0,0.0,0.0,0.0,0.0,496,196,0.0,496,196,0.0,496,196,0.0,496,196,,,,1,,Max,Dowman,Dowman,,,0,0,0,0,0,0,0,0,0,0,0,0,0,,,,0,0.0,0.0,0.0,0.0,0,0,0
25,a,,,7.5,15,6,0,0,0,0,8.0,54,8,0,0,0.0,602,70,0,0,0.0,602,70,0.0,0.0,0,4986,4986,117626,117626,2.4,2.4,0.0,0.0,0.0,0.0,0.0,0.0,0.0,0.0,0.0,591,67,0.0,591,67,0.0,591,67,0.0,591,67,,,2.0,1,,Viktor,Gyökeres,Gyökeres,,,0,0,0,0,0,0,0,0,0,0,0,0,0,,,,0,0.0,0.0,0.0,0.0,0,0,0
190,a,,,5.5,180,109,0,0,0,0,0.2,383,146,2,2,2.0,144,68,0,11,2.0,144,68,0.4,0.4,0,676,676,598,598,2.0,2.0,0.04,0.02,0.06,1.76,0.04,0.02,0.06,1.96,0.0,455,167,0.0,455,167,0.0,455,167,0.0,455,167,,,,1,,Loum,Tchaouna,Tchaouna,,,81,0,0,0,3,0,0,0,0,0,0,1,8,,,,0,0.0,3.33,1.11,8.89,0,3,5
191,a,,,4.5,486,251,0,0,0,0,0.2,364,134,0,0,0.0,392,151,0,0,0.0,392,151,0.0,0.0,0,335,335,951,951,1.0,1.0,0.0,0.0,0.0,0.0,0.0,0.0,0.0,0.0,0.0,162,13,0.0,162,13,0.0,162,13,0.0,162,13,,,,1,,Raphael,Borges Rodrigues,Borges Rodrigues,,,0,0,0,0,0,0,0,0,0,0,0,0,0,,,,0,0.0,0.0,0.0,0.0,0,0,0
192,a,,,4.5,532,265,0,0,0,0,0.7,230,76,0,0,0.0,429,163,0,0,0.0,429,163,0.0,0.0,0,1469,1469,3617,3617,1.0,1.0,0.0,0.0,0.0,0.0,0.0,0.0,0.0,0.0,0.0,208,27,0.0,208,27,0.0,208,27,0.0,208,27,,,,1,,Kaine,Andrews,Andrews,,,0,0,0,0,0,0,0,0,0,0,0,0,0,,,,0,0.0,0.0,0.0,0.0,0,0,0
193,i,0.0,0.0,5.5,125,34,0,0,0,0,0.2,373,55,0,0,0.0,537,58,0,0,0.0,537,58,0.0,0.0,0,62,62,3122,3122,0.0,0.0,0.0,0.0,0.0,0.0,0.0,0.0,0.0,0.0,0.0,400,31,0.0,400,31,0.0,400,31,0.0,400,31,,,1.0,1,,Haji,Wright,Wright,Thigh injury - Unknown return date,,0,0,0,0,0,0,0,0,0,0,0,0,0,,,,0,0.0,0.0,0.0,0.0,0,0,0
194,a,,,5.0,284,52,0,0,0,0,0.8,216,36,2,2,2.0,129,12,0,9,2.0,129,12,0.4,0.4,0,5937,5937,3368,3368,1.4,1.4,0.0,0.02,0.02,1.6,0.0,0.03,0.03,2.09,0.0,272,16,0.0,272,16,0.0,272,16,0.0,272,16,,,4.0,1,,Brandon,Thomas-Asante,Thomas-Asante,,,69,0,0,0,3,0,0,0,0,0,0,1,6,,,,0,0.0,3.91,1.3,7.83,0,5,1
195,a,,,5.0,273,50,0,0,0,0,0.9,201,33,2,2,2.0,127,11,0,7,2.0,127,11,0.4,0.4,0,8003,8003,3795,3795,1.4,1.4,0.0,0.01,0.01,1.6,0.0,0.01,0.01,2.09,0.0,261,14,0.0,261,14,0.0,261,14,0.0,261,14,,,,1,,Ellis,Simms,Simms,,,69,0,0,0,3,0,0,0,0,0,0,1,3,,,,0,0.0,3.91,1.3,3.91,0,1,2
196,u,0.0,0.0,5.0,372,59,0,0,0,0,0.0,565,71,0,0,0.0,523,52,0,0,0.0,523,52,0.0,0.0,0,0,0,361,361,0.0,0.0,0.0,0.0,0.0,0.0,0.0,0.0,0.0,0.0,0.0,360,23,0.0,360,23,0.0,360,23,0.0,360,23,,,,1,,Jahnoah,Markelo,Markelo,Has joined Shabab Al-Ahli Dubai permanently,,0,0,0,0,0,0,0,0,0,0,0,0,0,,,,0,0.0,0.0,0.0,0.0,0,0,0
197,u,0.0,0.0,4.5,502,66,0,0,0,0,0.0,494,66,0,0,0.0,407,39,0,0,0.0,407,39,0.0,0.0,0,0,0,501,501,0.0,0.0,0.0,0.0,0.0,0.0,0.0,0.0,0.0,0.0,0.0,178,5,0.0,178,5,0.0,178,5,0.0,178,5,,,,1,,Norman,Bassette,Bassette,Has joined KVC Westerlo on loan for the rest of the season,,0,0,0,0,0,0,0,0,0,0,0,0,0,,,,0,0.0,0.0,0.0,0.0,0,0,0
492,a,,,5.5,140,36,0,0,0,0,0.8,213,35,1,1,1.0,249,24,0,4,1.0,249,24,0.2,0.2,0,2069,2069,4077,4077,1.8,1.8,0.0,0.0,0.0,0.29,0.0,0.0,0.0,1.3,0.0,415,33,0.0,415,33,0.0,415,33,0.0,415,33,,,5.0,1,,Taiwo,Awoniyi,Awoniyi,,,20,0,0,0,0,0,0,0,0,0,0,0,1,,,,0,0.0,0.0,0.0,4.5,0,0,1
575,a,,,5.0,396,236,0,0,0,0,0.3,317,109,1,1,1.0,241,108,0,2,1.0,241,108,0.2,0.2,0,414,414,1337,1337,1.5,1.5,0.0,0.0,0.0,1.56,0.0,0.0,0.0,2.3,0.0,384,128,0.0,384,128,0.0,384,128,0.0,384,128,,,,1,,Caleb,Yirenkyi,Yirenkyi,,,61,0,0,0,3,0,0,0,1,0,0,1,3,,,,0,0.0,4.43,1.48,4.43,0,0,3
584,a,,,5.5,129,80,0,0,0,0,0.2,384,147,1,1,1.0,246,112,0,3,1.0,246,112,0.2,0.2,0,180,180,683,683,2.0,2.0,0.0,0.0,0.0,0.13,0.0,0.0,0.0,1.46,0.0,404,138,0.0,404,138,0.0,404,138,0.0,404,138,,,,1,,Gustavo,Hamer,Hamer,,,8,0,0,0,0,0,0,0,0,0,0,0,1,,,,0,0.0,0.0,0.0,11.25,0,0,1
599,a,,,5.0,389,60,0,0,0,0,0.1,427,62,0,0,0.0,530,53,0,0,0.0,530,53,0.0,0.0,0,827,827,666,666,1.4,1.4,0.0,0.0,0.0,0.0,0.0,0.0,0.0,0.0,0.0,377,24,0.0,377,24,0.0,377,24,0.0,377,24,,,,1,,Sidiki,Cherif,Cherif,,,0,0,0,0,0,0,0,0,0,0,0,0,0,,,,0,0.0,0.0,0.0,0.0,0,0,0
42,a,,,5.5,188,115,0,0,0,0,0.0,490,203,1,1,1.0,260,118,0,3,1.0,260,118,0.2,0.2,0,215,215,329,329,2.0,2.0,0.03,0.02,0.05,0.14,0.1,0.07,0.17,0.47,0.0,463,173,0.0,463,173,0.0,463,173,0.0,463,173,,,,1,,Evann,Guessand,Guessand,,,27,0,0,0,0,0,0,0,0,0,0,0,1,,,,0,0.0,0.0,0.0,3.33,1,0,0
198,a,100.0,75.0,5.0,250,10,0,0,0,0,1.9,130,19,2,2,2.0,122,13,0,14,2.0,122,13,0.4,0.4,0,2792,2792,7269,7269,2.6,2.0,0.0,0.0,0.0,1.12,0.0,0.0,0.0,1.12,0.0,238,52,0.0,238,52,0.0,238,52,0.0,238,52,,,,1,,Dean,Henderson,Henderson,,,90,0,0,0,2,0,0,0,0,0,3,1,0,,,,3,0.0,2.0,1.0,0.0,0,3,13
199,a,,,4.5,414,29,0,0,0,0,0.1,404,44,0,0,0.0,356,46,0,0,0.0,356,46,0.0,0.0,0,267,267,554,554,1.9,1.9,0.0,0.0,0.0,0.0,0.0,0.0,0.0,0.0,0.0,90,28,0.0,90,28,0.0,90,28,0.0,90,28,,,,1,,Walter,Benítez,Benitez,,,0,0,0,0,0,0,0,0,0,0,0,0,0,,,,0,0.0,0.0,0.0,0.0,0,0,0
201,a,,,5.5,153,18,0,0,0,0,9.1,47,17,0,0,0.0,552,193,0,-4,0.0,552,193,0.0,0.0,0,10864,10864,57542,57542,2.5,2.5,0.23,0.01,0.24,0.84,0.38,0.02,0.4,1.4,0.0,428,176,0.0,428,176,0.0,428,176,0.0,428,176,,,,1,,Daniel,Muñoz Mejía,Muñoz,,,54,0,0,0,2,0,0,0,0,0,0,1,4,,,,0,0.0,3.33,1.67,6.67,1,3,1
202,a,,,5.0,295,53,0,0,0,0,0.8,220,83,3,3,3.0,89,38,0,13,3.0,89,38,0.6,0.6,0,2239,2239,2598,2598,2.2,2.2,0.0,0.0,0.0,1.12,0.0,0.0,0.0,1.12,0.0,283,143,0.0,283,143,0.0,283,143,0.0,283,143,,,,1,,Chris,Richards,Richards,,,90,0,0,0,2,0,0,0,0,0,0,1,16,,,,0,0.0,2.0,1.0,16.0,2,14,1
203,a,,,5.0,393,78,0,0,0,0,0.3,289,107,1,1,1.0,239,92,0,9,1.0,239,92,0.2,0.2,0,486,486,1635,1635,2.2,2.2,0.05,0.01,0.06,1.12,0.05,0.01,0.06,1.12,0.0,381,168,0.0,381,168,0.0,381,168,0.0,381,168,,,,1,,Jaydee,Canvot,Canvot,,,90,0,0,0,2,0,0,0,0,0,0,1,8,,,,0,0.0,2.0,1.0,8.0,4,4,3
204,a,,,4.5,457,116,0,0,0,0,6.0,62,24,1,1,1.0,191,70,0,9,1.0,191,70,0.2,0.2,0,3789,3789,23577,23577,1.7,1.7,0.0,0.01,0.01,1.12,0.0,0.01,0.01,1.12,0.0,133,92,0.0,133,92,0.0,133,92,0.0,133,92,,,,1,,Tyrick,Mitchell,Mitchell,,,90,0,0,0,2,0,0,0,0,0,0,1,5,,,,0,0.0,2.0,1.0,5.0,2,3,4
205,a,,,4.5,437,100,0,0,0,0,0.0,523,180,0,0,0.0,368,139,0,0,0.0,368,139,0.0,0.0,0,80,80,165,165,1.7,1.7,0.0,0.0,0.0,0.0,0.0,0.0,0.0,0.0,0.0,113,76,0.0,113,76,0.0,113,76,0.0,113,76,,,,1,,Borna,Sosa,Sosa,,,0,0,0,0,0,0,0,0,0,0,0,0,0,,,,0,0.0,0.0,0.0,0.0,0,0,0
206,d,50.0,,4.5,495,135,0,0,0,0,0.1,468,165,1,1,1.0,202,79,0,7,1.0,202,79,0.2,0.2,0,240,240,1503,1503,0.9,1.7,0.0,0.01,0.01,0.98,0.0,0.01,0.01,1.22,0.0,171,111,0.0,171,111,0.0,171,111,0.0,171,111,,,,1,,Chadi,Riad Dnanou,Chadi Riad,Knee injury - 50% chance of playing,,72,0,0,0,2,0,0,0,0,0,0,1,7,,,,0,0.0,2.5,1.25,8.75,1,6,3
207,a,,,4.5,452,112,0,0,0,0,0.1,442,155,0,0,0.0,377,146,0,0,0.0,377,146,0.0,0.0,0,123,123,623,623,1.7,1.7,0.0,0.0,0.0,0.0,0.0,0.0,0.0,0.0,0.0,128,88,0.0,128,88,0.0,128,88,0.0,128,88,,,,1,,Oscar,Mingueza,Mingueza,,,0,0,0,0,0,0,0,0,0,0,0,0,0,,,,0,0.0,0.0,0.0,0.0,0,0,0
208,d,75.0,,6.5,40,27,0,0,0,0,3.7,89,29,0,0,0.0,593,260,0,0,0.0,593,260,0.0,0.0,0,1811,1811,86364,86364,1.7,2.3,0.0,0.0,0.0,0.0,0.0,0.0,0.0,0.0,0.0,565,237,0.0,565,237,0.0,565,237,0.0,565,237,,,2.0,1,,Ismaïla,Sarr,Sarr,Groin injury - 75% chance of playing,,0,0,0,0,0,0,0,0,0,0,0,0,0,,,,0,0.0,0.0,0.0,0.0,0,0,0
210,a,100.0,100.0,5.5,193,118,0,0,0,0,0.9,204,69,4,4,4.0,76,32,0,20,4.0,76,32,0.7,0.7,0,3164,3164,3369,3369,2.0,2.0,0.0,0.24,0.24,1.12,0.0,0.24,0.24,1.12,0.0,468,176,0.0,468,176,0.0,468,176,0.0,468,176,1.0,,,1,,Adam,Wharton,Wharton,,,90,0,0,0,2,0,0,0,0,0,0,1,14,,,,0,0.0,2.0,1.0,14.0,2,4,8
211,a,,,5.5,191,117,0,0,0,0,0.2,345,125,1,1,1.0,262,119,0,4,1.0,262,119,0.2,0.2,0,143,143,1068,1068,2.0,2.0,0.06,0.02,0.08,0.27,0.15,0.05,0.2,0.69,0.0,466,175,0.0,466,175,0.0,466,175,0.0,466,175,2.0,1.0,,1,,Yéremy,Pino Santos,Yeremy,,,35,0,0,0,0,0,0,0,0,0,0,0,5,,,,0,0.0,0.0,0.0,12.86,2,0,3
212,a,,,4.5,410,240,0,0,0,0,11.4,35,12,0,0,0.0,352,142,0,0,0.0,352,142,0.0,0.0,0,11167,11167,43254,43254,1.0,1.0,0.0,0.0,0.0,0.0,0.0,0.0,0.0,0.0,0.0,86,2,0.0,86,2,0.0,86,2,0.0,86,2,3.0,,,1,,Will,Hughes,Hughes,,,0,0,0,0,0,0,0,0,0,0,0,0,0,,,,0,0.0,0.0,0.0,0.0,0,0,0
213,a,,,5.0,242,145,0,0,0,0,0.1,408,160,0,0,0.0,446,172,0,0,0.0,446,172,0.0,0.0,0,121,121,638,638,1.5,1.5,0.0,0.0,0.0,0.0,0.0,0.0,0.0,0.0,0.0,230,37,0.0,230,37,0.0,230,37,0.0,230,37,,,,1,,Jefferson,Lerma Solís,Lerma,,,0,0,0,0,0,0,0,0,0,0,0,0,0,,,,0,0.0,0.0,0.0,0.0,0,0,0
214,a,,,5.0,264,161,0,0,0,0,0.3,306,104,3,3,3.0,87,35,0,25,3.0,87,35,0.6,0.6,0,994,994,1414,1414,1.5,1.5,0.0,0.27,0.27,1.12,0.0,0.27,0.27,1.12,0.0,252,53,0.0,252,53,0.0,252,53,0.0,252,53,4.0,,,1,,Daichi,Kamada,Kamada,,,90,0,0,0,2,0,0,0,1,0,0,1,14,,,,0,0.0,2.0,1.0,14.0,3,3,8
215,a,,,5.0,331,191,0,0,0,0,0.0,576,245,0,0,0.0,500,203,0,0,0.0,500,203,0.0,0.0,0,42,42,90,90,1.5,1.5,0.0,0.0,0.0,0.0,0.0,0.0,0.0,0.0,0.0,319,83,0.0,319,83,0.0,319,83,0.0,319,83,,2.0,3.0,1,,Justin,Devenny,Devenny,,,0,0,0,0,0,0,0,0,0,0,0,0,0,,,,0,0.0,0.0,0.0,0.0,0,0,0
216,a,,,5.0,382,227,0,0,0,0,0.0,497,207,0,0,0.0,528,222,0,0,0.0,528,222,0.0,0.0,0,130,130,300,300,1.5,1.5,0.0,0.0,0.0,0.0,0.0,0.0,0.0,0.0,0.0,370,119,0.0,370,119,0.0,370,119,0.0,370,119,,,,1,,Romain,Esse,Esse,,,0,0,0,0,0,0,0,0,0,0,0,0,0,,,,0,0.0,0.0,0.0,0.0,0,0,0
217,a,,,5.0,364,213,0,0,0,0,0.0,526,218,0,0,0.0,517,213,0,0,0.0,517,213,0.0,0.0,0,8,8,334,334,1.5,1.5,0.0,0.0,0.0,0.0,0.0,0.0,0.0,0.0,0.0,352,105,0.0,352,105,0.0,352,105,0.0,352,105,,,,1,,Matheus,França de Oliveira,M.França,,,0,0,0,0,0,0,0,0,0,0,0,0,0,,,,0,0.0,0.0,0.0,0.0,0,0,0
218,a,,,5.0,301,178,0,0,0,0,0.1,458,187,0,0,0.0,480,192,0,0,0.0,480,192,0.0,0.0,0,155,155,505,505,1.5,1.5,0.0,0.0,0.0,0.0,0.0,0.0,0.0,0.0,0.0,289,70,0.0,289,70,0.0,289,70,0.0,289,70,,,,1,,Cheick,Doucouré,Doucouré,,,0,0,0,0,0,0,0,0,0,0,0,0,0,,,,0,0.0,0.0,0.0,0.0,0,0,0
219,a,,,5.0,309,182,0,0,0,0,0.0,593,255,0,0,0.0,488,196,0,0,0.0,488,196,0.0,0.0,0,13,13,47,47,1.5,1.5,0.0,0.0,0.0,0.0,0.0,0.0,0.0,0.0,0.0,297,74,0.0,297,74,0.0,297,74,0.0,297,74,,,,1,,Jesurun,Rak-Sakyi,J.Rak-Sakyi,,,0,0,0,0,0,0,0,0,0,0,0,0,0,,,,0,0.0,0.0,0.0,0.0,0,0,0
220,u,0.0,0.0,4.5,519,144,0,0,0,0,0.0,604,202,0,0,0.0,419,162,0,0,0.0,419,162,0.0,0.0,0,0,0,38,38,0.0,0.0,0.0,0.0,0.0,0.0,0.0,0.0,0.0,0.0,0.0,195,120,0.0,195,120,0.0,195,120,0.0,195,120,,,,1,,Rio,Cardines,Cardines,Has joined Bristol City on loan for the rest of the season,,0,0,0,0,0,0,0,0,0,0,0,0,0,,,,0,0.0,0.0,0.0,0.0,0,0,0
221,a,,,4.5,535,267,0,0,0,0,0.1,433,172,0,0,0.0,432,165,0,0,0.0,432,165,0.0,0.0,0,233,233,469,469,1.0,1.0,0.0,0.0,0.0,0.0,0.0,0.0,0.0,0.0,0.0,211,29,0.0,211,29,0.0,211,29,0.0,211,29,,,,1,,Joél,Drakes-Thomas,Drakes-Thomas,,,0,0,0,0,0,0,0,0,0,0,0,0,0,,,,0,0.0,0.0,0.0,0.0,0,0,0
222,a,,,6.0,77,20,0,0,0,0,0.6,248,41,1,1,1.0,277,33,0,3,1.0,277,33,0.2,0.2,0,779,779,3132,3132,2.0,2.0,0.25,0.01,0.26,0.14,0.83,0.03,0.86,0.47,0.0,521,53,0.0,521,53,0.0,521,53,0.0,521,53,,,,1,,Jørgen,Strand Larsen,Strand Larsen,,,27,0,0,0,0,0,0,0,0,0,0,0,0,,,,0,0.0,0.0,0.0,0.0,0,0,0
223,a,,,6.5,39,11,0,0,0,0,5.5,64,11,2,2,2.0,162,16,0,-3,2.0,162,16,0.3,0.3,0,12511,12511,29182,29182,2.1,2.1,0.7,0.02,0.72,0.98,1.02,0.03,1.05,1.42,0.0,564,62,0.0,564,62,0.0,564,62,0.0,564,62,,,1.0,1,,Jean-Philippe,Mateta,Mateta,,,62,0,0,0,2,0,0,0,0,0,0,1,5,,,,0,0.0,2.9,1.45,7.26,2,1,2
224,a,,,5.5,136,35,0,0,0,0,0.5,254,43,1,1,1.0,248,23,0,12,1.0,248,23,0.2,0.2,0,1539,1539,2539,2539,1.8,1.8,0.6,0.58,1.18,0.84,0.98,0.95,1.93,1.37,0.0,411,32,0.0,411,32,0.0,411,32,0.0,411,32,,,,1,,Eddie,Nketiah,Nketiah,,,55,0,0,0,2,0,0,0,0,0,0,1,3,,,,0,0.0,3.27,1.64,4.91,1,1,1
225,u,0.0,0.0,5.0,395,61,0,0,0,0,0.0,610,73,0,0,0.0,532,54,0,0,0.0,532,54,0.0,0.0,0,0,0,0,0,0.0,0.0,0.0,0.0,0.0,0.0,0.0,0.0,0.0,0.0,0.0,383,25,0.0,383,25,0.0,383,25,0.0,383,25,,,,1,,Christantus,Uche,Uche,has returned to Getafe CF,,0,0,0,0,0,0,0,0,0,0,0,0,0,,,,0,0.0,0.0,0.0,0.0,0,0,0
241,a,,,5.5,159,99,0,0,0,0,0.2,362,133,2,2,2.0,142,66,0,11,2.0,142,66,0.4,0.4,0,186,186,688,688,2.0,2.0,0.05,0.02,0.07,0.98,0.07,0.03,0.1,1.42,0.0,434,157,0.0,434,157,0.0,434,157,0.0,434,157,,,,1,,Dwight,McNeil,McNeil,,,62,0,0,0,2,0,0,0,0,0,0,1,5,,,,0,0.0,2.9,1.45,7.26,0,3,2
555,a,,,4.0,554,57,0,0,0,0,1.8,132,20,0,0,0.0,305,30,0,0,0.0,305,30,0.0,0.0,0,2964,2964,2974,2974,1.0,1.0,0.0,0.0,0.0,0.0,0.0,0.0,0.0,0.0,0.0,18,10,0.0,18,10,0.0,18,10,0.0,18,10,,,,1,,Remi,Matthews,Matthews,,,0,0,0,0,0,0,0,0,0,0,0,0,0,,,,0,0.0,0.0,0.0,0.0,0,0,0
577,a,,,4.5,442,104,0,0,0,0,0.4,278,104,1,1,1.0,189,68,0,3,1.0,189,68,0.2,0.2,0,541,541,1161,1161,1.7,1.7,0.0,0.01,0.01,0.14,0.0,0.05,0.05,0.7,0.0,118,80,0.0,118,80,0.0,118,80,0.0,118,80,,,,1,,Takehiro,Tomiyasu,Tomiyasu,,,18,0,0,0,0,0,0,0,0,0,0,0,1,,,,0,0.0,0.0,0.0,5.0,0,1,1
588,a,,,5.0,376,74,0,0,0,0,0.1,421,150,1,1,1.0,232,90,0,12,1.0,232,90,0.2,0.2,0,267,267,358,358,2.2,2.2,0.0,0.16,0.16,0.27,0.0,0.41,0.41,0.69,0.0,364,164,0.0,364,164,0.0,364,164,0.0,364,164,,,,1,,Anan,Khalaili,Khalaili,,,35,0,0,0,0,0,0,0,0,0,0,0,9,,,,0,0.0,0.0,0.0,23.14,4,5,3
595,a,,,5.0,375,222,0,0,0,0,0.0,568,239,0,0,0.0,525,219,0,0,0.0,525,219,0.0,0.0,0,66,66,70,70,1.5,1.5,0.0,0.0,0.0,0.0,0.0,0.0,0.0,0.0,0.0,363,114,0.0,363,114,0.0,363,114,0.0,363,114,,,,1,,Zavier,Gozo,Gozo,,,0,0,0,0,0,0,0,0,0,0,0,0,0,,,,0,0.0,0.0,0.0,0.0,0,0,0
21,i,0.0,0.0,5.0,238,143,0,0,0,0,0.1,423,166,0,0,0.0,443,170,0,0,0.0,443,170,0.0,0.0,0,61,61,1563,1563,0.0,0.0,0.0,0.0,0.0,0.0,0.0,0.0,0.0,0.0,0.0,226,35,0.0,226,35,0.0,226,35,0.0,226,35,,,,1,,Christian,Nørgaard,Nørgaard,Unspecified injury - Unknown return date,,0,0,0,0,0,0,0,0,0,0,0,0,0,,,,0,0.0,0.0,0.0,0.0,0,0,0
209,a,,,6.0,76,49,0,0,0,0,0.2,371,140,1,1,1.0,276,128,0,3,1.0,276,128,0.2,0.2,0,296,296,1196,1196,2.2,2.2,0.0,0.0,0.0,0.29,0.0,0.0,0.0,4.35,0.0,520,206,0.0,520,206,0.0,520,206,0.0,520,206,,,,1,,Brennan,Johnson,Johnson,,,6,0,0,0,0,0,0,0,0,0,0,0,2,,,,0,0.0,0.0,0.0,30.0,0,2,0
226,a,,,5.5,116,2,0,0,0,0,8.5,49,6,7,7,7.0,38,4,0,34,7.0,38,4,1.3,1.3,0,32095,32095,11084,11084,3.3,3.3,0.0,0.02,0.02,1.96,0.0,0.02,0.02,1.96,0.0,391,64,0.0,391,64,0.0,391,64,0.0,391,64,,,,1,,Jordan,Pickford,Pickford,,,90,0,0,1,0,0,0,0,0,0,4,1,0,,,,4,1.0,0.0,1.0,0.0,0,0,12
227,a,,,5.0,283,13,0,0,0,0,0.0,513,56,0,0,0.0,467,63,0,0,0.0,467,63,0.0,0.0,0,118,118,189,189,2.6,2.6,0.0,0.0,0.0,0.0,0.0,0.0,0.0,0.0,0.0,271,55,0.0,271,55,0.0,271,55,0.0,271,55,,,,1,,Mark,Travers,Travers,,,0,0,0,0,0,0,0,0,0,0,0,0,0,,,,0,0.0,0.0,0.0,0.0,0,0,0
228,a,,,4.5,417,31,0,0,0,0,0.0,500,53,0,0,0.0,358,48,0,0,0.0,358,48,0.0,0.0,0,124,124,191,191,1.9,1.9,0.0,0.0,0.0,0.0,0.0,0.0,0.0,0.0,0.0,93,30,0.0,93,30,0.0,93,30,0.0,93,30,,,,1,,Tom,King,King,,,0,0,0,0,0,0,0,0,0,0,0,0,0,,,,0,0.0,0.0,0.0,0.0,0,0,0
229,a,,,6.0,56,5,0,0,0,0,8.9,48,18,6,6,6.0,59,27,0,25,6.0,59,27,1.0,1.0,0,23350,23350,13808,13808,2.8,2.8,0.05,0.0,0.05,1.96,0.05,0.0,0.05,1.96,0.0,500,193,0.0,500,193,0.0,500,193,0.0,500,193,,,,1,,James,Tarkowski,Tarkowski,,,90,0,0,1,0,0,0,0,0,0,0,1,9,,,,0,1.0,0.0,1.0,9.0,1,8,4
230,a,,,5.5,185,27,0,0,0,0,1.8,134,55,6,6,6.0,57,25,0,27,6.0,57,25,1.1,1.1,0,10227,10227,3528,3528,2.5,2.5,0.0,0.01,0.01,1.96,0.0,0.01,0.01,1.96,0.0,460,185,0.0,460,185,0.0,460,185,0.0,460,185,,,,1,,Jarrad,Branthwaite,Branthwaite,,,90,0,0,1,0,0,0,0,0,0,0,1,8,,,,0,1.0,0.0,1.0,8.0,2,6,2
231,a,,,5.0,233,37,0,0,0,0,1.5,157,66,0,0,0.0,439,166,0,0,0.0,439,166,0.0,0.0,0,2067,2067,11699,11699,2.2,2.2,0.0,0.0,0.0,0.0,0.0,0.0,0.0,0.0,0.0,221,127,0.0,221,127,0.0,221,127,0.0,221,127,,,,1,,Michael,Keane,Keane,,,0,0,0,0,0,0,0,0,0,0,0,0,0,,,,0,0.0,0.0,0.0,0.0,0,0,0
232,a,,,5.0,351,71,0,0,0,0,0.5,258,96,0,0,0.0,513,186,0,0,0.0,513,186,0.0,0.0,0,869,869,3253,3253,2.2,2.2,0.0,0.0,0.0,0.0,0.0,0.0,0.0,0.0,0.0,339,161,0.0,339,161,0.0,339,161,0.0,339,161,,,,1,,Jake,O'Brien,O'Brien,,,0,0,0,0,0,0,0,0,0,0,0,0,0,,,,0,0.0,0.0,0.0,0.0,0,0,0
233,a,,,4.5,443,105,0,0,0,0,1.6,154,65,6,6,6.0,47,20,0,27,6.0,47,20,1.3,1.3,0,10167,10167,3462,3462,1.7,1.7,0.0,0.05,0.05,1.96,0.0,0.05,0.05,1.96,0.0,119,81,0.0,119,81,0.0,119,81,0.0,119,81,,,,1,,Vitalii,Mykolenko,Mykolenko,,,90,0,0,1,0,0,0,0,0,0,0,1,4,,,,0,1.0,0.0,1.0,4.0,0,4,4
234,a,,,4.5,456,115,0,0,0,0,0.0,517,178,0,0,0.0,380,149,0,0,0.0,380,149,0.0,0.0,0,111,111,181,181,1.7,1.7,0.0,0.0,0.0,0.0,0.0,0.0,0.0,0.0,0.0,132,91,0.0,132,91,0.0,132,91,0.0,132,91,,,,1,,Nathan,Patterson,Patterson,,,0,0,0,0,0,0,0,0,0,0,0,0,0,,,,0,0.0,0.0,0.0,0.0,0,0,0
235,a,,,4.0,584,178,0,0,0,0,0.2,357,136,0,0,0.0,325,112,0,0,0.0,325,112,0.0,0.0,0,573,573,798,798,1.0,1.0,0.0,0.0,0.0,0.0,0.0,0.0,0.0,0.0,0.0,48,30,0.0,48,30,0.0,48,30,0.0,48,30,,,,1,,Adam,Aznou,Aznou,,,0,0,0,0,0,0,0,0,0,0,0,0,0,,,,0,0.0,0.0,0.0,0.0,0,0,0
236,a,,,6.5,37,25,0,0,0,0,4.1,79,26,11,11,11.0,12,7,3,40,11.0,12,7,1.7,1.7,0,68769,68769,11167,11167,2.3,2.3,0.12,0.17,0.29,1.92,0.12,0.17,0.29,1.92,0.0,562,235,0.0,562,235,0.0,562,235,0.0,562,235,2.0,,,1,,Kiernan,Dewsbury-Hall,Dewsbury-Hall,,,90,1,0,1,0,0,0,0,0,0,0,1,8,,,,0,1.0,0.0,1.0,8.0,2,1,5
237,a,,,6.0,81,52,0,0,0,0,16.0,26,8,9,9,9.0,26,12,1,36,9.0,26,12,1.5,1.5,0,57157,57157,20475,20475,2.2,2.2,0.24,0.32,0.56,1.96,0.24,0.32,0.56,1.96,0.0,525,209,0.0,525,209,0.0,525,209,0.0,525,209,,,1.0,1,,Iliman,Ndiaye,Ndiaye,,,90,0,1,1,0,0,0,0,0,0,0,1,12,,,,0,1.0,0.0,1.0,12.0,4,0,8
239,a,100.0,25.0,6.0,75,48,0,0,0,0,0.1,396,155,1,1,1.0,275,127,0,6,1.0,275,127,0.2,0.2,0,633,633,904,904,2.2,0.5,0.0,0.03,0.03,0.34,0.0,0.25,0.25,2.78,0.0,519,205,0.0,519,205,0.0,519,205,0.0,519,205,1.0,1.0,3.0,1,,James,Garner,Garner,,,11,0,0,0,0,0,0,0,0,0,0,0,1,,,,0,0.0,0.0,0.0,8.18,1,0,0
240,i,0.0,0.0,5.0,333,193,0,0,0,0,0.0,574,244,0,0,0.0,502,205,0,0,0.0,502,205,0.0,0.0,0,11,11,193,193,0.0,0.0,0.0,0.0,0.0,0.0,0.0,0.0,0.0,0.0,0.0,321,85,0.0,321,85,0.0,321,85,0.0,321,85,,,,1,,Tim,Iroegbunam,Iroegbunam,Thigh injury - Unknown return date,,0,0,0,0,0,0,0,0,0,0,0,0,0,,,,0,0.0,0.0,0.0,0.0,0,0,0
242,a,,,5.5,209,131,0,0,0,0,0.3,303,102,3,3,3.0,102,45,0,13,3.0,102,45,0.5,0.5,0,1039,1039,1060,1060,2.0,2.0,0.18,0.08,0.26,1.67,0.2,0.09,0.29,1.81,0.0,484,189,0.0,484,189,0.0,484,189,0.0,484,189,,,,1,,Tyrique,George,George,,,83,0,0,1,0,0,0,0,0,0,0,1,7,,,,0,1.08,0.0,1.08,7.59,0,3,4
243,a,,,5.0,347,201,0,0,0,0,0.1,425,168,1,1,1.0,225,96,0,7,1.0,225,96,0.2,0.2,0,448,448,542,542,1.5,1.5,0.02,0.0,0.02,0.04,1.8,0.0,1.8,3.6,0.0,335,93,0.0,335,93,0.0,335,93,0.0,335,93,,,,1,,Carlos,Alcaraz Durán,Alcaraz,,,1,0,0,0,0,0,0,0,0,0,0,0,3,,,,0,0.0,0.0,0.0,270.0,1,0,2
244,a,,,5.0,384,229,0,0,0,0,0.2,379,144,8,8,8.0,31,15,0,25,8.0,31,15,1.6,1.6,0,5148,5148,914,914,1.5,1.5,0.0,0.04,0.04,1.96,0.0,0.04,0.04,1.96,0.0,372,121,0.0,372,121,0.0,372,121,0.0,372,121,,,,1,,Harrison,Armstrong,Armstrong,,,90,0,1,1,0,0,0,0,0,0,0,1,16,,,,0,1.0,0.0,1.0,16.0,2,3,11
245,a,,,5.5,194,119,0,0,0,0,0.0,507,213,0,0,0.0,564,242,0,0,0.0,564,242,0.0,0.0,0,90,90,370,370,2.0,2.0,0.0,0.0,0.0,0.0,0.0,0.0,0.0,0.0,0.0,469,177,0.0,469,177,0.0,469,177,0.0,469,177,,,,1,,Tyler,Dibling,Dibling,,,0,0,0,0,0,0,0,0,0,0,0,0,0,,,,0,0.0,0.0,0.0,0.0,0,0,0
246,a,,,5.0,352,203,0,0,0,0,0.1,472,192,3,3,3.0,92,36,0,12,3.0,92,36,0.6,0.6,0,230,230,263,263,1.5,1.5,0.0,0.06,0.06,1.96,0.0,0.06,0.06,1.96,0.0,340,95,0.0,340,95,0.0,340,95,0.0,340,95,,,,1,,Merlin,Röhl,Röhl,,,90,0,0,1,0,0,0,0,0,0,0,1,9,,,,0,1.0,0.0,1.0,9.0,2,2,5
247,a,,,5.5,152,94,0,0,0,0,0.3,308,106,3,3,3.0,96,39,0,16,3.0,96,39,0.5,0.5,0,577,577,1023,1023,2.0,2.0,0.01,0.01,0.02,1.62,0.01,0.01,0.02,1.87,0.0,427,152,0.0,427,152,0.0,427,152,0.0,427,152,,,,1,,Hayden,Hackney,Hackney,,,78,0,0,1,0,0,0,0,0,0,0,1,7,,,,0,1.15,0.0,1.15,8.08,2,1,4
248,a,,,5.5,189,43,0,0,0,0,2.6,112,15,1,1,1.0,261,28,0,3,1.0,261,28,0.2,0.2,0,4161,4161,18206,18206,1.8,1.8,0.05,0.0,0.05,0.34,0.41,0.0,0.41,2.78,0.0,464,40,0.0,464,40,0.0,464,40,0.0,464,40,,,4.0,1,,Norberto Bercique,Gomes Betuncal,Beto,,,11,0,0,0,0,0,0,0,0,0,0,0,0,,,,0,0.0,0.0,0.0,0.0,0,0,0
249,a,,,5.5,218,45,0,0,0,0,1.9,128,19,8,8,8.0,32,3,2,37,8.0,32,3,1.5,1.5,0,45708,45708,7566,7566,1.8,1.8,0.45,0.09,0.54,1.62,0.52,0.1,0.62,1.87,0.0,493,42,0.0,493,42,0.0,493,42,0.0,493,42,,,2.0,1,,Thierno,Barry,Barry,,,78,1,0,1,0,0,0,0,0,0,0,1,3,,,,0,1.15,0.0,1.15,3.46,1,0,2
250,a,,,4.5,402,24,0,0,0,0,3.1,105,17,2,2,2.0,112,8,0,11,2.0,112,8,0.4,0.4,0,4614,4614,4717,4717,1.9,1.9,0.0,0.0,0.0,2.24,0.0,0.0,0.0,2.24,0.0,78,23,0.0,78,23,0.0,78,23,0.0,78,23,,,,1,,Bernd,Leno,Leno,,,90,0,0,0,3,0,0,0,0,0,3,1,0,,,,3,0.0,3.0,1.0,0.0,0,1,9
251,a,,,4.0,543,53,0,0,0,0,1.2,177,26,0,0,0.0,299,26,0,0,0.0,299,26,0.0,0.0,0,678,678,1563,1563,1.0,1.0,0.0,0.0,0.0,0.0,0.0,0.0,0.0,0.0,0.0,7,6,0.0,7,6,0.0,7,6,0.0,7,6,,,,1,,Benjamin,Lecomte,Lecomte,,,0,0,0,0,0,0,0,0,0,0,0,0,0,,,,0,0.0,0.0,0.0,0.0,0,0,0
252,a,,,4.0,587,66,0,0,0,0,0.2,377,40,0,0,0.0,328,39,0,0,0.0,328,39,0.0,0.0,0,373,373,284,284,1.0,1.0,0.0,0.0,0.0,0.0,0.0,0.0,0.0,0.0,0.0,51,19,0.0,51,19,0.0,51,19,0.0,51,19,,,,1,,Alfie,McNally,McNally,,,0,0,0,0,0,0,0,0,0,0,0,0,0,,,,0,0.0,0.0,0.0,0.0,0,0,0
253,a,100.0,0.0,5.0,251,41,0,0,0,0,0.0,495,172,0,0,0.0,452,169,0,0,0.0,452,169,0.0,0.0,0,415,415,225,225,2.2,0.0,0.0,0.0,0.0,0.0,0.0,0.0,0.0,0.0,0.0,239,131,0.0,239,131,0.0,239,131,0.0,239,131,,,,1,,Joachim,Andersen,Andersen,,,0,0,0,0,0,0,0,0,0,0,0,0,0,,,,0,0.0,0.0,0.0,0.0,0,0,0
254,a,,,4.5,423,90,0,0,0,0,1.7,143,60,1,1,1.0,187,66,0,4,1.0,187,66,0.2,0.2,0,5351,5351,4054,4054,1.7,1.7,0.13,0.04,0.17,2.21,0.14,0.04,0.18,2.46,0.0,99,66,0.0,99,66,0.0,99,66,0.0,99,66,,,2.0,1,,Antonee,Robinson,Robinson,,,81,0,0,0,3,0,0,0,0,0,0,1,7,,,,0,0.0,3.33,1.11,7.78,3,4,5
255,a,,,4.5,459,118,0,0,0,0,0.0,536,183,3,3,3.0,84,35,0,7,3.0,84,35,0.7,0.7,0,243,243,82,82,1.7,1.7,0.0,0.03,0.03,2.24,0.0,0.03,0.03,2.24,0.0,135,94,0.0,135,94,0.0,135,94,0.0,135,94,,,,1,,Jorge,Cuenca Barreno,J.Cuenca,,,90,0,0,0,3,0,0,0,0,0,0,1,10,,,,0,0.0,3.0,1.0,10.0,1,9,3
256,a,,,4.5,422,89,0,0,0,0,0.3,305,114,0,0,0.0,360,135,0,0,0.0,360,135,0.0,0.0,0,202,202,823,823,1.7,1.7,0.0,0.0,0.0,0.0,0.0,0.0,0.0,0.0,0.0,98,65,0.0,98,65,0.0,98,65,0.0,98,65,,,,1,,Kenny,Tete,Tete,,,0,0,0,0,0,0,0,0,0,0,0,0,0,,,,0,0.0,0.0,0.0,0.0,0,0,0
263,a,,,5.5,211,133,0,0,0,0,0.1,475,193,1,1,1.0,267,123,0,2,1.0,267,123,0.2,0.2,0,203,203,338,338,2.0,2.0,0.0,0.01,0.01,0.03,0.0,0.05,0.05,0.16,0.0,486,191,0.0,486,191,0.0,486,191,0.0,486,191,3.0,,,1,,Kevin,Santos Lopes de Macedo,Kevin,,,17,0,0,0,0,0,0,0,0,0,0,0,3,,,,0,0.0,0.0,0.0,15.88,2,0,1
264,a,,,5.5,184,112,0,0,0,0,0.3,292,97,2,2,2.0,145,69,0,10,2.0,145,69,0.4,0.4,0,1886,1886,1311,1311,2.0,2.0,0.0,0.26,0.26,2.21,0.0,0.35,0.35,3.01,0.0,459,170,0.0,459,170,0.0,459,170,0.0,459,170,2.0,,,1,,Oscar,Bobb,Bobb,,,66,0,0,0,3,0,0,0,0,0,0,1,6,,,,0,0.0,4.09,1.36,8.18,3,1,2
265,a,,,5.0,261,159,0,0,0,0,0.4,269,86,2,2,2.0,123,55,0,14,2.0,123,55,0.4,0.4,0,745,745,1450,1450,1.5,1.5,0.03,0.03,0.06,2.21,0.04,0.04,0.08,2.76,0.0,249,51,0.0,249,51,0.0,249,51,0.0,249,51,,,,1,,Sander,Berge,Berge,,,72,0,0,0,3,0,0,0,0,0,0,1,4,,,,0,0.0,3.75,1.25,5.0,1,1,2
266,i,0.0,0.0,5.0,226,140,0,0,0,0,0.0,596,258,0,0,0.0,435,168,0,0,0.0,435,168,0.0,0.0,0,8,8,71,71,0.0,0.0,0.0,0.0,0.0,0.0,0.0,0.0,0.0,0.0,0.0,214,32,0.0,214,32,0.0,214,32,0.0,214,32,,,,1,,Tom,Cairney,Cairney,Knee injury - Expected back 10 Oct,,0,0,0,0,0,0,0,0,0,0,0,0,0,,,,0,0.0,0.0,0.0,0.0,0,0,0
268,a,,,5.5,216,136,0,0,0,0,0.3,294,98,7,7,7.0,40,20,0,34,7.0,40,20,1.3,1.3,0,11201,11201,1037,1037,2.0,2.0,0.17,0.04,0.21,2.24,0.17,0.04,0.21,2.24,0.0,491,194,0.0,491,194,0.0,491,194,0.0,491,194,,,,1,,Josh,King,King,,,90,1,0,0,3,0,0,0,0,0,0,1,8,,,,0,0.0,3.0,1.0,8.0,2,2,4
269,a,,,4.5,427,92,0,0,0,0,0.4,267,101,1,1,1.0,188,67,0,7,1.0,188,67,0.2,0.2,0,516,516,1124,1124,1.7,1.7,0.03,0.0,0.03,0.03,0.16,0.0,0.16,0.16,0.0,103,68,0.0,103,68,0.0,103,68,0.0,103,68,,,,1,,Ryan,Sessegnon,Sessegnon,,,17,0,0,0,0,0,0,0,0,0,0,0,1,,,,0,0.0,0.0,0.0,5.29,0,1,1
270,a,,,4.5,419,241,0,0,0,0,1.5,158,45,0,0,0.0,359,143,0,0,0.0,359,143,0.0,0.0,0,3369,3369,6382,6382,1.0,1.0,0.0,0.0,0.0,0.0,0.0,0.0,0.0,0.0,0.0,95,3,0.0,95,3,0.0,95,3,0.0,95,3,,,,1,,Harrison,Reed,Reed,,,0,0,0,0,0,0,0,0,0,0,0,0,0,,,,0,0.0,0.0,0.0,0.0,0,0,0
271,a,,,5.5,151,37,0,0,0,0,0.6,243,38,1,1,1.0,252,25,0,6,1.0,252,25,0.2,0.2,0,1355,1355,2719,2719,1.8,1.8,0.02,0.0,0.02,0.03,0.22,0.0,0.22,0.34,0.0,426,34,0.0,426,34,0.0,426,34,0.0,426,34,,,,1,,Rodrigo,Muniz Carvalho,Muniz,,,8,0,0,0,0,0,0,0,0,0,0,0,1,,,,0,0.0,0.0,0.0,11.25,0,1,0
272,a,,,4.5,533,73,0,0,0,0,7.2,55,9,0,0,0.0,430,45,0,0,0.0,430,45,0.0,0.0,0,12377,12377,19367,19367,1.0,1.0,0.0,0.0,0.0,0.0,0.0,0.0,0.0,0.0,0.0,209,12,0.0,209,12,0.0,209,12,0.0,209,12,,,,1,,Jonah,Kusi-Asare,Kusi-Asare,,,0,0,0,0,0,0,0,0,0,0,0,0,0,,,,0,0.0,0.0,0.0,0.0,0,0,0
569,a,,,6.0,105,27,0,0,0,0,2.5,115,16,6,6,6.0,62,4,0,33,6.0,62,4,1.0,1.0,0,35850,35850,5406,5406,2.0,2.0,0.73,0.01,0.74,2.24,0.73,0.01,0.74,2.24,0.0,549,60,0.0,549,60,0.0,549,60,0.0,549,60,,,1.0,1,,Gonzalo,García,Gonzalo,,,90,1,0,0,3,0,0,0,0,0,0,1,2,,,,0,0.0,3.0,1.0,2.0,1,0,1
570,a,,,5.5,214,135,0,0,0,0,0.2,338,121,2,2,2.0,148,72,0,10,2.0,148,72,0.4,0.4,0,448,448,720,720,2.0,2.0,0.16,0.01,0.17,2.21,0.2,0.01,0.21,2.76,0.0,489,193,0.0,489,193,0.0,489,193,0.0,489,193,,,,1,,César,Palacios,Palacios,,,72,0,0,0,3,0,0,0,0,0,0,1,4,,,,0,0.0,3.75,1.25,5.0,2,0,2
580,a,,,5.0,315,185,0,0,0,0,0.1,429,169,1,1,1.0,216,93,0,5,1.0,216,93,0.2,0.2,0,214,214,346,346,1.5,1.5,0.0,0.0,0.0,0.03,0.0,0.0,0.0,0.12,0.0,303,77,0.0,303,77,0.0,303,77,0.0,303,77,,,,1,,Shea,Charles,Charles,,,23,0,0,0,0,0,0,0,0,0,0,0,3,,,,0,0.0,0.0,0.0,11.74,1,0,2
610,a,,,4.0,593,186,0,0,0,0,0.0,580,197,0,0,0.0,333,119,0,0,0.0,333,119,0.0,0.0,0,396,396,42,42,1.0,1.0,0.0,0.0,0.0,0.0,0.0,0.0,0.0,0.0,0.0,57,38,0.0,57,38,0.0,57,38,0.0,57,38,,,,1,,Luc,De Fougerolles,De Fougerolles,,,0,0,0,0,0,0,0,0,0,0,0,0,0,,,,0,0.0,0.0,0.0,0.0,0,0,0
273,a,,,4.0,552,56,0,0,0,0,1.6,156,23,0,0,0.0,304,29,0,0,0.0,304,29,0.0,0.0,0,1503,1503,2981,2981,1.0,1.0,0.0,0.0,0.0,0.0,0.0,0.0,0.0,0.0,0.0,16,9,0.0,16,9,0.0,16,9,0.0,16,9,,,,1,,Dillon,Phillips,Phillips,,,0,0,0,0,0,0,0,0,0,0,0,0,0,,,,0,0.0,0.0,0.0,0.0,0,0,0
275,u,0.0,0.0,4.0,583,65,0,0,0,0,0.0,585,67,0,0,0.0,324,38,0,0,0.0,324,38,0.0,0.0,0,0,0,68,68,0.0,0.0,0.0,0.0,0.0,0.0,0.0,0.0,0.0,0.0,0.0,47,18,0.0,47,18,0.0,47,18,0.0,47,18,,,,1,,Harvey,Cartwright,Cartwright,Has joined Grimsby Town on loan for the rest of the season,,0,0,0,0,0,0,0,0,0,0,0,0,0,,,,0,0.0,0.0,0.0,0.0,0,0,0
276,u,0.0,0.0,4.0,572,62,0,0,0,0,0.0,518,58,0,0,0.0,317,35,0,0,0.0,317,35,0.0,0.0,0,0,0,230,230,0.0,0.0,0.0,0.0,0.0,0.0,0.0,0.0,0.0,0.0,0.0,36,15,0.0,36,15,0.0,36,15,0.0,36,15,,,,1,,Thimothée,Lo-Tutala,Lo-Tutala,Has joined Colchester United on loan for the rest of the season,,0,0,0,0,0,0,0,0,0,0,0,0,0,,,,0,0.0,0.0,0.0,0.0,0,0,0
277,a,,,4.0,545,151,0,0,0,0,1.8,131,54,8,8,8.0,29,11,0,27,8.0,29,11,2.0,2.0,0,23147,23147,3951,3951,1.0,1.0,0.0,0.0,0.0,1.83,0.0,0.0,0.0,1.83,0.0,9,3,0.0,9,3,0.0,9,3,0.0,9,3,,,,1,,John,Egan,Egan,,,90,0,0,1,0,0,0,0,0,0,0,1,21,,,,0,1.0,0.0,1.0,21.0,1,20,3
278,i,0.0,0.0,4.0,586,180,0,0,0,0,0.1,407,144,0,0,0.0,327,114,0,0,0.0,327,114,0.0,0.0,0,51,51,1331,1331,0.0,0.0,0.0,0.0,0.0,0.0,0.0,0.0,0.0,0.0,0.0,50,32,0.0,50,32,0.0,50,32,0.0,50,32,,,,1,,Charlie,Hughes,Hughes,Groin injury - Unknown return date,,0,0,0,0,0,0,0,0,0,0,0,0,0,,,,0,0.0,0.0,0.0,0.0,0,0,0
279,d,75.0,,4.0,548,153,0,0,0,0,1.4,163,68,14,14,14.0,4,3,2,39,14.0,4,3,3.5,3.5,0,34637,34637,7382,7382,0.8,1.0,0.52,0.0,0.52,0.86,0.74,0.0,0.74,1.23,0.0,12,5,0.0,12,5,0.0,12,5,0.0,12,5,,,,1,,Semi,Ajayi,Ajayi,Hamstring injury - 75% chance of playing,,63,1,0,1,0,0,0,0,0,0,0,1,7,,,,0,1.43,0.0,1.43,10.0,0,7,3
280,d,75.0,,4.0,558,160,0,0,0,0,0.7,235,89,6,6,6.0,41,14,0,23,6.0,41,14,1.5,1.5,0,1095,1095,2412,2412,0.8,1.0,0.0,0.01,0.01,1.16,0.0,0.01,0.01,1.51,0.0,22,12,0.0,22,12,0.0,22,12,0.0,22,12,,,,1,,Lewie,Coyle,Coyle,Ankle injury - 75% chance of playing,,69,0,0,1,0,0,0,0,0,0,0,1,2,,,,0,1.3,0.0,1.3,2.61,1,1,3
281,a,100.0,100.0,4.0,569,168,0,0,0,0,0.1,463,161,1,1,1.0,177,57,0,4,1.0,177,57,0.2,0.2,0,548,548,169,169,1.0,1.0,0.05,0.0,0.05,0.67,0.22,0.0,0.22,3.02,0.0,33,20,0.0,33,20,0.0,33,20,0.0,33,20,,,,1,,Cody,Drameh,Drameh,,,20,0,0,0,0,0,0,0,0,0,0,0,3,,,,0,0.0,0.0,0.0,13.5,1,2,2
282,a,,,4.0,566,167,0,0,0,0,0.9,208,76,6,6,6.0,42,15,0,24,6.0,42,15,1.5,1.5,0,6956,6956,1538,1538,1.0,1.0,0.02,0.07,0.09,1.76,0.02,0.08,0.1,1.89,0.0,30,19,0.0,30,19,0.0,30,19,0.0,30,19,1.0,1.0,,1,,Ryan,Giles,Giles,,,84,0,0,1,0,0,0,0,0,0,0,1,6,,,,0,1.07,0.0,1.07,6.43,1,5,1
283,i,0.0,0.0,4.0,573,170,0,0,0,0,0.0,575,194,0,0,0.0,318,108,0,0,0.0,318,108,0.0,0.0,0,26,26,128,128,0.0,0.0,0.0,0.0,0.0,0.0,0.0,0.0,0.0,0.0,0.0,37,22,0.0,37,22,0.0,37,22,0.0,37,22,,,,1,,Matty,Jacob,Jacob,Hip injury - Expected back 5 Sep,,0,0,0,0,0,0,0,0,0,0,0,0,0,,,,0,0.0,0.0,0.0,0.0,0,0,0
284,a,,,4.0,610,202,0,0,0,0,0.1,436,153,0,0,0.0,347,132,0,0,0.0,347,132,0.0,0.0,0,357,357,488,488,1.0,1.0,0.0,0.0,0.0,0.0,0.0,0.0,0.0,0.0,0.0,74,54,0.0,74,54,0.0,74,54,0.0,74,54,,,,1,,Cathal,McCarthy,McCarthy,,,0,0,0,0,0,0,0,0,0,0,0,0,0,,,,0,0.0,0.0,0.0,0.0,0,0,0
285,a,,,4.0,550,154,0,0,0,0,0.1,395,140,1,1,1.0,173,53,0,3,1.0,173,53,0.2,0.2,0,352,352,317,317,1.0,1.0,0.0,0.0,0.0,0.96,0.0,0.0,0.0,3.32,0.0,14,6,0.0,14,6,0.0,14,6,0.0,14,6,,,,1,,Paddy,McNair,McNair,,,26,0,0,0,0,0,0,0,0,0,0,0,2,,,,0,0.0,0.0,0.0,6.92,0,2,1
286,a,,,5.0,366,215,0,0,0,0,0.6,247,82,3,3,3.0,93,37,0,8,3.0,93,37,0.6,0.6,0,6829,6829,1642,1642,1.5,1.5,0.05,0.03,0.08,1.83,0.05,0.03,0.08,1.83,0.0,354,107,0.0,354,107,0.0,354,107,0.0,354,107,3.0,2.0,,1,,Mohamed,Belloumi,Belloumi,,,90,0,0,1,0,0,0,0,0,0,0,1,10,,,,0,1.0,0.0,1.0,10.0,4,3,3
287,a,,,5.0,288,172,0,0,0,0,0.1,457,186,0,0,0.0,471,187,0,2,0.0,471,187,0.0,0.0,0,176,176,431,431,1.5,1.5,0.0,0.0,0.0,0.67,0.0,0.0,0.0,3.17,0.0,276,64,0.0,276,64,0.0,276,64,0.0,276,64,,,,1,,Liam,Millar,Millar,,,19,0,0,0,0,0,0,0,1,0,0,0,3,,,,0,0.0,0.0,0.0,14.21,1,1,1
288,a,,,4.5,424,242,0,0,0,0,0.4,274,89,0,0,0.0,361,144,0,0,0.0,361,144,0.0,0.0,0,855,855,2087,2087,1.0,1.0,0.0,0.0,0.0,0.0,0.0,0.0,0.0,0.0,0.0,100,4,0.0,100,4,0.0,100,4,0.0,100,4,,,,1,,Kieran,Dowell,Dowell,,,0,0,0,0,0,0,0,0,0,0,0,0,0,,,,0,0.0,0.0,0.0,0.0,0,0,0
289,a,,,4.5,407,239,0,0,0,0,0.7,227,74,2,2,2.0,113,51,0,9,2.0,113,51,0.4,0.4,0,4677,4677,2640,2640,1.0,1.0,0.0,0.0,0.0,1.83,0.0,0.0,0.0,1.83,0.0,83,1,0.0,83,1,0.0,83,1,0.0,83,1,,,,1,,Matt,Crooks,Crooks,,,90,0,0,1,0,0,0,0,1,0,0,1,9,,,,0,1.0,0.0,1.0,9.0,4,4,1
290,a,,,4.5,454,245,0,0,0,0,3.5,97,32,6,6,6.0,49,21,0,20,6.0,49,21,1.3,1.3,0,39918,39918,9291,9291,1.0,1.0,0.0,0.44,0.44,1.83,0.0,0.44,0.44,1.83,0.0,130,7,0.0,130,7,0.0,130,7,0.0,130,7,2.0,,,1,,Regan,Slater,Slater,,,90,0,1,1,0,0,0,0,0,0,0,1,3,,,,0,1.0,0.0,1.0,3.0,1,0,2
291,i,0.0,0.0,4.5,470,247,0,0,0,0,0.0,591,253,0,0,0.0,387,147,0,0,0.0,387,147,0.0,0.0,0,31,31,46,46,0.0,0.0,0.0,0.0,0.0,0.0,0.0,0.0,0.0,0.0,0.0,146,9,0.0,146,9,0.0,146,9,0.0,146,9,,,,1,,Eliot,Matazo,Matazo,Knee injury - Unknown return date,,0,0,0,0,0,0,0,0,0,0,0,0,0,,,,0,0.0,0.0,0.0,0.0,0,0,0
292,a,,,5.0,262,160,0,0,0,0,0.0,552,229,0,0,0.0,455,179,0,0,0.0,455,179,0.0,0.0,0,136,136,199,199,1.5,1.5,0.0,0.0,0.0,0.0,0.0,0.0,0.0,0.0,0.0,250,52,0.0,250,52,0.0,250,52,0.0,250,52,,,,1,,Abdülkadir,Ömür,Ömür,,,0,0,0,0,0,0,0,0,0,0,0,0,0,,,,0,0.0,0.0,0.0,0.0,0,0,0
297,i,0.0,0.0,4.5,472,248,0,0,0,0,0.0,533,221,0,0,0.0,388,148,0,0,0.0,388,148,0.0,0.0,0,34,34,314,314,0.0,0.0,0.0,0.0,0.0,0.0,0.0,0.0,0.0,0.0,0.0,148,10,0.0,148,10,0.0,148,10,0.0,148,10,,,,1,,Darko,Gyabi,Gyabi,Thigh injury - Unknown return date,,0,0,0,0,0,0,0,0,0,0,0,0,0,,,,0,0.0,0.0,0.0,0.0,0,0,0
298,u,0.0,0.0,4.5,491,64,0,0,0,0,0.4,279,48,0,0,0.0,397,37,0,0,0.0,397,37,0.0,0.0,0,0,0,5418,5418,0.0,0.0,0.0,0.0,0.0,0.0,0.0,0.0,0.0,0.0,0.0,167,3,0.0,167,3,0.0,167,3,0.0,167,3,,,,1,,Enis,Destan,Destan,Has joined Konyaspor permanently,,0,0,0,0,0,0,0,0,0,0,0,0,0,,,,0,0.0,0.0,0.0,0.0,0,0,0
299,u,0.0,0.0,4.5,499,65,0,0,0,0,0.1,473,64,0,0,0.0,404,38,0,0,0.0,404,38,0.0,0.0,0,0,0,777,777,0.0,0.0,0.0,0.0,0.0,0.0,0.0,0.0,0.0,0.0,0.0,175,4,0.0,175,4,0.0,175,4,0.0,175,4,,,,1,,Mason,Burstow,Burstow,Has joined Sheffield Wednesday on loan for the rest of the season,,0,0,0,0,0,0,0,0,0,0,0,0,0,,,,0,0.0,0.0,0.0,0.0,0,0,0
340,i,0.0,0.0,5.0,314,184,0,0,0,0,0.0,573,243,0,0,0.0,493,198,0,0,0.0,493,198,0.0,0.0,0,27,27,158,158,0.0,0.0,0.0,0.0,0.0,0.0,0.0,0.0,0.0,0.0,0.0,302,76,0.0,302,76,0.0,302,76,0.0,302,76,,,,1,,Joe,Gelhardt,Gelhardt,Ankle injury - Expected back 5 Sep,,0,0,0,0,0,0,0,0,0,0,0,0,0,,,,0,0.0,0.0,0.0,0.0,0,0,0
556,a,,,4.0,553,156,0,0,0,0,2.4,118,48,1,1,1.0,175,55,0,3,1.0,175,55,0.2,0.2,0,2990,2990,7504,7504,1.0,1.0,0.0,0.0,0.0,0.07,0.0,0.0,0.0,1.26,0.0,17,8,0.0,17,8,0.0,17,8,0.0,17,8,,,,1,,Matt,Targett,Targett,,,5,0,0,0,0,0,0,0,0,0,0,0,0,,,,0,0.0,0.0,0.0,0.0,0,0,1
563,d,50.0,50.0,5.0,306,180,0,0,0,0,0.0,541,224,0,0,0.0,485,194,0,0,0.0,485,194,0.0,0.0,0,26,26,211,211,0.8,0.8,0.0,0.0,0.0,0.0,0.0,0.0,0.0,0.0,0.0,294,72,0.0,294,72,0.0,294,72,0.0,294,72,,,,1,,Hidemasa,Morita,Morita,Calf injury - 50% chance of playing,,0,0,0,0,0,0,0,0,0,0,0,0,0,,,,0,0.0,0.0,0.0,0.0,0,0,0
572,a,,,4.5,476,40,0,0,0,0,1.5,160,24,10,10,10.0,15,1,3,41,10.0,15,1,2.2,2.2,0,45220,45220,4089,4089,1.9,1.9,0.0,0.0,0.0,1.83,0.0,0.0,0.0,1.83,0.0,152,39,0.0,152,39,0.0,152,39,0.0,152,39,,,,1,,Konstantinos,Tzolakis,Tzolakis,,,90,0,0,1,0,0,0,0,0,0,5,1,0,,,,5,1.0,0.0,1.0,0.0,0,0,22
26,a,,,7.5,14,5,0,0,0,0,6.7,57,10,6,6,6.0,64,5,0,34,6.0,64,5,0.8,0.8,0,102989,102989,15172,15172,2.4,2.4,0.26,0.03,0.29,0.2,0.26,0.03,0.29,0.2,0.0,590,66,0.0,590,66,0.0,590,66,0.0,590,66,,,,1,,Kai,Havertz,Havertz,,,90,1,0,1,0,0,0,0,0,0,0,1,2,,,,0,1.0,0.0,1.0,2.0,0,2,0
30,u,0.0,0.0,4.5,406,82,0,0,0,0,0.1,418,149,0,0,0.0,350,133,0,0,0.0,350,133,0.0,0.0,0,0,0,3357,3357,0.0,0.0,0.0,0.0,0.0,0.0,0.0,0.0,0.0,0.0,0.0,82,58,0.0,82,58,0.0,82,58,0.0,82,58,,,,1,,Lucas,Digne,Digne,Has joined Paris Saint-Germain permanently,,0,0,0,0,0,0,0,0,0,0,0,0,0,,,,0,0.0,0.0,0.0,0.0,0,0,0
38,a,,,4.0,604,196,0,0,0,0,1.7,138,58,0,0,0.0,342,127,0,0,0.0,342,127,0.0,0.0,0,4371,4371,6901,6901,1.0,1.0,0.0,0.0,0.0,0.0,0.0,0.0,0.0,0.0,0.0,68,48,0.0,68,48,0.0,68,48,0.0,68,48,,,,1,,Andrés,García,A.García,,,0,0,0,0,0,0,0,0,0,0,0,0,0,,,,0,0.0,0.0,0.0,0.0,0,0,0
574,a,,,5.0,373,220,0,0,0,0,0.1,437,174,0,0,0.0,524,218,0,0,0.0,524,218,0.0,0.0,0,170,170,436,436,1.5,1.5,0.0,0.0,0.0,0.0,0.0,0.0,0.0,0.0,0.0,361,112,0.0,361,112,0.0,361,112,0.0,361,112,,,,1,,Jens,Hjertø-Dahl,Hjertø-Dahl,,,0,0,0,0,0,0,0,0,0,0,0,0,0,,,,0,0.0,0.0,0.0,0.0,0,0,0
576,a,,,5.0,383,228,0,0,0,0,0.1,432,171,3,3,3.0,94,38,0,11,3.0,94,38,0.6,0.6,0,645,645,252,252,1.5,1.5,0.0,0.03,0.03,1.16,0.0,0.04,0.04,1.49,0.0,371,120,0.0,371,120,0.0,371,120,0.0,371,120,,,,1,,Elliot,Stroud,Stroud,,,70,0,0,1,0,0,0,0,0,0,0,1,6,,,,0,1.29,0.0,1.29,7.71,3,1,2
585,a,,,4.0,603,195,0,0,0,0,0.7,232,87,1,1,1.0,181,61,0,4,1.0,181,61,0.2,0.2,0,1697,1697,1627,1627,1.0,1.0,0.0,0.0,0.0,0.96,0.0,0.0,0.0,3.32,0.0,67,47,0.0,67,47,0.0,67,47,0.0,67,47,,,,1,,Lucas,Herrington,Herrington,,,26,0,0,0,0,0,0,0,0,0,0,0,4,,,,0,0.0,0.0,0.0,13.85,0,4,0
586,d,75.0,,4.0,605,197,0,0,0,0,1.9,129,53,15,15,15.0,3,2,1,35,15.0,3,2,3.8,3.8,0,55746,55746,8870,8870,0.8,1.0,0.28,0.0,0.28,0.86,0.4,0.0,0.4,1.23,0.0,69,49,0.0,69,49,0.0,69,49,0.0,69,49,,,,1,,Nobel,Mendy,Mendy,Thigh injury - 75% chance of playing,,63,1,0,1,0,0,0,0,0,0,0,1,13,,,,0,1.43,0.0,1.43,18.57,0,13,2
589,a,,,5.0,321,187,0,0,0,0,0.0,527,219,0,0,0.0,495,200,0,0,0.0,495,200,0.0,0.0,0,59,59,127,127,1.5,1.5,0.0,0.0,0.0,0.0,0.0,0.0,0.0,0.0,0.0,309,79,0.0,309,79,0.0,309,79,0.0,309,79,,,,1,,Lucas,Gourna-Douath,Gourna-Douath,,,0,0,0,0,0,0,0,0,0,0,0,0,0,,,,0,0.0,0.0,0.0,0.0,0,0,0
300,a,,,4.5,411,27,0,0,0,0,0.5,251,34,0,0,0.0,353,44,0,0,0.0,353,44,0.0,0.0,0,124,124,1865,1865,1.9,1.9,0.0,0.0,0.0,0.0,0.0,0.0,0.0,0.0,0.0,87,26,0.0,87,26,0.0,87,26,0.0,87,26,,,,1,,Christian,Walton,Walton,,,0,0,0,0,0,0,0,0,0,0,0,0,0,,,,0,0.0,0.0,0.0,0.0,0,0,0
301,a,,,4.0,546,54,0,0,0,0,4.6,71,9,0,0,0.0,301,27,0,0,0.0,301,27,0.0,0.0,0,3605,3605,7900,7900,1.0,1.0,0.0,0.0,0.0,0.0,0.0,0.0,0.0,0.0,0.0,10,7,0.0,10,7,0.0,10,7,0.0,10,7,,,,1,,Alex,Palmer,Palmer,,,0,0,0,0,0,0,0,0,0,0,0,0,0,,,,0,0.0,0.0,0.0,0.0,0,0,0
302,a,,,4.0,540,51,0,0,0,0,0.5,266,36,0,0,0.0,296,24,0,0,0.0,296,24,0.0,0.0,0,882,882,814,814,1.0,1.0,0.0,0.0,0.0,0.0,0.0,0.0,0.0,0.0,0.0,4,4,0.0,4,4,0.0,4,4,0.0,4,4,,,,1,,David,Button,Button,,,0,0,0,0,0,0,0,0,0,0,0,0,0,,,,0,0.0,0.0,0.0,0.0,0,0,0
303,a,,,4.0,557,159,0,0,0,0,0.7,234,88,0,0,0.0,307,102,0,0,0.0,307,102,0.0,0.0,0,207,207,2117,2117,1.0,1.0,0.0,0.0,0.0,0.0,0.0,0.0,0.0,0.0,0.0,21,11,0.0,21,11,0.0,21,11,0.0,21,11,,,,1,,Cédric,Kipré,Kipré,,,0,0,0,0,0,0,0,0,0,0,0,0,0,,,,0,0.0,0.0,0.0,0.0,0,0,0
304,a,,,4.0,562,163,0,0,0,0,3.5,96,40,4,4,4.0,74,31,0,16,4.0,74,31,1.0,1.0,0,6750,6750,5093,5093,1.0,1.0,0.0,0.16,0.16,0.66,0.0,0.16,0.16,0.66,0.0,26,15,0.0,26,15,0.0,26,15,0.0,26,15,,,,1,,Dara,O'Shea,O'Shea,,,90,0,0,0,1,0,0,0,0,0,0,1,18,,,,0,0.0,1.0,1.0,18.0,2,16,6
305,a,,,4.0,576,173,0,0,0,0,5.1,68,28,2,2,2.0,111,44,0,10,2.0,111,44,0.5,0.5,0,3698,3698,9346,9346,1.0,1.0,0.0,0.01,0.01,0.66,0.0,0.01,0.01,0.66,0.0,40,25,0.0,40,25,0.0,40,25,0.0,40,25,2.0,2.0,,1,,Leif,Davis,Davis,,,90,0,0,0,1,0,0,0,0,0,0,1,7,,,,0,0.0,1.0,1.0,7.0,0,7,4
306,a,,,4.0,574,171,0,0,0,0,1.5,159,67,2,2,2.0,110,43,0,12,2.0,110,43,0.5,0.5,0,856,856,2244,2244,1.0,1.0,0.0,0.0,0.0,0.66,0.0,0.0,0.0,0.66,0.0,38,23,0.0,38,23,0.0,38,23,0.0,38,23,,,,1,,Jacob,Greaves,Greaves,,,90,0,0,0,1,0,0,0,0,0,0,1,7,,,,0,0.0,1.0,1.0,7.0,3,4,1
307,a,,,4.0,565,166,0,0,0,0,0.1,412,147,0,0,0.0,312,106,0,0,0.0,312,106,0.0,0.0,0,233,233,521,521,1.0,1.0,0.0,0.0,0.0,0.0,0.0,0.0,0.0,0.0,0.0,29,18,0.0,29,18,0.0,29,18,0.0,29,18,,,,1,,Ben,Johnson,Johnson,,,0,0,0,0,0,0,0,0,0,0,0,0,0,,,,0,0.0,0.0,0.0,0.0,0,0,0
308,a,,,4.0,556,158,0,0,0,0,0.6,236,90,0,0,0.0,306,101,0,0,0.0,306,101,0.0,0.0,0,160,160,1932,1932,1.0,1.0,0.0,0.0,0.0,0.0,0.0,0.0,0.0,0.0,0.0,20,10,0.0,20,10,0.0,20,10,0.0,20,10,,,,1,,Darnell,Furlong,Furlong,,,0,0,0,0,0,0,0,0,0,0,0,0,0,,,,0,0.0,0.0,0.0,0.0,0,0,0
309,a,,,5.0,345,199,0,0,0,0,0.1,392,153,4,4,4.0,75,31,0,26,4.0,75,31,0.8,0.8,0,442,442,488,488,1.5,1.5,0.03,0.03,0.06,0.63,0.03,0.03,0.06,0.72,0.0,333,91,0.0,333,91,0.0,333,91,0.0,333,91,1.0,1.0,,1,,Marcelino,Núñez,Núñez,,,79,0,0,0,1,0,0,0,0,0,0,1,12,,,,0,0.0,1.14,1.14,13.67,2,4,6
27,a,,,6.0,68,17,0,0,0,0,0.3,286,50,0,0,0.0,577,64,0,0,0.0,577,64,0.0,0.0,0,1038,1038,3949,3949,2.0,2.0,0.0,0.0,0.0,0.0,0.0,0.0,0.0,0.0,0.0,512,50,0.0,512,50,0.0,512,50,0.0,512,50,,,,1,,Gabriel,Fernando de Jesus,G.Jesus,,,0,0,0,0,0,0,0,0,0,0,0,0,0,,,,0,0.0,0.0,0.0,0.0,0,0,0
452,d,75.0,75.0,7.0,24,15,0,0,0,0,3.4,100,33,0,0,0.0,600,265,0,0,0.0,600,265,0.0,0.0,0,490,490,67048,67048,1.8,1.8,0.0,0.0,0.0,0.0,0.0,0.0,0.0,0.0,0.0,582,251,0.0,582,251,0.0,582,251,0.0,582,251,5.0,,4.0,1,,Bruno,Guimarães Rodriguez Moura,Bruno G.,Thigh injury - 75% chance of playing,,0,0,0,0,0,0,0,0,0,0,0,0,0,,,,0,0.0,0.0,0.0,0.0,0,0,0
310,i,0.0,0.0,5.0,290,173,0,0,0,0,0.0,600,261,0,0,0.0,473,188,0,0,0.0,473,188,0.0,0.0,0,3,3,63,63,0.0,0.0,0.0,0.0,0.0,0.0,0.0,0.0,0.0,0.0,0.0,278,65,0.0,278,65,0.0,278,65,0.0,278,65,,,,1,,Azor,Matusiwa,Matusiwa,Muscular injury - Unknown return date,,0,0,0,0,0,0,0,0,0,0,0,0,0,,,,0,0.0,0.0,0.0,0.0,0,0,0
311,u,0.0,0.0,5.0,241,144,0,0,0,0,0.0,594,256,0,0,0.0,445,171,0,0,0.0,445,171,0.0,0.0,0,0,0,121,121,0.0,0.0,0.0,0.0,0.0,0.0,0.0,0.0,0.0,0.0,0.0,229,36,0.0,229,36,0.0,229,36,0.0,229,36,,,,1,,Wes,Burns,Burns,Has joined Leicester City permanently,,0,0,0,0,0,0,0,0,0,0,0,0,0,,,,0,0.0,0.0,0.0,0.0,0,0,0
312,i,0.0,0.0,4.5,448,244,0,0,0,0,0.0,492,205,0,0,0.0,374,146,0,0,0.0,374,146,0.0,0.0,0,60,60,508,508,0.0,0.0,0.0,0.0,0.0,0.0,0.0,0.0,0.0,0.0,0.0,124,6,0.0,124,6,0.0,124,6,0.0,124,6,,,,1,,Jack,Taylor,Taylor,Knee injury - Unknown return date,,0,0,0,0,0,0,0,0,0,0,0,0,0,,,,0,0.0,0.0,0.0,0.0,0,0,0
313,a,,,5.5,165,103,0,0,0,0,0.3,300,101,7,7,7.0,39,19,1,27,7.0,39,19,1.3,1.3,0,1626,1626,942,942,2.0,2.0,0.1,0.0,0.1,0.03,0.47,0.0,0.47,0.14,0.0,440,161,0.0,440,161,0.0,440,161,0.0,440,161,3.0,3.0,1.0,1,,Jack,Clarke,Clarke,,,19,1,0,0,0,0,0,0,0,0,0,0,2,,,,0,0.0,0.0,0.0,9.47,1,0,1
314,a,,,5.0,282,168,0,0,0,0,0.0,560,233,0,0,0.0,466,183,0,0,0.0,466,183,0.0,0.0,0,21,21,112,112,1.5,1.5,0.0,0.0,0.0,0.0,0.0,0.0,0.0,0.0,0.0,270,60,0.0,270,60,0.0,270,60,0.0,270,60,,,,1,,Chiedozie,Ogbene,Ogbene,,,0,0,0,0,0,0,0,0,0,0,0,0,0,,,,0,0.0,0.0,0.0,0.0,0,0,0
315,a,,,5.5,202,126,0,0,0,0,0.2,326,114,2,2,2.0,147,71,0,22,2.0,147,71,0.4,0.4,0,346,346,1236,1236,2.0,2.0,0.0,0.41,0.41,0.63,0.0,0.57,0.57,0.87,0.0,477,184,0.0,477,184,0.0,477,184,0.0,477,184,,,,1,,Abdul,Fatawu,Fatawu,,,65,0,0,0,1,0,0,0,0,0,0,1,7,,,,0,0.0,1.38,1.38,9.69,4,1,2
316,a,,,5.5,204,44,0,0,0,0,1.1,188,28,9,9,9.0,25,2,3,41,9.0,25,2,1.6,1.6,0,44158,44158,6173,6173,1.8,1.8,0.82,0.06,0.88,0.63,1.14,0.08,1.22,0.87,0.0,479,41,0.0,479,41,0.0,479,41,0.0,479,41,,,2.0,1,,Emersonn,Correia da Silva,Emersonn,,,65,1,0,0,1,0,0,0,0,0,0,1,3,,,,0,0.0,1.38,1.38,4.15,1,1,1
317,u,0.0,0.0,5.0,278,51,0,0,0,0,0.2,342,54,0,0,0.0,463,46,0,0,0.0,463,46,0.0,0.0,0,0,0,5050,5050,0.0,0.0,0.0,0.0,0.0,0.0,0.0,0.0,0.0,0.0,0.0,266,15,0.0,266,15,0.0,266,15,0.0,266,15,,,,1,,George,Hirst,Hirst,Has joined Stoke City permanently,,0,0,0,0,0,0,0,0,0,0,0,0,0,,,,0,0.0,0.0,0.0,0.0,0,0,0
318,a,,,5.5,186,113,0,0,0,0,0.2,375,142,0,0,0.0,562,240,0,0,0.0,562,240,0.0,0.0,0,93,93,1186,1186,2.0,2.0,0.0,0.0,0.0,0.0,0.0,0.0,0.0,0.0,0.0,461,171,0.0,461,171,0.0,461,171,0.0,461,171,5.0,,3.0,1,,Jaden,Philogene,Philogene,,,0,0,0,0,0,0,0,0,0,0,0,0,0,,,,0,0.0,0.0,0.0,0.0,0,0,0
319,u,0.0,0.0,5.0,249,151,0,0,0,0,0.0,590,252,0,0,0.0,451,176,0,0,0.0,451,176,0.0,0.0,0,0,0,280,280,0.0,0.0,0.0,0.0,0.0,0.0,0.0,0.0,0.0,0.0,0.0,237,43,0.0,237,43,0.0,237,43,0.0,237,43,,,,1,,Sam,Szmodics,Szmodics,Has joined Derby County on loan for the rest of the season,,0,0,0,0,0,0,0,0,0,0,0,0,0,,,,0,0.0,0.0,0.0,0.0,0,0,0
320,a,,,5.0,240,49,0,0,0,0,0.5,250,42,1,1,1.0,210,20,0,3,1.0,210,20,0.2,0.2,0,2455,2455,2774,2774,1.4,1.4,0.0,0.0,0.0,0.03,0.0,0.0,0.0,0.11,0.0,228,13,0.0,228,13,0.0,228,13,0.0,228,13,,,,1,,Chuba,Akpom,Akpom,,,24,0,0,0,0,0,0,0,0,0,0,0,3,,,,0,0.0,0.0,0.0,11.25,1,0,2
321,a,,,4.5,509,67,0,0,0,0,2.3,121,18,1,1,1.0,204,19,0,3,1.0,204,19,0.2,0.2,0,14605,14605,9266,9266,1.0,1.0,0.0,0.0,0.0,0.03,0.0,0.0,0.0,0.27,0.0,185,6,0.0,185,6,0.0,185,6,0.0,185,6,,,,1,,Sindre,Walle Egeli,Walle Egeli,,,10,0,0,0,0,0,0,0,0,0,0,0,0,,,,0,0.0,0.0,0.0,0.0,0,0,0
322,a,,,5.0,313,54,0,0,0,0,0.1,387,58,0,0,0.0,492,48,0,0,0.0,492,48,0.0,0.0,0,507,507,1083,1083,1.4,1.4,0.0,0.0,0.0,0.0,0.0,0.0,0.0,0.0,0.0,301,18,0.0,301,18,0.0,301,18,0.0,301,18,,,,1,,Ali,Al-Hamadi,Al-Hamadi,,,0,0,0,0,0,0,0,0,0,0,0,0,0,,,,0,0.0,0.0,0.0,0.0,0,0,0
323,a,,,4.5,468,246,0,0,0,0,1.4,164,48,1,1,1.0,194,88,0,4,1.0,194,88,0.2,0.2,0,2965,2965,5428,5428,1.0,1.0,0.0,0.0,0.0,0.03,0.0,0.0,0.0,0.11,0.0,144,8,0.0,144,8,0.0,144,8,0.0,144,8,,,,1,,Kasey,McAteer,McAteer,,,24,0,0,0,0,0,0,0,0,0,0,0,3,,,,0,0.0,0.0,0.0,11.25,1,0,2
324,a,,,5.0,286,170,0,0,0,0,0.1,479,195,0,0,0.0,469,185,0,0,0.0,469,185,0.0,0.0,0,27,27,318,318,1.5,1.5,0.0,0.0,0.0,0.0,0.0,0.0,0.0,0.0,0.0,274,62,0.0,274,62,0.0,274,62,0.0,274,62,,,,1,,Anis,Mehmeti,Mehmeti,,,0,0,0,0,0,0,0,0,0,0,0,0,0,,,,0,0.0,0.0,0.0,0.0,0,0,0
554,a,,,4.5,500,45,0,0,0,0,0.0,509,54,0,0,0.0,405,56,0,0,0.0,405,56,0.0,0.0,0,44,44,191,191,1.9,1.9,0.0,0.0,0.0,0.0,0.0,0.0,0.0,0.0,0.0,176,44,0.0,176,44,0.0,176,44,0.0,176,44,,,,1,,Kayne,van Oevelen,Van Oevelen,,,0,0,0,0,0,0,0,0,0,0,0,0,0,,,,0,0.0,0.0,0.0,0.0,0,0,0
31,a,,,4.5,432,97,0,0,0,0,11.8,34,12,0,0,0.0,365,138,0,0,0.0,365,138,0.0,0.0,0,24485,24485,129435,129435,1.7,1.7,0.0,0.0,0.0,0.0,0.0,0.0,0.0,0.0,0.0,108,73,0.0,108,73,0.0,108,73,0.0,108,73,,,,1,,Ezri,Konsa Ngoyo,Konsa,,,0,0,0,0,0,0,0,0,0,0,0,0,0,,,,0,0.0,0.0,0.0,0.0,0,0,0
562,a,,,5.5,164,102,0,0,0,0,0.4,270,87,2,2,2.0,143,67,0,7,2.0,143,67,0.4,0.4,0,468,468,1693,1693,2.0,2.0,0.61,0.0,0.61,0.63,0.69,0.0,0.69,0.72,0.0,439,160,0.0,439,160,0.0,439,160,0.0,439,160,,,,1,,Daizen,Maeda,Maeda,,,79,0,0,0,1,0,0,0,0,0,0,1,9,,,,0,0.0,1.14,1.14,10.25,4,3,2
564,a,,,4.5,451,35,0,0,0,0,0.7,233,32,2,2,2.0,114,9,0,12,2.0,114,9,0.4,0.4,0,709,709,1227,1227,1.9,1.9,0.0,0.0,0.0,0.66,0.0,0.0,0.0,0.66,0.0,127,34,0.0,127,34,0.0,127,34,0.0,127,34,,,,1,,Kjell,Scherpen,Scherpen,,,90,0,0,0,1,0,0,0,0,0,2,1,0,,,,2,0.0,1.0,1.0,0.0,0,1,10
571,a,,,5.0,272,165,0,0,0,0,0.1,391,152,0,0,0.0,459,181,0,0,0.0,459,181,0.0,0.0,0,157,157,681,681,1.5,1.5,0.0,0.0,0.0,0.0,0.0,0.0,0.0,0.0,0.0,260,57,0.0,260,57,0.0,260,57,0.0,260,57,,,,1,,Florentino Ibrain,Morris Luís,Florentino,,,0,0,0,0,0,0,0,0,0,0,0,0,0,,,,0,0.0,0.0,0.0,0.0,0,0,0
591,d,75.0,,5.5,181,110,0,0,0,0,0.4,280,92,5,5,5.0,71,29,0,24,5.0,71,29,0.9,0.9,0,7194,7194,2159,2159,1.5,2.0,0.23,0.31,0.54,0.63,0.3,0.4,0.7,0.81,0.0,456,168,0.0,456,168,0.0,456,168,0.0,456,168,,,,1,,Julio,Enciso,Enciso,Muscular injury - 75% chance of playing,,70,0,1,0,1,0,0,0,0,0,0,1,8,,,,0,0.0,1.29,1.29,10.29,1,2,5
592,a,,,4.0,597,190,0,0,0,0,1.1,193,73,1,1,1.0,180,60,0,4,1.0,180,60,0.2,0.2,0,1907,1907,2626,2626,1.0,1.0,0.0,0.0,0.0,0.03,0.0,0.0,0.0,0.27,0.0,61,42,0.0,61,42,0.0,61,42,0.0,61,42,,,,1,,Abdoul,Ouattara,Ouattara,,,10,0,0,0,0,0,0,0,0,0,0,0,2,,,,0,0.0,0.0,0.0,18.0,0,2,0
602,a,,,4.5,498,254,0,0,0,0,0.0,543,225,0,0,0.0,403,154,0,0,0.0,403,154,0.0,0.0,0,649,649,146,146,1.0,1.0,0.0,0.0,0.0,0.0,0.0,0.0,0.0,0.0,0.0,174,16,0.0,174,16,0.0,174,16,0.0,174,16,,,,1,,Cameron,Humphreys,Humphreys,,,0,0,0,0,0,0,0,0,0,0,0,0,0,,,,0,0.0,0.0,0.0,0.0,0,0,0
260,a,,,6.5,33,21,0,0,0,0,6.1,60,20,3,3,3.0,106,48,0,8,3.0,106,48,0.5,0.5,0,7823,7823,24518,24518,2.3,2.3,0.0,0.02,0.02,0.53,0.0,0.03,0.03,0.73,0.0,558,231,0.0,558,231,0.0,558,231,0.0,558,231,2.0,,,1,,Harry,Wilson,Wilson,,,65,0,0,1,0,0,0,0,0,0,0,1,2,,,,0,1.38,0.0,1.38,2.77,2,0,0
326,a,,,4.5,433,33,0,0,0,0,0.6,241,33,0,0,0.0,366,50,0,0,0.0,366,50,0.0,0.0,0,170,170,2193,2193,1.9,1.9,0.0,0.0,0.0,0.0,0.0,0.0,0.0,0.0,0.0,109,32,0.0,109,32,0.0,109,32,0.0,109,32,,,,1,,Lucas Estella,Perri,Perri,,,0,0,0,0,0,0,0,0,0,0,0,0,0,,,,0,0.0,0.0,0.0,0.0,0,0,0
327,a,,,5.0,299,54,0,0,0,0,0.6,238,91,10,10,10.0,16,7,2,28,10.0,16,7,2.0,2.0,0,20461,20461,2835,2835,2.2,2.2,0.11,0.0,0.11,0.66,0.11,0.0,0.11,0.66,0.0,287,144,0.0,287,144,0.0,287,144,0.0,287,144,,,,1,,Jaka,Bijol,Bijol,,,90,0,0,1,0,0,0,0,0,0,0,1,12,,,,0,1.0,0.0,1.0,12.0,1,11,5
329,a,,,4.5,436,99,0,0,0,0,3.6,91,36,6,6,6.0,46,19,0,21,6.0,46,19,1.3,1.3,0,7270,7270,4269,4269,1.7,1.7,0.03,0.06,0.09,0.66,0.03,0.06,0.09,0.66,0.0,112,75,0.0,112,75,0.0,112,75,0.0,112,75,,,,1,,Joe,Rodon,Rodon,,,90,0,0,1,0,0,0,0,0,0,0,1,7,,,,0,1.0,0.0,1.0,7.0,1,6,1
330,a,,,4.5,444,106,0,0,0,0,0.6,249,93,6,6,6.0,48,21,0,24,6.0,48,21,1.3,1.3,0,3346,3346,1082,1082,1.7,1.7,0.0,0.0,0.0,0.66,0.0,0.0,0.0,0.66,0.0,120,82,0.0,120,82,0.0,120,82,0.0,120,82,,,,1,,Jayden,Bogle,Bogle,,,90,0,0,1,0,0,0,0,0,0,0,1,3,,,,0,1.0,0.0,1.0,3.0,1,2,3
331,i,0.0,0.0,4.5,455,114,0,0,0,0,0.0,483,170,0,0,0.0,379,148,0,0,0.0,379,148,0.0,0.0,0,33,33,556,556,0.0,0.0,0.0,0.0,0.0,0.0,0.0,0.0,0.0,0.0,0.0,131,90,0.0,131,90,0.0,131,90,0.0,131,90,,,,1,,Gabriel,Gudmundsson,Gudmundsson,Hamstring injury - Unknown return date,,0,0,0,0,0,0,0,0,0,0,0,0,0,,,,0,0.0,0.0,0.0,0.0,0,0,0
332,a,,,4.5,439,102,0,0,0,0,0.8,214,79,10,10,10.0,14,6,2,28,10.0,14,6,2.2,2.2,0,16659,16659,2951,2951,1.7,1.7,0.0,0.01,0.01,0.66,0.0,0.01,0.01,0.66,0.0,115,78,0.0,115,78,0.0,115,78,0.0,115,78,,,,1,,James,Justin,Justin,,,90,0,0,1,0,0,0,0,0,0,0,1,12,,,,0,1.0,0.0,1.0,12.0,6,6,4
333,u,0.0,0.0,4.5,463,121,0,0,0,0,0.0,599,200,0,0,0.0,384,152,0,0,0.0,384,152,0.0,0.0,0,0,0,109,109,0.0,0.0,0.0,0.0,0.0,0.0,0.0,0.0,0.0,0.0,0.0,139,97,0.0,139,97,0.0,139,97,0.0,139,97,,,,1,,Sebastiaan,Bornauw,Bornauw,Has joined Hamburg SV on loan for the rest of the season,,0,0,0,0,0,0,0,0,0,0,0,0,0,,,,0,0.0,0.0,0.0,0.0,0,0,0
334,a,,,5.0,357,72,0,0,0,0,3.4,99,41,6,6,6.0,53,22,0,25,6.0,53,22,1.2,1.2,0,10162,10162,4097,4097,2.2,2.2,0.09,0.0,0.09,0.66,0.09,0.0,0.09,0.66,0.0,345,162,0.0,345,162,0.0,345,162,0.0,345,162,,,,1,,Tarik,Muharemović,Muharemović,,,90,0,0,1,0,0,0,0,0,0,0,1,7,,,,0,1.0,0.0,1.0,7.0,0,7,1
335,a,,,6.0,91,58,0,0,0,0,1.4,166,50,13,13,13.0,7,3,3,37,13.0,7,3,2.2,2.2,0,34145,34145,5195,5195,2.2,2.2,0.1,0.05,0.15,0.66,0.1,0.05,0.15,0.66,0.0,535,215,0.0,535,215,0.0,535,215,0.0,535,215,1.0,1.0,,1,,Anton,Stach,Stach,,,90,1,0,1,0,0,0,0,0,0,0,1,16,,,,0,1.0,0.0,1.0,16.0,3,8,5
336,a,,,6.0,79,51,0,0,0,0,0.5,262,84,1,1,1.0,278,129,0,10,1.0,278,129,0.2,0.2,0,703,703,4040,4040,2.2,2.2,0.0,0.16,0.16,0.13,0.0,0.6,0.6,0.49,0.0,523,208,0.0,523,208,0.0,523,208,0.0,523,208,,,,1,,Noah,Okafor,Okafor,,,24,0,0,0,0,0,0,0,0,0,0,0,5,,,,0,0.0,0.0,0.0,18.75,2,1,2
337,a,,,5.5,155,96,0,0,0,0,0.9,202,68,3,3,3.0,97,40,0,16,3.0,97,40,0.5,0.5,0,1191,1191,3550,3550,2.0,2.0,0.01,0.01,0.02,0.58,0.01,0.01,0.02,0.64,0.0,430,154,0.0,430,154,0.0,430,154,0.0,430,154,,3.0,,1,,Brenden,Aaronson,Aaronson,,,81,0,0,1,0,0,0,0,0,0,0,1,7,,,,0,1.11,0.0,1.11,7.78,1,0,6
338,a,,,5.5,131,81,0,0,0,0,1.4,165,49,5,5,5.0,69,28,0,18,5.0,69,28,0.9,0.9,0,1834,1834,4240,4240,2.0,2.0,0.0,0.04,0.04,0.66,0.0,0.04,0.04,0.66,0.0,406,139,0.0,406,139,0.0,406,139,0.0,406,139,,,,1,,Ethan,Ampadu,Ampadu,,,90,0,0,1,0,0,0,0,0,0,0,1,13,,,,0,1.0,0.0,1.0,13.0,2,6,5
339,a,,,5.0,252,152,0,0,0,0,0.1,394,154,1,1,1.0,211,90,0,3,1.0,211,90,0.2,0.2,0,299,299,744,744,1.5,1.5,0.0,0.0,0.0,0.07,0.0,0.0,0.0,0.79,0.0,240,44,0.0,240,44,0.0,240,44,0.0,240,44,3.0,2.0,,1,,Sean,Longstaff,Longstaff,,,8,0,0,0,0,0,0,0,0,0,0,0,0,,,,0,0.0,0.0,0.0,0.0,0,0,0
341,i,0.0,0.0,5.0,338,196,0,0,0,0,0.0,550,227,0,0,0.0,507,208,0,0,0.0,507,208,0.0,0.0,0,9,9,421,421,0.0,0.0,0.0,0.0,0.0,0.0,0.0,0.0,0.0,0.0,0.0,326,88,0.0,326,88,0.0,326,88,0.0,326,88,,,,1,,Wilfried,Gnonto,Gnonto,Hamstring injury - Unknown return date,,0,0,0,0,0,0,0,0,0,0,0,0,0,,,,0,0.0,0.0,0.0,0.0,0,0,0
342,u,0.0,0.0,5.0,275,166,0,0,0,0,0.0,609,268,0,0,0.0,460,182,0,0,0.0,460,182,0.0,0.0,0,0,0,25,25,0.0,0.0,0.0,0.0,0.0,0.0,0.0,0.0,0.0,0.0,0.0,263,58,0.0,263,58,0.0,263,58,0.0,263,58,,,,1,,Jack,Harrison,Harrison,Has joined New England Revolution permanently,,0,0,0,0,0,0,0,0,0,0,0,0,0,,,,0,0.0,0.0,0.0,0.0,0,0,0
343,a,,,5.0,255,155,0,0,0,0,0.1,406,159,0,0,0.0,454,178,0,0,0.0,454,178,0.0,0.0,0,275,275,850,850,1.5,1.5,0.0,0.0,0.0,0.0,0.0,0.0,0.0,0.0,0.0,243,47,0.0,243,47,0.0,243,47,0.0,243,47,,,,1,,Daniel,James,James,,,0,0,0,0,0,0,0,0,0,0,0,0,0,,,,0,0.0,0.0,0.0,0.0,0,0,0
344,i,0.0,0.0,5.0,328,190,0,0,0,0,0.0,598,260,0,0,0.0,498,202,0,0,0.0,498,202,0.0,0.0,0,2,2,70,70,0.0,0.0,0.0,0.0,0.0,0.0,0.0,0.0,0.0,0.0,0.0,316,82,0.0,316,82,0.0,316,82,0.0,316,82,,,,1,,Ilia,Gruev,Gruev,Knee injury - Unknown return date,,0,0,0,0,0,0,0,0,0,0,0,0,0,,,,0,0.0,0.0,0.0,0.0,0,0,0
345,a,,,5.0,293,175,0,0,0,0,0.2,325,113,0,0,0.0,476,190,0,0,0.0,476,190,0.0,0.0,0,538,538,2161,2161,1.5,1.5,0.0,0.0,0.0,0.0,0.0,0.0,0.0,0.0,0.0,281,67,0.0,281,67,0.0,281,67,0.0,281,67,4.0,,,1,,Tanaka,Ao,Tanaka,,,0,0,0,0,0,0,0,0,0,0,0,0,0,,,,0,0.0,0.0,0.0,0.0,0,0,0
346,a,,,6.0,63,16,0,0,0,0,30.0,8,3,1,1,1.0,273,32,0,-2,1.0,273,32,0.2,0.2,0,37855,37855,71870,71870,2.0,2.0,0.13,0.0,0.13,0.66,0.13,0.0,0.13,0.66,0.0,507,49,0.0,507,49,0.0,507,49,0.0,507,49,,,1.0,1,,Dominic,Calvert-Lewin,Calvert-Lewin,,,90,0,0,1,0,0,0,0,1,0,0,1,2,,,,0,1.0,0.0,1.0,2.0,0,0,2
347,a,,,5.5,124,33,0,0,0,0,0.6,245,40,0,0,0.0,536,57,0,0,0.0,536,57,0.0,0.0,0,889,889,4371,4371,1.8,1.8,0.0,0.0,0.0,0.0,0.0,0.0,0.0,0.0,0.0,399,30,0.0,399,30,0.0,399,30,0.0,399,30,,,2.0,1,,Lukas,Nmecha,Nmecha,,,0,0,0,0,0,0,0,0,0,0,0,0,0,,,,0,0.0,0.0,0.0,0.0,0,0,0
348,u,0.0,0.0,5.0,289,53,0,0,0,0,0.1,388,59,0,0,0.0,472,47,0,0,0.0,472,47,0.0,0.0,0,0,0,3349,3349,0.0,0.0,0.0,0.0,0.0,0.0,0.0,0.0,0.0,0.0,0.0,277,17,0.0,277,17,0.0,277,17,0.0,277,17,,,3.0,1,,Joël,Piroe,Piroe,Has joined West Ham United on loan for the rest of the season,,0,0,0,0,0,0,0,0,0,0,0,0,0,,,,0,0.0,0.0,0.0,0.0,0,0,0
349,i,0.0,0.0,4.5,510,68,0,0,0,0,0.1,470,63,0,0,0.0,413,40,0,0,0.0,413,40,0.0,0.0,0,160,160,588,588,0.0,0.0,0.0,0.0,0.0,0.0,0.0,0.0,0.0,0.0,0.0,186,7,0.0,186,7,0.0,186,7,0.0,186,7,,,,1,,Mateo,Joseph Fernández-Regatillo,Mateo Joseph,Knee injury - Unknown return date,,0,0,0,0,0,0,0,0,0,0,0,0,0,,,,0,0.0,0.0,0.0,0.0,0,0,0
385,a,,,5.0,297,14,0,0,0,0,3.4,98,14,9,9,9.0,21,2,2,28,9.0,21,2,1.8,1.8,0,27286,27286,5155,5155,2.6,2.6,0.0,0.0,0.0,0.66,0.0,0.0,0.0,0.66,0.0,285,56,0.0,285,56,0.0,285,56,0.0,285,56,,,,1,,James,Trafford,Trafford,,,90,0,0,1,0,0,0,0,0,0,3,1,0,,,,3,1.0,0.0,1.0,0.0,0,0,9
598,a,,,4.5,425,91,0,0,0,0,0.0,537,184,0,0,0.0,362,136,0,0,0.0,362,136,0.0,0.0,0,145,145,113,113,1.7,1.7,0.0,0.0,0.0,0.0,0.0,0.0,0.0,0.0,0.0,101,67,0.0,101,67,0.0,101,67,0.0,101,67,,,,1,,Nico,Elvedi,Elvedi,,,0,0,0,0,0,0,0,0,0,0,0,0,0,,,,0,0.0,0.0,0.0,0.0,0,0,0
351,a,,,5.0,307,17,0,0,0,0,0.2,380,41,0,0,0.0,486,66,0,0,0.0,486,66,0.0,0.0,0,355,355,1062,1062,2.6,2.6,0.0,0.0,0.0,0.0,0.0,0.0,0.0,0.0,0.0,295,59,0.0,295,59,0.0,295,59,0.0,295,59,,,,1,,Giorgi,Mamardashvili,Mamardashvili,,,0,0,0,0,0,0,0,0,0,0,0,0,0,,,,0,0.0,0.0,0.0,0.0,0,0,0
353,u,0.0,0.0,4.0,602,67,0,0,0,0,0.0,531,62,0,0,0.0,341,40,0,0,0.0,341,40,0.0,0.0,0,0,0,284,284,0.0,0.0,0.0,0.0,0.0,0.0,0.0,0.0,0.0,0.0,0.0,66,20,0.0,66,20,0.0,66,20,0.0,66,20,,,,1,,Armin,Pecsi,Pecsi,Has joined TSV Hartberg on loan for the rest of the season,,0,0,0,0,0,0,0,0,0,0,0,0,0,,,,0,0.0,0.0,0.0,0.0,0,0,0
354,i,0.0,0.0,4.0,568,60,0,0,0,0,0.0,570,66,0,0,0.0,314,33,0,0,0.0,314,33,0.0,0.0,0,82,82,105,105,0.0,0.0,0.0,0.0,0.0,0.0,0.0,0.0,0.0,0.0,0.0,32,13,0.0,32,13,0.0,32,13,0.0,32,13,,,,1,,Vitezslav,Jaros,Jaros,Knee injury - Unknown return date,,0,0,0,0,0,0,0,0,0,0,0,0,0,,,,0,0.0,0.0,0.0,0.0,0,0,0
355,a,,,4.0,578,63,0,0,0,0,0.1,393,42,0,0,0.0,319,36,0,0,0.0,319,36,0.0,0.0,0,347,347,333,333,1.0,1.0,0.0,0.0,0.0,0.0,0.0,0.0,0.0,0.0,0.0,42,16,0.0,42,16,0.0,42,16,0.0,42,16,,,,1,,Harvey,Davies,Davies,,,0,0,0,0,0,0,0,0,0,0,0,0,0,,,,0,0.0,0.0,0.0,0.0,0,0,0
356,a,,,6.5,31,2,0,0,0,0,19.6,17,5,2,2,2.0,160,51,0,8,2.0,160,51,0.3,0.3,0,37296,37296,34054,34054,3.1,3.1,0.25,0.01,0.26,1.58,0.25,0.01,0.26,1.58,0.0,556,199,0.0,556,199,0.0,556,199,0.0,556,199,,,,1,,Virgil,van Dijk,Virgil,,,90,0,0,0,2,0,0,0,1,0,0,1,11,,,,0,0.0,2.0,1.0,11.0,2,9,6
357,a,,,5.5,142,15,0,0,0,0,3.5,95,39,0,0,0.0,546,191,0,3,0.0,546,191,0.0,0.0,0,12531,12531,15299,15299,2.5,2.5,0.01,0.09,0.1,1.58,0.01,0.09,0.1,1.58,0.0,417,173,0.0,417,173,0.0,417,173,0.0,417,173,,,,1,,Jeremie,Frimpong,Frimpong,,,90,0,0,0,2,0,0,0,1,0,0,1,2,,,,0,0.0,2.0,1.0,2.0,1,1,3
358,a,,,5.5,205,30,0,0,0,0,3.7,87,35,0,0,0.0,568,196,0,3,0.0,568,196,0.0,0.0,0,7904,7904,15425,15425,2.5,2.5,0.02,0.02,0.04,1.58,0.02,0.02,0.04,1.58,0.0,480,188,0.0,480,188,0.0,480,188,0.0,480,188,,,,1,,Milos,Kerkez,Kerkez,,,90,0,0,0,2,0,0,0,1,0,0,1,7,,,,0,0.0,2.0,1.0,7.0,3,4,3
16,a,,,6.5,43,30,0,0,0,0,0.3,290,96,1,1,1.0,287,137,0,8,1.0,287,137,0.2,0.2,0,606,606,4147,4147,2.3,2.3,0.0,0.04,0.04,0.15,0.0,0.16,0.16,0.61,0.0,568,240,0.0,568,240,0.0,568,240,0.0,568,240,6.0,,,1,,Noni,Madueke,Madueke,,,22,0,0,0,0,0,0,0,0,0,0,0,2,,,,0,0.0,0.0,0.0,8.18,0,0,2
17,a,,,6.0,64,42,0,0,0,0,0.6,237,78,1,1,1.0,274,126,0,5,1.0,274,126,0.2,0.2,0,1494,1494,8824,8824,2.2,2.2,0.14,0.02,0.16,0.15,0.9,0.13,1.03,0.96,0.0,508,199,0.0,508,199,0.0,508,199,0.0,508,199,,,,1,,Mikel,Merino Zazón,Merino,,,14,0,0,0,0,0,0,0,0,0,0,0,2,,,,0,0.0,0.0,0.0,12.86,0,0,2
359,i,0.0,0.0,5.0,248,40,0,0,0,0,0.0,556,192,0,0,0.0,450,168,0,0,0.0,450,168,0.0,0.0,0,49,49,247,247,0.0,0.0,0.0,0.0,0.0,0.0,0.0,0.0,0.0,0.0,0.0,236,130,0.0,236,130,0.0,236,130,0.0,236,130,,,,1,,Joe,Gomez,Gomez,Muscular injury - Unknown return date,,0,0,0,0,0,0,0,0,0,0,0,0,0,,,,0,0.0,0.0,0.0,0.0,0,0,0
360,i,0.0,0.0,5.0,337,68,0,0,0,0,0.0,581,198,0,0,0.0,506,184,0,0,0.0,506,184,0.0,0.0,0,46,46,132,132,0.0,0.0,0.0,0.0,0.0,0.0,0.0,0.0,0.0,0.0,0.0,325,158,0.0,325,158,0.0,325,158,0.0,325,158,,,,1,,Conor,Bradley,Bradley,Knee injury - Unknown return date,,0,0,0,0,0,0,0,0,0,0,0,0,0,,,,0,0.0,0.0,0.0,0.0,0,0,0
361,a,,,4.0,588,181,0,0,0,0,0.1,403,143,0,0,0.0,329,115,0,0,0.0,329,115,0.0,0.0,0,348,348,581,581,1.0,1.0,0.0,0.0,0.0,0.0,0.0,0.0,0.0,0.0,0.0,52,33,0.0,52,33,0.0,52,33,0.0,52,33,,,,1,,Wellity,Lucky,Lucky,,,0,0,0,0,0,0,0,0,0,0,0,0,0,,,,0,0.0,0.0,0.0,0.0,0,0,0
362,a,100.0,100.0,5.0,381,75,0,0,0,0,2.4,120,49,1,1,1.0,234,91,0,9,1.0,234,91,0.2,0.2,0,11506,11506,8548,8548,2.2,2.2,0.0,0.02,0.02,1.04,0.0,0.03,0.03,1.36,0.0,369,165,0.0,369,165,0.0,369,165,0.0,369,165,,,,1,,Jeremy,Jacquet,Jacquet,,,69,0,0,0,2,0,0,0,0,0,0,1,3,,,,0,0.0,2.61,1.3,3.91,1,2,3
363,i,0.0,0.0,4.0,609,201,0,0,0,0,0.0,493,171,0,0,0.0,346,131,0,0,0.0,346,131,0.0,0.0,0,112,112,314,314,0.0,0.0,0.0,0.0,0.0,0.0,0.0,0.0,0.0,0.0,0.0,73,53,0.0,73,53,0.0,73,53,0.0,73,53,,,,1,,Giovanni,Leoni,Leoni,Knee injury - Unknown return date,,0,0,0,0,0,0,0,0,0,0,0,0,0,,,,0,0.0,0.0,0.0,0.0,0,0,0
364,a,,,5.0,268,44,0,0,0,0,0.1,449,158,0,0,0.0,458,171,0,0,0.0,458,171,0.0,0.0,0,224,224,494,494,2.2,2.2,0.0,0.0,0.0,0.0,0.0,0.0,0.0,0.0,0.0,256,134,0.0,256,134,0.0,256,134,0.0,256,134,,,,1,,Kostas,Tsimikas,Tsimikas,,,0,0,0,0,0,0,0,0,0,0,0,0,0,,,,0,0.0,0.0,0.0,0.0,0,0,0
365,a,,,4.0,582,177,0,0,0,0,0.2,334,127,0,0,0.0,323,111,0,0,0.0,323,111,0.0,0.0,0,496,496,1021,1021,1.0,1.0,0.0,0.0,0.0,0.0,0.0,0.0,0.0,0.0,0.0,46,29,0.0,46,29,0.0,46,29,0.0,46,29,,,,1,,Calvin,Ramsay,Ramsay,,,0,0,0,0,0,0,0,0,0,0,0,0,0,,,,0,0.0,0.0,0.0,0.0,0,0,0
367,a,,,7.0,26,17,0,0,0,0,4.7,70,23,12,12,12.0,9,5,3,33,12.0,9,5,1.7,1.7,0,77295,77295,9065,9065,2.5,2.5,0.3,0.15,0.45,1.58,0.3,0.15,0.45,1.58,0.0,584,253,0.0,584,253,0.0,584,253,0.0,584,253,2.0,,3.0,1,,Cody,Gakpo,Gakpo,,,90,1,0,0,2,0,0,0,0,0,0,1,12,,,,0,0.0,2.0,1.0,12.0,3,4,5
368,a,,,7.0,27,18,0,0,0,0,42.5,4,2,8,8,8.0,33,16,1,29,8.0,33,16,1.1,1.1,0,106479,106479,30304,30304,2.5,2.5,0.85,0.27,1.12,1.58,0.85,0.27,1.12,1.58,0.0,585,254,0.0,585,254,0.0,585,254,0.0,585,254,1.0,1.0,1.0,1,,Dominik,Szoboszlai,Szoboszlai,,,90,1,0,0,2,0,0,0,0,0,0,1,7,,,,0,0.0,2.0,1.0,7.0,1,2,4
369,a,,,6.0,110,71,0,0,0,0,1.1,183,61,2,2,2.0,159,79,0,9,2.0,159,79,0.3,0.3,0,3180,3180,6917,6917,2.2,2.2,0.04,0.02,0.06,0.51,0.06,0.03,0.09,0.74,0.0,554,228,0.0,554,228,0.0,554,228,0.0,554,228,,,,1,,Rio,Ngumoha,Ngumoha,,,62,0,0,0,2,0,0,0,0,0,0,1,3,,,,0,0.0,2.9,1.45,4.35,1,0,2
370,a,,,5.5,144,89,0,0,0,0,0.1,397,156,0,0,0.0,548,232,0,0,0.0,548,232,0.0,0.0,0,421,421,1447,1447,2.0,2.0,0.0,0.0,0.0,0.0,0.0,0.0,0.0,0.0,0.0,419,147,0.0,419,147,0.0,419,147,0.0,419,147,,,,1,,Federico,Chiesa,Chiesa,,,0,0,0,0,0,0,0,0,0,0,0,0,0,,,,0,0.0,0.0,0.0,0.0,0,0,0
371,a,,,6.0,83,53,0,0,0,0,2.0,124,37,5,5,5.0,72,30,0,26,5.0,72,30,0.8,0.8,0,6869,6869,7057,7057,2.2,2.2,0.06,0.05,0.11,1.1,0.07,0.06,0.13,1.29,0.0,527,210,0.0,527,210,0.0,527,210,0.0,527,210,,,,1,,Ryan,Gravenberch,Gravenberch,,,77,0,1,0,2,0,0,0,0,0,0,1,11,,,,0,0.0,2.34,1.17,12.86,1,2,8
372,a,,,5.5,150,93,0,0,0,0,1.7,144,42,1,1,1.0,251,115,0,9,1.0,251,115,0.2,0.2,0,3400,3400,10021,10021,2.0,2.0,0.0,0.01,0.01,1.07,0.0,0.03,0.03,3.57,0.0,425,151,0.0,425,151,0.0,425,151,0.0,425,151,,,5.0,1,,Alexis,Mac Allister,Mac Allister,,,27,0,0,0,0,0,0,0,0,0,0,0,3,,,,0,0.0,0.0,0.0,10.0,2,0,1
373,d,75.0,75.0,5.5,137,84,0,0,0,0,0.0,491,204,0,0,0.0,543,228,0,0,0.0,543,228,0.0,0.0,0,23,23,648,648,1.5,1.5,0.0,0.0,0.0,0.0,0.0,0.0,0.0,0.0,0.0,412,142,0.0,412,142,0.0,412,142,0.0,412,142,,,,1,,Curtis,Jones,C.Jones,Hip injury - 75% chance of playing,,0,0,0,0,0,0,0,0,0,0,0,0,0,,,,0,0.0,0.0,0.0,0.0,0,0,0
374,a,100.0,100.0,5.0,246,149,0,0,0,0,0.1,461,188,0,0,0.0,449,175,0,0,0.0,449,175,0.0,0.0,0,321,321,538,538,1.5,1.5,0.0,0.0,0.0,0.0,0.0,0.0,0.0,0.0,0.0,234,41,0.0,234,41,0.0,234,41,0.0,234,41,,,,1,,Endo,Wataru,Endo,,,0,0,0,0,0,0,0,0,0,0,0,0,0,,,,0,0.0,0.0,0.0,0.0,0,0,0
375,a,,,5.0,380,226,0,0,0,0,0.0,506,212,0,0,0.0,527,221,0,0,0.0,527,221,0.0,0.0,0,95,95,340,340,1.5,1.5,0.0,0.0,0.0,0.0,0.0,0.0,0.0,0.0,0.0,368,118,0.0,368,118,0.0,368,118,0.0,368,118,,,,1,,Trey,Nyoni,Nyoni,,,0,0,0,0,0,0,0,0,0,0,0,0,0,,,,0,0.0,0.0,0.0,0.0,0,0,0
37,a,,,4.5,428,93,0,0,0,0,0.3,299,112,-2,-2,-2.0,609,202,0,-13,-2.0,609,202,-0.4,-0.4,0,1306,1306,1946,1946,1.7,1.7,0.0,0.0,0.0,3.77,0.0,0.0,0.0,3.77,0.0,104,69,0.0,104,69,0.0,104,69,0.0,104,69,,,,1,,Victor,Lindelöf,Lindelöf,,,90,0,0,0,4,1,0,0,0,0,0,1,3,,,,0,0.0,4.0,1.0,3.0,0,3,1
376,i,0.0,0.0,5.0,362,211,0,0,0,0,0.0,607,266,0,0,0.0,516,212,0,0,0.0,516,212,0.0,0.0,0,2,2,17,17,0.0,0.0,0.0,0.0,0.0,0.0,0.0,0.0,0.0,0.0,0.0,350,103,0.0,350,103,0.0,350,103,0.0,350,103,,,,1,,Stefan,Bajčetić Maquieira,Bajcetic,Hamstring injury - Unknown return date,,0,0,0,0,0,0,0,0,0,0,0,0,0,,,,0,0.0,0.0,0.0,0.0,0,0,0
377,a,,,6.5,54,38,0,0,0,0,0.6,242,80,4,4,4.0,81,33,0,15,4.0,81,33,0.6,0.6,0,2960,2960,2762,2762,2.3,2.3,0.1,0.04,0.14,1.07,0.33,0.13,0.46,3.57,0.0,579,248,0.0,579,248,0.0,579,248,0.0,579,248,,,,1,,Victor,Munoz,Munoz,,,27,0,1,0,0,0,0,0,0,0,0,0,0,,,,0,0.0,0.0,0.0,0.0,0,0,0
378,a,,,4.5,485,250,0,0,0,0,0.3,311,107,0,0,0.0,391,150,0,0,0.0,391,150,0.0,0.0,0,570,570,1501,1501,1.0,1.0,0.0,0.0,0.0,0.0,0.0,0.0,0.0,0.0,0.0,161,12,0.0,161,12,0.0,161,12,0.0,161,12,,,,1,,James,McConnell,McConnell,,,0,0,0,0,0,0,0,0,0,0,0,0,0,,,,0,0.0,0.0,0.0,0.0,0,0,0
379,a,,,9.0,5,2,0,0,0,0,16.8,24,5,2,2,2.0,170,17,0,6,2.0,170,17,0.2,0.2,0,31461,31461,41845,41845,2.7,2.7,1.09,0.01,1.1,1.58,1.09,0.01,1.1,1.58,0.0,606,72,0.0,606,72,0.0,606,72,0.0,606,72,,,2.0,1,,Alexander,Isak,Isak,,,90,0,0,0,2,0,0,0,0,0,0,1,1,,,,0,0.0,2.0,1.0,1.0,0,1,0
380,i,0.0,0.0,7.5,21,8,0,0,0,0,0.2,381,57,0,0,0.0,604,71,0,0,0.0,604,71,0.0,0.0,0,438,438,2280,2280,0.0,0.0,0.0,0.0,0.0,0.0,0.0,0.0,0.0,0.0,0.0,597,69,0.0,597,69,0.0,597,69,0.0,597,69,,,,1,,Hugo,Ekitiké,Ekitiké,Achilles injury - Unknown return date,,0,0,0,0,0,0,0,0,0,0,0,0,0,,,,0,0.0,0.0,0.0,0.0,0,0,0
381,a,,,5.0,355,206,0,0,0,0,0.0,549,226,1,1,1.0,228,99,0,4,1.0,228,99,0.2,0.2,0,76,76,98,98,1.5,1.5,0.03,0.0,0.03,0.48,0.22,0.0,0.22,3.6,0.0,343,98,0.0,343,98,0.0,343,98,0.0,343,98,,,,1,,Lewis,Koumas,Koumas,,,12,0,0,0,0,0,0,0,0,0,0,0,1,,,,0,0.0,0.0,0.0,7.5,0,0,1
382,i,0.0,0.0,4.5,489,63,0,0,0,0,0.0,515,67,0,0,0.0,395,36,0,0,0.0,395,36,0.0,0.0,0,155,155,319,319,0.0,0.0,0.0,0.0,0.0,0.0,0.0,0.0,0.0,0.0,0.0,165,2,0.0,165,2,0.0,165,2,0.0,165,2,,,,1,,Jayden,Danns,Danns,Unspecified injury - Unknown return date,,0,0,0,0,0,0,0,0,0,0,0,0,0,,,,0,0.0,0.0,0.0,0.0,0,0,0
383,a,,,5.5,166,104,0,0,0,0,0.1,451,181,0,0,0.0,555,236,0,0,0.0,555,236,0.0,0.0,0,203,203,599,599,2.0,2.0,0.0,0.0,0.0,0.0,0.0,0.0,0.0,0.0,0.0,441,162,0.0,441,162,0.0,441,162,0.0,441,162,,,,1,,Harvey,Elliott,Elliott,,,0,0,0,0,0,0,0,0,0,0,0,0,0,,,,0,0.0,0.0,0.0,0.0,0,0,0
579,a,,,5.5,167,21,0,0,0,0,2.7,109,44,1,1,1.0,255,93,0,3,1.0,255,93,0.2,0.2,0,16580,16580,16670,16670,2.5,2.5,0.0,0.03,0.03,0.54,0.0,0.14,0.14,2.43,0.0,442,179,0.0,442,179,0.0,442,179,0.0,442,179,,,,1,,Ronald,Araujo,Araujo,,,20,0,0,0,0,0,0,0,0,0,0,0,4,,,,0,0.0,0.0,0.0,18.0,1,3,1
238,a,100.0,100.0,6.5,32,20,0,0,0,0,0.2,340,123,1,1,1.0,283,133,0,2,1.0,283,133,0.2,0.2,0,638,638,1015,1015,2.3,2.3,0.0,0.0,0.0,0.0,0.0,0.0,0.0,0.0,0.0,557,230,0.0,557,230,0.0,557,230,0.0,557,230,,,,1,,Jack,Grealish,Grealish,,,8,0,0,0,0,0,0,0,0,0,0,0,1,,,,0,0.0,0.0,0.0,11.25,1,0,0
384,a,,,5.5,135,4,0,0,0,0,8.3,51,7,3,3,3.0,95,7,0,12,3.0,95,7,0.5,0.5,0,15650,15650,21631,21631,3.3,3.3,0.0,0.0,0.0,0.65,0.0,0.0,0.0,0.65,0.0,410,66,0.0,410,66,0.0,410,66,0.0,410,66,,,,1,,Gianluigi,Donnarumma,Donnarumma,,,90,0,0,0,1,0,0,0,0,0,3,1,0,,,,3,0.0,1.0,1.0,0.0,0,1,4
386,a,,,4.5,415,30,0,0,0,0,0.0,530,61,0,0,0.0,357,47,0,0,0.0,357,47,0.0,0.0,0,77,77,128,128,1.9,1.9,0.0,0.0,0.0,0.0,0.0,0.0,0.0,0.0,0.0,91,29,0.0,91,29,0.0,91,29,0.0,91,29,,,,1,,Marcus,Bettinelli,Bettinelli,,,0,0,0,0,0,0,0,0,0,0,0,0,0,,,,0,0.0,0.0,0.0,0.0,0,0,0
387,a,,,6.5,49,4,0,0,0,0,21.2,15,3,2,2,2.0,163,52,0,5,2.0,163,52,0.3,0.3,0,34535,34535,49228,49228,3.1,3.1,0.07,0.41,0.48,0.55,0.1,0.6,0.7,0.8,0.0,574,201,0.0,574,201,0.0,574,201,0.0,574,201,,,,1,,Nico,O'Reilly,O'Reilly,,,62,0,0,0,1,0,0,0,0,0,0,1,2,,,,0,0.0,1.45,1.45,2.9,1,1,5
388,a,,,6.0,69,6,0,0,0,0,18.3,19,6,10,10,10.0,19,8,2,31,10.0,19,8,1.7,1.7,0,87580,87580,18360,18360,2.8,2.8,0.89,0.32,1.21,0.65,0.89,0.32,1.21,0.65,0.0,513,194,0.0,513,194,0.0,513,194,0.0,513,194,,,,1,,Marc,Guéhi,Guéhi,,,90,1,0,0,1,0,0,0,0,0,0,1,4,,,,0,0.0,1.0,1.0,4.0,3,1,4
389,a,100.0,100.0,6.0,90,10,0,0,0,0,1.6,150,64,1,1,1.0,280,97,0,4,1.0,280,97,0.2,0.2,0,2150,2150,5567,5567,2.8,2.8,0.0,0.04,0.04,0.1,0.0,0.11,0.11,0.27,0.0,534,198,0.0,534,198,0.0,534,198,0.0,534,198,,,5.0,1,,Matheus,Nunes,Matheus N.,,,33,0,0,0,0,0,0,0,0,0,0,0,1,,,,0,0.0,0.0,0.0,2.73,0,1,2
390,a,,,5.5,122,11,0,0,0,0,1.8,135,56,2,2,2.0,139,48,0,11,2.0,139,48,0.4,0.4,0,5879,5879,6012,6012,2.5,2.5,0.0,0.14,0.14,0.65,0.0,0.14,0.14,0.65,0.0,397,169,0.0,397,169,0.0,397,169,0.0,397,169,,,,1,,Rúben,dos Santos Gato Alves Dias,Rúben,,,90,0,0,0,1,0,0,0,0,0,0,1,6,,,,0,0.0,1.0,1.0,6.0,0,6,8
391,a,,,5.5,183,26,0,0,0,0,12.3,31,11,9,9,9.0,24,10,1,28,9.0,24,10,1.6,1.6,0,101750,101750,14272,14272,2.5,2.5,0.19,0.05,0.24,0.65,0.19,0.05,0.24,0.65,0.0,458,184,0.0,458,184,0.0,458,184,0.0,458,184,,,,1,,Joško,Gvardiol,Gvardiol,,,90,1,0,0,1,0,0,0,0,0,0,1,7,,,,0,0.0,1.0,1.0,7.0,2,5,5
392,a,,,5.5,170,23,0,0,0,0,0.9,209,77,0,0,0.0,556,195,0,0,0.0,556,195,0.0,0.0,0,1801,1801,7934,7934,2.5,2.5,0.0,0.0,0.0,0.0,0.0,0.0,0.0,0.0,0.0,445,181,0.0,445,181,0.0,445,181,0.0,445,181,,,,1,,Rayan,Aït-Nouri,Aït-Nouri,,,0,0,0,0,0,0,0,0,0,0,0,0,0,,,,0,0.0,0.0,0.0,0.0,0,0,0
24,a,,,5.5,132,82,0,0,0,0,0.0,583,248,0,0,0.0,541,227,0,0,0.0,541,227,0.0,0.0,0,39,39,96,96,2.0,2.0,0.0,0.0,0.0,0.0,0.0,0.0,0.0,0.0,0.0,407,140,0.0,407,140,0.0,407,140,0.0,407,140,,,,1,,Reiss,Nelson,Nelson,,,0,0,0,0,0,0,0,0,0,0,0,0,0,,,,0,0.0,0.0,0.0,0.0,0,0,0
33,a,,,4.5,418,86,0,0,0,0,0.4,273,103,1,1,1.0,186,65,0,5,1.0,186,65,0.2,0.2,0,2363,2363,1696,1696,1.7,1.7,0.0,0.0,0.0,0.22,0.0,0.0,0.0,1.24,0.0,94,62,0.0,94,62,0.0,94,62,0.0,94,62,,,,1,,Tyrone,Mings,Mings,,,16,0,0,0,0,0,0,0,0,0,0,0,1,,,,0,0.0,0.0,0.0,5.62,1,0,0
393,a,,,5.5,217,33,0,0,0,0,1.8,136,57,2,2,2.0,149,50,0,14,2.0,149,50,0.4,0.4,0,3561,3561,6754,6754,2.5,2.5,0.0,0.02,0.02,0.65,0.0,0.02,0.02,0.65,0.0,492,191,0.0,492,191,0.0,492,191,0.0,492,191,,,,1,,Abdukodir,Khusanov,Khusanov,,,90,0,0,0,1,0,0,0,0,0,0,1,4,,,,0,0.0,1.0,1.0,4.0,2,2,6
394,u,0.0,0.0,5.0,339,69,0,0,0,0,0.0,588,199,0,0,0.0,508,185,0,0,0.0,508,185,0.0,0.0,0,0,0,229,229,0.0,0.0,0.0,0.0,0.0,0.0,0.0,0.0,0.0,0.0,0.0,327,159,0.0,327,159,0.0,327,159,0.0,327,159,,,,1,,Max,Alleyne,Alleyne,Has joined Burnley on loan for the rest of the season,,0,0,0,0,0,0,0,0,0,0,0,0,0,,,,0,0.0,0.0,0.0,0.0,0,0,0
395,a,,,4.5,477,128,0,0,0,0,0.2,324,123,1,1,1.0,199,76,0,-1,1.0,199,76,0.2,0.2,0,1959,1959,1238,1238,1.7,1.7,0.17,0.02,0.19,0.55,0.27,0.03,0.3,0.88,0.0,153,104,0.0,153,104,0.0,153,104,0.0,153,104,,,,1,,Rico,Lewis,Lewis,,,56,0,0,0,1,0,0,0,0,0,0,1,2,,,,0,0.0,1.61,1.61,3.21,0,2,0
396,a,,,4.5,530,147,0,0,0,0,0.0,542,187,0,0,0.0,427,163,0,0,0.0,427,163,0.0,0.0,0,53,53,108,108,1.7,1.7,0.0,0.0,0.0,0.0,0.0,0.0,0.0,0.0,0.0,206,123,0.0,206,123,0.0,206,123,0.0,206,123,,,,1,,Vitor,de Oliveira Nunes dos Reis,Vitor Reis,,,0,0,0,0,0,0,0,0,0,0,0,0,0,,,,0,0.0,0.0,0.0,0.0,0,0,0
397,a,,,8.5,6,4,0,0,0,0,25.4,11,5,2,2,2.0,169,86,0,16,2.0,169,86,0.2,0.2,0,23886,23886,71662,71662,2.9,2.9,0.06,0.02,0.08,0.65,0.06,0.02,0.08,0.65,0.0,605,265,0.0,605,265,0.0,605,265,0.0,605,265,,,3.0,1,,Antoine,Semenyo,Semenyo,,,90,0,0,0,1,0,0,0,0,0,0,1,5,,,,0,0.0,1.0,1.0,5.0,1,0,4
398,a,,,7.0,25,16,0,0,0,0,4.3,76,25,1,1,1.0,290,140,0,15,1.0,290,140,0.1,0.1,0,9629,9629,19165,19165,2.5,2.5,0.12,0.4,0.52,0.65,0.13,0.44,0.57,0.72,0.0,583,252,0.0,583,252,0.0,583,252,0.0,583,252,3.0,3.0,,1,,Phil,Foden,Foden,,,81,0,0,0,1,0,0,0,1,0,0,1,6,,,,0,0.0,1.11,1.11,6.67,3,0,3
399,a,,,7.5,18,11,0,0,0,0,9.4,45,18,8,8,8.0,35,18,1,28,8.0,35,18,1.1,1.1,0,94376,94376,18474,18474,2.6,2.6,0.0,0.5,0.5,0.1,0.0,1.67,1.67,0.33,0.0,594,259,0.0,594,259,0.0,594,259,0.0,594,259,1.0,1.0,,1,,Rayan,Cherki,Cherki,,,27,0,2,0,0,0,0,0,0,0,0,0,0,,,,0,0.0,0.0,0.0,0.0,0,0,0
400,i,0.0,0.0,7.5,17,10,0,0,0,0,1.6,151,44,0,0,0.0,603,266,0,0,0.0,603,266,0.0,0.0,0,318,318,38950,38950,0.0,0.0,0.0,0.0,0.0,0.0,0.0,0.0,0.0,0.0,0.0,593,258,0.0,593,258,0.0,593,258,0.0,593,258,,,4.0,1,,Jérémy,Doku,Doku,Calf injury - Expected back 5 Sep,,0,0,0,0,0,0,0,0,0,0,0,0,0,,,,0,0.0,0.0,0.0,0.0,0,0,0
401,a,,,7.0,28,9,0,0,0,0,1.0,197,31,0,0,0.0,601,69,0,0,0.0,601,69,0.0,0.0,0,9322,9322,8890,8890,2.2,2.2,0.0,0.0,0.0,0.0,0.0,0.0,0.0,0.0,0.0,586,64,0.0,586,64,0.0,586,64,0.0,586,64,,2.0,2.0,1,,Omar,Marmoush,Marmoush,,,0,0,0,0,0,0,0,0,0,0,0,0,0,,,,0,0.0,0.0,0.0,0.0,0,0,0
402,u,0.0,0.0,6.5,38,26,0,0,0,0,0.0,551,228,0,0,0.0,592,259,0,0,0.0,592,259,0.0,0.0,0,0,0,596,596,0.0,0.0,0.0,0.0,0.0,0.0,0.0,0.0,0.0,0.0,0.0,563,236,0.0,563,236,0.0,563,236,0.0,563,236,,,,1,,Rodrigo 'Rodri',Hernandez Cascante,Rodrigo,Has joined Barcelona permanently,,0,0,0,0,0,0,0,0,0,0,0,0,0,,,,0,0.0,0.0,0.0,0.0,0,0,0
403,a,,,6.5,51,36,0,0,0,0,0.3,307,105,0,0,0.0,598,264,0,0,0.0,598,264,0.0,0.0,0,1858,1858,2363,2363,2.3,2.3,0.0,0.0,0.0,0.0,0.0,0.0,0.0,0.0,0.0,576,246,0.0,576,246,0.0,576,246,0.0,576,246,,,,1,,Sávio,Moreira de Oliveira,Savinho,,,0,0,0,0,0,0,0,0,0,0,0,0,0,,,,0,0.0,0.0,0.0,0.0,0,0,0
404,u,0.0,0.0,6.0,78,50,0,0,0,0,0.1,443,177,0,0,0.0,579,250,0,0,0.0,579,250,0.0,0.0,0,0,0,3798,3798,0.0,0.0,0.0,0.0,0.0,0.0,0.0,0.0,0.0,0.0,0.0,522,207,0.0,522,207,0.0,522,207,0.0,522,207,,,,1,,Tijjani,Reijnders,Reijnders,Has joined Al Qadsiah permanently,,0,0,0,0,0,0,0,0,0,0,0,0,0,,,,0,0.0,0.0,0.0,0.0,0,0,0
405,a,,,5.5,177,107,0,0,0,0,0.1,385,148,0,0,0.0,559,237,0,0,0.0,559,237,0.0,0.0,0,395,395,772,772,2.0,2.0,0.0,0.0,0.0,0.0,0.0,0.0,0.0,0.0,0.0,452,165,0.0,452,165,0.0,452,165,0.0,452,165,,,,1,,Nico,González Iglesias,N.Gonzalez,,,0,0,0,0,0,0,0,0,0,0,0,0,0,,,,0,0.0,0.0,0.0,0.0,0,0,0
406,a,,,5.5,115,75,0,0,0,0,0.1,440,176,1,1,1.0,244,110,0,3,1.0,244,110,0.2,0.2,0,437,437,598,598,2.0,2.0,0.0,0.01,0.01,0.1,0.0,0.03,0.03,0.33,0.0,390,133,0.0,390,133,0.0,390,133,0.0,390,133,,,,1,,Mateo,Kovačić,Kovačić,,,27,0,0,0,0,0,0,0,0,0,0,0,2,,,,0,0.0,0.0,0.0,6.67,0,0,2
407,a,,,5.0,377,223,0,0,0,0,0.0,555,230,0,0,0.0,526,220,0,0,0.0,526,220,0.0,0.0,0,53,53,136,136,1.5,1.5,0.0,0.0,0.0,0.0,0.0,0.0,0.0,0.0,0.0,365,115,0.0,365,115,0.0,365,115,0.0,365,115,,,,1,,Claudio,Echeverri,Echeverri,,,0,0,0,0,0,0,0,0,0,0,0,0,0,,,,0,0.0,0.0,0.0,0.0,0,0,0
408,u,0.0,0.0,5.0,243,146,0,0,0,0,0.0,587,250,0,0,0.0,447,173,0,0,0.0,447,173,0.0,0.0,0,0,0,193,193,0.0,0.0,0.0,0.0,0.0,0.0,0.0,0.0,0.0,0.0,0.0,231,38,0.0,231,38,0.0,231,38,0.0,231,38,,,,1,,Kalvin,Phillips,Phillips,Has joined Sheffield United on loan for the rest of the season,,0,0,0,0,0,0,0,0,0,0,0,0,0,,,,0,0.0,0.0,0.0,0.0,0,0,0
409,a,,,4.5,520,260,0,0,0,0,0.2,358,130,0,0,0.0,420,159,0,0,0.0,420,159,0.0,0.0,0,609,609,1290,1290,1.0,1.0,0.0,0.0,0.0,0.0,0.0,0.0,0.0,0.0,0.0,196,22,0.0,196,22,0.0,196,22,0.0,196,22,,,,1,,Divine,Mukasa,Mukasa,,,0,0,0,0,0,0,0,0,0,0,0,0,0,,,,0,0.0,0.0,0.0,0.0,0,0,0
410,a,,,5.0,392,234,0,0,0,0,0.0,559,232,0,0,0.0,531,223,0,0,0.0,531,223,0.0,0.0,0,52,52,149,149,1.5,1.5,0.0,0.0,0.0,0.0,0.0,0.0,0.0,0.0,0.0,380,126,0.0,380,126,0.0,380,126,0.0,380,126,,,,1,,Jeremy,Monga,Monga,,,0,0,0,0,0,0,0,0,0,0,0,0,0,,,,0,0.0,0.0,0.0,0.0,0,0,0
411,a,,,15.5,1,1,0,0,0,0,68.7,1,1,2,2,2.0,172,18,0,6,2.0,172,18,0.1,0.1,0,33393,33393,40815,40815,4.0,4.0,0.74,0.02,0.76,0.65,0.74,0.02,0.76,0.65,0.0,610,73,0.0,610,73,0.0,610,73,0.0,610,73,,,1.0,1,,Erling,Haaland,Haaland,,,90,0,0,0,1,0,0,0,0,0,0,1,3,,,,0,0.0,1.0,1.0,3.0,0,0,3
481,d,75.0,,6.5,36,24,0,0,0,0,7.0,56,19,2,2,2.0,161,80,0,14,2.0,161,80,0.3,0.3,0,5290,5290,77662,77662,1.7,2.3,0.0,0.25,0.25,0.55,0.0,0.36,0.36,0.8,0.0,561,234,0.0,561,234,0.0,561,234,0.0,561,234,2.0,,,1,,Elliot,Anderson,Anderson,Knock - 75% chance of playing,,62,0,0,0,1,0,0,0,0,0,0,1,6,,,,0,0.0,1.45,1.45,8.71,2,1,3
587,a,,,5.0,234,8,0,0,0,0,0.0,545,64,0,0,0.0,440,61,0,0,0.0,440,61,0.0,0.0,0,53,53,101,101,2.6,2.6,0.0,0.0,0.0,0.0,0.0,0.0,0.0,0.0,0.0,222,50,0.0,222,50,0.0,222,50,0.0,222,50,,,,1,,Gerónimo,Rulli,Rulli,,,0,0,0,0,0,0,0,0,0,0,0,0,0,,,,0,0.0,0.0,0.0,0.0,0,0,0
43,a,100.0,100.0,6.0,62,41,0,0,0,0,2.5,116,36,2,2,2.0,150,73,0,13,2.0,150,73,0.3,0.3,0,6820,6820,17581,17581,2.2,2.2,0.04,0.11,0.15,0.94,0.05,0.15,0.2,1.28,0.0,506,198,0.0,506,198,0.0,506,198,0.0,506,198,,,3.0,1,,Youri,Tielemans,Tielemans,,,66,0,0,0,2,0,0,0,0,0,0,1,5,,,,0,0.0,2.73,1.36,6.82,0,0,5
162,a,,,5.0,359,208,0,0,0,0,1.0,196,65,2,2,2.0,133,60,0,17,2.0,133,60,0.4,0.4,0,4227,4227,7731,7731,1.5,1.5,0.0,0.23,0.23,0.94,0.0,0.31,0.31,1.28,0.0,347,100,0.0,347,100,0.0,347,100,0.0,347,100,,,,1,,Andrey,Nascimento dos Santos,Andrey Santos,,,66,0,0,0,2,0,0,0,0,0,0,1,9,,,,0,0.0,2.73,1.36,12.27,1,3,5
325,a,100.0,75.0,4.5,400,22,0,0,0,0,0.0,510,55,0,0,0.0,348,41,0,0,0.0,348,41,0.0,0.0,0,120,120,129,129,1.9,1.4,0.0,0.0,0.0,0.0,0.0,0.0,0.0,0.0,0.0,76,21,0.0,76,21,0.0,76,21,0.0,76,21,,,,1,,Karl,Darlow,Darlow,,,0,0,0,0,0,0,0,0,0,0,0,0,0,,,,0,0.0,0.0,0.0,0.0,0,0,0
412,a,,,5.0,316,18,0,0,0,0,16.0,25,5,1,1,1.0,217,18,0,7,1.0,217,18,0.2,0.2,0,14593,14593,45299,45299,2.6,2.6,0.0,0.0,0.0,1.01,0.0,0.0,0.0,1.01,0.0,304,60,0.0,304,60,0.0,304,60,0.0,304,60,,,,1,,Senne,Lammens,Lammens,,,90,0,0,0,2,0,0,0,0,0,2,1,0,,,,2,0.0,2.0,1.0,0.0,0,2,8
413,u,0.0,0.0,4.5,465,37,0,0,0,0,0.0,544,63,0,0,0.0,386,53,0,0,0.0,386,53,0.0,0.0,0,0,0,388,388,0.0,0.0,0.0,0.0,0.0,0.0,0.0,0.0,0.0,0.0,0.0,141,36,0.0,141,36,0.0,141,36,0.0,141,36,,,,1,,Altay,Bayındır,Bayindir,Has joined Celta Vigo on loan for the rest of the season,,0,0,0,0,0,0,0,0,0,0,0,0,0,,,,0,0.0,0.0,0.0,0.0,0,0,0
414,i,0.0,0.0,4.0,537,48,0,0,0,0,0.1,428,48,0,0,0.0,293,21,0,0,0.0,293,21,0.0,0.0,0,87,87,570,570,0.0,0.0,0.0,0.0,0.0,0.0,0.0,0.0,0.0,0.0,0.0,1,1,0.0,1,1,0.0,1,1,0.0,1,1,,,,1,,Tom,Heaton,Heaton,Hamstring injury - Unknown return date,,0,0,0,0,0,0,0,0,0,0,0,0,0,,,,0,0.0,0.0,0.0,0.0,0,0,0
415,a,,,6.0,108,69,0,0,0,0,1.2,178,58,0,0,0.0,589,256,0,-11,0.0,589,256,0.0,0.0,0,2729,2729,14372,14372,2.2,2.2,0.47,0.03,0.5,0.92,0.94,0.06,1.0,1.84,0.0,552,226,0.0,552,226,0.0,552,226,0.0,552,226,,,,1,,Patrick,Dorgu,Dorgu,,,45,0,0,0,2,0,0,0,1,0,0,1,1,,,,0,0.0,4.0,2.0,2.0,0,1,0
416,i,0.0,0.0,5.0,263,43,0,0,0,0,0.0,535,182,0,0,0.0,456,170,0,0,0.0,456,170,0.0,0.0,0,75,75,313,313,0.0,0.0,0.0,0.0,0.0,0.0,0.0,0.0,0.0,0.0,0.0,251,133,0.0,251,133,0.0,251,133,0.0,251,133,,,,1,,Matthijs,de Ligt,De Ligt,Back injury - Unknown return date,,0,0,0,0,0,0,0,0,0,0,0,0,0,,,,0,0.0,0.0,0.0,0.0,0,0,0
417,a,,,5.0,271,46,0,0,0,0,2.6,111,45,1,1,1.0,215,86,0,6,1.0,215,86,0.2,0.2,0,4902,4902,15656,15656,2.2,2.2,0.0,0.0,0.0,0.0,0.0,0.0,0.0,0.0,0.0,259,136,0.0,259,136,0.0,259,136,0.0,259,136,,,,1,,Diogo,Dalot Teixeira,Dalot,,,10,0,0,0,0,0,0,0,0,0,0,0,3,,,,0,0.0,0.0,0.0,27.0,2,1,1
418,a,,,5.0,230,36,0,0,0,0,17.6,22,8,1,1,1.0,208,83,0,15,1.0,208,83,0.2,0.2,0,26035,26035,50256,50256,2.2,2.2,0.04,0.4,0.44,1.01,0.04,0.4,0.44,1.01,0.0,218,126,0.0,218,126,0.0,218,126,0.0,218,126,,,,1,,Harry,Maguire,Maguire,,,90,0,0,0,2,0,0,0,0,0,0,1,4,,,,0,0.0,2.0,1.0,4.0,0,4,5
419,a,100.0,100.0,5.0,277,49,0,0,0,0,1.4,168,69,0,0,0.0,462,173,0,0,0.0,462,173,0.0,0.0,0,4594,4594,9677,9677,2.2,2.2,0.0,0.0,0.0,0.0,0.0,0.0,0.0,0.0,0.0,265,139,0.0,265,139,0.0,265,139,0.0,265,139,,,,1,,Lisandro,Martínez,Martinez,,,0,0,0,0,0,0,0,0,0,0,0,0,0,,,,0,0.0,0.0,0.0,0.0,0,0,0
420,a,,,5.0,371,73,0,0,0,0,0.7,224,84,0,0,0.0,522,187,0,0,0.0,522,187,0.0,0.0,0,1112,1112,5475,5475,2.2,2.2,0.0,0.0,0.0,0.0,0.0,0.0,0.0,0.0,0.0,359,163,0.0,359,163,0.0,359,163,0.0,359,163,,,,1,,Leny,Yoro,Yoro,,,0,0,0,0,0,0,0,0,0,0,0,0,0,,,,0,0.0,0.0,0.0,0.0,0,0,0
421,a,,,4.5,526,145,0,0,0,0,0.4,272,102,1,1,1.0,206,82,0,5,1.0,206,82,0.2,0.2,0,1716,1716,2009,2009,1.7,1.7,0.12,0.04,0.16,1.01,0.12,0.04,0.16,1.01,0.0,202,121,0.0,202,121,0.0,202,121,0.0,202,121,,,,1,,Ayden,Heaven,Heaven,,,90,0,0,0,2,0,0,0,0,0,0,1,2,,,,0,0.0,2.0,1.0,2.0,1,1,4
422,a,,,4.5,445,107,0,0,0,0,0.7,228,86,1,1,1.0,190,69,0,8,1.0,190,69,0.2,0.2,0,3033,3033,3135,3135,1.7,1.7,0.22,0.05,0.27,1.01,0.25,0.06,0.31,1.15,0.0,121,83,0.0,121,83,0.0,121,83,0.0,121,83,,,,1,,Noussair,Mazraoui,Mazraoui,,,79,0,0,0,2,0,0,0,0,0,0,1,5,,,,0,0.0,2.28,1.14,5.7,1,4,3
423,a,,,4.5,409,83,0,0,0,0,20.4,16,4,1,1,1.0,185,64,0,13,1.0,185,64,0.2,0.2,0,21199,21199,59679,59679,1.7,1.7,0.0,0.26,0.26,1.01,0.0,0.26,0.26,1.01,0.0,85,59,0.0,85,59,0.0,85,59,0.0,85,59,3.0,,,1,,Luke,Shaw,Shaw,,,90,0,0,0,2,0,0,0,0,0,0,1,4,,,,0,0.0,2.0,1.0,4.0,1,3,3
424,a,,,4.0,600,193,0,0,0,0,0.2,349,131,0,0,0.0,339,125,0,0,0.0,339,125,0.0,0.0,0,549,549,1060,1060,1.0,1.0,0.0,0.0,0.0,0.0,0.0,0.0,0.0,0.0,0.0,64,45,0.0,64,45,0.0,64,45,0.0,64,45,,,,1,,Harry,Amass,Amass,,,0,0,0,0,0,0,0,0,0,0,0,0,0,,,,0,0.0,0.0,0.0,0.0,0,0,0
425,u,0.0,0.0,4.0,592,185,0,0,0,0,0.0,540,186,0,0,0.0,332,118,0,0,0.0,332,118,0.0,0.0,0,0,0,447,447,0.0,0.0,0.0,0.0,0.0,0.0,0.0,0.0,0.0,0.0,0.0,56,37,0.0,56,37,0.0,56,37,0.0,56,37,,,,1,,Tyler,Fredricson,Fredricson,Has joined Lausanne-Sport permanently,,0,0,0,0,0,0,0,0,0,0,0,0,0,,,,0,0.0,0.0,0.0,0.0,0,0,0
426,a,,,12.0,2,1,0,0,0,0,50.0,3,1,2,2,2.0,171,87,0,18,2.0,171,87,0.2,0.2,0,19736,19736,101004,101004,4.0,4.0,0.08,0.26,0.34,1.01,0.08,0.26,0.34,1.01,0.0,609,268,0.0,609,268,0.0,609,268,0.0,609,268,1.0,1.0,1.0,1,,Bruno,Borges Fernandes,B.Fernandes,,,90,0,0,0,2,0,0,0,0,0,0,1,6,,,,0,0.0,2.0,1.0,6.0,0,1,5
427,a,,,8.0,11,7,0,0,0,0,37.2,7,3,2,2,2.0,168,85,0,12,2.0,168,85,0.2,0.2,0,32824,32824,96686,96686,2.8,2.8,0.5,0.23,0.73,1.01,0.5,0.23,0.73,1.01,0.0,603,264,0.0,603,264,0.0,603,264,0.0,603,264,2.0,2.0,2.0,1,,Bryan,Mbeumo,Mbeumo,,,90,0,0,0,2,0,0,0,0,0,0,1,4,,,,0,0.0,2.0,1.0,4.0,0,0,4
428,a,,,8.0,10,6,0,0,0,0,9.8,41,16,2,2,2.0,167,84,0,14,2.0,167,84,0.2,0.2,0,12496,12496,43576,43576,2.8,2.8,0.24,0.21,0.45,1.01,0.27,0.24,0.51,1.15,0.0,602,263,0.0,602,263,0.0,602,263,0.0,602,263,,,,1,,Matheus,Santos Carneiro da Cunha,Cunha,,,79,0,0,0,2,0,0,0,0,0,0,1,3,,,,0,0.0,2.28,1.14,3.42,0,0,3
429,a,,,7.0,23,14,0,0,0,0,1.7,142,41,1,1,1.0,289,139,0,9,1.0,289,139,0.1,0.1,0,7881,7881,10960,10960,2.5,2.5,0.0,0.1,0.1,0.09,0.0,0.2,0.2,0.18,0.0,581,250,0.0,581,250,0.0,581,250,0.0,581,250,,,,1,,Marcus,Rashford,Rashford,,,45,0,0,0,0,0,0,0,0,0,0,0,1,,,,0,0.0,0.0,0.0,2.0,0,0,1
430,d,75.0,50.0,5.5,128,79,0,0,0,0,0.0,524,217,0,0,0.0,540,226,0,0,0.0,540,226,0.0,0.0,0,23,23,420,420,1.5,1.0,0.0,0.0,0.0,0.0,0.0,0.0,0.0,0.0,0.0,403,137,0.0,403,137,0.0,403,137,0.0,403,137,,3.0,,1,,Mason,Mount,Mount,Foot injury - 75% chance of playing,,0,0,0,0,0,0,0,0,0,0,0,0,0,,,,0,0.0,0.0,0.0,0.0,0,0,0
431,d,75.0,,6.0,96,61,0,0,0,0,1.3,173,54,0,0,0.0,584,253,0,0,0.0,584,253,0.0,0.0,0,1358,1358,27995,27995,1.6,2.2,0.0,0.0,0.0,0.0,0.0,0.0,0.0,0.0,0.0,540,218,0.0,540,218,0.0,540,218,0.0,540,218,4.0,,,1,,Amad,Diallo,Amad,Unspecified injury - 75% chance of playing,,0,0,0,0,0,0,0,0,0,0,0,0,0,,,,0,0.0,0.0,0.0,0.0,0,0,0
432,a,,,5.5,201,125,0,0,0,0,1.0,199,67,1,1,1.0,264,120,0,7,1.0,264,120,0.2,0.2,0,1740,1740,7279,7279,2.0,2.0,0.07,0.01,0.08,0.07,0.27,0.04,0.31,0.27,0.0,476,183,0.0,476,183,0.0,476,183,0.0,476,183,,,,1,,Kobbie,Mainoo,Mainoo,,,23,0,0,0,0,0,0,0,0,0,0,0,1,,,,0,0.0,0.0,0.0,3.91,0,0,1
433,i,0.0,0.0,5.0,285,169,0,0,0,0,0.0,601,262,0,0,0.0,468,184,0,0,0.0,468,184,0.0,0.0,0,10,10,57,57,0.0,0.0,0.0,0.0,0.0,0.0,0.0,0.0,0.0,0.0,0.0,273,61,0.0,273,61,0.0,273,61,0.0,273,61,,,,1,,Manuel,Ugarte Ribeiro,Ugarte,Knee injury - Unknown return date,,0,0,0,0,0,0,0,0,0,0,0,0,0,,,,0,0.0,0.0,0.0,0.0,0,0,0
434,a,,,5.0,368,217,0,0,0,0,0.0,577,246,0,0,0.0,520,216,0,0,0.0,520,216,0.0,0.0,0,28,28,82,82,1.5,1.5,0.0,0.0,0.0,0.0,0.0,0.0,0.0,0.0,0.0,356,109,0.0,356,109,0.0,356,109,0.0,356,109,,,,1,,Jack,Fletcher,J.Fletcher,,,0,0,0,0,0,0,0,0,0,0,0,0,0,,,,0,0.0,0.0,0.0,0.0,0,0,0
435,a,,,5.0,378,224,0,0,0,0,0.0,486,199,1,1,1.0,233,102,0,3,1.0,233,102,0.2,0.2,0,172,172,314,314,1.5,1.5,0.0,0.0,0.0,0.0,0.0,0.0,0.0,0.0,0.0,366,116,0.0,366,116,0.0,366,116,0.0,366,116,,,,1,,Shea,Lacey,Lacey,,,10,0,0,0,0,0,0,0,0,0,0,0,1,,,,0,0.0,0.0,0.0,9.0,0,0,1
436,a,,,5.0,335,195,0,0,0,0,0.0,557,231,0,0,0.0,504,207,0,0,0.0,504,207,0.0,0.0,0,32,32,123,123,1.5,1.5,0.0,0.0,0.0,0.0,0.0,0.0,0.0,0.0,0.0,323,87,0.0,323,87,0.0,323,87,0.0,323,87,,,,1,,Toby,Collyer,Collyer,,,0,0,0,0,0,0,0,0,0,0,0,0,0,,,,0,0.0,0.0,0.0,0.0,0,0,0
437,a,,,4.5,516,258,0,0,0,0,0.2,360,132,0,0,0.0,418,158,0,0,0.0,418,158,0.0,0.0,0,611,611,1301,1301,1.0,1.0,0.0,0.0,0.0,0.0,0.0,0.0,0.0,0.0,0.0,192,20,0.0,192,20,0.0,192,20,0.0,192,20,,,,1,,Bendito,Mantato,Bendito Mantato,,,0,0,0,0,0,0,0,0,0,0,0,0,0,,,,0,0.0,0.0,0.0,0.0,0,0,0
438,a,,,4.5,497,253,0,0,0,0,0.3,285,95,0,0,0.0,402,153,0,0,0.0,402,153,0.0,0.0,0,852,852,2137,2137,1.0,1.0,0.0,0.0,0.0,0.0,0.0,0.0,0.0,0.0,0.0,173,15,0.0,173,15,0.0,173,15,0.0,173,15,,,,1,,Tyler,Fletcher,Fletcher,,,0,0,0,0,0,0,0,0,0,0,0,0,0,,,,0,0.0,0.0,0.0,0.0,0,0,0
439,a,100.0,75.0,7.0,30,10,0,0,0,0,1.6,152,24,1,1,1.0,292,34,0,2,1.0,292,34,0.1,0.1,0,13189,13189,7429,7429,2.2,1.7,0.04,0.0,0.04,0.07,0.16,0.0,0.16,0.27,0.0,588,65,0.0,588,65,0.0,588,65,0.0,588,65,,,,1,,Benjamin,Sesko,Šeško,,,23,0,0,0,0,0,0,0,0,0,0,0,0,,,,0,0.0,0.0,0.0,0.0,0,0,0
440,a,,,5.5,172,39,0,0,0,0,0.6,244,39,0,0,0.0,557,59,0,0,0.0,557,59,0.0,0.0,0,1211,1211,6436,6436,1.8,1.8,0.0,0.0,0.0,0.0,0.0,0.0,0.0,0.0,0.0,447,36,0.0,447,36,0.0,447,36,0.0,447,36,,,,1,,Joshua,Zirkzee,Zirkzee,,,0,0,0,0,0,0,0,0,0,0,0,0,0,,,,0,0.0,0.0,0.0,0.0,0,0,0
441,a,,,4.5,523,71,0,0,0,0,1.1,184,26,0,0,0.0,423,43,0,0,0.0,423,43,0.0,0.0,0,3219,3219,5901,5901,1.0,1.0,0.0,0.0,0.0,0.0,0.0,0.0,0.0,0.0,0.0,199,10,0.0,199,10,0.0,199,10,0.0,199,10,,,,1,,Chido,Obi,Obi,,,0,0,0,0,0,0,0,0,0,0,0,0,0,,,,0,0.0,0.0,0.0,0.0,0,0,0
442,a,,,5.0,231,6,0,0,0,0,1.3,171,25,0,0,0.0,437,59,0,0,0.0,437,59,0.0,0.0,0,1490,1490,5483,5483,2.6,2.6,0.0,0.0,0.0,0.0,0.0,0.0,0.0,0.0,0.0,219,48,0.0,219,48,0.0,219,48,0.0,219,48,,,,1,,Nick,Pope,Pope,,,0,0,0,0,0,0,0,0,0,0,0,0,0,,,,0,0.0,0.0,0.0,0.0,0,0,0
443,a,,,4.5,403,25,0,0,0,0,0.0,516,57,0,0,0.0,349,42,0,0,0.0,349,42,0.0,0.0,0,84,84,120,120,1.9,1.9,0.0,0.0,0.0,0.0,0.0,0.0,0.0,0.0,0.0,79,24,0.0,79,24,0.0,79,24,0.0,79,24,,,,1,,Mark,Gillespie,Gillespie,,,0,0,0,0,0,0,0,0,0,0,0,0,0,,,,0,0.0,0.0,0.0,0.0,0,0,0
444,a,,,4.5,507,47,0,0,0,0,0.0,528,60,0,0,0.0,411,58,0,0,0.0,411,58,0.0,0.0,0,61,61,186,186,1.9,1.9,0.0,0.0,0.0,0.0,0.0,0.0,0.0,0.0,0.0,183,46,0.0,183,46,0.0,183,46,0.0,183,46,,,,1,,Ewen,Jaouen,Jaouen,,,0,0,0,0,0,0,0,0,0,0,0,0,0,,,,0,0.0,0.0,0.0,0.0,0,0,0
445,a,,,5.0,317,60,0,0,0,0,1.7,141,59,3,3,3.0,90,39,0,0,3.0,90,39,0.6,0.6,0,8097,8097,4206,4206,2.2,2.2,0.0,0.0,0.0,2.98,0.0,0.0,0.0,2.98,0.0,305,150,0.0,305,150,0.0,305,150,0.0,305,150,,,,1,,Malick,Thiaw,Thiaw,,,90,0,0,0,2,0,0,0,0,0,0,1,15,,,,0,0.0,2.0,1.0,15.0,0,15,2
446,a,100.0,100.0,5.0,237,38,0,0,0,0,0.3,312,116,1,1,1.0,209,84,0,-1,1.0,209,84,0.2,0.2,0,1176,1176,846,846,2.2,2.2,0.0,0.0,0.0,0.79,0.0,0.0,0.0,71.1,0.0,225,128,0.0,225,128,0.0,225,128,0.0,225,128,,2.0,,1,,Fabian,Schär,Schär,,,1,0,0,0,1,0,0,0,0,0,0,0,0,,,,0,0.0,90.0,0.0,0.0,0,0,0
447,a,,,5.0,274,47,0,0,0,0,0.5,256,95,3,3,3.0,88,37,0,4,3.0,88,37,0.6,0.6,0,4630,4630,1460,1460,2.2,2.2,0.0,0.01,0.01,2.98,0.0,0.01,0.01,2.98,0.0,262,137,0.0,262,137,0.0,262,137,0.0,262,137,,,,1,,Sven,Botman,Botman,,,90,0,0,0,2,0,0,0,0,0,0,1,10,,,,0,0.0,2.0,1.0,10.0,0,10,2
448,i,0.0,,5.0,227,35,0,0,0,0,2.1,122,50,0,0,0.0,436,165,0,0,0.0,436,165,0.0,0.0,0,6127,6127,37192,37192,0.0,2.2,0.0,0.0,0.0,0.0,0.0,0.0,0.0,0.0,0.0,215,125,0.0,215,125,0.0,215,125,0.0,215,125,,,,1,,Dan,Burn,Burn,Ankle injury - Expected back 14 Sep,,0,0,0,0,0,0,0,0,0,0,0,0,0,,,,0,0.0,0.0,0.0,0.0,0,0,0
449,a,,,5.0,330,66,0,0,0,0,3.9,84,33,3,3,3.0,91,40,0,8,3.0,91,40,0.6,0.6,0,27554,27554,8089,8089,2.2,2.2,0.0,0.35,0.35,2.98,0.0,0.35,0.35,2.98,0.0,318,156,0.0,318,156,0.0,318,156,0.0,318,156,1.0,1.0,,1,,Lewis,Hall,Hall,,,90,0,0,0,2,0,0,0,0,0,0,1,11,,,,0,0.0,2.0,1.0,11.0,5,6,8
450,i,0.0,0.0,5.0,303,55,0,0,0,0,0.0,505,175,0,0,0.0,482,177,0,0,0.0,482,177,0.0,0.0,0,59,59,721,721,0.0,0.0,0.0,0.0,0.0,0.0,0.0,0.0,0.0,0.0,0.0,291,145,0.0,291,145,0.0,291,145,0.0,291,145,,,,1,,Tino,Livramento,Livramento,Calf injury - Unknown return date,,0,0,0,0,0,0,0,0,0,0,0,0,0,,,,0,0.0,0.0,0.0,0.0,0,0,0
451,u,0.0,0.0,4.0,591,184,0,0,0,0,0.1,410,145,0,0,0.0,331,117,0,0,0.0,331,117,0.0,0.0,0,0,0,2181,2181,0.0,0.0,0.0,0.0,0.0,0.0,0.0,0.0,0.0,0.0,0.0,55,36,0.0,55,36,0.0,55,36,0.0,55,36,,,,1,,Alex,Murphy,A.Murphy,Has joined FC Kaiserslautern on loan for the rest of the season,,0,0,0,0,0,0,0,0,0,0,0,0,0,,,,0,0.0,0.0,0.0,0.0,0,0,0
453,a,,,6.0,67,45,0,0,0,0,1.1,189,62,2,2,2.0,152,75,0,12,2.0,152,75,0.3,0.3,0,4370,4370,4224,4224,2.2,2.2,0.07,0.02,0.09,2.98,0.07,0.02,0.09,2.98,0.0,511,202,0.0,511,202,0.0,511,202,0.0,511,202,,,,1,,Harvey,Barnes,Barnes,,,90,0,0,0,2,0,0,0,0,0,0,1,8,,,,0,0.0,2.0,1.0,8.0,1,3,4
454,a,,,6.0,86,55,0,0,0,0,1.4,169,51,9,9,9.0,27,13,2,31,9.0,27,13,1.5,1.5,0,37722,37722,4270,4270,2.2,2.2,0.22,0.01,0.23,1.94,0.26,0.01,0.27,2.33,0.0,530,212,0.0,530,212,0.0,530,212,0.0,530,212,4.0,,,1,,Anthony,Elanga,Elanga,,,75,1,0,0,1,0,0,0,0,0,0,1,2,,,,0,0.0,1.2,1.2,2.4,0,1,1
456,a,,,5.0,287,171,0,0,0,0,0.4,277,91,0,0,0.0,470,186,0,1,0.0,470,186,0.0,0.0,0,866,866,2091,2091,1.5,1.5,0.06,0.01,0.07,1.5,0.16,0.03,0.19,3.97,0.0,275,63,0.0,275,63,0.0,275,63,0.0,275,63,,,,1,,Jacob,Ramsey,J.Ramsey,,,34,0,0,0,1,0,0,0,1,0,0,0,6,,,,0,0.0,2.65,0.0,15.88,2,3,1
457,a,,,6.0,59,40,0,0,0,0,0.2,368,137,0,0,0.0,576,248,0,-1,0.0,576,248,0.0,0.0,0,410,410,1145,1145,2.2,2.2,0.0,0.0,0.0,1.04,0.0,0.0,0.0,6.69,0.0,503,197,0.0,503,197,0.0,503,197,0.0,503,197,2.0,,,1,,Jacob,Murphy,J.Murphy,,,14,0,0,0,1,0,0,0,1,0,0,0,2,,,,0,0.0,6.43,0.0,12.86,0,1,1
458,i,0.0,0.0,5.5,127,78,0,0,0,0,0.0,521,216,0,0,0.0,539,225,0,0,0.0,539,225,0.0,0.0,0,24,24,590,590,0.0,0.0,0.0,0.0,0.0,0.0,0.0,0.0,0.0,0.0,0.0,402,136,0.0,402,136,0.0,402,136,0.0,402,136,,,,1,,Joelinton Cássio,Apolinário de Lira,Joelinton,Unspecified injury - Unknown return date,,0,0,0,0,0,0,0,0,0,0,0,0,0,,,,0,0.0,0.0,0.0,0.0,0,0,0
459,a,100.0,100.0,5.5,207,129,0,0,0,0,0.1,471,191,3,3,3.0,101,44,0,13,3.0,101,44,0.5,0.5,0,562,562,221,221,2.0,2.0,0.05,0.01,0.06,1.94,0.06,0.01,0.07,2.33,0.0,482,187,0.0,482,187,0.0,482,187,0.0,482,187,3.0,,,1,,Lewis,Miley,L.Miley,,,75,0,0,0,1,0,0,0,1,0,0,1,13,,,,0,0.0,1.2,1.2,15.6,1,6,6
460,a,,,5.0,254,154,0,0,0,0,0.2,372,141,6,6,6.0,51,22,0,28,6.0,51,22,1.2,1.2,0,2992,2992,694,694,1.5,1.5,0.09,0.17,0.26,1.5,0.24,0.45,0.69,3.97,0.0,242,46,0.0,242,46,0.0,242,46,0.0,242,46,,,,1,,Joe,Willock,Willock,,,34,1,0,0,1,0,0,0,0,0,0,0,3,,,,0,0.0,2.65,0.0,7.94,2,0,1
467,a,,,5.0,228,5,0,0,0,0,1.6,155,22,2,2,2.0,119,12,0,11,2.0,119,12,0.4,0.4,0,1285,1285,4303,4303,2.6,2.6,0.0,0.0,0.0,0.47,0.0,0.0,0.0,0.47,0.0,216,47,0.0,216,47,0.0,216,47,0.0,216,47,,,,1,,Matz,Sels,Sels,,,90,0,0,0,1,0,0,0,0,0,2,1,0,,,,2,0.0,1.0,1.0,0.0,0,0,9
494,u,0.0,0.0,4.5,426,32,0,0,0,0,0.3,302,37,0,0,0.0,363,49,0,0,0.0,363,49,0.0,0.0,0,0,0,7651,7651,0.0,0.0,0.0,0.0,0.0,0.0,0.0,0.0,0.0,0.0,0.0,102,31,0.0,102,31,0.0,102,31,0.0,102,31,,,,1,,Guglielmo,Vicario,Vicario,Has joined Juventus on loan for the rest of the season,,0,0,0,0,0,0,0,0,0,0,0,0,0,,,,0,0.0,0.0,0.0,0.0,0,0,0
495,a,,,4.0,561,58,0,0,0,0,0.9,205,29,0,0,0.0,310,31,0,0,0.0,310,31,0.0,0.0,0,1522,1522,1701,1701,1.0,1.0,0.0,0.0,0.0,0.0,0.0,0.0,0.0,0.0,0.0,25,11,0.0,25,11,0.0,25,11,0.0,25,11,,,,1,,Brandon,Austin,Austin,,,0,0,0,0,0,0,0,0,0,0,0,0,0,,,,0,0.0,0.0,0.0,0.0,0,0,0
516,a,,,5.5,134,83,0,0,0,0,0.2,347,127,1,1,1.0,247,113,0,8,1.0,247,113,0.2,0.2,0,271,271,888,888,2.0,2.0,0.0,0.01,0.01,2.18,0.0,0.02,0.02,4.36,0.0,409,141,0.0,409,141,0.0,409,141,0.0,409,141,,,,1,,Rodrigo,Bentancur,Bentancur,,,45,0,0,0,1,0,0,0,0,0,0,0,5,,,,0,0.0,2.0,0.0,10.0,3,0,2
526,a,,,6.0,61,15,0,0,0,0,1.4,167,25,1,1,1.0,272,31,0,3,1.0,272,31,0.2,0.2,0,2557,2557,9324,9324,2.0,2.0,0.07,0.0,0.07,0.85,0.29,0.0,0.29,3.48,0.0,505,48,0.0,505,48,0.0,505,48,0.0,505,48,,,1.0,1,,Dominic,Solanke-Mitchell,Solanke,,,22,0,0,0,0,0,0,0,0,0,0,0,0,,,,0,0.0,0.0,0.0,0.0,0,0,0
527,a,,,6.0,71,18,0,0,0,0,3.1,104,13,2,2,2.0,153,13,0,6,2.0,153,13,0.3,0.3,0,6716,6716,16258,16258,2.0,2.0,0.0,0.0,0.0,3.02,0.0,0.0,0.0,4.06,0.0,515,51,0.0,515,51,0.0,515,51,0.0,515,51,,,4.0,1,,Richarlison,de Andrade,Richarlison,,,67,0,0,0,3,0,0,0,0,0,0,1,1,,,,0,0.0,4.03,1.34,1.34,0,1,0
557,a,,,6.5,44,31,0,0,0,0,25.6,10,4,6,6,6.0,63,25,0,30,6.0,63,25,0.9,0.9,0,123255,123255,21841,21841,2.3,2.3,0.19,0.14,0.33,0.06,0.23,0.17,0.4,0.07,0.0,569,241,0.0,569,241,0.0,569,241,0.0,569,241,3.0,,,1,,Christos,Tzolis,Tzolis,,,75,0,1,1,0,0,0,0,0,0,0,1,6,,,,0,1.2,0.0,1.2,7.2,1,2,3
28,a,,,5.0,232,7,0,0,0,0,4.3,77,10,0,0,0.0,438,60,0,0,0.0,438,60,0.0,0.0,0,4886,4886,27404,27404,2.6,2.6,0.0,0.0,0.0,0.0,0.0,0.0,0.0,0.0,0.0,220,49,0.0,220,49,0.0,220,49,0.0,220,49,,,,1,,Emiliano,Martínez Romero,Martinez,,,0,0,0,0,0,0,0,0,0,0,0,0,0,,,,0,0.0,0.0,0.0,0.0,0,0,0
29,a,,,4.5,401,23,0,0,0,0,0.1,398,43,1,1,1.0,183,16,0,1,1.0,183,16,0.2,0.2,0,391,391,363,363,1.9,1.9,0.0,0.0,0.0,3.77,0.0,0.0,0.0,3.77,0.0,77,22,0.0,77,22,0.0,77,22,0.0,77,22,,,,1,,Marco,Bizot,M.Bizot,,,90,0,0,0,4,0,0,0,0,0,3,1,0,,,,3,0.0,4.0,1.0,0.0,0,2,6
34,a,,,4.5,458,117,0,0,0,0,0.5,264,100,0,0,0.0,381,150,0,-14,0.0,381,150,0.0,0.0,0,1479,1479,2329,2329,1.7,1.7,0.0,0.0,0.0,3.55,0.0,0.0,0.0,4.38,0.0,134,93,0.0,134,93,0.0,134,93,0.0,134,93,,,,1,,Pau,Torres,Pau,,,73,0,0,0,4,0,0,0,0,0,0,1,5,,,,0,0.0,4.93,1.23,6.16,0,5,1
35,a,,,5.0,356,207,0,0,0,0,0.1,453,183,1,1,1.0,229,100,0,3,1.0,229,100,0.2,0.2,0,422,422,452,452,1.5,1.5,0.0,0.0,0.0,0.22,0.0,0.0,0.0,1.24,0.0,344,99,0.0,344,99,0.0,344,99,0.0,344,99,,,,1,,Lamare,Bogarde,Bogarde,,,16,0,0,0,0,0,0,0,0,0,0,0,1,,,,0,0.0,0.0,0.0,5.62,0,1,0
36,a,,,4.5,464,122,0,0,0,0,0.8,215,80,0,0,0.0,385,153,0,-9,0.0,385,153,0.0,0.0,0,1854,1854,4239,4239,1.7,1.7,0.03,0.0,0.03,3.62,0.03,0.0,0.03,4.02,0.0,140,98,0.0,140,98,0.0,140,98,0.0,140,98,,,,1,,Ian,Maatsen,Maatsen,,,81,0,0,0,4,0,0,0,0,0,0,1,9,,,,0,0.0,4.44,1.11,10.0,2,7,2
39,u,0.0,0.0,4.0,601,194,0,0,0,0,0.3,315,119,0,0,0.0,340,126,0,0,0.0,340,126,0.0,0.0,0,0,0,4161,4161,0.0,0.0,0.0,0.0,0.0,0.0,0.0,0.0,0.0,0.0,0.0,65,46,0.0,65,46,0.0,65,46,0.0,65,46,,,,1,,Kosta,Nedeljkovic,Nedeljkovic,Has joined Rangers on loan for the rest of the season,,0,0,0,0,0,0,0,0,0,0,0,0,0,,,,0,0.0,0.0,0.0,0.0,0,0,0
41,a,,,6.0,65,43,0,0,0,0,1.3,174,55,2,2,2.0,151,74,0,4,2.0,151,74,0.3,0.3,0,2971,2971,9302,9302,2.2,2.2,0.13,0.09,0.22,3.62,0.14,0.1,0.24,3.83,0.0,509,200,0.0,509,200,0.0,509,200,0.0,509,200,3.0,1.0,1.0,1,,Emiliano,Buendía Stati,Buendía,,,85,0,0,0,4,0,0,0,0,0,0,1,7,,,,0,0.0,4.24,1.06,7.41,1,3,3
44,a,,,5.5,141,87,0,0,0,0,0.2,382,145,0,0,0.0,545,230,0,0,0.0,545,230,0.0,0.0,0,611,611,1309,1309,2.0,2.0,0.0,0.0,0.0,0.0,0.0,0.0,0.0,0.0,0.0,416,145,0.0,416,145,0.0,416,145,0.0,416,145,,,,1,,Leon,Bailey,Bailey,,,0,0,0,0,0,0,0,0,0,0,0,0,0,,,,0,0.0,0.0,0.0,0.0,0,0,0
46,a,,,5.0,229,141,0,0,0,0,0.2,321,111,2,2,2.0,120,53,0,11,2.0,120,53,0.4,0.4,0,1023,1023,1198,1198,1.5,1.5,0.1,0.02,0.12,3.55,0.12,0.02,0.14,4.38,0.0,217,33,0.0,217,33,0.0,217,33,0.0,217,33,4.0,,,1,,Ross,Barkley,Barkley,,,73,0,0,0,4,0,0,0,0,0,0,1,1,,,,0,0.0,4.93,1.23,1.23,0,1,0
6,i,0.0,0.0,6.0,88,9,0,0,0,0,0.3,309,115,0,0,0.0,581,199,0,0,0.0,581,199,0.0,0.0,0,540,540,4266,4266,0.0,0.0,0.0,0.0,0.0,0.0,0.0,0.0,0.0,0.0,0.0,532,197,0.0,532,197,0.0,532,197,0.0,532,197,,,,1,,William,Saliba,Saliba,Back injury - Unknown return date,,0,0,0,0,0,0,0,0,0,0,0,0,0,,,,0,0.0,0.0,0.0,0.0,0,0,0
7,a,,,5.5,195,120,0,0,0,0,0.7,223,72,3,3,3.0,100,43,0,15,3.0,100,43,0.5,0.5,0,5530,5530,4516,4516,2.0,2.0,0.06,0.11,0.17,0.2,0.06,0.11,0.17,0.2,0.0,470,178,0.0,470,178,0.0,470,178,0.0,470,178,,,,1,,Myles,Lewis-Skelly,Lewis-Skelly,,,90,0,0,1,0,0,0,0,0,0,0,1,7,,,,0,1.0,0.0,1.0,7.0,1,1,5
8,a,,,5.5,179,25,0,0,0,0,40.9,5,1,9,9,9.0,23,9,0,31,9.0,23,9,1.6,1.6,0,183806,183806,18547,18547,2.5,2.5,0.04,0.09,0.13,0.06,0.04,0.1,0.14,0.07,0.0,454,183,0.0,454,183,0.0,454,183,0.0,454,183,,,,1,,Riccardo,Calafiori,Calafiori,,,80,0,1,1,0,0,0,0,0,0,0,1,5,,,,0,1.12,0.0,1.12,5.62,1,4,1
9,a,,,5.5,169,22,0,0,0,0,1.6,147,62,1,1,1.0,256,94,0,3,1.0,256,94,0.2,0.2,0,2287,2287,23474,23474,2.5,2.5,0.0,0.0,0.0,0.15,0.0,0.0,0.0,1.5,0.0,444,180,0.0,444,180,0.0,444,180,0.0,444,180,,,,1,,Piero,Hincapié,Hincapie,,,9,0,0,0,0,0,0,0,0,0,0,0,0,,,,0,0.0,0.0,0.0,0.0,0,0,0
10,a,100.0,100.0,5.5,130,13,0,0,0,0,5.4,65,25,11,11,11.0,10,5,2,37,11.0,10,5,2.0,2.0,0,69152,69152,9334,9334,2.5,2.5,0.18,0.21,0.39,0.2,0.18,0.21,0.39,0.2,0.0,405,171,0.0,405,171,0.0,405,171,0.0,405,171,,,,1,,Benjamin,White,White,,,90,0,1,1,0,0,0,0,0,0,0,1,5,,,,0,1.0,0.0,1.0,5.0,1,4,3
11,a,,,5.5,197,29,0,0,0,0,6.0,61,23,6,6,6.0,58,26,0,27,6.0,58,26,1.1,1.1,0,9180,9180,20254,20254,2.5,2.5,0.0,0.0,0.0,0.2,0.0,0.0,0.0,0.2,0.0,472,187,0.0,472,187,0.0,472,187,0.0,472,187,,,,1,,Cristhian,Mosquera,Mosquera,,,90,0,0,1,0,0,0,0,0,0,0,1,6,,,,0,1.0,0.0,1.0,6.0,0,6,3
12,a,,,9.5,3,2,0,0,0,0,10.2,39,15,9,9,9.0,28,14,1,36,9.0,28,14,0.9,0.9,0,48204,48204,13064,13064,3.2,3.2,0.64,0.08,0.72,0.06,0.86,0.11,0.97,0.08,0.0,607,266,0.0,607,266,0.0,607,266,0.0,607,266,2.0,2.0,1.0,1,,Bukayo,Saka,Saka,,,67,1,0,1,0,0,0,0,0,0,0,1,7,,,,0,1.34,0.0,1.34,9.4,1,2,4
13,a,,,7.5,13,8,0,0,0,0,17.7,21,7,3,3,3.0,108,50,0,10,3.0,108,50,0.4,0.4,0,20168,20168,76537,76537,2.6,2.6,0.07,0.08,0.15,0.06,0.09,0.11,0.2,0.08,0.0,589,256,0.0,589,256,0.0,589,256,0.0,589,256,1.0,1.0,,1,,Declan,Rice,Rice,,,67,0,0,1,0,0,0,0,0,0,0,1,6,,,,0,1.34,0.0,1.34,8.06,0,3,3
18,a,,,6.5,45,32,0,0,0,0,0.2,336,119,0,0,0.0,594,261,0,0,0.0,594,261,0.0,0.0,0,668,668,3983,3983,2.3,2.3,0.0,0.0,0.0,0.0,0.0,0.0,0.0,0.0,0.0,570,242,0.0,570,242,0.0,570,242,0.0,570,242,,,,1,,Gabriel,Martinelli Silva,Martinelli,,,0,0,0,0,0,0,0,0,0,0,0,0,0,,,,0,0.0,0.0,0.0,0.0,0,0,0
19,a,,,5.5,187,114,0,0,0,0,1.1,191,63,1,1,1.0,259,117,0,3,1.0,259,117,0.2,0.2,0,833,833,10973,10973,2.0,2.0,0.0,0.02,0.02,0.15,0.0,0.08,0.08,0.61,0.0,462,172,0.0,462,172,0.0,462,172,0.0,462,172,,,,1,,Martín,Zubimendi Ibáñez,Zubimendi,,,22,0,0,0,0,0,0,0,0,0,0,0,3,,,,0,0.0,0.0,0.0,12.27,1,0,2
1,a,,,6.0,60,1,0,0,0,0,38.0,6,1,6,6,6.0,60,6,0,24,6.0,60,6,1.0,1.0,0,50554,50554,36887,36887,4.0,4.0,0.0,0.0,0.0,0.2,0.0,0.0,0.0,0.2,0.0,504,67,0.0,504,67,0.0,504,67,0.0,504,67,,,,1,,David,Raya Martín,Raya,,,90,0,0,1,0,0,0,0,0,0,1,1,0,,,,1,1.0,0.0,1.0,0.0,0,1,8
2,a,,,5.0,235,9,0,0,0,0,0.1,441,49,0,0,0.0,441,62,0,0,0.0,441,62,0.0,0.0,0,183,183,720,720,2.6,2.6,0.0,0.0,0.0,0.0,0.0,0.0,0.0,0.0,0.0,223,51,0.0,223,51,0.0,223,51,0.0,223,51,,,,1,,Kepa,Arrizabalaga Revuelta,Arrizabalaga,,,0,0,0,0,0,0,0,0,0,0,0,0,0,,,,0,0.0,0.0,0.0,0.0,0,0,0
3,a,,,5.0,300,16,0,0,0,0,0.0,522,59,0,0,0.0,479,65,0,0,0.0,479,65,0.0,0.0,0,63,63,272,272,2.6,2.6,0.0,0.0,0.0,0.0,0.0,0.0,0.0,0.0,0.0,288,58,0.0,288,58,0.0,288,58,0.0,288,58,,,,1,,Illan,Meslier,Meslier,,,0,0,0,0,0,0,0,0,0,0,0,0,0,,,,0,0.0,0.0,0.0,0.0,0,0,0
4,a,,,8.0,9,1,0,0,0,0,29.5,9,2,5,5,5.0,73,30,0,21,5.0,73,30,0.6,0.6,0,30436,30436,58488,58488,4.0,4.0,0.05,0.01,0.06,0.2,0.05,0.01,0.06,0.2,0.0,601,202,0.0,601,202,0.0,601,202,0.0,601,202,,,,1,,Gabriel,dos Santos Magalhães,Gabriel,,,90,0,0,1,0,0,0,0,1,0,0,1,4,,,,0,1.0,0.0,1.0,4.0,0,4,2
5,i,0.0,0.0,6.5,47,3,0,0,0,0,0.1,411,146,0,0,0.0,596,200,0,0,0.0,596,200,0.0,0.0,0,241,241,1834,1834,0.0,0.0,0.0,0.0,0.0,0.0,0.0,0.0,0.0,0.0,0.0,572,200,0.0,572,200,0.0,572,200,0.0,572,200,,,,1,,Jurriën,Timber,J.Timber,Groin injury - Unknown return date,,0,0,0,0,0,0,0,0,0,0,0,0,0,,,,0,0.0,0.0,0.0,0.0,0,0,0
45,a,,,5.5,118,76,0,0,0,0,3.1,103,34,1,1,1.0,245,111,0,8,1.0,245,111,0.2,0.2,0,4654,4654,20021,20021,2.0,2.0,0.04,0.01,0.05,3.62,0.04,0.01,0.05,4.02,0.0,393,134,0.0,393,134,0.0,393,134,0.0,393,134,2.0,,,1,,John,McGinn,McGinn,,,81,0,0,0,4,0,0,0,1,0,0,1,6,,,,0,0.0,4.44,1.11,6.67,1,2,3
49,u,0.0,0.0,5.0,320,186,0,0,0,0,0.0,602,263,0,0,0.0,494,199,0,0,0.0,494,199,0.0,0.0,0,0,0,84,84,0.0,0.0,0.0,0.0,0.0,0.0,0.0,0.0,0.0,0.0,0.0,308,78,0.0,308,78,0.0,308,78,0.0,308,78,,,,1,,Samuel,Iling-Junior,Iling Jr,Has joined Bolton Wanderers on loan for the rest of the season,,0,0,0,0,0,0,0,0,0,0,0,0,0,,,,0,0.0,0.0,0.0,0.0,0,0,0
54,s,0.0,0.0,5.5,168,105,0,0,0,0,0.1,467,189,-2,-2,-2.0,610,268,0,-2,-2.0,610,268,-0.4,-0.4,0,86,86,1064,1064,0.0,0.0,0.0,0.01,0.01,2.58,0.0,0.02,0.02,5.95,0.0,443,163,0.0,443,163,0.0,443,163,0.0,443,163,,,,1,,Joao,Gomes,Gomes,Suspended until 19 Sep,,39,0,0,0,4,0,0,0,0,1,0,1,7,,,,0,0.0,9.23,2.31,16.15,4,1,2
573,a,,,4.5,487,132,0,0,0,0,0.2,330,125,0,0,0.0,393,154,0,0,0.0,393,154,0.0,0.0,0,298,298,651,651,1.7,1.7,0.0,0.0,0.0,0.0,0.0,0.0,0.0,0.0,0.0,163,108,0.0,163,108,0.0,163,108,0.0,163,108,,,,1,,Juanlu,Sánchez,Sanchez,,,0,0,0,0,0,0,0,0,0,0,0,0,0,,,,0,0.0,0.0,0.0,0.0,0,0,0
116,a,,,4.5,404,80,0,0,0,0,1.1,186,71,6,6,6.0,43,16,0,24,6.0,43,16,1.3,1.3,0,6053,6053,2097,2097,1.7,1.7,0.0,0.04,0.04,0.29,0.0,0.04,0.04,0.29,0.0,80,56,0.0,80,56,0.0,80,56,0.0,80,56,,3.0,,1,,Lewis,Dunk,Dunk,,,90,0,0,1,0,0,0,0,0,0,0,1,2,,,,0,1.0,0.0,1.0,2.0,1,1,2
504,a,,,5.0,385,76,0,0,0,0,2.5,114,47,6,6,6.0,54,23,0,19,6.0,54,23,1.2,1.2,0,12469,12469,5077,5077,2.2,2.2,0.13,0.03,0.16,0.29,0.13,0.03,0.16,0.29,0.0,373,166,0.0,373,166,0.0,373,166,0.0,373,166,,,,1,,Luka,Vušković,Vuskovic,,,90,0,0,1,0,0,0,0,0,0,0,1,4,,,,0,1.0,0.0,1.0,4.0,0,4,2
153,a,,,4.5,438,101,0,0,0,0,0.1,466,164,0,0,0.0,369,140,0,0,0.0,369,140,0.0,0.0,0,281,281,417,417,1.7,1.7,0.0,0.0,0.0,0.0,0.0,0.0,0.0,0.0,0.0,114,77,0.0,114,77,0.0,114,77,0.0,114,77,,,,1,,Axel,Disasi,Disasi,,,0,0,0,0,0,0,0,0,0,0,0,0,0,,,,0,0.0,0.0,0.0,0.0,0,0,0
578,a,,,5.5,178,108,0,0,0,0,0.0,487,200,0,0,0.0,560,238,0,0,0.0,560,238,0.0,0.0,0,151,151,421,421,2.0,2.0,0.0,0.0,0.0,0.0,0.0,0.0,0.0,0.0,0.0,453,166,0.0,453,166,0.0,453,166,0.0,453,166,,,,1,,Mykhailo,Mudryk,Mudryk,,,0,0,0,0,0,0,0,0,0,0,0,0,0,,,,0,0.0,0.0,0.0,0.0,0,0,0
583,a,,,5.0,342,70,0,0,0,0,0.2,343,129,1,1,1.0,224,89,0,3,1.0,224,89,0.2,0.2,0,608,608,943,943,2.2,2.2,0.0,0.0,0.0,0.28,0.0,0.0,0.0,1.01,0.0,330,160,0.0,330,160,0.0,330,160,0.0,330,160,,,,1,,Pep,Chavarría,Chavarria,,,25,0,0,0,0,0,0,0,0,0,0,0,1,,,,0,0.0,0.0,0.0,3.6,0,1,1
186,a,100.0,100.0,5.5,149,92,0,0,0,0,0.1,399,157,0,0,0.0,551,234,0,0,0.0,551,234,0.0,0.0,0,126,126,800,800,2.0,2.0,0.0,0.0,0.0,0.0,0.0,0.0,0.0,0.0,0.0,424,150,0.0,424,150,0.0,424,150,0.0,424,150,,,,1,,Ephron,Mason-Clark,Mason-Clark,,,0,0,0,0,0,0,0,0,0,0,0,0,0,,,,0,0.0,0.0,0.0,0.0,0,0,0
257,a,,,4.5,450,111,0,0,0,0,0.8,218,82,0,0,0.0,376,145,0,1,0.0,376,145,0.0,0.0,0,3807,3807,2422,2422,1.7,1.7,0.02,0.02,0.04,2.24,0.02,0.02,0.04,2.24,0.0,126,87,0.0,126,87,0.0,126,87,0.0,126,87,,,,1,,Calvin,Bassey,Bassey,,,90,0,0,0,3,0,0,0,1,0,0,1,4,,,,0,0.0,3.0,1.0,4.0,1,3,4
258,a,,,4.5,421,88,0,0,0,0,0.3,287,106,6,6,6.0,44,17,0,21,6.0,44,17,1.3,1.3,0,2981,2981,683,683,1.7,1.7,0.09,0.18,0.27,2.24,0.09,0.18,0.27,2.24,0.0,97,64,0.0,97,64,0.0,97,64,0.0,97,64,,,,1,,Timothy,Castagne,Castagne,,,90,0,2,0,3,0,0,0,1,0,0,1,6,,,,0,0.0,3.0,1.0,6.0,1,5,4
261,a,,,5.5,119,77,0,0,0,0,1.0,198,66,2,2,2.0,138,64,0,17,2.0,138,64,0.4,0.4,0,2743,2743,3780,3780,2.0,2.0,0.0,0.04,0.04,2.24,0.0,0.04,0.04,2.24,0.0,394,135,0.0,394,135,0.0,394,135,0.0,394,135,1.0,1.0,3.0,1,,Alex,Iwobi,Iwobi,,,90,0,0,0,3,0,0,0,0,0,0,1,10,,,,0,0.0,3.0,1.0,10.0,1,3,6
262,a,,,5.5,139,86,0,0,0,0,0.4,271,88,0,0,0.0,544,229,0,0,0.0,544,229,0.0,0.0,0,750,750,1907,1907,2.0,2.0,0.0,0.0,0.0,0.0,0.0,0.0,0.0,0.0,0.0,414,144,0.0,414,144,0.0,414,144,0.0,414,144,,,,1,,Emile,Smith Rowe,Smith Rowe,,,0,0,0,0,0,0,0,0,0,0,0,0,0,,,,0,0.0,0.0,0.0,0.0,0,0,0
274,i,0.0,0.0,4.5,408,26,0,0,0,0,0.1,419,46,0,0,0.0,351,43,0,0,0.0,351,43,0.0,0.0,0,71,71,983,983,0.0,0.0,0.0,0.0,0.0,0.0,0.0,0.0,0.0,0.0,0.0,84,25,0.0,84,25,0.0,84,25,0.0,84,25,,,,1,,Jack,Butland,Butland,Arm injury - Unknown return date,,0,0,0,0,0,0,0,0,0,0,0,0,0,,,,0,0.0,0.0,0.0,0.0,0,0,0
293,u,0.0,0.0,5.0,334,194,0,0,0,0,0.0,595,257,0,0,0.0,503,206,0,0,0.0,503,206,0.0,0.0,0,0,0,124,124,0.0,0.0,0.0,0.0,0.0,0.0,0.0,0.0,0.0,0.0,0.0,322,86,0.0,322,86,0.0,322,86,0.0,322,86,,,,1,,Abu,Kamara,Kamara,Has joined Portsmouth permanently,,0,0,0,0,0,0,0,0,0,0,0,0,0,,,,0,0.0,0.0,0.0,0.0,0,0,0
294,i,0.0,0.0,4.5,506,255,0,0,0,0,0.1,415,161,0,0,0.0,410,155,0,0,0.0,410,155,0.0,0.0,0,224,224,1241,1241,0.0,0.0,0.0,0.0,0.0,0.0,0.0,0.0,0.0,0.0,0.0,182,17,0.0,182,17,0.0,182,17,0.0,182,17,,,,1,,Óscar,Zambrano,Zambrano,Thigh injury - Unknown return date,,0,0,0,0,0,0,0,0,0,0,0,0,0,,,,0,0.0,0.0,0.0,0.0,0,0,0
295,a,,,5.5,121,31,0,0,0,0,1.7,140,22,5,5,5.0,68,6,0,21,5.0,68,6,0.9,0.9,0,35214,35214,5572,5572,1.8,1.8,0.16,0.01,0.17,1.83,0.16,0.01,0.17,1.83,0.0,396,28,0.0,396,28,0.0,396,28,0.0,396,28,,,1.0,1,,Oli,McBurnie,McBurnie,,,90,0,1,1,0,0,0,0,0,0,0,1,5,,,,0,1.0,0.0,1.0,5.0,0,3,2
296,a,,,5.0,267,164,0,0,0,0,0.0,502,209,0,0,0.0,457,180,0,0,0.0,457,180,0.0,0.0,0,521,521,504,504,1.5,1.5,0.0,0.0,0.0,0.0,0.0,0.0,0.0,0.0,0.0,255,56,0.0,255,56,0.0,255,56,0.0,255,56,,,,1,,David,Akintola,Akintola,,,0,0,0,0,0,0,0,0,0,0,0,0,0,,,,0,0.0,0.0,0.0,0.0,0,0,0
259,a,,,4.0,563,164,0,0,0,0,17.8,20,7,2,2,2.0,109,42,0,7,2.0,109,42,0.5,0.5,0,14787,14787,31033,31033,1.0,1.0,0.0,0.01,0.01,0.66,0.0,0.01,0.01,0.66,0.0,27,16,0.0,27,16,0.0,27,16,0.0,27,16,,,,1,,Issa,Diop,Diop,,,90,0,0,0,1,0,0,0,0,0,0,1,5,,,,0,0.0,1.0,1.0,5.0,1,4,6
267,a,,,5.0,266,163,0,0,0,0,0.1,401,158,5,5,5.0,66,26,0,22,5.0,66,26,1.0,1.0,0,553,553,420,420,1.5,1.5,0.0,0.02,0.02,0.66,0.0,0.02,0.02,0.66,0.0,254,55,0.0,254,55,0.0,254,55,0.0,254,55,4.0,,,1,,Saša,Lukić,Lukić,,,90,0,1,0,1,0,0,0,0,0,0,1,6,,,,0,0.0,1.0,1.0,6.0,1,2,3
603,a,,,4.0,608,200,0,0,0,0,0.1,462,160,0,0,0.0,345,130,0,0,0.0,345,130,0.0,0.0,0,1058,1058,177,177,1.0,1.0,0.0,0.0,0.0,0.0,0.0,0.0,0.0,0.0,0.0,72,52,0.0,72,52,0.0,72,52,0.0,72,52,,,,1,,Jayden,Lienou,Lienou,,,0,0,0,0,0,0,0,0,0,0,0,0,0,,,,0,0.0,0.0,0.0,0.0,0,0,0
604,a,,,4.5,521,261,0,0,0,0,0.0,485,198,0,0,0.0,421,160,0,0,0.0,421,160,0.0,0.0,0,1621,1621,345,345,1.0,1.0,0.0,0.0,0.0,0.0,0.0,0.0,0.0,0.0,0.0,197,23,0.0,197,23,0.0,197,23,0.0,197,23,,,,1,,Alfie,Cresswell,Cresswell,,,0,0,0,0,0,0,0,0,0,0,0,0,0,,,,0,0.0,0.0,0.0,0.0,0,0,0
350,a,,,5.5,117,3,0,0,0,0,3.7,88,13,2,2,2.0,137,15,0,7,2.0,137,15,0.4,0.4,0,10744,10744,9415,9415,3.3,3.3,0.0,0.0,0.0,1.58,0.0,0.0,0.0,1.58,0.0,392,65,0.0,392,65,0.0,392,65,0.0,392,65,,,,1,,Alisson,Becker,A.Becker,,,90,0,0,0,2,0,0,0,0,0,3,1,0,,,,3,0.0,2.0,1.0,0.0,0,2,6
352,a,,,4.0,549,55,0,0,0,0,1.1,190,28,0,0,0.0,303,28,0,0,0.0,303,28,0.0,0.0,0,1476,1476,2765,2765,1.0,1.0,0.0,0.0,0.0,0.0,0.0,0.0,0.0,0.0,0.0,13,8,0.0,13,8,0.0,13,8,0.0,13,8,,,,1,,Freddie,Woodman,Woodman,,,0,0,0,0,0,0,0,0,0,0,0,0,0,,,,0,0.0,0.0,0.0,0.0,0,0,0
366,a,,,7.5,20,12,0,0,0,0,12.2,32,10,2,2,2.0,165,82,0,16,2.0,165,82,0.3,0.3,0,14458,14458,51699,51699,2.6,2.6,0.26,0.04,0.3,0.51,0.38,0.06,0.44,0.74,0.0,596,260,0.0,596,260,0.0,596,260,0.0,596,260,3.0,2.0,4.0,1,,Florian,Wirtz,Wirtz,,,62,0,0,0,2,0,0,0,0,0,0,1,5,,,,0,0.0,2.9,1.45,7.26,1,0,4
461,a,,,6.0,109,70,0,0,0,0,0.2,322,112,0,0,0.0,590,257,0,0,0.0,590,257,0.0,0.0,0,292,292,2000,2000,2.2,2.2,0.0,0.0,0.0,0.0,0.0,0.0,0.0,0.0,0.0,553,227,0.0,553,227,0.0,553,227,0.0,553,227,,,,1,,Bazoumana,Touré,Touré,,,0,0,0,0,0,0,0,0,0,0,0,0,0,,,,0,0.0,0.0,0.0,0.0,0,0,0
462,a,,,5.0,391,233,0,0,0,0,0.1,416,162,1,1,1.0,238,106,0,3,1.0,238,106,0.2,0.2,0,426,426,463,463,1.5,1.5,0.0,0.0,0.0,1.48,0.0,0.0,0.0,2.42,0.0,379,125,0.0,379,125,0.0,379,125,0.0,379,125,,,,1,,Sean,Steur,Steur,,,55,0,0,0,1,0,0,0,0,0,0,1,2,,,,0,0.0,1.64,1.64,3.27,0,0,2
463,a,,,6.0,92,23,0,0,0,0,1.7,145,23,0,0,0.0,583,65,0,0,0.0,583,65,0.0,0.0,0,4396,4396,14383,14383,2.0,2.0,0.0,0.0,0.0,0.0,0.0,0.0,0.0,0.0,0.0,536,56,0.0,536,56,0.0,536,56,0.0,536,56,,,1.0,1,,Nick,Woltemade,Woltemade,,,0,0,0,0,0,0,0,0,0,0,0,0,0,,,,0,0.0,0.0,0.0,0.0,0,0,0
464,a,,,6.0,72,19,0,0,0,0,2.4,119,17,4,4,4.0,78,8,0,7,4.0,78,8,0.7,0.7,0,52672,52672,7269,7269,2.0,2.0,1.0,0.02,1.02,2.19,1.0,0.02,1.02,2.19,0.0,516,52,0.0,516,52,0.0,516,52,0.0,516,52,,,3.0,1,,Yoane,Wissa,Wissa,,,90,0,1,0,1,0,0,0,1,0,0,1,8,,,,0,0.0,1.0,1.0,8.0,4,1,3
465,a,,,6.0,103,26,0,0,0,0,1.1,185,27,4,4,4.0,80,10,0,18,4.0,80,10,0.7,0.7,0,15384,15384,4430,4430,2.0,2.0,0.06,0.14,0.2,1.48,0.1,0.23,0.33,2.42,0.0,547,59,0.0,547,59,0.0,547,59,0.0,547,59,,,2.0,1,,William,Osula,Osula,,,55,0,1,0,1,0,0,0,0,0,0,1,5,,,,0,0.0,1.64,1.64,8.18,1,2,2
466,a,,,4.5,525,72,0,0,0,0,0.8,219,37,0,0,0.0,425,44,0,0,0.0,425,44,0.0,0.0,0,3256,3256,3976,3976,1.0,1.0,0.0,0.0,0.0,0.0,0.0,0.0,0.0,0.0,0.0,201,11,0.0,201,11,0.0,201,11,0.0,201,11,,,,1,,Sean,Neave,Neave,,,0,0,0,0,0,0,0,0,0,0,0,0,0,,,,0,0.0,0.0,0.0,0.0,0,0,0
559,a,,,5.0,390,232,0,0,0,0,0.1,390,151,1,1,1.0,237,105,0,5,1.0,237,105,0.2,0.2,0,404,404,756,756,1.5,1.5,0.0,0.0,0.0,1.04,0.0,0.0,0.0,6.69,0.0,378,124,0.0,378,124,0.0,378,124,0.0,378,124,,,,1,,Aladji,Bamba,Bamba,,,14,0,0,0,1,0,0,0,0,0,0,0,2,,,,0,0.0,6.43,0.0,12.86,1,1,0
567,a,,,5.0,322,19,0,0,0,0,0.7,222,31,1,1,1.0,219,19,0,12,1.0,219,19,0.2,0.2,0,2550,2550,1772,1772,2.6,2.6,0.0,0.0,0.0,2.98,0.0,0.0,0.0,2.98,0.0,310,61,0.0,310,61,0.0,310,61,0.0,310,61,,,,1,,Lukás,Hornícek,Horníček,,,90,0,0,0,2,0,0,0,1,0,5,1,0,,,,5,0.0,2.0,1.0,0.0,0,3,5
593,a,,,4.5,469,124,0,0,0,0,0.3,301,113,1,1,1.0,195,73,0,-1,1.0,195,73,0.2,0.2,0,2767,2767,740,740,1.7,1.7,0.03,0.0,0.03,2.98,0.03,0.0,0.03,2.98,0.0,145,100,0.0,145,100,0.0,145,100,0.0,145,100,,,,1,,Amar,Dedic,Dedić,,,90,0,0,0,2,0,0,0,0,0,0,1,9,,,,0,0.0,2.0,1.0,9.0,2,7,2
609,a,,,4.0,595,188,0,0,0,0,0.1,465,163,0,0,0.0,335,121,0,0,0.0,335,121,0.0,0.0,0,1817,1817,211,211,1.0,1.0,0.0,0.0,0.0,0.0,0.0,0.0,0.0,0.0,0.0,59,40,0.0,59,40,0.0,59,40,0.0,59,40,,,,1,,Leo,Shahar,Shahar,,,0,0,0,0,0,0,0,0,0,0,0,0,0,,,,0,0.0,0.0,0.0,0.0,0,0,0
468,a,,,4.5,440,34,0,0,0,0,0.1,459,51,0,0,0.0,370,51,0,0,0.0,370,51,0.0,0.0,0,101,101,214,214,1.9,1.9,0.0,0.0,0.0,0.0,0.0,0.0,0.0,0.0,0.0,116,33,0.0,116,33,0.0,116,33,0.0,116,33,,,,1,,John Victor,Maciel Furtado,John,,,0,0,0,0,0,0,0,0,0,0,0,0,0,,,,0,0.0,0.0,0.0,0.0,0,0,0
469,a,,,5.0,270,45,0,0,0,0,9.6,42,15,2,2,2.0,126,46,0,13,2.0,126,46,0.4,0.4,0,9223,9223,32200,32200,2.2,2.2,0.0,0.02,0.02,0.47,0.0,0.02,0.02,0.47,0.0,258,135,0.0,258,135,0.0,258,135,0.0,258,135,1.0,2.0,,1,,Neco,Williams,N.Williams,,,90,0,0,0,1,0,0,0,0,0,0,1,6,,,,0,0.0,1.0,1.0,6.0,3,3,10
470,a,,,5.0,327,65,0,0,0,0,0.1,481,169,0,0,0.0,497,182,0,0,0.0,497,182,0.0,0.0,0,147,147,303,303,2.2,2.2,0.0,0.0,0.0,0.0,0.0,0.0,0.0,0.0,0.0,315,155,0.0,315,155,0.0,315,155,0.0,315,155,,,,1,,Felipe,Rodrigues da Silva,Morato,,,0,0,0,0,0,0,0,0,0,0,0,0,0,,,,0,0.0,0.0,0.0,0.0,0,0,0
471,a,,,5.5,147,17,0,0,0,0,1.9,126,52,2,2,2.0,140,49,0,4,2.0,140,49,0.4,0.4,0,1461,1461,6513,6513,2.5,2.5,0.11,0.02,0.13,0.47,0.11,0.02,0.13,0.47,0.0,422,175,0.0,422,175,0.0,422,175,0.0,422,175,,,,1,,Nikola,Milenković,Milenković,,,90,0,0,0,1,0,0,0,0,0,0,1,7,,,,0,0.0,1.0,1.0,7.0,0,7,6
472,a,100.0,100.0,5.5,215,32,0,0,0,0,1.7,146,61,4,4,4.0,77,32,0,15,4.0,77,32,0.7,0.7,0,5008,5008,4477,4477,2.5,2.5,0.0,0.28,0.28,0.47,0.0,0.28,0.28,0.47,0.0,490,190,0.0,490,190,0.0,490,190,0.0,490,190,,3.0,,1,,Murillo,Costa dos Santos,Murillo,,,90,0,0,0,1,0,0,0,0,0,0,1,14,,,,0,0.0,1.0,1.0,14.0,2,12,3
473,a,,,4.5,420,87,0,0,0,0,3.6,93,38,5,5,5.0,65,29,0,24,5.0,65,29,1.1,1.1,0,9479,9479,9709,9709,1.7,1.7,0.04,0.17,0.21,0.34,0.05,0.21,0.26,0.42,0.0,96,63,0.0,96,63,0.0,96,63,0.0,96,63,,,,1,,Ola,Aina,Aina,,,73,0,0,1,0,0,0,0,1,0,0,1,2,,,,0,1.23,0.0,1.23,2.47,0,2,4
474,a,,,4.5,515,142,0,0,0,0,0.2,332,126,1,1,1.0,205,81,0,5,1.0,205,81,0.2,0.2,0,157,157,654,654,1.7,1.7,0.0,0.0,0.0,0.47,0.0,0.0,0.0,0.47,0.0,191,118,0.0,191,118,0.0,191,118,0.0,191,118,,,,1,,Jair,Paula da Cunha Filho,Jair Cunha,,,90,0,0,0,1,0,0,0,1,0,0,1,8,,,,0,0.0,1.0,1.0,8.0,1,7,0
475,i,0.0,0.0,4.5,490,133,0,0,0,0,0.0,603,201,0,0,0.0,396,155,0,0,0.0,396,155,0.0,0.0,0,23,23,19,19,0.0,0.0,0.0,0.0,0.0,0.0,0.0,0.0,0.0,0.0,0.0,166,109,0.0,166,109,0.0,166,109,0.0,166,109,,,,1,,Nicolò,Savona,Savona,Knee injury - Unknown return date,,0,0,0,0,0,0,0,0,0,0,0,0,0,,,,0,0.0,0.0,0.0,0.0,0,0,0
476,a,,,4.0,560,162,0,0,0,0,0.2,320,121,0,0,0.0,309,104,0,0,0.0,309,104,0.0,0.0,0,317,317,971,971,1.0,1.0,0.0,0.0,0.0,0.0,0.0,0.0,0.0,0.0,0.0,24,14,0.0,24,14,0.0,24,14,0.0,24,14,,,,1,,Omar,Richards,O.Richards,,,0,0,0,0,0,0,0,0,0,0,0,0,0,,,,0,0.0,0.0,0.0,0.0,0,0,0
477,a,,,4.0,594,187,0,0,0,0,0.3,313,117,0,0,0.0,334,120,0,0,0.0,334,120,0.0,0.0,0,572,572,1076,1076,1.0,1.0,0.0,0.0,0.0,0.0,0.0,0.0,0.0,0.0,0.0,58,39,0.0,58,39,0.0,58,39,0.0,58,39,,,,1,,Zach,Abbott,Abbott,,,0,0,0,0,0,0,0,0,0,0,0,0,0,,,,0,0.0,0.0,0.0,0.0,0,0,0
478,a,,,4.5,473,126,0,0,0,0,0.0,512,176,1,1,1.0,196,74,0,-2,1.0,196,74,0.2,0.2,0,63,63,135,135,1.7,1.7,0.0,0.0,0.0,0.13,0.0,0.0,0.0,0.73,0.0,149,102,0.0,149,102,0.0,149,102,0.0,149,102,,,,1,,Luca,Netz,Netz,,,16,0,0,0,1,0,0,0,0,0,0,0,0,,,,0,0.0,5.62,0.0,0.0,0,0,1
479,a,,,4.0,589,182,0,0,0,0,0.2,353,133,0,0,0.0,330,116,0,0,0.0,330,116,0.0,0.0,0,195,195,669,669,1.0,1.0,0.0,0.0,0.0,0.0,0.0,0.0,0.0,0.0,0.0,53,34,0.0,53,34,0.0,53,34,0.0,53,34,,,,1,,Tyler,Bindon,Bindon,,,0,0,0,0,0,0,0,0,0,0,0,0,0,,,,0,0.0,0.0,0.0,0.0,0,0,0
480,d,75.0,,8.0,8,5,0,0,0,0,10.5,36,13,2,2,2.0,166,83,0,10,2.0,166,83,0.2,0.2,0,6429,6429,99012,99012,2.1,2.8,0.13,0.06,0.19,0.47,0.13,0.06,0.19,0.47,0.0,600,262,0.0,600,262,0.0,600,262,0.0,600,262,,1.0,2.0,1,,Morgan,Gibbs-White,Gibbs-White,Knee injury - 75% chance of playing,,90,0,0,0,1,0,0,0,0,0,0,1,3,,,,0,0.0,1.0,1.0,3.0,0,1,2
482,a,100.0,100.0,6.0,70,46,0,0,0,0,0.3,316,108,0,0,0.0,578,249,0,0,0.0,578,249,0.0,0.0,0,428,428,2339,2339,2.2,2.2,0.0,0.0,0.0,0.0,0.0,0.0,0.0,0.0,0.0,514,203,0.0,514,203,0.0,514,203,0.0,514,203,,4.0,,1,,Callum,Hudson-Odoi,Hudson-Odoi,,,0,0,0,0,0,0,0,0,0,0,0,0,0,,,,0,0.0,0.0,0.0,0.0,0,0,0
483,a,,,5.5,171,106,0,0,0,0,0.4,268,85,3,3,3.0,99,42,0,5,3.0,99,42,0.5,0.5,0,448,448,2153,2153,2.0,2.0,0.0,0.0,0.0,0.25,0.0,0.0,0.0,0.37,0.0,446,164,0.0,446,164,0.0,446,164,0.0,446,164,,,,1,,Dan,Ndoye,Ndoye,,,61,0,0,1,0,0,0,0,0,0,0,1,3,,,,0,1.48,0.0,1.48,4.43,1,1,1
484,a,,,5.5,198,122,0,0,0,0,0.2,365,135,0,0,0.0,566,244,0,0,0.0,566,244,0.0,0.0,0,108,108,995,995,2.0,2.0,0.0,0.0,0.0,0.0,0.0,0.0,0.0,0.0,0.0,473,180,0.0,473,180,0.0,473,180,0.0,473,180,4.0,,,1,,Omari,Hutchinson,Hutchinson,,,0,0,0,0,0,0,0,0,0,0,0,0,0,,,,0,0.0,0.0,0.0,0.0,0,0,0
485,a,,,5.5,182,111,0,0,0,0,0.0,563,236,0,0,0.0,561,239,0,0,0.0,561,239,0.0,0.0,0,69,69,158,158,2.0,2.0,0.0,0.0,0.0,0.0,0.0,0.0,0.0,0.0,0.0,457,169,0.0,457,169,0.0,457,169,0.0,457,169,,,,1,,Dilane,Bakwa,Bakwa,,,0,0,0,0,0,0,0,0,0,0,0,0,0,,,,0,0.0,0.0,0.0,0.0,0,0,0
486,a,,,5.5,157,98,0,0,0,0,0.0,484,197,3,3,3.0,98,41,0,18,3.0,98,41,0.5,0.5,0,234,234,200,200,2.0,2.0,0.0,0.16,0.16,0.34,0.0,0.2,0.2,0.42,0.0,432,156,0.0,432,156,0.0,432,156,0.0,432,156,3.0,,,1,,James,McAtee,McAtee,,,73,0,0,1,0,0,0,0,0,0,0,1,8,,,,0,1.23,0.0,1.23,9.86,1,2,5
487,a,,,5.0,294,176,0,0,0,0,0.1,438,175,0,0,0.0,477,191,0,0,0.0,477,191,0.0,0.0,0,118,118,504,504,1.5,1.5,0.0,0.0,0.0,0.0,0.0,0.0,0.0,0.0,0.0,282,68,0.0,282,68,0.0,282,68,0.0,282,68,,,,1,,Nicolás,Domínguez,Dominguez,,,0,0,0,0,0,0,0,0,0,0,0,0,0,,,,0,0.0,0.0,0.0,0.0,0,0,0
488,a,,,5.0,265,162,0,0,0,0,1.0,194,64,2,2,2.0,124,56,0,10,2.0,124,56,0.4,0.4,0,1474,1474,5531,5531,1.5,1.5,0.03,0.01,0.04,0.47,0.03,0.01,0.04,0.47,0.0,253,54,0.0,253,54,0.0,253,54,0.0,253,54,,,,1,,Ibrahim,Sangaré,I.Sangaré,,,90,0,0,0,1,0,0,0,0,0,0,1,6,,,,0,0.0,1.0,1.0,6.0,0,3,3
489,i,0.0,0.0,4.5,435,243,0,0,0,0,1.6,148,43,0,0,0.0,367,145,0,0,0.0,367,145,0.0,0.0,0,412,412,23164,23164,0.0,0.0,0.0,0.0,0.0,0.0,0.0,0.0,0.0,0.0,0.0,111,5,0.0,111,5,0.0,111,5,0.0,111,5,,,,1,,Ryan,Yates,Yates,Unspecified injury - Unknown return date,,0,0,0,0,0,0,0,0,0,0,0,0,0,,,,0,0.0,0.0,0.0,0.0,0,0,0
490,a,,,6.0,58,14,0,0,0,0,1.7,139,21,1,1,1.0,271,30,0,3,1.0,271,30,0.2,0.2,0,2597,2597,11852,11852,2.0,2.0,0.12,0.01,0.13,0.22,0.39,0.03,0.42,0.71,0.0,502,47,0.0,502,47,0.0,502,47,0.0,502,47,,,1.0,1,,Chris,Wood,Wood,,,28,0,0,0,1,0,0,0,0,0,0,0,1,,,,0,0.0,3.21,0.0,3.21,0,0,1
491,a,,,6.0,93,24,0,0,0,0,4.1,81,12,2,2,2.0,155,15,0,8,2.0,155,15,0.3,0.3,0,5301,5301,20543,20543,2.0,2.0,0.22,0.02,0.24,0.47,0.22,0.02,0.24,0.47,0.0,537,57,0.0,537,57,0.0,537,57,0.0,537,57,,,3.0,1,,Igor Jesus,Maciel da Cruz,Igor Jesus,,,90,0,0,0,1,0,0,0,0,0,0,1,3,,,,0,0.0,1.0,1.0,3.0,0,2,1
493,a,,,5.5,176,42,0,0,0,0,0.1,478,65,1,1,1.0,258,27,0,3,1.0,258,27,0.2,0.2,0,173,173,347,347,1.8,1.8,0.0,0.0,0.0,0.0,0.0,0.0,0.0,0.0,0.0,451,39,0.0,451,39,0.0,451,39,0.0,451,39,,,,1,,Arnaud,Kalimuendo,Kalimuendo,,,1,0,0,0,0,0,0,0,0,0,0,0,0,,,,0,0.0,0.0,0.0,0.0,0,0,0
558,a,,,5.0,259,157,0,0,0,0,0.1,420,164,1,1,1.0,214,92,0,3,1.0,214,92,0.2,0.2,0,76,76,507,507,1.5,1.5,0.0,0.0,0.0,0.13,0.0,0.0,0.0,0.73,0.0,247,49,0.0,247,49,0.0,247,49,0.0,247,49,2.0,,,1,,Xaver,Schlager,Schlager,,,16,0,0,0,1,0,0,0,0,0,0,0,1,,,,0,0.0,5.62,0.0,5.62,0,0,1
581,a,,,5.5,212,31,0,0,0,0,0.8,217,81,0,0,0.0,570,197,0,0,0.0,570,197,0.0,0.0,0,2325,2325,5814,5814,2.5,2.5,0.0,0.0,0.0,0.0,0.0,0.0,0.0,0.0,0.0,487,189,0.0,487,189,0.0,487,189,0.0,487,189,,,,1,,Ousmane,Diomande,Diomande,,,0,0,0,0,0,0,0,0,0,0,0,0,0,,,,0,0.0,0.0,0.0,0.0,0,0,0
590,a,,,4.5,460,36,0,0,0,0,0.1,460,52,0,0,0.0,382,52,0,0,0.0,382,52,0.0,0.0,0,354,354,262,262,1.9,1.9,0.0,0.0,0.0,0.0,0.0,0.0,0.0,0.0,0.0,136,35,0.0,136,35,0.0,136,35,0.0,136,35,,,,1,,Steven,Benda,Benda,,,0,0,0,0,0,0,0,0,0,0,0,0,0,,,,0,0.0,0.0,0.0,0.0,0,0,0
112,a,,,5.0,319,62,0,0,0,0,10.2,40,14,1,1,1.0,218,87,0,3,1.0,218,87,0.2,0.2,0,25268,25268,47824,47824,2.2,2.2,0.0,0.03,0.03,3.87,0.0,0.03,0.03,3.87,0.0,307,152,0.0,307,152,0.0,307,152,0.0,307,152,,,,1,,Jan Paul,van Hecke,Van Hecke,,,90,0,0,0,3,0,0,0,0,0,0,1,9,,,,0,0.0,3.0,1.0,9.0,2,7,3
455,a,,,5.5,156,97,0,0,0,0,4.0,82,27,2,2,2.0,141,65,0,14,2.0,141,65,0.4,0.4,0,6670,6670,24670,24670,2.0,2.0,0.04,0.06,0.1,3.87,0.04,0.06,0.1,3.87,0.0,431,155,0.0,431,155,0.0,431,155,0.0,431,155,2.0,5.0,,1,,Sandro,Tonali,Tonali,,,90,0,0,0,3,0,0,0,0,0,0,1,4,,,,0,0.0,3.0,1.0,4.0,1,0,3
496,a,,,4.5,478,41,0,0,0,0,23.4,13,2,2,2,2.0,116,11,0,15,2.0,116,11,0.4,0.4,0,15179,15179,38085,38085,1.9,1.9,0.0,0.0,0.0,3.87,0.0,0.0,0.0,3.87,0.0,154,40,0.0,154,40,0.0,154,40,0.0,154,40,,,,1,,Antonín,Kinský,Kinsky,,,90,0,0,0,3,0,0,0,0,0,5,1,0,,,,5,0.0,3.0,1.0,0.0,0,4,12
497,a,,,4.0,541,52,0,0,0,0,19.1,18,4,0,0,0.0,297,25,0,0,0.0,297,25,0.0,0.0,0,15312,15312,28730,28730,1.0,1.0,0.0,0.0,0.0,0.0,0.0,0.0,0.0,0.0,0.0,5,5,0.0,5,5,0.0,5,5,0.0,5,5,,,,1,,Martin,Dubravka,Dubravka,,,0,0,0,0,0,0,0,0,0,0,0,0,0,,,,0,0.0,0.0,0.0,0.0,0,0,0
498,a,,,6.0,73,7,0,0,0,0,8.0,52,20,3,3,3.0,103,41,0,10,3.0,103,41,0.5,0.5,0,8760,8760,28886,28886,2.8,2.8,0.0,0.02,0.02,3.87,0.0,0.02,0.02,3.87,0.0,517,195,0.0,517,195,0.0,517,195,0.0,517,195,,,,1,,Marcos,Senesi Barón,Senesi,,,90,0,0,0,3,0,0,0,0,0,0,1,16,,,,0,0.0,3.0,1.0,16.0,5,11,2
499,d,75.0,0.0,5.5,163,20,0,0,0,0,14.4,27,9,0,0,0.0,554,194,0,0,0.0,554,194,0.0,0.0,0,3643,3643,228025,228025,1.9,0.0,0.0,0.0,0.0,0.0,0.0,0.0,0.0,0.0,0.0,438,178,0.0,438,178,0.0,438,178,0.0,438,178,1.0,1.0,,1,,Pedro,Porro Sauceda,Pedro Porro,Lack of match fitness - 75% chance of playing,,0,0,0,0,0,0,0,0,0,0,0,0,0,,,,0,0.0,0.0,0.0,0.0,0,0,0
500,u,0.0,0.0,5.0,276,48,0,0,0,0,0.2,355,134,0,0,0.0,461,172,0,0,0.0,461,172,0.0,0.0,0,0,0,7532,7532,0.0,0.0,0.0,0.0,0.0,0.0,0.0,0.0,0.0,0.0,0.0,264,138,0.0,264,138,0.0,264,138,0.0,264,138,,,,1,,Cristian,Romero,Romero,Has joined Atletico Madrid permanently,,0,0,0,0,0,0,0,0,0,0,0,0,0,,,,0,0.0,0.0,0.0,0.0,0,0,0
501,a,,,5.0,239,39,0,0,0,0,0.2,356,135,0,0,0.0,444,167,0,0,0.0,444,167,0.0,0.0,0,725,725,1206,1206,2.2,2.2,0.0,0.0,0.0,0.0,0.0,0.0,0.0,0.0,0.0,227,129,0.0,227,129,0.0,227,129,0.0,227,129,,,,1,,Kevin,Danso,Danso,,,0,0,0,0,0,0,0,0,0,0,0,0,0,,,,0,0.0,0.0,0.0,0.0,0,0,0
502,a,,,4.5,416,85,0,0,0,0,3.9,83,32,3,3,3.0,83,34,0,13,3.0,83,34,0.7,0.7,0,11479,11479,10984,10984,1.7,1.7,0.0,0.06,0.06,3.87,0.0,0.06,0.06,3.87,0.0,92,61,0.0,92,61,0.0,92,61,0.0,92,61,3.0,,,1,,Andrew,Robertson,Robertson,,,90,0,0,0,3,0,0,0,0,0,0,1,11,,,,0,0.0,3.0,1.0,11.0,2,9,3
503,d,50.0,0.0,5.0,336,67,0,0,0,0,4.5,73,30,0,0,0.0,505,183,0,0,0.0,505,183,0.0,0.0,0,1643,1643,92707,92707,1.1,0.0,0.0,0.0,0.0,0.0,0.0,0.0,0.0,0.0,0.0,324,157,0.0,324,157,0.0,324,157,0.0,324,157,,,,1,,Micky,van de Ven,Van de Ven,Unspecified injury - 50% chance of playing,,0,0,0,0,0,0,0,0,0,0,0,0,0,,,,0,0.0,0.0,0.0,0.0,0,0,0
505,u,0.0,0.0,4.5,449,110,0,0,0,0,0.6,239,92,0,0,0.0,375,144,0,0,0.0,375,144,0.0,0.0,0,0,0,33489,33489,0.0,0.0,0.0,0.0,0.0,0.0,0.0,0.0,0.0,0.0,0.0,125,86,0.0,125,86,0.0,125,86,0.0,125,86,,,,1,,Djed,Spence,Spence,Has joined Internazionale permanently,,0,0,0,0,0,0,0,0,0,0,0,0,0,,,,0,0.0,0.0,0.0,0.0,0,0,0
506,a,,,4.5,479,129,0,0,0,0,0.5,253,94,1,1,1.0,200,77,0,3,1.0,200,77,0.2,0.2,0,1117,1117,2240,2240,1.7,1.7,0.0,0.02,0.02,0.44,0.0,0.45,0.45,9.9,0.0,155,105,0.0,155,105,0.0,155,105,0.0,155,105,,,,1,,Destiny,Udogie,Udogie,,,4,0,0,0,0,0,0,0,0,0,0,0,0,,,,0,0.0,0.0,0.0,0.0,0,0,2
507,u,0.0,0.0,4.5,501,137,0,0,0,0,0.0,539,185,0,0,0.0,406,158,0,0,0.0,406,158,0.0,0.0,0,0,0,421,421,0.0,0.0,0.0,0.0,0.0,0.0,0.0,0.0,0.0,0.0,0.0,177,113,0.0,177,113,0.0,177,113,0.0,177,113,,,,1,,Ashley,Phillips,Phillips,Has joined Middlesbrough permanently,,0,0,0,0,0,0,0,0,0,0,0,0,0,,,,0,0.0,0.0,0.0,0.0,0,0,0
508,a,,,4.0,547,152,0,0,0,0,1.1,187,72,0,0,0.0,302,100,0,0,0.0,302,100,0.0,0.0,0,1703,1703,4366,4366,1.0,1.0,0.0,0.0,0.0,0.0,0.0,0.0,0.0,0.0,0.0,11,4,0.0,11,4,0.0,11,4,0.0,11,4,,,,1,,Ben,Davies,Davies,,,0,0,0,0,0,0,0,0,0,0,0,0,0,,,,0,0.0,0.0,0.0,0.0,0,0,0
509,a,,,4.0,607,199,0,0,0,0,0.1,477,167,0,0,0.0,344,129,0,0,0.0,344,129,0.0,0.0,0,199,199,278,278,1.0,1.0,0.0,0.0,0.0,0.0,0.0,0.0,0.0,0.0,0.0,71,51,0.0,71,51,0.0,71,51,0.0,71,51,,,,1,,Jun'ai,Byfield,Byfield,,,0,0,0,0,0,0,0,0,0,0,0,0,0,,,,0,0.0,0.0,0.0,0.0,0,0,0
510,a,,,4.0,585,179,0,0,0,0,0.1,444,156,0,0,0.0,326,113,0,0,0.0,326,113,0.0,0.0,0,183,183,346,346,1.0,1.0,0.0,0.0,0.0,0.0,0.0,0.0,0.0,0.0,0.0,49,31,0.0,49,31,0.0,49,31,0.0,49,31,,,,1,,James,Rowswell,Rowswell,,,0,0,0,0,0,0,0,0,0,0,0,0,0,,,,0,0.0,0.0,0.0,0.0,0,0,0
511,a,,,4.0,606,198,0,0,0,0,0.3,297,111,0,0,0.0,343,128,0,0,0.0,343,128,0.0,0.0,0,654,654,1347,1347,1.0,1.0,0.0,0.0,0.0,0.0,0.0,0.0,0.0,0.0,0.0,70,50,0.0,70,50,0.0,70,50,0.0,70,50,,,,1,,João Victor,de Souza Menezes,Souza,,,0,0,0,0,0,0,0,0,0,0,0,0,0,,,,0,0.0,0.0,0.0,0.0,0,0,0
512,d,50.0,25.0,6.5,48,34,0,0,0,0,0.1,445,178,0,0,0.0,597,263,0,0,0.0,597,263,0.0,0.0,0,178,178,1263,1263,1.1,0.6,0.0,0.0,0.0,0.0,0.0,0.0,0.0,0.0,0.0,573,244,0.0,573,244,0.0,573,244,0.0,573,244,5.0,3.0,2.0,1,,Mohammed,Kudus,Kudus,Thigh injury - 50% chance of playing,,0,0,0,0,0,0,0,0,0,0,0,0,0,,,,0,0.0,0.0,0.0,0.0,0,0,0
513,i,0.0,0.0,6.0,97,62,0,0,0,0,0.0,564,237,0,0,0.0,585,254,0,0,0.0,585,254,0.0,0.0,0,42,42,213,213,0.0,0.0,0.0,0.0,0.0,0.0,0.0,0.0,0.0,0.0,0.0,541,219,0.0,541,219,0.0,541,219,0.0,541,219,6.0,2.0,3.0,1,,Xavi,Simons,Xavi,Knee injury - Unknown return date,,0,0,0,0,0,0,0,0,0,0,0,0,0,,,,0,0.0,0.0,0.0,0.0,0,0,0
514,a,,,6.0,99,64,0,0,0,0,0.5,252,83,2,2,2.0,158,78,0,17,2.0,158,78,0.3,0.3,0,1326,1326,3773,3773,2.2,2.2,0.06,0.06,0.12,3.87,0.06,0.06,0.12,3.87,0.0,543,221,0.0,543,221,0.0,543,221,0.0,543,221,4.0,4.0,,1,,Mathys,Tel,Tel,,,90,0,0,0,3,0,0,0,0,0,0,1,8,,,,0,0.0,3.0,1.0,8.0,0,1,7
515,a,,,6.5,34,22,0,0,0,0,1.3,172,53,1,1,1.0,284,134,0,6,1.0,284,134,0.2,0.2,0,2315,2315,9886,9886,2.3,2.3,0.0,0.01,0.01,0.85,0.0,0.04,0.04,3.48,0.0,559,232,0.0,559,232,0.0,559,232,0.0,559,232,,,,1,,James,Maddison,Maddison,,,22,0,0,0,0,0,0,0,0,0,0,0,2,,,,0,0.0,0.0,0.0,8.18,0,1,1
517,i,0.0,0.0,5.5,210,132,0,0,0,0,0.0,608,267,0,0,0.0,569,246,0,0,0.0,569,246,0.0,0.0,0,5,5,12,12,0.0,0.0,0.0,0.0,0.0,0.0,0.0,0.0,0.0,0.0,0.0,485,190,0.0,485,190,0.0,485,190,0.0,485,190,,,,1,,Wilson,Odobert,Odobert,Knee injury - Unknown return date,,0,0,0,0,0,0,0,0,0,0,0,0,0,,,,0,0.0,0.0,0.0,0.0,0,0,0
518,i,0.0,0.0,5.0,324,189,0,0,0,0,0.2,344,124,0,0,0.0,496,201,0,0,0.0,496,201,0.0,0.0,0,27,27,5977,5977,0.0,0.0,0.0,0.0,0.0,0.0,0.0,0.0,0.0,0.0,0.0,312,81,0.0,312,81,0.0,312,81,0.0,312,81,,,,1,,Pape Matar,Sarr,P.M.Sarr,Hamstring injury - Unknown return date,,0,0,0,0,0,0,0,0,0,0,0,0,0,,,,0,0.0,0.0,0.0,0.0,0,0,0
519,a,,,5.5,148,91,0,0,0,0,0.3,298,100,0,0,0.0,550,233,0,1,0.0,550,233,0.0,0.0,0,583,583,2095,2095,2.0,2.0,0.02,0.06,0.08,1.7,0.04,0.12,0.16,3.4,0.0,423,149,0.0,423,149,0.0,423,149,0.0,423,149,,,,1,,Conor,Gallagher,Gallagher,,,45,0,0,0,2,0,0,0,1,0,0,1,3,,,,0,0.0,4.0,2.0,6.0,1,0,2
520,a,,,5.5,213,134,0,0,0,0,0.2,335,118,1,1,1.0,268,124,0,2,1.0,268,124,0.2,0.2,0,349,349,1003,1003,2.0,2.0,0.0,0.01,0.01,1.7,0.0,0.02,0.02,3.4,0.0,488,192,0.0,488,192,0.0,488,192,0.0,488,192,,,,1,,Lucas,Bergvall,Bergvall,,,45,0,0,0,2,0,0,0,0,0,0,1,8,,,,0,0.0,4.0,2.0,16.0,1,0,7
521,i,0.0,0.0,6.5,46,33,0,0,0,0,0.0,582,247,0,0,0.0,595,262,0,0,0.0,595,262,0.0,0.0,0,45,45,126,126,0.0,0.0,0.0,0.0,0.0,0.0,0.0,0.0,0.0,0.0,0.0,571,243,0.0,571,243,0.0,571,243,0.0,571,243,,,,1,,Dejan,Kulusevski,Kulusevski,Knee injury - Unknown return date,,0,0,0,0,0,0,0,0,0,0,0,0,0,,,,0,0.0,0.0,0.0,0.0,0,0,0
522,a,,,5.0,369,218,0,0,0,0,0.2,328,115,2,2,2.0,134,61,0,15,2.0,134,61,0.4,0.4,0,889,889,1192,1192,1.5,1.5,0.0,0.01,0.01,3.43,0.0,0.01,0.01,3.63,0.0,357,110,0.0,357,110,0.0,357,110,0.0,357,110,,,,1,,Archie,Gray,Gray,,,85,0,0,0,3,0,0,0,0,0,0,1,5,,,,0,0.0,3.18,1.06,5.29,1,2,2
523,a,,,5.0,344,198,0,0,0,0,0.2,359,131,2,2,2.0,132,59,0,10,2.0,132,59,0.4,0.4,0,462,462,1074,1074,1.5,1.5,0.38,0.02,0.4,3.02,0.51,0.03,0.54,4.06,0.0,332,90,0.0,332,90,0.0,332,90,0.0,332,90,,,,1,,Mikey,Moore,Moore,,,67,0,0,0,3,0,0,0,0,0,0,1,2,,,,0,0.0,4.03,1.34,2.69,1,0,1
524,a,,,4.5,488,252,0,0,0,0,0.9,210,70,0,0,0.0,394,152,0,0,0.0,394,152,0.0,0.0,0,1512,1512,4933,4933,1.0,1.0,0.0,0.0,0.0,0.0,0.0,0.0,0.0,0.0,0.0,164,14,0.0,164,14,0.0,164,14,0.0,164,14,,,,1,,Callum,Olusesi,Olusesi,,,0,0,0,0,0,0,0,0,0,0,0,0,0,,,,0,0.0,0.0,0.0,0.0,0,0,0
525,a,,,6.0,104,67,0,0,0,0,1.8,133,40,1,1,1.0,282,132,0,16,1.0,282,132,0.2,0.2,0,2051,2051,15329,15329,2.2,2.2,0.0,0.06,0.06,2.18,0.0,0.12,0.12,4.36,0.0,548,224,0.0,548,224,0.0,548,224,0.0,548,224,,,,1,,Mateus,Fernandes,Fernandes,,,45,0,0,0,1,0,0,0,0,0,0,0,2,,,,0,0.0,2.0,0.0,4.0,1,0,1
528,a,,,4.5,483,62,0,0,0,0,1.8,137,20,0,0,0.0,389,35,0,0,0.0,389,35,0.0,0.0,0,6609,6609,8389,8389,1.0,1.0,0.0,0.0,0.0,0.0,0.0,0.0,0.0,0.0,0.0,159,1,0.0,159,1,0.0,159,1,0.0,159,1,,,,1,,Dane,Scarlett,Scarlett,,,0,0,0,0,0,0,0,0,0,0,0,0,0,,,,0,0.0,0.0,0.0,0.0,0,0,0
601,a,,,4.5,529,264,0,0,0,0,0.0,503,210,0,0,0.0,426,162,0,0,0.0,426,162,0.0,0.0,0,1199,1199,218,218,1.0,1.0,0.0,0.0,0.0,0.0,0.0,0.0,0.0,0.0,0.0,205,26,0.0,205,26,0.0,205,26,0.0,205,26,,,,1,,Luca,Williams-Barnett,Williams-Barnett,,,0,0,0,0,0,0,0,0,0,0,0,0,0,,,,0,0.0,0.0,0.0,0.0,0,0,0
529,a,,,5.0,341,20,0,0,0,0,4.2,78,11,1,1,1.0,223,20,0,7,1.0,223,20,0.2,0.2,0,2286,2286,12995,12995,2.6,2.6,0.0,0.0,0.0,1.8,0.0,0.0,0.0,1.8,0.0,329,62,0.0,329,62,0.0,329,62,0.0,329,62,,,,1,,Robin,Roefs,Roefs,,,90,0,0,0,2,0,0,0,0,0,1,1,0,,,,1,0.0,2.0,1.0,0.0,0,1,8
530,u,0.0,0.0,4.0,567,59,0,0,0,0,0.2,366,39,0,0,0.0,313,32,0,0,0.0,313,32,0.0,0.0,0,0,0,1526,1526,0.0,0.0,0.0,0.0,0.0,0.0,0.0,0.0,0.0,0.0,0.0,31,12,0.0,31,12,0.0,31,12,0.0,31,12,,,,1,,Anthony,Patterson,Patterson,Has joined Wrexham permanently,,0,0,0,0,0,0,0,0,0,0,0,0,0,,,,0,0.0,0.0,0.0,0.0,0,0,0
531,a,,,4.5,494,44,0,0,0,0,0.1,426,47,0,0,0.0,400,55,0,0,0.0,400,55,0.0,0.0,0,118,118,422,422,1.9,1.9,0.0,0.0,0.0,0.0,0.0,0.0,0.0,0.0,0.0,170,43,0.0,170,43,0.0,170,43,0.0,170,43,,,,1,,Melker,Ellborg,Ellborg,,,0,0,0,0,0,0,0,0,0,0,0,0,0,,,,0,0.0,0.0,0.0,0.0,0,0,0
532,a,,,5.0,280,51,0,0,0,0,5.4,66,26,0,0,0.0,465,175,0,4,0.0,465,175,0.0,0.0,0,6539,6539,21652,21652,2.2,2.2,0.0,0.01,0.01,1.8,0.0,0.01,0.01,1.8,0.0,268,141,0.0,268,141,0.0,268,141,0.0,268,141,,,,1,,Daniel,Ballard,Ballard,,,90,0,0,0,2,0,0,0,1,0,0,1,9,,,,0,0.0,2.0,1.0,9.0,2,7,0
533,a,100.0,100.0,5.5,133,14,0,0,0,0,2.7,108,43,0,0,0.0,542,190,0,0,0.0,542,190,0.0,0.0,0,3243,3243,16817,16817,2.5,2.5,0.0,0.0,0.0,0.0,0.0,0.0,0.0,0.0,0.0,408,172,0.0,408,172,0.0,408,172,0.0,408,172,,,,1,,Nordi,Mukiele,Mukiele,,,0,0,0,0,0,0,0,0,0,0,0,0,0,,,,0,0.0,0.0,0.0,0.0,0,0,0
534,a,,,4.5,480,130,0,0,0,0,6.7,58,22,2,2,2.0,117,45,0,14,2.0,117,45,0.4,0.4,0,6750,6750,17672,17672,1.7,1.7,0.04,0.27,0.31,1.69,0.05,0.31,0.36,1.93,0.0,156,106,0.0,156,106,0.0,156,106,0.0,156,106,3.0,,,1,,Trai,Hume,Hume,,,79,0,0,0,1,0,0,0,0,0,0,1,4,,,,0,0.0,1.14,1.14,4.56,3,1,6
535,a,100.0,100.0,5.0,258,42,0,0,0,0,0.5,261,99,1,1,1.0,213,85,0,2,1.0,213,85,0.2,0.2,0,1600,1600,2151,2151,2.2,2.2,0.0,0.01,0.01,0.1,0.0,0.04,0.04,0.39,0.0,246,132,0.0,246,132,0.0,246,132,0.0,246,132,,,,1,,Omar,Alderete,Alderete,,,23,0,0,0,1,0,0,0,0,0,0,0,0,,,,0,0.0,3.91,0.0,0.0,0,0,2
536,a,,,4.5,461,119,0,0,0,0,0.5,260,98,1,1,1.0,192,71,0,9,1.0,192,71,0.2,0.2,0,477,477,1415,1415,1.7,1.7,0.0,0.29,0.29,1.8,0.0,0.29,0.29,1.8,0.0,137,95,0.0,137,95,0.0,137,95,0.0,137,95,,,,1,,Reinildo,Mandava,Reinildo,,,90,0,0,0,2,0,0,0,0,0,0,1,8,,,,0,0.0,2.0,1.0,8.0,3,5,5
537,a,,,4.5,496,136,0,0,0,0,0.0,579,196,0,0,0.0,401,157,0,0,0.0,401,157,0.0,0.0,0,33,33,60,60,1.7,1.7,0.0,0.0,0.0,0.0,0.0,0.0,0.0,0.0,0.0,172,112,0.0,172,112,0.0,172,112,0.0,172,112,,,,1,,Jenson,Seelt,Seelt,,,0,0,0,0,0,0,0,0,0,0,0,0,0,,,,0,0.0,0.0,0.0,0.0,0,0,0
538,u,0.0,0.0,4.0,580,176,0,0,0,0,0.1,474,166,0,0,0.0,321,110,0,0,0.0,321,110,0.0,0.0,0,0,0,608,608,0.0,0.0,0.0,0.0,0.0,0.0,0.0,0.0,0.0,0.0,0.0,44,28,0.0,44,28,0.0,44,28,0.0,44,28,,,,1,,Leo Fuhr,Hjelde,Hjelde,Has joined KV Mechelen on loan for the rest of the season,,0,0,0,0,0,0,0,0,0,0,0,0,0,,,,0,0.0,0.0,0.0,0.0,0,0,0
539,a,,,4.0,551,155,0,0,0,0,3.6,92,37,1,1,1.0,174,54,0,1,1.0,174,54,0.2,0.2,0,2645,2645,7797,7797,1.0,1.0,0.01,0.01,0.02,1.69,0.01,0.01,0.02,2.3,0.0,15,7,0.0,15,7,0.0,15,7,0.0,15,7,,,,1,,Luke,O'Nien,O'Nien,,,66,0,0,0,1,0,0,0,1,0,0,1,5,,,,0,0.0,1.36,1.36,6.82,1,4,4
540,u,0.0,0.0,4.0,544,150,0,0,0,0,0.2,327,124,0,0,0.0,300,99,0,0,0.0,300,99,0.0,0.0,0,0,0,3067,3067,0.0,0.0,0.0,0.0,0.0,0.0,0.0,0.0,0.0,0.0,0.0,8,2,0.0,8,2,0.0,8,2,0.0,8,2,,,,1,,Arthur,Masuaku,Masuaku,Has joined Konyaspor permanently,,0,0,0,0,0,0,0,0,0,0,0,0,0,,,,0,0.0,0.0,0.0,0.0,0,0,0
541,a,100.0,100.0,4.5,405,81,0,0,0,0,0.3,293,109,1,1,1.0,184,63,0,5,1.0,184,63,0.2,0.2,0,553,553,764,764,1.7,1.7,0.08,0.08,0.16,1.8,0.08,0.08,0.16,1.8,0.0,81,57,0.0,81,57,0.0,81,57,0.0,81,57,,,,1,,Thomas,Meunier,Meunier,,,90,0,0,0,2,0,0,0,0,0,0,1,4,,,,0,0.0,2.0,1.0,4.0,2,2,3
542,a,,,6.0,94,59,0,0,0,0,9.5,44,17,2,2,2.0,156,76,0,13,2.0,156,76,0.3,0.3,0,5536,5536,51063,51063,2.2,2.2,0.0,0.03,0.03,1.69,0.0,0.03,0.03,1.93,0.0,538,216,0.0,538,216,0.0,538,216,0.0,538,216,1.0,2.0,2.0,1,,Enzo,Le Fée,E.Le Fée,,,79,0,0,0,1,0,0,0,0,0,0,1,2,,,,0,0.0,1.14,1.14,2.28,1,0,1
543,a,,,5.5,206,128,0,0,0,0,0.1,452,182,1,1,1.0,265,121,0,3,1.0,265,121,0.2,0.2,0,157,157,527,527,2.0,2.0,0.03,0.0,0.03,0.1,0.27,0.0,0.27,0.9,0.0,481,186,0.0,481,186,0.0,481,186,0.0,481,186,,,1.0,1,,Habib,Diarra,Diarra,,,10,0,0,0,1,0,0,0,0,0,0,0,0,,,,0,0.0,9.0,0.0,0.0,0,0,0
544,a,,,5.5,114,74,0,0,0,0,4.5,74,24,9,9,9.0,22,11,2,31,9.0,22,11,1.6,1.6,0,18697,18697,7765,7765,2.0,2.0,0.0,0.09,0.09,1.8,0.0,0.09,0.09,1.8,0.0,389,132,0.0,389,132,0.0,389,132,0.0,389,132,2.0,1.0,,1,,Granit,Xhaka,Xhaka,,,90,0,1,0,2,0,0,0,0,0,0,1,13,,,,0,0.0,2.0,1.0,13.0,3,2,8
545,a,,,5.0,379,225,0,0,0,0,0.3,284,94,2,2,2.0,135,62,0,18,2.0,135,62,0.4,0.4,0,607,607,1635,1635,1.5,1.5,0.06,0.03,0.09,1.8,0.06,0.03,0.09,1.8,0.0,367,117,0.0,367,117,0.0,367,117,0.0,367,117,,,,1,,Noah,Sadiki,Sadiki,,,90,0,0,0,2,0,0,0,0,0,0,1,2,,,,0,0.0,2.0,1.0,2.0,0,0,2
546,i,0.0,0.0,5.0,361,210,0,0,0,0,0.1,448,180,0,0,0.0,515,211,0,0,0.0,515,211,0.0,0.0,0,29,29,2082,2082,0.0,0.0,0.0,0.0,0.0,0.0,0.0,0.0,0.0,0.0,0.0,349,102,0.0,349,102,0.0,349,102,0.0,349,102,,,,1,,Simon,Adingra,Adingra,Ankle injury - Unknown return date,,0,0,0,0,0,0,0,0,0,0,0,0,0,,,,0,0.0,0.0,0.0,0.0,0,0,0
547,a,,,5.0,312,183,0,0,0,0,0.0,589,251,0,0,0.0,491,197,0,0,0.0,491,197,0.0,0.0,0,23,23,81,81,1.5,1.5,0.0,0.0,0.0,0.0,0.0,0.0,0.0,0.0,0.0,300,75,0.0,300,75,0.0,300,75,0.0,300,75,,,,1,,Romaine,Mundle,Mundle,,,0,0,0,0,0,0,0,0,0,0,0,0,0,,,,0,0.0,0.0,0.0,0.0,0,0,0
548,a,,,5.0,374,221,0,0,0,0,0.1,456,185,1,1,1.0,231,101,0,3,1.0,231,101,0.2,0.2,0,62,62,259,259,1.5,1.5,0.0,0.0,0.0,0.1,0.0,0.0,0.0,0.9,0.0,362,113,0.0,362,113,0.0,362,113,0.0,362,113,,,,1,,Chris,Rigg,Rigg,,,10,0,0,0,1,0,0,0,0,0,0,0,1,,,,0,0.0,9.0,0.0,9.0,0,0,1
549,a,,,5.5,208,130,0,0,0,0,0.2,329,116,1,1,1.0,266,122,0,1,1.0,266,122,0.2,0.2,0,171,171,1275,1275,2.0,2.0,0.0,0.0,0.0,0.14,0.0,0.0,0.0,0.41,0.0,483,188,0.0,483,188,0.0,483,188,0.0,483,188,,,,1,,Chemsdine,Talbi,Talbi,,,31,0,0,0,1,0,0,0,0,0,0,0,2,,,,0,0.0,2.9,0.0,5.81,0,0,2
550,a,,,5.0,397,237,0,0,0,0,0.0,592,254,0,0,0.0,533,224,0,0,0.0,533,224,0.0,0.0,0,27,27,44,44,1.5,1.5,0.0,0.0,0.0,0.0,0.0,0.0,0.0,0.0,0.0,385,129,0.0,385,129,0.0,385,129,0.0,385,129,,,,1,,Djiamgone Jocelin Ta,Bi,Jocelin.T,,,0,0,0,0,0,0,0,0,0,0,0,0,0,,,,0,0.0,0.0,0.0,0.0,0,0,0
551,a,,,5.0,363,212,0,0,0,0,0.1,424,167,5,5,5.0,67,27,0,23,5.0,67,27,1.0,1.0,0,2626,2626,604,604,1.5,1.5,0.15,0.01,0.16,1.66,0.23,0.02,0.25,2.58,0.0,351,104,0.0,351,104,0.0,351,104,0.0,351,104,,3.0,,1,,Nilson,Angulo,Angulo,,,58,1,0,0,1,0,0,0,1,0,0,1,7,,,,0,0.0,1.55,1.55,10.86,1,1,5
552,a,,,6.0,82,21,0,0,0,0,13.6,29,6,2,2,2.0,154,14,0,1,2.0,154,14,0.3,0.3,0,18540,18540,47922,47922,2.0,2.0,0.3,0.0,0.3,1.69,0.41,0.0,0.41,2.3,0.0,526,54,0.0,526,54,0.0,526,54,0.0,526,54,,,,1,,Brian,Brobbey,Brobbey,,,66,0,0,0,1,0,0,0,0,0,0,1,0,,,,0,0.0,1.36,1.36,0.0,0,0,0
553,a,,,5.5,160,38,0,0,0,0,1.0,200,32,1,1,1.0,253,26,0,3,1.0,253,26,0.2,0.2,0,1257,1257,5587,5587,1.8,1.8,0.0,0.0,0.0,0.1,0.0,0.0,0.0,0.39,0.0,435,35,0.0,435,35,0.0,435,35,0.0,435,35,,,,1,,Wilson,Isidor,Isidor,,,23,0,0,0,1,0,0,0,0,0,0,0,0,,,,0,0.0,3.91,0.0,0.0,0,0,0
