id,status,chance_of_playing_next_round,chance_of_playing_this_round,now_cost,now_cost_rank,now_cost_rank_type,cost_change_event,cost_change_event_fall,cost_change_start,cost_change_start_fall,selected_by_percent,selected_rank,selected_rank_type,total_points,event_points,points_per_game,points_per_game_rank,points_per_game_rank_type,bonus,bps,form,form_rank,form_rank_type,value_form,value_season,dreamteam_count,transfers_in,transfers_in_event,transfers_out,transfers_out_event,ep_next,ep_this,expected_goals,expected_assists,expected_goal_involvements,expected_goals_conceded,expected_goals_per_90,expected_assists_per_90,expected_goal_involvements_per_90,expected_goals_conceded_per_90,influence,influence_rank,influence_rank_type,creativity,creativity_rank,creativity_rank_type,threat,threat_rank,threat_rank_type,ict_index,ict_index_rank,ict_index_rank_type,corners_and_indirect_freekicks_order,direct_freekicks_order,penalties_order,gw,set_piece_threat,first_name,second_name,web_name,news,news_added,minutes,goals_scored,assists,clean_sheets,goals_conceded,own_goals,penalties_saved,penalties_missed,yellow_cards,red_cards,saves,starts,defensive_contribution,corners_and_indirect_freekicks_text,direct_freekicks_text,penalties_text,saves_per_90,clean_sheets_per_90,goals_conceded_per_90,starts_per_90,defensive_contribution_per_90,tackles,clearances_blocks_interceptions,recoveries
3,a,,,5.0,299,15,0,0,0,0,0.0,533,59,0,0,0.0,538,68,0,0,0.0,538,68,0.0,0.0,0,168,67,691,199,0.0,0.0,0.0,0.0,0.0,0.0,0.0,0.0,0.0,0.0,0.0,490,68,0.0,500,61,0.0,453,61,0.0,506,68,,,,2,,Illan,Meslier,Meslier,,,0,0,0,0,0,0,0,0,0,0,0,0,0,,,,0.0,0.0,0.0,0.0,0.0,0,0,0
6,i,0.0,0.0,6.0,79,9,0,0,0,0,0.2,317,118,0,0,0.0,613,206,0,0,0.0,613,206,0.0,0.0,0,1590,744,10047,3231,0.0,0.0,0.0,0.0,0.0,0.0,0.0,0.0,0.0,0.0,0.0,605,206,0.0,608,206,0.0,602,206,0.0,608,206,,,,2,,William,Saliba,Saliba,Back injury - Unknown return date,,0,0,0,0,0,0,0,0,0,0,0,0,0,,,,0.0,0.0,0.0,0.0,0.0,0,0,0
10,a,100.0,100.0,5.5,132,15,0,0,0,0,7.0,58,23,18,7,9.0,10,3,3,63,9.0,9,3,1.6,3.3,0,203718,58777,69433,44378,9.0,9.0,0.18,0.26,0.44,0.53,0.09,0.13,0.22,0.26,33.2,42,15,26.8,38,11,13.0,76,21,7.3,41,11,,,,2,,Benjamin,White,White,,,180,0,1,2,0,0,0,0,0,0,0,2,9,,,,0.0,1.0,0.0,1.0,4.5,2,7,5
7,a,,,5.5,182,113,0,0,0,0,0.7,225,76,6,3,3.0,116,50,0,30,3.0,111,50,0.5,1.1,0,13551,3858,14307,5256,3.0,3.0,0.13,0.13,0.26,0.53,0.07,0.07,0.14,0.3,11.0,155,54,22.9,54,35,7.0,112,59,4.1,101,52,,,,2,,Myles,Lewis-Skelly,Lewis-Skelly,,,160,0,0,2,0,0,0,0,0,0,0,2,12,,,,0.0,1.12,0.0,1.12,6.75,1,5,6
171,a,,,4.0,596,67,0,0,0,0,1.5,154,22,0,0,0.0,388,41,0,0,0.0,388,41,0.0,0.0,0,6257,3623,10663,4252,0.0,0.0,0.0,0.0,0.0,0.0,0.0,0.0,0.0,0.0,0.0,311,39,0.0,311,19,0.0,232,19,0.0,328,39,,,,2,,Oliver,Dovin,Dovin,,,0,0,0,0,0,0,0,0,0,0,0,0,0,,,,0.0,0.0,0.0,0.0,0.0,0,0,0
270,a,,,4.5,426,246,0,0,0,0,1.4,165,49,0,0,0.0,426,172,0,0,0.0,426,172,0.0,0.0,0,9476,3894,23328,8825,0.0,0.0,0.0,0.0,0.0,0.0,0.0,0.0,0.0,0.0,0.0,351,136,0.0,355,146,0.0,282,102,0.0,368,143,,,,2,,Harrison,Reed,Reed,,,0,0,0,0,0,0,0,0,0,0,0,0,0,,,,0.0,0.0,0.0,0.0,0.0,0,0,0
12,a,,,9.5,4,3,0,0,0,0,10.3,39,15,20,11,10.0,8,4,4,82,10.0,7,3,1.1,2.1,0,125685,36772,76756,41526,10.0,10.0,1.27,0.12,1.39,0.39,0.73,0.07,0.8,0.22,42.8,21,11,26.1,43,29,33.0,25,12,10.2,12,9,2.0,2.0,1.0,2,,Bukayo,Saka,Saka,,,157,2,0,2,0,0,0,0,0,0,0,2,18,,,,0.0,1.15,0.0,1.15,10.32,3,5,10
626,a,,,4.5,536,270,0,0,0,0,0.1,402,160,0,0,0.0,488,192,0,0,0.0,488,192,0.0,0.0,0,6646,6646,1180,1180,1.0,1.0,0.0,0.0,0.0,0.0,0.0,0.0,0.0,0.0,0.0,423,156,0.0,429,166,0.0,370,125,0.0,439,163,,,,2,,Macauley,Zepa,Zepa,,,0,0,0,0,0,0,0,0,0,0,0,0,0,,,,0.0,0.0,0.0,0.0,0.0,0,0,0
4,a,,,8.0,7,1,0,0,0,0,27.5,8,2,13,8,6.5,35,12,0,44,6.5,33,11,0.8,1.6,0,81101,22336,264651,140543,6.5,6.5,0.18,0.03,0.21,0.53,0.09,0.02,0.11,0.26,6.6,196,87,1.8,193,59,1.0,194,66,0.9,240,90,,,,2,,Gabriel,dos Santos Magalhães,Gabriel,,,180,0,0,2,0,0,0,0,1,0,0,2,14,,,,0.0,1.0,0.0,1.0,7.0,2,12,7
314,a,,,5.0,282,171,0,0,0,0,0.0,579,243,0,0,0.0,530,218,0,0,0.0,530,218,0.0,0.0,0,68,31,370,127,0.0,0.0,0.0,0.0,0.0,0.0,0.0,0.0,0.0,0.0,0.0,480,189,0.0,489,198,0.0,439,163,0.0,496,196,,,,2,,Chiedozie,Ogbene,Ogbene,,,0,0,0,0,0,0,0,0,0,0,0,0,0,,,,0.0,0.0,0.0,0.0,0.0,0,0,0
11,a,,,5.5,183,26,0,0,0,0,5.3,70,28,12,6,6.0,44,17,0,52,6.0,41,16,1.1,2.2,0,22258,6848,81574,35625,6.0,6.0,0.0,0.01,0.01,0.53,0.0,0.01,0.01,0.28,14.4,119,55,0.6,246,89,0.0,574,201,1.5,210,82,,,,2,,Cristhian,Mosquera,Mosquera,,,168,0,0,2,0,0,0,0,0,0,0,2,10,,,,0.0,1.07,0.0,1.07,5.36,0,10,3
13,a,,,7.5,15,9,0,0,0,0,15.7,26,9,8,5,4.0,93,41,0,29,4.0,87,39,0.5,1.1,0,46186,10699,260118,102396,4.0,4.0,0.07,0.18,0.25,0.39,0.04,0.11,0.15,0.23,6.8,193,77,6.4,136,80,2.0,187,95,1.5,213,96,1.0,1.0,,2,,Declan,Rice,Rice,,,151,0,0,2,0,0,0,0,0,0,0,2,18,,,,0.0,1.19,0.0,1.19,10.73,3,5,10
5,i,0.0,0.0,6.5,40,3,0,0,0,0,0.1,436,153,0,0,0.0,619,207,0,0,0.0,619,207,0.0,0.0,0,684,283,4422,1318,0.0,0.0,0.0,0.0,0.0,0.0,0.0,0.0,0.0,0.0,0.0,614,207,0.0,616,207,0.0,615,207,0.0,616,207,,,,2,,Jurriën,Timber,J.Timber,Groin injury - Unknown return date,,0,0,0,0,0,0,0,0,0,0,0,0,0,,,,0.0,0.0,0.0,0.0,0.0,0,0,0
8,a,,,5.6,113,11,0,0,1,-1,42.1,4,1,20,11,10.0,6,2,2,61,10.0,5,2,1.8,3.6,0,471247,161142,95936,54303,10.0,10.0,0.15,0.55,0.7,0.39,0.08,0.29,0.37,0.21,26.0,62,24,12.2,105,31,4.0,137,45,4.2,98,34,,,,2,,Riccardo,Calafiori,Calafiori,,,170,0,2,2,0,0,0,0,0,0,0,2,8,,,,0.0,1.06,0.0,1.06,4.24,2,6,5
9,a,,,5.4,213,32,0,0,-1,1,1.4,164,67,1,0,1.0,297,109,0,3,0.5,326,116,0.1,0.2,0,6878,2968,55378,14332,0.5,0.5,0.0,0.0,0.0,0.15,0.0,0.0,0.0,1.5,0.4,273,102,0.5,252,91,0.0,522,192,0.1,290,102,,,,2,,Piero,Hincapié,Hincapie,,,9,0,0,0,0,0,0,0,0,0,0,0,0,,,,0.0,0.0,0.0,0.0,0.0,0,0,0
1,a,,,6.0,60,1,0,0,0,0,38.0,6,1,12,6,6.0,45,3,0,45,6.0,42,3,1.0,2.0,0,187132,80398,170408,88430,6.0,6.0,0.0,0.0,0.0,0.53,0.0,0.0,0.0,0.26,11.8,144,19,0.0,605,70,0.0,598,70,1.2,231,19,,,,2,,David,Raya Martín,Raya,,,180,0,0,2,0,0,0,0,0,0,1,2,0,,,,0.5,1.0,0.0,1.0,0.0,0,2,19
2,a,,,5.0,235,9,0,0,0,0,0.1,453,51,0,0,0.0,512,66,0,0,0.0,512,66,0.0,0.0,0,612,290,1933,544,0.0,0.0,0.0,0.0,0.0,0.0,0.0,0.0,0.0,0.0,0.0,452,65,0.0,460,55,0.0,401,55,0.0,468,65,,,,2,,Kepa,Arrizabalaga Revuelta,Arrizabalaga,,,0,0,0,0,0,0,0,0,0,0,0,0,0,,,,0.0,0.0,0.0,0.0,0.0,0,0,0
14,a,,,6.4,52,36,-1,1,-1,1,1.6,152,45,2,1,1.0,333,159,0,10,1.0,266,129,0.2,0.3,0,9782,4066,61084,16592,1.0,1.0,0.04,0.07,0.11,0.39,0.06,0.11,0.17,0.59,0.0,610,267,1.8,192,112,1.0,193,99,0.1,294,140,,3.0,,2,,Eberechi,Eze,Eze,,,59,0,0,0,0,0,0,0,0,0,0,0,5,,,,0.0,0.0,0.0,0.0,7.63,0,0,5
15,a,,,6.6,31,20,0,0,1,-1,11.7,34,12,14,3,7.0,30,16,3,54,7.0,28,15,1.1,2.1,0,349552,59993,93722,56862,7.0,7.0,0.29,0.17,0.46,0.39,0.18,0.11,0.29,0.24,50.6,6,4,41.5,13,11,31.0,27,13,12.3,6,5,4.0,,3.0,2,,Martin,Ødegaard,Ødegaard,,,145,1,0,2,0,0,0,0,0,0,0,2,13,,,,0.0,1.24,0.0,1.24,8.07,5,3,5
16,a,,,6.4,53,37,0,0,-1,1,0.3,301,102,1,0,1.0,334,160,0,8,0.5,352,165,0.1,0.2,0,2141,729,11305,3074,0.5,0.5,0.0,0.04,0.04,0.15,0.0,0.16,0.16,0.61,9.4,171,67,43.1,11,9,0.0,609,265,5.3,70,37,6.0,,,2,,Noni,Madueke,Madueke,,,22,0,0,0,0,0,0,0,0,0,0,0,2,,,,0.0,0.0,0.0,0.0,8.18,0,0,2
17,a,,,5.9,95,59,-1,1,-1,1,0.6,251,84,2,1,1.0,323,152,0,12,1.0,260,125,0.2,0.3,0,4208,1786,22015,6758,1.0,1.0,0.14,0.02,0.16,0.15,0.38,0.05,0.43,0.41,3.6,233,103,1.2,216,121,14.0,73,40,1.9,186,83,,,,2,,Mikel,Merino Zazón,Merino,,,33,0,0,0,0,0,0,0,0,0,0,0,6,,,,0.0,0.0,0.0,0.0,16.36,0,0,6
18,a,,,6.4,54,38,0,0,-1,1,0.2,353,131,0,0,0.0,616,270,0,0,0.0,616,270,0.0,0.0,0,1998,680,9703,2667,0.0,0.0,0.0,0.0,0.0,0.0,0.0,0.0,0.0,0.0,0.0,611,268,0.0,613,269,0.0,610,266,0.0,613,269,,,,2,,Gabriel,Martinelli Silva,Martinelli,,,0,0,0,0,0,0,0,0,0,0,0,0,0,,,,0.0,0.0,0.0,0.0,0.0,0,0,0
19,a,,,5.4,217,133,-1,1,-1,1,0.9,206,66,2,1,1.0,298,137,0,8,1.0,246,115,0.2,0.4,0,3867,2288,28847,8255,1.0,1.0,0.0,0.02,0.02,0.15,0.0,0.07,0.07,0.5,3.8,228,100,2.3,178,104,0.0,526,214,0.6,253,114,,,,2,,Martín,Zubimendi Ibáñez,Zubimendi,,,27,0,0,0,0,0,0,0,0,0,0,0,5,,,,0.0,0.0,0.0,0.0,16.67,3,0,2
20,a,,,5.4,225,140,0,0,-1,1,0.1,454,182,0,0,0.0,588,251,0,0,0.0,588,251,0.0,0.0,0,863,390,3291,961,0.0,0.0,0.0,0.0,0.0,0.0,0.0,0.0,0.0,0.0,0.0,552,235,0.0,563,242,0.0,532,220,0.0,566,241,,,,2,,Max,Dowman,Dowman,,,0,0,0,0,0,0,0,0,0,0,0,0,0,,,,0.0,0.0,0.0,0.0,0.0,0,0,0
22,a,,,5.4,221,136,-1,1,-1,1,0.0,582,246,0,0,0.0,586,249,0,0,0.0,586,249,0.0,0.0,0,188,112,489,165,0.0,0.0,0.0,0.0,0.0,0.0,0.0,0.0,0.0,0.0,0.0,549,232,0.0,561,240,0.0,529,217,0.0,563,238,,,,2,,Ethan,Nwaneri,Nwaneri,,,0,0,0,0,0,0,0,0,0,0,0,0,0,,,,0.0,0.0,0.0,0.0,0.0,0,0,0
23,a,,,5.5,159,98,0,0,0,0,0.0,588,250,0,0,0.0,597,257,0,0,0.0,597,257,0.0,0.0,0,188,108,326,111,0.0,0.0,0.0,0.0,0.0,0.0,0.0,0.0,0.0,0.0,0.0,568,243,0.0,580,250,0.0,560,237,0.0,581,249,,,,2,,Fábio,Ferreira Vieira,Fábio Vieira,,,0,0,0,0,0,0,0,0,0,0,0,0,0,,,,0.0,0.0,0.0,0.0,0.0,0,0,0
24,u,0.0,,5.5,134,83,0,0,0,0,0.0,599,256,0,0,0.0,593,253,0,0,0.0,593,253,0.0,0.0,0,68,4,342,170,0.0,0.0,0.0,0.0,0.0,0.0,0.0,0.0,0.0,0.0,0.0,559,237,0.0,572,244,0.0,546,227,0.0,573,243,,,,2,,Reiss,Nelson,Nelson,has departed the club as a free agent.,,0,0,0,0,0,0,0,0,0,0,0,0,0,,,,0.0,0.0,0.0,0.0,0.0,0,0,0
25,a,,,7.4,20,8,0,0,-1,1,5.8,67,11,0,0,0.0,621,71,0,0,0.0,621,71,0.0,0.0,0,13152,4376,309159,71030,0.0,0.0,0.0,0.0,0.0,0.0,0.0,0.0,0.0,0.0,0.0,621,71,0.0,622,71,0.0,622,71,0.0,622,71,,,2.0,2,,Viktor,Gyökeres,Gyökeres,,,0,0,0,0,0,0,0,0,0,0,0,0,0,,,,0.0,0.0,0.0,0.0,0.0,0,0,0
26,a,,,7.5,16,6,0,0,0,0,7.3,54,8,8,2,4.0,94,15,0,39,4.0,88,11,0.5,1.1,0,222498,34890,87836,49011,4.0,4.0,0.28,0.06,0.34,0.53,0.14,0.03,0.17,0.26,37.2,35,5,13.2,98,9,25.0,38,10,7.5,38,7,,,,2,,Kai,Havertz,Havertz,,,180,1,0,2,0,0,0,0,0,0,0,2,7,,,,0.0,1.0,0.0,1.0,3.5,0,2,5
27,a,,,5.9,96,26,-1,1,-1,1,0.3,293,50,0,0,0.0,605,70,0,0,0.0,605,70,0.0,0.0,0,3666,1752,11229,4051,0.0,0.0,0.0,0.0,0.0,0.0,0.0,0.0,0.0,0.0,0.0,588,61,0.0,595,65,0.0,585,64,0.0,596,65,,,,2,,Gabriel,Fernando de Jesus,G.Jesus,,,0,0,0,0,0,0,0,0,0,0,0,0,0,,,,0.0,0.0,0.0,0.0,0.0,0,0,0
31,a,,,4.4,547,150,-1,1,-1,1,10.5,38,13,1,1,1.0,232,77,0,3,0.5,276,92,0.1,0.2,0,135603,85782,317668,88081,0.5,0.5,0.0,0.0,0.0,0.0,0.0,0.0,0.0,0.0,0.0,338,139,0.0,339,142,0.0,262,112,0.0,355,140,,,,2,,Ezri,Konsa Ngoyo,Konsa,,,11,0,0,0,0,0,0,0,0,0,0,0,1,,,,0.0,0.0,0.0,0.0,8.18,0,1,0
452,a,100.0,75.0,6.9,29,18,0,0,-1,1,2.3,121,37,1,1,1.0,338,164,0,4,0.5,356,169,0.1,0.1,0,2295,1445,160428,33873,0.5,0.4,0.0,0.01,0.01,0.0,0.0,0.05,0.05,0.0,0.0,618,273,0.0,620,274,0.0,619,273,0.0,620,274,5.0,,4.0,2,,Bruno,Guimarães Rodriguez Moura,Bruno G.,,,19,0,0,0,0,0,0,0,0,0,0,0,3,,,,0.0,0.0,0.0,0.0,14.21,0,0,3
557,a,,,6.5,38,26,0,0,0,0,24.4,11,5,6,0,3.0,124,56,0,31,3.0,118,56,0.5,0.9,0,305279,68592,226301,170601,3.0,3.0,0.19,0.15,0.34,0.16,0.14,0.11,0.25,0.12,17.0,102,35,39.8,16,14,30.0,29,15,8.7,24,15,3.0,,,2,,Christos,Tzolis,Tzolis,,,120,0,1,1,0,0,0,0,1,0,0,2,9,,,,0.0,0.75,0.0,1.5,6.75,1,3,5
29,a,,,4.5,408,23,0,0,0,0,0.1,381,43,1,0,1.0,235,21,0,1,0.5,278,22,0.1,0.2,0,2177,1332,1956,1075,0.5,0.5,0.0,0.0,0.0,3.77,0.0,0.0,0.0,3.77,28.2,56,8,0.0,342,24,0.0,267,24,2.8,138,8,,,,2,,Marco,Bizot,M.Bizot,,,90,0,0,0,4,0,0,0,0,0,3,1,0,,,,3.0,0.0,4.0,1.0,0.0,0,2,6
30,u,0.0,0.0,4.5,413,84,0,0,0,0,0.1,461,164,0,0,0.0,417,158,0,0,0.0,417,158,0.0,0.0,0,0,0,6203,1226,0.0,0.0,0.0,0.0,0.0,0.0,0.0,0.0,0.0,0.0,0.0,342,141,0.0,345,144,0.0,271,117,0.0,359,142,,,,2,,Lucas,Digne,Digne,Has joined Paris Saint-Germain permanently,,0,0,0,0,0,0,0,0,0,0,0,0,0,,,,0.0,0.0,0.0,0.0,0.0,0,0,0
32,a,,,4.5,438,98,0,0,0,0,7.2,55,21,1,2,0.5,343,113,0,0,0.5,282,97,0.1,0.2,0,39965,12987,140622,34295,0.5,0.5,0.15,0.01,0.16,4.81,0.08,0.01,0.09,2.59,12.0,143,67,1.1,218,72,0.0,289,124,1.3,222,85,1.0,,,2,,Matty,Cash,Cash,,,167,0,0,0,5,0,0,0,1,0,0,2,13,,,,0.0,0.0,2.69,1.08,7.01,6,7,1
33,a,,,4.5,425,88,0,0,0,0,0.4,276,105,1,0,1.0,236,80,0,5,0.5,279,94,0.1,0.2,0,4681,1428,5526,2019,0.5,0.5,0.0,0.0,0.0,0.22,0.0,0.0,0.0,1.24,2.0,251,98,0.0,354,146,0.0,281,119,0.2,280,99,,,,2,,Tyrone,Mings,Mings,,,16,0,0,0,0,0,0,0,0,0,0,0,1,,,,0.0,0.0,0.0,0.0,5.62,1,0,0
34,a,,,4.5,465,118,0,0,0,0,0.4,270,100,2,2,1.0,247,91,0,-8,1.0,222,79,0.2,0.4,0,3150,1319,6826,1766,1.0,1.0,0.0,0.01,0.01,4.59,0.0,0.01,0.01,2.53,0.0,372,156,0.7,234,81,0.0,309,137,0.0,389,157,,,,2,,Pau,Torres,Pau,,,163,0,0,0,5,0,0,0,0,0,0,2,9,,,,0.0,0.0,2.76,1.1,4.97,1,8,9
35,a,,,5.0,350,206,0,0,0,0,0.1,466,188,1,0,1.0,286,127,0,3,0.5,316,145,0.1,0.2,0,1100,464,1564,579,0.5,0.5,0.0,0.0,0.0,0.22,0.0,0.0,0.0,1.24,2.2,247,112,0.5,251,134,0.0,489,186,0.3,277,130,,,,2,,Lamare,Bogarde,Bogarde,,,16,0,0,0,0,0,0,0,0,0,0,0,1,,,,0.0,0.0,0.0,0.0,5.62,0,1,0
36,a,,,4.5,471,123,0,0,0,0,0.7,224,82,1,1,0.5,345,115,0,-14,0.5,287,102,0.1,0.2,0,5348,2802,12245,3387,0.5,0.5,0.1,0.0,0.1,4.66,0.05,0.0,0.05,2.45,9.2,172,74,0.8,228,78,3.0,148,49,1.3,223,86,,,,2,,Ian,Maatsen,Maatsen,,,171,0,0,0,5,0,0,0,1,0,0,2,17,,,,0.0,0.0,2.63,1.05,8.95,5,12,4
37,a,,,4.5,435,95,0,0,0,0,0.3,305,114,0,2,0.0,430,161,0,-3,0.0,430,161,0.0,0.0,0,2908,1133,5276,1265,0.0,0.0,0.0,0.08,0.08,4.81,0.0,0.04,0.04,2.4,1.8,255,99,0.1,273,101,0.0,287,122,0.2,281,100,,,,2,,Victor,Lindelöf,Lindelöf,,,180,0,0,0,5,1,0,0,0,0,0,2,10,,,,0.0,0.0,2.5,1.0,5.0,1,9,2
38,a,,,4.0,620,201,0,0,0,0,1.7,143,58,0,0,0.0,408,151,0,0,0.0,408,151,0.0,0.0,0,14425,7086,21446,7523,0.0,0.0,0.0,0.0,0.0,0.0,0.0,0.0,0.0,0.0,0.0,332,133,0.0,333,136,0.0,256,106,0.0,349,134,,,,2,,Andrés,García,A.García,,,0,0,0,0,0,0,0,0,0,0,0,0,0,,,,0.0,0.0,0.0,0.0,0.0,0,0,0
39,u,0.0,0.0,4.0,617,199,0,0,0,0,0.2,340,127,0,0,0.0,406,150,0,0,0.0,406,150,0.0,0.0,0,0,0,9290,2052,0.0,0.0,0.0,0.0,0.0,0.0,0.0,0.0,0.0,0.0,0.0,330,132,0.0,330,134,0.0,253,104,0.0,347,133,,,,2,,Kosta,Nedeljkovic,Nedeljkovic,Has joined Rangers on loan for the rest of the season,,0,0,0,0,0,0,0,0,0,0,0,0,0,,,,0.0,0.0,0.0,0.0,0.0,0,0,0
41,a,,,6.0,63,43,0,0,0,0,1.1,182,54,4,2,2.0,182,90,0,13,2.0,169,85,0.3,0.7,0,10028,5008,31639,9753,2.0,2.0,0.17,0.11,0.28,4.66,0.09,0.06,0.15,2.4,0.0,601,262,16.3,73,45,8.0,99,50,2.2,167,76,3.0,1.0,1.0,2,,Emiliano,Buendía Stati,Buendía,,,175,0,0,0,5,0,0,0,0,0,0,2,12,,,,0.0,0.0,2.57,1.03,6.17,2,3,7
44,a,,,5.5,143,88,0,0,0,0,0.1,387,150,0,0,0.0,595,255,0,0,0.0,595,255,0.0,0.0,0,1633,631,4095,1438,0.0,0.0,0.0,0.0,0.0,0.0,0.0,0.0,0.0,0.0,0.0,564,240,0.0,577,247,0.0,553,231,0.0,577,246,,,,2,,Leon,Bailey,Bailey,,,0,0,0,0,0,0,0,0,0,0,0,0,0,,,,0.0,0.0,0.0,0.0,0.0,0,0,0
45,a,,,5.5,122,78,0,0,0,0,2.6,112,33,2,1,1.0,306,142,0,10,1.0,251,117,0.2,0.4,0,13722,6116,63191,18538,1.0,1.0,0.09,0.06,0.15,4.66,0.05,0.03,0.08,2.45,1.6,257,118,2.4,173,102,1.0,191,97,0.5,259,118,2.0,,,2,,John,McGinn,McGinn,,,171,0,0,0,5,0,0,0,2,0,0,2,10,,,,0.0,0.0,2.63,1.05,5.26,2,3,5
46,a,,,5.0,230,143,0,0,0,0,0.2,318,111,4,2,2.0,157,72,0,34,2.0,150,71,0.4,0.8,0,3708,1833,4340,1624,2.0,2.0,0.13,0.04,0.17,4.59,0.08,0.02,0.1,2.75,9.4,170,66,21.4,58,38,7.0,103,52,3.8,107,56,4.0,,,2,,Ross,Barkley,Barkley,,,150,0,0,0,5,0,0,0,0,0,0,2,11,,,,0.0,0.0,3.0,1.2,6.6,3,2,6
47,a,100.0,100.0,5.0,281,170,0,0,0,0,0.3,289,96,4,2,2.0,163,76,0,22,2.0,153,74,0.4,0.8,0,4645,2156,7343,2604,2.0,2.0,0.0,0.03,0.03,4.81,0.0,0.02,0.02,2.4,11.2,154,53,2.8,165,97,0.0,438,162,1.4,218,97,,,,2,,Boubacar,Kamara,Kamara,,,180,0,0,0,5,0,0,0,0,0,0,2,15,,,,0.0,0.0,2.5,1.0,7.5,3,6,6
48,i,0.0,0.0,5.0,304,181,0,0,0,0,0.0,556,231,0,0,0.0,542,223,0,0,0.0,542,223,0.0,0.0,0,247,90,865,336,0.0,0.0,0.0,0.0,0.0,0.0,0.0,0.0,0.0,0.0,0.0,495,196,0.0,505,205,0.0,458,171,0.0,511,203,,,,2,,Amadou,Onana,Onana,Knee injury - Unknown return date,,0,0,0,0,0,0,0,0,0,0,0,0,0,,,,0.0,0.0,0.0,0.0,0.0,0,0,0
49,u,0.0,0.0,5.0,316,186,0,0,0,0,0.0,618,270,0,0,0.0,547,226,0,0,0.0,547,226,0.0,0.0,0,0,0,157,37,0.0,0.0,0.0,0.0,0.0,0.0,0.0,0.0,0.0,0.0,0.0,501,200,0.0,512,209,0.0,467,176,0.0,517,207,,,,2,,Samuel,Iling-Junior,Iling Jr,Has joined Bolton Wanderers on loan for the rest of the season,,0,0,0,0,0,0,0,0,0,0,0,0,0,,,,0.0,0.0,0.0,0.0,0.0,0,0,0
50,a,,,4.5,543,273,0,0,0,0,0.7,231,78,0,0,0.0,493,194,0,0,0.0,493,194,0.0,0.0,0,7748,4235,11002,4234,0.0,0.0,0.0,0.0,0.0,0.0,0.0,0.0,0.0,0.0,0.0,430,159,0.0,436,169,0.0,377,128,0.0,446,166,,,,2,,Bradley,Burrowes,Burrowes,,,0,0,0,0,0,0,0,0,0,0,0,0,0,,,,0.0,0.0,0.0,0.0,0.0,0,0,0
51,a,,,4.5,524,264,0,0,0,0,0.8,213,70,4,2,2.0,155,71,0,17,2.0,149,70,0.4,0.9,0,20416,11673,10560,5076,2.0,2.0,0.0,0.01,0.01,4.78,0.0,0.01,0.01,2.69,10.6,158,56,11.6,111,67,2.0,164,80,2.4,154,69,,,,2,,George,Hemmings,George Hemmings,,,160,0,0,0,5,0,0,0,0,0,0,2,11,,,,0.0,0.0,2.81,1.12,6.19,5,0,6
52,a,,,5.0,385,232,0,0,0,0,0.0,500,206,1,0,0.5,351,168,0,7,0.5,324,151,0.1,0.2,0,651,308,989,393,0.5,0.5,0.0,0.0,0.0,0.16,0.0,0.0,0.0,0.53,4.0,224,97,0.0,548,232,0.0,513,206,0.4,267,123,,,,2,,Alysson Edward Franco,da Rocha dos Santos,Alysson,,,27,0,0,0,0,0,0,0,1,0,0,0,5,,,,0.0,0.0,0.0,0.0,16.67,2,1,2
53,i,0.0,0.0,5.9,112,73,-1,1,-1,1,0.2,367,140,0,0,0.0,609,264,0,0,0.0,609,264,0.0,0.0,0,418,186,11716,2926,0.0,0.0,0.0,0.0,0.0,0.0,0.0,0.0,0.0,0.0,0.0,598,260,0.0,603,263,0.0,596,257,0.0,604,263,,,,2,,Johan,Manzambi,Manzambi,Knee injury - Unknown return date,,0,0,0,0,0,0,0,0,0,0,0,0,0,,,,0.0,0.0,0.0,0.0,0.0,0,0,0
54,s,0.0,0.0,5.5,165,102,0,0,0,0,0.0,499,205,-2,0,-2.0,626,276,0,-2,-1.0,626,276,-0.2,-0.4,0,189,35,2494,611,0.0,0.0,0.0,0.01,0.01,2.58,0.0,0.02,0.02,5.95,1.0,265,123,11.0,121,71,0.0,564,239,1.2,228,103,,,,2,,Joao,Gomes,Gomes,Suspended until 19 Sep,,39,0,0,0,4,0,0,0,0,1,0,1,7,,,,0.0,0.0,9.23,2.31,16.15,4,1,2
55,a,,,7.8,12,4,-1,1,-2,2,6.2,64,10,0,0,0.0,625,73,0,0,0.0,625,73,0.0,0.0,0,14335,3703,389789,113329,0.0,0.0,0.0,0.0,0.0,0.0,0.0,0.0,0.0,0.0,0.0,625,73,0.0,626,73,0.0,626,73,0.0,626,73,,,2.0,2,,Ollie,Watkins,Watkins,,,0,0,0,0,0,0,0,0,0,0,0,0,0,,,,0.0,0.0,0.0,0.0,0.0,0,0,0
56,a,100.0,50.0,5.5,127,32,0,0,0,0,0.1,423,59,1,1,1.0,307,34,0,3,0.5,330,37,0.1,0.2,0,1276,679,4019,1336,0.5,0.2,0.0,0.0,0.0,0.02,0.0,0.0,0.0,0.09,0.0,555,49,0.0,568,57,0.0,540,55,0.0,569,57,,,,2,,Tammy,Abraham,Abraham,,,19,0,0,0,0,0,0,0,0,0,0,0,0,,,,0.0,0.0,0.0,0.0,0.0,0,0,0
160,a,,,5.9,104,65,-1,1,-1,1,0.5,259,88,2,1,1.0,326,155,0,5,1.0,263,127,0.2,0.3,0,3266,1245,15812,5237,1.0,1.0,0.0,0.0,0.0,0.14,0.0,0.0,0.0,0.79,0.0,593,255,0.0,599,259,0.0,592,253,0.0,600,259,,,,2,,Alejandro,Garnacho Ferreyra,Garnacho,,,16,0,0,0,0,0,0,0,0,0,0,0,2,,,,0.0,0.0,0.0,0.0,11.25,0,0,2
166,a,,,6.5,45,11,0,0,0,0,0.6,237,39,2,2,2.0,188,23,0,11,1.0,267,31,0.2,0.3,0,34685,2357,14150,758,1.0,1.0,0.0,0.1,0.1,1.01,0.0,0.13,0.13,1.3,0.0,617,68,0.0,619,69,0.0,618,69,0.0,619,69,,,,2,,Nicolas,Jackson,N.Jackson,,,70,0,0,0,1,0,0,0,0,0,0,1,3,,,,0.0,0.0,1.29,1.29,3.86,0,0,3
582,i,0.0,0.0,5.5,205,45,0,0,0,0,0.4,285,49,0,0,0.0,603,68,0,0,0.0,603,68,0.0,0.0,0,1661,495,13477,4554,0.0,0.0,0.0,0.0,0.0,0.0,0.0,0.0,0.0,0.0,0.0,583,57,0.0,592,62,0.0,583,62,0.0,594,63,,,,2,,Brian,Madjo,Madjo,Unspecified injury - Unknown return date,,0,0,0,0,0,0,0,0,0,0,0,0,0,,,,0.0,0.0,0.0,0.0,0.0,0,0,0
596,a,,,4.5,487,131,0,0,0,0,0.1,414,146,1,0,1.0,253,96,0,3,0.5,290,105,0.1,0.2,0,1303,447,1752,653,0.5,0.5,0.0,0.0,0.0,0.14,0.0,0.0,0.0,1.58,4.0,222,92,0.0,387,162,0.0,325,144,0.4,262,97,,,,2,,Matteo,Ruggeri,Ruggeri,,,8,0,0,0,0,0,0,0,0,0,0,0,2,,,,0.0,0.0,0.0,0.0,22.5,2,0,0
597,a,,,5.0,297,14,0,0,0,0,0.9,199,30,2,2,2.0,165,14,0,8,1.0,236,20,0.2,0.4,0,12172,7943,10851,4080,1.0,1.0,0.0,0.0,0.0,1.04,0.0,0.0,0.0,1.04,0.0,489,67,0.0,499,60,0.0,452,60,0.0,505,67,,,,2,,Zion,Suzuki,Suzuki,,,90,0,0,0,1,0,0,0,0,0,1,1,0,,,,1.0,0.0,1.0,1.0,0.0,0,2,9
606,a,,,4.0,612,194,0,0,0,0,0.1,400,143,0,0,0.0,402,146,0,0,0.0,402,146,0.0,0.0,0,4647,3087,1007,761,0.0,0.0,0.0,0.0,0.0,0.0,0.0,0.0,0.0,0.0,0.0,326,128,0.0,326,130,0.0,248,99,0.0,343,129,,,,2,,Triston,Rowe,Rowe,,,0,0,0,0,0,0,0,0,0,0,0,0,0,,,,0.0,0.0,0.0,0.0,0.0,0,0,0
607,a,,,4.5,519,262,0,0,0,0,0.1,406,162,0,0,0.0,476,186,0,0,0.0,476,186,0.0,0.0,0,5679,2076,1932,1100,0.0,0.0,0.0,0.0,0.0,0.0,0.0,0.0,0.0,0.0,0.0,411,150,0.0,417,160,0.0,356,118,0.0,427,157,,,,2,,Luka,Lynch,Lynch,,,0,0,0,0,0,0,0,0,0,0,0,0,0,,,,0.0,0.0,0.0,0.0,0.0,0,0,0
611,a,,,4.5,443,101,0,0,0,0,0.1,420,149,1,1,1.0,240,84,0,4,1.0,218,75,0.2,0.2,0,4657,3108,855,689,1.7,1.7,0.0,0.0,0.0,0.0,0.0,0.0,0.0,0.0,0.0,359,146,0.0,363,150,0.0,292,125,0.0,376,147,,,,2,,Aaron,Wan-Bissaka,Wan-Bissaka,,,12,0,0,0,0,0,0,0,0,0,0,0,2,,,,0.0,0.0,0.0,0.0,15.0,2,0,0
618,a,,,6.0,59,41,0,0,0,0,0.0,534,221,0,0,0.0,610,265,0,0,0.0,610,265,0.0,0.0,0,2016,1804,348,341,2.2,2.2,0.0,0.0,0.0,0.0,0.0,0.0,0.0,0.0,0.0,599,261,0.0,604,264,0.0,597,258,0.0,605,264,,,,2,,Leon,Goretzka,Goretzka,,,0,0,0,0,0,0,0,0,0,0,0,0,0,,,,0.0,0.0,0.0,0.0,0.0,0,0,0
57,a,,,4.5,474,39,0,0,0,0,3.4,97,16,5,3,2.5,131,10,0,33,2.5,125,10,0.6,1.1,0,46226,20848,27944,13891,2.5,2.5,0.0,0.0,0.0,4.09,0.0,0.0,0.0,2.04,36.8,36,3,0.0,381,40,0.0,315,40,3.7,111,3,,,,2,,Đorđe,Petrović,Petrović,,,180,0,0,0,3,0,0,0,0,0,9,2,0,,,,4.5,0.0,1.5,1.0,0.0,0,5,13
58,a,,,4.0,552,50,0,0,0,0,3.3,102,17,0,0,0.0,359,24,0,0,0.0,359,24,0.0,0.0,0,24503,14941,19088,8435,0.0,0.0,0.0,0.0,0.0,0.0,0.0,0.0,0.0,0.0,0.0,281,22,0.0,278,2,0.0,196,2,0.0,297,22,,,,2,,Fraser,Forster,Forster,,,0,0,0,0,0,0,0,0,0,0,0,0,0,,,,0.0,0.0,0.0,0.0,0.0,0,0,0
59,u,0.0,0.0,4.0,586,64,0,0,0,0,0.2,361,39,0,0,0.0,382,38,0,0,0.0,382,38,0.0,0.0,0,1133,0,3057,1540,0.0,0.0,0.0,0.0,0.0,0.0,0.0,0.0,0.0,0.0,0.0,305,36,0.0,305,16,0.0,224,16,0.0,322,36,,,,2,,Will,Dennis,Dennis,Has joined MK Dons permanently,,0,0,0,0,0,0,0,0,0,0,0,0,0,,,,0.0,0.0,0.0,0.0,0.0,0,0,0
60,a,,,5.5,169,23,0,0,0,0,0.9,208,78,5,4,2.5,140,50,0,19,2.5,135,48,0.5,0.9,0,12420,3267,11428,4687,2.5,2.5,0.0,0.74,0.74,4.09,0.0,0.37,0.37,2.04,11.6,148,70,0.3,265,96,0.0,567,199,1.2,229,87,,,,2,,James,Hill,Hill,,,180,0,0,0,3,0,0,0,0,0,0,2,18,,,,0.0,0.0,1.5,1.0,9.0,4,14,4
61,a,,,5.5,180,25,0,0,0,0,4.0,89,35,5,4,2.5,142,51,2,27,2.5,137,49,0.5,0.9,0,26899,6298,42612,16791,2.5,2.5,0.0,0.07,0.07,4.09,0.0,0.04,0.04,2.04,15.4,110,49,1.3,211,68,0.0,572,200,1.7,200,78,,,,2,,Adrien,Truffert,Truffert,,,180,0,0,0,3,0,0,0,0,0,0,2,16,,,,0.0,0.0,1.5,1.0,8.0,4,12,13
62,a,,,5.0,291,50,0,0,0,0,0.2,343,129,0,0,0.0,536,192,0,0,0.0,536,192,0.0,0.0,0,3703,981,4349,2028,0.0,0.0,0.0,0.0,0.0,0.0,0.0,0.0,0.0,0.0,0.0,486,191,0.0,495,191,0.0,446,178,0.0,502,191,,,,2,,Bafodé,Diakité,Diakité,,,0,0,0,0,0,0,0,0,0,0,0,0,0,,,,0.0,0.0,0.0,0.0,0.0,0,0,0
63,i,0.0,0.0,5.0,380,72,0,0,0,0,0.0,594,201,0,0,0.0,572,200,0,0,0.0,572,200,0.0,0.0,0,113,39,417,121,0.0,0.0,0.0,0.0,0.0,0.0,0.0,0.0,0.0,0.0,0.0,533,199,0.0,545,199,0.0,509,191,0.0,549,199,,,,2,,Veljko,Milosavljevic,Milosavljević,Unspecified injury - Unknown return date,,0,0,0,0,0,0,0,0,0,0,0,0,0,,,,0.0,0.0,0.0,0.0,0.0,0,0,0
64,a,,,4.5,406,81,0,0,0,0,0.1,386,139,2,1,1.0,234,79,0,9,1.0,215,73,0.2,0.4,0,3638,793,1865,847,1.0,1.0,0.0,0.02,0.02,4.09,0.0,0.01,0.01,2.04,7.0,188,83,0.6,238,85,0.0,265,115,0.8,242,92,,,,2,,Adam,Smith,Smith,,,180,0,0,0,3,0,0,0,1,0,0,2,11,,,,0.0,0.0,1.5,1.0,5.5,3,8,3
65,i,0.0,0.0,4.5,469,121,0,0,0,0,0.0,577,198,0,0,0.0,443,168,0,0,0.0,443,168,0.0,0.0,0,132,44,722,216,0.0,0.0,0.0,0.0,0.0,0.0,0.0,0.0,0.0,0.0,0.0,374,157,0.0,378,160,0.0,312,139,0.0,391,158,,,,2,,Julián,Araujo Zúñiga,J.Araujo,Thigh injury - Unknown return date,,0,0,0,0,0,0,0,0,0,0,0,0,0,,,,0.0,0.0,0.0,0.0,0.0,0,0,0
66,a,100.0,75.0,4.0,614,196,0,0,0,0,0.2,324,122,0,0,0.0,403,147,0,0,0.0,403,147,0.0,0.0,0,2795,2379,3521,1094,0.0,0.0,0.0,0.0,0.0,0.0,0.0,0.0,0.0,0.0,0.0,327,129,0.0,327,131,0.0,250,101,0.0,344,130,,,,2,,Julio,Soler Barreto,Soler,,,0,0,0,0,0,0,0,0,0,0,0,0,0,,,,0.0,0.0,0.0,0.0,0.0,0,0,0
67,a,,,6.5,43,29,0,0,0,0,2.5,113,34,4,2,2.0,187,92,0,13,2.0,174,87,0.3,0.6,0,28992,5312,49511,27332,2.0,2.0,0.44,0.05,0.49,3.9,0.22,0.03,0.25,1.97,6.2,200,81,11.3,118,70,17.0,62,32,3.5,117,58,,,,2,,Rayan Vitor,Simplício Rocha,Rayan,,,178,0,0,0,2,0,0,0,0,0,0,2,6,,,,0.0,0.0,1.01,1.01,3.03,1,2,3
68,a,,,6.0,64,44,0,0,0,0,2.4,117,35,11,1,5.5,53,26,3,52,5.5,50,24,0.9,1.8,0,101142,13935,33873,21442,5.5,5.5,0.49,0.29,0.78,4.09,0.24,0.14,0.38,2.04,40.0,27,14,17.2,70,43,18.0,53,28,7.5,36,21,1.0,1.0,3.0,2,,Marcus,Tavernier,Tavernier,,,180,1,0,0,3,0,0,0,1,0,0,2,19,,,,0.0,0.0,1.5,1.0,9.5,6,3,10
69,a,,,6.0,84,55,0,0,0,0,1.8,139,40,14,12,7.0,29,15,3,56,7.0,27,14,1.2,2.3,0,34798,26278,20499,7613,7.0,7.0,0.26,0.28,0.54,3.96,0.13,0.14,0.27,2.02,11.4,152,52,4.8,147,87,0.0,604,262,1.6,205,93,2.0,4.0,,2,,Alex,Scott,Scott,,,176,1,0,1,2,0,0,0,1,0,0,2,26,,,,0.0,0.51,1.02,1.02,13.3,7,4,15
70,a,,,6.0,68,46,0,0,0,0,1.2,178,53,6,3,3.0,122,54,0,27,3.0,116,54,0.5,1.0,0,21026,4705,19998,10408,3.0,3.0,0.72,0.05,0.77,3.61,0.42,0.03,0.45,2.11,11.0,156,55,14.3,87,55,17.0,60,31,4.2,99,51,3.0,2.0,2.0,2,,Justin,Kluivert,Kluivert,,,154,0,0,2,0,0,0,0,0,0,0,2,14,,,,0.0,1.17,0.0,1.17,8.18,3,1,10
71,a,,,5.0,244,149,0,0,0,0,0.2,330,117,6,3,3.0,107,44,0,21,3.0,101,43,0.6,1.2,0,6487,3228,3366,1659,3.0,3.0,0.0,0.01,0.01,3.61,0.0,0.01,0.01,2.27,4.6,216,92,2.1,184,107,0.0,409,147,0.7,245,108,5.0,,,2,,Lewis,Cook,Cook,,,143,0,0,2,0,0,0,0,0,0,0,2,9,,,,0.0,1.26,0.0,1.26,5.66,1,3,5
72,a,,,5.0,335,196,0,0,0,0,0.1,457,184,1,0,1.0,281,123,0,3,0.5,312,141,0.1,0.2,0,558,193,1561,728,0.5,0.5,0.0,0.0,0.0,0.19,0.0,0.0,0.0,17.1,0.2,276,131,0.1,275,143,2.0,171,84,0.2,282,133,,,,2,,Ben,Gannon-Doak,Gannon-Doak,,,1,0,0,0,1,0,0,0,0,0,0,0,1,,,,0.0,0.0,90.0,0.0,90.0,0,0,1
73,a,100.0,100.0,5.0,257,158,0,0,0,0,0.2,319,112,2,1,1.0,267,114,0,8,1.0,231,105,0.2,0.4,0,5840,2808,5199,2344,1.0,1.0,0.0,0.0,0.0,0.47,0.0,0.0,0.0,1.18,3.6,231,101,0.6,239,127,0.0,421,155,0.4,263,119,,,,2,,Tyler,Adams,Adams,,,36,0,0,0,3,0,0,0,0,0,0,0,6,,,,0.0,0.0,7.5,0.0,15.0,0,3,3
74,a,100.0,100.0,5.0,236,144,0,0,0,0,0.1,485,198,1,1,1.0,261,110,0,3,0.5,296,131,0.1,0.2,0,1171,569,1122,427,0.5,0.5,0.0,0.01,0.01,0.16,0.0,0.1,0.1,1.6,0.0,453,173,0.0,461,183,0.0,402,142,0.0,469,180,4.0,3.0,,2,,David,Brooks,Brooks,,,9,0,0,0,1,0,0,0,0,0,0,0,0,,,,0.0,0.0,10.0,0.0,0.0,0,0,0
75,a,100.0,100.0,5.0,245,150,0,0,0,0,0.0,549,227,1,1,1.0,263,111,0,5,0.5,298,132,0.1,0.2,0,1072,512,432,236,0.5,0.5,0.0,0.0,0.0,0.13,0.0,0.0,0.0,3.9,0.0,460,178,0.0,469,188,0.0,410,148,0.0,476,185,6.0,,,2,,Ryan,Christie,Christie,,,3,0,0,0,1,0,0,0,0,0,0,0,2,,,,0.0,0.0,30.0,0.0,60.0,1,0,1
76,a,,,5.0,379,229,0,0,0,0,0.0,572,239,1,0,1.0,293,133,0,5,0.5,321,149,0.1,0.2,0,161,61,264,118,0.5,0.5,0.0,0.0,0.0,0.31,0.0,0.0,0.0,1.86,2.8,238,107,0.6,243,129,0.0,508,203,0.3,278,131,,,,2,,Alex,Tóth,Tóth.A,,,15,0,0,0,2,0,0,0,0,0,0,0,2,,,,0.0,0.0,12.0,0.0,12.0,1,0,1
77,i,0.0,0.0,4.9,398,240,-1,1,-1,1,0.0,557,232,0,0,0.0,503,201,0,0,0.0,503,201,0.0,0.0,0,122,68,1338,362,0.0,0.0,0.0,0.0,0.0,0.0,0.0,0.0,0.0,0.0,0.0,441,167,0.0,448,177,0.0,389,136,0.0,457,174,,,,2,,Amine,Adli,Adli,Unspecified injury - Unknown return date,,0,0,0,0,0,0,0,0,0,0,0,0,0,,,,0.0,0.0,0.0,0.0,0.0,0,0,0
78,i,0.0,0.0,7.4,22,13,-1,1,-1,1,0.3,310,108,0,0,0.0,623,275,0,0,0.0,623,275,0.0,0.0,0,614,152,18119,4711,0.0,0.0,0.0,0.0,0.0,0.0,0.0,0.0,0.0,0.0,0.0,623,275,0.0,624,276,0.0,624,276,0.0,624,276,,,1.0,2,,Junior,Kroupi,Kroupi.Jr,Foot injury - Unknown return date,,0,0,0,0,0,0,0,0,0,0,0,0,0,,,,0.0,0.0,0.0,0.0,0.0,0,0,0
79,a,,,6.0,76,17,0,0,0,0,3.2,108,16,9,5,4.5,77,10,0,28,4.5,74,9,0.8,1.5,0,108335,35710,37024,17998,4.5,4.5,0.58,0.25,0.83,3.61,0.34,0.15,0.49,2.11,19.4,88,9,11.9,108,12,2.0,186,29,3.3,124,14,,,,2,,Francisco Evanilson,de Lima Barbosa,Evanilson,,,154,0,2,2,0,0,0,0,1,0,0,2,11,,,,0.0,1.17,0.0,1.17,6.43,1,5,5
613,a,,,4.5,546,276,0,0,0,0,0.2,360,135,0,0,0.0,496,197,0,0,0.0,496,197,0.0,0.0,0,9614,7139,2402,2004,1.0,1.0,0.0,0.0,0.0,0.0,0.0,0.0,0.0,0.0,0.0,433,162,0.0,439,172,0.0,380,131,0.0,449,169,,,,2,,Jules,Ahoka,Ahoka,,,0,0,0,0,0,0,0,0,0,0,0,0,0,,,,0.0,0.0,0.0,0.0,0.0,0,0,0
80,u,0.0,0.0,5.5,124,30,0,0,0,0,0.0,554,70,0,0,0.0,590,66,0,0,0.0,590,66,0.0,0.0,0,0,0,1359,289,0.0,0.0,0.0,0.0,0.0,0.0,0.0,0.0,0.0,0.0,0.0,554,48,0.0,567,56,0.0,539,54,0.0,568,56,,,,2,,Enes,Ünal,Enes Ünal,Has joined Getafe permanently,,0,0,0,0,0,0,0,0,0,0,0,0,0,,,,0.0,0.0,0.0,0.0,0.0,0,0,0
81,a,100.0,100.0,6.0,90,22,0,0,0,0,0.1,403,57,1,1,1.0,331,41,0,4,0.5,350,43,0.1,0.2,0,1636,636,2078,896,0.5,0.5,0.0,0.0,0.0,0.16,0.0,0.0,0.0,1.6,0.0,608,67,0.0,611,68,0.0,606,68,0.0,611,68,,,,2,,Álvaro,Rodríguez,Rodríguez,,,9,0,0,0,1,0,0,0,0,0,0,0,1,,,,0.0,0.0,10.0,0.0,10.0,0,0,1
566,a,,,5.0,321,61,0,0,0,0,0.4,274,103,6,4,3.0,110,40,0,16,3.0,104,39,0.6,1.2,0,11238,3873,4246,2056,3.0,3.0,0.25,0.03,0.28,4.09,0.12,0.02,0.14,2.04,31.4,52,20,0.3,260,95,0.0,470,184,3.2,126,48,,,,2,,António João,Pereira de Albuquerque Tavares da Silva,Silva,,,180,0,0,0,3,0,0,0,1,0,0,2,23,,,,0.0,0.0,1.5,1.0,11.5,2,21,5
573,a,,,4.5,493,132,0,0,0,0,0.2,332,125,0,0,0.0,452,170,0,0,0.0,452,170,0.0,0.0,0,623,171,2499,1034,0.0,0.0,0.0,0.0,0.0,0.0,0.0,0.0,0.0,0.0,0.0,386,162,0.0,393,163,0.0,331,145,0.0,402,162,,,,2,,Juanlu,Sánchez,Sanchez,,,0,0,0,0,0,0,0,0,0,0,0,0,0,,,,0.0,0.0,0.0,0.0,0.0,0,0,0
608,a,,,5.0,353,58,0,0,0,0,0.1,472,63,1,0,1.0,287,31,0,6,0.5,317,36,0.1,0.2,0,4561,2084,1304,883,0.5,0.5,0.1,0.0,0.1,0.31,0.6,0.0,0.6,1.86,3.4,235,17,0.8,230,26,17.0,57,12,2.1,171,18,,,,2,,Daniel,Jebbison,Jebbison,,,15,0,0,0,2,0,0,0,0,0,0,0,1,,,,0.0,0.0,12.0,0.0,6.0,0,0,1
615,a,,,4.5,453,35,0,0,0,0,0.0,561,66,0,0,0.0,436,56,0,0,0.0,436,56,0.0,0.0,0,973,732,242,215,1.9,1.9,0.0,0.0,0.0,0.0,0.0,0.0,0.0,0.0,0.0,364,54,0.0,368,36,0.0,299,36,0.0,381,54,,,,2,,Michele,Di Gregorio,Di Gregorio,,,0,0,0,0,0,0,0,0,0,0,0,0,0,,,,0.0,0.0,0.0,0.0,0.0,0,0,0
82,a,,,5.0,256,11,0,0,0,0,6.9,59,8,9,2,4.5,70,5,0,41,4.5,66,5,0.9,1.8,0,118894,44460,42526,22602,4.5,4.5,0.0,0.01,0.01,2.03,0.0,0.0,0.0,1.02,31.4,51,6,0.0,477,57,0.0,420,57,3.1,128,6,,,,2,,Caoimhín,Kelleher,Kelleher,,,180,0,0,1,1,0,0,0,0,0,5,2,0,,,,2.5,0.5,0.5,1.0,0.0,0,2,9
83,a,,,4.5,498,44,0,0,0,0,0.1,411,45,0,0,0.0,457,59,0,0,0.0,457,59,0.0,0.0,0,1048,406,1494,604,0.0,0.0,0.0,0.0,0.0,0.0,0.0,0.0,0.0,0.0,0.0,391,57,0.0,398,45,0.0,336,45,0.0,407,57,,,,2,,Hákon Rafn,Valdimarsson,Valdimarsson,,,0,0,0,0,0,0,0,0,0,0,0,0,0,,,,0.0,0.0,0.0,0.0,0.0,0,0,0
84,a,,,5.5,156,20,0,0,0,0,2.1,125,51,9,3,4.5,73,26,0,35,4.5,70,26,0.8,1.6,0,36782,11693,17735,8362,4.5,4.5,0.51,0.05,0.56,2.03,0.26,0.02,0.28,1.02,11.6,147,69,21.5,57,17,17.0,58,16,5.0,77,26,,,,2,,Nathan,Collins,Collins,,,180,0,0,1,1,0,0,0,1,0,0,2,16,,,,0.0,0.5,0.5,1.0,8.0,2,14,11
85,i,0.0,0.0,4.9,396,76,-1,1,-1,1,0.1,433,152,0,0,0.0,501,185,0,0,0.0,501,185,0.0,0.0,0,221,76,5502,1379,0.0,0.0,0.0,0.0,0.0,0.0,0.0,0.0,0.0,0.0,0.0,439,178,0.0,446,179,0.0,387,162,0.0,455,178,,,,2,,Sepp,van den Berg,Van den Berg,Groin injury - Unknown return date,,0,0,0,0,0,0,0,0,0,0,0,0,0,,,,0.0,0.0,0.0,0.0,0.0,0,0,0
86,a,,,5.5,153,94,0,0,0,0,1.6,150,44,16,6,8.0,20,10,3,66,8.0,18,9,1.5,2.9,0,92602,40060,16455,9739,8.0,8.0,0.79,0.25,1.04,2.03,0.4,0.13,0.53,1.03,47.2,12,8,15.9,76,47,19.0,49,25,8.2,29,19,,1.0,,2,,Keane,Lewis-Potter,Lewis-Potter,,,177,1,1,1,1,0,0,0,0,0,0,2,21,,,,0.0,0.51,0.51,1.02,10.68,3,7,11
87,a,,,4.5,436,96,0,0,0,0,4.5,80,33,11,3,5.5,50,20,0,36,5.5,47,19,1.2,2.4,0,121329,51351,34572,20670,5.5,5.5,0.11,0.03,0.14,2.03,0.06,0.02,0.08,1.02,20.0,84,38,0.9,223,74,35.0,21,5,5.6,60,18,,,,2,,Kristoffer,Ajer,Ajer,,,180,0,0,1,1,0,0,0,1,0,0,2,27,,,,0.0,0.5,0.5,1.0,13.5,2,25,5
88,a,,,4.6,405,80,0,0,1,-1,8.9,45,17,15,2,7.5,21,9,1,45,7.5,20,8,1.6,3.3,0,398381,87578,53479,32319,7.5,7.5,0.52,0.21,0.73,1.93,0.29,0.12,0.41,1.07,33.8,39,13,1.5,197,62,46.0,10,1,8.1,31,6,,,,2,,Michael,Kayode,Kayode,,,162,1,0,1,1,0,0,0,0,0,0,2,8,,,,0.0,0.56,0.56,1.11,4.44,1,7,9
89,a,,,4.5,437,97,0,0,0,0,0.2,321,120,1,1,1.0,239,83,0,3,0.5,281,96,0.1,0.2,0,809,265,3052,906,0.5,0.5,0.0,0.0,0.0,0.0,0.0,0.0,0.0,0.0,0.0,356,145,0.0,360,149,0.0,288,123,0.0,373,146,,,,2,,Rico,Henry,Henry,,,2,0,0,0,0,0,0,0,0,0,0,0,0,,,,0.0,0.0,0.0,0.0,0.0,0,0,0
90,a,,,4.5,480,127,0,0,0,0,0.1,455,160,2,1,1.0,250,93,0,8,1.0,225,81,0.2,0.4,0,954,331,941,401,1.0,1.0,0.0,0.02,0.02,0.1,0.0,0.11,0.11,0.56,0.0,380,160,0.3,257,93,0.0,320,142,0.0,396,160,,,,2,,Aaron,Hickey,Hickey,,,16,0,0,0,0,0,0,0,0,0,0,0,1,,,,0.0,0.0,0.0,0.0,5.62,1,0,2
92,a,,,4.5,518,140,0,0,0,0,0.0,559,192,0,0,0.0,475,177,0,0,0.0,475,177,0.0,0.0,0,188,76,333,135,0.0,0.0,0.0,0.0,0.0,0.0,0.0,0.0,0.0,0.0,0.0,410,169,0.0,416,170,0.0,355,152,0.0,426,169,,,,2,,Kim,Ji-soo,Ji-soo,,,0,0,0,0,0,0,0,0,0,0,0,0,0,,,,0.0,0.0,0.0,0.0,0.0,0,0,0
93,a,,,4.5,500,135,0,0,0,0,0.2,368,136,0,0,0.0,459,173,0,0,0.0,459,173,0.0,0.0,0,218,76,1792,586,0.0,0.0,0.0,0.0,0.0,0.0,0.0,0.0,0.0,0.0,0.0,393,165,0.0,400,166,0.0,338,148,0.0,409,165,,,,2,,Jannik,Schuster,Schuster,,,0,0,0,0,0,0,0,0,0,0,0,0,0,,,,0.0,0.0,0.0,0.0,0.0,0,0,0
94,a,,,6.0,85,56,0,0,0,0,3.7,91,29,13,10,6.5,32,18,3,51,6.5,30,17,1.1,2.2,0,64197,39199,44196,18407,6.5,6.5,0.77,0.03,0.8,2.03,0.39,0.02,0.41,1.03,14.4,120,39,11.8,110,66,59.0,2,1,8.5,28,18,,,2.0,2,,Kevin,Schade,Schade,,,177,1,0,1,1,0,0,0,0,0,0,2,18,,,,0.0,0.51,0.51,1.02,9.15,5,4,9
95,a,,,6.5,46,31,0,0,0,0,1.0,189,60,4,1,2.0,189,93,0,22,2.0,175,88,0.3,0.6,0,9312,1964,23215,12263,2.0,2.0,0.07,0.37,0.44,1.83,0.07,0.35,0.42,1.73,1.0,268,125,30.8,26,21,15.0,70,38,4.7,85,45,2.0,,,2,,Dango,Ouattara,O.Dango,,,95,0,0,1,1,0,0,0,0,0,0,1,13,,,,0.0,0.95,0.95,0.95,12.32,1,5,7
96,a,,,5.5,160,99,0,0,0,0,0.5,258,87,4,3,2.0,175,85,0,26,2.0,164,82,0.4,0.7,0,3798,1480,10806,3262,2.0,2.0,0.03,0.24,0.27,0.23,0.03,0.26,0.29,0.25,7.6,183,72,26.3,41,28,0.0,561,238,3.4,120,60,3.0,3.0,,2,,Mikkel,Damsgaard,Damsgaard,,,82,0,0,1,0,0,0,0,0,0,0,1,13,,,,0.0,1.1,0.0,1.1,14.27,3,2,8
97,d,75.0,,5.5,140,86,0,0,0,0,0.2,334,119,6,0,6.0,42,22,0,22,3.0,108,47,0.5,1.1,0,4376,518,4071,2734,2.2,3.0,0.08,0.34,0.42,0.47,0.11,0.46,0.57,0.64,12.6,138,46,46.2,9,8,13.0,77,42,7.2,43,25,1.0,2.0,3.0,2,,Mathias,Jensen,Jensen,Unspecified injury - 75% chance of playing,,66,0,1,1,0,0,0,0,0,0,0,1,5,,,,0.0,1.36,0.0,1.36,6.82,2,0,3
98,a,,,5.0,260,160,0,0,0,0,0.6,243,81,10,1,5.0,56,28,0,46,5.0,53,26,1.0,2.0,0,49051,15292,10341,6056,5.0,5.0,0.39,0.31,0.7,2.03,0.2,0.16,0.36,1.02,53.2,3,3,38.8,18,15,24.0,39,22,11.6,8,7,4.0,,,2,,Vitaly,Janelt,Janelt,,,180,1,0,1,1,0,0,0,2,0,0,2,23,,,,0.0,0.5,0.5,1.0,11.5,7,11,5
99,i,0.0,0.0,5.0,360,214,0,0,0,0,0.0,619,271,0,0,0.0,565,236,0,0,0.0,565,236,0.0,0.0,0,45,17,63,18,0.0,0.0,0.0,0.0,0.0,0.0,0.0,0.0,0.0,0.0,0.0,523,214,0.0,536,223,0.0,494,191,0.0,539,221,,,,2,,Antoni,Milambo,Milambo,Knee injury - Unknown return date,,0,0,0,0,0,0,0,0,0,0,0,0,0,,,,0.0,0.0,0.0,0.0,0.0,0,0,0
100,a,100.0,100.0,5.0,292,177,0,0,0,0,0.0,562,233,0,0,0.0,537,222,0,0,0.0,537,222,0.0,0.0,0,406,251,422,176,0.0,0.0,0.0,0.0,0.0,0.0,0.0,0.0,0.0,0.0,0.0,487,193,0.0,496,202,0.0,447,167,0.0,503,200,,,,2,,Fábio,Freitas Gouveia Carvalho,Carvalho,,,0,0,0,0,0,0,0,0,0,0,0,0,0,,,,0.0,0.0,0.0,0.0,0.0,0,0,0
102,a,,,5.0,344,201,0,0,0,0,1.0,186,57,2,1,1.0,284,125,0,11,1.0,242,111,0.2,0.4,0,1197,452,21403,8224,1.0,1.0,0.04,0.01,0.05,1.42,0.08,0.02,0.1,2.9,2.2,246,111,0.8,229,126,3.0,150,77,0.6,252,113,,,,2,,Yehor,Yarmoliuk,Yarmoliuk,,,44,0,0,0,1,0,0,0,0,0,0,0,6,,,,0.0,0.0,2.05,0.0,12.27,2,1,3
103,a,,,5.0,253,155,0,0,0,0,0.0,548,226,0,0,0.0,521,213,0,0,0.0,521,213,0.0,0.0,0,247,83,597,244,0.0,0.0,0.0,0.0,0.0,0.0,0.0,0.0,0.0,0.0,0.0,466,182,0.0,475,191,0.0,418,153,0.0,482,189,,,,2,,Josh,Dasilva,Dasilva,,,0,0,0,0,0,0,0,0,0,0,0,0,0,,,,0.0,0.0,0.0,0.0,0.0,0,0,0
105,a,,,6.0,77,51,0,0,0,0,0.2,363,137,3,2,1.5,219,105,0,13,1.5,206,100,0.2,0.5,0,2737,779,3947,1556,1.5,1.5,0.14,0.41,0.55,0.19,0.15,0.44,0.59,0.21,10.6,160,58,34.9,21,16,1.0,192,98,4.7,84,44,,,,2,,Jaidon,Anthony,Anthony,,,83,0,0,1,0,0,0,0,1,0,0,1,9,,,,0.0,1.08,0.0,1.08,9.76,2,0,7
106,a,,,8.0,10,3,0,0,0,0,15.0,27,5,2,2,1.0,341,43,0,-1,1.0,270,34,0.1,0.2,0,116780,25008,285287,144120,1.0,1.0,1.8,0.09,1.89,1.96,0.94,0.05,0.99,1.03,2.2,250,20,4.0,153,19,8.0,102,21,1.4,221,21,,,1.0,2,,Igor Thiago,Nascimento Rodrigues,Thiago,,,172,0,0,1,1,0,0,1,0,0,0,2,9,,,,0.0,0.52,0.52,1.05,4.71,1,1,7
107,a,,,4.5,528,70,0,0,0,0,1.0,191,29,0,0,0.0,482,51,0,0,0.0,482,51,0.0,0.0,0,19666,11475,14355,5912,0.0,0.0,0.0,0.0,0.0,0.0,0.0,0.0,0.0,0.0,0.0,417,32,0.0,423,39,0.0,363,38,0.0,433,41,,,,2,,Kaye,Furo,Furo,,,0,0,0,0,0,0,0,0,0,0,0,0,0,,,,0.0,0.0,0.0,0.0,0.0,0,0,0
108,a,,,5.5,117,29,0,0,0,0,0.4,279,47,2,1,1.0,303,33,0,7,1.0,248,27,0.2,0.4,0,6833,2482,8072,3264,1.0,1.0,0.07,0.04,0.11,0.07,0.7,0.4,1.1,0.7,2.2,248,19,10.3,122,15,5.0,125,23,1.8,192,19,,,,2,,Callum,Wilson,Wilson,,,9,0,0,0,0,0,0,0,0,0,0,0,1,,,,0.0,0.0,0.0,0.0,10.0,0,0,1
565,a,,,5.6,115,74,0,0,1,-1,11.3,35,13,18,4,9.0,12,6,3,57,9.0,10,5,1.6,3.2,0,649037,205275,74521,51181,9.0,9.0,0.26,0.36,0.62,1.93,0.14,0.2,0.34,1.05,31.6,50,21,21.8,56,37,21.0,44,23,7.4,39,23,,,,2,,Mamadou,Sangaré,M.Sangaré,,,165,0,2,1,1,0,0,0,0,0,0,2,27,,,,0.0,0.55,0.55,1.09,14.73,6,9,12
620,a,,,4.5,535,146,0,0,0,0,0.1,473,167,0,0,0.0,487,180,0,0,0.0,487,180,0.0,0.0,0,6461,5861,1648,1611,1.7,1.7,0.0,0.0,0.0,0.0,0.0,0.0,0.0,0.0,0.0,422,172,0.0,428,173,0.0,369,156,0.0,438,172,,,,2,,El Hadji Malick,Diouf,Diouf,,,0,0,0,0,0,0,0,0,0,0,0,0,0,,,,0.0,0.0,0.0,0.0,0.0,0,0,0
109,a,,,4.5,488,43,0,0,0,0,21.5,13,2,6,0,3.0,105,8,0,24,3.0,99,8,0.7,1.3,0,184898,100142,104796,59316,3.0,3.0,0.0,0.0,0.0,3.22,0.0,0.0,0.0,1.61,6.6,195,20,0.0,388,44,0.0,326,44,0.7,244,20,,,,2,,Bart,Verbruggen,Verbruggen,,,180,0,0,1,4,0,0,0,0,0,1,2,0,,,,0.5,0.5,2.0,1.0,0.0,0,0,18
111,a,,,4.0,553,51,0,0,0,0,4.1,86,13,0,0,0.0,360,25,0,0,0.0,360,25,0.0,0.0,0,31640,20926,25762,11718,0.0,0.0,0.0,0.0,0.0,0.0,0.0,0.0,0.0,0.0,0.0,282,23,0.0,279,3,0.0,197,3,0.0,298,23,,,,2,,Jason,Steele,Steele,,,0,0,0,0,0,0,0,0,0,0,0,0,0,,,,0.0,0.0,0.0,0.0,0.0,0,0,0
113,a,100.0,100.0,4.4,548,151,-1,1,-1,1,2.1,127,52,0,0,0.0,414,157,0,-4,0.0,414,157,0.0,0.0,0,8792,6212,65365,13961,0.0,0.0,0.02,0.01,0.03,2.93,0.02,0.01,0.03,2.93,0.0,339,140,0.0,340,143,0.0,263,113,0.0,356,141,3.0,,,2,,Ferdi,Kadıoğlu,F.Kadıoğlu,,,90,0,0,0,4,0,0,0,0,0,0,1,0,,,,0.0,0.0,4.0,1.0,0.0,0,0,2
114,a,,,4.5,440,99,0,0,0,0,0.3,300,112,5,-1,2.5,130,46,0,27,2.5,124,44,0.6,1.1,0,7030,2927,3378,1819,2.5,2.5,0.05,0.15,0.2,3.22,0.02,0.08,0.1,1.61,15.2,112,51,7.3,130,39,6.0,114,33,2.9,133,51,,,,2,,Olivier,Boscagli,Boscagli,,,180,0,0,1,4,0,0,0,1,0,0,2,9,,,,0.0,0.5,2.0,1.0,4.5,1,8,6
115,a,,,4.7,404,79,1,-1,2,-2,12.9,31,10,17,0,8.5,15,7,2,44,8.5,13,6,1.8,3.6,0,861324,366326,64218,43060,8.5,8.5,1.5,0.26,1.76,3.22,0.81,0.14,0.95,1.74,40.6,26,9,45.3,10,2,43.0,11,2,12.9,4,1,2.0,4.0,,2,,Maxim,De Cuyper,De Cuyper,,,167,1,1,1,4,0,0,0,0,0,0,2,6,,,,0.0,0.54,2.16,1.08,3.23,3,3,6
116,a,,,4.5,411,82,0,0,0,0,1.2,172,70,5,-1,2.5,127,43,0,20,2.5,121,41,0.6,1.1,0,22441,9098,11307,5997,2.5,2.5,0.0,0.05,0.05,3.22,0.0,0.02,0.02,1.61,13.4,132,61,6.4,134,40,0.0,270,116,2.0,175,66,,3.0,,2,,Lewis,Dunk,Dunk,,,180,0,0,1,4,0,0,0,1,0,0,2,5,,,,0.0,0.5,2.0,1.0,2.5,2,3,6
117,a,,,4.5,510,138,0,0,0,0,0.0,558,191,0,0,0.0,469,176,0,0,0.0,469,176,0.0,0.0,0,316,125,356,132,0.0,0.0,0.0,0.0,0.0,0.0,0.0,0.0,0.0,0.0,0.0,403,168,0.0,410,169,0.0,348,151,0.0,419,168,,,,2,,Diego,Coppola,Coppola,,,0,0,0,0,0,0,0,0,0,0,0,0,0,,,,0.0,0.0,0.0,0.0,0.0,0,0,0
118,a,,,4.5,448,105,0,0,0,0,0.1,449,158,0,0,0.0,435,163,0,0,0.0,435,163,0.0,0.0,0,753,282,1342,467,0.0,0.0,0.0,0.0,0.0,0.0,0.0,0.0,0.0,0.0,0.0,363,149,0.0,367,153,0.0,296,128,0.0,380,150,,,,2,,Igor Julio,dos Santos de Paulo,Igor,,,0,0,0,0,0,0,0,0,0,0,0,0,0,,,,0.0,0.0,0.0,0.0,0.0,0,0,0
119,a,,,4.5,473,124,0,0,0,0,0.0,518,180,1,0,0.5,346,116,0,6,0.5,288,103,0.1,0.2,0,449,164,436,210,0.5,0.5,0.12,0.0,0.12,0.14,0.3,0.0,0.3,0.35,8.2,177,77,1.9,188,57,18.0,50,14,2.8,139,55,,,,2,,João Pedro,Loureiro da Costa,Costinha,,,36,0,0,0,0,0,0,0,1,0,0,0,4,,,,0.0,0.0,0.0,0.0,10.0,1,3,0
120,a,,,5.0,306,55,0,0,0,0,0.1,488,172,0,0,0.0,544,195,0,0,0.0,544,195,0.0,0.0,0,1167,399,1145,461,0.0,0.0,0.0,0.0,0.0,0.0,0.0,0.0,0.0,0.0,0.0,497,194,0.0,507,194,0.0,460,182,0.0,513,194,,,,2,,Michael,Svoboda,Svoboda,,,0,0,0,0,0,0,0,0,0,0,0,0,0,,,,0.0,0.0,0.0,0.0,0.0,0,0,0
121,i,0.0,0.0,6.0,78,52,0,0,0,0,0.0,513,213,0,0,0.0,612,267,0,0,0.0,612,267,0.0,0.0,0,234,75,1777,540,0.0,0.0,0.0,0.0,0.0,0.0,0.0,0.0,0.0,0.0,0.0,604,264,0.0,607,266,0.0,601,260,0.0,607,266,,,,2,,Mitoma,Kaoru,Mitoma,Hamstring injury - Unknown return date,,0,0,0,0,0,0,0,0,0,0,0,0,0,,,,0.0,0.0,0.0,0.0,0.0,0,0,0
122,i,0.0,0.0,5.9,108,69,-1,1,-1,1,0.1,490,200,0,0,0.0,608,263,0,0,0.0,608,263,0.0,0.0,0,193,53,4611,1090,0.0,0.0,0.0,0.0,0.0,0.0,0.0,0.0,0.0,0.0,0.0,595,257,0.0,601,261,0.0,594,255,0.0,602,261,5.0,,,2,,Yankuba,Minteh,Minteh,Leg injury - Expected back 28 Nov,,0,0,0,0,0,0,0,0,0,0,0,0,0,,,,0.0,0.0,0.0,0.0,0.0,0,0,0
123,d,50.0,25.0,6.0,86,57,0,0,0,0,1.7,144,41,16,0,16.0,1,1,3,54,8.0,19,10,1.3,2.7,0,144488,4660,93844,55759,4.0,2.0,1.41,0.02,1.43,0.19,2.01,0.03,2.04,0.27,72.8,1,1,13.4,96,60,59.0,3,2,14.5,2,2,,,,2,,Jack,Hinshelwood,Hinshelwood,Unspecified injury - 50% chance of playing,,63,2,0,1,0,0,0,0,0,0,0,1,3,,,,0.0,1.43,0.0,1.43,4.29,2,0,1
124,a,,,5.5,116,75,0,0,0,0,13.6,30,11,15,13,7.5,22,11,3,64,7.5,21,11,1.4,2.7,0,158150,133971,147167,41294,7.5,7.5,0.05,0.38,0.43,3.22,0.02,0.19,0.21,1.61,21.0,79,26,56.9,2,1,8.0,96,47,8.6,26,17,1.0,1.0,1.0,2,,Pascal,Groß,Groß,,,180,1,1,1,4,0,0,0,1,0,0,2,11,,,,0.0,0.5,2.0,1.0,5.5,4,2,5
125,d,75.0,75.0,5.5,168,39,0,0,0,0,0.9,209,33,5,0,5.0,60,4,0,22,2.5,134,15,0.5,0.9,0,26756,2869,27405,12398,1.9,1.9,0.08,0.44,0.52,0.29,0.08,0.44,0.52,0.29,19.8,86,8,11.4,113,14,15.0,69,14,4.6,87,12,,,,2,,Georginio,Rutter,Georginio,Unspecified injury - 75% chance of playing,,90,0,1,1,0,0,0,0,0,0,0,1,7,,,,0.0,1.0,0.0,1.0,7.0,2,1,4
126,a,,,5.5,145,89,0,0,0,0,0.1,422,168,0,0,0.0,596,256,0,0,0.0,596,256,0.0,0.0,0,1152,496,2290,938,0.0,0.0,0.0,0.0,0.0,0.0,0.0,0.0,0.0,0.0,0.0,565,241,0.0,578,248,0.0,554,232,0.0,578,247,,,3.0,2,,Matt,O'Riley,O'Riley,,,0,0,0,0,0,0,0,0,0,0,0,0,0,,,,0.0,0.0,0.0,0.0,0.0,0,0,0
127,a,,,5.0,347,203,0,0,0,0,4.2,85,28,11,5,5.5,52,25,0,42,5.5,49,23,1.1,2.2,0,81138,57186,37488,20616,5.5,5.5,0.56,0.65,1.21,3.22,0.29,0.33,0.62,1.66,33.0,43,19,25.1,47,31,41.0,12,7,9.9,13,10,,5.0,,2,,Diego,Gómez Amarilla,Gomez,,,175,0,2,1,4,0,0,0,0,0,0,2,11,,,,0.0,0.51,2.06,1.03,5.66,5,3,3
128,u,0.0,0.0,5.0,358,212,0,0,0,0,0.0,615,269,0,0,0.0,564,235,0,0,0.0,564,235,0.0,0.0,0,0,0,228,55,0.0,0.0,0.0,0.0,0.0,0.0,0.0,0.0,0.0,0.0,0.0,522,213,0.0,535,222,0.0,493,190,0.0,538,220,,,,2,,Facundo,Buonanotte,Buonanotte,Has joined Elche on loan for the rest of the season,,0,0,0,0,0,0,0,0,0,0,0,0,0,,,,0.0,0.0,0.0,0.0,0.0,0,0,0
129,d,75.0,,5.5,184,114,0,0,0,0,0.5,252,85,2,0,2.0,178,88,0,8,1.0,256,122,0.2,0.4,0,4624,1290,16347,8736,0.8,1.0,0.11,0.03,0.14,0.19,0.16,0.04,0.2,0.27,0.0,575,247,15.0,81,51,6.0,121,62,1.7,201,89,4.0,2.0,,2,,Yasin,Ayari,Ayari,Ankle injury - 75% chance of playing,,63,0,0,1,0,0,0,0,1,0,0,1,4,,,,0.0,1.43,0.0,1.43,5.71,0,1,3
130,a,,,5.0,314,58,0,0,0,0,0.5,263,97,7,0,3.5,98,36,1,38,3.5,92,36,0.7,1.4,0,20552,7124,6724,3667,3.5,3.5,0.12,0.13,0.25,3.18,0.07,0.08,0.15,1.83,16.6,104,44,26.3,40,13,6.0,116,35,4.9,80,28,,,,2,,Mats,Wieffer,Wieffer,,,156,0,0,1,4,0,0,0,0,0,0,2,15,,,,0.0,0.58,2.31,1.15,8.65,4,11,9
132,u,0.0,0.0,4.5,530,267,0,0,0,0,0.0,498,204,0,0,0.0,484,190,0,0,0.0,484,190,0.0,0.0,0,0,0,2070,538,0.0,0.0,0.0,0.0,0.0,0.0,0.0,0.0,0.0,0.0,0.0,419,154,0.0,425,164,0.0,365,122,0.0,435,161,,,,2,,Harry,Howell,Howell,Has joined Leicester City on loan for the rest of the season,,0,0,0,0,0,0,0,0,0,0,0,0,0,,,,0.0,0.0,0.0,0.0,0.0,0,0,0
133,u,0.0,0.0,5.0,363,217,0,0,0,0,0.0,622,273,0,0,0.0,567,238,0,0,0.0,567,238,0.0,0.0,0,0,0,83,27,0.0,0.0,0.0,0.0,0.0,0.0,0.0,0.0,0.0,0.0,0.0,525,216,0.0,538,225,0.0,497,194,0.0,541,223,,,,2,,Tom,Watson,Watson,Has joined Leicester City on loan for the rest of the season,,0,0,0,0,0,0,0,0,0,0,0,0,0,,,,0.0,0.0,0.0,0.0,0.0,0,0,0
134,a,,,4.5,514,261,0,0,0,0,0.3,303,103,0,0,0.0,472,185,0,0,0.0,472,185,0.0,0.0,0,3322,1614,4475,1695,0.0,0.0,0.0,0.0,0.0,0.0,0.0,0.0,0.0,0.0,0.0,406,149,0.0,413,159,0.0,351,117,0.0,422,156,,,,2,,Nehemiah,Oriola,Oriola,,,0,0,0,0,0,0,0,0,0,0,0,0,0,,,,0.0,0.0,0.0,0.0,0.0,0,0,0
135,a,,,5.0,389,235,0,0,0,0,0.1,476,192,1,0,1.0,296,136,0,3,0.5,325,152,0.1,0.2,0,619,246,1595,716,0.5,0.5,0.0,0.03,0.03,0.0,0.0,0.22,0.22,0.0,0.2,278,133,1.3,210,119,0.0,517,209,0.2,284,135,,,,2,,Zadok,Yohanna,Yohanna,,,12,0,0,0,0,0,0,0,0,0,0,0,0,,,,0.0,0.0,0.0,0.0,0.0,0,0,0
137,i,0.0,0.0,5.5,202,43,0,0,0,0,0.0,600,72,0,0,0.0,602,67,0,0,0.0,602,67,0.0,0.0,0,117,33,355,103,0.0,0.0,0.0,0.0,0.0,0.0,0.0,0.0,0.0,0.0,0.0,580,55,0.0,590,61,0.0,581,61,0.0,592,62,,,,2,,Stefanos,Tzimas,Tzimas,Knee injury - Unknown return date,,0,0,0,0,0,0,0,0,0,0,0,0,0,,,,0.0,0.0,0.0,0.0,0.0,0,0,0
138,a,,,5.5,204,44,0,0,0,0,0.3,297,51,6,5,3.0,119,18,0,16,3.0,114,14,0.5,1.1,0,10077,8693,4142,1991,3.0,3.0,0.35,0.02,0.37,2.99,0.3,0.02,0.32,2.56,0.0,582,56,0.4,255,29,10.0,88,17,0.9,237,23,,,,2,,Charalampos,Kostoulas,Kostoulas,,,105,0,1,0,4,0,0,0,0,0,0,1,8,,,,0.0,0.0,3.43,0.86,6.86,1,0,7
139,i,0.0,0.0,5.0,324,55,0,0,0,0,0.0,532,69,0,0,0.0,550,58,0,0,0.0,550,58,0.0,0.0,0,607,289,1008,385,0.0,0.0,0.0,0.0,0.0,0.0,0.0,0.0,0.0,0.0,0.0,505,39,0.0,517,47,0.0,473,46,0.0,521,48,,,,2,,Evan,Ferguson,Ferguson,Ankle injury - Expected back 10 Oct,,0,0,0,0,0,0,0,0,0,0,0,0,0,,,,0.0,0.0,0.0,0.0,0.0,0,0,0
328,a,100.0,100.0,5.0,279,48,0,0,0,0,0.2,327,123,0,0,0.0,529,191,0,0,0.0,529,191,0.0,0.0,0,2142,726,4251,1697,0.0,0.0,0.0,0.0,0.0,0.0,0.0,0.0,0.0,0.0,0.0,479,190,0.0,488,190,0.0,436,176,0.0,495,190,,,,2,,Pascal,Struijk,Struijk,,,0,0,0,0,0,0,0,0,0,0,0,0,0,,,,0.0,0.0,0.0,0.0,0.0,0,0,0
504,a,,,5.0,377,71,0,0,0,0,2.5,115,46,6,0,3.0,112,41,0,17,3.0,106,40,0.6,1.2,0,32186,11000,26665,14318,3.0,3.0,0.16,0.05,0.21,3.22,0.08,0.02,0.1,1.61,12.4,141,66,4.5,149,44,12.0,78,22,2.9,137,54,,,,2,,Luka,Vušković,Vuskovic,,,180,0,0,1,4,0,0,0,0,0,0,2,12,,,,0.0,0.5,2.0,1.0,6.0,1,11,5
594,a,,,6.0,87,19,0,0,0,0,0.3,311,53,1,1,1.0,330,40,0,3,0.5,349,42,0.1,0.2,0,4364,1845,6656,2515,0.5,0.5,0.0,0.0,0.0,0.04,0.0,0.0,0.0,0.36,0.0,607,66,0.0,610,67,0.0,605,67,0.0,610,67,,,2.0,2,,Promise,David,David,,,10,0,0,0,0,0,0,0,0,0,0,0,0,,,,0.0,0.0,0.0,0.0,0.0,0,0,0
600,a,,,5.0,378,228,0,0,0,0,0.0,564,235,2,1,1.0,292,132,0,13,1.0,244,113,0.2,0.4,0,368,150,263,120,1.0,1.0,0.0,0.06,0.06,0.1,0.0,0.19,0.19,0.32,4.2,221,95,15.4,78,49,4.0,136,68,2.4,157,71,,,,2,,Ibrahim,Osman,Osman,,,28,0,0,0,1,0,0,0,0,0,0,0,3,,,,0.0,0.0,3.21,0.0,9.64,1,0,2
605,a,,,4.5,533,268,0,0,0,0,0.9,210,68,9,8,4.5,68,33,1,42,4.5,64,31,1.0,2.0,0,73438,69099,9876,8924,4.5,4.5,0.7,0.17,0.87,2.83,0.82,0.2,1.02,3.31,0.6,269,126,2.7,167,98,0.0,367,123,0.3,275,129,,,,2,,Malick,Yalcouyé,Yalcouyé,,,77,1,0,0,3,0,0,0,0,0,0,1,7,,,,0.0,0.0,3.51,1.17,8.18,3,2,2
614,a,,,4.5,499,134,0,0,0,0,0.0,528,184,0,0,0.0,458,172,0,0,0.0,458,172,0.0,0.0,0,2159,1153,307,253,1.7,1.7,0.0,0.0,0.0,0.0,0.0,0.0,0.0,0.0,0.0,392,164,0.0,399,165,0.0,337,147,0.0,408,164,,,,2,,Jaouen,Hadjam,Hadjam,,,0,0,0,0,0,0,0,0,0,0,0,0,0,,,,0.0,0.0,0.0,0.0,0.0,0,0,0
624,a,,,5.0,351,207,0,0,0,0,0.0,625,276,0,0,0.0,561,232,0,0,0.0,561,232,0.0,0.0,0,53,53,19,19,1.5,1.5,0.0,0.0,0.0,0.0,0.0,0.0,0.0,0.0,0.0,519,210,0.0,532,219,0.0,490,187,0.0,535,217,,,,2,,Amario,Cozier-Duberry,Cozier-Duberry,,,0,0,0,0,0,0,0,0,0,0,0,0,0,,,,0.0,0.0,0.0,0.0,0.0,0,0,0
28,a,,,5.0,233,7,0,0,0,0,4.3,84,12,2,2,2.0,158,13,0,18,1.0,230,19,0.2,0.4,0,62426,33040,87215,22301,1.0,1.0,0.0,0.01,0.01,1.41,0.0,0.01,0.01,1.41,0.0,450,63,0.0,458,53,0.0,399,53,0.0,466,63,,,,2,,Emiliano,Martínez Romero,Martinez,,,90,0,0,0,3,0,0,0,0,0,4,1,0,,,,4.0,0.0,3.0,1.0,0.0,0,1,13
40,a,,,7.5,17,10,0,0,0,0,25.6,10,4,13,5,6.5,34,20,1,65,6.5,32,19,0.9,1.7,0,368817,116966,196664,124915,6.5,6.5,1.1,1.11,2.21,2.65,0.58,0.58,1.16,1.39,48.8,8,6,53.5,4,3,29.0,30,16,13.1,3,3,4.0,,,2,,Morgan,Rogers,Rogers,,,171,1,1,0,5,0,0,0,0,0,0,2,12,,,,0.0,0.0,2.63,1.05,6.32,3,1,8
101,d,75.0,75.0,5.0,227,141,0,0,0,0,0.0,521,217,0,0,0.0,508,205,0,0,0.0,508,205,0.0,0.0,0,336,122,1100,409,0.0,0.0,0.0,0.0,0.0,0.0,0.0,0.0,0.0,0.0,0.0,447,171,0.0,454,181,0.0,395,140,0.0,463,178,,,,2,,Jordan,Henderson,Henderson,Wrist injury - 75% chance of playing,,0,0,0,0,0,0,0,0,0,0,0,0,0,,,,0.0,0.0,0.0,0.0,0.0,0,0,0
136,a,100.0,100.0,5.9,91,23,-1,1,-1,1,0.9,204,32,0,0,0.0,604,69,0,0,0.0,604,69,0.0,0.0,0,7303,4167,34655,12230,0.0,0.0,0.0,0.0,0.0,0.0,0.0,0.0,0.0,0.0,0.0,584,58,0.0,593,63,0.0,584,63,0.0,595,64,,,,2,,Danny,Welbeck,Welbeck,,,0,0,0,0,0,0,0,0,0,0,0,0,0,,,,0.0,0.0,0.0,0.0,0.0,0,0,0
140,a,,,4.9,392,21,-1,1,-1,1,1.8,136,21,2,0,2.0,156,12,0,6,1.0,229,18,0.2,0.4,0,10404,1480,62580,35389,1.0,1.0,0.0,0.01,0.01,1.33,0.0,0.01,0.01,1.33,21.4,78,11,0.0,442,50,0.0,383,50,2.1,170,11,,,,2,,Robert,Lynch Sánchez,Sánchez,,,90,0,0,0,2,0,0,0,0,0,4,1,0,,,,4.0,0.0,2.0,1.0,0.0,0,1,5
141,u,0.0,0.0,5.0,345,20,0,0,0,0,0.0,584,69,0,0,0.0,560,70,0,0,0.0,560,70,0.0,0.0,0,0,0,649,148,0.0,0.0,0.0,0.0,0.0,0.0,0.0,0.0,0.0,0.0,0.0,518,70,0.0,531,66,0.0,488,66,0.0,534,70,,,,2,,Filip,Jörgensen,Jörgensen,Has joined RC Strasbourg on loan for the rest of the season,,0,0,0,0,0,0,0,0,0,0,0,0,0,,,,0.0,0.0,0.0,0.0,0.0,0,0,0
142,a,,,5.5,146,18,0,0,0,0,9.1,42,15,1,1,0.5,353,120,0,4,0.5,333,118,0.1,0.2,0,79280,16755,174206,92888,0.5,0.5,0.1,0.07,0.17,1.47,0.08,0.06,0.14,1.18,23.4,72,32,16.8,71,23,19.0,48,13,5.9,54,15,1.0,1.0,,2,,Reece,James,James,,,112,0,0,0,3,0,0,0,1,0,0,1,6,,,,0.0,0.0,2.41,0.8,4.82,0,6,5
143,u,0.0,0.0,5.5,129,14,0,0,0,0,0.1,416,147,0,0,0.0,591,204,0,0,0.0,591,204,0.0,0.0,0,0,0,10197,2139,0.0,0.0,0.0,0.0,0.0,0.0,0.0,0.0,0.0,0.0,0.0,557,202,0.0,570,202,0.0,542,195,0.0,571,202,,,,2,,Trevoh,Chalobah,Chalobah,Has joined Como permanently,,0,0,0,0,0,0,0,0,0,0,0,0,0,,,,0.0,0.0,0.0,0.0,0.0,0,0,0
144,a,,,5.0,320,60,0,0,0,0,1.2,173,71,2,1,1.0,278,107,0,1,1.0,239,85,0.2,0.4,0,19195,5870,20414,9467,1.0,1.0,0.0,0.04,0.04,2.52,0.0,0.02,0.02,1.37,7.2,185,82,9.8,125,38,6.0,117,36,2.3,162,63,,,,2,,Malo,Gusto,Gusto,,,165,0,0,0,5,0,0,0,0,0,0,2,8,,,,0.0,0.0,2.73,1.09,4.36,2,6,7
145,a,100.0,100.0,5.0,301,54,0,0,0,0,0.1,480,169,0,0,0.0,540,194,0,-2,0.0,540,194,0.0,0.0,0,2304,1491,844,583,0.0,0.0,0.0,0.01,0.01,1.26,0.0,0.01,0.01,1.69,0.0,492,193,0.0,502,193,0.0,455,181,0.0,508,193,,,,2,,Wesley,Fofana,Fofana,,,67,0,0,0,2,0,0,0,1,0,0,1,9,,,,0.0,0.0,2.69,1.34,12.09,0,9,0
146,u,0.0,0.0,4.5,460,114,0,0,0,0,0.0,567,196,0,0,0.0,439,165,0,0,0.0,439,165,0.0,0.0,0,232,0,1239,439,0.0,0.0,0.0,0.0,0.0,0.0,0.0,0.0,0.0,0.0,0.0,369,153,0.0,374,157,0.0,305,134,0.0,386,154,,,,2,,Benoît,Badiashile Mukinayi,B.Badiashile,Has joined Napoli on loan for the rest of the season,,0,0,0,0,0,0,0,0,0,0,0,0,0,,,,0.0,0.0,0.0,0.0,0.0,0,0,0
147,a,,,4.5,419,86,0,0,0,0,0.2,352,132,0,0,0.0,421,159,0,0,0.0,421,159,0.0,0.0,0,422,159,3269,1149,0.0,0.0,0.0,0.0,0.0,0.0,0.0,0.0,0.0,0.0,0.0,346,142,0.0,349,145,0.0,276,118,0.0,363,143,,,,2,,Tosin,Adarabioyo,Tosin,,,0,0,0,0,0,0,0,0,0,0,0,0,0,,,,0.0,0.0,0.0,0.0,0.0,0,0,0
148,a,,,4.5,511,139,0,0,0,0,0.6,250,95,5,4,2.5,132,47,0,17,2.5,126,45,0.6,1.1,0,16041,11683,8875,4391,2.5,2.5,0.01,0.09,0.1,2.46,0.01,0.05,0.06,1.44,8.4,175,76,12.3,101,30,11.0,82,26,3.2,125,47,,,,2,,Jorrel,Hato,Hato,,,154,0,1,0,5,0,0,0,0,0,0,2,9,,,,0.0,0.0,2.92,1.17,5.26,4,5,5
149,a,,,5.0,307,56,0,0,0,0,1.4,161,64,1,1,0.5,348,117,0,8,0.5,308,114,0.1,0.2,0,15298,4727,32234,14455,0.5,0.5,0.01,0.03,0.04,2.64,0.01,0.02,0.03,1.48,6.0,201,88,1.6,195,60,7.0,105,31,1.5,208,81,,,,2,,Levi,Samuels Colwill,Colwill,,,161,0,0,0,4,0,0,0,1,0,0,2,13,,,,0.0,0.0,2.24,1.12,7.27,3,10,5
150,u,0.0,,4.5,520,141,0,0,0,0,0.1,483,170,0,0,0.0,477,178,0,0,0.0,477,178,0.0,0.0,0,429,24,2944,1995,0.0,0.0,0.0,0.0,0.0,0.0,0.0,0.0,0.0,0.0,0.0,412,170,0.0,418,171,0.0,357,153,0.0,428,170,,,,2,,Mamadou,Sarr,M.Sarr,Has joined Real Sociedad on loan for the rest of the season,,0,0,0,0,0,0,0,0,0,0,0,0,0,,,,0.0,0.0,0.0,0.0,0.0,0,0,0
151,a,,,4.5,523,143,0,0,0,0,0.4,278,107,4,1,2.0,154,55,0,12,2.0,148,53,0.4,0.9,0,11093,3028,6435,3301,2.0,2.0,0.0,0.01,0.01,1.47,0.0,0.01,0.01,1.18,33.2,41,14,2.2,180,54,2.0,163,59,3.7,112,40,,,,2,,Josh,Acheampong,Acheampong,,,112,0,0,0,3,0,0,0,0,0,0,1,18,,,,0.0,0.0,2.41,0.8,14.46,6,12,6
152,d,75.0,75.0,5.4,226,34,-1,1,-1,1,1.7,145,59,0,0,0.0,589,203,0,0,0.0,589,203,0.0,0.0,0,5377,417,107670,37733,0.0,0.0,0.0,0.0,0.0,0.0,0.0,0.0,0.0,0.0,0.0,553,201,0.0,564,201,0.0,533,194,0.0,567,201,,,,2,,Marco,Palestra,Palestra,Unspecified injury - 75% chance of playing,,0,0,0,0,0,0,0,0,0,0,0,0,0,,,,0.0,0.0,0.0,0.0,0.0,0,0,0
154,a,100.0,100.0,9.6,3,2,1,-1,1,-1,18.0,20,8,20,7,10.0,9,5,3,88,10.0,8,4,1.0,2.1,0,574520,197648,104044,72084,10.0,10.0,0.94,0.32,1.26,2.65,0.49,0.17,0.66,1.39,65.2,2,2,41.3,14,12,54.0,5,4,16.1,1,1,,3.0,1.0,2,,Cole,Palmer,Palmer,,,172,2,1,0,5,0,0,0,0,0,0,2,17,,,,0.0,0.0,2.62,1.05,8.9,4,2,11
155,a,,,6.9,30,19,-1,1,-1,1,3.6,93,30,1,0,1.0,339,165,0,6,0.5,357,170,0.1,0.1,0,19010,4056,160589,71424,0.5,0.5,0.0,0.02,0.02,0.28,0.0,0.07,0.07,1.01,3.4,236,105,12.0,106,64,0.0,620,274,1.5,212,95,3.0,2.0,2.0,2,,Enzo,Fernández,Enzo,,,25,0,0,0,0,0,0,0,0,0,0,0,3,,,,0.0,0.0,0.0,0.0,10.8,0,0,3
156,a,,,6.5,37,25,0,0,0,0,1.2,171,52,8,7,4.0,92,40,0,41,4.0,86,38,0.6,1.2,0,17224,11589,32413,9051,4.0,4.0,0.44,0.4,0.84,1.48,0.49,0.44,0.93,1.64,5.2,212,88,4.1,152,90,4.0,144,73,1.3,227,102,2.0,4.0,,2,,Pedro,Lomba Neto,Neto,,,81,1,0,0,2,0,0,0,0,0,0,1,8,,,,0.0,0.0,2.22,1.11,8.89,1,3,4
157,a,,,6.4,55,39,-1,1,-1,1,1.0,194,61,1,0,1.0,335,161,0,3,0.5,353,166,0.1,0.2,0,7665,2101,42066,18282,0.5,0.5,0.0,0.0,0.0,0.09,0.0,0.0,0.0,1.16,0.2,279,134,0.4,256,135,0.0,611,267,0.1,295,141,5.0,,3.0,2,,Estêvão,Almeida de Oliveira Gonçalves,Estêvão,,,7,0,0,0,0,0,0,0,0,0,0,0,1,,,,0.0,0.0,0.0,0.0,12.86,0,0,1
158,a,,,5.9,101,63,-1,1,-1,1,0.0,531,220,0,0,0.0,606,261,0,0,0.0,606,261,0.0,0.0,0,419,148,1284,511,0.0,0.0,0.0,0.0,0.0,0.0,0.0,0.0,0.0,0.0,0.0,591,254,0.0,597,258,0.0,589,251,0.0,598,258,,,,2,,Jamie,Bynoe-Gittens,Gittens,,,0,0,0,0,0,0,0,0,0,0,0,0,0,,,,0.0,0.0,0.0,0.0,0.0,0,0,0
159,d,75.0,75.0,5.4,219,134,-1,1,-1,1,2.4,119,36,1,1,1.0,300,138,0,3,0.5,327,153,0.1,0.2,0,11694,2213,145329,47006,0.4,0.4,0.0,0.0,0.0,0.07,0.0,0.0,0.0,0.48,0.0,547,230,0.0,559,238,0.0,527,215,0.0,561,236,,,,2,,Moisés,Caicedo Corozo,Caicedo,Unspecified injury - 75% chance of playing,,13,0,0,0,0,0,0,0,0,0,0,0,0,,,,0.0,0.0,0.0,0.0,0.0,0,0,0
161,a,,,5.0,348,204,0,0,0,0,0.1,393,155,8,7,4.0,86,38,0,40,4.0,83,36,0.8,1.6,0,7144,5971,2222,1303,4.0,4.0,0.75,0.03,0.78,2.31,0.52,0.02,0.54,1.59,13.6,130,43,21.9,55,36,33.0,24,11,6.9,44,26,,,,2,,Roméo,Lavia,Lavia,,,131,1,0,0,4,0,0,0,1,0,0,2,16,,,,0.0,0.0,2.75,1.37,10.99,4,5,7
163,a,,,4.5,490,254,0,0,0,0,0.2,344,125,0,0,0.0,449,178,0,0,0.0,449,178,0.0,0.0,0,2269,1017,4416,1529,0.0,0.0,0.0,0.0,0.0,0.0,0.0,0.0,0.0,0.0,0.0,383,142,0.0,390,152,0.0,328,110,0.0,399,149,,,,2,,Dário,Luís Essugo,D.Essugo,,,0,0,0,0,0,0,0,0,0,0,0,0,0,,,,0.0,0.0,0.0,0.0,0.0,0,0,0
164,a,100.0,100.0,5.4,224,139,-1,1,-1,1,0.0,511,212,1,0,1.0,302,140,0,2,0.5,329,155,0.1,0.2,0,394,163,1437,617,0.5,0.5,0.0,0.0,0.0,0.09,0.0,0.0,0.0,1.01,1.2,264,122,0.3,263,139,2.0,176,87,0.4,268,124,,,,2,,Geovany,Quenda,Quenda,,,8,0,0,0,0,0,0,0,0,0,0,0,1,,,,0.0,0.0,0.0,0.0,11.25,0,1,0
165,a,,,7.6,14,5,0,0,1,-1,69.6,2,2,20,9,10.0,7,1,4,89,10.0,6,1,1.3,2.6,0,613949,208761,81862,53697,10.0,10.0,1.86,0.1,1.96,2.74,0.93,0.05,0.98,1.37,51.2,5,1,23.0,53,3,37.0,19,7,11.1,11,2,,,,2,,João Pedro,Junqueira de Jesus,João Pedro,,,180,2,2,0,5,1,0,0,0,0,0,2,6,,,,0.0,0.0,2.5,1.0,3.0,1,1,4
168,a,,,5.0,338,56,0,0,0,0,0.4,269,46,0,0,0.0,558,59,0,0,0.0,558,59,0.0,0.0,0,3795,1617,10051,3905,0.0,0.0,0.0,0.0,0.0,0.0,0.0,0.0,0.0,0.0,0.0,515,40,0.0,528,48,0.0,485,47,0.0,531,49,,,,2,,Marc,Guiu Paz,Marc Guiu,,,0,0,0,0,0,0,0,0,0,0,0,0,0,,,,0.0,0.0,0.0,0.0,0.0,0,0,0
169,a,,,4.5,517,69,0,0,0,0,0.4,281,48,0,0,0.0,474,50,0,0,0.0,474,50,0.0,0.0,0,6455,3526,7138,2729,0.0,0.0,0.0,0.0,0.0,0.0,0.0,0.0,0.0,0.0,0.0,409,31,0.0,415,38,0.0,354,37,0.0,425,40,,,,2,,Shumaira,Mheuka,Mheuka,,,0,0,0,0,0,0,0,0,0,0,0,0,0,,,,0.0,0.0,0.0,0.0,0.0,0,0,0
170,a,100.0,100.0,5.0,343,57,0,0,0,0,0.1,378,54,0,0,0.0,559,60,0,0,0.0,559,60,0.0,0.0,0,2482,1032,4004,1670,0.0,0.0,0.0,0.0,0.0,0.0,0.0,0.0,0.0,0.0,0.0,517,41,0.0,530,49,0.0,487,48,0.0,533,50,,,,2,,Emmanuel,Emegha,Emegha,,,0,0,0,0,0,0,0,0,0,0,0,0,0,,,,0.0,0.0,0.0,0.0,0.0,0,0,0
200,a,,,6.0,72,8,0,0,0,0,9.0,43,16,7,1,3.5,101,37,0,22,3.5,96,37,0.6,1.2,0,85220,21698,108132,63325,3.5,3.5,0.02,0.2,0.22,2.74,0.01,0.1,0.11,1.37,44.2,15,5,11.2,120,36,2.0,185,63,5.7,58,17,,,,2,,Maxence,Lacroix,Lacroix,,,180,0,1,0,5,0,0,0,0,0,0,2,21,,,,0.0,0.0,2.5,1.0,10.5,6,15,3
560,a,,,4.5,509,47,0,0,0,0,0.1,471,53,0,0,0.0,468,62,0,0,0.0,468,62,0.0,0.0,0,590,195,1369,604,0.0,0.0,0.0,0.0,0.0,0.0,0.0,0.0,0.0,0.0,0.0,402,60,0.0,409,48,0.0,347,48,0.0,418,60,,,,2,,Mike,Penders,Penders,,,0,0,0,0,0,0,0,0,0,0,0,0,0,,,,0.0,0.0,0.0,0.0,0.0,0,0,0
561,a,100.0,100.0,4.5,539,148,0,0,0,0,0.0,560,193,0,0,0.0,489,181,0,0,0.0,489,181,0.0,0.0,0,236,114,566,120,0.0,0.0,0.0,0.0,0.0,0.0,0.0,0.0,0.0,0.0,0.0,426,174,0.0,432,175,0.0,373,158,0.0,442,174,,,,2,,Aaron,Anselmino,Anselmino,,,0,0,0,0,0,0,0,0,0,0,0,0,0,,,,0.0,0.0,0.0,0.0,0.0,0,0,0
568,a,,,5.5,187,117,0,0,0,0,0.1,388,151,1,1,1.0,317,148,0,1,0.5,340,158,0.1,0.2,0,1139,611,2539,878,0.5,0.5,0.04,0.0,0.04,0.07,0.45,0.0,0.45,0.79,0.0,576,248,0.0,587,254,0.0,575,245,0.0,588,253,,,,2,,Valentín,Barco,Barco,,,8,0,0,0,1,0,0,0,0,0,0,0,1,,,,0.0,0.0,11.25,0.0,11.25,0,1,0
578,a,,,5.4,216,132,-1,1,-1,1,0.0,508,211,0,0,0.0,584,247,0,0,0.0,584,247,0.0,0.0,0,462,228,1619,643,0.0,0.0,0.0,0.0,0.0,0.0,0.0,0.0,0.0,0.0,0.0,545,229,0.0,557,237,0.0,525,213,0.0,560,235,,,,2,,Mykhailo,Mudryk,Mudryk,,,0,0,0,0,0,0,0,0,0,0,0,0,0,,,,0.0,0.0,0.0,0.0,0.0,0,0,0
583,a,,,5.0,337,67,0,0,0,0,0.2,347,130,2,1,1.0,282,108,0,4,1.0,241,86,0.2,0.4,0,1448,367,4374,1816,1.0,1.0,0.0,0.02,0.02,0.37,0.0,0.04,0.04,0.77,2.4,243,96,0.2,270,99,2.0,172,61,0.5,257,95,,,,2,,Pep,Chavarría,Chavarria,,,43,0,0,0,1,0,0,0,0,0,0,0,4,,,,0.0,0.0,2.09,0.0,8.37,1,3,2
91,a,,,4.5,454,110,0,0,0,0,0.1,460,163,1,1,1.0,244,88,0,-1,0.5,284,99,0.1,0.2,0,867,293,1536,565,0.5,0.5,0.0,0.0,0.0,0.54,0.0,0.0,0.0,4.05,0.0,365,150,0.0,369,154,0.0,300,131,0.0,382,151,,,,2,,Ethan,Pinnock,Pinnock,,,12,0,0,0,1,0,0,0,0,0,0,0,2,,,,0.0,0.0,7.5,0.0,15.0,0,2,0
104,a,,,5.0,295,179,0,0,0,0,0.1,373,142,2,0,2.0,164,77,0,8,1.0,235,108,0.2,0.4,0,2660,204,3134,1534,1.0,1.0,0.0,0.01,0.01,1.88,0.0,0.01,0.01,1.88,3.6,232,102,1.6,194,113,0.0,450,169,0.5,255,115,,,,2,,Frank,Onyeka,Onyeka,,,90,0,0,0,3,0,0,0,0,0,0,1,9,,,,0.0,0.0,3.0,1.0,9.0,1,3,5
110,a,,,4.5,481,40,0,0,0,0,1.1,181,27,3,2,1.5,195,15,0,10,1.5,181,12,0.3,0.7,0,13158,1227,12125,7453,1.5,1.5,0.0,0.01,0.01,2.6,0.0,0.0,0.0,1.3,14.2,121,17,0.0,384,41,0.0,321,41,1.4,216,17,,,,2,,Carl,Rushworth,Rushworth,,,180,0,0,0,4,0,0,0,0,0,3,2,0,,,,1.5,0.0,2.0,1.0,0.0,0,2,20
172,a,,,4.5,420,28,0,0,0,0,0.4,267,36,0,0,0.0,422,49,0,0,0.0,422,49,0.0,0.0,0,321,94,5387,1947,0.0,0.0,0.0,0.0,0.0,0.0,0.0,0.0,0.0,0.0,0.0,347,47,0.0,350,29,0.0,277,29,0.0,364,47,,,,2,,Ben,Wilson,Wilson,,,0,0,0,0,0,0,0,0,0,0,0,0,0,,,,0.0,0.0,0.0,0.0,0.0,0,0,0
173,a,,,4.0,592,178,0,0,0,0,8.2,51,20,11,8,5.5,49,19,2,39,5.5,46,18,1.4,2.8,0,88223,50112,49614,25724,5.5,5.5,0.02,0.02,0.04,2.06,0.01,0.01,0.02,1.11,23.2,73,33,11.2,119,35,1.0,189,65,3.5,115,42,,,,2,,Bobby,Thomas,Thomas,,,167,0,0,1,3,0,0,0,0,0,0,2,19,,,,0.0,0.54,1.62,1.08,10.24,1,18,8
174,a,,,4.0,585,173,0,0,0,0,0.6,241,90,0,0,0.0,381,131,0,0,0.0,381,131,0.0,0.0,0,819,299,7446,2660,0.0,0.0,0.0,0.0,0.0,0.0,0.0,0.0,0.0,0.0,0.0,304,112,0.0,304,114,0.0,223,80,0.0,321,113,,,,2,,Liam,Kitching,Kitching,,,0,0,0,0,0,0,0,0,0,0,0,0,0,,,,0.0,0.0,0.0,0.0,0.0,0,0,0
175,a,,,4.0,590,176,0,0,0,0,12.4,33,12,3,2,1.5,192,61,0,7,1.5,177,59,0.4,0.8,0,54113,19662,105974,56116,1.5,1.5,0.0,0.2,0.2,2.6,0.0,0.1,0.1,1.3,10.6,157,72,2.0,186,56,2.0,157,53,1.5,206,79,,,,2,,Milan,van Ewijk,van Ewijk,,,180,0,0,0,4,0,0,0,0,0,0,2,9,,,,0.0,0.0,2.0,1.0,4.5,2,7,6
176,a,,,4.0,570,161,0,0,0,0,0.8,216,80,3,2,1.5,191,60,0,11,1.5,176,58,0.4,0.8,0,4275,1051,6656,2602,1.5,1.5,0.18,0.07,0.25,2.6,0.09,0.04,0.13,1.3,13.8,124,56,3.8,154,45,0.0,212,72,1.8,188,73,,,,2,,Jay,Dasilva,Dasilva,,,180,0,0,0,4,0,0,0,0,0,0,2,9,,,,0.0,0.0,2.0,1.0,4.5,2,7,4
177,i,0.0,0.0,4.0,594,179,0,0,0,0,0.1,493,173,0,0,0.0,386,133,0,0,0.0,386,133,0.0,0.0,0,217,49,1411,661,0.0,0.0,0.0,0.0,0.0,0.0,0.0,0.0,0.0,0.0,0.0,309,114,0.0,309,116,0.0,230,84,0.0,326,115,,,,2,,Kaine,Kesler-Hayden,Kesler-Hayden,Hamstring injury - Unknown return date,,0,0,0,0,0,0,0,0,0,0,0,0,0,,,,0.0,0.0,0.0,0.0,0.0,0,0,0
178,a,,,4.0,557,154,0,0,0,0,0.1,448,157,0,0,0.0,364,123,0,0,0.0,364,123,0.0,0.0,0,698,192,1225,481,0.0,0.0,0.0,0.0,0.0,0.0,0.0,0.0,0.0,0.0,0.0,286,103,0.0,283,102,0.0,201,67,0.0,302,103,,,,2,,Jake,Bidwell,Bidwell,,,0,0,0,0,0,0,0,0,0,0,0,0,0,,,,0.0,0.0,0.0,0.0,0.0,0,0,0
179,a,,,4.0,574,165,0,0,0,0,0.0,510,177,0,0,0.0,374,127,0,0,0.0,374,127,0.0,0.0,0,285,125,631,211,0.0,0.0,0.0,0.0,0.0,0.0,0.0,0.0,0.0,0.0,0.0,297,108,0.0,296,109,0.0,216,76,0.0,314,109,,,,2,,Joel,Latibeaudiere,Latibeaudiere,,,0,0,0,0,0,0,0,0,0,0,0,0,0,,,,0.0,0.0,0.0,0.0,0.0,0,0,0
180,i,0.0,0.0,4.0,579,169,0,0,0,0,0.2,370,137,0,0,0.0,377,129,0,0,0.0,377,129,0.0,0.0,0,1246,300,3984,1756,0.0,0.0,0.0,0.0,0.0,0.0,0.0,0.0,0.0,0.0,0.0,300,110,0.0,299,111,0.0,219,78,0.0,317,111,,,,2,,Luke,Woolfenden,Woolfenden,Knee injury - Unknown return date,,0,0,0,0,0,0,0,0,0,0,0,0,0,,,,0.0,0.0,0.0,0.0,0.0,0,0,0
181,u,0.0,,4.0,615,197,0,0,0,0,0.0,522,181,0,0,0.0,404,148,0,0,0.0,404,148,0.0,0.0,0,275,19,878,540,0.0,0.0,0.0,0.0,0.0,0.0,0.0,0.0,0.0,0.0,0.0,328,130,0.0,328,132,0.0,251,102,0.0,345,131,,,,2,,Miguel,Brau,Brau,Has joined Academico de Viseu on loan for the rest of the season,,0,0,0,0,0,0,0,0,0,0,0,0,0,,,,0.0,0.0,0.0,0.0,0.0,0,0,0
182,a,,,4.0,605,187,0,0,0,0,0.8,215,79,2,1,1.0,228,73,0,5,1.0,211,69,0.2,0.5,0,4322,994,7901,3390,1.0,1.0,0.02,0.05,0.07,2.6,0.01,0.02,0.03,1.3,28.8,54,21,0.8,227,77,0.0,241,92,3.0,129,49,,,,2,,Aurèle,Amenda,Amenda,,,180,0,0,0,4,0,0,0,1,0,0,2,13,,,,0.0,0.0,2.0,1.0,6.5,0,13,5
183,a,100.0,100.0,5.0,319,188,0,0,0,0,0.1,390,153,4,3,2.0,166,78,0,15,2.0,154,75,0.4,0.8,0,1637,387,2359,1060,2.0,2.0,0.21,0.09,0.3,0.31,0.21,0.09,0.3,0.31,5.6,206,84,3.8,157,91,17.0,54,29,2.6,148,66,4.0,1.0,,2,,Jack,Rudoni,Rudoni,,,90,0,0,1,0,0,0,0,0,0,0,1,11,,,,0.0,1.0,0.0,1.0,11.0,2,1,8
184,a,,,5.0,247,152,0,0,0,0,0.2,348,128,4,2,2.0,159,73,0,28,2.0,151,72,0.4,0.8,0,2550,260,3103,1487,2.0,2.0,0.01,0.05,0.06,2.6,0.0,0.02,0.02,1.3,13.4,133,44,3.7,158,92,0.0,412,150,1.7,197,87,1.0,,3.0,2,,Matt,Grimes,Grimes,,,180,0,0,0,4,0,0,0,0,0,0,2,17,,,,0.0,0.0,2.0,1.0,8.5,0,5,12
185,a,,,5.0,341,199,0,0,0,0,0.1,437,175,1,1,1.0,283,124,0,8,0.5,313,142,0.1,0.2,0,221,84,2180,725,0.5,0.5,0.02,0.02,0.04,0.69,0.06,0.06,0.12,2.0,0.0,516,209,0.0,529,218,0.0,486,185,0.0,532,216,,,,2,,Tatsuhiro,Sakamoto,Sakamoto,,,31,0,0,0,1,0,0,0,0,0,0,0,4,,,,0.0,0.0,2.9,0.0,11.61,2,0,2
186,a,100.0,100.0,5.5,149,91,0,0,0,0,0.1,407,163,1,1,1.0,311,146,0,4,0.5,334,157,0.1,0.2,0,599,110,2448,870,0.5,0.5,0.0,0.06,0.06,0.02,0.0,0.09,0.09,0.03,0.0,566,242,0.0,579,249,0.0,556,234,0.0,579,248,,,,2,,Ephron,Mason-Clark,Mason-Clark,,,57,0,0,0,0,0,0,0,0,0,0,1,4,,,,0.0,0.0,0.0,1.58,6.32,0,2,2
187,a,,,4.9,395,238,-1,1,-1,1,0.0,574,240,0,0,0.0,500,199,0,0,0.0,500,199,0.0,0.0,0,324,255,502,203,0.0,0.0,0.0,0.0,0.0,0.0,0.0,0.0,0.0,0.0,0.0,438,165,0.0,445,175,0.0,386,134,0.0,454,172,,,,2,,Josh,Eccles,Eccles,,,0,0,0,0,0,0,0,0,0,0,0,0,0,,,,0.0,0.0,0.0,0.0,0.0,0,0,0
188,a,,,5.5,147,90,0,0,0,0,0.1,376,144,2,1,1.0,310,145,0,10,1.0,253,119,0.2,0.4,0,578,29,3116,1292,1.0,1.0,0.0,0.12,0.12,1.01,0.0,0.23,0.23,1.93,6.8,192,76,16.4,72,44,0.0,555,233,2.3,163,74,2.0,2.0,2.0,2,,Victor,Torp,Torp,,,47,0,0,0,1,0,0,0,0,0,0,0,3,,,,0.0,0.0,1.91,0.0,5.74,0,1,2
189,a,,,4.5,545,275,0,0,0,0,0.3,307,105,0,0,0.0,495,196,0,0,0.0,495,196,0.0,0.0,0,1769,756,4879,1708,0.0,0.0,0.0,0.0,0.0,0.0,0.0,0.0,0.0,0.0,0.0,432,161,0.0,438,171,0.0,379,130,0.0,448,168,,,,2,,George,Shepherd,Shepherd,,,0,0,0,0,0,0,0,0,0,0,0,0,0,,,,0.0,0.0,0.0,0.0,0.0,0,0,0
190,a,,,5.5,172,105,0,0,0,0,0.1,374,143,3,1,1.5,213,100,0,18,1.5,199,95,0.3,0.5,0,2829,67,2671,1220,1.5,1.5,0.09,0.15,0.24,1.78,0.06,0.1,0.16,1.15,1.8,256,117,6.0,138,82,3.0,151,78,1.1,232,105,,,,2,,Loum,Tchaouna,Tchaouna,,,139,0,0,0,3,0,0,0,0,0,0,2,14,,,,0.0,0.0,1.94,1.29,9.06,1,5,8
191,a,,,4.5,492,256,0,0,0,0,0.2,362,136,0,0,0.0,451,180,0,0,0.0,451,180,0.0,0.0,0,1526,846,3055,1182,0.0,0.0,0.0,0.0,0.0,0.0,0.0,0.0,0.0,0.0,0.0,385,144,0.0,392,154,0.0,330,112,0.0,401,151,,,,2,,Raphael,Borges Rodrigues,Borges Rodrigues,,,0,0,0,0,0,0,0,0,0,0,0,0,0,,,,0.0,0.0,0.0,0.0,0.0,0,0,0
192,u,0.0,,4.5,540,272,0,0,0,0,0.5,254,86,0,0,0.0,490,193,0,0,0.0,490,193,0.0,0.0,0,2718,142,16808,9614,0.0,0.0,0.0,0.0,0.0,0.0,0.0,0.0,0.0,0.0,0.0,427,158,0.0,433,168,0.0,374,127,0.0,443,165,,,,2,,Kai,Andrews,Andrews,Has joined Oxford United on loan for the rest of the season,,0,0,0,0,0,0,0,0,0,0,0,0,0,,,,0.0,0.0,0.0,0.0,0.0,0,0,0
193,i,0.0,0.0,5.4,206,46,-1,1,-1,1,0.1,404,58,0,0,0.0,576,64,0,0,0.0,576,64,0.0,0.0,0,166,59,7313,1888,0.0,0.0,0.0,0.0,0.0,0.0,0.0,0.0,0.0,0.0,0.0,538,45,0.0,551,53,0.0,518,52,0.0,554,54,,,1.0,2,,Haji,Wright,Wright,Thigh injury - Unknown return date,,0,0,0,0,0,0,0,0,0,0,0,0,0,,,,0.0,0.0,0.0,0.0,0.0,0,0,0
194,a,,,5.0,284,52,0,0,0,0,0.8,212,34,3,1,1.5,200,25,0,14,1.5,186,20,0.3,0.6,0,23684,9090,15882,7994,1.5,1.5,0.0,0.02,0.02,2.29,0.0,0.02,0.02,2.04,4.6,217,15,1.1,220,25,0.0,441,43,0.6,251,26,,,4.0,2,,Brandon,Thomas-Asante,Thomas-Asante,,,101,0,0,0,4,0,0,0,0,0,0,1,8,,,,0.0,0.0,3.56,0.89,7.13,0,5,3
195,a,,,5.0,273,50,0,0,0,0,0.9,196,30,2,0,2.0,162,19,0,7,1.0,234,25,0.2,0.4,0,25563,5627,19432,9829,1.0,1.0,0.0,0.01,0.01,1.6,0.0,0.01,0.01,2.09,2.6,241,18,12.3,102,10,2.0,168,27,1.7,198,20,,,,2,,Ellis,Simms,Simms,,,69,0,0,0,3,0,0,0,0,0,0,1,3,,,,0.0,0.0,3.91,1.3,3.91,0,1,2
196,u,0.0,0.0,5.0,364,59,0,0,0,0,0.0,590,71,0,0,0.0,568,61,0,0,0.0,568,61,0.0,0.0,0,0,0,767,177,0.0,0.0,0.0,0.0,0.0,0.0,0.0,0.0,0.0,0.0,0.0,526,42,0.0,539,50,0.0,498,49,0.0,542,51,,,,2,,Jahnoah,Markelo,Markelo,Has joined Shabab Al-Ahli Dubai permanently,,0,0,0,0,0,0,0,0,0,0,0,0,0,,,,0.0,0.0,0.0,0.0,0.0,0,0,0
197,u,0.0,0.0,4.5,508,66,0,0,0,0,0.0,526,68,0,0,0.0,467,48,0,0,0.0,467,48,0.0,0.0,0,0,0,1135,347,0.0,0.0,0.0,0.0,0.0,0.0,0.0,0.0,0.0,0.0,0.0,401,28,0.0,408,36,0.0,346,34,0.0,417,37,,,,2,,Norman,Bassette,Bassette,Has joined KVC Westerlo on loan for the rest of the season,,0,0,0,0,0,0,0,0,0,0,0,0,0,,,,0.0,0.0,0.0,0.0,0.0,0,0,0
492,a,,,5.5,142,35,0,0,0,0,0.8,218,36,3,2,1.5,210,27,0,10,1.5,196,22,0.3,0.5,0,10961,2307,16478,7185,1.5,1.5,0.93,0.03,0.96,1.01,0.76,0.02,0.78,0.83,0.0,563,51,1.4,201,24,0.0,552,57,0.1,292,32,,,5.0,2,,Taiwo,Awoniyi,Awoniyi,,,110,0,0,0,1,0,0,0,0,0,0,1,4,,,,0.0,0.0,0.82,0.82,3.27,0,1,3
575,a,,,5.0,387,233,0,0,0,0,0.2,325,114,4,3,2.0,169,80,0,19,2.0,157,77,0.4,0.8,0,1422,425,4425,1850,2.0,2.0,0.03,0.13,0.16,1.58,0.02,0.09,0.11,1.09,0.0,536,223,3.1,164,96,0.0,515,207,0.0,552,230,,,,2,,Caleb,Yirenkyi,Yirenkyi,,,131,0,0,1,3,0,0,0,1,0,0,2,10,,,,0.0,0.69,2.06,1.37,6.87,0,3,7
584,a,,,5.5,131,81,0,0,0,0,0.1,392,154,2,1,1.0,308,143,0,5,1.0,252,118,0.2,0.4,0,487,101,2412,984,1.0,1.0,0.0,0.02,0.02,0.82,0.0,0.07,0.07,2.73,0.4,274,129,0.3,264,140,0.0,544,225,0.1,291,138,3.0,,,2,,Gustavo,Hamer,Hamer,,,27,0,0,0,1,0,0,0,0,0,0,0,1,,,,0.0,0.0,3.33,0.0,3.33,0,0,1
599,a,,,5.0,381,60,0,0,0,0,0.1,424,60,0,0,0.0,573,62,0,0,0.0,573,62,0.0,0.0,0,2861,1137,2475,1081,0.0,0.0,0.0,0.0,0.0,0.0,0.0,0.0,0.0,0.0,0.0,534,43,0.0,546,51,0.0,510,50,0.0,550,52,,,,2,,Sidiki,Cherif,Cherif,,,0,0,0,0,0,0,0,0,0,0,0,0,0,,,,0.0,0.0,0.0,0.0,0.0,0,0,0
623,a,,,4.0,556,54,0,0,0,0,0.1,413,46,0,0,0.0,363,28,0,0,0.0,363,28,0.0,0.0,0,5782,5782,710,710,1.0,1.0,0.0,0.0,0.0,0.0,0.0,0.0,0.0,0.0,0.0,285,26,0.0,282,6,0.0,200,6,0.0,301,26,,,,2,,Dan,Bentley,Bentley,,,0,0,0,0,0,0,0,0,0,0,0,0,0,,,,0.0,0.0,0.0,0.0,0.0,0,0,0
42,a,,,5.5,178,110,0,0,0,0,0.0,504,208,2,1,1.0,316,147,0,6,1.0,255,121,0.2,0.4,0,730,247,1121,498,1.0,1.0,0.03,0.03,0.06,0.34,0.05,0.05,0.1,0.57,3.2,237,106,1.8,191,111,7.0,111,58,1.2,230,104,,,,2,,Evann,Guessand,Guessand,,,54,0,0,0,1,0,0,0,0,0,0,0,2,,,,0.0,0.0,1.67,0.0,3.33,1,1,0
153,a,,,4.5,445,103,0,0,0,0,0.1,474,168,1,1,1.0,241,85,0,-2,0.5,283,98,0.1,0.2,0,1180,655,1318,470,0.5,0.5,0.0,0.0,0.0,0.2,0.0,0.0,0.0,1.12,0.0,361,148,0.0,365,152,0.0,294,127,0.0,378,149,,,,2,,Axel,Disasi,Disasi,,,16,0,0,0,1,0,0,0,0,0,0,0,1,,,,0.0,0.0,5.62,0.0,5.62,1,0,1
198,a,100.0,100.0,5.0,250,10,0,0,0,0,1.8,135,20,3,1,1.5,198,18,0,18,1.5,184,15,0.3,0.6,0,12035,6131,22496,8722,1.5,1.5,0.0,0.0,0.0,3.33,0.0,0.0,0.0,1.66,28.2,57,9,0.0,473,56,0.0,415,56,2.8,140,9,,,,2,,Dean,Henderson,Henderson,,,180,0,0,0,6,0,0,0,0,0,7,2,0,,,,3.5,0.0,3.0,1.0,0.0,0,5,24
199,a,,,4.5,421,29,0,0,0,0,0.1,408,44,0,0,0.0,423,50,0,0,0.0,423,50,0.0,0.0,0,763,295,1983,607,0.0,0.0,0.0,0.0,0.0,0.0,0.0,0.0,0.0,0.0,0.0,348,48,0.0,351,30,0.0,278,30,0.0,365,48,,,,2,,Walter,Benítez,Benitez,,,0,0,0,0,0,0,0,0,0,0,0,0,0,,,,0.0,0.0,0.0,0.0,0.0,0,0,0
201,a,,,5.4,210,31,-1,1,-1,1,7.2,57,22,0,0,0.0,580,201,0,-4,0.0,580,201,0.0,0.0,0,26231,10586,227432,102006,0.0,0.0,0.23,0.01,0.24,0.84,0.38,0.02,0.4,1.4,1.2,263,100,1.8,190,58,21.0,43,10,2.4,158,61,,,,2,,Daniel,Muñoz Mejía,Muñoz,,,54,0,0,0,2,0,0,0,0,0,0,1,4,,,,0.0,0.0,3.33,1.67,6.67,1,3,1
202,a,,,5.0,294,51,0,0,0,0,0.7,228,83,3,0,1.5,201,65,0,9,1.5,187,64,0.3,0.6,0,6317,2109,11815,5361,1.5,1.5,0.04,0.0,0.04,3.33,0.02,0.0,0.02,1.66,42.6,22,8,0.7,236,83,0.0,449,179,4.3,95,33,,,,2,,Chris,Richards,Richards,,,180,0,0,0,6,0,0,0,0,0,0,2,22,,,,0.0,0.0,3.0,1.0,11.0,4,18,3
203,a,,,5.0,384,73,0,0,0,0,0.3,304,113,1,0,0.5,350,118,0,8,0.5,323,115,0.1,0.2,0,1439,618,6616,2595,0.5,0.5,0.05,0.01,0.06,3.33,0.02,0.0,0.02,1.66,27.4,60,23,5.7,142,42,5.0,124,40,3.8,109,38,,,,2,,Jaydee,Canvot,Canvot,,,180,0,0,0,6,0,0,0,0,0,0,2,15,,,,0.0,0.0,3.0,1.0,7.5,5,10,4
204,a,,,4.5,464,117,0,0,0,0,5.1,71,29,1,0,0.5,344,114,0,1,0.5,286,101,0.1,0.2,0,10055,4090,85421,35082,0.5,0.5,0.11,0.17,0.28,3.33,0.06,0.08,0.14,1.66,11.6,145,68,13.8,92,27,2.0,162,58,2.7,143,56,,,,2,,Tyrick,Mitchell,Mitchell,,,180,0,0,0,6,0,0,0,0,0,0,2,10,,,,0.0,0.0,3.0,1.0,5.0,4,6,5
205,a,,,4.5,444,102,0,0,0,0,0.0,537,187,0,0,0.0,433,162,0,0,0.0,433,162,0.0,0.0,0,194,68,574,222,0.0,0.0,0.0,0.0,0.0,0.0,0.0,0.0,0.0,0.0,0.0,360,147,0.0,364,151,0.0,293,126,0.0,377,148,,,,2,,Borna,Sosa,Sosa,,,0,0,0,0,0,0,0,0,0,0,0,0,0,,,,0.0,0.0,0.0,0.0,0.0,0,0,0
206,i,0.0,0.0,4.4,549,152,-1,1,-1,1,0.0,516,179,1,0,1.0,233,78,0,7,0.5,277,93,0.1,0.2,0,413,93,3769,926,0.0,0.0,0.0,0.01,0.01,0.98,0.0,0.01,0.01,1.22,12.6,137,64,1.3,205,66,0.0,264,114,1.4,214,83,,,,2,,Chadi,Riad Dnanou,Chadi Riad,Knee injury - Unknown return date,,72,0,0,0,2,0,0,0,0,0,0,1,7,,,,0.0,0.0,2.5,1.25,8.75,1,6,3
207,a,,,4.5,459,113,0,0,0,0,0.1,469,166,1,1,1.0,246,90,0,1,0.5,285,100,0.1,0.2,0,353,154,1800,520,0.5,0.5,0.0,0.0,0.0,0.2,0.0,0.0,0.0,1.2,0.0,368,152,0.0,373,156,0.0,304,133,0.0,385,153,,,,2,,Oscar,Mingueza,Mingueza,,,15,0,0,0,1,0,0,0,0,0,0,0,1,,,,0.0,0.0,6.0,0.0,6.0,1,0,0
208,i,0.0,0.0,6.4,51,35,0,0,-1,1,1.7,147,42,0,0,0.0,615,269,0,0,0.0,615,269,0.0,0.0,0,2250,148,266852,60274,0.0,0.0,0.0,0.0,0.0,0.0,0.0,0.0,0.0,0.0,0.0,609,266,0.0,612,268,0.0,608,264,0.0,612,268,,,2.0,2,,Ismaïla,Sarr,Sarr,Groin injury - Unknown return date,,0,0,0,0,0,0,0,0,0,0,0,0,0,,,,0.0,0.0,0.0,0.0,0.0,0,0,0
210,a,100.0,100.0,5.5,181,112,0,0,0,0,0.9,207,67,6,2,3.0,115,49,0,41,3.0,110,49,0.5,1.1,0,11593,4883,14173,6373,3.0,3.0,0.0,0.31,0.31,3.33,0.0,0.16,0.16,1.66,16.8,103,36,30.9,25,20,0.0,573,244,4.8,82,43,2.0,,,2,,Adam,Wharton,Wharton,,,180,0,0,0,6,0,0,0,0,0,0,2,21,,,,0.0,0.0,3.0,1.0,10.5,6,4,11
211,a,,,5.5,179,111,0,0,0,0,0.2,339,123,6,5,3.0,114,48,0,31,3.0,109,48,0.5,1.1,0,2580,2266,3529,1071,3.0,3.0,0.11,0.09,0.2,2.28,0.1,0.08,0.18,2.01,2.0,254,116,6.3,137,81,6.0,120,61,1.4,220,98,1.0,1.0,,2,,Yéremy,Pino Santos,Yeremy,,,102,0,1,0,3,0,0,0,0,0,0,1,15,,,,0.0,0.0,2.65,0.88,13.24,4,2,9
212,a,,,4.5,417,245,0,0,0,0,10.1,40,16,0,0,0.0,419,171,0,0,0.0,419,171,0.0,0.0,0,38399,18217,151882,61702,0.0,0.0,0.0,0.0,0.0,0.0,0.0,0.0,0.0,0.0,0.0,344,135,0.0,347,145,0.0,274,101,0.0,361,142,4.0,,,2,,Will,Hughes,Hughes,,,0,0,0,0,0,0,0,0,0,0,0,0,0,,,,0.0,0.0,0.0,0.0,0.0,0,0,0
213,a,,,5.0,242,147,0,0,0,0,0.1,432,172,0,0,0.0,516,209,0,0,0.0,516,209,0.0,0.0,0,314,110,2274,824,0.0,0.0,0.0,0.0,0.0,0.0,0.0,0.0,0.0,0.0,0.0,458,176,0.0,467,186,0.0,407,145,0.0,474,183,,,,2,,Jefferson,Lerma Solís,Lerma,,,0,0,0,0,0,0,0,0,0,0,0,0,0,,,,0.0,0.0,0.0,0.0,0.0,0,0,0
214,a,,,5.0,264,163,0,0,0,0,0.3,306,104,5,2,2.5,135,59,0,46,2.5,129,59,0.5,1.0,0,3963,2019,5136,2042,2.5,2.5,0.05,0.29,0.34,3.33,0.02,0.14,0.16,1.66,20.4,81,27,29.3,29,22,0.0,425,157,5.0,75,40,3.0,,,2,,Daichi,Kamada,Kamada,,,180,0,0,0,6,0,0,0,1,0,0,2,23,,,,0.0,0.0,3.0,1.0,11.5,9,4,10
215,a,,,5.0,326,190,0,0,0,0,0.0,586,248,0,0,0.0,551,228,0,0,0.0,551,228,0.0,0.0,0,112,43,284,108,0.0,0.0,0.0,0.0,0.0,0.0,0.0,0.0,0.0,0.0,0.0,506,203,0.0,518,212,0.0,475,179,0.0,522,210,,2.0,3.0,2,,Justin,Devenny,Devenny,,,0,0,0,0,0,0,0,0,0,0,0,0,0,,,,0.0,0.0,0.0,0.0,0.0,0,0,0
216,a,,,5.0,374,225,0,0,0,0,0.0,514,214,0,0,0.0,571,241,0,0,0.0,571,241,0.0,0.0,0,333,122,989,399,0.0,0.0,0.0,0.0,0.0,0.0,0.0,0.0,0.0,0.0,0.0,532,222,0.0,544,230,0.0,506,201,0.0,548,229,,,,2,,Romain,Esse,Esse,,,0,0,0,0,0,0,0,0,0,0,0,0,0,,,,0.0,0.0,0.0,0.0,0.0,0,0,0
217,a,,,4.9,401,242,-1,1,-1,1,0.0,536,222,0,0,0.0,506,203,0,0,0.0,506,203,0.0,0.0,0,825,808,1320,606,0.0,0.0,0.0,0.0,0.0,0.0,0.0,0.0,0.0,0.0,0.0,444,169,0.0,451,179,0.0,392,138,0.0,460,176,,,,2,,Matheus,França de Oliveira,M.França,,,0,0,0,0,0,0,0,0,0,0,0,0,0,,,,0.0,0.0,0.0,0.0,0.0,0,0,0
218,a,,,4.9,394,237,-1,1,-1,1,0.1,482,196,0,0,0.0,499,198,0,0,0.0,499,198,0.0,0.0,0,448,200,1707,648,0.0,0.0,0.0,0.0,0.0,0.0,0.0,0.0,0.0,0.0,0.0,437,164,0.0,444,174,0.0,385,133,0.0,453,171,,,,2,,Cheick,Doucouré,Doucouré,,,0,0,0,0,0,0,0,0,0,0,0,0,0,,,,0.0,0.0,0.0,0.0,0.0,0,0,0
219,a,,,5.0,305,182,0,0,0,0,0.0,605,260,0,0,0.0,543,224,0,0,0.0,543,224,0.0,0.0,0,61,22,140,50,0.0,0.0,0.0,0.0,0.0,0.0,0.0,0.0,0.0,0.0,0.0,496,197,0.0,506,206,0.0,459,172,0.0,512,204,,,,2,,Jesurun,Rak-Sakyi,J.Rak-Sakyi,,,0,0,0,0,0,0,0,0,0,0,0,0,0,,,,0.0,0.0,0.0,0.0,0.0,0,0,0
220,u,0.0,0.0,4.5,525,144,0,0,0,0,0.0,621,207,0,0,0.0,479,179,0,0,0.0,479,179,0.0,0.0,0,0,0,91,26,0.0,0.0,0.0,0.0,0.0,0.0,0.0,0.0,0.0,0.0,0.0,414,171,0.0,420,172,0.0,360,155,0.0,430,171,,,,2,,Rio,Cardines,Cardines,Has joined Bristol City on loan for the rest of the season,,0,0,0,0,0,0,0,0,0,0,0,0,0,,,,0.0,0.0,0.0,0.0,0.0,0,0,0
221,a,,,4.5,544,274,0,0,0,0,0.1,450,180,0,0,0.0,494,195,0,0,0.0,494,195,0.0,0.0,0,794,395,1550,562,0.0,0.0,0.0,0.0,0.0,0.0,0.0,0.0,0.0,0.0,0.0,431,160,0.0,437,170,0.0,378,129,0.0,447,167,,,,2,,Joél,Drakes-Thomas,Drakes-Thomas,,,0,0,0,0,0,0,0,0,0,0,0,0,0,,,,0.0,0.0,0.0,0.0,0.0,0,0,0
222,a,,,6.0,70,15,0,0,0,0,0.5,261,44,3,2,1.5,218,28,0,16,1.5,205,23,0.2,0.5,0,4705,3195,11677,3906,1.5,1.5,0.3,0.01,0.31,2.15,0.3,0.01,0.31,2.17,1.0,266,23,3.5,159,20,17.0,61,13,2.2,168,17,,,,2,,Jørgen,Strand Larsen,Strand Larsen,,,89,0,0,0,3,0,0,0,0,0,0,1,4,,,,0.0,0.0,3.03,1.01,4.04,1,2,1
223,i,0.0,,6.4,50,12,-1,1,-1,1,3.6,94,14,2,0,2.0,184,22,0,-3,1.0,265,30,0.2,0.3,0,24877,926,220377,147944,0.0,1.0,0.7,0.02,0.72,0.98,1.02,0.03,1.05,1.42,1.4,260,22,12.3,103,11,11.0,85,16,2.5,153,16,,,1.0,2,,Jean-Philippe,Mateta,Mateta,Hamstring injury - Expected back 11 Oct,,62,0,0,0,2,0,0,0,0,0,0,1,5,,,,0.0,0.0,2.9,1.45,7.26,2,1,2
224,a,,,5.5,138,34,0,0,0,0,0.5,257,42,3,2,1.5,209,26,0,20,1.5,195,21,0.3,0.5,0,8124,4861,9577,3797,1.5,1.5,0.96,0.58,1.54,2.85,0.71,0.43,1.14,2.1,10.4,161,12,24.5,49,2,23.0,42,11,5.8,56,10,,,,2,,Eddie,Nketiah,Nketiah,,,122,0,0,0,5,0,0,0,0,0,0,2,9,,,,0.0,0.0,3.69,1.48,6.64,3,2,4
225,u,0.0,0.0,5.0,386,61,0,0,0,0,0.0,626,73,0,0,0.0,574,63,0,0,0.0,574,63,0.0,0.0,0,0,0,0,0,0.0,0.0,0.0,0.0,0.0,0.0,0.0,0.0,0.0,0.0,0.0,535,44,0.0,549,52,0.0,514,51,0.0,551,53,,,,2,,Christantus,Uche,Uche,has returned to Getafe CF,,0,0,0,0,0,0,0,0,0,0,0,0,0,,,,0.0,0.0,0.0,0.0,0.0,0,0,0
241,a,,,5.5,157,97,0,0,0,0,0.2,369,141,3,1,1.5,212,99,0,13,1.5,198,94,0.3,0.5,0,676,204,2914,1086,1.5,1.5,0.05,0.02,0.07,1.18,0.05,0.02,0.07,1.26,9.6,167,64,4.7,148,88,2.0,178,88,1.6,204,92,,,,2,,Dwight,McNeil,McNeil,,,84,0,0,0,3,0,0,0,0,0,0,1,7,,,,0.0,0.0,3.21,1.07,7.5,0,4,3
555,a,,,4.0,569,60,0,0,0,0,1.8,131,19,0,0,0.0,372,34,0,0,0.0,372,34,0.0,0.0,0,9991,4046,10472,4237,0.0,0.0,0.0,0.0,0.0,0.0,0.0,0.0,0.0,0.0,0.0,294,32,0.0,293,12,0.0,211,12,0.0,311,32,,,,2,,Remi,Matthews,Matthews,,,0,0,0,0,0,0,0,0,0,0,0,0,0,,,,0.0,0.0,0.0,0.0,0.0,0,0,0
577,a,,,4.5,449,106,0,0,0,0,0.3,290,109,2,1,1.0,242,86,0,0,1.0,219,76,0.2,0.4,0,1431,602,4123,1456,1.0,1.0,0.0,0.01,0.01,2.15,0.0,0.01,0.01,2.13,2.4,242,95,2.4,172,51,0.0,297,129,0.5,254,94,,,,2,,Takehiro,Tomiyasu,Tomiyasu,,,91,0,0,0,3,0,0,0,0,0,0,1,9,,,,0.0,0.0,2.97,0.99,8.9,1,8,4
588,a,,,5.0,368,69,0,0,0,0,0.1,409,144,3,2,1.5,205,66,0,21,1.5,191,65,0.3,0.6,0,1565,1103,1338,511,1.5,1.5,0.02,0.16,0.18,2.28,0.02,0.13,0.15,1.88,24.0,69,30,26.5,39,12,4.0,134,44,5.5,63,21,,,,2,,Anan,Khalaili,Khalaili,,,109,0,0,0,3,0,0,0,1,0,0,1,23,,,,0.0,0.0,2.48,0.83,18.99,14,9,8
595,a,,,5.0,367,220,0,0,0,0,0.0,578,242,1,1,1.0,289,129,0,3,0.5,318,146,0.1,0.2,0,173,72,273,100,0.5,0.5,0.0,0.0,0.0,0.2,0.0,0.0,0.0,0.82,0.0,529,219,0.0,541,227,0.0,501,197,0.0,545,226,,,,2,,Zavier,Gozo,Gozo,,,22,0,0,0,1,0,0,0,0,0,0,0,1,,,,0.0,0.0,4.09,0.0,4.09,1,0,0
21,i,0.0,0.0,5.0,238,145,0,0,0,0,0.1,464,186,0,0,0.0,513,207,0,0,0.0,513,207,0.0,0.0,0,163,61,3925,1059,0.0,0.0,0.0,0.0,0.0,0.0,0.0,0.0,0.0,0.0,0.0,455,174,0.0,463,184,0.0,404,143,0.0,471,181,,,,2,,Christian,Nørgaard,Nørgaard,Groin injury - Unknown return date,,0,0,0,0,0,0,0,0,0,0,0,0,0,,,,0.0,0.0,0.0,0.0,0.0,0,0,0
209,a,,,5.9,99,61,-1,1,-1,1,0.1,383,148,2,1,1.0,325,154,0,4,1.0,262,126,0.2,0.3,0,1061,329,4184,1604,1.0,1.0,0.0,0.0,0.0,1.87,0.0,0.0,0.0,4.95,4.0,225,98,0.3,266,141,0.0,588,250,0.4,272,127,,,,2,,Brennan,Johnson,Johnson,,,34,0,0,0,0,0,0,0,0,0,0,0,4,,,,0.0,0.0,0.0,0.0,10.59,1,2,1
226,a,,,5.5,120,2,0,0,0,0,8.9,44,6,10,3,5.0,59,4,0,56,5.0,56,4,0.9,1.8,0,95059,31520,61614,33424,5.0,5.0,0.0,0.02,0.02,4.12,0.0,0.01,0.01,2.06,31.8,49,5,0.0,565,67,0.0,536,67,3.2,127,5,,,,2,,Jordan,Pickford,Pickford,,,180,0,0,1,1,0,0,0,0,0,8,2,0,,,,4.0,0.5,0.5,1.0,0.0,0,4,23
227,a,,,5.0,283,12,0,0,0,0,0.0,520,57,0,0,0.0,531,67,0,0,0.0,531,67,0.0,0.0,0,435,145,666,263,0.0,0.0,0.0,0.0,0.0,0.0,0.0,0.0,0.0,0.0,0.0,481,66,0.0,490,58,0.0,440,58,0.0,497,66,,,,2,,Mark,Travers,Travers,,,0,0,0,0,0,0,0,0,0,0,0,0,0,,,,0.0,0.0,0.0,0.0,0.0,0,0,0
228,a,,,4.5,424,31,0,0,0,0,0.0,506,55,0,0,0.0,425,52,0,0,0.0,425,52,0.0,0.0,0,378,135,613,234,0.0,0.0,0.0,0.0,0.0,0.0,0.0,0.0,0.0,0.0,0.0,350,50,0.0,353,32,0.0,280,32,0.0,367,50,,,,2,,Tom,King,King,,,0,0,0,0,0,0,0,0,0,0,0,0,0,,,,0.0,0.0,0.0,0.0,0.0,0,0,0
229,a,,,6.0,58,5,0,0,0,0,9.9,41,14,18,12,9.0,13,5,2,52,9.0,11,4,1.5,3.0,0,153973,111237,70701,33635,9.0,9.0,0.15,0.01,0.16,4.12,0.08,0.0,0.08,2.06,15.2,115,53,0.8,232,80,4.0,139,46,2.0,181,70,,,,2,,James,Tarkowski,Tarkowski,,,180,1,0,1,1,0,0,0,0,0,0,2,19,,,,0.0,0.5,0.5,1.0,9.5,2,17,7
230,a,,,5.5,176,24,0,0,0,0,1.8,132,54,10,4,5.0,62,24,0,33,5.0,58,23,0.9,1.8,0,27775,8672,17617,8699,5.0,5.0,0.09,0.02,0.11,4.12,0.04,0.01,0.05,2.06,18.6,92,39,0.8,231,79,6.0,119,37,2.5,152,59,,,,2,,Jarrad,Branthwaite,Branthwaite,,,180,0,0,1,1,0,0,0,0,0,0,2,20,,,,0.0,0.5,0.5,1.0,10.0,3,17,5
231,a,,,4.9,391,75,-1,1,-1,1,1.2,174,72,0,0,0.0,498,184,0,0,0.0,498,184,0.0,0.0,0,4363,1103,40756,15871,0.0,0.0,0.0,0.0,0.0,0.0,0.0,0.0,0.0,0.0,0.0,435,177,0.0,441,178,0.0,382,161,0.0,451,177,,,,2,,Michael,Keane,Keane,,,0,0,0,0,0,0,0,0,0,0,0,0,0,,,,0.0,0.0,0.0,0.0,0.0,0,0,0
232,a,,,4.9,399,77,-1,1,-1,1,0.4,275,104,0,0,0.0,504,186,0,0,0.0,504,186,0.0,0.0,0,1890,487,11687,3958,0.0,0.0,0.0,0.0,0.0,0.0,0.0,0.0,0.0,0.0,0.0,442,179,0.0,449,180,0.0,390,163,0.0,458,179,,,,2,,Jake,O'Brien,O'Brien,,,0,0,0,0,0,0,0,0,0,0,0,0,0,,,,0.0,0.0,0.0,0.0,0.0,0,0,0
233,a,,,4.5,450,107,0,0,0,0,1.7,140,56,10,4,5.0,55,22,0,34,5.0,52,21,1.1,2.2,0,41865,20081,19161,10091,5.0,5.0,0.0,0.06,0.06,4.12,0.0,0.03,0.03,2.06,12.8,136,63,13.8,91,26,2.0,160,56,2.9,135,53,,,,2,,Vitalii,Mykolenko,Mykolenko,,,180,0,0,1,1,0,0,0,0,0,0,2,16,,,,0.0,0.5,0.5,1.0,8.0,1,15,11
234,a,,,4.5,463,116,0,0,0,0,0.0,529,185,0,0,0.0,441,167,0,0,0.0,441,167,0.0,0.0,0,309,102,591,222,0.0,0.0,0.0,0.0,0.0,0.0,0.0,0.0,0.0,0.0,0.0,371,155,0.0,376,159,0.0,308,136,0.0,388,156,,,,2,,Nathan,Patterson,Patterson,,,0,0,0,0,0,0,0,0,0,0,0,0,0,,,,0.0,0.0,0.0,0.0,0.0,0,0,0
235,a,,,4.0,599,182,0,0,0,0,0.2,356,133,0,0,0.0,391,136,0,0,0.0,391,136,0.0,0.0,0,1594,585,2721,1033,0.0,0.0,0.0,0.0,0.0,0.0,0.0,0.0,0.0,0.0,0.0,314,117,0.0,314,119,0.0,235,87,0.0,331,118,,,,2,,Adam,Aznou,Aznou,,,0,0,0,0,0,0,0,0,0,0,0,0,0,,,,0.0,0.0,0.0,0.0,0.0,0,0,0
236,a,,,6.5,35,23,0,0,0,0,4.5,79,26,13,2,6.5,33,19,3,64,6.5,31,18,1.0,2.0,0,160396,27749,67852,40901,6.5,6.5,0.18,0.33,0.51,4.08,0.09,0.16,0.25,2.04,42.8,20,10,28.3,32,24,27.0,35,19,9.8,16,12,2.0,,,2,,Kiernan,Dewsbury-Hall,Dewsbury-Hall,,,180,1,0,1,1,0,0,0,0,0,0,2,18,,,,0.0,0.5,0.5,1.0,9.0,5,1,12
237,a,,,6.0,73,49,0,0,0,0,14.9,28,10,13,4,6.5,31,17,1,52,6.5,29,16,1.1,2.2,0,167473,44785,183880,123860,6.5,6.5,0.26,0.39,0.65,4.12,0.13,0.2,0.33,2.06,40.8,25,13,39.8,15,13,48.0,9,6,12.9,5,4,,,1.0,2,,Iliman,Ndiaye,Ndiaye,,,180,0,1,1,1,0,0,0,0,0,0,2,25,,,,0.0,0.5,0.5,1.0,12.5,5,5,15
239,a,100.0,100.0,6.0,69,47,0,0,0,0,0.1,389,152,2,1,1.0,328,157,0,15,1.0,264,128,0.2,0.3,0,2635,1102,3214,1565,1.0,1.0,0.0,0.03,0.03,0.92,0.0,0.04,0.04,1.15,4.8,215,91,11.8,109,65,2.0,184,94,1.9,187,84,1.0,1.0,3.0,2,,James,Garner,Garner,,,72,0,0,0,1,0,0,0,1,0,0,1,11,,,,0.0,0.0,1.25,1.25,13.75,4,0,7
240,a,100.0,0.0,5.0,327,191,0,0,0,0,0.0,587,249,1,1,1.0,279,121,0,2,0.5,311,140,0.1,0.2,0,82,61,441,93,0.5,0.0,0.0,0.0,0.0,0.0,0.0,0.0,0.0,0.0,0.0,507,204,0.0,519,213,0.0,476,180,0.0,523,211,,,,2,,Tim,Iroegbunam,Iroegbunam,,,4,0,0,0,0,0,0,0,0,0,0,0,0,,,,0.0,0.0,0.0,0.0,0.0,0,0,0
242,a,,,5.5,192,120,0,0,0,0,0.3,309,107,5,2,2.5,145,66,0,25,2.5,140,66,0.5,0.9,0,3108,835,4479,1997,2.5,2.5,0.23,0.09,0.32,2.25,0.14,0.06,0.2,1.41,7.0,190,75,23.4,50,32,25.0,37,21,5.5,65,34,,,,2,,Tyrique,George,George,,,144,0,0,1,1,0,0,0,0,0,0,2,9,,,,0.0,0.62,0.62,1.25,5.62,1,3,5
243,a,,,5.0,342,200,0,0,0,0,0.1,438,176,1,0,0.5,349,167,0,5,0.5,314,143,0.1,0.2,0,1157,404,2012,874,0.5,0.5,0.05,0.02,0.07,0.04,0.9,0.36,1.26,0.72,5.0,213,89,0.3,261,137,17.0,55,30,2.2,165,75,,,,2,,Carlos,Alcaraz Durán,Alcaraz,,,5,0,0,0,0,0,0,0,1,0,0,0,3,,,,0.0,0.0,0.0,0.0,54.0,1,0,2
244,a,,,5.0,376,227,0,0,0,0,0.3,291,97,10,2,5.0,58,29,0,37,5.0,55,27,1.0,2.0,0,23672,10886,6343,3876,5.0,5.0,0.0,0.07,0.07,4.12,0.0,0.04,0.04,2.11,28.8,55,22,14.7,83,53,4.0,135,67,4.8,81,42,,,,2,,Harrison,Armstrong,Armstrong,,,176,0,1,1,1,0,0,0,0,0,0,2,25,,,,0.0,0.51,0.51,1.02,12.78,5,6,14
245,a,,,5.4,220,135,-1,1,-1,1,0.0,527,218,0,0,0.0,585,248,0,0,0.0,585,248,0.0,0.0,0,374,173,1169,418,0.0,0.0,0.0,0.0,0.0,0.0,0.0,0.0,0.0,0.0,0.0,548,231,0.0,560,239,0.0,528,216,0.0,562,237,,,,2,,Tyler,Dibling,Dibling,,,0,0,0,0,0,0,0,0,0,0,0,0,0,,,,0.0,0.0,0.0,0.0,0.0,0,0,0
246,a,,,5.0,346,202,0,0,0,0,0.1,484,197,5,2,2.5,136,60,0,25,2.5,130,60,0.5,1.0,0,798,280,1106,470,2.5,2.5,0.0,0.07,0.07,4.12,0.0,0.04,0.04,2.12,13.8,128,41,13.0,100,62,2.0,173,85,2.9,136,62,,,,2,,Merlin,Röhl,Röhl,,,175,0,0,1,1,0,0,0,0,0,0,2,18,,,,0.0,0.51,0.51,1.03,9.26,5,4,9
247,a,100.0,50.0,5.5,152,93,0,0,0,0,0.2,323,113,4,1,2.0,173,83,0,19,2.0,162,80,0.4,0.7,0,1096,252,5125,1923,2.0,1.0,0.01,0.02,0.03,3.2,0.01,0.02,0.03,2.72,8.6,174,68,12.2,104,63,5.0,126,63,2.6,149,67,3.0,,,2,,Hayden,Hackney,Hackney,,,106,0,0,1,0,0,0,0,0,0,0,1,10,,,,0.0,0.85,0.0,0.85,8.49,2,3,5
248,a,,,5.4,218,48,-1,1,-1,1,2.1,128,20,2,1,1.0,299,32,0,5,1.0,247,26,0.2,0.4,0,12786,5077,67619,24808,1.0,1.0,0.09,0.0,0.09,1.92,0.26,0.0,0.26,5.57,0.0,546,47,0.0,558,55,2.0,175,28,0.2,285,30,,,4.0,2,,Norberto Bercique,Gomes Betuncal,Beto,,,31,0,0,0,0,0,0,0,0,0,0,0,1,,,,0.0,0.0,0.0,0.0,2.9,0,1,0
249,a,,,5.5,201,42,0,0,0,0,4.1,87,13,10,2,5.0,64,6,2,43,5.0,60,5,0.9,1.8,0,227070,76805,60041,37613,5.0,5.0,1.93,0.09,2.02,2.2,1.18,0.06,1.24,1.35,38.0,31,3,19.0,65,5,41.0,14,4,9.8,15,3,,,2.0,2,,Thierno,Barry,Barry,,,147,1,0,1,1,0,0,0,0,0,0,2,6,,,,0.0,0.61,0.61,1.22,3.67,1,2,3
250,a,,,4.5,409,24,0,0,0,0,3.0,109,18,5,3,2.5,126,9,0,22,2.5,120,9,0.6,1.1,0,25155,12981,21833,10304,2.5,2.5,0.0,0.0,0.0,4.26,0.0,0.0,0.0,2.13,29.6,53,7,0.0,343,25,0.0,268,25,3.0,130,7,,,,2,,Bernd,Leno,Leno,,,180,0,0,0,4,0,0,0,0,0,6,2,0,,,,3.0,0.0,2.0,1.0,0.0,0,3,17
251,a,,,4.0,558,55,0,0,0,0,1.2,179,26,0,0,0.0,365,29,0,0,0.0,365,29,0.0,0.0,0,3839,2347,6855,2727,0.0,0.0,0.0,0.0,0.0,0.0,0.0,0.0,0.0,0.0,0.0,287,27,0.0,284,7,0.0,202,7,0.0,303,27,,,,2,,Benjamin,Lecomte,Lecomte,,,0,0,0,0,0,0,0,0,0,0,0,0,0,,,,0.0,0.0,0.0,0.0,0.0,0,0,0
252,a,,,4.0,602,69,0,0,0,0,0.2,359,38,0,0,0.0,394,43,0,0,0.0,394,43,0.0,0.0,0,2284,1479,1145,525,0.0,0.0,0.0,0.0,0.0,0.0,0.0,0.0,0.0,0.0,0.0,317,41,0.0,317,21,0.0,238,21,0.0,334,41,,,,2,,Alfie,McNally,McNally,,,0,0,0,0,0,0,0,0,0,0,0,0,0,,,,0.0,0.0,0.0,0.0,0.0,0,0,0
253,a,100.0,100.0,5.0,251,39,0,0,0,0,0.1,410,145,1,1,1.0,264,102,0,4,0.5,299,110,0.1,0.2,0,4647,2333,1559,929,0.5,0.5,0.0,0.04,0.04,2.02,0.0,0.04,0.04,2.02,0.0,464,184,0.0,474,185,0.0,416,168,0.0,480,184,,,,2,,Joachim,Andersen,Andersen,,,90,0,0,0,1,0,0,0,1,0,0,1,8,,,,0.0,0.0,1.0,1.0,8.0,0,8,2
254,a,,,4.5,430,92,0,0,0,0,1.6,148,61,3,2,1.5,194,63,0,14,1.5,179,61,0.3,0.7,0,16555,5374,16834,7405,1.5,1.5,0.13,0.06,0.19,4.23,0.07,0.03,0.1,2.23,21.6,76,36,25.2,46,15,3.0,147,48,5.0,74,25,,,2.0,2,,Antonee,Robinson,Robinson,,,171,0,0,0,4,0,0,0,0,0,0,2,10,,,,0.0,0.0,2.11,1.05,5.26,6,4,7
255,a,,,4.5,466,119,0,0,0,0,0.0,525,183,3,0,3.0,104,39,0,7,1.5,180,62,0.3,0.7,0,1037,256,552,293,1.5,1.5,0.0,0.03,0.03,2.24,0.0,0.03,0.03,2.24,32.8,44,16,21.3,60,18,0.0,310,138,5.4,66,22,,,,2,,Jorge,Cuenca Barreno,J.Cuenca,,,90,0,0,0,3,0,0,0,0,0,0,1,10,,,,0.0,0.0,3.0,1.0,10.0,1,9,3
256,a,,,4.5,429,91,0,0,0,0,0.2,316,117,0,0,0.0,427,160,0,0,0.0,427,160,0.0,0.0,0,566,228,3315,1254,0.0,0.0,0.0,0.0,0.0,0.0,0.0,0.0,0.0,0.0,0.0,352,143,0.0,356,147,0.0,283,120,0.0,369,144,,,,2,,Kenny,Tete,Tete,,,0,0,0,0,0,0,0,0,0,0,0,0,0,,,,0.0,0.0,0.0,0.0,0.0,0,0,0
257,a,,,4.5,457,112,0,0,0,0,0.8,220,81,2,2,1.0,245,89,0,14,1.0,221,78,0.2,0.4,0,9902,3039,9477,3435,1.0,1.0,0.02,0.03,0.05,4.26,0.01,0.02,0.03,2.13,13.8,127,59,3.8,155,46,2.0,161,57,2.0,176,67,,,,2,,Calvin,Bassey,Bassey,,,180,0,0,0,4,0,0,0,1,0,0,2,11,,,,0.0,0.0,2.0,1.0,5.5,2,9,10
258,a,,,4.5,428,90,0,0,0,0,0.7,230,85,12,6,6.0,38,14,0,39,6.0,36,13,1.3,2.7,0,27602,15506,6219,3604,6.0,6.0,0.09,0.18,0.27,2.5,0.05,0.1,0.15,1.43,38.0,30,10,27.8,35,9,23.0,41,9,8.9,22,3,,,,2,,Timothy,Castagne,Castagne,,,157,0,2,1,3,0,0,0,1,0,0,2,8,,,,0.0,0.57,1.72,1.15,4.59,2,6,6
261,a,,,5.5,123,79,0,0,0,0,0.9,203,64,4,2,2.0,171,82,0,37,2.0,159,79,0.4,0.7,0,8872,2777,16864,7468,2.0,2.0,0.01,0.44,0.45,4.26,0.0,0.22,0.22,2.13,12.4,142,48,11.3,116,68,0.0,538,223,2.4,159,72,1.0,1.0,3.0,2,,Alex,Iwobi,Iwobi,,,180,0,0,0,4,0,0,0,0,0,0,2,14,,,,0.0,0.0,2.0,1.0,7.0,2,4,8
262,a,,,5.5,141,87,0,0,0,0,0.3,287,94,1,1,1.0,309,144,0,5,0.5,331,156,0.1,0.2,0,2088,674,7693,2945,0.5,0.5,0.06,0.02,0.08,0.41,0.39,0.13,0.52,2.64,0.0,562,239,0.0,576,246,0.0,551,230,0.0,576,245,,,,2,,Emile,Smith Rowe,Smith Rowe,,,14,0,0,0,0,0,0,0,0,0,0,0,1,,,,0.0,0.0,0.0,0.0,6.43,0,0,1
263,a,,,5.5,194,122,0,0,0,0,0.1,492,202,2,1,1.0,318,149,0,4,1.0,257,123,0.2,0.4,0,599,180,1505,643,1.0,1.0,0.0,0.05,0.05,0.2,0.0,0.19,0.19,0.75,5.2,209,86,1.9,189,110,0.0,577,247,0.7,248,111,3.0,,,2,,Kevin,Santos Lopes de Macedo,Kevin,,,24,0,0,0,0,0,0,0,0,0,0,0,3,,,,0.0,0.0,0.0,0.0,11.25,2,0,1
264,a,,,5.5,175,108,0,0,0,0,0.3,292,98,5,3,2.5,141,63,0,18,2.5,136,63,0.5,0.9,0,6441,1921,5684,2687,2.5,2.5,0.0,0.27,0.27,2.47,0.0,0.18,0.18,1.67,9.8,165,62,13.8,93,59,6.0,118,60,3.0,132,61,2.0,,,2,,Oscar,Bobb,Bobb,,,133,0,0,1,3,0,0,0,0,0,0,2,11,,,,0.0,0.68,2.03,1.35,7.44,5,2,4
265,a,,,5.0,261,161,0,0,0,0,0.4,282,90,4,2,2.0,160,74,0,28,2.0,152,73,0.4,0.8,0,2316,851,5619,2286,2.0,2.0,0.03,0.23,0.26,4.06,0.02,0.13,0.15,2.37,13.6,129,42,23.1,52,34,7.0,104,53,4.4,91,48,,,,2,,Sander,Berge,Berge,,,154,0,0,0,4,0,0,0,0,0,0,2,6,,,,0.0,0.0,2.34,1.17,3.51,1,1,4
266,i,0.0,0.0,5.0,228,142,0,0,0,0,0.0,610,265,0,0,0.0,509,206,0,0,0.0,509,206,0.0,0.0,0,21,9,162,47,0.0,0.0,0.0,0.0,0.0,0.0,0.0,0.0,0.0,0.0,0.0,448,172,0.0,455,182,0.0,396,141,0.0,464,179,,,,2,,Tom,Cairney,Cairney,Knee injury - Expected back 10 Oct,,0,0,0,0,0,0,0,0,0,0,0,0,0,,,,0.0,0.0,0.0,0.0,0.0,0,0,0
268,a,,,5.5,199,125,0,0,0,0,0.6,236,80,9,2,4.5,75,36,0,42,4.5,72,34,0.8,1.6,0,44103,9420,9661,5497,4.5,4.5,0.64,0.07,0.71,4.26,0.32,0.04,0.36,2.13,41.6,23,12,15.6,77,48,41.0,13,8,9.8,14,11,,,,2,,Josh,King,King,,,180,1,0,0,4,0,0,0,0,0,0,2,12,,,,0.0,0.0,2.0,1.0,6.0,4,3,5
269,a,,,4.5,434,94,0,0,0,0,0.4,272,101,2,1,1.0,238,82,0,10,1.0,217,74,0.2,0.4,0,1346,387,4982,1968,1.0,1.0,0.05,0.12,0.17,1.8,0.12,0.28,0.4,4.15,6.6,194,86,0.5,249,90,19.0,46,11,2.6,147,58,,,,2,,Ryan,Sessegnon,Sessegnon,,,39,0,0,0,1,0,0,0,0,0,0,0,2,,,,0.0,0.0,2.31,0.0,4.62,1,1,2
271,a,,,5.5,151,36,0,0,0,0,0.5,255,41,1,0,1.0,312,35,0,6,0.5,335,38,0.1,0.2,0,4660,1848,11968,5078,0.5,0.5,0.02,0.0,0.02,0.03,0.22,0.0,0.22,0.34,6.0,202,13,11.5,112,13,7.0,108,22,2.5,151,15,,,,2,,Rodrigo,Muniz Carvalho,Muniz,,,8,0,0,0,0,0,0,0,0,0,0,0,1,,,,0.0,0.0,0.0,0.0,11.25,0,1,0
272,a,,,4.5,541,73,0,0,0,0,6.8,60,9,0,0,0.0,491,54,0,0,0.0,491,54,0.0,0.0,0,50725,27037,75559,31282,0.0,0.0,0.0,0.0,0.0,0.0,0.0,0.0,0.0,0.0,0.0,428,35,0.0,434,42,0.0,375,41,0.0,444,44,,,,2,,Jonah,Kusi-Asare,Kusi-Asare,,,0,0,0,0,0,0,0,0,0,0,0,0,0,,,,0.0,0.0,0.0,0.0,0.0,0,0,0
569,a,,,6.0,89,21,0,0,0,0,4.5,81,12,8,2,4.0,91,14,0,35,4.0,85,10,0.7,1.3,0,222104,69886,51288,34081,4.0,4.0,1.0,0.02,1.02,4.26,0.5,0.01,0.51,2.13,37.2,34,4,4.3,150,18,40.0,16,6,8.2,30,6,,,1.0,2,,Gonzalo,García,Gonzalo,,,180,1,0,0,4,0,0,0,0,0,0,2,6,,,,0.0,0.0,2.0,1.0,3.0,1,2,3
570,a,,,5.5,197,124,0,0,0,0,0.2,342,124,3,1,1.5,214,101,0,16,1.5,200,96,0.3,0.5,0,1316,406,3261,1477,1.5,1.5,0.18,0.01,0.19,3.83,0.11,0.01,0.12,2.34,2.8,240,109,7.3,132,78,8.0,98,49,1.8,194,86,,,,2,,César,Palacios,Palacios,,,147,0,0,0,4,0,0,0,1,0,0,2,13,,,,0.0,0.0,2.45,1.22,7.96,2,3,8
580,a,,,5.0,311,185,0,0,0,0,0.1,446,178,2,1,1.0,275,119,0,7,1.0,237,109,0.2,0.4,0,530,171,1347,539,1.0,1.0,0.09,0.03,0.12,1.8,0.18,0.06,0.24,3.6,3.4,234,104,1.3,209,118,0.0,464,175,0.5,256,116,,,,2,,Shea,Charles,Charles,,,45,0,0,0,1,0,0,0,0,0,0,0,5,,,,0.0,0.0,2.0,0.0,10.0,1,1,3
610,d,75.0,75.0,4.0,608,190,0,0,0,0,0.1,428,150,0,0,0.0,399,143,0,0,0.0,399,143,0.0,0.0,0,4390,1339,1385,911,0.0,0.0,0.0,0.0,0.0,0.0,0.0,0.0,0.0,0.0,0.0,322,124,0.0,322,126,0.0,244,95,0.0,339,125,,,,2,,Luc,De Fougerolles,De Fougerolles,Unspecified injury - 75% chance of playing,,0,0,0,0,0,0,0,0,0,0,0,0,0,,,,0.0,0.0,0.0,0.0,0.0,0,0,0
274,i,0.0,0.0,4.5,415,26,0,0,0,0,0.1,439,48,0,0,0.0,418,47,0,0,0.0,418,47,0.0,0.0,0,196,72,2537,799,0.0,0.0,0.0,0.0,0.0,0.0,0.0,0.0,0.0,0.0,0.0,343,45,0.0,346,27,0.0,273,27,0.0,360,45,,,,2,,Jack,Butland,Butland,Arm injury - Unknown return date,,0,0,0,0,0,0,0,0,0,0,0,0,0,,,,0.0,0.0,0.0,0.0,0.0,0,0,0
275,u,0.0,0.0,4.0,598,68,0,0,0,0,0.0,597,70,0,0,0.0,390,42,0,0,0.0,390,42,0.0,0.0,0,0,0,160,49,0.0,0.0,0.0,0.0,0.0,0.0,0.0,0.0,0.0,0.0,0.0,313,40,0.0,313,20,0.0,234,20,0.0,330,40,,,,2,,Harvey,Cartwright,Cartwright,Has joined Grimsby Town on loan for the rest of the season,,0,0,0,0,0,0,0,0,0,0,0,0,0,,,,0.0,0.0,0.0,0.0,0.0,0,0,0
273,a,,,4.0,567,59,0,0,0,0,1.5,155,23,0,0,0.0,371,33,0,0,0.0,371,33,0.0,0.0,0,6766,3651,11619,4525,0.0,0.0,0.0,0.0,0.0,0.0,0.0,0.0,0.0,0.0,0.0,293,31,0.0,291,11,0.0,209,11,0.0,309,31,,,,2,,Dillon,Phillips,Phillips,,,0,0,0,0,0,0,0,0,0,0,0,0,0,,,,0.0,0.0,0.0,0.0,0.0,0,0,0
276,u,0.0,0.0,4.0,587,65,0,0,0,0,0.0,538,60,0,0,0.0,383,39,0,0,0.0,383,39,0.0,0.0,0,0,0,532,149,0.0,0.0,0.0,0.0,0.0,0.0,0.0,0.0,0.0,0.0,0.0,306,37,0.0,306,17,0.0,225,17,0.0,323,37,,,,2,,Thimothée,Lo-Tutala,Lo-Tutala,Has joined Colchester United on loan for the rest of the season,,0,0,0,0,0,0,0,0,0,0,0,0,0,,,,0.0,0.0,0.0,0.0,0.0,0,0,0
277,a,,,4.0,561,156,0,0,0,0,3.4,96,37,17,9,8.5,14,6,1,52,8.5,12,5,2.1,4.2,0,171931,128994,27749,16542,8.5,8.5,0.0,0.0,0.0,3.12,0.0,0.0,0.0,1.56,43.4,19,7,0.1,272,100,2.0,154,50,4.6,86,30,,,,2,,John,Egan,Egan,,,180,0,0,2,0,0,0,0,0,0,0,2,34,,,,0.0,1.0,0.0,1.0,17.0,2,32,4
278,i,0.0,0.0,4.0,601,184,0,0,0,0,0.1,429,151,0,0,0.0,393,138,0,0,0.0,393,138,0.0,0.0,0,153,54,3221,901,0.0,0.0,0.0,0.0,0.0,0.0,0.0,0.0,0.0,0.0,0.0,316,119,0.0,316,121,0.0,237,89,0.0,333,120,,,,2,,Charlie,Hughes,Hughes,Groin injury - Unknown return date,,0,0,0,0,0,0,0,0,0,0,0,0,0,,,,0.0,0.0,0.0,0.0,0.0,0,0,0
279,a,100.0,100.0,4.1,550,153,1,-1,1,-1,6.1,65,26,20,6,10.0,4,1,2,63,10.0,3,1,2.4,4.9,0,386772,307366,36253,20660,10.0,10.0,0.52,0.0,0.52,2.15,0.31,0.0,0.31,1.26,44.2,14,4,0.2,267,97,35.0,20,4,7.9,32,7,,,,2,,Semi,Ajayi,Ajayi,,,153,1,0,2,0,0,0,0,0,0,0,2,14,,,,0.0,1.18,0.0,1.18,8.24,2,12,8
280,d,75.0,100.0,4.0,573,164,0,0,0,0,0.6,246,92,6,0,3.0,103,38,0,25,3.0,98,38,0.8,1.5,0,3445,822,9123,4042,2.2,3.0,0.0,0.01,0.01,2.25,0.0,0.01,0.01,1.78,5.8,203,89,11.3,114,33,0.0,215,75,1.7,196,77,,,,2,,Lewie,Coyle,Coyle,Unspecified injury - 75% chance of playing,,114,0,0,1,0,0,0,0,1,0,0,2,6,,,,0.0,0.79,0.0,1.58,4.74,1,5,4
281,a,100.0,100.0,4.0,584,172,0,0,0,0,0.1,462,165,2,1,1.0,227,72,0,8,1.0,210,68,0.2,0.5,0,1639,531,831,418,1.0,1.0,0.05,0.0,0.05,0.87,0.07,0.0,0.07,1.2,2.2,245,97,0.0,303,113,1.0,188,64,0.3,273,98,,,,2,,Cody,Drameh,Drameh,,,65,0,0,0,0,0,0,0,0,0,0,0,6,,,,0.0,0.0,0.0,0.0,8.31,1,5,4
282,a,,,4.0,581,171,0,0,0,0,1.0,193,76,12,6,6.0,37,13,0,45,6.0,35,12,1.5,3.0,0,22283,9391,7038,2847,6.0,6.0,0.02,0.14,0.16,3.05,0.01,0.07,0.08,1.58,13.8,125,57,18.8,66,20,4.0,130,42,3.7,110,39,1.0,1.0,,2,,Ryan,Giles,Giles,,,174,0,0,2,0,0,0,0,0,0,0,2,8,,,,0.0,1.03,0.0,1.03,4.14,2,6,5
283,i,0.0,0.0,4.0,588,174,0,0,0,0,0.0,583,199,0,0,0.0,384,132,0,0,0.0,384,132,0.0,0.0,0,99,42,312,84,0.0,0.0,0.0,0.0,0.0,0.0,0.0,0.0,0.0,0.0,0.0,307,113,0.0,307,115,0.0,226,81,0.0,324,114,,,,2,,Matty,Jacob,Jacob,Hip injury - Expected back 5 Sep,,0,0,0,0,0,0,0,0,0,0,0,0,0,,,,0.0,0.0,0.0,0.0,0.0,0,0,0
284,a,,,4.0,626,207,0,0,0,0,0.1,444,155,0,0,0.0,413,156,0,0,0.0,413,156,0.0,0.0,0,1239,564,1556,597,0.0,0.0,0.0,0.0,0.0,0.0,0.0,0.0,0.0,0.0,0.0,337,138,0.0,338,141,0.0,261,111,0.0,354,139,,,,2,,Cathal,McCarthy,McCarthy,,,0,0,0,0,0,0,0,0,0,0,0,0,0,,,,0.0,0.0,0.0,0.0,0.0,0,0,0
285,a,,,4.0,565,158,0,0,0,0,0.1,394,140,1,0,1.0,223,68,0,3,0.5,271,87,0.1,0.2,0,1038,392,1409,719,0.5,0.5,0.0,0.0,0.0,0.96,0.0,0.0,0.0,3.32,4.2,220,91,0.0,290,105,0.0,208,70,0.4,261,96,,,,2,,Paddy,McNair,McNair,,,26,0,0,0,0,0,0,0,0,0,0,0,2,,,,0.0,0.0,0.0,0.0,6.92,0,2,1
286,a,,,5.0,359,213,0,0,0,0,0.8,219,72,9,6,4.5,72,35,0,31,4.5,68,33,0.9,1.8,0,26759,12869,7958,3927,4.5,4.5,0.17,0.05,0.22,2.94,0.09,0.03,0.12,1.54,10.6,159,57,2.2,181,106,7.0,107,55,2.0,179,81,3.0,2.0,,2,,Mohamed,Belloumi,Belloumi,,,172,0,1,2,0,0,0,0,0,0,0,2,20,,,,0.0,1.05,0.0,1.05,10.47,6,6,8
287,a,,,5.0,288,175,0,0,0,0,0.1,447,179,6,6,3.0,109,46,0,26,3.0,103,45,0.6,1.2,0,2368,2063,1550,563,3.0,3.0,0.58,0.0,0.58,0.87,1.04,0.0,1.04,1.57,2.0,252,114,0.3,259,136,2.0,169,83,0.4,265,121,,,,2,,Liam,Millar,Millar,,,50,1,0,0,0,0,0,0,1,0,0,0,4,,,,0.0,0.0,0.0,0.0,7.2,1,2,1
288,a,,,4.5,431,247,0,0,0,0,0.4,284,92,0,0,0.0,428,173,0,0,0.0,428,173,0.0,0.0,0,4386,2670,7089,2831,0.0,0.0,0.0,0.0,0.0,0.0,0.0,0.0,0.0,0.0,0.0,353,137,0.0,357,147,0.0,284,103,0.0,370,144,,,,2,,Kieran,Dowell,Dowell,,,0,0,0,0,0,0,0,0,0,0,0,0,0,,,,0.0,0.0,0.0,0.0,0.0,0,0,0
289,d,75.0,,4.5,414,244,0,0,0,0,0.6,235,79,2,0,2.0,152,70,0,9,1.0,216,102,0.2,0.4,0,12292,2151,12986,7296,0.8,1.0,0.0,0.0,0.0,1.83,0.0,0.0,0.0,1.83,19.0,89,29,2.4,171,101,0.0,272,100,2.1,169,77,,,,2,,Matt,Crooks,Crooks,Thigh injury - 75% chance of playing,,90,0,0,1,0,0,0,0,1,0,0,1,9,,,,0.0,1.0,0.0,1.0,9.0,4,4,1
290,a,,,4.5,461,250,0,0,0,0,4.4,82,27,8,2,4.0,80,37,0,26,4.0,77,35,0.9,1.8,0,161909,69538,48845,26471,4.0,4.0,0.0,0.45,0.45,3.12,0.0,0.22,0.22,1.56,18.4,94,33,19.3,63,41,0.0,306,106,3.8,106,55,2.0,,,2,,Regan,Slater,Slater,,,180,0,1,2,0,0,0,0,1,0,0,2,13,,,,0.0,1.0,0.0,1.0,6.5,5,2,6
291,i,0.0,0.0,4.5,477,252,0,0,0,0,0.0,603,258,0,0,0.0,446,176,0,0,0.0,446,176,0.0,0.0,0,108,44,159,63,0.0,0.0,0.0,0.0,0.0,0.0,0.0,0.0,0.0,0.0,0.0,377,140,0.0,382,150,0.0,317,108,0.0,394,147,,,,2,,Eliot,Matazo,Matazo,Knee injury - Unknown return date,,0,0,0,0,0,0,0,0,0,0,0,0,0,,,,0.0,0.0,0.0,0.0,0.0,0,0,0
292,a,,,5.0,262,162,0,0,0,0,0.0,568,236,0,0,0.0,522,214,0,0,0.0,522,214,0.0,0.0,0,321,112,614,227,0.0,0.0,0.0,0.0,0.0,0.0,0.0,0.0,0.0,0.0,0.0,469,184,0.0,478,193,0.0,423,156,0.0,485,191,,,,2,,Abdülkadir,Ömür,Ömür,,,0,0,0,0,0,0,0,0,0,0,0,0,0,,,,0.0,0.0,0.0,0.0,0.0,0,0,0
293,u,0.0,0.0,5.0,328,192,0,0,0,0,0.0,613,267,0,0,0.0,552,229,0,0,0.0,552,229,0.0,0.0,0,0,0,250,53,0.0,0.0,0.0,0.0,0.0,0.0,0.0,0.0,0.0,0.0,0.0,508,205,0.0,520,214,0.0,477,181,0.0,524,212,,,,2,,Abu,Kamara,Kamara,Has joined Portsmouth permanently,,0,0,0,0,0,0,0,0,0,0,0,0,0,,,,0.0,0.0,0.0,0.0,0.0,0,0,0
294,i,0.0,0.0,4.5,512,260,0,0,0,0,0.1,430,170,0,0,0.0,470,184,0,0,0.0,470,184,0.0,0.0,0,925,434,3243,1094,0.0,0.0,0.0,0.0,0.0,0.0,0.0,0.0,0.0,0.0,0.0,404,148,0.0,411,158,0.0,349,116,0.0,420,155,,,,2,,Óscar,Zambrano,Zambrano,Thigh injury - Unknown return date,,0,0,0,0,0,0,0,0,0,0,0,0,0,,,,0.0,0.0,0.0,0.0,0.0,0,0,0
295,a,,,5.5,125,31,0,0,0,0,2.1,126,19,6,1,3.0,113,17,0,28,3.0,107,13,0.5,1.1,0,101457,18816,37880,21939,3.0,3.0,0.16,0.02,0.18,3.12,0.08,0.01,0.09,1.56,17.2,100,10,21.1,61,4,52.0,6,2,9.0,21,5,,,1.0,2,,Oli,McBurnie,McBurnie,,,180,0,1,2,0,0,0,0,1,0,0,2,9,,,,0.0,1.0,0.0,1.0,4.5,0,3,6
296,a,,,5.0,267,166,0,0,0,0,0.0,507,210,0,0,0.0,524,215,0,0,0.0,524,215,0.0,0.0,0,1597,683,1639,699,0.0,0.0,0.0,0.0,0.0,0.0,0.0,0.0,0.0,0.0,0.0,471,185,0.0,480,194,0.0,426,158,0.0,487,192,,,,2,,David,Akintola,Akintola,,,0,0,0,0,0,0,0,0,0,0,0,0,0,,,,0.0,0.0,0.0,0.0,0.0,0,0,0
297,i,0.0,0.0,4.5,478,253,0,0,0,0,0.0,553,230,0,0,0.0,447,177,0,0,0.0,447,177,0.0,0.0,0,129,65,770,244,0.0,0.0,0.0,0.0,0.0,0.0,0.0,0.0,0.0,0.0,0.0,378,141,0.0,383,151,0.0,318,109,0.0,395,148,,,,2,,Darko,Gyabi,Gyabi,Thigh injury - Unknown return date,,0,0,0,0,0,0,0,0,0,0,0,0,0,,,,0.0,0.0,0.0,0.0,0.0,0,0,0
298,u,0.0,0.0,4.5,497,64,0,0,0,0,0.3,302,52,0,0,0.0,456,46,0,0,0.0,456,46,0.0,0.0,0,0,0,12074,3208,0.0,0.0,0.0,0.0,0.0,0.0,0.0,0.0,0.0,0.0,0.0,390,26,0.0,397,34,0.0,335,32,0.0,406,35,,,,2,,Enis,Destan,Destan,Has joined Konyaspor permanently,,0,0,0,0,0,0,0,0,0,0,0,0,0,,,,0.0,0.0,0.0,0.0,0.0,0,0,0
299,u,0.0,0.0,4.5,505,65,0,0,0,0,0.0,497,66,0,0,0.0,464,47,0,0,0.0,464,47,0.0,0.0,0,0,0,1680,470,0.0,0.0,0.0,0.0,0.0,0.0,0.0,0.0,0.0,0.0,0.0,398,27,0.0,405,35,0.0,343,33,0.0,414,36,,,,2,,Mason,Burstow,Burstow,Has joined Sheffield Wednesday on loan for the rest of the season,,0,0,0,0,0,0,0,0,0,0,0,0,0,,,,0.0,0.0,0.0,0.0,0.0,0,0,0
340,i,0.0,0.0,5.0,310,184,0,0,0,0,0.0,589,251,0,0,0.0,546,225,0,0,0.0,546,225,0.0,0.0,0,71,26,401,113,0.0,0.0,0.0,0.0,0.0,0.0,0.0,0.0,0.0,0.0,0.0,500,199,0.0,510,208,0.0,463,174,0.0,516,206,,,,2,,Joe,Gelhardt,Gelhardt,Ankle injury - Expected back 5 Sep,,0,0,0,0,0,0,0,0,0,0,0,0,0,,,,0.0,0.0,0.0,0.0,0.0,0,0,0
556,a,,,4.0,568,160,0,0,0,0,2.2,124,50,1,0,1.0,225,70,0,3,0.5,273,89,0.1,0.2,0,10000,4607,26943,11502,0.5,0.5,0.0,0.0,0.0,0.07,0.0,0.0,0.0,1.26,0.4,271,101,0.0,292,106,0.0,210,71,0.0,310,106,,,,2,,Matt,Targett,Targett,,,5,0,0,0,0,0,0,0,0,0,0,0,0,,,,0.0,0.0,0.0,0.0,0.0,0,0,1
563,a,100.0,100.0,5.0,302,180,0,0,0,0,0.0,552,229,1,1,1.0,273,117,0,6,0.5,307,137,0.1,0.2,0,319,201,461,133,0.5,0.5,0.0,0.0,0.0,1.09,0.0,0.0,0.0,2.18,0.0,493,195,0.0,503,204,0.0,456,170,0.0,509,202,,,,2,,Hidemasa,Morita,Morita,,,45,0,0,0,0,0,0,0,0,0,0,1,3,,,,0.0,0.0,0.0,2.0,6.0,0,2,1
572,a,,,4.5,482,41,0,0,0,0,5.6,68,9,20,10,10.0,5,1,6,73,10.0,4,1,2.2,4.4,0,273343,171373,30379,17964,10.0,10.0,0.0,0.0,0.0,3.12,0.0,0.0,0.0,1.56,34.6,38,4,0.0,385,42,0.0,322,42,3.5,116,4,,,,2,,Konstantinos,Tzolakis,Tzolakis,,,180,0,0,2,0,0,0,0,0,0,8,2,0,,,,4.0,1.0,0.0,1.0,0.0,0,0,33
574,a,,,5.0,365,218,0,0,0,0,0.1,465,187,0,0,0.0,569,239,0,0,0.0,569,239,0.0,0.0,0,475,168,1649,680,0.0,0.0,0.0,0.0,0.0,0.0,0.0,0.0,0.0,0.0,0.0,527,217,0.0,540,226,0.0,499,195,0.0,543,224,,,,2,,Jens,Hjertø-Dahl,Hjertø-Dahl,,,0,0,0,0,0,0,0,0,0,0,0,0,0,,,,0.0,0.0,0.0,0.0,0.0,0,0,0
576,a,,,5.0,375,226,0,0,0,0,0.1,434,173,3,0,1.5,206,96,0,9,1.5,192,91,0.3,0.6,0,1820,390,1266,669,1.5,1.5,0.01,0.04,0.05,2.25,0.01,0.03,0.04,1.58,8.4,176,69,4.8,146,86,0.0,507,202,1.3,225,100,,,,2,,Elliot,Stroud,Stroud,,,128,0,0,1,0,0,0,0,1,0,0,2,13,,,,0.0,0.7,0.0,1.41,9.14,3,3,7
585,a,,,4.0,619,200,0,0,0,0,0.6,239,88,2,1,1.0,231,76,0,7,1.0,214,72,0.2,0.5,0,4355,1584,5810,2208,1.0,1.0,0.0,0.0,0.0,1.16,0.0,0.0,0.0,1.83,8.0,178,78,0.0,332,135,0.0,255,105,0.8,241,91,,,,2,,Lucas,Herrington,Herrington,,,57,0,0,0,0,0,0,0,0,0,0,0,5,,,,0.0,0.0,0.0,0.0,7.89,0,5,0
586,a,100.0,100.0,4.0,621,202,0,0,0,0,5.1,72,30,16,1,8.0,19,8,1,44,8.0,17,7,2.0,4.0,0,263920,84340,51902,32442,8.0,8.0,0.29,0.0,0.29,1.95,0.22,0.0,0.22,1.45,51.8,4,1,0.6,237,84,33.0,23,6,8.5,27,5,,,,2,,Nobel,Mendy,Mendy,,,121,1,0,1,0,0,0,0,0,0,0,2,22,,,,0.0,0.74,0.0,1.49,16.36,2,20,4
589,a,,,5.0,317,187,0,0,0,0,0.0,540,223,1,1,1.0,277,120,0,6,0.5,310,139,0.1,0.2,0,248,113,472,159,0.5,0.5,0.0,0.01,0.01,0.2,0.0,0.02,0.02,0.4,0.0,502,201,0.0,513,210,0.0,468,177,0.0,518,208,,,,2,,Lucas,Gourna-Douath,Gourna-Douath,,,45,0,0,0,0,0,0,0,0,0,0,0,6,,,,0.0,0.0,0.0,0.0,12.0,3,1,2
617,a,,,5.0,330,194,0,0,0,0,0.0,606,261,1,1,1.0,280,122,0,3,1.0,240,110,0.2,0.2,0,388,363,97,95,1.5,1.5,0.0,0.0,0.0,0.18,0.0,0.0,0.0,2.31,0.0,510,207,0.0,522,216,0.0,479,183,0.0,526,214,,,,2,,Mohamed-Ali,Cho,Cho,,,7,0,0,0,0,0,0,0,0,0,0,0,0,,,,0.0,0.0,0.0,0.0,0.0,0,0,0
259,a,,,4.0,578,168,0,0,0,0,16.2,23,8,4,2,2.0,151,54,0,14,2.0,146,52,0.5,1.0,0,45125,18612,122788,51864,2.0,2.0,0.0,0.01,0.01,5.43,0.0,0.0,0.0,2.72,7.2,184,81,0.8,226,76,2.0,156,52,1.0,234,88,,,,2,,Issa,Diop,Diop,,,180,0,0,0,6,0,0,0,0,0,0,2,17,,,,0.0,0.0,3.0,1.0,8.5,1,16,10
267,a,,,5.0,266,165,0,0,0,0,0.1,398,157,6,1,3.0,108,45,0,33,3.0,102,44,0.6,1.2,0,1547,369,2080,735,3.0,3.0,0.02,0.04,0.06,4.57,0.01,0.02,0.03,2.54,23.4,71,24,14.8,82,52,2.0,167,82,4.0,102,53,4.0,,,2,,Saša,Lukić,Lukić,,,162,0,1,0,5,0,0,0,1,0,0,2,17,,,,0.0,0.0,2.78,1.11,9.44,4,9,4
300,a,,,4.5,418,27,0,0,0,0,0.5,265,35,0,0,0.0,420,48,0,0,0.0,420,48,0.0,0.0,0,385,176,6427,1855,0.0,0.0,0.0,0.0,0.0,0.0,0.0,0.0,0.0,0.0,0.0,345,46,0.0,348,28,0.0,275,28,0.0,362,46,,,,2,,Christian,Walton,Walton,,,0,0,0,0,0,0,0,0,0,0,0,0,0,,,,0.0,0.0,0.0,0.0,0.0,0,0,0
301,a,,,4.0,562,57,0,0,0,0,4.4,83,11,0,0,0.0,368,31,0,0,0.0,368,31,0.0,0.0,0,18157,10471,30000,12652,0.0,0.0,0.0,0.0,0.0,0.0,0.0,0.0,0.0,0.0,0.0,290,29,0.0,287,9,0.0,205,9,0.0,306,29,,,,2,,Alex,Palmer,Palmer,,,0,0,0,0,0,0,0,0,0,0,0,0,0,,,,0.0,0.0,0.0,0.0,0.0,0,0,0
302,a,,,4.0,554,52,0,0,0,0,0.5,264,34,0,0,0.0,361,26,0,0,0.0,361,26,0.0,0.0,0,4948,2989,3282,1463,0.0,0.0,0.0,0.0,0.0,0.0,0.0,0.0,0.0,0.0,0.0,283,24,0.0,280,4,0.0,198,4,0.0,299,24,,,,2,,David,Button,Button,,,0,0,0,0,0,0,0,0,0,0,0,0,0,,,,0.0,0.0,0.0,0.0,0.0,0,0,0
303,a,,,4.0,572,163,0,0,0,0,0.6,248,93,0,0,0.0,373,126,0,0,0.0,373,126,0.0,0.0,0,574,242,7164,2217,0.0,0.0,0.0,0.0,0.0,0.0,0.0,0.0,0.0,0.0,0.0,296,107,0.0,295,108,0.0,214,74,0.0,313,108,,,,2,,Cédric,Kipré,Kipré,,,0,0,0,0,0,0,0,0,0,0,0,0,0,,,,0.0,0.0,0.0,0.0,0.0,0,0,0
304,a,,,4.0,577,167,0,0,0,0,3.3,98,38,4,0,2.0,150,53,0,2,2.0,145,51,0.5,1.0,0,25677,10038,28113,14129,2.0,2.0,0.07,0.17,0.24,5.43,0.04,0.08,0.12,2.72,48.0,9,2,24.5,48,16,2.0,155,51,7.5,34,9,,,,2,,Dara,O'Shea,O'Shea,,,180,0,0,0,6,0,0,0,0,0,0,2,19,,,,0.0,0.0,3.0,1.0,9.5,2,17,8
305,a,,,4.0,591,177,0,0,0,0,4.9,74,31,8,6,4.0,78,27,0,11,4.0,75,27,1.0,2.0,0,31156,23834,37482,16192,4.0,4.0,0.54,0.13,0.67,5.43,0.27,0.06,0.33,2.72,15.2,111,50,2.3,176,52,0.0,228,83,1.8,190,75,2.0,2.0,,2,,Leif,Davis,Davis,,,180,1,0,0,6,0,0,0,0,0,0,2,11,,,,0.0,0.0,3.0,1.0,5.5,0,11,5
306,a,,,4.0,589,175,0,0,0,0,1.4,163,66,1,-1,0.5,342,112,0,-1,0.5,275,91,0.1,0.2,0,2831,1195,10322,4211,0.5,0.5,0.0,0.01,0.01,5.43,0.0,0.0,0.0,2.72,16.4,105,45,1.3,204,65,0.0,227,82,1.8,189,74,,,,2,,Jacob,Greaves,Greaves,,,180,0,0,0,6,1,0,0,1,0,0,2,17,,,,0.0,0.0,3.0,1.0,8.5,4,13,5
307,a,,,4.0,580,170,0,0,0,0,0.1,419,148,0,0,0.0,378,130,0,0,0.0,378,130,0.0,0.0,0,738,311,1561,539,0.0,0.0,0.0,0.0,0.0,0.0,0.0,0.0,0.0,0.0,0.0,301,111,0.0,300,112,0.0,220,79,0.0,318,112,,,,2,,Ben,Johnson,Johnson,,,0,0,0,0,0,0,0,0,0,0,0,0,0,,,,0.0,0.0,0.0,0.0,0.0,0,0,0
308,a,,,4.0,571,162,0,0,0,0,0.6,249,94,1,1,1.0,226,71,0,-1,0.5,274,90,0.1,0.2,0,511,242,6240,1824,0.5,0.5,0.0,0.0,0.0,0.86,0.0,0.0,0.0,4.55,0.0,295,106,0.0,294,107,0.0,213,73,0.0,312,107,,,,2,,Darnell,Furlong,Furlong,,,17,0,0,0,1,0,0,0,0,0,0,0,3,,,,0.0,0.0,5.29,0.0,15.88,1,2,0
309,a,,,5.0,340,198,0,0,0,0,0.1,385,149,6,2,3.0,111,47,0,32,3.0,105,46,0.6,1.2,0,1755,558,2231,838,3.0,3.0,0.03,0.05,0.08,3.48,0.02,0.03,0.05,2.24,13.0,135,45,7.3,131,77,4.0,133,66,2.4,155,70,1.0,1.0,,2,,Marcelino,Núñez,Núñez,,,140,0,0,0,4,0,0,0,0,0,0,2,21,,,,0.0,0.0,2.57,1.29,13.5,3,8,10
310,i,0.0,0.0,5.0,290,176,0,0,0,0,0.0,614,268,0,0,0.0,535,221,0,0,0.0,535,221,0.0,0.0,0,13,5,150,38,0.0,0.0,0.0,0.0,0.0,0.0,0.0,0.0,0.0,0.0,0.0,485,192,0.0,494,201,0.0,445,166,0.0,501,199,,,,2,,Azor,Matusiwa,Matusiwa,Muscular injury - Unknown return date,,0,0,0,0,0,0,0,0,0,0,0,0,0,,,,0.0,0.0,0.0,0.0,0.0,0,0,0
311,u,0.0,0.0,5.0,241,146,0,0,0,0,0.0,611,266,0,0,0.0,515,208,0,0,0.0,515,208,0.0,0.0,0,0,0,233,42,0.0,0.0,0.0,0.0,0.0,0.0,0.0,0.0,0.0,0.0,0.0,457,175,0.0,466,185,0.0,406,144,0.0,473,182,,,,2,,Wes,Burns,Burns,Has joined Leicester City permanently,,0,0,0,0,0,0,0,0,0,0,0,0,0,,,,0.0,0.0,0.0,0.0,0.0,0,0,0
312,i,0.0,0.0,4.5,455,249,0,0,0,0,0.0,517,216,0,0,0.0,437,175,0,0,0.0,437,175,0.0,0.0,0,201,90,1264,381,0.0,0.0,0.0,0.0,0.0,0.0,0.0,0.0,0.0,0.0,0.0,366,139,0.0,370,149,0.0,301,105,0.0,383,146,,,,2,,Jack,Taylor,Taylor,Knee injury - Unknown return date,,0,0,0,0,0,0,0,0,0,0,0,0,0,,,,0.0,0.0,0.0,0.0,0.0,0,0,0
313,a,,,5.5,163,101,0,0,0,0,0.3,308,106,7,0,7.0,27,14,1,27,3.5,95,41,0.6,1.3,0,3939,737,4957,2514,3.5,3.5,0.1,0.0,0.1,0.03,0.47,0.0,0.47,0.14,33.6,40,18,0.6,245,130,18.0,51,26,5.2,72,39,3.0,3.0,1.0,2,,Jack,Clarke,Clarke,,,19,1,0,0,0,0,0,0,0,0,0,0,2,,,,0.0,0.0,0.0,0.0,9.47,1,0,1
315,a,,,5.5,186,116,0,0,0,0,0.2,329,116,6,4,3.0,117,51,0,47,3.0,112,51,0.5,1.1,0,1478,908,4093,1325,3.0,3.0,0.0,0.63,0.63,5.22,0.0,0.39,0.39,3.2,18.6,93,32,28.4,31,23,8.0,97,48,5.5,64,33,,,,2,,Abdul,Fatawu,Fatawu,,,147,0,1,0,6,0,0,0,1,0,0,2,11,,,,0.0,0.0,3.67,1.22,6.73,5,2,4
316,d,75.0,,5.5,188,41,0,0,0,0,1.8,133,22,10,1,5.0,63,5,3,48,5.0,59,4,0.9,1.8,0,89932,13125,41261,24451,3.8,5.0,0.82,0.06,0.88,1.4,0.67,0.05,0.72,1.15,45.6,13,2,26.3,42,1,40.0,15,5,11.2,10,1,,,2.0,2,,Emersonn,Correia da Silva,Emersonn,Knee injury - 75% chance of playing,,110,1,0,0,2,0,0,0,0,0,0,2,4,,,,0.0,0.0,1.64,1.64,3.27,1,2,1
317,u,0.0,0.0,5.0,278,51,0,0,0,0,0.1,384,55,0,0,0.0,528,55,0,0,0.0,528,55,0.0,0.0,0,0,0,10830,2135,0.0,0.0,0.0,0.0,0.0,0.0,0.0,0.0,0.0,0.0,0.0,478,36,0.0,487,44,0.0,435,42,0.0,494,45,,,,2,,George,Hirst,Hirst,Has joined Stoke City permanently,,0,0,0,0,0,0,0,0,0,0,0,0,0,,,,0.0,0.0,0.0,0.0,0.0,0,0,0
318,i,0.0,0.0,5.5,177,109,0,0,0,0,0.1,417,166,0,0,0.0,599,259,0,0,0.0,599,259,0.0,0.0,0,116,10,5744,1816,0.0,0.0,0.0,0.0,0.0,0.0,0.0,0.0,0.0,0.0,0.0,574,246,0.0,586,253,0.0,571,243,0.0,587,252,5.0,,3.0,2,,Jaden,Philogene,Philogene,Ankle injury - Unknown return date,,0,0,0,0,0,0,0,0,0,0,0,0,0,,,,0.0,0.0,0.0,0.0,0.0,0,0,0
319,u,0.0,0.0,5.0,249,153,0,0,0,0,0.0,607,262,0,0,0.0,520,212,0,0,0.0,520,212,0.0,0.0,0,0,0,522,113,0.0,0.0,0.0,0.0,0.0,0.0,0.0,0.0,0.0,0.0,0.0,463,180,0.0,472,190,0.0,414,151,0.0,479,187,,,,2,,Sam,Szmodics,Szmodics,Has joined Derby County on loan for the rest of the season,,0,0,0,0,0,0,0,0,0,0,0,0,0,,,,0.0,0.0,0.0,0.0,0.0,0,0,0
320,a,,,5.0,240,49,0,0,0,0,0.7,227,37,6,5,3.0,106,16,0,33,3.0,100,12,0.6,1.2,0,23304,18679,11805,5555,3.0,3.0,0.97,0.0,0.97,4.04,1.27,0.0,1.27,5.27,1.4,258,21,0.0,465,43,2.0,165,26,0.3,276,29,,,,2,,Chuba,Akpom,Akpom,,,69,1,0,0,4,0,0,0,0,0,0,0,3,,,,0.0,0.0,5.22,0.0,3.91,1,0,2
321,a,,,4.5,515,67,0,0,0,0,2.9,110,17,1,0,1.0,254,30,0,3,0.5,291,35,0.1,0.2,0,96632,55920,45398,21957,0.5,0.5,0.0,0.0,0.0,0.03,0.0,0.0,0.0,0.27,0.0,407,29,0.1,274,31,0.0,352,35,0.0,423,38,,,,2,,Sindre,Walle Egeli,Walle Egeli,,,10,0,0,0,0,0,0,0,0,0,0,0,0,,,,0.0,0.0,0.0,0.0,0.0,0,0,0
322,u,0.0,0.0,5.0,309,54,0,0,0,0,0.1,427,62,0,0,0.0,545,57,0,0,0.0,545,57,0.0,0.0,0,755,0,5210,2208,0.0,0.0,0.0,0.0,0.0,0.0,0.0,0.0,0.0,0.0,0.0,499,38,0.0,509,46,0.0,462,45,0.0,515,47,,,,2,,Ali,Al-Hamadi,Al-Hamadi,Has joined Sheffield Wednesday on loan for the rest of the season,,0,0,0,0,0,0,0,0,0,0,0,0,0,,,,0.0,0.0,0.0,0.0,0.0,0,0,0
323,a,,,4.5,475,251,0,0,0,0,1.3,168,50,2,1,1.0,248,107,0,7,1.0,223,103,0.2,0.4,0,10775,5160,18646,7081,1.0,1.0,0.0,0.0,0.0,0.21,0.0,0.0,0.0,0.61,1.2,261,120,1.3,206,116,0.0,316,107,0.3,274,128,,,,2,,Kasey,McAteer,McAteer,,,31,0,0,0,0,0,0,0,0,0,0,0,4,,,,0.0,0.0,0.0,0.0,11.61,1,0,3
324,a,,,5.0,286,173,0,0,0,0,0.0,503,207,0,0,0.0,533,220,0,0,0.0,533,220,0.0,0.0,0,73,26,1002,316,0.0,0.0,0.0,0.0,0.0,0.0,0.0,0.0,0.0,0.0,0.0,483,191,0.0,492,200,0.0,443,165,0.0,499,198,,,,2,,Anis,Mehmeti,Mehmeti,,,0,0,0,0,0,0,0,0,0,0,0,0,0,,,,0.0,0.0,0.0,0.0,0.0,0,0,0
554,u,0.0,0.0,4.5,506,46,0,0,0,0,0.0,543,63,0,0,0.0,465,61,0,0,0.0,465,61,0.0,0.0,0,54,0,1054,417,0.0,0.0,0.0,0.0,0.0,0.0,0.0,0.0,0.0,0.0,0.0,399,59,0.0,406,47,0.0,344,47,0.0,415,59,,,,2,,Kayne,van Oevelen,Van Oevelen,Has joined Valencia on loan for the rest of the season,,0,0,0,0,0,0,0,0,0,0,0,0,0,,,,0.0,0.0,0.0,0.0,0.0,0,0,0
562,a,,,5.5,162,100,0,0,0,0,0.3,286,93,4,2,2.0,176,86,0,17,2.0,165,83,0.4,0.7,0,1157,417,6347,2305,2.0,2.0,0.67,0.01,0.68,4.54,0.4,0.01,0.41,2.71,12.6,139,47,1.4,203,115,7.0,110,57,2.1,173,79,,,,2,,Daizen,Maeda,Maeda,,,151,0,0,0,5,0,0,0,0,0,0,2,14,,,,0.0,0.0,2.98,1.19,8.34,5,6,3
564,a,,,4.5,458,36,0,0,0,0,0.6,242,32,4,2,2.0,153,11,0,21,2.0,147,11,0.4,0.9,0,2538,1209,6162,2586,2.0,2.0,0.0,0.01,0.01,5.43,0.0,0.0,0.0,2.72,14.4,118,16,0.0,372,37,0.0,303,37,1.4,215,16,,,,2,,Kjell,Scherpen,Scherpen,,,180,0,0,0,6,0,0,0,0,0,8,2,0,,,,4.0,0.0,3.0,1.0,0.0,0,5,23
571,d,75.0,75.0,5.0,271,167,0,0,0,0,0.1,415,165,0,0,0.0,525,216,0,0,0.0,525,216,0.0,0.0,0,292,78,3256,1049,0.0,0.0,0.0,0.0,0.0,0.0,0.0,0.0,0.0,0.0,0.0,473,186,0.0,482,195,0.0,429,159,0.0,489,193,,,,2,,Florentino Ibrain,Morris Luís,Florentino,Calf injury - 75% chance of playing,,0,0,0,0,0,0,0,0,0,0,0,0,0,,,,0.0,0.0,0.0,0.0,0.0,0,0,0
591,a,100.0,100.0,5.5,173,106,0,0,0,0,0.6,245,82,10,5,5.0,61,30,0,49,5.0,57,28,0.9,1.8,0,30271,12602,8303,3849,5.0,5.0,0.63,0.62,1.25,5.4,0.35,0.35,0.7,3.04,21.6,77,25,14.0,88,56,18.0,52,27,5.4,68,36,,,,2,,Julio,Enciso,Enciso,,,160,0,2,0,6,0,0,0,0,0,0,2,16,,,,0.0,0.0,3.38,1.12,9.0,2,2,12
592,a,,,4.0,613,195,0,0,0,0,1.0,192,75,2,1,1.0,230,75,0,3,1.0,213,71,0.2,0.5,0,4693,1924,8839,2973,1.0,1.0,0.0,0.0,0.0,0.89,0.0,0.0,0.0,2.97,5.2,208,90,10.0,123,37,0.0,249,100,1.5,207,80,,,,2,,Abdoul,Ouattara,Ouattara,,,27,0,0,0,1,0,0,0,0,0,0,0,2,,,,0.0,0.0,3.33,0.0,6.67,0,2,1
602,a,,,4.5,504,259,0,0,0,0,0.0,505,209,0,0,0.0,463,183,0,0,0.0,463,183,0.0,0.0,0,2398,1123,786,453,0.0,0.0,0.0,0.0,0.0,0.0,0.0,0.0,0.0,0.0,0.0,397,147,0.0,404,157,0.0,342,115,0.0,413,154,,,,2,,Cameron,Humphreys,Humphreys,,,0,0,0,0,0,0,0,0,0,0,0,0,0,,,,0.0,0.0,0.0,0.0,0.0,0,0,0
619,a,,,5.0,272,168,0,0,0,0,0.0,592,252,1,1,1.0,270,115,0,11,1.0,233,107,0.2,0.2,0,913,824,187,182,1.5,1.5,0.0,0.01,0.01,1.92,0.0,0.03,0.03,6.17,0.0,474,187,0.0,483,196,0.0,430,160,0.0,490,194,,,,2,,Exequiel,Palacios,Palacios,,,28,0,0,0,2,0,0,0,0,0,0,0,6,,,,0.0,0.0,6.43,0.0,19.29,1,2,3
260,a,,,6.5,34,22,0,0,0,0,4.8,75,23,4,1,2.0,185,91,0,15,2.0,172,86,0.3,0.6,0,18271,3342,125112,67344,2.0,2.0,0.01,0.06,0.07,1.66,0.01,0.05,0.06,1.36,6.2,199,80,15.3,79,50,4.0,143,72,2.6,150,68,2.0,,,2,,Harry,Wilson,Wilson,,,110,0,0,1,0,0,0,0,0,0,0,1,8,,,,0.0,0.82,0.0,0.82,6.55,3,2,3
326,a,,,4.5,439,33,0,0,0,0,0.5,256,33,0,0,0.0,431,54,0,0,0.0,431,54,0.0,0.0,0,504,176,7657,2298,0.0,0.0,0.0,0.0,0.0,0.0,0.0,0.0,0.0,0.0,0.0,357,52,0.0,361,34,0.0,290,34,0.0,374,52,,,,2,,Lucas Estella,Perri,Perri,,,0,0,0,0,0,0,0,0,0,0,0,0,0,,,,0.0,0.0,0.0,0.0,0.0,0,0,0
327,a,,,5.0,298,52,0,0,0,0,1.0,195,77,11,1,5.5,51,21,2,28,5.5,48,20,1.1,2.2,0,54253,9034,16358,8174,5.5,5.5,0.11,0.0,0.11,1.21,0.07,0.0,0.07,0.81,23.6,70,31,0.4,254,92,15.0,68,18,3.9,104,35,,,,2,,Jaka,Bijol,Bijol,,,135,0,0,1,1,0,0,0,0,0,0,2,17,,,,0.0,0.67,0.67,1.33,11.33,1,16,7
329,d,50.0,,4.5,442,100,0,0,0,0,3.2,107,44,7,1,3.5,96,34,0,25,3.5,90,34,0.8,1.6,0,26286,4686,47113,34539,1.8,3.5,0.03,0.06,0.09,1.01,0.02,0.04,0.06,0.74,14.4,117,54,14.4,86,25,5.0,122,38,3.4,118,43,,,,2,,Joe,Rodon,Rodon,Hamstring injury - 50% chance of playing,,123,0,0,1,0,0,0,0,0,0,0,2,11,,,,0.0,0.73,0.0,1.46,8.05,1,10,2
330,a,,,4.5,451,108,0,0,0,0,0.5,253,96,8,2,4.0,79,28,0,33,4.0,76,28,0.9,1.8,0,8201,2276,5354,2230,4.0,4.0,0.0,0.01,0.01,1.4,0.0,0.01,0.01,0.8,7.0,189,84,1.1,219,73,0.0,298,130,0.8,243,93,,,,2,,Jayden,Bogle,Bogle,,,157,0,0,1,1,0,0,0,0,0,0,2,10,,,,0.0,0.57,0.57,1.15,5.73,3,7,8
331,a,100.0,75.0,4.5,462,115,0,0,0,0,0.0,501,175,0,0,0.0,440,166,0,0,0.0,440,166,0.0,0.0,0,306,240,1174,182,0.0,0.0,0.0,0.0,0.0,0.0,0.0,0.0,0.0,0.0,0.0,370,154,0.0,375,158,0.0,307,135,0.0,387,155,,,,2,,Gabriel,Gudmundsson,Gudmundsson,,,0,0,0,0,0,0,0,0,0,0,0,0,0,,,,0.0,0.0,0.0,0.0,0.0,0,0,0
332,a,,,4.5,446,104,0,0,0,0,1.4,162,65,12,2,6.0,39,15,2,40,6.0,37,14,1.3,2.7,0,60765,17231,18808,9417,6.0,6.0,0.03,0.02,0.05,2.33,0.02,0.01,0.03,1.16,24.6,66,28,2.3,177,53,2.0,159,55,2.9,134,52,,,,2,,James,Justin,Justin,,,180,0,0,1,1,0,0,0,0,0,0,2,20,,,,0.0,0.5,0.5,1.0,10.0,8,12,7
333,u,0.0,0.0,4.5,470,122,0,0,0,0,0.0,612,204,0,0,0.0,444,169,0,0,0.0,444,169,0.0,0.0,0,0,0,201,31,0.0,0.0,0.0,0.0,0.0,0.0,0.0,0.0,0.0,0.0,0.0,375,158,0.0,379,161,0.0,313,140,0.0,392,159,,,,2,,Sebastiaan,Bornauw,Bornauw,Has joined Hamburg SV on loan for the rest of the season,,0,0,0,0,0,0,0,0,0,0,0,0,0,,,,0.0,0.0,0.0,0.0,0.0,0,0,0
334,a,,,5.0,352,68,0,0,0,0,3.3,100,39,10,4,5.0,57,23,0,42,5.0,54,22,1.0,2.0,0,38982,17443,28170,16328,5.0,5.0,0.09,0.01,0.1,2.33,0.04,0.0,0.04,1.16,15.6,108,48,0.6,241,87,17.0,56,15,3.3,123,46,,,,2,,Tarik,Muharemović,Muharemović,,,180,0,0,1,1,0,0,0,0,0,0,2,26,,,,0.0,0.5,0.5,1.0,13.0,2,24,4
335,a,,,6.0,81,53,0,0,0,0,2.8,111,32,17,4,8.5,16,7,3,50,8.5,14,6,1.4,2.8,0,106935,25591,34934,21255,8.5,8.5,0.17,0.06,0.23,2.33,0.08,0.03,0.11,1.16,47.8,10,7,2.3,179,105,16.0,66,36,6.6,47,29,1.0,1.0,,2,,Anton,Stach,Stach,,,180,1,0,1,1,0,0,0,0,0,0,2,32,,,,0.0,0.5,0.5,1.0,16.0,7,16,9
336,a,,,5.9,100,62,-1,1,-1,1,0.4,283,91,3,2,1.5,215,102,0,21,1.5,201,97,0.3,0.5,0,2382,1027,14055,4887,1.5,1.5,0.08,0.17,0.25,0.87,0.08,0.17,0.25,0.85,10.0,164,61,14.0,89,57,4.0,138,69,2.8,141,63,,,,2,,Noah,Okafor,Okafor,,,92,0,0,0,1,0,0,0,0,0,0,1,7,,,,0.0,0.0,0.98,0.98,6.85,3,2,2
337,a,,,5.5,154,95,0,0,0,0,0.8,217,71,4,1,2.0,174,84,0,22,2.0,163,81,0.4,0.7,0,3620,1027,15302,6869,2.0,2.0,0.01,0.02,0.03,1.13,0.01,0.01,0.02,0.81,8.0,179,70,1.1,221,123,7.0,109,56,1.6,203,91,,3.0,,2,,Brenden,Aaronson,Aaronson,,,126,0,0,1,1,0,0,0,0,0,0,2,10,,,,0.0,0.71,0.71,1.43,7.14,2,1,7
338,a,,,5.5,133,82,0,0,0,0,1.3,170,51,7,2,3.5,100,42,0,30,3.5,94,40,0.6,1.3,0,6203,1612,17513,8072,3.5,3.5,0.01,0.13,0.14,2.33,0.0,0.06,0.06,1.16,18.6,91,31,23.3,51,33,0.0,545,226,4.2,97,50,,,,2,,Ethan,Ampadu,Ampadu,,,180,0,0,1,1,0,0,0,0,0,0,2,23,,,,0.0,0.5,0.5,1.0,11.5,4,11,8
339,a,,,5.0,252,154,0,0,0,0,0.1,399,158,1,0,1.0,265,112,0,3,0.5,300,133,0.1,0.2,0,891,316,2793,1162,0.5,0.5,0.0,0.0,0.0,0.07,0.0,0.0,0.0,0.79,0.0,465,181,0.2,268,142,0.0,417,152,0.0,481,188,3.0,2.0,,2,,Sean,Longstaff,Longstaff,,,8,0,0,0,0,0,0,0,0,0,0,0,0,,,,0.0,0.0,0.0,0.0,0.0,0,0,0
341,a,100.0,75.0,5.0,333,195,0,0,0,0,0.0,569,237,0,0,0.0,556,231,0,0,0.0,556,231,0.0,0.0,0,156,138,857,161,0.0,0.0,0.0,0.0,0.0,0.0,0.0,0.0,0.0,0.0,0.0,513,208,0.0,525,217,0.0,482,184,0.0,529,215,,,,2,,Wilfried,Gnonto,Gnonto,,,0,0,0,0,0,0,0,0,0,0,0,0,0,,,,0.0,0.0,0.0,0.0,0.0,0,0,0
342,u,0.0,0.0,5.0,275,169,0,0,0,0,0.0,624,275,0,0,0.0,526,217,0,0,0.0,526,217,0.0,0.0,0,0,0,45,9,0.0,0.0,0.0,0.0,0.0,0.0,0.0,0.0,0.0,0.0,0.0,475,188,0.0,484,197,0.0,432,161,0.0,491,195,,,,2,,Jack,Harrison,Harrison,Has joined New England Revolution permanently,,0,0,0,0,0,0,0,0,0,0,0,0,0,,,,0.0,0.0,0.0,0.0,0.0,0,0,0
343,a,,,5.0,255,157,0,0,0,0,0.1,401,159,1,1,1.0,266,113,0,2,0.5,301,134,0.1,0.2,0,1707,844,2743,1007,0.5,0.5,0.24,0.01,0.25,0.93,0.98,0.04,1.02,3.8,0.0,467,183,0.0,476,192,0.0,419,154,0.0,483,190,,,,2,,Daniel,James,James,,,22,0,0,0,0,0,0,0,0,0,0,0,2,,,,0.0,0.0,0.0,0.0,8.18,0,0,2
344,d,25.0,0.0,5.0,323,189,0,0,0,0,0.0,609,264,0,0,0.0,549,227,0,0,0.0,549,227,0.0,0.0,0,22,13,167,38,0.0,0.0,0.0,0.0,0.0,0.0,0.0,0.0,0.0,0.0,0.0,504,202,0.0,516,211,0.0,472,178,0.0,520,209,,,,2,,Ilia,Gruev,Gruev,Knee injury - 25% chance of playing,,0,0,0,0,0,0,0,0,0,0,0,0,0,,,,0.0,0.0,0.0,0.0,0.0,0,0,0
345,a,,,4.9,393,236,-1,1,-1,1,0.2,337,121,1,1,1.0,259,109,0,6,0.5,294,130,0.1,0.2,0,1556,657,6212,1979,0.5,0.5,0.0,0.01,0.01,1.13,0.0,0.02,0.02,2.26,0.0,436,163,0.0,443,173,0.0,384,132,0.0,452,170,4.0,,,2,,Tanaka,Ao,Tanaka,,,45,0,0,0,0,0,0,0,0,0,0,0,11,,,,0.0,0.0,0.0,0.0,22.0,3,5,3
346,a,,,6.0,62,14,0,0,0,0,27.1,9,3,9,8,4.5,76,9,2,29,4.5,73,8,0.8,1.5,0,169665,85351,332827,143891,4.5,4.5,1.05,0.02,1.07,2.33,0.52,0.01,0.53,1.16,0.0,600,64,0.8,233,27,11.0,84,15,0.7,250,25,,,1.0,2,,Dominic,Calvert-Lewin,Calvert-Lewin,,,180,1,0,1,1,0,0,0,1,0,0,2,6,,,,0.0,0.5,0.5,1.0,3.0,0,3,3
347,a,,,5.5,128,33,0,0,0,0,0.5,260,43,4,4,4.0,88,11,0,18,2.0,161,16,0.4,0.7,0,4078,2161,13432,3888,2.0,2.0,0.1,0.0,0.1,0.93,0.43,0.0,0.43,3.99,0.0,556,50,0.0,569,58,0.0,541,56,0.0,570,58,,,2.0,2,,Lukas,Nmecha,Nmecha,,,21,0,1,0,0,0,0,0,0,0,0,0,1,,,,0.0,0.0,0.0,0.0,4.29,0,0,1
348,u,0.0,0.0,5.0,289,53,0,0,0,0,0.1,425,61,0,0,0.0,534,56,0,0,0.0,534,56,0.0,0.0,0,0,0,6982,1631,0.0,0.0,0.0,0.0,0.0,0.0,0.0,0.0,0.0,0.0,0.0,484,37,0.0,493,45,0.0,444,44,0.0,500,46,,,3.0,2,,Joël,Piroe,Piroe,Has joined West Ham United on loan for the rest of the season,,0,0,0,0,0,0,0,0,0,0,0,0,0,,,,0.0,0.0,0.0,0.0,0.0,0,0,0
349,i,0.0,0.0,4.5,516,68,0,0,0,0,0.1,487,64,0,0,0.0,473,49,0,0,0.0,473,49,0.0,0.0,0,741,416,1601,550,0.0,0.0,0.0,0.0,0.0,0.0,0.0,0.0,0.0,0.0,0.0,408,30,0.0,414,37,0.0,353,36,0.0,424,39,,,,2,,Mateo,Joseph Fernández-Regatillo,Mateo Joseph,Knee injury - Unknown return date,,0,0,0,0,0,0,0,0,0,0,0,0,0,,,,0.0,0.0,0.0,0.0,0.0,0,0,0
385,a,,,5.0,296,13,0,0,0,0,5.0,73,10,12,3,6.0,41,2,2,48,6.0,39,2,1.2,2.4,0,101899,38105,35145,20041,6.0,6.0,0.0,0.0,0.0,2.33,0.0,0.0,0.0,1.16,19.4,87,13,0.0,498,59,0.0,451,59,1.9,185,13,,,,2,,James,Trafford,Trafford,,,180,0,0,1,1,0,0,0,0,0,7,2,0,,,,3.5,0.5,0.5,1.0,0.0,0,0,20
598,a,,,4.5,432,93,0,0,0,0,0.0,542,188,1,1,1.0,237,81,0,9,0.5,280,95,0.1,0.2,0,597,243,474,195,0.5,0.5,0.0,0.0,0.0,1.32,0.0,0.0,0.0,2.12,0.0,354,144,0.0,358,148,0.0,285,121,0.0,371,145,,,,2,,Nico,Elvedi,Elvedi,,,56,0,0,0,1,0,0,0,0,0,0,0,6,,,,0.0,0.0,1.61,0.0,9.64,1,5,4
603,a,,,4.0,624,205,0,0,0,0,0.1,440,154,0,0,0.0,411,154,0,0,0.0,411,154,0.0,0.0,0,2652,1164,882,563,0.0,0.0,0.0,0.0,0.0,0.0,0.0,0.0,0.0,0.0,0.0,335,136,0.0,336,139,0.0,259,109,0.0,352,137,,,,2,,Jayden,Lienou,Lienou,,,0,0,0,0,0,0,0,0,0,0,0,0,0,,,,0.0,0.0,0.0,0.0,0.0,0,0,0
604,a,,,4.5,527,266,0,0,0,0,0.1,421,167,0,0,0.0,481,189,0,0,0.0,481,189,0.0,0.0,0,5839,2810,1678,968,0.0,0.0,0.0,0.0,0.0,0.0,0.0,0.0,0.0,0.0,0.0,416,153,0.0,422,163,0.0,362,121,0.0,432,160,,,,2,,Alfie,Cresswell,Cresswell,,,0,0,0,0,0,0,0,0,0,0,0,0,0,,,,0.0,0.0,0.0,0.0,0.0,0,0,0
625,a,,,4.0,559,56,0,0,0,0,0.1,418,47,0,0,0.0,366,30,0,0,0.0,366,30,0.0,0.0,0,4391,4391,340,340,1.0,1.0,0.0,0.0,0.0,0.0,0.0,0.0,0.0,0.0,0.0,288,28,0.0,285,8,0.0,203,8,0.0,304,28,,,,2,,Alex,Cairns,Cairns,,,0,0,0,0,0,0,0,0,0,0,0,0,0,,,,0.0,0.0,0.0,0.0,0.0,0,0,0
350,a,,,5.5,121,3,0,0,0,0,3.8,90,14,2,0,1.0,305,22,0,2,1.0,250,21,0.2,0.4,0,42446,17139,47069,25846,1.0,1.0,0.0,0.0,0.0,3.88,0.0,0.0,0.0,1.94,17.8,98,14,0.0,566,68,0.0,537,68,1.8,193,14,,,,2,,Alisson,Becker,A.Becker,,,180,0,0,0,4,0,0,0,1,0,4,2,0,,,,2.0,0.0,2.0,1.0,0.0,0,4,10
351,a,,,5.0,303,16,0,0,0,0,0.1,380,42,0,0,0.0,541,69,0,0,0.0,541,69,0.0,0.0,0,1083,425,3594,1556,0.0,0.0,0.0,0.0,0.0,0.0,0.0,0.0,0.0,0.0,0.0,494,69,0.0,504,62,0.0,457,62,0.0,510,69,,,,2,,Giorgi,Mamardashvili,Mamardashvili,,,0,0,0,0,0,0,0,0,0,0,0,0,0,,,,0.0,0.0,0.0,0.0,0.0,0,0,0
352,a,,,4.0,564,58,0,0,0,0,1.1,183,28,0,0,0.0,370,32,0,0,0.0,370,32,0.0,0.0,0,8116,4853,9176,3653,0.0,0.0,0.0,0.0,0.0,0.0,0.0,0.0,0.0,0.0,0.0,292,30,0.0,289,10,0.0,207,10,0.0,308,30,,,,2,,Freddie,Woodman,Woodman,,,0,0,0,0,0,0,0,0,0,0,0,0,0,,,,0.0,0.0,0.0,0.0,0.0,0,0,0
353,u,0.0,0.0,4.0,618,70,0,0,0,0,0.0,551,64,0,0,0.0,407,44,0,0,0.0,407,44,0.0,0.0,0,0,0,590,142,0.0,0.0,0.0,0.0,0.0,0.0,0.0,0.0,0.0,0.0,0.0,331,42,0.0,331,22,0.0,254,22,0.0,348,42,,,,2,,Armin,Pecsi,Pecsi,Has joined TSV Hartberg on loan for the rest of the season,,0,0,0,0,0,0,0,0,0,0,0,0,0,,,,0.0,0.0,0.0,0.0,0.0,0,0,0
354,i,0.0,0.0,4.0,583,63,0,0,0,0,0.0,573,68,0,0,0.0,380,37,0,0,0.0,380,37,0.0,0.0,0,334,171,290,111,0.0,0.0,0.0,0.0,0.0,0.0,0.0,0.0,0.0,0.0,0.0,303,35,0.0,302,15,0.0,222,15,0.0,320,35,,,,2,,Vitezslav,Jaros,Jaros,Knee injury - Unknown return date,,0,0,0,0,0,0,0,0,0,0,0,0,0,,,,0.0,0.0,0.0,0.0,0.0,0,0,0
355,a,,,4.0,593,66,0,0,0,0,0.1,375,41,0,0,0.0,385,40,0,0,0.0,385,40,0.0,0.0,0,1341,697,1203,490,0.0,0.0,0.0,0.0,0.0,0.0,0.0,0.0,0.0,0.0,0.0,308,38,0.0,308,18,0.0,229,18,0.0,325,38,,,,2,,Harvey,Davies,Davies,,,0,0,0,0,0,0,0,0,0,0,0,0,0,,,,0.0,0.0,0.0,0.0,0.0,0,0,0
356,a,,,6.5,32,2,0,0,0,0,18.5,18,5,3,1,1.5,221,67,0,13,1.5,208,67,0.2,0.5,0,102898,28284,207256,128136,1.5,1.5,0.25,0.04,0.29,3.88,0.12,0.02,0.14,1.94,25.6,63,25,1.6,196,61,24.0,40,8,5.1,73,24,,,,2,,Virgil,van Dijk,Virgil,,,180,0,0,0,4,0,0,0,1,0,0,2,18,,,,0.0,0.0,2.0,1.0,9.0,2,16,11
357,a,,,5.5,144,17,0,0,0,0,3.2,104,41,1,1,0.5,352,119,0,12,0.5,332,117,0.1,0.2,0,35589,11069,66989,33420,0.5,0.5,0.01,0.11,0.12,3.81,0.01,0.06,0.07,2.14,13.6,131,60,37.8,19,4,10.0,87,29,6.1,53,14,,,,2,,Jeremie,Frimpong,Frimpong,,,160,0,0,0,4,0,0,0,1,0,0,2,8,,,,0.0,0.0,2.25,1.12,4.5,3,5,6
358,a,,,5.5,189,27,0,0,0,0,3.2,105,42,1,1,0.5,355,122,0,12,0.5,341,121,0.1,0.2,0,21341,5696,64822,30435,0.5,0.5,0.02,0.03,0.05,3.81,0.01,0.02,0.03,2.14,18.0,96,41,13.8,94,28,12.0,79,23,4.4,93,32,,,,2,,Milos,Kerkez,Kerkez,,,160,0,0,0,4,0,0,0,1,0,0,2,15,,,,0.0,0.0,2.25,1.12,8.44,4,11,7
359,i,0.0,0.0,5.0,248,38,0,0,0,0,0.0,575,197,0,0,0.0,519,188,0,0,0.0,519,188,0.0,0.0,0,118,39,592,183,0.0,0.0,0.0,0.0,0.0,0.0,0.0,0.0,0.0,0.0,0.0,462,183,0.0,471,184,0.0,413,167,0.0,478,183,,,,2,,Joe,Gomez,Gomez,Muscular injury - Unknown return date,,0,0,0,0,0,0,0,0,0,0,0,0,0,,,,0.0,0.0,0.0,0.0,0.0,0,0,0
360,i,0.0,0.0,5.0,332,65,0,0,0,0,0.0,591,200,0,0,0.0,555,198,0,0,0.0,555,198,0.0,0.0,0,139,60,321,102,0.0,0.0,0.0,0.0,0.0,0.0,0.0,0.0,0.0,0.0,0.0,512,197,0.0,524,197,0.0,481,188,0.0,528,197,,,,2,,Conor,Bradley,Bradley,Knee injury - Unknown return date,,0,0,0,0,0,0,0,0,0,0,0,0,0,,,,0.0,0.0,0.0,0.0,0.0,0,0,0
361,a,,,4.0,603,185,0,0,0,0,0.1,397,142,0,0,0.0,395,139,0,0,0.0,395,139,0.0,0.0,0,1213,605,1834,697,0.0,0.0,0.0,0.0,0.0,0.0,0.0,0.0,0.0,0.0,0.0,318,120,0.0,318,122,0.0,239,90,0.0,335,121,,,,2,,Wellity,Lucky,Lucky,,,0,0,0,0,0,0,0,0,0,0,0,0,0,,,,0.0,0.0,0.0,0.0,0.0,0,0,0
362,a,100.0,100.0,5.0,373,70,0,0,0,0,2.5,114,45,4,3,2.0,168,56,0,22,2.0,156,54,0.4,0.8,0,47838,25126,34869,16713,2.0,2.0,0.0,0.07,0.07,3.27,0.0,0.04,0.04,2.03,12.4,140,65,11.9,107,32,0.0,505,190,2.4,156,60,,,,2,,Jeremy,Jacquet,Jacquet,,,145,0,0,0,4,0,0,0,0,0,0,2,14,,,,0.0,0.0,2.48,1.24,8.69,4,10,7
363,i,0.0,0.0,4.0,625,206,0,0,0,0,0.0,512,178,0,0,0.0,412,155,0,0,0.0,412,155,0.0,0.0,0,361,179,836,317,0.0,0.0,0.0,0.0,0.0,0.0,0.0,0.0,0.0,0.0,0.0,336,137,0.0,337,140,0.0,260,110,0.0,353,138,,,,2,,Giovanni,Leoni,Leoni,Knee injury - Unknown return date,,0,0,0,0,0,0,0,0,0,0,0,0,0,,,,0.0,0.0,0.0,0.0,0.0,0,0,0
364,a,,,5.0,268,42,0,0,0,0,0.1,458,161,1,1,1.0,269,104,0,4,0.5,303,112,0.1,0.2,0,560,221,1488,506,0.5,0.5,0.04,0.01,0.05,0.07,0.19,0.05,0.24,0.33,0.0,472,187,0.0,481,187,0.0,427,171,0.0,488,187,,,,2,,Kostas,Tsimikas,Tsimikas,,,19,0,0,0,0,0,0,0,0,0,0,0,0,,,,0.0,0.0,0.0,0.0,0.0,0,0,0
365,u,0.0,0.0,4.0,597,181,0,0,0,0,0.1,372,138,0,0,0.0,389,135,0,0,0.0,389,135,0.0,0.0,0,638,0,6889,3137,0.0,0.0,0.0,0.0,0.0,0.0,0.0,0.0,0.0,0.0,0.0,312,116,0.0,312,118,0.0,233,86,0.0,329,117,,,,2,,Calvin,Ramsay,Ramsay,Has joined St Mirren on loan for the rest of the season,,0,0,0,0,0,0,0,0,0,0,0,0,0,,,,0.0,0.0,0.0,0.0,0.0,0,0,0
366,a,,,7.5,18,11,0,0,0,0,10.5,37,14,6,4,3.0,125,57,0,39,3.0,119,57,0.4,0.8,0,47373,22450,209999,86737,3.0,3.0,0.49,0.24,0.73,2.81,0.29,0.14,0.43,1.66,9.8,166,63,17.9,68,42,29.0,31,17,5.7,59,32,3.0,2.0,4.0,2,,Florian,Wirtz,Wirtz,,,152,0,1,0,4,0,0,0,1,0,0,2,15,,,,0.0,0.0,2.37,1.18,8.88,4,0,11
367,a,,,7.0,25,16,0,0,0,0,7.5,53,19,17,5,8.5,18,9,3,54,8.5,16,8,1.2,2.4,0,291263,85559,81140,53389,8.5,8.5,0.3,0.8,1.1,3.81,0.17,0.45,0.62,2.14,44.0,16,9,34.0,22,17,37.0,18,9,11.5,9,8,2.0,,3.0,2,,Cody,Gakpo,Gakpo,,,160,1,1,0,4,0,0,0,0,0,0,2,15,,,,0.0,0.0,2.25,1.12,8.44,3,5,7
368,a,,,7.0,26,17,0,0,0,0,42.1,5,2,12,4,6.0,48,24,1,53,6.0,45,22,0.9,1.7,0,341842,96839,239625,172220,6.0,6.0,1.01,0.44,1.45,3.88,0.5,0.22,0.72,1.94,50.4,7,5,47.1,8,7,21.0,45,24,11.9,7,6,1.0,1.0,1.0,2,,Dominik,Szoboszlai,Szoboszlai,,,180,1,0,0,4,0,0,0,0,0,0,2,20,,,,0.0,0.0,2.0,1.0,10.0,4,5,11
369,a,,,5.9,111,72,-1,1,-1,1,0.9,201,62,3,1,1.5,217,104,0,14,1.5,203,99,0.3,0.5,0,7255,1708,31145,16268,1.5,1.5,0.04,0.05,0.09,0.58,0.04,0.06,0.1,0.64,2.4,244,110,6.0,139,83,5.0,128,64,1.3,226,101,,,,2,,Rio,Ngumoha,Ngumoha,,,81,0,0,0,2,0,0,0,0,0,0,1,3,,,,0.0,0.0,2.22,1.11,3.33,1,0,2
370,i,0.0,0.0,5.4,208,128,-1,1,-1,1,0.1,451,181,0,0,0.0,578,244,0,0,0.0,578,244,0.0,0.0,0,613,28,6247,2697,0.0,0.0,0.0,0.0,0.0,0.0,0.0,0.0,0.0,0.0,0.0,540,226,0.0,553,235,0.0,520,211,0.0,556,233,,,,2,,Federico,Chiesa,Chiesa,Back injury - Unknown return date,,0,0,0,0,0,0,0,0,0,0,0,0,0,,,,0.0,0.0,0.0,0.0,0.0,0,0,0
371,a,,,6.0,75,50,0,0,0,0,1.8,137,39,6,1,3.0,123,55,0,33,3.0,117,55,0.5,1.0,0,19691,4686,37275,22092,3.0,3.0,0.06,0.06,0.12,1.17,0.06,0.06,0.12,1.1,24.4,68,23,16.0,75,46,4.0,141,71,4.4,94,49,,,,2,,Ryan,Gravenberch,Gravenberch,,,96,0,1,0,2,0,0,0,0,0,0,1,12,,,,0.0,0.0,1.88,0.94,11.25,2,2,8
372,a,,,5.5,150,92,0,0,0,0,1.5,153,46,3,2,1.5,211,98,0,19,1.5,197,93,0.3,0.5,0,11635,5068,34815,13307,1.5,1.5,0.0,0.4,0.4,3.3,0.0,0.35,0.35,2.88,5.8,204,82,1.4,202,114,0.0,557,235,0.7,246,109,,,5.0,2,,Alexis,Mac Allister,Mac Allister,,,103,0,0,0,2,0,0,0,0,0,0,1,13,,,,0.0,0.0,1.75,0.87,11.36,5,2,6
373,u,0.0,75.0,5.5,139,85,0,0,0,0,0.0,530,219,0,0,0.0,594,254,0,0,0.0,594,254,0.0,0.0,0,34,1,1648,520,0.0,0.0,0.0,0.0,0.0,0.0,0.0,0.0,0.0,0.0,0.0,561,238,0.0,575,245,0.0,550,229,0.0,575,244,,,,2,,Curtis,Jones,C.Jones,Has joined Internazionale permanently,,0,0,0,0,0,0,0,0,0,0,0,0,0,,,,0.0,0.0,0.0,0.0,0.0,0,0,0
374,a,100.0,100.0,5.0,246,151,0,0,0,0,0.1,475,191,0,0,0.0,518,211,0,0,0.0,518,211,0.0,0.0,0,862,377,1735,750,0.0,0.0,0.0,0.0,0.0,0.0,0.0,0.0,0.0,0.0,0.0,461,179,0.0,470,189,0.0,411,149,0.0,477,186,,,,2,,Endo,Wataru,Endo,,,0,0,0,0,0,0,0,0,0,0,0,0,0,,,,0.0,0.0,0.0,0.0,0.0,0,0,0
375,a,,,5.0,372,224,0,0,0,0,0.0,515,215,1,1,1.0,291,131,0,3,0.5,320,148,0.1,0.2,0,364,225,1050,377,0.5,0.5,0.0,0.0,0.0,0.07,0.0,0.0,0.0,0.48,0.0,531,221,0.0,543,229,0.0,504,200,0.0,547,228,,,,2,,Trey,Nyoni,Nyoni,,,13,0,0,0,0,0,0,0,0,0,0,0,5,,,,0.0,0.0,0.0,0.0,34.62,2,1,2
376,i,0.0,0.0,5.0,356,210,0,0,0,0,0.0,620,272,0,0,0.0,563,234,0,0,0.0,563,234,0.0,0.0,0,17,9,49,20,0.0,0.0,0.0,0.0,0.0,0.0,0.0,0.0,0.0,0.0,0.0,521,212,0.0,534,221,0.0,492,189,0.0,537,219,,,,2,,Stefan,Bajčetić Maquieira,Bajcetic,Hamstring injury - Unknown return date,,0,0,0,0,0,0,0,0,0,0,0,0,0,,,,0.0,0.0,0.0,0.0,0.0,0,0,0
377,a,,,6.5,47,32,0,0,0,0,1.0,187,58,10,6,5.0,65,31,0,39,5.0,61,29,0.8,1.5,0,44210,37724,14375,8462,5.0,5.0,0.42,0.23,0.65,3.37,0.32,0.18,0.5,2.59,4.0,226,99,8.9,127,74,14.0,74,41,2.7,146,65,,,,2,,Victor,Munoz,Munoz,,,117,1,1,0,2,0,0,0,1,0,0,1,7,,,,0.0,0.0,1.54,0.77,5.38,2,4,1
378,a,,,4.5,491,255,0,0,0,0,0.2,315,110,0,0,0.0,450,179,0,0,0.0,450,179,0.0,0.0,0,1520,637,4485,1585,0.0,0.0,0.0,0.0,0.0,0.0,0.0,0.0,0.0,0.0,0.0,384,143,0.0,391,153,0.0,329,111,0.0,400,150,,,,2,,James,McConnell,McConnell,,,0,0,0,0,0,0,0,0,0,0,0,0,0,,,,0.0,0.0,0.0,0.0,0.0,0,0,0
379,a,,,9.0,5,2,0,0,0,0,16.2,24,4,10,8,5.0,67,7,2,36,5.0,63,6,0.6,1.1,0,134045,61009,192193,91060,5.0,5.0,2.08,0.01,2.09,3.88,1.04,0.0,1.04,1.94,11.4,153,11,14.6,85,7,66.0,1,1,9.2,19,4,,,2.0,2,,Alexander,Isak,Isak,,,180,1,0,0,4,0,0,0,0,0,0,2,2,,,,0.0,0.0,2.0,1.0,1.0,1,1,0
380,i,0.0,0.0,7.5,19,7,0,0,0,0,0.1,391,56,0,0,0.0,624,72,0,0,0.0,624,72,0.0,0.0,0,1058,349,5769,1962,0.0,0.0,0.0,0.0,0.0,0.0,0.0,0.0,0.0,0.0,0.0,624,72,0.0,625,72,0.0,625,72,0.0,625,72,,,,2,,Hugo,Ekitiké,Ekitiké,Achilles injury - Unknown return date,,0,0,0,0,0,0,0,0,0,0,0,0,0,,,,0.0,0.0,0.0,0.0,0.0,0,0,0
381,a,,,5.0,349,205,0,0,0,0,0.0,550,228,1,0,1.0,285,126,0,4,0.5,315,144,0.1,0.2,0,240,84,396,186,0.5,0.5,0.03,0.0,0.03,0.48,0.22,0.0,0.22,3.6,1.2,262,121,0.5,250,133,7.0,106,54,0.9,236,107,,,,2,,Lewis,Koumas,Koumas,,,12,0,0,0,0,0,0,0,0,0,0,0,1,,,,0.0,0.0,0.0,0.0,7.5,0,0,1
382,i,0.0,0.0,4.5,495,63,0,0,0,0,0.0,519,67,0,0,0.0,454,45,0,0,0.0,454,45,0.0,0.0,0,660,351,906,344,0.0,0.0,0.0,0.0,0.0,0.0,0.0,0.0,0.0,0.0,0.0,388,25,0.0,395,33,0.0,333,31,0.0,404,34,,,,2,,Jayden,Danns,Danns,Unspecified injury - Unknown return date,,0,0,0,0,0,0,0,0,0,0,0,0,0,,,,0.0,0.0,0.0,0.0,0.0,0,0,0
383,a,,,5.4,212,131,-1,1,-1,1,0.1,467,189,0,0,0.0,581,246,0,0,0.0,581,246,0.0,0.0,0,719,339,2155,939,0.0,0.0,0.0,0.0,0.0,0.0,0.0,0.0,0.0,0.0,0.0,542,228,0.0,554,236,0.0,521,212,0.0,557,234,,,,2,,Harvey,Elliott,Elliott,,,0,0,0,0,0,0,0,0,0,0,0,0,0,,,,0.0,0.0,0.0,0.0,0.0,0,0,0
579,a,,,5.5,164,22,0,0,0,0,2.4,118,48,1,0,0.5,354,121,0,2,0.5,337,120,0.1,0.2,0,30431,6524,76914,43140,0.5,0.5,0.0,0.04,0.04,0.61,0.0,0.11,0.11,1.66,13.2,134,62,1.2,215,71,0.0,563,198,1.4,219,84,,,,2,,Ronald,Araujo,Araujo,,,33,0,0,0,0,0,0,0,1,0,0,0,5,,,,0.0,0.0,0.0,0.0,13.64,1,4,3
238,a,100.0,100.0,6.5,33,21,0,0,0,0,0.2,336,120,1,0,1.0,336,162,0,2,0.5,354,167,0.1,0.2,0,1973,771,4959,2556,0.5,0.5,0.0,0.0,0.0,0.0,0.0,0.0,0.0,0.0,1.0,267,124,0.6,248,132,0.0,612,268,0.2,287,136,,,,2,,Jack,Grealish,Grealish,,,8,0,0,0,0,0,0,0,0,0,0,0,1,,,,0.0,0.0,0.0,0.0,11.25,1,0,0
384,a,,,5.5,137,4,0,0,0,0,8.1,52,7,3,0,1.5,208,20,0,17,1.5,194,17,0.3,0.5,0,60380,26372,105658,60706,1.5,1.5,0.0,0.0,0.0,1.31,0.0,0.0,0.0,0.66,26.8,61,10,0.0,574,69,0.0,549,69,2.7,145,10,,,,2,,Gianluigi,Donnarumma,Donnarumma,,,180,0,0,0,2,1,0,0,0,0,4,2,0,,,,2.0,0.0,1.0,1.0,0.0,0,1,12
386,a,,,4.5,422,30,0,0,0,0,0.0,539,61,0,0,0.0,424,51,0,0,0.0,424,51,0.0,0.0,0,207,72,422,186,0.0,0.0,0.0,0.0,0.0,0.0,0.0,0.0,0.0,0.0,0.0,349,49,0.0,352,31,0.0,279,31,0.0,366,49,,,,2,,Marcus,Bettinelli,Bettinelli,,,0,0,0,0,0,0,0,0,0,0,0,0,0,,,,0.0,0.0,0.0,0.0,0.0,0,0,0
387,a,,,6.5,42,4,0,0,0,0,19.7,16,3,4,2,2.0,186,59,0,16,2.0,173,57,0.3,0.6,0,105888,37104,241866,134536,2.0,2.0,0.09,0.43,0.52,1.21,0.05,0.26,0.31,0.73,8.8,173,75,30.4,27,6,11.0,86,28,5.0,79,27,,,,2,,Nico,O'Reilly,O'Reilly,,,150,0,0,0,2,0,0,0,0,0,0,2,3,,,,0.0,0.0,1.2,1.2,1.8,2,1,7
389,d,75.0,75.0,6.0,80,10,0,0,0,0,1.2,175,73,1,0,1.0,329,111,0,4,0.5,348,122,0.1,0.2,0,3130,99,37909,20416,0.4,0.4,0.0,0.04,0.04,0.1,0.0,0.11,0.11,0.27,3.8,229,94,1.5,199,63,4.0,142,47,0.9,238,89,,,4.0,2,,Matheus,Nunes,Matheus N.,Unspecified injury - 75% chance of playing,,33,0,0,0,0,0,0,0,0,0,0,0,1,,,,0.0,0.0,0.0,0.0,2.73,0,1,2
390,a,,,5.5,126,13,0,0,0,0,1.8,138,55,4,2,2.0,172,57,0,30,2.0,160,55,0.4,0.7,0,18221,8363,23599,11042,2.0,2.0,0.09,0.71,0.8,1.31,0.04,0.36,0.4,0.66,24.4,67,29,17.9,67,21,2.0,177,62,4.4,92,31,,,,2,,Rúben,dos Santos Gato Alves Dias,Rúben,,,180,0,0,0,2,0,0,0,0,0,0,2,12,,,,0.0,0.0,1.0,1.0,6.0,1,11,14
388,a,,,6.0,66,6,0,0,0,0,19.2,17,4,12,2,6.0,46,18,2,43,6.0,43,17,1.0,2.0,0,246633,63888,126186,84428,6.0,6.0,0.89,0.36,1.25,1.31,0.44,0.18,0.62,0.66,43.6,18,6,17.5,69,22,28.0,32,7,8.9,23,4,,,,2,,Marc,Guéhi,Guéhi,,,180,1,0,0,2,0,0,0,0,0,0,2,9,,,,0.0,0.0,1.0,1.0,4.5,3,6,8
391,a,,,5.6,114,12,1,-1,1,-1,16.8,22,7,14,5,7.0,28,11,1,46,7.0,26,10,1.3,2.5,0,495683,267265,76753,41396,7.0,7.0,0.19,0.09,0.28,1.31,0.1,0.05,0.15,0.72,47.6,11,3,13.3,97,29,17.0,59,17,7.8,33,8,,,,2,,Joško,Gvardiol,Gvardiol,,,164,1,1,0,2,0,0,0,0,0,0,2,9,,,,0.0,0.0,1.1,1.1,4.94,3,6,5
392,a,,,5.4,214,33,-1,1,-1,1,0.7,233,86,0,0,0.0,582,202,0,0,0.0,582,202,0.0,0.0,0,3786,1170,30163,13384,0.0,0.0,0.0,0.0,0.0,0.0,0.0,0.0,0.0,0.0,0.0,543,200,0.0,555,200,0.0,523,193,0.0,558,200,,,,2,,Rayan,Aït-Nouri,Aït-Nouri,,,0,0,0,0,0,0,0,0,0,0,0,0,0,,,,0.0,0.0,0.0,0.0,0.0,0,0,0
393,a,,,5.5,200,30,0,0,0,0,1.7,146,60,4,2,2.0,179,58,0,31,2.0,166,56,0.4,0.7,0,10512,4426,25779,11242,2.0,2.0,0.0,0.04,0.04,1.31,0.0,0.02,0.02,0.66,17.0,101,43,3.4,161,48,0.0,580,204,2.0,180,69,,,,2,,Abdukodir,Khusanov,Khusanov,,,178,0,0,0,2,0,0,0,0,0,0,2,11,,,,0.0,0.0,1.01,1.01,5.56,6,5,9
394,u,0.0,0.0,5.0,334,66,0,0,0,0,0.0,602,203,0,0,0.0,557,199,0,0,0.0,557,199,0.0,0.0,0,0,0,430,73,0.0,0.0,0.0,0.0,0.0,0.0,0.0,0.0,0.0,0.0,0.0,514,198,0.0,526,198,0.0,483,189,0.0,530,198,,,,2,,Max,Alleyne,Alleyne,Has joined Burnley on loan for the rest of the season,,0,0,0,0,0,0,0,0,0,0,0,0,0,,,,0.0,0.0,0.0,0.0,0.0,0,0,0
395,a,,,4.5,483,128,0,0,0,0,0.2,320,119,1,0,1.0,251,94,0,-1,0.5,289,104,0.1,0.2,0,4641,1021,5507,2984,0.5,0.5,0.17,0.02,0.19,0.55,0.27,0.03,0.3,0.88,3.8,227,93,3.8,156,47,39.0,17,3,4.7,83,29,,,,2,,Rico,Lewis,Lewis,,,56,0,0,0,1,0,0,0,0,0,0,1,2,,,,0.0,0.0,1.61,1.61,3.21,0,2,0
396,a,,,4.5,537,147,0,0,0,0,0.0,545,189,1,1,1.0,257,99,0,3,0.5,293,107,0.1,0.2,0,166,64,374,134,0.5,0.5,0.0,0.0,0.0,0.0,0.0,0.0,0.0,0.0,0.0,424,173,0.0,430,174,0.0,371,157,0.0,440,173,,,,2,,Vitor,de Oliveira Nunes dos Reis,Vitor Reis,,,1,0,0,0,0,0,0,0,0,0,0,0,0,,,,0.0,0.0,0.0,0.0,0.0,0,0,0
397,a,,,8.5,6,4,0,0,0,0,21.7,12,6,7,5,3.5,102,43,0,49,3.5,97,42,0.4,0.8,0,75945,26845,372887,199677,3.5,3.5,0.12,0.59,0.71,1.31,0.06,0.3,0.36,0.66,5.8,205,83,8.9,128,75,31.0,28,14,4.6,88,46,,,2.0,2,,Antoine,Semenyo,Semenyo,,,180,0,1,0,2,0,0,0,0,0,0,2,8,,,,0.0,0.0,1.0,1.0,4.0,2,0,6
398,a,,,7.0,24,15,0,0,0,0,4.6,76,24,10,9,5.0,66,32,1,53,5.0,62,30,0.7,1.4,0,94861,74714,73192,26671,5.0,5.0,0.99,0.85,1.84,1.31,0.52,0.45,0.97,0.69,10.4,163,60,49.6,5,4,15.0,71,39,7.5,37,22,3.0,2.0,,2,,Phil,Foden,Foden,,,171,0,2,0,2,0,0,0,1,0,0,2,13,,,,0.0,0.0,1.05,1.05,6.84,4,2,7
399,a,,,7.7,13,8,2,-2,2,-2,21.2,14,7,22,14,11.0,3,3,4,88,11.0,2,2,1.4,2.9,0,1073623,870305,67375,25973,11.0,11.0,0.35,1.05,1.4,0.76,0.29,0.88,1.17,0.63,39.2,28,15,48.8,6,5,4.0,146,75,9.2,18,14,1.0,1.0,,2,,Rayan,Cherki,Cherki,,,108,2,2,0,1,0,0,0,1,0,0,1,3,,,,0.0,0.0,0.83,0.83,2.5,0,0,3
400,i,0.0,0.0,7.4,21,12,-1,1,-1,1,1.0,185,56,0,0,0.0,622,274,0,0,0.0,622,274,0.0,0.0,0,755,261,88508,18493,0.0,0.0,0.0,0.0,0.0,0.0,0.0,0.0,0.0,0.0,0.0,622,274,0.0,623,275,0.0,623,275,0.0,623,275,,,3.0,2,,Jérémy,Doku,Doku,Calf injury - Expected back 5 Sep,,0,0,0,0,0,0,0,0,0,0,0,0,0,,,,0.0,0.0,0.0,0.0,0.0,0,0,0
402,u,0.0,0.0,6.5,36,24,0,0,0,0,0.0,580,244,0,0,0.0,617,271,0,0,0.0,617,271,0.0,0.0,0,0,0,980,184,0.0,0.0,0.0,0.0,0.0,0.0,0.0,0.0,0.0,0.0,0.0,612,269,0.0,614,270,0.0,613,269,0.0,614,270,,,,2,,Rodrigo 'Rodri',Hernandez Cascante,Rodrigo,Has joined Barcelona permanently,,0,0,0,0,0,0,0,0,0,0,0,0,0,,,,0.0,0.0,0.0,0.0,0.0,0,0,0
404,u,0.0,0.0,6.0,71,48,0,0,0,0,0.1,494,203,0,0,0.0,611,266,0,0,0.0,611,266,0.0,0.0,0,0,0,6645,1021,0.0,0.0,0.0,0.0,0.0,0.0,0.0,0.0,0.0,0.0,0.0,602,263,0.0,606,265,0.0,600,259,0.0,606,265,,,,2,,Tijjani,Reijnders,Reijnders,Has joined Al Qadsiah permanently,,0,0,0,0,0,0,0,0,0,0,0,0,0,,,,0.0,0.0,0.0,0.0,0.0,0,0,0
406,a,,,5.5,119,77,0,0,0,0,0.1,442,177,2,1,1.0,304,141,0,12,1.0,249,116,0.2,0.4,0,1181,352,2318,1029,1.0,1.0,0.0,0.02,0.02,0.1,0.0,0.04,0.04,0.21,2.2,249,113,2.1,185,108,0.0,535,222,0.4,269,125,,,,2,,Mateo,Kovačić,Kovačić,,,42,0,0,0,0,0,0,0,0,0,0,0,2,,,,0.0,0.0,0.0,0.0,4.29,0,0,2
407,a,,,5.0,369,221,0,0,0,0,0.0,571,238,0,0,0.0,570,240,0,0,0.0,570,240,0.0,0.0,0,162,69,501,204,0.0,0.0,0.0,0.0,0.0,0.0,0.0,0.0,0.0,0.0,0.0,530,220,0.0,542,228,0.0,502,198,0.0,546,227,,,,2,,Claudio,Echeverri,Echeverri,,,0,0,0,0,0,0,0,0,0,0,0,0,0,,,,0.0,0.0,0.0,0.0,0.0,0,0,0
408,u,0.0,0.0,5.0,243,148,0,0,0,0,0.0,601,257,0,0,0.0,517,210,0,0,0.0,517,210,0.0,0.0,0,0,0,389,84,0.0,0.0,0.0,0.0,0.0,0.0,0.0,0.0,0.0,0.0,0.0,459,177,0.0,468,187,0.0,408,146,0.0,475,184,,,,2,,Kalvin,Phillips,Phillips,Has joined Sheffield United on loan for the rest of the season,,0,0,0,0,0,0,0,0,0,0,0,0,0,,,,0.0,0.0,0.0,0.0,0.0,0,0,0
409,a,,,4.5,526,265,0,0,0,0,0.2,364,138,0,0,0.0,480,188,0,0,0.0,480,188,0.0,0.0,0,1366,439,4103,1617,0.0,0.0,0.0,0.0,0.0,0.0,0.0,0.0,0.0,0.0,0.0,415,152,0.0,421,162,0.0,361,120,0.0,431,159,,,,2,,Divine,Mukasa,Mukasa,,,0,0,0,0,0,0,0,0,0,0,0,0,0,,,,0.0,0.0,0.0,0.0,0.0,0,0,0
410,a,,,4.9,403,243,-1,1,-1,1,0.0,576,241,0,0,0.0,507,204,0,0,0.0,507,204,0.0,0.0,0,140,64,459,176,0.0,0.0,0.0,0.0,0.0,0.0,0.0,0.0,0.0,0.0,0.0,446,170,0.0,453,180,0.0,394,139,0.0,462,177,,,,2,,Jeremy,Monga,Monga,,,0,0,0,0,0,0,0,0,0,0,0,0,0,,,,0.0,0.0,0.0,0.0,0.0,0,0,0
411,a,,,15.5,1,1,0,0,0,0,69.9,1,1,15,13,7.5,25,2,3,66,7.5,24,2,0.5,1.0,0,247630,178025,122636,18784,7.5,7.5,1.4,0.02,1.42,1.31,0.7,0.01,0.71,0.66,3.8,230,16,5.2,145,17,50.0,7,3,5.9,55,9,,,1.0,2,,Erling,Haaland,Haaland,,,180,2,0,0,2,0,0,0,0,0,0,2,8,,,,0.0,0.0,1.0,1.0,4.0,0,3,5
481,a,100.0,100.0,6.4,49,34,0,0,-1,1,5.5,69,22,5,3,2.5,149,69,0,39,2.5,144,69,0.4,0.8,0,23310,13074,212995,59690,2.5,2.5,0.07,0.47,0.54,1.21,0.04,0.3,0.34,0.76,7.2,187,74,20.8,62,40,0.0,607,263,2.8,142,64,2.0,,,2,,Elliot,Anderson,Anderson,,,143,0,0,0,2,0,0,0,1,0,0,2,20,,,,0.0,0.0,1.26,1.26,12.59,7,5,8
587,a,,,5.0,234,8,0,0,0,0,0.0,555,65,0,0,0.0,511,65,0,0,0.0,511,65,0.0,0.0,0,147,53,373,149,0.0,0.0,0.0,0.0,0.0,0.0,0.0,0.0,0.0,0.0,0.0,451,64,0.0,459,54,0.0,400,54,0.0,467,64,,,,2,,Gerónimo,Rulli,Rulli,,,0,0,0,0,0,0,0,0,0,0,0,0,0,,,,0.0,0.0,0.0,0.0,0.0,0,0,0
616,a,,,5.5,203,126,0,0,0,0,0.1,405,161,1,1,1.0,320,151,0,3,1.0,258,124,0.2,0.2,0,8698,5643,1786,1437,2.0,2.0,0.0,0.12,0.12,0.0,0.0,1.35,1.35,0.0,0.0,581,251,0.0,591,256,0.0,582,248,0.0,593,256,,,,2,,Ayyoub,Bouaddi,Bouaddi,,,8,0,0,0,0,0,0,0,0,0,0,0,1,,,,0.0,0.0,0.0,0.0,11.25,0,1,0
621,a,,,4.5,538,271,0,0,0,0,0.1,481,195,1,1,1.0,258,108,0,3,1.0,228,104,0.2,0.2,0,3922,3922,980,980,1.0,1.0,0.1,0.0,0.1,0.0,1.12,0.0,1.12,0.0,0.0,425,157,0.0,431,167,0.0,372,126,0.0,441,164,,,,2,,Ryan,McAidoo,McAidoo,,,8,0,0,0,0,0,0,0,0,0,0,0,0,,,,0.0,0.0,0.0,0.0,0.0,0,0,0
622,a,,,4.0,611,193,0,0,0,0,0.1,459,162,1,1,1.0,229,74,0,3,1.0,212,70,0.2,0.2,0,4609,4609,912,912,1.0,1.0,0.0,0.0,0.0,0.0,0.0,0.0,0.0,0.0,0.0,325,127,0.0,325,129,0.0,247,98,0.0,342,128,,,,2,,Kaden,Braithwaite,Braithwaite,,,1,0,0,0,0,0,0,0,0,0,0,0,0,,,,0.0,0.0,0.0,0.0,0.0,0,0,1
43,a,100.0,100.0,6.0,61,42,0,0,0,0,2.2,123,38,6,4,3.0,120,53,0,39,3.0,115,53,0.5,1.0,0,18460,5829,58877,23173,3.0,3.0,0.51,0.22,0.73,3.0,0.29,0.13,0.42,1.73,5.0,214,90,11.3,117,69,4.0,140,70,2.0,182,82,,,3.0,2,,Youri,Tielemans,Tielemans,,,156,0,0,0,4,0,0,0,0,0,0,2,18,,,,0.0,0.0,2.31,1.15,10.38,2,4,12
131,i,0.0,0.0,5.0,355,209,0,0,0,0,0.2,366,139,0,0,0.0,562,233,0,0,0.0,562,233,0.0,0.0,0,3347,1023,7225,2804,0.0,0.0,0.0,0.0,0.0,0.0,0.0,0.0,0.0,0.0,0.0,520,211,0.0,533,220,0.0,491,188,0.0,536,218,,,,2,,Carlos,Baleba,Baleba,Ankle injury - Expected back 19 Sep,,0,0,0,0,0,0,0,0,0,0,0,0,0,,,,0.0,0.0,0.0,0.0,0.0,0,0,0
162,a,,,5.0,354,208,0,0,0,0,0.9,205,65,3,1,1.5,204,95,0,19,1.5,190,90,0.3,0.6,0,11228,3772,26886,11737,1.5,1.5,0.0,0.23,0.23,1.94,0.0,0.27,0.27,2.3,11.4,151,51,4.2,151,89,2.0,174,86,1.8,191,85,,,,2,,Andrey,Nascimento dos Santos,Andrey Santos,,,76,0,0,0,3,0,0,0,0,0,0,1,14,,,,0.0,0.0,3.55,1.18,16.58,4,3,7
325,a,100.0,100.0,4.5,407,22,0,0,0,0,0.0,509,56,0,0,0.0,415,45,0,0,0.0,415,45,0.0,0.0,0,408,166,500,243,0.0,0.0,0.0,0.0,0.0,0.0,0.0,0.0,0.0,0.0,0.0,340,43,0.0,341,23,0.0,266,23,0.0,357,43,,,,2,,Karl,Darlow,Darlow,,,0,0,0,0,0,0,0,0,0,0,0,0,0,,,,0.0,0.0,0.0,0.0,0.0,0,0,0
412,a,,,5.0,312,17,0,0,0,0,14.6,29,5,3,2,1.5,202,19,0,18,1.5,188,16,0.3,0.6,0,50196,15482,172045,83435,1.5,1.5,0.0,0.0,0.0,3.07,0.0,0.0,0.0,1.54,20.2,82,12,0.0,511,63,0.0,465,63,2.0,178,12,,,,2,,Senne,Lammens,Lammens,,,180,0,0,0,4,0,0,0,0,0,5,2,0,,,,2.5,0.0,2.0,1.0,0.0,0,3,14
413,u,0.0,0.0,4.5,472,38,0,0,0,0,0.0,570,67,0,0,0.0,445,58,0,0,0.0,445,58,0.0,0.0,0,0,0,759,171,0.0,0.0,0.0,0.0,0.0,0.0,0.0,0.0,0.0,0.0,0.0,376,56,0.0,380,39,0.0,314,39,0.0,393,56,,,,2,,Altay,Bayındır,Bayindir,Has joined Celta Vigo on loan for the rest of the season,,0,0,0,0,0,0,0,0,0,0,0,0,0,,,,0.0,0.0,0.0,0.0,0.0,0,0,0
414,i,0.0,0.0,4.0,551,49,0,0,0,0,0.1,443,50,0,0,0.0,358,23,0,0,0.0,358,23,0.0,0.0,0,399,184,1506,501,0.0,0.0,0.0,0.0,0.0,0.0,0.0,0.0,0.0,0.0,0.0,280,21,0.0,277,1,0.0,195,1,0.0,296,21,,,,2,,Tom,Heaton,Heaton,Hamstring injury - Unknown return date,,0,0,0,0,0,0,0,0,0,0,0,0,0,,,,0.0,0.0,0.0,0.0,0.0,0,0,0
415,a,,,5.9,109,70,-1,1,-1,1,0.9,202,63,1,1,0.5,357,170,0,-7,0.5,346,162,0.1,0.2,0,6711,1903,45885,17224,0.5,0.5,0.65,0.04,0.69,1.92,1.06,0.07,1.13,3.14,0.0,596,258,1.2,217,122,16.0,65,35,0.7,249,112,,,,2,,Patrick,Dorgu,Dorgu,,,55,0,0,0,3,0,0,0,1,0,0,1,3,,,,0.0,0.0,4.91,1.64,4.91,1,2,0
416,i,0.0,0.0,5.0,263,41,0,0,0,0,0.0,547,190,0,0,0.0,523,189,0,0,0.0,523,189,0.0,0.0,0,172,55,757,259,0.0,0.0,0.0,0.0,0.0,0.0,0.0,0.0,0.0,0.0,0.0,470,186,0.0,479,186,0.0,424,170,0.0,486,186,,,,2,,Matthijs,de Ligt,De Ligt,Back injury - Unknown return date,,0,0,0,0,0,0,0,0,0,0,0,0,0,,,,0.0,0.0,0.0,0.0,0.0,0,0,0
417,a,,,5.0,270,44,0,0,0,0,2.3,120,49,3,2,1.5,199,64,0,18,1.5,185,63,0.3,0.6,0,12496,4306,49693,16061,1.5,1.5,0.15,0.12,0.27,1.06,0.16,0.13,0.29,1.15,7.6,181,79,11.3,115,34,0.0,428,172,1.9,183,71,,,,2,,Diogo,Dalot Teixeira,Dalot,,,83,0,0,0,1,0,0,0,0,0,0,1,7,,,,0.0,0.0,1.08,1.08,7.59,2,5,2
418,a,,,5.0,231,35,0,0,0,0,15.8,25,9,5,4,2.5,133,48,0,28,2.5,127,46,0.5,1.0,0,77103,24150,216350,110039,2.5,2.5,0.07,0.41,0.48,3.07,0.04,0.2,0.24,1.54,25.4,64,26,28.6,30,8,19.0,47,12,7.3,40,10,,,,2,,Harry,Maguire,Maguire,,,180,0,1,0,4,0,0,0,0,0,0,2,9,,,,0.0,0.0,2.0,1.0,4.5,1,8,9
419,a,100.0,100.0,5.0,277,47,0,0,0,0,1.3,169,69,1,1,1.0,271,105,0,2,0.5,304,113,0.1,0.2,0,10659,3884,27616,8041,0.5,0.5,0.03,0.06,0.09,2.06,0.03,0.06,0.09,2.06,0.0,477,189,0.0,486,189,0.0,434,175,0.0,493,189,,,,2,,Lisandro,Martínez,Martinez,,,90,0,0,0,2,0,0,0,0,0,0,1,0,,,,0.0,0.0,2.0,1.0,0.0,0,0,6
420,a,,,4.9,402,78,-1,1,-1,1,0.6,244,91,1,1,1.0,260,100,0,-2,0.5,295,108,0.1,0.2,0,2200,664,16142,5398,0.5,0.5,0.0,0.01,0.01,1.0,0.0,0.06,0.06,5.62,0.0,445,180,0.0,452,181,0.0,393,164,0.0,461,180,,,,2,,Leny,Yoro,Yoro,,,16,0,0,0,1,0,0,0,0,0,0,0,2,,,,0.0,0.0,5.62,0.0,11.25,0,2,1
421,a,,,4.5,532,145,0,0,0,0,0.4,277,106,1,0,1.0,256,98,0,5,0.5,292,106,0.1,0.2,0,3880,792,8227,4036,0.5,0.5,0.12,0.04,0.16,1.01,0.12,0.04,0.16,1.01,6.8,191,85,2.6,168,50,11.0,83,27,2.0,177,68,,,,2,,Ayden,Heaven,Heaven,,,90,0,0,0,2,0,0,0,0,0,0,1,2,,,,0.0,0.0,2.0,1.0,2.0,1,1,4
422,a,,,4.5,452,109,0,0,0,0,0.7,229,84,2,1,1.0,243,87,0,7,1.0,220,77,0.2,0.4,0,7654,1800,12078,5986,1.0,1.0,0.22,0.05,0.27,2.01,0.21,0.05,0.26,1.88,17.4,99,42,29.4,28,7,9.0,89,30,5.6,61,19,,,,2,,Noussair,Mazraoui,Mazraoui,,,96,0,0,0,3,0,0,0,0,0,0,1,5,,,,0.0,0.0,2.81,0.94,4.69,1,4,3
423,a,,,4.5,416,85,0,0,0,0,17.8,21,6,3,2,1.5,193,62,0,25,1.5,178,60,0.3,0.7,0,57779,14852,248491,131402,1.5,1.5,0.0,0.28,0.28,2.07,0.0,0.16,0.16,1.15,25.2,65,27,59.2,1,1,6.0,113,32,9.0,20,2,3.0,,,2,,Luke,Shaw,Shaw,,,162,0,0,0,3,0,0,0,0,0,0,2,12,,,,0.0,0.0,1.67,1.11,6.67,5,7,5
424,a,,,4.0,616,198,0,0,0,0,0.2,341,128,0,0,0.0,405,149,0,0,0.0,405,149,0.0,0.0,0,1544,656,3107,1126,0.0,0.0,0.0,0.0,0.0,0.0,0.0,0.0,0.0,0.0,0.0,329,131,0.0,329,133,0.0,252,103,0.0,346,132,,,,2,,Harry,Amass,Amass,,,0,0,0,0,0,0,0,0,0,0,0,0,0,,,,0.0,0.0,0.0,0.0,0.0,0,0,0
425,u,0.0,0.0,4.0,607,189,0,0,0,0,0.0,566,195,0,0,0.0,398,142,0,0,0.0,398,142,0.0,0.0,0,0,0,866,186,0.0,0.0,0.0,0.0,0.0,0.0,0.0,0.0,0.0,0.0,0.0,321,123,0.0,321,125,0.0,243,94,0.0,338,124,,,,2,,Tyler,Fredricson,Fredricson,Has joined Lausanne-Sport permanently,,0,0,0,0,0,0,0,0,0,0,0,0,0,,,,0.0,0.0,0.0,0.0,0.0,0,0,0
426,a,,,12.0,2,1,0,0,0,0,48.0,3,1,25,23,12.5,2,2,3,105,12.5,1,1,1.0,2.1,0,232601,184083,409791,181211,12.5,12.5,2.1,0.74,2.84,3.07,1.05,0.37,1.42,1.54,20.2,83,28,55.4,3,2,17.0,63,33,9.3,17,13,1.0,1.0,1.0,2,,Bruno,Borges Fernandes,B.Fernandes,,,180,3,1,0,4,0,0,0,0,0,0,2,14,,,,0.0,0.0,2.0,1.0,7.0,2,2,10
427,a,,,8.0,9,6,0,0,0,0,31.6,7,3,13,11,6.5,36,21,2,49,6.5,34,20,0.8,1.6,0,119735,37510,569391,349203,6.5,6.5,2.26,0.44,2.7,3.07,1.13,0.22,1.35,1.54,9.6,168,65,28.1,34,26,49.0,8,5,8.7,25,16,2.0,2.0,2.0,2,,Bryan,Mbeumo,Mbeumo,,,180,1,1,0,4,0,0,0,1,0,0,2,9,,,,0.0,0.0,2.0,1.0,4.5,3,0,6
428,a,,,8.0,8,5,0,0,0,0,8.6,48,18,11,9,5.5,54,27,1,45,5.5,51,25,0.7,1.4,0,37734,10880,164640,71683,5.5,5.5,0.35,0.36,0.71,2.07,0.2,0.21,0.41,1.18,5.4,207,85,28.2,33,25,35.0,22,10,6.9,46,28,,,,2,,Matheus,Santos Carneiro da Cunha,Cunha,,,158,0,2,0,3,0,0,0,0,0,0,2,5,,,,0.0,0.0,1.71,1.14,2.85,0,0,5
429,a,,,7.0,23,14,0,0,0,0,1.6,149,43,3,2,1.5,222,106,0,26,1.5,209,101,0.2,0.4,0,24249,9185,40166,18088,1.5,1.5,0.26,0.15,0.41,1.15,0.19,0.11,0.3,0.83,11.6,149,50,48.6,7,6,4.0,145,74,6.4,49,30,,,,2,,Marcus,Rashford,Rashford,,,124,0,0,0,1,0,0,0,0,0,0,1,7,,,,0.0,0.0,0.73,0.73,5.08,3,0,4
430,d,75.0,75.0,5.5,130,80,0,0,0,0,0.0,544,224,0,0,0.0,592,252,0,0,0.0,592,252,0.0,0.0,0,64,29,966,271,0.0,0.0,0.0,0.0,0.0,0.0,0.0,0.0,0.0,0.0,0.0,558,236,0.0,571,243,0.0,543,224,0.0,572,242,,3.0,,2,,Mason,Mount,Mount,Foot injury - 75% chance of playing,,0,0,0,0,0,0,0,0,0,0,0,0,0,,,,0.0,0.0,0.0,0.0,0.0,0,0,0
431,i,0.0,0.0,5.9,105,66,0,0,-1,1,0.7,226,77,0,0,0.0,607,262,0,0,0.0,607,262,0.0,0.0,0,1709,133,81289,21830,0.0,0.0,0.0,0.0,0.0,0.0,0.0,0.0,0.0,0.0,0.0,594,256,0.0,600,260,0.0,593,254,0.0,601,260,4.0,,,2,,Amad,Diallo,Amad,Unspecified injury - Unknown return date,,0,0,0,0,0,0,0,0,0,0,0,0,0,,,,0.0,0.0,0.0,0.0,0.0,0,0,0
432,a,,,5.5,185,115,0,0,0,0,1.0,188,59,5,4,2.5,143,64,0,32,2.5,138,64,0.5,0.9,0,11121,7661,20097,6404,2.5,2.5,0.21,0.28,0.49,1.13,0.19,0.25,0.44,1.0,2.8,239,108,2.5,170,100,2.0,179,89,0.7,247,110,,,,2,,Kobbie,Mainoo,Mainoo,,,102,0,0,0,1,0,0,0,0,0,0,1,16,,,,0.0,0.0,0.88,0.88,14.12,3,2,11
433,i,0.0,0.0,5.0,285,172,0,0,0,0,0.0,608,263,0,0,0.0,532,219,0,0,0.0,532,219,0.0,0.0,0,38,14,130,42,0.0,0.0,0.0,0.0,0.0,0.0,0.0,0.0,0.0,0.0,0.0,482,190,0.0,491,199,0.0,442,164,0.0,498,197,,,,2,,Manuel,Ugarte Ribeiro,Ugarte,Knee injury - Unknown return date,,0,0,0,0,0,0,0,0,0,0,0,0,0,,,,0.0,0.0,0.0,0.0,0.0,0,0,0
434,a,,,5.0,361,215,0,0,0,0,0.0,585,247,0,0,0.0,566,237,0,0,0.0,566,237,0.0,0.0,0,80,39,254,85,0.0,0.0,0.0,0.0,0.0,0.0,0.0,0.0,0.0,0.0,0.0,524,215,0.0,537,224,0.0,495,192,0.0,540,222,,,,2,,Jack,Fletcher,J.Fletcher,,,0,0,0,0,0,0,0,0,0,0,0,0,0,,,,0.0,0.0,0.0,0.0,0.0,0,0,0
435,a,,,5.0,370,222,0,0,0,0,0.1,491,201,1,0,1.0,290,130,0,3,0.5,319,147,0.1,0.2,0,510,183,1140,550,0.5,0.5,0.0,0.0,0.0,0.0,0.0,0.0,0.0,0.0,0.2,277,132,0.6,242,128,0.0,503,199,0.1,289,137,,,,2,,Shea,Lacey,Lacey,,,10,0,0,0,0,0,0,0,0,0,0,0,1,,,,0.0,0.0,0.0,0.0,9.0,0,0,1
436,a,,,5.0,329,193,0,0,0,0,0.0,563,234,0,0,0.0,553,230,0,0,0.0,553,230,0.0,0.0,0,136,76,351,117,0.0,0.0,0.0,0.0,0.0,0.0,0.0,0.0,0.0,0.0,0.0,509,206,0.0,521,215,0.0,478,182,0.0,525,213,,,,2,,Toby,Collyer,Collyer,,,0,0,0,0,0,0,0,0,0,0,0,0,0,,,,0.0,0.0,0.0,0.0,0.0,0,0,0
437,a,,,4.5,522,263,0,0,0,0,0.2,354,132,0,0,0.0,478,187,0,0,0.0,478,187,0.0,0.0,0,1825,864,3737,1366,0.0,0.0,0.0,0.0,0.0,0.0,0.0,0.0,0.0,0.0,0.0,413,151,0.0,419,161,0.0,359,119,0.0,429,158,,,,2,,Bendito,Mantato,Bendito Mantato,,,0,0,0,0,0,0,0,0,0,0,0,0,0,,,,0.0,0.0,0.0,0.0,0.0,0,0,0
438,a,,,4.5,503,258,0,0,0,0,0.3,294,99,0,0,0.0,462,182,0,0,0.0,462,182,0.0,0.0,0,2300,972,6163,2179,0.0,0.0,0.0,0.0,0.0,0.0,0.0,0.0,0.0,0.0,0.0,396,146,0.0,403,156,0.0,341,114,0.0,412,153,,,,2,,Tyler,Fletcher,Fletcher,,,0,0,0,0,0,0,0,0,0,0,0,0,0,,,,0.0,0.0,0.0,0.0,0.0,0,0,0
439,a,100.0,100.0,7.0,28,10,0,0,0,0,1.7,142,24,2,1,1.0,340,42,0,7,1.0,269,33,0.1,0.3,0,38901,8347,39349,24223,1.0,1.0,0.04,0.01,0.05,1.07,0.11,0.03,0.14,2.92,0.0,620,70,0.5,253,28,9.0,94,19,0.9,239,24,,,,2,,Benjamin,Sesko,Šeško,,,33,0,0,0,1,0,0,0,0,0,0,0,3,,,,0.0,0.0,2.73,0.0,8.18,0,0,3
440,a,,,5.4,215,47,-1,1,-1,1,0.5,262,45,0,0,0.0,583,65,0,0,0.0,583,65,0.0,0.0,0,4624,2579,19382,6251,0.0,0.0,0.0,0.0,0.0,0.0,0.0,0.0,0.0,0.0,0.0,544,46,0.0,556,54,0.0,524,53,0.0,559,55,,,,2,,Joshua,Zirkzee,Zirkzee,,,0,0,0,0,0,0,0,0,0,0,0,0,0,,,,0.0,0.0,0.0,0.0,0.0,0,0,0
441,a,,,4.5,529,71,0,0,0,0,1.2,180,28,0,0,0.0,483,52,0,0,0.0,483,52,0.0,0.0,0,15167,8851,18749,7180,0.0,0.0,0.0,0.0,0.0,0.0,0.0,0.0,0.0,0.0,0.0,418,33,0.0,424,40,0.0,364,39,0.0,434,42,,,,2,,Chido,Obi,Obi,,,0,0,0,0,0,0,0,0,0,0,0,0,0,,,,0.0,0.0,0.0,0.0,0.0,0,0,0
405,a,,,5.5,171,104,0,0,0,0,0.2,338,122,2,2,2.0,177,87,0,9,1.0,254,120,0.2,0.4,0,7000,4613,3031,1289,1.0,1.0,0.0,0.2,0.2,0.74,0.0,0.26,0.26,0.95,0.0,572,244,0.0,584,251,0.0,569,241,0.0,585,250,,,,2,,Nico,González Iglesias,N.Gonzalez,,,70,0,0,1,0,0,0,0,1,0,0,1,4,,,,0.0,1.29,0.0,1.29,5.14,0,2,2
442,a,,,5.0,232,6,0,0,0,0,1.2,176,25,0,0,0.0,510,64,0,0,0.0,510,64,0.0,0.0,0,5100,2394,21685,9381,0.0,0.0,0.0,0.0,0.0,0.0,0.0,0.0,0.0,0.0,0.0,449,62,0.0,457,52,0.0,398,52,0.0,465,62,,,,2,,Nick,Pope,Pope,,,0,0,0,0,0,0,0,0,0,0,0,0,0,,,,0.0,0.0,0.0,0.0,0.0,0,0,0
443,a,,,4.5,410,25,0,0,0,0,0.0,524,58,0,0,0.0,416,46,0,0,0.0,416,46,0.0,0.0,0,273,111,420,189,0.0,0.0,0.0,0.0,0.0,0.0,0.0,0.0,0.0,0.0,0.0,341,44,0.0,344,26,0.0,269,26,0.0,358,44,,,,2,,Mark,Gillespie,Gillespie,,,0,0,0,0,0,0,0,0,0,0,0,0,0,,,,0.0,0.0,0.0,0.0,0.0,0,0,0
444,a,,,4.5,513,48,0,0,0,0,0.0,541,62,0,0,0.0,471,63,0,0,0.0,471,63,0.0,0.0,0,210,86,611,263,0.0,0.0,0.0,0.0,0.0,0.0,0.0,0.0,0.0,0.0,0.0,405,61,0.0,412,49,0.0,350,49,0.0,421,61,,,,2,,Ewen,Jaouen,Jaouen,,,0,0,0,0,0,0,0,0,0,0,0,0,0,,,,0.0,0.0,0.0,0.0,0.0,0,0,0
445,a,,,5.0,313,57,0,0,0,0,1.9,129,53,9,6,4.5,71,25,0,25,4.5,67,24,0.9,1.8,0,43852,24054,23185,12287,4.5,4.5,0.0,0.02,0.02,4.1,0.0,0.01,0.01,2.05,37.8,32,11,0.2,269,98,0.0,466,183,3.8,108,37,,,,2,,Malick,Thiaw,Thiaw,,,180,0,0,1,2,0,0,0,0,0,0,2,18,,,,0.0,0.5,1.0,1.0,9.0,0,18,3
446,a,100.0,100.0,5.0,237,36,0,0,0,0,0.2,312,115,1,0,1.0,262,101,0,-1,0.5,297,109,0.1,0.2,0,2812,917,4416,2531,0.5,0.5,0.0,0.0,0.0,0.79,0.0,0.0,0.0,71.1,0.0,454,181,0.0,462,182,0.0,403,165,0.0,470,181,,2.0,,2,,Fabian,Schär,Schär,,,1,0,0,0,1,0,0,0,0,0,0,0,0,,,,0.0,0.0,90.0,0.0,0.0,0,0,0
447,a,,,5.0,274,45,0,0,0,0,0.6,240,89,8,5,4.0,83,31,0,26,4.0,80,31,0.8,1.6,0,16152,7267,6050,2768,4.0,4.0,0.01,0.01,0.02,4.1,0.0,0.0,0.0,2.05,32.4,46,17,0.3,258,94,0.0,431,173,3.3,121,44,,,,2,,Sven,Botman,Botman,,,180,0,0,1,2,0,0,0,1,0,0,2,15,,,,0.0,0.5,1.0,1.0,7.5,1,14,6
448,i,0.0,0.0,4.9,390,74,-1,1,-1,1,1.3,167,68,0,0,0.0,497,183,0,0,0.0,497,183,0.0,0.0,0,6626,379,101911,26600,0.0,0.0,0.0,0.0,0.0,0.0,0.0,0.0,0.0,0.0,0.0,434,176,0.0,440,177,0.0,381,160,0.0,450,176,,,,2,,Dan,Burn,Burn,Ankle injury - Expected back 14 Sep,,0,0,0,0,0,0,0,0,0,0,0,0,0,,,,0.0,0.0,0.0,0.0,0.0,0,0,0
449,a,,,5.0,325,63,0,0,0,0,6.7,61,24,14,11,7.0,26,10,3,60,7.0,25,9,1.4,2.8,0,280942,228241,44200,24764,7.0,7.0,0.03,0.66,0.69,4.1,0.02,0.33,0.35,2.05,22.0,75,35,15.2,80,24,0.0,474,186,3.7,113,41,1.0,1.0,,2,,Lewis,Hall,Hall,,,180,0,0,1,2,0,0,0,0,0,0,2,24,,,,0.0,0.5,1.0,1.0,12.0,7,17,14
450,i,0.0,0.0,5.0,300,53,0,0,0,0,0.0,535,186,0,0,0.0,539,193,0,0,0.0,539,193,0.0,0.0,0,144,53,1701,473,0.0,0.0,0.0,0.0,0.0,0.0,0.0,0.0,0.0,0.0,0.0,491,192,0.0,501,192,0.0,454,180,0.0,507,192,,,,2,,Tino,Livramento,Livramento,Calf injury - Unknown return date,,0,0,0,0,0,0,0,0,0,0,0,0,0,,,,0.0,0.0,0.0,0.0,0.0,0,0,0
451,u,0.0,0.0,4.0,606,188,0,0,0,0,0.1,445,156,0,0,0.0,397,141,0,0,0.0,397,141,0.0,0.0,0,0,0,4398,1122,0.0,0.0,0.0,0.0,0.0,0.0,0.0,0.0,0.0,0.0,0.0,320,122,0.0,320,124,0.0,242,93,0.0,337,123,,,,2,,Alex,Murphy,A.Murphy,Has joined FC Kaiserslautern on loan for the rest of the season,,0,0,0,0,0,0,0,0,0,0,0,0,0,,,,0.0,0.0,0.0,0.0,0.0,0,0,0
453,a,,,6.0,65,45,0,0,0,0,1.1,184,55,5,3,2.5,148,68,0,21,2.5,143,68,0.4,0.8,0,22898,7903,20078,9748,2.5,2.5,0.11,0.03,0.14,4.1,0.06,0.02,0.08,2.05,5.2,210,87,2.4,175,103,9.0,92,45,1.7,202,90,5.0,,,2,,Harvey,Barnes,Barnes,,,180,0,0,1,2,0,0,0,0,0,0,2,12,,,,0.0,0.5,1.0,1.0,6.0,3,5,4
454,a,,,6.1,57,40,1,-1,1,-1,6.4,63,21,17,8,8.5,17,8,2,63,8.5,15,7,1.4,2.8,0,460753,365312,41008,29135,8.5,8.5,0.42,0.11,0.53,2.68,0.24,0.06,0.3,1.55,37.4,33,17,3.5,160,93,28.0,34,18,6.9,45,27,4.0,,,2,,Anthony,Elanga,Elanga,,,156,2,0,1,1,0,0,0,0,0,0,2,5,,,,0.0,0.58,0.58,1.15,2.88,2,1,2
456,a,,,5.0,287,174,0,0,0,0,0.3,295,100,1,1,0.5,347,166,0,4,0.5,305,135,0.1,0.2,0,2348,906,7699,3019,0.5,0.5,0.06,0.14,0.2,1.88,0.13,0.3,0.43,4.03,7.8,180,71,1.3,208,117,4.0,132,65,1.3,224,99,,,,2,,Jacob,Ramsey,J.Ramsey,,,42,0,0,0,1,0,0,0,1,0,0,0,7,,,,0.0,0.0,2.14,0.0,15.0,2,3,2
457,a,,,5.9,93,58,-1,1,-1,1,0.1,377,145,1,1,0.5,356,169,0,2,0.5,344,160,0.1,0.2,0,1130,413,4399,1717,0.5,0.5,0.0,0.2,0.2,1.42,0.0,0.82,0.82,5.81,0.0,586,252,0.1,276,144,2.0,182,92,0.1,293,139,2.0,,,2,,Jacob,Murphy,J.Murphy,,,22,0,0,0,1,0,0,0,1,0,0,0,5,,,,0.0,0.0,4.09,0.0,20.45,1,1,3
458,i,0.0,0.0,5.4,207,127,-1,1,-1,1,0.0,546,225,0,0,0.0,577,243,0,0,0.0,577,243,0.0,0.0,0,106,58,1416,348,0.0,0.0,0.0,0.0,0.0,0.0,0.0,0.0,0.0,0.0,0.0,539,225,0.0,552,234,0.0,519,210,0.0,555,232,,,,2,,Joelinton Cássio,Apolinário de Lira,Joelinton,Unspecified injury - Unknown return date,,0,0,0,0,0,0,0,0,0,0,0,0,0,,,,0.0,0.0,0.0,0.0,0.0,0,0,0
459,a,100.0,100.0,5.5,191,119,0,0,0,0,0.1,456,183,6,3,3.0,118,52,0,29,3.0,113,52,0.5,1.1,0,2330,939,1187,653,3.0,3.0,0.05,0.05,0.1,3.06,0.03,0.03,0.06,1.67,15.6,109,37,21.4,59,39,3.0,152,79,4.0,103,54,3.0,,,2,,Lewis,Miley,L.Miley,,,165,0,0,1,1,0,0,0,1,0,0,2,22,,,,0.0,0.55,0.55,1.09,12.0,1,9,12
460,a,,,5.0,254,156,0,0,0,0,0.3,288,95,9,3,4.5,69,34,0,28,4.5,65,32,0.9,1.8,0,18593,9830,4935,3003,4.5,4.5,0.16,0.19,0.35,2.24,0.14,0.16,0.3,1.94,38.4,29,16,13.9,90,58,9.0,90,43,6.1,52,31,,,,2,,Joe,Willock,Willock,,,104,1,0,1,1,0,0,0,0,0,0,1,5,,,,0.0,0.87,0.87,0.87,4.33,2,1,2
461,a,,,5.9,110,71,-1,1,-1,1,0.2,351,130,1,1,1.0,327,156,0,3,0.5,347,163,0.1,0.2,0,920,407,7770,3312,0.5,0.5,0.0,0.0,0.0,0.0,0.0,0.0,0.0,0.0,0.0,597,259,0.0,602,262,0.0,595,256,0.0,603,262,,,,2,,Bazoumana,Touré,Touré,,,1,0,0,0,0,0,0,0,0,0,0,0,0,,,,0.0,0.0,0.0,0.0,0.0,0,0,0
462,a,,,5.0,383,231,0,0,0,0,0.1,431,171,2,1,1.0,295,135,0,7,1.0,245,114,0.2,0.4,0,1068,306,2246,1246,1.0,1.0,0.0,0.0,0.0,1.86,0.0,0.0,0.0,2.26,0.4,272,128,1.2,214,120,0.0,512,205,0.2,283,134,,,,2,,Sean,Steur,Steur,,,74,0,0,0,1,0,0,0,0,0,0,1,5,,,,0.0,0.0,1.22,1.22,6.08,0,3,2
463,a,,,5.9,102,28,-1,1,-1,1,1.4,159,25,4,4,4.0,89,12,0,18,2.0,167,17,0.3,0.7,0,12085,4892,46774,15990,2.0,2.0,0.02,0.01,0.03,0.38,0.09,0.05,0.14,1.8,0.0,592,63,0.0,598,66,0.0,590,66,0.0,599,66,,,1.0,2,,Nick,Woltemade,Woltemade,,,19,0,1,0,0,0,0,0,0,0,0,0,0,,,,0.0,0.0,0.0,0.0,0.0,0,0,0
464,a,,,6.1,56,13,1,-1,1,-1,8.4,50,7,12,8,6.0,47,3,2,44,6.0,44,3,1.0,2.0,0,578055,419098,56346,32258,6.0,6.0,1.35,0.02,1.37,2.93,0.71,0.01,0.72,1.54,20.0,85,7,16.3,74,6,28.0,33,9,6.4,48,8,,,3.0,2,,Yoane,Wissa,Wissa,,,171,1,1,1,1,0,0,0,1,0,0,2,14,,,,0.0,0.53,0.53,1.05,7.37,5,2,7
465,i,0.0,0.0,6.0,88,20,0,0,0,0,0.7,232,38,4,0,4.0,90,13,0,18,2.0,171,19,0.3,0.7,0,20624,280,48487,21980,0.0,0.0,0.06,0.14,0.2,1.48,0.1,0.23,0.33,2.42,28.2,59,6,13.7,95,8,8.0,100,20,5.0,78,11,,,2.0,2,,William,Osula,Osula,Foot injury - Unknown return date,,55,0,1,0,1,0,0,0,0,0,0,1,5,,,,0.0,0.0,1.64,1.64,8.18,1,2,2
466,a,,,4.5,531,72,0,0,0,0,0.8,214,35,0,0,0.0,485,53,0,0,0.0,485,53,0.0,0.0,0,14669,8191,13545,5420,0.0,0.0,0.0,0.0,0.0,0.0,0.0,0.0,0.0,0.0,0.0,420,34,0.0,426,41,0.0,366,40,0.0,436,43,,,,2,,Sean,Neave,Neave,,,0,0,0,0,0,0,0,0,0,0,0,0,0,,,,0.0,0.0,0.0,0.0,0.0,0,0,0
559,a,,,5.0,382,230,0,0,0,0,0.1,396,156,1,0,1.0,294,134,0,5,0.5,322,150,0.1,0.2,0,1147,457,2995,1328,0.5,0.5,0.0,0.0,0.0,1.04,0.0,0.0,0.0,6.69,4.0,223,96,0.0,547,231,0.0,511,204,0.4,266,122,,,,2,,Aladji,Bamba,Bamba,,,14,0,0,0,1,0,0,0,0,0,0,0,2,,,,0.0,0.0,6.43,0.0,12.86,1,1,0
567,a,,,5.0,318,18,0,0,0,0,0.9,197,29,8,7,4.0,85,6,0,44,4.0,82,6,0.8,1.6,0,30368,24831,10710,6452,4.0,4.0,0.0,0.0,0.0,4.1,0.0,0.0,0.0,2.05,41.2,24,2,0.0,514,64,0.0,469,64,4.1,100,2,,,,2,,Lukás,Hornícek,Horníček,,,180,0,0,1,2,0,0,0,1,0,9,2,0,,,,4.5,0.5,1.0,1.0,0.0,0,5,9
593,a,,,4.5,476,125,0,0,0,0,1.5,157,63,12,11,6.0,40,16,2,36,6.0,38,15,1.3,2.7,0,115546,105187,15245,13089,6.0,6.0,0.03,0.06,0.09,4.1,0.02,0.03,0.05,2.05,16.4,106,46,1.2,212,69,5.0,123,39,2.3,161,62,,,,2,,Amar,Dedic,Dedić,,,180,0,1,1,2,0,0,0,0,0,0,2,17,,,,0.0,0.5,1.0,1.0,8.5,5,12,7
609,a,,,4.0,610,192,0,0,0,0,0.2,328,124,0,0,0.0,401,145,0,0,0.0,401,145,0.0,0.0,0,9609,5616,2143,1498,0.0,0.0,0.0,0.0,0.0,0.0,0.0,0.0,0.0,0.0,0.0,324,126,0.0,324,128,0.0,246,97,0.0,341,127,,,,2,,Leo,Shahar,Shahar,,,0,0,0,0,0,0,0,0,0,0,0,0,0,,,,0.0,0.0,0.0,0.0,0.0,0,0,0
167,a,,,5.5,167,38,0,0,0,0,0.6,238,40,1,1,1.0,314,36,0,9,0.5,338,39,0.1,0.2,0,24473,16733,12901,5336,0.5,0.5,0.07,0.0,0.07,0.33,0.26,0.0,0.26,1.24,0.0,570,53,0.0,582,59,0.0,566,59,0.0,583,60,,,3.0,2,,Liam,Delap,Delap,,,24,0,0,0,1,0,0,0,0,0,0,0,0,,,,0.0,0.0,3.75,0.0,0.0,0,0,0
467,a,,,5.0,229,5,0,0,0,0,1.5,158,24,3,1,1.5,197,17,0,17,1.5,183,14,0.3,0.6,0,7085,3735,18906,7160,1.5,1.5,0.0,0.01,0.01,2.22,0.0,0.0,0.0,1.11,14.2,122,18,0.0,456,51,0.0,397,51,1.4,217,18,,,,2,,Matz,Sels,Sels,,,180,0,0,0,3,0,0,0,0,0,4,2,0,,,,2.0,0.0,1.5,1.0,0.0,0,3,15
468,a,,,4.5,447,34,0,0,0,0,0.1,477,54,0,0,0.0,434,55,0,0,0.0,434,55,0.0,0.0,0,287,109,771,305,0.0,0.0,0.0,0.0,0.0,0.0,0.0,0.0,0.0,0.0,0.0,362,53,0.0,366,35,0.0,295,35,0.0,379,53,,,,2,,John Victor,Maciel Furtado,John,,,0,0,0,0,0,0,0,0,0,0,0,0,0,,,,0.0,0.0,0.0,0.0,0.0,0,0,0
469,a,,,5.0,269,43,0,0,0,0,8.6,47,18,8,6,4.0,82,30,0,29,4.0,79,30,0.8,1.6,0,38649,24499,116804,34670,4.0,4.0,0.12,0.17,0.29,2.22,0.06,0.08,0.14,1.11,15.2,113,52,5.8,141,41,6.0,115,34,2.7,144,57,2.0,2.0,,2,,Neco,Williams,N.Williams,,,180,0,1,0,3,0,0,0,0,0,0,2,18,,,,0.0,0.0,1.5,1.0,9.0,9,9,11
470,a,,,5.0,322,62,0,0,0,0,0.0,502,176,0,0,0.0,548,196,0,0,0.0,548,196,0.0,0.0,0,353,123,1094,427,0.0,0.0,0.0,0.0,0.0,0.0,0.0,0.0,0.0,0.0,0.0,503,195,0.0,515,195,0.0,471,185,0.0,519,195,,,,2,,Felipe,Rodrigues da Silva,Morato,,,0,0,0,0,0,0,0,0,0,0,0,0,0,,,,0.0,0.0,0.0,0.0,0.0,0,0,0
471,a,,,5.5,148,19,0,0,0,0,1.7,141,57,5,3,2.5,138,49,0,7,2.5,132,47,0.5,0.9,0,5261,2670,23980,6939,2.5,2.5,0.11,0.02,0.13,2.22,0.06,0.01,0.07,1.11,7.6,182,80,0.6,244,88,14.0,72,19,2.2,166,65,,,,2,,Nikola,Milenković,Milenković,,,180,0,0,0,3,0,0,0,0,0,0,2,20,,,,0.0,0.0,1.5,1.0,10.0,3,17,9
472,a,100.0,100.0,5.5,198,29,0,0,0,0,1.6,151,62,5,1,2.5,146,52,0,17,2.5,141,50,0.5,0.9,0,13155,4575,20141,8304,2.5,2.5,0.18,0.28,0.46,2.22,0.09,0.14,0.23,1.11,32.2,47,18,25.9,45,14,0.0,579,203,5.8,57,16,,3.0,,2,,Murillo,Costa dos Santos,Murillo,,,180,0,0,0,3,0,0,0,0,0,0,2,20,,,,0.0,0.0,1.5,1.0,10.0,2,18,6
473,a,,,4.5,427,89,0,0,0,0,3.3,101,40,5,0,2.5,129,45,0,26,2.5,123,43,0.6,1.1,0,28341,10571,44687,21850,2.5,2.5,0.04,0.52,0.56,2.09,0.02,0.3,0.32,1.19,16.0,107,47,35.6,20,5,11.0,81,25,6.3,50,12,,,,2,,Ola,Aina,Aina,,,158,0,0,1,2,0,0,0,2,0,0,2,7,,,,0.0,0.57,1.14,1.14,3.99,2,5,8
474,a,,,4.5,521,142,0,0,0,0,0.2,333,126,2,1,1.0,255,97,0,11,1.0,227,83,0.2,0.4,0,699,440,2421,862,1.0,1.0,0.0,0.0,0.0,2.22,0.0,0.0,0.0,1.11,20.8,80,37,1.3,207,67,0.0,358,154,2.2,164,64,,,,2,,Jair,Paula da Cunha Filho,Jair Cunha,,,180,0,0,0,3,0,0,0,1,0,0,2,16,,,,0.0,0.0,1.5,1.0,8.0,3,13,3
475,i,0.0,0.0,4.5,496,133,0,0,0,0,0.0,616,205,0,0,0.0,455,171,0,0,0.0,455,171,0.0,0.0,0,126,13,84,36,0.0,0.0,0.0,0.0,0.0,0.0,0.0,0.0,0.0,0.0,0.0,389,163,0.0,396,164,0.0,334,146,0.0,405,163,,,,2,,Nicolò,Savona,Savona,Knee injury - Unknown return date,,0,0,0,0,0,0,0,0,0,0,0,0,0,,,,0.0,0.0,0.0,0.0,0.0,0,0,0
476,a,,,4.0,575,166,0,0,0,0,0.2,322,121,0,0,0.0,375,128,0,0,0.0,375,128,0.0,0.0,0,966,471,3036,1028,0.0,0.0,0.0,0.0,0.0,0.0,0.0,0.0,0.0,0.0,0.0,298,109,0.0,297,110,0.0,217,77,0.0,315,110,,,,2,,Omar,Richards,O.Richards,,,0,0,0,0,0,0,0,0,0,0,0,0,0,,,,0.0,0.0,0.0,0.0,0.0,0,0,0
477,a,,,4.0,609,191,0,0,0,0,0.2,314,116,0,0,0.0,400,144,0,0,0.0,400,144,0.0,0.0,0,1845,849,3479,1256,0.0,0.0,0.0,0.0,0.0,0.0,0.0,0.0,0.0,0.0,0.0,323,125,0.0,323,127,0.0,245,96,0.0,340,126,,,,2,,Zach,Abbott,Abbott,,,0,0,0,0,0,0,0,0,0,0,0,0,0,,,,0.0,0.0,0.0,0.0,0.0,0,0,0
478,a,,,4.5,479,126,0,0,0,0,0.0,523,182,2,1,1.0,249,92,0,3,1.0,224,80,0.2,0.4,0,204,92,491,203,1.0,1.0,0.0,0.0,0.0,0.13,0.0,0.0,0.0,0.58,0.0,379,159,0.9,224,75,0.0,319,141,0.1,288,101,,,,2,,Luca,Netz,Netz,,,20,0,0,0,1,0,0,0,0,0,0,0,1,,,,0.0,0.0,4.5,0.0,4.5,1,0,1
479,a,,,4.0,604,186,0,0,0,0,0.2,357,134,0,0,0.0,396,140,0,0,0.0,396,140,0.0,0.0,0,719,354,2179,762,0.0,0.0,0.0,0.0,0.0,0.0,0.0,0.0,0.0,0.0,0.0,319,121,0.0,319,123,0.0,240,91,0.0,336,122,,,,2,,Tyler,Bindon,Bindon,,,0,0,0,0,0,0,0,0,0,0,0,0,0,,,,0.0,0.0,0.0,0.0,0.0,0,0,0
480,a,100.0,100.0,7.9,11,7,-1,1,-1,1,8.9,46,17,15,13,7.5,24,13,3,46,7.5,23,13,0.9,1.9,0,90672,81892,334079,50986,7.5,7.5,0.92,0.1,1.02,2.22,0.46,0.05,0.51,1.11,0.0,626,276,9.3,126,73,16.0,67,37,2.4,160,73,,1.0,1.0,2,,Morgan,Gibbs-White,Gibbs-White,,,180,1,1,0,3,0,0,0,0,0,0,2,8,,,,0.0,0.0,1.5,1.0,4.0,2,2,4
482,a,100.0,100.0,5.9,97,60,-1,1,-1,1,0.2,331,118,1,1,1.0,324,153,0,2,0.5,345,161,0.1,0.2,0,1510,784,7676,2192,0.5,0.5,0.0,0.0,0.0,0.0,0.0,0.0,0.0,0.0,0.0,589,253,0.0,596,257,0.0,586,249,0.0,597,257,,4.0,,2,,Callum,Hudson-Odoi,Hudson-Odoi,,,1,0,0,0,0,0,0,0,0,0,0,0,0,,,,0.0,0.0,0.0,0.0,0.0,0,0,0
483,a,,,5.5,166,103,0,0,0,0,0.6,247,83,12,9,6.0,43,23,2,35,6.0,40,21,1.1,2.2,0,17809,16318,9663,4401,6.0,6.0,0.35,0.63,0.98,1.67,0.25,0.45,0.7,1.19,1.4,259,119,2.5,169,99,0.0,565,240,0.4,270,126,,,,2,,Dan,Ndoye,Ndoye,,,126,1,0,1,1,0,0,0,0,0,0,2,12,,,,0.0,0.71,0.71,1.43,8.57,1,2,9
484,a,,,5.4,222,137,-1,1,-1,1,0.1,379,146,0,0,0.0,587,250,0,0,0.0,587,250,0.0,0.0,0,387,173,3674,1428,0.0,0.0,0.0,0.0,0.0,0.0,0.0,0.0,0.0,0.0,0.0,550,233,0.0,562,241,0.0,530,218,0.0,564,239,,,,2,,Omari,Hutchinson,Hutchinson,,,0,0,0,0,0,0,0,0,0,0,0,0,0,,,,0.0,0.0,0.0,0.0,0.0,0,0,0
485,u,0.0,0.0,5.5,174,107,0,0,0,0,0.0,593,253,0,0,0.0,598,258,0,0,0.0,598,258,0.0,0.0,0,107,0,719,314,0.0,0.0,0.0,0.0,0.0,0.0,0.0,0.0,0.0,0.0,0.0,573,245,0.0,585,252,0.0,570,242,0.0,586,251,,,,2,,Dilane,Bakwa,Bakwa,Has joined Lille on loan for the rest of the season,,0,0,0,0,0,0,0,0,0,0,0,0,0,,,,0.0,0.0,0.0,0.0,0.0,0,0,0
486,a,,,5.5,155,96,0,0,0,0,0.1,468,190,5,2,2.5,139,62,0,34,2.5,133,62,0.5,0.9,0,2436,1762,1064,589,2.5,2.5,0.0,0.32,0.32,2.09,0.0,0.18,0.18,1.15,11.6,146,49,42.5,12,10,0.0,558,236,5.4,67,35,1.0,,,2,,James,McAtee,McAtee,,,163,0,0,1,2,0,0,0,0,0,0,2,16,,,,0.0,0.55,1.1,1.1,8.83,2,4,10
487,a,,,5.0,293,178,0,0,0,0,0.1,463,185,1,1,1.0,272,116,0,3,0.5,306,136,0.1,0.2,0,394,180,1572,510,0.5,0.5,0.0,0.0,0.0,0.0,0.0,0.0,0.0,0.0,0.0,488,194,0.0,497,203,0.0,448,168,0.0,504,201,,,,2,,Nicolás,Domínguez,Dominguez,,,1,0,0,0,0,0,0,0,0,0,0,0,0,,,,0.0,0.0,0.0,0.0,0.0,0,0,0
488,i,0.0,0.0,5.0,265,164,0,0,0,0,0.7,223,75,2,0,2.0,161,75,0,10,1.0,232,106,0.2,0.4,0,2972,122,32011,14034,0.0,0.0,0.03,0.01,0.04,0.47,0.03,0.01,0.04,0.47,17.8,97,34,13.0,99,61,3.0,149,76,3.4,119,59,,,,2,,Ibrahim,Sangaré,I.Sangaré,Calf injury - Unknown return date,,90,0,0,0,1,0,0,0,0,0,0,1,6,,,,0.0,0.0,1.0,1.0,6.0,0,3,3
489,a,100.0,100.0,4.5,441,248,0,0,0,0,1.5,156,47,0,0,0.0,432,174,0,0,0.0,432,174,0.0,0.0,0,11301,9558,46482,9399,0.0,0.0,0.0,0.0,0.0,0.0,0.0,0.0,0.0,0.0,0.0,358,138,0.0,362,148,0.0,291,104,0.0,375,145,,,,2,,Ryan,Yates,Yates,,,0,0,0,0,0,0,0,0,0,0,0,0,0,,,,0.0,0.0,0.0,0.0,0.0,0,0,0
490,a,,,5.9,92,24,-1,1,-1,1,1.4,166,26,1,0,1.0,321,38,0,3,0.5,343,41,0.1,0.2,0,8112,3543,50811,21460,0.5,0.5,0.12,0.01,0.13,0.22,0.39,0.03,0.42,0.71,0.0,585,59,2.4,174,21,3.0,153,25,0.4,271,28,,,2.0,2,,Chris,Wood,Wood,,,28,0,0,0,1,0,0,0,0,0,0,0,1,,,,0.0,0.0,3.21,0.0,3.21,0,0,1
491,a,,,6.0,82,18,0,0,0,0,3.3,99,15,3,1,1.5,220,29,0,12,1.5,207,24,0.2,0.5,0,19336,9099,95663,37113,1.5,1.5,0.96,0.06,1.02,2.22,0.48,0.03,0.51,1.11,5.2,211,14,6.8,133,16,31.0,26,8,4.3,96,13,,,4.0,2,,Igor Jesus,Maciel da Cruz,Igor Jesus,,,180,0,0,0,3,0,0,0,1,0,0,2,8,,,,0.0,0.0,1.5,1.0,4.0,1,5,2
493,a,,,5.5,170,40,0,0,0,0,0.0,495,65,1,0,1.0,315,37,0,3,0.5,339,40,0.1,0.2,0,548,209,1372,615,0.5,0.5,0.0,0.0,0.0,0.0,0.0,0.0,0.0,0.0,0.0,571,54,0.0,583,60,0.0,568,60,0.0,584,61,,,,2,,Arnaud,Kalimuendo,Kalimuendo,,,1,0,0,0,0,0,0,0,0,0,0,0,0,,,,0.0,0.0,0.0,0.0,0.0,0,0,0
558,a,,,5.0,259,159,0,0,0,0,0.1,426,169,5,4,2.5,134,58,0,18,2.5,128,58,0.5,1.0,0,791,633,1672,528,2.5,2.5,0.05,0.0,0.05,1.88,0.04,0.0,0.04,1.6,0.6,270,127,1.0,222,124,2.0,166,81,0.4,264,120,3.0,,,2,,Xaver,Schlager,Schlager,,,106,0,0,0,3,0,0,0,0,0,0,1,16,,,,0.0,0.0,2.55,0.85,13.58,5,3,8
581,a,,,5.5,195,28,0,0,0,0,0.7,234,87,0,0,0.0,601,205,0,0,0.0,601,205,0.0,0.0,0,5162,1678,20025,7924,0.0,0.0,0.0,0.0,0.0,0.0,0.0,0.0,0.0,0.0,0.0,578,205,0.0,589,205,0.0,578,202,0.0,590,205,,,,2,,Ousmane,Diomande,Diomande,,,0,0,0,0,0,0,0,0,0,0,0,0,0,,,,0.0,0.0,0.0,0.0,0.0,0,0,0
590,a,,,4.5,467,37,0,0,0,0,0.1,470,52,0,0,0.0,442,57,0,0,0.0,442,57,0.0,0.0,0,1092,467,964,420,0.0,0.0,0.0,0.0,0.0,0.0,0.0,0.0,0.0,0.0,0.0,373,55,0.0,377,38,0.0,311,38,0.0,390,55,,,,2,,Steven,Benda,Benda,,,0,0,0,0,0,0,0,0,0,0,0,0,0,,,,0.0,0.0,0.0,0.0,0.0,0,0,0
112,a,,,5.0,315,59,0,0,0,0,8.4,49,19,2,1,1.0,276,106,0,12,1.0,238,84,0.2,0.4,0,45577,8973,195981,97213,1.0,1.0,0.11,0.06,0.17,4.59,0.06,0.03,0.09,2.3,28.2,58,22,2.8,166,49,2.0,170,60,3.3,122,45,,,,2,,Jan Paul,van Hecke,Van Hecke,,,180,0,0,0,5,0,0,0,0,0,0,2,17,,,,0.0,0.0,2.5,1.0,8.5,4,13,7
401,a,,,7.0,27,9,0,0,0,0,1.8,134,23,2,2,2.0,190,24,0,14,1.0,268,32,0.1,0.3,0,91127,51319,36571,17210,1.0,1.0,0.17,0.07,0.24,0.72,0.17,0.07,0.24,0.72,0.0,619,69,0.0,621,70,0.0,621,70,0.0,621,70,,,2.0,2,,Omar,Marmoush,Marmoush,,,90,0,0,0,2,0,0,0,0,0,0,1,4,,,,0.0,0.0,2.0,1.0,4.0,1,0,3
403,d,75.0,,6.5,44,30,0,0,0,0,0.9,211,69,0,0,0.0,620,273,0,0,0.0,620,273,0.0,0.0,0,66565,10818,24288,17424,0.0,0.0,0.0,0.0,0.0,0.0,0.0,0.0,0.0,0.0,0.0,616,272,0.0,618,273,0.0,617,272,0.0,618,273,,,,2,,Sávio,Moreira de Oliveira,Sávio,Muscular injury - 75% chance of playing,,0,0,0,0,0,0,0,0,0,0,0,0,0,,,,0.0,0.0,0.0,0.0,0.0,0,0,0
455,a,,,5.4,211,130,-1,1,-1,1,3.3,103,31,4,2,2.0,170,81,0,30,2.0,158,78,0.4,0.7,0,18461,4342,97593,45377,2.0,2.0,0.09,0.08,0.17,4.59,0.05,0.04,0.09,2.52,6.2,198,79,6.4,135,79,8.0,95,46,2.1,172,78,,5.0,,2,,Sandro,Tonali,Tonali,,,164,0,0,0,5,0,0,0,0,0,0,2,8,,,,0.0,0.0,2.74,1.1,4.39,1,1,6
494,u,0.0,0.0,4.5,433,32,0,0,0,0,0.2,335,37,0,0,0.0,429,53,0,0,0.0,429,53,0.0,0.0,0,0,0,14873,3436,0.0,0.0,0.0,0.0,0.0,0.0,0.0,0.0,0.0,0.0,0.0,355,51,0.0,359,33,0.0,286,33,0.0,372,51,,,,2,,Guglielmo,Vicario,Vicario,Has joined Juventus on loan for the rest of the season,,0,0,0,0,0,0,0,0,0,0,0,0,0,,,,0.0,0.0,0.0,0.0,0.0,0,0,0
495,a,,,4.0,576,61,0,0,0,0,0.9,200,31,0,0,0.0,376,35,0,0,0.0,376,35,0.0,0.0,0,7197,3985,6182,2480,0.0,0.0,0.0,0.0,0.0,0.0,0.0,0.0,0.0,0.0,0.0,299,33,0.0,298,13,0.0,218,13,0.0,316,33,,,,2,,Brandon,Austin,Austin,,,0,0,0,0,0,0,0,0,0,0,0,0,0,,,,0.0,0.0,0.0,0.0,0.0,0,0,0
496,a,,,4.5,484,42,0,0,0,0,21.0,15,3,3,1,1.5,196,16,0,19,1.5,182,13,0.3,0.7,0,60829,20204,200522,118371,1.5,1.5,0.0,0.0,0.0,4.59,0.0,0.0,0.0,2.3,43.6,17,1,0.0,386,43,0.0,323,43,4.4,90,1,,,,2,,Antonín,Kinský,Kinsky,,,180,0,0,0,5,0,0,0,0,0,5,2,0,,,,2.5,0.0,2.5,1.0,0.0,0,4,18
497,a,,,4.0,555,53,0,0,0,0,18.2,19,4,0,0,0.0,362,27,0,0,0.0,362,27,0.0,0.0,0,84864,49778,114863,51046,0.0,0.0,0.0,0.0,0.0,0.0,0.0,0.0,0.0,0.0,0.0,284,25,0.0,281,5,0.0,199,5,0.0,300,25,,,,2,,Martin,Dubravka,Dubravka,,,0,0,0,0,0,0,0,0,0,0,0,0,0,,,,0.0,0.0,0.0,0.0,0.0,0,0,0
498,a,,,6.0,67,7,0,0,0,0,6.5,62,25,3,0,3.0,121,42,0,10,1.5,204,66,0.2,0.5,0,18990,3048,154283,90048,1.5,1.5,0.0,0.02,0.02,3.87,0.0,0.02,0.02,3.87,36.6,37,12,2.2,183,55,0.0,599,205,3.9,105,36,,,,2,,Marcos,Senesi Barón,Senesi,,,90,0,0,0,3,0,0,0,0,0,0,1,16,,,,0.0,0.0,3.0,1.0,16.0,5,11,2
499,a,100.0,100.0,5.5,161,21,0,0,0,0,12.7,32,11,1,1,1.0,313,110,0,1,0.5,336,119,0.1,0.2,0,46628,26054,413098,95580,0.5,0.5,0.33,0.1,0.43,0.72,0.33,0.1,0.43,0.72,0.0,569,204,0.0,581,204,0.0,562,197,0.0,582,204,3.0,1.0,,2,,Pedro,Porro Sauceda,Pedro Porro,,,90,0,0,0,2,0,0,0,0,0,0,1,4,,,,0.0,0.0,2.0,1.0,4.0,1,3,2
500,u,0.0,0.0,5.0,276,46,0,0,0,0,0.1,395,141,0,0,0.0,527,190,0,0,0.0,527,190,0.0,0.0,0,0,0,13129,2350,0.0,0.0,0.0,0.0,0.0,0.0,0.0,0.0,0.0,0.0,0.0,476,188,0.0,485,188,0.0,433,174,0.0,492,188,,,,2,,Cristian,Romero,Romero,Has joined Atletico Madrid permanently,,0,0,0,0,0,0,0,0,0,0,0,0,0,,,,0.0,0.0,0.0,0.0,0.0,0,0,0
501,a,,,5.0,239,37,0,0,0,0,0.2,365,135,0,0,0.0,514,187,0,0,0.0,514,187,0.0,0.0,0,1346,326,4071,1639,0.0,0.0,0.0,0.0,0.0,0.0,0.0,0.0,0.0,0.0,0.0,456,182,0.0,464,183,0.0,405,166,0.0,472,182,,,,2,,Kevin,Danso,Danso,,,0,0,0,0,0,0,0,0,0,0,0,0,0,,,,0.0,0.0,0.0,0.0,0.0,0,0,0
502,a,,,4.5,423,87,0,0,0,0,3.6,95,36,5,2,2.5,128,44,0,20,2.5,122,42,0.6,1.1,0,29282,7111,49353,26055,2.5,2.5,0.06,0.08,0.14,4.35,0.03,0.05,0.08,2.49,31.8,48,19,19.2,64,19,2.0,158,54,5.3,69,23,1.0,,,2,,Andrew,Robertson,Robertson,,,157,0,0,0,4,0,0,0,0,0,0,2,14,,,,0.0,0.0,2.29,1.15,8.03,3,11,4
503,a,100.0,100.0,5.0,331,64,0,0,0,0,4.0,88,34,0,0,0.0,554,197,0,5,0.0,554,197,0.0,0.0,0,17163,8789,160499,35796,0.0,0.0,0.0,0.02,0.02,0.72,0.0,0.02,0.02,0.72,0.0,511,196,0.0,523,196,0.0,480,187,0.0,527,196,,,,2,,Micky,van de Ven,Van de Ven,,,90,0,0,0,2,0,0,0,1,0,0,1,8,,,,0.0,0.0,2.0,1.0,8.0,1,7,4
505,u,0.0,0.0,4.5,456,111,0,0,0,0,0.4,280,108,0,0,0.0,438,164,0,0,0.0,438,164,0.0,0.0,0,0,0,54743,8961,0.0,0.0,0.0,0.0,0.0,0.0,0.0,0.0,0.0,0.0,0.0,367,151,0.0,371,155,0.0,302,132,0.0,384,152,,,,2,,Djed,Spence,Spence,Has joined Internazionale permanently,,0,0,0,0,0,0,0,0,0,0,0,0,0,,,,0.0,0.0,0.0,0.0,0.0,0,0,0
506,a,,,4.5,485,129,0,0,0,0,0.4,266,98,2,1,1.0,252,95,0,5,1.0,226,82,0.2,0.4,0,2280,595,7869,3177,1.0,1.0,0.0,0.21,0.21,0.68,0.0,0.73,0.73,2.35,0.0,381,161,0.7,235,82,0.0,324,143,0.0,397,161,,,,2,,Destiny,Udogie,Udogie,,,26,0,0,0,1,0,0,0,0,0,0,0,1,,,,0.0,0.0,3.46,0.0,3.46,1,0,3
507,u,0.0,0.0,4.5,507,137,0,0,0,0,0.0,565,194,0,0,0.0,466,175,0,0,0.0,466,175,0.0,0.0,0,0,0,857,199,0.0,0.0,0.0,0.0,0.0,0.0,0.0,0.0,0.0,0.0,0.0,400,167,0.0,407,168,0.0,345,150,0.0,416,167,,,,2,,Ashley,Phillips,Phillips,Has joined Middlesbrough permanently,,0,0,0,0,0,0,0,0,0,0,0,0,0,,,,0.0,0.0,0.0,0.0,0.0,0,0,0
508,a,,,4.0,563,157,0,0,0,0,1.0,190,74,0,0,0.0,369,125,0,0,0.0,369,125,0.0,0.0,0,4607,1730,14587,5604,0.0,0.0,0.0,0.0,0.0,0.0,0.0,0.0,0.0,0.0,0.0,291,105,0.0,288,104,0.0,206,69,0.0,307,105,,,,2,,Ben,Davies,Davies,,,0,0,0,0,0,0,0,0,0,0,0,0,0,,,,0.0,0.0,0.0,0.0,0.0,0,0,0
509,a,,,4.0,623,204,0,0,0,0,0.1,486,171,0,0,0.0,410,153,0,0,0.0,410,153,0.0,0.0,0,551,232,856,298,0.0,0.0,0.0,0.0,0.0,0.0,0.0,0.0,0.0,0.0,0.0,334,135,0.0,335,138,0.0,258,108,0.0,351,136,,,,2,,Jun'ai,Byfield,Byfield,,,0,0,0,0,0,0,0,0,0,0,0,0,0,,,,0.0,0.0,0.0,0.0,0.0,0,0,0
510,a,,,4.0,600,183,0,0,0,0,0.1,452,159,0,0,0.0,392,137,0,0,0.0,392,137,0.0,0.0,0,599,264,1135,440,0.0,0.0,0.0,0.0,0.0,0.0,0.0,0.0,0.0,0.0,0.0,315,118,0.0,315,120,0.0,236,88,0.0,332,119,,,,2,,James,Rowswell,Rowswell,,,0,0,0,0,0,0,0,0,0,0,0,0,0,,,,0.0,0.0,0.0,0.0,0.0,0,0,0
511,a,,,4.0,622,203,0,0,0,0,0.3,299,111,0,0,0.0,409,152,0,0,0.0,409,152,0.0,0.0,0,2324,1131,4364,1670,0.0,0.0,0.0,0.0,0.0,0.0,0.0,0.0,0.0,0.0,0.0,333,134,0.0,334,137,0.0,257,107,0.0,350,135,,,,2,,João Victor,de Souza Menezes,Souza,,,0,0,0,0,0,0,0,0,0,0,0,0,0,,,,0.0,0.0,0.0,0.0,0.0,0,0,0
512,a,100.0,75.0,6.5,41,28,0,0,0,0,0.1,435,174,1,1,1.0,337,163,0,4,0.5,355,168,0.1,0.2,0,2028,1759,3362,956,0.5,0.4,0.04,0.01,0.05,0.24,0.16,0.04,0.2,0.98,0.0,615,271,0.0,617,272,0.0,616,271,0.0,617,272,,3.0,3.0,2,,Mohammed,Kudus,Kudus,,,22,0,0,0,1,0,0,0,0,0,0,0,2,,,,0.0,0.0,4.09,0.0,8.18,0,0,2
513,i,0.0,0.0,6.0,83,54,0,0,0,0,0.0,581,245,0,0,0.0,614,268,0,0,0.0,614,268,0.0,0.0,0,116,39,568,212,0.0,0.0,0.0,0.0,0.0,0.0,0.0,0.0,0.0,0.0,0.0,606,265,0.0,609,267,0.0,603,261,0.0,609,267,,2.0,4.0,2,,Xavi,Simons,Xavi,Knee injury - Unknown return date,,0,0,0,0,0,0,0,0,0,0,0,0,0,,,,0.0,0.0,0.0,0.0,0.0,0,0,0
514,a,,,5.9,106,67,-1,1,-1,1,0.4,271,89,4,2,2.0,181,89,0,27,2.0,168,84,0.3,0.7,0,5045,871,19203,8742,2.0,2.0,0.2,0.09,0.29,4.35,0.11,0.05,0.16,2.49,10.4,162,59,26.0,44,30,9.0,91,44,4.5,89,47,,4.0,,2,,Mathys,Tel,Tel,,,157,0,0,0,4,0,0,0,0,0,0,2,11,,,,0.0,0.0,2.29,1.15,6.31,1,1,9
515,d,75.0,75.0,6.4,48,33,-1,1,-1,1,0.8,222,74,1,0,1.0,332,158,0,6,0.5,351,164,0.1,0.2,0,2798,112,57236,20250,0.4,0.4,0.0,0.01,0.01,0.85,0.0,0.04,0.04,3.48,4.4,219,94,8.3,129,76,8.0,101,51,2.1,174,80,,,,2,,James,Maddison,Maddison,Shoulder injury - 75% chance of playing,,22,0,0,0,0,0,0,0,0,0,0,0,2,,,,0.0,0.0,0.0,0.0,8.18,0,1,1
516,a,,,5.5,136,84,0,0,0,0,0.2,350,129,3,2,1.5,207,97,0,25,1.5,193,92,0.3,0.5,0,1001,399,3184,1153,1.5,1.5,0.0,0.03,0.03,2.9,0.0,0.02,0.02,1.93,2.0,253,115,14.7,84,54,0.0,548,228,1.7,199,88,,,,2,,Rodrigo,Bentancur,Bentancur,,,135,0,0,0,3,0,0,0,0,0,0,1,16,,,,0.0,0.0,2.0,0.67,10.67,5,3,8
517,i,0.0,0.0,5.5,193,121,0,0,0,0,0.0,623,274,0,0,0.0,600,260,0,0,0.0,600,260,0.0,0.0,0,29,13,43,24,0.0,0.0,0.0,0.0,0.0,0.0,0.0,0.0,0.0,0.0,0.0,577,249,0.0,588,255,0.0,576,246,0.0,589,254,,,,2,,Wilson,Odobert,Odobert,Knee injury - Unknown return date,,0,0,0,0,0,0,0,0,0,0,0,0,0,,,,0.0,0.0,0.0,0.0,0.0,0,0,0
518,a,100.0,0.0,4.9,397,239,0,0,-1,1,0.2,355,133,0,0,0.0,502,200,0,0,0.0,502,200,0.0,0.0,0,3484,3371,12499,2035,0.0,0.0,0.0,0.0,0.0,0.0,0.0,0.0,0.0,0.0,0.0,440,166,0.0,447,176,0.0,388,135,0.0,456,173,,,,2,,Pape Matar,Sarr,P.M.Sarr,,,0,0,0,0,0,0,0,0,0,0,0,0,0,,,,0.0,0.0,0.0,0.0,0.0,0,0,0
519,a,,,5.4,209,129,-1,1,-1,1,0.2,313,109,0,0,0.0,579,245,0,1,0.0,579,245,0.0,0.0,0,1775,567,7704,3057,0.0,0.0,0.02,0.06,0.08,1.7,0.04,0.12,0.16,3.4,0.0,541,227,5.5,143,85,1.0,190,96,0.5,258,117,,,,2,,Conor,Gallagher,Gallagher,,,45,0,0,0,2,0,0,0,1,0,0,1,3,,,,0.0,0.0,4.0,2.0,6.0,1,0,2
520,a,,,5.5,196,123,0,0,0,0,0.2,346,127,1,0,1.0,319,150,0,2,0.5,342,159,0.1,0.2,0,880,245,3795,1596,0.5,0.5,0.0,0.01,0.01,1.7,0.0,0.02,0.02,3.4,0.0,579,250,2.0,187,109,2.0,181,91,0.0,591,255,,,,2,,Lucas,Bergvall,Bergvall,,,45,0,0,0,2,0,0,0,0,0,0,1,8,,,,0.0,0.0,4.0,2.0,16.0,1,0,7
521,i,0.0,0.0,6.5,39,27,0,0,0,0,0.0,595,254,0,0,0.0,618,272,0,0,0.0,618,272,0.0,0.0,0,111,36,324,83,0.0,0.0,0.0,0.0,0.0,0.0,0.0,0.0,0.0,0.0,0.0,613,270,0.0,615,271,0.0,614,270,0.0,615,271,,,,2,,Dejan,Kulusevski,Kulusevski,Knee injury - Unknown return date,,0,0,0,0,0,0,0,0,0,0,0,0,0,,,,0.0,0.0,0.0,0.0,0.0,0,0,0
522,a,,,5.0,362,216,0,0,0,0,0.2,326,115,4,2,2.0,167,79,0,24,2.0,155,76,0.4,0.8,0,2899,1188,4460,1916,2.0,2.0,0.0,0.01,0.01,3.91,0.0,0.01,0.01,2.32,6.2,197,78,3.3,163,95,0.0,496,193,1.0,235,106,,,,2,,Archie,Gray,Gray,,,152,0,0,0,4,0,0,0,0,0,0,2,11,,,,0.0,0.0,2.37,1.18,6.51,1,5,5
523,a,,,5.0,339,197,0,0,0,0,0.2,358,134,3,1,1.5,203,94,0,11,1.5,189,89,0.3,0.6,0,3041,622,4817,2291,1.5,1.5,0.4,0.02,0.42,3.26,0.4,0.02,0.42,3.3,14.2,123,40,5.9,140,84,55.0,4,3,7.5,35,20,,,,2,,Mikey,Moore,Moore,,,89,0,0,0,4,0,0,0,0,0,0,1,3,,,,0.0,0.0,4.04,1.01,3.03,1,0,2
524,a,,,4.5,494,257,0,0,0,0,0.8,221,73,0,0,0.0,453,181,0,0,0.0,453,181,0.0,0.0,0,2787,773,14264,4952,0.0,0.0,0.0,0.0,0.0,0.0,0.0,0.0,0.0,0.0,0.0,387,145,0.0,394,155,0.0,332,113,0.0,403,152,,,,2,,Callum,Olusesi,Olusesi,,,0,0,0,0,0,0,0,0,0,0,0,0,0,,,,0.0,0.0,0.0,0.0,0.0,0,0,0
525,a,,,5.9,107,68,-1,1,-1,1,1.4,160,48,3,2,1.5,216,103,0,34,1.5,202,98,0.3,0.5,0,6607,2078,52672,21343,1.5,1.5,0.01,0.23,0.24,2.9,0.01,0.15,0.16,1.93,7.2,186,73,27.2,37,27,2.0,183,93,3.6,114,57,2.0,,,2,,Mateus,Fernandes,Fernandes,,,135,0,0,0,3,0,0,0,0,0,0,1,10,,,,0.0,0.0,2.0,0.67,6.67,4,0,6
526,a,,,5.9,94,25,-1,1,-1,1,1.2,177,27,2,1,1.0,322,39,0,9,1.0,259,28,0.2,0.3,0,11299,3087,37821,17003,1.0,1.0,0.27,0.0,0.27,0.85,0.66,0.0,0.66,2.07,0.0,587,60,0.0,594,64,5.0,127,24,0.5,260,27,,,1.0,2,,Dominic,Solanke-Mitchell,Solanke,,,37,0,0,0,0,0,0,0,0,0,0,0,0,,,,0.0,0.0,0.0,0.0,0.0,0,0,0
527,a,,,5.9,98,27,-1,1,-1,1,2.2,122,18,2,0,2.0,180,20,0,6,1.0,261,29,0.2,0.3,0,18590,3867,98725,52254,1.0,1.0,0.0,0.0,0.0,3.02,0.0,0.0,0.0,4.06,0.0,590,62,2.2,182,22,0.0,587,65,0.2,286,31,,,5.0,2,,Richarlison,de Andrade,Richarlison,,,67,0,0,0,3,0,0,0,0,0,0,1,1,,,,0.0,0.0,4.03,1.34,1.34,0,1,0
528,a,,,4.5,489,62,0,0,0,0,1.9,130,21,0,0,0.0,448,44,0,0,0.0,448,44,0.0,0.0,0,32057,18873,28847,11667,0.0,0.0,0.0,0.0,0.0,0.0,0.0,0.0,0.0,0.0,0.0,382,24,0.0,389,32,0.0,327,30,0.0,398,33,,,,2,,Dane,Scarlett,Scarlett,,,0,0,0,0,0,0,0,0,0,0,0,0,0,,,,0.0,0.0,0.0,0.0,0.0,0,0,0
601,a,,,4.5,534,269,0,0,0,0,0.1,412,164,0,0,0.0,486,191,0,0,0.0,486,191,0.0,0.0,0,4932,2296,1632,1048,0.0,0.0,0.0,0.0,0.0,0.0,0.0,0.0,0.0,0.0,0.0,421,155,0.0,427,165,0.0,368,124,0.0,437,162,,,,2,,Luca,Williams-Barnett,Williams-Barnett,,,0,0,0,0,0,0,0,0,0,0,0,0,0,,,,0.0,0.0,0.0,0.0,0.0,0,0,0
529,a,,,5.0,336,19,0,0,0,0,3.6,92,15,7,6,3.5,99,7,0,29,3.5,93,7,0.7,1.4,0,8544,3778,52282,21948,3.5,3.5,0.0,0.0,0.0,2.75,0.0,0.0,0.0,1.38,15.2,114,15,0.0,527,65,0.0,484,65,1.5,209,15,,,,2,,Robin,Roefs,Roefs,,,180,0,0,1,2,0,0,0,0,0,1,2,0,,,,0.5,0.5,1.0,1.0,0.0,0,3,15
530,u,0.0,0.0,4.0,582,62,0,0,0,0,0.1,371,40,0,0,0.0,379,36,0,0,0.0,379,36,0.0,0.0,0,0,0,3236,929,0.0,0.0,0.0,0.0,0.0,0.0,0.0,0.0,0.0,0.0,0.0,302,34,0.0,301,14,0.0,221,14,0.0,319,34,,,,2,,Anthony,Patterson,Patterson,Has joined Wrexham permanently,,0,0,0,0,0,0,0,0,0,0,0,0,0,,,,0.0,0.0,0.0,0.0,0.0,0,0,0
532,a,,,5.0,280,49,0,0,0,0,4.5,78,32,8,8,4.0,84,32,0,31,4.0,81,32,0.8,1.6,0,19319,6521,86834,37130,4.0,4.0,0.03,0.01,0.04,2.75,0.02,0.0,0.02,1.38,18.2,95,40,1.2,213,70,0.0,437,177,1.9,184,72,,,,2,,Daniel,Ballard,Ballard,,,180,0,0,1,2,0,0,0,1,0,0,2,19,,,,0.0,0.5,1.0,1.0,9.5,3,16,1
531,a,,,4.5,501,45,0,0,0,0,0.1,441,49,0,0,0.0,460,60,0,0,0.0,460,60,0.0,0.0,0,355,146,1268,414,0.0,0.0,0.0,0.0,0.0,0.0,0.0,0.0,0.0,0.0,0.0,394,58,0.0,401,46,0.0,339,46,0.0,410,58,,,,2,,Melker,Ellborg,Ellborg,,,0,0,0,0,0,0,0,0,0,0,0,0,0,,,,0.0,0.0,0.0,0.0,0.0,0,0,0
533,a,100.0,100.0,5.5,135,16,0,0,0,0,2.4,116,47,9,9,9.0,11,4,1,28,4.5,69,25,0.8,1.6,0,15751,10163,49328,10741,4.5,4.5,0.0,0.01,0.01,0.95,0.0,0.01,0.01,0.95,0.0,560,203,0.0,573,203,0.0,547,196,0.0,574,203,,,,2,,Nordi,Mukiele,Mukiele,,,90,0,0,1,0,0,0,0,0,0,0,1,19,,,,0.0,1.0,0.0,1.0,19.0,2,17,4
534,a,,,4.5,486,130,0,0,0,0,5.9,66,27,8,6,4.0,81,29,0,38,4.0,78,29,0.9,1.8,0,21424,7805,72372,35001,4.0,4.0,0.04,0.28,0.32,2.64,0.02,0.15,0.17,1.41,9.4,169,73,39.4,17,3,13.0,75,20,6.2,51,13,3.0,,,2,,Trai,Hume,Hume,,,169,0,0,1,1,0,0,0,0,0,0,2,10,,,,0.0,0.53,0.53,1.07,5.33,7,3,10
535,a,100.0,100.0,5.0,258,40,0,0,0,0,0.4,273,102,1,0,1.0,268,103,0,2,0.5,302,111,0.1,0.2,0,3412,815,9644,4380,0.5,0.5,0.0,0.01,0.01,0.1,0.0,0.04,0.04,0.39,0.0,468,185,0.6,240,86,0.0,422,169,0.0,484,185,,,,2,,Omar,Alderete,Alderete,,,23,0,0,0,1,0,0,0,0,0,0,0,0,,,,0.0,0.0,3.91,0.0,0.0,0,0,2
536,a,,,4.5,468,120,0,0,0,0,0.4,268,99,7,6,3.5,97,35,0,35,3.5,91,35,0.8,1.6,0,1844,869,5333,1755,3.5,3.5,0.0,0.3,0.3,2.75,0.0,0.15,0.15,1.38,23.0,74,34,27.5,36,10,4.0,131,43,5.5,62,20,,,,2,,Reinildo,Mandava,Reinildo,,,180,0,0,1,2,0,0,0,0,0,0,2,15,,,,0.0,0.5,1.0,1.0,7.5,4,11,8
537,u,0.0,,4.5,502,136,0,0,0,0,0.0,596,202,0,0,0.0,461,174,0,0,0.0,461,174,0.0,0.0,0,61,3,325,198,0.0,0.0,0.0,0.0,0.0,0.0,0.0,0.0,0.0,0.0,0.0,395,166,0.0,402,167,0.0,340,149,0.0,411,166,,,,2,,Jenson,Seelt,Seelt,Has joined Swansea City on loan for the rest of the season,,0,0,0,0,0,0,0,0,0,0,0,0,0,,,,0.0,0.0,0.0,0.0,0.0,0,0,0
538,u,0.0,0.0,4.0,595,180,0,0,0,0,0.0,496,174,0,0,0.0,387,134,0,0,0.0,387,134,0.0,0.0,0,0,0,1389,399,0.0,0.0,0.0,0.0,0.0,0.0,0.0,0.0,0.0,0.0,0.0,310,115,0.0,310,117,0.0,231,85,0.0,327,116,,,,2,,Leo Fuhr,Hjelde,Hjelde,Has joined KV Mechelen on loan for the rest of the season,,0,0,0,0,0,0,0,0,0,0,0,0,0,,,,0.0,0.0,0.0,0.0,0.0,0,0,0
539,a,,,4.0,566,159,0,0,0,0,3.2,106,43,1,0,1.0,224,69,0,1,0.5,272,88,0.1,0.2,0,6952,2350,32230,14691,0.5,0.5,0.01,0.01,0.02,1.69,0.01,0.01,0.02,2.3,11.4,150,71,1.4,200,64,4.0,129,41,1.7,195,76,,,,2,,Luke,O'Nien,O'Nien,,,66,0,0,0,1,0,0,0,1,0,0,1,5,,,,0.0,0.0,1.36,1.36,6.82,1,4,4
540,u,0.0,0.0,4.0,560,155,0,0,0,0,0.2,349,131,0,0,0.0,367,124,0,0,0.0,367,124,0.0,0.0,0,0,0,6689,1821,0.0,0.0,0.0,0.0,0.0,0.0,0.0,0.0,0.0,0.0,0.0,289,104,0.0,286,103,0.0,204,68,0.0,305,104,,,,2,,Arthur,Masuaku,Masuaku,Has joined Konyaspor permanently,,0,0,0,0,0,0,0,0,0,0,0,0,0,,,,0.0,0.0,0.0,0.0,0.0,0,0,0
541,a,100.0,100.0,4.5,412,83,0,0,0,0,0.3,298,110,7,6,3.5,95,33,0,32,3.5,89,33,0.8,1.6,0,2242,1232,2711,993,3.5,3.5,0.1,0.13,0.23,2.75,0.05,0.06,0.11,1.38,13.8,126,58,5.3,144,43,11.0,80,24,3.0,131,50,,,,2,,Thomas,Meunier,Meunier,,,180,0,0,1,2,0,0,0,0,0,0,2,12,,,,0.0,0.5,1.0,1.0,6.0,2,10,8
549,a,,,5.4,223,138,-1,1,-1,1,0.2,345,126,1,0,1.0,301,139,0,1,0.5,328,154,0.1,0.2,0,406,122,4696,1852,0.5,0.5,0.0,0.0,0.0,0.14,0.0,0.0,0.0,0.41,0.0,551,234,0.9,225,125,0.0,531,219,0.0,565,240,,,,2,,Chemsdine,Talbi,Talbi,,,31,0,0,0,1,0,0,0,0,0,0,0,2,,,,0.0,0.0,2.9,0.0,5.81,0,0,2
550,a,,,5.0,388,234,0,0,0,0,0.0,604,259,0,0,0.0,575,242,0,0,0.0,575,242,0.0,0.0,0,88,37,148,47,0.0,0.0,0.0,0.0,0.0,0.0,0.0,0.0,0.0,0.0,0.0,537,224,0.0,550,233,0.0,516,208,0.0,553,231,,,,2,,Djiamgone Jocelin Ta,Bi,Jocelin.T,,,0,0,0,0,0,0,0,0,0,0,0,0,0,,,,0.0,0.0,0.0,0.0,0.0,0,0,0
551,a,,,5.0,357,211,0,0,0,0,0.1,382,147,8,3,4.0,87,39,0,36,4.0,84,37,0.8,1.6,0,7646,2303,2742,1363,4.0,4.0,0.15,0.05,0.2,2.24,0.11,0.04,0.15,1.65,32.8,45,20,3.3,162,94,16.0,64,34,5.2,71,38,,3.0,,2,,Nilson,Angulo,Angulo,,,122,1,0,1,1,0,0,0,1,0,0,2,12,,,,0.0,0.74,0.74,1.48,8.85,2,1,9
552,a,,,6.0,74,16,0,0,0,0,11.0,36,6,4,2,2.0,183,21,0,6,2.0,170,18,0.3,0.7,0,51030,12761,273790,154163,2.0,2.0,0.33,0.0,0.33,2.27,0.23,0.0,0.23,1.58,0.0,603,65,1.5,198,23,9.0,93,18,1.1,233,22,,,,2,,Brian,Brobbey,Brobbey,,,129,0,0,1,1,0,0,0,0,0,0,2,4,,,,0.0,0.7,0.7,1.4,2.79,0,1,3
553,a,,,5.5,158,37,0,0,0,0,0.9,198,31,9,8,4.5,74,8,3,32,4.5,71,7,0.8,1.6,0,14596,12126,18906,5985,4.5,4.5,1.39,0.0,1.39,0.47,2.55,0.0,2.55,0.86,0.0,567,52,0.2,271,30,0.0,559,58,0.0,580,59,,,,2,,Wilson,Isidor,Isidor,,,49,1,0,0,1,0,0,0,0,0,0,0,0,,,,0.0,0.0,1.84,0.0,0.0,0,0,0
612,a,100.0,0.0,4.5,542,149,0,0,0,0,0.0,617,206,0,0,0.0,492,182,0,0,0.0,492,182,0.0,0.0,0,182,87,57,30,1.7,0.0,0.0,0.0,0.0,0.0,0.0,0.0,0.0,0.0,0.0,429,175,0.0,435,176,0.0,376,159,0.0,445,175,,,,2,,Dayann,Méthalie,Methalie,,,0,0,0,0,0,0,0,0,0,0,0,0,0,,,,0.0,0.0,0.0,0.0,0.0,0,0,0
542,a,,,5.9,103,64,-1,1,-1,1,7.2,56,20,5,3,2.5,147,67,0,26,2.5,142,67,0.4,0.8,0,14472,3086,231360,116250,2.5,2.5,0.37,0.2,0.57,2.55,0.2,0.11,0.31,1.37,4.6,218,93,9.9,124,72,0.0,591,252,1.5,211,94,1.0,2.0,2.0,2,,Enzo,Le Fée,E.Le Fée,,,168,0,0,1,1,0,0,0,0,0,0,2,8,,,,0.0,0.54,0.54,1.07,4.29,2,1,5
543,d,75.0,,5.5,190,118,0,0,0,0,0.1,478,193,5,4,2.5,144,65,0,18,2.5,139,65,0.5,0.9,0,440,105,2008,831,1.9,2.5,0.03,0.16,0.19,0.12,0.1,0.51,0.61,0.39,0.4,275,130,0.6,247,131,2.0,180,90,0.3,279,132,,,1.0,2,,Habib,Diarra,Diarra,Unspecified injury - 75% chance of playing,,28,0,1,0,1,0,0,0,0,0,0,0,0,,,,0.0,0.0,3.21,0.0,0.0,0,0,0
544,a,,,5.5,118,76,0,0,0,0,4.6,77,25,15,6,7.5,23,12,5,60,7.5,22,12,1.4,2.7,0,61161,18380,38262,20047,7.5,7.5,0.0,0.45,0.45,2.75,0.0,0.22,0.22,1.38,18.8,90,30,31.4,24,19,0.0,534,221,5.0,76,41,2.0,1.0,,2,,Granit,Xhaka,Xhaka,,,180,0,1,1,2,0,0,0,0,0,0,2,20,,,,0.0,0.5,1.0,1.0,10.0,3,3,14
545,a,,,5.0,371,223,0,0,0,0,0.3,296,101,5,3,2.5,137,61,0,39,2.5,131,61,0.5,1.0,0,2051,886,5641,2144,2.5,2.5,0.08,0.05,0.13,2.75,0.04,0.02,0.06,1.38,14.6,116,38,32.1,23,18,25.0,36,20,7.2,42,24,,,,2,,Noah,Sadiki,Sadiki,,,180,0,0,1,2,0,0,0,0,0,0,2,13,,,,0.0,0.5,1.0,1.0,6.5,3,6,4
546,i,0.0,0.0,4.9,400,241,-1,1,-1,1,0.1,489,199,0,0,0.0,505,202,0,0,0.0,505,202,0.0,0.0,0,178,125,4540,981,0.0,0.0,0.0,0.0,0.0,0.0,0.0,0.0,0.0,0.0,0.0,443,168,0.0,450,178,0.0,391,137,0.0,459,175,,,,2,,Simon,Adingra,Adingra,Ankle injury - Unknown return date,,0,0,0,0,0,0,0,0,0,0,0,0,0,,,,0.0,0.0,0.0,0.0,0.0,0,0,0
547,a,,,5.0,308,183,0,0,0,0,0.0,598,255,1,1,1.0,274,118,0,2,0.5,309,138,0.1,0.2,0,73,33,217,67,0.5,0.5,0.17,0.0,0.17,0.09,15.3,0.0,15.3,8.1,0.0,498,198,0.0,508,207,0.0,461,173,0.0,514,205,,,,2,,Romaine,Mundle,Mundle,,,1,0,0,0,0,0,0,0,0,0,0,0,1,,,,0.0,0.0,0.0,0.0,90.0,0,1,0
548,a,,,5.0,366,219,0,0,0,0,0.1,479,194,2,1,1.0,288,128,0,6,1.0,243,112,0.2,0.4,0,164,65,1014,394,1.0,1.0,0.0,0.0,0.0,0.44,0.0,0.0,0.0,2.33,0.0,528,218,0.3,262,138,0.0,500,196,0.0,544,225,,,,2,,Chris,Rigg,Rigg,,,17,0,0,0,1,0,0,0,0,0,0,0,1,,,,0.0,0.0,5.29,0.0,5.29,0,0,1
