id,first_name,second_name,web_name,status,news,news_added,now_cost,now_cost_rank,now_cost_rank_type,selected_by_percent,selected_rank,selected_rank_type,form,form_rank,form_rank_type,event_points,cost_change_event,cost_change_event_fall,cost_change_start,cost_change_start_fall,transfers_in_event,transfers_out_event,value_form,value_season,ep_next,ep_this,points_per_game,points_per_game_rank,points_per_game_rank_type,chance_of_playing_next_round,chance_of_playing_this_round,influence_rank,influence_rank_type,creativity_rank,creativity_rank_type,threat_rank,threat_rank_type,ict_index_rank,ict_index_rank_type,corners_and_indirect_freekicks_order,direct_freekicks_order,penalties_order,set_piece_threat,corners_and_indirect_freekicks_text,direct_freekicks_text,penalties_text,expected_goals_per_90,expected_assists_per_90,expected_goal_involvements_per_90,expected_goals_conceded_per_90,saves_per_90,clean_sheets_per_90,goals_conceded_per_90,starts_per_90,defensive_contribution_per_90,gw,total_points,minutes,goals_scored,assists,clean_sheets,goals_conceded,own_goals,penalties_saved,penalties_missed,yellow_cards,red_cards,saves,starts,bonus,bps,transfers_in,transfers_out,dreamteam_count,expected_goals,expected_assists,expected_goal_involvements,expected_goals_conceded,influence,creativity,threat,ict_index,tackles,clearances_blocks_interceptions,recoveries,defensive_contribution
3,Illan,Meslier,Meslier,a,,,5.0,302,16,0.0,530,58,0.0,525,67,0,0,0,0,0,31,92,0.0,0.0,0.0,0.0,0.0,525,67,,,481,67,491,60,444,60,497,67,,,,,,,,0.0,0.0,0.0,0.0,0.0,0.0,0.0,0.0,0.0,2,0,0.0,0.0,0.0,0.0,0.0,0.0,0.0,0.0,0.0,0.0,0.0,0.0,0.0,0.0,39.0,155.0,0.0,0.0,0.0,0.0,0.0,0.0,0.0,0.0,0.0,0.0,0.0,0.0,0.0
6,William,Saliba,Saliba,i,Back injury - Unknown return date,,6.0,85,9,0.3,314,117,0.0,605,204,0,0,0,0,0,475,1920,0.0,0.0,0.0,0.0,0.0,605,204,0.0,0.0,599,206,602,206,595,206,602,206,,,,,,,,0.0,0.0,0.0,0.0,0.0,0.0,0.0,0.0,0.0,2,0,0.0,0.0,0.0,0.0,0.0,0.0,0.0,0.0,0.0,0.0,0.0,0.0,0.0,0.0,533.0,2471.0,0.0,0.0,0.0,0.0,0.0,0.0,0.0,0.0,0.0,0.0,0.0,0.0,0.0
55,Ollie,Watkins,Watkins,a,,,7.9,11,4,6.8,59,8,0.0,620,73,0,0,0,-1,1,2108,57510,0.0,0.0,0.0,0.0,0.0,620,73,,,622,73,623,73,623,73,623,73,,,2.0,,,,,0.0,0.0,0.0,0.0,0.0,0.0,0.0,0.0,0.0,2,0,0.0,0.0,0.0,0.0,0.0,0.0,0.0,0.0,0.0,0.0,0.0,0.0,0.0,0.0,2631.0,117587.0,0.0,0.0,0.0,0.0,0.0,0.0,0.0,0.0,0.0,0.0,0.0,0.0,0.0
62,Bafodé,Diakité,Diakité,a,,,5.0,293,51,0.2,340,127,0.0,522,188,0,0,0,0,0,582,1071,0.0,0.0,0.0,0.0,0.0,522,188,,,476,188,485,188,436,175,492,188,,,,,,,,0.0,0.0,0.0,0.0,0.0,0.0,0.0,0.0,0.0,2,0,0.0,0.0,0.0,0.0,0.0,0.0,0.0,0.0,0.0,0.0,0.0,0.0,0.0,0.0,838.0,1316.0,0.0,0.0,0.0,0.0,0.0,0.0,0.0,0.0,0.0,0.0,0.0,0.0,0.0
7,Myles,Lewis-Skelly,Lewis-Skelly,a,,,5.5,192,120,0.7,225,75,1.5,194,90,0,0,0,0,0,1992,2598,0.3,0.5,1.5,1.5,3.0,116,50,,,155,54,54,35,112,59,101,52,,,,,,,,0.06,0.11,0.17,0.2,0.0,1.0,0.0,1.0,7.0,2,0,0.0,0.0,0.0,0.0,0.0,0.0,0.0,0.0,0.0,0.0,0.0,0.0,0.0,0.0,3280.0,3940.0,0.0,0.0,0.0,0.0,0.0,0.0,0.0,0.0,0.0,0.0,0.0,0.0,0.0
4,Gabriel,dos Santos Magalhães,Gabriel,a,,,8.0,7,1,28.3,8,2,2.5,142,50,0,0,0,0,0,12577,66560,0.3,0.6,2.5,2.5,5.0,68,24,,,196,87,193,59,194,66,240,90,,,,,,,,0.05,0.01,0.06,0.2,0.0,1.0,0.0,1.0,4.0,2,0,0.0,0.0,0.0,0.0,0.0,0.0,0.0,0.0,0.0,0.0,0.0,0.0,0.0,0.0,19331.0,86799.0,0.0,0.0,0.0,0.0,0.0,0.0,0.0,0.0,0.0,0.0,0.0,0.0,0.0
383,Harvey,Elliott,Elliott,a,,,5.5,170,106,0.1,463,187,0.0,587,251,0,0,0,0,0,190,537,0.0,0.0,0.0,0.0,0.0,587,251,,,561,237,574,245,555,232,575,243,,,,,,,,0.0,0.0,0.0,0.0,0.0,0.0,0.0,0.0,0.0,2,0,0.0,0.0,0.0,0.0,0.0,0.0,0.0,0.0,0.0,0.0,0.0,0.0,0.0,0.0,236.0,684.0,0.0,0.0,0.0,0.0,0.0,0.0,0.0,0.0,0.0,0.0,0.0,0.0,0.0
5,Jurriën,Timber,J.Timber,i,Groin injury - Unknown return date,,6.5,41,3,0.1,424,150,0.0,612,205,0,0,0,0,0,177,784,0.0,0.0,0.0,0.0,0.0,612,205,0.0,0.0,611,207,613,207,611,207,613,207,,,,,,,,0.0,0.0,0.0,0.0,0.0,0.0,0.0,0.0,0.0,2,0,0.0,0.0,0.0,0.0,0.0,0.0,0.0,0.0,0.0,0.0,0.0,0.0,0.0,0.0,210.0,1085.0,0.0,0.0,0.0,0.0,0.0,0.0,0.0,0.0,0.0,0.0,0.0,0.0,0.0
8,Riccardo,Calafiori,Calafiori,a,,,5.6,113,11,41.7,5,1,4.5,68,24,0,0,0,1,-1,59164,24815,0.8,1.6,4.5,4.5,9.0,11,4,,,62,24,105,31,137,45,98,34,,,,,,,,0.04,0.1,0.14,0.07,0.0,1.12,0.0,1.12,5.62,2,0,0.0,0.0,0.0,0.0,0.0,0.0,0.0,0.0,0.0,0.0,0.0,0.0,0.0,0.0,90699.0,31764.0,0.0,0.0,0.0,0.0,0.0,0.0,0.0,0.0,0.0,0.0,0.0,0.0,0.0
9,Piero,Hincapié,Hincapie,a,,,5.4,219,32,1.4,161,65,0.5,314,111,0,0,0,-1,1,1820,5963,0.1,0.2,0.5,0.5,1.0,293,106,,,273,102,252,91,515,192,290,102,,,,,,,,0.0,0.0,0.0,1.5,0.0,0.0,0.0,0.0,0.0,2,0,0.0,0.0,0.0,0.0,0.0,0.0,0.0,0.0,0.0,0.0,0.0,0.0,0.0,0.0,2220.0,11002.0,0.0,0.0,0.0,0.0,0.0,0.0,0.0,0.0,0.0,0.0,0.0,0.0,0.0
1,David,Raya Martín,Raya,a,,,6.0,60,1,38.2,6,1,3.0,110,8,0,0,0,0,0,39133,39114,0.5,1.0,3.0,3.0,6.0,44,3,,,144,19,597,69,588,69,231,19,,,,,,,,0.0,0.0,0.0,0.2,1.0,1.0,0.0,1.0,0.0,2,0,0.0,0.0,0.0,0.0,0.0,0.0,0.0,0.0,0.0,0.0,0.0,0.0,0.0,0.0,54098.0,52562.0,0.0,0.0,0.0,0.0,0.0,0.0,0.0,0.0,0.0,0.0,0.0,0.0,0.0
2,Kepa,Arrizabalaga Revuelta,Arrizabalaga,a,,,5.0,236,9,0.1,447,49,0.0,498,64,0,0,0,0,0,166,268,0.0,0.0,0.0,0.0,0.0,498,64,,,442,64,449,53,390,53,458,64,,,,,,,,0.0,0.0,0.0,0.0,0.0,0.0,0.0,0.0,0.0,2,0,0.0,0.0,0.0,0.0,0.0,0.0,0.0,0.0,0.0,0.0,0.0,0.0,0.0,0.0,198.0,466.0,0.0,0.0,0.0,0.0,0.0,0.0,0.0,0.0,0.0,0.0,0.0,0.0,0.0
10,Benjamin,White,White,a,,,5.5,134,15,7.0,58,24,5.5,43,17,0,0,0,0,0,28034,19040,1.0,2.0,5.5,5.5,11.0,3,1,100.0,100.0,42,15,38,11,76,21,41,11,,,,,,,,0.18,0.21,0.39,0.2,0.0,1.0,0.0,1.0,5.0,2,0,0.0,0.0,0.0,0.0,0.0,0.0,0.0,0.0,0.0,0.0,0.0,0.0,0.0,0.0,51438.0,23859.0,0.0,0.0,0.0,0.0,0.0,0.0,0.0,0.0,0.0,0.0,0.0,0.0,0.0
11,Cristhian,Mosquera,Mosquera,a,,,5.5,193,27,5.5,66,26,3.0,106,39,0,0,0,0,0,3508,15840,0.5,1.1,3.0,3.0,6.0,43,16,,,119,55,246,89,569,201,210,82,,,,,,,,0.0,0.0,0.0,0.2,0.0,1.0,0.0,1.0,6.0,2,0,0.0,0.0,0.0,0.0,0.0,0.0,0.0,0.0,0.0,0.0,0.0,0.0,0.0,0.0,5196.0,25477.0,0.0,0.0,0.0,0.0,0.0,0.0,0.0,0.0,0.0,0.0,0.0,0.0,0.0
12,Bukayo,Saka,Saka,a,,,9.5,4,3,10.3,39,15,4.5,71,34,0,0,0,0,0,11008,20855,0.5,0.9,4.5,4.5,9.0,14,7,,,21,11,43,29,25,12,12,9,2.0,2.0,1.0,,,,,0.86,0.11,0.97,0.08,0.0,1.34,0.0,1.34,9.4,2,0,0.0,0.0,0.0,0.0,0.0,0.0,0.0,0.0,0.0,0.0,0.0,0.0,0.0,0.0,22715.0,27900.0,0.0,0.0,0.0,0.0,0.0,0.0,0.0,0.0,0.0,0.0,0.0,0.0,0.0
13,Declan,Rice,Rice,a,,,7.5,15,9,16.3,24,9,1.5,205,97,0,0,0,0,0,5965,49742,0.2,0.4,1.5,1.5,3.0,124,56,,,193,77,136,80,187,95,213,96,1.0,1.0,,,,,,0.09,0.11,0.2,0.08,0.0,1.34,0.0,1.34,8.06,2,0,0.0,0.0,0.0,0.0,0.0,0.0,0.0,0.0,0.0,0.0,0.0,0.0,0.0,0.0,9432.0,75574.0,0.0,0.0,0.0,0.0,0.0,0.0,0.0,0.0,0.0,0.0,0.0,0.0,0.0
14,Eberechi,Eze,Eze,a,,,6.4,53,37,1.7,146,42,0.5,343,164,0,-1,1,-1,1,2390,7940,0.1,0.2,0.5,0.5,1.0,328,160,,,607,265,192,112,193,99,294,140,,3.0,,,,,,0.26,0.0,0.26,0.96,0.0,0.0,0.0,0.0,12.86,2,0,0.0,0.0,0.0,0.0,0.0,0.0,0.0,0.0,0.0,0.0,0.0,0.0,0.0,0.0,3000.0,14009.0,0.0,0.0,0.0,0.0,0.0,0.0,0.0,0.0,0.0,0.0,0.0,0.0,0.0
15,Martin,Ødegaard,Ødegaard,a,,,6.6,31,20,11.9,33,12,5.5,46,23,0,0,0,1,-1,33058,20682,0.8,1.7,5.5,5.5,11.0,5,3,,,6,4,13,11,27,13,6,5,4.0,,3.0,,,,,0.25,0.12,0.37,0.07,0.0,1.2,0.0,1.2,9.6,2,0,0.0,0.0,0.0,0.0,0.0,0.0,0.0,0.0,0.0,0.0,0.0,0.0,0.0,0.0,67096.0,27148.0,0.0,0.0,0.0,0.0,0.0,0.0,0.0,0.0,0.0,0.0,0.0,0.0,0.0
16,Noni,Madueke,Madueke,a,,,6.4,54,38,0.3,298,101,0.5,344,165,0,0,0,-1,1,488,1363,0.1,0.2,0.5,0.5,1.0,329,161,,,171,67,11,9,606,263,70,37,6.0,,,,,,,0.0,0.16,0.16,0.61,0.0,0.0,0.0,0.0,8.18,2,0,0.0,0.0,0.0,0.0,0.0,0.0,0.0,0.0,0.0,0.0,0.0,0.0,0.0,0.0,749.0,2556.0,0.0,0.0,0.0,0.0,0.0,0.0,0.0,0.0,0.0,0.0,0.0,0.0,0.0
17,Mikel,Merino Zazón,Merino,a,,,5.9,105,66,0.6,242,81,0.5,333,157,0,-1,1,-1,1,1016,3548,0.1,0.2,0.5,0.5,1.0,317,153,,,233,103,216,121,73,40,186,83,,,,,,,,0.9,0.13,1.03,0.96,0.0,0.0,0.0,0.0,12.86,2,0,0.0,0.0,0.0,0.0,0.0,0.0,0.0,0.0,0.0,0.0,0.0,0.0,0.0,0.0,1289.0,5097.0,0.0,0.0,0.0,0.0,0.0,0.0,0.0,0.0,0.0,0.0,0.0,0.0,0.0
18,Gabriel,Martinelli Silva,Martinelli,a,,,6.4,55,39,0.2,348,128,0.0,609,267,0,0,0,-1,1,429,1245,0.0,0.0,0.0,0.0,0.0,609,267,,,608,266,610,267,607,264,610,267,,,,,,,,0.0,0.0,0.0,0.0,0.0,0.0,0.0,0.0,0.0,2,0,0.0,0.0,0.0,0.0,0.0,0.0,0.0,0.0,0.0,0.0,0.0,0.0,0.0,0.0,603.0,2091.0,0.0,0.0,0.0,0.0,0.0,0.0,0.0,0.0,0.0,0.0,0.0,0.0,0.0
19,Martín,Zubimendi Ibáñez,Zubimendi,a,,,5.4,222,137,0.9,201,66,0.5,315,148,0,-1,1,-1,1,1246,3975,0.1,0.2,0.5,0.5,1.0,294,138,,,228,100,178,104,518,208,253,114,,,,,,,,0.0,0.08,0.08,0.61,0.0,0.0,0.0,0.0,12.27,2,0,0.0,0.0,0.0,0.0,0.0,0.0,0.0,0.0,0.0,0.0,0.0,0.0,0.0,0.0,1411.0,6858.0,0.0,0.0,0.0,0.0,0.0,0.0,0.0,0.0,0.0,0.0,0.0,0.0,0.0
20,Max,Dowman,Dowman,a,,,5.4,225,140,0.1,443,178,0.0,571,241,0,0,0,-1,1,261,514,0.0,0.0,0.0,0.0,0.0,571,241,,,539,225,552,234,521,211,555,232,,,,,,,,0.0,0.0,0.0,0.0,0.0,0.0,0.0,0.0,0.0,2,0,0.0,0.0,0.0,0.0,0.0,0.0,0.0,0.0,0.0,0.0,0.0,0.0,0.0,0.0,335.0,729.0,0.0,0.0,0.0,0.0,0.0,0.0,0.0,0.0,0.0,0.0,0.0,0.0,0.0
22,Ethan,Nwaneri,Nwaneri,a,,,5.4,224,139,0.0,580,245,0.0,570,240,0,-1,1,-1,1,61,82,0.0,0.0,0.0,0.0,0.0,570,240,,,538,224,551,233,520,210,554,231,,,,,,,,0.0,0.0,0.0,0.0,0.0,0.0,0.0,0.0,0.0,2,0,0.0,0.0,0.0,0.0,0.0,0.0,0.0,0.0,0.0,0.0,0.0,0.0,0.0,0.0,69.0,115.0,0.0,0.0,0.0,0.0,0.0,0.0,0.0,0.0,0.0,0.0,0.0,0.0,0.0
23,Fábio,Ferreira Vieira,Fábio Vieira,a,,,5.5,165,102,0.0,589,251,0.0,586,250,0,0,0,0,0,58,49,0.0,0.0,0.0,0.0,0.0,586,250,,,559,236,572,244,552,230,573,242,,,,,,,,0.0,0.0,0.0,0.0,0.0,0.0,0.0,0.0,0.0,2,0,0.0,0.0,0.0,0.0,0.0,0.0,0.0,0.0,0.0,0.0,0.0,0.0,0.0,0.0,69.0,75.0,0.0,0.0,0.0,0.0,0.0,0.0,0.0,0.0,0.0,0.0,0.0,0.0,0.0
24,Reiss,Nelson,Nelson,u,has departed the club as a free agent.,,5.5,136,84,0.0,595,253,0.0,579,244,0,0,0,0,0,4,113,0.0,0.0,0.0,0.0,0.0,579,244,0.0,,548,228,563,237,537,219,564,235,,,,,,,,0.0,0.0,0.0,0.0,0.0,0.0,0.0,0.0,0.0,2,0,0.0,0.0,0.0,0.0,0.0,0.0,0.0,0.0,0.0,0.0,0.0,0.0,0.0,0.0,13.0,144.0,0.0,0.0,0.0,0.0,0.0,0.0,0.0,0.0,0.0,0.0,0.0,0.0,0.0
25,Viktor,Gyökeres,Gyökeres,a,,,7.4,21,8,6.3,62,10,0.0,616,71,0,0,0,-1,1,2549,29994,0.0,0.0,0.0,0.0,0.0,616,71,,,618,71,619,71,619,71,619,71,,,2.0,,,,,0.0,0.0,0.0,0.0,0.0,0.0,0.0,0.0,0.0,2,0,0.0,0.0,0.0,0.0,0.0,0.0,0.0,0.0,0.0,0.0,0.0,0.0,0.0,0.0,3423.0,71653.0,0.0,0.0,0.0,0.0,0.0,0.0,0.0,0.0,0.0,0.0,0.0,0.0,0.0
26,Kai,Havertz,Havertz,a,,,7.5,16,6,7.5,54,7,3.0,115,14,0,0,0,0,0,19540,21841,0.4,0.8,3.0,3.0,6.0,49,4,,,35,5,98,9,38,10,38,7,,,,,,,,0.26,0.03,0.29,0.2,0.0,1.0,0.0,1.0,2.0,2,0,0.0,0.0,0.0,0.0,0.0,0.0,0.0,0.0,0.0,0.0,0.0,0.0,0.0,0.0,44685.0,29393.0,0.0,0.0,0.0,0.0,0.0,0.0,0.0,0.0,0.0,0.0,0.0,0.0,0.0
27,Gabriel,Fernando de Jesus,G.Jesus,a,,,6.0,67,16,0.3,290,50,0.0,602,69,0,0,0,0,0,1125,1903,0.0,0.0,0.0,0.0,0.0,602,69,,,594,62,599,65,589,64,599,65,,,,,,,,0.0,0.0,0.0,0.0,0.0,0.0,0.0,0.0,0.0,2,0,0.0,0.0,0.0,0.0,0.0,0.0,0.0,0.0,0.0,0.0,0.0,0.0,0.0,0.0,1337.0,2702.0,0.0,0.0,0.0,0.0,0.0,0.0,0.0,0.0,0.0,0.0,0.0,0.0,0.0
31,Ezri,Konsa Ngoyo,Konsa,a,,,4.5,438,99,10.5,37,13,0.0,420,156,0,0,0,0,0,26468,41533,0.0,0.0,0.0,0.0,0.0,420,156,,,355,145,359,149,288,124,372,146,,,,,,,,0.0,0.0,0.0,0.0,0.0,0.0,0.0,0.0,0.0,2,0,0.0,0.0,0.0,0.0,0.0,0.0,0.0,0.0,0.0,0.0,0.0,0.0,0.0,0.0,34547.0,69564.0,0.0,0.0,0.0,0.0,0.0,0.0,0.0,0.0,0.0,0.0,0.0,0.0,0.0
452,Bruno,Guimarães Rodriguez Moura,Bruno G.,d,Thigh injury - 75% chance of playing,,6.9,29,18,2.5,118,37,0.0,615,271,0,0,0,-1,1,350,20606,0.0,0.0,0.0,0.0,0.0,615,271,75.0,75.0,615,271,617,272,616,271,617,272,5.0,,4.0,,,,,0.0,0.0,0.0,0.0,0.0,0.0,0.0,0.0,0.0,2,0,0.0,0.0,0.0,0.0,0.0,0.0,0.0,0.0,0.0,0.0,0.0,0.0,0.0,0.0,452.0,37405.0,0.0,0.0,0.0,0.0,0.0,0.0,0.0,0.0,0.0,0.0,0.0,0.0,0.0
557,Christos,Tzolis,Tzolis,a,,,6.5,39,26,25.9,11,5,3.0,114,54,0,0,0,0,0,44893,36005,0.5,0.9,3.0,3.0,6.0,47,24,,,102,35,16,14,29,15,24,15,3.0,,,,,,,0.23,0.17,0.4,0.07,0.0,1.2,0.0,1.2,7.2,2,0,0.0,0.0,0.0,0.0,0.0,0.0,0.0,0.0,0.0,0.0,0.0,0.0,0.0,0.0,79977.0,47201.0,0.0,0.0,0.0,0.0,0.0,0.0,0.0,0.0,0.0,0.0,0.0,0.0,0.0
29,Marco,Bizot,M.Bizot,a,,,4.5,407,23,0.1,382,43,0.5,268,21,0,0,0,0,0,699,396,0.1,0.2,0.5,0.5,1.0,232,20,,,56,8,340,23,265,23,138,8,,,,,,,,0.0,0.0,0.0,3.77,3.0,0.0,4.0,1.0,0.0,2,0,0.0,0.0,0.0,0.0,0.0,0.0,0.0,0.0,0.0,0.0,0.0,0.0,0.0,0.0,851.0,567.0,0.0,0.0,0.0,0.0,0.0,0.0,0.0,0.0,0.0,0.0,0.0,0.0,0.0
30,Lucas,Digne,Digne,u,Has joined Paris Saint-Germain permanently,,4.5,412,84,0.1,446,157,0.0,407,153,0,0,0,0,0,0,748,0.0,0.0,0.0,0.0,0.0,407,153,0.0,0.0,340,140,343,143,269,116,357,141,,,,,,,,0.0,0.0,0.0,0.0,0.0,0.0,0.0,0.0,0.0,2,0,0.0,0.0,0.0,0.0,0.0,0.0,0.0,0.0,0.0,0.0,0.0,0.0,0.0,0.0,0.0,1094.0,0.0,0.0,0.0,0.0,0.0,0.0,0.0,0.0,0.0,0.0,0.0,0.0,0.0
32,Matty,Cash,Cash,a,,,4.5,437,98,7.4,55,22,-0.5,621,206,0,0,0,0,0,5542,17690,-0.1,-0.2,-0.5,-0.5,-1.0,621,206,,,143,67,218,72,287,123,222,85,1.0,,,,,,,0.0,0.0,0.0,3.77,0.0,0.0,4.0,1.0,7.0,2,0,0.0,0.0,0.0,0.0,0.0,0.0,0.0,0.0,0.0,0.0,0.0,0.0,0.0,0.0,6740.0,34823.0,0.0,0.0,0.0,0.0,0.0,0.0,0.0,0.0,0.0,0.0,0.0,0.0,0.0
33,Tyrone,Mings,Mings,a,,,4.5,424,88,0.4,276,106,0.5,269,91,0,0,0,0,0,755,806,0.1,0.2,0.5,0.5,1.0,233,79,,,251,98,352,145,279,118,280,99,,,,,,,,0.0,0.0,0.0,1.24,0.0,0.0,0.0,0.0,5.62,2,0,0.0,0.0,0.0,0.0,0.0,0.0,0.0,0.0,0.0,0.0,0.0,0.0,0.0,0.0,982.0,1312.0,0.0,0.0,0.0,0.0,0.0,0.0,0.0,0.0,0.0,0.0,0.0,0.0,0.0
34,Pau,Torres,Pau,a,,,4.5,465,119,0.4,272,102,0.0,433,164,0,0,0,0,0,484,916,0.0,0.0,0.0,0.0,0.0,433,164,,,371,156,234,81,308,137,388,157,,,,,,,,0.0,0.0,0.0,4.38,0.0,0.0,4.93,1.23,6.16,2,0,0.0,0.0,0.0,0.0,0.0,0.0,0.0,0.0,0.0,0.0,0.0,0.0,0.0,0.0,560.0,1701.0,0.0,0.0,0.0,0.0,0.0,0.0,0.0,0.0,0.0,0.0,0.0,0.0,0.0
35,Lamare,Bogarde,Bogarde,a,,,5.0,358,210,0.1,465,188,0.5,303,140,0,0,0,0,0,239,283,0.1,0.2,0.5,0.5,1.0,280,127,,,247,112,251,134,485,184,277,130,,,,,,,,0.0,0.0,0.0,1.24,0.0,0.0,0.0,0.0,5.62,2,0,0.0,0.0,0.0,0.0,0.0,0.0,0.0,0.0,0.0,0.0,0.0,0.0,0.0,0.0,290.0,437.0,0.0,0.0,0.0,0.0,0.0,0.0,0.0,0.0,0.0,0.0,0.0,0.0,0.0
36,Ian,Maatsen,Maatsen,a,,,4.5,471,124,0.7,224,82,0.0,437,167,0,0,0,0,0,890,1676,0.0,0.0,0.0,0.0,0.0,437,167,,,172,74,228,78,148,49,223,86,,,,,,,,0.03,0.0,0.03,4.02,0.0,0.0,4.44,1.11,10.0,2,0,0.0,0.0,0.0,0.0,0.0,0.0,0.0,0.0,0.0,0.0,0.0,0.0,0.0,0.0,1060.0,3096.0,0.0,0.0,0.0,0.0,0.0,0.0,0.0,0.0,0.0,0.0,0.0,0.0,0.0
37,Victor,Lindelöf,Lindelöf,a,,,4.5,434,95,0.3,309,114,-1.0,622,207,0,0,0,0,0,449,647,-0.2,-0.4,-1.0,-1.0,-2.0,622,207,,,255,99,273,101,285,121,281,100,,,,,,,,0.0,0.0,0.0,3.77,0.0,0.0,4.0,1.0,3.0,2,0,0.0,0.0,0.0,0.0,0.0,0.0,0.0,0.0,0.0,0.0,0.0,0.0,0.0,0.0,568.0,1182.0,0.0,0.0,0.0,0.0,0.0,0.0,0.0,0.0,0.0,0.0,0.0,0.0,0.0
38,Andrés,García,A.García,a,,,4.0,617,201,1.7,144,59,0.0,398,146,0,0,0,0,0,3527,3584,0.0,0.0,0.0,0.0,0.0,398,146,,,331,133,332,136,255,106,348,134,,,,,,,,0.0,0.0,0.0,0.0,0.0,0.0,0.0,0.0,0.0,2,0,0.0,0.0,0.0,0.0,0.0,0.0,0.0,0.0,0.0,0.0,0.0,0.0,0.0,0.0,4273.0,5385.0,0.0,0.0,0.0,0.0,0.0,0.0,0.0,0.0,0.0,0.0,0.0,0.0,0.0
39,Kosta,Nedeljkovic,Nedeljkovic,u,Has joined Rangers on loan for the rest of the season,,4.0,614,199,0.2,335,125,0.0,396,145,0,0,0,0,0,0,1274,0.0,0.0,0.0,0.0,0.0,396,145,0.0,0.0,329,132,329,134,252,104,346,133,,,,,,,,0.0,0.0,0.0,0.0,0.0,0.0,0.0,0.0,0.0,2,0,0.0,0.0,0.0,0.0,0.0,0.0,0.0,0.0,0.0,0.0,0.0,0.0,0.0,0.0,0.0,2102.0,0.0,0.0,0.0,0.0,0.0,0.0,0.0,0.0,0.0,0.0,0.0,0.0,0.0
41,Emiliano,Buendía Stati,Buendía,a,,,6.0,64,43,1.1,180,54,1.0,254,122,0,0,0,0,0,2261,5215,0.2,0.3,1.0,1.0,2.0,179,89,,,593,258,73,45,99,50,167,76,3.0,1.0,1.0,,,,,0.14,0.1,0.24,3.83,0.0,0.0,4.24,1.06,7.41,2,0,0.0,0.0,0.0,0.0,0.0,0.0,0.0,0.0,0.0,0.0,0.0,0.0,0.0,0.0,2910.0,9578.0,0.0,0.0,0.0,0.0,0.0,0.0,0.0,0.0,0.0,0.0,0.0,0.0,0.0
44,Leon,Bailey,Bailey,a,,,5.5,145,89,0.1,383,147,0.0,581,246,0,0,0,0,0,343,680,0.0,0.0,0.0,0.0,0.0,581,246,,,553,231,568,240,544,223,568,238,,,,,,,,0.0,0.0,0.0,0.0,0.0,0.0,0.0,0.0,0.0,2,0,0.0,0.0,0.0,0.0,0.0,0.0,0.0,0.0,0.0,0.0,0.0,0.0,0.0,0.0,444.0,1031.0,0.0,0.0,0.0,0.0,0.0,0.0,0.0,0.0,0.0,0.0,0.0,0.0,0.0
45,John,McGinn,McGinn,a,,,5.5,122,78,2.7,110,33,0.5,317,150,0,0,0,0,0,3093,9653,0.1,0.2,0.5,0.5,1.0,299,141,,,257,118,173,102,190,96,258,117,2.0,,,,,,,0.04,0.01,0.05,4.02,0.0,0.0,4.44,1.11,6.67,2,0,0.0,0.0,0.0,0.0,0.0,0.0,0.0,0.0,0.0,0.0,0.0,0.0,0.0,0.0,3888.0,17525.0,0.0,0.0,0.0,0.0,0.0,0.0,0.0,0.0,0.0,0.0,0.0,0.0,0.0
46,Ross,Barkley,Barkley,a,,,5.0,230,143,0.2,320,111,1.0,224,102,0,0,0,0,0,821,795,0.2,0.4,1.0,1.0,2.0,156,72,,,170,66,58,38,103,52,107,56,4.0,,,,,,,0.12,0.02,0.14,4.38,0.0,0.0,4.93,1.23,1.23,2,0,0.0,0.0,0.0,0.0,0.0,0.0,0.0,0.0,0.0,0.0,0.0,0.0,0.0,0.0,1070.0,1212.0,0.0,0.0,0.0,0.0,0.0,0.0,0.0,0.0,0.0,0.0,0.0,0.0,0.0
47,Boubacar,Kamara,Kamara,a,,,5.0,283,170,0.3,289,95,1.0,231,106,0,0,0,0,0,1081,1422,0.2,0.4,1.0,1.0,2.0,163,76,100.0,100.0,154,53,165,97,428,156,218,97,,,,,,,,0.0,0.0,0.0,3.77,0.0,0.0,4.0,1.0,7.0,2,0,0.0,0.0,0.0,0.0,0.0,0.0,0.0,0.0,0.0,0.0,0.0,0.0,0.0,0.0,1300.0,2097.0,0.0,0.0,0.0,0.0,0.0,0.0,0.0,0.0,0.0,0.0,0.0,0.0,0.0
48,Amadou,Onana,Onana,i,Knee injury - Unknown return date,,5.0,310,184,0.0,553,230,0.0,532,219,0,0,0,0,0,52,181,0.0,0.0,0.0,0.0,0.0,532,219,0.0,0.0,489,193,499,202,452,168,505,200,,,,,,,,0.0,0.0,0.0,0.0,0.0,0.0,0.0,0.0,0.0,2,0,0.0,0.0,0.0,0.0,0.0,0.0,0.0,0.0,0.0,0.0,0.0,0.0,0.0,0.0,73.0,233.0,0.0,0.0,0.0,0.0,0.0,0.0,0.0,0.0,0.0,0.0,0.0,0.0,0.0
49,Samuel,Iling-Junior,Iling Jr,u,Has joined Bolton Wanderers on loan for the rest of the season,,5.0,322,189,0.0,615,269,0.0,537,222,0,0,0,0,0,0,24,0.0,0.0,0.0,0.0,0.0,537,222,0.0,0.0,495,197,506,206,461,173,511,204,,,,,,,,0.0,0.0,0.0,0.0,0.0,0.0,0.0,0.0,0.0,2,0,0.0,0.0,0.0,0.0,0.0,0.0,0.0,0.0,0.0,0.0,0.0,0.0,0.0,0.0,0.0,29.0,0.0,0.0,0.0,0.0,0.0,0.0,0.0,0.0,0.0,0.0,0.0,0.0,0.0
50,Bradley,Burrowes,Burrowes,a,,,4.5,542,271,0.7,232,78,0.0,485,192,0,0,0,0,0,2094,2055,0.0,0.0,0.0,0.0,0.0,485,192,,,428,158,434,168,375,127,444,165,,,,,,,,0.0,0.0,0.0,0.0,0.0,0.0,0.0,0.0,0.0,2,0,0.0,0.0,0.0,0.0,0.0,0.0,0.0,0.0,0.0,0.0,0.0,0.0,0.0,0.0,2456.0,2866.0,0.0,0.0,0.0,0.0,0.0,0.0,0.0,0.0,0.0,0.0,0.0,0.0,0.0
51,George,Hemmings,George Hemmings,a,,,4.5,524,263,0.8,221,74,1.0,222,100,0,0,0,0,0,4939,2282,0.2,0.4,1.0,1.0,2.0,155,71,,,158,56,111,67,164,80,154,69,,,,,,,,0.0,0.0,0.0,3.77,0.0,0.0,4.0,1.0,5.0,2,0,0.0,0.0,0.0,0.0,0.0,0.0,0.0,0.0,0.0,0.0,0.0,0.0,0.0,0.0,6652.0,3177.0,0.0,0.0,0.0,0.0,0.0,0.0,0.0,0.0,0.0,0.0,0.0,0.0,0.0
52,Alysson Edward Franco,da Rocha dos Santos,Alysson,a,,,5.0,394,236,0.0,499,206,0.5,312,146,0,0,0,0,0,132,200,0.1,0.2,0.5,0.5,1.0,291,136,,,224,97,545,230,510,204,267,123,,,,,,,,0.0,0.0,0.0,1.58,0.0,0.0,0.0,0.0,33.75,2,0,0.0,0.0,0.0,0.0,0.0,0.0,0.0,0.0,0.0,0.0,0.0,0.0,0.0,0.0,158.0,288.0,0.0,0.0,0.0,0.0,0.0,0.0,0.0,0.0,0.0,0.0,0.0,0.0,0.0
53,Johan,Manzambi,Manzambi,i,Knee injury - Unknown return date,,5.9,112,73,0.2,359,135,0.0,599,260,0,-1,1,-1,1,132,1835,0.0,0.0,0.0,0.0,0.0,599,260,0.0,0.0,587,255,594,259,585,251,596,259,,,,,,,,0.0,0.0,0.0,0.0,0.0,0.0,0.0,0.0,0.0,2,0,0.0,0.0,0.0,0.0,0.0,0.0,0.0,0.0,0.0,0.0,0.0,0.0,0.0,0.0,154.0,2560.0,0.0,0.0,0.0,0.0,0.0,0.0,0.0,0.0,0.0,0.0,0.0,0.0,0.0
54,Joao,Gomes,Gomes,s,Suspended until 19 Sep,,5.5,172,107,0.0,495,203,-1.0,623,274,0,0,0,0,0,18,363,-0.2,-0.4,0.0,0.0,-2.0,623,274,0.0,0.0,265,123,121,71,557,233,228,103,,,,,,,,0.0,0.02,0.02,5.95,0.0,0.0,9.23,2.31,16.15,2,0,0.0,0.0,0.0,0.0,0.0,0.0,0.0,0.0,0.0,0.0,0.0,0.0,0.0,0.0,41.0,544.0,0.0,0.0,0.0,0.0,0.0,0.0,0.0,0.0,0.0,0.0,0.0,0.0,0.0
56,Tammy,Abraham,Abraham,d,Knock - 50% chance of playing,,5.5,127,32,0.1,416,61,0.0,574,64,0,0,0,0,0,132,797,0.0,0.0,0.0,0.0,0.0,574,64,50.0,50.0,542,47,557,55,529,54,558,56,,,,,,,,0.0,0.0,0.0,0.0,0.0,0.0,0.0,0.0,0.0,2,0,0.0,0.0,0.0,0.0,0.0,0.0,0.0,0.0,0.0,0.0,0.0,0.0,0.0,0.0,198.0,1219.0,0.0,0.0,0.0,0.0,0.0,0.0,0.0,0.0,0.0,0.0,0.0,0.0,0.0
160,Alejandro,Garnacho Ferreyra,Garnacho,a,,,6.0,92,58,0.5,252,85,0.5,339,162,0,0,0,0,0,665,2710,0.1,0.2,0.5,0.5,1.0,324,158,,,602,262,605,264,599,258,605,264,,,,,,,,0.0,0.0,0.0,3.15,0.0,0.0,0.0,0.0,0.0,2,0,0.0,0.0,0.0,0.0,0.0,0.0,0.0,0.0,0.0,0.0,0.0,0.0,0.0,0.0,834.0,4300.0,0.0,0.0,0.0,0.0,0.0,0.0,0.0,0.0,0.0,0.0,0.0,0.0,0.0
166,Nicolas,Jackson,N.Jackson,a,,,6.5,46,12,0.5,253,41,0.0,614,70,0,0,0,0,0,17531,2909,0.0,0.0,0.0,0.0,0.0,614,70,,,614,68,616,69,614,69,616,69,,,,,,,,0.0,0.0,0.0,0.0,0.0,0.0,0.0,0.0,0.0,2,0,0.0,0.0,0.0,0.0,0.0,0.0,0.0,0.0,0.0,0.0,0.0,0.0,0.0,0.0,18912.0,4124.0,0.0,0.0,0.0,0.0,0.0,0.0,0.0,0.0,0.0,0.0,0.0,0.0,0.0
582,Brian,Madjo,Madjo,i,Unspecified injury - Unknown return date,,5.5,218,47,0.4,281,48,0.0,596,67,0,0,0,0,0,295,2810,0.0,0.0,0.0,0.0,0.0,596,67,0.0,0.0,580,57,589,62,580,62,591,63,,,,,,,,0.0,0.0,0.0,0.0,0.0,0.0,0.0,0.0,0.0,2,0,0.0,0.0,0.0,0.0,0.0,0.0,0.0,0.0,0.0,0.0,0.0,0.0,0.0,0.0,356.0,4206.0,0.0,0.0,0.0,0.0,0.0,0.0,0.0,0.0,0.0,0.0,0.0,0.0,0.0
596,Matteo,Ruggeri,Ruggeri,a,,,4.5,487,132,0.1,408,144,0.5,278,100,0,0,0,0,0,252,278,0.1,0.2,0.5,0.5,1.0,248,93,,,222,92,386,162,324,144,262,97,,,,,,,,0.0,0.0,0.0,1.58,0.0,0.0,0.0,0.0,22.5,2,0,0.0,0.0,0.0,0.0,0.0,0.0,0.0,0.0,0.0,0.0,0.0,0.0,0.0,0.0,323.0,469.0,0.0,0.0,0.0,0.0,0.0,0.0,0.0,0.0,0.0,0.0,0.0,0.0,0.0
597,Zion,Suzuki,Suzuki,a,,,5.0,300,15,0.9,207,30,0.0,524,66,0,0,0,0,0,2641,1953,0.0,0.0,0.0,0.0,0.0,524,66,,,480,66,490,59,443,59,496,66,,,,,,,,0.0,0.0,0.0,0.0,0.0,0.0,0.0,0.0,0.0,2,0,0.0,0.0,0.0,0.0,0.0,0.0,0.0,0.0,0.0,0.0,0.0,0.0,0.0,0.0,3201.0,3057.0,0.0,0.0,0.0,0.0,0.0,0.0,0.0,0.0,0.0,0.0,0.0,0.0,0.0
606,Triston,Rowe,Rowe,a,,,4.0,609,194,0.1,439,153,0.0,392,141,0,0,0,0,0,1442,334,0.0,0.0,0.0,0.0,0.0,392,141,,,325,128,325,130,247,99,342,129,,,,,,,,0.0,0.0,0.0,0.0,0.0,0.0,0.0,0.0,0.0,2,0,0.0,0.0,0.0,0.0,0.0,0.0,0.0,0.0,0.0,0.0,0.0,0.0,0.0,0.0,1738.0,374.0,0.0,0.0,0.0,0.0,0.0,0.0,0.0,0.0,0.0,0.0,0.0,0.0,0.0
607,Luka,Lynch,Lynch,a,,,4.5,519,261,0.1,413,162,0.0,469,185,0,0,0,0,0,1270,539,0.0,0.0,0.0,0.0,0.0,469,185,,,410,150,416,160,355,118,426,157,,,,,,,,0.0,0.0,0.0,0.0,0.0,0.0,0.0,0.0,0.0,2,0,0.0,0.0,0.0,0.0,0.0,0.0,0.0,0.0,0.0,0.0,0.0,0.0,0.0,0.0,1540.0,632.0,0.0,0.0,0.0,0.0,0.0,0.0,0.0,0.0,0.0,0.0,0.0,0.0,0.0
611,Aaron,Wan-Bissaka,Wan-Bissaka,a,,,4.5,443,102,0.1,455,162,0.0,423,157,0,0,0,0,0,1627,303,0.0,0.0,1.7,1.7,0.0,423,157,,,358,146,362,150,291,125,375,147,,,,,,,,0.0,0.0,0.0,0.0,0.0,0.0,0.0,0.0,0.0,2,0,0.0,0.0,0.0,0.0,0.0,0.0,0.0,0.0,0.0,0.0,0.0,0.0,0.0,0.0,2025.0,358.0,0.0,0.0,0.0,0.0,0.0,0.0,0.0,0.0,0.0,0.0,0.0,0.0,0.0
618,Leon,Goretzka,Goretzka,a,,,6.0,59,41,0.0,552,229,0.0,601,261,0,0,0,0,0,1112,144,0.0,0.0,2.2,2.2,0.0,601,261,,,590,257,596,260,587,252,598,260,,,,,,,,0.0,0.0,0.0,0.0,0.0,0.0,0.0,0.0,0.0,2,0,0.0,0.0,0.0,0.0,0.0,0.0,0.0,0.0,0.0,0.0,0.0,0.0,0.0,0.0,1324.0,151.0,0.0,0.0,0.0,0.0,0.0,0.0,0.0,0.0,0.0,0.0,0.0,0.0,0.0
57,Đorđe,Petrović,Petrović,a,,,4.5,474,39,3.4,101,16,2.5,122,10,3,0,0,0,0,10419,6124,0.6,1.1,2.5,2.5,2.5,131,10,,,36,3,380,39,314,39,111,3,,,,,,,,0.0,0.0,0.0,2.04,4.5,0.0,1.5,1.0,0.0,2,3,90.0,0.0,0.0,0.0,1.0,0.0,0.0,0.0,0.0,0.0,5.0,1.0,0.0,20.0,15590.0,8652.0,0.0,0.0,0.0,0.0,1.8399999999999999,0.0,0.0,0.0,0.0,0.0,3.0,8.0,0.0
58,Fraser,Forster,Forster,a,,,4.0,549,50,3.2,106,17,0.0,350,23,0,0,0,0,0,6451,3799,0.0,0.0,0.0,0.0,0.0,350,23,,,281,22,278,2,196,2,297,22,,,,,,,,0.0,0.0,0.0,0.0,0.0,0.0,0.0,0.0,0.0,2,0,0.0,0.0,0.0,0.0,0.0,0.0,0.0,0.0,0.0,0.0,0.0,0.0,0.0,0.0,8075.0,5548.0,0.0,0.0,0.0,0.0,0.0,0.0,0.0,0.0,0.0,0.0,0.0,0.0,0.0
59,Will,Dennis,Dennis,u,Has joined MK Dons permanently,,4.0,583,63,0.2,357,38,0.0,372,36,0,0,0,0,0,0,977,0.0,0.0,0.0,0.0,0.0,372,36,0.0,0.0,304,35,304,15,223,15,321,35,,,,,,,,0.0,0.0,0.0,0.0,0.0,0.0,0.0,0.0,0.0,2,0,0.0,0.0,0.0,0.0,0.0,0.0,0.0,0.0,0.0,0.0,0.0,0.0,0.0,0.0,0.0,1437.0,0.0,0.0,0.0,0.0,0.0,0.0,0.0,0.0,0.0,0.0,0.0,0.0,0.0
60,James,Hill,Hill,a,,,5.5,176,24,0.9,205,77,2.5,132,47,4,0,0,0,0,1943,2320,0.5,0.9,2.5,2.5,2.5,140,50,,,148,70,264,96,560,199,229,87,,,,,,,,0.0,0.37,0.37,2.04,0.0,0.0,1.5,1.0,9.0,2,4,90.0,0.0,0.0,0.0,1.0,0.0,0.0,0.0,0.0,0.0,0.0,1.0,0.0,19.0,3683.0,3375.0,0.0,0.0,0.74,0.74,1.8399999999999999,0.0,0.0,0.0,0.0,3.0,9.0,3.0,12.0
61,Adrien,Truffert,Truffert,a,,,5.5,189,26,4.1,85,34,2.5,134,48,4,0,0,0,0,4036,8119,0.5,0.9,2.5,2.5,2.5,142,51,,,110,49,211,68,566,200,200,78,,,,,,,,0.0,0.04,0.04,2.04,0.0,0.0,1.5,1.0,8.0,2,4,90.0,0.0,0.0,0.0,1.0,0.0,0.0,0.0,0.0,0.0,0.0,1.0,2.0,27.0,7786.0,12366.0,0.0,0.0,0.07,0.07,1.8399999999999999,0.0,0.0,0.0,0.0,2.0,7.0,6.0,9.0
63,Veljko,Milosavljevic,Milosavljević,i,Unspecified injury - Unknown return date,,5.0,388,76,0.0,591,201,0.0,563,198,0,0,0,0,0,24,67,0.0,0.0,0.0,0.0,0.0,563,198,0.0,0.0,529,199,541,199,505,191,545,199,,,,,,,,0.0,0.0,0.0,0.0,0.0,0.0,0.0,0.0,0.0,2,0,0.0,0.0,0.0,0.0,0.0,0.0,0.0,0.0,0.0,0.0,0.0,0.0,0.0,0.0,28.0,97.0,0.0,0.0,0.0,0.0,0.0,0.0,0.0,0.0,0.0,0.0,0.0,0.0,0.0
64,Adam,Smith,Smith,a,,,4.5,405,81,0.1,385,139,1.0,211,73,1,0,0,0,0,436,436,0.2,0.4,1.0,1.0,1.0,231,78,,,188,83,238,85,263,114,242,92,,,,,,,,0.0,0.01,0.01,2.04,0.0,0.0,1.5,1.0,5.5,2,1,90.0,0.0,0.0,0.0,1.0,0.0,0.0,0.0,1.0,0.0,0.0,1.0,0.0,5.0,968.0,586.0,0.0,0.0,0.02,0.02,1.8399999999999999,0.0,0.0,0.0,0.0,2.0,4.0,0.0,6.0
65,Julián,Araujo Zúñiga,J.Araujo,i,Thigh injury - Unknown return date,,4.5,469,122,0.0,571,198,0.0,435,165,0,0,0,0,0,30,129,0.0,0.0,0.0,0.0,0.0,435,165,0.0,0.0,373,157,377,160,311,139,390,158,,,,,,,,0.0,0.0,0.0,0.0,0.0,0.0,0.0,0.0,0.0,2,0,0.0,0.0,0.0,0.0,0.0,0.0,0.0,0.0,0.0,0.0,0.0,0.0,0.0,0.0,39.0,168.0,0.0,0.0,0.0,0.0,0.0,0.0,0.0,0.0,0.0,0.0,0.0,0.0,0.0
66,Julio,Soler Barreto,Soler,a,,,4.0,611,196,0.2,338,126,0.0,393,142,0,0,0,0,0,932,561,0.0,0.0,0.0,0.0,0.0,393,142,100.0,75.0,326,129,326,131,249,101,343,130,,,,,,,,0.0,0.0,0.0,0.0,0.0,0.0,0.0,0.0,0.0,2,0,0.0,0.0,0.0,0.0,0.0,0.0,0.0,0.0,0.0,0.0,0.0,0.0,0.0,0.0,984.0,799.0,0.0,0.0,0.0,0.0,0.0,0.0,0.0,0.0,0.0,0.0,0.0,0.0,0.0
67,Rayan Vitor,Simplício Rocha,Rayan,a,,,6.5,44,29,2.6,112,34,2.0,168,81,2,0,0,0,0,3358,15035,0.3,0.6,2.0,2.0,2.0,186,92,,,200,81,118,70,62,32,117,58,,,,,,,,0.22,0.03,0.25,1.97,0.0,0.0,1.01,1.01,3.03,2,2,90.0,0.0,0.0,0.0,1.0,0.0,0.0,0.0,0.0,0.0,0.0,1.0,0.0,4.0,7312.0,18581.0,0.0,0.4,0.020000000000000004,0.42,1.8399999999999999,0.0,0.0,0.0,0.0,1.0,1.0,3.0,5.0
68,Marcus,Tavernier,Tavernier,a,,,6.0,65,44,2.5,117,36,5.5,45,22,1,0,0,0,0,10061,11060,0.9,1.8,5.5,5.5,5.5,54,27,,,27,14,70,43,53,28,36,21,1.0,1.0,3.0,,,,,0.24,0.14,0.38,2.04,0.0,0.0,1.5,1.0,9.5,2,1,90.0,0.0,0.0,0.0,1.0,0.0,0.0,0.0,1.0,0.0,0.0,1.0,0.0,20.0,33960.0,13475.0,0.0,0.08999999999999997,0.20999999999999996,0.30000000000000004,1.8399999999999999,0.0,0.0,0.0,0.0,4.0,1.0,6.0,11.0
69,Alex,Scott,Scott,a,,,6.0,94,60,1.7,147,43,7.0,23,12,12,0,0,0,0,15282,4083,1.2,2.3,7.0,7.0,7.0,29,15,,,152,52,147,87,601,260,205,93,2.0,4.0,,,,,,0.13,0.14,0.27,2.02,0.0,0.51,1.02,1.02,13.3,2,12,86.0,1.0,0.0,1.0,0.0,0.0,0.0,0.0,1.0,0.0,0.0,1.0,3.0,39.0,16772.0,6058.0,0.0,0.26,0.27,0.53,1.71,0.0,0.0,0.0,0.0,3.0,3.0,9.0,15.0
70,Justin,Kluivert,Kluivert,a,,,6.0,72,46,1.2,176,52,3.0,112,52,3,0,0,0,0,2870,5529,0.5,1.0,3.0,3.0,3.0,122,54,,,156,55,87,55,60,31,99,51,3.0,2.0,2.0,,,,,0.42,0.03,0.45,2.11,0.0,1.17,0.0,1.17,8.18,2,3,80.0,0.0,0.0,1.0,0.0,0.0,0.0,0.0,0.0,0.0,0.0,1.0,0.0,12.0,6579.0,7060.0,0.0,0.61,0.05,0.66,1.67,0.0,0.0,0.0,0.0,0.0,0.0,5.0,5.0
71,Lewis,Cook,Cook,a,,,5.0,245,149,0.2,341,124,3.0,95,42,3,0,0,0,0,1773,790,0.6,1.2,3.0,3.0,3.0,106,44,,,216,92,184,107,398,141,245,108,5.0,,,,,,,0.0,0.01,0.01,2.27,0.0,1.26,0.0,1.26,5.66,2,3,68.0,0.0,0.0,1.0,0.0,0.0,0.0,0.0,0.0,0.0,0.0,1.0,0.0,13.0,2418.0,1083.0,0.0,0.0,0.01,0.01,1.67,0.0,0.0,0.0,0.0,0.0,0.0,2.0,2.0
72,Ben,Gannon-Doak,Gannon-Doak,a,,,5.0,342,200,0.1,449,180,0.5,299,136,0,0,0,0,0,123,421,0.1,0.2,0.5,0.5,1.0,275,123,,,276,131,275,143,171,84,282,133,,,,,,,,0.0,0.0,0.0,17.1,0.0,0.0,90.0,0.0,90.0,2,0,0.0,0.0,0.0,0.0,0.0,0.0,0.0,0.0,0.0,0.0,0.0,0.0,0.0,0.0,159.0,513.0,0.0,0.0,0.0,0.0,0.0,0.0,0.0,0.0,0.0,0.0,0.0,0.0,0.0
73,Tyler,Adams,Adams,a,,,5.0,258,158,0.2,322,113,1.0,226,103,1,0,0,0,0,1560,1238,0.2,0.4,1.0,1.0,1.0,260,113,100.0,100.0,231,101,239,127,410,149,263,119,,,,,,,,0.0,0.0,0.0,1.18,0.0,0.0,7.5,0.0,15.0,2,1,21.0,0.0,0.0,0.0,1.0,0.0,0.0,0.0,0.0,0.0,0.0,0.0,0.0,4.0,2062.0,1494.0,0.0,0.0,0.0,0.0,0.15999999999999998,0.0,0.0,0.0,0.0,0.0,0.0,3.0,3.0
74,David,Brooks,Brooks,a,,,5.0,237,144,0.1,486,200,0.5,282,125,1,0,0,0,0,319,236,0.1,0.2,0.5,0.5,1.0,254,109,100.0,100.0,443,167,450,177,391,136,459,174,4.0,3.0,,,,,,0.0,0.1,0.1,1.6,0.0,0.0,10.0,0.0,0.0,2,1,9.0,0.0,0.0,0.0,1.0,0.0,0.0,0.0,0.0,0.0,0.0,0.0,0.0,3.0,441.0,330.0,0.0,0.0,0.01,0.01,0.16,0.0,0.0,0.0,0.0,0.0,0.0,0.0,0.0
75,Ryan,Christie,Christie,a,,,5.0,246,150,0.0,551,228,0.5,284,126,1,0,0,0,0,282,130,0.1,0.2,0.5,0.5,1.0,256,110,100.0,100.0,450,172,458,182,399,142,466,179,6.0,,,,,,,0.0,0.0,0.0,3.9,0.0,0.0,30.0,0.0,60.0,2,1,3.0,0.0,0.0,0.0,1.0,0.0,0.0,0.0,0.0,0.0,0.0,0.0,0.0,5.0,404.0,160.0,0.0,0.0,0.0,0.0,0.13,0.0,0.0,0.0,0.0,1.0,0.0,1.0,2.0
76,Alex,Tóth,Tóth.A,a,,,5.0,387,232,0.0,568,237,0.5,309,144,0,0,0,0,0,33,71,0.1,0.2,0.5,0.5,1.0,288,133,,,238,107,243,129,504,200,278,131,,,,,,,,0.0,0.0,0.0,1.86,0.0,0.0,12.0,0.0,12.0,2,0,0.0,0.0,0.0,0.0,0.0,0.0,0.0,0.0,0.0,0.0,0.0,0.0,0.0,0.0,46.0,89.0,0.0,0.0,0.0,0.0,0.0,0.0,0.0,0.0,0.0,0.0,0.0,0.0,0.0
77,Amine,Adli,Adli,i,Unspecified injury - Unknown return date,,5.0,333,194,0.0,554,231,0.0,542,225,0,0,0,0,0,27,224,0.0,0.0,0.0,0.0,0.0,542,225,0.0,0.0,501,201,513,210,470,177,517,208,,,,,,,,0.0,0.0,0.0,0.0,0.0,0.0,0.0,0.0,0.0,2,0,0.0,0.0,0.0,0.0,0.0,0.0,0.0,0.0,0.0,0.0,0.0,0.0,0.0,0.0,34.0,307.0,0.0,0.0,0.0,0.0,0.0,0.0,0.0,0.0,0.0,0.0,0.0,0.0,0.0
78,Junior,Kroupi,Kroupi.Jr,i,Foot injury - Unknown return date,,7.5,20,12,0.3,303,103,0.0,619,273,0,0,0,0,0,95,3093,0.0,0.0,0.0,0.0,0.0,619,273,0.0,0.0,621,273,622,274,622,274,622,274,,,1.0,,,,,0.0,0.0,0.0,0.0,0.0,0.0,0.0,0.0,0.0,2,0,0.0,0.0,0.0,0.0,0.0,0.0,0.0,0.0,0.0,0.0,0.0,0.0,0.0,0.0,128.0,4468.0,0.0,0.0,0.0,0.0,0.0,0.0,0.0,0.0,0.0,0.0,0.0,0.0,0.0
79,Francisco Evanilson,de Lima Barbosa,Evanilson,a,,,6.0,81,21,3.1,107,16,4.5,70,9,5,0,0,0,0,22432,9242,0.8,1.5,4.5,4.5,4.5,79,11,,,88,9,108,12,185,29,124,14,,,,,,,,0.34,0.15,0.49,2.11,0.0,1.17,0.0,1.17,6.43,2,5,80.0,0.0,1.0,1.0,0.0,0.0,0.0,0.0,0.0,0.0,0.0,1.0,0.0,11.0,37580.0,12619.0,0.0,0.58,0.04000000000000001,0.62,1.67,0.0,0.0,0.0,0.0,0.0,1.0,2.0,3.0
80,Enes,Ünal,Enes Ünal,u,Has joined Getafe permanently,,5.5,124,30,0.0,546,70,0.0,573,63,0,0,0,0,0,0,184,0.0,0.0,0.0,0.0,0.0,573,63,0.0,0.0,541,46,556,54,528,53,557,55,,,,,,,,0.0,0.0,0.0,0.0,0.0,0.0,0.0,0.0,0.0,2,0,0.0,0.0,0.0,0.0,0.0,0.0,0.0,0.0,0.0,0.0,0.0,0.0,0.0,0.0,0.0,277.0,0.0,0.0,0.0,0.0,0.0,0.0,0.0,0.0,0.0,0.0,0.0,0.0,0.0
81,Álvaro,Rodríguez,Rodríguez,a,,,6.0,102,27,0.1,401,58,0.5,341,41,1,0,0,0,0,406,499,0.1,0.2,0.5,0.5,1.0,326,39,100.0,100.0,605,67,608,68,603,68,608,68,,,,,,,,0.0,0.0,0.0,1.6,0.0,0.0,10.0,0.0,10.0,2,1,9.0,0.0,0.0,0.0,1.0,0.0,0.0,0.0,0.0,0.0,0.0,0.0,0.0,4.0,561.0,608.0,0.0,0.0,0.0,0.0,0.16,0.0,0.0,0.0,0.0,0.0,0.0,1.0,1.0
566,António João,Pereira de Albuquerque Tavares da Silva,Silva,a,,,5.0,327,63,0.4,282,108,3.0,99,37,4,0,0,0,0,1212,845,0.6,1.2,3.0,3.0,3.0,110,40,,,52,20,260,95,464,182,126,48,,,,,,,,0.12,0.02,0.14,2.04,0.0,0.0,1.5,1.0,11.5,2,4,90.0,0.0,0.0,0.0,1.0,0.0,0.0,0.0,0.0,0.0,0.0,1.0,0.0,11.0,3022.0,1213.0,0.0,0.25,0.03,0.28,1.8399999999999999,0.0,0.0,0.0,0.0,2.0,8.0,4.0,10.0
573,Juanlu,Sánchez,Sanchez,a,,,4.5,493,133,0.2,331,123,0.0,445,168,0,0,0,0,0,92,549,0.0,0.0,0.0,0.0,0.0,445,168,,,385,162,392,163,330,145,401,162,,,,,,,,0.0,0.0,0.0,0.0,0.0,0.0,0.0,0.0,0.0,2,0,0.0,0.0,0.0,0.0,0.0,0.0,0.0,0.0,0.0,0.0,0.0,0.0,0.0,0.0,127.0,794.0,0.0,0.0,0.0,0.0,0.0,0.0,0.0,0.0,0.0,0.0,0.0,0.0,0.0
608,Daniel,Jebbison,Jebbison,a,,,5.0,360,58,0.1,475,63,0.5,304,35,0,0,0,0,0,1183,451,0.1,0.2,0.5,0.5,1.0,281,30,,,235,17,230,26,57,12,171,18,,,,,,,,0.6,0.0,0.6,1.86,0.0,0.0,12.0,0.0,6.0,2,0,0.0,0.0,0.0,0.0,0.0,0.0,0.0,0.0,0.0,0.0,0.0,0.0,0.0,0.0,1637.0,532.0,0.0,0.0,0.0,0.0,0.0,0.0,0.0,0.0,0.0,0.0,0.0,0.0,0.0
615,Michele,Di Gregorio,Di Gregorio,a,,,4.5,453,35,0.0,578,67,0.0,427,54,0,0,0,0,0,391,113,0.0,0.0,1.9,1.9,0.0,427,54,,,363,53,367,35,298,35,380,53,,,,,,,,0.0,0.0,0.0,0.0,0.0,0.0,0.0,0.0,0.0,2,0,0.0,0.0,0.0,0.0,0.0,0.0,0.0,0.0,0.0,0.0,0.0,0.0,0.0,0.0,549.0,131.0,0.0,0.0,0.0,0.0,0.0,0.0,0.0,0.0,0.0,0.0,0.0,0.0,0.0
82,Caoimhín,Kelleher,Kelleher,a,,,5.0,257,11,6.7,61,8,4.5,62,4,2,0,0,0,0,23797,9379,0.9,1.8,4.5,4.5,4.5,72,5,,,51,6,466,55,409,55,128,6,,,,,,,,0.0,0.0,0.0,1.0,2.5,0.5,0.5,1.0,0.0,2,2,90.0,0.0,0.0,0.0,1.0,0.0,0.0,0.0,0.0,0.0,1.0,1.0,0.0,7.0,34514.0,12857.0,0.0,0.0,0.0,0.0,1.4300000000000002,0.0,0.0,0.0,0.0,0.0,2.0,4.0,0.0
83,Hákon Rafn,Valdimarsson,Valdimarsson,a,,,4.5,498,44,0.1,407,45,0.0,450,57,0,0,0,0,0,203,276,0.0,0.0,0.0,0.0,0.0,450,57,,,390,56,397,44,335,44,406,56,,,,,,,,0.0,0.0,0.0,0.0,0.0,0.0,0.0,0.0,0.0,2,0,0.0,0.0,0.0,0.0,0.0,0.0,0.0,0.0,0.0,0.0,0.0,0.0,0.0,0.0,276.0,404.0,0.0,0.0,0.0,0.0,0.0,0.0,0.0,0.0,0.0,0.0,0.0,0.0,0.0
84,Nathan,Collins,Collins,a,,,5.5,162,21,2.1,128,52,4.5,65,23,3,0,0,0,0,6847,3773,0.8,1.6,4.5,4.5,4.5,75,26,,,147,69,57,17,58,16,77,26,,,,,,,,0.22,0.02,0.24,1.0,0.0,0.5,0.5,1.0,8.0,2,3,90.0,0.0,0.0,0.0,1.0,0.0,0.0,0.0,1.0,0.0,0.0,1.0,0.0,14.0,10285.0,5442.0,0.0,0.09999999999999998,0.0,0.09999999999999998,1.4300000000000002,0.0,0.0,0.0,0.0,2.0,11.0,8.0,13.0
85,Sepp,van den Berg,Van den Berg,i,Groin injury - Unknown return date,,5.0,307,56,0.1,418,148,0.0,530,191,0,0,0,0,0,42,843,0.0,0.0,0.0,0.0,0.0,530,191,0.0,0.0,486,191,496,191,449,179,502,191,,,,,,,,0.0,0.0,0.0,0.0,0.0,0.0,0.0,0.0,0.0,2,0,0.0,0.0,0.0,0.0,0.0,0.0,0.0,0.0,0.0,0.0,0.0,0.0,0.0,0.0,49.0,1194.0,0.0,0.0,0.0,0.0,0.0,0.0,0.0,0.0,0.0,0.0,0.0,0.0,0.0
86,Keane,Lewis-Potter,Lewis-Potter,a,,,5.5,158,97,1.4,165,49,8.0,15,8,6,0,0,0,0,19272,4078,1.5,2.9,8.0,8.0,8.0,21,11,,,12,8,76,47,49,25,29,19,,1.0,,,,,,0.4,0.13,0.53,1.02,0.0,0.51,0.51,1.02,10.68,2,6,87.0,0.0,1.0,0.0,1.0,0.0,0.0,0.0,0.0,0.0,0.0,1.0,1.0,29.0,32383.0,5201.0,0.0,0.020000000000000018,0.13,0.15000000000000002,1.4300000000000002,0.0,0.0,0.0,0.0,2.0,3.0,6.0,11.0
87,Kristoffer,Ajer,Ajer,a,,,4.5,435,96,4.3,80,32,5.5,40,15,3,0,0,0,0,22800,7426,1.2,2.4,5.5,5.5,5.5,51,19,,,84,38,223,74,21,5,60,18,,,,,,,,0.06,0.02,0.08,1.0,0.0,0.5,0.5,1.0,13.5,2,3,90.0,0.0,0.0,0.0,1.0,0.0,0.0,0.0,1.0,0.0,0.0,1.0,0.0,7.0,39095.0,10142.0,0.0,0.0,0.009999999999999998,0.010000000000000009,1.4300000000000002,0.0,0.0,0.0,0.0,0.0,17.0,2.0,17.0
88,Michael,Kayode,Kayode,a,,,4.6,404,80,8.5,49,19,7.5,17,6,2,0,0,1,-1,47312,12646,1.6,3.3,7.5,7.5,7.5,22,9,,,39,13,197,62,10,1,31,6,,,,,,,,0.29,0.11,0.4,1.06,0.0,0.56,0.56,1.11,5.0,2,2,87.0,0.0,0.0,0.0,1.0,0.0,0.0,0.0,0.0,0.0,0.0,1.0,0.0,8.0,84587.0,16211.0,0.0,0.020000000000000018,0.2,0.21999999999999997,1.43,0.0,0.0,0.0,0.0,1.0,4.0,4.0,5.0
89,Rico,Henry,Henry,a,,,4.5,436,97,0.2,319,120,0.5,271,93,1,0,0,0,0,138,474,0.1,0.2,0.5,0.5,1.0,236,82,,,354,144,358,148,286,122,371,145,,,,,,,,0.0,0.0,0.0,0.0,0.0,0.0,0.0,0.0,0.0,2,1,2.0,0.0,0.0,0.0,0.0,0.0,0.0,0.0,0.0,0.0,0.0,0.0,0.0,3.0,195.0,810.0,0.0,0.0,0.0,0.0,0.0,0.0,0.0,0.0,0.0,0.0,0.0,0.0,0.0
90,Aaron,Hickey,Hickey,a,,,4.5,480,128,0.1,453,160,1.0,219,79,1,0,0,0,0,184,221,0.2,0.4,1.0,1.0,1.0,245,90,,,379,160,257,93,319,142,395,160,,,,,,,,0.0,0.11,0.11,0.56,0.0,0.0,0.0,0.0,5.62,2,1,2.0,0.0,0.0,0.0,0.0,0.0,0.0,0.0,0.0,0.0,0.0,0.0,0.0,6.0,274.0,305.0,0.0,0.0,0.02,0.02,0.0,0.0,0.0,0.0,0.0,1.0,0.0,0.0,1.0
92,Kim,Ji-soo,Ji-soo,a,,,4.5,518,141,0.0,556,191,0.0,468,175,0,0,0,0,0,38,68,0.0,0.0,0.0,0.0,0.0,468,175,,,409,169,415,170,354,152,425,169,,,,,,,,0.0,0.0,0.0,0.0,0.0,0.0,0.0,0.0,0.0,2,0,0.0,0.0,0.0,0.0,0.0,0.0,0.0,0.0,0.0,0.0,0.0,0.0,0.0,0.0,46.0,94.0,0.0,0.0,0.0,0.0,0.0,0.0,0.0,0.0,0.0,0.0,0.0,0.0,0.0
93,Jannik,Schuster,Schuster,a,,,4.5,500,136,0.2,366,135,0.0,452,171,0,0,0,0,0,41,269,0.0,0.0,0.0,0.0,0.0,452,171,,,392,165,399,166,337,148,408,165,,,,,,,,0.0,0.0,0.0,0.0,0.0,0.0,0.0,0.0,0.0,2,0,0.0,0.0,0.0,0.0,0.0,0.0,0.0,0.0,0.0,0.0,0.0,0.0,0.0,0.0,56.0,486.0,0.0,0.0,0.0,0.0,0.0,0.0,0.0,0.0,0.0,0.0,0.0,0.0,0.0
94,Kevin,Schade,Schade,a,,,6.0,96,62,3.5,95,30,6.5,25,14,10,0,0,0,0,15386,9655,1.1,2.2,6.5,6.5,6.5,31,17,,,120,39,110,66,2,1,28,18,,,2.0,,,,,0.39,0.01,0.4,1.02,0.0,0.51,0.51,1.02,9.15,2,10,87.0,1.0,0.0,0.0,1.0,0.0,0.0,0.0,0.0,0.0,0.0,1.0,3.0,34.0,21383.0,14689.0,0.0,0.25,0.01,0.26,1.4300000000000002,0.0,0.0,0.0,0.0,2.0,3.0,4.0,9.0
95,Dango,Ouattara,O.Dango,a,,,6.5,47,31,1.1,186,58,2.0,169,82,1,0,0,0,0,1343,6042,0.3,0.6,2.0,2.0,2.0,187,93,,,268,125,26,21,70,38,85,45,2.0,,,,,,,0.07,0.35,0.42,1.71,0.0,0.95,0.95,0.95,12.32,2,1,29.0,0.0,0.0,0.0,1.0,0.0,0.0,0.0,0.0,0.0,0.0,0.0,0.0,16.0,2416.0,8330.0,0.0,0.020000000000000004,0.08000000000000002,0.09999999999999998,1.34,0.0,0.0,0.0,0.0,1.0,3.0,3.0,7.0
96,Mikkel,Damsgaard,Damsgaard,a,,,5.5,166,103,0.5,254,86,2.0,159,77,3,0,0,0,0,811,1747,0.4,0.7,2.0,2.0,2.0,174,85,,,183,72,41,28,553,231,120,60,3.0,3.0,,,,,,0.03,0.26,0.29,0.27,0.0,1.1,0.0,1.1,13.17,2,3,68.0,0.0,0.0,1.0,0.0,0.0,0.0,0.0,0.0,0.0,0.0,1.0,0.0,20.0,1284.0,3053.0,0.0,0.03,0.13,0.16000000000000003,0.15,0.0,0.0,0.0,0.0,2.0,1.0,5.0,8.0
97,Mathias,Jensen,Jensen,d,Unspecified injury - 75% chance of playing,,5.5,142,87,0.2,325,115,3.0,103,46,0,0,0,0,0,495,1161,0.5,1.1,2.2,3.0,6.0,41,22,75.0,,138,46,9,8,77,42,43,25,1.0,2.0,3.0,,,,,0.11,0.46,0.57,0.64,0.0,1.36,0.0,1.36,6.82,2,0,0.0,0.0,0.0,0.0,0.0,0.0,0.0,0.0,0.0,0.0,0.0,0.0,0.0,0.0,1289.0,1378.0,0.0,0.0,0.0,0.0,0.0,0.0,0.0,0.0,0.0,0.0,0.0,0.0,0.0
98,Vitaly,Janelt,Janelt,a,,,5.0,261,160,0.6,245,82,5.0,49,25,1,0,0,0,0,10002,2889,1.0,2.0,5.0,5.0,5.0,57,29,,,3,3,18,15,39,22,8,7,4.0,,,,,,,0.2,0.12,0.32,1.0,0.0,0.5,0.5,1.0,11.5,2,1,90.0,0.0,0.0,0.0,1.0,0.0,0.0,0.0,1.0,0.0,0.0,1.0,0.0,11.0,18710.0,3740.0,0.0,0.0,0.07999999999999999,0.07999999999999996,1.4300000000000002,0.0,0.0,0.0,0.0,3.0,5.0,2.0,10.0
99,Antoni,Milambo,Milambo,i,Knee injury - Unknown return date,,5.0,367,217,0.0,616,270,0.0,556,232,0,0,0,0,0,12,10,0.0,0.0,0.0,0.0,0.0,556,232,0.0,0.0,518,211,531,220,489,188,534,218,,,,,,,,0.0,0.0,0.0,0.0,0.0,0.0,0.0,0.0,0.0,2,0,0.0,0.0,0.0,0.0,0.0,0.0,0.0,0.0,0.0,0.0,0.0,0.0,0.0,0.0,15.0,12.0,0.0,0.0,0.0,0.0,0.0,0.0,0.0,0.0,0.0,0.0,0.0,0.0,0.0
100,Fábio,Freitas Gouveia Carvalho,Carvalho,a,,,5.0,294,177,0.0,562,232,0.0,523,216,0,0,0,0,0,151,89,0.0,0.0,0.0,0.0,0.0,523,216,100.0,100.0,477,187,486,196,437,161,493,194,,,,,,,,0.0,0.0,0.0,0.0,0.0,0.0,0.0,0.0,0.0,2,0,0.0,0.0,0.0,0.0,0.0,0.0,0.0,0.0,0.0,0.0,0.0,0.0,0.0,0.0,197.0,114.0,0.0,0.0,0.0,0.0,0.0,0.0,0.0,0.0,0.0,0.0,0.0,0.0,0.0
102,Yehor,Yarmoliuk,Yarmoliuk,a,,,5.0,351,205,1.1,185,57,1.0,238,110,1,0,0,0,0,252,4141,0.2,0.4,1.0,1.0,1.0,278,125,,,246,111,229,126,150,77,252,113,,,,,,,,0.08,0.02,0.1,2.82,0.0,0.0,2.05,0.0,12.27,2,1,21.0,0.0,0.0,0.0,1.0,0.0,0.0,0.0,0.0,0.0,0.0,0.0,0.0,4.0,345.0,6569.0,0.0,0.0,0.01,0.010000000000000002,1.2799999999999998,0.0,0.0,0.0,0.0,0.0,0.0,0.0,0.0
103,Josh,Dasilva,Dasilva,a,,,5.0,254,155,0.0,543,224,0.0,507,207,0,0,0,0,0,44,136,0.0,0.0,0.0,0.0,0.0,507,207,,,456,176,464,185,407,147,472,183,,,,,,,,0.0,0.0,0.0,0.0,0.0,0.0,0.0,0.0,0.0,2,0,0.0,0.0,0.0,0.0,0.0,0.0,0.0,0.0,0.0,0.0,0.0,0.0,0.0,0.0,56.0,188.0,0.0,0.0,0.0,0.0,0.0,0.0,0.0,0.0,0.0,0.0,0.0,0.0,0.0
105,Jaidon,Anthony,Anthony,a,,,6.0,82,52,0.2,362,137,1.5,199,93,2,0,0,0,0,488,805,0.2,0.5,1.5,1.5,1.5,215,103,,,160,58,21,16,192,98,84,44,,,,,,,,0.15,0.44,0.59,0.21,0.0,1.08,0.0,1.08,9.76,2,2,60.0,0.0,0.0,1.0,0.0,0.0,0.0,0.0,1.0,0.0,0.0,1.0,0.0,4.0,817.0,1207.0,0.0,0.11000000000000001,0.06,0.17000000000000004,0.09,0.0,0.0,0.0,0.0,0.0,0.0,1.0,1.0
106,Igor Thiago,Nascimento Rodrigues,Thiago,a,,,8.0,10,3,15.8,27,5,1.0,261,33,2,0,0,0,0,14781,72720,0.1,0.2,1.0,1.0,1.0,335,41,,,250,20,153,19,102,21,221,21,,,1.0,,,,,0.91,0.05,0.96,1.01,0.0,0.52,0.52,1.05,4.71,2,2,90.0,0.0,0.0,0.0,1.0,0.0,0.0,0.0,0.0,0.0,0.0,1.0,0.0,2.0,26528.0,99188.0,0.0,0.73,0.009999999999999995,0.74,1.43,0.0,0.0,0.0,0.0,1.0,0.0,3.0,4.0
107,Kaye,Furo,Furo,a,,,4.5,528,70,0.9,198,31,0.0,475,49,0,0,0,0,0,5084,2777,0.0,0.0,0.0,0.0,0.0,475,49,,,416,32,422,39,362,38,432,41,,,,,,,,0.0,0.0,0.0,0.0,0.0,0.0,0.0,0.0,0.0,2,0,0.0,0.0,0.0,0.0,0.0,0.0,0.0,0.0,0.0,0.0,0.0,0.0,0.0,0.0,6271.0,3984.0,0.0,0.0,0.0,0.0,0.0,0.0,0.0,0.0,0.0,0.0,0.0,0.0,0.0
108,Callum,Wilson,Wilson,a,,,5.5,117,29,0.4,280,47,1.0,242,26,1,0,0,0,0,1373,1677,0.2,0.4,1.0,1.0,1.0,296,31,,,248,19,122,15,125,23,192,19,,,,,,,,0.7,0.4,1.1,0.7,0.0,0.0,0.0,0.0,10.0,2,1,2.0,0.0,0.0,0.0,0.0,0.0,0.0,0.0,0.0,0.0,0.0,0.0,0.0,3.0,2025.0,2356.0,0.0,0.04000000000000001,0.0,0.039999999999999994,0.0,0.0,0.0,0.0,0.0,0.0,0.0,1.0,1.0
565,Mamadou,Sangaré,M.Sangaré,a,,,5.6,115,74,10.1,40,16,9.0,7,4,4,0,0,1,-1,87661,21333,1.6,3.2,9.0,9.0,9.0,12,6,,,50,21,56,37,44,23,39,23,,,,,,,,0.16,0.2,0.36,1.04,0.0,0.55,0.55,1.09,15.27,2,4,90.0,0.0,0.0,0.0,1.0,0.0,0.0,0.0,0.0,0.0,0.0,1.0,0.0,17.0,165900.0,26174.0,0.0,0.24,0.02999999999999997,0.27,1.43,0.0,0.0,0.0,0.0,4.0,6.0,5.0,15.0
620,El Hadji Malick,Diouf,Diouf,a,,,4.5,535,147,0.1,490,171,0.0,480,178,0,0,0,0,0,4006,872,0.0,0.0,1.7,1.7,0.0,480,178,,,421,172,427,173,368,156,437,172,,,,,,,,0.0,0.0,0.0,0.0,0.0,0.0,0.0,0.0,0.0,2,0,0.0,0.0,0.0,0.0,0.0,0.0,0.0,0.0,0.0,0.0,0.0,0.0,0.0,0.0,4606.0,909.0,0.0,0.0,0.0,0.0,0.0,0.0,0.0,0.0,0.0,0.0,0.0,0.0,0.0
109,Bart,Verbruggen,Verbruggen,a,,,4.5,488,43,21.5,14,3,3.0,93,7,0,0,0,0,0,49083,26072,0.7,1.3,3.0,3.0,3.0,104,8,,,195,20,387,43,325,43,244,20,,,,,,,,0.0,0.0,0.0,1.63,0.5,0.5,2.0,1.0,0.0,2,0,90.0,0.0,0.0,0.0,4.0,0.0,0.0,0.0,0.0,0.0,1.0,1.0,0.0,-1.0,61698.0,34694.0,0.0,0.0,0.0,0.0,2.9699999999999998,0.0,0.0,0.0,0.0,0.0,0.0,14.0,0.0
111,Jason,Steele,Steele,a,,,4.0,550,51,4.0,87,13,0.0,351,24,0,0,0,0,0,8436,4960,0.0,0.0,0.0,0.0,0.0,351,24,,,282,23,279,3,197,3,298,23,,,,,,,,0.0,0.0,0.0,0.0,0.0,0.0,0.0,0.0,0.0,2,0,0.0,0.0,0.0,0.0,0.0,0.0,0.0,0.0,0.0,0.0,0.0,0.0,0.0,0.0,10167.0,7269.0,0.0,0.0,0.0,0.0,0.0,0.0,0.0,0.0,0.0,0.0,0.0,0.0,0.0
113,Ferdi,Kadıoğlu,F.Kadıoğlu,a,,,4.4,546,151,2.2,125,51,0.0,404,152,0,-1,1,-1,1,3016,6885,0.0,0.0,0.0,0.0,0.0,404,152,100.0,100.0,337,139,338,142,261,112,354,140,3.0,,,,,,,0.04,0.01,0.05,2.97,0.0,0.0,4.0,1.0,0.0,2,0,90.0,0.0,0.0,0.0,4.0,0.0,0.0,0.0,0.0,0.0,0.0,1.0,0.0,-4.0,3370.0,12443.0,0.0,0.04,0.01,0.05,2.97,0.0,0.0,0.0,0.0,0.0,0.0,2.0,0.0
114,Olivier,Boscagli,Boscagli,a,,,4.5,440,100,0.3,302,113,2.5,121,43,-1,0,0,0,0,1892,854,0.6,1.1,2.5,2.5,2.5,130,46,,,112,51,130,39,114,33,133,51,,,,,,,,0.02,0.08,0.1,1.63,0.0,0.5,2.0,1.0,4.5,2,-1,90.0,0.0,0.0,0.0,4.0,0.0,0.0,0.0,1.0,0.0,0.0,1.0,0.0,-2.0,2714.0,1143.0,0.0,0.05,0.13,0.18,2.9699999999999998,0.0,0.0,0.0,0.0,0.0,3.0,2.0,3.0
115,Maxim,De Cuyper,De Cuyper,a,,,4.6,403,79,10.8,35,12,8.5,10,4,0,0,0,1,-1,184427,16825,1.8,3.7,8.5,8.5,8.5,16,7,,,26,9,10,2,11,2,4,1,2.0,4.0,,,,,,0.81,0.14,0.95,1.76,0.0,0.54,2.16,1.08,3.23,2,0,90.0,0.0,0.0,0.0,4.0,0.0,0.0,0.0,0.0,0.0,0.0,1.0,0.0,-2.0,252134.0,20643.0,0.0,0.030000000000000027,0.05000000000000002,0.08000000000000007,2.9699999999999998,0.0,0.0,0.0,0.0,0.0,2.0,3.0,2.0
116,Lewis,Dunk,Dunk,a,,,4.5,410,82,1.2,174,72,2.5,118,40,-1,0,0,0,0,5455,2523,0.6,1.1,2.5,2.5,2.5,127,43,,,132,61,134,40,268,115,175,66,,3.0,,,,,,0.0,0.02,0.02,1.63,0.0,0.5,2.0,1.0,2.5,2,-1,90.0,0.0,0.0,0.0,4.0,0.0,0.0,0.0,1.0,0.0,0.0,1.0,0.0,-4.0,7664.0,3513.0,0.0,0.0,0.010000000000000002,0.010000000000000002,2.9699999999999998,0.0,0.0,0.0,0.0,1.0,2.0,4.0,3.0
117,Diego,Coppola,Coppola,a,,,4.5,510,139,0.0,557,192,0.0,462,174,0,0,0,0,0,63,67,0.0,0.0,0.0,0.0,0.0,462,174,,,402,168,409,169,347,151,418,168,,,,,,,,0.0,0.0,0.0,0.0,0.0,0.0,0.0,0.0,0.0,2,0,0.0,0.0,0.0,0.0,0.0,0.0,0.0,0.0,0.0,0.0,0.0,0.0,0.0,0.0,97.0,101.0,0.0,0.0,0.0,0.0,0.0,0.0,0.0,0.0,0.0,0.0,0.0,0.0,0.0
118,Igor Julio,dos Santos de Paulo,Igor,a,,,4.5,448,106,0.1,442,155,0.0,426,159,0,0,0,0,0,167,218,0.0,0.0,0.0,0.0,0.0,426,159,,,362,149,366,153,295,128,379,150,,,,,,,,0.0,0.0,0.0,0.0,0.0,0.0,0.0,0.0,0.0,2,0,0.0,0.0,0.0,0.0,0.0,0.0,0.0,0.0,0.0,0.0,0.0,0.0,0.0,0.0,212.0,350.0,0.0,0.0,0.0,0.0,0.0,0.0,0.0,0.0,0.0,0.0,0.0,0.0,0.0
119,João Pedro,Loureiro da Costa,Costinha,a,,,4.5,473,125,0.0,518,180,0.5,276,98,0,0,0,0,0,80,109,0.1,0.2,0.5,0.5,0.5,338,111,,,177,77,188,57,50,14,139,55,,,,,,,,0.3,0.0,0.3,0.35,0.0,0.0,0.0,0.0,10.0,2,0,10.0,0.0,0.0,0.0,0.0,0.0,0.0,0.0,1.0,0.0,0.0,0.0,0.0,-1.0,111.0,154.0,0.0,0.0,0.0,0.0,0.04000000000000001,0.0,0.0,0.0,0.0,0.0,0.0,0.0,0.0
120,Michael,Svoboda,Svoboda,a,,,5.0,312,57,0.1,487,170,0.0,534,192,0,0,0,0,0,226,221,0.0,0.0,0.0,0.0,0.0,534,192,,,491,192,501,192,454,180,507,192,,,,,,,,0.0,0.0,0.0,0.0,0.0,0.0,0.0,0.0,0.0,2,0,0.0,0.0,0.0,0.0,0.0,0.0,0.0,0.0,0.0,0.0,0.0,0.0,0.0,0.0,265.0,305.0,0.0,0.0,0.0,0.0,0.0,0.0,0.0,0.0,0.0,0.0,0.0,0.0,0.0
121,Mitoma,Kaoru,Mitoma,i,Hamstring injury - Unknown return date,,6.0,84,54,0.0,509,210,0.0,604,263,0,0,0,0,0,51,330,0.0,0.0,0.0,0.0,0.0,604,263,0.0,0.0,598,260,601,262,594,255,601,262,,,,,,,,0.0,0.0,0.0,0.0,0.0,0.0,0.0,0.0,0.0,2,0,0.0,0.0,0.0,0.0,0.0,0.0,0.0,0.0,0.0,0.0,0.0,0.0,0.0,0.0,61.0,459.0,0.0,0.0,0.0,0.0,0.0,0.0,0.0,0.0,0.0,0.0,0.0,0.0,0.0
122,Yankuba,Minteh,Minteh,i,Leg injury - Expected back 28 Nov,,5.9,109,70,0.1,479,197,0.0,598,259,0,-1,1,-1,1,30,670,0.0,0.0,0.0,0.0,0.0,598,259,0.0,0.0,584,252,592,257,583,249,594,257,5.0,,,,,,,0.0,0.0,0.0,0.0,0.0,0.0,0.0,0.0,0.0,2,0,0.0,0.0,0.0,0.0,0.0,0.0,0.0,0.0,0.0,0.0,0.0,0.0,0.0,0.0,37.0,1013.0,0.0,0.0,0.0,0.0,0.0,0.0,0.0,0.0,0.0,0.0,0.0,0.0,0.0
123,Jack,Hinshelwood,Hinshelwood,d,Unspecified injury - 50% chance of playing,,6.0,97,63,1.9,131,39,8.0,16,9,0,0,0,0,0,3632,34929,1.3,2.7,4.0,2.0,16.0,1,1,50.0,25.0,1,1,96,60,3,2,2,2,,,,,,,,2.01,0.03,2.04,0.27,0.0,1.43,0.0,1.43,4.29,2,0,0.0,0.0,0.0,0.0,0.0,0.0,0.0,0.0,0.0,0.0,0.0,0.0,0.0,0.0,6593.0,53274.0,0.0,0.0,0.0,0.0,0.0,0.0,0.0,0.0,0.0,0.0,0.0,0.0,0.0
124,Pascal,Groß,Groß,a,,,5.5,116,75,12.8,31,11,7.5,18,10,13,0,0,0,0,33725,23904,1.4,2.7,7.5,7.5,7.5,23,12,,,79,26,2,1,95,46,26,17,1.0,1.0,1.0,,,,,0.02,0.2,0.22,1.63,0.0,0.5,2.0,1.0,5.5,2,13,90.0,1.0,1.0,0.0,4.0,0.0,0.0,0.0,0.0,0.0,0.0,1.0,3.0,46.0,37815.0,43215.0,0.0,0.04,0.13,0.16999999999999998,2.9699999999999998,0.0,0.0,0.0,0.0,1.0,2.0,3.0,6.0
125,Georginio,Rutter,Georginio,d,Unspecified injury - 75% chance of playing,,5.5,175,40,0.9,199,32,2.5,131,15,0,0,0,0,0,2112,6869,0.5,0.9,1.9,1.9,5.0,61,5,75.0,75.0,86,8,113,14,69,14,87,12,,,,,,,,0.08,0.44,0.52,0.29,0.0,1.0,0.0,1.0,7.0,2,0,0.0,0.0,0.0,0.0,0.0,0.0,0.0,0.0,0.0,0.0,0.0,0.0,0.0,0.0,3094.0,10754.0,0.0,0.0,0.0,0.0,0.0,0.0,0.0,0.0,0.0,0.0,0.0,0.0,0.0
126,Matt,O'Riley,O'Riley,a,,,5.5,147,90,0.1,414,163,0.0,582,247,0,0,0,0,0,299,462,0.0,0.0,0.0,0.0,0.0,582,247,,,554,232,569,241,545,224,569,239,,,3.0,,,,,0.0,0.0,0.0,0.0,0.0,0.0,0.0,0.0,0.0,2,0,0.0,0.0,0.0,0.0,0.0,0.0,0.0,0.0,0.0,0.0,0.0,0.0,0.0,0.0,387.0,635.0,0.0,0.0,0.0,0.0,0.0,0.0,0.0,0.0,0.0,0.0,0.0,0.0,0.0
127,Diego,Gómez Amarilla,Gomez,a,,,5.0,355,207,3.9,89,29,5.5,42,21,5,0,0,0,0,19841,8704,1.1,2.2,5.5,5.5,5.5,53,26,,,43,19,47,31,12,7,13,10,,5.0,,,,,,0.29,0.34,0.63,1.68,0.0,0.51,2.06,1.03,5.66,2,5,90.0,0.0,1.0,0.0,4.0,0.0,0.0,0.0,0.0,0.0,0.0,1.0,0.0,15.0,25601.0,11751.0,0.0,0.38999999999999996,0.19000000000000006,0.58,2.9699999999999998,0.0,0.0,0.0,0.0,2.0,1.0,2.0,5.0
128,Facundo,Buonanotte,Buonanotte,u,Has joined Elche on loan for the rest of the season,,5.0,365,215,0.0,611,266,0.0,555,231,0,0,0,0,0,0,34,0.0,0.0,0.0,0.0,0.0,555,231,0.0,0.0,517,210,530,219,488,187,533,217,,,,,,,,0.0,0.0,0.0,0.0,0.0,0.0,0.0,0.0,0.0,2,0,0.0,0.0,0.0,0.0,0.0,0.0,0.0,0.0,0.0,0.0,0.0,0.0,0.0,0.0,0.0,51.0,0.0,0.0,0.0,0.0,0.0,0.0,0.0,0.0,0.0,0.0,0.0,0.0,0.0
129,Yasin,Ayari,Ayari,a,,,5.5,195,122,0.6,239,80,1.0,250,119,0,0,0,0,0,1205,3314,0.2,0.4,1.0,1.0,2.0,177,88,,,571,244,81,51,121,62,201,89,4.0,2.0,,,,,,0.16,0.04,0.2,0.27,0.0,1.43,0.0,1.43,5.71,2,0,0.0,0.0,0.0,0.0,0.0,0.0,0.0,0.0,0.0,0.0,0.0,0.0,0.0,0.0,1758.0,4678.0,0.0,0.0,0.0,0.0,0.0,0.0,0.0,0.0,0.0,0.0,0.0,0.0,0.0
130,Mats,Wieffer,Wieffer,a,,,5.0,320,60,0.5,262,97,3.5,86,33,0,0,0,0,0,4458,1693,0.7,1.4,3.5,3.5,3.5,97,35,,,104,44,40,13,116,35,80,28,,,,,,,,0.06,0.08,0.14,1.86,0.0,0.58,2.31,1.15,8.08,2,0,79.0,0.0,0.0,0.0,4.0,0.0,0.0,0.0,0.0,0.0,0.0,1.0,0.0,8.0,6074.0,2199.0,0.0,0.020000000000000004,0.08,0.09999999999999998,2.93,0.0,0.0,0.0,0.0,0.0,6.0,4.0,6.0
132,Harry,Howell,Howell,u,Has joined Leicester City on loan for the rest of the season,,4.5,530,266,0.0,494,202,0.0,477,189,0,0,0,0,0,0,346,0.0,0.0,0.0,0.0,0.0,477,189,0.0,0.0,418,154,424,164,364,122,434,161,,,,,,,,0.0,0.0,0.0,0.0,0.0,0.0,0.0,0.0,0.0,2,0,0.0,0.0,0.0,0.0,0.0,0.0,0.0,0.0,0.0,0.0,0.0,0.0,0.0,0.0,0.0,470.0,0.0,0.0,0.0,0.0,0.0,0.0,0.0,0.0,0.0,0.0,0.0,0.0,0.0
133,Tom,Watson,Watson,u,Has joined Leicester City on loan for the rest of the season,,5.0,370,220,0.0,618,271,0.0,558,234,0,0,0,0,0,0,13,0.0,0.0,0.0,0.0,0.0,558,234,0.0,0.0,520,213,533,222,492,191,536,220,,,,,,,,0.0,0.0,0.0,0.0,0.0,0.0,0.0,0.0,0.0,2,0,0.0,0.0,0.0,0.0,0.0,0.0,0.0,0.0,0.0,0.0,0.0,0.0,0.0,0.0,0.0,21.0,0.0,0.0,0.0,0.0,0.0,0.0,0.0,0.0,0.0,0.0,0.0,0.0,0.0
134,Nehemiah,Oriola,Oriola,a,,,4.5,514,260,0.3,306,106,0.0,465,184,0,0,0,0,0,795,815,0.0,0.0,0.0,0.0,0.0,465,184,,,405,149,412,159,350,117,421,156,,,,,,,,0.0,0.0,0.0,0.0,0.0,0.0,0.0,0.0,0.0,2,0,0.0,0.0,0.0,0.0,0.0,0.0,0.0,0.0,0.0,0.0,0.0,0.0,0.0,0.0,1006.0,1237.0,0.0,0.0,0.0,0.0,0.0,0.0,0.0,0.0,0.0,0.0,0.0,0.0,0.0
135,Zadok,Yohanna,Yohanna,a,,,5.0,398,239,0.1,467,189,0.5,313,147,0,0,0,0,0,124,363,0.1,0.2,0.5,0.5,1.0,292,137,,,278,133,210,119,514,207,284,135,,,,,,,,0.0,0.22,0.22,0.0,0.0,0.0,0.0,0.0,0.0,2,0,0.0,0.0,0.0,0.0,0.0,0.0,0.0,0.0,0.0,0.0,0.0,0.0,0.0,0.0,162.0,535.0,0.0,0.0,0.0,0.0,0.0,0.0,0.0,0.0,0.0,0.0,0.0,0.0,0.0
137,Stefanos,Tzimas,Tzimas,i,Knee injury - Unknown return date,,5.5,215,45,0.0,597,72,0.0,595,66,0,0,0,0,0,17,61,0.0,0.0,0.0,0.0,0.0,595,66,0.0,0.0,577,55,587,61,578,61,589,62,,,,,,,,0.0,0.0,0.0,0.0,0.0,0.0,0.0,0.0,0.0,2,0,0.0,0.0,0.0,0.0,0.0,0.0,0.0,0.0,0.0,0.0,0.0,0.0,0.0,0.0,24.0,90.0,0.0,0.0,0.0,0.0,0.0,0.0,0.0,0.0,0.0,0.0,0.0,0.0,0.0
138,Charalampos,Kostoulas,Kostoulas,a,,,5.5,217,46,0.2,317,53,3.0,109,13,5,0,0,0,0,2620,771,0.5,1.1,3.0,3.0,3.0,119,18,,,579,56,255,29,88,17,237,23,,,,,,,,0.3,0.02,0.32,2.6,0.0,0.0,3.43,0.86,6.86,2,5,79.0,0.0,1.0,0.0,4.0,0.0,0.0,0.0,0.0,0.0,0.0,1.0,0.0,17.0,3022.0,1137.0,0.0,0.16999999999999998,0.02,0.19,2.9299999999999997,0.0,0.0,0.0,0.0,0.0,0.0,6.0,6.0
139,Evan,Ferguson,Ferguson,i,Ankle injury - Expected back 10 Oct,,5.0,330,55,0.0,529,69,0.0,540,56,0,0,0,0,0,190,230,0.0,0.0,0.0,0.0,0.0,540,56,0.0,0.0,499,39,511,47,467,46,515,48,,,,,,,,0.0,0.0,0.0,0.0,0.0,0.0,0.0,0.0,0.0,2,0,0.0,0.0,0.0,0.0,0.0,0.0,0.0,0.0,0.0,0.0,0.0,0.0,0.0,0.0,220.0,283.0,0.0,0.0,0.0,0.0,0.0,0.0,0.0,0.0,0.0,0.0,0.0,0.0,0.0
328,Pascal,Struijk,Struijk,a,,,5.0,281,49,0.2,327,122,0.0,515,187,0,0,0,0,0,412,805,0.0,0.0,0.0,0.0,0.0,515,187,100.0,100.0,469,187,478,187,426,173,485,187,,,,,,,,0.0,0.0,0.0,0.0,0.0,0.0,0.0,0.0,0.0,2,0,0.0,0.0,0.0,0.0,0.0,0.0,0.0,0.0,0.0,0.0,0.0,0.0,0.0,0.0,516.0,1235.0,0.0,0.0,0.0,0.0,0.0,0.0,0.0,0.0,0.0,0.0,0.0,0.0,0.0
504,Luka,Vušković,Vuskovic,a,,,5.0,385,75,2.5,116,46,3.0,101,38,0,0,0,0,0,6778,6287,0.6,1.2,3.0,3.0,3.0,112,41,,,141,66,149,44,78,22,137,54,,,,,,,,0.08,0.02,0.1,1.63,0.0,0.5,2.0,1.0,6.0,2,0,90.0,0.0,0.0,0.0,4.0,0.0,0.0,0.0,0.0,0.0,0.0,1.0,0.0,-2.0,8736.0,8327.0,0.0,0.03,0.010000000000000002,0.04000000000000001,2.9699999999999998,0.0,0.0,0.0,0.0,1.0,7.0,3.0,8.0
594,Promise,David,David,a,,,6.0,98,24,0.3,313,52,0.5,340,40,1,0,0,0,0,1068,1383,0.1,0.2,0.5,0.5,1.0,325,38,,,604,66,607,67,602,67,607,67,,,2.0,,,,,0.0,0.0,0.0,0.36,0.0,0.0,0.0,0.0,0.0,2,1,10.0,0.0,0.0,0.0,0.0,0.0,0.0,0.0,0.0,0.0,0.0,0.0,0.0,3.0,1306.0,2207.0,0.0,0.0,0.0,0.0,0.04,0.0,0.0,0.0,0.0,0.0,0.0,0.0,0.0
600,Ibrahim,Osman,Osman,a,,,5.0,386,231,0.0,566,235,1.0,240,112,1,0,0,0,0,72,55,0.2,0.4,1.0,1.0,1.0,287,132,,,221,95,78,49,136,68,157,71,,,,,,,,0.0,0.19,0.19,0.32,0.0,0.0,3.21,0.0,9.64,2,1,16.0,0.0,0.0,0.0,1.0,0.0,0.0,0.0,0.0,0.0,0.0,0.0,0.0,6.0,89.0,74.0,0.0,0.0,0.009999999999999995,0.009999999999999995,0.1,0.0,0.0,0.0,0.0,1.0,0.0,0.0,1.0
605,Malick,Yalcouyé,Yalcouyé,a,,,4.5,533,267,0.3,308,108,4.5,60,30,8,0,0,0,0,17979,1635,1.0,2.0,4.5,4.5,4.5,70,34,,,269,126,167,98,366,123,275,129,,,,,,,,0.92,0.21,1.13,3.35,0.0,0.0,3.51,1.17,8.18,2,8,73.0,1.0,0.0,0.0,3.0,0.0,0.0,0.0,0.0,0.0,0.0,1.0,1.0,39.0,18612.0,1784.0,0.0,0.79,0.16999999999999998,0.96,2.87,0.0,0.0,0.0,0.0,3.0,2.0,2.0,7.0
614,Jaouen,Hadjam,Hadjam,a,,,4.5,499,135,0.0,534,187,0.0,451,170,0,0,0,0,0,771,125,0.0,0.0,1.7,1.7,0.0,451,170,,,391,164,398,165,336,147,407,164,,,,,,,,0.0,0.0,0.0,0.0,0.0,0.0,0.0,0.0,0.0,2,0,0.0,0.0,0.0,0.0,0.0,0.0,0.0,0.0,0.0,0.0,0.0,0.0,0.0,0.0,1062.0,149.0,0.0,0.0,0.0,0.0,0.0,0.0,0.0,0.0,0.0,0.0,0.0,0.0,0.0
28,Emiliano,Martínez Romero,Martinez,a,,,5.0,233,7,4.3,81,11,1.0,225,18,2,0,0,0,0,14151,7021,0.2,0.4,1.0,1.0,2.0,157,12,,,439,62,446,51,387,51,455,62,,,,,,,,0.0,0.01,0.01,1.49,4.0,0.0,3.0,1.0,0.0,2,2,90.0,0.0,0.0,0.0,3.0,0.0,0.0,0.0,0.0,0.0,4.0,1.0,0.0,18.0,32796.0,23321.0,0.0,0.0,0.01,0.01,1.49,0.0,0.0,0.0,0.0,0.0,1.0,13.0,0.0
40,Morgan,Rogers,Rogers,a,,,7.5,17,10,26.1,10,4,6.5,27,16,5,0,0,0,0,71809,55823,0.9,1.7,6.5,6.5,6.5,33,19,,,8,6,4,3,30,16,3,3,4.0,,,,,,,0.6,0.58,1.18,1.44,0.0,0.0,2.63,1.05,6.32,2,5,90.0,0.0,1.0,0.0,3.0,0.0,0.0,0.0,0.0,0.0,0.0,1.0,0.0,28.0,114730.0,69732.0,0.0,0.17999999999999994,1.0,1.1800000000000002,1.49,0.0,0.0,0.0,0.0,1.0,1.0,3.0,5.0
101,Jordan,Henderson,Henderson,d,Wrist injury - 75% chance of playing,,5.0,227,141,0.0,515,215,0.0,493,199,0,0,0,0,0,83,236,0.0,0.0,0.0,0.0,0.0,493,199,75.0,75.0,436,165,442,175,383,134,452,172,,,,,,,,0.0,0.0,0.0,0.0,0.0,0.0,0.0,0.0,0.0,2,0,0.0,0.0,0.0,0.0,0.0,0.0,0.0,0.0,0.0,0.0,0.0,0.0,0.0,0.0,94.0,312.0,0.0,0.0,0.0,0.0,0.0,0.0,0.0,0.0,0.0,0.0,0.0,0.0,0.0
136,Danny,Welbeck,Welbeck,a,,,6.0,57,13,1.0,194,30,0.0,600,68,0,0,0,0,0,2855,6273,0.0,0.0,0.0,0.0,0.0,600,68,100.0,100.0,588,59,595,63,586,63,597,64,,,,,,,,0.0,0.0,0.0,0.0,0.0,0.0,0.0,0.0,0.0,2,0,0.0,0.0,0.0,0.0,0.0,0.0,0.0,0.0,0.0,0.0,0.0,0.0,0.0,0.0,4218.0,8662.0,0.0,0.0,0.0,0.0,0.0,0.0,0.0,0.0,0.0,0.0,0.0,0.0,0.0
140,Robert,Lynch Sánchez,Sánchez,a,,,5.0,270,12,2.0,129,19,1.0,228,19,0,0,0,0,0,1146,18162,0.2,0.4,1.0,1.0,2.0,161,13,,,78,11,471,56,417,56,170,11,,,,,,,,0.0,0.01,0.01,1.33,4.0,0.0,2.0,1.0,0.0,2,0,0.0,0.0,0.0,0.0,0.0,0.0,0.0,0.0,0.0,0.0,0.0,0.0,0.0,0.0,2137.0,27399.0,0.0,0.0,0.0,0.0,0.0,0.0,0.0,0.0,0.0,0.0,0.0,0.0,0.0
141,Filip,Jörgensen,Jörgensen,u,Has joined RC Strasbourg on loan for the rest of the season,,5.0,352,21,0.0,581,68,0.0,551,69,0,0,0,0,0,0,93,0.0,0.0,0.0,0.0,0.0,551,69,0.0,0.0,513,69,526,65,483,65,529,69,,,,,,,,0.0,0.0,0.0,0.0,0.0,0.0,0.0,0.0,0.0,2,0,0.0,0.0,0.0,0.0,0.0,0.0,0.0,0.0,0.0,0.0,0.0,0.0,0.0,0.0,0.0,116.0,0.0,0.0,0.0,0.0,0.0,0.0,0.0,0.0,0.0,0.0,0.0,0.0,0.0
142,Reece,James,James,a,,,5.5,149,18,9.6,41,14,0.5,320,113,1,0,0,0,0,11910,44699,0.1,0.2,0.5,0.5,0.5,344,115,,,72,32,71,23,48,13,54,15,1.0,1.0,,,,,,0.08,0.06,0.14,1.18,0.0,0.0,2.41,0.8,4.82,2,1,22.0,0.0,0.0,0.0,1.0,0.0,0.0,0.0,0.0,0.0,0.0,0.0,0.0,-1.0,20634.0,57641.0,0.0,0.0,0.0,0.0,0.1399999999999999,0.0,0.0,0.0,0.0,0.0,0.0,1.0,0.0
143,Trevoh,Chalobah,Chalobah,u,Has joined Como permanently,,5.5,130,14,0.1,403,143,0.0,576,201,0,0,0,0,0,0,1342,0.0,0.0,0.0,0.0,0.0,576,201,0.0,0.0,545,202,560,202,532,195,561,202,,,,,,,,0.0,0.0,0.0,0.0,0.0,0.0,0.0,0.0,0.0,2,0,0.0,0.0,0.0,0.0,0.0,0.0,0.0,0.0,0.0,0.0,0.0,0.0,0.0,0.0,0.0,1959.0,0.0,0.0,0.0,0.0,0.0,0.0,0.0,0.0,0.0,0.0,0.0,0.0,0.0
144,Malo,Gusto,Gusto,a,,,5.0,326,62,1.2,173,71,1.0,235,83,1,0,0,0,0,3633,4484,0.2,0.4,1.0,1.0,1.0,272,103,,,185,82,125,38,117,36,162,63,,,,,,,,0.0,0.02,0.02,1.42,0.0,0.0,2.73,1.09,4.36,2,1,90.0,0.0,0.0,0.0,3.0,0.0,0.0,0.0,0.0,0.0,0.0,1.0,0.0,-1.0,5719.0,6058.0,0.0,0.0,0.010000000000000002,0.010000000000000002,1.49,0.0,0.0,0.0,0.0,1.0,4.0,3.0,5.0
145,Wesley,Fofana,Fofana,a,,,5.0,306,55,0.0,492,173,0.0,529,190,0,0,0,0,0,872,278,0.0,0.0,0.0,0.0,0.0,529,190,100.0,100.0,485,190,495,190,448,178,501,190,,,,,,,,0.0,0.01,0.01,1.81,0.0,0.0,2.69,1.34,12.09,2,0,67.0,0.0,0.0,0.0,2.0,0.0,0.0,0.0,1.0,0.0,0.0,1.0,0.0,-2.0,1009.0,311.0,0.0,0.0,0.01,0.01,1.35,0.0,0.0,0.0,0.0,0.0,9.0,0.0,9.0
146,Benoît,Badiashile Mukinayi,B.Badiashile,u,Has joined Napoli on loan for the rest of the season,,4.5,460,115,0.0,558,193,0.0,430,161,0,0,0,0,0,0,286,0.0,0.0,0.0,0.0,0.0,430,161,0.0,0.0,368,153,373,157,304,134,385,154,,,,,,,,0.0,0.0,0.0,0.0,0.0,0.0,0.0,0.0,0.0,2,0,0.0,0.0,0.0,0.0,0.0,0.0,0.0,0.0,0.0,0.0,0.0,0.0,0.0,0.0,0.0,399.0,0.0,0.0,0.0,0.0,0.0,0.0,0.0,0.0,0.0,0.0,0.0,0.0,0.0
147,Tosin,Adarabioyo,Tosin,a,,,4.5,418,86,0.2,350,131,0.0,411,154,0,0,0,0,0,70,572,0.0,0.0,0.0,0.0,0.0,411,154,,,344,141,347,144,274,117,361,142,,,,,,,,0.0,0.0,0.0,0.0,0.0,0.0,0.0,0.0,0.0,2,0,0.0,0.0,0.0,0.0,0.0,0.0,0.0,0.0,0.0,0.0,0.0,0.0,0.0,0.0,95.0,929.0,0.0,0.0,0.0,0.0,0.0,0.0,0.0,0.0,0.0,0.0,0.0,0.0,0.0
148,Jorrel,Hato,Hato,a,,,4.5,511,140,0.5,258,96,2.5,123,44,4,0,0,0,0,5282,1798,0.6,1.1,2.5,2.5,2.5,132,47,,,175,76,101,30,82,26,125,47,,,,,,,,0.01,0.11,0.12,1.48,0.0,0.0,2.92,1.17,5.26,2,4,90.0,0.0,1.0,0.0,3.0,0.0,0.0,0.0,0.0,0.0,0.0,1.0,0.0,12.0,5977.0,2445.0,0.0,0.0,0.16,0.16,1.49,0.0,0.0,0.0,0.0,2.0,4.0,3.0,6.0
149,Levi,Samuels Colwill,Colwill,a,,,5.0,313,58,1.5,159,63,0.5,295,108,1,0,0,0,0,2943,7092,0.1,0.2,0.5,0.5,0.5,340,112,,,201,88,195,60,105,31,208,81,,,,,,,,0.01,0.02,0.03,1.52,0.0,0.0,2.24,1.12,7.27,2,1,71.0,0.0,0.0,0.0,2.0,0.0,0.0,0.0,0.0,0.0,0.0,1.0,0.0,2.0,4147.0,9997.0,0.0,0.0,0.0,0.0,1.3900000000000001,0.0,0.0,0.0,0.0,1.0,8.0,2.0,9.0
150,Mamadou,Sarr,M.Sarr,u,Has joined Real Sociedad on loan for the rest of the season,,4.5,520,142,0.1,470,166,0.0,470,176,0,0,0,0,0,24,1355,0.0,0.0,0.0,0.0,0.0,470,176,0.0,,411,170,417,171,356,153,427,170,,,,,,,,0.0,0.0,0.0,0.0,0.0,0.0,0.0,0.0,0.0,2,0,0.0,0.0,0.0,0.0,0.0,0.0,0.0,0.0,0.0,0.0,0.0,0.0,0.0,0.0,45.0,1461.0,0.0,0.0,0.0,0.0,0.0,0.0,0.0,0.0,0.0,0.0,0.0,0.0,0.0
151,Josh,Acheampong,Acheampong,a,,,4.5,523,144,0.4,278,107,2.0,146,53,1,0,0,0,0,2161,1793,0.4,0.9,2.0,2.0,2.0,154,55,,,41,14,180,54,163,59,112,40,,,,,,,,0.0,0.01,0.01,1.18,0.0,0.0,2.41,0.8,14.46,2,1,22.0,0.0,0.0,0.0,1.0,0.0,0.0,0.0,0.0,0.0,0.0,0.0,0.0,-1.0,4214.0,2350.0,0.0,0.0,0.0,0.0,0.1399999999999999,0.0,0.0,0.0,0.0,1.0,2.0,0.0,3.0
152,Marco,Palestra,Palestra,d,Unspecified injury - 75% chance of playing,,5.4,226,34,1.9,134,53,0.0,572,200,0,-1,1,-1,1,278,22001,0.0,0.0,0.0,0.0,0.0,572,200,75.0,75.0,540,201,553,201,522,194,556,201,,,,,,,,0.0,0.0,0.0,0.0,0.0,0.0,0.0,0.0,0.0,2,0,0.0,0.0,0.0,0.0,0.0,0.0,0.0,0.0,0.0,0.0,0.0,0.0,0.0,0.0,380.0,42392.0,0.0,0.0,0.0,0.0,0.0,0.0,0.0,0.0,0.0,0.0,0.0,0.0,0.0
154,Cole,Palmer,Palmer,a,,,9.6,3,2,17.5,20,7,10.0,6,3,7,1,-1,1,-1,117844,32633,1.0,2.1,10.0,10.0,10.0,10,5,100.0,100.0,2,2,14,12,5,4,1,1,,3.0,1.0,,,,,0.49,0.19,0.68,1.43,0.0,0.0,2.62,1.05,8.9,2,7,90.0,1.0,0.0,0.0,3.0,0.0,0.0,0.0,0.0,0.0,0.0,1.0,0.0,28.0,196427.0,36964.0,0.0,0.6599999999999999,0.18,0.8400000000000001,1.49,0.0,0.0,0.0,0.0,2.0,2.0,4.0,8.0
155,Enzo,Fernández,Enzo,a,,,6.9,30,19,4.0,88,28,0.5,348,169,0,-1,1,-1,1,2444,38777,0.1,0.1,0.5,0.5,1.0,333,165,,,236,105,106,64,617,272,212,95,3.0,2.0,2.0,,,,,0.0,0.07,0.07,1.01,0.0,0.0,0.0,0.0,10.8,2,0,0.0,0.0,0.0,0.0,0.0,0.0,0.0,0.0,0.0,0.0,0.0,0.0,0.0,0.0,3182.0,58139.0,0.0,0.0,0.0,0.0,0.0,0.0,0.0,0.0,0.0,0.0,0.0,0.0,0.0
156,Pedro,Lomba Neto,Neto,a,,,6.5,38,25,1.2,177,53,4.0,83,38,7,0,0,0,0,5855,5310,0.6,1.2,4.0,4.0,4.0,94,41,,,212,88,152,90,144,73,227,102,2.0,4.0,,,,,,0.48,0.52,1.0,1.74,0.0,0.0,2.22,1.11,8.89,2,7,67.0,1.0,0.0,0.0,2.0,0.0,0.0,0.0,0.0,0.0,0.0,1.0,0.0,32.0,6319.0,9960.0,0.0,0.4,0.39999999999999997,0.8,1.35,0.0,0.0,0.0,0.0,0.0,3.0,1.0,4.0
157,Estêvão,Almeida de Oliveira Gonçalves,Estêvão,a,,,6.5,49,33,1.1,187,59,0.5,347,168,0,0,0,0,0,1422,9597,0.1,0.2,0.5,0.5,1.0,332,164,,,279,134,256,135,615,270,295,141,5.0,,3.0,,,,,0.0,0.0,0.0,1.16,0.0,0.0,0.0,0.0,12.86,2,0,0.0,0.0,0.0,0.0,0.0,0.0,0.0,0.0,0.0,0.0,0.0,0.0,0.0,0.0,2085.0,13086.0,0.0,0.0,0.0,0.0,0.0,0.0,0.0,0.0,0.0,0.0,0.0,0.0,0.0
158,Jamie,Bynoe-Gittens,Gittens,a,,,6.0,86,55,0.0,525,218,0.0,606,264,0,0,0,0,0,93,265,0.0,0.0,0.0,0.0,0.0,606,264,,,600,261,603,263,596,256,603,263,,,,,,,,0.0,0.0,0.0,0.0,0.0,0.0,0.0,0.0,0.0,2,0,0.0,0.0,0.0,0.0,0.0,0.0,0.0,0.0,0.0,0.0,0.0,0.0,0.0,0.0,121.0,382.0,0.0,0.0,0.0,0.0,0.0,0.0,0.0,0.0,0.0,0.0,0.0,0.0,0.0
159,Moisés,Caicedo Corozo,Caicedo,d,Unspecified injury - 75% chance of playing,,5.4,223,138,2.6,113,35,0.5,316,149,1,-1,1,-1,1,1415,27310,0.1,0.2,0.4,0.4,1.0,295,139,75.0,75.0,537,223,550,232,519,209,553,230,,,,,,,,0.0,0.0,0.0,0.62,0.0,0.0,0.0,0.0,0.0,2,1,13.0,0.0,0.0,0.0,0.0,0.0,0.0,0.0,0.0,0.0,0.0,0.0,0.0,3.0,1582.0,44695.0,0.0,0.0,0.0,0.0,0.09,0.0,0.0,0.0,0.0,0.0,0.0,0.0,0.0
161,Roméo,Lavia,Lavia,a,,,5.0,356,208,0.1,434,174,4.0,80,36,7,0,0,0,0,2251,407,0.8,1.6,4.0,4.0,4.0,88,39,,,130,43,55,36,24,11,44,26,,,,,,,,0.52,0.02,0.54,1.65,0.0,0.0,2.75,1.37,10.31,2,7,67.0,1.0,0.0,0.0,2.0,0.0,0.0,0.0,0.0,0.0,0.0,1.0,0.0,30.0,2459.0,523.0,0.0,0.54,0.0,0.54,1.3499999999999999,0.0,0.0,0.0,0.0,0.0,3.0,3.0,6.0
163,Dário,Luís Essugo,D.Essugo,a,,,4.5,490,253,0.2,349,129,0.0,442,177,0,0,0,0,0,514,781,0.0,0.0,0.0,0.0,0.0,442,177,,,382,142,389,152,327,110,398,149,,,,,,,,0.0,0.0,0.0,0.0,0.0,0.0,0.0,0.0,0.0,2,0,0.0,0.0,0.0,0.0,0.0,0.0,0.0,0.0,0.0,0.0,0.0,0.0,0.0,0.0,623.0,1158.0,0.0,0.0,0.0,0.0,0.0,0.0,0.0,0.0,0.0,0.0,0.0,0.0,0.0
164,Geovany,Quenda,Quenda,a,,,5.5,214,135,0.0,504,209,0.5,331,156,0,0,0,0,0,74,322,0.1,0.2,0.5,0.5,1.0,314,151,100.0,100.0,264,122,265,140,181,91,270,126,,,,,,,,0.0,0.0,0.0,1.01,0.0,0.0,0.0,0.0,11.25,2,0,0.0,0.0,0.0,0.0,0.0,0.0,0.0,0.0,0.0,0.0,0.0,0.0,0.0,0.0,97.0,447.0,0.0,0.0,0.0,0.0,0.0,0.0,0.0,0.0,0.0,0.0,0.0,0.0,0.0
165,João Pedro,Junqueira de Jesus,João Pedro,a,,,7.6,14,5,69.0,2,2,10.0,5,1,9,0,0,1,-1,105808,26003,1.3,2.6,10.0,10.0,10.0,9,1,,,5,1,53,3,19,7,11,2,,,,,,,,0.92,0.05,0.97,1.41,0.0,0.0,2.5,1.0,3.0,2,9,90.0,1.0,1.0,0.0,3.0,1.0,0.0,0.0,0.0,0.0,0.0,1.0,2.0,44.0,179765.0,29837.0,0.0,1.2200000000000002,0.04000000000000001,1.26,1.4899999999999998,0.0,0.0,0.0,0.0,1.0,0.0,2.0,3.0
168,Marc,Guiu Paz,Marc Guiu,a,,,5.0,345,56,0.4,269,46,0.0,549,57,0,0,0,0,0,927,2085,0.0,0.0,0.0,0.0,0.0,549,57,,,510,40,523,48,480,47,526,49,,,,,,,,0.0,0.0,0.0,0.0,0.0,0.0,0.0,0.0,0.0,2,0,0.0,0.0,0.0,0.0,0.0,0.0,0.0,0.0,0.0,0.0,0.0,0.0,0.0,0.0,1133.0,2992.0,0.0,0.0,0.0,0.0,0.0,0.0,0.0,0.0,0.0,0.0,0.0,0.0,0.0
169,Shumaira,Mheuka,Mheuka,a,,,4.5,517,69,0.4,286,49,0.0,467,48,0,0,0,0,0,1629,1393,0.0,0.0,0.0,0.0,0.0,467,48,,,408,31,414,38,353,37,424,40,,,,,,,,0.0,0.0,0.0,0.0,0.0,0.0,0.0,0.0,0.0,2,0,0.0,0.0,0.0,0.0,0.0,0.0,0.0,0.0,0.0,0.0,0.0,0.0,0.0,0.0,1964.0,1900.0,0.0,0.0,0.0,0.0,0.0,0.0,0.0,0.0,0.0,0.0,0.0,0.0,0.0
170,Emmanuel,Emegha,Emegha,a,,,5.0,350,57,0.1,380,55,0.0,550,58,0,0,0,0,0,592,939,0.0,0.0,0.0,0.0,0.0,550,58,100.0,100.0,512,41,525,49,482,48,528,50,,,,,,,,0.0,0.0,0.0,0.0,0.0,0.0,0.0,0.0,0.0,2,0,0.0,0.0,0.0,0.0,0.0,0.0,0.0,0.0,0.0,0.0,0.0,0.0,0.0,0.0,715.0,1246.0,0.0,0.0,0.0,0.0,0.0,0.0,0.0,0.0,0.0,0.0,0.0,0.0,0.0
200,Maxence,Lacroix,Lacroix,a,,,6.0,77,8,9.4,42,15,3.5,90,34,1,0,0,0,0,15870,27759,0.6,1.2,3.5,3.5,3.5,100,36,,,15,5,120,36,184,63,58,17,,,,,,,,0.01,0.1,0.11,1.41,0.0,0.0,2.5,1.0,10.5,2,1,90.0,0.0,0.0,0.0,3.0,0.0,0.0,0.0,0.0,0.0,0.0,1.0,0.0,-3.0,25385.0,34873.0,0.0,0.02,0.0,0.01999999999999999,1.4899999999999998,0.0,0.0,0.0,0.0,1.0,8.0,1.0,9.0
560,Mike,Penders,Penders,a,,,4.5,509,47,0.1,464,50,0.0,461,60,0,0,0,0,0,131,336,0.0,0.0,0.0,0.0,0.0,461,60,,,401,59,408,47,346,47,417,59,,,,,,,,0.0,0.0,0.0,0.0,0.0,0.0,0.0,0.0,0.0,2,0,0.0,0.0,0.0,0.0,0.0,0.0,0.0,0.0,0.0,0.0,0.0,0.0,0.0,0.0,192.0,441.0,0.0,0.0,0.0,0.0,0.0,0.0,0.0,0.0,0.0,0.0,0.0,0.0,0.0
561,Aaron,Anselmino,Anselmino,a,,,4.5,538,149,0.0,559,194,0.0,481,179,0,0,0,0,0,53,68,0.0,0.0,0.0,0.0,0.0,481,179,100.0,100.0,424,174,430,175,371,158,440,174,,,,,,,,0.0,0.0,0.0,0.0,0.0,0.0,0.0,0.0,0.0,2,0,0.0,0.0,0.0,0.0,0.0,0.0,0.0,0.0,0.0,0.0,0.0,0.0,0.0,0.0,67.0,88.0,0.0,0.0,0.0,0.0,0.0,0.0,0.0,0.0,0.0,0.0,0.0,0.0,0.0
568,Valentín,Barco,Barco,a,,,5.5,198,125,0.1,386,149,0.5,327,153,1,0,0,0,0,426,483,0.1,0.2,0.5,0.5,1.0,310,147,,,572,245,584,252,571,242,584,250,,,,,,,,0.45,0.0,0.45,0.68,0.0,0.0,11.25,0.0,11.25,2,1,8.0,0.0,0.0,0.0,1.0,0.0,0.0,0.0,0.0,0.0,0.0,0.0,0.0,1.0,616.0,762.0,0.0,0.04,0.0,0.04,0.06,0.0,0.0,0.0,0.0,0.0,1.0,0.0,1.0
578,Mykhailo,Mudryk,Mudryk,a,,,5.5,179,110,0.0,503,208,0.0,588,252,0,0,0,0,0,64,342,0.0,0.0,0.0,0.0,0.0,588,252,,,565,239,578,247,563,236,579,245,,,,,,,,0.0,0.0,0.0,0.0,0.0,0.0,0.0,0.0,0.0,2,0,0.0,0.0,0.0,0.0,0.0,0.0,0.0,0.0,0.0,0.0,0.0,0.0,0.0,0.0,84.0,464.0,0.0,0.0,0.0,0.0,0.0,0.0,0.0,0.0,0.0,0.0,0.0,0.0,0.0
583,Pep,Chavarría,Chavarria,a,,,5.0,344,69,0.2,345,130,1.0,237,84,1,0,0,0,0,236,928,0.2,0.4,1.0,1.0,1.0,276,104,,,243,96,270,99,172,61,257,95,,,,,,,,0.0,0.04,0.04,0.8,0.0,0.0,2.09,0.0,8.37,2,1,18.0,0.0,0.0,0.0,1.0,0.0,0.0,0.0,0.0,0.0,0.0,0.0,0.0,1.0,414.0,1455.0,0.0,0.0,0.02,0.02,0.09999999999999998,0.0,0.0,0.0,0.0,1.0,2.0,1.0,3.0
91,Ethan,Pinnock,Pinnock,a,,,4.5,454,111,0.1,454,161,0.5,273,95,1,0,0,0,0,194,296,0.1,0.2,0.5,0.5,1.0,240,86,,,364,150,368,154,299,131,381,151,,,,,,,,0.0,0.0,0.0,4.05,0.0,0.0,7.5,0.0,15.0,2,1,12.0,0.0,0.0,0.0,1.0,0.0,0.0,0.0,0.0,0.0,0.0,0.0,0.0,-1.0,373.0,448.0,0.0,0.0,0.0,0.0,0.54,0.0,0.0,0.0,0.0,0.0,2.0,0.0,2.0
104,Frank,Onyeka,Onyeka,a,,,5.0,298,180,0.2,371,141,1.0,232,107,0,0,0,0,0,128,855,0.2,0.4,1.0,1.0,2.0,164,77,,,232,102,194,113,441,164,255,115,,,,,,,,0.0,0.01,0.01,1.88,0.0,0.0,3.0,1.0,9.0,2,0,0.0,0.0,0.0,0.0,0.0,0.0,0.0,0.0,0.0,0.0,0.0,0.0,0.0,0.0,868.0,1163.0,0.0,0.0,0.0,0.0,0.0,0.0,0.0,0.0,0.0,0.0,0.0,0.0,0.0
110,Carl,Rushworth,Rushworth,a,,,4.5,481,40,1.2,179,27,1.5,175,12,2,0,0,0,0,699,3970,0.3,0.7,1.5,1.5,1.5,193,14,,,121,17,383,40,320,40,216,17,,,,,,,,0.0,0.0,0.0,1.3,1.5,0.0,2.0,1.0,0.0,2,2,90.0,0.0,0.0,0.0,1.0,0.0,0.0,0.0,0.0,0.0,1.0,1.0,0.0,10.0,5692.0,4892.0,0.0,0.0,0.0,0.0,0.7200000000000002,0.0,0.0,0.0,0.0,0.0,1.0,13.0,0.0
171,Oliver,Dovin,Dovin,a,,,4.0,593,66,1.5,153,22,0.0,378,39,0,0,0,0,0,1815,2092,0.0,0.0,0.0,0.0,0.0,378,39,,,310,38,310,18,231,18,327,38,,,,,,,,0.0,0.0,0.0,0.0,0.0,0.0,0.0,0.0,0.0,2,0,0.0,0.0,0.0,0.0,0.0,0.0,0.0,0.0,0.0,0.0,0.0,0.0,0.0,0.0,2395.0,3246.0,0.0,0.0,0.0,0.0,0.0,0.0,0.0,0.0,0.0,0.0,0.0,0.0,0.0
172,Ben,Wilson,Wilson,a,,,4.5,419,28,0.4,266,36,0.0,412,47,0,0,0,0,0,53,996,0.0,0.0,0.0,0.0,0.0,412,47,,,345,46,348,28,275,28,362,46,,,,,,,,0.0,0.0,0.0,0.0,0.0,0.0,0.0,0.0,0.0,2,0,0.0,0.0,0.0,0.0,0.0,0.0,0.0,0.0,0.0,0.0,0.0,0.0,0.0,0.0,91.0,1598.0,0.0,0.0,0.0,0.0,0.0,0.0,0.0,0.0,0.0,0.0,0.0,0.0,0.0
173,Bobby,Thomas,Thomas,a,,,4.0,589,178,8.0,51,20,5.5,39,14,8,0,0,0,0,19870,10576,1.4,2.8,5.5,5.5,5.5,50,18,,,73,33,119,35,189,65,115,42,,,,,,,,0.01,0.01,0.02,1.11,0.0,0.54,1.62,1.08,10.24,2,8,77.0,0.0,0.0,1.0,0.0,0.0,0.0,0.0,0.0,0.0,0.0,1.0,2.0,28.0,28341.0,14494.0,0.0,0.0,0.01,0.010000000000000002,0.18000000000000016,0.0,0.0,0.0,0.0,0.0,9.0,6.0,9.0
174,Liam,Kitching,Kitching,a,,,4.0,582,173,0.6,235,88,0.0,371,126,0,0,0,0,0,150,1389,0.0,0.0,0.0,0.0,0.0,371,126,,,303,112,303,114,222,80,320,113,,,,,,,,0.0,0.0,0.0,0.0,0.0,0.0,0.0,0.0,0.0,2,0,0.0,0.0,0.0,0.0,0.0,0.0,0.0,0.0,0.0,0.0,0.0,0.0,0.0,0.0,231.0,2224.0,0.0,0.0,0.0,0.0,0.0,0.0,0.0,0.0,0.0,0.0,0.0,0.0,0.0
175,Milan,van Ewijk,van Ewijk,a,,,4.0,587,176,12.7,32,11,1.5,171,59,2,0,0,0,0,9839,27369,0.4,0.8,1.5,1.5,1.5,190,61,,,157,72,186,56,157,53,206,79,,,,,,,,0.0,0.1,0.1,1.3,0.0,0.0,2.0,1.0,4.5,2,2,90.0,0.0,0.0,0.0,1.0,0.0,0.0,0.0,0.0,0.0,0.0,1.0,0.0,15.0,16574.0,33862.0,0.0,0.0,0.19,0.19,0.7200000000000002,0.0,0.0,0.0,0.0,1.0,1.0,3.0,2.0
176,Jay,Dasilva,Dasilva,a,,,4.0,567,161,0.8,214,79,1.5,170,58,2,0,0,0,0,508,1294,0.4,0.8,1.5,1.5,1.5,189,60,,,124,56,154,45,211,72,188,73,,,,,,,,0.09,0.04,0.13,1.3,0.0,0.0,2.0,1.0,4.5,2,2,90.0,0.0,0.0,0.0,1.0,0.0,0.0,0.0,0.0,0.0,0.0,1.0,0.0,15.0,1307.0,2043.0,0.0,0.18,0.05,0.23,0.7200000000000002,0.0,0.0,0.0,0.0,2.0,1.0,3.0,3.0
177,Kaine,Kesler-Hayden,Kesler-Hayden,i,Hamstring injury - Unknown return date,,4.0,591,179,0.1,484,169,0.0,376,128,0,0,0,0,0,30,411,0.0,0.0,0.0,0.0,0.0,376,128,0.0,0.0,308,114,308,116,229,84,325,115,,,,,,,,0.0,0.0,0.0,0.0,0.0,0.0,0.0,0.0,0.0,2,0,0.0,0.0,0.0,0.0,0.0,0.0,0.0,0.0,0.0,0.0,0.0,0.0,0.0,0.0,48.0,640.0,0.0,0.0,0.0,0.0,0.0,0.0,0.0,0.0,0.0,0.0,0.0,0.0,0.0
178,Jake,Bidwell,Bidwell,a,,,4.0,554,153,0.1,441,154,0.0,355,118,0,0,0,0,0,80,259,0.0,0.0,0.0,0.0,0.0,355,118,,,286,103,283,102,201,67,302,103,,,,,,,,0.0,0.0,0.0,0.0,0.0,0.0,0.0,0.0,0.0,2,0,0.0,0.0,0.0,0.0,0.0,0.0,0.0,0.0,0.0,0.0,0.0,0.0,0.0,0.0,133.0,372.0,0.0,0.0,0.0,0.0,0.0,0.0,0.0,0.0,0.0,0.0,0.0,0.0,0.0
179,Joel,Latibeaudiere,Latibeaudiere,a,,,4.0,571,165,0.0,507,178,0.0,364,122,0,0,0,0,0,63,103,0.0,0.0,0.0,0.0,0.0,364,122,,,296,108,295,109,215,76,313,109,,,,,,,,0.0,0.0,0.0,0.0,0.0,0.0,0.0,0.0,0.0,2,0,0.0,0.0,0.0,0.0,0.0,0.0,0.0,0.0,0.0,0.0,0.0,0.0,0.0,0.0,110.0,177.0,0.0,0.0,0.0,0.0,0.0,0.0,0.0,0.0,0.0,0.0,0.0,0.0,0.0
180,Luke,Woolfenden,Woolfenden,i,Knee injury - Unknown return date,,4.0,576,169,0.2,370,138,0.0,367,124,0,0,0,0,0,121,1057,0.0,0.0,0.0,0.0,0.0,367,124,0.0,0.0,299,110,298,111,218,78,316,111,,,,,,,,0.0,0.0,0.0,0.0,0.0,0.0,0.0,0.0,0.0,2,0,0.0,0.0,0.0,0.0,0.0,0.0,0.0,0.0,0.0,0.0,0.0,0.0,0.0,0.0,185.0,1622.0,0.0,0.0,0.0,0.0,0.0,0.0,0.0,0.0,0.0,0.0,0.0,0.0,0.0
181,Miguel,Brau,Brau,u,Has joined Academico de Viseu on loan for the rest of the season,,4.0,612,197,0.0,513,179,0.0,394,143,0,0,0,0,0,19,342,0.0,0.0,0.0,0.0,0.0,394,143,0.0,,327,130,327,132,250,102,344,131,,,,,,,,0.0,0.0,0.0,0.0,0.0,0.0,0.0,0.0,0.0,2,0,0.0,0.0,0.0,0.0,0.0,0.0,0.0,0.0,0.0,0.0,0.0,0.0,0.0,0.0,60.0,391.0,0.0,0.0,0.0,0.0,0.0,0.0,0.0,0.0,0.0,0.0,0.0,0.0,0.0
182,Aurèle,Amenda,Amenda,a,,,4.0,602,187,0.8,210,78,1.0,207,69,1,0,0,0,0,487,1756,0.2,0.5,1.0,1.0,1.0,226,73,,,54,21,227,77,240,92,129,49,,,,,,,,0.01,0.02,0.03,1.3,0.0,0.0,2.0,1.0,6.5,2,1,90.0,0.0,0.0,0.0,1.0,0.0,0.0,0.0,1.0,0.0,0.0,1.0,0.0,4.0,1219.0,2533.0,0.0,0.02,0.04,0.060000000000000005,0.7200000000000002,0.0,0.0,0.0,0.0,0.0,4.0,1.0,4.0
183,Jack,Rudoni,Rudoni,a,,,5.0,325,191,0.1,387,150,2.0,149,70,3,0,0,0,0,237,579,0.4,0.8,2.0,2.0,2.0,165,78,100.0,100.0,206,84,157,91,54,29,148,66,4.0,1.0,,,,,,0.21,0.09,0.3,0.31,0.0,1.0,0.0,1.0,11.0,2,3,70.0,0.0,0.0,1.0,0.0,0.0,0.0,0.0,0.0,0.0,0.0,1.0,0.0,12.0,664.0,823.0,0.0,0.06,0.09,0.15,0.020000000000000018,0.0,0.0,0.0,0.0,1.0,1.0,4.0,6.0
184,Matt,Grimes,Grimes,a,,,5.0,248,152,0.2,346,126,2.0,147,68,2,0,0,0,0,175,805,0.4,0.8,2.0,2.0,2.0,158,73,,,133,44,158,92,401,144,197,87,1.0,,3.0,,,,,0.0,0.02,0.02,1.3,0.0,0.0,2.0,1.0,8.5,2,2,90.0,0.0,0.0,0.0,1.0,0.0,0.0,0.0,0.0,0.0,0.0,1.0,0.0,14.0,839.0,1103.0,0.0,0.01,0.04,0.049999999999999996,0.7200000000000002,0.0,0.0,0.0,0.0,0.0,1.0,9.0,10.0
185,Tatsuhiro,Sakamoto,Sakamoto,a,,,5.0,348,203,0.1,426,169,0.5,300,137,1,0,0,0,0,41,394,0.1,0.2,0.5,0.5,1.0,277,124,,,511,207,524,216,481,183,527,214,,,,,,,,0.06,0.06,0.12,2.0,0.0,0.0,2.9,0.0,11.61,2,1,31.0,0.0,0.0,0.0,1.0,0.0,0.0,0.0,0.0,0.0,0.0,0.0,0.0,8.0,65.0,652.0,0.0,0.02,0.02,0.04,0.69,0.0,0.0,0.0,0.0,2.0,0.0,2.0,4.0
186,Ephron,Mason-Clark,Mason-Clark,a,,,5.5,153,94,0.1,402,159,0.5,321,152,1,0,0,0,0,79,464,0.1,0.2,0.5,0.5,1.0,303,145,100.0,100.0,557,235,571,243,548,227,571,241,,,,,,,,0.0,0.09,0.09,0.03,0.0,0.0,0.0,1.58,6.32,2,1,57.0,0.0,0.0,0.0,0.0,0.0,0.0,0.0,0.0,0.0,0.0,1.0,0.0,4.0,225.0,736.0,0.0,0.0,0.06,0.06,0.02,0.0,0.0,0.0,0.0,0.0,2.0,2.0,4.0
187,Josh,Eccles,Eccles,a,,,5.0,304,182,0.0,579,244,0.0,527,218,0,0,0,0,0,29,87,0.0,0.0,0.0,0.0,0.0,527,218,,,483,191,493,200,446,166,499,198,,,,,,,,0.0,0.0,0.0,0.0,0.0,0.0,0.0,0.0,0.0,2,0,0.0,0.0,0.0,0.0,0.0,0.0,0.0,0.0,0.0,0.0,0.0,0.0,0.0,0.0,35.0,158.0,0.0,0.0,0.0,0.0,0.0,0.0,0.0,0.0,0.0,0.0,0.0,0.0,0.0
188,Victor,Torp,Torp,a,,,5.5,150,92,0.2,374,143,1.0,246,116,1,0,0,0,0,22,729,0.2,0.4,1.0,1.0,1.0,302,144,,,192,76,72,44,547,226,163,74,2.0,2.0,2.0,,,,,0.0,0.23,0.23,1.93,0.0,0.0,1.91,0.0,5.74,2,1,19.0,0.0,0.0,0.0,1.0,0.0,0.0,0.0,0.0,0.0,0.0,0.0,0.0,2.0,205.0,1039.0,0.0,0.0,0.009999999999999995,0.009999999999999995,0.69,0.0,0.0,0.0,0.0,0.0,0.0,2.0,2.0
189,George,Shepherd,Shepherd,a,,,4.5,544,273,0.3,304,104,0.0,487,194,0,0,0,0,0,399,902,0.0,0.0,0.0,0.0,0.0,487,194,,,430,160,436,170,377,129,446,167,,,,,,,,0.0,0.0,0.0,0.0,0.0,0.0,0.0,0.0,0.0,2,0,0.0,0.0,0.0,0.0,0.0,0.0,0.0,0.0,0.0,0.0,0.0,0.0,0.0,0.0,522.0,1378.0,0.0,0.0,0.0,0.0,0.0,0.0,0.0,0.0,0.0,0.0,0.0,0.0,0.0
190,Loum,Tchaouna,Tchaouna,a,,,5.5,180,111,0.2,373,142,1.5,193,89,1,0,0,0,0,49,645,0.3,0.5,1.5,1.5,1.5,211,100,,,256,117,138,82,151,78,232,105,,,,,,,,0.06,0.1,0.16,1.15,0.0,0.0,1.94,1.29,9.06,2,1,58.0,0.0,0.0,0.0,0.0,0.0,0.0,0.0,0.0,0.0,0.0,1.0,0.0,7.0,959.0,986.0,0.0,0.049999999999999996,0.13,0.18,0.020000000000000018,0.0,0.0,0.0,0.0,1.0,2.0,3.0,6.0
191,Raphael,Borges Rodrigues,Borges Rodrigues,a,,,4.5,492,255,0.2,364,139,0.0,444,179,0,0,0,0,0,424,590,0.0,0.0,0.0,0.0,0.0,444,179,,,384,144,391,154,329,112,400,151,,,,,,,,0.0,0.0,0.0,0.0,0.0,0.0,0.0,0.0,0.0,2,0,0.0,0.0,0.0,0.0,0.0,0.0,0.0,0.0,0.0,0.0,0.0,0.0,0.0,0.0,513.0,852.0,0.0,0.0,0.0,0.0,0.0,0.0,0.0,0.0,0.0,0.0,0.0,0.0,0.0
192,Kai,Andrews,Andrews,u,Has joined Oxford United on loan for the rest of the season,,4.5,539,270,0.6,246,83,0.0,482,191,0,0,0,0,0,142,6015,0.0,0.0,0.0,0.0,0.0,482,191,0.0,,425,157,431,167,372,126,441,164,,,,,,,,0.0,0.0,0.0,0.0,0.0,0.0,0.0,0.0,0.0,2,0,0.0,0.0,0.0,0.0,0.0,0.0,0.0,0.0,0.0,0.0,0.0,0.0,0.0,0.0,420.0,7018.0,0.0,0.0,0.0,0.0,0.0,0.0,0.0,0.0,0.0,0.0,0.0,0.0,0.0
193,Haji,Wright,Wright,i,Thigh injury - Unknown return date,,5.5,129,34,0.1,396,57,0.0,575,65,0,0,0,0,0,30,1173,0.0,0.0,0.0,0.0,0.0,575,65,0.0,0.0,544,49,559,57,531,56,560,58,,,1.0,,,,,0.0,0.0,0.0,0.0,0.0,0.0,0.0,0.0,0.0,2,0,0.0,0.0,0.0,0.0,0.0,0.0,0.0,0.0,0.0,0.0,0.0,0.0,0.0,0.0,39.0,1727.0,0.0,0.0,0.0,0.0,0.0,0.0,0.0,0.0,0.0,0.0,0.0,0.0,0.0
194,Brandon,Thomas-Asante,Thomas-Asante,a,,,5.0,286,52,0.9,208,34,1.5,180,20,1,0,0,0,0,5983,4248,0.3,0.6,1.5,1.5,1.5,198,24,,,217,15,220,25,431,43,251,26,,,4.0,,,,,0.0,0.02,0.02,2.04,0.0,0.0,3.56,0.89,7.13,2,1,32.0,0.0,0.0,0.0,1.0,0.0,0.0,0.0,0.0,0.0,0.0,0.0,0.0,5.0,8962.0,5544.0,0.0,0.0,0.0,0.0,0.69,0.0,0.0,0.0,0.0,0.0,0.0,2.0,2.0
195,Ellis,Simms,Simms,a,,,5.0,275,50,1.0,193,29,1.0,230,25,0,0,0,0,0,3707,5484,0.2,0.4,1.0,1.0,2.0,162,19,,,241,18,102,10,168,27,198,20,,,,,,,,0.0,0.01,0.01,2.09,0.0,0.0,3.91,1.3,3.91,2,0,0.0,0.0,0.0,0.0,0.0,0.0,0.0,0.0,0.0,0.0,0.0,0.0,0.0,0.0,7666.0,7406.0,0.0,0.0,0.0,0.0,0.0,0.0,0.0,0.0,0.0,0.0,0.0,0.0,0.0
196,Jahnoah,Markelo,Markelo,u,Has joined Shabab Al-Ahli Dubai permanently,,5.0,372,59,0.0,584,71,0.0,559,59,0,0,0,0,0,0,100,0.0,0.0,0.0,0.0,0.0,559,59,0.0,0.0,522,42,535,50,494,49,538,51,,,,,,,,0.0,0.0,0.0,0.0,0.0,0.0,0.0,0.0,0.0,2,0,0.0,0.0,0.0,0.0,0.0,0.0,0.0,0.0,0.0,0.0,0.0,0.0,0.0,0.0,0.0,144.0,0.0,0.0,0.0,0.0,0.0,0.0,0.0,0.0,0.0,0.0,0.0,0.0,0.0
197,Norman,Bassette,Bassette,u,Has joined KVC Westerlo on loan for the rest of the season,,4.5,508,66,0.0,517,67,0.0,460,46,0,0,0,0,0,0,215,0.0,0.0,0.0,0.0,0.0,460,46,0.0,0.0,400,28,407,36,345,34,416,37,,,,,,,,0.0,0.0,0.0,0.0,0.0,0.0,0.0,0.0,0.0,2,0,0.0,0.0,0.0,0.0,0.0,0.0,0.0,0.0,0.0,0.0,0.0,0.0,0.0,0.0,0.0,277.0,0.0,0.0,0.0,0.0,0.0,0.0,0.0,0.0,0.0,0.0,0.0,0.0,0.0
492,Taiwo,Awoniyi,Awoniyi,a,,,5.5,144,36,0.8,217,35,1.5,190,22,2,0,0,0,0,1265,3964,0.3,0.5,1.5,1.5,1.5,208,26,,,552,50,201,24,543,57,292,32,,,5.0,,,,,0.76,0.02,0.78,0.83,0.0,0.0,0.82,0.82,3.27,2,2,90.0,0.0,0.0,0.0,1.0,0.0,0.0,0.0,0.0,0.0,0.0,1.0,0.0,6.0,4239.0,5756.0,0.0,0.93,0.03,0.96,0.72,0.0,0.0,0.0,0.0,0.0,1.0,2.0,3.0
575,Caleb,Yirenkyi,Yirenkyi,a,,,5.0,396,237,0.2,324,114,2.0,152,72,3,0,0,0,0,234,979,0.4,0.8,2.0,2.0,2.0,168,80,,,533,221,164,96,512,205,549,228,,,,,,,,0.02,0.09,0.11,1.09,0.0,0.69,2.06,1.37,6.87,2,3,70.0,0.0,0.0,1.0,0.0,0.0,0.0,0.0,0.0,0.0,0.0,1.0,0.0,17.0,451.0,1329.0,0.0,0.03,0.13,0.16,0.020000000000000018,0.0,0.0,0.0,0.0,0.0,3.0,4.0,7.0
584,Gustavo,Hamer,Hamer,a,,,5.5,133,82,0.1,392,153,1.0,245,115,1,0,0,0,0,61,534,0.2,0.4,1.0,1.0,1.0,300,142,,,274,129,263,139,535,217,291,138,3.0,,,,,,,0.0,0.07,0.07,2.73,0.0,0.0,3.33,0.0,3.33,2,1,19.0,0.0,0.0,0.0,1.0,0.0,0.0,0.0,0.0,0.0,0.0,0.0,0.0,2.0,139.0,776.0,0.0,0.0,0.02,0.02,0.69,0.0,0.0,0.0,0.0,0.0,0.0,0.0,0.0
599,Sidiki,Cherif,Cherif,a,,,5.0,389,60,0.1,421,62,0.0,564,60,0,0,0,0,0,625,553,0.0,0.0,0.0,0.0,0.0,564,60,,,530,43,542,51,506,50,546,52,,,,,,,,0.0,0.0,0.0,0.0,0.0,0.0,0.0,0.0,0.0,2,0,0.0,0.0,0.0,0.0,0.0,0.0,0.0,0.0,0.0,0.0,0.0,0.0,0.0,0.0,892.0,789.0,0.0,0.0,0.0,0.0,0.0,0.0,0.0,0.0,0.0,0.0,0.0,0.0,0.0
623,Dan,Bentley,Bentley,a,,,4.0,553,54,0.1,480,53,0.0,354,27,0,0,0,0,0,2801,203,0.0,0.0,1.0,1.0,0.0,354,27,,,285,26,282,6,200,6,301,26,,,,,,,,0.0,0.0,0.0,0.0,0.0,0.0,0.0,0.0,0.0,2,0,0.0,0.0,0.0,0.0,0.0,0.0,0.0,0.0,0.0,0.0,0.0,0.0,0.0,0.0,2801.0,203.0,0.0,0.0,0.0,0.0,0.0,0.0,0.0,0.0,0.0,0.0,0.0,0.0,0.0
42,Evann,Guessand,Guessand,a,,,5.5,186,116,0.0,498,205,1.0,248,118,1,0,0,0,0,173,312,0.2,0.4,1.0,1.0,1.0,308,146,,,237,106,191,111,111,58,230,104,,,,,,,,0.05,0.05,0.1,0.57,0.0,0.0,1.67,0.0,3.33,2,1,27.0,0.0,0.0,0.0,1.0,0.0,0.0,0.0,0.0,0.0,0.0,0.0,0.0,3.0,277.0,390.0,0.0,0.0,0.009999999999999998,0.009999999999999995,0.2,0.0,0.0,0.0,0.0,0.0,1.0,0.0,1.0
153,Axel,Disasi,Disasi,a,,,4.5,445,104,0.1,471,167,0.5,272,94,1,0,0,0,0,351,252,0.1,0.2,0.5,0.5,1.0,237,83,,,360,148,364,152,293,127,377,149,,,,,,,,0.0,0.0,0.0,1.12,0.0,0.0,5.62,0.0,5.62,2,1,16.0,0.0,0.0,0.0,1.0,0.0,0.0,0.0,0.0,0.0,0.0,0.0,0.0,-2.0,473.0,354.0,0.0,0.0,0.0,0.0,0.2,0.0,0.0,0.0,0.0,1.0,0.0,1.0,1.0
198,Dean,Henderson,Henderson,a,,,5.0,251,10,1.8,138,21,1.5,178,15,1,0,0,0,0,3284,4577,0.3,0.6,1.5,1.5,1.5,196,17,100.0,100.0,57,9,462,54,404,54,140,9,,,,,,,,0.0,0.0,0.0,1.66,3.5,0.0,3.0,1.0,0.0,2,1,90.0,0.0,0.0,0.0,4.0,0.0,0.0,0.0,0.0,0.0,4.0,1.0,0.0,4.0,4205.0,6415.0,0.0,0.0,0.0,0.0,2.21,0.0,0.0,0.0,0.0,0.0,2.0,11.0,0.0
199,Walter,Benítez,Benitez,a,,,4.5,420,29,0.1,405,44,0.0,413,48,0,0,0,0,0,155,313,0.0,0.0,0.0,0.0,0.0,413,48,,,346,47,349,29,276,29,363,47,,,,,,,,0.0,0.0,0.0,0.0,0.0,0.0,0.0,0.0,0.0,2,0,0.0,0.0,0.0,0.0,0.0,0.0,0.0,0.0,0.0,0.0,0.0,0.0,0.0,0.0,203.0,608.0,0.0,0.0,0.0,0.0,0.0,0.0,0.0,0.0,0.0,0.0,0.0,0.0,0.0
201,Daniel,Muñoz Mejía,Muñoz,a,,,5.5,157,20,7.6,53,21,0.0,585,202,0,0,0,0,0,5121,61508,0.0,0.0,0.0,0.0,0.0,585,202,,,263,100,190,58,43,10,159,61,,,,,,,,0.38,0.02,0.4,1.4,0.0,0.0,3.33,1.67,6.67,2,0,0.0,0.0,0.0,0.0,0.0,0.0,0.0,0.0,0.0,0.0,0.0,0.0,0.0,0.0,6342.0,83534.0,0.0,0.0,0.0,0.0,0.0,0.0,0.0,0.0,0.0,0.0,0.0,0.0,0.0
202,Chris,Richards,Richards,a,,,5.0,297,52,0.7,226,83,1.5,181,64,0,0,0,0,0,1238,2937,0.3,0.6,1.5,1.5,1.5,199,65,,,22,8,236,83,440,176,95,33,,,,,,,,0.02,0.0,0.02,1.66,0.0,0.0,3.0,1.0,11.0,2,0,90.0,0.0,0.0,0.0,4.0,0.0,0.0,0.0,0.0,0.0,0.0,1.0,0.0,-4.0,1771.0,4159.0,0.0,0.04,0.0,0.04,2.21,0.0,0.0,0.0,0.0,2.0,4.0,2.0,6.0
203,Jaydee,Canvot,Canvot,a,,,5.0,393,77,0.3,300,112,0.5,311,110,0,0,0,0,0,356,1409,0.1,0.2,0.5,0.5,0.5,342,113,,,60,23,142,42,124,40,109,38,,,,,,,,0.02,0.0,0.02,1.66,0.0,0.0,3.0,1.0,7.5,2,0,90.0,0.0,0.0,0.0,4.0,0.0,0.0,0.0,0.0,0.0,0.0,1.0,0.0,-1.0,455.0,2165.0,0.0,0.0,0.0,0.0,2.21,0.0,0.0,0.0,0.0,1.0,6.0,1.0,7.0
204,Tyrick,Mitchell,Mitchell,a,,,4.5,464,118,5.3,68,28,0.5,275,97,0,0,0,0,0,2148,18293,0.1,0.2,0.5,0.5,0.5,337,110,,,145,68,92,27,162,58,143,56,,,,,,,,0.06,0.08,0.14,1.66,0.0,0.0,3.0,1.0,5.0,2,0,90.0,0.0,0.0,0.0,4.0,0.0,0.0,0.0,0.0,0.0,0.0,1.0,0.0,-8.0,2780.0,26948.0,0.0,0.11,0.16,0.27,2.21,0.0,0.0,0.0,0.0,2.0,3.0,1.0,5.0
205,Borna,Sosa,Sosa,a,,,4.5,444,103,0.0,533,186,0.0,424,158,0,0,0,0,0,33,119,0.0,0.0,0.0,0.0,0.0,424,158,,,359,147,363,151,292,126,376,148,,,,,,,,0.0,0.0,0.0,0.0,0.0,0.0,0.0,0.0,0.0,2,0,0.0,0.0,0.0,0.0,0.0,0.0,0.0,0.0,0.0,0.0,0.0,0.0,0.0,0.0,44.0,160.0,0.0,0.0,0.0,0.0,0.0,0.0,0.0,0.0,0.0,0.0,0.0,0.0,0.0
206,Chadi,Riad Dnanou,Chadi Riad,i,Knee injury - Unknown return date,,4.4,547,152,0.0,506,177,0.5,267,90,0,-1,1,-1,1,60,592,0.1,0.2,0.0,0.0,1.0,230,77,0.0,0.0,137,64,205,66,262,113,214,83,,,,,,,,0.0,0.01,0.01,1.22,0.0,0.0,2.5,1.25,8.75,2,0,0.0,0.0,0.0,0.0,0.0,0.0,0.0,0.0,0.0,0.0,0.0,0.0,0.0,0.0,104.0,948.0,0.0,0.0,0.0,0.0,0.0,0.0,0.0,0.0,0.0,0.0,0.0,0.0,0.0
207,Oscar,Mingueza,Mingueza,a,,,4.5,459,114,0.1,462,165,0.5,274,96,1,0,0,0,0,71,304,0.1,0.2,0.5,0.5,1.0,242,88,,,367,152,372,156,303,133,384,153,,,,,,,,0.0,0.0,0.0,1.2,0.0,0.0,6.0,0.0,6.0,2,1,15.0,0.0,0.0,0.0,1.0,0.0,0.0,0.0,0.0,0.0,0.0,0.0,0.0,1.0,95.0,503.0,0.0,0.0,0.0,0.0,0.2,0.0,0.0,0.0,0.0,1.0,0.0,0.0,1.0
208,Ismaïla,Sarr,Sarr,i,Groin injury - Unknown return date,,6.4,52,36,1.9,132,40,0.0,608,266,0,0,0,-1,1,94,39082,0.0,0.0,0.0,0.0,0.0,608,266,0.0,0.0,606,264,609,266,605,262,609,266,,,2.0,,,,,0.0,0.0,0.0,0.0,0.0,0.0,0.0,0.0,0.0,2,0,0.0,0.0,0.0,0.0,0.0,0.0,0.0,0.0,0.0,0.0,0.0,0.0,0.0,0.0,136.0,81754.0,0.0,0.0,0.0,0.0,0.0,0.0,0.0,0.0,0.0,0.0,0.0,0.0,0.0
210,Adam,Wharton,Wharton,a,,,5.5,190,118,0.9,204,67,3.0,105,48,2,0,0,0,0,3195,3451,0.5,1.1,3.0,3.0,3.0,115,49,100.0,100.0,103,36,25,20,567,239,82,43,2.0,,,,,,,0.0,0.16,0.16,1.66,0.0,0.0,3.0,1.0,10.5,2,2,90.0,0.0,0.0,0.0,4.0,0.0,0.0,0.0,0.0,0.0,0.0,1.0,0.0,21.0,4394.0,4831.0,0.0,0.0,0.07,0.07,2.21,0.0,0.0,0.0,0.0,4.0,0.0,3.0,7.0
211,Yéremy,Pino Santos,Yeremy,a,,,5.5,188,117,0.2,339,123,3.0,104,47,5,0,0,0,0,1482,567,0.5,1.1,3.0,3.0,3.0,114,48,,,254,116,137,81,120,61,220,98,1.0,1.0,,,,,,0.1,0.08,0.18,2.01,0.0,0.0,2.65,0.88,13.24,2,5,67.0,0.0,1.0,0.0,3.0,0.0,0.0,0.0,0.0,0.0,0.0,1.0,0.0,27.0,1549.0,1013.0,0.0,0.05,0.06999999999999999,0.12000000000000001,2.01,0.0,0.0,0.0,0.0,2.0,2.0,6.0,10.0
212,Will,Hughes,Hughes,a,,,4.5,416,244,10.4,38,14,0.0,409,170,0,0,0,0,0,9239,33186,0.0,0.0,0.0,0.0,0.0,409,170,,,342,135,345,145,272,101,359,142,4.0,,,,,,,0.0,0.0,0.0,0.0,0.0,0.0,0.0,0.0,0.0,2,0,0.0,0.0,0.0,0.0,0.0,0.0,0.0,0.0,0.0,0.0,0.0,0.0,0.0,0.0,11782.0,47266.0,0.0,0.0,0.0,0.0,0.0,0.0,0.0,0.0,0.0,0.0,0.0,0.0,0.0
213,Jefferson,Lerma Solís,Lerma,a,,,5.0,243,147,0.1,422,167,0.0,502,203,0,0,0,0,0,53,477,0.0,0.0,0.0,0.0,0.0,502,203,,,448,170,456,180,396,139,464,177,,,,,,,,0.0,0.0,0.0,0.0,0.0,0.0,0.0,0.0,0.0,2,0,0.0,0.0,0.0,0.0,0.0,0.0,0.0,0.0,0.0,0.0,0.0,0.0,0.0,0.0,79.0,719.0,0.0,0.0,0.0,0.0,0.0,0.0,0.0,0.0,0.0,0.0,0.0,0.0,0.0
214,Daichi,Kamada,Kamada,a,,,5.0,265,163,0.3,305,105,2.5,126,57,2,0,0,0,0,1243,1061,0.5,1.0,2.5,2.5,2.5,135,59,,,81,27,29,22,414,151,75,40,3.0,,,,,,,0.02,0.14,0.16,1.66,0.0,0.0,3.0,1.0,11.5,2,2,90.0,0.0,0.0,0.0,4.0,0.0,0.0,0.0,0.0,0.0,0.0,1.0,0.0,21.0,1611.0,1579.0,0.0,0.05,0.019999999999999962,0.07,2.21,0.0,0.0,0.0,0.0,6.0,1.0,2.0,9.0
215,Justin,Devenny,Devenny,a,,,5.0,332,193,0.0,583,246,0.0,541,224,0,0,0,0,0,26,58,0.0,0.0,0.0,0.0,0.0,541,224,,,500,200,512,209,469,176,516,207,,2.0,3.0,,,,,0.0,0.0,0.0,0.0,0.0,0.0,0.0,0.0,0.0,2,0,0.0,0.0,0.0,0.0,0.0,0.0,0.0,0.0,0.0,0.0,0.0,0.0,0.0,0.0,32.0,81.0,0.0,0.0,0.0,0.0,0.0,0.0,0.0,0.0,0.0,0.0,0.0,0.0,0.0
216,Romain,Esse,Esse,a,,,5.0,382,228,0.0,510,211,0.0,562,237,0,0,0,0,0,61,211,0.0,0.0,0.0,0.0,0.0,562,237,,,528,219,540,227,502,198,544,226,,,,,,,,0.0,0.0,0.0,0.0,0.0,0.0,0.0,0.0,0.0,2,0,0.0,0.0,0.0,0.0,0.0,0.0,0.0,0.0,0.0,0.0,0.0,0.0,0.0,0.0,82.0,282.0,0.0,0.0,0.0,0.0,0.0,0.0,0.0,0.0,0.0,0.0,0.0,0.0,0.0
217,Matheus,França de Oliveira,M.França,a,,,4.9,402,242,0.0,535,220,0.0,492,198,0,-1,1,-1,1,493,344,0.0,0.0,0.0,0.0,0.0,492,198,,,435,164,441,174,382,133,451,171,,,,,,,,0.0,0.0,0.0,0.0,0.0,0.0,0.0,0.0,0.0,2,0,0.0,0.0,0.0,0.0,0.0,0.0,0.0,0.0,0.0,0.0,0.0,0.0,0.0,0.0,495.0,479.0,0.0,0.0,0.0,0.0,0.0,0.0,0.0,0.0,0.0,0.0,0.0,0.0,0.0
218,Cheick,Doucouré,Doucouré,a,,,5.0,303,181,0.1,476,194,0.0,526,217,0,0,0,0,0,87,382,0.0,0.0,0.0,0.0,0.0,526,217,,,482,190,492,199,445,165,498,197,,,,,,,,0.0,0.0,0.0,0.0,0.0,0.0,0.0,0.0,0.0,2,0,0.0,0.0,0.0,0.0,0.0,0.0,0.0,0.0,0.0,0.0,0.0,0.0,0.0,0.0,120.0,559.0,0.0,0.0,0.0,0.0,0.0,0.0,0.0,0.0,0.0,0.0,0.0,0.0,0.0
219,Jesurun,Rak-Sakyi,J.Rak-Sakyi,a,,,5.0,311,185,0.0,602,258,0.0,533,220,0,0,0,0,0,11,27,0.0,0.0,0.0,0.0,0.0,533,220,,,490,194,500,203,453,169,506,201,,,,,,,,0.0,0.0,0.0,0.0,0.0,0.0,0.0,0.0,0.0,2,0,0.0,0.0,0.0,0.0,0.0,0.0,0.0,0.0,0.0,0.0,0.0,0.0,0.0,0.0,17.0,43.0,0.0,0.0,0.0,0.0,0.0,0.0,0.0,0.0,0.0,0.0,0.0,0.0,0.0
220,Rio,Cardines,Cardines,u,Has joined Bristol City on loan for the rest of the season,,4.5,525,145,0.0,617,206,0.0,472,177,0,0,0,0,0,0,14,0.0,0.0,0.0,0.0,0.0,472,177,0.0,0.0,413,171,419,172,359,155,429,171,,,,,,,,0.0,0.0,0.0,0.0,0.0,0.0,0.0,0.0,0.0,2,0,0.0,0.0,0.0,0.0,0.0,0.0,0.0,0.0,0.0,0.0,0.0,0.0,0.0,0.0,0.0,19.0,0.0,0.0,0.0,0.0,0.0,0.0,0.0,0.0,0.0,0.0,0.0,0.0,0.0
221,Joél,Drakes-Thomas,Drakes-Thomas,a,,,4.5,543,272,0.1,445,179,0.0,486,193,0,0,0,0,0,184,304,0.0,0.0,0.0,0.0,0.0,486,193,,,429,159,435,169,376,128,445,166,,,,,,,,0.0,0.0,0.0,0.0,0.0,0.0,0.0,0.0,0.0,2,0,0.0,0.0,0.0,0.0,0.0,0.0,0.0,0.0,0.0,0.0,0.0,0.0,0.0,0.0,227.0,450.0,0.0,0.0,0.0,0.0,0.0,0.0,0.0,0.0,0.0,0.0,0.0,0.0,0.0
222,Jørgen,Strand Larsen,Strand Larsen,a,,,6.0,75,19,0.5,259,43,1.5,198,23,2,0,0,0,0,2182,2237,0.2,0.5,1.5,1.5,1.5,214,27,,,266,23,159,20,61,13,168,17,,,,,,,,0.3,0.01,0.31,2.17,0.0,0.0,3.03,1.01,4.04,2,2,62.0,0.0,0.0,0.0,3.0,0.0,0.0,0.0,0.0,0.0,0.0,1.0,0.0,13.0,2488.0,3850.0,0.0,0.04999999999999999,0.0,0.04999999999999999,2.01,0.0,0.0,0.0,0.0,1.0,2.0,1.0,4.0
223,Jean-Philippe,Mateta,Mateta,i,Hamstring injury - Expected back 11 Oct,,6.5,37,11,4.1,86,13,1.0,258,30,0,0,0,0,0,828,98364,0.2,0.3,0.0,1.0,2.0,184,22,0.0,,260,22,103,11,85,16,153,16,,,1.0,,,,,1.02,0.03,1.05,1.42,0.0,0.0,2.9,1.45,7.26,2,0,0.0,0.0,0.0,0.0,0.0,0.0,0.0,0.0,0.0,0.0,0.0,0.0,0.0,0.0,4372.0,113334.0,0.0,0.0,0.0,0.0,0.0,0.0,0.0,0.0,0.0,0.0,0.0,0.0,0.0
224,Eddie,Nketiah,Nketiah,a,,,5.5,140,35,0.5,261,45,1.5,189,21,2,0,0,0,0,2734,1992,0.3,0.5,1.5,1.5,1.5,207,25,,,161,12,49,2,42,11,56,10,,,,,,,,0.71,0.43,1.14,2.1,0.0,0.0,3.69,1.48,6.64,2,2,67.0,0.0,0.0,0.0,3.0,0.0,0.0,0.0,0.0,0.0,0.0,1.0,0.0,8.0,3276.0,2945.0,0.0,0.36,0.0,0.3600000000000001,2.0100000000000002,0.0,0.0,0.0,0.0,2.0,1.0,3.0,6.0
225,Christantus,Uche,Uche,u,has returned to Getafe CF,,5.0,395,61,0.0,623,73,0.0,566,61,0,0,0,0,0,0,0,0.0,0.0,0.0,0.0,0.0,566,61,0.0,0.0,532,44,546,52,511,51,548,53,,,,,,,,0.0,0.0,0.0,0.0,0.0,0.0,0.0,0.0,0.0,2,0,0.0,0.0,0.0,0.0,0.0,0.0,0.0,0.0,0.0,0.0,0.0,0.0,0.0,0.0,0.0,0.0,0.0,0.0,0.0,0.0,0.0,0.0,0.0,0.0,0.0,0.0,0.0,0.0,0.0
241,Dwight,McNeil,McNeil,a,,,5.5,163,101,0.2,369,140,1.5,192,88,1,0,0,0,0,146,630,0.3,0.5,1.5,1.5,1.5,210,99,,,167,64,148,88,176,87,204,92,,,,,,,,0.05,0.02,0.07,1.26,0.0,0.0,3.21,1.07,7.5,2,1,22.0,0.0,0.0,0.0,1.0,0.0,0.0,0.0,0.0,0.0,0.0,0.0,0.0,2.0,279.0,1073.0,0.0,0.0,0.0,0.0,0.19999999999999996,0.0,0.0,0.0,0.0,0.0,1.0,1.0,2.0
555,Remi,Matthews,Matthews,a,,,4.0,566,59,1.9,135,20,0.0,362,32,0,0,0,0,0,2701,2177,0.0,0.0,0.0,0.0,0.0,362,32,,,293,31,292,11,210,11,310,31,,,,,,,,0.0,0.0,0.0,0.0,0.0,0.0,0.0,0.0,0.0,2,0,0.0,0.0,0.0,0.0,0.0,0.0,0.0,0.0,0.0,0.0,0.0,0.0,0.0,0.0,3425.0,2910.0,0.0,0.0,0.0,0.0,0.0,0.0,0.0,0.0,0.0,0.0,0.0,0.0,0.0
577,Takehiro,Tomiyasu,Tomiyasu,a,,,4.5,449,107,0.3,287,109,1.0,214,75,1,0,0,0,0,362,744,0.2,0.4,1.0,1.0,1.0,238,84,,,242,95,172,51,296,129,254,94,,,,,,,,0.0,0.01,0.01,2.13,0.0,0.0,2.97,0.99,8.9,2,1,73.0,0.0,0.0,0.0,3.0,0.0,0.0,0.0,0.0,0.0,0.0,1.0,0.0,-3.0,450.0,1227.0,0.0,0.0,0.0,0.0,2.01,0.0,0.0,0.0,0.0,1.0,7.0,3.0,8.0
588,Anan,Khalaili,Khalaili,a,,,5.0,376,73,0.1,410,145,1.5,185,65,2,0,0,0,0,686,280,0.3,0.6,1.5,1.5,1.5,203,66,,,69,30,39,12,134,44,63,21,,,,,,,,0.02,0.13,0.15,1.88,0.0,0.0,2.48,0.83,18.99,2,2,74.0,0.0,0.0,0.0,3.0,0.0,0.0,0.0,1.0,0.0,0.0,1.0,0.0,9.0,767.0,450.0,0.0,0.02,0.0,0.01999999999999999,2.01,0.0,0.0,0.0,0.0,10.0,4.0,5.0,14.0
595,Zavier,Gozo,Gozo,a,,,5.0,375,223,0.0,576,242,0.5,306,141,1,0,0,0,0,38,51,0.1,0.2,0.5,0.5,1.0,284,129,,,525,216,537,224,497,194,541,223,,,,,,,,0.0,0.0,0.0,0.82,0.0,0.0,4.09,0.0,4.09,2,1,22.0,0.0,0.0,0.0,1.0,0.0,0.0,0.0,0.0,0.0,0.0,0.0,0.0,3.0,48.0,77.0,0.0,0.0,0.0,0.0,0.2,0.0,0.0,0.0,0.0,1.0,0.0,0.0,1.0
21,Christian,Nørgaard,Nørgaard,i,Groin injury - Unknown return date,,5.0,239,145,0.1,450,181,0.0,499,201,0,0,0,0,0,37,621,0.0,0.0,0.0,0.0,0.0,499,201,0.0,0.0,445,168,452,178,393,137,461,175,,,,,,,,0.0,0.0,0.0,0.0,0.0,0.0,0.0,0.0,0.0,2,0,0.0,0.0,0.0,0.0,0.0,0.0,0.0,0.0,0.0,0.0,0.0,0.0,0.0,0.0,44.0,940.0,0.0,0.0,0.0,0.0,0.0,0.0,0.0,0.0,0.0,0.0,0.0,0.0,0.0
209,Brennan,Johnson,Johnson,a,,,6.0,74,48,0.1,378,146,1.0,257,124,1,0,0,0,0,219,889,0.2,0.3,1.0,1.0,1.0,322,157,,,225,98,266,141,592,253,272,127,,,,,,,,0.0,0.0,0.0,4.95,0.0,0.0,0.0,0.0,10.59,2,1,28.0,0.0,0.0,0.0,0.0,0.0,0.0,0.0,0.0,0.0,0.0,0.0,0.0,1.0,371.0,1361.0,0.0,0.0,0.0,0.0,1.58,0.0,0.0,0.0,0.0,1.0,0.0,1.0,2.0
226,Jordan,Pickford,Pickford,a,,,5.5,120,2,9.0,44,6,5.0,52,3,3,0,0,0,0,19086,14907,0.9,1.8,5.0,5.0,5.0,60,4,,,49,5,554,66,525,66,127,5,,,,,,,,0.0,0.01,0.01,2.06,4.0,0.5,0.5,1.0,0.0,2,3,90.0,0.0,0.0,0.0,1.0,0.0,0.0,0.0,0.0,0.0,4.0,1.0,0.0,22.0,27058.0,20222.0,0.0,0.0,0.0,0.0,2.16,0.0,0.0,0.0,0.0,0.0,4.0,11.0,0.0
227,Mark,Travers,Travers,a,,,5.0,285,13,0.0,516,56,0.0,517,65,0,0,0,0,0,68,129,0.0,0.0,0.0,0.0,0.0,517,65,,,471,65,480,57,430,57,487,65,,,,,,,,0.0,0.0,0.0,0.0,0.0,0.0,0.0,0.0,0.0,2,0,0.0,0.0,0.0,0.0,0.0,0.0,0.0,0.0,0.0,0.0,0.0,0.0,0.0,0.0,114.0,188.0,0.0,0.0,0.0,0.0,0.0,0.0,0.0,0.0,0.0,0.0,0.0,0.0,0.0
228,Tom,King,King,a,,,4.5,423,31,0.0,501,54,0.0,415,50,0,0,0,0,0,77,124,0.0,0.0,0.0,0.0,0.0,415,50,,,348,49,351,31,278,31,365,49,,,,,,,,0.0,0.0,0.0,0.0,0.0,0.0,0.0,0.0,0.0,2,0,0.0,0.0,0.0,0.0,0.0,0.0,0.0,0.0,0.0,0.0,0.0,0.0,0.0,0.0,98.0,172.0,0.0,0.0,0.0,0.0,0.0,0.0,0.0,0.0,0.0,0.0,0.0,0.0,0.0
229,James,Tarkowski,Tarkowski,a,,,6.0,56,5,9.3,43,16,9.0,8,2,12,0,0,0,0,60345,15471,1.5,3.0,9.0,9.0,9.0,13,5,,,115,53,232,80,139,46,181,70,,,,,,,,0.08,0.0,0.08,2.06,0.0,0.5,0.5,1.0,9.5,2,12,90.0,1.0,0.0,0.0,1.0,0.0,0.0,0.0,0.0,0.0,0.0,1.0,2.0,27.0,65292.0,24027.0,0.0,0.09999999999999999,0.01,0.11,2.16,0.0,0.0,0.0,0.0,1.0,9.0,3.0,10.0
230,Jarrad,Branthwaite,Branthwaite,a,,,5.5,184,25,1.9,136,54,5.0,54,21,4,0,0,0,0,5239,4079,0.9,1.8,5.0,5.0,5.0,63,23,,,92,39,231,79,119,37,152,59,,,,,,,,0.04,0.01,0.05,2.06,0.0,0.5,0.5,1.0,10.0,2,4,90.0,0.0,0.0,0.0,1.0,0.0,0.0,0.0,0.0,0.0,0.0,1.0,0.0,6.0,7674.0,5848.0,0.0,0.09,0.01,0.1,2.16,0.0,0.0,0.0,0.0,1.0,11.0,3.0,12.0
231,Michael,Keane,Keane,a,,,5.0,234,36,1.3,170,69,0.0,496,182,0,0,0,0,0,545,8928,0.0,0.0,0.0,0.0,0.0,496,182,,,440,177,447,178,388,161,456,177,,,,,,,,0.0,0.0,0.0,0.0,0.0,0.0,0.0,0.0,0.0,2,0,0.0,0.0,0.0,0.0,0.0,0.0,0.0,0.0,0.0,0.0,0.0,0.0,0.0,0.0,868.0,13450.0,0.0,0.0,0.0,0.0,0.0,0.0,0.0,0.0,0.0,0.0,0.0,0.0,0.0
232,Jake,O'Brien,O'Brien,a,,,5.0,353,70,0.4,274,104,0.0,552,197,0,0,0,0,0,257,2205,0.0,0.0,0.0,0.0,0.0,552,197,,,514,197,527,197,484,188,530,197,,,,,,,,0.0,0.0,0.0,0.0,0.0,0.0,0.0,0.0,0.0,2,0,0.0,0.0,0.0,0.0,0.0,0.0,0.0,0.0,0.0,0.0,0.0,0.0,0.0,0.0,396.0,3885.0,0.0,0.0,0.0,0.0,0.0,0.0,0.0,0.0,0.0,0.0,0.0,0.0,0.0
233,Vitalii,Mykolenko,Mykolenko,a,,,4.5,450,108,1.7,143,58,5.0,48,19,4,0,0,0,0,9799,4072,1.1,2.2,5.0,5.0,5.0,56,21,,,136,63,91,26,160,56,135,53,,,,,,,,0.0,0.03,0.03,2.06,0.0,0.5,0.5,1.0,8.0,2,4,90.0,0.0,0.0,0.0,1.0,0.0,0.0,0.0,0.0,0.0,0.0,1.0,0.0,7.0,13682.0,5932.0,0.0,0.0,0.009999999999999995,0.009999999999999995,2.16,0.0,0.0,0.0,0.0,1.0,11.0,7.0,12.0
234,Nathan,Patterson,Patterson,a,,,4.5,463,117,0.0,526,183,0.0,432,163,0,0,0,0,0,65,116,0.0,0.0,0.0,0.0,0.0,432,163,,,370,155,375,159,307,136,387,156,,,,,,,,0.0,0.0,0.0,0.0,0.0,0.0,0.0,0.0,0.0,2,0,0.0,0.0,0.0,0.0,0.0,0.0,0.0,0.0,0.0,0.0,0.0,0.0,0.0,0.0,93.0,171.0,0.0,0.0,0.0,0.0,0.0,0.0,0.0,0.0,0.0,0.0,0.0,0.0,0.0
235,Adam,Aznou,Aznou,a,,,4.0,596,182,0.2,354,132,0.0,381,131,0,0,0,0,0,312,514,0.0,0.0,0.0,0.0,0.0,381,131,,,313,117,313,119,234,87,330,118,,,,,,,,0.0,0.0,0.0,0.0,0.0,0.0,0.0,0.0,0.0,2,0,0.0,0.0,0.0,0.0,0.0,0.0,0.0,0.0,0.0,0.0,0.0,0.0,0.0,0.0,412.0,747.0,0.0,0.0,0.0,0.0,0.0,0.0,0.0,0.0,0.0,0.0,0.0,0.0,0.0
236,Kiernan,Dewsbury-Hall,Dewsbury-Hall,a,,,6.5,35,23,4.7,74,23,6.5,26,15,2,0,0,0,0,17362,20933,1.0,2.0,6.5,6.5,6.5,32,18,,,20,10,32,24,35,19,16,12,2.0,,,,,,,0.09,0.16,0.25,2.04,0.0,0.5,0.5,1.0,9.0,2,2,90.0,0.0,0.0,0.0,1.0,0.0,0.0,0.0,0.0,0.0,0.0,1.0,0.0,24.0,38476.0,25916.0,0.0,0.06,0.16,0.22000000000000003,2.16,0.0,0.0,0.0,0.0,3.0,0.0,7.0,10.0
237,Iliman,Ndiaye,Ndiaye,a,,,6.0,78,50,15.6,28,10,6.5,24,13,4,0,0,0,0,27894,54572,1.1,2.2,6.5,6.5,6.5,30,16,,,25,13,15,13,9,6,5,4,,,1.0,,,,,0.13,0.2,0.33,2.06,0.0,0.5,0.5,1.0,12.5,2,4,90.0,0.0,0.0,0.0,1.0,0.0,0.0,0.0,0.0,0.0,0.0,1.0,0.0,16.0,50519.0,70235.0,0.0,0.020000000000000018,0.07,0.08999999999999997,2.16,0.0,0.0,0.0,0.0,1.0,5.0,7.0,13.0
239,James,Garner,Garner,a,,,6.0,73,47,0.1,388,151,1.0,256,123,1,0,0,0,0,670,831,0.2,0.3,1.0,1.0,1.0,321,156,100.0,100.0,215,91,109,65,183,93,187,84,1.0,1.0,3.0,,,,,0.0,0.04,0.04,1.15,0.0,0.0,1.25,1.25,13.75,2,1,61.0,0.0,0.0,0.0,1.0,0.0,0.0,0.0,1.0,0.0,0.0,1.0,0.0,9.0,995.0,1030.0,0.0,0.0,0.0,0.0,0.5800000000000001,0.0,0.0,0.0,0.0,3.0,0.0,7.0,10.0
240,Tim,Iroegbunam,Iroegbunam,a,,,5.0,334,195,0.0,587,249,0.5,298,135,1,0,0,0,0,25,54,0.1,0.2,0.5,0.0,1.0,273,121,100.0,0.0,502,202,514,211,471,178,518,209,,,,,,,,0.0,0.0,0.0,0.0,0.0,0.0,0.0,0.0,0.0,2,1,4.0,0.0,0.0,0.0,0.0,0.0,0.0,0.0,0.0,0.0,0.0,0.0,0.0,2.0,27.0,92.0,0.0,0.0,0.0,0.0,0.0,0.0,0.0,0.0,0.0,0.0,0.0,0.0,0.0
242,Tyrique,George,George,a,,,5.5,204,129,0.3,307,107,2.5,137,64,2,0,0,0,0,511,1078,0.5,0.9,2.5,2.5,2.5,145,66,,,190,75,50,32,37,21,65,34,,,,,,,,0.14,0.06,0.2,1.41,0.0,0.62,0.62,1.25,5.62,2,2,61.0,0.0,0.0,0.0,1.0,0.0,0.0,0.0,0.0,0.0,0.0,1.0,0.0,12.0,941.0,1524.0,0.0,0.05000000000000002,0.009999999999999995,0.06,0.5800000000000001,0.0,0.0,0.0,0.0,1.0,0.0,1.0,2.0
243,Carlos,Alcaraz Durán,Alcaraz,a,,,5.0,349,204,0.1,429,171,0.5,301,138,0,0,0,0,0,236,487,0.1,0.2,0.5,0.5,0.5,341,167,,,213,89,261,137,55,30,165,75,,,,,,,,0.9,0.36,1.26,0.72,0.0,0.0,0.0,0.0,54.0,2,0,4.0,0.0,0.0,0.0,0.0,0.0,0.0,0.0,1.0,0.0,0.0,0.0,0.0,-2.0,330.0,665.0,0.0,0.030000000000000002,0.02,0.05,0.0,0.0,0.0,0.0,0.0,0.0,0.0,0.0,0.0
244,Harrison,Armstrong,Armstrong,a,,,5.0,384,230,0.3,294,99,5.0,51,26,2,0,0,0,0,6556,1793,1.0,2.0,5.0,5.0,5.0,59,30,,,55,22,83,53,135,67,81,42,,,,,,,,0.0,0.04,0.04,2.11,0.0,0.51,0.51,1.02,12.78,2,2,86.0,0.0,0.0,0.0,1.0,0.0,0.0,0.0,0.0,0.0,0.0,1.0,0.0,12.0,9297.0,2232.0,0.0,0.0,0.030000000000000006,0.030000000000000006,2.16,0.0,0.0,0.0,0.0,3.0,3.0,3.0,9.0
245,Tyler,Dibling,Dibling,a,,,5.5,191,119,0.0,523,216,0.0,591,255,0,0,0,0,0,56,204,0.0,0.0,0.0,0.0,0.0,591,255,,,569,242,582,250,568,240,582,248,,,,,,,,0.0,0.0,0.0,0.0,0.0,0.0,0.0,0.0,0.0,2,0,0.0,0.0,0.0,0.0,0.0,0.0,0.0,0.0,0.0,0.0,0.0,0.0,0.0,0.0,101.0,325.0,0.0,0.0,0.0,0.0,0.0,0.0,0.0,0.0,0.0,0.0,0.0,0.0,0.0
246,Merlin,Röhl,Röhl,a,,,5.0,354,206,0.1,477,195,2.5,127,58,2,0,0,0,0,148,243,0.5,1.0,2.5,2.5,2.5,136,60,,,128,41,100,62,173,85,136,62,,,,,,,,0.0,0.04,0.04,2.12,0.0,0.51,0.51,1.03,9.26,2,2,85.0,0.0,0.0,0.0,1.0,0.0,0.0,0.0,0.0,0.0,0.0,1.0,0.0,13.0,248.0,355.0,0.0,0.0,0.010000000000000009,0.010000000000000009,2.16,0.0,0.0,0.0,0.0,3.0,2.0,4.0,9.0
247,Hayden,Hackney,Hackney,a,,,5.5,156,96,0.2,321,112,2.0,156,74,1,0,0,0,0,135,1234,0.4,0.7,2.0,1.0,2.0,171,82,100.0,50.0,174,68,104,63,126,63,149,67,3.0,,,,,,,0.01,0.02,0.03,2.72,0.0,0.85,0.0,0.85,8.49,2,1,28.0,0.0,0.0,0.0,0.0,0.0,0.0,0.0,0.0,0.0,0.0,0.0,0.0,3.0,161.0,2239.0,0.0,0.0,0.01,0.009999999999999998,1.58,0.0,0.0,0.0,0.0,0.0,2.0,1.0,3.0
248,Norberto Bercique,Gomes Betuncal,Beto,a,,,5.5,187,42,2.2,126,19,1.0,249,27,1,0,0,0,0,2093,13228,0.2,0.4,1.0,1.0,1.0,309,35,,,568,54,581,60,177,28,285,30,,,4.0,,,,,0.26,0.0,0.26,5.57,0.0,0.0,0.0,0.0,2.9,2,1,20.0,0.0,0.0,0.0,0.0,0.0,0.0,0.0,0.0,0.0,0.0,0.0,0.0,2.0,3061.0,21619.0,0.0,0.039999999999999994,0.0,0.039999999999999994,1.5799999999999998,0.0,0.0,0.0,0.0,0.0,1.0,0.0,1.0
249,Thierno,Barry,Barry,a,,,5.5,213,44,3.9,90,14,5.0,56,5,2,0,0,0,0,42965,19000,0.9,1.8,5.0,5.0,5.0,65,7,,,31,3,65,5,14,4,15,3,,,2.0,,,,,1.18,0.06,1.24,1.35,0.0,0.61,0.61,1.22,3.67,2,2,69.0,0.0,0.0,0.0,1.0,0.0,0.0,0.0,0.0,0.0,0.0,1.0,0.0,6.0,78634.0,23917.0,0.0,1.48,0.0,1.48,0.5800000000000001,0.0,0.0,0.0,0.0,0.0,2.0,1.0,3.0
250,Bernd,Leno,Leno,a,,,4.5,408,24,3.0,108,18,2.5,117,9,3,0,0,0,0,5718,4589,0.6,1.1,2.5,2.5,2.5,126,9,,,53,7,341,24,266,24,130,7,,,,,,,,0.0,0.0,0.0,2.0,3.0,0.0,2.0,1.0,0.0,2,3,90.0,0.0,0.0,0.0,1.0,0.0,0.0,0.0,0.0,0.0,3.0,1.0,0.0,10.0,8131.0,6550.0,0.0,0.0,0.0,0.0,1.75,0.0,0.0,0.0,0.0,0.0,2.0,8.0,0.0
251,Benjamin,Lecomte,Lecomte,a,,,4.0,555,55,1.2,178,26,0.0,356,28,0,0,0,0,0,1084,1244,0.0,0.0,0.0,0.0,0.0,356,28,,,287,27,284,7,202,7,303,27,,,,,,,,0.0,0.0,0.0,0.0,0.0,0.0,0.0,0.0,0.0,2,0,0.0,0.0,0.0,0.0,0.0,0.0,0.0,0.0,0.0,0.0,0.0,0.0,0.0,0.0,1374.0,2084.0,0.0,0.0,0.0,0.0,0.0,0.0,0.0,0.0,0.0,0.0,0.0,0.0,0.0
252,Alfie,McNally,McNally,a,,,4.0,599,68,0.2,365,39,0.0,384,41,0,0,0,0,0,746,240,0.0,0.0,0.0,0.0,0.0,384,41,,,316,40,316,20,237,20,333,40,,,,,,,,0.0,0.0,0.0,0.0,0.0,0.0,0.0,0.0,0.0,2,0,0.0,0.0,0.0,0.0,0.0,0.0,0.0,0.0,0.0,0.0,0.0,0.0,0.0,0.0,890.0,338.0,0.0,0.0,0.0,0.0,0.0,0.0,0.0,0.0,0.0,0.0,0.0,0.0,0.0
253,Joachim,Andersen,Andersen,a,,,5.0,252,40,0.1,423,149,0.5,285,104,1,0,0,0,0,1411,454,0.1,0.2,0.5,0.5,1.0,257,98,100.0,100.0,454,181,463,182,405,165,470,181,,,,,,,,0.0,0.05,0.05,1.75,0.0,0.0,1.0,1.0,7.0,2,1,90.0,0.0,0.0,0.0,1.0,0.0,0.0,0.0,1.0,0.0,0.0,1.0,0.0,4.0,1959.0,559.0,0.0,0.0,0.05,0.05,1.75,0.0,0.0,0.0,0.0,0.0,7.0,2.0,7.0
254,Antonee,Robinson,Robinson,a,,,4.5,429,92,1.7,149,61,1.5,173,61,2,0,0,0,0,2810,3369,0.3,0.7,1.5,1.5,1.5,192,63,,,76,36,46,15,147,48,74,25,,,2.0,,,,,0.07,0.03,0.1,2.08,0.0,0.0,2.11,1.05,5.26,2,2,90.0,0.0,0.0,0.0,1.0,0.0,0.0,0.0,0.0,0.0,0.0,1.0,0.0,10.0,4475.0,4623.0,0.0,0.0,0.019999999999999997,0.01999999999999999,1.75,0.0,0.0,0.0,0.0,3.0,0.0,2.0,3.0
255,Jorge,Cuenca Barreno,J.Cuenca,a,,,4.5,466,120,0.0,519,181,1.5,174,62,0,0,0,0,0,183,143,0.3,0.7,1.5,1.5,3.0,103,38,,,44,16,60,18,309,138,66,22,,,,,,,,0.0,0.03,0.03,2.24,0.0,0.0,3.0,1.0,10.0,2,0,0.0,0.0,0.0,0.0,0.0,0.0,0.0,0.0,0.0,0.0,0.0,0.0,0.0,0.0,323.0,195.0,0.0,0.0,0.0,0.0,0.0,0.0,0.0,0.0,0.0,0.0,0.0,0.0,0.0
256,Kenny,Tete,Tete,a,,,4.5,428,91,0.3,312,116,0.0,417,155,0,0,0,0,0,108,582,0.0,0.0,0.0,0.0,0.0,417,155,,,350,142,354,146,281,119,367,143,,,,,,,,0.0,0.0,0.0,0.0,0.0,0.0,0.0,0.0,0.0,2,0,0.0,0.0,0.0,0.0,0.0,0.0,0.0,0.0,0.0,0.0,0.0,0.0,0.0,0.0,160.0,953.0,0.0,0.0,0.0,0.0,0.0,0.0,0.0,0.0,0.0,0.0,0.0,0.0,0.0
257,Calvin,Bassey,Bassey,a,,,4.5,457,113,0.8,222,81,1.0,216,77,2,0,0,0,0,1538,1642,0.2,0.4,1.0,1.0,1.0,241,87,,,127,59,155,46,161,57,176,67,,,,,,,,0.01,0.02,0.03,2.0,0.0,0.0,2.0,1.0,5.5,2,2,90.0,0.0,0.0,0.0,1.0,0.0,0.0,0.0,0.0,0.0,0.0,1.0,0.0,14.0,2356.0,2617.0,0.0,0.0,0.009999999999999998,0.010000000000000002,1.75,0.0,0.0,0.0,0.0,1.0,6.0,6.0,7.0
258,Timothy,Castagne,Castagne,a,,,4.5,427,90,0.5,256,95,6.0,30,10,6,0,0,0,0,5244,1092,1.3,2.7,6.0,6.0,6.0,36,13,,,30,10,35,9,41,9,22,3,,,,,,,,0.05,0.1,0.15,1.4,0.0,0.57,1.72,1.15,4.59,2,6,67.0,0.0,0.0,1.0,0.0,0.0,0.0,0.0,0.0,0.0,0.0,1.0,0.0,18.0,8102.0,1666.0,0.0,0.0,0.0,0.0,0.19999999999999973,0.0,0.0,0.0,0.0,1.0,1.0,2.0,2.0
261,Alex,Iwobi,Iwobi,a,,,5.5,123,79,0.9,196,63,2.0,153,73,2,0,0,0,0,1601,3707,0.4,0.7,2.0,2.0,2.0,169,81,,,142,48,116,68,527,214,158,72,1.0,1.0,3.0,,,,,0.0,0.19,0.19,2.0,0.0,0.0,2.0,1.0,7.0,2,2,90.0,0.0,0.0,0.0,1.0,0.0,0.0,0.0,0.0,0.0,0.0,1.0,0.0,20.0,2705.0,5422.0,0.0,0.01,0.34,0.35000000000000003,1.75,0.0,0.0,0.0,0.0,1.0,1.0,2.0,4.0
262,Emile,Smith Rowe,Smith Rowe,a,,,5.5,143,88,0.4,285,93,0.5,318,151,1,0,0,0,0,411,1528,0.1,0.2,0.5,0.5,1.0,301,143,,,551,230,567,239,542,222,567,237,,,,,,,,0.42,0.14,0.56,1.38,0.0,0.0,0.0,0.0,6.92,2,1,13.0,0.0,0.0,0.0,0.0,0.0,0.0,0.0,0.0,0.0,0.0,0.0,0.0,5.0,689.0,2391.0,0.0,0.06,0.02,0.08,0.2,0.0,0.0,0.0,0.0,0.0,0.0,1.0,1.0
263,Kevin,Santos Lopes de Macedo,Kevin,a,,,5.5,206,131,0.1,485,199,1.0,251,120,1,0,0,0,0,110,353,0.2,0.4,1.0,1.0,1.0,312,149,,,209,86,189,110,574,245,248,111,3.0,,,,,,,0.0,0.19,0.19,0.34,0.0,0.0,0.0,0.0,11.25,2,1,7.0,0.0,0.0,0.0,0.0,0.0,0.0,0.0,0.0,0.0,0.0,0.0,0.0,2.0,173.0,497.0,0.0,0.0,0.04,0.04,0.06,0.0,0.0,0.0,0.0,0.0,0.0,0.0,0.0
264,Oscar,Bobb,Bobb,a,,,5.5,183,114,0.3,288,94,2.5,133,61,3,0,0,0,0,1139,1389,0.5,0.9,2.5,2.5,2.5,141,63,,,165,62,93,59,118,60,132,61,2.0,,,,,,,0.0,0.18,0.18,1.63,0.0,0.68,2.03,1.35,7.44,2,3,67.0,0.0,0.0,1.0,0.0,0.0,0.0,0.0,0.0,0.0,0.0,1.0,0.0,8.0,1940.0,1786.0,0.0,0.0,0.010000000000000009,0.010000000000000009,0.20000000000000018,0.0,0.0,0.0,0.0,2.0,1.0,2.0,5.0
265,Sander,Berge,Berge,a,,,5.0,262,161,0.4,279,90,2.0,148,69,2,0,0,0,0,475,1140,0.4,0.8,2.0,2.0,2.0,159,74,,,129,42,52,34,104,53,91,48,,,,,,,,0.02,0.13,0.15,2.29,0.0,0.0,2.34,1.17,3.51,2,2,82.0,0.0,0.0,0.0,1.0,0.0,0.0,0.0,0.0,0.0,0.0,1.0,0.0,14.0,674.0,1669.0,0.0,0.0,0.2,0.2,1.7000000000000002,0.0,0.0,0.0,0.0,0.0,0.0,2.0,2.0
266,Tom,Cairney,Cairney,i,Knee injury - Expected back 10 Oct,,5.0,228,142,0.0,607,263,0.0,494,200,0,0,0,0,0,3,28,0.0,0.0,0.0,0.0,0.0,494,200,0.0,0.0,437,166,443,176,384,135,453,173,,,,,,,,0.0,0.0,0.0,0.0,0.0,0.0,0.0,0.0,0.0,2,0,0.0,0.0,0.0,0.0,0.0,0.0,0.0,0.0,0.0,0.0,0.0,0.0,0.0,0.0,3.0,36.0,0.0,0.0,0.0,0.0,0.0,0.0,0.0,0.0,0.0,0.0,0.0,0.0,0.0
268,Josh,King,King,a,,,5.5,211,134,0.6,233,79,4.5,67,33,2,0,0,0,0,6148,2576,0.8,1.6,4.5,4.5,4.5,77,37,,,23,12,77,48,13,8,14,11,,,,,,,,0.33,0.04,0.37,2.0,0.0,0.0,2.0,1.0,6.0,2,2,90.0,0.0,0.0,0.0,1.0,0.0,0.0,0.0,0.0,0.0,0.0,1.0,0.0,8.0,13382.0,3503.0,0.0,0.49,0.030000000000000006,0.52,1.75,0.0,0.0,0.0,0.0,2.0,1.0,1.0,4.0
269,Ryan,Sessegnon,Sessegnon,a,,,4.5,433,94,0.4,273,103,1.0,213,74,1,0,0,0,0,239,961,0.2,0.4,1.0,1.0,1.0,235,81,,,194,86,249,90,46,11,147,58,,,,,,,,0.12,0.28,0.4,3.65,0.0,0.0,2.31,0.0,4.62,2,1,22.0,0.0,0.0,0.0,1.0,0.0,0.0,0.0,0.0,0.0,0.0,0.0,0.0,3.0,384.0,1541.0,0.0,0.020000000000000004,0.12,0.14,1.55,0.0,0.0,0.0,0.0,1.0,0.0,1.0,1.0
270,Harrison,Reed,Reed,a,,,4.5,425,245,1.4,164,48,0.0,416,171,0,0,0,0,0,2122,4529,0.0,0.0,0.0,0.0,0.0,416,171,,,349,136,353,146,280,102,366,143,,,,,,,,0.0,0.0,0.0,0.0,0.0,0.0,0.0,0.0,0.0,2,0,0.0,0.0,0.0,0.0,0.0,0.0,0.0,0.0,0.0,0.0,0.0,0.0,0.0,0.0,2746.0,6883.0,0.0,0.0,0.0,0.0,0.0,0.0,0.0,0.0,0.0,0.0,0.0,0.0,0.0
271,Rodrigo,Muniz Carvalho,Muniz,a,,,5.5,155,37,0.5,249,40,0.5,322,36,0,0,0,0,0,1039,2530,0.1,0.2,0.5,0.5,1.0,304,32,,,202,13,112,13,108,22,151,15,,,,,,,,0.22,0.0,0.22,0.34,0.0,0.0,0.0,0.0,11.25,2,0,0.0,0.0,0.0,0.0,0.0,0.0,0.0,0.0,0.0,0.0,0.0,0.0,0.0,0.0,1515.0,3831.0,0.0,0.0,0.0,0.0,0.0,0.0,0.0,0.0,0.0,0.0,0.0,0.0,0.0
272,Jonah,Kusi-Asare,Kusi-Asare,a,,,4.5,540,73,6.8,60,9,0.0,483,52,0,0,0,0,0,12735,15728,0.0,0.0,0.0,0.0,0.0,483,52,,,426,35,432,42,373,41,442,44,,,,,,,,0.0,0.0,0.0,0.0,0.0,0.0,0.0,0.0,0.0,2,0,0.0,0.0,0.0,0.0,0.0,0.0,0.0,0.0,0.0,0.0,0.0,0.0,0.0,0.0,15679.0,22815.0,0.0,0.0,0.0,0.0,0.0,0.0,0.0,0.0,0.0,0.0,0.0,0.0,0.0
569,Gonzalo,García,Gonzalo,a,,,6.0,101,26,4.4,76,12,4.0,82,10,2,0,0,0,0,50179,15764,0.7,1.3,4.0,4.0,4.0,93,15,,,34,4,150,18,16,6,30,6,,,1.0,,,,,0.51,0.01,0.52,2.0,0.0,0.0,2.0,1.0,3.0,2,2,90.0,0.0,0.0,0.0,1.0,0.0,0.0,0.0,0.0,0.0,0.0,1.0,0.0,2.0,97756.0,19149.0,0.0,0.29000000000000004,0.01,0.30000000000000004,1.75,0.0,0.0,0.0,0.0,0.0,2.0,2.0,4.0
570,César,Palacios,Palacios,a,,,5.5,209,133,0.2,336,121,1.5,195,91,1,0,0,0,0,262,713,0.3,0.5,1.5,1.5,1.5,212,101,,,240,109,132,78,98,49,194,86,,,,,,,,0.12,0.01,0.13,2.29,0.0,0.0,2.43,1.22,7.91,2,1,76.0,0.0,0.0,0.0,1.0,0.0,0.0,0.0,1.0,0.0,0.0,1.0,0.0,5.0,384.0,996.0,0.0,0.04000000000000001,0.0,0.03999999999999998,1.56,0.0,0.0,0.0,0.0,0.0,3.0,6.0,9.0
580,Shea,Charles,Charles,a,,,5.0,317,188,0.1,440,177,1.0,233,108,1,0,0,0,0,86,286,0.2,0.4,1.0,1.0,1.0,269,119,,,234,104,209,118,458,172,256,116,,,,,,,,0.22,0.06,0.28,3.16,0.0,0.0,2.0,0.0,10.0,2,1,22.0,0.0,0.0,0.0,1.0,0.0,0.0,0.0,0.0,0.0,0.0,0.0,0.0,2.0,124.0,426.0,0.0,0.11,0.03,0.14,1.55,0.0,0.0,0.0,0.0,0.0,1.0,1.0,2.0
610,Luc,De Fougerolles,De Fougerolles,d,Unspecified injury - 75% chance of playing,,4.0,605,190,0.1,438,152,0.0,389,138,0,0,0,0,0,712,493,0.0,0.0,0.0,0.0,0.0,389,138,75.0,75.0,321,124,321,126,243,95,338,125,,,,,,,,0.0,0.0,0.0,0.0,0.0,0.0,0.0,0.0,0.0,2,0,0.0,0.0,0.0,0.0,0.0,0.0,0.0,0.0,0.0,0.0,0.0,0.0,0.0,0.0,1111.0,636.0,0.0,0.0,0.0,0.0,0.0,0.0,0.0,0.0,0.0,0.0,0.0,0.0,0.0
274,Jack,Butland,Butland,i,Arm injury - Unknown return date,,4.5,414,26,0.1,428,46,0.0,408,45,0,0,0,0,0,33,448,0.0,0.0,0.0,0.0,0.0,408,45,0.0,0.0,341,44,344,26,271,26,358,44,,,,,,,,0.0,0.0,0.0,0.0,0.0,0.0,0.0,0.0,0.0,2,0,0.0,0.0,0.0,0.0,0.0,0.0,0.0,0.0,0.0,0.0,0.0,0.0,0.0,0.0,53.0,646.0,0.0,0.0,0.0,0.0,0.0,0.0,0.0,0.0,0.0,0.0,0.0,0.0,0.0
273,Dillon,Phillips,Phillips,a,,,4.0,564,58,1.5,154,23,0.0,361,31,0,0,0,0,0,1688,2168,0.0,0.0,0.0,0.0,0.0,361,31,,,292,30,290,10,208,10,308,30,,,,,,,,0.0,0.0,0.0,0.0,0.0,0.0,0.0,0.0,0.0,2,0,0.0,0.0,0.0,0.0,0.0,0.0,0.0,0.0,0.0,0.0,0.0,0.0,0.0,0.0,2108.0,3504.0,0.0,0.0,0.0,0.0,0.0,0.0,0.0,0.0,0.0,0.0,0.0,0.0,0.0
275,Harvey,Cartwright,Cartwright,u,Has joined Grimsby Town on loan for the rest of the season,,4.0,595,67,0.0,594,69,0.0,380,40,0,0,0,0,0,0,28,0.0,0.0,0.0,0.0,0.0,380,40,0.0,0.0,312,39,312,19,233,19,329,39,,,,,,,,0.0,0.0,0.0,0.0,0.0,0.0,0.0,0.0,0.0,2,0,0.0,0.0,0.0,0.0,0.0,0.0,0.0,0.0,0.0,0.0,0.0,0.0,0.0,0.0,0.0,33.0,0.0,0.0,0.0,0.0,0.0,0.0,0.0,0.0,0.0,0.0,0.0,0.0,0.0
276,Thimothée,Lo-Tutala,Lo-Tutala,u,Has joined Colchester United on loan for the rest of the season,,4.0,584,64,0.0,532,59,0.0,373,37,0,0,0,0,0,0,89,0.0,0.0,0.0,0.0,0.0,373,37,0.0,0.0,305,36,305,16,224,16,322,36,,,,,,,,0.0,0.0,0.0,0.0,0.0,0.0,0.0,0.0,0.0,2,0,0.0,0.0,0.0,0.0,0.0,0.0,0.0,0.0,0.0,0.0,0.0,0.0,0.0,0.0,0.0,122.0,0.0,0.0,0.0,0.0,0.0,0.0,0.0,0.0,0.0,0.0,0.0,0.0,0.0
277,John,Egan,Egan,a,,,4.0,557,155,2.5,114,44,8.5,9,3,9,0,0,0,0,51517,4498,2.1,4.2,8.5,8.5,8.5,15,6,,,19,7,272,100,154,50,86,30,,,,,,,,0.0,0.0,0.0,1.56,0.0,1.0,0.0,1.0,17.0,2,9,90.0,0.0,0.0,1.0,0.0,0.0,0.0,0.0,0.0,0.0,0.0,1.0,1.0,25.0,55520.0,6576.0,0.0,0.0,0.0,0.0,1.29,0.0,0.0,0.0,0.0,1.0,12.0,1.0,13.0
278,Charlie,Hughes,Hughes,i,Groin injury - Unknown return date,,4.0,598,184,0.1,415,147,0.0,383,133,0,0,0,0,0,29,487,0.0,0.0,0.0,0.0,0.0,383,133,0.0,0.0,315,119,315,121,236,89,332,120,,,,,,,,0.0,0.0,0.0,0.0,0.0,0.0,0.0,0.0,0.0,2,0,0.0,0.0,0.0,0.0,0.0,0.0,0.0,0.0,0.0,0.0,0.0,0.0,0.0,0.0,39.0,712.0,0.0,0.0,0.0,0.0,0.0,0.0,0.0,0.0,0.0,0.0,0.0,0.0,0.0
279,Semi,Ajayi,Ajayi,a,,,4.0,560,157,3.7,93,35,10.0,3,1,6,0,0,0,0,129506,6905,2.5,5.0,10.0,10.0,10.0,7,3,100.0,100.0,14,4,267,97,20,4,32,7,,,,,,,,0.31,0.0,0.31,1.26,0.0,1.18,0.0,1.18,8.24,2,6,90.0,0.0,0.0,1.0,0.0,0.0,0.0,0.0,0.0,0.0,0.0,1.0,0.0,24.0,150851.0,8742.0,0.0,0.0,0.0,0.0,1.29,0.0,0.0,0.0,0.0,2.0,5.0,5.0,7.0
280,Lewie,Coyle,Coyle,d,Unspecified injury - 75% chance of playing,,4.0,570,164,0.6,238,90,3.0,92,35,0,0,0,0,0,656,2048,0.8,1.5,2.2,3.0,3.0,102,37,75.0,100.0,203,89,114,33,214,75,196,77,,,,,,,,0.0,0.01,0.01,1.78,0.0,0.79,0.0,1.58,4.74,2,0,45.0,0.0,0.0,0.0,0.0,0.0,0.0,0.0,1.0,0.0,0.0,1.0,0.0,2.0,1481.0,2582.0,0.0,0.0,0.0,0.0,1.09,0.0,0.0,0.0,0.0,0.0,4.0,1.0,4.0
281,Cody,Drameh,Drameh,a,,,4.0,581,172,0.1,461,164,1.0,206,68,1,0,0,0,0,236,210,0.2,0.5,1.0,1.0,1.0,225,72,100.0,100.0,245,97,302,113,188,64,273,98,,,,,,,,0.07,0.0,0.07,1.2,0.0,0.0,0.0,0.0,8.31,2,1,45.0,0.0,0.0,0.0,0.0,0.0,0.0,0.0,0.0,0.0,0.0,0.0,0.0,4.0,363.0,267.0,0.0,0.0,0.0,0.0,0.19999999999999996,0.0,0.0,0.0,0.0,0.0,3.0,2.0,3.0
282,Ryan,Giles,Giles,a,,,4.0,578,171,0.9,202,76,6.0,29,9,6,0,0,0,0,3987,1227,1.5,3.0,6.0,6.0,6.0,35,12,,,125,57,66,20,130,42,110,39,1.0,1.0,,,,,,0.01,0.07,0.08,1.58,0.0,1.03,0.0,1.03,4.14,2,6,90.0,0.0,0.0,1.0,0.0,0.0,0.0,0.0,0.0,0.0,0.0,1.0,0.0,21.0,5371.0,2048.0,0.0,0.0,0.07,0.07,1.2899999999999998,0.0,0.0,0.0,0.0,1.0,1.0,4.0,2.0
283,Matty,Jacob,Jacob,i,Hip injury - Expected back 5 Sep,,4.0,585,174,0.0,582,199,0.0,374,127,0,0,0,0,0,25,50,0.0,0.0,0.0,0.0,0.0,374,127,0.0,0.0,306,113,306,115,225,81,323,114,,,,,,,,0.0,0.0,0.0,0.0,0.0,0.0,0.0,0.0,0.0,2,0,0.0,0.0,0.0,0.0,0.0,0.0,0.0,0.0,0.0,0.0,0.0,0.0,0.0,0.0,35.0,81.0,0.0,0.0,0.0,0.0,0.0,0.0,0.0,0.0,0.0,0.0,0.0,0.0,0.0
284,Cathal,McCarthy,McCarthy,a,,,4.0,623,207,0.1,444,156,0.0,403,151,0,0,0,0,0,234,308,0.0,0.0,0.0,0.0,0.0,403,151,,,336,138,337,141,260,111,353,139,,,,,,,,0.0,0.0,0.0,0.0,0.0,0.0,0.0,0.0,0.0,2,0,0.0,0.0,0.0,0.0,0.0,0.0,0.0,0.0,0.0,0.0,0.0,0.0,0.0,0.0,311.0,426.0,0.0,0.0,0.0,0.0,0.0,0.0,0.0,0.0,0.0,0.0,0.0,0.0,0.0
285,Paddy,McNair,McNair,a,,,4.0,562,158,0.1,394,141,0.5,262,85,0,0,0,0,0,182,373,0.1,0.2,0.5,0.5,1.0,221,68,,,220,91,289,105,207,70,261,96,,,,,,,,0.0,0.0,0.0,3.32,0.0,0.0,0.0,0.0,6.92,2,0,0.0,0.0,0.0,0.0,0.0,0.0,0.0,0.0,0.0,0.0,0.0,0.0,0.0,0.0,245.0,485.0,0.0,0.0,0.0,0.0,0.0,0.0,0.0,0.0,0.0,0.0,0.0,0.0,0.0
286,Mohamed,Belloumi,Belloumi,a,,,5.0,366,216,0.7,229,76,4.5,64,32,6,0,0,0,0,6719,1696,0.9,1.8,4.5,4.5,4.5,74,36,,,159,57,181,106,107,55,179,81,3.0,2.0,,,,,,0.09,0.03,0.12,1.54,0.0,1.05,0.0,1.05,10.47,2,6,82.0,0.0,1.0,1.0,0.0,0.0,0.0,0.0,0.0,0.0,0.0,1.0,0.0,23.0,8929.0,2431.0,0.0,0.12000000000000001,0.020000000000000004,0.14,1.1099999999999999,0.0,0.0,0.0,0.0,2.0,3.0,5.0,10.0
287,Liam,Millar,Millar,a,,,5.0,290,175,0.1,459,185,3.0,98,44,6,0,0,0,0,1184,257,0.6,1.2,3.0,3.0,3.0,109,46,,,252,114,259,136,169,83,265,121,,,,,,,,1.04,0.0,1.04,1.57,0.0,0.0,0.0,0.0,7.2,2,6,31.0,1.0,0.0,0.0,0.0,0.0,0.0,0.0,0.0,0.0,0.0,0.0,0.0,24.0,1221.0,452.0,0.0,0.58,0.0,0.58,0.19999999999999996,0.0,0.0,0.0,0.0,0.0,1.0,0.0,1.0
288,Kieran,Dowell,Dowell,a,,,4.5,430,246,0.4,284,92,0.0,418,172,0,0,0,0,0,1249,1499,0.0,0.0,0.0,0.0,0.0,418,172,,,351,137,355,147,282,103,368,144,,,,,,,,0.0,0.0,0.0,0.0,0.0,0.0,0.0,0.0,0.0,2,0,0.0,0.0,0.0,0.0,0.0,0.0,0.0,0.0,0.0,0.0,0.0,0.0,0.0,0.0,1460.0,2131.0,0.0,0.0,0.0,0.0,0.0,0.0,0.0,0.0,0.0,0.0,0.0,0.0,0.0
289,Matt,Crooks,Crooks,d,Thigh injury - 75% chance of playing,,4.5,413,243,0.7,231,77,1.0,212,98,0,0,0,0,0,1777,3987,0.2,0.4,0.8,1.0,2.0,152,70,75.0,,89,29,171,101,270,100,169,77,,,,,,,,0.0,0.0,0.0,1.83,0.0,1.0,0.0,1.0,9.0,2,0,0.0,0.0,0.0,0.0,0.0,0.0,0.0,0.0,0.0,0.0,0.0,0.0,0.0,0.0,3349.0,4872.0,0.0,0.0,0.0,0.0,0.0,0.0,0.0,0.0,0.0,0.0,0.0,0.0,0.0
290,Regan,Slater,Slater,a,,,4.5,461,249,4.2,84,27,4.0,75,35,2,0,0,0,0,36684,12165,0.9,1.8,4.0,4.0,4.0,83,38,,,94,33,63,41,305,106,106,55,2.0,,,,,,,0.0,0.22,0.22,1.56,0.0,1.0,0.0,1.0,6.5,2,2,90.0,0.0,0.0,1.0,0.0,0.0,0.0,0.0,1.0,0.0,0.0,1.0,0.0,6.0,54101.0,15678.0,0.0,0.0,0.010000000000000009,0.010000000000000009,1.29,0.0,0.0,0.0,0.0,4.0,2.0,4.0,10.0
291,Eliot,Matazo,Matazo,i,Knee injury - Unknown return date,,4.5,477,251,0.0,601,257,0.0,439,175,0,0,0,0,0,25,34,0.0,0.0,0.0,0.0,0.0,439,175,0.0,0.0,376,140,381,150,316,108,393,147,,,,,,,,0.0,0.0,0.0,0.0,0.0,0.0,0.0,0.0,0.0,2,0,0.0,0.0,0.0,0.0,0.0,0.0,0.0,0.0,0.0,0.0,0.0,0.0,0.0,0.0,36.0,44.0,0.0,0.0,0.0,0.0,0.0,0.0,0.0,0.0,0.0,0.0,0.0,0.0,0.0
292,Abdülkadir,Ömür,Ömür,a,,,5.0,263,162,0.0,565,234,0.0,508,208,0,0,0,0,0,64,124,0.0,0.0,0.0,0.0,0.0,508,208,,,459,178,467,187,412,150,475,185,,,,,,,,0.0,0.0,0.0,0.0,0.0,0.0,0.0,0.0,0.0,2,0,0.0,0.0,0.0,0.0,0.0,0.0,0.0,0.0,0.0,0.0,0.0,0.0,0.0,0.0,84.0,180.0,0.0,0.0,0.0,0.0,0.0,0.0,0.0,0.0,0.0,0.0,0.0,0.0,0.0
293,Abu,Kamara,Kamara,u,Has joined Portsmouth permanently,,5.0,335,196,0.0,610,265,0.0,543,226,0,0,0,0,0,0,35,0.0,0.0,0.0,0.0,0.0,543,226,0.0,0.0,503,203,515,212,472,179,519,210,,,,,,,,0.0,0.0,0.0,0.0,0.0,0.0,0.0,0.0,0.0,2,0,0.0,0.0,0.0,0.0,0.0,0.0,0.0,0.0,0.0,0.0,0.0,0.0,0.0,0.0,0.0,53.0,0.0,0.0,0.0,0.0,0.0,0.0,0.0,0.0,0.0,0.0,0.0,0.0,0.0
294,Óscar,Zambrano,Zambrano,i,Thigh injury - Unknown return date,,4.5,512,259,0.1,417,164,0.0,463,183,0,0,0,0,0,309,617,0.0,0.0,0.0,0.0,0.0,463,183,0.0,0.0,403,148,410,158,348,116,419,155,,,,,,,,0.0,0.0,0.0,0.0,0.0,0.0,0.0,0.0,0.0,2,0,0.0,0.0,0.0,0.0,0.0,0.0,0.0,0.0,0.0,0.0,0.0,0.0,0.0,0.0,387.0,799.0,0.0,0.0,0.0,0.0,0.0,0.0,0.0,0.0,0.0,0.0,0.0,0.0,0.0
295,Oli,McBurnie,McBurnie,a,,,5.5,125,31,2.2,127,20,3.0,102,12,1,0,0,0,0,10633,11812,0.5,1.1,3.0,3.0,3.0,113,17,,,100,10,61,4,6,2,21,5,,,1.0,,,,,0.08,0.01,0.09,1.56,0.0,1.0,0.0,1.0,4.5,2,1,90.0,0.0,0.0,1.0,0.0,0.0,0.0,0.0,1.0,0.0,0.0,1.0,0.0,7.0,25623.0,14831.0,0.0,0.0,0.01,0.009999999999999981,1.29,0.0,0.0,0.0,0.0,0.0,0.0,4.0,4.0
296,David,Akintola,Akintola,a,,,5.0,268,166,0.0,502,207,0.0,510,209,0,0,0,0,0,373,399,0.0,0.0,0.0,0.0,0.0,510,209,,,461,179,469,188,415,152,477,186,,,,,,,,0.0,0.0,0.0,0.0,0.0,0.0,0.0,0.0,0.0,2,0,0.0,0.0,0.0,0.0,0.0,0.0,0.0,0.0,0.0,0.0,0.0,0.0,0.0,0.0,462.0,508.0,0.0,0.0,0.0,0.0,0.0,0.0,0.0,0.0,0.0,0.0,0.0,0.0,0.0
297,Darko,Gyabi,Gyabi,i,Thigh injury - Unknown return date,,4.5,478,252,0.0,547,225,0.0,440,176,0,0,0,0,0,36,137,0.0,0.0,0.0,0.0,0.0,440,176,0.0,0.0,377,141,382,151,317,109,394,148,,,,,,,,0.0,0.0,0.0,0.0,0.0,0.0,0.0,0.0,0.0,2,0,0.0,0.0,0.0,0.0,0.0,0.0,0.0,0.0,0.0,0.0,0.0,0.0,0.0,0.0,45.0,172.0,0.0,0.0,0.0,0.0,0.0,0.0,0.0,0.0,0.0,0.0,0.0,0.0,0.0
298,Enis,Destan,Destan,u,Has joined Konyaspor permanently,,4.5,497,64,0.3,295,51,0.0,449,44,0,0,0,0,0,0,1983,0.0,0.0,0.0,0.0,0.0,449,44,0.0,0.0,389,26,396,34,334,32,405,35,,,,,,,,0.0,0.0,0.0,0.0,0.0,0.0,0.0,0.0,0.0,2,0,0.0,0.0,0.0,0.0,0.0,0.0,0.0,0.0,0.0,0.0,0.0,0.0,0.0,0.0,0.0,2706.0,0.0,0.0,0.0,0.0,0.0,0.0,0.0,0.0,0.0,0.0,0.0,0.0,0.0
299,Mason,Burstow,Burstow,u,Has joined Sheffield Wednesday on loan for the rest of the season,,4.5,505,65,0.0,493,66,0.0,457,45,0,0,0,0,0,0,281,0.0,0.0,0.0,0.0,0.0,457,45,0.0,0.0,397,27,404,35,342,33,413,36,,,,,,,,0.0,0.0,0.0,0.0,0.0,0.0,0.0,0.0,0.0,2,0,0.0,0.0,0.0,0.0,0.0,0.0,0.0,0.0,0.0,0.0,0.0,0.0,0.0,0.0,0.0,374.0,0.0,0.0,0.0,0.0,0.0,0.0,0.0,0.0,0.0,0.0,0.0,0.0,0.0
340,Joe,Gelhardt,Gelhardt,i,Ankle injury - Expected back 5 Sep,,5.0,316,187,0.0,586,248,0.0,536,221,0,0,0,0,0,15,74,0.0,0.0,0.0,0.0,0.0,536,221,0.0,0.0,494,196,504,205,457,171,510,203,,,,,,,,0.0,0.0,0.0,0.0,0.0,0.0,0.0,0.0,0.0,2,0,0.0,0.0,0.0,0.0,0.0,0.0,0.0,0.0,0.0,0.0,0.0,0.0,0.0,0.0,20.0,114.0,0.0,0.0,0.0,0.0,0.0,0.0,0.0,0.0,0.0,0.0,0.0,0.0,0.0
556,Matt,Targett,Targett,a,,,4.0,565,160,2.2,124,50,0.5,264,87,0,0,0,0,0,2021,6196,0.1,0.2,0.5,0.5,1.0,223,70,,,271,101,291,106,209,71,309,106,,,,,,,,0.0,0.0,0.0,1.26,0.0,0.0,0.0,0.0,0.0,2,0,0.0,0.0,0.0,0.0,0.0,0.0,0.0,0.0,0.0,0.0,0.0,0.0,0.0,0.0,2592.0,8496.0,0.0,0.0,0.0,0.0,0.0,0.0,0.0,0.0,0.0,0.0,0.0,0.0,0.0
563,Hidemasa,Morita,Morita,a,,,5.0,308,183,0.0,550,227,0.5,294,132,1,0,0,0,0,92,72,0.1,0.2,0.5,0.5,1.0,267,117,100.0,100.0,487,192,497,201,450,167,503,199,,,,,,,,0.0,0.0,0.0,2.18,0.0,0.0,0.0,2.0,6.0,2,1,45.0,0.0,0.0,0.0,0.0,0.0,0.0,0.0,0.0,0.0,0.0,1.0,0.0,6.0,119.0,92.0,0.0,0.0,0.0,0.0,1.09,0.0,0.0,0.0,0.0,0.0,2.0,1.0,3.0
572,Konstantinos,Tzolakis,Tzolakis,a,,,4.5,482,41,4.3,82,12,10.0,4,1,10,0,0,0,0,76458,6891,2.2,4.4,10.0,10.0,10.0,8,1,,,38,4,384,41,321,41,116,4,,,,,,,,0.0,0.0,0.0,1.56,4.0,1.0,0.0,1.0,0.0,2,10,90.0,0.0,0.0,1.0,0.0,0.0,0.0,0.0,0.0,0.0,3.0,1.0,3.0,32.0,93645.0,9399.0,0.0,0.0,0.0,0.0,1.29,0.0,0.0,0.0,0.0,0.0,0.0,11.0,0.0
574,Jens,Hjertø-Dahl,Hjertø-Dahl,a,,,5.0,373,221,0.1,457,184,0.0,560,235,0,0,0,0,0,98,374,0.0,0.0,0.0,0.0,0.0,560,235,,,523,214,536,223,495,192,539,221,,,,,,,,0.0,0.0,0.0,0.0,0.0,0.0,0.0,0.0,0.0,2,0,0.0,0.0,0.0,0.0,0.0,0.0,0.0,0.0,0.0,0.0,0.0,0.0,0.0,0.0,132.0,546.0,0.0,0.0,0.0,0.0,0.0,0.0,0.0,0.0,0.0,0.0,0.0,0.0,0.0
576,Elliot,Stroud,Stroud,a,,,5.0,383,229,0.1,425,168,1.5,186,85,0,0,0,0,0,244,381,0.3,0.6,1.5,1.5,1.5,204,96,,,176,69,146,86,503,199,225,100,,,,,,,,0.01,0.03,0.04,1.58,0.0,0.7,0.0,1.41,9.14,2,0,58.0,0.0,0.0,0.0,0.0,0.0,0.0,0.0,1.0,0.0,0.0,1.0,0.0,-2.0,484.0,509.0,0.0,0.01,0.010000000000000002,0.020000000000000004,1.09,0.0,0.0,0.0,0.0,0.0,2.0,5.0,7.0
585,Lucas,Herrington,Herrington,a,,,4.0,616,200,0.6,234,87,1.0,210,72,1,0,0,0,0,788,1096,0.2,0.5,1.0,1.0,1.0,229,76,,,178,78,331,135,254,105,241,91,,,,,,,,0.0,0.0,0.0,1.83,0.0,0.0,0.0,0.0,7.89,2,1,31.0,0.0,0.0,0.0,0.0,0.0,0.0,0.0,0.0,0.0,0.0,0.0,0.0,3.0,977.0,1724.0,0.0,0.0,0.0,0.0,0.19999999999999996,0.0,0.0,0.0,0.0,0.0,1.0,0.0,1.0
586,Nobel,Mendy,Mendy,a,,,4.0,618,202,4.9,70,29,8.0,14,5,1,0,0,0,0,56100,15150,2.0,4.0,8.0,8.0,8.0,20,8,100.0,100.0,4,1,237,84,23,6,27,5,,,,,,,,0.22,0.0,0.22,1.45,0.0,0.74,0.0,1.49,16.36,2,1,58.0,0.0,0.0,0.0,0.0,0.0,0.0,0.0,0.0,0.0,0.0,1.0,0.0,9.0,99847.0,18022.0,0.0,0.009999999999999953,0.0,0.009999999999999953,1.0899999999999999,0.0,0.0,0.0,0.0,2.0,7.0,2.0,9.0
589,Lucas,Gourna-Douath,Gourna-Douath,a,,,5.0,323,190,0.0,538,221,0.5,297,134,1,0,0,0,0,63,85,0.1,0.2,0.5,0.5,1.0,271,120,,,496,198,507,207,462,174,512,205,,,,,,,,0.0,0.02,0.02,0.4,0.0,0.0,0.0,0.0,12.0,2,1,45.0,0.0,0.0,0.0,0.0,0.0,0.0,0.0,0.0,0.0,0.0,0.0,0.0,6.0,79.0,156.0,0.0,0.0,0.01,0.01,0.2,0.0,0.0,0.0,0.0,3.0,1.0,2.0,6.0
617,Mohamed-Ali,Cho,Cho,a,,,5.0,337,198,0.0,613,268,1.0,236,109,1,0,0,0,0,192,42,0.2,0.2,1.5,1.5,1.0,274,122,,,505,205,517,214,474,181,521,212,,,,,,,,0.0,0.0,0.0,2.31,0.0,0.0,0.0,0.0,0.0,2,1,7.0,0.0,0.0,0.0,0.0,0.0,0.0,0.0,0.0,0.0,0.0,0.0,0.0,3.0,217.0,44.0,0.0,0.0,0.0,0.0,0.18,0.0,0.0,0.0,0.0,0.0,0.0,0.0,0.0
259,Issa,Diop,Diop,a,,,4.0,575,168,16.6,22,7,2.0,144,52,2,0,0,0,0,8934,24852,0.5,1.0,2.0,2.0,2.0,151,54,,,184,81,226,76,156,52,234,88,,,,,,,,0.0,0.0,0.0,2.61,0.0,0.0,3.0,1.0,8.0,2,2,90.0,0.0,0.0,0.0,5.0,0.0,0.0,0.0,0.0,0.0,0.0,1.0,0.0,6.0,12201.0,37391.0,0.0,0.0,0.0,0.0,4.56,0.0,0.0,0.0,0.0,0.0,11.0,4.0,11.0
267,Saša,Lukić,Lukić,a,,,5.0,267,165,0.1,397,156,3.0,96,43,1,0,0,0,0,228,346,0.6,1.2,3.0,3.0,3.0,107,45,,,71,24,82,52,167,82,102,53,4.0,,,,,,,0.01,0.02,0.03,2.49,0.0,0.0,2.78,1.11,9.44,2,1,72.0,0.0,0.0,0.0,4.0,0.0,0.0,0.0,1.0,0.0,0.0,1.0,0.0,11.0,434.0,736.0,0.0,0.01,0.02,0.030000000000000002,3.8200000000000003,0.0,0.0,0.0,0.0,3.0,7.0,1.0,11.0
300,Christian,Walton,Walton,a,,,4.5,417,27,0.5,263,34,0.0,410,46,0,0,0,0,0,100,838,0.0,0.0,0.0,0.0,0.0,410,46,,,343,45,346,27,273,27,360,45,,,,,,,,0.0,0.0,0.0,0.0,0.0,0.0,0.0,0.0,0.0,2,0,0.0,0.0,0.0,0.0,0.0,0.0,0.0,0.0,0.0,0.0,0.0,0.0,0.0,0.0,112.0,1764.0,0.0,0.0,0.0,0.0,0.0,0.0,0.0,0.0,0.0,0.0,0.0,0.0,0.0
301,Alex,Palmer,Palmer,a,,,4.0,558,56,4.4,77,10,0.0,358,29,0,0,0,0,0,5388,6090,0.0,0.0,0.0,0.0,0.0,358,29,,,289,28,286,8,204,8,305,28,,,,,,,,0.0,0.0,0.0,0.0,0.0,0.0,0.0,0.0,0.0,2,0,0.0,0.0,0.0,0.0,0.0,0.0,0.0,0.0,0.0,0.0,0.0,0.0,0.0,0.0,6559.0,8870.0,0.0,0.0,0.0,0.0,0.0,0.0,0.0,0.0,0.0,0.0,0.0,0.0,0.0
302,David,Button,Button,a,,,4.0,551,52,0.5,265,35,0.0,352,25,0,0,0,0,0,1517,691,0.0,0.0,0.0,0.0,0.0,352,25,,,283,24,280,4,198,4,299,24,,,,,,,,0.0,0.0,0.0,0.0,0.0,0.0,0.0,0.0,0.0,2,0,0.0,0.0,0.0,0.0,0.0,0.0,0.0,0.0,0.0,0.0,0.0,0.0,0.0,0.0,1863.0,946.0,0.0,0.0,0.0,0.0,0.0,0.0,0.0,0.0,0.0,0.0,0.0,0.0,0.0
303,Cédric,Kipré,Kipré,a,,,4.0,569,163,0.6,240,91,0.0,363,121,0,0,0,0,0,128,967,0.0,0.0,0.0,0.0,0.0,363,121,,,295,107,294,108,213,74,312,108,,,,,,,,0.0,0.0,0.0,0.0,0.0,0.0,0.0,0.0,0.0,2,0,0.0,0.0,0.0,0.0,0.0,0.0,0.0,0.0,0.0,0.0,0.0,0.0,0.0,0.0,155.0,1927.0,0.0,0.0,0.0,0.0,0.0,0.0,0.0,0.0,0.0,0.0,0.0,0.0,0.0
304,Dara,O'Shea,O'Shea,a,,,4.0,574,167,3.4,100,39,2.0,143,51,0,0,0,0,0,6223,5811,0.5,1.0,2.0,2.0,2.0,150,53,,,9,2,48,16,155,51,34,9,,,,,,,,0.04,0.08,0.12,2.61,0.0,0.0,3.0,1.0,9.5,2,0,90.0,0.0,0.0,0.0,5.0,0.0,0.0,0.0,0.0,0.0,0.0,1.0,0.0,-14.0,8648.0,8649.0,0.0,0.07,0.010000000000000009,0.07999999999999999,4.56,0.0,0.0,0.0,0.0,0.0,1.0,2.0,1.0
305,Leif,Davis,Davis,a,,,4.0,588,177,4.8,71,30,4.0,72,25,6,0,0,0,0,7506,7867,1.0,2.0,4.0,4.0,4.0,80,27,,,111,50,176,52,227,83,190,75,2.0,2.0,,,,,,0.24,0.06,0.3,2.61,0.0,0.0,3.0,1.0,5.5,2,6,90.0,1.0,0.0,0.0,5.0,0.0,0.0,0.0,0.0,0.0,0.0,1.0,0.0,1.0,8459.0,11721.0,0.0,0.49,0.12000000000000001,0.61,4.56,0.0,0.0,0.0,0.0,0.0,4.0,1.0,4.0
306,Jacob,Greaves,Greaves,a,,,4.0,586,175,1.4,163,66,0.5,266,89,-1,0,0,0,0,568,1793,0.1,0.2,0.5,0.5,0.5,336,109,,,105,45,204,65,226,82,189,74,,,,,,,,0.0,0.0,0.0,2.61,0.0,0.0,3.0,1.0,8.5,2,-1,90.0,0.0,0.0,0.0,5.0,1.0,0.0,0.0,1.0,0.0,0.0,1.0,0.0,-13.0,759.0,3169.0,0.0,0.0,0.01,0.01,4.56,0.0,0.0,0.0,0.0,1.0,9.0,4.0,10.0
307,Ben,Johnson,Johnson,a,,,4.0,577,170,0.1,412,146,0.0,368,125,0,0,0,0,0,159,268,0.0,0.0,0.0,0.0,0.0,368,125,,,300,111,299,112,219,79,317,112,,,,,,,,0.0,0.0,0.0,0.0,0.0,0.0,0.0,0.0,0.0,2,0,0.0,0.0,0.0,0.0,0.0,0.0,0.0,0.0,0.0,0.0,0.0,0.0,0.0,0.0,206.0,401.0,0.0,0.0,0.0,0.0,0.0,0.0,0.0,0.0,0.0,0.0,0.0,0.0,0.0
308,Darnell,Furlong,Furlong,a,,,4.0,568,162,0.6,241,92,0.5,265,88,1,0,0,0,0,104,951,0.1,0.2,0.5,0.5,1.0,224,71,,,294,106,293,107,212,73,311,107,,,,,,,,0.0,0.0,0.0,3.86,0.0,0.0,5.29,0.0,10.59,2,1,17.0,0.0,0.0,0.0,1.0,0.0,0.0,0.0,0.0,0.0,0.0,0.0,0.0,-1.0,135.0,1807.0,0.0,0.0,0.0,0.0,0.73,0.0,0.0,0.0,0.0,0.0,2.0,0.0,2.0
309,Marcelino,Núñez,Núñez,a,,,5.0,347,202,0.1,384,148,3.0,100,45,2,0,0,0,0,349,413,0.6,1.2,3.0,3.0,3.0,111,47,,,135,45,131,77,133,66,155,70,1.0,1.0,,,,,,0.02,0.03,0.05,2.21,0.0,0.0,2.57,1.29,13.5,2,2,61.0,0.0,0.0,0.0,3.0,0.0,0.0,0.0,0.0,0.0,0.0,1.0,0.0,6.0,550.0,727.0,0.0,0.0,0.020000000000000004,0.020000000000000004,2.81,0.0,0.0,0.0,0.0,1.0,4.0,4.0,9.0
310,Azor,Matusiwa,Matusiwa,i,Muscular injury - Unknown return date,,5.0,292,176,0.0,612,267,0.0,521,215,0,0,0,0,0,4,20,0.0,0.0,0.0,0.0,0.0,521,215,0.0,0.0,475,186,484,195,435,160,491,193,,,,,,,,0.0,0.0,0.0,0.0,0.0,0.0,0.0,0.0,0.0,2,0,0.0,0.0,0.0,0.0,0.0,0.0,0.0,0.0,0.0,0.0,0.0,0.0,0.0,0.0,6.0,34.0,0.0,0.0,0.0,0.0,0.0,0.0,0.0,0.0,0.0,0.0,0.0,0.0,0.0
311,Wes,Burns,Burns,u,Has joined Leicester City permanently,,5.0,242,146,0.0,608,264,0.0,501,202,0,0,0,0,0,0,27,0.0,0.0,0.0,0.0,0.0,501,202,0.0,0.0,447,169,455,179,395,138,463,176,,,,,,,,0.0,0.0,0.0,0.0,0.0,0.0,0.0,0.0,0.0,2,0,0.0,0.0,0.0,0.0,0.0,0.0,0.0,0.0,0.0,0.0,0.0,0.0,0.0,0.0,0.0,39.0,0.0,0.0,0.0,0.0,0.0,0.0,0.0,0.0,0.0,0.0,0.0,0.0,0.0
312,Jack,Taylor,Taylor,i,Knee injury - Unknown return date,,4.5,455,248,0.0,512,213,0.0,428,174,0,0,0,0,0,49,227,0.0,0.0,0.0,0.0,0.0,428,174,0.0,0.0,365,139,369,149,300,105,382,146,,,,,,,,0.0,0.0,0.0,0.0,0.0,0.0,0.0,0.0,0.0,2,0,0.0,0.0,0.0,0.0,0.0,0.0,0.0,0.0,0.0,0.0,0.0,0.0,0.0,0.0,68.0,312.0,0.0,0.0,0.0,0.0,0.0,0.0,0.0,0.0,0.0,0.0,0.0,0.0,0.0
313,Jack,Clarke,Clarke,a,,,5.5,169,105,0.3,301,102,3.5,89,40,0,0,0,0,0,585,1106,0.6,1.3,3.5,3.5,7.0,27,14,,,40,18,245,130,51,26,72,39,3.0,3.0,1.0,,,,,0.47,0.0,0.47,0.14,0.0,0.0,0.0,0.0,9.47,2,0,0.0,0.0,0.0,0.0,0.0,0.0,0.0,0.0,0.0,0.0,0.0,0.0,0.0,0.0,1005.0,1596.0,0.0,0.0,0.0,0.0,0.0,0.0,0.0,0.0,0.0,0.0,0.0,0.0,0.0
314,Chiedozie,Ogbene,Ogbene,a,,,5.0,284,171,0.0,574,240,0.0,516,212,0,0,0,0,0,17,58,0.0,0.0,0.0,0.0,0.0,516,212,,,470,183,479,192,429,157,486,190,,,,,,,,0.0,0.0,0.0,0.0,0.0,0.0,0.0,0.0,0.0,2,0,0.0,0.0,0.0,0.0,0.0,0.0,0.0,0.0,0.0,0.0,0.0,0.0,0.0,0.0,20.0,102.0,0.0,0.0,0.0,0.0,0.0,0.0,0.0,0.0,0.0,0.0,0.0,0.0,0.0
315,Abdul,Fatawu,Fatawu,a,,,5.5,197,124,0.2,329,117,3.0,107,49,4,0,0,0,0,429,732,0.5,1.1,3.0,3.0,3.0,117,51,,,93,32,31,23,97,48,64,33,,,,,,,,0.0,0.39,0.39,3.09,0.0,0.0,3.67,1.22,6.73,2,4,82.0,0.0,1.0,0.0,5.0,0.0,0.0,0.0,1.0,0.0,0.0,1.0,0.0,25.0,490.0,1222.0,0.0,0.0,0.23000000000000004,0.23000000000000004,4.42,0.0,0.0,0.0,0.0,1.0,1.0,2.0,4.0
316,Emersonn,Correia da Silva,Emersonn,a,,,5.5,199,43,2.0,130,21,5.0,55,4,1,0,0,0,0,10524,9646,0.9,1.8,5.0,5.0,5.0,64,6,,,13,2,42,1,15,5,10,1,,,2.0,,,,,0.67,0.05,0.72,1.12,0.0,0.0,1.64,1.64,3.27,2,1,45.0,0.0,0.0,0.0,1.0,0.0,0.0,0.0,0.0,0.0,0.0,1.0,0.0,7.0,19621.0,12831.0,0.0,0.0,0.0,0.0,0.7400000000000001,0.0,0.0,0.0,0.0,0.0,1.0,0.0,1.0
317,George,Hirst,Hirst,u,Has joined Stoke City permanently,,5.0,280,51,0.2,376,54,0.0,514,53,0,0,0,0,0,0,1290,0.0,0.0,0.0,0.0,0.0,514,53,0.0,0.0,468,36,477,44,425,42,484,45,,,,,,,,0.0,0.0,0.0,0.0,0.0,0.0,0.0,0.0,0.0,2,0,0.0,0.0,0.0,0.0,0.0,0.0,0.0,0.0,0.0,0.0,0.0,0.0,0.0,0.0,0.0,2290.0,0.0,0.0,0.0,0.0,0.0,0.0,0.0,0.0,0.0,0.0,0.0,0.0,0.0
318,Jaden,Philogene,Philogene,i,Ankle injury - Unknown return date,,5.5,185,115,0.1,404,160,0.0,590,254,0,0,0,0,0,5,1115,0.0,0.0,0.0,0.0,0.0,590,254,0.0,0.0,567,241,580,249,565,238,581,247,5.0,,3.0,,,,,0.0,0.0,0.0,0.0,0.0,0.0,0.0,0.0,0.0,2,0,0.0,0.0,0.0,0.0,0.0,0.0,0.0,0.0,0.0,0.0,0.0,0.0,0.0,0.0,6.0,1980.0,0.0,0.0,0.0,0.0,0.0,0.0,0.0,0.0,0.0,0.0,0.0,0.0,0.0
319,Sam,Szmodics,Szmodics,u,Has joined Derby County on loan for the rest of the season,,5.0,250,153,0.0,604,260,0.0,506,206,0,0,0,0,0,0,78,0.0,0.0,0.0,0.0,0.0,506,206,0.0,0.0,453,174,461,184,403,145,469,181,,,,,,,,0.0,0.0,0.0,0.0,0.0,0.0,0.0,0.0,0.0,2,0,0.0,0.0,0.0,0.0,0.0,0.0,0.0,0.0,0.0,0.0,0.0,0.0,0.0,0.0,0.0,112.0,0.0,0.0,0.0,0.0,0.0,0.0,0.0,0.0,0.0,0.0,0.0,0.0,0.0
320,Chuba,Akpom,Akpom,a,,,5.0,241,49,0.5,248,39,3.0,94,11,5,0,0,0,0,2988,1994,0.6,1.2,3.0,3.0,3.0,105,16,,,258,21,454,43,165,26,276,29,,,,,,,,1.27,0.0,1.27,5.02,0.0,0.0,5.22,0.0,3.91,2,5,45.0,1.0,0.0,0.0,4.0,0.0,0.0,0.0,0.0,0.0,0.0,0.0,0.0,30.0,3567.0,3009.0,0.0,0.97,0.0,0.97,3.8200000000000003,0.0,0.0,0.0,0.0,0.0,0.0,0.0,0.0
321,Sindre,Walle Egeli,Walle Egeli,a,,,4.5,515,67,2.7,111,17,0.5,279,34,0,0,0,0,0,24932,9975,0.1,0.2,0.5,0.5,1.0,249,29,,,406,29,274,31,351,35,422,38,,,,,,,,0.0,0.0,0.0,0.27,0.0,0.0,0.0,0.0,0.0,2,0,0.0,0.0,0.0,0.0,0.0,0.0,0.0,0.0,0.0,0.0,0.0,0.0,0.0,0.0,32692.0,13923.0,0.0,0.0,0.0,0.0,0.0,0.0,0.0,0.0,0.0,0.0,0.0,0.0,0.0
322,Ali,Al-Hamadi,Al-Hamadi,u,Has joined Sheffield Wednesday on loan for the rest of the season,,5.0,315,54,0.1,411,60,0.0,535,55,0,0,0,0,0,0,1449,0.0,0.0,0.0,0.0,0.0,535,55,0.0,0.0,493,38,503,46,456,45,509,47,,,,,,,,0.0,0.0,0.0,0.0,0.0,0.0,0.0,0.0,0.0,2,0,0.0,0.0,0.0,0.0,0.0,0.0,0.0,0.0,0.0,0.0,0.0,0.0,0.0,0.0,0.0,2220.0,0.0,0.0,0.0,0.0,0.0,0.0,0.0,0.0,0.0,0.0,0.0,0.0,0.0
323,Kasey,McAteer,McAteer,a,,,4.5,475,250,1.3,166,50,1.0,217,99,1,0,0,0,0,2290,3571,0.2,0.4,1.0,1.0,1.0,243,107,,,261,120,206,116,315,107,274,128,,,,,,,,0.0,0.0,0.0,0.49,0.0,0.0,0.0,0.0,11.61,2,1,7.0,0.0,0.0,0.0,0.0,0.0,0.0,0.0,0.0,0.0,0.0,0.0,0.0,3.0,2983.0,5346.0,0.0,0.0,0.0,0.0,0.14,0.0,0.0,0.0,0.0,0.0,0.0,1.0,1.0
324,Anis,Mehmeti,Mehmeti,a,,,5.0,288,173,0.0,496,204,0.0,519,214,0,0,0,0,0,13,161,0.0,0.0,0.0,0.0,0.0,519,214,,,473,185,482,194,433,159,489,192,,,,,,,,0.0,0.0,0.0,0.0,0.0,0.0,0.0,0.0,0.0,2,0,0.0,0.0,0.0,0.0,0.0,0.0,0.0,0.0,0.0,0.0,0.0,0.0,0.0,0.0,16.0,285.0,0.0,0.0,0.0,0.0,0.0,0.0,0.0,0.0,0.0,0.0,0.0,0.0,0.0
554,Kayne,van Oevelen,Van Oevelen,u,Has joined Valencia on loan for the rest of the season,,4.5,506,46,0.0,537,61,0.0,458,59,0,0,0,0,0,0,278,0.0,0.0,0.0,0.0,0.0,458,59,0.0,0.0,398,58,405,46,343,46,414,58,,,,,,,,0.0,0.0,0.0,0.0,0.0,0.0,0.0,0.0,0.0,2,0,0.0,0.0,0.0,0.0,0.0,0.0,0.0,0.0,0.0,0.0,0.0,0.0,0.0,0.0,0.0,387.0,0.0,0.0,0.0,0.0,0.0,0.0,0.0,0.0,0.0,0.0,0.0,0.0,0.0
562,Daizen,Maeda,Maeda,a,,,5.5,168,104,0.4,283,91,2.0,160,78,2,0,0,0,0,264,1099,0.4,0.7,2.0,2.0,2.0,175,86,,,139,47,203,115,110,57,173,79,,,,,,,,0.39,0.01,0.4,2.65,0.0,0.0,2.98,1.19,7.75,2,2,72.0,0.0,0.0,0.0,4.0,0.0,0.0,0.0,0.0,0.0,0.0,1.0,0.0,9.0,329.0,1918.0,0.0,0.050000000000000044,0.01,0.06000000000000005,3.8200000000000003,0.0,0.0,0.0,0.0,1.0,2.0,1.0,4.0
564,Kjell,Scherpen,Scherpen,a,,,4.5,458,36,0.6,236,32,2.0,145,11,2,0,0,0,0,535,1148,0.4,0.9,2.0,2.0,2.0,153,11,,,118,16,371,36,302,36,215,16,,,,,,,,0.0,0.0,0.0,2.61,4.0,0.0,3.0,1.0,0.0,2,2,90.0,0.0,0.0,0.0,5.0,0.0,0.0,0.0,0.0,0.0,6.0,1.0,0.0,9.0,705.0,2008.0,0.0,0.0,0.0,0.0,4.56,0.0,0.0,0.0,0.0,0.0,5.0,13.0,0.0
571,Florentino Ibrain,Morris Luís,Florentino,d,Calf injury - 75% chance of playing,,5.0,273,167,0.1,406,161,0.0,511,210,0,0,0,0,0,26,551,0.0,0.0,0.0,0.0,0.0,511,210,75.0,75.0,463,180,472,189,419,153,479,187,,,,,,,,0.0,0.0,0.0,0.0,0.0,0.0,0.0,0.0,0.0,2,0,0.0,0.0,0.0,0.0,0.0,0.0,0.0,0.0,0.0,0.0,0.0,0.0,0.0,0.0,38.0,1072.0,0.0,0.0,0.0,0.0,0.0,0.0,0.0,0.0,0.0,0.0,0.0,0.0,0.0
591,Julio,Enciso,Enciso,a,,,5.5,181,112,0.5,255,87,5.0,53,27,5,0,0,0,0,4830,1717,0.9,1.8,5.0,5.0,5.0,62,31,100.0,100.0,77,25,88,56,52,27,68,36,,,,,,,,0.35,0.35,0.7,2.92,0.0,0.0,3.38,1.12,9.0,2,5,90.0,0.0,1.0,0.0,5.0,0.0,0.0,0.0,0.0,0.0,0.0,1.0,0.0,24.0,8339.0,2452.0,0.0,0.4,0.31,0.71,4.5600000000000005,0.0,0.0,0.0,0.0,1.0,0.0,7.0,8.0
592,Abdoul,Ouattara,Ouattara,a,,,4.0,610,195,1.0,191,74,1.0,209,71,1,0,0,0,0,824,1451,0.2,0.5,1.0,1.0,1.0,228,75,,,208,90,123,37,248,100,207,80,,,,,,,,0.0,0.0,0.0,2.53,0.0,0.0,3.33,0.0,6.67,2,1,17.0,0.0,0.0,0.0,1.0,0.0,0.0,0.0,0.0,0.0,0.0,0.0,0.0,-1.0,1068.0,2478.0,0.0,0.0,0.0,0.0,0.73,0.0,0.0,0.0,0.0,0.0,0.0,1.0,0.0
602,Cameron,Humphreys,Humphreys,a,,,4.5,504,258,0.0,511,212,0.0,456,182,0,0,0,0,0,593,218,0.0,0.0,0.0,0.0,0.0,456,182,,,396,147,403,157,341,115,412,154,,,,,,,,0.0,0.0,0.0,0.0,0.0,0.0,0.0,0.0,0.0,2,0,0.0,0.0,0.0,0.0,0.0,0.0,0.0,0.0,0.0,0.0,0.0,0.0,0.0,0.0,718.0,251.0,0.0,0.0,0.0,0.0,0.0,0.0,0.0,0.0,0.0,0.0,0.0,0.0,0.0
619,Exequiel,Palacios,Palacios,a,,,5.0,274,168,0.0,598,255,1.0,229,105,1,0,0,0,0,541,78,0.2,0.2,1.5,1.5,1.0,263,114,,,464,181,473,190,420,154,480,188,,,,,,,,0.0,0.03,0.03,5.59,0.0,0.0,6.43,0.0,19.29,2,1,28.0,0.0,0.0,0.0,2.0,0.0,0.0,0.0,0.0,0.0,0.0,0.0,0.0,11.0,630.0,83.0,0.0,0.0,0.01,0.01,1.74,0.0,0.0,0.0,0.0,1.0,2.0,3.0,6.0
260,Harry,Wilson,Wilson,a,,,6.5,34,22,5.2,69,22,2.0,166,80,1,0,0,0,0,2258,33423,0.3,0.6,2.0,2.0,2.0,183,91,,,199,80,79,50,143,72,150,68,2.0,,,,,,,0.01,0.05,0.06,1.26,0.0,0.82,0.0,0.82,6.55,2,1,45.0,0.0,0.0,0.0,0.0,0.0,0.0,0.0,0.0,0.0,0.0,0.0,0.0,7.0,4354.0,45098.0,0.0,0.01,0.039999999999999994,0.05,1.01,0.0,0.0,0.0,0.0,1.0,2.0,3.0,6.0
326,Lucas Estella,Perri,Perri,a,,,4.5,439,33,0.5,250,33,0.0,421,52,0,0,0,0,0,98,1118,0.0,0.0,0.0,0.0,0.0,421,52,,,356,51,360,33,289,33,373,51,,,,,,,,0.0,0.0,0.0,0.0,0.0,0.0,0.0,0.0,0.0,2,0,0.0,0.0,0.0,0.0,0.0,0.0,0.0,0.0,0.0,0.0,0.0,0.0,0.0,0.0,133.0,2195.0,0.0,0.0,0.0,0.0,0.0,0.0,0.0,0.0,0.0,0.0,0.0,0.0,0.0
327,Jaka,Bijol,Bijol,a,,,5.0,301,53,1.0,192,75,5.5,41,16,1,0,0,0,0,6110,3893,1.1,2.2,5.5,5.5,5.5,52,20,,,70,31,254,92,68,18,104,35,,,,,,,,0.07,0.0,0.07,0.81,0.0,0.67,0.67,1.33,11.33,2,1,45.0,0.0,0.0,0.0,1.0,0.0,0.0,0.0,0.0,0.0,0.0,1.0,0.0,0.0,14159.0,5424.0,0.0,0.0,0.0,0.0,0.5499999999999999,0.0,0.0,0.0,0.0,0.0,5.0,2.0,5.0
329,Joe,Rodon,Rodon,d,Hamstring injury - 50% chance of playing,,4.5,442,101,3.5,96,37,3.5,84,31,1,0,0,0,0,4416,10983,0.8,1.6,1.8,3.5,3.5,95,33,50.0,,117,54,86,25,122,38,118,43,,,,,,,,0.02,0.04,0.06,0.74,0.0,0.73,0.0,1.46,8.05,2,1,33.0,0.0,0.0,0.0,0.0,0.0,0.0,0.0,0.0,0.0,0.0,1.0,0.0,4.0,9330.0,13601.0,0.0,0.0,0.0,0.0,0.35,0.0,0.0,0.0,0.0,0.0,4.0,1.0,4.0
330,Jayden,Bogle,Bogle,a,,,4.5,451,109,0.5,247,94,4.0,74,27,2,0,0,0,0,1113,952,0.9,1.8,4.0,4.0,4.0,82,29,,,189,84,219,73,297,130,243,93,,,,,,,,0.0,0.01,0.01,0.77,0.0,0.57,0.57,1.15,5.73,2,2,67.0,0.0,0.0,0.0,1.0,0.0,0.0,0.0,0.0,0.0,0.0,1.0,0.0,9.0,1865.0,1636.0,0.0,0.0,0.01,0.01,0.68,0.0,0.0,0.0,0.0,2.0,5.0,5.0,7.0
331,Gabriel,Gudmundsson,Gudmundsson,a,,,4.5,462,116,0.0,500,175,0.0,431,162,0,0,0,0,0,80,104,0.0,0.0,0.0,0.0,0.0,431,162,100.0,75.0,369,154,374,158,306,135,386,155,,,,,,,,0.0,0.0,0.0,0.0,0.0,0.0,0.0,0.0,0.0,2,0,0.0,0.0,0.0,0.0,0.0,0.0,0.0,0.0,0.0,0.0,0.0,0.0,0.0,0.0,90.0,206.0,0.0,0.0,0.0,0.0,0.0,0.0,0.0,0.0,0.0,0.0,0.0,0.0,0.0
332,James,Justin,Justin,a,,,4.5,446,105,1.3,167,67,6.0,31,11,2,0,0,0,0,9813,4088,1.3,2.7,6.0,6.0,6.0,37,14,,,66,28,177,53,159,55,134,52,,,,,,,,0.02,0.01,0.03,1.11,0.0,0.5,0.5,1.0,10.0,2,2,90.0,0.0,0.0,0.0,1.0,0.0,0.0,0.0,0.0,0.0,0.0,1.0,0.0,13.0,19438.0,6124.0,0.0,0.04,0.01,0.049999999999999996,1.56,0.0,0.0,0.0,0.0,2.0,6.0,3.0,8.0
333,Sebastiaan,Bornauw,Bornauw,u,Has joined Hamburg SV on loan for the rest of the season,,4.5,470,123,0.0,609,204,0.0,436,166,0,0,0,0,0,0,14,0.0,0.0,0.0,0.0,0.0,436,166,0.0,0.0,374,158,378,161,312,140,391,159,,,,,,,,0.0,0.0,0.0,0.0,0.0,0.0,0.0,0.0,0.0,2,0,0.0,0.0,0.0,0.0,0.0,0.0,0.0,0.0,0.0,0.0,0.0,0.0,0.0,0.0,0.0,35.0,0.0,0.0,0.0,0.0,0.0,0.0,0.0,0.0,0.0,0.0,0.0,0.0,0.0
334,Tarik,Muharemović,Muharemović,a,,,5.0,359,71,3.3,103,41,5.0,50,20,4,0,0,0,0,6881,7095,1.0,2.0,5.0,5.0,5.0,58,22,,,108,48,241,87,56,15,123,46,,,,,,,,0.04,0.0,0.04,1.11,0.0,0.5,0.5,1.0,13.0,2,4,90.0,0.0,0.0,0.0,1.0,0.0,0.0,0.0,0.0,0.0,0.0,1.0,0.0,17.0,9896.0,9572.0,0.0,0.0,0.01,0.010000000000000009,1.56,0.0,0.0,0.0,0.0,2.0,17.0,3.0,19.0
335,Anton,Stach,Stach,a,,,6.0,88,56,2.8,109,32,8.5,12,6,4,0,0,0,0,14616,10438,1.4,2.8,8.5,8.5,8.5,18,9,,,10,7,179,105,66,36,47,29,1.0,1.0,,,,,,0.08,0.03,0.11,1.11,0.0,0.5,0.5,1.0,16.0,2,4,90.0,0.0,0.0,0.0,1.0,0.0,0.0,0.0,0.0,0.0,0.0,1.0,0.0,13.0,33819.0,13105.0,0.0,0.07,0.009999999999999995,0.08000000000000002,1.56,0.0,0.0,0.0,0.0,4.0,8.0,4.0,16.0
336,Noah,Okafor,Okafor,a,,,5.9,107,68,0.4,277,89,1.5,196,92,2,-1,1,-1,1,518,2625,0.3,0.5,1.5,1.5,1.5,213,102,,,164,61,89,57,138,69,141,63,,,,,,,,0.08,0.17,0.25,0.79,0.0,0.0,0.98,0.98,6.85,2,2,68.0,0.0,0.0,0.0,1.0,0.0,0.0,0.0,0.0,0.0,0.0,1.0,0.0,11.0,735.0,4574.0,0.0,0.08,0.010000000000000009,0.09,0.68,0.0,0.0,0.0,0.0,1.0,1.0,0.0,2.0
337,Brenden,Aaronson,Aaronson,a,,,5.5,159,98,0.8,212,70,2.0,157,75,1,0,0,0,0,648,3364,0.4,0.7,2.0,2.0,2.0,172,83,,,179,70,221,123,109,56,203,91,,3.0,,,,,,0.01,0.01,0.02,0.81,0.0,0.71,0.71,1.43,7.14,2,1,45.0,0.0,0.0,0.0,1.0,0.0,0.0,0.0,0.0,0.0,0.0,1.0,0.0,6.0,1103.0,5065.0,0.0,0.0,0.01,0.009999999999999998,0.5499999999999999,0.0,0.0,0.0,0.0,1.0,1.0,1.0,3.0
338,Ethan,Ampadu,Ampadu,a,,,5.5,135,83,1.3,168,51,3.5,88,39,2,0,0,0,0,1021,3889,0.6,1.3,3.5,3.5,3.5,99,42,,,91,31,51,33,536,218,97,50,,,,,,,,0.0,0.07,0.07,1.11,0.0,0.5,0.5,1.0,12.0,2,2,90.0,0.0,0.0,0.0,1.0,0.0,0.0,0.0,0.0,0.0,0.0,1.0,0.0,13.0,1961.0,5477.0,0.0,0.01,0.1,0.10999999999999999,1.56,0.0,0.0,0.0,0.0,2.0,6.0,3.0,11.0
339,Sean,Longstaff,Longstaff,a,,,5.0,253,154,0.1,398,157,0.5,286,127,0,0,0,0,0,177,600,0.1,0.2,0.5,0.5,1.0,258,111,,,455,175,268,142,406,146,471,182,3.0,2.0,,,,,,0.0,0.0,0.0,0.79,0.0,0.0,0.0,0.0,0.0,2,0,0.0,0.0,0.0,0.0,0.0,0.0,0.0,0.0,0.0,0.0,0.0,0.0,0.0,0.0,249.0,848.0,0.0,0.0,0.0,0.0,0.0,0.0,0.0,0.0,0.0,0.0,0.0,0.0,0.0
341,Wilfried,Gnonto,Gnonto,a,,,5.0,340,199,0.0,570,238,0.0,547,228,0,0,0,0,0,47,85,0.0,0.0,0.0,0.0,0.0,547,228,100.0,75.0,508,206,520,215,477,182,524,213,,,,,,,,0.0,0.0,0.0,0.0,0.0,0.0,0.0,0.0,0.0,2,0,0.0,0.0,0.0,0.0,0.0,0.0,0.0,0.0,0.0,0.0,0.0,0.0,0.0,0.0,51.0,139.0,0.0,0.0,0.0,0.0,0.0,0.0,0.0,0.0,0.0,0.0,0.0,0.0,0.0
342,Jack,Harrison,Harrison,u,Has joined New England Revolution permanently,,5.0,277,169,0.0,622,274,0.0,512,211,0,0,0,0,0,0,3,0.0,0.0,0.0,0.0,0.0,512,211,0.0,0.0,465,182,474,191,422,155,481,189,,,,,,,,0.0,0.0,0.0,0.0,0.0,0.0,0.0,0.0,0.0,2,0,0.0,0.0,0.0,0.0,0.0,0.0,0.0,0.0,0.0,0.0,0.0,0.0,0.0,0.0,0.0,5.0,0.0,0.0,0.0,0.0,0.0,0.0,0.0,0.0,0.0,0.0,0.0,0.0,0.0
343,Daniel,James,James,a,,,5.0,256,157,0.1,400,158,0.5,287,128,1,0,0,0,0,505,519,0.1,0.2,0.5,0.5,1.0,259,112,,,457,177,465,186,408,148,473,184,,,,,,,,0.86,0.04,0.9,3.6,0.0,0.0,0.0,0.0,8.18,2,1,22.0,0.0,0.0,0.0,0.0,0.0,0.0,0.0,0.0,0.0,0.0,0.0,0.0,2.0,679.0,772.0,0.0,0.21,0.01,0.22,0.88,0.0,0.0,0.0,0.0,0.0,0.0,2.0,2.0
344,Ilia,Gruev,Gruev,d,Knee injury - 25% chance of playing,,5.0,329,192,0.0,606,262,0.0,539,223,0,0,0,0,0,5,19,0.0,0.0,0.0,0.0,0.0,539,223,25.0,0.0,498,199,510,208,466,175,514,206,,,,,,,,0.0,0.0,0.0,0.0,0.0,0.0,0.0,0.0,0.0,2,0,0.0,0.0,0.0,0.0,0.0,0.0,0.0,0.0,0.0,0.0,0.0,0.0,0.0,0.0,7.0,28.0,0.0,0.0,0.0,0.0,0.0,0.0,0.0,0.0,0.0,0.0,0.0,0.0,0.0
345,Tanaka,Ao,Tanaka,a,,,5.0,295,178,0.2,332,119,0.5,292,130,1,0,0,0,0,340,1092,0.1,0.2,0.5,0.5,1.0,265,115,,,478,188,487,197,438,162,494,195,4.0,,,,,,,0.0,0.04,0.04,2.02,0.0,0.0,0.0,0.0,22.0,2,1,45.0,0.0,0.0,0.0,0.0,0.0,0.0,0.0,0.0,0.0,0.0,0.0,0.0,6.0,439.0,1690.0,0.0,0.0,0.02,0.02,1.01,0.0,0.0,0.0,0.0,3.0,5.0,3.0,11.0
346,Dominic,Calvert-Lewin,Calvert-Lewin,a,,,6.0,63,15,27.5,9,3,4.5,69,8,8,0,0,0,0,34951,89843,0.8,1.5,4.5,4.5,4.5,78,10,,,592,61,233,27,84,15,250,25,,,1.0,,,,,0.52,0.01,0.53,1.11,0.0,0.5,0.5,1.0,3.0,2,8,90.0,1.0,0.0,0.0,1.0,0.0,0.0,0.0,0.0,0.0,0.0,1.0,2.0,31.0,50935.0,130649.0,0.0,0.92,0.02,0.9400000000000001,1.56,0.0,0.0,0.0,0.0,0.0,3.0,1.0,4.0
347,Lukas,Nmecha,Nmecha,a,,,5.5,128,33,0.5,260,44,2.0,155,16,4,0,0,0,0,989,2246,0.4,0.7,2.0,2.0,4.0,90,12,,,543,48,558,56,530,55,559,57,,,2.0,,,,,0.34,0.0,0.34,3.77,0.0,0.0,0.0,0.0,4.29,2,4,21.0,0.0,1.0,0.0,0.0,0.0,0.0,0.0,0.0,0.0,0.0,0.0,0.0,18.0,1271.0,3980.0,0.0,0.08,0.0,0.08,0.88,0.0,0.0,0.0,0.0,0.0,0.0,1.0,1.0
348,Joël,Piroe,Piroe,u,Has joined West Ham United on loan for the rest of the season,,5.0,291,53,0.1,409,59,0.0,520,54,0,0,0,0,0,0,990,0.0,0.0,0.0,0.0,0.0,520,54,0.0,0.0,474,37,483,45,434,44,490,46,,,3.0,,,,,0.0,0.0,0.0,0.0,0.0,0.0,0.0,0.0,0.0,2,0,0.0,0.0,0.0,0.0,0.0,0.0,0.0,0.0,0.0,0.0,0.0,0.0,0.0,0.0,0.0,1418.0,0.0,0.0,0.0,0.0,0.0,0.0,0.0,0.0,0.0,0.0,0.0,0.0,0.0
349,Mateo,Joseph Fernández-Regatillo,Mateo Joseph,i,Knee injury - Unknown return date,,4.5,516,68,0.1,481,64,0.0,466,47,0,0,0,0,0,210,314,0.0,0.0,0.0,0.0,0.0,466,47,0.0,0.0,407,30,413,37,352,36,423,39,,,,,,,,0.0,0.0,0.0,0.0,0.0,0.0,0.0,0.0,0.0,2,0,0.0,0.0,0.0,0.0,0.0,0.0,0.0,0.0,0.0,0.0,0.0,0.0,0.0,0.0,258.0,447.0,0.0,0.0,0.0,0.0,0.0,0.0,0.0,0.0,0.0,0.0,0.0,0.0,0.0
385,James,Trafford,Trafford,a,,,5.0,299,14,4.7,73,9,6.0,33,2,3,0,0,0,0,19841,8729,1.2,2.4,6.0,6.0,6.0,39,2,,,87,13,489,58,442,58,185,13,,,,,,,,0.0,0.0,0.0,1.11,3.5,0.5,0.5,1.0,0.0,2,3,90.0,0.0,0.0,0.0,1.0,0.0,0.0,0.0,0.0,0.0,4.0,1.0,0.0,20.0,29298.0,11686.0,0.0,0.0,0.0,0.0,1.56,0.0,0.0,0.0,0.0,0.0,0.0,11.0,0.0
598,Nico,Elvedi,Elvedi,a,,,4.5,431,93,0.0,541,188,0.5,270,92,1,0,0,0,0,109,89,0.1,0.2,0.5,0.5,1.0,234,80,,,352,143,356,147,283,120,369,144,,,,,,,,0.0,0.0,0.0,1.94,0.0,0.0,1.61,0.0,9.64,2,1,56.0,0.0,0.0,0.0,1.0,0.0,0.0,0.0,0.0,0.0,0.0,0.0,0.0,7.0,157.0,136.0,0.0,0.0,0.0,0.0,1.21,0.0,0.0,0.0,0.0,1.0,5.0,4.0,6.0
603,Jayden,Lienou,Lienou,a,,,4.0,621,205,0.1,451,159,0.0,401,149,0,0,0,0,0,538,261,0.0,0.0,0.0,0.0,0.0,401,149,,,334,136,335,139,258,109,351,137,,,,,,,,0.0,0.0,0.0,0.0,0.0,0.0,0.0,0.0,0.0,2,0,0.0,0.0,0.0,0.0,0.0,0.0,0.0,0.0,0.0,0.0,0.0,0.0,0.0,0.0,656.0,295.0,0.0,0.0,0.0,0.0,0.0,0.0,0.0,0.0,0.0,0.0,0.0,0.0,0.0
604,Alfie,Cresswell,Cresswell,a,,,4.5,527,265,0.1,435,175,0.0,474,188,0,0,0,0,0,1484,463,0.0,0.0,0.0,0.0,0.0,474,188,,,415,153,421,163,361,121,431,160,,,,,,,,0.0,0.0,0.0,0.0,0.0,0.0,0.0,0.0,0.0,2,0,0.0,0.0,0.0,0.0,0.0,0.0,0.0,0.0,0.0,0.0,0.0,0.0,0.0,0.0,1855.0,543.0,0.0,0.0,0.0,0.0,0.0,0.0,0.0,0.0,0.0,0.0,0.0,0.0,0.0
350,Alisson,Becker,A.Becker,a,,,5.5,121,3,3.8,91,14,1.0,244,20,0,0,0,0,0,9098,13917,0.2,0.4,1.0,1.0,1.0,298,21,,,98,14,555,67,526,67,193,14,,,,,,,,0.0,0.0,0.0,1.94,2.0,0.0,2.0,1.0,0.0,2,0,90.0,0.0,0.0,0.0,2.0,0.0,0.0,0.0,1.0,0.0,1.0,1.0,0.0,-5.0,13900.0,17222.0,0.0,0.0,0.0,0.0,2.3,0.0,0.0,0.0,0.0,0.0,2.0,4.0,0.0
351,Giorgi,Mamardashvili,Mamardashvili,a,,,5.0,309,17,0.1,379,41,0.0,531,68,0,0,0,0,0,221,903,0.0,0.0,0.0,0.0,0.0,531,68,,,488,68,498,61,451,61,504,68,,,,,,,,0.0,0.0,0.0,0.0,0.0,0.0,0.0,0.0,0.0,2,0,0.0,0.0,0.0,0.0,0.0,0.0,0.0,0.0,0.0,0.0,0.0,0.0,0.0,0.0,290.0,1100.0,0.0,0.0,0.0,0.0,0.0,0.0,0.0,0.0,0.0,0.0,0.0,0.0,0.0
352,Freddie,Woodman,Woodman,a,,,4.0,561,57,1.1,184,28,0.0,360,30,0,0,0,0,0,2145,1830,0.0,0.0,0.0,0.0,0.0,360,30,,,291,29,288,9,206,9,307,29,,,,,,,,0.0,0.0,0.0,0.0,0.0,0.0,0.0,0.0,0.0,2,0,0.0,0.0,0.0,0.0,0.0,0.0,0.0,0.0,0.0,0.0,0.0,0.0,0.0,0.0,2635.0,2495.0,0.0,0.0,0.0,0.0,0.0,0.0,0.0,0.0,0.0,0.0,0.0,0.0,0.0
353,Armin,Pecsi,Pecsi,u,Has joined TSV Hartberg on loan for the rest of the season,,4.0,615,69,0.0,545,63,0.0,397,42,0,0,0,0,0,0,73,0.0,0.0,0.0,0.0,0.0,397,42,0.0,0.0,330,41,330,21,253,21,347,41,,,,,,,,0.0,0.0,0.0,0.0,0.0,0.0,0.0,0.0,0.0,2,0,0.0,0.0,0.0,0.0,0.0,0.0,0.0,0.0,0.0,0.0,0.0,0.0,0.0,0.0,0.0,103.0,0.0,0.0,0.0,0.0,0.0,0.0,0.0,0.0,0.0,0.0,0.0,0.0,0.0
354,Vitezslav,Jaros,Jaros,i,Knee injury - Unknown return date,,4.0,580,62,0.0,572,66,0.0,370,35,0,0,0,0,0,93,59,0.0,0.0,0.0,0.0,0.0,370,35,0.0,0.0,302,34,301,14,221,14,319,34,,,,,,,,0.0,0.0,0.0,0.0,0.0,0.0,0.0,0.0,0.0,2,0,0.0,0.0,0.0,0.0,0.0,0.0,0.0,0.0,0.0,0.0,0.0,0.0,0.0,0.0,122.0,79.0,0.0,0.0,0.0,0.0,0.0,0.0,0.0,0.0,0.0,0.0,0.0,0.0,0.0
355,Harvey,Davies,Davies,a,,,4.0,590,65,0.1,381,42,0.0,375,38,0,0,0,0,0,327,248,0.0,0.0,0.0,0.0,0.0,375,38,,,307,37,307,17,228,17,324,37,,,,,,,,0.0,0.0,0.0,0.0,0.0,0.0,0.0,0.0,0.0,2,0,0.0,0.0,0.0,0.0,0.0,0.0,0.0,0.0,0.0,0.0,0.0,0.0,0.0,0.0,408.0,339.0,0.0,0.0,0.0,0.0,0.0,0.0,0.0,0.0,0.0,0.0,0.0,0.0,0.0
356,Virgil,van Dijk,Virgil,a,,,6.5,32,2,19.0,17,5,1.5,203,67,1,0,0,0,0,16990,67344,0.2,0.5,1.5,1.5,1.5,219,67,,,63,25,196,61,40,8,73,24,,,,,,,,0.12,0.02,0.14,1.94,0.0,0.0,2.0,1.0,9.0,2,1,90.0,0.0,0.0,0.0,2.0,0.0,0.0,0.0,0.0,0.0,0.0,1.0,0.0,5.0,28313.0,79830.0,0.0,0.0,0.03,0.02999999999999997,2.3,0.0,0.0,0.0,0.0,0.0,7.0,5.0,7.0
357,Jeremie,Frimpong,Frimpong,a,,,5.5,146,17,3.3,105,43,0.5,319,112,1,0,0,0,0,6182,19496,0.1,0.2,0.5,0.5,0.5,343,114,,,131,60,19,4,87,29,53,14,,,,,,,,0.01,0.06,0.07,2.14,0.0,0.0,2.25,1.12,4.5,2,1,70.0,0.0,0.0,0.0,2.0,0.0,0.0,0.0,0.0,0.0,0.0,1.0,0.0,9.0,10603.0,24381.0,0.0,0.0,0.020000000000000004,0.01999999999999999,2.23,0.0,0.0,0.0,0.0,2.0,4.0,3.0,6.0
358,Milos,Kerkez,Kerkez,a,,,5.5,200,28,3.3,102,40,0.5,328,116,1,0,0,0,0,3215,17863,0.1,0.2,0.5,0.5,0.5,346,117,,,96,41,94,28,79,23,93,32,,,,,,,,0.01,0.02,0.03,2.14,0.0,0.0,2.25,1.12,8.44,2,1,70.0,0.0,0.0,0.0,2.0,0.0,0.0,0.0,0.0,0.0,0.0,1.0,0.0,9.0,5965.0,23221.0,0.0,0.0,0.009999999999999998,0.010000000000000002,2.23,0.0,0.0,0.0,0.0,1.0,7.0,4.0,8.0
359,Joe,Gomez,Gomez,i,Muscular injury - Unknown return date,,5.0,249,39,0.0,569,197,0.0,505,184,0,0,0,0,0,26,114,0.0,0.0,0.0,0.0,0.0,505,184,0.0,0.0,452,180,460,181,402,164,468,180,,,,,,,,0.0,0.0,0.0,0.0,0.0,0.0,0.0,0.0,0.0,2,0,0.0,0.0,0.0,0.0,0.0,0.0,0.0,0.0,0.0,0.0,0.0,0.0,0.0,0.0,37.0,144.0,0.0,0.0,0.0,0.0,0.0,0.0,0.0,0.0,0.0,0.0,0.0,0.0,0.0
360,Conor,Bradley,Bradley,i,Knee injury - Unknown return date,,5.0,339,67,0.0,590,200,0.0,546,195,0,0,0,0,0,34,56,0.0,0.0,0.0,0.0,0.0,546,195,0.0,0.0,507,195,519,195,476,186,523,195,,,,,,,,0.0,0.0,0.0,0.0,0.0,0.0,0.0,0.0,0.0,2,0,0.0,0.0,0.0,0.0,0.0,0.0,0.0,0.0,0.0,0.0,0.0,0.0,0.0,0.0,42.0,71.0,0.0,0.0,0.0,0.0,0.0,0.0,0.0,0.0,0.0,0.0,0.0,0.0,0.0
361,Wellity,Lucky,Lucky,a,,,4.0,600,185,0.1,399,142,0.0,385,134,0,0,0,0,0,324,391,0.0,0.0,0.0,0.0,0.0,385,134,,,317,120,317,122,238,90,334,121,,,,,,,,0.0,0.0,0.0,0.0,0.0,0.0,0.0,0.0,0.0,2,0,0.0,0.0,0.0,0.0,0.0,0.0,0.0,0.0,0.0,0.0,0.0,0.0,0.0,0.0,383.0,531.0,0.0,0.0,0.0,0.0,0.0,0.0,0.0,0.0,0.0,0.0,0.0,0.0,0.0
362,Jeremy,Jacquet,Jacquet,a,,,5.0,381,74,2.5,120,47,2.0,151,54,3,0,0,0,0,13983,8627,0.4,0.8,2.0,2.0,2.0,167,56,100.0,100.0,140,65,107,32,501,190,156,60,,,,,,,,0.0,0.04,0.04,2.03,0.0,0.0,2.48,1.24,8.69,2,3,76.0,0.0,0.0,0.0,2.0,0.0,0.0,0.0,0.0,0.0,0.0,1.0,0.0,13.0,17489.0,11363.0,0.0,0.0,0.05,0.05,2.23,0.0,0.0,0.0,0.0,3.0,8.0,4.0,11.0
363,Giovanni,Leoni,Leoni,i,Knee injury - Unknown return date,,4.0,622,206,0.0,505,176,0.0,402,150,0,0,0,0,0,92,170,0.0,0.0,0.0,0.0,0.0,402,150,0.0,0.0,335,137,336,140,259,110,352,138,,,,,,,,0.0,0.0,0.0,0.0,0.0,0.0,0.0,0.0,0.0,2,0,0.0,0.0,0.0,0.0,0.0,0.0,0.0,0.0,0.0,0.0,0.0,0.0,0.0,0.0,110.0,218.0,0.0,0.0,0.0,0.0,0.0,0.0,0.0,0.0,0.0,0.0,0.0,0.0,0.0
364,Kostas,Tsimikas,Tsimikas,a,,,5.0,269,43,0.1,458,163,0.5,289,106,1,0,0,0,0,111,282,0.1,0.2,0.5,0.5,1.0,262,100,,,462,184,470,184,416,168,478,184,,,,,,,,0.19,0.05,0.24,0.33,0.0,0.0,0.0,0.0,0.0,2,1,19.0,0.0,0.0,0.0,0.0,0.0,0.0,0.0,0.0,0.0,0.0,0.0,0.0,4.0,143.0,411.0,0.0,0.04,0.01,0.05,0.07,0.0,0.0,0.0,0.0,0.0,0.0,0.0,0.0
365,Calvin,Ramsay,Ramsay,u,Has joined St Mirren on loan for the rest of the season,,4.0,594,181,0.2,368,137,0.0,379,130,0,0,0,0,0,0,2084,0.0,0.0,0.0,0.0,0.0,379,130,0.0,0.0,311,116,311,118,232,86,328,117,,,,,,,,0.0,0.0,0.0,0.0,0.0,0.0,0.0,0.0,0.0,2,0,0.0,0.0,0.0,0.0,0.0,0.0,0.0,0.0,0.0,0.0,0.0,0.0,0.0,0.0,0.0,2929.0,0.0,0.0,0.0,0.0,0.0,0.0,0.0,0.0,0.0,0.0,0.0,0.0,0.0
366,Florian,Wirtz,Wirtz,a,,,7.5,18,11,10.8,36,13,3.0,116,55,4,0,0,0,0,11044,50890,0.4,0.8,3.0,3.0,3.0,125,57,,,166,63,68,42,31,17,59,32,3.0,2.0,4.0,,,,,0.29,0.14,0.43,1.66,0.0,0.0,2.37,1.18,8.88,2,4,90.0,0.0,1.0,0.0,2.0,0.0,0.0,0.0,1.0,0.0,0.0,1.0,0.0,23.0,14262.0,74739.0,0.0,0.22999999999999998,0.19999999999999998,0.43,2.3,0.0,0.0,0.0,0.0,3.0,0.0,7.0,10.0
367,Cody,Gakpo,Gakpo,a,,,7.0,25,16,7.2,56,20,8.5,13,7,5,0,0,0,0,49533,26261,1.2,2.4,8.5,8.5,8.5,19,10,,,16,9,22,17,18,9,9,8,2.0,,3.0,,,,,0.17,0.45,0.62,2.14,0.0,0.0,2.25,1.12,8.44,2,5,70.0,0.0,1.0,0.0,2.0,0.0,0.0,0.0,0.0,0.0,0.0,1.0,0.0,21.0,88889.0,31857.0,0.0,0.0,0.65,0.6500000000000001,2.23,0.0,0.0,0.0,0.0,0.0,1.0,2.0,3.0
368,Dominik,Szoboszlai,Szoboszlai,a,,,7.0,26,17,42.7,4,2,6.0,38,20,4,0,0,0,0,51214,84846,0.9,1.7,6.0,6.0,6.0,48,25,,,7,5,8,7,45,24,7,6,1.0,1.0,1.0,,,,,0.5,0.22,0.72,1.94,0.0,0.0,2.0,1.0,10.0,2,4,90.0,0.0,0.0,0.0,2.0,0.0,0.0,0.0,0.0,0.0,0.0,1.0,0.0,24.0,95373.0,96371.0,0.0,0.16000000000000003,0.16999999999999998,0.32999999999999985,2.3,0.0,0.0,0.0,0.0,3.0,3.0,7.0,13.0
369,Rio,Ngumoha,Ngumoha,a,,,6.0,103,65,1.0,190,61,1.5,202,95,1,0,0,0,0,1084,9776,0.2,0.5,1.5,1.5,1.5,218,105,,,244,110,139,83,128,64,226,101,,,,,,,,0.04,0.06,0.1,0.64,0.0,0.0,2.22,1.11,3.33,2,1,19.0,0.0,0.0,0.0,0.0,0.0,0.0,0.0,0.0,0.0,0.0,0.0,0.0,5.0,1896.0,12180.0,0.0,0.0,0.030000000000000002,0.03,0.06999999999999995,0.0,0.0,0.0,0.0,0.0,0.0,0.0,0.0
370,Federico,Chiesa,Chiesa,i,Back injury - Unknown return date,,5.5,148,91,0.1,430,172,0.0,583,248,0,0,0,0,0,15,1822,0.0,0.0,0.0,0.0,0.0,583,248,0.0,0.0,555,233,570,242,546,225,570,240,,,,,,,,0.0,0.0,0.0,0.0,0.0,0.0,0.0,0.0,0.0,2,0,0.0,0.0,0.0,0.0,0.0,0.0,0.0,0.0,0.0,0.0,0.0,0.0,0.0,0.0,19.0,2591.0,0.0,0.0,0.0,0.0,0.0,0.0,0.0,0.0,0.0,0.0,0.0,0.0,0.0
371,Ryan,Gravenberch,Gravenberch,a,,,6.0,80,51,1.9,133,41,3.0,113,53,1,0,0,0,0,2911,12701,0.5,1.0,3.0,3.0,3.0,123,55,,,68,23,75,46,141,71,94,49,,,,,,,,0.06,0.06,0.12,1.1,0.0,0.0,1.88,0.94,11.25,2,1,19.0,0.0,0.0,0.0,0.0,0.0,0.0,0.0,0.0,0.0,0.0,0.0,0.0,7.0,5577.0,14957.0,0.0,0.0,0.009999999999999995,0.009999999999999995,0.06999999999999984,0.0,0.0,0.0,0.0,1.0,0.0,0.0,1.0
372,Alexis,Mac Allister,Mac Allister,a,,,5.5,154,95,1.6,152,45,1.5,191,87,2,0,0,0,0,2885,7217,0.3,0.5,1.5,1.5,1.5,209,98,,,204,82,202,114,549,228,246,109,,,5.0,,,,,0.0,0.35,0.35,2.88,0.0,0.0,1.75,0.87,11.36,2,2,76.0,0.0,0.0,0.0,2.0,0.0,0.0,0.0,0.0,0.0,0.0,1.0,0.0,10.0,3816.0,10283.0,0.0,0.0,0.39,0.39,2.2299999999999995,0.0,0.0,0.0,0.0,3.0,2.0,5.0,10.0
373,Curtis,Jones,C.Jones,u,Has joined Internazionale permanently,,5.5,141,86,0.0,524,217,0.0,580,245,0,0,0,0,0,1,347,0.0,0.0,0.0,0.0,0.0,580,245,0.0,75.0,550,229,566,238,541,221,566,236,,,,,,,,0.0,0.0,0.0,0.0,0.0,0.0,0.0,0.0,0.0,2,0,0.0,0.0,0.0,0.0,0.0,0.0,0.0,0.0,0.0,0.0,0.0,0.0,0.0,0.0,5.0,463.0,0.0,0.0,0.0,0.0,0.0,0.0,0.0,0.0,0.0,0.0,0.0,0.0,0.0
374,Endo,Wataru,Endo,a,,,5.0,247,151,0.1,469,191,0.0,504,205,0,0,0,0,0,205,403,0.0,0.0,0.0,0.0,0.0,504,205,100.0,100.0,451,173,459,183,400,143,467,180,,,,,,,,0.0,0.0,0.0,0.0,0.0,0.0,0.0,0.0,0.0,2,0,0.0,0.0,0.0,0.0,0.0,0.0,0.0,0.0,0.0,0.0,0.0,0.0,0.0,0.0,245.0,510.0,0.0,0.0,0.0,0.0,0.0,0.0,0.0,0.0,0.0,0.0,0.0,0.0,0.0
375,Trey,Nyoni,Nyoni,a,,,5.0,380,227,0.0,514,214,0.5,308,143,1,0,0,0,0,122,213,0.1,0.2,0.5,0.5,1.0,286,131,,,527,218,539,226,500,197,543,225,,,,,,,,0.0,0.0,0.0,0.48,0.0,0.0,0.0,0.0,34.62,2,1,13.0,0.0,0.0,0.0,0.0,0.0,0.0,0.0,0.0,0.0,0.0,0.0,0.0,3.0,135.0,296.0,0.0,0.0,0.0,0.0,0.07,0.0,0.0,0.0,0.0,2.0,1.0,2.0,5.0
376,Stefan,Bajčetić Maquieira,Bajcetic,i,Hamstring injury - Unknown return date,,5.0,363,213,0.0,620,272,0.0,554,230,0,0,0,0,0,3,14,0.0,0.0,0.0,0.0,0.0,554,230,0.0,0.0,516,209,529,218,487,186,532,216,,,,,,,,0.0,0.0,0.0,0.0,0.0,0.0,0.0,0.0,0.0,2,0,0.0,0.0,0.0,0.0,0.0,0.0,0.0,0.0,0.0,0.0,0.0,0.0,0.0,0.0,4.0,16.0,0.0,0.0,0.0,0.0,0.0,0.0,0.0,0.0,0.0,0.0,0.0,0.0,0.0
377,Victor,Munoz,Munoz,a,,,6.5,48,32,0.8,211,69,5.0,57,28,6,0,0,0,0,20397,3632,0.8,1.5,5.0,5.0,5.0,66,32,,,226,99,127,74,74,41,146,65,,,,,,,,0.32,0.18,0.5,2.59,0.0,0.0,1.54,0.77,5.38,2,6,90.0,1.0,0.0,0.0,2.0,0.0,0.0,0.0,1.0,0.0,0.0,1.0,0.0,24.0,21408.0,4615.0,0.0,0.31999999999999995,0.19,0.51,2.3,0.0,0.0,0.0,0.0,2.0,4.0,1.0,7.0
378,James,McConnell,McConnell,a,,,4.5,491,254,0.3,315,110,0.0,443,178,0,0,0,0,0,368,891,0.0,0.0,0.0,0.0,0.0,443,178,,,383,143,390,153,328,111,399,150,,,,,,,,0.0,0.0,0.0,0.0,0.0,0.0,0.0,0.0,0.0,2,0,0.0,0.0,0.0,0.0,0.0,0.0,0.0,0.0,0.0,0.0,0.0,0.0,0.0,0.0,415.0,1248.0,0.0,0.0,0.0,0.0,0.0,0.0,0.0,0.0,0.0,0.0,0.0,0.0,0.0
379,Alexander,Isak,Isak,a,,,9.0,5,2,16.2,25,4,5.0,59,6,8,0,0,0,0,28750,52668,0.6,1.1,5.0,5.0,5.0,69,8,,,153,11,85,7,1,1,19,4,,,2.0,,,,,1.04,0.0,1.04,1.94,0.0,0.0,2.0,1.0,1.0,2,8,90.0,1.0,0.0,0.0,2.0,0.0,0.0,0.0,0.0,0.0,0.0,1.0,2.0,30.0,43607.0,70523.0,0.0,0.99,0.0,0.9899999999999998,2.3,0.0,0.0,0.0,0.0,1.0,0.0,0.0,1.0
380,Hugo,Ekitiké,Ekitiké,i,Achilles injury - Unknown return date,,7.5,19,7,0.1,389,56,0.0,618,72,0,0,0,0,0,220,1231,0.0,0.0,0.0,0.0,0.0,618,72,0.0,0.0,620,72,621,72,621,72,621,72,,,,,,,,0.0,0.0,0.0,0.0,0.0,0.0,0.0,0.0,0.0,2,0,0.0,0.0,0.0,0.0,0.0,0.0,0.0,0.0,0.0,0.0,0.0,0.0,0.0,0.0,262.0,1544.0,0.0,0.0,0.0,0.0,0.0,0.0,0.0,0.0,0.0,0.0,0.0,0.0,0.0
381,Lewis,Koumas,Koumas,a,,,5.0,357,209,0.0,549,226,0.5,302,139,0,0,0,0,0,51,110,0.1,0.2,0.5,0.5,1.0,279,126,,,262,121,250,133,106,54,236,107,,,,,,,,0.22,0.0,0.22,3.6,0.0,0.0,0.0,0.0,7.5,2,0,0.0,0.0,0.0,0.0,0.0,0.0,0.0,0.0,0.0,0.0,0.0,0.0,0.0,0.0,75.0,144.0,0.0,0.0,0.0,0.0,0.0,0.0,0.0,0.0,0.0,0.0,0.0,0.0,0.0
382,Jayden,Danns,Danns,i,Unspecified injury - Unknown return date,,4.5,495,63,0.0,521,68,0.0,447,43,0,0,0,0,0,183,178,0.0,0.0,0.0,0.0,0.0,447,43,0.0,0.0,387,25,394,33,332,31,403,34,,,,,,,,0.0,0.0,0.0,0.0,0.0,0.0,0.0,0.0,0.0,2,0,0.0,0.0,0.0,0.0,0.0,0.0,0.0,0.0,0.0,0.0,0.0,0.0,0.0,0.0,213.0,247.0,0.0,0.0,0.0,0.0,0.0,0.0,0.0,0.0,0.0,0.0,0.0,0.0,0.0
579,Ronald,Araujo,Araujo,a,,,5.5,171,23,2.5,115,45,0.5,324,115,0,0,0,0,0,4166,25787,0.1,0.2,0.5,0.5,0.5,345,116,,,134,62,215,71,556,198,219,84,,,,,,,,0.0,0.11,0.11,1.66,0.0,0.0,0.0,0.0,13.64,2,0,13.0,0.0,0.0,0.0,0.0,0.0,0.0,0.0,1.0,0.0,0.0,0.0,0.0,-1.0,5829.0,30252.0,0.0,0.0,0.010000000000000002,0.010000000000000002,0.06999999999999995,0.0,0.0,0.0,0.0,0.0,1.0,2.0,1.0
238,Jack,Grealish,Grealish,a,,,6.5,33,21,0.2,334,120,0.5,345,166,0,0,0,0,0,394,1588,0.1,0.2,0.5,0.5,1.0,330,162,100.0,100.0,267,124,248,132,608,265,287,136,,,,,,,,0.0,0.0,0.0,0.0,0.0,0.0,0.0,0.0,11.25,2,0,0.0,0.0,0.0,0.0,0.0,0.0,0.0,0.0,0.0,0.0,0.0,0.0,0.0,0.0,528.0,2064.0,0.0,0.0,0.0,0.0,0.0,0.0,0.0,0.0,0.0,0.0,0.0,0.0,0.0
384,Gianluigi,Donnarumma,Donnarumma,a,,,5.5,139,4,8.1,50,7,1.5,188,17,0,0,0,0,0,12137,35975,0.3,0.5,1.5,1.5,1.5,206,19,,,61,10,565,68,540,68,145,10,,,,,,,,0.0,0.0,0.0,0.66,2.0,0.0,1.0,1.0,0.0,2,0,90.0,0.0,0.0,0.0,1.0,1.0,0.0,0.0,0.0,0.0,1.0,1.0,0.0,5.0,17769.0,42123.0,0.0,0.0,0.0,0.0,0.66,0.0,0.0,0.0,0.0,0.0,0.0,8.0,0.0
386,Marcus,Bettinelli,Bettinelli,a,,,4.5,421,30,0.0,536,60,0.0,414,49,0,0,0,0,0,39,106,0.0,0.0,0.0,0.0,0.0,414,49,,,347,48,350,30,277,30,364,48,,,,,,,,0.0,0.0,0.0,0.0,0.0,0.0,0.0,0.0,0.0,2,0,0.0,0.0,0.0,0.0,0.0,0.0,0.0,0.0,0.0,0.0,0.0,0.0,0.0,0.0,61.0,142.0,0.0,0.0,0.0,0.0,0.0,0.0,0.0,0.0,0.0,0.0,0.0,0.0,0.0
387,Nico,O'Reilly,O'Reilly,a,,,6.5,43,4,20.2,15,3,2.0,167,57,2,0,0,0,0,20675,76001,0.3,0.6,2.0,2.0,2.0,185,59,,,173,75,27,6,86,28,79,27,,,,,,,,0.05,0.26,0.31,0.73,0.0,0.0,1.2,1.2,1.8,2,2,88.0,0.0,0.0,0.0,1.0,0.0,0.0,0.0,0.0,0.0,0.0,1.0,0.0,11.0,30765.0,93286.0,0.0,0.01999999999999999,0.020000000000000018,0.040000000000000036,0.6599999999999999,0.0,0.0,0.0,0.0,1.0,0.0,2.0,1.0
389,Matheus,Nunes,Matheus N.,d,Unspecified injury - 75% chance of playing,,6.0,87,10,1.3,169,68,0.5,338,117,0,0,0,0,0,51,12842,0.1,0.2,0.4,0.4,1.0,323,108,75.0,75.0,229,94,199,63,142,47,238,89,,,4.0,,,,,0.0,0.11,0.11,0.27,0.0,0.0,0.0,0.0,2.73,2,0,0.0,0.0,0.0,0.0,0.0,0.0,0.0,0.0,0.0,0.0,0.0,0.0,0.0,0.0,92.0,18067.0,0.0,0.0,0.0,0.0,0.0,0.0,0.0,0.0,0.0,0.0,0.0,0.0,0.0
390,Rúben,dos Santos Gato Alves Dias,Rúben,a,,,5.5,126,13,1.8,141,56,2.0,154,55,2,0,0,0,0,3873,6208,0.4,0.7,2.0,2.0,2.0,170,57,,,67,29,67,21,175,62,92,31,,,,,,,,0.04,0.36,0.4,0.66,0.0,0.0,1.0,1.0,6.0,2,2,90.0,0.0,0.0,0.0,1.0,0.0,0.0,0.0,0.0,0.0,0.0,1.0,0.0,19.0,5015.0,8042.0,0.0,0.09,0.57,0.66,0.66,0.0,0.0,0.0,0.0,1.0,5.0,6.0,6.0
391,Joško,Gvardiol,Gvardiol,a,,,5.6,114,12,15.8,26,9,7.0,22,8,5,1,-1,1,-1,169742,17108,1.3,2.5,7.0,7.0,7.0,28,11,,,11,3,97,29,59,17,33,8,,,,,,,,0.1,0.05,0.15,0.72,0.0,0.0,1.1,1.1,4.94,2,5,74.0,0.0,1.0,0.0,1.0,0.0,0.0,0.0,0.0,0.0,0.0,1.0,0.0,18.0,211465.0,23327.0,0.0,0.0,0.039999999999999994,0.040000000000000036,0.66,0.0,0.0,0.0,0.0,1.0,1.0,0.0,2.0
388,Marc,Guéhi,Guéhi,a,,,6.0,68,6,19.5,16,4,6.0,36,13,2,0,0,0,0,38043,44466,1.0,2.0,6.0,6.0,6.0,45,17,,,18,6,69,22,32,7,23,4,,,,,,,,0.44,0.18,0.62,0.66,0.0,0.0,1.0,1.0,4.5,2,2,90.0,0.0,0.0,0.0,1.0,0.0,0.0,0.0,0.0,0.0,0.0,1.0,0.0,12.0,64568.0,51712.0,0.0,0.0,0.03999999999999998,0.040000000000000036,0.66,0.0,0.0,0.0,0.0,0.0,5.0,4.0,5.0
392,Rayan,Aït-Nouri,Aït-Nouri,a,,,5.4,220,33,0.7,228,85,0.0,568,199,0,-1,1,-1,1,584,8654,0.0,0.0,0.0,0.0,0.0,568,199,,,535,200,548,200,516,193,551,200,,,,,,,,0.0,0.0,0.0,0.0,0.0,0.0,0.0,0.0,0.0,2,0,0.0,0.0,0.0,0.0,0.0,0.0,0.0,0.0,0.0,0.0,0.0,0.0,0.0,0.0,790.0,11435.0,0.0,0.0,0.0,0.0,0.0,0.0,0.0,0.0,0.0,0.0,0.0,0.0,0.0
393,Abdukodir,Khusanov,Khusanov,a,,,5.5,212,31,1.7,145,60,2.0,161,56,2,0,0,0,0,2182,6344,0.4,0.7,2.0,2.0,2.0,178,58,,,101,43,161,48,577,204,180,69,,,,,,,,0.0,0.02,0.02,0.66,0.0,0.0,1.01,1.01,5.56,2,2,88.0,0.0,0.0,0.0,1.0,0.0,0.0,0.0,0.0,0.0,0.0,1.0,0.0,17.0,2819.0,8550.0,0.0,0.0,0.02,0.02,0.66,0.0,0.0,0.0,0.0,4.0,3.0,3.0,7.0
394,Max,Alleyne,Alleyne,u,Has joined Burnley on loan for the rest of the season,,5.0,341,68,0.0,600,203,0.0,548,196,0,0,0,0,0,0,47,0.0,0.0,0.0,0.0,0.0,548,196,0.0,0.0,509,196,521,196,478,187,525,196,,,,,,,,0.0,0.0,0.0,0.0,0.0,0.0,0.0,0.0,0.0,2,0,0.0,0.0,0.0,0.0,0.0,0.0,0.0,0.0,0.0,0.0,0.0,0.0,0.0,0.0,0.0,73.0,0.0,0.0,0.0,0.0,0.0,0.0,0.0,0.0,0.0,0.0,0.0,0.0,0.0
395,Rico,Lewis,Lewis,a,,,4.5,483,129,0.2,318,119,0.5,277,99,0,0,0,0,0,514,1847,0.1,0.2,0.5,0.5,1.0,246,91,,,227,93,156,47,17,3,83,29,,,,,,,,0.27,0.03,0.3,0.88,0.0,0.0,1.61,1.61,3.21,2,0,0.0,0.0,0.0,0.0,0.0,0.0,0.0,0.0,0.0,0.0,0.0,0.0,0.0,0.0,1083.0,2222.0,0.0,0.0,0.0,0.0,0.0,0.0,0.0,0.0,0.0,0.0,0.0,0.0,0.0
396,Vitor,de Oliveira Nunes dos Reis,Vitor Reis,a,,,4.5,536,148,0.0,548,190,0.5,281,102,1,0,0,0,0,30,78,0.1,0.2,0.5,0.5,1.0,252,96,,,422,173,428,174,369,157,438,173,,,,,,,,0.0,0.0,0.0,0.0,0.0,0.0,0.0,0.0,0.0,2,1,1.0,0.0,0.0,0.0,0.0,0.0,0.0,0.0,0.0,0.0,0.0,0.0,0.0,3.0,41.0,121.0,0.0,0.0,0.0,0.0,0.0,0.0,0.0,0.0,0.0,0.0,0.0,0.0,0.0
397,Antoine,Semenyo,Semenyo,a,,,8.5,6,4,22.7,12,6,3.5,91,41,5,0,0,0,0,16422,117530,0.4,0.8,3.5,3.5,3.5,101,43,,,205,83,128,75,28,14,88,46,,,2.0,,,,,0.06,0.3,0.36,0.66,0.0,0.0,1.0,1.0,4.0,2,5,90.0,0.0,1.0,0.0,1.0,0.0,0.0,0.0,0.0,0.0,0.0,1.0,0.0,33.0,25473.0,151199.0,0.0,0.06,0.57,0.63,0.66,0.0,0.0,0.0,0.0,1.0,0.0,2.0,3.0
398,Phil,Foden,Foden,a,,,7.0,24,15,4.3,79,26,5.0,58,29,9,0,0,0,0,36513,13659,0.7,1.4,5.0,5.0,5.0,67,33,,,163,60,5,4,71,39,37,22,3.0,2.0,,,,,,0.52,0.45,0.97,0.69,0.0,0.0,1.05,1.05,6.84,2,9,90.0,0.0,2.0,0.0,1.0,0.0,0.0,0.0,0.0,0.0,0.0,1.0,1.0,38.0,40736.0,23258.0,0.0,0.87,0.44999999999999996,1.32,0.66,0.0,0.0,0.0,0.0,1.0,2.0,4.0,7.0
399,Rayan,Cherki,Cherki,a,,,7.6,13,8,17.3,21,8,11.0,2,2,14,1,-1,1,-1,552523,10502,1.4,2.9,11.0,11.0,11.0,6,4,,,28,15,6,5,146,75,18,14,1.0,1.0,,,,,,0.29,0.88,1.17,0.63,0.0,0.0,0.83,0.83,2.5,2,14,81.0,2.0,0.0,0.0,1.0,0.0,0.0,0.0,1.0,0.0,0.0,1.0,3.0,60.0,589030.0,17228.0,0.0,0.35,0.55,0.8999999999999999,0.66,0.0,0.0,0.0,0.0,0.0,0.0,3.0,3.0
400,Jérémy,Doku,Doku,i,Calf injury - Expected back 5 Sep,,7.4,22,13,1.1,183,56,0.0,617,272,0,-1,1,-1,1,160,11896,0.0,0.0,0.0,0.0,0.0,617,272,0.0,0.0,619,272,620,273,620,273,620,273,,,3.0,,,,,0.0,0.0,0.0,0.0,0.0,0.0,0.0,0.0,0.0,2,0,0.0,0.0,0.0,0.0,0.0,0.0,0.0,0.0,0.0,0.0,0.0,0.0,0.0,0.0,191.0,20069.0,0.0,0.0,0.0,0.0,0.0,0.0,0.0,0.0,0.0,0.0,0.0,0.0,0.0
402,Rodrigo 'Rodri',Hernandez Cascante,Rodrigo,u,Has joined Barcelona permanently,,6.5,36,24,0.0,575,241,0.0,610,268,0,0,0,0,0,0,114,0.0,0.0,0.0,0.0,0.0,610,268,0.0,0.0,609,267,611,268,609,266,611,268,,,,,,,,0.0,0.0,0.0,0.0,0.0,0.0,0.0,0.0,0.0,2,0,0.0,0.0,0.0,0.0,0.0,0.0,0.0,0.0,0.0,0.0,0.0,0.0,0.0,0.0,0.0,144.0,0.0,0.0,0.0,0.0,0.0,0.0,0.0,0.0,0.0,0.0,0.0,0.0,0.0
404,Tijjani,Reijnders,Reijnders,u,Has joined Al Qadsiah permanently,,6.0,76,49,0.1,482,198,0.0,603,262,0,0,0,0,0,0,662,0.0,0.0,0.0,0.0,0.0,603,262,0.0,0.0,596,259,600,261,593,254,600,261,,,,,,,,0.0,0.0,0.0,0.0,0.0,0.0,0.0,0.0,0.0,2,0,0.0,0.0,0.0,0.0,0.0,0.0,0.0,0.0,0.0,0.0,0.0,0.0,0.0,0.0,0.0,1029.0,0.0,0.0,0.0,0.0,0.0,0.0,0.0,0.0,0.0,0.0,0.0,0.0,0.0
406,Mateo,Kovačić,Kovačić,a,,,5.5,119,77,0.1,436,176,1.0,243,114,1,0,0,0,0,219,599,0.2,0.4,1.0,1.0,1.0,297,140,,,249,113,185,108,524,213,268,124,,,,,,,,0.0,0.04,0.04,0.21,0.0,0.0,0.0,0.0,4.29,2,1,15.0,0.0,0.0,0.0,0.0,0.0,0.0,0.0,0.0,0.0,0.0,0.0,0.0,9.0,333.0,775.0,0.0,0.0,0.01,0.01,0.0,0.0,0.0,0.0,0.0,0.0,0.0,0.0,0.0
407,Claudio,Echeverri,Echeverri,a,,,5.0,377,224,0.0,567,236,0.0,561,236,0,0,0,0,0,39,129,0.0,0.0,0.0,0.0,0.0,561,236,,,526,217,538,225,498,195,542,224,,,,,,,,0.0,0.0,0.0,0.0,0.0,0.0,0.0,0.0,0.0,2,0,0.0,0.0,0.0,0.0,0.0,0.0,0.0,0.0,0.0,0.0,0.0,0.0,0.0,0.0,47.0,175.0,0.0,0.0,0.0,0.0,0.0,0.0,0.0,0.0,0.0,0.0,0.0,0.0,0.0
408,Kalvin,Phillips,Phillips,u,Has joined Sheffield United on loan for the rest of the season,,5.0,244,148,0.0,599,256,0.0,503,204,0,0,0,0,0,0,52,0.0,0.0,0.0,0.0,0.0,503,204,0.0,0.0,449,171,457,181,397,140,465,178,,,,,,,,0.0,0.0,0.0,0.0,0.0,0.0,0.0,0.0,0.0,2,0,0.0,0.0,0.0,0.0,0.0,0.0,0.0,0.0,0.0,0.0,0.0,0.0,0.0,0.0,0.0,78.0,0.0,0.0,0.0,0.0,0.0,0.0,0.0,0.0,0.0,0.0,0.0,0.0,0.0
409,Divine,Mukasa,Mukasa,a,,,4.5,526,264,0.2,363,138,0.0,473,187,0,0,0,0,0,212,998,0.0,0.0,0.0,0.0,0.0,473,187,,,414,152,420,162,360,120,430,159,,,,,,,,0.0,0.0,0.0,0.0,0.0,0.0,0.0,0.0,0.0,2,0,0.0,0.0,0.0,0.0,0.0,0.0,0.0,0.0,0.0,0.0,0.0,0.0,0.0,0.0,294.0,1317.0,0.0,0.0,0.0,0.0,0.0,0.0,0.0,0.0,0.0,0.0,0.0,0.0,0.0
410,Jeremy,Monga,Monga,a,,,5.0,392,235,0.0,573,239,0.0,565,238,0,0,0,0,0,32,112,0.0,0.0,0.0,0.0,0.0,565,238,,,531,220,544,229,509,203,547,227,,,,,,,,0.0,0.0,0.0,0.0,0.0,0.0,0.0,0.0,0.0,2,0,0.0,0.0,0.0,0.0,0.0,0.0,0.0,0.0,0.0,0.0,0.0,0.0,0.0,0.0,37.0,148.0,0.0,0.0,0.0,0.0,0.0,0.0,0.0,0.0,0.0,0.0,0.0,0.0,0.0
411,Erling,Haaland,Haaland,a,,,15.5,1,1,69.2,1,1,7.5,20,2,13,0,0,0,0,108591,7404,0.5,1.0,7.5,7.5,7.5,25,2,,,230,16,145,17,7,3,55,9,,,1.0,,,,,0.7,0.01,0.71,0.66,0.0,0.0,1.0,1.0,4.0,2,13,90.0,2.0,0.0,0.0,1.0,0.0,0.0,0.0,0.0,0.0,0.0,1.0,3.0,60.0,120879.0,24766.0,0.0,0.6599999999999999,0.0,0.6599999999999999,0.66,0.0,0.0,0.0,0.0,0.0,3.0,2.0,5.0
481,Elliot,Anderson,Anderson,a,,,6.4,51,35,5.7,65,21,2.5,141,67,3,0,0,-1,1,7083,35564,0.4,0.8,2.5,2.5,2.5,149,69,100.0,100.0,187,74,62,40,604,261,142,64,2.0,,,,,,,0.04,0.3,0.34,0.76,0.0,0.0,1.26,1.26,12.59,2,3,81.0,0.0,0.0,0.0,1.0,0.0,0.0,0.0,1.0,0.0,0.0,1.0,0.0,25.0,10306.0,49699.0,0.0,0.07,0.21999999999999997,0.29000000000000004,0.6599999999999999,0.0,0.0,0.0,0.0,5.0,4.0,5.0,14.0
587,Gerónimo,Rulli,Rulli,a,,,5.0,235,8,0.0,555,64,0.0,497,63,0,0,0,0,0,28,94,0.0,0.0,0.0,0.0,0.0,497,63,,,441,63,448,52,389,52,457,63,,,,,,,,0.0,0.0,0.0,0.0,0.0,0.0,0.0,0.0,0.0,2,0,0.0,0.0,0.0,0.0,0.0,0.0,0.0,0.0,0.0,0.0,0.0,0.0,0.0,0.0,37.0,129.0,0.0,0.0,0.0,0.0,0.0,0.0,0.0,0.0,0.0,0.0,0.0,0.0,0.0
616,Ayyoub,Bouaddi,Bouaddi,a,,,5.5,216,136,0.1,433,173,1.0,252,121,1,0,0,0,0,3652,782,0.2,0.2,2.0,2.0,1.0,315,152,,,578,249,588,254,579,246,590,254,,,,,,,,0.0,1.35,1.35,0.0,0.0,0.0,0.0,0.0,11.25,2,1,8.0,0.0,0.0,0.0,0.0,0.0,0.0,0.0,0.0,0.0,0.0,0.0,0.0,3.0,5416.0,1014.0,0.0,0.0,0.12,0.12,0.0,0.0,0.0,0.0,0.0,0.0,1.0,0.0,1.0
621,Ryan,McAidoo,McAidoo,a,,,4.5,537,269,0.0,528,219,1.0,223,101,1,0,0,0,0,2150,422,0.2,0.2,1.0,1.0,1.0,253,108,,,423,156,429,166,370,125,439,163,,,,,,,,1.12,0.0,1.12,0.0,0.0,0.0,0.0,0.0,0.0,2,1,8.0,0.0,0.0,0.0,0.0,0.0,0.0,0.0,0.0,0.0,0.0,0.0,0.0,3.0,2150.0,422.0,0.0,0.1,0.0,0.1,0.0,0.0,0.0,0.0,0.0,0.0,0.0,0.0,0.0
622,Kaden,Braithwaite,Braithwaite,a,,,4.0,608,193,0.0,531,185,1.0,208,70,1,0,0,0,0,1839,332,0.2,0.2,1.0,1.0,1.0,227,74,,,324,127,324,129,246,98,341,128,,,,,,,,0.0,0.0,0.0,0.0,0.0,0.0,0.0,0.0,0.0,2,1,1.0,0.0,0.0,0.0,0.0,0.0,0.0,0.0,0.0,0.0,0.0,0.0,0.0,3.0,1839.0,332.0,0.0,0.0,0.0,0.0,0.0,0.0,0.0,0.0,0.0,0.0,0.0,1.0,0.0
43,Youri,Tielemans,Tielemans,a,,,6.0,62,42,2.3,123,38,3.0,111,51,4,0,0,0,0,3509,11817,0.5,1.0,3.0,3.0,3.0,120,53,100.0,100.0,214,90,117,69,140,70,182,82,,,3.0,,,,,0.35,0.13,0.48,1.7,0.0,0.0,2.31,1.15,9.81,2,4,90.0,0.0,0.0,0.0,2.0,0.0,0.0,0.0,0.0,0.0,0.0,1.0,0.0,29.0,5386.0,17097.0,0.0,0.5599999999999999,0.11,0.6699999999999999,2.0100000000000002,0.0,0.0,0.0,0.0,2.0,3.0,7.0,12.0
131,Carlos,Baleba,Baleba,i,Ankle injury - Expected back 19 Sep,,5.0,362,212,0.2,361,136,0.0,553,229,0,0,0,0,0,618,1647,0.0,0.0,0.0,0.0,0.0,553,229,0.0,0.0,515,208,528,217,486,185,531,215,,,,,,,,0.0,0.0,0.0,0.0,0.0,0.0,0.0,0.0,0.0,2,0,0.0,0.0,0.0,0.0,0.0,0.0,0.0,0.0,0.0,0.0,0.0,0.0,0.0,0.0,744.0,2231.0,0.0,0.0,0.0,0.0,0.0,0.0,0.0,0.0,0.0,0.0,0.0,0.0,0.0
162,Andrey,Nascimento dos Santos,Andrey Santos,a,,,5.0,361,211,0.9,195,62,1.5,184,84,1,0,0,0,0,2546,5763,0.3,0.6,1.5,1.5,1.5,202,95,,,151,51,151,89,174,86,191,85,,,,,,,,0.0,0.27,0.27,2.3,0.0,0.0,3.55,1.18,16.58,2,1,10.0,0.0,0.0,0.0,1.0,0.0,0.0,0.0,0.0,0.0,0.0,0.0,0.0,2.0,3450.0,7708.0,0.0,0.0,0.0,0.0,1.0,0.0,0.0,0.0,0.0,3.0,0.0,2.0,5.0
325,Karl,Darlow,Darlow,a,,,4.5,406,22,0.0,508,55,0.0,405,43,0,0,0,0,0,101,134,0.0,0.0,0.0,0.0,0.0,405,43,100.0,100.0,338,42,339,22,264,22,355,42,,,,,,,,0.0,0.0,0.0,0.0,0.0,0.0,0.0,0.0,0.0,2,0,0.0,0.0,0.0,0.0,0.0,0.0,0.0,0.0,0.0,0.0,0.0,0.0,0.0,0.0,139.0,170.0,0.0,0.0,0.0,0.0,0.0,0.0,0.0,0.0,0.0,0.0,0.0,0.0,0.0
412,Senne,Lammens,Lammens,a,,,5.0,318,18,15.1,29,5,1.5,182,16,2,0,0,0,0,8253,38106,0.3,0.6,1.5,1.5,1.5,200,18,,,82,12,505,62,459,62,178,12,,,,,,,,0.0,0.0,0.0,1.51,2.5,0.0,2.0,1.0,0.0,2,2,90.0,0.0,0.0,0.0,2.0,0.0,0.0,0.0,0.0,0.0,3.0,1.0,0.0,11.0,15058.0,50090.0,0.0,0.0,0.0,0.0,2.01,0.0,0.0,0.0,0.0,0.0,1.0,6.0,0.0
413,Altay,Bayındır,Bayindir,u,Has joined Celta Vigo on loan for the rest of the season,,4.5,472,38,0.0,564,65,0.0,438,56,0,0,0,0,0,0,96,0.0,0.0,0.0,0.0,0.0,438,56,0.0,0.0,375,55,379,38,313,38,392,55,,,,,,,,0.0,0.0,0.0,0.0,0.0,0.0,0.0,0.0,0.0,2,0,0.0,0.0,0.0,0.0,0.0,0.0,0.0,0.0,0.0,0.0,0.0,0.0,0.0,0.0,0.0,137.0,0.0,0.0,0.0,0.0,0.0,0.0,0.0,0.0,0.0,0.0,0.0,0.0,0.0
414,Tom,Heaton,Heaton,i,Hamstring injury - Unknown return date,,4.0,548,49,0.1,437,48,0.0,349,22,0,0,0,0,0,105,288,0.0,0.0,0.0,0.0,0.0,349,22,0.0,0.0,280,21,277,1,195,1,296,21,,,,,,,,0.0,0.0,0.0,0.0,0.0,0.0,0.0,0.0,0.0,2,0,0.0,0.0,0.0,0.0,0.0,0.0,0.0,0.0,0.0,0.0,0.0,0.0,0.0,0.0,137.0,366.0,0.0,0.0,0.0,0.0,0.0,0.0,0.0,0.0,0.0,0.0,0.0,0.0,0.0
415,Patrick,Dorgu,Dorgu,a,,,5.9,110,71,1.0,188,60,0.5,335,159,1,-1,1,-1,1,1282,8359,0.1,0.2,0.5,0.5,0.5,347,168,,,585,253,217,122,65,35,249,112,,,,,,,,1.0,0.07,1.07,3.14,0.0,0.0,4.91,1.64,4.91,2,1,10.0,0.0,0.0,0.0,1.0,0.0,0.0,0.0,0.0,0.0,0.0,0.0,0.0,4.0,1968.0,13089.0,0.0,0.14,0.010000000000000002,0.15000000000000002,0.9999999999999999,0.0,0.0,0.0,0.0,1.0,1.0,0.0,2.0
416,Matthijs,de Ligt,De Ligt,i,Back injury - Unknown return date,,5.0,264,42,0.0,544,189,0.0,509,185,0,0,0,0,0,35,161,0.0,0.0,0.0,0.0,0.0,509,185,0.0,0.0,460,183,468,183,413,167,476,183,,,,,,,,0.0,0.0,0.0,0.0,0.0,0.0,0.0,0.0,0.0,2,0,0.0,0.0,0.0,0.0,0.0,0.0,0.0,0.0,0.0,0.0,0.0,0.0,0.0,0.0,45.0,193.0,0.0,0.0,0.0,0.0,0.0,0.0,0.0,0.0,0.0,0.0,0.0,0.0,0.0
417,Diogo,Dalot Teixeira,Dalot,a,,,5.0,272,45,2.4,122,49,1.5,179,63,2,0,0,0,0,2091,7739,0.3,0.6,1.5,1.5,1.5,197,64,,,181,79,115,34,418,169,183,71,,,,,,,,0.18,0.13,0.31,1.1,0.0,0.0,1.08,1.08,6.51,2,2,73.0,0.0,0.0,0.0,1.0,0.0,0.0,0.0,0.0,0.0,0.0,1.0,0.0,12.0,3171.0,13890.0,0.0,0.17,0.12,0.29,1.01,0.0,0.0,0.0,0.0,0.0,3.0,1.0,3.0
418,Harry,Maguire,Maguire,a,,,5.0,231,35,16.3,23,8,2.5,124,45,4,0,0,0,0,10217,57634,0.5,1.0,2.5,2.5,2.5,133,48,,,64,26,30,8,47,12,40,10,,,,,,,,0.04,0.2,0.24,1.51,0.0,0.0,2.0,1.0,4.5,2,4,90.0,0.0,1.0,0.0,2.0,0.0,0.0,0.0,0.0,0.0,0.0,1.0,0.0,13.0,20259.0,74748.0,0.0,0.030000000000000006,0.009999999999999953,0.03999999999999998,2.01,0.0,0.0,0.0,0.0,1.0,4.0,4.0,5.0
419,Lisandro,Martínez,Martinez,a,,,5.0,279,48,1.3,171,70,0.5,290,107,1,0,0,0,0,1955,3850,0.1,0.2,0.5,0.5,1.0,264,101,100.0,100.0,467,186,476,186,424,172,483,186,,,,,,,,0.03,0.06,0.09,2.01,0.0,0.0,2.0,1.0,0.0,2,1,90.0,0.0,0.0,0.0,2.0,0.0,0.0,0.0,0.0,0.0,0.0,1.0,0.0,0.0,2513.0,6951.0,0.0,0.03,0.06,0.09,2.01,0.0,0.0,0.0,0.0,0.0,0.0,6.0,0.0
420,Leny,Yoro,Yoro,a,,,5.0,371,72,0.6,237,89,0.5,305,109,1,0,0,0,0,407,2702,0.1,0.2,0.5,0.5,1.0,282,105,,,521,198,534,198,493,189,537,198,,,,,,,,0.0,0.06,0.06,5.62,0.0,0.0,5.62,0.0,11.25,2,1,16.0,0.0,0.0,0.0,1.0,0.0,0.0,0.0,0.0,0.0,0.0,0.0,0.0,-2.0,491.0,4232.0,0.0,0.0,0.01,0.01,1.0,0.0,0.0,0.0,0.0,0.0,2.0,1.0,2.0
421,Ayden,Heaven,Heaven,a,,,4.5,532,146,0.4,275,105,0.5,280,101,0,0,0,0,0,541,1655,0.1,0.2,0.5,0.5,1.0,251,95,,,191,85,168,50,83,27,177,68,,,,,,,,0.12,0.04,0.16,1.01,0.0,0.0,2.0,1.0,2.0,2,0,0.0,0.0,0.0,0.0,0.0,0.0,0.0,0.0,0.0,0.0,0.0,0.0,0.0,0.0,937.0,2256.0,0.0,0.0,0.0,0.0,0.0,0.0,0.0,0.0,0.0,0.0,0.0,0.0,0.0
422,Noussair,Mazraoui,Mazraoui,a,,,4.5,452,110,0.7,227,84,1.0,215,76,1,0,0,0,0,1091,2564,0.2,0.4,1.0,1.0,1.0,239,85,,,99,42,28,7,89,30,61,19,,,,,,,,0.21,0.05,0.26,1.88,0.0,0.0,2.81,0.94,4.69,2,1,17.0,0.0,0.0,0.0,1.0,0.0,0.0,0.0,0.0,0.0,0.0,0.0,0.0,-1.0,1936.0,3338.0,0.0,0.0,0.0,0.0,0.9999999999999998,0.0,0.0,0.0,0.0,0.0,0.0,0.0,0.0
423,Luke,Shaw,Shaw,a,,,4.5,415,85,18.7,18,6,1.5,172,60,2,0,0,0,0,7901,56754,0.3,0.7,1.5,1.5,1.5,191,62,,,65,27,1,1,113,32,20,2,3.0,,,,,,,0.0,0.16,0.16,1.12,0.0,0.0,1.67,1.11,6.67,2,2,72.0,0.0,0.0,0.0,1.0,0.0,0.0,0.0,0.0,0.0,0.0,1.0,0.0,12.0,15512.0,73274.0,0.0,0.0,0.020000000000000018,0.020000000000000018,1.01,0.0,0.0,0.0,0.0,4.0,4.0,2.0,8.0
424,Harry,Amass,Amass,a,,,4.0,613,198,0.2,344,129,0.0,395,144,0,0,0,0,0,344,549,0.0,0.0,0.0,0.0,0.0,395,144,,,328,131,328,133,251,103,345,132,,,,,,,,0.0,0.0,0.0,0.0,0.0,0.0,0.0,0.0,0.0,2,0,0.0,0.0,0.0,0.0,0.0,0.0,0.0,0.0,0.0,0.0,0.0,0.0,0.0,0.0,433.0,785.0,0.0,0.0,0.0,0.0,0.0,0.0,0.0,0.0,0.0,0.0,0.0,0.0,0.0
425,Tyler,Fredricson,Fredricson,u,Has joined Lausanne-Sport permanently,,4.0,604,189,0.0,561,196,0.0,388,137,0,0,0,0,0,0,121,0.0,0.0,0.0,0.0,0.0,388,137,0.0,0.0,320,123,320,125,242,94,337,124,,,,,,,,0.0,0.0,0.0,0.0,0.0,0.0,0.0,0.0,0.0,2,0,0.0,0.0,0.0,0.0,0.0,0.0,0.0,0.0,0.0,0.0,0.0,0.0,0.0,0.0,0.0,158.0,0.0,0.0,0.0,0.0,0.0,0.0,0.0,0.0,0.0,0.0,0.0,0.0,0.0
426,Bruno,Borges Fernandes,B.Fernandes,a,,,12.0,2,1,46.7,3,1,12.5,1,1,23,0,0,0,0,56883,147144,1.0,2.1,12.5,12.5,12.5,2,2,,,83,28,3,2,63,33,17,13,1.0,1.0,1.0,,,,,1.02,0.26,1.28,1.51,0.0,0.0,2.0,1.0,6.5,2,23,90.0,3.0,1.0,0.0,2.0,0.0,0.0,0.0,0.0,0.0,0.0,1.0,3.0,86.0,66151.0,184974.0,0.0,1.9499999999999997,0.27,2.22,2.01,0.0,0.0,0.0,0.0,1.0,2.0,4.0,7.0
427,Bryan,Mbeumo,Mbeumo,a,,,8.0,9,6,33.2,7,3,6.5,28,17,11,0,0,0,0,14402,209910,0.8,1.6,6.5,6.5,6.5,34,20,,,168,65,34,26,8,5,25,16,2.0,2.0,2.0,,,,,1.06,0.22,1.28,1.51,0.0,0.0,2.0,1.0,5.0,2,11,90.0,1.0,1.0,0.0,2.0,0.0,0.0,0.0,1.0,0.0,0.0,1.0,2.0,41.0,30815.0,251759.0,0.0,1.63,0.21,1.8399999999999999,2.01,0.0,0.0,0.0,0.0,3.0,0.0,3.0,6.0
428,Matheus,Santos Carneiro da Cunha,Cunha,a,,,8.0,8,5,8.9,46,17,5.5,47,24,9,0,0,0,0,5943,42256,0.7,1.4,5.5,5.5,5.5,55,28,,,207,85,33,25,22,10,46,28,,,,,,,,0.2,0.21,0.41,1.15,0.0,0.0,1.71,1.14,2.85,2,9,79.0,0.0,2.0,0.0,1.0,0.0,0.0,0.0,0.0,0.0,0.0,1.0,1.0,31.0,10402.0,57120.0,0.0,0.10999999999999999,0.15,0.25999999999999995,1.01,0.0,0.0,0.0,0.0,0.0,0.0,2.0,2.0
429,Marcus,Rashford,Rashford,a,,,7.0,23,14,1.6,150,44,1.5,204,96,2,0,0,0,0,4233,8766,0.2,0.4,1.5,1.5,1.5,220,106,,,149,50,7,6,145,74,49,30,,,,,,,,0.19,0.11,0.3,0.8,0.0,0.0,0.73,0.73,5.08,2,2,79.0,0.0,0.0,0.0,1.0,0.0,0.0,0.0,0.0,0.0,0.0,1.0,0.0,17.0,6355.0,11838.0,0.0,0.26,0.04999999999999999,0.30999999999999994,1.01,0.0,0.0,0.0,0.0,3.0,0.0,3.0,6.0
430,Mason,Mount,Mount,d,Foot injury - 75% chance of playing,,5.5,132,81,0.0,540,222,0.0,578,243,0,0,0,0,0,16,142,0.0,0.0,0.0,0.0,0.0,578,243,75.0,75.0,547,227,562,236,534,216,563,234,,3.0,,,,,,0.0,0.0,0.0,0.0,0.0,0.0,0.0,0.0,0.0,2,0,0.0,0.0,0.0,0.0,0.0,0.0,0.0,0.0,0.0,0.0,0.0,0.0,0.0,0.0,19.0,204.0,0.0,0.0,0.0,0.0,0.0,0.0,0.0,0.0,0.0,0.0,0.0,0.0,0.0
431,Amad,Diallo,Amad,i,Unspecified injury - Unknown return date,,5.9,108,69,0.8,218,72,0.0,597,258,0,0,0,-1,1,93,13822,0.0,0.0,0.0,0.0,0.0,597,258,0.0,0.0,583,251,591,256,582,248,593,256,4.0,,,,,,,0.0,0.0,0.0,0.0,0.0,0.0,0.0,0.0,0.0,2,0,0.0,0.0,0.0,0.0,0.0,0.0,0.0,0.0,0.0,0.0,0.0,0.0,0.0,0.0,142.0,26223.0,0.0,0.0,0.0,0.0,0.0,0.0,0.0,0.0,0.0,0.0,0.0,0.0,0.0
432,Kobbie,Mainoo,Mainoo,a,,,5.5,196,123,0.9,197,64,2.5,135,62,4,0,0,0,0,2233,3582,0.5,0.9,2.5,2.5,2.5,143,64,,,239,108,170,100,178,88,247,110,,,,,,,,0.19,0.05,0.24,0.95,0.0,0.0,0.88,0.88,13.24,2,4,79.0,0.0,0.0,0.0,1.0,0.0,0.0,0.0,0.0,0.0,0.0,1.0,0.0,25.0,2699.0,5154.0,0.0,0.13999999999999999,0.049999999999999996,0.19,1.01,0.0,0.0,0.0,0.0,3.0,2.0,9.0,14.0
433,Manuel,Ugarte Ribeiro,Ugarte,i,Knee injury - Unknown return date,,5.0,287,172,0.0,605,261,0.0,518,213,0,0,0,0,0,11,22,0.0,0.0,0.0,0.0,0.0,518,213,0.0,0.0,472,184,481,193,432,158,488,191,,,,,,,,0.0,0.0,0.0,0.0,0.0,0.0,0.0,0.0,0.0,2,0,0.0,0.0,0.0,0.0,0.0,0.0,0.0,0.0,0.0,0.0,0.0,0.0,0.0,0.0,13.0,29.0,0.0,0.0,0.0,0.0,0.0,0.0,0.0,0.0,0.0,0.0,0.0,0.0,0.0
434,Jack,Fletcher,J.Fletcher,a,,,5.0,368,218,0.0,585,247,0.0,557,233,0,0,0,0,0,20,45,0.0,0.0,0.0,0.0,0.0,557,233,,,519,212,532,221,490,189,535,219,,,,,,,,0.0,0.0,0.0,0.0,0.0,0.0,0.0,0.0,0.0,2,0,0.0,0.0,0.0,0.0,0.0,0.0,0.0,0.0,0.0,0.0,0.0,0.0,0.0,0.0,21.0,62.0,0.0,0.0,0.0,0.0,0.0,0.0,0.0,0.0,0.0,0.0,0.0,0.0,0.0
435,Shea,Lacey,Lacey,a,,,5.0,378,225,0.1,488,201,0.5,307,142,0,0,0,0,0,122,258,0.1,0.2,0.5,0.5,1.0,285,130,,,277,132,242,128,499,196,289,137,,,,,,,,0.0,0.0,0.0,0.0,0.0,0.0,0.0,0.0,9.0,2,0,0.0,0.0,0.0,0.0,0.0,0.0,0.0,0.0,0.0,0.0,0.0,0.0,0.0,0.0,163.0,336.0,0.0,0.0,0.0,0.0,0.0,0.0,0.0,0.0,0.0,0.0,0.0,0.0,0.0
436,Toby,Collyer,Collyer,a,,,5.0,336,197,0.0,563,233,0.0,544,227,0,0,0,0,0,44,55,0.0,0.0,0.0,0.0,0.0,544,227,,,504,204,516,213,473,180,520,211,,,,,,,,0.0,0.0,0.0,0.0,0.0,0.0,0.0,0.0,0.0,2,0,0.0,0.0,0.0,0.0,0.0,0.0,0.0,0.0,0.0,0.0,0.0,0.0,0.0,0.0,47.0,78.0,0.0,0.0,0.0,0.0,0.0,0.0,0.0,0.0,0.0,0.0,0.0,0.0,0.0
437,Bendito,Mantato,Bendito Mantato,a,,,4.5,522,262,0.2,355,133,0.0,471,186,0,0,0,0,0,423,687,0.0,0.0,0.0,0.0,0.0,471,186,,,412,151,418,161,358,119,428,158,,,,,,,,0.0,0.0,0.0,0.0,0.0,0.0,0.0,0.0,0.0,2,0,0.0,0.0,0.0,0.0,0.0,0.0,0.0,0.0,0.0,0.0,0.0,0.0,0.0,0.0,481.0,917.0,0.0,0.0,0.0,0.0,0.0,0.0,0.0,0.0,0.0,0.0,0.0,0.0,0.0
438,Tyler,Fletcher,Fletcher,a,,,4.5,503,257,0.3,292,97,0.0,455,181,0,0,0,0,0,537,1113,0.0,0.0,0.0,0.0,0.0,455,181,,,395,146,402,156,340,114,411,153,,,,,,,,0.0,0.0,0.0,0.0,0.0,0.0,0.0,0.0,0.0,2,0,0.0,0.0,0.0,0.0,0.0,0.0,0.0,0.0,0.0,0.0,0.0,0.0,0.0,0.0,648.0,1541.0,0.0,0.0,0.0,0.0,0.0,0.0,0.0,0.0,0.0,0.0,0.0,0.0,0.0
439,Benjamin,Sesko,Šeško,a,,,7.0,28,10,1.8,139,22,1.0,260,32,1,0,0,0,0,6018,10548,0.1,0.3,1.0,1.0,1.0,334,40,100.0,100.0,617,70,253,28,94,19,239,24,,,,,,,,0.11,0.03,0.14,2.92,0.0,0.0,2.73,0.0,8.18,2,1,10.0,0.0,0.0,0.0,1.0,0.0,0.0,0.0,0.0,0.0,0.0,0.0,0.0,5.0,11184.0,12589.0,0.0,0.0,0.01,0.010000000000000002,1.0,0.0,0.0,0.0,0.0,0.0,0.0,3.0,3.0
440,Joshua,Zirkzee,Zirkzee,a,,,5.4,221,48,0.5,257,42,0.0,569,62,0,-1,1,-1,1,1630,3051,0.0,0.0,0.0,0.0,0.0,569,62,,,536,45,549,53,517,52,552,54,,,,,,,,0.0,0.0,0.0,0.0,0.0,0.0,0.0,0.0,0.0,2,0,0.0,0.0,0.0,0.0,0.0,0.0,0.0,0.0,0.0,0.0,0.0,0.0,0.0,0.0,1800.0,5013.0,0.0,0.0,0.0,0.0,0.0,0.0,0.0,0.0,0.0,0.0,0.0,0.0,0.0
441,Chido,Obi,Obi,a,,,4.5,529,71,1.1,182,28,0.0,476,50,0,0,0,0,0,4319,3612,0.0,0.0,0.0,0.0,0.0,476,50,,,417,33,423,40,363,39,433,42,,,,,,,,0.0,0.0,0.0,0.0,0.0,0.0,0.0,0.0,0.0,2,0,0.0,0.0,0.0,0.0,0.0,0.0,0.0,0.0,0.0,0.0,0.0,0.0,0.0,0.0,5042.0,5028.0,0.0,0.0,0.0,0.0,0.0,0.0,0.0,0.0,0.0,0.0,0.0,0.0,0.0
405,Nico,González Iglesias,N.Gonzalez,a,,,5.5,178,109,0.2,352,131,1.0,247,117,2,0,0,0,0,2831,722,0.2,0.4,1.0,1.0,2.0,176,87,,,564,238,577,246,562,235,578,244,,,,,,,,0.0,0.26,0.26,0.95,0.0,1.29,0.0,1.29,5.14,2,2,70.0,0.0,0.0,1.0,0.0,0.0,0.0,0.0,1.0,0.0,0.0,1.0,0.0,9.0,3711.0,977.0,0.0,0.0,0.2,0.2,0.74,0.0,0.0,0.0,0.0,0.0,2.0,2.0,4.0
442,Nick,Pope,Pope,a,,,5.0,232,6,1.2,175,25,0.0,495,62,0,0,0,0,0,1232,5054,0.0,0.0,0.0,0.0,0.0,495,62,,,438,61,445,50,386,50,454,61,,,,,,,,0.0,0.0,0.0,0.0,0.0,0.0,0.0,0.0,0.0,2,0,0.0,0.0,0.0,0.0,0.0,0.0,0.0,0.0,0.0,0.0,0.0,0.0,0.0,0.0,1552.0,6992.0,0.0,0.0,0.0,0.0,0.0,0.0,0.0,0.0,0.0,0.0,0.0,0.0,0.0
443,Mark,Gillespie,Gillespie,a,,,4.5,409,25,0.0,522,57,0.0,406,44,0,0,0,0,0,50,105,0.0,0.0,0.0,0.0,0.0,406,44,,,339,43,342,25,267,25,356,43,,,,,,,,0.0,0.0,0.0,0.0,0.0,0.0,0.0,0.0,0.0,2,0,0.0,0.0,0.0,0.0,0.0,0.0,0.0,0.0,0.0,0.0,0.0,0.0,0.0,0.0,60.0,137.0,0.0,0.0,0.0,0.0,0.0,0.0,0.0,0.0,0.0,0.0,0.0,0.0,0.0
444,Ewen,Jaouen,Jaouen,a,,,4.5,513,48,0.0,539,62,0.0,464,61,0,0,0,0,0,55,153,0.0,0.0,0.0,0.0,0.0,464,61,,,404,60,411,48,349,48,420,60,,,,,,,,0.0,0.0,0.0,0.0,0.0,0.0,0.0,0.0,0.0,2,0,0.0,0.0,0.0,0.0,0.0,0.0,0.0,0.0,0.0,0.0,0.0,0.0,0.0,0.0,71.0,186.0,0.0,0.0,0.0,0.0,0.0,0.0,0.0,0.0,0.0,0.0,0.0,0.0,0.0
445,Malick,Thiaw,Thiaw,a,,,5.0,319,59,1.9,137,55,4.5,63,22,6,0,0,0,0,13231,5978,0.9,1.8,4.5,4.5,4.5,73,25,,,32,11,269,98,460,181,108,37,,,,,,,,0.0,0.01,0.01,2.05,0.0,0.5,1.0,1.0,9.0,2,6,90.0,0.0,0.0,1.0,0.0,0.0,0.0,0.0,0.0,0.0,0.0,1.0,0.0,25.0,16836.0,7922.0,0.0,0.0,0.02,0.02,1.1199999999999997,0.0,0.0,0.0,0.0,0.0,3.0,1.0,3.0
446,Fabian,Schär,Schär,a,,,5.0,238,37,0.3,311,115,0.5,283,103,0,0,0,0,0,507,1402,0.1,0.2,0.5,0.5,1.0,255,97,100.0,100.0,444,178,451,179,392,162,460,178,,2.0,,,,,,0.0,0.0,0.0,71.1,0.0,0.0,90.0,0.0,0.0,2,0,0.0,0.0,0.0,0.0,0.0,0.0,0.0,0.0,0.0,0.0,0.0,0.0,0.0,0.0,700.0,1688.0,0.0,0.0,0.0,0.0,0.0,0.0,0.0,0.0,0.0,0.0,0.0,0.0,0.0
447,Sven,Botman,Botman,a,,,5.0,276,46,0.6,243,93,4.0,78,30,5,0,0,0,0,3994,1315,0.8,1.6,4.0,4.0,4.0,86,32,,,46,17,258,94,421,170,121,44,,,,,,,,0.0,0.0,0.0,2.05,0.0,0.5,1.0,1.0,7.5,2,5,90.0,0.0,0.0,1.0,0.0,0.0,0.0,0.0,1.0,0.0,0.0,1.0,0.0,22.0,5214.0,1778.0,0.0,0.01,0.0,0.01,1.1199999999999997,0.0,0.0,0.0,0.0,1.0,4.0,4.0,5.0
448,Dan,Burn,Burn,i,Ankle injury - Expected back 14 Sep,,4.9,399,78,1.4,160,64,0.0,489,181,0,-1,1,-1,1,239,17228,0.0,0.0,0.0,0.0,0.0,489,181,0.0,0.0,432,176,438,177,379,160,448,176,,,,,,,,0.0,0.0,0.0,0.0,0.0,0.0,0.0,0.0,0.0,2,0,0.0,0.0,0.0,0.0,0.0,0.0,0.0,0.0,0.0,0.0,0.0,0.0,0.0,0.0,265.0,26640.0,0.0,0.0,0.0,0.0,0.0,0.0,0.0,0.0,0.0,0.0,0.0,0.0,0.0
449,Lewis,Hall,Hall,a,,,5.0,331,65,5.4,67,27,7.0,21,7,11,0,0,0,0,101808,8524,1.4,2.8,7.0,7.0,7.0,26,10,,,75,35,80,24,468,184,113,41,1.0,1.0,,,,,,0.02,0.33,0.35,2.05,0.0,0.5,1.0,1.0,12.0,2,11,90.0,0.0,0.0,1.0,0.0,0.0,0.0,0.0,0.0,0.0,0.0,1.0,3.0,52.0,108217.0,11613.0,0.0,0.03,0.31000000000000005,0.33999999999999997,1.1199999999999997,0.0,0.0,0.0,0.0,2.0,11.0,6.0,13.0
450,Tino,Livramento,Livramento,i,Calf injury - Unknown return date,,5.0,305,54,0.0,527,184,0.0,528,189,0,0,0,0,0,19,287,0.0,0.0,0.0,0.0,0.0,528,189,0.0,0.0,484,189,494,189,447,177,500,189,,,,,,,,0.0,0.0,0.0,0.0,0.0,0.0,0.0,0.0,0.0,2,0,0.0,0.0,0.0,0.0,0.0,0.0,0.0,0.0,0.0,0.0,0.0,0.0,0.0,0.0,27.0,390.0,0.0,0.0,0.0,0.0,0.0,0.0,0.0,0.0,0.0,0.0,0.0,0.0,0.0
451,Alex,Murphy,A.Murphy,u,Has joined FC Kaiserslautern on loan for the rest of the season,,4.0,603,188,0.1,431,151,0.0,387,136,0,0,0,0,0,0,688,0.0,0.0,0.0,0.0,0.0,387,136,0.0,0.0,319,122,319,124,241,93,336,123,,,,,,,,0.0,0.0,0.0,0.0,0.0,0.0,0.0,0.0,0.0,2,0,0.0,0.0,0.0,0.0,0.0,0.0,0.0,0.0,0.0,0.0,0.0,0.0,0.0,0.0,0.0,899.0,0.0,0.0,0.0,0.0,0.0,0.0,0.0,0.0,0.0,0.0,0.0,0.0,0.0
453,Harvey,Barnes,Barnes,a,,,6.0,66,45,1.1,181,55,2.5,139,65,3,0,0,0,0,4461,5490,0.4,0.8,2.5,2.5,2.5,147,67,,,210,87,175,103,91,44,202,90,5.0,,,,,,,0.06,0.02,0.08,2.05,0.0,0.5,1.0,1.0,6.0,2,3,90.0,0.0,0.0,1.0,0.0,0.0,0.0,0.0,0.0,0.0,0.0,1.0,0.0,9.0,8926.0,7476.0,0.0,0.039999999999999994,0.009999999999999998,0.05000000000000002,1.1199999999999997,0.0,0.0,0.0,0.0,2.0,2.0,0.0,4.0
454,Anthony,Elanga,Elanga,a,,,6.0,83,53,4.3,78,25,8.5,11,5,8,0,0,0,0,184967,10572,1.4,2.8,8.5,8.5,8.5,17,8,,,33,17,160,93,34,18,45,27,4.0,,,,,,,0.24,0.06,0.3,1.55,0.0,0.58,0.58,1.15,2.88,2,8,81.0,1.0,0.0,1.0,0.0,0.0,0.0,0.0,0.0,0.0,0.0,1.0,0.0,32.0,204906.0,12778.0,0.0,0.19999999999999998,0.1,0.30000000000000004,0.7400000000000002,0.0,0.0,0.0,0.0,2.0,0.0,1.0,3.0
456,Jacob,Ramsey,J.Ramsey,a,,,5.0,289,174,0.3,291,96,0.5,291,129,1,0,0,0,0,484,1680,0.1,0.2,0.5,0.5,0.5,339,166,,,180,71,208,117,132,65,224,99,,,,,,,,0.13,0.3,0.43,4.03,0.0,0.0,2.14,0.0,15.0,2,1,8.0,0.0,0.0,0.0,0.0,0.0,0.0,0.0,0.0,0.0,0.0,0.0,0.0,3.0,659.0,2460.0,0.0,0.0,0.13,0.13,0.3799999999999999,0.0,0.0,0.0,0.0,0.0,0.0,1.0,1.0
457,Jacob,Murphy,J.Murphy,a,,,6.0,58,40,0.2,377,145,0.5,337,161,1,0,0,0,0,236,1011,0.1,0.2,0.5,0.5,0.5,348,169,,,589,256,276,144,182,92,293,139,2.0,,,,,,,0.0,0.82,0.82,5.81,0.0,0.0,4.09,0.0,20.45,2,1,8.0,0.0,0.0,0.0,0.0,0.0,0.0,0.0,0.0,0.0,0.0,0.0,0.0,3.0,331.0,1502.0,0.0,0.0,0.2,0.2,0.3799999999999999,0.0,0.0,0.0,0.0,1.0,0.0,2.0,3.0
458,Joelinton Cássio,Apolinário de Lira,Joelinton,i,Unspecified injury - Unknown return date,,5.5,131,80,0.0,542,223,0.0,577,242,0,0,0,0,0,18,216,0.0,0.0,0.0,0.0,0.0,577,242,0.0,0.0,546,226,561,235,533,215,562,233,,,,,,,,0.0,0.0,0.0,0.0,0.0,0.0,0.0,0.0,0.0,2,0,0.0,0.0,0.0,0.0,0.0,0.0,0.0,0.0,0.0,0.0,0.0,0.0,0.0,0.0,25.0,331.0,0.0,0.0,0.0,0.0,0.0,0.0,0.0,0.0,0.0,0.0,0.0,0.0,0.0
459,Lewis,Miley,L.Miley,a,,,5.5,202,127,0.1,460,186,3.0,108,50,3,0,0,0,0,523,358,0.5,1.1,3.0,3.0,3.0,118,52,100.0,100.0,109,37,59,39,152,79,103,54,3.0,,,,,,,0.03,0.03,0.06,1.67,0.0,0.55,0.55,1.09,12.0,2,3,90.0,0.0,0.0,1.0,0.0,0.0,0.0,0.0,0.0,0.0,0.0,1.0,0.0,16.0,776.0,457.0,0.0,0.0,0.04,0.04000000000000001,1.12,0.0,0.0,0.0,0.0,0.0,3.0,6.0,9.0
460,Joe,Willock,Willock,a,,,5.0,255,156,0.3,296,100,4.5,61,31,3,0,0,0,0,5270,1331,0.9,1.8,4.5,4.5,4.5,71,35,,,29,16,90,58,90,43,52,31,,,,,,,,0.14,0.16,0.3,1.94,0.0,0.87,0.87,0.87,4.33,2,3,70.0,0.0,0.0,1.0,0.0,0.0,0.0,0.0,0.0,0.0,0.0,1.0,0.0,0.0,7248.0,1698.0,0.0,0.07,0.01999999999999999,0.08999999999999997,0.7400000000000002,0.0,0.0,0.0,0.0,0.0,1.0,1.0,2.0
461,Bazoumana,Touré,Touré,a,,,5.9,111,72,0.2,347,127,0.5,336,160,1,-1,1,-1,1,253,2168,0.1,0.2,0.5,0.5,1.0,319,155,,,586,254,593,258,584,250,595,258,,,,,,,,0.0,0.0,0.0,0.0,0.0,0.0,0.0,0.0,0.0,2,1,1.0,0.0,0.0,0.0,0.0,0.0,0.0,0.0,0.0,0.0,0.0,0.0,0.0,3.0,314.0,2968.0,0.0,0.0,0.0,0.0,0.0,0.0,0.0,0.0,0.0,0.0,0.0,0.0,0.0
462,Sean,Steur,Steur,a,,,5.0,391,234,0.1,419,165,1.0,241,113,1,0,0,0,0,191,761,0.2,0.4,1.0,1.0,1.0,290,135,,,272,128,214,120,508,202,283,134,,,,,,,,0.0,0.0,0.0,2.26,0.0,0.0,1.22,1.22,6.08,2,1,19.0,0.0,0.0,0.0,0.0,0.0,0.0,0.0,0.0,0.0,0.0,0.0,0.0,4.0,282.0,912.0,0.0,0.0,0.0,0.0,0.3800000000000001,0.0,0.0,0.0,0.0,0.0,3.0,0.0,3.0
463,Nick,Woltemade,Woltemade,a,,,6.0,89,22,1.5,158,25,2.0,163,18,4,0,0,0,0,2872,8118,0.3,0.7,2.0,2.0,4.0,91,13,,,601,65,604,66,597,66,604,66,,,1.0,,,,,0.09,0.05,0.14,1.8,0.0,0.0,0.0,0.0,0.0,2,4,19.0,0.0,1.0,0.0,0.0,0.0,0.0,0.0,0.0,0.0,0.0,0.0,0.0,18.0,3636.0,12772.0,0.0,0.02,0.01,0.03,0.38,0.0,0.0,0.0,0.0,0.0,0.0,0.0,0.0
464,Yoane,Wissa,Wissa,a,,,6.0,70,18,6.0,64,11,6.0,37,3,8,0,0,0,0,213759,14030,1.0,2.0,6.0,6.0,6.0,46,3,,,85,7,74,6,33,9,48,8,,,3.0,,,,,0.71,0.01,0.72,1.54,0.0,0.53,0.53,1.05,7.37,2,8,81.0,1.0,0.0,1.0,0.0,0.0,0.0,0.0,0.0,0.0,0.0,1.0,2.0,37.0,252001.0,19045.0,0.0,0.3500000000000001,0.0,0.3500000000000001,0.7400000000000002,0.0,0.0,0.0,0.0,1.0,1.0,4.0,6.0
465,William,Osula,Osula,i,Foot injury - Unknown return date,,6.0,99,25,0.8,223,37,2.0,165,19,0,0,0,0,0,185,14655,0.3,0.7,0.0,0.0,4.0,92,14,0.0,0.0,59,6,95,8,100,20,78,11,,,2.0,,,,,0.1,0.23,0.33,2.42,0.0,0.0,1.64,1.64,8.18,2,0,0.0,0.0,0.0,0.0,0.0,0.0,0.0,0.0,0.0,0.0,0.0,0.0,0.0,0.0,266.0,23103.0,0.0,0.0,0.0,0.0,0.0,0.0,0.0,0.0,0.0,0.0,0.0,0.0,0.0
466,Sean,Neave,Neave,a,,,4.5,531,72,0.8,219,36,0.0,478,51,0,0,0,0,0,3802,2753,0.0,0.0,0.0,0.0,0.0,478,51,,,419,34,425,41,365,40,435,43,,,,,,,,0.0,0.0,0.0,0.0,0.0,0.0,0.0,0.0,0.0,2,0,0.0,0.0,0.0,0.0,0.0,0.0,0.0,0.0,0.0,0.0,0.0,0.0,0.0,0.0,4622.0,3864.0,0.0,0.0,0.0,0.0,0.0,0.0,0.0,0.0,0.0,0.0,0.0,0.0,0.0
559,Aladji,Bamba,Bamba,a,,,5.0,390,233,0.1,395,155,0.5,310,145,0,0,0,0,0,254,748,0.1,0.2,0.5,0.5,1.0,289,134,,,223,96,543,228,507,201,266,122,,,,,,,,0.0,0.0,0.0,6.69,0.0,0.0,6.43,0.0,12.86,2,0,0.0,0.0,0.0,0.0,0.0,0.0,0.0,0.0,0.0,0.0,0.0,0.0,0.0,0.0,324.0,1003.0,0.0,0.0,0.0,0.0,0.0,0.0,0.0,0.0,0.0,0.0,0.0,0.0,0.0
567,Lukás,Hornícek,Horníček,a,,,5.0,324,19,0.8,213,31,4.0,79,5,7,0,0,0,0,11768,2384,0.8,1.6,4.0,4.0,4.0,87,6,,,24,2,508,63,463,63,100,2,,,,,,,,0.0,0.0,0.0,2.05,4.5,0.5,1.0,1.0,0.0,2,7,90.0,0.0,0.0,1.0,0.0,0.0,0.0,0.0,0.0,0.0,4.0,1.0,0.0,32.0,12621.0,3136.0,0.0,0.0,0.0,0.0,1.1199999999999997,0.0,0.0,0.0,0.0,0.0,2.0,4.0,0.0
593,Amar,Dedic,Dedić,a,,,4.5,476,126,0.8,215,80,6.0,32,12,11,0,0,0,0,43389,3109,1.3,2.7,6.0,6.0,6.0,38,15,,,106,46,212,69,123,39,161,62,,,,,,,,0.02,0.03,0.05,2.05,0.0,0.5,1.0,1.0,8.5,2,11,90.0,0.0,1.0,1.0,0.0,0.0,0.0,0.0,0.0,0.0,0.0,1.0,2.0,37.0,45774.0,3561.0,0.0,0.0,0.06,0.06,1.1199999999999997,0.0,0.0,0.0,0.0,3.0,5.0,5.0,8.0
609,Leo,Shahar,Shahar,a,,,4.0,607,192,0.2,367,136,0.0,391,140,0,0,0,0,0,2743,692,0.0,0.0,0.0,0.0,0.0,391,140,,,323,126,323,128,245,97,340,127,,,,,,,,0.0,0.0,0.0,0.0,0.0,0.0,0.0,0.0,0.0,2,0,0.0,0.0,0.0,0.0,0.0,0.0,0.0,0.0,0.0,0.0,0.0,0.0,0.0,0.0,3452.0,795.0,0.0,0.0,0.0,0.0,0.0,0.0,0.0,0.0,0.0,0.0,0.0,0.0,0.0
167,Liam,Delap,Delap,a,,,5.5,174,39,0.6,244,38,0.5,325,37,1,0,0,0,0,9230,2746,0.1,0.2,0.5,0.5,1.0,306,33,,,562,52,575,58,559,59,576,60,,,3.0,,,,,0.26,0.0,0.26,1.24,0.0,0.0,3.75,0.0,0.0,2,1,24.0,0.0,0.0,0.0,1.0,0.0,0.0,0.0,0.0,0.0,0.0,0.0,0.0,9.0,12071.0,3707.0,0.0,0.07,0.0,0.07,0.33,0.0,0.0,0.0,0.0,0.0,0.0,0.0,0.0
467,Matz,Sels,Sels,a,,,5.0,229,5,1.5,156,24,1.5,177,14,1,0,0,0,0,2009,3404,0.3,0.6,1.5,1.5,1.5,195,16,,,122,18,444,49,385,49,217,18,,,,,,,,0.0,0.0,0.0,1.11,2.0,0.0,1.5,1.0,0.0,2,1,90.0,0.0,0.0,0.0,2.0,0.0,0.0,0.0,0.0,0.0,2.0,1.0,0.0,6.0,2765.0,6094.0,0.0,0.0,0.01,0.01,1.7500000000000002,0.0,0.0,0.0,0.0,0.0,3.0,6.0,0.0
468,John Victor,Maciel Furtado,John,a,,,4.5,447,34,0.1,473,52,0.0,425,53,0,0,0,0,0,58,149,0.0,0.0,0.0,0.0,0.0,425,53,,,361,52,365,34,294,34,378,52,,,,,,,,0.0,0.0,0.0,0.0,0.0,0.0,0.0,0.0,0.0,2,0,0.0,0.0,0.0,0.0,0.0,0.0,0.0,0.0,0.0,0.0,0.0,0.0,0.0,0.0,81.0,218.0,0.0,0.0,0.0,0.0,0.0,0.0,0.0,0.0,0.0,0.0,0.0,0.0,0.0
469,Neco,Williams,N.Williams,a,,,5.0,271,44,8.7,47,18,4.0,77,29,6,0,0,0,0,12286,17971,0.8,1.6,4.0,4.0,4.0,85,31,,,113,52,141,41,115,34,144,57,2.0,2.0,,,,,,0.06,0.08,0.14,1.11,0.0,0.0,1.5,1.0,9.0,2,6,90.0,0.0,1.0,0.0,2.0,0.0,0.0,0.0,0.0,0.0,0.0,1.0,0.0,16.0,13457.0,35666.0,0.0,0.12,0.15000000000000002,0.26999999999999996,1.7500000000000002,0.0,0.0,0.0,0.0,6.0,6.0,1.0,12.0
470,Felipe,Rodrigues da Silva,Morato,a,,,5.0,328,64,0.0,497,174,0.0,538,193,0,0,0,0,0,69,227,0.0,0.0,0.0,0.0,0.0,538,193,,,497,193,509,193,465,183,513,193,,,,,,,,0.0,0.0,0.0,0.0,0.0,0.0,0.0,0.0,0.0,2,0,0.0,0.0,0.0,0.0,0.0,0.0,0.0,0.0,0.0,0.0,0.0,0.0,0.0,0.0,84.0,330.0,0.0,0.0,0.0,0.0,0.0,0.0,0.0,0.0,0.0,0.0,0.0,0.0,0.0
471,Nikola,Milenković,Milenković,a,,,5.5,151,19,1.7,142,57,2.5,129,46,3,0,0,0,0,1534,3471,0.5,0.9,2.5,2.5,2.5,138,49,,,182,80,244,88,72,19,166,65,,,,,,,,0.06,0.01,0.07,1.11,0.0,0.0,1.5,1.0,10.0,2,3,90.0,0.0,0.0,0.0,2.0,0.0,0.0,0.0,0.0,0.0,0.0,1.0,0.0,3.0,1816.0,7316.0,0.0,0.0,0.0,0.0,1.7500000000000002,0.0,0.0,0.0,0.0,3.0,10.0,3.0,13.0
472,Murillo,Costa dos Santos,Murillo,a,,,5.5,210,30,1.6,151,62,2.5,138,49,1,0,0,0,0,2758,4171,0.5,0.9,2.5,2.5,2.5,146,52,100.0,100.0,47,18,45,14,576,203,57,16,,3.0,,,,,,0.09,0.14,0.23,1.11,0.0,0.0,1.5,1.0,10.0,2,1,90.0,0.0,0.0,0.0,2.0,0.0,0.0,0.0,0.0,0.0,0.0,1.0,0.0,2.0,3723.0,6750.0,0.0,0.18,0.0,0.18,1.7500000000000002,0.0,0.0,0.0,0.0,0.0,6.0,3.0,6.0
473,Ola,Aina,Aina,a,,,4.5,426,89,3.4,99,38,2.5,120,42,0,0,0,0,0,6079,10868,0.6,1.1,2.5,2.5,2.5,129,45,,,107,47,20,5,81,25,50,12,,,,,,,,0.02,0.3,0.32,1.19,0.0,0.57,1.14,1.14,3.99,2,0,85.0,0.0,0.0,0.0,2.0,0.0,0.0,0.0,1.0,0.0,0.0,1.0,0.0,2.0,8362.0,15231.0,0.0,0.0,0.35,0.3500000000000001,1.7499999999999998,0.0,0.0,0.0,0.0,2.0,3.0,4.0,5.0
474,Jair,Paula da Cunha Filho,Jair Cunha,a,,,4.5,521,143,0.2,333,124,1.0,221,81,1,0,0,0,0,238,403,0.2,0.4,1.0,1.0,1.0,250,94,,,80,37,207,67,357,154,164,64,,,,,,,,0.0,0.0,0.0,1.11,0.0,0.0,1.5,1.0,8.0,2,1,90.0,0.0,0.0,0.0,2.0,0.0,0.0,0.0,0.0,0.0,0.0,1.0,0.0,6.0,259.0,694.0,0.0,0.0,0.0,0.0,1.7500000000000002,0.0,0.0,0.0,0.0,2.0,6.0,3.0,8.0
475,Nicolò,Savona,Savona,i,Knee injury - Unknown return date,,4.5,496,134,0.0,614,205,0.0,448,169,0,0,0,0,0,9,14,0.0,0.0,0.0,0.0,0.0,448,169,0.0,0.0,388,163,395,164,333,146,404,163,,,,,,,,0.0,0.0,0.0,0.0,0.0,0.0,0.0,0.0,0.0,2,0,0.0,0.0,0.0,0.0,0.0,0.0,0.0,0.0,0.0,0.0,0.0,0.0,0.0,0.0,56.0,21.0,0.0,0.0,0.0,0.0,0.0,0.0,0.0,0.0,0.0,0.0,0.0,0.0,0.0
476,Omar,Richards,O.Richards,a,,,4.0,572,166,0.2,323,121,0.0,365,123,0,0,0,0,0,214,560,0.0,0.0,0.0,0.0,0.0,365,123,,,297,109,296,110,216,77,314,110,,,,,,,,0.0,0.0,0.0,0.0,0.0,0.0,0.0,0.0,0.0,2,0,0.0,0.0,0.0,0.0,0.0,0.0,0.0,0.0,0.0,0.0,0.0,0.0,0.0,0.0,261.0,843.0,0.0,0.0,0.0,0.0,0.0,0.0,0.0,0.0,0.0,0.0,0.0,0.0,0.0
477,Zach,Abbott,Abbott,a,,,4.0,606,191,0.2,316,118,0.0,390,139,0,0,0,0,0,387,652,0.0,0.0,0.0,0.0,0.0,390,139,,,322,125,322,127,244,96,339,126,,,,,,,,0.0,0.0,0.0,0.0,0.0,0.0,0.0,0.0,0.0,2,0,0.0,0.0,0.0,0.0,0.0,0.0,0.0,0.0,0.0,0.0,0.0,0.0,0.0,0.0,476.0,989.0,0.0,0.0,0.0,0.0,0.0,0.0,0.0,0.0,0.0,0.0,0.0,0.0,0.0
478,Luca,Netz,Netz,a,,,4.5,479,127,0.0,520,182,1.0,218,78,1,0,0,0,0,49,111,0.2,0.4,1.0,1.0,1.0,244,89,,,378,159,224,75,318,141,288,101,,,,,,,,0.0,0.0,0.0,0.58,0.0,0.0,4.5,0.0,4.5,2,1,4.0,0.0,0.0,0.0,0.0,0.0,0.0,0.0,0.0,0.0,0.0,0.0,0.0,5.0,61.0,151.0,0.0,0.0,0.0,0.0,0.0,0.0,0.0,0.0,0.0,1.0,0.0,0.0,1.0
479,Tyler,Bindon,Bindon,a,,,4.0,601,186,0.2,356,133,0.0,386,135,0,0,0,0,0,149,410,0.0,0.0,0.0,0.0,0.0,386,135,,,318,121,318,123,239,91,335,122,,,,,,,,0.0,0.0,0.0,0.0,0.0,0.0,0.0,0.0,0.0,2,0,0.0,0.0,0.0,0.0,0.0,0.0,0.0,0.0,0.0,0.0,0.0,0.0,0.0,0.0,194.0,615.0,0.0,0.0,0.0,0.0,0.0,0.0,0.0,0.0,0.0,0.0,0.0,0.0,0.0
480,Morgan,Gibbs-White,Gibbs-White,a,,,7.9,12,7,8.6,48,18,7.5,19,11,13,-1,1,-1,1,45678,31639,0.9,1.9,7.5,7.5,7.5,24,13,100.0,100.0,623,274,126,73,67,37,160,73,,1.0,1.0,,,,,0.46,0.05,0.51,1.11,0.0,0.0,1.5,1.0,4.0,2,13,90.0,1.0,1.0,0.0,2.0,0.0,0.0,0.0,0.0,0.0,0.0,1.0,3.0,36.0,47124.0,80651.0,0.0,0.79,0.04000000000000001,0.8300000000000001,1.7500000000000002,0.0,0.0,0.0,0.0,2.0,1.0,2.0,5.0
482,Callum,Hudson-Odoi,Hudson-Odoi,a,,,5.9,106,67,0.2,330,118,0.5,334,158,1,-1,1,-1,1,488,1299,0.1,0.2,0.5,0.5,1.0,318,154,100.0,100.0,582,250,590,255,581,247,592,255,,4.0,,,,,,0.0,0.0,0.0,0.0,0.0,0.0,0.0,0.0,0.0,2,1,1.0,0.0,0.0,0.0,0.0,0.0,0.0,0.0,0.0,0.0,0.0,0.0,0.0,2.0,576.0,2463.0,0.0,0.0,0.0,0.0,0.0,0.0,0.0,0.0,0.0,0.0,0.0,0.0,0.0
483,Dan,Ndoye,Ndoye,a,,,5.5,173,108,0.5,251,84,6.0,35,19,9,0,0,0,0,9976,2131,1.1,2.2,6.0,6.0,6.0,42,23,,,259,119,169,99,558,234,269,125,,,,,,,,0.25,0.45,0.7,1.19,0.0,0.71,0.71,1.43,8.57,2,9,65.0,1.0,0.0,0.0,1.0,0.0,0.0,0.0,0.0,0.0,0.0,1.0,2.0,30.0,10359.0,3293.0,0.0,0.35,0.63,0.98,1.42,0.0,0.0,0.0,0.0,0.0,1.0,8.0,9.0
484,Omari,Hutchinson,Hutchinson,a,,,5.5,194,121,0.2,375,144,0.0,592,256,0,0,0,0,0,98,820,0.0,0.0,0.0,0.0,0.0,592,256,,,570,243,583,251,570,241,583,249,,,,,,,,0.0,0.0,0.0,0.0,0.0,0.0,0.0,0.0,0.0,2,0,0.0,0.0,0.0,0.0,0.0,0.0,0.0,0.0,0.0,0.0,0.0,0.0,0.0,0.0,131.0,1258.0,0.0,0.0,0.0,0.0,0.0,0.0,0.0,0.0,0.0,0.0,0.0,0.0,0.0
485,Dilane,Bakwa,Bakwa,u,Has joined Lille on loan for the rest of the season,,5.5,182,113,0.0,588,250,0.0,589,253,0,0,0,0,0,0,212,0.0,0.0,0.0,0.0,0.0,589,253,0.0,0.0,566,240,579,248,564,237,580,246,,,,,,,,0.0,0.0,0.0,0.0,0.0,0.0,0.0,0.0,0.0,2,0,0.0,0.0,0.0,0.0,0.0,0.0,0.0,0.0,0.0,0.0,0.0,0.0,0.0,0.0,0.0,296.0,0.0,0.0,0.0,0.0,0.0,0.0,0.0,0.0,0.0,0.0,0.0,0.0,0.0
486,James,McAtee,McAtee,a,,,5.5,161,100,0.1,472,192,2.5,130,60,2,0,0,0,0,1098,324,0.5,0.9,2.5,2.5,2.5,139,62,,,146,49,12,10,550,229,67,35,1.0,,,,,,,0.0,0.18,0.18,1.15,0.0,0.55,1.1,1.1,8.83,2,2,90.0,0.0,0.0,0.0,2.0,0.0,0.0,0.0,0.0,0.0,0.0,1.0,0.0,16.0,1237.0,415.0,0.0,0.0,0.16,0.16,1.7499999999999998,0.0,0.0,0.0,0.0,1.0,2.0,5.0,8.0
487,Nicolás,Domínguez,Dominguez,a,,,5.0,296,179,0.1,456,183,0.5,293,131,1,0,0,0,0,104,274,0.1,0.2,0.5,0.5,1.0,266,116,,,479,189,488,198,439,163,495,196,,,,,,,,0.0,0.0,0.0,0.0,0.0,0.0,0.0,0.0,0.0,2,1,1.0,0.0,0.0,0.0,0.0,0.0,0.0,0.0,0.0,0.0,0.0,0.0,0.0,3.0,127.0,439.0,0.0,0.0,0.0,0.0,0.0,0.0,0.0,0.0,0.0,0.0,0.0,0.0,0.0
488,Ibrahim,Sangaré,I.Sangaré,i,Calf injury - Unknown return date,,5.0,266,164,0.8,216,71,1.0,227,104,0,0,0,0,0,85,8288,0.2,0.4,0.0,0.0,2.0,160,75,0.0,0.0,97,34,99,61,149,76,119,59,,,,,,,,0.03,0.01,0.04,0.47,0.0,0.0,1.0,1.0,6.0,2,0,0.0,0.0,0.0,0.0,0.0,0.0,0.0,0.0,0.0,0.0,0.0,0.0,0.0,0.0,228.0,16346.0,0.0,0.0,0.0,0.0,0.0,0.0,0.0,0.0,0.0,0.0,0.0,0.0,0.0
489,Ryan,Yates,Yates,a,,,4.5,441,247,1.5,157,47,0.0,422,173,0,0,0,0,0,5608,5034,0.0,0.0,0.0,0.0,0.0,422,173,100.0,100.0,357,138,361,148,290,104,374,145,,,,,,,,0.0,0.0,0.0,0.0,0.0,0.0,0.0,0.0,0.0,2,0,0.0,0.0,0.0,0.0,0.0,0.0,0.0,0.0,0.0,0.0,0.0,0.0,0.0,0.0,6721.0,6973.0,0.0,0.0,0.0,0.0,0.0,0.0,0.0,0.0,0.0,0.0,0.0,0.0,0.0
490,Chris,Wood,Wood,a,,,5.9,104,28,1.4,162,26,0.5,332,39,0,-1,1,-1,1,1837,12650,0.1,0.2,0.5,0.5,1.0,316,36,,,581,58,174,21,153,25,271,28,,,2.0,,,,,0.39,0.03,0.42,0.71,0.0,0.0,3.21,0.0,3.21,2,0,0.0,0.0,0.0,0.0,0.0,0.0,0.0,0.0,0.0,0.0,0.0,0.0,0.0,0.0,2366.0,18648.0,0.0,0.0,0.0,0.0,0.0,0.0,0.0,0.0,0.0,0.0,0.0,0.0,0.0
491,Igor Jesus,Maciel da Cruz,Igor Jesus,a,,,6.0,90,23,3.5,98,15,1.5,200,24,1,0,0,0,0,5227,21017,0.2,0.5,1.5,1.5,1.5,216,28,,,211,14,133,16,26,8,96,13,,,4.0,,,,,0.48,0.03,0.51,1.11,0.0,0.0,1.5,1.0,4.0,2,1,90.0,0.0,0.0,0.0,2.0,0.0,0.0,0.0,1.0,0.0,0.0,1.0,0.0,4.0,6638.0,35488.0,0.0,0.74,0.039999999999999994,0.78,1.7500000000000002,0.0,0.0,0.0,0.0,1.0,3.0,1.0,5.0
493,Arnaud,Kalimuendo,Kalimuendo,a,,,5.5,177,41,0.0,489,65,0.5,326,38,0,0,0,0,0,108,359,0.1,0.2,0.5,0.5,1.0,307,34,,,563,53,576,59,561,60,577,61,,,,,,,,0.0,0.0,0.0,0.0,0.0,0.0,0.0,0.0,0.0,2,0,0.0,0.0,0.0,0.0,0.0,0.0,0.0,0.0,0.0,0.0,0.0,0.0,0.0,0.0,154.0,503.0,0.0,0.0,0.0,0.0,0.0,0.0,0.0,0.0,0.0,0.0,0.0,0.0,0.0
558,Xaver,Schlager,Schlager,a,,,5.0,260,159,0.1,420,166,2.5,125,56,4,0,0,0,0,325,257,0.5,1.0,2.5,2.5,2.5,134,58,,,270,127,222,124,166,81,264,120,3.0,,,,,,,0.04,0.0,0.04,1.6,0.0,0.0,2.55,0.85,13.58,2,4,90.0,0.0,0.0,0.0,2.0,0.0,0.0,0.0,0.0,0.0,0.0,1.0,0.0,15.0,345.0,486.0,0.0,0.05,0.0,0.05,1.75,0.0,0.0,0.0,0.0,5.0,3.0,7.0,15.0
581,Ousmane,Diomande,Diomande,a,,,5.5,207,29,0.7,230,86,0.0,594,203,0,0,0,0,0,1071,4526,0.0,0.0,0.0,0.0,0.0,594,203,,,575,205,586,205,575,202,587,205,,,,,,,,0.0,0.0,0.0,0.0,0.0,0.0,0.0,0.0,0.0,2,0,0.0,0.0,0.0,0.0,0.0,0.0,0.0,0.0,0.0,0.0,0.0,0.0,0.0,0.0,1315.0,6486.0,0.0,0.0,0.0,0.0,0.0,0.0,0.0,0.0,0.0,0.0,0.0,0.0,0.0
590,Steven,Benda,Benda,a,,,4.5,467,37,0.1,466,51,0.0,434,55,0,0,0,0,0,257,210,0.0,0.0,0.0,0.0,0.0,434,55,,,372,54,376,37,310,37,389,54,,,,,,,,0.0,0.0,0.0,0.0,0.0,0.0,0.0,0.0,0.0,2,0,0.0,0.0,0.0,0.0,0.0,0.0,0.0,0.0,0.0,0.0,0.0,0.0,0.0,0.0,337.0,281.0,0.0,0.0,0.0,0.0,0.0,0.0,0.0,0.0,0.0,0.0,0.0,0.0,0.0
112,Jan Paul,van Hecke,Van Hecke,a,,,5.0,321,61,9.0,45,17,1.0,234,82,1,0,0,0,0,5813,52184,0.2,0.4,1.0,1.0,1.0,270,102,,,58,22,166,49,170,60,122,45,,,,,,,,0.06,0.03,0.09,2.3,0.0,0.0,2.5,1.0,8.5,2,1,90.0,0.0,0.0,0.0,2.0,0.0,0.0,0.0,0.0,0.0,0.0,1.0,0.0,9.0,9269.0,67822.0,0.0,0.11,0.03,0.14,0.7199999999999998,0.0,0.0,0.0,0.0,2.0,6.0,4.0,8.0
401,Omar,Marmoush,Marmoush,a,,,7.0,27,9,1.7,148,24,1.0,259,31,2,0,0,0,0,34097,9726,0.1,0.3,1.0,1.0,2.0,188,23,,,616,69,618,70,618,70,618,70,,,2.0,,,,,0.17,0.07,0.24,0.72,0.0,0.0,2.0,1.0,4.0,2,2,90.0,0.0,0.0,0.0,2.0,0.0,0.0,0.0,0.0,0.0,0.0,1.0,0.0,14.0,50519.0,12254.0,0.0,0.17,0.07,0.24,0.72,0.0,0.0,0.0,0.0,1.0,0.0,3.0,4.0
403,Sávio,Moreira de Oliveira,Sávio,d,Muscular injury - 75% chance of playing,,6.5,45,30,0.9,200,65,0.0,613,270,0,0,0,0,0,9678,10365,0.0,0.0,0.0,0.0,0.0,613,270,75.0,,613,270,615,271,613,269,615,271,,,,,,,,0.0,0.0,0.0,0.0,0.0,0.0,0.0,0.0,0.0,2,0,0.0,0.0,0.0,0.0,0.0,0.0,0.0,0.0,0.0,0.0,0.0,0.0,0.0,0.0,29868.0,12103.0,0.0,0.0,0.0,0.0,0.0,0.0,0.0,0.0,0.0,0.0,0.0,0.0,0.0
455,Sandro,Tonali,Tonali,a,,,5.5,160,99,3.5,97,31,2.0,158,76,2,0,0,0,0,2863,25248,0.4,0.7,2.0,2.0,2.0,173,84,,,198,79,135,79,96,47,172,78,,5.0,,,,,,0.05,0.04,0.09,2.52,0.0,0.0,2.74,1.1,4.39,2,2,74.0,0.0,0.0,0.0,2.0,0.0,0.0,0.0,0.0,0.0,0.0,1.0,0.0,16.0,5498.0,33717.0,0.0,0.049999999999999996,0.020000000000000004,0.07,0.7199999999999998,0.0,0.0,0.0,0.0,0.0,1.0,3.0,4.0
494,Guglielmo,Vicario,Vicario,u,Has joined Juventus on loan for the rest of the season,,4.5,432,32,0.2,328,37,0.0,419,51,0,0,0,0,0,0,2108,0.0,0.0,0.0,0.0,0.0,419,51,0.0,0.0,353,50,357,32,284,32,370,50,,,,,,,,0.0,0.0,0.0,0.0,0.0,0.0,0.0,0.0,0.0,2,0,0.0,0.0,0.0,0.0,0.0,0.0,0.0,0.0,0.0,0.0,0.0,0.0,0.0,0.0,0.0,2939.0,0.0,0.0,0.0,0.0,0.0,0.0,0.0,0.0,0.0,0.0,0.0,0.0,0.0
495,Brandon,Austin,Austin,a,,,4.0,573,60,0.9,203,29,0.0,366,33,0,0,0,0,0,1826,1174,0.0,0.0,0.0,0.0,0.0,366,33,,,298,32,297,12,217,12,315,32,,,,,,,,0.0,0.0,0.0,0.0,0.0,0.0,0.0,0.0,0.0,2,0,0.0,0.0,0.0,0.0,0.0,0.0,0.0,0.0,0.0,0.0,0.0,0.0,0.0,0.0,2317.0,1692.0,0.0,0.0,0.0,0.0,0.0,0.0,0.0,0.0,0.0,0.0,0.0,0.0,0.0
496,Antonín,Kinský,Kinsky,a,,,4.5,484,42,21.8,13,2,1.5,176,13,1,0,0,0,0,11093,62863,0.3,0.7,1.5,1.5,1.5,194,15,,,17,1,385,42,322,42,90,1,,,,,,,,0.0,0.0,0.0,2.3,2.5,0.0,2.5,1.0,0.0,2,1,90.0,0.0,0.0,0.0,2.0,0.0,0.0,0.0,0.0,0.0,0.0,1.0,0.0,4.0,22667.0,76485.0,0.0,0.0,0.0,0.0,0.7199999999999998,0.0,0.0,0.0,0.0,0.0,0.0,6.0,0.0
497,Martin,Dubravka,Dubravka,a,,,4.0,552,53,18.3,19,4,0.0,353,26,0,0,0,0,0,21313,25974,0.0,0.0,0.0,0.0,0.0,353,26,,,284,25,281,5,199,5,300,25,,,,,,,,0.0,0.0,0.0,0.0,0.0,0.0,0.0,0.0,0.0,2,0,0.0,0.0,0.0,0.0,0.0,0.0,0.0,0.0,0.0,0.0,0.0,0.0,0.0,0.0,27020.0,36216.0,0.0,0.0,0.0,0.0,0.0,0.0,0.0,0.0,0.0,0.0,0.0,0.0,0.0
498,Marcos,Senesi Barón,Senesi,a,,,6.0,71,7,7.0,57,23,1.5,197,66,0,0,0,0,0,2198,48491,0.2,0.5,1.5,1.5,3.0,121,42,,,37,12,183,55,591,205,105,36,,,,,,,,0.0,0.02,0.02,3.87,0.0,0.0,3.0,1.0,16.0,2,0,0.0,0.0,0.0,0.0,0.0,0.0,0.0,0.0,0.0,0.0,0.0,0.0,0.0,0.0,4407.0,60102.0,0.0,0.0,0.0,0.0,0.0,0.0,0.0,0.0,0.0,0.0,0.0,0.0,0.0
499,Pedro,Porro Sauceda,Pedro Porro,a,,,5.5,167,22,13.1,30,10,0.5,323,114,1,0,0,0,0,16827,47751,0.1,0.2,0.5,0.5,1.0,305,107,100.0,100.0,560,204,573,204,554,197,574,204,3.0,1.0,,,,,,0.33,0.1,0.43,0.72,0.0,0.0,2.0,1.0,4.0,2,1,90.0,0.0,0.0,0.0,2.0,0.0,0.0,0.0,0.0,0.0,0.0,1.0,0.0,1.0,22871.0,70062.0,0.0,0.33,0.1,0.43,0.72,0.0,0.0,0.0,0.0,1.0,3.0,2.0,4.0
500,Cristian,Romero,Romero,u,Has joined Atletico Madrid permanently,,5.0,278,47,0.1,390,140,0.0,513,186,0,0,0,0,0,0,1509,0.0,0.0,0.0,0.0,0.0,513,186,0.0,0.0,466,185,475,185,423,171,482,185,,,,,,,,0.0,0.0,0.0,0.0,0.0,0.0,0.0,0.0,0.0,2,0,0.0,0.0,0.0,0.0,0.0,0.0,0.0,0.0,0.0,0.0,0.0,0.0,0.0,0.0,0.0,2070.0,0.0,0.0,0.0,0.0,0.0,0.0,0.0,0.0,0.0,0.0,0.0,0.0,0.0
501,Kevin,Danso,Danso,a,,,5.0,240,38,0.2,360,134,0.0,500,183,0,0,0,0,0,213,868,0.0,0.0,0.0,0.0,0.0,500,183,,,446,179,453,180,394,163,462,179,,,,,,,,0.0,0.0,0.0,0.0,0.0,0.0,0.0,0.0,0.0,2,0,0.0,0.0,0.0,0.0,0.0,0.0,0.0,0.0,0.0,0.0,0.0,0.0,0.0,0.0,292.0,1208.0,0.0,0.0,0.0,0.0,0.0,0.0,0.0,0.0,0.0,0.0,0.0,0.0,0.0
502,Andrew,Robertson,Robertson,a,,,4.5,422,87,3.7,94,36,2.5,119,41,2,0,0,0,0,4324,14014,0.6,1.1,2.5,2.5,2.5,128,44,,,48,19,64,19,158,54,69,23,1.0,,,,,,,0.03,0.05,0.08,2.49,0.0,0.0,2.29,1.15,8.03,2,2,67.0,0.0,0.0,0.0,1.0,0.0,0.0,0.0,0.0,0.0,0.0,1.0,0.0,7.0,8070.0,17807.0,0.0,0.06,0.020000000000000004,0.08000000000000002,0.47999999999999954,0.0,0.0,0.0,0.0,1.0,2.0,1.0,3.0
503,Micky,van de Ven,Van de Ven,a,,,5.0,338,66,4.2,83,33,0.0,545,194,0,0,0,0,0,5576,18338,0.0,0.0,0.0,0.0,0.0,545,194,100.0,100.0,506,194,518,194,475,185,522,194,,,,,,,,0.0,0.02,0.02,0.72,0.0,0.0,2.0,1.0,8.0,2,0,90.0,0.0,0.0,0.0,2.0,0.0,0.0,0.0,1.0,0.0,0.0,1.0,0.0,5.0,7649.0,25015.0,0.0,0.0,0.02,0.02,0.72,0.0,0.0,0.0,0.0,1.0,7.0,4.0,8.0
505,Djed,Spence,Spence,u,Has joined Internazionale permanently,,4.5,456,112,0.4,271,101,0.0,429,160,0,0,0,0,0,0,5773,0.0,0.0,0.0,0.0,0.0,429,160,0.0,0.0,366,151,370,155,301,132,383,152,,,,,,,,0.0,0.0,0.0,0.0,0.0,0.0,0.0,0.0,0.0,2,0,0.0,0.0,0.0,0.0,0.0,0.0,0.0,0.0,0.0,0.0,0.0,0.0,0.0,0.0,0.0,8189.0,0.0,0.0,0.0,0.0,0.0,0.0,0.0,0.0,0.0,0.0,0.0,0.0,0.0
506,Destiny,Udogie,Udogie,a,,,4.5,485,130,0.5,264,98,1.0,220,80,1,0,0,0,0,352,1695,0.2,0.4,1.0,1.0,1.0,247,92,,,380,161,235,82,323,143,396,161,,,,,,,,0.0,0.73,0.73,2.35,0.0,0.0,3.46,0.0,3.46,2,1,22.0,0.0,0.0,0.0,1.0,0.0,0.0,0.0,0.0,0.0,0.0,0.0,0.0,2.0,505.0,2416.0,0.0,0.0,0.19,0.19,0.24000000000000005,0.0,0.0,0.0,0.0,1.0,0.0,1.0,1.0
507,Ashley,Phillips,Phillips,u,Has joined Middlesbrough permanently,,4.5,507,138,0.0,560,195,0.0,459,173,0,0,0,0,0,0,111,0.0,0.0,0.0,0.0,0.0,459,173,0.0,0.0,399,167,406,168,344,150,415,167,,,,,,,,0.0,0.0,0.0,0.0,0.0,0.0,0.0,0.0,0.0,2,0,0.0,0.0,0.0,0.0,0.0,0.0,0.0,0.0,0.0,0.0,0.0,0.0,0.0,0.0,0.0,158.0,0.0,0.0,0.0,0.0,0.0,0.0,0.0,0.0,0.0,0.0,0.0,0.0,0.0
508,Ben,Davies,Davies,a,,,4.0,559,156,1.0,189,73,0.0,359,120,0,0,0,0,0,891,2896,0.0,0.0,0.0,0.0,0.0,359,120,,,290,105,287,104,205,69,306,105,,,,,,,,0.0,0.0,0.0,0.0,0.0,0.0,0.0,0.0,0.0,2,0,0.0,0.0,0.0,0.0,0.0,0.0,0.0,0.0,0.0,0.0,0.0,0.0,0.0,0.0,1202.0,4170.0,0.0,0.0,0.0,0.0,0.0,0.0,0.0,0.0,0.0,0.0,0.0,0.0,0.0
509,Jun'ai,Byfield,Byfield,a,,,4.0,620,204,0.1,483,168,0.0,400,148,0,0,0,0,0,118,163,0.0,0.0,0.0,0.0,0.0,400,148,,,333,135,334,138,257,108,350,136,,,,,,,,0.0,0.0,0.0,0.0,0.0,0.0,0.0,0.0,0.0,2,0,0.0,0.0,0.0,0.0,0.0,0.0,0.0,0.0,0.0,0.0,0.0,0.0,0.0,0.0,142.0,232.0,0.0,0.0,0.0,0.0,0.0,0.0,0.0,0.0,0.0,0.0,0.0,0.0,0.0
510,James,Rowswell,Rowswell,a,,,4.0,597,183,0.1,448,158,0.0,382,132,0,0,0,0,0,133,245,0.0,0.0,0.0,0.0,0.0,382,132,,,314,118,314,120,235,88,331,119,,,,,,,,0.0,0.0,0.0,0.0,0.0,0.0,0.0,0.0,0.0,2,0,0.0,0.0,0.0,0.0,0.0,0.0,0.0,0.0,0.0,0.0,0.0,0.0,0.0,0.0,176.0,331.0,0.0,0.0,0.0,0.0,0.0,0.0,0.0,0.0,0.0,0.0,0.0,0.0,0.0
511,João Victor,de Souza Menezes,Souza,a,,,4.0,619,203,0.3,299,111,0.0,399,147,0,0,0,0,0,546,855,0.0,0.0,0.0,0.0,0.0,399,147,,,332,134,333,137,256,107,349,135,,,,,,,,0.0,0.0,0.0,0.0,0.0,0.0,0.0,0.0,0.0,2,0,0.0,0.0,0.0,0.0,0.0,0.0,0.0,0.0,0.0,0.0,0.0,0.0,0.0,0.0,697.0,1199.0,0.0,0.0,0.0,0.0,0.0,0.0,0.0,0.0,0.0,0.0,0.0,0.0,0.0
512,Mohammed,Kudus,Kudus,a,,,6.5,42,28,0.1,452,182,0.5,346,167,1,0,0,0,0,756,546,0.1,0.2,0.5,0.4,1.0,331,163,100.0,75.0,612,269,614,270,612,268,614,270,,3.0,3.0,,,,,0.16,0.04,0.2,0.98,0.0,0.0,4.09,0.0,8.18,2,1,22.0,0.0,0.0,0.0,1.0,0.0,0.0,0.0,0.0,0.0,0.0,0.0,0.0,4.0,779.0,828.0,0.0,0.04,0.01,0.05,0.24,0.0,0.0,0.0,0.0,0.0,0.0,2.0,2.0
513,Xavi,Simons,Xavi,i,Knee injury - Unknown return date,,6.0,93,59,0.0,577,243,0.0,607,265,0,0,0,0,0,28,134,0.0,0.0,0.0,0.0,0.0,607,265,0.0,0.0,603,263,606,265,600,259,606,265,,2.0,4.0,,,,,0.0,0.0,0.0,0.0,0.0,0.0,0.0,0.0,0.0,2,0,0.0,0.0,0.0,0.0,0.0,0.0,0.0,0.0,0.0,0.0,0.0,0.0,0.0,0.0,37.0,171.0,0.0,0.0,0.0,0.0,0.0,0.0,0.0,0.0,0.0,0.0,0.0,0.0,0.0
514,Mathys,Tel,Tel,a,,,6.0,95,61,0.4,267,88,2.0,164,79,2,0,0,0,0,457,5143,0.3,0.7,2.0,2.0,2.0,182,90,,,162,59,44,30,93,45,89,47,,4.0,,,,,,0.11,0.05,0.16,2.49,0.0,0.0,2.29,1.15,6.31,2,2,67.0,0.0,0.0,0.0,1.0,0.0,0.0,0.0,0.0,0.0,0.0,1.0,0.0,10.0,1653.0,7567.0,0.0,0.14,0.03,0.16999999999999998,0.47999999999999954,0.0,0.0,0.0,0.0,1.0,0.0,2.0,3.0
515,James,Maddison,Maddison,d,Shoulder injury - 75% chance of playing,,6.4,50,34,0.8,209,68,0.5,342,163,0,-1,1,-1,1,80,12492,0.1,0.2,0.4,0.4,1.0,327,159,75.0,75.0,219,94,129,76,101,51,174,80,,,,,,,,0.0,0.04,0.04,3.48,0.0,0.0,0.0,0.0,8.18,2,0,0.0,0.0,0.0,0.0,0.0,0.0,0.0,0.0,0.0,0.0,0.0,0.0,0.0,0.0,100.0,21464.0,0.0,0.0,0.0,0.0,0.0,0.0,0.0,0.0,0.0,0.0,0.0,0.0,0.0
516,Rodrigo,Bentancur,Bentancur,a,,,5.5,138,85,0.2,351,130,1.5,187,86,2,0,0,0,0,248,590,0.3,0.5,1.5,1.5,1.5,205,97,,,253,115,84,54,539,220,199,88,,,,,,,,0.0,0.02,0.02,1.93,0.0,0.0,2.0,0.67,10.67,2,2,90.0,0.0,0.0,0.0,2.0,0.0,0.0,0.0,0.0,0.0,0.0,1.0,0.0,17.0,374.0,941.0,0.0,0.0,0.019999999999999997,0.019999999999999997,0.7199999999999998,0.0,0.0,0.0,0.0,2.0,3.0,6.0,11.0
517,Wilson,Odobert,Odobert,i,Knee injury - Unknown return date,,5.5,205,130,0.0,621,273,0.0,593,257,0,0,0,0,0,10,15,0.0,0.0,0.0,0.0,0.0,593,257,0.0,0.0,574,247,585,253,573,244,586,252,,,,,,,,0.0,0.0,0.0,0.0,0.0,0.0,0.0,0.0,0.0,2,0,0.0,0.0,0.0,0.0,0.0,0.0,0.0,0.0,0.0,0.0,0.0,0.0,0.0,0.0,14.0,16.0,0.0,0.0,0.0,0.0,0.0,0.0,0.0,0.0,0.0,0.0,0.0,0.0,0.0
518,Pape Matar,Sarr,P.M.Sarr,a,,,4.9,400,240,0.2,358,134,0.0,490,196,0,0,0,-1,1,2122,1019,0.0,0.0,0.0,0.0,0.0,490,196,100.0,0.0,433,162,439,172,380,131,449,169,,,,,,,,0.0,0.0,0.0,0.0,0.0,0.0,0.0,0.0,0.0,2,0,0.0,0.0,0.0,0.0,0.0,0.0,0.0,0.0,0.0,0.0,0.0,0.0,0.0,0.0,2186.0,2177.0,0.0,0.0,0.0,0.0,0.0,0.0,0.0,0.0,0.0,0.0,0.0,0.0,0.0
519,Conor,Gallagher,Gallagher,a,,,5.5,152,93,0.3,310,109,0.0,584,249,0,0,0,0,0,251,1737,0.0,0.0,0.0,0.0,0.0,584,249,,,556,234,143,85,191,97,259,118,,,,,,,,0.04,0.12,0.16,3.4,0.0,0.0,4.0,2.0,6.0,2,0,0.0,0.0,0.0,0.0,0.0,0.0,0.0,0.0,0.0,0.0,0.0,0.0,0.0,0.0,470.0,2544.0,0.0,0.0,0.0,0.0,0.0,0.0,0.0,0.0,0.0,0.0,0.0,0.0,0.0
520,Lucas,Bergvall,Bergvall,a,,,5.5,208,132,0.2,342,125,0.5,330,155,0,0,0,0,0,161,913,0.1,0.2,0.5,0.5,1.0,313,150,,,576,248,187,109,180,90,588,253,,,,,,,,0.0,0.02,0.02,3.4,0.0,0.0,4.0,2.0,16.0,2,0,0.0,0.0,0.0,0.0,0.0,0.0,0.0,0.0,0.0,0.0,0.0,0.0,0.0,0.0,240.0,1249.0,0.0,0.0,0.0,0.0,0.0,0.0,0.0,0.0,0.0,0.0,0.0,0.0,0.0
521,Dejan,Kulusevski,Kulusevski,i,Knee injury - Unknown return date,,6.5,40,27,0.0,593,252,0.0,611,269,0,0,0,0,0,22,50,0.0,0.0,0.0,0.0,0.0,611,269,0.0,0.0,610,268,612,269,610,267,612,269,,,,,,,,0.0,0.0,0.0,0.0,0.0,0.0,0.0,0.0,0.0,2,0,0.0,0.0,0.0,0.0,0.0,0.0,0.0,0.0,0.0,0.0,0.0,0.0,0.0,0.0,28.0,77.0,0.0,0.0,0.0,0.0,0.0,0.0,0.0,0.0,0.0,0.0,0.0,0.0,0.0
522,Archie,Gray,Gray,a,,,5.0,369,219,0.2,326,116,2.0,150,71,2,0,0,0,0,701,1060,0.4,0.8,2.0,2.0,2.0,166,79,,,197,78,163,95,491,190,235,106,,,,,,,,0.0,0.01,0.01,2.32,0.0,0.0,2.37,1.18,6.51,2,2,67.0,0.0,0.0,0.0,1.0,0.0,0.0,0.0,0.0,0.0,0.0,1.0,0.0,9.0,954.0,1466.0,0.0,0.0,0.0,0.0,0.48,0.0,0.0,0.0,0.0,0.0,3.0,3.0,6.0
523,Mikey,Moore,Moore,a,,,5.0,346,201,0.2,353,132,1.5,183,83,1,0,0,0,0,441,1117,0.3,0.6,1.5,1.5,1.5,201,94,,,123,40,140,84,4,3,35,20,,,,,,,,0.4,0.02,0.42,3.3,0.0,0.0,4.04,1.01,3.03,2,1,22.0,0.0,0.0,0.0,1.0,0.0,0.0,0.0,0.0,0.0,0.0,0.0,0.0,1.0,1157.0,1580.0,0.0,0.020000000000000018,0.0,0.019999999999999962,0.23999999999999977,0.0,0.0,0.0,0.0,0.0,0.0,1.0,1.0
524,Callum,Olusesi,Olusesi,a,,,4.5,494,256,0.8,220,73,0.0,446,180,0,0,0,0,0,447,2721,0.0,0.0,0.0,0.0,0.0,446,180,,,386,145,393,155,331,113,402,152,,,,,,,,0.0,0.0,0.0,0.0,0.0,0.0,0.0,0.0,0.0,2,0,0.0,0.0,0.0,0.0,0.0,0.0,0.0,0.0,0.0,0.0,0.0,0.0,0.0,0.0,563.0,3710.0,0.0,0.0,0.0,0.0,0.0,0.0,0.0,0.0,0.0,0.0,0.0,0.0,0.0
525,Mateus,Fernandes,Fernandes,a,,,6.0,100,64,1.5,155,46,1.5,201,94,2,0,0,0,0,1200,12349,0.2,0.5,1.5,1.5,1.5,217,104,,,186,73,37,27,186,94,114,57,2.0,,,,,,,0.01,0.15,0.16,1.93,0.0,0.0,2.0,0.67,6.67,2,2,90.0,0.0,0.0,0.0,2.0,0.0,0.0,0.0,0.0,0.0,0.0,1.0,0.0,18.0,2120.0,17191.0,0.0,0.01,0.17,0.18,0.7199999999999998,0.0,0.0,0.0,0.0,3.0,0.0,5.0,8.0
526,Dominic,Solanke-Mitchell,Solanke,a,,,6.0,61,14,1.2,172,27,1.0,253,28,1,0,0,0,0,2121,9888,0.2,0.3,1.0,1.0,1.0,320,37,,,591,60,598,64,127,24,260,27,,,1.0,,,,,0.66,0.0,0.66,2.07,0.0,0.0,0.0,0.0,0.0,2,1,15.0,0.0,0.0,0.0,0.0,0.0,0.0,0.0,0.0,0.0,0.0,0.0,0.0,6.0,4393.0,13474.0,0.0,0.2,0.0,0.2,0.0,0.0,0.0,0.0,0.0,0.0,0.0,0.0,0.0
527,Richarlison,de Andrade,Richarlison,a,,,6.0,69,17,2.5,119,18,1.0,255,29,0,0,0,0,0,2284,31817,0.2,0.3,1.0,1.0,2.0,180,20,,,595,63,182,22,590,65,286,31,,,5.0,,,,,0.0,0.0,0.0,4.06,0.0,0.0,4.03,1.34,1.34,2,0,0.0,0.0,0.0,0.0,0.0,0.0,0.0,0.0,0.0,0.0,0.0,0.0,0.0,0.0,4857.0,44870.0,0.0,0.0,0.0,0.0,0.0,0.0,0.0,0.0,0.0,0.0,0.0,0.0,0.0
528,Dane,Scarlett,Scarlett,a,,,4.5,489,62,1.8,140,23,0.0,441,42,0,0,0,0,0,8854,6116,0.0,0.0,0.0,0.0,0.0,441,42,,,381,24,388,32,326,30,397,33,,,,,,,,0.0,0.0,0.0,0.0,0.0,0.0,0.0,0.0,0.0,2,0,0.0,0.0,0.0,0.0,0.0,0.0,0.0,0.0,0.0,0.0,0.0,0.0,0.0,0.0,10698.0,8301.0,0.0,0.0,0.0,0.0,0.0,0.0,0.0,0.0,0.0,0.0,0.0,0.0,0.0
601,Luca,Williams-Barnett,Williams-Barnett,a,,,4.5,534,268,0.1,427,170,0.0,479,190,0,0,0,0,0,1267,528,0.0,0.0,0.0,0.0,0.0,479,190,,,420,155,426,165,367,124,436,162,,,,,,,,0.0,0.0,0.0,0.0,0.0,0.0,0.0,0.0,0.0,2,0,0.0,0.0,0.0,0.0,0.0,0.0,0.0,0.0,0.0,0.0,0.0,0.0,0.0,0.0,1557.0,597.0,0.0,0.0,0.0,0.0,0.0,0.0,0.0,0.0,0.0,0.0,0.0,0.0,0.0
529,Robin,Roefs,Roefs,a,,,5.0,343,20,3.8,92,15,3.5,87,6,6,0,0,0,0,1505,11999,0.7,1.4,3.5,3.5,3.5,98,7,,,114,15,522,64,479,64,209,15,,,,,,,,0.0,0.0,0.0,1.41,0.5,0.5,1.0,1.0,0.0,2,6,90.0,0.0,0.0,1.0,0.0,0.0,0.0,0.0,0.0,0.0,0.0,1.0,0.0,22.0,2384.0,17900.0,0.0,0.0,0.0,0.0,1.0199999999999998,0.0,0.0,0.0,0.0,0.0,2.0,7.0,0.0
530,Anthony,Patterson,Patterson,u,Has joined Wrexham permanently,,4.0,579,61,0.2,372,40,0.0,369,34,0,0,0,0,0,0,544,0.0,0.0,0.0,0.0,0.0,369,34,0.0,0.0,301,33,300,13,220,13,318,33,,,,,,,,0.0,0.0,0.0,0.0,0.0,0.0,0.0,0.0,0.0,2,0,0.0,0.0,0.0,0.0,0.0,0.0,0.0,0.0,0.0,0.0,0.0,0.0,0.0,0.0,0.0,695.0,0.0,0.0,0.0,0.0,0.0,0.0,0.0,0.0,0.0,0.0,0.0,0.0,0.0
532,Daniel,Ballard,Ballard,a,,,5.0,282,50,4.7,72,31,3.0,97,36,6,0,0,0,0,2495,21185,0.6,1.2,3.0,3.0,3.0,108,39,,,95,40,213,70,427,174,184,72,,,,,,,,0.0,0.0,0.0,1.41,0.0,0.5,1.0,1.0,8.5,2,6,90.0,0.0,0.0,1.0,0.0,0.0,0.0,0.0,0.0,0.0,0.0,1.0,0.0,26.0,4931.0,30653.0,0.0,0.01,0.0,0.01,1.0199999999999998,0.0,0.0,0.0,0.0,1.0,7.0,1.0,8.0
533,Nordi,Mukiele,Mukiele,a,,,5.5,137,16,2.4,121,48,5.5,44,18,11,0,0,0,0,4461,6603,1.0,2.0,5.5,5.5,11.0,4,2,100.0,100.0,549,203,564,203,538,196,565,203,,,,,,,,0.0,0.01,0.01,1.02,0.0,1.0,0.0,1.0,19.0,2,11,90.0,0.0,0.0,1.0,0.0,0.0,0.0,0.0,0.0,0.0,0.0,1.0,3.0,29.0,5176.0,15326.0,0.0,0.0,0.01,0.01,1.02,0.0,0.0,0.0,0.0,2.0,17.0,4.0,19.0
534,Trai,Hume,Hume,a,,,4.5,486,131,6.1,63,25,4.0,76,28,6,0,0,0,0,3173,17401,0.9,1.8,4.0,4.0,4.0,84,30,,,169,73,17,3,75,20,51,13,3.0,,,,,,,0.02,0.15,0.17,1.44,0.0,0.53,0.53,1.07,5.33,2,6,90.0,0.0,0.0,1.0,0.0,0.0,0.0,0.0,0.0,0.0,0.0,1.0,0.0,24.0,5677.0,23301.0,0.0,0.0,0.010000000000000009,0.010000000000000009,1.02,0.0,0.0,0.0,0.0,4.0,2.0,4.0,6.0
531,Melker,Ellborg,Ellborg,a,,,4.5,501,45,0.1,432,47,0.0,453,58,0,0,0,0,0,73,208,0.0,0.0,0.0,0.0,0.0,453,58,,,393,57,400,45,338,45,409,57,,,,,,,,0.0,0.0,0.0,0.0,0.0,0.0,0.0,0.0,0.0,2,0,0.0,0.0,0.0,0.0,0.0,0.0,0.0,0.0,0.0,0.0,0.0,0.0,0.0,0.0,99.0,336.0,0.0,0.0,0.0,0.0,0.0,0.0,0.0,0.0,0.0,0.0,0.0,0.0,0.0
535,Omar,Alderete,Alderete,a,,,5.0,259,41,0.4,270,100,0.5,288,105,0,0,0,0,0,508,2030,0.1,0.2,0.5,0.5,1.0,261,99,100.0,100.0,458,182,240,86,411,166,474,182,,,,,,,,0.0,0.04,0.04,0.39,0.0,0.0,3.91,0.0,0.0,2,0,0.0,0.0,0.0,0.0,0.0,0.0,0.0,0.0,0.0,0.0,0.0,0.0,0.0,0.0,784.0,3284.0,0.0,0.0,0.0,0.0,0.0,0.0,0.0,0.0,0.0,0.0,0.0,0.0,0.0
536,Reinildo,Mandava,Reinildo,a,,,4.5,468,121,0.4,268,99,3.5,85,32,6,0,0,0,0,306,949,0.8,1.6,3.5,3.5,3.5,96,34,,,74,34,36,10,131,43,62,20,,,,,,,,0.0,0.15,0.15,1.41,0.0,0.5,1.0,1.0,6.5,2,6,90.0,0.0,0.0,1.0,0.0,0.0,0.0,0.0,0.0,0.0,0.0,1.0,0.0,25.0,484.0,1694.0,0.0,0.0,0.010000000000000009,0.010000000000000009,1.0199999999999998,0.0,0.0,0.0,0.0,1.0,4.0,3.0,5.0
537,Jenson,Seelt,Seelt,u,Has joined Swansea City on loan for the rest of the season,,4.5,502,137,0.0,592,202,0.0,454,172,0,0,0,0,0,3,127,0.0,0.0,0.0,0.0,0.0,454,172,0.0,,394,166,401,167,339,149,410,166,,,,,,,,0.0,0.0,0.0,0.0,0.0,0.0,0.0,0.0,0.0,2,0,0.0,0.0,0.0,0.0,0.0,0.0,0.0,0.0,0.0,0.0,0.0,0.0,0.0,0.0,9.0,142.0,0.0,0.0,0.0,0.0,0.0,0.0,0.0,0.0,0.0,0.0,0.0,0.0,0.0
538,Leo Fuhr,Hjelde,Hjelde,u,Has joined KV Mechelen on loan for the rest of the season,,4.0,592,180,0.0,491,172,0.0,377,129,0,0,0,0,0,0,240,0.0,0.0,0.0,0.0,0.0,377,129,0.0,0.0,309,115,309,117,230,85,326,116,,,,,,,,0.0,0.0,0.0,0.0,0.0,0.0,0.0,0.0,0.0,2,0,0.0,0.0,0.0,0.0,0.0,0.0,0.0,0.0,0.0,0.0,0.0,0.0,0.0,0.0,0.0,310.0,0.0,0.0,0.0,0.0,0.0,0.0,0.0,0.0,0.0,0.0,0.0,0.0,0.0
539,Luke,O'Nien,O'Nien,a,,,4.0,563,159,3.3,104,42,0.5,263,86,0,0,0,0,0,1162,6641,0.1,0.2,0.5,0.5,1.0,222,69,,,150,71,200,64,129,41,195,76,,,,,,,,0.01,0.01,0.02,2.3,0.0,0.0,1.36,1.36,6.82,2,0,0.0,0.0,0.0,0.0,0.0,0.0,0.0,0.0,0.0,0.0,0.0,0.0,0.0,0.0,1677.0,9621.0,0.0,0.0,0.0,0.0,0.0,0.0,0.0,0.0,0.0,0.0,0.0,0.0,0.0
540,Arthur,Masuaku,Masuaku,u,Has joined Konyaspor permanently,,4.0,556,154,0.2,343,128,0.0,357,119,0,0,0,0,0,0,1106,0.0,0.0,0.0,0.0,0.0,357,119,0.0,0.0,288,104,285,103,203,68,304,104,,,,,,,,0.0,0.0,0.0,0.0,0.0,0.0,0.0,0.0,0.0,2,0,0.0,0.0,0.0,0.0,0.0,0.0,0.0,0.0,0.0,0.0,0.0,0.0,0.0,0.0,0.0,1514.0,0.0,0.0,0.0,0.0,0.0,0.0,0.0,0.0,0.0,0.0,0.0,0.0,0.0
541,Thomas,Meunier,Meunier,a,,,4.5,411,83,0.3,297,110,4.0,73,26,7,0,0,0,0,547,481,0.9,1.8,4.0,4.0,4.0,81,28,100.0,100.0,126,58,144,43,80,24,131,50,,,,,,,,0.05,0.06,0.11,1.41,0.0,0.5,1.0,1.0,5.5,2,7,90.0,0.0,0.0,1.0,0.0,0.0,0.0,0.0,0.0,0.0,0.0,1.0,1.0,27.0,721.0,800.0,0.0,0.020000000000000004,0.03,0.04999999999999999,1.0199999999999998,0.0,0.0,0.0,0.0,0.0,7.0,5.0,7.0
542,Enzo,Le Fée,E.Le Fée,a,,,6.0,91,57,7.9,52,19,2.5,140,66,3,0,0,0,0,1752,55158,0.4,0.8,2.5,2.5,2.5,148,68,,,218,93,124,72,598,257,211,94,1.0,2.0,2.0,,,,,0.11,0.11,0.22,1.39,0.0,0.54,0.54,1.07,4.29,2,3,89.0,0.0,0.0,1.0,0.0,0.0,0.0,0.0,0.0,0.0,0.0,1.0,0.0,15.0,4108.0,76944.0,0.0,0.21,0.17,0.38,0.9100000000000001,0.0,0.0,0.0,0.0,1.0,1.0,4.0,6.0
543,Habib,Diarra,Diarra,d,Unspecified injury - 75% chance of playing,,5.5,201,126,0.1,468,190,2.5,136,63,4,0,0,0,0,89,343,0.5,0.9,1.9,2.5,2.5,144,65,75.0,,275,130,247,131,179,89,279,132,,,1.0,,,,,0.1,0.58,0.68,0.39,0.0,0.0,3.21,0.0,0.0,2,4,18.0,0.0,1.0,0.0,0.0,0.0,0.0,0.0,0.0,0.0,0.0,0.0,0.0,15.0,157.0,547.0,0.0,0.0,0.18,0.18,0.01999999999999999,0.0,0.0,0.0,0.0,0.0,0.0,0.0,0.0
544,Granit,Xhaka,Xhaka,a,,,5.5,118,76,4.6,75,24,6.0,34,18,3,0,0,0,0,8516,10096,1.1,2.2,6.0,6.0,6.0,40,21,,,90,30,24,19,523,212,76,41,2.0,1.0,,,,,,0.0,0.2,0.2,1.41,0.0,0.5,1.0,1.0,10.0,2,3,90.0,0.0,0.0,1.0,0.0,0.0,0.0,0.0,0.0,0.0,0.0,1.0,0.0,26.0,16994.0,13139.0,0.0,0.0,0.30000000000000004,0.30000000000000004,1.0199999999999998,0.0,0.0,0.0,0.0,0.0,1.0,6.0,7.0
545,Noah,Sadiki,Sadiki,a,,,5.0,379,226,0.3,293,98,2.5,128,59,3,0,0,0,0,438,1085,0.5,1.0,2.5,2.5,2.5,137,61,,,116,38,23,18,36,20,42,24,,,,,,,,0.04,0.02,0.06,1.41,0.0,0.5,1.0,1.0,6.5,2,3,90.0,0.0,0.0,1.0,0.0,0.0,0.0,0.0,0.0,0.0,0.0,1.0,0.0,21.0,632.0,1652.0,0.0,0.020000000000000004,0.020000000000000004,0.04000000000000001,1.0199999999999998,0.0,0.0,0.0,0.0,3.0,6.0,2.0,11.0
546,Simon,Adingra,Adingra,i,Ankle injury - Unknown return date,,4.9,401,241,0.1,478,196,0.0,491,197,0,-1,1,-1,1,78,563,0.0,0.0,0.0,0.0,0.0,491,197,0.0,0.0,434,163,440,173,381,132,450,170,,,,,,,,0.0,0.0,0.0,0.0,0.0,0.0,0.0,0.0,0.0,2,0,0.0,0.0,0.0,0.0,0.0,0.0,0.0,0.0,0.0,0.0,0.0,0.0,0.0,0.0,83.0,979.0,0.0,0.0,0.0,0.0,0.0,0.0,0.0,0.0,0.0,0.0,0.0,0.0,0.0
547,Romaine,Mundle,Mundle,a,,,5.0,314,186,0.0,596,254,0.5,296,133,1,0,0,0,0,15,35,0.1,0.2,0.5,0.5,1.0,268,118,,,492,195,502,204,455,170,508,202,,,,,,,,5.4,0.0,5.4,9.0,0.0,0.0,0.0,0.0,90.0,2,1,1.0,0.0,0.0,0.0,0.0,0.0,0.0,0.0,0.0,0.0,0.0,0.0,0.0,2.0,20.0,46.0,0.0,0.06,0.0,0.06,0.1,0.0,0.0,0.0,0.0,0.0,1.0,0.0,1.0
548,Chris,Rigg,Rigg,a,,,5.0,374,222,0.1,474,193,1.0,239,111,1,0,0,0,0,40,206,0.2,0.4,1.0,1.0,1.0,283,128,,,524,215,262,138,496,193,540,222,,,,,,,,0.0,0.0,0.0,2.59,0.0,0.0,5.29,0.0,10.59,2,1,7.0,0.0,0.0,0.0,0.0,0.0,0.0,0.0,0.0,0.0,0.0,0.0,0.0,3.0,45.0,318.0,0.0,0.0,0.0,0.0,0.39,0.0,0.0,0.0,0.0,1.0,0.0,0.0,1.0
549,Chemsdine,Talbi,Talbi,a,,,5.5,203,128,0.2,337,122,0.5,329,154,0,0,0,0,0,66,862,0.1,0.2,0.5,0.5,1.0,311,148,,,573,246,225,125,572,243,585,251,,,,,,,,0.0,0.0,0.0,0.41,0.0,0.0,2.9,0.0,5.81,2,0,0.0,0.0,0.0,0.0,0.0,0.0,0.0,0.0,0.0,0.0,0.0,0.0,0.0,0.0,94.0,1386.0,0.0,0.0,0.0,0.0,0.0,0.0,0.0,0.0,0.0,0.0,0.0,0.0,0.0
550,Djiamgone Jocelin Ta,Bi,Jocelin.T,a,,,5.0,397,238,0.0,603,259,0.0,567,239,0,0,0,0,0,18,24,0.0,0.0,0.0,0.0,0.0,567,239,,,534,222,547,231,513,206,550,229,,,,,,,,0.0,0.0,0.0,0.0,0.0,0.0,0.0,0.0,0.0,2,0,0.0,0.0,0.0,0.0,0.0,0.0,0.0,0.0,0.0,0.0,0.0,0.0,0.0,0.0,22.0,39.0,0.0,0.0,0.0,0.0,0.0,0.0,0.0,0.0,0.0,0.0,0.0,0.0,0.0
551,Nilson,Angulo,Angulo,a,,,5.0,364,214,0.1,391,152,4.0,81,37,3,0,0,0,0,1082,614,0.8,1.6,4.0,4.0,4.0,89,40,,,45,20,162,94,64,34,71,38,,3.0,,,,,,0.11,0.04,0.15,1.67,0.0,0.74,0.74,1.48,8.85,2,3,64.0,0.0,0.0,1.0,0.0,0.0,0.0,0.0,0.0,0.0,0.0,1.0,0.0,13.0,2010.0,827.0,0.0,0.0,0.04,0.04000000000000001,0.5999999999999999,0.0,0.0,0.0,0.0,1.0,0.0,4.0,5.0
552,Brian,Brobbey,Brobbey,a,,,6.0,79,20,11.8,34,6,2.0,162,17,2,0,0,0,0,8366,80175,0.3,0.7,2.0,2.0,2.0,181,21,,,597,64,198,23,92,18,233,22,,,,,,,,0.25,0.0,0.25,1.6,0.0,0.7,0.7,1.4,2.79,2,2,63.0,0.0,0.0,1.0,0.0,0.0,0.0,0.0,0.0,0.0,0.0,1.0,0.0,5.0,14922.0,105133.0,0.0,0.06,0.0,0.06,0.6000000000000001,0.0,0.0,0.0,0.0,0.0,1.0,3.0,4.0
553,Wilson,Isidor,Isidor,a,,,5.5,164,38,0.9,206,33,4.5,66,7,8,0,0,0,0,3336,3272,0.8,1.6,4.5,4.5,4.5,76,9,,,558,51,271,30,551,58,572,59,,,,,,,,2.53,0.0,2.53,0.94,0.0,0.0,1.84,0.0,0.0,2,8,26.0,1.0,0.0,0.0,0.0,0.0,0.0,0.0,0.0,0.0,0.0,0.0,3.0,29.0,3692.0,5764.0,0.0,1.38,0.0,1.38,0.41000000000000003,0.0,0.0,0.0,0.0,0.0,0.0,0.0,0.0
612,Dayann,Méthalie,Methalie,s,Suspended until 5 Sep,,4.5,541,150,0.0,619,207,0.0,484,180,0,0,0,0,0,30,19,0.0,0.0,0.0,0.0,0.0,484,180,0.0,0.0,427,175,433,176,374,159,443,175,,,,,,,,0.0,0.0,0.0,0.0,0.0,0.0,0.0,0.0,0.0,2,0,0.0,0.0,0.0,0.0,0.0,0.0,0.0,0.0,0.0,0.0,0.0,0.0,0.0,0.0,48.0,32.0,0.0,0.0,0.0,0.0,0.0,0.0,0.0,0.0,0.0,0.0,0.0,0.0,0.0
613,Jules,Ahoka,Ahoka,a,,,4.5,545,274,0.1,393,154,0.0,488,195,0,0,0,0,0,4406,969,0.0,0.0,1.0,1.0,0.0,488,195,,,431,161,437,171,378,130,447,168,,,,,,,,0.0,0.0,0.0,0.0,0.0,0.0,0.0,0.0,0.0,2,0,0.0,0.0,0.0,0.0,0.0,0.0,0.0,0.0,0.0,0.0,0.0,0.0,0.0,0.0,5519.0,1168.0,0.0,0.0,0.0,0.0,0.0,0.0,0.0,0.0,0.0,0.0,0.0,0.0,0.0
