id,first_name,second_name,web_name,status,news,news_added,now_cost,now_cost_rank,now_cost_rank_type,selected_by_percent,selected_rank,selected_rank_type,form,form_rank,form_rank_type,event_points,cost_change_event,cost_change_event_fall,cost_change_start,cost_change_start_fall,transfers_in_event,transfers_out_event,value_form,value_season,ep_next,ep_this,points_per_game,points_per_game_rank,points_per_game_rank_type,chance_of_playing_next_round,chance_of_playing_this_round,influence_rank,influence_rank_type,creativity_rank,creativity_rank_type,threat_rank,threat_rank_type,ict_index_rank,ict_index_rank_type,corners_and_indirect_freekicks_order,direct_freekicks_order,penalties_order,set_piece_threat,corners_and_indirect_freekicks_text,direct_freekicks_text,penalties_text,expected_goals_per_90,expected_assists_per_90,expected_goal_involvements_per_90,expected_goals_conceded_per_90,saves_per_90,clean_sheets_per_90,goals_conceded_per_90,starts_per_90,defensive_contribution_per_90,gw,total_points,minutes,goals_scored,assists,clean_sheets,goals_conceded,own_goals,penalties_saved,penalties_missed,yellow_cards,red_cards,saves,starts,bonus,bps,transfers_in,transfers_out,dreamteam_count,expected_goals,expected_assists,expected_goal_involvements,expected_goals_conceded,influence,creativity,threat,ict_index,tackles,clearances_blocks_interceptions,recoveries,defensive_contribution
3,Illan,Meslier,Meslier,a,,,5.0,305,15,0.0,535,60,0.0,550,70,0,0,0,0,0,134,357,0.0,0.0,0.0,0.0,0.0,550,70,,,538,70,542,63,498,63,546,70,,,,,,,,0.0,0.0,0.0,0.0,0.0,0.0,0.0,0.0,0.0,2,0,0.0,0.0,0.0,0.0,0.0,0.0,0.0,0.0,0.0,0.0,0.0,0.0,0.0,0.0,142.0,420.0,0.0,0.0,0.0,0.0,0.0,0.0,0.0,0.0,0.0,0.0,0.0,0.0,0.0
20,Max,Dowman,Dowman,a,,,5.4,235,148,0.1,464,185,0.0,606,258,0,0,0,-1,1,535,1636,0.0,0.0,0.0,0.0,0.0,606,258,,,595,254,599,257,576,239,602,256,,,,,,,,0.0,0.0,0.0,0.0,0.0,0.0,0.0,0.0,0.0,2,0,0.0,0.0,0.0,0.0,0.0,0.0,0.0,0.0,0.0,0.0,0.0,0.0,0.0,0.0,609.0,1851.0,0.0,0.0,0.0,0.0,0.0,0.0,0.0,0.0,0.0,0.0,0.0,0.0,0.0
30,Lucas,Digne,Digne,u,Has joined Paris Saint-Germain permanently,,4.5,431,84,0.1,475,169,0.0,419,159,0,0,0,0,0,0,1807,0.0,0.0,0.0,0.0,0.0,419,159,0.0,0.0,400,160,394,158,327,140,410,160,,,,,,,,0.0,0.0,0.0,0.0,0.0,0.0,0.0,0.0,0.0,2,0,0.0,0.0,0.0,0.0,0.0,0.0,0.0,0.0,0.0,0.0,0.0,0.0,0.0,0.0,0.0,2153.0,0.0,0.0,0.0,0.0,0.0,0.0,0.0,0.0,0.0,0.0,0.0,0.0,0.0
32,Matty,Cash,Cash,a,,,4.5,458,100,7.1,60,24,0.5,283,98,2,0,0,0,0,29807,59387,0.1,0.2,0.5,0.5,0.5,343,113,,,149,67,230,73,164,56,206,80,1.0,,,,,,,0.08,0.01,0.09,2.59,0.0,0.0,2.69,1.08,7.01,2,2,77.0,0.0,0.0,0.0,1.0,0.0,0.0,0.0,0.0,0.0,0.0,1.0,0.0,8.0,31005.0,76520.0,0.0,0.15,0.01,0.16,1.0399999999999996,14.0,1.7999999999999998,7.0,2.3,4.0,2.0,1.0,6.0
33,Tyrone,Mings,Mings,a,,,4.5,443,88,0.4,278,104,0.5,280,95,0,0,0,0,0,2217,3917,0.1,0.2,0.5,0.5,1.0,237,81,,,311,116,403,160,337,142,332,119,,,,,,,,0.0,0.0,0.0,1.24,0.0,0.0,0.0,0.0,5.62,2,0,0.0,0.0,0.0,0.0,0.0,0.0,0.0,0.0,0.0,0.0,0.0,0.0,0.0,0.0,2444.0,4423.0,0.0,0.0,0.0,0.0,0.0,0.0,0.0,0.0,0.0,0.0,0.0,0.0,0.0
34,Pau,Torres,Pau,a,,,4.5,484,119,0.4,267,98,1.0,222,79,2,0,0,0,0,3667,3267,0.2,0.4,1.0,1.0,1.0,247,91,,,229,94,265,91,361,157,286,103,,,,,,,,0.0,0.01,0.01,2.53,0.0,0.0,2.76,1.1,4.97,2,2,90.0,0.0,0.0,0.0,1.0,0.0,0.0,0.0,0.0,0.0,0.0,1.0,0.0,6.0,3743.0,4052.0,0.0,0.0,0.01,0.01,1.04,11.0,0.8,0.0,1.2,1.0,3.0,8.0,4.0
35,Lamare,Bogarde,Bogarde,a,,,5.0,353,210,0.1,471,189,0.5,317,145,0,0,0,0,0,787,1028,0.1,0.2,0.5,0.5,1.0,286,127,,,307,138,309,156,529,203,327,150,,,,,,,,0.0,0.0,0.0,1.24,0.0,0.0,0.0,0.0,5.62,2,0,0.0,0.0,0.0,0.0,0.0,0.0,0.0,0.0,0.0,0.0,0.0,0.0,0.0,0.0,838.0,1182.0,0.0,0.0,0.0,0.0,0.0,0.0,0.0,0.0,0.0,0.0,0.0,0.0,0.0
36,Ian,Maatsen,Maatsen,a,,,4.5,492,126,0.8,222,83,0.5,287,102,1,0,0,0,0,7588,6457,0.1,0.2,0.5,0.5,0.5,345,115,,,212,89,271,97,112,33,217,84,,,,,,,,0.05,0.0,0.05,2.45,0.0,0.0,2.63,1.05,8.95,2,1,90.0,0.0,0.0,0.0,1.0,0.0,0.0,0.0,1.0,0.0,0.0,1.0,0.0,-5.0,7758.0,7877.0,0.0,0.07,0.0,0.07,1.04,4.800000000000001,0.5,12.0,1.7,3.0,5.0,2.0,8.0
37,Victor,Lindelöf,Lindelöf,a,,,4.5,455,97,0.3,301,112,0.0,434,164,2,0,0,0,0,2458,2329,0.0,0.0,0.0,0.0,0.0,434,164,,,196,83,270,96,344,146,264,97,,,,,,,,0.0,0.04,0.04,2.4,0.0,0.0,2.5,1.0,5.0,2,2,90.0,0.0,0.0,0.0,1.0,0.0,0.0,0.0,0.0,0.0,0.0,1.0,0.0,10.0,2577.0,2864.0,0.0,0.0,0.08,0.08,1.0399999999999996,15.0,1.2,0.0,1.6,1.0,6.0,1.0,7.0
39,Kosta,Nedeljkovic,Nedeljkovic,u,Has joined Rangers on loan for the rest of the season,,4.0,643,206,0.2,347,129,0.0,408,151,0,0,0,0,0,0,3263,0.0,0.0,0.0,0.0,0.0,408,151,0.0,0.0,390,153,382,151,309,127,400,153,,,,,,,,0.0,0.0,0.0,0.0,0.0,0.0,0.0,0.0,0.0,2,0,0.0,0.0,0.0,0.0,0.0,0.0,0.0,0.0,0.0,0.0,0.0,0.0,0.0,0.0,0.0,4091.0,0.0,0.0,0.0,0.0,0.0,0.0,0.0,0.0,0.0,0.0,0.0,0.0,0.0
41,Emiliano,Buendía Stati,Buendía,a,,,6.0,63,43,1.1,179,55,2.0,171,85,2,0,0,0,0,12580,17825,0.3,0.7,2.0,2.0,2.0,183,90,,,277,127,85,53,105,54,176,84,3.0,1.0,1.0,,,,,0.09,0.06,0.15,2.4,0.0,0.0,2.57,1.03,6.17,2,2,90.0,0.0,0.0,0.0,1.0,0.0,0.0,0.0,0.0,0.0,0.0,1.0,0.0,9.0,13229.0,22188.0,0.0,0.04000000000000001,0.020000000000000004,0.060000000000000026,1.04,5.0,13.2,9.0,2.7,1.0,0.0,4.0,5.0
44,Leon,Bailey,Bailey,a,,,5.4,214,133,0.1,396,155,0.0,594,249,0,-1,1,-1,1,1005,2643,0.0,0.0,0.0,0.0,0.0,594,249,,,582,243,589,249,560,227,590,246,,,,,,,,0.0,0.0,0.0,0.0,0.0,0.0,0.0,0.0,0.0,2,0,0.0,0.0,0.0,0.0,0.0,0.0,0.0,0.0,0.0,0.0,0.0,0.0,0.0,0.0,1106.0,2994.0,0.0,0.0,0.0,0.0,0.0,0.0,0.0,0.0,0.0,0.0,0.0,0.0,0.0
45,John,McGinn,McGinn,a,,,5.5,126,81,2.5,113,33,1.0,252,118,1,0,0,0,0,11844,33984,0.2,0.4,1.0,1.0,1.0,307,143,,,315,141,152,91,139,69,249,112,2.0,,,,,,,0.05,0.03,0.08,2.45,0.0,0.0,2.63,1.05,5.26,2,1,90.0,0.0,0.0,0.0,1.0,0.0,0.0,0.0,1.0,0.0,0.0,1.0,0.0,2.0,12639.0,41856.0,0.0,0.049999999999999996,0.049999999999999996,0.09999999999999999,1.04,0.0,12.0,10.0,1.7000000000000002,1.0,1.0,2.0,4.0
46,Ross,Barkley,Barkley,a,,,5.0,241,151,0.3,312,108,2.0,150,71,2,0,0,0,0,4198,3100,0.4,0.8,2.0,2.0,2.0,158,73,,,166,59,42,34,153,75,107,55,4.0,,,,,,,0.08,0.02,0.1,2.75,0.0,0.0,3.0,1.2,6.6,2,2,77.0,0.0,0.0,0.0,1.0,0.0,0.0,0.0,0.0,0.0,0.0,1.0,0.0,23.0,4447.0,3517.0,0.0,0.03,0.02,0.05000000000000002,1.04,12.799999999999999,23.300000000000004,2.0,3.8,3.0,1.0,6.0,10.0
47,Boubacar,Kamara,Kamara,a,,,5.0,289,175,0.3,288,96,2.0,153,74,2,0,0,0,0,4056,4636,0.4,0.8,2.0,2.0,2.0,163,76,100.0,100.0,170,63,137,83,487,182,196,88,,,,,,,,0.0,0.02,0.02,2.4,0.0,0.0,2.5,1.0,7.5,2,2,90.0,0.0,0.0,0.0,1.0,0.0,0.0,0.0,0.0,0.0,0.0,1.0,0.0,13.0,4275.0,5311.0,0.0,0.0,0.03,0.03,1.0399999999999996,10.600000000000001,14.2,0.0,2.5,1.0,3.0,4.0,8.0
48,Amadou,Onana,Onana,i,Knee injury - Unknown return date,,5.0,308,184,0.0,567,234,0.0,552,224,0,0,0,0,0,125,485,0.0,0.0,0.0,0.0,0.0,552,224,0.0,0.0,539,216,543,222,501,189,547,219,,,,,,,,0.0,0.0,0.0,0.0,0.0,0.0,0.0,0.0,0.0,2,0,0.0,0.0,0.0,0.0,0.0,0.0,0.0,0.0,0.0,0.0,0.0,0.0,0.0,0.0,146.0,537.0,0.0,0.0,0.0,0.0,0.0,0.0,0.0,0.0,0.0,0.0,0.0,0.0,0.0
49,Samuel,Iling-Junior,Iling Jr,u,Has joined Bolton Wanderers on loan for the rest of the season,,5.0,320,190,0.0,636,278,0.0,558,228,0,0,0,0,0,0,59,0.0,0.0,0.0,0.0,0.0,558,228,0.0,0.0,545,220,550,226,509,193,553,223,,,,,,,,0.0,0.0,0.0,0.0,0.0,0.0,0.0,0.0,0.0,2,0,0.0,0.0,0.0,0.0,0.0,0.0,0.0,0.0,0.0,0.0,0.0,0.0,0.0,0.0,0.0,64.0,0.0,0.0,0.0,0.0,0.0,0.0,0.0,0.0,0.0,0.0,0.0,0.0,0.0
50,Bradley,Burrowes,Burrowes,a,,,4.5,565,286,0.7,230,77,0.0,501,194,0,0,0,0,0,7058,7378,0.0,0.0,0.0,0.0,0.0,501,194,,,484,183,484,191,429,149,493,187,,,,,,,,0.0,0.0,0.0,0.0,0.0,0.0,0.0,0.0,0.0,2,0,0.0,0.0,0.0,0.0,0.0,0.0,0.0,0.0,0.0,0.0,0.0,0.0,0.0,0.0,7420.0,8189.0,0.0,0.0,0.0,0.0,0.0,0.0,0.0,0.0,0.0,0.0,0.0,0.0,0.0
51,George,Hemmings,George Hemmings,a,,,4.5,545,277,1.0,197,60,2.0,149,70,2,0,0,0,0,26338,10606,0.4,0.9,2.0,2.0,2.0,155,71,,,222,91,144,86,224,106,218,96,,,,,,,,0.0,0.01,0.01,2.69,0.0,0.0,2.81,1.12,6.19,2,2,70.0,0.0,0.0,0.0,1.0,0.0,0.0,0.0,0.0,0.0,0.0,1.0,0.0,5.0,28051.0,11501.0,0.0,0.0,0.01,0.01,1.0100000000000002,1.8000000000000007,4.300000000000001,0.0,0.6000000000000001,2.0,0.0,4.0,6.0
52,Alysson Edward Franco,da Rocha dos Santos,Alysson,a,,,5.0,390,237,0.0,501,205,0.5,324,151,0,0,0,0,0,645,733,0.1,0.2,0.5,0.5,0.5,351,168,,,270,122,293,148,236,112,301,135,,,,,,,,0.0,0.0,0.0,0.53,0.0,0.0,0.0,0.0,16.67,2,0,19.0,0.0,0.0,0.0,0.0,0.0,0.0,0.0,1.0,0.0,0.0,0.0,0.0,2.0,671.0,821.0,0.0,0.0,0.0,0.0,0.01999999999999999,1.2000000000000002,0.8,2.0,0.4,1.0,0.0,1.0,2.0
53,Johan,Manzambi,Manzambi,i,Knee injury - Unknown return date,,5.9,115,75,0.1,380,145,0.0,631,274,0,-1,1,-1,1,279,4373,0.0,0.0,0.0,0.0,0.0,631,274,0.0,0.0,630,275,630,275,625,271,631,275,,,,,,,,0.0,0.0,0.0,0.0,0.0,0.0,0.0,0.0,0.0,2,0,0.0,0.0,0.0,0.0,0.0,0.0,0.0,0.0,0.0,0.0,0.0,0.0,0.0,0.0,301.0,5098.0,0.0,0.0,0.0,0.0,0.0,0.0,0.0,0.0,0.0,0.0,0.0,0.0,0.0
6,William,Saliba,Saliba,i,Back injury - Unknown return date,,6.0,77,8,0.2,322,119,0.0,635,213,0,0,0,0,0,996,4810,0.0,0.0,0.0,0.0,0.0,635,213,0.0,0.0,634,213,635,213,630,213,635,213,,,,,,,,0.0,0.0,0.0,0.0,0.0,0.0,0.0,0.0,0.0,2,0,0.0,0.0,0.0,0.0,0.0,0.0,0.0,0.0,0.0,0.0,0.0,0.0,0.0,0.0,1054.0,5361.0,0.0,0.0,0.0,0.0,0.0,0.0,0.0,0.0,0.0,0.0,0.0,0.0,0.0
54,Joao,Gomes,Gomes,s,Suspended until 19 Sep,,5.5,169,105,0.0,512,212,-1.0,652,289,0,0,0,0,0,71,988,-0.2,-0.4,0.0,0.0,-2.0,652,289,0.0,0.0,327,149,179,102,599,254,289,130,,,,,,,,0.0,0.02,0.02,5.95,0.0,0.0,9.23,2.31,16.15,2,0,0.0,0.0,0.0,0.0,0.0,0.0,0.0,0.0,0.0,0.0,0.0,0.0,0.0,0.0,94.0,1169.0,0.0,0.0,0.0,0.0,0.0,0.0,0.0,0.0,0.0,0.0,0.0,0.0,0.0
55,Ollie,Watkins,Watkins,u,Has joined Al Hilal permanently,,7.8,13,4,4.9,74,11,0.0,650,78,0,-1,1,-2,2,4250,235326,0.0,0.0,0.0,0.0,0.0,650,78,0.0,,651,78,651,78,651,78,651,78,,,2.0,,,,,0.0,0.0,0.0,0.0,0.0,0.0,0.0,0.0,0.0,2,0,0.0,0.0,0.0,0.0,0.0,0.0,0.0,0.0,0.0,0.0,0.0,0.0,0.0,0.0,4773.0,295403.0,0.0,0.0,0.0,0.0,0.0,0.0,0.0,0.0,0.0,0.0,0.0,0.0,0.0
56,Tammy,Abraham,Abraham,a,,,5.5,131,33,0.1,397,55,0.5,331,37,1,0,0,0,0,3289,2199,0.1,0.2,0.5,0.2,1.0,308,34,100.0,50.0,598,63,276,36,583,65,347,40,,,,,,,,0.0,0.0,0.0,0.09,0.0,0.0,0.0,0.0,0.0,2,1,19.0,0.0,0.0,0.0,0.0,0.0,0.0,0.0,0.0,0.0,0.0,0.0,0.0,3.0,3355.0,2621.0,0.0,0.0,0.0,0.0,0.02,0.0,1.3,0.0,0.1,0.0,0.0,0.0,0.0
27,Gabriel,Fernando de Jesus,G.Jesus,u,Has joined FC Barcelona permanently,,5.9,96,24,0.3,303,51,0.0,628,74,0,-1,1,-1,1,2250,8493,0.0,0.0,0.0,0.0,0.0,628,74,0.0,,623,70,626,73,616,71,626,73,,,,,,,,0.0,0.0,0.0,0.0,0.0,0.0,0.0,0.0,0.0,2,0,0.0,0.0,0.0,0.0,0.0,0.0,0.0,0.0,0.0,0.0,0.0,0.0,0.0,0.0,2462.0,9292.0,0.0,0.0,0.0,0.0,0.0,0.0,0.0,0.0,0.0,0.0,0.0,0.0,0.0
160,Alejandro,Garnacho Ferreyra,Garnacho,a,,,5.9,107,68,0.5,263,87,1.0,263,127,1,-1,1,-1,1,2086,9569,0.2,0.3,1.0,1.0,1.0,326,155,,,338,157,251,131,622,268,338,157,,,,,,,,0.0,0.0,0.0,0.79,0.0,0.0,0.0,0.0,11.25,2,1,12.0,0.0,0.0,0.0,0.0,0.0,0.0,0.0,0.0,0.0,0.0,0.0,0.0,3.0,2255.0,11159.0,0.0,0.0,0.0,0.0,0.0,0.2,2.0,0.0,0.2,0.0,0.0,2.0,2.0
166,Nicolas,Jackson,N.Jackson,a,,,6.5,45,11,0.9,203,32,1.0,267,31,2,0,0,0,0,26853,5889,0.2,0.3,1.0,1.0,2.0,188,23,,,285,27,204,26,244,37,290,34,,,,,,,,0.0,0.13,0.13,1.3,0.0,0.0,1.29,1.29,3.86,2,2,70.0,0.0,0.0,0.0,1.0,0.0,0.0,0.0,0.0,0.0,0.0,1.0,0.0,11.0,55223.0,12279.0,0.0,0.0,0.1,0.1,1.01,4.2,5.9,2.0,1.2,0.0,0.0,3.0,3.0
582,Brian,Madjo,Madjo,i,Unspecified injury - Unknown return date,,5.5,211,47,0.3,293,50,0.0,625,72,0,0,0,0,0,768,7346,0.0,0.0,0.0,0.0,0.0,625,72,0.0,0.0,619,67,623,71,613,69,623,71,,,,,,,,0.0,0.0,0.0,0.0,0.0,0.0,0.0,0.0,0.0,2,0,0.0,0.0,0.0,0.0,0.0,0.0,0.0,0.0,0.0,0.0,0.0,0.0,0.0,0.0,829.0,8742.0,0.0,0.0,0.0,0.0,0.0,0.0,0.0,0.0,0.0,0.0,0.0,0.0,0.0
596,Matteo,Ruggeri,Ruggeri,a,,,4.5,508,135,0.1,425,151,0.5,290,105,0,0,0,0,0,633,1316,0.1,0.2,0.5,0.5,1.0,253,96,,,287,107,436,177,378,166,316,114,,,,,,,,0.0,0.0,0.0,1.58,0.0,0.0,0.0,0.0,22.5,2,0,0.0,0.0,0.0,0.0,0.0,0.0,0.0,0.0,0.0,0.0,0.0,0.0,0.0,0.0,704.0,1507.0,0.0,0.0,0.0,0.0,0.0,0.0,0.0,0.0,0.0,0.0,0.0,0.0,0.0
597,Zion,Suzuki,Suzuki,a,,,5.0,303,14,1.2,174,25,1.0,237,20,2,0,0,0,0,23287,8315,0.2,0.4,1.0,1.0,2.0,165,14,,,215,22,541,62,497,62,282,22,,,,,,,,0.0,0.0,0.0,1.04,1.0,0.0,1.0,1.0,0.0,2,2,90.0,0.0,0.0,0.0,1.0,0.0,0.0,0.0,0.0,0.0,1.0,1.0,0.0,8.0,23847.0,9419.0,0.0,0.0,0.0,0.0,1.04,13.6,0.0,0.0,1.4,0.0,2.0,9.0,0.0
606,Triston,Rowe,Rowe,a,,,4.0,638,201,0.2,364,134,0.0,404,147,0,0,0,0,0,5475,1394,0.0,0.0,0.0,0.0,0.0,404,147,,,386,149,378,147,304,122,396,149,,,,,,,,0.0,0.0,0.0,0.0,0.0,0.0,0.0,0.0,0.0,2,0,0.0,0.0,0.0,0.0,0.0,0.0,0.0,0.0,0.0,0.0,0.0,0.0,0.0,0.0,5771.0,1434.0,0.0,0.0,0.0,0.0,0.0,0.0,0.0,0.0,0.0,0.0,0.0,0.0,0.0
607,Luka,Lynch,Lynch,a,,,4.5,540,275,0.1,406,159,0.0,483,186,0,0,0,0,0,3183,1835,0.0,0.0,0.0,0.0,0.0,483,186,,,465,174,466,183,409,141,475,179,,,,,,,,0.0,0.0,0.0,0.0,0.0,0.0,0.0,0.0,0.0,2,0,0.0,0.0,0.0,0.0,0.0,0.0,0.0,0.0,0.0,0.0,0.0,0.0,0.0,0.0,3453.0,1928.0,0.0,0.0,0.0,0.0,0.0,0.0,0.0,0.0,0.0,0.0,0.0,0.0,0.0
611,Aaron,Wan-Bissaka,Wan-Bissaka,a,,,4.5,463,103,0.1,386,139,1.0,218,75,1,0,0,0,0,5411,1286,0.2,0.2,1.8,1.8,1.0,241,85,,,294,111,289,106,348,148,315,113,,,,,,,,0.0,0.0,0.0,0.0,0.0,0.0,0.0,0.0,15.0,2,1,12.0,0.0,0.0,0.0,0.0,0.0,0.0,0.0,0.0,0.0,0.0,0.0,0.0,4.0,5809.0,1341.0,0.0,0.0,0.0,0.0,0.0,3.6,0.8,0.0,0.4,2.0,0.0,0.0,2.0
618,Leon,Goretzka,Goretzka,a,,,6.0,60,42,0.0,505,208,0.0,632,275,0,0,0,0,0,2878,688,0.0,0.0,2.2,2.2,0.0,632,275,,,631,276,631,276,626,272,632,276,,,,,,,,0.0,0.0,0.0,0.0,0.0,0.0,0.0,0.0,0.0,2,0,0.0,0.0,0.0,0.0,0.0,0.0,0.0,0.0,0.0,0.0,0.0,0.0,0.0,0.0,3090.0,695.0,0.0,0.0,0.0,0.0,0.0,0.0,0.0,0.0,0.0,0.0,0.0,0.0,0.0
630,Taylor,Harwood-Bellis,Harwood-Bellis,a,,,4.5,485,120,0.0,618,205,0.0,446,171,0,0,0,0,0,451,53,0.0,0.0,1.8,1.8,0.0,446,171,,,427,172,424,172,362,158,437,172,,,,,,,,0.0,0.0,0.0,0.0,0.0,0.0,0.0,0.0,0.0,2,0,0.0,0.0,0.0,0.0,0.0,0.0,0.0,0.0,0.0,0.0,0.0,0.0,0.0,0.0,451.0,53.0,0.0,0.0,0.0,0.0,0.0,0.0,0.0,0.0,0.0,0.0,0.0,0.0,0.0
631,Ibrahim,Mbaye,Mbaye,a,,,6.0,89,59,0.0,559,231,0.0,639,280,0,0,0,0,0,1952,232,0.0,0.0,2.2,2.2,0.0,639,280,,,640,281,640,281,636,277,640,281,,,,,,,,0.0,0.0,0.0,0.0,0.0,0.0,0.0,0.0,0.0,2,0,0.0,0.0,0.0,0.0,0.0,0.0,0.0,0.0,0.0,0.0,0.0,0.0,0.0,0.0,1952.0,232.0,0.0,0.0,0.0,0.0,0.0,0.0,0.0,0.0,0.0,0.0,0.0,0.0,0.0
57,Đorđe,Petrović,Petrović,a,,,4.5,496,40,3.4,96,17,2.5,125,10,3,0,0,0,0,35237,26182,0.6,1.1,2.5,2.5,2.5,131,10,,,16,2,431,42,370,41,120,2,,,,,,,,0.0,0.0,0.0,2.04,4.5,0.0,1.5,1.0,0.0,2,3,90.0,0.0,0.0,0.0,1.0,0.0,0.0,0.0,0.0,0.0,5.0,1.0,0.0,20.0,40408.0,28710.0,0.0,0.0,0.0,0.0,1.8399999999999999,33.8,0.0,0.0,3.3999999999999995,0.0,3.0,8.0,0.0
58,Fraser,Forster,Forster,a,,,4.0,576,50,3.4,95,16,0.0,359,24,0,0,0,0,0,27851,15938,0.0,0.0,0.0,0.0,0.0,359,24,,,341,24,331,3,253,2,350,24,,,,,,,,0.0,0.0,0.0,0.0,0.0,0.0,0.0,0.0,0.0,2,0,0.0,0.0,0.0,0.0,0.0,0.0,0.0,0.0,0.0,0.0,0.0,0.0,0.0,0.0,29475.0,17687.0,0.0,0.0,0.0,0.0,0.0,0.0,0.0,0.0,0.0,0.0,0.0,0.0,0.0
59,Will,Dennis,Dennis,u,Has joined MK Dons permanently,,4.0,611,65,0.2,367,41,0.0,383,39,0,0,0,0,0,0,2357,0.0,0.0,0.0,0.0,0.0,383,39,0.0,0.0,365,39,357,18,281,17,375,39,,,,,,,,0.0,0.0,0.0,0.0,0.0,0.0,0.0,0.0,0.0,2,0,0.0,0.0,0.0,0.0,0.0,0.0,0.0,0.0,0.0,0.0,0.0,0.0,0.0,0.0,0.0,2817.0,0.0,0.0,0.0,0.0,0.0,0.0,0.0,0.0,0.0,0.0,0.0,0.0,0.0
60,James,Hill,Hill,a,,,5.5,173,22,0.9,210,79,2.5,135,48,4,0,0,0,0,5560,8748,0.5,0.9,2.5,2.5,2.5,140,50,,,109,48,122,38,202,72,140,52,,,,,,,,0.0,0.37,0.37,2.04,0.0,0.0,1.5,1.0,9.0,2,4,90.0,0.0,0.0,0.0,1.0,0.0,0.0,0.0,0.0,0.0,0.0,1.0,0.0,19.0,7300.0,9803.0,0.0,0.0,0.74,0.74,1.8399999999999999,25.6,21.0,4.0,5.1,3.0,9.0,3.0,12.0
61,Adrien,Truffert,Truffert,a,,,5.5,184,24,3.8,90,35,2.5,137,49,4,0,0,0,0,9612,31323,0.5,0.9,2.5,2.5,2.5,142,51,,,80,34,105,33,203,73,115,41,,,,,,,,0.0,0.04,0.04,2.04,0.0,0.0,1.5,1.0,8.0,2,4,90.0,0.0,0.0,0.0,1.0,0.0,0.0,0.0,0.0,0.0,0.0,1.0,2.0,27.0,13362.0,35570.0,0.0,0.0,0.07,0.07,1.8399999999999999,27.800000000000004,23.7,4.0,5.6,2.0,7.0,6.0,9.0
63,Veljko,Milosavljevic,Milosavljević,i,Unspecified injury - Unknown return date,,5.0,383,70,0.0,601,202,0.0,585,207,0,0,0,0,0,69,206,0.0,0.0,0.0,0.0,0.0,585,207,0.0,0.0,573,208,579,208,548,204,581,208,,,,,,,,0.0,0.0,0.0,0.0,0.0,0.0,0.0,0.0,0.0,2,0,0.0,0.0,0.0,0.0,0.0,0.0,0.0,0.0,0.0,0.0,0.0,0.0,0.0,0.0,73.0,236.0,0.0,0.0,0.0,0.0,0.0,0.0,0.0,0.0,0.0,0.0,0.0,0.0,0.0
64,Adam,Smith,Smith,a,,,4.5,424,81,0.1,389,140,1.0,215,73,1,0,0,0,0,1317,1612,0.2,0.4,1.0,1.0,1.0,235,80,,,165,77,142,44,321,138,195,73,,,,,,,,0.0,0.01,0.01,2.04,0.0,0.0,1.5,1.0,5.5,2,1,90.0,0.0,0.0,0.0,1.0,0.0,0.0,0.0,1.0,0.0,0.0,1.0,0.0,5.0,1849.0,1762.0,0.0,0.0,0.02,0.02,1.8399999999999999,15.600000000000001,15.700000000000001,0.0,3.0999999999999996,2.0,4.0,0.0,6.0
65,Julián,Araujo Zúñiga,J.Araujo,i,Thigh injury - Unknown return date,,4.5,489,123,0.0,584,199,0.0,448,172,0,0,0,0,0,72,313,0.0,0.0,0.0,0.0,0.0,448,172,0.0,0.0,429,173,426,173,365,160,439,173,,,,,,,,0.0,0.0,0.0,0.0,0.0,0.0,0.0,0.0,0.0,2,0,0.0,0.0,0.0,0.0,0.0,0.0,0.0,0.0,0.0,0.0,0.0,0.0,0.0,0.0,81.0,352.0,0.0,0.0,0.0,0.0,0.0,0.0,0.0,0.0,0.0,0.0,0.0,0.0,0.0
10,Benjamin,White,White,a,,,5.5,136,15,7.3,59,23,9.0,9,3,7,0,0,0,0,124434,82554,1.6,3.3,9.0,9.0,9.0,10,3,100.0,100.0,59,22,35,7,124,39,56,12,,,,,,,,0.09,0.13,0.22,0.26,0.0,1.0,0.0,1.0,4.5,2,7,90.0,0.0,0.0,1.0,0.0,0.0,0.0,0.0,0.0,0.0,0.0,1.0,1.0,26.0,147838.0,87373.0,0.0,0.0,0.05000000000000002,0.04999999999999999,0.33,16.4,20.3,0.0,3.7,1.0,3.0,2.0,4.0
66,Julio,Soler Barreto,Soler,a,,,4.0,640,203,0.3,307,114,0.0,405,148,0,0,0,0,0,4680,1911,0.0,0.0,0.0,0.0,0.0,405,148,100.0,75.0,387,150,379,148,306,124,397,150,,,,,,,,0.0,0.0,0.0,0.0,0.0,0.0,0.0,0.0,0.0,2,0,0.0,0.0,0.0,0.0,0.0,0.0,0.0,0.0,0.0,0.0,0.0,0.0,0.0,0.0,4732.0,2149.0,0.0,0.0,0.0,0.0,0.0,0.0,0.0,0.0,0.0,0.0,0.0,0.0,0.0
67,Rayan Vitor,Simplício Rocha,Rayan,a,,,6.5,43,29,2.3,117,34,2.0,174,87,2,0,0,0,0,9111,46577,0.3,0.6,2.0,2.0,2.0,187,92,,,208,82,150,90,22,13,79,45,,,,,,,,0.22,0.03,0.25,1.97,0.0,0.0,1.01,1.01,3.03,2,2,90.0,0.0,0.0,0.0,1.0,0.0,0.0,0.0,0.0,0.0,0.0,1.0,0.0,4.0,13065.0,50123.0,0.0,0.4,0.020000000000000004,0.42,1.8399999999999999,8.600000000000001,3.5,44.0,5.6,1.0,1.0,3.0,5.0
68,Marcus,Tavernier,Tavernier,a,,,6.0,64,44,2.3,118,35,5.5,50,24,1,0,0,0,0,21714,37222,0.9,1.8,5.5,5.5,5.5,53,26,,,44,21,25,22,65,39,30,24,1.0,1.0,3.0,,,,,0.24,0.14,0.38,2.04,0.0,0.0,1.5,1.0,9.5,2,1,90.0,0.0,0.0,0.0,1.0,0.0,0.0,0.0,1.0,0.0,0.0,1.0,0.0,20.0,45613.0,39637.0,0.0,0.08999999999999997,0.20999999999999996,0.30000000000000004,1.8399999999999999,15.0,38.3,11.0,6.4,4.0,1.0,6.0,11.0
69,Alex,Scott,Scott,a,,,6.0,81,55,1.9,131,40,7.0,27,14,12,0,0,0,0,44972,13852,1.2,2.3,7.0,7.0,7.0,29,15,,,33,16,55,42,89,48,47,33,2.0,4.0,,,,,,0.13,0.14,0.27,2.02,0.0,0.51,1.02,1.02,13.3,2,12,86.0,1.0,0.0,1.0,0.0,0.0,0.0,0.0,1.0,0.0,0.0,1.0,3.0,39.0,46462.0,15827.0,0.0,0.26,0.27,0.53,1.71,47.6,32.1,21.0,10.1,3.0,3.0,9.0,15.0
70,Justin,Kluivert,Kluivert,a,,,6.0,67,46,1.1,182,57,3.0,116,54,3,0,0,0,0,8178,17995,0.5,1.0,3.0,3.0,3.0,122,54,,,168,61,47,37,11,7,32,25,3.0,2.0,2.0,,,,,0.42,0.03,0.45,2.11,0.0,1.17,0.0,1.17,8.18,2,3,80.0,0.0,0.0,1.0,0.0,0.0,0.0,0.0,0.0,0.0,0.0,1.0,0.0,12.0,11887.0,19526.0,0.0,0.61,0.05,0.66,1.67,11.2,26.900000000000002,57.0,9.5,0.0,0.0,5.0,5.0
71,Lewis,Cook,Cook,a,,,5.0,253,155,0.2,330,118,3.0,101,43,3,0,0,0,0,5304,3014,0.6,1.2,3.0,3.0,3.0,107,44,,,242,102,148,89,468,171,238,106,5.0,,,,,,,0.0,0.01,0.01,2.27,0.0,1.26,0.0,1.26,5.66,2,3,68.0,0.0,0.0,1.0,0.0,0.0,0.0,0.0,0.0,0.0,0.0,1.0,0.0,13.0,5949.0,3307.0,0.0,0.0,0.01,0.01,1.67,3.8000000000000007,12.8,0.0,1.7,0.0,0.0,2.0,2.0
72,Ben,Gannon-Doak,Gannon-Doak,a,,,5.0,338,200,0.1,467,186,0.5,314,142,0,0,0,0,0,323,1239,0.1,0.2,0.5,0.5,1.0,282,124,,,335,154,328,166,232,110,334,154,,,,,,,,0.0,0.0,0.0,17.1,0.0,0.0,90.0,0.0,90.0,2,0,0.0,0.0,0.0,0.0,0.0,0.0,0.0,0.0,0.0,0.0,0.0,0.0,0.0,0.0,359.0,1331.0,0.0,0.0,0.0,0.0,0.0,0.0,0.0,0.0,0.0,0.0,0.0,0.0,0.0
73,Tyler,Adams,Adams,a,,,5.0,266,164,0.2,317,112,1.0,233,106,1,0,0,0,0,4595,3937,0.2,0.4,1.0,1.0,1.0,269,115,100.0,100.0,268,120,252,132,477,177,305,138,,,,,,,,0.0,0.0,0.0,1.18,0.0,0.0,7.5,0.0,15.0,2,1,21.0,0.0,0.0,0.0,1.0,0.0,0.0,0.0,0.0,0.0,0.0,0.0,0.0,4.0,5097.0,4193.0,0.0,0.0,0.0,0.0,0.15999999999999998,1.6,1.2999999999999998,0.0,0.29999999999999993,0.0,0.0,3.0,3.0
74,David,Brooks,Brooks,a,,,5.0,247,152,0.1,488,198,0.5,298,132,1,0,0,0,0,994,789,0.1,0.2,0.5,0.5,1.0,263,111,100.0,100.0,512,201,263,137,463,168,343,160,4.0,3.0,,,,,,0.0,0.1,0.1,1.6,0.0,0.0,10.0,0.0,0.0,2,1,9.0,0.0,0.0,0.0,1.0,0.0,0.0,0.0,0.0,0.0,0.0,0.0,0.0,3.0,1116.0,883.0,0.0,0.0,0.01,0.01,0.16,0.0,1.6,0.0,0.1,0.0,0.0,0.0,0.0
75,Ryan,Christie,Christie,a,,,5.0,254,156,0.0,549,225,0.5,300,133,1,0,0,0,0,819,406,0.1,0.2,0.5,0.5,1.0,265,112,100.0,100.0,303,136,313,158,469,172,326,149,6.0,,,,,,,0.0,0.0,0.0,3.9,0.0,0.0,30.0,0.0,60.0,2,1,3.0,0.0,0.0,0.0,1.0,0.0,0.0,0.0,0.0,0.0,0.0,0.0,0.0,5.0,941.0,436.0,0.0,0.0,0.0,0.0,0.13,2.8,0.3,0.0,0.3,1.0,0.0,1.0,2.0
76,Alex,Tóth,Tóth.A,a,,,5.0,382,233,0.0,576,240,0.5,322,149,0,0,0,0,0,95,187,0.1,0.2,0.5,0.5,1.0,293,133,,,304,137,300,151,547,220,329,152,,,,,,,,0.0,0.0,0.0,1.86,0.0,0.0,12.0,0.0,12.0,2,0,0.0,0.0,0.0,0.0,0.0,0.0,0.0,0.0,0.0,0.0,0.0,0.0,0.0,0.0,108.0,205.0,0.0,0.0,0.0,0.0,0.0,0.0,0.0,0.0,0.0,0.0,0.0,0.0,0.0
77,Amine,Adli,Adli,i,Unspecified injury - Unknown return date,,4.9,411,250,0.0,568,235,0.0,518,205,0,-1,1,-1,1,117,535,0.0,0.0,0.0,0.0,0.0,518,205,0.0,0.0,501,194,503,202,449,161,510,198,,,,,,,,0.0,0.0,0.0,0.0,0.0,0.0,0.0,0.0,0.0,2,0,0.0,0.0,0.0,0.0,0.0,0.0,0.0,0.0,0.0,0.0,0.0,0.0,0.0,0.0,124.0,618.0,0.0,0.0,0.0,0.0,0.0,0.0,0.0,0.0,0.0,0.0,0.0,0.0,0.0
78,Junior,Kroupi,Kroupi.Jr,i,Foot injury - Unknown return date,,7.4,22,14,0.2,320,114,0.0,648,287,0,-1,1,-1,1,217,6815,0.0,0.0,0.0,0.0,0.0,648,287,0.0,0.0,649,288,649,288,649,288,649,288,,,1.0,,,,,0.0,0.0,0.0,0.0,0.0,0.0,0.0,0.0,0.0,2,0,0.0,0.0,0.0,0.0,0.0,0.0,0.0,0.0,0.0,0.0,0.0,0.0,0.0,0.0,250.0,8190.0,0.0,0.0,0.0,0.0,0.0,0.0,0.0,0.0,0.0,0.0,0.0,0.0,0.0
79,Francisco Evanilson,de Lima Barbosa,Evanilson,a,,,6.0,74,16,3.2,101,15,4.5,74,9,5,0,0,0,0,56194,32826,0.8,1.5,4.5,4.5,4.5,77,10,,,120,11,65,6,80,18,77,12,,,,,,,,0.34,0.15,0.49,2.11,0.0,1.17,0.0,1.17,6.43,2,5,80.0,0.0,1.0,1.0,0.0,0.0,0.0,0.0,0.0,0.0,0.0,1.0,0.0,11.0,71342.0,36203.0,0.0,0.58,0.04000000000000001,0.62,1.67,15.0,22.200000000000003,22.0,5.8999999999999995,0.0,1.0,2.0,3.0
80,Enes,Ünal,Enes Ünal,u,Has joined Getafe permanently,,5.5,128,31,0.0,561,72,0.0,608,69,0,0,0,0,0,0,438,0.0,0.0,0.0,0.0,0.0,608,69,0.0,0.0,597,62,603,67,582,64,604,67,,,,,,,,0.0,0.0,0.0,0.0,0.0,0.0,0.0,0.0,0.0,2,0,0.0,0.0,0.0,0.0,0.0,0.0,0.0,0.0,0.0,0.0,0.0,0.0,0.0,0.0,0.0,531.0,0.0,0.0,0.0,0.0,0.0,0.0,0.0,0.0,0.0,0.0,0.0,0.0,0.0
566,António João,Pereira de Albuquerque Tavares da Silva,Silva,a,,,5.0,325,60,0.4,269,100,3.0,104,39,4,0,0,0,0,8017,4814,0.6,1.2,3.0,3.0,3.0,110,40,,,56,19,245,82,123,38,134,48,,,,,,,,0.12,0.02,0.14,2.04,0.0,0.0,1.5,1.0,11.5,2,4,90.0,0.0,0.0,0.0,1.0,0.0,0.0,0.0,0.0,0.0,0.0,1.0,0.0,11.0,9827.0,5182.0,0.0,0.25,0.03,0.28,1.8399999999999999,18.6,1.8,13.0,3.3,2.0,8.0,4.0,10.0
573,Juanlu,Sánchez,Sanchez,a,,,4.5,514,136,0.2,340,127,0.0,459,176,0,0,0,0,0,308,1819,0.0,0.0,0.0,0.0,0.0,459,176,,,440,177,442,178,384,167,450,177,,,,,,,,0.0,0.0,0.0,0.0,0.0,0.0,0.0,0.0,0.0,2,0,0.0,0.0,0.0,0.0,0.0,0.0,0.0,0.0,0.0,0.0,0.0,0.0,0.0,0.0,343.0,2064.0,0.0,0.0,0.0,0.0,0.0,0.0,0.0,0.0,0.0,0.0,0.0,0.0,0.0
608,Daniel,Jebbison,Jebbison,a,,,5.0,356,60,0.1,452,64,0.5,318,36,0,0,0,0,0,3706,1625,0.1,0.2,0.5,0.5,1.0,287,31,,,297,29,292,37,103,21,254,29,,,,,,,,0.6,0.0,0.6,1.86,0.0,0.0,12.0,0.0,6.0,2,0,0.0,0.0,0.0,0.0,0.0,0.0,0.0,0.0,0.0,0.0,0.0,0.0,0.0,0.0,4160.0,1706.0,0.0,0.0,0.0,0.0,0.0,0.0,0.0,0.0,0.0,0.0,0.0,0.0,0.0
615,Michele,Di Gregorio,Di Gregorio,a,,,4.5,473,36,0.0,550,64,0.0,440,57,0,0,0,0,0,1177,374,0.0,0.0,2.0,2.0,0.0,440,57,,,421,57,417,38,353,37,431,57,,,,,,,,0.0,0.0,0.0,0.0,0.0,0.0,0.0,0.0,0.0,2,0,0.0,0.0,0.0,0.0,0.0,0.0,0.0,0.0,0.0,0.0,0.0,0.0,0.0,0.0,1335.0,392.0,0.0,0.0,0.0,0.0,0.0,0.0,0.0,0.0,0.0,0.0,0.0,0.0,0.0
82,Caoimhín,Kelleher,Kelleher,a,,,5.0,265,11,7.4,57,8,4.5,66,5,2,0,0,0,0,81469,44340,0.9,1.8,4.5,4.5,4.5,70,5,,,87,11,524,59,476,59,191,12,,,,,,,,0.0,0.0,0.0,1.02,2.5,0.5,0.5,1.0,0.0,2,2,90.0,0.0,0.0,0.0,1.0,0.0,0.0,0.0,0.0,0.0,1.0,1.0,0.0,7.0,92186.0,47818.0,0.0,0.0,0.0,0.0,1.46,9.399999999999999,0.0,0.0,0.8999999999999999,0.0,2.0,4.0,0.0
83,Hákon Rafn,Valdimarsson,Valdimarsson,a,,,4.5,519,44,0.1,420,48,0.0,464,60,0,0,0,0,0,724,1051,0.0,0.0,0.0,0.0,0.0,464,60,,,445,60,447,46,389,45,455,60,,,,,,,,0.0,0.0,0.0,0.0,0.0,0.0,0.0,0.0,0.0,2,0,0.0,0.0,0.0,0.0,0.0,0.0,0.0,0.0,0.0,0.0,0.0,0.0,0.0,0.0,797.0,1179.0,0.0,0.0,0.0,0.0,0.0,0.0,0.0,0.0,0.0,0.0,0.0,0.0,0.0
84,Nathan,Collins,Collins,a,,,5.5,161,20,2.3,119,49,4.5,70,26,3,0,0,0,0,20717,15706,0.8,1.6,4.5,4.5,4.5,73,26,,,93,42,115,35,32,2,52,10,,,,,,,,0.26,0.02,0.28,1.02,0.0,0.5,0.5,1.0,8.0,2,3,90.0,0.0,0.0,0.0,1.0,0.0,0.0,0.0,1.0,0.0,0.0,1.0,0.0,14.0,24155.0,17375.0,0.0,0.16999999999999998,0.010000000000000002,0.18000000000000005,1.46,28.0,0.8999999999999986,34.0,6.300000000000001,2.0,11.0,8.0,13.0
85,Sepp,van den Berg,Van den Berg,i,Groin injury - Unknown return date,,4.9,407,74,0.1,445,156,0.0,515,193,0,-1,1,-1,1,104,2121,0.0,0.0,0.0,0.0,0.0,515,193,0.0,0.0,498,194,500,195,446,186,507,194,,,,,,,,0.0,0.0,0.0,0.0,0.0,0.0,0.0,0.0,0.0,2,0,0.0,0.0,0.0,0.0,0.0,0.0,0.0,0.0,0.0,0.0,0.0,0.0,0.0,0.0,111.0,2472.0,0.0,0.0,0.0,0.0,0.0,0.0,0.0,0.0,0.0,0.0,0.0,0.0,0.0
86,Keane,Lewis-Potter,Lewis-Potter,a,,,5.5,157,97,1.9,130,39,8.0,18,9,6,0,0,0,0,72455,19345,1.5,2.9,8.0,8.0,8.0,20,10,,,5,4,34,28,86,47,24,18,,1.0,,,,,,0.4,0.13,0.53,1.03,0.0,0.51,0.51,1.02,10.68,2,6,87.0,0.0,1.0,0.0,1.0,0.0,0.0,0.0,0.0,0.0,0.0,1.0,1.0,29.0,85566.0,20468.0,0.0,0.020000000000000018,0.13,0.15000000000000002,1.46,38.39999999999999,31.6,2.0,7.200000000000001,2.0,3.0,6.0,11.0
87,Kristoffer,Ajer,Ajer,a,,,4.5,456,98,5.1,72,30,5.5,47,19,3,0,0,0,0,107968,42626,1.2,2.4,5.5,5.5,5.5,50,20,,,35,11,117,36,49,8,46,8,,,,,,,,0.06,0.02,0.08,1.02,0.0,0.5,0.5,1.0,13.5,2,3,90.0,0.0,0.0,0.0,1.0,0.0,0.0,0.0,1.0,0.0,0.0,1.0,0.0,7.0,124263.0,45342.0,0.0,0.0,0.009999999999999998,0.010000000000000009,1.46,37.8,21.0,2.0,6.1,0.0,17.0,2.0,17.0
88,Michael,Kayode,Kayode,a,,,4.6,423,80,9.4,44,15,7.5,20,8,2,0,0,1,-1,148939,61824,1.6,3.3,7.5,7.5,7.5,21,9,,,63,25,134,39,29,1,45,7,,,,,,,,0.29,0.12,0.41,1.07,0.0,0.56,0.56,1.11,4.44,2,2,87.0,0.0,0.0,0.0,1.0,0.0,0.0,0.0,0.0,0.0,0.0,1.0,0.0,9.0,186214.0,65389.0,0.0,0.020000000000000018,0.21,0.22999999999999998,1.46,14.400000000000006,16.0,8.0,3.8000000000000007,1.0,3.0,4.0,4.0
89,Rico,Henry,Henry,a,,,4.5,457,99,0.2,328,123,0.5,282,97,1,0,0,0,0,459,1664,0.1,0.2,0.5,0.5,1.0,240,84,,,415,165,410,164,345,147,425,165,,,,,,,,0.0,0.0,0.0,0.0,0.0,0.0,0.0,0.0,0.0,2,1,2.0,0.0,0.0,0.0,0.0,0.0,0.0,0.0,0.0,0.0,0.0,0.0,0.0,3.0,516.0,2000.0,0.0,0.0,0.0,0.0,0.0,0.0,0.0,0.0,0.0,0.0,0.0,0.0,0.0
90,Aaron,Hickey,Hickey,a,,,4.5,502,131,0.1,461,161,1.0,225,81,1,0,0,0,0,539,713,0.2,0.4,1.0,1.0,1.0,250,93,,,286,106,214,68,375,165,300,109,,,,,,,,0.0,0.11,0.11,0.56,0.0,0.0,0.0,0.0,5.62,2,1,2.0,0.0,0.0,0.0,0.0,0.0,0.0,0.0,0.0,0.0,0.0,0.0,0.0,6.0,629.0,797.0,0.0,0.0,0.02,0.02,0.0,4.0,4.1000000000000005,0.0,0.8,1.0,0.0,0.0,1.0
31,Ezri,Konsa Ngoyo,Konsa,a,,,4.4,570,155,10.6,38,13,0.5,276,92,1,-1,1,-1,1,177968,154563,0.1,0.2,0.5,0.5,1.0,232,77,,,299,113,324,119,318,135,323,116,,,,,,,,0.0,0.0,0.0,0.0,0.0,0.0,0.0,0.0,8.18,2,1,11.0,0.0,0.0,0.0,0.0,0.0,0.0,0.0,0.0,0.0,0.0,0.0,0.0,3.0,186047.0,182594.0,0.0,0.0,0.0,0.0,0.0,3.2,0.1,0.0,0.3,0.0,1.0,0.0,1.0
92,Kim,Ji-soo,Ji-soo,a,,,4.5,539,144,0.0,566,194,0.0,482,183,0,0,0,0,0,122,237,0.0,0.0,0.0,0.0,0.0,482,183,,,464,184,465,185,408,174,474,184,,,,,,,,0.0,0.0,0.0,0.0,0.0,0.0,0.0,0.0,0.0,2,0,0.0,0.0,0.0,0.0,0.0,0.0,0.0,0.0,0.0,0.0,0.0,0.0,0.0,0.0,130.0,263.0,0.0,0.0,0.0,0.0,0.0,0.0,0.0,0.0,0.0,0.0,0.0,0.0,0.0
93,Jannik,Schuster,Schuster,a,,,4.5,521,139,0.2,374,137,0.0,466,179,0,0,0,0,0,130,1106,0.0,0.0,0.0,0.0,0.0,466,179,,,447,180,449,181,391,170,457,180,,,,,,,,0.0,0.0,0.0,0.0,0.0,0.0,0.0,0.0,0.0,2,0,0.0,0.0,0.0,0.0,0.0,0.0,0.0,0.0,0.0,0.0,0.0,0.0,0.0,0.0,145.0,1323.0,0.0,0.0,0.0,0.0,0.0,0.0,0.0,0.0,0.0,0.0,0.0,0.0,0.0
94,Kevin,Schade,Schade,a,,,6.0,82,56,4.1,89,29,6.5,30,17,10,0,0,0,0,85017,34447,1.1,2.2,6.5,6.5,6.5,32,18,,,30,15,111,67,4,1,15,11,,,2.0,,,,,0.39,0.02,0.41,1.03,0.0,0.51,0.51,1.02,9.15,2,10,87.0,1.0,0.0,0.0,1.0,0.0,0.0,0.0,0.0,0.0,0.0,1.0,3.0,34.0,91014.0,39481.0,0.0,0.25,0.019999999999999997,0.27,1.46,45.6,11.099999999999998,34.0,9.100000000000001,2.0,3.0,4.0,9.0
95,Dango,Ouattara,O.Dango,a,,,6.5,46,31,0.9,202,63,2.0,175,88,1,0,0,0,0,3286,20974,0.3,0.6,2.0,2.0,2.0,189,93,,,201,80,38,31,106,55,100,52,2.0,,,,,,,0.07,0.35,0.42,1.73,0.0,0.95,0.95,0.95,12.32,2,1,29.0,0.0,0.0,0.0,1.0,0.0,0.0,0.0,0.0,0.0,0.0,0.0,0.0,16.0,4359.0,23262.0,0.0,0.020000000000000004,0.08000000000000002,0.09999999999999998,1.36,15.399999999999999,15.499999999999996,2.0,3.3,1.0,3.0,3.0,7.0
96,Mikkel,Damsgaard,Damsgaard,a,,,5.5,165,102,0.5,259,86,2.0,164,82,3,0,0,0,0,2784,5729,0.4,0.7,2.0,2.0,2.0,175,85,,,159,58,20,18,77,43,59,39,3.0,3.0,,,,,,0.03,0.26,0.29,0.25,0.0,1.1,0.0,1.1,14.27,2,3,68.0,0.0,0.0,1.0,0.0,0.0,0.0,0.0,0.0,0.0,0.0,1.0,0.0,20.0,3257.0,7035.0,0.0,0.03,0.13,0.16000000000000003,0.13,16.6,32.400000000000006,25.0,7.4,2.0,2.0,5.0,9.0
97,Mathias,Jensen,Jensen,d,Unspecified injury - 75% chance of playing,,5.5,144,89,0.2,348,128,3.0,108,47,0,0,0,0,0,551,5009,0.5,1.1,2.2,3.0,6.0,42,22,75.0,,221,90,39,32,125,63,118,60,1.0,2.0,3.0,,,,,0.11,0.46,0.57,0.64,0.0,1.36,0.0,1.36,6.82,2,0,0.0,0.0,0.0,0.0,0.0,0.0,0.0,0.0,0.0,0.0,0.0,0.0,0.0,0.0,1345.0,5226.0,0.0,0.0,0.0,0.0,0.0,0.0,0.0,0.0,0.0,0.0,0.0,0.0,0.0
98,Vitaly,Janelt,Janelt,a,,,5.0,269,166,0.6,237,81,5.0,53,26,1,0,0,0,0,23445,10661,1.0,2.0,5.0,5.0,5.0,56,28,,,18,11,10,10,66,40,16,12,4.0,,,,,,,0.2,0.16,0.36,1.02,0.0,0.5,0.5,1.0,11.5,2,1,90.0,0.0,0.0,0.0,1.0,0.0,0.0,0.0,1.0,0.0,0.0,1.0,0.0,11.0,32153.0,11512.0,0.0,0.0,0.13999999999999999,0.1399999999999999,1.46,16.39999999999999,35.400000000000006,4.0,5.6,3.0,5.0,2.0,10.0
99,Antoni,Milambo,Milambo,i,Knee injury - Unknown return date,,5.0,362,217,0.0,637,279,0.0,577,239,0,0,0,0,0,25,30,0.0,0.0,0.0,0.0,0.0,577,239,0.0,0.0,564,232,571,238,534,208,572,235,,,,,,,,0.0,0.0,0.0,0.0,0.0,0.0,0.0,0.0,0.0,2,0,0.0,0.0,0.0,0.0,0.0,0.0,0.0,0.0,0.0,0.0,0.0,0.0,0.0,0.0,28.0,32.0,0.0,0.0,0.0,0.0,0.0,0.0,0.0,0.0,0.0,0.0,0.0,0.0,0.0
100,Fábio,Freitas Gouveia Carvalho,Carvalho,a,,,5.0,298,180,0.0,563,233,0.0,549,223,0,0,0,0,0,441,296,0.0,0.0,0.0,0.0,0.0,549,223,100.0,100.0,537,215,538,220,493,185,544,217,,,,,,,,0.0,0.0,0.0,0.0,0.0,0.0,0.0,0.0,0.0,2,0,0.0,0.0,0.0,0.0,0.0,0.0,0.0,0.0,0.0,0.0,0.0,0.0,0.0,0.0,487.0,321.0,0.0,0.0,0.0,0.0,0.0,0.0,0.0,0.0,0.0,0.0,0.0,0.0,0.0
102,Yehor,Yarmoliuk,Yarmoliuk,a,,,5.0,347,205,1.0,198,61,1.0,242,111,1,0,0,0,0,687,14348,0.2,0.4,1.0,1.0,1.0,284,125,,,269,121,159,96,170,82,228,101,,,,,,,,0.08,0.02,0.1,2.9,0.0,0.0,2.05,0.0,12.27,2,1,21.0,0.0,0.0,0.0,1.0,0.0,0.0,0.0,0.0,0.0,0.0,0.0,0.0,4.0,780.0,16776.0,0.0,0.0,0.01,0.010000000000000002,1.3199999999999998,3.0,12.5,4.0,2.0,0.0,0.0,0.0,0.0
103,Josh,Dasilva,Dasilva,a,,,5.0,262,161,0.0,556,229,0.0,535,216,0,0,0,0,0,152,396,0.0,0.0,0.0,0.0,0.0,535,216,,,521,207,523,213,475,176,529,210,,,,,,,,0.0,0.0,0.0,0.0,0.0,0.0,0.0,0.0,0.0,2,0,0.0,0.0,0.0,0.0,0.0,0.0,0.0,0.0,0.0,0.0,0.0,0.0,0.0,0.0,164.0,448.0,0.0,0.0,0.0,0.0,0.0,0.0,0.0,0.0,0.0,0.0,0.0,0.0,0.0
105,Jaidon,Anthony,Anthony,a,,,6.0,75,51,0.2,365,138,1.5,207,100,2,0,0,0,0,1302,2643,0.2,0.5,1.5,1.5,1.5,220,105,,,214,86,19,17,109,58,78,44,,,,,,,,0.15,0.44,0.59,0.21,0.0,1.08,0.0,1.08,9.76,2,2,60.0,0.0,0.0,1.0,0.0,0.0,0.0,0.0,1.0,0.0,0.0,1.0,0.0,4.0,1631.0,3045.0,0.0,0.11000000000000001,0.06,0.17000000000000004,0.09,3.200000000000001,25.9,15.0,4.3999999999999995,0.0,0.0,1.0,1.0
106,Igor Thiago,Nascimento Rodrigues,Thiago,a,,,8.0,11,3,14.3,29,5,1.0,270,34,2,0,0,0,0,48408,240161,0.1,0.2,1.0,1.0,1.0,341,43,,,279,26,186,23,19,9,105,15,,,1.0,,,,,0.94,0.05,0.99,1.03,0.0,0.52,0.52,1.05,4.71,2,2,90.0,0.0,0.0,0.0,1.0,0.0,0.0,0.0,0.0,0.0,0.0,1.0,0.0,2.0,60155.0,266629.0,0.0,0.8,0.009999999999999995,0.8099999999999998,1.46,2.3999999999999995,6.199999999999999,55.0,6.4,1.0,0.0,3.0,4.0
108,Callum,Wilson,Wilson,a,,,5.5,121,30,0.4,276,48,1.0,249,27,1,0,0,0,0,4388,5852,0.2,0.4,1.0,1.0,1.0,304,33,,,308,33,185,22,131,24,234,25,,,,,,,,0.7,0.4,1.1,0.7,0.0,0.0,0.0,0.0,10.0,2,1,2.0,0.0,0.0,0.0,0.0,0.0,0.0,0.0,0.0,0.0,0.0,0.0,0.0,3.0,5040.0,6531.0,0.0,0.04000000000000001,0.0,0.039999999999999994,0.0,0.0,0.09999999999999964,7.0,0.7,0.0,0.0,1.0,1.0
565,Mamadou,Sangaré,M.Sangaré,a,,,5.7,117,77,13.8,31,11,9.0,10,5,4,1,-1,2,-2,438904,93620,1.6,3.2,9.0,9.0,9.0,12,6,,,41,19,36,29,59,34,33,26,,,,,,,,0.14,0.2,0.34,1.05,0.0,0.55,0.55,1.09,14.73,2,4,90.0,0.0,0.0,0.0,1.0,0.0,0.0,0.0,0.0,0.0,0.0,1.0,0.0,16.0,517143.0,98461.0,0.0,0.21000000000000002,0.02999999999999997,0.24,1.46,24.4,25.3,11.0,6.1,4.0,5.0,5.0,14.0
620,El Hadji Malick,Diouf,Diouf,a,,,4.5,557,151,0.1,440,155,0.0,495,187,0,0,0,0,0,8212,2478,0.0,0.0,1.8,1.8,0.0,495,187,,,477,188,478,189,422,179,487,188,,,,,,,,0.0,0.0,0.0,0.0,0.0,0.0,0.0,0.0,0.0,2,0,0.0,0.0,0.0,0.0,0.0,0.0,0.0,0.0,0.0,0.0,0.0,0.0,0.0,0.0,8812.0,2515.0,0.0,0.0,0.0,0.0,0.0,0.0,0.0,0.0,0.0,0.0,0.0,0.0,0.0
109,Bart,Verbruggen,Verbruggen,a,,,4.5,509,43,21.6,12,2,3.0,99,8,0,0,0,0,0,186850,113460,0.7,1.3,3.0,3.0,3.0,105,8,,,197,21,437,45,379,44,269,21,,,,,,,,0.0,0.0,0.0,1.61,0.5,0.5,2.0,1.0,0.0,2,0,90.0,0.0,0.0,0.0,4.0,0.0,0.0,0.0,0.0,0.0,1.0,1.0,0.0,-1.0,199465.0,122082.0,0.0,0.0,0.0,0.0,2.93,10.200000000000001,0.0,0.0,1.0,0.0,0.0,14.0,0.0
111,Jason,Steele,Steele,a,,,4.0,577,51,4.2,87,13,0.0,360,25,0,0,0,0,0,43519,23657,0.0,0.0,0.0,0.0,0.0,360,25,,,342,25,332,4,254,3,351,25,,,,,,,,0.0,0.0,0.0,0.0,0.0,0.0,0.0,0.0,0.0,2,0,0.0,0.0,0.0,0.0,0.0,0.0,0.0,0.0,0.0,0.0,0.0,0.0,0.0,0.0,45250.0,25966.0,0.0,0.0,0.0,0.0,0.0,0.0,0.0,0.0,0.0,0.0,0.0,0.0,0.0
113,Ferdi,Kadıoğlu,F.Kadıoğlu,a,,,4.4,571,156,2.0,129,54,0.0,416,158,0,-1,1,-1,1,9705,23953,0.0,0.0,0.0,0.0,0.0,416,158,100.0,100.0,302,114,138,42,158,53,222,86,3.0,,,,,,,0.02,0.01,0.03,2.93,0.0,0.0,4.0,1.0,0.0,2,0,90.0,0.0,0.0,0.0,4.0,0.0,0.0,0.0,0.0,0.0,0.0,1.0,0.0,-4.0,10059.0,29511.0,0.0,0.02,0.01,0.03,2.93,2.8,16.7,8.0,2.8,0.0,0.0,2.0,0.0
114,Olivier,Boscagli,Boscagli,a,,,4.5,460,101,0.3,299,111,2.5,124,44,-1,0,0,0,0,4568,3155,0.6,1.1,2.5,2.5,2.5,130,46,,,130,58,68,16,99,28,91,29,,,,,,,,0.02,0.08,0.1,1.61,0.0,0.5,2.0,1.0,4.5,2,-1,90.0,0.0,0.0,0.0,4.0,0.0,0.0,0.0,1.0,0.0,0.0,1.0,0.0,-2.0,5390.0,3444.0,0.0,0.05,0.10999999999999999,0.16,2.93,16.8,26.599999999999998,11.0,5.4,0.0,3.0,2.0,3.0
115,Maxim,De Cuyper,De Cuyper,a,,,4.7,421,79,15.6,25,9,8.5,13,6,0,1,-1,2,-2,597383,84942,1.8,3.6,8.5,8.5,8.5,15,7,,,60,23,14,1,35,4,19,1,2.0,4.0,,,,,,0.81,0.14,0.95,1.74,0.0,0.54,2.16,1.08,3.23,2,0,90.0,0.0,0.0,0.0,4.0,0.0,0.0,0.0,0.0,0.0,0.0,1.0,0.0,-2.0,665090.0,88760.0,0.0,0.030000000000000027,0.05000000000000002,0.08000000000000007,2.93,8.799999999999997,23.700000000000003,5.0,3.799999999999999,0.0,2.0,3.0,2.0
116,Lewis,Dunk,Dunk,a,,,4.5,429,82,1.3,167,67,2.5,121,41,-1,0,0,0,0,15280,10916,0.6,1.1,2.5,2.5,2.5,127,43,,,139,62,193,61,326,139,202,78,,3.0,,,,,,0.0,0.02,0.02,1.61,0.0,0.5,2.0,1.0,2.5,2,-1,90.0,0.0,0.0,0.0,4.0,0.0,0.0,0.0,1.0,0.0,0.0,1.0,0.0,-4.0,17489.0,11906.0,0.0,0.0,0.010000000000000002,0.010000000000000002,2.93,14.799999999999999,2.0,0.0,1.7000000000000002,1.0,2.0,4.0,3.0
117,Diego,Coppola,Coppola,a,,,4.5,531,142,0.0,564,192,0.0,476,182,0,0,0,0,0,209,233,0.0,0.0,0.0,0.0,0.0,476,182,,,457,183,459,184,401,173,467,183,,,,,,,,0.0,0.0,0.0,0.0,0.0,0.0,0.0,0.0,0.0,2,0,0.0,0.0,0.0,0.0,0.0,0.0,0.0,0.0,0.0,0.0,0.0,0.0,0.0,0.0,243.0,267.0,0.0,0.0,0.0,0.0,0.0,0.0,0.0,0.0,0.0,0.0,0.0,0.0,0.0
118,Igor Julio,dos Santos de Paulo,Igor,u,Has joined Burnley permanently,,4.5,468,107,0.1,463,163,0.0,439,166,0,0,0,0,0,444,1226,0.0,0.0,0.0,0.0,0.0,439,166,0.0,,420,167,416,167,352,151,430,167,,,,,,,,0.0,0.0,0.0,0.0,0.0,0.0,0.0,0.0,0.0,2,0,0.0,0.0,0.0,0.0,0.0,0.0,0.0,0.0,0.0,0.0,0.0,0.0,0.0,0.0,489.0,1358.0,0.0,0.0,0.0,0.0,0.0,0.0,0.0,0.0,0.0,0.0,0.0,0.0,0.0
119,João Pedro,Loureiro da Costa,Costinha,a,,,4.5,495,128,0.0,521,181,0.5,288,103,0,0,0,0,0,290,386,0.1,0.2,0.5,0.5,0.5,346,116,,,244,98,239,79,95,26,224,87,,,,,,,,0.3,0.0,0.3,0.35,0.0,0.0,0.0,0.0,10.0,2,0,10.0,0.0,0.0,0.0,0.0,0.0,0.0,0.0,1.0,0.0,0.0,0.0,0.0,-1.0,321.0,431.0,0.0,0.0,0.0,0.0,0.04000000000000001,0.0,0.30000000000000027,0.0,0.0,0.0,0.0,0.0,0.0
120,Michael,Svoboda,Svoboda,a,,,5.0,311,55,0.1,491,172,0.0,555,202,0,0,0,0,0,696,820,0.0,0.0,0.0,0.0,0.0,555,202,,,542,204,546,204,504,198,550,204,,,,,,,,0.0,0.0,0.0,0.0,0.0,0.0,0.0,0.0,0.0,2,0,0.0,0.0,0.0,0.0,0.0,0.0,0.0,0.0,0.0,0.0,0.0,0.0,0.0,0.0,735.0,904.0,0.0,0.0,0.0,0.0,0.0,0.0,0.0,0.0,0.0,0.0,0.0,0.0,0.0
121,Mitoma,Kaoru,Mitoma,i,Hamstring injury - Unknown return date,,6.0,76,52,0.0,522,216,0.0,634,277,0,0,0,0,0,114,821,0.0,0.0,0.0,0.0,0.0,634,277,0.0,0.0,633,278,634,278,629,274,634,278,,,,,,,,0.0,0.0,0.0,0.0,0.0,0.0,0.0,0.0,0.0,2,0,0.0,0.0,0.0,0.0,0.0,0.0,0.0,0.0,0.0,0.0,0.0,0.0,0.0,0.0,124.0,950.0,0.0,0.0,0.0,0.0,0.0,0.0,0.0,0.0,0.0,0.0,0.0,0.0,0.0
122,Yankuba,Minteh,Minteh,i,Leg injury - Expected back 28 Nov,,5.9,111,71,0.0,499,203,0.0,630,273,0,-1,1,-1,1,75,1638,0.0,0.0,0.0,0.0,0.0,630,273,0.0,0.0,628,273,628,273,623,269,629,273,5.0,,,,,,,0.0,0.0,0.0,0.0,0.0,0.0,0.0,0.0,0.0,2,0,0.0,0.0,0.0,0.0,0.0,0.0,0.0,0.0,0.0,0.0,0.0,0.0,0.0,0.0,82.0,1981.0,0.0,0.0,0.0,0.0,0.0,0.0,0.0,0.0,0.0,0.0,0.0,0.0,0.0
123,Jack,Hinshelwood,Hinshelwood,d,Unspecified injury - 50% chance of playing,,6.0,83,57,1.4,158,47,8.0,19,10,0,0,0,0,0,5895,83018,1.3,2.7,4.0,2.0,16.0,1,1,50.0,25.0,12,8,158,95,24,14,26,20,,,,,,,,2.01,0.03,2.04,0.27,0.0,1.43,0.0,1.43,4.29,2,0,0.0,0.0,0.0,0.0,0.0,0.0,0.0,0.0,0.0,0.0,0.0,0.0,0.0,0.0,8856.0,101363.0,0.0,0.0,0.0,0.0,0.0,0.0,0.0,0.0,0.0,0.0,0.0,0.0,0.0
124,Pascal,Groß,Groß,a,,,5.5,120,78,14.9,26,9,7.5,21,11,13,0,0,0,0,293667,77331,1.4,2.7,7.5,7.5,7.5,22,11,,,19,12,5,5,62,37,8,7,1.0,1.0,1.0,,,,,0.02,0.19,0.21,1.61,0.0,0.5,2.0,1.0,5.5,2,13,90.0,1.0,1.0,0.0,4.0,0.0,0.0,0.0,0.0,0.0,0.0,1.0,3.0,46.0,297757.0,96642.0,0.0,0.05,0.10999999999999999,0.15999999999999998,2.93,47.8,33.199999999999996,23.0,10.4,1.0,2.0,3.0,6.0
125,Georginio,Rutter,Georginio,d,Unspecified injury - 75% chance of playing,,5.5,172,41,0.8,220,37,2.5,134,15,0,0,0,0,0,3943,20472,0.5,0.9,1.9,1.9,5.0,60,4,75.0,75.0,177,14,176,19,116,22,183,20,,,,,,,,0.08,0.44,0.52,0.29,0.0,1.0,0.0,1.0,7.0,2,0,0.0,0.0,0.0,0.0,0.0,0.0,0.0,0.0,0.0,0.0,0.0,0.0,0.0,0.0,4925.0,24357.0,0.0,0.0,0.0,0.0,0.0,0.0,0.0,0.0,0.0,0.0,0.0,0.0,0.0
127,Diego,Gómez Amarilla,Gomez,a,,,5.0,350,207,4.6,81,26,5.5,49,23,5,0,0,0,0,117792,42066,1.1,2.2,5.5,5.5,5.5,52,25,,,106,39,41,33,6,3,20,15,,5.0,,,,,,0.29,0.33,0.62,1.66,0.0,0.51,2.06,1.03,5.66,2,5,90.0,0.0,1.0,0.0,4.0,0.0,0.0,0.0,0.0,0.0,0.0,1.0,0.0,15.0,123552.0,45113.0,0.0,0.38000000000000006,0.17000000000000004,0.5499999999999999,2.93,4.600000000000001,20.299999999999997,42.0,6.700000000000001,2.0,1.0,2.0,5.0
128,Facundo,Buonanotte,Buonanotte,u,Has joined Elche on loan for the rest of the season,,5.0,360,215,0.0,632,276,0.0,576,238,0,0,0,0,0,0,82,0.0,0.0,0.0,0.0,0.0,576,238,0.0,0.0,563,231,570,237,533,207,571,234,,,,,,,,0.0,0.0,0.0,0.0,0.0,0.0,0.0,0.0,0.0,2,0,0.0,0.0,0.0,0.0,0.0,0.0,0.0,0.0,0.0,0.0,0.0,0.0,0.0,0.0,0.0,99.0,0.0,0.0,0.0,0.0,0.0,0.0,0.0,0.0,0.0,0.0,0.0,0.0,0.0
129,Yasin,Ayari,Ayari,d,Ankle injury - 75% chance of playing,,5.5,188,117,0.5,264,88,1.0,257,123,0,0,0,0,0,1378,15925,0.2,0.4,0.8,1.0,2.0,178,88,75.0,,610,263,147,88,191,94,274,122,4.0,2.0,,,,,,0.16,0.04,0.2,0.27,0.0,1.43,0.0,1.43,5.71,2,0,0.0,0.0,0.0,0.0,0.0,0.0,0.0,0.0,0.0,0.0,0.0,0.0,0.0,0.0,1931.0,17289.0,0.0,0.0,0.0,0.0,0.0,0.0,0.0,0.0,0.0,0.0,0.0,0.0,0.0
130,Mats,Wieffer,Wieffer,a,,,5.0,319,58,0.5,254,97,3.5,92,36,0,0,0,0,0,11195,6474,0.7,1.4,3.5,3.5,3.5,98,36,,,110,49,60,14,148,48,93,31,,,,,,,,0.07,0.08,0.15,1.83,0.0,0.58,2.31,1.15,8.65,2,0,79.0,0.0,0.0,0.0,4.0,0.0,0.0,0.0,0.0,0.0,0.0,1.0,0.0,6.0,12811.0,6980.0,0.0,0.03,0.08,0.10999999999999999,2.89,20.4,9.2,4.0,3.4000000000000004,0.0,7.0,4.0,7.0
7,Myles,Lewis-Skelly,Lewis-Skelly,a,,,5.5,186,116,0.7,228,75,3.0,111,50,3,0,0,0,0,7141,10270,0.5,1.1,3.0,3.0,3.0,116,50,,,171,64,99,61,133,68,146,71,,,,,,,,0.07,0.07,0.14,0.3,0.0,1.12,0.0,1.12,6.75,2,3,70.0,0.0,0.0,1.0,0.0,0.0,0.0,0.0,0.0,0.0,0.0,1.0,0.0,15.0,8429.0,11612.0,0.0,0.07,0.020000000000000004,0.09,0.33,10.600000000000001,3.200000000000003,5.0,1.9000000000000004,0.0,4.0,1.0,5.0
132,Harry,Howell,Howell,u,Has joined Leicester City on loan for the rest of the season,,4.5,551,280,0.0,511,211,0.0,491,190,0,0,0,0,0,0,822,0.0,0.0,0.0,0.0,0.0,491,190,0.0,0.0,473,178,474,187,418,145,483,183,,,,,,,,0.0,0.0,0.0,0.0,0.0,0.0,0.0,0.0,0.0,2,0,0.0,0.0,0.0,0.0,0.0,0.0,0.0,0.0,0.0,0.0,0.0,0.0,0.0,0.0,0.0,946.0,0.0,0.0,0.0,0.0,0.0,0.0,0.0,0.0,0.0,0.0,0.0,0.0,0.0
133,Tom,Watson,Watson,u,Has joined Leicester City on loan for the rest of the season,,5.0,365,220,0.0,643,284,0.0,579,241,0,0,0,0,0,0,40,0.0,0.0,0.0,0.0,0.0,579,241,0.0,0.0,566,234,573,240,537,211,574,237,,,,,,,,0.0,0.0,0.0,0.0,0.0,0.0,0.0,0.0,0.0,2,0,0.0,0.0,0.0,0.0,0.0,0.0,0.0,0.0,0.0,0.0,0.0,0.0,0.0,0.0,0.0,48.0,0.0,0.0,0.0,0.0,0.0,0.0,0.0,0.0,0.0,0.0,0.0,0.0,0.0
134,Nehemiah,Oriola,Oriola,a,,,4.5,535,274,0.3,302,104,0.0,479,185,0,0,0,0,0,2832,2983,0.0,0.0,0.0,0.0,0.0,479,185,,,460,173,462,182,404,140,470,178,,,,,,,,0.0,0.0,0.0,0.0,0.0,0.0,0.0,0.0,0.0,2,0,0.0,0.0,0.0,0.0,0.0,0.0,0.0,0.0,0.0,0.0,0.0,0.0,0.0,0.0,3043.0,3405.0,0.0,0.0,0.0,0.0,0.0,0.0,0.0,0.0,0.0,0.0,0.0,0.0,0.0
135,Zadok,Yohanna,Yohanna,a,,,5.0,394,240,0.1,482,194,0.5,325,152,0,0,0,0,0,408,1219,0.1,0.2,0.5,0.5,1.0,296,136,,,337,156,275,141,557,225,335,155,,,,,,,,0.0,0.22,0.22,0.0,0.0,0.0,0.0,0.0,0.0,2,0,0.0,0.0,0.0,0.0,0.0,0.0,0.0,0.0,0.0,0.0,0.0,0.0,0.0,0.0,446.0,1391.0,0.0,0.0,0.0,0.0,0.0,0.0,0.0,0.0,0.0,0.0,0.0,0.0,0.0
137,Stefanos,Tzimas,Tzimas,i,Knee injury - Unknown return date,,5.5,208,45,0.0,610,77,0.0,624,71,0,0,0,0,0,68,173,0.0,0.0,0.0,0.0,0.0,624,71,0.0,0.0,618,66,622,70,611,68,622,70,,,,,,,,0.0,0.0,0.0,0.0,0.0,0.0,0.0,0.0,0.0,2,0,0.0,0.0,0.0,0.0,0.0,0.0,0.0,0.0,0.0,0.0,0.0,0.0,0.0,0.0,75.0,202.0,0.0,0.0,0.0,0.0,0.0,0.0,0.0,0.0,0.0,0.0,0.0,0.0,0.0
138,Charalampos,Kostoulas,Kostoulas,a,,,5.5,210,46,0.4,270,46,3.0,114,14,5,0,0,0,0,20140,4428,0.5,1.1,3.0,3.0,3.0,119,18,,,276,25,145,14,71,16,184,21,,,,,,,,0.3,0.02,0.32,2.56,0.0,0.0,3.43,0.86,6.86,2,5,79.0,0.0,1.0,0.0,4.0,0.0,0.0,0.0,0.0,0.0,0.0,1.0,0.0,17.0,20542.0,4794.0,0.0,0.16999999999999998,0.02,0.19,2.89,5.0,15.1,17.0,3.6999999999999997,0.0,0.0,6.0,6.0
139,Evan,Ferguson,Ferguson,i,Ankle injury - Expected back 10 Oct,,5.0,328,57,0.0,534,70,0.0,561,59,0,0,0,0,0,447,601,0.0,0.0,0.0,0.0,0.0,561,59,0.0,0.0,548,52,554,57,514,54,556,57,,,,,,,,0.0,0.0,0.0,0.0,0.0,0.0,0.0,0.0,0.0,2,0,0.0,0.0,0.0,0.0,0.0,0.0,0.0,0.0,0.0,0.0,0.0,0.0,0.0,0.0,477.0,654.0,0.0,0.0,0.0,0.0,0.0,0.0,0.0,0.0,0.0,0.0,0.0,0.0,0.0
328,Pascal,Struijk,Struijk,a,,,5.0,287,49,0.2,334,124,0.0,543,199,0,0,0,0,0,1244,2883,0.0,0.0,0.0,0.0,0.0,543,199,100.0,100.0,531,202,532,202,486,195,538,202,,,,,,,,0.0,0.0,0.0,0.0,0.0,0.0,0.0,0.0,0.0,2,0,0.0,0.0,0.0,0.0,0.0,0.0,0.0,0.0,0.0,0.0,0.0,0.0,0.0,0.0,1348.0,3313.0,0.0,0.0,0.0,0.0,0.0,0.0,0.0,0.0,0.0,0.0,0.0,0.0,0.0
504,Luka,Vušković,Vuskovic,a,,,5.0,380,69,2.4,116,48,3.0,106,40,0,0,0,0,0,16779,25154,0.6,1.2,3.0,3.0,3.0,112,41,,,116,53,164,49,104,30,135,49,,,,,,,,0.08,0.02,0.1,1.61,0.0,0.5,2.0,1.0,6.0,2,0,90.0,0.0,0.0,0.0,4.0,0.0,0.0,0.0,0.0,0.0,0.0,1.0,0.0,-2.0,18737.0,27194.0,0.0,0.03,0.020000000000000004,0.04999999999999999,2.93,22.800000000000004,8.3,5.0,3.6,1.0,7.0,3.0,8.0
594,Promise,David,David,a,,,6.0,84,17,0.3,315,53,0.5,349,42,1,0,0,0,0,3447,4437,0.1,0.2,0.5,0.5,1.0,330,40,,,636,73,222,31,632,73,321,38,,,2.0,,,,,0.0,0.0,0.0,0.36,0.0,0.0,0.0,0.0,0.0,2,1,10.0,0.0,0.0,0.0,0.0,0.0,0.0,0.0,0.0,0.0,0.0,0.0,0.0,3.0,3685.0,5261.0,0.0,0.0,0.0,0.0,0.04,0.0,3.7,0.0,0.4,0.0,0.0,0.0,0.0
600,Ibrahim,Osman,Osman,a,,,5.0,381,232,0.0,569,236,1.0,244,113,1,0,0,0,0,263,230,0.2,0.4,1.0,1.0,1.0,292,132,,,251,110,139,84,189,93,219,97,,,,,,,,0.0,0.19,0.19,0.32,0.0,0.0,3.21,0.0,9.64,2,1,16.0,0.0,0.0,0.0,1.0,0.0,0.0,0.0,0.0,0.0,0.0,0.0,0.0,6.0,280.0,249.0,0.0,0.0,0.009999999999999995,0.009999999999999995,0.1,3.0,1.299999999999999,2.0,0.6000000000000001,1.0,0.0,0.0,1.0
605,Malick,Yalcouyé,Yalcouyé,a,,,4.5,555,281,1.7,141,41,4.5,64,31,8,0,0,0,0,146888,23466,1.0,2.0,4.5,4.5,4.5,68,33,,,50,26,112,68,41,25,48,34,,,,,,,,0.82,0.2,1.02,3.31,0.0,0.0,3.51,1.17,8.18,2,8,73.0,1.0,0.0,0.0,3.0,0.0,0.0,0.0,0.0,0.0,0.0,1.0,1.0,39.0,147521.0,23615.0,0.0,0.7,0.16,0.86,2.83,50.8,20.1,42.0,11.299999999999999,3.0,2.0,2.0,7.0
624,Amario,Cozier-Duberry,Cozier-Duberry,u,Has joined Middlesbrough on loan for the rest of the season,,5.0,354,211,0.0,646,285,0.0,573,235,0,0,0,0,0,117,50,0.0,0.0,0.0,1.5,0.0,573,235,0.0,,560,228,567,234,530,204,568,231,,,,,,,,0.0,0.0,0.0,0.0,0.0,0.0,0.0,0.0,0.0,2,0,0.0,0.0,0.0,0.0,0.0,0.0,0.0,0.0,0.0,0.0,0.0,0.0,0.0,0.0,117.0,50.0,0.0,0.0,0.0,0.0,0.0,0.0,0.0,0.0,0.0,0.0,0.0,0.0,0.0
639,José María,Andrés Baixauli,Andrés,a,,,5.5,207,130,0.0,642,283,0.0,623,270,0,0,0,0,0,109,14,0.0,0.0,2.0,2.0,0.0,623,270,,,617,269,621,270,610,262,621,269,,,,,,,,0.0,0.0,0.0,0.0,0.0,0.0,0.0,0.0,0.0,2,0,0.0,0.0,0.0,0.0,0.0,0.0,0.0,0.0,0.0,0.0,0.0,0.0,0.0,0.0,109.0,14.0,0.0,0.0,0.0,0.0,0.0,0.0,0.0,0.0,0.0,0.0,0.0,0.0,0.0
652,Femi,Azeez,Azeez,a,,,5.5,177,109,0.0,651,289,0.0,617,265,0,0,0,0,0,55,2,0.0,0.0,2.0,2.0,0.0,617,265,,,608,261,614,264,602,256,614,263,,,,,,,,0.0,0.0,0.0,0.0,0.0,0.0,0.0,0.0,0.0,2,0,0.0,0.0,0.0,0.0,0.0,0.0,0.0,0.0,0.0,0.0,0.0,0.0,0.0,0.0,55.0,2.0,0.0,0.0,0.0,0.0,0.0,0.0,0.0,0.0,0.0,0.0,0.0,0.0,0.0
28,Emiliano,Martínez Romero,Martinez,a,,,5.0,244,7,4.4,83,11,1.0,232,19,2,0,0,0,0,55970,43626,0.2,0.4,1.0,1.0,2.0,159,13,,,113,12,126,1,460,55,151,8,,,,,,,,0.0,0.01,0.01,1.41,4.0,0.0,3.0,1.0,0.0,2,2,90.0,0.0,0.0,0.0,3.0,0.0,0.0,0.0,0.0,0.0,4.0,1.0,0.0,18.0,74615.0,59926.0,0.0,0.0,0.01,0.01,1.41,36.2,20.0,0.0,5.6,0.0,1.0,13.0,0.0
22,Ethan,Nwaneri,Nwaneri,u,Has joined Borussia Dortmund on loan for the rest of the season,,5.4,230,143,0.0,591,251,0.0,604,256,0,-1,1,-1,1,157,321,0.0,0.0,0.0,0.0,0.0,604,256,0.0,,592,251,597,255,572,235,599,253,,,,,,,,0.0,0.0,0.0,0.0,0.0,0.0,0.0,0.0,0.0,2,0,0.0,0.0,0.0,0.0,0.0,0.0,0.0,0.0,0.0,0.0,0.0,0.0,0.0,0.0,165.0,354.0,0.0,0.0,0.0,0.0,0.0,0.0,0.0,0.0,0.0,0.0,0.0,0.0,0.0
40,Morgan,Rogers,Rogers,a,,,7.5,18,11,24.6,11,5,6.5,32,19,5,0,0,0,0,175610,231992,0.9,1.7,6.5,6.5,6.5,34,20,,,9,6,2,2,31,20,5,4,4.0,,,,,,,0.58,0.58,1.16,1.39,0.0,0.0,2.63,1.05,6.32,2,5,90.0,0.0,1.0,0.0,3.0,0.0,0.0,0.0,0.0,0.0,0.0,1.0,0.0,28.0,218531.0,245901.0,0.0,0.14000000000000012,1.01,1.15,1.41,26.799999999999997,46.5,23.0,9.6,1.0,1.0,3.0,5.0
101,Jordan,Henderson,Henderson,d,Wrist injury - 75% chance of playing,,5.0,238,149,0.0,529,219,0.0,524,210,0,0,0,0,0,184,650,0.0,0.0,0.0,0.0,0.0,524,210,75.0,75.0,507,199,509,207,456,166,516,203,,,,,,,,0.0,0.0,0.0,0.0,0.0,0.0,0.0,0.0,0.0,2,0,0.0,0.0,0.0,0.0,0.0,0.0,0.0,0.0,0.0,0.0,0.0,0.0,0.0,0.0,195.0,726.0,0.0,0.0,0.0,0.0,0.0,0.0,0.0,0.0,0.0,0.0,0.0,0.0,0.0
136,Danny,Welbeck,Welbeck,a,,,5.9,90,21,0.8,211,35,0.0,627,73,0,-1,1,-1,1,6515,19814,0.0,0.0,0.0,0.0,0.0,627,73,100.0,100.0,621,68,625,72,615,70,625,72,,,,,,,,0.0,0.0,0.0,0.0,0.0,0.0,0.0,0.0,0.0,2,0,0.0,0.0,0.0,0.0,0.0,0.0,0.0,0.0,0.0,0.0,0.0,0.0,0.0,0.0,7878.0,22203.0,0.0,0.0,0.0,0.0,0.0,0.0,0.0,0.0,0.0,0.0,0.0,0.0,0.0
140,Robert,Lynch Sánchez,Sánchez,u,Has joined Como on loan for the rest of the season,,4.9,400,20,1.5,150,21,1.0,230,18,0,-1,1,-1,1,1923,61491,0.2,0.4,0.0,1.0,2.0,157,12,0.0,,172,18,494,52,439,51,252,18,,,,,,,,0.0,0.01,0.01,1.33,4.0,0.0,2.0,1.0,0.0,2,0,0.0,0.0,0.0,0.0,0.0,0.0,0.0,0.0,0.0,0.0,0.0,0.0,0.0,0.0,2914.0,70728.0,0.0,0.0,0.0,0.0,0.0,0.0,0.0,0.0,0.0,0.0,0.0,0.0,0.0
141,Filip,Jörgensen,Jörgensen,u,Has joined RC Strasbourg on loan for the rest of the season,,5.0,348,19,0.0,596,70,0.0,572,71,0,0,0,0,0,0,227,0.0,0.0,0.0,0.0,0.0,572,71,0.0,0.0,559,71,566,67,528,67,567,71,,,,,,,,0.0,0.0,0.0,0.0,0.0,0.0,0.0,0.0,0.0,2,0,0.0,0.0,0.0,0.0,0.0,0.0,0.0,0.0,0.0,0.0,0.0,0.0,0.0,0.0,0.0,250.0,0.0,0.0,0.0,0.0,0.0,0.0,0.0,0.0,0.0,0.0,0.0,0.0,0.0
142,Reece,James,James,a,,,5.5,149,18,8.3,52,21,0.5,334,119,1,0,0,0,0,23495,160744,0.1,0.2,0.5,0.5,0.5,354,121,,,161,73,135,40,85,21,141,53,1.0,1.0,,,,,,0.08,0.06,0.14,1.18,0.0,0.0,2.41,0.8,4.82,2,1,22.0,0.0,0.0,0.0,1.0,0.0,0.0,0.0,0.0,0.0,0.0,0.0,0.0,-1.0,32219.0,173686.0,0.0,0.0,0.0,0.0,0.1399999999999999,0.40000000000000213,0.3999999999999986,2.0,0.2999999999999998,0.0,0.0,1.0,0.0
143,Trevoh,Chalobah,Chalobah,u,Has joined Como permanently,,5.5,133,14,0.1,430,152,0.0,609,211,0,0,0,0,0,0,3093,0.0,0.0,0.0,0.0,0.0,609,211,0.0,0.0,599,211,604,211,584,209,605,211,,,,,,,,0.0,0.0,0.0,0.0,0.0,0.0,0.0,0.0,0.0,2,0,0.0,0.0,0.0,0.0,0.0,0.0,0.0,0.0,0.0,0.0,0.0,0.0,0.0,0.0,0.0,3710.0,0.0,0.0,0.0,0.0,0.0,0.0,0.0,0.0,0.0,0.0,0.0,0.0,0.0
144,Malo,Gusto,Gusto,a,,,5.0,324,59,1.2,178,71,1.0,239,85,1,0,0,0,0,8646,17012,0.2,0.4,1.0,1.0,1.0,279,107,,,207,88,183,59,187,65,213,83,,,,,,,,0.0,0.02,0.02,1.37,0.0,0.0,2.73,1.09,4.36,2,1,90.0,0.0,0.0,0.0,3.0,0.0,0.0,0.0,0.0,0.0,0.0,1.0,0.0,-1.0,10732.0,18586.0,0.0,0.0,0.010000000000000002,0.010000000000000002,1.41,7.8,0.6999999999999993,0.0,0.9000000000000004,1.0,4.0,3.0,5.0
145,Wesley,Fofana,Fofana,a,,,5.0,306,54,0.1,474,168,0.0,551,201,0,0,0,0,0,2274,1051,0.0,0.0,0.0,0.0,0.0,551,201,100.0,100.0,179,78,285,104,499,197,258,95,,,,,,,,0.0,0.01,0.01,1.69,0.0,0.0,2.69,1.34,12.09,2,0,67.0,0.0,0.0,0.0,2.0,0.0,0.0,0.0,1.0,0.0,0.0,1.0,0.0,-2.0,2411.0,1084.0,0.0,0.0,0.01,0.01,1.26,19.4,0.9,0.0,2.0,0.0,9.0,0.0,9.0
146,Benoît,Badiashile Mukinayi,B.Badiashile,u,Has joined Napoli on loan for the rest of the season,,4.5,479,115,0.0,579,197,0.0,443,168,0,0,0,0,0,0,617,0.0,0.0,0.0,0.0,0.0,443,168,0.0,0.0,424,169,421,169,358,154,434,169,,,,,,,,0.0,0.0,0.0,0.0,0.0,0.0,0.0,0.0,0.0,2,0,0.0,0.0,0.0,0.0,0.0,0.0,0.0,0.0,0.0,0.0,0.0,0.0,0.0,0.0,0.0,730.0,0.0,0.0,0.0,0.0,0.0,0.0,0.0,0.0,0.0,0.0,0.0,0.0,0.0
148,Jorrel,Hato,Hato,a,,,4.5,532,143,0.6,241,89,2.5,126,45,4,0,0,0,0,18379,8103,0.6,1.1,2.5,2.5,2.5,132,47,,,98,45,72,20,137,45,92,30,,,,,,,,0.01,0.05,0.06,1.44,0.0,0.0,2.92,1.17,5.26,2,4,90.0,0.0,1.0,0.0,3.0,0.0,0.0,0.0,0.0,0.0,0.0,1.0,0.0,12.0,19074.0,8750.0,0.0,0.0,0.06,0.060000000000000005,1.41,30.0,20.7,0.0,5.1000000000000005,2.0,4.0,3.0,6.0
149,Levi,Samuels Colwill,Colwill,a,,,5.0,312,56,1.3,164,66,0.5,310,115,1,0,0,0,0,6777,25153,0.1,0.2,0.5,0.5,0.5,349,118,,,180,79,248,84,169,59,220,85,,,,,,,,0.01,0.02,0.03,1.48,0.0,0.0,2.24,1.12,7.27,2,1,71.0,0.0,0.0,0.0,2.0,0.0,0.0,0.0,0.0,0.0,0.0,1.0,0.0,2.0,7981.0,28058.0,0.0,0.0,0.0,0.0,1.31,13.2,0.3999999999999999,0.0,1.4,1.0,8.0,2.0,9.0
150,Mamadou,Sarr,M.Sarr,u,Has joined Real Sociedad on loan for the rest of the season,,4.5,541,145,0.0,497,174,0.0,484,184,0,0,0,0,0,24,2887,0.0,0.0,0.0,0.0,0.0,484,184,0.0,,466,185,467,186,410,175,476,185,,,,,,,,0.0,0.0,0.0,0.0,0.0,0.0,0.0,0.0,0.0,2,0,0.0,0.0,0.0,0.0,0.0,0.0,0.0,0.0,0.0,0.0,0.0,0.0,0.0,0.0,45.0,2993.0,0.0,0.0,0.0,0.0,0.0,0.0,0.0,0.0,0.0,0.0,0.0,0.0,0.0
151,Josh,Acheampong,Acheampong,a,,,4.5,544,147,0.4,277,103,2.0,148,53,1,0,0,0,0,4180,5451,0.4,0.9,2.0,2.0,2.0,154,55,,,96,44,237,77,223,84,187,70,,,,,,,,0.0,0.01,0.01,1.18,0.0,0.0,2.41,0.8,14.46,2,1,22.0,0.0,0.0,0.0,1.0,0.0,0.0,0.0,0.0,0.0,0.0,0.0,0.0,-1.0,6233.0,6008.0,0.0,0.0,0.0,0.0,0.1399999999999999,6.199999999999996,0.09999999999999964,0.0,0.5999999999999996,1.0,2.0,0.0,3.0
152,Marco,Palestra,Palestra,d,Unspecified injury - 75% chance of playing,,5.4,236,34,1.4,156,63,0.0,607,210,0,-1,1,-1,1,681,59043,0.0,0.0,0.0,0.0,0.0,607,210,75.0,75.0,596,210,600,210,577,208,603,210,,,,,,,,0.0,0.0,0.0,0.0,0.0,0.0,0.0,0.0,0.0,2,0,0.0,0.0,0.0,0.0,0.0,0.0,0.0,0.0,0.0,0.0,0.0,0.0,0.0,0.0,783.0,79434.0,0.0,0.0,0.0,0.0,0.0,0.0,0.0,0.0,0.0,0.0,0.0,0.0,0.0
156,Pedro,Lomba Neto,Neto,a,,,6.5,37,25,1.3,166,52,4.0,86,38,7,0,0,0,0,18642,15346,0.6,1.2,4.0,4.0,4.0,92,40,,,53,27,83,51,43,26,42,31,2.0,4.0,,,,,,0.49,0.44,0.93,1.64,0.0,0.0,2.22,1.11,8.89,2,7,67.0,1.0,0.0,0.0,2.0,0.0,0.0,0.0,0.0,0.0,0.0,1.0,0.0,32.0,19106.0,19996.0,0.0,0.41000000000000003,0.33,0.74,1.26,45.199999999999996,25.6,38.0,10.899999999999999,0.0,3.0,1.0,4.0
157,Estêvão,Almeida de Oliveira Gonçalves,Estêvão,a,,,6.4,54,38,0.9,206,65,0.5,353,166,0,-1,1,-1,1,3079,28758,0.1,0.2,0.5,0.5,1.0,335,161,,,339,158,312,157,640,281,348,163,5.0,,3.0,,,,,0.0,0.0,0.0,1.16,0.0,0.0,0.0,0.0,12.86,2,0,0.0,0.0,0.0,0.0,0.0,0.0,0.0,0.0,0.0,0.0,0.0,0.0,0.0,0.0,3742.0,32247.0,0.0,0.0,0.0,0.0,0.0,0.0,0.0,0.0,0.0,0.0,0.0,0.0,0.0
158,Jamie,Bynoe-Gittens,Gittens,a,,,5.9,103,66,0.0,536,221,0.0,629,272,0,-1,1,-1,1,222,814,0.0,0.0,0.0,0.0,0.0,629,272,,,627,272,627,272,621,267,628,272,,,,,,,,0.0,0.0,0.0,0.0,0.0,0.0,0.0,0.0,0.0,2,0,0.0,0.0,0.0,0.0,0.0,0.0,0.0,0.0,0.0,0.0,0.0,0.0,0.0,0.0,250.0,931.0,0.0,0.0,0.0,0.0,0.0,0.0,0.0,0.0,0.0,0.0,0.0,0.0,0.0
159,Moisés,Caicedo Corozo,Caicedo,d,Unspecified injury - 75% chance of playing,,5.4,228,141,2.0,126,37,0.5,328,153,1,-1,1,-1,1,2963,74457,0.1,0.2,0.4,0.4,1.0,300,138,75.0,75.0,590,249,329,167,570,233,597,251,,,,,,,,0.0,0.0,0.0,0.48,0.0,0.0,0.0,0.0,0.0,2,1,13.0,0.0,0.0,0.0,0.0,0.0,0.0,0.0,0.0,0.0,0.0,0.0,0.0,3.0,3130.0,91842.0,0.0,0.0,0.0,0.0,0.07,0.0,0.1,0.0,0.0,0.0,0.0,0.0,0.0
161,Roméo,Lavia,Lavia,a,,,5.0,351,208,0.2,353,132,4.0,83,36,7,0,0,0,0,10922,2880,0.8,1.6,4.0,4.0,4.0,86,38,,,48,24,114,70,15,9,28,22,,,,,,,,0.52,0.02,0.54,1.59,0.0,0.0,2.75,1.37,10.99,2,7,67.0,1.0,0.0,0.0,2.0,0.0,0.0,0.0,0.0,0.0,0.0,1.0,0.0,32.0,11130.0,2996.0,0.0,0.54,0.0,0.54,1.26,39.0,0.8000000000000007,33.0,7.299999999999999,1.0,3.0,3.0,7.0
163,Dário,Luís Essugo,D.Essugo,u,Has joined RC Strasbourg on loan for the rest of the season,,4.5,511,267,0.2,354,133,0.0,456,178,0,0,0,0,0,1446,3202,0.0,0.0,0.0,0.0,0.0,456,178,0.0,,437,166,439,175,381,133,447,171,,,,,,,,0.0,0.0,0.0,0.0,0.0,0.0,0.0,0.0,0.0,2,0,0.0,0.0,0.0,0.0,0.0,0.0,0.0,0.0,0.0,0.0,0.0,0.0,0.0,0.0,1555.0,3579.0,0.0,0.0,0.0,0.0,0.0,0.0,0.0,0.0,0.0,0.0,0.0,0.0,0.0
164,Geovany,Quenda,Quenda,a,,,5.4,234,147,0.0,520,215,0.5,330,155,0,-1,1,-1,1,251,992,0.1,0.2,0.5,0.5,1.0,303,141,100.0,100.0,325,147,317,161,237,113,319,146,,,,,,,,0.0,0.0,0.0,1.01,0.0,0.0,0.0,0.0,11.25,2,0,0.0,0.0,0.0,0.0,0.0,0.0,0.0,0.0,0.0,0.0,0.0,0.0,0.0,0.0,274.0,1117.0,0.0,0.0,0.0,0.0,0.0,0.0,0.0,0.0,0.0,0.0,0.0,0.0,0.0
165,João Pedro,Junqueira de Jesus,João Pedro,a,,,7.7,15,5,69.7,2,2,10.0,6,1,9,1,-1,2,-2,360088,117377,1.3,2.6,10.0,10.0,10.0,7,1,,,4,1,40,1,7,4,4,1,,,,,,,,0.93,0.05,0.98,1.37,0.0,0.0,2.5,1.0,3.0,2,9,90.0,1.0,1.0,0.0,3.0,1.0,0.0,0.0,0.0,0.0,0.0,1.0,2.0,44.0,434045.0,121211.0,0.0,1.23,0.04000000000000001,1.27,1.4100000000000001,52.8,22.5,46.0,12.1,1.0,0.0,2.0,3.0
168,Marc,Guiu Paz,Marc Guiu,u,Has joined RB Leipzig permanently,,5.0,341,58,0.4,282,49,0.0,569,60,0,0,0,0,0,1924,9568,0.0,0.0,0.0,0.0,0.0,569,60,0.0,,556,53,563,58,525,55,564,58,,,,,,,,0.0,0.0,0.0,0.0,0.0,0.0,0.0,0.0,0.0,2,0,0.0,0.0,0.0,0.0,0.0,0.0,0.0,0.0,0.0,0.0,0.0,0.0,0.0,0.0,2130.0,10475.0,0.0,0.0,0.0,0.0,0.0,0.0,0.0,0.0,0.0,0.0,0.0,0.0,0.0
169,Shumaira,Mheuka,Mheuka,a,,,4.5,538,73,0.4,273,47,0.0,481,50,0,0,0,0,0,6641,4728,0.0,0.0,0.0,0.0,0.0,481,50,,,463,43,464,48,407,45,473,48,,,,,,,,0.0,0.0,0.0,0.0,0.0,0.0,0.0,0.0,0.0,2,0,0.0,0.0,0.0,0.0,0.0,0.0,0.0,0.0,0.0,0.0,0.0,0.0,0.0,0.0,6976.0,5235.0,0.0,0.0,0.0,0.0,0.0,0.0,0.0,0.0,0.0,0.0,0.0,0.0,0.0
170,Emmanuel,Emegha,Emegha,a,,,5.0,346,59,0.1,376,54,0.0,571,61,0,0,0,0,0,2187,2722,0.0,0.0,0.0,0.0,0.0,571,61,100.0,100.0,558,54,565,59,527,56,566,59,,,,,,,,0.0,0.0,0.0,0.0,0.0,0.0,0.0,0.0,0.0,2,0,0.0,0.0,0.0,0.0,0.0,0.0,0.0,0.0,0.0,0.0,0.0,0.0,0.0,0.0,2310.0,3029.0,0.0,0.0,0.0,0.0,0.0,0.0,0.0,0.0,0.0,0.0,0.0,0.0,0.0
200,Maxence,Lacroix,Lacroix,a,,,6.0,71,7,8.4,49,18,3.5,96,37,1,0,0,0,0,29359,116426,0.6,1.2,3.5,3.5,3.5,101,37,,,38,13,177,56,162,55,110,38,,,,,,,,0.01,0.1,0.11,1.37,0.0,0.0,2.5,1.0,10.5,2,1,90.0,0.0,0.0,0.0,3.0,0.0,0.0,0.0,0.0,0.0,0.0,1.0,0.0,-3.0,38874.0,123540.0,0.0,0.02,0.0,0.01999999999999999,1.4100000000000001,13.0,0.10000000000000142,6.0,1.8999999999999995,1.0,8.0,1.0,9.0
560,Mike,Penders,Penders,a,,,4.5,530,47,0.1,477,54,0.0,475,63,0,0,0,0,0,304,979,0.0,0.0,0.0,0.0,0.0,475,63,,,456,63,458,49,400,48,466,63,,,,,,,,0.0,0.0,0.0,0.0,0.0,0.0,0.0,0.0,0.0,2,0,0.0,0.0,0.0,0.0,0.0,0.0,0.0,0.0,0.0,0.0,0.0,0.0,0.0,0.0,365.0,1084.0,0.0,0.0,0.0,0.0,0.0,0.0,0.0,0.0,0.0,0.0,0.0,0.0,0.0
561,Aaron,Anselmino,Anselmino,a,,,4.5,561,153,0.0,565,193,0.0,497,188,0,0,0,0,0,185,219,0.0,0.0,0.0,0.0,0.0,497,188,100.0,100.0,480,189,480,190,425,181,489,189,,,,,,,,0.0,0.0,0.0,0.0,0.0,0.0,0.0,0.0,0.0,2,0,0.0,0.0,0.0,0.0,0.0,0.0,0.0,0.0,0.0,0.0,0.0,0.0,0.0,0.0,199.0,239.0,0.0,0.0,0.0,0.0,0.0,0.0,0.0,0.0,0.0,0.0,0.0,0.0,0.0
568,Valentín,Barco,Barco,a,,,5.5,192,121,0.1,390,150,0.5,340,158,1,0,0,0,0,909,1603,0.1,0.2,0.5,0.5,1.0,318,149,,,612,265,617,267,204,98,336,156,,,,,,,,0.45,0.0,0.45,0.79,0.0,0.0,11.25,0.0,11.25,2,1,8.0,0.0,0.0,0.0,1.0,0.0,0.0,0.0,0.0,0.0,0.0,0.0,0.0,1.0,1099.0,1882.0,0.0,0.04,0.0,0.04,0.07,0.0,0.0,4.0,0.2,0.0,1.0,0.0,1.0
583,Pep,Chavarría,Chavarria,a,,,5.0,340,65,0.2,351,130,1.0,241,86,1,0,0,0,0,578,3138,0.2,0.4,1.0,1.0,1.0,283,108,,,239,97,307,115,233,87,287,104,,,,,,,,0.0,0.04,0.04,0.77,0.0,0.0,2.09,0.0,8.37,2,1,18.0,0.0,0.0,0.0,1.0,0.0,0.0,0.0,0.0,0.0,0.0,0.0,0.0,1.0,756.0,3665.0,0.0,0.0,0.02,0.02,0.08999999999999997,6.4,0.3,0.0,0.7,1.0,2.0,1.0,3.0
91,Ethan,Pinnock,Pinnock,a,,,4.5,474,112,0.1,466,165,0.5,285,100,1,0,0,0,0,428,984,0.1,0.2,0.5,0.5,1.0,245,89,,,291,108,295,108,354,152,310,111,,,,,,,,0.0,0.0,0.0,4.05,0.0,0.0,7.5,0.0,15.0,2,1,12.0,0.0,0.0,0.0,1.0,0.0,0.0,0.0,0.0,0.0,0.0,0.0,0.0,-1.0,607.0,1136.0,0.0,0.0,0.0,0.0,0.54,3.8,0.7,0.0,0.5,0.0,2.0,0.0,2.0
104,Frank,Onyeka,Onyeka,a,,,5.0,301,182,0.1,394,153,1.0,236,108,0,0,0,0,0,314,2939,0.2,0.4,1.0,1.0,2.0,164,77,,,296,134,264,138,495,187,311,142,,,,,,,,0.0,0.01,0.01,1.88,0.0,0.0,3.0,1.0,9.0,2,0,0.0,0.0,0.0,0.0,0.0,0.0,0.0,0.0,0.0,0.0,0.0,0.0,0.0,0.0,1054.0,3247.0,0.0,0.0,0.0,0.0,0.0,0.0,0.0,0.0,0.0,0.0,0.0,0.0,0.0
23,Fábio,Ferreira Vieira,Fábio Vieira,u,Has joined Hamburger SV permanently,,5.5,164,101,0.0,595,253,0.0,616,264,0,0,0,0,0,175,227,0.0,0.0,0.0,0.0,0.0,616,264,0.0,,606,260,612,263,598,253,612,262,,,,,,,,0.0,0.0,0.0,0.0,0.0,0.0,0.0,0.0,0.0,2,0,0.0,0.0,0.0,0.0,0.0,0.0,0.0,0.0,0.0,0.0,0.0,0.0,0.0,0.0,186.0,253.0,0.0,0.0,0.0,0.0,0.0,0.0,0.0,0.0,0.0,0.0,0.0,0.0,0.0
110,Carl,Rushworth,Rushworth,a,,,4.5,503,41,1.0,192,30,1.5,181,12,2,0,0,0,0,2049,13028,0.3,0.7,1.5,1.5,1.5,195,15,,,153,17,434,43,376,42,231,17,,,,,,,,0.0,0.0,0.0,1.3,1.5,0.0,2.0,1.0,0.0,2,2,90.0,0.0,0.0,0.0,1.0,0.0,0.0,0.0,0.0,0.0,1.0,1.0,0.0,10.0,7042.0,13950.0,0.0,0.0,0.0,0.0,0.7200000000000002,10.600000000000001,0.0,0.0,1.1,0.0,1.0,13.0,0.0
171,Oliver,Dovin,Dovin,u,Has joined Leyton Orient on loan for the rest of the season,,4.0,621,68,1.4,155,23,0.0,389,42,0,0,0,0,0,6290,11356,0.0,0.0,0.0,0.0,0.0,389,42,0.0,,371,42,363,21,288,20,381,42,,,,,,,,0.0,0.0,0.0,0.0,0.0,0.0,0.0,0.0,0.0,2,0,0.0,0.0,0.0,0.0,0.0,0.0,0.0,0.0,0.0,0.0,0.0,0.0,0.0,0.0,6870.0,12510.0,0.0,0.0,0.0,0.0,0.0,0.0,0.0,0.0,0.0,0.0,0.0,0.0,0.0
172,Ben,Wilson,Wilson,a,,,4.5,438,29,0.4,272,36,0.0,424,50,0,0,0,0,0,194,3309,0.0,0.0,0.0,0.0,0.0,424,50,,,405,50,399,31,333,30,415,50,,,,,,,,0.0,0.0,0.0,0.0,0.0,0.0,0.0,0.0,0.0,2,0,0.0,0.0,0.0,0.0,0.0,0.0,0.0,0.0,0.0,0.0,0.0,0.0,0.0,0.0,232.0,3911.0,0.0,0.0,0.0,0.0,0.0,0.0,0.0,0.0,0.0,0.0,0.0,0.0,0.0
173,Bobby,Thomas,Thomas,a,,,4.0,617,184,8.4,50,19,5.5,46,18,8,0,0,0,0,89286,50993,1.4,2.8,5.5,5.5,5.5,49,19,,,89,40,172,53,248,91,159,59,,,,,,,,0.01,0.01,0.02,1.11,0.0,0.54,1.62,1.08,10.24,2,8,77.0,0.0,0.0,1.0,0.0,0.0,0.0,0.0,0.0,0.0,0.0,1.0,2.0,28.0,97757.0,54911.0,0.0,0.0,0.01,0.010000000000000002,0.18000000000000016,17.000000000000004,0.7000000000000011,0.0,1.7999999999999998,0.0,9.0,6.0,9.0
174,Liam,Kitching,Kitching,u,Has joined Sheffield United on loan for the rest of the season,,4.0,610,179,0.6,246,91,0.0,382,131,0,0,0,0,0,461,6170,0.0,0.0,0.0,0.0,0.0,382,131,0.0,,364,133,356,131,280,104,374,133,,,,,,,,0.0,0.0,0.0,0.0,0.0,0.0,0.0,0.0,0.0,2,0,0.0,0.0,0.0,0.0,0.0,0.0,0.0,0.0,0.0,0.0,0.0,0.0,0.0,0.0,542.0,7005.0,0.0,0.0,0.0,0.0,0.0,0.0,0.0,0.0,0.0,0.0,0.0,0.0,0.0
175,Milan,van Ewijk,van Ewijk,a,,,4.0,615,182,12.0,34,11,1.5,177,59,2,0,0,0,0,33429,93126,0.4,0.8,1.5,1.5,1.5,192,61,,,148,66,58,13,157,52,123,44,,,,,,,,0.0,0.1,0.1,1.3,0.0,0.0,2.0,1.0,4.5,2,2,90.0,0.0,0.0,0.0,1.0,0.0,0.0,0.0,0.0,0.0,0.0,1.0,0.0,15.0,40164.0,99619.0,0.0,0.0,0.19,0.19,0.7200000000000002,15.4,33.9,6.0,5.5,1.0,1.0,3.0,2.0
176,Jay,Dasilva,Dasilva,a,,,4.0,595,167,0.8,219,81,1.5,176,58,2,0,0,0,0,1993,5040,0.4,0.8,1.5,1.5,1.5,191,60,,,136,61,178,57,98,27,148,56,,,,,,,,0.09,0.04,0.13,1.3,0.0,0.0,2.0,1.0,4.5,2,2,90.0,0.0,0.0,0.0,1.0,0.0,0.0,0.0,0.0,0.0,0.0,1.0,0.0,15.0,2792.0,5789.0,0.0,0.18,0.05,0.23,0.7200000000000002,15.2,7.3,17.0,4.0,2.0,1.0,3.0,3.0
177,Kaine,Kesler-Hayden,Kesler-Hayden,i,Hamstring injury - Unknown return date,,4.0,619,185,0.0,495,173,0.0,387,133,0,0,0,0,0,95,999,0.0,0.0,0.0,0.0,0.0,387,133,0.0,0.0,369,135,361,133,286,107,379,135,,,,,,,,0.0,0.0,0.0,0.0,0.0,0.0,0.0,0.0,0.0,2,0,0.0,0.0,0.0,0.0,0.0,0.0,0.0,0.0,0.0,0.0,0.0,0.0,0.0,0.0,113.0,1228.0,0.0,0.0,0.0,0.0,0.0,0.0,0.0,0.0,0.0,0.0,0.0,0.0,0.0
179,Joel,Latibeaudiere,Latibeaudiere,a,,,4.0,599,171,0.0,516,178,0.0,375,127,0,0,0,0,0,223,351,0.0,0.0,0.0,0.0,0.0,375,127,,,357,129,349,127,273,100,367,129,,,,,,,,0.0,0.0,0.0,0.0,0.0,0.0,0.0,0.0,0.0,2,0,0.0,0.0,0.0,0.0,0.0,0.0,0.0,0.0,0.0,0.0,0.0,0.0,0.0,0.0,270.0,425.0,0.0,0.0,0.0,0.0,0.0,0.0,0.0,0.0,0.0,0.0,0.0,0.0,0.0
180,Luke,Woolfenden,Woolfenden,i,Knee injury - Unknown return date,,4.0,604,175,0.1,379,138,0.0,378,129,0,0,0,0,0,513,2687,0.0,0.0,0.0,0.0,0.0,378,129,0.0,0.0,360,131,352,129,276,102,370,131,,,,,,,,0.0,0.0,0.0,0.0,0.0,0.0,0.0,0.0,0.0,2,0,0.0,0.0,0.0,0.0,0.0,0.0,0.0,0.0,0.0,0.0,0.0,0.0,0.0,0.0,577.0,3252.0,0.0,0.0,0.0,0.0,0.0,0.0,0.0,0.0,0.0,0.0,0.0,0.0,0.0
181,Miguel,Brau,Brau,u,Has joined Academico de Viseu on loan for the rest of the season,,4.0,641,204,0.0,533,185,0.0,406,149,0,0,0,0,0,19,809,0.0,0.0,0.0,0.0,0.0,406,149,0.0,,388,151,380,149,307,125,398,151,,,,,,,,0.0,0.0,0.0,0.0,0.0,0.0,0.0,0.0,0.0,2,0,0.0,0.0,0.0,0.0,0.0,0.0,0.0,0.0,0.0,0.0,0.0,0.0,0.0,0.0,60.0,858.0,0.0,0.0,0.0,0.0,0.0,0.0,0.0,0.0,0.0,0.0,0.0,0.0,0.0
182,Aurèle,Amenda,Amenda,a,,,4.0,631,194,0.8,218,80,1.0,211,69,1,0,0,0,0,2254,6049,0.2,0.5,1.0,1.0,1.0,228,73,,,90,41,229,72,192,66,173,64,,,,,,,,0.01,0.02,0.03,1.3,0.0,0.0,2.0,1.0,6.5,2,1,90.0,0.0,0.0,0.0,1.0,0.0,0.0,0.0,1.0,0.0,0.0,1.0,0.0,4.0,2986.0,6826.0,0.0,0.02,0.04,0.060000000000000005,0.7200000000000002,11.400000000000002,2.0999999999999996,5.0,1.9000000000000004,0.0,4.0,1.0,4.0
183,Jack,Rudoni,Rudoni,a,,,5.0,323,192,0.1,403,156,2.0,154,75,3,0,0,0,0,588,1812,0.4,0.8,2.0,2.0,2.0,166,78,100.0,100.0,223,92,76,49,83,46,133,68,4.0,1.0,,,,,,0.21,0.09,0.3,0.31,0.0,1.0,0.0,1.0,11.0,2,3,70.0,0.0,0.0,1.0,0.0,0.0,0.0,0.0,0.0,0.0,0.0,1.0,0.0,12.0,1015.0,2056.0,0.0,0.06,0.09,0.15,0.020000000000000018,6.800000000000001,27.7,4.0,3.9,1.0,1.0,4.0,6.0
184,Matt,Grimes,Grimes,a,,,5.0,256,158,0.2,358,134,2.0,151,72,2,0,0,0,0,397,2713,0.4,0.8,2.0,2.0,2.0,160,74,,,144,52,107,64,226,108,157,74,1.0,,3.0,,,,,0.0,0.02,0.02,1.3,0.0,0.0,2.0,1.0,8.5,2,2,90.0,0.0,0.0,0.0,1.0,0.0,0.0,0.0,0.0,0.0,0.0,1.0,0.0,14.0,1061.0,3011.0,0.0,0.01,0.04,0.049999999999999996,0.7200000000000002,14.200000000000001,20.900000000000002,2.0,3.7,0.0,1.0,9.0,10.0
185,Tatsuhiro,Sakamoto,Sakamoto,a,,,4.9,412,251,0.1,442,177,0.5,295,131,1,-1,1,-1,1,288,1311,0.1,0.2,0.5,0.5,1.0,261,110,,,259,116,202,111,166,80,261,117,,,,,,,,0.06,0.06,0.12,2.0,0.0,0.0,2.9,0.0,11.61,2,1,31.0,0.0,0.0,0.0,1.0,0.0,0.0,0.0,0.0,0.0,0.0,0.0,0.0,8.0,312.0,1569.0,0.0,0.02,0.02,0.04,0.69,6.2,5.9,7.0,1.9,2.0,0.0,2.0,4.0
186,Ephron,Mason-Clark,Mason-Clark,a,,,5.5,152,93,0.1,422,167,0.5,335,157,1,0,0,0,0,177,1539,0.1,0.2,0.5,0.5,1.0,312,147,100.0,100.0,284,131,143,85,593,249,259,116,,,,,,,,0.0,0.09,0.09,0.03,0.0,0.0,0.0,1.58,6.32,2,1,57.0,0.0,0.0,0.0,0.0,0.0,0.0,0.0,0.0,0.0,0.0,1.0,0.0,4.0,323.0,1811.0,0.0,0.0,0.06,0.06,0.02,4.2,16.0,0.0,2.0,0.0,2.0,2.0,4.0
187,Josh,Eccles,Eccles,a,,,4.9,405,248,0.0,573,237,0.0,513,203,0,-1,1,-1,1,398,336,0.0,0.0,0.0,0.0,0.0,513,203,,,496,192,498,200,444,159,505,196,,,,,,,,0.0,0.0,0.0,0.0,0.0,0.0,0.0,0.0,0.0,2,0,0.0,0.0,0.0,0.0,0.0,0.0,0.0,0.0,0.0,0.0,0.0,0.0,0.0,0.0,404.0,407.0,0.0,0.0,0.0,0.0,0.0,0.0,0.0,0.0,0.0,0.0,0.0,0.0,0.0
188,Victor,Torp,Torp,a,,,5.5,150,92,0.1,388,149,1.0,254,120,1,0,0,0,0,72,2238,0.2,0.4,1.0,1.0,1.0,311,146,,,255,113,128,77,592,248,230,102,2.0,2.0,2.0,,,,,0.0,0.23,0.23,1.93,0.0,0.0,1.91,0.0,5.74,2,1,19.0,0.0,0.0,0.0,1.0,0.0,0.0,0.0,0.0,0.0,0.0,0.0,0.0,2.0,255.0,2548.0,0.0,0.0,0.009999999999999995,0.009999999999999995,0.69,0.0,3.6000000000000014,0.0,0.30000000000000027,0.0,0.0,2.0,2.0
189,George,Shepherd,Shepherd,a,,,4.5,568,288,0.3,306,106,0.0,504,196,0,0,0,0,0,1346,2904,0.0,0.0,0.0,0.0,0.0,504,196,,,487,185,487,193,432,151,496,189,,,,,,,,0.0,0.0,0.0,0.0,0.0,0.0,0.0,0.0,0.0,2,0,0.0,0.0,0.0,0.0,0.0,0.0,0.0,0.0,0.0,0.0,0.0,0.0,0.0,0.0,1469.0,3380.0,0.0,0.0,0.0,0.0,0.0,0.0,0.0,0.0,0.0,0.0,0.0,0.0,0.0
190,Loum,Tchaouna,Tchaouna,a,,,5.5,176,108,0.1,393,152,1.5,199,95,1,0,0,0,0,99,2505,0.3,0.5,1.5,1.5,1.5,213,100,,,240,100,108,65,159,78,190,85,,,,,,,,0.06,0.1,0.16,1.15,0.0,0.0,1.94,1.29,9.06,2,1,58.0,0.0,0.0,0.0,0.0,0.0,0.0,0.0,0.0,0.0,0.0,1.0,0.0,7.0,1009.0,2846.0,0.0,0.049999999999999996,0.13,0.18,0.020000000000000018,7.000000000000001,18.5,5.0,3.1,1.0,2.0,3.0,6.0
191,Raphael,Borges Rodrigues,Borges Rodrigues,u,Has joined Burton Albion on loan for the rest of the season,,4.5,513,269,0.2,370,139,0.0,458,180,0,0,0,0,0,1263,2415,0.0,0.0,0.0,0.0,0.0,458,180,0.0,,439,168,441,177,383,135,449,173,,,,,,,,0.0,0.0,0.0,0.0,0.0,0.0,0.0,0.0,0.0,2,0,0.0,0.0,0.0,0.0,0.0,0.0,0.0,0.0,0.0,0.0,0.0,0.0,0.0,0.0,1352.0,2677.0,0.0,0.0,0.0,0.0,0.0,0.0,0.0,0.0,0.0,0.0,0.0,0.0,0.0
192,Kai,Andrews,Andrews,u,Has joined Oxford United on loan for the rest of the season,,4.5,562,285,0.5,265,89,0.0,498,193,0,0,0,0,0,142,14506,0.0,0.0,0.0,0.0,0.0,498,193,0.0,,481,182,481,190,426,148,490,186,,,,,,,,0.0,0.0,0.0,0.0,0.0,0.0,0.0,0.0,0.0,2,0,0.0,0.0,0.0,0.0,0.0,0.0,0.0,0.0,0.0,0.0,0.0,0.0,0.0,0.0,420.0,15509.0,0.0,0.0,0.0,0.0,0.0,0.0,0.0,0.0,0.0,0.0,0.0,0.0,0.0
193,Haji,Wright,Wright,i,Thigh injury - Unknown return date,,5.4,212,48,0.1,421,59,0.0,592,67,0,-1,1,-1,1,178,2808,0.0,0.0,0.0,0.0,0.0,592,67,0.0,0.0,580,60,587,65,558,62,588,65,,,1.0,,,,,0.0,0.0,0.0,0.0,0.0,0.0,0.0,0.0,0.0,2,0,0.0,0.0,0.0,0.0,0.0,0.0,0.0,0.0,0.0,0.0,0.0,0.0,0.0,0.0,187.0,3362.0,0.0,0.0,0.0,0.0,0.0,0.0,0.0,0.0,0.0,0.0,0.0,0.0,0.0
194,Brandon,Thomas-Asante,Thomas-Asante,a,,,5.0,291,54,0.8,213,36,1.5,187,20,1,0,0,0,0,13685,13501,0.3,0.6,1.5,1.5,1.5,201,25,,,263,24,228,32,231,36,293,35,,,4.0,,,,,0.0,0.02,0.02,2.04,0.0,0.0,3.56,0.89,7.13,2,1,32.0,0.0,0.0,0.0,1.0,0.0,0.0,0.0,0.0,0.0,0.0,0.0,0.0,5.0,16664.0,14797.0,0.0,0.0,0.0,0.0,0.69,1.2000000000000002,2.0,2.0,0.5000000000000001,0.0,0.0,2.0,2.0
196,Jahnoah,Markelo,Markelo,u,Has joined Shabab Al-Ahli Dubai permanently,,5.0,367,61,0.0,600,74,0.0,581,62,0,0,0,0,0,0,252,0.0,0.0,0.0,0.0,0.0,581,62,0.0,0.0,568,55,575,60,539,57,576,60,,,,,,,,0.0,0.0,0.0,0.0,0.0,0.0,0.0,0.0,0.0,2,0,0.0,0.0,0.0,0.0,0.0,0.0,0.0,0.0,0.0,0.0,0.0,0.0,0.0,0.0,0.0,296.0,0.0,0.0,0.0,0.0,0.0,0.0,0.0,0.0,0.0,0.0,0.0,0.0,0.0
197,Norman,Bassette,Bassette,u,Has joined KVC Westerlo on loan for the rest of the season,,4.5,529,70,0.0,532,69,0.0,474,48,0,0,0,0,0,0,482,0.0,0.0,0.0,0.0,0.0,474,48,0.0,0.0,455,40,457,46,399,42,465,45,,,,,,,,0.0,0.0,0.0,0.0,0.0,0.0,0.0,0.0,0.0,2,0,0.0,0.0,0.0,0.0,0.0,0.0,0.0,0.0,0.0,0.0,0.0,0.0,0.0,0.0,0.0,544.0,0.0,0.0,0.0,0.0,0.0,0.0,0.0,0.0,0.0,0.0,0.0,0.0,0.0
492,Taiwo,Awoniyi,Awoniyi,a,,,5.5,146,36,0.7,226,39,1.5,196,22,2,0,0,0,0,3952,12992,0.3,0.5,1.5,1.5,1.5,210,27,,,233,20,104,9,16,7,69,11,,,5.0,,,,,0.76,0.02,0.78,0.83,0.0,0.0,0.82,0.82,3.27,2,2,90.0,0.0,0.0,0.0,1.0,0.0,0.0,0.0,0.0,0.0,0.0,1.0,0.0,6.0,6926.0,14784.0,0.0,0.93,0.03,0.96,0.72,10.0,23.6,65.0,9.9,0.0,1.0,2.0,3.0
575,Caleb,Yirenkyi,Yirenkyi,a,,,5.0,392,238,0.2,337,124,2.0,157,77,3,0,0,0,0,645,3123,0.4,0.8,2.0,2.0,2.0,169,80,,,235,98,131,80,174,85,214,95,,,,,,,,0.02,0.09,0.11,1.09,0.0,0.69,2.06,1.37,6.87,2,3,70.0,0.0,0.0,1.0,0.0,0.0,0.0,0.0,0.0,0.0,0.0,1.0,0.0,17.0,862.0,3473.0,0.0,0.03,0.13,0.16,0.020000000000000018,9.4,16.0,7.0,3.2,0.0,3.0,4.0,7.0
584,Gustavo,Hamer,Hamer,a,,,5.5,135,84,0.1,409,161,1.0,253,119,1,0,0,0,0,134,1691,0.2,0.4,1.0,1.0,1.0,309,144,,,330,151,257,134,586,243,330,153,3.0,,,,,,,0.0,0.07,0.07,2.73,0.0,0.0,3.33,0.0,3.33,2,1,19.0,0.0,0.0,0.0,1.0,0.0,0.0,0.0,0.0,0.0,0.0,0.0,0.0,2.0,212.0,1933.0,0.0,0.0,0.02,0.02,0.69,0.19999999999999996,1.5,0.0,0.19999999999999998,0.0,0.0,0.0,0.0
599,Sidiki,Cherif,Cherif,a,,,5.0,385,63,0.1,426,60,0.0,587,64,0,0,0,0,0,1907,1867,0.0,0.0,0.0,0.0,0.0,587,64,,,575,57,581,62,550,59,583,62,,,,,,,,0.0,0.0,0.0,0.0,0.0,0.0,0.0,0.0,0.0,2,0,0.0,0.0,0.0,0.0,0.0,0.0,0.0,0.0,0.0,0.0,0.0,0.0,0.0,0.0,2174.0,2103.0,0.0,0.0,0.0,0.0,0.0,0.0,0.0,0.0,0.0,0.0,0.0,0.0,0.0
623,Dan,Bentley,Bentley,a,,,4.0,580,54,0.2,357,39,0.0,363,28,0,0,0,0,0,10204,1665,0.0,0.0,1.0,1.0,0.0,363,28,,,345,28,335,7,257,6,354,28,,,,,,,,0.0,0.0,0.0,0.0,0.0,0.0,0.0,0.0,0.0,2,0,0.0,0.0,0.0,0.0,0.0,0.0,0.0,0.0,0.0,0.0,0.0,0.0,0.0,0.0,10204.0,1665.0,0.0,0.0,0.0,0.0,0.0,0.0,0.0,0.0,0.0,0.0,0.0,0.0,0.0
42,Evann,Guessand,Guessand,a,,,5.5,182,113,0.0,509,210,1.0,256,122,1,0,0,0,0,437,807,0.2,0.4,1.0,1.0,1.0,317,148,,,266,119,247,129,180,89,277,124,,,,,,,,0.05,0.05,0.1,0.57,0.0,0.0,1.67,0.0,3.33,2,1,27.0,0.0,0.0,0.0,1.0,0.0,0.0,0.0,0.0,0.0,0.0,0.0,0.0,3.0,541.0,885.0,0.0,0.0,0.009999999999999998,0.009999999999999995,0.2,2.2,0.30000000000000004,0.0,0.30000000000000004,0.0,1.0,0.0,1.0
153,Axel,Disasi,Disasi,a,,,4.5,465,105,0.1,472,166,0.5,284,99,1,0,0,0,0,1179,807,0.1,0.2,0.5,0.5,1.0,242,86,,,321,119,414,166,350,150,341,122,,,,,,,,0.0,0.0,0.0,1.12,0.0,0.0,5.62,0.0,5.62,2,1,16.0,0.0,0.0,0.0,1.0,0.0,0.0,0.0,0.0,0.0,0.0,0.0,0.0,-2.0,1301.0,909.0,0.0,0.0,0.0,0.0,0.2,1.2,0.0,0.0,0.1,1.0,0.0,1.0,1.0
198,Dean,Henderson,Henderson,a,,,5.0,259,10,1.8,135,20,1.5,185,15,1,0,0,0,0,11119,15093,0.3,0.6,1.5,1.5,1.5,199,18,100.0,100.0,34,6,522,58,473,58,149,6,,,,,,,,0.0,0.0,0.0,1.66,3.5,0.0,3.0,1.0,0.0,2,1,90.0,0.0,0.0,0.0,4.0,0.0,0.0,0.0,0.0,0.0,4.0,1.0,0.0,4.0,12040.0,16931.0,0.0,0.0,0.0,0.0,2.21,30.2,0.0,0.0,3.0,0.0,2.0,11.0,0.0
199,Walter,Benítez,Benitez,a,,,4.5,439,30,0.1,418,47,0.0,425,51,0,0,0,0,0,524,1035,0.0,0.0,0.0,0.0,0.0,425,51,,,406,51,400,32,334,31,416,51,,,,,,,,0.0,0.0,0.0,0.0,0.0,0.0,0.0,0.0,0.0,2,0,0.0,0.0,0.0,0.0,0.0,0.0,0.0,0.0,0.0,0.0,0.0,0.0,0.0,0.0,572.0,1330.0,0.0,0.0,0.0,0.0,0.0,0.0,0.0,0.0,0.0,0.0,0.0,0.0,0.0
202,Chris,Richards,Richards,a,,,5.0,300,52,0.7,232,84,1.5,188,64,0,0,0,0,0,3988,8999,0.3,0.6,1.5,1.5,1.5,202,65,,,36,12,290,107,101,29,111,39,,,,,,,,0.02,0.0,0.02,1.66,0.0,0.0,3.0,1.0,11.0,2,0,90.0,0.0,0.0,0.0,4.0,0.0,0.0,0.0,0.0,0.0,0.0,1.0,0.0,-4.0,4521.0,10221.0,0.0,0.04,0.0,0.04,2.21,15.0,0.10000000000000009,17.0,3.2,2.0,4.0,2.0,6.0
203,Jaydee,Canvot,Canvot,a,,,4.9,420,78,0.3,310,116,0.5,297,109,0,-1,1,-1,1,1185,4540,0.1,0.2,0.5,0.5,0.5,347,117,,,54,17,201,65,194,68,143,54,,,,,,,,0.02,0.0,0.02,1.66,0.0,0.0,3.0,1.0,7.5,2,0,90.0,0.0,0.0,0.0,4.0,0.0,0.0,0.0,0.0,0.0,0.0,1.0,0.0,-1.0,1284.0,5296.0,0.0,0.0,0.0,0.0,2.21,22.800000000000004,0.5,0.0,2.3,1.0,6.0,1.0,7.0
204,Tyrick,Mitchell,Mitchell,a,,,4.5,483,118,4.8,76,32,0.5,286,101,0,0,0,0,0,6939,59293,0.1,0.2,0.5,0.5,0.5,344,114,,,163,75,61,15,152,50,127,46,,,,,,,,0.06,0.08,0.14,1.66,0.0,0.0,3.0,1.0,5.0,2,0,90.0,0.0,0.0,0.0,4.0,0.0,0.0,0.0,0.0,0.0,0.0,1.0,0.0,-8.0,7571.0,67948.0,0.0,0.11,0.16,0.27,2.21,11.6,21.599999999999998,7.0,4.0,2.0,3.0,1.0,5.0
205,Borna,Sosa,Sosa,u,Has joined FC Cologne on loan for the rest of the season,,4.5,464,104,0.0,544,188,0.0,437,165,0,0,0,0,0,110,460,0.0,0.0,0.0,0.0,0.0,437,165,0.0,,418,166,413,165,349,149,428,166,,,,,,,,0.0,0.0,0.0,0.0,0.0,0.0,0.0,0.0,0.0,2,0,0.0,0.0,0.0,0.0,0.0,0.0,0.0,0.0,0.0,0.0,0.0,0.0,0.0,0.0,121.0,501.0,0.0,0.0,0.0,0.0,0.0,0.0,0.0,0.0,0.0,0.0,0.0,0.0,0.0
206,Chadi,Riad Dnanou,Chadi Riad,i,Knee injury - Unknown return date,,4.4,573,158,0.0,531,184,0.5,278,94,0,-1,1,-1,1,150,1350,0.1,0.2,0.0,0.0,1.0,234,79,0.0,0.0,220,90,269,95,320,137,280,101,,,,,,,,0.0,0.01,0.01,1.22,0.0,0.0,2.5,1.25,8.75,2,0,0.0,0.0,0.0,0.0,0.0,0.0,0.0,0.0,0.0,0.0,0.0,0.0,0.0,0.0,194.0,1706.0,0.0,0.0,0.0,0.0,0.0,0.0,0.0,0.0,0.0,0.0,0.0,0.0,0.0
207,Oscar,Mingueza,Mingueza,a,,,4.4,572,157,0.1,473,167,0.5,277,93,1,-1,1,-1,1,485,980,0.1,0.2,0.5,0.5,1.0,233,78,,,306,115,325,120,319,136,331,118,,,,,,,,0.0,0.0,0.0,1.2,0.0,0.0,6.0,0.0,6.0,2,1,15.0,0.0,0.0,0.0,1.0,0.0,0.0,0.0,0.0,0.0,0.0,0.0,0.0,1.0,509.0,1179.0,0.0,0.0,0.0,0.0,0.2,2.2,0.1,0.0,0.2,1.0,0.0,0.0,1.0
208,Ismaïla,Sarr,Sarr,i,Groin injury - Unknown return date,,6.3,55,39,1.3,160,48,0.0,640,281,0,-1,1,-2,2,260,91911,0.0,0.0,0.0,0.0,0.0,640,281,0.0,0.0,641,282,641,282,637,278,641,282,,,2.0,,,,,0.0,0.0,0.0,0.0,0.0,0.0,0.0,0.0,0.0,2,0,0.0,0.0,0.0,0.0,0.0,0.0,0.0,0.0,0.0,0.0,0.0,0.0,0.0,0.0,302.0,134583.0,0.0,0.0,0.0,0.0,0.0,0.0,0.0,0.0,0.0,0.0,0.0,0.0,0.0
210,Adam,Wharton,Wharton,a,,,5.5,185,115,0.9,207,66,3.0,110,49,2,0,0,0,0,8025,10925,0.5,1.1,3.0,3.0,3.0,115,49,100.0,100.0,126,47,24,21,604,258,81,46,2.0,,,,,,,0.0,0.16,0.16,1.66,0.0,0.0,3.0,1.0,10.5,2,2,90.0,0.0,0.0,0.0,4.0,0.0,0.0,0.0,0.0,0.0,0.0,1.0,0.0,21.0,9224.0,12305.0,0.0,0.0,0.07,0.07,2.21,16.2,24.700000000000003,0.0,4.1000000000000005,4.0,0.0,3.0,7.0
211,Yéremy,Pino Santos,Yeremy,a,,,5.5,183,114,0.2,336,123,3.0,109,48,5,0,0,0,0,3884,1910,0.5,1.1,3.0,3.0,3.0,114,48,,,219,89,49,39,117,60,125,63,1.0,1.0,,,,,,0.1,0.08,0.18,2.01,0.0,0.0,2.65,0.88,13.24,2,5,67.0,0.0,1.0,0.0,3.0,0.0,0.0,0.0,0.0,0.0,0.0,1.0,0.0,27.0,3951.0,2356.0,0.0,0.05,0.06999999999999999,0.12000000000000001,2.01,10.8,34.2,9.0,5.4,2.0,2.0,6.0,10.0
212,Will,Hughes,Hughes,a,,,4.5,435,258,9.6,42,16,0.0,421,171,0,0,0,0,0,30391,102689,0.0,0.0,0.0,0.0,0.0,421,171,,,402,159,396,168,330,125,412,164,4.0,,,,,,,0.0,0.0,0.0,0.0,0.0,0.0,0.0,0.0,0.0,2,0,0.0,0.0,0.0,0.0,0.0,0.0,0.0,0.0,0.0,0.0,0.0,0.0,0.0,0.0,32934.0,116769.0,0.0,0.0,0.0,0.0,0.0,0.0,0.0,0.0,0.0,0.0,0.0,0.0,0.0
213,Jefferson,Lerma Solís,Lerma,a,,,4.9,398,242,0.1,433,172,0.0,509,199,0,-1,1,-1,1,352,1381,0.0,0.0,0.0,0.0,0.0,509,199,,,492,188,493,196,438,154,501,192,,,,,,,,0.0,0.0,0.0,0.0,0.0,0.0,0.0,0.0,0.0,2,0,0.0,0.0,0.0,0.0,0.0,0.0,0.0,0.0,0.0,0.0,0.0,0.0,0.0,0.0,378.0,1623.0,0.0,0.0,0.0,0.0,0.0,0.0,0.0,0.0,0.0,0.0,0.0,0.0,0.0
214,Daichi,Kamada,Kamada,a,,,5.0,273,169,0.3,305,105,2.5,129,59,2,0,0,0,0,3387,3564,0.5,1.0,2.5,2.5,2.5,135,59,,,104,38,74,48,167,81,106,54,3.0,,,,,,,0.02,0.14,0.16,1.66,0.0,0.0,3.0,1.0,11.5,2,2,90.0,0.0,0.0,0.0,4.0,0.0,0.0,0.0,0.0,0.0,0.0,1.0,0.0,21.0,3755.0,4082.0,0.0,0.05,0.019999999999999962,0.07,2.21,17.6,2.8000000000000007,7.0,2.7,6.0,1.0,2.0,9.0
215,Justin,Devenny,Devenny,u,Has joined Stoke City permanently,,5.0,329,194,0.0,598,255,0.0,562,230,0,0,0,0,0,63,231,0.0,0.0,0.0,0.0,0.0,562,230,0.0,,549,222,555,228,515,196,557,225,,2.0,3.0,,,,,0.0,0.0,0.0,0.0,0.0,0.0,0.0,0.0,0.0,2,0,0.0,0.0,0.0,0.0,0.0,0.0,0.0,0.0,0.0,0.0,0.0,0.0,0.0,0.0,69.0,254.0,0.0,0.0,0.0,0.0,0.0,0.0,0.0,0.0,0.0,0.0,0.0,0.0,0.0
216,Romain,Esse,Esse,u,Has joined Millwall on loan for the rest of the season,,5.0,377,229,0.0,526,218,0.0,584,245,0,0,0,0,0,188,810,0.0,0.0,0.0,0.0,0.0,584,245,0.0,,572,239,578,244,546,219,580,242,,,,,,,,0.0,0.0,0.0,0.0,0.0,0.0,0.0,0.0,0.0,2,0,0.0,0.0,0.0,0.0,0.0,0.0,0.0,0.0,0.0,0.0,0.0,0.0,0.0,0.0,209.0,881.0,0.0,0.0,0.0,0.0,0.0,0.0,0.0,0.0,0.0,0.0,0.0,0.0,0.0
217,Matheus,França de Oliveira,M.França,a,,,4.9,416,254,0.0,543,223,0.0,521,207,0,-1,1,-1,1,907,913,0.0,0.0,0.0,0.0,0.0,521,207,,,504,196,506,204,452,163,513,200,,,,,,,,0.0,0.0,0.0,0.0,0.0,0.0,0.0,0.0,0.0,2,0,0.0,0.0,0.0,0.0,0.0,0.0,0.0,0.0,0.0,0.0,0.0,0.0,0.0,0.0,909.0,1048.0,0.0,0.0,0.0,0.0,0.0,0.0,0.0,0.0,0.0,0.0,0.0,0.0,0.0
218,Cheick,Doucouré,Doucouré,a,,,4.9,404,247,0.1,484,195,0.0,512,202,0,-1,1,-1,1,764,1057,0.0,0.0,0.0,0.0,0.0,512,202,,,495,191,497,199,443,158,504,195,,,,,,,,0.0,0.0,0.0,0.0,0.0,0.0,0.0,0.0,0.0,2,0,0.0,0.0,0.0,0.0,0.0,0.0,0.0,0.0,0.0,0.0,0.0,0.0,0.0,0.0,797.0,1234.0,0.0,0.0,0.0,0.0,0.0,0.0,0.0,0.0,0.0,0.0,0.0,0.0,0.0
219,Jesurun,Rak-Sakyi,J.Rak-Sakyi,a,,,5.0,310,186,0.0,617,265,0.0,554,226,0,0,0,0,0,39,86,0.0,0.0,0.0,0.0,0.0,554,226,,,541,218,545,224,503,191,549,221,,,,,,,,0.0,0.0,0.0,0.0,0.0,0.0,0.0,0.0,0.0,2,0,0.0,0.0,0.0,0.0,0.0,0.0,0.0,0.0,0.0,0.0,0.0,0.0,0.0,0.0,45.0,102.0,0.0,0.0,0.0,0.0,0.0,0.0,0.0,0.0,0.0,0.0,0.0,0.0,0.0
220,Rio,Cardines,Cardines,u,Has joined Bristol City on loan for the rest of the season,,4.5,546,148,0.0,640,211,0.0,486,185,0,0,0,0,0,0,34,0.0,0.0,0.0,0.0,0.0,486,185,0.0,0.0,468,186,469,187,413,177,478,186,,,,,,,,0.0,0.0,0.0,0.0,0.0,0.0,0.0,0.0,0.0,2,0,0.0,0.0,0.0,0.0,0.0,0.0,0.0,0.0,0.0,0.0,0.0,0.0,0.0,0.0,0.0,39.0,0.0,0.0,0.0,0.0,0.0,0.0,0.0,0.0,0.0,0.0,0.0,0.0,0.0
221,Joél,Drakes-Thomas,Drakes-Thomas,a,,,4.5,567,287,0.1,453,179,0.0,503,195,0,0,0,0,0,730,941,0.0,0.0,0.0,0.0,0.0,503,195,,,486,184,486,192,431,150,495,188,,,,,,,,0.0,0.0,0.0,0.0,0.0,0.0,0.0,0.0,0.0,2,0,0.0,0.0,0.0,0.0,0.0,0.0,0.0,0.0,0.0,0.0,0.0,0.0,0.0,0.0,773.0,1087.0,0.0,0.0,0.0,0.0,0.0,0.0,0.0,0.0,0.0,0.0,0.0,0.0,0.0
222,Jørgen,Strand Larsen,Strand Larsen,a,,,6.0,69,15,0.5,257,43,1.5,206,24,2,0,0,0,0,5503,6543,0.2,0.5,1.5,1.5,1.5,219,29,,,260,22,219,30,88,19,215,24,,,,,,,,0.3,0.01,0.31,2.17,0.0,0.0,3.03,1.01,4.04,2,2,62.0,0.0,0.0,0.0,3.0,0.0,0.0,0.0,0.0,0.0,0.0,1.0,0.0,13.0,5809.0,8156.0,0.0,0.04999999999999999,0.0,0.04999999999999999,2.01,5.2,0.2999999999999998,4.0,1.0,1.0,2.0,1.0,4.0
223,Jean-Philippe,Mateta,Mateta,i,Hamstring injury - Expected back 11 Oct,,6.4,51,12,2.8,110,17,1.0,265,30,0,-1,1,-1,1,1106,219184,0.2,0.3,0.0,1.0,2.0,185,22,0.0,,319,35,167,17,144,27,237,27,,,1.0,,,,,1.02,0.03,1.05,1.42,0.0,0.0,2.9,1.45,7.26,2,0,0.0,0.0,0.0,0.0,0.0,0.0,0.0,0.0,0.0,0.0,0.0,0.0,0.0,0.0,4650.0,234154.0,0.0,0.0,0.0,0.0,0.0,0.0,0.0,0.0,0.0,0.0,0.0,0.0,0.0
224,Eddie,Nketiah,Nketiah,a,,,5.5,142,35,0.5,253,41,1.5,195,21,2,0,0,0,0,9095,6571,0.3,0.5,1.5,1.5,1.5,209,26,,,216,19,62,3,63,14,103,14,,,,,,,,0.71,0.43,1.14,2.1,0.0,0.0,3.69,1.48,6.64,2,2,67.0,0.0,0.0,0.0,3.0,0.0,0.0,0.0,0.0,0.0,0.0,1.0,0.0,8.0,9637.0,7524.0,0.0,0.36,0.0,0.3600000000000001,2.0100000000000002,2.5999999999999996,10.600000000000001,8.0,2.1000000000000005,2.0,1.0,3.0,6.0
225,Christantus,Uche,Uche,u,has returned to Getafe CF,,5.0,391,65,0.0,652,78,0.0,590,66,0,0,0,0,0,0,0,0.0,0.0,0.0,0.0,0.0,590,66,0.0,0.0,578,59,585,64,555,61,586,64,,,,,,,,0.0,0.0,0.0,0.0,0.0,0.0,0.0,0.0,0.0,2,0,0.0,0.0,0.0,0.0,0.0,0.0,0.0,0.0,0.0,0.0,0.0,0.0,0.0,0.0,0.0,0.0,0.0,0.0,0.0,0.0,0.0,0.0,0.0,0.0,0.0,0.0,0.0,0.0,0.0
241,Dwight,McNeil,McNeil,a,,,5.5,162,100,0.1,377,143,1.5,198,94,1,0,0,0,0,379,1878,0.3,0.5,1.5,1.5,1.5,212,99,,,234,97,209,115,240,115,273,121,,,,,,,,0.05,0.02,0.07,1.26,0.0,0.0,3.21,1.07,7.5,2,1,22.0,0.0,0.0,0.0,1.0,0.0,0.0,0.0,0.0,0.0,0.0,0.0,0.0,2.0,512.0,2321.0,0.0,0.0,0.0,0.0,0.19999999999999996,0.40000000000000036,0.2999999999999998,0.0,0.09999999999999987,0.0,1.0,1.0,2.0
555,Remi,Matthews,Matthews,a,,,4.0,594,61,1.8,134,19,0.0,373,35,0,0,0,0,0,5968,7041,0.0,0.0,0.0,0.0,0.0,373,35,,,355,35,347,14,269,13,365,35,,,,,,,,0.0,0.0,0.0,0.0,0.0,0.0,0.0,0.0,0.0,2,0,0.0,0.0,0.0,0.0,0.0,0.0,0.0,0.0,0.0,0.0,0.0,0.0,0.0,0.0,6692.0,7774.0,0.0,0.0,0.0,0.0,0.0,0.0,0.0,0.0,0.0,0.0,0.0,0.0,0.0
577,Takehiro,Tomiyasu,Tomiyasu,a,,,4.5,469,108,0.3,291,109,1.0,219,76,1,0,0,0,0,1065,2651,0.2,0.4,1.0,1.0,1.0,243,87,,,206,87,221,70,218,80,251,93,,,,,,,,0.0,0.01,0.01,2.13,0.0,0.0,2.97,0.99,8.9,2,1,73.0,0.0,0.0,0.0,3.0,0.0,0.0,0.0,0.0,0.0,0.0,1.0,0.0,-3.0,1153.0,3134.0,0.0,0.0,0.0,0.0,2.01,12.6,1.3000000000000003,2.0,1.6,1.0,7.0,3.0,8.0
588,Anan,Khalaili,Khalaili,a,,,5.0,371,67,0.1,410,146,1.5,191,65,2,0,0,0,0,2452,1039,0.3,0.6,1.5,1.5,1.5,205,66,,,52,16,89,27,172,60,85,26,,,,,,,,0.02,0.13,0.15,1.88,0.0,0.0,2.48,0.83,18.99,2,2,74.0,0.0,0.0,0.0,3.0,0.0,0.0,0.0,1.0,0.0,0.0,1.0,0.0,9.0,2533.0,1209.0,0.0,0.02,0.0,0.01999999999999999,2.01,26.4,1.5,3.0,3.0999999999999996,10.0,4.0,5.0,14.0
595,Zavier,Gozo,Gozo,a,,,5.0,370,224,0.0,583,244,0.5,319,146,1,0,0,0,0,125,180,0.1,0.2,0.5,0.5,1.0,289,129,,,318,144,274,140,542,215,328,151,,,,,,,,0.0,0.0,0.0,0.82,0.0,0.0,4.09,0.0,4.09,2,1,22.0,0.0,0.0,0.0,1.0,0.0,0.0,0.0,0.0,0.0,0.0,0.0,0.0,3.0,135.0,206.0,0.0,0.0,0.0,0.0,0.2,1.4,1.3,0.0,0.3,1.0,0.0,0.0,1.0
633,Honest,Ahanor,Ahanor,a,,,4.5,553,149,0.0,645,213,0.0,493,186,0,0,0,0,0,88,13,0.0,0.0,1.8,1.8,0.0,493,186,,,475,187,476,188,420,178,485,187,,,,,,,,0.0,0.0,0.0,0.0,0.0,0.0,0.0,0.0,0.0,2,0,0.0,0.0,0.0,0.0,0.0,0.0,0.0,0.0,0.0,0.0,0.0,0.0,0.0,0.0,88.0,13.0,0.0,0.0,0.0,0.0,0.0,0.0,0.0,0.0,0.0,0.0,0.0,0.0,0.0
643,Ben,Chilwell,Chilwell,a,,,4.5,451,94,0.0,621,207,0.0,432,163,0,0,0,0,0,340,32,0.0,0.0,1.8,1.8,0.0,432,163,,,413,164,408,163,342,145,423,164,,,,,,,,0.0,0.0,0.0,0.0,0.0,0.0,0.0,0.0,0.0,2,0,0.0,0.0,0.0,0.0,0.0,0.0,0.0,0.0,0.0,0.0,0.0,0.0,0.0,0.0,340.0,32.0,0.0,0.0,0.0,0.0,0.0,0.0,0.0,0.0,0.0,0.0,0.0,0.0,0.0
644,Quinten,Timber,Timber,a,,,5.0,309,185,0.0,626,271,0.0,553,225,0,0,0,0,0,262,41,0.0,0.0,1.5,1.5,0.0,553,225,,,540,217,544,223,502,190,548,220,,,,,,,,0.0,0.0,0.0,0.0,0.0,0.0,0.0,0.0,0.0,2,0,0.0,0.0,0.0,0.0,0.0,0.0,0.0,0.0,0.0,0.0,0.0,0.0,0.0,0.0,262.0,41.0,0.0,0.0,0.0,0.0,0.0,0.0,0.0,0.0,0.0,0.0,0.0,0.0,0.0
647,Darío,Osorio,Osorio,a,,,5.5,191,120,0.0,625,270,0.0,619,267,0,0,0,0,0,258,18,0.0,0.0,2.0,2.0,0.0,619,267,,,611,264,616,266,606,259,616,265,,,,,,,,0.0,0.0,0.0,0.0,0.0,0.0,0.0,0.0,0.0,2,0,0.0,0.0,0.0,0.0,0.0,0.0,0.0,0.0,0.0,0.0,0.0,0.0,0.0,0.0,258.0,18.0,0.0,0.0,0.0,0.0,0.0,0.0,0.0,0.0,0.0,0.0,0.0,0.0,0.0
21,Christian,Nørgaard,Nørgaard,i,Groin injury - Unknown return date,,4.9,397,241,0.1,479,192,0.0,508,198,0,-1,1,-1,1,134,1784,0.0,0.0,0.0,0.0,0.0,508,198,0.0,0.0,491,187,492,195,437,153,500,191,,,,,,,,0.0,0.0,0.0,0.0,0.0,0.0,0.0,0.0,0.0,2,0,0.0,0.0,0.0,0.0,0.0,0.0,0.0,0.0,0.0,0.0,0.0,0.0,0.0,0.0,141.0,2103.0,0.0,0.0,0.0,0.0,0.0,0.0,0.0,0.0,0.0,0.0,0.0,0.0,0.0
209,Brennan,Johnson,Johnson,a,,,5.9,100,64,0.1,391,151,1.0,262,126,1,-1,1,-1,1,605,2652,0.2,0.3,1.0,1.0,1.0,325,154,,,273,125,321,163,620,266,313,144,,,,,,,,0.0,0.0,0.0,4.95,0.0,0.0,0.0,0.0,10.59,2,1,28.0,0.0,0.0,0.0,0.0,0.0,0.0,0.0,0.0,0.0,0.0,0.0,0.0,1.0,757.0,3124.0,0.0,0.0,0.0,0.0,1.58,1.2000000000000002,0.0,0.0,0.09999999999999998,1.0,0.0,1.0,2.0
226,Jordan,Pickford,Pickford,a,,,5.5,124,2,8.7,47,6,5.0,56,4,3,0,0,0,0,47543,62952,0.9,1.8,5.0,5.0,5.0,59,4,,,24,3,601,68,580,68,139,3,,,,,,,,0.0,0.01,0.01,2.06,4.0,0.5,0.5,1.0,0.0,2,3,90.0,0.0,0.0,0.0,1.0,0.0,0.0,0.0,0.0,0.0,4.0,1.0,0.0,22.0,55515.0,68267.0,0.0,0.0,0.0,0.0,2.16,31.599999999999998,0.0,0.0,3.2,0.0,4.0,11.0,0.0
227,Mark,Travers,Travers,a,,,5.0,290,12,0.0,523,58,0.0,544,69,0,0,0,0,0,244,451,0.0,0.0,0.0,0.0,0.0,544,69,,,532,69,533,60,488,60,539,69,,,,,,,,0.0,0.0,0.0,0.0,0.0,0.0,0.0,0.0,0.0,2,0,0.0,0.0,0.0,0.0,0.0,0.0,0.0,0.0,0.0,0.0,0.0,0.0,0.0,0.0,290.0,510.0,0.0,0.0,0.0,0.0,0.0,0.0,0.0,0.0,0.0,0.0,0.0,0.0,0.0
229,James,Tarkowski,Tarkowski,a,,,6.0,59,5,10.5,39,14,9.0,11,4,12,0,0,0,0,177604,62799,1.5,3.0,9.0,9.0,9.0,13,5,,,17,3,169,52,82,19,63,16,,,,,,,,0.08,0.0,0.08,2.06,0.0,0.5,0.5,1.0,9.5,2,12,90.0,1.0,0.0,0.0,1.0,0.0,0.0,0.0,0.0,0.0,0.0,1.0,2.0,27.0,182551.0,71355.0,0.0,0.09999999999999999,0.01,0.11,2.16,54.8,11.299999999999999,19.0,8.5,1.0,9.0,3.0,10.0
228,Tom,King,King,a,,,4.5,442,32,0.0,508,56,0.0,427,53,0,0,0,0,0,238,415,0.0,0.0,0.0,0.0,0.0,427,53,,,408,53,402,34,336,33,418,53,,,,,,,,0.0,0.0,0.0,0.0,0.0,0.0,0.0,0.0,0.0,2,0,0.0,0.0,0.0,0.0,0.0,0.0,0.0,0.0,0.0,0.0,0.0,0.0,0.0,0.0,259.0,463.0,0.0,0.0,0.0,0.0,0.0,0.0,0.0,0.0,0.0,0.0,0.0,0.0,0.0
230,Jarrad,Branthwaite,Branthwaite,a,,,5.5,181,23,1.8,136,55,5.0,58,23,4,0,0,0,0,13077,16236,0.9,1.8,5.0,5.0,5.0,62,24,,,86,39,238,78,48,7,95,33,,,,,,,,0.04,0.01,0.05,2.06,0.0,0.5,0.5,1.0,10.0,2,4,90.0,0.0,0.0,0.0,1.0,0.0,0.0,0.0,0.0,0.0,0.0,1.0,0.0,6.0,15512.0,18005.0,0.0,0.09,0.01,0.1,2.16,22.6,1.4999999999999998,33.0,5.699999999999999,1.0,11.0,3.0,12.0
231,Michael,Keane,Keane,a,,,4.9,396,72,1.1,185,72,0.0,507,191,0,-1,1,-1,1,1945,25578,0.0,0.0,0.0,0.0,0.0,507,191,,,490,192,491,193,436,184,499,192,,,,,,,,0.0,0.0,0.0,0.0,0.0,0.0,0.0,0.0,0.0,2,0,0.0,0.0,0.0,0.0,0.0,0.0,0.0,0.0,0.0,0.0,0.0,0.0,0.0,0.0,2268.0,30100.0,0.0,0.0,0.0,0.0,0.0,0.0,0.0,0.0,0.0,0.0,0.0,0.0,0.0
232,Jake,O'Brien,O'Brien,a,,,4.9,413,76,0.4,283,106,0.0,519,194,0,-1,1,-1,1,796,6510,0.0,0.0,0.0,0.0,0.0,519,194,,,502,195,504,196,450,187,511,195,,,,,,,,0.0,0.0,0.0,0.0,0.0,0.0,0.0,0.0,0.0,2,0,0.0,0.0,0.0,0.0,0.0,0.0,0.0,0.0,0.0,0.0,0.0,0.0,0.0,0.0,935.0,8190.0,0.0,0.0,0.0,0.0,0.0,0.0,0.0,0.0,0.0,0.0,0.0,0.0,0.0
233,Vitalii,Mykolenko,Mykolenko,a,,,4.5,470,109,1.7,140,58,5.0,52,21,4,0,0,0,0,32198,19296,1.1,2.2,5.0,5.0,5.0,55,22,,,57,20,149,45,219,81,126,45,,,,,,,,0.0,0.03,0.03,2.06,0.0,0.5,0.5,1.0,8.0,2,4,90.0,0.0,0.0,0.0,1.0,0.0,0.0,0.0,0.0,0.0,0.0,1.0,0.0,7.0,36081.0,21156.0,0.0,0.0,0.009999999999999995,0.009999999999999995,2.16,36.8,1.0,0.0,3.8000000000000003,1.0,11.0,7.0,12.0
234,Nathan,Patterson,Patterson,u,Has joined Torino permanently,,4.5,482,117,0.0,537,186,0.0,445,170,0,0,0,0,0,164,565,0.0,0.0,0.0,0.0,0.0,445,170,0.0,,426,171,423,171,360,156,436,171,,,,,,,,0.0,0.0,0.0,0.0,0.0,0.0,0.0,0.0,0.0,2,0,0.0,0.0,0.0,0.0,0.0,0.0,0.0,0.0,0.0,0.0,0.0,0.0,0.0,0.0,192.0,620.0,0.0,0.0,0.0,0.0,0.0,0.0,0.0,0.0,0.0,0.0,0.0,0.0,0.0
235,Adam,Aznou,Aznou,u,Has joined Malaga on loan for the rest of the season,,4.0,625,189,0.2,369,136,0.0,393,137,0,0,0,0,0,719,3039,0.0,0.0,0.0,0.0,0.0,393,137,0.0,,375,139,367,137,292,111,385,139,,,,,,,,0.0,0.0,0.0,0.0,0.0,0.0,0.0,0.0,0.0,2,0,0.0,0.0,0.0,0.0,0.0,0.0,0.0,0.0,0.0,0.0,0.0,0.0,0.0,0.0,819.0,3272.0,0.0,0.0,0.0,0.0,0.0,0.0,0.0,0.0,0.0,0.0,0.0,0.0,0.0
236,Kiernan,Dewsbury-Hall,Dewsbury-Hall,a,,,6.5,35,23,4.3,84,27,6.5,31,18,2,0,0,0,0,45787,70211,1.0,2.0,6.5,6.5,6.5,33,19,,,26,14,9,9,52,30,12,10,2.0,,,,,,,0.09,0.16,0.25,2.04,0.0,0.5,0.5,1.0,9.0,2,2,90.0,0.0,0.0,0.0,1.0,0.0,0.0,0.0,0.0,0.0,0.0,1.0,0.0,24.0,66901.0,75194.0,0.0,0.06,0.16,0.22000000000000003,2.16,19.400000000000006,52.3,9.0,8.099999999999998,3.0,0.0,7.0,10.0
238,Jack,Grealish,Grealish,a,,,6.5,34,22,0.2,316,111,0.5,354,167,0,0,0,0,0,5933,4354,0.1,0.2,0.5,0.5,1.0,336,162,100.0,100.0,328,150,303,153,641,282,339,158,,,,,,,,0.0,0.0,0.0,0.0,0.0,0.0,0.0,0.0,11.25,2,0,0.0,0.0,0.0,0.0,0.0,0.0,0.0,0.0,0.0,0.0,0.0,0.0,0.0,0.0,6067.0,4830.0,0.0,0.0,0.0,0.0,0.0,0.0,0.0,0.0,0.0,0.0,0.0,0.0,0.0
239,James,Garner,Garner,a,,,6.0,68,47,0.1,395,154,1.0,264,128,1,0,0,0,0,1962,2683,0.2,0.3,1.0,1.0,1.0,328,157,100.0,100.0,245,104,163,99,243,118,241,108,1.0,1.0,3.0,,,,,0.0,0.04,0.04,1.15,0.0,0.0,1.25,1.25,13.75,2,1,61.0,0.0,0.0,0.0,1.0,0.0,0.0,0.0,1.0,0.0,0.0,1.0,0.0,9.0,2287.0,2882.0,0.0,0.0,0.0,0.0,0.5800000000000001,3.3999999999999995,1.0999999999999996,0.0,0.5,3.0,0.0,7.0,10.0
242,Tyrique,George,George,a,,,5.5,198,125,0.3,313,109,2.5,140,66,2,0,0,0,0,1366,3512,0.5,0.9,2.5,2.5,2.5,145,66,,,217,87,59,44,44,27,82,47,,,,,,,,0.14,0.06,0.2,1.41,0.0,0.62,0.62,1.25,5.62,2,2,61.0,0.0,0.0,0.0,1.0,0.0,0.0,0.0,0.0,0.0,0.0,1.0,0.0,12.0,1796.0,3958.0,0.0,0.05000000000000002,0.009999999999999995,0.06,0.5800000000000001,6.0,12.200000000000003,16.0,3.4000000000000004,1.0,0.0,1.0,2.0
243,Carlos,Alcaraz Durán,Alcaraz,a,,,5.0,345,204,0.1,441,176,0.5,315,143,0,0,0,0,0,650,1509,0.1,0.2,0.5,0.5,0.5,350,167,,,275,126,291,147,75,42,225,99,,,,,,,,0.9,0.36,1.26,0.72,0.0,0.0,0.0,0.0,54.0,2,0,4.0,0.0,0.0,0.0,0.0,0.0,0.0,0.0,1.0,0.0,0.0,0.0,0.0,-2.0,744.0,1687.0,0.0,0.030000000000000002,0.02,0.05,0.0,0.0,0.5,8.0,0.5,0.0,0.0,0.0,0.0
244,Harrison,Armstrong,Armstrong,a,,,5.0,379,231,0.4,279,91,5.0,55,27,2,0,0,0,0,17020,7153,1.0,2.0,5.0,5.0,5.0,58,29,,,92,33,92,57,200,97,117,59,,,,,,,,0.0,0.04,0.04,2.11,0.0,0.51,0.51,1.02,12.78,2,2,86.0,0.0,0.0,0.0,1.0,0.0,0.0,0.0,0.0,0.0,0.0,1.0,0.0,12.0,19761.0,7592.0,0.0,0.0,0.030000000000000006,0.030000000000000006,2.16,11.2,12.3,0.0,2.4000000000000004,3.0,3.0,3.0,9.0
245,Tyler,Dibling,Dibling,a,,,5.4,229,142,0.0,530,220,0.0,603,255,0,-1,1,-1,1,290,693,0.0,0.0,0.0,0.0,0.0,603,255,,,591,250,596,254,571,234,598,252,,,,,,,,0.0,0.0,0.0,0.0,0.0,0.0,0.0,0.0,0.0,2,0,0.0,0.0,0.0,0.0,0.0,0.0,0.0,0.0,0.0,0.0,0.0,0.0,0.0,0.0,335.0,814.0,0.0,0.0,0.0,0.0,0.0,0.0,0.0,0.0,0.0,0.0,0.0,0.0,0.0
246,Merlin,Röhl,Röhl,a,,,5.0,349,206,0.1,490,199,2.5,130,60,2,0,0,0,0,451,844,0.5,1.0,2.5,2.5,2.5,136,60,,,167,60,146,87,234,111,192,86,,,,,,,,0.0,0.04,0.04,2.12,0.0,0.51,0.51,1.03,9.26,2,2,85.0,0.0,0.0,0.0,1.0,0.0,0.0,0.0,0.0,0.0,0.0,1.0,0.0,13.0,551.0,956.0,0.0,0.0,0.010000000000000009,0.010000000000000009,2.16,8.399999999999999,2.3000000000000007,0.0,1.1,3.0,2.0,4.0,9.0
247,Hayden,Hackney,Hackney,a,,,5.5,156,96,0.2,331,119,2.0,162,80,1,0,0,0,0,411,2999,0.4,0.7,2.0,1.0,2.0,173,83,100.0,50.0,199,78,156,93,177,87,204,90,3.0,,,,,,,0.01,0.02,0.03,2.72,0.0,0.85,0.0,0.85,8.49,2,1,28.0,0.0,0.0,0.0,0.0,0.0,0.0,0.0,0.0,0.0,0.0,0.0,0.0,3.0,437.0,4004.0,0.0,0.0,0.01,0.009999999999999998,1.58,7.799999999999999,1.4000000000000004,2.0,1.1,0.0,2.0,1.0,3.0
248,Norberto Bercique,Gomes Betuncal,Beto,u,Has joined Fiorentina permanently,,5.4,227,50,1.8,137,22,1.0,247,26,1,-1,1,-1,1,8513,53409,0.2,0.4,0.0,1.0,1.0,299,32,0.0,,301,31,316,38,195,33,302,36,,,4.0,,,,,0.26,0.0,0.26,5.57,0.0,0.0,0.0,0.0,2.9,2,1,20.0,0.0,0.0,0.0,0.0,0.0,0.0,0.0,0.0,0.0,0.0,0.0,0.0,2.0,9481.0,61800.0,0.0,0.039999999999999994,0.0,0.039999999999999994,1.5799999999999998,3.0,0.3,3.0,0.6000000000000001,0.0,1.0,0.0,1.0
249,Thierno,Barry,Barry,a,,,5.5,206,44,4.5,82,13,5.0,60,5,2,0,0,0,0,143190,68262,0.9,1.8,5.0,5.0,5.0,64,6,,,66,4,80,7,3,3,14,4,,,2.0,,,,,1.18,0.06,1.24,1.35,0.0,0.61,0.61,1.22,3.67,2,2,69.0,0.0,0.0,0.0,1.0,0.0,0.0,0.0,0.0,0.0,0.0,1.0,0.0,6.0,178859.0,73179.0,0.0,1.48,0.0,1.48,0.5800000000000001,10.0,11.7,58.0,8.0,0.0,2.0,1.0,3.0
649,Ainsley,Maitland-Niles,Maitland-Niles,a,,,4.5,445,89,0.0,634,209,0.0,429,161,0,0,0,0,0,244,48,0.0,0.0,1.8,1.8,0.0,429,161,,,410,162,405,161,339,143,420,162,,,,,,,,0.0,0.0,0.0,0.0,0.0,0.0,0.0,0.0,0.0,2,0,0.0,0.0,0.0,0.0,0.0,0.0,0.0,0.0,0.0,0.0,0.0,0.0,0.0,0.0,244.0,48.0,0.0,0.0,0.0,0.0,0.0,0.0,0.0,0.0,0.0,0.0,0.0,0.0,0.0
250,Bernd,Leno,Leno,a,,,4.5,427,25,3.1,103,18,2.5,120,9,3,0,0,0,0,27586,20225,0.6,1.1,2.5,2.5,2.5,126,9,,,62,8,392,27,324,26,174,9,,,,,,,,0.0,0.0,0.0,2.13,3.0,0.0,2.0,1.0,0.0,2,3,90.0,0.0,0.0,0.0,1.0,0.0,0.0,0.0,0.0,0.0,3.0,1.0,0.0,11.0,29999.0,22186.0,0.0,0.0,0.0,0.0,2.0199999999999996,19.199999999999996,0.0,0.0,1.9000000000000004,0.0,2.0,8.0,0.0
251,Benjamin,Lecomte,Lecomte,a,,,4.0,582,55,1.2,177,26,0.0,365,29,0,0,0,0,0,4890,5270,0.0,0.0,0.0,0.0,0.0,365,29,,,347,29,337,8,259,7,356,29,,,,,,,,0.0,0.0,0.0,0.0,0.0,0.0,0.0,0.0,0.0,2,0,0.0,0.0,0.0,0.0,0.0,0.0,0.0,0.0,0.0,0.0,0.0,0.0,0.0,0.0,5180.0,6110.0,0.0,0.0,0.0,0.0,0.0,0.0,0.0,0.0,0.0,0.0,0.0,0.0,0.0
252,Alfie,McNally,McNally,u,Has joined York City on loan for the rest of the season,,4.0,628,70,0.2,368,42,0.0,396,44,0,0,0,0,0,1784,1998,0.0,0.0,0.0,0.0,0.0,396,44,0.0,,378,44,370,23,295,22,388,44,,,,,,,,0.0,0.0,0.0,0.0,0.0,0.0,0.0,0.0,0.0,2,0,0.0,0.0,0.0,0.0,0.0,0.0,0.0,0.0,0.0,0.0,0.0,0.0,0.0,0.0,1928.0,2096.0,0.0,0.0,0.0,0.0,0.0,0.0,0.0,0.0,0.0,0.0,0.0,0.0,0.0
253,Joachim,Andersen,Andersen,a,,,5.0,260,40,0.1,398,142,0.5,301,111,1,0,0,0,0,4160,1732,0.1,0.2,0.5,0.5,1.0,266,103,100.0,100.0,191,82,161,48,227,85,211,82,,,,,,,,0.0,0.04,0.04,2.02,0.0,0.0,1.0,1.0,8.0,2,1,90.0,0.0,0.0,0.0,1.0,0.0,0.0,0.0,1.0,0.0,0.0,1.0,0.0,4.0,4708.0,1837.0,0.0,0.0,0.04,0.04,2.02,17.8,12.9,2.0,3.3,0.0,8.0,2.0,8.0
254,Antonee,Robinson,Robinson,a,,,4.5,449,93,1.6,145,61,1.5,179,61,2,0,0,0,0,10269,13294,0.3,0.7,1.5,1.5,1.5,194,63,,,132,60,82,25,209,76,138,51,,,2.0,,,,,0.07,0.03,0.1,2.23,0.0,0.0,2.11,1.05,5.26,2,2,90.0,0.0,0.0,0.0,1.0,0.0,0.0,0.0,0.0,0.0,0.0,1.0,0.0,10.0,11934.0,14548.0,0.0,0.0,0.019999999999999997,0.01999999999999999,2.0200000000000005,9.799999999999997,4.600000000000001,0.0,1.4000000000000004,3.0,0.0,2.0,3.0
255,Jorge,Cuenca Barreno,J.Cuenca,a,,,4.5,486,121,0.0,527,182,1.5,180,62,0,0,0,0,0,396,519,0.3,0.7,1.5,1.5,3.0,104,39,,,127,56,121,37,363,159,156,58,,,,,,,,0.0,0.03,0.03,2.24,0.0,0.0,3.0,1.0,10.0,2,0,0.0,0.0,0.0,0.0,0.0,0.0,0.0,0.0,0.0,0.0,0.0,0.0,0.0,0.0,536.0,571.0,0.0,0.0,0.0,0.0,0.0,0.0,0.0,0.0,0.0,0.0,0.0,0.0,0.0
257,Calvin,Bassey,Bassey,a,,,4.5,477,114,0.8,221,82,1.0,221,78,2,0,0,0,0,5952,6260,0.2,0.4,1.0,1.0,1.0,246,90,,,124,55,199,64,220,82,189,72,,,,,,,,0.01,0.02,0.03,2.13,0.0,0.0,2.0,1.0,5.5,2,2,90.0,0.0,0.0,0.0,1.0,0.0,0.0,0.0,0.0,0.0,0.0,1.0,0.0,13.0,6770.0,7235.0,0.0,0.0,0.009999999999999998,0.010000000000000002,2.0199999999999996,19.400000000000002,2.6000000000000005,0.0,2.2,1.0,6.0,6.0,7.0
258,Timothy,Castagne,Castagne,a,,,4.5,447,91,0.9,209,78,6.0,36,13,6,0,0,0,0,30992,7884,1.3,2.7,6.0,6.0,6.0,38,14,,,103,46,87,26,81,18,80,23,,,,,,,,0.05,0.1,0.15,1.43,0.0,0.57,1.72,1.15,4.59,2,6,67.0,0.0,0.0,1.0,0.0,0.0,0.0,0.0,0.0,0.0,0.0,1.0,0.0,18.0,33850.0,8458.0,0.0,0.0,0.0,0.0,0.2599999999999998,0.0,0.6999999999999993,0.0,0.0,1.0,1.0,2.0,2.0
261,Alex,Iwobi,Iwobi,a,,,5.5,127,82,0.9,205,64,2.0,159,79,2,0,0,0,0,5209,12938,0.4,0.7,2.0,2.0,2.0,171,82,,,158,57,37,30,238,114,114,58,1.0,1.0,3.0,,,,,0.0,0.22,0.22,2.13,0.0,0.0,2.0,1.0,7.0,2,2,90.0,0.0,0.0,0.0,1.0,0.0,0.0,0.0,0.0,0.0,0.0,1.0,0.0,20.0,6313.0,14653.0,0.0,0.01,0.4,0.41000000000000003,2.0199999999999996,11.999999999999998,35.5,2.0,5.0,1.0,1.0,2.0,4.0
262,Emile,Smith Rowe,Smith Rowe,a,,,5.5,145,90,0.3,294,99,0.5,332,156,1,0,0,0,0,1146,5048,0.1,0.2,0.5,0.5,1.0,310,145,,,272,124,113,69,175,86,208,92,,,,,,,,0.39,0.13,0.52,2.64,0.0,0.0,0.0,0.0,6.43,2,1,14.0,0.0,0.0,0.0,0.0,0.0,0.0,0.0,0.0,0.0,0.0,0.0,0.0,5.0,1424.0,5911.0,0.0,0.06,0.02,0.08,0.41,5.2,22.8,7.0,3.5,0.0,0.0,1.0,1.0
263,Kevin,Santos Lopes de Macedo,Kevin,a,,,5.4,233,146,0.0,494,202,1.0,248,116,1,-1,1,-1,1,368,1074,0.2,0.4,1.0,1.0,1.0,302,140,,,271,123,224,121,575,238,303,136,3.0,,,,,,,0.0,0.19,0.19,0.75,0.0,0.0,0.0,0.0,11.25,2,1,7.0,0.0,0.0,0.0,0.0,0.0,0.0,0.0,0.0,0.0,0.0,0.0,0.0,2.0,431.0,1218.0,0.0,0.0,0.04,0.04,0.17,0.0,1.5,0.0,0.10000000000000009,0.0,0.0,0.0,0.0
264,Oscar,Bobb,Bobb,a,,,5.5,180,112,0.3,290,97,2.5,136,63,3,0,0,0,0,3441,4719,0.5,0.9,2.5,2.5,2.5,141,63,,,198,77,97,60,132,67,154,73,2.0,,,,,,,0.0,0.18,0.18,1.67,0.0,0.68,2.03,1.35,7.44,2,3,67.0,0.0,0.0,1.0,0.0,0.0,0.0,0.0,0.0,0.0,0.0,1.0,0.0,8.0,4242.0,5116.0,0.0,0.0,0.010000000000000009,0.010000000000000009,0.26000000000000023,7.0,12.399999999999999,6.0,2.5,2.0,1.0,2.0,5.0
265,Sander,Berge,Berge,a,,,5.0,270,167,0.4,284,93,2.0,152,73,2,0,0,0,0,1457,4013,0.4,0.8,2.0,2.0,2.0,161,75,,,178,69,32,26,155,77,99,51,,,,,,,,0.02,0.13,0.15,2.37,0.0,0.0,2.34,1.17,3.51,2,2,82.0,0.0,0.0,0.0,1.0,0.0,0.0,0.0,0.0,0.0,0.0,1.0,0.0,14.0,1656.0,4542.0,0.0,0.0,0.2,0.2,1.8499999999999996,6.000000000000002,27.9,2.0,3.5999999999999996,0.0,0.0,2.0,2.0
266,Tom,Cairney,Cairney,i,Knee injury - Expected back 10 Oct,,5.0,239,150,0.0,624,269,0.0,525,211,0,0,0,0,0,16,67,0.0,0.0,0.0,0.0,0.0,525,211,0.0,0.0,508,200,510,208,457,167,517,204,,,,,,,,0.0,0.0,0.0,0.0,0.0,0.0,0.0,0.0,0.0,2,0,0.0,0.0,0.0,0.0,0.0,0.0,0.0,0.0,0.0,0.0,0.0,0.0,0.0,0.0,16.0,75.0,0.0,0.0,0.0,0.0,0.0,0.0,0.0,0.0,0.0,0.0,0.0,0.0,0.0
268,Josh,King,King,a,,,5.5,204,129,0.7,231,78,4.5,72,34,2,0,0,0,0,16304,10176,0.8,1.6,4.5,4.5,4.5,75,36,,,49,25,124,75,20,11,34,27,,,,,,,,0.32,0.04,0.36,2.13,0.0,0.0,2.0,1.0,6.0,2,2,90.0,0.0,0.0,0.0,1.0,0.0,0.0,0.0,0.0,0.0,0.0,1.0,0.0,8.0,23538.0,11103.0,0.0,0.47,0.030000000000000006,0.5,2.0199999999999996,10.600000000000001,4.500000000000002,21.0,3.5999999999999996,2.0,1.0,1.0,4.0
269,Ryan,Sessegnon,Sessegnon,a,,,4.5,454,96,0.4,275,102,1.0,217,74,1,0,0,0,0,677,3540,0.2,0.4,1.0,1.0,1.0,239,83,,,204,85,174,55,70,15,155,57,,,,,,,,0.12,0.28,0.4,4.15,0.0,0.0,2.31,0.0,4.62,2,1,22.0,0.0,0.0,0.0,1.0,0.0,0.0,0.0,0.0,0.0,0.0,0.0,0.0,3.0,822.0,4120.0,0.0,0.020000000000000004,0.12,0.14,1.77,8.6,11.0,8.0,2.8000000000000003,1.0,0.0,1.0,1.0
270,Harrison,Reed,Reed,a,,,4.5,444,259,1.3,162,49,0.0,428,172,0,0,0,0,0,6515,14952,0.0,0.0,0.0,0.0,0.0,428,172,,,409,160,404,169,338,126,419,165,,,,,,,,0.0,0.0,0.0,0.0,0.0,0.0,0.0,0.0,0.0,2,0,0.0,0.0,0.0,0.0,0.0,0.0,0.0,0.0,0.0,0.0,0.0,0.0,0.0,0.0,7139.0,17306.0,0.0,0.0,0.0,0.0,0.0,0.0,0.0,0.0,0.0,0.0,0.0,0.0,0.0
271,Rodrigo,Muniz Carvalho,Muniz,a,,,5.5,155,37,0.5,258,44,0.5,336,38,0,0,0,0,0,3401,8728,0.1,0.2,0.5,0.5,1.0,313,35,,,261,23,175,18,176,30,235,26,,,,,,,,0.22,0.0,0.22,0.34,0.0,0.0,0.0,0.0,11.25,2,0,0.0,0.0,0.0,0.0,0.0,0.0,0.0,0.0,0.0,0.0,0.0,0.0,0.0,0.0,3877.0,10029.0,0.0,0.0,0.0,0.0,0.0,0.0,0.0,0.0,0.0,0.0,0.0,0.0,0.0
272,Jonah,Kusi-Asare,Kusi-Asare,a,,,4.5,563,77,6.7,62,9,0.0,499,54,0,0,0,0,0,48154,54941,0.0,0.0,0.0,0.0,0.0,499,54,,,482,47,482,52,427,49,491,52,,,,,,,,0.0,0.0,0.0,0.0,0.0,0.0,0.0,0.0,0.0,2,0,0.0,0.0,0.0,0.0,0.0,0.0,0.0,0.0,0.0,0.0,0.0,0.0,0.0,0.0,51098.0,62028.0,0.0,0.0,0.0,0.0,0.0,0.0,0.0,0.0,0.0,0.0,0.0,0.0,0.0
24,Reiss,Nelson,Nelson,u,has departed the club as a free agent.,,5.5,138,86,0.0,611,260,0.0,611,260,0,0,0,0,0,4,261,0.0,0.0,0.0,0.0,0.0,611,260,0.0,,601,256,606,259,587,244,607,258,,,,,,,,0.0,0.0,0.0,0.0,0.0,0.0,0.0,0.0,0.0,2,0,0.0,0.0,0.0,0.0,0.0,0.0,0.0,0.0,0.0,0.0,0.0,0.0,0.0,0.0,13.0,292.0,0.0,0.0,0.0,0.0,0.0,0.0,0.0,0.0,0.0,0.0,0.0,0.0,0.0
25,Viktor,Gyökeres,Gyökeres,a,,,7.3,23,8,5.0,73,10,0.0,646,76,0,-1,1,-2,2,6823,148991,0.0,0.0,0.0,0.0,0.0,646,76,,,647,76,647,76,647,76,647,76,,,2.0,,,,,0.0,0.0,0.0,0.0,0.0,0.0,0.0,0.0,0.0,2,0,0.0,0.0,0.0,0.0,0.0,0.0,0.0,0.0,0.0,0.0,0.0,0.0,0.0,0.0,7697.0,190650.0,0.0,0.0,0.0,0.0,0.0,0.0,0.0,0.0,0.0,0.0,0.0,0.0,0.0
569,Gonzalo,García,Gonzalo,a,,,6.0,85,18,4.6,79,12,4.0,85,10,2,0,0,0,0,104409,59789,0.7,1.3,4.0,4.0,4.0,91,14,,,82,7,198,25,17,8,51,7,,,1.0,,,,,0.5,0.01,0.51,2.13,0.0,0.0,2.0,1.0,3.0,2,2,90.0,0.0,0.0,0.0,1.0,0.0,0.0,0.0,0.0,0.0,0.0,1.0,0.0,2.0,151986.0,63174.0,0.0,0.27,0.01,0.28,2.0199999999999996,5.599999999999994,2.8,24.0,3.200000000000001,0.0,2.0,2.0,4.0
570,César,Palacios,Palacios,a,,,5.5,202,128,0.2,345,126,1.5,200,96,1,0,0,0,0,748,2592,0.3,0.5,1.5,1.5,1.5,214,101,,,264,117,192,107,141,71,236,105,,,,,,,,0.11,0.01,0.12,2.34,0.0,0.0,2.45,1.22,7.96,2,1,75.0,0.0,0.0,0.0,1.0,0.0,0.0,0.0,1.0,0.0,0.0,1.0,0.0,6.0,870.0,2875.0,0.0,0.01999999999999999,0.0,0.01999999999999999,1.62,3.0,1.2999999999999998,3.0,0.7,0.0,3.0,6.0,9.0
580,Shea,Charles,Charles,a,,,5.0,316,189,0.1,456,182,1.0,238,109,1,0,0,0,0,269,942,0.2,0.4,1.0,1.0,1.0,277,120,,,288,132,217,119,186,91,283,126,,,,,,,,0.18,0.06,0.24,3.6,0.0,0.0,2.0,0.0,10.0,2,1,22.0,0.0,0.0,0.0,1.0,0.0,0.0,0.0,0.0,0.0,0.0,0.0,0.0,2.0,307.0,1082.0,0.0,0.09,0.03,0.12,1.77,0.6000000000000001,2.8,6.0,0.8999999999999999,0.0,1.0,1.0,2.0
610,Luc,De Fougerolles,De Fougerolles,d,Unspecified injury - 75% chance of playing,,4.0,634,197,0.1,419,148,0.0,401,144,0,0,0,0,0,2031,1582,0.0,0.0,0.0,0.0,0.0,401,144,75.0,75.0,383,146,375,144,300,118,393,146,,,,,,,,0.0,0.0,0.0,0.0,0.0,0.0,0.0,0.0,0.0,2,0,0.0,0.0,0.0,0.0,0.0,0.0,0.0,0.0,0.0,0.0,0.0,0.0,0.0,0.0,2430.0,1725.0,0.0,0.0,0.0,0.0,0.0,0.0,0.0,0.0,0.0,0.0,0.0,0.0,0.0
626,Macauley,Zepa,Zepa,a,,,4.5,558,283,0.3,300,103,0.0,496,192,0,0,0,0,0,16877,3606,0.0,0.0,1.0,1.0,0.0,496,192,,,478,180,479,189,423,147,488,185,,,,,,,,0.0,0.0,0.0,0.0,0.0,0.0,0.0,0.0,0.0,2,0,0.0,0.0,0.0,0.0,0.0,0.0,0.0,0.0,0.0,0.0,0.0,0.0,0.0,0.0,16877.0,3606.0,0.0,0.0,0.0,0.0,0.0,0.0,0.0,0.0,0.0,0.0,0.0,0.0,0.0
636,Manuel Ángel,Morán Ibáñez,Ángel,a,,,5.0,343,202,0.0,650,288,0.0,570,234,0,0,0,0,0,49,5,0.0,0.0,1.5,1.5,0.0,570,234,,,557,227,564,233,526,202,565,230,,,,,,,,0.0,0.0,0.0,0.0,0.0,0.0,0.0,0.0,0.0,2,0,0.0,0.0,0.0,0.0,0.0,0.0,0.0,0.0,0.0,0.0,0.0,0.0,0.0,0.0,49.0,5.0,0.0,0.0,0.0,0.0,0.0,0.0,0.0,0.0,0.0,0.0,0.0,0.0,0.0
650,David,Affengruber,Affengruber,a,,,4.5,493,127,0.0,644,212,0.0,451,175,0,0,0,0,0,91,12,0.0,0.0,1.8,1.8,0.0,451,175,,,432,176,429,176,368,163,442,176,,,,,,,,0.0,0.0,0.0,0.0,0.0,0.0,0.0,0.0,0.0,2,0,0.0,0.0,0.0,0.0,0.0,0.0,0.0,0.0,0.0,0.0,0.0,0.0,0.0,0.0,91.0,12.0,0.0,0.0,0.0,0.0,0.0,0.0,0.0,0.0,0.0,0.0,0.0,0.0,0.0
273,Dillon,Phillips,Phillips,a,,,4.0,592,60,1.5,151,22,0.0,372,34,0,0,0,0,0,6949,8379,0.0,0.0,0.0,0.0,0.0,372,34,,,354,34,345,13,267,12,363,34,,,,,,,,0.0,0.0,0.0,0.0,0.0,0.0,0.0,0.0,0.0,2,0,0.0,0.0,0.0,0.0,0.0,0.0,0.0,0.0,0.0,0.0,0.0,0.0,0.0,0.0,7369.0,9715.0,0.0,0.0,0.0,0.0,0.0,0.0,0.0,0.0,0.0,0.0,0.0,0.0,0.0
274,Jack,Butland,Butland,i,Arm injury - Unknown return date,,4.5,433,27,0.1,449,50,0.0,420,48,0,0,0,0,0,137,1250,0.0,0.0,0.0,0.0,0.0,420,48,0.0,0.0,401,48,395,29,329,28,411,48,,,,,,,,0.0,0.0,0.0,0.0,0.0,0.0,0.0,0.0,0.0,2,0,0.0,0.0,0.0,0.0,0.0,0.0,0.0,0.0,0.0,0.0,0.0,0.0,0.0,0.0,157.0,1448.0,0.0,0.0,0.0,0.0,0.0,0.0,0.0,0.0,0.0,0.0,0.0,0.0,0.0
275,Harvey,Cartwright,Cartwright,u,Has joined Grimsby Town on loan for the rest of the season,,4.0,623,69,0.0,605,71,0.0,391,43,0,0,0,0,0,0,74,0.0,0.0,0.0,0.0,0.0,391,43,0.0,0.0,373,43,365,22,290,21,383,43,,,,,,,,0.0,0.0,0.0,0.0,0.0,0.0,0.0,0.0,0.0,2,0,0.0,0.0,0.0,0.0,0.0,0.0,0.0,0.0,0.0,0.0,0.0,0.0,0.0,0.0,0.0,79.0,0.0,0.0,0.0,0.0,0.0,0.0,0.0,0.0,0.0,0.0,0.0,0.0,0.0
276,Thimothée,Lo-Tutala,Lo-Tutala,u,Has joined Colchester United on loan for the rest of the season,,4.0,612,66,0.0,541,61,0.0,384,40,0,0,0,0,0,0,233,0.0,0.0,0.0,0.0,0.0,384,40,0.0,0.0,366,40,358,19,282,18,376,40,,,,,,,,0.0,0.0,0.0,0.0,0.0,0.0,0.0,0.0,0.0,2,0,0.0,0.0,0.0,0.0,0.0,0.0,0.0,0.0,0.0,0.0,0.0,0.0,0.0,0.0,0.0,266.0,0.0,0.0,0.0,0.0,0.0,0.0,0.0,0.0,0.0,0.0,0.0,0.0,0.0
277,John,Egan,Egan,a,,,4.0,585,162,4.7,77,33,8.5,12,5,9,0,0,0,0,242894,38947,2.1,4.2,8.5,8.5,8.5,14,6,,,21,5,304,113,216,78,122,43,,,,,,,,0.0,0.0,0.0,1.56,0.0,1.0,0.0,1.0,17.0,2,9,90.0,0.0,0.0,1.0,0.0,0.0,0.0,0.0,0.0,0.0,0.0,1.0,1.0,25.0,246897.0,41025.0,0.0,0.0,0.0,0.0,1.29,23.800000000000004,0.4,0.0,2.4000000000000004,1.0,12.0,1.0,13.0
12,Bukayo,Saka,Saka,a,,,9.5,4,3,10.6,37,14,10.0,7,3,11,0,0,0,0,98852,73317,1.1,2.1,10.0,10.0,10.0,8,4,,,6,5,66,45,10,6,7,6,2.0,2.0,1.0,,,,,0.73,0.07,0.8,0.22,0.0,1.15,0.0,1.15,10.32,2,11,90.0,1.0,0.0,1.0,0.0,0.0,0.0,0.0,0.0,0.0,0.0,1.0,3.0,46.0,110559.0,80362.0,0.0,0.63,0.039999999999999994,0.6699999999999999,0.33,41.0,8.0,44.0,9.3,2.0,3.0,6.0,11.0
14,Eberechi,Eze,Eze,a,,,6.4,52,36,1.5,152,44,1.0,266,129,1,-1,1,-1,1,6558,31648,0.2,0.3,1.0,1.0,1.0,333,159,,,316,142,220,120,215,104,307,140,,3.0,,,,,,0.06,0.11,0.17,0.59,0.0,0.0,0.0,0.0,7.63,2,1,45.0,0.0,0.0,0.0,0.0,0.0,0.0,0.0,0.0,0.0,0.0,0.0,0.0,6.0,7168.0,37717.0,0.0,0.0,0.07,0.07,0.24000000000000002,1.6,1.9999999999999998,2.0,0.6,0.0,0.0,3.0,3.0
452,Bruno,Guimarães Rodriguez Moura,Bruno G.,a,,,6.8,31,20,2.2,121,36,0.5,356,169,1,-1,1,-2,2,4422,49872,0.1,0.1,0.5,0.4,1.0,338,164,100.0,75.0,320,145,294,149,245,119,322,147,5.0,,4.0,,,,,0.0,0.05,0.05,0.0,0.0,0.0,0.0,0.0,14.21,2,1,19.0,0.0,0.0,0.0,0.0,0.0,0.0,0.0,0.0,0.0,0.0,0.0,0.0,4.0,4524.0,66671.0,0.0,0.0,0.01,0.01,0.0,1.4,0.8,2.0,0.4,0.0,0.0,3.0,3.0
278,Charlie,Hughes,Hughes,i,Groin injury - Unknown return date,,4.0,627,191,0.1,435,153,0.0,395,139,0,0,0,0,0,93,1482,0.0,0.0,0.0,0.0,0.0,395,139,0.0,0.0,377,141,369,139,294,113,387,141,,,,,,,,0.0,0.0,0.0,0.0,0.0,0.0,0.0,0.0,0.0,2,0,0.0,0.0,0.0,0.0,0.0,0.0,0.0,0.0,0.0,0.0,0.0,0.0,0.0,0.0,103.0,1707.0,0.0,0.0,0.0,0.0,0.0,0.0,0.0,0.0,0.0,0.0,0.0,0.0,0.0
279,Semi,Ajayi,Ajayi,a,,,4.1,574,159,8.5,48,17,10.0,3,1,6,1,-1,1,-1,495016,44483,2.4,4.9,10.0,10.0,10.0,4,1,100.0,100.0,31,9,282,101,54,10,73,19,,,,,,,,0.31,0.0,0.31,1.26,0.0,1.18,0.0,1.18,8.24,2,6,90.0,0.0,0.0,1.0,0.0,0.0,0.0,0.0,0.0,0.0,0.0,1.0,0.0,24.0,516361.0,46320.0,0.0,0.0,0.0,0.0,1.29,15.599999999999994,0.8,0.0,1.5999999999999996,2.0,5.0,5.0,7.0
280,Lewie,Coyle,Coyle,d,Unspecified injury - 75% chance of playing,,4.0,598,170,0.5,250,94,3.0,98,38,0,0,0,0,0,1260,7514,0.8,1.5,2.2,3.0,3.0,103,38,75.0,100.0,231,95,173,54,272,99,245,91,,,,,,,,0.0,0.01,0.01,1.78,0.0,0.79,0.0,1.58,4.74,2,0,45.0,0.0,0.0,0.0,0.0,0.0,0.0,0.0,1.0,0.0,0.0,1.0,0.0,2.0,2085.0,8048.0,0.0,0.0,0.0,0.0,1.09,4.6000000000000005,0.29999999999999893,0.0,0.5000000000000002,0.0,4.0,1.0,4.0
281,Cody,Drameh,Drameh,u,Has joined Genoa permanently,,4.0,609,178,0.1,465,164,1.0,210,68,1,0,0,0,0,1010,1151,0.2,0.5,0.0,1.0,1.0,227,72,0.0,100.0,256,100,311,117,247,90,299,108,,,,,,,,0.07,0.0,0.07,1.2,0.0,0.0,0.0,0.0,8.31,2,1,45.0,0.0,0.0,0.0,0.0,0.0,0.0,0.0,0.0,0.0,0.0,0.0,0.0,4.0,1137.0,1208.0,0.0,0.0,0.0,0.0,0.19999999999999996,4.2,0.4,0.0,0.5,0.0,3.0,2.0,3.0
282,Ryan,Giles,Giles,a,,,4.0,606,177,1.1,187,73,6.0,35,12,6,0,0,0,0,19674,6140,1.5,3.0,6.0,6.0,6.0,37,13,,,162,74,69,17,183,62,137,50,1.0,1.0,,,,,,0.01,0.07,0.08,1.58,0.0,1.03,0.0,1.03,4.14,2,6,90.0,0.0,0.0,1.0,0.0,0.0,0.0,0.0,0.0,0.0,0.0,1.0,0.0,21.0,21058.0,6961.0,0.0,0.0,0.07,0.07,1.2899999999999998,9.599999999999998,14.999999999999996,2.0,2.7,1.0,1.0,4.0,2.0
283,Matty,Jacob,Jacob,u,Has joined Newport County on loan until January,,4.0,613,180,0.0,594,200,0.0,385,132,0,0,0,0,0,57,162,0.0,0.0,0.0,0.0,0.0,385,132,0.0,0.0,367,134,359,132,283,105,377,134,,,,,,,,0.0,0.0,0.0,0.0,0.0,0.0,0.0,0.0,0.0,2,0,0.0,0.0,0.0,0.0,0.0,0.0,0.0,0.0,0.0,0.0,0.0,0.0,0.0,0.0,67.0,193.0,0.0,0.0,0.0,0.0,0.0,0.0,0.0,0.0,0.0,0.0,0.0,0.0,0.0
284,Cathal,McCarthy,McCarthy,a,,,4.0,652,214,0.1,439,154,0.0,415,157,0,0,0,0,0,1163,999,0.0,0.0,0.0,0.0,0.0,415,157,,,397,159,389,157,317,134,407,159,,,,,,,,0.0,0.0,0.0,0.0,0.0,0.0,0.0,0.0,0.0,2,0,0.0,0.0,0.0,0.0,0.0,0.0,0.0,0.0,0.0,0.0,0.0,0.0,0.0,0.0,1240.0,1117.0,0.0,0.0,0.0,0.0,0.0,0.0,0.0,0.0,0.0,0.0,0.0,0.0,0.0
285,Paddy,McNair,McNair,a,,,4.0,590,164,0.1,400,144,0.5,271,87,0,0,0,0,0,769,1203,0.1,0.2,0.5,0.5,1.0,223,68,,,282,105,344,124,266,95,314,112,,,,,,,,0.0,0.0,0.0,3.32,0.0,0.0,0.0,0.0,6.92,2,0,0.0,0.0,0.0,0.0,0.0,0.0,0.0,0.0,0.0,0.0,0.0,0.0,0.0,0.0,832.0,1315.0,0.0,0.0,0.0,0.0,0.0,0.0,0.0,0.0,0.0,0.0,0.0,0.0,0.0
286,Mohamed,Belloumi,Belloumi,a,,,5.0,361,216,0.8,216,70,4.5,68,33,6,0,0,0,0,21243,7848,0.9,1.8,4.5,4.5,4.5,72,35,,,121,44,153,92,96,50,130,66,3.0,2.0,,,,,,0.09,0.03,0.12,1.54,0.0,1.05,0.0,1.05,10.47,2,6,82.0,0.0,1.0,1.0,0.0,0.0,0.0,0.0,0.0,0.0,0.0,1.0,0.0,23.0,23453.0,8583.0,0.0,0.12000000000000001,0.020000000000000004,0.14,1.1099999999999999,23.199999999999996,12.100000000000001,11.0,4.6,2.0,3.0,5.0,10.0
287,Liam,Millar,Millar,u,Has joined Birmingham on loan for the rest of the season,,5.0,294,178,0.1,458,183,3.0,103,45,6,0,0,0,0,2873,1733,0.6,1.2,0.0,3.0,3.0,109,46,0.0,,114,42,281,144,114,59,165,79,,,,,,,,1.04,0.0,1.04,1.57,0.0,0.0,0.0,0.0,7.2,2,6,31.0,1.0,0.0,0.0,0.0,0.0,0.0,0.0,0.0,0.0,0.0,0.0,0.0,24.0,2910.0,1928.0,0.0,0.58,0.0,0.58,0.19999999999999996,34.0,0.8,13.0,4.8,0.0,1.0,0.0,1.0
288,Kieran,Dowell,Dowell,a,,,4.5,450,260,0.4,281,92,0.0,431,173,0,0,0,0,0,4729,4684,0.0,0.0,0.0,0.0,0.0,431,173,,,412,161,407,170,341,127,422,166,,,,,,,,0.0,0.0,0.0,0.0,0.0,0.0,0.0,0.0,0.0,2,0,0.0,0.0,0.0,0.0,0.0,0.0,0.0,0.0,0.0,0.0,0.0,0.0,0.0,0.0,4940.0,5316.0,0.0,0.0,0.0,0.0,0.0,0.0,0.0,0.0,0.0,0.0,0.0,0.0,0.0
289,Matt,Crooks,Crooks,d,Thigh injury - 75% chance of playing,,4.5,432,257,0.6,243,83,1.0,216,102,0,0,0,0,0,2610,12013,0.2,0.4,0.8,1.0,2.0,152,70,75.0,,182,70,234,126,328,124,250,113,,,,,,,,0.0,0.0,0.0,1.83,0.0,1.0,0.0,1.0,9.0,2,0,0.0,0.0,0.0,0.0,0.0,0.0,0.0,0.0,0.0,0.0,0.0,0.0,0.0,0.0,4182.0,12898.0,0.0,0.0,0.0,0.0,0.0,0.0,0.0,0.0,0.0,0.0,0.0,0.0,0.0
290,Regan,Slater,Slater,a,,,4.5,480,263,4.7,78,24,4.0,77,35,2,0,0,0,0,119012,49742,0.9,1.8,4.0,4.0,4.0,80,37,,,140,51,116,71,221,105,160,75,2.0,,,,,,,0.0,0.22,0.22,1.56,0.0,1.0,0.0,1.0,6.5,2,2,90.0,0.0,0.0,1.0,0.0,0.0,0.0,0.0,1.0,0.0,0.0,1.0,0.0,6.0,136429.0,53255.0,0.0,0.0,0.010000000000000009,0.010000000000000009,1.29,9.8,2.8000000000000007,2.0,1.5,4.0,2.0,4.0,10.0
291,Eliot,Matazo,Matazo,i,Knee injury - Unknown return date,,4.5,499,265,0.0,612,261,0.0,453,176,0,0,0,0,0,80,102,0.0,0.0,0.0,0.0,0.0,453,176,0.0,0.0,434,164,432,173,372,131,444,169,,,,,,,,0.0,0.0,0.0,0.0,0.0,0.0,0.0,0.0,0.0,2,0,0.0,0.0,0.0,0.0,0.0,0.0,0.0,0.0,0.0,0.0,0.0,0.0,0.0,0.0,91.0,112.0,0.0,0.0,0.0,0.0,0.0,0.0,0.0,0.0,0.0,0.0,0.0,0.0,0.0
292,Abdülkadir,Ömür,Ömür,a,,,5.0,271,168,0.0,575,239,0.0,536,217,0,0,0,0,0,190,381,0.0,0.0,0.0,0.0,0.0,536,217,,,524,209,525,214,479,178,531,211,,,,,,,,0.0,0.0,0.0,0.0,0.0,0.0,0.0,0.0,0.0,2,0,0.0,0.0,0.0,0.0,0.0,0.0,0.0,0.0,0.0,0.0,0.0,0.0,0.0,0.0,210.0,437.0,0.0,0.0,0.0,0.0,0.0,0.0,0.0,0.0,0.0,0.0,0.0,0.0,0.0
293,Abu,Kamara,Kamara,u,Has joined Portsmouth permanently,,5.0,331,196,0.0,633,277,0.0,563,231,0,0,0,0,0,0,87,0.0,0.0,0.0,0.0,0.0,563,231,0.0,0.0,551,224,557,230,517,198,559,227,,,,,,,,0.0,0.0,0.0,0.0,0.0,0.0,0.0,0.0,0.0,2,0,0.0,0.0,0.0,0.0,0.0,0.0,0.0,0.0,0.0,0.0,0.0,0.0,0.0,0.0,0.0,105.0,0.0,0.0,0.0,0.0,0.0,0.0,0.0,0.0,0.0,0.0,0.0,0.0,0.0
294,Óscar,Zambrano,Zambrano,i,Thigh injury - Unknown return date,,4.5,533,273,0.1,434,173,0.0,477,184,0,0,0,0,0,573,1636,0.0,0.0,0.0,0.0,0.0,477,184,0.0,0.0,458,172,460,181,402,139,468,177,,,,,,,,0.0,0.0,0.0,0.0,0.0,0.0,0.0,0.0,0.0,2,0,0.0,0.0,0.0,0.0,0.0,0.0,0.0,0.0,0.0,0.0,0.0,0.0,0.0,0.0,651.0,1818.0,0.0,0.0,0.0,0.0,0.0,0.0,0.0,0.0,0.0,0.0,0.0,0.0,0.0
295,Oli,McBurnie,McBurnie,a,,,5.5,129,32,2.1,124,18,3.0,107,13,1,0,0,0,0,32354,38070,0.5,1.1,3.0,3.0,3.0,113,17,,,188,17,64,5,23,10,53,8,,,1.0,,,,,0.08,0.01,0.09,1.56,0.0,1.0,0.0,1.0,4.5,2,1,90.0,0.0,0.0,1.0,0.0,0.0,0.0,0.0,1.0,0.0,0.0,1.0,0.0,7.0,47344.0,41089.0,0.0,0.0,0.01,0.009999999999999981,1.29,0.8000000000000007,13.299999999999997,8.0,2.1999999999999993,0.0,0.0,4.0,4.0
296,David,Akintola,Akintola,a,,,5.0,275,171,0.0,506,209,0.0,538,218,0,0,0,0,0,1102,1124,0.0,0.0,0.0,0.0,0.0,538,218,,,526,210,527,215,481,179,533,212,,,,,,,,0.0,0.0,0.0,0.0,0.0,0.0,0.0,0.0,0.0,2,0,0.0,0.0,0.0,0.0,0.0,0.0,0.0,0.0,0.0,0.0,0.0,0.0,0.0,0.0,1191.0,1233.0,0.0,0.0,0.0,0.0,0.0,0.0,0.0,0.0,0.0,0.0,0.0,0.0,0.0
297,Darko,Gyabi,Gyabi,i,Thigh injury - Unknown return date,,4.5,500,266,0.0,560,232,0.0,454,177,0,0,0,0,0,100,365,0.0,0.0,0.0,0.0,0.0,454,177,0.0,0.0,435,165,433,174,373,132,445,170,,,,,,,,0.0,0.0,0.0,0.0,0.0,0.0,0.0,0.0,0.0,2,0,0.0,0.0,0.0,0.0,0.0,0.0,0.0,0.0,0.0,0.0,0.0,0.0,0.0,0.0,109.0,400.0,0.0,0.0,0.0,0.0,0.0,0.0,0.0,0.0,0.0,0.0,0.0,0.0,0.0
298,Enis,Destan,Destan,u,Has joined Konyaspor permanently,,4.5,518,68,0.3,309,52,0.0,463,46,0,0,0,0,0,0,4768,0.0,0.0,0.0,0.0,0.0,463,46,0.0,0.0,444,38,446,44,388,40,454,43,,,,,,,,0.0,0.0,0.0,0.0,0.0,0.0,0.0,0.0,0.0,2,0,0.0,0.0,0.0,0.0,0.0,0.0,0.0,0.0,0.0,0.0,0.0,0.0,0.0,0.0,0.0,5491.0,0.0,0.0,0.0,0.0,0.0,0.0,0.0,0.0,0.0,0.0,0.0,0.0,0.0
299,Mason,Burstow,Burstow,u,Has joined Sheffield Wednesday on loan for the rest of the season,,4.5,526,69,0.0,507,67,0.0,471,47,0,0,0,0,0,0,685,0.0,0.0,0.0,0.0,0.0,471,47,0.0,0.0,452,39,454,45,396,41,462,44,,,,,,,,0.0,0.0,0.0,0.0,0.0,0.0,0.0,0.0,0.0,2,0,0.0,0.0,0.0,0.0,0.0,0.0,0.0,0.0,0.0,0.0,0.0,0.0,0.0,0.0,0.0,778.0,0.0,0.0,0.0,0.0,0.0,0.0,0.0,0.0,0.0,0.0,0.0,0.0,0.0
340,Joe,Gelhardt,Gelhardt,a,,,5.0,315,188,0.0,597,254,0.0,557,227,0,0,0,0,0,46,186,0.0,0.0,0.0,0.0,0.0,557,227,100.0,0.0,544,219,548,225,506,192,552,222,,,,,,,,0.0,0.0,0.0,0.0,0.0,0.0,0.0,0.0,0.0,2,0,0.0,0.0,0.0,0.0,0.0,0.0,0.0,0.0,0.0,0.0,0.0,0.0,0.0,0.0,51.0,226.0,0.0,0.0,0.0,0.0,0.0,0.0,0.0,0.0,0.0,0.0,0.0,0.0,0.0
556,Matt,Targett,Targett,a,,,4.0,593,166,2.1,123,52,0.5,273,89,0,0,0,0,0,8526,18595,0.1,0.2,0.5,0.5,1.0,225,70,,,331,123,346,125,268,96,364,127,,,,,,,,0.0,0.0,0.0,1.26,0.0,0.0,0.0,0.0,0.0,2,0,0.0,0.0,0.0,0.0,0.0,0.0,0.0,0.0,0.0,0.0,0.0,0.0,0.0,0.0,9097.0,20895.0,0.0,0.0,0.0,0.0,0.0,0.0,0.0,0.0,0.0,0.0,0.0,0.0,0.0
563,Hidemasa,Morita,Morita,a,,,5.0,307,183,0.0,553,227,0.5,309,138,1,0,0,0,0,343,256,0.1,0.2,0.5,0.5,1.0,275,118,100.0,100.0,230,95,157,94,500,188,239,107,,,,,,,,0.0,0.0,0.0,2.18,0.0,0.0,0.0,2.0,6.0,2,1,45.0,0.0,0.0,0.0,0.0,0.0,0.0,0.0,0.0,0.0,0.0,1.0,0.0,6.0,370.0,276.0,0.0,0.0,0.0,0.0,1.09,11.0,13.4,0.0,2.4,0.0,2.0,1.0,3.0
572,Konstantinos,Tzolakis,Tzolakis,a,,,4.6,422,22,7.3,58,9,10.0,4,1,10,1,-1,1,-1,294180,39167,2.2,4.3,10.0,10.0,10.0,5,1,,,29,5,489,51,434,50,142,4,,,,,,,,0.0,0.0,0.0,1.56,4.0,1.0,0.0,1.0,0.0,2,10,90.0,0.0,0.0,1.0,0.0,0.0,0.0,0.0,0.0,0.0,3.0,1.0,3.0,32.0,311367.0,41675.0,0.0,0.0,0.0,0.0,1.29,26.199999999999996,0.0,0.0,2.5999999999999996,0.0,0.0,11.0,0.0
576,Elliot,Stroud,Stroud,a,,,5.0,378,230,0.1,438,175,1.5,192,91,0,0,0,0,0,626,1253,0.3,0.6,1.5,1.5,1.5,206,96,,,243,103,189,105,173,84,247,111,,,,,,,,0.01,0.03,0.04,1.58,0.0,0.7,0.0,1.41,9.14,2,0,58.0,0.0,0.0,0.0,0.0,0.0,0.0,0.0,1.0,0.0,0.0,1.0,0.0,-2.0,866.0,1381.0,0.0,0.01,0.010000000000000002,0.020000000000000004,1.09,0.0,4.3,7.0,0.9000000000000001,0.0,2.0,5.0,7.0
585,Lucas,Herrington,Herrington,a,,,4.0,645,207,0.6,238,87,1.0,214,72,1,0,0,0,0,2884,4009,0.2,0.5,1.0,1.0,1.0,231,76,,,228,93,322,118,311,128,291,105,,,,,,,,0.0,0.0,0.0,1.83,0.0,0.0,0.0,0.0,7.89,2,1,31.0,0.0,0.0,0.0,0.0,0.0,0.0,0.0,0.0,0.0,0.0,0.0,0.0,3.0,3073.0,4637.0,0.0,0.0,0.0,0.0,0.19999999999999996,3.0,0.2,0.0,0.30000000000000004,0.0,1.0,0.0,1.0
4,Gabriel,dos Santos Magalhães,Gabriel,a,,,8.0,7,1,26.1,10,2,6.5,33,11,8,0,0,0,0,38025,254358,0.8,1.6,6.5,6.5,6.5,35,12,,,154,69,210,67,182,61,207,81,,,,,,,,0.09,0.02,0.11,0.26,0.0,1.0,0.0,1.0,7.0,2,8,90.0,0.0,0.0,1.0,0.0,0.0,0.0,0.0,0.0,0.0,0.0,1.0,0.0,23.0,44779.0,274597.0,0.0,0.13,0.019999999999999997,0.15,0.33,18.200000000000003,3.2,6.0,2.7,2.0,8.0,5.0,10.0
574,Jens,Hjertø-Dahl,Hjertø-Dahl,a,,,5.0,368,222,0.1,476,190,0.0,582,243,0,0,0,0,0,287,1152,0.0,0.0,0.0,0.0,0.0,582,243,,,569,236,576,242,540,213,577,239,,,,,,,,0.0,0.0,0.0,0.0,0.0,0.0,0.0,0.0,0.0,2,0,0.0,0.0,0.0,0.0,0.0,0.0,0.0,0.0,0.0,0.0,0.0,0.0,0.0,0.0,321.0,1324.0,0.0,0.0,0.0,0.0,0.0,0.0,0.0,0.0,0.0,0.0,0.0,0.0,0.0
586,Nobel,Mendy,Mendy,a,,,4.0,647,209,5.5,66,27,8.0,17,7,1,0,0,0,0,133445,53967,2.0,4.0,8.0,8.0,8.0,19,8,100.0,100.0,7,1,296,109,45,5,43,6,,,,,,,,0.22,0.0,0.22,1.45,0.0,0.74,0.0,1.49,16.36,2,1,58.0,0.0,0.0,0.0,0.0,0.0,0.0,0.0,0.0,0.0,0.0,1.0,0.0,9.0,177192.0,56839.0,0.0,0.009999999999999953,0.0,0.009999999999999953,1.0899999999999999,27.60000000000001,0.0,7.0,3.5,2.0,7.0,2.0,9.0
589,Lucas,Gourna-Douath,Gourna-Douath,a,,,5.0,321,191,0.0,546,224,0.5,312,140,1,0,0,0,0,183,274,0.1,0.2,0.5,0.5,1.0,278,121,,,218,88,286,145,510,194,284,127,,,,,,,,0.0,0.02,0.02,0.4,0.0,0.0,0.0,0.0,12.0,2,1,45.0,0.0,0.0,0.0,0.0,0.0,0.0,0.0,0.0,0.0,0.0,0.0,0.0,6.0,199.0,345.0,0.0,0.0,0.01,0.01,0.2,12.8,0.9,0.0,1.4,3.0,1.0,2.0,6.0
632,Ilyas,Ansah,Ansah,a,,,5.0,384,62,0.0,592,73,0.0,586,63,0,0,0,0,0,870,72,0.0,0.0,1.4,1.4,0.0,586,63,,,574,56,580,61,549,58,582,61,,,,,,,,0.0,0.0,0.0,0.0,0.0,0.0,0.0,0.0,0.0,2,0,0.0,0.0,0.0,0.0,0.0,0.0,0.0,0.0,0.0,0.0,0.0,0.0,0.0,0.0,870.0,72.0,0.0,0.0,0.0,0.0,0.0,0.0,0.0,0.0,0.0,0.0,0.0,0.0,0.0
638,Brooke,Norton-Cuffy,Norton-Cuffy,a,,,4.0,624,188,0.1,481,170,0.0,392,136,0,0,0,0,0,2527,269,0.0,0.0,1.0,1.0,0.0,392,136,,,374,138,366,136,291,110,384,138,,,,,,,,0.0,0.0,0.0,0.0,0.0,0.0,0.0,0.0,0.0,2,0,0.0,0.0,0.0,0.0,0.0,0.0,0.0,0.0,0.0,0.0,0.0,0.0,0.0,0.0,2527.0,269.0,0.0,0.0,0.0,0.0,0.0,0.0,0.0,0.0,0.0,0.0,0.0,0.0,0.0
642,Sorba,Thomas,Thomas,a,,,5.5,154,95,0.0,629,273,0.0,614,263,0,0,0,0,0,212,18,0.0,0.0,2.0,2.0,0.0,614,263,,,604,259,610,262,595,251,610,261,,,,,,,,0.0,0.0,0.0,0.0,0.0,0.0,0.0,0.0,0.0,2,0,0.0,0.0,0.0,0.0,0.0,0.0,0.0,0.0,0.0,0.0,0.0,0.0,0.0,0.0,212.0,18.0,0.0,0.0,0.0,0.0,0.0,0.0,0.0,0.0,0.0,0.0,0.0,0.0,0.0
645,Christos,Mouzakitis,Mouzakitis,a,,,5.0,389,236,0.0,639,281,0.0,589,246,0,0,0,0,0,117,10,0.0,0.0,1.5,1.5,0.0,589,246,,,577,240,584,246,554,223,585,243,,,,,,,,0.0,0.0,0.0,0.0,0.0,0.0,0.0,0.0,0.0,2,0,0.0,0.0,0.0,0.0,0.0,0.0,0.0,0.0,0.0,0.0,0.0,0.0,0.0,0.0,117.0,10.0,0.0,0.0,0.0,0.0,0.0,0.0,0.0,0.0,0.0,0.0,0.0,0.0,0.0
259,Issa,Diop,Diop,a,,,4.0,603,174,15.8,24,8,2.0,146,52,2,0,0,0,0,33743,91699,0.5,1.0,2.0,2.0,2.0,151,54,,,65,27,278,99,217,79,168,61,,,,,,,,0.0,0.0,0.0,2.72,0.0,0.0,3.0,1.0,8.5,2,2,90.0,0.0,0.0,0.0,5.0,0.0,0.0,0.0,0.0,0.0,0.0,1.0,0.0,7.0,37010.0,104238.0,0.0,0.0,0.0,0.0,4.77,40.8,0.30000000000000004,0.0,4.1,0.0,12.0,4.0,12.0
267,Saša,Lukić,Lukić,a,,,5.0,274,170,0.1,413,163,3.0,102,44,1,0,0,0,0,631,1358,0.6,1.2,3.0,3.0,3.0,108,45,,,88,31,93,58,198,95,121,61,4.0,,,,,,,0.01,0.02,0.03,2.54,0.0,0.0,2.78,1.11,9.44,2,1,72.0,0.0,0.0,0.0,4.0,0.0,0.0,0.0,1.0,0.0,0.0,1.0,0.0,11.0,837.0,1748.0,0.0,0.02,0.02,0.039999999999999994,3.91,17.4,11.899999999999999,2.0,3.0999999999999996,3.0,7.0,1.0,11.0
300,Christian,Walton,Walton,a,,,4.5,436,28,0.4,266,35,0.0,422,49,0,0,0,0,0,280,3417,0.0,0.0,0.0,0.0,0.0,422,49,,,403,49,397,30,331,29,413,49,,,,,,,,0.0,0.0,0.0,0.0,0.0,0.0,0.0,0.0,0.0,2,0,0.0,0.0,0.0,0.0,0.0,0.0,0.0,0.0,0.0,0.0,0.0,0.0,0.0,0.0,292.0,4343.0,0.0,0.0,0.0,0.0,0.0,0.0,0.0,0.0,0.0,0.0,0.0,0.0,0.0
301,Alex,Palmer,Palmer,a,,,4.0,586,57,4.3,85,12,0.0,368,31,0,0,0,0,0,20285,22953,0.0,0.0,0.0,0.0,0.0,368,31,,,350,31,340,10,262,9,359,31,,,,,,,,0.0,0.0,0.0,0.0,0.0,0.0,0.0,0.0,0.0,2,0,0.0,0.0,0.0,0.0,0.0,0.0,0.0,0.0,0.0,0.0,0.0,0.0,0.0,0.0,21456.0,25733.0,0.0,0.0,0.0,0.0,0.0,0.0,0.0,0.0,0.0,0.0,0.0,0.0,0.0
302,David,Button,Button,a,,,4.0,578,52,0.5,260,33,0.0,361,26,0,0,0,0,0,5476,2822,0.0,0.0,0.0,0.0,0.0,361,26,,,343,26,333,5,255,4,352,26,,,,,,,,0.0,0.0,0.0,0.0,0.0,0.0,0.0,0.0,0.0,2,0,0.0,0.0,0.0,0.0,0.0,0.0,0.0,0.0,0.0,0.0,0.0,0.0,0.0,0.0,5822.0,3077.0,0.0,0.0,0.0,0.0,0.0,0.0,0.0,0.0,0.0,0.0,0.0,0.0,0.0
303,Cédric,Kipré,Kipré,a,,,4.0,597,169,0.6,249,93,0.0,374,126,0,0,0,0,0,469,4039,0.0,0.0,0.0,0.0,0.0,374,126,,,356,128,348,126,271,98,366,128,,,,,,,,0.0,0.0,0.0,0.0,0.0,0.0,0.0,0.0,0.0,2,0,0.0,0.0,0.0,0.0,0.0,0.0,0.0,0.0,0.0,0.0,0.0,0.0,0.0,0.0,496.0,4999.0,0.0,0.0,0.0,0.0,0.0,0.0,0.0,0.0,0.0,0.0,0.0,0.0,0.0
304,Dara,O'Shea,O'Shea,a,,,4.0,602,173,3.3,99,38,2.0,145,51,0,0,0,0,0,16724,25123,0.5,1.0,2.0,2.0,2.0,150,53,,,64,26,102,31,135,43,88,27,,,,,,,,0.04,0.08,0.12,2.72,0.0,0.0,3.0,1.0,9.5,2,0,90.0,0.0,0.0,0.0,5.0,0.0,0.0,0.0,0.0,0.0,0.0,1.0,0.0,-14.0,19149.0,27961.0,0.0,0.07,0.010000000000000009,0.07999999999999999,4.77,0.0,0.8000000000000007,9.0,0.9000000000000004,0.0,1.0,2.0,1.0
305,Leif,Davis,Davis,a,,,4.0,616,183,5.1,70,29,4.0,75,27,6,0,0,0,0,46613,29539,1.0,2.0,4.0,4.0,4.0,78,27,,,25,7,136,41,34,3,36,3,2.0,2.0,,,,,,0.27,0.06,0.33,2.72,0.0,0.0,3.0,1.0,5.5,2,6,90.0,1.0,0.0,0.0,5.0,0.0,0.0,0.0,0.0,0.0,0.0,1.0,0.0,1.0,47566.0,33393.0,0.0,0.54,0.12000000000000001,0.66,4.77,47.0,14.7,50.0,11.2,0.0,4.0,1.0,4.0
15,Martin,Ødegaard,Ødegaard,a,,,6.6,32,21,11.2,36,13,7.0,28,15,3,0,0,1,-1,96034,125879,1.1,2.1,7.0,7.0,7.0,30,16,,,37,17,33,27,53,31,29,23,4.0,4.0,3.0,,,,,0.18,0.11,0.29,0.24,0.0,1.24,0.0,1.24,8.07,2,3,70.0,0.0,0.0,1.0,0.0,0.0,0.0,0.0,0.0,0.0,0.0,1.0,0.0,13.0,130072.0,132345.0,0.0,0.07999999999999999,0.07,0.15000000000000002,0.33,6.799999999999997,6.799999999999997,5.0,1.8999999999999986,2.0,2.0,1.0,5.0
306,Jacob,Greaves,Greaves,a,,,4.0,614,181,1.3,161,65,0.5,275,91,-1,0,0,0,0,2097,8018,0.1,0.2,0.5,0.5,0.5,342,112,,,118,54,232,74,284,106,199,76,,,,,,,,0.0,0.0,0.0,2.72,0.0,0.0,3.0,1.0,8.5,2,-1,90.0,0.0,0.0,0.0,5.0,1.0,0.0,0.0,1.0,0.0,0.0,1.0,0.0,-13.0,2288.0,9394.0,0.0,0.0,0.01,0.01,4.77,18.4,1.3,0.0,1.9999999999999998,1.0,9.0,4.0,10.0
307,Ben,Johnson,Johnson,a,,,4.0,605,176,0.1,423,149,0.0,379,130,0,0,0,0,0,595,942,0.0,0.0,0.0,0.0,0.0,379,130,,,361,132,353,130,277,103,371,132,,,,,,,,0.0,0.0,0.0,0.0,0.0,0.0,0.0,0.0,0.0,2,0,0.0,0.0,0.0,0.0,0.0,0.0,0.0,0.0,0.0,0.0,0.0,0.0,0.0,0.0,642.0,1075.0,0.0,0.0,0.0,0.0,0.0,0.0,0.0,0.0,0.0,0.0,0.0,0.0,0.0
308,Darnell,Furlong,Furlong,a,,,4.0,596,168,0.5,251,95,0.5,274,90,1,0,0,0,0,463,3358,0.1,0.2,0.5,0.5,1.0,226,71,,,274,103,305,114,270,97,308,110,,,,,,,,0.0,0.0,0.0,4.55,0.0,0.0,5.29,0.0,15.88,2,1,17.0,0.0,0.0,0.0,1.0,0.0,0.0,0.0,0.0,0.0,0.0,0.0,0.0,-1.0,494.0,4214.0,0.0,0.0,0.0,0.0,0.86,5.0,0.5,0.0,0.6,1.0,2.0,0.0,3.0
309,Marcelino,Núñez,Núñez,a,,,5.0,344,203,0.1,387,148,3.0,105,46,2,0,0,0,0,882,1528,0.6,1.2,3.0,3.0,3.0,111,47,,,155,56,129,78,188,92,170,82,1.0,1.0,,,,,,0.02,0.03,0.05,2.24,0.0,0.0,2.57,1.29,13.5,2,2,61.0,0.0,0.0,0.0,3.0,0.0,0.0,0.0,0.0,0.0,0.0,1.0,0.0,6.0,1083.0,1842.0,0.0,0.0,0.020000000000000004,0.020000000000000004,2.85,11.600000000000001,12.099999999999998,2.0,2.6,1.0,4.0,4.0,9.0
310,Azor,Matusiwa,Matusiwa,i,Muscular injury - Unknown return date,,5.0,296,179,0.0,630,274,0.0,547,222,0,0,0,0,0,10,58,0.0,0.0,0.0,0.0,0.0,547,222,0.0,0.0,535,214,536,219,491,184,542,216,,,,,,,,0.0,0.0,0.0,0.0,0.0,0.0,0.0,0.0,0.0,2,0,0.0,0.0,0.0,0.0,0.0,0.0,0.0,0.0,0.0,0.0,0.0,0.0,0.0,0.0,12.0,72.0,0.0,0.0,0.0,0.0,0.0,0.0,0.0,0.0,0.0,0.0,0.0,0.0,0.0
311,Wes,Burns,Burns,u,Has joined Leicester City permanently,,5.0,251,153,0.0,627,272,0.0,530,212,0,0,0,0,0,0,70,0.0,0.0,0.0,0.0,0.0,530,212,0.0,0.0,515,202,517,209,466,169,523,205,,,,,,,,0.0,0.0,0.0,0.0,0.0,0.0,0.0,0.0,0.0,2,0,0.0,0.0,0.0,0.0,0.0,0.0,0.0,0.0,0.0,0.0,0.0,0.0,0.0,0.0,0.0,82.0,0.0,0.0,0.0,0.0,0.0,0.0,0.0,0.0,0.0,0.0,0.0,0.0,0.0
314,Chiedozie,Ogbene,Ogbene,u,Has joined Lincoln City on loan until January,,4.9,401,244,0.0,587,247,0.0,510,200,0,-1,1,-1,1,67,282,0.0,0.0,0.0,0.0,0.0,510,200,0.0,,493,189,495,197,440,155,502,193,,,,,,,,0.0,0.0,0.0,0.0,0.0,0.0,0.0,0.0,0.0,2,0,0.0,0.0,0.0,0.0,0.0,0.0,0.0,0.0,0.0,0.0,0.0,0.0,0.0,0.0,70.0,326.0,0.0,0.0,0.0,0.0,0.0,0.0,0.0,0.0,0.0,0.0,0.0,0.0,0.0
315,Abdul,Fatawu,Fatawu,a,,,5.5,190,119,0.2,335,122,3.0,112,51,4,0,0,0,0,1590,2294,0.5,1.1,3.0,3.0,3.0,117,51,,,73,29,13,13,149,73,40,30,,,,,,,,0.0,0.39,0.39,3.2,0.0,0.0,3.67,1.22,6.73,2,4,82.0,0.0,1.0,0.0,5.0,0.0,0.0,0.0,1.0,0.0,0.0,1.0,0.0,25.0,1651.0,2784.0,0.0,0.0,0.22000000000000003,0.22000000000000003,4.59,26.6,42.300000000000004,2.0,7.1,1.0,1.0,2.0,4.0
316,Emersonn,Correia da Silva,Emersonn,a,,,5.5,193,43,1.6,147,24,5.0,59,4,1,0,0,0,0,14762,44592,0.9,1.8,5.0,5.0,5.0,63,5,100.0,,70,5,54,2,42,13,41,6,,,2.0,,,,,0.67,0.05,0.72,1.15,0.0,0.0,1.64,1.64,3.27,2,1,45.0,0.0,0.0,0.0,1.0,0.0,0.0,0.0,0.0,0.0,0.0,1.0,0.0,7.0,23859.0,47777.0,0.0,0.0,0.0,0.0,0.7699999999999999,1.0,11.099999999999998,2.0,1.4000000000000004,0.0,1.0,0.0,1.0
317,George,Hirst,Hirst,u,Has joined Stoke City permanently,,5.0,286,53,0.1,402,57,0.0,542,56,0,0,0,0,0,0,3411,0.0,0.0,0.0,0.0,0.0,542,56,0.0,0.0,530,49,531,54,485,51,537,54,,,,,,,,0.0,0.0,0.0,0.0,0.0,0.0,0.0,0.0,0.0,2,0,0.0,0.0,0.0,0.0,0.0,0.0,0.0,0.0,0.0,0.0,0.0,0.0,0.0,0.0,0.0,4411.0,0.0,0.0,0.0,0.0,0.0,0.0,0.0,0.0,0.0,0.0,0.0,0.0,0.0
318,Jaden,Philogene,Philogene,i,Ankle injury - Unknown return date,,5.4,225,139,0.1,432,171,0.0,602,254,0,-1,1,-1,1,38,2779,0.0,0.0,0.0,0.0,0.0,602,254,0.0,0.0,589,248,595,253,568,231,596,250,5.0,,3.0,,,,,0.0,0.0,0.0,0.0,0.0,0.0,0.0,0.0,0.0,2,0,0.0,0.0,0.0,0.0,0.0,0.0,0.0,0.0,0.0,0.0,0.0,0.0,0.0,0.0,39.0,3644.0,0.0,0.0,0.0,0.0,0.0,0.0,0.0,0.0,0.0,0.0,0.0,0.0,0.0
319,Sam,Szmodics,Szmodics,u,Has joined Derby County on loan for the rest of the season,,5.0,258,159,0.0,620,266,0.0,534,215,0,0,0,0,0,0,167,0.0,0.0,0.0,0.0,0.0,534,215,0.0,0.0,519,205,521,212,472,174,527,208,,,,,,,,0.0,0.0,0.0,0.0,0.0,0.0,0.0,0.0,0.0,2,0,0.0,0.0,0.0,0.0,0.0,0.0,0.0,0.0,0.0,0.0,0.0,0.0,0.0,0.0,0.0,201.0,0.0,0.0,0.0,0.0,0.0,0.0,0.0,0.0,0.0,0.0,0.0,0.0,0.0
320,Chuba,Akpom,Akpom,a,,,5.0,250,51,0.9,199,31,3.0,100,12,5,0,0,0,0,45520,12927,0.6,1.2,3.0,3.0,3.0,106,16,,,119,10,259,35,92,20,153,17,,,,,,,,1.27,0.0,1.27,5.27,0.0,0.0,5.22,0.0,3.91,2,5,45.0,1.0,0.0,0.0,4.0,0.0,0.0,0.0,0.0,0.0,0.0,0.0,0.0,30.0,46099.0,13942.0,0.0,0.97,0.0,0.97,4.01,33.2,1.7,17.0,5.2,0.0,0.0,0.0,0.0
321,Sindre,Walle Egeli,Walle Egeli,a,,,4.5,536,71,3.3,98,14,0.5,291,35,0,0,0,0,0,100224,41510,0.1,0.2,0.5,0.5,1.0,254,30,,,461,41,326,41,405,43,471,46,,,,,,,,0.0,0.0,0.0,0.27,0.0,0.0,0.0,0.0,0.0,2,0,0.0,0.0,0.0,0.0,0.0,0.0,0.0,0.0,0.0,0.0,0.0,0.0,0.0,0.0,107984.0,45458.0,0.0,0.0,0.0,0.0,0.0,0.0,0.0,0.0,0.0,0.0,0.0,0.0,0.0
322,Ali,Al-Hamadi,Al-Hamadi,u,Has joined Sheffield Wednesday on loan for the rest of the season,,5.0,314,56,0.1,443,63,0.0,556,58,0,0,0,0,0,0,3259,0.0,0.0,0.0,0.0,0.0,556,58,0.0,0.0,543,51,547,56,505,53,551,56,,,,,,,,0.0,0.0,0.0,0.0,0.0,0.0,0.0,0.0,0.0,2,0,0.0,0.0,0.0,0.0,0.0,0.0,0.0,0.0,0.0,0.0,0.0,0.0,0.0,0.0,0.0,4030.0,0.0,0.0,0.0,0.0,0.0,0.0,0.0,0.0,0.0,0.0,0.0,0.0,0.0
323,Kasey,McAteer,McAteer,a,,,4.5,497,264,1.3,163,50,1.0,223,103,1,0,0,0,0,9152,12377,0.2,0.4,1.0,1.0,1.0,248,107,,,317,143,272,139,371,130,324,148,,,,,,,,0.0,0.0,0.0,0.61,0.0,0.0,0.0,0.0,11.61,2,1,7.0,0.0,0.0,0.0,0.0,0.0,0.0,0.0,0.0,0.0,0.0,0.0,0.0,3.0,9845.0,14152.0,0.0,0.0,0.0,0.0,0.18,0.19999999999999996,0.0,0.0,0.0,0.0,0.0,1.0,1.0
324,Anis,Mehmeti,Mehmeti,a,,,4.9,402,245,0.0,513,213,0.0,511,201,0,-1,1,-1,1,82,573,0.0,0.0,0.0,0.0,0.0,511,201,,,494,190,496,198,441,156,503,194,,,,,,,,0.0,0.0,0.0,0.0,0.0,0.0,0.0,0.0,0.0,2,0,0.0,0.0,0.0,0.0,0.0,0.0,0.0,0.0,0.0,0.0,0.0,0.0,0.0,0.0,85.0,697.0,0.0,0.0,0.0,0.0,0.0,0.0,0.0,0.0,0.0,0.0,0.0,0.0,0.0
554,Kayne,van Oevelen,Van Oevelen,u,Has joined Valencia on loan for the rest of the season,,4.5,527,46,0.0,551,65,0.0,472,62,0,0,0,0,0,0,610,0.0,0.0,0.0,0.0,0.0,472,62,0.0,0.0,453,62,455,48,397,47,463,62,,,,,,,,0.0,0.0,0.0,0.0,0.0,0.0,0.0,0.0,0.0,2,0,0.0,0.0,0.0,0.0,0.0,0.0,0.0,0.0,0.0,0.0,0.0,0.0,0.0,0.0,0.0,719.0,0.0,0.0,0.0,0.0,0.0,0.0,0.0,0.0,0.0,0.0,0.0,0.0,0.0
562,Daizen,Maeda,Maeda,a,,,5.5,167,103,0.3,292,98,2.0,165,83,2,0,0,0,0,684,4158,0.4,0.7,2.0,2.0,2.0,176,86,,,174,66,231,125,72,41,175,83,,,,,,,,0.4,0.01,0.41,2.71,0.0,0.0,2.98,1.19,8.34,2,2,72.0,0.0,0.0,0.0,4.0,0.0,0.0,0.0,0.0,0.0,0.0,1.0,0.0,10.0,749.0,4977.0,0.0,0.06000000000000005,0.01,0.07000000000000006,3.91,8.000000000000002,1.4,19.0,2.8000000000000003,1.0,3.0,1.0,5.0
564,Kjell,Scherpen,Scherpen,a,,,4.5,478,37,0.6,244,32,2.0,147,11,2,0,0,0,0,2528,4804,0.4,0.9,2.0,2.0,2.0,153,11,,,28,4,420,39,357,38,145,5,,,,,,,,0.0,0.0,0.0,2.72,4.0,0.0,3.0,1.0,0.0,2,2,90.0,0.0,0.0,0.0,5.0,0.0,0.0,0.0,0.0,0.0,6.0,1.0,0.0,9.0,2698.0,5664.0,0.0,0.0,0.01,0.01,4.77,46.4,0.0,0.0,4.6,0.0,4.0,13.0,0.0
571,Florentino Ibrain,Morris Luís,Florentino,d,Calf injury - 75% chance of playing,,5.0,279,172,0.1,429,170,0.0,539,219,0,0,0,0,0,113,1847,0.0,0.0,0.0,0.0,0.0,539,219,75.0,75.0,527,211,528,216,482,180,534,213,,,,,,,,0.0,0.0,0.0,0.0,0.0,0.0,0.0,0.0,0.0,2,0,0.0,0.0,0.0,0.0,0.0,0.0,0.0,0.0,0.0,0.0,0.0,0.0,0.0,0.0,125.0,2368.0,0.0,0.0,0.0,0.0,0.0,0.0,0.0,0.0,0.0,0.0,0.0,0.0,0.0
591,Julio,Enciso,Enciso,a,,,5.5,178,110,0.7,229,76,5.0,57,28,5,0,0,0,0,24601,7850,0.9,1.8,5.0,5.0,5.0,61,30,100.0,100.0,77,30,96,59,47,28,58,38,,,,,,,,0.35,0.35,0.7,3.04,0.0,0.0,3.38,1.12,9.0,2,5,90.0,0.0,1.0,0.0,5.0,0.0,0.0,0.0,0.0,0.0,0.0,1.0,0.0,25.0,28110.0,8585.0,0.0,0.4,0.31,0.71,4.7700000000000005,21.799999999999997,12.399999999999999,21.0,5.5,1.0,0.0,7.0,8.0
592,Abdoul,Ouattara,Ouattara,a,,,4.0,639,202,1.0,194,75,1.0,213,71,1,0,0,0,0,3571,5412,0.2,0.5,1.0,1.0,1.0,230,75,,,262,101,182,58,305,123,275,100,,,,,,,,0.0,0.0,0.0,2.97,0.0,0.0,3.33,0.0,6.67,2,1,17.0,0.0,0.0,0.0,1.0,0.0,0.0,0.0,0.0,0.0,0.0,0.0,0.0,-1.0,3815.0,6439.0,0.0,0.0,0.0,0.0,0.86,0.5999999999999996,0.5999999999999996,0.0,0.10000000000000009,0.0,0.0,1.0,0.0
602,Cameron,Humphreys,Humphreys,u,Has joined Huddersfield Town on loan for the rest of the season,,4.5,525,272,0.0,504,207,0.0,470,183,0,0,0,0,0,1586,956,0.0,0.0,0.0,0.0,0.0,470,183,0.0,,451,171,453,180,395,138,461,176,,,,,,,,0.0,0.0,0.0,0.0,0.0,0.0,0.0,0.0,0.0,2,0,0.0,0.0,0.0,0.0,0.0,0.0,0.0,0.0,0.0,0.0,0.0,0.0,0.0,0.0,1711.0,989.0,0.0,0.0,0.0,0.0,0.0,0.0,0.0,0.0,0.0,0.0,0.0,0.0,0.0
619,Exequiel,Palacios,Palacios,a,,,5.0,280,173,0.0,585,245,1.0,234,107,1,0,0,0,0,1168,300,0.2,0.2,1.5,1.5,1.0,272,116,,,250,109,170,100,228,109,253,114,,,,,,,,0.0,0.03,0.03,6.17,0.0,0.0,6.43,0.0,19.29,2,1,28.0,0.0,0.0,0.0,2.0,0.0,0.0,0.0,0.0,0.0,0.0,0.0,0.0,11.0,1257.0,305.0,0.0,0.0,0.01,0.01,1.92,7.2,12.0,2.0,2.1,1.0,2.0,3.0,6.0
640,Zian,Flemming,Flemming,a,,,5.5,159,38,0.0,603,75,0.0,615,70,0,0,0,0,0,770,85,0.0,0.0,1.8,1.8,0.0,615,70,,,605,64,611,68,596,66,611,68,,,,,,,,0.0,0.0,0.0,0.0,0.0,0.0,0.0,0.0,0.0,2,0,0.0,0.0,0.0,0.0,0.0,0.0,0.0,0.0,0.0,0.0,0.0,0.0,0.0,0.0,770.0,85.0,0.0,0.0,0.0,0.0,0.0,0.0,0.0,0.0,0.0,0.0,0.0,0.0,0.0
260,Harry,Wilson,Wilson,a,,,6.4,48,33,4.3,86,28,2.0,172,86,1,-1,1,-1,1,5648,114526,0.3,0.6,2.0,2.0,2.0,184,91,,,209,83,90,56,150,74,163,77,2.0,,,,,,,0.01,0.05,0.06,1.36,0.0,0.82,0.0,0.82,6.55,2,1,45.0,0.0,0.0,0.0,0.0,0.0,0.0,0.0,0.0,0.0,0.0,0.0,0.0,7.0,7744.0,126201.0,0.0,0.01,0.039999999999999994,0.05,1.13,8.399999999999999,12.099999999999998,6.0,2.6999999999999997,1.0,2.0,3.0,6.0
326,Lucas Estella,Perri,Perri,u,Has joined Torino on loan for the rest of the season,,4.5,459,34,0.5,262,34,0.0,435,55,0,0,0,0,0,204,6608,0.0,0.0,0.0,0.0,0.0,435,55,0.0,,416,55,411,36,346,35,426,55,,,,,,,,0.0,0.0,0.0,0.0,0.0,0.0,0.0,0.0,0.0,2,0,0.0,0.0,0.0,0.0,0.0,0.0,0.0,0.0,0.0,0.0,0.0,0.0,0.0,0.0,239.0,7685.0,0.0,0.0,0.0,0.0,0.0,0.0,0.0,0.0,0.0,0.0,0.0,0.0,0.0
327,Jaka,Bijol,Bijol,a,,,5.0,304,53,0.9,200,77,5.5,48,20,1,0,0,0,0,12596,13957,1.1,2.2,5.5,5.5,5.5,51,21,,,131,59,298,111,115,35,179,66,,,,,,,,0.07,0.0,0.07,0.81,0.0,0.67,0.67,1.33,11.33,2,1,45.0,0.0,0.0,0.0,1.0,0.0,0.0,0.0,0.0,0.0,0.0,1.0,0.0,0.0,20645.0,15488.0,0.0,0.0,0.0,0.0,0.5499999999999999,8.399999999999999,0.19999999999999996,0.0,0.8999999999999999,0.0,5.0,2.0,5.0
329,Joe,Rodon,Rodon,i,Hamstring injury - Expected back 21 Nov,,4.5,462,102,2.8,111,44,3.5,90,34,1,0,0,0,0,4945,68346,0.8,1.6,0.0,3.5,3.5,96,34,0.0,,164,76,151,46,165,57,185,69,,,,,,,,0.02,0.04,0.06,0.74,0.0,0.73,0.0,1.46,8.05,2,1,33.0,0.0,0.0,0.0,0.0,0.0,0.0,0.0,0.0,0.0,0.0,1.0,0.0,4.0,9859.0,70964.0,0.0,0.0,0.0,0.0,0.35,8.6,0.29999999999999893,2.0,1.1,0.0,4.0,1.0,4.0
330,Jayden,Bogle,Bogle,a,,,4.5,471,110,0.5,252,96,4.0,76,28,2,0,0,0,0,3919,4170,0.9,1.8,4.0,4.0,4.0,79,28,,,150,68,165,50,197,70,188,71,,,,,,,,0.0,0.01,0.01,0.8,0.0,0.57,0.57,1.15,5.73,2,2,67.0,0.0,0.0,0.0,1.0,0.0,0.0,0.0,0.0,0.0,0.0,1.0,0.0,9.0,4671.0,4854.0,0.0,0.0,0.01,0.01,0.7399999999999999,18.6,11.3,4.0,3.4000000000000004,2.0,5.0,5.0,7.0
331,Gabriel,Gudmundsson,Gudmundsson,a,,,4.5,481,116,0.0,498,175,0.0,444,169,0,0,0,0,0,504,312,0.0,0.0,0.0,0.0,0.0,444,169,100.0,75.0,425,170,422,170,359,155,435,170,,,,,,,,0.0,0.0,0.0,0.0,0.0,0.0,0.0,0.0,0.0,2,0,0.0,0.0,0.0,0.0,0.0,0.0,0.0,0.0,0.0,0.0,0.0,0.0,0.0,0.0,514.0,414.0,0.0,0.0,0.0,0.0,0.0,0.0,0.0,0.0,0.0,0.0,0.0,0.0,0.0
332,James,Justin,Justin,a,,,4.5,466,106,1.4,157,64,6.0,37,14,2,0,0,0,0,27240,16508,1.3,2.7,6.0,6.0,6.0,39,15,,,61,24,154,47,136,44,113,40,,,,,,,,0.02,0.01,0.03,1.16,0.0,0.5,0.5,1.0,10.0,2,2,90.0,0.0,0.0,0.0,1.0,0.0,0.0,0.0,0.0,0.0,0.0,1.0,0.0,12.0,36865.0,18544.0,0.0,0.03,0.01,0.04,1.67,24.6,11.8,9.0,4.5,2.0,6.0,3.0,8.0
333,Sebastiaan,Bornauw,Bornauw,u,Has joined Hamburg SV on loan for the rest of the season,,4.5,491,125,0.0,628,208,0.0,450,174,0,0,0,0,0,0,52,0.0,0.0,0.0,0.0,0.0,450,174,0.0,0.0,431,175,428,175,367,162,441,175,,,,,,,,0.0,0.0,0.0,0.0,0.0,0.0,0.0,0.0,0.0,2,0,0.0,0.0,0.0,0.0,0.0,0.0,0.0,0.0,0.0,0.0,0.0,0.0,0.0,0.0,0.0,73.0,0.0,0.0,0.0,0.0,0.0,0.0,0.0,0.0,0.0,0.0,0.0,0.0,0.0
334,Tarik,Muharemović,Muharemović,a,,,5.0,355,66,3.2,100,39,5.0,54,22,4,0,0,0,0,31817,30751,1.0,2.0,5.0,5.0,5.0,57,23,,,22,6,268,94,93,24,84,25,,,,,,,,0.04,0.0,0.04,1.16,0.0,0.5,0.5,1.0,13.0,2,4,90.0,0.0,0.0,0.0,1.0,0.0,0.0,0.0,0.0,0.0,0.0,1.0,0.0,17.0,34832.0,33228.0,0.0,0.0,0.01,0.010000000000000009,1.67,51.6,0.7999999999999999,2.0,5.3999999999999995,2.0,17.0,3.0,19.0
335,Anton,Stach,Stach,a,,,6.0,79,53,2.9,109,32,8.5,14,6,4,0,0,0,0,46145,38234,1.4,2.8,8.5,8.5,8.5,16,7,,,14,9,130,79,91,49,54,36,1.0,1.0,,,,,,0.08,0.03,0.11,1.16,0.0,0.5,0.5,1.0,16.0,2,4,90.0,0.0,0.0,0.0,1.0,0.0,0.0,0.0,0.0,0.0,0.0,1.0,0.0,13.0,65348.0,40901.0,0.0,0.07,0.009999999999999995,0.08000000000000002,1.67,24.60000000000001,17.0,4.0,4.6,4.0,8.0,4.0,16.0
336,Noah,Okafor,Okafor,a,,,5.9,101,65,0.3,287,95,1.5,202,97,2,-1,1,-1,1,1871,8079,0.3,0.5,1.5,1.5,1.5,215,102,,,200,79,120,74,122,62,167,81,,,,,,,,0.08,0.17,0.25,0.85,0.0,0.0,0.98,0.98,6.85,2,2,68.0,0.0,0.0,0.0,1.0,0.0,0.0,0.0,0.0,0.0,0.0,1.0,0.0,11.0,2088.0,10028.0,0.0,0.08,0.010000000000000009,0.09,0.74,6.399999999999999,7.5,10.0,2.4000000000000004,1.0,1.0,0.0,2.0
337,Brenden,Aaronson,Aaronson,a,,,5.5,158,98,0.7,225,73,2.0,163,81,1,0,0,0,0,1624,11732,0.4,0.7,2.0,2.0,2.0,174,84,,,232,96,262,136,178,88,263,118,,3.0,,,,,,0.01,0.01,0.02,0.81,0.0,0.71,0.71,1.43,7.14,2,1,45.0,0.0,0.0,0.0,1.0,0.0,0.0,0.0,0.0,0.0,0.0,1.0,0.0,6.0,2079.0,13433.0,0.0,0.0,0.01,0.009999999999999998,0.5499999999999999,2.1999999999999993,0.5999999999999999,0.0,0.2999999999999998,1.0,1.0,1.0,3.0
338,Ethan,Ampadu,Ampadu,a,,,5.5,137,85,1.2,175,54,3.5,94,40,2,0,0,0,0,2768,14420,0.6,1.3,3.5,3.5,3.5,100,42,,,101,36,52,41,251,123,102,53,,,,,,,,0.0,0.06,0.06,1.16,0.0,0.5,0.5,1.0,11.5,2,2,90.0,0.0,0.0,0.0,1.0,0.0,0.0,0.0,0.0,0.0,0.0,1.0,0.0,12.0,3708.0,16008.0,0.0,0.01,0.09,0.1,1.67,19.6,16.599999999999998,1.0,3.7,2.0,5.0,3.0,10.0
339,Sean,Longstaff,Longstaff,a,,,5.0,261,160,0.1,416,165,0.5,302,134,0,0,0,0,0,530,2045,0.1,0.2,0.5,0.5,1.0,267,113,,,520,206,323,164,474,175,528,209,3.0,2.0,,,,,,0.0,0.0,0.0,0.79,0.0,0.0,0.0,0.0,0.0,2,0,0.0,0.0,0.0,0.0,0.0,0.0,0.0,0.0,0.0,0.0,0.0,0.0,0.0,0.0,602.0,2293.0,0.0,0.0,0.0,0.0,0.0,0.0,0.0,0.0,0.0,0.0,0.0,0.0,0.0
342,Jack,Harrison,Harrison,u,Has joined New England Revolution permanently,,5.0,283,174,0.0,649,287,0.0,540,220,0,0,0,0,0,0,16,0.0,0.0,0.0,0.0,0.0,540,220,0.0,0.0,528,212,529,217,483,181,535,214,,,,,,,,0.0,0.0,0.0,0.0,0.0,0.0,0.0,0.0,0.0,2,0,0.0,0.0,0.0,0.0,0.0,0.0,0.0,0.0,0.0,0.0,0.0,0.0,0.0,0.0,0.0,18.0,0.0,0.0,0.0,0.0,0.0,0.0,0.0,0.0,0.0,0.0,0.0,0.0,0.0
343,Daniel,James,James,a,,,5.0,264,163,0.1,414,164,0.5,303,135,1,0,0,0,0,1327,1767,0.1,0.2,0.5,0.5,1.0,268,114,,,522,208,280,143,128,65,292,131,,,,,,,,0.98,0.04,1.02,3.8,0.0,0.0,0.0,0.0,8.18,2,1,22.0,0.0,0.0,0.0,0.0,0.0,0.0,0.0,0.0,0.0,0.0,0.0,0.0,2.0,1501.0,2020.0,0.0,0.24,0.01,0.25,0.93,0.0,1.1,12.0,1.1,0.0,0.0,2.0,2.0
344,Ilia,Gruev,Gruev,d,Knee injury - 25% chance of playing,,5.0,327,193,0.0,623,268,0.0,560,229,0,0,0,0,0,26,59,0.0,0.0,0.0,0.0,0.0,560,229,25.0,0.0,547,221,553,227,513,195,555,224,,,,,,,,0.0,0.0,0.0,0.0,0.0,0.0,0.0,0.0,0.0,2,0,0.0,0.0,0.0,0.0,0.0,0.0,0.0,0.0,0.0,0.0,0.0,0.0,0.0,0.0,28.0,68.0,0.0,0.0,0.0,0.0,0.0,0.0,0.0,0.0,0.0,0.0,0.0,0.0,0.0
345,Tanaka,Ao,Tanaka,a,,,4.9,403,246,0.2,333,121,0.5,294,130,1,-1,1,-1,1,2624,3539,0.1,0.2,0.5,0.5,1.0,259,109,,,175,67,253,133,442,157,246,110,4.0,,,,,,,0.0,0.02,0.02,2.26,0.0,0.0,0.0,0.0,22.0,2,1,45.0,0.0,0.0,0.0,0.0,0.0,0.0,0.0,0.0,0.0,0.0,0.0,0.0,6.0,2723.0,4137.0,0.0,0.0,0.01,0.01,1.13,20.0,1.8,0.0,2.2,3.0,5.0,3.0,11.0
346,Dominic,Calvert-Lewin,Calvert-Lewin,a,,,6.0,62,14,26.3,9,3,4.5,73,8,8,0,0,0,0,155533,240037,0.8,1.5,4.5,4.5,4.5,76,9,,,100,9,213,28,37,12,90,13,,,1.0,,,,,0.52,0.01,0.53,1.16,0.0,0.5,0.5,1.0,3.0,2,8,90.0,1.0,0.0,0.0,1.0,0.0,0.0,0.0,0.0,0.0,0.0,1.0,2.0,31.0,171517.0,280843.0,0.0,0.92,0.02,0.9400000000000001,1.67,38.4,4.0,35.0,7.7,0.0,3.0,1.0,4.0
347,Lukas,Nmecha,Nmecha,a,,,5.5,132,34,0.5,256,42,2.0,161,16,4,0,0,0,0,4163,6652,0.4,0.7,2.0,2.0,4.0,88,11,,,186,15,123,11,190,32,186,22,,,2.0,,,,,0.43,0.0,0.43,3.99,0.0,0.0,0.0,0.0,4.29,2,4,21.0,0.0,1.0,0.0,0.0,0.0,0.0,0.0,0.0,0.0,0.0,0.0,0.0,18.0,4445.0,8386.0,0.0,0.1,0.0,0.1,0.93,18.2,20.3,6.0,4.5,0.0,0.0,1.0,1.0
348,Joël,Piroe,Piroe,u,Has joined West Ham United on loan for the rest of the season,,5.0,295,55,0.1,436,62,0.0,546,57,0,0,0,0,0,0,2523,0.0,0.0,0.0,0.0,0.0,546,57,0.0,0.0,534,50,535,55,490,52,541,55,,,3.0,,,,,0.0,0.0,0.0,0.0,0.0,0.0,0.0,0.0,0.0,2,0,0.0,0.0,0.0,0.0,0.0,0.0,0.0,0.0,0.0,0.0,0.0,0.0,0.0,0.0,0.0,2951.0,0.0,0.0,0.0,0.0,0.0,0.0,0.0,0.0,0.0,0.0,0.0,0.0,0.0
349,Mateo,Joseph Fernández-Regatillo,Mateo Joseph,i,Knee injury - Unknown return date,,4.5,537,72,0.1,489,65,0.0,480,49,0,0,0,0,0,725,873,0.0,0.0,0.0,0.0,0.0,480,49,0.0,0.0,462,42,463,47,406,44,472,47,,,,,,,,0.0,0.0,0.0,0.0,0.0,0.0,0.0,0.0,0.0,2,0,0.0,0.0,0.0,0.0,0.0,0.0,0.0,0.0,0.0,0.0,0.0,0.0,0.0,0.0,773.0,1006.0,0.0,0.0,0.0,0.0,0.0,0.0,0.0,0.0,0.0,0.0,0.0,0.0,0.0
385,James,Trafford,Trafford,a,,,5.0,302,13,5.1,71,10,6.0,39,2,3,0,0,0,0,64476,37852,1.2,2.4,6.0,6.0,6.0,41,2,,,39,7,540,61,496,61,150,7,,,,,,,,0.0,0.0,0.0,1.16,3.5,0.5,0.5,1.0,0.0,2,3,90.0,0.0,0.0,0.0,1.0,0.0,0.0,0.0,0.0,0.0,4.0,1.0,0.0,20.0,73933.0,40809.0,0.0,0.0,0.0,0.0,1.67,37.6,0.0,0.0,3.8000000000000003,0.0,0.0,11.0,0.0
598,Nico,Elvedi,Elvedi,a,,,4.5,452,95,0.0,545,189,0.5,281,96,1,0,0,0,0,486,387,0.1,0.2,0.5,0.5,1.0,238,82,,,202,84,279,100,184,63,243,90,,,,,,,,0.0,0.0,0.0,2.12,0.0,0.0,1.61,0.0,9.64,2,1,56.0,0.0,0.0,0.0,1.0,0.0,0.0,0.0,0.0,0.0,0.0,0.0,0.0,9.0,534.0,434.0,0.0,0.0,0.0,0.0,1.32,16.0,1.1,6.0,2.3,1.0,5.0,4.0,6.0
16,Noni,Madueke,Madueke,a,,,6.4,53,37,0.3,311,107,0.5,352,165,0,0,0,-1,1,1006,6159,0.1,0.2,0.5,0.5,1.0,334,160,,,237,99,44,35,639,280,164,78,6.0,,,,,,,0.0,0.16,0.16,0.61,0.0,0.0,0.0,0.0,8.18,2,0,0.0,0.0,0.0,0.0,0.0,0.0,0.0,0.0,0.0,0.0,0.0,0.0,0.0,0.0,1267.0,7352.0,0.0,0.0,0.0,0.0,0.0,0.0,0.0,0.0,0.0,0.0,0.0,0.0,0.0
603,Jayden,Lienou,Lienou,a,,,4.0,650,212,0.1,424,150,0.0,413,155,0,0,0,0,0,2146,986,0.0,0.0,0.0,0.0,0.0,413,155,,,395,157,387,155,315,132,405,157,,,,,,,,0.0,0.0,0.0,0.0,0.0,0.0,0.0,0.0,0.0,2,0,0.0,0.0,0.0,0.0,0.0,0.0,0.0,0.0,0.0,0.0,0.0,0.0,0.0,0.0,2264.0,1020.0,0.0,0.0,0.0,0.0,0.0,0.0,0.0,0.0,0.0,0.0,0.0,0.0,0.0
604,Alfie,Cresswell,Cresswell,a,,,4.5,548,279,0.1,408,160,0.0,488,189,0,0,0,0,0,4698,1784,0.0,0.0,0.0,0.0,0.0,488,189,,,470,177,471,186,415,144,480,182,,,,,,,,0.0,0.0,0.0,0.0,0.0,0.0,0.0,0.0,0.0,2,0,0.0,0.0,0.0,0.0,0.0,0.0,0.0,0.0,0.0,0.0,0.0,0.0,0.0,0.0,5069.0,1864.0,0.0,0.0,0.0,0.0,0.0,0.0,0.0,0.0,0.0,0.0,0.0,0.0,0.0
625,Alex,Cairns,Cairns,a,,,4.0,583,56,0.2,359,40,0.0,366,30,0,0,0,0,0,7804,1003,0.0,0.0,1.0,1.0,0.0,366,30,,,348,30,338,9,260,8,357,30,,,,,,,,0.0,0.0,0.0,0.0,0.0,0.0,0.0,0.0,0.0,2,0,0.0,0.0,0.0,0.0,0.0,0.0,0.0,0.0,0.0,0.0,0.0,0.0,0.0,0.0,7804.0,1003.0,0.0,0.0,0.0,0.0,0.0,0.0,0.0,0.0,0.0,0.0,0.0,0.0,0.0
629,Michael,Zetterer,Zetterer,a,,,4.0,588,58,0.2,342,37,0.0,370,32,0,0,0,0,0,7468,632,0.0,0.0,1.0,1.0,0.0,370,32,,,352,32,342,11,264,10,361,32,,,,,,,,0.0,0.0,0.0,0.0,0.0,0.0,0.0,0.0,0.0,2,0,0.0,0.0,0.0,0.0,0.0,0.0,0.0,0.0,0.0,0.0,0.0,0.0,0.0,0.0,7468.0,632.0,0.0,0.0,0.0,0.0,0.0,0.0,0.0,0.0,0.0,0.0,0.0,0.0,0.0
641,Melvin,Bard,Bard,a,,,4.5,490,124,0.0,648,214,0.0,449,173,0,0,0,0,0,79,9,0.0,0.0,1.8,1.8,0.0,449,173,,,430,174,427,174,366,161,440,174,,,,,,,,0.0,0.0,0.0,0.0,0.0,0.0,0.0,0.0,0.0,2,0,0.0,0.0,0.0,0.0,0.0,0.0,0.0,0.0,0.0,0.0,0.0,0.0,0.0,0.0,79.0,9.0,0.0,0.0,0.0,0.0,0.0,0.0,0.0,0.0,0.0,0.0,0.0,0.0,0.0
648,Jean-Mattéo,Bahoya,Bahoya,a,,,5.0,374,227,0.0,616,264,0.0,583,244,0,0,0,0,0,572,92,0.0,0.0,1.5,1.5,0.0,583,244,,,571,238,577,243,544,217,579,241,,,,,,,,0.0,0.0,0.0,0.0,0.0,0.0,0.0,0.0,0.0,2,0,0.0,0.0,0.0,0.0,0.0,0.0,0.0,0.0,0.0,0.0,0.0,0.0,0.0,0.0,572.0,92.0,0.0,0.0,0.0,0.0,0.0,0.0,0.0,0.0,0.0,0.0,0.0,0.0,0.0
350,Alisson,Becker,A.Becker,a,,,5.5,125,3,3.8,92,14,1.0,251,21,0,0,0,0,0,30905,45920,0.2,0.4,1.0,1.0,1.0,306,22,,,151,16,602,69,581,69,229,16,,,,,,,,0.0,0.0,0.0,1.94,2.0,0.0,2.0,1.0,0.0,2,0,90.0,0.0,0.0,0.0,2.0,0.0,0.0,0.0,1.0,0.0,1.0,1.0,0.0,-5.0,35707.0,49225.0,0.0,0.0,0.0,0.0,2.3,7.599999999999998,0.0,0.0,0.8,0.0,2.0,4.0,0.0
351,Giorgi,Mamardashvili,Mamardashvili,a,,,4.9,408,21,0.1,384,46,0.0,516,65,0,-1,1,-1,1,778,2430,0.0,0.0,0.0,0.0,0.0,516,65,,,499,65,501,53,447,52,508,65,,,,,,,,0.0,0.0,0.0,0.0,0.0,0.0,0.0,0.0,0.0,2,0,0.0,0.0,0.0,0.0,0.0,0.0,0.0,0.0,0.0,0.0,0.0,0.0,0.0,0.0,847.0,2627.0,0.0,0.0,0.0,0.0,0.0,0.0,0.0,0.0,0.0,0.0,0.0,0.0,0.0
353,Armin,Pecsi,Pecsi,u,Has joined TSV Hartberg on loan for the rest of the season,,4.0,644,71,0.0,558,66,0.0,409,45,0,0,0,0,0,0,246,0.0,0.0,0.0,0.0,0.0,409,45,0.0,0.0,391,45,383,24,310,23,401,45,,,,,,,,0.0,0.0,0.0,0.0,0.0,0.0,0.0,0.0,0.0,2,0,0.0,0.0,0.0,0.0,0.0,0.0,0.0,0.0,0.0,0.0,0.0,0.0,0.0,0.0,0.0,276.0,0.0,0.0,0.0,0.0,0.0,0.0,0.0,0.0,0.0,0.0,0.0,0.0,0.0
354,Vitezslav,Jaros,Jaros,i,Knee injury - Unknown return date,,4.0,608,64,0.0,572,68,0.0,381,38,0,0,0,0,0,294,229,0.0,0.0,0.0,0.0,0.0,381,38,0.0,0.0,363,38,355,17,279,16,373,38,,,,,,,,0.0,0.0,0.0,0.0,0.0,0.0,0.0,0.0,0.0,2,0,0.0,0.0,0.0,0.0,0.0,0.0,0.0,0.0,0.0,0.0,0.0,0.0,0.0,0.0,323.0,249.0,0.0,0.0,0.0,0.0,0.0,0.0,0.0,0.0,0.0,0.0,0.0,0.0,0.0
355,Harvey,Davies,Davies,a,,,4.0,618,67,0.2,373,43,0.0,386,41,0,0,0,0,0,1276,888,0.0,0.0,0.0,0.0,0.0,386,41,,,368,41,360,20,285,19,378,41,,,,,,,,0.0,0.0,0.0,0.0,0.0,0.0,0.0,0.0,0.0,2,0,0.0,0.0,0.0,0.0,0.0,0.0,0.0,0.0,0.0,0.0,0.0,0.0,0.0,0.0,1357.0,979.0,0.0,0.0,0.0,0.0,0.0,0.0,0.0,0.0,0.0,0.0,0.0,0.0,0.0
356,Virgil,van Dijk,Virgil,a,,,6.5,33,2,17.8,21,6,1.5,208,67,1,0,0,0,0,47807,218740,0.2,0.5,1.5,1.5,1.5,221,67,,,55,18,203,66,73,16,96,34,,,,,,,,0.12,0.02,0.14,1.94,0.0,0.0,2.0,1.0,9.0,2,1,90.0,0.0,0.0,0.0,2.0,0.0,0.0,0.0,0.0,0.0,0.0,1.0,0.0,5.0,59130.0,231226.0,0.0,0.0,0.03,0.02999999999999997,2.3,24.6,4.300000000000001,2.0,3.0999999999999996,0.0,7.0,5.0,7.0
357,Jeremie,Frimpong,Frimpong,a,,,5.5,147,17,3.1,105,41,0.5,333,118,1,0,0,0,0,18554,54137,0.1,0.2,0.5,0.5,0.5,353,120,,,147,65,29,5,119,36,76,22,,,,,,,,0.01,0.06,0.07,2.14,0.0,0.0,2.25,1.12,4.5,2,1,70.0,0.0,0.0,0.0,2.0,0.0,0.0,0.0,0.0,0.0,0.0,1.0,0.0,9.0,22975.0,59022.0,0.0,0.0,0.020000000000000004,0.01999999999999999,2.23,12.799999999999999,13.800000000000004,4.0,3.0999999999999996,2.0,4.0,3.0,6.0
358,Milos,Kerkez,Kerkez,a,,,5.5,194,26,3.0,107,43,0.5,341,121,1,0,0,0,0,9732,50427,0.1,0.2,0.5,0.5,0.5,355,122,,,84,37,94,29,134,42,98,35,,,,,,,,0.01,0.02,0.03,2.14,0.0,0.0,2.25,1.12,8.44,2,1,70.0,0.0,0.0,0.0,2.0,0.0,0.0,0.0,0.0,0.0,0.0,1.0,0.0,9.0,12482.0,55785.0,0.0,0.0,0.009999999999999998,0.010000000000000002,2.23,24.0,12.8,0.0,3.6999999999999993,1.0,7.0,4.0,8.0
359,Joe,Gomez,Gomez,i,Muscular injury - Unknown return date,,5.0,257,39,0.0,581,198,0.0,533,196,0,0,0,0,0,59,276,0.0,0.0,0.0,0.0,0.0,533,196,0.0,0.0,518,198,520,199,471,191,526,198,,,,,,,,0.0,0.0,0.0,0.0,0.0,0.0,0.0,0.0,0.0,2,0,0.0,0.0,0.0,0.0,0.0,0.0,0.0,0.0,0.0,0.0,0.0,0.0,0.0,0.0,70.0,306.0,0.0,0.0,0.0,0.0,0.0,0.0,0.0,0.0,0.0,0.0,0.0,0.0,0.0
360,Conor,Bradley,Bradley,i,Knee injury - Unknown return date,,5.0,335,63,0.0,599,201,0.0,566,205,0,0,0,0,0,92,184,0.0,0.0,0.0,0.0,0.0,566,205,0.0,0.0,553,206,559,206,521,202,561,206,,,,,,,,0.0,0.0,0.0,0.0,0.0,0.0,0.0,0.0,0.0,2,0,0.0,0.0,0.0,0.0,0.0,0.0,0.0,0.0,0.0,0.0,0.0,0.0,0.0,0.0,100.0,199.0,0.0,0.0,0.0,0.0,0.0,0.0,0.0,0.0,0.0,0.0,0.0,0.0,0.0
361,Wellity,Lucky,Lucky,a,,,4.0,629,192,0.1,399,143,0.0,397,140,0,0,0,0,0,1123,1164,0.0,0.0,0.0,0.0,0.0,397,140,,,379,142,371,140,296,114,389,142,,,,,,,,0.0,0.0,0.0,0.0,0.0,0.0,0.0,0.0,0.0,2,0,0.0,0.0,0.0,0.0,0.0,0.0,0.0,0.0,0.0,0.0,0.0,0.0,0.0,0.0,1182.0,1304.0,0.0,0.0,0.0,0.0,0.0,0.0,0.0,0.0,0.0,0.0,0.0,0.0,0.0
11,Cristhian,Mosquera,Mosquera,a,,,5.5,187,25,4.9,75,31,6.0,41,16,6,0,0,0,0,11881,71297,1.1,2.2,6.0,6.0,6.0,44,17,,,157,71,249,85,605,210,227,88,,,,,,,,0.0,0.01,0.01,0.28,0.0,1.07,0.0,1.07,5.36,2,6,78.0,0.0,0.0,1.0,0.0,0.0,0.0,0.0,0.0,0.0,0.0,1.0,0.0,25.0,13569.0,80934.0,0.0,0.0,0.01,0.01,0.33,10.200000000000001,1.4,0.0,1.2000000000000002,0.0,4.0,0.0,4.0
362,Jeremy,Jacquet,Jacquet,a,,,5.0,376,68,2.6,112,45,2.0,156,54,3,0,0,0,0,42072,31097,0.4,0.8,2.0,2.0,2.0,168,56,100.0,100.0,79,33,91,28,235,88,116,42,,,,,,,,0.0,0.04,0.04,2.03,0.0,0.0,2.48,1.24,8.69,2,3,76.0,0.0,0.0,0.0,2.0,0.0,0.0,0.0,0.0,0.0,0.0,1.0,0.0,13.0,45578.0,33833.0,0.0,0.0,0.05,0.05,2.23,30.800000000000004,15.1,2.0,4.800000000000001,3.0,8.0,4.0,11.0
363,Giovanni,Leoni,Leoni,i,Knee injury - Unknown return date,,4.0,651,213,0.0,517,179,0.0,414,156,0,0,0,0,0,278,508,0.0,0.0,0.0,0.0,0.0,414,156,0.0,0.0,396,158,388,156,316,133,406,158,,,,,,,,0.0,0.0,0.0,0.0,0.0,0.0,0.0,0.0,0.0,2,0,0.0,0.0,0.0,0.0,0.0,0.0,0.0,0.0,0.0,0.0,0.0,0.0,0.0,0.0,296.0,556.0,0.0,0.0,0.0,0.0,0.0,0.0,0.0,0.0,0.0,0.0,0.0,0.0,0.0
364,Kostas,Tsimikas,Tsimikas,a,,,5.0,276,43,0.1,462,162,0.5,305,113,1,0,0,0,0,385,874,0.1,0.2,0.5,0.5,1.0,271,105,,,295,112,273,98,156,51,281,102,,,,,,,,0.19,0.05,0.24,0.33,0.0,0.0,0.0,0.0,0.0,2,1,19.0,0.0,0.0,0.0,0.0,0.0,0.0,0.0,0.0,0.0,0.0,0.0,0.0,4.0,417.0,1003.0,0.0,0.04,0.01,0.05,0.07,3.6,1.3,9.0,1.4,0.0,0.0,0.0,0.0
365,Calvin,Ramsay,Ramsay,u,Has joined St Mirren on loan for the rest of the season,,4.0,622,187,0.1,392,141,0.0,390,135,0,0,0,0,0,0,4516,0.0,0.0,0.0,0.0,0.0,390,135,0.0,0.0,372,137,364,135,289,109,382,137,,,,,,,,0.0,0.0,0.0,0.0,0.0,0.0,0.0,0.0,0.0,2,0,0.0,0.0,0.0,0.0,0.0,0.0,0.0,0.0,0.0,0.0,0.0,0.0,0.0,0.0,0.0,5361.0,0.0,0.0,0.0,0.0,0.0,0.0,0.0,0.0,0.0,0.0,0.0,0.0,0.0
366,Florian,Wirtz,Wirtz,a,,,7.5,19,12,10.1,40,15,3.0,119,57,4,0,0,0,0,43488,146437,0.4,0.8,3.0,3.0,3.0,125,57,,,107,40,46,36,33,21,35,28,3.0,2.0,4.0,,,,,0.29,0.14,0.43,1.66,0.0,0.0,2.37,1.18,8.88,2,4,90.0,0.0,1.0,0.0,2.0,0.0,0.0,0.0,1.0,0.0,0.0,1.0,0.0,23.0,46706.0,170286.0,0.0,0.22999999999999998,0.19999999999999998,0.43,2.3,27.8,24.300000000000004,22.0,7.3999999999999995,3.0,0.0,7.0,10.0
367,Cody,Gakpo,Gakpo,a,,,7.0,26,17,8.3,53,19,8.5,16,8,5,0,0,0,0,162431,95719,1.2,2.4,8.5,8.5,8.5,18,9,,,23,13,16,15,40,24,18,14,2.0,,3.0,,,,,0.17,0.45,0.62,2.14,0.0,0.0,2.25,1.12,8.44,2,5,70.0,0.0,1.0,0.0,2.0,0.0,0.0,0.0,0.0,0.0,0.0,1.0,0.0,21.0,201787.0,101315.0,0.0,0.0,0.65,0.6500000000000001,2.23,23.200000000000003,27.799999999999997,6.0,5.699999999999999,0.0,1.0,2.0,3.0
368,Dominik,Szoboszlai,Szoboszlai,a,,,7.0,27,18,41.4,5,2,6.0,45,22,4,0,0,0,0,184393,299430,0.9,1.7,6.0,6.0,6.0,48,24,,,15,10,7,7,78,44,9,8,1.0,1.0,1.0,,,,,0.5,0.22,0.72,1.94,0.0,0.0,2.0,1.0,10.0,2,4,90.0,0.0,0.0,0.0,2.0,0.0,0.0,0.0,0.0,0.0,0.0,1.0,0.0,24.0,228552.0,310955.0,0.0,0.16000000000000003,0.16999999999999998,0.32999999999999985,2.3,21.4,40.699999999999996,4.0,6.6,3.0,3.0,7.0,13.0
369,Rio,Ngumoha,Ngumoha,a,,,5.9,114,74,0.8,215,69,1.5,205,99,1,-1,1,-1,1,2826,27381,0.3,0.5,1.5,1.5,1.5,218,104,,,280,128,197,109,181,90,266,119,,,,,,,,0.04,0.06,0.1,0.64,0.0,0.0,2.22,1.11,3.33,2,1,19.0,0.0,0.0,0.0,0.0,0.0,0.0,0.0,0.0,0.0,0.0,0.0,0.0,5.0,3638.0,29785.0,0.0,0.0,0.030000000000000002,0.03,0.06999999999999995,2.0000000000000004,1.2999999999999998,2.0,0.5,0.0,0.0,0.0,0.0
370,Federico,Chiesa,Chiesa,i,Back injury - Unknown return date,,5.4,215,134,0.1,470,188,0.0,595,250,0,-1,1,-1,1,43,3727,0.0,0.0,0.0,0.0,0.0,595,250,0.0,0.0,583,244,590,250,561,228,591,247,,,,,,,,0.0,0.0,0.0,0.0,0.0,0.0,0.0,0.0,0.0,2,0,0.0,0.0,0.0,0.0,0.0,0.0,0.0,0.0,0.0,0.0,0.0,0.0,0.0,0.0,47.0,4496.0,0.0,0.0,0.0,0.0,0.0,0.0,0.0,0.0,0.0,0.0,0.0,0.0,0.0
373,Curtis,Jones,C.Jones,u,Has joined Internazionale permanently,,5.5,143,88,0.0,538,222,0.0,612,261,0,0,0,0,0,1,792,0.0,0.0,0.0,0.0,0.0,612,261,0.0,75.0,602,257,608,260,590,246,608,259,,,,,,,,0.0,0.0,0.0,0.0,0.0,0.0,0.0,0.0,0.0,2,0,0.0,0.0,0.0,0.0,0.0,0.0,0.0,0.0,0.0,0.0,0.0,0.0,0.0,0.0,5.0,908.0,0.0,0.0,0.0,0.0,0.0,0.0,0.0,0.0,0.0,0.0,0.0,0.0,0.0
374,Endo,Wataru,Endo,a,,,5.0,255,157,0.1,478,191,0.0,532,214,0,0,0,0,0,663,1224,0.0,0.0,0.0,0.0,0.0,532,214,100.0,100.0,517,204,519,211,470,173,525,207,,,,,,,,0.0,0.0,0.0,0.0,0.0,0.0,0.0,0.0,0.0,2,0,0.0,0.0,0.0,0.0,0.0,0.0,0.0,0.0,0.0,0.0,0.0,0.0,0.0,0.0,703.0,1331.0,0.0,0.0,0.0,0.0,0.0,0.0,0.0,0.0,0.0,0.0,0.0,0.0,0.0
375,Trey,Nyoni,Nyoni,a,,,5.0,375,228,0.0,518,214,0.5,321,148,1,0,0,0,0,412,656,0.1,0.2,0.5,0.5,1.0,291,131,,,257,114,240,127,545,218,296,133,,,,,,,,0.0,0.0,0.0,0.48,0.0,0.0,0.0,0.0,34.62,2,1,13.0,0.0,0.0,0.0,0.0,0.0,0.0,0.0,0.0,0.0,0.0,0.0,0.0,3.0,425.0,739.0,0.0,0.0,0.0,0.0,0.07,6.4,2.2,0.0,0.9,2.0,1.0,2.0,5.0
376,Stefan,Bajčetić Maquieira,Bajcetic,u,Has joined Celta Vigo permanently,,5.0,358,213,0.0,641,282,0.0,575,237,0,0,0,0,0,11,37,0.0,0.0,0.0,0.0,0.0,575,237,0.0,0.0,562,230,569,236,532,206,570,233,,,,,,,,0.0,0.0,0.0,0.0,0.0,0.0,0.0,0.0,0.0,2,0,0.0,0.0,0.0,0.0,0.0,0.0,0.0,0.0,0.0,0.0,0.0,0.0,0.0,0.0,12.0,39.0,0.0,0.0,0.0,0.0,0.0,0.0,0.0,0.0,0.0,0.0,0.0,0.0,0.0
377,Victor,Munoz,Munoz,a,,,6.5,47,32,1.2,171,53,5.0,61,29,6,0,0,0,0,60731,17586,0.8,1.5,5.0,5.0,5.0,65,31,,,71,28,100,62,39,23,49,35,,,,,,,,0.32,0.18,0.5,2.59,0.0,0.0,1.54,0.77,5.38,2,6,90.0,1.0,0.0,0.0,2.0,0.0,0.0,0.0,1.0,0.0,0.0,1.0,0.0,24.0,61742.0,18569.0,0.0,0.31999999999999995,0.19,0.51,2.3,42.2,16.799999999999997,29.0,8.8,2.0,4.0,1.0,7.0
378,James,McConnell,McConnell,a,,,4.5,512,268,0.2,319,113,0.0,457,179,0,0,0,0,0,1105,2685,0.0,0.0,0.0,0.0,0.0,457,179,,,438,167,440,176,382,134,448,172,,,,,,,,0.0,0.0,0.0,0.0,0.0,0.0,0.0,0.0,0.0,2,0,0.0,0.0,0.0,0.0,0.0,0.0,0.0,0.0,0.0,0.0,0.0,0.0,0.0,0.0,1152.0,3042.0,0.0,0.0,0.0,0.0,0.0,0.0,0.0,0.0,0.0,0.0,0.0,0.0,0.0
379,Alexander,Isak,Isak,a,,,9.0,5,2,16.6,22,4,5.0,63,6,8,0,0,0,0,120351,154468,0.6,1.1,5.0,5.0,5.0,67,7,,,72,6,106,10,1,1,10,2,,,2.0,,,,,1.04,0.0,1.04,1.94,0.0,0.0,2.0,1.0,1.0,2,8,90.0,1.0,0.0,0.0,2.0,0.0,0.0,0.0,0.0,0.0,0.0,1.0,2.0,30.0,135208.0,172323.0,0.0,0.99,0.0,0.9899999999999998,2.3,34.0,10.299999999999999,48.0,9.2,1.0,0.0,0.0,1.0
13,Declan,Rice,Rice,a,,,7.5,16,10,14.7,28,10,4.0,87,39,5,0,0,0,0,17734,187980,0.5,1.1,4.0,4.0,4.0,93,41,,,134,49,67,46,246,120,128,64,1.0,1.0,,,,,,0.04,0.11,0.15,0.23,0.0,1.19,0.0,1.19,10.73,2,5,84.0,0.0,0.0,1.0,0.0,0.0,0.0,0.0,0.0,0.0,0.0,1.0,0.0,19.0,21201.0,213812.0,0.0,0.0,0.09999999999999999,0.1,0.33,24.0,27.6,0.0,5.2,3.0,2.0,7.0,12.0
380,Hugo,Ekitiké,Ekitiké,i,Achilles injury - Unknown return date,,7.5,20,7,0.1,401,56,0.0,649,77,0,0,0,0,0,594,2951,0.0,0.0,0.0,0.0,0.0,649,77,0.0,0.0,650,77,650,77,650,77,650,77,,,,,,,,0.0,0.0,0.0,0.0,0.0,0.0,0.0,0.0,0.0,2,0,0.0,0.0,0.0,0.0,0.0,0.0,0.0,0.0,0.0,0.0,0.0,0.0,0.0,0.0,636.0,3264.0,0.0,0.0,0.0,0.0,0.0,0.0,0.0,0.0,0.0,0.0,0.0,0.0,0.0
381,Lewis,Koumas,Koumas,a,,,5.0,352,209,0.0,552,226,0.5,316,144,0,0,0,0,0,135,315,0.1,0.2,0.5,0.5,1.0,285,126,,,323,146,308,155,171,83,295,132,,,,,,,,0.22,0.0,0.22,3.6,0.0,0.0,0.0,0.0,7.5,2,0,0.0,0.0,0.0,0.0,0.0,0.0,0.0,0.0,0.0,0.0,0.0,0.0,0.0,0.0,159.0,349.0,0.0,0.0,0.0,0.0,0.0,0.0,0.0,0.0,0.0,0.0,0.0,0.0,0.0
382,Jayden,Danns,Danns,a,,,4.5,516,67,0.0,510,68,0.0,461,45,0,0,0,0,0,935,611,0.0,0.0,0.0,0.0,0.0,461,45,100.0,0.0,442,37,444,43,386,39,452,42,,,,,,,,0.0,0.0,0.0,0.0,0.0,0.0,0.0,0.0,0.0,2,0,0.0,0.0,0.0,0.0,0.0,0.0,0.0,0.0,0.0,0.0,0.0,0.0,0.0,0.0,965.0,680.0,0.0,0.0,0.0,0.0,0.0,0.0,0.0,0.0,0.0,0.0,0.0,0.0,0.0
383,Harvey,Elliott,Elliott,u,Has joined Valencia on loan for the rest of the season,,5.4,219,137,0.1,480,193,0.0,598,252,0,-1,1,-1,1,527,1836,0.0,0.0,0.0,0.0,0.0,598,252,0.0,,585,246,591,251,562,229,592,248,,,,,,,,0.0,0.0,0.0,0.0,0.0,0.0,0.0,0.0,0.0,2,0,0.0,0.0,0.0,0.0,0.0,0.0,0.0,0.0,0.0,0.0,0.0,0.0,0.0,0.0,573.0,1983.0,0.0,0.0,0.0,0.0,0.0,0.0,0.0,0.0,0.0,0.0,0.0,0.0,0.0
579,Ronald,Araujo,Araujo,a,,,5.4,220,31,2.2,122,51,0.5,326,116,0,-1,1,-1,1,9768,67788,0.1,0.2,0.5,0.5,0.5,352,119,,,183,80,223,71,563,205,248,92,,,,,,,,0.0,0.11,0.11,1.66,0.0,0.0,0.0,0.0,13.64,2,0,13.0,0.0,0.0,0.0,0.0,0.0,0.0,0.0,1.0,0.0,0.0,0.0,0.0,-1.0,11431.0,72253.0,0.0,0.0,0.010000000000000002,0.010000000000000002,0.06999999999999995,5.800000000000001,2.3,0.0,0.8000000000000003,0.0,1.0,2.0,1.0
627,Bradley,Barcola,Barcola,a,,,8.0,10,7,1.0,193,59,0.0,651,288,0,0,0,0,0,92307,10619,0.0,0.0,2.8,2.8,0.0,651,288,,,652,289,652,289,652,289,652,289,,,,,,,,0.0,0.0,0.0,0.0,0.0,0.0,0.0,0.0,0.0,2,0,0.0,0.0,0.0,0.0,0.0,0.0,0.0,0.0,0.0,0.0,0.0,0.0,0.0,0.0,92307.0,10619.0,0.0,0.0,0.0,0.0,0.0,0.0,0.0,0.0,0.0,0.0,0.0,0.0,0.0
155,Enzo,Fernández,Enzo,a,,,6.9,30,19,3.4,94,30,0.5,357,170,0,-1,1,-1,1,23116,111516,0.1,0.1,0.5,0.5,1.0,339,165,,,298,135,171,101,646,286,279,125,,,,,,,,0.0,0.07,0.07,1.01,0.0,0.0,0.0,0.0,10.8,2,0,0.0,0.0,0.0,0.0,0.0,0.0,0.0,0.0,0.0,0.0,0.0,0.0,0.0,0.0,23854.0,130878.0,0.0,0.0,0.0,0.0,0.0,0.0,0.0,0.0,0.0,0.0,0.0,0.0,0.0
237,Iliman,Ndiaye,Ndiaye,a,,,6.0,72,49,13.2,32,12,6.5,29,16,4,0,0,0,0,70351,281951,1.1,2.2,6.5,6.5,6.5,31,17,,,46,22,26,23,25,15,21,16,,,,,,,,0.13,0.2,0.33,2.06,0.0,0.5,0.5,1.0,12.5,2,4,90.0,0.0,0.0,0.0,1.0,0.0,0.0,0.0,0.0,0.0,0.0,1.0,0.0,16.0,92976.0,297614.0,0.0,0.020000000000000018,0.07,0.08999999999999997,2.16,12.600000000000001,14.5,10.0,3.700000000000001,1.0,5.0,7.0,13.0
384,Gianluigi,Donnarumma,Donnarumma,a,,,5.5,141,4,8.0,55,7,1.5,194,17,0,0,0,0,0,51686,98739,0.3,0.5,1.5,1.5,1.5,208,20,,,122,13,607,70,589,70,210,13,,,,,,,,0.0,0.0,0.0,0.66,2.0,0.0,1.0,1.0,0.0,2,0,90.0,0.0,0.0,0.0,1.0,1.0,0.0,0.0,0.0,0.0,1.0,1.0,0.0,5.0,57318.0,104887.0,0.0,0.0,0.0,0.0,0.66,6.800000000000001,0.0,0.0,0.6999999999999997,0.0,0.0,8.0,0.0
386,Marcus,Bettinelli,Bettinelli,a,,,4.5,440,31,0.0,542,62,0.0,426,52,0,0,0,0,0,138,312,0.0,0.0,0.0,0.0,0.0,426,52,,,407,52,401,33,335,32,417,52,,,,,,,,0.0,0.0,0.0,0.0,0.0,0.0,0.0,0.0,0.0,2,0,0.0,0.0,0.0,0.0,0.0,0.0,0.0,0.0,0.0,0.0,0.0,0.0,0.0,0.0,160.0,348.0,0.0,0.0,0.0,0.0,0.0,0.0,0.0,0.0,0.0,0.0,0.0,0.0,0.0
387,Nico,O'Reilly,O'Reilly,a,,,6.5,42,4,19.0,16,3,2.0,173,57,2,0,0,0,0,68663,225173,0.3,0.6,2.0,2.0,2.0,186,59,,,225,91,53,11,110,31,132,47,,,,,,,,0.05,0.26,0.31,0.73,0.0,0.0,1.2,1.2,1.8,2,2,88.0,0.0,0.0,0.0,1.0,0.0,0.0,0.0,0.0,0.0,0.0,1.0,0.0,11.0,78753.0,242458.0,0.0,0.01999999999999999,0.020000000000000018,0.040000000000000036,0.6599999999999999,3.5999999999999996,7.800000000000004,5.0,1.5999999999999996,1.0,0.0,2.0,1.0
388,Marc,Guéhi,Guéhi,a,,,6.0,66,6,18.9,17,4,6.0,43,17,2,0,0,0,0,99404,145602,1.0,2.0,6.0,6.0,6.0,46,18,,,20,4,71,19,67,13,37,4,,,,,,,,0.44,0.18,0.62,0.66,0.0,0.0,1.0,1.0,4.5,2,2,90.0,0.0,0.0,0.0,1.0,0.0,0.0,0.0,0.0,0.0,0.0,1.0,0.0,12.0,125929.0,152848.0,0.0,0.0,0.03999999999999998,0.040000000000000036,0.66,24.199999999999996,15.799999999999997,0.0,4.0,0.0,5.0,4.0,5.0
389,Matheus,Nunes,Matheus N.,d,Unspecified injury - 75% chance of playing,,6.0,78,9,1.1,190,74,0.5,348,122,0,0,0,0,0,208,31997,0.1,0.2,0.4,0.4,1.0,329,111,75.0,75.0,293,110,266,92,208,75,298,107,,,4.0,,,,,0.0,0.11,0.11,0.27,0.0,0.0,0.0,0.0,2.73,2,0,0.0,0.0,0.0,0.0,0.0,0.0,0.0,0.0,0.0,0.0,0.0,0.0,0.0,0.0,249.0,37222.0,0.0,0.0,0.0,0.0,0.0,0.0,0.0,0.0,0.0,0.0,0.0,0.0,0.0
390,Rúben,dos Santos Gato Alves Dias,Rúben,a,,,5.5,130,13,1.8,138,56,2.0,160,55,2,0,0,0,0,15010,19185,0.4,0.7,2.0,2.0,2.0,172,57,,,51,15,50,10,50,9,39,5,,,,,,,,0.04,0.36,0.4,0.66,0.0,0.0,1.0,1.0,6.0,2,2,90.0,0.0,0.0,0.0,1.0,0.0,0.0,0.0,0.0,0.0,0.0,1.0,0.0,19.0,16152.0,21019.0,0.0,0.09,0.57,0.66,0.66,27.0,22.300000000000004,35.0,8.4,1.0,5.0,6.0,6.0
391,Joško,Gvardiol,Gvardiol,a,,,5.6,119,12,18.1,20,5,7.0,26,10,5,1,-1,1,-1,412866,83947,1.3,2.5,7.0,7.0,7.0,28,11,,,10,2,43,8,94,25,31,2,,,,,,,,0.1,0.05,0.15,0.72,0.0,0.0,1.1,1.1,4.94,2,5,74.0,0.0,1.0,0.0,1.0,0.0,0.0,0.0,0.0,0.0,0.0,1.0,0.0,18.0,454589.0,90166.0,0.0,0.0,0.039999999999999994,0.040000000000000036,0.66,27.6,30.8,2.0,6.000000000000001,1.0,1.0,0.0,2.0
393,Abdukodir,Khusanov,Khusanov,a,,,5.5,205,29,1.6,144,60,2.0,166,56,2,0,0,0,0,7733,19446,0.4,0.7,2.0,2.0,2.0,179,58,,,105,47,191,60,205,74,171,63,,,,,,,,0.0,0.02,0.02,0.66,0.0,0.0,1.01,1.01,5.56,2,2,88.0,0.0,0.0,0.0,1.0,0.0,0.0,0.0,0.0,0.0,0.0,1.0,0.0,17.0,8370.0,21652.0,0.0,0.0,0.02,0.02,0.66,21.0,5.299999999999999,4.0,3.0,4.0,3.0,3.0,7.0
394,Max,Alleyne,Alleyne,u,Has joined Burnley on loan for the rest of the season,,5.0,337,64,0.0,614,204,0.0,568,206,0,0,0,0,0,0,123,0.0,0.0,0.0,0.0,0.0,568,206,0.0,0.0,555,207,561,207,523,203,563,207,,,,,,,,0.0,0.0,0.0,0.0,0.0,0.0,0.0,0.0,0.0,2,0,0.0,0.0,0.0,0.0,0.0,0.0,0.0,0.0,0.0,0.0,0.0,0.0,0.0,0.0,0.0,149.0,0.0,0.0,0.0,0.0,0.0,0.0,0.0,0.0,0.0,0.0,0.0,0.0,0.0
392,Rayan,Aït-Nouri,Aït-Nouri,a,,,5.4,222,33,0.6,242,90,0.0,599,209,0,-1,1,-1,1,1775,19992,0.0,0.0,0.0,0.0,0.0,599,209,,,586,209,592,209,565,207,593,209,,,,,,,,0.0,0.0,0.0,0.0,0.0,0.0,0.0,0.0,0.0,2,0,0.0,0.0,0.0,0.0,0.0,0.0,0.0,0.0,0.0,0.0,0.0,0.0,0.0,0.0,1981.0,22773.0,0.0,0.0,0.0,0.0,0.0,0.0,0.0,0.0,0.0,0.0,0.0,0.0,0.0
395,Rico,Lewis,Lewis,a,,,4.5,504,132,0.2,324,121,0.5,289,104,0,0,0,0,0,1757,4684,0.1,0.2,0.5,0.5,1.0,251,94,,,292,109,218,69,46,6,180,67,,,,,,,,0.27,0.03,0.3,0.88,0.0,0.0,1.61,1.61,3.21,2,0,0.0,0.0,0.0,0.0,0.0,0.0,0.0,0.0,0.0,0.0,0.0,0.0,0.0,0.0,2326.0,5059.0,0.0,0.0,0.0,0.0,0.0,0.0,0.0,0.0,0.0,0.0,0.0,0.0,0.0
396,Vitor,de Oliveira Nunes dos Reis,Vitor Reis,a,,,4.5,559,152,0.0,547,190,0.5,293,107,1,0,0,0,0,104,219,0.1,0.2,0.5,0.5,1.0,257,99,,,322,120,284,103,424,180,333,120,,,,,,,,0.0,0.0,0.0,0.0,0.0,0.0,0.0,0.0,0.0,2,1,1.0,0.0,0.0,0.0,0.0,0.0,0.0,0.0,0.0,0.0,0.0,0.0,0.0,3.0,115.0,262.0,0.0,0.0,0.0,0.0,0.0,1.2,0.9,0.0,0.2,0.0,0.0,0.0,0.0
397,Antoine,Semenyo,Semenyo,a,,,8.5,6,4,20.4,14,7,3.5,97,42,5,0,0,0,0,48603,322738,0.4,0.8,3.5,3.5,3.5,102,43,,,117,43,28,24,13,8,22,17,,,2.0,,,,,0.06,0.3,0.36,0.66,0.0,0.0,1.0,1.0,4.0,2,5,90.0,0.0,1.0,0.0,1.0,0.0,0.0,0.0,0.0,0.0,0.0,1.0,0.0,33.0,57654.0,356407.0,0.0,0.06,0.57,0.63,0.66,29.2,43.0,40.0,11.200000000000001,1.0,0.0,2.0,3.0
398,Phil,Foden,Foden,a,,,7.0,25,16,5.3,68,22,5.0,62,30,9,0,0,0,0,149914,53357,0.7,1.4,5.0,5.0,5.0,66,32,,,47,23,4,4,60,35,11,9,3.0,2.0,,,,,,0.52,0.45,0.97,0.69,0.0,0.0,1.05,1.05,6.84,2,9,90.0,0.0,2.0,0.0,1.0,0.0,0.0,0.0,0.0,0.0,0.0,1.0,1.0,38.0,154137.0,62956.0,0.0,0.87,0.44999999999999996,1.32,0.66,42.800000000000004,45.800000000000004,17.0,10.600000000000001,1.0,2.0,4.0,7.0
399,Rayan,Cherki,Cherki,a,,,7.7,14,9,27.1,8,4,11.0,2,2,14,2,-2,2,-2,1359988,56112,1.4,2.9,11.0,11.0,11.0,3,3,,,2,2,3,3,30,19,2,2,1.0,1.0,,,,,,0.29,0.88,1.17,0.63,0.0,0.0,0.83,0.83,2.5,2,14,81.0,2.0,0.0,0.0,1.0,0.0,0.0,0.0,1.0,0.0,0.0,1.0,3.0,60.0,1396495.0,62838.0,0.0,0.35,0.55,0.8999999999999999,0.66,74.8,47.8,49.0,17.2,0.0,0.0,3.0,3.0
400,Jérémy,Doku,Doku,i,Calf injury - Expected back 5 Sep,,7.4,21,13,0.9,201,62,0.0,647,286,0,-1,1,-1,1,408,28280,0.0,0.0,0.0,0.0,0.0,647,286,0.0,0.0,648,287,648,287,648,287,648,287,,,3.0,,,,,0.0,0.0,0.0,0.0,0.0,0.0,0.0,0.0,0.0,2,0,0.0,0.0,0.0,0.0,0.0,0.0,0.0,0.0,0.0,0.0,0.0,0.0,0.0,0.0,439.0,36453.0,0.0,0.0,0.0,0.0,0.0,0.0,0.0,0.0,0.0,0.0,0.0,0.0,0.0
402,Rodrigo 'Rodri',Hernandez Cascante,Rodrigo,u,Has joined Barcelona permanently,,6.5,36,24,0.0,588,248,0.0,642,283,0,0,0,0,0,0,246,0.0,0.0,0.0,0.0,0.0,642,283,0.0,0.0,643,284,643,284,642,283,643,284,,,,,,,,0.0,0.0,0.0,0.0,0.0,0.0,0.0,0.0,0.0,2,0,0.0,0.0,0.0,0.0,0.0,0.0,0.0,0.0,0.0,0.0,0.0,0.0,0.0,0.0,0.0,276.0,0.0,0.0,0.0,0.0,0.0,0.0,0.0,0.0,0.0,0.0,0.0,0.0,0.0
404,Tijjani,Reijnders,Reijnders,u,Has joined Al Qadsiah permanently,,6.0,70,48,0.0,502,206,0.0,633,276,0,0,0,0,0,0,1487,0.0,0.0,0.0,0.0,0.0,633,276,0.0,0.0,632,277,633,277,628,273,633,277,,,,,,,,0.0,0.0,0.0,0.0,0.0,0.0,0.0,0.0,0.0,2,0,0.0,0.0,0.0,0.0,0.0,0.0,0.0,0.0,0.0,0.0,0.0,0.0,0.0,0.0,0.0,1854.0,0.0,0.0,0.0,0.0,0.0,0.0,0.0,0.0,0.0,0.0,0.0,0.0,0.0
406,Mateo,Kovačić,Kovačić,a,,,5.5,123,80,0.1,447,178,1.0,250,117,1,0,0,0,0,565,1736,0.2,0.4,1.0,1.0,1.0,305,142,,,283,130,208,114,579,241,297,134,,,,,,,,0.0,0.04,0.04,0.21,0.0,0.0,0.0,0.0,4.29,2,1,15.0,0.0,0.0,0.0,0.0,0.0,0.0,0.0,0.0,0.0,0.0,0.0,0.0,9.0,679.0,1912.0,0.0,0.0,0.01,0.01,0.0,2.0,3.1,0.0,0.5,0.0,0.0,0.0,0.0
407,Claudio,Echeverri,Echeverri,u,Has joined Benfica on loan for the rest of the season,,4.9,418,255,0.0,574,238,0.0,522,208,0,-1,1,-1,1,157,383,0.0,0.0,0.0,0.0,0.0,522,208,0.0,,505,197,507,205,454,164,514,201,,,,,,,,0.0,0.0,0.0,0.0,0.0,0.0,0.0,0.0,0.0,2,0,0.0,0.0,0.0,0.0,0.0,0.0,0.0,0.0,0.0,0.0,0.0,0.0,0.0,0.0,165.0,429.0,0.0,0.0,0.0,0.0,0.0,0.0,0.0,0.0,0.0,0.0,0.0,0.0,0.0
408,Kalvin,Phillips,Phillips,u,Has joined Sheffield United on loan for the rest of the season,,5.0,252,154,0.0,613,262,0.0,531,213,0,0,0,0,0,0,135,0.0,0.0,0.0,0.0,0.0,531,213,0.0,0.0,516,203,518,210,467,170,524,206,,,,,,,,0.0,0.0,0.0,0.0,0.0,0.0,0.0,0.0,0.0,2,0,0.0,0.0,0.0,0.0,0.0,0.0,0.0,0.0,0.0,0.0,0.0,0.0,0.0,0.0,0.0,161.0,0.0,0.0,0.0,0.0,0.0,0.0,0.0,0.0,0.0,0.0,0.0,0.0,0.0
409,Divine,Mukasa,Mukasa,u,has joined West Ham on loan for the rest of the seaon.,,4.5,547,278,0.2,371,140,0.0,487,188,0,0,0,0,0,694,2750,0.0,0.0,0.0,0.0,0.0,487,188,0.0,,469,176,470,185,414,143,479,181,,,,,,,,0.0,0.0,0.0,0.0,0.0,0.0,0.0,0.0,0.0,2,0,0.0,0.0,0.0,0.0,0.0,0.0,0.0,0.0,0.0,0.0,0.0,0.0,0.0,0.0,776.0,3069.0,0.0,0.0,0.0,0.0,0.0,0.0,0.0,0.0,0.0,0.0,0.0,0.0,0.0
410,Jeremy,Monga,Monga,u,Has joined Swansea City on loan for the rest of the season,,4.9,419,256,0.0,582,243,0.0,523,209,0,-1,1,-1,1,143,340,0.0,0.0,0.0,0.0,0.0,523,209,0.0,,506,198,508,206,455,165,515,202,,,,,,,,0.0,0.0,0.0,0.0,0.0,0.0,0.0,0.0,0.0,2,0,0.0,0.0,0.0,0.0,0.0,0.0,0.0,0.0,0.0,0.0,0.0,0.0,0.0,0.0,148.0,376.0,0.0,0.0,0.0,0.0,0.0,0.0,0.0,0.0,0.0,0.0,0.0,0.0,0.0
411,Erling,Haaland,Haaland,a,,,15.5,1,1,71.2,1,1,7.5,24,2,13,0,0,0,0,292276,33381,0.5,1.0,7.5,7.5,7.5,25,2,,,13,2,207,27,2,2,13,3,,,1.0,,,,,0.7,0.01,0.71,0.66,0.0,0.0,1.0,1.0,4.0,2,13,90.0,2.0,0.0,0.0,1.0,0.0,0.0,0.0,0.0,0.0,0.0,1.0,3.0,60.0,304564.0,50743.0,0.0,0.6599999999999999,0.0,0.6599999999999999,0.66,69.0,0.09999999999999964,51.0,11.999999999999998,0.0,3.0,2.0,5.0
481,Elliot,Anderson,Anderson,a,,,6.4,50,35,5.2,69,23,2.5,144,69,3,0,0,-1,1,29464,99253,0.4,0.8,2.5,2.5,2.5,149,69,100.0,100.0,129,48,48,38,127,64,87,49,2.0,,,,,,,0.04,0.3,0.34,0.76,0.0,0.0,1.26,1.26,12.59,2,3,81.0,0.0,0.0,0.0,1.0,0.0,0.0,0.0,1.0,0.0,0.0,1.0,0.0,25.0,32687.0,113388.0,0.0,0.07,0.21999999999999997,0.29000000000000004,0.6599999999999999,25.000000000000004,20.2,13.0,5.8,5.0,4.0,5.0,14.0
5,Jurriën,Timber,J.Timber,i,Groin injury - Unknown return date,,6.5,40,3,0.1,446,157,0.0,644,214,0,0,0,0,0,448,2059,0.0,0.0,0.0,0.0,0.0,644,214,0.0,0.0,645,214,645,214,644,214,645,214,,,,,,,,0.0,0.0,0.0,0.0,0.0,0.0,0.0,0.0,0.0,2,0,0.0,0.0,0.0,0.0,0.0,0.0,0.0,0.0,0.0,0.0,0.0,0.0,0.0,0.0,481.0,2360.0,0.0,0.0,0.0,0.0,0.0,0.0,0.0,0.0,0.0,0.0,0.0,0.0,0.0
616,Ayyoub,Bouaddi,Bouaddi,a,,,5.5,209,131,0.1,383,146,1.0,258,124,1,0,0,0,0,8309,2682,0.2,0.2,2.0,2.0,1.0,320,151,,,314,140,215,118,612,263,309,141,,,,,,,,0.0,1.35,1.35,0.0,0.0,0.0,0.0,0.0,11.25,2,1,8.0,0.0,0.0,0.0,0.0,0.0,0.0,0.0,0.0,0.0,0.0,0.0,0.0,3.0,10073.0,2914.0,0.0,0.0,0.12,0.12,0.0,1.8,4.3,0.0,0.6,0.0,1.0,0.0,1.0
621,Ryan,McAidoo,McAidoo,a,,,4.5,560,284,0.1,454,180,1.0,228,104,1,0,0,0,0,5813,1635,0.2,0.2,1.0,1.0,1.0,258,108,,,479,181,306,154,249,121,342,159,,,,,,,,1.12,0.0,1.12,0.0,0.0,0.0,0.0,0.0,0.0,2,1,8.0,0.0,0.0,0.0,0.0,0.0,0.0,0.0,0.0,0.0,0.0,0.0,0.0,3.0,5813.0,1635.0,0.0,0.1,0.0,0.1,0.0,0.0,0.5,1.0,0.1,0.0,0.0,0.0,0.0
622,Kaden,Braithwaite,Braithwaite,a,,,4.0,637,200,0.1,407,145,1.0,212,70,1,0,0,0,0,8187,1828,0.2,0.2,1.0,1.0,1.0,229,74,,,329,122,288,105,303,121,340,121,,,,,,,,0.0,0.0,0.0,0.0,0.0,0.0,0.0,0.0,0.0,2,1,1.0,0.0,0.0,0.0,0.0,0.0,0.0,0.0,0.0,0.0,0.0,0.0,0.0,3.0,8187.0,1828.0,0.0,0.0,0.0,0.0,0.0,0.6,0.8,0.0,0.1,0.0,0.0,1.0,0.0
628,Allan,Andrade Elias,Allan,a,,,6.0,88,58,0.0,631,275,0.0,638,279,0,0,0,0,0,225,65,0.0,0.0,2.2,2.2,0.0,638,279,,,639,280,639,280,635,276,639,280,,,,,,,,0.0,0.0,0.0,0.0,0.0,0.0,0.0,0.0,0.0,2,0,0.0,0.0,0.0,0.0,0.0,0.0,0.0,0.0,0.0,0.0,0.0,0.0,0.0,0.0,225.0,65.0,0.0,0.0,0.0,0.0,0.0,0.0,0.0,0.0,0.0,0.0,0.0,0.0,0.0
43,Youri,Tielemans,Tielemans,a,,,5.9,94,61,2.0,128,38,3.0,115,53,4,-1,1,-1,1,10213,40207,0.5,1.0,3.0,3.0,3.0,120,53,100.0,100.0,102,37,22,19,79,45,44,32,,,3.0,,,,,0.29,0.13,0.42,1.73,0.0,0.0,2.31,1.15,10.38,2,4,90.0,0.0,0.0,0.0,2.0,0.0,0.0,0.0,0.0,0.0,0.0,1.0,0.0,26.0,12090.0,45487.0,0.0,0.47000000000000003,0.11,0.58,2.06,33.2,46.3,20.0,10.0,2.0,4.0,7.0,13.0
131,Carlos,Baleba,Baleba,i,Ankle injury - Expected back 19 Sep,,5.0,357,212,0.1,375,142,0.0,574,236,0,0,0,0,0,1502,4240,0.0,0.0,0.0,0.0,0.0,574,236,0.0,0.0,561,229,568,235,531,205,569,232,,,,,,,,0.0,0.0,0.0,0.0,0.0,0.0,0.0,0.0,0.0,2,0,0.0,0.0,0.0,0.0,0.0,0.0,0.0,0.0,0.0,0.0,0.0,0.0,0.0,0.0,1628.0,4824.0,0.0,0.0,0.0,0.0,0.0,0.0,0.0,0.0,0.0,0.0,0.0,0.0,0.0
162,Andrey,Nascimento dos Santos,Andrey Santos,a,,,4.9,414,252,0.8,212,67,1.5,183,89,1,-1,1,-1,1,5842,19747,0.3,0.6,1.5,1.5,1.5,197,94,,,192,74,211,116,225,107,232,103,,,,,,,,0.0,0.27,0.27,2.3,0.0,0.0,3.55,1.18,16.58,2,1,10.0,0.0,0.0,0.0,1.0,0.0,0.0,0.0,0.0,0.0,0.0,0.0,0.0,2.0,6746.0,21692.0,0.0,0.0,0.0,0.0,1.0,6.200000000000001,0.7000000000000002,0.0,0.7,3.0,0.0,2.0,5.0
325,Karl,Darlow,Darlow,a,,,4.5,425,23,0.0,514,57,0.0,417,46,0,0,0,0,0,285,381,0.0,0.0,0.0,0.0,0.0,417,46,100.0,100.0,398,46,390,25,322,24,408,46,,,,,,,,0.0,0.0,0.0,0.0,0.0,0.0,0.0,0.0,0.0,2,0,0.0,0.0,0.0,0.0,0.0,0.0,0.0,0.0,0.0,0.0,0.0,0.0,0.0,0.0,323.0,417.0,0.0,0.0,0.0,0.0,0.0,0.0,0.0,0.0,0.0,0.0,0.0,0.0,0.0
412,Senne,Lammens,Lammens,a,,,5.0,317,16,13.8,30,5,1.5,189,16,2,0,0,0,0,26045,145696,0.3,0.6,1.5,1.5,1.5,203,19,,,68,10,549,64,507,64,181,11,,,,,,,,0.0,0.0,0.0,1.54,2.5,0.0,2.0,1.0,0.0,2,2,90.0,0.0,0.0,0.0,2.0,0.0,0.0,0.0,0.0,0.0,3.0,1.0,0.0,11.0,32850.0,157680.0,0.0,0.0,0.0,0.0,2.0599999999999996,27.000000000000004,0.0,0.0,2.7,0.0,1.0,6.0,0.0
413,Altay,Bayındır,Bayindir,u,Has joined Celta Vigo on loan for the rest of the season,,4.5,494,39,0.0,580,69,0.0,452,59,0,0,0,0,0,0,258,0.0,0.0,0.0,0.0,0.0,452,59,0.0,0.0,433,59,430,41,369,40,443,59,,,,,,,,0.0,0.0,0.0,0.0,0.0,0.0,0.0,0.0,0.0,2,0,0.0,0.0,0.0,0.0,0.0,0.0,0.0,0.0,0.0,0.0,0.0,0.0,0.0,0.0,0.0,299.0,0.0,0.0,0.0,0.0,0.0,0.0,0.0,0.0,0.0,0.0,0.0,0.0,0.0
414,Tom,Heaton,Heaton,i,Hamstring injury - Unknown return date,,4.0,575,49,0.1,450,51,0.0,358,23,0,0,0,0,0,372,793,0.0,0.0,0.0,0.0,0.0,358,23,0.0,0.0,340,23,330,2,252,1,349,23,,,,,,,,0.0,0.0,0.0,0.0,0.0,0.0,0.0,0.0,0.0,2,0,0.0,0.0,0.0,0.0,0.0,0.0,0.0,0.0,0.0,0.0,0.0,0.0,0.0,0.0,404.0,871.0,0.0,0.0,0.0,0.0,0.0,0.0,0.0,0.0,0.0,0.0,0.0,0.0,0.0
415,Patrick,Dorgu,Dorgu,a,,,5.9,112,72,0.8,217,71,0.5,346,162,1,-1,1,-1,1,2748,28038,0.1,0.2,0.5,0.5,0.5,357,170,,,253,112,162,98,28,18,136,69,,,,,,,,1.06,0.07,1.13,3.14,0.0,0.0,4.91,1.64,4.91,2,1,10.0,0.0,0.0,0.0,1.0,0.0,0.0,0.0,0.0,0.0,0.0,0.0,0.0,4.0,3434.0,32768.0,0.0,0.18000000000000005,0.010000000000000002,0.18999999999999995,0.9999999999999999,7.0,11.700000000000001,39.0,5.8,1.0,1.0,0.0,2.0
416,Matthijs,de Ligt,De Ligt,i,Back injury - Unknown return date,,5.0,272,42,0.0,554,191,0.0,537,197,0,0,0,0,0,80,407,0.0,0.0,0.0,0.0,0.0,537,197,0.0,0.0,525,200,526,200,480,193,532,200,,,,,,,,0.0,0.0,0.0,0.0,0.0,0.0,0.0,0.0,0.0,2,0,0.0,0.0,0.0,0.0,0.0,0.0,0.0,0.0,0.0,0.0,0.0,0.0,0.0,0.0,90.0,439.0,0.0,0.0,0.0,0.0,0.0,0.0,0.0,0.0,0.0,0.0,0.0,0.0,0.0
417,Diogo,Dalot Teixeira,Dalot,a,,,5.0,278,45,2.2,120,50,1.5,186,63,2,0,0,0,0,7427,28658,0.3,0.6,1.5,1.5,1.5,200,64,,,160,72,27,4,57,12,55,11,,,,,,,,0.16,0.13,0.29,1.15,0.0,0.0,1.08,1.08,7.59,2,2,73.0,0.0,0.0,0.0,1.0,0.0,0.0,0.0,0.0,0.0,0.0,1.0,0.0,12.0,8507.0,34809.0,0.0,0.15,0.12,0.27,1.06,16.4,42.2,33.0,9.2,0.0,4.0,1.0,4.0
418,Harry,Maguire,Maguire,a,,,5.0,242,36,14.7,27,10,2.5,127,46,4,0,0,0,0,40870,194784,0.5,1.0,2.5,2.5,2.5,133,48,,,128,57,81,24,74,17,83,24,,,,,,,,0.04,0.2,0.24,1.54,0.0,0.0,2.0,1.0,4.5,2,4,90.0,0.0,1.0,0.0,2.0,0.0,0.0,0.0,0.0,0.0,0.0,1.0,0.0,13.0,50912.0,211898.0,0.0,0.030000000000000006,0.009999999999999953,0.03999999999999998,2.0599999999999996,7.200000000000003,1.5,6.0,1.5000000000000009,1.0,4.0,4.0,5.0
419,Lisandro,Martínez,Martinez,a,,,5.0,285,48,1.2,168,68,0.5,306,114,1,0,0,0,0,6722,14448,0.1,0.2,0.5,0.5,1.0,273,106,100.0,100.0,278,104,255,87,211,77,294,106,,,,,,,,0.03,0.06,0.09,2.06,0.0,0.0,2.0,1.0,0.0,2,1,90.0,0.0,0.0,0.0,2.0,0.0,0.0,0.0,0.0,0.0,0.0,1.0,0.0,2.0,7280.0,17549.0,0.0,0.03,0.06,0.09,2.06,4.8,1.8,3.0,1.0,0.0,0.0,6.0,0.0
420,Leny,Yoro,Yoro,a,,,4.9,417,77,0.6,247,92,0.5,296,108,1,-1,1,-1,1,1469,9065,0.1,0.2,0.5,0.5,1.0,262,101,,,313,118,254,86,453,188,317,115,,,,,,,,0.0,0.06,0.06,5.62,0.0,0.0,5.62,0.0,11.25,2,1,16.0,0.0,0.0,0.0,1.0,0.0,0.0,0.0,0.0,0.0,0.0,0.0,0.0,-2.0,1553.0,10595.0,0.0,0.0,0.01,0.01,1.0,1.8,1.8,0.0,0.4,0.0,2.0,1.0,2.0
421,Ayden,Heaven,Heaven,a,,,4.5,554,150,0.4,285,107,0.5,292,106,0,0,0,0,0,1157,6991,0.1,0.2,0.5,0.5,1.0,256,98,,,254,99,233,75,138,46,257,94,,,,,,,,0.12,0.04,0.16,1.01,0.0,0.0,2.0,1.0,2.0,2,0,0.0,0.0,0.0,0.0,0.0,0.0,0.0,0.0,0.0,0.0,0.0,0.0,0.0,0.0,1553.0,7592.0,0.0,0.0,0.0,0.0,0.0,0.0,0.0,0.0,0.0,0.0,0.0,0.0,0.0
422,Noussair,Mazraoui,Mazraoui,a,,,4.5,472,111,0.6,234,85,1.0,220,77,1,0,0,0,0,2814,10398,0.2,0.4,1.0,1.0,1.0,244,88,,,184,81,79,23,151,49,147,55,,,,,,,,0.21,0.05,0.26,1.88,0.0,0.0,2.81,0.94,4.69,2,1,17.0,0.0,0.0,0.0,1.0,0.0,0.0,0.0,0.0,0.0,0.0,0.0,0.0,-1.0,3659.0,11172.0,0.0,0.0,0.0,0.0,0.9999999999999998,1.4000000000000021,1.3000000000000007,0.0,0.3000000000000007,0.0,0.0,0.0,0.0
423,Luke,Shaw,Shaw,a,,,4.5,434,85,16.4,23,7,1.5,178,60,2,0,0,0,0,24718,232791,0.3,0.7,1.5,1.5,1.5,193,62,,,75,30,18,2,147,47,50,9,3.0,,,,,,,0.0,0.16,0.16,1.15,0.0,0.0,1.67,1.11,6.67,2,2,72.0,0.0,0.0,0.0,1.0,0.0,0.0,0.0,0.0,0.0,0.0,1.0,0.0,12.0,32329.0,249311.0,0.0,0.0,0.020000000000000018,0.020000000000000018,1.0599999999999998,18.400000000000002,1.5999999999999943,4.0,2.4000000000000004,4.0,4.0,2.0,8.0
425,Tyler,Fredricson,Fredricson,u,Has joined Lausanne-Sport permanently,,4.0,633,196,0.0,571,196,0.0,400,143,0,0,0,0,0,0,290,0.0,0.0,0.0,0.0,0.0,400,143,0.0,0.0,382,145,374,143,299,117,392,145,,,,,,,,0.0,0.0,0.0,0.0,0.0,0.0,0.0,0.0,0.0,2,0,0.0,0.0,0.0,0.0,0.0,0.0,0.0,0.0,0.0,0.0,0.0,0.0,0.0,0.0,0.0,327.0,0.0,0.0,0.0,0.0,0.0,0.0,0.0,0.0,0.0,0.0,0.0,0.0,0.0
426,Bruno,Borges Fernandes,B.Fernandes,a,,,12.0,2,1,48.6,3,1,12.5,1,1,23,0,0,0,0,305380,252315,1.0,2.1,12.5,12.5,12.5,2,2,,,1,1,1,1,8,4,1,1,1.0,1.0,1.0,,,,,1.05,0.37,1.42,1.54,0.0,0.0,2.0,1.0,7.0,2,23,90.0,3.0,1.0,0.0,2.0,0.0,0.0,0.0,0.0,0.0,0.0,1.0,3.0,87.0,314648.0,290145.0,0.0,2.02,0.48,2.5,2.0599999999999996,132.4,62.50000000000001,66.0,26.099999999999998,2.0,1.0,5.0,8.0
427,Bryan,Mbeumo,Mbeumo,a,,,8.0,9,6,29.2,7,3,6.5,34,20,11,0,0,0,0,71281,560738,0.8,1.6,6.5,6.5,6.5,36,21,,,43,20,12,12,5,2,6,5,2.0,2.0,2.0,,,,,1.13,0.22,1.35,1.54,0.0,0.0,2.0,1.0,4.5,2,11,90.0,1.0,1.0,0.0,2.0,0.0,0.0,0.0,1.0,0.0,0.0,1.0,2.0,37.0,87694.0,602587.0,0.0,1.7599999999999998,0.21,1.9700000000000002,2.0599999999999996,45.6,43.300000000000004,35.0,12.400000000000002,3.0,0.0,2.0,5.0
428,Matheus,Santos Carneiro da Cunha,Cunha,a,,,8.0,8,5,8.1,54,20,5.5,51,25,9,0,0,0,0,18745,118804,0.7,1.4,5.5,5.5,5.5,54,27,,,152,55,23,20,18,10,27,21,,,,,,,,0.2,0.21,0.41,1.18,0.0,0.0,1.71,1.14,2.85,2,9,79.0,0.0,2.0,0.0,1.0,0.0,0.0,0.0,0.0,0.0,0.0,1.0,1.0,31.0,23204.0,133668.0,0.0,0.10999999999999999,0.15,0.25999999999999995,1.0599999999999998,20.0,27.599999999999998,28.0,7.6,0.0,0.0,2.0,2.0
429,Marcus,Rashford,Rashford,a,,,7.0,24,15,1.6,148,43,1.5,209,101,2,0,0,0,0,17140,30558,0.2,0.4,1.5,1.5,1.5,222,106,,,145,53,8,8,21,12,17,13,,3.0,,,,,,0.19,0.11,0.3,0.83,0.0,0.0,0.73,0.73,5.08,2,2,79.0,0.0,0.0,0.0,1.0,0.0,0.0,0.0,0.0,0.0,0.0,1.0,0.0,17.0,19262.0,33630.0,0.0,0.26,0.04999999999999999,0.30999999999999994,1.0599999999999998,16.0,34.300000000000004,58.0,10.799999999999999,3.0,0.0,3.0,6.0
430,Mason,Mount,Mount,d,Foot injury - 75% chance of playing,,5.5,134,83,0.0,555,228,0.0,610,259,0,0,0,0,0,49,488,0.0,0.0,0.0,0.0,0.0,610,259,75.0,75.0,600,255,605,258,585,242,606,257,,4.0,,,,,,0.0,0.0,0.0,0.0,0.0,0.0,0.0,0.0,0.0,2,0,0.0,0.0,0.0,0.0,0.0,0.0,0.0,0.0,0.0,0.0,0.0,0.0,0.0,0.0,52.0,550.0,0.0,0.0,0.0,0.0,0.0,0.0,0.0,0.0,0.0,0.0,0.0,0.0,0.0
431,Amad,Diallo,Amad,i,Unspecified injury - Unknown return date,,5.8,116,76,0.6,245,84,0.0,626,271,0,-1,1,-2,2,215,33462,0.0,0.0,0.0,0.0,0.0,626,271,0.0,0.0,620,270,624,271,614,264,624,270,4.0,,,,,,,0.0,0.0,0.0,0.0,0.0,0.0,0.0,0.0,0.0,2,0,0.0,0.0,0.0,0.0,0.0,0.0,0.0,0.0,0.0,0.0,0.0,0.0,0.0,0.0,264.0,45863.0,0.0,0.0,0.0,0.0,0.0,0.0,0.0,0.0,0.0,0.0,0.0,0.0,0.0
432,Kobbie,Mainoo,Mainoo,a,,,5.5,189,118,1.1,184,58,2.5,138,64,4,0,0,0,0,15747,10734,0.5,0.9,2.5,2.5,2.5,143,64,,,189,72,188,104,140,70,201,89,,,,,,,,0.19,0.25,0.44,1.0,0.0,0.0,0.88,0.88,14.12,2,4,79.0,0.0,0.0,0.0,1.0,0.0,0.0,0.0,0.0,0.0,0.0,1.0,0.0,25.0,16213.0,12306.0,0.0,0.13999999999999999,0.27,0.41,1.0599999999999998,15.2,7.199999999999999,9.0,3.0999999999999996,3.0,2.0,10.0,15.0
433,Manuel,Ugarte Ribeiro,Ugarte,i,Knee injury - Unknown return date,,5.0,292,176,0.0,622,267,0.0,545,221,0,0,0,0,0,26,63,0.0,0.0,0.0,0.0,0.0,545,221,0.0,0.0,533,213,534,218,489,183,540,215,,,,,,,,0.0,0.0,0.0,0.0,0.0,0.0,0.0,0.0,0.0,2,0,0.0,0.0,0.0,0.0,0.0,0.0,0.0,0.0,0.0,0.0,0.0,0.0,0.0,0.0,28.0,70.0,0.0,0.0,0.0,0.0,0.0,0.0,0.0,0.0,0.0,0.0,0.0,0.0,0.0
434,Jack,Fletcher,J.Fletcher,a,,,5.0,363,218,0.0,593,252,0.0,578,240,0,0,0,0,0,68,150,0.0,0.0,0.0,0.0,0.0,578,240,,,565,233,572,239,535,209,573,236,,,,,,,,0.0,0.0,0.0,0.0,0.0,0.0,0.0,0.0,0.0,2,0,0.0,0.0,0.0,0.0,0.0,0.0,0.0,0.0,0.0,0.0,0.0,0.0,0.0,0.0,69.0,167.0,0.0,0.0,0.0,0.0,0.0,0.0,0.0,0.0,0.0,0.0,0.0,0.0,0.0
435,Shea,Lacey,Lacey,a,,,5.0,372,225,0.1,493,201,0.5,320,147,0,0,0,0,0,262,870,0.1,0.2,0.5,0.5,1.0,290,130,,,336,155,299,150,543,216,345,162,,,,,,,,0.0,0.0,0.0,0.0,0.0,0.0,0.0,0.0,9.0,2,0,0.0,0.0,0.0,0.0,0.0,0.0,0.0,0.0,0.0,0.0,0.0,0.0,0.0,0.0,303.0,948.0,0.0,0.0,0.0,0.0,0.0,0.0,0.0,0.0,0.0,0.0,0.0,0.0,0.0
436,Toby,Collyer,Collyer,u,Has joined West Brom permanently,,5.0,332,197,0.0,577,241,0.0,564,232,0,0,0,0,0,90,303,0.0,0.0,0.0,0.0,0.0,564,232,0.0,,552,225,558,231,518,199,560,228,,,,,,,,0.0,0.0,0.0,0.0,0.0,0.0,0.0,0.0,0.0,2,0,0.0,0.0,0.0,0.0,0.0,0.0,0.0,0.0,0.0,0.0,0.0,0.0,0.0,0.0,93.0,326.0,0.0,0.0,0.0,0.0,0.0,0.0,0.0,0.0,0.0,0.0,0.0,0.0,0.0
438,Tyler,Fletcher,Fletcher,a,,,4.5,524,271,0.3,295,100,0.0,469,182,0,0,0,0,0,1533,3564,0.0,0.0,0.0,0.0,0.0,469,182,,,450,170,452,179,394,137,460,175,,,,,,,,0.0,0.0,0.0,0.0,0.0,0.0,0.0,0.0,0.0,2,0,0.0,0.0,0.0,0.0,0.0,0.0,0.0,0.0,0.0,0.0,0.0,0.0,0.0,0.0,1644.0,3992.0,0.0,0.0,0.0,0.0,0.0,0.0,0.0,0.0,0.0,0.0,0.0,0.0,0.0
439,Benjamin,Sesko,Šeško,a,,,7.0,29,10,1.6,146,23,1.0,269,33,1,0,0,0,0,13092,39895,0.1,0.3,1.0,1.0,1.0,340,42,100.0,100.0,310,34,180,20,146,28,242,28,,,,,,,,0.11,0.03,0.14,2.92,0.0,0.0,2.73,0.0,8.18,2,1,10.0,0.0,0.0,0.0,1.0,0.0,0.0,0.0,0.0,0.0,0.0,0.0,0.0,5.0,18258.0,41936.0,0.0,0.0,0.01,0.010000000000000002,1.0,2.2,10.5,2.0,1.5,0.0,0.0,3.0,3.0
440,Joshua,Zirkzee,Zirkzee,a,,,5.4,223,49,0.5,261,45,0.0,600,68,0,-1,1,-1,1,4474,10408,0.0,0.0,0.0,0.0,0.0,600,68,,,587,61,593,66,566,63,594,66,,,,,,,,0.0,0.0,0.0,0.0,0.0,0.0,0.0,0.0,0.0,2,0,0.0,0.0,0.0,0.0,0.0,0.0,0.0,0.0,0.0,0.0,0.0,0.0,0.0,0.0,4644.0,12370.0,0.0,0.0,0.0,0.0,0.0,0.0,0.0,0.0,0.0,0.0,0.0,0.0,0.0
441,Chido,Obi,Obi,a,,,4.5,550,75,1.2,172,26,0.0,490,52,0,0,0,0,0,15597,12760,0.0,0.0,0.0,0.0,0.0,490,52,,,472,45,473,50,417,47,482,50,,,,,,,,0.0,0.0,0.0,0.0,0.0,0.0,0.0,0.0,0.0,2,0,0.0,0.0,0.0,0.0,0.0,0.0,0.0,0.0,0.0,0.0,0.0,0.0,0.0,0.0,16320.0,14176.0,0.0,0.0,0.0,0.0,0.0,0.0,0.0,0.0,0.0,0.0,0.0,0.0,0.0
405,Nico,González Iglesias,N.Gonzalez,a,,,5.5,175,107,0.2,325,115,1.0,255,121,2,0,0,0,0,8138,2361,0.2,0.4,1.0,1.0,2.0,177,87,,,252,111,84,52,601,255,205,91,,,,,,,,0.0,0.26,0.26,0.95,0.0,1.29,0.0,1.29,5.14,2,2,70.0,0.0,0.0,1.0,0.0,0.0,0.0,0.0,1.0,0.0,0.0,1.0,0.0,9.0,9018.0,2616.0,0.0,0.0,0.2,0.2,0.74,7.2,29.5,0.0,3.7,0.0,2.0,2.0,4.0
17,Mikel,Merino Zazón,Merino,a,,,5.9,95,62,0.5,255,85,1.0,260,125,1,-1,1,-1,1,2656,11719,0.2,0.3,1.0,1.0,1.0,323,152,,,258,115,241,128,121,61,244,109,,,,,,,,0.38,0.05,0.43,0.41,0.0,0.0,0.0,0.0,16.36,2,1,19.0,0.0,0.0,0.0,0.0,0.0,0.0,0.0,0.0,0.0,0.0,0.0,0.0,7.0,2929.0,13268.0,0.0,0.0,0.0,0.0,0.0,2.8000000000000003,1.0000000000000002,0.0,0.3999999999999999,0.0,0.0,4.0,4.0
26,Kai,Havertz,Havertz,a,,,7.5,17,6,6.9,61,8,4.0,88,11,2,0,0,0,0,57980,101985,0.5,1.1,4.0,4.0,4.0,94,15,,,94,8,140,13,36,11,65,9,,,,,,,,0.14,0.03,0.17,0.26,0.0,1.0,0.0,1.0,3.5,2,2,90.0,0.0,0.0,1.0,0.0,0.0,0.0,0.0,0.0,0.0,0.0,1.0,0.0,5.0,83125.0,109537.0,0.0,0.020000000000000018,0.03,0.050000000000000044,0.33,2.3999999999999986,3.400000000000002,23.0,2.9000000000000004,0.0,0.0,5.0,5.0
442,Nick,Pope,Pope,a,,,5.0,243,6,1.1,180,27,0.0,526,66,0,0,0,0,0,4006,15660,0.0,0.0,0.0,0.0,0.0,526,66,,,509,66,512,55,459,54,518,66,,,,,,,,0.0,0.0,0.0,0.0,0.0,0.0,0.0,0.0,0.0,2,0,0.0,0.0,0.0,0.0,0.0,0.0,0.0,0.0,0.0,0.0,0.0,0.0,0.0,0.0,4326.0,17598.0,0.0,0.0,0.0,0.0,0.0,0.0,0.0,0.0,0.0,0.0,0.0,0.0,0.0
443,Mark,Gillespie,Gillespie,a,,,4.5,428,26,0.0,524,59,0.0,418,47,0,0,0,0,0,206,319,0.0,0.0,0.0,0.0,0.0,418,47,,,399,47,393,28,325,27,409,47,,,,,,,,0.0,0.0,0.0,0.0,0.0,0.0,0.0,0.0,0.0,2,0,0.0,0.0,0.0,0.0,0.0,0.0,0.0,0.0,0.0,0.0,0.0,0.0,0.0,0.0,216.0,351.0,0.0,0.0,0.0,0.0,0.0,0.0,0.0,0.0,0.0,0.0,0.0,0.0,0.0
444,Ewen,Jaouen,Jaouen,a,,,4.5,534,48,0.0,548,63,0.0,478,64,0,0,0,0,0,148,385,0.0,0.0,0.0,0.0,0.0,478,64,,,459,64,461,50,403,49,469,64,,,,,,,,0.0,0.0,0.0,0.0,0.0,0.0,0.0,0.0,0.0,2,0,0.0,0.0,0.0,0.0,0.0,0.0,0.0,0.0,0.0,0.0,0.0,0.0,0.0,0.0,164.0,418.0,0.0,0.0,0.0,0.0,0.0,0.0,0.0,0.0,0.0,0.0,0.0,0.0,0.0
445,Malick,Thiaw,Thiaw,a,,,5.0,318,57,2.0,127,53,4.5,67,24,6,0,0,0,0,45030,23508,0.9,1.8,4.5,4.5,4.5,71,25,,,74,29,261,90,508,199,182,68,,,,,,,,0.0,0.01,0.01,2.05,0.0,0.5,1.0,1.0,9.0,2,6,90.0,0.0,0.0,1.0,0.0,0.0,0.0,0.0,0.0,0.0,0.0,1.0,0.0,25.0,48635.0,25452.0,0.0,0.0,0.02,0.02,1.1199999999999997,6.800000000000004,1.5,0.0,0.7999999999999998,0.0,3.0,1.0,3.0
446,Fabian,Schär,Schär,a,,,5.0,248,37,0.2,318,117,0.5,299,110,0,0,0,0,0,1583,4057,0.1,0.2,0.5,0.5,1.0,264,102,100.0,100.0,513,196,515,197,464,189,521,196,,2.0,,,,,,0.0,0.0,0.0,71.1,0.0,0.0,90.0,0.0,0.0,2,0,0.0,0.0,0.0,0.0,0.0,0.0,0.0,0.0,0.0,0.0,0.0,0.0,0.0,0.0,1776.0,4343.0,0.0,0.0,0.0,0.0,0.0,0.0,0.0,0.0,0.0,0.0,0.0,0.0,0.0
447,Sven,Botman,Botman,a,,,5.0,282,46,0.6,235,86,4.0,80,31,5,0,0,0,0,11983,5358,0.8,1.6,4.0,4.0,4.0,83,31,,,76,31,244,81,230,86,178,65,,,,,,,,0.0,0.0,0.0,2.05,0.0,0.5,1.0,1.0,7.5,2,5,90.0,0.0,0.0,1.0,0.0,0.0,0.0,0.0,1.0,0.0,0.0,1.0,0.0,22.0,13203.0,5821.0,0.0,0.01,0.0,0.01,1.1199999999999997,11.200000000000003,1.8,2.0,1.5,1.0,4.0,4.0,5.0
448,Dan,Burn,Burn,i,Ankle injury - Expected back 14 Sep,,4.9,395,71,1.2,173,70,0.0,506,190,0,-1,1,-1,1,492,39344,0.0,0.0,0.0,0.0,0.0,506,190,0.0,0.0,489,191,490,192,435,183,498,191,,,,,,,,0.0,0.0,0.0,0.0,0.0,0.0,0.0,0.0,0.0,2,0,0.0,0.0,0.0,0.0,0.0,0.0,0.0,0.0,0.0,0.0,0.0,0.0,0.0,0.0,518.0,48756.0,0.0,0.0,0.0,0.0,0.0,0.0,0.0,0.0,0.0,0.0,0.0,0.0,0.0
449,Lewis,Hall,Hall,a,,,5.1,237,35,9.0,45,16,7.0,25,9,11,1,-1,1,-1,428989,53267,1.4,2.7,7.0,7.0,7.0,26,10,,,27,8,45,9,201,71,60,13,1.0,1.0,,,,,,0.02,0.33,0.35,2.05,0.0,0.5,1.0,1.0,12.0,2,11,90.0,0.0,0.0,1.0,0.0,0.0,0.0,0.0,0.0,0.0,0.0,1.0,3.0,52.0,435398.0,56356.0,0.0,0.03,0.31000000000000005,0.33999999999999997,1.1199999999999997,39.0,27.3,4.0,6.999999999999999,2.0,11.0,6.0,13.0
450,Tino,Livramento,Livramento,i,Calf injury - Unknown return date,,4.9,406,73,0.0,540,187,0.0,514,192,0,-1,1,-1,1,89,734,0.0,0.0,0.0,0.0,0.0,514,192,0.0,0.0,497,193,499,194,445,185,506,193,,,,,,,,0.0,0.0,0.0,0.0,0.0,0.0,0.0,0.0,0.0,2,0,0.0,0.0,0.0,0.0,0.0,0.0,0.0,0.0,0.0,0.0,0.0,0.0,0.0,0.0,97.0,837.0,0.0,0.0,0.0,0.0,0.0,0.0,0.0,0.0,0.0,0.0,0.0,0.0,0.0
451,Alex,Murphy,A.Murphy,u,Has joined FC Kaiserslautern on loan for the rest of the season,,4.0,632,195,0.1,460,160,0.0,399,142,0,0,0,0,0,0,1618,0.0,0.0,0.0,0.0,0.0,399,142,0.0,0.0,381,144,373,142,298,116,391,144,,,,,,,,0.0,0.0,0.0,0.0,0.0,0.0,0.0,0.0,0.0,2,0,0.0,0.0,0.0,0.0,0.0,0.0,0.0,0.0,0.0,0.0,0.0,0.0,0.0,0.0,0.0,1829.0,0.0,0.0,0.0,0.0,0.0,0.0,0.0,0.0,0.0,0.0,0.0,0.0,0.0
453,Harvey,Barnes,Barnes,a,,,6.0,65,45,1.1,181,56,2.5,143,68,3,0,0,0,0,15555,16987,0.4,0.8,2.5,2.5,2.5,148,68,,,224,93,109,66,108,57,162,76,5.0,,,,,,,0.06,0.02,0.08,2.05,0.0,0.5,1.0,1.0,6.0,2,3,90.0,0.0,0.0,1.0,0.0,0.0,0.0,0.0,0.0,0.0,0.0,1.0,0.0,9.0,20020.0,18973.0,0.0,0.039999999999999994,0.009999999999999998,0.05000000000000002,1.1199999999999997,7.2,22.1,7.0,3.5999999999999996,2.0,2.0,0.0,4.0
454,Anthony,Elanga,Elanga,a,,,6.1,58,41,8.9,46,18,8.5,15,7,8,1,-1,1,-1,598790,64965,1.4,2.8,8.5,8.5,8.5,17,8,,,11,7,132,81,26,16,25,19,4.0,,,,,,,0.24,0.06,0.3,1.55,0.0,0.58,0.58,1.15,2.88,2,8,81.0,1.0,0.0,1.0,0.0,0.0,0.0,0.0,0.0,0.0,0.0,1.0,0.0,32.0,618729.0,67171.0,0.0,0.19999999999999998,0.1,0.30000000000000004,0.7400000000000002,36.800000000000004,15.3,29.0,8.1,2.0,0.0,1.0,3.0
456,Jacob,Ramsey,J.Ramsey,a,,,5.0,293,177,0.3,296,101,0.5,307,136,1,0,0,0,0,1454,5027,0.1,0.2,0.5,0.5,0.5,348,166,,,246,105,205,112,199,96,271,120,,,,,,,,0.13,0.3,0.43,4.03,0.0,0.0,2.14,0.0,15.0,2,1,8.0,0.0,0.0,0.0,0.0,0.0,0.0,0.0,0.0,0.0,0.0,0.0,0.0,3.0,1629.0,5807.0,0.0,0.0,0.13,0.13,0.3799999999999999,0.20000000000000018,4.2,0.0,0.3999999999999999,0.0,0.0,1.0,1.0
460,Joe,Willock,Willock,a,,,5.0,263,162,0.4,274,90,4.5,65,32,3,0,0,0,0,16964,5890,0.9,1.8,4.5,4.5,4.5,69,34,,,99,35,133,82,100,52,129,65,,,,,,,,0.14,0.16,0.3,1.94,0.0,0.87,0.87,0.87,4.33,2,3,70.0,0.0,0.0,1.0,0.0,0.0,0.0,0.0,0.0,0.0,0.0,1.0,0.0,0.0,18942.0,6257.0,0.0,0.07,0.01999999999999999,0.08999999999999997,0.7400000000000002,0.0,4.299999999999999,8.0,0.5,0.0,1.0,1.0,2.0
461,Bazoumana,Touré,Touré,a,,,5.9,113,73,0.2,360,135,0.5,347,163,1,-1,1,-1,1,576,5074,0.1,0.2,0.5,0.5,1.0,327,156,,,629,274,629,274,624,270,630,274,,,,,,,,0.0,0.0,0.0,0.0,0.0,0.0,0.0,0.0,0.0,2,1,1.0,0.0,0.0,0.0,0.0,0.0,0.0,0.0,0.0,0.0,0.0,0.0,0.0,3.0,637.0,5874.0,0.0,0.0,0.0,0.0,0.0,0.0,0.0,0.0,0.0,0.0,0.0,0.0,0.0
462,Sean,Steur,Steur,a,,,5.0,388,235,0.1,437,174,1.0,245,114,1,0,0,0,0,487,1950,0.2,0.4,1.0,1.0,1.0,295,135,,,265,118,277,142,553,222,306,139,,,,,,,,0.0,0.0,0.0,2.26,0.0,0.0,1.22,1.22,6.08,2,1,19.0,0.0,0.0,0.0,0.0,0.0,0.0,0.0,0.0,0.0,0.0,0.0,0.0,4.0,578.0,2101.0,0.0,0.0,0.0,0.0,0.3800000000000001,5.0,0.0,0.0,0.49999999999999994,0.0,3.0,0.0,3.0
463,Nick,Woltemade,Woltemade,u,Has joined Juventus on loan for the rest of the season,,5.9,104,27,1.2,176,27,2.0,168,18,4,-1,1,-1,1,7327,40161,0.3,0.7,0.0,2.0,4.0,89,12,0.0,,187,16,184,21,143,26,194,23,,,1.0,,,,,0.09,0.05,0.14,1.8,0.0,0.0,0.0,0.0,0.0,2,4,19.0,0.0,1.0,0.0,0.0,0.0,0.0,0.0,0.0,0.0,0.0,0.0,0.0,18.0,8091.0,44815.0,0.0,0.02,0.01,0.03,0.38,18.2,10.5,11.0,4.0,0.0,0.0,0.0,0.0
464,Yoane,Wissa,Wissa,a,,,6.1,57,13,12.5,33,6,6.0,44,3,8,1,-1,1,-1,780685,65645,1.0,2.0,6.0,6.0,6.0,47,3,,,42,3,95,8,12,5,23,5,,,3.0,,,,,0.71,0.01,0.72,1.54,0.0,0.53,0.53,1.05,7.37,2,8,81.0,1.0,0.0,1.0,0.0,0.0,0.0,0.0,0.0,0.0,0.0,1.0,2.0,37.0,818927.0,70660.0,0.0,0.3500000000000001,0.0,0.3500000000000001,0.7400000000000002,35.6,10.3,46.0,9.2,1.0,1.0,4.0,6.0
465,William,Osula,Osula,i,Foot injury - Unknown return date,,5.9,109,29,0.6,248,40,2.0,170,19,0,-1,1,-1,1,451,32307,0.3,0.7,0.0,0.0,4.0,90,13,0.0,0.0,141,13,155,15,161,29,172,19,,,2.0,,,,,0.1,0.23,0.33,2.42,0.0,0.0,1.64,1.64,8.18,2,0,0.0,0.0,0.0,0.0,0.0,0.0,0.0,0.0,0.0,0.0,0.0,0.0,0.0,0.0,532.0,40755.0,0.0,0.0,0.0,0.0,0.0,0.0,0.0,0.0,0.0,0.0,0.0,0.0,0.0
466,Sean,Neave,Neave,a,,,4.5,552,76,0.9,208,34,0.0,492,53,0,0,0,0,0,15417,9590,0.0,0.0,0.0,0.0,0.0,492,53,,,474,46,475,51,419,48,484,51,,,,,,,,0.0,0.0,0.0,0.0,0.0,0.0,0.0,0.0,0.0,2,0,0.0,0.0,0.0,0.0,0.0,0.0,0.0,0.0,0.0,0.0,0.0,0.0,0.0,0.0,16237.0,10701.0,0.0,0.0,0.0,0.0,0.0,0.0,0.0,0.0,0.0,0.0,0.0,0.0,0.0
559,Aladji,Bamba,Bamba,a,,,5.0,387,234,0.1,411,162,0.5,323,150,0,0,0,0,0,705,2148,0.1,0.2,0.5,0.5,1.0,294,134,,,289,133,583,245,552,221,318,145,,,,,,,,0.0,0.0,0.0,6.69,0.0,0.0,6.43,0.0,12.86,2,0,0.0,0.0,0.0,0.0,0.0,0.0,0.0,0.0,0.0,0.0,0.0,0.0,0.0,0.0,775.0,2403.0,0.0,0.0,0.0,0.0,0.0,0.0,0.0,0.0,0.0,0.0,0.0,0.0,0.0
567,Lukás,Hornícek,Horníček,a,,,5.0,322,17,1.1,186,29,4.0,82,6,7,0,0,0,0,43799,13821,0.8,1.6,4.0,4.0,4.0,85,6,,,8,1,551,65,511,65,108,1,,,,,,,,0.0,0.0,0.0,2.05,4.5,0.5,1.0,1.0,0.0,2,7,90.0,0.0,0.0,1.0,0.0,0.0,0.0,0.0,0.0,0.0,4.0,1.0,0.0,32.0,44652.0,14573.0,0.0,0.0,0.0,0.0,1.1199999999999997,34.599999999999994,0.0,0.0,3.5,0.0,2.0,4.0,0.0
593,Amar,Dedic,Dedić,a,,,4.5,498,129,2.5,114,46,6.0,38,15,11,0,0,0,0,211173,32960,1.3,2.7,6.0,6.0,6.0,40,16,,,32,10,75,21,193,67,72,18,,,,,,,,0.02,0.03,0.05,2.05,0.0,0.5,1.0,1.0,8.5,2,11,90.0,0.0,1.0,1.0,0.0,0.0,0.0,0.0,0.0,0.0,0.0,1.0,2.0,37.0,213558.0,33412.0,0.0,0.0,0.06,0.06,1.1199999999999997,42.6,30.400000000000002,0.0,7.3,3.0,5.0,5.0,8.0
609,Leo,Shahar,Shahar,a,,,4.0,636,199,0.3,304,113,0.0,403,146,0,0,0,0,0,9450,2732,0.0,0.0,0.0,0.0,0.0,403,146,,,385,148,377,146,302,120,395,148,,,,,,,,0.0,0.0,0.0,0.0,0.0,0.0,0.0,0.0,0.0,2,0,0.0,0.0,0.0,0.0,0.0,0.0,0.0,0.0,0.0,0.0,0.0,0.0,0.0,0.0,10159.0,2835.0,0.0,0.0,0.0,0.0,0.0,0.0,0.0,0.0,0.0,0.0,0.0,0.0,0.0
634,Matias,Fernandez-Pardo,Fernandez-Pardo,a,,,6.0,87,20,0.0,539,71,0.0,637,75,0,0,0,0,0,2755,216,0.0,0.0,2.1,2.1,0.0,637,75,,,638,75,638,75,634,75,638,75,,,,,,,,0.0,0.0,0.0,0.0,0.0,0.0,0.0,0.0,0.0,2,0,0.0,0.0,0.0,0.0,0.0,0.0,0.0,0.0,0.0,0.0,0.0,0.0,0.0,0.0,2755.0,216.0,0.0,0.0,0.0,0.0,0.0,0.0,0.0,0.0,0.0,0.0,0.0,0.0,0.0
167,Liam,Delap,Delap,a,,,5.5,171,40,0.7,223,38,0.5,338,39,1,0,0,0,0,29163,9606,0.1,0.2,0.5,0.5,1.0,315,36,,,290,28,187,24,179,31,255,30,,,3.0,,,,,0.26,0.0,0.26,1.24,0.0,0.0,3.75,0.0,0.0,2,1,24.0,0.0,0.0,0.0,1.0,0.0,0.0,0.0,0.0,0.0,0.0,0.0,0.0,9.0,32004.0,10567.0,0.0,0.07,0.0,0.07,0.33,4.0,10.1,7.0,2.1,0.0,0.0,0.0,0.0
201,Daniel,Muñoz Mejía,Muñoz,a,,,5.4,217,30,6.7,63,25,0.0,597,208,0,-1,1,-1,1,18776,149718,0.0,0.0,0.0,0.0,0.0,597,208,,,324,121,256,88,84,20,240,89,,,,,,,,0.38,0.02,0.4,1.4,0.0,0.0,3.33,1.67,6.67,2,0,0.0,0.0,0.0,0.0,0.0,0.0,0.0,0.0,0.0,0.0,0.0,0.0,0.0,0.0,19997.0,171744.0,0.0,0.0,0.0,0.0,0.0,0.0,0.0,0.0,0.0,0.0,0.0,0.0,0.0
467,Matz,Sels,Sels,a,,,5.0,240,5,1.4,159,24,1.5,184,14,1,0,0,0,0,6364,13326,0.3,0.6,1.5,1.5,1.5,198,17,,,133,14,511,54,458,53,216,14,,,,,,,,0.0,0.0,0.0,1.11,2.0,0.0,1.5,1.0,0.0,2,1,90.0,0.0,0.0,0.0,2.0,0.0,0.0,0.0,0.0,0.0,2.0,1.0,0.0,6.0,7120.0,16016.0,0.0,0.0,0.01,0.01,1.7500000000000002,16.6,0.0,0.0,1.7000000000000002,0.0,3.0,6.0,0.0
468,John Victor,Maciel Furtado,John,a,,,4.5,467,35,0.1,483,55,0.0,438,56,0,0,0,0,0,201,533,0.0,0.0,0.0,0.0,0.0,438,56,,,419,56,415,37,351,36,429,56,,,,,,,,0.0,0.0,0.0,0.0,0.0,0.0,0.0,0.0,0.0,2,0,0.0,0.0,0.0,0.0,0.0,0.0,0.0,0.0,0.0,0.0,0.0,0.0,0.0,0.0,224.0,602.0,0.0,0.0,0.0,0.0,0.0,0.0,0.0,0.0,0.0,0.0,0.0,0.0,0.0
469,Neco,Williams,N.Williams,a,,,5.0,277,44,8.4,51,20,4.0,79,30,6,0,0,0,0,41350,62958,0.8,1.6,4.0,4.0,4.0,82,30,,,58,21,77,22,129,41,75,21,2.0,2.0,,,,,,0.06,0.08,0.14,1.11,0.0,0.0,1.5,1.0,9.0,2,6,90.0,0.0,1.0,0.0,2.0,0.0,0.0,0.0,0.0,0.0,0.0,1.0,0.0,16.0,42521.0,80653.0,0.0,0.12,0.15000000000000002,0.26999999999999996,1.7500000000000002,34.400000000000006,25.3,6.0,6.6000000000000005,6.0,6.0,1.0,12.0
470,Felipe,Rodrigues da Silva,Morato,u,Has joined West Ham on loan for the rest of the season,,5.0,326,61,0.0,515,177,0.0,559,203,0,0,0,0,0,194,908,0.0,0.0,0.0,0.0,0.0,559,203,0.0,,546,205,552,205,512,200,554,205,,,,,,,,0.0,0.0,0.0,0.0,0.0,0.0,0.0,0.0,0.0,2,0,0.0,0.0,0.0,0.0,0.0,0.0,0.0,0.0,0.0,0.0,0.0,0.0,0.0,0.0,209.0,1011.0,0.0,0.0,0.0,0.0,0.0,0.0,0.0,0.0,0.0,0.0,0.0,0.0,0.0
471,Nikola,Milenković,Milenković,a,,,5.5,151,19,1.7,143,59,2.5,132,47,3,0,0,0,0,4333,13110,0.5,0.9,2.5,2.5,2.5,138,49,,,156,70,301,112,120,37,197,74,,,,,,,,0.06,0.01,0.07,1.11,0.0,0.0,1.5,1.0,10.0,2,3,90.0,0.0,0.0,0.0,2.0,0.0,0.0,0.0,0.0,0.0,0.0,1.0,0.0,3.0,4615.0,16955.0,0.0,0.0,0.0,0.0,1.7500000000000002,17.0,0.0,0.0,1.6999999999999997,3.0,10.0,3.0,13.0
472,Murillo,Costa dos Santos,Murillo,a,,,5.5,203,28,1.6,149,62,2.5,141,50,1,0,0,0,0,7356,15443,0.5,0.9,2.5,2.5,2.5,146,52,100.0,100.0,78,32,98,30,160,54,104,37,,3.0,,,,,,0.09,0.14,0.23,1.11,0.0,0.0,1.5,1.0,10.0,2,1,90.0,0.0,0.0,0.0,2.0,0.0,0.0,0.0,0.0,0.0,0.0,1.0,0.0,2.0,8321.0,18022.0,0.0,0.18,0.0,0.18,1.7500000000000002,11.199999999999996,0.3000000000000007,8.0,2.0,0.0,6.0,3.0,6.0
473,Ola,Aina,Aina,a,,,4.5,446,90,3.1,102,40,2.5,123,43,0,0,0,0,0,16601,37845,0.6,1.1,2.5,2.5,2.5,129,45,,,143,64,31,6,111,32,74,20,,,,,,,,0.02,0.3,0.32,1.19,0.0,0.57,1.14,1.14,3.99,2,0,85.0,0.0,0.0,0.0,2.0,0.0,0.0,0.0,1.0,0.0,0.0,1.0,0.0,2.0,18884.0,42208.0,0.0,0.0,0.35,0.3500000000000001,1.7499999999999998,11.8,15.5,4.0,3.1000000000000005,2.0,3.0,4.0,5.0
474,Jair,Paula da Cunha Filho,Jair Cunha,a,,,4.5,542,146,0.2,338,125,1.0,227,83,1,0,0,0,0,739,1545,0.2,0.4,1.0,1.0,1.0,255,97,,,115,52,258,89,411,176,203,79,,,,,,,,0.0,0.0,0.0,1.11,0.0,0.0,1.5,1.0,8.0,2,1,90.0,0.0,0.0,0.0,2.0,0.0,0.0,0.0,0.0,0.0,0.0,1.0,0.0,6.0,760.0,1836.0,0.0,0.0,0.0,0.0,1.7500000000000002,14.599999999999998,0.3999999999999999,0.0,1.5,2.0,6.0,3.0,8.0
475,Nicolò,Savona,Savona,i,Knee injury - Unknown return date,,4.5,517,137,0.0,635,210,0.0,462,177,0,0,0,0,0,23,82,0.0,0.0,0.0,0.0,0.0,462,177,0.0,0.0,443,178,445,179,387,168,453,178,,,,,,,,0.0,0.0,0.0,0.0,0.0,0.0,0.0,0.0,0.0,2,0,0.0,0.0,0.0,0.0,0.0,0.0,0.0,0.0,0.0,0.0,0.0,0.0,0.0,0.0,70.0,89.0,0.0,0.0,0.0,0.0,0.0,0.0,0.0,0.0,0.0,0.0,0.0,0.0,0.0
476,Omar,Richards,O.Richards,a,,,4.0,600,172,0.2,327,122,0.0,376,128,0,0,0,0,0,975,1712,0.0,0.0,0.0,0.0,0.0,376,128,,,358,130,350,128,274,101,368,130,,,,,,,,0.0,0.0,0.0,0.0,0.0,0.0,0.0,0.0,0.0,2,0,0.0,0.0,0.0,0.0,0.0,0.0,0.0,0.0,0.0,0.0,0.0,0.0,0.0,0.0,1022.0,1995.0,0.0,0.0,0.0,0.0,0.0,0.0,0.0,0.0,0.0,0.0,0.0,0.0,0.0
477,Zach,Abbott,Abbott,u,Has joined Southampton on loan for the rest of the season,,4.0,635,198,0.2,321,118,0.0,402,145,0,0,0,0,0,1463,2806,0.0,0.0,0.0,0.0,0.0,402,145,0.0,,384,147,376,145,301,119,394,147,,,,,,,,0.0,0.0,0.0,0.0,0.0,0.0,0.0,0.0,0.0,2,0,0.0,0.0,0.0,0.0,0.0,0.0,0.0,0.0,0.0,0.0,0.0,0.0,0.0,0.0,1552.0,3143.0,0.0,0.0,0.0,0.0,0.0,0.0,0.0,0.0,0.0,0.0,0.0,0.0,0.0
478,Luca,Netz,Netz,a,,,4.5,501,130,0.0,528,183,1.0,224,80,1,0,0,0,0,145,368,0.2,0.4,1.0,1.0,1.0,249,92,,,312,117,283,102,374,164,325,117,,,,,,,,0.0,0.0,0.0,0.58,0.0,0.0,4.5,0.0,4.5,2,1,4.0,0.0,0.0,0.0,0.0,0.0,0.0,0.0,0.0,0.0,0.0,0.0,0.0,5.0,157.0,408.0,0.0,0.0,0.0,0.0,0.0,2.0,0.0,0.0,0.19999999999999998,1.0,0.0,0.0,1.0
479,Tyler,Bindon,Bindon,u,Has joined Charlton Athletic on loan for the rest of the season,,4.0,630,193,0.2,363,133,0.0,398,141,0,0,0,0,0,434,2077,0.0,0.0,0.0,0.0,0.0,398,141,0.0,,380,143,372,141,297,115,390,143,,,,,,,,0.0,0.0,0.0,0.0,0.0,0.0,0.0,0.0,0.0,2,0,0.0,0.0,0.0,0.0,0.0,0.0,0.0,0.0,0.0,0.0,0.0,0.0,0.0,0.0,479.0,2282.0,0.0,0.0,0.0,0.0,0.0,0.0,0.0,0.0,0.0,0.0,0.0,0.0,0.0
480,Morgan,Gibbs-White,Gibbs-White,a,,,7.9,12,8,9.5,43,17,7.5,23,13,13,-1,1,-1,1,149819,84243,0.9,1.9,7.5,7.5,7.5,24,13,100.0,100.0,40,18,119,73,58,33,57,37,,1.0,1.0,,,,,0.46,0.05,0.51,1.11,0.0,0.0,1.5,1.0,4.0,2,13,90.0,1.0,1.0,0.0,2.0,0.0,0.0,0.0,0.0,0.0,0.0,1.0,3.0,36.0,151265.0,133255.0,0.0,0.79,0.04000000000000001,0.8300000000000001,1.7500000000000002,56.4,12.5,17.0,8.6,2.0,1.0,2.0,5.0
482,Callum,Hudson-Odoi,Hudson-Odoi,a,,,5.9,97,63,0.2,341,125,0.5,345,161,1,-1,1,-1,1,1297,3710,0.1,0.2,0.5,0.5,1.0,324,153,100.0,100.0,624,271,320,162,617,265,627,271,,4.0,,,,,,0.0,0.0,0.0,0.0,0.0,0.0,0.0,0.0,0.0,2,1,1.0,0.0,0.0,0.0,0.0,0.0,0.0,0.0,0.0,0.0,0.0,0.0,0.0,2.0,1385.0,4874.0,0.0,0.0,0.0,0.0,0.0,0.0,0.3,0.0,0.0,0.0,0.0,0.0,0.0
483,Dan,Ndoye,Ndoye,a,,,5.5,170,106,0.7,233,79,6.0,40,21,9,0,0,0,0,26054,8355,1.1,2.2,6.0,6.0,6.0,43,23,,,108,41,101,63,51,29,70,42,,,,,,,,0.25,0.45,0.7,1.19,0.0,0.71,0.71,1.43,8.57,2,9,65.0,1.0,0.0,0.0,1.0,0.0,0.0,0.0,0.0,0.0,0.0,1.0,2.0,30.0,26437.0,9517.0,0.0,0.35,0.63,0.98,1.42,35.800000000000004,23.0,36.0,9.5,0.0,1.0,8.0,9.0
484,Omari,Hutchinson,Hutchinson,u,Has joined AC Milan on loan for the rest of the season,,5.4,231,144,0.1,405,158,0.0,605,257,0,-1,1,-1,1,213,3276,0.0,0.0,0.0,0.0,0.0,605,257,0.0,,593,252,598,256,573,236,600,254,,,,,,,,0.0,0.0,0.0,0.0,0.0,0.0,0.0,0.0,0.0,2,0,0.0,0.0,0.0,0.0,0.0,0.0,0.0,0.0,0.0,0.0,0.0,0.0,0.0,0.0,246.0,3714.0,0.0,0.0,0.0,0.0,0.0,0.0,0.0,0.0,0.0,0.0,0.0,0.0,0.0
485,Dilane,Bakwa,Bakwa,u,Has joined Lille on loan for the rest of the season,,5.5,179,111,0.0,606,257,0.0,618,266,0,0,0,0,0,0,470,0.0,0.0,0.0,0.0,0.0,618,266,0.0,0.0,609,262,615,265,603,257,615,264,,,,,,,,0.0,0.0,0.0,0.0,0.0,0.0,0.0,0.0,0.0,2,0,0.0,0.0,0.0,0.0,0.0,0.0,0.0,0.0,0.0,0.0,0.0,0.0,0.0,0.0,0.0,554.0,0.0,0.0,0.0,0.0,0.0,0.0,0.0,0.0,0.0,0.0,0.0,0.0,0.0
486,James,McAtee,McAtee,a,,,5.5,160,99,0.1,459,184,2.5,133,62,2,0,0,0,0,2798,1175,0.5,0.9,2.5,2.5,2.5,139,62,,,176,68,17,16,597,252,97,50,1.0,,,,,,,0.0,0.18,0.18,1.15,0.0,0.55,1.1,1.1,8.83,2,2,90.0,0.0,0.0,0.0,2.0,0.0,0.0,0.0,0.0,0.0,0.0,1.0,0.0,16.0,2937.0,1266.0,0.0,0.0,0.16,0.16,1.7499999999999998,8.200000000000001,18.5,0.0,2.6999999999999993,1.0,2.0,5.0,8.0
487,Nicolás,Domínguez,Dominguez,a,,,5.0,299,181,0.1,469,187,0.5,308,137,1,0,0,0,0,288,866,0.1,0.2,0.5,0.5,1.0,274,117,,,334,153,539,221,494,186,545,218,,,,,,,,0.0,0.0,0.0,0.0,0.0,0.0,0.0,0.0,0.0,2,1,1.0,0.0,0.0,0.0,0.0,0.0,0.0,0.0,0.0,0.0,0.0,0.0,0.0,3.0,311.0,1031.0,0.0,0.0,0.0,0.0,0.0,0.2,0.0,0.0,0.0,0.0,0.0,0.0,0.0
488,Ibrahim,Sangaré,I.Sangaré,i,Calf injury - Unknown return date,,4.9,399,243,0.6,239,82,1.0,229,105,0,-1,1,-1,1,217,23875,0.2,0.4,0.0,0.0,2.0,156,72,0.0,0.0,190,73,160,97,210,101,209,93,,,,,,,,0.03,0.01,0.04,0.47,0.0,0.0,1.0,1.0,6.0,2,0,0.0,0.0,0.0,0.0,0.0,0.0,0.0,0.0,0.0,0.0,0.0,0.0,0.0,0.0,360.0,31933.0,0.0,0.0,0.0,0.0,0.0,0.0,0.0,0.0,0.0,0.0,0.0,0.0,0.0
489,Ryan,Yates,Yates,a,,,4.5,461,261,1.5,153,45,0.0,436,174,0,0,0,0,0,14698,15148,0.0,0.0,0.0,0.0,0.0,436,174,100.0,100.0,417,162,412,171,347,128,427,167,,,,,,,,0.0,0.0,0.0,0.0,0.0,0.0,0.0,0.0,0.0,2,0,0.0,0.0,0.0,0.0,0.0,0.0,0.0,0.0,0.0,0.0,0.0,0.0,0.0,0.0,15811.0,17087.0,0.0,0.0,0.0,0.0,0.0,0.0,0.0,0.0,0.0,0.0,0.0,0.0,0.0
490,Chris,Wood,Wood,a,,,5.9,91,22,1.2,169,25,0.5,343,41,0,-1,1,-1,1,6180,33843,0.1,0.2,0.5,0.5,1.0,321,38,,,622,69,236,33,213,34,320,37,,,2.0,,,,,0.39,0.03,0.42,0.71,0.0,0.0,3.21,0.0,3.21,2,0,0.0,0.0,0.0,0.0,0.0,0.0,0.0,0.0,0.0,0.0,0.0,0.0,0.0,0.0,6709.0,39841.0,0.0,0.0,0.0,0.0,0.0,0.0,0.0,0.0,0.0,0.0,0.0,0.0,0.0
491,Igor Jesus,Maciel da Cruz,Igor Jesus,a,,,5.9,105,28,3.1,104,16,1.5,203,23,1,-1,1,-1,1,18126,62132,0.3,0.5,1.5,1.5,1.5,216,28,,,213,18,125,12,14,6,66,10,,,4.0,,,,,0.48,0.03,0.51,1.11,0.0,0.0,1.5,1.0,4.0,2,1,90.0,0.0,0.0,0.0,2.0,0.0,0.0,0.0,1.0,0.0,0.0,1.0,0.0,4.0,19537.0,76603.0,0.0,0.74,0.039999999999999994,0.78,1.7500000000000002,8.600000000000001,13.3,38.0,6.000000000000001,1.0,3.0,1.0,5.0
493,Arnaud,Kalimuendo,Kalimuendo,a,,,5.5,174,42,0.0,496,66,0.5,339,40,0,0,0,0,0,410,978,0.1,0.2,0.5,0.5,1.0,316,37,,,607,65,613,69,600,67,613,69,,,,,,,,0.0,0.0,0.0,0.0,0.0,0.0,0.0,0.0,0.0,2,0,0.0,0.0,0.0,0.0,0.0,0.0,0.0,0.0,0.0,0.0,0.0,0.0,0.0,0.0,456.0,1122.0,0.0,0.0,0.0,0.0,0.0,0.0,0.0,0.0,0.0,0.0,0.0,0.0,0.0
558,Xaver,Schlager,Schlager,a,,,5.0,268,165,0.1,427,168,2.5,128,58,4,0,0,0,0,1121,1008,0.5,1.0,2.5,2.5,2.5,134,58,,,169,62,260,135,154,76,212,94,3.0,,,,,,,0.04,0.0,0.04,1.6,0.0,0.0,2.55,0.85,13.58,2,4,90.0,0.0,0.0,0.0,2.0,0.0,0.0,0.0,0.0,0.0,0.0,1.0,0.0,15.0,1141.0,1237.0,0.0,0.05,0.0,0.05,1.75,21.2,0.7,7.0,2.9,5.0,3.0,7.0,15.0
581,Ousmane,Diomande,Diomande,a,,,5.5,200,27,0.6,240,88,0.0,622,212,0,0,0,0,0,2714,12923,0.0,0.0,0.0,0.0,0.0,622,212,,,615,212,620,212,609,211,619,212,,,,,,,,0.0,0.0,0.0,0.0,0.0,0.0,0.0,0.0,0.0,2,0,0.0,0.0,0.0,0.0,0.0,0.0,0.0,0.0,0.0,0.0,0.0,0.0,0.0,0.0,2958.0,14883.0,0.0,0.0,0.0,0.0,0.0,0.0,0.0,0.0,0.0,0.0,0.0,0.0,0.0
590,Steven,Benda,Benda,a,,,4.5,487,38,0.1,468,53,0.0,447,58,0,0,0,0,0,810,719,0.0,0.0,0.0,0.0,0.0,447,58,,,428,58,425,40,364,39,438,58,,,,,,,,0.0,0.0,0.0,0.0,0.0,0.0,0.0,0.0,0.0,2,0,0.0,0.0,0.0,0.0,0.0,0.0,0.0,0.0,0.0,0.0,0.0,0.0,0.0,0.0,890.0,790.0,0.0,0.0,0.0,0.0,0.0,0.0,0.0,0.0,0.0,0.0,0.0,0.0,0.0
112,Jan Paul,van Hecke,Van Hecke,a,,,4.9,409,75,7.6,56,22,1.0,231,84,1,-1,1,-1,1,14773,164702,0.2,0.4,1.0,1.0,1.0,260,100,,,45,14,141,43,55,11,62,15,,,,,,,,0.06,0.03,0.09,2.3,0.0,0.0,2.5,1.0,8.5,2,1,90.0,0.0,0.0,0.0,2.0,0.0,0.0,0.0,0.0,0.0,0.0,1.0,0.0,9.0,18229.0,180340.0,0.0,0.11,0.03,0.14,0.7199999999999998,26.599999999999998,13.7,33.0,7.3,2.0,6.0,4.0,8.0
147,Tosin,Adarabioyo,Tosin,a,,,4.5,437,86,0.2,355,131,0.0,423,160,0,0,0,0,0,415,1988,0.0,0.0,0.0,0.0,0.0,423,160,,,404,161,398,159,332,141,414,161,,,,,,,,0.0,0.0,0.0,0.0,0.0,0.0,0.0,0.0,0.0,2,0,0.0,0.0,0.0,0.0,0.0,0.0,0.0,0.0,0.0,0.0,0.0,0.0,0.0,0.0,440.0,2345.0,0.0,0.0,0.0,0.0,0.0,0.0,0.0,0.0,0.0,0.0,0.0,0.0,0.0
401,Omar,Marmoush,Marmoush,a,,,7.0,28,9,2.1,125,19,1.0,268,32,2,0,0,0,0,80383,28774,0.1,0.3,1.0,1.0,2.0,190,24,,,238,21,63,4,68,15,119,16,,,2.0,,,,,0.17,0.07,0.24,0.72,0.0,0.0,2.0,1.0,4.0,2,2,90.0,0.0,0.0,0.0,2.0,0.0,0.0,0.0,0.0,0.0,0.0,1.0,0.0,14.0,96805.0,31302.0,0.0,0.17,0.07,0.24,0.72,9.2,35.1,28.0,7.2,1.0,0.0,3.0,4.0
403,Sávio,Moreira de Oliveira,Sávio,d,Muscular injury - 75% chance of playing,,6.5,44,30,0.7,224,72,0.0,645,285,0,0,0,0,0,12455,29407,0.0,0.0,0.0,0.0,0.0,645,285,75.0,,646,286,646,286,645,285,646,286,,,,,,,,0.0,0.0,0.0,0.0,0.0,0.0,0.0,0.0,0.0,2,0,0.0,0.0,0.0,0.0,0.0,0.0,0.0,0.0,0.0,0.0,0.0,0.0,0.0,0.0,32645.0,31145.0,0.0,0.0,0.0,0.0,0.0,0.0,0.0,0.0,0.0,0.0,0.0,0.0,0.0
455,Sandro,Tonali,Tonali,a,,,5.4,218,136,3.0,108,31,2.0,158,78,2,-1,1,-1,1,10786,74288,0.4,0.7,2.0,2.0,2.0,170,81,,,227,94,73,47,130,66,152,72,,5.0,,,,,,0.05,0.04,0.09,2.52,0.0,0.0,2.74,1.1,4.39,2,2,74.0,0.0,0.0,0.0,2.0,0.0,0.0,0.0,0.0,0.0,0.0,1.0,0.0,16.0,13421.0,82757.0,0.0,0.049999999999999996,0.020000000000000004,0.07,0.7199999999999998,4.999999999999999,26.300000000000004,4.0,3.4999999999999996,0.0,1.0,3.0,4.0
494,Guglielmo,Vicario,Vicario,u,Has joined Juventus on loan for the rest of the season,,4.5,453,33,0.2,344,38,0.0,433,54,0,0,0,0,0,0,5051,0.0,0.0,0.0,0.0,0.0,433,54,0.0,0.0,414,54,409,35,343,34,424,54,,,,,,,,0.0,0.0,0.0,0.0,0.0,0.0,0.0,0.0,0.0,2,0,0.0,0.0,0.0,0.0,0.0,0.0,0.0,0.0,0.0,0.0,0.0,0.0,0.0,0.0,0.0,5882.0,0.0,0.0,0.0,0.0,0.0,0.0,0.0,0.0,0.0,0.0,0.0,0.0,0.0
495,Brandon,Austin,Austin,a,,,4.0,601,62,1.0,195,31,0.0,377,36,0,0,0,0,0,7424,4557,0.0,0.0,0.0,0.0,0.0,377,36,,,359,36,351,15,275,14,369,36,,,,,,,,0.0,0.0,0.0,0.0,0.0,0.0,0.0,0.0,0.0,2,0,0.0,0.0,0.0,0.0,0.0,0.0,0.0,0.0,0.0,0.0,0.0,0.0,0.0,0.0,7915.0,5075.0,0.0,0.0,0.0,0.0,0.0,0.0,0.0,0.0,0.0,0.0,0.0,0.0,0.0
496,Antonín,Kinský,Kinsky,a,,,4.5,505,42,19.8,15,3,1.5,182,13,1,0,0,0,0,34021,199344,0.3,0.7,1.5,1.5,1.5,196,16,,,67,9,435,44,377,43,177,10,,,,,,,,0.0,0.0,0.0,2.3,2.5,0.0,2.5,1.0,0.0,2,1,90.0,0.0,0.0,0.0,2.0,0.0,0.0,0.0,0.0,0.0,0.0,1.0,0.0,4.0,45595.0,212966.0,0.0,0.0,0.0,0.0,0.7199999999999998,3.799999999999997,0.0,0.0,0.39999999999999947,0.0,0.0,6.0,0.0
497,Martin,Dubravka,Dubravka,a,,,4.0,579,53,18.2,19,4,0.0,362,27,0,0,0,0,0,95271,89955,0.0,0.0,0.0,0.0,0.0,362,27,,,344,27,334,6,256,5,353,27,,,,,,,,0.0,0.0,0.0,0.0,0.0,0.0,0.0,0.0,0.0,2,0,0.0,0.0,0.0,0.0,0.0,0.0,0.0,0.0,0.0,0.0,0.0,0.0,0.0,0.0,100978.0,100197.0,0.0,0.0,0.0,0.0,0.0,0.0,0.0,0.0,0.0,0.0,0.0,0.0,0.0
498,Marcos,Senesi Barón,Senesi,a,,,5.9,99,10,5.8,65,26,1.5,201,66,0,-1,1,-1,1,4507,148880,0.3,0.5,1.5,1.5,3.0,121,42,,,111,50,243,80,619,212,198,75,,,,,,,,0.0,0.02,0.02,3.87,0.0,0.0,3.0,1.0,16.0,2,0,0.0,0.0,0.0,0.0,0.0,0.0,0.0,0.0,0.0,0.0,0.0,0.0,0.0,0.0,6716.0,160491.0,0.0,0.0,0.0,0.0,0.0,0.0,0.0,0.0,0.0,0.0,0.0,0.0,0.0
505,Djed,Spence,Spence,u,Has joined Internazionale permanently,,4.5,476,113,0.3,289,108,0.0,442,167,0,0,0,0,0,0,12639,0.0,0.0,0.0,0.0,0.0,442,167,0.0,0.0,423,168,419,168,356,153,433,168,,,,,,,,0.0,0.0,0.0,0.0,0.0,0.0,0.0,0.0,0.0,2,0,0.0,0.0,0.0,0.0,0.0,0.0,0.0,0.0,0.0,0.0,0.0,0.0,0.0,0.0,0.0,15055.0,0.0,0.0,0.0,0.0,0.0,0.0,0.0,0.0,0.0,0.0,0.0,0.0,0.0
506,Destiny,Udogie,Udogie,a,,,4.5,506,133,0.4,268,99,1.0,226,82,1,0,0,0,0,926,5361,0.2,0.4,1.0,1.0,1.0,252,95,,,267,102,168,51,222,83,260,96,,,,,,,,0.0,0.73,0.73,2.35,0.0,0.0,3.46,0.0,3.46,2,1,22.0,0.0,0.0,0.0,1.0,0.0,0.0,0.0,0.0,0.0,0.0,0.0,0.0,2.0,1079.0,6082.0,0.0,0.0,0.19,0.19,0.24000000000000005,5.2,11.5,2.0,1.9,1.0,0.0,1.0,1.0
8,Riccardo,Calafiori,Calafiori,a,,,5.6,118,11,43.9,4,1,10.0,5,2,11,0,0,1,-1,383942,86723,1.8,3.6,10.0,10.0,10.0,6,2,,,69,28,110,34,126,40,89,28,,,,,,,,0.08,0.29,0.37,0.21,0.0,1.06,0.0,1.06,4.24,2,11,90.0,0.0,1.0,1.0,0.0,0.0,0.0,0.0,0.0,0.0,0.0,1.0,2.0,30.0,415477.0,93672.0,0.0,0.10999999999999999,0.4600000000000001,0.57,0.33,21.200000000000003,11.900000000000002,9.0,4.2,1.0,2.0,4.0,3.0
507,Ashley,Phillips,Phillips,u,Has joined Middlesbrough permanently,,4.5,528,141,0.0,570,195,0.0,473,181,0,0,0,0,0,0,280,0.0,0.0,0.0,0.0,0.0,473,181,0.0,0.0,454,182,456,183,398,172,464,182,,,,,,,,0.0,0.0,0.0,0.0,0.0,0.0,0.0,0.0,0.0,2,0,0.0,0.0,0.0,0.0,0.0,0.0,0.0,0.0,0.0,0.0,0.0,0.0,0.0,0.0,0.0,327.0,0.0,0.0,0.0,0.0,0.0,0.0,0.0,0.0,0.0,0.0,0.0,0.0,0.0
508,Ben,Davies,Davies,a,,,4.0,587,163,1.0,196,76,0.0,369,125,0,0,0,0,0,3352,9390,0.0,0.0,0.0,0.0,0.0,369,125,,,351,127,341,123,263,94,360,126,,,,,,,,0.0,0.0,0.0,0.0,0.0,0.0,0.0,0.0,0.0,2,0,0.0,0.0,0.0,0.0,0.0,0.0,0.0,0.0,0.0,0.0,0.0,0.0,0.0,0.0,3663.0,10664.0,0.0,0.0,0.0,0.0,0.0,0.0,0.0,0.0,0.0,0.0,0.0,0.0,0.0
509,Jun'ai,Byfield,Byfield,a,,,4.0,649,211,0.1,486,171,0.0,412,154,0,0,0,0,0,484,515,0.0,0.0,0.0,0.0,0.0,412,154,,,394,156,386,154,314,131,404,156,,,,,,,,0.0,0.0,0.0,0.0,0.0,0.0,0.0,0.0,0.0,2,0,0.0,0.0,0.0,0.0,0.0,0.0,0.0,0.0,0.0,0.0,0.0,0.0,0.0,0.0,508.0,584.0,0.0,0.0,0.0,0.0,0.0,0.0,0.0,0.0,0.0,0.0,0.0,0.0,0.0
510,James,Rowswell,Rowswell,a,,,4.0,626,190,0.1,448,158,0.0,394,138,0,0,0,0,0,637,753,0.0,0.0,0.0,0.0,0.0,394,138,,,376,140,368,138,293,112,386,140,,,,,,,,0.0,0.0,0.0,0.0,0.0,0.0,0.0,0.0,0.0,2,0,0.0,0.0,0.0,0.0,0.0,0.0,0.0,0.0,0.0,0.0,0.0,0.0,0.0,0.0,680.0,839.0,0.0,0.0,0.0,0.0,0.0,0.0,0.0,0.0,0.0,0.0,0.0,0.0,0.0
511,João Victor,de Souza Menezes,Souza,u,Has joined FC Porto on loan for the rest of the season,,4.0,648,210,0.3,308,115,0.0,411,153,0,0,0,0,0,1362,4612,0.0,0.0,0.0,0.0,0.0,411,153,0.0,,393,155,385,153,313,130,403,155,,,,,,,,0.0,0.0,0.0,0.0,0.0,0.0,0.0,0.0,0.0,2,0,0.0,0.0,0.0,0.0,0.0,0.0,0.0,0.0,0.0,0.0,0.0,0.0,0.0,0.0,1513.0,4956.0,0.0,0.0,0.0,0.0,0.0,0.0,0.0,0.0,0.0,0.0,0.0,0.0,0.0
512,Mohammed,Kudus,Kudus,a,,,6.5,41,28,0.1,417,166,0.5,355,168,1,0,0,0,0,3492,1654,0.1,0.2,0.5,0.4,1.0,337,163,100.0,75.0,326,148,225,122,145,72,276,123,,3.0,3.0,,,,,0.16,0.04,0.2,0.98,0.0,0.0,4.09,0.0,8.18,2,1,22.0,0.0,0.0,0.0,1.0,0.0,0.0,0.0,0.0,0.0,0.0,0.0,0.0,4.0,3515.0,1936.0,0.0,0.04,0.01,0.05,0.24,1.2,3.3,11.0,1.6,0.0,0.0,2.0,2.0
513,Xavi,Simons,Xavi,i,Knee injury - Unknown return date,,6.0,80,54,0.0,586,246,0.0,636,278,0,0,0,0,0,64,309,0.0,0.0,0.0,0.0,0.0,636,278,0.0,0.0,635,279,636,279,631,275,636,279,,2.0,4.0,,,,,0.0,0.0,0.0,0.0,0.0,0.0,0.0,0.0,0.0,2,0,0.0,0.0,0.0,0.0,0.0,0.0,0.0,0.0,0.0,0.0,0.0,0.0,0.0,0.0,73.0,346.0,0.0,0.0,0.0,0.0,0.0,0.0,0.0,0.0,0.0,0.0,0.0,0.0,0.0
514,Mathys,Tel,Tel,a,,,5.9,108,69,0.4,286,94,2.0,169,84,2,-1,1,-1,1,1581,14069,0.3,0.7,2.0,2.0,2.0,182,89,,,211,85,86,54,38,22,86,48,,4.0,,,,,,0.11,0.05,0.16,2.49,0.0,0.0,2.29,1.15,6.31,2,2,67.0,0.0,0.0,0.0,1.0,0.0,0.0,0.0,0.0,0.0,0.0,1.0,0.0,10.0,2777.0,16493.0,0.0,0.14,0.03,0.16999999999999998,0.47999999999999954,3.799999999999999,3.3000000000000007,34.0,4.1,1.0,0.0,2.0,3.0
9,Piero,Hincapié,Hincapie,a,,,5.4,221,32,1.2,170,69,0.5,327,117,0,0,0,-1,1,3974,28035,0.1,0.2,0.5,0.5,1.0,297,109,,,333,124,310,116,564,206,346,123,,,,,,,,0.0,0.0,0.0,1.5,0.0,0.0,0.0,0.0,0.0,2,0,0.0,0.0,0.0,0.0,0.0,0.0,0.0,0.0,0.0,0.0,0.0,0.0,0.0,0.0,4374.0,33074.0,0.0,0.0,0.0,0.0,0.0,0.0,0.0,0.0,0.0,0.0,0.0,0.0,0.0
18,Gabriel,Martinelli Silva,Martinelli,a,,,6.3,56,40,0.2,361,136,0.0,641,282,0,-1,1,-2,2,1064,4806,0.0,0.0,0.0,0.0,0.0,641,282,,,642,283,642,283,638,279,642,283,,,,,,,,0.0,0.0,0.0,0.0,0.0,0.0,0.0,0.0,0.0,2,0,0.0,0.0,0.0,0.0,0.0,0.0,0.0,0.0,0.0,0.0,0.0,0.0,0.0,0.0,1238.0,5652.0,0.0,0.0,0.0,0.0,0.0,0.0,0.0,0.0,0.0,0.0,0.0,0.0,0.0
19,Martín,Zubimendi Ibáñez,Zubimendi,a,,,5.4,226,140,0.8,214,68,1.0,246,115,1,-1,1,-1,1,3150,15529,0.2,0.4,1.0,1.0,1.0,298,137,,,241,101,226,123,569,232,288,129,,,,,,,,0.0,0.07,0.07,0.5,0.0,0.0,0.0,0.0,16.67,2,1,5.0,0.0,0.0,0.0,0.0,0.0,0.0,0.0,0.0,0.0,0.0,0.0,0.0,5.0,3315.0,18412.0,0.0,0.0,0.0,0.0,0.0,4.8,0.9000000000000004,0.0,0.6,2.0,0.0,0.0,2.0
557,Christos,Tzolis,Tzolis,a,,,6.5,38,26,21.1,13,6,3.0,118,56,0,0,0,0,0,82632,435395,0.5,0.9,3.0,3.0,3.0,124,56,,,195,76,30,25,56,32,67,41,3.0,,,,,,,0.14,0.11,0.25,0.12,0.0,0.75,0.0,1.5,6.75,2,0,45.0,0.0,0.0,0.0,0.0,0.0,0.0,0.0,1.0,0.0,0.0,1.0,0.0,1.0,117716.0,446591.0,0.0,0.0,0.009999999999999981,0.010000000000000009,0.1,0.0,11.800000000000004,4.0,1.6000000000000014,0.0,1.0,2.0,3.0
515,James,Maddison,Maddison,d,Shoulder injury - 75% chance of playing,,6.4,49,34,0.6,236,80,0.5,351,164,0,-1,1,-1,1,155,31045,0.1,0.2,0.4,0.4,1.0,332,158,75.0,75.0,281,129,194,108,163,79,256,115,,,,,,,,0.0,0.04,0.04,3.48,0.0,0.0,0.0,0.0,8.18,2,0,0.0,0.0,0.0,0.0,0.0,0.0,0.0,0.0,0.0,0.0,0.0,0.0,0.0,0.0,175.0,40017.0,0.0,0.0,0.0,0.0,0.0,0.0,0.0,0.0,0.0,0.0,0.0,0.0,0.0
525,Mateus,Fernandes,Fernandes,a,,,5.9,110,70,1.3,165,51,1.5,204,98,2,-1,1,-1,1,3801,33816,0.3,0.5,1.5,1.5,1.5,217,103,,,173,65,11,11,214,103,71,43,2.0,,,,,,,0.01,0.15,0.16,1.93,0.0,0.0,2.0,0.67,6.67,2,2,90.0,0.0,0.0,0.0,2.0,0.0,0.0,0.0,0.0,0.0,0.0,1.0,0.0,18.0,4721.0,38658.0,0.0,0.01,0.17,0.18,0.7199999999999998,14.0,46.3,1.0,6.1,3.0,0.0,5.0,8.0
1,David,Raya Martín,Raya,a,,,6.0,61,1,37.8,6,1,6.0,42,3,6,0,0,0,0,154004,166054,1.0,2.0,6.0,6.0,6.0,45,3,,,194,20,632,71,627,71,267,20,,,,,,,,0.0,0.0,0.0,0.26,0.5,1.0,0.0,1.0,0.0,2,6,90.0,0.0,0.0,1.0,0.0,0.0,0.0,0.0,0.0,0.0,0.0,1.0,0.0,21.0,168969.0,179502.0,0.0,0.0,0.0,0.0,0.33,5.599999999999998,0.0,0.0,0.6000000000000001,0.0,1.0,11.0,0.0
2,Kepa,Arrizabalaga Revuelta,Arrizabalaga,a,,,5.0,246,9,0.1,457,52,0.0,528,68,0,0,0,0,0,489,968,0.0,0.0,0.0,0.0,0.0,528,68,,,511,68,514,57,462,57,520,68,,,,,,,,0.0,0.0,0.0,0.0,0.0,0.0,0.0,0.0,0.0,2,0,0.0,0.0,0.0,0.0,0.0,0.0,0.0,0.0,0.0,0.0,0.0,0.0,0.0,0.0,521.0,1166.0,0.0,0.0,0.0,0.0,0.0,0.0,0.0,0.0,0.0,0.0,0.0,0.0,0.0
29,Marco,Bizot,M.Bizot,a,,,4.5,426,24,0.1,381,44,0.5,279,22,0,0,0,0,0,1946,1877,0.1,0.2,0.5,0.5,1.0,236,21,,,138,15,391,26,323,25,223,15,,,,,,,,0.0,0.0,0.0,3.77,3.0,0.0,4.0,1.0,0.0,2,0,0.0,0.0,0.0,0.0,0.0,0.0,0.0,0.0,0.0,0.0,0.0,0.0,0.0,0.0,2098.0,2048.0,0.0,0.0,0.0,0.0,0.0,0.0,0.0,0.0,0.0,0.0,0.0,0.0,0.0
38,Andrés,García,A.García,a,,,4.0,646,208,1.8,139,57,0.0,410,152,0,0,0,0,0,12831,13371,0.0,0.0,0.0,0.0,0.0,410,152,,,392,154,384,152,312,129,402,154,,,,,,,,0.0,0.0,0.0,0.0,0.0,0.0,0.0,0.0,0.0,2,0,0.0,0.0,0.0,0.0,0.0,0.0,0.0,0.0,0.0,0.0,0.0,0.0,0.0,0.0,13577.0,15172.0,0.0,0.0,0.0,0.0,0.0,0.0,0.0,0.0,0.0,0.0,0.0,0.0,0.0
62,Bafodé,Diakité,Diakité,a,,,5.0,297,51,0.2,343,128,0.0,548,200,0,0,0,0,0,1478,3287,0.0,0.0,0.0,0.0,0.0,548,200,,,536,203,537,203,492,196,543,203,,,,,,,,0.0,0.0,0.0,0.0,0.0,0.0,0.0,0.0,0.0,2,0,0.0,0.0,0.0,0.0,0.0,0.0,0.0,0.0,0.0,0.0,0.0,0.0,0.0,0.0,1734.0,3532.0,0.0,0.0,0.0,0.0,0.0,0.0,0.0,0.0,0.0,0.0,0.0,0.0,0.0
81,Álvaro,Rodríguez,Rodríguez,a,,,6.0,86,19,0.1,412,58,0.5,350,43,1,0,0,0,0,1199,1568,0.1,0.2,0.5,0.5,1.0,331,41,100.0,100.0,637,74,637,74,633,74,637,74,,,,,,,,0.0,0.0,0.0,1.6,0.0,0.0,10.0,0.0,10.0,2,1,9.0,0.0,0.0,0.0,1.0,0.0,0.0,0.0,0.0,0.0,0.0,0.0,0.0,4.0,1354.0,1677.0,0.0,0.0,0.0,0.0,0.16,0.0,0.0,0.0,0.0,0.0,0.0,1.0,1.0
107,Kaye,Furo,Furo,a,,,4.5,549,74,1.1,189,29,0.0,489,51,0,0,0,0,0,21378,10868,0.0,0.0,0.0,0.0,0.0,489,51,,,471,44,472,49,416,46,481,49,,,,,,,,0.0,0.0,0.0,0.0,0.0,0.0,0.0,0.0,0.0,2,0,0.0,0.0,0.0,0.0,0.0,0.0,0.0,0.0,0.0,0.0,0.0,0.0,0.0,0.0,22565.0,12075.0,0.0,0.0,0.0,0.0,0.0,0.0,0.0,0.0,0.0,0.0,0.0,0.0,0.0
126,Matt,O'Riley,O'Riley,a,,,5.5,148,91,0.1,428,169,0.0,613,262,0,0,0,0,0,842,1615,0.0,0.0,0.0,0.0,0.0,613,262,,,603,258,609,261,591,247,609,260,,,3.0,,,,,0.0,0.0,0.0,0.0,0.0,0.0,0.0,0.0,0.0,2,0,0.0,0.0,0.0,0.0,0.0,0.0,0.0,0.0,0.0,0.0,0.0,0.0,0.0,0.0,930.0,1788.0,0.0,0.0,0.0,0.0,0.0,0.0,0.0,0.0,0.0,0.0,0.0,0.0,0.0
614,Jaouen,Hadjam,Hadjam,a,,,4.5,520,138,0.0,519,180,0.0,465,178,0,0,0,0,0,1585,416,0.0,0.0,1.8,1.8,0.0,465,178,,,446,179,448,180,390,169,456,179,,,,,,,,0.0,0.0,0.0,0.0,0.0,0.0,0.0,0.0,0.0,2,0,0.0,0.0,0.0,0.0,0.0,0.0,0.0,0.0,0.0,0.0,0.0,0.0,0.0,0.0,1876.0,440.0,0.0,0.0,0.0,0.0,0.0,0.0,0.0,0.0,0.0,0.0,0.0,0.0,0.0
154,Cole,Palmer,Palmer,a,,,9.6,3,2,18.3,18,8,10.0,8,4,7,1,-1,1,-1,307809,137060,1.0,2.1,10.0,10.0,10.0,9,5,100.0,100.0,3,3,15,14,9,5,3,3,,3.0,1.0,,,,,0.49,0.17,0.66,1.39,0.0,0.0,2.62,1.05,8.9,2,7,90.0,1.0,0.0,0.0,3.0,0.0,0.0,0.0,0.0,0.0,0.0,1.0,0.0,28.0,386392.0,141391.0,0.0,0.6599999999999999,0.13,0.79,1.41,40.8,25.299999999999997,26.0,9.2,2.0,2.0,4.0,8.0
178,Jake,Bidwell,Bidwell,a,,,4.0,581,160,0.1,451,159,0.0,364,123,0,0,0,0,0,456,792,0.0,0.0,0.0,0.0,0.0,364,123,,,346,125,336,121,258,92,355,124,,,,,,,,0.0,0.0,0.0,0.0,0.0,0.0,0.0,0.0,0.0,2,0,0.0,0.0,0.0,0.0,0.0,0.0,0.0,0.0,0.0,0.0,0.0,0.0,0.0,0.0,509.0,905.0,0.0,0.0,0.0,0.0,0.0,0.0,0.0,0.0,0.0,0.0,0.0,0.0,0.0
195,Ellis,Simms,Simms,a,,,5.0,281,52,0.9,204,33,1.0,235,25,0,0,0,0,0,8482,16630,0.2,0.4,1.0,1.0,2.0,162,19,,,305,32,166,16,229,35,270,32,,,,,,,,0.0,0.01,0.01,2.09,0.0,0.0,3.91,1.3,3.91,2,0,0.0,0.0,0.0,0.0,0.0,0.0,0.0,0.0,0.0,0.0,0.0,0.0,0.0,0.0,12441.0,18552.0,0.0,0.0,0.0,0.0,0.0,0.0,0.0,0.0,0.0,0.0,0.0,0.0,0.0
256,Kenny,Tete,Tete,a,,,4.5,448,92,0.2,323,120,0.0,430,162,0,0,0,0,0,360,2360,0.0,0.0,0.0,0.0,0.0,430,162,,,411,163,406,162,340,144,421,163,,,,,,,,0.0,0.0,0.0,0.0,0.0,0.0,0.0,0.0,0.0,2,0,0.0,0.0,0.0,0.0,0.0,0.0,0.0,0.0,0.0,0.0,0.0,0.0,0.0,0.0,412.0,2731.0,0.0,0.0,0.0,0.0,0.0,0.0,0.0,0.0,0.0,0.0,0.0,0.0,0.0
635,Hugo,Larsson,Larsson,a,,,5.0,366,221,0.0,638,280,0.0,580,242,0,0,0,0,0,158,12,0.0,0.0,1.5,1.5,0.0,580,242,,,567,235,574,241,538,212,575,238,,,,,,,,0.0,0.0,0.0,0.0,0.0,0.0,0.0,0.0,0.0,2,0,0.0,0.0,0.0,0.0,0.0,0.0,0.0,0.0,0.0,0.0,0.0,0.0,0.0,0.0,158.0,12.0,0.0,0.0,0.0,0.0,0.0,0.0,0.0,0.0,0.0,0.0,0.0,0.0,0.0
240,Tim,Iroegbunam,Iroegbunam,a,,,5.0,330,195,0.0,590,250,0.5,313,141,1,0,0,0,0,195,148,0.1,0.2,0.5,0.0,1.0,280,122,100.0,0.0,550,223,556,229,516,197,558,226,,,,,,,,0.0,0.0,0.0,0.0,0.0,0.0,0.0,0.0,0.0,2,1,4.0,0.0,0.0,0.0,0.0,0.0,0.0,0.0,0.0,0.0,0.0,0.0,0.0,2.0,197.0,186.0,0.0,0.0,0.0,0.0,0.0,0.0,0.0,0.0,0.0,0.0,0.0,0.0,0.0
617,Mohamed-Ali,Cho,Cho,a,,,5.0,333,198,0.0,608,259,1.0,240,110,1,0,0,0,0,593,163,0.2,0.2,1.5,1.5,1.0,281,123,,,332,152,314,159,519,200,344,161,,,,,,,,0.0,0.0,0.0,2.31,0.0,0.0,0.0,0.0,0.0,2,1,7.0,0.0,0.0,0.0,0.0,0.0,0.0,0.0,0.0,0.0,0.0,0.0,0.0,3.0,618.0,165.0,0.0,0.0,0.0,0.0,0.18,0.4,0.3,0.0,0.1,0.0,0.0,0.0,0.0
637,Robinio,Vaz,Vaz,a,,,5.0,386,64,0.0,604,76,0.0,588,65,0,0,0,0,0,607,74,0.0,0.0,1.4,1.4,0.0,588,65,,,576,58,582,63,551,60,584,63,,,,,,,,0.0,0.0,0.0,0.0,0.0,0.0,0.0,0.0,0.0,2,0,0.0,0.0,0.0,0.0,0.0,0.0,0.0,0.0,0.0,0.0,0.0,0.0,0.0,0.0,607.0,74.0,0.0,0.0,0.0,0.0,0.0,0.0,0.0,0.0,0.0,0.0,0.0,0.0,0.0
312,Jack,Taylor,Taylor,i,Knee injury - Unknown return date,,4.5,475,262,0.0,525,217,0.0,441,175,0,0,0,0,0,143,582,0.0,0.0,0.0,0.0,0.0,441,175,0.0,0.0,422,163,418,172,355,129,432,168,,,,,,,,0.0,0.0,0.0,0.0,0.0,0.0,0.0,0.0,0.0,2,0,0.0,0.0,0.0,0.0,0.0,0.0,0.0,0.0,0.0,0.0,0.0,0.0,0.0,0.0,162.0,667.0,0.0,0.0,0.0,0.0,0.0,0.0,0.0,0.0,0.0,0.0,0.0,0.0,0.0
313,Jack,Clarke,Clarke,a,,,5.5,168,104,0.3,314,110,3.5,95,41,0,0,0,0,0,979,4325,0.6,1.3,3.5,3.5,7.0,27,14,,,123,45,302,152,97,51,166,80,3.0,3.0,1.0,,,,,0.47,0.0,0.47,0.14,0.0,0.0,0.0,0.0,9.47,2,0,0.0,0.0,0.0,0.0,0.0,0.0,0.0,0.0,0.0,0.0,0.0,0.0,0.0,0.0,1399.0,4815.0,0.0,0.0,0.0,0.0,0.0,0.0,0.0,0.0,0.0,0.0,0.0,0.0,0.0
341,Wilfried,Gnonto,Gnonto,u,Has joined ACF Fiorentina on loan for the rest of the season,,5.0,336,199,0.0,578,242,0.0,567,233,0,0,0,0,0,226,332,0.0,0.0,0.0,0.0,0.0,567,233,0.0,75.0,554,226,560,232,522,201,562,229,,,,,,,,0.0,0.0,0.0,0.0,0.0,0.0,0.0,0.0,0.0,2,0,0.0,0.0,0.0,0.0,0.0,0.0,0.0,0.0,0.0,0.0,0.0,0.0,0.0,0.0,230.0,386.0,0.0,0.0,0.0,0.0,0.0,0.0,0.0,0.0,0.0,0.0,0.0,0.0,0.0
352,Freddie,Woodman,Woodman,a,,,4.0,589,59,1.1,183,28,0.0,371,33,0,0,0,0,0,7184,6397,0.0,0.0,0.0,0.0,0.0,371,33,,,353,33,343,12,265,11,362,33,,,,,,,,0.0,0.0,0.0,0.0,0.0,0.0,0.0,0.0,0.0,2,0,0.0,0.0,0.0,0.0,0.0,0.0,0.0,0.0,0.0,0.0,0.0,0.0,0.0,0.0,7674.0,7062.0,0.0,0.0,0.0,0.0,0.0,0.0,0.0,0.0,0.0,0.0,0.0,0.0,0.0
371,Ryan,Gravenberch,Gravenberch,a,,,6.0,73,50,1.7,142,42,3.0,117,55,1,0,0,0,0,8150,36365,0.5,1.0,3.0,3.0,3.0,123,55,,,137,50,88,55,207,100,144,70,,,,,,,,0.06,0.06,0.12,1.1,0.0,0.0,1.88,0.94,11.25,2,1,19.0,0.0,0.0,0.0,0.0,0.0,0.0,0.0,0.0,0.0,0.0,0.0,0.0,7.0,10816.0,38621.0,0.0,0.0,0.009999999999999995,0.009999999999999995,0.06999999999999984,4.400000000000002,12.100000000000001,0.0,1.6999999999999993,1.0,0.0,0.0,1.0
372,Alexis,Mac Allister,Mac Allister,a,,,5.5,153,94,1.5,154,46,1.5,197,93,2,0,0,0,0,8435,22522,0.3,0.5,1.5,1.5,1.5,211,98,,,185,71,190,106,594,250,226,100,,,5.0,,,,,0.0,0.35,0.35,2.88,0.0,0.0,1.75,0.87,11.36,2,2,76.0,0.0,0.0,0.0,2.0,0.0,0.0,0.0,0.0,0.0,0.0,1.0,0.0,10.0,9366.0,25588.0,0.0,0.0,0.39,0.39,2.2299999999999995,12.599999999999998,7.699999999999999,0.0,2.0,3.0,2.0,5.0,10.0
587,Gerónimo,Rulli,Rulli,a,,,5.0,245,8,0.0,562,67,0.0,527,67,0,0,0,0,0,118,270,0.0,0.0,0.0,0.0,0.0,527,67,,,510,67,513,56,461,56,519,67,,,,,,,,0.0,0.0,0.0,0.0,0.0,0.0,0.0,0.0,0.0,2,0,0.0,0.0,0.0,0.0,0.0,0.0,0.0,0.0,0.0,0.0,0.0,0.0,0.0,0.0,127.0,305.0,0.0,0.0,0.0,0.0,0.0,0.0,0.0,0.0,0.0,0.0,0.0,0.0,0.0
424,Harry,Amass,Amass,a,,,4.0,642,205,0.2,339,126,0.0,407,150,0,0,0,0,0,1435,1943,0.0,0.0,0.0,0.0,0.0,407,150,,,389,152,381,150,308,126,399,152,,,,,,,,0.0,0.0,0.0,0.0,0.0,0.0,0.0,0.0,0.0,2,0,0.0,0.0,0.0,0.0,0.0,0.0,0.0,0.0,0.0,0.0,0.0,0.0,0.0,0.0,1524.0,2179.0,0.0,0.0,0.0,0.0,0.0,0.0,0.0,0.0,0.0,0.0,0.0,0.0,0.0
437,Bendito,Mantato,Bendito Mantato,a,,,4.5,543,276,0.2,346,127,0.0,485,187,0,0,0,0,0,1457,2288,0.0,0.0,0.0,0.0,0.0,485,187,,,467,175,468,184,412,142,477,180,,,,,,,,0.0,0.0,0.0,0.0,0.0,0.0,0.0,0.0,0.0,2,0,0.0,0.0,0.0,0.0,0.0,0.0,0.0,0.0,0.0,0.0,0.0,0.0,0.0,0.0,1515.0,2518.0,0.0,0.0,0.0,0.0,0.0,0.0,0.0,0.0,0.0,0.0,0.0,0.0,0.0
457,Jacob,Murphy,J.Murphy,a,,,5.9,92,60,0.1,385,147,0.5,344,160,1,-1,1,-1,1,856,2773,0.1,0.2,0.5,0.5,0.5,356,169,,,309,139,227,124,206,99,304,137,2.0,,,,,,,0.0,0.82,0.82,5.81,0.0,0.0,4.09,0.0,20.45,2,1,8.0,0.0,0.0,0.0,0.0,0.0,0.0,0.0,0.0,0.0,0.0,0.0,0.0,3.0,951.0,3264.0,0.0,0.0,0.2,0.2,0.3799999999999999,2.2,3.1,2.0,0.7000000000000001,1.0,0.0,2.0,3.0
458,Joelinton Cássio,Apolinário de Lira,Joelinton,i,Unspecified injury - Unknown return date,,5.4,213,132,0.0,557,230,0.0,593,248,0,-1,1,-1,1,75,548,0.0,0.0,0.0,0.0,0.0,593,248,0.0,0.0,581,242,588,248,559,226,589,245,,,,,,,,0.0,0.0,0.0,0.0,0.0,0.0,0.0,0.0,0.0,2,0,0.0,0.0,0.0,0.0,0.0,0.0,0.0,0.0,0.0,0.0,0.0,0.0,0.0,0.0,82.0,663.0,0.0,0.0,0.0,0.0,0.0,0.0,0.0,0.0,0.0,0.0,0.0,0.0,0.0
459,Lewis,Miley,L.Miley,a,,,5.5,196,123,0.1,455,181,3.0,113,52,3,0,0,0,0,1683,1221,0.5,1.1,3.0,3.0,3.0,118,52,100.0,100.0,146,54,56,43,212,102,131,67,3.0,,,,,,,0.03,0.03,0.06,1.67,0.0,0.55,0.55,1.09,12.0,2,3,90.0,0.0,0.0,1.0,0.0,0.0,0.0,0.0,0.0,0.0,0.0,1.0,0.0,16.0,1936.0,1320.0,0.0,0.0,0.04,0.04000000000000001,1.12,11.200000000000001,14.700000000000003,0.0,2.5999999999999996,0.0,3.0,6.0,9.0
499,Pedro,Porro Sauceda,Pedro Porro,a,,,5.5,166,21,11.9,35,12,0.5,337,120,1,0,0,0,0,39675,170317,0.1,0.2,0.5,0.5,1.0,314,110,100.0,100.0,236,96,196,63,87,22,200,77,3.0,1.0,,,,,,0.33,0.1,0.43,0.72,0.0,0.0,2.0,1.0,4.0,2,1,90.0,0.0,0.0,0.0,2.0,0.0,0.0,0.0,0.0,0.0,0.0,1.0,0.0,1.0,45719.0,192628.0,0.0,0.33,0.1,0.43,0.72,9.4,7.9,21.0,3.8,1.0,3.0,2.0,4.0
500,Cristian,Romero,Romero,u,Has joined Atletico Madrid permanently,,5.0,284,47,0.1,415,147,0.0,541,198,0,0,0,0,0,0,3353,0.0,0.0,0.0,0.0,0.0,541,198,0.0,0.0,529,201,530,201,484,194,536,201,,,,,,,,0.0,0.0,0.0,0.0,0.0,0.0,0.0,0.0,0.0,2,0,0.0,0.0,0.0,0.0,0.0,0.0,0.0,0.0,0.0,0.0,0.0,0.0,0.0,0.0,0.0,3914.0,0.0,0.0,0.0,0.0,0.0,0.0,0.0,0.0,0.0,0.0,0.0,0.0,0.0
502,Andrew,Robertson,Robertson,a,,,4.5,441,87,3.3,97,37,2.5,122,42,2,0,0,0,0,11228,44545,0.6,1.1,2.5,2.5,2.5,128,44,,,81,35,57,12,69,14,61,14,1.0,,,,,,,0.03,0.05,0.08,2.49,0.0,0.0,2.29,1.15,8.03,2,2,67.0,0.0,0.0,0.0,1.0,0.0,0.0,0.0,0.0,0.0,0.0,1.0,0.0,7.0,14974.0,48338.0,0.0,0.06,0.020000000000000004,0.08000000000000002,0.47999999999999954,11.2,16.8,25.0,5.3,1.0,2.0,1.0,3.0
503,Micky,van de Ven,Van de Ven,a,,,5.0,334,62,3.8,91,36,0.0,565,204,0,0,0,0,0,13908,62000,0.0,0.0,0.0,0.0,0.0,565,204,100.0,100.0,205,86,246,83,520,201,272,99,,,,,,,,0.0,0.02,0.02,0.72,0.0,0.0,2.0,1.0,8.0,2,0,90.0,0.0,0.0,0.0,2.0,0.0,0.0,0.0,1.0,0.0,0.0,1.0,0.0,5.0,15981.0,68677.0,0.0,0.0,0.02,0.02,0.72,15.2,2.1,0.0,1.7,1.0,7.0,4.0,8.0
516,Rodrigo,Bentancur,Bentancur,a,,,5.5,140,87,0.2,352,131,1.5,193,92,2,0,0,0,0,680,2061,0.3,0.5,1.5,1.5,1.5,207,97,,,193,75,118,72,588,245,193,87,,,,,,,,0.0,0.02,0.02,1.93,0.0,0.0,2.0,0.67,10.67,2,2,90.0,0.0,0.0,0.0,2.0,0.0,0.0,0.0,0.0,0.0,0.0,1.0,0.0,17.0,806.0,2412.0,0.0,0.0,0.019999999999999997,0.019999999999999997,0.7199999999999998,15.399999999999999,7.100000000000001,0.0,2.3,2.0,3.0,6.0,11.0
517,Wilson,Odobert,Odobert,i,Knee injury - Unknown return date,,5.5,199,126,0.0,647,286,0.0,621,269,0,0,0,0,0,19,31,0.0,0.0,0.0,0.0,0.0,621,269,0.0,0.0,614,267,619,269,608,261,618,267,,,,,,,,0.0,0.0,0.0,0.0,0.0,0.0,0.0,0.0,0.0,2,0,0.0,0.0,0.0,0.0,0.0,0.0,0.0,0.0,0.0,0.0,0.0,0.0,0.0,0.0,23.0,32.0,0.0,0.0,0.0,0.0,0.0,0.0,0.0,0.0,0.0,0.0,0.0,0.0,0.0
518,Pape Matar,Sarr,P.M.Sarr,u,Has joined Juventus on loan for the rest of the season,,4.9,410,249,0.2,362,137,0.0,517,204,0,0,0,-1,1,4025,4113,0.0,0.0,0.0,0.0,0.0,517,204,0.0,0.0,500,193,502,201,448,160,509,197,,,,,,,,0.0,0.0,0.0,0.0,0.0,0.0,0.0,0.0,0.0,2,0,0.0,0.0,0.0,0.0,0.0,0.0,0.0,0.0,0.0,0.0,0.0,0.0,0.0,0.0,4089.0,5271.0,0.0,0.0,0.0,0.0,0.0,0.0,0.0,0.0,0.0,0.0,0.0,0.0,0.0
519,Conor,Gallagher,Gallagher,a,,,5.4,216,135,0.2,326,116,0.0,596,251,0,-1,1,-1,1,859,5119,0.0,0.0,0.0,0.0,0.0,596,251,,,584,245,206,113,250,122,312,143,,,,,,,,0.04,0.12,0.16,3.4,0.0,0.0,4.0,2.0,6.0,2,0,0.0,0.0,0.0,0.0,0.0,0.0,0.0,0.0,0.0,0.0,0.0,0.0,0.0,0.0,1078.0,5926.0,0.0,0.0,0.0,0.0,0.0,0.0,0.0,0.0,0.0,0.0,0.0,0.0,0.0
520,Lucas,Bergvall,Bergvall,a,,,5.5,201,127,0.2,349,129,0.5,342,159,0,0,0,0,0,383,2758,0.1,0.2,0.5,0.5,1.0,319,150,,,616,268,250,130,242,117,620,268,,,,,,,,0.0,0.02,0.02,3.4,0.0,0.0,4.0,2.0,16.0,2,0,0.0,0.0,0.0,0.0,0.0,0.0,0.0,0.0,0.0,0.0,0.0,0.0,0.0,0.0,462.0,3094.0,0.0,0.0,0.0,0.0,0.0,0.0,0.0,0.0,0.0,0.0,0.0,0.0,0.0
521,Dejan,Kulusevski,Kulusevski,i,Knee injury - Unknown return date,,6.5,39,27,0.0,602,256,0.0,643,284,0,0,0,0,0,59,142,0.0,0.0,0.0,0.0,0.0,643,284,0.0,0.0,644,285,644,285,643,284,644,285,,,,,,,,0.0,0.0,0.0,0.0,0.0,0.0,0.0,0.0,0.0,2,0,0.0,0.0,0.0,0.0,0.0,0.0,0.0,0.0,0.0,0.0,0.0,0.0,0.0,0.0,65.0,169.0,0.0,0.0,0.0,0.0,0.0,0.0,0.0,0.0,0.0,0.0,0.0,0.0,0.0
522,Archie,Gray,Gray,a,,,5.0,364,219,0.2,332,120,2.0,155,76,2,0,0,0,0,1820,3209,0.4,0.8,2.0,2.0,2.0,167,79,,,248,107,212,117,536,210,285,128,,,,,,,,0.0,0.01,0.01,2.32,0.0,0.0,2.37,1.18,6.51,2,2,67.0,0.0,0.0,0.0,1.0,0.0,0.0,0.0,0.0,0.0,0.0,1.0,0.0,9.0,2073.0,3615.0,0.0,0.0,0.0,0.0,0.48,1.7999999999999998,1.5,0.0,0.30000000000000004,0.0,3.0,3.0,6.0
523,Mikey,Moore,Moore,a,,,5.0,342,201,0.2,372,141,1.5,190,90,1,0,0,0,0,807,4189,0.3,0.6,1.5,1.5,1.5,204,95,,,210,84,200,110,27,17,112,57,,,,,,,,0.4,0.02,0.42,3.3,0.0,0.0,4.04,1.01,3.03,2,1,22.0,0.0,0.0,0.0,1.0,0.0,0.0,0.0,0.0,0.0,0.0,0.0,0.0,1.0,1523.0,4652.0,0.0,0.020000000000000018,0.0,0.019999999999999962,0.23999999999999977,0.0,0.39999999999999947,1.0,0.0,0.0,0.0,1.0,1.0
524,Callum,Olusesi,Olusesi,a,,,4.5,515,270,0.7,227,74,0.0,460,181,0,0,0,0,0,1267,7917,0.0,0.0,0.0,0.0,0.0,460,181,,,441,169,443,178,385,136,451,174,,,,,,,,0.0,0.0,0.0,0.0,0.0,0.0,0.0,0.0,0.0,2,0,0.0,0.0,0.0,0.0,0.0,0.0,0.0,0.0,0.0,0.0,0.0,0.0,0.0,0.0,1383.0,8906.0,0.0,0.0,0.0,0.0,0.0,0.0,0.0,0.0,0.0,0.0,0.0,0.0,0.0
526,Dominic,Solanke-Mitchell,Solanke,a,,,5.9,93,23,1.1,188,28,1.0,259,28,1,-1,1,-1,1,5686,27519,0.2,0.3,1.0,1.0,1.0,322,39,,,300,30,319,40,142,25,278,33,,,1.0,,,,,0.66,0.0,0.66,2.07,0.0,0.0,0.0,0.0,0.0,2,1,15.0,0.0,0.0,0.0,0.0,0.0,0.0,0.0,0.0,0.0,0.0,0.0,0.0,6.0,7958.0,31105.0,0.0,0.2,0.0,0.2,0.0,3.2,0.3,6.0,1.0,0.0,0.0,0.0,0.0
527,Richarlison,de Andrade,Richarlison,a,,,5.9,98,25,1.9,132,20,1.0,261,29,0,-1,1,-1,1,6131,84631,0.2,0.3,1.0,1.0,2.0,180,20,,,625,71,242,34,618,72,337,39,,,5.0,,,,,0.0,0.0,0.0,4.06,0.0,0.0,4.03,1.34,1.34,2,0,0.0,0.0,0.0,0.0,0.0,0.0,0.0,0.0,0.0,0.0,0.0,0.0,0.0,0.0,8704.0,97684.0,0.0,0.0,0.0,0.0,0.0,0.0,0.0,0.0,0.0,0.0,0.0,0.0,0.0
528,Dane,Scarlett,Scarlett,u,Has joined Leyton Orient permanently,,4.5,510,66,1.9,133,21,0.0,455,44,0,0,0,0,0,29341,24989,0.0,0.0,0.0,0.0,0.0,455,44,0.0,,436,36,438,42,380,38,446,41,,,,,,,,0.0,0.0,0.0,0.0,0.0,0.0,0.0,0.0,0.0,2,0,0.0,0.0,0.0,0.0,0.0,0.0,0.0,0.0,0.0,0.0,0.0,0.0,0.0,0.0,31185.0,27174.0,0.0,0.0,0.0,0.0,0.0,0.0,0.0,0.0,0.0,0.0,0.0,0.0,0.0
578,Mykhailo,Mudryk,Mudryk,a,,,5.4,224,138,0.1,485,196,0.0,601,253,0,-1,1,-1,1,2237,1272,0.0,0.0,0.0,0.0,0.0,601,253,,,588,247,594,252,567,230,595,249,,,,,,,,0.0,0.0,0.0,0.0,0.0,0.0,0.0,0.0,0.0,2,0,0.0,0.0,0.0,0.0,0.0,0.0,0.0,0.0,0.0,0.0,0.0,0.0,0.0,0.0,2257.0,1394.0,0.0,0.0,0.0,0.0,0.0,0.0,0.0,0.0,0.0,0.0,0.0,0.0,0.0
601,Luca,Williams-Barnett,Williams-Barnett,a,,,4.5,556,282,0.1,404,157,0.0,494,191,0,0,0,0,0,3703,1804,0.0,0.0,0.0,0.0,0.0,494,191,,,476,179,477,188,421,146,486,184,,,,,,,,0.0,0.0,0.0,0.0,0.0,0.0,0.0,0.0,0.0,2,0,0.0,0.0,0.0,0.0,0.0,0.0,0.0,0.0,0.0,0.0,0.0,0.0,0.0,0.0,3993.0,1873.0,0.0,0.0,0.0,0.0,0.0,0.0,0.0,0.0,0.0,0.0,0.0,0.0,0.0
501,Kevin,Danso,Danso,a,,,5.0,249,38,0.2,366,135,0.0,529,195,0,0,0,0,0,863,2694,0.0,0.0,0.0,0.0,0.0,529,195,,,514,197,516,198,465,190,522,197,,,,,,,,0.0,0.0,0.0,0.0,0.0,0.0,0.0,0.0,0.0,2,0,0.0,0.0,0.0,0.0,0.0,0.0,0.0,0.0,0.0,0.0,0.0,0.0,0.0,0.0,942.0,3034.0,0.0,0.0,0.0,0.0,0.0,0.0,0.0,0.0,0.0,0.0,0.0,0.0,0.0
529,Robin,Roefs,Roefs,a,,,5.0,339,18,3.5,93,15,3.5,93,7,6,0,0,0,0,7712,36128,0.7,1.4,3.5,3.5,3.5,99,7,,,181,19,562,66,524,66,262,19,,,,,,,,0.0,0.0,0.0,1.38,0.5,0.5,1.0,1.0,0.0,2,6,90.0,0.0,0.0,1.0,0.0,0.0,0.0,0.0,0.0,0.0,0.0,1.0,0.0,22.0,8591.0,42029.0,0.0,0.0,0.0,0.0,0.95,4.0,0.0,0.0,0.3999999999999999,0.0,2.0,7.0,0.0
530,Anthony,Patterson,Patterson,u,Has joined Wrexham permanently,,4.0,607,63,0.1,382,45,0.0,380,37,0,0,0,0,0,0,1420,0.0,0.0,0.0,0.0,0.0,380,37,0.0,0.0,362,37,354,16,278,15,372,37,,,,,,,,0.0,0.0,0.0,0.0,0.0,0.0,0.0,0.0,0.0,2,0,0.0,0.0,0.0,0.0,0.0,0.0,0.0,0.0,0.0,0.0,0.0,0.0,0.0,0.0,0.0,1571.0,0.0,0.0,0.0,0.0,0.0,0.0,0.0,0.0,0.0,0.0,0.0,0.0,0.0
531,Melker,Ellborg,Ellborg,a,,,4.5,522,45,0.1,444,49,0.0,467,61,0,0,0,0,0,310,746,0.0,0.0,0.0,0.0,0.0,467,61,,,448,61,450,47,392,46,458,61,,,,,,,,0.0,0.0,0.0,0.0,0.0,0.0,0.0,0.0,0.0,2,0,0.0,0.0,0.0,0.0,0.0,0.0,0.0,0.0,0.0,0.0,0.0,0.0,0.0,0.0,336.0,874.0,0.0,0.0,0.0,0.0,0.0,0.0,0.0,0.0,0.0,0.0,0.0,0.0,0.0
532,Daniel,Ballard,Ballard,a,,,5.0,288,50,4.2,88,34,4.0,81,32,8,0,0,0,0,11952,62941,0.8,1.6,4.0,4.0,4.0,84,32,,,85,38,235,76,168,58,169,62,,,,,,,,0.02,0.0,0.02,1.38,0.0,0.5,1.0,1.0,9.5,2,8,90.0,0.0,0.0,1.0,0.0,0.0,0.0,0.0,0.0,0.0,0.0,1.0,0.0,27.0,14388.0,72409.0,0.0,0.03,0.0,0.03,0.95,23.599999999999998,1.2,7.0,3.1999999999999997,1.0,9.0,1.0,10.0
533,Nordi,Mukiele,Mukiele,a,,,5.5,139,16,2.4,115,47,4.5,69,25,9,0,0,0,0,16981,17824,0.8,1.6,4.5,4.5,9.0,11,4,100.0,100.0,83,36,195,62,239,89,161,60,,,,,,,,0.0,0.01,0.01,0.95,0.0,1.0,0.0,1.0,19.0,2,9,90.0,0.0,0.0,1.0,0.0,0.0,0.0,0.0,0.0,0.0,0.0,1.0,1.0,28.0,17696.0,26547.0,0.0,0.0,0.01,0.01,0.95,42.6,8.0,2.0,5.3,2.0,17.0,4.0,19.0
538,Leo Fuhr,Hjelde,Hjelde,u,Has joined KV Mechelen on loan for the rest of the season,,4.0,620,186,0.0,503,176,0.0,388,134,0,0,0,0,0,0,600,0.0,0.0,0.0,0.0,0.0,388,134,0.0,0.0,370,136,362,134,287,108,380,136,,,,,,,,0.0,0.0,0.0,0.0,0.0,0.0,0.0,0.0,0.0,2,0,0.0,0.0,0.0,0.0,0.0,0.0,0.0,0.0,0.0,0.0,0.0,0.0,0.0,0.0,0.0,670.0,0.0,0.0,0.0,0.0,0.0,0.0,0.0,0.0,0.0,0.0,0.0,0.0,0.0
539,Luke,O'Nien,O'Nien,a,,,4.0,591,165,3.1,106,42,0.5,272,88,0,0,0,0,0,4270,25042,0.1,0.2,0.5,0.5,1.0,224,69,,,226,92,267,93,196,69,268,98,,,,,,,,0.01,0.01,0.02,2.3,0.0,0.0,1.36,1.36,6.82,2,0,0.0,0.0,0.0,0.0,0.0,0.0,0.0,0.0,0.0,0.0,0.0,0.0,0.0,0.0,4785.0,28022.0,0.0,0.0,0.0,0.0,0.0,0.0,0.0,0.0,0.0,0.0,0.0,0.0,0.0
540,Arthur,Masuaku,Masuaku,u,Has joined Konyaspor permanently,,4.0,584,161,0.2,356,132,0.0,367,124,0,0,0,0,0,0,2720,0.0,0.0,0.0,0.0,0.0,367,124,0.0,0.0,349,126,339,122,261,93,358,125,,,,,,,,0.0,0.0,0.0,0.0,0.0,0.0,0.0,0.0,0.0,2,0,0.0,0.0,0.0,0.0,0.0,0.0,0.0,0.0,0.0,0.0,0.0,0.0,0.0,0.0,0.0,3128.0,0.0,0.0,0.0,0.0,0.0,0.0,0.0,0.0,0.0,0.0,0.0,0.0,0.0
541,Thomas,Meunier,Meunier,a,,,4.5,430,83,0.3,297,110,3.5,89,33,6,0,0,0,0,2078,1757,0.8,1.6,3.5,3.5,3.5,95,33,100.0,100.0,112,51,103,32,90,23,94,32,,,,,,,,0.05,0.06,0.11,1.38,0.0,0.5,1.0,1.0,6.0,2,6,90.0,0.0,0.0,1.0,0.0,0.0,0.0,0.0,0.0,0.0,0.0,1.0,0.0,27.0,2252.0,2076.0,0.0,0.020000000000000004,0.05,0.07,0.95,22.599999999999998,20.0,9.0,5.199999999999999,0.0,8.0,5.0,8.0
534,Trai,Hume,Hume,a,,,4.5,507,134,5.5,67,28,4.0,78,29,6,0,0,0,0,14149,60739,0.9,1.8,4.0,4.0,4.0,81,29,,,142,63,21,3,113,34,68,17,3.0,,,,,,,0.02,0.15,0.17,1.41,0.0,0.53,0.53,1.07,5.33,2,6,90.0,0.0,0.0,1.0,0.0,0.0,0.0,0.0,0.0,0.0,0.0,1.0,0.0,24.0,16653.0,66639.0,0.0,0.0,0.010000000000000009,0.010000000000000009,0.9500000000000002,18.6,19.1,2.0,3.999999999999999,4.0,2.0,4.0,6.0
535,Omar,Alderete,Alderete,a,,,5.0,267,41,0.4,280,105,0.5,304,112,0,0,0,0,0,1247,7287,0.1,0.2,0.5,0.5,1.0,270,104,100.0,100.0,523,199,297,110,478,192,530,199,,,,,,,,0.0,0.04,0.04,0.39,0.0,0.0,3.91,0.0,0.0,2,0,0.0,0.0,0.0,0.0,0.0,0.0,0.0,0.0,0.0,0.0,0.0,0.0,0.0,0.0,1523.0,8541.0,0.0,0.0,0.0,0.0,0.0,0.0,0.0,0.0,0.0,0.0,0.0,0.0,0.0
536,Reinildo,Mandava,Reinildo,a,,,4.5,488,122,0.4,271,101,3.5,91,35,6,0,0,0,0,1549,3121,0.8,1.6,3.5,3.5,3.5,97,35,,,95,43,70,18,185,64,101,36,,,,,,,,0.0,0.15,0.15,1.38,0.0,0.5,1.0,1.0,7.5,2,6,90.0,0.0,0.0,1.0,0.0,0.0,0.0,0.0,0.0,0.0,0.0,1.0,0.0,26.0,1727.0,3866.0,0.0,0.0,0.010000000000000009,0.010000000000000009,0.95,16.4,6.0,2.0,2.4000000000000004,1.0,6.0,3.0,7.0
537,Jenson,Seelt,Seelt,u,Has joined Swansea City on loan for the rest of the season,,4.5,523,140,0.0,609,203,0.0,468,180,0,0,0,0,0,3,287,0.0,0.0,0.0,0.0,0.0,468,180,0.0,,449,181,451,182,393,171,459,181,,,,,,,,0.0,0.0,0.0,0.0,0.0,0.0,0.0,0.0,0.0,2,0,0.0,0.0,0.0,0.0,0.0,0.0,0.0,0.0,0.0,0.0,0.0,0.0,0.0,0.0,9.0,302.0,0.0,0.0,0.0,0.0,0.0,0.0,0.0,0.0,0.0,0.0,0.0,0.0,0.0
542,Enzo,Le Fée,E.Le Fée,a,,,5.9,106,67,6.3,64,21,2.5,142,67,3,-1,1,-1,1,5550,189343,0.4,0.8,2.5,2.5,2.5,147,67,,,249,108,78,50,64,38,124,62,1.0,2.0,2.0,,,,,0.2,0.11,0.31,1.37,0.0,0.54,0.54,1.07,4.29,2,3,89.0,0.0,0.0,1.0,0.0,0.0,0.0,0.0,0.0,0.0,0.0,1.0,0.0,13.0,7906.0,211129.0,0.0,0.37,0.17,0.5399999999999999,0.8599999999999999,3.4000000000000004,21.200000000000003,30.0,5.5,1.0,1.0,4.0,6.0
543,Habib,Diarra,Diarra,i,Hamstring injury - Unknown return date,,5.5,195,122,0.1,492,200,2.5,139,65,4,0,0,0,0,141,1584,0.5,0.9,0.0,2.5,2.5,144,65,0.0,,203,81,181,103,241,116,221,98,,,1.0,,,,,0.1,0.51,0.61,0.39,0.0,0.0,3.21,0.0,0.0,2,4,18.0,0.0,1.0,0.0,0.0,0.0,0.0,0.0,0.0,0.0,0.0,0.0,0.0,15.0,209.0,1788.0,0.0,0.0,0.16,0.16,0.01999999999999999,15.2,10.3,0.0,2.6,0.0,0.0,0.0,0.0
544,Granit,Xhaka,Xhaka,a,,,5.5,122,79,4.6,80,25,7.5,22,12,6,0,0,0,0,35193,35661,1.4,2.7,7.5,7.5,7.5,23,12,,,97,34,6,6,578,240,38,29,2.0,1.0,,,,,,0.0,0.22,0.22,1.38,0.0,0.5,1.0,1.0,10.0,2,6,90.0,0.0,0.0,1.0,0.0,0.0,0.0,0.0,0.0,0.0,0.0,1.0,3.0,29.0,43671.0,38704.0,0.0,0.0,0.36,0.36,0.95,20.400000000000002,57.9,0.0,7.800000000000001,0.0,1.0,6.0,7.0
545,Noah,Sadiki,Sadiki,a,,,5.0,373,226,0.3,298,102,2.5,131,61,3,0,0,0,0,1501,3748,0.5,1.0,2.5,2.5,2.5,137,61,,,125,46,51,40,61,36,64,40,,,,,,,,0.04,0.02,0.06,1.38,0.0,0.5,1.0,1.0,6.5,2,3,90.0,0.0,0.0,1.0,0.0,0.0,0.0,0.0,0.0,0.0,0.0,1.0,0.0,21.0,1695.0,4315.0,0.0,0.020000000000000004,0.020000000000000004,0.04000000000000001,0.95,18.4,7.799999999999997,6.0,3.2,3.0,6.0,2.0,11.0
546,Simon,Adingra,Adingra,i,Ankle injury - Unknown return date,,4.9,415,253,0.0,500,204,0.0,520,206,0,-1,1,-1,1,173,1552,0.0,0.0,0.0,0.0,0.0,520,206,0.0,0.0,503,195,505,203,451,162,512,199,,,,,,,,0.0,0.0,0.0,0.0,0.0,0.0,0.0,0.0,0.0,2,0,0.0,0.0,0.0,0.0,0.0,0.0,0.0,0.0,0.0,0.0,0.0,0.0,0.0,0.0,178.0,1968.0,0.0,0.0,0.0,0.0,0.0,0.0,0.0,0.0,0.0,0.0,0.0,0.0,0.0
547,Romaine,Mundle,Mundle,a,,,5.0,313,187,0.0,607,258,0.5,311,139,1,0,0,0,0,65,111,0.1,0.2,0.5,0.5,1.0,276,119,,,247,106,327,165,102,53,233,104,,,,,,,,15.3,0.0,15.3,8.1,0.0,0.0,0.0,0.0,90.0,2,1,1.0,0.0,0.0,0.0,0.0,0.0,0.0,0.0,0.0,0.0,0.0,0.0,0.0,2.0,70.0,122.0,0.0,0.17,0.0,0.17,0.09,8.0,0.1,17.0,2.5,0.0,1.0,0.0,1.0
548,Chris,Rigg,Rigg,a,,,5.0,369,223,0.1,487,197,1.0,243,112,1,0,0,0,0,109,679,0.2,0.4,1.0,1.0,1.0,288,128,,,570,237,315,160,541,214,578,240,,,,,,,,0.0,0.0,0.0,2.33,0.0,0.0,5.29,0.0,5.29,2,1,7.0,0.0,0.0,0.0,0.0,0.0,0.0,0.0,0.0,0.0,0.0,0.0,0.0,3.0,114.0,791.0,0.0,0.0,0.0,0.0,0.33999999999999997,0.0,0.0,0.0,0.0,0.0,0.0,0.0,0.0
549,Chemsdine,Talbi,Talbi,a,,,5.4,232,145,0.2,350,130,0.5,329,154,0,-1,1,-1,1,342,3122,0.1,0.2,0.5,0.5,1.0,301,139,,,594,253,287,146,574,237,601,255,,,,,,,,0.0,0.0,0.0,0.41,0.0,0.0,2.9,0.0,5.81,2,0,0.0,0.0,0.0,0.0,0.0,0.0,0.0,0.0,0.0,0.0,0.0,0.0,0.0,0.0,370.0,3646.0,0.0,0.0,0.0,0.0,0.0,0.0,0.0,0.0,0.0,0.0,0.0,0.0,0.0
550,Djiamgone Jocelin Ta,Bi,Jocelin.T,a,,,5.0,393,239,0.0,615,263,0.0,591,247,0,0,0,0,0,64,83,0.0,0.0,0.0,0.0,0.0,591,247,,,579,241,586,247,556,224,587,244,,,,,,,,0.0,0.0,0.0,0.0,0.0,0.0,0.0,0.0,0.0,2,0,0.0,0.0,0.0,0.0,0.0,0.0,0.0,0.0,0.0,0.0,0.0,0.0,0.0,0.0,68.0,98.0,0.0,0.0,0.0,0.0,0.0,0.0,0.0,0.0,0.0,0.0,0.0,0.0,0.0
551,Nilson,Angulo,N.Angulo,a,,,5.0,359,214,0.1,378,144,4.0,84,37,3,0,0,0,0,3874,2463,0.8,1.6,4.0,4.0,4.0,87,39,,,91,32,127,76,107,56,109,56,,3.0,,,,,,0.11,0.04,0.15,1.65,0.0,0.74,0.74,1.48,8.85,2,3,64.0,0.0,0.0,1.0,0.0,0.0,0.0,0.0,0.0,0.0,0.0,1.0,0.0,13.0,4802.0,2676.0,0.0,0.0,0.04,0.04000000000000001,0.5800000000000003,7.200000000000003,16.7,0.0,2.3999999999999995,1.0,0.0,4.0,5.0
552,Brian,Brobbey,Brobbey,a,,,5.9,102,26,9.8,41,7,2.0,167,17,2,-1,1,-1,1,21524,255516,0.3,0.7,2.0,2.0,2.0,181,21,,,626,72,216,29,118,23,265,31,,,,,,,,0.23,0.0,0.23,1.58,0.0,0.7,0.7,1.4,2.79,2,2,63.0,0.0,0.0,1.0,0.0,0.0,0.0,0.0,0.0,0.0,0.0,1.0,0.0,5.0,28080.0,280474.0,0.0,0.030000000000000027,0.0,0.030000000000000027,0.5800000000000001,0.0,2.8,6.0,0.7,0.0,1.0,3.0,4.0
553,Wilson,Isidor,Isidor,a,,,5.5,163,39,1.1,191,30,4.5,71,7,8,0,0,0,0,26839,10920,0.8,1.6,4.5,4.5,4.5,74,8,,,135,12,318,39,76,17,158,18,,,,,,,,2.55,0.0,2.55,0.86,0.0,0.0,1.84,0.0,0.0,2,8,26.0,1.0,0.0,0.0,0.0,0.0,0.0,0.0,0.0,0.0,0.0,0.0,3.0,29.0,27195.0,13412.0,0.0,1.39,0.0,1.39,0.37,29.2,0.09999999999999998,25.0,5.4,0.0,0.0,0.0,0.0
612,Dayann,Méthalie,Methalie,a,,,4.5,564,154,0.0,619,206,0.0,500,189,0,0,0,0,0,272,63,0.0,0.0,1.8,0.0,0.0,500,189,100.0,0.0,483,190,483,191,428,182,492,190,,,,,,,,0.0,0.0,0.0,0.0,0.0,0.0,0.0,0.0,0.0,2,0,0.0,0.0,0.0,0.0,0.0,0.0,0.0,0.0,0.0,0.0,0.0,0.0,0.0,0.0,290.0,76.0,0.0,0.0,0.0,0.0,0.0,0.0,0.0,0.0,0.0,0.0,0.0,0.0,0.0
613,Jules,Ahoka,Ahoka,a,,,4.5,569,289,0.2,329,117,0.0,505,197,0,0,0,0,0,10907,3501,0.0,0.0,1.0,1.0,0.0,505,197,,,488,186,488,194,433,152,497,190,,,,,,,,0.0,0.0,0.0,0.0,0.0,0.0,0.0,0.0,0.0,2,0,0.0,0.0,0.0,0.0,0.0,0.0,0.0,0.0,0.0,0.0,0.0,0.0,0.0,0.0,12020.0,3700.0,0.0,0.0,0.0,0.0,0.0,0.0,0.0,0.0,0.0,0.0,0.0,0.0,0.0
646,Malick,Fofana,Fofana,a,,,5.5,197,124,0.0,589,249,0.0,620,268,0,0,0,0,0,1176,101,0.0,0.0,2.0,2.0,0.0,620,268,,,613,266,618,268,607,260,617,266,,,,,,,,0.0,0.0,0.0,0.0,0.0,0.0,0.0,0.0,0.0,2,0,0.0,0.0,0.0,0.0,0.0,0.0,0.0,0.0,0.0,0.0,0.0,0.0,0.0,0.0,1176.0,101.0,0.0,0.0,0.0,0.0,0.0,0.0,0.0,0.0,0.0,0.0,0.0,0.0,0.0
651,Juan,Angulo,J.Angulo,a,,,4.5,566,78,0.1,431,61,0.0,502,55,0,0,0,0,0,5738,593,0.0,0.0,1.0,1.0,0.0,502,55,,,485,48,485,53,430,50,494,53,,,,,,,,0.0,0.0,0.0,0.0,0.0,0.0,0.0,0.0,0.0,2,0,0.0,0.0,0.0,0.0,0.0,0.0,0.0,0.0,0.0,0.0,0.0,0.0,0.0,0.0,5738.0,593.0,0.0,0.0,0.0,0.0,0.0,0.0,0.0,0.0,0.0,0.0,0.0,0.0,0.0
