id,status,chance_of_playing_next_round,chance_of_playing_this_round,now_cost,now_cost_rank,now_cost_rank_type,cost_change_event,cost_change_event_fall,cost_change_start,cost_change_start_fall,selected_by_percent,selected_rank,selected_rank_type,total_points,event_points,points_per_game,points_per_game_rank,points_per_game_rank_type,bonus,bps,form,form_rank,form_rank_type,value_form,value_season,dreamteam_count,transfers_in,transfers_in_event,transfers_out,transfers_out_event,ep_next,ep_this,expected_goals,expected_assists,expected_goal_involvements,expected_goals_conceded,expected_goals_per_90,expected_assists_per_90,expected_goal_involvements_per_90,expected_goals_conceded_per_90,influence,influence_rank,influence_rank_type,creativity,creativity_rank,creativity_rank_type,threat,threat_rank,threat_rank_type,ict_index,ict_index_rank,ict_index_rank_type,corners_and_indirect_freekicks_order,direct_freekicks_order,penalties_order,gw,set_piece_threat,first_name,second_name,web_name,news,news_added,minutes,goals_scored,assists,clean_sheets,goals_conceded,own_goals,penalties_saved,penalties_missed,yellow_cards,red_cards,saves,starts,defensive_contribution,corners_and_indirect_freekicks_text,direct_freekicks_text,penalties_text,saves_per_90,clean_sheets_per_90,goals_conceded_per_90,starts_per_90,defensive_contribution_per_90,tackles,clearances_blocks_interceptions,recoveries
3,a,,,5.0,301,15,0,0,0,0,0.0,534,59,0,0,0.0,539,69,0,0,0.0,539,69,0.0,0.0,0,186,85,753,261,0.0,0.0,0.0,0.0,0.0,0.0,0.0,0.0,0.0,0.0,0.0,527,69,0.0,531,62,0.0,487,62,0.0,535,69,,,,2,,Illan,Meslier,Meslier,,,0,0,0,0,0,0,0,0,0,0,0,0,0,,,,0.0,0.0,0.0,0.0,0.0,0,0,0
6,i,0.0,0.0,6.0,80,9,0,0,0,0,0.2,320,118,0,0,0.0,614,206,0,0,0.0,614,206,0.0,0.0,0,1688,842,10689,3873,0.0,0.0,0.0,0.0,0.0,0.0,0.0,0.0,0.0,0.0,0.0,613,206,0.0,614,206,0.0,609,206,0.0,614,206,,,,2,,William,Saliba,Saliba,Back injury - Unknown return date,,0,0,0,0,0,0,0,0,0,0,0,0,0,,,,0.0,0.0,0.0,0.0,0.0,0,0,0
44,a,,,5.5,145,90,0,0,0,0,0.1,393,154,0,0,0.0,596,255,0,0,0.0,596,255,0.0,0.0,0,1753,751,4574,1917,0.0,0.0,0.0,0.0,0.0,0.0,0.0,0.0,0.0,0.0,0.0,586,251,0.0,592,254,0.0,572,239,0.0,592,253,,,,2,,Leon,Bailey,Bailey,,,0,0,0,0,0,0,0,0,0,0,0,0,0,,,,0.0,0.0,0.0,0.0,0.0,0,0,0
10,a,100.0,100.0,5.5,134,15,0,0,0,0,7.1,58,23,18,7,9.0,10,3,3,63,9.0,9,3,1.6,3.3,0,230265,85324,81779,56724,9.0,9.0,0.18,0.26,0.44,0.53,0.09,0.13,0.22,0.26,49.6,59,22,47.1,35,7,13.0,124,39,11.0,56,12,,,,2,,Benjamin,White,White,,,180,0,1,2,0,0,0,0,0,0,0,2,9,,,,0.0,1.0,0.0,1.0,4.5,2,7,5
7,a,,,5.5,184,115,0,0,0,0,0.7,226,74,6,3,3.0,116,50,0,30,3.0,111,50,0.5,1.1,0,14856,5163,16252,7201,3.0,3.0,0.13,0.13,0.26,0.53,0.07,0.07,0.14,0.3,21.6,171,64,26.1,99,61,12.0,133,68,6.0,146,71,,,,2,,Myles,Lewis-Skelly,Lewis-Skelly,,,160,0,0,2,0,0,0,0,0,0,0,2,12,,,,0.0,1.12,0.0,1.12,6.75,1,5,6
163,a,,,4.5,492,256,0,0,0,0,0.2,343,126,0,0,0.0,450,178,0,0,0.0,450,178,0.0,0.0,0,2491,1239,4800,1913,0.0,0.0,0.0,0.0,0.0,0.0,0.0,0.0,0.0,0.0,0.0,431,166,0.0,434,175,0.0,376,133,0.0,441,171,,,,2,,Dário,Luís Essugo,D.Essugo,,,0,0,0,0,0,0,0,0,0,0,0,0,0,,,,0.0,0.0,0.0,0.0,0.0,0,0,0
270,a,,,4.5,428,248,0,0,0,0,1.3,164,49,0,0,0.0,427,172,0,0,0.0,427,172,0.0,0.0,0,10474,4892,25702,11199,0.0,0.0,0.0,0.0,0.0,0.0,0.0,0.0,0.0,0.0,0.0,408,160,0.0,403,169,0.0,336,126,0.0,418,165,,,,2,,Harrison,Reed,Reed,,,0,0,0,0,0,0,0,0,0,0,0,0,0,,,,0.0,0.0,0.0,0.0,0.0,0,0,0
12,a,,,9.5,4,3,0,0,0,0,10.4,38,14,20,11,10.0,8,4,4,82,10.0,7,3,1.1,2.1,0,149252,60339,86310,51080,10.0,10.0,1.27,0.12,1.39,0.39,0.73,0.07,0.8,0.22,83.8,6,5,34.1,66,45,77.0,10,6,19.5,7,6,2.0,2.0,1.0,2,,Bukayo,Saka,Saka,,,157,2,0,2,0,0,0,0,0,0,0,2,18,,,,0.0,1.15,0.0,1.15,10.32,3,5,10
14,a,,,6.4,53,37,-1,1,-1,1,1.6,152,44,2,1,1.0,333,159,0,10,1.0,266,129,0.2,0.3,0,10632,4916,67367,22875,1.0,1.0,0.04,0.07,0.11,0.39,0.06,0.11,0.17,0.59,1.6,316,142,3.8,220,120,3.0,215,104,0.7,307,140,,3.0,,2,,Eberechi,Eze,Eze,,,59,0,0,0,0,0,0,0,0,0,0,0,5,,,,0.0,0.0,0.0,0.0,7.63,0,0,5
4,a,,,8.0,7,1,0,0,0,0,27.0,8,2,13,8,6.5,35,12,0,44,6.5,33,11,0.8,1.6,0,86734,27969,305893,181785,6.5,6.5,0.18,0.03,0.21,0.53,0.09,0.02,0.11,0.26,24.8,154,69,5.0,210,67,7.0,182,61,3.6,207,81,,,,2,,Gabriel,dos Santos Magalhães,Gabriel,,,180,0,0,2,0,0,0,0,1,0,0,2,14,,,,0.0,1.0,0.0,1.0,7.0,2,12,7
314,a,,,5.0,284,173,0,0,0,0,0.0,581,244,0,0,0.0,531,218,0,0,0.0,531,218,0.0,0.0,0,79,42,403,160,0.0,0.0,0.0,0.0,0.0,0.0,0.0,0.0,0.0,0.0,0.0,519,210,0.0,520,215,0.0,475,180,0.0,526,212,,,,2,,Chiedozie,Ogbene,Ogbene,,,0,0,0,0,0,0,0,0,0,0,0,0,0,,,,0.0,0.0,0.0,0.0,0.0,0,0,0
351,a,,,5.0,305,16,0,0,0,0,0.1,384,43,0,0,0.0,542,70,0,0,0.0,542,70,0.0,0.0,0,1191,533,3917,1879,0.0,0.0,0.0,0.0,0.0,0.0,0.0,0.0,0.0,0.0,0.0,529,70,0.0,533,63,0.0,491,63,0.0,537,70,,,,2,,Giorgi,Mamardashvili,Mamardashvili,,,0,0,0,0,0,0,0,0,0,0,0,0,0,,,,0.0,0.0,0.0,0.0,0.0,0,0,0
11,a,,,5.5,185,26,0,0,0,0,5.2,71,29,12,6,6.0,44,17,0,52,6.0,41,16,1.1,2.2,0,24230,8820,93830,47881,6.0,6.0,0.0,0.01,0.01,0.53,0.0,0.01,0.01,0.28,24.6,157,71,2.0,249,85,0.0,586,203,2.7,227,88,,,,2,,Cristhian,Mosquera,Mosquera,,,168,0,0,2,0,0,0,0,0,0,0,2,10,,,,0.0,1.07,0.0,1.07,5.36,0,10,3
13,a,,,7.5,16,10,0,0,0,0,15.3,26,9,8,5,4.0,93,41,0,29,4.0,87,39,0.5,1.1,0,48854,13367,293204,135482,4.0,4.0,0.07,0.18,0.25,0.39,0.04,0.11,0.15,0.23,30.8,134,49,34.0,67,46,2.0,246,120,6.7,128,64,1.0,1.0,,2,,Declan,Rice,Rice,,,151,0,0,2,0,0,0,0,0,0,0,2,18,,,,0.0,1.19,0.0,1.19,10.73,3,5,10
5,i,0.0,0.0,6.5,41,3,0,0,0,0,0.1,439,155,0,0,0.0,621,207,0,0,0.0,621,207,0.0,0.0,0,737,336,4729,1625,0.0,0.0,0.0,0.0,0.0,0.0,0.0,0.0,0.0,0.0,0.0,622,207,0.0,622,207,0.0,621,207,0.0,622,207,,,,2,,Jurriën,Timber,J.Timber,Groin injury - Unknown return date,,0,0,0,0,0,0,0,0,0,0,0,0,0,,,,0.0,0.0,0.0,0.0,0.0,0,0,0
8,a,,,5.6,115,11,0,0,1,-1,42.9,4,1,20,11,10.0,6,2,2,61,10.0,5,2,1.8,3.6,0,561972,251867,105310,63677,10.0,10.0,0.15,0.55,0.7,0.39,0.08,0.29,0.37,0.21,47.2,69,28,24.1,110,34,13.0,126,40,8.4,89,28,,,,2,,Riccardo,Calafiori,Calafiori,,,170,0,2,2,0,0,0,0,0,0,0,2,8,,,,0.0,1.06,0.0,1.06,4.24,2,6,5
9,a,,,5.4,215,32,0,0,-1,1,1.3,167,67,1,0,1.0,297,109,0,3,0.5,326,116,0.1,0.2,0,7292,3382,61483,20437,0.5,0.5,0.0,0.0,0.0,0.15,0.0,0.0,0.0,1.5,0.4,333,124,0.5,310,116,0.0,547,198,0.1,346,123,,,,2,,Piero,Hincapié,Hincapie,,,9,0,0,0,0,0,0,0,0,0,0,0,0,,,,0.0,0.0,0.0,0.0,0.0,0,0,0
601,a,,,4.5,536,271,0,0,0,0,0.1,411,164,0,0,0.0,487,191,0,0,0.0,487,191,0.0,0.0,0,5482,2846,1927,1343,0.0,0.0,0.0,0.0,0.0,0.0,0.0,0.0,0.0,0.0,0.0,469,179,0.0,471,188,0.0,415,146,0.0,479,184,,,,2,,Luca,Williams-Barnett,Williams-Barnett,,,0,0,0,0,0,0,0,0,0,0,0,0,0,,,,0.0,0.0,0.0,0.0,0.0,0,0,0
1,a,,,6.0,61,1,0,0,0,0,38.0,6,1,12,6,6.0,45,3,0,45,6.0,42,3,1.0,2.0,0,214054,107320,195912,113934,6.0,6.0,0.0,0.0,0.0,0.53,0.0,0.0,0.0,0.26,17.4,194,20,0.0,611,71,0.0,605,71,1.8,266,20,,,,2,,David,Raya Martín,Raya,,,180,0,0,2,0,0,0,0,0,0,1,2,0,,,,0.5,1.0,0.0,1.0,0.0,0,2,19
2,a,,,5.0,237,9,0,0,0,0,0.1,454,51,0,0,0.0,513,67,0,0,0.0,513,67,0.0,0.0,0,675,353,2090,701,0.0,0.0,0.0,0.0,0.0,0.0,0.0,0.0,0.0,0.0,0.0,496,67,0.0,499,56,0.0,447,56,0.0,505,67,,,,2,,Kepa,Arrizabalaga Revuelta,Arrizabalaga,,,0,0,0,0,0,0,0,0,0,0,0,0,0,,,,0.0,0.0,0.0,0.0,0.0,0,0,0
15,a,,,6.6,32,21,0,0,1,-1,11.5,35,13,14,3,7.0,30,16,3,54,7.0,28,15,1.1,2.1,0,362968,73409,120682,83822,7.0,7.0,0.29,0.17,0.46,0.39,0.18,0.11,0.29,0.24,57.4,37,17,48.3,33,27,36.0,53,31,14.2,29,23,4.0,4.0,3.0,2,,Martin,Ødegaard,Ødegaard,,,145,1,0,2,0,0,0,0,0,0,0,2,13,,,,0.0,1.24,0.0,1.24,8.07,5,3,5
16,a,,,6.4,54,38,0,0,-1,1,0.3,306,105,1,0,1.0,334,160,0,8,0.5,352,165,0.1,0.2,0,2250,838,12548,4317,0.5,0.5,0.0,0.04,0.04,0.15,0.0,0.16,0.16,0.61,9.4,237,99,43.1,44,35,0.0,615,268,5.3,163,77,6.0,,,2,,Noni,Madueke,Madueke,,,22,0,0,0,0,0,0,0,0,0,0,0,2,,,,0.0,0.0,0.0,0.0,8.18,0,0,2
17,a,,,5.9,97,61,-1,1,-1,1,0.5,252,84,2,1,1.0,323,152,0,12,1.0,260,125,0.2,0.3,0,4532,2110,24079,8822,1.0,1.0,0.14,0.02,0.16,0.15,0.38,0.05,0.43,0.41,6.4,258,115,2.2,241,128,14.0,121,61,2.3,244,109,,,,2,,Mikel,Merino Zazón,Merino,,,33,0,0,0,0,0,0,0,0,0,0,0,6,,,,0.0,0.0,0.0,0.0,16.36,0,0,6
18,a,,,6.4,55,39,0,0,-1,1,0.2,360,136,0,0,0.0,618,271,0,0,0.0,618,271,0.0,0.0,0,2110,792,10607,3571,0.0,0.0,0.0,0.0,0.0,0.0,0.0,0.0,0.0,0.0,0.0,619,272,0.0,619,272,0.0,616,269,0.0,619,272,,,,2,,Gabriel,Martinelli Silva,Martinelli,,,0,0,0,0,0,0,0,0,0,0,0,0,0,,,,0.0,0.0,0.0,0.0,0.0,0,0,0
19,a,,,5.4,219,135,-1,1,-1,1,0.9,210,69,2,1,1.0,298,137,0,8,1.0,246,115,0.2,0.4,0,4212,2633,31811,11219,1.0,1.0,0.0,0.02,0.02,0.15,0.0,0.07,0.07,0.5,8.6,241,101,3.2,226,123,0.0,551,225,1.2,288,129,,,,2,,Martín,Zubimendi Ibáñez,Zubimendi,,,27,0,0,0,0,0,0,0,0,0,0,0,5,,,,0.0,0.0,0.0,0.0,16.67,3,0,2
20,a,,,5.4,227,142,0,0,-1,1,0.1,456,183,0,0,0.0,589,251,0,0,0.0,589,251,0.0,0.0,0,918,445,3551,1221,0.0,0.0,0.0,0.0,0.0,0.0,0.0,0.0,0.0,0.0,0.0,578,247,0.0,582,250,0.0,557,231,0.0,585,249,,,,2,,Max,Dowman,Dowman,,,0,0,0,0,0,0,0,0,0,0,0,0,0,,,,0.0,0.0,0.0,0.0,0.0,0,0,0
22,a,,,5.4,223,138,-1,1,-1,1,0.0,584,247,0,0,0.0,587,249,0,0,0.0,587,249,0.0,0.0,0,215,139,539,215,0.0,0.0,0.0,0.0,0.0,0.0,0.0,0.0,0.0,0.0,0.0,575,244,0.0,580,248,0.0,554,228,0.0,582,246,,,,2,,Ethan,Nwaneri,Nwaneri,,,0,0,0,0,0,0,0,0,0,0,0,0,0,,,,0.0,0.0,0.0,0.0,0.0,0,0,0
23,a,,,5.5,161,100,0,0,0,0,0.0,589,251,0,0,0.0,598,257,0,0,0.0,598,257,0.0,0.0,0,227,147,361,146,0.0,0.0,0.0,0.0,0.0,0.0,0.0,0.0,0.0,0.0,0.0,588,253,0.0,594,256,0.0,578,245,0.0,594,255,,,,2,,Fábio,Ferreira Vieira,Fábio Vieira,,,0,0,0,0,0,0,0,0,0,0,0,0,0,,,,0.0,0.0,0.0,0.0,0.0,0,0,0
24,u,0.0,,5.5,136,85,0,0,0,0,0.0,602,257,0,0,0.0,594,253,0,0,0.0,594,253,0.0,0.0,0,68,4,383,211,0.0,0.0,0.0,0.0,0.0,0.0,0.0,0.0,0.0,0.0,0.0,584,249,0.0,589,252,0.0,568,236,0.0,590,251,,,,2,,Reiss,Nelson,Nelson,has departed the club as a free agent.,,0,0,0,0,0,0,0,0,0,0,0,0,0,,,,0.0,0.0,0.0,0.0,0.0,0,0,0
25,a,,,7.4,21,8,0,0,-1,1,5.5,68,11,0,0,0.0,623,71,0,0,0.0,623,71,0.0,0.0,0,13879,5103,343011,104882,0.0,0.0,0.0,0.0,0.0,0.0,0.0,0.0,0.0,0.0,0.0,624,71,0.0,624,71,0.0,624,71,0.0,624,71,,,2.0,2,,Viktor,Gyökeres,Gyökeres,,,0,0,0,0,0,0,0,0,0,0,0,0,0,,,,0.0,0.0,0.0,0.0,0.0,0,0,0
26,a,,,7.5,17,6,0,0,0,0,7.2,57,8,8,2,4.0,94,15,0,39,4.0,88,11,0.5,1.1,0,230562,42954,108735,69910,4.0,4.0,0.28,0.06,0.34,0.53,0.14,0.03,0.17,0.26,39.6,94,8,16.6,140,13,48.0,36,11,10.4,65,9,,,,2,,Kai,Havertz,Havertz,,,180,1,0,2,0,0,0,0,0,0,0,2,7,,,,0.0,1.0,0.0,1.0,3.5,0,2,5
27,a,,,5.9,98,26,-1,1,-1,1,0.3,296,51,0,0,0.0,606,70,0,0,0.0,606,70,0.0,0.0,0,3924,2010,12665,5487,0.0,0.0,0.0,0.0,0.0,0.0,0.0,0.0,0.0,0.0,0.0,601,66,0.0,604,69,0.0,594,67,0.0,604,69,,,,2,,Gabriel,Fernando de Jesus,G.Jesus,,,0,0,0,0,0,0,0,0,0,0,0,0,0,,,,0.0,0.0,0.0,0.0,0.0,0,0,0
31,a,,,4.4,549,150,-1,1,-1,1,10.5,37,13,1,1,1.0,232,77,0,3,0.5,276,92,0.1,0.2,0,164658,114837,342485,112898,0.5,0.5,0.0,0.0,0.0,0.0,0.0,0.0,0.0,0.0,3.2,299,113,0.1,324,119,0.0,317,134,0.3,323,116,,,,2,,Ezri,Konsa Ngoyo,Konsa,,,11,0,0,0,0,0,0,0,0,0,0,0,1,,,,0.0,0.0,0.0,0.0,8.18,0,1,0
452,a,100.0,75.0,6.9,30,19,0,0,-1,1,2.3,120,36,1,1,1.0,338,164,0,4,0.5,356,169,0.1,0.1,0,3330,2480,166402,39847,0.5,0.4,0.0,0.01,0.01,0.0,0.0,0.05,0.05,0.0,1.4,320,145,0.8,294,149,2.0,245,119,0.4,322,147,5.0,,4.0,2,,Bruno,Guimarães Rodriguez Moura,Bruno G.,,,19,0,0,0,0,0,0,0,0,0,0,0,3,,,,0.0,0.0,0.0,0.0,14.21,0,0,3
557,a,,,6.5,39,27,0,0,0,0,23.2,12,6,6,0,3.0,124,56,0,31,3.0,118,56,0.5,0.9,0,310144,73457,328418,272718,3.0,3.0,0.19,0.15,0.34,0.16,0.14,0.11,0.25,0.12,17.0,195,76,51.6,30,25,34.0,56,32,10.3,67,41,3.0,,,2,,Christos,Tzolis,Tzolis,,,120,0,1,1,0,0,0,0,1,0,0,2,9,,,,0.0,0.75,0.0,1.5,6.75,1,3,5
29,a,,,4.5,410,23,0,0,0,0,0.1,385,44,1,0,1.0,235,21,0,1,0.5,278,22,0.1,0.2,0,2391,1546,2276,1395,0.5,0.5,0.0,0.0,0.0,3.77,0.0,0.0,0.0,3.77,28.2,138,15,0.0,390,26,0.0,321,25,2.8,223,15,,,,2,,Marco,Bizot,M.Bizot,,,90,0,0,0,4,0,0,0,0,0,3,1,0,,,,3.0,0.0,4.0,1.0,0.0,0,2,6
30,u,0.0,0.0,4.5,415,84,0,0,0,0,0.1,467,166,0,0,0.0,418,158,0,0,0.0,418,158,0.0,0.0,0,0,0,6428,1451,0.0,0.0,0.0,0.0,0.0,0.0,0.0,0.0,0.0,0.0,0.0,399,159,0.0,393,157,0.0,325,138,0.0,409,159,,,,2,,Lucas,Digne,Digne,Has joined Paris Saint-Germain permanently,,0,0,0,0,0,0,0,0,0,0,0,0,0,,,,0.0,0.0,0.0,0.0,0.0,0,0,0
32,a,,,4.5,440,98,0,0,0,0,7.2,56,22,1,2,0.5,343,113,0,0,0.5,282,97,0.1,0.2,0,45933,18955,149956,43629,0.5,0.5,0.15,0.01,0.16,4.81,0.08,0.01,0.09,2.59,26.0,149,67,2.9,230,73,7.0,164,56,3.6,206,80,1.0,,,2,,Matty,Cash,Cash,,,167,0,0,0,5,0,0,0,1,0,0,2,13,,,,0.0,0.0,2.69,1.08,7.01,6,7,1
33,a,,,4.5,427,88,0,0,0,0,0.4,276,104,1,0,1.0,236,80,0,5,0.5,279,94,0.1,0.2,0,5023,1770,6335,2828,0.5,0.5,0.0,0.0,0.0,0.22,0.0,0.0,0.0,1.24,2.0,311,116,0.0,402,159,0.0,335,140,0.2,331,118,,,,2,,Tyrone,Mings,Mings,,,16,0,0,0,0,0,0,0,0,0,0,0,1,,,,0.0,0.0,0.0,0.0,5.62,1,0,0
34,a,,,4.5,467,118,0,0,0,0,0.4,269,100,2,2,1.0,247,91,0,-8,1.0,222,79,0.2,0.4,0,3965,2134,7402,2342,1.0,1.0,0.0,0.01,0.01,4.59,0.0,0.01,0.01,2.53,11.0,229,94,1.5,265,91,0.0,358,154,1.2,286,103,,,,2,,Pau,Torres,Pau,,,163,0,0,0,5,0,0,0,0,0,0,2,9,,,,0.0,0.0,2.76,1.1,4.97,1,8,9
35,a,,,5.0,352,208,0,0,0,0,0.1,470,189,1,0,1.0,286,127,0,3,0.5,316,145,0.1,0.2,0,1222,586,1752,767,0.5,0.5,0.0,0.0,0.0,0.22,0.0,0.0,0.0,1.24,2.2,307,138,0.5,309,156,0.0,518,200,0.3,327,150,,,,2,,Lamare,Bogarde,Bogarde,,,16,0,0,0,0,0,0,0,0,0,0,0,1,,,,0.0,0.0,0.0,0.0,5.62,0,1,0
36,a,,,4.5,473,123,0,0,0,0,0.7,224,83,1,1,0.5,345,115,0,-14,0.5,287,102,0.1,0.2,0,7061,4515,13344,4486,0.5,0.5,0.1,0.0,0.1,4.66,0.05,0.0,0.05,2.45,14.0,212,89,1.3,271,97,15.0,112,33,3.0,217,84,,,,2,,Ian,Maatsen,Maatsen,,,171,0,0,0,5,0,0,0,1,0,0,2,17,,,,0.0,0.0,2.63,1.05,8.95,5,12,4
37,a,,,4.5,437,95,0,0,0,0,0.3,302,113,0,2,0.0,431,161,0,-3,0.0,431,161,0.0,0.0,0,3458,1683,5675,1664,0.0,0.0,0.0,0.08,0.08,4.81,0.0,0.04,0.04,2.4,16.8,196,83,1.3,270,96,0.0,340,142,1.8,264,97,,,,2,,Victor,Lindelöf,Lindelöf,,,180,0,0,0,5,1,0,0,0,0,0,2,10,,,,0.0,0.0,2.5,1.0,5.0,1,9,2
38,a,,,4.0,623,201,0,0,0,0,1.7,143,58,0,0,0.0,409,151,0,0,0.0,409,151,0.0,0.0,0,16526,9187,23763,9840,0.0,0.0,0.0,0.0,0.0,0.0,0.0,0.0,0.0,0.0,0.0,391,153,0.0,383,151,0.0,311,128,0.0,401,153,,,,2,,Andrés,García,A.García,,,0,0,0,0,0,0,0,0,0,0,0,0,0,,,,0.0,0.0,0.0,0.0,0.0,0,0,0
39,u,0.0,0.0,4.0,620,199,0,0,0,0,0.2,346,129,0,0,0.0,407,150,0,0,0.0,407,150,0.0,0.0,0,0,0,9776,2538,0.0,0.0,0.0,0.0,0.0,0.0,0.0,0.0,0.0,0.0,0.0,389,152,0.0,381,150,0.0,308,126,0.0,399,152,,,,2,,Kosta,Nedeljkovic,Nedeljkovic,Has joined Rangers on loan for the rest of the season,,0,0,0,0,0,0,0,0,0,0,0,0,0,,,,0.0,0.0,0.0,0.0,0.0,0,0,0
41,a,,,6.0,64,44,0,0,0,0,1.1,183,55,4,2,2.0,182,90,0,13,2.0,169,85,0.3,0.7,0,12357,7337,34607,12721,2.0,2.0,0.17,0.11,0.28,4.66,0.09,0.06,0.15,2.4,5.0,277,127,29.5,85,53,17.0,105,54,4.9,176,84,3.0,1.0,1.0,2,,Emiliano,Buendía Stati,Buendía,,,175,0,0,0,5,0,0,0,0,0,0,2,12,,,,0.0,0.0,2.57,1.03,6.17,2,3,7
45,a,,,5.5,124,80,0,0,0,0,2.6,112,33,2,1,1.0,306,142,0,10,1.0,251,117,0.2,0.4,0,15704,8098,69070,24417,1.0,1.0,0.09,0.06,0.15,4.66,0.05,0.03,0.08,2.45,1.6,315,141,14.4,152,91,11.0,139,69,2.2,248,112,2.0,,,2,,John,McGinn,McGinn,,,171,0,0,0,5,0,0,0,2,0,0,2,10,,,,0.0,0.0,2.63,1.05,5.26,2,3,5
46,a,,,5.0,232,145,0,0,0,0,0.2,315,110,4,2,2.0,157,72,0,34,2.0,150,71,0.4,0.8,0,4562,2687,4868,2152,2.0,2.0,0.13,0.04,0.17,4.59,0.08,0.02,0.1,2.75,22.2,166,59,44.7,42,34,9.0,153,75,7.6,107,55,4.0,,,2,,Ross,Barkley,Barkley,,,150,0,0,0,5,0,0,0,0,0,0,2,11,,,,0.0,0.0,3.0,1.2,6.6,3,2,6
47,a,100.0,100.0,5.0,283,172,0,0,0,0,0.3,290,96,4,2,2.0,163,76,0,22,2.0,153,74,0.4,0.8,0,5367,2878,8107,3368,2.0,2.0,0.0,0.03,0.03,4.81,0.0,0.02,0.02,2.4,21.8,170,63,17.0,137,83,0.0,474,179,3.9,196,88,,,,2,,Boubacar,Kamara,Kamara,,,180,0,0,0,5,0,0,0,0,0,0,2,15,,,,0.0,0.0,2.5,1.0,7.5,3,6,6
48,i,0.0,0.0,5.0,306,183,0,0,0,0,0.0,560,232,0,0,0.0,543,223,0,0,0.0,543,223,0.0,0.0,0,260,103,914,385,0.0,0.0,0.0,0.0,0.0,0.0,0.0,0.0,0.0,0.0,0.0,530,215,0.0,534,221,0.0,492,188,0.0,538,218,,,,2,,Amadou,Onana,Onana,Knee injury - Unknown return date,,0,0,0,0,0,0,0,0,0,0,0,0,0,,,,0.0,0.0,0.0,0.0,0.0,0,0,0
49,u,0.0,0.0,5.0,318,188,0,0,0,0,0.0,620,271,0,0,0.0,548,226,0,0,0.0,548,226,0.0,0.0,0,0,0,170,50,0.0,0.0,0.0,0.0,0.0,0.0,0.0,0.0,0.0,0.0,0.0,535,218,0.0,540,224,0.0,499,191,0.0,543,221,,,,2,,Samuel,Iling-Junior,Iling Jr,Has joined Bolton Wanderers on loan for the rest of the season,,0,0,0,0,0,0,0,0,0,0,0,0,0,,,,0.0,0.0,0.0,0.0,0.0,0,0,0
50,a,,,4.5,545,275,0,0,0,0,0.7,230,77,0,0,0.0,494,194,0,0,0.0,494,194,0.0,0.0,0,8784,5271,12190,5422,0.0,0.0,0.0,0.0,0.0,0.0,0.0,0.0,0.0,0.0,0.0,477,183,0.0,478,191,0.0,423,149,0.0,486,187,,,,2,,Bradley,Burrowes,Burrowes,,,0,0,0,0,0,0,0,0,0,0,0,0,0,,,,0.0,0.0,0.0,0.0,0.0,0,0,0
51,a,,,4.5,526,266,0,0,0,0,0.9,207,67,4,2,2.0,155,71,0,17,2.0,149,70,0.4,0.9,0,25729,16986,12298,6814,2.0,2.0,0.0,0.01,0.01,4.78,0.0,0.01,0.01,2.69,12.4,222,91,15.9,144,86,2.0,224,106,3.0,218,96,,,,2,,George,Hemmings,George Hemmings,,,160,0,0,0,5,0,0,0,0,0,0,2,11,,,,0.0,0.0,2.81,1.12,6.19,5,0,6
52,a,,,5.0,387,234,0,0,0,0,0.0,499,206,1,0,0.5,351,168,0,7,0.5,324,151,0.1,0.2,0,788,445,1110,514,0.5,0.5,0.0,0.0,0.0,0.16,0.0,0.0,0.0,0.53,5.2,270,122,0.8,293,148,2.0,236,112,0.8,301,135,,,,2,,Alysson Edward Franco,da Rocha dos Santos,Alysson,,,27,0,0,0,0,0,0,0,1,0,0,0,5,,,,0.0,0.0,0.0,0.0,16.67,2,1,2
53,i,0.0,0.0,5.9,114,75,-1,1,-1,1,0.2,370,142,0,0,0.0,610,264,0,0,0.0,610,264,0.0,0.0,0,453,221,12222,3432,0.0,0.0,0.0,0.0,0.0,0.0,0.0,0.0,0.0,0.0,0.0,608,265,0.0,609,265,0.0,603,261,0.0,610,265,,,,2,,Johan,Manzambi,Manzambi,Knee injury - Unknown return date,,0,0,0,0,0,0,0,0,0,0,0,0,0,,,,0.0,0.0,0.0,0.0,0.0,0,0,0
54,s,0.0,0.0,5.5,167,104,0,0,0,0,0.0,503,208,-2,0,-2.0,629,278,0,-2,-1.0,629,278,-0.2,-0.4,0,202,48,2626,743,0.0,0.0,0.0,0.01,0.01,2.58,0.0,0.02,0.02,5.95,1.0,327,149,11.0,179,102,0.0,580,246,1.2,289,130,,,,2,,Joao,Gomes,Gomes,Suspended until 19 Sep,,39,0,0,0,4,0,0,0,0,1,0,1,7,,,,0.0,0.0,9.23,2.31,16.15,4,1,2
55,u,0.0,,7.8,13,4,-1,1,-2,2,5.8,66,10,0,0,0.0,627,73,0,0,0.0,627,73,0.0,0.0,0,14882,4250,430820,154360,0.0,0.0,0.0,0.0,0.0,0.0,0.0,0.0,0.0,0.0,0.0,628,73,0.0,628,73,0.0,628,73,0.0,628,73,,,2.0,2,,Ollie,Watkins,Watkins,Has joined Al Hilal permanently,,0,0,0,0,0,0,0,0,0,0,0,0,0,,,,0.0,0.0,0.0,0.0,0.0,0,0,0
56,a,100.0,50.0,5.5,129,32,0,0,0,0,0.1,415,59,1,1,1.0,307,34,0,3,0.5,330,37,0.1,0.2,0,2159,1562,4298,1615,0.5,0.2,0.0,0.0,0.0,0.02,0.0,0.0,0.0,0.09,0.0,581,60,1.3,276,36,0.0,564,62,0.1,347,40,,,,2,,Tammy,Abraham,Abraham,,,19,0,0,0,0,0,0,0,0,0,0,0,0,,,,0.0,0.0,0.0,0.0,0.0,0,0,0
160,a,,,5.9,106,67,-1,1,-1,1,0.5,262,88,2,1,1.0,326,155,0,5,1.0,263,127,0.2,0.3,0,3530,1509,17477,6902,1.0,1.0,0.0,0.0,0.0,0.14,0.0,0.0,0.0,0.79,0.2,338,157,2.0,251,131,0.0,599,257,0.2,338,157,,,,2,,Alejandro,Garnacho Ferreyra,Garnacho,,,16,0,0,0,0,0,0,0,0,0,0,0,2,,,,0.0,0.0,0.0,0.0,11.25,0,0,2
166,a,,,6.5,46,11,0,0,0,0,0.7,225,38,2,2,2.0,188,23,0,11,1.0,267,31,0.2,0.3,0,42277,9949,15869,2477,1.0,1.0,0.0,0.1,0.1,1.01,0.0,0.13,0.13,1.3,4.2,285,27,5.9,204,26,2.0,244,37,1.2,290,34,,,,2,,Nicolas,Jackson,N.Jackson,,,70,0,0,0,1,0,0,0,0,0,0,1,3,,,,0.0,0.0,1.29,1.29,3.86,0,0,3
582,i,0.0,0.0,5.5,207,45,0,0,0,0,0.3,287,49,0,0,0.0,604,68,0,0,0.0,604,68,0.0,0.0,0,1771,605,14505,5582,0.0,0.0,0.0,0.0,0.0,0.0,0.0,0.0,0.0,0.0,0.0,598,63,0.0,602,67,0.0,592,65,0.0,602,67,,,,2,,Brian,Madjo,Madjo,Unspecified injury - Unknown return date,,0,0,0,0,0,0,0,0,0,0,0,0,0,,,,0.0,0.0,0.0,0.0,0.0,0,0,0
596,a,,,4.5,489,131,0,0,0,0,0.1,419,147,1,0,1.0,253,96,0,3,0.5,290,105,0.1,0.2,0,1368,512,1992,893,0.5,0.5,0.0,0.0,0.0,0.14,0.0,0.0,0.0,1.58,4.0,287,107,0.0,431,171,0.0,373,160,0.4,316,114,,,,2,,Matteo,Ruggeri,Ruggeri,,,8,0,0,0,0,0,0,0,0,0,0,0,2,,,,0.0,0.0,0.0,0.0,22.5,2,0,0
597,a,,,5.0,299,14,0,0,0,0,1.0,191,29,2,2,2.0,165,14,0,8,1.0,236,20,0.2,0.4,0,17670,13441,12191,5420,1.0,1.0,0.0,0.0,0.0,1.04,0.0,0.0,0.0,1.04,13.6,215,22,0.0,530,61,0.0,486,61,1.4,282,22,,,,2,,Zion,Suzuki,Suzuki,,,90,0,0,0,1,0,0,0,0,0,1,1,0,,,,1.0,0.0,1.0,1.0,0.0,0,2,9
606,a,,,4.0,615,194,0,0,0,0,0.1,391,140,0,0,0.0,403,146,0,0,0.0,403,146,0.0,0.0,0,5663,4103,1242,996,0.0,0.0,0.0,0.0,0.0,0.0,0.0,0.0,0.0,0.0,0.0,385,148,0.0,377,146,0.0,303,121,0.0,395,148,,,,2,,Triston,Rowe,Rowe,,,0,0,0,0,0,0,0,0,0,0,0,0,0,,,,0.0,0.0,0.0,0.0,0.0,0,0,0
607,a,,,4.5,521,264,0,0,0,0,0.1,405,161,0,0,0.0,477,186,0,0,0.0,477,186,0.0,0.0,0,6108,2505,2235,1403,0.0,0.0,0.0,0.0,0.0,0.0,0.0,0.0,0.0,0.0,0.0,459,174,0.0,461,183,0.0,404,141,0.0,469,179,,,,2,,Luka,Lynch,Lynch,,,0,0,0,0,0,0,0,0,0,0,0,0,0,,,,0.0,0.0,0.0,0.0,0.0,0,0,0
611,a,,,4.5,445,101,0,0,0,0,0.1,410,145,1,1,1.0,240,84,0,4,1.0,218,75,0.2,0.2,0,5517,3968,1093,927,1.7,1.7,0.0,0.0,0.0,0.0,0.0,0.0,0.0,0.0,3.6,294,111,0.8,289,106,0.0,344,144,0.4,315,113,,,,2,,Aaron,Wan-Bissaka,Wan-Bissaka,,,12,0,0,0,0,0,0,0,0,0,0,0,2,,,,0.0,0.0,0.0,0.0,15.0,2,0,0
618,a,,,6.0,60,42,0,0,0,0,0.0,522,218,0,0,0.0,611,265,0,0,0.0,611,265,0.0,0.0,0,2372,2160,469,462,2.2,2.2,0.0,0.0,0.0,0.0,0.0,0.0,0.0,0.0,0.0,609,266,0.0,610,266,0.0,604,262,0.0,611,266,,,,2,,Leon,Goretzka,Goretzka,,,0,0,0,0,0,0,0,0,0,0,0,0,0,,,,0.0,0.0,0.0,0.0,0.0,0,0,0
57,a,,,4.5,476,39,0,0,0,0,3.4,96,16,5,3,2.5,131,10,0,33,2.5,125,10,0.6,1.1,0,51102,25724,32128,18075,2.5,2.5,0.0,0.0,0.0,4.09,0.0,0.0,0.0,2.04,70.6,16,2,0.0,425,42,0.0,364,41,7.1,120,2,,,,2,,Đorđe,Petrović,Petrović,,,180,0,0,0,3,0,0,0,0,0,9,2,0,,,,4.5,0.0,1.5,1.0,0.0,0,5,13
58,a,,,4.0,554,50,0,0,0,0,3.3,97,17,0,0,0.0,359,24,0,0,0.0,359,24,0.0,0.0,0,29017,19455,21669,11016,0.0,0.0,0.0,0.0,0.0,0.0,0.0,0.0,0.0,0.0,0.0,341,24,0.0,331,3,0.0,253,2,0.0,350,24,,,,2,,Fraser,Forster,Forster,,,0,0,0,0,0,0,0,0,0,0,0,0,0,,,,0.0,0.0,0.0,0.0,0.0,0,0,0
59,u,0.0,0.0,4.0,589,65,0,0,0,0,0.2,364,39,0,0,0.0,383,39,0,0,0.0,383,39,0.0,0.0,0,1133,0,3354,1837,0.0,0.0,0.0,0.0,0.0,0.0,0.0,0.0,0.0,0.0,0.0,365,39,0.0,357,18,0.0,281,17,0.0,375,39,,,,2,,Will,Dennis,Dennis,Has joined MK Dons permanently,,0,0,0,0,0,0,0,0,0,0,0,0,0,,,,0.0,0.0,0.0,0.0,0.0,0,0,0
60,a,,,5.5,171,23,0,0,0,0,0.9,208,78,5,4,2.5,140,50,0,19,2.5,135,48,0.5,0.9,0,13262,4109,12826,6085,2.5,2.5,0.0,0.74,0.74,4.09,0.0,0.37,0.37,2.04,37.2,109,48,21.3,122,38,4.0,202,72,6.3,140,52,,,,2,,James,Hill,Hill,,,180,0,0,0,3,0,0,0,0,0,0,2,18,,,,0.0,0.0,1.5,1.0,9.0,4,14,4
61,a,,,5.5,182,25,0,0,0,0,3.9,88,34,5,4,2.5,142,51,2,27,2.5,137,49,0.5,0.9,0,28090,7489,47895,22074,2.5,2.5,0.0,0.07,0.07,4.09,0.0,0.04,0.04,2.04,43.2,80,34,25.0,105,33,4.0,203,73,7.3,115,41,,,,2,,Adrien,Truffert,Truffert,,,180,0,0,0,3,0,0,0,0,0,0,2,16,,,,0.0,0.0,1.5,1.0,8.0,4,12,13
62,a,,,5.0,293,50,0,0,0,0,0.2,344,128,0,0,0.0,537,192,0,0,0.0,537,192,0.0,0.0,0,3921,1199,4863,2542,0.0,0.0,0.0,0.0,0.0,0.0,0.0,0.0,0.0,0.0,0.0,525,195,0.0,526,195,0.0,481,188,0.0,532,195,,,,2,,Bafodé,Diakité,Diakité,,,0,0,0,0,0,0,0,0,0,0,0,0,0,,,,0.0,0.0,0.0,0.0,0.0,0,0,0
63,i,0.0,0.0,5.0,382,72,0,0,0,0,0.0,595,201,0,0,0.0,573,200,0,0,0.0,573,200,0.0,0.0,0,125,51,447,151,0.0,0.0,0.0,0.0,0.0,0.0,0.0,0.0,0.0,0.0,0.0,561,201,0.0,567,201,0.0,536,197,0.0,569,201,,,,2,,Veljko,Milosavljevic,Milosavljević,Unspecified injury - Unknown return date,,0,0,0,0,0,0,0,0,0,0,0,0,0,,,,0.0,0.0,0.0,0.0,0.0,0,0,0
64,a,,,4.5,408,81,0,0,0,0,0.1,389,139,2,1,1.0,234,79,0,9,1.0,215,73,0.2,0.4,0,3836,991,2141,1123,1.0,1.0,0.0,0.02,0.02,4.09,0.0,0.01,0.01,2.04,22.6,165,77,16.3,142,44,0.0,319,136,3.9,195,73,,,,2,,Adam,Smith,Smith,,,180,0,0,0,3,0,0,0,1,0,0,2,11,,,,0.0,0.0,1.5,1.0,5.5,3,8,3
65,i,0.0,0.0,4.5,471,121,0,0,0,0,0.0,580,198,0,0,0.0,444,168,0,0,0.0,444,168,0.0,0.0,0,142,54,764,258,0.0,0.0,0.0,0.0,0.0,0.0,0.0,0.0,0.0,0.0,0.0,425,169,0.0,422,169,0.0,361,156,0.0,435,169,,,,2,,Julián,Araujo Zúñiga,J.Araujo,Thigh injury - Unknown return date,,0,0,0,0,0,0,0,0,0,0,0,0,0,,,,0.0,0.0,0.0,0.0,0.0,0,0,0
66,a,100.0,75.0,4.0,617,196,0,0,0,0,0.2,323,121,0,0,0.0,404,147,0,0,0.0,404,147,0.0,0.0,0,3672,3256,3812,1385,0.0,0.0,0.0,0.0,0.0,0.0,0.0,0.0,0.0,0.0,0.0,386,149,0.0,378,147,0.0,305,123,0.0,396,149,,,,2,,Julio,Soler Barreto,Soler,,,0,0,0,0,0,0,0,0,0,0,0,0,0,,,,0.0,0.0,0.0,0.0,0.0,0,0,0
67,a,,,6.5,44,30,0,0,0,0,2.4,114,34,4,2,2.0,187,92,0,13,2.0,174,87,0.3,0.6,0,30366,6686,56669,34490,2.0,2.0,0.44,0.05,0.49,3.9,0.22,0.03,0.25,1.97,14.8,208,82,14.8,150,90,61.0,22,13,9.1,79,45,,,,2,,Rayan Vitor,Simplício Rocha,Rayan,,,178,0,0,0,2,0,0,0,0,0,0,2,6,,,,0.0,0.0,1.01,1.01,3.03,1,2,3
68,a,,,6.0,65,45,0,0,0,0,2.4,117,35,11,1,5.5,53,26,3,52,5.5,50,24,0.9,1.8,0,103851,16644,39698,27267,5.5,5.5,0.49,0.29,0.78,4.09,0.24,0.14,0.38,2.04,55.0,44,21,55.5,25,22,29.0,65,39,13.9,30,24,1.0,1.0,3.0,2,,Marcus,Tavernier,Tavernier,,,180,1,0,0,3,0,0,0,1,0,0,2,19,,,,0.0,0.0,1.5,1.0,9.5,6,3,10
69,a,,,6.0,85,56,0,0,0,0,1.8,132,39,14,12,7.0,29,15,3,56,7.0,27,14,1.2,2.3,0,41719,33199,22576,9690,7.0,7.0,0.26,0.28,0.54,3.96,0.13,0.14,0.27,2.02,59.0,33,16,36.9,55,42,21.0,89,48,11.7,47,33,2.0,4.0,,2,,Alex,Scott,Scott,,,176,1,0,1,2,0,0,0,1,0,0,2,26,,,,0.0,0.51,1.02,1.02,13.3,7,4,15
70,a,,,6.0,69,47,0,0,0,0,1.2,179,54,6,3,3.0,122,54,0,27,3.0,116,54,0.5,1.0,0,22165,5844,22725,13135,3.0,3.0,0.72,0.05,0.77,3.61,0.42,0.03,0.45,2.11,22.2,168,61,41.2,47,37,74.0,11,7,13.7,32,25,3.0,2.0,2.0,2,,Justin,Kluivert,Kluivert,,,154,0,0,2,0,0,0,0,0,0,0,2,14,,,,0.0,1.17,0.0,1.17,8.18,3,1,10
71,a,,,5.0,246,151,0,0,0,0,0.2,332,119,6,3,3.0,107,44,0,21,3.0,101,43,0.6,1.2,0,7291,4032,3882,2175,3.0,3.0,0.0,0.01,0.01,3.61,0.0,0.01,0.01,2.27,8.4,242,102,14.9,148,89,0.0,455,168,2.4,238,106,5.0,,,2,,Lewis,Cook,Cook,,,143,0,0,2,0,0,0,0,0,0,0,2,9,,,,0.0,1.26,0.0,1.26,5.66,1,3,5
72,a,,,5.0,337,198,0,0,0,0,0.1,461,185,1,0,1.0,281,123,0,3,0.5,312,141,0.1,0.2,0,602,237,1760,927,0.5,0.5,0.0,0.0,0.0,0.19,0.0,0.0,0.0,17.1,0.2,335,154,0.1,328,166,2.0,231,109,0.2,334,154,,,,2,,Ben,Gannon-Doak,Gannon-Doak,,,1,0,0,0,1,0,0,0,0,0,0,0,1,,,,0.0,0.0,90.0,0.0,90.0,0,0,1
73,a,100.0,100.0,5.0,259,160,0,0,0,0,0.2,317,112,2,1,1.0,267,114,0,8,1.0,231,105,0.2,0.4,0,6534,3502,5800,2945,1.0,1.0,0.0,0.0,0.0,0.47,0.0,0.0,0.0,1.18,5.2,268,120,1.9,252,132,0.0,464,174,0.7,305,138,,,,2,,Tyler,Adams,Adams,,,36,0,0,0,3,0,0,0,0,0,0,0,6,,,,0.0,0.0,7.5,0.0,15.0,0,3,3
74,a,100.0,100.0,5.0,238,146,0,0,0,0,0.1,486,199,1,1,1.0,261,110,0,3,0.5,296,131,0.1,0.2,0,1335,733,1254,559,0.5,0.5,0.0,0.01,0.01,0.16,0.0,0.1,0.1,1.6,0.0,497,196,1.6,263,137,0.0,448,163,0.1,343,160,4.0,3.0,,2,,David,Brooks,Brooks,,,9,0,0,0,1,0,0,0,0,0,0,0,0,,,,0.0,0.0,10.0,0.0,0.0,0,0,0
75,a,100.0,100.0,5.0,247,152,0,0,0,0,0.0,547,225,1,1,1.0,263,111,0,5,0.5,298,132,0.1,0.2,0,1198,638,507,311,0.5,0.5,0.0,0.0,0.0,0.13,0.0,0.0,0.0,3.9,2.8,303,136,0.3,313,158,0.0,456,169,0.3,326,149,6.0,,,2,,Ryan,Christie,Christie,,,3,0,0,0,1,0,0,0,0,0,0,0,2,,,,0.0,0.0,30.0,0.0,60.0,1,0,1
76,a,,,5.0,381,231,0,0,0,0,0.0,572,239,1,0,1.0,293,133,0,5,0.5,321,149,0.1,0.2,0,173,73,288,142,0.5,0.5,0.0,0.0,0.0,0.31,0.0,0.0,0.0,1.86,2.8,304,137,0.6,300,151,0.0,535,216,0.3,329,152,,,,2,,Alex,Tóth,Tóth.A,,,15,0,0,0,2,0,0,0,0,0,0,0,2,,,,0.0,0.0,12.0,0.0,12.0,1,0,1
77,i,0.0,0.0,4.9,400,242,-1,1,-1,1,0.0,562,233,0,0,0.0,504,201,0,0,0.0,504,201,0.0,0.0,0,147,93,1407,431,0.0,0.0,0.0,0.0,0.0,0.0,0.0,0.0,0.0,0.0,0.0,487,190,0.0,489,198,0.0,435,157,0.0,496,194,,,,2,,Amine,Adli,Adli,Unspecified injury - Unknown return date,,0,0,0,0,0,0,0,0,0,0,0,0,0,,,,0.0,0.0,0.0,0.0,0.0,0,0,0
78,i,0.0,0.0,7.4,23,14,-1,1,-1,1,0.3,311,109,0,0,0.0,625,276,0,0,0.0,625,276,0.0,0.0,0,639,177,18884,5476,0.0,0.0,0.0,0.0,0.0,0.0,0.0,0.0,0.0,0.0,0.0,626,277,0.0,626,277,0.0,626,277,0.0,626,277,,,1.0,2,,Junior,Kroupi,Kroupi.Jr,Foot injury - Unknown return date,,0,0,0,0,0,0,0,0,0,0,0,0,0,,,,0.0,0.0,0.0,0.0,0.0,0,0,0
79,a,,,6.0,77,17,0,0,0,0,3.2,103,16,9,5,4.5,77,10,0,28,4.5,74,9,0.8,1.5,0,116076,43451,42125,23099,4.5,4.5,0.58,0.25,0.83,3.61,0.34,0.15,0.49,2.11,34.4,120,11,34.1,65,6,24.0,80,18,9.2,77,12,,,,2,,Francisco Evanilson,de Lima Barbosa,Evanilson,,,154,0,2,2,0,0,0,0,1,0,0,2,11,,,,0.0,1.17,0.0,1.17,6.43,1,5,5
80,u,0.0,0.0,5.5,126,30,0,0,0,0,0.0,557,70,0,0,0.0,591,66,0,0,0.0,591,66,0.0,0.0,0,0,0,1413,343,0.0,0.0,0.0,0.0,0.0,0.0,0.0,0.0,0.0,0.0,0.0,580,59,0.0,586,64,0.0,563,61,0.0,587,64,,,,2,,Enes,Ünal,Enes Ünal,Has joined Getafe permanently,,0,0,0,0,0,0,0,0,0,0,0,0,0,,,,0.0,0.0,0.0,0.0,0.0,0,0,0
81,a,100.0,100.0,6.0,91,22,0,0,0,0,0.1,406,57,1,1,1.0,331,41,0,4,0.5,350,43,0.1,0.2,0,1826,826,2338,1156,0.5,0.5,0.0,0.0,0.0,0.16,0.0,0.0,0.0,1.6,0.0,616,70,0.0,616,70,0.0,612,70,0.0,616,70,,,,2,,Álvaro,Rodríguez,Rodríguez,,,9,0,0,0,1,0,0,0,0,0,0,0,1,,,,0.0,0.0,10.0,0.0,10.0,0,0,1
566,a,,,5.0,323,61,0,0,0,0,0.4,270,101,6,4,3.0,110,40,0,16,3.0,104,39,0.6,1.2,0,13213,5848,5099,2909,3.0,3.0,0.25,0.03,0.28,4.09,0.12,0.02,0.14,2.04,50.0,56,19,2.1,245,82,13.0,123,38,6.5,134,48,,,,2,,António João,Pereira de Albuquerque Tavares da Silva,Silva,,,180,0,0,0,3,0,0,0,1,0,0,2,23,,,,0.0,0.0,1.5,1.0,11.5,2,21,5
573,a,,,4.5,495,132,0,0,0,0,0.2,337,126,0,0,0.0,453,170,0,0,0.0,453,170,0.0,0.0,0,676,224,2808,1343,0.0,0.0,0.0,0.0,0.0,0.0,0.0,0.0,0.0,0.0,0.0,434,171,0.0,437,172,0.0,379,161,0.0,444,171,,,,2,,Juanlu,Sánchez,Sanchez,,,0,0,0,0,0,0,0,0,0,0,0,0,0,,,,0.0,0.0,0.0,0.0,0.0,0,0,0
608,a,,,5.0,355,58,0,0,0,0,0.1,463,63,1,0,1.0,287,31,0,6,0.5,317,36,0.1,0.2,0,5192,2715,1578,1157,0.5,0.5,0.1,0.0,0.1,0.31,0.6,0.0,0.6,1.86,3.4,297,29,0.8,292,37,17.0,103,21,2.1,254,29,,,,2,,Daniel,Jebbison,Jebbison,,,15,0,0,0,2,0,0,0,0,0,0,0,1,,,,0.0,0.0,12.0,0.0,6.0,0,0,1
615,a,,,4.5,455,35,0,0,0,0,0.0,556,66,0,0,0.0,437,57,0,0,0.0,437,57,0.0,0.0,0,1131,890,292,265,2.0,2.0,0.0,0.0,0.0,0.0,0.0,0.0,0.0,0.0,0.0,418,57,0.0,414,38,0.0,349,37,0.0,428,57,,,,2,,Michele,Di Gregorio,Di Gregorio,,,0,0,0,0,0,0,0,0,0,0,0,0,0,,,,0.0,0.0,0.0,0.0,0.0,0,0,0
82,a,,,5.0,258,11,0,0,0,0,7.0,60,8,9,2,4.5,70,5,0,41,4.5,66,5,0.9,1.8,0,130209,55775,49889,29965,4.5,4.5,0.0,0.01,0.01,2.03,0.0,0.0,0.0,1.02,40.8,87,11,0.0,511,58,0.0,463,58,4.0,191,12,,,,2,,Caoimhín,Kelleher,Kelleher,,,180,0,0,1,1,0,0,0,0,0,5,2,0,,,,2.5,0.5,0.5,1.0,0.0,0,2,9
83,a,,,4.5,500,44,0,0,0,0,0.1,418,47,0,0,0.0,458,60,0,0,0.0,458,60,0.0,0.0,0,1155,513,1666,776,0.0,0.0,0.0,0.0,0.0,0.0,0.0,0.0,0.0,0.0,0.0,439,60,0.0,442,47,0.0,384,46,0.0,449,60,,,,2,,Hákon Rafn,Valdimarsson,Valdimarsson,,,0,0,0,0,0,0,0,0,0,0,0,0,0,,,,0.0,0.0,0.0,0.0,0.0,0,0,0
84,a,,,5.5,158,20,0,0,0,0,2.2,122,50,9,3,4.5,73,26,0,35,4.5,70,26,0.8,1.6,0,39480,14391,20318,10945,4.5,4.5,0.51,0.05,0.56,2.03,0.26,0.02,0.28,1.02,39.6,93,42,22.4,115,35,51.0,32,2,11.3,52,10,,,,2,,Nathan,Collins,Collins,,,180,0,0,1,1,0,0,0,1,0,0,2,16,,,,0.0,0.5,0.5,1.0,8.0,2,14,11
85,i,0.0,0.0,4.9,398,76,-1,1,-1,1,0.1,438,154,0,0,0.0,502,185,0,0,0.0,502,185,0.0,0.0,0,229,84,5786,1663,0.0,0.0,0.0,0.0,0.0,0.0,0.0,0.0,0.0,0.0,0.0,485,186,0.0,487,187,0.0,433,178,0.0,494,186,,,,2,,Sepp,van den Berg,Van den Berg,Groin injury - Unknown return date,,0,0,0,0,0,0,0,0,0,0,0,0,0,,,,0.0,0.0,0.0,0.0,0.0,0,0,0
86,a,,,5.5,155,96,0,0,0,0,1.7,141,41,16,6,8.0,20,10,3,66,8.0,18,9,1.5,2.9,0,103766,51224,19545,12829,8.0,8.0,0.79,0.25,1.04,2.03,0.4,0.13,0.53,1.03,85.6,5,4,47.5,34,28,21.0,86,47,15.4,24,18,,1.0,,2,,Keane,Lewis-Potter,Lewis-Potter,,,177,1,1,1,1,0,0,0,0,0,0,2,21,,,,0.0,0.51,0.51,1.02,10.68,3,7,11
87,a,,,4.5,438,96,0,0,0,0,4.6,77,32,11,3,5.5,50,20,0,36,5.5,47,19,1.2,2.4,0,136530,66552,41051,27149,5.5,5.5,0.11,0.03,0.14,2.03,0.06,0.02,0.08,1.02,57.8,35,11,21.9,117,36,37.0,49,8,11.7,46,8,,,,2,,Kristoffer,Ajer,Ajer,,,180,0,0,1,1,0,0,0,1,0,0,2,27,,,,0.0,0.5,0.5,1.0,13.5,2,25,5
88,a,,,4.6,407,80,0,0,1,-1,9.1,43,15,15,2,7.5,21,9,1,45,7.5,20,8,1.6,3.3,0,419238,108435,63921,42761,7.5,7.5,0.52,0.21,0.73,1.93,0.29,0.12,0.41,1.07,48.2,63,25,17.5,134,39,54.0,29,1,11.9,45,7,,,,2,,Michael,Kayode,Kayode,,,162,1,0,1,1,0,0,0,0,0,0,2,8,,,,0.0,0.56,0.56,1.11,4.44,1,7,9
89,a,,,4.5,439,97,0,0,0,0,0.2,324,122,1,1,1.0,239,83,0,3,0.5,281,96,0.1,0.2,0,886,342,3334,1188,0.5,0.5,0.0,0.0,0.0,0.0,0.0,0.0,0.0,0.0,0.0,412,162,0.0,407,161,0.0,341,143,0.0,422,162,,,,2,,Rico,Henry,Henry,,,2,0,0,0,0,0,0,0,0,0,0,0,0,,,,0.0,0.0,0.0,0.0,0.0,0,0,0
90,a,,,4.5,482,127,0,0,0,0,0.1,459,162,2,1,1.0,250,93,0,8,1.0,225,81,0.2,0.4,0,1039,416,1049,509,1.0,1.0,0.0,0.02,0.02,0.1,0.0,0.11,0.11,0.56,4.0,286,106,4.4,214,68,0.0,369,159,0.8,300,109,,,,2,,Aaron,Hickey,Hickey,,,16,0,0,0,0,0,0,0,0,0,0,0,1,,,,0.0,0.0,0.0,0.0,5.62,1,0,2
92,a,,,4.5,520,140,0,0,0,0,0.0,561,192,0,0,0.0,476,177,0,0,0.0,476,177,0.0,0.0,0,201,89,367,169,0.0,0.0,0.0,0.0,0.0,0.0,0.0,0.0,0.0,0.0,0.0,458,178,0.0,460,179,0.0,403,168,0.0,468,178,,,,2,,Kim,Ji-soo,Ji-soo,,,0,0,0,0,0,0,0,0,0,0,0,0,0,,,,0.0,0.0,0.0,0.0,0.0,0,0,0
93,a,,,4.5,502,135,0,0,0,0,0.2,369,136,0,0,0.0,460,173,0,0,0.0,460,173,0.0,0.0,0,234,92,1997,791,0.0,0.0,0.0,0.0,0.0,0.0,0.0,0.0,0.0,0.0,0.0,441,174,0.0,444,175,0.0,386,164,0.0,451,174,,,,2,,Jannik,Schuster,Schuster,,,0,0,0,0,0,0,0,0,0,0,0,0,0,,,,0.0,0.0,0.0,0.0,0.0,0,0,0
94,a,,,6.0,86,57,0,0,0,0,3.8,91,29,13,10,6.5,32,18,3,51,6.5,30,17,1.1,2.2,0,78351,53353,48964,23175,6.5,6.5,0.77,0.03,0.8,2.03,0.39,0.02,0.41,1.03,60.0,30,15,22.9,111,67,93.0,4,1,17.6,15,11,,,2.0,2,,Kevin,Schade,Schade,,,177,1,0,1,1,0,0,0,0,0,0,2,18,,,,0.0,0.51,0.51,1.02,9.15,5,4,9
95,a,,,6.5,47,32,0,0,0,0,1.0,198,61,4,1,2.0,189,93,0,22,2.0,175,88,0.3,0.6,0,9743,2395,26288,15336,2.0,2.0,0.07,0.37,0.44,1.83,0.07,0.35,0.42,1.73,16.4,201,80,46.3,38,31,17.0,106,55,8.0,100,52,2.0,,,2,,Dango,Ouattara,O.Dango,,,95,0,0,1,1,0,0,0,0,0,0,1,13,,,,0.0,0.95,0.95,0.95,12.32,1,5,7
96,a,,,5.5,162,101,0,0,0,0,0.5,259,87,4,3,2.0,175,85,0,26,2.0,164,82,0.4,0.7,0,4237,1919,11701,4157,2.0,2.0,0.03,0.24,0.27,0.23,0.03,0.26,0.29,0.25,24.2,159,58,58.7,20,18,25.0,77,43,10.8,59,39,3.0,3.0,,2,,Mikkel,Damsgaard,Damsgaard,,,82,0,0,1,0,0,0,0,0,0,0,1,13,,,,0.0,1.1,0.0,1.1,14.27,3,2,8
97,d,75.0,,5.5,142,88,0,0,0,0,0.2,340,124,6,0,6.0,42,22,0,22,3.0,108,47,0.5,1.1,0,4389,531,4974,3637,2.2,3.0,0.08,0.34,0.42,0.47,0.11,0.46,0.57,0.64,12.6,221,90,46.2,39,32,13.0,125,63,7.2,118,60,1.0,2.0,3.0,2,,Mathias,Jensen,Jensen,Unspecified injury - 75% chance of playing,,66,0,1,1,0,0,0,0,0,0,0,1,5,,,,0.0,1.36,0.0,1.36,6.82,2,0,3
98,a,,,5.0,262,162,0,0,0,0,0.6,243,83,10,1,5.0,56,28,0,46,5.0,53,26,1.0,2.0,0,51985,18226,11977,7692,5.0,5.0,0.39,0.31,0.7,2.03,0.2,0.16,0.36,1.02,69.6,18,11,74.2,10,10,28.0,66,40,17.2,16,12,4.0,,,2,,Vitaly,Janelt,Janelt,,,180,1,0,1,1,0,0,0,2,0,0,2,23,,,,0.0,0.5,0.5,1.0,11.5,7,11,5
99,i,0.0,0.0,5.0,362,216,0,0,0,0,0.0,621,272,0,0,0.0,566,236,0,0,0.0,566,236,0.0,0.0,0,48,20,66,21,0.0,0.0,0.0,0.0,0.0,0.0,0.0,0.0,0.0,0.0,0.0,553,229,0.0,560,235,0.0,523,205,0.0,561,232,,,,2,,Antoni,Milambo,Milambo,Knee injury - Unknown return date,,0,0,0,0,0,0,0,0,0,0,0,0,0,,,,0.0,0.0,0.0,0.0,0.0,0,0,0
100,a,100.0,100.0,5.0,294,179,0,0,0,0,0.0,564,234,0,0,0.0,538,222,0,0,0.0,538,222,0.0,0.0,0,462,307,458,212,0.0,0.0,0.0,0.0,0.0,0.0,0.0,0.0,0.0,0.0,0.0,526,214,0.0,527,219,0.0,482,184,0.0,533,216,,,,2,,Fábio,Freitas Gouveia Carvalho,Carvalho,,,0,0,0,0,0,0,0,0,0,0,0,0,0,,,,0.0,0.0,0.0,0.0,0.0,0,0,0
102,a,,,5.0,346,203,0,0,0,0,1.0,192,60,2,1,1.0,284,125,0,11,1.0,242,111,0.2,0.4,0,1260,515,23556,10377,1.0,1.0,0.04,0.01,0.05,1.42,0.08,0.02,0.1,2.9,5.2,269,121,13.3,159,96,7.0,170,82,2.6,228,101,,,,2,,Yehor,Yarmoliuk,Yarmoliuk,,,44,0,0,0,1,0,0,0,0,0,0,0,6,,,,0.0,0.0,2.05,0.0,12.27,2,1,3
103,a,,,5.0,255,157,0,0,0,0,0.0,550,227,0,0,0.0,522,213,0,0,0.0,522,213,0.0,0.0,0,265,101,653,300,0.0,0.0,0.0,0.0,0.0,0.0,0.0,0.0,0.0,0.0,0.0,508,204,0.0,510,210,0.0,462,173,0.0,516,207,,,,2,,Josh,Dasilva,Dasilva,,,0,0,0,0,0,0,0,0,0,0,0,0,0,,,,0.0,0.0,0.0,0.0,0.0,0,0,0
105,a,,,6.0,78,52,0,0,0,0,0.2,365,139,3,2,1.5,219,105,0,13,1.5,206,100,0.2,0.5,0,2934,976,4357,1966,1.5,1.5,0.14,0.41,0.55,0.19,0.15,0.44,0.59,0.21,13.8,213,86,60.8,19,17,16.0,109,58,9.1,78,44,,,,2,,Jaidon,Anthony,Anthony,,,83,0,0,1,0,0,0,0,1,0,0,1,9,,,,0.0,1.08,0.0,1.08,9.76,2,0,7
106,a,,,8.0,11,3,0,0,0,0,14.7,27,5,2,2,1.0,341,43,0,-1,1.0,270,34,0.1,0.2,0,123813,32041,321559,180392,1.0,1.0,1.8,0.09,1.89,1.96,0.94,0.05,0.99,1.03,4.6,279,26,10.2,186,23,63.0,19,9,7.8,105,15,,,1.0,2,,Igor Thiago,Nascimento Rodrigues,Thiago,,,172,0,0,1,1,0,0,1,0,0,0,2,9,,,,0.0,0.52,0.52,1.05,4.71,1,1,7
107,a,,,4.5,530,70,0,0,0,0,1.0,189,29,0,0,0.0,483,51,0,0,0.0,483,51,0.0,0.0,0,23391,15200,16091,7648,0.0,0.0,0.0,0.0,0.0,0.0,0.0,0.0,0.0,0.0,0.0,465,44,0.0,467,49,0.0,411,46,0.0,475,49,,,,2,,Kaye,Furo,Furo,,,0,0,0,0,0,0,0,0,0,0,0,0,0,,,,0.0,0.0,0.0,0.0,0.0,0,0,0
108,a,,,5.5,119,29,0,0,0,0,0.4,278,48,2,1,1.0,303,33,0,7,1.0,248,27,0.2,0.4,0,7524,3173,9054,4246,1.0,1.0,0.07,0.04,0.11,0.07,0.7,0.4,1.1,0.7,2.2,308,33,10.4,185,22,12.0,131,24,2.5,234,25,,,,2,,Callum,Wilson,Wilson,,,9,0,0,0,0,0,0,0,0,0,0,0,1,,,,0.0,0.0,0.0,0.0,10.0,0,0,1
565,a,,,5.6,117,76,0,0,1,-1,12.2,34,12,18,4,9.0,12,6,3,57,9.0,10,5,1.6,3.2,0,728828,285066,88111,64771,9.0,9.0,0.26,0.36,0.62,1.93,0.14,0.2,0.34,1.05,56.0,41,19,47.1,36,29,32.0,59,34,13.5,33,26,,,,2,,Mamadou,Sangaré,M.Sangaré,,,165,0,2,1,1,0,0,0,0,0,0,2,27,,,,0.0,0.55,0.55,1.09,14.73,6,9,12
620,a,,,4.5,537,146,0,0,0,0,0.1,462,164,0,0,0.0,488,180,0,0,0.0,488,180,0.0,0.0,0,7305,6705,1907,1870,1.7,1.7,0.0,0.0,0.0,0.0,0.0,0.0,0.0,0.0,0.0,470,181,0.0,472,182,0.0,416,172,0.0,480,181,,,,2,,El Hadji Malick,Diouf,Diouf,,,0,0,0,0,0,0,0,0,0,0,0,0,0,,,,0.0,0.0,0.0,0.0,0.0,0,0,0
109,a,,,4.5,490,43,0,0,0,0,21.6,13,2,6,0,3.0,105,8,0,24,3.0,99,8,0.7,1.3,0,211732,126976,122473,76993,3.0,3.0,0.0,0.0,0.0,3.22,0.0,0.0,0.0,1.61,16.8,197,21,0.0,432,46,0.0,374,45,1.7,269,21,,,,2,,Bart,Verbruggen,Verbruggen,,,180,0,0,1,4,0,0,0,0,0,1,2,0,,,,0.5,0.5,2.0,1.0,0.0,0,0,18
111,a,,,4.0,555,51,0,0,0,0,4.1,87,13,0,0,0.0,360,25,0,0,0.0,360,25,0.0,0.0,0,38099,27385,29510,15466,0.0,0.0,0.0,0.0,0.0,0.0,0.0,0.0,0.0,0.0,0.0,342,25,0.0,332,4,0.0,254,3,0.0,351,25,,,,2,,Jason,Steele,Steele,,,0,0,0,0,0,0,0,0,0,0,0,0,0,,,,0.0,0.0,0.0,0.0,0.0,0,0,0
113,a,100.0,100.0,4.4,550,151,-1,1,-1,1,2.1,127,52,0,0,0.0,415,157,0,-4,0.0,415,157,0.0,0.0,0,10053,7473,68982,17578,0.0,0.0,0.02,0.01,0.03,2.93,0.02,0.01,0.03,2.93,2.8,302,114,16.7,138,42,8.0,158,53,2.8,222,86,3.0,,,2,,Ferdi,Kadıoğlu,F.Kadıoğlu,,,90,0,0,0,4,0,0,0,0,0,0,1,0,,,,0.0,0.0,4.0,1.0,0.0,0,0,2
114,a,,,4.5,442,99,0,0,0,0,0.3,301,112,5,-1,2.5,130,46,0,27,2.5,124,44,0.6,1.1,0,7556,3453,3885,2326,2.5,2.5,0.05,0.15,0.2,3.22,0.02,0.08,0.1,1.61,32.0,130,58,33.9,68,16,17.0,99,28,8.3,91,29,,,,2,,Olivier,Boscagli,Boscagli,,,180,0,0,1,4,0,0,0,1,0,0,2,9,,,,0.0,0.5,2.0,1.0,4.5,1,8,6
115,a,,,4.7,406,79,1,-1,2,-2,13.7,31,10,17,0,8.5,15,7,2,44,8.5,13,6,1.8,3.6,0,935470,440472,79386,58228,8.5,8.5,1.5,0.26,1.76,3.22,0.81,0.14,0.95,1.74,49.4,60,23,69.0,14,1,48.0,35,4,16.7,19,1,2.0,4.0,,2,,Maxim,De Cuyper,De Cuyper,,,167,1,1,1,4,0,0,0,0,0,0,2,6,,,,0.0,0.54,2.16,1.08,3.23,3,3,6
116,a,,,4.5,413,82,0,0,0,0,1.2,171,70,5,-1,2.5,127,43,0,20,2.5,121,41,0.6,1.1,0,24733,11390,13238,7928,2.5,2.5,0.0,0.05,0.05,3.22,0.0,0.02,0.02,1.61,28.2,139,62,8.4,193,61,0.0,324,137,3.7,202,78,,3.0,,2,,Lewis,Dunk,Dunk,,,180,0,0,1,4,0,0,0,1,0,0,2,5,,,,0.0,0.5,2.0,1.0,2.5,2,3,6
117,a,,,4.5,512,138,0,0,0,0,0.0,559,191,0,0,0.0,470,176,0,0,0.0,470,176,0.0,0.0,0,341,150,389,165,0.0,0.0,0.0,0.0,0.0,0.0,0.0,0.0,0.0,0.0,0.0,451,177,0.0,454,178,0.0,396,167,0.0,461,177,,,,2,,Diego,Coppola,Coppola,,,0,0,0,0,0,0,0,0,0,0,0,0,0,,,,0.0,0.0,0.0,0.0,0.0,0,0,0
118,a,,,4.5,450,105,0,0,0,0,0.1,451,158,0,0,0.0,436,163,0,0,0.0,436,163,0.0,0.0,0,831,360,1516,641,0.0,0.0,0.0,0.0,0.0,0.0,0.0,0.0,0.0,0.0,0.0,417,164,0.0,413,164,0.0,348,147,0.0,427,164,,,,2,,Igor Julio,dos Santos de Paulo,Igor,,,0,0,0,0,0,0,0,0,0,0,0,0,0,,,,0.0,0.0,0.0,0.0,0.0,0,0,0
119,a,,,4.5,475,124,0,0,0,0,0.0,518,179,1,0,0.5,346,116,0,6,0.5,288,103,0.1,0.2,0,498,213,506,280,0.5,0.5,0.12,0.0,0.12,0.14,0.3,0.0,0.3,0.35,8.2,244,98,2.2,239,79,18.0,95,26,2.8,224,87,,,,2,,João Pedro,Loureiro da Costa,Costinha,,,36,0,0,0,0,0,0,0,1,0,0,0,4,,,,0.0,0.0,0.0,0.0,10.0,1,3,0
120,a,,,5.0,308,55,0,0,0,0,0.1,488,171,0,0,0.0,545,195,0,0,0.0,545,195,0.0,0.0,0,1285,517,1283,599,0.0,0.0,0.0,0.0,0.0,0.0,0.0,0.0,0.0,0.0,0.0,532,197,0.0,536,197,0.0,494,191,0.0,540,197,,,,2,,Michael,Svoboda,Svoboda,,,0,0,0,0,0,0,0,0,0,0,0,0,0,,,,0.0,0.0,0.0,0.0,0.0,0,0,0
121,i,0.0,0.0,6.0,79,53,0,0,0,0,0.0,516,216,0,0,0.0,613,267,0,0,0.0,613,267,0.0,0.0,0,249,90,1882,645,0.0,0.0,0.0,0.0,0.0,0.0,0.0,0.0,0.0,0.0,0.0,612,268,0.0,613,268,0.0,608,264,0.0,613,268,,,,2,,Mitoma,Kaoru,Mitoma,Hamstring injury - Unknown return date,,0,0,0,0,0,0,0,0,0,0,0,0,0,,,,0.0,0.0,0.0,0.0,0.0,0,0,0
122,i,0.0,0.0,5.9,110,71,-1,1,-1,1,0.0,493,203,0,0,0.0,609,263,0,0,0.0,609,263,0.0,0.0,0,204,64,4815,1294,0.0,0.0,0.0,0.0,0.0,0.0,0.0,0.0,0.0,0.0,0.0,606,263,0.0,607,263,0.0,601,259,0.0,608,263,5.0,,,2,,Yankuba,Minteh,Minteh,Leg injury - Expected back 28 Nov,,0,0,0,0,0,0,0,0,0,0,0,0,0,,,,0.0,0.0,0.0,0.0,0.0,0,0,0
123,d,50.0,25.0,6.0,87,58,0,0,0,0,1.6,151,43,16,0,16.0,1,1,3,54,8.0,19,10,1.3,2.7,0,144968,5140,104842,66757,4.0,2.0,1.41,0.02,1.43,0.19,2.01,0.03,2.04,0.27,72.8,12,8,13.4,158,95,59.0,24,14,14.5,26,20,,,,2,,Jack,Hinshelwood,Hinshelwood,Unspecified injury - 50% chance of playing,,63,2,0,1,0,0,0,0,0,0,0,1,3,,,,0.0,1.43,0.0,1.43,4.29,2,0,1
124,a,,,5.5,118,77,0,0,0,0,14.1,30,11,15,13,7.5,22,11,3,64,7.5,21,11,1.4,2.7,0,213280,189101,157569,51696,7.5,7.5,0.05,0.38,0.43,3.22,0.02,0.19,0.21,1.61,68.8,19,12,90.1,5,5,31.0,62,37,19.0,8,7,1.0,1.0,1.0,2,,Pascal,Groß,Groß,,,180,1,1,1,4,0,0,0,1,0,0,2,11,,,,0.0,0.5,2.0,1.0,5.5,4,2,5
125,d,75.0,75.0,5.5,170,39,0,0,0,0,0.8,212,34,5,0,5.0,60,4,0,22,2.5,134,15,0.5,0.9,0,27154,3267,30448,15441,1.9,1.9,0.08,0.44,0.52,0.29,0.08,0.44,0.52,0.29,19.8,177,14,11.4,176,19,15.0,116,22,4.6,183,20,,,,2,,Georginio,Rutter,Georginio,Unspecified injury - 75% chance of playing,,90,0,1,1,0,0,0,0,0,0,0,1,7,,,,0.0,1.0,0.0,1.0,7.0,2,1,4
126,a,,,5.5,147,91,0,0,0,0,0.1,426,169,0,0,0.0,597,256,0,0,0.0,597,256,0.0,0.0,0,1267,611,2568,1216,0.0,0.0,0.0,0.0,0.0,0.0,0.0,0.0,0.0,0.0,0.0,587,252,0.0,593,255,0.0,573,240,0.0,593,254,,,3.0,2,,Matt,O'Riley,O'Riley,,,0,0,0,0,0,0,0,0,0,0,0,0,0,,,,0.0,0.0,0.0,0.0,0.0,0,0,0
127,a,,,5.0,349,205,0,0,0,0,4.3,85,28,11,5,5.5,52,25,0,42,5.5,49,23,1.1,2.2,0,101548,77596,43866,26994,5.5,5.5,0.56,0.65,1.21,3.22,0.29,0.33,0.62,1.66,37.6,106,39,45.4,41,33,83.0,6,3,16.6,20,15,,5.0,,2,,Diego,Gómez Amarilla,Gomez,,,175,0,2,1,4,0,0,0,0,0,0,2,11,,,,0.0,0.51,2.06,1.03,5.66,5,3,3
128,u,0.0,0.0,5.0,360,214,0,0,0,0,0.0,618,270,0,0,0.0,565,235,0,0,0.0,565,235,0.0,0.0,0,0,0,241,68,0.0,0.0,0.0,0.0,0.0,0.0,0.0,0.0,0.0,0.0,0.0,552,228,0.0,559,234,0.0,522,204,0.0,560,231,,,,2,,Facundo,Buonanotte,Buonanotte,Has joined Elche on loan for the rest of the season,,0,0,0,0,0,0,0,0,0,0,0,0,0,,,,0.0,0.0,0.0,0.0,0.0,0,0,0
129,d,75.0,,5.5,186,116,0,0,0,0,0.5,253,85,2,0,2.0,178,88,0,8,1.0,256,122,0.2,0.4,0,4659,1325,19125,11514,0.8,1.0,0.11,0.03,0.14,0.19,0.16,0.04,0.2,0.27,0.0,592,256,15.0,147,88,6.0,191,94,1.7,274,122,4.0,2.0,,2,,Yasin,Ayari,Ayari,Ankle injury - 75% chance of playing,,63,0,0,1,0,0,0,0,1,0,0,1,4,,,,0.0,1.43,0.0,1.43,5.71,0,1,3
130,a,,,5.0,316,58,0,0,0,0,0.5,258,97,7,0,3.5,98,36,1,38,3.5,92,36,0.7,1.4,0,22006,8578,7836,4779,3.5,3.5,0.12,0.13,0.25,3.18,0.07,0.08,0.15,1.83,37.0,110,49,35.5,60,14,10.0,148,48,8.3,93,31,,,,2,,Mats,Wieffer,Wieffer,,,156,0,0,1,4,0,0,0,0,0,0,2,15,,,,0.0,0.58,2.31,1.15,8.65,4,11,9
132,u,0.0,0.0,4.5,532,269,0,0,0,0,0.0,502,207,0,0,0.0,485,190,0,0,0.0,485,190,0.0,0.0,0,0,0,2191,659,0.0,0.0,0.0,0.0,0.0,0.0,0.0,0.0,0.0,0.0,0.0,467,178,0.0,469,187,0.0,413,145,0.0,477,183,,,,2,,Harry,Howell,Howell,Has joined Leicester City on loan for the rest of the season,,0,0,0,0,0,0,0,0,0,0,0,0,0,,,,0.0,0.0,0.0,0.0,0.0,0,0,0
133,u,0.0,0.0,5.0,365,219,0,0,0,0,0.0,624,274,0,0,0.0,568,238,0,0,0.0,568,238,0.0,0.0,0,0,0,88,32,0.0,0.0,0.0,0.0,0.0,0.0,0.0,0.0,0.0,0.0,0.0,555,231,0.0,562,237,0.0,526,208,0.0,563,234,,,,2,,Tom,Watson,Watson,Has joined Leicester City on loan for the rest of the season,,0,0,0,0,0,0,0,0,0,0,0,0,0,,,,0.0,0.0,0.0,0.0,0.0,0,0,0
134,a,,,4.5,516,263,0,0,0,0,0.3,303,103,0,0,0.0,473,185,0,0,0.0,473,185,0.0,0.0,0,3754,2046,4977,2197,0.0,0.0,0.0,0.0,0.0,0.0,0.0,0.0,0.0,0.0,0.0,454,173,0.0,457,182,0.0,399,140,0.0,464,178,,,,2,,Nehemiah,Oriola,Oriola,,,0,0,0,0,0,0,0,0,0,0,0,0,0,,,,0.0,0.0,0.0,0.0,0.0,0,0,0
135,a,,,5.0,391,237,0,0,0,0,0.1,478,194,1,0,1.0,296,136,0,3,0.5,325,152,0.1,0.2,0,671,298,1784,905,0.5,0.5,0.0,0.03,0.03,0.0,0.0,0.22,0.22,0.0,0.2,337,156,1.3,275,141,0.0,542,220,0.2,335,155,,,,2,,Zadok,Yohanna,Yohanna,,,12,0,0,0,0,0,0,0,0,0,0,0,0,,,,0.0,0.0,0.0,0.0,0.0,0,0,0
137,i,0.0,0.0,5.5,204,43,0,0,0,0,0.0,601,72,0,0,0.0,603,67,0,0,0.0,603,67,0.0,0.0,0,130,46,380,128,0.0,0.0,0.0,0.0,0.0,0.0,0.0,0.0,0.0,0.0,0.0,597,62,0.0,601,66,0.0,590,64,0.0,601,66,,,,2,,Stefanos,Tzimas,Tzimas,Knee injury - Unknown return date,,0,0,0,0,0,0,0,0,0,0,0,0,0,,,,0.0,0.0,0.0,0.0,0.0,0,0,0
138,a,,,5.5,206,44,0,0,0,0,0.3,288,50,6,5,3.0,119,18,0,16,3.0,114,14,0.5,1.1,0,14062,12678,4963,2812,3.0,3.0,0.35,0.02,0.37,2.99,0.3,0.02,0.32,2.56,5.0,276,25,15.5,145,14,27.0,71,16,4.6,184,21,,,,2,,Charalampos,Kostoulas,Kostoulas,,,105,0,1,0,4,0,0,0,0,0,0,1,8,,,,0.0,0.0,3.43,0.86,6.86,1,0,7
139,i,0.0,0.0,5.0,326,55,0,0,0,0,0.0,532,69,0,0,0.0,551,58,0,0,0.0,551,58,0.0,0.0,0,671,353,1083,460,0.0,0.0,0.0,0.0,0.0,0.0,0.0,0.0,0.0,0.0,0.0,538,51,0.0,544,56,0.0,504,53,0.0,546,56,,,,2,,Evan,Ferguson,Ferguson,Ankle injury - Expected back 10 Oct,,0,0,0,0,0,0,0,0,0,0,0,0,0,,,,0.0,0.0,0.0,0.0,0.0,0,0,0
328,a,100.0,100.0,5.0,281,48,0,0,0,0,0.2,329,124,0,0,0.0,530,191,0,0,0.0,530,191,0.0,0.0,0,2346,930,4737,2183,0.0,0.0,0.0,0.0,0.0,0.0,0.0,0.0,0.0,0.0,0.0,518,194,0.0,519,194,0.0,473,187,0.0,525,194,,,,2,,Pascal,Struijk,Struijk,,,0,0,0,0,0,0,0,0,0,0,0,0,0,,,,0.0,0.0,0.0,0.0,0.0,0,0,0
504,a,,,5.0,379,71,0,0,0,0,2.4,116,47,6,0,3.0,112,41,0,17,3.0,106,40,0.6,1.2,0,34241,13055,30634,18287,3.0,3.0,0.16,0.05,0.21,3.22,0.08,0.02,0.1,1.61,35.2,116,53,12.8,164,49,17.0,104,30,6.5,135,49,,,,2,,Luka,Vušković,Vuskovic,,,180,0,0,1,4,0,0,0,0,0,0,2,12,,,,0.0,0.5,2.0,1.0,6.0,1,11,5
594,a,,,6.0,88,19,0,0,0,0,0.3,312,53,1,1,1.0,330,40,0,3,0.5,349,42,0.1,0.2,0,4895,2376,7342,3201,0.5,0.5,0.0,0.0,0.0,0.04,0.0,0.0,0.0,0.36,0.0,615,69,3.7,222,31,0.0,611,69,0.4,321,38,,,2.0,2,,Promise,David,David,,,10,0,0,0,0,0,0,0,0,0,0,0,0,,,,0.0,0.0,0.0,0.0,0.0,0,0,0
600,a,,,5.0,380,230,0,0,0,0,0.0,565,235,2,1,1.0,292,132,0,13,1.0,244,113,0.2,0.4,0,412,194,297,154,1.0,1.0,0.0,0.06,0.06,0.1,0.0,0.19,0.19,0.32,7.2,251,110,16.7,139,84,6.0,189,93,3.0,219,97,,,,2,,Ibrahim,Osman,Osman,,,28,0,0,0,1,0,0,0,0,0,0,0,3,,,,0.0,0.0,3.21,0.0,9.64,1,0,2
605,a,,,4.5,535,270,0,0,0,0,1.2,176,53,9,8,4.5,68,33,1,42,4.5,64,31,1.0,2.0,0,101049,96710,14102,13150,4.5,4.5,0.7,0.17,0.87,2.83,0.82,0.2,1.02,3.31,51.4,50,26,22.8,112,68,42.0,41,25,11.6,48,34,,,,2,,Malick,Yalcouyé,Yalcouyé,,,77,1,0,0,3,0,0,0,0,0,0,1,7,,,,0.0,0.0,3.51,1.17,8.18,3,2,2
614,a,,,4.5,501,134,0,0,0,0,0.0,521,180,0,0,0.0,459,172,0,0,0.0,459,172,0.0,0.0,0,2314,1308,368,314,1.7,1.7,0.0,0.0,0.0,0.0,0.0,0.0,0.0,0.0,0.0,440,173,0.0,443,174,0.0,385,163,0.0,450,173,,,,2,,Jaouen,Hadjam,Hadjam,,,0,0,0,0,0,0,0,0,0,0,0,0,0,,,,0.0,0.0,0.0,0.0,0.0,0,0,0
624,a,,,5.0,353,209,0,0,0,0,0.0,625,275,0,0,0.0,562,232,0,0,0.0,562,232,0.0,0.0,0,89,89,28,28,1.5,1.5,0.0,0.0,0.0,0.0,0.0,0.0,0.0,0.0,0.0,549,225,0.0,556,231,0.0,519,201,0.0,557,228,,,,2,,Amario,Cozier-Duberry,Cozier-Duberry,,,0,0,0,0,0,0,0,0,0,0,0,0,0,,,,0.0,0.0,0.0,0.0,0.0,0,0,0
28,a,,,5.0,235,7,0,0,0,0,4.4,83,11,2,2,2.0,158,13,0,18,1.0,230,19,0.2,0.4,0,70884,41498,95318,30404,1.0,1.0,0.0,0.01,0.01,1.41,0.0,0.01,0.01,1.41,36.2,113,12,20.0,126,1,0.0,445,54,5.6,151,8,,,,2,,Emiliano,Martínez Romero,Martinez,,,90,0,0,0,3,0,0,0,0,0,4,1,0,,,,4.0,0.0,3.0,1.0,0.0,0,1,13
40,a,,,7.5,18,11,0,0,0,0,25.3,10,4,13,5,6.5,34,20,1,65,6.5,32,19,0.9,1.7,0,390552,138701,233421,161672,6.5,6.5,1.1,1.11,2.21,2.65,0.58,0.58,1.16,1.39,75.6,9,6,100.0,2,2,52.0,31,20,22.7,5,4,4.0,,,2,,Morgan,Rogers,Rogers,,,171,1,1,0,5,0,0,0,0,0,0,2,12,,,,0.0,0.0,2.63,1.05,6.32,3,1,8
101,d,75.0,75.0,5.0,229,143,0,0,0,0,0.0,527,219,0,0,0.0,509,205,0,0,0.0,509,205,0.0,0.0,0,352,138,1190,499,0.0,0.0,0.0,0.0,0.0,0.0,0.0,0.0,0.0,0.0,0.0,492,194,0.0,494,202,0.0,441,161,0.0,501,198,,,,2,,Jordan,Henderson,Henderson,Wrist injury - 75% chance of playing,,0,0,0,0,0,0,0,0,0,0,0,0,0,,,,0.0,0.0,0.0,0.0,0.0,0,0,0
136,a,100.0,100.0,5.9,93,23,-1,1,-1,1,0.9,205,32,0,0,0.0,605,69,0,0,0.0,605,69,0.0,0.0,0,8129,4993,37678,15253,0.0,0.0,0.0,0.0,0.0,0.0,0.0,0.0,0.0,0.0,0.0,599,64,0.0,603,68,0.0,593,66,0.0,603,68,,,,2,,Danny,Welbeck,Welbeck,,,0,0,0,0,0,0,0,0,0,0,0,0,0,,,,0.0,0.0,0.0,0.0,0.0,0,0,0
140,a,,,4.9,394,21,-1,1,-1,1,1.7,142,21,2,0,2.0,156,12,0,6,1.0,229,18,0.2,0.4,0,10638,1714,71012,43821,1.0,1.0,0.0,0.01,0.01,1.33,0.0,0.01,0.01,1.33,21.4,172,18,0.0,484,52,0.0,429,51,2.1,252,18,,,,2,,Robert,Lynch Sánchez,Sánchez,,,90,0,0,0,2,0,0,0,0,0,4,1,0,,,,4.0,0.0,2.0,1.0,0.0,0,1,5
141,u,0.0,0.0,5.0,347,20,0,0,0,0,0.0,591,70,0,0,0.0,561,71,0,0,0.0,561,71,0.0,0.0,0,0,0,689,188,0.0,0.0,0.0,0.0,0.0,0.0,0.0,0.0,0.0,0.0,0.0,548,71,0.0,555,67,0.0,517,67,0.0,556,71,,,,2,,Filip,Jörgensen,Jörgensen,Has joined RC Strasbourg on loan for the rest of the season,,0,0,0,0,0,0,0,0,0,0,0,0,0,,,,0.0,0.0,0.0,0.0,0.0,0,0,0
142,a,,,5.5,148,18,0,0,0,0,8.8,46,16,1,1,0.5,353,120,0,4,0.5,333,118,0.1,0.2,0,81781,19256,200803,119485,0.5,0.5,0.1,0.07,0.17,1.47,0.08,0.06,0.14,1.18,23.8,161,73,17.2,135,40,21.0,85,21,6.2,141,53,1.0,1.0,,2,,Reece,James,James,,,112,0,0,0,3,0,0,0,1,0,0,1,6,,,,0.0,0.0,2.41,0.8,4.82,0,6,5
143,u,0.0,0.0,5.5,131,14,0,0,0,0,0.1,422,149,0,0,0.0,592,204,0,0,0.0,592,204,0.0,0.0,0,0,0,10546,2488,0.0,0.0,0.0,0.0,0.0,0.0,0.0,0.0,0.0,0.0,0.0,582,204,0.0,587,204,0.0,565,201,0.0,588,204,,,,2,,Trevoh,Chalobah,Chalobah,Has joined Como permanently,,0,0,0,0,0,0,0,0,0,0,0,0,0,,,,0.0,0.0,0.0,0.0,0.0,0,0,0
144,a,,,5.0,322,60,0,0,0,0,1.2,173,71,2,1,1.0,278,107,0,1,1.0,239,85,0.2,0.4,0,20353,7028,23380,12433,1.0,1.0,0.0,0.04,0.04,2.52,0.0,0.02,0.02,1.37,15.0,207,88,10.5,183,59,6.0,187,65,3.2,213,83,,,,2,,Malo,Gusto,Gusto,,,165,0,0,0,5,0,0,0,0,0,0,2,8,,,,0.0,0.0,2.73,1.09,4.36,2,6,7
145,a,100.0,100.0,5.0,303,54,0,0,0,0,0.1,479,169,0,0,0.0,541,194,0,-2,0.0,541,194,0.0,0.0,0,2668,1855,1032,771,0.0,0.0,0.0,0.01,0.01,1.26,0.0,0.01,0.01,1.69,19.4,179,78,0.9,285,104,0.0,489,190,2.0,258,95,,,,2,,Wesley,Fofana,Fofana,,,67,0,0,0,2,0,0,0,1,0,0,1,9,,,,0.0,0.0,2.69,1.34,12.09,0,9,0
146,u,0.0,0.0,4.5,462,114,0,0,0,0,0.0,570,196,0,0,0.0,440,165,0,0,0.0,440,165,0.0,0.0,0,232,0,1310,510,0.0,0.0,0.0,0.0,0.0,0.0,0.0,0.0,0.0,0.0,0.0,421,166,0.0,418,166,0.0,355,151,0.0,431,166,,,,2,,Benoît,Badiashile Mukinayi,B.Badiashile,Has joined Napoli on loan for the rest of the season,,0,0,0,0,0,0,0,0,0,0,0,0,0,,,,0.0,0.0,0.0,0.0,0.0,0,0,0
147,a,,,4.5,421,86,0,0,0,0,0.2,356,132,0,0,0.0,422,159,0,0,0.0,422,159,0.0,0.0,0,485,222,3612,1492,0.0,0.0,0.0,0.0,0.0,0.0,0.0,0.0,0.0,0.0,0.0,403,160,0.0,397,158,0.0,330,139,0.0,413,160,,,,2,,Tosin,Adarabioyo,Tosin,,,0,0,0,0,0,0,0,0,0,0,0,0,0,,,,0.0,0.0,0.0,0.0,0.0,0,0,0
148,a,,,4.5,513,139,0,0,0,0,0.6,246,91,5,4,2.5,132,47,0,17,2.5,126,45,0.6,1.1,0,18512,14154,10102,5618,2.5,2.5,0.01,0.09,0.1,2.46,0.01,0.05,0.06,1.44,38.4,98,45,33.0,72,20,11.0,137,45,8.3,92,30,,,,2,,Jorrel,Hato,Hato,,,154,0,1,0,5,0,0,0,0,0,0,2,9,,,,0.0,0.0,2.92,1.17,5.26,4,5,5
149,a,,,5.0,309,56,0,0,0,0,1.4,160,65,1,1,0.5,348,117,0,8,0.5,308,114,0.1,0.2,0,16177,5606,36138,18359,0.5,0.5,0.01,0.03,0.04,2.64,0.01,0.02,0.03,1.48,19.2,180,79,2.0,248,84,7.0,168,59,2.9,220,85,,,,2,,Levi,Samuels Colwill,Colwill,,,161,0,0,0,4,0,0,0,1,0,0,2,13,,,,0.0,0.0,2.24,1.12,7.27,3,10,5
150,u,0.0,,4.5,522,141,0,0,0,0,0.1,489,172,0,0,0.0,478,178,0,0,0.0,478,178,0.0,0.0,0,429,24,3321,2372,0.0,0.0,0.0,0.0,0.0,0.0,0.0,0.0,0.0,0.0,0.0,460,179,0.0,462,180,0.0,405,169,0.0,470,179,,,,2,,Mamadou,Sarr,M.Sarr,Has joined Real Sociedad on loan for the rest of the season,,0,0,0,0,0,0,0,0,0,0,0,0,0,,,,0.0,0.0,0.0,0.0,0.0,0,0,0
151,a,,,4.5,525,143,0,0,0,0,0.4,277,105,4,1,2.0,154,55,0,12,2.0,148,53,0.4,0.9,0,11552,3487,7261,4127,2.0,2.0,0.0,0.01,0.01,1.47,0.0,0.01,0.01,1.18,39.4,96,44,2.3,237,77,2.0,223,84,4.3,187,70,,,,2,,Josh,Acheampong,Acheampong,,,112,0,0,0,3,0,0,0,0,0,0,1,18,,,,0.0,0.0,2.41,0.8,14.46,6,12,6
152,d,75.0,75.0,5.4,228,34,-1,1,-1,1,1.6,149,62,0,0,0.0,590,203,0,0,0.0,590,203,0.0,0.0,0,5434,474,115535,45598,0.0,0.0,0.0,0.0,0.0,0.0,0.0,0.0,0.0,0.0,0.0,579,203,0.0,583,203,0.0,558,200,0.0,586,203,,,,2,,Marco,Palestra,Palestra,Unspecified injury - 75% chance of playing,,0,0,0,0,0,0,0,0,0,0,0,0,0,,,,0.0,0.0,0.0,0.0,0.0,0,0,0
154,a,100.0,100.0,9.6,3,2,1,-1,1,-1,18.2,19,8,20,7,10.0,9,5,3,88,10.0,8,4,1.0,2.1,0,613724,236852,124745,92785,10.0,10.0,0.94,0.32,1.26,2.65,0.49,0.17,0.66,1.39,106.0,3,3,66.6,15,14,80.0,9,5,25.3,3,3,,3.0,1.0,2,,Cole,Palmer,Palmer,,,172,2,1,0,5,0,0,0,0,0,0,2,17,,,,0.0,0.0,2.62,1.05,8.9,4,2,11
155,a,,,6.9,31,20,-1,1,-1,1,3.5,95,30,1,0,1.0,339,165,0,6,0.5,357,170,0.1,0.1,0,21698,6744,177955,88790,0.5,0.5,0.0,0.02,0.02,0.28,0.0,0.07,0.07,1.01,3.4,298,135,12.0,171,101,0.0,623,275,1.5,279,125,3.0,2.0,2.0,2,,Enzo,Fernández,Enzo,,,25,0,0,0,0,0,0,0,0,0,0,0,3,,,,0.0,0.0,0.0,0.0,10.8,0,0,3
156,a,,,6.5,38,26,0,0,0,0,1.3,170,51,8,7,4.0,92,40,0,41,4.0,86,38,0.6,1.2,0,20226,14591,34642,11280,4.0,4.0,0.44,0.4,0.84,1.48,0.49,0.44,0.93,1.64,50.4,53,27,29.7,83,51,42.0,43,26,12.2,42,31,2.0,4.0,,2,,Pedro,Lomba Neto,Neto,,,81,1,0,0,2,0,0,0,0,0,0,1,8,,,,0.0,0.0,2.22,1.11,8.89,1,3,4
157,a,,,6.4,56,40,-1,1,-1,1,0.9,201,62,1,0,1.0,335,161,0,3,0.5,353,166,0.1,0.2,0,8016,2452,46384,22600,0.5,0.5,0.0,0.0,0.0,0.09,0.0,0.0,0.0,1.16,0.2,339,158,0.4,312,157,0.0,617,270,0.1,348,163,5.0,,3.0,2,,Estêvão,Almeida de Oliveira Gonçalves,Estêvão,,,7,0,0,0,0,0,0,0,0,0,0,0,1,,,,0.0,0.0,0.0,0.0,12.86,0,0,1
158,a,,,5.9,103,65,-1,1,-1,1,0.0,535,222,0,0,0.0,607,261,0,0,0.0,607,261,0.0,0.0,0,447,176,1414,641,0.0,0.0,0.0,0.0,0.0,0.0,0.0,0.0,0.0,0.0,0.0,604,261,0.0,605,261,0.0,598,256,0.0,606,261,,,,2,,Jamie,Bynoe-Gittens,Gittens,,,0,0,0,0,0,0,0,0,0,0,0,0,0,,,,0.0,0.0,0.0,0.0,0.0,0,0,0
159,d,75.0,75.0,5.4,221,136,-1,1,-1,1,2.2,121,37,1,1,1.0,300,138,0,3,0.5,327,153,0.1,0.2,0,11997,2516,156217,57894,0.4,0.4,0.0,0.0,0.0,0.07,0.0,0.0,0.0,0.48,0.0,573,242,0.1,329,167,0.0,552,226,0.0,580,244,,,,2,,Moisés,Caicedo Corozo,Caicedo,Unspecified injury - 75% chance of playing,,13,0,0,0,0,0,0,0,0,0,0,0,0,,,,0.0,0.0,0.0,0.0,0.0,0,0,0
161,a,,,5.0,350,206,0,0,0,0,0.1,376,144,8,7,4.0,86,38,0,40,4.0,83,36,0.8,1.6,0,8992,7819,2748,1829,4.0,4.0,0.75,0.03,0.78,2.31,0.52,0.02,0.54,1.59,52.6,48,24,22.7,114,70,66.0,15,9,14.2,28,22,,,,2,,Roméo,Lavia,Lavia,,,131,1,0,0,4,0,0,0,1,0,0,2,16,,,,0.0,0.0,2.75,1.37,10.99,4,5,7
164,a,100.0,100.0,5.4,226,141,-1,1,-1,1,0.0,513,213,1,0,1.0,302,140,0,2,0.5,329,155,0.1,0.2,0,426,195,1583,763,0.5,0.5,0.0,0.0,0.0,0.09,0.0,0.0,0.0,1.01,1.2,325,147,0.3,317,161,2.0,237,113,0.4,319,146,,,,2,,Geovany,Quenda,Quenda,,,8,0,0,0,0,0,0,0,0,0,0,0,1,,,,0.0,0.0,0.0,0.0,11.25,0,1,0
165,a,,,7.6,15,5,0,0,1,-1,69.8,2,2,20,9,10.0,7,1,4,89,10.0,6,1,1.3,2.6,0,672054,266866,101191,73026,10.0,10.0,1.86,0.1,1.96,2.74,0.93,0.05,0.98,1.37,104.0,4,1,45.5,40,1,83.0,7,4,23.2,4,1,,,,2,,João Pedro,Junqueira de Jesus,João Pedro,,,180,2,2,0,5,1,0,0,0,0,0,2,6,,,,0.0,0.0,2.5,1.0,3.0,1,1,4
168,u,0.0,,5.0,340,56,0,0,0,0,0.4,271,46,0,0,0.0,559,59,0,0,0.0,559,59,0.0,0.0,0,4102,1924,11687,5541,0.0,0.0,0.0,0.0,0.0,0.0,0.0,0.0,0.0,0.0,0.0,546,52,0.0,553,57,0.0,515,54,0.0,554,57,,,,2,,Marc,Guiu Paz,Marc Guiu,Has joined RB Leipzig permanently,,0,0,0,0,0,0,0,0,0,0,0,0,0,,,,0.0,0.0,0.0,0.0,0.0,0,0,0
169,a,,,4.5,519,69,0,0,0,0,0.4,275,47,0,0,0.0,475,50,0,0,0.0,475,50,0.0,0.0,0,7526,4597,7837,3428,0.0,0.0,0.0,0.0,0.0,0.0,0.0,0.0,0.0,0.0,0.0,457,43,0.0,459,48,0.0,402,45,0.0,467,48,,,,2,,Shumaira,Mheuka,Mheuka,,,0,0,0,0,0,0,0,0,0,0,0,0,0,,,,0.0,0.0,0.0,0.0,0.0,0,0,0
170,a,100.0,100.0,5.0,345,57,0,0,0,0,0.1,377,54,0,0,0.0,560,60,0,0,0.0,560,60,0.0,0.0,0,2806,1356,4410,2076,0.0,0.0,0.0,0.0,0.0,0.0,0.0,0.0,0.0,0.0,0.0,547,53,0.0,554,58,0.0,516,55,0.0,555,58,,,,2,,Emmanuel,Emegha,Emegha,,,0,0,0,0,0,0,0,0,0,0,0,0,0,,,,0.0,0.0,0.0,0.0,0.0,0,0,0
200,a,,,6.0,73,8,0,0,0,0,8.8,47,17,7,1,3.5,101,37,0,22,3.5,96,37,0.6,1.2,0,88240,24718,128985,84178,3.5,3.5,0.02,0.2,0.22,2.74,0.01,0.1,0.11,1.37,57.2,38,13,11.3,177,56,8.0,161,55,7.6,110,38,,,,2,,Maxence,Lacroix,Lacroix,,,180,0,1,0,5,0,0,0,0,0,0,2,21,,,,0.0,0.0,2.5,1.0,10.5,6,15,3
560,a,,,4.5,511,47,0,0,0,0,0.1,474,53,0,0,0.0,469,63,0,0,0.0,469,63,0.0,0.0,0,617,222,1521,756,0.0,0.0,0.0,0.0,0.0,0.0,0.0,0.0,0.0,0.0,0.0,450,63,0.0,453,50,0.0,395,49,0.0,460,63,,,,2,,Mike,Penders,Penders,,,0,0,0,0,0,0,0,0,0,0,0,0,0,,,,0.0,0.0,0.0,0.0,0.0,0,0,0
561,a,100.0,100.0,4.5,541,148,0,0,0,0,0.0,563,193,0,0,0.0,490,181,0,0,0.0,490,181,0.0,0.0,0,263,141,610,164,0.0,0.0,0.0,0.0,0.0,0.0,0.0,0.0,0.0,0.0,0.0,473,182,0.0,474,183,0.0,419,174,0.0,482,182,,,,2,,Aaron,Anselmino,Anselmino,,,0,0,0,0,0,0,0,0,0,0,0,0,0,,,,0.0,0.0,0.0,0.0,0.0,0,0,0
568,a,,,5.5,189,119,0,0,0,0,0.1,390,153,1,1,1.0,317,148,0,1,0.5,340,158,0.1,0.2,0,1234,706,2808,1147,0.5,0.5,0.04,0.0,0.04,0.07,0.45,0.0,0.45,0.79,0.0,593,257,0.0,598,259,4.0,204,98,0.2,336,156,,,,2,,Valentín,Barco,Barco,,,8,0,0,0,1,0,0,0,0,0,0,0,1,,,,0.0,0.0,11.25,0.0,11.25,0,1,0
578,a,,,5.4,218,134,-1,1,-1,1,0.0,509,212,0,0,0.0,585,247,0,0,0.0,585,247,0.0,0.0,0,802,568,1803,827,0.0,0.0,0.0,0.0,0.0,0.0,0.0,0.0,0.0,0.0,0.0,572,241,0.0,578,246,0.0,550,224,0.0,579,243,,,,2,,Mykhailo,Mudryk,Mudryk,,,0,0,0,0,0,0,0,0,0,0,0,0,0,,,,0.0,0.0,0.0,0.0,0.0,0,0,0
583,a,,,5.0,339,67,0,0,0,0,0.2,349,130,2,1,1.0,282,108,0,4,1.0,241,86,0.2,0.4,0,1527,446,4871,2313,1.0,1.0,0.0,0.02,0.02,0.37,0.0,0.04,0.04,0.77,8.8,239,97,0.5,307,115,2.0,232,87,1.2,287,104,,,,2,,Pep,Chavarría,Chavarria,,,43,0,0,0,1,0,0,0,0,0,0,0,4,,,,0.0,0.0,2.09,0.0,8.37,1,3,2
91,a,,,4.5,456,110,0,0,0,0,0.1,464,165,1,1,1.0,244,88,0,-1,0.5,284,99,0.1,0.2,0,918,344,1691,720,0.5,0.5,0.0,0.0,0.0,0.54,0.0,0.0,0.0,4.05,3.8,291,108,0.7,295,108,0.0,350,148,0.5,310,111,,,,2,,Ethan,Pinnock,Pinnock,,,12,0,0,0,1,0,0,0,0,0,0,0,2,,,,0.0,0.0,7.5,0.0,15.0,0,2,0
104,a,,,5.0,297,181,0,0,0,0,0.1,383,149,2,0,2.0,164,77,0,8,1.0,235,108,0.2,0.4,0,2702,246,3614,2014,1.0,1.0,0.0,0.01,0.01,1.88,0.0,0.01,0.01,1.88,3.6,296,134,1.6,264,138,0.0,484,186,0.5,311,142,,,,2,,Frank,Onyeka,Onyeka,,,90,0,0,0,3,0,0,0,0,0,0,1,9,,,,0.0,0.0,3.0,1.0,9.0,1,3,5
110,a,,,4.5,483,40,0,0,0,0,1.1,185,28,3,2,1.5,195,15,0,10,1.5,181,12,0.3,0.7,0,13465,1534,13751,9079,1.5,1.5,0.0,0.01,0.01,2.6,0.0,0.0,0.0,1.3,24.8,153,17,0.0,428,43,0.0,370,42,2.5,231,17,,,,2,,Carl,Rushworth,Rushworth,,,180,0,0,0,4,0,0,0,0,0,3,2,0,,,,1.5,0.0,2.0,1.0,0.0,0,2,20
171,a,,,4.0,599,68,0,0,0,0,1.5,154,22,0,0,0.0,389,42,0,0,0.0,389,42,0.0,0.0,0,7233,4599,11933,5522,0.0,0.0,0.0,0.0,0.0,0.0,0.0,0.0,0.0,0.0,0.0,371,42,0.0,363,21,0.0,288,20,0.0,381,42,,,,2,,Oliver,Dovin,Dovin,,,0,0,0,0,0,0,0,0,0,0,0,0,0,,,,0.0,0.0,0.0,0.0,0.0,0,0,0
172,a,,,4.5,422,28,0,0,0,0,0.4,268,36,0,0,0.0,423,50,0,0,0.0,423,50,0.0,0.0,0,354,127,5856,2416,0.0,0.0,0.0,0.0,0.0,0.0,0.0,0.0,0.0,0.0,0.0,404,50,0.0,398,31,0.0,331,30,0.0,414,50,,,,2,,Ben,Wilson,Wilson,,,0,0,0,0,0,0,0,0,0,0,0,0,0,,,,0.0,0.0,0.0,0.0,0.0,0,0,0
173,a,,,4.0,595,178,0,0,0,0,8.3,50,19,11,8,5.5,49,19,2,39,5.5,46,18,1.4,2.8,0,101988,63877,56874,32984,5.5,5.5,0.02,0.02,0.04,2.06,0.01,0.01,0.02,1.11,40.2,89,40,11.9,172,53,1.0,248,91,5.3,159,59,,,,2,,Bobby,Thomas,Thomas,,,167,0,0,1,3,0,0,0,0,0,0,2,19,,,,0.0,0.54,1.62,1.08,10.24,1,18,8
174,a,,,4.0,588,173,0,0,0,0,0.6,245,90,0,0,0.0,382,131,0,0,0.0,382,131,0.0,0.0,0,902,382,8222,3436,0.0,0.0,0.0,0.0,0.0,0.0,0.0,0.0,0.0,0.0,0.0,364,133,0.0,356,131,0.0,280,104,0.0,374,133,,,,2,,Liam,Kitching,Kitching,,,0,0,0,0,0,0,0,0,0,0,0,0,0,,,,0.0,0.0,0.0,0.0,0.0,0,0,0
175,a,,,4.0,593,176,0,0,0,0,12.2,33,12,3,2,1.5,192,61,0,7,1.5,177,59,0.4,0.8,0,59141,24690,118741,68883,1.5,1.5,0.0,0.2,0.2,2.6,0.0,0.1,0.1,1.3,26.0,148,66,35.9,58,13,8.0,157,52,7.0,123,44,,,,2,,Milan,van Ewijk,van Ewijk,,,180,0,0,0,4,0,0,0,0,0,0,2,9,,,,0.0,0.0,2.0,1.0,4.5,2,7,6
176,a,,,4.0,573,161,0,0,0,0,0.8,216,80,3,2,1.5,191,60,0,11,1.5,176,58,0.4,0.8,0,4613,1389,7430,3376,1.5,1.5,0.18,0.07,0.25,2.6,0.09,0.04,0.13,1.3,29.0,136,61,11.1,178,57,17.0,98,27,5.8,148,56,,,,2,,Jay,Dasilva,Dasilva,,,180,0,0,0,4,0,0,0,0,0,0,2,9,,,,0.0,0.0,2.0,1.0,4.5,2,7,4
177,i,0.0,0.0,4.0,597,179,0,0,0,0,0.0,494,173,0,0,0.0,387,133,0,0,0.0,387,133,0.0,0.0,0,233,65,1539,789,0.0,0.0,0.0,0.0,0.0,0.0,0.0,0.0,0.0,0.0,0.0,369,135,0.0,361,133,0.0,286,107,0.0,379,135,,,,2,,Kaine,Kesler-Hayden,Kesler-Hayden,Hamstring injury - Unknown return date,,0,0,0,0,0,0,0,0,0,0,0,0,0,,,,0.0,0.0,0.0,0.0,0.0,0,0,0
178,a,,,4.0,559,154,0,0,0,0,0.1,448,157,0,0,0.0,364,123,0,0,0.0,364,123,0.0,0.0,0,782,276,1336,592,0.0,0.0,0.0,0.0,0.0,0.0,0.0,0.0,0.0,0.0,0.0,346,125,0.0,336,121,0.0,258,92,0.0,355,124,,,,2,,Jake,Bidwell,Bidwell,,,0,0,0,0,0,0,0,0,0,0,0,0,0,,,,0.0,0.0,0.0,0.0,0.0,0,0,0
179,a,,,4.0,577,165,0,0,0,0,0.0,511,177,0,0,0.0,375,127,0,0,0.0,375,127,0.0,0.0,0,312,152,673,253,0.0,0.0,0.0,0.0,0.0,0.0,0.0,0.0,0.0,0.0,0.0,357,129,0.0,349,127,0.0,273,100,0.0,367,129,,,,2,,Joel,Latibeaudiere,Latibeaudiere,,,0,0,0,0,0,0,0,0,0,0,0,0,0,,,,0.0,0.0,0.0,0.0,0.0,0,0,0
180,i,0.0,0.0,4.0,582,169,0,0,0,0,0.2,372,137,0,0,0.0,378,129,0,0,0.0,378,129,0.0,0.0,0,1319,373,4353,2125,0.0,0.0,0.0,0.0,0.0,0.0,0.0,0.0,0.0,0.0,0.0,360,131,0.0,352,129,0.0,276,102,0.0,370,131,,,,2,,Luke,Woolfenden,Woolfenden,Knee injury - Unknown return date,,0,0,0,0,0,0,0,0,0,0,0,0,0,,,,0.0,0.0,0.0,0.0,0.0,0,0,0
181,u,0.0,,4.0,618,197,0,0,0,0,0.0,528,184,0,0,0.0,405,148,0,0,0.0,405,148,0.0,0.0,0,275,19,984,646,0.0,0.0,0.0,0.0,0.0,0.0,0.0,0.0,0.0,0.0,0.0,387,150,0.0,379,148,0.0,306,124,0.0,397,150,,,,2,,Miguel,Brau,Brau,Has joined Academico de Viseu on loan for the rest of the season,,0,0,0,0,0,0,0,0,0,0,0,0,0,,,,0.0,0.0,0.0,0.0,0.0,0,0,0
182,a,,,4.0,608,187,0,0,0,0,0.8,215,79,2,1,1.0,228,73,0,5,1.0,211,69,0.2,0.5,0,4757,1429,8815,4304,1.0,1.0,0.02,0.05,0.07,2.6,0.01,0.02,0.03,1.3,40.2,90,41,2.9,229,72,5.0,192,66,4.9,173,64,,,,2,,Aurèle,Amenda,Amenda,,,180,0,0,0,4,0,0,0,1,0,0,2,13,,,,0.0,0.0,2.0,1.0,6.5,0,13,5
183,a,100.0,100.0,5.0,321,190,0,0,0,0,0.1,395,156,4,3,2.0,166,78,0,15,2.0,154,75,0.4,0.8,0,1706,456,2582,1283,2.0,2.0,0.21,0.09,0.3,0.31,0.21,0.09,0.3,0.31,12.4,223,92,31.5,76,49,21.0,83,46,6.5,133,68,4.0,1.0,,2,,Jack,Rudoni,Rudoni,,,90,0,0,1,0,0,0,0,0,0,0,1,11,,,,0.0,1.0,0.0,1.0,11.0,2,1,8
184,a,,,5.0,249,154,0,0,0,0,0.2,350,130,4,2,2.0,159,73,0,28,2.0,151,72,0.4,0.8,0,2602,312,3445,1829,2.0,2.0,0.01,0.05,0.06,2.6,0.0,0.02,0.02,1.3,27.6,144,52,24.6,107,64,2.0,225,107,5.4,157,74,1.0,,3.0,2,,Matt,Grimes,Grimes,,,180,0,0,0,4,0,0,0,0,0,0,2,17,,,,0.0,0.0,2.0,1.0,8.5,0,5,12
185,a,,,5.0,343,201,0,0,0,0,0.1,441,177,1,1,1.0,283,124,0,8,0.5,313,142,0.1,0.2,0,251,114,2380,925,0.5,0.5,0.02,0.02,0.04,0.69,0.06,0.06,0.12,2.0,6.2,259,116,5.9,202,111,7.0,169,81,1.9,262,117,,,,2,,Tatsuhiro,Sakamoto,Sakamoto,,,31,0,0,0,1,0,0,0,0,0,0,0,4,,,,0.0,0.0,2.9,0.0,11.61,2,0,2
186,a,100.0,100.0,5.5,151,93,0,0,0,0,0.1,416,165,1,1,1.0,311,146,0,4,0.5,334,157,0.1,0.2,0,617,128,2677,1099,0.5,0.5,0.0,0.06,0.06,0.02,0.0,0.09,0.09,0.03,4.2,284,131,16.0,143,85,0.0,575,242,2.0,259,116,,,,2,,Ephron,Mason-Clark,Mason-Clark,,,57,0,0,0,0,0,0,0,0,0,0,1,4,,,,0.0,0.0,0.0,1.58,6.32,0,2,2
187,a,,,4.9,397,240,-1,1,-1,1,0.0,574,241,0,0,0.0,501,199,0,0,0.0,501,199,0.0,0.0,0,396,327,559,260,0.0,0.0,0.0,0.0,0.0,0.0,0.0,0.0,0.0,0.0,0.0,484,188,0.0,486,196,0.0,432,155,0.0,493,192,,,,2,,Josh,Eccles,Eccles,,,0,0,0,0,0,0,0,0,0,0,0,0,0,,,,0.0,0.0,0.0,0.0,0.0,0,0,0
188,a,,,5.5,149,92,0,0,0,0,0.1,379,146,2,1,1.0,310,145,0,10,1.0,253,119,0.2,0.4,0,588,39,3410,1586,1.0,1.0,0.0,0.12,0.12,1.01,0.0,0.23,0.23,1.93,6.8,255,113,20.0,128,77,0.0,574,241,2.6,230,102,2.0,2.0,2.0,2,,Victor,Torp,Torp,,,47,0,0,0,1,0,0,0,0,0,0,0,3,,,,0.0,0.0,1.91,0.0,5.74,0,1,2
189,a,,,4.5,547,277,0,0,0,0,0.3,307,106,0,0,0.0,496,196,0,0,0.0,496,196,0.0,0.0,0,2000,987,5340,2169,0.0,0.0,0.0,0.0,0.0,0.0,0.0,0.0,0.0,0.0,0.0,479,185,0.0,480,193,0.0,425,151,0.0,488,189,,,,2,,George,Shepherd,Shepherd,,,0,0,0,0,0,0,0,0,0,0,0,0,0,,,,0.0,0.0,0.0,0.0,0.0,0,0,0
190,a,,,5.5,174,107,0,0,0,0,0.1,381,148,3,1,1.5,213,100,0,18,1.5,199,95,0.3,0.5,0,2842,80,3059,1608,1.5,1.5,0.09,0.15,0.24,1.78,0.06,0.1,0.16,1.15,8.8,240,100,24.5,108,65,8.0,159,78,4.2,190,85,,,,2,,Loum,Tchaouna,Tchaouna,,,139,0,0,0,3,0,0,0,0,0,0,2,14,,,,0.0,0.0,1.94,1.29,9.06,1,5,8
191,a,,,4.5,494,258,0,0,0,0,0.2,363,138,0,0,0.0,452,180,0,0,0.0,452,180,0.0,0.0,0,1762,1082,3356,1483,0.0,0.0,0.0,0.0,0.0,0.0,0.0,0.0,0.0,0.0,0.0,433,168,0.0,436,177,0.0,378,135,0.0,443,173,,,,2,,Raphael,Borges Rodrigues,Borges Rodrigues,,,0,0,0,0,0,0,0,0,0,0,0,0,0,,,,0.0,0.0,0.0,0.0,0.0,0,0,0
192,u,0.0,,4.5,542,274,0,0,0,0,0.5,257,86,0,0,0.0,491,193,0,0,0.0,491,193,0.0,0.0,0,2718,142,18700,11506,0.0,0.0,0.0,0.0,0.0,0.0,0.0,0.0,0.0,0.0,0.0,474,182,0.0,475,190,0.0,420,148,0.0,483,186,,,,2,,Kai,Andrews,Andrews,Has joined Oxford United on loan for the rest of the season,,0,0,0,0,0,0,0,0,0,0,0,0,0,,,,0.0,0.0,0.0,0.0,0.0,0,0,0
193,i,0.0,0.0,5.4,208,46,-1,1,-1,1,0.1,412,58,0,0,0.0,577,64,0,0,0.0,577,64,0.0,0.0,0,199,92,7657,2232,0.0,0.0,0.0,0.0,0.0,0.0,0.0,0.0,0.0,0.0,0.0,565,57,0.0,572,62,0.0,543,59,0.0,573,62,,,1.0,2,,Haji,Wright,Wright,Thigh injury - Unknown return date,,0,0,0,0,0,0,0,0,0,0,0,0,0,,,,0.0,0.0,0.0,0.0,0.0,0,0,0
194,a,,,5.0,286,52,0,0,0,0,0.8,211,33,3,1,1.5,200,25,0,14,1.5,186,20,0.3,0.6,0,25355,10761,17841,9953,1.5,1.5,0.0,0.02,0.02,2.29,0.0,0.02,0.02,2.04,5.8,263,24,3.1,228,32,2.0,230,36,1.1,293,35,,,4.0,2,,Brandon,Thomas-Asante,Thomas-Asante,,,101,0,0,0,4,0,0,0,0,0,0,1,8,,,,0.0,0.0,3.56,0.89,7.13,0,5,3
195,a,,,5.0,275,50,0,0,0,0,0.9,200,31,2,0,2.0,162,19,0,7,1.0,234,25,0.2,0.4,0,26654,6718,21856,12253,1.0,1.0,0.0,0.01,0.01,1.6,0.0,0.01,0.01,2.09,2.6,305,32,12.3,166,16,2.0,228,35,1.7,270,32,,,,2,,Ellis,Simms,Simms,,,69,0,0,0,3,0,0,0,0,0,0,1,3,,,,0.0,0.0,3.91,1.3,3.91,0,1,2
196,u,0.0,0.0,5.0,366,59,0,0,0,0,0.0,594,71,0,0,0.0,569,61,0,0,0.0,569,61,0.0,0.0,0,0,0,805,215,0.0,0.0,0.0,0.0,0.0,0.0,0.0,0.0,0.0,0.0,0.0,556,54,0.0,563,59,0.0,527,56,0.0,564,59,,,,2,,Jahnoah,Markelo,Markelo,Has joined Shabab Al-Ahli Dubai permanently,,0,0,0,0,0,0,0,0,0,0,0,0,0,,,,0.0,0.0,0.0,0.0,0.0,0,0,0
197,u,0.0,0.0,4.5,510,66,0,0,0,0,0.0,530,68,0,0,0.0,468,48,0,0,0.0,468,48,0.0,0.0,0,0,0,1183,395,0.0,0.0,0.0,0.0,0.0,0.0,0.0,0.0,0.0,0.0,0.0,449,40,0.0,452,46,0.0,394,42,0.0,459,45,,,,2,,Norman,Bassette,Bassette,Has joined KVC Westerlo on loan for the rest of the season,,0,0,0,0,0,0,0,0,0,0,0,0,0,,,,0.0,0.0,0.0,0.0,0.0,0,0,0
492,a,,,5.5,144,35,0,0,0,0,0.8,221,37,3,2,1.5,210,27,0,10,1.5,196,22,0.3,0.5,0,11637,2983,18451,9158,1.5,1.5,0.93,0.03,0.96,1.01,0.76,0.02,0.78,0.83,10.0,233,20,25.0,104,9,65.0,16,7,10.0,69,11,,,5.0,2,,Taiwo,Awoniyi,Awoniyi,,,110,0,0,0,1,0,0,0,0,0,0,1,4,,,,0.0,0.0,0.82,0.82,3.27,0,1,3
575,a,,,5.0,389,235,0,0,0,0,0.2,328,116,4,3,2.0,169,80,0,19,2.0,157,77,0.4,0.8,0,1511,514,4847,2272,2.0,2.0,0.03,0.13,0.16,1.58,0.02,0.09,0.11,1.09,9.4,235,98,19.1,131,80,7.0,174,85,3.2,214,95,,,,2,,Caleb,Yirenkyi,Yirenkyi,,,131,0,0,1,3,0,0,0,1,0,0,2,10,,,,0.0,0.69,2.06,1.37,6.87,0,3,7
584,a,,,5.5,133,83,0,0,0,0,0.1,398,157,2,1,1.0,308,143,0,5,1.0,252,118,0.2,0.4,0,502,116,2670,1242,1.0,1.0,0.0,0.02,0.02,0.82,0.0,0.07,0.07,2.73,0.6,330,151,1.8,257,134,0.0,567,235,0.3,330,153,3.0,,,2,,Gustavo,Hamer,Hamer,,,27,0,0,0,1,0,0,0,0,0,0,0,1,,,,0.0,0.0,3.33,0.0,3.33,0,0,1
599,a,,,5.0,383,60,0,0,0,0,0.1,425,60,0,0,0.0,574,62,0,0,0.0,574,62,0.0,0.0,0,3151,1427,2765,1371,0.0,0.0,0.0,0.0,0.0,0.0,0.0,0.0,0.0,0.0,0.0,562,55,0.0,568,60,0.0,537,57,0.0,570,60,,,,2,,Sidiki,Cherif,Cherif,,,0,0,0,0,0,0,0,0,0,0,0,0,0,,,,0.0,0.0,0.0,0.0,0.0,0,0,0
623,a,,,4.0,558,54,0,0,0,0,0.1,400,45,0,0,0.0,363,28,0,0,0.0,363,28,0.0,0.0,0,7005,7005,941,941,1.0,1.0,0.0,0.0,0.0,0.0,0.0,0.0,0.0,0.0,0.0,345,28,0.0,335,7,0.0,257,6,0.0,354,28,,,,2,,Dan,Bentley,Bentley,,,0,0,0,0,0,0,0,0,0,0,0,0,0,,,,0.0,0.0,0.0,0.0,0.0,0,0,0
42,a,,,5.5,180,112,0,0,0,0,0.0,505,209,2,1,1.0,316,147,0,6,1.0,255,121,0.2,0.4,0,789,306,1241,618,1.0,1.0,0.03,0.03,0.06,0.34,0.05,0.05,0.1,0.57,5.4,266,119,2.1,247,129,7.0,180,89,1.5,277,124,,,,2,,Evann,Guessand,Guessand,,,54,0,0,0,1,0,0,0,0,0,0,0,2,,,,0.0,0.0,1.67,0.0,3.33,1,1,0
153,a,,,4.5,447,103,0,0,0,0,0.1,475,168,1,1,1.0,241,85,0,-2,0.5,283,98,0.1,0.2,0,1350,825,1435,587,0.5,0.5,0.0,0.0,0.0,0.2,0.0,0.0,0.0,1.12,1.2,321,119,0.0,411,163,0.0,346,146,0.1,341,122,,,,2,,Axel,Disasi,Disasi,,,16,0,0,0,1,0,0,0,0,0,0,0,1,,,,0.0,0.0,5.62,0.0,5.62,1,0,1
198,a,100.0,100.0,5.0,252,10,0,0,0,0,1.8,135,20,3,1,1.5,198,18,0,18,1.5,184,15,0.3,0.6,0,13657,7753,24948,11174,1.5,1.5,0.0,0.0,0.0,3.33,0.0,0.0,0.0,1.66,58.4,34,6,0.0,509,57,0.0,460,57,5.8,149,6,,,,2,,Dean,Henderson,Henderson,,,180,0,0,0,6,0,0,0,0,0,7,2,0,,,,3.5,0.0,3.0,1.0,0.0,0,5,24
199,a,,,4.5,423,29,0,0,0,0,0.1,414,46,0,0,0.0,424,51,0,0,0.0,424,51,0.0,0.0,0,837,369,2163,787,0.0,0.0,0.0,0.0,0.0,0.0,0.0,0.0,0.0,0.0,0.0,405,51,0.0,399,32,0.0,332,31,0.0,415,51,,,,2,,Walter,Benítez,Benitez,,,0,0,0,0,0,0,0,0,0,0,0,0,0,,,,0.0,0.0,0.0,0.0,0.0,0,0,0
202,a,,,5.0,296,51,0,0,0,0,0.7,229,84,3,0,1.5,201,65,0,9,1.5,187,64,0.3,0.6,0,6833,2625,13261,6807,1.5,1.5,0.04,0.0,0.04,3.33,0.02,0.0,0.02,1.66,57.6,36,12,0.8,290,107,17.0,101,29,7.5,111,39,,,,2,,Chris,Richards,Richards,,,180,0,0,0,6,0,0,0,0,0,0,2,22,,,,0.0,0.0,3.0,1.0,11.0,4,18,3
203,a,,,5.0,386,73,0,0,0,0,0.3,308,114,1,0,0.5,350,118,0,8,0.5,323,115,0.1,0.2,0,1573,752,7301,3280,0.5,0.5,0.05,0.01,0.06,3.33,0.02,0.0,0.02,1.66,50.2,54,17,6.2,201,65,5.0,194,68,6.1,143,54,,,,2,,Jaydee,Canvot,Canvot,,,180,0,0,0,6,0,0,0,0,0,0,2,15,,,,0.0,0.0,3.0,1.0,7.5,5,10,4
204,a,,,4.5,466,117,0,0,0,0,5.0,74,31,1,0,0.5,344,114,0,1,0.5,286,101,0.1,0.2,0,10999,5034,94665,44326,0.5,0.5,0.11,0.17,0.28,3.33,0.06,0.08,0.14,1.66,23.2,163,75,35.4,61,15,9.0,152,50,6.7,127,46,,,,2,,Tyrick,Mitchell,Mitchell,,,180,0,0,0,6,0,0,0,0,0,0,2,10,,,,0.0,0.0,3.0,1.0,5.0,4,6,5
205,a,,,4.5,446,102,0,0,0,0,0.0,538,187,0,0,0.0,434,162,0,0,0.0,434,162,0.0,0.0,0,206,80,623,271,0.0,0.0,0.0,0.0,0.0,0.0,0.0,0.0,0.0,0.0,0.0,415,163,0.0,410,162,0.0,345,145,0.0,425,163,,,,2,,Borna,Sosa,Sosa,,,0,0,0,0,0,0,0,0,0,0,0,0,0,,,,0.0,0.0,0.0,0.0,0.0,0,0,0
206,i,0.0,0.0,4.4,551,152,-1,1,-1,1,0.0,523,181,1,0,1.0,233,78,0,7,0.5,277,93,0.1,0.2,0,432,112,3922,1079,0.0,0.0,0.0,0.01,0.01,0.98,0.0,0.01,0.01,1.22,12.6,220,90,1.3,269,95,0.0,318,135,1.4,280,101,,,,2,,Chadi,Riad Dnanou,Chadi Riad,Knee injury - Unknown return date,,72,0,0,0,2,0,0,0,0,0,0,1,7,,,,0.0,0.0,2.5,1.25,8.75,1,6,3
207,a,,,4.5,461,113,0,0,0,0,0.1,473,167,1,1,1.0,246,90,0,1,0.5,285,100,0.1,0.2,0,395,196,1951,671,0.5,0.5,0.0,0.0,0.0,0.2,0.0,0.0,0.0,1.2,2.2,306,115,0.1,325,120,0.0,354,150,0.2,332,119,,,,2,,Oscar,Mingueza,Mingueza,,,15,0,0,0,1,0,0,0,0,0,0,0,1,,,,0.0,0.0,6.0,0.0,6.0,1,0,0
208,i,0.0,0.0,6.4,52,36,0,0,-1,1,1.5,153,45,0,0,0.0,617,270,0,0,0.0,617,270,0.0,0.0,0,2283,181,278157,71579,0.0,0.0,0.0,0.0,0.0,0.0,0.0,0.0,0.0,0.0,0.0,618,271,0.0,618,271,0.0,614,267,0.0,618,271,,,2.0,2,,Ismaïla,Sarr,Sarr,Groin injury - Unknown return date,,0,0,0,0,0,0,0,0,0,0,0,0,0,,,,0.0,0.0,0.0,0.0,0.0,0,0,0
210,a,100.0,100.0,5.5,183,114,0,0,0,0,0.9,206,66,6,2,3.0,115,49,0,41,3.0,110,49,0.5,1.1,0,12626,5916,15921,8121,3.0,3.0,0.0,0.31,0.31,3.33,0.0,0.16,0.16,1.66,33.0,126,47,55.6,24,21,0.0,585,250,8.9,81,46,2.0,,,2,,Adam,Wharton,Wharton,,,180,0,0,0,6,0,0,0,0,0,0,2,21,,,,0.0,0.0,3.0,1.0,10.5,6,4,11
211,a,,,5.5,181,113,0,0,0,0,0.2,335,122,6,5,3.0,114,48,0,31,3.0,109,48,0.5,1.1,0,3081,2767,3822,1364,3.0,3.0,0.11,0.09,0.2,2.28,0.1,0.08,0.18,2.01,12.8,219,89,40.5,49,39,15.0,117,60,6.8,125,63,1.0,1.0,,2,,Yéremy,Pino Santos,Yeremy,,,102,0,1,0,3,0,0,0,0,0,0,1,15,,,,0.0,0.0,2.65,0.88,13.24,4,2,9
212,a,,,4.5,419,247,0,0,0,0,9.9,41,16,0,0,0.0,420,171,0,0,0.0,420,171,0.0,0.0,0,43149,22967,167093,76913,0.0,0.0,0.0,0.0,0.0,0.0,0.0,0.0,0.0,0.0,0.0,401,159,0.0,395,168,0.0,328,125,0.0,411,164,4.0,,,2,,Will,Hughes,Hughes,,,0,0,0,0,0,0,0,0,0,0,0,0,0,,,,0.0,0.0,0.0,0.0,0.0,0,0,0
213,a,,,5.0,244,149,0,0,0,0,0.1,436,174,0,0,0.0,517,209,0,0,0.0,517,209,0.0,0.0,0,341,137,2477,1027,0.0,0.0,0.0,0.0,0.0,0.0,0.0,0.0,0.0,0.0,0.0,502,199,0.0,504,206,0.0,453,166,0.0,510,202,,,,2,,Jefferson,Lerma Solís,Lerma,,,0,0,0,0,0,0,0,0,0,0,0,0,0,,,,0.0,0.0,0.0,0.0,0.0,0,0,0
214,a,,,5.0,266,165,0,0,0,0,0.3,305,104,5,2,2.5,135,59,0,46,2.5,129,59,0.5,1.0,0,4446,2502,5716,2622,2.5,2.5,0.05,0.29,0.34,3.33,0.02,0.14,0.16,1.66,38.0,104,38,32.1,74,48,7.0,166,80,7.7,106,54,3.0,,,2,,Daichi,Kamada,Kamada,,,180,0,0,0,6,0,0,0,1,0,0,2,23,,,,0.0,0.0,3.0,1.0,11.5,9,4,10
215,a,,,5.0,328,192,0,0,0,0,0.0,590,252,0,0,0.0,552,228,0,0,0.0,552,228,0.0,0.0,0,123,54,315,139,0.0,0.0,0.0,0.0,0.0,0.0,0.0,0.0,0.0,0.0,0.0,539,220,0.0,545,226,0.0,505,194,0.0,547,223,,2.0,3.0,2,,Justin,Devenny,Devenny,,,0,0,0,0,0,0,0,0,0,0,0,0,0,,,,0.0,0.0,0.0,0.0,0.0,0,0,0
216,a,,,5.0,376,227,0,0,0,0,0.0,515,215,0,0,0.0,572,241,0,0,0.0,572,241,0.0,0.0,0,366,155,1073,483,0.0,0.0,0.0,0.0,0.0,0.0,0.0,0.0,0.0,0.0,0.0,560,235,0.0,566,240,0.0,534,215,0.0,568,238,,,,2,,Romain,Esse,Esse,,,0,0,0,0,0,0,0,0,0,0,0,0,0,,,,0.0,0.0,0.0,0.0,0.0,0,0,0
217,a,,,4.9,403,244,-1,1,-1,1,0.0,537,223,0,0,0.0,507,203,0,0,0.0,507,203,0.0,0.0,0,874,857,1438,724,0.0,0.0,0.0,0.0,0.0,0.0,0.0,0.0,0.0,0.0,0.0,490,192,0.0,492,200,0.0,438,159,0.0,499,196,,,,2,,Matheus,França de Oliveira,M.França,,,0,0,0,0,0,0,0,0,0,0,0,0,0,,,,0.0,0.0,0.0,0.0,0.0,0,0,0
218,a,,,4.9,396,239,-1,1,-1,1,0.1,482,196,0,0,0.0,500,198,0,0,0.0,500,198,0.0,0.0,0,695,447,1868,809,0.0,0.0,0.0,0.0,0.0,0.0,0.0,0.0,0.0,0.0,0.0,483,187,0.0,485,195,0.0,431,154,0.0,492,191,,,,2,,Cheick,Doucouré,Doucouré,,,0,0,0,0,0,0,0,0,0,0,0,0,0,,,,0.0,0.0,0.0,0.0,0.0,0,0,0
219,a,,,5.0,307,184,0,0,0,0,0.0,608,262,0,0,0.0,544,224,0,0,0.0,544,224,0.0,0.0,0,68,29,153,63,0.0,0.0,0.0,0.0,0.0,0.0,0.0,0.0,0.0,0.0,0.0,531,216,0.0,535,222,0.0,493,189,0.0,539,219,,,,2,,Jesurun,Rak-Sakyi,J.Rak-Sakyi,,,0,0,0,0,0,0,0,0,0,0,0,0,0,,,,0.0,0.0,0.0,0.0,0.0,0,0,0
220,u,0.0,0.0,4.5,527,144,0,0,0,0,0.0,622,207,0,0,0.0,480,179,0,0,0.0,480,179,0.0,0.0,0,0,0,92,27,0.0,0.0,0.0,0.0,0.0,0.0,0.0,0.0,0.0,0.0,0.0,462,180,0.0,464,181,0.0,408,171,0.0,472,180,,,,2,,Rio,Cardines,Cardines,Has joined Bristol City on loan for the rest of the season,,0,0,0,0,0,0,0,0,0,0,0,0,0,,,,0.0,0.0,0.0,0.0,0.0,0,0,0
221,a,,,4.5,546,276,0,0,0,0,0.1,449,180,0,0,0.0,495,195,0,0,0.0,495,195,0.0,0.0,0,913,514,1682,694,0.0,0.0,0.0,0.0,0.0,0.0,0.0,0.0,0.0,0.0,0.0,478,184,0.0,479,192,0.0,424,150,0.0,487,188,,,,2,,Joél,Drakes-Thomas,Drakes-Thomas,,,0,0,0,0,0,0,0,0,0,0,0,0,0,,,,0.0,0.0,0.0,0.0,0.0,0,0,0
222,a,,,6.0,71,15,0,0,0,0,0.5,261,44,3,2,1.5,218,28,0,16,1.5,205,23,0.2,0.5,0,5405,3895,12580,4809,1.5,1.5,0.3,0.01,0.31,2.15,0.3,0.01,0.31,2.17,6.2,260,22,3.8,219,30,21.0,88,19,3.2,215,24,,,,2,,Jørgen,Strand Larsen,Strand Larsen,,,89,0,0,0,3,0,0,0,0,0,0,1,4,,,,0.0,0.0,3.03,1.01,4.04,1,2,1
223,i,0.0,,6.4,51,12,-1,1,-1,1,3.3,100,14,2,0,2.0,184,22,0,-3,1.0,265,30,0.2,0.3,0,24933,982,248938,176505,0.0,1.0,0.7,0.02,0.72,0.98,1.02,0.03,1.05,1.42,1.4,319,35,12.3,167,17,11.0,144,27,2.5,237,27,,,1.0,2,,Jean-Philippe,Mateta,Mateta,Hamstring injury - Expected back 11 Oct,,62,0,0,0,2,0,0,0,0,0,0,1,5,,,,0.0,0.0,2.9,1.45,7.26,2,1,2
224,a,,,5.5,140,34,0,0,0,0,0.5,254,41,3,2,1.5,209,26,0,20,1.5,195,21,0.3,0.5,0,9589,6326,10657,4877,1.5,1.5,0.96,0.58,1.54,2.85,0.71,0.43,1.14,2.1,13.0,216,19,35.1,62,3,31.0,63,14,7.9,103,14,,,,2,,Eddie,Nketiah,Nketiah,,,122,0,0,0,5,0,0,0,0,0,0,2,9,,,,0.0,0.0,3.69,1.48,6.64,3,2,4
225,u,0.0,0.0,5.0,388,61,0,0,0,0,0.0,629,73,0,0,0.0,575,63,0,0,0.0,575,63,0.0,0.0,0,0,0,0,0,0.0,0.0,0.0,0.0,0.0,0.0,0.0,0.0,0.0,0.0,0.0,563,56,0.0,570,61,0.0,540,58,0.0,571,61,,,,2,,Christantus,Uche,Uche,has returned to Getafe CF,,0,0,0,0,0,0,0,0,0,0,0,0,0,,,,0.0,0.0,0.0,0.0,0.0,0,0,0
241,a,,,5.5,159,99,0,0,0,0,0.2,371,143,3,1,1.5,212,99,0,13,1.5,198,94,0.3,0.5,0,721,249,3202,1374,1.5,1.5,0.05,0.02,0.07,1.18,0.05,0.02,0.07,1.26,10.0,234,97,5.0,209,115,2.0,240,115,1.7,273,121,,,,2,,Dwight,McNeil,McNeil,,,84,0,0,0,3,0,0,0,0,0,0,1,7,,,,0.0,0.0,3.21,1.07,7.5,0,4,3
555,a,,,4.0,572,61,0,0,0,0,1.8,133,19,0,0,0.0,373,35,0,0,0.0,373,35,0.0,0.0,0,10698,4753,11545,5310,0.0,0.0,0.0,0.0,0.0,0.0,0.0,0.0,0.0,0.0,0.0,355,35,0.0,347,14,0.0,269,13,0.0,365,35,,,,2,,Remi,Matthews,Matthews,,,0,0,0,0,0,0,0,0,0,0,0,0,0,,,,0.0,0.0,0.0,0.0,0.0,0,0,0
577,a,,,4.5,451,106,0,0,0,0,0.3,292,109,2,1,1.0,242,86,0,0,1.0,219,76,0.2,0.4,0,1594,765,4585,1918,1.0,1.0,0.0,0.01,0.01,2.15,0.0,0.01,0.01,2.13,15.0,206,87,3.7,221,70,2.0,218,80,2.1,251,93,,,,2,,Takehiro,Tomiyasu,Tomiyasu,,,91,0,0,0,3,0,0,0,0,0,0,1,9,,,,0.0,0.0,2.97,0.99,8.9,1,8,4
588,a,,,5.0,370,69,0,0,0,0,0.1,413,146,3,2,1.5,205,66,0,21,1.5,191,65,0.3,0.6,0,1830,1368,1495,668,1.5,1.5,0.02,0.16,0.18,2.28,0.02,0.13,0.15,1.88,50.4,52,16,28.0,89,27,7.0,172,60,8.6,85,26,,,,2,,Anan,Khalaili,Khalaili,,,109,0,0,0,3,0,0,0,1,0,0,1,23,,,,0.0,0.0,2.48,0.83,18.99,14,9,8
595,a,,,5.0,369,222,0,0,0,0,0.0,579,243,1,1,1.0,289,129,0,3,0.5,318,146,0.1,0.2,0,195,94,297,124,0.5,0.5,0.0,0.0,0.0,0.2,0.0,0.0,0.0,0.82,1.4,318,144,1.3,274,140,0.0,530,211,0.3,328,151,,,,2,,Zavier,Gozo,Gozo,,,22,0,0,0,1,0,0,0,0,0,0,0,1,,,,0.0,0.0,4.09,0.0,4.09,1,0,0
21,i,0.0,0.0,5.0,240,147,0,0,0,0,0.1,471,190,0,0,0.0,514,207,0,0,0.0,514,207,0.0,0.0,0,178,76,4195,1329,0.0,0.0,0.0,0.0,0.0,0.0,0.0,0.0,0.0,0.0,0.0,499,197,0.0,501,204,0.0,450,164,0.0,507,200,,,,2,,Christian,Nørgaard,Nørgaard,Groin injury - Unknown return date,,0,0,0,0,0,0,0,0,0,0,0,0,0,,,,0.0,0.0,0.0,0.0,0.0,0,0,0
209,a,,,5.9,101,63,-1,1,-1,1,0.1,387,151,2,1,1.0,325,154,0,4,1.0,262,126,0.2,0.3,0,1173,441,4562,1982,1.0,1.0,0.0,0.0,0.0,1.87,0.0,0.0,0.0,4.95,5.2,273,125,0.3,321,163,0.0,597,255,0.5,313,144,,,,2,,Brennan,Johnson,Johnson,,,34,0,0,0,0,0,0,0,0,0,0,0,4,,,,0.0,0.0,0.0,0.0,10.59,1,2,1
226,a,,,5.5,122,2,0,0,0,0,8.8,45,6,10,3,5.0,59,4,0,56,5.0,56,4,0.9,1.8,0,101054,37515,72314,44124,5.0,5.0,0.0,0.02,0.02,4.12,0.0,0.01,0.01,2.06,63.4,24,3,0.0,584,68,0.0,561,68,6.4,139,3,,,,2,,Jordan,Pickford,Pickford,,,180,0,0,1,1,0,0,0,0,0,8,2,0,,,,4.0,0.5,0.5,1.0,0.0,0,4,23
227,a,,,5.0,285,12,0,0,0,0,0.0,520,57,0,0,0.0,532,68,0,0,0.0,532,68,0.0,0.0,0,468,178,735,332,0.0,0.0,0.0,0.0,0.0,0.0,0.0,0.0,0.0,0.0,0.0,520,68,0.0,521,59,0.0,476,59,0.0,527,68,,,,2,,Mark,Travers,Travers,,,0,0,0,0,0,0,0,0,0,0,0,0,0,,,,0.0,0.0,0.0,0.0,0.0,0,0,0
228,a,,,4.5,426,31,0,0,0,0,0.0,506,55,0,0,0.0,426,53,0,0,0.0,426,53,0.0,0.0,0,410,167,668,289,0.0,0.0,0.0,0.0,0.0,0.0,0.0,0.0,0.0,0.0,0.0,407,53,0.0,401,34,0.0,334,33,0.0,417,53,,,,2,,Tom,King,King,,,0,0,0,0,0,0,0,0,0,0,0,0,0,,,,0.0,0.0,0.0,0.0,0.0,0,0,0
229,a,,,6.0,59,5,0,0,0,0,10.2,40,14,18,12,9.0,13,5,2,52,9.0,11,4,1.5,3.0,0,181040,138304,80218,43152,9.0,9.0,0.15,0.01,0.16,4.12,0.08,0.0,0.08,2.06,70.0,17,3,12.1,169,52,23.0,82,19,10.5,63,16,,,,2,,James,Tarkowski,Tarkowski,,,180,1,0,1,1,0,0,0,0,0,0,2,19,,,,0.0,0.5,0.5,1.0,9.5,2,17,7
230,a,,,5.5,178,24,0,0,0,0,1.8,134,54,10,4,5.0,62,24,0,33,5.0,58,23,0.9,1.8,0,29482,10379,20232,11314,5.0,5.0,0.09,0.02,0.11,4.12,0.04,0.01,0.05,2.06,41.2,86,39,2.3,238,78,39.0,48,7,8.2,95,33,,,,2,,Jarrad,Branthwaite,Branthwaite,,,180,0,0,1,1,0,0,0,0,0,0,2,20,,,,0.0,0.5,0.5,1.0,10.0,3,17,5
231,a,,,4.9,393,75,-1,1,-1,1,1.2,178,72,0,0,0.0,499,184,0,0,0.0,499,184,0.0,0.0,0,4700,1440,44602,19717,0.0,0.0,0.0,0.0,0.0,0.0,0.0,0.0,0.0,0.0,0.0,482,185,0.0,483,186,0.0,428,177,0.0,491,185,,,,2,,Michael,Keane,Keane,,,0,0,0,0,0,0,0,0,0,0,0,0,0,,,,0.0,0.0,0.0,0.0,0.0,0,0,0
232,a,,,4.9,401,77,-1,1,-1,1,0.4,279,106,0,0,0.0,505,186,0,0,0.0,505,186,0.0,0.0,0,2010,607,12655,4926,0.0,0.0,0.0,0.0,0.0,0.0,0.0,0.0,0.0,0.0,0.0,488,187,0.0,490,188,0.0,436,179,0.0,497,187,,,,2,,Jake,O'Brien,O'Brien,,,0,0,0,0,0,0,0,0,0,0,0,0,0,,,,0.0,0.0,0.0,0.0,0.0,0,0,0
233,a,,,4.5,452,107,0,0,0,0,1.7,139,57,10,4,5.0,55,22,0,34,5.0,52,21,1.1,2.2,0,46124,24340,22069,12999,5.0,5.0,0.0,0.06,0.06,4.12,0.0,0.03,0.03,2.06,49.6,57,20,14.8,149,45,2.0,219,81,6.7,126,45,,,,2,,Vitalii,Mykolenko,Mykolenko,,,180,0,0,1,1,0,0,0,0,0,0,2,16,,,,0.0,0.5,0.5,1.0,8.0,1,15,11
234,a,,,4.5,465,116,0,0,0,0,0.0,531,185,0,0,0.0,442,167,0,0,0.0,442,167,0.0,0.0,0,342,135,672,303,0.0,0.0,0.0,0.0,0.0,0.0,0.0,0.0,0.0,0.0,0.0,423,168,0.0,420,168,0.0,357,153,0.0,433,168,,,,2,,Nathan,Patterson,Patterson,,,0,0,0,0,0,0,0,0,0,0,0,0,0,,,,0.0,0.0,0.0,0.0,0.0,0,0,0
235,u,0.0,,4.0,602,182,0,0,0,0,0.2,359,134,0,0,0.0,392,136,0,0,0.0,392,136,0.0,0.0,0,1728,719,3215,1527,0.0,0.0,0.0,0.0,0.0,0.0,0.0,0.0,0.0,0.0,0.0,374,138,0.0,366,136,0.0,291,110,0.0,384,138,,,,2,,Adam,Aznou,Aznou,Has joined Malaga on loan for the rest of the season,,0,0,0,0,0,0,0,0,0,0,0,0,0,,,,0.0,0.0,0.0,0.0,0.0,0,0,0
236,a,,,6.5,36,24,0,0,0,0,4.5,81,27,13,2,6.5,33,19,3,64,6.5,31,18,1.0,2.0,0,166307,33660,77941,50990,6.5,6.5,0.18,0.33,0.51,4.08,0.09,0.16,0.25,2.04,62.2,26,14,80.6,9,9,36.0,52,30,17.9,12,10,2.0,,,2,,Kiernan,Dewsbury-Hall,Dewsbury-Hall,,,180,1,0,1,1,0,0,0,0,0,0,2,18,,,,0.0,0.5,0.5,1.0,9.0,5,1,12
237,a,,,6.0,74,50,0,0,0,0,14.4,28,10,13,4,6.5,31,17,1,52,6.5,29,16,1.1,2.2,0,176203,53515,225070,165050,6.5,6.5,0.26,0.39,0.65,4.12,0.13,0.2,0.33,2.06,53.4,46,22,54.3,26,23,58.0,25,15,16.6,21,16,,,1.0,2,,Iliman,Ndiaye,Ndiaye,,,180,0,1,1,1,0,0,0,0,0,0,2,25,,,,0.0,0.5,0.5,1.0,12.5,5,5,15
239,a,100.0,100.0,6.0,70,48,0,0,0,0,0.1,394,155,2,1,1.0,328,157,0,15,1.0,264,128,0.2,0.3,0,2858,1325,3570,1921,1.0,1.0,0.0,0.03,0.03,0.92,0.0,0.04,0.04,1.15,8.2,245,104,12.9,163,99,2.0,243,118,2.4,241,108,1.0,1.0,3.0,2,,James,Garner,Garner,,,72,0,0,0,1,0,0,0,1,0,0,1,11,,,,0.0,0.0,1.25,1.25,13.75,4,0,7
240,a,100.0,0.0,5.0,329,193,0,0,0,0,0.0,588,250,1,1,1.0,279,121,0,2,0.5,311,140,0.1,0.2,0,98,77,456,108,0.5,0.0,0.0,0.0,0.0,0.0,0.0,0.0,0.0,0.0,0.0,540,221,0.0,546,227,0.0,506,195,0.0,548,224,,,,2,,Tim,Iroegbunam,Iroegbunam,,,4,0,0,0,0,0,0,0,0,0,0,0,0,,,,0.0,0.0,0.0,0.0,0.0,0,0,0
242,a,,,5.5,194,122,0,0,0,0,0.3,310,108,5,2,2.5,145,66,0,25,2.5,140,66,0.5,0.9,0,3265,992,4996,2514,2.5,2.5,0.23,0.09,0.32,2.25,0.14,0.06,0.2,1.41,13.0,217,87,35.6,59,44,41.0,44,27,8.9,82,47,,,,2,,Tyrique,George,George,,,144,0,0,1,1,0,0,0,0,0,0,2,9,,,,0.0,0.62,0.62,1.25,5.62,1,3,5
243,a,,,5.0,344,202,0,0,0,0,0.1,440,176,1,0,0.5,349,167,0,5,0.5,314,143,0.1,0.2,0,1245,492,2247,1109,0.5,0.5,0.05,0.02,0.07,0.04,0.9,0.36,1.26,0.72,5.0,275,126,0.8,291,147,25.0,75,42,2.7,225,99,,,,2,,Carlos,Alcaraz Durán,Alcaraz,,,5,0,0,0,0,0,0,0,1,0,0,0,3,,,,0.0,0.0,0.0,0.0,54.0,1,0,2
244,a,,,5.0,378,229,0,0,0,0,0.3,286,94,10,2,5.0,58,29,0,37,5.0,55,27,1.0,2.0,0,25848,13062,7447,4980,5.0,5.0,0.0,0.07,0.07,4.12,0.0,0.04,0.04,2.11,40.0,92,33,27.0,92,57,4.0,201,97,7.2,117,59,,,,2,,Harrison,Armstrong,Armstrong,,,176,0,1,1,1,0,0,0,0,0,0,2,25,,,,0.0,0.51,0.51,1.02,12.78,5,6,14
245,a,,,5.4,222,137,-1,1,-1,1,0.0,529,220,0,0,0.0,586,248,0,0,0.0,586,248,0.0,0.0,0,415,214,1267,516,0.0,0.0,0.0,0.0,0.0,0.0,0.0,0.0,0.0,0.0,0.0,574,243,0.0,579,247,0.0,553,227,0.0,581,245,,,,2,,Tyler,Dibling,Dibling,,,0,0,0,0,0,0,0,0,0,0,0,0,0,,,,0.0,0.0,0.0,0.0,0.0,0,0,0
246,a,,,5.0,348,204,0,0,0,0,0.1,484,198,5,2,2.5,136,60,0,25,2.5,130,60,0.5,1.0,0,852,334,1233,597,2.5,2.5,0.0,0.07,0.07,4.12,0.0,0.04,0.04,2.12,22.2,167,60,15.3,146,87,2.0,233,110,4.0,192,86,,,,2,,Merlin,Röhl,Röhl,,,175,0,0,1,1,0,0,0,0,0,0,2,18,,,,0.0,0.51,0.51,1.03,9.26,5,4,9
247,a,100.0,50.0,5.5,154,95,0,0,0,0,0.2,326,114,4,1,2.0,173,83,0,19,2.0,162,80,0.4,0.7,0,1161,317,5501,2299,2.0,1.0,0.01,0.02,0.03,3.2,0.01,0.02,0.03,2.72,16.4,199,78,13.6,156,93,7.0,177,87,3.7,204,90,3.0,,,2,,Hayden,Hackney,Hackney,,,106,0,0,1,0,0,0,0,0,0,0,1,10,,,,0.0,0.85,0.0,0.85,8.49,2,3,5
248,a,,,5.4,220,48,-1,1,-1,1,2.0,128,20,2,1,1.0,299,32,0,5,1.0,247,26,0.2,0.4,0,14714,7005,73944,31133,1.0,1.0,0.09,0.0,0.09,1.92,0.26,0.0,0.26,5.57,3.0,301,31,0.3,316,38,5.0,195,33,0.8,302,36,,,4.0,2,,Norberto Bercique,Gomes Betuncal,Beto,,,31,0,0,0,0,0,0,0,0,0,0,0,1,,,,0.0,0.0,0.0,0.0,2.9,0,1,0
249,a,,,5.5,203,42,0,0,0,0,4.2,86,13,10,2,5.0,64,6,2,43,5.0,60,5,0.9,1.8,0,246543,96278,70198,47770,5.0,5.0,1.93,0.09,2.02,2.2,1.18,0.06,1.24,1.35,48.0,66,4,30.7,80,7,99.0,3,3,17.8,14,4,,,2.0,2,,Thierno,Barry,Barry,,,147,1,0,1,1,0,0,0,0,0,0,2,6,,,,0.0,0.61,0.61,1.22,3.67,1,2,3
250,a,,,4.5,411,24,0,0,0,0,3.1,109,18,5,3,2.5,126,9,0,22,2.5,120,9,0.6,1.1,0,29407,17233,25050,13521,2.5,2.5,0.0,0.0,0.0,4.26,0.0,0.0,0.0,2.13,48.8,62,8,0.0,391,27,0.0,322,26,4.9,174,9,,,,2,,Bernd,Leno,Leno,,,180,0,0,0,4,0,0,0,0,0,6,2,0,,,,3.0,0.0,2.0,1.0,0.0,0,3,17
251,a,,,4.0,560,55,0,0,0,0,1.2,177,26,0,0,0.0,365,29,0,0,0.0,365,29,0.0,0.0,0,4549,3057,7642,3514,0.0,0.0,0.0,0.0,0.0,0.0,0.0,0.0,0.0,0.0,0.0,347,29,0.0,337,8,0.0,259,7,0.0,356,29,,,,2,,Benjamin,Lecomte,Lecomte,,,0,0,0,0,0,0,0,0,0,0,0,0,0,,,,0.0,0.0,0.0,0.0,0.0,0,0,0
252,u,0.0,,4.0,605,70,0,0,0,0,0.2,361,38,0,0,0.0,395,44,0,0,0.0,395,44,0.0,0.0,0,2589,1784,1556,936,0.0,0.0,0.0,0.0,0.0,0.0,0.0,0.0,0.0,0.0,0.0,377,44,0.0,369,23,0.0,294,22,0.0,387,44,,,,2,,Alfie,McNally,McNally,Has joined York City on loan for the rest of the season,,0,0,0,0,0,0,0,0,0,0,0,0,0,,,,0.0,0.0,0.0,0.0,0.0,0,0,0
253,a,100.0,100.0,5.0,253,39,0,0,0,0,0.1,408,144,1,1,1.0,264,102,0,4,0.5,299,110,0.1,0.2,0,5233,2919,1845,1215,0.5,0.5,0.0,0.04,0.04,2.02,0.0,0.04,0.04,2.02,17.8,190,82,12.9,161,48,2.0,226,85,3.3,211,82,,,,2,,Joachim,Andersen,Andersen,,,90,0,0,0,1,0,0,0,1,0,0,1,8,,,,0.0,0.0,1.0,1.0,8.0,0,8,2
254,a,,,4.5,432,92,0,0,0,0,1.6,147,61,3,2,1.5,194,63,0,14,1.5,179,61,0.3,0.7,0,18009,6828,18976,9547,1.5,1.5,0.13,0.06,0.19,4.23,0.07,0.03,0.1,2.23,31.4,132,60,29.8,82,25,3.0,209,76,6.4,138,51,,,2.0,2,,Antonee,Robinson,Robinson,,,171,0,0,0,4,0,0,0,0,0,0,2,10,,,,0.0,0.0,2.11,1.05,5.26,6,4,7
255,a,,,4.5,468,119,0,0,0,0,0.0,526,183,3,0,3.0,104,39,0,7,1.5,180,62,0.3,0.7,0,1082,301,638,379,1.5,1.5,0.0,0.03,0.03,2.24,0.0,0.03,0.03,2.24,32.8,127,56,21.3,121,37,0.0,359,155,5.4,156,58,,,,2,,Jorge,Cuenca Barreno,J.Cuenca,,,90,0,0,0,3,0,0,0,0,0,0,1,10,,,,0.0,0.0,3.0,1.0,10.0,1,9,3
256,a,,,4.5,431,91,0,0,0,0,0.2,318,117,0,0,0.0,428,160,0,0,0.0,428,160,0.0,0.0,0,616,278,3769,1708,0.0,0.0,0.0,0.0,0.0,0.0,0.0,0.0,0.0,0.0,0.0,409,161,0.0,404,160,0.0,337,141,0.0,419,161,,,,2,,Kenny,Tete,Tete,,,0,0,0,0,0,0,0,0,0,0,0,0,0,,,,0.0,0.0,0.0,0.0,0.0,0,0,0
257,a,,,4.5,459,112,0,0,0,0,0.8,220,81,2,2,1.0,245,89,0,14,1.0,221,78,0.2,0.4,0,10918,4055,10507,4465,1.0,1.0,0.02,0.03,0.05,4.26,0.01,0.02,0.03,2.13,33.2,124,55,6.4,199,64,2.0,220,82,4.2,189,72,,,,2,,Calvin,Bassey,Bassey,,,180,0,0,0,4,0,0,0,1,0,0,2,11,,,,0.0,0.0,2.0,1.0,5.5,2,9,10
258,a,,,4.5,430,90,0,0,0,0,0.7,222,82,12,6,6.0,38,14,0,39,6.0,36,13,1.3,2.7,0,32870,20774,7563,4948,6.0,6.0,0.09,0.18,0.27,2.5,0.05,0.1,0.15,1.43,38.0,103,46,28.5,87,26,23.0,81,18,8.9,80,23,,,,2,,Timothy,Castagne,Castagne,,,157,0,2,1,3,0,0,0,1,0,0,2,8,,,,0.0,0.57,1.72,1.15,4.59,2,6,6
261,a,,,5.5,125,81,0,0,0,0,0.9,202,63,4,2,2.0,171,82,0,37,2.0,159,79,0.4,0.7,0,9686,3591,18952,9556,2.0,2.0,0.01,0.44,0.45,4.26,0.0,0.22,0.22,2.13,24.4,158,57,46.8,37,30,2.0,238,114,7.4,114,58,1.0,1.0,3.0,2,,Alex,Iwobi,Iwobi,,,180,0,0,0,4,0,0,0,0,0,0,2,14,,,,0.0,0.0,2.0,1.0,7.0,2,4,8
262,a,,,5.5,143,89,0,0,0,0,0.3,291,97,1,1,1.0,309,144,0,5,0.5,331,156,0.1,0.2,0,2275,861,8496,3748,0.5,0.5,0.06,0.02,0.08,0.41,0.39,0.13,0.52,2.64,5.2,271,123,22.8,113,69,7.0,175,86,3.5,208,92,,,,2,,Emile,Smith Rowe,Smith Rowe,,,14,0,0,0,0,0,0,0,0,0,0,0,1,,,,0.0,0.0,0.0,0.0,6.43,0,0,1
263,a,,,5.5,196,124,0,0,0,0,0.0,492,202,2,1,1.0,318,149,0,4,1.0,257,123,0.2,0.4,0,651,232,1669,807,1.0,1.0,0.0,0.05,0.05,0.2,0.0,0.19,0.19,0.75,5.2,272,124,3.4,224,121,0.0,588,252,0.8,303,136,3.0,,,2,,Kevin,Santos Lopes de Macedo,Kevin,,,24,0,0,0,0,0,0,0,0,0,0,0,3,,,,0.0,0.0,0.0,0.0,11.25,2,0,1
264,a,,,5.5,177,110,0,0,0,0,0.3,293,98,5,3,2.5,141,63,0,18,2.5,136,63,0.5,0.9,0,6950,2430,6421,3424,2.5,2.5,0.0,0.27,0.27,2.47,0.0,0.18,0.18,1.67,16.8,198,77,26.2,97,60,12.0,132,67,5.5,154,73,2.0,,,2,,Oscar,Bobb,Bobb,,,133,0,0,1,3,0,0,0,0,0,0,2,11,,,,0.0,0.68,2.03,1.35,7.44,5,2,4
265,a,,,5.0,263,163,0,0,0,0,0.4,281,90,4,2,2.0,160,74,0,28,2.0,152,73,0.4,0.8,0,2543,1078,6277,2944,2.0,2.0,0.03,0.23,0.26,4.06,0.02,0.13,0.15,2.37,19.6,178,69,51.0,32,26,9.0,155,77,8.0,99,51,,,,2,,Sander,Berge,Berge,,,154,0,0,0,4,0,0,0,0,0,0,2,6,,,,0.0,0.0,2.34,1.17,3.51,1,1,4
266,i,0.0,0.0,5.0,230,144,0,0,0,0,0.0,613,266,0,0,0.0,510,206,0,0,0.0,510,206,0.0,0.0,0,22,10,168,53,0.0,0.0,0.0,0.0,0.0,0.0,0.0,0.0,0.0,0.0,0.0,493,195,0.0,495,203,0.0,442,162,0.0,502,199,,,,2,,Tom,Cairney,Cairney,Knee injury - Expected back 10 Oct,,0,0,0,0,0,0,0,0,0,0,0,0,0,,,,0.0,0.0,0.0,0.0,0.0,0,0,0
268,a,,,5.5,201,127,0,0,0,0,0.7,234,79,9,2,4.5,75,36,0,42,4.5,72,34,0.8,1.6,0,46247,11564,11304,7140,4.5,4.5,0.64,0.07,0.71,4.26,0.32,0.04,0.36,2.13,52.2,49,25,20.1,124,75,62.0,20,11,13.4,34,27,,,,2,,Josh,King,King,,,180,1,0,0,4,0,0,0,0,0,0,2,12,,,,0.0,0.0,2.0,1.0,6.0,4,3,5
269,a,,,4.5,436,94,0,0,0,0,0.4,272,102,2,1,1.0,238,82,0,10,1.0,217,74,0.2,0.4,0,1454,495,5550,2536,1.0,1.0,0.05,0.12,0.17,1.8,0.12,0.28,0.4,4.15,15.2,204,85,11.5,174,55,27.0,70,15,5.4,155,57,,,,2,,Ryan,Sessegnon,Sessegnon,,,39,0,0,0,1,0,0,0,0,0,0,0,2,,,,0.0,0.0,2.31,0.0,4.62,1,1,2
271,a,,,5.5,153,36,0,0,0,0,0.5,255,42,1,0,1.0,312,35,0,6,0.5,335,38,0.1,0.2,0,5226,2414,13382,6492,0.5,0.5,0.02,0.0,0.02,0.03,0.22,0.0,0.22,0.34,6.0,261,23,11.5,175,18,7.0,176,30,2.5,235,26,,,,2,,Rodrigo,Muniz Carvalho,Muniz,,,8,0,0,0,0,0,0,0,0,0,0,0,1,,,,0.0,0.0,0.0,0.0,11.25,0,1,0
272,a,,,4.5,543,73,0,0,0,0,6.8,63,9,0,0,0.0,492,54,0,0,0.0,492,54,0.0,0.0,0,58277,34589,83763,39486,0.0,0.0,0.0,0.0,0.0,0.0,0.0,0.0,0.0,0.0,0.0,475,47,0.0,476,52,0.0,421,49,0.0,484,52,,,,2,,Jonah,Kusi-Asare,Kusi-Asare,,,0,0,0,0,0,0,0,0,0,0,0,0,0,,,,0.0,0.0,0.0,0.0,0.0,0,0,0
569,a,,,6.0,90,21,0,0,0,0,4.5,79,12,8,2,4.0,91,14,0,35,4.0,85,10,0.7,1.3,0,234366,82148,60537,43330,4.0,4.0,1.0,0.02,1.02,4.26,0.5,0.01,0.51,2.13,42.8,82,7,7.1,198,25,64.0,17,8,11.4,51,7,,,1.0,2,,Gonzalo,García,Gonzalo,,,180,1,0,0,4,0,0,0,0,0,0,2,6,,,,0.0,0.0,2.0,1.0,3.0,1,2,3
570,a,,,5.5,199,126,0,0,0,0,0.2,345,127,3,1,1.5,214,101,0,16,1.5,200,96,0.3,0.5,0,1411,501,3665,1881,1.5,1.5,0.18,0.01,0.19,3.83,0.11,0.01,0.12,2.34,5.8,264,117,8.6,192,107,11.0,141,71,2.5,236,105,,,,2,,César,Palacios,Palacios,,,147,0,0,0,4,0,0,0,1,0,0,2,13,,,,0.0,0.0,2.45,1.22,7.96,2,3,8
580,a,,,5.0,313,187,0,0,0,0,0.1,450,181,2,1,1.0,275,119,0,7,1.0,237,109,0.2,0.4,0,566,207,1500,692,1.0,1.0,0.09,0.03,0.12,1.8,0.18,0.06,0.24,3.6,4.0,288,132,4.1,217,119,6.0,186,91,1.4,283,126,,,,2,,Shea,Charles,Charles,,,45,0,0,0,1,0,0,0,0,0,0,0,5,,,,0.0,0.0,2.0,0.0,10.0,1,1,3
610,d,75.0,75.0,4.0,611,190,0,0,0,0,0.1,424,150,0,0,0.0,400,143,0,0,0.0,400,143,0.0,0.0,0,4702,1651,1651,1177,0.0,0.0,0.0,0.0,0.0,0.0,0.0,0.0,0.0,0.0,0.0,382,145,0.0,374,143,0.0,299,117,0.0,392,145,,,,2,,Luc,De Fougerolles,De Fougerolles,Unspecified injury - 75% chance of playing,,0,0,0,0,0,0,0,0,0,0,0,0,0,,,,0.0,0.0,0.0,0.0,0.0,0,0,0
626,a,,,4.5,538,272,0,0,0,0,0.2,354,133,0,0,0.0,489,192,0,0,0.0,489,192,0.0,0.0,0,10695,10695,2007,2007,1.0,1.0,0.0,0.0,0.0,0.0,0.0,0.0,0.0,0.0,0.0,471,180,0.0,473,189,0.0,417,147,0.0,481,185,,,,2,,Macauley,Zepa,Zepa,,,0,0,0,0,0,0,0,0,0,0,0,0,0,,,,0.0,0.0,0.0,0.0,0.0,0,0,0
273,a,,,4.0,570,60,0,0,0,0,1.5,155,23,0,0,0.0,372,34,0,0,0.0,372,34,0.0,0.0,0,7967,4852,12993,5899,0.0,0.0,0.0,0.0,0.0,0.0,0.0,0.0,0.0,0.0,0.0,354,34,0.0,345,13,0.0,267,12,0.0,363,34,,,,2,,Dillon,Phillips,Phillips,,,0,0,0,0,0,0,0,0,0,0,0,0,0,,,,0.0,0.0,0.0,0.0,0.0,0,0,0
274,i,0.0,0.0,4.5,417,26,0,0,0,0,0.1,442,48,0,0,0.0,419,48,0,0,0.0,419,48,0.0,0.0,0,210,86,2705,967,0.0,0.0,0.0,0.0,0.0,0.0,0.0,0.0,0.0,0.0,0.0,400,48,0.0,394,29,0.0,327,28,0.0,410,48,,,,2,,Jack,Butland,Butland,Arm injury - Unknown return date,,0,0,0,0,0,0,0,0,0,0,0,0,0,,,,0.0,0.0,0.0,0.0,0.0,0,0,0
275,u,0.0,0.0,4.0,601,69,0,0,0,0,0.0,598,71,0,0,0.0,391,43,0,0,0.0,391,43,0.0,0.0,0,0,0,174,63,0.0,0.0,0.0,0.0,0.0,0.0,0.0,0.0,0.0,0.0,0.0,373,43,0.0,365,22,0.0,290,21,0.0,383,43,,,,2,,Harvey,Cartwright,Cartwright,Has joined Grimsby Town on loan for the rest of the season,,0,0,0,0,0,0,0,0,0,0,0,0,0,,,,0.0,0.0,0.0,0.0,0.0,0,0,0
276,u,0.0,0.0,4.0,590,66,0,0,0,0,0.0,539,60,0,0,0.0,384,40,0,0,0.0,384,40,0.0,0.0,0,0,0,565,182,0.0,0.0,0.0,0.0,0.0,0.0,0.0,0.0,0.0,0.0,0.0,366,40,0.0,358,19,0.0,282,18,0.0,376,40,,,,2,,Thimothée,Lo-Tutala,Lo-Tutala,Has joined Colchester United on loan for the rest of the season,,0,0,0,0,0,0,0,0,0,0,0,0,0,,,,0.0,0.0,0.0,0.0,0.0,0,0,0
277,a,,,4.0,563,156,0,0,0,0,3.8,90,36,17,9,8.5,14,6,1,52,8.5,12,5,2.1,4.2,0,211548,168611,34203,22996,8.5,8.5,0.0,0.0,0.0,3.12,0.0,0.0,0.0,1.56,67.2,21,5,0.5,304,113,2.0,216,78,7.0,122,43,,,,2,,John,Egan,Egan,,,180,0,0,2,0,0,0,0,0,0,0,2,34,,,,0.0,1.0,0.0,1.0,17.0,2,32,4
278,i,0.0,0.0,4.0,604,184,0,0,0,0,0.1,431,152,0,0,0.0,394,138,0,0,0.0,394,138,0.0,0.0,0,166,67,3442,1122,0.0,0.0,0.0,0.0,0.0,0.0,0.0,0.0,0.0,0.0,0.0,376,140,0.0,368,138,0.0,293,112,0.0,386,140,,,,2,,Charlie,Hughes,Hughes,Groin injury - Unknown return date,,0,0,0,0,0,0,0,0,0,0,0,0,0,,,,0.0,0.0,0.0,0.0,0.0,0,0,0
279,a,100.0,100.0,4.1,552,153,1,-1,1,-1,7.0,59,24,20,6,10.0,4,1,2,63,10.0,3,1,2.4,4.9,0,458791,379385,43269,27676,10.0,10.0,0.52,0.0,0.52,2.15,0.31,0.0,0.31,1.26,59.8,31,9,1.0,282,101,35.0,54,10,9.5,73,19,,,,2,,Semi,Ajayi,Ajayi,,,153,1,0,2,0,0,0,0,0,0,0,2,14,,,,0.0,1.18,0.0,1.18,8.24,2,12,8
280,d,75.0,100.0,4.0,576,164,0,0,0,0,0.6,248,93,6,0,3.0,103,38,0,25,3.0,98,38,0.8,1.5,0,3603,980,10393,5312,2.2,3.0,0.0,0.01,0.01,2.25,0.0,0.01,0.01,1.78,10.4,231,95,11.6,173,54,0.0,272,99,2.2,245,91,,,,2,,Lewie,Coyle,Coyle,Unspecified injury - 75% chance of playing,,114,0,0,1,0,0,0,0,1,0,0,2,6,,,,0.0,0.79,0.0,1.58,4.74,1,5,4
281,a,100.0,100.0,4.0,587,172,0,0,0,0,0.1,457,161,2,1,1.0,227,72,0,8,1.0,210,68,0.2,0.5,0,1922,814,981,568,1.0,1.0,0.05,0.0,0.05,0.87,0.07,0.0,0.07,1.2,6.4,256,100,0.4,311,117,1.0,247,90,0.8,299,108,,,,2,,Cody,Drameh,Drameh,,,65,0,0,0,0,0,0,0,0,0,0,0,6,,,,0.0,0.0,0.0,0.0,8.31,1,5,4
282,a,,,4.0,584,171,0,0,0,0,1.0,188,74,12,6,6.0,37,13,0,45,6.0,35,12,1.5,3.0,0,26106,13214,8086,3895,6.0,6.0,0.02,0.14,0.16,3.05,0.01,0.07,0.08,1.58,23.4,162,74,33.8,69,17,6.0,183,62,6.4,137,50,1.0,1.0,,2,,Ryan,Giles,Giles,,,174,0,0,2,0,0,0,0,0,0,0,2,8,,,,0.0,1.03,0.0,1.03,4.14,2,6,5
283,i,0.0,0.0,4.0,591,174,0,0,0,0,0.0,586,199,0,0,0.0,385,132,0,0,0.0,385,132,0.0,0.0,0,107,50,340,112,0.0,0.0,0.0,0.0,0.0,0.0,0.0,0.0,0.0,0.0,0.0,367,134,0.0,359,132,0.0,283,105,0.0,377,134,,,,2,,Matty,Jacob,Jacob,Hip injury - Expected back 5 Sep,,0,0,0,0,0,0,0,0,0,0,0,0,0,,,,0.0,0.0,0.0,0.0,0.0,0,0,0
284,a,,,4.0,629,207,0,0,0,0,0.1,446,156,0,0,0.0,414,156,0,0,0.0,414,156,0.0,0.0,0,1456,781,1702,743,0.0,0.0,0.0,0.0,0.0,0.0,0.0,0.0,0.0,0.0,0.0,396,158,0.0,388,156,0.0,316,133,0.0,406,158,,,,2,,Cathal,McCarthy,McCarthy,,,0,0,0,0,0,0,0,0,0,0,0,0,0,,,,0.0,0.0,0.0,0.0,0.0,0,0,0
285,a,,,4.0,568,158,0,0,0,0,0.1,397,141,1,0,1.0,223,68,0,3,0.5,271,87,0.1,0.2,0,1205,559,1604,914,0.5,0.5,0.0,0.0,0.0,0.96,0.0,0.0,0.0,3.32,4.2,282,105,0.0,344,124,0.0,266,95,0.4,314,112,,,,2,,Paddy,McNair,McNair,,,26,0,0,0,0,0,0,0,0,0,0,0,2,,,,0.0,0.0,0.0,0.0,6.92,0,2,1
286,a,,,5.0,361,215,0,0,0,0,0.8,218,71,9,6,4.5,72,35,0,31,4.5,68,33,0.9,1.8,0,30063,16173,9235,5204,4.5,4.5,0.17,0.05,0.22,2.94,0.09,0.03,0.12,1.54,33.8,121,44,14.3,153,92,18.0,96,50,6.6,130,66,3.0,2.0,,2,,Mohamed,Belloumi,Belloumi,,,172,0,1,2,0,0,0,0,0,0,0,2,20,,,,0.0,1.05,0.0,1.05,10.47,6,6,8
287,a,,,5.0,290,177,0,0,0,0,0.1,445,179,6,6,3.0,109,46,0,26,3.0,103,45,0.6,1.2,0,2855,2550,1722,735,3.0,3.0,0.58,0.0,0.58,0.87,1.04,0.0,1.04,1.57,36.0,114,42,1.1,281,144,15.0,114,59,5.2,165,79,,,,2,,Liam,Millar,Millar,,,50,1,0,0,0,0,0,0,1,0,0,0,4,,,,0.0,0.0,0.0,0.0,7.2,1,2,1
288,a,,,4.5,433,249,0,0,0,0,0.4,282,91,0,0,0.0,429,173,0,0,0.0,429,173,0.0,0.0,0,5183,3467,7762,3504,0.0,0.0,0.0,0.0,0.0,0.0,0.0,0.0,0.0,0.0,0.0,410,161,0.0,405,170,0.0,338,127,0.0,420,166,,,,2,,Kieran,Dowell,Dowell,,,0,0,0,0,0,0,0,0,0,0,0,0,0,,,,0.0,0.0,0.0,0.0,0.0,0,0,0
289,d,75.0,,4.5,416,246,0,0,0,0,0.6,239,80,2,0,2.0,152,70,0,9,1.0,216,102,0.2,0.4,0,12457,2316,14799,9109,0.8,1.0,0.0,0.0,0.0,1.83,0.0,0.0,0.0,1.83,19.0,182,70,2.4,234,126,0.0,326,124,2.1,250,113,,,,2,,Matt,Crooks,Crooks,Thigh injury - 75% chance of playing,,90,0,0,1,0,0,0,0,1,0,0,1,9,,,,0.0,1.0,0.0,1.0,9.0,4,4,1
290,a,,,4.5,463,252,0,0,0,0,4.5,80,26,8,2,4.0,80,37,0,26,4.0,77,35,0.9,1.8,0,178073,85702,56254,33880,4.0,4.0,0.0,0.45,0.45,3.12,0.0,0.22,0.22,1.56,28.2,140,51,22.1,116,71,2.0,221,105,5.3,160,75,2.0,,,2,,Regan,Slater,Slater,,,180,0,1,2,0,0,0,0,1,0,0,2,13,,,,0.0,1.0,0.0,1.0,6.5,5,2,6
291,i,0.0,0.0,4.5,479,254,0,0,0,0,0.0,605,259,0,0,0.0,447,176,0,0,0.0,447,176,0.0,0.0,0,122,58,171,75,0.0,0.0,0.0,0.0,0.0,0.0,0.0,0.0,0.0,0.0,0.0,428,164,0.0,426,173,0.0,366,131,0.0,438,169,,,,2,,Eliot,Matazo,Matazo,Knee injury - Unknown return date,,0,0,0,0,0,0,0,0,0,0,0,0,0,,,,0.0,0.0,0.0,0.0,0.0,0,0,0
292,a,,,5.0,264,164,0,0,0,0,0.0,571,238,0,0,0.0,523,214,0,0,0.0,523,214,0.0,0.0,0,348,139,677,290,0.0,0.0,0.0,0.0,0.0,0.0,0.0,0.0,0.0,0.0,0.0,511,206,0.0,512,211,0.0,466,175,0.0,518,208,,,,2,,Abdülkadir,Ömür,Ömür,,,0,0,0,0,0,0,0,0,0,0,0,0,0,,,,0.0,0.0,0.0,0.0,0.0,0,0,0
293,u,0.0,0.0,5.0,330,194,0,0,0,0,0.0,617,269,0,0,0.0,553,229,0,0,0.0,553,229,0.0,0.0,0,0,0,260,63,0.0,0.0,0.0,0.0,0.0,0.0,0.0,0.0,0.0,0.0,0.0,541,222,0.0,547,228,0.0,507,196,0.0,549,225,,,,2,,Abu,Kamara,Kamara,Has joined Portsmouth permanently,,0,0,0,0,0,0,0,0,0,0,0,0,0,,,,0.0,0.0,0.0,0.0,0.0,0,0,0
294,i,0.0,0.0,4.5,514,262,0,0,0,0,0.1,432,172,0,0,0.0,471,184,0,0,0.0,471,184,0.0,0.0,0,996,505,3473,1324,0.0,0.0,0.0,0.0,0.0,0.0,0.0,0.0,0.0,0.0,0.0,452,172,0.0,455,181,0.0,397,139,0.0,462,177,,,,2,,Óscar,Zambrano,Zambrano,Thigh injury - Unknown return date,,0,0,0,0,0,0,0,0,0,0,0,0,0,,,,0.0,0.0,0.0,0.0,0.0,0,0,0
295,a,,,5.5,127,31,0,0,0,0,2.1,125,19,6,1,3.0,113,17,0,28,3.0,107,13,0.5,1.1,0,106758,24117,43632,27691,3.0,3.0,0.16,0.02,0.18,3.12,0.08,0.01,0.09,1.56,18.0,188,17,34.4,64,5,60.0,23,10,11.2,53,8,,,1.0,2,,Oli,McBurnie,McBurnie,,,180,0,1,2,0,0,0,0,1,0,0,2,9,,,,0.0,1.0,0.0,1.0,4.5,0,3,6
296,a,,,5.0,269,168,0,0,0,0,0.0,507,210,0,0,0.0,525,215,0,0,0.0,525,215,0.0,0.0,0,1765,851,1824,884,0.0,0.0,0.0,0.0,0.0,0.0,0.0,0.0,0.0,0.0,0.0,513,207,0.0,514,212,0.0,468,176,0.0,520,209,,,,2,,David,Akintola,Akintola,,,0,0,0,0,0,0,0,0,0,0,0,0,0,,,,0.0,0.0,0.0,0.0,0.0,0,0,0
297,i,0.0,0.0,4.5,480,255,0,0,0,0,0.0,555,231,0,0,0.0,448,177,0,0,0.0,448,177,0.0,0.0,0,140,76,817,291,0.0,0.0,0.0,0.0,0.0,0.0,0.0,0.0,0.0,0.0,0.0,429,165,0.0,427,174,0.0,367,132,0.0,439,170,,,,2,,Darko,Gyabi,Gyabi,Thigh injury - Unknown return date,,0,0,0,0,0,0,0,0,0,0,0,0,0,,,,0.0,0.0,0.0,0.0,0.0,0,0,0
298,u,0.0,0.0,4.5,499,64,0,0,0,0,0.3,304,52,0,0,0.0,457,46,0,0,0.0,457,46,0.0,0.0,0,0,0,12653,3787,0.0,0.0,0.0,0.0,0.0,0.0,0.0,0.0,0.0,0.0,0.0,438,38,0.0,441,44,0.0,383,40,0.0,448,43,,,,2,,Enis,Destan,Destan,Has joined Konyaspor permanently,,0,0,0,0,0,0,0,0,0,0,0,0,0,,,,0.0,0.0,0.0,0.0,0.0,0,0,0
299,u,0.0,0.0,4.5,507,65,0,0,0,0,0.0,501,66,0,0,0.0,465,47,0,0,0.0,465,47,0.0,0.0,0,0,0,1756,546,0.0,0.0,0.0,0.0,0.0,0.0,0.0,0.0,0.0,0.0,0.0,446,39,0.0,449,45,0.0,391,41,0.0,456,44,,,,2,,Mason,Burstow,Burstow,Has joined Sheffield Wednesday on loan for the rest of the season,,0,0,0,0,0,0,0,0,0,0,0,0,0,,,,0.0,0.0,0.0,0.0,0.0,0,0,0
340,i,0.0,0.0,5.0,312,186,0,0,0,0,0.0,592,253,0,0,0.0,547,225,0,0,0.0,547,225,0.0,0.0,0,75,30,419,131,0.0,0.0,0.0,0.0,0.0,0.0,0.0,0.0,0.0,0.0,0.0,534,217,0.0,538,223,0.0,496,190,0.0,542,220,,,,2,,Joe,Gelhardt,Gelhardt,Ankle injury - Expected back 5 Sep,,0,0,0,0,0,0,0,0,0,0,0,0,0,,,,0.0,0.0,0.0,0.0,0.0,0,0,0
556,a,,,4.0,571,160,0,0,0,0,2.1,123,51,1,0,1.0,225,70,0,3,0.5,273,89,0.1,0.2,0,11641,6248,29624,14183,0.5,0.5,0.0,0.0,0.0,0.07,0.0,0.0,0.0,1.26,0.4,331,123,0.0,346,125,0.0,268,96,0.0,364,127,,,,2,,Matt,Targett,Targett,,,5,0,0,0,0,0,0,0,0,0,0,0,0,,,,0.0,0.0,0.0,0.0,0.0,0,0,1
563,a,100.0,100.0,5.0,304,182,0,0,0,0,0.0,553,230,1,1,1.0,273,117,0,6,0.5,307,137,0.1,0.2,0,371,253,495,167,0.5,0.5,0.0,0.0,0.0,1.09,0.0,0.0,0.0,2.18,11.0,230,95,13.4,157,94,0.0,490,187,2.4,239,107,,,,2,,Hidemasa,Morita,Morita,,,45,0,0,0,0,0,0,0,0,0,0,1,3,,,,0.0,0.0,0.0,2.0,6.0,0,2,1
572,a,,,4.5,484,41,0,0,0,0,6.3,64,9,20,10,10.0,5,1,6,73,10.0,4,1,2.2,4.4,0,320455,218485,36739,24324,10.0,10.0,0.0,0.0,0.0,3.12,0.0,0.0,0.0,1.56,60.8,29,5,0.0,429,44,0.0,371,43,6.1,142,4,,,,2,,Konstantinos,Tzolakis,Tzolakis,,,180,0,0,2,0,0,0,0,0,0,8,2,0,,,,4.0,1.0,0.0,1.0,0.0,0,0,33
574,a,,,5.0,367,220,0,0,0,0,0.1,469,188,0,0,0.0,570,239,0,0,0.0,570,239,0.0,0.0,0,516,209,1813,844,0.0,0.0,0.0,0.0,0.0,0.0,0.0,0.0,0.0,0.0,0.0,557,232,0.0,564,238,0.0,528,209,0.0,565,235,,,,2,,Jens,Hjertø-Dahl,Hjertø-Dahl,,,0,0,0,0,0,0,0,0,0,0,0,0,0,,,,0.0,0.0,0.0,0.0,0.0,0,0,0
576,a,,,5.0,377,228,0,0,0,0,0.1,437,175,3,0,1.5,206,96,0,9,1.5,192,91,0.3,0.6,0,1911,481,1483,886,1.5,1.5,0.01,0.04,0.05,2.25,0.01,0.03,0.04,1.58,8.4,243,103,9.1,189,105,7.0,173,84,2.2,247,111,,,,2,,Elliot,Stroud,Stroud,,,128,0,0,1,0,0,0,0,1,0,0,2,13,,,,0.0,0.7,0.0,1.41,9.14,3,3,7
585,a,,,4.0,622,200,0,0,0,0,0.6,237,88,2,1,1.0,231,76,0,7,1.0,214,72,0.2,0.5,0,4866,2095,6464,2862,1.0,1.0,0.0,0.0,0.0,1.16,0.0,0.0,0.0,1.83,11.0,228,93,0.2,322,118,0.0,310,127,1.1,291,105,,,,2,,Lucas,Herrington,Herrington,,,57,0,0,0,0,0,0,0,0,0,0,0,5,,,,0.0,0.0,0.0,0.0,7.89,0,5,0
586,a,100.0,100.0,4.0,624,202,0,0,0,0,5.2,70,28,16,1,8.0,19,8,1,44,8.0,17,7,2.0,4.0,0,282678,103098,59344,39884,8.0,8.0,0.29,0.0,0.29,1.95,0.22,0.0,0.22,1.45,79.4,7,1,0.6,296,109,40.0,45,5,12.0,43,6,,,,2,,Nobel,Mendy,Mendy,,,121,1,0,1,0,0,0,0,0,0,0,2,22,,,,0.0,0.74,0.0,1.49,16.36,2,20,4
589,a,,,5.0,319,189,0,0,0,0,0.0,541,224,1,1,1.0,277,120,0,6,0.5,310,139,0.1,0.2,0,278,143,520,207,0.5,0.5,0.0,0.01,0.01,0.2,0.0,0.02,0.02,0.4,12.8,218,88,0.9,286,145,0.0,500,192,1.4,284,127,,,,2,,Lucas,Gourna-Douath,Gourna-Douath,,,45,0,0,0,0,0,0,0,0,0,0,0,6,,,,0.0,0.0,0.0,0.0,12.0,3,1,2
617,a,,,5.0,332,196,0,0,0,0,0.0,606,260,1,1,1.0,280,122,0,3,1.0,240,110,0.2,0.2,0,481,456,117,115,1.5,1.5,0.0,0.0,0.0,0.18,0.0,0.0,0.0,2.31,0.4,332,152,0.3,314,159,0.0,509,198,0.1,344,161,,,,2,,Mohamed-Ali,Cho,Cho,,,7,0,0,0,0,0,0,0,0,0,0,0,0,,,,0.0,0.0,0.0,0.0,0.0,0,0,0
259,a,,,4.0,581,168,0,0,0,0,16.1,24,8,4,2,2.0,151,54,0,14,2.0,146,52,0.5,1.0,0,50477,23964,136291,65367,2.0,2.0,0.0,0.01,0.01,5.43,0.0,0.0,0.0,2.72,48.0,65,27,1.1,278,99,2.0,217,79,5.1,168,61,,,,2,,Issa,Diop,Diop,,,180,0,0,0,6,0,0,0,0,0,0,2,17,,,,0.0,0.0,3.0,1.0,8.5,1,16,10
267,a,,,5.0,268,167,0,0,0,0,0.1,404,160,6,1,3.0,108,45,0,33,3.0,102,44,0.6,1.2,0,1640,462,2296,951,3.0,3.0,0.02,0.04,0.06,4.57,0.01,0.02,0.03,2.54,40.8,88,31,26.7,93,58,4.0,198,95,7.1,121,61,4.0,,,2,,Saša,Lukić,Lukić,,,162,0,1,0,5,0,0,0,1,0,0,2,17,,,,0.0,0.0,2.78,1.11,9.44,4,9,4
300,a,,,4.5,420,27,0,0,0,0,0.5,265,35,0,0,0.0,421,49,0,0,0.0,421,49,0.0,0.0,0,422,213,7020,2448,0.0,0.0,0.0,0.0,0.0,0.0,0.0,0.0,0.0,0.0,0.0,402,49,0.0,396,30,0.0,329,29,0.0,412,49,,,,2,,Christian,Walton,Walton,,,0,0,0,0,0,0,0,0,0,0,0,0,0,,,,0.0,0.0,0.0,0.0,0.0,0,0,0
301,a,,,4.0,564,57,0,0,0,0,4.3,84,12,0,0,0.0,368,31,0,0,0.0,368,31,0.0,0.0,0,20967,13281,33571,16223,0.0,0.0,0.0,0.0,0.0,0.0,0.0,0.0,0.0,0.0,0.0,350,31,0.0,340,10,0.0,262,9,0.0,359,31,,,,2,,Alex,Palmer,Palmer,,,0,0,0,0,0,0,0,0,0,0,0,0,0,,,,0.0,0.0,0.0,0.0,0.0,0,0,0
302,a,,,4.0,556,52,0,0,0,0,0.5,264,34,0,0,0.0,361,26,0,0,0.0,361,26,0.0,0.0,0,5740,3781,3743,1924,0.0,0.0,0.0,0.0,0.0,0.0,0.0,0.0,0.0,0.0,0.0,343,26,0.0,333,5,0.0,255,4,0.0,352,26,,,,2,,David,Button,Button,,,0,0,0,0,0,0,0,0,0,0,0,0,0,,,,0.0,0.0,0.0,0.0,0.0,0,0,0
303,a,,,4.0,575,163,0,0,0,0,0.6,249,94,0,0,0.0,374,126,0,0,0.0,374,126,0.0,0.0,0,652,320,7875,2928,0.0,0.0,0.0,0.0,0.0,0.0,0.0,0.0,0.0,0.0,0.0,356,128,0.0,348,126,0.0,271,98,0.0,366,128,,,,2,,Cédric,Kipré,Kipré,,,0,0,0,0,0,0,0,0,0,0,0,0,0,,,,0.0,0.0,0.0,0.0,0.0,0,0,0
304,a,,,4.0,580,167,0,0,0,0,3.3,98,38,4,0,2.0,150,53,0,2,2.0,145,51,0.5,1.0,0,27695,12056,31733,17749,2.0,2.0,0.07,0.17,0.24,5.43,0.04,0.08,0.12,2.72,48.0,64,26,25.3,102,31,11.0,135,43,8.4,88,27,,,,2,,Dara,O'Shea,O'Shea,,,180,0,0,0,6,0,0,0,0,0,0,2,19,,,,0.0,0.0,3.0,1.0,9.5,2,17,8
305,a,,,4.0,594,177,0,0,0,0,5.0,73,30,8,6,4.0,78,27,0,11,4.0,75,27,1.0,2.0,0,39094,31772,41603,20313,4.0,4.0,0.54,0.13,0.67,5.43,0.27,0.06,0.33,2.72,62.2,25,7,17.0,136,41,50.0,34,3,13.0,36,3,2.0,2.0,,2,,Leif,Davis,Davis,,,180,1,0,0,6,0,0,0,0,0,0,2,11,,,,0.0,0.0,3.0,1.0,5.5,0,11,5
306,a,,,4.0,592,175,0,0,0,0,1.4,162,66,1,-1,0.5,342,112,0,-1,0.5,275,91,0.1,0.2,0,3184,1548,11730,5619,0.5,0.5,0.0,0.01,0.01,5.43,0.0,0.0,0.0,2.72,34.8,118,54,2.6,232,74,0.0,284,106,3.8,199,76,,,,2,,Jacob,Greaves,Greaves,,,180,0,0,0,6,1,0,0,1,0,0,2,17,,,,0.0,0.0,3.0,1.0,8.5,4,13,5
307,a,,,4.0,583,170,0,0,0,0,0.1,421,148,0,0,0.0,379,130,0,0,0.0,379,130,0.0,0.0,0,831,404,1715,693,0.0,0.0,0.0,0.0,0.0,0.0,0.0,0.0,0.0,0.0,0.0,361,132,0.0,353,130,0.0,277,103,0.0,371,132,,,,2,,Ben,Johnson,Johnson,,,0,0,0,0,0,0,0,0,0,0,0,0,0,,,,0.0,0.0,0.0,0.0,0.0,0,0,0
308,a,,,4.0,574,162,0,0,0,0,0.6,250,95,1,1,1.0,226,71,0,-1,0.5,274,90,0.1,0.2,0,595,326,6797,2381,0.5,0.5,0.0,0.0,0.0,0.86,0.0,0.0,0.0,4.55,5.0,274,103,0.5,305,114,0.0,270,97,0.6,308,110,,,,2,,Darnell,Furlong,Furlong,,,17,0,0,0,1,0,0,0,0,0,0,0,3,,,,0.0,0.0,5.29,0.0,15.88,1,2,0
309,a,,,5.0,342,200,0,0,0,0,0.1,388,152,6,2,3.0,111,47,0,32,3.0,105,46,0.6,1.2,0,1865,668,2489,1096,3.0,3.0,0.03,0.05,0.08,3.48,0.02,0.03,0.05,2.24,24.6,155,56,19.4,129,78,6.0,188,92,5.0,170,82,1.0,1.0,,2,,Marcelino,Núñez,Núñez,,,140,0,0,0,4,0,0,0,0,0,0,2,21,,,,0.0,0.0,2.57,1.29,13.5,3,8,10
310,i,0.0,0.0,5.0,292,178,0,0,0,0,0.0,616,268,0,0,0.0,536,221,0,0,0.0,536,221,0.0,0.0,0,14,6,155,43,0.0,0.0,0.0,0.0,0.0,0.0,0.0,0.0,0.0,0.0,0.0,524,213,0.0,525,218,0.0,480,183,0.0,531,215,,,,2,,Azor,Matusiwa,Matusiwa,Muscular injury - Unknown return date,,0,0,0,0,0,0,0,0,0,0,0,0,0,,,,0.0,0.0,0.0,0.0,0.0,0,0,0
311,u,0.0,0.0,5.0,243,148,0,0,0,0,0.0,614,267,0,0,0.0,516,208,0,0,0.0,516,208,0.0,0.0,0,0,0,247,56,0.0,0.0,0.0,0.0,0.0,0.0,0.0,0.0,0.0,0.0,0.0,501,198,0.0,503,205,0.0,452,165,0.0,509,201,,,,2,,Wes,Burns,Burns,Has joined Leicester City permanently,,0,0,0,0,0,0,0,0,0,0,0,0,0,,,,0.0,0.0,0.0,0.0,0.0,0,0,0
312,i,0.0,0.0,4.5,457,251,0,0,0,0,0.0,519,217,0,0,0.0,438,175,0,0,0.0,438,175,0.0,0.0,0,214,103,1343,460,0.0,0.0,0.0,0.0,0.0,0.0,0.0,0.0,0.0,0.0,0.0,419,163,0.0,415,172,0.0,351,129,0.0,429,168,,,,2,,Jack,Taylor,Taylor,Knee injury - Unknown return date,,0,0,0,0,0,0,0,0,0,0,0,0,0,,,,0.0,0.0,0.0,0.0,0.0,0,0,0
313,a,,,5.5,165,103,0,0,0,0,0.3,309,107,7,0,7.0,27,14,1,27,3.5,95,41,0.6,1.3,0,4032,830,5640,3197,3.5,3.5,0.1,0.0,0.1,0.03,0.47,0.0,0.47,0.14,33.6,123,45,0.6,302,152,18.0,97,51,5.2,166,80,3.0,3.0,1.0,2,,Jack,Clarke,Clarke,,,19,1,0,0,0,0,0,0,0,0,0,0,2,,,,0.0,0.0,0.0,0.0,9.47,1,0,1
315,a,,,5.5,188,118,0,0,0,0,0.2,330,117,6,4,3.0,117,51,0,47,3.0,112,51,0.5,1.1,0,1755,1185,4447,1679,3.0,3.0,0.0,0.63,0.63,5.22,0.0,0.39,0.39,3.2,45.2,73,29,70.7,13,13,10.0,149,73,12.6,40,30,,,,2,,Abdul,Fatawu,Fatawu,,,147,0,1,0,6,0,0,0,1,0,0,2,11,,,,0.0,0.0,3.67,1.22,6.73,5,2,4
316,d,75.0,,5.5,190,41,0,0,0,0,1.7,140,23,10,1,5.0,63,5,3,48,5.0,59,4,0.9,1.8,0,90356,13549,49848,33038,3.8,5.0,0.82,0.06,0.88,1.4,0.67,0.05,0.72,1.15,46.6,70,5,37.4,54,2,42.0,42,13,12.6,41,6,,,2.0,2,,Emersonn,Correia da Silva,Emersonn,Knee injury - 75% chance of playing,,110,1,0,0,2,0,0,0,0,0,0,2,4,,,,0.0,0.0,1.64,1.64,3.27,1,2,1
317,u,0.0,0.0,5.0,280,51,0,0,0,0,0.1,392,55,0,0,0.0,529,55,0,0,0.0,529,55,0.0,0.0,0,0,0,11317,2622,0.0,0.0,0.0,0.0,0.0,0.0,0.0,0.0,0.0,0.0,0.0,517,48,0.0,518,53,0.0,472,50,0.0,524,53,,,,2,,George,Hirst,Hirst,Has joined Stoke City permanently,,0,0,0,0,0,0,0,0,0,0,0,0,0,,,,0.0,0.0,0.0,0.0,0.0,0,0,0
318,i,0.0,0.0,5.5,179,111,0,0,0,0,0.1,423,168,0,0,0.0,600,259,0,0,0.0,600,259,0.0,0.0,0,128,22,6113,2185,0.0,0.0,0.0,0.0,0.0,0.0,0.0,0.0,0.0,0.0,0.0,591,255,0.0,597,258,0.0,584,249,0.0,597,257,5.0,,3.0,2,,Jaden,Philogene,Philogene,Ankle injury - Unknown return date,,0,0,0,0,0,0,0,0,0,0,0,0,0,,,,0.0,0.0,0.0,0.0,0.0,0,0,0
319,u,0.0,0.0,5.0,251,155,0,0,0,0,0.0,609,263,0,0,0.0,521,212,0,0,0.0,521,212,0.0,0.0,0,0,0,536,127,0.0,0.0,0.0,0.0,0.0,0.0,0.0,0.0,0.0,0.0,0.0,506,202,0.0,508,209,0.0,459,171,0.0,514,205,,,,2,,Sam,Szmodics,Szmodics,Has joined Derby County on loan for the rest of the season,,0,0,0,0,0,0,0,0,0,0,0,0,0,,,,0.0,0.0,0.0,0.0,0.0,0,0,0
320,a,,,5.0,242,49,0,0,0,0,0.8,217,36,6,5,3.0,106,16,0,33,3.0,100,12,0.6,1.2,0,32839,28214,14132,7882,3.0,3.0,0.97,0.0,0.97,4.04,1.27,0.0,1.27,5.27,34.6,119,10,1.7,259,35,19.0,92,20,5.5,153,17,,,,2,,Chuba,Akpom,Akpom,,,69,1,0,0,4,0,0,0,0,0,0,0,3,,,,0.0,0.0,5.22,0.0,3.91,1,0,2
321,a,,,4.5,517,67,0,0,0,0,3.1,110,17,1,0,1.0,254,30,0,3,0.5,291,35,0.1,0.2,0,113120,72408,51537,28096,0.5,0.5,0.0,0.0,0.0,0.03,0.0,0.0,0.0,0.27,0.0,455,41,0.1,326,41,0.0,400,43,0.0,465,46,,,,2,,Sindre,Walle Egeli,Walle Egeli,,,10,0,0,0,0,0,0,0,0,0,0,0,0,,,,0.0,0.0,0.0,0.0,0.0,0,0,0
322,u,0.0,0.0,5.0,311,54,0,0,0,0,0.1,435,62,0,0,0.0,546,57,0,0,0.0,546,57,0.0,0.0,0,755,0,5624,2622,0.0,0.0,0.0,0.0,0.0,0.0,0.0,0.0,0.0,0.0,0.0,533,50,0.0,537,55,0.0,495,52,0.0,541,55,,,,2,,Ali,Al-Hamadi,Al-Hamadi,Has joined Sheffield Wednesday on loan for the rest of the season,,0,0,0,0,0,0,0,0,0,0,0,0,0,,,,0.0,0.0,0.0,0.0,0.0,0,0,0
323,a,,,4.5,477,253,0,0,0,0,1.3,166,50,2,1,1.0,248,107,0,7,1.0,223,103,0.2,0.4,0,12288,6673,20574,9009,1.0,1.0,0.0,0.0,0.0,0.21,0.0,0.0,0.0,0.61,1.4,317,143,1.3,272,139,0.0,365,130,0.3,324,148,,,,2,,Kasey,McAteer,McAteer,,,31,0,0,0,0,0,0,0,0,0,0,0,4,,,,0.0,0.0,0.0,0.0,11.61,1,0,3
324,a,,,5.0,288,175,0,0,0,0,0.0,508,211,0,0,0.0,534,220,0,0,0.0,534,220,0.0,0.0,0,82,35,1097,411,0.0,0.0,0.0,0.0,0.0,0.0,0.0,0.0,0.0,0.0,0.0,522,212,0.0,523,217,0.0,478,182,0.0,529,214,,,,2,,Anis,Mehmeti,Mehmeti,,,0,0,0,0,0,0,0,0,0,0,0,0,0,,,,0.0,0.0,0.0,0.0,0.0,0,0,0
554,u,0.0,0.0,4.5,508,46,0,0,0,0,0.0,545,64,0,0,0.0,466,62,0,0,0.0,466,62,0.0,0.0,0,54,0,1125,488,0.0,0.0,0.0,0.0,0.0,0.0,0.0,0.0,0.0,0.0,0.0,447,62,0.0,450,49,0.0,392,48,0.0,457,62,,,,2,,Kayne,van Oevelen,Van Oevelen,Has joined Valencia on loan for the rest of the season,,0,0,0,0,0,0,0,0,0,0,0,0,0,,,,0.0,0.0,0.0,0.0,0.0,0,0,0
562,a,,,5.5,164,102,0,0,0,0,0.3,289,95,4,2,2.0,176,86,0,17,2.0,165,83,0.4,0.7,0,1255,515,6982,2940,2.0,2.0,0.67,0.01,0.68,4.54,0.4,0.01,0.41,2.71,20.6,174,66,2.8,231,125,26.0,72,41,4.9,175,83,,,,2,,Daizen,Maeda,Maeda,,,151,0,0,0,5,0,0,0,0,0,0,2,14,,,,0.0,0.0,2.98,1.19,8.34,5,6,3
564,a,,,4.5,460,36,0,0,0,0,0.6,244,32,4,2,2.0,153,11,0,21,2.0,147,11,0.4,0.9,0,2907,1578,6870,3294,2.0,2.0,0.0,0.01,0.01,5.43,0.0,0.0,0.0,2.72,60.8,28,4,0.0,417,39,0.0,353,38,6.0,145,5,,,,2,,Kjell,Scherpen,Scherpen,,,180,0,0,0,6,0,0,0,0,0,8,2,0,,,,4.0,0.0,3.0,1.0,0.0,0,5,23
571,d,75.0,75.0,5.0,273,169,0,0,0,0,0.1,420,167,0,0,0.0,526,216,0,0,0.0,526,216,0.0,0.0,0,308,94,3540,1333,0.0,0.0,0.0,0.0,0.0,0.0,0.0,0.0,0.0,0.0,0.0,514,208,0.0,515,213,0.0,469,177,0.0,521,210,,,,2,,Florentino Ibrain,Morris Luís,Florentino,Calf injury - 75% chance of playing,,0,0,0,0,0,0,0,0,0,0,0,0,0,,,,0.0,0.0,0.0,0.0,0.0,0,0,0
591,a,100.0,100.0,5.5,175,108,0,0,0,0,0.6,240,81,10,5,5.0,61,30,0,49,5.0,57,28,0.9,1.8,0,34411,16742,9618,5164,5.0,5.0,0.63,0.62,1.25,5.4,0.35,0.35,0.7,3.04,43.4,77,30,26.4,96,59,39.0,47,28,10.9,58,38,,,,2,,Julio,Enciso,Enciso,,,160,0,2,0,6,0,0,0,0,0,0,2,16,,,,0.0,0.0,3.38,1.12,9.0,2,2,12
592,a,,,4.0,616,195,0,0,0,0,1.0,196,76,2,1,1.0,230,75,0,3,1.0,213,71,0.2,0.5,0,5322,2553,9736,3870,1.0,1.0,0.0,0.0,0.0,0.89,0.0,0.0,0.0,2.97,5.8,262,101,10.6,182,58,0.0,304,122,1.6,275,100,,,,2,,Abdoul,Ouattara,Ouattara,,,27,0,0,0,1,0,0,0,0,0,0,0,2,,,,0.0,0.0,3.33,0.0,6.67,0,2,1
602,a,,,4.5,506,261,0,0,0,0,0.0,498,205,0,0,0.0,464,183,0,0,0.0,464,183,0.0,0.0,0,2653,1378,926,593,0.0,0.0,0.0,0.0,0.0,0.0,0.0,0.0,0.0,0.0,0.0,445,171,0.0,448,180,0.0,390,138,0.0,455,176,,,,2,,Cameron,Humphreys,Humphreys,,,0,0,0,0,0,0,0,0,0,0,0,0,0,,,,0.0,0.0,0.0,0.0,0.0,0,0,0
619,a,,,5.0,274,170,0,0,0,0,0.0,585,248,1,1,1.0,270,115,0,11,1.0,233,107,0.2,0.2,0,1052,963,236,231,1.5,1.5,0.0,0.01,0.01,1.92,0.0,0.03,0.03,6.17,7.2,250,109,12.0,170,100,2.0,227,108,2.1,253,114,,,,2,,Exequiel,Palacios,Palacios,,,28,0,0,0,2,0,0,0,0,0,0,0,6,,,,0.0,0.0,6.43,0.0,19.29,1,2,3
260,a,,,6.5,35,23,0,0,0,0,4.6,76,24,4,1,2.0,185,91,0,15,2.0,172,86,0.3,0.6,0,18966,4037,142288,84520,2.0,2.0,0.01,0.06,0.07,1.66,0.01,0.05,0.06,1.36,14.6,209,83,27.4,90,56,10.0,150,74,5.3,164,78,2.0,,,2,,Harry,Wilson,Wilson,,,110,0,0,1,0,0,0,0,0,0,0,1,8,,,,0.0,0.82,0.0,0.82,6.55,3,2,3
326,u,0.0,,4.5,441,33,0,0,0,0,0.5,256,33,0,0,0.0,432,55,0,0,0.0,432,55,0.0,0.0,0,532,204,8786,3427,0.0,0.0,0.0,0.0,0.0,0.0,0.0,0.0,0.0,0.0,0.0,413,55,0.0,408,36,0.0,342,35,0.0,423,55,,,,2,,Lucas Estella,Perri,Perri,Has joined Torino on loan for the rest of the season,,0,0,0,0,0,0,0,0,0,0,0,0,0,,,,0.0,0.0,0.0,0.0,0.0,0,0,0
327,a,,,5.0,300,52,0,0,0,0,1.0,197,77,11,1,5.5,51,21,2,28,5.5,48,20,1.1,2.2,0,55726,10507,18599,10415,5.5,5.5,0.11,0.0,0.11,1.21,0.07,0.0,0.07,0.81,32.0,131,59,0.6,298,111,15.0,115,35,4.8,179,66,,,,2,,Jaka,Bijol,Bijol,,,135,0,0,1,1,0,0,0,0,0,0,2,17,,,,0.0,0.67,0.67,1.33,11.33,1,16,7
329,d,50.0,,4.5,444,100,0,0,0,0,3.1,108,44,7,1,3.5,96,34,0,25,3.5,90,34,0.8,1.6,0,26388,4788,57417,44843,1.8,3.5,0.03,0.06,0.09,1.01,0.02,0.04,0.06,0.74,23.0,164,76,14.7,151,46,7.0,165,57,4.5,185,69,,,,2,,Joe,Rodon,Rodon,Hamstring injury - 50% chance of playing,,123,0,0,1,0,0,0,0,0,0,0,2,11,,,,0.0,0.73,0.0,1.46,8.05,1,10,2
330,a,,,4.5,453,108,0,0,0,0,0.5,251,96,8,2,4.0,79,28,0,33,4.0,76,28,0.9,1.8,0,8771,2846,6007,2883,4.0,4.0,0.0,0.01,0.01,1.4,0.0,0.01,0.01,0.8,25.6,150,68,12.4,165,50,4.0,197,70,4.2,188,71,,,,2,,Jayden,Bogle,Bogle,,,157,0,0,1,1,0,0,0,0,0,0,2,10,,,,0.0,0.57,0.57,1.15,5.73,3,7,8
331,a,100.0,75.0,4.5,464,115,0,0,0,0,0.0,500,175,0,0,0.0,441,166,0,0,0.0,441,166,0.0,0.0,0,400,334,1220,228,0.0,0.0,0.0,0.0,0.0,0.0,0.0,0.0,0.0,0.0,0.0,422,167,0.0,419,167,0.0,356,152,0.0,432,167,,,,2,,Gabriel,Gudmundsson,Gudmundsson,,,0,0,0,0,0,0,0,0,0,0,0,0,0,,,,0.0,0.0,0.0,0.0,0.0,0,0,0
332,a,,,4.5,448,104,0,0,0,0,1.4,159,64,12,2,6.0,39,15,2,40,6.0,37,14,1.3,2.7,0,63951,20417,21174,11783,6.0,6.0,0.03,0.02,0.05,2.33,0.02,0.01,0.03,1.16,49.2,61,24,14.1,154,47,11.0,136,44,7.4,113,40,,,,2,,James,Justin,Justin,,,180,0,0,1,1,0,0,0,0,0,0,2,20,,,,0.0,0.5,0.5,1.0,10.0,8,12,7
333,u,0.0,0.0,4.5,472,122,0,0,0,0,0.0,615,205,0,0,0.0,445,169,0,0,0.0,445,169,0.0,0.0,0,0,0,208,38,0.0,0.0,0.0,0.0,0.0,0.0,0.0,0.0,0.0,0.0,0.0,426,170,0.0,423,170,0.0,362,157,0.0,436,170,,,,2,,Sebastiaan,Bornauw,Bornauw,Has joined Hamburg SV on loan for the rest of the season,,0,0,0,0,0,0,0,0,0,0,0,0,0,,,,0.0,0.0,0.0,0.0,0.0,0,0,0
334,a,,,5.0,354,68,0,0,0,0,3.3,99,39,10,4,5.0,57,23,0,42,5.0,54,22,1.0,2.0,0,44428,22889,32988,21146,5.0,5.0,0.09,0.01,0.1,2.33,0.04,0.0,0.04,1.16,67.2,22,6,1.4,268,94,19.0,93,24,8.7,84,25,,,,2,,Tarik,Muharemović,Muharemović,,,180,0,0,1,1,0,0,0,0,0,0,2,26,,,,0.0,0.5,0.5,1.0,13.0,2,24,4
335,a,,,6.0,82,54,0,0,0,0,2.8,111,32,17,4,8.5,16,7,3,50,8.5,14,6,1.4,2.8,0,113797,32453,40913,27234,8.5,8.5,0.17,0.06,0.23,2.33,0.08,0.03,0.11,1.16,72.4,14,9,19.3,130,79,20.0,91,49,11.2,54,36,1.0,1.0,,2,,Anton,Stach,Stach,,,180,1,0,1,1,0,0,0,0,0,0,2,32,,,,0.0,0.5,0.5,1.0,16.0,7,16,9
336,a,,,5.9,102,64,-1,1,-1,1,0.4,285,93,3,2,1.5,215,102,0,21,1.5,201,97,0.3,0.5,0,2661,1306,15283,6115,1.5,1.5,0.08,0.17,0.25,0.87,0.08,0.17,0.25,0.85,16.4,200,79,21.5,120,74,14.0,122,62,5.2,167,81,,,,2,,Noah,Okafor,Okafor,,,92,0,0,0,1,0,0,0,0,0,0,1,7,,,,0.0,0.0,0.98,0.98,6.85,3,2,2
337,a,,,5.5,156,97,0,0,0,0,0.8,219,72,4,1,2.0,174,84,0,22,2.0,163,81,0.4,0.7,0,3831,1238,17112,8679,2.0,2.0,0.01,0.02,0.03,1.13,0.01,0.01,0.02,0.81,10.2,232,96,1.7,262,136,7.0,178,88,1.9,263,118,,3.0,,2,,Brenden,Aaronson,Aaronson,,,126,0,0,1,1,0,0,0,0,0,0,2,10,,,,0.0,0.71,0.71,1.43,7.14,2,1,7
338,a,,,5.5,135,84,0,0,0,0,1.2,172,52,7,2,3.5,100,42,0,30,3.5,94,40,0.6,1.3,0,6599,2008,19823,10382,3.5,3.5,0.01,0.13,0.14,2.33,0.0,0.06,0.06,1.16,38.2,101,36,39.9,52,41,1.0,251,123,7.9,102,53,,,,2,,Ethan,Ampadu,Ampadu,,,180,0,0,1,1,0,0,0,0,0,0,2,23,,,,0.0,0.5,0.5,1.0,11.5,4,11,8
339,a,,,5.0,254,156,0,0,0,0,0.1,409,163,1,0,1.0,265,112,0,3,0.5,300,133,0.1,0.2,0,974,399,3139,1508,0.5,0.5,0.0,0.0,0.0,0.07,0.0,0.0,0.0,0.79,0.0,507,203,0.2,323,164,0.0,461,172,0.0,515,206,3.0,2.0,,2,,Sean,Longstaff,Longstaff,,,8,0,0,0,0,0,0,0,0,0,0,0,0,,,,0.0,0.0,0.0,0.0,0.0,0,0,0
341,a,100.0,75.0,5.0,335,197,0,0,0,0,0.0,569,237,0,0,0.0,557,231,0,0,0.0,557,231,0.0,0.0,0,217,199,903,207,0.0,0.0,0.0,0.0,0.0,0.0,0.0,0.0,0.0,0.0,0.0,544,224,0.0,550,230,0.0,512,199,0.0,552,227,,,,2,,Wilfried,Gnonto,Gnonto,,,0,0,0,0,0,0,0,0,0,0,0,0,0,,,,0.0,0.0,0.0,0.0,0.0,0,0,0
342,u,0.0,0.0,5.0,277,171,0,0,0,0,0.0,627,277,0,0,0.0,527,217,0,0,0.0,527,217,0.0,0.0,0,0,0,49,13,0.0,0.0,0.0,0.0,0.0,0.0,0.0,0.0,0.0,0.0,0.0,515,209,0.0,516,214,0.0,470,178,0.0,522,211,,,,2,,Jack,Harrison,Harrison,Has joined New England Revolution permanently,,0,0,0,0,0,0,0,0,0,0,0,0,0,,,,0.0,0.0,0.0,0.0,0.0,0,0,0
343,a,,,5.0,257,159,0,0,0,0,0.1,407,162,1,1,1.0,266,113,0,2,0.5,301,134,0.1,0.2,0,1904,1041,3028,1292,0.5,0.5,0.24,0.01,0.25,0.93,0.98,0.04,1.02,3.8,0.0,509,205,1.1,280,143,12.0,128,65,1.1,292,131,,,,2,,Daniel,James,James,,,22,0,0,0,0,0,0,0,0,0,0,0,2,,,,0.0,0.0,0.0,0.0,8.18,0,0,2
344,d,25.0,0.0,5.0,325,191,0,0,0,0,0.0,611,265,0,0,0.0,550,227,0,0,0.0,550,227,0.0,0.0,0,27,18,172,43,0.0,0.0,0.0,0.0,0.0,0.0,0.0,0.0,0.0,0.0,0.0,537,219,0.0,543,225,0.0,503,193,0.0,545,222,,,,2,,Ilia,Gruev,Gruev,Knee injury - 25% chance of playing,,0,0,0,0,0,0,0,0,0,0,0,0,0,,,,0.0,0.0,0.0,0.0,0.0,0,0,0
345,a,,,4.9,395,238,-1,1,-1,1,0.2,334,121,1,1,1.0,259,109,0,6,0.5,294,130,0.1,0.2,0,2350,1451,6775,2542,0.5,0.5,0.0,0.01,0.01,1.13,0.0,0.02,0.02,2.26,20.0,175,67,1.8,253,133,0.0,430,153,2.2,246,110,4.0,,,2,,Tanaka,Ao,Tanaka,,,45,0,0,0,0,0,0,0,0,0,0,0,11,,,,0.0,0.0,0.0,0.0,22.0,3,5,3
346,a,,,6.0,63,14,0,0,0,0,27.0,9,3,9,8,4.5,76,9,2,29,4.5,73,8,0.8,1.5,0,197459,113145,362034,173098,4.5,4.5,1.05,0.02,1.07,2.33,0.52,0.01,0.53,1.16,38.4,100,9,4.8,213,28,46.0,37,12,8.4,90,13,,,1.0,2,,Dominic,Calvert-Lewin,Calvert-Lewin,,,180,1,0,1,1,0,0,0,1,0,0,2,6,,,,0.0,0.5,0.5,1.0,3.0,0,3,3
347,a,,,5.5,130,33,0,0,0,0,0.5,260,43,4,4,4.0,88,11,0,18,2.0,161,16,0.4,0.7,0,4822,2905,14494,4950,2.0,2.0,0.1,0.0,0.1,0.93,0.43,0.0,0.43,3.99,18.2,186,15,20.3,123,11,6.0,190,32,4.5,186,22,,,2.0,2,,Lukas,Nmecha,Nmecha,,,21,0,1,0,0,0,0,0,0,0,0,0,1,,,,0.0,0.0,0.0,0.0,4.29,0,0,1
348,u,0.0,0.0,5.0,291,53,0,0,0,0,0.1,429,61,0,0,0.0,535,56,0,0,0.0,535,56,0.0,0.0,0,0,0,7351,2000,0.0,0.0,0.0,0.0,0.0,0.0,0.0,0.0,0.0,0.0,0.0,523,49,0.0,524,54,0.0,479,51,0.0,530,54,,,3.0,2,,Joël,Piroe,Piroe,Has joined West Ham United on loan for the rest of the season,,0,0,0,0,0,0,0,0,0,0,0,0,0,,,,0.0,0.0,0.0,0.0,0.0,0,0,0
349,i,0.0,0.0,4.5,518,68,0,0,0,0,0.1,487,64,0,0,0.0,474,49,0,0,0.0,474,49,0.0,0.0,0,849,524,1715,664,0.0,0.0,0.0,0.0,0.0,0.0,0.0,0.0,0.0,0.0,0.0,456,42,0.0,458,47,0.0,401,44,0.0,466,47,,,,2,,Mateo,Joseph Fernández-Regatillo,Mateo Joseph,Knee injury - Unknown return date,,0,0,0,0,0,0,0,0,0,0,0,0,0,,,,0.0,0.0,0.0,0.0,0.0,0,0,0
385,a,,,5.0,298,13,0,0,0,0,5.0,72,10,12,3,6.0,41,2,2,48,6.0,39,2,1.2,2.4,0,110751,46957,41390,26286,6.0,6.0,0.0,0.0,0.0,2.33,0.0,0.0,0.0,1.16,57.0,39,7,0.0,529,60,0.0,485,60,5.7,150,7,,,,2,,James,Trafford,Trafford,,,180,0,0,1,1,0,0,0,0,0,7,2,0,,,,3.5,0.5,0.5,1.0,0.0,0,0,20
598,a,,,4.5,434,93,0,0,0,0,0.0,543,188,1,1,1.0,237,81,0,9,0.5,280,95,0.1,0.2,0,683,329,543,264,0.5,0.5,0.0,0.0,0.0,1.32,0.0,0.0,0.0,2.12,16.0,202,84,1.1,279,100,6.0,184,63,2.3,243,90,,,,2,,Nico,Elvedi,Elvedi,,,56,0,0,0,1,0,0,0,0,0,0,0,6,,,,0.0,0.0,1.61,0.0,9.64,1,5,4
603,a,,,4.0,627,205,0,0,0,0,0.1,433,153,0,0,0.0,412,154,0,0,0.0,412,154,0.0,0.0,0,3076,1588,1044,725,0.0,0.0,0.0,0.0,0.0,0.0,0.0,0.0,0.0,0.0,0.0,394,156,0.0,386,154,0.0,314,131,0.0,404,156,,,,2,,Jayden,Lienou,Lienou,,,0,0,0,0,0,0,0,0,0,0,0,0,0,,,,0.0,0.0,0.0,0.0,0.0,0,0,0
604,a,,,4.5,529,268,0,0,0,0,0.1,417,166,0,0,0.0,482,189,0,0,0.0,482,189,0.0,0.0,0,6548,3519,2004,1294,0.0,0.0,0.0,0.0,0.0,0.0,0.0,0.0,0.0,0.0,0.0,464,177,0.0,466,186,0.0,410,144,0.0,474,182,,,,2,,Alfie,Cresswell,Cresswell,,,0,0,0,0,0,0,0,0,0,0,0,0,0,,,,0.0,0.0,0.0,0.0,0.0,0,0,0
625,a,,,4.0,561,56,0,0,0,0,0.1,375,42,0,0,0.0,366,30,0,0,0.0,366,30,0.0,0.0,0,6441,6441,584,584,1.0,1.0,0.0,0.0,0.0,0.0,0.0,0.0,0.0,0.0,0.0,348,30,0.0,338,9,0.0,260,8,0.0,357,30,,,,2,,Alex,Cairns,Cairns,,,0,0,0,0,0,0,0,0,0,0,0,0,0,,,,0.0,0.0,0.0,0.0,0.0,0,0,0
629,a,,,4.0,566,58,0,0,0,0,0.0,542,62,0,0,0.0,370,32,0,0,0.0,370,32,0.0,0.0,0,1166,1166,48,48,1.0,1.0,0.0,0.0,0.0,0.0,0.0,0.0,0.0,0.0,0.0,352,32,0.0,342,11,0.0,264,10,0.0,361,32,,,,2,,Michael,Zetterer,Zetterer,,,0,0,0,0,0,0,0,0,0,0,0,0,0,,,,0.0,0.0,0.0,0.0,0.0,0,0,0
350,a,,,5.5,123,3,0,0,0,0,3.8,92,14,2,0,1.0,305,22,0,2,1.0,250,21,0.2,0.4,0,47203,21896,54506,33283,1.0,1.0,0.0,0.0,0.0,3.88,0.0,0.0,0.0,1.94,25.4,151,16,0.0,585,69,0.0,562,69,2.6,229,16,,,,2,,Alisson,Becker,A.Becker,,,180,0,0,0,4,0,0,0,1,0,4,2,0,,,,2.0,0.0,2.0,1.0,0.0,0,4,10
352,a,,,4.0,567,59,0,0,0,0,1.1,182,27,0,0,0.0,371,33,0,0,0.0,371,33,0.0,0.0,0,9290,6027,10232,4709,0.0,0.0,0.0,0.0,0.0,0.0,0.0,0.0,0.0,0.0,0.0,353,33,0.0,343,12,0.0,265,11,0.0,362,33,,,,2,,Freddie,Woodman,Woodman,,,0,0,0,0,0,0,0,0,0,0,0,0,0,,,,0.0,0.0,0.0,0.0,0.0,0,0,0
353,u,0.0,0.0,4.0,621,71,0,0,0,0,0.0,554,65,0,0,0.0,408,45,0,0,0.0,408,45,0.0,0.0,0,0,0,630,182,0.0,0.0,0.0,0.0,0.0,0.0,0.0,0.0,0.0,0.0,0.0,390,45,0.0,382,24,0.0,309,23,0.0,400,45,,,,2,,Armin,Pecsi,Pecsi,Has joined TSV Hartberg on loan for the rest of the season,,0,0,0,0,0,0,0,0,0,0,0,0,0,,,,0.0,0.0,0.0,0.0,0.0,0,0,0
354,i,0.0,0.0,4.0,586,64,0,0,0,0,0.0,576,69,0,0,0.0,381,38,0,0,0.0,381,38,0.0,0.0,0,357,194,316,137,0.0,0.0,0.0,0.0,0.0,0.0,0.0,0.0,0.0,0.0,0.0,363,38,0.0,355,17,0.0,279,16,0.0,373,38,,,,2,,Vitezslav,Jaros,Jaros,Knee injury - Unknown return date,,0,0,0,0,0,0,0,0,0,0,0,0,0,,,,0.0,0.0,0.0,0.0,0.0,0,0,0
355,a,,,4.0,596,67,0,0,0,0,0.1,373,40,0,0,0.0,386,41,0,0,0.0,386,41,0.0,0.0,0,1526,882,1343,630,0.0,0.0,0.0,0.0,0.0,0.0,0.0,0.0,0.0,0.0,0.0,368,41,0.0,360,20,0.0,285,19,0.0,378,41,,,,2,,Harvey,Davies,Davies,,,0,0,0,0,0,0,0,0,0,0,0,0,0,,,,0.0,0.0,0.0,0.0,0.0,0,0,0
356,a,,,6.5,33,2,0,0,0,0,18.2,18,5,3,1,1.5,221,67,0,13,1.5,208,67,0.2,0.5,0,109594,34980,242885,163765,1.5,1.5,0.25,0.04,0.29,3.88,0.12,0.02,0.14,1.94,50.2,55,18,5.9,203,66,26.0,73,16,8.2,96,34,,,,2,,Virgil,van Dijk,Virgil,,,180,0,0,0,4,0,0,0,1,0,0,2,18,,,,0.0,0.0,2.0,1.0,9.0,2,16,11
357,a,,,5.5,146,17,0,0,0,0,3.2,104,41,1,1,0.5,352,119,0,12,0.5,332,117,0.1,0.2,0,38259,13739,74607,41038,0.5,0.5,0.01,0.11,0.12,3.81,0.01,0.06,0.07,2.14,26.4,147,65,51.6,29,5,14.0,119,36,9.2,76,22,,,,2,,Jeremie,Frimpong,Frimpong,,,160,0,0,0,4,0,0,0,1,0,0,2,8,,,,0.0,0.0,2.25,1.12,4.5,3,5,6
358,a,,,5.5,191,27,0,0,0,0,3.1,107,43,1,1,0.5,355,122,0,12,0.5,341,121,0.1,0.2,0,22702,7057,72083,37696,0.5,0.5,0.02,0.03,0.05,3.81,0.01,0.02,0.03,2.14,42.0,84,37,26.6,94,29,12.0,134,42,8.1,98,35,,,,2,,Milos,Kerkez,Kerkez,,,160,0,0,0,4,0,0,0,1,0,0,2,15,,,,0.0,0.0,2.25,1.12,8.44,4,11,7
359,i,0.0,0.0,5.0,250,38,0,0,0,0,0.0,577,197,0,0,0.0,520,188,0,0,0.0,520,188,0.0,0.0,0,126,47,620,211,0.0,0.0,0.0,0.0,0.0,0.0,0.0,0.0,0.0,0.0,0.0,505,190,0.0,507,191,0.0,458,183,0.0,513,190,,,,2,,Joe,Gomez,Gomez,Muscular injury - Unknown return date,,0,0,0,0,0,0,0,0,0,0,0,0,0,,,,0.0,0.0,0.0,0.0,0.0,0,0,0
360,i,0.0,0.0,5.0,334,65,0,0,0,0,0.0,593,200,0,0,0.0,556,198,0,0,0.0,556,198,0.0,0.0,0,153,74,352,133,0.0,0.0,0.0,0.0,0.0,0.0,0.0,0.0,0.0,0.0,0.0,543,199,0.0,549,199,0.0,511,195,0.0,551,199,,,,2,,Conor,Bradley,Bradley,Knee injury - Unknown return date,,0,0,0,0,0,0,0,0,0,0,0,0,0,,,,0.0,0.0,0.0,0.0,0.0,0,0,0
361,a,,,4.0,606,185,0,0,0,0,0.1,401,142,0,0,0.0,396,139,0,0,0.0,396,139,0.0,0.0,0,1377,769,1994,857,0.0,0.0,0.0,0.0,0.0,0.0,0.0,0.0,0.0,0.0,0.0,378,141,0.0,370,139,0.0,295,113,0.0,388,141,,,,2,,Wellity,Lucky,Lucky,,,0,0,0,0,0,0,0,0,0,0,0,0,0,,,,0.0,0.0,0.0,0.0,0.0,0,0,0
362,a,100.0,100.0,5.0,375,70,0,0,0,0,2.5,113,45,4,3,2.0,168,56,0,22,2.0,156,54,0.4,0.8,0,53764,31052,39831,21675,2.0,2.0,0.0,0.07,0.07,3.27,0.0,0.04,0.04,2.03,43.2,79,33,27.0,91,28,2.0,235,88,7.2,116,42,,,,2,,Jeremy,Jacquet,Jacquet,,,145,0,0,0,4,0,0,0,0,0,0,2,14,,,,0.0,0.0,2.48,1.24,8.69,4,10,7
363,i,0.0,0.0,4.0,628,206,0,0,0,0,0.0,512,178,0,0,0.0,413,155,0,0,0.0,413,155,0.0,0.0,0,395,213,905,386,0.0,0.0,0.0,0.0,0.0,0.0,0.0,0.0,0.0,0.0,0.0,395,157,0.0,387,155,0.0,315,132,0.0,405,157,,,,2,,Giovanni,Leoni,Leoni,Knee injury - Unknown return date,,0,0,0,0,0,0,0,0,0,0,0,0,0,,,,0.0,0.0,0.0,0.0,0.0,0,0,0
364,a,,,5.0,270,42,0,0,0,0,0.1,460,163,1,1,1.0,269,104,0,4,0.5,303,112,0.1,0.2,0,617,278,1622,640,0.5,0.5,0.04,0.01,0.05,0.07,0.19,0.05,0.24,0.33,3.6,295,112,1.3,273,98,9.0,156,51,1.4,281,102,,,,2,,Kostas,Tsimikas,Tsimikas,,,19,0,0,0,0,0,0,0,0,0,0,0,0,,,,0.0,0.0,0.0,0.0,0.0,0,0,0
365,u,0.0,0.0,4.0,600,181,0,0,0,0,0.1,382,138,0,0,0.0,390,135,0,0,0.0,390,135,0.0,0.0,0,638,0,7442,3690,0.0,0.0,0.0,0.0,0.0,0.0,0.0,0.0,0.0,0.0,0.0,372,137,0.0,364,135,0.0,289,109,0.0,382,137,,,,2,,Calvin,Ramsay,Ramsay,Has joined St Mirren on loan for the rest of the season,,0,0,0,0,0,0,0,0,0,0,0,0,0,,,,0.0,0.0,0.0,0.0,0.0,0,0,0
366,a,,,7.5,19,12,0,0,0,0,10.3,39,15,6,4,3.0,125,57,0,39,3.0,119,57,0.4,0.8,0,53909,28986,231019,107757,3.0,3.0,0.49,0.24,0.73,2.81,0.29,0.14,0.43,1.66,37.6,107,40,42.2,46,36,51.0,33,21,13.1,35,28,3.0,2.0,4.0,2,,Florian,Wirtz,Wirtz,,,152,0,1,0,4,0,0,0,1,0,0,2,15,,,,0.0,0.0,2.37,1.18,8.88,4,0,11
367,a,,,7.0,26,17,0,0,0,0,7.7,53,19,17,5,8.5,18,9,3,54,8.5,16,8,1.2,2.4,0,315752,110048,95403,67652,8.5,8.5,0.3,0.8,1.1,3.81,0.17,0.45,0.62,2.14,67.2,23,13,61.8,16,15,43.0,40,24,17.2,18,14,2.0,,3.0,2,,Cody,Gakpo,Gakpo,,,160,1,1,0,4,0,0,0,0,0,0,2,15,,,,0.0,0.0,2.25,1.12,8.44,3,5,7
368,a,,,7.0,27,18,0,0,0,0,41.8,5,2,12,4,6.0,48,24,1,53,6.0,45,22,0.9,1.7,0,368831,123828,285588,218183,6.0,6.0,1.01,0.44,1.45,3.88,0.5,0.22,0.72,1.94,71.8,15,10,87.8,7,7,25.0,78,44,18.5,9,8,1.0,1.0,1.0,2,,Dominik,Szoboszlai,Szoboszlai,,,180,1,0,0,4,0,0,0,0,0,0,2,20,,,,0.0,0.0,2.0,1.0,10.0,4,5,11
369,a,,,5.9,113,74,-1,1,-1,1,0.9,203,64,3,1,1.5,217,104,0,14,1.5,203,99,0.3,0.5,0,7674,2127,35164,20287,1.5,1.5,0.04,0.05,0.09,0.58,0.04,0.06,0.1,0.64,4.4,280,128,7.3,197,109,7.0,181,90,1.8,265,119,,,,2,,Rio,Ngumoha,Ngumoha,,,81,0,0,0,2,0,0,0,0,0,0,1,3,,,,0.0,0.0,2.22,1.11,3.33,1,0,2
370,i,0.0,0.0,5.4,210,130,-1,1,-1,1,0.1,458,184,0,0,0.0,579,244,0,0,0.0,579,244,0.0,0.0,0,615,30,6679,3129,0.0,0.0,0.0,0.0,0.0,0.0,0.0,0.0,0.0,0.0,0.0,567,238,0.0,574,244,0.0,545,222,0.0,575,241,,,,2,,Federico,Chiesa,Chiesa,Back injury - Unknown return date,,0,0,0,0,0,0,0,0,0,0,0,0,0,,,,0.0,0.0,0.0,0.0,0.0,0,0,0
371,a,,,6.0,76,51,0,0,0,0,1.7,138,40,6,1,3.0,123,55,0,33,3.0,117,55,0.5,1.0,0,20926,5921,42982,27799,3.0,3.0,0.06,0.06,0.12,1.17,0.06,0.06,0.12,1.1,28.8,137,50,28.1,88,55,4.0,207,100,6.1,144,70,,,,2,,Ryan,Gravenberch,Gravenberch,,,96,0,1,0,2,0,0,0,0,0,0,1,12,,,,0.0,0.0,1.88,0.94,11.25,2,2,8
372,a,,,5.5,152,94,0,0,0,0,1.5,156,46,3,2,1.5,211,98,0,19,1.5,197,93,0.3,0.5,0,12886,6319,38321,16813,1.5,1.5,0.0,0.4,0.4,3.3,0.0,0.35,0.35,2.88,18.4,185,71,9.1,190,106,0.0,576,243,2.7,226,100,,,5.0,2,,Alexis,Mac Allister,Mac Allister,,,103,0,0,0,2,0,0,0,0,0,0,1,13,,,,0.0,0.0,1.75,0.87,11.36,5,2,6
373,u,0.0,75.0,5.5,141,87,0,0,0,0,0.0,533,221,0,0,0.0,595,254,0,0,0.0,595,254,0.0,0.0,0,34,1,1760,632,0.0,0.0,0.0,0.0,0.0,0.0,0.0,0.0,0.0,0.0,0.0,585,250,0.0,591,253,0.0,571,238,0.0,591,252,,,,2,,Curtis,Jones,C.Jones,Has joined Internazionale permanently,,0,0,0,0,0,0,0,0,0,0,0,0,0,,,,0.0,0.0,0.0,0.0,0.0,0,0,0
374,a,100.0,100.0,5.0,248,153,0,0,0,0,0.1,477,193,0,0,0.0,519,211,0,0,0.0,519,211,0.0,0.0,0,950,465,1927,942,0.0,0.0,0.0,0.0,0.0,0.0,0.0,0.0,0.0,0.0,0.0,504,201,0.0,506,208,0.0,457,170,0.0,512,204,,,,2,,Endo,Wataru,Endo,,,0,0,0,0,0,0,0,0,0,0,0,0,0,,,,0.0,0.0,0.0,0.0,0.0,0,0,0
375,a,,,5.0,374,226,0,0,0,0,0.0,514,214,1,1,1.0,291,131,0,3,0.5,320,148,0.1,0.2,0,432,293,1148,475,0.5,0.5,0.0,0.0,0.0,0.07,0.0,0.0,0.0,0.48,6.4,257,114,2.2,240,127,0.0,533,214,0.9,296,133,,,,2,,Trey,Nyoni,Nyoni,,,13,0,0,0,0,0,0,0,0,0,0,0,5,,,,0.0,0.0,0.0,0.0,34.62,2,1,2
376,u,0.0,0.0,5.0,358,212,0,0,0,0,0.0,623,273,0,0,0.0,564,234,0,0,0.0,564,234,0.0,0.0,0,19,11,57,28,0.0,0.0,0.0,0.0,0.0,0.0,0.0,0.0,0.0,0.0,0.0,551,227,0.0,558,233,0.0,521,203,0.0,559,230,,,,2,,Stefan,Bajčetić Maquieira,Bajcetic,Has joined Celta Vigo permanently,,0,0,0,0,0,0,0,0,0,0,0,0,0,,,,0.0,0.0,0.0,0.0,0.0,0,0,0
377,a,,,6.5,48,33,0,0,0,0,1.1,186,57,10,6,5.0,65,31,0,39,5.0,61,29,0.8,1.5,0,52939,46453,17299,11386,5.0,5.0,0.42,0.23,0.65,3.37,0.32,0.18,0.5,2.59,46.2,71,28,25.7,100,62,43.0,39,23,11.5,49,35,,,,2,,Victor,Munoz,Munoz,,,117,1,1,0,2,0,0,0,1,0,0,1,7,,,,0.0,0.0,1.54,0.77,5.38,2,4,1
378,a,,,4.5,493,257,0,0,0,0,0.2,316,111,0,0,0.0,451,179,0,0,0.0,451,179,0.0,0.0,0,1701,818,4893,1993,0.0,0.0,0.0,0.0,0.0,0.0,0.0,0.0,0.0,0.0,0.0,432,167,0.0,435,176,0.0,377,134,0.0,442,172,,,,2,,James,McConnell,McConnell,,,0,0,0,0,0,0,0,0,0,0,0,0,0,,,,0.0,0.0,0.0,0.0,0.0,0,0,0
379,a,,,9.0,5,2,0,0,0,0,16.3,23,4,10,8,5.0,67,7,2,36,5.0,63,6,0.6,1.1,0,153334,80298,213208,112075,5.0,5.0,2.08,0.01,2.09,3.88,1.04,0.0,1.04,1.94,45.4,72,6,24.9,106,10,114.0,1,1,18.4,10,2,,,2.0,2,,Alexander,Isak,Isak,,,180,1,0,0,4,0,0,0,0,0,0,2,2,,,,0.0,0.0,2.0,1.0,1.0,1,1,0
380,i,0.0,0.0,7.5,20,7,0,0,0,0,0.1,396,56,0,0,0.0,626,72,0,0,0.0,626,72,0.0,0.0,0,1131,422,6157,2350,0.0,0.0,0.0,0.0,0.0,0.0,0.0,0.0,0.0,0.0,0.0,627,72,0.0,627,72,0.0,627,72,0.0,627,72,,,,2,,Hugo,Ekitiké,Ekitiké,Achilles injury - Unknown return date,,0,0,0,0,0,0,0,0,0,0,0,0,0,,,,0.0,0.0,0.0,0.0,0.0,0,0,0
381,a,,,5.0,351,207,0,0,0,0,0.0,552,229,1,0,1.0,285,126,0,4,0.5,315,144,0.1,0.2,0,257,101,444,234,0.5,0.5,0.03,0.0,0.03,0.48,0.22,0.0,0.22,3.6,1.2,323,146,0.5,308,155,7.0,171,83,0.9,295,132,,,,2,,Lewis,Koumas,Koumas,,,12,0,0,0,0,0,0,0,0,0,0,0,1,,,,0.0,0.0,0.0,0.0,7.5,0,0,1
382,i,0.0,0.0,4.5,497,63,0,0,0,0,0.0,517,67,0,0,0.0,455,45,0,0,0.0,455,45,0.0,0.0,0,745,436,981,419,0.0,0.0,0.0,0.0,0.0,0.0,0.0,0.0,0.0,0.0,0.0,436,37,0.0,439,43,0.0,381,39,0.0,446,42,,,,2,,Jayden,Danns,Danns,Unspecified injury - Unknown return date,,0,0,0,0,0,0,0,0,0,0,0,0,0,,,,0.0,0.0,0.0,0.0,0.0,0,0,0
383,a,,,5.4,214,133,-1,1,-1,1,0.1,472,191,0,0,0.0,582,246,0,0,0.0,582,246,0.0,0.0,0,814,434,2395,1179,0.0,0.0,0.0,0.0,0.0,0.0,0.0,0.0,0.0,0.0,0.0,569,240,0.0,575,245,0.0,546,223,0.0,576,242,,,,2,,Harvey,Elliott,Elliott,,,0,0,0,0,0,0,0,0,0,0,0,0,0,,,,0.0,0.0,0.0,0.0,0.0,0,0,0
579,a,,,5.5,166,22,0,0,0,0,2.3,118,48,1,0,0.5,354,121,0,2,0.5,337,120,0.1,0.2,0,31734,7827,87129,53355,0.5,0.5,0.0,0.04,0.04,0.61,0.0,0.11,0.11,1.66,19.0,183,80,3.5,223,71,0.0,579,202,2.2,249,92,,,,2,,Ronald,Araujo,Araujo,,,33,0,0,0,0,0,0,0,1,0,0,0,5,,,,0.0,0.0,0.0,0.0,13.64,1,4,3
627,a,,,8.0,10,7,0,0,0,0,0.3,299,102,0,0,0.0,628,277,0,0,0.0,628,277,0.0,0.0,0,26008,26008,1140,1140,2.8,2.8,0.0,0.0,0.0,0.0,0.0,0.0,0.0,0.0,0.0,629,278,0.0,629,278,0.0,629,278,0.0,629,278,,,,2,,Bradley,Barcola,Barcola,,,0,0,0,0,0,0,0,0,0,0,0,0,0,,,,0.0,0.0,0.0,0.0,0.0,0,0,0
238,a,100.0,100.0,6.5,34,22,0,0,0,0,0.2,333,120,1,0,1.0,336,162,0,2,0.5,354,167,0.1,0.2,0,2693,1491,5556,3153,0.5,0.5,0.0,0.0,0.0,0.0,0.0,0.0,0.0,0.0,1.0,328,150,0.6,303,153,0.0,618,271,0.2,339,158,,,,2,,Jack,Grealish,Grealish,,,8,0,0,0,0,0,0,0,0,0,0,0,1,,,,0.0,0.0,0.0,0.0,11.25,1,0,0
384,a,,,5.5,139,4,0,0,0,0,8.0,52,7,3,0,1.5,208,20,0,17,1.5,194,17,0.3,0.5,0,69063,35055,120176,75224,1.5,1.5,0.0,0.0,0.0,1.31,0.0,0.0,0.0,0.66,33.6,122,13,0.0,590,70,0.0,570,70,3.4,210,13,,,,2,,Gianluigi,Donnarumma,Donnarumma,,,180,0,0,0,2,1,0,0,0,0,4,2,0,,,,2.0,0.0,1.0,1.0,0.0,0,1,12
386,a,,,4.5,424,30,0,0,0,0,0.0,540,61,0,0,0.0,425,52,0,0,0.0,425,52,0.0,0.0,0,229,94,472,236,0.0,0.0,0.0,0.0,0.0,0.0,0.0,0.0,0.0,0.0,0.0,406,52,0.0,400,33,0.0,333,32,0.0,416,52,,,,2,,Marcus,Bettinelli,Bettinelli,,,0,0,0,0,0,0,0,0,0,0,0,0,0,,,,0.0,0.0,0.0,0.0,0.0,0,0,0
387,a,,,6.5,43,4,0,0,0,0,19.4,16,3,4,2,2.0,186,59,0,16,2.0,173,57,0.3,0.6,0,115931,47147,275215,167885,2.0,2.0,0.09,0.43,0.52,1.21,0.05,0.26,0.31,0.73,12.4,225,91,38.2,53,11,16.0,110,31,6.6,132,47,,,,2,,Nico,O'Reilly,O'Reilly,,,150,0,0,0,2,0,0,0,0,0,0,2,3,,,,0.0,0.0,1.2,1.2,1.8,2,1,7
388,a,,,6.0,67,6,0,0,0,0,19.1,17,4,12,2,6.0,46,18,2,43,6.0,43,17,1.0,2.0,0,260184,77439,149358,107600,6.0,6.0,0.89,0.36,1.25,1.31,0.44,0.18,0.62,0.66,67.8,20,4,33.3,71,19,28.0,67,13,12.9,37,4,,,,2,,Marc,Guéhi,Guéhi,,,180,1,0,0,2,0,0,0,0,0,0,2,9,,,,0.0,0.0,1.0,1.0,4.5,3,6,8
389,d,75.0,75.0,6.0,81,10,0,0,0,0,1.1,180,73,1,0,1.0,329,111,0,4,0.5,348,122,0.1,0.2,0,3166,135,42404,24911,0.4,0.4,0.0,0.04,0.04,0.1,0.0,0.11,0.11,0.27,3.8,293,110,1.5,266,92,4.0,208,75,0.9,298,107,,,4.0,2,,Matheus,Nunes,Matheus N.,Unspecified injury - 75% chance of playing,,33,0,0,0,0,0,0,0,0,0,0,0,1,,,,0.0,0.0,0.0,0.0,2.73,0,1,2
390,a,,,5.5,128,13,0,0,0,0,1.8,136,55,4,2,2.0,172,57,0,30,2.0,160,55,0.4,0.7,0,20647,10789,26607,14050,2.0,2.0,0.09,0.71,0.8,1.31,0.04,0.36,0.4,0.66,51.4,51,15,40.2,50,10,37.0,50,9,12.8,39,5,,,,2,,Rúben,dos Santos Gato Alves Dias,Rúben,,,180,0,0,0,2,0,0,0,0,0,0,2,12,,,,0.0,0.0,1.0,1.0,6.0,1,11,14
391,a,,,5.6,116,12,1,-1,1,-1,17.3,22,7,14,5,7.0,28,11,1,46,7.0,26,10,1.3,2.5,0,546448,318030,89662,54305,7.0,7.0,0.19,0.09,0.28,1.31,0.1,0.05,0.15,0.72,75.2,10,2,44.1,43,8,19.0,94,25,13.8,31,2,,,,2,,Joško,Gvardiol,Gvardiol,,,164,1,1,0,2,0,0,0,0,0,0,2,9,,,,0.0,0.0,1.1,1.1,4.94,3,6,5
392,a,,,5.4,216,33,-1,1,-1,1,0.6,236,87,0,0,0.0,583,202,0,0,0.0,583,202,0.0,0.0,0,4039,1423,32744,15965,0.0,0.0,0.0,0.0,0.0,0.0,0.0,0.0,0.0,0.0,0.0,570,202,0.0,576,202,0.0,548,199,0.0,577,202,,,,2,,Rayan,Aït-Nouri,Aït-Nouri,,,0,0,0,0,0,0,0,0,0,0,0,0,0,,,,0.0,0.0,0.0,0.0,0.0,0,0,0
393,a,,,5.5,202,30,0,0,0,0,1.7,146,60,4,2,2.0,179,58,0,31,2.0,166,56,0.4,0.7,0,11797,5711,28865,14328,2.0,2.0,0.0,0.04,0.04,1.31,0.0,0.02,0.02,0.66,38.0,105,47,8.7,191,60,4.0,205,74,5.0,171,63,,,,2,,Abdukodir,Khusanov,Khusanov,,,178,0,0,0,2,0,0,0,0,0,0,2,11,,,,0.0,0.0,1.01,1.01,5.56,6,5,9
394,u,0.0,0.0,5.0,336,66,0,0,0,0,0.0,604,203,0,0,0.0,558,199,0,0,0.0,558,199,0.0,0.0,0,0,0,449,92,0.0,0.0,0.0,0.0,0.0,0.0,0.0,0.0,0.0,0.0,0.0,545,200,0.0,551,200,0.0,513,196,0.0,553,200,,,,2,,Max,Alleyne,Alleyne,Has joined Burnley on loan for the rest of the season,,0,0,0,0,0,0,0,0,0,0,0,0,0,,,,0.0,0.0,0.0,0.0,0.0,0,0,0
395,a,,,4.5,485,128,0,0,0,0,0.2,322,120,1,0,1.0,251,94,0,-1,0.5,289,104,0.1,0.2,0,4927,1307,6154,3631,0.5,0.5,0.17,0.02,0.19,0.55,0.27,0.03,0.3,0.88,3.8,292,109,3.8,218,69,39.0,46,6,4.7,180,67,,,,2,,Rico,Lewis,Lewis,,,56,0,0,0,1,0,0,0,0,0,0,1,2,,,,0.0,0.0,1.61,1.61,3.21,0,2,0
396,a,,,4.5,539,147,0,0,0,0,0.0,546,189,1,1,1.0,257,99,0,3,0.5,293,107,0.1,0.2,0,181,79,407,167,0.5,0.5,0.0,0.0,0.0,0.0,0.0,0.0,0.0,0.0,1.2,322,120,0.9,284,103,0.0,418,173,0.2,333,120,,,,2,,Vitor,de Oliveira Nunes dos Reis,Vitor Reis,,,1,0,0,0,0,0,0,0,0,0,0,0,0,,,,0.0,0.0,0.0,0.0,0.0,0,0,0
397,a,,,8.5,6,4,0,0,0,0,21.2,14,7,7,5,3.5,102,43,0,49,3.5,97,42,0.4,0.8,0,81785,32685,416000,242790,3.5,3.5,0.12,0.59,0.71,1.31,0.06,0.3,0.36,0.66,35.0,117,43,51.9,28,24,71.0,13,8,15.8,22,17,,,2.0,2,,Antoine,Semenyo,Semenyo,,,180,0,1,0,2,0,0,0,0,0,0,2,8,,,,0.0,0.0,1.0,1.0,4.0,2,0,6
398,a,,,7.0,25,16,0,0,0,0,4.8,75,23,10,9,5.0,66,32,1,53,5.0,62,30,0.7,1.4,0,118564,98417,80493,33972,5.0,5.0,0.99,0.85,1.84,1.31,0.52,0.45,0.97,0.69,53.2,47,23,95.4,4,4,32.0,60,35,18.1,11,9,3.0,2.0,,2,,Phil,Foden,Foden,,,171,0,2,0,2,0,0,0,1,0,0,2,13,,,,0.0,0.0,1.05,1.05,6.84,4,2,7
399,a,,,7.7,14,9,2,-2,2,-2,23.3,11,5,22,14,11.0,3,3,4,88,11.0,2,2,1.4,2.9,0,1250405,1047087,75073,33671,11.0,11.0,0.35,1.05,1.4,0.76,0.29,0.88,1.17,0.63,114.0,2,2,96.6,3,3,53.0,30,19,26.4,2,2,1.0,1.0,,2,,Rayan,Cherki,Cherki,,,108,2,2,0,1,0,0,0,1,0,0,1,3,,,,0.0,0.0,0.83,0.83,2.5,0,0,3
400,i,0.0,0.0,7.4,22,13,-1,1,-1,1,1.0,190,59,0,0,0.0,624,275,0,0,0.0,624,275,0.0,0.0,0,813,319,92086,22071,0.0,0.0,0.0,0.0,0.0,0.0,0.0,0.0,0.0,0.0,0.0,625,276,0.0,625,276,0.0,625,276,0.0,625,276,,,3.0,2,,Jérémy,Doku,Doku,Calf injury - Expected back 5 Sep,,0,0,0,0,0,0,0,0,0,0,0,0,0,,,,0.0,0.0,0.0,0.0,0.0,0,0,0
402,u,0.0,0.0,6.5,37,25,0,0,0,0,0.0,583,246,0,0,0.0,619,272,0,0,0.0,619,272,0.0,0.0,0,0,0,1009,213,0.0,0.0,0.0,0.0,0.0,0.0,0.0,0.0,0.0,0.0,0.0,620,273,0.0,620,273,0.0,619,272,0.0,620,273,,,,2,,Rodrigo 'Rodri',Hernandez Cascante,Rodrigo,Has joined Barcelona permanently,,0,0,0,0,0,0,0,0,0,0,0,0,0,,,,0.0,0.0,0.0,0.0,0.0,0,0,0
404,u,0.0,0.0,6.0,72,49,0,0,0,0,0.0,495,204,0,0,0.0,612,266,0,0,0.0,612,266,0.0,0.0,0,0,0,6826,1202,0.0,0.0,0.0,0.0,0.0,0.0,0.0,0.0,0.0,0.0,0.0,610,267,0.0,612,267,0.0,607,263,0.0,612,267,,,,2,,Tijjani,Reijnders,Reijnders,Has joined Al Qadsiah permanently,,0,0,0,0,0,0,0,0,0,0,0,0,0,,,,0.0,0.0,0.0,0.0,0.0,0,0,0
406,a,,,5.5,121,79,0,0,0,0,0.1,444,178,2,1,1.0,304,141,0,12,1.0,249,116,0.2,0.4,0,1275,446,2590,1301,1.0,1.0,0.0,0.02,0.02,0.1,0.0,0.04,0.04,0.21,4.2,283,130,5.2,208,114,0.0,560,233,0.9,297,134,,,,2,,Mateo,Kovačić,Kovačić,,,42,0,0,0,0,0,0,0,0,0,0,0,2,,,,0.0,0.0,0.0,0.0,4.29,0,0,2
407,a,,,5.0,371,223,0,0,0,0,0.0,573,240,0,0,0.0,571,240,0,0,0.0,571,240,0.0,0.0,0,191,98,561,264,0.0,0.0,0.0,0.0,0.0,0.0,0.0,0.0,0.0,0.0,0.0,559,234,0.0,565,239,0.0,531,212,0.0,567,237,,,,2,,Claudio,Echeverri,Echeverri,,,0,0,0,0,0,0,0,0,0,0,0,0,0,,,,0.0,0.0,0.0,0.0,0.0,0,0,0
408,u,0.0,0.0,5.0,245,150,0,0,0,0,0.0,603,258,0,0,0.0,518,210,0,0,0.0,518,210,0.0,0.0,0,0,0,412,107,0.0,0.0,0.0,0.0,0.0,0.0,0.0,0.0,0.0,0.0,0.0,503,200,0.0,505,207,0.0,454,167,0.0,511,203,,,,2,,Kalvin,Phillips,Phillips,Has joined Sheffield United on loan for the rest of the season,,0,0,0,0,0,0,0,0,0,0,0,0,0,,,,0.0,0.0,0.0,0.0,0.0,0,0,0
409,a,,,4.5,528,267,0,0,0,0,0.2,366,140,0,0,0.0,481,188,0,0,0.0,481,188,0.0,0.0,0,1459,532,4451,1965,0.0,0.0,0.0,0.0,0.0,0.0,0.0,0.0,0.0,0.0,0.0,463,176,0.0,465,185,0.0,409,143,0.0,473,181,,,,2,,Divine,Mukasa,Mukasa,,,0,0,0,0,0,0,0,0,0,0,0,0,0,,,,0.0,0.0,0.0,0.0,0.0,0,0,0
410,a,,,4.9,405,245,-1,1,-1,1,0.0,578,242,0,0,0.0,508,204,0,0,0.0,508,204,0.0,0.0,0,185,109,502,219,0.0,0.0,0.0,0.0,0.0,0.0,0.0,0.0,0.0,0.0,0.0,491,193,0.0,493,201,0.0,440,160,0.0,500,197,,,,2,,Jeremy,Monga,Monga,,,0,0,0,0,0,0,0,0,0,0,0,0,0,,,,0.0,0.0,0.0,0.0,0.0,0,0,0
411,a,,,15.5,1,1,0,0,0,0,70.3,1,1,15,13,7.5,25,2,3,66,7.5,24,2,0.5,1.0,0,287774,218169,128156,24304,7.5,7.5,1.4,0.02,1.42,1.31,0.7,0.01,0.71,0.66,72.8,13,2,5.3,207,27,101.0,2,2,17.9,13,3,,,1.0,2,,Erling,Haaland,Haaland,,,180,2,0,0,2,0,0,0,0,0,0,2,8,,,,0.0,0.0,1.0,1.0,4.0,0,3,5
481,a,100.0,100.0,6.4,50,35,0,0,-1,1,5.4,69,22,5,3,2.5,149,69,0,39,2.5,144,69,0.4,0.8,0,27855,17619,226678,73373,2.5,2.5,0.07,0.47,0.54,1.21,0.04,0.3,0.34,0.76,32.2,129,48,41.0,48,38,13.0,127,64,8.6,87,49,2.0,,,2,,Elliot,Anderson,Anderson,,,143,0,0,0,2,0,0,0,1,0,0,2,20,,,,0.0,0.0,1.26,1.26,12.59,7,5,8
587,a,,,5.0,236,8,0,0,0,0,0.0,558,67,0,0,0.0,512,66,0,0,0.0,512,66,0.0,0.0,0,165,71,411,187,0.0,0.0,0.0,0.0,0.0,0.0,0.0,0.0,0.0,0.0,0.0,495,66,0.0,498,55,0.0,446,55,0.0,504,66,,,,2,,Gerónimo,Rulli,Rulli,,,0,0,0,0,0,0,0,0,0,0,0,0,0,,,,0.0,0.0,0.0,0.0,0.0,0,0,0
616,a,,,5.5,205,128,0,0,0,0,0.1,399,158,1,1,1.0,320,151,0,3,1.0,258,124,0.2,0.2,0,9645,6590,2172,1823,2.0,2.0,0.0,0.12,0.12,0.0,0.0,1.35,1.35,0.0,1.8,314,140,4.3,215,118,0.0,591,253,0.6,309,141,,,,2,,Ayyoub,Bouaddi,Bouaddi,,,8,0,0,0,0,0,0,0,0,0,0,0,1,,,,0.0,0.0,0.0,0.0,11.25,0,1,0
621,a,,,4.5,540,273,0,0,0,0,0.1,476,192,1,1,1.0,258,108,0,3,1.0,228,104,0.2,0.2,0,4623,4623,1241,1241,1.0,1.0,0.1,0.0,0.1,0.0,1.12,0.0,1.12,0.0,0.0,472,181,0.5,306,154,1.0,249,121,0.1,342,159,,,,2,,Ryan,McAidoo,McAidoo,,,8,0,0,0,0,0,0,0,0,0,0,0,0,,,,0.0,0.0,0.0,0.0,0.0,0,0,0
622,a,,,4.0,614,193,0,0,0,0,0.1,430,151,1,1,1.0,229,74,0,3,1.0,212,70,0.2,0.2,0,6176,6176,1241,1241,1.0,1.0,0.0,0.0,0.0,0.0,0.0,0.0,0.0,0.0,0.6,329,122,0.8,288,105,0.0,302,120,0.1,340,121,,,,2,,Kaden,Braithwaite,Braithwaite,,,1,0,0,0,0,0,0,0,0,0,0,0,0,,,,0.0,0.0,0.0,0.0,0.0,0,0,1
628,a,,,6.0,92,59,0,0,0,0,0.0,628,278,0,0,0.0,616,269,0,0,0.0,616,269,0.0,0.0,0,48,48,14,14,2.2,2.2,0.0,0.0,0.0,0.0,0.0,0.0,0.0,0.0,0.0,617,270,0.0,617,270,0.0,613,266,0.0,617,270,,,,2,,Allan,Andrade Elias,Allan,,,0,0,0,0,0,0,0,0,0,0,0,0,0,,,,0.0,0.0,0.0,0.0,0.0,0,0,0
43,a,100.0,100.0,6.0,62,43,0,0,0,0,2.1,126,38,6,4,3.0,120,53,0,39,3.0,115,53,0.5,1.0,0,20080,7449,65207,29503,3.0,3.0,0.51,0.22,0.73,3.0,0.29,0.13,0.42,1.73,38.2,102,37,57.6,22,19,24.0,79,45,12.0,44,32,,,3.0,2,,Youri,Tielemans,Tielemans,,,156,0,0,0,4,0,0,0,0,0,0,2,18,,,,0.0,0.0,2.31,1.15,10.38,2,4,12
131,i,0.0,0.0,5.0,357,211,0,0,0,0,0.2,368,141,0,0,0.0,563,233,0,0,0.0,563,233,0.0,0.0,0,3552,1228,7786,3365,0.0,0.0,0.0,0.0,0.0,0.0,0.0,0.0,0.0,0.0,0.0,550,226,0.0,557,232,0.0,520,202,0.0,558,229,,,,2,,Carlos,Baleba,Baleba,Ankle injury - Expected back 19 Sep,,0,0,0,0,0,0,0,0,0,0,0,0,0,,,,0.0,0.0,0.0,0.0,0.0,0,0,0
162,a,,,5.0,356,210,0,0,0,0,0.9,209,68,3,1,1.5,204,95,0,19,1.5,190,90,0.3,0.6,0,11903,4447,30016,14867,1.5,1.5,0.0,0.23,0.23,1.94,0.0,0.27,0.27,2.3,17.6,192,74,4.9,211,116,2.0,234,111,2.5,233,104,,,,2,,Andrey,Nascimento dos Santos,Andrey Santos,,,76,0,0,0,3,0,0,0,0,0,0,1,14,,,,0.0,0.0,3.55,1.18,16.58,4,3,7
325,a,100.0,100.0,4.5,409,22,0,0,0,0,0.0,510,56,0,0,0.0,416,46,0,0,0.0,416,46,0.0,0.0,0,449,207,554,297,0.0,0.0,0.0,0.0,0.0,0.0,0.0,0.0,0.0,0.0,0.0,397,46,0.0,389,25,0.0,320,24,0.0,407,46,,,,2,,Karl,Darlow,Darlow,,,0,0,0,0,0,0,0,0,0,0,0,0,0,,,,0.0,0.0,0.0,0.0,0.0,0,0,0
412,a,,,5.0,314,17,0,0,0,0,14.3,29,5,3,2,1.5,202,19,0,18,1.5,188,16,0.3,0.6,0,54261,19547,195259,106649,1.5,1.5,0.0,0.0,0.0,3.07,0.0,0.0,0.0,1.54,47.2,68,10,0.0,539,64,0.0,497,64,4.7,181,11,,,,2,,Senne,Lammens,Lammens,,,180,0,0,0,4,0,0,0,0,0,5,2,0,,,,2.5,0.0,2.0,1.0,0.0,0,3,14
413,u,0.0,0.0,4.5,474,38,0,0,0,0,0.0,575,68,0,0,0.0,446,59,0,0,0.0,446,59,0.0,0.0,0,0,0,789,201,0.0,0.0,0.0,0.0,0.0,0.0,0.0,0.0,0.0,0.0,0.0,427,59,0.0,424,41,0.0,363,40,0.0,437,59,,,,2,,Altay,Bayındır,Bayindir,Has joined Celta Vigo on loan for the rest of the season,,0,0,0,0,0,0,0,0,0,0,0,0,0,,,,0.0,0.0,0.0,0.0,0.0,0,0,0
414,i,0.0,0.0,4.0,553,49,0,0,0,0,0.1,447,50,0,0,0.0,358,23,0,0,0.0,358,23,0.0,0.0,0,452,237,1618,613,0.0,0.0,0.0,0.0,0.0,0.0,0.0,0.0,0.0,0.0,0.0,340,23,0.0,330,2,0.0,252,1,0.0,349,23,,,,2,,Tom,Heaton,Heaton,Hamstring injury - Unknown return date,,0,0,0,0,0,0,0,0,0,0,0,0,0,,,,0.0,0.0,0.0,0.0,0.0,0,0,0
415,a,,,5.9,111,72,-1,1,-1,1,0.9,204,65,1,1,0.5,357,170,0,-7,0.5,346,162,0.1,0.2,0,7032,2224,50109,21448,0.5,0.5,0.65,0.04,0.69,1.92,1.06,0.07,1.13,3.14,7.0,253,112,12.9,162,98,55.0,28,18,6.5,136,69,,,,2,,Patrick,Dorgu,Dorgu,,,55,0,0,0,3,0,0,0,1,0,0,1,3,,,,0.0,0.0,4.91,1.64,4.91,1,2,0
416,i,0.0,0.0,5.0,265,41,0,0,0,0,0.0,549,190,0,0,0.0,524,189,0,0,0.0,524,189,0.0,0.0,0,180,63,806,308,0.0,0.0,0.0,0.0,0.0,0.0,0.0,0.0,0.0,0.0,0.0,512,192,0.0,513,192,0.0,467,185,0.0,519,192,,,,2,,Matthijs,de Ligt,De Ligt,Back injury - Unknown return date,,0,0,0,0,0,0,0,0,0,0,0,0,0,,,,0.0,0.0,0.0,0.0,0.0,0,0,0
417,a,,,5.0,272,44,0,0,0,0,2.3,119,49,3,2,1.5,199,64,0,18,1.5,185,63,0.3,0.6,0,13761,5571,54396,20764,1.5,1.5,0.15,0.12,0.27,1.06,0.16,0.13,0.29,1.15,24.0,160,72,53.5,27,4,33.0,57,12,11.1,55,11,,,,2,,Diogo,Dalot Teixeira,Dalot,,,83,0,0,0,1,0,0,0,0,0,0,1,7,,,,0.0,0.0,1.08,1.08,7.59,2,5,2
418,a,,,5.0,233,35,0,0,0,0,15.5,25,9,5,4,2.5,133,48,0,28,2.5,127,46,0.5,1.0,0,83783,30830,243546,137235,2.5,2.5,0.07,0.41,0.48,3.07,0.04,0.2,0.24,1.54,32.6,128,57,30.1,81,24,25.0,74,17,8.8,83,24,,,,2,,Harry,Maguire,Maguire,,,180,0,1,0,4,0,0,0,0,0,0,2,9,,,,0.0,0.0,2.0,1.0,4.5,1,8,9
419,a,100.0,100.0,5.0,279,47,0,0,0,0,1.3,169,69,1,1,1.0,271,105,0,2,0.5,304,113,0.1,0.2,0,11769,4994,30101,10526,0.5,0.5,0.03,0.06,0.09,2.06,0.03,0.06,0.09,2.06,4.8,278,104,1.8,255,87,3.0,211,77,1.0,294,106,,,,2,,Lisandro,Martínez,Martinez,,,90,0,0,0,2,0,0,0,0,0,0,1,0,,,,0.0,0.0,2.0,1.0,0.0,0,0,6
420,a,,,4.9,404,78,-1,1,-1,1,0.6,247,92,1,1,1.0,260,100,0,-2,0.5,295,108,0.1,0.2,0,2521,985,17640,6896,0.5,0.5,0.0,0.01,0.01,1.0,0.0,0.06,0.06,5.62,1.8,313,118,1.8,254,86,0.0,439,180,0.4,317,115,,,,2,,Leny,Yoro,Yoro,,,16,0,0,0,1,0,0,0,0,0,0,0,2,,,,0.0,0.0,5.62,0.0,11.25,0,2,1
421,a,,,4.5,534,145,0,0,0,0,0.4,280,107,1,0,1.0,256,98,0,5,0.5,292,106,0.1,0.2,0,4008,920,9442,5251,0.5,0.5,0.12,0.04,0.16,1.01,0.12,0.04,0.16,1.01,6.8,254,99,2.6,233,75,11.0,138,46,2.0,257,94,,,,2,,Ayden,Heaven,Heaven,,,90,0,0,0,2,0,0,0,0,0,0,1,2,,,,0.0,0.0,2.0,1.0,2.0,1,1,4
422,a,,,4.5,454,109,0,0,0,0,0.7,232,85,2,1,1.0,243,87,0,7,1.0,220,77,0.2,0.4,0,8087,2233,13800,7708,1.0,1.0,0.22,0.05,0.27,2.01,0.21,0.05,0.26,1.88,18.8,184,81,30.7,79,23,9.0,151,49,5.9,147,55,,,,2,,Noussair,Mazraoui,Mazraoui,,,96,0,0,0,3,0,0,0,0,0,0,1,5,,,,0.0,0.0,2.81,0.94,4.69,1,4,3
423,a,,,4.5,418,85,0,0,0,0,17.4,21,6,3,2,1.5,193,62,0,25,1.5,178,60,0.3,0.7,0,61207,18280,283553,166464,1.5,1.5,0.0,0.28,0.28,2.07,0.0,0.16,0.16,1.15,43.6,75,30,60.8,18,2,10.0,147,47,11.4,50,9,3.0,,,2,,Luke,Shaw,Shaw,,,162,0,0,0,3,0,0,0,0,0,0,2,12,,,,0.0,0.0,1.67,1.11,6.67,5,7,5
424,a,,,4.0,619,198,0,0,0,0,0.2,341,127,0,0,0.0,406,149,0,0,0.0,406,149,0.0,0.0,0,1772,884,3430,1449,0.0,0.0,0.0,0.0,0.0,0.0,0.0,0.0,0.0,0.0,0.0,388,151,0.0,380,149,0.0,307,125,0.0,398,151,,,,2,,Harry,Amass,Amass,,,0,0,0,0,0,0,0,0,0,0,0,0,0,,,,0.0,0.0,0.0,0.0,0.0,0,0,0
425,u,0.0,0.0,4.0,610,189,0,0,0,0,0.0,568,195,0,0,0.0,399,142,0,0,0.0,399,142,0.0,0.0,0,0,0,907,227,0.0,0.0,0.0,0.0,0.0,0.0,0.0,0.0,0.0,0.0,0.0,381,144,0.0,373,142,0.0,298,116,0.0,391,144,,,,2,,Tyler,Fredricson,Fredricson,Has joined Lausanne-Sport permanently,,0,0,0,0,0,0,0,0,0,0,0,0,0,,,,0.0,0.0,0.0,0.0,0.0,0,0,0
426,a,,,12.0,2,1,0,0,0,0,48.4,3,1,25,23,12.5,2,2,3,105,12.5,1,1,1.0,2.1,0,281046,232528,430859,202279,12.5,12.5,2.1,0.74,2.84,3.07,1.05,0.37,1.42,1.54,152.6,1,1,117.9,1,1,83.0,8,4,35.4,1,1,1.0,1.0,1.0,2,,Bruno,Borges Fernandes,B.Fernandes,,,180,3,1,0,4,0,0,0,0,0,0,2,14,,,,0.0,0.0,2.0,1.0,7.0,2,2,10
427,a,,,8.0,9,6,0,0,0,0,30.9,7,3,13,11,6.5,36,21,2,49,6.5,34,20,0.8,1.6,0,131752,49527,636464,416276,6.5,6.5,2.26,0.44,2.7,3.07,1.13,0.22,1.35,1.54,55.2,43,20,71.4,12,12,84.0,5,2,21.1,6,5,2.0,2.0,2.0,2,,Bryan,Mbeumo,Mbeumo,,,180,1,1,0,4,0,0,0,1,0,0,2,9,,,,0.0,0.0,2.0,1.0,4.5,3,0,6
428,a,,,8.0,8,5,0,0,0,0,8.4,49,18,11,9,5.5,54,27,1,45,5.5,51,25,0.7,1.4,0,40755,13901,181540,88583,5.5,5.5,0.35,0.36,0.71,2.07,0.2,0.21,0.41,1.18,25.4,152,55,55.8,23,20,63.0,18,10,14.5,27,21,,,,2,,Matheus,Santos Carneiro da Cunha,Cunha,,,158,0,2,0,3,0,0,0,0,0,0,2,5,,,,0.0,0.0,1.71,1.14,2.85,0,0,5
429,a,,,7.0,24,15,0,0,0,0,1.6,148,42,3,2,1.5,222,106,0,26,1.5,209,101,0.2,0.4,0,27078,12014,44932,22854,1.5,1.5,0.26,0.15,0.41,1.15,0.19,0.11,0.3,0.83,27.6,145,53,82.9,8,8,62.0,21,12,17.2,17,13,,,,2,,Marcus,Rashford,Rashford,,,124,0,0,0,1,0,0,0,0,0,0,1,7,,,,0.0,0.0,0.73,0.73,5.08,3,0,4
430,d,75.0,75.0,5.5,132,82,0,0,0,0,0.0,548,226,0,0,0.0,593,252,0,0,0.0,593,252,0.0,0.0,0,71,36,1056,361,0.0,0.0,0.0,0.0,0.0,0.0,0.0,0.0,0.0,0.0,0.0,583,248,0.0,588,251,0.0,566,234,0.0,589,250,,3.0,,2,,Mason,Mount,Mount,Foot injury - 75% chance of playing,,0,0,0,0,0,0,0,0,0,0,0,0,0,,,,0.0,0.0,0.0,0.0,0.0,0,0,0
431,i,0.0,0.0,5.9,107,68,0,0,-1,1,0.7,233,78,0,0,0.0,608,262,0,0,0.0,608,262,0.0,0.0,0,1734,158,85640,26181,0.0,0.0,0.0,0.0,0.0,0.0,0.0,0.0,0.0,0.0,0.0,605,262,0.0,606,262,0.0,600,258,0.0,607,262,4.0,,,2,,Amad,Diallo,Amad,Unspecified injury - Unknown return date,,0,0,0,0,0,0,0,0,0,0,0,0,0,,,,0.0,0.0,0.0,0.0,0.0,0,0,0
432,a,,,5.5,187,117,0,0,0,0,1.0,187,58,5,4,2.5,143,64,0,32,2.5,138,64,0.5,0.9,0,14536,11076,21729,8036,2.5,2.5,0.21,0.28,0.49,1.13,0.19,0.25,0.44,1.0,18.0,189,72,9.7,188,104,11.0,140,70,3.8,201,89,,,,2,,Kobbie,Mainoo,Mainoo,,,102,0,0,0,1,0,0,0,0,0,0,1,16,,,,0.0,0.0,0.88,0.88,14.12,3,2,11
433,i,0.0,0.0,5.0,287,174,0,0,0,0,0.0,610,264,0,0,0.0,533,219,0,0,0.0,533,219,0.0,0.0,0,42,18,139,51,0.0,0.0,0.0,0.0,0.0,0.0,0.0,0.0,0.0,0.0,0.0,521,211,0.0,522,216,0.0,477,181,0.0,528,213,,,,2,,Manuel,Ugarte Ribeiro,Ugarte,Knee injury - Unknown return date,,0,0,0,0,0,0,0,0,0,0,0,0,0,,,,0.0,0.0,0.0,0.0,0.0,0,0,0
434,a,,,5.0,363,217,0,0,0,0,0.0,587,249,0,0,0.0,567,237,0,0,0.0,567,237,0.0,0.0,0,95,54,281,112,0.0,0.0,0.0,0.0,0.0,0.0,0.0,0.0,0.0,0.0,0.0,554,230,0.0,561,236,0.0,524,206,0.0,562,233,,,,2,,Jack,Fletcher,J.Fletcher,,,0,0,0,0,0,0,0,0,0,0,0,0,0,,,,0.0,0.0,0.0,0.0,0.0,0,0,0
435,a,,,5.0,372,224,0,0,0,0,0.1,490,200,1,0,1.0,290,130,0,3,0.5,319,147,0.1,0.2,0,543,216,1281,691,0.5,0.5,0.0,0.0,0.0,0.0,0.0,0.0,0.0,0.0,0.2,336,155,0.6,299,150,0.0,532,213,0.1,345,162,,,,2,,Shea,Lacey,Lacey,,,10,0,0,0,0,0,0,0,0,0,0,0,1,,,,0.0,0.0,0.0,0.0,9.0,0,0,1
436,u,0.0,,5.0,331,195,0,0,0,0,0.0,566,236,0,0,0.0,554,230,0,0,0.0,554,230,0.0,0.0,0,150,90,397,163,0.0,0.0,0.0,0.0,0.0,0.0,0.0,0.0,0.0,0.0,0.0,542,223,0.0,548,229,0.0,508,197,0.0,550,226,,,,2,,Toby,Collyer,Collyer,Has joined West Brom permanently,,0,0,0,0,0,0,0,0,0,0,0,0,0,,,,0.0,0.0,0.0,0.0,0.0,0,0,0
437,a,,,4.5,524,265,0,0,0,0,0.2,351,131,0,0,0.0,479,187,0,0,0.0,479,187,0.0,0.0,0,2053,1092,4095,1724,0.0,0.0,0.0,0.0,0.0,0.0,0.0,0.0,0.0,0.0,0.0,461,175,0.0,463,184,0.0,407,142,0.0,471,180,,,,2,,Bendito,Mantato,Bendito Mantato,,,0,0,0,0,0,0,0,0,0,0,0,0,0,,,,0.0,0.0,0.0,0.0,0.0,0,0,0
438,a,,,4.5,505,260,0,0,0,0,0.3,294,99,0,0,0.0,463,182,0,0,0.0,463,182,0.0,0.0,0,2509,1181,6689,2705,0.0,0.0,0.0,0.0,0.0,0.0,0.0,0.0,0.0,0.0,0.0,444,170,0.0,447,179,0.0,389,137,0.0,454,175,,,,2,,Tyler,Fletcher,Fletcher,,,0,0,0,0,0,0,0,0,0,0,0,0,0,,,,0.0,0.0,0.0,0.0,0.0,0,0,0
439,a,100.0,100.0,7.0,29,10,0,0,0,0,1.7,145,24,2,1,1.0,340,42,0,7,1.0,269,33,0.1,0.3,0,40546,9992,45786,30660,1.0,1.0,0.04,0.01,0.05,1.07,0.11,0.03,0.14,2.92,2.2,310,34,11.0,180,20,11.0,146,28,2.4,242,28,,,,2,,Benjamin,Sesko,Šeško,,,33,0,0,0,1,0,0,0,0,0,0,0,3,,,,0.0,0.0,2.73,0.0,8.18,0,0,3
440,a,,,5.4,217,47,-1,1,-1,1,0.5,263,45,0,0,0.0,584,65,0,0,0.0,584,65,0.0,0.0,0,5095,3050,21006,7875,0.0,0.0,0.0,0.0,0.0,0.0,0.0,0.0,0.0,0.0,0.0,571,58,0.0,577,63,0.0,549,60,0.0,578,63,,,,2,,Joshua,Zirkzee,Zirkzee,,,0,0,0,0,0,0,0,0,0,0,0,0,0,,,,0.0,0.0,0.0,0.0,0.0,0,0,0
441,a,,,4.5,531,71,0,0,0,0,1.2,174,27,0,0,0.0,484,52,0,0,0.0,484,52,0.0,0.0,0,17701,11385,20679,9110,0.0,0.0,0.0,0.0,0.0,0.0,0.0,0.0,0.0,0.0,0.0,466,45,0.0,468,50,0.0,412,47,0.0,476,50,,,,2,,Chido,Obi,Obi,,,0,0,0,0,0,0,0,0,0,0,0,0,0,,,,0.0,0.0,0.0,0.0,0.0,0,0,0
405,a,,,5.5,173,106,0,0,0,0,0.2,331,118,2,2,2.0,177,87,0,9,1.0,254,120,0.2,0.4,0,8184,5797,3368,1626,1.0,1.0,0.0,0.2,0.2,0.74,0.0,0.26,0.26,0.95,7.2,252,111,29.5,84,52,0.0,582,247,3.7,205,91,,,,2,,Nico,González Iglesias,N.Gonzalez,,,70,0,0,1,0,0,0,0,1,0,0,1,4,,,,0.0,1.29,0.0,1.29,5.14,0,2,2
442,a,,,5.0,234,6,0,0,0,0,1.2,175,25,0,0,0.0,511,65,0,0,0.0,511,65,0.0,0.0,0,5673,2967,24251,11947,0.0,0.0,0.0,0.0,0.0,0.0,0.0,0.0,0.0,0.0,0.0,494,65,0.0,497,54,0.0,444,53,0.0,503,65,,,,2,,Nick,Pope,Pope,,,0,0,0,0,0,0,0,0,0,0,0,0,0,,,,0.0,0.0,0.0,0.0,0.0,0,0,0
443,a,,,4.5,412,25,0,0,0,0,0.0,524,58,0,0,0.0,417,47,0,0,0.0,417,47,0.0,0.0,0,306,144,474,243,0.0,0.0,0.0,0.0,0.0,0.0,0.0,0.0,0.0,0.0,0.0,398,47,0.0,392,28,0.0,323,27,0.0,408,47,,,,2,,Mark,Gillespie,Gillespie,,,0,0,0,0,0,0,0,0,0,0,0,0,0,,,,0.0,0.0,0.0,0.0,0.0,0,0,0
444,a,,,4.5,515,48,0,0,0,0,0.0,544,63,0,0,0.0,472,64,0,0,0.0,472,64,0.0,0.0,0,229,105,651,303,0.0,0.0,0.0,0.0,0.0,0.0,0.0,0.0,0.0,0.0,0.0,453,64,0.0,456,51,0.0,398,50,0.0,463,64,,,,2,,Ewen,Jaouen,Jaouen,,,0,0,0,0,0,0,0,0,0,0,0,0,0,,,,0.0,0.0,0.0,0.0,0.0,0,0,0
445,a,,,5.0,315,57,0,0,0,0,1.9,129,53,9,6,4.5,71,25,0,25,4.5,67,24,0.9,1.8,0,49700,29902,26802,15904,4.5,4.5,0.0,0.02,0.02,4.1,0.0,0.01,0.01,2.05,44.6,74,29,1.7,261,90,0.0,498,192,4.6,182,68,,,,2,,Malick,Thiaw,Thiaw,,,180,0,0,1,2,0,0,0,0,0,0,2,18,,,,0.0,0.5,1.0,1.0,9.0,0,18,3
446,a,100.0,100.0,5.0,239,36,0,0,0,0,0.2,314,116,1,0,1.0,262,101,0,-1,0.5,297,109,0.1,0.2,0,3044,1149,5077,3192,0.5,0.5,0.0,0.0,0.0,0.79,0.0,0.0,0.0,71.1,0.0,498,188,0.0,500,189,0.0,449,181,0.0,506,188,,2.0,,2,,Fabian,Schär,Schär,,,1,0,0,0,1,0,0,0,0,0,0,0,0,,,,0.0,0.0,90.0,0.0,0.0,0,0,0
447,a,,,5.0,276,45,0,0,0,0,0.6,241,89,8,5,4.0,83,31,0,26,4.0,80,31,0.8,1.6,0,18109,9224,6909,3627,4.0,4.0,0.01,0.01,0.02,4.1,0.0,0.0,0.0,2.05,43.6,76,31,2.1,244,81,2.0,229,86,4.8,178,65,,,,2,,Sven,Botman,Botman,,,180,0,0,1,2,0,0,0,1,0,0,2,15,,,,0.0,0.5,1.0,1.0,7.5,1,14,6
448,i,0.0,0.0,4.9,392,74,-1,1,-1,1,1.3,168,68,0,0,0.0,498,183,0,0,0.0,498,183,0.0,0.0,0,6669,422,106754,31443,0.0,0.0,0.0,0.0,0.0,0.0,0.0,0.0,0.0,0.0,0.0,481,184,0.0,482,185,0.0,427,176,0.0,490,184,,,,2,,Dan,Burn,Burn,Ankle injury - Expected back 14 Sep,,0,0,0,0,0,0,0,0,0,0,0,0,0,,,,0.0,0.0,0.0,0.0,0.0,0,0,0
449,a,,,5.0,327,63,0,0,0,0,7.5,54,21,14,11,7.0,26,10,3,60,7.0,25,9,1.4,2.8,0,355512,302811,52462,33026,7.0,7.0,0.03,0.66,0.69,4.1,0.02,0.33,0.35,2.05,61.0,27,8,42.5,45,9,4.0,200,71,10.7,60,13,1.0,1.0,,2,,Lewis,Hall,Hall,,,180,0,0,1,2,0,0,0,0,0,0,2,24,,,,0.0,0.5,1.0,1.0,12.0,7,17,14
450,i,0.0,0.0,5.0,302,53,0,0,0,0,0.0,536,186,0,0,0.0,540,193,0,0,0.0,540,193,0.0,0.0,0,160,69,1791,563,0.0,0.0,0.0,0.0,0.0,0.0,0.0,0.0,0.0,0.0,0.0,528,196,0.0,532,196,0.0,488,189,0.0,536,196,,,,2,,Tino,Livramento,Livramento,Calf injury - Unknown return date,,0,0,0,0,0,0,0,0,0,0,0,0,0,,,,0.0,0.0,0.0,0.0,0.0,0,0,0
451,u,0.0,0.0,4.0,609,188,0,0,0,0,0.1,452,159,0,0,0.0,398,141,0,0,0.0,398,141,0.0,0.0,0,0,0,4585,1309,0.0,0.0,0.0,0.0,0.0,0.0,0.0,0.0,0.0,0.0,0.0,380,143,0.0,372,141,0.0,297,115,0.0,390,143,,,,2,,Alex,Murphy,A.Murphy,Has joined FC Kaiserslautern on loan for the rest of the season,,0,0,0,0,0,0,0,0,0,0,0,0,0,,,,0.0,0.0,0.0,0.0,0.0,0,0,0
453,a,,,6.0,66,46,0,0,0,0,1.1,184,56,5,3,2.5,148,68,0,21,2.5,143,68,0.4,0.8,0,25022,10027,22573,12243,2.5,2.5,0.11,0.03,0.14,4.1,0.06,0.02,0.08,2.05,12.4,224,93,24.5,109,66,16.0,108,57,5.3,162,76,5.0,,,2,,Harvey,Barnes,Barnes,,,180,0,0,1,2,0,0,0,0,0,0,2,12,,,,0.0,0.5,1.0,1.0,6.0,3,5,4
454,a,,,6.1,58,41,1,-1,1,-1,7.3,55,20,17,8,8.5,17,8,2,63,8.5,15,7,1.4,2.8,0,543884,448443,51589,39716,8.5,8.5,0.42,0.11,0.53,2.68,0.24,0.06,0.3,1.55,74.2,11,7,18.8,132,81,57.0,26,16,15.0,25,19,4.0,,,2,,Anthony,Elanga,Elanga,,,156,2,0,1,1,0,0,0,0,0,0,2,5,,,,0.0,0.58,0.58,1.15,2.88,2,1,2
456,a,,,5.0,289,176,0,0,0,0,0.3,295,100,1,1,0.5,347,166,0,4,0.5,305,135,0.1,0.2,0,2554,1112,8442,3762,0.5,0.5,0.06,0.14,0.2,1.88,0.13,0.3,0.43,4.03,8.0,246,105,5.5,205,112,4.0,199,96,1.7,271,120,,,,2,,Jacob,Ramsey,J.Ramsey,,,42,0,0,0,1,0,0,0,1,0,0,0,7,,,,0.0,0.0,2.14,0.0,15.0,2,3,2
457,a,,,5.9,95,60,-1,1,-1,1,0.1,380,147,1,1,0.5,356,169,0,2,0.5,344,160,0.1,0.2,0,1301,584,4798,2116,0.5,0.5,0.0,0.2,0.2,1.42,0.0,0.82,0.82,5.81,2.2,309,139,3.2,227,124,4.0,206,99,0.8,304,137,2.0,,,2,,Jacob,Murphy,J.Murphy,,,22,0,0,0,1,0,0,0,1,0,0,0,5,,,,0.0,0.0,4.09,0.0,20.45,1,1,3
458,i,0.0,0.0,5.4,209,129,-1,1,-1,1,0.0,551,228,0,0,0.0,578,243,0,0,0.0,578,243,0.0,0.0,0,111,63,1491,423,0.0,0.0,0.0,0.0,0.0,0.0,0.0,0.0,0.0,0.0,0.0,566,237,0.0,573,243,0.0,544,221,0.0,574,240,,,,2,,Joelinton Cássio,Apolinário de Lira,Joelinton,Unspecified injury - Unknown return date,,0,0,0,0,0,0,0,0,0,0,0,0,0,,,,0.0,0.0,0.0,0.0,0.0,0,0,0
459,a,100.0,100.0,5.5,193,121,0,0,0,0,0.1,455,182,6,3,3.0,118,52,0,29,3.0,113,52,0.5,1.1,0,2585,1194,1367,833,3.0,3.0,0.05,0.05,0.1,3.06,0.03,0.03,0.06,1.67,26.8,146,54,36.1,56,43,3.0,212,102,6.6,131,67,3.0,,,2,,Lewis,Miley,L.Miley,,,165,0,0,1,1,0,0,0,1,0,0,2,22,,,,0.0,0.55,0.55,1.09,12.0,1,9,12
460,a,,,5.0,256,158,0,0,0,0,0.4,284,92,9,3,4.5,69,34,0,28,4.5,65,32,0.9,1.8,0,21153,12390,5899,3967,4.5,4.5,0.16,0.19,0.35,2.24,0.14,0.16,0.3,1.94,38.4,99,35,18.2,133,82,17.0,100,52,6.6,129,65,,,,2,,Joe,Willock,Willock,,,104,1,0,1,1,0,0,0,0,0,0,1,5,,,,0.0,0.87,0.87,0.87,4.33,2,1,2
461,a,,,5.9,112,73,-1,1,-1,1,0.2,357,135,1,1,1.0,327,156,0,3,0.5,347,163,0.1,0.2,0,989,476,8415,3957,0.5,0.5,0.0,0.0,0.0,0.0,0.0,0.0,0.0,0.0,0.0,607,264,0.0,608,264,0.0,602,260,0.0,609,264,,,,2,,Bazoumana,Touré,Touré,,,1,0,0,0,0,0,0,0,0,0,0,0,0,,,,0.0,0.0,0.0,0.0,0.0,0,0,0
462,a,,,5.0,385,233,0,0,0,0,0.1,434,173,2,1,1.0,295,135,0,7,1.0,245,114,0.2,0.4,0,1143,381,2487,1487,1.0,1.0,0.0,0.0,0.0,1.86,0.0,0.0,0.0,2.26,5.4,265,118,1.2,277,142,0.0,539,218,0.7,306,139,,,,2,,Sean,Steur,Steur,,,74,0,0,0,1,0,0,0,0,0,0,1,5,,,,0.0,0.0,1.22,1.22,6.08,0,3,2
463,a,,,5.9,104,28,-1,1,-1,1,1.4,163,25,4,4,4.0,89,12,0,18,2.0,167,17,0.3,0.7,0,13515,6322,53231,22447,2.0,2.0,0.02,0.01,0.03,0.38,0.09,0.05,0.14,1.8,18.2,187,16,10.5,184,21,11.0,143,26,4.0,194,23,,,1.0,2,,Nick,Woltemade,Woltemade,,,19,0,1,0,0,0,0,0,0,0,0,0,0,,,,0.0,0.0,0.0,0.0,0.0,0,0,0
464,a,,,6.1,57,13,1,-1,1,-1,9.8,42,7,12,8,6.0,47,3,2,44,6.0,44,3,1.0,2.0,0,699482,540525,66059,41971,6.0,6.0,1.35,0.02,1.37,2.93,0.71,0.01,0.72,1.54,55.6,42,3,26.6,95,8,74.0,12,5,15.6,23,5,,,3.0,2,,Yoane,Wissa,Wissa,,,171,1,1,1,1,0,0,0,1,0,0,2,14,,,,0.0,0.53,0.53,1.05,7.37,5,2,7
465,i,0.0,0.0,6.0,89,20,0,0,0,0,0.6,238,40,4,0,4.0,90,13,0,18,2.0,171,19,0.3,0.7,0,20681,337,52536,26029,0.0,0.0,0.06,0.14,0.2,1.48,0.1,0.23,0.33,2.42,28.2,141,13,13.7,155,15,8.0,162,29,5.0,172,19,,,2.0,2,,William,Osula,Osula,Foot injury - Unknown return date,,55,0,1,0,1,0,0,0,0,0,0,1,5,,,,0.0,0.0,1.64,1.64,8.18,1,2,2
466,a,,,4.5,533,72,0,0,0,0,0.8,213,35,0,0,0.0,486,53,0,0,0.0,486,53,0.0,0.0,0,17366,10888,15063,6938,0.0,0.0,0.0,0.0,0.0,0.0,0.0,0.0,0.0,0.0,0.0,468,46,0.0,470,51,0.0,414,48,0.0,478,51,,,,2,,Sean,Neave,Neave,,,0,0,0,0,0,0,0,0,0,0,0,0,0,,,,0.0,0.0,0.0,0.0,0.0,0,0,0
559,a,,,5.0,384,232,0,0,0,0,0.1,402,159,1,0,1.0,294,134,0,5,0.5,322,150,0.1,0.2,0,1230,540,3304,1637,0.5,0.5,0.0,0.0,0.0,1.04,0.0,0.0,0.0,6.69,4.0,289,133,0.0,569,241,0.0,538,217,0.4,318,145,,,,2,,Aladji,Bamba,Bamba,,,14,0,0,0,1,0,0,0,0,0,0,0,2,,,,0.0,0.0,6.43,0.0,12.86,1,1,0
567,a,,,5.0,320,18,0,0,0,0,1.0,193,30,8,7,4.0,85,6,0,44,4.0,82,6,0.8,1.6,0,36779,31242,12972,8714,4.0,4.0,0.0,0.0,0.0,4.1,0.0,0.0,0.0,2.05,75.8,8,1,0.0,541,65,0.0,501,65,7.6,108,1,,,,2,,Lukás,Hornícek,Horníček,,,180,0,0,1,2,0,0,0,1,0,9,2,0,,,,4.5,0.5,1.0,1.0,0.0,0,5,9
593,a,,,4.5,478,125,0,0,0,0,1.8,137,56,12,11,6.0,40,16,2,36,6.0,38,15,1.3,2.7,0,146340,135981,21134,18978,6.0,6.0,0.03,0.06,0.09,4.1,0.02,0.03,0.05,2.05,59.0,32,10,31.6,75,21,5.0,193,67,9.6,72,18,,,,2,,Amar,Dedic,Dedić,,,180,0,1,1,2,0,0,0,0,0,0,2,17,,,,0.0,0.5,1.0,1.0,8.5,5,12,7
609,a,,,4.0,613,192,0,0,0,0,0.2,321,119,0,0,0.0,402,145,0,0,0.0,402,145,0.0,0.0,0,11301,7308,2654,2009,0.0,0.0,0.0,0.0,0.0,0.0,0.0,0.0,0.0,0.0,0.0,384,147,0.0,376,145,0.0,301,119,0.0,394,147,,,,2,,Leo,Shahar,Shahar,,,0,0,0,0,0,0,0,0,0,0,0,0,0,,,,0.0,0.0,0.0,0.0,0.0,0,0,0
167,a,,,5.5,169,38,0,0,0,0,0.7,231,39,1,1,1.0,314,36,0,9,0.5,338,39,0.1,0.2,0,28760,21020,14392,6827,0.5,0.5,0.07,0.0,0.07,0.33,0.26,0.0,0.26,1.24,4.0,290,28,10.1,187,24,7.0,179,31,2.1,255,30,,,3.0,2,,Liam,Delap,Delap,,,24,0,0,0,1,0,0,0,0,0,0,0,0,,,,0.0,0.0,3.75,0.0,0.0,0,0,0
201,a,,,5.4,212,31,-1,1,-1,1,7.0,61,25,0,0,0.0,581,201,0,-4,0.0,581,201,0.0,0.0,0,28857,13212,248113,122687,0.0,0.0,0.23,0.01,0.24,0.84,0.38,0.02,0.4,1.4,1.2,324,121,1.8,256,88,21.0,84,20,2.4,240,89,,,,2,,Daniel,Muñoz Mejía,Muñoz,,,54,0,0,0,2,0,0,0,0,0,0,1,4,,,,0.0,0.0,3.33,1.67,6.67,1,3,1
467,a,,,5.0,231,5,0,0,0,0,1.4,158,24,3,1,1.5,197,17,0,17,1.5,183,14,0.3,0.6,0,7986,4636,21025,9279,1.5,1.5,0.0,0.01,0.01,2.22,0.0,0.0,0.0,1.11,30.8,133,14,0.0,496,53,0.0,443,52,3.1,216,14,,,,2,,Matz,Sels,Sels,,,180,0,0,0,3,0,0,0,0,0,4,2,0,,,,2.0,0.0,1.5,1.0,0.0,0,3,15
468,a,,,4.5,449,34,0,0,0,0,0.1,480,54,0,0,0.0,435,56,0,0,0.0,435,56,0.0,0.0,0,317,139,848,382,0.0,0.0,0.0,0.0,0.0,0.0,0.0,0.0,0.0,0.0,0.0,416,56,0.0,412,37,0.0,347,36,0.0,426,56,,,,2,,John Victor,Maciel Furtado,John,,,0,0,0,0,0,0,0,0,0,0,0,0,0,,,,0.0,0.0,0.0,0.0,0.0,0,0,0
469,a,,,5.0,271,43,0,0,0,0,8.6,48,18,8,6,4.0,82,30,0,29,4.0,79,30,0.8,1.6,0,44320,30170,125877,43743,4.0,4.0,0.12,0.17,0.29,2.22,0.06,0.08,0.14,1.11,49.6,58,21,31.1,77,22,12.0,129,41,9.3,75,21,2.0,2.0,,2,,Neco,Williams,N.Williams,,,180,0,1,0,3,0,0,0,0,0,0,2,18,,,,0.0,0.0,1.5,1.0,9.0,9,9,11
470,a,,,5.0,324,62,0,0,0,0,0.0,504,176,0,0,0.0,549,196,0,0,0.0,549,196,0.0,0.0,0,381,151,1208,541,0.0,0.0,0.0,0.0,0.0,0.0,0.0,0.0,0.0,0.0,0.0,536,198,0.0,542,198,0.0,502,193,0.0,544,198,,,,2,,Felipe,Rodrigues da Silva,Morato,,,0,0,0,0,0,0,0,0,0,0,0,0,0,,,,0.0,0.0,0.0,0.0,0.0,0,0,0
471,a,,,5.5,150,19,0,0,0,0,1.7,144,59,5,3,2.5,138,49,0,7,2.5,132,47,0.5,0.9,0,5873,3282,26209,9168,2.5,2.5,0.11,0.02,0.13,2.22,0.06,0.01,0.07,1.11,24.6,156,70,0.6,301,112,14.0,120,37,3.9,197,74,,,,2,,Nikola,Milenković,Milenković,,,180,0,0,0,3,0,0,0,0,0,0,2,20,,,,0.0,0.0,1.5,1.0,10.0,3,17,9
472,a,100.0,100.0,5.5,200,29,0,0,0,0,1.6,150,63,5,1,2.5,146,52,0,17,2.5,141,50,0.5,0.9,0,14246,5666,22946,11109,2.5,2.5,0.18,0.28,0.46,2.22,0.09,0.14,0.23,1.11,43.4,78,32,26.2,98,30,8.0,160,54,7.8,104,37,,3.0,,2,,Murillo,Costa dos Santos,Murillo,,,180,0,0,0,3,0,0,0,0,0,0,2,20,,,,0.0,0.0,1.5,1.0,10.0,2,18,6
473,a,,,4.5,429,89,0,0,0,0,3.3,101,40,5,0,2.5,129,45,0,26,2.5,123,43,0.6,1.1,0,30509,12739,50345,27508,2.5,2.5,0.04,0.52,0.56,2.09,0.02,0.3,0.32,1.19,27.8,143,64,51.1,31,6,15.0,111,32,9.4,74,20,,,,2,,Ola,Aina,Aina,,,158,0,0,1,2,0,0,0,2,0,0,2,7,,,,0.0,0.57,1.14,1.14,3.99,2,5,8
474,a,,,4.5,523,142,0,0,0,0,0.2,336,125,2,1,1.0,255,97,0,11,1.0,227,83,0.2,0.4,0,799,540,2655,1096,1.0,1.0,0.0,0.0,0.0,2.22,0.0,0.0,0.0,1.11,35.4,115,52,1.7,258,89,0.0,406,170,3.7,203,79,,,,2,,Jair,Paula da Cunha Filho,Jair Cunha,,,180,0,0,0,3,0,0,0,1,0,0,2,16,,,,0.0,0.0,1.5,1.0,8.0,3,13,3
475,i,0.0,0.0,4.5,498,133,0,0,0,0,0.0,619,206,0,0,0.0,456,171,0,0,0.0,456,171,0.0,0.0,0,128,15,101,53,0.0,0.0,0.0,0.0,0.0,0.0,0.0,0.0,0.0,0.0,0.0,437,172,0.0,440,173,0.0,382,162,0.0,447,172,,,,2,,Nicolò,Savona,Savona,Knee injury - Unknown return date,,0,0,0,0,0,0,0,0,0,0,0,0,0,,,,0.0,0.0,0.0,0.0,0.0,0,0,0
476,a,,,4.0,578,166,0,0,0,0,0.2,325,123,0,0,0.0,376,128,0,0,0.0,376,128,0.0,0.0,0,1144,649,3299,1291,0.0,0.0,0.0,0.0,0.0,0.0,0.0,0.0,0.0,0.0,0.0,358,130,0.0,350,128,0.0,274,101,0.0,368,130,,,,2,,Omar,Richards,O.Richards,,,0,0,0,0,0,0,0,0,0,0,0,0,0,,,,0.0,0.0,0.0,0.0,0.0,0,0,0
477,a,,,4.0,612,191,0,0,0,0,0.2,313,115,0,0,0.0,401,144,0,0,0.0,401,144,0.0,0.0,0,2148,1152,3828,1605,0.0,0.0,0.0,0.0,0.0,0.0,0.0,0.0,0.0,0.0,0.0,383,146,0.0,375,144,0.0,300,118,0.0,393,146,,,,2,,Zach,Abbott,Abbott,,,0,0,0,0,0,0,0,0,0,0,0,0,0,,,,0.0,0.0,0.0,0.0,0.0,0,0,0
478,a,,,4.5,481,126,0,0,0,0,0.0,525,182,2,1,1.0,249,92,0,3,1.0,224,80,0.2,0.4,0,219,107,548,260,1.0,1.0,0.0,0.0,0.0,0.13,0.0,0.0,0.0,0.58,2.0,312,117,0.9,283,102,0.0,368,158,0.3,325,117,,,,2,,Luca,Netz,Netz,,,20,0,0,0,1,0,0,0,0,0,0,0,1,,,,0.0,0.0,4.5,0.0,4.5,1,0,1
479,u,0.0,,4.0,607,186,0,0,0,0,0.2,358,133,0,0,0.0,397,140,0,0,0.0,397,140,0.0,0.0,0,799,434,2524,1107,0.0,0.0,0.0,0.0,0.0,0.0,0.0,0.0,0.0,0.0,0.0,379,142,0.0,371,140,0.0,296,114,0.0,389,142,,,,2,,Tyler,Bindon,Bindon,Has joined Charlton Athletic on loan for the rest of the season,,0,0,0,0,0,0,0,0,0,0,0,0,0,,,,0.0,0.0,0.0,0.0,0.0,0,0,0
480,a,100.0,100.0,7.9,12,8,-1,1,-1,1,9.0,44,17,15,13,7.5,24,13,3,46,7.5,23,13,0.9,1.9,0,110818,102038,344101,61008,7.5,7.5,0.92,0.1,1.02,2.22,0.46,0.05,0.51,1.11,56.4,40,18,21.8,119,73,33.0,58,33,11.0,57,37,,1.0,1.0,2,,Morgan,Gibbs-White,Gibbs-White,,,180,1,1,0,3,0,0,0,0,0,0,2,8,,,,0.0,0.0,1.5,1.0,4.0,2,2,4
482,a,100.0,100.0,5.9,99,62,-1,1,-1,1,0.2,338,123,1,1,1.0,324,153,0,2,0.5,345,161,0.1,0.2,0,1707,981,8252,2768,0.5,0.5,0.0,0.0,0.0,0.0,0.0,0.0,0.0,0.0,0.0,602,260,0.3,320,162,0.0,595,254,0.0,605,260,,4.0,,2,,Callum,Hudson-Odoi,Hudson-Odoi,,,1,0,0,0,0,0,0,0,0,0,0,0,0,,,,0.0,0.0,0.0,0.0,0.0,0,0,0
483,a,,,5.5,168,105,0,0,0,0,0.6,242,82,12,9,6.0,43,23,2,35,6.0,40,21,1.1,2.2,0,21162,19671,10844,5582,6.0,6.0,0.35,0.63,0.98,1.67,0.25,0.45,0.7,1.19,37.2,108,41,25.5,101,63,36.0,51,29,9.9,70,42,,,,2,,Dan,Ndoye,Ndoye,,,126,1,0,1,1,0,0,0,0,0,0,2,12,,,,0.0,0.71,0.71,1.43,8.57,1,2,9
484,u,0.0,,5.4,224,139,-1,1,-1,1,0.1,386,150,0,0,0.0,588,250,0,0,0.0,588,250,0.0,0.0,0,427,213,4191,1945,0.0,0.0,0.0,0.0,0.0,0.0,0.0,0.0,0.0,0.0,0.0,576,245,0.0,581,249,0.0,555,229,0.0,583,247,,,,2,,Omari,Hutchinson,Hutchinson,Has joined AC Milan on loan for the rest of the season,,0,0,0,0,0,0,0,0,0,0,0,0,0,,,,0.0,0.0,0.0,0.0,0.0,0,0,0
485,u,0.0,0.0,5.5,176,109,0,0,0,0,0.0,597,255,0,0,0.0,599,258,0,0,0.0,599,258,0.0,0.0,0,107,0,781,376,0.0,0.0,0.0,0.0,0.0,0.0,0.0,0.0,0.0,0.0,0.0,590,254,0.0,596,257,0.0,583,248,0.0,596,256,,,,2,,Dilane,Bakwa,Bakwa,Has joined Lille on loan for the rest of the season,,0,0,0,0,0,0,0,0,0,0,0,0,0,,,,0.0,0.0,0.0,0.0,0.0,0,0,0
486,a,,,5.5,157,98,0,0,0,0,0.1,465,186,5,2,2.5,139,62,0,34,2.5,133,62,0.5,0.9,0,2870,2196,1247,772,2.5,2.5,0.0,0.32,0.32,2.09,0.0,0.18,0.18,1.15,19.8,176,68,61.0,17,16,0.0,577,244,8.1,97,50,1.0,,,2,,James,McAtee,McAtee,,,163,0,0,1,2,0,0,0,0,0,0,2,16,,,,0.0,0.55,1.1,1.1,8.83,2,4,10
487,a,,,5.0,295,180,0,0,0,0,0.1,466,187,1,1,1.0,272,116,0,3,0.5,306,136,0.1,0.2,0,433,219,1715,653,0.5,0.5,0.0,0.0,0.0,0.0,0.0,0.0,0.0,0.0,0.2,334,153,0.0,528,220,0.0,483,185,0.0,534,217,,,,2,,Nicolás,Domínguez,Dominguez,,,1,0,0,0,0,0,0,0,0,0,0,0,0,,,,0.0,0.0,0.0,0.0,0.0,0,0,0
488,i,0.0,0.0,5.0,267,166,0,0,0,0,0.7,228,76,2,0,2.0,161,75,0,10,1.0,232,106,0.2,0.4,0,2995,145,35470,17493,0.0,0.0,0.03,0.01,0.04,0.47,0.03,0.01,0.04,0.47,17.8,191,73,13.0,160,97,3.0,210,101,3.4,209,93,,,,2,,Ibrahim,Sangaré,I.Sangaré,Calf injury - Unknown return date,,90,0,0,0,1,0,0,0,0,0,0,1,6,,,,0.0,0.0,1.0,1.0,6.0,0,3,3
489,a,100.0,100.0,4.5,443,250,0,0,0,0,1.5,157,47,0,0,0.0,433,174,0,0,0.0,433,174,0.0,0.0,0,13321,11578,48667,11584,0.0,0.0,0.0,0.0,0.0,0.0,0.0,0.0,0.0,0.0,0.0,414,162,0.0,409,171,0.0,343,128,0.0,424,167,,,,2,,Ryan,Yates,Yates,,,0,0,0,0,0,0,0,0,0,0,0,0,0,,,,0.0,0.0,0.0,0.0,0.0,0,0,0
490,a,,,5.9,94,24,-1,1,-1,1,1.3,165,26,1,0,1.0,321,38,0,3,0.5,343,41,0.1,0.2,0,9040,4471,55621,26270,0.5,0.5,0.12,0.01,0.13,0.22,0.39,0.03,0.42,0.71,0.0,600,65,2.4,236,33,3.0,213,34,0.4,320,37,,,2.0,2,,Chris,Wood,Wood,,,28,0,0,0,1,0,0,0,0,0,0,0,1,,,,0.0,0.0,3.21,0.0,3.21,0,0,1
491,a,,,6.0,83,18,0,0,0,0,3.2,102,15,3,1,1.5,220,29,0,12,1.5,207,24,0.2,0.5,0,22064,11827,104518,45968,1.5,1.5,0.96,0.06,1.02,2.22,0.48,0.03,0.51,1.11,13.8,214,18,20.1,125,12,69.0,14,6,10.3,66,10,,,4.0,2,,Igor Jesus,Maciel da Cruz,Igor Jesus,,,180,0,0,0,3,0,0,0,1,0,0,2,8,,,,0.0,0.0,1.5,1.0,4.0,1,5,2
493,a,,,5.5,172,40,0,0,0,0,0.0,496,65,1,0,1.0,315,37,0,3,0.5,339,40,0.1,0.2,0,610,271,1515,758,0.5,0.5,0.0,0.0,0.0,0.0,0.0,0.0,0.0,0.0,0.0,589,61,0.0,595,65,0.0,581,63,0.0,595,65,,,,2,,Arnaud,Kalimuendo,Kalimuendo,,,1,0,0,0,0,0,0,0,0,0,0,0,0,,,,0.0,0.0,0.0,0.0,0.0,0,0,0
558,a,,,5.0,261,161,0,0,0,0,0.1,427,170,5,4,2.5,134,58,0,18,2.5,128,58,0.5,1.0,0,964,806,1843,699,2.5,2.5,0.05,0.0,0.05,1.88,0.04,0.0,0.04,1.6,21.8,169,62,1.7,260,135,9.0,154,76,3.3,212,94,3.0,,,2,,Xaver,Schlager,Schlager,,,106,0,0,0,3,0,0,0,0,0,0,1,16,,,,0.0,0.0,2.55,0.85,13.58,5,3,8
581,a,,,5.5,197,28,0,0,0,0,0.6,235,86,0,0,0.0,602,205,0,0,0.0,602,205,0.0,0.0,0,5552,2068,21982,9881,0.0,0.0,0.0,0.0,0.0,0.0,0.0,0.0,0.0,0.0,0.0,595,205,0.0,600,205,0.0,589,204,0.0,599,205,,,,2,,Ousmane,Diomande,Diomande,,,0,0,0,0,0,0,0,0,0,0,0,0,0,,,,0.0,0.0,0.0,0.0,0.0,0,0,0
590,a,,,4.5,469,37,0,0,0,0,0.1,468,52,0,0,0.0,443,58,0,0,0.0,443,58,0.0,0.0,0,1234,609,1079,535,0.0,0.0,0.0,0.0,0.0,0.0,0.0,0.0,0.0,0.0,0.0,424,58,0.0,421,40,0.0,360,39,0.0,434,58,,,,2,,Steven,Benda,Benda,,,0,0,0,0,0,0,0,0,0,0,0,0,0,,,,0.0,0.0,0.0,0.0,0.0,0,0,0
112,a,,,5.0,317,59,0,0,0,0,8.2,51,20,2,1,1.0,276,106,0,12,1.0,238,84,0.2,0.4,0,47527,10923,220184,121416,1.0,1.0,0.11,0.06,0.17,4.59,0.06,0.03,0.09,2.3,54.8,45,14,16.5,141,43,35.0,55,11,10.6,62,15,,,,2,,Jan Paul,van Hecke,Van Hecke,,,180,0,0,0,5,0,0,0,0,0,0,2,17,,,,0.0,0.0,2.5,1.0,8.5,4,13,7
401,a,,,7.0,28,9,0,0,0,0,1.9,131,22,2,2,2.0,190,24,0,14,1.0,268,32,0.1,0.3,0,100935,61127,40478,21117,1.0,1.0,0.17,0.07,0.24,0.72,0.17,0.07,0.24,0.72,9.2,238,21,35.1,63,4,28.0,68,15,7.2,119,16,,,2.0,2,,Omar,Marmoush,Marmoush,,,90,0,0,0,2,0,0,0,0,0,0,1,4,,,,0.0,0.0,2.0,1.0,4.0,1,0,3
403,d,75.0,,6.5,45,31,0,0,0,0,0.8,214,70,0,0,0.0,622,274,0,0,0.0,622,274,0.0,0.0,0,67098,11351,28264,21400,0.0,0.0,0.0,0.0,0.0,0.0,0.0,0.0,0.0,0.0,0.0,623,275,0.0,623,275,0.0,622,274,0.0,623,275,,,,2,,Sávio,Moreira de Oliveira,Sávio,Muscular injury - 75% chance of playing,,0,0,0,0,0,0,0,0,0,0,0,0,0,,,,0.0,0.0,0.0,0.0,0.0,0,0,0
455,a,,,5.4,213,132,-1,1,-1,1,3.2,105,31,4,2,2.0,170,81,0,30,2.0,158,78,0.4,0.7,0,20781,6662,108136,55920,2.0,2.0,0.09,0.08,0.17,4.59,0.05,0.04,0.09,2.52,11.2,227,94,32.7,73,47,12.0,130,66,5.6,152,72,,5.0,,2,,Sandro,Tonali,Tonali,,,164,0,0,0,5,0,0,0,0,0,0,2,8,,,,0.0,0.0,2.74,1.1,4.39,1,1,6
494,u,0.0,0.0,4.5,435,32,0,0,0,0,0.2,339,37,0,0,0.0,430,54,0,0,0.0,430,54,0.0,0.0,0,0,0,15538,4101,0.0,0.0,0.0,0.0,0.0,0.0,0.0,0.0,0.0,0.0,0.0,411,54,0.0,406,35,0.0,339,34,0.0,421,54,,,,2,,Guglielmo,Vicario,Vicario,Has joined Juventus on loan for the rest of the season,,0,0,0,0,0,0,0,0,0,0,0,0,0,,,,0.0,0.0,0.0,0.0,0.0,0,0,0
495,a,,,4.0,579,62,0,0,0,0,0.9,199,31,0,0,0.0,377,36,0,0,0.0,377,36,0.0,0.0,0,8395,5183,6912,3210,0.0,0.0,0.0,0.0,0.0,0.0,0.0,0.0,0.0,0.0,0.0,359,36,0.0,351,15,0.0,275,14,0.0,369,36,,,,2,,Brandon,Austin,Austin,,,0,0,0,0,0,0,0,0,0,0,0,0,0,,,,0.0,0.0,0.0,0.0,0.0,0,0,0
496,a,,,4.5,486,42,0,0,0,0,20.6,15,3,3,1,1.5,196,16,0,19,1.5,182,13,0.3,0.7,0,65286,24661,228383,146232,1.5,1.5,0.0,0.0,0.0,4.59,0.0,0.0,0.0,2.3,47.4,67,9,0.0,430,45,0.0,372,44,4.8,177,10,,,,2,,Antonín,Kinský,Kinsky,,,180,0,0,0,5,0,0,0,0,0,5,2,0,,,,2.5,0.0,2.5,1.0,0.0,0,4,18
497,a,,,4.0,557,53,0,0,0,0,18.2,20,4,0,0,0.0,362,27,0,0,0.0,362,27,0.0,0.0,0,99739,64653,128071,64254,0.0,0.0,0.0,0.0,0.0,0.0,0.0,0.0,0.0,0.0,0.0,344,27,0.0,334,6,0.0,256,5,0.0,353,27,,,,2,,Martin,Dubravka,Dubravka,,,0,0,0,0,0,0,0,0,0,0,0,0,0,,,,0.0,0.0,0.0,0.0,0.0,0,0,0
498,a,,,6.0,68,7,0,0,0,0,6.2,65,26,3,0,3.0,121,42,0,10,1.5,204,66,0.2,0.5,0,19460,3518,178265,114030,1.5,1.5,0.0,0.02,0.02,3.87,0.0,0.02,0.02,3.87,36.6,111,50,2.2,243,80,0.0,606,205,3.9,198,75,,,,2,,Marcos,Senesi Barón,Senesi,,,90,0,0,0,3,0,0,0,0,0,0,1,16,,,,0.0,0.0,3.0,1.0,16.0,5,11,2
499,a,100.0,100.0,5.5,163,21,0,0,0,0,12.4,32,11,1,1,1.0,313,110,0,1,0.5,336,119,0.1,0.2,0,51702,31128,441043,123525,0.5,0.5,0.33,0.1,0.43,0.72,0.33,0.1,0.43,0.72,9.4,236,96,7.9,196,63,21.0,87,22,3.8,200,77,3.0,1.0,,2,,Pedro,Porro Sauceda,Pedro Porro,,,90,0,0,0,2,0,0,0,0,0,0,1,4,,,,0.0,0.0,2.0,1.0,4.0,1,3,2
500,u,0.0,0.0,5.0,278,46,0,0,0,0,0.1,403,143,0,0,0.0,528,190,0,0,0.0,528,190,0.0,0.0,0,0,0,13522,2743,0.0,0.0,0.0,0.0,0.0,0.0,0.0,0.0,0.0,0.0,0.0,516,193,0.0,517,193,0.0,471,186,0.0,523,193,,,,2,,Cristian,Romero,Romero,Has joined Atletico Madrid permanently,,0,0,0,0,0,0,0,0,0,0,0,0,0,,,,0.0,0.0,0.0,0.0,0.0,0,0,0
501,a,,,5.0,241,37,0,0,0,0,0.2,367,135,0,0,0.0,515,187,0,0,0.0,515,187,0.0,0.0,0,1461,441,4523,2091,0.0,0.0,0.0,0.0,0.0,0.0,0.0,0.0,0.0,0.0,0.0,500,189,0.0,502,190,0.0,451,182,0.0,508,189,,,,2,,Kevin,Danso,Danso,,,0,0,0,0,0,0,0,0,0,0,0,0,0,,,,0.0,0.0,0.0,0.0,0.0,0,0,0
502,a,,,4.5,425,87,0,0,0,0,3.5,94,37,5,2,2.5,128,44,0,20,2.5,122,42,0.6,1.1,0,30765,8594,55598,32300,2.5,2.5,0.06,0.08,0.14,4.35,0.03,0.05,0.08,2.49,43.0,81,35,36.0,57,12,27.0,69,14,10.6,61,14,1.0,,,2,,Andrew,Robertson,Robertson,,,157,0,0,0,4,0,0,0,0,0,0,2,14,,,,0.0,0.0,2.29,1.15,8.03,3,11,4
503,a,100.0,100.0,5.0,333,64,0,0,0,0,3.9,89,35,0,0,0.0,555,197,0,5,0.0,555,197,0.0,0.0,0,19041,10667,170832,46129,0.0,0.0,0.0,0.02,0.02,0.72,0.0,0.02,0.02,0.72,15.2,205,86,2.1,246,83,0.0,510,194,1.7,272,99,,,,2,,Micky,van de Ven,Van de Ven,,,90,0,0,0,2,0,0,0,1,0,0,1,8,,,,0.0,0.0,2.0,1.0,8.0,1,7,4
505,u,0.0,0.0,4.5,458,111,0,0,0,0,0.4,283,108,0,0,0.0,439,164,0,0,0.0,439,164,0.0,0.0,0,0,0,56158,10376,0.0,0.0,0.0,0.0,0.0,0.0,0.0,0.0,0.0,0.0,0.0,420,165,0.0,416,165,0.0,352,149,0.0,430,165,,,,2,,Djed,Spence,Spence,Has joined Internazionale permanently,,0,0,0,0,0,0,0,0,0,0,0,0,0,,,,0.0,0.0,0.0,0.0,0.0,0,0,0
506,a,,,4.5,487,129,0,0,0,0,0.4,266,98,2,1,1.0,252,95,0,5,1.0,226,82,0.2,0.4,0,2415,730,8669,3977,1.0,1.0,0.0,0.21,0.21,0.68,0.0,0.73,0.73,2.35,5.2,267,102,12.2,168,51,2.0,222,83,1.9,260,96,,,,2,,Destiny,Udogie,Udogie,,,26,0,0,0,1,0,0,0,0,0,0,0,1,,,,0.0,0.0,3.46,0.0,3.46,1,0,3
507,u,0.0,0.0,4.5,509,137,0,0,0,0,0.0,567,194,0,0,0.0,467,175,0,0,0.0,467,175,0.0,0.0,0,0,0,888,230,0.0,0.0,0.0,0.0,0.0,0.0,0.0,0.0,0.0,0.0,0.0,448,176,0.0,451,177,0.0,393,166,0.0,458,176,,,,2,,Ashley,Phillips,Phillips,Has joined Middlesbrough permanently,,0,0,0,0,0,0,0,0,0,0,0,0,0,,,,0.0,0.0,0.0,0.0,0.0,0,0,0
508,a,,,4.0,565,157,0,0,0,0,1.0,195,75,0,0,0.0,369,125,0,0,0.0,369,125,0.0,0.0,0,5170,2293,16036,7053,0.0,0.0,0.0,0.0,0.0,0.0,0.0,0.0,0.0,0.0,0.0,351,127,0.0,341,123,0.0,263,94,0.0,360,126,,,,2,,Ben,Davies,Davies,,,0,0,0,0,0,0,0,0,0,0,0,0,0,,,,0.0,0.0,0.0,0.0,0.0,0,0,0
509,a,,,4.0,626,204,0,0,0,0,0.1,485,170,0,0,0.0,411,153,0,0,0.0,411,153,0.0,0.0,0,638,319,935,377,0.0,0.0,0.0,0.0,0.0,0.0,0.0,0.0,0.0,0.0,0.0,393,155,0.0,385,153,0.0,313,130,0.0,403,155,,,,2,,Jun'ai,Byfield,Byfield,,,0,0,0,0,0,0,0,0,0,0,0,0,0,,,,0.0,0.0,0.0,0.0,0.0,0,0,0
510,a,,,4.0,603,183,0,0,0,0,0.1,453,160,0,0,0.0,393,137,0,0,0.0,393,137,0.0,0.0,0,712,377,1266,571,0.0,0.0,0.0,0.0,0.0,0.0,0.0,0.0,0.0,0.0,0.0,375,139,0.0,367,137,0.0,292,111,0.0,385,139,,,,2,,James,Rowswell,Rowswell,,,0,0,0,0,0,0,0,0,0,0,0,0,0,,,,0.0,0.0,0.0,0.0,0.0,0,0,0
511,u,0.0,,4.0,625,203,0,0,0,0,0.3,300,111,0,0,0.0,410,152,0,0,0.0,410,152,0.0,0.0,0,2555,1362,5082,2388,0.0,0.0,0.0,0.0,0.0,0.0,0.0,0.0,0.0,0.0,0.0,392,154,0.0,384,152,0.0,312,129,0.0,402,154,,,,2,,João Victor,de Souza Menezes,Souza,Has joined FC Porto on loan for the rest of the season,,0,0,0,0,0,0,0,0,0,0,0,0,0,,,,0.0,0.0,0.0,0.0,0.0,0,0,0
512,a,100.0,75.0,6.5,42,29,0,0,0,0,0.1,428,171,1,1,1.0,337,163,0,4,0.5,355,168,0.1,0.2,0,2611,2342,3601,1195,0.5,0.4,0.04,0.01,0.05,0.24,0.16,0.04,0.2,0.98,1.2,326,148,3.3,225,122,11.0,145,72,1.6,276,123,,3.0,3.0,2,,Mohammed,Kudus,Kudus,,,22,0,0,0,1,0,0,0,0,0,0,0,2,,,,0.0,0.0,4.09,0.0,8.18,0,0,2
513,i,0.0,0.0,6.0,84,55,0,0,0,0,0.0,582,245,0,0,0.0,615,268,0,0,0.0,615,268,0.0,0.0,0,123,46,603,247,0.0,0.0,0.0,0.0,0.0,0.0,0.0,0.0,0.0,0.0,0.0,614,269,0.0,615,269,0.0,610,265,0.0,615,269,,2.0,4.0,2,,Xavi,Simons,Xavi,Knee injury - Unknown return date,,0,0,0,0,0,0,0,0,0,0,0,0,0,,,,0.0,0.0,0.0,0.0,0.0,0,0,0
514,a,,,5.9,108,69,-1,1,-1,1,0.4,273,89,4,2,2.0,181,89,0,27,2.0,168,84,0.3,0.7,0,5307,1133,20895,10434,2.0,2.0,0.2,0.09,0.29,4.35,0.11,0.05,0.16,2.49,14.2,211,85,29.3,86,54,43.0,38,22,8.6,86,48,,4.0,,2,,Mathys,Tel,Tel,,,157,0,0,0,4,0,0,0,0,0,0,2,11,,,,0.0,0.0,2.29,1.15,6.31,1,1,9
515,d,75.0,75.0,6.4,49,34,-1,1,-1,1,0.7,227,75,1,0,1.0,332,158,0,6,0.5,351,164,0.1,0.2,0,2812,126,61399,24413,0.4,0.4,0.0,0.01,0.01,0.85,0.0,0.04,0.04,3.48,4.4,281,129,8.3,194,108,8.0,163,79,2.1,256,115,,,,2,,James,Maddison,Maddison,Shoulder injury - 75% chance of playing,,22,0,0,0,0,0,0,0,0,0,0,0,2,,,,0.0,0.0,0.0,0.0,8.18,0,1,1
516,a,,,5.5,138,86,0,0,0,0,0.2,352,132,3,2,1.5,207,97,0,25,1.5,193,92,0.3,0.5,0,1116,514,3541,1510,1.5,1.5,0.0,0.03,0.03,2.9,0.0,0.02,0.02,1.93,17.4,193,75,21.8,118,72,0.0,569,237,4.0,193,87,,,,2,,Rodrigo,Bentancur,Bentancur,,,135,0,0,0,3,0,0,0,0,0,0,1,16,,,,0.0,0.0,2.0,0.67,10.67,5,3,8
517,i,0.0,0.0,5.5,195,123,0,0,0,0,0.0,626,276,0,0,0.0,601,260,0,0,0.0,601,260,0.0,0.0,0,31,15,45,26,0.0,0.0,0.0,0.0,0.0,0.0,0.0,0.0,0.0,0.0,0.0,594,258,0.0,599,260,0.0,587,251,0.0,598,258,,,,2,,Wilson,Odobert,Odobert,Knee injury - Unknown return date,,0,0,0,0,0,0,0,0,0,0,0,0,0,,,,0.0,0.0,0.0,0.0,0.0,0,0,0
518,a,100.0,0.0,4.9,399,241,0,0,-1,1,0.2,355,134,0,0,0.0,503,200,0,0,0.0,503,200,0.0,0.0,0,3860,3747,13094,2630,0.0,0.0,0.0,0.0,0.0,0.0,0.0,0.0,0.0,0.0,0.0,486,189,0.0,488,197,0.0,434,156,0.0,495,193,,,,2,,Pape Matar,Sarr,P.M.Sarr,,,0,0,0,0,0,0,0,0,0,0,0,0,0,,,,0.0,0.0,0.0,0.0,0.0,0,0,0
519,a,,,5.4,211,131,-1,1,-1,1,0.2,319,113,0,0,0.0,580,245,0,1,0.0,580,245,0.0,0.0,0,1890,682,8519,3872,0.0,0.0,0.02,0.06,0.08,1.7,0.04,0.12,0.16,3.4,0.0,568,239,5.5,206,113,1.0,250,122,0.5,312,143,,,,2,,Conor,Gallagher,Gallagher,,,45,0,0,0,2,0,0,0,1,0,0,1,3,,,,0.0,0.0,4.0,2.0,6.0,1,0,2
520,a,,,5.5,198,125,0,0,0,0,0.2,347,128,1,0,1.0,319,150,0,2,0.5,342,159,0.1,0.2,0,941,306,4255,2056,0.5,0.5,0.0,0.01,0.01,1.7,0.0,0.02,0.02,3.4,0.0,596,259,2.0,250,130,2.0,242,117,0.0,600,259,,,,2,,Lucas,Bergvall,Bergvall,,,45,0,0,0,2,0,0,0,0,0,0,1,8,,,,0.0,0.0,4.0,2.0,16.0,1,0,7
521,i,0.0,0.0,6.5,40,28,0,0,0,0,0.0,596,254,0,0,0.0,620,273,0,0,0.0,620,273,0.0,0.0,0,121,46,340,99,0.0,0.0,0.0,0.0,0.0,0.0,0.0,0.0,0.0,0.0,0.0,621,274,0.0,621,274,0.0,620,273,0.0,621,274,,,,2,,Dejan,Kulusevski,Kulusevski,Knee injury - Unknown return date,,0,0,0,0,0,0,0,0,0,0,0,0,0,,,,0.0,0.0,0.0,0.0,0.0,0,0,0
522,a,,,5.0,364,218,0,0,0,0,0.2,327,115,4,2,2.0,167,79,0,24,2.0,155,76,0.4,0.8,0,3159,1448,4944,2400,2.0,2.0,0.0,0.01,0.01,3.91,0.0,0.01,0.01,2.32,8.0,248,107,4.8,212,117,0.0,525,207,1.3,285,128,,,,2,,Archie,Gray,Gray,,,152,0,0,0,4,0,0,0,0,0,0,2,11,,,,0.0,0.0,2.37,1.18,6.51,1,5,5
523,a,,,5.0,341,199,0,0,0,0,0.2,362,137,3,1,1.5,203,94,0,11,1.5,189,89,0.3,0.6,0,3119,700,5504,2978,1.5,1.5,0.4,0.02,0.42,3.26,0.4,0.02,0.42,3.3,14.2,210,84,6.3,200,110,56.0,27,17,7.5,112,57,,,,2,,Mikey,Moore,Moore,,,89,0,0,0,4,0,0,0,0,0,0,1,3,,,,0.0,0.0,4.04,1.01,3.03,1,0,2
524,a,,,4.5,496,259,0,0,0,0,0.7,223,73,0,0,0.0,454,181,0,0,0.0,454,181,0.0,0.0,0,2978,964,15443,6131,0.0,0.0,0.0,0.0,0.0,0.0,0.0,0.0,0.0,0.0,0.0,435,169,0.0,438,178,0.0,380,136,0.0,445,174,,,,2,,Callum,Olusesi,Olusesi,,,0,0,0,0,0,0,0,0,0,0,0,0,0,,,,0.0,0.0,0.0,0.0,0.0,0,0,0
525,a,,,5.9,109,70,-1,1,-1,1,1.4,161,48,3,2,1.5,216,103,0,34,1.5,202,98,0.3,0.5,0,7221,2692,57306,25977,1.5,1.5,0.01,0.23,0.24,2.9,0.01,0.15,0.16,1.93,21.2,173,65,73.5,11,11,3.0,214,103,9.7,71,43,2.0,,,2,,Mateus,Fernandes,Fernandes,,,135,0,0,0,3,0,0,0,0,0,0,1,10,,,,0.0,0.0,2.0,0.67,6.67,4,0,6
526,a,,,5.9,96,25,-1,1,-1,1,1.1,181,28,2,1,1.0,322,39,0,9,1.0,259,28,0.2,0.3,0,12219,4007,41773,20955,1.0,1.0,0.27,0.0,0.27,0.85,0.66,0.0,0.66,2.07,3.2,300,30,0.3,319,40,11.0,142,25,1.5,278,33,,,1.0,2,,Dominic,Solanke-Mitchell,Solanke,,,37,0,0,0,0,0,0,0,0,0,0,0,0,,,,0.0,0.0,0.0,0.0,0.0,0,0,0
527,a,,,5.9,100,27,-1,1,-1,1,2.1,124,18,2,0,2.0,180,20,0,6,1.0,261,29,0.2,0.3,0,19460,4737,109575,63104,1.0,1.0,0.0,0.0,0.0,3.02,0.0,0.0,0.0,4.06,0.0,603,67,2.2,242,34,0.0,596,68,0.2,337,39,,,5.0,2,,Richarlison,de Andrade,Richarlison,,,67,0,0,0,3,0,0,0,0,0,0,1,1,,,,0.0,0.0,4.03,1.34,1.34,0,1,0
528,a,,,4.5,491,62,0,0,0,0,1.9,130,21,0,0,0.0,449,44,0,0,0.0,449,44,0.0,0.0,0,37968,24784,31950,14770,0.0,0.0,0.0,0.0,0.0,0.0,0.0,0.0,0.0,0.0,0.0,430,36,0.0,433,42,0.0,375,38,0.0,440,41,,,,2,,Dane,Scarlett,Scarlett,,,0,0,0,0,0,0,0,0,0,0,0,0,0,,,,0.0,0.0,0.0,0.0,0.0,0,0,0
529,a,,,5.0,338,19,0,0,0,0,3.6,93,15,7,6,3.5,99,7,0,29,3.5,93,7,0.7,1.4,0,9991,5225,57160,26826,3.5,3.5,0.0,0.0,0.0,2.75,0.0,0.0,0.0,1.38,19.2,181,19,0.0,552,66,0.0,514,66,1.9,261,19,,,,2,,Robin,Roefs,Roefs,,,180,0,0,1,2,0,0,0,0,0,1,2,0,,,,0.5,0.5,1.0,1.0,0.0,0,3,15
530,u,0.0,0.0,4.0,585,63,0,0,0,0,0.1,374,41,0,0,0.0,380,37,0,0,0.0,380,37,0.0,0.0,0,0,0,3433,1126,0.0,0.0,0.0,0.0,0.0,0.0,0.0,0.0,0.0,0.0,0.0,362,37,0.0,354,16,0.0,278,15,0.0,372,37,,,,2,,Anthony,Patterson,Patterson,Has joined Wrexham permanently,,0,0,0,0,0,0,0,0,0,0,0,0,0,,,,0.0,0.0,0.0,0.0,0.0,0,0,0
531,a,,,4.5,503,45,0,0,0,0,0.1,443,49,0,0,0.0,461,61,0,0,0.0,461,61,0.0,0.0,0,426,217,1400,546,0.0,0.0,0.0,0.0,0.0,0.0,0.0,0.0,0.0,0.0,0.0,442,61,0.0,445,48,0.0,387,47,0.0,452,61,,,,2,,Melker,Ellborg,Ellborg,,,0,0,0,0,0,0,0,0,0,0,0,0,0,,,,0.0,0.0,0.0,0.0,0.0,0,0,0
532,a,,,5.0,282,49,0,0,0,0,4.5,82,33,8,8,4.0,84,32,0,31,4.0,81,32,0.8,1.6,0,21521,8723,94696,44992,4.0,4.0,0.03,0.01,0.04,2.75,0.02,0.0,0.02,1.38,41.8,85,38,2.4,235,76,7.0,167,58,5.1,169,62,,,,2,,Daniel,Ballard,Ballard,,,180,0,0,1,2,0,0,0,1,0,0,2,19,,,,0.0,0.5,1.0,1.0,9.5,3,16,1
533,a,100.0,100.0,5.5,137,16,0,0,0,0,2.4,115,46,9,9,9.0,11,4,1,28,4.5,69,25,0.8,1.6,0,18247,12659,51656,13069,4.5,4.5,0.0,0.01,0.01,0.95,0.0,0.01,0.01,0.95,42.6,83,36,8.0,195,62,2.0,239,89,5.3,161,60,,,,2,,Nordi,Mukiele,Mukiele,,,90,0,0,1,0,0,0,0,0,0,0,1,19,,,,0.0,1.0,0.0,1.0,19.0,2,17,4
534,a,,,4.5,488,130,0,0,0,0,5.8,67,27,8,6,4.0,81,29,0,38,4.0,78,29,0.9,1.8,0,23833,10214,80504,43133,4.0,4.0,0.04,0.28,0.32,2.64,0.02,0.15,0.17,1.41,28.0,142,63,58.5,21,3,15.0,113,34,10.2,68,17,3.0,,,2,,Trai,Hume,Hume,,,169,0,0,1,1,0,0,0,0,0,0,2,10,,,,0.0,0.53,0.53,1.07,5.33,7,3,10
535,a,100.0,100.0,5.0,260,40,0,0,0,0,0.4,274,103,1,0,1.0,268,103,0,2,0.5,302,111,0.1,0.2,0,3580,983,10802,5538,0.5,0.5,0.0,0.01,0.01,0.1,0.0,0.04,0.04,0.39,0.0,510,191,0.6,297,110,0.0,465,184,0.0,517,191,,,,2,,Omar,Alderete,Alderete,,,23,0,0,0,1,0,0,0,0,0,0,0,0,,,,0.0,0.0,3.91,0.0,0.0,0,0,2
536,a,,,4.5,470,120,0,0,0,0,0.4,267,99,7,6,3.5,97,35,0,35,3.5,91,35,0.8,1.6,0,2095,1120,5756,2178,3.5,3.5,0.0,0.3,0.3,2.75,0.0,0.15,0.15,1.38,39.4,95,43,33.5,70,18,6.0,185,64,7.9,101,36,,,,2,,Reinildo,Mandava,Reinildo,,,180,0,0,1,2,0,0,0,0,0,0,2,15,,,,0.0,0.5,1.0,1.0,7.5,4,11,8
537,u,0.0,,4.5,504,136,0,0,0,0,0.0,599,202,0,0,0.0,462,174,0,0,0.0,462,174,0.0,0.0,0,61,3,366,239,0.0,0.0,0.0,0.0,0.0,0.0,0.0,0.0,0.0,0.0,0.0,443,175,0.0,446,176,0.0,388,165,0.0,453,175,,,,2,,Jenson,Seelt,Seelt,Has joined Swansea City on loan for the rest of the season,,0,0,0,0,0,0,0,0,0,0,0,0,0,,,,0.0,0.0,0.0,0.0,0.0,0,0,0
538,u,0.0,0.0,4.0,598,180,0,0,0,0,0.0,497,174,0,0,0.0,388,134,0,0,0.0,388,134,0.0,0.0,0,0,0,1465,475,0.0,0.0,0.0,0.0,0.0,0.0,0.0,0.0,0.0,0.0,0.0,370,136,0.0,362,134,0.0,287,108,0.0,380,136,,,,2,,Leo Fuhr,Hjelde,Hjelde,Has joined KV Mechelen on loan for the rest of the season,,0,0,0,0,0,0,0,0,0,0,0,0,0,,,,0.0,0.0,0.0,0.0,0.0,0,0,0
539,a,,,4.0,569,159,0,0,0,0,3.2,106,42,1,0,1.0,224,69,0,1,0.5,272,88,0.1,0.2,0,7673,3071,36154,18615,0.5,0.5,0.01,0.01,0.02,1.69,0.01,0.01,0.02,2.3,11.4,226,92,1.4,267,93,4.0,196,69,1.7,268,98,,,,2,,Luke,O'Nien,O'Nien,,,66,0,0,0,1,0,0,0,1,0,0,1,5,,,,0.0,0.0,1.36,1.36,6.82,1,4,4
540,u,0.0,0.0,4.0,562,155,0,0,0,0,0.2,353,131,0,0,0.0,367,124,0,0,0.0,367,124,0.0,0.0,0,0,0,7055,2187,0.0,0.0,0.0,0.0,0.0,0.0,0.0,0.0,0.0,0.0,0.0,349,126,0.0,339,122,0.0,261,93,0.0,358,125,,,,2,,Arthur,Masuaku,Masuaku,Has joined Konyaspor permanently,,0,0,0,0,0,0,0,0,0,0,0,0,0,,,,0.0,0.0,0.0,0.0,0.0,0,0,0
541,a,100.0,100.0,4.5,414,83,0,0,0,0,0.3,298,110,7,6,3.5,95,33,0,32,3.5,89,33,0.8,1.6,0,2537,1527,2957,1239,3.5,3.5,0.1,0.13,0.23,2.75,0.05,0.06,0.11,1.38,36.4,112,51,25.3,103,32,20.0,90,23,8.2,94,32,,,,2,,Thomas,Meunier,Meunier,,,180,0,0,1,2,0,0,0,0,0,0,2,12,,,,0.0,0.5,1.0,1.0,6.0,2,10,8
542,a,,,5.9,105,66,-1,1,-1,1,6.9,62,21,5,3,2.5,147,67,0,26,2.5,142,67,0.4,0.8,0,15325,3939,256426,141316,2.5,2.5,0.37,0.2,0.57,2.55,0.2,0.11,0.31,1.37,8.0,249,108,31.1,78,50,30.0,64,38,7.0,124,62,1.0,2.0,2.0,2,,Enzo,Le Fée,E.Le Fée,,,168,0,0,1,1,0,0,0,0,0,0,2,8,,,,0.0,0.54,0.54,1.07,4.29,2,1,5
543,d,75.0,,5.5,192,120,0,0,0,0,0.1,483,197,5,4,2.5,144,65,0,18,2.5,139,65,0.5,0.9,0,448,113,2280,1103,1.9,2.5,0.03,0.16,0.19,0.12,0.1,0.51,0.61,0.39,15.6,203,81,10.9,181,103,2.0,241,116,2.9,221,98,,,1.0,2,,Habib,Diarra,Diarra,Unspecified injury - 75% chance of playing,,28,0,1,0,1,0,0,0,0,0,0,0,0,,,,0.0,0.0,3.21,0.0,0.0,0,0,0
544,a,,,5.5,120,78,0,0,0,0,4.6,78,25,15,6,7.5,23,12,5,60,7.5,22,12,1.4,2.7,0,67439,24658,43763,25548,7.5,7.5,0.0,0.45,0.45,2.75,0.0,0.22,0.22,1.38,39.2,97,34,89.3,6,6,0.0,559,232,12.8,38,29,2.0,1.0,,2,,Granit,Xhaka,Xhaka,,,180,0,1,1,2,0,0,0,0,0,0,2,20,,,,0.0,0.5,1.0,1.0,10.0,3,3,14
545,a,,,5.0,373,225,0,0,0,0,0.3,297,101,5,3,2.5,137,61,0,39,2.5,131,61,0.5,1.0,0,2273,1108,6219,2722,2.5,2.5,0.08,0.05,0.13,2.75,0.04,0.02,0.06,1.38,33.0,125,46,39.9,51,40,31.0,61,36,10.4,64,40,,,,2,,Noah,Sadiki,Sadiki,,,180,0,0,1,2,0,0,0,0,0,0,2,13,,,,0.0,0.5,1.0,1.0,6.5,3,6,4
546,i,0.0,0.0,4.9,402,243,-1,1,-1,1,0.0,491,201,0,0,0.0,506,202,0,0,0.0,506,202,0.0,0.0,0,201,148,4749,1190,0.0,0.0,0.0,0.0,0.0,0.0,0.0,0.0,0.0,0.0,0.0,489,191,0.0,491,199,0.0,437,158,0.0,498,195,,,,2,,Simon,Adingra,Adingra,Ankle injury - Unknown return date,,0,0,0,0,0,0,0,0,0,0,0,0,0,,,,0.0,0.0,0.0,0.0,0.0,0,0,0
547,a,,,5.0,310,185,0,0,0,0,0.0,600,256,1,1,1.0,274,118,0,2,0.5,309,138,0.1,0.2,0,86,46,236,86,0.5,0.5,0.17,0.0,0.17,0.09,15.3,0.0,15.3,8.1,8.0,247,106,0.1,327,165,17.0,102,53,2.5,232,103,,,,2,,Romaine,Mundle,Mundle,,,1,0,0,0,0,0,0,0,0,0,0,0,1,,,,0.0,0.0,0.0,0.0,90.0,0,1,0
548,a,,,5.0,368,221,0,0,0,0,0.1,481,195,2,1,1.0,288,128,0,6,1.0,243,112,0.2,0.4,0,182,83,1114,494,1.0,1.0,0.0,0.0,0.0,0.44,0.0,0.0,0.0,2.33,0.0,558,233,0.3,315,160,0.0,529,210,0.0,566,236,,,,2,,Chris,Rigg,Rigg,,,17,0,0,0,1,0,0,0,0,0,0,0,1,,,,0.0,0.0,5.29,0.0,5.29,0,0,1
549,a,,,5.4,225,140,-1,1,-1,1,0.2,348,129,1,0,1.0,301,139,0,1,0.5,328,154,0.1,0.2,0,486,202,5194,2350,0.5,0.5,0.0,0.0,0.0,0.14,0.0,0.0,0.0,0.41,0.0,577,246,0.9,287,146,0.0,556,230,0.0,584,248,,,,2,,Chemsdine,Talbi,Talbi,,,31,0,0,0,1,0,0,0,0,0,0,0,2,,,,0.0,0.0,2.9,0.0,5.81,0,0,2
550,a,,,5.0,390,236,0,0,0,0,0.0,607,261,0,0,0.0,576,242,0,0,0.0,576,242,0.0,0.0,0,101,50,164,63,0.0,0.0,0.0,0.0,0.0,0.0,0.0,0.0,0.0,0.0,0.0,564,236,0.0,571,242,0.0,541,219,0.0,572,239,,,,2,,Djiamgone Jocelin Ta,Bi,Jocelin.T,,,0,0,0,0,0,0,0,0,0,0,0,0,0,,,,0.0,0.0,0.0,0.0,0.0,0,0,0
551,a,,,5.0,359,213,0,0,0,0,0.1,378,145,8,3,4.0,87,39,0,36,4.0,84,37,0.8,1.6,0,8269,2926,3141,1762,4.0,4.0,0.15,0.05,0.2,2.24,0.11,0.04,0.15,1.65,40.0,91,32,20.0,127,76,16.0,107,56,7.6,109,56,,3.0,,2,,Nilson,Angulo,Angulo,,,122,1,0,1,1,0,0,0,1,0,0,2,12,,,,0.0,0.74,0.74,1.48,8.85,2,1,9
552,a,,,6.0,75,16,0,0,0,0,10.6,36,6,4,2,2.0,183,21,0,6,2.0,170,18,0.3,0.7,0,53617,15348,309019,189392,2.0,2.0,0.33,0.0,0.33,2.27,0.23,0.0,0.23,1.58,0.0,611,68,4.3,216,29,15.0,118,23,1.8,267,31,,,,2,,Brian,Brobbey,Brobbey,,,129,0,0,1,1,0,0,0,0,0,0,2,4,,,,0.0,0.7,0.7,1.4,2.79,0,1,3
553,a,,,5.5,160,37,0,0,0,0,1.0,194,30,9,8,4.5,74,8,3,32,4.5,71,7,0.8,1.6,0,20187,17717,20609,7688,4.5,4.5,1.39,0.0,1.39,0.47,2.55,0.0,2.55,0.86,29.2,135,12,0.3,318,39,25.0,76,17,5.4,158,18,,,,2,,Wilson,Isidor,Isidor,,,49,1,0,0,1,0,0,0,0,0,0,0,0,,,,0.0,0.0,1.84,0.0,0.0,0,0,0
612,a,100.0,0.0,4.5,544,149,0,0,0,0,0.0,612,204,0,0,0.0,493,182,0,0,0.0,493,182,0.0,0.0,0,245,150,62,35,1.7,0.0,0.0,0.0,0.0,0.0,0.0,0.0,0.0,0.0,0.0,476,183,0.0,477,184,0.0,422,175,0.0,485,183,,,,2,,Dayann,Méthalie,Methalie,,,0,0,0,0,0,0,0,0,0,0,0,0,0,,,,0.0,0.0,0.0,0.0,0.0,0,0,0
613,a,,,4.5,548,278,0,0,0,0,0.2,342,125,0,0,0.0,497,197,0,0,0.0,497,197,0.0,0.0,0,11003,8528,2921,2523,1.0,1.0,0.0,0.0,0.0,0.0,0.0,0.0,0.0,0.0,0.0,480,186,0.0,481,194,0.0,426,152,0.0,489,190,,,,2,,Jules,Ahoka,Ahoka,,,0,0,0,0,0,0,0,0,0,0,0,0,0,,,,0.0,0.0,0.0,0.0,0.0,0,0,0
