id,first_name,second_name,web_name,status,news,news_added,now_cost,now_cost_rank,now_cost_rank_type,selected_by_percent,selected_rank,selected_rank_type,form,form_rank,form_rank_type,event_points,cost_change_event,cost_change_event_fall,cost_change_start,cost_change_start_fall,transfers_in_event,transfers_out_event,value_form,value_season,ep_next,ep_this,points_per_game,points_per_game_rank,points_per_game_rank_type,chance_of_playing_next_round,chance_of_playing_this_round,influence_rank,influence_rank_type,creativity_rank,creativity_rank_type,threat_rank,threat_rank_type,ict_index_rank,ict_index_rank_type,corners_and_indirect_freekicks_order,direct_freekicks_order,penalties_order,set_piece_threat,corners_and_indirect_freekicks_text,direct_freekicks_text,penalties_text,expected_goals_per_90,expected_assists_per_90,expected_goal_involvements_per_90,expected_goals_conceded_per_90,saves_per_90,clean_sheets_per_90,goals_conceded_per_90,starts_per_90,defensive_contribution_per_90,gw,total_points,minutes,goals_scored,assists,clean_sheets,goals_conceded,own_goals,penalties_saved,penalties_missed,yellow_cards,red_cards,saves,starts,bonus,bps,transfers_in,transfers_out,dreamteam_count,expected_goals,expected_assists,expected_goal_involvements,expected_goals_conceded,influence,creativity,threat,ict_index,tackles,clearances_blocks_interceptions,recoveries,defensive_contribution
1,David,Raya Martín,Raya,a,,,6.0,61,1,38.5,6,1,4.0,68,3,0,0,0,0,0,21971,12841,0.7,2.0,4.0,4.0,6.0,41,2,,,194,20,633,71,628,71,267,20,,,,,,,,0.0,0.0,0.0,0.26,0.5,1.0,0.0,1.0,0.0,3,0,0,0,0,0,0,0,0,0,0,0,0,0,0,0,25367,15448,0,0.0,0.0,0.0,0.0,0.0,0.0,0.0,0.0,0,0,0,0
4,Gabriel,dos Santos Magalhães,Gabriel,a,,,8.0,7,1,25.6,10,2,4.3,60,24,0,0,0,0,0,4379,20161,0.5,1.6,4.3,4.3,6.5,28,12,,,154,69,210,67,182,61,207,81,,,,,,,,0.09,0.02,0.11,0.26,0.0,1.0,0.0,1.0,7.0,3,0,0,0,0,0,0,0,0,0,0,0,0,0,0,0,4676,23828,0,0.0,0.0,0.0,0.0,0.0,0.0,0.0,0.0,0,0,0,0
5,Jurriën,Timber,J.Timber,d,Groin injury - 25% chance of playing,,6.5,40,3,0.1,449,158,0.0,646,214,0,0,0,0,0,98,196,0.0,0.0,0.0,0.0,0.0,646,214,25.0,25.0,645,214,645,214,644,214,645,214,,,,,,,,0.0,0.0,0.0,0.0,0.0,0.0,0.0,0.0,0.0,3,0,0,0,0,0,0,0,0,0,0,0,0,0,0,0,101,204,0,0.0,0.0,0.0,0.0,0.0,0.0,0.0,0.0,0,0,0,0
6,William,Saliba,Saliba,i,Back injury - Unknown return date,,6.0,75,8,0.2,325,119,0.0,638,213,0,0,0,0,0,133,560,0.0,0.0,0.0,0.0,0.0,638,213,0.0,0.0,634,213,635,213,630,213,635,213,,,,,,,,0.0,0.0,0.0,0.0,0.0,0.0,0.0,0.0,0.0,3,0,0,0,0,0,0,0,0,0,0,0,0,0,0,0,135,573,0,0.0,0.0,0.0,0.0,0.0,0.0,0.0,0.0,0,0,0,0
7,Myles,Lewis-Skelly,Lewis-Skelly,a,,,5.5,177,108,0.7,228,76,2.0,171,78,0,0,0,0,0,887,860,0.4,1.1,2.0,2.0,3.0,133,54,,,171,64,99,61,133,68,146,71,,,,,,,,0.07,0.07,0.14,0.3,0.0,1.12,0.0,1.12,6.75,3,0,0,0,0,0,0,0,0,0,0,0,0,0,0,0,932,962,0,0.0,0.0,0.0,0.0,0.0,0.0,0.0,0.0,0,0,0,0
8,Riccardo,Calafiori,Calafiori,a,,,5.7,117,11,46.0,4,1,6.7,14,6,0,0,0,2,-2,46092,4670,1.2,3.5,6.7,6.7,10.0,5,2,,,69,28,110,34,126,40,89,28,,,,,,,,0.08,0.29,0.37,0.21,0.0,1.06,0.0,1.06,4.24,3,0,0,0,0,0,0,0,0,0,0,0,0,0,0,0,50047,6384,0,0.0,0.0,0.0,0.0,0.0,0.0,0.0,0.0,0,0,0,0
9,Piero,Hincapié,Hincapie,a,,,5.3,236,34,1.2,175,69,0.3,355,127,0,-1,1,-2,2,538,2031,0.1,0.2,0.3,0.3,1.0,318,121,,,333,124,310,116,558,205,346,123,,,,,,,,0.0,0.0,0.0,1.5,0.0,0.0,0.0,0.0,0.0,3,0,0,0,0,0,0,0,0,0,0,0,0,0,0,0,552,2258,0,0.0,0.0,0.0,0.0,0.0,0.0,0.0,0.0,0,0,0,0
10,Benjamin,White,White,a,,,5.5,133,15,7.6,57,22,6.0,25,10,0,0,0,0,0,17376,9682,1.1,3.3,6.0,6.0,9.0,10,3,100.0,100.0,59,22,35,7,124,39,56,12,,,,,,,,0.09,0.13,0.22,0.26,0.0,1.0,0.0,1.0,4.5,3,0,0,0,0,0,0,0,0,0,0,0,0,0,0,0,18642,11851,0,0.0,0.0,0.0,0.0,0.0,0.0,0.0,0.0,0,0,0,0
11,Cristhian,Mosquera,Mosquera,d,Unspecified injury - 75% chance of playing,,5.5,178,25,4.3,83,33,4.0,66,29,0,0,0,0,0,210,13597,0.7,2.2,3.0,3.0,6.0,39,17,75.0,75.0,157,71,250,85,606,211,227,88,,,,,,,,0.0,0.01,0.01,0.28,0.0,1.07,0.0,1.07,5.36,3,0,0,0,0,0,0,0,0,0,0,0,0,0,0,0,218,16766,0,0.0,0.0,0.0,0.0,0.0,0.0,0.0,0.0,0,0,0,0
12,Bukayo,Saka,Saka,a,,,9.5,4,3,11.0,38,14,6.7,16,6,0,0,0,0,0,22687,6222,0.7,2.1,6.7,6.7,10.0,7,3,,,6,5,66,45,10,6,7,6,2.0,2.0,1.0,,,,,0.73,0.07,0.8,0.22,0.0,1.15,0.0,1.15,10.32,3,0,0,0,0,0,0,0,0,0,0,0,0,0,0,0,26156,7821,0,0.0,0.0,0.0,0.0,0.0,0.0,0.0,0.0,0,0,0,0
13,Declan,Rice,Rice,a,,,7.5,16,10,14.2,29,11,2.7,128,57,0,0,0,0,0,2201,14665,0.4,1.1,2.7,2.7,4.0,85,39,,,134,49,67,46,246,120,128,64,1.0,1.0,,,,,,0.04,0.11,0.15,0.23,0.0,1.19,0.0,1.19,10.73,3,0,0,0,0,0,0,0,0,0,0,0,0,0,0,0,2309,16473,0,0.0,0.0,0.0,0.0,0.0,0.0,0.0,0.0,0,0,0,0
14,Eberechi,Eze,Eze,a,,,6.4,51,35,1.4,155,47,0.7,307,146,0,0,0,-1,1,750,2226,0.1,0.3,0.7,0.7,1.0,357,169,,,316,142,220,120,215,104,307,140,,3.0,,,,,,0.06,0.11,0.17,0.59,0.0,0.0,0.0,0.0,7.63,3,0,0,0,0,0,0,0,0,0,0,0,0,0,0,0,818,2458,0,0.0,0.0,0.0,0.0,0.0,0.0,0.0,0.0,0,0,0,0
15,Martin,Ødegaard,Ødegaard,a,,,6.6,32,21,11.1,37,13,4.7,46,22,0,0,0,1,-1,10503,10750,0.7,2.1,4.7,4.7,7.0,23,9,,,37,17,33,27,53,31,29,23,4.0,4.0,3.0,,,,,0.18,0.11,0.29,0.24,0.0,1.24,0.0,1.24,8.07,3,0,0,0,0,0,0,0,0,0,0,0,0,0,0,0,11282,12440,0,0.0,0.0,0.0,0.0,0.0,0.0,0.0,0.0,0,0,0,0
16,Noni,Madueke,Madueke,a,,,6.3,55,39,0.2,316,112,0.3,374,175,0,0,0,-2,2,323,425,0.0,0.2,0.3,0.3,1.0,355,167,,,237,99,44,35,638,279,163,77,6.0,,,,,,,0.0,0.16,0.16,0.61,0.0,0.0,0.0,0.0,8.18,3,0,0,0,0,0,0,0,0,0,0,0,0,0,0,0,327,471,0,0.0,0.0,0.0,0.0,0.0,0.0,0.0,0.0,0,0,0,0
17,Mikel,Merino Zazón,Merino,a,,,5.9,92,60,0.5,253,84,0.7,301,142,0,0,0,-1,1,309,1020,0.1,0.3,0.7,0.7,1.0,345,160,,,258,115,241,128,121,61,244,109,,,,,,,,0.38,0.05,0.43,0.41,0.0,0.0,0.0,0.0,16.36,3,0,0,0,0,0,0,0,0,0,0,0,0,0,0,0,322,1067,0,0.0,0.0,0.0,0.0,0.0,0.0,0.0,0.0,0,0,0,0
18,Gabriel,Martinelli Silva,Martinelli,u,Has joined Al Hilal permanently,,6.3,56,40,0.1,394,149,0.0,643,284,0,0,0,-2,2,0,1693,0.0,0.0,0.0,0.0,0.0,643,284,0.0,0.0,642,283,642,283,639,280,642,283,,,,,,,,0.0,0.0,0.0,0.0,0.0,0.0,0.0,0.0,0.0,3,0,0,0,0,0,0,0,0,0,0,0,0,0,0,0,0,1740,0,0.0,0.0,0.0,0.0,0.0,0.0,0.0,0.0,0,0,0,0
19,Martín,Zubimendi Ibáñez,Zubimendi,a,,,5.4,221,137,0.8,217,70,0.7,294,138,0,0,0,-1,1,297,1171,0.1,0.4,0.7,0.7,1.0,325,148,,,241,101,226,123,574,236,288,129,,,,,,,,0.0,0.07,0.07,0.5,0.0,0.0,0.0,0.0,16.67,3,0,0,0,0,0,0,0,0,0,0,0,0,0,0,0,302,1293,0,0.0,0.0,0.0,0.0,0.0,0.0,0.0,0.0,0,0,0,0
20,Max,Dowman,Dowman,a,,,5.4,234,148,0.1,468,185,0.0,614,263,0,0,0,-1,1,77,154,0.0,0.0,0.0,0.0,0.0,614,263,,,600,257,602,258,582,243,606,258,,,,,,,,0.0,0.0,0.0,0.0,0.0,0.0,0.0,0.0,0.0,3,0,0,0,0,0,0,0,0,0,0,0,0,0,0,0,78,168,0,0.0,0.0,0.0,0.0,0.0,0.0,0.0,0.0,0,0,0,0
22,Ethan,Nwaneri,Nwaneri,u,Has joined Borussia Dortmund on loan for the rest of the season,,5.4,225,140,0.0,600,254,0.0,612,261,0,0,0,-1,1,0,84,0.0,0.0,0.0,0.0,0.0,612,261,0.0,0.0,594,252,599,256,577,239,601,254,,,,,,,,0.0,0.0,0.0,0.0,0.0,0.0,0.0,0.0,0.0,3,0,0,0,0,0,0,0,0,0,0,0,0,0,0,0,0,91,0,0.0,0.0,0.0,0.0,0.0,0.0,0.0,0.0,0,0,0,0
23,Fábio,Ferreira Vieira,Fábio Vieira,u,Has joined Hamburger SV permanently,,5.5,157,94,0.0,607,257,0.0,622,268,0,0,0,0,0,0,72,0.0,0.0,0.0,0.0,0.0,622,268,0.0,0.0,610,262,614,263,600,253,615,263,,,,,,,,0.0,0.0,0.0,0.0,0.0,0.0,0.0,0.0,0.0,3,0,0,0,0,0,0,0,0,0,0,0,0,0,0,0,0,74,0,0.0,0.0,0.0,0.0,0.0,0.0,0.0,0.0,0,0,0,0
24,Reiss,Nelson,Nelson,u,has departed the club as a free agent.,,5.5,135,83,0.0,616,262,0.0,618,264,0,0,0,0,0,0,14,0.0,0.0,0.0,0.0,0.0,618,264,0.0,0.0,605,258,608,259,591,246,610,259,,,,,,,,0.0,0.0,0.0,0.0,0.0,0.0,0.0,0.0,0.0,3,0,0,0,0,0,0,0,0,0,0,0,0,0,0,0,0,16,0,0.0,0.0,0.0,0.0,0.0,0.0,0.0,0.0,0,0,0,0
25,Viktor,Gyökeres,Gyökeres,a,,,7.3,23,8,4.5,81,12,0.0,647,76,0,0,0,-2,2,1114,9342,0.0,0.0,0.0,0.0,0.0,647,76,,,647,76,647,76,647,76,647,76,,,2.0,,,,,0.0,0.0,0.0,0.0,0.0,0.0,0.0,0.0,0.0,3,0,0,0,0,0,0,0,0,0,0,0,0,0,0,0,1149,10871,0,0.0,0.0,0.0,0.0,0.0,0.0,0.0,0.0,0,0,0,0
26,Kai,Havertz,Havertz,a,,,7.5,17,6,6.7,61,8,2.7,129,12,0,0,0,0,0,5133,10220,0.4,1.1,2.7,2.7,4.0,86,11,,,94,8,140,13,36,11,65,9,,,,,,,,0.14,0.03,0.17,0.26,0.0,1.0,0.0,1.0,3.5,3,0,0,0,0,0,0,0,0,0,0,0,0,0,0,0,5566,11653,0,0.0,0.0,0.0,0.0,0.0,0.0,0.0,0.0,0,0,0,0
27,Gabriel,Fernando de Jesus,G.Jesus,u,Has joined FC Barcelona permanently,,5.9,93,24,0.2,322,53,0.0,631,75,0,0,0,-1,1,0,1991,0.0,0.0,0.0,0.0,0.0,631,75,0.0,0.0,623,70,626,73,616,71,626,73,,,,,,,,0.0,0.0,0.0,0.0,0.0,0.0,0.0,0.0,0.0,3,0,0,0,0,0,0,0,0,0,0,0,0,0,0,0,0,2046,0,0.0,0.0,0.0,0.0,0.0,0.0,0.0,0.0,0,0,0,0
31,Ezri,Konsa Ngoyo,Konsa,a,,,4.4,569,154,11.4,36,13,0.3,318,109,0,0,0,-1,1,36545,9812,0.1,0.2,0.3,0.3,1.0,260,93,,,299,113,324,119,318,135,323,116,,,,,,,,0.0,0.0,0.0,0.0,0.0,0.0,0.0,0.0,8.18,3,0,0,0,0,0,0,0,0,0,0,0,0,0,0,0,42274,11417,0,0.0,0.0,0.0,0.0,0.0,0.0,0.0,0.0,0,0,0,0
452,Bruno,Guimarães Rodriguez Moura,Bruno G.,d,Knock - 75% chance of playing,,6.8,31,20,2.0,129,39,0.3,378,179,0,0,0,-2,2,195,4354,0.0,0.1,0.2,0.2,1.0,361,173,75.0,75.0,320,145,294,149,245,119,322,147,5.0,,4.0,,,,,0.0,0.05,0.05,0.0,0.0,0.0,0.0,0.0,14.21,3,0,0,0,0,0,0,0,0,0,0,0,0,0,0,0,209,4811,0,0.0,0.0,0.0,0.0,0.0,0.0,0.0,0.0,0,0,0,0
557,Christos,Tzolis,Tzolis,a,,,6.5,38,26,18.9,16,8,2.0,176,81,0,0,0,0,0,4117,47535,0.3,0.9,2.0,2.0,3.0,138,56,,,195,76,30,25,56,32,67,41,3.0,,,,,,,0.14,0.11,0.25,0.12,0.0,0.75,0.0,1.5,6.75,3,0,0,0,0,0,0,0,0,0,0,0,0,0,0,0,4426,62084,0,0.0,0.0,0.0,0.0,0.0,0.0,0.0,0.0,0,0,0,0
29,Marco,Bizot,M.Bizot,a,,,4.5,426,24,0.1,382,46,0.3,321,22,0,0,0,0,0,144,119,0.1,0.2,0.3,0.3,1.0,265,22,,,138,15,391,26,323,25,223,15,,,,,,,,0.0,0.0,0.0,3.77,3.0,0.0,4.0,1.0,0.0,3,0,0,0,0,0,0,0,0,0,0,0,0,0,0,0,152,133,0,0.0,0.0,0.0,0.0,0.0,0.0,0.0,0.0,0,0,0,0
30,Lucas,Digne,Digne,u,Has joined Paris Saint-Germain permanently,,4.5,431,84,0.1,479,169,0.0,439,168,0,0,0,0,0,0,171,0.0,0.0,0.0,0.0,0.0,439,168,0.0,0.0,400,160,394,158,327,140,410,160,,,,,,,,0.0,0.0,0.0,0.0,0.0,0.0,0.0,0.0,0.0,3,0,0,0,0,0,0,0,0,0,0,0,0,0,0,0,0,177,0,0.0,0.0,0.0,0.0,0.0,0.0,0.0,0.0,0,0,0,0
32,Matty,Cash,Cash,a,,,4.5,458,100,7.0,59,24,0.3,325,114,0,0,0,0,0,2701,4931,0.1,0.2,0.3,0.3,0.5,369,127,,,149,67,230,73,164,56,206,80,1.0,,,,,,,0.08,0.01,0.09,2.59,0.0,0.0,2.69,1.08,7.01,3,0,0,0,0,0,0,0,0,0,0,0,0,0,0,0,3089,5473,0,0.0,0.0,0.0,0.0,0.0,0.0,0.0,0.0,0,0,0,0
33,Tyrone,Mings,Mings,a,,,4.5,443,88,0.4,279,104,0.3,323,112,0,0,0,0,0,186,290,0.1,0.2,0.3,0.3,1.0,267,98,,,311,116,403,160,337,142,332,119,,,,,,,,0.0,0.0,0.0,1.24,0.0,0.0,0.0,0.0,5.62,3,0,0,0,0,0,0,0,0,0,0,0,0,0,0,0,203,304,0,0.0,0.0,0.0,0.0,0.0,0.0,0.0,0.0,0,0,0,0
34,Pau,Torres,Pau,a,,,4.5,484,119,0.4,266,97,0.7,269,95,0,0,0,0,0,266,283,0.2,0.4,0.7,0.7,1.0,274,105,,,229,94,265,91,361,157,286,103,,,,,,,,0.0,0.01,0.01,2.53,0.0,0.0,2.76,1.1,4.97,3,0,0,0,0,0,0,0,0,0,0,0,0,0,0,0,320,312,0,0.0,0.0,0.0,0.0,0.0,0.0,0.0,0.0,0,0,0,0
35,Lamare,Bogarde,Bogarde,a,,,5.0,343,205,0.1,469,186,0.3,349,160,0,0,0,0,0,120,105,0.1,0.2,0.3,0.3,1.0,308,134,,,307,138,309,156,532,206,327,150,,,,,,,,0.0,0.0,0.0,1.24,0.0,0.0,0.0,0.0,5.62,3,0,0,0,0,0,0,0,0,0,0,0,0,0,0,0,128,113,0,0.0,0.0,0.0,0.0,0.0,0.0,0.0,0.0,0,0,0,0
36,Ian,Maatsen,Maatsen,a,,,4.5,492,126,0.7,221,83,0.3,326,115,0,0,0,0,0,543,536,0.1,0.2,0.3,0.3,0.5,370,128,,,212,89,271,97,112,33,217,84,,,,,,,,0.05,0.0,0.05,2.45,0.0,0.0,2.63,1.05,8.95,3,0,0,0,0,0,0,0,0,0,0,0,0,0,0,0,706,599,0,0.0,0.0,0.0,0.0,0.0,0.0,0.0,0.0,0,0,0,0
37,Victor,Lindelöf,Lindelöf,a,,,4.5,455,97,0.3,302,112,0.0,452,172,0,0,0,0,0,202,201,0.0,0.0,0.0,0.0,0.0,452,172,,,196,83,270,96,344,146,264,97,,,,,,,,0.0,0.04,0.04,2.4,0.0,0.0,2.5,1.0,5.0,3,0,0,0,0,0,0,0,0,0,0,0,0,0,0,0,220,218,0,0.0,0.0,0.0,0.0,0.0,0.0,0.0,0.0,0,0,0,0
38,Andrés,García,A.García,a,,,4.0,646,208,1.7,138,58,0.0,431,162,0,0,0,0,0,2647,1096,0.0,0.0,0.0,0.0,0.0,431,162,,,392,154,384,152,312,129,402,154,,,,,,,,0.0,0.0,0.0,0.0,0.0,0.0,0.0,0.0,0.0,3,0,0,0,0,0,0,0,0,0,0,0,0,0,0,0,2782,1194,0,0.0,0.0,0.0,0.0,0.0,0.0,0.0,0.0,0,0,0,0
39,Kosta,Nedeljkovic,Nedeljkovic,u,Has joined Rangers on loan for the rest of the season,,4.0,643,206,0.2,354,131,0.0,429,161,0,0,0,0,0,0,255,0.0,0.0,0.0,0.0,0.0,429,161,0.0,0.0,390,153,382,151,309,127,400,153,,,,,,,,0.0,0.0,0.0,0.0,0.0,0.0,0.0,0.0,0.0,3,0,0,0,0,0,0,0,0,0,0,0,0,0,0,0,0,275,0,0.0,0.0,0.0,0.0,0.0,0.0,0.0,0.0,0,0,0,0
41,Emiliano,Buendía Stati,Buendía,a,,,6.0,63,43,1.1,182,57,1.3,217,101,0,0,0,0,0,1001,1655,0.2,0.7,1.3,1.3,2.0,211,97,,,277,127,85,53,105,54,176,84,3.0,1.0,1.0,,,,,0.09,0.06,0.15,2.4,0.0,0.0,2.57,1.03,6.17,3,0,0,0,0,0,0,0,0,0,0,0,0,0,0,0,1347,1846,0,0.0,0.0,0.0,0.0,0.0,0.0,0.0,0.0,0,0,0,0
44,Leon,Bailey,Bailey,u,Has joined Olympiakos permanently,,5.4,205,126,0.1,417,163,0.0,605,256,0,0,0,-1,1,0,1121,0.0,0.0,0.0,0.0,0.0,605,256,0.0,0.0,583,244,590,250,563,229,591,247,,,,,,,,0.0,0.0,0.0,0.0,0.0,0.0,0.0,0.0,0.0,3,0,0,0,0,0,0,0,0,0,0,0,0,0,0,0,0,1151,0,0.0,0.0,0.0,0.0,0.0,0.0,0.0,0.0,0,0,0,0
45,John,McGinn,McGinn,a,,,5.4,200,122,2.4,113,34,0.7,291,135,0,0,0,-1,1,1348,2681,0.1,0.4,0.7,0.7,1.0,320,144,,,315,141,152,91,139,69,248,112,2.0,,,,,,,0.05,0.03,0.08,2.45,0.0,0.0,2.63,1.05,5.26,3,0,0,0,0,0,0,0,0,0,0,0,0,0,0,0,1510,2970,0,0.0,0.0,0.0,0.0,0.0,0.0,0.0,0.0,0,0,0,0
46,Ross,Barkley,Barkley,a,,,5.0,241,151,0.3,305,107,1.3,204,93,0,0,0,0,0,413,289,0.3,0.8,1.3,1.3,2.0,187,81,,,166,59,42,34,153,75,107,55,4.0,,,,,,,0.08,0.02,0.1,2.75,0.0,0.0,3.0,1.2,6.6,3,0,0,0,0,0,0,0,0,0,0,0,0,0,0,0,461,314,0,0.0,0.0,0.0,0.0,0.0,0.0,0.0,0.0,0,0,0,0
47,Boubacar,Kamara,Kamara,a,,,5.0,284,172,0.3,285,94,1.3,205,94,0,0,0,0,0,463,460,0.3,0.8,1.3,1.3,2.0,192,84,100.0,100.0,170,63,137,83,491,185,196,88,,,,,,,,0.0,0.02,0.02,2.4,0.0,0.0,2.5,1.0,7.5,3,0,0,0,0,0,0,0,0,0,0,0,0,0,0,0,488,498,0,0.0,0.0,0.0,0.0,0.0,0.0,0.0,0.0,0,0,0,0
48,Amadou,Onana,Onana,i,Knee injury - Unknown return date,,5.0,301,180,0.0,574,237,0.0,566,233,0,0,0,0,0,15,47,0.0,0.0,0.0,0.0,0.0,566,233,0.0,0.0,540,217,544,223,504,192,548,220,,,,,,,,0.0,0.0,0.0,0.0,0.0,0.0,0.0,0.0,0.0,3,0,0,0,0,0,0,0,0,0,0,0,0,0,0,0,15,49,0,0.0,0.0,0.0,0.0,0.0,0.0,0.0,0.0,0,0,0,0
49,Samuel,Iling-Junior,Iling Jr,u,Has joined Bolton Wanderers on loan for the rest of the season,,5.0,312,186,0.0,643,282,0.0,571,236,0,0,0,0,0,0,5,0.0,0.0,0.0,0.0,0.0,571,236,0.0,0.0,546,221,551,227,512,196,554,224,,,,,,,,0.0,0.0,0.0,0.0,0.0,0.0,0.0,0.0,0.0,3,0,0,0,0,0,0,0,0,0,0,0,0,0,0,0,0,5,0,0.0,0.0,0.0,0.0,0.0,0.0,0.0,0.0,0,0,0,0
50,Bradley,Burrowes,Burrowes,a,,,4.5,564,286,0.7,234,80,0.0,517,202,0,0,0,0,0,965,655,0.0,0.0,0.0,0.0,0.0,517,202,,,484,183,484,191,429,149,493,187,,,,,,,,0.0,0.0,0.0,0.0,0.0,0.0,0.0,0.0,0.0,3,0,0,0,0,0,0,0,0,0,0,0,0,0,0,0,1029,706,0,0.0,0.0,0.0,0.0,0.0,0.0,0.0,0.0,0,0,0,0
51,George,Hemmings,George Hemmings,a,,,4.5,545,277,1.0,195,60,1.3,202,92,0,0,0,0,0,3644,1329,0.3,0.9,1.3,1.3,2.0,184,79,,,222,91,144,86,224,106,218,96,,,,,,,,0.0,0.01,0.01,2.69,0.0,0.0,2.81,1.12,6.19,3,0,0,0,0,0,0,0,0,0,0,0,0,0,0,0,4038,1467,0,0.0,0.0,0.0,0.0,0.0,0.0,0.0,0.0,0,0,0,0
52,Alysson Edward Franco,da Rocha dos Santos,Alysson,a,,,5.0,378,230,0.0,499,203,0.3,354,165,0,0,0,0,0,66,67,0.1,0.2,0.3,0.3,0.5,373,178,,,270,122,293,148,236,112,301,135,,,,,,,,0.0,0.0,0.0,0.53,0.0,0.0,0.0,0.0,16.67,3,0,0,0,0,0,0,0,0,0,0,0,0,0,0,0,71,69,0,0.0,0.0,0.0,0.0,0.0,0.0,0.0,0.0,0,0,0,0
53,Johan,Manzambi,Manzambi,i,Knee injury - Expected back 12 Sep,,5.9,115,75,0.1,385,142,0.0,635,277,0,0,0,-1,1,55,285,0.0,0.0,0.0,0.0,0.0,635,277,0.0,0.0,631,276,631,276,626,272,632,276,,,,,,,,0.0,0.0,0.0,0.0,0.0,0.0,0.0,0.0,0.0,3,0,0,0,0,0,0,0,0,0,0,0,0,0,0,0,58,298,0,0.0,0.0,0.0,0.0,0.0,0.0,0.0,0.0,0,0,0,0
54,Joao,Gomes,Gomes,s,Suspended until 19 Sep,,5.5,161,97,0.0,516,213,-0.7,652,289,0,0,0,0,0,6,70,-0.1,-0.4,0.0,0.0,-2.0,652,289,0.0,0.0,327,149,179,102,601,254,289,130,,,,,,,,0.0,0.02,0.02,5.95,0.0,0.0,9.23,2.31,16.15,3,0,0,0,0,0,0,0,0,0,0,0,0,0,0,0,8,75,0,0.0,0.0,0.0,0.0,0.0,0.0,0.0,0.0,0,0,0,0
55,Ollie,Watkins,Watkins,u,Has joined Al Hilal permanently,,7.8,13,4,4.0,87,13,0.0,651,78,0,0,0,-2,2,0,29292,0.0,0.0,0.0,0.0,0.0,651,78,0.0,0.0,651,78,651,78,651,78,651,78,,,,,,,,0.0,0.0,0.0,0.0,0.0,0.0,0.0,0.0,0.0,3,0,0,0,0,0,0,0,0,0,0,0,0,0,0,0,0,31328,0,0.0,0.0,0.0,0.0,0.0,0.0,0.0,0.0,0,0,0,0
56,Tammy,Abraham,Abraham,a,,,5.5,129,33,0.1,370,56,0.3,364,43,0,0,0,0,0,787,236,0.1,0.2,0.3,0.3,1.0,334,37,100.0,100.0,603,64,276,36,588,66,347,40,,,,,,,,0.0,0.0,0.0,0.09,0.0,0.0,0.0,0.0,0.0,3,0,0,0,0,0,0,0,0,0,0,0,0,0,0,0,817,253,0,0.0,0.0,0.0,0.0,0.0,0.0,0.0,0.0,0,0,0,0
160,Alejandro,Garnacho Ferreyra,Garnacho,a,,,5.9,107,68,0.4,262,87,0.7,304,144,0,0,0,-1,1,255,821,0.1,0.3,0.7,0.7,1.0,349,163,,,338,157,251,131,623,269,338,157,,,,,,,,0.0,0.0,0.0,0.79,0.0,0.0,0.0,0.0,11.25,3,0,0,0,0,0,0,0,0,0,0,0,0,0,0,0,272,895,0,0.0,0.0,0.0,0.0,0.0,0.0,0.0,0.0,0,0,0,0
166,Nicolas,Jackson,N.Jackson,a,,,6.5,45,11,1.0,191,31,0.7,309,39,0,0,0,0,0,3710,1302,0.1,0.3,0.7,0.7,2.0,215,23,,,285,27,204,26,244,37,290,34,,,,,,,,0.0,0.13,0.13,1.3,0.0,0.0,1.29,1.29,3.86,3,0,0,0,0,0,0,0,0,0,0,0,0,0,0,0,4316,1399,0,0.0,0.0,0.0,0.0,0.0,0.0,0.0,0.0,0,0,0,0
582,Brian,Madjo,Madjo,i,Unspecified injury - Unknown return date,,5.5,198,46,0.3,294,50,0.0,628,73,0,0,0,0,0,59,622,0.0,0.0,0.0,0.0,0.0,628,73,0.0,0.0,619,67,623,71,613,69,623,71,,,,,,,,0.0,0.0,0.0,0.0,0.0,0.0,0.0,0.0,0.0,3,0,0,0,0,0,0,0,0,0,0,0,0,0,0,0,59,685,0,0.0,0.0,0.0,0.0,0.0,0.0,0.0,0.0,0,0,0,0
596,Matteo,Ruggeri,Ruggeri,a,,,4.5,508,135,0.1,427,149,0.3,328,117,0,0,0,0,0,34,108,0.1,0.2,0.3,0.3,1.0,279,109,,,287,107,436,177,378,166,316,114,,,,,,,,0.0,0.0,0.0,1.58,0.0,0.0,0.0,0.0,22.5,3,0,0,0,0,0,0,0,0,0,0,0,0,0,0,0,37,119,0,0.0,0.0,0.0,0.0,0.0,0.0,0.0,0.0,0,0,0,0
597,Zion,Suzuki,Suzuki,a,,,5.0,297,13,1.1,177,27,0.7,283,21,0,0,0,0,0,1755,710,0.1,0.4,0.7,0.7,2.0,194,18,,,215,22,543,63,501,63,282,22,,,,,,,,0.0,0.0,0.0,1.04,1.0,0.0,1.0,1.0,0.0,3,0,0,0,0,0,0,0,0,0,0,0,0,0,0,0,2069,810,0,0.0,0.0,0.0,0.0,0.0,0.0,0.0,0.0,0,0,0,0
606,Triston,Rowe,Rowe,a,,,4.0,638,201,0.1,374,137,0.0,425,157,0,0,0,0,0,411,150,0.0,0.0,0.0,0.0,0.0,425,157,,,386,149,378,147,304,122,396,149,,,,,,,,0.0,0.0,0.0,0.0,0.0,0.0,0.0,0.0,0.0,3,0,0,0,0,0,0,0,0,0,0,0,0,0,0,0,440,156,0,0.0,0.0,0.0,0.0,0.0,0.0,0.0,0.0,0,0,0,0
607,Luka,Lynch,Lynch,u,Has joined Oxford United on loan until January,,4.5,540,275,0.1,418,164,0.0,499,194,0,0,0,0,0,0,728,0.0,0.0,0.0,0.0,0.0,499,194,0.0,0.0,465,174,466,183,409,141,475,179,,,,,,,,0.0,0.0,0.0,0.0,0.0,0.0,0.0,0.0,0.0,3,0,0,0,0,0,0,0,0,0,0,0,0,0,0,0,0,742,0,0.0,0.0,0.0,0.0,0.0,0.0,0.0,0.0,0,0,0,0
611,Aaron,Wan-Bissaka,Wan-Bissaka,a,,,4.5,463,103,0.2,367,134,0.5,312,104,0,0,0,0,0,387,133,0.1,0.2,0.5,0.5,1.0,270,101,,,294,111,289,106,348,148,315,113,,,,,,,,0.0,0.0,0.0,0.0,0.0,0.0,0.0,0.0,15.0,3,0,0,0,0,0,0,0,0,0,0,0,0,0,0,0,422,144,0,0.0,0.0,0.0,0.0,0.0,0.0,0.0,0.0,0,0,0,0
618,Leon,Goretzka,Goretzka,a,,,6.0,60,42,0.0,496,201,0.0,636,278,0,0,0,0,0,270,134,0.0,0.0,0.0,0.0,0.0,636,278,,,632,277,632,277,627,273,633,277,,,,,,,,0.0,0.0,0.0,0.0,0.0,0.0,0.0,0.0,0.0,3,0,0,0,0,0,0,0,0,0,0,0,0,0,0,0,291,137,0,0.0,0.0,0.0,0.0,0.0,0.0,0.0,0.0,0,0,0,0
630,Taylor,Harwood-Bellis,Harwood-Bellis,a,,,4.5,485,120,0.0,597,201,0.0,463,178,0,0,0,0,0,154,21,0.0,0.0,1.8,1.8,0.0,463,178,,,427,172,424,172,362,158,437,172,,,,,,,,0.0,0.0,0.0,0.0,0.0,0.0,0.0,0.0,0.0,3,0,0,0,0,0,0,0,0,0,0,0,0,0,0,0,168,27,0,0.0,0.0,0.0,0.0,0.0,0.0,0.0,0.0,0,0,0,0
57,Đorđe,Petrović,Petrović,a,,,4.5,496,40,3.4,93,15,2.0,154,15,1,0,0,0,0,3997,3042,0.4,1.3,2.0,2.0,2.0,181,15,,,16,2,431,42,370,41,120,2,,,,,,,,0.0,0.0,0.0,1.58,3.0,0.0,1.67,1.0,0.0,3,1,90,0,0,0,2,0,0,0,0,0,0,1,0,0,4345,3332,0,0.0,0.0,0.0,0.6600000000000001,0.0,0.0,0.0,0.0,0,1,8,0
58,Fraser,Forster,Forster,a,,,4.0,576,50,3.3,96,17,0.0,380,24,0,0,0,0,0,3691,1221,0.0,0.0,0.0,0.0,0.0,380,24,,,341,24,331,3,253,2,350,24,,,,,,,,0.0,0.0,0.0,0.0,0.0,0.0,0.0,0.0,0.0,3,0,0,0,0,0,0,0,0,0,0,0,0,0,0,0,4196,1494,0,0.0,0.0,0.0,0.0,0.0,0.0,0.0,0.0,0,0,0,0
59,Will,Dennis,Dennis,u,Has joined MK Dons permanently,,4.0,611,65,0.2,366,41,0.0,404,39,0,0,0,0,0,0,198,0.0,0.0,0.0,0.0,0.0,404,39,0.0,0.0,365,39,357,18,281,17,375,39,,,,,,,,0.0,0.0,0.0,0.0,0.0,0.0,0.0,0.0,0.0,3,0,0,0,0,0,0,0,0,0,0,0,0,0,0,0,0,211,0,0.0,0.0,0.0,0.0,0.0,0.0,0.0,0.0,0,0,0,0
60,James,Hill,Hill,a,,,5.5,165,22,0.8,207,79,2.0,170,63,1,0,0,0,0,542,880,0.4,1.1,2.0,2.0,2.0,205,74,,,109,48,122,38,202,72,140,52,,,,,,,,0.0,0.25,0.25,1.58,0.0,0.0,1.67,1.0,8.0,3,1,90,0,0,0,2,0,0,0,0,0,0,1,0,3,576,958,0,0.0,0.020000000000000018,0.020000000000000018,0.6600000000000001,0.0,0.0,0.0,0.0,0,6,1,6
61,Adrien,Truffert,Truffert,a,,,5.5,175,24,3.7,90,35,1.7,193,69,0,0,0,0,0,905,3999,0.3,0.9,1.7,1.7,1.7,226,78,,,80,34,105,33,203,73,115,41,,,,,,,,0.0,0.04,0.04,1.58,0.0,0.0,1.67,1.0,7.33,3,0,90,0,0,0,2,0,0,0,1,0,0,1,0,1,955,4318,0,0.01,0.06,0.07,0.6600000000000001,0.0,0.0,0.0,0.0,3,3,5,6
62,Bafodé,Diakité,Diakité,a,,,5.0,291,50,0.2,347,128,0.0,563,203,0,0,0,0,0,153,304,0.0,0.0,0.0,0.0,0.0,563,203,,,538,203,539,203,496,196,545,203,,,,,,,,0.0,0.0,0.0,0.0,0.0,0.0,0.0,0.0,0.0,3,0,0,0,0,0,0,0,0,0,0,0,0,0,0,0,156,320,0,0.0,0.0,0.0,0.0,0.0,0.0,0.0,0.0,0,0,0,0
63,Veljko,Milosavljevic,Milosavljević,i,Unspecified injury - Unknown return date,,5.0,371,67,0.0,606,204,0.0,595,209,0,0,0,0,0,5,21,0.0,0.0,0.0,0.0,0.0,595,209,0.0,0.0,573,208,579,208,549,204,581,208,,,,,,,,0.0,0.0,0.0,0.0,0.0,0.0,0.0,0.0,0.0,3,0,0,0,0,0,0,0,0,0,0,0,0,0,0,0,6,23,0,0.0,0.0,0.0,0.0,0.0,0.0,0.0,0.0,0,0,0,0
64,Adam,Smith,Smith,a,,,4.5,424,81,0.1,391,143,0.7,264,91,0,0,0,0,0,129,140,0.2,0.4,0.7,0.7,0.7,365,125,,,165,77,142,44,321,138,195,73,,,,,,,,0.0,0.02,0.02,1.58,0.0,0.0,1.67,1.0,4.33,3,0,90,0,0,0,2,0,0,0,1,0,0,1,0,1,137,149,0,0.01,0.039999999999999994,0.05,0.6600000000000001,0.0,0.0,0.0,0.0,1,1,5,2
65,Julián,Araujo Zúñiga,J.Araujo,i,Thigh injury - Unknown return date,,4.5,489,123,0.0,588,200,0.0,465,179,0,0,0,0,0,14,26,0.0,0.0,0.0,0.0,0.0,465,179,0.0,0.0,429,173,426,173,365,160,439,173,,,,,,,,0.0,0.0,0.0,0.0,0.0,0.0,0.0,0.0,0.0,3,0,0,0,0,0,0,0,0,0,0,0,0,0,0,0,15,28,0,0.0,0.0,0.0,0.0,0.0,0.0,0.0,0.0,0,0,0,0
67,Rayan Vitor,Simplício Rocha,Rayan,a,,,6.5,43,29,2.2,119,37,2.0,177,82,2,0,0,0,0,905,4742,0.3,0.9,2.0,2.0,2.0,214,98,,,208,82,150,90,22,13,79,45,,,,,,,,0.16,0.02,0.18,1.53,0.0,0.0,1.35,1.01,2.7,3,2,89,0,0,0,2,0,0,0,0,0,0,1,0,6,977,5121,0,0.03999999999999998,0.009999999999999995,0.050000000000000044,0.6300000000000003,0.0,0.0,0.0,0.0,1,1,0,2
68,Marcus,Tavernier,Tavernier,a,,,6.0,64,44,2.4,112,33,7.0,11,5,10,0,0,0,0,15460,2563,1.2,3.5,7.0,7.0,7.0,22,8,,,44,21,25,22,65,39,30,24,1.0,1.0,3.0,,,,,0.5,0.11,0.61,1.59,0.0,0.0,1.68,1.01,9.4,3,10,88,1,0,0,2,0,0,0,0,0,0,1,3,43,15719,2950,0,1.01,0.050000000000000044,1.06,0.6299999999999999,0.0,0.0,0.0,0.0,1,0,8,9
66,Julio,Soler Barreto,Soler,a,,,4.0,640,203,0.2,315,115,0.0,426,158,0,0,0,0,0,620,215,0.0,0.0,0.0,0.0,0.0,426,158,100.0,100.0,387,150,379,148,306,124,397,150,,,,,,,,0.0,0.0,0.0,0.0,0.0,0.0,0.0,0.0,0.0,3,0,0,0,0,0,0,0,0,0,0,0,0,0,0,0,666,228,0,0.0,0.0,0.0,0.0,0.0,0.0,0.0,0.0,0,0,0,0
69,Alex,Scott,Scott,a,,,6.0,78,53,2.3,117,35,8.0,4,4,10,0,0,0,0,21027,1483,1.3,4.0,8.0,8.0,8.0,15,7,,,33,16,55,42,89,48,47,33,2.0,4.0,,,,,,0.11,0.1,0.21,1.56,0.0,0.34,1.35,1.02,12.52,3,10,90,0,2,0,2,0,0,0,0,0,0,1,2,37,21360,1589,0,0.06,0.019999999999999962,0.07999999999999996,0.6600000000000001,0.0,0.0,0.0,0.0,0,5,6,11
70,Justin,Kluivert,Kluivert,a,,,6.0,67,46,1.1,184,58,2.3,145,64,1,0,0,0,0,879,2276,0.4,1.2,2.3,2.3,2.3,170,76,,,168,61,47,37,11,7,32,25,3.0,2.0,2.0,,,,,0.3,0.02,0.32,1.6,0.0,0.79,0.39,1.18,7.07,3,1,75,0,0,0,1,0,0,0,1,0,0,1,0,6,945,2421,0,0.050000000000000044,0.009999999999999995,0.05999999999999994,0.4700000000000002,0.0,0.0,0.0,0.0,1,0,3,4
71,Lewis,Cook,Cook,a,,,5.0,252,155,0.2,332,118,2.3,137,60,1,0,0,0,0,409,393,0.5,1.4,2.3,2.3,2.3,164,72,,,242,102,148,89,476,177,238,106,5.0,,,,,,,0.0,0.01,0.01,2.18,0.0,1.15,0.57,1.15,5.73,3,1,14,0,0,0,1,0,0,0,0,0,0,0,0,2,461,414,0,0.0,0.0,0.0,0.18999999999999995,0.0,0.0,0.0,0.0,0,1,0,1
72,Ben,Gannon-Doak,Gannon-Doak,a,,,5.0,330,196,0.1,472,187,0.7,285,130,1,0,0,0,0,43,119,0.1,0.4,0.7,0.7,1.0,306,132,,,336,155,328,166,233,110,335,155,,,,,,,,1.35,0.0,1.35,10.35,0.0,0.0,45.0,0.0,135.0,3,1,1,0,0,0,0,0,0,0,0,0,0,0,0,3,45,128,0,0.03,0.0,0.03,0.04000000000000001,0.0,0.0,0.0,0.0,1,0,1,2
73,Tyler,Adams,Adams,a,,,5.0,264,163,0.3,308,109,2.0,158,68,4,0,0,0,0,702,350,0.4,1.2,2.0,2.0,2.0,191,83,100.0,100.0,269,121,252,132,484,182,305,138,,,,,,,,0.0,0.01,0.01,0.76,0.0,0.0,3.24,0.81,15.41,3,4,75,0,0,0,1,0,0,0,0,0,0,1,0,15,737,367,0,0.0,0.01,0.01,0.47,0.0,0.0,0.0,0.0,3,2,8,13
74,David,Brooks,Brooks,a,,,5.0,246,152,0.1,488,196,0.7,279,128,1,0,0,0,0,94,76,0.1,0.4,0.7,0.7,1.0,291,123,100.0,100.0,518,205,263,137,471,174,343,160,4.0,3.0,,,,,,0.0,0.04,0.04,1.37,0.0,0.0,7.83,0.0,0.0,3,1,14,0,0,0,1,0,0,0,0,0,0,0,0,2,111,85,0,0.0,0.0,0.0,0.18999999999999997,0.0,0.0,0.0,0.0,0,0,0,0
75,Ryan,Christie,Christie,a,,,5.0,253,156,0.0,547,224,0.7,281,129,1,0,0,0,0,68,65,0.1,0.4,0.7,0.7,1.0,293,124,100.0,100.0,303,136,313,158,477,178,326,149,6.0,,,,,,,0.0,0.0,0.0,2.92,0.0,0.0,22.5,0.0,45.0,3,1,1,0,0,0,0,0,0,0,0,0,0,0,0,3,70,67,0,0.0,0.0,0.0,0.0,0.0,0.0,0.0,0.0,0,0,0,0
76,Alex,Tóth,Tóth.A,a,,,5.0,370,226,0.0,579,240,0.3,352,163,0,0,0,0,0,15,31,0.1,0.2,0.3,0.3,1.0,315,140,,,304,137,300,151,548,221,329,152,,,,,,,,0.0,0.0,0.0,1.86,0.0,0.0,12.0,0.0,12.0,3,0,0,0,0,0,0,0,0,0,0,0,0,0,0,0,15,31,0,0.0,0.0,0.0,0.0,0.0,0.0,0.0,0.0,0,0,0,0
77,Amine,Adli,Adli,i,Unspecified injury - Unknown return date,,4.9,406,246,0.0,576,238,0.0,537,215,0,0,0,-1,1,8,44,0.0,0.0,0.0,0.0,0.0,537,215,0.0,0.0,507,197,507,204,455,164,516,201,,,,,,,,0.0,0.0,0.0,0.0,0.0,0.0,0.0,0.0,0.0,3,0,0,0,0,0,0,0,0,0,0,0,0,0,0,0,8,46,0,0.0,0.0,0.0,0.0,0.0,0.0,0.0,0.0,0,0,0,0
78,Junior,Kroupi,Kroupi.Jr,i,Foot injury - Unknown return date,,7.4,22,14,0.2,328,116,0.0,649,288,0,0,0,-1,1,29,538,0.0,0.0,0.0,0.0,0.0,649,288,0.0,0.0,649,288,649,288,649,288,649,288,,,1.0,,,,,0.0,0.0,0.0,0.0,0.0,0.0,0.0,0.0,0.0,3,0,0,0,0,0,0,0,0,0,0,0,0,0,0,0,29,563,0,0.0,0.0,0.0,0.0,0.0,0.0,0.0,0.0,0,0,0,0
79,Francisco Evanilson,de Lima Barbosa,Evanilson,a,,,6.0,73,16,3.3,100,15,3.7,77,7,2,0,0,0,0,4753,4250,0.6,1.8,3.7,3.7,3.7,95,12,,,120,11,65,6,80,18,77,12,,,,,,,,0.32,0.1,0.42,1.58,0.0,0.74,0.74,1.11,6.64,3,2,90,0,0,0,2,0,0,0,0,0,0,1,0,4,5125,4526,0,0.28,0.010000000000000009,0.29000000000000015,0.6599999999999997,0.0,0.0,0.0,0.0,0,4,3,7
80,Enes,Ünal,Enes Ünal,u,Has joined Getafe permanently,,5.5,126,31,0.0,570,75,0.0,616,71,0,0,0,0,0,0,31,0.0,0.0,0.0,0.0,0.0,616,71,0.0,0.0,602,63,606,68,587,65,608,68,,,,,,,,0.0,0.0,0.0,0.0,0.0,0.0,0.0,0.0,0.0,3,0,0,0,0,0,0,0,0,0,0,0,0,0,0,0,0,33,0,0.0,0.0,0.0,0.0,0.0,0.0,0.0,0.0,0,0,0,0
81,Álvaro,Rodríguez,Rodríguez,a,,,6.0,83,19,0.1,408,58,0.3,373,45,0,0,0,0,0,210,208,0.0,0.2,0.3,0.3,1.0,353,42,100.0,100.0,637,74,637,74,633,74,637,74,,,,,,,,0.0,0.0,0.0,1.6,0.0,0.0,10.0,0.0,10.0,3,0,0,0,0,0,0,0,0,0,0,0,0,0,0,0,213,214,0,0.0,0.0,0.0,0.0,0.0,0.0,0.0,0.0,0,0,0,0
566,António João,Pereira de Albuquerque Tavares da Silva,Silva,a,,,5.0,317,58,0.4,269,99,2.3,139,55,1,0,0,0,0,451,367,0.5,1.4,2.3,2.3,2.3,165,63,,,56,19,245,82,123,38,134,48,,,,,,,,0.09,0.01,0.1,1.58,0.0,0.0,1.67,1.0,10.33,3,1,90,0,0,0,2,0,0,0,0,0,0,1,0,8,498,416,0,0.020000000000000018,0.010000000000000002,0.02999999999999997,0.6600000000000001,0.0,0.0,0.0,0.0,1,7,2,8
573,Juanlu,Sánchez,Sanchez,a,,,4.5,514,136,0.2,344,127,0.0,476,183,0,0,0,0,0,35,162,0.0,0.0,0.0,0.0,0.0,476,183,,,440,177,442,178,384,167,450,177,,,,,,,,0.0,0.0,0.0,0.0,0.0,0.0,0.0,0.0,0.0,3,0,0,0,0,0,0,0,0,0,0,0,0,0,0,0,36,175,0,0.0,0.0,0.0,0.0,0.0,0.0,0.0,0.0,0,0,0,0
608,Daniel,Jebbison,Jebbison,a,,,5.0,346,60,0.1,436,62,0.7,287,33,1,0,0,0,0,460,174,0.1,0.4,0.7,0.7,1.0,309,33,,,297,29,292,37,103,21,254,29,,,,,,,,0.56,0.0,0.56,1.97,0.0,0.0,11.25,0.0,5.62,3,1,1,0,0,0,0,0,0,0,0,0,0,0,0,4,482,180,0,0.0,0.0,0.0,0.03999999999999998,0.0,0.0,0.0,0.0,0,0,0,0
615,Michele,Di Gregorio,Di Gregorio,a,,,4.5,473,36,0.0,541,61,0.0,458,57,0,0,0,0,0,101,53,0.0,0.0,0.0,0.0,0.0,458,57,,,421,57,417,38,353,37,431,57,,,,,,,,0.0,0.0,0.0,0.0,0.0,0.0,0.0,0.0,0.0,3,0,0,0,0,0,0,0,0,0,0,0,0,0,0,0,105,55,0,0.0,0.0,0.0,0.0,0.0,0.0,0.0,0.0,0,0,0,0
82,Caoimhín,Kelleher,Kelleher,a,,,5.0,263,10,7.0,60,9,3.7,71,4,2,0,0,0,0,4571,3986,0.7,2.2,3.7,3.7,3.7,89,5,,,87,11,528,60,483,60,191,12,,,,,,,,0.0,0.0,0.0,1.29,2.33,0.33,0.67,1.0,0.0,3,2,90,0,0,0,1,0,0,0,0,0,2,1,0,10,5722,4505,0,0.0,0.0,0.0,1.85,0.0,0.0,0.0,0.0,0,2,6,0
83,Hákon Rafn,Valdimarsson,Valdimarsson,a,,,4.5,519,44,0.1,421,48,0.0,481,60,0,0,0,0,0,57,88,0.0,0.0,0.0,0.0,0.0,481,60,,,445,60,447,46,389,45,455,60,,,,,,,,0.0,0.0,0.0,0.0,0.0,0.0,0.0,0.0,0.0,3,0,0,0,0,0,0,0,0,0,0,0,0,0,0,0,67,107,0,0.0,0.0,0.0,0.0,0.0,0.0,0.0,0.0,0,0,0,0
84,Nathan,Collins,Collins,a,,,5.5,154,20,2.2,123,49,3.3,92,36,1,0,0,0,0,949,2034,0.6,1.8,3.3,3.3,3.3,110,42,,,93,42,115,35,32,2,52,10,,,,,,,,0.23,0.02,0.25,0.98,0.0,0.46,0.46,1.38,7.81,3,1,16,0,0,0,0,0,0,0,0,0,0,1,0,4,1419,2191,0,0.0,0.0,0.0,0.11000000000000032,0.0,0.0,0.0,0.0,0,1,0,1
85,Sepp,van den Berg,Van den Berg,i,Groin injury - Unknown return date,,4.9,401,72,0.1,455,160,0.0,534,198,0,0,0,-1,1,11,177,0.0,0.0,0.0,0.0,0.0,534,198,0.0,0.0,504,195,504,195,452,187,513,195,,,,,,,,0.0,0.0,0.0,0.0,0.0,0.0,0.0,0.0,0.0,3,0,0,0,0,0,0,0,0,0,0,0,0,0,0,0,14,186,0,0.0,0.0,0.0,0.0,0.0,0.0,0.0,0.0,0,0,0,0
86,Keane,Lewis-Potter,Lewis-Potter,a,,,5.5,151,91,2.2,118,36,6.0,26,12,2,0,0,0,0,4892,2330,1.1,3.3,6.0,6.0,6.0,38,18,,,5,4,34,28,86,47,24,18,,1.0,,,,,,0.37,0.22,0.59,1.31,0.0,0.34,0.67,1.01,9.1,3,2,90,0,0,0,1,0,0,0,0,0,0,1,0,4,5844,2556,0,0.30000000000000004,0.4,0.7,1.85,0.0,0.0,0.0,0.0,1,4,1,6
87,Kristoffer,Ajer,Ajer,a,,,4.5,456,98,5.2,70,30,4.3,48,21,2,0,0,0,0,8598,6424,1.0,2.9,4.3,4.3,4.3,66,28,,,35,11,117,36,49,8,46,8,,,,,,,,0.04,0.01,0.05,1.29,0.0,0.33,0.67,1.0,10.67,3,2,90,0,0,0,1,0,0,0,0,0,0,1,0,6,12206,7601,0,0.0,0.0,0.0,1.85,0.0,0.0,0.0,0.0,0,5,2,5
88,Michael,Kayode,Kayode,a,,,4.6,423,80,9.6,43,16,5.3,36,16,1,0,0,1,-1,8575,8483,1.2,3.5,5.3,5.3,5.3,48,20,,,63,25,134,39,29,1,45,7,,,,,,,,0.24,0.09,0.33,1.02,0.0,0.43,0.43,1.3,5.65,3,1,45,0,0,0,0,0,0,0,0,0,0,1,0,2,10395,9088,0,0.030000000000000027,0.0,0.030000000000000027,0.42000000000000015,0.0,0.0,0.0,0.0,0,5,2,5
89,Rico,Henry,Henry,a,,,4.5,457,99,0.2,330,122,0.3,324,113,0,0,0,0,0,41,148,0.1,0.2,0.3,0.3,1.0,269,100,,,415,165,410,164,345,147,425,165,,,,,,,,0.0,0.0,0.0,0.0,0.0,0.0,0.0,0.0,0.0,3,0,0,0,0,0,0,0,0,0,0,0,0,0,0,0,42,162,0,0.0,0.0,0.0,0.0,0.0,0.0,0.0,0.0,0,0,0,0
90,Aaron,Hickey,Hickey,a,,,4.5,502,131,0.1,461,161,1.0,231,83,1,0,0,0,0,36,60,0.2,0.7,1.0,1.0,1.0,277,107,,,286,106,214,68,375,165,300,109,,,,,,,,0.0,0.03,0.03,2.26,0.0,0.0,1.48,0.0,10.33,3,1,45,0,0,0,1,0,0,0,0,0,0,0,0,0,44,66,0,0.0,0.0,0.0,1.43,0.0,0.0,0.0,0.0,1,5,2,6
92,Kim,Ji-soo,Ji-soo,a,,,4.5,539,144,0.0,571,195,0.0,498,189,0,0,0,0,0,17,23,0.0,0.0,0.0,0.0,0.0,498,189,,,464,184,465,185,408,174,474,184,,,,,,,,0.0,0.0,0.0,0.0,0.0,0.0,0.0,0.0,0.0,3,0,0,0,0,0,0,0,0,0,0,0,0,0,0,0,18,26,0,0.0,0.0,0.0,0.0,0.0,0.0,0.0,0.0,0,0,0,0
93,Jannik,Schuster,Schuster,a,,,4.5,521,139,0.1,371,136,0.7,272,98,2,0,0,0,0,18,71,0.2,0.4,0.7,0.7,2.0,182,70,,,447,180,449,181,391,170,457,180,,,,,,,,0.15,0.01,0.16,2.13,0.0,0.0,1.23,0.0,11.1,3,2,73,0,0,0,1,0,0,0,0,0,0,0,0,12,19,83,0,0.12,0.01,0.13,1.73,0.0,0.0,0.0,0.0,0,9,0,9
94,Kevin,Schade,Schade,a,,,6.0,79,54,4.3,85,28,5.0,42,20,2,0,0,0,0,5158,6753,0.8,2.5,5.0,5.0,5.0,60,27,,,30,15,111,67,4,1,15,11,,,2.0,,,,,0.26,0.04,0.3,1.31,0.0,0.34,0.67,1.01,7.75,3,2,90,0,0,0,1,0,0,0,0,0,0,1,0,11,8069,7358,0,0.0,0.09,0.08999999999999997,1.85,0.0,0.0,0.0,0.0,0,0,5,5
95,Dango,Ouattara,O.Dango,a,,,6.4,52,36,0.8,211,67,1.7,196,91,1,-1,1,-1,1,199,2555,0.3,0.8,1.7,1.7,1.7,227,104,,,201,80,38,31,106,55,100,52,2.0,,,,,,,0.04,0.24,0.28,1.45,0.0,0.64,0.64,1.29,15.43,3,1,45,0,0,0,0,0,0,0,0,0,0,1,0,6,240,2865,0,0.0,0.010000000000000009,0.010000000000000009,0.41999999999999993,0.0,0.0,0.0,0.0,1,3,7,11
96,Mikkel,Damsgaard,Damsgaard,a,,,5.5,158,95,0.5,259,86,3.7,72,33,7,0,0,0,0,318,411,0.7,2.0,3.7,3.7,3.7,90,42,,,159,58,20,18,77,43,59,39,3.0,3.0,,,,,,0.02,0.25,0.27,1.08,0.0,0.54,0.54,1.08,9.16,3,7,85,0,1,0,1,0,0,0,0,0,0,1,2,30,339,486,0,0.0,0.22000000000000003,0.21999999999999997,1.77,0.0,0.0,0.0,0.0,0,1,3,4
97,Mathias,Jensen,Jensen,i,Unspecified injury - Expected back 18 Sep,,5.5,141,86,0.2,359,133,2.0,169,77,0,0,0,0,0,3,662,0.4,1.1,0.0,0.0,6.0,37,17,0.0,0.0,221,90,39,32,125,63,118,60,1.0,2.0,3.0,,,,,0.11,0.46,0.57,0.64,0.0,1.36,0.0,1.36,6.82,3,0,0,0,0,0,0,0,0,0,0,0,0,0,0,0,4,726,0,0.0,0.0,0.0,0.0,0.0,0.0,0.0,0.0,0,0,0,0
98,Vitaly,Janelt,Janelt,a,,,5.0,266,165,0.7,230,78,6.3,18,8,9,0,0,0,0,3977,948,1.3,3.8,6.3,6.3,6.3,29,13,,,18,11,10,10,66,40,16,12,4.0,,,,,,,0.16,0.11,0.27,1.29,0.0,0.33,0.67,1.0,11.33,3,9,90,1,0,0,1,0,0,0,1,0,0,1,3,32,4198,1031,0,0.09999999999999998,0.010000000000000009,0.1100000000000001,1.85,0.0,0.0,0.0,0.0,4,3,4,11
99,Antoni,Milambo,Milambo,i,Knee injury - Unknown return date,,5.0,352,212,0.0,644,283,0.0,589,247,0,0,0,0,0,2,4,0.0,0.0,0.0,0.0,0.0,589,247,0.0,0.0,565,233,572,239,537,211,573,236,,,,,,,,0.0,0.0,0.0,0.0,0.0,0.0,0.0,0.0,0.0,3,0,0,0,0,0,0,0,0,0,0,0,0,0,0,0,2,6,0,0.0,0.0,0.0,0.0,0.0,0.0,0.0,0.0,0,0,0,0
100,Fábio,Freitas Gouveia Carvalho,Carvalho,a,,,5.0,292,176,0.0,565,234,0.0,564,232,0,0,0,0,0,77,41,0.0,0.0,0.0,0.0,0.0,564,232,100.0,100.0,539,216,540,221,497,188,546,218,,,,,,,,0.0,0.0,0.0,0.0,0.0,0.0,0.0,0.0,0.0,3,0,0,0,0,0,0,0,0,0,0,0,0,0,0,0,79,42,0,0.0,0.0,0.0,0.0,0.0,0.0,0.0,0.0,0,0,0,0
102,Yehor,Yarmoliuk,Yarmoliuk,a,,,4.9,409,248,0.9,202,61,0.7,276,126,0,0,0,-1,1,145,1305,0.1,0.4,0.7,0.7,0.7,367,175,,,268,120,159,96,168,81,228,101,,,,,,,,0.07,0.03,0.1,2.88,0.0,0.0,2.02,0.0,11.12,3,0,45,0,0,0,1,0,0,0,1,0,0,0,0,1,153,1437,0,0.030000000000000006,0.019999999999999997,0.05,1.4300000000000002,0.0,0.0,0.0,0.0,1,1,3,5
103,Josh,Dasilva,Dasilva,i,Hamstring injury - Expected back 10 Oct,,5.0,260,160,0.0,562,232,0.0,553,227,0,0,0,0,0,3,108,0.0,0.0,0.0,0.0,0.0,553,227,0.0,0.0,526,210,527,216,482,181,534,213,,,,,,,,0.0,0.0,0.0,0.0,0.0,0.0,0.0,0.0,0.0,3,0,0,0,0,0,0,0,0,0,0,0,0,0,0,0,4,112,0,0.0,0.0,0.0,0.0,0.0,0.0,0.0,0.0,0,0,0,0
105,Jaidon,Anthony,Anthony,a,,,6.0,74,50,0.2,360,134,1.3,219,102,1,0,0,0,0,89,246,0.2,0.7,1.3,1.3,1.3,249,114,,,214,86,19,17,109,58,78,44,,,,,,,,0.12,0.3,0.42,1.14,0.0,0.7,0.7,0.7,9.14,3,1,45,0,0,0,1,0,0,0,0,0,0,0,0,3,100,267,0,0.03,0.010000000000000009,0.039999999999999925,1.4300000000000002,0.0,0.0,0.0,0.0,0,0,4,4
106,Igor Thiago,Nascimento Rodrigues,Thiago,a,,,8.0,9,3,13.4,32,6,1.3,224,26,2,0,0,0,0,2820,32006,0.2,0.5,1.3,1.3,1.3,251,31,,,279,26,186,23,19,9,105,15,,,1.0,,,,,0.79,0.03,0.82,1.31,0.0,0.34,0.69,1.03,5.15,3,2,90,0,0,0,1,0,0,0,0,0,0,1,0,9,3635,34558,0,0.4999999999999998,0.010000000000000009,0.51,1.85,0.0,0.0,0.0,0.0,1,3,2,6
107,Kaye,Furo,Furo,a,,,4.5,549,74,1.1,187,28,0.0,505,53,0,0,0,0,0,2668,1161,0.0,0.0,0.0,0.0,0.0,505,53,,,471,44,472,49,416,46,481,49,,,,,,,,0.0,0.0,0.0,0.0,0.0,0.0,0.0,0.0,0.0,3,0,0,0,0,0,0,0,0,0,0,0,0,0,0,0,2870,1264,0,0.0,0.0,0.0,0.0,0.0,0.0,0.0,0.0,0,0,0,0
108,Callum,Wilson,Wilson,a,,,5.5,121,30,0.4,276,48,1.0,243,28,1,0,0,0,0,407,597,0.2,0.5,1.0,1.0,1.0,333,36,,,308,33,185,22,131,24,234,25,,,,,,,,0.48,0.28,0.76,1.04,0.0,0.0,0.0,0.0,13.85,3,1,4,0,0,0,0,0,0,0,0,0,0,0,0,2,441,640,0,0.0,0.0,0.0,0.07999999999999999,0.0,0.0,0.0,0.0,0,1,0,1
565,Mamadou,Sangaré,M.Sangaré,a,,,5.7,118,77,15.3,28,10,6.0,27,13,0,0,0,2,-2,29886,18496,1.1,3.2,6.0,6.0,6.0,40,19,,,41,19,36,29,59,34,33,26,,,,,,,,0.17,0.16,0.33,1.01,0.0,0.43,0.43,1.29,13.71,3,0,45,0,0,0,0,0,0,0,1,0,0,1,0,0,38418,20454,0,0.14,0.010000000000000009,0.15000000000000002,0.42000000000000015,0.0,0.0,0.0,0.0,1,1,3,5
620,El Hadji Malick,Diouf,Diouf,a,,,4.5,556,150,0.1,432,152,0.0,511,193,0,0,0,0,0,347,242,0.0,0.0,0.0,0.0,0.0,511,193,,,477,188,478,189,422,179,487,188,,,,,,,,0.0,0.0,0.0,0.0,0.0,0.0,0.0,0.0,0.0,3,0,0,0,0,0,0,0,0,0,0,0,0,0,0,0,386,255,0,0.0,0.0,0.0,0.0,0.0,0.0,0.0,0.0,0,0,0,0
109,Bart,Verbruggen,Verbruggen,a,,,4.5,509,43,22.1,12,2,3.0,103,10,3,0,0,0,0,18540,13985,0.7,2.0,3.0,3.0,3.0,120,10,,,197,21,437,45,379,44,269,21,,,,,,,,0.0,0.07,0.07,1.97,1.33,0.33,1.67,1.0,0.0,3,3,90,0,0,0,1,0,0,0,0,0,3,1,0,17,22113,17198,0,0.0,0.2,0.2,2.6999999999999997,0.0,0.0,0.0,0.0,0,0,4,0
111,Jason,Steele,Steele,a,,,4.0,577,51,4.2,86,13,0.0,381,25,0,0,0,0,0,5770,2072,0.0,0.0,0.0,0.0,0.0,381,25,,,342,25,332,4,254,3,351,25,,,,,,,,0.0,0.0,0.0,0.0,0.0,0.0,0.0,0.0,0.0,3,0,0,0,0,0,0,0,0,0,0,0,0,0,0,0,6616,2648,0,0.0,0.0,0.0,0.0,0.0,0.0,0.0,0.0,0,0,0,0
113,Ferdi,Kadıoğlu,F.Kadıoğlu,a,,,4.4,570,155,1.9,131,54,0.7,262,89,2,0,0,-1,1,770,2123,0.2,0.5,0.7,0.7,1.0,261,94,100.0,100.0,302,114,138,42,158,53,222,86,3.0,,,,,,,0.06,0.01,0.07,3.01,0.0,0.0,2.69,1.08,2.69,3,2,77,0,0,0,1,0,0,0,0,0,0,1,0,8,879,2423,0,0.09999999999999999,0.01,0.11000000000000001,2.6599999999999997,0.0,0.0,0.0,0.0,1,4,2,5
114,Olivier,Boscagli,Boscagli,a,,,4.5,460,101,0.3,300,111,2.3,133,51,2,0,0,0,0,286,211,0.5,1.6,2.3,2.3,2.3,161,61,,,130,58,68,16,99,28,91,29,,,,,,,,0.02,0.19,0.21,1.97,0.0,0.33,1.67,1.0,4.33,3,2,90,0,0,0,1,0,0,0,0,0,0,1,0,17,331,243,0,0.0,0.41999999999999993,0.42,2.6999999999999997,0.0,0.0,0.0,0.0,0,4,5,4
115,Maxim,De Cuyper,De Cuyper,a,,,4.7,421,79,17.6,21,6,7.0,10,4,4,0,0,2,-2,51090,8398,1.5,4.5,7.0,7.0,7.0,21,10,,,60,23,14,1,35,4,19,1,2.0,4.0,,,,,,0.56,0.15,0.71,2.18,0.0,0.37,1.85,1.11,3.33,3,4,76,0,1,0,1,0,0,0,1,0,0,1,0,11,64178,9319,0,0.0,0.14,0.1399999999999999,2.6599999999999997,0.0,0.0,0.0,0.0,1,2,4,3
116,Lewis,Dunk,Dunk,a,,,4.5,429,82,1.3,162,65,3.3,80,31,5,0,0,0,0,1250,673,0.7,2.2,3.3,3.3,3.3,101,38,,,139,62,193,61,326,139,202,78,,3.0,,,,,,0.0,0.02,0.02,1.97,0.0,0.33,1.67,1.0,6.0,3,5,90,0,0,0,1,0,0,0,0,0,0,1,1,20,1425,762,0,0.0,0.020000000000000004,0.020000000000000004,2.6999999999999997,0.0,0.0,0.0,0.0,0,13,6,13
117,Diego,Coppola,Coppola,a,,,4.5,531,142,0.0,568,193,0.0,492,188,0,0,0,0,0,18,24,0.0,0.0,0.0,0.0,0.0,492,188,,,457,183,459,184,401,173,467,183,,,,,,,,0.0,0.0,0.0,0.0,0.0,0.0,0.0,0.0,0.0,3,0,0,0,0,0,0,0,0,0,0,0,0,0,0,0,19,25,0,0.0,0.0,0.0,0.0,0.0,0.0,0.0,0.0,0,0,0,0
118,Igor Julio,dos Santos de Paulo,Igor,u,Has joined Burnley permanently,,4.5,468,107,0.1,477,168,0.0,457,174,0,0,0,0,0,0,392,0.0,0.0,0.0,0.0,0.0,457,174,0.0,0.0,420,167,416,167,352,151,430,167,,,,,,,,0.0,0.0,0.0,0.0,0.0,0.0,0.0,0.0,0.0,3,0,0,0,0,0,0,0,0,0,0,0,0,0,0,0,0,408,0,0.0,0.0,0.0,0.0,0.0,0.0,0.0,0.0,0,0,0,0
119,João Pedro,Loureiro da Costa,Costinha,a,,,4.5,495,128,0.0,522,180,0.7,270,96,1,0,0,0,0,27,28,0.2,0.4,0.7,0.7,0.7,366,126,,,244,98,239,79,95,26,224,87,,,,,,,,0.22,0.3,0.52,0.34,0.0,0.0,0.0,0.0,9.38,3,1,12,0,0,0,0,0,0,0,0,0,0,0,0,7,33,31,0,0.0,0.16,0.16000000000000003,0.03999999999999998,0.0,0.0,0.0,0.0,0,1,0,1
120,Michael,Svoboda,Svoboda,a,,,5.0,304,54,0.1,491,172,0.0,568,205,0,0,0,0,0,82,83,0.0,0.0,0.0,0.0,0.0,568,205,,,543,204,547,204,507,198,551,204,,,,,,,,0.0,0.0,0.0,0.0,0.0,0.0,0.0,0.0,0.0,3,0,0,0,0,0,0,0,0,0,0,0,0,0,0,0,87,90,0,0.0,0.0,0.0,0.0,0.0,0.0,0.0,0.0,0,0,0,0
121,Mitoma,Kaoru,Mitoma,i,Hamstring injury - Unknown return date,,5.9,101,65,0.0,525,217,0.0,632,274,0,-1,1,-1,1,9,73,0.0,0.0,0.0,0.0,0.0,632,274,0.0,0.0,627,272,627,272,621,267,628,272,,,,,,,,0.0,0.0,0.0,0.0,0.0,0.0,0.0,0.0,0.0,3,0,0,0,0,0,0,0,0,0,0,0,0,0,0,0,9,76,0,0.0,0.0,0.0,0.0,0.0,0.0,0.0,0.0,0,0,0,0
122,Yankuba,Minteh,Minteh,i,Leg injury - Expected back 28 Nov,,5.9,111,71,0.0,507,208,0.0,634,276,0,0,0,-1,1,6,124,0.0,0.0,0.0,0.0,0.0,634,276,0.0,0.0,629,274,629,274,624,270,630,274,5.0,,,,,,,0.0,0.0,0.0,0.0,0.0,0.0,0.0,0.0,0.0,3,0,0,0,0,0,0,0,0,0,0,0,0,0,0,0,7,126,0,0.0,0.0,0.0,0.0,0.0,0.0,0.0,0.0,0,0,0,0
123,Jack,Hinshelwood,Hinshelwood,d,Unspecified injury - 50% chance of playing,,6.0,80,55,1.3,164,52,5.3,39,19,0,0,0,0,0,257,5221,0.9,2.7,2.6,2.6,16.0,1,1,50.0,50.0,12,8,158,95,24,14,26,20,,,,,,,,2.01,0.03,2.04,0.27,0.0,1.43,0.0,1.43,4.29,3,0,0,0,0,0,0,0,0,0,0,0,0,0,0,0,272,5735,0,0.0,0.0,0.0,0.0,0.0,0.0,0.0,0.0,0,0,0,0
124,Pascal,Groß,Groß,a,,,5.5,120,78,16.0,24,9,5.3,37,17,1,0,0,0,0,36285,9631,1.0,2.9,5.3,5.3,5.3,49,24,,,19,12,5,5,62,37,8,7,1.0,1.0,1.0,,,,,0.22,0.14,0.36,1.97,0.0,0.33,1.67,1.0,5.0,3,1,90,0,0,0,1,0,0,0,1,0,0,1,0,-1,43906,10959,0,0.61,0.02999999999999997,0.6400000000000001,2.6999999999999997,0.0,0.0,0.0,0.0,0,2,2,4
125,Georginio,Rutter,Georginio,d,Unspecified injury - 75% chance of playing,,5.5,164,41,0.7,224,38,1.7,192,19,0,0,0,0,0,163,1988,0.3,0.9,1.3,1.3,5.0,57,4,75.0,75.0,177,14,176,19,116,22,183,20,,,,,,,,0.08,0.44,0.52,0.29,0.0,1.0,0.0,1.0,7.0,3,0,0,0,0,0,0,0,0,0,0,0,0,0,0,0,187,2205,0,0.0,0.0,0.0,0.0,0.0,0.0,0.0,0.0,0,0,0,0
126,Matt,O'Riley,O'Riley,a,,,5.5,144,87,0.1,423,167,0.0,620,266,0,0,0,0,0,124,126,0.0,0.0,0.0,0.0,0.0,620,266,,,607,260,611,261,595,249,612,261,,,3.0,,,,,0.0,0.0,0.0,0.0,0.0,0.0,0.0,0.0,0.0,3,0,0,0,0,0,0,0,0,0,0,0,0,0,0,0,127,136,0,0.0,0.0,0.0,0.0,0.0,0.0,0.0,0.0,0,0,0,0
127,Diego,Gómez Amarilla,Gomez,a,,,5.0,340,202,5.0,74,23,4.3,50,23,2,0,0,0,0,11988,7369,0.9,2.6,4.3,4.3,4.3,68,30,,,106,39,41,33,6,3,20,15,,5.0,,,,,,0.21,0.24,0.45,2.01,0.0,0.34,1.7,1.02,6.79,3,2,90,0,0,0,1,0,0,0,0,0,0,1,0,13,14900,8415,0,0.06999999999999995,0.04999999999999993,0.1200000000000001,2.6999999999999997,0.0,0.0,0.0,0.0,3,2,4,9
128,Facundo,Buonanotte,Buonanotte,u,Has joined Elche on loan for the rest of the season,,5.0,350,210,0.0,641,281,0.0,588,246,0,0,0,0,0,0,10,0.0,0.0,0.0,0.0,0.0,588,246,0.0,0.0,564,232,571,238,536,210,572,235,,,,,,,,0.0,0.0,0.0,0.0,0.0,0.0,0.0,0.0,0.0,3,0,0,0,0,0,0,0,0,0,0,0,0,0,0,0,0,10,0,0.0,0.0,0.0,0.0,0.0,0.0,0.0,0.0,0,0,0,0
129,Yasin,Ayari,Ayari,a,,,5.4,227,142,0.4,270,90,1.3,210,97,2,0,0,-1,1,91,1101,0.2,0.7,1.3,1.0,2.0,202,92,100.0,75.0,596,254,147,88,190,94,273,121,4.0,2.0,,,,,,0.15,0.04,0.19,1.7,0.0,0.59,0.59,1.18,4.12,3,2,90,0,0,0,1,0,0,0,0,0,0,1,0,18,92,1278,0,0.14,0.04000000000000001,0.18,2.7,0.0,0.0,0.0,0.0,0,1,2,3
130,Mats,Wieffer,Wieffer,i,Knee injury - Unknown return date,,5.0,311,56,0.4,273,101,2.3,138,54,0,0,0,0,0,12,3402,0.5,1.4,0.0,0.0,3.5,98,35,0.0,0.0,110,49,60,14,148,48,93,31,,,,,,,,0.07,0.08,0.15,1.83,0.0,0.58,2.31,1.15,8.65,3,0,0,0,0,0,0,0,0,0,0,0,0,0,0,0,13,3585,0,0.0,0.0,0.0,0.0,0.0,0.0,0.0,0.0,0,0,0,0
132,Harry,Howell,Howell,u,Has joined Leicester City on loan for the rest of the season,,4.5,551,280,0.0,513,211,0.0,507,198,0,0,0,0,0,0,71,0.0,0.0,0.0,0.0,0.0,507,198,0.0,0.0,473,178,474,187,418,145,483,183,,,,,,,,0.0,0.0,0.0,0.0,0.0,0.0,0.0,0.0,0.0,3,0,0,0,0,0,0,0,0,0,0,0,0,0,0,0,0,73,0,0.0,0.0,0.0,0.0,0.0,0.0,0.0,0.0,0,0,0,0
133,Tom,Watson,Watson,u,Has joined Leicester City on loan for the rest of the season,,5.0,355,215,0.0,648,286,0.0,591,249,0,0,0,0,0,0,4,0.0,0.0,0.0,0.0,0.0,591,249,0.0,0.0,567,235,574,241,540,214,575,238,,,,,,,,0.0,0.0,0.0,0.0,0.0,0.0,0.0,0.0,0.0,3,0,0,0,0,0,0,0,0,0,0,0,0,0,0,0,0,4,0,0.0,0.0,0.0,0.0,0.0,0.0,0.0,0.0,0,0,0,0
134,Nehemiah,Oriola,Oriola,a,,,4.5,535,274,0.3,303,105,0.0,495,193,0,0,0,0,0,292,237,0.0,0.0,0.0,0.0,0.0,495,193,,,460,173,462,182,404,140,470,178,,,,,,,,0.0,0.0,0.0,0.0,0.0,0.0,0.0,0.0,0.0,3,0,0,0,0,0,0,0,0,0,0,0,0,0,0,0,315,258,0,0.0,0.0,0.0,0.0,0.0,0.0,0.0,0.0,0,0,0,0
135,Zadok,Yohanna,Yohanna,a,,,4.9,420,256,0.1,486,195,0.3,337,152,0,-1,1,-1,1,56,104,0.1,0.2,0.3,0.3,1.0,290,122,,,334,153,273,140,464,171,334,154,,,,,,,,0.0,0.22,0.22,0.0,0.0,0.0,0.0,0.0,0.0,3,0,0,0,0,0,0,0,0,0,0,0,0,0,0,0,59,113,0,0.0,0.0,0.0,0.0,0.0,0.0,0.0,0.0,0,0,0,0
137,Stefanos,Tzimas,Tzimas,i,Knee injury - Unknown return date,,5.5,195,44,0.0,613,77,0.0,627,72,0,0,0,0,0,11,24,0.0,0.0,0.0,0.0,0.0,627,72,0.0,0.0,618,66,622,70,611,68,622,70,,,,,,,,0.0,0.0,0.0,0.0,0.0,0.0,0.0,0.0,0.0,3,0,0,0,0,0,0,0,0,0,0,0,0,0,0,0,12,25,0,0.0,0.0,0.0,0.0,0.0,0.0,0.0,0.0,0,0,0,0
138,Charalampos,Kostoulas,Kostoulas,a,,,5.5,197,45,0.5,258,44,2.7,125,11,2,0,0,0,0,1197,438,0.5,1.5,2.7,2.7,2.7,148,17,,,276,25,145,14,71,16,184,21,,,,,,,,0.36,0.02,0.38,2.63,0.0,0.0,2.31,0.92,7.85,3,2,90,0,0,0,1,0,0,0,0,0,0,1,0,12,1468,488,0,0.44000000000000006,0.02,0.45999999999999996,2.7,0.0,0.0,0.0,0.0,1,4,4,9
139,Evan,Ferguson,Ferguson,i,Ankle injury - Expected back 10 Oct,,5.0,320,57,0.0,531,70,0.0,574,61,0,0,0,0,0,55,76,0.0,0.0,0.0,0.0,0.0,574,61,0.0,0.0,549,52,555,57,517,54,557,57,,,,,,,,0.0,0.0,0.0,0.0,0.0,0.0,0.0,0.0,0.0,3,0,0,0,0,0,0,0,0,0,0,0,0,0,0,0,57,79,0,0.0,0.0,0.0,0.0,0.0,0.0,0.0,0.0,0,0,0,0
328,Pascal,Struijk,Struijk,a,,,5.0,282,48,0.2,339,124,0.3,342,126,1,0,0,0,0,122,242,0.1,0.2,0.3,0.3,1.0,298,119,100.0,100.0,533,202,534,202,490,195,540,202,,,,,,,,0.0,0.0,0.0,0.0,0.0,0.0,0.0,0.0,0.0,3,1,1,0,0,0,0,0,0,0,0,0,0,0,0,3,137,261,0,0.0,0.0,0.0,0.0,0.0,0.0,0.0,0.0,0,0,0,0
504,Luka,Vušković,Vuskovic,a,,,5.0,368,66,2.4,115,47,6.0,22,8,12,0,0,0,0,2807,2500,1.2,3.6,6.0,6.0,6.0,34,15,,,116,53,164,49,104,30,135,49,,,,,,,,0.12,0.02,0.14,1.97,0.0,0.33,1.67,1.0,7.33,3,12,90,1,0,0,1,0,0,0,0,0,0,1,2,29,3116,2830,0,0.18999999999999997,0.009999999999999995,0.19999999999999998,2.6999999999999997,0.0,0.0,0.0,0.0,2,8,4,10
594,Promise,David,David,a,,,6.0,81,17,0.2,312,52,0.3,372,44,0,0,0,0,0,377,462,0.0,0.2,0.3,0.3,0.5,378,45,,,636,73,222,31,632,73,321,38,,,2.0,,,,,1.06,0.0,1.06,0.31,0.0,0.0,0.0,0.0,0.0,3,0,13,0,0,0,0,0,0,0,1,0,0,0,0,-7,401,509,0,0.27,0.0,0.27,0.04,0.0,0.0,0.0,0.0,0,0,0,0
600,Ibrahim,Osman,Osman,a,,,5.0,369,225,0.0,572,235,0.7,289,133,0,0,0,0,0,25,25,0.1,0.4,0.7,0.7,1.0,314,139,,,251,110,139,84,189,93,219,97,,,,,,,,0.0,0.19,0.19,0.32,0.0,0.0,3.21,0.0,9.64,3,0,0,0,0,0,0,0,0,0,0,0,0,0,0,0,27,26,0,0.0,0.0,0.0,0.0,0.0,0.0,0.0,0.0,0,0,0,0
605,Malick,Yalcouyé,Yalcouyé,a,,,4.5,554,281,2.2,122,38,3.7,69,31,2,0,0,0,0,19188,2700,0.8,2.4,3.7,3.7,3.7,87,40,,,50,26,112,68,41,25,48,34,,,,,,,,0.4,0.14,0.54,2.98,0.0,0.0,2.16,1.08,6.47,3,2,90,0,0,0,1,0,0,0,0,0,0,1,0,16,21383,3101,0,0.050000000000000044,0.09,0.14,2.7,0.0,0.0,0.0,0.0,0,2,3,5
624,Amario,Cozier-Duberry,Cozier-Duberry,u,Has joined Middlesbrough on loan for the rest of the season,,5.0,344,206,0.0,650,288,0.0,585,243,0,0,0,0,0,0,14,0.0,0.0,0.0,0.0,0.0,585,243,0.0,0.0,561,229,568,235,533,207,569,232,,,,,,,,0.0,0.0,0.0,0.0,0.0,0.0,0.0,0.0,0.0,3,0,0,0,0,0,0,0,0,0,0,0,0,0,0,0,0,14,0,0.0,0.0,0.0,0.0,0.0,0.0,0.0,0.0,0,0,0,0
639,José María,Andrés Baixauli,Andrés,a,,,5.5,194,119,0.0,627,271,0.0,626,272,0,0,0,0,0,79,11,0.0,0.0,2.0,2.0,0.0,626,272,,,617,269,621,270,610,262,621,269,,,,,,,,0.0,0.0,0.0,0.0,0.0,0.0,0.0,0.0,0.0,3,0,0,0,0,0,0,0,0,0,0,0,0,0,0,0,83,12,0,0.0,0.0,0.0,0.0,0.0,0.0,0.0,0.0,0,0,0,0
652,Femi,Azeez,Azeez,i,Unspecified injury - Expected back 13 Sep,,5.5,168,101,0.0,639,279,0.0,623,269,0,0,0,0,0,33,8,0.0,0.0,0.0,0.0,0.0,623,269,0.0,0.0,611,263,615,264,603,256,616,264,,,,,,,,0.0,0.0,0.0,0.0,0.0,0.0,0.0,0.0,0.0,3,0,0,0,0,0,0,0,0,0,0,0,0,0,0,0,35,10,0,0.0,0.0,0.0,0.0,0.0,0.0,0.0,0.0,0,0,0,0
28,Emiliano,Martínez Romero,Martinez,a,,,5.0,244,7,4.5,80,11,0.7,278,20,0,0,0,0,0,10761,3839,0.1,0.4,0.7,0.7,2.0,188,17,,,113,12,126,1,469,57,151,8,,,,,,,,0.0,0.01,0.01,1.41,4.0,0.0,3.0,1.0,0.0,3,0,0,0,0,0,0,0,0,0,0,0,0,0,0,0,11111,4203,0,0.0,0.0,0.0,0.0,0.0,0.0,0.0,0.0,0,0,0,0
40,Morgan,Rogers,Rogers,a,,,7.5,18,11,25.0,11,5,4.3,58,28,0,0,0,0,0,58949,13442,0.6,1.7,4.3,4.3,6.5,26,11,,,9,6,2,2,31,20,5,4,4.0,,,,,,,0.58,0.58,1.16,1.39,0.0,0.0,2.63,1.05,6.32,3,0,0,0,0,0,0,0,0,0,0,0,0,0,0,0,60208,16830,0,0.0,0.0,0.0,0.0,0.0,0.0,0.0,0.0,0,0,0,0
101,Jordan,Henderson,Henderson,d,Wrist injury - 75% chance of playing,,5.0,238,149,0.0,530,219,0.0,544,221,0,0,0,0,0,35,71,0.0,0.0,0.0,0.0,0.0,544,221,75.0,75.0,514,203,514,210,465,172,523,207,,,,,,,,0.0,0.0,0.0,0.0,0.0,0.0,0.0,0.0,0.0,3,0,0,0,0,0,0,0,0,0,0,0,0,0,0,0,35,75,0,0.0,0.0,0.0,0.0,0.0,0.0,0.0,0.0,0,0,0,0
136,Danny,Welbeck,Welbeck,a,,,5.9,87,21,0.8,210,34,0.0,630,74,0,0,0,-1,1,1052,1462,0.0,0.0,0.0,0.0,0.0,630,74,100.0,100.0,621,68,625,72,615,70,625,72,,,,,,,,0.0,0.0,0.0,0.0,0.0,0.0,0.0,0.0,0.0,3,0,0,0,0,0,0,0,0,0,0,0,0,0,0,0,1091,1568,0,0.0,0.0,0.0,0.0,0.0,0.0,0.0,0.0,0,0,0,0
140,Robert,Lynch Sánchez,Sánchez,u,Has joined Como on loan for the rest of the season,,4.9,391,19,1.3,166,24,0.7,274,19,0,0,0,-1,1,0,8721,0.1,0.4,0.0,0.0,2.0,186,16,0.0,0.0,172,18,496,53,443,52,252,18,,,,,,,,0.0,0.01,0.01,1.33,4.0,0.0,2.0,1.0,0.0,3,0,0,0,0,0,0,0,0,0,0,0,0,0,0,0,0,9311,0,0.0,0.0,0.0,0.0,0.0,0.0,0.0,0.0,0,0,0,0
141,Filip,Jörgensen,Jörgensen,u,Has joined RC Strasbourg on loan for the rest of the season,,5.0,338,17,0.0,602,70,0.0,584,71,0,0,0,0,0,0,17,0.0,0.0,0.0,0.0,0.0,584,71,0.0,0.0,560,71,567,67,531,67,568,71,,,,,,,,0.0,0.0,0.0,0.0,0.0,0.0,0.0,0.0,0.0,3,0,0,0,0,0,0,0,0,0,0,0,0,0,0,0,0,18,0,0.0,0.0,0.0,0.0,0.0,0.0,0.0,0.0,0,0,0,0
142,Reece,James,James,a,,,5.5,145,18,8.0,53,21,0.3,366,131,0,0,0,0,0,2978,9427,0.1,0.2,0.3,0.3,0.5,376,132,,,161,73,135,40,85,21,141,53,1.0,1.0,,,,,,0.08,0.06,0.14,1.18,0.0,0.0,2.41,0.8,4.82,3,0,0,0,0,0,0,0,0,0,0,0,0,0,0,0,3084,11009,0,0.0,0.0,0.0,0.0,0.0,0.0,0.0,0.0,0,0,0,0
143,Trevoh,Chalobah,Chalobah,u,Has joined Como permanently,,5.5,131,14,0.1,434,154,0.0,617,212,0,0,0,0,0,0,222,0.0,0.0,0.0,0.0,0.0,617,212,0.0,0.0,604,212,607,212,589,210,609,212,,,,,,,,0.0,0.0,0.0,0.0,0.0,0.0,0.0,0.0,0.0,3,0,0,0,0,0,0,0,0,0,0,0,0,0,0,0,0,234,0,0.0,0.0,0.0,0.0,0.0,0.0,0.0,0.0,0,0,0,0
144,Malo,Gusto,Gusto,a,,,5.0,316,57,1.1,176,70,0.7,284,102,0,0,0,0,0,1070,1092,0.1,0.4,0.7,0.7,1.0,303,120,,,207,88,183,59,187,65,213,83,,,,,,,,0.0,0.02,0.02,1.37,0.0,0.0,2.73,1.09,4.36,3,0,0,0,0,0,0,0,0,0,0,0,0,0,0,0,1108,1217,0,0.0,0.0,0.0,0.0,0.0,0.0,0.0,0.0,0,0,0,0
145,Wesley,Fofana,Fofana,a,,,5.0,299,53,0.1,463,163,0.0,565,204,0,0,0,0,0,292,110,0.0,0.0,0.0,0.0,0.0,565,204,100.0,100.0,179,78,285,104,502,197,258,95,,,,,,,,0.0,0.01,0.01,1.69,0.0,0.0,2.69,1.34,12.09,3,0,0,0,0,0,0,0,0,0,0,0,0,0,0,0,300,114,0,0.0,0.0,0.0,0.0,0.0,0.0,0.0,0.0,0,0,0,0
146,Benoît,Badiashile Mukinayi,B.Badiashile,u,Has joined Napoli on loan for the rest of the season,,4.5,479,115,0.0,587,199,0.0,461,176,0,0,0,0,0,0,39,0.0,0.0,0.0,0.0,0.0,461,176,0.0,0.0,424,169,421,169,358,154,434,169,,,,,,,,0.0,0.0,0.0,0.0,0.0,0.0,0.0,0.0,0.0,3,0,0,0,0,0,0,0,0,0,0,0,0,0,0,0,0,41,0,0.0,0.0,0.0,0.0,0.0,0.0,0.0,0.0,0,0,0,0
148,Jorrel,Hato,Hato,a,,,4.5,532,143,0.7,236,86,1.7,181,67,0,0,0,0,0,3374,812,0.4,1.1,1.7,1.7,2.5,151,57,,,98,45,72,20,138,46,92,30,,,,,,,,0.01,0.05,0.06,1.44,0.0,0.0,2.92,1.17,5.26,3,0,0,0,0,0,0,0,0,0,0,0,0,0,0,0,3502,880,0,0.0,0.0,0.0,0.0,0.0,0.0,0.0,0.0,0,0,0,0
149,Levi,Samuels Colwill,Colwill,a,,,4.9,403,73,1.2,169,68,0.3,334,121,0,-1,1,-1,1,983,1784,0.1,0.2,0.3,0.3,0.5,371,129,,,180,79,248,84,166,58,220,85,,,,,,,,0.01,0.02,0.03,1.48,0.0,0.0,2.24,1.12,7.27,3,0,0,0,0,0,0,0,0,0,0,0,0,0,0,0,1024,2076,0,0.0,0.0,0.0,0.0,0.0,0.0,0.0,0.0,0,0,0,0
150,Mamadou,Sarr,M.Sarr,u,Has joined Real Sociedad on loan for the rest of the season,,4.5,541,145,0.0,508,176,0.0,500,190,0,0,0,0,0,0,154,0.0,0.0,0.0,0.0,0.0,500,190,0.0,0.0,466,185,467,186,410,175,476,185,,,,,,,,0.0,0.0,0.0,0.0,0.0,0.0,0.0,0.0,0.0,3,0,0,0,0,0,0,0,0,0,0,0,0,0,0,0,0,163,0,0.0,0.0,0.0,0.0,0.0,0.0,0.0,0.0,0,0,0,0
151,Josh,Acheampong,Acheampong,a,,,4.5,544,147,0.4,277,102,1.3,201,74,0,0,0,0,0,318,372,0.3,0.9,1.3,1.3,2.0,183,71,,,96,44,237,77,223,84,187,70,,,,,,,,0.0,0.01,0.01,1.18,0.0,0.0,2.41,0.8,14.46,3,0,0,0,0,0,0,0,0,0,0,0,0,0,0,0,334,415,0,0.0,0.0,0.0,0.0,0.0,0.0,0.0,0.0,0,0,0,0
152,Marco,Palestra,Palestra,d,Unspecified injury - 75% chance of playing,,5.4,235,33,1.3,165,66,0.0,615,211,0,0,0,-1,1,142,3435,0.0,0.0,0.0,0.0,0.0,615,211,75.0,75.0,601,211,603,211,583,209,607,211,,,,,,,,0.0,0.0,0.0,0.0,0.0,0.0,0.0,0.0,0.0,3,0,0,0,0,0,0,0,0,0,0,0,0,0,0,0,148,4318,0,0.0,0.0,0.0,0.0,0.0,0.0,0.0,0.0,0,0,0,0
154,Cole,Palmer,Palmer,a,,,9.6,3,2,19.6,13,6,6.7,17,7,0,0,0,1,-1,69864,6396,0.7,2.1,6.7,6.7,10.0,8,4,100.0,100.0,3,3,15,14,9,5,3,3,,3.0,1.0,,,,,0.49,0.17,0.66,1.39,0.0,0.0,2.62,1.05,8.9,3,0,0,0,0,0,0,0,0,0,0,0,0,0,0,0,73758,8739,0,0.0,0.0,0.0,0.0,0.0,0.0,0.0,0.0,0,0,0,0
156,Pedro,Lomba Neto,Neto,a,,,6.5,37,25,1.3,163,51,2.7,127,56,0,0,0,0,0,2201,1192,0.4,1.2,2.7,2.7,4.0,84,38,,,53,27,83,51,43,26,42,31,2.0,4.0,,,,,,0.49,0.44,0.93,1.64,0.0,0.0,2.22,1.11,8.89,3,0,0,0,0,0,0,0,0,0,0,0,0,0,0,0,2290,1324,0,0.0,0.0,0.0,0.0,0.0,0.0,0.0,0.0,0,0,0,0
157,Estêvão,Almeida de Oliveira Gonçalves,Estêvão,a,,,6.4,53,37,0.8,209,66,0.3,376,177,0,0,0,-1,1,358,1739,0.0,0.2,0.3,0.3,1.0,358,170,,,339,158,312,157,640,281,348,163,5.0,,3.0,,,,,0.0,0.0,0.0,1.16,0.0,0.0,0.0,0.0,12.86,3,0,0,0,0,0,0,0,0,0,0,0,0,0,0,0,369,1904,0,0.0,0.0,0.0,0.0,0.0,0.0,0.0,0.0,0,0,0,0
158,Jamie,Bynoe-Gittens,Gittens,a,,,5.9,102,66,0.0,540,221,0.0,633,275,0,0,0,-1,1,27,51,0.0,0.0,0.0,0.0,0.0,633,275,,,628,273,628,273,622,268,629,273,,,,,,,,0.0,0.0,0.0,0.0,0.0,0.0,0.0,0.0,0.0,3,0,0,0,0,0,0,0,0,0,0,0,0,0,0,0,31,61,0,0.0,0.0,0.0,0.0,0.0,0.0,0.0,0.0,0,0,0,0
159,Moisés,Caicedo Corozo,Caicedo,d,Unspecified injury - 75% chance of playing,,5.4,223,138,1.9,132,41,0.3,359,167,0,0,0,-1,1,280,5033,0.1,0.2,0.2,0.2,1.0,327,149,75.0,75.0,592,250,329,167,575,237,599,252,,,,,,,,0.0,0.0,0.0,0.48,0.0,0.0,0.0,0.0,0.0,3,0,0,0,0,0,0,0,0,0,0,0,0,0,0,0,293,5563,0,0.0,0.0,0.0,0.0,0.0,0.0,0.0,0.0,0,0,0,0
161,Roméo,Lavia,Lavia,a,,,5.0,341,203,0.2,340,124,2.7,119,49,0,0,0,0,0,1000,301,0.5,1.6,2.7,2.7,4.0,78,36,,,48,24,114,70,15,9,28,22,,,,,,,,0.52,0.02,0.54,1.59,0.0,0.0,2.75,1.37,10.99,3,0,0,0,0,0,0,0,0,0,0,0,0,0,0,0,1092,324,0,0.0,0.0,0.0,0.0,0.0,0.0,0.0,0.0,0,0,0,0
163,Dário,Luís Essugo,D.Essugo,u,Has joined RC Strasbourg on loan for the rest of the season,,4.5,511,267,0.2,365,137,0.0,473,186,0,0,0,0,0,0,773,0.0,0.0,0.0,0.0,0.0,473,186,0.0,0.0,437,166,439,175,381,133,447,171,,,,,,,,0.0,0.0,0.0,0.0,0.0,0.0,0.0,0.0,0.0,3,0,0,0,0,0,0,0,0,0,0,0,0,0,0,0,0,816,0,0.0,0.0,0.0,0.0,0.0,0.0,0.0,0.0,0,0,0,0
164,Geovany,Quenda,Quenda,a,,,5.4,233,147,0.0,520,215,0.3,363,170,0,0,0,-1,1,31,75,0.1,0.2,0.3,0.3,1.0,332,153,100.0,100.0,325,147,317,161,239,115,319,146,,,,,,,,0.0,0.0,0.0,1.01,0.0,0.0,0.0,0.0,11.25,3,0,0,0,0,0,0,0,0,0,0,0,0,0,0,0,33,81,0,0.0,0.0,0.0,0.0,0.0,0.0,0.0,0.0,0,0,0,0
165,João Pedro,Junqueira de Jesus,João Pedro,a,,,7.7,15,5,71.4,1,1,6.7,15,3,0,0,0,2,-2,43854,8543,0.9,2.6,6.7,6.7,10.0,6,1,,,4,1,40,1,7,4,4,1,,,,,,,,0.93,0.05,0.98,1.37,0.0,0.0,2.5,1.0,3.0,3,0,0,0,0,0,0,0,0,0,0,0,0,0,0,0,46553,11622,0,0.0,0.0,0.0,0.0,0.0,0.0,0.0,0.0,0,0,0,0
168,Marc,Guiu Paz,Marc Guiu,u,Has joined RB Leipzig permanently,,5.0,332,58,0.3,290,49,0.0,581,62,0,0,0,0,0,0,1668,0.0,0.0,0.0,0.0,0.0,581,62,0.0,0.0,557,53,564,58,528,55,565,58,,,,,,,,0.0,0.0,0.0,0.0,0.0,0.0,0.0,0.0,0.0,3,0,0,0,0,0,0,0,0,0,0,0,0,0,0,0,0,1750,0,0.0,0.0,0.0,0.0,0.0,0.0,0.0,0.0,0,0,0,0
169,Shumaira,Mheuka,Mheuka,a,,,4.5,538,73,0.4,274,47,0.0,497,52,0,0,0,0,0,1188,596,0.0,0.0,0.0,0.0,0.0,497,52,,,463,43,464,48,407,45,473,48,,,,,,,,0.0,0.0,0.0,0.0,0.0,0.0,0.0,0.0,0.0,3,0,0,0,0,0,0,0,0,0,0,0,0,0,0,0,1235,619,0,0.0,0.0,0.0,0.0,0.0,0.0,0.0,0.0,0,0,0,0
170,Emmanuel,Emegha,Emegha,a,,,5.0,337,59,0.2,362,55,0.0,583,63,0,0,0,0,0,471,311,0.0,0.0,0.0,0.0,0.0,583,63,100.0,100.0,559,54,566,59,530,56,567,59,,,,,,,,0.0,0.0,0.0,0.0,0.0,0.0,0.0,0.0,0.0,3,0,0,0,0,0,0,0,0,0,0,0,0,0,0,0,491,331,0,0.0,0.0,0.0,0.0,0.0,0.0,0.0,0.0,0,0,0,0
200,Maxence,Lacroix,Lacroix,a,,,6.0,71,7,8.3,51,19,2.3,146,57,0,0,0,0,0,4441,6826,0.4,1.2,2.3,2.3,3.5,100,37,,,38,13,177,56,162,55,110,38,,,,,,,,0.01,0.1,0.11,1.37,0.0,0.0,2.5,1.0,10.5,3,0,0,0,0,0,0,0,0,0,0,0,0,0,0,0,4530,7824,0,0.0,0.0,0.0,0.0,0.0,0.0,0.0,0.0,0,0,0,0
560,Mike,Penders,Penders,a,,,4.5,530,47,0.1,474,54,0.0,491,63,0,0,0,0,0,33,78,0.0,0.0,0.0,0.0,0.0,491,63,,,456,63,458,49,400,48,466,63,,,,,,,,0.0,0.0,0.0,0.0,0.0,0.0,0.0,0.0,0.0,3,0,0,0,0,0,0,0,0,0,0,0,0,0,0,0,33,82,0,0.0,0.0,0.0,0.0,0.0,0.0,0.0,0.0,0,0,0,0
561,Aaron,Anselmino,Anselmino,a,,,4.5,560,152,0.0,569,194,0.0,513,194,0,0,0,0,0,30,12,0.0,0.0,0.0,0.0,0.0,513,194,100.0,100.0,480,189,480,190,425,181,489,189,,,,,,,,0.0,0.0,0.0,0.0,0.0,0.0,0.0,0.0,0.0,3,0,0,0,0,0,0,0,0,0,0,0,0,0,0,0,32,15,0,0.0,0.0,0.0,0.0,0.0,0.0,0.0,0.0,0,0,0,0
568,Valentín,Barco,Barco,a,,,5.5,182,112,0.1,393,148,0.3,367,171,0,0,0,0,0,88,122,0.1,0.2,0.3,0.3,1.0,340,157,,,614,266,618,267,204,98,336,156,,,,,,,,0.45,0.0,0.45,0.79,0.0,0.0,11.25,0.0,11.25,3,0,0,0,0,0,0,0,0,0,0,0,0,0,0,0,92,134,0,0.0,0.0,0.0,0.0,0.0,0.0,0.0,0.0,0,0,0,0
583,Pep,Chavarría,Chavarria,a,,,4.9,407,75,0.2,353,130,0.7,275,99,0,-1,1,-1,1,70,203,0.1,0.4,0.7,0.7,1.0,286,113,,,239,97,307,115,225,85,287,104,,,,,,,,0.0,0.04,0.04,0.77,0.0,0.0,2.09,0.0,8.37,3,0,0,0,0,0,0,0,0,0,0,0,0,0,0,0,70,231,0,0.0,0.0,0.0,0.0,0.0,0.0,0.0,0.0,0,0,0,0
91,Ethan,Pinnock,Pinnock,a,,,4.5,474,112,0.1,470,166,1.3,200,73,3,0,0,0,0,61,72,0.3,0.9,1.3,1.3,2.0,178,68,,,291,108,295,108,354,152,310,111,,,,,,,,0.1,0.0,0.1,2.1,0.0,0.0,1.76,0.88,13.24,3,3,90,0,0,0,1,0,0,0,1,0,0,1,0,3,63,85,0,0.11,0.0,0.11,1.8399999999999999,0.0,0.0,0.0,0.0,1,12,2,13
104,Frank,Onyeka,Onyeka,a,,,5.0,295,178,0.1,403,155,1.3,208,95,2,0,0,0,0,38,159,0.3,0.8,1.3,1.3,2.0,193,85,,,296,134,264,138,499,190,311,142,,,,,,,,0.0,0.01,0.01,1.81,0.0,0.0,2.37,1.18,7.11,3,2,62,0,0,0,1,0,0,0,0,0,0,1,0,5,42,193,0,0.0,0.0,0.0,1.1800000000000002,0.0,0.0,0.0,0.0,1,0,2,3
110,Carl,Rushworth,Rushworth,a,,,4.5,503,41,1.0,193,30,1.7,180,16,2,0,0,0,0,445,2073,0.4,1.1,1.7,1.7,1.7,219,19,,,153,17,434,43,376,42,231,17,,,,,,,,0.0,0.0,0.0,1.48,1.67,0.0,1.67,1.0,0.0,3,2,90,0,0,0,1,0,0,0,0,0,2,1,0,13,477,2314,0,0.0,0.0,0.0,1.8400000000000003,0.0,0.0,0.0,0.0,0,1,9,0
171,Oliver,Dovin,Dovin,u,Has joined Leyton Orient on loan for the rest of the season,,4.0,621,68,1.3,157,23,0.0,410,42,0,0,0,0,0,0,2578,0.0,0.0,0.0,0.0,0.0,410,42,0.0,0.0,371,42,363,21,288,20,381,42,,,,,,,,0.0,0.0,0.0,0.0,0.0,0.0,0.0,0.0,0.0,3,0,0,0,0,0,0,0,0,0,0,0,0,0,0,0,0,2763,0,0.0,0.0,0.0,0.0,0.0,0.0,0.0,0.0,0,0,0,0
172,Ben,Wilson,Wilson,a,,,4.5,438,29,0.4,275,36,0.0,443,50,0,0,0,0,0,29,209,0.0,0.0,0.0,0.0,0.0,443,50,,,405,50,399,31,333,30,415,50,,,,,,,,0.0,0.0,0.0,0.0,0.0,0.0,0.0,0.0,0.0,3,0,0,0,0,0,0,0,0,0,0,0,0,0,0,0,33,237,0,0.0,0.0,0.0,0.0,0.0,0.0,0.0,0.0,0,0,0,0
173,Bobby,Thomas,Thomas,a,,,4.0,617,184,8.5,50,18,5.0,40,17,4,0,0,0,0,10688,6048,1.2,3.8,5.0,5.0,5.0,51,21,,,89,40,172,53,248,91,159,59,,,,,,,,0.08,0.07,0.15,1.37,0.0,0.35,1.4,1.05,10.86,3,4,90,0,0,0,1,0,0,0,0,0,0,1,0,20,11538,6799,0,0.21000000000000002,0.17,0.38,1.8399999999999999,0.0,0.0,0.0,0.0,1,11,3,12
174,Liam,Kitching,Kitching,u,Has joined Sheffield United on loan for the rest of the season,,4.0,610,179,0.5,251,96,0.0,403,141,0,0,0,0,0,0,1553,0.0,0.0,0.0,0.0,0.0,403,141,0.0,0.0,364,133,356,131,280,104,374,133,,,,,,,,0.0,0.0,0.0,0.0,0.0,0.0,0.0,0.0,0.0,3,0,0,0,0,0,0,0,0,0,0,0,0,0,0,0,0,1689,0,0.0,0.0,0.0,0.0,0.0,0.0,0.0,0.0,0,0,0,0
175,Milan,van Ewijk,van Ewijk,a,,,4.0,615,182,11.7,33,11,2.0,149,59,3,0,0,0,0,3589,12377,0.5,1.5,2.0,2.0,2.0,172,64,,,148,66,58,13,157,52,123,44,,,,,,,,0.0,0.09,0.09,1.48,0.0,0.0,1.67,1.0,6.67,3,3,90,0,0,0,1,0,0,0,1,0,0,1,0,5,3873,13630,0,0.0,0.06,0.06,1.8400000000000003,0.0,0.0,0.0,0.0,3,8,4,11
176,Jay,Dasilva,Dasilva,a,,,4.0,595,167,0.8,220,82,1.7,178,65,2,0,0,0,0,250,350,0.4,1.2,1.7,1.7,1.7,218,77,,,136,61,178,57,98,27,148,56,,,,,,,,0.06,0.05,0.11,1.51,0.0,0.0,1.7,1.02,5.45,3,2,84,0,0,0,1,0,0,0,0,0,0,1,0,10,269,415,0,0.0,0.07999999999999999,0.08000000000000002,1.8400000000000003,0.0,0.0,0.0,0.0,2,5,3,7
177,Kaine,Kesler-Hayden,Kesler-Hayden,i,Hamstring injury - Unknown return date,,4.0,619,185,0.0,501,174,0.0,408,143,0,0,0,0,0,13,67,0.0,0.0,0.0,0.0,0.0,408,143,0.0,0.0,369,135,361,133,286,107,379,135,,,,,,,,0.0,0.0,0.0,0.0,0.0,0.0,0.0,0.0,0.0,3,0,0,0,0,0,0,0,0,0,0,0,0,0,0,0,15,72,0,0.0,0.0,0.0,0.0,0.0,0.0,0.0,0.0,0,0,0,0
178,Jake,Bidwell,Bidwell,a,,,4.0,581,160,0.1,452,159,0.0,385,133,0,0,0,0,0,88,76,0.0,0.0,0.0,0.0,0.0,385,133,,,346,125,336,121,258,92,355,124,,,,,,,,0.0,0.0,0.0,0.0,0.0,0.0,0.0,0.0,0.0,3,0,0,0,0,0,0,0,0,0,0,0,0,0,0,0,93,84,0,0.0,0.0,0.0,0.0,0.0,0.0,0.0,0.0,0,0,0,0
179,Joel,Latibeaudiere,Latibeaudiere,a,,,4.0,599,171,0.0,518,178,0.0,396,137,0,0,0,0,0,39,38,0.0,0.0,0.0,0.0,0.0,396,137,,,357,129,349,127,273,100,367,129,,,,,,,,0.0,0.0,0.0,0.0,0.0,0.0,0.0,0.0,0.0,3,0,0,0,0,0,0,0,0,0,0,0,0,0,0,0,44,41,0,0.0,0.0,0.0,0.0,0.0,0.0,0.0,0.0,0,0,0,0
180,Luke,Woolfenden,Woolfenden,i,Knee injury - Unknown return date,,4.0,604,175,0.1,379,139,0.0,399,139,0,0,0,0,0,46,215,0.0,0.0,0.0,0.0,0.0,399,139,0.0,0.0,360,131,352,129,276,102,370,131,,,,,,,,0.0,0.0,0.0,0.0,0.0,0.0,0.0,0.0,0.0,3,0,0,0,0,0,0,0,0,0,0,0,0,0,0,0,48,229,0,0.0,0.0,0.0,0.0,0.0,0.0,0.0,0.0,0,0,0,0
181,Miguel,Brau,Brau,u,Has joined Academico de Viseu on loan for the rest of the season,,4.0,641,204,0.0,536,184,0.0,427,159,0,0,0,0,0,0,47,0.0,0.0,0.0,0.0,0.0,427,159,0.0,0.0,388,151,380,149,307,125,398,151,,,,,,,,0.0,0.0,0.0,0.0,0.0,0.0,0.0,0.0,0.0,3,0,0,0,0,0,0,0,0,0,0,0,0,0,0,0,0,53,0,0.0,0.0,0.0,0.0,0.0,0.0,0.0,0.0,0,0,0,0
182,Aurèle,Amenda,Amenda,a,,,4.0,631,194,0.8,218,80,1.3,197,70,2,0,0,0,0,362,452,0.3,1.0,1.3,1.3,1.3,241,81,,,90,41,229,72,192,66,173,64,,,,,,,,0.01,0.13,0.14,1.48,0.0,0.0,1.67,1.0,5.33,3,2,90,0,0,0,1,0,0,0,0,0,0,1,0,4,389,503,0,0.0,0.34,0.33999999999999997,1.8400000000000003,0.0,0.0,0.0,0.0,1,2,6,3
183,Jack,Rudoni,Rudoni,a,,,5.0,315,188,0.1,407,158,2.0,162,72,2,0,0,0,0,68,144,0.4,1.2,2.0,2.0,2.0,197,88,100.0,100.0,223,92,76,49,83,46,133,68,4.0,1.0,,,,,,0.28,0.11,0.39,0.88,0.0,0.59,0.59,1.18,9.47,3,2,62,0,0,0,1,0,0,0,0,0,0,1,0,9,70,172,0,0.26,0.09,0.35000000000000003,1.18,0.0,0.0,0.0,0.0,1,2,2,5
184,Matt,Grimes,Grimes,a,,,5.0,255,158,0.2,357,132,2.0,157,67,2,0,0,0,0,46,297,0.4,1.2,2.0,2.0,2.0,190,82,,,144,52,107,64,227,108,157,74,1.0,,3.0,,,,,0.02,0.02,0.04,1.48,0.0,0.0,1.67,1.0,8.33,3,2,90,0,0,0,1,0,0,0,0,0,0,1,0,8,49,339,0,0.04,0.0,0.04000000000000001,1.8400000000000003,0.0,0.0,0.0,0.0,5,3,0,8
185,Tatsuhiro,Sakamoto,Sakamoto,a,,,4.9,408,247,0.1,450,179,0.3,335,151,0,0,0,-1,1,49,91,0.1,0.2,0.3,0.3,1.0,287,120,,,259,116,202,111,167,80,261,117,,,,,,,,0.06,0.06,0.12,2.0,0.0,0.0,2.9,0.0,11.61,3,0,0,0,0,0,0,0,0,0,0,0,0,0,0,0,53,102,0,0.0,0.0,0.0,0.0,0.0,0.0,0.0,0.0,0,0,0,0
186,Ephron,Mason-Clark,Mason-Clark,a,,,5.4,209,130,0.1,424,168,1.0,242,113,2,0,0,-1,1,23,106,0.2,0.6,1.0,1.0,1.5,236,109,100.0,100.0,284,131,143,85,566,232,259,116,,,,,,,,0.0,0.04,0.04,0.85,0.0,0.0,0.71,1.42,6.38,3,2,70,0,0,0,1,0,0,0,0,0,0,1,0,4,25,129,0,0.0,0.0,0.0,1.18,0.0,0.0,0.0,0.0,0,2,3,5
187,Josh,Eccles,Eccles,a,,,4.9,399,244,0.0,581,241,0.0,533,213,0,0,0,-1,1,13,17,0.0,0.0,0.0,0.0,0.0,533,213,,,502,195,502,202,450,162,511,199,,,,,,,,0.0,0.0,0.0,0.0,0.0,0.0,0.0,0.0,0.0,3,0,0,0,0,0,0,0,0,0,0,0,0,0,0,0,13,18,0,0.0,0.0,0.0,0.0,0.0,0.0,0.0,0.0,0,0,0,0
188,Victor,Torp,Torp,a,,,5.4,207,128,0.1,397,152,0.7,293,137,0,0,0,-1,1,9,125,0.1,0.4,0.7,0.7,1.0,322,146,,,255,113,128,77,565,231,229,102,2.0,2.0,2.0,,,,,0.0,0.23,0.23,1.93,0.0,0.0,1.91,0.0,5.74,3,0,0,0,0,0,0,0,0,0,0,0,0,0,0,0,10,141,0,0.0,0.0,0.0,0.0,0.0,0.0,0.0,0.0,0,0,0,0
189,George,Shepherd,Shepherd,a,,,4.5,567,288,0.3,306,108,0.0,520,204,0,0,0,0,0,179,258,0.0,0.0,0.0,0.0,0.0,520,204,,,487,185,487,193,432,151,496,189,,,,,,,,0.0,0.0,0.0,0.0,0.0,0.0,0.0,0.0,0.0,3,0,0,0,0,0,0,0,0,0,0,0,0,0,0,0,187,288,0,0.0,0.0,0.0,0.0,0.0,0.0,0.0,0.0,0,0,0,0
190,Loum,Tchaouna,Tchaouna,a,,,5.5,167,100,0.1,404,156,1.3,213,100,1,0,0,0,0,24,139,0.2,0.7,1.3,1.3,1.3,246,113,,,240,100,108,65,159,78,190,85,,,,,,,,0.1,0.09,0.19,1.33,0.0,0.0,1.63,1.08,8.13,3,1,27,0,0,0,0,0,0,0,0,0,0,0,0,9,25,173,0,0.1,0.010000000000000009,0.10999999999999999,0.6700000000000002,0.0,0.0,0.0,0.0,0,0,1,1
191,Raphael,Borges Rodrigues,Borges Rodrigues,u,Has joined Burton Albion on loan for the rest of the season,,4.5,513,269,0.1,388,145,0.0,475,188,0,0,0,0,0,0,495,0.0,0.0,0.0,0.0,0.0,475,188,0.0,0.0,439,168,441,177,383,135,449,173,,,,,,,,0.0,0.0,0.0,0.0,0.0,0.0,0.0,0.0,0.0,3,0,0,0,0,0,0,0,0,0,0,0,0,0,0,0,0,516,0,0.0,0.0,0.0,0.0,0.0,0.0,0.0,0.0,0,0,0,0
192,Kai,Andrews,Andrews,u,Has joined Oxford United on loan for the rest of the season,,4.5,561,285,0.4,265,89,0.0,514,201,0,0,0,0,0,0,942,0.0,0.0,0.0,0.0,0.0,514,201,0.0,0.0,481,182,481,190,426,148,490,186,,,,,,,,0.0,0.0,0.0,0.0,0.0,0.0,0.0,0.0,0.0,3,0,0,0,0,0,0,0,0,0,0,0,0,0,0,0,0,1027,0,0.0,0.0,0.0,0.0,0.0,0.0,0.0,0.0,0,0,0,0
193,Haji,Wright,Wright,i,Thigh injury - Unknown return date,,5.4,201,47,0.1,422,60,0.0,602,69,0,0,0,-1,1,19,249,0.0,0.0,0.0,0.0,0.0,602,69,0.0,0.0,580,60,587,65,560,62,588,65,,,1.0,,,,,0.0,0.0,0.0,0.0,0.0,0.0,0.0,0.0,0.0,3,0,0,0,0,0,0,0,0,0,0,0,0,0,0,0,21,264,0,0.0,0.0,0.0,0.0,0.0,0.0,0.0,0.0,0,0,0,0
194,Brandon,Thomas-Asante,Thomas-Asante,a,,,5.0,286,54,0.8,212,35,1.3,206,20,1,0,0,0,0,1182,1194,0.3,0.8,1.3,1.3,1.3,244,28,,,263,24,228,32,232,36,293,35,,,4.0,,,,,0.0,0.02,0.02,2.22,0.0,0.0,3.0,0.75,8.25,3,1,19,0,0,0,0,0,0,0,0,0,0,0,0,6,1274,1294,0,0.0,0.0,0.0,0.6699999999999999,0.0,0.0,0.0,0.0,0,1,2,3
195,Ellis,Simms,Simms,a,,,5.0,276,52,0.9,205,33,1.0,235,27,1,0,0,0,0,601,1435,0.2,0.6,1.0,1.0,1.5,231,26,,,305,32,166,16,230,35,271,32,,,,,,,,0.29,0.01,0.3,2.32,0.0,0.0,3.07,1.02,3.07,3,1,19,0,0,0,0,0,0,0,0,0,0,0,0,3,645,1604,0,0.28,0.0,0.27999999999999997,0.6699999999999999,0.0,0.0,0.0,0.0,0,0,0,0
196,Jahnoah,Markelo,Markelo,u,Has joined Shabab Al-Ahli Dubai permanently,,5.0,357,61,0.0,604,76,0.0,592,64,0,0,0,0,0,0,23,0.0,0.0,0.0,0.0,0.0,592,64,0.0,0.0,569,55,576,60,542,57,577,60,,,,,,,,0.0,0.0,0.0,0.0,0.0,0.0,0.0,0.0,0.0,3,0,0,0,0,0,0,0,0,0,0,0,0,0,0,0,0,25,0,0.0,0.0,0.0,0.0,0.0,0.0,0.0,0.0,0,0,0,0
197,Norman,Bassette,Bassette,u,Has joined KVC Westerlo on loan for the rest of the season,,4.5,529,70,0.0,534,72,0.0,490,50,0,0,0,0,0,0,60,0.0,0.0,0.0,0.0,0.0,490,50,0.0,0.0,455,40,457,46,399,42,465,45,,,,,,,,0.0,0.0,0.0,0.0,0.0,0.0,0.0,0.0,0.0,3,0,0,0,0,0,0,0,0,0,0,0,0,0,0,0,0,61,0,0.0,0.0,0.0,0.0,0.0,0.0,0.0,0.0,0,0,0,0
492,Taiwo,Awoniyi,Awoniyi,a,,,5.5,142,36,0.7,232,39,1.7,190,18,2,0,0,0,0,578,958,0.3,0.9,1.7,1.7,1.7,224,25,,,233,20,104,9,16,7,69,11,,,5.0,,,,,0.58,0.02,0.6,1.1,0.0,0.0,1.0,1.0,4.5,3,2,70,0,0,0,1,0,0,0,0,0,0,1,0,5,605,1117,0,0.22999999999999987,0.0,0.22999999999999998,1.18,0.0,0.0,0.0,0.0,0,2,3,5
575,Caleb,Yirenkyi,Yirenkyi,a,,,5.0,380,231,0.2,342,125,1.7,186,85,1,0,0,0,0,48,305,0.3,1.0,1.7,1.7,1.7,222,101,,,235,98,131,80,174,85,214,95,,,,,,,,0.02,0.07,0.09,1.28,0.0,0.57,1.71,1.14,9.11,3,1,27,0,0,0,0,0,0,0,0,0,0,0,0,4,52,348,0,0.0,0.0,0.0,0.6699999999999999,0.0,0.0,0.0,0.0,0,2,4,6
584,Gustavo,Hamer,Hamer,a,,,5.5,132,81,0.1,413,161,1.0,244,114,1,0,0,0,0,16,108,0.2,0.5,1.0,1.0,1.0,335,154,,,330,151,257,134,590,245,330,153,3.0,,,,,,,0.0,0.06,0.06,2.31,0.0,0.0,2.81,0.0,8.44,3,1,5,0,0,0,0,0,0,0,0,0,0,0,0,1,16,125,0,0.0,0.0,0.0,0.0,0.0,0.0,0.0,0.0,1,0,1,2
599,Sidiki,Cherif,Cherif,a,,,5.0,373,63,0.1,425,61,0.0,597,66,0,0,0,0,0,167,160,0.0,0.0,0.0,0.0,0.0,597,66,,,575,57,581,62,551,59,583,62,,,,,,,,0.0,0.0,0.0,0.0,0.0,0.0,0.0,0.0,0.0,3,0,0,0,0,0,0,0,0,0,0,0,0,0,0,0,181,174,0,0.0,0.0,0.0,0.0,0.0,0.0,0.0,0.0,0,0,0,0
623,Dan,Bentley,Bentley,a,,,4.0,580,54,0.2,313,37,0.0,384,28,0,0,0,0,0,2837,231,0.0,0.0,0.0,0.0,0.0,384,28,,,345,28,335,7,257,6,354,28,,,,,,,,0.0,0.0,0.0,0.0,0.0,0.0,0.0,0.0,0.0,3,0,0,0,0,0,0,0,0,0,0,0,0,0,0,0,4453,356,0,0.0,0.0,0.0,0.0,0.0,0.0,0.0,0.0,0,0,0,0
42,Evann,Guessand,Guessand,a,,,5.5,173,105,0.0,506,207,0.7,298,140,0,0,0,0,0,117,114,0.1,0.4,0.7,0.7,1.0,338,155,,,266,119,247,129,180,89,277,124,,,,,,,,0.05,0.05,0.1,0.57,0.0,0.0,1.67,0.0,3.33,3,0,0,0,0,0,0,0,0,0,0,0,0,0,0,0,119,118,0,0.0,0.0,0.0,0.0,0.0,0.0,0.0,0.0,0,0,0,0
153,Axel,Disasi,Disasi,a,,,4.5,465,105,0.1,465,165,1.3,199,72,3,0,0,0,0,233,107,0.3,0.9,1.3,1.3,2.0,177,67,,,321,119,414,166,350,150,341,122,,,,,,,,0.0,0.03,0.03,2.83,0.0,0.0,2.55,0.85,11.89,3,3,90,0,0,0,2,0,0,0,0,0,0,1,0,12,253,110,0,0.0,0.04,0.04,3.13,0.0,0.0,0.0,0.0,4,9,8,13
198,Dean,Henderson,Henderson,a,,,5.0,258,9,1.8,133,19,1.7,183,17,2,0,0,0,0,2023,1235,0.3,1.0,1.7,1.7,1.7,220,20,100.0,100.0,34,6,526,59,481,59,149,6,,,,,,,,0.0,0.0,0.0,2.15,4.0,0.0,2.67,1.0,0.0,3,2,90,0,0,0,2,0,0,0,0,0,5,1,0,19,2140,1312,0,0.0,0.0,0.0,3.13,0.0,0.0,0.0,0.0,0,1,7,0
199,Walter,Benítez,Benitez,a,,,4.5,439,30,0.1,415,47,0.0,444,51,0,0,0,0,0,66,96,0.0,0.0,0.0,0.0,0.0,444,51,,,406,51,400,32,334,31,416,51,,,,,,,,0.0,0.0,0.0,0.0,0.0,0.0,0.0,0.0,0.0,3,0,0,0,0,0,0,0,0,0,0,0,0,0,0,0,69,103,0,0.0,0.0,0.0,0.0,0.0,0.0,0.0,0.0,0,0,0,0
202,Chris,Richards,Richards,a,,,5.0,294,51,0.7,233,84,1.3,207,76,1,0,0,0,0,629,671,0.3,0.8,1.3,1.3,1.3,245,84,,,36,12,290,107,101,29,111,39,,,,,,,,0.03,0.0,0.03,2.15,0.0,0.0,2.67,1.0,10.33,3,1,90,0,0,0,2,0,0,0,0,0,0,1,0,7,687,739,0,0.04,0.0,0.04,3.13,0.0,0.0,0.0,0.0,0,9,4,9
203,Jaydee,Canvot,Canvot,a,,,4.9,419,78,0.3,307,113,1.3,203,75,3,0,0,-1,1,285,393,0.3,0.8,1.3,1.3,1.3,243,83,,,54,17,201,65,194,68,143,54,,,,,,,,0.02,0.0,0.02,2.15,0.0,0.0,2.67,1.0,8.33,3,3,90,0,0,0,2,0,0,0,0,0,0,1,0,4,312,436,0,0.0,0.0,0.0,3.13,0.0,0.0,0.0,0.0,2,8,2,10
204,Tyrick,Mitchell,Mitchell,a,,,4.5,483,118,4.7,77,32,5.3,35,15,15,0,0,0,0,9445,3446,1.2,3.6,5.3,5.3,5.3,47,19,,,163,75,61,15,152,50,127,46,,,,,,,,0.3,0.06,0.36,2.12,0.0,0.0,2.85,1.07,5.69,3,15,73,2,0,0,2,0,0,0,0,0,0,1,2,31,9522,4013,0,0.74,0.009999999999999981,0.75,2.63,0.0,0.0,0.0,0.0,2,4,2,6
205,Borna,Sosa,Sosa,u,Has joined FC Cologne on loan for the rest of the season,,4.5,464,104,0.0,555,191,0.0,455,173,0,0,0,0,0,0,142,0.0,0.0,0.0,0.0,0.0,455,173,0.0,0.0,418,166,413,165,349,149,428,166,,,,,,,,0.0,0.0,0.0,0.0,0.0,0.0,0.0,0.0,0.0,3,0,0,0,0,0,0,0,0,0,0,0,0,0,0,0,0,149,0,0.0,0.0,0.0,0.0,0.0,0.0,0.0,0.0,0,0,0,0
206,Chadi,Riad Dnanou,Chadi Riad,i,Knee injury - Unknown return date,,4.4,572,157,0.0,537,185,0.3,319,110,0,0,0,-1,1,3,88,0.1,0.2,0.0,0.0,1.0,263,96,0.0,0.0,220,90,269,95,320,137,280,101,,,,,,,,0.0,0.01,0.01,1.22,0.0,0.0,2.5,1.25,8.75,3,0,0,0,0,0,0,0,0,0,0,0,0,0,0,0,4,96,0,0.0,0.0,0.0,0.0,0.0,0.0,0.0,0.0,0,0,0,0
207,Oscar,Mingueza,Mingueza,a,,,4.4,571,156,0.1,471,167,0.7,263,90,1,0,0,-1,1,105,84,0.2,0.5,0.7,0.7,1.0,262,95,,,306,115,325,120,319,136,331,118,,,,,,,,0.0,0.0,0.0,1.86,0.0,0.0,5.62,0.0,11.25,3,1,1,0,0,0,0,0,0,0,0,0,0,0,0,4,110,91,0,0.0,0.0,0.0,0.13,0.0,0.0,0.0,0.0,1,0,1,1
208,Ismaïla,Sarr,Sarr,i,Groin injury - Unknown return date,,6.3,54,38,1.1,189,59,0.0,642,283,0,0,0,-2,2,32,4446,0.0,0.0,0.0,0.0,0.0,642,283,0.0,0.0,641,282,641,282,637,278,641,282,,,2.0,,,,,0.0,0.0,0.0,0.0,0.0,0.0,0.0,0.0,0.0,3,0,0,0,0,0,0,0,0,0,0,0,0,0,0,0,37,5376,0,0.0,0.0,0.0,0.0,0.0,0.0,0.0,0.0,0,0,0,0
210,Adam,Wharton,Wharton,a,,,5.5,176,107,0.9,203,62,2.7,122,52,2,0,0,0,0,915,852,0.5,1.5,2.7,2.7,2.7,145,62,100.0,100.0,126,47,24,21,605,258,81,46,2.0,,,,,,,0.0,0.11,0.11,2.15,0.0,0.0,2.67,1.0,9.67,3,2,90,0,0,0,2,0,0,0,0,0,0,1,0,10,959,925,0,0.0,0.010000000000000009,0.010000000000000009,3.13,0.0,0.0,0.0,0.0,1,7,0,8
211,Yéremy,Pino Santos,Yeremy,a,,,5.5,174,106,0.2,326,115,3.7,74,35,5,0,0,0,0,1055,228,0.7,2.0,3.7,3.7,3.7,92,44,,,219,89,49,39,117,60,125,63,1.0,1.0,,,,,,0.14,0.18,0.32,2.51,0.0,0.0,2.37,0.95,9.47,3,5,88,0,1,0,2,0,0,0,0,0,0,1,0,25,1077,249,0,0.18,0.30000000000000004,0.47000000000000003,3.0100000000000002,0.0,0.0,0.0,0.0,1,1,3,5
212,Will,Hughes,Hughes,a,,,4.5,435,258,9.4,45,17,0.3,322,149,1,0,0,0,0,3017,8668,0.1,0.2,0.3,0.3,1.0,266,116,,,402,159,396,168,330,125,412,164,4.0,,,,,,,0.0,0.0,0.0,2.87,0.0,0.0,0.0,0.0,16.88,3,1,16,0,0,0,0,0,0,0,0,0,0,0,0,3,3242,9656,0,0.0,0.0,0.0,0.51,0.0,0.0,0.0,0.0,0,2,1,3
213,Jefferson,Lerma Solís,Lerma,a,,,4.9,386,234,0.1,435,172,0.0,526,207,0,0,0,-1,1,43,103,0.0,0.0,0.0,0.0,0.0,526,207,,,493,188,494,196,439,154,502,192,,,,,,,,0.0,0.0,0.0,0.0,0.0,0.0,0.0,0.0,0.0,3,0,0,0,0,0,0,0,0,0,0,0,0,0,0,0,49,118,0,0.0,0.0,0.0,0.0,0.0,0.0,0.0,0.0,0,0,0,0
214,Daichi,Kamada,Kamada,a,,,5.0,269,167,0.3,304,106,3.3,84,39,5,0,0,0,0,604,303,0.7,2.0,3.3,3.3,3.3,104,47,,,104,38,74,48,169,82,106,54,3.0,,,,,,,0.02,0.1,0.12,2.13,0.0,0.0,2.69,1.01,9.07,3,5,88,0,1,0,2,0,0,0,0,0,0,1,0,21,625,340,0,0.0,0.010000000000000009,0.009999999999999953,3.01,0.0,0.0,0.0,0.0,0,0,4,4
215,Justin,Devenny,Devenny,u,Has joined Stoke City permanently,,5.0,321,190,0.0,608,258,0.0,575,238,0,0,0,0,0,0,56,0.0,0.0,0.0,0.0,0.0,575,238,0.0,0.0,550,223,556,229,518,199,558,226,,2.0,3.0,,,,,0.0,0.0,0.0,0.0,0.0,0.0,0.0,0.0,0.0,3,0,0,0,0,0,0,0,0,0,0,0,0,0,0,0,0,57,0,0.0,0.0,0.0,0.0,0.0,0.0,0.0,0.0,0,0,0,0
216,Romain,Esse,Esse,u,Has joined Millwall on loan for the rest of the season,,5.0,365,222,0.0,542,222,0.0,594,251,0,0,0,0,0,0,197,0.0,0.0,0.0,0.0,0.0,594,251,0.0,0.0,572,239,578,244,547,220,580,242,,,,,,,,0.0,0.0,0.0,0.0,0.0,0.0,0.0,0.0,0.0,3,0,0,0,0,0,0,0,0,0,0,0,0,0,0,0,0,205,0,0.0,0.0,0.0,0.0,0.0,0.0,0.0,0.0,0,0,0,0
217,Matheus,França de Oliveira,M.França,a,,,4.9,413,251,0.0,550,226,0.0,540,217,0,0,0,-1,1,10,58,0.0,0.0,0.0,0.0,0.0,540,217,,,510,199,510,206,458,166,519,203,,,,,,,,0.0,0.0,0.0,0.0,0.0,0.0,0.0,0.0,0.0,3,0,0,0,0,0,0,0,0,0,0,0,0,0,0,0,10,68,0,0.0,0.0,0.0,0.0,0.0,0.0,0.0,0.0,0,0,0,0
218,Cheick,Doucouré,Doucouré,a,,,4.9,398,243,0.1,485,194,0.0,532,212,0,0,0,-1,1,77,80,0.0,0.0,0.0,0.0,0.0,532,212,,,501,194,501,201,449,161,510,198,,,,,,,,0.0,0.0,0.0,0.0,0.0,0.0,0.0,0.0,0.0,3,0,0,0,0,0,0,0,0,0,0,0,0,0,0,0,84,84,0,0.0,0.0,0.0,0.0,0.0,0.0,0.0,0.0,0,0,0,0
219,Jesurun,Rak-Sakyi,J.Rak-Sakyi,a,,,5.0,303,182,0.0,624,268,0.0,567,234,0,0,0,0,0,5,5,0.0,0.0,0.0,0.0,0.0,567,234,,,542,219,546,225,506,194,550,222,,,,,,,,0.0,0.0,0.0,0.0,0.0,0.0,0.0,0.0,0.0,3,0,0,0,0,0,0,0,0,0,0,0,0,0,0,0,5,5,0,0.0,0.0,0.0,0.0,0.0,0.0,0.0,0.0,0,0,0,0
220,Rio,Cardines,Cardines,u,Has joined Bristol City on loan for the rest of the season,,4.5,546,148,0.0,646,214,0.0,502,191,0,0,0,0,0,0,4,0.0,0.0,0.0,0.0,0.0,502,191,0.0,0.0,468,186,469,187,413,177,478,186,,,,,,,,0.0,0.0,0.0,0.0,0.0,0.0,0.0,0.0,0.0,3,0,0,0,0,0,0,0,0,0,0,0,0,0,0,0,0,4,0,0.0,0.0,0.0,0.0,0.0,0.0,0.0,0.0,0,0,0,0
221,Joél,Drakes-Thomas,Drakes-Thomas,a,,,4.5,566,287,0.1,453,181,0.0,519,203,0,0,0,0,0,140,84,0.0,0.0,0.0,0.0,0.0,519,203,,,486,184,486,192,431,150,495,188,,,,,,,,0.0,0.0,0.0,0.0,0.0,0.0,0.0,0.0,0.0,3,0,0,0,0,0,0,0,0,0,0,0,0,0,0,0,146,90,0,0.0,0.0,0.0,0.0,0.0,0.0,0.0,0.0,0,0,0,0
222,Jørgen,Strand Larsen,Strand Larsen,a,,,6.0,69,15,0.5,254,42,1.3,218,24,1,0,0,0,0,754,715,0.2,0.7,1.3,1.3,1.3,248,30,,,260,22,219,30,88,19,215,24,,,,,,,,0.2,0.01,0.21,2.39,0.0,0.0,2.01,0.67,5.37,3,1,45,0,0,0,0,0,0,0,0,0,0,0,0,4,800,774,0,0.0,0.0,0.0,1.4100000000000001,0.0,0.0,0.0,0.0,0,1,3,4
223,Jean-Philippe,Mateta,Mateta,i,Hamstring injury - Expected back 11 Oct,,6.4,50,12,2.3,116,17,0.7,306,38,0,0,0,-1,1,48,10183,0.1,0.3,0.0,0.0,2.0,212,22,0.0,0.0,319,35,167,17,144,27,237,27,,,1.0,,,,,1.02,0.03,1.05,1.42,0.0,0.0,2.9,1.45,7.26,3,0,0,0,0,0,0,0,0,0,0,0,0,0,0,0,52,11547,0,0.0,0.0,0.0,0.0,0.0,0.0,0.0,0.0,0,0,0,0
224,Eddie,Nketiah,Nketiah,a,,,5.5,139,35,0.5,246,40,2.3,141,13,4,0,0,0,0,1693,572,0.4,1.3,2.3,2.3,2.3,166,19,,,216,19,62,3,63,14,103,14,,,,,,,,0.59,0.31,0.9,2.46,0.0,0.0,3.77,1.62,5.93,3,4,45,0,1,0,2,0,0,0,0,0,0,1,0,15,1759,624,0,0.14000000000000012,0.0,0.1399999999999999,1.7200000000000002,0.0,0.0,0.0,0.0,1,0,1,2
225,Christantus,Uche,Uche,u,has returned to Getafe CF,,5.0,379,65,0.0,652,78,0.0,600,68,0,0,0,0,0,0,0,0.0,0.0,0.0,0.0,0.0,600,68,0.0,0.0,578,59,585,64,556,61,586,64,,,,,,,,0.0,0.0,0.0,0.0,0.0,0.0,0.0,0.0,0.0,3,0,0,0,0,0,0,0,0,0,0,0,0,0,0,0,0,0,0,0.0,0.0,0.0,0.0,0.0,0.0,0.0,0.0,0,0,0,0
241,Dwight,McNeil,McNeil,a,,,5.5,155,93,0.1,375,140,1.0,246,115,0,0,0,0,0,65,173,0.2,0.5,1.0,1.0,1.5,237,110,,,234,97,209,115,242,117,274,122,,,,,,,,0.05,0.02,0.07,1.26,0.0,0.0,3.21,1.07,7.5,3,0,0,0,0,0,0,0,0,0,0,0,0,0,0,0,71,188,0,0.0,0.0,0.0,0.0,0.0,0.0,0.0,0.0,0,0,0,0
555,Remi,Matthews,Matthews,a,,,4.0,594,61,1.8,135,20,0.0,394,35,0,0,0,0,0,598,575,0.0,0.0,0.0,0.0,0.0,394,35,,,355,35,347,14,269,13,365,35,,,,,,,,0.0,0.0,0.0,0.0,0.0,0.0,0.0,0.0,0.0,3,0,0,0,0,0,0,0,0,0,0,0,0,0,0,0,685,631,0,0.0,0.0,0.0,0.0,0.0,0.0,0.0,0.0,0,0,0,0
577,Takehiro,Tomiyasu,Tomiyasu,a,,,4.5,469,108,0.3,287,108,0.7,266,92,0,0,0,0,0,93,234,0.2,0.4,0.7,0.7,1.0,271,102,,,206,87,221,70,218,80,251,93,,,,,,,,0.0,0.01,0.01,2.13,0.0,0.0,2.97,0.99,8.9,3,0,0,0,0,0,0,0,0,0,0,0,0,0,0,0,97,260,0,0.0,0.0,0.0,0.0,0.0,0.0,0.0,0.0,0,0,0,0
588,Anan,Khalaili,Khalaili,a,,,5.0,360,64,0.1,383,140,2.0,164,62,3,0,0,0,0,521,179,0.4,1.2,2.0,2.0,2.0,199,73,,,52,16,89,27,172,60,85,26,,,,,,,,0.33,0.08,0.41,2.45,0.0,0.0,2.26,0.9,14.92,3,3,90,0,0,0,2,0,0,0,0,0,0,1,0,2,587,194,0,0.72,0.010000000000000009,0.73,3.1300000000000003,0.0,0.0,0.0,0.0,3,7,3,10
595,Zavier,Gozo,Gozo,a,,,5.0,359,218,0.0,584,242,0.3,350,161,0,0,0,0,0,13,18,0.1,0.2,0.3,0.3,1.0,312,137,,,318,144,275,141,544,217,328,151,,,,,,,,0.0,0.0,0.0,0.82,0.0,0.0,4.09,0.0,4.09,3,0,0,0,0,0,0,0,0,0,0,0,0,0,0,0,14,20,0,0.0,0.0,0.0,0.0,0.0,0.0,0.0,0.0,0,0,0,0
633,Honest,Ahanor,Ahanor,a,,,4.5,553,149,0.0,633,209,0.0,509,192,0,0,0,0,0,42,5,0.0,0.0,1.8,1.8,0.0,509,192,,,475,187,476,188,420,178,485,187,,,,,,,,0.0,0.0,0.0,0.0,0.0,0.0,0.0,0.0,0.0,3,0,0,0,0,0,0,0,0,0,0,0,0,0,0,0,45,5,0,0.0,0.0,0.0,0.0,0.0,0.0,0.0,0.0,0,0,0,0
643,Ben,Chilwell,Chilwell,a,,,4.5,451,94,0.0,552,190,7.0,9,3,7,0,0,0,0,810,34,1.6,1.6,1.8,1.8,7.0,20,9,,,413,164,408,163,342,145,423,164,,,,,,,,0.79,0.0,0.79,2.87,0.0,0.0,0.0,0.0,0.0,3,7,16,1,0,0,0,0,0,0,0,0,0,0,0,20,816,34,0,0.14,0.0,0.14,0.51,0.0,0.0,0.0,0.0,0,0,0,0
644,Quinten,Timber,Timber,a,,,5.0,302,181,0.0,603,255,2.0,160,70,2,0,0,0,0,218,38,0.4,0.4,1.5,1.5,2.0,195,86,,,541,218,545,224,505,193,549,221,,,,,,,,0.02,0.0,0.02,3.24,0.0,0.0,2.47,1.23,6.16,3,2,73,0,0,0,2,0,0,0,0,0,0,1,0,7,230,44,0,0.02,0.0,0.02,2.63,0.0,0.0,0.0,0.0,1,2,2,5
647,Darío,Osorio,Osorio,a,,,5.5,181,111,0.0,621,267,1.0,248,116,1,0,0,0,0,96,10,0.2,0.2,2.0,2.0,1.0,339,156,,,613,265,617,266,607,259,618,266,,,,,,,,0.0,0.0,0.0,11.7,0.0,0.0,0.0,0.0,90.0,3,1,1,0,0,0,0,0,0,0,0,0,0,0,0,2,101,11,0,0.0,0.0,0.0,0.13,0.0,0.0,0.0,0.0,1,0,0,1
21,Christian,Nørgaard,Nørgaard,i,Groin injury - Unknown return date,,4.9,385,233,0.1,482,192,0.0,525,206,0,0,0,-1,1,15,140,0.0,0.0,0.0,0.0,0.0,525,206,0.0,0.0,492,187,493,195,438,153,501,191,,,,,,,,0.0,0.0,0.0,0.0,0.0,0.0,0.0,0.0,0.0,3,0,0,0,0,0,0,0,0,0,0,0,0,0,0,0,17,149,0,0.0,0.0,0.0,0.0,0.0,0.0,0.0,0.0,0,0,0,0
209,Brennan,Johnson,Johnson,a,,,5.9,97,62,0.1,398,153,0.7,303,143,0,0,0,-1,1,131,168,0.1,0.3,0.7,0.7,1.0,347,162,,,273,125,321,163,620,266,313,144,,,,,,,,0.0,0.0,0.0,4.95,0.0,0.0,0.0,0.0,10.59,3,0,0,0,0,0,0,0,0,0,0,0,0,0,0,0,137,187,0,0.0,0.0,0.0,0.0,0.0,0.0,0.0,0.0,0,0,0,0
226,Jordan,Pickford,Pickford,a,,,5.5,123,2,8.7,49,6,3.3,88,6,0,0,0,0,0,5595,4769,0.6,1.8,3.3,3.3,5.0,55,4,,,24,3,604,68,585,68,139,3,,,,,,,,0.0,0.01,0.01,2.06,4.0,0.5,0.5,1.0,0.0,3,0,0,0,0,0,0,0,0,0,0,0,0,0,0,0,5830,5300,0,0.0,0.0,0.0,0.0,0.0,0.0,0.0,0.0,0,0,0,0
227,Mark,Travers,Travers,a,,,5.0,285,11,0.0,523,58,0.0,559,70,0,0,0,0,0,27,29,0.0,0.0,0.0,0.0,0.0,559,70,,,534,70,535,61,492,61,541,70,,,,,,,,0.0,0.0,0.0,0.0,0.0,0.0,0.0,0.0,0.0,3,0,0,0,0,0,0,0,0,0,0,0,0,0,0,0,27,31,0,0.0,0.0,0.0,0.0,0.0,0.0,0.0,0.0,0,0,0,0
228,Tom,King,King,a,,,4.5,442,32,0.0,505,56,0.0,446,53,0,0,0,0,0,33,35,0.0,0.0,0.0,0.0,0.0,446,53,,,408,53,402,34,336,33,418,53,,,,,,,,0.0,0.0,0.0,0.0,0.0,0.0,0.0,0.0,0.0,3,0,0,0,0,0,0,0,0,0,0,0,0,0,0,0,35,35,0,0.0,0.0,0.0,0.0,0.0,0.0,0.0,0.0,0,0,0,0
229,James,Tarkowski,Tarkowski,a,,,6.0,59,5,10.9,39,14,6.0,28,11,0,0,0,0,0,14694,6471,1.0,3.0,6.0,6.0,9.0,11,4,,,17,3,169,52,82,19,63,16,,,,,,,,0.08,0.0,0.08,2.06,0.0,0.5,0.5,1.0,9.5,3,0,0,0,0,0,0,0,0,0,0,0,0,0,0,0,15665,7430,0,0.0,0.0,0.0,0.0,0.0,0.0,0.0,0.0,0,0,0,0
230,Jarrad,Branthwaite,Branthwaite,a,,,5.5,172,23,1.8,137,57,3.3,94,38,0,0,0,0,0,1764,1273,0.6,1.8,3.3,3.3,5.0,58,24,,,86,39,238,78,48,7,95,33,,,,,,,,0.04,0.01,0.05,2.06,0.0,0.5,0.5,1.0,10.0,3,0,0,0,0,0,0,0,0,0,0,0,0,0,0,0,1832,1435,0,0.0,0.0,0.0,0.0,0.0,0.0,0.0,0.0,0,0,0,0
231,Michael,Keane,Keane,a,,,4.9,383,69,1.0,192,73,0.0,523,197,0,0,0,-1,1,164,1248,0.0,0.0,0.0,0.0,0.0,523,197,,,490,192,491,193,436,184,499,192,,,,,,,,0.0,0.0,0.0,0.0,0.0,0.0,0.0,0.0,0.0,3,0,0,0,0,0,0,0,0,0,0,0,0,0,0,0,176,1420,0,0.0,0.0,0.0,0.0,0.0,0.0,0.0,0.0,0,0,0,0
232,Jake,O'Brien,O'Brien,a,,,4.9,410,76,0.3,283,106,0.0,538,199,0,0,0,-1,1,79,339,0.0,0.0,0.0,0.0,0.0,538,199,,,508,196,508,196,456,188,517,196,,,,,,,,0.0,0.0,0.0,0.0,0.0,0.0,0.0,0.0,0.0,3,0,0,0,0,0,0,0,0,0,0,0,0,0,0,0,82,398,0,0.0,0.0,0.0,0.0,0.0,0.0,0.0,0.0,0,0,0,0
233,Vitalii,Mykolenko,Mykolenko,a,,,4.5,470,109,1.8,134,55,3.3,81,32,0,0,0,0,0,7383,2405,0.7,2.2,3.3,3.3,5.0,52,22,,,57,20,149,45,219,81,126,45,,,,,,,,0.0,0.03,0.03,2.06,0.0,0.5,0.5,1.0,8.0,3,0,0,0,0,0,0,0,0,0,0,0,0,0,0,0,7675,2636,0,0.0,0.0,0.0,0.0,0.0,0.0,0.0,0.0,0,0,0,0
234,Nathan,Patterson,Patterson,u,Has joined Torino permanently,,4.5,482,117,0.0,551,189,0.0,462,177,0,0,0,0,0,0,137,0.0,0.0,0.0,0.0,0.0,462,177,0.0,0.0,426,171,423,171,360,156,436,171,,,,,,,,0.0,0.0,0.0,0.0,0.0,0.0,0.0,0.0,0.0,3,0,0,0,0,0,0,0,0,0,0,0,0,0,0,0,0,142,0,0.0,0.0,0.0,0.0,0.0,0.0,0.0,0.0,0,0,0,0
235,Adam,Aznou,Aznou,u,Has joined Malaga on loan for the rest of the season,,4.0,625,189,0.1,377,138,0.0,414,147,0,0,0,0,0,0,490,0.0,0.0,0.0,0.0,0.0,414,147,0.0,0.0,375,139,367,137,292,111,385,139,,,,,,,,0.0,0.0,0.0,0.0,0.0,0.0,0.0,0.0,0.0,3,0,0,0,0,0,0,0,0,0,0,0,0,0,0,0,0,517,0,0.0,0.0,0.0,0.0,0.0,0.0,0.0,0.0,0,0,0,0
236,Kiernan,Dewsbury-Hall,Dewsbury-Hall,a,,,6.5,35,23,4.4,82,27,4.3,56,26,0,0,0,0,0,11064,6341,0.7,2.0,4.3,4.3,6.5,25,10,,,26,14,9,9,52,30,12,10,2.0,,,,,,,0.09,0.16,0.25,2.04,0.0,0.5,0.5,1.0,9.0,3,0,0,0,0,0,0,0,0,0,0,0,0,0,0,0,11734,7044,0,0.0,0.0,0.0,0.0,0.0,0.0,0.0,0.0,0,0,0,0
238,Jack,Grealish,Grealish,a,,,6.5,34,22,0.3,299,103,0.3,377,178,0,0,0,0,0,1930,461,0.0,0.2,0.3,0.3,1.0,359,171,100.0,100.0,328,150,303,153,641,282,339,158,,,,,,,,0.0,0.0,0.0,0.0,0.0,0.0,0.0,0.0,11.25,3,0,0,0,0,0,0,0,0,0,0,0,0,0,0,0,2029,497,0,0.0,0.0,0.0,0.0,0.0,0.0,0.0,0.0,0,0,0,0
239,James,Garner,Garner,a,,,6.0,68,47,0.1,380,141,0.7,305,145,0,0,0,0,0,542,296,0.1,0.3,0.7,0.7,1.0,352,166,100.0,100.0,245,104,163,99,243,118,241,108,1.0,1.0,2.0,,,,,0.0,0.04,0.04,1.15,0.0,0.0,1.25,1.25,13.75,3,0,0,0,0,0,0,0,0,0,0,0,0,0,0,0,583,319,0,0.0,0.0,0.0,0.0,0.0,0.0,0.0,0.0,0,0,0,0
242,Tyrique,George,George,a,,,5.5,187,115,0.2,314,111,1.7,195,90,0,0,0,0,0,241,299,0.3,0.9,1.7,1.7,2.5,158,70,,,217,87,59,44,44,27,82,47,,,,,,,,0.14,0.06,0.2,1.41,0.0,0.62,0.62,1.25,5.62,3,0,0,0,0,0,0,0,0,0,0,0,0,0,0,0,255,337,0,0.0,0.0,0.0,0.0,0.0,0.0,0.0,0.0,0,0,0,0
243,Carlos,Alcaraz Durán,Alcaraz,a,,,5.0,336,200,0.1,447,178,0.3,348,159,0,0,0,0,0,80,102,0.1,0.2,0.3,0.3,0.5,372,177,,,275,126,291,147,75,42,225,99,,,,,,,,0.9,0.36,1.26,0.72,0.0,0.0,0.0,0.0,54.0,3,0,0,0,0,0,0,0,0,0,0,0,0,0,0,0,87,106,0,0.0,0.0,0.0,0.0,0.0,0.0,0.0,0.0,0,0,0,0
244,Harrison,Armstrong,Armstrong,a,,,5.0,367,224,0.4,271,91,3.3,87,41,0,0,0,0,0,2069,732,0.7,2.0,3.3,3.3,5.0,54,26,,,92,33,92,57,200,97,117,59,,,,,,,,0.0,0.04,0.04,2.11,0.0,0.51,0.51,1.02,12.78,3,0,0,0,0,0,0,0,0,0,0,0,0,0,0,0,2196,779,0,0.0,0.0,0.0,0.0,0.0,0.0,0.0,0.0,0,0,0,0
245,Tyler,Dibling,Dibling,a,,,5.4,224,139,0.0,533,220,0.0,611,260,0,0,0,-1,1,30,43,0.0,0.0,0.0,0.0,0.0,611,260,,,593,251,598,255,576,238,600,253,,,,,,,,0.0,0.0,0.0,0.0,0.0,0.0,0.0,0.0,0.0,3,0,0,0,0,0,0,0,0,0,0,0,0,0,0,0,33,50,0,0.0,0.0,0.0,0.0,0.0,0.0,0.0,0.0,0,0,0,0
246,Merlin,Röhl,Röhl,a,,,5.0,339,201,0.1,494,199,1.7,185,84,0,0,0,0,0,46,74,0.3,1.0,1.7,1.7,2.5,154,67,,,167,60,146,87,234,111,192,86,,,,,,,,0.0,0.04,0.04,2.12,0.0,0.51,0.51,1.03,9.26,3,0,0,0,0,0,0,0,0,0,0,0,0,0,0,0,51,83,0,0.0,0.0,0.0,0.0,0.0,0.0,0.0,0.0,0,0,0,0
247,Hayden,Hackney,Hackney,a,,,5.5,150,90,0.2,337,122,1.3,211,98,0,0,0,0,0,53,171,0.2,0.7,1.3,1.3,2.0,204,94,100.0,100.0,199,78,156,93,178,88,204,90,3.0,,,,,,,0.01,0.02,0.03,2.72,0.0,0.85,0.0,0.85,8.49,3,0,0,0,0,0,0,0,0,0,0,0,0,0,0,0,53,196,0,0.0,0.0,0.0,0.0,0.0,0.0,0.0,0.0,0,0,0,0
248,Norberto Bercique,Gomes Betuncal,Beto,u,Has joined Fiorentina permanently,,5.4,222,50,1.4,154,24,0.7,295,34,0,0,0,-1,1,0,11698,0.1,0.4,0.0,0.0,1.0,326,35,0.0,0.0,301,31,316,38,195,33,302,36,,,,,,,,0.26,0.0,0.26,5.57,0.0,0.0,0.0,0.0,2.9,3,0,0,0,0,0,0,0,0,0,0,0,0,0,0,0,0,12389,0,0.0,0.0,0.0,0.0,0.0,0.0,0.0,0.0,0,0,0,0
249,Thierno,Barry,Barry,a,,,5.5,193,43,5.0,73,10,3.3,95,8,0,0,0,0,0,27468,7245,0.6,1.8,3.3,3.3,5.0,59,5,,,66,4,80,7,3,3,14,4,,,1.0,,,,,1.18,0.06,1.24,1.35,0.0,0.61,0.61,1.22,3.67,3,0,0,0,0,0,0,0,0,0,0,0,0,0,0,0,29328,8003,0,0.0,0.0,0.0,0.0,0.0,0.0,0.0,0.0,0,0,0,0
649,Ainsley,Maitland-Niles,Maitland-Niles,a,,,4.5,445,89,0.0,615,206,0.0,448,170,0,0,0,0,0,150,31,0.0,0.0,1.8,1.8,0.0,448,170,,,410,162,405,161,339,143,420,162,,,,,,,,0.0,0.0,0.0,0.0,0.0,0.0,0.0,0.0,0.0,3,0,0,0,0,0,0,0,0,0,0,0,0,0,0,0,157,32,0,0.0,0.0,0.0,0.0,0.0,0.0,0.0,0.0,0,0,0,0
250,Bernd,Leno,Leno,a,,,4.5,427,25,3.1,103,18,2.0,150,13,1,0,0,0,0,3023,2291,0.4,1.3,2.0,2.0,2.0,173,13,,,62,8,392,27,324,26,174,9,,,,,,,,0.0,0.0,0.0,2.08,2.67,0.0,2.33,1.0,0.0,3,1,90,0,0,0,3,0,0,0,0,0,2,1,0,8,3517,2583,0,0.0,0.0,0.0,1.9700000000000006,0.0,0.0,0.0,0.0,0,0,8,0
251,Benjamin,Lecomte,Lecomte,a,,,4.0,582,55,1.2,174,26,0.0,386,29,0,0,0,0,0,1161,450,0.0,0.0,0.0,0.0,0.0,386,29,,,347,29,337,8,259,7,356,29,,,,,,,,0.0,0.0,0.0,0.0,0.0,0.0,0.0,0.0,0.0,3,0,0,0,0,0,0,0,0,0,0,0,0,0,0,0,1528,606,0,0.0,0.0,0.0,0.0,0.0,0.0,0.0,0.0,0,0,0,0
252,Alfie,McNally,McNally,u,Has joined York City on loan for the rest of the season,,4.0,628,70,0.1,372,42,0.0,417,44,0,0,0,0,0,0,268,0.0,0.0,0.0,0.0,0.0,417,44,0.0,0.0,378,44,370,23,295,22,388,44,,,,,,,,0.0,0.0,0.0,0.0,0.0,0.0,0.0,0.0,0.0,3,0,0,0,0,0,0,0,0,0,0,0,0,0,0,0,0,285,0,0.0,0.0,0.0,0.0,0.0,0.0,0.0,0.0,0,0,0,0
253,Joachim,Andersen,Andersen,a,,,5.0,259,40,0.1,384,141,0.7,282,101,1,0,0,0,0,306,183,0.1,0.4,0.7,0.7,1.0,294,116,100.0,100.0,191,82,161,48,228,86,211,82,,,,,,,,0.0,0.05,0.05,2.0,0.0,0.0,2.0,1.0,7.5,3,1,90,0,0,0,3,0,0,0,0,0,0,1,0,6,364,197,0,0.0,0.060000000000000005,0.060000000000000005,1.9700000000000002,0.0,0.0,0.0,0.0,2,5,6,7
254,Antonee,Robinson,Robinson,a,,,4.5,449,93,1.6,143,61,1.3,198,71,1,0,0,0,0,942,1932,0.3,0.9,1.3,1.3,1.3,242,82,,,132,60,82,25,209,76,138,51,,,2.0,,,,,0.08,0.06,0.14,2.24,0.0,0.0,2.53,1.08,5.42,3,1,78,0,0,0,3,0,0,0,0,0,0,1,0,7,1113,2052,0,0.07999999999999999,0.1,0.18,1.9699999999999998,0.0,0.0,0.0,0.0,2,3,5,5
255,Jorge,Cuenca Barreno,J.Cuenca,a,,,4.5,486,121,0.0,528,182,1.0,229,82,0,0,0,0,0,17,31,0.2,0.7,1.0,1.0,3.0,116,46,,,127,56,121,37,363,159,156,58,,,,,,,,0.0,0.03,0.03,2.24,0.0,0.0,3.0,1.0,10.0,3,0,0,0,0,0,0,0,0,0,0,0,0,0,0,0,19,34,0,0.0,0.0,0.0,0.0,0.0,0.0,0.0,0.0,0,0,0,0
256,Kenny,Tete,Tete,a,,,4.5,448,92,0.2,327,120,0.0,449,171,0,0,0,0,0,17,191,0.0,0.0,0.0,0.0,0.0,449,171,,,411,163,406,162,340,144,421,163,,,,,,,,0.0,0.0,0.0,0.0,0.0,0.0,0.0,0.0,0.0,3,0,0,0,0,0,0,0,0,0,0,0,0,0,0,0,20,206,0,0.0,0.0,0.0,0.0,0.0,0.0,0.0,0.0,0,0,0,0
257,Calvin,Bassey,Bassey,a,,,4.5,477,114,0.8,219,81,1.0,228,81,1,0,0,0,0,308,662,0.2,0.7,1.0,1.0,1.0,273,104,,,124,55,199,64,220,82,189,72,,,,,,,,0.01,0.02,0.03,2.08,0.0,0.0,2.33,1.0,4.67,3,1,90,0,0,0,3,0,0,0,0,0,0,1,0,1,371,715,0,0.0,0.04000000000000001,0.039999999999999994,1.9700000000000006,0.0,0.0,0.0,0.0,1,2,2,3
258,Timothy,Castagne,Castagne,a,,,4.5,447,91,0.9,200,78,4.3,47,20,1,0,0,0,0,1692,1053,1.0,2.9,4.3,4.3,4.3,65,27,,,103,46,87,26,81,18,80,23,,,,,,,,0.24,0.13,0.37,1.63,0.0,0.36,2.19,1.09,5.1,3,1,90,0,0,0,3,0,0,0,0,0,0,1,0,-1,2058,1152,0,0.5800000000000001,0.19,0.77,1.9699999999999998,0.0,0.0,0.0,0.0,2,4,5,6
261,Alex,Iwobi,Iwobi,a,,,5.5,125,80,0.9,206,64,2.0,167,76,2,0,0,0,0,382,1295,0.4,1.1,2.0,2.0,2.0,203,93,,,158,57,37,30,240,116,114,58,1.0,1.0,3.0,,,,,0.02,0.3,0.32,2.14,0.0,0.0,2.4,1.03,6.18,3,2,82,0,0,0,3,0,0,0,0,0,0,1,0,15,440,1399,0,0.04,0.42,0.46,1.9700000000000006,0.0,0.0,0.0,0.0,1,0,3,4
262,Emile,Smith Rowe,Smith Rowe,a,,,5.4,204,125,0.3,293,99,0.7,292,136,1,-1,1,-1,1,129,528,0.1,0.4,0.7,0.7,1.0,321,145,,,271,123,113,69,175,86,208,92,,,,,,,,0.22,0.07,0.29,1.48,0.0,0.0,0.0,0.0,3.6,3,1,11,0,0,0,0,0,0,0,0,0,0,0,0,3,136,562,0,0.0,0.0,0.0,0.0,0.0,0.0,0.0,0.0,0,0,0,0
263,Kevin,Santos Lopes de Macedo,Kevin,a,,,5.4,230,145,0.0,498,202,0.7,296,139,0,0,0,-1,1,51,124,0.1,0.4,0.7,0.7,1.0,329,151,,,272,124,224,121,580,242,303,136,3.0,,,,,,,0.0,0.19,0.19,0.75,0.0,0.0,0.0,0.0,11.25,3,0,0,0,0,0,0,0,0,0,0,0,0,0,0,0,56,128,0,0.0,0.0,0.0,0.0,0.0,0.0,0.0,0.0,0,0,0,0
264,Oscar,Bobb,Bobb,a,,,5.5,171,104,0.3,286,95,2.3,143,62,2,0,0,0,0,355,495,0.4,1.3,2.3,2.3,2.3,168,74,,,198,77,97,60,132,67,154,73,2.0,,,,,,,0.11,0.37,0.48,1.89,0.0,0.43,2.56,1.28,6.4,3,2,78,0,0,0,3,0,0,0,0,0,0,1,0,17,387,525,0,0.26,0.6,0.8599999999999999,1.9700000000000002,0.0,0.0,0.0,0.0,0,1,3,4
265,Sander,Berge,Berge,a,,,5.0,267,166,0.3,281,93,1.7,184,83,1,0,0,0,0,106,383,0.3,1.0,1.7,1.7,1.7,221,100,,,178,69,32,26,155,77,99,51,,,,,,,,0.01,0.16,0.17,2.42,0.0,0.0,2.47,0.99,3.96,3,1,28,0,0,0,1,0,0,0,0,0,0,0,0,9,122,419,0,0.0,0.1,0.09999999999999998,0.8300000000000001,0.0,0.0,0.0,0.0,0,0,2,2
266,Tom,Cairney,Cairney,i,Knee injury - Expected back 10 Oct,,5.0,239,150,0.0,632,276,0.0,545,222,0,0,0,0,0,2,6,0.0,0.0,0.0,0.0,0.0,545,222,0.0,0.0,515,204,515,211,466,173,524,208,,,,,,,,0.0,0.0,0.0,0.0,0.0,0.0,0.0,0.0,0.0,3,0,0,0,0,0,0,0,0,0,0,0,0,0,0,0,2,7,0,0.0,0.0,0.0,0.0,0.0,0.0,0.0,0.0,0,0,0,0
268,Josh,King,King,a,,,5.5,191,118,0.7,222,71,6.3,19,9,10,0,0,0,0,5454,1129,1.1,3.5,6.3,6.3,6.3,30,14,,,49,25,124,75,20,11,34,27,,,,,,,,0.35,0.1,0.45,2.08,0.0,0.0,2.33,1.0,6.33,3,10,90,1,0,0,3,0,0,0,0,0,0,1,3,40,5641,1229,0,0.41000000000000003,0.22999999999999998,0.6400000000000001,1.9700000000000006,0.0,0.0,0.0,0.0,1,1,5,7
269,Ryan,Sessegnon,Sessegnon,a,,,4.5,454,96,0.4,278,103,1.0,227,80,1,0,0,0,0,36,345,0.2,0.7,1.0,1.0,1.0,268,99,,,204,85,174,55,70,15,155,57,,,,,,,,0.23,0.38,0.61,3.24,0.0,0.0,1.8,0.0,5.4,3,1,11,0,0,0,0,0,0,0,0,0,0,0,0,3,45,386,0,0.08,0.09,0.17,0.0,0.0,0.0,0.0,0.0,0,1,1,1
270,Harrison,Reed,Reed,a,,,4.5,444,259,1.3,160,49,0.0,447,180,0,0,0,0,0,598,1346,0.0,0.0,0.0,0.0,0.0,447,180,,,409,160,404,169,338,126,419,165,,,,,,,,0.0,0.0,0.0,0.0,0.0,0.0,0.0,0.0,0.0,3,0,0,0,0,0,0,0,0,0,0,0,0,0,0,0,651,1464,0,0.0,0.0,0.0,0.0,0.0,0.0,0.0,0.0,0,0,0,0
271,Rodrigo,Muniz Carvalho,Muniz,a,,,5.5,149,37,0.5,260,45,0.7,297,35,1,0,0,0,0,301,726,0.1,0.4,0.7,0.7,1.0,336,38,,,261,23,175,18,177,30,235,26,,,,,,,,1.98,0.0,1.98,0.18,0.0,0.0,0.0,0.0,6.0,3,1,7,0,0,0,0,0,0,0,0,0,0,0,0,5,330,809,0,0.31,0.0,0.31,0.0,0.0,0.0,0.0,0.0,0,0,0,0
272,Jonah,Kusi-Asare,Kusi-Asare,a,,,4.5,562,77,6.6,62,9,0.0,515,56,0,0,0,0,0,4797,6340,0.0,0.0,0.0,0.0,0.0,515,56,,,482,47,482,52,427,49,491,52,,,,,,,,0.0,0.0,0.0,0.0,0.0,0.0,0.0,0.0,0.0,3,0,0,0,0,0,0,0,0,0,0,0,0,0,0,0,5164,6870,0,0.0,0.0,0.0,0.0,0.0,0.0,0.0,0.0,0,0,0,0
569,Gonzalo,García,Gonzalo,a,,,6.0,82,18,4.6,79,11,3.3,97,10,2,0,0,0,0,4785,8268,0.6,1.7,3.3,3.3,3.3,112,14,,,82,7,198,25,17,8,51,7,,,1.0,,,,,0.48,0.06,0.54,2.08,0.0,0.0,2.33,1.0,4.33,3,2,90,0,0,0,3,0,0,0,0,0,0,1,0,10,5429,8934,0,0.43999999999999995,0.16,0.6000000000000001,1.9700000000000006,0.0,0.0,0.0,0.0,1,3,3,7
570,César,Palacios,Palacios,a,,,5.5,189,117,0.2,348,128,3.7,75,36,8,0,0,0,0,207,215,0.7,2.0,3.7,3.7,3.7,93,45,,,264,117,192,107,141,71,236,105,,,,,,,,0.43,0.01,0.44,2.15,0.0,0.0,2.6,1.3,5.62,3,8,61,1,0,0,2,0,0,0,0,0,0,1,1,27,210,235,0,0.8200000000000001,0.019999999999999997,0.8400000000000001,1.1399999999999997,0.0,0.0,0.0,0.0,0,0,0,0
580,Shea,Charles,Charles,a,,,5.0,308,185,0.1,459,183,2.0,161,71,4,0,0,0,0,42,78,0.4,1.2,2.0,2.0,2.0,196,87,,,288,132,217,119,186,91,283,126,,,,,,,,0.07,0.09,0.16,2.76,0.0,0.0,2.93,0.73,12.44,3,4,78,0,0,0,3,0,0,0,0,0,0,1,0,18,42,84,0,0.0,0.09,0.09,1.97,0.0,0.0,0.0,0.0,1,3,8,12
610,Luc,De Fougerolles,De Fougerolles,d,Unspecified injury - 75% chance of playing,,4.0,634,197,0.1,433,153,0.0,422,154,0,0,0,0,0,78,130,0.0,0.0,0.0,0.0,0.0,422,154,75.0,75.0,383,146,375,144,300,118,393,146,,,,,,,,0.0,0.0,0.0,0.0,0.0,0.0,0.0,0.0,0.0,3,0,0,0,0,0,0,0,0,0,0,0,0,0,0,0,85,135,0,0.0,0.0,0.0,0.0,0.0,0.0,0.0,0.0,0,0,0,0
626,Macauley,Zepa,Zepa,a,,,4.5,557,283,0.3,297,102,0.0,512,200,0,0,0,0,0,2794,698,0.0,0.0,0.0,0.0,0.0,512,200,,,478,180,479,189,423,147,488,185,,,,,,,,0.0,0.0,0.0,0.0,0.0,0.0,0.0,0.0,0.0,3,0,0,0,0,0,0,0,0,0,0,0,0,0,0,0,2939,729,0,0.0,0.0,0.0,0.0,0.0,0.0,0.0,0.0,0,0,0,0
635,Hugo,Larsson,Larsson,a,,,5.0,356,216,0.0,629,273,1.0,238,109,1,0,0,0,0,55,13,0.2,0.2,1.5,1.5,1.0,310,135,,,568,236,575,242,541,215,576,239,,,,,,,,1.06,2.95,4.01,0.0,0.0,0.0,0.0,0.0,8.18,3,1,11,0,0,0,0,0,0,0,0,0,0,0,0,3,60,14,0,0.13,0.36,0.49,0.0,0.0,0.0,0.0,0.0,1,0,0,1
636,Manuel Ángel,Morán Ibáñez,Ángel,a,,,5.0,334,198,0.0,645,284,0.0,582,242,0,0,0,0,0,19,4,0.0,0.0,1.5,1.5,0.0,582,242,,,558,228,565,234,529,205,566,231,,,,,,,,0.0,0.0,0.0,0.0,0.0,0.0,0.0,0.0,0.0,3,0,0,0,0,0,0,0,0,0,0,0,0,0,0,0,22,5,0,0.0,0.0,0.0,0.0,0.0,0.0,0.0,0.0,0,0,0,0
650,David,Affengruber,Affengruber,a,,,4.5,493,127,0.0,634,210,0.0,468,182,0,0,0,0,0,48,12,0.0,0.0,1.8,1.8,0.0,468,182,,,432,176,429,176,368,163,442,176,,,,,,,,0.0,0.0,0.0,0.0,0.0,0.0,0.0,0.0,0.0,3,0,0,0,0,0,0,0,0,0,0,0,0,0,0,0,50,12,0,0.0,0.0,0.0,0.0,0.0,0.0,0.0,0.0,0,0,0,0
240,Tim,Iroegbunam,Iroegbunam,a,,,5.0,322,191,0.0,586,244,0.3,347,158,0,0,0,0,0,50,16,0.1,0.2,0.3,0.3,1.0,304,130,100.0,100.0,551,224,557,230,519,200,559,227,,,,,,,,0.0,0.0,0.0,0.0,0.0,0.0,0.0,0.0,0.0,3,0,0,0,0,0,0,0,0,0,0,0,0,0,0,0,53,19,0,0.0,0.0,0.0,0.0,0.0,0.0,0.0,0.0,0,0,0,0
273,Dillon,Phillips,Phillips,a,,,4.0,592,60,1.5,149,21,0.0,393,34,0,0,0,0,0,925,622,0.0,0.0,0.0,0.0,0.0,393,34,,,354,34,345,13,267,12,363,34,,,,,,,,0.0,0.0,0.0,0.0,0.0,0.0,0.0,0.0,0.0,3,0,0,0,0,0,0,0,0,0,0,0,0,0,0,0,1034,726,0,0.0,0.0,0.0,0.0,0.0,0.0,0.0,0.0,0,0,0,0
274,Jack,Butland,Butland,i,Arm injury - Unknown return date,,4.5,433,27,0.1,454,51,0.0,440,48,0,0,0,0,0,8,108,0.0,0.0,0.0,0.0,0.0,440,48,0.0,0.0,401,48,395,29,329,28,411,48,,,,,,,,0.0,0.0,0.0,0.0,0.0,0.0,0.0,0.0,0.0,3,0,0,0,0,0,0,0,0,0,0,0,0,0,0,0,10,113,0,0.0,0.0,0.0,0.0,0.0,0.0,0.0,0.0,0,0,0,0
275,Harvey,Cartwright,Cartwright,u,Has joined Grimsby Town on loan for the rest of the season,,4.0,623,69,0.0,611,71,0.0,412,43,0,0,0,0,0,0,9,0.0,0.0,0.0,0.0,0.0,412,43,0.0,0.0,373,43,365,22,290,21,383,43,,,,,,,,0.0,0.0,0.0,0.0,0.0,0.0,0.0,0.0,0.0,3,0,0,0,0,0,0,0,0,0,0,0,0,0,0,0,0,10,0,0.0,0.0,0.0,0.0,0.0,0.0,0.0,0.0,0,0,0,0
276,Thimothée,Lo-Tutala,Lo-Tutala,u,Has joined Colchester United on loan for the rest of the season,,4.0,612,66,0.0,546,63,0.0,405,40,0,0,0,0,0,0,25,0.0,0.0,0.0,0.0,0.0,405,40,0.0,0.0,366,40,358,19,282,18,376,40,,,,,,,,0.0,0.0,0.0,0.0,0.0,0.0,0.0,0.0,0.0,3,0,0,0,0,0,0,0,0,0,0,0,0,0,0,0,0,28,0,0.0,0.0,0.0,0.0,0.0,0.0,0.0,0.0,0,0,0,0
277,John,Egan,Egan,a,,,4.0,585,162,5.2,69,29,5.7,31,12,0,0,0,0,0,30687,3807,1.4,4.2,5.7,5.7,8.5,12,5,,,21,5,304,113,216,78,122,43,,,,,,,,0.0,0.0,0.0,1.56,0.0,1.0,0.0,1.0,17.0,3,0,0,0,0,0,0,0,0,0,0,0,0,0,0,0,34879,4741,0,0.0,0.0,0.0,0.0,0.0,0.0,0.0,0.0,0,0,0,0
278,Charlie,Hughes,Hughes,i,Groin injury - Unknown return date,,4.0,627,191,0.1,441,156,0.0,416,149,0,0,0,0,0,9,105,0.0,0.0,0.0,0.0,0.0,416,149,0.0,0.0,377,141,369,139,294,113,387,141,,,,,,,,0.0,0.0,0.0,0.0,0.0,0.0,0.0,0.0,0.0,3,0,0,0,0,0,0,0,0,0,0,0,0,0,0,0,11,109,0,0.0,0.0,0.0,0.0,0.0,0.0,0.0,0.0,0,0,0,0
279,Semi,Ajayi,Ajayi,a,,,4.1,574,159,9.6,44,17,6.7,12,5,0,0,0,1,-1,31465,4445,1.6,4.9,6.7,6.7,10.0,3,1,100.0,100.0,31,9,282,101,54,10,73,19,,,,,,,,0.31,0.0,0.31,1.26,0.0,1.18,0.0,1.18,8.24,3,0,0,0,0,0,0,0,0,0,0,0,0,0,0,0,35636,5772,0,0.0,0.0,0.0,0.0,0.0,0.0,0.0,0.0,0,0,0,0
280,Lewie,Coyle,Coyle,d,Unspecified injury - 75% chance of playing,,4.0,598,170,0.5,250,95,2.0,148,58,0,0,0,0,0,65,568,0.5,1.5,1.5,1.5,3.0,113,43,75.0,75.0,231,95,173,54,272,99,245,91,,,,,,,,0.0,0.01,0.01,1.78,0.0,0.79,0.0,1.58,4.74,3,0,0,0,0,0,0,0,0,0,0,0,0,0,0,0,77,653,0,0.0,0.0,0.0,0.0,0.0,0.0,0.0,0.0,0,0,0,0
281,Cody,Drameh,Drameh,u,Has joined Genoa permanently,,4.0,609,178,0.1,480,170,0.7,259,86,0,0,0,0,0,0,300,0.2,0.5,0.0,0.0,1.0,256,89,0.0,0.0,256,100,311,117,247,90,299,108,,,,,,,,0.07,0.0,0.07,1.2,0.0,0.0,0.0,0.0,8.31,3,0,0,0,0,0,0,0,0,0,0,0,0,0,0,0,0,311,0,0.0,0.0,0.0,0.0,0.0,0.0,0.0,0.0,0,0,0,0
282,Ryan,Giles,Giles,a,,,4.0,606,177,1.1,183,71,4.0,62,25,0,0,0,0,0,1653,546,1.0,3.0,4.0,4.0,6.0,33,14,,,162,74,69,17,183,62,137,50,1.0,1.0,,,,,,0.01,0.07,0.08,1.58,0.0,1.03,0.0,1.03,4.14,3,0,0,0,0,0,0,0,0,0,0,0,0,0,0,0,1877,614,0,0.0,0.0,0.0,0.0,0.0,0.0,0.0,0.0,0,0,0,0
283,Matty,Jacob,Jacob,u,Has joined Newport County on loan until January,,4.0,613,180,0.0,599,202,0.0,406,142,0,0,0,0,0,0,16,0.0,0.0,0.0,0.0,0.0,406,142,0.0,0.0,367,134,359,132,283,105,377,134,,,,,,,,0.0,0.0,0.0,0.0,0.0,0.0,0.0,0.0,0.0,3,0,0,0,0,0,0,0,0,0,0,0,0,0,0,0,0,17,0,0.0,0.0,0.0,0.0,0.0,0.0,0.0,0.0,0,0,0,0
284,Cathal,McCarthy,McCarthy,a,,,4.0,652,214,0.1,437,155,0.0,436,167,0,0,0,0,0,128,85,0.0,0.0,0.0,0.0,0.0,436,167,,,397,159,389,157,317,134,407,159,,,,,,,,0.0,0.0,0.0,0.0,0.0,0.0,0.0,0.0,0.0,3,0,0,0,0,0,0,0,0,0,0,0,0,0,0,0,140,92,0,0.0,0.0,0.0,0.0,0.0,0.0,0.0,0.0,0,0,0,0
285,Paddy,McNair,McNair,a,,,4.0,590,164,0.1,401,146,0.3,314,105,0,0,0,0,0,75,74,0.1,0.2,0.3,0.3,1.0,252,85,,,282,105,344,124,266,95,314,112,,,,,,,,0.0,0.0,0.0,3.32,0.0,0.0,0.0,0.0,6.92,3,0,0,0,0,0,0,0,0,0,0,0,0,0,0,0,86,83,0,0.0,0.0,0.0,0.0,0.0,0.0,0.0,0.0,0,0,0,0
286,Mohamed,Belloumi,Belloumi,a,,,5.0,351,211,0.8,208,65,3.0,107,42,0,0,0,0,0,1267,605,0.6,1.8,3.0,3.0,4.5,64,29,,,121,44,153,92,96,50,130,66,3.0,2.0,,,,,,0.09,0.03,0.12,1.54,0.0,1.05,0.0,1.05,10.47,3,0,0,0,0,0,0,0,0,0,0,0,0,0,0,0,1394,668,0,0.0,0.0,0.0,0.0,0.0,0.0,0.0,0.0,0,0,0,0
287,Liam,Millar,Millar,u,Has joined Birmingham on loan for the rest of the season,,5.0,288,174,0.1,483,193,2.0,159,69,0,0,0,0,0,0,514,0.4,1.2,0.0,0.0,3.0,125,50,0.0,0.0,114,42,281,144,114,59,165,79,,,,,,,,1.04,0.0,1.04,1.57,0.0,0.0,0.0,0.0,7.2,3,0,0,0,0,0,0,0,0,0,0,0,0,0,0,0,0,530,0,0.0,0.0,0.0,0.0,0.0,0.0,0.0,0.0,0,0,0,0
288,Kieran,Dowell,Dowell,a,,,4.5,450,260,0.4,280,92,0.0,450,181,0,0,0,0,0,454,339,0.0,0.0,0.0,0.0,0.0,450,181,,,412,161,407,170,341,127,422,166,,,,,,,,0.0,0.0,0.0,0.0,0.0,0.0,0.0,0.0,0.0,3,0,0,0,0,0,0,0,0,0,0,0,0,0,0,0,486,373,0,0.0,0.0,0.0,0.0,0.0,0.0,0.0,0.0,0,0,0,0
289,Matt,Crooks,Crooks,d,Thigh injury - 75% chance of playing,,4.5,432,257,0.6,243,82,0.7,265,124,0,0,0,0,0,132,967,0.2,0.4,0.5,0.5,2.0,174,78,75.0,75.0,182,70,234,126,328,124,250,113,,,,,,,,0.0,0.0,0.0,1.83,0.0,1.0,0.0,1.0,9.0,3,0,0,0,0,0,0,0,0,0,0,0,0,0,0,0,142,1071,0,0.0,0.0,0.0,0.0,0.0,0.0,0.0,0.0,0,0,0,0
290,Regan,Slater,Slater,a,,,4.5,480,263,4.9,76,25,2.7,115,46,0,0,0,0,0,12533,5339,0.6,1.8,2.7,2.7,4.0,75,35,,,140,51,116,71,221,105,160,75,2.0,,,,,,,0.0,0.22,0.22,1.56,0.0,1.0,0.0,1.0,6.5,3,0,0,0,0,0,0,0,0,0,0,0,0,0,0,0,14065,5976,0,0.0,0.0,0.0,0.0,0.0,0.0,0.0,0.0,0,0,0,0
291,Eliot,Matazo,Matazo,i,Knee injury - Unknown return date,,4.5,499,265,0.0,618,264,0.0,470,184,0,0,0,0,0,12,14,0.0,0.0,0.0,0.0,0.0,470,184,0.0,0.0,434,164,432,173,372,131,444,169,,,,,,,,0.0,0.0,0.0,0.0,0.0,0.0,0.0,0.0,0.0,3,0,0,0,0,0,0,0,0,0,0,0,0,0,0,0,13,17,0,0.0,0.0,0.0,0.0,0.0,0.0,0.0,0.0,0,0,0,0
292,Abdülkadir,Ömür,Ömür,a,,,4.9,389,236,0.0,577,239,0.0,527,208,0,0,0,-1,1,51,33,0.0,0.0,0.0,0.0,0.0,527,208,,,496,190,495,197,442,156,505,194,,,,,,,,0.0,0.0,0.0,0.0,0.0,0.0,0.0,0.0,0.0,3,0,0,0,0,0,0,0,0,0,0,0,0,0,0,0,59,37,0,0.0,0.0,0.0,0.0,0.0,0.0,0.0,0.0,0,0,0,0
293,Abu,Kamara,Kamara,u,Has joined Portsmouth permanently,,5.0,323,192,0.0,640,280,0.0,576,239,0,0,0,0,0,0,8,0.0,0.0,0.0,0.0,0.0,576,239,0.0,0.0,552,225,558,231,520,201,560,228,,,,,,,,0.0,0.0,0.0,0.0,0.0,0.0,0.0,0.0,0.0,3,0,0,0,0,0,0,0,0,0,0,0,0,0,0,0,0,8,0,0.0,0.0,0.0,0.0,0.0,0.0,0.0,0.0,0,0,0,0
294,Óscar,Zambrano,Zambrano,i,Thigh injury - Unknown return date,,4.5,533,273,0.1,438,173,0.0,493,192,0,0,0,0,0,53,121,0.0,0.0,0.0,0.0,0.0,493,192,0.0,0.0,458,172,460,181,402,139,468,177,,,,,,,,0.0,0.0,0.0,0.0,0.0,0.0,0.0,0.0,0.0,3,0,0,0,0,0,0,0,0,0,0,0,0,0,0,0,53,124,0,0.0,0.0,0.0,0.0,0.0,0.0,0.0,0.0,0,0,0,0
295,Oli,McBurnie,McBurnie,a,,,5.5,127,32,2.1,128,19,2.0,168,15,0,0,0,0,0,2154,3931,0.4,1.1,2.0,2.0,3.0,131,16,,,188,17,64,5,23,10,53,8,,,1.0,,,,,0.08,0.01,0.09,1.56,0.0,1.0,0.0,1.0,4.5,3,0,0,0,0,0,0,0,0,0,0,0,0,0,0,0,2365,4387,0,0.0,0.0,0.0,0.0,0.0,0.0,0.0,0.0,0,0,0,0
296,David,Akintola,Akintola,a,,,5.0,271,169,0.0,504,206,0.0,555,228,0,0,0,0,0,98,80,0.0,0.0,0.0,0.0,0.0,555,228,,,529,212,530,217,486,183,536,214,,,,,,,,0.0,0.0,0.0,0.0,0.0,0.0,0.0,0.0,0.0,3,0,0,0,0,0,0,0,0,0,0,0,0,0,0,0,101,83,0,0.0,0.0,0.0,0.0,0.0,0.0,0.0,0.0,0,0,0,0
297,Darko,Gyabi,Gyabi,i,Thigh injury - Unknown return date,,4.5,500,266,0.0,564,233,0.0,471,185,0,0,0,0,0,20,34,0.0,0.0,0.0,0.0,0.0,471,185,0.0,0.0,435,165,433,174,373,132,445,170,,,,,,,,0.0,0.0,0.0,0.0,0.0,0.0,0.0,0.0,0.0,3,0,0,0,0,0,0,0,0,0,0,0,0,0,0,0,21,35,0,0.0,0.0,0.0,0.0,0.0,0.0,0.0,0.0,0,0,0,0
298,Enis,Destan,Destan,u,Has joined Konyaspor permanently,,4.5,518,68,0.3,310,51,0.0,480,48,0,0,0,0,0,0,468,0.0,0.0,0.0,0.0,0.0,480,48,0.0,0.0,444,38,446,44,388,40,454,43,,,,,,,,0.0,0.0,0.0,0.0,0.0,0.0,0.0,0.0,0.0,3,0,0,0,0,0,0,0,0,0,0,0,0,0,0,0,0,482,0,0.0,0.0,0.0,0.0,0.0,0.0,0.0,0.0,0,0,0,0
299,Mason,Burstow,Burstow,u,Has joined Sheffield Wednesday on loan for the rest of the season,,4.5,526,69,0.0,510,69,0.0,487,49,0,0,0,0,0,0,76,0.0,0.0,0.0,0.0,0.0,487,49,0.0,0.0,452,39,454,45,396,41,462,44,,,,,,,,0.0,0.0,0.0,0.0,0.0,0.0,0.0,0.0,0.0,3,0,0,0,0,0,0,0,0,0,0,0,0,0,0,0,0,77,0,0.0,0.0,0.0,0.0,0.0,0.0,0.0,0.0,0,0,0,0
340,Joe,Gelhardt,Gelhardt,a,,,5.0,307,184,0.0,596,252,0.0,570,235,0,0,0,0,0,36,16,0.0,0.0,0.0,0.0,0.0,570,235,100.0,100.0,545,220,549,226,509,195,553,223,,,,,,,,0.0,0.0,0.0,0.0,0.0,0.0,0.0,0.0,0.0,3,0,0,0,0,0,0,0,0,0,0,0,0,0,0,0,38,16,0,0.0,0.0,0.0,0.0,0.0,0.0,0.0,0.0,0,0,0,0
556,Matt,Targett,Targett,a,,,4.0,593,166,2.1,127,53,0.3,316,107,0,0,0,0,0,609,1217,0.1,0.2,0.3,0.3,1.0,254,87,,,331,123,346,125,268,96,364,127,,,,,,,,0.0,0.0,0.0,1.26,0.0,0.0,0.0,0.0,0.0,3,0,0,0,0,0,0,0,0,0,0,0,0,0,0,0,663,1329,0,0.0,0.0,0.0,0.0,0.0,0.0,0.0,0.0,0,0,0,0
563,Hidemasa,Morita,Morita,a,,,5.0,300,179,0.0,554,228,0.3,344,155,0,0,0,0,0,29,20,0.1,0.2,0.3,0.3,1.0,300,127,100.0,100.0,230,95,157,94,503,191,239,107,,,,,,,,0.0,0.0,0.0,2.18,0.0,0.0,0.0,2.0,6.0,3,0,0,0,0,0,0,0,0,0,0,0,0,0,0,0,32,23,0,0.0,0.0,0.0,0.0,0.0,0.0,0.0,0.0,0,0,0,0
572,Konstantinos,Tzolakis,Tzolakis,a,,,4.6,422,22,7.9,54,7,6.7,13,1,0,0,0,1,-1,18015,3593,1.5,4.3,6.7,6.7,10.0,4,1,,,29,5,489,51,434,50,142,4,,,,,,,,0.0,0.0,0.0,1.56,4.0,1.0,0.0,1.0,0.0,3,0,0,0,0,0,0,0,0,0,0,0,0,0,0,0,20075,4725,0,0.0,0.0,0.0,0.0,0.0,0.0,0.0,0.0,0,0,0,0
576,Elliot,Stroud,Stroud,a,,,5.0,366,223,0.1,440,175,1.0,239,110,0,0,0,0,0,53,90,0.2,0.6,1.0,1.0,1.5,234,107,,,243,103,189,105,173,84,247,111,,,,,,,,0.01,0.03,0.04,1.58,0.0,0.7,0.0,1.41,9.14,3,0,0,0,0,0,0,0,0,0,0,0,0,0,0,0,55,100,0,0.0,0.0,0.0,0.0,0.0,0.0,0.0,0.0,0,0,0,0
585,Lucas,Herrington,Herrington,a,,,4.0,645,207,0.6,238,88,0.7,261,88,0,0,0,0,0,227,273,0.2,0.5,0.7,0.7,1.0,259,92,,,228,93,322,118,311,128,291,105,,,,,,,,0.0,0.0,0.0,1.83,0.0,0.0,0.0,0.0,7.89,3,0,0,0,0,0,0,0,0,0,0,0,0,0,0,0,237,309,0,0.0,0.0,0.0,0.0,0.0,0.0,0.0,0.0,0,0,0,0
586,Nobel,Mendy,Mendy,a,,,4.0,647,209,5.5,66,26,5.3,33,13,0,0,0,0,0,10160,3714,1.3,4.0,5.3,5.3,8.0,14,6,100.0,100.0,7,1,296,109,45,5,43,6,,,,,,,,0.22,0.0,0.22,1.45,0.0,0.74,0.0,1.49,16.36,3,0,0,0,0,0,0,0,0,0,0,0,0,0,0,0,11763,4149,0,0.0,0.0,0.0,0.0,0.0,0.0,0.0,0.0,0,0,0,0
589,Lucas,Gourna-Douath,Gourna-Douath,a,,,5.0,313,187,0.0,548,225,0.3,346,157,0,0,0,0,0,9,23,0.1,0.2,0.3,0.3,1.0,302,129,,,218,88,286,145,513,197,284,127,,,,,,,,0.0,0.02,0.02,0.4,0.0,0.0,0.0,0.0,12.0,3,0,0,0,0,0,0,0,0,0,0,0,0,0,0,0,10,28,0,0.0,0.0,0.0,0.0,0.0,0.0,0.0,0.0,0,0,0,0
617,Mohamed-Ali,Cho,Cho,a,,,5.0,325,194,0.0,609,259,0.5,313,148,0,0,0,0,0,48,14,0.1,0.2,0.5,0.5,1.0,305,131,,,332,152,314,159,522,203,344,161,,,,,,,,0.0,0.0,0.0,2.31,0.0,0.0,0.0,0.0,0.0,3,0,0,0,0,0,0,0,0,0,0,0,0,0,0,0,52,14,0,0.0,0.0,0.0,0.0,0.0,0.0,0.0,0.0,0,0,0,0
632,Ilyas,Ansah,Ansah,a,,,5.0,372,62,0.0,532,71,0.0,596,65,0,0,0,0,0,609,80,0.0,0.0,1.4,1.4,0.0,596,65,,,574,56,580,61,550,58,582,61,,,,,,,,0.0,0.0,0.0,0.0,0.0,0.0,0.0,0.0,0.0,3,0,0,0,0,0,0,0,0,0,0,0,0,0,0,0,648,83,0,0.0,0.0,0.0,0.0,0.0,0.0,0.0,0.0,0,0,0,0
637,Robinio,Vaz,Vaz,a,,,5.0,374,64,0.0,560,73,0.0,598,67,0,0,0,0,0,377,66,0.0,0.0,1.4,1.4,0.0,598,67,,,576,58,582,63,552,60,584,63,,,,,,,,0.0,0.0,0.0,0.0,0.0,0.0,0.0,0.0,0.0,3,0,0,0,0,0,0,0,0,0,0,0,0,0,0,0,403,72,0,0.0,0.0,0.0,0.0,0.0,0.0,0.0,0.0,0,0,0,0
638,Brooke,Norton-Cuffy,Norton-Cuffy,a,,,4.0,624,188,0.1,411,147,0.0,413,146,0,0,0,0,0,1995,270,0.0,0.0,1.0,1.0,0.0,413,146,,,374,138,366,136,291,110,384,138,,,,,,,,0.0,0.0,0.0,0.0,0.0,0.0,0.0,0.0,0.0,3,0,0,0,0,0,0,0,0,0,0,0,0,0,0,0,2128,287,0,0.0,0.0,0.0,0.0,0.0,0.0,0.0,0.0,0,0,0,0
642,Sorba,Thomas,Thomas,a,,,5.5,148,89,0.0,617,263,0.0,621,267,0,0,0,0,0,108,15,0.0,0.0,2.0,2.0,0.0,621,267,,,608,261,612,262,597,251,613,262,,,,,,,,0.0,0.0,0.0,0.0,0.0,0.0,0.0,0.0,0.0,3,0,0,0,0,0,0,0,0,0,0,0,0,0,0,0,119,17,0,0.0,0.0,0.0,0.0,0.0,0.0,0.0,0.0,0,0,0,0
645,Christos,Mouzakitis,Mouzakitis,a,,,5.0,377,229,0.0,631,275,0.0,599,252,0,0,0,0,0,54,3,0.0,0.0,1.5,1.5,0.0,599,252,,,577,240,584,246,555,224,585,243,,,,,,,,0.0,0.0,0.0,0.0,0.0,0.0,0.0,0.0,0.0,3,0,0,0,0,0,0,0,0,0,0,0,0,0,0,0,55,4,0,0.0,0.0,0.0,0.0,0.0,0.0,0.0,0.0,0,0,0,0
259,Issa,Diop,Diop,a,,,4.0,603,174,15.5,27,9,2.3,132,50,3,0,0,0,0,4123,10668,0.6,1.8,2.3,2.3,2.3,160,60,,,65,27,278,99,217,79,168,61,,,,,,,,0.0,0.01,0.01,2.04,0.0,0.0,2.67,1.0,9.33,3,3,90,0,0,0,2,0,0,0,0,0,0,1,0,10,4480,12234,0,0.0,0.01,0.01,0.6900000000000004,0.0,0.0,0.0,0.0,2,9,2,11
267,Saša,Lukić,Lukić,a,,,5.0,270,168,0.1,409,159,2.7,117,48,2,0,0,0,0,116,142,0.5,1.6,2.7,2.7,2.7,142,60,,,88,31,93,58,199,96,121,61,4.0,,,,,,,0.01,0.02,0.03,1.88,0.0,0.0,2.5,1.07,7.5,3,2,90,0,0,0,2,0,0,0,0,0,0,1,0,13,121,150,0,0.0,0.019999999999999997,0.020000000000000004,0.6899999999999995,0.0,0.0,0.0,0.0,1,1,2,4
300,Christian,Walton,Walton,a,,,4.5,436,28,0.4,264,34,0.0,441,49,0,0,0,0,0,37,291,0.0,0.0,0.0,0.0,0.0,441,49,,,403,49,397,30,331,29,413,49,,,,,,,,0.0,0.0,0.0,0.0,0.0,0.0,0.0,0.0,0.0,3,0,0,0,0,0,0,0,0,0,0,0,0,0,0,0,40,320,0,0.0,0.0,0.0,0.0,0.0,0.0,0.0,0.0,0,0,0,0
301,Alex,Palmer,Palmer,a,,,4.0,586,57,4.3,84,12,0.0,389,31,0,0,0,0,0,2801,2407,0.0,0.0,0.0,0.0,0.0,389,31,,,350,31,340,10,262,9,359,31,,,,,,,,0.0,0.0,0.0,0.0,0.0,0.0,0.0,0.0,0.0,3,0,0,0,0,0,0,0,0,0,0,0,0,0,0,0,3345,2822,0,0.0,0.0,0.0,0.0,0.0,0.0,0.0,0.0,0,0,0,0
302,David,Button,Button,a,,,4.0,578,52,0.5,256,33,0.0,382,26,0,0,0,0,0,1009,238,0.0,0.0,0.0,0.0,0.0,382,26,,,343,26,333,5,255,4,352,26,,,,,,,,0.0,0.0,0.0,0.0,0.0,0.0,0.0,0.0,0.0,3,0,0,0,0,0,0,0,0,0,0,0,0,0,0,0,1190,309,0,0.0,0.0,0.0,0.0,0.0,0.0,0.0,0.0,0,0,0,0
303,Cédric,Kipré,Kipré,a,,,4.0,597,169,0.5,248,93,0.0,395,136,0,0,0,0,0,74,412,0.0,0.0,0.0,0.0,0.0,395,136,,,356,128,348,126,271,98,366,128,,,,,,,,0.0,0.0,0.0,0.0,0.0,0.0,0.0,0.0,0.0,3,0,0,0,0,0,0,0,0,0,0,0,0,0,0,0,79,465,0,0.0,0.0,0.0,0.0,0.0,0.0,0.0,0.0,0,0,0,0
304,Dara,O'Shea,O'Shea,a,,,4.0,602,173,3.2,102,40,2.3,131,49,3,0,0,0,0,1528,3174,0.6,1.8,2.3,2.3,2.3,159,59,,,64,26,102,31,135,43,88,27,,,,,,,,0.02,0.06,0.08,2.04,0.0,0.0,2.67,1.0,10.0,3,3,90,0,0,0,2,0,0,0,0,0,0,1,0,5,1839,4065,0,0.0,0.009999999999999981,0.010000000000000009,0.6900000000000004,0.0,0.0,0.0,0.0,3,8,3,11
305,Leif,Davis,Davis,a,,,4.0,616,183,5.2,72,31,3.0,98,39,1,0,0,0,0,5892,5079,0.8,2.2,3.0,3.0,3.0,114,44,,,25,7,136,41,34,3,36,3,2.0,2.0,,,,,,0.22,0.08,0.3,2.04,0.0,0.0,2.67,1.0,5.67,3,1,90,0,0,0,2,0,0,0,0,0,0,1,0,4,6522,5567,0,0.10999999999999999,0.12,0.22999999999999998,0.6900000000000004,0.0,0.0,0.0,0.0,2,4,3,6
306,Jacob,Greaves,Greaves,a,,,4.0,614,181,1.3,158,64,0.7,260,87,1,0,0,0,0,261,656,0.2,0.5,0.7,0.7,0.7,364,124,,,118,54,232,74,284,106,199,76,,,,,,,,0.0,0.02,0.02,2.04,0.0,0.0,2.67,1.0,8.0,3,1,90,0,0,0,2,0,0,0,0,0,0,1,0,6,287,778,0,0.0,0.04,0.04,0.6900000000000004,0.0,0.0,0.0,0.0,1,6,3,7
307,Ben,Johnson,Johnson,u,Has joined Stoke City on loan for the rest of the season,,4.0,605,176,0.1,431,151,0.0,400,140,0,0,0,0,0,0,409,0.0,0.0,0.0,0.0,0.0,400,140,0.0,0.0,361,132,353,130,277,103,371,132,,,,,,,,0.0,0.0,0.0,0.0,0.0,0.0,0.0,0.0,0.0,3,0,0,0,0,0,0,0,0,0,0,0,0,0,0,0,0,428,0,0.0,0.0,0.0,0.0,0.0,0.0,0.0,0.0,0,0,0,0
308,Darnell,Furlong,Furlong,a,,,4.0,596,168,0.5,249,94,0.3,317,108,0,0,0,0,0,41,327,0.1,0.2,0.3,0.3,1.0,255,88,,,274,103,305,114,270,97,308,110,,,,,,,,0.0,0.0,0.0,4.55,0.0,0.0,5.29,0.0,15.88,3,0,0,0,0,0,0,0,0,0,0,0,0,0,0,0,48,376,0,0.0,0.0,0.0,0.0,0.0,0.0,0.0,0.0,0,0,0,0
309,Marcelino,Núñez,Núñez,a,,,5.0,335,199,0.1,392,147,2.0,163,73,0,0,0,0,0,50,227,0.4,1.2,2.0,2.0,3.0,127,51,,,155,56,129,78,188,92,170,82,1.0,1.0,,,,,,0.02,0.03,0.05,2.24,0.0,0.0,2.57,1.29,13.5,3,0,0,0,0,0,0,0,0,0,0,0,0,0,0,0,57,241,0,0.0,0.0,0.0,0.0,0.0,0.0,0.0,0.0,0,0,0,0
310,Azor,Matusiwa,Matusiwa,i,Muscular injury - Unknown return date,,5.0,290,175,0.0,635,277,0.0,562,231,0,0,0,0,0,4,4,0.0,0.0,0.0,0.0,0.0,562,231,0.0,0.0,537,215,538,220,495,187,544,217,,,,,,,,0.0,0.0,0.0,0.0,0.0,0.0,0.0,0.0,0.0,3,0,0,0,0,0,0,0,0,0,0,0,0,0,0,0,4,4,0,0.0,0.0,0.0,0.0,0.0,0.0,0.0,0.0,0,0,0,0
311,Wes,Burns,Burns,u,Has joined Leicester City permanently,,5.0,250,153,0.0,636,278,0.0,548,223,0,0,0,0,0,0,10,0.0,0.0,0.0,0.0,0.0,548,223,0.0,0.0,521,206,521,212,474,175,529,209,,,,,,,,0.0,0.0,0.0,0.0,0.0,0.0,0.0,0.0,0.0,3,0,0,0,0,0,0,0,0,0,0,0,0,0,0,0,0,10,0,0.0,0.0,0.0,0.0,0.0,0.0,0.0,0.0,0,0,0,0
312,Jack,Taylor,Taylor,i,Knee injury - Unknown return date,,4.5,475,262,0.0,526,218,0.0,459,183,0,0,0,0,0,26,67,0.0,0.0,0.0,0.0,0.0,459,183,0.0,0.0,422,163,418,172,355,129,432,168,,,,,,,,0.0,0.0,0.0,0.0,0.0,0.0,0.0,0.0,0.0,3,0,0,0,0,0,0,0,0,0,0,0,0,0,0,0,29,71,0,0.0,0.0,0.0,0.0,0.0,0.0,0.0,0.0,0,0,0,0
313,Jack,Clarke,Clarke,a,,,5.5,160,96,0.2,319,114,2.7,121,51,1,0,0,0,0,89,463,0.5,1.5,2.7,2.7,4.0,80,37,,,123,45,302,152,97,51,166,80,3.0,3.0,1.0,,,,,0.31,0.04,0.35,0.19,0.0,0.0,0.0,0.0,8.37,3,1,24,0,0,0,0,0,0,0,0,0,0,0,0,3,94,505,0,0.04999999999999999,0.02,0.07,0.06,0.0,0.0,0.0,0.0,0,1,1,2
314,Chiedozie,Ogbene,Ogbene,u,Has joined Lincoln City on loan until January,,4.9,393,239,0.0,595,251,0.0,529,210,0,0,0,-1,1,0,66,0.0,0.0,0.0,0.0,0.0,529,210,0.0,0.0,498,192,498,199,445,158,507,196,,,,,,,,0.0,0.0,0.0,0.0,0.0,0.0,0.0,0.0,0.0,3,0,0,0,0,0,0,0,0,0,0,0,0,0,0,0,0,72,0,0.0,0.0,0.0,0.0,0.0,0.0,0.0,0.0,0,0,0,0
315,Abdul,Fatawu,Fatawu,a,,,5.5,180,110,0.2,336,121,2.7,123,53,2,0,0,0,0,301,260,0.5,1.5,2.7,2.7,2.7,146,63,,,73,29,13,13,149,73,40,30,,,,,,,,0.01,0.31,0.32,2.36,0.0,0.0,3.2,1.2,6.8,3,2,78,0,0,0,2,0,0,0,0,0,0,1,0,14,317,280,0,0.03,0.15000000000000002,0.18000000000000005,0.6900000000000004,0.0,0.0,0.0,0.0,2,2,2,6
316,Emersonn,Correia da Silva,Emersonn,a,,,5.5,183,42,1.7,139,20,4.0,67,6,2,0,0,0,0,4732,3358,0.7,2.2,4.0,4.0,4.0,81,8,100.0,100.0,70,5,54,2,42,13,41,6,,,2.0,,,,,0.53,0.03,0.56,1.04,0.0,0.0,2.06,1.54,3.6,3,2,65,0,0,0,2,0,0,0,0,0,0,1,0,8,4901,3530,0,0.22000000000000008,0.0,0.22000000000000008,0.6200000000000001,0.0,0.0,0.0,0.0,1,1,1,3
317,George,Hirst,Hirst,u,Has joined Stoke City permanently,,5.0,281,53,0.1,410,59,0.0,558,58,0,0,0,0,0,0,219,0.0,0.0,0.0,0.0,0.0,558,58,0.0,0.0,532,49,533,54,489,51,539,54,,,,,,,,0.0,0.0,0.0,0.0,0.0,0.0,0.0,0.0,0.0,3,0,0,0,0,0,0,0,0,0,0,0,0,0,0,0,0,241,0,0.0,0.0,0.0,0.0,0.0,0.0,0.0,0.0,0,0,0,0
318,Jaden,Philogene,Philogene,i,Ankle injury - Unknown return date,,5.4,220,136,0.1,439,174,0.0,610,259,0,0,0,-1,1,2,192,0.0,0.0,0.0,0.0,0.0,610,259,0.0,0.0,591,249,597,254,573,235,598,251,5.0,,3.0,,,,,0.0,0.0,0.0,0.0,0.0,0.0,0.0,0.0,0.0,3,0,0,0,0,0,0,0,0,0,0,0,0,0,0,0,2,211,0,0.0,0.0,0.0,0.0,0.0,0.0,0.0,0.0,0,0,0,0
319,Sam,Szmodics,Szmodics,u,Has joined Derby County on loan for the rest of the season,,5.0,257,159,0.0,625,269,0.0,552,226,0,0,0,0,0,0,13,0.0,0.0,0.0,0.0,0.0,552,226,0.0,0.0,525,209,525,215,480,180,533,212,,,,,,,,0.0,0.0,0.0,0.0,0.0,0.0,0.0,0.0,0.0,3,0,0,0,0,0,0,0,0,0,0,0,0,0,0,0,0,15,0,0.0,0.0,0.0,0.0,0.0,0.0,0.0,0.0,0,0,0,0
320,Chuba,Akpom,Akpom,a,,,5.0,249,51,1.1,188,29,2.0,156,14,0,0,0,0,0,4611,1664,0.4,1.2,2.0,2.0,3.0,123,15,,,119,10,259,35,92,20,153,17,,,,,,,,1.27,0.0,1.27,5.27,0.0,0.0,5.22,0.0,3.91,3,0,0,0,0,0,0,0,0,0,0,0,0,0,0,0,5137,1779,0,0.0,0.0,0.0,0.0,0.0,0.0,0.0,0.0,0,0,0,0
321,Sindre,Walle Egeli,Walle Egeli,a,,,4.5,536,71,3.3,98,14,0.3,329,41,0,0,0,0,0,9028,5172,0.1,0.2,0.3,0.3,1.0,280,32,,,461,41,326,41,405,43,471,46,,,,,,,,0.0,0.0,0.0,0.27,0.0,0.0,0.0,0.0,0.0,3,0,0,0,0,0,0,0,0,0,0,0,0,0,0,0,9951,5616,0,0.0,0.0,0.0,0.0,0.0,0.0,0.0,0.0,0,0,0,0
322,Ali,Al-Hamadi,Al-Hamadi,u,Has joined Sheffield Wednesday on loan for the rest of the season,,5.0,306,56,0.1,457,64,0.0,569,60,0,0,0,0,0,0,213,0.0,0.0,0.0,0.0,0.0,569,60,0.0,0.0,544,51,548,56,508,53,552,56,,,,,,,,0.0,0.0,0.0,0.0,0.0,0.0,0.0,0.0,0.0,3,0,0,0,0,0,0,0,0,0,0,0,0,0,0,0,0,228,0,0.0,0.0,0.0,0.0,0.0,0.0,0.0,0.0,0,0,0,0
323,Kasey,McAteer,McAteer,a,,,4.5,497,264,1.3,161,50,1.0,230,105,1,0,0,0,0,1110,1192,0.2,0.7,1.0,1.0,1.0,275,117,,,317,143,272,139,371,130,324,148,,,,,,,,0.11,0.0,0.11,0.45,0.0,0.0,0.0,0.0,10.71,3,1,11,0,0,0,0,0,0,0,0,0,0,0,0,5,1193,1290,0,0.05,0.0,0.05,0.0,0.0,0.0,0.0,0.0,0,0,1,1
324,Anis,Mehmeti,Mehmeti,a,,,4.9,394,240,0.0,515,212,0.0,530,211,0,0,0,-1,1,17,70,0.0,0.0,0.0,0.0,0.0,530,211,,,499,193,499,200,446,159,508,197,,,,,,,,0.0,0.0,0.0,0.0,0.0,0.0,0.0,0.0,0.0,3,0,0,0,0,0,0,0,0,0,0,0,0,0,0,0,17,71,0,0.0,0.0,0.0,0.0,0.0,0.0,0.0,0.0,0,0,0,0
554,Kayne,van Oevelen,Van Oevelen,u,Has joined Valencia on loan for the rest of the season,,4.5,527,46,0.0,558,65,0.0,488,62,0,0,0,0,0,0,41,0.0,0.0,0.0,0.0,0.0,488,62,0.0,0.0,453,62,455,48,397,47,463,62,,,,,,,,0.0,0.0,0.0,0.0,0.0,0.0,0.0,0.0,0.0,3,0,0,0,0,0,0,0,0,0,0,0,0,0,0,0,0,41,0,0.0,0.0,0.0,0.0,0.0,0.0,0.0,0.0,0,0,0,0
562,Daizen,Maeda,Maeda,a,,,5.4,213,133,0.3,291,97,2.0,166,75,2,-1,1,-1,1,127,498,0.4,1.1,2.0,2.0,2.0,201,91,,,174,66,231,125,72,41,175,83,,,,,,,,0.3,0.0,0.3,2.15,0.0,0.0,2.92,1.25,7.92,3,2,65,0,0,0,2,0,0,0,0,0,0,1,0,9,137,545,0,0.039999999999999925,0.0,0.039999999999999925,0.6200000000000001,0.0,0.0,0.0,0.0,2,2,1,5
564,Kjell,Scherpen,Scherpen,a,,,4.5,478,37,0.6,239,32,2.0,153,14,2,0,0,0,0,675,470,0.4,1.3,2.0,2.0,2.0,179,14,,,28,4,420,39,357,38,145,5,,,,,,,,0.0,0.0,0.0,2.04,4.33,0.0,2.67,1.0,0.0,3,2,90,0,0,0,2,0,0,0,0,0,5,1,0,13,731,598,0,0.0,0.0,0.0,0.6900000000000004,0.0,0.0,0.0,0.0,0,0,7,0
571,Florentino Ibrain,Morris Luís,Florentino,a,,,4.9,392,238,0.1,429,171,0.0,528,209,0,0,0,-1,1,51,109,0.0,0.0,0.0,0.0,0.0,528,209,100.0,100.0,497,191,497,198,444,157,506,195,,,,,,,,0.0,0.0,0.0,0.0,0.0,0.0,0.0,0.0,0.0,3,0,0,0,0,0,0,0,0,0,0,0,0,0,0,0,54,119,0,0.0,0.0,0.0,0.0,0.0,0.0,0.0,0.0,0,0,0,0
591,Julio,Enciso,Enciso,a,,,5.5,169,102,0.8,215,69,3.7,73,34,1,0,0,0,0,3310,1392,0.7,2.0,3.7,3.7,3.7,91,43,100.0,100.0,77,30,96,59,47,28,58,38,,,,,,,,0.31,0.23,0.54,2.19,0.0,0.0,2.88,1.08,7.56,3,1,90,0,0,0,2,0,0,0,1,0,0,1,0,16,3709,1494,0,0.24,0.020000000000000018,0.26,0.6899999999999995,0.0,0.0,0.0,0.0,0,2,3,5
592,Abdoul,Ouattara,Ouattara,a,,,4.0,639,202,0.9,197,75,1.0,225,78,1,0,0,0,0,349,448,0.2,0.8,1.0,1.0,1.0,258,91,,,262,101,182,58,305,123,275,100,,,,,,,,0.0,0.05,0.05,2.05,0.0,0.0,2.31,0.0,4.62,3,1,12,0,0,0,0,0,0,0,0,0,0,0,0,4,369,508,0,0.0,0.02,0.02,0.0,0.0,0.0,0.0,0.0,0,0,2,0
602,Cameron,Humphreys,Humphreys,u,Has joined Huddersfield Town on loan for the rest of the season,,4.5,525,272,0.0,521,216,0.0,486,191,0,0,0,0,0,0,222,0.0,0.0,0.0,0.0,0.0,486,191,0.0,0.0,451,171,453,180,395,138,461,176,,,,,,,,0.0,0.0,0.0,0.0,0.0,0.0,0.0,0.0,0.0,3,0,0,0,0,0,0,0,0,0,0,0,0,0,0,0,0,226,0,0.0,0.0,0.0,0.0,0.0,0.0,0.0,0.0,0,0,0,0
619,Exequiel,Palacios,Palacios,a,,,5.0,275,170,0.0,573,236,2.5,130,58,4,0,0,0,0,364,77,0.5,1.0,2.5,2.5,2.5,153,66,,,250,109,170,100,229,109,253,114,,,,,,,,0.0,0.03,0.03,2.24,0.0,0.0,3.43,0.86,21.43,3,4,77,0,0,0,2,0,0,0,0,0,0,1,0,24,367,77,0,0.0,0.019999999999999997,0.019999999999999997,0.69,0.0,0.0,0.0,0.0,4,3,12,19
640,Zian,Flemming,Flemming,a,,,5.5,152,38,0.0,566,74,1.0,245,29,1,0,0,0,0,287,54,0.2,0.2,1.8,1.8,1.0,337,39,,,609,65,613,69,598,67,614,69,,,,,,,,0.08,0.04,0.12,0.22,0.0,0.0,0.0,0.0,0.0,3,1,24,0,0,0,0,0,0,0,0,0,0,0,0,4,314,58,0,0.02,0.01,0.03,0.06,0.0,0.0,0.0,0.0,0,0,0,0
260,Harry,Wilson,Wilson,a,,,6.4,47,32,3.9,89,29,1.3,220,103,0,0,0,-1,1,461,11605,0.2,0.6,1.3,1.3,1.3,250,115,,,209,83,90,56,150,74,164,78,2.0,,,,,,,0.01,0.04,0.05,1.86,0.0,0.71,0.0,0.71,6.38,3,0,17,0,0,0,0,0,0,0,1,0,0,0,0,0,498,12861,0,0.0,0.0,0.0,0.97,0.0,0.0,0.0,0.0,0,0,1,1
326,Lucas Estella,Perri,Perri,u,Has joined Torino on loan for the rest of the season,,4.5,459,34,0.4,267,35,0.0,453,55,0,0,0,0,0,0,1092,0.0,0.0,0.0,0.0,0.0,453,55,0.0,0.0,416,55,411,36,346,35,426,55,,,,,,,,0.0,0.0,0.0,0.0,0.0,0.0,0.0,0.0,0.0,3,0,0,0,0,0,0,0,0,0,0,0,0,0,0,0,0,1152,0,0.0,0.0,0.0,0.0,0.0,0.0,0.0,0.0,0,0,0,0
327,Jaka,Bijol,Bijol,a,,,5.0,298,52,0.9,199,77,4.0,64,27,1,0,0,0,0,754,1427,0.8,2.4,4.0,4.0,4.0,77,31,,,131,59,298,111,115,35,179,66,,,,,,,,0.06,0.0,0.06,1.58,0.0,0.55,1.1,1.1,11.52,3,1,29,0,0,0,1,0,0,0,0,0,0,0,0,1,817,1529,0,0.0,0.0,0.0,1.67,0.0,0.0,0.0,0.0,2,2,0,4
329,Joe,Rodon,Rodon,i,Hamstring injury - Expected back 21 Nov,,4.5,462,102,2.1,125,51,2.3,134,52,0,0,0,0,0,18,14785,0.5,1.6,0.0,0.0,3.5,97,34,0.0,0.0,164,76,151,46,165,57,185,69,,,,,,,,0.02,0.04,0.06,0.74,0.0,0.73,0.0,1.46,8.05,3,0,0,0,0,0,0,0,0,0,0,0,0,0,0,0,26,18085,0,0.0,0.0,0.0,0.0,0.0,0.0,0.0,0.0,0,0,0,0
330,Jayden,Bogle,Bogle,a,,,4.5,471,110,0.6,241,89,7.3,7,1,14,0,0,0,0,5009,522,1.6,4.9,7.3,7.3,7.3,18,7,,,150,68,165,50,197,70,188,71,,,,,,,,0.37,0.01,0.38,0.66,0.0,0.83,0.41,1.24,4.56,3,14,60,1,0,1,0,0,0,0,1,0,0,1,3,30,5052,574,0,0.9,0.019999999999999997,0.92,0.19000000000000017,0.0,0.0,0.0,0.0,0,1,0,1
331,Gabriel,Gudmundsson,Gudmundsson,a,,,4.5,481,116,0.0,497,173,0.7,268,94,2,0,0,0,0,92,48,0.2,0.4,0.7,0.7,2.0,180,69,100.0,100.0,425,170,422,170,359,155,435,170,,,,,,,,0.0,0.0,0.0,1.86,0.0,0.0,1.0,1.0,5.0,3,2,90,0,0,0,1,0,0,0,0,0,0,1,0,9,99,49,0,0.0,0.0,0.0,1.86,0.0,0.0,0.0,0.0,3,2,9,5
332,James,Justin,Justin,a,,,4.5,466,106,1.5,148,63,5.3,34,14,4,0,0,0,0,2544,1526,1.2,3.6,5.3,5.3,5.3,46,18,,,61,24,154,47,137,45,113,40,,,,,,,,0.05,0.01,0.06,1.4,0.0,0.33,0.67,1.0,10.0,3,4,90,0,0,0,1,0,0,0,0,0,0,1,0,9,2818,1691,0,0.13,0.0,0.13,1.8600000000000003,0.0,0.0,0.0,0.0,3,7,4,10
333,Sebastiaan,Bornauw,Bornauw,u,Has joined Hamburg SV on loan for the rest of the season,,4.5,491,125,0.0,638,212,0.0,467,181,0,0,0,0,0,0,9,0.0,0.0,0.0,0.0,0.0,467,181,0.0,0.0,431,175,428,175,367,162,441,175,,,,,,,,0.0,0.0,0.0,0.0,0.0,0.0,0.0,0.0,0.0,3,0,0,0,0,0,0,0,0,0,0,0,0,0,0,0,0,10,0,0.0,0.0,0.0,0.0,0.0,0.0,0.0,0.0,0,0,0,0
334,Tarik,Muharemović,Muharemović,a,,,5.0,345,63,3.3,99,38,4.7,45,19,4,0,0,0,0,3822,4446,0.9,2.8,4.7,4.7,4.7,63,26,,,22,6,268,94,93,24,84,25,,,,,,,,0.03,0.01,0.04,1.4,0.0,0.33,0.67,1.0,13.0,3,4,90,0,0,0,1,0,0,0,0,0,0,1,0,10,4240,5178,0,0.0,0.01,0.009999999999999995,1.8600000000000003,0.0,0.0,0.0,0.0,1,12,2,13
335,Anton,Stach,Stach,a,,,6.0,76,51,3.0,107,31,6.3,21,10,2,0,0,0,0,4464,4090,1.0,3.2,6.3,6.3,6.3,32,15,,,14,9,130,79,91,49,54,36,1.0,1.0,,,,,,0.16,0.05,0.21,1.4,0.0,0.33,0.67,1.0,12.67,3,2,90,0,0,0,1,0,0,0,0,0,0,1,0,7,4995,4474,0,0.31999999999999995,0.1,0.42000000000000004,1.8600000000000003,0.0,0.0,0.0,0.0,2,2,2,6
336,Noah,Okafor,Okafor,a,,,5.9,98,63,0.3,288,96,2.0,174,80,3,0,0,-1,1,217,563,0.3,1.0,2.0,2.0,2.0,209,96,,,200,79,120,74,122,62,167,81,,,,,,,,0.05,0.11,0.16,0.62,0.0,0.59,0.59,1.18,4.12,3,3,61,0,0,1,0,0,0,0,0,0,0,1,0,9,229,651,0,0.0,0.009999999999999981,0.010000000000000009,0.19000000000000006,0.0,0.0,0.0,0.0,0,0,0,0
337,Brenden,Aaronson,Aaronson,a,,,5.4,211,131,0.7,231,79,1.7,187,86,1,-1,1,-1,1,177,1084,0.3,0.9,1.7,1.7,1.7,223,102,,,232,96,262,136,176,87,263,118,,3.0,,,,,,0.01,0.01,0.02,1.64,0.0,0.58,1.17,1.17,5.84,3,1,28,0,0,0,1,0,0,0,0,0,0,0,0,5,189,1217,0,0.0,0.0,0.0,1.67,0.0,0.0,0.0,0.0,0,0,0,0
338,Ethan,Ampadu,Ampadu,a,,,5.5,134,82,1.1,178,55,3.0,111,44,2,0,0,0,0,340,1353,0.5,1.6,3.0,3.0,3.0,132,53,,,101,36,52,41,251,123,102,53,,,,,,,,0.0,0.05,0.05,1.4,0.0,0.33,0.67,1.0,11.33,3,2,90,0,0,0,1,0,0,0,0,0,0,1,0,11,354,1541,0,0.0,0.010000000000000009,0.009999999999999981,1.8600000000000003,0.0,0.0,0.0,0.0,4,6,1,11
339,Sean,Longstaff,Longstaff,a,,,4.9,387,235,0.1,419,165,0.3,331,150,0,-1,1,-1,1,102,156,0.1,0.2,0.3,0.3,1.0,283,119,,,494,189,323,164,440,155,503,193,3.0,2.0,,,,,,0.0,0.0,0.0,0.79,0.0,0.0,0.0,0.0,0.0,3,0,0,0,0,0,0,0,0,0,0,0,0,0,0,0,105,176,0,0.0,0.0,0.0,0.0,0.0,0.0,0.0,0.0,0,0,0,0
341,Wilfried,Gnonto,Gnonto,u,Has joined ACF Fiorentina on loan for the rest of the season,,5.0,328,195,0.0,590,246,0.0,579,241,0,0,0,0,0,0,88,0.0,0.0,0.0,0.0,0.0,579,241,0.0,0.0,555,227,561,233,525,204,563,230,,,,,,,,0.0,0.0,0.0,0.0,0.0,0.0,0.0,0.0,0.0,3,0,0,0,0,0,0,0,0,0,0,0,0,0,0,0,0,89,0,0.0,0.0,0.0,0.0,0.0,0.0,0.0,0.0,0,0,0,0
342,Jack,Harrison,Harrison,u,Has joined New England Revolution permanently,,5.0,278,171,0.0,651,289,0.0,556,229,0,0,0,0,0,0,1,0.0,0.0,0.0,0.0,0.0,556,229,0.0,0.0,530,213,531,218,487,184,537,215,,,,,,,,0.0,0.0,0.0,0.0,0.0,0.0,0.0,0.0,0.0,3,0,0,0,0,0,0,0,0,0,0,0,0,0,0,0,0,1,0,0.0,0.0,0.0,0.0,0.0,0.0,0.0,0.0,0,0,0,0
343,Daniel,James,James,a,,,5.0,262,162,0.1,414,162,0.3,339,153,0,0,0,0,0,114,142,0.1,0.2,0.3,0.3,1.0,295,125,,,527,211,280,143,128,65,292,131,,,,,,,,0.98,0.04,1.02,3.8,0.0,0.0,0.0,0.0,8.18,3,0,0,0,0,0,0,0,0,0,0,0,0,0,0,0,124,160,0,0.0,0.0,0.0,0.0,0.0,0.0,0.0,0.0,0,0,0,0
344,Ilia,Gruev,Gruev,d,Knee injury - 25% chance of playing,,5.0,319,189,0.0,630,274,0.0,573,237,0,0,0,0,0,1,5,0.0,0.0,0.0,0.0,0.0,573,237,25.0,25.0,548,222,554,228,516,198,556,225,,,,,,,,0.0,0.0,0.0,0.0,0.0,0.0,0.0,0.0,0.0,3,0,0,0,0,0,0,0,0,0,0,0,0,0,0,0,1,5,0,0.0,0.0,0.0,0.0,0.0,0.0,0.0,0.0,0,0,0,0
345,Tanaka,Ao,Tanaka,a,,,4.9,396,242,0.2,334,120,2.0,155,66,5,0,0,-1,1,504,265,0.4,1.2,2.0,2.0,3.0,121,49,,,175,67,253,133,447,160,246,110,4.0,,,,,,,0.41,0.02,0.43,1.55,0.0,0.0,0.77,0.77,14.62,3,5,72,0,1,0,1,0,0,0,0,0,0,1,0,18,517,286,0,0.53,0.01,0.54,0.8900000000000001,0.0,0.0,0.0,0.0,2,3,3,8
346,Dominic,Calvert-Lewin,Calvert-Lewin,a,,,6.0,62,14,25.8,9,3,3.3,96,9,1,0,0,0,0,11442,45356,0.6,1.7,3.3,3.3,3.3,111,13,,,100,9,213,28,37,12,90,13,,,1.0,,,,,0.67,0.03,0.7,1.15,0.0,0.36,0.71,1.07,3.21,3,1,72,0,0,0,1,0,0,0,1,0,0,1,0,0,12715,51029,0,0.8299999999999998,0.06,0.8899999999999999,0.8900000000000001,0.0,0.0,0.0,0.0,0,1,2,3
347,Lukas,Nmecha,Nmecha,a,,,5.5,130,34,0.5,255,43,1.7,189,17,1,0,0,0,0,368,621,0.3,0.9,1.7,1.7,2.5,156,18,,,186,15,123,11,191,32,186,22,,,2.0,,,,,0.5,0.33,0.83,4.5,0.0,0.0,0.0,0.0,2.37,3,1,17,0,0,0,0,0,0,0,0,0,0,0,0,2,406,675,0,0.10999999999999999,0.14,0.24999999999999997,0.9699999999999999,0.0,0.0,0.0,0.0,0,0,0,0
348,Joël,Piroe,Piroe,u,Has joined West Ham United on loan for the rest of the season,,5.0,289,55,0.1,445,63,0.0,561,59,0,0,0,0,0,0,185,0.0,0.0,0.0,0.0,0.0,561,59,0.0,0.0,536,50,537,55,494,52,543,55,,,3.0,,,,,0.0,0.0,0.0,0.0,0.0,0.0,0.0,0.0,0.0,3,0,0,0,0,0,0,0,0,0,0,0,0,0,0,0,0,195,0,0.0,0.0,0.0,0.0,0.0,0.0,0.0,0.0,0,0,0,0
349,Mateo,Joseph Fernández-Regatillo,Mateo Joseph,i,Knee injury - Unknown return date,,4.5,537,72,0.1,490,67,0.0,496,51,0,0,0,0,0,83,130,0.0,0.0,0.0,0.0,0.0,496,51,0.0,0.0,462,42,463,47,406,44,472,47,,,,,,,,0.0,0.0,0.0,0.0,0.0,0.0,0.0,0.0,0.0,3,0,0,0,0,0,0,0,0,0,0,0,0,0,0,0,97,137,0,0.0,0.0,0.0,0.0,0.0,0.0,0.0,0.0,0,0,0,0
385,James,Trafford,Trafford,a,,,5.0,296,12,5.2,71,10,5.0,41,2,3,0,0,0,0,5718,3120,1.0,3.0,5.0,5.0,5.0,53,3,,,39,7,542,62,500,62,150,7,,,,,,,,0.0,0.0,0.0,1.4,3.67,0.33,0.67,1.0,0.0,3,3,90,0,0,0,1,0,0,0,0,0,4,1,0,17,6249,3538,0,0.0,0.0,0.0,1.8600000000000003,0.0,0.0,0.0,0.0,0,2,11,0
598,Nico,Elvedi,Elvedi,a,,,4.5,452,95,0.0,539,187,1.7,179,66,4,0,0,0,0,103,39,0.4,1.1,1.7,1.7,2.5,150,56,,,202,84,279,100,184,63,243,90,,,,,,,,0.0,0.27,0.27,1.96,0.0,0.0,1.23,0.62,9.86,3,4,90,0,0,0,1,0,0,0,0,0,0,1,0,12,114,44,0,0.0,0.44,0.44,1.86,0.0,0.0,0.0,0.0,0,10,0,10
603,Jayden,Lienou,Lienou,a,,,4.0,650,212,0.1,430,150,0.0,434,165,0,0,0,0,0,207,103,0.0,0.0,0.0,0.0,0.0,434,165,,,395,157,387,155,315,132,405,157,,,,,,,,0.0,0.0,0.0,0.0,0.0,0.0,0.0,0.0,0.0,3,0,0,0,0,0,0,0,0,0,0,0,0,0,0,0,223,109,0,0.0,0.0,0.0,0.0,0.0,0.0,0.0,0.0,0,0,0,0
604,Alfie,Cresswell,Cresswell,a,,,4.5,548,279,0.1,396,151,0.0,504,197,0,0,0,0,0,485,201,0.0,0.0,0.0,0.0,0.0,504,197,,,470,177,471,186,415,144,480,182,,,,,,,,0.0,0.0,0.0,0.0,0.0,0.0,0.0,0.0,0.0,3,0,0,0,0,0,0,0,0,0,0,0,0,0,0,0,520,210,0,0.0,0.0,0.0,0.0,0.0,0.0,0.0,0.0,0,0,0,0
625,Alex,Cairns,Cairns,a,,,4.0,583,56,0.1,376,43,0.0,387,30,0,0,0,0,0,935,130,0.0,0.0,0.0,0.0,0.0,387,30,,,348,30,338,9,260,8,357,30,,,,,,,,0.0,0.0,0.0,0.0,0.0,0.0,0.0,0.0,0.0,3,0,0,0,0,0,0,0,0,0,0,0,0,0,0,0,1044,153,0,0.0,0.0,0.0,0.0,0.0,0.0,0.0,0.0,0,0,0,0
629,Michael,Zetterer,Zetterer,a,,,4.0,588,58,0.2,317,38,0.0,391,32,0,0,0,0,0,2712,253,0.0,0.0,1.0,1.0,0.0,391,32,,,352,32,342,11,264,10,361,32,,,,,,,,0.0,0.0,0.0,0.0,0.0,0.0,0.0,0.0,0.0,3,0,0,0,0,0,0,0,0,0,0,0,0,0,0,0,2951,281,0,0.0,0.0,0.0,0.0,0.0,0.0,0.0,0.0,0,0,0,0
641,Melvin,Bard,Bard,a,,,4.5,490,124,0.0,637,211,0.0,466,180,0,0,0,0,0,49,14,0.0,0.0,1.8,1.8,0.0,466,180,,,430,174,427,174,366,161,440,174,,,,,,,,0.0,0.0,0.0,0.0,0.0,0.0,0.0,0.0,0.0,3,0,0,0,0,0,0,0,0,0,0,0,0,0,0,0,51,14,0,0.0,0.0,0.0,0.0,0.0,0.0,0.0,0.0,0,0,0,0
648,Jean-Mattéo,Bahoya,Bahoya,a,,,5.0,363,221,0.0,598,253,0.0,593,250,0,0,0,0,0,183,42,0.0,0.0,1.5,1.5,0.0,593,250,,,571,238,577,243,546,219,579,241,,,,,,,,0.0,0.0,0.0,0.0,0.0,0.0,0.0,0.0,0.0,3,0,0,0,0,0,0,0,0,0,0,0,0,0,0,0,193,44,0,0.0,0.0,0.0,0.0,0.0,0.0,0.0,0.0,0,0,0,0
350,Alisson,Becker,A.Becker,a,,,5.5,124,3,3.7,91,14,3.3,89,7,8,0,0,0,0,3472,2883,0.6,1.8,3.3,3.3,3.3,107,7,,,151,16,605,69,586,69,230,16,,,,,,,,0.0,0.0,0.0,1.54,3.0,0.33,1.33,1.0,0.0,3,8,90,0,0,1,0,0,0,0,0,0,5,1,1,35,3856,3227,0,0.0,0.0,0.0,0.75,0.0,0.0,0.0,0.0,0,2,14,0
351,Giorgi,Mamardashvili,Mamardashvili,a,,,4.9,402,21,0.1,381,45,0.0,535,67,0,0,0,-1,1,115,360,0.0,0.0,0.0,0.0,0.0,535,67,,,505,67,505,55,453,54,514,67,,,,,,,,0.0,0.0,0.0,0.0,0.0,0.0,0.0,0.0,0.0,3,0,0,0,0,0,0,0,0,0,0,0,0,0,0,0,123,364,0,0.0,0.0,0.0,0.0,0.0,0.0,0.0,0.0,0,0,0,0
352,Freddie,Woodman,Woodman,a,,,4.0,589,59,1.1,185,29,0.0,392,33,0,0,0,0,0,441,695,0.0,0.0,0.0,0.0,0.0,392,33,,,353,33,343,12,265,11,362,33,,,,,,,,0.0,0.0,0.0,0.0,0.0,0.0,0.0,0.0,0.0,3,0,0,0,0,0,0,0,0,0,0,0,0,0,0,0,473,745,0,0.0,0.0,0.0,0.0,0.0,0.0,0.0,0.0,0,0,0,0
353,Armin,Pecsi,Pecsi,u,Has joined TSV Hartberg on loan for the rest of the season,,4.0,644,71,0.0,563,66,0.0,430,45,0,0,0,0,0,0,21,0.0,0.0,0.0,0.0,0.0,430,45,0.0,0.0,391,45,383,24,310,23,401,45,,,,,,,,0.0,0.0,0.0,0.0,0.0,0.0,0.0,0.0,0.0,3,0,0,0,0,0,0,0,0,0,0,0,0,0,0,0,0,23,0,0.0,0.0,0.0,0.0,0.0,0.0,0.0,0.0,0,0,0,0
354,Vitezslav,Jaros,Jaros,i,Knee injury - Unknown return date,,4.0,608,64,0.0,575,68,0.0,402,38,0,0,0,0,0,109,37,0.0,0.0,0.0,0.0,0.0,402,38,0.0,0.0,363,38,355,17,279,16,373,38,,,,,,,,0.0,0.0,0.0,0.0,0.0,0.0,0.0,0.0,0.0,3,0,0,0,0,0,0,0,0,0,0,0,0,0,0,0,138,48,0,0.0,0.0,0.0,0.0,0.0,0.0,0.0,0.0,0,0,0,0
355,Harvey,Davies,Davies,a,,,4.0,618,67,0.2,361,40,0.0,407,41,0,0,0,0,0,158,115,0.0,0.0,0.0,0.0,0.0,407,41,,,368,41,360,20,285,19,378,41,,,,,,,,0.0,0.0,0.0,0.0,0.0,0.0,0.0,0.0,0.0,3,0,0,0,0,0,0,0,0,0,0,0,0,0,0,0,177,126,0,0.0,0.0,0.0,0.0,0.0,0.0,0.0,0.0,0,0,0,0
356,Virgil,van Dijk,Virgil,a,,,6.5,33,2,17.3,22,7,3.0,113,47,6,0,0,0,0,5499,13553,0.5,1.4,3.0,3.0,3.0,137,54,,,55,18,203,66,73,16,96,34,,,,,,,,0.08,0.02,0.1,1.54,0.0,0.33,1.33,1.0,8.33,3,6,90,0,0,1,0,0,0,0,0,0,0,1,0,32,6259,15309,0,0.0,0.019999999999999997,0.020000000000000018,0.75,0.0,0.0,0.0,0.0,3,4,4,7
357,Jeremie,Frimpong,Frimpong,a,,,5.5,143,17,2.8,109,44,0.3,365,130,0,0,0,0,0,577,16568,0.1,0.2,0.3,0.3,0.5,375,131,,,147,65,29,5,119,36,76,22,,,,,,,,0.01,0.06,0.07,2.14,0.0,0.0,2.25,1.12,4.5,3,0,0,0,0,0,0,0,0,0,0,0,0,0,0,0,829,17452,0,0.0,0.0,0.0,0.0,0.0,0.0,0.0,0.0,0,0,0,0
358,Milos,Kerkez,Kerkez,a,,,5.5,184,26,2.9,108,43,2.0,172,64,5,0,0,0,0,1244,4320,0.4,1.1,2.0,2.0,2.0,207,75,,,84,37,94,29,134,42,98,35,,,,,,,,0.01,0.02,0.03,1.64,0.0,0.36,1.44,1.08,7.2,3,5,90,0,0,1,0,0,0,0,1,0,0,1,0,23,1439,4791,0,0.0,0.03,0.03,0.7499999999999996,0.0,0.0,0.0,0.0,2,3,1,5
359,Joe,Gomez,Gomez,i,Muscular injury - Unknown return date,,5.0,256,39,0.0,582,198,0.0,551,200,0,0,0,0,0,4,25,0.0,0.0,0.0,0.0,0.0,551,200,0.0,0.0,524,199,524,199,479,192,532,199,,,,,,,,0.0,0.0,0.0,0.0,0.0,0.0,0.0,0.0,0.0,3,0,0,0,0,0,0,0,0,0,0,0,0,0,0,0,4,26,0,0.0,0.0,0.0,0.0,0.0,0.0,0.0,0.0,0,0,0,0
360,Conor,Bradley,Bradley,i,Knee injury - Unknown return date,,5.0,327,61,0.0,601,203,0.0,578,207,0,0,0,0,0,6,27,0.0,0.0,0.0,0.0,0.0,578,207,0.0,0.0,554,206,560,206,524,202,562,206,,,,,,,,0.0,0.0,0.0,0.0,0.0,0.0,0.0,0.0,0.0,3,0,0,0,0,0,0,0,0,0,0,0,0,0,0,0,7,28,0,0.0,0.0,0.0,0.0,0.0,0.0,0.0,0.0,0,0,0,0
361,Wellity,Lucky,Lucky,a,,,4.0,629,192,0.1,399,144,0.0,418,150,0,0,0,0,0,150,175,0.0,0.0,0.0,0.0,0.0,418,150,,,379,142,371,140,296,114,389,142,,,,,,,,0.0,0.0,0.0,0.0,0.0,0.0,0.0,0.0,0.0,3,0,0,0,0,0,0,0,0,0,0,0,0,0,0,0,158,182,0,0.0,0.0,0.0,0.0,0.0,0.0,0.0,0.0,0,0,0,0
362,Jeremy,Jacquet,Jacquet,a,,,5.0,364,65,2.6,111,45,3.0,108,44,5,0,0,0,0,6176,3806,0.6,1.8,3.0,3.0,3.0,128,50,100.0,100.0,79,33,91,28,235,88,116,42,,,,,,,,0.0,0.04,0.04,1.54,0.0,0.38,1.53,1.15,8.81,3,5,90,0,0,1,0,0,0,0,1,0,0,1,0,28,6803,4175,0,0.0,0.03,0.03,0.7499999999999996,0.0,0.0,0.0,0.0,3,6,3,9
363,Giovanni,Leoni,Leoni,i,Knee injury - Unknown return date,,4.0,651,213,0.0,519,179,0.0,435,166,0,0,0,0,0,37,55,0.0,0.0,0.0,0.0,0.0,435,166,0.0,0.0,396,158,388,156,316,133,406,158,,,,,,,,0.0,0.0,0.0,0.0,0.0,0.0,0.0,0.0,0.0,3,0,0,0,0,0,0,0,0,0,0,0,0,0,0,0,40,60,0,0.0,0.0,0.0,0.0,0.0,0.0,0.0,0.0,0,0,0,0
364,Kostas,Tsimikas,Tsimikas,a,,,5.0,272,42,0.1,462,162,0.3,340,124,0,0,0,0,0,37,215,0.1,0.2,0.3,0.3,1.0,296,117,,,295,112,274,98,156,51,281,102,,,,,,,,0.19,0.05,0.24,0.33,0.0,0.0,0.0,0.0,0.0,3,0,0,0,0,0,0,0,0,0,0,0,0,0,0,0,41,226,0,0.0,0.0,0.0,0.0,0.0,0.0,0.0,0.0,0,0,0,0
365,Calvin,Ramsay,Ramsay,u,Has joined St Mirren on loan for the rest of the season,,4.0,622,187,0.1,400,145,0.0,411,145,0,0,0,0,0,0,278,0.0,0.0,0.0,0.0,0.0,411,145,0.0,0.0,372,137,364,135,289,109,382,137,,,,,,,,0.0,0.0,0.0,0.0,0.0,0.0,0.0,0.0,0.0,3,0,0,0,0,0,0,0,0,0,0,0,0,0,0,0,0,303,0,0.0,0.0,0.0,0.0,0.0,0.0,0.0,0.0,0,0,0,0
366,Florian,Wirtz,Wirtz,a,,,7.4,21,13,9.3,47,19,3.0,114,45,3,-1,1,-1,1,1336,47828,0.4,1.2,3.0,3.0,3.0,140,58,,,107,40,46,36,33,21,35,28,3.0,2.0,4.0,,,,,0.25,0.11,0.36,1.29,0.0,0.37,1.49,1.12,7.07,3,3,90,0,0,1,0,0,0,0,0,0,0,1,0,14,2813,49381,0,0.18000000000000005,0.04999999999999999,0.22999999999999998,0.6499999999999999,0.0,0.0,0.0,0.0,0,0,4,4
367,Cody,Gakpo,Gakpo,a,,,7.1,24,15,9.6,42,16,9.3,1,1,11,0,0,1,-1,110351,4974,1.3,3.9,9.3,9.3,9.3,9,5,,,23,13,16,15,40,24,18,14,2.0,,3.0,,,,,0.13,0.43,0.56,1.64,0.0,0.36,1.44,1.08,9.0,3,11,90,0,2,1,0,0,0,0,0,0,0,1,2,43,113315,6566,0,0.06,0.3999999999999999,0.45999999999999996,0.7499999999999996,0.0,0.0,0.0,0.0,3,2,5,10
368,Dominik,Szoboszlai,Szoboszlai,a,,,7.0,27,18,40.7,5,2,5.0,43,21,3,0,0,0,0,12317,70655,0.7,2.1,5.0,5.0,5.0,61,28,,,15,10,7,7,78,44,9,8,1.0,1.0,1.0,,,,,0.39,0.17,0.56,1.54,0.0,0.33,1.33,1.0,9.67,3,3,90,0,0,1,0,0,0,0,0,0,0,1,0,20,16969,73869,0,0.15999999999999992,0.08000000000000002,0.24,0.75,0.0,0.0,0.0,0.0,0,3,6,9
369,Rio,Ngumoha,Ngumoha,a,,,5.9,114,74,0.7,225,73,1.0,254,120,0,0,0,-1,1,216,4690,0.2,0.5,1.0,1.0,1.5,239,111,,,280,128,197,109,181,90,266,119,,,,,,,,0.04,0.06,0.1,0.64,0.0,0.0,2.22,1.11,3.33,3,0,0,0,0,0,0,0,0,0,0,0,0,0,0,0,246,4941,0,0.0,0.0,0.0,0.0,0.0,0.0,0.0,0.0,0,0,0,0
370,Federico,Chiesa,Chiesa,i,Back injury - Unknown return date,,5.4,206,127,0.1,478,191,0.0,606,257,0,0,0,-1,1,6,255,0.0,0.0,0.0,0.0,0.0,606,257,0.0,0.0,584,245,591,251,564,230,592,248,,,,,,,,0.0,0.0,0.0,0.0,0.0,0.0,0.0,0.0,0.0,3,0,0,0,0,0,0,0,0,0,0,0,0,0,0,0,6,267,0,0.0,0.0,0.0,0.0,0.0,0.0,0.0,0.0,0,0,0,0
371,Ryan,Gravenberch,Gravenberch,a,,,6.0,72,49,1.6,145,43,2.3,147,65,1,0,0,0,0,725,7089,0.4,1.2,2.3,2.3,2.3,171,77,,,137,50,88,55,208,100,144,70,,,,,,,,0.04,0.04,0.08,0.99,0.0,0.0,1.48,0.74,10.33,3,1,26,0,0,0,0,0,0,0,0,0,0,0,0,2,800,7288,0,0.0,0.0,0.0,0.17000000000000015,0.0,0.0,0.0,0.0,0,1,1,2
372,Alexis,Mac Allister,Mac Allister,a,,,5.5,147,88,1.4,152,45,1.7,191,88,2,0,0,0,0,1200,2766,0.3,0.9,1.7,1.7,1.7,225,103,,,185,71,190,106,596,250,226,100,,,5.0,,,,,0.04,0.2,0.24,1.89,0.0,0.48,0.97,0.97,11.61,3,2,83,0,0,1,0,0,0,0,1,0,0,1,0,14,1271,2909,0,0.08,0.019999999999999962,0.09999999999999998,0.6000000000000001,0.0,0.0,0.0,0.0,3,3,5,11
373,Curtis,Jones,C.Jones,u,Has joined Internazionale permanently,,5.5,140,85,0.0,545,223,0.0,619,265,0,0,0,0,0,0,62,0.0,0.0,0.0,0.0,0.0,619,265,0.0,0.0,606,259,610,260,594,248,611,260,,,,,,,,0.0,0.0,0.0,0.0,0.0,0.0,0.0,0.0,0.0,3,0,0,0,0,0,0,0,0,0,0,0,0,0,0,0,0,67,0,0.0,0.0,0.0,0.0,0.0,0.0,0.0,0.0,0,0,0,0
374,Endo,Wataru,Endo,a,,,5.0,254,157,0.1,475,189,0.0,550,225,0,0,0,0,0,84,194,0.0,0.0,0.0,0.0,0.0,550,225,100.0,100.0,523,208,523,214,478,179,531,211,,,,,,,,0.0,0.0,0.0,0.0,0.0,0.0,0.0,0.0,0.0,3,0,0,0,0,0,0,0,0,0,0,0,0,0,0,0,87,201,0,0.0,0.0,0.0,0.0,0.0,0.0,0.0,0.0,0,0,0,0
375,Trey,Nyoni,Nyoni,a,,,4.9,417,254,0.0,517,214,0.7,277,127,1,-1,1,-1,1,82,104,0.1,0.4,0.7,0.7,1.0,289,121,,,257,114,240,127,462,169,295,132,,,,,,,,0.0,0.0,0.0,1.04,0.0,0.0,0.0,0.0,23.68,3,1,6,0,0,0,0,0,0,0,0,0,0,0,0,3,86,107,0,0.0,0.0,0.0,0.15,0.0,0.0,0.0,0.0,0,0,0,0
376,Stefan,Bajčetić Maquieira,Bajcetic,u,Has joined Celta Vigo permanently,,5.0,348,208,0.0,647,285,0.0,587,245,0,0,0,0,0,0,3,0.0,0.0,0.0,0.0,0.0,587,245,0.0,0.0,563,231,570,237,535,209,571,234,,,,,,,,0.0,0.0,0.0,0.0,0.0,0.0,0.0,0.0,0.0,3,0,0,0,0,0,0,0,0,0,0,0,0,0,0,0,0,3,0,0.0,0.0,0.0,0.0,0.0,0.0,0.0,0.0,0,0,0,0
377,Victor,Munoz,Munoz,a,,,6.5,46,31,1.3,159,48,4.3,57,27,3,0,0,0,0,2701,4322,0.7,2.0,4.3,4.3,4.3,73,33,,,71,28,100,62,39,23,49,35,,,,,,,,0.21,0.12,0.33,1.98,0.0,0.5,1.0,1.0,5.5,3,3,63,0,0,1,0,0,0,0,0,0,0,1,0,9,3729,4499,0,0.0,0.01999999999999999,0.020000000000000018,0.5800000000000001,0.0,0.0,0.0,0.0,0,0,4,4
2,Kepa,Arrizabalaga Revuelta,Arrizabalaga,a,,,4.9,384,18,0.1,458,52,0.0,524,65,0,-1,1,-1,1,70,102,0.0,0.0,0.0,0.0,0.0,524,65,,,491,65,492,52,437,51,500,65,,,,,,,,0.0,0.0,0.0,0.0,0.0,0.0,0.0,0.0,0.0,3,0,0,0,0,0,0,0,0,0,0,0,0,0,0,0,72,109,0,0.0,0.0,0.0,0.0,0.0,0.0,0.0,0.0,0,0,0,0
378,James,McConnell,McConnell,a,,,4.5,512,268,0.2,318,113,0.0,474,187,0,0,0,0,0,189,329,0.0,0.0,0.0,0.0,0.0,474,187,,,438,167,440,176,382,134,448,172,,,,,,,,0.0,0.0,0.0,0.0,0.0,0.0,0.0,0.0,0.0,3,0,0,0,0,0,0,0,0,0,0,0,0,0,0,0,200,346,0,0.0,0.0,0.0,0.0,0.0,0.0,0.0,0.0,0,0,0,0
379,Alexander,Isak,Isak,a,,,9.0,5,2,16.9,23,4,7.7,6,2,13,0,0,0,0,72166,9486,0.9,2.6,7.7,7.7,7.7,17,3,,,72,6,106,10,1,1,10,2,,,2.0,,,,,0.85,0.02,0.87,1.65,0.0,0.37,1.48,1.11,1.85,3,13,63,2,0,1,0,0,0,0,0,0,0,1,3,61,74569,11839,0,0.20999999999999996,0.049999999999999996,0.26000000000000023,0.5800000000000001,0.0,0.0,0.0,0.0,0,1,2,3
380,Hugo,Ekitiké,Ekitiké,i,Achilles injury - Unknown return date,,7.5,19,7,0.1,406,57,0.0,650,77,0,0,0,0,0,108,492,0.0,0.0,0.0,0.0,0.0,650,77,0.0,0.0,650,77,650,77,650,77,650,77,,,,,,,,0.0,0.0,0.0,0.0,0.0,0.0,0.0,0.0,0.0,3,0,0,0,0,0,0,0,0,0,0,0,0,0,0,0,111,499,0,0.0,0.0,0.0,0.0,0.0,0.0,0.0,0.0,0,0,0,0
381,Lewis,Koumas,Koumas,a,,,5.0,342,204,0.0,553,227,0.7,286,131,1,0,0,0,0,28,45,0.1,0.4,0.7,0.7,1.0,307,133,,,323,146,308,155,171,83,296,133,,,,,,,,0.21,0.0,0.21,4.02,0.0,0.0,0.0,0.0,6.92,3,1,1,0,0,0,0,0,0,0,0,0,0,0,0,3,28,47,0,0.0,0.0,0.0,0.09999999999999998,0.0,0.0,0.0,0.0,0,0,0,0
382,Jayden,Danns,Danns,a,,,4.5,516,67,0.1,460,65,0.0,478,47,0,0,0,0,0,1159,264,0.0,0.0,0.0,0.0,0.0,478,47,100.0,100.0,442,37,444,43,386,39,452,42,,,,,,,,0.0,0.0,0.0,0.0,0.0,0.0,0.0,0.0,0.0,3,0,0,0,0,0,0,0,0,0,0,0,0,0,0,0,1225,271,0,0.0,0.0,0.0,0.0,0.0,0.0,0.0,0.0,0,0,0,0
383,Harvey,Elliott,Elliott,u,Has joined Valencia on loan for the rest of the season,,5.4,214,134,0.1,493,198,0.0,607,258,0,0,0,-1,1,0,410,0.0,0.0,0.0,0.0,0.0,607,258,0.0,0.0,586,247,592,252,567,233,593,249,,,,,,,,0.0,0.0,0.0,0.0,0.0,0.0,0.0,0.0,0.0,3,0,0,0,0,0,0,0,0,0,0,0,0,0,0,0,0,421,0,0.0,0.0,0.0,0.0,0.0,0.0,0.0,0.0,0,0,0,0
579,Ronald,Araujo,Araujo,a,,,5.4,215,30,2.1,124,50,3.0,110,45,8,0,0,-1,1,3901,2246,0.6,1.7,3.0,3.0,3.0,130,51,,,183,80,223,71,568,206,249,92,,,,,,,,0.0,0.04,0.04,1.0,0.0,0.73,0.0,0.73,10.98,3,8,90,0,0,1,0,0,0,0,0,0,0,1,0,27,3961,2595,0,0.0,0.010000000000000002,0.010000000000000002,0.7500000000000001,0.0,0.0,0.0,0.0,1,9,1,10
627,Bradley,Barcola,Barcola,a,,,8.0,8,5,1.4,153,46,1.0,258,123,1,0,0,0,0,15906,4420,0.1,0.1,2.8,2.8,1.0,363,174,,,652,289,652,289,652,289,652,289,,,,,,,,0.0,0.24,0.24,0.59,0.0,0.0,0.0,0.0,0.0,3,1,26,0,0,0,0,0,0,0,0,0,0,0,0,5,17157,4761,0,0.0,0.07,0.07,0.17,0.0,0.0,0.0,0.0,0,0,0,0
155,Enzo,Fernández,Enzo,a,,,6.9,30,19,3.3,97,30,1.3,222,104,3,0,0,-1,1,3795,6189,0.2,0.6,1.3,1.3,2.0,216,99,,,298,135,171,101,646,286,279,125,,,,,,,,0.12,0.13,0.25,1.05,0.0,0.9,0.0,0.9,5.4,3,3,75,0,0,1,0,0,0,0,0,0,0,1,0,17,4020,6798,0,0.13,0.12000000000000001,0.25,0.8899999999999999,0.0,0.0,0.0,0.0,1,1,1,3
237,Iliman,Ndiaye,Ndiaye,a,,,5.9,99,64,11.4,35,12,5.3,38,18,3,-1,1,-1,1,6294,44706,0.9,2.7,5.3,5.3,5.3,50,25,,,46,22,26,23,25,15,21,16,,,,,,,,0.1,0.15,0.25,1.8,0.0,0.68,0.34,1.02,10.15,3,3,86,0,0,1,0,0,0,0,0,0,0,1,0,12,6650,54070,0,0.02999999999999997,0.03999999999999998,0.06999999999999995,1.21,0.0,0.0,0.0,0.0,2,1,2,5
384,Gianluigi,Donnarumma,Donnarumma,a,,,5.5,138,4,7.9,55,8,3.3,91,8,7,0,0,0,0,2877,8680,0.6,1.8,3.3,3.3,3.3,109,8,,,122,13,609,70,593,70,210,13,,,,,,,,0.0,0.0,0.0,0.85,2.33,0.33,0.67,1.0,0.0,3,7,90,0,0,1,0,0,0,0,0,0,3,1,0,29,3450,9290,0,0.0,0.0,0.0,1.23,0.0,0.0,0.0,0.0,0,1,2,0
386,Marcus,Bettinelli,Bettinelli,a,,,4.5,440,31,0.0,543,62,0.0,445,52,0,0,0,0,0,18,26,0.0,0.0,0.0,0.0,0.0,445,52,,,407,52,401,33,335,32,417,52,,,,,,,,0.0,0.0,0.0,0.0,0.0,0.0,0.0,0.0,0.0,3,0,0,0,0,0,0,0,0,0,0,0,0,0,0,0,19,29,0,0.0,0.0,0.0,0.0,0.0,0.0,0.0,0.0,0,0,0,0
387,Nico,O'Reilly,O'Reilly,a,,,6.5,42,4,18.3,19,5,1.3,221,77,0,0,0,0,0,2983,36013,0.2,0.6,1.3,1.3,2.0,213,76,,,225,91,53,11,110,31,132,47,,,,,,,,0.05,0.26,0.31,0.73,0.0,0.0,1.2,1.2,1.8,3,0,0,0,0,0,0,0,0,0,0,0,0,0,0,0,4278,38526,0,0.0,0.0,0.0,0.0,0.0,0.0,0.0,0.0,0,0,0,0
388,Marc,Guéhi,Guéhi,a,,,6.0,66,6,18.7,17,3,6.3,20,7,7,0,0,0,0,6576,12400,1.0,3.2,6.3,6.3,6.3,31,13,,,20,4,71,19,67,13,37,4,,,,,,,,0.3,0.13,0.43,0.85,0.0,0.33,0.67,1.0,6.0,3,7,90,0,0,1,0,0,0,0,0,0,0,1,1,30,7335,13454,0,0.0,0.020000000000000018,0.020000000000000018,1.23,0.0,0.0,0.0,0.0,0,9,5,9
389,Matheus,Nunes,Matheus N.,a,,,5.9,103,10,1.0,194,74,0.3,369,132,0,0,0,-1,1,188,1207,0.1,0.2,0.3,0.3,1.0,348,123,100.0,100.0,293,110,266,92,207,75,298,107,,,4.0,,,,,0.0,0.11,0.11,0.27,0.0,0.0,0.0,0.0,2.73,3,0,0,0,0,0,0,0,0,0,0,0,0,0,0,0,202,1361,0,0.0,0.0,0.0,0.0,0.0,0.0,0.0,0.0,0,0,0,0
390,Rúben,dos Santos Gato Alves Dias,Rúben,a,,,5.5,128,13,1.8,136,56,3.3,90,35,6,0,0,0,0,1046,1801,0.6,1.8,3.3,3.3,3.3,108,41,,,51,15,50,10,50,9,39,5,,,,,,,,0.03,0.25,0.28,0.85,0.0,0.33,0.67,1.0,5.0,3,6,90,0,0,1,0,0,0,0,0,0,0,1,0,25,1269,1933,0,0.0,0.030000000000000027,0.029999999999999916,1.23,0.0,0.0,0.0,0.0,0,3,0,3
391,Joško,Gvardiol,Gvardiol,a,,,5.6,119,12,18.7,18,4,7.3,8,2,8,0,0,1,-1,23960,10620,1.3,3.9,7.3,7.3,7.3,19,8,,,10,2,43,8,94,25,31,2,,,,,,,,0.07,0.04,0.11,0.9,0.0,0.35,0.71,1.06,6.02,3,8,90,0,0,1,0,0,0,0,0,0,0,1,2,31,30585,12611,0,0.010000000000000009,0.020000000000000004,0.02999999999999997,1.23,0.0,0.0,0.0,0.0,4,4,7,8
392,Rayan,Aït-Nouri,Aït-Nouri,a,,,5.4,216,31,0.5,247,92,0.0,608,210,0,0,0,-1,1,134,1327,0.0,0.0,0.0,0.0,0.0,608,210,,,587,209,593,209,569,207,594,209,,,,,,,,0.0,0.0,0.0,0.0,0.0,0.0,0.0,0.0,0.0,3,0,0,0,0,0,0,0,0,0,0,0,0,0,0,0,140,1468,0,0.0,0.0,0.0,0.0,0.0,0.0,0.0,0.0,0,0,0,0
393,Abdukodir,Khusanov,Khusanov,a,,,5.5,192,28,1.6,142,60,3.0,112,46,5,0,0,0,0,601,1564,0.5,1.6,3.0,3.0,3.0,134,52,,,105,47,191,60,205,74,171,63,,,,,,,,0.0,0.02,0.02,0.85,0.0,0.34,0.67,1.01,5.71,3,5,90,0,0,1,0,0,0,0,1,0,0,1,0,22,671,1695,0,0.0,0.019999999999999997,0.019999999999999997,1.23,0.0,0.0,0.0,0.0,2,4,4,6
394,Max,Alleyne,Alleyne,u,Has joined Burnley on loan for the rest of the season,,5.0,329,62,0.0,623,208,0.0,580,208,0,0,0,0,0,0,7,0.0,0.0,0.0,0.0,0.0,580,208,0.0,0.0,556,207,562,207,526,203,564,207,,,,,,,,0.0,0.0,0.0,0.0,0.0,0.0,0.0,0.0,0.0,3,0,0,0,0,0,0,0,0,0,0,0,0,0,0,0,0,7,0,0.0,0.0,0.0,0.0,0.0,0.0,0.0,0.0,0,0,0,0
395,Rico,Lewis,Lewis,a,,,4.5,504,132,0.2,323,118,0.3,327,116,0,0,0,0,0,143,442,0.1,0.2,0.3,0.3,1.0,278,108,,,292,109,218,69,46,6,180,67,,,,,,,,0.27,0.03,0.3,0.88,0.0,0.0,1.61,1.61,3.21,3,0,0,0,0,0,0,0,0,0,0,0,0,0,0,0,153,480,0,0.0,0.0,0.0,0.0,0.0,0.0,0.0,0.0,0,0,0,0
396,Vitor,de Oliveira Nunes dos Reis,Vitor Reis,a,,,4.5,558,151,0.0,544,188,0.3,330,118,0,0,0,0,0,10,27,0.1,0.2,0.3,0.3,1.0,281,110,,,322,120,284,103,424,180,333,120,,,,,,,,0.0,0.0,0.0,0.0,0.0,0.0,0.0,0.0,0.0,3,0,0,0,0,0,0,0,0,0,0,0,0,0,0,0,12,30,0,0.0,0.0,0.0,0.0,0.0,0.0,0.0,0.0,0,0,0,0
397,Antoine,Semenyo,Semenyo,a,,,8.5,6,4,19.3,15,7,4.3,61,30,6,0,0,0,0,3343,36236,0.5,1.5,4.3,4.3,4.3,74,34,,,117,43,28,24,13,8,22,17,,,2.0,,,,,0.06,0.31,0.37,0.85,0.0,0.33,0.67,1.0,4.0,3,6,90,0,1,1,0,0,0,0,0,0,0,1,0,26,4249,40562,0,0.05000000000000002,0.3400000000000001,0.3900000000000001,1.23,0.0,0.0,0.0,0.0,1,0,3,4
398,Phil,Foden,Foden,a,,,7.0,26,17,5.7,64,21,3.7,78,37,1,0,0,0,0,6181,18572,0.5,1.6,3.7,3.7,3.7,96,46,,,47,23,4,4,60,35,11,9,3.0,2.0,,,,,,0.69,0.4,1.09,0.83,0.0,0.0,0.92,0.92,6.46,3,1,24,0,0,0,0,0,0,0,0,0,0,0,0,3,14472,19534,0,0.5,0.010000000000000009,0.51,0.48,0.0,0.0,0.0,0.0,0,0,1,1
399,Rayan,Cherki,Cherki,a,,,7.8,14,9,30.7,7,3,8.3,2,2,3,1,-1,3,-3,58756,20225,1.1,3.2,8.3,8.3,8.3,13,6,,,2,2,3,3,30,19,2,2,1.0,1.0,,,,,,0.29,0.7,0.99,0.79,0.0,0.52,0.52,1.04,3.64,3,3,65,0,0,1,0,0,0,0,0,0,0,1,0,23,82487,21776,0,0.21000000000000008,0.30000000000000004,0.51,0.75,0.0,0.0,0.0,0.0,0,0,4,4
400,Jérémy,Doku,Doku,i,Calf injury - Expected back 5 Sep,,7.4,20,12,0.9,204,63,0.0,648,287,0,0,0,-1,1,49,1836,0.0,0.0,0.0,0.0,0.0,648,287,0.0,0.0,648,287,648,287,648,287,648,287,,,3.0,,,,,0.0,0.0,0.0,0.0,0.0,0.0,0.0,0.0,0.0,3,0,0,0,0,0,0,0,0,0,0,0,0,0,0,0,52,1971,0,0.0,0.0,0.0,0.0,0.0,0.0,0.0,0.0,0,0,0,0
402,Rodrigo 'Rodri',Hernandez Cascante,Rodrigo,u,Has joined Barcelona permanently,,6.5,36,24,0.0,592,248,0.0,644,285,0,0,0,0,0,0,19,0.0,0.0,0.0,0.0,0.0,644,285,0.0,0.0,643,284,643,284,642,283,643,284,,,,,,,,0.0,0.0,0.0,0.0,0.0,0.0,0.0,0.0,0.0,3,0,0,0,0,0,0,0,0,0,0,0,0,0,0,0,0,20,0,0.0,0.0,0.0,0.0,0.0,0.0,0.0,0.0,0,0,0,0
404,Tijjani,Reijnders,Reijnders,u,Has joined Al Qadsiah permanently,,6.0,70,48,0.0,509,209,0.0,637,279,0,0,0,0,0,0,110,0.0,0.0,0.0,0.0,0.0,637,279,0.0,0.0,633,278,634,278,629,274,634,278,,,,,,,,0.0,0.0,0.0,0.0,0.0,0.0,0.0,0.0,0.0,3,0,0,0,0,0,0,0,0,0,0,0,0,0,0,0,0,116,0,0.0,0.0,0.0,0.0,0.0,0.0,0.0,0.0,0,0,0,0
406,Mateo,Kovačić,Kovačić,a,,,5.4,199,121,0.1,444,177,0.7,290,134,0,-1,1,-1,1,98,146,0.1,0.4,0.7,0.7,1.0,319,143,,,283,130,208,114,559,226,297,134,,,,,,,,0.0,0.04,0.04,0.21,0.0,0.0,0.0,0.0,4.29,3,0,0,0,0,0,0,0,0,0,0,0,0,0,0,0,101,154,0,0.0,0.0,0.0,0.0,0.0,0.0,0.0,0.0,0,0,0,0
407,Claudio,Echeverri,Echeverri,u,Has joined Benfica on loan for the rest of the season,,4.9,416,253,0.0,589,245,0.0,542,219,0,0,0,-1,1,0,97,0.0,0.0,0.0,0.0,0.0,542,219,0.0,0.0,512,201,512,208,461,168,521,205,,,,,,,,0.0,0.0,0.0,0.0,0.0,0.0,0.0,0.0,0.0,3,0,0,0,0,0,0,0,0,0,0,0,0,0,0,0,0,99,0,0.0,0.0,0.0,0.0,0.0,0.0,0.0,0.0,0,0,0,0
408,Kalvin,Phillips,Phillips,u,Has joined Sheffield United on loan for the rest of the season,,5.0,251,154,0.0,620,266,0.0,549,224,0,0,0,0,0,0,11,0.0,0.0,0.0,0.0,0.0,549,224,0.0,0.0,522,207,522,213,475,176,530,210,,,,,,,,0.0,0.0,0.0,0.0,0.0,0.0,0.0,0.0,0.0,3,0,0,0,0,0,0,0,0,0,0,0,0,0,0,0,0,13,0,0.0,0.0,0.0,0.0,0.0,0.0,0.0,0.0,0,0,0,0
409,Divine,Mukasa,Mukasa,u,has joined West Ham on loan for the rest of the seaon.,,4.5,547,278,0.1,386,143,0.0,503,196,0,0,0,0,0,0,637,0.0,0.0,0.0,0.0,0.0,503,196,0.0,0.0,469,176,470,185,414,143,479,181,,,,,,,,0.0,0.0,0.0,0.0,0.0,0.0,0.0,0.0,0.0,3,0,0,0,0,0,0,0,0,0,0,0,0,0,0,0,0,668,0,0.0,0.0,0.0,0.0,0.0,0.0,0.0,0.0,0,0,0,0
410,Jeremy,Monga,Monga,u,Has joined Swansea City on loan for the rest of the season,,4.9,418,255,0.0,593,249,0.0,543,220,0,0,0,-1,1,0,79,0.0,0.0,0.0,0.0,0.0,543,220,0.0,0.0,513,202,513,209,463,170,522,206,,,,,,,,0.0,0.0,0.0,0.0,0.0,0.0,0.0,0.0,0.0,3,0,0,0,0,0,0,0,0,0,0,0,0,0,0,0,0,83,0,0.0,0.0,0.0,0.0,0.0,0.0,0.0,0.0,0,0,0,0
411,Erling,Haaland,Haaland,a,,,15.5,1,1,71.2,2,2,8.0,5,1,9,0,0,0,0,14665,14978,0.5,1.5,8.0,8.0,8.0,16,2,,,13,2,207,27,2,2,13,3,,,1.0,,,,,0.77,0.11,0.88,0.85,0.0,0.33,0.67,1.0,5.0,3,9,90,1,0,1,0,0,0,0,0,0,0,1,3,40,19841,15145,0,0.8999999999999999,0.32,1.2200000000000002,1.23,0.0,0.0,0.0,0.0,0,5,2,7
481,Elliot,Anderson,Anderson,a,,,6.4,49,34,5.0,75,24,2.7,126,55,3,0,0,-1,1,2090,8451,0.4,1.2,2.7,2.7,2.7,149,65,100.0,100.0,129,48,48,38,127,64,87,49,2.0,,,,,,,0.03,0.24,0.27,0.94,0.0,0.39,0.77,1.16,11.97,3,3,90,0,0,1,0,0,0,0,0,0,0,1,0,23,2564,9672,0,0.01999999999999999,0.16000000000000003,0.17999999999999994,1.23,0.0,0.0,0.0,0.0,1,4,6,11
587,Gerónimo,Rulli,Rulli,a,,,5.0,245,8,0.0,567,67,0.0,547,69,0,0,0,0,0,15,25,0.0,0.0,0.0,0.0,0.0,547,69,,,517,69,518,58,470,58,526,69,,,,,,,,0.0,0.0,0.0,0.0,0.0,0.0,0.0,0.0,0.0,3,0,0,0,0,0,0,0,0,0,0,0,0,0,0,0,15,28,0,0.0,0.0,0.0,0.0,0.0,0.0,0.0,0.0,0,0,0,0
616,Ayyoub,Bouaddi,Bouaddi,a,,,5.5,196,120,0.2,364,136,1.0,250,118,1,0,0,0,0,614,443,0.2,0.4,1.0,1.0,1.0,342,159,,,314,140,215,118,612,263,309,141,,,,,,,,0.0,0.49,0.49,1.39,0.0,0.0,0.0,0.0,24.55,3,1,14,0,0,0,0,0,0,0,0,0,0,0,0,5,638,464,0,0.0,0.0,0.0,0.34,0.0,0.0,0.0,0.0,0,2,3,5
621,Ryan,McAidoo,McAidoo,a,,,4.5,559,284,0.1,428,170,1.0,232,106,1,0,0,0,0,716,261,0.2,0.4,1.0,1.0,1.0,282,118,,,479,181,306,154,249,121,342,159,,,,,,,,0.82,0.0,0.82,0.16,0.0,0.0,0.0,0.0,32.73,3,1,3,0,0,0,0,0,0,0,0,0,0,0,0,5,737,265,0,0.0,0.0,0.0,0.02,0.0,0.0,0.0,0.0,2,0,2,4
622,Kaden,Braithwaite,Braithwaite,a,,,4.0,637,200,0.1,390,142,0.5,311,103,0,0,0,0,0,712,315,0.1,0.2,0.5,0.5,1.0,257,90,,,329,122,288,105,303,121,340,121,,,,,,,,0.0,0.0,0.0,0.0,0.0,0.0,0.0,0.0,0.0,3,0,0,0,0,0,0,0,0,0,0,0,0,0,0,0,744,328,0,0.0,0.0,0.0,0.0,0.0,0.0,0.0,0.0,0,0,0,0
628,Allan,Andrade Elias,Allan,a,,,6.0,85,56,0.0,626,270,0.0,640,281,0,0,0,0,0,63,18,0.0,0.0,2.2,2.2,0.0,640,281,,,639,280,639,280,635,276,639,280,,,,,,,,0.0,0.0,0.0,0.0,0.0,0.0,0.0,0.0,0.0,3,0,0,0,0,0,0,0,0,0,0,0,0,0,0,0,64,19,0,0.0,0.0,0.0,0.0,0.0,0.0,0.0,0.0,0,0,0,0
43,Youri,Tielemans,Tielemans,a,,,5.9,91,59,2.0,130,40,2.0,173,79,0,0,0,-1,1,1194,2976,0.3,1.0,2.0,2.0,3.0,135,55,100.0,100.0,102,37,22,19,79,45,44,32,,,3.0,,,,,0.29,0.13,0.42,1.73,0.0,0.0,2.31,1.15,10.38,3,0,0,0,0,0,0,0,0,0,0,0,0,0,0,0,1264,3273,0,0.0,0.0,0.0,0.0,0.0,0.0,0.0,0.0,0,0,0,0
131,Carlos,Baleba,Baleba,i,Ankle injury - Expected back 19 Sep,,5.0,347,207,0.1,373,139,0.0,586,244,0,0,0,0,0,153,306,0.0,0.0,0.0,0.0,0.0,586,244,0.0,0.0,562,230,569,236,534,208,570,233,,,,,,,,0.0,0.0,0.0,0.0,0.0,0.0,0.0,0.0,0.0,3,0,0,0,0,0,0,0,0,0,0,0,0,0,0,0,158,325,0,0.0,0.0,0.0,0.0,0.0,0.0,0.0,0.0,0,0,0,0
162,Andrey,Nascimento dos Santos,Andrey Santos,a,,,4.9,411,249,0.8,213,68,1.0,233,107,0,0,0,-1,1,819,1581,0.2,0.6,1.0,1.0,1.5,229,105,,,192,74,211,116,226,107,232,103,,,,,,,,0.0,0.27,0.27,2.3,0.0,0.0,3.55,1.18,16.58,3,0,0,0,0,0,0,0,0,0,0,0,0,0,0,0,861,1722,0,0.0,0.0,0.0,0.0,0.0,0.0,0.0,0.0,0,0,0,0
325,Karl,Darlow,Darlow,a,,,4.5,425,23,0.0,512,57,0.0,437,46,0,0,0,0,0,46,36,0.0,0.0,0.0,0.0,0.0,437,46,100.0,100.0,398,46,390,25,322,24,408,46,,,,,,,,0.0,0.0,0.0,0.0,0.0,0.0,0.0,0.0,0.0,3,0,0,0,0,0,0,0,0,0,0,0,0,0,0,0,46,39,0,0.0,0.0,0.0,0.0,0.0,0.0,0.0,0.0,0,0,0,0
412,Senne,Lammens,Lammens,a,,,5.0,309,14,13.5,31,5,1.0,236,18,0,0,0,0,0,1739,18864,0.2,0.6,1.0,1.0,1.5,232,21,,,68,10,550,64,510,64,181,11,,,,,,,,0.0,0.0,0.0,1.54,2.5,0.0,2.0,1.0,0.0,3,0,0,0,0,0,0,0,0,0,0,0,0,0,0,0,1908,20514,0,0.0,0.0,0.0,0.0,0.0,0.0,0.0,0.0,0,0,0,0
413,Altay,Bayındır,Bayindir,u,Has joined Celta Vigo on loan for the rest of the season,,4.5,494,39,0.0,583,69,0.0,469,59,0,0,0,0,0,0,25,0.0,0.0,0.0,0.0,0.0,469,59,0.0,0.0,433,59,430,41,369,40,443,59,,,,,,,,0.0,0.0,0.0,0.0,0.0,0.0,0.0,0.0,0.0,3,0,0,0,0,0,0,0,0,0,0,0,0,0,0,0,0,26,0,0.0,0.0,0.0,0.0,0.0,0.0,0.0,0.0,0,0,0,0
414,Tom,Heaton,Heaton,i,Hamstring injury - Unknown return date,,4.0,575,49,0.1,448,50,0.0,379,23,0,0,0,0,0,104,73,0.0,0.0,0.0,0.0,0.0,379,23,0.0,0.0,340,23,330,2,252,1,349,23,,,,,,,,0.0,0.0,0.0,0.0,0.0,0.0,0.0,0.0,0.0,3,0,0,0,0,0,0,0,0,0,0,0,0,0,0,0,128,83,0,0.0,0.0,0.0,0.0,0.0,0.0,0.0,0.0,0,0,0,0
415,Patrick,Dorgu,Dorgu,a,,,5.9,112,72,0.7,223,72,0.3,370,173,0,0,0,-1,1,275,1828,0.1,0.2,0.3,0.3,0.5,377,179,,,253,112,162,98,28,18,136,69,,,,,,,,1.06,0.07,1.13,3.14,0.0,0.0,4.91,1.64,4.91,3,0,0,0,0,0,0,0,0,0,0,0,0,0,0,0,287,2128,0,0.0,0.0,0.0,0.0,0.0,0.0,0.0,0.0,0,0,0,0
416,Matthijs,de Ligt,De Ligt,i,Back injury - Unknown return date,,5.0,268,41,0.0,556,192,0.0,554,201,0,0,0,0,0,15,38,0.0,0.0,0.0,0.0,0.0,554,201,0.0,0.0,528,200,529,200,485,193,535,200,,,,,,,,0.0,0.0,0.0,0.0,0.0,0.0,0.0,0.0,0.0,3,0,0,0,0,0,0,0,0,0,0,0,0,0,0,0,17,39,0,0.0,0.0,0.0,0.0,0.0,0.0,0.0,0.0,0,0,0,0
417,Diogo,Dalot Teixeira,Dalot,a,,,5.0,274,44,2.1,126,52,1.0,234,84,0,0,0,0,0,465,2840,0.2,0.6,1.0,1.0,1.5,230,80,,,160,72,27,4,57,12,55,11,,,,,,,,0.16,0.13,0.29,1.15,0.0,0.0,1.08,1.08,7.59,3,0,0,0,0,0,0,0,0,0,0,0,0,0,0,0,506,3155,0,0.0,0.0,0.0,0.0,0.0,0.0,0.0,0.0,0,0,0,0
418,Harry,Maguire,Maguire,a,,,5.0,242,36,14.0,30,10,1.7,182,68,0,0,0,0,0,2364,28030,0.3,1.0,1.7,1.7,2.5,152,58,,,128,57,81,24,74,17,83,24,,,,,,,,0.04,0.2,0.24,1.54,0.0,0.0,2.0,1.0,4.5,3,0,0,0,0,0,0,0,0,0,0,0,0,0,0,0,2596,33786,0,0.0,0.0,0.0,0.0,0.0,0.0,0.0,0.0,0,0,0,0
419,Lisandro,Martínez,Martinez,a,,,5.0,280,47,1.2,168,67,0.3,341,125,0,0,0,0,0,531,1125,0.1,0.2,0.3,0.3,1.0,297,118,100.0,100.0,278,104,255,87,211,77,294,106,,,,,,,,0.03,0.06,0.09,2.06,0.0,0.0,2.0,1.0,0.0,3,0,0,0,0,0,0,0,0,0,0,0,0,0,0,0,566,1236,0,0.0,0.0,0.0,0.0,0.0,0.0,0.0,0.0,0,0,0,0
420,Leny,Yoro,Yoro,a,,,4.9,414,77,0.5,244,91,0.3,336,122,0,0,0,-1,1,188,636,0.1,0.2,0.3,0.3,1.0,288,114,,,313,118,254,86,459,189,317,115,,,,,,,,0.0,0.06,0.06,5.62,0.0,0.0,5.62,0.0,11.25,3,0,0,0,0,0,0,0,0,0,0,0,0,0,0,0,190,701,0,0.0,0.0,0.0,0.0,0.0,0.0,0.0,0.0,0,0,0,0
421,Ayden,Heaven,Heaven,a,,,4.4,573,158,0.3,282,105,0.3,320,111,0,-1,1,-1,1,169,526,0.1,0.2,0.3,0.3,1.0,264,97,,,254,99,233,75,136,44,257,94,,,,,,,,0.12,0.04,0.16,1.01,0.0,0.0,2.0,1.0,2.0,3,0,0,0,0,0,0,0,0,0,0,0,0,0,0,0,171,601,0,0.0,0.0,0.0,0.0,0.0,0.0,0.0,0.0,0,0,0,0
422,Noussair,Mazraoui,Mazraoui,a,,,4.5,472,111,0.6,237,87,0.7,267,93,0,0,0,0,0,223,835,0.2,0.4,0.7,0.7,1.0,272,103,,,184,81,79,23,151,49,147,55,,,,,,,,0.21,0.05,0.26,1.88,0.0,0.0,2.81,0.94,4.69,3,0,0,0,0,0,0,0,0,0,0,0,0,0,0,0,237,901,0,0.0,0.0,0.0,0.0,0.0,0.0,0.0,0.0,0,0,0,0
423,Luke,Shaw,Shaw,a,,,4.5,434,85,15.5,26,8,1.0,226,79,0,0,0,0,0,1677,31462,0.2,0.7,1.0,1.0,1.5,228,79,,,75,30,18,2,147,47,50,9,3.0,,,,,,,0.0,0.16,0.16,1.15,0.0,0.0,1.67,1.11,6.67,3,0,0,0,0,0,0,0,0,0,0,0,0,0,0,0,1839,36223,0,0.0,0.0,0.0,0.0,0.0,0.0,0.0,0.0,0,0,0,0
424,Harry,Amass,Amass,a,,,4.0,642,205,0.2,341,125,0.0,428,160,0,0,0,0,0,235,156,0.0,0.0,0.0,0.0,0.0,428,160,,,389,152,381,150,308,126,399,152,,,,,,,,0.0,0.0,0.0,0.0,0.0,0.0,0.0,0.0,0.0,3,0,0,0,0,0,0,0,0,0,0,0,0,0,0,0,251,175,0,0.0,0.0,0.0,0.0,0.0,0.0,0.0,0.0,0,0,0,0
425,Tyler,Fredricson,Fredricson,u,Has joined Lausanne-Sport permanently,,4.0,633,196,0.0,580,197,0.0,421,153,0,0,0,0,0,0,26,0.0,0.0,0.0,0.0,0.0,421,153,0.0,0.0,382,145,374,143,299,117,392,145,,,,,,,,0.0,0.0,0.0,0.0,0.0,0.0,0.0,0.0,0.0,3,0,0,0,0,0,0,0,0,0,0,0,0,0,0,0,0,27,0,0.0,0.0,0.0,0.0,0.0,0.0,0.0,0.0,0,0,0,0
426,Bruno,Borges Fernandes,B.Fernandes,a,,,12.0,2,1,48.5,3,1,8.3,3,3,0,0,0,0,0,16463,35149,0.7,2.1,8.3,8.3,12.5,2,2,,,1,1,1,1,8,4,1,1,1.0,1.0,1.0,,,,,1.05,0.37,1.42,1.54,0.0,0.0,2.0,1.0,7.0,3,0,0,0,0,0,0,0,0,0,0,0,0,0,0,0,18367,40440,0,0.0,0.0,0.0,0.0,0.0,0.0,0.0,0.0,0,0,0,0
427,Bryan,Mbeumo,Mbeumo,a,,,7.9,12,8,26.7,8,4,4.3,59,29,0,-1,1,-1,1,5049,68382,0.5,1.6,4.3,4.3,6.5,27,12,,,43,20,12,12,5,2,6,5,2.0,2.0,2.0,,,,,1.13,0.22,1.35,1.54,0.0,0.0,2.0,1.0,4.5,3,0,0,0,0,0,0,0,0,0,0,0,0,0,0,0,5800,85874,0,0.0,0.0,0.0,0.0,0.0,0.0,0.0,0.0,0,0,0,0
428,Matheus,Santos Carneiro da Cunha,Cunha,a,,,7.9,11,7,7.8,56,20,3.7,79,38,0,-1,1,-1,1,1313,10466,0.5,1.4,3.7,3.7,5.5,45,23,,,152,55,23,20,18,10,27,21,,,,,,,,0.2,0.21,0.41,1.18,0.0,0.0,1.71,1.14,2.85,3,0,0,0,0,0,0,0,0,0,0,0,0,0,0,0,1448,11787,0,0.0,0.0,0.0,0.0,0.0,0.0,0.0,0.0,0,0,0,0
429,Marcus,Rashford,Rashford,a,,,7.0,25,16,1.6,144,42,1.0,257,122,0,0,0,0,0,1555,2305,0.1,0.4,1.0,1.0,1.5,240,112,,,145,53,8,8,21,12,17,13,,3.0,,,,,,0.19,0.11,0.3,0.83,0.0,0.0,0.73,0.73,5.08,3,0,0,0,0,0,0,0,0,0,0,0,0,0,0,0,1738,2507,0,0.0,0.0,0.0,0.0,0.0,0.0,0.0,0.0,0,0,0,0
430,Mason,Mount,Mount,d,Foot injury - 75% chance of playing,,5.4,203,124,0.0,559,230,0.0,604,255,0,0,0,-1,1,9,40,0.0,0.0,0.0,0.0,0.0,604,255,75.0,75.0,582,243,589,249,562,228,590,246,,4.0,,,,,,0.0,0.0,0.0,0.0,0.0,0.0,0.0,0.0,0.0,3,0,0,0,0,0,0,0,0,0,0,0,0,0,0,0,9,40,0,0.0,0.0,0.0,0.0,0.0,0.0,0.0,0.0,0,0,0,0
431,Amad,Diallo,Amad,i,Unspecified injury - Unknown return date,,5.8,116,76,0.5,257,85,0.0,629,273,0,0,0,-2,2,35,1688,0.0,0.0,0.0,0.0,0.0,629,273,0.0,0.0,620,270,624,271,614,264,624,270,4.0,,,,,,,0.0,0.0,0.0,0.0,0.0,0.0,0.0,0.0,0.0,3,0,0,0,0,0,0,0,0,0,0,0,0,0,0,0,36,1965,0,0.0,0.0,0.0,0.0,0.0,0.0,0.0,0.0,0,0,0,0
432,Kobbie,Mainoo,Mainoo,a,,,5.5,179,109,1.1,179,56,1.7,194,89,0,0,0,0,0,1559,992,0.3,0.9,1.7,1.7,2.5,157,69,,,189,72,188,104,140,70,201,89,,,,,,,,0.19,0.25,0.44,1.0,0.0,0.0,0.88,0.88,14.12,3,0,0,0,0,0,0,0,0,0,0,0,0,0,0,0,1632,1051,0,0.0,0.0,0.0,0.0,0.0,0.0,0.0,0.0,0,0,0,0
433,Manuel,Ugarte Ribeiro,Ugarte,i,Knee injury - Unknown return date,,5.0,287,173,0.0,628,272,0.0,560,230,0,0,0,0,0,5,8,0.0,0.0,0.0,0.0,0.0,560,230,0.0,0.0,535,214,536,219,493,186,542,216,,,,,,,,0.0,0.0,0.0,0.0,0.0,0.0,0.0,0.0,0.0,3,0,0,0,0,0,0,0,0,0,0,0,0,0,0,0,5,8,0,0.0,0.0,0.0,0.0,0.0,0.0,0.0,0.0,0,0,0,0
434,Jack,Fletcher,J.Fletcher,a,,,5.0,353,213,0.0,594,250,0.0,590,248,0,0,0,0,0,13,14,0.0,0.0,0.0,0.0,0.0,590,248,,,566,234,573,240,538,212,574,237,,,,,,,,0.0,0.0,0.0,0.0,0.0,0.0,0.0,0.0,0.0,3,0,0,0,0,0,0,0,0,0,0,0,0,0,0,0,14,15,0,0.0,0.0,0.0,0.0,0.0,0.0,0.0,0.0,0,0,0,0
435,Shea,Lacey,Lacey,a,,,5.0,361,219,0.1,495,200,0.3,351,162,0,0,0,0,0,29,74,0.1,0.2,0.3,0.3,1.0,313,138,,,337,156,299,150,545,218,345,162,,,,,,,,0.0,0.0,0.0,0.0,0.0,0.0,0.0,0.0,9.0,3,0,0,0,0,0,0,0,0,0,0,0,0,0,0,0,30,78,0,0.0,0.0,0.0,0.0,0.0,0.0,0.0,0.0,0,0,0,0
436,Toby,Collyer,Collyer,u,Has joined West Brom permanently,,5.0,324,193,0.0,585,243,0.0,577,240,0,0,0,0,0,0,57,0.0,0.0,0.0,0.0,0.0,577,240,0.0,0.0,553,226,559,232,521,202,561,229,,,,,,,,0.0,0.0,0.0,0.0,0.0,0.0,0.0,0.0,0.0,3,0,0,0,0,0,0,0,0,0,0,0,0,0,0,0,0,59,0,0.0,0.0,0.0,0.0,0.0,0.0,0.0,0.0,0,0,0,0
437,Bendito,Mantato,Bendito Mantato,a,,,4.5,543,276,0.2,346,127,0.0,501,195,0,0,0,0,0,220,198,0.0,0.0,0.0,0.0,0.0,501,195,,,467,175,468,184,412,142,477,180,,,,,,,,0.0,0.0,0.0,0.0,0.0,0.0,0.0,0.0,0.0,3,0,0,0,0,0,0,0,0,0,0,0,0,0,0,0,229,205,0,0.0,0.0,0.0,0.0,0.0,0.0,0.0,0.0,0,0,0,0
438,Tyler,Fletcher,Fletcher,a,,,4.5,524,271,0.3,292,98,0.0,485,190,0,0,0,0,0,230,291,0.0,0.0,0.0,0.0,0.0,485,190,,,450,170,452,179,394,137,460,175,,,,,,,,0.0,0.0,0.0,0.0,0.0,0.0,0.0,0.0,0.0,3,0,0,0,0,0,0,0,0,0,0,0,0,0,0,0,241,316,0,0.0,0.0,0.0,0.0,0.0,0.0,0.0,0.0,0,0,0,0
439,Benjamin,Sesko,Šeško,a,,,7.0,29,10,1.6,146,22,0.7,310,40,0,0,0,0,0,1463,3414,0.1,0.3,0.7,0.7,1.0,362,44,100.0,100.0,310,34,180,20,146,28,242,28,,,,,,,,0.11,0.03,0.14,2.92,0.0,0.0,2.73,0.0,8.18,3,0,0,0,0,0,0,0,0,0,0,0,0,0,0,0,1541,3663,0,0.0,0.0,0.0,0.0,0.0,0.0,0.0,0.0,0,0,0,0
440,Joshua,Zirkzee,Zirkzee,a,,,5.4,217,48,0.5,261,46,0.0,609,70,0,0,0,-1,1,833,945,0.0,0.0,0.0,0.0,0.0,609,70,,,588,61,594,66,570,63,595,66,,,,,,,,0.0,0.0,0.0,0.0,0.0,0.0,0.0,0.0,0.0,3,0,0,0,0,0,0,0,0,0,0,0,0,0,0,0,863,1011,0,0.0,0.0,0.0,0.0,0.0,0.0,0.0,0.0,0,0,0,0
441,Chido,Obi,Obi,a,,,4.5,550,75,1.2,171,25,0.0,506,54,0,0,0,0,0,2263,1417,0.0,0.0,0.0,0.0,0.0,506,54,,,472,45,473,50,417,47,482,50,,,,,,,,0.0,0.0,0.0,0.0,0.0,0.0,0.0,0.0,0.0,3,0,0,0,0,0,0,0,0,0,0,0,0,0,0,0,2381,1506,0,0.0,0.0,0.0,0.0,0.0,0.0,0.0,0.0,0,0,0,0
405,Nico,González Iglesias,N.Gonzalez,a,,,5.5,166,99,0.3,309,110,1.3,212,99,2,0,0,0,0,685,332,0.2,0.7,1.3,1.3,2.0,206,95,,,252,111,84,52,602,255,205,91,,,,,,,,0.0,0.13,0.13,1.36,0.0,0.62,1.23,1.23,6.78,3,2,76,0,0,0,2,0,0,0,0,0,0,1,0,11,739,351,0,0.0,0.009999999999999981,0.009999999999999981,1.47,0.0,0.0,0.0,0.0,0,1,6,7
442,Nick,Pope,Pope,a,,,5.0,243,6,1.1,181,28,0.0,546,68,0,0,0,0,0,379,1387,0.0,0.0,0.0,0.0,0.0,546,68,,,516,68,517,57,468,56,525,68,,,,,,,,0.0,0.0,0.0,0.0,0.0,0.0,0.0,0.0,0.0,3,0,0,0,0,0,0,0,0,0,0,0,0,0,0,0,398,1479,0,0.0,0.0,0.0,0.0,0.0,0.0,0.0,0.0,0,0,0,0
443,Mark,Gillespie,Gillespie,a,,,4.5,428,26,0.0,524,59,0.0,438,47,0,0,0,0,0,21,30,0.0,0.0,0.0,0.0,0.0,438,47,,,399,47,393,28,325,27,409,47,,,,,,,,0.0,0.0,0.0,0.0,0.0,0.0,0.0,0.0,0.0,3,0,0,0,0,0,0,0,0,0,0,0,0,0,0,0,23,30,0,0.0,0.0,0.0,0.0,0.0,0.0,0.0,0.0,0,0,0,0
444,Ewen,Jaouen,Jaouen,a,,,4.5,534,48,0.0,549,64,0.0,494,64,0,0,0,0,0,18,28,0.0,0.0,0.0,0.0,0.0,494,64,,,459,64,461,50,403,49,469,64,,,,,,,,0.0,0.0,0.0,0.0,0.0,0.0,0.0,0.0,0.0,3,0,0,0,0,0,0,0,0,0,0,0,0,0,0,0,18,30,0,0.0,0.0,0.0,0.0,0.0,0.0,0.0,0.0,0,0,0,0
445,Malick,Thiaw,Thiaw,a,,,5.0,310,55,2.2,121,48,2.7,118,48,-1,0,0,0,0,6433,4141,0.5,1.6,2.7,2.7,2.7,143,55,,,74,29,261,90,511,199,182,68,,,,,,,,0.0,0.03,0.03,1.87,0.0,0.33,1.33,1.0,7.0,3,-1,90,0,0,0,2,1,0,0,0,0,0,1,0,-1,8156,4536,0,0.0,0.08,0.08,1.5,0.0,0.0,0.0,0.0,0,3,3,3
446,Fabian,Schär,Schär,a,,,5.0,247,37,0.2,320,116,0.3,338,123,0,0,0,0,0,124,454,0.1,0.2,0.3,0.3,1.0,292,115,100.0,100.0,519,197,519,197,472,190,527,197,,2.0,,,,,,0.0,0.0,0.0,71.1,0.0,0.0,90.0,0.0,0.0,3,0,0,0,0,0,0,0,0,0,0,0,0,0,0,0,144,471,0,0.0,0.0,0.0,0.0,0.0,0.0,0.0,0.0,0,0,0,0
447,Sven,Botman,Botman,a,,,5.0,277,45,0.7,235,85,3.0,105,43,1,0,0,0,0,835,720,0.6,1.8,3.0,3.0,3.0,124,49,,,76,31,244,81,231,87,178,65,,,,,,,,0.0,0.06,0.06,1.87,0.0,0.33,1.33,1.0,8.0,3,1,90,0,0,0,2,0,0,0,0,0,0,1,0,3,998,759,0,0.0,0.16,0.16,1.5,0.0,0.0,0.0,0.0,1,8,2,9
448,Dan,Burn,Burn,i,Ankle injury - Expected back 14 Sep,,4.9,382,68,1.1,186,72,0.0,522,196,0,0,0,-1,1,38,2810,0.0,0.0,0.0,0.0,0.0,522,196,0.0,0.0,489,191,490,192,435,183,498,191,,,,,,,,0.0,0.0,0.0,0.0,0.0,0.0,0.0,0.0,0.0,3,0,0,0,0,0,0,0,0,0,0,0,0,0,0,0,38,3003,0,0.0,0.0,0.0,0.0,0.0,0.0,0.0,0.0,0,0,0,0
449,Lewis,Hall,Hall,a,,,5.1,237,35,10.1,41,15,6.0,23,9,4,0,0,1,-1,50441,5841,1.2,3.5,6.0,6.0,6.0,35,16,,,27,8,45,9,201,71,60,13,1.0,1.0,,,,,,0.01,0.22,0.23,1.87,0.0,0.33,1.34,1.0,10.04,3,4,89,0,1,0,2,0,0,0,0,0,0,1,0,19,56577,7373,0,0.010000000000000002,0.010000000000000009,0.020000000000000018,1.4800000000000004,0.0,0.0,0.0,0.0,1,5,13,6
450,Tino,Livramento,Livramento,a,,,4.9,400,71,0.0,538,186,0.3,333,120,1,0,0,-1,1,137,67,0.1,0.2,0.3,0.0,1.0,285,112,100.0,0.0,503,194,503,194,451,186,512,194,,,,,,,,0.0,0.0,0.0,2.7,0.0,0.0,0.0,0.0,0.0,3,1,1,0,0,0,0,0,0,0,0,0,0,0,0,3,139,68,0,0.0,0.0,0.0,0.03,0.0,0.0,0.0,0.0,0,0,0,0
451,Alex,Murphy,A.Murphy,u,Has joined FC Kaiserslautern on loan for the rest of the season,,4.0,632,195,0.1,464,164,0.0,420,152,0,0,0,0,0,0,146,0.0,0.0,0.0,0.0,0.0,420,152,0.0,0.0,381,144,373,142,298,116,391,144,,,,,,,,0.0,0.0,0.0,0.0,0.0,0.0,0.0,0.0,0.0,3,0,0,0,0,0,0,0,0,0,0,0,0,0,0,0,0,148,0,0.0,0.0,0.0,0.0,0.0,0.0,0.0,0.0,0,0,0,0
453,Harvey,Barnes,Barnes,a,,,6.0,65,45,1.2,167,53,5.7,32,16,12,0,0,0,0,10769,1585,1.0,2.8,5.7,5.7,5.7,44,22,,,224,93,109,66,108,57,162,76,5.0,,,,,,,0.08,0.02,0.1,1.87,0.0,0.33,1.33,1.0,6.0,3,12,90,1,1,0,2,0,0,0,0,0,0,1,2,37,11475,1750,0,0.12000000000000001,0.03,0.14999999999999997,1.5,0.0,0.0,0.0,0.0,0,2,4,6
454,Anthony,Elanga,Elanga,a,,,6.1,58,41,10.6,40,15,6.0,29,14,1,0,0,1,-1,55842,15293,1.0,3.0,6.0,6.0,6.0,42,20,,,11,7,132,81,26,16,25,19,4.0,,,,,,,0.16,0.13,0.29,1.6,0.0,0.39,1.16,1.16,3.48,3,1,77,0,0,0,2,0,0,0,1,0,0,1,0,8,63286,16671,0,0.0,0.23000000000000004,0.22999999999999998,1.4700000000000002,0.0,0.0,0.0,0.0,2,1,1,4
456,Jacob,Ramsey,J.Ramsey,a,,,4.9,395,241,0.3,296,101,2.3,136,59,6,-1,1,-1,1,896,424,0.5,1.4,2.3,2.3,2.3,163,71,,,246,105,205,112,198,95,270,120,,,,,,,,0.18,0.21,0.39,2.5,0.0,0.0,1.3,0.0,14.35,3,6,27,1,0,0,0,0,0,0,0,0,0,0,0,22,910,471,0,0.08000000000000002,0.01999999999999999,0.09999999999999998,0.040000000000000036,0.0,0.0,0.0,0.0,0,0,4,4
457,Jacob,Murphy,J.Murphy,a,,,5.9,89,58,0.1,387,144,0.7,300,141,1,0,0,-1,1,148,246,0.1,0.3,0.7,0.7,0.7,368,176,,,309,139,227,124,206,99,304,137,2.0,,,,,,,0.0,0.53,0.53,3.86,0.0,0.0,2.65,0.0,15.88,3,1,12,0,0,0,0,0,0,0,0,0,0,0,0,5,157,269,0,0.0,0.0,0.0,0.040000000000000036,0.0,0.0,0.0,0.0,0,0,1,1
458,Joelinton Cássio,Apolinário de Lira,Joelinton,i,Unspecified injury - Unknown return date,,5.4,202,123,0.0,561,231,0.0,603,254,0,0,0,-1,1,3,43,0.0,0.0,0.0,0.0,0.0,603,254,0.0,0.0,581,242,588,248,561,227,589,245,,,,,,,,0.0,0.0,0.0,0.0,0.0,0.0,0.0,0.0,0.0,3,0,0,0,0,0,0,0,0,0,0,0,0,0,0,0,4,45,0,0.0,0.0,0.0,0.0,0.0,0.0,0.0,0.0,0,0,0,0
459,Lewis,Miley,L.Miley,a,,,5.5,185,113,0.1,451,180,2.7,124,54,2,0,0,0,0,152,129,0.5,1.5,2.7,2.7,2.7,147,64,100.0,100.0,146,54,56,43,212,102,131,67,3.0,,,,,,,0.02,0.03,0.05,1.8,0.0,0.4,1.19,1.19,10.31,3,2,62,0,0,0,2,0,0,0,0,0,0,1,0,11,168,140,0,0.0,0.020000000000000004,0.01999999999999999,1.4700000000000002,0.0,0.0,0.0,0.0,0,1,3,4
460,Joe,Willock,Willock,a,,,5.0,261,161,0.4,263,88,3.7,70,32,2,0,0,0,0,2232,737,0.7,2.2,3.7,3.7,3.7,88,41,,,99,35,133,82,100,52,129,65,,,,,,,,0.28,0.11,0.39,2.01,0.0,0.54,1.63,1.08,4.34,3,2,62,0,0,0,2,0,0,0,0,0,0,1,0,6,2397,774,0,0.35,0.010000000000000009,0.36,1.4699999999999998,0.0,0.0,0.0,0.0,1,1,1,3
461,Bazoumana,Touré,Touré,a,,,5.9,113,73,0.2,363,135,0.3,371,174,0,0,0,-1,1,62,385,0.1,0.2,0.3,0.3,1.0,351,165,,,630,275,630,275,625,271,631,275,,,,,,,,0.0,0.0,0.0,0.0,0.0,0.0,0.0,0.0,0.0,3,0,0,0,0,0,0,0,0,0,0,0,0,0,0,0,66,418,0,0.0,0.0,0.0,0.0,0.0,0.0,0.0,0.0,0,0,0,0
462,Sean,Steur,Steur,a,,,5.0,376,228,0.1,442,176,1.0,240,111,1,0,0,0,0,36,187,0.2,0.6,1.0,1.0,1.0,317,142,,,265,118,277,142,554,223,306,139,,,,,,,,0.0,0.0,0.0,1.97,0.0,0.0,1.03,1.03,7.24,3,1,13,0,0,0,0,0,0,0,0,0,0,0,0,3,39,197,0,0.0,0.0,0.0,0.039999999999999813,0.0,0.0,0.0,0.0,0,1,1,2
463,Nick,Woltemade,Woltemade,u,Has joined Juventus on loan for the rest of the season,,5.9,104,27,0.9,201,32,1.3,214,21,0,0,0,-1,1,0,10335,0.2,0.7,0.0,0.0,4.0,82,9,0.0,0.0,187,16,184,21,143,26,194,23,,,,,,,,0.09,0.05,0.14,1.8,0.0,0.0,0.0,0.0,0.0,3,0,0,0,0,0,0,0,0,0,0,0,0,0,0,0,0,10676,0,0.0,0.0,0.0,0.0,0.0,0.0,0.0,0.0,0,0,0,0
464,Yoane,Wissa,Wissa,a,,,6.1,57,13,15.7,25,5,4.3,55,5,1,0,0,1,-1,82698,15107,0.7,2.1,4.3,4.3,4.3,72,7,,,42,3,95,8,12,5,23,5,,,2.0,,,,,0.47,0.02,0.49,1.53,0.0,0.34,1.03,1.03,5.86,3,1,90,0,0,0,2,0,0,0,1,0,0,1,0,5,95915,15896,0,0.0,0.030000000000000002,0.029999999999999805,1.4999999999999996,0.0,0.0,0.0,0.0,0,0,3,3
465,William,Osula,Osula,i,Foot injury - Unknown return date,,5.9,109,29,0.5,252,41,1.3,216,23,0,0,0,-1,1,42,1962,0.2,0.7,0.0,0.0,4.0,83,10,0.0,0.0,141,13,155,15,161,29,172,19,,,1.0,,,,,0.1,0.23,0.33,2.42,0.0,0.0,1.64,1.64,8.18,3,0,0,0,0,0,0,0,0,0,0,0,0,0,0,0,45,2122,0,0.0,0.0,0.0,0.0,0.0,0.0,0.0,0.0,0,0,0,0
466,Sean,Neave,Neave,u,Has joined Wolves on loan for the rest of the season,,4.5,552,76,0.8,216,37,0.0,508,55,0,0,0,0,0,0,3580,0.0,0.0,0.0,0.0,0.0,508,55,0.0,0.0,474,46,475,51,419,48,484,51,,,,,,,,0.0,0.0,0.0,0.0,0.0,0.0,0.0,0.0,0.0,3,0,0,0,0,0,0,0,0,0,0,0,0,0,0,0,0,3706,0,0.0,0.0,0.0,0.0,0.0,0.0,0.0,0.0,0,0,0,0
559,Aladji,Bamba,Bamba,a,,,5.0,375,227,0.1,412,160,0.3,353,164,0,0,0,0,0,86,213,0.1,0.2,0.3,0.3,1.0,316,141,,,289,133,583,245,553,222,318,145,,,,,,,,0.0,0.0,0.0,6.69,0.0,0.0,6.43,0.0,12.86,3,0,0,0,0,0,0,0,0,0,0,0,0,0,0,0,89,226,0,0.0,0.0,0.0,0.0,0.0,0.0,0.0,0.0,0,0,0,0
567,Lukás,Hornícek,Horníček,a,,,5.0,314,15,1.2,173,25,3.3,85,5,2,0,0,0,0,5464,1760,0.7,2.0,3.3,3.3,3.3,105,6,,,8,1,552,65,514,65,108,1,,,,,,,,0.0,0.0,0.0,1.87,4.33,0.33,1.33,1.0,0.0,3,2,90,0,0,0,2,0,0,0,0,0,4,1,0,12,6026,1950,0,0.0,0.0,0.0,1.5,0.0,0.0,0.0,0.0,0,0,6,0
593,Amar,Dedic,Dedić,a,,,4.5,498,129,3.4,94,37,4.3,49,22,1,0,0,0,0,27538,5965,1.0,2.9,4.3,4.3,4.3,67,29,,,32,10,75,21,193,67,72,18,,,,,,,,0.04,0.03,0.07,1.87,0.0,0.33,1.33,1.0,6.0,3,1,90,0,0,0,2,0,0,0,0,0,0,1,0,1,32687,6778,0,0.1,0.020000000000000004,0.12,1.5,0.0,0.0,0.0,0.0,0,1,4,1
634,Matias,Fernandez-Pardo,Fernandez-Pardo,a,,,6.0,84,20,0.1,481,66,1.0,255,32,1,0,0,0,0,1053,157,0.2,0.2,2.1,2.1,1.0,354,43,,,638,75,638,75,634,75,638,75,,,,,,,,0.0,0.0,0.0,0.13,0.0,0.0,0.0,0.0,3.33,3,1,27,0,0,0,0,0,0,0,0,0,0,0,0,4,1115,170,0,0.0,0.0,0.0,0.04,0.0,0.0,0.0,0.0,0,0,1,1
167,Liam,Delap,Delap,a,,,5.5,163,40,0.8,214,36,1.0,247,30,2,0,0,0,0,2527,1030,0.2,0.5,1.0,1.0,1.5,238,27,,,290,28,187,24,179,31,255,30,,,3.0,,,,,0.1,0.06,0.16,1.6,0.0,0.93,0.93,0.93,4.64,3,2,73,0,0,1,0,0,0,0,0,0,0,1,0,6,2723,1102,0,0.039999999999999994,0.06,0.1,1.39,0.0,0.0,0.0,0.0,0,2,3,5
201,Daniel,Muñoz Mejía,Muñoz,a,,,5.4,210,29,6.4,63,25,0.3,356,128,1,0,0,-1,1,1862,8715,0.1,0.2,0.3,0.3,0.5,374,130,,,324,121,256,88,84,20,240,89,,,,,,,,0.28,0.01,0.29,1.12,0.0,0.0,2.12,1.06,5.29,3,1,31,0,0,0,0,0,0,0,0,0,0,0,0,5,2007,9636,0,0.03,0.0,0.030000000000000027,0.22000000000000008,0.0,0.0,0.0,0.0,1,0,0,1
467,Matz,Sels,Sels,a,,,5.0,240,5,1.4,156,22,3.0,104,11,6,0,0,0,0,789,903,0.6,1.8,3.0,3.0,3.0,122,11,,,133,14,516,56,467,55,216,14,,,,,,,,0.0,0.0,0.0,1.26,1.33,0.33,1.0,1.0,0.0,3,6,90,0,0,1,0,0,0,0,0,0,0,1,0,21,862,1032,0,0.0,0.0,0.0,1.5699999999999998,0.0,0.0,0.0,0.0,0,1,11,0
468,John Victor,Maciel Furtado,John,a,,,4.5,467,35,0.1,484,55,0.0,456,56,0,0,0,0,0,32,44,0.0,0.0,0.0,0.0,0.0,456,56,,,419,56,415,37,351,36,429,56,,,,,,,,0.0,0.0,0.0,0.0,0.0,0.0,0.0,0.0,0.0,3,0,0,0,0,0,0,0,0,0,0,0,0,0,0,0,33,48,0,0.0,0.0,0.0,0.0,0.0,0.0,0.0,0.0,0,0,0,0
469,Neco,Williams,N.Williams,a,,,5.0,273,43,8.2,52,20,4.7,44,18,6,0,0,0,0,4787,6606,0.9,2.8,4.7,4.7,4.7,62,25,,,58,21,77,22,129,41,75,21,2.0,2.0,,,,,,0.04,0.07,0.11,1.26,0.0,0.33,1.0,1.0,8.0,3,6,90,0,0,1,0,0,0,0,0,0,0,1,0,27,5249,7815,0,0.0,0.03999999999999998,0.040000000000000036,1.5699999999999998,0.0,0.0,0.0,0.0,3,3,8,6
3,Illan,Meslier,Meslier,a,,,4.9,397,20,0.0,535,60,0.0,531,66,0,-1,1,-1,1,36,36,0.0,0.0,0.0,0.0,0.0,531,66,,,500,66,500,54,448,53,509,66,,,,,,,,0.0,0.0,0.0,0.0,0.0,0.0,0.0,0.0,0.0,3,0,0,0,0,0,0,0,0,0,0,0,0,0,0,0,38,38,0,0.0,0.0,0.0,0.0,0.0,0.0,0.0,0.0,0,0,0,0
470,Felipe,Rodrigues da Silva,Morato,u,Has joined West Ham on loan for the rest of the season,,5.0,318,59,0.0,527,181,0.0,572,206,0,0,0,0,0,0,191,0.0,0.0,0.0,0.0,0.0,572,206,0.0,0.0,547,205,553,205,515,200,555,205,,,,,,,,0.0,0.0,0.0,0.0,0.0,0.0,0.0,0.0,0.0,3,0,0,0,0,0,0,0,0,0,0,0,0,0,0,0,0,199,0,0.0,0.0,0.0,0.0,0.0,0.0,0.0,0.0,0,0,0,0
471,Nikola,Milenković,Milenković,a,,,5.5,146,19,1.6,141,59,4.0,65,28,7,0,0,0,0,456,990,0.7,2.2,4.0,4.0,4.0,79,32,,,156,70,301,112,120,37,197,74,,,,,,,,0.04,0.01,0.05,1.26,0.0,0.33,1.0,1.0,10.33,3,7,90,0,0,1,0,0,0,0,1,0,0,1,0,27,499,1133,0,0.0,0.009999999999999998,0.010000000000000009,1.5699999999999998,0.0,0.0,0.0,0.0,2,9,3,11
472,Murillo,Costa dos Santos,Murillo,a,,,5.5,190,27,1.5,147,62,3.7,76,30,6,0,0,0,0,603,996,0.7,2.0,3.7,3.7,3.7,94,33,100.0,100.0,78,32,98,30,160,54,104,37,,3.0,,,,,,0.1,0.09,0.19,1.27,0.0,0.33,1.0,1.0,9.7,3,6,89,0,0,1,0,0,0,0,0,0,0,1,0,24,704,1130,0,0.12,0.0,0.11999999999999994,1.5699999999999998,0.0,0.0,0.0,0.0,4,5,4,9
473,Ola,Aina,Aina,a,,,4.5,446,90,3.1,104,41,2.0,152,61,1,0,0,0,0,1236,4403,0.4,1.3,2.0,2.0,2.0,176,66,,,143,64,31,6,111,32,74,20,,,,,,,,0.02,0.22,0.24,1.44,0.0,0.42,0.83,1.25,5.83,3,1,58,0,0,0,0,0,0,0,0,0,0,1,0,8,1348,4966,0,0.0,0.0,0.0,1.3600000000000003,0.0,0.0,0.0,0.0,5,2,4,7
474,Jair,Paula da Cunha Filho,Jair Cunha,a,,,4.5,542,146,0.2,343,126,3.3,82,33,8,0,0,0,0,213,129,0.7,2.2,3.3,3.3,3.3,102,39,,,115,52,258,89,411,176,203,79,,,,,,,,0.01,0.0,0.01,1.26,0.0,0.33,1.0,1.0,9.0,3,8,90,0,0,1,0,0,0,0,0,0,0,1,0,22,220,149,0,0.03,0.01,0.04,1.5699999999999998,0.0,0.0,0.0,0.0,2,9,2,11
631,Ibrahim,Mbaye,Mbaye,a,,,6.0,86,57,0.0,500,204,0.0,641,282,0,0,0,0,0,716,104,0.0,0.0,2.2,2.2,0.0,641,282,,,640,281,640,281,636,277,640,281,,,,,,,,0.0,0.0,0.0,0.0,0.0,0.0,0.0,0.0,0.0,3,0,0,0,0,0,0,0,0,0,0,0,0,0,0,0,777,116,0,0.0,0.0,0.0,0.0,0.0,0.0,0.0,0.0,0,0,0,0
475,Nicolò,Savona,Savona,i,Knee injury - Unknown return date,,4.5,517,137,0.0,642,213,0.0,479,184,0,0,0,0,0,4,2,0.0,0.0,0.0,0.0,0.0,479,184,0.0,0.0,443,178,445,179,387,168,453,178,,,,,,,,0.0,0.0,0.0,0.0,0.0,0.0,0.0,0.0,0.0,3,0,0,0,0,0,0,0,0,0,0,0,0,0,0,0,4,2,0,0.0,0.0,0.0,0.0,0.0,0.0,0.0,0.0,0,0,0,0
476,Omar,Richards,O.Richards,a,,,4.0,600,172,0.2,329,121,0.0,397,138,0,0,0,0,0,151,126,0.0,0.0,0.0,0.0,0.0,397,138,,,358,130,350,128,274,101,368,130,,,,,,,,0.0,0.0,0.0,0.0,0.0,0.0,0.0,0.0,0.0,3,0,0,0,0,0,0,0,0,0,0,0,0,0,0,0,157,139,0,0.0,0.0,0.0,0.0,0.0,0.0,0.0,0.0,0,0,0,0
477,Zach,Abbott,Abbott,u,Has joined Southampton on loan for the rest of the season,,4.0,635,198,0.2,335,123,0.0,423,155,0,0,0,0,0,0,710,0.0,0.0,0.0,0.0,0.0,423,155,0.0,0.0,384,147,376,145,301,119,394,147,,,,,,,,0.0,0.0,0.0,0.0,0.0,0.0,0.0,0.0,0.0,3,0,0,0,0,0,0,0,0,0,0,0,0,0,0,0,0,742,0,0.0,0.0,0.0,0.0,0.0,0.0,0.0,0.0,0,0,0,0
478,Luca,Netz,Netz,a,,,4.5,501,130,0.0,529,183,0.7,271,97,0,0,0,0,0,15,21,0.2,0.4,0.7,0.7,1.0,276,106,,,312,117,283,102,374,164,325,117,,,,,,,,0.0,0.0,0.0,0.58,0.0,0.0,4.5,0.0,4.5,3,0,0,0,0,0,0,0,0,0,0,0,0,0,0,0,15,24,0,0.0,0.0,0.0,0.0,0.0,0.0,0.0,0.0,0,0,0,0
479,Tyler,Bindon,Bindon,u,Has joined Charlton Athletic on loan for the rest of the season,,4.0,630,193,0.1,369,135,0.0,419,151,0,0,0,0,0,0,357,0.0,0.0,0.0,0.0,0.0,419,151,0.0,0.0,380,143,372,141,297,115,390,143,,,,,,,,0.0,0.0,0.0,0.0,0.0,0.0,0.0,0.0,0.0,3,0,0,0,0,0,0,0,0,0,0,0,0,0,0,0,0,374,0,0.0,0.0,0.0,0.0,0.0,0.0,0.0,0.0,0,0,0,0
480,Morgan,Gibbs-White,Gibbs-White,a,,,7.9,10,6,9.4,46,18,6.0,30,15,3,0,0,-1,1,14453,8798,0.8,2.3,6.0,6.0,6.0,43,21,100.0,100.0,40,18,119,73,58,33,57,37,,1.0,1.0,,,,,0.41,0.04,0.45,1.26,0.0,0.33,1.0,1.0,5.0,3,3,90,0,0,1,0,0,0,0,0,0,0,1,0,3,17520,10041,0,0.29999999999999993,0.009999999999999995,0.31000000000000005,1.5699999999999998,0.0,0.0,0.0,0.0,2,0,5,7
482,Callum,Hudson-Odoi,Hudson-Odoi,a,,,5.9,94,61,0.2,345,126,0.3,368,172,0,0,0,-1,1,125,258,0.1,0.2,0.3,0.3,1.0,346,161,100.0,100.0,624,271,320,162,617,265,627,271,,4.0,,,,,,0.0,0.0,0.0,0.0,0.0,0.0,0.0,0.0,0.0,3,0,0,0,0,0,0,0,0,0,0,0,0,0,0,0,133,284,0,0.0,0.0,0.0,0.0,0.0,0.0,0.0,0.0,0,0,0,0
483,Dan,Ndoye,Ndoye,a,,,5.5,162,98,0.7,229,77,4.3,53,24,1,0,0,0,0,1958,1129,0.8,2.4,4.3,4.3,4.3,70,31,,,108,41,101,63,51,29,70,42,,,,,,,,0.17,0.31,0.48,1.48,0.0,0.49,0.49,1.47,8.8,3,1,58,0,0,0,0,0,0,0,0,0,0,1,0,5,2239,1209,0,0.0,0.0,0.0,1.3599999999999999,0.0,0.0,0.0,0.0,2,0,4,6
484,Omari,Hutchinson,Hutchinson,u,Has joined AC Milan on loan for the rest of the season,,5.4,226,141,0.1,420,166,0.0,613,262,0,0,0,-1,1,0,482,0.0,0.0,0.0,0.0,0.0,613,262,0.0,0.0,595,253,600,257,578,240,602,255,,,,,,,,0.0,0.0,0.0,0.0,0.0,0.0,0.0,0.0,0.0,3,0,0,0,0,0,0,0,0,0,0,0,0,0,0,0,0,528,0,0.0,0.0,0.0,0.0,0.0,0.0,0.0,0.0,0,0,0,0
485,Dilane,Bakwa,Bakwa,u,Has joined Lille on loan for the rest of the season,,5.5,170,103,0.0,612,261,0.0,624,270,0,0,0,0,0,0,29,0.0,0.0,0.0,0.0,0.0,624,270,0.0,0.0,612,264,616,265,604,257,617,265,,,,,,,,0.0,0.0,0.0,0.0,0.0,0.0,0.0,0.0,0.0,3,0,0,0,0,0,0,0,0,0,0,0,0,0,0,0,0,30,0,0.0,0.0,0.0,0.0,0.0,0.0,0.0,0.0,0,0,0,0
486,James,McAtee,McAtee,a,,,5.5,153,92,0.1,456,182,2.3,142,61,2,0,0,0,0,186,96,0.4,1.3,2.3,2.3,2.3,167,73,,,176,68,17,16,599,252,97,50,1.0,,,,,,,0.04,0.15,0.19,1.3,0.0,0.71,0.71,1.07,8.18,3,2,90,0,0,1,0,0,0,0,1,0,0,1,0,20,201,104,0,0.12,0.08999999999999997,0.21000000000000002,1.5700000000000003,0.0,0.0,0.0,0.0,2,1,4,7
487,Nicolás,Domínguez,Dominguez,a,,,5.0,293,177,0.1,473,188,0.3,343,154,0,0,0,0,0,44,61,0.1,0.2,0.3,0.3,1.0,299,126,,,335,154,541,222,498,189,547,219,,,,,,,,0.0,0.0,0.0,0.0,0.0,0.0,0.0,0.0,0.0,3,0,0,0,0,0,0,0,0,0,0,0,0,0,0,0,48,69,0,0.0,0.0,0.0,0.0,0.0,0.0,0.0,0.0,0,0,0,0
488,Ibrahim,Sangaré,I.Sangaré,a,,,4.9,390,237,0.6,240,81,0.7,273,125,0,0,0,-1,1,503,798,0.1,0.4,0.7,0.7,2.0,185,80,100.0,100.0,190,73,160,97,210,101,209,93,,,,,,,,0.03,0.01,0.04,0.47,0.0,0.0,1.0,1.0,6.0,3,0,0,0,0,0,0,0,0,0,0,0,0,0,0,0,566,947,0,0.0,0.0,0.0,0.0,0.0,0.0,0.0,0.0,0,0,0,0
489,Ryan,Yates,Yates,a,,,4.5,461,261,1.4,151,44,0.0,454,182,0,0,0,0,0,1323,1436,0.0,0.0,0.0,0.0,0.0,454,182,100.0,100.0,417,162,412,171,347,128,427,167,,,,,,,,0.0,0.0,0.0,0.0,0.0,0.0,0.0,0.0,0.0,3,0,0,0,0,0,0,0,0,0,0,0,0,0,0,0,1393,1524,0,0.0,0.0,0.0,0.0,0.0,0.0,0.0,0.0,0,0,0,0
490,Chris,Wood,Wood,a,,,5.9,88,22,1.2,172,26,0.7,299,36,1,0,0,-1,1,871,2324,0.1,0.3,0.7,0.7,1.0,343,40,,,622,69,236,33,213,34,320,37,,,2.0,,,,,0.25,0.02,0.27,0.82,0.0,0.0,2.05,0.0,2.05,3,1,16,0,0,0,0,0,0,0,0,0,0,0,0,3,916,2578,0,0.0,0.0,0.0,0.18000000000000002,0.0,0.0,0.0,0.0,0,0,0,0
491,Igor Jesus,Maciel da Cruz,Igor Jesus,a,,,5.9,105,28,3.0,105,16,1.3,215,22,1,0,0,-1,1,2174,6829,0.2,0.7,1.3,1.3,1.3,247,29,,,213,18,125,12,14,6,66,10,,,4.0,,,,,0.41,0.03,0.44,1.04,0.0,0.0,1.28,0.85,3.84,3,1,31,0,0,0,0,0,0,0,0,0,0,0,0,3,2376,7388,0,0.0,0.0,0.0,0.21999999999999975,0.0,0.0,0.0,0.0,1,0,0,1
493,Arnaud,Kalimuendo,Kalimuendo,a,,,5.4,218,49,0.1,492,68,0.3,357,42,0,0,0,-1,1,332,98,0.1,0.2,0.3,0.3,1.0,323,34,,,589,62,595,67,571,64,596,67,,,,,,,,0.0,0.0,0.0,0.0,0.0,0.0,0.0,0.0,0.0,3,0,0,0,0,0,0,0,0,0,0,0,0,0,0,0,344,105,0,0.0,0.0,0.0,0.0,0.0,0.0,0.0,0.0,0,0,0,0
558,Xaver,Schlager,Schlager,a,,,5.0,265,164,0.1,426,169,2.7,116,47,3,0,0,0,0,85,101,0.5,1.6,2.7,2.7,2.7,141,59,,,169,62,260,135,154,76,212,94,3.0,,,,,,,0.03,0.03,0.06,1.58,0.0,0.46,1.38,0.92,11.94,3,3,90,0,0,1,0,0,0,0,0,0,0,1,0,20,96,114,0,0.020000000000000004,0.06,0.08,1.5700000000000003,0.0,0.0,0.0,0.0,4,3,3,10
581,Ousmane,Diomande,Diomande,a,,,5.4,231,32,0.6,242,90,0.3,361,129,1,0,0,-1,1,218,894,0.1,0.2,0.3,0.3,1.0,330,122,,,598,210,601,210,581,208,604,210,,,,,,,,0.0,0.0,0.0,0.0,0.0,0.0,0.0,0.0,0.0,3,1,1,0,0,0,0,0,0,0,0,0,0,0,0,3,230,974,0,0.0,0.0,0.0,0.0,0.0,0.0,0.0,0.0,0,0,0,0
590,Steven,Benda,Benda,a,,,4.5,487,38,0.1,467,53,0.0,464,58,0,0,0,0,0,70,69,0.0,0.0,0.0,0.0,0.0,464,58,,,428,58,425,40,364,39,438,58,,,,,,,,0.0,0.0,0.0,0.0,0.0,0.0,0.0,0.0,0.0,3,0,0,0,0,0,0,0,0,0,0,0,0,0,0,0,73,73,0,0.0,0.0,0.0,0.0,0.0,0.0,0.0,0.0,0,0,0,0
112,Jan Paul,van Hecke,Van Hecke,a,,,4.9,404,74,7.2,58,23,3.3,83,34,8,0,0,-1,1,1414,9499,0.7,2.0,3.3,3.3,3.3,103,40,,,45,14,141,43,55,11,62,15,,,,,,,,0.07,0.02,0.09,1.75,0.0,0.33,1.67,1.0,7.0,3,8,90,0,0,1,0,0,0,0,0,0,0,1,2,29,1982,11397,0,0.11,0.010000000000000009,0.11999999999999997,0.6500000000000004,0.0,0.0,0.0,0.0,1,3,4,4
147,Tosin,Adarabioyo,Tosin,a,,,4.5,437,86,0.2,352,129,0.0,442,169,0,0,0,0,0,91,158,0.0,0.0,0.0,0.0,0.0,442,169,,,404,161,398,159,332,141,414,161,,,,,,,,0.0,0.0,0.0,0.0,0.0,0.0,0.0,0.0,0.0,3,0,0,0,0,0,0,0,0,0,0,0,0,0,0,0,92,178,0,0.0,0.0,0.0,0.0,0.0,0.0,0.0,0.0,0,0,0,0
401,Omar,Marmoush,Marmoush,a,,,7.0,28,9,2.2,120,18,1.3,223,25,2,0,0,0,0,6025,3889,0.2,0.6,1.3,1.3,2.0,217,24,,,238,21,63,4,68,15,119,16,,,2.0,,,,,0.27,0.04,0.31,0.7,0.0,0.52,1.04,1.04,2.08,3,2,83,0,0,1,0,0,0,0,0,0,0,1,0,2,6561,4091,0,0.35,0.009999999999999995,0.36,0.6200000000000001,0.0,0.0,0.0,0.0,0,0,0,0
403,Sávio,Moreira de Oliveira,Sávio,a,,,6.5,44,30,0.7,227,75,1.0,256,121,3,0,0,0,0,1667,1159,0.2,0.5,1.0,1.0,3.0,139,57,100.0,100.0,646,286,646,286,645,285,646,286,,,,,,,,0.03,0.4,0.43,0.57,0.0,1.5,0.0,1.5,0.0,3,3,60,0,0,1,0,0,0,0,0,0,0,1,0,14,1836,1355,0,0.02,0.27,0.29,0.38,0.0,0.0,0.0,0.0,0,0,0,0
455,Sandro,Tonali,Tonali,a,,,5.4,212,132,2.8,110,32,3.0,109,43,5,0,0,-1,1,1462,4202,0.6,1.7,3.0,3.0,3.0,129,52,,,227,94,73,47,130,66,152,72,,5.0,,,,,,0.03,0.03,0.06,1.86,0.0,0.35,1.77,1.06,7.09,3,5,90,0,0,1,0,0,0,0,0,0,0,1,0,22,1548,4844,0,0.0,0.009999999999999995,0.009999999999999981,0.6500000000000004,0.0,0.0,0.0,0.0,4,4,4,12
494,Guglielmo,Vicario,Vicario,u,Has joined Juventus on loan for the rest of the season,,4.5,453,33,0.2,349,39,0.0,451,54,0,0,0,0,0,0,352,0.0,0.0,0.0,0.0,0.0,451,54,0.0,0.0,414,54,409,35,343,34,424,54,,,,,,,,0.0,0.0,0.0,0.0,0.0,0.0,0.0,0.0,0.0,3,0,0,0,0,0,0,0,0,0,0,0,0,0,0,0,0,367,0,0.0,0.0,0.0,0.0,0.0,0.0,0.0,0.0,0,0,0,0
495,Brandon,Austin,Austin,a,,,4.0,601,62,1.0,196,31,0.0,398,36,0,0,0,0,0,967,376,0.0,0.0,0.0,0.0,0.0,398,36,,,359,36,351,15,275,14,369,36,,,,,,,,0.0,0.0,0.0,0.0,0.0,0.0,0.0,0.0,0.0,3,0,0,0,0,0,0,0,0,0,0,0,0,0,0,0,1064,435,0,0.0,0.0,0.0,0.0,0.0,0.0,0.0,0.0,0,0,0,0
496,Antonín,Kinský,Kinsky,a,,,4.5,505,42,19.3,14,3,3.0,101,9,6,0,0,0,0,4344,27149,0.7,2.0,3.0,3.0,3.0,118,9,,,67,9,435,44,377,43,177,10,,,,,,,,0.0,0.0,0.0,1.75,2.0,0.33,1.67,1.0,0.0,3,6,90,0,0,1,0,0,0,0,0,0,1,1,0,24,4850,30988,0,0.0,0.0,0.0,0.6500000000000004,0.0,0.0,0.0,0.0,0,2,7,0
497,Martin,Dubravka,Dubravka,a,,,4.0,579,53,18.0,20,4,0.0,383,27,0,0,0,0,0,12907,7715,0.0,0.0,0.0,0.0,0.0,383,27,,,344,27,334,6,256,5,353,27,,,,,,,,0.0,0.0,0.0,0.0,0.0,0.0,0.0,0.0,0.0,3,0,0,0,0,0,0,0,0,0,0,0,0,0,0,0,14772,9034,0,0.0,0.0,0.0,0.0,0.0,0.0,0.0,0.0,0,0,0,0
498,Marcos,Senesi Barón,Senesi,a,,,5.9,96,9,5.4,67,27,1.0,252,85,0,0,0,-1,1,457,10541,0.2,0.5,1.0,1.0,3.0,136,53,,,111,50,243,80,619,212,198,75,,,,,,,,0.0,0.02,0.02,3.87,0.0,0.0,3.0,1.0,16.0,3,0,0,0,0,0,0,0,0,0,0,0,0,0,0,0,481,11729,0,0.0,0.0,0.0,0.0,0.0,0.0,0.0,0.0,0,0,0,0
499,Pedro,Porro Sauceda,Pedro Porro,a,,,5.5,159,21,11.5,34,12,3.3,93,37,9,0,0,0,0,4114,8375,0.6,1.8,3.3,3.3,5.0,56,23,100.0,100.0,236,96,196,63,87,22,200,77,3.0,1.0,,,,,,0.18,0.1,0.28,0.68,0.0,0.5,1.0,1.0,4.0,3,9,90,0,0,1,0,0,0,0,0,0,0,1,3,32,4359,9876,0,0.019999999999999962,0.1,0.12000000000000005,0.6500000000000001,0.0,0.0,0.0,0.0,1,3,3,4
500,Cristian,Romero,Romero,u,Has joined Atletico Madrid permanently,,5.0,279,46,0.1,416,148,0.0,557,202,0,0,0,0,0,0,228,0.0,0.0,0.0,0.0,0.0,557,202,0.0,0.0,531,201,532,201,488,194,538,201,,,,,,,,0.0,0.0,0.0,0.0,0.0,0.0,0.0,0.0,0.0,3,0,0,0,0,0,0,0,0,0,0,0,0,0,0,0,0,235,0,0.0,0.0,0.0,0.0,0.0,0.0,0.0,0.0,0,0,0,0
502,Andrew,Robertson,Robertson,a,,,4.5,441,87,3.2,101,39,2.0,151,60,1,0,0,0,0,849,5547,0.4,1.3,2.0,2.0,2.0,175,65,,,81,35,57,12,69,14,61,14,1.0,,,,,,,0.03,0.04,0.07,2.24,0.0,0.0,1.94,0.97,7.26,3,1,29,0,0,0,0,0,0,0,0,0,0,0,0,3,925,6167,0,0.0,0.0,0.0,0.27000000000000046,0.0,0.0,0.0,0.0,0,1,1,1
503,Micky,van de Ven,Van de Ven,a,,,5.0,326,60,3.7,92,36,2.3,140,56,7,0,0,0,0,1736,2983,0.5,1.4,2.3,2.3,3.5,99,36,100.0,100.0,205,86,246,83,523,201,272,99,,,,,,,,0.42,0.01,0.43,0.68,0.0,0.5,1.0,1.0,8.0,3,7,90,0,0,1,0,0,0,0,0,0,0,1,1,28,1809,3384,0,0.85,0.0,0.85,0.6500000000000001,0.0,0.0,0.0,0.0,2,6,4,8
505,Djed,Spence,Spence,u,Has joined Internazionale permanently,,4.5,476,113,0.3,289,109,0.0,460,175,0,0,0,0,0,0,843,0.0,0.0,0.0,0.0,0.0,460,175,0.0,0.0,423,168,419,168,356,153,433,168,,,,,,,,0.0,0.0,0.0,0.0,0.0,0.0,0.0,0.0,0.0,3,0,0,0,0,0,0,0,0,0,0,0,0,0,0,0,0,886,0,0.0,0.0,0.0,0.0,0.0,0.0,0.0,0.0,0,0,0,0
506,Destiny,Udogie,Udogie,a,,,4.5,506,133,0.4,268,98,2.3,135,53,5,0,0,0,0,144,346,0.5,1.6,2.3,2.3,2.3,162,62,,,267,102,168,51,222,83,260,96,,,,,,,,0.0,0.24,0.24,1.11,0.0,1.05,1.05,1.05,4.19,3,5,60,0,0,1,0,0,0,0,1,0,0,1,0,16,152,388,0,0.0,0.020000000000000018,0.020000000000000018,0.38,0.0,0.0,0.0,0.0,0,3,1,3
507,Ashley,Phillips,Phillips,u,Has joined Middlesbrough permanently,,4.5,528,141,0.0,578,196,0.0,489,187,0,0,0,0,0,0,16,0.0,0.0,0.0,0.0,0.0,489,187,0.0,0.0,454,182,456,183,398,172,464,182,,,,,,,,0.0,0.0,0.0,0.0,0.0,0.0,0.0,0.0,0.0,3,0,0,0,0,0,0,0,0,0,0,0,0,0,0,0,0,16,0,0.0,0.0,0.0,0.0,0.0,0.0,0.0,0.0,0,0,0,0
508,Ben,Davies,Davies,a,,,4.0,587,163,0.9,198,76,0.0,390,135,0,0,0,0,0,360,692,0.0,0.0,0.0,0.0,0.0,390,135,,,351,127,341,123,263,94,360,126,,,,,,,,0.0,0.0,0.0,0.0,0.0,0.0,0.0,0.0,0.0,3,0,0,0,0,0,0,0,0,0,0,0,0,0,0,0,392,758,0,0.0,0.0,0.0,0.0,0.0,0.0,0.0,0.0,0,0,0,0
509,Jun'ai,Byfield,Byfield,a,,,4.0,649,211,0.1,487,171,0.0,433,164,0,0,0,0,0,102,50,0.0,0.0,0.0,0.0,0.0,433,164,,,394,156,386,154,314,131,404,156,,,,,,,,0.0,0.0,0.0,0.0,0.0,0.0,0.0,0.0,0.0,3,0,0,0,0,0,0,0,0,0,0,0,0,0,0,0,113,53,0,0.0,0.0,0.0,0.0,0.0,0.0,0.0,0.0,0,0,0,0
510,James,Rowswell,Rowswell,a,,,4.0,626,190,0.1,443,157,0.0,415,148,0,0,0,0,0,103,65,0.0,0.0,0.0,0.0,0.0,415,148,,,376,140,368,138,293,112,386,140,,,,,,,,0.0,0.0,0.0,0.0,0.0,0.0,0.0,0.0,0.0,3,0,0,0,0,0,0,0,0,0,0,0,0,0,0,0,115,71,0,0.0,0.0,0.0,0.0,0.0,0.0,0.0,0.0,0,0,0,0
511,João Victor,de Souza Menezes,Souza,u,Has joined FC Porto on loan for the rest of the season,,4.0,648,210,0.2,321,117,0.0,432,163,0,0,0,0,0,0,794,0.0,0.0,0.0,0.0,0.0,432,163,0.0,0.0,393,155,385,153,313,130,403,155,,,,,,,,0.0,0.0,0.0,0.0,0.0,0.0,0.0,0.0,0.0,3,0,0,0,0,0,0,0,0,0,0,0,0,0,0,0,0,828,0,0.0,0.0,0.0,0.0,0.0,0.0,0.0,0.0,0,0,0,0
512,Mohammed,Kudus,Kudus,a,,,6.5,41,28,0.1,405,157,0.7,308,147,1,0,0,0,0,401,220,0.1,0.3,0.7,0.7,1.0,360,172,100.0,100.0,326,148,225,122,145,72,276,123,,3.0,3.0,,,,,0.07,0.3,0.37,0.9,0.0,0.0,1.76,0.0,8.82,3,1,29,0,0,0,0,0,0,0,0,0,0,0,0,9,430,226,0,0.0,0.16,0.15999999999999998,0.27,0.0,0.0,0.0,0.0,0,0,3,3
513,Xavi,Simons,Xavi,i,Knee injury - Unknown return date,,6.0,77,52,0.0,591,247,0.0,639,280,0,0,0,0,0,12,28,0.0,0.0,0.0,0.0,0.0,639,280,0.0,0.0,635,279,636,279,631,275,636,279,,2.0,4.0,,,,,0.0,0.0,0.0,0.0,0.0,0.0,0.0,0.0,0.0,3,0,0,0,0,0,0,0,0,0,0,0,0,0,0,0,12,28,0,0.0,0.0,0.0,0.0,0.0,0.0,0.0,0.0,0,0,0,0
514,Mathys,Tel,Tel,a,,,5.9,108,69,0.3,295,100,2.3,144,63,3,0,0,-1,1,178,755,0.4,1.2,2.3,2.3,2.3,169,75,,,211,85,86,54,38,22,86,48,,4.0,,,,,,0.08,0.05,0.13,1.9,0.0,0.39,1.57,1.17,5.09,3,3,73,0,0,1,0,0,0,0,0,0,0,1,0,9,191,972,0,0.0,0.05000000000000002,0.050000000000000044,0.5100000000000007,0.0,0.0,0.0,0.0,0,0,2,2
515,James,Maddison,Maddison,d,Shoulder injury - 75% chance of playing,,6.4,48,33,0.5,245,83,0.3,375,176,0,0,0,-1,1,19,1763,0.0,0.2,0.2,0.2,1.0,356,168,75.0,75.0,281,129,194,108,163,79,256,115,,,,,,,,0.0,0.04,0.04,3.48,0.0,0.0,0.0,0.0,8.18,3,0,0,0,0,0,0,0,0,0,0,0,0,0,0,0,19,2003,0,0.0,0.0,0.0,0.0,0.0,0.0,0.0,0.0,0,0,0,0
516,Rodrigo,Bentancur,Bentancur,a,,,5.5,137,84,0.2,350,129,2.7,120,50,5,0,0,0,0,111,144,0.5,1.5,2.7,2.7,2.7,144,61,,,193,75,118,72,592,247,193,87,,,,,,,,0.02,0.02,0.04,1.42,0.0,0.4,1.2,0.8,13.6,3,5,90,0,0,1,0,0,0,0,0,0,0,1,0,13,117,163,0,0.05,0.010000000000000002,0.06,0.6499999999999999,0.0,0.0,0.0,0.0,1,11,6,18
517,Wilson,Odobert,Odobert,i,Knee injury - Unknown return date,,5.5,188,116,0.0,649,287,0.0,625,271,0,0,0,0,0,2,4,0.0,0.0,0.0,0.0,0.0,625,271,0.0,0.0,616,268,620,269,609,261,620,268,,,,,,,,0.0,0.0,0.0,0.0,0.0,0.0,0.0,0.0,0.0,3,0,0,0,0,0,0,0,0,0,0,0,0,0,0,0,3,4,0,0.0,0.0,0.0,0.0,0.0,0.0,0.0,0.0,0,0,0,0
518,Pape Matar,Sarr,P.M.Sarr,u,Has joined Juventus on loan for the rest of the season,,4.9,405,245,0.1,389,146,0.0,536,214,0,0,0,-1,1,0,889,0.0,0.0,0.0,0.0,0.0,536,214,0.0,0.0,506,196,506,203,454,163,515,200,,,,,,,,0.0,0.0,0.0,0.0,0.0,0.0,0.0,0.0,0.0,3,0,0,0,0,0,0,0,0,0,0,0,0,0,0,0,0,920,0,0.0,0.0,0.0,0.0,0.0,0.0,0.0,0.0,0,0,0,0
519,Conor,Gallagher,Gallagher,a,,,5.4,208,129,0.2,333,119,1.0,241,112,3,0,0,-1,1,125,272,0.2,0.6,1.0,1.0,1.5,235,108,,,585,246,206,113,250,122,312,143,,,,,,,,0.01,0.08,0.09,1.63,0.0,0.7,1.41,1.41,9.14,3,3,83,0,0,1,0,0,0,0,0,0,0,1,0,22,131,308,0,0.0,0.06,0.06000000000000001,0.6199999999999999,0.0,0.0,0.0,0.0,4,1,5,10
520,Lucas,Bergvall,Bergvall,a,,,5.4,232,146,0.2,351,130,0.3,362,169,0,0,0,-1,1,72,215,0.1,0.2,0.3,0.3,1.0,331,152,,,599,256,249,130,238,114,605,257,,,,,,,,0.0,0.02,0.02,3.4,0.0,0.0,4.0,2.0,16.0,3,0,0,0,0,0,0,0,0,0,0,0,0,0,0,0,74,238,0,0.0,0.0,0.0,0.0,0.0,0.0,0.0,0.0,0,0,0,0
521,Dejan,Kulusevski,Kulusevski,i,Knee injury - Unknown return date,,6.5,39,27,0.0,605,256,0.0,645,286,0,0,0,0,0,10,21,0.0,0.0,0.0,0.0,0.0,645,286,0.0,0.0,644,285,644,285,643,284,644,285,,,,,,,,0.0,0.0,0.0,0.0,0.0,0.0,0.0,0.0,0.0,3,0,0,0,0,0,0,0,0,0,0,0,0,0,0,0,11,21,0,0.0,0.0,0.0,0.0,0.0,0.0,0.0,0.0,0,0,0,0
522,Archie,Gray,Gray,a,,,5.0,354,214,0.2,338,123,1.3,209,96,0,0,0,0,0,160,320,0.3,0.8,1.3,1.3,2.0,198,89,,,248,107,212,117,539,213,285,128,,,,,,,,0.0,0.01,0.01,2.32,0.0,0.0,2.37,1.18,6.51,3,0,0,0,0,0,0,0,0,0,0,0,0,0,0,0,170,342,0,0.0,0.0,0.0,0.0,0.0,0.0,0.0,0.0,0,0,0,0
523,Mikey,Moore,Moore,u,Has joined FC Köln on loan for the rest of the season,,5.0,333,197,0.1,402,154,1.0,237,108,0,0,0,0,0,0,1048,0.2,0.6,0.0,0.0,1.5,233,106,0.0,0.0,210,84,200,110,27,17,112,57,,,,,,,,0.4,0.02,0.42,3.3,0.0,0.0,4.04,1.01,3.03,3,0,0,0,0,0,0,0,0,0,0,0,0,0,0,0,0,1134,0,0.0,0.0,0.0,0.0,0.0,0.0,0.0,0.0,0,0,0,0
524,Callum,Olusesi,Olusesi,a,,,4.5,515,270,0.7,226,74,0.0,477,189,0,0,0,0,0,202,608,0.0,0.0,0.0,0.0,0.0,477,189,,,441,169,443,178,385,136,451,174,,,,,,,,0.0,0.0,0.0,0.0,0.0,0.0,0.0,0.0,0.0,3,0,0,0,0,0,0,0,0,0,0,0,0,0,0,0,215,651,0,0.0,0.0,0.0,0.0,0.0,0.0,0.0,0.0,0,0,0,0
525,Mateus,Fernandes,Fernandes,a,,,5.9,110,70,1.2,170,54,1.0,253,119,0,0,0,-1,1,338,2746,0.2,0.5,1.0,1.0,1.0,350,164,,,173,65,11,11,214,103,71,43,2.0,,,,,,,0.01,0.15,0.16,1.86,0.0,0.0,1.9,0.63,6.34,3,0,7,0,0,0,0,0,0,0,1,0,0,0,0,-1,370,3021,0,0.0,0.0,0.0,0.03000000000000025,0.0,0.0,0.0,0.0,0,0,0,0
526,Dominic,Solanke-Mitchell,Solanke,a,,,5.9,90,23,1.0,190,30,1.0,251,31,1,0,0,-1,1,1145,2116,0.2,0.5,1.0,1.0,1.0,344,41,,,300,30,319,40,142,25,278,33,,,1.0,,,,,0.92,0.0,0.92,1.84,0.0,0.0,0.0,0.0,2.09,3,1,6,0,0,0,0,0,0,0,0,0,0,0,0,2,1188,2327,0,0.16999999999999998,0.0,0.16999999999999998,0.030000000000000027,0.0,0.0,0.0,0.0,0,1,0,1
527,Richarlison,de Andrade,Richarlison,u,not included in squad.,,5.9,95,25,1.5,150,23,0.7,302,37,0,0,0,-1,1,0,13489,0.1,0.3,0.0,0.0,2.0,208,20,0.0,0.0,625,71,242,34,618,72,337,39,,,5.0,,,,,0.0,0.0,0.0,4.06,0.0,0.0,4.03,1.34,1.34,3,0,0,0,0,0,0,0,0,0,0,0,0,0,0,0,0,14803,0,0.0,0.0,0.0,0.0,0.0,0.0,0.0,0.0,0,0,0,0
528,Dane,Scarlett,Scarlett,u,Has joined Leyton Orient permanently,,4.5,510,66,1.6,140,21,0.0,472,46,0,0,0,0,0,0,5494,0.0,0.0,0.0,0.0,0.0,472,46,0.0,0.0,436,36,438,42,380,38,446,41,,,,,,,,0.0,0.0,0.0,0.0,0.0,0.0,0.0,0.0,0.0,3,0,0,0,0,0,0,0,0,0,0,0,0,0,0,0,0,5712,0,0.0,0.0,0.0,0.0,0.0,0.0,0.0,0.0,0,0,0,0
578,Mykhailo,Mudryk,Mudryk,a,,,5.4,219,135,0.1,466,184,0.3,358,166,1,0,0,-1,1,483,148,0.1,0.2,0.3,0.3,1.0,324,147,,,590,248,596,253,572,234,597,250,,,,,,,,0.0,0.0,0.0,0.79,0.0,0.0,0.0,0.0,0.0,3,1,16,0,0,0,0,0,0,0,0,0,0,0,0,3,511,157,0,0.0,0.0,0.0,0.14,0.0,0.0,0.0,0.0,0,0,0,0
601,Luca,Williams-Barnett,Williams-Barnett,a,,,4.5,555,282,0.1,395,150,0.0,510,199,0,0,0,0,0,423,185,0.0,0.0,0.0,0.0,0.0,510,199,,,476,179,477,188,421,146,486,184,,,,,,,,0.0,0.0,0.0,0.0,0.0,0.0,0.0,0.0,0.0,3,0,0,0,0,0,0,0,0,0,0,0,0,0,0,0,442,191,0,0.0,0.0,0.0,0.0,0.0,0.0,0.0,0.0,0,0,0,0
501,Kevin,Danso,Danso,a,,,5.0,248,38,0.2,358,133,0.7,280,100,2,0,0,0,0,177,184,0.1,0.4,0.7,0.7,2.0,189,72,,,520,198,520,198,473,191,528,198,,,,,,,,0.0,0.07,0.07,1.26,0.0,0.0,1.0,1.0,7.0,3,2,90,0,0,0,1,0,0,0,0,0,0,1,0,11,189,201,0,0.0,0.07,0.07,1.26,0.0,0.0,0.0,0.0,1,6,3,7
529,Robin,Roefs,Roefs,a,,,5.0,331,16,3.4,95,16,3.0,106,12,2,0,0,0,0,346,4473,0.6,1.8,3.0,3.0,3.0,126,12,,,181,19,563,66,527,66,262,19,,,,,,,,0.0,0.0,0.0,1.34,0.67,0.33,1.0,1.0,0.0,3,2,90,0,0,0,1,0,0,0,0,0,1,1,0,11,419,5122,0,0.0,0.0,0.0,1.2599999999999998,0.0,0.0,0.0,0.0,0,1,13,0
530,Anthony,Patterson,Patterson,u,Has joined Wrexham permanently,,4.0,607,63,0.1,378,44,0.0,401,37,0,0,0,0,0,0,101,0.0,0.0,0.0,0.0,0.0,401,37,0.0,0.0,362,37,354,16,278,15,372,37,,,,,,,,0.0,0.0,0.0,0.0,0.0,0.0,0.0,0.0,0.0,3,0,0,0,0,0,0,0,0,0,0,0,0,0,0,0,0,106,0,0.0,0.0,0.0,0.0,0.0,0.0,0.0,0.0,0,0,0,0
531,Melker,Ellborg,Ellborg,a,,,4.5,522,45,0.1,446,49,0.0,483,61,0,0,0,0,0,32,59,0.0,0.0,0.0,0.0,0.0,483,61,,,448,61,450,47,392,46,458,61,,,,,,,,0.0,0.0,0.0,0.0,0.0,0.0,0.0,0.0,0.0,3,0,0,0,0,0,0,0,0,0,0,0,0,0,0,0,34,64,0,0.0,0.0,0.0,0.0,0.0,0.0,0.0,0.0,0,0,0,0
532,Daniel,Ballard,Ballard,a,,,5.0,283,49,4.0,88,34,4.0,63,26,4,0,0,0,0,778,11778,0.8,2.4,4.0,4.0,4.0,76,30,,,85,38,235,76,170,59,169,62,,,,,,,,0.03,0.05,0.08,1.34,0.0,0.33,1.0,1.0,9.67,3,4,90,0,0,0,1,0,0,0,0,0,0,1,0,12,874,14173,0,0.06,0.13999999999999999,0.19999999999999998,1.2599999999999998,0.0,0.0,0.0,0.0,2,8,5,10
533,Nordi,Mukiele,Mukiele,a,,,5.5,136,16,2.4,114,46,4.3,51,23,4,0,0,0,0,746,2007,0.8,2.4,4.3,4.3,6.5,24,11,100.0,100.0,83,36,195,62,241,89,161,60,,,,,,,,0.0,0.02,0.02,1.1,0.0,0.5,0.5,1.0,16.5,3,4,90,0,0,0,1,0,0,0,0,0,0,1,0,15,853,2278,0,0.0,0.019999999999999997,0.019999999999999997,1.26,0.0,0.0,0.0,0.0,4,10,6,14
534,Trai,Hume,Hume,a,,,4.5,507,134,5.3,68,28,3.0,102,42,1,0,0,0,0,607,15361,0.7,2.0,3.0,3.0,3.0,119,48,,,142,63,21,3,113,34,68,17,3.0,,,,,,,0.02,0.13,0.15,1.44,0.0,0.46,0.46,0.92,5.54,3,1,26,0,0,0,0,0,0,0,0,0,0,0,0,8,693,17031,0,0.0,0.0,0.0,0.46999999999999975,0.0,0.0,0.0,0.0,2,0,2,2
535,Omar,Alderete,Alderete,a,,,4.9,388,70,0.3,284,107,0.3,332,119,0,-1,1,-1,1,80,666,0.1,0.2,0.3,0.3,1.0,284,111,100.0,100.0,495,193,297,110,441,185,504,193,,,,,,,,0.0,0.04,0.04,0.39,0.0,0.0,3.91,0.0,0.0,3,0,0,0,0,0,0,0,0,0,0,0,0,0,0,0,85,766,0,0.0,0.0,0.0,0.0,0.0,0.0,0.0,0.0,0,0,0,0
536,Reinildo,Mandava,Reinildo,a,,,4.5,488,122,0.4,272,100,3.0,100,41,2,0,0,0,0,113,419,0.7,2.0,3.0,3.0,3.0,117,47,,,95,43,70,18,185,64,101,36,,,,,,,,0.0,0.1,0.1,1.34,0.0,0.33,1.0,1.0,7.67,3,2,90,0,0,0,1,0,0,0,0,0,0,1,0,14,130,461,0,0.0,0.010000000000000009,0.010000000000000009,1.2599999999999998,0.0,0.0,0.0,0.0,3,5,7,8
537,Jenson,Seelt,Seelt,u,Has joined Swansea City on loan for the rest of the season,,4.5,523,140,0.0,614,205,0.0,484,186,0,0,0,0,0,0,18,0.0,0.0,0.0,0.0,0.0,484,186,0.0,0.0,449,181,451,182,393,171,459,181,,,,,,,,0.0,0.0,0.0,0.0,0.0,0.0,0.0,0.0,0.0,3,0,0,0,0,0,0,0,0,0,0,0,0,0,0,0,0,19,0,0.0,0.0,0.0,0.0,0.0,0.0,0.0,0.0,0,0,0,0
538,Leo Fuhr,Hjelde,Hjelde,u,Has joined KV Mechelen on loan for the rest of the season,,4.0,620,186,0.0,503,175,0.0,409,144,0,0,0,0,0,0,53,0.0,0.0,0.0,0.0,0.0,409,144,0.0,0.0,370,136,362,134,287,108,380,136,,,,,,,,0.0,0.0,0.0,0.0,0.0,0.0,0.0,0.0,0.0,3,0,0,0,0,0,0,0,0,0,0,0,0,0,0,0,0,55,0,0.0,0.0,0.0,0.0,0.0,0.0,0.0,0.0,0,0,0,0
539,Luke,O'Nien,O'Nien,a,,,4.0,591,165,3.0,106,42,0.3,315,106,0,0,0,0,0,322,2697,0.1,0.2,0.3,0.3,1.0,253,86,,,226,92,267,93,196,69,268,98,,,,,,,,0.01,0.01,0.02,2.3,0.0,0.0,1.36,1.36,6.82,3,0,0,0,0,0,0,0,0,0,0,0,0,0,0,0,349,3027,0,0.0,0.0,0.0,0.0,0.0,0.0,0.0,0.0,0,0,0,0
540,Arthur,Masuaku,Masuaku,u,Has joined Konyaspor permanently,,4.0,584,161,0.2,355,132,0.0,388,134,0,0,0,0,0,0,237,0.0,0.0,0.0,0.0,0.0,388,134,0.0,0.0,349,126,339,122,261,93,358,125,,,,,,,,0.0,0.0,0.0,0.0,0.0,0.0,0.0,0.0,0.0,3,0,0,0,0,0,0,0,0,0,0,0,0,0,0,0,0,250,0,0.0,0.0,0.0,0.0,0.0,0.0,0.0,0.0,0,0,0,0
544,Granit,Xhaka,Xhaka,a,,,5.5,122,79,4.6,78,26,6.0,24,11,3,0,0,0,0,3429,4075,1.1,3.3,6.0,6.0,6.0,36,16,,,97,34,6,6,584,244,38,29,2.0,1.0,,,,,,0.02,0.2,0.22,1.34,0.0,0.33,1.0,1.0,11.33,3,3,90,0,0,0,1,0,0,0,1,0,0,1,0,15,3690,4458,0,0.05,0.14999999999999997,0.2,1.2599999999999998,0.0,0.0,0.0,0.0,2,3,9,14
545,Noah,Sadiki,Sadiki,a,,,5.0,362,220,0.3,301,104,2.0,165,74,1,0,0,0,0,105,397,0.4,1.2,2.0,2.0,2.0,200,90,,,125,46,51,40,61,36,64,40,,,,,,,,0.17,0.08,0.25,1.28,0.0,0.36,1.07,1.07,5.69,3,1,73,0,0,0,1,0,0,0,1,0,0,1,0,16,123,429,0,0.38999999999999996,0.18,0.57,0.8500000000000001,0.0,0.0,0.0,0.0,0,0,3,3
546,Simon,Adingra,Adingra,u,Has joined Ajax on loan for the rest of the season,,4.9,412,250,0.0,511,210,0.0,539,216,0,0,0,-1,1,0,150,0.0,0.0,0.0,0.0,0.0,539,216,0.0,0.0,509,198,509,205,457,165,518,202,,,,,,,,0.0,0.0,0.0,0.0,0.0,0.0,0.0,0.0,0.0,3,0,0,0,0,0,0,0,0,0,0,0,0,0,0,0,0,165,0,0.0,0.0,0.0,0.0,0.0,0.0,0.0,0.0,0,0,0,0
547,Romaine,Mundle,Mundle,a,,,5.0,305,183,0.0,610,260,0.3,345,156,0,0,0,0,0,8,12,0.1,0.2,0.3,0.3,1.0,301,128,,,247,106,327,165,102,53,233,104,,,,,,,,15.3,0.0,15.3,8.1,0.0,0.0,0.0,0.0,90.0,3,0,0,0,0,0,0,0,0,0,0,0,0,0,0,0,9,12,0,0.0,0.0,0.0,0.0,0.0,0.0,0.0,0.0,0,0,0,0
548,Chris,Rigg,Rigg,a,,,5.0,358,217,0.1,489,197,0.7,288,132,0,0,0,0,0,14,40,0.1,0.4,0.7,0.7,1.0,311,136,,,570,237,315,160,543,216,578,240,,,,,,,,0.0,0.0,0.0,2.33,0.0,0.0,5.29,0.0,5.29,3,0,0,0,0,0,0,0,0,0,0,0,0,0,0,0,14,45,0,0.0,0.0,0.0,0.0,0.0,0.0,0.0,0.0,0,0,0,0
549,Chemsdine,Talbi,Talbi,a,,,5.4,229,144,0.2,356,131,0.3,360,168,0,0,0,-1,1,36,248,0.1,0.2,0.3,0.3,1.0,328,150,,,597,255,287,146,579,241,603,256,,,,,,,,0.0,0.0,0.0,0.41,0.0,0.0,2.9,0.0,5.81,3,0,0,0,0,0,0,0,0,0,0,0,0,0,0,0,36,271,0,0.0,0.0,0.0,0.0,0.0,0.0,0.0,0.0,0,0,0,0
550,Djiamgone Jocelin Ta,Bi,Jocelin.T,a,,,5.0,381,232,0.0,619,265,0.0,601,253,0,0,0,0,0,7,5,0.0,0.0,0.0,0.0,0.0,601,253,,,579,241,586,247,557,225,587,244,,,,,,,,0.0,0.0,0.0,0.0,0.0,0.0,0.0,0.0,0.0,3,0,0,0,0,0,0,0,0,0,0,0,0,0,0,0,7,5,0,0.0,0.0,0.0,0.0,0.0,0.0,0.0,0.0,0,0,0,0
551,Nilson,Angulo,N.Angulo,a,,,5.0,349,209,0.1,368,138,3.3,86,40,2,0,0,0,0,233,274,0.7,2.0,3.3,3.3,3.3,106,48,,,91,32,127,76,107,56,109,56,,3.0,,,,,,0.07,0.06,0.13,1.47,0.0,0.49,0.97,1.46,8.76,3,2,63,0,0,0,1,0,0,0,0,0,0,1,0,12,250,289,0,0.0,0.06999999999999999,0.07,0.7899999999999996,0.0,0.0,0.0,0.0,2,1,3,6
552,Brian,Brobbey,Brobbey,a,,,5.9,100,26,9.0,48,7,2.0,175,16,2,0,0,-1,1,2651,27308,0.3,1.0,2.0,2.0,2.0,210,21,,,626,72,216,29,118,23,265,31,,,,,,,,0.24,0.02,0.26,1.45,0.0,0.41,0.82,1.23,2.88,3,2,90,0,0,0,1,0,0,0,0,0,0,1,0,11,2794,31476,0,0.25999999999999995,0.06,0.32,1.2599999999999998,0.0,0.0,0.0,0.0,0,0,3,3
614,Jaouen,Hadjam,Hadjam,a,,,4.5,520,138,0.0,514,177,0.0,482,185,0,0,0,0,0,78,45,0.0,0.0,0.0,0.0,0.0,482,185,,,446,179,448,180,390,169,456,179,,,,,,,,0.0,0.0,0.0,0.0,0.0,0.0,0.0,0.0,0.0,3,0,0,0,0,0,0,0,0,0,0,0,0,0,0,0,84,46,0,0.0,0.0,0.0,0.0,0.0,0.0,0.0,0.0,0,0,0,0
574,Jens,Hjertø-Dahl,Hjertø-Dahl,a,,,4.9,415,252,0.1,476,190,0.0,541,218,0,-1,1,-1,1,38,85,0.0,0.0,0.0,0.0,0.0,541,218,,,511,200,511,207,460,167,520,204,,,,,,,,0.0,0.0,0.0,0.0,0.0,0.0,0.0,0.0,0.0,3,0,0,0,0,0,0,0,0,0,0,0,0,0,0,0,38,95,0,0.0,0.0,0.0,0.0,0.0,0.0,0.0,0.0,0,0,0,0
609,Leo,Shahar,Shahar,a,,,4.0,636,199,0.2,311,114,0.0,424,156,0,0,0,0,0,599,320,0.0,0.0,0.0,0.0,0.0,424,156,,,385,148,377,146,302,120,395,148,,,,,,,,0.0,0.0,0.0,0.0,0.0,0.0,0.0,0.0,0.0,3,0,0,0,0,0,0,0,0,0,0,0,0,0,0,0,631,331,0,0.0,0.0,0.0,0.0,0.0,0.0,0.0,0.0,0,0,0,0
541,Thomas,Meunier,Meunier,a,,,4.5,430,83,0.3,298,110,3.0,99,40,2,0,0,0,0,138,164,0.7,2.0,3.0,3.0,3.0,115,45,100.0,100.0,112,51,103,32,90,23,94,32,,,,,,,,0.09,0.05,0.14,1.31,0.0,0.37,1.11,1.11,5.19,3,2,63,0,0,0,1,0,0,0,0,0,0,1,0,0,155,182,0,0.13999999999999999,0.0,0.13999999999999999,0.79,0.0,0.0,0.0,0.0,0,2,0,2
542,Enzo,Le Fée,E.Le Fée,a,,,5.9,106,67,5.6,65,22,4.3,54,25,8,0,0,-1,1,700,18494,0.7,2.2,4.3,4.3,4.3,71,32,,,249,108,78,50,64,38,124,62,1.0,2.0,2.0,,,,,0.43,0.09,0.52,1.33,0.0,0.35,0.7,1.05,4.88,3,8,90,1,0,0,1,0,0,0,0,0,0,1,1,25,746,21922,0,0.86,0.04999999999999999,0.91,1.2600000000000002,0.0,0.0,0.0,0.0,4,0,2,6
543,Habib,Diarra,Diarra,i,Hamstring injury - Unknown return date,,5.4,228,143,0.0,502,205,1.7,188,87,0,-1,1,-1,1,4,219,0.3,0.9,0.0,0.0,2.5,155,68,0.0,0.0,203,81,181,103,237,113,221,98,,,1.0,,,,,0.1,0.51,0.61,0.39,0.0,0.0,3.21,0.0,0.0,3,0,0,0,0,0,0,0,0,0,0,0,0,0,0,0,4,244,0,0.0,0.0,0.0,0.0,0.0,0.0,0.0,0.0,0,0,0,0
553,Wilson,Isidor,Isidor,a,,,5.5,156,39,1.1,180,27,4.3,52,4,4,0,0,0,0,1973,1388,0.8,2.4,4.3,4.3,4.3,69,6,,,135,12,318,39,76,17,158,18,,,,,,,,1.78,0.01,1.79,1.13,0.0,0.0,1.2,0.0,2.4,3,4,26,0,1,0,0,0,0,0,0,0,0,0,0,15,2224,1492,0,0.09000000000000008,0.01,0.10000000000000009,0.47,0.0,0.0,0.0,0.0,0,0,2,2
612,Dayann,Méthalie,Methalie,a,,,4.5,563,153,0.0,622,207,0.0,516,195,0,0,0,0,0,19,12,0.0,0.0,0.0,0.0,0.0,516,195,100.0,100.0,483,190,483,191,428,182,492,190,,,,,,,,0.0,0.0,0.0,0.0,0.0,0.0,0.0,0.0,0.0,3,0,0,0,0,0,0,0,0,0,0,0,0,0,0,0,21,12,0,0.0,0.0,0.0,0.0,0.0,0.0,0.0,0.0,0,0,0,0
613,Jules,Ahoka,Ahoka,a,,,4.5,568,289,0.2,331,117,0.0,521,205,0,0,0,0,0,1017,401,0.0,0.0,0.0,0.0,0.0,521,205,,,488,186,488,194,433,152,497,190,,,,,,,,0.0,0.0,0.0,0.0,0.0,0.0,0.0,0.0,0.0,3,0,0,0,0,0,0,0,0,0,0,0,0,0,0,0,1105,421,0,0.0,0.0,0.0,0.0,0.0,0.0,0.0,0.0,0,0,0,0
646,Malick,Fofana,Fofana,a,,,5.5,186,114,0.0,557,229,1.0,249,117,1,0,0,0,0,275,54,0.2,0.2,2.0,2.0,1.0,341,158,,,615,267,619,268,608,260,619,267,,,,,,,,0.0,0.34,0.34,2.31,0.0,0.0,0.0,0.0,0.0,3,1,16,0,0,0,0,0,0,0,0,0,0,0,0,4,298,55,0,0.0,0.06,0.06,0.41,0.0,0.0,0.0,0.0,0,0,0,0
651,Juan,Angulo,J.Angulo,a,,,4.5,565,78,0.2,324,54,0.0,518,57,0,0,0,0,0,4388,588,0.0,0.0,1.0,1.0,0.0,518,57,,,485,48,485,53,430,50,494,53,,,,,,,,0.0,0.0,0.0,0.0,0.0,0.0,0.0,0.0,0.0,3,0,0,0,0,0,0,0,0,0,0,0,0,0,0,0,4707,630,0,0.0,0.0,0.0,0.0,0.0,0.0,0.0,0.0,0,0,0,0
