id,status,chance_of_playing_next_round,chance_of_playing_this_round,now_cost,now_cost_rank,now_cost_rank_type,cost_change_event,cost_change_event_fall,cost_change_start,cost_change_start_fall,selected_by_percent,selected_rank,selected_rank_type,total_points,event_points,points_per_game,points_per_game_rank,points_per_game_rank_type,bonus,bps,form,form_rank,form_rank_type,value_form,value_season,dreamteam_count,transfers_in,transfers_in_event,transfers_out,transfers_out_event,ep_next,ep_this,expected_goals,expected_assists,expected_goal_involvements,expected_goals_conceded,expected_goals_per_90,expected_assists_per_90,expected_goal_involvements_per_90,expected_goals_conceded_per_90,influence,influence_rank,influence_rank_type,creativity,creativity_rank,creativity_rank_type,threat,threat_rank,threat_rank_type,ict_index,ict_index_rank,ict_index_rank_type,corners_and_indirect_freekicks_order,direct_freekicks_order,penalties_order,gw,set_piece_threat,first_name,second_name,web_name,news,news_added,minutes,goals_scored,assists,clean_sheets,goals_conceded,own_goals,penalties_saved,penalties_missed,yellow_cards,red_cards,saves,starts,defensive_contribution,corners_and_indirect_freekicks_text,direct_freekicks_text,penalties_text,saves_per_90,clean_sheets_per_90,goals_conceded_per_90,starts_per_90,defensive_contribution_per_90,tackles,clearances_blocks_interceptions,recoveries
32,a,,,4.5,430,96,0,0,0,0,9.0,46,18,0,0,0.0,208,97,0,0,0.0,208,97,0.0,0.0,0,12149,12149,2206,2206,1.7,1.7,0.0,0.0,0.0,0.0,0.0,0.0,0.0,0.0,0.0,103,68,0.0,103,68,0.0,103,68,0.0,103,68,1.0,,,1,,Matty,Cash,Cash,,,0,0,0,0,0,0,0,0,0,0,0,0,0,,,,0.0,0.0,0.0,0.0,0.0,0,0,0
38,a,,,4.0,595,193,0,0,0,0,1.8,130,52,0,0,0.0,175,78,0,0,0.0,175,78,0.0,0.0,0,1495,1495,752,752,1.0,1.0,0.0,0.0,0.0,0.0,0.0,0.0,0.0,0.0,0.0,65,45,0.0,65,45,0.0,65,45,0.0,65,45,,,,1,,Andrés,García,A.García,,,0,0,0,0,0,0,0,0,0,0,0,0,0,,,,0.0,0.0,0.0,0.0,0.0,0,0,0
39,u,0.0,0.0,4.0,592,191,0,0,0,0,0.3,296,110,0,0,0.0,173,77,0,0,0.0,173,77,0.0,0.0,0,0,0,1329,1329,0.0,0.0,0.0,0.0,0.0,0.0,0.0,0.0,0.0,0.0,0.0,62,43,0.0,62,43,0.0,62,43,0.0,62,43,,,,1,,Kosta,Nedeljkovic,Nedeljkovic,Has joined Rangers on loan for the rest of the season,,0,0,0,0,0,0,0,0,0,0,0,0,0,,,,0.0,0.0,0.0,0.0,0.0,0,0,0
41,a,,,6.0,65,43,0,0,0,0,1.4,164,52,0,0,0.0,521,211,0,0,0.0,521,211,0.0,0.0,0,823,823,590,590,2.1,2.1,0.0,0.0,0.0,0.0,0.0,0.0,0.0,0.0,0.0,499,195,0.0,499,195,0.0,499,195,0.0,499,195,,1.0,1.0,1,,Emiliano,Buendía Stati,Buendía,,,0,0,0,0,0,0,0,0,0,0,0,0,0,,,,0.0,0.0,0.0,0.0,0.0,0,0,0
44,a,,,5.5,141,87,0,0,0,0,0.2,376,141,0,0,0.0,457,173,0,0,0.0,457,173,0.0,0.0,0,221,221,128,128,2.0,2.0,0.0,0.0,0.0,0.0,0.0,0.0,0.0,0.0,0.0,406,140,0.0,406,140,0.0,406,140,0.0,406,140,,,,1,,Leon,Bailey,Bailey,,,0,0,0,0,0,0,0,0,0,0,0,0,0,,,,0.0,0.0,0.0,0.0,0.0,0,0,0
46,a,,,5.0,229,141,0,0,0,0,0.2,326,114,0,0,0.0,297,80,0,0,0.0,297,80,0.0,0.0,0,360,360,154,154,1.5,1.5,0.0,0.0,0.0,0.0,0.0,0.0,0.0,0.0,0.0,208,28,0.0,208,28,0.0,208,28,0.0,208,28,,,,1,,Ross,Barkley,Barkley,,,0,0,0,0,0,0,0,0,0,0,0,0,0,,,,0.0,0.0,0.0,0.0,0.0,0,0,0
47,a,100.0,100.0,5.0,281,167,0,0,0,0,0.4,278,92,0,0,0.0,339,102,0,0,0.0,339,102,0.0,0.0,0,529,529,281,281,1.5,1.5,0.0,0.0,0.0,0.0,0.0,0.0,0.0,0.0,0.0,260,54,0.0,260,54,0.0,260,54,0.0,260,54,,,,1,,Boubacar,Kamara,Kamara,,,0,0,0,0,0,0,0,0,0,0,0,0,0,,,,0.0,0.0,0.0,0.0,0.0,0,0,0
48,i,0.0,0.0,5.0,308,181,0,0,0,0,0.0,530,219,0,0,0.0,361,115,0,0,0.0,361,115,0.0,0.0,0,37,37,82,82,0.0,0.0,0.0,0.0,0.0,0.0,0.0,0.0,0.0,0.0,0.0,287,68,0.0,287,68,0.0,287,68,0.0,287,68,,,,1,,Amadou,Onana,Onana,Knee injury - Unknown return date,,0,0,0,0,0,0,0,0,0,0,0,0,0,,,,0.0,0.0,0.0,0.0,0.0,0,0,0
50,a,,,4.5,528,261,0,0,0,0,0.7,221,71,0,0,0.0,291,75,0,0,0.0,291,75,0.0,0.0,0,719,719,362,362,1.0,1.0,0.0,0.0,0.0,0.0,0.0,0.0,0.0,0.0,0.0,201,23,0.0,201,23,0.0,201,23,0.0,201,23,,,,1,,Bradley,Burrowes,Burrowes,,,0,0,0,0,0,0,0,0,0,0,0,0,0,,,,0.0,0.0,0.0,0.0,0.0,0,0,0
51,a,,,4.5,515,257,0,0,0,0,0.7,226,75,0,0,0.0,279,71,0,0,0.0,279,71,0.0,0.0,0,396,396,225,225,1.0,1.0,0.0,0.0,0.0,0.0,0.0,0.0,0.0,0.0,0.0,188,19,0.0,188,19,0.0,188,19,0.0,188,19,,,,1,,George,Hemmings,George Hemmings,,,0,0,0,0,0,0,0,0,0,0,0,0,0,,,,0.0,0.0,0.0,0.0,0.0,0,0,0
52,a,,,5.0,393,235,0,0,0,0,0.0,488,202,0,0,0.0,432,159,0,0,0.0,432,159,0.0,0.0,0,90,90,35,35,1.5,1.5,0.0,0.0,0.0,0.0,0.0,0.0,0.0,0.0,0.0,372,122,0.0,372,122,0.0,372,122,0.0,372,122,,,,1,,Alysson Edward Franco,da Rocha dos Santos,Alysson,,,0,0,0,0,0,0,0,0,0,0,0,0,0,,,,0.0,0.0,0.0,0.0,0.0,0,0,0
53,i,0.0,0.0,6.0,111,72,0,0,0,0,0.3,308,106,0,0,0.0,562,237,0,0,0.0,562,237,0.0,0.0,0,49,49,1456,1456,0.0,0.0,0.0,0.0,0.0,0.0,0.0,0.0,0.0,0.0,0.0,545,224,0.0,545,224,0.0,545,224,0.0,545,224,,,,1,,Johan,Manzambi,Manzambi,Knee injury - Unknown return date,,0,0,0,0,0,0,0,0,0,0,0,0,0,,,,0.0,0.0,0.0,0.0,0.0,0,0,0
54,i,0.0,0.0,5.5,168,105,0,0,0,0,0.1,459,188,0,0,0.0,476,185,0,0,0.0,476,185,0.0,0.0,0,10,10,251,251,0.0,0.0,0.0,0.0,0.0,0.0,0.0,0.0,0.0,0.0,0.0,433,158,0.0,433,158,0.0,433,158,0.0,433,158,,,,1,,Joao,Gomes,Gomes,Calf injury - Unknown return date,,0,0,0,0,0,0,0,0,0,0,0,0,0,,,,0.0,0.0,0.0,0.0,0.0,0,0,0
56,d,75.0,75.0,5.5,123,32,0,0,0,0,0.1,397,60,0,0,0.0,444,38,0,0,0.0,444,38,0.0,0.0,0,96,96,221,221,1.3,1.3,0.0,0.0,0.0,0.0,0.0,0.0,0.0,0.0,0.0,388,28,0.0,388,28,0.0,388,28,0.0,388,28,,,,1,,Tammy,Abraham,Abraham,Knock - 75% chance of playing,,0,0,0,0,0,0,0,0,0,0,0,0,0,,,,0.0,0.0,0.0,0.0,0.0,0,0,0
160,a,,,6.0,95,60,0,0,0,0,0.6,235,77,0,0,0.0,546,225,0,0,0.0,546,225,0.0,0.0,0,404,404,454,454,2.1,2.1,0.0,0.0,0.0,0.0,0.0,0.0,0.0,0.0,0.0,529,212,0.0,529,212,0.0,529,212,0.0,529,212,,,,1,,Alejandro,Garnacho Ferreyra,Garnacho,,,0,0,0,0,0,0,0,0,0,0,0,0,0,,,,0.0,0.0,0.0,0.0,0.0,0,0,0
582,i,0.0,0.0,5.5,224,48,0,0,0,0,0.5,250,42,0,0,0.0,516,50,0,0,0.0,516,50,0.0,0.0,0,219,219,726,726,0.0,0.0,0.0,0.0,0.0,0.0,0.0,0.0,0.0,0.0,0.0,489,44,0.0,489,44,0.0,489,44,0.0,489,44,,,,1,,Brian,Madjo,Madjo,Unspecified injury - Unknown return date,,0,0,0,0,0,0,0,0,0,0,0,0,0,,,,0.0,0.0,0.0,0.0,0.0,0,0,0
596,a,,,4.5,480,131,0,0,0,0,0.1,420,149,0,0,0.0,246,124,0,0,0.0,246,124,0.0,0.0,0,282,282,64,64,1.7,1.7,0.0,0.0,0.0,0.0,0.0,0.0,0.0,0.0,0.0,153,103,0.0,153,103,0.0,153,103,0.0,153,103,,,,1,,Matteo,Ruggeri,Ruggeri,,,0,0,0,0,0,0,0,0,0,0,0,0,0,,,,0.0,0.0,0.0,0.0,0.0,0,0,0
597,a,,,5.0,298,15,0,0,0,0,0.8,210,29,0,0,0.0,352,61,0,0,0.0,352,61,0.0,0.0,0,750,750,301,301,2.6,2.6,0.0,0.0,0.0,0.0,0.0,0.0,0.0,0.0,0.0,277,57,0.0,277,57,0.0,277,57,0.0,277,57,,,,1,,Zion,Suzuki,Suzuki,,,0,0,0,0,0,0,0,0,0,0,0,0,0,,,,0.0,0.0,0.0,0.0,0.0,0,0,0
57,a,,,4.5,466,38,0,0,0,0,3.2,97,14,0,0,0.0,235,46,0,0,0.0,235,46,0.0,0.0,0,841,841,634,634,1.9,1.9,0.0,0.0,0.0,0.0,0.0,0.0,0.0,0.0,0.0,139,37,0.0,139,37,0.0,139,37,0.0,139,37,,,,1,,Đorđe,Petrović,Petrović,,,0,0,0,0,0,0,0,0,0,0,0,0,0,,,,0.0,0.0,0.0,0.0,0.0,0,0,0
58,a,,,4.0,532,49,0,0,0,0,3.2,98,15,0,0,0.0,129,12,0,0,0.0,129,12,0.0,0.0,0,603,603,408,408,1.0,1.0,0.0,0.0,0.0,0.0,0.0,0.0,0.0,0.0,0.0,2,2,0.0,2,2,0.0,2,2,0.0,2,2,,,,1,,Fraser,Forster,Forster,,,0,0,0,0,0,0,0,0,0,0,0,0,0,,,,0.0,0.0,0.0,0.0,0.0,0,0,0
59,a,,,4.0,565,61,0,0,0,0,0.2,356,39,0,0,0.0,151,24,0,0,0.0,151,24,0.0,0.0,0,111,111,38,38,1.0,1.0,0.0,0.0,0.0,0.0,0.0,0.0,0.0,0.0,0.0,35,14,0.0,35,14,0.0,35,14,0.0,35,14,,,,1,,Will,Dennis,Dennis,,,0,0,0,0,0,0,0,0,0,0,0,0,0,,,,0.0,0.0,0.0,0.0,0.0,0,0,0
60,a,,,5.5,175,24,0,0,0,0,0.8,208,78,0,0,0.0,481,184,0,0,0.0,481,184,0.0,0.0,0,802,802,426,426,2.5,2.5,0.0,0.0,0.0,0.0,0.0,0.0,0.0,0.0,0.0,440,178,0.0,440,178,0.0,440,178,0.0,440,178,,,,1,,James,Hill,Hill,,,0,0,0,0,0,0,0,0,0,0,0,0,0,,,,0.0,0.0,0.0,0.0,0.0,0,0,0
61,a,,,5.5,192,28,0,0,0,0,4.4,73,29,0,0,0.0,493,186,0,0,0.0,493,186,0.0,0.0,0,1477,1477,1380,1380,2.5,2.5,0.0,0.0,0.0,0.0,0.0,0.0,0.0,0.0,0.0,457,182,0.0,457,182,0.0,457,182,0.0,457,182,,,,1,,Adrien,Truffert,Truffert,,,0,0,0,0,0,0,0,0,0,0,0,0,0,,,,0.0,0.0,0.0,0.0,0.0,0,0,0
62,a,,,5.0,291,52,0,0,0,0,0.2,355,135,0,0,0.0,348,152,0,0,0.0,348,152,0.0,0.0,0,496,496,97,97,2.2,2.2,0.0,0.0,0.0,0.0,0.0,0.0,0.0,0.0,0.0,270,138,0.0,270,138,0.0,270,138,0.0,270,138,,,,1,,Bafodé,Diakité,Diakité,,,0,0,0,0,0,0,0,0,0,0,0,0,0,,,,0.0,0.0,0.0,0.0,0.0,0,0,0
63,i,0.0,0.0,5.0,387,77,0,0,0,0,0.0,566,192,0,0,0.0,427,174,0,0,0.0,427,174,0.0,0.0,0,10,10,36,36,0.0,0.0,0.0,0.0,0.0,0.0,0.0,0.0,0.0,0.0,0.0,366,163,0.0,366,163,0.0,366,163,0.0,366,163,,,,1,,Veljko,Milosavljevic,Milosavljević,Unspecified injury - Unknown return date,,0,0,0,0,0,0,0,0,0,0,0,0,0,,,,0.0,0.0,0.0,0.0,0.0,0,0,0
64,a,,,4.5,398,79,0,0,0,0,0.1,417,147,0,0,0.0,180,83,0,0,0.0,180,83,0.0,0.0,0,197,197,40,40,1.7,1.7,0.0,0.0,0.0,0.0,0.0,0.0,0.0,0.0,0.0,71,51,0.0,71,51,0.0,71,51,0.0,71,51,,,,1,,Adam,Smith,Smith,,,0,0,0,0,0,0,0,0,0,0,0,0,0,,,,0.0,0.0,0.0,0.0,0.0,0,0,0
65,i,0.0,0.0,4.5,461,120,0,0,0,0,0.0,541,187,0,0,0.0,230,114,0,0,0.0,230,114,0.0,0.0,0,20,20,90,90,0.0,0.0,0.0,0.0,0.0,0.0,0.0,0.0,0.0,0.0,0.0,134,92,0.0,134,92,0.0,134,92,0.0,134,92,,,,1,,Julián,Araujo Zúñiga,J.Araujo,Thigh injury - Unknown return date,,0,0,0,0,0,0,0,0,0,0,0,0,0,,,,0.0,0.0,0.0,0.0,0.0,0,0,0
66,d,75.0,75.0,4.0,589,188,0,0,0,0,0.2,338,129,0,0,0.0,170,74,0,0,0.0,170,74,0.0,0.0,0,58,58,231,231,0.8,0.8,0.0,0.0,0.0,0.0,0.0,0.0,0.0,0.0,0.0,59,40,0.0,59,40,0.0,59,40,0.0,59,40,,,,1,,Julio,Soler Barreto,Soler,Hamstring injury - 75% chance of playing,,0,0,0,0,0,0,0,0,0,0,0,0,0,,,,0.0,0.0,0.0,0.0,0.0,0,0,0
67,a,,,6.5,50,35,0,0,0,0,2.8,110,35,0,0,0.0,575,247,0,0,0.0,575,247,0.0,0.0,0,1536,1536,1207,1207,2.3,2.3,0.0,0.0,0.0,0.0,0.0,0.0,0.0,0.0,0.0,565,240,0.0,565,240,0.0,565,240,0.0,565,240,,,,1,,Rayan Vitor,Simplício Rocha,Rayan,,,0,0,0,0,0,0,0,0,0,0,0,0,0,,,,0.0,0.0,0.0,0.0,0.0,0,0,0
68,a,,,6.0,66,44,0,0,0,0,1.6,152,46,0,0,0.0,522,212,0,0,0.0,522,212,0.0,0.0,0,426,426,414,414,2.1,2.1,0.0,0.0,0.0,0.0,0.0,0.0,0.0,0.0,0.0,500,196,0.0,500,196,0.0,500,196,0.0,500,196,1.0,1.0,3.0,1,,Marcus,Tavernier,Tavernier,,,0,0,0,0,0,0,0,0,0,0,0,0,0,,,,0.0,0.0,0.0,0.0,0.0,0,0,0
69,a,,,6.0,98,63,0,0,0,0,1.5,155,47,0,0,0.0,549,228,0,0,0.0,549,228,0.0,0.0,0,653,653,609,609,2.1,2.1,0.0,0.0,0.0,0.0,0.0,0.0,0.0,0.0,0.0,532,215,0.0,532,215,0.0,532,215,0.0,532,215,2.0,4.0,,1,,Alex,Scott,Scott,,,0,0,0,0,0,0,0,0,0,0,0,0,0,,,,0.0,0.0,0.0,0.0,0.0,0,0,0
70,a,,,6.0,74,47,0,0,0,0,1.1,182,59,0,0,0.0,530,215,0,0,0.0,530,215,0.0,0.0,0,889,889,462,462,2.1,2.1,0.0,0.0,0.0,0.0,0.0,0.0,0.0,0.0,0.0,508,199,0.0,508,199,0.0,508,199,0.0,508,199,3.0,2.0,2.0,1,,Justin,Kluivert,Kluivert,,,0,0,0,0,0,0,0,0,0,0,0,0,0,,,,0.0,0.0,0.0,0.0,0.0,0,0,0
71,a,,,5.0,244,147,0,0,0,0,0.2,378,142,0,0,0.0,311,86,0,0,0.0,311,86,0.0,0.0,0,256,256,118,118,1.5,1.5,0.0,0.0,0.0,0.0,0.0,0.0,0.0,0.0,0.0,223,34,0.0,223,34,0.0,223,34,0.0,223,34,5.0,,,1,,Lewis,Cook,Cook,,,0,0,0,0,0,0,0,0,0,0,0,0,0,,,,0.0,0.0,0.0,0.0,0.0,0,0,0
72,a,,,5.0,340,197,0,0,0,0,0.1,435,174,0,0,0.0,391,130,0,0,0.0,391,130,0.0,0.0,0,62,62,46,46,1.5,1.5,0.0,0.0,0.0,0.0,0.0,0.0,0.0,0.0,0.0,319,84,0.0,319,84,0.0,319,84,0.0,319,84,,,,1,,Ben,Gannon-Doak,Gannon-Doak,,,0,0,0,0,0,0,0,0,0,0,0,0,0,,,,0.0,0.0,0.0,0.0,0.0,0,0,0
73,d,75.0,75.0,5.0,257,156,0,0,0,0,0.2,343,122,0,0,0.0,322,94,0,0,0.0,322,94,0.0,0.0,0,55,55,466,466,1.1,1.1,0.0,0.0,0.0,0.0,0.0,0.0,0.0,0.0,0.0,236,43,0.0,236,43,0.0,236,43,0.0,236,43,,,,1,,Tyler,Adams,Adams,Unspecified injury - 75% chance of playing,,0,0,0,0,0,0,0,0,0,0,0,0,0,,,,0.0,0.0,0.0,0.0,0.0,0,0,0
74,d,75.0,75.0,5.0,236,142,0,0,0,0,0.1,479,197,0,0,0.0,303,81,0,0,0.0,303,81,0.0,0.0,0,13,13,95,95,1.1,1.1,0.0,0.0,0.0,0.0,0.0,0.0,0.0,0.0,0.0,215,29,0.0,215,29,0.0,215,29,0.0,215,29,4.0,3.0,,1,,David,Brooks,Brooks,Unspecified injury - 75% chance of playing,,0,0,0,0,0,0,0,0,0,0,0,0,0,,,,0.0,0.0,0.0,0.0,0.0,0,0,0
75,s,0.0,0.0,5.0,245,148,0,0,0,0,0.0,568,240,0,0,0.0,312,87,0,0,0.0,312,87,0.0,0.0,0,10,10,13,13,0.0,0.0,0.0,0.0,0.0,0.0,0.0,0.0,0.0,0.0,0.0,224,35,0.0,224,35,0.0,224,35,0.0,224,35,6.0,,,1,,Ryan,Christie,Christie,Suspended until 29 Aug,,0,0,0,0,0,0,0,0,0,0,0,0,0,,,,0.0,0.0,0.0,0.0,0.0,0,0,0
76,a,,,5.0,386,231,0,0,0,0,0.0,561,236,0,0,0.0,426,155,0,0,0.0,426,155,0.0,0.0,0,10,10,14,14,1.5,1.5,0.0,0.0,0.0,0.0,0.0,0.0,0.0,0.0,0.0,365,118,0.0,365,118,0.0,365,118,0.0,365,118,,,,1,,Alex,Tóth,Tóth.A,,,0,0,0,0,0,0,0,0,0,0,0,0,0,,,,0.0,0.0,0.0,0.0,0.0,0,0,0
77,i,0.0,0.0,5.0,332,192,0,0,0,0,0.0,517,215,0,0,0.0,383,125,0,0,0.0,383,125,0.0,0.0,0,8,8,172,172,0.0,0.0,0.0,0.0,0.0,0.0,0.0,0.0,0.0,0.0,0.0,311,79,0.0,311,79,0.0,311,79,0.0,311,79,,,,1,,Amine,Adli,Adli,Unspecified injury - Unknown return date,,0,0,0,0,0,0,0,0,0,0,0,0,0,,,,0.0,0.0,0.0,0.0,0.0,0,0,0
78,i,0.0,0.0,7.5,22,13,0,0,0,0,0.4,264,84,0,0,0.0,594,261,0,0,0.0,594,261,0.0,0.0,0,79,79,2320,2320,0.0,0.0,0.0,0.0,0.0,0.0,0.0,0.0,0.0,0.0,0.0,588,256,0.0,588,256,0.0,588,256,0.0,588,256,,,1.0,1,,Junior,Kroupi,Kroupi.Jr,Foot injury - Unknown return date,,0,0,0,0,0,0,0,0,0,0,0,0,0,,,,0.0,0.0,0.0,0.0,0.0,0,0,0
22,a,,,5.5,196,121,0,0,0,0,0.0,562,237,0,0,0.0,495,195,0,0,0.0,495,195,0.0,0.0,0,10,10,55,55,2.0,2.0,0.0,0.0,0.0,0.0,0.0,0.0,0.0,0.0,0.0,461,174,0.0,461,174,0.0,461,174,0.0,461,174,,,,1,,Ethan,Nwaneri,Nwaneri,,,0,0,0,0,0,0,0,0,0,0,0,0,0,,,,0.0,0.0,0.0,0.0,0.0,0,0,0
23,a,,,5.5,161,100,0,0,0,0,0.0,576,244,0,0,0.0,470,181,0,0,0.0,470,181,0.0,0.0,0,16,16,36,36,2.0,2.0,0.0,0.0,0.0,0.0,0.0,0.0,0.0,0.0,0.0,426,153,0.0,426,153,0.0,426,153,0.0,426,153,,,,1,,Fábio,Ferreira Vieira,Fábio Vieira,,,0,0,0,0,0,0,0,0,0,0,0,0,0,,,,0.0,0.0,0.0,0.0,0.0,0,0,0
79,a,,,6.0,84,22,0,0,0,0,2.3,118,15,0,0,0.0,538,58,0,0,0.0,538,58,0.0,0.0,0,1572,1572,869,869,2.0,2.0,0.0,0.0,0.0,0.0,0.0,0.0,0.0,0.0,0.0,518,54,0.0,518,54,0.0,518,54,0.0,518,54,,,,1,,Francisco Evanilson,de Lima Barbosa,Evanilson,,,0,0,0,0,0,0,0,0,0,0,0,0,0,,,,0.0,0.0,0.0,0.0,0.0,0,0,0
80,u,0.0,0.0,5.5,120,30,0,0,0,0,0.0,505,67,0,0,0.0,442,37,0,0,0.0,442,37,0.0,0.0,0,0,0,202,202,0.0,0.0,0.0,0.0,0.0,0.0,0.0,0.0,0.0,0.0,0.0,385,26,0.0,385,26,0.0,385,26,0.0,385,26,,,,1,,Enes,Ünal,Enes Ünal,Has joined Getafe permanently,,0,0,0,0,0,0,0,0,0,0,0,0,0,,,,0.0,0.0,0.0,0.0,0.0,0,0,0
81,d,75.0,75.0,6.0,106,28,0,0,0,0,0.1,425,61,0,0,0.0,557,63,0,0,0.0,557,63,0.0,0.0,0,23,23,197,197,1.5,1.5,0.0,0.0,0.0,0.0,0.0,0.0,0.0,0.0,0.0,540,60,0.0,540,60,0.0,540,60,0.0,540,60,,,,1,,Álvaro,Rodríguez,Rodríguez,Unspecified injury - 75% chance of playing,,0,0,0,0,0,0,0,0,0,0,0,0,0,,,,0.0,0.0,0.0,0.0,0.0,0,0,0
566,a,,,5.0,326,64,0,0,0,0,0.3,300,112,0,0,0.0,377,162,0,0,0.0,377,162,0.0,0.0,0,265,265,95,95,2.2,2.2,0.0,0.0,0.0,0.0,0.0,0.0,0.0,0.0,0.0,305,150,0.0,305,150,0.0,305,150,0.0,305,150,,,,1,,António João,Pereira de Albuquerque Tavares da Silva,Silva,,,0,0,0,0,0,0,0,0,0,0,0,0,0,,,,0.0,0.0,0.0,0.0,0.0,0,0,0
82,a,,,5.0,256,11,0,0,0,0,5.8,61,8,0,0,0.0,321,58,0,0,0.0,321,58,0.0,0.0,0,1321,1321,986,986,2.6,2.6,0.0,0.0,0.0,0.0,0.0,0.0,0.0,0.0,0.0,235,53,0.0,235,53,0.0,235,53,0.0,235,53,,,,1,,Caoimhín,Kelleher,Kelleher,,,0,0,0,0,0,0,0,0,0,0,0,0,0,,,,0.0,0.0,0.0,0.0,0.0,0,0,0
83,a,,,4.5,491,43,0,0,0,0,0.1,416,46,0,0,0.0,257,49,0,0,0.0,257,49,0.0,0.0,0,39,39,39,39,1.9,1.9,0.0,0.0,0.0,0.0,0.0,0.0,0.0,0.0,0.0,164,42,0.0,164,42,0.0,164,42,0.0,164,42,,,,1,,Hákon Rafn,Valdimarsson,Valdimarsson,,,0,0,0,0,0,0,0,0,0,0,0,0,0,,,,0.0,0.0,0.0,0.0,0.0,0,0,0
84,a,,,5.5,158,19,0,0,0,0,1.8,129,51,0,0,0.0,468,180,0,0,0.0,468,180,0.0,0.0,0,874,874,637,637,2.5,2.5,0.0,0.0,0.0,0.0,0.0,0.0,0.0,0.0,0.0,423,173,0.0,423,173,0.0,423,173,0.0,423,173,,,,1,,Nathan,Collins,Collins,,,0,0,0,0,0,0,0,0,0,0,0,0,0,,,,0.0,0.0,0.0,0.0,0.0,0,0,0
85,i,0.0,0.0,5.0,305,57,0,0,0,0,0.2,381,140,0,0,0.0,358,155,0,0,0.0,358,155,0.0,0.0,0,35,35,632,632,0.0,0.0,0.0,0.0,0.0,0.0,0.0,0.0,0.0,0.0,0.0,284,143,0.0,284,143,0.0,284,143,0.0,284,143,,,,1,,Sepp,van den Berg,Van den Berg,Groin injury - Unknown return date,,0,0,0,0,0,0,0,0,0,0,0,0,0,,,,0.0,0.0,0.0,0.0,0.0,0,0,0
86,a,,,5.5,154,95,0,0,0,0,0.4,265,85,0,0,0.0,466,179,0,0,0.0,466,179,0.0,0.0,0,99,99,145,145,2.0,2.0,0.0,0.0,0.0,0.0,0.0,0.0,0.0,0.0,0.0,419,148,0.0,419,148,0.0,419,148,0.0,419,148,,1.0,,1,,Keane,Lewis-Potter,Lewis-Potter,,,0,0,0,0,0,0,0,0,0,0,0,0,0,,,,0.0,0.0,0.0,0.0,0.0,0,0,0
87,a,,,4.5,428,94,0,0,0,0,3.5,91,36,0,0,0.0,206,95,0,0,0.0,206,95,0.0,0.0,0,1572,1572,421,421,1.7,1.7,0.0,0.0,0.0,0.0,0.0,0.0,0.0,0.0,0.0,101,66,0.0,101,66,0.0,101,66,0.0,101,66,,,,1,,Kristoffer,Ajer,Ajer,,,0,0,0,0,0,0,0,0,0,0,0,0,0,,,,0.0,0.0,0.0,0.0,0.0,0,0,0
88,a,,,4.5,523,146,0,0,0,0,3.1,101,40,0,0,0.0,286,136,0,0,0.0,286,136,0.0,0.0,0,2131,2131,474,474,1.7,1.7,0.0,0.0,0.0,0.0,0.0,0.0,0.0,0.0,0.0,196,118,0.0,196,118,0.0,196,118,0.0,196,118,,,,1,,Michael,Kayode,Kayode,,,0,0,0,0,0,0,0,0,0,0,0,0,0,,,,0.0,0.0,0.0,0.0,0.0,0,0,0
89,a,,,4.5,429,95,0,0,0,0,0.3,314,117,0,0,0.0,207,96,0,0,0.0,207,96,0.0,0.0,0,109,109,96,96,1.7,1.7,0.0,0.0,0.0,0.0,0.0,0.0,0.0,0.0,0.0,102,67,0.0,102,67,0.0,102,67,0.0,102,67,,,,1,,Rico,Henry,Henry,,,0,0,0,0,0,0,0,0,0,0,0,0,0,,,,0.0,0.0,0.0,0.0,0.0,0,0,0
90,a,,,4.5,473,127,0,0,0,0,0.1,464,162,0,0,0.0,242,121,0,0,0.0,242,121,0.0,0.0,0,89,89,26,26,1.7,1.7,0.0,0.0,0.0,0.0,0.0,0.0,0.0,0.0,0.0,146,99,0.0,146,99,0.0,146,99,0.0,146,99,,,,1,,Aaron,Hickey,Hickey,,,0,0,0,0,0,0,0,0,0,0,0,0,0,,,,0.0,0.0,0.0,0.0,0.0,0,0,0
91,a,,,4.5,445,108,0,0,0,0,0.1,442,155,0,0,0.0,218,104,0,0,0.0,218,104,0.0,0.0,0,75,75,26,26,1.7,1.7,0.0,0.0,0.0,0.0,0.0,0.0,0.0,0.0,0.0,118,80,0.0,118,80,0.0,118,80,0.0,118,80,,,,1,,Ethan,Pinnock,Pinnock,,,0,0,0,0,0,0,0,0,0,0,0,0,0,,,,0.0,0.0,0.0,0.0,0.0,0,0,0
92,a,,,4.5,510,140,0,0,0,0,0.0,540,186,0,0,0.0,275,132,0,0,0.0,275,132,0.0,0.0,0,22,22,7,7,1.7,1.7,0.0,0.0,0.0,0.0,0.0,0.0,0.0,0.0,0.0,183,112,0.0,183,112,0.0,183,112,0.0,183,112,,,,1,,Kim,Ji-soo,Ji-soo,,,0,0,0,0,0,0,0,0,0,0,0,0,0,,,,0.0,0.0,0.0,0.0,0.0,0,0,0
93,a,,,4.5,492,134,0,0,0,0,0.2,367,139,0,0,0.0,258,127,0,0,0.0,258,127,0.0,0.0,0,18,18,54,54,1.7,1.7,0.0,0.0,0.0,0.0,0.0,0.0,0.0,0.0,0.0,165,106,0.0,165,106,0.0,165,106,0.0,165,106,,,,1,,Jannik,Schuster,Schuster,,,0,0,0,0,0,0,0,0,0,0,0,0,0,,,,0.0,0.0,0.0,0.0,0.0,0,0,0
94,a,,,6.0,100,65,0,0,0,0,3.6,85,29,0,0,0.0,551,230,0,0,0.0,551,230,0.0,0.0,0,946,946,632,632,2.1,2.1,0.0,0.0,0.0,0.0,0.0,0.0,0.0,0.0,0.0,534,217,0.0,534,217,0.0,534,217,0.0,534,217,,,2.0,1,,Kevin,Schade,Schade,,,0,0,0,0,0,0,0,0,0,0,0,0,0,,,,0.0,0.0,0.0,0.0,0.0,0,0,0
95,a,,,6.5,53,37,0,0,0,0,1.2,176,57,0,0,0.0,578,249,0,0,0.0,578,249,0.0,0.0,0,318,318,422,422,2.3,2.3,0.0,0.0,0.0,0.0,0.0,0.0,0.0,0.0,0.0,568,242,0.0,568,242,0.0,568,242,0.0,568,242,2.0,,,1,,Dango,Ouattara,O.Dango,,,0,0,0,0,0,0,0,0,0,0,0,0,0,,,,0.0,0.0,0.0,0.0,0.0,0,0,0
96,a,,,5.5,162,101,0,0,0,0,0.6,239,78,0,0,0.0,471,182,0,0,0.0,471,182,0.0,0.0,0,215,215,166,166,2.0,2.0,0.0,0.0,0.0,0.0,0.0,0.0,0.0,0.0,0.0,427,154,0.0,427,154,0.0,427,154,0.0,427,154,3.0,3.0,,1,,Mikkel,Damsgaard,Damsgaard,,,0,0,0,0,0,0,0,0,0,0,0,0,0,,,,0.0,0.0,0.0,0.0,0.0,0,0,0
97,a,,,5.5,138,85,0,0,0,0,0.2,360,129,0,0,0.0,455,171,0,0,0.0,455,171,0.0,0.0,0,37,37,68,68,2.0,2.0,0.0,0.0,0.0,0.0,0.0,0.0,0.0,0.0,0.0,403,138,0.0,403,138,0.0,403,138,0.0,403,138,1.0,2.0,3.0,1,,Mathias,Jensen,Jensen,,,0,0,0,0,0,0,0,0,0,0,0,0,0,,,,0.0,0.0,0.0,0.0,0.0,0,0,0
98,a,,,5.0,260,158,0,0,0,0,0.1,421,166,0,0,0.0,325,96,0,0,0.0,325,96,0.0,0.0,0,73,73,27,27,1.5,1.5,0.0,0.0,0.0,0.0,0.0,0.0,0.0,0.0,0.0,239,45,0.0,239,45,0.0,239,45,0.0,239,45,4.0,,,1,,Vitaly,Janelt,Janelt,,,0,0,0,0,0,0,0,0,0,0,0,0,0,,,,0.0,0.0,0.0,0.0,0.0,0,0,0
99,i,0.0,0.0,5.0,366,216,0,0,0,0,0.0,596,260,0,0,0.0,410,144,0,0,0.0,410,144,0.0,0.0,0,5,5,7,7,0.0,0.0,0.0,0.0,0.0,0.0,0.0,0.0,0.0,0.0,0.0,345,103,0.0,345,103,0.0,345,103,0.0,345,103,,,,1,,Antoni,Milambo,Milambo,Knee injury - Unknown return date,,0,0,0,0,0,0,0,0,0,0,0,0,0,,,,0.0,0.0,0.0,0.0,0.0,0,0,0
100,d,75.0,75.0,5.0,292,174,0,0,0,0,0.0,554,230,0,0,0.0,349,109,0,0,0.0,349,109,0.0,0.0,0,7,7,30,30,1.1,1.1,0.0,0.0,0.0,0.0,0.0,0.0,0.0,0.0,0.0,271,61,0.0,271,61,0.0,271,61,0.0,271,61,,,,1,,Fábio,Freitas Gouveia Carvalho,Carvalho,Lack of match fitness - 75% chance of playing,,0,0,0,0,0,0,0,0,0,0,0,0,0,,,,0.0,0.0,0.0,0.0,0.0,0,0,0
102,a,,,5.0,349,202,0,0,0,0,1.3,166,54,0,0,0.0,398,134,0,0,0.0,398,134,0.0,0.0,0,138,138,338,338,1.5,1.5,0.0,0.0,0.0,0.0,0.0,0.0,0.0,0.0,0.0,328,89,0.0,328,89,0.0,328,89,0.0,328,89,,,,1,,Yehor,Yarmoliuk,Yarmoliuk,,,0,0,0,0,0,0,0,0,0,0,0,0,0,,,,0.0,0.0,0.0,0.0,0.0,0,0,0
103,a,,,5.0,253,153,0,0,0,0,0.0,524,218,0,0,0.0,318,91,0,0,0.0,318,91,0.0,0.0,0,33,33,15,15,1.5,1.5,0.0,0.0,0.0,0.0,0.0,0.0,0.0,0.0,0.0,232,40,0.0,232,40,0.0,232,40,0.0,232,40,,,,1,,Josh,Dasilva,Dasilva,,,0,0,0,0,0,0,0,0,0,0,0,0,0,,,,0.0,0.0,0.0,0.0,0.0,0,0,0
105,a,,,6.0,85,54,0,0,0,0,0.2,372,138,0,0,0.0,539,221,0,0,0.0,539,221,0.0,0.0,0,130,130,89,89,2.1,2.1,0.0,0.0,0.0,0.0,0.0,0.0,0.0,0.0,0.0,519,206,0.0,519,206,0.0,519,206,0.0,519,206,,,,1,,Jaidon,Anthony,Anthony,,,0,0,0,0,0,0,0,0,0,0,0,0,0,,,,0.0,0.0,0.0,0.0,0.0,0,0,0
106,a,,,8.0,12,4,0,0,0,0,17.1,22,4,0,0,0.0,596,70,0,0,0.0,596,70,0.0,0.0,0,4279,4279,4639,4639,2.5,2.5,0.0,0.0,0.0,0.0,0.0,0.0,0.0,0.0,0.0,594,70,0.0,594,70,0.0,594,70,0.0,594,70,,,1.0,1,,Igor Thiago,Nascimento Rodrigues,Thiago,,,0,0,0,0,0,0,0,0,0,0,0,0,0,,,,0.0,0.0,0.0,0.0,0.0,0,0,0
107,a,,,4.5,518,69,0,0,0,0,0.9,199,32,0,0,0.0,282,22,0,0,0.0,282,22,0.0,0.0,0,987,987,425,425,1.0,1.0,0.0,0.0,0.0,0.0,0.0,0.0,0.0,0.0,0.0,191,9,0.0,191,9,0.0,191,9,0.0,191,9,,,,1,,Kaye,Furo,Furo,,,0,0,0,0,0,0,0,0,0,0,0,0,0,,,,0.0,0.0,0.0,0.0,0.0,0,0,0
108,a,,,5.5,113,29,0,0,0,0,0.4,281,48,0,0,0.0,437,36,0,0,0.0,437,36,0.0,0.0,0,469,469,235,235,1.8,1.8,0.0,0.0,0.0,0.0,0.0,0.0,0.0,0.0,0.0,378,25,0.0,378,25,0.0,378,25,0.0,378,25,,,,1,,Callum,Wilson,Wilson,,,0,0,0,0,0,0,0,0,0,0,0,0,0,,,,0.0,0.0,0.0,0.0,0.0,0,0,0
565,a,,,5.5,200,124,0,0,0,0,3.3,96,32,0,0,0.0,498,198,0,0,0.0,498,198,0.0,0.0,0,498,498,345,345,2.0,2.0,0.0,0.0,0.0,0.0,0.0,0.0,0.0,0.0,0.0,465,177,0.0,465,177,0.0,465,177,0.0,465,177,,,,1,,Mamadou,Sangaré,M.Sangaré,,,0,0,0,0,0,0,0,0,0,0,0,0,0,,,,0.0,0.0,0.0,0.0,0.0,0,0,0
109,a,,,4.5,481,42,0,0,0,0,21.9,14,3,0,0,0.0,247,48,0,0,0.0,247,48,0.0,0.0,0,2903,2903,2094,2094,1.9,1.9,0.0,0.0,0.0,0.0,0.0,0.0,0.0,0.0,0.0,154,41,0.0,154,41,0.0,154,41,0.0,154,41,,,,1,,Bart,Verbruggen,Verbruggen,,,0,0,0,0,0,0,0,0,0,0,0,0,0,,,,0.0,0.0,0.0,0.0,0.0,0,0,0
111,a,,,4.0,533,50,0,0,0,0,4.2,78,12,0,0,0.0,130,13,0,0,0.0,130,13,0.0,0.0,0,662,662,450,450,1.0,1.0,0.0,0.0,0.0,0.0,0.0,0.0,0.0,0.0,0.0,3,3,0.0,3,3,0.0,3,3,0.0,3,3,,,,1,,Jason,Steele,Steele,,,0,0,0,0,0,0,0,0,0,0,0,0,0,,,,0.0,0.0,0.0,0.0,0.0,0,0,0
113,a,,,4.5,446,109,0,0,0,0,2.9,106,42,0,0,0.0,219,105,0,0,0.0,219,105,0.0,0.0,0,1061,1061,616,616,1.7,1.7,0.0,0.0,0.0,0.0,0.0,0.0,0.0,0.0,0.0,119,81,0.0,119,81,0.0,119,81,0.0,119,81,3.0,,,1,,Ferdi,Kadıoğlu,F.Kadıoğlu,,,0,0,0,0,0,0,0,0,0,0,0,0,0,,,,0.0,0.0,0.0,0.0,0.0,0,0,0
114,a,,,4.5,433,98,0,0,0,0,0.2,335,127,0,0,0.0,211,99,0,0,0.0,211,99,0.0,0.0,0,71,71,66,66,1.7,1.7,0.0,0.0,0.0,0.0,0.0,0.0,0.0,0.0,0.0,106,70,0.0,106,70,0.0,106,70,0.0,106,70,,,,1,,Olivier,Boscagli,Boscagli,,,0,0,0,0,0,0,0,0,0,0,0,0,0,,,,0.0,0.0,0.0,0.0,0.0,0,0,0
115,a,,,4.5,470,125,0,0,0,0,1.7,139,57,0,0,0.0,239,119,0,0,0.0,239,119,0.0,0.0,0,577,577,357,357,1.7,1.7,0.0,0.0,0.0,0.0,0.0,0.0,0.0,0.0,0.0,143,97,0.0,143,97,0.0,143,97,0.0,143,97,2.0,4.0,,1,,Maxim,De Cuyper,De Cuyper,,,0,0,0,0,0,0,0,0,0,0,0,0,0,,,,0.0,0.0,0.0,0.0,0.0,0,0,0
117,a,,,4.5,502,138,0,0,0,0,0.0,544,189,0,0,0.0,267,130,0,0,0.0,267,130,0.0,0.0,0,14,14,12,12,1.7,1.7,0.0,0.0,0.0,0.0,0.0,0.0,0.0,0.0,0.0,175,110,0.0,175,110,0.0,175,110,0.0,175,110,,,,1,,Diego,Coppola,Coppola,,,0,0,0,0,0,0,0,0,0,0,0,0,0,,,,0.0,0.0,0.0,0.0,0.0,0,0,0
118,a,,,4.5,440,103,0,0,0,0,0.1,439,153,0,0,0.0,216,102,0,0,0.0,216,102,0.0,0.0,0,99,99,36,36,1.7,1.7,0.0,0.0,0.0,0.0,0.0,0.0,0.0,0.0,0.0,113,75,0.0,113,75,0.0,113,75,0.0,113,75,,,,1,,Igor Julio,dos Santos de Paulo,Igor,,,0,0,0,0,0,0,0,0,0,0,0,0,0,,,,0.0,0.0,0.0,0.0,0.0,0,0,0
119,a,,,4.5,465,123,0,0,0,0,0.0,529,180,0,0,0.0,234,117,0,0,0.0,234,117,0.0,0.0,0,22,22,4,4,1.7,1.7,0.0,0.0,0.0,0.0,0.0,0.0,0.0,0.0,0.0,138,95,0.0,138,95,0.0,138,95,0.0,138,95,,,,1,,João Pedro,Loureiro da Costa,Costinha,,,0,0,0,0,0,0,0,0,0,0,0,0,0,,,,0.0,0.0,0.0,0.0,0.0,0,0,0
120,a,,,5.0,310,58,0,0,0,0,0.0,484,167,0,0,0.0,363,156,0,0,0.0,363,156,0.0,0.0,0,62,62,21,21,2.2,2.2,0.0,0.0,0.0,0.0,0.0,0.0,0.0,0.0,0.0,289,144,0.0,289,144,0.0,289,144,0.0,289,144,,,,1,,Michael,Svoboda,Svoboda,,,0,0,0,0,0,0,0,0,0,0,0,0,0,,,,0.0,0.0,0.0,0.0,0.0,0,0,0
121,i,0.0,0.0,6.0,87,56,0,0,0,0,0.1,477,195,0,0,0.0,541,223,0,0,0.0,541,223,0.0,0.0,0,32,32,171,171,0.0,0.0,0.0,0.0,0.0,0.0,0.0,0.0,0.0,0.0,0.0,521,208,0.0,521,208,0.0,521,208,0.0,521,208,,,,1,,Mitoma,Kaoru,Mitoma,Hamstring injury - Unknown return date,,0,0,0,0,0,0,0,0,0,0,0,0,0,,,,0.0,0.0,0.0,0.0,0.0,0,0,0
122,i,0.0,0.0,6.0,107,68,0,0,0,0,0.1,428,169,0,0,0.0,558,233,0,0,0.0,558,233,0.0,0.0,0,29,29,531,531,0.0,0.0,0.0,0.0,0.0,0.0,0.0,0.0,0.0,0.0,0.0,541,220,0.0,541,220,0.0,541,220,0.0,541,220,5.0,,,1,,Yankuba,Minteh,Minteh,Leg injury - Expected back 28 Nov,,0,0,0,0,0,0,0,0,0,0,0,0,0,,,,0.0,0.0,0.0,0.0,0.0,0,0,0
123,a,,,6.0,101,66,0,0,0,0,0.4,266,86,0,0,0.0,552,231,0,0,0.0,552,231,0.0,0.0,0,79,79,107,107,2.1,2.1,0.0,0.0,0.0,0.0,0.0,0.0,0.0,0.0,0.0,535,218,0.0,535,218,0.0,535,218,0.0,535,218,,,,1,,Jack,Hinshelwood,Hinshelwood,,,0,0,0,0,0,0,0,0,0,0,0,0,0,,,,0.0,0.0,0.0,0.0,0.0,0,0,0
124,a,,,5.5,112,73,0,0,0,0,14.4,28,9,0,0,0.0,436,162,0,0,0.0,436,162,0.0,0.0,0,2844,2844,1938,1938,2.0,2.0,0.0,0.0,0.0,0.0,0.0,0.0,0.0,0.0,0.0,377,126,0.0,377,126,0.0,377,126,0.0,377,126,1.0,1.0,1.0,1,,Pascal,Groß,Groß,,,0,0,0,0,0,0,0,0,0,0,0,0,0,,,,0.0,0.0,0.0,0.0,0.0,0,0,0
125,a,,,5.5,174,41,0,0,0,0,0.9,202,33,0,0,0.0,480,45,0,0,0.0,480,45,0.0,0.0,0,355,355,272,272,1.8,1.8,0.0,0.0,0.0,0.0,0.0,0.0,0.0,0.0,0.0,439,37,0.0,439,37,0.0,439,37,0.0,439,37,,,,1,,Georginio,Rutter,Georginio,,,0,0,0,0,0,0,0,0,0,0,0,0,0,,,,0.0,0.0,0.0,0.0,0.0,0,0,0
126,a,,,5.5,143,88,0,0,0,0,0.1,419,165,0,0,0.0,459,174,0,0,0.0,459,174,0.0,0.0,0,80,80,66,66,2.0,2.0,0.0,0.0,0.0,0.0,0.0,0.0,0.0,0.0,0.0,408,141,0.0,408,141,0.0,408,141,0.0,408,141,,,3.0,1,,Matt,O'Riley,O'Riley,,,0,0,0,0,0,0,0,0,0,0,0,0,0,,,,0.0,0.0,0.0,0.0,0.0,0,0,0
127,a,,,5.0,353,204,0,0,0,0,3.9,82,28,0,0,0.0,401,135,0,0,0.0,401,135,0.0,0.0,0,1156,1156,772,772,1.5,1.5,0.0,0.0,0.0,0.0,0.0,0.0,0.0,0.0,0.0,332,91,0.0,332,91,0.0,332,91,0.0,332,91,,5.0,,1,,Diego,Gómez Amarilla,Gomez,,,0,0,0,0,0,0,0,0,0,0,0,0,0,,,,0.0,0.0,0.0,0.0,0.0,0,0,0
128,u,0.0,0.0,5.0,364,214,0,0,0,0,0.0,586,253,0,0,0.0,409,143,0,0,0.0,409,143,0.0,0.0,0,0,0,43,43,0.0,0.0,0.0,0.0,0.0,0.0,0.0,0.0,0.0,0.0,0.0,343,101,0.0,343,101,0.0,343,101,0.0,343,101,,,,1,,Facundo,Buonanotte,Buonanotte,Has joined Elche on loan for the rest of the season,,0,0,0,0,0,0,0,0,0,0,0,0,0,,,,0.0,0.0,0.0,0.0,0.0,0,0,0
129,a,,,5.5,199,123,0,0,0,0,0.7,225,74,0,0,0.0,497,197,0,0,0.0,497,197,0.0,0.0,0,199,199,300,300,2.0,2.0,0.0,0.0,0.0,0.0,0.0,0.0,0.0,0.0,0.0,464,176,0.0,464,176,0.0,464,176,0.0,464,176,4.0,2.0,,1,,Yasin,Ayari,Ayari,,,0,0,0,0,0,0,0,0,0,0,0,0,0,,,,0.0,0.0,0.0,0.0,0.0,0,0,0
130,a,,,5.0,318,61,0,0,0,0,0.3,315,118,0,0,0.0,370,159,0,0,0.0,370,159,0.0,0.0,0,91,91,99,99,2.2,2.2,0.0,0.0,0.0,0.0,0.0,0.0,0.0,0.0,0.0,297,147,0.0,297,147,0.0,297,147,0.0,297,147,,,,1,,Mats,Wieffer,Wieffer,,,0,0,0,0,0,0,0,0,0,0,0,0,0,,,,0.0,0.0,0.0,0.0,0.0,0,0,0
131,i,0.0,0.0,5.0,359,209,0,0,0,0,0.2,346,123,0,0,0.0,405,139,0,0,0.0,405,139,0.0,0.0,0,497,497,489,489,0.0,0.0,0.0,0.0,0.0,0.0,0.0,0.0,0.0,0.0,0.0,338,96,0.0,338,96,0.0,338,96,0.0,338,96,,,,1,,Carlos,Baleba,Baleba,Ankle injury - Unknown return date,,0,0,0,0,0,0,0,0,0,0,0,0,0,,,,0.0,0.0,0.0,0.0,0.0,0,0,0
132,u,0.0,0.0,4.5,520,259,0,0,0,0,0.1,457,186,0,0,0.0,284,73,0,0,0.0,284,73,0.0,0.0,0,0,0,259,259,0.0,0.0,0.0,0.0,0.0,0.0,0.0,0.0,0.0,0.0,0.0,193,21,0.0,193,21,0.0,193,21,0.0,193,21,,,,1,,Harry,Howell,Howell,Has joined Leicester City on loan for the rest of the season,,0,0,0,0,0,0,0,0,0,0,0,0,0,,,,0.0,0.0,0.0,0.0,0.0,0,0,0
133,u,0.0,0.0,5.0,369,219,0,0,0,0,0.0,594,259,0,0,0.0,413,147,0,0,0.0,413,147,0.0,0.0,0,0,0,8,8,0.0,0.0,0.0,0.0,0.0,0.0,0.0,0.0,0.0,0.0,0.0,348,106,0.0,348,106,0.0,348,106,0.0,348,106,,,,1,,Tom,Watson,Watson,Has joined Leicester City on loan for the rest of the season,,0,0,0,0,0,0,0,0,0,0,0,0,0,,,,0.0,0.0,0.0,0.0,0.0,0,0,0
134,a,,,4.5,506,255,0,0,0,0,0.3,298,99,0,0,0.0,271,69,0,0,0.0,271,69,0.0,0.0,0,279,279,124,124,1.0,1.0,0.0,0.0,0.0,0.0,0.0,0.0,0.0,0.0,0.0,179,17,0.0,179,17,0.0,179,17,0.0,179,17,,,,1,,Nehemiah,Oriola,Oriola,,,0,0,0,0,0,0,0,0,0,0,0,0,0,,,,0.0,0.0,0.0,0.0,0.0,0,0,0
135,a,,,5.0,397,238,0,0,0,0,0.1,451,181,0,0,0.0,435,161,0,0,0.0,435,161,0.0,0.0,0,57,57,35,35,1.5,1.5,0.0,0.0,0.0,0.0,0.0,0.0,0.0,0.0,0.0,376,125,0.0,376,125,0.0,376,125,0.0,376,125,,,,1,,Zadok,Yohanna,Yohanna,,,0,0,0,0,0,0,0,0,0,0,0,0,0,,,,0.0,0.0,0.0,0.0,0.0,0,0,0
137,i,0.0,0.0,5.5,220,46,0,0,0,0,0.0,579,71,0,0,0.0,512,48,0,0,0.0,512,48,0.0,0.0,0,13,13,32,32,0.0,0.0,0.0,0.0,0.0,0.0,0.0,0.0,0.0,0.0,0.0,485,42,0.0,485,42,0.0,485,42,0.0,485,42,,,,1,,Stefanos,Tzimas,Tzimas,Knee injury - Unknown return date,,0,0,0,0,0,0,0,0,0,0,0,0,0,,,,0.0,0.0,0.0,0.0,0.0,0,0,0
138,a,,,5.5,223,47,0,0,0,0,0.2,333,54,0,0,0.0,515,49,0,0,0.0,515,49,0.0,0.0,0,75,75,123,123,1.8,1.8,0.0,0.0,0.0,0.0,0.0,0.0,0.0,0.0,0.0,488,43,0.0,488,43,0.0,488,43,0.0,488,43,,,,1,,Charalampos,Kostoulas,Kostoulas,,,0,0,0,0,0,0,0,0,0,0,0,0,0,,,,0.0,0.0,0.0,0.0,0.0,0,0,0
139,i,0.0,0.0,5.0,329,55,0,0,0,0,0.0,515,69,0,0,0.0,380,30,0,0,0.0,380,30,0.0,0.0,0,55,55,76,76,0.0,0.0,0.0,0.0,0.0,0.0,0.0,0.0,0.0,0.0,0.0,308,19,0.0,308,19,0.0,308,19,0.0,308,19,,,,1,,Evan,Ferguson,Ferguson,Ankle injury - Expected back 10 Oct,,0,0,0,0,0,0,0,0,0,0,0,0,0,,,,0.0,0.0,0.0,0.0,0.0,0,0,0
328,a,100.0,100.0,5.0,279,50,0,0,0,0,0.2,328,123,0,0,0.0,338,151,0,0,0.0,338,151,0.0,0.0,0,155,155,82,82,2.2,2.2,0.0,0.0,0.0,0.0,0.0,0.0,0.0,0.0,0.0,258,136,0.0,258,136,0.0,258,136,0.0,258,136,,,,1,,Pascal,Struijk,Struijk,,,0,0,0,0,0,0,0,0,0,0,0,0,0,,,,0.0,0.0,0.0,0.0,0.0,0,0,0
594,a,,,6.0,102,25,0,0,0,0,0.3,319,52,0,0,0.0,553,60,0,0,0.0,553,60,0.0,0.0,0,273,273,138,138,2.0,2.0,0.0,0.0,0.0,0.0,0.0,0.0,0.0,0.0,0.0,536,57,0.0,536,57,0.0,536,57,0.0,536,57,,,2.0,1,,Promise,David,David,,,0,0,0,0,0,0,0,0,0,0,0,0,0,,,,0.0,0.0,0.0,0.0,0.0,0,0,0
600,a,,,5.0,385,230,0,0,0,0,0.0,575,243,0,0,0.0,425,154,0,0,0.0,425,154,0.0,0.0,0,18,18,5,5,1.5,1.5,0.0,0.0,0.0,0.0,0.0,0.0,0.0,0.0,0.0,364,117,0.0,364,117,0.0,364,117,0.0,364,117,,,,1,,Ibrahim,Osman,Osman,,,0,0,0,0,0,0,0,0,0,0,0,0,0,,,,0.0,0.0,0.0,0.0,0.0,0,0,0
40,a,,,7.5,16,9,0,0,0,0,24.4,12,6,0,0,0.0,588,257,0,0,0.0,588,257,0.0,0.0,0,5830,5830,4614,4614,2.6,2.6,0.0,0.0,0.0,0.0,0.0,0.0,0.0,0.0,0.0,582,252,0.0,582,252,0.0,582,252,0.0,582,252,4.0,,,1,,Morgan,Rogers,Rogers,,,0,0,0,0,0,0,0,0,0,0,0,0,0,,,,0.0,0.0,0.0,0.0,0.0,0,0,0
101,d,75.0,75.0,5.0,225,139,0,0,0,0,0.0,495,206,0,0,0.0,294,78,0,0,0.0,294,78,0.0,0.0,0,48,48,69,69,1.1,1.1,0.0,0.0,0.0,0.0,0.0,0.0,0.0,0.0,0.0,204,26,0.0,204,26,0.0,204,26,0.0,204,26,,,,1,,Jordan,Henderson,Henderson,Wrist injury - 75% chance of playing,,0,0,0,0,0,0,0,0,0,0,0,0,0,,,,0.0,0.0,0.0,0.0,0.0,0,0,0
136,d,75.0,75.0,6.0,57,13,0,0,0,0,1.2,174,26,0,0,0.0,517,51,0,0,0.0,517,51,0.0,0.0,0,108,108,2656,2656,1.5,1.5,0.0,0.0,0.0,0.0,0.0,0.0,0.0,0.0,0.0,491,45,0.0,491,45,0.0,491,45,0.0,491,45,,,,1,,Danny,Welbeck,Welbeck,Unspecified injury - 75% chance of playing,,0,0,0,0,0,0,0,0,0,0,0,0,0,,,,0.0,0.0,0.0,0.0,0.0,0,0,0
140,a,,,5.0,269,12,0,0,0,0,2.4,116,18,0,0,0.0,331,59,0,0,0.0,331,59,0.0,0.0,0,753,753,733,733,2.6,2.6,0.0,0.0,0.0,0.0,0.0,0.0,0.0,0.0,0.0,248,54,0.0,248,54,0.0,248,54,0.0,248,54,,,,1,,Robert,Lynch Sánchez,Sánchez,,,0,0,0,0,0,0,0,0,0,0,0,0,0,,,,0.0,0.0,0.0,0.0,0.0,0,0,0
141,u,0.0,0.0,5.0,350,21,0,0,0,0,0.0,549,65,0,0,0.0,399,65,0,0,0.0,399,65,0.0,0.0,0,0,0,123,123,0.0,0.0,0.0,0.0,0.0,0.0,0.0,0.0,0.0,0.0,0.0,329,63,0.0,329,63,0.0,329,63,0.0,329,63,,,,1,,Filip,Jörgensen,Jörgensen,Has joined RC Strasbourg on loan for the rest of the season,,0,0,0,0,0,0,0,0,0,0,0,0,0,,,,0.0,0.0,0.0,0.0,0.0,0,0,0
142,a,,,5.5,145,16,0,0,0,0,10.2,42,15,0,0,0.0,461,179,0,0,0.0,461,179,0.0,0.0,0,9755,9755,2463,2463,2.5,2.5,0.0,0.0,0.0,0.0,0.0,0.0,0.0,0.0,0.0,410,170,0.0,410,170,0.0,410,170,0.0,410,170,1.0,1.0,,1,,Reece,James,James,,,0,0,0,0,0,0,0,0,0,0,0,0,0,,,,0.0,0.0,0.0,0.0,0.0,0,0,0
143,u,0.0,0.0,5.5,126,12,0,0,0,0,0.2,344,131,0,0,0.0,447,176,0,0,0.0,447,176,0.0,0.0,0,0,0,1759,1759,0.0,0.0,0.0,0.0,0.0,0.0,0.0,0.0,0.0,0.0,0.0,391,166,0.0,391,166,0.0,391,166,0.0,391,166,,,,1,,Trevoh,Chalobah,Chalobah,Has joined Como permanently,,0,0,0,0,0,0,0,0,0,0,0,0,0,,,,0.0,0.0,0.0,0.0,0.0,0,0,0
144,a,,,5.0,325,63,0,0,0,0,1.2,177,69,0,0,0.0,376,161,0,0,0.0,376,161,0.0,0.0,0,1903,1903,567,567,2.2,2.2,0.0,0.0,0.0,0.0,0.0,0.0,0.0,0.0,0.0,304,149,0.0,304,149,0.0,304,149,0.0,304,149,,,,1,,Malo,Gusto,Gusto,,,0,0,0,0,0,0,0,0,0,0,0,0,0,,,,0.0,0.0,0.0,0.0,0.0,0,0,0
145,s,0.0,0.0,5.0,304,56,0,0,0,0,0.0,565,191,0,0,0.0,357,154,0,0,0.0,357,154,0.0,0.0,0,16,16,36,36,0.0,0.0,0.0,0.0,0.0,0.0,0.0,0.0,0.0,0.0,0.0,283,142,0.0,283,142,0.0,283,142,0.0,283,142,,,,1,,Wesley,Fofana,Fofana,Suspended until 6 Sep,,0,0,0,0,0,0,0,0,0,0,0,0,0,,,,0.0,0.0,0.0,0.0,0.0,0,0,0
146,a,,,4.5,452,113,0,0,0,0,0.0,523,175,0,0,0.0,224,109,0,0,0.0,224,109,0.0,0.0,0,73,73,36,36,1.7,1.7,0.0,0.0,0.0,0.0,0.0,0.0,0.0,0.0,0.0,125,85,0.0,125,85,0.0,125,85,0.0,125,85,,,,1,,Benoît,Badiashile Mukinayi,B.Badiashile,,,0,0,0,0,0,0,0,0,0,0,0,0,0,,,,0.0,0.0,0.0,0.0,0.0,0,0,0
147,a,,,4.5,411,84,0,0,0,0,0.2,339,130,0,0,0.0,190,86,0,0,0.0,190,86,0.0,0.0,0,73,73,109,109,1.7,1.7,0.0,0.0,0.0,0.0,0.0,0.0,0.0,0.0,0.0,84,56,0.0,84,56,0.0,84,56,0.0,84,56,,,,1,,Tosin,Adarabioyo,Tosin,,,0,0,0,0,0,0,0,0,0,0,0,0,0,,,,0.0,0.0,0.0,0.0,0.0,0,0,0
148,a,,,4.5,503,139,0,0,0,0,0.5,258,97,0,0,0.0,268,131,0,0,0.0,268,131,0.0,0.0,0,370,370,227,227,1.7,1.7,0.0,0.0,0.0,0.0,0.0,0.0,0.0,0.0,0.0,176,111,0.0,176,111,0.0,176,111,0.0,176,111,,,,1,,Jorrel,Hato,Hato,,,0,0,0,0,0,0,0,0,0,0,0,0,0,,,,0.0,0.0,0.0,0.0,0.0,0,0,0
149,a,,,5.0,311,59,0,0,0,0,1.6,144,61,0,0,0.0,364,157,0,0,0.0,364,157,0.0,0.0,0,1517,1517,528,528,2.2,2.2,0.0,0.0,0.0,0.0,0.0,0.0,0.0,0.0,0.0,290,145,0.0,290,145,0.0,290,145,0.0,290,145,,,,1,,Levi,Samuels Colwill,Colwill,,,0,0,0,0,0,0,0,0,0,0,0,0,0,,,,0.0,0.0,0.0,0.0,0.0,0,0,0
150,a,,,4.5,511,141,0,0,0,0,0.1,443,156,0,0,0.0,276,133,0,0,0.0,276,133,0.0,0.0,0,129,129,53,53,1.7,1.7,0.0,0.0,0.0,0.0,0.0,0.0,0.0,0.0,0.0,184,113,0.0,184,113,0.0,184,113,0.0,184,113,,,,1,,Mamadou,Sarr,M.Sarr,,,0,0,0,0,0,0,0,0,0,0,0,0,0,,,,0.0,0.0,0.0,0.0,0.0,0,0,0
151,a,,,4.5,514,143,0,0,0,0,0.3,303,114,0,0,0.0,278,134,0,0,0.0,278,134,0.0,0.0,0,257,257,187,187,1.7,1.7,0.0,0.0,0.0,0.0,0.0,0.0,0.0,0.0,0.0,187,115,0.0,187,115,0.0,187,115,0.0,187,115,,,,1,,Josh,Acheampong,Acheampong,,,0,0,0,0,0,0,0,0,0,0,0,0,0,,,,0.0,0.0,0.0,0.0,0.0,0,0,0
152,a,,,5.5,222,34,0,0,0,0,3.0,105,41,0,0,0.0,514,190,0,0,0.0,514,190,0.0,0.0,0,1359,1359,634,634,2.5,2.5,0.0,0.0,0.0,0.0,0.0,0.0,0.0,0.0,0.0,487,188,0.0,487,188,0.0,487,188,0.0,487,188,,,,1,,Marco,Palestra,Palestra,,,0,0,0,0,0,0,0,0,0,0,0,0,0,,,,0.0,0.0,0.0,0.0,0.0,0,0,0
153,a,,,4.5,437,101,0,0,0,0,0.1,466,163,0,0,0.0,214,101,0,0,0.0,214,101,0.0,0.0,0,121,121,53,53,1.7,1.7,0.0,0.0,0.0,0.0,0.0,0.0,0.0,0.0,0.0,110,73,0.0,110,73,0.0,110,73,0.0,110,73,,,,1,,Axel,Disasi,Disasi,,,0,0,0,0,0,0,0,0,0,0,0,0,0,,,,0.0,0.0,0.0,0.0,0.0,0,0,0
154,a,,,9.5,4,3,0,0,0,0,10.5,37,13,0,0,0.0,599,263,0,0,0.0,599,263,0.0,0.0,0,2024,2024,2381,2381,3.2,3.2,0.0,0.0,0.0,0.0,0.0,0.0,0.0,0.0,0.0,598,262,0.0,598,262,0.0,598,262,0.0,598,262,,3.0,1.0,1,,Cole,Palmer,Palmer,,,0,0,0,0,0,0,0,0,0,0,0,0,0,,,,0.0,0.0,0.0,0.0,0.0,0,0,0
155,a,,,7.0,29,19,0,0,0,0,5.1,67,21,0,0,0.0,586,256,0,0,0.0,586,256,0.0,0.0,0,3175,3175,2538,2538,2.5,2.5,0.0,0.0,0.0,0.0,0.0,0.0,0.0,0.0,0.0,577,250,0.0,577,250,0.0,577,250,0.0,577,250,3.0,2.0,2.0,1,,Enzo,Fernández,Enzo,,,0,0,0,0,0,0,0,0,0,0,0,0,0,,,,0.0,0.0,0.0,0.0,0.0,0,0,0
156,a,,,6.5,42,29,0,0,0,0,1.4,165,53,0,0,0.0,569,243,0,0,0.0,569,243,0.0,0.0,0,830,830,791,791,2.3,2.3,0.0,0.0,0.0,0.0,0.0,0.0,0.0,0.0,0.0,557,234,0.0,557,234,0.0,557,234,0.0,557,234,2.0,4.0,,1,,Pedro,Lomba Neto,Neto,,,0,0,0,0,0,0,0,0,0,0,0,0,0,,,,0.0,0.0,0.0,0.0,0.0,0,0,0
157,a,,,6.5,55,39,0,0,0,0,1.3,171,55,0,0,0.0,580,251,0,0,0.0,580,251,0.0,0.0,0,968,968,1102,1102,2.3,2.3,0.0,0.0,0.0,0.0,0.0,0.0,0.0,0.0,0.0,570,244,0.0,570,244,0.0,570,244,0.0,570,244,5.0,,3.0,1,,Estêvão,Almeida de Oliveira Gonçalves,Estêvão,,,0,0,0,0,0,0,0,0,0,0,0,0,0,,,,0.0,0.0,0.0,0.0,0.0,0,0,0
158,a,,,6.0,89,57,0,0,0,0,0.0,502,211,0,0,0.0,543,224,0,0,0.0,543,224,0.0,0.0,0,37,37,44,44,2.1,2.1,0.0,0.0,0.0,0.0,0.0,0.0,0.0,0.0,0.0,523,209,0.0,523,209,0.0,523,209,0.0,523,209,,,,1,,Jamie,Bynoe-Gittens,Gittens,,,0,0,0,0,0,0,0,0,0,0,0,0,0,,,,0.0,0.0,0.0,0.0,0.0,0,0,0
161,a,,,5.0,354,205,0,0,0,0,0.1,474,194,0,0,0.0,402,136,0,0,0.0,402,136,0.0,0.0,0,71,71,51,51,1.5,1.5,0.0,0.0,0.0,0.0,0.0,0.0,0.0,0.0,0.0,333,92,0.0,333,92,0.0,333,92,0.0,333,92,,,,1,,Roméo,Lavia,Lavia,,,0,0,0,0,0,0,0,0,0,0,0,0,0,,,,0.0,0.0,0.0,0.0,0.0,0,0,0
163,a,,,4.5,483,249,0,0,0,0,0.2,341,120,0,0,0.0,249,63,0,0,0.0,249,63,0.0,0.0,0,258,258,184,184,1.0,1.0,0.0,0.0,0.0,0.0,0.0,0.0,0.0,0.0,0.0,156,11,0.0,156,11,0.0,156,11,0.0,156,11,,,,1,,Dário,Luís Essugo,D.Essugo,,,0,0,0,0,0,0,0,0,0,0,0,0,0,,,,0.0,0.0,0.0,0.0,0.0,0,0,0
164,a,100.0,100.0,5.5,219,137,0,0,0,0,0.0,492,204,0,0,0.0,511,208,0,0,0.0,511,208,0.0,0.0,0,35,35,42,42,2.0,2.0,0.0,0.0,0.0,0.0,0.0,0.0,0.0,0.0,0.0,484,190,0.0,484,190,0.0,484,190,0.0,484,190,,,,1,,Geovany,Quenda,Quenda,,,0,0,0,0,0,0,0,0,0,0,0,0,0,,,,0.0,0.0,0.0,0.0,0.0,0,0,0
165,a,,,7.5,19,7,0,0,0,0,64.2,2,2,0,0,0.0,591,67,0,0,0.0,591,67,0.0,0.0,0,13193,13193,3869,3869,2.4,2.4,0.0,0.0,0.0,0.0,0.0,0.0,0.0,0.0,0.0,585,67,0.0,585,67,0.0,585,67,0.0,585,67,,,,1,,João Pedro,Junqueira de Jesus,João Pedro,,,0,0,0,0,0,0,0,0,0,0,0,0,0,,,,0.0,0.0,0.0,0.0,0.0,0,0,0
166,a,,,6.5,52,12,0,0,0,0,0.4,285,51,0,0,0.0,577,64,0,0,0.0,577,64,0.0,0.0,0,350,350,393,393,2.1,2.1,0.0,0.0,0.0,0.0,0.0,0.0,0.0,0.0,0.0,567,62,0.0,567,62,0.0,567,62,0.0,567,62,,,,1,,Nicolas,Jackson,N.Jackson,,,0,0,0,0,0,0,0,0,0,0,0,0,0,,,,0.0,0.0,0.0,0.0,0.0,0,0,0
167,a,,,5.5,173,40,0,0,0,0,0.5,259,45,0,0,0.0,479,44,0,0,0.0,479,44,0.0,0.0,0,339,339,447,447,1.8,1.8,0.0,0.0,0.0,0.0,0.0,0.0,0.0,0.0,0.0,438,36,0.0,438,36,0.0,438,36,0.0,438,36,,,4.0,1,,Liam,Delap,Delap,,,0,0,0,0,0,0,0,0,0,0,0,0,0,,,,0.0,0.0,0.0,0.0,0.0,0,0,0
168,a,,,5.0,343,56,0,0,0,0,0.5,254,44,0,0,0.0,393,31,0,0,0.0,393,31,0.0,0.0,0,454,454,411,411,1.4,1.4,0.0,0.0,0.0,0.0,0.0,0.0,0.0,0.0,0.0,322,20,0.0,322,20,0.0,322,20,0.0,322,20,,,,1,,Marc,Guiu Paz,Marc Guiu,,,0,0,0,0,0,0,0,0,0,0,0,0,0,,,,0.0,0.0,0.0,0.0,0.0,0,0,0
169,a,,,4.5,509,68,0,0,0,0,0.4,282,49,0,0,0.0,274,21,0,0,0.0,274,21,0.0,0.0,0,455,455,289,289,1.0,1.0,0.0,0.0,0.0,0.0,0.0,0.0,0.0,0.0,0.0,182,8,0.0,182,8,0.0,182,8,0.0,182,8,,,,1,,Shumaira,Mheuka,Mheuka,,,0,0,0,0,0,0,0,0,0,0,0,0,0,,,,0.0,0.0,0.0,0.0,0.0,0,0,0
170,a,100.0,100.0,5.0,348,57,0,0,0,0,0.1,383,59,0,0,0.0,397,32,0,0,0.0,397,32,0.0,0.0,0,323,323,168,168,1.4,1.4,0.0,0.0,0.0,0.0,0.0,0.0,0.0,0.0,0.0,327,21,0.0,327,21,0.0,327,21,0.0,327,21,,,,1,,Emmanuel,Emegha,Emegha,,,0,0,0,0,0,0,0,0,0,0,0,0,0,,,,0.0,0.0,0.0,0.0,0.0,0,0,0
200,a,,,6.0,80,8,0,0,0,0,9.0,45,17,0,0,0.0,536,193,0,0,0.0,536,193,0.0,0.0,0,3047,3047,3313,3313,2.8,2.8,0.0,0.0,0.0,0.0,0.0,0.0,0.0,0.0,0.0,514,192,0.0,514,192,0.0,514,192,0.0,514,192,,,,1,,Maxence,Lacroix,Lacroix,,,0,0,0,0,0,0,0,0,0,0,0,0,0,,,,0.0,0.0,0.0,0.0,0.0,0,0,0
560,a,,,4.5,501,46,0,0,0,0,0.1,456,50,0,0,0.0,266,52,0,0,0.0,266,52,0.0,0.0,0,41,41,37,37,1.9,1.9,0.0,0.0,0.0,0.0,0.0,0.0,0.0,0.0,0.0,174,45,0.0,174,45,0.0,174,45,0.0,174,45,,,,1,,Mike,Penders,Penders,,,0,0,0,0,0,0,0,0,0,0,0,0,0,,,,0.0,0.0,0.0,0.0,0.0,0,0,0
561,a,,,4.5,525,148,0,0,0,0,0.0,537,183,0,0,0.0,288,138,0,0,0.0,288,138,0.0,0.0,0,47,47,14,14,1.7,1.7,0.0,0.0,0.0,0.0,0.0,0.0,0.0,0.0,0.0,198,120,0.0,198,120,0.0,198,120,0.0,198,120,,,,1,,Aaron,Anselmino,Anselmino,,,0,0,0,0,0,0,0,0,0,0,0,0,0,,,,0.0,0.0,0.0,0.0,0.0,0,0,0
568,a,,,5.5,203,127,0,0,0,0,0.1,388,148,0,0,0.0,499,199,0,0,0.0,499,199,0.0,0.0,0,54,54,88,88,2.0,2.0,0.0,0.0,0.0,0.0,0.0,0.0,0.0,0.0,0.0,468,180,0.0,468,180,0.0,468,180,0.0,468,180,,,,1,,Valentín,Barco,Barco,,,0,0,0,0,0,0,0,0,0,0,0,0,0,,,,0.0,0.0,0.0,0.0,0.0,0,0,0
578,a,,,5.5,178,108,0,0,0,0,0.0,482,199,0,0,0.0,484,187,0,0,0.0,484,187,0.0,0.0,0,39,39,59,59,2.0,2.0,0.0,0.0,0.0,0.0,0.0,0.0,0.0,0.0,0.0,443,161,0.0,443,161,0.0,443,161,0.0,443,161,,,,1,,Mykhailo,Mudryk,Mudryk,,,0,0,0,0,0,0,0,0,0,0,0,0,0,,,,0.0,0.0,0.0,0.0,0.0,0,0,0
583,a,,,5.0,342,70,0,0,0,0,0.2,347,133,0,0,0.0,392,168,0,0,0.0,392,168,0.0,0.0,0,174,174,115,115,2.2,2.2,0.0,0.0,0.0,0.0,0.0,0.0,0.0,0.0,0.0,321,156,0.0,321,156,0.0,321,156,0.0,321,156,,,,1,,Pep,Chavarría,Chavarria,,,0,0,0,0,0,0,0,0,0,0,0,0,0,,,,0.0,0.0,0.0,0.0,0.0,0,0,0
104,a,,,5.0,296,177,0,0,0,0,0.2,375,140,2,2,2.0,27,11,0,8,2.0,27,11,0.4,0.4,0,257,257,125,125,1.5,1.5,0.0,0.01,0.01,1.88,0.0,0.01,0.01,1.88,0.0,275,64,0.0,275,64,0.0,275,64,0.0,275,64,,,,1,,Frank,Onyeka,Onyeka,,,90,0,0,0,3,0,0,0,0,0,0,1,9,,,,0.0,0.0,3.0,1.0,9.0,1,3,5
110,a,,,4.5,474,39,0,0,0,0,1.1,181,26,1,1,1.0,57,4,0,0,1.0,57,4,0.2,0.2,0,573,573,358,358,1.9,1.9,0.0,0.01,0.01,1.88,0.0,0.01,0.01,1.88,0.0,147,38,0.0,147,38,0.0,147,38,0.0,147,38,,,,1,,Carl,Rushworth,Rushworth,,,90,0,0,0,3,0,0,0,0,0,2,1,0,,,,2.0,0.0,3.0,1.0,0.0,0,1,7
171,a,,,4.0,575,64,0,0,0,0,1.6,146,21,0,0,0.0,157,27,0,0,0.0,157,27,0.0,0.0,0,127,127,455,455,1.0,1.0,0.0,0.0,0.0,0.0,0.0,0.0,0.0,0.0,0.0,45,17,0.0,45,17,0.0,45,17,0.0,45,17,,,,1,,Oliver,Dovin,Dovin,,,0,0,0,0,0,0,0,0,0,0,0,0,0,,,,0.0,0.0,0.0,0.0,0.0,0,0,0
14,a,,,6.5,41,28,0,0,0,0,2.1,121,37,1,1,1.0,123,51,0,4,1.0,123,51,0.2,0.2,0,758,758,7203,7203,2.3,2.3,0.04,0.0,0.04,0.15,0.26,0.0,0.26,0.96,0.0,556,233,0.0,556,233,0.0,556,233,0.0,556,233,,3.0,,1,,Eberechi,Eze,Eze,,,14,0,0,0,0,0,0,0,0,0,0,0,2,,,,0.0,0.0,0.0,0.0,12.86,0,0,2
172,a,,,4.5,412,28,0,0,0,0,0.5,253,35,0,0,0.0,191,37,0,0,0.0,191,37,0.0,0.0,0,27,27,314,314,1.9,1.9,0.0,0.0,0.0,0.0,0.0,0.0,0.0,0.0,0.0,85,27,0.0,85,27,0.0,85,27,0.0,85,27,,,,1,,Ben,Wilson,Wilson,,,0,0,0,0,0,0,0,0,0,0,0,0,0,,,,0.0,0.0,0.0,0.0,0.0,0,0,0
175,a,,,4.0,569,172,0,0,0,0,13.9,30,10,1,1,1.0,42,19,0,-8,1.0,42,19,0.2,0.2,0,4037,4037,2795,2795,1.0,1.0,0.0,0.01,0.01,1.88,0.0,0.01,0.01,1.88,0.0,39,24,0.0,39,24,0.0,39,24,0.0,39,24,,,,1,,Milan,van Ewijk,van Ewijk,,,90,0,0,0,3,0,0,0,0,0,0,1,7,,,,0.0,0.0,3.0,1.0,7.0,1,6,3
176,a,,,4.0,549,157,0,0,0,0,0.9,205,76,1,1,1.0,37,14,0,-4,1.0,37,14,0.2,0.2,0,338,338,293,293,1.0,1.0,0.0,0.02,0.02,1.88,0.0,0.02,0.02,1.88,0.0,19,9,0.0,19,9,0.0,19,9,0.0,19,9,,,,1,,Jay,Dasilva,Dasilva,,,90,0,0,0,3,0,0,0,0,0,0,1,6,,,,0.0,0.0,3.0,1.0,6.0,0,6,1
177,a,,,4.0,573,175,0,0,0,0,0.1,461,160,0,0,0.0,155,62,0,0,0.0,155,62,0.0,0.0,0,23,23,44,44,1.0,1.0,0.0,0.0,0.0,0.0,0.0,0.0,0.0,0.0,0.0,43,27,0.0,43,27,0.0,43,27,0.0,43,27,,,,1,,Kaine,Kesler-Hayden,Kesler-Hayden,,,0,0,0,0,0,0,0,0,0,0,0,0,0,,,,0.0,0.0,0.0,0.0,0.0,0,0,0
178,a,,,4.0,536,149,0,0,0,0,0.1,430,151,0,0,0.0,133,51,0,0,0.0,133,51,0.0,0.0,0,226,226,91,91,1.0,1.0,0.0,0.0,0.0,0.0,0.0,0.0,0.0,0.0,0.0,6,1,0.0,6,1,0.0,6,1,0.0,6,1,,,,1,,Jake,Bidwell,Bidwell,,,0,0,0,0,0,0,0,0,0,0,0,0,0,,,,0.0,0.0,0.0,0.0,0.0,0,0,0
179,a,,,4.0,553,161,0,0,0,0,0.0,490,170,0,0,0.0,143,56,0,0,0.0,143,56,0.0,0.0,0,24,24,38,38,1.0,1.0,0.0,0.0,0.0,0.0,0.0,0.0,0.0,0.0,0.0,23,13,0.0,23,13,0.0,23,13,0.0,23,13,,,,1,,Joel,Latibeaudiere,Latibeaudiere,,,0,0,0,0,0,0,0,0,0,0,0,0,0,,,,0.0,0.0,0.0,0.0,0.0,0,0,0
180,a,,,4.0,558,165,0,0,0,0,0.2,363,138,0,0,0.0,146,58,0,0,0.0,146,58,0.0,0.0,0,107,107,141,141,1.0,1.0,0.0,0.0,0.0,0.0,0.0,0.0,0.0,0.0,0.0,28,17,0.0,28,17,0.0,28,17,0.0,28,17,,,,1,,Luke,Woolfenden,Woolfenden,,,0,0,0,0,0,0,0,0,0,0,0,0,0,,,,0.0,0.0,0.0,0.0,0.0,0,0,0
181,a,,,4.0,590,189,0,0,0,0,0.0,494,171,0,0,0.0,171,75,0,0,0.0,171,75,0.0,0.0,0,25,25,29,29,1.0,1.0,0.0,0.0,0.0,0.0,0.0,0.0,0.0,0.0,0.0,60,41,0.0,60,41,0.0,60,41,0.0,60,41,,,,1,,Miguel,Brau,Brau,,,0,0,0,0,0,0,0,0,0,0,0,0,0,,,,0.0,0.0,0.0,0.0,0.0,0,0,0
182,a,,,4.0,584,183,0,0,0,0,0.9,203,75,1,1,1.0,44,21,0,1,1.0,44,21,0.2,0.2,0,360,360,300,300,1.0,1.0,0.0,0.01,0.01,1.88,0.0,0.01,0.01,1.88,0.0,54,35,0.0,54,35,0.0,54,35,0.0,54,35,,,,1,,Aurèle,Amenda,Amenda,,,90,0,0,0,3,0,0,0,0,0,0,1,9,,,,0.0,0.0,3.0,1.0,9.0,0,9,4
183,a,100.0,100.0,5.0,323,188,0,0,0,0,0.1,385,145,1,1,1.0,75,21,0,3,1.0,75,21,0.2,0.2,0,92,92,108,108,1.5,1.5,0.15,0.0,0.15,0.29,0.68,0.0,0.68,1.3,0.0,302,75,0.0,302,75,0.0,302,75,0.0,302,75,3.0,1.0,,1,,Jack,Rudoni,Rudoni,,,20,0,0,0,0,0,0,0,0,0,0,0,5,,,,0.0,0.0,0.0,0.0,22.5,1,0,4
184,a,,,5.0,247,150,0,0,0,0,0.2,349,125,2,2,2.0,24,10,0,14,2.0,24,10,0.4,0.4,0,351,351,100,100,1.5,1.5,0.0,0.01,0.01,1.88,0.0,0.01,0.01,1.88,0.0,226,37,0.0,226,37,0.0,226,37,0.0,226,37,1.0,,3.0,1,,Matt,Grimes,Grimes,,,90,0,0,0,3,0,0,0,0,0,0,1,7,,,,0.0,0.0,3.0,1.0,7.0,0,4,3
185,a,,,5.0,346,200,0,0,0,0,0.1,410,160,0,0,0.0,395,132,0,0,0.0,395,132,0.0,0.0,0,24,24,121,121,1.5,1.5,0.0,0.0,0.0,0.0,0.0,0.0,0.0,0.0,0.0,325,87,0.0,325,87,0.0,325,87,0.0,325,87,,,,1,,Tatsuhiro,Sakamoto,Sakamoto,,,0,0,0,0,0,0,0,0,0,0,0,0,0,,,,0.0,0.0,0.0,0.0,0.0,0,0,0
186,a,100.0,100.0,5.5,149,92,0,0,0,0,0.1,395,152,0,0,0.0,463,177,0,0,0.0,463,177,0.0,0.0,0,27,27,165,165,2.0,2.0,0.0,0.0,0.0,0.0,0.0,0.0,0.0,0.0,0.0,414,145,0.0,414,145,0.0,414,145,0.0,414,145,,,,1,,Ephron,Mason-Clark,Mason-Clark,,,0,0,0,0,0,0,0,0,0,0,0,0,0,,,,0.0,0.0,0.0,0.0,0.0,0,0,0
187,a,,,5.0,302,179,0,0,0,0,0.0,553,229,0,0,0.0,355,113,0,0,0.0,355,113,0.0,0.0,0,12,12,23,23,1.5,1.5,0.0,0.0,0.0,0.0,0.0,0.0,0.0,0.0,0.0,281,66,0.0,281,66,0.0,281,66,0.0,281,66,,,,1,,Josh,Eccles,Eccles,,,0,0,0,0,0,0,0,0,0,0,0,0,0,,,,0.0,0.0,0.0,0.0,0.0,0,0,0
188,a,,,5.5,146,90,0,0,0,0,0.2,366,134,1,1,1.0,92,32,0,8,1.0,92,32,0.2,0.2,0,19,19,170,170,2.0,2.0,0.0,0.11,0.11,0.32,0.0,0.35,0.35,1.03,0.0,411,143,0.0,411,143,0.0,411,143,0.0,411,143,2.0,2.0,2.0,1,,Victor,Torp,Torp,,,28,0,0,0,0,0,0,0,0,0,0,0,1,,,,0.0,0.0,0.0,0.0,3.21,0,1,0
189,a,,,4.5,530,263,0,0,0,0,0.3,288,96,0,0,0.0,293,77,0,0,0.0,293,77,0.0,0.0,0,210,210,224,224,1.0,1.0,0.0,0.0,0.0,0.0,0.0,0.0,0.0,0.0,0.0,203,25,0.0,203,25,0.0,203,25,0.0,203,25,,,,1,,George,Shepherd,Shepherd,,,0,0,0,0,0,0,0,0,0,0,0,0,0,,,,0.0,0.0,0.0,0.0,0.0,0,0,0
190,a,,,5.5,180,109,0,0,0,0,0.1,384,144,2,2,2.0,29,13,0,11,2.0,29,13,0.4,0.4,0,153,153,101,101,2.0,2.0,0.04,0.02,0.06,1.76,0.04,0.02,0.06,1.96,0.0,445,162,0.0,445,162,0.0,445,162,0.0,445,162,,,,1,,Loum,Tchaouna,Tchaouna,,,81,0,0,0,3,0,0,0,0,0,0,1,8,,,,0.0,0.0,3.33,1.11,8.89,0,3,5
191,a,,,4.5,485,251,0,0,0,0,0.2,362,131,0,0,0.0,251,65,0,0,0.0,251,65,0.0,0.0,0,93,93,137,137,1.0,1.0,0.0,0.0,0.0,0.0,0.0,0.0,0.0,0.0,0.0,158,13,0.0,158,13,0.0,158,13,0.0,158,13,,,,1,,Raphael,Borges Rodrigues,Borges Rodrigues,,,0,0,0,0,0,0,0,0,0,0,0,0,0,,,,0.0,0.0,0.0,0.0,0.0,0,0,0
192,a,,,4.5,526,260,0,0,0,0,0.7,219,70,0,0,0.0,289,74,0,0,0.0,289,74,0.0,0.0,0,408,408,504,504,1.0,1.0,0.0,0.0,0.0,0.0,0.0,0.0,0.0,0.0,0.0,199,22,0.0,199,22,0.0,199,22,0.0,199,22,,,,1,,Kaine,Andrews,Andrews,,,0,0,0,0,0,0,0,0,0,0,0,0,0,,,,0.0,0.0,0.0,0.0,0.0,0,0,0
15,a,,,6.5,35,23,0,0,0,0,8.5,49,17,11,11,11.0,4,1,3,41,11.0,4,1,1.7,1.7,0,27637,27637,2367,2367,2.3,2.3,0.21,0.1,0.31,0.06,0.25,0.12,0.37,0.07,0.0,550,228,0.0,550,228,0.0,550,228,0.0,550,228,4.0,,3.0,1,,Martin,Ødegaard,Ødegaard,,,75,1,0,1,0,0,0,0,0,0,0,1,8,,,,0.0,1.2,0.0,1.2,9.6,3,1,4
20,a,,,5.5,221,138,0,0,0,0,0.1,429,170,0,0,0.0,513,209,0,0,0.0,513,209,0.0,0.0,0,76,76,405,405,2.0,2.0,0.0,0.0,0.0,0.0,0.0,0.0,0.0,0.0,0.0,486,191,0.0,486,191,0.0,486,191,0.0,486,191,,,,1,,Max,Dowman,Dowman,,,0,0,0,0,0,0,0,0,0,0,0,0,0,,,,0.0,0.0,0.0,0.0,0.0,0,0,0
25,a,,,7.5,15,6,0,0,0,0,8.8,47,8,0,0,0.0,587,66,0,0,0.0,587,66,0.0,0.0,0,950,950,35014,35014,2.4,2.4,0.0,0.0,0.0,0.0,0.0,0.0,0.0,0.0,0.0,581,66,0.0,581,66,0.0,581,66,0.0,581,66,,,2.0,1,,Viktor,Gyökeres,Gyökeres,,,0,0,0,0,0,0,0,0,0,0,0,0,0,,,,0.0,0.0,0.0,0.0,0.0,0,0,0
193,i,0.0,0.0,5.5,125,34,0,0,0,0,0.2,352,55,0,0,0.0,446,40,0,0,0.0,446,40,0.0,0.0,0,23,23,844,844,0.0,0.0,0.0,0.0,0.0,0.0,0.0,0.0,0.0,0.0,0.0,390,30,0.0,390,30,0.0,390,30,0.0,390,30,,,1.0,1,,Haji,Wright,Wright,Thigh injury - Unknown return date,,0,0,0,0,0,0,0,0,0,0,0,0,0,,,,0.0,0.0,0.0,0.0,0.0,0,0,0
194,a,,,5.0,284,52,0,0,0,0,0.8,213,35,2,2,2.0,26,4,0,9,2.0,26,4,0.4,0.4,0,1283,1283,440,440,1.4,1.4,0.0,0.02,0.02,1.6,0.0,0.03,0.03,2.09,0.0,263,16,0.0,263,16,0.0,263,16,0.0,263,16,,,4.0,1,,Brandon,Thomas-Asante,Thomas-Asante,,,69,0,0,0,3,0,0,0,0,0,0,1,6,,,,0.0,0.0,3.91,1.3,7.83,0,5,1
195,a,,,5.0,273,50,0,0,0,0,0.9,198,31,2,2,2.0,25,3,0,7,2.0,25,3,0.4,0.4,0,1412,1412,453,453,1.4,1.4,0.0,0.01,0.01,1.6,0.0,0.01,0.01,2.09,0.0,252,14,0.0,252,14,0.0,252,14,0.0,252,14,,,,1,,Ellis,Simms,Simms,,,69,0,0,0,3,0,0,0,0,0,0,1,3,,,,0.0,0.0,3.91,1.3,3.91,0,1,2
196,u,0.0,0.0,5.0,371,58,0,0,0,0,0.0,545,70,0,0,0.0,415,33,0,0,0.0,415,33,0.0,0.0,0,0,0,124,124,0.0,0.0,0.0,0.0,0.0,0.0,0.0,0.0,0.0,0.0,0.0,350,22,0.0,350,22,0.0,350,22,0.0,350,22,,,,1,,Jahnoah,Markelo,Markelo,Has joined Shabab Al-Ahli Dubai permanently,,0,0,0,0,0,0,0,0,0,0,0,0,0,,,,0.0,0.0,0.0,0.0,0.0,0,0,0
197,u,0.0,0.0,4.5,500,65,0,0,0,0,0.0,483,66,0,0,0.0,265,18,0,0,0.0,265,18,0.0,0.0,0,0,0,147,147,0.0,0.0,0.0,0.0,0.0,0.0,0.0,0.0,0.0,0.0,0.0,173,5,0.0,173,5,0.0,173,5,0.0,173,5,,,,1,,Norman,Bassette,Bassette,Has joined KVC Westerlo on loan for the rest of the season,,0,0,0,0,0,0,0,0,0,0,0,0,0,,,,0.0,0.0,0.0,0.0,0.0,0,0,0
492,a,,,5.5,140,36,0,0,0,0,0.9,207,34,1,1,1.0,91,6,0,4,1.0,91,6,0.2,0.2,0,416,416,742,742,1.8,1.8,0.0,0.0,0.0,0.29,0.0,0.0,0.0,1.3,0.0,405,32,0.0,405,32,0.0,405,32,0.0,405,32,,,5.0,1,,Taiwo,Awoniyi,Awoniyi,,,20,0,0,0,0,0,0,0,0,0,0,0,1,,,,0.0,0.0,0.0,0.0,4.5,0,0,1
575,a,,,5.0,395,236,0,0,0,0,0.3,313,109,1,1,1.0,85,28,0,2,1.0,85,28,0.2,0.2,0,137,137,247,247,1.5,1.5,0.0,0.0,0.0,1.56,0.0,0.0,0.0,2.3,0.0,374,123,0.0,374,123,0.0,374,123,0.0,374,123,,,,1,,Caleb,Yirenkyi,Yirenkyi,,,61,0,0,0,3,0,0,0,1,0,0,1,3,,,,0.0,0.0,4.43,1.48,4.43,0,0,3
584,a,,,5.5,129,80,0,0,0,0,0.2,380,143,1,1,1.0,88,30,0,3,1.0,88,30,0.2,0.2,0,44,44,140,140,2.0,2.0,0.0,0.0,0.0,0.13,0.0,0.0,0.0,1.46,0.0,394,133,0.0,394,133,0.0,394,133,0.0,394,133,,,,1,,Gustavo,Hamer,Hamer,,,8,0,0,0,0,0,0,0,0,0,0,0,1,,,,0.0,0.0,0.0,0.0,11.25,0,0,1
42,a,,,5.5,188,115,0,0,0,0,0.0,500,209,0,0,0.0,489,191,0,0,0.0,489,191,0.0,0.0,0,59,59,50,50,2.0,2.0,0.0,0.0,0.0,0.0,0.0,0.0,0.0,0.0,0.0,453,168,0.0,453,168,0.0,453,168,0.0,453,168,,,,1,,Evann,Guessand,Guessand,,,0,0,0,0,0,0,0,0,0,0,0,0,0,,,,0.0,0.0,0.0,0.0,0.0,0,0,0
198,a,100.0,75.0,5.0,250,10,0,0,0,0,1.8,127,19,1,1,1.0,64,6,0,7,1.0,64,6,0.2,0.2,0,148,148,2782,2782,2.6,2.0,0.0,0.0,0.0,0.11,0.0,0.0,0.0,0.76,0.0,229,52,0.0,229,52,0.0,229,52,0.0,229,52,,,,1,,Dean,Henderson,Henderson,,,13,0,0,0,0,0,0,0,0,0,1,1,0,,,,6.92,0.0,0.0,6.92,0.0,0,0,3
199,a,,,4.5,413,29,0,0,0,0,0.1,400,43,0,0,0.0,192,38,0,0,0.0,192,38,0.0,0.0,0,112,112,70,70,1.9,1.9,0.0,0.0,0.0,0.0,0.0,0.0,0.0,0.0,0.0,86,28,0.0,86,28,0.0,86,28,0.0,86,28,,,,1,,Walter,Benítez,Benitez,,,0,0,0,0,0,0,0,0,0,0,0,0,0,,,,0.0,0.0,0.0,0.0,0.0,0,0,0
201,a,,,5.5,153,18,0,0,0,0,9.8,43,16,1,1,1.0,95,46,0,5,1.0,95,46,0.2,0.2,0,4505,4505,3186,3186,2.5,2.5,0.08,0.01,0.09,0.11,0.55,0.07,0.62,0.76,0.0,418,172,0.0,418,172,0.0,418,172,0.0,418,172,,,,1,,Daniel,Muñoz Mejía,Muñoz,,,13,0,0,0,0,0,0,0,0,0,0,1,2,,,,0.0,0.0,0.0,6.92,13.85,0,2,0
202,a,,,5.0,295,53,0,0,0,0,0.8,217,83,1,1,1.0,71,41,0,3,1.0,71,41,0.2,0.2,0,453,453,286,286,2.2,2.2,0.0,0.0,0.0,0.11,0.0,0.0,0.0,0.76,0.0,274,139,0.0,274,139,0.0,274,139,0.0,274,139,,,,1,,Chris,Richards,Richards,,,13,0,0,0,0,0,0,0,0,0,0,1,1,,,,0.0,0.0,0.0,6.92,6.92,0,1,0
203,a,,,5.0,392,78,0,0,0,0,0.3,286,104,1,1,1.0,84,44,0,5,1.0,84,44,0.2,0.2,0,126,126,152,152,2.2,2.2,0.0,0.0,0.0,0.11,0.0,0.0,0.0,0.76,0.0,371,164,0.0,371,164,0.0,371,164,0.0,371,164,,,,1,,Jaydee,Canvot,Canvot,,,13,0,0,0,0,0,0,0,0,0,0,1,3,,,,0.0,0.0,0.0,6.92,20.77,2,1,0
204,a,,,4.5,456,116,0,0,0,0,6.4,58,23,1,1,1.0,55,31,0,3,1.0,55,31,0.2,0.2,0,1694,1694,1348,1348,1.7,1.7,0.0,0.0,0.0,0.11,0.0,0.0,0.0,0.76,0.0,129,88,0.0,129,88,0.0,129,88,0.0,129,88,,,,1,,Tyrick,Mitchell,Mitchell,,,13,0,0,0,0,0,0,0,0,0,0,1,1,,,,0.0,0.0,0.0,6.92,6.92,0,1,1
205,a,,,4.5,436,100,0,0,0,0,0.0,516,174,0,0,0.0,213,100,0,0,0.0,213,100,0.0,0.0,0,34,34,18,18,1.7,1.7,0.0,0.0,0.0,0.0,0.0,0.0,0.0,0.0,0.0,109,72,0.0,109,72,0.0,109,72,0.0,109,72,,,,1,,Borna,Sosa,Sosa,,,0,0,0,0,0,0,0,0,0,0,0,0,0,,,,0.0,0.0,0.0,0.0,0.0,0,0,0
206,a,,,4.5,494,135,0,0,0,0,0.1,449,159,1,1,1.0,59,34,0,3,1.0,59,34,0.2,0.2,0,169,169,53,53,1.7,1.7,0.0,0.0,0.0,0.11,0.0,0.0,0.0,0.76,0.0,167,107,0.0,167,107,0.0,167,107,0.0,167,107,,,,1,,Chadi,Riad Dnanou,Chadi Riad,,,13,0,0,0,0,0,0,0,0,0,0,1,1,,,,0.0,0.0,0.0,6.92,6.92,0,1,1
207,a,,,4.5,451,112,0,0,0,0,0.1,433,152,0,0,0.0,223,108,0,0,0.0,223,108,0.0,0.0,0,68,68,38,38,1.7,1.7,0.0,0.0,0.0,0.0,0.0,0.0,0.0,0.0,0.0,124,84,0.0,124,84,0.0,124,84,0.0,124,84,,,,1,,Oscar,Mingueza,Mingueza,,,0,0,0,0,0,0,0,0,0,0,0,0,0,,,,0.0,0.0,0.0,0.0,0.0,0,0,0
208,a,,,6.5,40,27,0,0,0,0,4.7,69,22,0,0,0.0,568,242,0,0,0.0,568,242,0.0,0.0,0,1356,1356,3890,3890,2.3,2.3,0.0,0.0,0.0,0.0,0.0,0.0,0.0,0.0,0.0,555,232,0.0,555,232,0.0,555,232,0.0,555,232,,,2.0,1,,Ismaïla,Sarr,Sarr,,,0,0,0,0,0,0,0,0,0,0,0,0,0,,,,0.0,0.0,0.0,0.0,0.0,0,0,0
210,a,100.0,100.0,5.5,193,118,0,0,0,0,0.9,204,68,1,1,1.0,105,41,0,5,1.0,105,41,0.2,0.2,0,534,534,405,405,2.0,2.0,0.0,0.0,0.0,0.11,0.0,0.0,0.0,0.76,0.0,458,171,0.0,458,171,0.0,458,171,0.0,458,171,1.0,,,1,,Adam,Wharton,Wharton,,,13,0,0,0,0,0,0,0,0,0,0,1,4,,,,0.0,0.0,0.0,6.92,27.69,1,1,2
211,a,,,5.5,191,117,0,0,0,0,0.2,342,121,0,0,0.0,492,193,0,0,0.0,492,193,0.0,0.0,0,39,39,88,88,2.0,2.0,0.0,0.0,0.0,0.0,0.0,0.0,0.0,0.0,0.0,456,170,0.0,456,170,0.0,456,170,0.0,456,170,2.0,1.0,,1,,Yéremy,Pino Santos,Yeremy,,,0,0,0,0,0,0,0,0,0,0,0,0,0,,,,0.0,0.0,0.0,0.0,0.0,0,0,0
212,a,,,4.5,409,240,0,0,0,0,12.1,33,11,0,0,0.0,188,55,0,0,0.0,188,55,0.0,0.0,0,3982,3982,2263,2263,1.0,1.0,0.0,0.0,0.0,0.0,0.0,0.0,0.0,0.0,0.0,82,2,0.0,82,2,0.0,82,2,0.0,82,2,3.0,,,1,,Will,Hughes,Hughes,,,0,0,0,0,0,0,0,0,0,0,0,0,0,,,,0.0,0.0,0.0,0.0,0.0,0,0,0
213,a,,,5.0,242,145,0,0,0,0,0.1,404,157,0,0,0.0,309,84,0,0,0.0,309,84,0.0,0.0,0,57,57,56,56,1.5,1.5,0.0,0.0,0.0,0.0,0.0,0.0,0.0,0.0,0.0,221,32,0.0,221,32,0.0,221,32,0.0,221,32,,,,1,,Jefferson,Lerma Solís,Lerma,,,0,0,0,0,0,0,0,0,0,0,0,0,0,,,,0.0,0.0,0.0,0.0,0.0,0,0,0
214,a,,,5.0,264,161,0,0,0,0,0.3,304,102,1,1,1.0,65,18,0,4,1.0,65,18,0.2,0.2,0,220,220,146,146,1.5,1.5,0.0,0.0,0.0,0.11,0.0,0.0,0.0,0.76,0.0,243,48,0.0,243,48,0.0,243,48,0.0,243,48,4.0,,,1,,Daichi,Kamada,Kamada,,,13,0,0,0,0,0,0,0,0,0,0,1,1,,,,0.0,0.0,0.0,6.92,6.92,0,0,1
215,a,,,5.0,331,191,0,0,0,0,0.0,564,238,0,0,0.0,382,124,0,0,0.0,382,124,0.0,0.0,0,16,16,9,9,1.5,1.5,0.0,0.0,0.0,0.0,0.0,0.0,0.0,0.0,0.0,310,78,0.0,310,78,0.0,310,78,0.0,310,78,,2.0,3.0,1,,Justin,Devenny,Devenny,,,0,0,0,0,0,0,0,0,0,0,0,0,0,,,,0.0,0.0,0.0,0.0,0.0,0,0,0
216,a,,,5.0,381,227,0,0,0,0,0.0,491,203,0,0,0.0,423,153,0,0,0.0,423,153,0.0,0.0,0,54,54,33,33,1.5,1.5,0.0,0.0,0.0,0.0,0.0,0.0,0.0,0.0,0.0,360,114,0.0,360,114,0.0,360,114,0.0,360,114,,,,1,,Romain,Esse,Esse,,,0,0,0,0,0,0,0,0,0,0,0,0,0,,,,0.0,0.0,0.0,0.0,0.0,0,0,0
217,a,,,5.0,363,213,0,0,0,0,0.0,511,213,0,0,0.0,408,142,0,0,0.0,408,142,0.0,0.0,0,3,3,15,15,1.5,1.5,0.0,0.0,0.0,0.0,0.0,0.0,0.0,0.0,0.0,342,100,0.0,342,100,0.0,342,100,0.0,342,100,,,,1,,Matheus,França de Oliveira,M.França,,,0,0,0,0,0,0,0,0,0,0,0,0,0,,,,0.0,0.0,0.0,0.0,0.0,0,0,0
218,a,,,5.0,301,178,0,0,0,0,0.1,453,183,0,0,0.0,354,112,0,0,0.0,354,112,0.0,0.0,0,56,56,37,37,1.5,1.5,0.0,0.0,0.0,0.0,0.0,0.0,0.0,0.0,0.0,280,65,0.0,280,65,0.0,280,65,0.0,280,65,,,,1,,Cheick,Doucouré,Doucouré,,,0,0,0,0,0,0,0,0,0,0,0,0,0,,,,0.0,0.0,0.0,0.0,0.0,0,0,0
219,a,,,5.0,309,182,0,0,0,0,0.0,582,249,0,0,0.0,362,116,0,0,0.0,362,116,0.0,0.0,0,6,6,6,6,1.5,1.5,0.0,0.0,0.0,0.0,0.0,0.0,0.0,0.0,0.0,288,69,0.0,288,69,0.0,288,69,0.0,288,69,,,,1,,Jesurun,Rak-Sakyi,J.Rak-Sakyi,,,0,0,0,0,0,0,0,0,0,0,0,0,0,,,,0.0,0.0,0.0,0.0,0.0,0,0,0
220,u,0.0,0.0,4.5,516,144,0,0,0,0,0.0,593,197,0,0,0.0,280,135,0,0,0.0,280,135,0.0,0.0,0,0,0,8,8,0.0,0.0,0.0,0.0,0.0,0.0,0.0,0.0,0.0,0.0,0.0,189,116,0.0,189,116,0.0,189,116,0.0,189,116,,,,1,,Rio,Cardines,Cardines,Has joined Bristol City on loan for the rest of the season,,0,0,0,0,0,0,0,0,0,0,0,0,0,,,,0.0,0.0,0.0,0.0,0.0,0,0,0
221,a,,,4.5,529,262,0,0,0,0,0.1,432,172,0,0,0.0,292,76,0,0,0.0,292,76,0.0,0.0,0,98,98,63,63,1.0,1.0,0.0,0.0,0.0,0.0,0.0,0.0,0.0,0.0,0.0,202,24,0.0,202,24,0.0,202,24,0.0,202,24,,,,1,,Joél,Drakes-Thomas,Drakes-Thomas,,,0,0,0,0,0,0,0,0,0,0,0,0,0,,,,0.0,0.0,0.0,0.0,0.0,0,0,0
222,a,,,6.0,77,20,0,0,0,0,0.6,242,40,0,0,0.0,533,57,0,0,0.0,533,57,0.0,0.0,0,254,254,318,318,2.0,2.0,0.0,0.0,0.0,0.0,0.0,0.0,0.0,0.0,0.0,511,52,0.0,511,52,0.0,511,52,0.0,511,52,,,,1,,Jørgen,Strand Larsen,Strand Larsen,,,0,0,0,0,0,0,0,0,0,0,0,0,0,,,,0.0,0.0,0.0,0.0,0.0,0,0,0
223,a,,,6.5,39,11,0,0,0,0,5.7,62,10,1,1,1.0,122,12,0,-1,1.0,122,12,0.2,0.2,0,2784,2784,2498,2498,2.1,2.1,0.4,0.01,0.41,0.11,2.77,0.07,2.84,0.76,0.0,554,61,0.0,554,61,0.0,554,61,0.0,554,61,,,1.0,1,,Jean-Philippe,Mateta,Mateta,,,13,0,0,0,0,0,0,0,0,0,0,1,2,,,,0.0,0.0,0.0,6.92,13.85,1,0,1
224,a,,,5.5,136,35,0,0,0,0,0.5,252,43,1,1,1.0,90,5,0,7,1.0,90,5,0.2,0.2,0,370,370,291,291,1.8,1.8,0.0,0.53,0.53,0.11,0.0,3.67,3.67,0.76,0.0,401,31,0.0,401,31,0.0,401,31,0.0,401,31,,,,1,,Eddie,Nketiah,Nketiah,,,13,0,0,0,0,0,0,0,0,0,0,1,1,,,,0.0,0.0,0.0,6.92,6.92,0,0,1
225,u,0.0,0.0,5.0,394,60,0,0,0,0,0.0,600,72,0,0,0.0,433,35,0,0,0.0,433,35,0.0,0.0,0,0,0,0,0,0.0,0.0,0.0,0.0,0.0,0.0,0.0,0.0,0.0,0.0,0.0,373,24,0.0,373,24,0.0,373,24,0.0,373,24,,,,1,,Christantus,Uche,Uche,has returned to Getafe CF,,0,0,0,0,0,0,0,0,0,0,0,0,0,,,,0.0,0.0,0.0,0.0,0.0,0,0,0
241,a,,,5.5,159,99,0,0,0,0,0.2,365,133,1,1,1.0,98,36,0,3,1.0,98,36,0.2,0.2,0,58,58,77,77,2.0,2.0,0.03,0.01,0.04,0.11,0.21,0.07,0.28,0.76,0.0,424,152,0.0,424,152,0.0,424,152,0.0,424,152,,,,1,,Dwight,McNeil,McNeil,,,13,0,0,0,0,0,0,0,0,0,0,1,1,,,,0.0,0.0,0.0,6.92,6.92,0,0,1
555,a,,,4.0,548,57,0,0,0,0,1.8,131,20,0,0,0.0,140,20,0,0,0.0,140,20,0.0,0.0,0,596,596,324,324,1.0,1.0,0.0,0.0,0.0,0.0,0.0,0.0,0.0,0.0,0.0,18,10,0.0,18,10,0.0,18,10,0.0,18,10,,,,1,,Remi,Matthews,Matthews,,,0,0,0,0,0,0,0,0,0,0,0,0,0,,,,0.0,0.0,0.0,0.0,0.0,0,0,0
577,a,,,4.5,441,104,0,0,0,0,0.4,277,103,0,0,0.0,217,103,0,0,0.0,217,103,0.0,0.0,0,207,207,143,143,1.7,1.7,0.0,0.0,0.0,0.0,0.0,0.0,0.0,0.0,0.0,114,76,0.0,114,76,0.0,114,76,0.0,114,76,,,,1,,Takehiro,Tomiyasu,Tomiyasu,,,0,0,0,0,0,0,0,0,0,0,0,0,0,,,,0.0,0.0,0.0,0.0,0.0,0,0,0
588,a,,,5.0,375,74,0,0,0,0,0.1,418,148,0,0,0.0,419,171,0,0,0.0,419,171,0.0,0.0,0,68,68,54,54,2.2,2.2,0.0,0.0,0.0,0.0,0.0,0.0,0.0,0.0,0.0,354,160,0.0,354,160,0.0,354,160,0.0,354,160,,,,1,,Anan,Khalaili,Khalaili,,,0,0,0,0,0,0,0,0,0,0,0,0,0,,,,0.0,0.0,0.0,0.0,0.0,0,0,0
595,a,,,5.0,374,222,0,0,0,0,0.0,560,235,0,0,0.0,418,150,0,0,0.0,418,150,0.0,0.0,0,21,21,9,9,1.5,1.5,0.0,0.0,0.0,0.0,0.0,0.0,0.0,0.0,0.0,353,109,0.0,353,109,0.0,353,109,0.0,353,109,,,,1,,Zavier,Gozo,Gozo,,,0,0,0,0,0,0,0,0,0,0,0,0,0,,,,0.0,0.0,0.0,0.0,0.0,0,0,0
21,i,0.0,0.0,5.0,238,143,0,0,0,0,0.1,411,161,0,0,0.0,305,82,0,0,0.0,305,82,0.0,0.0,0,17,17,381,381,0.0,0.0,0.0,0.0,0.0,0.0,0.0,0.0,0.0,0.0,0.0,217,30,0.0,217,30,0.0,217,30,0.0,217,30,,,,1,,Christian,Nørgaard,Nørgaard,Unspecified injury - Unknown return date,,0,0,0,0,0,0,0,0,0,0,0,0,0,,,,0.0,0.0,0.0,0.0,0.0,0,0,0
209,a,,,6.0,76,49,0,0,0,0,0.2,368,135,0,0,0.0,532,217,0,0,0.0,532,217,0.0,0.0,0,98,98,93,93,2.1,2.1,0.0,0.0,0.0,0.0,0.0,0.0,0.0,0.0,0.0,510,201,0.0,510,201,0.0,510,201,0.0,510,201,,,,1,,Brennan,Johnson,Johnson,,,0,0,0,0,0,0,0,0,0,0,0,0,0,,,,0.0,0.0,0.0,0.0,0.0,0,0,0
226,a,,,5.5,116,2,0,0,0,0,8.0,53,7,1,1,1.0,87,10,0,6,1.0,87,10,0.2,0.2,0,2433,2433,2067,2067,3.3,3.3,0.0,0.0,0.0,0.51,0.0,0.0,0.0,3.53,0.0,381,64,0.0,381,64,0.0,381,64,0.0,381,64,,,,1,,Jordan,Pickford,Pickford,,,13,0,0,0,0,0,0,0,0,0,1,1,0,,,,6.92,0.0,0.0,6.92,0.0,0,0,2
227,a,,,5.0,283,13,0,0,0,0,0.0,508,56,0,0,0.0,341,60,0,0,0.0,341,60,0.0,0.0,0,15,15,14,14,2.6,2.6,0.0,0.0,0.0,0.0,0.0,0.0,0.0,0.0,0.0,262,55,0.0,262,55,0.0,262,55,0.0,262,55,,,,1,,Mark,Travers,Travers,,,0,0,0,0,0,0,0,0,0,0,0,0,0,,,,0.0,0.0,0.0,0.0,0.0,0,0,0
228,a,,,4.5,416,31,0,0,0,0,0.0,497,53,0,0,0.0,195,40,0,0,0.0,195,40,0.0,0.0,0,34,34,27,27,1.9,1.9,0.0,0.0,0.0,0.0,0.0,0.0,0.0,0.0,0.0,89,30,0.0,89,30,0.0,89,30,0.0,89,30,,,,1,,Tom,King,King,,,0,0,0,0,0,0,0,0,0,0,0,0,0,,,,0.0,0.0,0.0,0.0,0.0,0,0,0
229,a,,,6.0,56,5,0,0,0,0,8.6,48,19,1,1,1.0,112,50,0,2,1.0,112,50,0.2,0.2,0,2003,2003,2348,2348,2.8,2.8,0.0,0.0,0.0,0.51,0.0,0.0,0.0,3.53,0.0,490,189,0.0,490,189,0.0,490,189,0.0,490,189,,,,1,,James,Tarkowski,Tarkowski,,,13,0,0,0,0,0,0,0,0,0,0,1,1,,,,0.0,0.0,0.0,6.92,6.92,0,1,0
230,a,,,5.5,185,27,0,0,0,0,1.6,143,60,1,1,1.0,103,48,0,3,1.0,103,48,0.2,0.2,0,953,953,657,657,2.5,2.5,0.0,0.01,0.01,0.51,0.0,0.07,0.07,3.53,0.0,450,181,0.0,450,181,0.0,450,181,0.0,450,181,,,,1,,Jarrad,Branthwaite,Branthwaite,,,13,0,0,0,0,0,0,0,0,0,0,1,1,,,,0.0,0.0,0.0,6.92,6.92,0,1,0
231,a,,,5.0,233,37,0,0,0,0,1.7,140,58,0,0,0.0,300,140,0,0,0.0,300,140,0.0,0.0,0,584,584,454,454,2.2,2.2,0.0,0.0,0.0,0.0,0.0,0.0,0.0,0.0,0.0,212,123,0.0,212,123,0.0,212,123,0.0,212,123,,,,1,,Michael,Keane,Keane,,,0,0,0,0,0,0,0,0,0,0,0,0,0,,,,0.0,0.0,0.0,0.0,0.0,0,0,0
232,a,,,5.0,351,71,0,0,0,0,0.5,251,94,0,0,0.0,400,169,0,0,0.0,400,169,0.0,0.0,0,226,226,174,174,2.2,2.2,0.0,0.0,0.0,0.0,0.0,0.0,0.0,0.0,0.0,330,157,0.0,330,157,0.0,330,157,0.0,330,157,,,,1,,Jake,O'Brien,O'Brien,,,0,0,0,0,0,0,0,0,0,0,0,0,0,,,,0.0,0.0,0.0,0.0,0.0,0,0,0
233,a,,,4.5,442,105,0,0,0,0,1.5,157,66,1,1,1.0,51,28,0,3,1.0,51,28,0.2,0.2,0,590,590,376,376,1.7,1.7,0.0,0.0,0.0,0.51,0.0,0.0,0.0,3.53,0.0,115,77,0.0,115,77,0.0,115,77,0.0,115,77,,,,1,,Vitalii,Mykolenko,Mykolenko,,,13,0,0,0,0,0,0,0,0,0,0,1,1,,,,0.0,0.0,0.0,6.92,6.92,0,1,1
234,a,,,4.5,455,115,0,0,0,0,0.0,510,173,0,0,0.0,226,111,0,0,0.0,226,111,0.0,0.0,0,40,40,19,19,1.7,1.7,0.0,0.0,0.0,0.0,0.0,0.0,0.0,0.0,0.0,128,87,0.0,128,87,0.0,128,87,0.0,128,87,,,,1,,Nathan,Patterson,Patterson,,,0,0,0,0,0,0,0,0,0,0,0,0,0,,,,0.0,0.0,0.0,0.0,0.0,0,0,0
235,a,,,4.0,578,178,0,0,0,0,0.2,358,136,0,0,0.0,160,65,0,0,0.0,160,65,0.0,0.0,0,183,183,80,80,1.0,1.0,0.0,0.0,0.0,0.0,0.0,0.0,0.0,0.0,0.0,48,30,0.0,48,30,0.0,48,30,0.0,48,30,,,,1,,Adam,Aznou,Aznou,,,0,0,0,0,0,0,0,0,0,0,0,0,0,,,,0.0,0.0,0.0,0.0,0.0,0,0,0
236,a,,,6.5,37,25,0,0,0,0,3.2,100,33,1,1,1.0,121,50,0,3,1.0,121,50,0.2,0.2,0,787,787,1209,1209,2.3,2.3,0.0,0.02,0.02,0.51,0.0,0.14,0.14,3.53,0.0,552,230,0.0,552,230,0.0,552,230,0.0,552,230,2.0,,,1,,Kiernan,Dewsbury-Hall,Dewsbury-Hall,,,13,0,0,0,0,0,0,0,0,0,0,1,1,,,,0.0,0.0,0.0,6.92,6.92,0,0,1
237,a,,,6.0,81,52,0,0,0,0,15.8,27,8,1,1,1.0,115,46,0,5,1.0,115,46,0.2,0.2,0,3789,3789,3229,3229,2.1,2.1,0.11,0.0,0.11,0.51,0.76,0.0,0.76,3.53,0.0,515,204,0.0,515,204,0.0,515,204,0.0,515,204,,,1.0,1,,Iliman,Ndiaye,Ndiaye,,,13,0,0,0,0,0,0,0,0,0,0,1,2,,,,0.0,0.0,0.0,6.92,13.85,0,0,2
239,a,100.0,25.0,6.0,75,48,0,0,0,0,0.1,401,155,0,0,0.0,531,216,0,0,0.0,531,216,0.0,0.0,0,30,30,246,246,2.1,0.5,0.0,0.0,0.0,0.0,0.0,0.0,0.0,0.0,0.0,509,200,0.0,509,200,0.0,509,200,0.0,509,200,1.0,1.0,3.0,1,,James,Garner,Garner,,,0,0,0,0,0,0,0,0,0,0,0,0,0,,,,0.0,0.0,0.0,0.0,0.0,0,0,0
240,i,0.0,0.0,5.0,333,193,0,0,0,0,0.0,557,233,0,0,0.0,384,126,0,0,0.0,384,126,0.0,0.0,0,2,2,46,46,0.0,0.0,0.0,0.0,0.0,0.0,0.0,0.0,0.0,0.0,0.0,312,80,0.0,312,80,0.0,312,80,0.0,312,80,,,,1,,Tim,Iroegbunam,Iroegbunam,Thigh injury - Unknown return date,,0,0,0,0,0,0,0,0,0,0,0,0,0,,,,0.0,0.0,0.0,0.0,0.0,0,0,0
242,a,,,5.5,209,131,0,0,0,0,0.3,305,103,1,1,1.0,109,44,0,3,1.0,109,44,0.2,0.2,0,91,91,106,106,2.0,2.0,0.0,0.02,0.02,0.51,0.0,0.14,0.14,3.53,0.0,474,184,0.0,474,184,0.0,474,184,0.0,474,184,,,,1,,Tyrique,George,George,,,13,0,0,0,0,0,0,0,0,0,0,1,1,,,,0.0,0.0,0.0,6.92,6.92,0,0,1
243,a,,,5.0,347,201,0,0,0,0,0.1,424,167,0,0,0.0,396,133,0,0,0.0,396,133,0.0,0.0,0,186,186,74,74,1.5,1.5,0.0,0.0,0.0,0.0,0.0,0.0,0.0,0.0,0.0,326,88,0.0,326,88,0.0,326,88,0.0,326,88,,,,1,,Carlos,Alcaraz Durán,Alcaraz,,,0,0,0,0,0,0,0,0,0,0,0,0,0,,,,0.0,0.0,0.0,0.0,0.0,0,0,0
244,a,,,5.0,383,229,0,0,0,0,0.1,447,178,1,1,1.0,83,27,0,2,1.0,83,27,0.2,0.2,0,104,104,52,52,1.5,1.5,0.0,0.02,0.02,0.51,0.0,0.14,0.14,3.53,0.0,362,116,0.0,362,116,0.0,362,116,0.0,362,116,,,,1,,Harrison,Armstrong,Armstrong,,,13,0,0,0,0,0,0,0,0,0,0,1,4,,,,0.0,0.0,0.0,6.92,27.69,0,2,2
245,a,,,5.5,194,119,0,0,0,0,0.0,496,207,0,0,0.0,494,194,0,0,0.0,494,194,0.0,0.0,0,24,24,30,30,2.0,2.0,0.0,0.0,0.0,0.0,0.0,0.0,0.0,0.0,0.0,459,172,0.0,459,172,0.0,459,172,0.0,459,172,,,,1,,Tyler,Dibling,Dibling,,,0,0,0,0,0,0,0,0,0,0,0,0,0,,,,0.0,0.0,0.0,0.0,0.0,0,0,0
246,a,,,5.0,352,203,0,0,0,0,0.1,471,192,1,1,1.0,78,23,0,4,1.0,78,23,0.2,0.2,0,34,34,20,20,1.5,1.5,0.0,0.04,0.04,0.51,0.0,0.28,0.28,3.53,0.0,331,90,0.0,331,90,0.0,331,90,0.0,331,90,,,,1,,Merlin,Röhl,Röhl,,,13,0,0,0,0,0,0,0,0,0,0,1,2,,,,0.0,0.0,0.0,6.92,13.85,1,0,1
247,a,,,5.5,152,94,0,0,0,0,0.3,306,104,1,1,1.0,94,33,0,3,1.0,94,33,0.2,0.2,0,84,84,116,116,2.0,2.0,0.0,0.0,0.0,0.51,0.0,0.0,0.0,3.53,0.0,417,147,0.0,417,147,0.0,417,147,0.0,417,147,,,,1,,Hayden,Hackney,Hackney,,,13,0,0,0,0,0,0,0,0,0,0,1,1,,,,0.0,0.0,0.0,6.92,6.92,0,0,1
248,a,,,5.5,189,43,0,0,0,0,2.8,108,14,0,0,0.0,490,47,0,0,0.0,490,47,0.0,0.0,0,1266,1266,1169,1169,1.8,1.8,0.0,0.0,0.0,0.0,0.0,0.0,0.0,0.0,0.0,454,39,0.0,454,39,0.0,454,39,0.0,454,39,,,4.0,1,,Norberto Bercique,Gomes Betuncal,Beto,,,0,0,0,0,0,0,0,0,0,0,0,0,0,,,,0.0,0.0,0.0,0.0,0.0,0,0,0
249,a,,,5.5,218,45,0,0,0,0,1.3,169,24,1,1,1.0,111,8,0,3,1.0,111,8,0.2,0.2,0,876,876,579,579,1.8,1.8,0.0,0.01,0.01,0.51,0.0,0.07,0.07,3.53,0.0,483,41,0.0,483,41,0.0,483,41,0.0,483,41,,,2.0,1,,Thierno,Barry,Barry,,,13,0,0,0,0,0,0,0,0,0,0,1,0,,,,0.0,0.0,0.0,6.92,0.0,0,0,0
250,a,,,4.5,401,24,0,0,0,0,3.1,103,16,0,0,0.0,183,33,0,0,0.0,183,33,0.0,0.0,0,805,805,526,526,1.9,1.9,0.0,0.0,0.0,0.0,0.0,0.0,0.0,0.0,0.0,74,23,0.0,74,23,0.0,74,23,0.0,74,23,,,,1,,Bernd,Leno,Leno,,,0,0,0,0,0,0,0,0,0,0,0,0,0,,,,0.0,0.0,0.0,0.0,0.0,0,0,0
251,a,,,4.0,537,53,0,0,0,0,1.2,172,25,0,0,0.0,134,16,0,0,0.0,134,16,0.0,0.0,0,122,122,218,218,1.0,1.0,0.0,0.0,0.0,0.0,0.0,0.0,0.0,0.0,0.0,7,6,0.0,7,6,0.0,7,6,0.0,7,6,,,,1,,Benjamin,Lecomte,Lecomte,,,0,0,0,0,0,0,0,0,0,0,0,0,0,,,,0.0,0.0,0.0,0.0,0.0,0,0,0
252,a,,,4.0,581,66,0,0,0,0,0.2,379,41,0,0,0.0,163,29,0,0,0.0,163,29,0.0,0.0,0,66,66,34,34,1.0,1.0,0.0,0.0,0.0,0.0,0.0,0.0,0.0,0.0,0.0,51,19,0.0,51,19,0.0,51,19,0.0,51,19,,,,1,,Alfie,McNally,McNally,,,0,0,0,0,0,0,0,0,0,0,0,0,0,,,,0.0,0.0,0.0,0.0,0.0,0,0,0
253,s,0.0,0.0,5.0,251,41,0,0,0,0,0.0,503,172,0,0,0.0,316,144,0,0,0.0,316,144,0.0,0.0,0,14,14,60,60,0.0,0.0,0.0,0.0,0.0,0.0,0.0,0.0,0.0,0.0,0.0,230,127,0.0,230,127,0.0,230,127,0.0,230,127,,,,1,,Joachim,Andersen,Andersen,Suspended until 30 Aug,,0,0,0,0,0,0,0,0,0,0,0,0,0,,,,0.0,0.0,0.0,0.0,0.0,0,0,0
254,a,,,4.5,422,90,0,0,0,0,1.7,138,56,0,0,0.0,200,91,0,0,0.0,200,91,0.0,0.0,0,1322,1322,358,358,1.7,1.7,0.0,0.0,0.0,0.0,0.0,0.0,0.0,0.0,0.0,95,62,0.0,95,62,0.0,95,62,0.0,95,62,,,2.0,1,,Antonee,Robinson,Robinson,,,0,0,0,0,0,0,0,0,0,0,0,0,0,,,,0.0,0.0,0.0,0.0,0.0,0,0,0
255,a,,,4.5,458,118,0,0,0,0,0.0,539,185,0,0,0.0,228,113,0,0,0.0,228,113,0.0,0.0,0,23,23,10,10,1.7,1.7,0.0,0.0,0.0,0.0,0.0,0.0,0.0,0.0,0.0,131,90,0.0,131,90,0.0,131,90,0.0,131,90,,,,1,,Jorge,Cuenca Barreno,J.Cuenca,,,0,0,0,0,0,0,0,0,0,0,0,0,0,,,,0.0,0.0,0.0,0.0,0.0,0,0,0
256,a,,,4.5,421,89,0,0,0,0,0.3,301,113,0,0,0.0,199,90,0,0,0.0,199,90,0.0,0.0,0,63,63,80,80,1.7,1.7,0.0,0.0,0.0,0.0,0.0,0.0,0.0,0.0,0.0,94,61,0.0,94,61,0.0,94,61,0.0,94,61,,,,1,,Kenny,Tete,Tete,,,0,0,0,0,0,0,0,0,0,0,0,0,0,,,,0.0,0.0,0.0,0.0,0.0,0,0,0
257,a,,,4.5,449,111,0,0,0,0,0.8,216,82,0,0,0.0,222,107,0,0,0.0,222,107,0.0,0.0,0,782,782,241,241,1.7,1.7,0.0,0.0,0.0,0.0,0.0,0.0,0.0,0.0,0.0,122,83,0.0,122,83,0.0,122,83,0.0,122,83,,,,1,,Calvin,Bassey,Bassey,,,0,0,0,0,0,0,0,0,0,0,0,0,0,,,,0.0,0.0,0.0,0.0,0.0,0,0,0
258,a,,,4.5,420,88,0,0,0,0,0.3,293,108,0,0,0.0,198,89,0,0,0.0,198,89,0.0,0.0,0,127,127,85,85,1.7,1.7,0.0,0.0,0.0,0.0,0.0,0.0,0.0,0.0,0.0,93,60,0.0,93,60,0.0,93,60,0.0,93,60,,,,1,,Timothy,Castagne,Castagne,,,0,0,0,0,0,0,0,0,0,0,0,0,0,,,,0.0,0.0,0.0,0.0,0.0,0,0,0
261,a,,,5.5,119,77,0,0,0,0,1.0,191,64,0,0,0.0,441,165,0,0,0.0,441,165,0.0,0.0,0,377,377,375,375,2.0,2.0,0.0,0.0,0.0,0.0,0.0,0.0,0.0,0.0,0.0,384,130,0.0,384,130,0.0,384,130,0.0,384,130,1.0,1.0,3.0,1,,Alex,Iwobi,Iwobi,,,0,0,0,0,0,0,0,0,0,0,0,0,0,,,,0.0,0.0,0.0,0.0,0.0,0,0,0
262,a,,,5.5,139,86,0,0,0,0,0.4,271,89,0,0,0.0,456,172,0,0,0.0,456,172,0.0,0.0,0,168,168,158,158,2.0,2.0,0.0,0.0,0.0,0.0,0.0,0.0,0.0,0.0,0.0,404,139,0.0,404,139,0.0,404,139,0.0,404,139,,,,1,,Emile,Smith Rowe,Smith Rowe,,,0,0,0,0,0,0,0,0,0,0,0,0,0,,,,0.0,0.0,0.0,0.0,0.0,0,0,0
263,a,,,5.5,211,133,0,0,0,0,0.1,470,191,0,0,0.0,505,204,0,0,0.0,505,204,0.0,0.0,0,29,29,33,33,2.0,2.0,0.0,0.0,0.0,0.0,0.0,0.0,0.0,0.0,0.0,476,186,0.0,476,186,0.0,476,186,0.0,476,186,3.0,,,1,,Kevin,Santos Lopes de Macedo,Kevin,,,0,0,0,0,0,0,0,0,0,0,0,0,0,,,,0.0,0.0,0.0,0.0,0.0,0,0,0
264,a,,,5.5,184,112,0,0,0,0,0.3,294,98,0,0,0.0,487,189,0,0,0.0,487,189,0.0,0.0,0,168,168,145,145,2.0,2.0,0.0,0.0,0.0,0.0,0.0,0.0,0.0,0.0,0.0,449,165,0.0,449,165,0.0,449,165,0.0,449,165,2.0,,,1,,Oscar,Bobb,Bobb,,,0,0,0,0,0,0,0,0,0,0,0,0,0,,,,0.0,0.0,0.0,0.0,0.0,0,0,0
265,a,,,5.0,261,159,0,0,0,0,0.4,267,87,0,0,0.0,326,97,0,0,0.0,326,97,0.0,0.0,0,183,183,162,162,1.5,1.5,0.0,0.0,0.0,0.0,0.0,0.0,0.0,0.0,0.0,240,46,0.0,240,46,0.0,240,46,0.0,240,46,,,,1,,Sander,Berge,Berge,,,0,0,0,0,0,0,0,0,0,0,0,0,0,,,,0.0,0.0,0.0,0.0,0.0,0,0,0
266,i,0.0,0.0,5.0,226,140,0,0,0,0,0.0,588,254,0,0,0.0,295,79,0,0,0.0,295,79,0.0,0.0,0,2,2,14,14,0.0,0.0,0.0,0.0,0.0,0.0,0.0,0.0,0.0,0.0,0.0,205,27,0.0,205,27,0.0,205,27,0.0,205,27,,,,1,,Tom,Cairney,Cairney,Knee injury - Expected back 10 Oct,,0,0,0,0,0,0,0,0,0,0,0,0,0,,,,0.0,0.0,0.0,0.0,0.0,0,0,0
268,a,,,5.5,216,136,0,0,0,0,0.2,373,139,0,0,0.0,509,207,0,0,0.0,509,207,0.0,0.0,0,24,24,71,71,2.0,2.0,0.0,0.0,0.0,0.0,0.0,0.0,0.0,0.0,0.0,481,189,0.0,481,189,0.0,481,189,0.0,481,189,,,,1,,Josh,King,King,,,0,0,0,0,0,0,0,0,0,0,0,0,0,,,,0.0,0.0,0.0,0.0,0.0,0,0,0
269,a,,,4.5,426,92,0,0,0,0,0.5,261,99,0,0,0.0,204,93,0,0,0.0,204,93,0.0,0.0,0,145,145,98,98,1.7,1.7,0.0,0.0,0.0,0.0,0.0,0.0,0.0,0.0,0.0,99,64,0.0,99,64,0.0,99,64,0.0,99,64,,,,1,,Ryan,Sessegnon,Sessegnon,,,0,0,0,0,0,0,0,0,0,0,0,0,0,,,,0.0,0.0,0.0,0.0,0.0,0,0,0
270,a,,,4.5,418,241,0,0,0,0,1.6,148,44,0,0,0.0,197,56,0,0,0.0,197,56,0.0,0.0,0,1284,1284,632,632,1.0,1.0,0.0,0.0,0.0,0.0,0.0,0.0,0.0,0.0,0.0,91,3,0.0,91,3,0.0,91,3,0.0,91,3,,,,1,,Harrison,Reed,Reed,,,0,0,0,0,0,0,0,0,0,0,0,0,0,,,,0.0,0.0,0.0,0.0,0.0,0,0,0
580,a,,,5.0,315,185,0,0,0,0,0.1,431,171,0,0,0.0,368,119,0,0,0.0,368,119,0.0,0.0,0,52,52,42,42,1.5,1.5,0.0,0.0,0.0,0.0,0.0,0.0,0.0,0.0,0.0,294,72,0.0,294,72,0.0,294,72,0.0,294,72,,,,1,,Shea,Charles,Charles,,,0,0,0,0,0,0,0,0,0,0,0,0,0,,,,0.0,0.0,0.0,0.0,0.0,0,0,0
273,a,,,4.0,546,56,0,0,0,0,1.6,151,23,0,0,0.0,139,19,0,0,0.0,139,19,0.0,0.0,0,291,291,368,368,1.0,1.0,0.0,0.0,0.0,0.0,0.0,0.0,0.0,0.0,0.0,16,9,0.0,16,9,0.0,16,9,0.0,16,9,,,,1,,Dillon,Phillips,Phillips,,,0,0,0,0,0,0,0,0,0,0,0,0,0,,,,0.0,0.0,0.0,0.0,0.0,0,0,0
274,i,0.0,0.0,4.5,407,26,0,0,0,0,0.1,408,44,0,0,0.0,187,35,0,0,0.0,187,35,0.0,0.0,0,21,21,272,272,0.0,0.0,0.0,0.0,0.0,0.0,0.0,0.0,0.0,0.0,0.0,80,25,0.0,80,25,0.0,80,25,0.0,80,25,,,,1,,Jack,Butland,Butland,Arm injury - Unknown return date,,0,0,0,0,0,0,0,0,0,0,0,0,0,,,,0.0,0.0,0.0,0.0,0.0,0,0,0
275,u,0.0,0.0,4.0,577,65,0,0,0,0,0.0,573,67,0,0,0.0,159,28,0,0,0.0,159,28,0.0,0.0,0,0,0,16,16,0.0,0.0,0.0,0.0,0.0,0.0,0.0,0.0,0.0,0.0,0.0,47,18,0.0,47,18,0.0,47,18,0.0,47,18,,,,1,,Harvey,Cartwright,Cartwright,Has joined Grimsby Town on loan for the rest of the season,,0,0,0,0,0,0,0,0,0,0,0,0,0,,,,0.0,0.0,0.0,0.0,0.0,0,0,0
276,u,0.0,0.0,4.0,566,62,0,0,0,0,0.0,504,55,0,0,0.0,152,25,0,0,0.0,152,25,0.0,0.0,0,0,0,80,80,0.0,0.0,0.0,0.0,0.0,0.0,0.0,0.0,0.0,0.0,0.0,36,15,0.0,36,15,0.0,36,15,0.0,36,15,,,,1,,Thimothée,Lo-Tutala,Lo-Tutala,Has joined Colchester United on loan for the rest of the season,,0,0,0,0,0,0,0,0,0,0,0,0,0,,,,0.0,0.0,0.0,0.0,0.0,0,0,0
277,a,,,4.0,539,151,0,0,0,0,1.5,153,63,8,8,8.0,8,5,0,30,8.0,8,5,2.0,2.0,0,1154,1154,390,390,1.0,1.0,0.0,0.0,0.0,1.81,0.0,0.0,0.0,1.81,0.0,9,3,0.0,9,3,0.0,9,3,0.0,9,3,,,,1,,John,Egan,Egan,,,90,0,0,1,0,0,0,0,0,0,0,1,22,,,,0.0,1.0,0.0,1.0,22.0,1,21,3
278,i,0.0,0.0,4.0,580,180,0,0,0,0,0.1,394,142,0,0,0.0,162,67,0,0,0.0,162,67,0.0,0.0,0,17,17,304,304,0.0,0.0,0.0,0.0,0.0,0.0,0.0,0.0,0.0,0.0,0.0,50,32,0.0,50,32,0.0,50,32,0.0,50,32,,,,1,,Charlie,Hughes,Hughes,Groin injury - Unknown return date,,0,0,0,0,0,0,0,0,0,0,0,0,0,,,,0.0,0.0,0.0,0.0,0.0,0,0,0
279,a,,,4.0,542,153,0,0,0,0,1.1,187,71,14,14,14.0,2,2,2,39,14.0,2,2,3.5,3.5,0,5145,5145,414,414,1.0,1.0,0.81,0.0,0.81,0.84,1.16,0.0,1.16,1.2,0.0,12,5,0.0,12,5,0.0,12,5,0.0,12,5,,,,1,,Semi,Ajayi,Ajayi,,,63,1,0,1,0,0,0,0,0,0,0,1,7,,,,0.0,1.43,0.0,1.43,10.0,0,7,3
280,a,,,4.0,552,160,0,0,0,0,0.7,224,86,6,6,6.0,9,6,0,23,6.0,9,6,1.5,1.5,0,284,284,237,237,1.0,1.0,0.0,0.01,0.01,1.14,0.0,0.01,0.01,1.49,0.0,22,12,0.0,22,12,0.0,22,12,0.0,22,12,,,,1,,Lewie,Coyle,Coyle,,,69,0,0,1,0,0,0,0,0,0,0,1,2,,,,0.0,1.3,0.0,1.3,2.61,1,1,3
281,a,100.0,100.0,4.0,563,168,0,0,0,0,0.0,536,182,1,1,1.0,40,17,0,4,1.0,40,17,0.2,0.2,0,38,38,18,18,1.0,1.0,0.06,0.0,0.06,0.67,0.27,0.0,0.27,3.02,0.0,33,20,0.0,33,20,0.0,33,20,0.0,33,20,,,,1,,Cody,Drameh,Drameh,,,20,0,0,0,0,0,0,0,0,0,0,0,3,,,,0.0,0.0,0.0,0.0,13.5,1,2,2
282,a,,,4.0,560,167,0,0,0,0,0.8,212,81,6,6,6.0,10,7,0,24,6.0,10,7,1.5,1.5,0,602,602,223,223,1.0,1.0,0.02,0.07,0.09,1.74,0.02,0.08,0.1,1.86,0.0,30,19,0.0,30,19,0.0,30,19,0.0,30,19,1.0,1.0,,1,,Ryan,Giles,Giles,,,84,0,0,1,0,0,0,0,0,0,0,1,6,,,,0.0,1.07,0.0,1.07,6.43,1,5,1
283,i,0.0,0.0,4.0,567,170,0,0,0,0,0.0,563,190,0,0,0.0,153,61,0,0,0.0,153,61,0.0,0.0,0,5,5,44,44,0.0,0.0,0.0,0.0,0.0,0.0,0.0,0.0,0.0,0.0,0.0,37,22,0.0,37,22,0.0,37,22,0.0,37,22,,,,1,,Matty,Jacob,Jacob,Hip injury - Expected back 29 Aug,,0,0,0,0,0,0,0,0,0,0,0,0,0,,,,0.0,0.0,0.0,0.0,0.0,0,0,0
284,a,,,4.0,600,198,0,0,0,0,0.1,440,154,0,0,0.0,179,82,0,0,0.0,179,82,0.0,0.0,0,47,47,81,81,1.0,1.0,0.0,0.0,0.0,0.0,0.0,0.0,0.0,0.0,0.0,70,50,0.0,70,50,0.0,70,50,0.0,70,50,,,,1,,Cathal,McCarthy,McCarthy,,,0,0,0,0,0,0,0,0,0,0,0,0,0,,,,0.0,0.0,0.0,0.0,0.0,0,0,0
286,a,,,5.0,365,215,0,0,0,0,0.5,257,82,3,3,3.0,19,5,0,8,3.0,19,5,0.6,0.6,0,1094,1094,161,161,1.5,1.5,0.05,0.03,0.08,1.81,0.05,0.03,0.08,1.81,0.0,344,102,0.0,344,102,0.0,344,102,0.0,344,102,3.0,2.0,,1,,Mohamed,Belloumi,Belloumi,,,90,0,0,1,0,0,0,0,0,0,0,1,10,,,,0.0,1.0,0.0,1.0,10.0,4,3,3
287,a,,,5.0,288,172,0,0,0,0,0.1,458,187,0,0,0.0,345,107,0,2,0.0,345,107,0.0,0.0,0,42,42,55,55,1.5,1.5,0.0,0.0,0.0,0.67,0.0,0.0,0.0,3.17,0.0,267,59,0.0,267,59,0.0,267,59,0.0,267,59,,,,1,,Liam,Millar,Millar,,,19,0,0,0,0,0,0,0,1,0,0,0,3,,,,0.0,0.0,0.0,0.0,14.21,1,1,1
288,a,,,4.5,423,242,0,0,0,0,0.4,272,90,0,0,0.0,201,57,0,0,0.0,201,57,0.0,0.0,0,216,216,251,251,1.0,1.0,0.0,0.0,0.0,0.0,0.0,0.0,0.0,0.0,0.0,96,4,0.0,96,4,0.0,96,4,0.0,96,4,,,,1,,Kieran,Dowell,Dowell,,,0,0,0,0,0,0,0,0,0,0,0,0,0,,,,0.0,0.0,0.0,0.0,0.0,0,0,0
289,a,,,4.5,406,239,0,0,0,0,0.7,228,76,2,2,2.0,23,9,0,9,2.0,23,9,0.4,0.4,0,583,583,269,269,1.0,1.0,0.0,0.0,0.0,1.81,0.0,0.0,0.0,1.81,0.0,79,1,0.0,79,1,0.0,79,1,0.0,79,1,,,,1,,Matt,Crooks,Crooks,,,90,0,0,1,0,0,0,0,1,0,0,1,9,,,,0.0,1.0,0.0,1.0,9.0,4,4,1
290,a,,,4.5,453,245,0,0,0,0,3.1,102,34,6,6,6.0,11,3,0,20,6.0,11,3,1.3,1.3,0,3980,3980,625,625,1.0,1.0,0.0,0.44,0.44,1.81,0.0,0.44,0.44,1.81,0.0,126,7,0.0,126,7,0.0,126,7,0.0,126,7,2.0,,,1,,Regan,Slater,Slater,,,90,0,1,1,0,0,0,0,0,0,0,1,3,,,,0.0,1.0,0.0,1.0,3.0,1,0,2
291,i,0.0,0.0,4.5,469,247,0,0,0,0,0.0,581,248,0,0,0.0,238,61,0,0,0.0,238,61,0.0,0.0,0,4,4,4,4,0.0,0.0,0.0,0.0,0.0,0.0,0.0,0.0,0.0,0.0,0.0,142,9,0.0,142,9,0.0,142,9,0.0,142,9,,,,1,,Eliot,Matazo,Matazo,Knee injury - Unknown return date,,0,0,0,0,0,0,0,0,0,0,0,0,0,,,,0.0,0.0,0.0,0.0,0.0,0,0,0
292,a,,,5.0,262,160,0,0,0,0,0.0,547,224,0,0,0.0,327,98,0,0,0.0,327,98,0.0,0.0,0,67,67,37,37,1.5,1.5,0.0,0.0,0.0,0.0,0.0,0.0,0.0,0.0,0.0,241,47,0.0,241,47,0.0,241,47,0.0,241,47,,,,1,,Abdülkadir,Ömür,Ömür,,,0,0,0,0,0,0,0,0,0,0,0,0,0,,,,0.0,0.0,0.0,0.0,0.0,0,0,0
293,u,0.0,0.0,5.0,334,194,0,0,0,0,0.0,585,252,0,0,0.0,385,127,0,0,0.0,385,127,0.0,0.0,0,0,0,37,37,0.0,0.0,0.0,0.0,0.0,0.0,0.0,0.0,0.0,0.0,0.0,313,81,0.0,313,81,0.0,313,81,0.0,313,81,,,,1,,Abu,Kamara,Kamara,Has joined Portsmouth permanently,,0,0,0,0,0,0,0,0,0,0,0,0,0,,,,0.0,0.0,0.0,0.0,0.0,0,0,0
294,i,0.0,0.0,4.5,504,254,0,0,0,0,0.1,406,158,0,0,0.0,269,68,0,0,0.0,269,68,0.0,0.0,0,55,55,283,283,0.0,0.0,0.0,0.0,0.0,0.0,0.0,0.0,0.0,0.0,0.0,177,16,0.0,177,16,0.0,177,16,0.0,177,16,,,,1,,Óscar,Zambrano,Zambrano,Thigh injury - Unknown return date,,0,0,0,0,0,0,0,0,0,0,0,0,0,,,,0.0,0.0,0.0,0.0,0.0,0,0,0
295,a,,,5.5,121,31,0,0,0,0,1.3,170,25,5,5,5.0,16,2,0,21,5.0,16,2,0.9,0.9,0,2382,2382,522,522,1.8,1.8,0.1,0.01,0.11,1.81,0.1,0.01,0.11,1.81,0.0,386,27,0.0,386,27,0.0,386,27,0.0,386,27,,,1.0,1,,Oli,McBurnie,McBurnie,,,90,0,1,1,0,0,0,0,0,0,0,1,5,,,,0.0,1.0,0.0,1.0,5.0,0,3,2
296,a,,,5.0,267,164,0,0,0,0,0.0,498,208,0,0,0.0,329,99,0,0,0.0,329,99,0.0,0.0,0,139,139,90,90,1.5,1.5,0.0,0.0,0.0,0.0,0.0,0.0,0.0,0.0,0.0,246,51,0.0,246,51,0.0,246,51,0.0,246,51,,,,1,,David,Akintola,Akintola,,,0,0,0,0,0,0,0,0,0,0,0,0,0,,,,0.0,0.0,0.0,0.0,0.0,0,0,0
297,i,0.0,0.0,4.5,471,248,0,0,0,0,0.0,520,216,0,0,0.0,240,62,0,0,0.0,240,62,0.0,0.0,0,9,9,66,66,0.0,0.0,0.0,0.0,0.0,0.0,0.0,0.0,0.0,0.0,0.0,144,10,0.0,144,10,0.0,144,10,0.0,144,10,,,,1,,Darko,Gyabi,Gyabi,Thigh injury - Unknown return date,,0,0,0,0,0,0,0,0,0,0,0,0,0,,,,0.0,0.0,0.0,0.0,0.0,0,0,0
298,u,0.0,0.0,4.5,490,63,0,0,0,0,0.4,268,46,0,0,0.0,256,16,0,0,0.0,256,16,0.0,0.0,0,0,0,1661,1661,0.0,0.0,0.0,0.0,0.0,0.0,0.0,0.0,0.0,0.0,0.0,163,3,0.0,163,3,0.0,163,3,0.0,163,3,,,,1,,Enis,Destan,Destan,Has joined Konyaspor permanently,,0,0,0,0,0,0,0,0,0,0,0,0,0,,,,0.0,0.0,0.0,0.0,0.0,0,0,0
299,u,0.0,0.0,4.5,497,64,0,0,0,0,0.1,462,63,0,0,0.0,262,17,0,0,0.0,262,17,0.0,0.0,0,0,0,220,220,0.0,0.0,0.0,0.0,0.0,0.0,0.0,0.0,0.0,0.0,0.0,170,4,0.0,170,4,0.0,170,4,0.0,170,4,,,,1,,Mason,Burstow,Burstow,Has joined Sheffield Wednesday on loan for the rest of the season,,0,0,0,0,0,0,0,0,0,0,0,0,0,,,,0.0,0.0,0.0,0.0,0.0,0,0,0
340,i,0.0,0.0,5.0,314,184,0,0,0,0,0.0,559,234,0,0,0.0,367,118,0,0,0.0,367,118,0.0,0.0,0,10,10,32,32,0.0,0.0,0.0,0.0,0.0,0.0,0.0,0.0,0.0,0.0,0.0,293,71,0.0,293,71,0.0,293,71,0.0,293,71,,,,1,,Joe,Gelhardt,Gelhardt,Ankle injury - Expected back 5 Sep,,0,0,0,0,0,0,0,0,0,0,0,0,0,,,,0.0,0.0,0.0,0.0,0.0,0,0,0
556,a,,,4.0,547,156,0,0,0,0,2.4,115,48,1,1,1.0,36,13,0,3,1.0,36,13,0.2,0.2,0,547,547,1194,1194,1.0,1.0,0.0,0.0,0.0,0.07,0.0,0.0,0.0,1.26,0.0,17,8,0.0,17,8,0.0,17,8,0.0,17,8,,,,1,,Matt,Targett,Targett,,,5,0,0,0,0,0,0,0,0,0,0,0,0,,,,0.0,0.0,0.0,0.0,0.0,0,0,1
563,d,50.0,50.0,5.0,306,180,0,0,0,0,0.0,532,220,0,0,0.0,359,114,0,0,0.0,359,114,0.0,0.0,0,10,10,45,45,0.7,0.7,0.0,0.0,0.0,0.0,0.0,0.0,0.0,0.0,0.0,285,67,0.0,285,67,0.0,285,67,0.0,285,67,,,,1,,Hidemasa,Morita,Morita,Calf injury - 50% chance of playing,,0,0,0,0,0,0,0,0,0,0,0,0,0,,,,0.0,0.0,0.0,0.0,0.0,0,0,0
572,a,,,4.5,475,40,0,0,0,0,0.6,236,32,10,10,10.0,5,1,3,41,10.0,5,1,2.2,2.2,0,2029,2029,245,245,1.9,1.9,0.0,0.0,0.0,1.81,0.0,0.0,0.0,1.81,0.0,148,39,0.0,148,39,0.0,148,39,0.0,148,39,,,,1,,Konstantinos,Tzolakis,Tzolakis,,,90,0,0,1,0,0,0,0,0,0,5,1,0,,,,5.0,1.0,0.0,1.0,0.0,0,0,22
574,a,,,5.0,372,220,0,0,0,0,0.1,438,176,0,0,0.0,416,148,0,0,0.0,416,148,0.0,0.0,0,63,63,42,42,1.5,1.5,0.0,0.0,0.0,0.0,0.0,0.0,0.0,0.0,0.0,351,107,0.0,351,107,0.0,351,107,0.0,351,107,,,,1,,Jens,Hjertø-Dahl,Hjertø-Dahl,,,0,0,0,0,0,0,0,0,0,0,0,0,0,,,,0.0,0.0,0.0,0.0,0.0,0,0,0
259,a,,,4.0,557,164,0,0,0,0,18.4,19,6,1,1,1.0,39,16,0,3,1.0,39,16,0.2,0.2,0,4174,4174,2581,2581,1.0,1.0,0.0,0.0,0.0,0.24,0.0,0.0,0.0,1.66,0.0,27,16,0.0,27,16,0.0,27,16,0.0,27,16,,,,1,,Issa,Diop,Diop,,,15,0,0,0,0,0,0,0,0,0,0,1,1,,,,0.0,0.0,0.0,6.92,6.92,0,1,1
267,a,,,5.0,266,163,0,0,0,0,0.1,403,156,1,1,1.0,67,20,0,3,1.0,67,20,0.2,0.2,0,27,27,44,44,1.5,1.5,0.0,0.0,0.0,0.24,0.0,0.0,0.0,1.66,0.0,245,50,0.0,245,50,0.0,245,50,0.0,245,50,4.0,,,1,,Saša,Lukić,Lukić,,,15,0,0,0,0,0,0,0,0,0,0,1,0,,,,0.0,0.0,0.0,6.92,0.0,0,0,0
300,a,,,4.5,410,27,0,0,0,0,0.5,246,34,0,0,0.0,189,36,0,0,0.0,189,36,0.0,0.0,0,40,40,215,215,1.9,1.9,0.0,0.0,0.0,0.0,0.0,0.0,0.0,0.0,0.0,83,26,0.0,83,26,0.0,83,26,0.0,83,26,,,,1,,Christian,Walton,Walton,,,0,0,0,0,0,0,0,0,0,0,0,0,0,,,,0.0,0.0,0.0,0.0,0.0,0,0,0
26,a,,,7.5,14,5,0,0,0,0,5.7,63,11,6,6,6.0,15,1,0,34,6.0,15,1,0.8,0.8,0,24252,24252,2189,2189,2.4,2.4,0.26,0.03,0.29,0.2,0.26,0.03,0.29,0.2,0.0,580,65,0.0,580,65,0.0,580,65,0.0,580,65,,,,1,,Kai,Havertz,Havertz,,,90,1,0,1,0,0,0,0,0,0,0,1,2,,,,0.0,1.0,0.0,1.0,2.0,0,2,0
30,u,0.0,0.0,4.5,405,82,0,0,0,0,0.1,393,141,0,0,0.0,186,85,0,0,0.0,186,85,0.0,0.0,0,0,0,1196,1196,0.0,0.0,0.0,0.0,0.0,0.0,0.0,0.0,0.0,0.0,0.0,78,54,0.0,78,54,0.0,78,54,0.0,78,54,,,,1,,Lucas,Digne,Digne,Has joined Paris Saint-Germain permanently,,0,0,0,0,0,0,0,0,0,0,0,0,0,,,,0.0,0.0,0.0,0.0,0.0,0,0,0
301,a,,,4.0,540,54,0,0,0,0,4.8,68,9,0,0,0.0,136,17,0,0,0.0,136,17,0.0,0.0,0,718,718,527,527,1.0,1.0,0.0,0.0,0.0,0.0,0.0,0.0,0.0,0.0,0.0,10,7,0.0,10,7,0.0,10,7,0.0,10,7,,,,1,,Alex,Palmer,Palmer,,,0,0,0,0,0,0,0,0,0,0,0,0,0,,,,0.0,0.0,0.0,0.0,0.0,0,0,0
302,a,,,4.0,534,51,0,0,0,0,0.5,262,36,0,0,0.0,131,14,0,0,0.0,131,14,0.0,0.0,0,176,176,77,77,1.0,1.0,0.0,0.0,0.0,0.0,0.0,0.0,0.0,0.0,0.0,4,4,0.0,4,4,0.0,4,4,0.0,4,4,,,,1,,David,Button,Button,,,0,0,0,0,0,0,0,0,0,0,0,0,0,,,,0.0,0.0,0.0,0.0,0.0,0,0,0
303,a,,,4.0,551,159,0,0,0,0,0.7,227,87,0,0,0.0,142,55,0,0,0.0,142,55,0.0,0.0,0,60,60,186,186,1.0,1.0,0.0,0.0,0.0,0.0,0.0,0.0,0.0,0.0,0.0,21,11,0.0,21,11,0.0,21,11,0.0,21,11,,,,1,,Cédric,Kipré,Kipré,,,0,0,0,0,0,0,0,0,0,0,0,0,0,,,,0.0,0.0,0.0,0.0,0.0,0,0,0
304,a,,,4.0,556,163,0,0,0,0,3.5,93,38,1,1,1.0,38,15,0,7,1.0,38,15,0.2,0.2,0,464,464,586,586,1.0,1.0,0.0,0.02,0.02,0.24,0.0,0.14,0.14,1.66,0.0,26,15,0.0,26,15,0.0,26,15,0.0,26,15,,,,1,,Dara,O'Shea,O'Shea,,,15,0,0,0,0,0,0,0,0,0,0,1,1,,,,0.0,0.0,0.0,6.92,6.92,1,0,2
305,a,,,4.0,570,173,0,0,0,0,5.3,66,27,1,1,1.0,43,20,0,4,1.0,43,20,0.2,0.2,0,807,807,831,831,1.0,1.0,0.0,0.0,0.0,0.24,0.0,0.0,0.0,1.66,0.0,40,25,0.0,40,25,0.0,40,25,0.0,40,25,2.0,2.0,,1,,Leif,Davis,Davis,,,15,0,0,0,0,0,0,0,0,0,0,1,4,,,,0.0,0.0,0.0,6.92,20.77,0,4,1
306,a,,,4.0,568,171,0,0,0,0,1.5,156,65,1,1,1.0,41,18,0,3,1.0,41,18,0.2,0.2,0,184,184,254,254,1.0,1.0,0.0,0.0,0.0,0.24,0.0,0.0,0.0,1.66,0.0,38,23,0.0,38,23,0.0,38,23,0.0,38,23,,,,1,,Jacob,Greaves,Greaves,,,15,0,0,0,0,0,0,0,0,0,0,1,0,,,,0.0,0.0,0.0,6.92,0.0,0,0,0
307,a,,,4.0,559,166,0,0,0,0,0.1,412,146,0,0,0.0,147,59,0,0,0.0,147,59,0.0,0.0,0,69,69,52,52,1.0,1.0,0.0,0.0,0.0,0.0,0.0,0.0,0.0,0.0,0.0,29,18,0.0,29,18,0.0,29,18,0.0,29,18,,,,1,,Ben,Johnson,Johnson,,,0,0,0,0,0,0,0,0,0,0,0,0,0,,,,0.0,0.0,0.0,0.0,0.0,0,0,0
308,a,,,4.0,550,158,0,0,0,0,0.7,232,89,0,0,0.0,141,54,0,0,0.0,141,54,0.0,0.0,0,50,50,209,209,1.0,1.0,0.0,0.0,0.0,0.0,0.0,0.0,0.0,0.0,0.0,20,10,0.0,20,10,0.0,20,10,0.0,20,10,,,,1,,Darnell,Furlong,Furlong,,,0,0,0,0,0,0,0,0,0,0,0,0,0,,,,0.0,0.0,0.0,0.0,0.0,0,0,0
309,a,,,5.0,345,199,0,0,0,0,0.1,396,153,1,1,1.0,77,22,0,5,1.0,77,22,0.2,0.2,0,45,45,54,54,1.5,1.5,0.0,0.0,0.0,0.24,0.0,0.0,0.0,1.66,0.0,324,86,0.0,324,86,0.0,324,86,0.0,324,86,1.0,1.0,,1,,Marcelino,Núñez,Núñez,,,15,0,0,0,0,0,0,0,0,0,0,1,1,,,,0.0,0.0,0.0,6.92,6.92,1,0,0
310,i,0.0,0.0,5.0,290,173,0,0,0,0,0.0,590,256,0,0,0.0,347,108,0,0,0.0,347,108,0.0,0.0,0,1,1,14,14,0.0,0.0,0.0,0.0,0.0,0.0,0.0,0.0,0.0,0.0,0.0,269,60,0.0,269,60,0.0,269,60,0.0,269,60,,,,1,,Azor,Matusiwa,Matusiwa,Muscular injury - Unknown return date,,0,0,0,0,0,0,0,0,0,0,0,0,0,,,,0.0,0.0,0.0,0.0,0.0,0,0,0
312,i,0.0,0.0,4.5,447,244,0,0,0,0,0.0,481,198,0,0,0.0,220,59,0,0,0.0,220,59,0.0,0.0,0,24,24,136,136,0.0,0.0,0.0,0.0,0.0,0.0,0.0,0.0,0.0,0.0,0.0,120,6,0.0,120,6,0.0,120,6,0.0,120,6,,,,1,,Jack,Taylor,Taylor,Knee injury - Unknown return date,,0,0,0,0,0,0,0,0,0,0,0,0,0,,,,0.0,0.0,0.0,0.0,0.0,0,0,0
313,a,,,5.5,165,103,0,0,0,0,0.3,309,107,0,0,0.0,473,183,0,0,0.0,473,183,0.0,0.0,0,50,50,117,117,2.0,2.0,0.0,0.0,0.0,0.0,0.0,0.0,0.0,0.0,0.0,430,156,0.0,430,156,0.0,430,156,0.0,430,156,3.0,3.0,1.0,1,,Jack,Clarke,Clarke,,,0,0,0,0,0,0,0,0,0,0,0,0,0,,,,0.0,0.0,0.0,0.0,0.0,0,0,0
314,a,,,5.0,282,168,0,0,0,0,0.0,551,227,0,0,0.0,340,103,0,0,0.0,340,103,0.0,0.0,0,7,7,7,7,1.5,1.5,0.0,0.0,0.0,0.0,0.0,0.0,0.0,0.0,0.0,261,55,0.0,261,55,0.0,261,55,0.0,261,55,,,,1,,Chiedozie,Ogbene,Ogbene,,,0,0,0,0,0,0,0,0,0,0,0,0,0,,,,0.0,0.0,0.0,0.0,0.0,0,0,0
315,a,,,5.5,202,126,0,0,0,0,0.2,325,113,1,1,1.0,107,43,0,4,1.0,107,43,0.2,0.2,0,64,64,135,135,2.0,2.0,0.0,0.0,0.0,0.24,0.0,0.0,0.0,1.66,0.0,467,179,0.0,467,179,0.0,467,179,0.0,467,179,,,,1,,Abdul,Fatawu,Fatawu,,,15,0,0,0,0,0,0,0,0,0,0,1,0,,,,0.0,0.0,0.0,6.92,0.0,0,0,0
316,a,,,5.5,204,44,0,0,0,0,0.4,276,47,1,1,1.0,108,7,0,6,1.0,108,7,0.2,0.2,0,192,192,151,151,1.8,1.8,0.01,0.0,0.01,0.24,0.07,0.0,0.07,1.66,0.0,469,40,0.0,469,40,0.0,469,40,0.0,469,40,,,2.0,1,,Emersonn,Correia da Silva,Emersonn,,,15,0,0,0,0,0,0,0,0,0,0,1,0,,,,0.0,0.0,0.0,6.92,0.0,0,0,0
317,u,0.0,0.0,5.0,278,51,0,0,0,0,0.3,322,53,0,0,0.0,337,27,0,0,0.0,337,27,0.0,0.0,0,0,0,1857,1857,0.0,0.0,0.0,0.0,0.0,0.0,0.0,0.0,0.0,0.0,0.0,257,15,0.0,257,15,0.0,257,15,0.0,257,15,,,,1,,George,Hirst,Hirst,Has joined Stoke City permanently,,0,0,0,0,0,0,0,0,0,0,0,0,0,,,,0.0,0.0,0.0,0.0,0.0,0,0,0
27,a,,,6.0,68,17,0,0,0,0,0.4,284,50,0,0,0.0,524,54,0,0,0.0,524,54,0.0,0.0,0,324,324,1327,1327,2.0,2.0,0.0,0.0,0.0,0.0,0.0,0.0,0.0,0.0,0.0,502,49,0.0,502,49,0.0,502,49,0.0,502,49,,,,1,,Gabriel,Fernando de Jesus,G.Jesus,,,0,0,0,0,0,0,0,0,0,0,0,0,0,,,,0.0,0.0,0.0,0.0,0.0,0,0,0
452,d,75.0,75.0,7.0,24,15,0,0,0,0,4.0,79,26,0,0,0.0,581,252,0,0,0.0,581,252,0.0,0.0,0,175,175,19716,19716,1.8,1.8,0.0,0.0,0.0,0.0,0.0,0.0,0.0,0.0,0.0,572,246,0.0,572,246,0.0,572,246,0.0,572,246,5.0,,4.0,1,,Bruno,Guimarães Rodriguez Moura,Bruno G.,Thigh injury - 75% chance of playing,,0,0,0,0,0,0,0,0,0,0,0,0,0,,,,0.0,0.0,0.0,0.0,0.0,0,0,0
318,a,,,5.5,186,113,0,0,0,0,0.2,371,137,0,0,0.0,488,190,0,0,0.0,488,190,0.0,0.0,0,34,34,85,85,2.0,2.0,0.0,0.0,0.0,0.0,0.0,0.0,0.0,0.0,0.0,451,166,0.0,451,166,0.0,451,166,0.0,451,166,5.0,,3.0,1,,Jaden,Philogene,Philogene,,,0,0,0,0,0,0,0,0,0,0,0,0,0,,,,0.0,0.0,0.0,0.0,0.0,0,0,0
319,u,0.0,0.0,5.0,249,151,0,0,0,0,0.0,577,245,0,0,0.0,315,89,0,0,0.0,315,89,0.0,0.0,0,0,0,91,91,0.0,0.0,0.0,0.0,0.0,0.0,0.0,0.0,0.0,0.0,0.0,228,38,0.0,228,38,0.0,228,38,0.0,228,38,,,,1,,Sam,Szmodics,Szmodics,Has joined Derby County on loan for the rest of the season,,0,0,0,0,0,0,0,0,0,0,0,0,0,,,,0.0,0.0,0.0,0.0,0.0,0,0,0
320,a,,,5.0,240,49,0,0,0,0,0.6,245,41,0,0,0.0,307,26,0,0,0.0,307,26,0.0,0.0,0,660,660,345,345,1.4,1.4,0.0,0.0,0.0,0.0,0.0,0.0,0.0,0.0,0.0,219,13,0.0,219,13,0.0,219,13,0.0,219,13,,,,1,,Chuba,Akpom,Akpom,,,0,0,0,0,0,0,0,0,0,0,0,0,0,,,,0.0,0.0,0.0,0.0,0.0,0,0,0
321,a,,,4.5,507,66,0,0,0,0,2.2,119,16,0,0,0.0,272,19,0,0,0.0,272,19,0.0,0.0,0,1240,1240,742,742,1.0,1.0,0.0,0.0,0.0,0.0,0.0,0.0,0.0,0.0,0.0,180,6,0.0,180,6,0.0,180,6,0.0,180,6,,,,1,,Sindre,Walle Egeli,Walle Egeli,,,0,0,0,0,0,0,0,0,0,0,0,0,0,,,,0.0,0.0,0.0,0.0,0.0,0,0,0
322,a,,,5.0,313,54,0,0,0,0,0.2,382,58,0,0,0.0,366,29,0,0,0.0,366,29,0.0,0.0,0,170,170,145,145,1.4,1.4,0.0,0.0,0.0,0.0,0.0,0.0,0.0,0.0,0.0,292,18,0.0,292,18,0.0,292,18,0.0,292,18,,,,1,,Ali,Al-Hamadi,Al-Hamadi,,,0,0,0,0,0,0,0,0,0,0,0,0,0,,,,0.0,0.0,0.0,0.0,0.0,0,0,0
323,a,,,4.5,467,246,0,0,0,0,1.5,159,48,0,0,0.0,236,60,0,0,0.0,236,60,0.0,0.0,0,793,793,541,541,1.0,1.0,0.0,0.0,0.0,0.0,0.0,0.0,0.0,0.0,0.0,140,8,0.0,140,8,0.0,140,8,0.0,140,8,,,,1,,Kasey,McAteer,McAteer,,,0,0,0,0,0,0,0,0,0,0,0,0,0,,,,0.0,0.0,0.0,0.0,0.0,0,0,0
324,a,,,5.0,286,170,0,0,0,0,0.1,473,193,0,0,0.0,343,105,0,0,0.0,343,105,0.0,0.0,0,8,8,33,33,1.5,1.5,0.0,0.0,0.0,0.0,0.0,0.0,0.0,0.0,0.0,265,57,0.0,265,57,0.0,265,57,0.0,265,57,,,,1,,Anis,Mehmeti,Mehmeti,,,0,0,0,0,0,0,0,0,0,0,0,0,0,,,,0.0,0.0,0.0,0.0,0.0,0,0,0
554,a,,,4.5,498,45,0,0,0,0,0.0,499,54,0,0,0.0,263,51,0,0,0.0,263,51,0.0,0.0,0,11,11,22,22,1.9,1.9,0.0,0.0,0.0,0.0,0.0,0.0,0.0,0.0,0.0,171,44,0.0,171,44,0.0,171,44,0.0,171,44,,,,1,,Kayne,van Oevelen,Van Oevelen,,,0,0,0,0,0,0,0,0,0,0,0,0,0,,,,0.0,0.0,0.0,0.0,0.0,0,0,0
562,a,,,5.5,164,102,0,0,0,0,0.4,269,88,1,1,1.0,99,37,0,2,1.0,99,37,0.2,0.2,0,107,107,123,123,2.0,2.0,0.0,0.0,0.0,0.24,0.0,0.0,0.0,1.66,0.0,429,155,0.0,429,155,0.0,429,155,0.0,429,155,,,,1,,Daizen,Maeda,Maeda,,,15,0,0,0,0,0,0,0,0,0,0,1,2,,,,0.0,0.0,0.0,6.92,13.85,0,0,2
564,a,,,4.5,450,35,0,0,0,0,0.7,231,31,1,1,1.0,54,3,0,4,1.0,54,3,0.2,0.2,0,65,65,186,186,1.9,1.9,0.0,0.0,0.0,0.24,0.0,0.0,0.0,1.66,0.0,123,34,0.0,123,34,0.0,123,34,0.0,123,34,,,,1,,Kjell,Scherpen,Scherpen,,,15,0,0,0,0,0,0,0,0,0,0,1,0,,,,0.0,0.0,0.0,6.92,0.0,0,0,3
571,a,,,5.0,272,165,0,0,0,0,0.1,386,146,0,0,0.0,332,100,0,0,0.0,332,100,0.0,0.0,0,50,50,53,53,1.5,1.5,0.0,0.0,0.0,0.0,0.0,0.0,0.0,0.0,0.0,251,52,0.0,251,52,0.0,251,52,0.0,251,52,,,,1,,Florentino Ibrain,Morris Luís,Florentino,,,0,0,0,0,0,0,0,0,0,0,0,0,0,,,,0.0,0.0,0.0,0.0,0.0,0,0,0
591,a,,,5.5,181,110,0,0,0,0,0.3,299,100,1,1,1.0,102,39,0,2,1.0,102,39,0.2,0.2,0,140,140,89,89,2.0,2.0,0.04,0.0,0.04,0.24,0.28,0.0,0.28,1.66,0.0,446,163,0.0,446,163,0.0,446,163,0.0,446,163,,,,1,,Julio,Enciso,Enciso,,,15,0,0,0,0,0,0,0,0,0,0,1,2,,,,0.0,0.0,0.0,6.92,13.85,0,1,1
592,a,,,4.0,588,187,0,0,0,0,1.0,188,72,0,0,0.0,169,73,0,0,0.0,169,73,0.0,0.0,0,844,844,359,359,1.0,1.0,0.0,0.0,0.0,0.0,0.0,0.0,0.0,0.0,0.0,58,39,0.0,58,39,0.0,58,39,0.0,58,39,,,,1,,Abdoul,Ouattara,Ouattara,,,0,0,0,0,0,0,0,0,0,0,0,0,0,,,,0.0,0.0,0.0,0.0,0.0,0,0,0
260,a,,,6.5,33,21,0,0,0,0,6.4,59,20,1,1,1.0,120,49,0,3,1.0,120,49,0.2,0.2,0,1345,1345,2361,2361,2.3,2.3,0.0,0.0,0.0,0.0,0.0,0.0,0.0,0.0,0.0,548,226,0.0,548,226,0.0,548,226,0.0,548,226,2.0,,,1,,Harry,Wilson,Wilson,,,14,0,0,0,0,0,0,0,0,0,0,1,0,,,,0.0,0.0,0.0,6.92,0.0,0,0,0
326,a,,,4.5,432,33,0,0,0,0,0.6,238,33,0,0,0.0,210,42,0,0,0.0,210,42,0.0,0.0,0,45,45,237,237,1.9,1.9,0.0,0.0,0.0,0.0,0.0,0.0,0.0,0.0,0.0,105,32,0.0,105,32,0.0,105,32,0.0,105,32,,,,1,,Lucas Estella,Perri,Perri,,,0,0,0,0,0,0,0,0,0,0,0,0,0,,,,0.0,0.0,0.0,0.0,0.0,0,0,0
327,a,,,5.0,299,54,0,0,0,0,0.3,291,106,1,1,1.0,73,42,0,3,1.0,73,42,0.2,0.2,0,240,240,133,133,2.2,2.2,0.0,0.0,0.0,0.0,0.0,0.0,0.0,0.0,0.0,278,140,0.0,278,140,0.0,278,140,0.0,278,140,,,,1,,Jaka,Bijol,Bijol,,,14,0,0,0,0,0,0,0,0,0,0,1,2,,,,0.0,0.0,0.0,6.92,13.85,0,2,1
329,a,,,4.5,435,99,0,0,0,0,3.6,86,33,1,1,1.0,49,26,0,3,1.0,49,26,0.2,0.2,0,761,761,423,423,1.7,1.7,0.0,0.0,0.0,0.0,0.0,0.0,0.0,0.0,0.0,108,71,0.0,108,71,0.0,108,71,0.0,108,71,,,,1,,Joe,Rodon,Rodon,,,14,0,0,0,0,0,0,0,0,0,0,1,0,,,,0.0,0.0,0.0,6.92,0.0,0,0,0
31,a,,,4.5,431,97,0,0,0,0,13.0,31,11,0,0,0.0,209,98,0,0,0.0,209,98,0.0,0.0,0,8346,8346,32983,32983,1.7,1.7,0.0,0.0,0.0,0.0,0.0,0.0,0.0,0.0,0.0,104,69,0.0,104,69,0.0,104,69,0.0,104,69,,,,1,,Ezri,Konsa Ngoyo,Konsa,,,0,0,0,0,0,0,0,0,0,0,0,0,0,,,,0.0,0.0,0.0,0.0,0.0,0,0,0
330,a,,,4.5,443,106,0,0,0,0,0.5,248,93,1,1,1.0,52,29,0,4,1.0,52,29,0.2,0.2,0,225,225,138,138,1.7,1.7,0.0,0.0,0.0,0.0,0.0,0.0,0.0,0.0,0.0,116,78,0.0,116,78,0.0,116,78,0.0,116,78,,,,1,,Jayden,Bogle,Bogle,,,14,0,0,0,0,0,0,0,0,0,0,1,0,,,,0.0,0.0,0.0,6.92,0.0,0,0,0
331,i,0.0,0.0,4.5,454,114,0,0,0,0,0.1,475,165,0,0,0.0,225,110,0,0,0.0,225,110,0.0,0.0,0,9,9,138,138,0.0,0.0,0.0,0.0,0.0,0.0,0.0,0.0,0.0,0.0,0.0,127,86,0.0,127,86,0.0,127,86,0.0,127,86,,,,1,,Gabriel,Gudmundsson,Gudmundsson,Hamstring injury - Unknown return date,,0,0,0,0,0,0,0,0,0,0,0,0,0,,,,0.0,0.0,0.0,0.0,0.0,0,0,0
332,a,,,4.5,438,102,0,0,0,0,0.6,241,91,1,1,1.0,50,27,0,11,1.0,50,27,0.2,0.2,0,142,142,103,103,1.7,1.7,0.0,0.0,0.0,0.0,0.0,0.0,0.0,0.0,0.0,111,74,0.0,111,74,0.0,111,74,0.0,111,74,,,,1,,James,Justin,Justin,,,14,0,0,0,0,0,0,0,0,0,0,1,4,,,,0.0,0.0,0.0,6.92,13.85,4,0,2
333,u,0.0,0.0,4.5,462,121,0,0,0,0,0.0,587,196,0,0,0.0,231,115,0,0,0.0,231,115,0.0,0.0,0,0,0,38,38,0.0,0.0,0.0,0.0,0.0,0.0,0.0,0.0,0.0,0.0,0.0,135,93,0.0,135,93,0.0,135,93,0.0,135,93,,,,1,,Sebastiaan,Bornauw,Bornauw,Has joined Hamburg SV on loan for the rest of the season,,0,0,0,0,0,0,0,0,0,0,0,0,0,,,,0.0,0.0,0.0,0.0,0.0,0,0,0
334,a,,,5.0,357,72,0,0,0,0,3.4,94,39,1,1,1.0,79,43,0,3,1.0,79,43,0.2,0.2,0,988,988,332,332,2.2,2.2,0.0,0.0,0.0,0.0,0.0,0.0,0.0,0.0,0.0,336,158,0.0,336,158,0.0,336,158,0.0,336,158,,,,1,,Tarik,Muharemović,Muharemović,,,14,0,0,0,0,0,0,0,0,0,0,1,1,,,,0.0,0.0,0.0,6.92,6.92,0,1,0
335,a,,,6.0,91,58,0,0,0,0,0.9,201,67,1,1,1.0,117,47,0,5,1.0,117,47,0.2,0.2,0,182,182,291,291,2.1,2.1,0.03,0.0,0.03,0.0,0.21,0.0,0.21,0.0,0.0,525,210,0.0,525,210,0.0,525,210,0.0,525,210,1.0,1.0,,1,,Anton,Stach,Stach,,,14,0,0,0,0,0,0,0,0,0,0,1,2,,,,0.0,0.0,0.0,6.92,13.85,0,0,2
336,a,,,6.0,79,51,0,0,0,0,0.5,249,81,0,0,0.0,535,219,0,0,0.0,535,219,0.0,0.0,0,182,182,222,222,2.1,2.1,0.0,0.0,0.0,0.0,0.0,0.0,0.0,0.0,0.0,513,203,0.0,513,203,0.0,513,203,0.0,513,203,,,,1,,Noah,Okafor,Okafor,,,0,0,0,0,0,0,0,0,0,0,0,0,0,,,,0.0,0.0,0.0,0.0,0.0,0,0,0
337,a,,,5.5,155,96,0,0,0,0,1.0,193,65,1,1,1.0,96,34,0,4,1.0,96,34,0.2,0.2,0,219,219,318,318,2.0,2.0,0.0,0.0,0.0,0.0,0.0,0.0,0.0,0.0,0.0,420,149,0.0,420,149,0.0,420,149,0.0,420,149,,3.0,,1,,Brenden,Aaronson,Aaronson,,,14,0,0,0,0,0,0,0,0,0,0,1,1,,,,0.0,0.0,0.0,6.92,6.92,0,0,1
338,a,,,5.5,131,81,0,0,0,0,1.5,160,49,1,1,1.0,89,31,0,5,1.0,89,31,0.2,0.2,0,212,212,451,451,2.0,2.0,0.0,0.0,0.0,0.0,0.0,0.0,0.0,0.0,0.0,396,134,0.0,396,134,0.0,396,134,0.0,396,134,,,,1,,Ethan,Ampadu,Ampadu,,,14,0,0,0,0,0,0,0,0,0,0,1,3,,,,0.0,0.0,0.0,6.92,20.77,1,0,2
339,a,,,5.0,252,152,0,0,0,0,0.1,389,149,0,0,0.0,317,90,0,0,0.0,317,90,0.0,0.0,0,93,93,65,65,1.5,1.5,0.0,0.0,0.0,0.0,0.0,0.0,0.0,0.0,0.0,231,39,0.0,231,39,0.0,231,39,0.0,231,39,3.0,2.0,,1,,Sean,Longstaff,Longstaff,,,0,0,0,0,0,0,0,0,0,0,0,0,0,,,,0.0,0.0,0.0,0.0,0.0,0,0,0
341,i,0.0,0.0,5.0,338,196,0,0,0,0,0.0,535,222,0,0,0.0,389,129,0,0,0.0,389,129,0.0,0.0,0,3,3,112,112,0.0,0.0,0.0,0.0,0.0,0.0,0.0,0.0,0.0,0.0,0.0,317,83,0.0,317,83,0.0,317,83,0.0,317,83,,,,1,,Wilfried,Gnonto,Gnonto,Hamstring injury - Unknown return date,,0,0,0,0,0,0,0,0,0,0,0,0,0,,,,0.0,0.0,0.0,0.0,0.0,0,0,0
342,u,0.0,0.0,5.0,275,166,0,0,0,0,0.0,598,262,0,0,0.0,334,101,0,0,0.0,334,101,0.0,0.0,0,0,0,10,10,0.0,0.0,0.0,0.0,0.0,0.0,0.0,0.0,0.0,0.0,0.0,254,53,0.0,254,53,0.0,254,53,0.0,254,53,,,,1,,Jack,Harrison,Harrison,Has joined New England Revolution permanently,,0,0,0,0,0,0,0,0,0,0,0,0,0,,,,0.0,0.0,0.0,0.0,0.0,0,0,0
343,a,,,5.0,255,155,0,0,0,0,0.1,399,154,0,0,0.0,320,93,0,0,0.0,320,93,0.0,0.0,0,113,113,68,68,1.5,1.5,0.0,0.0,0.0,0.0,0.0,0.0,0.0,0.0,0.0,234,42,0.0,234,42,0.0,234,42,0.0,234,42,,,,1,,Daniel,James,James,,,0,0,0,0,0,0,0,0,0,0,0,0,0,,,,0.0,0.0,0.0,0.0,0.0,0,0,0
344,i,0.0,0.0,5.0,328,190,0,0,0,0,0.0,589,255,0,0,0.0,379,123,0,0,0.0,379,123,0.0,0.0,0,1,1,12,12,0.0,0.0,0.0,0.0,0.0,0.0,0.0,0.0,0.0,0.0,0.0,307,77,0.0,307,77,0.0,307,77,0.0,307,77,,,,1,,Ilia,Gruev,Gruev,Knee injury - Unknown return date,,0,0,0,0,0,0,0,0,0,0,0,0,0,,,,0.0,0.0,0.0,0.0,0.0,0,0,0
345,a,,,5.0,293,175,0,0,0,0,0.3,316,110,0,0,0.0,350,110,0,0,0.0,350,110,0.0,0.0,0,180,180,154,154,1.5,1.5,0.0,0.0,0.0,0.0,0.0,0.0,0.0,0.0,0.0,272,62,0.0,272,62,0.0,272,62,0.0,272,62,4.0,,,1,,Tanaka,Ao,Tanaka,,,0,0,0,0,0,0,0,0,0,0,0,0,0,,,,0.0,0.0,0.0,0.0,0.0,0,0,0
346,a,,,6.0,63,16,0,0,0,0,31.1,8,3,1,1,1.0,113,9,0,2,1.0,113,9,0.2,0.2,0,7682,7682,3433,3433,2.0,2.0,0.0,0.0,0.0,0.0,0.0,0.0,0.0,0.0,0.0,497,48,0.0,497,48,0.0,497,48,0.0,497,48,,,1.0,1,,Dominic,Calvert-Lewin,Calvert-Lewin,,,14,0,0,0,0,0,0,0,0,0,0,1,1,,,,0.0,0.0,0.0,6.92,6.92,0,0,1
347,a,,,5.5,124,33,0,0,0,0,0.6,237,38,0,0,0.0,445,39,0,0,0.0,445,39,0.0,0.0,0,270,270,308,308,1.8,1.8,0.0,0.0,0.0,0.0,0.0,0.0,0.0,0.0,0.0,389,29,0.0,389,29,0.0,389,29,0.0,389,29,,,2.0,1,,Lukas,Nmecha,Nmecha,,,0,0,0,0,0,0,0,0,0,0,0,0,0,,,,0.0,0.0,0.0,0.0,0.0,0,0,0
348,u,0.0,0.0,5.0,289,53,0,0,0,0,0.2,369,56,0,0,0.0,346,28,0,0,0.0,346,28,0.0,0.0,0,0,0,1038,1038,0.0,0.0,0.0,0.0,0.0,0.0,0.0,0.0,0.0,0.0,0.0,268,17,0.0,268,17,0.0,268,17,0.0,268,17,,,3.0,1,,Joël,Piroe,Piroe,Has joined West Ham United on loan for the rest of the season,,0,0,0,0,0,0,0,0,0,0,0,0,0,,,,0.0,0.0,0.0,0.0,0.0,0,0,0
349,i,0.0,0.0,4.5,508,67,0,0,0,0,0.1,465,64,0,0,0.0,273,20,0,0,0.0,273,20,0.0,0.0,0,36,36,143,143,0.0,0.0,0.0,0.0,0.0,0.0,0.0,0.0,0.0,0.0,0.0,181,7,0.0,181,7,0.0,181,7,0.0,181,7,,,,1,,Mateo,Joseph Fernández-Regatillo,Mateo Joseph,Knee injury - Unknown return date,,0,0,0,0,0,0,0,0,0,0,0,0,0,,,,0.0,0.0,0.0,0.0,0.0,0,0,0
385,a,,,5.0,297,14,0,0,0,0,3.0,104,17,1,1,1.0,72,7,0,3,1.0,72,7,0.2,0.2,0,1059,1059,540,540,2.6,2.6,0.0,0.0,0.0,0.0,0.0,0.0,0.0,0.0,0.0,276,56,0.0,276,56,0.0,276,56,0.0,276,56,,,,1,,James,Trafford,Trafford,,,14,0,0,0,0,0,0,0,0,0,0,1,0,,,,0.0,0.0,0.0,6.92,0.0,0,0,0
598,a,,,4.5,424,91,0,0,0,0,0.0,533,181,0,0,0.0,202,92,0,0,0.0,202,92,0.0,0.0,0,63,63,12,12,1.7,1.7,0.0,0.0,0.0,0.0,0.0,0.0,0.0,0.0,0.0,97,63,0.0,97,63,0.0,97,63,0.0,97,63,,,,1,,Nico,Elvedi,Elvedi,,,0,0,0,0,0,0,0,0,0,0,0,0,0,,,,0.0,0.0,0.0,0.0,0.0,0,0,0
350,a,,,5.5,117,3,0,0,0,0,3.5,90,13,0,0,0.0,439,66,0,0,0.0,439,66,0.0,0.0,0,1423,1423,1229,1229,3.3,3.3,0.0,0.0,0.0,0.0,0.0,0.0,0.0,0.0,0.0,382,65,0.0,382,65,0.0,382,65,0.0,382,65,,,,1,,Alisson,Becker,A.Becker,,,0,0,0,0,0,0,0,0,0,0,0,0,0,,,,0.0,0.0,0.0,0.0,0.0,0,0,0
351,a,,,5.0,307,17,0,0,0,0,0.2,377,40,0,0,0.0,360,63,0,0,0.0,360,63,0.0,0.0,0,108,108,136,136,2.6,2.6,0.0,0.0,0.0,0.0,0.0,0.0,0.0,0.0,0.0,286,59,0.0,286,59,0.0,286,59,0.0,286,59,,,,1,,Giorgi,Mamardashvili,Mamardashvili,,,0,0,0,0,0,0,0,0,0,0,0,0,0,,,,0.0,0.0,0.0,0.0,0.0,0,0,0
352,a,,,4.0,543,55,0,0,0,0,1.1,184,27,0,0,0.0,138,18,0,0,0.0,138,18,0.0,0.0,0,322,322,380,380,1.0,1.0,0.0,0.0,0.0,0.0,0.0,0.0,0.0,0.0,0.0,13,8,0.0,13,8,0.0,13,8,0.0,13,8,,,,1,,Freddie,Woodman,Woodman,,,0,0,0,0,0,0,0,0,0,0,0,0,0,,,,0.0,0.0,0.0,0.0,0.0,0,0,0
353,u,0.0,0.0,4.0,593,67,0,0,0,0,0.0,518,60,0,0,0.0,174,30,0,0,0.0,174,30,0.0,0.0,0,0,0,93,93,0.0,0.0,0.0,0.0,0.0,0.0,0.0,0.0,0.0,0.0,0.0,63,20,0.0,63,20,0.0,63,20,0.0,63,20,,,,1,,Armin,Pecsi,Pecsi,Has joined TSV Hartberg on loan for the rest of the season,,0,0,0,0,0,0,0,0,0,0,0,0,0,,,,0.0,0.0,0.0,0.0,0.0,0,0,0
354,i,0.0,0.0,4.0,562,60,0,0,0,0,0.0,558,66,0,0,0.0,149,23,0,0,0.0,149,23,0.0,0.0,0,20,20,32,32,0.0,0.0,0.0,0.0,0.0,0.0,0.0,0.0,0.0,0.0,0.0,32,13,0.0,32,13,0.0,32,13,0.0,32,13,,,,1,,Vitezslav,Jaros,Jaros,Knee injury - Unknown return date,,0,0,0,0,0,0,0,0,0,0,0,0,0,,,,0.0,0.0,0.0,0.0,0.0,0,0,0
355,a,,,4.0,572,63,0,0,0,0,0.1,392,42,0,0,0.0,154,26,0,0,0.0,154,26,0.0,0.0,0,85,85,49,49,1.0,1.0,0.0,0.0,0.0,0.0,0.0,0.0,0.0,0.0,0.0,42,16,0.0,42,16,0.0,42,16,0.0,42,16,,,,1,,Harvey,Davies,Davies,,,0,0,0,0,0,0,0,0,0,0,0,0,0,,,,0.0,0.0,0.0,0.0,0.0,0,0,0
356,a,,,6.5,31,2,0,0,0,0,19.2,18,5,0,0,0.0,563,196,0,0,0.0,563,196,0.0,0.0,0,6981,6981,2921,2921,3.1,3.1,0.0,0.0,0.0,0.0,0.0,0.0,0.0,0.0,0.0,546,195,0.0,546,195,0.0,546,195,0.0,546,195,,,,1,,Virgil,van Dijk,Virgil,,,0,0,0,0,0,0,0,0,0,0,0,0,0,,,,0.0,0.0,0.0,0.0,0.0,0,0,0
357,a,,,5.5,142,15,0,0,0,0,3.5,92,37,0,0,0.0,458,178,0,0,0.0,458,178,0.0,0.0,0,3440,3440,1139,1139,2.5,2.5,0.0,0.0,0.0,0.0,0.0,0.0,0.0,0.0,0.0,407,169,0.0,407,169,0.0,407,169,0.0,407,169,,,,1,,Jeremie,Frimpong,Frimpong,,,0,0,0,0,0,0,0,0,0,0,0,0,0,,,,0.0,0.0,0.0,0.0,0.0,0,0,0
358,a,,,5.5,205,30,0,0,0,0,3.8,83,31,0,0,0.0,500,187,0,0,0.0,500,187,0.0,0.0,0,1939,1939,1120,1120,2.5,2.5,0.0,0.0,0.0,0.0,0.0,0.0,0.0,0.0,0.0,470,184,0.0,470,184,0.0,470,184,0.0,470,184,,,,1,,Milos,Kerkez,Kerkez,,,0,0,0,0,0,0,0,0,0,0,0,0,0,,,,0.0,0.0,0.0,0.0,0.0,0,0,0
359,i,0.0,0.0,5.0,248,40,0,0,0,0,0.0,543,188,0,0,0.0,314,143,0,0,0.0,314,143,0.0,0.0,0,23,23,72,72,0.0,0.0,0.0,0.0,0.0,0.0,0.0,0.0,0.0,0.0,0.0,227,126,0.0,227,126,0.0,227,126,0.0,227,126,,,,1,,Joe,Gomez,Gomez,Muscular injury - Unknown return date,,0,0,0,0,0,0,0,0,0,0,0,0,0,,,,0.0,0.0,0.0,0.0,0.0,0,0,0
360,i,0.0,0.0,5.0,337,68,0,0,0,0,0.0,569,193,0,0,0.0,388,166,0,0,0.0,388,166,0.0,0.0,0,12,12,36,36,0.0,0.0,0.0,0.0,0.0,0.0,0.0,0.0,0.0,0.0,0.0,316,154,0.0,316,154,0.0,316,154,0.0,316,154,,,,1,,Conor,Bradley,Bradley,Knee injury - Unknown return date,,0,0,0,0,0,0,0,0,0,0,0,0,0,,,,0.0,0.0,0.0,0.0,0.0,0,0,0
361,a,,,4.0,582,181,0,0,0,0,0.1,402,144,0,0,0.0,164,68,0,0,0.0,164,68,0.0,0.0,0,126,126,95,95,1.0,1.0,0.0,0.0,0.0,0.0,0.0,0.0,0.0,0.0,0.0,52,33,0.0,52,33,0.0,52,33,0.0,52,33,,,,1,,Wellity,Lucky,Lucky,,,0,0,0,0,0,0,0,0,0,0,0,0,0,,,,0.0,0.0,0.0,0.0,0.0,0,0,0
362,a,100.0,100.0,5.0,380,75,0,0,0,0,2.3,117,49,0,0,0.0,422,172,0,0,0.0,422,172,0.0,0.0,0,1924,1924,552,552,2.2,2.2,0.0,0.0,0.0,0.0,0.0,0.0,0.0,0.0,0.0,359,161,0.0,359,161,0.0,359,161,0.0,359,161,,,,1,,Jeremy,Jacquet,Jacquet,,,0,0,0,0,0,0,0,0,0,0,0,0,0,,,,0.0,0.0,0.0,0.0,0.0,0,0,0
363,i,0.0,0.0,4.0,599,197,0,0,0,0,0.0,489,169,0,0,0.0,178,81,0,0,0.0,178,81,0.0,0.0,0,39,39,65,65,0.0,0.0,0.0,0.0,0.0,0.0,0.0,0.0,0.0,0.0,0.0,69,49,0.0,69,49,0.0,69,49,0.0,69,49,,,,1,,Giovanni,Leoni,Leoni,Knee injury - Unknown return date,,0,0,0,0,0,0,0,0,0,0,0,0,0,,,,0.0,0.0,0.0,0.0,0.0,0,0,0
364,a,,,5.0,268,44,0,0,0,0,0.1,446,158,0,0,0.0,330,147,0,0,0.0,330,147,0.0,0.0,0,86,86,44,44,2.2,2.2,0.0,0.0,0.0,0.0,0.0,0.0,0.0,0.0,0.0,247,130,0.0,247,130,0.0,247,130,0.0,247,130,,,,1,,Kostas,Tsimikas,Tsimikas,,,0,0,0,0,0,0,0,0,0,0,0,0,0,,,,0.0,0.0,0.0,0.0,0.0,0,0,0
365,a,,,4.0,576,177,0,0,0,0,0.2,334,126,0,0,0.0,158,64,0,0,0.0,158,64,0.0,0.0,0,195,195,138,138,1.0,1.0,0.0,0.0,0.0,0.0,0.0,0.0,0.0,0.0,0.0,46,29,0.0,46,29,0.0,46,29,0.0,46,29,,,,1,,Calvin,Ramsay,Ramsay,,,0,0,0,0,0,0,0,0,0,0,0,0,0,,,,0.0,0.0,0.0,0.0,0.0,0,0,0
366,a,,,7.5,20,12,0,0,0,0,12.7,32,10,0,0,0.0,592,260,0,0,0.0,592,260,0.0,0.0,0,3225,3225,2803,2803,2.6,2.6,0.0,0.0,0.0,0.0,0.0,0.0,0.0,0.0,0.0,586,255,0.0,586,255,0.0,586,255,0.0,586,255,3.0,2.0,4.0,1,,Florian,Wirtz,Wirtz,,,0,0,0,0,0,0,0,0,0,0,0,0,0,,,,0.0,0.0,0.0,0.0,0.0,0,0,0
369,a,,,6.0,110,71,0,0,0,0,1.2,175,56,0,0,0.0,561,236,0,0,0.0,561,236,0.0,0.0,0,562,562,642,642,2.1,2.1,0.0,0.0,0.0,0.0,0.0,0.0,0.0,0.0,0.0,544,223,0.0,544,223,0.0,544,223,0.0,544,223,,,,1,,Rio,Ngumoha,Ngumoha,,,0,0,0,0,0,0,0,0,0,0,0,0,0,,,,0.0,0.0,0.0,0.0,0.0,0,0,0
16,a,,,6.5,43,30,0,0,0,0,0.3,287,95,1,1,1.0,124,52,0,8,1.0,124,52,0.2,0.2,0,166,166,1204,1204,2.3,2.3,0.0,0.04,0.04,0.15,0.0,0.16,0.16,0.61,0.0,558,235,0.0,558,235,0.0,558,235,0.0,558,235,6.0,,,1,,Noni,Madueke,Madueke,,,22,0,0,0,0,0,0,0,0,0,0,0,2,,,,0.0,0.0,0.0,0.0,8.18,0,0,2
17,a,,,6.0,64,42,0,0,0,0,0.7,223,73,1,1,1.0,114,45,0,5,1.0,114,45,0.2,0.2,0,415,415,2251,2251,2.1,2.1,0.14,0.02,0.16,0.15,0.9,0.13,1.03,0.96,0.0,498,194,0.0,498,194,0.0,498,194,0.0,498,194,,,,1,,Mikel,Merino Zazón,Merino,,,14,0,0,0,0,0,0,0,0,0,0,0,2,,,,0.0,0.0,0.0,0.0,12.86,0,0,2
370,a,,,5.5,144,89,0,0,0,0,0.1,391,151,0,0,0.0,460,175,0,0,0.0,460,175,0.0,0.0,0,133,133,159,159,2.0,2.0,0.0,0.0,0.0,0.0,0.0,0.0,0.0,0.0,0.0,409,142,0.0,409,142,0.0,409,142,0.0,409,142,,,,1,,Federico,Chiesa,Chiesa,,,0,0,0,0,0,0,0,0,0,0,0,0,0,,,,0.0,0.0,0.0,0.0,0.0,0,0,0
371,a,,,6.0,83,53,0,0,0,0,1.9,125,40,0,0,0.0,537,220,0,0,0.0,537,220,0.0,0.0,0,1047,1047,1121,1121,2.1,2.1,0.0,0.0,0.0,0.0,0.0,0.0,0.0,0.0,0.0,517,205,0.0,517,205,0.0,517,205,0.0,517,205,,,,1,,Ryan,Gravenberch,Gravenberch,,,0,0,0,0,0,0,0,0,0,0,0,0,0,,,,0.0,0.0,0.0,0.0,0.0,0,0,0
372,a,,,5.5,150,93,0,0,0,0,1.7,135,42,0,0,0.0,464,178,0,0,0.0,464,178,0.0,0.0,0,1019,1019,944,944,2.0,2.0,0.0,0.0,0.0,0.0,0.0,0.0,0.0,0.0,0.0,415,146,0.0,415,146,0.0,415,146,0.0,415,146,,,5.0,1,,Alexis,Mac Allister,Mac Allister,,,0,0,0,0,0,0,0,0,0,0,0,0,0,,,,0.0,0.0,0.0,0.0,0.0,0,0,0
373,d,75.0,75.0,5.5,137,84,0,0,0,0,0.1,478,196,0,0,0.0,454,170,0,0,0.0,454,170,0.0,0.0,0,8,8,210,210,1.5,1.5,0.0,0.0,0.0,0.0,0.0,0.0,0.0,0.0,0.0,402,137,0.0,402,137,0.0,402,137,0.0,402,137,,,,1,,Curtis,Jones,C.Jones,Hip injury - 75% chance of playing,,0,0,0,0,0,0,0,0,0,0,0,0,0,,,,0.0,0.0,0.0,0.0,0.0,0,0,0
374,a,100.0,100.0,5.0,246,149,0,0,0,0,0.1,467,189,0,0,0.0,313,88,0,0,0.0,313,88,0.0,0.0,0,118,118,85,85,1.5,1.5,0.0,0.0,0.0,0.0,0.0,0.0,0.0,0.0,0.0,225,36,0.0,225,36,0.0,225,36,0.0,225,36,,,,1,,Endo,Wataru,Endo,,,0,0,0,0,0,0,0,0,0,0,0,0,0,,,,0.0,0.0,0.0,0.0,0.0,0,0,0
375,a,,,5.0,379,226,0,0,0,0,0.0,493,205,0,0,0.0,421,152,0,0,0.0,421,152,0.0,0.0,0,30,30,37,37,1.5,1.5,0.0,0.0,0.0,0.0,0.0,0.0,0.0,0.0,0.0,358,113,0.0,358,113,0.0,358,113,0.0,358,113,,,,1,,Trey,Nyoni,Nyoni,,,0,0,0,0,0,0,0,0,0,0,0,0,0,,,,0.0,0.0,0.0,0.0,0.0,0,0,0
376,i,0.0,0.0,5.0,361,211,0,0,0,0,0.0,597,261,0,0,0.0,407,141,0,0,0.0,407,141,0.0,0.0,0,1,1,5,5,0.0,0.0,0.0,0.0,0.0,0.0,0.0,0.0,0.0,0.0,0.0,340,98,0.0,340,98,0.0,340,98,0.0,340,98,,,,1,,Stefan,Bajčetić Maquieira,Bajcetic,Hamstring injury - Expected back 23 Aug,,0,0,0,0,0,0,0,0,0,0,0,0,0,,,,0.0,0.0,0.0,0.0,0.0,0,0,0
377,a,,,6.5,54,38,0,0,0,0,0.6,244,80,0,0,0.0,579,250,0,0,0.0,579,250,0.0,0.0,0,246,246,446,446,2.3,2.3,0.0,0.0,0.0,0.0,0.0,0.0,0.0,0.0,0.0,569,243,0.0,569,243,0.0,569,243,0.0,569,243,,,,1,,Victor,Munoz,Munoz,,,0,0,0,0,0,0,0,0,0,0,0,0,0,,,,0.0,0.0,0.0,0.0,0.0,0,0,0
378,a,,,4.5,484,250,0,0,0,0,0.3,307,105,0,0,0.0,250,64,0,0,0.0,250,64,0.0,0.0,0,230,230,198,198,1.0,1.0,0.0,0.0,0.0,0.0,0.0,0.0,0.0,0.0,0.0,157,12,0.0,157,12,0.0,157,12,0.0,157,12,,,,1,,James,McConnell,McConnell,,,0,0,0,0,0,0,0,0,0,0,0,0,0,,,,0.0,0.0,0.0,0.0,0.0,0,0,0
379,a,,,9.0,5,2,0,0,0,0,16.9,24,5,0,0,0.0,598,71,0,0,0.0,598,71,0.0,0.0,0,3405,3405,2955,2955,2.7,2.7,0.0,0.0,0.0,0.0,0.0,0.0,0.0,0.0,0.0,596,71,0.0,596,71,0.0,596,71,0.0,596,71,,,1.0,1,,Alexander,Isak,Isak,,,0,0,0,0,0,0,0,0,0,0,0,0,0,,,,0.0,0.0,0.0,0.0,0.0,0,0,0
380,i,0.0,0.0,7.5,21,8,0,0,0,0,0.2,374,57,0,0,0.0,593,68,0,0,0.0,593,68,0.0,0.0,0,108,108,616,616,0.0,0.0,0.0,0.0,0.0,0.0,0.0,0.0,0.0,0.0,0.0,587,68,0.0,587,68,0.0,587,68,0.0,587,68,,,,1,,Hugo,Ekitiké,Ekitiké,Achilles injury - Unknown return date,,0,0,0,0,0,0,0,0,0,0,0,0,0,,,,0.0,0.0,0.0,0.0,0.0,0,0,0
381,a,,,5.0,355,206,0,0,0,0,0.0,546,223,0,0,0.0,403,137,0,0,0.0,403,137,0.0,0.0,0,8,8,11,11,1.5,1.5,0.0,0.0,0.0,0.0,0.0,0.0,0.0,0.0,0.0,334,93,0.0,334,93,0.0,334,93,0.0,334,93,,,,1,,Lewis,Koumas,Koumas,,,0,0,0,0,0,0,0,0,0,0,0,0,0,,,,0.0,0.0,0.0,0.0,0.0,0,0,0
382,i,0.0,0.0,4.5,488,62,0,0,0,0,0.0,507,68,0,0,0.0,254,15,0,0,0.0,254,15,0.0,0.0,0,37,37,83,83,0.0,0.0,0.0,0.0,0.0,0.0,0.0,0.0,0.0,0.0,0.0,161,2,0.0,161,2,0.0,161,2,0.0,161,2,,,,1,,Jayden,Danns,Danns,Unspecified injury - Unknown return date,,0,0,0,0,0,0,0,0,0,0,0,0,0,,,,0.0,0.0,0.0,0.0,0.0,0,0,0
383,a,,,5.5,166,104,0,0,0,0,0.1,450,180,0,0,0.0,474,184,0,0,0.0,474,184,0.0,0.0,0,54,54,73,73,2.0,2.0,0.0,0.0,0.0,0.0,0.0,0.0,0.0,0.0,0.0,431,157,0.0,431,157,0.0,431,157,0.0,431,157,,,,1,,Harvey,Elliott,Elliott,,,0,0,0,0,0,0,0,0,0,0,0,0,0,,,,0.0,0.0,0.0,0.0,0.0,0,0,0
579,a,,,5.5,167,21,0,0,0,0,2.6,112,45,0,0,0.0,475,182,0,0,0.0,475,182,0.0,0.0,0,6180,6180,1569,1569,2.5,2.5,0.0,0.0,0.0,0.0,0.0,0.0,0.0,0.0,0.0,432,175,0.0,432,175,0.0,432,175,0.0,432,175,,,,1,,Ronald,Araujo,Araujo,,,0,0,0,0,0,0,0,0,0,0,0,0,0,,,,0.0,0.0,0.0,0.0,0.0,0,0,0
238,a,100.0,100.0,6.5,32,20,0,0,0,0,0.2,351,126,0,0,0.0,564,238,0,0,0.0,564,238,0.0,0.0,0,155,155,179,179,2.3,2.3,0.0,0.0,0.0,0.0,0.0,0.0,0.0,0.0,0.0,547,225,0.0,547,225,0.0,547,225,0.0,547,225,,,,1,,Jack,Grealish,Grealish,,,0,0,0,0,0,0,0,0,0,0,0,0,0,,,,0.0,0.0,0.0,0.0,0.0,0,0,0
386,a,,,4.5,414,30,0,0,0,0,0.0,522,62,0,0,0.0,193,39,0,0,0.0,193,39,0.0,0.0,0,34,34,25,25,1.9,1.9,0.0,0.0,0.0,0.0,0.0,0.0,0.0,0.0,0.0,87,29,0.0,87,29,0.0,87,29,0.0,87,29,,,,1,,Marcus,Bettinelli,Bettinelli,,,0,0,0,0,0,0,0,0,0,0,0,0,0,,,,0.0,0.0,0.0,0.0,0.0,0,0,0
37,a,,,4.5,427,93,0,0,0,0,0.3,295,109,0,0,0.0,205,94,0,0,0.0,205,94,0.0,0.0,0,632,632,129,129,1.7,1.7,0.0,0.0,0.0,0.0,0.0,0.0,0.0,0.0,0.0,100,65,0.0,100,65,0.0,100,65,0.0,100,65,,,,1,,Victor,Lindelöf,Lindelöf,,,0,0,0,0,0,0,0,0,0,0,0,0,0,,,,0.0,0.0,0.0,0.0,0.0,0,0,0
387,a,,,6.5,49,4,0,0,0,0,21.3,16,4,0,0,0.0,574,198,0,0,0.0,574,198,0.0,0.0,0,5703,5703,3764,3764,3.1,3.1,0.0,0.0,0.0,0.0,0.0,0.0,0.0,0.0,0.0,564,197,0.0,564,197,0.0,564,197,0.0,564,197,,,,1,,Nico,O'Reilly,O'Reilly,,,0,0,0,0,0,0,0,0,0,0,0,0,0,,,,0.0,0.0,0.0,0.0,0.0,0,0,0
388,a,,,6.0,69,6,0,0,0,0,17.1,23,8,0,0,0.0,525,191,0,0,0.0,525,191,0.0,0.0,0,4693,4693,3937,3937,2.8,2.8,0.0,0.0,0.0,0.0,0.0,0.0,0.0,0.0,0.0,503,190,0.0,503,190,0.0,503,190,0.0,503,190,,,,1,,Marc,Guéhi,Guéhi,,,0,0,0,0,0,0,0,0,0,0,0,0,0,,,,0.0,0.0,0.0,0.0,0.0,0,0,0
389,a,100.0,100.0,6.0,90,10,0,0,0,0,1.5,154,64,0,0,0.0,544,195,0,0,0.0,544,195,0.0,0.0,0,520,520,646,646,2.8,2.8,0.0,0.0,0.0,0.0,0.0,0.0,0.0,0.0,0.0,524,194,0.0,524,194,0.0,524,194,0.0,524,194,,,5.0,1,,Matheus,Nunes,Matheus N.,,,0,0,0,0,0,0,0,0,0,0,0,0,0,,,,0.0,0.0,0.0,0.0,0.0,0,0,0
390,a,,,5.5,122,11,0,0,0,0,1.7,136,54,0,0,0.0,443,175,0,0,0.0,443,175,0.0,0.0,0,1864,1864,716,716,2.5,2.5,0.0,0.0,0.0,0.0,0.0,0.0,0.0,0.0,0.0,387,165,0.0,387,165,0.0,387,165,0.0,387,165,,,,1,,Rúben,dos Santos Gato Alves Dias,Rúben,,,0,0,0,0,0,0,0,0,0,0,0,0,0,,,,0.0,0.0,0.0,0.0,0.0,0,0,0
391,a,,,5.5,183,26,0,0,0,0,11.1,35,12,0,0,0.0,486,185,0,0,0.0,486,185,0.0,0.0,0,7993,7993,2306,2306,2.5,2.5,0.0,0.0,0.0,0.0,0.0,0.0,0.0,0.0,0.0,448,180,0.0,448,180,0.0,448,180,0.0,448,180,,,,1,,Joško,Gvardiol,Gvardiol,,,0,0,0,0,0,0,0,0,0,0,0,0,0,,,,0.0,0.0,0.0,0.0,0.0,0,0,0
392,a,,,5.5,170,23,0,0,0,0,0.9,197,74,0,0,0.0,477,183,0,0,0.0,477,183,0.0,0.0,0,748,748,528,528,2.5,2.5,0.0,0.0,0.0,0.0,0.0,0.0,0.0,0.0,0.0,435,177,0.0,435,177,0.0,435,177,0.0,435,177,,,,1,,Rayan,Aït-Nouri,Aït-Nouri,,,0,0,0,0,0,0,0,0,0,0,0,0,0,,,,0.0,0.0,0.0,0.0,0.0,0,0,0
393,a,,,5.5,217,33,0,0,0,0,1.7,137,55,0,0,0.0,510,189,0,0,0.0,510,189,0.0,0.0,0,1005,1005,927,927,2.5,2.5,0.0,0.0,0.0,0.0,0.0,0.0,0.0,0.0,0.0,482,187,0.0,482,187,0.0,482,187,0.0,482,187,,,,1,,Abdukodir,Khusanov,Khusanov,,,0,0,0,0,0,0,0,0,0,0,0,0,0,,,,0.0,0.0,0.0,0.0,0.0,0,0,0
394,u,0.0,0.0,5.0,339,69,0,0,0,0,0.0,572,195,0,0,0.0,390,167,0,0,0.0,390,167,0.0,0.0,0,0,0,73,73,0.0,0.0,0.0,0.0,0.0,0.0,0.0,0.0,0.0,0.0,0.0,318,155,0.0,318,155,0.0,318,155,0.0,318,155,,,,1,,Max,Alleyne,Alleyne,Has joined Burnley on loan for the rest of the season,,0,0,0,0,0,0,0,0,0,0,0,0,0,,,,0.0,0.0,0.0,0.0,0.0,0,0,0
395,a,,,4.5,476,128,0,0,0,0,0.2,336,128,0,0,0.0,243,122,0,0,0.0,243,122,0.0,0.0,0,393,393,164,164,1.7,1.7,0.0,0.0,0.0,0.0,0.0,0.0,0.0,0.0,0.0,149,100,0.0,149,100,0.0,149,100,0.0,149,100,,,,1,,Rico,Lewis,Lewis,,,0,0,0,0,0,0,0,0,0,0,0,0,0,,,,0.0,0.0,0.0,0.0,0.0,0,0,0
396,a,,,4.5,524,147,0,0,0,0,0.0,538,184,0,0,0.0,287,137,0,0,0.0,287,137,0.0,0.0,0,25,25,13,13,1.7,1.7,0.0,0.0,0.0,0.0,0.0,0.0,0.0,0.0,0.0,197,119,0.0,197,119,0.0,197,119,0.0,197,119,,,,1,,Vitor,de Oliveira Nunes dos Reis,Vitor Reis,,,0,0,0,0,0,0,0,0,0,0,0,0,0,,,,0.0,0.0,0.0,0.0,0.0,0,0,0
397,a,,,8.5,6,4,0,0,0,0,26.2,10,4,0,0,0.0,597,262,0,0,0.0,597,262,0.0,0.0,0,3797,3797,3915,3915,2.9,2.9,0.0,0.0,0.0,0.0,0.0,0.0,0.0,0.0,0.0,595,260,0.0,595,260,0.0,595,260,0.0,595,260,,,3.0,1,,Antoine,Semenyo,Semenyo,,,0,0,0,0,0,0,0,0,0,0,0,0,0,,,,0.0,0.0,0.0,0.0,0.0,0,0,0
398,a,,,7.0,25,16,0,0,0,0,4.4,74,23,0,0,0.0,582,253,0,0,0.0,582,253,0.0,0.0,0,1672,1672,1446,1446,2.5,2.5,0.0,0.0,0.0,0.0,0.0,0.0,0.0,0.0,0.0,573,247,0.0,573,247,0.0,573,247,0.0,573,247,3.0,3.0,,1,,Phil,Foden,Foden,,,0,0,0,0,0,0,0,0,0,0,0,0,0,,,,0.0,0.0,0.0,0.0,0.0,0,0,0
399,a,,,7.5,18,11,0,0,0,0,7.9,55,19,0,0,0.0,590,259,0,0,0.0,590,259,0.0,0.0,0,3284,3284,3273,3273,2.6,2.6,0.0,0.0,0.0,0.0,0.0,0.0,0.0,0.0,0.0,584,254,0.0,584,254,0.0,584,254,0.0,584,254,1.0,1.0,,1,,Rayan,Cherki,Cherki,,,0,0,0,0,0,0,0,0,0,0,0,0,0,,,,0.0,0.0,0.0,0.0,0.0,0,0,0
400,i,0.0,0.0,7.5,17,10,0,0,0,0,2.0,124,39,0,0,0.0,589,258,0,0,0.0,589,258,0.0,0.0,0,88,88,11163,11163,0.0,0.0,0.0,0.0,0.0,0.0,0.0,0.0,0.0,0.0,0.0,583,253,0.0,583,253,0.0,583,253,0.0,583,253,,,4.0,1,,Jérémy,Doku,Doku,Calf injury - Expected back 5 Sep,,0,0,0,0,0,0,0,0,0,0,0,0,0,,,,0.0,0.0,0.0,0.0,0.0,0,0,0
401,a,,,7.0,28,9,0,0,0,0,1.0,194,29,0,0,0.0,585,65,0,0,0.0,585,65,0.0,0.0,0,1261,1261,953,953,2.2,2.2,0.0,0.0,0.0,0.0,0.0,0.0,0.0,0.0,0.0,576,63,0.0,576,63,0.0,576,63,0.0,576,63,,2.0,2.0,1,,Omar,Marmoush,Marmoush,,,0,0,0,0,0,0,0,0,0,0,0,0,0,,,,0.0,0.0,0.0,0.0,0.0,0,0,0
402,u,0.0,0.0,6.5,38,26,0,0,0,0,0.0,534,221,0,0,0.0,567,241,0,0,0.0,567,241,0.0,0.0,0,0,0,209,209,0.0,0.0,0.0,0.0,0.0,0.0,0.0,0.0,0.0,0.0,0.0,553,231,0.0,553,231,0.0,553,231,0.0,553,231,,,,1,,Rodrigo 'Rodri',Hernandez Cascante,Rodrigo,Has joined Barcelona permanently,,0,0,0,0,0,0,0,0,0,0,0,0,0,,,,0.0,0.0,0.0,0.0,0.0,0,0,0
403,a,,,6.5,51,36,0,0,0,0,0.3,302,101,0,0,0.0,576,248,0,0,0.0,576,248,0.0,0.0,0,528,528,250,250,2.3,2.3,0.0,0.0,0.0,0.0,0.0,0.0,0.0,0.0,0.0,566,241,0.0,566,241,0.0,566,241,0.0,566,241,,,,1,,Sávio,Moreira de Oliveira,Savinho,,,0,0,0,0,0,0,0,0,0,0,0,0,0,,,,0.0,0.0,0.0,0.0,0.0,0,0,0
404,u,0.0,0.0,6.0,78,50,0,0,0,0,0.1,415,164,0,0,0.0,534,218,0,0,0.0,534,218,0.0,0.0,0,0,0,1527,1527,0.0,0.0,0.0,0.0,0.0,0.0,0.0,0.0,0.0,0.0,0.0,512,202,0.0,512,202,0.0,512,202,0.0,512,202,,,,1,,Tijjani,Reijnders,Reijnders,Has joined Al Qadsiah permanently,,0,0,0,0,0,0,0,0,0,0,0,0,0,,,,0.0,0.0,0.0,0.0,0.0,0,0,0
405,a,,,5.5,177,107,0,0,0,0,0.1,390,150,0,0,0.0,483,186,0,0,0.0,483,186,0.0,0.0,0,35,35,98,98,2.0,2.0,0.0,0.0,0.0,0.0,0.0,0.0,0.0,0.0,0.0,442,160,0.0,442,160,0.0,442,160,0.0,442,160,,,,1,,Nico,González Iglesias,N.Gonzalez,,,0,0,0,0,0,0,0,0,0,0,0,0,0,,,,0.0,0.0,0.0,0.0,0.0,0,0,0
24,a,,,5.5,132,82,0,0,0,0,0.0,578,246,0,0,0.0,450,168,0,0,0.0,450,168,0.0,0.0,0,11,11,24,24,2.0,2.0,0.0,0.0,0.0,0.0,0.0,0.0,0.0,0.0,0.0,397,135,0.0,397,135,0.0,397,135,0.0,397,135,,,,1,,Reiss,Nelson,Nelson,,,0,0,0,0,0,0,0,0,0,0,0,0,0,,,,0.0,0.0,0.0,0.0,0.0,0,0,0
33,a,,,4.5,417,86,0,0,0,0,0.4,275,102,0,0,0.0,196,88,0,0,0.0,196,88,0.0,0.0,0,1179,1179,160,160,1.7,1.7,0.0,0.0,0.0,0.0,0.0,0.0,0.0,0.0,0.0,90,58,0.0,90,58,0.0,90,58,0.0,90,58,,,,1,,Tyrone,Mings,Mings,,,0,0,0,0,0,0,0,0,0,0,0,0,0,,,,0.0,0.0,0.0,0.0,0.0,0,0,0
406,a,,,5.5,115,75,0,0,0,0,0.1,448,179,0,0,0.0,438,163,0,0,0.0,438,163,0.0,0.0,0,109,109,83,83,2.0,2.0,0.0,0.0,0.0,0.0,0.0,0.0,0.0,0.0,0.0,380,128,0.0,380,128,0.0,380,128,0.0,380,128,,,,1,,Mateo,Kovačić,Kovačić,,,0,0,0,0,0,0,0,0,0,0,0,0,0,,,,0.0,0.0,0.0,0.0,0.0,0,0,0
407,a,,,5.0,376,223,0,0,0,0,0.0,548,225,0,0,0.0,420,151,0,0,0.0,420,151,0.0,0.0,0,22,22,19,19,1.5,1.5,0.0,0.0,0.0,0.0,0.0,0.0,0.0,0.0,0.0,355,110,0.0,355,110,0.0,355,110,0.0,355,110,,,,1,,Claudio,Echeverri,Echeverri,,,0,0,0,0,0,0,0,0,0,0,0,0,0,,,,0.0,0.0,0.0,0.0,0.0,0,0,0
408,u,0.0,0.0,5.0,243,146,0,0,0,0,0.0,574,242,0,0,0.0,310,85,0,0,0.0,310,85,0.0,0.0,0,0,0,70,70,0.0,0.0,0.0,0.0,0.0,0.0,0.0,0.0,0.0,0.0,0.0,222,33,0.0,222,33,0.0,222,33,0.0,222,33,,,,1,,Kalvin,Phillips,Phillips,Has joined Sheffield United on loan for the rest of the season,,0,0,0,0,0,0,0,0,0,0,0,0,0,,,,0.0,0.0,0.0,0.0,0.0,0,0,0
409,a,,,4.5,517,258,0,0,0,0,0.2,354,127,0,0,0.0,281,72,0,0,0.0,281,72,0.0,0.0,0,290,290,193,193,1.0,1.0,0.0,0.0,0.0,0.0,0.0,0.0,0.0,0.0,0.0,190,20,0.0,190,20,0.0,190,20,0.0,190,20,,,,1,,Divine,Mukasa,Mukasa,,,0,0,0,0,0,0,0,0,0,0,0,0,0,,,,0.0,0.0,0.0,0.0,0.0,0,0,0
410,a,,,5.0,391,234,0,0,0,0,0.0,552,228,0,0,0.0,431,158,0,0,0.0,431,158,0.0,0.0,0,24,24,26,26,1.5,1.5,0.0,0.0,0.0,0.0,0.0,0.0,0.0,0.0,0.0,370,121,0.0,370,121,0.0,370,121,0.0,370,121,,,,1,,Jeremy,Monga,Monga,,,0,0,0,0,0,0,0,0,0,0,0,0,0,,,,0.0,0.0,0.0,0.0,0.0,0,0,0
411,a,,,15.5,1,1,0,0,0,0,69.2,1,1,0,0,0.0,600,72,0,0,0.0,600,72,0.0,0.0,0,4388,4388,2206,2206,4.0,4.0,0.0,0.0,0.0,0.0,0.0,0.0,0.0,0.0,0.0,600,72,0.0,600,72,0.0,600,72,0.0,600,72,,,1.0,1,,Erling,Haaland,Haaland,,,0,0,0,0,0,0,0,0,0,0,0,0,0,,,,0.0,0.0,0.0,0.0,0.0,0,0,0
481,a,,,6.5,36,24,0,0,0,0,7.9,54,18,0,0,0.0,566,240,0,0,0.0,566,240,0.0,0.0,0,2078,2078,4253,4253,2.3,2.3,0.0,0.0,0.0,0.0,0.0,0.0,0.0,0.0,0.0,551,229,0.0,551,229,0.0,551,229,0.0,551,229,2.0,,,1,,Elliot,Anderson,Anderson,,,0,0,0,0,0,0,0,0,0,0,0,0,0,,,,0.0,0.0,0.0,0.0,0.0,0,0,0
587,a,,,5.0,234,8,0,0,0,0,0.0,542,64,0,0,0.0,301,56,0,0,0.0,301,56,0.0,0.0,0,18,18,16,16,2.6,2.6,0.0,0.0,0.0,0.0,0.0,0.0,0.0,0.0,0.0,213,50,0.0,213,50,0.0,213,50,0.0,213,50,,,,1,,Gerónimo,Rulli,Rulli,,,0,0,0,0,0,0,0,0,0,0,0,0,0,,,,0.0,0.0,0.0,0.0,0.0,0,0,0
43,a,100.0,100.0,6.0,62,41,0,0,0,0,2.6,111,36,2,2,2.0,30,14,0,13,2.0,30,14,0.3,0.3,0,2892,2892,1722,1722,2.1,2.1,0.04,0.11,0.15,1.18,0.05,0.15,0.2,1.61,0.0,496,193,0.0,496,193,0.0,496,193,0.0,496,193,,,3.0,1,,Youri,Tielemans,Tielemans,,,66,0,0,0,2,0,0,0,0,0,0,1,5,,,,0.0,0.0,2.73,1.36,6.82,0,0,5
162,a,,,5.0,358,208,0,0,0,0,1.1,186,62,2,2,2.0,28,12,0,17,2.0,28,12,0.4,0.4,0,1493,1493,985,985,1.5,1.5,0.0,0.23,0.23,1.18,0.0,0.31,0.31,1.61,0.0,337,95,0.0,337,95,0.0,337,95,0.0,337,95,,,,1,,Andrey,Nascimento dos Santos,Andrey Santos,,,66,0,0,0,2,0,0,0,0,0,0,1,9,,,,0.0,0.0,2.73,1.36,12.27,1,3,5
325,a,100.0,75.0,4.5,399,22,0,0,0,0,0.0,509,57,0,0,0.0,181,31,0,0,0.0,181,31,0.0,0.0,0,15,15,31,31,1.9,1.4,0.0,0.0,0.0,0.0,0.0,0.0,0.0,0.0,0.0,72,21,0.0,72,21,0.0,72,21,0.0,72,21,,,,1,,Karl,Darlow,Darlow,,,0,0,0,0,0,0,0,0,0,0,0,0,0,,,,0.0,0.0,0.0,0.0,0.0,0,0,0
412,a,,,5.0,316,18,0,0,0,0,16.7,25,5,1,1,1.0,74,8,0,6,1.0,74,8,0.2,0.2,0,3867,3867,5337,5337,2.6,2.6,0.0,0.0,0.0,1.26,0.0,0.0,0.0,1.26,0.0,295,60,0.0,295,60,0.0,295,60,0.0,295,60,,,,1,,Senne,Lammens,Lammens,,,90,0,0,0,2,0,0,0,0,0,2,1,0,,,,2.0,0.0,2.0,1.0,0.0,0,2,8
413,u,0.0,0.0,4.5,464,37,0,0,0,0,0.0,531,63,0,0,0.0,233,45,0,0,0.0,233,45,0.0,0.0,0,0,0,132,132,0.0,0.0,0.0,0.0,0.0,0.0,0.0,0.0,0.0,0.0,0.0,137,36,0.0,137,36,0.0,137,36,0.0,137,36,,,,1,,Altay,Bayındır,Bayindir,Has joined Celta Vigo on loan for the rest of the season,,0,0,0,0,0,0,0,0,0,0,0,0,0,,,,0.0,0.0,0.0,0.0,0.0,0,0,0
414,i,0.0,0.0,4.0,531,48,0,0,0,0,0.1,423,47,0,0,0.0,128,11,0,0,0.0,128,11,0.0,0.0,0,27,27,178,178,0.0,0.0,0.0,0.0,0.0,0.0,0.0,0.0,0.0,0.0,0.0,1,1,0.0,1,1,0.0,1,1,0.0,1,1,,,,1,,Tom,Heaton,Heaton,Hamstring injury - Unknown return date,,0,0,0,0,0,0,0,0,0,0,0,0,0,,,,0.0,0.0,0.0,0.0,0.0,0,0,0
415,a,,,6.0,108,69,0,0,0,0,1.4,163,51,0,0,0.0,559,234,0,-11,0.0,559,234,0.0,0.0,0,1299,1299,1507,1507,2.1,2.1,0.47,0.03,0.5,1.16,0.94,0.06,1.0,2.32,0.0,542,221,0.0,542,221,0.0,542,221,0.0,542,221,,,,1,,Patrick,Dorgu,Dorgu,,,45,0,0,0,2,0,0,0,1,0,0,1,0,,,,0.0,0.0,4.0,2.0,0.0,0,0,0
416,i,0.0,0.0,5.0,263,43,0,0,0,0,0.0,526,177,0,0,0.0,328,146,0,0,0.0,328,146,0.0,0.0,0,35,35,94,94,0.0,0.0,0.0,0.0,0.0,0.0,0.0,0.0,0.0,0.0,0.0,242,129,0.0,242,129,0.0,242,129,0.0,242,129,,,,1,,Matthijs,de Ligt,De Ligt,Back injury - Unknown return date,,0,0,0,0,0,0,0,0,0,0,0,0,0,,,,0.0,0.0,0.0,0.0,0.0,0,0,0
417,a,,,5.0,271,46,0,0,0,0,2.8,109,44,1,1,1.0,69,39,0,6,1.0,69,39,0.2,0.2,0,2259,2259,2465,2465,2.2,2.2,0.0,0.0,0.0,0.0,0.0,0.0,0.0,0.0,0.0,250,132,0.0,250,132,0.0,250,132,0.0,250,132,,,,1,,Diogo,Dalot Teixeira,Dalot,,,10,0,0,0,0,0,0,0,0,0,0,0,3,,,,0.0,0.0,0.0,0.0,27.0,2,1,1
418,a,,,5.0,230,36,0,0,0,0,18.4,20,7,1,1,1.0,63,37,0,15,1.0,63,37,0.2,0.2,0,9260,9260,4569,4569,2.2,2.2,0.04,0.4,0.44,1.26,0.04,0.4,0.44,1.26,0.0,209,122,0.0,209,122,0.0,209,122,0.0,209,122,,,,1,,Harry,Maguire,Maguire,,,90,0,0,0,2,0,0,0,0,0,0,1,4,,,,0.0,0.0,2.0,1.0,4.0,0,4,5
419,a,100.0,100.0,5.0,277,49,0,0,0,0,1.4,161,67,0,0,0.0,336,150,0,0,0.0,336,150,0.0,0.0,0,2471,2471,1554,1554,2.2,2.2,0.0,0.0,0.0,0.0,0.0,0.0,0.0,0.0,0.0,256,135,0.0,256,135,0.0,256,135,0.0,256,135,,,,1,,Lisandro,Martínez,Martinez,,,0,0,0,0,0,0,0,0,0,0,0,0,0,,,,0.0,0.0,0.0,0.0,0.0,0,0,0
420,a,,,5.0,370,73,0,0,0,0,0.7,218,84,0,0,0.0,414,170,0,0,0.0,414,170,0.0,0.0,0,561,561,891,891,2.2,2.2,0.0,0.0,0.0,0.0,0.0,0.0,0.0,0.0,0.0,349,159,0.0,349,159,0.0,349,159,0.0,349,159,,,,1,,Leny,Yoro,Yoro,,,0,0,0,0,0,0,0,0,0,0,0,0,0,,,,0.0,0.0,0.0,0.0,0.0,0,0,0
421,a,,,4.5,522,145,0,0,0,0,0.4,273,101,1,1,1.0,61,36,0,5,1.0,61,36,0.2,0.2,0,629,629,313,313,1.7,1.7,0.12,0.04,0.16,1.26,0.12,0.04,0.16,1.26,0.0,195,117,0.0,195,117,0.0,195,117,0.0,195,117,,,,1,,Ayden,Heaven,Heaven,,,90,0,0,0,2,0,0,0,0,0,0,1,2,,,,0.0,0.0,2.0,1.0,2.0,1,1,4
422,a,,,4.5,444,107,0,0,0,0,0.7,230,88,1,1,1.0,53,30,0,8,1.0,53,30,0.2,0.2,0,1079,1079,476,476,1.7,1.7,0.23,0.05,0.28,1.26,0.26,0.06,0.32,1.44,0.0,117,79,0.0,117,79,0.0,117,79,0.0,117,79,,,,1,,Noussair,Mazraoui,Mazraoui,,,79,0,0,0,2,0,0,0,0,0,0,1,5,,,,0.0,0.0,2.28,1.14,5.7,1,4,3
423,a,,,4.5,408,83,0,0,0,0,21.5,15,3,1,1,1.0,47,24,0,11,1.0,47,24,0.2,0.2,0,8775,8775,4939,4939,1.7,1.7,0.0,0.26,0.26,1.26,0.0,0.26,0.26,1.26,0.0,81,55,0.0,81,55,0.0,81,55,0.0,81,55,3.0,,,1,,Luke,Shaw,Shaw,,,90,0,0,0,2,0,0,0,0,0,0,1,4,,,,0.0,0.0,2.0,1.0,4.0,1,3,3
424,a,,,4.0,591,190,0,0,0,0,0.2,345,132,0,0,0.0,172,76,0,0,0.0,172,76,0.0,0.0,0,197,197,197,197,1.0,1.0,0.0,0.0,0.0,0.0,0.0,0.0,0.0,0.0,0.0,61,42,0.0,61,42,0.0,61,42,0.0,61,42,,,,1,,Harry,Amass,Amass,,,0,0,0,0,0,0,0,0,0,0,0,0,0,,,,0.0,0.0,0.0,0.0,0.0,0,0,0
425,u,0.0,0.0,4.0,586,185,0,0,0,0,0.0,528,179,0,0,0.0,167,71,0,0,0.0,167,71,0.0,0.0,0,0,0,162,162,0.0,0.0,0.0,0.0,0.0,0.0,0.0,0.0,0.0,0.0,0.0,56,37,0.0,56,37,0.0,56,37,0.0,56,37,,,,1,,Tyler,Fredricson,Fredricson,Has joined Lausanne-Sport permanently,,0,0,0,0,0,0,0,0,0,0,0,0,0,,,,0.0,0.0,0.0,0.0,0.0,0,0,0
426,a,,,12.0,2,1,0,0,0,0,51.7,3,1,2,2,2.0,33,17,0,18,2.0,33,17,0.2,0.2,0,3974,3974,5989,5989,4.0,4.0,0.07,0.26,0.33,1.26,0.07,0.26,0.33,1.26,0.0,599,263,0.0,599,263,0.0,599,263,0.0,599,263,1.0,1.0,1.0,1,,Bruno,Borges Fernandes,B.Fernandes,,,90,0,0,0,2,0,0,0,0,0,0,1,6,,,,0.0,0.0,2.0,1.0,6.0,0,1,5
427,a,,,8.0,11,7,0,0,0,0,38.7,6,3,2,2,2.0,32,16,0,12,2.0,32,16,0.2,0.2,0,7115,7115,6280,6280,2.8,2.8,0.5,0.23,0.73,1.26,0.5,0.23,0.73,1.26,0.0,593,259,0.0,593,259,0.0,593,259,0.0,593,259,2.0,2.0,2.0,1,,Bryan,Mbeumo,Mbeumo,,,90,0,0,0,2,0,0,0,0,0,0,1,4,,,,0.0,0.0,2.0,1.0,4.0,0,0,4
428,a,,,8.0,10,6,0,0,0,0,10.2,40,15,2,2,2.0,31,15,0,14,2.0,31,15,0.2,0.2,0,3181,3181,4083,4083,2.8,2.8,0.24,0.21,0.45,1.26,0.27,0.24,0.51,1.44,0.0,592,258,0.0,592,258,0.0,592,258,0.0,592,258,,,,1,,Matheus,Santos Carneiro da Cunha,Cunha,,,79,0,0,0,2,0,0,0,0,0,0,1,3,,,,0.0,0.0,2.28,1.14,3.42,0,0,3
429,a,,,7.0,23,14,0,0,0,0,1.6,150,45,1,1,1.0,125,53,0,9,1.0,125,53,0.1,0.1,0,2080,2080,1475,1475,2.5,2.5,0.0,0.1,0.1,0.1,0.0,0.2,0.2,0.2,0.0,571,245,0.0,571,245,0.0,571,245,0.0,571,245,,,,1,,Marcus,Rashford,Rashford,,,45,0,0,0,0,0,0,0,0,0,0,0,1,,,,0.0,0.0,0.0,0.0,2.0,0,0,1
430,d,50.0,50.0,5.5,128,79,0,0,0,0,0.0,513,214,0,0,0.0,449,167,0,0,0.0,449,167,0.0,0.0,0,7,7,111,111,1.0,1.0,0.0,0.0,0.0,0.0,0.0,0.0,0.0,0.0,0.0,393,132,0.0,393,132,0.0,393,132,0.0,393,132,,3.0,,1,,Mason,Mount,Mount,Foot injury - 50% chance of playing,,0,0,0,0,0,0,0,0,0,0,0,0,0,,,,0.0,0.0,0.0,0.0,0.0,0,0,0
431,d,75.0,,6.0,96,61,0,0,0,0,1.6,145,43,0,0,0.0,547,226,0,0,0.0,547,226,0.0,0.0,0,1141,1141,3543,3543,1.6,2.1,0.0,0.0,0.0,0.0,0.0,0.0,0.0,0.0,0.0,530,213,0.0,530,213,0.0,530,213,0.0,530,213,4.0,,,1,,Amad,Diallo,Amad,Unspecified injury - 75% chance of playing,,0,0,0,0,0,0,0,0,0,0,0,0,0,,,,0.0,0.0,0.0,0.0,0.0,0,0,0
432,a,,,5.5,201,125,0,0,0,0,1.0,190,63,1,1,1.0,106,42,0,7,1.0,106,42,0.2,0.2,0,587,587,1247,1247,2.0,2.0,0.07,0.01,0.08,0.08,0.27,0.04,0.31,0.31,0.0,466,178,0.0,466,178,0.0,466,178,0.0,466,178,,,,1,,Kobbie,Mainoo,Mainoo,,,23,0,0,0,0,0,0,0,0,0,0,0,1,,,,0.0,0.0,0.0,0.0,3.91,0,0,1
433,i,0.0,0.0,5.0,285,169,0,0,0,0,0.0,592,258,0,0,0.0,342,104,0,0,0.0,342,104,0.0,0.0,0,7,7,26,26,0.0,0.0,0.0,0.0,0.0,0.0,0.0,0.0,0.0,0.0,0.0,264,56,0.0,264,56,0.0,264,56,0.0,264,56,,,,1,,Manuel,Ugarte Ribeiro,Ugarte,Knee injury - Unknown return date,,0,0,0,0,0,0,0,0,0,0,0,0,0,,,,0.0,0.0,0.0,0.0,0.0,0,0,0
434,a,,,5.0,367,217,0,0,0,0,0.0,567,239,0,0,0.0,411,145,0,0,0.0,411,145,0.0,0.0,0,14,14,13,13,1.5,1.5,0.0,0.0,0.0,0.0,0.0,0.0,0.0,0.0,0.0,346,104,0.0,346,104,0.0,346,104,0.0,346,104,,,,1,,Jack,Fletcher,J.Fletcher,,,0,0,0,0,0,0,0,0,0,0,0,0,0,,,,0.0,0.0,0.0,0.0,0.0,0,0,0
435,a,,,5.0,377,224,0,0,0,0,0.0,486,201,1,1,1.0,81,25,0,3,1.0,81,25,0.2,0.2,0,31,31,54,54,1.5,1.5,0.0,0.0,0.0,0.0,0.0,0.0,0.0,0.0,0.0,356,111,0.0,356,111,0.0,356,111,0.0,356,111,,,,1,,Shea,Lacey,Lacey,,,10,0,0,0,0,0,0,0,0,0,0,0,1,,,,0.0,0.0,0.0,0.0,9.0,0,0,1
436,a,,,5.0,335,195,0,0,0,0,0.0,550,226,0,0,0.0,386,128,0,0,0.0,386,128,0.0,0.0,0,10,10,27,27,1.5,1.5,0.0,0.0,0.0,0.0,0.0,0.0,0.0,0.0,0.0,314,82,0.0,314,82,0.0,314,82,0.0,314,82,,,,1,,Toby,Collyer,Collyer,,,0,0,0,0,0,0,0,0,0,0,0,0,0,,,,0.0,0.0,0.0,0.0,0.0,0,0,0
437,a,,,4.5,513,256,0,0,0,0,0.2,361,130,0,0,0.0,277,70,0,0,0.0,277,70,0.0,0.0,0,277,277,230,230,1.0,1.0,0.0,0.0,0.0,0.0,0.0,0.0,0.0,0.0,0.0,186,18,0.0,186,18,0.0,186,18,0.0,186,18,,,,1,,Bendito,Mantato,Bendito Mantato,,,0,0,0,0,0,0,0,0,0,0,0,0,0,,,,0.0,0.0,0.0,0.0,0.0,0,0,0
438,a,,,4.5,496,253,0,0,0,0,0.4,280,94,0,0,0.0,261,67,0,0,0.0,261,67,0.0,0.0,0,367,367,381,381,1.0,1.0,0.0,0.0,0.0,0.0,0.0,0.0,0.0,0.0,0.0,169,15,0.0,169,15,0.0,169,15,0.0,169,15,,,,1,,Tyler,Fletcher,Fletcher,,,0,0,0,0,0,0,0,0,0,0,0,0,0,,,,0.0,0.0,0.0,0.0,0.0,0,0,0
439,a,100.0,75.0,7.0,30,10,0,0,0,0,1.3,167,23,1,1,1.0,126,13,0,2,1.0,126,13,0.1,0.1,0,1346,1346,1393,1393,2.2,1.7,0.04,0.0,0.04,0.08,0.16,0.0,0.16,0.31,0.0,578,64,0.0,578,64,0.0,578,64,0.0,578,64,,,,1,,Benjamin,Sesko,Šeško,,,23,0,0,0,0,0,0,0,0,0,0,0,0,,,,0.0,0.0,0.0,0.0,0.0,0,0,0
440,a,,,5.5,172,39,0,0,0,0,0.6,234,37,0,0,0.0,478,43,0,0,0.0,478,43,0.0,0.0,0,622,622,945,945,1.8,1.8,0.0,0.0,0.0,0.0,0.0,0.0,0.0,0.0,0.0,437,35,0.0,437,35,0.0,437,35,0.0,437,35,,,,1,,Joshua,Zirkzee,Zirkzee,,,0,0,0,0,0,0,0,0,0,0,0,0,0,,,,0.0,0.0,0.0,0.0,0.0,0,0,0
441,a,,,4.5,519,70,0,0,0,0,1.2,180,27,0,0,0.0,283,23,0,0,0.0,283,23,0.0,0.0,0,799,799,1039,1039,1.0,1.0,0.0,0.0,0.0,0.0,0.0,0.0,0.0,0.0,0.0,192,10,0.0,192,10,0.0,192,10,0.0,192,10,,,,1,,Chido,Obi,Obi,,,0,0,0,0,0,0,0,0,0,0,0,0,0,,,,0.0,0.0,0.0,0.0,0.0,0,0,0
442,a,,,5.0,231,6,0,0,0,0,1.3,168,24,0,0,0.0,298,54,0,0,0.0,298,54,0.0,0.0,0,271,271,478,478,2.6,2.6,0.0,0.0,0.0,0.0,0.0,0.0,0.0,0.0,0.0,210,48,0.0,210,48,0.0,210,48,0.0,210,48,,,,1,,Nick,Pope,Pope,,,0,0,0,0,0,0,0,0,0,0,0,0,0,,,,0.0,0.0,0.0,0.0,0.0,0,0,0
443,a,,,4.5,402,25,0,0,0,0,0.0,512,58,0,0,0.0,184,34,0,0,0.0,184,34,0.0,0.0,0,20,20,19,19,1.9,1.9,0.0,0.0,0.0,0.0,0.0,0.0,0.0,0.0,0.0,75,24,0.0,75,24,0.0,75,24,0.0,75,24,,,,1,,Mark,Gillespie,Gillespie,,,0,0,0,0,0,0,0,0,0,0,0,0,0,,,,0.0,0.0,0.0,0.0,0.0,0,0,0
444,a,,,4.5,505,47,0,0,0,0,0.0,519,61,0,0,0.0,270,53,0,0,0.0,270,53,0.0,0.0,0,17,17,21,21,1.9,1.9,0.0,0.0,0.0,0.0,0.0,0.0,0.0,0.0,0.0,178,46,0.0,178,46,0.0,178,46,0.0,178,46,,,,1,,Ewen,Jaouen,Jaouen,,,0,0,0,0,0,0,0,0,0,0,0,0,0,,,,0.0,0.0,0.0,0.0,0.0,0,0,0
445,a,,,5.0,317,60,0,0,0,0,1.6,142,59,0,0,0.0,369,158,0,0,0.0,369,158,0.0,0.0,0,743,743,506,506,2.2,2.2,0.0,0.0,0.0,0.0,0.0,0.0,0.0,0.0,0.0,296,146,0.0,296,146,0.0,296,146,0.0,296,146,,,,1,,Malick,Thiaw,Thiaw,,,0,0,0,0,0,0,0,0,0,0,0,0,0,,,,0.0,0.0,0.0,0.0,0.0,0,0,0
446,a,100.0,100.0,5.0,237,38,0,0,0,0,0.2,323,121,0,0,0.0,304,141,0,0,0.0,304,141,0.0,0.0,0,261,261,71,71,2.2,2.2,0.0,0.0,0.0,0.0,0.0,0.0,0.0,0.0,0.0,216,124,0.0,216,124,0.0,216,124,0.0,216,124,,2.0,,1,,Fabian,Schär,Schär,,,0,0,0,0,0,0,0,0,0,0,0,0,0,,,,0.0,0.0,0.0,0.0,0.0,0,0,0
447,a,,,5.0,274,47,0,0,0,0,0.4,270,100,0,0,0.0,333,148,0,0,0.0,333,148,0.0,0.0,0,664,664,259,259,2.2,2.2,0.0,0.0,0.0,0.0,0.0,0.0,0.0,0.0,0.0,253,133,0.0,253,133,0.0,253,133,0.0,253,133,,,,1,,Sven,Botman,Botman,,,0,0,0,0,0,0,0,0,0,0,0,0,0,,,,0.0,0.0,0.0,0.0,0.0,0,0,0
448,a,,,5.0,227,35,0,0,0,0,2.5,113,46,0,0,0.0,296,139,0,0,0.0,296,139,0.0,0.0,0,2931,2931,1072,1072,2.2,2.2,0.0,0.0,0.0,0.0,0.0,0.0,0.0,0.0,0.0,206,121,0.0,206,121,0.0,206,121,0.0,206,121,,,,1,,Dan,Burn,Burn,,,0,0,0,0,0,0,0,0,0,0,0,0,0,,,,0.0,0.0,0.0,0.0,0.0,0,0,0
449,a,,,5.0,330,66,0,0,0,0,3.6,88,35,0,0,0.0,381,164,0,0,0.0,381,164,0.0,0.0,0,3270,3270,1004,1004,2.2,2.2,0.0,0.0,0.0,0.0,0.0,0.0,0.0,0.0,0.0,309,152,0.0,309,152,0.0,309,152,0.0,309,152,1.0,1.0,,1,,Lewis,Hall,Hall,,,0,0,0,0,0,0,0,0,0,0,0,0,0,,,,0.0,0.0,0.0,0.0,0.0,0,0,0
450,i,0.0,0.0,5.0,303,55,0,0,0,0,0.0,487,168,0,0,0.0,356,153,0,0,0.0,356,153,0.0,0.0,0,12,12,202,202,0.0,0.0,0.0,0.0,0.0,0.0,0.0,0.0,0.0,0.0,0.0,282,141,0.0,282,141,0.0,282,141,0.0,282,141,,,,1,,Tino,Livramento,Livramento,Calf injury - Unknown return date,,0,0,0,0,0,0,0,0,0,0,0,0,0,,,,0.0,0.0,0.0,0.0,0.0,0,0,0
451,u,0.0,0.0,4.0,585,184,0,0,0,0,0.1,398,143,0,0,0.0,166,70,0,0,0.0,166,70,0.0,0.0,0,0,0,735,735,0.0,0.0,0.0,0.0,0.0,0.0,0.0,0.0,0.0,0.0,0.0,55,36,0.0,55,36,0.0,55,36,0.0,55,36,,,,1,,Alex,Murphy,A.Murphy,Has joined FC Kaiserslautern on loan for the rest of the season,,0,0,0,0,0,0,0,0,0,0,0,0,0,,,,0.0,0.0,0.0,0.0,0.0,0,0,0
453,a,,,6.0,67,45,0,0,0,0,1.1,185,61,0,0,0.0,523,213,0,0,0.0,523,213,0.0,0.0,0,593,593,378,378,2.1,2.1,0.0,0.0,0.0,0.0,0.0,0.0,0.0,0.0,0.0,501,197,0.0,501,197,0.0,501,197,0.0,501,197,,,,1,,Harvey,Barnes,Barnes,,,0,0,0,0,0,0,0,0,0,0,0,0,0,,,,0.0,0.0,0.0,0.0,0.0,0,0,0
454,a,,,6.0,86,55,0,0,0,0,0.8,215,69,0,0,0.0,540,222,0,0,0.0,540,222,0.0,0.0,0,626,626,456,456,2.1,2.1,0.0,0.0,0.0,0.0,0.0,0.0,0.0,0.0,0.0,520,207,0.0,520,207,0.0,520,207,0.0,520,207,4.0,,,1,,Anthony,Elanga,Elanga,,,0,0,0,0,0,0,0,0,0,0,0,0,0,,,,0.0,0.0,0.0,0.0,0.0,0,0,0
456,a,,,5.0,287,171,0,0,0,0,0.4,274,91,0,0,0.0,344,106,0,0,0.0,344,106,0.0,0.0,0,251,251,200,200,1.5,1.5,0.0,0.0,0.0,0.0,0.0,0.0,0.0,0.0,0.0,266,58,0.0,266,58,0.0,266,58,0.0,266,58,,,,1,,Jacob,Ramsey,J.Ramsey,,,0,0,0,0,0,0,0,0,0,0,0,0,0,,,,0.0,0.0,0.0,0.0,0.0,0,0,0
457,a,,,6.0,59,40,0,0,0,0,0.2,370,136,0,0,0.0,519,210,0,0,0.0,519,210,0.0,0.0,0,78,78,99,99,2.1,2.1,0.0,0.0,0.0,0.0,0.0,0.0,0.0,0.0,0.0,493,192,0.0,493,192,0.0,493,192,0.0,493,192,2.0,,,1,,Jacob,Murphy,J.Murphy,,,0,0,0,0,0,0,0,0,0,0,0,0,0,,,,0.0,0.0,0.0,0.0,0.0,0,0,0
458,i,0.0,0.0,5.5,127,78,0,0,0,0,0.0,501,210,0,0,0.0,448,166,0,0,0.0,448,166,0.0,0.0,0,4,4,152,152,0.0,0.0,0.0,0.0,0.0,0.0,0.0,0.0,0.0,0.0,0.0,392,131,0.0,392,131,0.0,392,131,0.0,392,131,,,,1,,Joelinton Cássio,Apolinário de Lira,Joelinton,Unspecified injury - Unknown return date,,0,0,0,0,0,0,0,0,0,0,0,0,0,,,,0.0,0.0,0.0,0.0,0.0,0,0,0
459,a,100.0,100.0,5.5,207,129,0,0,0,0,0.0,485,200,0,0,0.0,502,201,0,0,0.0,502,201,0.0,0.0,0,32,32,22,22,2.0,2.0,0.0,0.0,0.0,0.0,0.0,0.0,0.0,0.0,0.0,472,182,0.0,472,182,0.0,472,182,0.0,472,182,3.0,,,1,,Lewis,Miley,L.Miley,,,0,0,0,0,0,0,0,0,0,0,0,0,0,,,,0.0,0.0,0.0,0.0,0.0,0,0,0
460,a,,,5.0,254,154,0,0,0,0,0.1,407,159,0,0,0.0,319,92,0,0,0.0,319,92,0.0,0.0,0,91,91,78,78,1.5,1.5,0.0,0.0,0.0,0.0,0.0,0.0,0.0,0.0,0.0,233,41,0.0,233,41,0.0,233,41,0.0,233,41,,,,1,,Joe,Willock,Willock,,,0,0,0,0,0,0,0,0,0,0,0,0,0,,,,0.0,0.0,0.0,0.0,0.0,0,0,0
461,a,,,6.0,109,70,0,0,0,0,0.3,317,111,0,0,0.0,560,235,0,0,0.0,560,235,0.0,0.0,0,84,84,100,100,2.1,2.1,0.0,0.0,0.0,0.0,0.0,0.0,0.0,0.0,0.0,543,222,0.0,543,222,0.0,543,222,0.0,543,222,,,,1,,Bazoumana,Touré,Touré,,,0,0,0,0,0,0,0,0,0,0,0,0,0,,,,0.0,0.0,0.0,0.0,0.0,0,0,0
462,a,,,5.0,390,233,0,0,0,0,0.1,414,163,0,0,0.0,430,157,0,0,0.0,430,157,0.0,0.0,0,58,58,47,47,1.5,1.5,0.0,0.0,0.0,0.0,0.0,0.0,0.0,0.0,0.0,369,120,0.0,369,120,0.0,369,120,0.0,369,120,,,,1,,Sean,Steur,Steur,,,0,0,0,0,0,0,0,0,0,0,0,0,0,,,,0.0,0.0,0.0,0.0,0.0,0,0,0
463,a,,,6.0,92,23,0,0,0,0,1.8,133,19,0,0,0.0,545,59,0,0,0.0,545,59,0.0,0.0,0,1147,1147,1016,1016,2.0,2.0,0.0,0.0,0.0,0.0,0.0,0.0,0.0,0.0,0.0,526,55,0.0,526,55,0.0,526,55,0.0,526,55,,,1.0,1,,Nick,Woltemade,Woltemade,,,0,0,0,0,0,0,0,0,0,0,0,0,0,,,,0.0,0.0,0.0,0.0,0.0,0,0,0
464,a,,,6.0,72,19,0,0,0,0,1.7,141,21,0,0,0.0,528,56,0,0,0.0,528,56,0.0,0.0,0,814,814,704,704,2.0,2.0,0.0,0.0,0.0,0.0,0.0,0.0,0.0,0.0,0.0,506,51,0.0,506,51,0.0,506,51,0.0,506,51,,,3.0,1,,Yoane,Wissa,Wissa,,,0,0,0,0,0,0,0,0,0,0,0,0,0,,,,0.0,0.0,0.0,0.0,0.0,0,0,0
465,a,,,6.0,103,26,0,0,0,0,0.9,195,30,0,0,0.0,554,61,0,0,0.0,554,61,0.0,0.0,0,341,341,516,516,2.0,2.0,0.0,0.0,0.0,0.0,0.0,0.0,0.0,0.0,0.0,537,58,0.0,537,58,0.0,537,58,0.0,537,58,,,2.0,1,,William,Osula,Osula,,,0,0,0,0,0,0,0,0,0,0,0,0,0,,,,0.0,0.0,0.0,0.0,0.0,0,0,0
466,a,,,4.5,521,71,0,0,0,0,0.8,214,36,0,0,0.0,285,24,0,0,0.0,285,24,0.0,0.0,0,720,720,539,539,1.0,1.0,0.0,0.0,0.0,0.0,0.0,0.0,0.0,0.0,0.0,194,11,0.0,194,11,0.0,194,11,0.0,194,11,,,,1,,Sean,Neave,Neave,,,0,0,0,0,0,0,0,0,0,0,0,0,0,,,,0.0,0.0,0.0,0.0,0.0,0,0,0
559,a,,,5.0,389,232,0,0,0,0,0.1,387,147,0,0,0.0,429,156,0,0,0.0,429,156,0.0,0.0,0,100,100,99,99,1.5,1.5,0.0,0.0,0.0,0.0,0.0,0.0,0.0,0.0,0.0,368,119,0.0,368,119,0.0,368,119,0.0,368,119,,,,1,,Aladji,Bamba,Bamba,,,0,0,0,0,0,0,0,0,0,0,0,0,0,,,,0.0,0.0,0.0,0.0,0.0,0,0,0
567,a,,,5.0,322,19,0,0,0,0,0.7,229,30,0,0,0.0,374,64,0,0,0.0,374,64,0.0,0.0,0,121,121,312,312,2.6,2.6,0.0,0.0,0.0,0.0,0.0,0.0,0.0,0.0,0.0,301,61,0.0,301,61,0.0,301,61,0.0,301,61,,,,1,,Lukás,Hornícek,Horníček,,,0,0,0,0,0,0,0,0,0,0,0,0,0,,,,0.0,0.0,0.0,0.0,0.0,0,0,0
593,a,,,4.5,468,124,0,0,0,0,0.3,321,120,0,0,0.0,237,118,0,0,0.0,237,118,0.0,0.0,0,336,336,86,86,1.7,1.7,0.0,0.0,0.0,0.0,0.0,0.0,0.0,0.0,0.0,141,96,0.0,141,96,0.0,141,96,0.0,141,96,,,,1,,Amar,Dedic,Dedić,,,0,0,0,0,0,0,0,0,0,0,0,0,0,,,,0.0,0.0,0.0,0.0,0.0,0,0,0
467,a,,,5.0,228,5,0,0,0,0,1.6,147,22,1,1,1.0,62,5,0,4,1.0,62,5,0.2,0.2,0,219,219,509,509,2.6,2.6,0.0,0.0,0.0,0.03,0.0,0.0,0.0,0.21,0.0,207,47,0.0,207,47,0.0,207,47,0.0,207,47,,,,1,,Matz,Sels,Sels,,,14,0,0,0,0,0,0,0,0,0,0,1,0,,,,0.0,0.0,0.0,6.92,0.0,0,0,4
468,a,,,4.5,439,34,0,0,0,0,0.1,460,51,0,0,0.0,215,43,0,0,0.0,215,43,0.0,0.0,0,26,26,26,26,1.9,1.9,0.0,0.0,0.0,0.0,0.0,0.0,0.0,0.0,0.0,112,33,0.0,112,33,0.0,112,33,0.0,112,33,,,,1,,John Victor,Maciel Furtado,John,,,0,0,0,0,0,0,0,0,0,0,0,0,0,,,,0.0,0.0,0.0,0.0,0.0,0,0,0
469,a,,,5.0,270,45,0,0,0,0,10.2,41,14,1,1,1.0,68,38,0,6,1.0,68,38,0.2,0.2,0,2668,2668,2085,2085,2.2,2.2,0.0,0.0,0.0,0.03,0.0,0.0,0.0,0.21,0.0,249,131,0.0,249,131,0.0,249,131,0.0,249,131,1.0,2.0,,1,,Neco,Williams,N.Williams,,,14,0,0,0,0,0,0,0,0,0,0,1,4,,,,0.0,0.0,0.0,6.92,20.77,1,3,1
470,a,,,5.0,327,65,0,0,0,0,0.1,476,166,0,0,0.0,378,163,0,0,0.0,378,163,0.0,0.0,0,60,60,24,24,2.2,2.2,0.0,0.0,0.0,0.0,0.0,0.0,0.0,0.0,0.0,306,151,0.0,306,151,0.0,306,151,0.0,306,151,,,,1,,Felipe,Rodrigues da Silva,Morato,,,0,0,0,0,0,0,0,0,0,0,0,0,0,,,,0.0,0.0,0.0,0.0,0.0,0,0,0
471,a,,,5.5,147,17,0,0,0,0,2.0,123,50,1,1,1.0,93,45,0,2,1.0,93,45,0.2,0.2,0,405,405,776,776,2.5,2.5,0.0,0.0,0.0,0.03,0.0,0.0,0.0,0.21,0.0,412,171,0.0,412,171,0.0,412,171,0.0,412,171,,,,1,,Nikola,Milenković,Milenković,,,14,0,0,0,0,0,0,0,0,0,0,1,0,,,,0.0,0.0,0.0,6.92,0.0,0,0,0
472,a,100.0,100.0,5.5,215,32,0,0,0,0,1.6,149,62,1,1,1.0,110,49,0,3,1.0,110,49,0.2,0.2,0,945,945,695,695,2.5,2.5,0.0,0.0,0.0,0.03,0.0,0.0,0.0,0.21,0.0,480,186,0.0,480,186,0.0,480,186,0.0,480,186,,3.0,,1,,Murillo,Costa dos Santos,Murillo,,,14,0,0,0,0,0,0,0,0,0,0,1,2,,,,0.0,0.0,0.0,6.92,13.85,0,2,0
473,a,,,4.5,419,87,0,0,0,0,3.6,87,34,1,1,1.0,48,25,0,4,1.0,48,25,0.2,0.2,0,1542,1542,1001,1001,1.7,1.7,0.0,0.01,0.01,0.03,0.0,0.07,0.07,0.21,0.0,92,59,0.0,92,59,0.0,92,59,0.0,92,59,,,,1,,Ola,Aina,Aina,,,14,0,0,0,0,0,0,0,0,0,0,1,1,,,,0.0,0.0,0.0,6.92,6.92,0,1,1
474,a,,,4.5,512,142,0,0,0,0,0.2,331,124,1,1,1.0,60,35,0,4,1.0,60,35,0.2,0.2,0,46,46,94,94,1.7,1.7,0.0,0.0,0.0,0.03,0.0,0.0,0.0,0.21,0.0,185,114,0.0,185,114,0.0,185,114,0.0,185,114,,,,1,,Jair,Paula da Cunha Filho,Jair Cunha,,,14,0,0,0,0,0,0,0,0,0,0,1,3,,,,0.0,0.0,0.0,6.92,20.77,2,1,1
475,i,0.0,0.0,4.5,489,133,0,0,0,0,0.0,595,198,0,0,0.0,255,126,0,0,0.0,255,126,0.0,0.0,0,7,7,4,4,0.0,0.0,0.0,0.0,0.0,0.0,0.0,0.0,0.0,0.0,0.0,162,105,0.0,162,105,0.0,162,105,0.0,162,105,,,,1,,Nicolò,Savona,Savona,Knee injury - Unknown return date,,0,0,0,0,0,0,0,0,0,0,0,0,0,,,,0.0,0.0,0.0,0.0,0.0,0,0,0
476,a,,,4.0,554,162,0,0,0,0,0.3,318,119,0,0,0.0,144,57,0,0,0.0,144,57,0.0,0.0,0,112,112,105,105,1.0,1.0,0.0,0.0,0.0,0.0,0.0,0.0,0.0,0.0,0.0,24,14,0.0,24,14,0.0,24,14,0.0,24,14,,,,1,,Omar,Richards,O.Richards,,,0,0,0,0,0,0,0,0,0,0,0,0,0,,,,0.0,0.0,0.0,0.0,0.0,0,0,0
477,a,,,4.0,587,186,0,0,0,0,0.3,311,115,0,0,0.0,168,72,0,0,0.0,168,72,0.0,0.0,0,174,174,136,136,1.0,1.0,0.0,0.0,0.0,0.0,0.0,0.0,0.0,0.0,0.0,57,38,0.0,57,38,0.0,57,38,0.0,57,38,,,,1,,Zach,Abbott,Abbott,,,0,0,0,0,0,0,0,0,0,0,0,0,0,,,,0.0,0.0,0.0,0.0,0.0,0,0,0
478,a,,,4.5,472,126,0,0,0,0,0.0,525,176,0,0,0.0,241,120,0,0,0.0,241,120,0.0,0.0,0,24,24,9,9,1.7,1.7,0.0,0.0,0.0,0.0,0.0,0.0,0.0,0.0,0.0,145,98,0.0,145,98,0.0,145,98,0.0,145,98,,,,1,,Luca,Netz,Netz,,,0,0,0,0,0,0,0,0,0,0,0,0,0,,,,0.0,0.0,0.0,0.0,0.0,0,0,0
557,a,,,6.5,44,31,0,0,0,0,25.2,11,5,6,6,6.0,14,4,0,30,6.0,14,4,0.9,0.9,0,33930,33930,2718,2718,2.3,2.3,0.19,0.14,0.33,0.06,0.23,0.17,0.4,0.07,0.0,559,236,0.0,559,236,0.0,559,236,0.0,559,236,3.0,,,1,,Christos,Tzolis,Tzolis,,,75,0,1,1,0,0,0,0,0,0,0,1,6,,,,0.0,1.2,0.0,1.2,7.2,1,2,3
28,a,,,5.0,232,7,0,0,0,0,4.5,71,10,0,0,0.0,299,55,0,0,0.0,299,55,0.0,0.0,0,1836,1836,2240,2240,2.6,2.6,0.0,0.0,0.0,0.0,0.0,0.0,0.0,0.0,0.0,211,49,0.0,211,49,0.0,211,49,0.0,211,49,,,,1,,Emiliano,Martínez Romero,Martinez,,,0,0,0,0,0,0,0,0,0,0,0,0,0,,,,0.0,0.0,0.0,0.0,0.0,0,0,0
29,a,,,4.5,400,23,0,0,0,0,0.1,409,45,0,0,0.0,182,32,0,0,0.0,182,32,0.0,0.0,0,74,74,37,37,1.9,1.9,0.0,0.0,0.0,0.0,0.0,0.0,0.0,0.0,0.0,73,22,0.0,73,22,0.0,73,22,0.0,73,22,,,,1,,Marco,Bizot,M.Bizot,,,0,0,0,0,0,0,0,0,0,0,0,0,0,,,,0.0,0.0,0.0,0.0,0.0,0,0,0
34,a,,,4.5,457,117,0,0,0,0,0.5,260,98,0,0,0.0,227,112,0,0,0.0,227,112,0.0,0.0,0,754,754,174,174,1.7,1.7,0.0,0.0,0.0,0.0,0.0,0.0,0.0,0.0,0.0,130,89,0.0,130,89,0.0,130,89,0.0,130,89,,,,1,,Pau,Torres,Pau,,,0,0,0,0,0,0,0,0,0,0,0,0,0,,,,0.0,0.0,0.0,0.0,0.0,0,0,0
35,a,,,5.0,356,207,0,0,0,0,0.1,452,182,0,0,0.0,404,138,0,0,0.0,404,138,0.0,0.0,0,193,193,70,70,1.5,1.5,0.0,0.0,0.0,0.0,0.0,0.0,0.0,0.0,0.0,335,94,0.0,335,94,0.0,335,94,0.0,335,94,,,,1,,Lamare,Bogarde,Bogarde,,,0,0,0,0,0,0,0,0,0,0,0,0,0,,,,0.0,0.0,0.0,0.0,0.0,0,0,0
36,a,,,4.5,463,122,0,0,0,0,0.8,209,79,0,0,0.0,232,116,0,0,0.0,232,116,0.0,0.0,0,876,876,229,229,1.7,1.7,0.0,0.0,0.0,0.0,0.0,0.0,0.0,0.0,0.0,136,94,0.0,136,94,0.0,136,94,0.0,136,94,,,,1,,Ian,Maatsen,Maatsen,,,0,0,0,0,0,0,0,0,0,0,0,0,0,,,,0.0,0.0,0.0,0.0,0.0,0,0,0
479,a,,,4.0,583,182,0,0,0,0,0.2,350,134,0,0,0.0,165,69,0,0,0.0,165,69,0.0,0.0,0,82,82,65,65,1.0,1.0,0.0,0.0,0.0,0.0,0.0,0.0,0.0,0.0,0.0,53,34,0.0,53,34,0.0,53,34,0.0,53,34,,,,1,,Tyler,Bindon,Bindon,,,0,0,0,0,0,0,0,0,0,0,0,0,0,,,,0.0,0.0,0.0,0.0,0.0,0,0,0
480,a,,,8.0,8,5,0,0,0,0,11.7,34,12,1,1,1.0,127,54,0,2,1.0,127,54,0.1,0.1,0,1846,1846,4164,4164,2.8,2.8,0.0,0.0,0.0,0.03,0.0,0.0,0.0,0.21,0.0,590,257,0.0,590,257,0.0,590,257,0.0,590,257,,1.0,2.0,1,,Morgan,Gibbs-White,Gibbs-White,,,14,0,0,0,0,0,0,0,0,0,0,1,0,,,,0.0,0.0,0.0,6.92,0.0,0,0,0
482,a,100.0,100.0,6.0,70,46,0,0,0,0,0.3,310,108,0,0,0.0,526,214,0,0,0.0,526,214,0.0,0.0,0,153,153,135,135,2.1,2.1,0.0,0.0,0.0,0.0,0.0,0.0,0.0,0.0,0.0,504,198,0.0,504,198,0.0,504,198,0.0,504,198,,4.0,,1,,Callum,Hudson-Odoi,Hudson-Odoi,,,0,0,0,0,0,0,0,0,0,0,0,0,0,,,,0.0,0.0,0.0,0.0,0.0,0,0,0
499,i,0.0,0.0,5.5,163,20,0,0,0,0,16.6,26,9,0,0,0.0,472,181,0,0,0.0,472,181,0.0,0.0,0,917,917,70911,70911,0.0,0.0,0.0,0.0,0.0,0.0,0.0,0.0,0.0,0.0,0.0,428,174,0.0,428,174,0.0,428,174,0.0,428,174,1.0,1.0,,1,,Pedro,Porro Sauceda,Pedro Porro,Lack of match fitness - Expected back 29 Aug,,0,0,0,0,0,0,0,0,0,0,0,0,0,,,,0.0,0.0,0.0,0.0,0.0,0,0,0
510,a,,,4.0,579,179,0,0,0,0,0.1,444,157,0,0,0.0,161,66,0,0,0.0,161,66,0.0,0.0,0,67,67,48,48,1.0,1.0,0.0,0.0,0.0,0.0,0.0,0.0,0.0,0.0,0.0,49,31,0.0,49,31,0.0,49,31,0.0,49,31,,,,1,,James,Rowswell,Rowswell,,,0,0,0,0,0,0,0,0,0,0,0,0,0,,,,0.0,0.0,0.0,0.0,0.0,0,0,0
511,a,,,4.0,597,195,0,0,0,0,0.3,292,107,0,0,0.0,176,79,0,0,0.0,176,79,0.0,0.0,0,244,244,156,156,1.0,1.0,0.0,0.0,0.0,0.0,0.0,0.0,0.0,0.0,0.0,67,47,0.0,67,47,0.0,67,47,0.0,67,47,,,,1,,João Victor,de Souza Menezes,Souza,,,0,0,0,0,0,0,0,0,0,0,0,0,0,,,,0.0,0.0,0.0,0.0,0.0,0,0,0
521,i,0.0,0.0,6.5,46,33,0,0,0,0,0.0,570,241,0,0,0.0,571,245,0,0,0.0,571,245,0.0,0.0,0,16,16,27,27,0.0,0.0,0.0,0.0,0.0,0.0,0.0,0.0,0.0,0.0,0.0,561,238,0.0,561,238,0.0,561,238,0.0,561,238,,,,1,,Dejan,Kulusevski,Kulusevski,Knee injury - Unknown return date,,0,0,0,0,0,0,0,0,0,0,0,0,0,,,,0.0,0.0,0.0,0.0,0.0,0,0,0
522,a,,,5.0,368,218,0,0,0,0,0.2,330,117,0,0,0.0,412,146,0,0,0.0,412,146,0.0,0.0,0,198,198,152,152,1.5,1.5,0.0,0.0,0.0,0.0,0.0,0.0,0.0,0.0,0.0,347,105,0.0,347,105,0.0,347,105,0.0,347,105,,,,1,,Archie,Gray,Gray,,,0,0,0,0,0,0,0,0,0,0,0,0,0,,,,0.0,0.0,0.0,0.0,0.0,0,0,0
533,a,100.0,100.0,5.5,133,14,0,0,0,0,2.9,107,43,0,0,0.0,451,177,0,0,0.0,451,177,0.0,0.0,0,935,935,832,832,2.5,2.5,0.0,0.0,0.0,0.0,0.0,0.0,0.0,0.0,0.0,398,168,0.0,398,168,0.0,398,168,0.0,398,168,,,,1,,Nordi,Mukiele,Mukiele,,,0,0,0,0,0,0,0,0,0,0,0,0,0,,,,0.0,0.0,0.0,0.0,0.0,0,0,0
6,i,0.0,0.0,6.0,88,9,0,0,0,0,0.3,297,111,0,0,0.0,542,194,0,0,0.0,542,194,0.0,0.0,0,167,167,1366,1366,0.0,0.0,0.0,0.0,0.0,0.0,0.0,0.0,0.0,0.0,0.0,522,193,0.0,522,193,0.0,522,193,0.0,522,193,,,,1,,William,Saliba,Saliba,Back injury - Unknown return date,,0,0,0,0,0,0,0,0,0,0,0,0,0,,,,0.0,0.0,0.0,0.0,0.0,0,0,0
7,a,,,5.5,195,120,0,0,0,0,0.7,222,72,3,3,3.0,21,7,0,15,3.0,21,7,0.5,0.5,0,2272,2272,824,824,2.0,2.0,0.06,0.11,0.17,0.2,0.06,0.11,0.17,0.2,0.0,460,173,0.0,460,173,0.0,460,173,0.0,460,173,,,,1,,Myles,Lewis-Skelly,Lewis-Skelly,,,90,0,0,1,0,0,0,0,0,0,0,1,7,,,,0.0,1.0,0.0,1.0,7.0,1,1,5
8,a,,,5.5,179,25,0,0,0,0,39.9,5,1,9,9,9.0,6,4,0,31,9.0,6,4,1.6,1.6,0,47734,47734,2995,2995,2.5,2.5,0.04,0.09,0.13,0.06,0.04,0.1,0.14,0.07,0.0,444,179,0.0,444,179,0.0,444,179,0.0,444,179,,,,1,,Riccardo,Calafiori,Calafiori,,,80,0,1,1,0,0,0,0,0,0,0,1,5,,,,0.0,1.12,0.0,1.12,5.62,1,4,1
9,a,,,5.5,169,22,0,0,0,0,1.8,132,53,1,1,1.0,100,47,0,3,1.0,100,47,0.2,0.2,0,732,732,8102,8102,2.5,2.5,0.0,0.0,0.0,0.15,0.0,0.0,0.0,1.5,0.0,434,176,0.0,434,176,0.0,434,176,0.0,434,176,,,,1,,Piero,Hincapié,Hincapie,,,9,0,0,0,0,0,0,0,0,0,0,0,0,,,,0.0,0.0,0.0,0.0,0.0,0,0,0
10,a,100.0,100.0,5.5,130,13,0,0,0,0,4.6,70,28,11,11,11.0,3,3,2,37,11.0,3,3,2.0,2.0,0,10934,10934,1297,1297,2.5,2.5,0.18,0.21,0.39,0.2,0.18,0.21,0.39,0.2,0.0,395,167,0.0,395,167,0.0,395,167,0.0,395,167,,,,1,,Benjamin,White,White,,,90,0,1,1,0,0,0,0,0,0,0,1,5,,,,0.0,1.0,0.0,1.0,5.0,1,4,3
11,a,,,5.5,197,29,0,0,0,0,6.3,60,24,6,6,6.0,12,8,0,27,6.0,12,8,1.1,1.1,0,3322,3322,4556,4556,2.5,2.5,0.0,0.0,0.0,0.2,0.0,0.0,0.0,0.2,0.0,462,183,0.0,462,183,0.0,462,183,0.0,462,183,,,,1,,Cristhian,Mosquera,Mosquera,,,90,0,0,1,0,0,0,0,0,0,0,1,6,,,,0.0,1.0,0.0,1.0,6.0,0,6,3
12,a,,,9.5,3,2,0,0,0,0,9.5,44,16,9,9,9.0,7,2,1,36,9.0,7,2,0.9,0.9,0,7011,7011,1673,1673,3.2,3.2,0.64,0.08,0.72,0.06,0.86,0.11,0.97,0.08,0.0,597,261,0.0,597,261,0.0,597,261,0.0,597,261,2.0,2.0,1.0,1,,Bukayo,Saka,Saka,,,67,1,0,1,0,0,0,0,0,0,0,1,7,,,,0.0,1.34,0.0,1.34,9.4,1,2,4
13,a,,,7.5,13,8,0,0,0,0,18.0,21,7,3,3,3.0,22,8,0,10,3.0,22,8,0.4,0.4,0,5319,5319,17019,17019,2.6,2.6,0.07,0.08,0.15,0.06,0.09,0.11,0.2,0.08,0.0,579,251,0.0,579,251,0.0,579,251,0.0,579,251,1.0,1.0,,1,,Declan,Rice,Rice,,,67,0,0,1,0,0,0,0,0,0,0,1,6,,,,0.0,1.34,0.0,1.34,8.06,0,3,3
18,a,,,6.5,45,32,0,0,0,0,0.2,329,116,0,0,0.0,570,244,0,0,0.0,570,244,0.0,0.0,0,180,180,1349,1349,2.3,2.3,0.0,0.0,0.0,0.0,0.0,0.0,0.0,0.0,0.0,560,237,0.0,560,237,0.0,560,237,0.0,560,237,,,,1,,Gabriel,Martinelli Silva,Martinelli,,,0,0,0,0,0,0,0,0,0,0,0,0,0,,,,0.0,0.0,0.0,0.0,0.0,0,0,0
19,a,,,5.5,187,114,0,0,0,0,1.2,178,58,1,1,1.0,104,40,0,3,1.0,104,40,0.2,0.2,0,231,231,2638,2638,2.0,2.0,0.0,0.02,0.02,0.15,0.0,0.08,0.08,0.61,0.0,452,167,0.0,452,167,0.0,452,167,0.0,452,167,,,,1,,Martín,Zubimendi Ibáñez,Zubimendi,,,22,0,0,0,0,0,0,0,0,0,0,0,3,,,,0.0,0.0,0.0,0.0,12.27,1,0,2
1,a,,,6.0,60,1,0,0,0,0,37.7,7,1,6,6,6.0,13,2,0,24,6.0,13,2,1.0,1.0,0,6532,6532,4963,4963,4.0,4.0,0.0,0.0,0.0,0.2,0.0,0.0,0.0,0.2,0.0,494,67,0.0,494,67,0.0,494,67,0.0,494,67,,,,1,,David,Raya Martín,Raya,,,90,0,0,1,0,0,0,0,0,0,1,1,0,,,,1.0,1.0,0.0,1.0,0.0,0,1,8
2,a,,,5.0,235,9,0,0,0,0,0.1,441,49,0,0,0.0,302,57,0,0,0.0,302,57,0.0,0.0,0,42,42,224,224,2.6,2.6,0.0,0.0,0.0,0.0,0.0,0.0,0.0,0.0,0.0,214,51,0.0,214,51,0.0,214,51,0.0,214,51,,,,1,,Kepa,Arrizabalaga Revuelta,Arrizabalaga,,,0,0,0,0,0,0,0,0,0,0,0,0,0,,,,0.0,0.0,0.0,0.0,0.0,0,0,0
3,a,,,5.0,300,16,0,0,0,0,0.0,514,59,0,0,0.0,353,62,0,0,0.0,353,62,0.0,0.0,0,18,18,80,80,2.6,2.6,0.0,0.0,0.0,0.0,0.0,0.0,0.0,0.0,0.0,279,58,0.0,279,58,0.0,279,58,0.0,279,58,,,,1,,Illan,Meslier,Meslier,,,0,0,0,0,0,0,0,0,0,0,0,0,0,,,,0.0,0.0,0.0,0.0,0.0,0,0,0
4,a,,,8.0,9,1,0,0,0,0,29.6,9,2,5,5,5.0,17,9,0,21,5.0,17,9,0.6,0.6,0,4719,4719,11238,11238,4.0,4.0,0.05,0.01,0.06,0.2,0.05,0.01,0.06,0.2,0.0,591,198,0.0,591,198,0.0,591,198,0.0,591,198,,,,1,,Gabriel,dos Santos Magalhães,Gabriel,,,90,0,0,1,0,0,0,0,1,0,0,1,4,,,,0.0,1.0,0.0,1.0,4.0,0,4,2
5,i,0.0,0.0,6.5,47,3,0,0,0,0,0.1,405,145,0,0,0.0,572,197,0,0,0.0,572,197,0.0,0.0,0,67,67,569,569,0.0,0.0,0.0,0.0,0.0,0.0,0.0,0.0,0.0,0.0,0.0,562,196,0.0,562,196,0.0,562,196,0.0,562,196,,,,1,,Jurriën,Timber,J.Timber,Groin injury - Unknown return date,,0,0,0,0,0,0,0,0,0,0,0,0,0,,,,0.0,0.0,0.0,0.0,0.0,0,0,0
45,a,,,5.5,118,76,0,0,0,0,3.3,95,31,0,0,0.0,440,164,0,0,0.0,440,164,0.0,0.0,0,1478,1478,1173,1173,2.0,2.0,0.0,0.0,0.0,0.0,0.0,0.0,0.0,0.0,0.0,383,129,0.0,383,129,0.0,383,129,0.0,383,129,2.0,,,1,,John,McGinn,McGinn,,,0,0,0,0,0,0,0,0,0,0,0,0,0,,,,0.0,0.0,0.0,0.0,0.0,0,0,0
49,u,0.0,0.0,5.0,320,186,0,0,0,0,0.0,591,257,0,0,0.0,372,120,0,0,0.0,372,120,0.0,0.0,0,0,0,35,35,0.0,0.0,0.0,0.0,0.0,0.0,0.0,0.0,0.0,0.0,0.0,299,73,0.0,299,73,0.0,299,73,0.0,299,73,,,,1,,Samuel,Iling-Junior,Iling Jr,Has joined Bolton Wanderers on loan for the rest of the season,,0,0,0,0,0,0,0,0,0,0,0,0,0,,,,0.0,0.0,0.0,0.0,0.0,0,0,0
55,a,,,8.0,7,3,0,0,0,0,10.4,38,7,0,0,0.0,595,69,0,0,0.0,595,69,0.0,0.0,0,1983,1983,5426,5426,2.5,2.5,0.0,0.0,0.0,0.0,0.0,0.0,0.0,0.0,0.0,589,69,0.0,589,69,0.0,589,69,0.0,589,69,,,2.0,1,,Ollie,Watkins,Watkins,,,0,0,0,0,0,0,0,0,0,0,0,0,0,,,,0.0,0.0,0.0,0.0,0.0,0,0,0
573,a,,,4.5,486,132,0,0,0,0,0.2,332,125,0,0,0.0,252,125,0,0,0.0,252,125,0.0,0.0,0,110,110,86,86,1.7,1.7,0.0,0.0,0.0,0.0,0.0,0.0,0.0,0.0,0.0,159,104,0.0,159,104,0.0,159,104,0.0,159,104,,,,1,,Juanlu,Sánchez,Sanchez,,,0,0,0,0,0,0,0,0,0,0,0,0,0,,,,0.0,0.0,0.0,0.0,0.0,0,0,0
116,a,,,4.5,403,80,0,0,0,0,1.0,189,73,0,0,0.0,185,84,0,0,0.0,185,84,0.0,0.0,0,921,921,294,294,1.7,1.7,0.0,0.0,0.0,0.0,0.0,0.0,0.0,0.0,0.0,76,52,0.0,76,52,0.0,76,52,0.0,76,52,,3.0,,1,,Lewis,Dunk,Dunk,,,0,0,0,0,0,0,0,0,0,0,0,0,0,,,,0.0,0.0,0.0,0.0,0.0,0,0,0
504,a,,,5.0,384,76,0,0,0,0,2.5,114,47,0,0,0.0,424,173,0,0,0.0,424,173,0.0,0.0,0,1005,1005,467,467,2.2,2.2,0.0,0.0,0.0,0.0,0.0,0.0,0.0,0.0,0.0,363,162,0.0,363,162,0.0,363,162,0.0,363,162,,,,1,,Luka,Vušković,Vuskovic,,,0,0,0,0,0,0,0,0,0,0,0,0,0,,,,0.0,0.0,0.0,0.0,0.0,0,0,0
159,a,,,5.5,190,116,0,0,0,0,4.0,80,27,0,0,0.0,491,192,0,0,0.0,491,192,0.0,0.0,0,2690,2690,1775,1775,2.0,2.0,0.0,0.0,0.0,0.0,0.0,0.0,0.0,0.0,0.0,455,169,0.0,455,169,0.0,455,169,0.0,455,169,,,,1,,Moisés,Caicedo Corozo,Caicedo,,,0,0,0,0,0,0,0,0,0,0,0,0,0,,,,0.0,0.0,0.0,0.0,0.0,0,0,0
173,a,,,4.0,571,174,0,0,0,0,8.1,52,21,3,3,3.0,18,10,0,11,3.0,18,10,0.8,0.8,0,4669,4669,1083,1083,1.0,1.0,0.02,0.01,0.03,1.88,0.02,0.01,0.03,1.88,0.0,41,26,0.0,41,26,0.0,41,26,0.0,41,26,,,,1,,Bobby,Thomas,Thomas,,,90,0,0,0,3,0,0,0,0,0,0,1,10,,,,0.0,0.0,3.0,1.0,10.0,1,9,2
174,a,,,4.0,564,169,0,0,0,0,0.7,220,85,0,0,0.0,150,60,0,0,0.0,150,60,0.0,0.0,0,80,80,408,408,1.0,1.0,0.0,0.0,0.0,0.0,0.0,0.0,0.0,0.0,0.0,34,21,0.0,34,21,0.0,34,21,0.0,34,21,,,,1,,Liam,Kitching,Kitching,,,0,0,0,0,0,0,0,0,0,0,0,0,0,,,,0.0,0.0,0.0,0.0,0.0,0,0,0
599,a,,,5.0,388,59,0,0,0,0,0.1,436,62,0,0,0.0,428,34,0,0,0.0,428,34,0.0,0.0,0,205,205,151,151,1.4,1.4,0.0,0.0,0.0,0.0,0.0,0.0,0.0,0.0,0.0,367,23,0.0,367,23,0.0,367,23,0.0,367,23,,,,1,,Sidiki,Cherif,Cherif,,,0,0,0,0,0,0,0,0,0,0,0,0,0,,,,0.0,0.0,0.0,0.0,0.0,0,0,0
271,a,,,5.5,151,37,0,0,0,0,0.6,240,39,0,0,0.0,465,41,0,0,0.0,465,41,0.0,0.0,0,269,269,292,292,1.8,1.8,0.0,0.0,0.0,0.0,0.0,0.0,0.0,0.0,0.0,416,33,0.0,416,33,0.0,416,33,0.0,416,33,,,,1,,Rodrigo,Muniz Carvalho,Muniz,,,0,0,0,0,0,0,0,0,0,0,0,0,0,,,,0.0,0.0,0.0,0.0,0.0,0,0,0
272,a,,,4.5,527,72,0,0,0,0,7.5,56,9,0,0,0.0,290,25,0,0,0.0,290,25,0.0,0.0,0,2813,2813,1410,1410,1.0,1.0,0.0,0.0,0.0,0.0,0.0,0.0,0.0,0.0,0.0,200,12,0.0,200,12,0.0,200,12,0.0,200,12,,,,1,,Jonah,Kusi-Asare,Kusi-Asare,,,0,0,0,0,0,0,0,0,0,0,0,0,0,,,,0.0,0.0,0.0,0.0,0.0,0,0,0
569,a,,,6.0,105,27,0,0,0,0,2.1,120,17,0,0,0.0,556,62,0,0,0.0,556,62,0.0,0.0,0,1323,1323,689,689,2.0,2.0,0.0,0.0,0.0,0.0,0.0,0.0,0.0,0.0,0.0,539,59,0.0,539,59,0.0,539,59,0.0,539,59,,,1.0,1,,Gonzalo,García,Gonzalo,,,0,0,0,0,0,0,0,0,0,0,0,0,0,,,,0.0,0.0,0.0,0.0,0.0,0,0,0
570,a,,,5.5,214,135,0,0,0,0,0.2,340,119,0,0,0.0,508,206,0,0,0.0,508,206,0.0,0.0,0,45,45,81,81,2.0,2.0,0.0,0.0,0.0,0.0,0.0,0.0,0.0,0.0,0.0,479,188,0.0,479,188,0.0,479,188,0.0,479,188,,,,1,,César,Palacios,Palacios,,,0,0,0,0,0,0,0,0,0,0,0,0,0,,,,0.0,0.0,0.0,0.0,0.0,0,0,0
285,a,,,4.0,544,154,0,0,0,0,0.1,422,150,1,1,1.0,34,11,0,3,1.0,34,11,0.2,0.2,0,49,49,42,42,1.0,1.0,0.0,0.0,0.0,0.97,0.0,0.0,0.0,3.36,0.0,14,6,0.0,14,6,0.0,14,6,0.0,14,6,,,,1,,Paddy,McNair,McNair,,,26,0,0,0,0,0,0,0,0,0,0,0,2,,,,0.0,0.0,0.0,0.0,6.92,0,2,1
576,a,,,5.0,382,228,0,0,0,0,0.1,445,177,3,3,3.0,20,6,0,11,3.0,20,6,0.6,0.6,0,127,127,29,29,1.5,1.5,0.0,0.03,0.03,1.14,0.0,0.04,0.04,1.47,0.0,361,115,0.0,361,115,0.0,361,115,0.0,361,115,,,,1,,Elliot,Stroud,Stroud,,,70,0,0,1,0,0,0,0,0,0,0,1,6,,,,0.0,1.29,0.0,1.29,7.71,3,1,2
585,a,,,4.0,594,192,0,0,0,0,0.6,233,90,1,1,1.0,45,22,0,4,1.0,45,22,0.2,0.2,0,361,361,306,306,1.0,1.0,0.0,0.0,0.0,0.97,0.0,0.0,0.0,3.36,0.0,64,44,0.0,64,44,0.0,64,44,0.0,64,44,,,,1,,Lucas,Herrington,Herrington,,,26,0,0,0,0,0,0,0,0,0,0,0,4,,,,0.0,0.0,0.0,0.0,13.85,0,4,0
586,a,,,4.0,596,194,0,0,0,0,1.2,173,68,15,15,15.0,1,1,1,35,15.0,1,1,3.8,3.8,0,6318,6318,443,443,1.0,1.0,0.28,0.0,0.28,0.84,0.4,0.0,0.4,1.2,0.0,66,46,0.0,66,46,0.0,66,46,0.0,66,46,,,,1,,Nobel,Mendy,Mendy,,,63,1,0,1,0,0,0,0,0,0,0,1,13,,,,0.0,1.43,0.0,1.43,18.57,0,13,2
589,a,,,5.0,321,187,0,0,0,0,0.0,521,217,0,0,0.0,373,121,0,0,0.0,373,121,0.0,0.0,0,10,10,17,17,1.5,1.5,0.0,0.0,0.0,0.0,0.0,0.0,0.0,0.0,0.0,300,74,0.0,300,74,0.0,300,74,0.0,300,74,,,,1,,Lucas,Gourna-Douath,Gourna-Douath,,,0,0,0,0,0,0,0,0,0,0,0,0,0,,,,0.0,0.0,0.0,0.0,0.0,0,0,0
311,u,0.0,0.0,5.0,241,144,0,0,0,0,0.0,584,251,0,0,0.0,308,83,0,0,0.0,308,83,0.0,0.0,0,0,0,35,35,0.0,0.0,0.0,0.0,0.0,0.0,0.0,0.0,0.0,0.0,0.0,220,31,0.0,220,31,0.0,220,31,0.0,220,31,,,,1,,Wes,Burns,Burns,Has joined Leicester City permanently,,0,0,0,0,0,0,0,0,0,0,0,0,0,,,,0.0,0.0,0.0,0.0,0.0,0,0,0
367,a,,,7.0,26,17,0,0,0,0,3.6,89,30,0,0,0.0,583,254,0,0,0.0,583,254,0.0,0.0,0,1347,1347,1178,1178,2.5,2.5,0.0,0.0,0.0,0.0,0.0,0.0,0.0,0.0,0.0,574,248,0.0,574,248,0.0,574,248,0.0,574,248,2.0,,3.0,1,,Cody,Gakpo,Gakpo,,,0,0,0,0,0,0,0,0,0,0,0,0,0,,,,0.0,0.0,0.0,0.0,0.0,0,0,0
368,a,,,7.0,27,18,0,0,0,0,41.7,4,2,0,0,0.0,584,255,0,0,0.0,584,255,0.0,0.0,0,10195,10195,4881,4881,2.5,2.5,0.0,0.0,0.0,0.0,0.0,0.0,0.0,0.0,0.0,575,249,0.0,575,249,0.0,575,249,0.0,575,249,1.0,1.0,2.0,1,,Dominik,Szoboszlai,Szoboszlai,,,0,0,0,0,0,0,0,0,0,0,0,0,0,,,,0.0,0.0,0.0,0.0,0.0,0,0,0
384,a,,,5.5,135,4,0,0,0,0,8.2,50,6,0,0,0.0,453,67,0,0,0.0,453,67,0.0,0.0,0,2426,2426,2760,2760,3.3,3.3,0.0,0.0,0.0,0.0,0.0,0.0,0.0,0.0,0.0,400,66,0.0,400,66,0.0,400,66,0.0,400,66,,,,1,,Gianluigi,Donnarumma,Donnarumma,,,0,0,0,0,0,0,0,0,0,0,0,0,0,,,,0.0,0.0,0.0,0.0,0.0,0,0,0
483,a,,,5.5,171,106,0,0,0,0,0.4,263,83,1,1,1.0,101,38,0,5,1.0,101,38,0.2,0.2,0,89,89,190,190,2.0,2.0,0.0,0.0,0.0,0.03,0.0,0.0,0.0,0.21,0.0,436,159,0.0,436,159,0.0,436,159,0.0,436,159,,,,1,,Dan,Ndoye,Ndoye,,,14,0,0,0,0,0,0,0,0,0,0,1,1,,,,0.0,0.0,0.0,6.92,0.0,1,0,0
484,a,,,5.5,198,122,0,0,0,0,0.2,364,132,0,0,0.0,496,196,0,0,0.0,496,196,0.0,0.0,0,33,33,75,75,2.0,2.0,0.0,0.0,0.0,0.0,0.0,0.0,0.0,0.0,0.0,463,175,0.0,463,175,0.0,463,175,0.0,463,175,4.0,,,1,,Omari,Hutchinson,Hutchinson,,,0,0,0,0,0,0,0,0,0,0,0,0,0,,,,0.0,0.0,0.0,0.0,0.0,0,0,0
485,a,,,5.5,182,111,0,0,0,0,0.0,555,231,0,0,0.0,485,188,0,0,0.0,485,188,0.0,0.0,0,20,20,20,20,2.0,2.0,0.0,0.0,0.0,0.0,0.0,0.0,0.0,0.0,0.0,447,164,0.0,447,164,0.0,447,164,0.0,447,164,,,,1,,Dilane,Bakwa,Bakwa,,,0,0,0,0,0,0,0,0,0,0,0,0,0,,,,0.0,0.0,0.0,0.0,0.0,0,0,0
486,a,,,5.5,157,98,0,0,0,0,0.0,506,212,1,1,1.0,97,35,0,3,1.0,97,35,0.2,0.2,0,19,19,21,21,2.0,2.0,0.0,0.0,0.0,0.03,0.0,0.0,0.0,0.21,0.0,422,151,0.0,422,151,0.0,422,151,0.0,422,151,3.0,,,1,,James,McAtee,McAtee,,,14,0,0,0,0,0,0,0,0,0,0,1,1,,,,0.0,0.0,0.0,6.92,6.92,0,0,1
487,a,,,5.0,294,176,0,0,0,0,0.1,437,175,0,0,0.0,351,111,0,0,0.0,351,111,0.0,0.0,0,40,40,50,50,1.5,1.5,0.0,0.0,0.0,0.0,0.0,0.0,0.0,0.0,0.0,273,63,0.0,273,63,0.0,273,63,0.0,273,63,,,,1,,Nicolás,Domínguez,Dominguez,,,0,0,0,0,0,0,0,0,0,0,0,0,0,,,,0.0,0.0,0.0,0.0,0.0,0,0,0
488,a,,,5.0,265,162,0,0,0,0,1.1,183,60,1,1,1.0,66,19,0,1,1.0,66,19,0.2,0.2,0,278,278,269,269,1.5,1.5,0.0,0.0,0.0,0.03,0.0,0.0,0.0,0.21,0.0,244,49,0.0,244,49,0.0,244,49,0.0,244,49,,,,1,,Ibrahim,Sangaré,I.Sangaré,,,14,0,0,0,0,0,0,0,0,0,0,1,1,,,,0.0,0.0,0.0,6.92,6.92,0,1,0
489,i,0.0,0.0,4.5,434,243,0,0,0,0,1.9,126,41,0,0,0.0,212,58,0,0,0.0,212,58,0.0,0.0,0,133,133,5878,5878,0.0,0.0,0.0,0.0,0.0,0.0,0.0,0.0,0.0,0.0,0.0,107,5,0.0,107,5,0.0,107,5,0.0,107,5,,,,1,,Ryan,Yates,Yates,Unspecified injury - Unknown return date,,0,0,0,0,0,0,0,0,0,0,0,0,0,,,,0.0,0.0,0.0,0.0,0.0,0,0,0
490,a,,,6.0,58,14,0,0,0,0,1.8,128,18,0,0,0.0,518,52,0,0,0.0,518,52,0.0,0.0,0,773,773,989,989,2.0,2.0,0.0,0.0,0.0,0.0,0.0,0.0,0.0,0.0,0.0,492,46,0.0,492,46,0.0,492,46,0.0,492,46,,,1.0,1,,Chris,Wood,Wood,,,0,0,0,0,0,0,0,0,0,0,0,0,0,,,,0.0,0.0,0.0,0.0,0.0,0,0,0
491,a,,,6.0,93,24,0,0,0,0,4.3,76,12,1,1,1.0,118,11,0,3,1.0,118,11,0.2,0.2,0,1104,1104,1538,1538,2.0,2.0,0.0,0.0,0.0,0.03,0.0,0.0,0.0,0.21,0.0,527,56,0.0,527,56,0.0,527,56,0.0,527,56,,,3.0,1,,Igor Jesus,Maciel da Cruz,Igor Jesus,,,14,0,0,0,0,0,0,0,0,0,0,1,0,,,,0.0,0.0,0.0,6.92,0.0,0,0,0
493,a,,,5.5,176,42,0,0,0,0,0.0,480,65,0,0,0.0,482,46,0,0,0.0,482,46,0.0,0.0,0,53,53,35,35,1.8,1.8,0.0,0.0,0.0,0.0,0.0,0.0,0.0,0.0,0.0,441,38,0.0,441,38,0.0,441,38,0.0,441,38,,,,1,,Arnaud,Kalimuendo,Kalimuendo,,,0,0,0,0,0,0,0,0,0,0,0,0,0,,,,0.0,0.0,0.0,0.0,0.0,0,0,0
558,a,,,5.0,259,157,0,0,0,0,0.1,413,162,0,0,0.0,324,95,0,0,0.0,324,95,0.0,0.0,0,27,27,46,46,1.5,1.5,0.0,0.0,0.0,0.0,0.0,0.0,0.0,0.0,0.0,238,44,0.0,238,44,0.0,238,44,0.0,238,44,2.0,,,1,,Xaver,Schlager,Schlager,,,0,0,0,0,0,0,0,0,0,0,0,0,0,,,,0.0,0.0,0.0,0.0,0.0,0,0,0
581,a,,,5.5,212,31,0,0,0,0,0.8,211,80,0,0,0.0,506,188,0,0,0.0,506,188,0.0,0.0,0,873,873,426,426,2.5,2.5,0.0,0.0,0.0,0.0,0.0,0.0,0.0,0.0,0.0,477,185,0.0,477,185,0.0,477,185,0.0,477,185,,,,1,,Ousmane,Diomande,Diomande,,,0,0,0,0,0,0,0,0,0,0,0,0,0,,,,0.0,0.0,0.0,0.0,0.0,0,0,0
590,a,,,4.5,459,36,0,0,0,0,0.1,468,52,0,0,0.0,229,44,0,0,0.0,229,44,0.0,0.0,0,117,117,39,39,1.9,1.9,0.0,0.0,0.0,0.0,0.0,0.0,0.0,0.0,0.0,132,35,0.0,132,35,0.0,132,35,0.0,132,35,,,,1,,Steven,Benda,Benda,,,0,0,0,0,0,0,0,0,0,0,0,0,0,,,,0.0,0.0,0.0,0.0,0.0,0,0,0
112,a,,,5.0,319,62,0,0,0,0,10.8,36,13,0,0,0.0,371,160,0,0,0.0,371,160,0.0,0.0,0,12630,12630,1916,1916,2.2,2.2,0.0,0.0,0.0,0.0,0.0,0.0,0.0,0.0,0.0,298,148,0.0,298,148,0.0,298,148,0.0,298,148,,,,1,,Jan Paul,van Hecke,Van Hecke,,,0,0,0,0,0,0,0,0,0,0,0,0,0,,,,0.0,0.0,0.0,0.0,0.0,0,0,0
455,a,,,5.5,156,97,0,0,0,0,4.3,77,25,0,0,0.0,467,180,0,0,0.0,467,180,0.0,0.0,0,2396,2396,1064,1064,2.0,2.0,0.0,0.0,0.0,0.0,0.0,0.0,0.0,0.0,0.0,421,150,0.0,421,150,0.0,421,150,0.0,421,150,2.0,4.0,,1,,Sandro,Tonali,Tonali,,,0,0,0,0,0,0,0,0,0,0,0,0,0,,,,0.0,0.0,0.0,0.0,0.0,0,0,0
494,u,0.0,0.0,4.5,425,32,0,0,0,0,0.4,283,37,0,0,0.0,203,41,0,0,0.0,203,41,0.0,0.0,0,0,0,2828,2828,0.0,0.0,0.0,0.0,0.0,0.0,0.0,0.0,0.0,0.0,0.0,98,31,0.0,98,31,0.0,98,31,0.0,98,31,,,,1,,Guglielmo,Vicario,Vicario,Has joined Juventus on loan for the rest of the season,,0,0,0,0,0,0,0,0,0,0,0,0,0,,,,0.0,0.0,0.0,0.0,0.0,0,0,0
495,a,,,4.0,555,58,0,0,0,0,0.9,200,28,0,0,0.0,145,21,0,0,0.0,145,21,0.0,0.0,0,371,371,182,182,1.0,1.0,0.0,0.0,0.0,0.0,0.0,0.0,0.0,0.0,0.0,25,11,0.0,25,11,0.0,25,11,0.0,25,11,,,,1,,Brandon,Austin,Austin,,,0,0,0,0,0,0,0,0,0,0,0,0,0,,,,0.0,0.0,0.0,0.0,0.0,0,0,0
496,a,,,4.5,477,41,0,0,0,0,24.3,13,2,0,0,0.0,244,47,0,0,0.0,244,47,0.0,0.0,0,3911,3911,1489,1489,1.9,1.9,0.0,0.0,0.0,0.0,0.0,0.0,0.0,0.0,0.0,150,40,0.0,150,40,0.0,150,40,0.0,150,40,,,,1,,Antonín,Kinský,Kinsky,,,0,0,0,0,0,0,0,0,0,0,0,0,0,,,,0.0,0.0,0.0,0.0,0.0,0,0,0
497,a,,,4.0,535,52,0,0,0,0,19.7,17,4,0,0,0.0,132,15,0,0,0.0,132,15,0.0,0.0,0,2608,2608,1601,1601,1.0,1.0,0.0,0.0,0.0,0.0,0.0,0.0,0.0,0.0,0.0,5,5,0.0,5,5,0.0,5,5,0.0,5,5,,,,1,,Martin,Dubravka,Dubravka,,,0,0,0,0,0,0,0,0,0,0,0,0,0,,,,0.0,0.0,0.0,0.0,0.0,0,0,0
498,a,,,6.0,73,7,0,0,0,0,8.2,51,20,0,0,0.0,529,192,0,0,0.0,529,192,0.0,0.0,0,2896,2896,2578,2578,2.8,2.8,0.0,0.0,0.0,0.0,0.0,0.0,0.0,0.0,0.0,507,191,0.0,507,191,0.0,507,191,0.0,507,191,,,,1,,Marcos,Senesi Barón,Senesi,,,0,0,0,0,0,0,0,0,0,0,0,0,0,,,,0.0,0.0,0.0,0.0,0.0,0,0,0
500,u,0.0,0.0,5.0,276,48,0,0,0,0,0.2,324,122,0,0,0.0,335,149,0,0,0.0,335,149,0.0,0.0,0,0,0,2920,2920,0.0,0.0,0.0,0.0,0.0,0.0,0.0,0.0,0.0,0.0,0.0,255,134,0.0,255,134,0.0,255,134,0.0,255,134,,,,1,,Cristian,Romero,Romero,Has joined Atletico Madrid permanently,,0,0,0,0,0,0,0,0,0,0,0,0,0,,,,0.0,0.0,0.0,0.0,0.0,0,0,0
501,a,,,5.0,239,39,0,0,0,0,0.2,359,137,0,0,0.0,306,142,0,0,0.0,306,142,0.0,0.0,0,338,338,119,119,2.2,2.2,0.0,0.0,0.0,0.0,0.0,0.0,0.0,0.0,0.0,218,125,0.0,218,125,0.0,218,125,0.0,218,125,,,,1,,Kevin,Danso,Danso,,,0,0,0,0,0,0,0,0,0,0,0,0,0,,,,0.0,0.0,0.0,0.0,0.0,0,0,0
502,a,,,4.5,415,85,0,0,0,0,4.0,81,30,0,0,0.0,194,87,0,0,0.0,194,87,0.0,0.0,0,3554,3554,556,556,1.7,1.7,0.0,0.0,0.0,0.0,0.0,0.0,0.0,0.0,0.0,88,57,0.0,88,57,0.0,88,57,0.0,88,57,3.0,,,1,,Andrew,Robertson,Robertson,,,0,0,0,0,0,0,0,0,0,0,0,0,0,,,,0.0,0.0,0.0,0.0,0.0,0,0,0
503,i,0.0,0.0,5.0,336,67,0,0,0,0,5.4,65,26,0,0,0.0,387,165,0,0,0.0,387,165,0.0,0.0,0,575,575,29807,29807,0.0,0.0,0.0,0.0,0.0,0.0,0.0,0.0,0.0,0.0,0.0,315,153,0.0,315,153,0.0,315,153,0.0,315,153,,,,1,,Micky,van de Ven,Van de Ven,Unspecified injury - Expected back 29 Aug,,0,0,0,0,0,0,0,0,0,0,0,0,0,,,,0.0,0.0,0.0,0.0,0.0,0,0,0
505,u,0.0,0.0,4.5,448,110,0,0,0,0,0.9,206,77,0,0,0.0,221,106,0,0,0.0,221,106,0.0,0.0,0,0,0,13775,13775,0.0,0.0,0.0,0.0,0.0,0.0,0.0,0.0,0.0,0.0,0.0,121,82,0.0,121,82,0.0,121,82,0.0,121,82,,,,1,,Djed,Spence,Spence,Has joined Internazionale permanently,,0,0,0,0,0,0,0,0,0,0,0,0,0,,,,0.0,0.0,0.0,0.0,0.0,0,0,0
506,a,,,4.5,478,129,0,0,0,0,0.5,247,92,0,0,0.0,245,123,0,0,0.0,245,123,0.0,0.0,0,538,538,183,183,1.7,1.7,0.0,0.0,0.0,0.0,0.0,0.0,0.0,0.0,0.0,151,101,0.0,151,101,0.0,151,101,0.0,151,101,,,,1,,Destiny,Udogie,Udogie,,,0,0,0,0,0,0,0,0,0,0,0,0,0,,,,0.0,0.0,0.0,0.0,0.0,0,0,0
507,u,0.0,0.0,4.5,499,137,0,0,0,0,0.0,527,178,0,0,0.0,264,129,0,0,0.0,264,129,0.0,0.0,0,0,0,138,138,0.0,0.0,0.0,0.0,0.0,0.0,0.0,0.0,0.0,0.0,0.0,172,109,0.0,172,109,0.0,172,109,0.0,172,109,,,,1,,Ashley,Phillips,Phillips,Has joined Middlesbrough permanently,,0,0,0,0,0,0,0,0,0,0,0,0,0,,,,0.0,0.0,0.0,0.0,0.0,0,0,0
508,a,,,4.0,541,152,0,0,0,0,1.2,179,70,0,0,0.0,137,53,0,0,0.0,137,53,0.0,0.0,0,819,819,337,337,1.0,1.0,0.0,0.0,0.0,0.0,0.0,0.0,0.0,0.0,0.0,11,4,0.0,11,4,0.0,11,4,0.0,11,4,,,,1,,Ben,Davies,Davies,,,0,0,0,0,0,0,0,0,0,0,0,0,0,,,,0.0,0.0,0.0,0.0,0.0,0,0,0
509,a,,,4.0,598,196,0,0,0,0,0.1,472,164,0,0,0.0,177,80,0,0,0.0,177,80,0.0,0.0,0,78,78,37,37,1.0,1.0,0.0,0.0,0.0,0.0,0.0,0.0,0.0,0.0,0.0,68,48,0.0,68,48,0.0,68,48,0.0,68,48,,,,1,,Jun'ai,Byfield,Byfield,,,0,0,0,0,0,0,0,0,0,0,0,0,0,,,,0.0,0.0,0.0,0.0,0.0,0,0,0
512,d,25.0,25.0,6.5,48,34,0,0,0,0,0.1,434,173,0,0,0.0,573,246,0,0,0.0,573,246,0.0,0.0,0,38,38,318,318,0.6,0.6,0.0,0.0,0.0,0.0,0.0,0.0,0.0,0.0,0.0,563,239,0.0,563,239,0.0,563,239,0.0,563,239,5.0,3.0,2.0,1,,Mohammed,Kudus,Kudus,Thigh injury - 25% chance of playing,,0,0,0,0,0,0,0,0,0,0,0,0,0,,,,0.0,0.0,0.0,0.0,0.0,0,0,0
513,i,0.0,0.0,6.0,97,62,0,0,0,0,0.0,556,232,0,0,0.0,548,227,0,0,0.0,548,227,0.0,0.0,0,22,22,70,70,0.0,0.0,0.0,0.0,0.0,0.0,0.0,0.0,0.0,0.0,0.0,531,214,0.0,531,214,0.0,531,214,0.0,531,214,6.0,2.0,3.0,1,,Xavi,Simons,Xavi,Knee injury - Unknown return date,,0,0,0,0,0,0,0,0,0,0,0,0,0,,,,0.0,0.0,0.0,0.0,0.0,0,0,0
514,a,,,6.0,99,64,0,0,0,0,0.6,243,79,0,0,0.0,550,229,0,0,0.0,550,229,0.0,0.0,0,249,249,170,170,2.1,2.1,0.0,0.0,0.0,0.0,0.0,0.0,0.0,0.0,0.0,533,216,0.0,533,216,0.0,533,216,0.0,533,216,4.0,,,1,,Mathys,Tel,Tel,,,0,0,0,0,0,0,0,0,0,0,0,0,0,,,,0.0,0.0,0.0,0.0,0.0,0,0,0
515,a,,,6.5,34,22,0,0,0,0,1.4,162,50,0,0,0.0,565,239,0,0,0.0,565,239,0.0,0.0,0,769,769,609,609,2.3,2.3,0.0,0.0,0.0,0.0,0.0,0.0,0.0,0.0,0.0,549,227,0.0,549,227,0.0,549,227,0.0,549,227,,,,1,,James,Maddison,Maddison,,,0,0,0,0,0,0,0,0,0,0,0,0,0,,,,0.0,0.0,0.0,0.0,0.0,0,0,0
516,a,,,5.5,134,83,0,0,0,0,0.2,348,124,0,0,0.0,452,169,0,0,0.0,452,169,0.0,0.0,0,80,80,116,116,2.0,2.0,0.0,0.0,0.0,0.0,0.0,0.0,0.0,0.0,0.0,399,136,0.0,399,136,0.0,399,136,0.0,399,136,,,,1,,Rodrigo,Bentancur,Bentancur,,,0,0,0,0,0,0,0,0,0,0,0,0,0,,,,0.0,0.0,0.0,0.0,0.0,0,0,0
517,i,0.0,0.0,5.5,210,132,0,0,0,0,0.0,599,263,0,0,0.0,504,203,0,0,0.0,504,203,0.0,0.0,0,1,1,5,5,0.0,0.0,0.0,0.0,0.0,0.0,0.0,0.0,0.0,0.0,0.0,475,185,0.0,475,185,0.0,475,185,0.0,475,185,,,,1,,Wilson,Odobert,Odobert,Knee injury - Unknown return date,,0,0,0,0,0,0,0,0,0,0,0,0,0,,,,0.0,0.0,0.0,0.0,0.0,0,0,0
518,i,0.0,0.0,5.0,324,189,0,0,0,0,0.3,320,112,0,0,0.0,375,122,0,0,0.0,375,122,0.0,0.0,0,9,9,1739,1739,0.0,0.0,0.0,0.0,0.0,0.0,0.0,0.0,0.0,0.0,0.0,303,76,0.0,303,76,0.0,303,76,0.0,303,76,,,,1,,Pape Matar,Sarr,P.M.Sarr,Hamstring injury - Unknown return date,,0,0,0,0,0,0,0,0,0,0,0,0,0,,,,0.0,0.0,0.0,0.0,0.0,0,0,0
519,a,,,5.5,148,91,0,0,0,0,0.3,289,97,0,0,0.0,462,176,0,0,0.0,462,176,0.0,0.0,0,162,162,163,163,2.0,2.0,0.0,0.0,0.0,0.0,0.0,0.0,0.0,0.0,0.0,413,144,0.0,413,144,0.0,413,144,0.0,413,144,,,,1,,Conor,Gallagher,Gallagher,,,0,0,0,0,0,0,0,0,0,0,0,0,0,,,,0.0,0.0,0.0,0.0,0.0,0,0,0
520,a,,,5.5,213,134,0,0,0,0,0.2,337,118,0,0,0.0,507,205,0,0,0.0,507,205,0.0,0.0,0,97,97,125,125,2.0,2.0,0.0,0.0,0.0,0.0,0.0,0.0,0.0,0.0,0.0,478,187,0.0,478,187,0.0,478,187,0.0,478,187,,,,1,,Lucas,Bergvall,Bergvall,,,0,0,0,0,0,0,0,0,0,0,0,0,0,,,,0.0,0.0,0.0,0.0,0.0,0,0,0
523,a,,,5.0,344,198,0,0,0,0,0.2,357,128,0,0,0.0,394,131,0,0,0.0,394,131,0.0,0.0,0,74,74,79,79,1.5,1.5,0.0,0.0,0.0,0.0,0.0,0.0,0.0,0.0,0.0,323,85,0.0,323,85,0.0,323,85,0.0,323,85,,,,1,,Mikey,Moore,Moore,,,0,0,0,0,0,0,0,0,0,0,0,0,0,,,,0.0,0.0,0.0,0.0,0.0,0,0,0
524,a,,,4.5,487,252,0,0,0,0,0.9,196,66,0,0,0.0,253,66,0,0,0.0,253,66,0.0,0.0,0,819,819,647,647,1.0,1.0,0.0,0.0,0.0,0.0,0.0,0.0,0.0,0.0,0.0,160,14,0.0,160,14,0.0,160,14,0.0,160,14,,,,1,,Callum,Olusesi,Olusesi,,,0,0,0,0,0,0,0,0,0,0,0,0,0,,,,0.0,0.0,0.0,0.0,0.0,0,0,0
525,a,,,6.0,104,67,0,0,0,0,2.0,122,38,0,0,0.0,555,232,0,0,0.0,555,232,0.0,0.0,0,804,804,802,802,2.1,2.1,0.0,0.0,0.0,0.0,0.0,0.0,0.0,0.0,0.0,538,219,0.0,538,219,0.0,538,219,0.0,538,219,,,,1,,Mateus,Fernandes,Fernandes,,,0,0,0,0,0,0,0,0,0,0,0,0,0,,,,0.0,0.0,0.0,0.0,0.0,0,0,0
526,a,,,6.0,61,15,0,0,0,0,1.5,158,22,0,0,0.0,520,53,0,0,0.0,520,53,0.0,0.0,0,908,908,769,769,2.0,2.0,0.0,0.0,0.0,0.0,0.0,0.0,0.0,0.0,0.0,495,47,0.0,495,47,0.0,495,47,0.0,495,47,,,1.0,1,,Dominic,Solanke-Mitchell,Solanke,,,0,0,0,0,0,0,0,0,0,0,0,0,0,,,,0.0,0.0,0.0,0.0,0.0,0,0,0
527,a,,,6.0,71,18,0,0,0,0,3.2,99,13,0,0,0.0,527,55,0,0,0.0,527,55,0.0,0.0,0,1877,1877,1060,1060,2.0,2.0,0.0,0.0,0.0,0.0,0.0,0.0,0.0,0.0,0.0,505,50,0.0,505,50,0.0,505,50,0.0,505,50,,,4.0,1,,Richarlison,de Andrade,Richarlison,,,0,0,0,0,0,0,0,0,0,0,0,0,0,,,,0.0,0.0,0.0,0.0,0.0,0,0,0
528,a,,,4.5,482,61,0,0,0,0,1.8,134,20,0,0,0.0,248,14,0,0,0.0,248,14,0.0,0.0,0,1787,1787,989,989,1.0,1.0,0.0,0.0,0.0,0.0,0.0,0.0,0.0,0.0,0.0,155,1,0.0,155,1,0.0,155,1,0.0,155,1,,,,1,,Dane,Scarlett,Scarlett,,,0,0,0,0,0,0,0,0,0,0,0,0,0,,,,0.0,0.0,0.0,0.0,0.0,0,0,0
529,a,,,5.0,341,20,0,0,0,0,4.4,72,11,1,1,1.0,76,9,0,7,1.0,76,9,0.2,0.2,0,553,553,922,922,2.6,2.6,0.0,0.0,0.0,0.06,0.0,0.0,0.0,0.42,0.0,320,62,0.0,320,62,0.0,320,62,0.0,320,62,,,,1,,Robin,Roefs,Roefs,,,15,0,0,0,0,0,0,0,0,0,1,1,0,,,,6.92,0.0,0.0,6.92,0.0,0,0,1
530,u,0.0,0.0,4.0,561,59,0,0,0,0,0.2,353,38,0,0,0.0,148,22,0,0,0.0,148,22,0.0,0.0,0,0,0,436,436,0.0,0.0,0.0,0.0,0.0,0.0,0.0,0.0,0.0,0.0,0.0,31,12,0.0,31,12,0.0,31,12,0.0,31,12,,,,1,,Anthony,Patterson,Patterson,Has joined Wrexham permanently,,0,0,0,0,0,0,0,0,0,0,0,0,0,,,,0.0,0.0,0.0,0.0,0.0,0,0,0
531,a,,,4.5,493,44,0,0,0,0,0.1,426,48,0,0,0.0,259,50,0,0,0.0,259,50,0.0,0.0,0,38,38,35,35,1.9,1.9,0.0,0.0,0.0,0.0,0.0,0.0,0.0,0.0,0.0,166,43,0.0,166,43,0.0,166,43,0.0,166,43,,,,1,,Melker,Ellborg,Ellborg,,,0,0,0,0,0,0,0,0,0,0,0,0,0,,,,0.0,0.0,0.0,0.0,0.0,0,0,0
532,a,,,5.0,280,51,0,0,0,0,5.7,64,25,1,1,1.0,70,40,0,5,1.0,70,40,0.2,0.2,0,1954,1954,828,828,2.2,2.2,0.0,0.0,0.0,0.06,0.0,0.0,0.0,0.42,0.0,259,137,0.0,259,137,0.0,259,137,0.0,259,137,,,,1,,Daniel,Ballard,Ballard,,,15,0,0,0,0,0,0,0,0,0,0,1,3,,,,0.0,0.0,0.0,6.92,20.77,1,2,0
534,a,,,4.5,479,130,0,0,0,0,7.0,57,22,1,1,1.0,58,33,0,6,1.0,58,33,0.2,0.2,0,2096,2096,963,963,1.7,1.7,0.01,0.17,0.18,0.06,0.07,1.18,1.25,0.42,0.0,152,102,0.0,152,102,0.0,152,102,0.0,152,102,3.0,,,1,,Trai,Hume,Hume,,,15,0,0,0,0,0,0,0,0,0,0,1,0,,,,0.0,0.0,0.0,6.92,0.0,0,0,0
535,a,100.0,100.0,5.0,258,42,0,0,0,0,0.5,256,96,0,0,0.0,323,145,0,0,0.0,323,145,0.0,0.0,0,476,476,196,196,2.2,2.2,0.0,0.0,0.0,0.0,0.0,0.0,0.0,0.0,0.0,237,128,0.0,237,128,0.0,237,128,0.0,237,128,,,,1,,Omar,Alderete,Alderete,,,0,0,0,0,0,0,0,0,0,0,0,0,0,,,,0.0,0.0,0.0,0.0,0.0,0,0,0
536,a,,,4.5,460,119,0,0,0,0,0.5,255,95,1,1,1.0,56,32,0,2,1.0,56,32,0.2,0.2,0,100,100,103,103,1.7,1.7,0.0,0.0,0.0,0.06,0.0,0.0,0.0,0.42,0.0,133,91,0.0,133,91,0.0,133,91,0.0,133,91,,,,1,,Reinildo,Mandava,Reinildo,,,15,0,0,0,0,0,0,0,0,0,0,1,1,,,,0.0,0.0,0.0,6.92,6.92,0,1,0
537,a,,,4.5,495,136,0,0,0,0,0.0,571,194,0,0,0.0,260,128,0,0,0.0,260,128,0.0,0.0,0,12,12,8,8,1.7,1.7,0.0,0.0,0.0,0.0,0.0,0.0,0.0,0.0,0.0,168,108,0.0,168,108,0.0,168,108,0.0,168,108,,,,1,,Jenson,Seelt,Seelt,,,0,0,0,0,0,0,0,0,0,0,0,0,0,,,,0.0,0.0,0.0,0.0,0.0,0,0,0
538,u,0.0,0.0,4.0,574,176,0,0,0,0,0.1,463,161,0,0,0.0,156,63,0,0,0.0,156,63,0.0,0.0,0,0,0,183,183,0.0,0.0,0.0,0.0,0.0,0.0,0.0,0.0,0.0,0.0,0.0,44,28,0.0,44,28,0.0,44,28,0.0,44,28,,,,1,,Leo Fuhr,Hjelde,Hjelde,Has joined KV Mechelen on loan for the rest of the season,,0,0,0,0,0,0,0,0,0,0,0,0,0,,,,0.0,0.0,0.0,0.0,0.0,0,0,0
539,a,,,4.0,545,155,0,0,0,0,3.7,84,32,1,1,1.0,35,12,0,4,1.0,35,12,0.2,0.2,0,796,796,678,678,1.0,1.0,0.0,0.0,0.0,0.06,0.0,0.0,0.0,0.42,0.0,15,7,0.0,15,7,0.0,15,7,0.0,15,7,,,,1,,Luke,O'Nien,O'Nien,,,15,0,0,0,0,0,0,0,0,0,0,1,3,,,,0.0,0.0,0.0,6.92,20.77,0,3,2
540,u,0.0,0.0,4.0,538,150,0,0,0,0,0.3,312,116,0,0,0.0,135,52,0,0,0.0,135,52,0.0,0.0,0,0,0,907,907,0.0,0.0,0.0,0.0,0.0,0.0,0.0,0.0,0.0,0.0,0.0,8,2,0.0,8,2,0.0,8,2,0.0,8,2,,,,1,,Arthur,Masuaku,Masuaku,Has joined Konyaspor permanently,,0,0,0,0,0,0,0,0,0,0,0,0,0,,,,0.0,0.0,0.0,0.0,0.0,0,0,0
541,a,100.0,100.0,4.5,404,81,0,0,0,0,0.3,290,105,1,1,1.0,46,23,0,5,1.0,46,23,0.2,0.2,0,147,147,79,79,1.7,1.7,0.0,0.0,0.0,0.06,0.0,0.0,0.0,0.42,0.0,77,53,0.0,77,53,0.0,77,53,0.0,77,53,,,,1,,Thomas,Meunier,Meunier,,,15,0,0,0,0,0,0,0,0,0,0,1,2,,,,0.0,0.0,0.0,6.92,13.85,1,1,0
542,a,,,6.0,94,59,0,0,0,0,10.3,39,14,1,1,1.0,119,48,0,6,1.0,119,48,0.2,0.2,0,1632,1632,1978,1978,2.1,2.1,0.0,0.0,0.0,0.06,0.0,0.0,0.0,0.42,0.0,528,211,0.0,528,211,0.0,528,211,0.0,528,211,1.0,2.0,2.0,1,,Enzo,Le Fée,E.Le Fée,,,15,0,0,0,0,0,0,0,0,0,0,1,2,,,,0.0,0.0,0.0,6.92,13.85,1,0,1
543,a,,,5.5,206,128,0,0,0,0,0.1,455,185,0,0,0.0,501,200,0,0,0.0,501,200,0.0,0.0,0,30,30,30,30,2.0,2.0,0.0,0.0,0.0,0.0,0.0,0.0,0.0,0.0,0.0,471,181,0.0,471,181,0.0,471,181,0.0,471,181,,,1.0,1,,Habib,Diarra,Diarra,,,0,0,0,0,0,0,0,0,0,0,0,0,0,,,,0.0,0.0,0.0,0.0,0.0,0,0,0
545,a,,,5.0,378,225,0,0,0,0,0.4,279,93,1,1,1.0,82,26,0,5,1.0,82,26,0.2,0.2,0,157,157,151,151,1.5,1.5,0.0,0.0,0.0,0.06,0.0,0.0,0.0,0.42,0.0,357,112,0.0,357,112,0.0,357,112,0.0,357,112,,,,1,,Noah,Sadiki,Sadiki,,,15,0,0,0,0,0,0,0,0,0,0,1,0,,,,0.0,0.0,0.0,6.92,0.0,0,0,0
544,a,,,5.5,114,74,0,0,0,0,4.4,75,24,1,1,1.0,86,29,0,3,1.0,86,29,0.2,0.2,0,1034,1034,1171,1171,2.0,2.0,0.0,0.0,0.0,0.06,0.0,0.0,0.0,0.42,0.0,379,127,0.0,379,127,0.0,379,127,0.0,379,127,2.0,1.0,,1,,Granit,Xhaka,Xhaka,,,15,0,0,0,0,0,0,0,0,0,0,1,1,,,,0.0,0.0,0.0,6.92,6.92,1,0,0
546,i,0.0,0.0,5.0,360,210,0,0,0,0,0.1,427,168,0,0,0.0,406,140,0,0,0.0,406,140,0.0,0.0,0,6,6,540,540,0.0,0.0,0.0,0.0,0.0,0.0,0.0,0.0,0.0,0.0,0.0,339,97,0.0,339,97,0.0,339,97,0.0,339,97,,,,1,,Simon,Adingra,Adingra,Ankle injury - Unknown return date,,0,0,0,0,0,0,0,0,0,0,0,0,0,,,,0.0,0.0,0.0,0.0,0.0,0,0,0
547,a,,,5.0,312,183,0,0,0,0,0.0,580,247,0,0,0.0,365,117,0,0,0.0,365,117,0.0,0.0,0,8,8,5,5,1.5,1.5,0.0,0.0,0.0,0.0,0.0,0.0,0.0,0.0,0.0,291,70,0.0,291,70,0.0,291,70,0.0,291,70,,,,1,,Romaine,Mundle,Mundle,,,0,0,0,0,0,0,0,0,0,0,0,0,0,,,,0.0,0.0,0.0,0.0,0.0,0,0,0
548,a,,,5.0,373,221,0,0,0,0,0.1,454,184,0,0,0.0,417,149,0,0,0.0,417,149,0.0,0.0,0,18,18,24,24,1.5,1.5,0.0,0.0,0.0,0.0,0.0,0.0,0.0,0.0,0.0,352,108,0.0,352,108,0.0,352,108,0.0,352,108,,,,1,,Chris,Rigg,Rigg,,,0,0,0,0,0,0,0,0,0,0,0,0,0,,,,0.0,0.0,0.0,0.0,0.0,0,0,0
549,a,,,5.5,208,130,0,0,0,0,0.2,327,115,0,0,0.0,503,202,0,0,0.0,503,202,0.0,0.0,0,61,61,132,132,2.0,2.0,0.0,0.0,0.0,0.0,0.0,0.0,0.0,0.0,0.0,473,183,0.0,473,183,0.0,473,183,0.0,473,183,,,,1,,Chemsdine,Talbi,Talbi,,,0,0,0,0,0,0,0,0,0,0,0,0,0,,,,0.0,0.0,0.0,0.0,0.0,0,0,0
550,a,,,5.0,396,237,0,0,0,0,0.0,583,250,0,0,0.0,434,160,0,0,0.0,434,160,0.0,0.0,0,3,3,8,8,1.5,1.5,0.0,0.0,0.0,0.0,0.0,0.0,0.0,0.0,0.0,375,124,0.0,375,124,0.0,375,124,0.0,375,124,,,,1,,Djiamgone Jocelin Ta,Bi,Jocelin.T,,,0,0,0,0,0,0,0,0,0,0,0,0,0,,,,0.0,0.0,0.0,0.0,0.0,0,0,0
551,a,,,5.0,362,212,0,0,0,0,0.1,469,190,1,1,1.0,80,24,0,3,1.0,80,24,0.2,0.2,0,63,63,26,26,1.5,1.5,0.0,0.0,0.0,0.06,0.0,0.0,0.0,0.42,0.0,341,99,0.0,341,99,0.0,341,99,0.0,341,99,,,,1,,Nilson,Angulo,Angulo,,,15,0,0,0,0,0,0,0,0,0,0,1,2,,,,0.0,0.0,0.0,6.92,13.85,0,0,2
552,a,,,6.0,82,21,0,0,0,0,14.2,29,6,1,1,1.0,116,10,0,-1,1.0,116,10,0.2,0.2,0,3660,3660,2729,2729,2.0,2.0,0.23,0.0,0.23,0.06,1.59,0.0,1.59,0.42,0.0,516,53,0.0,516,53,0.0,516,53,0.0,516,53,,,,1,,Brian,Brobbey,Brobbey,,,15,0,0,0,0,0,0,0,0,0,0,1,0,,,,0.0,0.0,0.0,6.92,0.0,0,0,0
553,a,,,5.5,160,38,0,0,0,0,1.0,192,28,0,0,0.0,469,42,0,0,0.0,469,42,0.0,0.0,0,344,344,437,437,1.8,1.8,0.0,0.0,0.0,0.0,0.0,0.0,0.0,0.0,0.0,425,34,0.0,425,34,0.0,425,34,0.0,425,34,,,,1,,Wilson,Isidor,Isidor,,,0,0,0,0,0,0,0,0,0,0,0,0,0,,,,0.0,0.0,0.0,0.0,0.0,0,0,0
