id,first_name,second_name,web_name,status,news,news_added,now_cost,now_cost_rank,now_cost_rank_type,selected_by_percent,selected_rank,selected_rank_type,form,form_rank,form_rank_type,event_points,cost_change_event,cost_change_event_fall,cost_change_start,cost_change_start_fall,transfers_in_event,transfers_out_event,value_form,value_season,ep_next,ep_this,points_per_game,points_per_game_rank,points_per_game_rank_type,chance_of_playing_next_round,chance_of_playing_this_round,influence_rank,influence_rank_type,creativity_rank,creativity_rank_type,threat_rank,threat_rank_type,ict_index_rank,ict_index_rank_type,corners_and_indirect_freekicks_order,direct_freekicks_order,penalties_order,set_piece_threat,corners_and_indirect_freekicks_text,direct_freekicks_text,penalties_text,expected_goals_per_90,expected_assists_per_90,expected_goal_involvements_per_90,expected_goals_conceded_per_90,saves_per_90,clean_sheets_per_90,goals_conceded_per_90,starts_per_90,defensive_contribution_per_90,gw,total_points,minutes,goals_scored,assists,clean_sheets,goals_conceded,own_goals,penalties_saved,penalties_missed,yellow_cards,red_cards,saves,starts,bonus,bps,transfers_in,transfers_out,dreamteam_count,expected_goals,expected_assists,expected_goal_involvements,expected_goals_conceded,influence,creativity,threat,ict_index,tackles,clearances_blocks_interceptions,recoveries,defensive_contribution
19,Martín,Zubimendi Ibáñez,Zubimendi,a,,,5.5,187,114,1.0,193,63,1.0,259,117,1,0,0,0,0,1061,13627,0.2,0.2,2.0,2.0,1.0,259,117,,,228,100,178,104,552,231,253,114,,,,,,,,0.0,0.08,0.08,0.61,0,0.0,0.0,0.0,12.27,1,1,22,0,0,0,0,0,0,0,0,0,0,0,0,3,1061,13627,0,0.0,0.02,0.02,0.15,3.8,2.3,0.0,0.6,1,0,2,3
46,Ross,Barkley,Barkley,a,,,5.0,229,141,0.2,322,111,2.0,120,53,2,0,0,0,0,1282,1624,0.4,0.4,1.5,1.5,2.0,120,53,,,170,66,58,38,103,52,107,56,4.0,,,,,,,0.12,0.02,0.14,4.38,0,0.0,4.93,1.23,1.23,1,2,73,0,0,0,4,0,0,0,0,0,0,1,0,11,1282,1624,0,0.1,0.02,0.12,3.55,9.4,21.4,7.0,3.8,0,1,0,1
47,Boubacar,Kamara,Kamara,a,,,5.0,281,167,0.4,284,94,2.0,128,57,2,0,0,0,0,1841,3109,0.4,0.4,1.5,1.5,2.0,128,57,100.0,100.0,154,53,165,97,417,150,218,97,,,,,,,,0.0,0.0,0.0,3.77,0,0.0,4.0,1.0,7.0,1,2,90,0,0,0,4,0,0,0,0,0,0,1,0,9,1841,3109,0,0.0,0.0,0.0,3.77,11.2,2.8,0.0,1.4,2,3,2,7
48,Amadou,Onana,Onana,i,Knee injury - Unknown return date,,5.0,308,181,0.0,542,224,0.0,489,195,0,0,0,0,0,106,393,0.0,0.0,0.0,0.0,0.0,489,195,0.0,0.0,478,187,488,196,441,162,494,194,,,,,,,,0.0,0.0,0.0,0.0,0,0.0,0.0,0.0,0.0,1,0,0,0,0,0,0,0,0,0,0,0,0,0,0,0,106,393,0,0.0,0.0,0.0,0.0,0.0,0.0,0.0,0.0,0,0,0,0
50,Bradley,Burrowes,Burrowes,a,,,4.5,536,266,0.7,230,75,0.0,433,164,0,0,0,0,0,2470,4444,0.0,0.0,1.0,1.0,0.0,433,164,,,422,157,428,167,369,126,438,164,,,,,,,,0.0,0.0,0.0,0.0,0,0.0,0.0,0.0,0.0,1,0,0,0,0,0,0,0,0,0,0,0,0,0,0,0,2470,4444,0,0.0,0.0,0.0,0.0,0.0,0.0,0.0,0.0,0,0,0,0
51,George,Hemmings,George Hemmings,a,,,4.5,519,259,0.7,225,73,2.0,118,52,2,0,0,0,0,4615,3197,0.4,0.4,1.0,1.0,2.0,118,52,,,158,56,111,67,164,80,154,69,,,,,,,,0.0,0.0,0.0,3.77,0,0.0,4.0,1.0,5.0,1,2,90,0,0,0,4,0,0,0,0,0,0,1,0,12,4615,3197,0,0.0,0.0,0.0,3.77,10.6,11.6,2.0,2.4,3,0,2,5
52,Alysson Edward Franco,da Rocha dos Santos,Alysson,a,,,5.0,394,235,0.0,493,205,1.0,240,107,1,0,0,0,0,259,388,0.2,0.2,1.5,1.5,1.0,240,107,,,224,97,536,226,501,200,267,123,,,,,,,,0.0,0.0,0.0,1.58,0,0.0,0.0,0.0,33.75,1,1,8,0,0,0,0,0,0,0,0,0,0,0,0,5,259,388,0,0.0,0.0,0.0,0.14,4.0,0.0,0.0,0.4,1,1,1,3
53,Johan,Manzambi,Manzambi,i,Knee injury - Unknown return date,,6.0,111,72,0.2,337,120,0.0,593,258,0,0,0,0,0,171,6600,0.0,0.0,0.0,0.0,0.0,593,258,0.0,0.0,594,257,597,259,592,254,597,259,,,,,,,,0.0,0.0,0.0,0.0,0,0.0,0.0,0.0,0.0,1,0,0,0,0,0,0,0,0,0,0,0,0,0,0,0,171,6600,0,0.0,0.0,0.0,0.0,0.0,0.0,0.0,0.0,0,0,0,0
55,Ollie,Watkins,Watkins,a,,,8.0,7,3,9.1,46,7,0.0,608,72,0,0,0,0,0,8708,138650,0.0,0.0,2.5,2.5,0.0,608,72,,,611,73,612,73,612,73,612,73,,,2.0,,,,,0.0,0.0,0.0,0.0,0,0.0,0.0,0.0,0.0,1,0,0,0,0,0,0,0,0,0,0,0,0,0,0,0,8708,138650,0,0.0,0.0,0.0,0.0,0.0,0.0,0.0,0.0,0,0,0,0
56,Tammy,Abraham,Abraham,d,Knock - 75% chance of playing,,5.5,123,32,0.1,406,60,0.0,537,56,0,0,0,0,0,386,1652,0.0,0.0,1.3,1.3,0.0,537,56,75.0,75.0,527,46,542,54,512,53,543,55,,,,,,,,0.0,0.0,0.0,0.0,0,0.0,0.0,0.0,0.0,1,0,0,0,0,0,0,0,0,0,0,0,0,0,0,0,386,1652,0,0.0,0.0,0.0,0.0,0.0,0.0,0.0,0.0,0,0,0,0
160,Alejandro,Garnacho Ferreyra,Garnacho,a,,,6.0,95,60,0.6,242,81,1.0,281,131,1,0,0,0,0,1555,6468,0.2,0.2,2.2,2.2,1.0,281,131,,,586,251,590,254,584,248,590,254,,,,,,,,0.0,0.0,0.0,3.15,0,0.0,0.0,0.0,0.0,1,1,4,0,0,0,0,0,0,0,0,0,0,0,0,2,1555,6468,0,0.0,0.0,0.0,0.14,0.0,0.0,0.0,0.0,0,0,0,0
582,Brian,Madjo,Madjo,i,Unspecified injury - Unknown return date,,5.5,224,48,0.5,263,45,0.0,576,62,0,0,0,0,0,940,5392,0.0,0.0,0.0,0.0,0.0,576,62,0.0,0.0,570,57,579,62,570,62,581,63,,,,,,,,0.0,0.0,0.0,0.0,0,0.0,0.0,0.0,0.0,1,0,0,0,0,0,0,0,0,0,0,0,0,0,0,0,940,5392,0,0.0,0.0,0.0,0.0,0.0,0.0,0.0,0.0,0,0,0,0
596,Matteo,Ruggeri,Ruggeri,a,,,4.5,482,132,0.1,411,145,1.0,201,78,1,0,0,0,0,683,682,0.2,0.2,1.7,1.7,1.0,201,78,,,222,92,383,161,320,142,262,97,,,,,,,,0.0,0.0,0.0,1.58,0,0.0,0.0,0.0,22.5,1,1,8,0,0,0,0,0,0,0,0,0,0,0,0,3,683,682,0,0.0,0.0,0.0,0.14,4.0,0.0,0.0,0.4,2,0,0,2
597,Zion,Suzuki,Suzuki,a,,,5.0,298,15,0.8,213,30,0.0,480,64,0,0,0,0,0,2762,4119,0.0,0.0,2.6,2.6,0.0,480,64,,,469,64,479,57,432,57,485,64,,,,,,,,0.0,0.0,0.0,0.0,0,0.0,0.0,0.0,0.0,1,0,0,0,0,0,0,0,0,0,0,0,0,0,0,0,2762,4119,0,0.0,0.0,0.0,0.0,0.0,0.0,0.0,0.0,0,0,0,0
606,Triston,Rowe,Rowe,a,,,4.0,598,191,0.0,495,172,0.0,336,122,0,0,0,0,0,919,137,0.0,0.0,1.0,1.0,0.0,336,122,,,323,127,323,129,245,98,340,128,,,,,,,,0.0,0.0,0.0,0.0,0,0.0,0.0,0.0,0.0,1,0,0,0,0,0,0,0,0,0,0,0,0,0,0,0,919,137,0,0.0,0.0,0.0,0.0,0.0,0.0,0.0,0.0,0,0,0,0
607,Luka,Lynch,Lynch,a,,,4.5,514,257,0.1,462,187,0.0,417,157,0,0,0,0,0,2612,463,0.0,0.0,1.0,1.0,0.0,417,157,,,406,150,412,160,351,118,422,157,,,,,,,,0.0,0.0,0.0,0.0,0,0.0,0.0,0.0,0.0,1,0,0,0,0,0,0,0,0,0,0,0,0,0,0,0,2612,463,0,0.0,0.0,0.0,0.0,0.0,0.0,0.0,0.0,0,0,0,0
611,Aaron,Wan-Bissaka,Wan-Bissaka,a,,,4.5,437,100,0.0,586,199,0.0,368,139,0,0,0,0,0,266,19,0.0,0.0,1.7,1.7,0.0,368,139,,,355,144,359,148,287,122,372,145,,,,,,,,0.0,0.0,0.0,0.0,0,0.0,0.0,0.0,0.0,1,0,0,0,0,0,0,0,0,0,0,0,0,0,0,0,266,19,0,0.0,0.0,0.0,0.0,0.0,0.0,0.0,0.0,0,0,0,0
57,Đorđe,Petrović,Petrović,a,,,4.5,468,38,3.3,100,15,2.0,115,10,2,0,0,0,0,13741,7592,0.4,0.4,1.9,1.9,2.0,115,10,,,36,3,377,37,310,37,111,3,,,,,,,,0.0,0.0,0.0,2.25,4,0.0,2.0,1.0,0.0,1,2,90,0,0,0,2,0,0,0,0,0,4,1,0,13,13741,7592,0,0.0,0.0,0.0,2.25,36.8,0.0,0.0,3.7,0,2,5,0
58,Fraser,Forster,Forster,a,,,4.0,540,49,3.2,101,16,0.0,294,22,0,0,0,0,0,5469,6191,0.0,0.0,1.0,1.0,0.0,294,22,,,281,22,278,2,196,2,297,22,,,,,,,,0.0,0.0,0.0,0.0,0,0.0,0.0,0.0,0.0,1,0,0,0,0,0,0,0,0,0,0,0,0,0,0,0,5469,6191,0,0.0,0.0,0.0,0.0,0.0,0.0,0.0,0.0,0,0,0,0
59,Will,Dennis,Dennis,a,,,4.0,573,61,0.2,344,38,0.0,316,34,0,0,0,0,0,891,536,0.0,0.0,1.0,1.0,0.0,316,34,,,303,34,303,14,222,14,320,34,,,,,,,,0.0,0.0,0.0,0.0,0,0.0,0.0,0.0,0.0,1,0,0,0,0,0,0,0,0,0,0,0,0,0,0,0,891,536,0,0.0,0.0,0.0,0.0,0.0,0.0,0.0,0.0,0,0,0,0
60,James,Hill,Hill,a,,,5.5,175,24,0.9,207,76,1.0,257,95,1,0,0,0,0,5299,4081,0.2,0.2,2.5,2.5,1.0,257,95,,,148,70,264,96,546,195,229,87,,,,,,,,0.0,0.0,0.0,2.25,0,0.0,2.0,1.0,6.0,1,1,90,0,0,0,2,0,0,0,0,0,0,1,0,0,5299,4081,0,0.0,0.0,0.0,2.25,11.6,0.3,0.0,1.2,1,5,1,6
61,Adrien,Truffert,Truffert,a,,,5.5,192,28,4.3,75,31,1.0,263,96,1,0,0,0,0,12538,15227,0.2,0.2,2.5,2.5,1.0,263,96,,,110,49,211,68,554,196,200,78,,,,,,,,0.0,0.0,0.0,2.25,0,0.0,2.0,1.0,7.0,1,1,90,0,0,0,2,0,0,0,0,0,0,1,0,0,12538,15227,0,0.0,0.0,0.0,2.25,15.4,1.3,0.0,1.7,2,5,7,7
62,Bafodé,Diakité,Diakité,a,,,5.0,291,52,0.2,343,130,0.0,476,178,0,0,0,0,0,2032,1573,0.0,0.0,2.2,2.2,0.0,476,178,,,465,185,474,185,425,172,481,185,,,,,,,,0.0,0.0,0.0,0.0,0,0.0,0.0,0.0,0.0,1,0,0,0,0,0,0,0,0,0,0,0,0,0,0,0,2032,1573,0,0.0,0.0,0.0,0.0,0.0,0.0,0.0,0.0,0,0,0,0
63,Veljko,Milosavljevic,Milosavljević,i,Unspecified injury - Unknown return date,,5.0,388,77,0.0,579,196,0.0,531,190,0,0,0,0,0,56,207,0.0,0.0,0.0,0.0,0.0,531,190,0.0,0.0,520,196,532,196,496,188,536,196,,,,,,,,0.0,0.0,0.0,0.0,0,0.0,0.0,0.0,0.0,1,0,0,0,0,0,0,0,0,0,0,0,0,0,0,0,56,207,0,0.0,0.0,0.0,0.0,0.0,0.0,0.0,0.0,0,0,0,0
64,Adam,Smith,Smith,a,,,4.5,399,79,0.1,400,141,1.0,182,62,1,0,0,0,0,1582,586,0.2,0.2,1.7,1.7,1.0,182,62,,,188,83,238,85,259,111,242,92,,,,,,,,0.0,0.0,0.0,2.25,0,0.0,2.0,1.0,5.0,1,1,90,0,0,0,2,0,0,0,0,0,0,1,0,4,1582,586,0,0.0,0.0,0.0,2.25,7.0,0.6,0.0,0.8,1,4,3,5
65,Julián,Araujo Zúñiga,J.Araujo,i,Thigh injury - Unknown return date,,4.5,463,121,0.0,556,193,0.0,384,152,0,0,0,0,0,68,381,0.0,0.0,0.0,0.0,0.0,384,152,0.0,0.0,370,156,374,159,307,137,387,157,,,,,,,,0.0,0.0,0.0,0.0,0,0.0,0.0,0.0,0.0,1,0,0,0,0,0,0,0,0,0,0,0,0,0,0,0,68,381,0,0.0,0.0,0.0,0.0,0.0,0.0,0.0,0.0,0,0,0,0
66,Julio,Soler Barreto,Soler,d,Hamstring injury - 75% chance of playing,,4.0,600,193,0.2,350,132,0.0,337,123,0,0,0,0,0,281,1706,0.0,0.0,0.8,0.8,0.0,337,123,75.0,75.0,324,128,324,130,247,100,341,129,,,,,,,,0.0,0.0,0.0,0.0,0,0.0,0.0,0.0,0.0,1,0,0,0,0,0,0,0,0,0,0,0,0,0,0,0,281,1706,0,0.0,0.0,0.0,0.0,0.0,0.0,0.0,0.0,0,0,0,0
67,Rayan Vitor,Simplício Rocha,Rayan,a,,,6.5,50,35,2.8,107,35,2.0,164,81,2,0,0,0,0,14294,13400,0.3,0.3,2.3,2.3,2.0,164,81,,,200,81,118,70,62,32,117,58,,,,,,,,0.04,0.03,0.07,2.11,0,0.0,1.02,1.02,1.02,1,2,88,0,0,0,1,0,0,0,0,0,0,1,0,9,14294,13400,0,0.04,0.03,0.07,2.06,6.2,11.3,17.0,3.5,0,1,0,1
68,Marcus,Tavernier,Tavernier,a,,,6.0,66,44,2.1,124,37,10.0,18,9,10,0,0,0,0,42181,6441,1.7,1.7,2.2,2.2,10.0,18,9,,,27,14,70,43,53,28,36,21,1.0,1.0,3.0,,,,,0.4,0.08,0.48,2.25,0,0.0,2.0,1.0,8.0,1,10,90,1,0,0,2,0,0,0,0,0,0,1,3,32,42181,6441,0,0.4,0.08,0.48,2.25,40.0,17.2,18.0,7.5,2,2,4,8
69,Alex,Scott,Scott,a,,,6.0,98,63,1.5,164,49,2.0,157,77,2,0,0,0,0,5012,7981,0.3,0.3,2.2,2.2,2.0,157,77,,,152,52,147,87,587,251,205,93,2.0,4.0,,,,,,0.0,0.01,0.01,2.25,0,0.0,2.0,1.0,11.0,1,2,90,0,0,0,2,0,0,0,0,0,0,1,0,17,5012,7981,0,0.0,0.01,0.01,2.25,11.4,4.8,0.0,1.6,4,1,6,11
70,Justin,Kluivert,Kluivert,a,,,6.0,74,47,1.2,181,59,3.0,104,46,3,0,0,0,0,8642,5680,0.5,0.5,2.2,2.2,3.0,104,46,,,156,55,87,55,60,31,99,51,3.0,2.0,2.0,,,,,0.13,0.0,0.13,2.36,0,1.22,0.0,1.22,10.95,1,3,74,0,0,1,0,0,0,0,0,0,0,1,0,15,8642,5680,0,0.11,0.0,0.11,1.94,11.0,14.3,17.0,4.2,3,1,5,9
71,Lewis,Cook,Cook,a,,,5.0,244,147,0.2,369,138,3.0,86,34,3,0,0,0,0,1847,1027,0.6,0.6,1.5,1.5,3.0,86,34,,,216,92,184,107,388,136,245,108,5.0,,,,,,,0.0,0.0,0.0,2.33,0,1.2,0.0,1.2,8.4,1,3,75,0,0,1,0,0,0,0,0,0,0,1,0,8,1847,1027,0,0.0,0.0,0.0,1.94,4.6,2.1,0.0,0.7,1,3,3,7
72,Ben,Gannon-Doak,Gannon-Doak,a,,,5.0,340,197,0.1,434,173,1.0,222,95,1,0,0,0,0,266,564,0.2,0.2,1.5,1.5,1.0,222,95,,,276,131,275,143,171,84,282,133,,,,,,,,0.0,0.0,0.0,17.1,0,0.0,90.0,0.0,90.0,1,1,1,0,0,0,1,0,0,0,0,0,0,0,0,3,266,564,0,0.0,0.0,0.0,0.19,0.2,0.1,2.0,0.2,0,0,1,1
73,Tyler,Adams,Adams,a,,,5.0,257,156,0.2,334,118,1.0,212,91,1,0,0,0,0,1782,2069,0.2,0.2,1.5,1.1,1.0,212,91,100.0,75.0,231,101,239,127,400,144,263,119,,,,,,,,0.0,0.0,0.0,1.86,0,0.0,12.0,0.0,18.0,1,1,15,0,0,0,2,0,0,0,0,0,0,0,0,4,1782,2069,0,0.0,0.0,0.0,0.31,3.6,0.6,0.0,0.4,0,3,0,3
74,David,Brooks,Brooks,a,,,5.0,236,142,0.1,486,200,0.0,444,169,0,0,0,0,0,317,464,0.0,0.0,1.5,1.1,0.0,444,169,100.0,75.0,433,162,440,172,381,131,449,169,4.0,3.0,,,,,,0.0,0.0,0.0,0.0,0,0.0,0.0,0.0,0.0,1,0,0,0,0,0,0,0,0,0,0,0,0,0,0,0,317,464,0,0.0,0.0,0.0,0.0,0.0,0.0,0.0,0.0,0,0,0,0
75,Ryan,Christie,Christie,a,,,5.0,245,148,0.0,560,232,0.0,450,174,0,0,0,0,0,301,123,0.0,0.0,1.5,0.0,0.0,450,174,100.0,0.0,440,167,448,177,389,137,456,174,6.0,,,,,,,0.0,0.0,0.0,0.0,0,0.0,0.0,0.0,0.0,1,0,0,0,0,0,0,0,0,0,0,0,0,0,0,0,301,123,0,0.0,0.0,0.0,0.0,0.0,0.0,0.0,0.0,0,0,0,0
76,Alex,Tóth,Tóth.A,a,,,5.0,387,231,0.0,562,234,1.0,236,104,1,0,0,0,0,68,90,0.2,0.2,1.5,1.5,1.0,236,104,,,238,107,243,129,495,196,278,131,,,,,,,,0.0,0.0,0.0,1.86,0,0.0,12.0,0.0,12.0,1,1,15,0,0,0,2,0,0,0,0,0,0,0,0,5,68,90,0,0.0,0.0,0.0,0.31,2.8,0.6,0.0,0.3,1,0,1,2
77,Amine,Adli,Adli,i,Unspecified injury - Unknown return date,,5.0,332,192,0.0,538,222,0.0,503,204,0,0,0,0,0,33,727,0.0,0.0,0.0,0.0,0.0,503,204,0.0,0.0,491,196,503,205,460,172,507,203,,,,,,,,0.0,0.0,0.0,0.0,0,0.0,0.0,0.0,0.0,1,0,0,0,0,0,0,0,0,0,0,0,0,0,0,0,33,727,0,0.0,0.0,0.0,0.0,0.0,0.0,0.0,0.0,0,0,0,0
78,Junior,Kroupi,Kroupi.Jr,i,Foot injury - Unknown return date,,7.5,22,13,0.4,282,93,0.0,607,267,0,0,0,0,0,356,9596,0.0,0.0,0.0,0.0,0.0,607,267,0.0,0.0,610,267,611,268,611,268,611,268,,,1.0,,,,,0.0,0.0,0.0,0.0,0,0.0,0.0,0.0,0.0,1,0,0,0,0,0,0,0,0,0,0,0,0,0,0,0,356,9596,0,0.0,0.0,0.0,0.0,0.0,0.0,0.0,0.0,0,0,0,0
22,Ethan,Nwaneri,Nwaneri,a,,,5.5,196,121,0.0,573,242,0.0,567,243,0,0,0,0,0,50,228,0.0,0.0,2.0,2.0,0.0,567,243,,,558,237,571,245,557,235,571,243,,,,,,,,0.0,0.0,0.0,0.0,0,0.0,0.0,0.0,0.0,1,0,0,0,0,0,0,0,0,0,0,0,0,0,0,0,50,228,0,0.0,0.0,0.0,0.0,0.0,0.0,0.0,0.0,0,0,0,0
23,Fábio,Ferreira Vieira,Fábio Vieira,a,,,5.5,161,100,0.0,584,249,0.0,555,235,0,0,0,0,0,49,153,0.0,0.0,2.0,2.0,0.0,555,235,,,544,229,557,237,535,222,558,235,,,,,,,,0.0,0.0,0.0,0.0,0,0.0,0.0,0.0,0.0,1,0,0,0,0,0,0,0,0,0,0,0,0,0,0,0,49,153,0,0.0,0.0,0.0,0.0,0.0,0.0,0.0,0.0,0,0,0,0
79,Francisco Evanilson,de Lima Barbosa,Evanilson,a,,,6.0,84,22,2.7,108,15,4.0,79,9,4,0,0,0,0,39332,10465,0.7,0.7,2.0,2.0,4.0,79,9,,,88,9,108,12,185,29,124,14,,,,,,,,0.0,0.26,0.26,2.36,0,1.22,0.0,1.22,9.73,1,4,74,0,1,1,0,0,0,0,1,0,0,1,0,17,39332,10465,0,0.0,0.21,0.21,1.94,19.4,11.9,2.0,3.3,1,4,3,8
80,Enes,Ünal,Enes Ünal,u,Has joined Getafe permanently,,5.5,120,30,0.0,530,69,0.0,536,55,0,0,0,0,0,0,785,0.0,0.0,0.0,0.0,0.0,536,55,0.0,0.0,526,45,541,53,511,52,542,54,,,,,,,,0.0,0.0,0.0,0.0,0,0.0,0.0,0.0,0.0,1,0,0,0,0,0,0,0,0,0,0,0,0,0,0,0,0,785,0,0.0,0.0,0.0,0.0,0.0,0.0,0.0,0.0,0,0,0,0
81,Álvaro,Rodríguez,Rodríguez,a,,,6.0,106,28,0.1,408,61,0.0,589,67,0,0,0,0,0,573,804,0.0,0.0,2.0,1.5,0.0,589,67,100.0,75.0,590,67,594,68,589,68,594,68,,,,,,,,0.0,0.0,0.0,0.0,0,0.0,0.0,0.0,0.0,1,0,0,0,0,0,0,0,0,0,0,0,0,0,0,0,573,804,0,0.0,0.0,0.0,0.0,0.0,0.0,0.0,0.0,0,0,0,0
566,António João,Pereira de Albuquerque Tavares da Silva,Silva,a,,,5.0,326,64,0.3,289,107,2.0,131,47,2,0,0,0,0,3692,1203,0.4,0.4,2.2,2.2,2.0,131,47,,,52,20,260,95,454,179,126,48,,,,,,,,0.0,0.0,0.0,2.25,0,0.0,2.0,1.0,13.0,1,2,90,0,0,0,2,0,0,0,1,0,0,1,0,5,3692,1203,0,0.0,0.0,0.0,2.25,31.4,0.3,0.0,3.2,0,13,1,13
608,Daniel,Jebbison,Jebbison,a,,,5.0,358,58,0.0,532,70,1.0,230,21,1,0,0,0,0,1219,185,0.2,0.2,1.4,1.4,1.0,230,21,,,235,17,230,26,57,12,171,18,,,,,,,,0.6,0.0,0.6,1.86,0,0.0,12.0,0.0,6.0,1,1,15,0,0,0,2,0,0,0,0,0,0,0,0,6,1219,185,0,0.1,0.0,0.1,0.31,3.4,0.8,17.0,2.1,0,0,1,1
82,Caoimhín,Kelleher,Kelleher,a,,,5.0,256,11,6.3,60,8,7.0,36,3,7,0,0,0,0,46794,10510,1.4,1.4,2.6,2.6,7.0,36,3,,,51,6,456,53,399,53,128,6,,,,,,,,0.0,0.01,0.01,0.57,4,1.0,0.0,1.0,0.0,1,7,90,0,0,1,0,0,0,0,0,0,4,1,0,34,46794,10510,0,0.0,0.01,0.01,0.57,31.4,0.0,0.0,3.1,0,0,5,0
83,Hákon Rafn,Valdimarsson,Valdimarsson,a,,,4.5,493,43,0.1,410,45,0.0,399,54,0,0,0,0,0,413,530,0.0,0.0,1.9,1.9,0.0,399,54,,,387,54,394,42,331,42,403,54,,,,,,,,0.0,0.0,0.0,0.0,0,0.0,0.0,0.0,0.0,1,0,0,0,0,0,0,0,0,0,0,0,0,0,0,0,413,530,0,0.0,0.0,0.0,0.0,0.0,0.0,0.0,0.0,0,0,0,0
84,Nathan,Collins,Collins,a,,,5.5,158,19,2.0,125,51,6.0,56,24,6,0,0,0,0,15765,5125,1.1,1.1,2.5,2.5,6.0,56,24,,,147,69,57,17,58,16,77,26,,,,,,,,0.34,0.04,0.38,0.57,0,1.0,0.0,1.0,3.0,1,6,90,0,0,1,0,0,0,0,0,0,0,1,0,21,15765,5125,0,0.34,0.04,0.38,0.57,11.6,21.5,17.0,5.0,0,3,3,3
85,Sepp,van den Berg,Van den Berg,i,Groin injury - Unknown return date,,5.0,305,57,0.1,403,143,0.0,486,181,0,0,0,0,0,116,2999,0.0,0.0,0.0,0.0,0.0,486,181,0.0,0.0,475,188,485,188,438,176,491,188,,,,,,,,0.0,0.0,0.0,0.0,0,0.0,0.0,0.0,0.0,1,0,0,0,0,0,0,0,0,0,0,0,0,0,0,0,116,2999,0,0.0,0.0,0.0,0.0,0.0,0.0,0.0,0.0,0,0,0,0
86,Keane,Lewis-Potter,Lewis-Potter,a,,,5.5,154,95,0.8,216,71,10.0,17,8,10,0,0,0,0,24952,3693,1.8,1.8,2.0,2.0,10.0,17,8,,,12,8,76,47,49,25,29,19,,1.0,,,,,,0.77,0.12,0.89,0.57,0,1.0,0.0,1.0,10.0,1,10,90,1,0,1,0,0,0,0,0,0,0,1,2,37,24952,3693,0,0.77,0.12,0.89,0.57,47.2,15.9,19.0,8.2,1,4,5,10
87,Kristoffer,Ajer,Ajer,a,,,4.5,429,94,3.8,86,34,8.0,30,12,8,0,0,0,0,34038,6662,1.8,1.8,1.7,1.7,8.0,30,12,,,84,38,223,74,21,5,60,18,,,,,,,,0.11,0.02,0.13,0.57,0,1.0,0.0,1.0,10.0,1,8,90,0,0,1,0,0,0,0,0,0,0,1,0,29,34038,6662,0,0.11,0.02,0.13,0.57,20.0,0.9,35.0,5.6,2,8,3,10
88,Michael,Kayode,Kayode,a,,,4.5,528,147,6.1,61,23,13.0,6,4,13,0,0,0,0,210184,10837,2.9,2.9,1.7,1.7,13.0,6,4,,,39,13,197,62,10,1,31,6,,,,,,,,0.6,0.0,0.6,0.56,0,1.2,0.0,1.2,4.8,1,13,75,1,0,1,0,0,0,0,0,0,0,1,1,36,210184,10837,0,0.5,0.0,0.5,0.47,33.8,1.5,46.0,8.1,0,4,5,4
89,Rico,Henry,Henry,a,,,4.5,430,95,0.3,315,118,0.0,364,137,0,0,0,0,0,399,1337,0.0,0.0,1.7,1.7,0.0,364,137,,,351,142,355,146,282,119,368,143,,,,,,,,0.0,0.0,0.0,0.0,0,0.0,0.0,0.0,0.0,1,0,0,0,0,0,0,0,0,0,0,0,0,0,0,0,399,1337,0,0.0,0.0,0.0,0.0,0.0,0.0,0.0,0.0,0,0,0,0
90,Aaron,Hickey,Hickey,a,,,4.5,475,128,0.1,448,160,1.0,197,75,1,0,0,0,0,383,348,0.2,0.2,1.7,1.7,1.0,197,75,,,376,159,257,93,315,140,392,159,,,,,,,,0.0,0.0,0.0,0.64,0,0.0,0.0,0.0,0.0,1,1,14,0,0,0,0,0,0,0,0,0,0,0,0,2,383,348,0,0.0,0.0,0.0,0.1,0.0,0.3,0.0,0.0,0,0,2,0
91,Ethan,Pinnock,Pinnock,a,,,4.5,447,109,0.1,445,158,0.0,373,143,0,0,0,0,0,288,615,0.0,0.0,1.7,1.7,0.0,373,143,,,360,148,364,152,294,128,377,149,,,,,,,,0.0,0.0,0.0,0.0,0,0.0,0.0,0.0,0.0,1,0,0,0,0,0,0,0,0,0,0,0,0,0,0,0,288,615,0,0.0,0.0,0.0,0.0,0.0,0.0,0.0,0.0,0,0,0,0
92,Kim,Ji-soo,Ji-soo,a,,,4.5,513,141,0.0,548,190,0.0,416,161,0,0,0,0,0,85,127,0.0,0.0,1.7,1.7,0.0,416,161,,,405,167,411,168,350,150,421,167,,,,,,,,0.0,0.0,0.0,0.0,0,0.0,0.0,0.0,0.0,1,0,0,0,0,0,0,0,0,0,0,0,0,0,0,0,85,127,0,0.0,0.0,0.0,0.0,0.0,0.0,0.0,0.0,0,0,0,0
93,Jannik,Schuster,Schuster,a,,,4.5,494,135,0.2,364,137,0.0,400,157,0,0,0,0,0,108,727,0.0,0.0,1.7,1.7,0.0,400,157,,,388,163,395,164,332,145,404,163,,,,,,,,0.0,0.0,0.0,0.0,0,0.0,0.0,0.0,0.0,1,0,0,0,0,0,0,0,0,0,0,0,0,0,0,0,108,727,0,0.0,0.0,0.0,0.0,0.0,0.0,0.0,0.0,0,0,0,0
94,Kevin,Schade,Schade,a,,,6.0,100,65,3.5,94,30,3.0,105,47,3,0,0,0,0,13035,14773,0.5,0.5,2.2,2.2,3.0,105,47,,,120,39,110,66,2,1,28,18,,,2.0,,,,,0.52,0.01,0.53,0.57,0,1.0,0.0,1.0,9.0,1,3,90,0,0,1,0,0,0,0,0,0,0,1,0,17,13035,14773,0,0.52,0.01,0.53,0.57,14.4,11.8,59.0,8.5,3,1,5,9
95,Dango,Ouattara,O.Dango,a,,,6.5,53,37,1.2,184,60,3.0,107,49,3,0,0,0,0,4511,6064,0.5,0.5,2.3,2.3,3.0,107,49,,,268,125,26,21,70,38,85,45,2.0,,,,,,,0.07,0.4,0.47,0.64,0,1.36,0.0,1.36,8.18,1,3,66,0,0,1,0,0,0,0,0,0,0,1,0,6,4511,6064,0,0.05,0.29,0.34,0.47,1.0,30.8,15.0,4.7,0,2,4,6
96,Mikkel,Damsgaard,Damsgaard,a,,,5.5,162,101,0.6,246,82,1.0,254,116,1,0,0,0,0,1265,4690,0.2,0.2,2.0,2.0,1.0,254,116,,,183,72,41,28,536,223,120,60,3.0,3.0,,,,,,0.0,0.71,0.71,0.64,0,0.0,0.0,0.0,25.71,1,1,14,0,0,0,0,0,0,0,0,0,0,0,0,6,1265,4690,0,0.0,0.11,0.11,0.1,7.6,26.3,0.0,3.4,1,0,3,4
97,Mathias,Jensen,Jensen,a,,,5.5,138,85,0.2,333,117,6.0,55,24,6,0,0,0,0,2186,800,1.1,1.1,2.0,2.0,6.0,55,24,,,138,46,9,8,77,42,43,25,1.0,2.0,3.0,,,,,0.11,0.46,0.57,0.64,0,1.36,0.0,1.36,6.82,1,6,66,0,1,1,0,0,0,0,0,0,0,1,0,22,2186,800,0,0.08,0.34,0.42,0.47,12.6,46.2,13.0,7.2,2,0,3,5
98,Vitaly,Janelt,Janelt,a,,,5.0,260,158,0.3,297,100,9.0,20,10,9,0,0,0,0,16086,2101,1.8,1.8,1.5,1.5,9.0,20,10,,,3,3,18,15,39,22,8,7,4.0,,,,,,,0.39,0.17,0.56,0.57,0,1.0,0.0,1.0,13.0,1,9,90,1,0,1,0,0,0,0,1,0,0,1,0,35,16086,2101,0,0.39,0.17,0.56,0.57,53.2,38.8,24.0,11.6,4,6,3,13
99,Antoni,Milambo,Milambo,i,Knee injury - Unknown return date,,5.0,367,216,0.0,607,265,0.0,521,215,0,0,0,0,0,21,33,0.0,0.0,0.0,0.0,0.0,521,215,0.0,0.0,509,207,522,216,480,184,525,214,,,,,,,,0.0,0.0,0.0,0.0,0,0.0,0.0,0.0,0.0,1,0,0,0,0,0,0,0,0,0,0,0,0,0,0,0,21,33,0,0.0,0.0,0.0,0.0,0.0,0.0,0.0,0.0,0,0,0,0
100,Fábio,Freitas Gouveia Carvalho,Carvalho,a,,,5.0,292,174,0.0,568,240,0.0,477,189,0,0,0,0,0,32,186,0.0,0.0,1.5,1.1,0.0,477,189,100.0,75.0,466,181,475,190,426,155,482,188,,,,,,,,0.0,0.0,0.0,0.0,0,0.0,0.0,0.0,0.0,1,0,0,0,0,0,0,0,0,0,0,0,0,0,0,0,32,186,0,0.0,0.0,0.0,0.0,0.0,0.0,0.0,0.0,0,0,0,0
102,Yehor,Yarmoliuk,Yarmoliuk,a,,,5.0,349,202,1.2,177,55,1.0,226,97,1,0,0,0,0,500,7905,0.2,0.2,1.5,1.5,1.0,226,97,,,246,111,229,126,150,77,252,113,,,,,,,,0.16,0.0,0.16,0.39,0,0.0,0.0,0.0,23.48,1,1,23,0,0,0,0,0,0,0,0,0,0,0,0,7,500,7905,0,0.04,0.0,0.04,0.1,2.2,0.8,3.0,0.6,2,1,3,6
103,Josh,Dasilva,Dasilva,a,,,5.0,253,153,0.0,533,220,0.0,455,177,0,0,0,0,0,122,218,0.0,0.0,1.5,1.5,0.0,455,177,,,446,171,454,180,397,142,462,178,,,,,,,,0.0,0.0,0.0,0.0,0,0.0,0.0,0.0,0.0,1,0,0,0,0,0,0,0,0,0,0,0,0,0,0,0,122,218,0,0.0,0.0,0.0,0.0,0.0,0.0,0.0,0.0,0,0,0,0
105,Jaidon,Anthony,Anthony,a,,,6.0,85,54,0.2,371,140,1.0,279,130,1,0,0,0,0,989,1419,0.2,0.2,2.2,2.2,1.0,279,130,,,160,58,21,16,192,98,84,44,,,,,,,,0.12,1.37,1.49,0.39,0,0.0,0.0,0.0,31.3,1,1,23,0,0,0,0,0,0,0,0,0,0,0,0,9,989,1419,0,0.03,0.35,0.38,0.1,10.6,34.9,1.0,4.7,2,0,6,8
106,Igor Thiago,Nascimento Rodrigues,Thiago,a,,,8.0,12,4,17.0,23,4,0.0,609,73,0,0,0,0,0,58586,79584,0.0,0.0,2.5,2.5,0.0,609,73,,,250,20,153,19,102,21,221,21,,,1.0,,,,,1.1,0.09,1.19,0.55,0,1.1,0.0,1.1,5.49,1,0,82,0,0,1,0,0,0,1,0,0,0,1,0,-3,58586,79584,0,1.0,0.08,1.08,0.5,2.2,4.0,8.0,1.4,0,1,4,5
107,Kaye,Furo,Furo,a,,,4.5,523,70,0.9,205,34,0.0,423,42,0,0,0,0,0,5170,5289,0.0,0.0,1.0,1.0,0.0,423,42,,,412,32,418,39,358,38,428,41,,,,,,,,0.0,0.0,0.0,0.0,0,0.0,0.0,0.0,0.0,1,0,0,0,0,0,0,0,0,0,0,0,0,0,0,0,5170,5289,0,0.0,0.0,0.0,0.0,0.0,0.0,0.0,0.0,0,0,0,0
108,Callum,Wilson,Wilson,a,,,5.5,113,29,0.4,279,47,1.0,243,22,1,0,0,0,0,2538,2985,0.2,0.2,1.8,1.8,1.0,243,22,,,248,19,122,15,125,23,192,19,,,,,,,,0.39,0.51,0.9,0.9,0,0.0,0.0,0.0,0.0,1,1,7,0,0,0,0,0,0,0,0,0,0,0,0,4,2538,2985,0,0.03,0.04,0.07,0.07,2.2,10.3,5.0,1.8,0,0,0,0
565,Mamadou,Sangaré,M.Sangaré,a,,,5.5,200,124,6.6,58,20,14.0,5,2,14,0,0,0,0,270915,11644,2.5,2.5,2.0,2.0,14.0,5,2,,,50,21,56,37,44,23,39,23,,,,,,,,0.06,0.4,0.46,0.56,0,1.2,0.0,1.2,15.6,1,14,75,0,2,1,0,0,0,0,0,0,0,1,3,41,270915,11644,0,0.05,0.33,0.38,0.47,31.6,21.8,21.0,7.4,2,4,7,13
109,Bart,Verbruggen,Verbruggen,a,,,4.5,483,42,21.6,14,3,6.0,50,5,6,0,0,0,0,51112,24199,1.3,1.3,1.9,1.9,6.0,50,5,,,195,20,384,41,321,41,244,20,,,,,,,,0.0,0.0,0.0,0.29,0,1.0,0.0,1.0,0.0,1,6,90,0,0,1,0,0,0,0,0,0,0,1,0,25,51112,24199,0,0.0,0.0,0.0,0.29,6.6,0.0,0.0,0.7,0,0,4,0
111,Jason,Steele,Steele,a,,,4.0,541,50,4.1,80,12,0.0,295,23,0,0,0,0,0,6249,8161,0.0,0.0,1.0,1.0,0.0,295,23,,,282,23,279,3,197,3,298,23,,,,,,,,0.0,0.0,0.0,0.0,0,0.0,0.0,0.0,0.0,1,0,0,0,0,0,0,0,0,0,0,0,0,0,0,0,6249,8161,0,0.0,0.0,0.0,0.0,0.0,0.0,0.0,0.0,0,0,0,0
113,Ferdi,Kadıoğlu,F.Kadıoğlu,d,Unspecified injury - 75% chance of playing,,4.5,448,110,2.5,116,47,0.0,374,144,0,0,0,0,0,1984,35421,0.0,0.0,1.3,1.7,0.0,374,144,75.0,,361,149,365,153,295,129,378,150,3.0,,,,,,,0.0,0.0,0.0,0.0,0,0.0,0.0,0.0,0.0,1,0,0,0,0,0,0,0,0,0,0,0,0,0,0,0,1984,35421,0,0.0,0.0,0.0,0.0,0.0,0.0,0.0,0.0,0,0,0,0
114,Olivier,Boscagli,Boscagli,a,,,4.5,434,98,0.3,316,119,6.0,45,18,6,0,0,0,0,2086,780,1.3,1.3,1.7,1.7,6.0,45,18,,,112,51,130,39,114,33,133,51,,,,,,,,0.0,0.04,0.04,0.29,0,1.0,0.0,1.0,6.0,1,6,90,0,0,1,0,0,0,0,0,0,0,1,0,29,2086,780,0,0.0,0.04,0.04,0.29,15.2,7.3,6.0,2.9,1,5,4,6
115,Maxim,De Cuyper,De Cuyper,a,,,4.5,472,126,5.9,64,25,17.0,1,1,17,0,0,0,0,330411,10374,3.8,3.8,1.7,1.7,17.0,1,1,,,26,9,10,2,11,2,4,1,2.0,4.0,,,,,,1.72,0.25,1.97,0.34,0,1.17,0.0,1.17,4.68,1,17,77,1,1,1,0,0,0,0,0,0,0,1,2,46,330411,10374,0,1.47,0.21,1.68,0.29,40.6,45.3,43.0,12.9,3,1,3,4
117,Diego,Coppola,Coppola,a,,,4.5,505,139,0.0,551,191,0.0,410,160,0,0,0,0,0,123,141,0.0,0.0,1.7,1.7,0.0,410,160,,,398,166,405,167,343,149,414,166,,,,,,,,0.0,0.0,0.0,0.0,0,0.0,0.0,0.0,0.0,1,0,0,0,0,0,0,0,0,0,0,0,0,0,0,0,123,141,0,0.0,0.0,0.0,0.0,0.0,0.0,0.0,0.0,0,0,0,0
118,Igor Julio,dos Santos de Paulo,Igor,a,,,4.5,442,104,0.1,435,152,0.0,372,142,0,0,0,0,0,354,559,0.0,0.0,1.7,1.7,0.0,372,142,,,359,147,363,151,291,125,376,148,,,,,,,,0.0,0.0,0.0,0.0,0,0.0,0.0,0.0,0.0,1,0,0,0,0,0,0,0,0,0,0,0,0,0,0,0,354,559,0,0.0,0.0,0.0,0.0,0.0,0.0,0.0,0.0,0,0,0,0
119,João Pedro,Loureiro da Costa,Costinha,a,,,4.5,467,124,0.0,518,179,1.0,193,72,1,0,0,0,0,189,126,0.2,0.2,1.7,1.7,1.0,193,72,,,177,77,188,57,50,14,139,55,,,,,,,,0.42,0.0,0.42,0.35,0,0.0,0.0,0.0,13.85,1,1,26,0,0,0,0,0,0,0,0,0,0,0,0,7,189,126,0,0.12,0.0,0.12,0.1,8.2,1.9,18.0,2.8,1,3,0,4
120,Michael,Svoboda,Svoboda,a,,,5.0,310,58,0.1,484,169,0.0,491,182,0,0,0,0,0,606,451,0.0,0.0,2.2,2.2,0.0,491,182,,,480,189,490,189,443,177,496,189,,,,,,,,0.0,0.0,0.0,0.0,0,0.0,0.0,0.0,0.0,1,0,0,0,0,0,0,0,0,0,0,0,0,0,0,0,606,451,0,0.0,0.0,0.0,0.0,0.0,0.0,0.0,0.0,0,0,0,0
121,Mitoma,Kaoru,Mitoma,i,Hamstring injury - Unknown return date,,6.0,87,56,0.0,494,206,0.0,582,251,0,0,0,0,0,124,878,0.0,0.0,0.0,0.0,0.0,582,251,0.0,0.0,582,249,586,252,579,245,586,252,,,,,,,,0.0,0.0,0.0,0.0,0,0.0,0.0,0.0,0.0,1,0,0,0,0,0,0,0,0,0,0,0,0,0,0,0,124,878,0,0.0,0.0,0.0,0.0,0.0,0.0,0.0,0.0,0,0,0,0
122,Yankuba,Minteh,Minteh,i,Leg injury - Expected back 28 Nov,,6.0,107,68,0.1,451,180,0.0,590,255,0,0,0,0,0,113,2552,0.0,0.0,0.0,0.0,0.0,590,255,0.0,0.0,591,254,595,257,590,252,595,257,5.0,,,,,,,0.0,0.0,0.0,0.0,0,0.0,0.0,0.0,0.0,1,0,0,0,0,0,0,0,0,0,0,0,0,0,0,0,113,2552,0,0.0,0.0,0.0,0.0,0.0,0.0,0.0,0.0,0,0,0,0
123,Jack,Hinshelwood,Hinshelwood,a,,,6.0,101,66,1.9,129,39,16.0,2,1,16,0,0,0,0,101136,10536,2.7,2.7,2.2,2.2,16.0,2,1,,,1,1,96,60,3,2,2,2,,,,,,,,2.01,0.03,2.04,0.27,0,1.43,0.0,1.43,4.29,1,16,63,2,0,1,0,0,0,0,0,0,0,1,3,54,101136,10536,0,1.41,0.02,1.43,0.19,72.8,13.4,59.0,14.5,2,0,1,3
124,Pascal,Groß,Groß,a,,,5.5,112,73,13.4,28,9,2.0,136,63,2,0,0,0,0,14831,65497,0.4,0.4,2.0,2.0,2.0,136,63,,,79,26,2,1,95,46,26,17,1.0,1.0,1.0,,,,,0.0,0.27,0.27,0.29,0,1.0,0.0,1.0,5.0,1,2,90,0,0,1,0,0,0,0,1,0,0,1,0,18,14831,65497,0,0.0,0.27,0.27,0.29,21.0,56.9,8.0,8.6,3,0,2,5
125,Georginio,Rutter,Georginio,a,,,5.5,174,41,1.1,191,29,5.0,70,7,5,0,0,0,0,19043,5285,0.9,0.9,1.8,1.8,5.0,70,7,,,86,8,113,14,69,14,87,12,,,,,,,,0.08,0.44,0.52,0.29,0,1.0,0.0,1.0,7.0,1,5,90,0,1,1,0,0,0,0,0,0,0,1,0,22,19043,5285,0,0.08,0.44,0.52,0.29,19.8,11.4,15.0,4.6,2,1,4,7
126,Matt,O'Riley,O'Riley,a,,,5.5,143,88,0.1,422,166,0.0,549,231,0,0,0,0,0,428,867,0.0,0.0,2.0,2.0,0.0,549,231,,,539,225,554,234,528,216,554,232,,,3.0,,,,,0.0,0.0,0.0,0.0,0,0.0,0.0,0.0,0.0,1,0,0,0,0,0,0,0,0,0,0,0,0,0,0,0,428,867,0,0.0,0.0,0.0,0.0,0.0,0.0,0.0,0.0,0,0,0,0
127,Diego,Gómez Amarilla,Gomez,a,,,5.0,353,204,3.8,85,28,6.0,52,23,6,0,0,0,0,12032,9569,1.2,1.2,1.5,1.5,6.0,52,23,,,43,19,47,31,12,7,13,10,,5.0,,,,,,0.19,0.51,0.7,0.31,0,1.06,0.0,1.06,6.35,1,6,85,0,1,1,0,0,0,0,0,0,0,1,0,27,12032,9569,0,0.18,0.48,0.66,0.29,33.0,25.1,41.0,9.9,3,2,1,6
128,Facundo,Buonanotte,Buonanotte,u,Has joined Elche on loan for the rest of the season,,5.0,365,214,0.0,599,260,0.0,520,214,0,0,0,0,0,0,132,0.0,0.0,0.0,0.0,0.0,520,214,0.0,0.0,508,206,521,215,479,183,524,213,,,,,,,,0.0,0.0,0.0,0.0,0,0.0,0.0,0.0,0.0,1,0,0,0,0,0,0,0,0,0,0,0,0,0,0,0,0,132,0,0.0,0.0,0.0,0.0,0.0,0.0,0.0,0.0,0,0,0,0
129,Yasin,Ayari,Ayari,a,,,5.5,199,123,0.7,233,77,2.0,146,70,2,0,0,0,0,2117,4533,0.4,0.4,2.0,2.0,2.0,146,70,,,560,239,81,51,121,62,201,89,4.0,2.0,,,,,,0.16,0.04,0.2,0.27,0,1.43,0.0,1.43,5.71,1,2,63,0,0,1,0,0,0,0,1,0,0,1,0,8,2117,4533,0,0.11,0.03,0.14,0.19,0.0,15.0,6.0,1.7,0,1,3,4
130,Mats,Wieffer,Wieffer,a,,,5.0,318,61,0.4,274,103,7.0,37,13,7,0,0,0,0,9044,1671,1.4,1.4,2.2,2.2,7.0,37,13,,,104,44,40,13,116,35,80,28,,,,,,,,0.11,0.06,0.17,0.34,0,1.17,0.0,1.17,9.35,1,7,77,0,0,1,0,0,0,0,0,0,0,1,1,32,9044,1671,0,0.09,0.05,0.14,0.29,16.6,26.3,6.0,4.9,4,4,5,8
131,Carlos,Baleba,Baleba,i,Ankle injury - Unknown return date,,5.0,360,209,0.2,353,128,0.0,516,210,0,0,0,0,0,1630,2890,0.0,0.0,0.0,0.0,0.0,516,210,0.0,0.0,504,202,517,211,475,179,520,209,,,,,,,,0.0,0.0,0.0,0.0,0,0.0,0.0,0.0,0.0,1,0,0,0,0,0,0,0,0,0,0,0,0,0,0,0,1630,2890,0,0.0,0.0,0.0,0.0,0.0,0.0,0.0,0.0,0,0,0,0
132,Harry,Howell,Howell,u,Has joined Leicester City on loan for the rest of the season,,4.5,525,262,0.1,475,196,0.0,425,161,0,0,0,0,0,0,1138,0.0,0.0,0.0,0.0,0.0,425,161,0.0,0.0,414,154,420,164,360,122,430,161,,,,,,,,0.0,0.0,0.0,0.0,0,0.0,0.0,0.0,0.0,1,0,0,0,0,0,0,0,0,0,0,0,0,0,0,0,0,1138,0,0.0,0.0,0.0,0.0,0.0,0.0,0.0,0.0,0,0,0,0
133,Tom,Watson,Watson,u,Has joined Leicester City on loan for the rest of the season,,5.0,370,219,0.0,606,264,0.0,523,217,0,0,0,0,0,0,40,0.0,0.0,0.0,0.0,0.0,523,217,0.0,0.0,511,209,524,218,483,187,527,216,,,,,,,,0.0,0.0,0.0,0.0,0,0.0,0.0,0.0,0.0,1,0,0,0,0,0,0,0,0,0,0,0,0,0,0,0,0,40,0,0.0,0.0,0.0,0.0,0.0,0.0,0.0,0.0,0,0,0,0
134,Nehemiah,Oriola,Oriola,a,,,4.5,509,256,0.3,305,105,0.0,413,156,0,0,0,0,0,1134,1721,0.0,0.0,1.0,1.0,0.0,413,156,,,401,149,408,159,346,117,417,156,,,,,,,,0.0,0.0,0.0,0.0,0,0.0,0.0,0.0,0.0,1,0,0,0,0,0,0,0,0,0,0,0,0,0,0,0,1134,1721,0,0.0,0.0,0.0,0.0,0.0,0.0,0.0,0.0,0,0,0,0
135,Zadok,Yohanna,Yohanna,a,,,5.0,398,238,0.1,455,184,1.0,242,109,1,0,0,0,0,245,518,0.2,0.2,1.5,1.5,1.0,242,109,,,278,133,210,119,505,203,284,135,,,,,,,,0.0,0.22,0.22,0.0,0,0.0,0.0,0.0,0.0,1,1,12,0,0,0,0,0,0,0,0,0,0,0,0,3,245,518,0,0.0,0.03,0.03,0.0,0.2,1.3,0.0,0.2,0,0,0,0
137,Stefanos,Tzimas,Tzimas,i,Knee injury - Unknown return date,,5.5,220,46,0.0,587,72,0.0,573,61,0,0,0,0,0,62,160,0.0,0.0,0.0,0.0,0.0,573,61,0.0,0.0,566,55,576,61,567,61,578,62,,,,,,,,0.0,0.0,0.0,0.0,0,0.0,0.0,0.0,0.0,1,0,0,0,0,0,0,0,0,0,0,0,0,0,0,0,62,160,0,0.0,0.0,0.0,0.0,0.0,0.0,0.0,0.0,0,0,0,0
138,Charalampos,Kostoulas,Kostoulas,a,,,5.5,223,47,0.2,331,53,1.0,270,29,1,0,0,0,0,575,1275,0.2,0.2,1.8,1.8,1.0,270,29,,,569,56,255,29,88,17,237,23,,,,,,,,0.62,0.0,0.62,0.35,0,0.0,0.0,0.0,6.92,1,1,26,0,0,0,0,0,0,0,0,0,0,0,0,-1,575,1275,0,0.18,0.0,0.18,0.1,0.0,0.4,10.0,0.9,1,0,1,2
139,Evan,Ferguson,Ferguson,i,Ankle injury - Expected back 10 Oct,,5.0,329,55,0.0,521,68,0.0,501,49,0,0,0,0,0,232,448,0.0,0.0,0.0,0.0,0.0,501,49,0.0,0.0,489,39,501,47,457,46,505,48,,,,,,,,0.0,0.0,0.0,0.0,0,0.0,0.0,0.0,0.0,1,0,0,0,0,0,0,0,0,0,0,0,0,0,0,0,232,448,0,0.0,0.0,0.0,0.0,0.0,0.0,0.0,0.0,0,0,0,0
328,Pascal,Struijk,Struijk,a,,,5.0,279,50,0.2,323,123,0.0,466,176,0,0,0,0,0,1109,1576,0.0,0.0,2.2,2.2,0.0,466,176,100.0,100.0,458,184,467,184,415,170,474,184,,,,,,,,0.0,0.0,0.0,0.0,0,0.0,0.0,0.0,0.0,1,0,0,0,0,0,0,0,0,0,0,0,0,0,0,0,1109,1576,0,0.0,0.0,0.0,0.0,0.0,0.0,0.0,0.0,0,0,0,0
594,Promise,David,David,a,,,6.0,102,25,0.3,311,52,0.0,588,66,0,0,0,0,0,1789,2335,0.0,0.0,2.0,2.0,0.0,588,66,,,589,66,593,67,588,67,593,67,,,2.0,,,,,0.0,0.0,0.0,0.0,0,0.0,0.0,0.0,0.0,1,0,0,0,0,0,0,0,0,0,0,0,0,0,0,0,1789,2335,0,0.0,0.0,0.0,0.0,0.0,0.0,0.0,0.0,0,0,0,0
600,Ibrahim,Osman,Osman,a,,,5.0,386,230,0.0,570,241,1.0,235,103,1,0,0,0,0,157,94,0.2,0.2,1.5,1.5,1.0,235,103,,,221,95,78,49,136,68,157,71,,,,,,,,0.0,0.38,0.38,0.0,0,0.0,0.0,0.0,15.0,1,1,12,0,0,0,0,0,0,0,0,0,0,0,0,7,157,94,0,0.0,0.05,0.05,0.0,4.2,15.4,4.0,2.4,0,0,2,2
605,Malick,Yalcouyé,Yalcouyé,a,,,4.5,529,263,0.1,473,194,1.0,207,89,1,0,0,0,0,2332,449,0.2,0.2,1.0,1.0,1.0,207,89,,,269,126,167,98,362,123,275,129,,,,,,,,0.0,0.22,0.22,0.0,0,0.0,0.0,0.0,0.0,1,1,4,0,0,0,0,0,0,0,0,0,0,0,0,3,2332,449,0,0.0,0.01,0.01,0.0,0.6,2.7,0.0,0.3,0,0,0,0
40,Morgan,Rogers,Rogers,a,,,7.5,16,9,25.6,11,5,8.0,34,17,8,0,0,0,0,143810,38648,1.1,1.1,2.6,2.6,8.0,34,17,,,8,6,4,3,30,16,3,3,4.0,,,,,,,1.07,0.11,1.18,1.38,0,0.0,2.22,1.11,7.78,1,8,81,1,0,0,2,0,0,0,0,0,0,1,1,37,143810,38648,0,0.96,0.1,1.06,1.24,48.8,53.5,29.0,13.1,2,0,5,7
101,Jordan,Henderson,Henderson,d,Wrist injury - 75% chance of playing,,5.0,225,139,0.0,506,212,0.0,436,167,0,0,0,0,0,166,460,0.0,0.0,1.1,1.1,0.0,436,167,75.0,75.0,425,160,431,170,372,129,441,167,,,,,,,,0.0,0.0,0.0,0.0,0,0.0,0.0,0.0,0.0,1,0,0,0,0,0,0,0,0,0,0,0,0,0,0,0,166,460,0,0.0,0.0,0.0,0.0,0.0,0.0,0.0,0.0,0,0,0,0
140,Robert,Lynch Sánchez,Sánchez,a,,,5.0,269,12,2.4,119,18,2.0,125,14,2,0,0,0,0,6220,11566,0.4,0.4,2.6,2.6,2.0,125,14,,,78,11,461,54,407,54,170,11,,,,,,,,0.0,0.01,0.01,1.33,4,0.0,2.0,1.0,0.0,1,2,90,0,0,0,2,0,0,0,0,0,4,1,0,6,6220,11566,0,0.0,0.01,0.01,1.33,21.4,0.0,0.0,2.1,0,1,5,0
141,Filip,Jörgensen,Jörgensen,u,Has joined RC Strasbourg on loan for the rest of the season,,5.0,350,21,0.0,571,66,0.0,514,67,0,0,0,0,0,0,407,0.0,0.0,0.0,0.0,0.0,514,67,0.0,0.0,502,67,515,63,472,63,518,67,,,,,,,,0.0,0.0,0.0,0.0,0,0.0,0.0,0.0,0.0,1,0,0,0,0,0,0,0,0,0,0,0,0,0,0,0,0,407,0,0.0,0.0,0.0,0.0,0.0,0.0,0.0,0.0,0,0,0,0
142,Reece,James,James,a,,,5.5,145,16,10.2,38,13,0.0,551,194,0,0,0,0,0,42421,47182,0.0,0.0,2.5,2.5,0.0,551,194,,,72,32,71,23,48,13,54,15,1.0,1.0,,,,,,0.1,0.07,0.17,1.33,0,0.0,2.0,1.0,6.0,1,0,90,0,0,0,2,0,0,0,1,0,0,1,0,5,42421,47182,0,0.1,0.07,0.17,1.33,23.4,16.8,19.0,5.9,0,6,4,6
143,Trevoh,Chalobah,Chalobah,u,Has joined Como permanently,,5.5,126,12,0.2,380,139,0.0,540,191,0,0,0,0,0,0,6135,0.0,0.0,0.0,0.0,0.0,540,191,0.0,0.0,530,197,545,197,515,189,546,197,,,,,,,,0.0,0.0,0.0,0.0,0,0.0,0.0,0.0,0.0,1,0,0,0,0,0,0,0,0,0,0,0,0,0,0,0,0,6135,0,0.0,0.0,0.0,0.0,0.0,0.0,0.0,0.0,0,0,0,0
144,Malo,Gusto,Gusto,a,,,5.0,325,63,1.2,176,70,1.0,221,88,1,0,0,0,0,8851,6682,0.2,0.2,2.2,2.2,1.0,221,88,,,185,82,125,38,117,36,162,63,,,,,,,,0.0,0.04,0.04,1.33,0,0.0,2.4,1.2,3.6,1,1,75,0,0,0,2,0,0,0,0,0,0,1,0,2,8851,6682,0,0.0,0.03,0.03,1.11,7.2,9.8,6.0,2.3,1,2,4,3
145,Wesley,Fofana,Fofana,a,,,5.0,304,56,0.0,541,186,0.0,485,180,0,0,0,0,0,426,168,0.0,0.0,2.2,0.0,0.0,485,180,100.0,0.0,474,187,484,187,437,175,490,187,,,,,,,,0.0,0.0,0.0,0.0,0,0.0,0.0,0.0,0.0,1,0,0,0,0,0,0,0,0,0,0,0,0,0,0,0,426,168,0,0.0,0.0,0.0,0.0,0.0,0.0,0.0,0.0,0,0,0,0
146,Benoît,Badiashile Mukinayi,B.Badiashile,u,Has joined Napoli on loan for the rest of the season,,4.5,454,114,0.0,534,183,0.0,379,148,0,0,0,0,0,232,409,0.0,0.0,0.0,1.7,0.0,379,148,0.0,,365,152,370,156,300,132,382,153,,,,,,,,0.0,0.0,0.0,0.0,0,0.0,0.0,0.0,0.0,1,0,0,0,0,0,0,0,0,0,0,0,0,0,0,0,232,409,0,0.0,0.0,0.0,0.0,0.0,0.0,0.0,0.0,0,0,0,0
147,Tosin,Adarabioyo,Tosin,a,,,4.5,412,84,0.2,341,128,0.0,354,134,0,0,0,0,0,196,1239,0.0,0.0,1.7,1.7,0.0,354,134,,,341,139,344,142,270,114,358,140,,,,,,,,0.0,0.0,0.0,0.0,0,0.0,0.0,0.0,0.0,1,0,0,0,0,0,0,0,0,0,0,0,0,0,0,0,196,1239,0,0.0,0.0,0.0,0.0,0.0,0.0,0.0,0.0,0,0,0,0
148,Jorrel,Hato,Hato,a,,,4.5,506,140,0.5,257,96,1.0,203,80,1,0,0,0,0,2647,2758,0.2,0.2,1.7,1.7,1.0,203,80,,,175,76,101,30,82,26,125,47,,,,,,,,0.01,0.04,0.05,1.48,0,0.0,2.81,1.41,4.22,1,1,64,0,0,0,2,0,0,0,0,0,0,1,0,5,2647,2758,0,0.01,0.03,0.04,1.05,8.4,12.3,11.0,3.2,2,1,2,3
149,Levi,Samuels Colwill,Colwill,a,,,5.0,311,59,1.6,155,65,0.0,492,183,0,0,0,0,0,7670,10582,0.0,0.0,2.2,2.2,0.0,492,183,,,201,88,195,60,105,31,208,81,,,,,,,,0.01,0.03,0.04,1.33,0,0.0,2.0,1.0,4.0,1,0,90,0,0,0,2,0,0,0,1,0,0,1,0,6,7670,10582,0,0.01,0.03,0.04,1.33,6.0,1.6,7.0,1.5,2,2,3,4
150,Mamadou,Sarr,M.Sarr,a,,,4.5,515,142,0.1,442,155,0.0,418,162,0,0,0,0,0,328,606,0.0,0.0,1.7,1.7,0.0,418,162,,,407,168,413,169,352,151,423,168,,,,,,,,0.0,0.0,0.0,0.0,0,0.0,0.0,0.0,0.0,1,0,0,0,0,0,0,0,0,0,0,0,0,0,0,0,328,606,0,0.0,0.0,0.0,0.0,0.0,0.0,0.0,0.0,0,0,0,0
151,Josh,Acheampong,Acheampong,a,,,4.5,518,144,0.3,293,109,3.0,85,36,3,0,0,0,0,3496,1642,0.7,0.7,1.7,1.7,3.0,85,36,,,41,14,180,54,163,59,112,40,,,,,,,,0.0,0.01,0.01,1.33,0,0.0,2.0,1.0,15.0,1,3,90,0,0,0,2,0,0,0,0,0,0,1,0,13,3496,1642,0,0.0,0.01,0.01,1.33,33.2,2.2,2.0,3.7,5,10,6,15
152,Marco,Palestra,Palestra,d,Unspecified injury - 75% chance of playing,,5.5,222,34,2.6,112,44,0.0,575,200,0,0,0,0,0,4653,30606,0.0,0.0,1.9,2.5,0.0,575,200,75.0,,568,202,578,202,569,201,580,202,,,,,,,,0.0,0.0,0.0,0.0,0,0.0,0.0,0.0,0.0,1,0,0,0,0,0,0,0,0,0,0,0,0,0,0,0,4653,30606,0,0.0,0.0,0.0,0.0,0.0,0.0,0.0,0.0,0,0,0,0
154,Cole,Palmer,Palmer,a,,,9.5,4,3,13.2,31,10,13.0,8,4,13,0,0,0,0,182425,21181,1.4,1.4,3.2,3.2,13.0,8,4,100.0,,2,2,14,12,5,4,1,1,,3.0,1.0,,,,,0.31,0.21,0.52,1.36,0,0.0,2.2,1.1,9.88,1,13,82,1,1,0,2,0,0,0,0,0,0,1,3,60,182425,21181,0,0.28,0.19,0.47,1.24,65.2,41.3,54.0,16.1,2,0,7,9
155,Enzo,Fernández,Enzo,a,,,7.0,29,19,4.9,71,23,1.0,291,141,1,0,0,0,0,12379,45160,0.1,0.1,2.5,2.5,1.0,291,141,,,236,105,106,64,607,266,212,95,3.0,2.0,2.0,,,,,0.0,0.07,0.07,1.01,0,0.0,0.0,0.0,10.8,1,1,25,0,0,0,0,0,0,0,0,0,0,0,0,6,12379,45160,0,0.0,0.02,0.02,0.28,3.4,12.0,0.0,1.5,0,0,3,3
156,Pedro,Lomba Neto,Neto,a,,,6.5,42,29,1.3,172,52,1.0,286,136,1,0,0,0,0,4167,12550,0.2,0.2,2.3,2.3,1.0,286,136,,,212,88,152,90,144,73,227,102,2.0,4.0,,,,,,0.19,0.45,0.64,1.41,0,0.0,0.0,0.0,25.71,1,1,14,0,0,0,0,0,0,0,0,0,0,0,0,9,4167,12550,0,0.03,0.07,0.1,0.22,5.2,4.1,4.0,1.3,1,0,3,4
157,Estêvão,Almeida de Oliveira Gonçalves,Estêvão,a,,,6.5,55,39,1.2,178,56,1.0,288,138,1,0,0,0,0,3974,14513,0.2,0.2,2.3,2.3,1.0,288,138,,,279,134,256,135,604,264,295,141,5.0,,3.0,,,,,0.0,0.0,0.0,1.16,0,0.0,0.0,0.0,12.86,1,1,7,0,0,0,0,0,0,0,0,0,0,0,0,3,3974,14513,0,0.0,0.0,0.0,0.09,0.2,0.4,0.0,0.1,0,0,1,1
158,Jamie,Bynoe-Gittens,Gittens,a,,,6.0,89,57,0.0,512,215,0.0,584,252,0,0,0,0,0,193,465,0.0,0.0,2.2,2.2,0.0,584,252,,,584,250,588,253,581,246,588,253,,,,,,,,0.0,0.0,0.0,0.0,0,0.0,0.0,0.0,0.0,1,0,0,0,0,0,0,0,0,0,0,0,0,0,0,0,193,465,0,0.0,0.0,0.0,0.0,0.0,0.0,0.0,0.0,0,0,0,0
159,Moisés,Caicedo Corozo,Caicedo,d,Unspecified injury - 75% chance of playing,,5.5,190,116,3.4,98,31,0.0,565,241,0,0,0,0,0,8958,55659,0.0,0.0,1.5,2.0,0.0,565,241,75.0,,556,235,569,243,553,232,569,241,,,,,,,,0.0,0.0,0.0,0.0,0,0.0,0.0,0.0,0.0,1,0,0,0,0,0,0,0,0,0,0,0,0,0,0,0,8958,55659,0,0.0,0.0,0.0,0.0,0.0,0.0,0.0,0.0,0,0,0,0
161,Roméo,Lavia,Lavia,a,,,5.0,354,205,0.1,469,191,1.0,227,98,1,0,0,0,0,705,578,0.2,0.2,1.5,1.5,1.0,227,98,,,130,43,55,36,24,11,44,26,,,,,,,,0.3,0.04,0.34,1.48,0,0.0,2.81,1.41,12.66,1,1,64,0,0,0,2,0,0,0,1,0,0,1,0,8,705,578,0,0.21,0.03,0.24,1.05,13.6,21.9,33.0,6.9,3,2,4,9
163,Dário,Luís Essugo,D.Essugo,a,,,4.5,485,249,0.2,347,125,0.0,391,149,0,0,0,0,0,934,1873,0.0,0.0,1.0,1.0,0.0,391,149,,,379,142,386,152,323,110,395,149,,,,,,,,0.0,0.0,0.0,0.0,0,0.0,0.0,0.0,0.0,1,0,0,0,0,0,0,0,0,0,0,0,0,0,0,0,934,1873,0,0.0,0.0,0.0,0.0,0.0,0.0,0.0,0.0,0,0,0,0
164,Geovany,Quenda,Quenda,a,,,5.5,219,137,0.0,500,209,1.0,269,125,1,0,0,0,0,162,528,0.2,0.2,2.0,2.0,1.0,269,125,100.0,100.0,264,122,265,140,181,91,270,126,,,,,,,,0.0,0.0,0.0,1.01,0,0.0,0.0,0.0,11.25,1,1,8,0,0,0,0,0,0,0,0,0,0,0,0,2,162,528,0,0.0,0.0,0.0,0.09,1.2,0.3,2.0,0.4,0,1,0,1
165,João Pedro,Junqueira de Jesus,João Pedro,a,,,7.5,19,7,66.2,2,2,11.0,13,1,11,0,0,0,0,225379,19512,1.5,1.5,2.4,2.4,11.0,13,1,,,5,1,53,3,19,7,11,2,,,,,,,,0.63,0.06,0.69,1.33,0,0.0,2.0,1.0,3.0,1,11,90,1,1,0,2,0,0,0,0,0,0,1,2,45,225379,19512,0,0.63,0.06,0.69,1.33,51.2,23.0,37.0,11.1,0,1,2,3
166,Nicolas,Jackson,N.Jackson,a,,,6.5,52,12,0.3,290,51,0.0,601,68,0,0,0,0,0,1821,4946,0.0,0.0,2.1,2.1,0.0,601,68,,,603,68,605,69,603,69,605,69,,,,,,,,0.0,0.0,0.0,0.0,0,0.0,0.0,0.0,0.0,1,0,0,0,0,0,0,0,0,0,0,0,0,0,0,0,1821,4946,0,0.0,0.0,0.0,0.0,0.0,0.0,0.0,0.0,0,0,0,0
167,Liam,Delap,Delap,a,,,5.5,173,40,0.4,266,46,0.0,560,60,0,0,0,0,0,1900,4636,0.0,0.0,1.8,1.8,0.0,560,60,,,549,52,562,58,545,59,563,60,,,4.0,,,,,0.0,0.0,0.0,0.0,0,0.0,0.0,0.0,0.0,1,0,0,0,0,0,0,0,0,0,0,0,0,0,0,0,1900,4636,0,0.0,0.0,0.0,0.0,0.0,0.0,0.0,0.0,0,0,0,0
168,Marc,Guiu Paz,Marc Guiu,a,,,5.0,343,56,0.5,259,44,0.0,511,50,0,0,0,0,0,1609,3818,0.0,0.0,1.4,1.4,0.0,511,50,,,499,40,512,48,469,47,515,49,,,,,,,,0.0,0.0,0.0,0.0,0,0.0,0.0,0.0,0.0,1,0,0,0,0,0,0,0,0,0,0,0,0,0,0,0,1609,3818,0,0.0,0.0,0.0,0.0,0.0,0.0,0.0,0.0,0,0,0,0
169,Shumaira,Mheuka,Mheuka,a,,,4.5,512,69,0.4,285,49,0.0,415,41,0,0,0,0,0,1996,2887,0.0,0.0,1.0,1.0,0.0,415,41,,,404,31,410,38,349,37,420,40,,,,,,,,0.0,0.0,0.0,0.0,0,0.0,0.0,0.0,0.0,1,0,0,0,0,0,0,0,0,0,0,0,0,0,0,0,1996,2887,0,0.0,0.0,0.0,0.0,0.0,0.0,0.0,0.0,0,0,0,0
170,Emmanuel,Emegha,Emegha,a,,,5.0,348,57,0.2,377,56,0.0,513,51,0,0,0,0,0,1128,1539,0.0,0.0,1.4,1.4,0.0,513,51,100.0,100.0,501,41,514,49,471,48,517,50,,,,,,,,0.0,0.0,0.0,0.0,0,0.0,0.0,0.0,0.0,1,0,0,0,0,0,0,0,0,0,0,0,0,0,0,0,1128,1539,0,0.0,0.0,0.0,0.0,0.0,0.0,0.0,0.0,0,0,0,0
200,Maxence,Lacroix,Lacroix,a,,,6.0,80,8,9.4,44,16,6.0,61,28,6,0,0,0,0,38577,26668,1.0,1.0,2.8,2.8,6.0,61,28,,,15,5,120,36,184,63,58,17,,,,,,,,0.0,0.2,0.2,1.33,0,0.0,2.0,1.0,12.0,1,6,90,0,1,0,2,0,0,0,0,0,0,1,0,25,38577,26668,0,0.0,0.2,0.2,1.33,44.2,11.2,2.0,5.7,5,7,2,12
560,Mike,Penders,Penders,a,,,4.5,504,46,0.1,456,50,0.0,409,57,0,0,0,0,0,234,456,0.0,0.0,1.9,1.9,0.0,409,57,,,397,57,404,45,342,45,413,57,,,,,,,,0.0,0.0,0.0,0.0,0,0.0,0.0,0.0,0.0,1,0,0,0,0,0,0,0,0,0,0,0,0,0,0,0,234,456,0,0.0,0.0,0.0,0.0,0.0,0.0,0.0,0.0,0,0,0,0
14,Eberechi,Eze,Eze,a,,,6.5,41,28,1.9,133,40,1.0,285,135,1,0,0,0,0,3753,29309,0.2,0.2,2.3,2.3,1.0,285,135,,,597,260,192,112,193,99,294,140,,3.0,,,,,,0.26,0.0,0.26,0.96,0,0.0,0.0,0.0,12.86,1,1,14,0,0,0,0,0,0,0,0,0,0,0,0,4,3753,29309,0,0.04,0.0,0.04,0.15,0.0,1.8,1.0,0.1,0,0,2,2
561,Aaron,Anselmino,Anselmino,d,Hamstring injury - 25% chance of playing,,4.5,532,149,0.0,552,192,0.0,429,165,0,0,0,0,0,93,317,0.0,0.0,0.4,1.7,0.0,429,165,25.0,,418,171,424,172,365,155,434,171,,,,,,,,0.0,0.0,0.0,0.0,0,0.0,0.0,0.0,0.0,1,0,0,0,0,0,0,0,0,0,0,0,0,0,0,0,93,317,0,0.0,0.0,0.0,0.0,0.0,0.0,0.0,0.0,0,0,0,0
583,Pep,Chavarría,Chavarria,a,,,5.0,342,70,0.2,342,129,1.0,224,89,1,0,0,0,0,727,1381,0.2,0.2,2.2,2.2,1.0,224,89,,,243,96,270,99,172,61,257,95,,,,,,,,0.0,0.0,0.0,1.01,0,0.0,0.0,0.0,3.6,1,1,25,0,0,0,0,0,0,0,0,0,0,0,0,3,727,1381,0,0.0,0.0,0.0,0.28,2.4,0.2,2.0,0.5,0,1,1,1
104,Frank,Onyeka,Onyeka,a,,,5.0,296,177,0.2,374,143,2.0,130,58,2,0,0,0,0,1011,910,0.4,0.4,1.5,1.5,2.0,130,58,,,232,102,194,113,430,158,255,115,,,,,,,,0.0,0.01,0.01,1.88,0,0.0,3.0,1.0,9.0,1,2,90,0,0,0,3,0,0,0,0,0,0,1,0,8,1011,910,0,0.0,0.01,0.01,1.88,3.6,1.6,0.0,0.5,1,3,5,9
110,Carl,Rushworth,Rushworth,a,,,4.5,476,39,1.2,183,27,1.0,198,17,1,0,0,0,0,3429,2599,0.2,0.2,1.9,1.9,1.0,198,17,,,121,17,380,38,316,38,215,17,,,,,,,,0.0,0.01,0.01,1.88,2,0.0,3.0,1.0,0.0,1,1,90,0,0,0,3,0,0,0,0,0,2,1,0,0,3429,2599,0,0.0,0.01,0.01,1.88,14.2,0.0,0.0,1.4,0,1,7,0
171,Oliver,Dovin,Dovin,a,,,4.0,583,64,1.6,156,22,0.0,322,37,0,0,0,0,0,1333,3745,0.0,0.0,1.0,1.0,0.0,322,37,,,309,37,309,17,230,17,326,37,,,,,,,,0.0,0.0,0.0,0.0,0,0.0,0.0,0.0,0.0,1,0,0,0,0,0,0,0,0,0,0,0,0,0,0,0,1333,3745,0,0.0,0.0,0.0,0.0,0.0,0.0,0.0,0.0,0,0,0,0
172,Ben,Wilson,Wilson,a,,,4.5,413,28,0.5,256,35,0.0,355,45,0,0,0,0,0,140,2042,0.0,0.0,1.9,1.9,0.0,355,45,,,342,45,345,27,271,27,359,45,,,,,,,,0.0,0.0,0.0,0.0,0,0.0,0.0,0.0,0.0,1,0,0,0,0,0,0,0,0,0,0,0,0,0,0,0,140,2042,0,0.0,0.0,0.0,0.0,0.0,0.0,0.0,0.0,0,0,0,0
173,Bobby,Thomas,Thomas,a,,,4.0,579,176,8.0,52,20,3.0,82,33,3,0,0,0,0,19767,13597,0.8,0.8,1.0,1.0,3.0,82,33,,,73,33,119,35,189,65,115,42,,,,,,,,0.02,0.01,0.03,1.88,0,0.0,3.0,1.0,10.0,1,3,90,0,0,0,3,0,0,0,0,0,0,1,0,11,19767,13597,0,0.02,0.01,0.03,1.88,23.2,11.2,1.0,3.5,1,9,2,10
174,Liam,Kitching,Kitching,a,,,4.0,572,171,0.7,228,86,0.0,315,107,0,0,0,0,0,322,2863,0.0,0.0,1.0,1.0,0.0,315,107,,,302,112,302,114,221,80,319,113,,,,,,,,0.0,0.0,0.0,0.0,0,0.0,0.0,0.0,0.0,1,0,0,0,0,0,0,0,0,0,0,0,0,0,0,0,322,2863,0,0.0,0.0,0.0,0.0,0.0,0.0,0.0,0.0,0,0,0,0
175,Milan,van Ewijk,van Ewijk,a,,,4.0,577,174,13.3,30,10,1.0,178,58,1,0,0,0,0,19349,32265,0.2,0.2,1.0,1.0,1.0,178,58,,,157,72,186,56,157,53,206,79,,,,,,,,0.0,0.01,0.01,1.88,0,0.0,3.0,1.0,7.0,1,1,90,0,0,0,3,0,0,0,0,0,0,1,0,-8,19349,32265,0,0.0,0.01,0.01,1.88,10.6,2.0,2.0,1.5,1,6,3,7
176,Jay,Dasilva,Dasilva,a,,,4.0,557,159,0.9,210,78,1.0,176,56,1,0,0,0,0,1486,2301,0.2,0.2,1.0,1.0,1.0,176,56,,,124,56,154,45,210,72,188,73,,,,,,,,0.0,0.02,0.02,1.88,0,0.0,3.0,1.0,6.0,1,1,90,0,0,0,3,0,0,0,0,0,0,1,0,-4,1486,2301,0,0.0,0.02,0.02,1.88,13.8,3.8,0.0,1.8,0,6,1,6
177,Kaine,Kesler-Hayden,Kesler-Hayden,a,,,4.0,581,177,0.1,466,163,0.0,320,109,0,0,0,0,0,105,324,0.0,0.0,1.0,1.0,0.0,320,109,,,307,114,307,116,228,84,324,115,,,,,,,,0.0,0.0,0.0,0.0,0,0.0,0.0,0.0,0.0,1,0,0,0,0,0,0,0,0,0,0,0,0,0,0,0,105,324,0,0.0,0.0,0.0,0.0,0.0,0.0,0.0,0.0,0,0,0,0
178,Jake,Bidwell,Bidwell,a,,,4.0,544,151,0.1,431,151,0.0,298,98,0,0,0,0,0,388,487,0.0,0.0,1.0,1.0,0.0,298,98,,,285,103,282,102,200,67,301,103,,,,,,,,0.0,0.0,0.0,0.0,0,0.0,0.0,0.0,0.0,1,0,0,0,0,0,0,0,0,0,0,0,0,0,0,0,388,487,0,0.0,0.0,0.0,0.0,0.0,0.0,0.0,0.0,0,0,0,0
179,Joel,Latibeaudiere,Latibeaudiere,a,,,4.0,561,163,0.0,502,174,0.0,308,103,0,0,0,0,0,83,257,0.0,0.0,1.0,1.0,0.0,308,103,,,295,108,294,109,214,76,312,109,,,,,,,,0.0,0.0,0.0,0.0,0,0.0,0.0,0.0,0.0,1,0,0,0,0,0,0,0,0,0,0,0,0,0,0,0,83,257,0,0.0,0.0,0.0,0.0,0.0,0.0,0.0,0.0,0,0,0,0
180,Luke,Woolfenden,Woolfenden,a,,,4.0,566,167,0.2,360,136,0.0,311,105,0,0,0,0,0,655,1091,0.0,0.0,1.0,1.0,0.0,311,105,,,298,110,297,111,217,78,315,111,,,,,,,,0.0,0.0,0.0,0.0,0,0.0,0.0,0.0,0.0,1,0,0,0,0,0,0,0,0,0,0,0,0,0,0,0,655,1091,0,0.0,0.0,0.0,0.0,0.0,0.0,0.0,0.0,0,0,0,0
181,Miguel,Brau,Brau,a,,,4.0,601,194,0.0,503,175,0.0,338,124,0,0,0,0,0,162,197,0.0,0.0,1.0,1.0,0.0,338,124,,,325,129,325,131,248,101,342,130,,,,,,,,0.0,0.0,0.0,0.0,0,0.0,0.0,0.0,0.0,1,0,0,0,0,0,0,0,0,0,0,0,0,0,0,0,162,197,0,0.0,0.0,0.0,0.0,0.0,0.0,0.0,0.0,0,0,0,0
182,Aurèle,Amenda,Amenda,a,,,4.0,592,185,0.9,209,77,1.0,179,59,1,0,0,0,0,1745,2605,0.2,0.2,1.0,1.0,1.0,179,59,,,54,21,227,77,239,92,129,49,,,,,,,,0.0,0.01,0.01,1.88,0,0.0,3.0,1.0,9.0,1,1,90,0,0,0,3,0,0,0,0,0,0,1,0,1,1745,2605,0,0.0,0.01,0.01,1.88,28.8,0.8,0.0,3.0,0,9,4,9
183,Jack,Rudoni,Rudoni,a,,,5.0,323,188,0.1,388,150,1.0,220,94,1,0,0,0,0,438,787,0.2,0.2,1.5,1.5,1.0,220,94,100.0,100.0,206,84,157,91,54,29,148,66,3.0,1.0,,,,,,0.68,0.0,0.68,1.3,0,0.0,0.0,0.0,22.5,1,1,20,0,0,0,0,0,0,0,0,0,0,0,0,3,438,787,0,0.15,0.0,0.15,0.29,5.6,3.8,17.0,2.6,1,0,4,5
184,Matt,Grimes,Grimes,a,,,5.0,247,150,0.2,349,127,2.0,121,54,2,0,0,0,0,1008,950,0.4,0.4,1.5,1.5,2.0,121,54,,,133,44,158,92,391,139,197,87,1.0,,3.0,,,,,0.0,0.01,0.01,1.88,0,0.0,3.0,1.0,7.0,1,2,90,0,0,0,3,0,0,0,0,0,0,1,0,14,1008,950,0,0.0,0.01,0.01,1.88,13.4,3.7,0.0,1.7,0,4,3,7
15,Martin,Ødegaard,Ødegaard,a,,,6.5,35,23,10.7,36,13,11.0,11,6,11,0,0,0,0,194564,19981,1.7,1.7,2.3,2.3,11.0,11,6,,,6,4,13,11,27,13,6,5,4.0,,3.0,,,,,0.25,0.12,0.37,0.07,0,1.2,0.0,1.2,9.6,1,11,75,1,0,1,0,0,0,0,0,0,0,1,3,41,194564,19981,0,0.21,0.1,0.31,0.06,50.6,41.5,31.0,12.3,3,1,4,8
20,Max,Dowman,Dowman,a,,,5.5,221,138,0.1,432,171,0.0,574,247,0,0,0,0,0,290,1711,0.0,0.0,2.0,2.0,0.0,574,247,,,567,244,577,249,568,241,579,249,,,,,,,,0.0,0.0,0.0,0.0,0,0.0,0.0,0.0,0.0,1,0,0,0,0,0,0,0,0,0,0,0,0,0,0,0,290,1711,0,0.0,0.0,0.0,0.0,0.0,0.0,0.0,0.0,0,0,0,0
25,Viktor,Gyökeres,Gyökeres,a,,,7.5,15,6,7.6,54,8,0.0,604,70,0,0,0,0,0,6228,150119,0.0,0.0,2.4,2.4,0.0,604,70,,,607,71,608,71,608,71,608,71,,,2.0,,,,,0.0,0.0,0.0,0.0,0,0.0,0.0,0.0,0.0,1,0,0,0,0,0,0,0,0,0,0,0,0,0,0,0,6228,150119,0,0.0,0.0,0.0,0.0,0.0,0.0,0.0,0.0,0,0,0,0
186,Ephron,Mason-Clark,Mason-Clark,a,,,5.5,149,92,0.1,401,158,0.0,553,234,0,0,0,0,0,172,1003,0.0,0.0,2.0,2.0,0.0,553,234,100.0,100.0,542,228,556,236,531,219,556,234,,,,,,,,0.0,0.0,0.0,0.0,0,0.0,0.0,0.0,0.0,1,0,0,0,0,0,0,0,0,0,0,0,0,0,0,0,172,1003,0,0.0,0.0,0.0,0.0,0.0,0.0,0.0,0.0,0,0,0,0
187,Josh,Eccles,Eccles,a,,,5.0,302,179,0.0,564,236,0.0,483,193,0,0,0,0,0,47,165,0.0,0.0,1.5,1.5,0.0,483,193,,,472,185,482,194,435,160,488,192,,,,,,,,0.0,0.0,0.0,0.0,0,0.0,0.0,0.0,0.0,1,0,0,0,0,0,0,0,0,0,0,0,0,0,0,0,47,165,0,0.0,0.0,0.0,0.0,0.0,0.0,0.0,0.0,0,0,0,0
188,Victor,Torp,Torp,a,,,5.5,146,90,0.2,370,139,1.0,250,114,1,0,0,0,0,124,1130,0.2,0.2,2.0,2.0,1.0,250,114,,,192,76,72,44,530,218,163,74,2.0,2.0,2.0,,,,,0.0,0.35,0.35,1.03,0,0.0,0.0,0.0,3.21,1,1,28,0,0,0,0,0,0,0,0,0,0,0,0,8,124,1130,0,0.0,0.11,0.11,0.32,6.8,16.4,0.0,2.3,0,1,0,1
189,George,Shepherd,Shepherd,a,,,4.5,538,268,0.3,300,101,0.0,435,166,0,0,0,0,0,674,1997,0.0,0.0,1.0,1.0,0.0,435,166,,,424,159,430,169,371,128,440,166,,,,,,,,0.0,0.0,0.0,0.0,0,0.0,0.0,0.0,0.0,1,0,0,0,0,0,0,0,0,0,0,0,0,0,0,0,674,1997,0,0.0,0.0,0.0,0.0,0.0,0.0,0.0,0.0,0,0,0,0
190,Loum,Tchaouna,Tchaouna,a,,,5.5,180,109,0.2,381,145,2.0,144,68,2,0,0,0,0,908,764,0.4,0.4,2.0,2.0,2.0,144,68,,,256,117,138,82,151,78,232,105,,,,,,,,0.04,0.02,0.06,1.96,0,0.0,3.33,1.11,8.89,1,2,81,0,0,0,3,0,0,0,0,0,0,1,0,11,908,764,0,0.04,0.02,0.06,1.76,1.8,6.0,3.0,1.1,0,3,5,8
191,Raphael,Borges Rodrigues,Borges Rodrigues,a,,,4.5,487,251,0.2,366,136,0.0,393,151,0,0,0,0,0,428,1215,0.0,0.0,1.0,1.0,0.0,393,151,,,381,144,388,154,325,112,397,151,,,,,,,,0.0,0.0,0.0,0.0,0,0.0,0.0,0.0,0.0,1,0,0,0,0,0,0,0,0,0,0,0,0,0,0,0,428,1215,0,0.0,0.0,0.0,0.0,0.0,0.0,0.0,0.0,0,0,0,0
192,Kaine,Andrews,Andrews,a,,,4.5,533,265,0.7,231,76,0.0,430,163,0,0,0,0,0,1853,4662,0.0,0.0,1.0,1.0,0.0,430,163,,,419,156,425,166,366,125,435,163,,,,,,,,0.0,0.0,0.0,0.0,0,0.0,0.0,0.0,0.0,1,0,0,0,0,0,0,0,0,0,0,0,0,0,0,0,1853,4662,0,0.0,0.0,0.0,0.0,0.0,0.0,0.0,0.0,0,0,0,0
193,Haji,Wright,Wright,i,Thigh injury - Unknown return date,,5.5,125,34,0.2,376,55,0.0,539,58,0,0,0,0,0,74,3835,0.0,0.0,0.0,0.0,0.0,539,58,0.0,0.0,529,48,544,56,514,55,545,57,,,1.0,,,,,0.0,0.0,0.0,0.0,0,0.0,0.0,0.0,0.0,1,0,0,0,0,0,0,0,0,0,0,0,0,0,0,0,74,3835,0,0.0,0.0,0.0,0.0,0.0,0.0,0.0,0.0,0,0,0,0
194,Brandon,Thomas-Asante,Thomas-Asante,a,,,5.0,284,52,0.8,215,36,2.0,129,12,2,0,0,0,0,7799,4546,0.4,0.4,1.4,1.4,2.0,129,12,,,217,15,220,25,420,43,251,26,,,4.0,,,,,0.0,0.03,0.03,2.09,0,0.0,3.91,1.3,7.83,1,2,69,0,0,0,3,0,0,0,0,0,0,1,0,9,7799,4546,0,0.0,0.02,0.02,1.6,4.6,1.1,0.0,0.6,0,5,1,6
195,Ellis,Simms,Simms,a,,,5.0,273,50,1.0,200,32,2.0,127,11,2,0,0,0,0,10672,5168,0.4,0.4,1.4,1.4,2.0,127,11,,,241,18,102,10,168,27,198,20,,,,,,,,0.0,0.01,0.01,2.09,0,0.0,3.91,1.3,3.91,1,2,69,0,0,0,3,0,0,0,0,0,0,1,0,7,10672,5168,0,0.0,0.01,0.01,1.6,2.6,12.3,2.0,1.7,0,1,2,3
196,Jahnoah,Markelo,Markelo,u,Has joined Shabab Al-Ahli Dubai permanently,,5.0,372,59,0.0,572,71,0.0,525,52,0,0,0,0,0,0,448,0.0,0.0,0.0,0.0,0.0,525,52,0.0,0.0,513,42,526,50,485,49,529,51,,,,,,,,0.0,0.0,0.0,0.0,0,0.0,0.0,0.0,0.0,1,0,0,0,0,0,0,0,0,0,0,0,0,0,0,0,0,448,0,0.0,0.0,0.0,0.0,0.0,0.0,0.0,0.0,0,0,0,0
197,Norman,Bassette,Bassette,u,Has joined KVC Westerlo on loan for the rest of the season,,4.5,503,66,0.0,505,66,0.0,408,39,0,0,0,0,0,0,605,0.0,0.0,0.0,0.0,0.0,408,39,0.0,0.0,396,28,403,36,341,34,412,37,,,,,,,,0.0,0.0,0.0,0.0,0,0.0,0.0,0.0,0.0,1,0,0,0,0,0,0,0,0,0,0,0,0,0,0,0,0,605,0,0.0,0.0,0.0,0.0,0.0,0.0,0.0,0.0,0,0,0,0
492,Taiwo,Awoniyi,Awoniyi,a,,,5.5,140,36,0.8,214,35,1.0,249,24,1,0,0,0,0,2886,5336,0.2,0.2,1.8,1.8,1.0,249,24,,,537,49,201,24,526,56,291,32,,,5.0,,,,,0.0,0.0,0.0,1.3,0,0.0,0.0,0.0,4.5,1,1,20,0,0,0,0,0,0,0,0,0,0,0,0,4,2886,5336,0,0.0,0.0,0.0,0.29,0.0,1.4,0.0,0.1,0,0,1,1
575,Caleb,Yirenkyi,Yirenkyi,a,,,5.0,396,236,0.2,318,109,1.0,241,108,1,0,0,0,0,517,1720,0.2,0.2,1.5,1.5,1.0,241,108,,,524,217,164,96,503,201,540,224,,,,,,,,0.0,0.0,0.0,2.3,0,0.0,4.43,1.48,4.43,1,1,61,0,0,0,3,0,0,0,1,0,0,1,0,2,517,1720,0,0.0,0.0,0.0,1.56,0.0,3.1,0.0,0.0,0,0,3,3
584,Gustavo,Hamer,Hamer,a,,,5.5,129,80,0.1,384,147,1.0,246,112,1,0,0,0,0,237,860,0.2,0.2,2.0,2.0,1.0,246,112,,,273,129,263,139,518,209,290,138,,,,,,,,0.0,0.0,0.0,1.46,0,0.0,0.0,0.0,11.25,1,1,8,0,0,0,0,0,0,0,0,0,0,0,0,3,237,860,0,0.0,0.0,0.0,0.13,0.4,0.3,0.0,0.1,0,0,1,1
599,Sidiki,Cherif,Cherif,a,,,5.0,389,60,0.1,426,62,0.0,532,53,0,0,0,0,0,1070,852,0.0,0.0,1.4,1.4,0.0,532,53,,,521,43,533,51,497,50,537,52,,,,,,,,0.0,0.0,0.0,0.0,0,0.0,0.0,0.0,0.0,1,0,0,0,0,0,0,0,0,0,0,0,0,0,0,0,1070,852,0,0.0,0.0,0.0,0.0,0.0,0.0,0.0,0.0,0,0,0,0
42,Evann,Guessand,Guessand,a,,,5.5,188,115,0.0,491,203,1.0,260,118,1,0,0,0,0,272,407,0.2,0.2,2.0,2.0,1.0,260,118,,,237,106,191,111,111,58,230,104,,,,,,,,0.1,0.07,0.17,0.47,0,0.0,0.0,0.0,3.33,1,1,27,0,0,0,0,0,0,0,0,0,0,0,0,3,272,407,0,0.03,0.02,0.05,0.14,3.2,1.8,7.0,1.2,1,0,0,1
198,Dean,Henderson,Henderson,a,,,5.0,250,10,1.9,132,20,2.0,122,13,2,0,0,0,0,3614,8890,0.4,0.4,2.6,2.0,2.0,122,13,100.0,75.0,57,9,452,52,394,52,140,9,,,,,,,,0.0,0.0,0.0,1.12,3,0.0,2.0,1.0,0.0,1,2,90,0,0,0,2,0,0,0,0,0,3,1,0,14,3614,8890,0,0.0,0.0,0.0,1.12,28.2,0.0,0.0,2.8,0,3,13,0
199,Walter,Benítez,Benitez,a,,,4.5,414,29,0.1,404,44,0.0,356,46,0,0,0,0,0,328,730,0.0,0.0,1.9,1.9,0.0,356,46,,,343,46,346,28,272,28,360,46,,,,,,,,0.0,0.0,0.0,0.0,0,0.0,0.0,0.0,0.0,1,0,0,0,0,0,0,0,0,0,0,0,0,0,0,0,328,730,0,0.0,0.0,0.0,0.0,0.0,0.0,0.0,0.0,0,0,0,0
201,Daniel,Muñoz Mejía,Muñoz,a,,,5.5,153,18,8.9,47,17,0.0,554,195,0,0,0,0,0,12473,74861,0.0,0.0,2.5,2.5,0.0,554,195,,,263,100,190,58,43,10,159,61,,,,,,,,0.38,0.02,0.4,1.4,0,0.0,3.33,1.67,6.67,1,0,54,0,0,0,2,0,0,0,0,0,0,1,0,-4,12473,74861,0,0.23,0.01,0.24,0.84,1.2,1.8,21.0,2.4,1,3,1,4
202,Chris,Richards,Richards,a,,,5.0,295,53,0.7,222,84,3.0,89,38,3,0,0,0,0,2705,3492,0.6,0.6,2.2,2.2,3.0,89,38,,,22,8,236,83,429,173,95,33,,,,,,,,0.0,0.0,0.0,1.12,0,0.0,2.0,1.0,16.0,1,3,90,0,0,0,2,0,0,0,0,0,0,1,0,13,2705,3492,0,0.0,0.0,0.0,1.12,42.6,0.7,0.0,4.3,2,14,1,16
203,Jaydee,Canvot,Canvot,a,,,5.0,393,78,0.3,292,108,1.0,239,92,1,0,0,0,0,581,2195,0.2,0.2,2.2,2.2,1.0,239,92,,,60,23,142,42,124,40,109,38,,,,,,,,0.05,0.01,0.06,1.12,0,0.0,2.0,1.0,8.0,1,1,90,0,0,0,2,0,0,0,0,0,0,1,0,9,581,2195,0,0.05,0.01,0.06,1.12,27.4,5.7,5.0,3.8,4,4,3,8
204,Tyrick,Mitchell,Mitchell,a,,,4.5,458,117,5.9,65,26,1.0,191,70,1,0,0,0,0,4342,30837,0.2,0.2,1.7,1.7,1.0,191,70,,,145,68,92,27,162,58,143,56,,,,,,,,0.0,0.01,0.01,1.12,0,0.0,2.0,1.0,5.0,1,1,90,0,0,0,2,0,0,0,0,0,0,1,0,9,4342,30837,0,0.0,0.01,0.01,1.12,11.6,13.8,2.0,2.7,2,3,4,5
205,Borna,Sosa,Sosa,a,,,4.5,438,101,0.0,523,181,0.0,369,140,0,0,0,0,0,92,214,0.0,0.0,1.7,1.7,0.0,369,140,,,356,145,360,149,288,123,373,146,,,,,,,,0.0,0.0,0.0,0.0,0,0.0,0.0,0.0,0.0,1,0,0,0,0,0,0,0,0,0,0,0,0,0,0,0,92,214,0,0.0,0.0,0.0,0.0,0.0,0.0,0.0,0.0,0,0,0,0
206,Chadi,Riad Dnanou,Chadi Riad,d,Knee injury - 50% chance of playing,,4.5,496,136,0.1,476,165,1.0,202,79,1,0,0,0,0,248,1828,0.2,0.2,0.9,1.7,1.0,202,79,50.0,,137,64,206,66,334,146,216,83,,,,,,,,0.0,0.01,0.01,1.22,0,0.0,2.5,1.25,8.75,1,1,72,0,0,0,2,0,0,0,0,0,0,1,0,7,248,1828,0,0.0,0.01,0.01,0.98,12.6,1.3,0.0,1.4,1,6,3,7
207,Oscar,Mingueza,Mingueza,a,,,4.5,453,113,0.1,444,157,0.0,378,147,0,0,0,0,0,143,807,0.0,0.0,1.7,1.7,0.0,378,147,,,364,151,369,155,299,131,381,152,,,,,,,,0.0,0.0,0.0,0.0,0,0.0,0.0,0.0,0.0,1,0,0,0,0,0,0,0,0,0,0,0,0,0,0,0,143,807,0,0.0,0.0,0.0,0.0,0.0,0.0,0.0,0.0,0,0,0,0
208,Ismaïla,Sarr,Sarr,d,Groin injury - 75% chance of playing,,6.5,40,27,3.4,99,32,0.0,595,260,0,0,0,0,0,1869,109279,0.0,0.0,1.7,2.3,0.0,595,260,75.0,,596,259,599,261,596,258,599,261,,,2.0,,,,,0.0,0.0,0.0,0.0,0,0.0,0.0,0.0,0.0,1,0,0,0,0,0,0,0,0,0,0,0,0,0,0,0,1869,109279,0,0.0,0.0,0.0,0.0,0.0,0.0,0.0,0.0,0,0,0,0
210,Adam,Wharton,Wharton,a,,,5.5,193,118,0.9,206,69,4.0,76,32,4,0,0,0,0,4039,4570,0.7,0.7,2.0,2.0,4.0,76,32,100.0,100.0,103,36,25,20,555,233,82,43,1.0,,,,,,,0.0,0.24,0.24,1.12,0,0.0,2.0,1.0,14.0,1,4,90,0,0,0,2,0,0,0,0,0,0,1,0,20,4039,4570,0,0.0,0.24,0.24,1.12,16.8,30.9,0.0,4.8,2,4,8,14
211,Yéremy,Pino Santos,Yeremy,a,,,5.5,191,117,0.2,348,126,1.0,262,119,1,0,0,0,0,178,1435,0.2,0.2,2.0,2.0,1.0,262,119,,,254,116,137,81,120,61,220,98,2.0,1.0,,,,,,0.15,0.05,0.2,0.69,0,0.0,0.0,0.0,12.86,1,1,35,0,0,0,0,0,0,0,0,0,0,0,0,4,178,1435,0,0.06,0.02,0.08,0.27,2.0,6.3,6.0,1.4,2,0,3,5
212,Will,Hughes,Hughes,a,,,4.5,410,240,11.2,35,12,0.0,352,142,0,0,0,0,0,13594,56412,0.0,0.0,1.0,1.0,0.0,352,142,,,339,135,342,145,268,101,356,142,3.0,,,,,,,0.0,0.0,0.0,0.0,0,0.0,0.0,0.0,0.0,1,0,0,0,0,0,0,0,0,0,0,0,0,0,0,0,13594,56412,0,0.0,0.0,0.0,0.0,0.0,0.0,0.0,0.0,0,0,0,0
213,Jefferson,Lerma Solís,Lerma,a,,,5.0,242,145,0.1,409,160,0.0,448,172,0,0,0,0,0,145,867,0.0,0.0,1.5,1.5,0.0,448,172,,,438,165,446,175,386,134,454,172,,,,,,,,0.0,0.0,0.0,0.0,0,0.0,0.0,0.0,0.0,1,0,0,0,0,0,0,0,0,0,0,0,0,0,0,0,145,867,0,0.0,0.0,0.0,0.0,0.0,0.0,0.0,0.0,0,0,0,0
214,Daichi,Kamada,Kamada,a,,,5.0,264,161,0.3,306,106,3.0,87,35,3,0,0,0,0,1212,1870,0.6,0.6,1.5,1.5,3.0,87,35,,,81,27,29,22,404,146,75,40,4.0,,,,,,,0.0,0.27,0.27,1.12,0,0.0,2.0,1.0,14.0,1,3,90,0,0,0,2,0,0,0,1,0,0,1,0,25,1212,1870,0,0.0,0.27,0.27,1.12,20.4,29.3,0.0,5.0,3,3,8,14
215,Justin,Devenny,Devenny,a,,,5.0,331,191,0.0,577,245,0.0,502,203,0,0,0,0,0,48,116,0.0,0.0,1.5,1.5,0.0,502,203,,,490,195,502,204,459,171,506,202,,2.0,3.0,,,,,0.0,0.0,0.0,0.0,0,0.0,0.0,0.0,0.0,1,0,0,0,0,0,0,0,0,0,0,0,0,0,0,0,48,116,0,0.0,0.0,0.0,0.0,0.0,0.0,0.0,0.0,0,0,0,0
216,Romain,Esse,Esse,a,,,5.0,382,227,0.0,504,211,0.0,530,222,0,0,0,0,0,153,385,0.0,0.0,1.5,1.5,0.0,530,222,,,519,215,531,223,493,194,535,222,,,,,,,,0.0,0.0,0.0,0.0,0,0.0,0.0,0.0,0.0,1,0,0,0,0,0,0,0,0,0,0,0,0,0,0,0,153,385,0,0.0,0.0,0.0,0.0,0.0,0.0,0.0,0.0,0,0,0,0
217,Matheus,França de Oliveira,M.França,a,,,5.0,364,213,0.0,528,219,0.0,519,213,0,0,0,0,0,11,437,0.0,0.0,1.5,1.5,0.0,519,213,,,507,205,520,214,478,182,523,212,,,,,,,,0.0,0.0,0.0,0.0,0,0.0,0.0,0.0,0.0,1,0,0,0,0,0,0,0,0,0,0,0,0,0,0,0,11,437,0,0.0,0.0,0.0,0.0,0.0,0.0,0.0,0.0,0,0,0,0
218,Cheick,Doucouré,Doucouré,a,,,5.0,301,178,0.1,463,188,0.0,482,192,0,0,0,0,0,171,663,0.0,0.0,1.5,1.5,0.0,482,192,,,471,184,481,193,434,159,487,191,,,,,,,,0.0,0.0,0.0,0.0,0,0.0,0.0,0.0,0.0,1,0,0,0,0,0,0,0,0,0,0,0,0,0,0,0,171,663,0,0.0,0.0,0.0,0.0,0.0,0.0,0.0,0.0,0,0,0,0
219,Jesurun,Rak-Sakyi,J.Rak-Sakyi,a,,,5.0,309,182,0.0,593,254,0.0,490,196,0,0,0,0,0,21,53,0.0,0.0,1.5,1.5,0.0,490,196,,,479,188,489,197,442,163,495,195,,,,,,,,0.0,0.0,0.0,0.0,0,0.0,0.0,0.0,0.0,1,0,0,0,0,0,0,0,0,0,0,0,0,0,0,0,21,53,0,0.0,0.0,0.0,0.0,0.0,0.0,0.0,0.0,0,0,0,0
220,Rio,Cardines,Cardines,u,Has joined Bristol City on loan for the rest of the season,,4.5,520,145,0.0,605,203,0.0,420,163,0,0,0,0,0,0,45,0.0,0.0,0.0,0.0,0.0,420,163,0.0,0.0,409,169,415,170,355,153,425,169,,,,,,,,0.0,0.0,0.0,0.0,0,0.0,0.0,0.0,0.0,1,0,0,0,0,0,0,0,0,0,0,0,0,0,0,0,0,45,0,0.0,0.0,0.0,0.0,0.0,0.0,0.0,0.0,0,0,0,0
221,Joél,Drakes-Thomas,Drakes-Thomas,a,,,4.5,537,267,0.1,433,172,0.0,434,165,0,0,0,0,0,270,621,0.0,0.0,1.0,1.0,0.0,434,165,,,423,158,429,168,370,127,439,165,,,,,,,,0.0,0.0,0.0,0.0,0,0.0,0.0,0.0,0.0,1,0,0,0,0,0,0,0,0,0,0,0,0,0,0,0,270,621,0,0.0,0.0,0.0,0.0,0.0,0.0,0.0,0.0,0,0,0,0
222,Jørgen,Strand Larsen,Strand Larsen,a,,,6.0,77,20,0.6,249,41,1.0,277,33,1,0,0,0,0,931,4154,0.2,0.2,2.0,2.0,1.0,277,33,,,266,23,159,20,61,13,168,17,,,,,,,,0.83,0.03,0.86,0.47,0,0.0,0.0,0.0,0.0,1,1,27,0,0,0,0,0,0,0,0,0,0,0,0,3,931,4154,0,0.25,0.01,0.26,0.14,1.0,3.5,17.0,2.2,0,0,0,0
223,Jean-Philippe,Mateta,Mateta,a,,,6.5,39,11,5.4,67,11,2.0,162,16,2,0,0,0,0,15356,39626,0.3,0.3,2.1,2.1,2.0,162,16,,,260,22,103,11,85,16,153,16,,,1.0,,,,,1.02,0.03,1.05,1.42,0,0.0,2.9,1.45,7.26,1,2,62,0,0,0,2,0,0,0,0,0,0,1,0,-3,15356,39626,0,0.7,0.02,0.72,0.98,1.4,12.3,11.0,2.5,2,1,2,5
224,Eddie,Nketiah,Nketiah,a,,,5.5,136,35,0.5,255,43,1.0,248,23,1,0,0,0,0,1965,3417,0.2,0.2,1.8,1.8,1.0,248,23,,,161,12,49,2,42,11,56,10,,,,,,,,0.98,0.95,1.93,1.37,0,0.0,3.27,1.64,4.91,1,1,55,0,0,0,2,0,0,0,0,0,0,1,0,12,1965,3417,0,0.6,0.58,1.18,0.84,10.4,24.5,23.0,5.8,1,1,1,3
225,Christantus,Uche,Uche,u,has returned to Getafe CF,,5.0,395,61,0.0,612,73,0.0,534,54,0,0,0,0,0,0,0,0.0,0.0,0.0,0.0,0.0,534,54,0.0,0.0,523,44,537,52,502,51,539,53,,,,,,,,0.0,0.0,0.0,0.0,0,0.0,0.0,0.0,0.0,1,0,0,0,0,0,0,0,0,0,0,0,0,0,0,0,0,0,0,0.0,0.0,0.0,0.0,0.0,0.0,0.0,0.0,0,0,0,0
241,Dwight,McNeil,McNeil,a,,,5.5,159,99,0.2,363,135,2.0,142,66,2,0,0,0,0,223,936,0.4,0.4,2.0,2.0,2.0,142,66,,,167,64,148,88,176,87,204,92,,,,,,,,0.07,0.03,0.1,1.42,0,0.0,2.9,1.45,7.26,1,2,62,0,0,0,2,0,0,0,0,0,0,1,0,11,223,936,0,0.05,0.02,0.07,0.98,9.6,4.7,2.0,1.6,0,3,2,5
555,Remi,Matthews,Matthews,a,,,4.0,556,57,1.8,135,21,0.0,305,30,0,0,0,0,0,3759,4028,0.0,0.0,1.0,1.0,0.0,305,30,,,292,30,291,10,209,10,309,30,,,,,,,,0.0,0.0,0.0,0.0,0,0.0,0.0,0.0,0.0,1,0,0,0,0,0,0,0,0,0,0,0,0,0,0,0,3759,4028,0,0.0,0.0,0.0,0.0,0.0,0.0,0.0,0.0,0,0,0,0
577,Takehiro,Tomiyasu,Tomiyasu,a,,,4.5,443,105,0.4,280,106,1.0,189,68,1,0,0,0,0,618,1586,0.2,0.2,1.7,1.7,1.0,189,68,,,242,95,172,51,292,126,254,94,,,,,,,,0.0,0.05,0.05,0.7,0,0.0,0.0,0.0,5.0,1,1,18,0,0,0,0,0,0,0,0,0,0,0,0,3,618,1586,0,0.0,0.01,0.01,0.14,2.4,2.4,0.0,0.5,0,1,1,1
588,Anan,Khalaili,Khalaili,a,,,5.0,376,74,0.1,416,148,1.0,232,90,1,0,0,0,0,315,476,0.2,0.2,2.2,2.2,1.0,232,90,,,69,30,39,12,134,44,63,21,,,,,,,,0.0,0.41,0.41,0.69,0,0.0,0.0,0.0,23.14,1,1,35,0,0,0,0,0,0,0,0,0,0,0,0,12,315,476,0,0.0,0.16,0.16,0.27,24.0,26.5,4.0,5.5,4,5,3,9
595,Zavier,Gozo,Gozo,a,,,5.0,375,222,0.0,567,239,0.0,527,219,0,0,0,0,0,82,99,0.0,0.0,1.5,1.5,0.0,527,219,,,516,212,528,220,488,190,532,219,,,,,,,,0.0,0.0,0.0,0.0,0,0.0,0.0,0.0,0.0,1,0,0,0,0,0,0,0,0,0,0,0,0,0,0,0,82,99,0,0.0,0.0,0.0,0.0,0.0,0.0,0.0,0.0,0,0,0,0
21,Christian,Nørgaard,Nørgaard,i,Unspecified injury - Unknown return date,,5.0,238,143,0.1,425,168,0.0,445,170,0,0,0,0,0,76,1948,0.0,0.0,0.0,0.0,0.0,445,170,0.0,0.0,435,163,442,173,383,132,451,170,,,,,,,,0.0,0.0,0.0,0.0,0,0.0,0.0,0.0,0.0,1,0,0,0,0,0,0,0,0,0,0,0,0,0,0,0,76,1948,0,0.0,0.0,0.0,0.0,0.0,0.0,0.0,0.0,0,0,0,0
209,Brennan,Johnson,Johnson,a,,,6.0,76,49,0.2,373,142,1.0,276,128,1,0,0,0,0,345,1521,0.2,0.2,2.2,2.2,1.0,276,128,,,225,98,266,141,577,243,272,127,,,,,,,,0.0,0.0,0.0,4.35,0,0.0,0.0,0.0,30.0,1,1,6,0,0,0,0,0,0,0,0,0,0,0,0,3,345,1521,0,0.0,0.0,0.0,0.29,4.0,0.3,0.0,0.4,0,2,0,2
226,Jordan,Pickford,Pickford,a,,,5.5,116,2,8.7,49,6,7.0,38,4,7,0,0,0,0,41780,14846,1.3,1.3,3.3,3.3,7.0,38,4,,,49,5,539,64,508,64,127,5,,,,,,,,0.0,0.02,0.02,1.96,4,1.0,0.0,1.0,0.0,1,7,90,0,0,1,0,0,0,0,0,0,4,1,0,34,41780,14846,0,0.0,0.02,0.02,1.96,31.8,0.0,0.0,3.2,0,0,12,0
227,Mark,Travers,Travers,a,,,5.0,283,13,0.0,514,55,0.0,469,63,0,0,0,0,0,173,244,0.0,0.0,2.6,2.6,0.0,469,63,,,460,63,469,55,419,55,476,63,,,,,,,,0.0,0.0,0.0,0.0,0,0.0,0.0,0.0,0.0,1,0,0,0,0,0,0,0,0,0,0,0,0,0,0,0,173,244,0,0.0,0.0,0.0,0.0,0.0,0.0,0.0,0.0,0,0,0,0
228,Tom,King,King,a,,,4.5,417,31,0.0,496,53,0.0,358,48,0,0,0,0,0,154,241,0.0,0.0,1.9,1.9,0.0,358,48,,,345,48,348,30,274,30,362,48,,,,,,,,0.0,0.0,0.0,0.0,0,0.0,0.0,0.0,0.0,1,0,0,0,0,0,0,0,0,0,0,0,0,0,0,0,154,241,0,0.0,0.0,0.0,0.0,0.0,0.0,0.0,0.0,0,0,0,0
229,James,Tarkowski,Tarkowski,a,,,6.0,56,5,8.8,48,18,6.0,59,27,6,0,0,0,0,29084,18436,1.0,1.0,2.8,2.8,6.0,59,27,,,115,53,232,80,138,46,181,70,,,,,,,,0.05,0.0,0.05,1.96,0,1.0,0.0,1.0,9.0,1,6,90,0,0,1,0,0,0,0,0,0,0,1,0,25,29084,18436,0,0.05,0.0,0.05,1.96,15.2,0.8,4.0,2.0,1,8,4,9
230,Jarrad,Branthwaite,Branthwaite,a,,,5.5,185,27,1.8,136,55,6.0,57,25,6,0,0,0,0,12847,4703,1.1,1.1,2.5,2.5,6.0,57,25,,,92,39,231,79,119,37,152,59,,,,,,,,0.0,0.01,0.01,1.96,0,1.0,0.0,1.0,8.0,1,6,90,0,0,1,0,0,0,0,0,0,0,1,0,27,12847,4703,0,0.0,0.01,0.01,1.96,18.6,0.8,6.0,2.5,2,6,2,8
231,Michael,Keane,Keane,a,,,5.0,233,37,1.5,161,67,0.0,441,168,0,0,0,0,0,2433,14851,0.0,0.0,2.2,2.2,0.0,441,168,,,430,174,437,175,378,158,446,174,,,,,,,,0.0,0.0,0.0,0.0,0,0.0,0.0,0.0,0.0,1,0,0,0,0,0,0,0,0,0,0,0,0,0,0,0,2433,14851,0,0.0,0.0,0.0,0.0,0.0,0.0,0.0,0.0,0,0,0,0
232,Jake,O'Brien,O'Brien,a,,,5.0,351,71,0.5,260,98,0.0,515,188,0,0,0,0,0,1052,4158,0.0,0.0,2.2,2.2,0.0,515,188,,,503,194,516,194,473,185,519,194,,,,,,,,0.0,0.0,0.0,0.0,0,0.0,0.0,0.0,0.0,1,0,0,0,0,0,0,0,0,0,0,0,0,0,0,0,1052,4158,0,0.0,0.0,0.0,0.0,0.0,0.0,0.0,0.0,0,0,0,0
233,Vitalii,Mykolenko,Mykolenko,a,,,4.5,444,106,1.6,151,62,6.0,47,20,6,0,0,0,0,12636,4538,1.3,1.3,1.7,1.7,6.0,47,20,,,136,63,91,26,160,56,135,53,,,,,,,,0.0,0.05,0.05,1.96,0,1.0,0.0,1.0,4.0,1,6,90,0,0,1,0,0,0,0,0,0,0,1,0,27,12636,4538,0,0.0,0.05,0.05,1.96,12.8,13.8,2.0,2.9,0,4,4,4
234,Nathan,Patterson,Patterson,a,,,4.5,457,116,0.0,519,180,0.0,381,150,0,0,0,0,0,138,234,0.0,0.0,1.7,1.7,0.0,381,150,,,367,154,372,158,303,134,384,155,,,,,,,,0.0,0.0,0.0,0.0,0,0.0,0.0,0.0,0.0,1,0,0,0,0,0,0,0,0,0,0,0,0,0,0,0,138,234,0,0.0,0.0,0.0,0.0,0.0,0.0,0.0,0.0,0,0,0,0
235,Adam,Aznou,Aznou,a,,,4.0,586,180,0.2,356,134,0.0,325,112,0,0,0,0,0,706,1037,0.0,0.0,1.0,1.0,0.0,325,112,,,312,117,312,119,233,87,329,118,,,,,,,,0.0,0.0,0.0,0.0,0,0.0,0.0,0.0,0.0,1,0,0,0,0,0,0,0,0,0,0,0,0,0,0,0,706,1037,0,0.0,0.0,0.0,0.0,0.0,0.0,0.0,0.0,0,0,0,0
236,Kiernan,Dewsbury-Hall,Dewsbury-Hall,a,,,6.5,37,25,4.3,76,25,11.0,12,7,11,0,0,0,0,83827,14692,1.7,1.7,2.3,2.3,11.0,12,7,,,20,10,32,24,35,19,16,12,2.0,,,,,,,0.12,0.17,0.29,1.92,0,1.0,0.0,1.0,8.0,1,11,90,1,0,1,0,0,0,0,0,0,0,1,3,40,83827,14692,0,0.12,0.17,0.29,1.92,42.8,28.3,27.0,9.8,2,1,5,8
237,Iliman,Ndiaye,Ndiaye,a,,,6.0,81,52,16.1,25,8,9.0,26,12,9,0,0,0,0,72658,27706,1.5,1.5,2.2,2.2,9.0,26,12,,,25,13,15,13,9,6,5,4,,,1.0,,,,,0.24,0.32,0.56,1.96,0,1.0,0.0,1.0,12.0,1,9,90,0,1,1,0,0,0,0,0,0,0,1,1,36,72658,27706,0,0.24,0.32,0.56,1.96,40.8,39.8,48.0,12.9,4,0,8,12
239,James,Garner,Garner,a,,,6.0,75,48,0.1,397,155,1.0,275,127,1,0,0,0,0,803,1090,0.2,0.2,2.2,0.5,1.0,275,127,100.0,25.0,215,91,109,65,183,93,187,84,1.0,1.0,3.0,,,,,0.0,0.25,0.25,2.78,0,0.0,0.0,0.0,8.18,1,1,11,0,0,0,0,0,0,0,0,0,0,0,0,6,803,1090,0,0.0,0.03,0.03,0.34,4.8,11.8,2.0,1.9,1,0,0,1
240,Tim,Iroegbunam,Iroegbunam,i,Thigh injury - Unknown return date,,5.0,333,193,0.0,576,244,0.0,504,205,0,0,0,0,0,14,238,0.0,0.0,0.0,0.0,0.0,504,205,0.0,0.0,492,197,504,206,461,173,508,204,,,,,,,,0.0,0.0,0.0,0.0,0,0.0,0.0,0.0,0.0,1,0,0,0,0,0,0,0,0,0,0,0,0,0,0,0,14,238,0,0.0,0.0,0.0,0.0,0.0,0.0,0.0,0.0,0,0,0,0
242,Tyrique,George,George,a,,,5.5,209,131,0.3,304,104,3.0,102,45,3,0,0,0,0,1326,1424,0.5,0.5,2.0,2.0,3.0,102,45,,,190,75,50,32,37,21,65,34,,,,,,,,0.2,0.09,0.29,1.81,0,1.08,0.0,1.08,7.59,1,3,83,0,0,1,0,0,0,0,0,0,0,1,0,13,1326,1424,0,0.18,0.08,0.26,1.67,7.0,23.4,25.0,5.5,0,3,4,7
243,Carlos,Alcaraz Durán,Alcaraz,a,,,5.0,347,201,0.1,424,167,1.0,225,96,1,0,0,0,0,535,706,0.2,0.2,1.5,1.5,1.0,225,96,,,213,89,261,137,55,30,165,75,,,,,,,,1.8,0.0,1.8,3.6,0,0.0,0.0,0.0,270.0,1,1,1,0,0,0,0,0,0,0,0,0,0,0,0,7,535,706,0,0.02,0.0,0.02,0.04,5.0,0.3,17.0,2.2,1,0,2,3
244,Harrison,Armstrong,Armstrong,a,,,5.0,384,229,0.2,362,134,8.0,31,15,8,0,0,0,0,6854,1259,1.6,1.6,1.5,1.5,8.0,31,15,,,55,22,83,53,135,67,81,42,,,,,,,,0.0,0.04,0.04,1.96,0,1.0,0.0,1.0,16.0,1,8,90,0,1,1,0,0,0,0,0,0,0,1,0,25,6854,1259,0,0.0,0.04,0.04,1.96,28.8,14.7,4.0,4.8,2,3,11,16
245,Tyler,Dibling,Dibling,a,,,5.5,194,119,0.0,509,214,0.0,566,242,0,0,0,0,0,110,445,0.0,0.0,2.0,2.0,0.0,566,242,,,557,236,570,244,556,234,570,242,,,,,,,,0.0,0.0,0.0,0.0,0,0.0,0.0,0.0,0.0,1,0,0,0,0,0,0,0,0,0,0,0,0,0,0,0,110,445,0,0.0,0.0,0.0,0.0,0.0,0.0,0.0,0.0,0,0,0,0
246,Merlin,Röhl,Röhl,a,,,5.0,352,203,0.1,470,192,3.0,92,36,3,0,0,0,0,302,341,0.6,0.6,1.5,1.5,3.0,92,36,,,128,41,100,62,173,85,136,62,,,,,,,,0.0,0.06,0.06,1.96,0,1.0,0.0,1.0,9.0,1,3,90,0,0,1,0,0,0,0,0,0,0,1,0,12,302,341,0,0.0,0.06,0.06,1.96,13.8,13.0,2.0,2.9,2,2,5,9
247,Hayden,Hackney,Hackney,a,,,5.5,152,94,0.3,308,107,3.0,96,39,3,0,0,0,0,708,1325,0.5,0.5,2.0,2.0,3.0,96,39,,,174,68,104,63,126,63,149,67,,,,,,,,0.01,0.01,0.02,1.87,0,1.15,0.0,1.15,8.08,1,3,78,0,0,1,0,0,0,0,0,0,0,1,0,16,708,1325,0,0.01,0.01,0.02,1.62,8.6,12.2,5.0,2.6,2,1,4,7
248,Norberto Bercique,Gomes Betuncal,Beto,a,,,5.5,189,43,2.5,115,17,1.0,261,28,1,0,0,0,0,5185,23561,0.2,0.2,1.8,1.8,1.0,261,28,,,555,54,568,60,177,28,285,30,,,4.0,,,,,0.41,0.0,0.41,2.78,0,0.0,0.0,0.0,0.0,1,1,11,0,0,0,0,0,0,0,0,0,0,0,0,3,5185,23561,0,0.05,0.0,0.05,0.34,0.0,0.0,2.0,0.2,0,0,0,0
249,Thierno,Barry,Barry,a,,,5.5,218,45,2.2,122,19,8.0,32,3,8,0,0,0,0,60075,10527,1.5,1.5,1.8,1.8,8.0,32,3,,,31,3,65,5,14,4,15,3,,,2.0,,,,,0.52,0.1,0.62,1.87,0,1.15,0.0,1.15,3.46,1,8,78,1,0,1,0,0,0,0,0,0,0,1,2,37,60075,10527,0,0.45,0.09,0.54,1.62,38.0,19.0,41.0,9.8,1,0,2,3
250,Bernd,Leno,Leno,a,,,4.5,402,24,3.0,103,17,2.0,112,8,2,0,0,0,0,6500,6474,0.4,0.4,1.9,1.9,2.0,112,8,,,53,7,338,23,262,23,130,7,,,,,,,,0.0,0.0,0.0,2.24,3,0.0,3.0,1.0,0.0,1,2,90,0,0,0,3,0,0,0,0,0,3,1,0,11,6500,6474,0,0.0,0.0,0.0,2.24,29.6,0.0,0.0,3.0,0,1,9,0
251,Benjamin,Lecomte,Lecomte,a,,,4.0,545,53,1.2,175,26,0.0,299,26,0,0,0,0,0,853,2158,0.0,0.0,1.0,1.0,0.0,299,26,,,286,26,283,6,201,6,302,26,,,,,,,,0.0,0.0,0.0,0.0,0,0.0,0.0,0.0,0.0,1,0,0,0,0,0,0,0,0,0,0,0,0,0,0,0,853,2158,0,0.0,0.0,0.0,0.0,0.0,0.0,0.0,0.0,0,0,0,0
252,Alfie,McNally,McNally,a,,,4.0,589,66,0.2,375,40,0.0,328,39,0,0,0,0,0,464,391,0.0,0.0,1.0,1.0,0.0,328,39,,,315,39,315,19,236,19,332,39,,,,,,,,0.0,0.0,0.0,0.0,0,0.0,0.0,0.0,0.0,1,0,0,0,0,0,0,0,0,0,0,0,0,0,0,0,464,391,0,0.0,0.0,0.0,0.0,0.0,0.0,0.0,0.0,0,0,0,0
253,Joachim,Andersen,Andersen,a,,,5.0,251,41,0.1,481,168,0.0,454,171,0,0,0,0,0,989,331,0.0,0.0,2.2,0.0,0.0,454,171,100.0,0.0,444,178,453,179,395,162,460,178,,,,,,,,0.0,0.0,0.0,0.0,0,0.0,0.0,0.0,0.0,1,0,0,0,0,0,0,0,0,0,0,0,0,0,0,0,989,331,0,0.0,0.0,0.0,0.0,0.0,0.0,0.0,0.0,0,0,0,0
254,Antonee,Robinson,Robinson,a,,,4.5,423,90,1.7,145,60,1.0,187,66,1,0,0,0,0,6965,5749,0.2,0.2,1.7,1.7,1.0,187,66,,,76,36,46,15,147,48,74,25,,,2.0,,,,,0.14,0.04,0.18,2.46,0,0.0,3.33,1.11,7.78,1,1,81,0,0,0,3,0,0,0,0,0,0,1,0,4,6965,5749,0,0.13,0.04,0.17,2.21,21.6,25.2,3.0,5.0,3,4,5,7
255,Jorge,Cuenca Barreno,J.Cuenca,a,,,4.5,460,119,0.0,527,182,3.0,84,35,3,0,0,0,0,403,122,0.7,0.7,1.7,1.7,3.0,84,35,,,44,16,60,18,305,136,66,22,,,,,,,,0.0,0.03,0.03,2.24,0,0.0,3.0,1.0,10.0,1,3,90,0,0,0,3,0,0,0,0,0,0,1,0,7,403,122,0,0.0,0.03,0.03,2.24,32.8,21.3,0.0,5.4,1,9,3,10
262,Emile,Smith Rowe,Smith Rowe,a,,,5.5,139,86,0.4,273,89,0.0,546,229,0,0,0,0,0,871,2749,0.0,0.0,2.0,2.0,0.0,546,229,,,536,223,552,232,525,214,552,230,,,,,,,,0.0,0.0,0.0,0.0,0,0.0,0.0,0.0,0.0,1,0,0,0,0,0,0,0,0,0,0,0,0,0,0,0,871,2749,0,0.0,0.0,0.0,0.0,0.0,0.0,0.0,0.0,0,0,0,0
263,Kevin,Santos Lopes de Macedo,Kevin,a,,,5.5,211,133,0.1,474,195,1.0,267,123,1,0,0,0,0,260,508,0.2,0.2,2.0,2.0,1.0,267,123,,,209,86,189,110,563,240,248,111,3.0,,,,,,,0.0,0.05,0.05,0.16,0,0.0,0.0,0.0,15.88,1,1,17,0,0,0,0,0,0,0,0,0,0,0,0,2,260,508,0,0.0,0.01,0.01,0.03,5.2,1.9,0.0,0.7,2,0,1,3
264,Oscar,Bobb,Bobb,a,,,5.5,184,112,0.3,291,97,2.0,145,69,2,0,0,0,0,2671,1849,0.4,0.4,2.0,2.0,2.0,145,69,,,165,62,93,59,118,60,132,61,2.0,,,,,,,0.0,0.35,0.35,3.01,0,0.0,4.09,1.36,8.18,1,2,66,0,0,0,3,0,0,0,0,0,0,1,0,10,2671,1849,0,0.0,0.26,0.26,2.21,9.8,13.8,6.0,3.0,3,1,2,6
265,Sander,Berge,Berge,a,,,5.0,261,159,0.4,269,86,2.0,123,55,2,0,0,0,0,964,2025,0.4,0.4,1.5,1.5,2.0,123,55,,,129,42,52,34,104,53,91,48,,,,,,,,0.04,0.04,0.08,2.76,0,0.0,3.75,1.25,5.0,1,2,72,0,0,0,3,0,0,0,0,0,0,1,0,14,964,2025,0,0.03,0.03,0.06,2.21,13.6,23.1,7.0,4.4,1,1,2,4
266,Tom,Cairney,Cairney,i,Knee injury - Expected back 10 Oct,,5.0,226,140,0.0,597,258,0.0,437,168,0,0,0,0,0,10,80,0.0,0.0,0.0,0.0,0.0,437,168,0.0,0.0,426,161,432,171,373,130,442,168,,,,,,,,0.0,0.0,0.0,0.0,0,0.0,0.0,0.0,0.0,1,0,0,0,0,0,0,0,0,0,0,0,0,0,0,0,10,80,0,0.0,0.0,0.0,0.0,0.0,0.0,0.0,0.0,0,0,0,0
268,Josh,King,King,a,,,5.5,216,136,0.4,270,87,7.0,40,20,7,0,0,0,0,18297,1739,1.3,1.3,2.0,2.0,7.0,40,20,,,23,12,77,48,13,8,14,11,,,,,,,,0.17,0.04,0.21,2.24,0,0.0,3.0,1.0,8.0,1,7,90,1,0,0,3,0,0,0,0,0,0,1,0,34,18297,1739,0,0.17,0.04,0.21,2.24,41.6,15.6,41.0,9.8,2,2,4,8
269,Ryan,Sessegnon,Sessegnon,a,,,4.5,427,92,0.4,267,101,1.0,188,67,1,0,0,0,0,641,1610,0.2,0.2,1.7,1.7,1.0,188,67,,,194,86,249,90,46,11,147,58,,,,,,,,0.16,0.0,0.16,0.16,0,0.0,0.0,0.0,5.29,1,1,17,0,0,0,0,0,0,0,0,0,0,0,0,7,641,1610,0,0.03,0.0,0.03,0.03,6.6,0.5,19.0,2.6,0,1,1,1
270,Harrison,Reed,Reed,a,,,4.5,419,241,1.5,163,48,0.0,359,143,0,0,0,0,0,3973,8792,0.0,0.0,1.0,1.0,0.0,359,143,,,346,136,350,146,276,102,363,143,,,,,,,,0.0,0.0,0.0,0.0,0,0.0,0.0,0.0,0.0,1,0,0,0,0,0,0,0,0,0,0,0,0,0,0,0,3973,8792,0,0.0,0.0,0.0,0.0,0.0,0.0,0.0,0.0,0,0,0,0
271,Rodrigo,Muniz Carvalho,Muniz,a,,,5.5,151,37,0.6,243,38,1.0,252,25,1,0,0,0,0,1695,3846,0.2,0.2,1.8,1.8,1.0,252,25,,,202,13,112,13,108,22,151,15,,,,,,,,0.22,0.0,0.22,0.34,0,0.0,0.0,0.0,11.25,1,1,8,0,0,0,0,0,0,0,0,0,0,0,0,6,1695,3846,0,0.02,0.0,0.02,0.03,6.0,11.5,7.0,2.5,0,1,0,1
272,Jonah,Kusi-Asare,Kusi-Asare,a,,,4.5,534,73,7.1,55,9,0.0,431,45,0,0,0,0,0,15485,26380,0.0,0.0,1.0,1.0,0.0,431,45,,,420,35,426,42,367,41,436,44,,,,,,,,0.0,0.0,0.0,0.0,0,0.0,0.0,0.0,0.0,1,0,0,0,0,0,0,0,0,0,0,0,0,0,0,0,15485,26380,0,0.0,0.0,0.0,0.0,0.0,0.0,0.0,0.0,0,0,0,0
569,Gonzalo,García,Gonzalo,a,,,6.0,105,27,2.9,106,14,6.0,62,4,6,0,0,0,0,59331,7812,1.0,1.0,2.0,2.0,6.0,62,4,,,34,4,150,18,16,6,30,6,,,1.0,,,,,0.73,0.01,0.74,2.24,0,0.0,3.0,1.0,2.0,1,6,90,1,0,0,3,0,0,0,0,0,0,1,0,33,59331,7812,0,0.73,0.01,0.74,2.24,37.2,4.3,40.0,8.2,1,0,1,2
570,César,Palacios,Palacios,a,,,5.5,214,135,0.2,339,122,2.0,148,72,2,0,0,0,0,593,1044,0.4,0.4,2.0,2.0,2.0,148,72,,,240,109,132,78,98,49,194,86,,,,,,,,0.2,0.01,0.21,2.76,0,0.0,3.75,1.25,5.0,1,2,72,0,0,0,3,0,0,0,0,0,0,1,0,10,593,1044,0,0.16,0.01,0.17,2.21,2.8,7.3,8.0,1.8,2,0,2,4
610,Luc,De Fougerolles,De Fougerolles,a,,,4.0,595,188,0.0,510,177,0.0,333,119,0,0,0,0,0,1319,144,0.0,0.0,1.0,1.0,0.0,333,119,,,320,124,320,126,242,95,337,125,,,,,,,,0.0,0.0,0.0,0.0,0,0.0,0.0,0.0,0.0,1,0,0,0,0,0,0,0,0,0,0,0,0,0,0,0,1319,144,0,0.0,0.0,0.0,0.0,0.0,0.0,0.0,0.0,0,0,0,0
273,Dillon,Phillips,Phillips,a,,,4.0,554,56,1.6,157,23,0.0,304,29,0,0,0,0,0,1947,3984,0.0,0.0,1.0,1.0,0.0,304,29,,,291,29,289,9,207,9,307,29,,,,,,,,0.0,0.0,0.0,0.0,0,0.0,0.0,0.0,0.0,1,0,0,0,0,0,0,0,0,0,0,0,0,0,0,0,1947,3984,0,0.0,0.0,0.0,0.0,0.0,0.0,0.0,0.0,0,0,0,0
274,Jack,Butland,Butland,i,Arm injury - Unknown return date,,4.5,408,26,0.1,421,46,0.0,351,43,0,0,0,0,0,85,1205,0.0,0.0,0.0,0.0,0.0,351,43,0.0,0.0,338,43,341,25,267,25,355,43,,,,,,,,0.0,0.0,0.0,0.0,0,0.0,0.0,0.0,0.0,1,0,0,0,0,0,0,0,0,0,0,0,0,0,0,0,85,1205,0,0.0,0.0,0.0,0.0,0.0,0.0,0.0,0.0,0,0,0,0
275,Harvey,Cartwright,Cartwright,u,Has joined Grimsby Town on loan for the rest of the season,,4.0,585,65,0.0,585,67,0.0,324,38,0,0,0,0,0,0,89,0.0,0.0,0.0,0.0,0.0,324,38,0.0,0.0,311,38,311,18,232,18,328,38,,,,,,,,0.0,0.0,0.0,0.0,0,0.0,0.0,0.0,0.0,1,0,0,0,0,0,0,0,0,0,0,0,0,0,0,0,0,89,0,0.0,0.0,0.0,0.0,0.0,0.0,0.0,0.0,0,0,0,0
276,Thimothée,Lo-Tutala,Lo-Tutala,u,Has joined Colchester United on loan for the rest of the season,,4.0,574,62,0.0,520,58,0.0,317,35,0,0,0,0,0,0,283,0.0,0.0,0.0,0.0,0.0,317,35,0.0,0.0,304,35,304,15,223,15,321,35,,,,,,,,0.0,0.0,0.0,0.0,0,0.0,0.0,0.0,0.0,1,0,0,0,0,0,0,0,0,0,0,0,0,0,0,0,0,283,0,0.0,0.0,0.0,0.0,0.0,0.0,0.0,0.0,0,0,0,0
277,John,Egan,Egan,a,,,4.0,547,153,1.9,128,53,8.0,29,11,8,0,0,0,0,30712,5551,2.0,2.0,1.0,1.0,8.0,29,11,,,19,7,272,100,154,50,86,30,,,,,,,,0.0,0.0,0.0,1.83,0,1.0,0.0,1.0,21.0,1,8,90,0,0,1,0,0,0,0,0,0,0,1,0,27,30712,5551,0,0.0,0.0,0.0,1.83,43.4,0.1,2.0,4.6,1,20,3,21
278,Charlie,Hughes,Hughes,i,Groin injury - Unknown return date,,4.0,588,182,0.1,407,144,0.0,327,114,0,0,0,0,0,64,1616,0.0,0.0,0.0,0.0,0.0,327,114,0.0,0.0,314,119,314,121,235,89,331,120,,,,,,,,0.0,0.0,0.0,0.0,0,0.0,0.0,0.0,0.0,1,0,0,0,0,0,0,0,0,0,0,0,0,0,0,0,64,1616,0,0.0,0.0,0.0,0.0,0.0,0.0,0.0,0.0,0,0,0,0
279,Semi,Ajayi,Ajayi,d,Hamstring injury - 75% chance of playing,,4.0,550,155,1.5,160,66,14.0,4,3,14,0,0,0,0,42164,9754,3.5,3.5,0.8,1.0,14.0,4,3,75.0,,14,4,267,97,20,4,32,7,,,,,,,,0.74,0.0,0.74,1.23,0,1.43,0.0,1.43,10.0,1,14,63,1,0,1,0,0,0,0,0,0,0,1,2,39,42164,9754,0,0.52,0.0,0.52,0.86,44.2,0.2,35.0,7.9,0,7,3,7
280,Lewie,Coyle,Coyle,d,Ankle injury - 75% chance of playing,,4.0,560,162,0.6,236,90,6.0,41,14,6,0,0,0,0,1306,3210,1.5,1.5,0.8,1.0,6.0,41,14,75.0,,203,89,114,33,213,75,196,77,,,,,,,,0.0,0.01,0.01,1.51,0,1.3,0.0,1.3,2.61,1,6,69,0,0,1,0,0,0,0,0,0,0,1,0,23,1306,3210,0,0.0,0.01,0.01,1.16,5.8,11.3,0.0,1.7,1,1,3,2
281,Cody,Drameh,Drameh,a,,,4.0,571,170,0.1,459,162,1.0,177,57,1,0,0,0,0,740,236,0.2,0.2,1.0,1.0,1.0,177,57,100.0,100.0,245,97,301,113,188,64,273,98,,,,,,,,0.22,0.0,0.22,3.02,0,0.0,0.0,0.0,13.5,1,1,20,0,0,0,0,0,0,0,0,0,0,0,0,4,740,236,0,0.05,0.0,0.05,0.67,2.2,0.0,1.0,0.3,1,2,2,3
282,Ryan,Giles,Giles,a,,,4.0,568,169,0.9,204,75,6.0,42,15,6,0,0,0,0,9016,2147,1.5,1.5,1.0,1.0,6.0,42,15,,,125,57,66,20,130,42,110,39,1.0,1.0,,,,,,0.02,0.08,0.1,1.89,0,1.07,0.0,1.07,6.43,1,6,84,0,0,1,0,0,0,0,0,0,0,1,0,24,9016,2147,0,0.02,0.07,0.09,1.76,13.8,18.8,4.0,3.7,1,5,1,6
283,Matty,Jacob,Jacob,i,Hip injury - Expected back 5 Sep,,4.0,575,172,0.0,575,195,0.0,318,108,0,0,0,0,0,31,157,0.0,0.0,0.0,0.0,0.0,318,108,0.0,0.0,305,113,305,115,224,81,322,114,,,,,,,,0.0,0.0,0.0,0.0,0,0.0,0.0,0.0,0.0,1,0,0,0,0,0,0,0,0,0,0,0,0,0,0,0,31,157,0,0.0,0.0,0.0,0.0,0.0,0.0,0.0,0.0,0,0,0,0
284,Cathal,McCarthy,McCarthy,a,,,4.0,612,204,0.1,436,153,0.0,347,132,0,0,0,0,0,478,636,0.0,0.0,1.0,1.0,0.0,347,132,,,334,137,335,140,258,110,351,138,,,,,,,,0.0,0.0,0.0,0.0,0,0.0,0.0,0.0,0.0,1,0,0,0,0,0,0,0,0,0,0,0,0,0,0,0,478,636,0,0.0,0.0,0.0,0.0,0.0,0.0,0.0,0.0,0,0,0,0
285,Paddy,McNair,McNair,a,,,4.0,552,156,0.1,392,140,1.0,173,53,1,0,0,0,0,471,420,0.2,0.2,1.0,1.0,1.0,173,53,,,220,91,288,105,206,70,261,96,,,,,,,,0.0,0.0,0.0,3.32,0,0.0,0.0,0.0,6.92,1,1,26,0,0,0,0,0,0,0,0,0,0,0,0,3,471,420,0,0.0,0.0,0.0,0.96,4.2,0.0,0.0,0.4,0,2,1,2
286,Mohamed,Belloumi,Belloumi,a,,,5.0,366,215,0.6,241,80,3.0,93,37,3,0,0,0,0,8536,2222,0.6,0.6,1.5,1.5,3.0,93,37,,,159,57,181,106,107,55,179,81,3.0,2.0,,,,,,0.05,0.03,0.08,1.83,0,1.0,0.0,1.0,10.0,1,3,90,0,0,1,0,0,0,0,0,0,0,1,0,8,8536,2222,0,0.05,0.03,0.08,1.83,10.6,2.2,7.0,2.0,4,3,3,10
287,Liam,Millar,Millar,a,,,5.0,288,172,0.1,460,186,0.0,473,187,0,0,0,0,0,219,550,0.0,0.0,1.5,1.5,0.0,473,187,,,252,114,259,136,169,83,265,121,,,,,,,,0.0,0.0,0.0,3.17,0,0.0,0.0,0.0,14.21,1,0,19,0,0,0,0,0,0,0,1,0,0,0,0,2,219,550,0,0.0,0.0,0.0,0.67,2.0,0.3,2.0,0.4,1,1,1,3
288,Kieran,Dowell,Dowell,a,,,4.5,424,242,0.4,277,91,0.0,361,144,0,0,0,0,0,1107,2660,0.0,0.0,1.0,1.0,0.0,361,144,,,348,137,352,147,278,103,365,144,,,,,,,,0.0,0.0,0.0,0.0,0,0.0,0.0,0.0,0.0,1,0,0,0,0,0,0,0,0,0,0,0,0,0,0,0,1107,2660,0,0.0,0.0,0.0,0.0,0.0,0.0,0.0,0.0,0,0,0,0
289,Matt,Crooks,Crooks,a,,,4.5,407,239,0.7,226,74,2.0,113,51,2,0,0,0,0,6199,3470,0.4,0.4,1.0,1.0,2.0,113,51,,,89,29,171,101,266,100,169,77,,,,,,,,0.0,0.0,0.0,1.83,0,1.0,0.0,1.0,9.0,1,2,90,0,0,1,0,0,0,0,1,0,0,1,0,9,6199,3470,0,0.0,0.0,0.0,1.83,19.0,2.4,0.0,2.1,4,4,1,9
294,Óscar,Zambrano,Zambrano,i,Thigh injury - Unknown return date,,4.5,507,255,0.1,417,163,0.0,411,155,0,0,0,0,0,300,1570,0.0,0.0,0.0,0.0,0.0,411,155,0.0,0.0,399,148,406,158,344,116,415,155,,,,,,,,0.0,0.0,0.0,0.0,0,0.0,0.0,0.0,0.0,1,0,0,0,0,0,0,0,0,0,0,0,0,0,0,0,300,1570,0,0.0,0.0,0.0,0.0,0.0,0.0,0.0,0.0,0,0,0,0
295,Oli,McBurnie,McBurnie,a,,,5.5,121,31,1.9,134,20,5.0,68,6,5,0,0,0,0,46650,7760,0.9,0.9,1.8,1.8,5.0,68,6,,,100,10,61,4,6,2,21,5,,,1.0,,,,,0.16,0.01,0.17,1.83,0,1.0,0.0,1.0,5.0,1,5,90,0,1,1,0,0,0,0,0,0,0,1,0,21,46650,7760,0,0.16,0.01,0.17,1.83,17.2,21.1,52.0,9.0,0,3,2,5
296,David,Akintola,Akintola,a,,,5.0,267,164,0.0,501,210,0.0,459,180,0,0,0,0,0,648,631,0.0,0.0,1.5,1.5,0.0,459,180,,,451,174,459,183,405,147,467,181,,,,,,,,0.0,0.0,0.0,0.0,0,0.0,0.0,0.0,0.0,1,0,0,0,0,0,0,0,0,0,0,0,0,0,0,0,648,631,0,0.0,0.0,0.0,0.0,0.0,0.0,0.0,0.0,0,0,0,0
297,Darko,Gyabi,Gyabi,i,Thigh injury - Unknown return date,,4.5,473,248,0.0,537,221,0.0,389,148,0,0,0,0,0,39,399,0.0,0.0,0.0,0.0,0.0,389,148,0.0,0.0,374,141,379,151,313,109,391,148,,,,,,,,0.0,0.0,0.0,0.0,0,0.0,0.0,0.0,0.0,1,0,0,0,0,0,0,0,0,0,0,0,0,0,0,0,39,399,0,0.0,0.0,0.0,0.0,0.0,0.0,0.0,0.0,0,0,0,0
298,Enis,Destan,Destan,u,Has joined Konyaspor permanently,,4.5,492,64,0.4,283,48,0.0,398,37,0,0,0,0,0,0,6499,0.0,0.0,0.0,0.0,0.0,398,37,0.0,0.0,386,26,393,34,330,32,402,35,,,,,,,,0.0,0.0,0.0,0.0,0,0.0,0.0,0.0,0.0,1,0,0,0,0,0,0,0,0,0,0,0,0,0,0,0,0,6499,0,0.0,0.0,0.0,0.0,0.0,0.0,0.0,0.0,0,0,0,0
26,Kai,Havertz,Havertz,a,,,7.5,14,5,7.0,56,10,6.0,64,5,6,0,0,0,0,127751,20654,0.8,0.8,2.4,2.4,6.0,64,5,,,35,5,98,9,38,10,38,7,,,,,,,,0.26,0.03,0.29,0.2,0,1.0,0.0,1.0,2.0,1,6,90,1,0,1,0,0,0,0,0,0,0,1,0,34,127751,20654,0,0.26,0.03,0.29,0.2,37.2,13.2,25.0,7.5,0,2,0,2
30,Lucas,Digne,Digne,u,Has joined Paris Saint-Germain permanently,,4.5,406,82,0.1,423,150,0.0,350,133,0,0,0,0,0,0,3907,0.0,0.0,0.0,0.0,0.0,350,133,0.0,0.0,337,138,340,141,265,113,354,139,,,,,,,,0.0,0.0,0.0,0.0,0,0.0,0.0,0.0,0.0,1,0,0,0,0,0,0,0,0,0,0,0,0,0,0,0,0,3907,0,0.0,0.0,0.0,0.0,0.0,0.0,0.0,0.0,0,0,0,0
38,Andrés,García,A.García,a,,,4.0,606,198,1.7,141,58,0.0,342,127,0,0,0,0,0,5214,9054,0.0,0.0,1.0,1.0,0.0,342,127,,,329,132,330,135,253,105,346,133,,,,,,,,0.0,0.0,0.0,0.0,0,0.0,0.0,0.0,0.0,1,0,0,0,0,0,0,0,0,0,0,0,0,0,0,0,5214,9054,0,0.0,0.0,0.0,0.0,0.0,0.0,0.0,0.0,0,0,0,0
299,Mason,Burstow,Burstow,u,Has joined Sheffield Wednesday on loan for the rest of the season,,4.5,500,65,0.1,479,64,0.0,405,38,0,0,0,0,0,0,930,0.0,0.0,0.0,0.0,0.0,405,38,0.0,0.0,393,27,400,35,338,33,409,36,,,,,,,,0.0,0.0,0.0,0.0,0,0.0,0.0,0.0,0.0,1,0,0,0,0,0,0,0,0,0,0,0,0,0,0,0,0,930,0,0.0,0.0,0.0,0.0,0.0,0.0,0.0,0.0,0,0,0,0
340,Joe,Gelhardt,Gelhardt,i,Ankle injury - Expected back 5 Sep,,5.0,314,184,0.0,574,243,0.0,495,198,0,0,0,0,0,30,193,0.0,0.0,0.0,0.0,0.0,495,198,0.0,0.0,483,190,493,199,446,165,499,197,,,,,,,,0.0,0.0,0.0,0.0,0,0.0,0.0,0.0,0.0,1,0,0,0,0,0,0,0,0,0,0,0,0,0,0,0,30,193,0,0.0,0.0,0.0,0.0,0.0,0.0,0.0,0.0,0,0,0,0
556,Matt,Targett,Targett,a,,,4.0,555,158,2.4,120,49,1.0,175,55,1,0,0,0,0,3898,9716,0.2,0.2,1.0,1.0,1.0,175,55,,,271,101,290,106,208,71,308,106,,,,,,,,0.0,0.0,0.0,1.26,0,0.0,0.0,0.0,0.0,1,1,5,0,0,0,0,0,0,0,0,0,0,0,0,3,3898,9716,0,0.0,0.0,0.0,0.07,0.4,0.0,0.0,0.0,0,0,1,0
563,Hidemasa,Morita,Morita,a,,,5.0,306,180,0.0,546,225,0.0,487,194,0,0,0,0,0,36,264,0.0,0.0,1.5,0.8,0.0,487,194,100.0,50.0,476,186,486,195,439,161,492,193,,,,,,,,0.0,0.0,0.0,0.0,0,0.0,0.0,0.0,0.0,1,0,0,0,0,0,0,0,0,0,0,0,0,0,0,0,36,264,0,0.0,0.0,0.0,0.0,0.0,0.0,0.0,0.0,0,0,0,0
572,Konstantinos,Tzolakis,Tzolakis,a,,,4.5,477,40,1.9,130,19,10.0,15,1,10,0,0,0,0,59933,5820,2.2,2.2,1.9,1.9,10.0,15,1,,,38,4,381,39,317,39,116,4,,,,,,,,0.0,0.0,0.0,1.83,5,1.0,0.0,1.0,0.0,1,10,90,0,0,1,0,0,0,0,0,0,5,1,3,41,59933,5820,0,0.0,0.0,0.0,1.83,34.6,0.0,0.0,3.5,0,0,22,0
574,Jens,Hjertø-Dahl,Hjertø-Dahl,a,,,5.0,373,220,0.1,438,175,0.0,526,218,0,0,0,0,0,203,567,0.0,0.0,1.5,1.5,0.0,526,218,,,514,210,527,219,486,188,530,217,,,,,,,,0.0,0.0,0.0,0.0,0,0.0,0.0,0.0,0.0,1,0,0,0,0,0,0,0,0,0,0,0,0,0,0,0,203,567,0,0.0,0.0,0.0,0.0,0.0,0.0,0.0,0.0,0,0,0,0
576,Elliot,Stroud,Stroud,a,,,5.0,383,228,0.1,430,170,3.0,94,38,3,0,0,0,0,802,325,0.6,0.6,1.5,1.5,3.0,94,38,,,176,69,146,86,494,195,225,100,,,,,,,,0.0,0.04,0.04,1.49,0,1.29,0.0,1.29,7.71,1,3,70,0,0,1,0,0,0,0,0,0,0,1,0,11,802,325,0,0.0,0.03,0.03,1.16,8.4,4.8,0.0,1.3,3,1,2,6
589,Lucas,Gourna-Douath,Gourna-Douath,a,,,5.0,321,187,0.0,526,218,0.0,497,200,0,0,0,0,0,84,173,0.0,0.0,1.5,1.5,0.0,497,200,,,485,192,496,201,451,168,501,199,,,,,,,,0.0,0.0,0.0,0.0,0,0.0,0.0,0.0,0.0,1,0,0,0,0,0,0,0,0,0,0,0,0,0,0,0,84,173,0,0.0,0.0,0.0,0.0,0.0,0.0,0.0,0.0,0,0,0,0
259,Issa,Diop,Diop,a,,,4.0,565,166,17.5,20,7,2.0,109,42,2,0,0,0,0,18022,41194,0.5,0.5,1.0,1.0,2.0,109,42,,,184,81,226,76,156,52,234,88,,,,,,,,0.0,0.01,0.01,0.66,0,0.0,1.0,1.0,5.0,1,2,90,0,0,0,1,0,0,0,0,0,0,1,0,7,18022,41194,0,0.0,0.01,0.01,0.66,7.2,0.8,2.0,1.0,1,4,6,5
267,Saša,Lukić,Lukić,a,,,5.0,266,163,0.1,398,156,5.0,66,26,5,0,0,0,0,706,553,1.0,1.0,1.5,1.5,5.0,66,26,,,71,24,82,52,167,82,102,53,4.0,,,,,,,0.0,0.02,0.02,0.66,0,0.0,1.0,1.0,6.0,1,5,90,0,1,0,1,0,0,0,0,0,0,1,0,22,706,553,0,0.0,0.02,0.02,0.66,23.4,14.8,2.0,4.0,1,2,3,6
300,Christian,Walton,Walton,a,,,4.5,411,27,0.5,251,34,0.0,353,44,0,0,0,0,0,151,2493,0.0,0.0,1.9,1.9,0.0,353,44,,,340,44,343,26,269,26,357,44,,,,,,,,0.0,0.0,0.0,0.0,0,0.0,0.0,0.0,0.0,1,0,0,0,0,0,0,0,0,0,0,0,0,0,0,0,151,2493,0,0.0,0.0,0.0,0.0,0.0,0.0,0.0,0.0,0,0,0,0
301,Alex,Palmer,Palmer,a,,,4.0,548,54,4.6,72,9,0.0,301,27,0,0,0,0,0,4659,10406,0.0,0.0,1.0,1.0,0.0,301,27,,,288,27,285,7,203,7,304,27,,,,,,,,0.0,0.0,0.0,0.0,0,0.0,0.0,0.0,0.0,1,0,0,0,0,0,0,0,0,0,0,0,0,0,0,0,4659,10406,0,0.0,0.0,0.0,0.0,0.0,0.0,0.0,0.0,0,0,0,0
302,David,Button,Button,a,,,4.0,542,51,0.4,264,36,0.0,296,24,0,0,0,0,0,1136,1074,0.0,0.0,1.0,1.0,0.0,296,24,,,283,24,280,4,198,4,299,24,,,,,,,,0.0,0.0,0.0,0.0,0,0.0,0.0,0.0,0.0,1,0,0,0,0,0,0,0,0,0,0,0,0,0,0,0,1136,1074,0,0.0,0.0,0.0,0.0,0.0,0.0,0.0,0.0,0,0,0,0
303,Cédric,Kipré,Kipré,a,,,4.0,559,161,0.6,235,89,0.0,307,102,0,0,0,0,0,252,2807,0.0,0.0,1.0,1.0,0.0,307,102,,,294,107,293,108,212,74,311,108,,,,,,,,0.0,0.0,0.0,0.0,0,0.0,0.0,0.0,0.0,1,0,0,0,0,0,0,0,0,0,0,0,0,0,0,0,252,2807,0,0.0,0.0,0.0,0.0,0.0,0.0,0.0,0.0,0,0,0,0
27,Gabriel,Fernando de Jesus,G.Jesus,a,,,6.0,68,17,0.3,287,50,0.0,579,64,0,0,0,0,0,1319,4935,0.0,0.0,2.0,2.0,0.0,579,64,,,577,62,583,65,573,64,583,65,,,,,,,,0.0,0.0,0.0,0.0,0,0.0,0.0,0.0,0.0,1,0,0,0,0,0,0,0,0,0,0,0,0,0,0,0,1319,4935,0,0.0,0.0,0.0,0.0,0.0,0.0,0.0,0.0,0,0,0,0
452,Bruno,Guimarães Rodriguez Moura,Bruno G.,d,Thigh injury - 75% chance of playing,,7.0,24,15,3.2,102,33,0.0,602,265,0,0,0,0,0,597,83108,0.0,0.0,1.8,1.8,0.0,602,265,75.0,75.0,604,265,606,266,605,265,606,266,5.0,,4.0,,,,,0.0,0.0,0.0,0.0,0,0.0,0.0,0.0,0.0,1,0,0,0,0,0,0,0,0,0,0,0,0,0,0,0,597,83108,0,0.0,0.0,0.0,0.0,0.0,0.0,0.0,0.0,0,0,0,0
304,Dara,O'Shea,O'Shea,a,,,4.0,564,165,3.5,96,40,4.0,74,31,4,0,0,0,0,9154,6995,1.0,1.0,1.0,1.0,4.0,74,31,,,9,2,48,16,155,51,34,9,,,,,,,,0.0,0.16,0.16,0.66,0,0.0,1.0,1.0,18.0,1,4,90,0,0,0,1,0,0,0,0,0,0,1,0,16,9154,6995,0,0.0,0.16,0.16,0.66,48.0,24.5,2.0,7.5,2,16,6,18
305,Leif,Davis,Davis,a,,,4.0,578,175,5.0,70,29,2.0,111,44,2,0,0,0,0,4710,12300,0.5,0.5,1.0,1.0,2.0,111,44,,,111,50,176,52,226,83,190,75,2.0,2.0,,,,,,0.0,0.01,0.01,0.66,0,0.0,1.0,1.0,7.0,1,2,90,0,0,0,1,0,0,0,0,0,0,1,0,10,4710,12300,0,0.0,0.01,0.01,0.66,15.2,2.3,0.0,1.8,0,7,4,7
306,Jacob,Greaves,Greaves,a,,,4.0,576,173,1.5,165,68,2.0,110,43,2,0,0,0,0,1083,3104,0.5,0.5,1.0,1.0,2.0,110,43,,,105,45,204,65,225,82,189,74,,,,,,,,0.0,0.0,0.0,0.66,0,0.0,1.0,1.0,7.0,1,2,90,0,0,0,1,0,0,0,0,0,0,1,0,12,1083,3104,0,0.0,0.0,0.0,0.66,16.4,1.3,0.0,1.8,3,4,1,7
307,Ben,Johnson,Johnson,a,,,4.0,567,168,0.1,412,146,0.0,312,106,0,0,0,0,0,293,671,0.0,0.0,1.0,1.0,0.0,312,106,,,299,111,298,112,218,79,316,112,,,,,,,,0.0,0.0,0.0,0.0,0,0.0,0.0,0.0,0.0,1,0,0,0,0,0,0,0,0,0,0,0,0,0,0,0,293,671,0,0.0,0.0,0.0,0.0,0.0,0.0,0.0,0.0,0,0,0,0
308,Darnell,Furlong,Furlong,a,,,4.0,558,160,0.6,237,91,0.0,306,101,0,0,0,0,0,187,2548,0.0,0.0,1.0,1.0,0.0,306,101,,,293,106,292,107,211,73,310,107,,,,,,,,0.0,0.0,0.0,0.0,0,0.0,0.0,0.0,0.0,1,0,0,0,0,0,0,0,0,0,0,0,0,0,0,0,187,2548,0,0.0,0.0,0.0,0.0,0.0,0.0,0.0,0.0,0,0,0,0
309,Marcelino,Núñez,Núñez,a,,,5.0,345,199,0.1,389,151,4.0,75,31,4,0,0,0,0,596,660,0.8,0.8,1.5,1.5,4.0,75,31,,,135,45,131,77,133,66,155,70,1.0,1.0,,,,,,0.03,0.03,0.06,0.72,0,0.0,1.14,1.14,13.67,1,4,79,0,0,0,1,0,0,0,0,0,0,1,0,26,596,660,0,0.03,0.03,0.06,0.63,13.0,7.3,4.0,2.4,2,4,6,12
310,Azor,Matusiwa,Matusiwa,i,Muscular injury - Unknown return date,,5.0,290,173,0.0,601,261,0.0,475,188,0,0,0,0,0,4,77,0.0,0.0,0.0,0.0,0.0,475,188,0.0,0.0,464,180,473,189,424,154,480,187,,,,,,,,0.0,0.0,0.0,0.0,0,0.0,0.0,0.0,0.0,1,0,0,0,0,0,0,0,0,0,0,0,0,0,0,0,4,77,0,0.0,0.0,0.0,0.0,0.0,0.0,0.0,0.0,0,0,0,0
311,Wes,Burns,Burns,u,Has joined Leicester City permanently,,5.0,241,144,0.0,595,256,0.0,447,171,0,0,0,0,0,0,145,0.0,0.0,0.0,0.0,0.0,447,171,0.0,0.0,437,164,445,174,385,133,453,171,,,,,,,,0.0,0.0,0.0,0.0,0,0.0,0.0,0.0,0.0,1,0,0,0,0,0,0,0,0,0,0,0,0,0,0,0,0,145,0,0.0,0.0,0.0,0.0,0.0,0.0,0.0,0.0,0,0,0,0
312,Jack,Taylor,Taylor,i,Knee injury - Unknown return date,,4.5,449,244,0.0,497,207,0.0,375,146,0,0,0,0,0,69,617,0.0,0.0,0.0,0.0,0.0,375,146,0.0,0.0,362,139,366,149,296,105,379,146,,,,,,,,0.0,0.0,0.0,0.0,0,0.0,0.0,0.0,0.0,1,0,0,0,0,0,0,0,0,0,0,0,0,0,0,0,69,617,0,0.0,0.0,0.0,0.0,0.0,0.0,0.0,0.0,0,0,0,0
313,Jack,Clarke,Clarke,a,,,5.5,165,103,0.3,301,102,7.0,39,19,7,0,0,0,0,2079,1245,1.3,1.3,2.0,2.0,7.0,39,19,,,40,18,245,130,51,26,72,39,3.0,3.0,1.0,,,,,0.47,0.0,0.47,0.14,0,0.0,0.0,0.0,9.47,1,7,19,1,0,0,0,0,0,0,0,0,0,0,1,27,2079,1245,0,0.1,0.0,0.1,0.03,33.6,0.6,18.0,5.2,1,0,1,2
314,Chiedozie,Ogbene,Ogbene,a,,,5.0,282,168,0.0,563,235,0.0,468,183,0,0,0,0,0,26,142,0.0,0.0,1.5,1.5,0.0,468,183,,,459,177,468,186,418,151,475,184,,,,,,,,0.0,0.0,0.0,0.0,0,0.0,0.0,0.0,0.0,1,0,0,0,0,0,0,0,0,0,0,0,0,0,0,0,26,142,0,0.0,0.0,0.0,0.0,0.0,0.0,0.0,0.0,0,0,0,0
315,Abdul,Fatawu,Fatawu,a,,,5.5,202,126,0.2,324,112,2.0,147,71,2,0,0,0,0,427,1617,0.4,0.4,2.0,2.0,2.0,147,71,,,93,32,31,23,97,48,64,33,,,,,,,,0.0,0.57,0.57,0.87,0,0.0,1.38,1.38,9.69,1,2,65,0,0,0,1,0,0,0,0,0,0,1,0,22,427,1617,0,0.0,0.41,0.41,0.63,18.6,28.4,8.0,5.5,4,1,2,7
316,Emersonn,Correia da Silva,Emersonn,a,,,5.5,204,44,1.3,171,26,9.0,25,2,9,0,0,0,0,53165,8472,1.6,1.6,1.8,1.8,9.0,25,2,,,13,2,42,1,15,5,10,1,,,2.0,,,,,1.14,0.08,1.22,0.87,0,0.0,1.38,1.38,4.15,1,9,65,1,0,0,1,0,0,0,0,0,0,1,3,41,53165,8472,0,0.82,0.06,0.88,0.63,45.6,26.3,40.0,11.2,1,1,1,3
317,George,Hirst,Hirst,u,Has joined Stoke City permanently,,5.0,278,51,0.2,351,54,0.0,465,46,0,0,0,0,0,0,6028,0.0,0.0,0.0,0.0,0.0,465,46,0.0,0.0,457,36,466,44,414,42,473,45,,,,,,,,0.0,0.0,0.0,0.0,0,0.0,0.0,0.0,0.0,1,0,0,0,0,0,0,0,0,0,0,0,0,0,0,0,0,6028,0,0.0,0.0,0.0,0.0,0.0,0.0,0.0,0.0,0,0,0,0
318,Jaden,Philogene,Philogene,i,Ankle injury - Unknown return date,,5.5,186,113,0.2,378,144,0.0,564,240,0,0,0,0,0,101,1874,0.0,0.0,0.0,2.0,0.0,564,240,0.0,,554,234,567,242,551,230,568,240,5.0,,3.0,,,,,0.0,0.0,0.0,0.0,0,0.0,0.0,0.0,0.0,1,0,0,0,0,0,0,0,0,0,0,0,0,0,0,0,101,1874,0,0.0,0.0,0.0,0.0,0.0,0.0,0.0,0.0,0,0,0,0
319,Sam,Szmodics,Szmodics,u,Has joined Derby County on loan for the rest of the season,,5.0,249,151,0.0,591,252,0.0,453,176,0,0,0,0,0,0,320,0.0,0.0,0.0,0.0,0.0,453,176,0.0,0.0,443,169,451,179,393,140,459,176,,,,,,,,0.0,0.0,0.0,0.0,0,0.0,0.0,0.0,0.0,1,0,0,0,0,0,0,0,0,0,0,0,0,0,0,0,0,320,0,0.0,0.0,0.0,0.0,0.0,0.0,0.0,0.0,0,0,0,0
31,Ezri,Konsa Ngoyo,Konsa,a,,,4.5,432,97,11.4,34,12,0.0,365,138,0,0,0,0,0,29485,158972,0.0,0.0,1.7,1.7,0.0,365,138,,,352,143,356,147,284,121,369,144,,,,,,,,0.0,0.0,0.0,0.0,0,0.0,0.0,0.0,0.0,1,0,0,0,0,0,0,0,0,0,0,0,0,0,0,0,29485,158972,0,0.0,0.0,0.0,0.0,0.0,0.0,0.0,0.0,0,0,0,0
320,Chuba,Akpom,Akpom,a,,,5.0,240,49,0.5,250,42,1.0,210,20,1,0,0,0,0,3100,3727,0.2,0.2,1.4,1.4,1.0,210,20,,,258,21,444,43,165,26,276,29,,,,,,,,0.0,0.0,0.0,0.11,0,0.0,0.0,0.0,11.25,1,1,24,0,0,0,0,0,0,0,0,0,0,0,0,3,3100,3727,0,0.0,0.0,0.0,0.03,1.4,0.0,2.0,0.3,1,0,2,3
321,Sindre,Walle Egeli,Walle Egeli,a,,,4.5,510,67,2.3,121,18,1.0,204,19,1,0,0,0,0,20679,12727,0.2,0.2,1.0,1.0,1.0,204,19,,,402,29,274,31,347,35,418,38,,,,,,,,0.0,0.0,0.0,0.27,0,0.0,0.0,0.0,0.0,1,1,10,0,0,0,0,0,0,0,0,0,0,0,0,3,20679,12727,0,0.0,0.0,0.0,0.03,0.0,0.1,0.0,0.0,0,0,0,0
322,Ali,Al-Hamadi,Al-Hamadi,a,,,5.0,313,54,0.1,387,58,0.0,494,48,0,0,0,0,0,624,1410,0.0,0.0,1.4,1.4,0.0,494,48,,,482,38,492,46,445,45,498,47,,,,,,,,0.0,0.0,0.0,0.0,0,0.0,0.0,0.0,0.0,1,0,0,0,0,0,0,0,0,0,0,0,0,0,0,0,624,1410,0,0.0,0.0,0.0,0.0,0.0,0.0,0.0,0.0,0,0,0,0
323,Kasey,McAteer,McAteer,a,,,4.5,469,246,1.4,166,50,1.0,194,88,1,0,0,0,0,3706,7210,0.2,0.2,1.0,1.0,1.0,194,88,,,261,120,205,116,311,107,274,128,,,,,,,,0.0,0.0,0.0,0.11,0,0.0,0.0,0.0,11.25,1,1,24,0,0,0,0,0,0,0,0,0,0,0,0,4,3706,7210,0,0.0,0.0,0.0,0.03,1.2,1.3,0.0,0.3,1,0,2,3
324,Anis,Mehmeti,Mehmeti,a,,,5.0,286,170,0.1,485,199,0.0,471,185,0,0,0,0,0,35,424,0.0,0.0,1.5,1.5,0.0,471,185,,,462,179,471,188,422,153,478,186,,,,,,,,0.0,0.0,0.0,0.0,0,0.0,0.0,0.0,0.0,1,0,0,0,0,0,0,0,0,0,0,0,0,0,0,0,35,424,0,0.0,0.0,0.0,0.0,0.0,0.0,0.0,0.0,0,0,0,0
554,Kayne,van Oevelen,Van Oevelen,u,Has joined Valencia on loan for the rest of the season,,4.5,501,45,0.0,515,56,0.0,406,56,0,0,0,0,0,54,296,0.0,0.0,0.0,1.9,0.0,406,56,0.0,,394,56,401,44,339,44,410,56,,,,,,,,0.0,0.0,0.0,0.0,0,0.0,0.0,0.0,0.0,1,0,0,0,0,0,0,0,0,0,0,0,0,0,0,0,54,296,0,0.0,0.0,0.0,0.0,0.0,0.0,0.0,0.0,0,0,0,0
562,Daizen,Maeda,Maeda,a,,,5.5,164,102,0.4,272,88,2.0,143,67,2,0,0,0,0,547,2256,0.4,0.4,2.0,2.0,2.0,143,67,,,139,47,203,115,110,57,173,79,,,,,,,,0.69,0.0,0.69,0.72,0,0.0,1.14,1.14,10.25,1,2,79,0,0,0,1,0,0,0,0,0,0,1,0,7,547,2256,0,0.61,0.0,0.61,0.63,12.6,1.4,7.0,2.1,4,3,2,9
564,Kjell,Scherpen,Scherpen,a,,,4.5,452,35,0.7,234,32,2.0,114,9,2,0,0,0,0,885,1705,0.4,0.4,1.9,1.9,2.0,114,9,,,118,16,368,34,298,34,214,16,,,,,,,,0.0,0.0,0.0,0.66,2,0.0,1.0,1.0,0.0,1,2,90,0,0,0,1,0,0,0,0,0,2,1,0,12,885,1705,0,0.0,0.0,0.0,0.66,14.4,0.0,0.0,1.4,0,1,10,0
571,Florentino Ibrain,Morris Luís,Florentino,d,Calf injury - 75% chance of playing,,5.0,272,165,0.1,394,153,0.0,461,181,0,0,0,0,0,176,1013,0.0,0.0,1.1,1.5,0.0,461,181,75.0,,453,175,462,184,409,148,469,182,,,,,,,,0.0,0.0,0.0,0.0,0,0.0,0.0,0.0,0.0,1,0,0,0,0,0,0,0,0,0,0,0,0,0,0,0,176,1013,0,0.0,0.0,0.0,0.0,0.0,0.0,0.0,0.0,0,0,0,0
591,Julio,Enciso,Enciso,a,,,5.5,181,110,0.4,276,90,5.0,71,29,5,0,0,0,0,9455,2692,0.9,0.9,2.0,2.0,5.0,71,29,100.0,,77,25,88,56,52,27,68,36,,,,,,,,0.3,0.4,0.7,0.81,0,0.0,1.29,1.29,10.29,1,5,70,0,1,0,1,0,0,0,0,0,0,1,0,24,9455,2692,0,0.23,0.31,0.54,0.63,21.6,14.0,18.0,5.4,1,2,5,8
592,Abdoul,Ouattara,Ouattara,a,,,4.0,599,192,1.0,192,73,1.0,180,60,1,0,0,0,0,2185,3475,0.2,0.2,1.0,1.0,1.0,180,60,,,208,90,123,37,246,99,207,80,,,,,,,,0.0,0.0,0.0,0.27,0,0.0,0.0,0.0,18.0,1,1,10,0,0,0,0,0,0,0,0,0,0,0,0,4,2185,3475,0,0.0,0.0,0.0,0.03,5.2,10.0,0.0,1.5,0,2,0,2
602,Cameron,Humphreys,Humphreys,a,,,4.5,499,254,0.0,540,223,0.0,404,154,0,0,0,0,0,856,214,0.0,0.0,1.0,1.0,0.0,404,154,,,392,147,399,157,337,115,408,154,,,,,,,,0.0,0.0,0.0,0.0,0,0.0,0.0,0.0,0.0,1,0,0,0,0,0,0,0,0,0,0,0,0,0,0,0,856,214,0,0.0,0.0,0.0,0.0,0.0,0.0,0.0,0.0,0,0,0,0
260,Harry,Wilson,Wilson,a,,,6.5,33,21,5.9,63,21,3.0,106,48,3,0,0,0,0,9594,31864,0.5,0.5,2.3,2.3,3.0,106,48,,,199,80,79,50,143,72,150,68,2.0,,,,,,,0.0,0.03,0.03,0.73,0,1.38,0.0,1.38,2.77,1,3,65,0,0,1,0,0,0,0,0,0,0,1,0,8,9594,31864,0,0.0,0.02,0.02,0.53,6.2,15.3,4.0,2.6,2,0,0,2
326,Lucas Estella,Perri,Perri,a,,,4.5,433,33,0.6,240,33,0.0,366,50,0,0,0,0,0,219,2910,0.0,0.0,1.9,1.9,0.0,366,50,,,353,50,357,32,285,32,370,50,,,,,,,,0.0,0.0,0.0,0.0,0,0.0,0.0,0.0,0.0,1,0,0,0,0,0,0,0,0,0,0,0,0,0,0,0,219,2910,0,0.0,0.0,0.0,0.0,0.0,0.0,0.0,0.0,0,0,0,0
327,Jaka,Bijol,Bijol,a,,,5.0,299,54,0.7,221,83,10.0,16,7,10,0,0,0,0,26825,4037,2.0,2.0,2.2,2.2,10.0,16,7,,,70,31,254,92,68,18,104,35,,,,,,,,0.11,0.0,0.11,0.66,0,1.0,0.0,1.0,12.0,1,10,90,0,0,1,0,0,0,0,0,0,0,1,2,28,26825,4037,0,0.11,0.0,0.11,0.66,23.6,0.4,15.0,3.9,1,11,5,12
329,Joe,Rodon,Rodon,a,,,4.5,436,99,3.6,90,36,6.0,46,19,6,0,0,0,0,9767,6096,1.3,1.3,1.7,1.7,6.0,46,19,,,117,54,86,25,122,38,118,43,,,,,,,,0.03,0.06,0.09,0.66,0,1.0,0.0,1.0,7.0,1,6,90,0,0,1,0,0,0,0,0,0,0,1,0,21,9767,6096,0,0.03,0.06,0.09,0.66,14.4,14.4,5.0,3.4,1,6,1,7
330,Jayden,Bogle,Bogle,a,,,4.5,445,107,0.6,248,93,6.0,48,21,6,0,0,0,0,4076,1506,1.3,1.3,1.7,1.7,6.0,48,21,,,189,84,219,73,293,127,243,93,,,,,,,,0.0,0.0,0.0,0.66,0,1.0,0.0,1.0,3.0,1,6,90,0,0,1,0,0,0,0,0,0,0,1,0,24,4076,1506,0,0.0,0.0,0.0,0.66,7.0,1.1,0.0,0.8,1,2,3,3
331,Gabriel,Gudmundsson,Gudmundsson,i,Hamstring injury - Unknown return date,,4.5,456,115,0.0,490,171,0.0,380,149,0,0,0,0,0,44,709,0.0,0.0,0.0,0.0,0.0,380,149,0.0,0.0,366,153,371,157,302,133,383,154,,,,,,,,0.0,0.0,0.0,0.0,0,0.0,0.0,0.0,0.0,1,0,0,0,0,0,0,0,0,0,0,0,0,0,0,0,44,709,0,0.0,0.0,0.0,0.0,0.0,0.0,0.0,0.0,0,0,0,0
332,James,Justin,Justin,a,,,4.5,440,103,0.9,202,74,10.0,14,6,10,0,0,0,0,21746,4180,2.2,2.2,1.7,1.7,10.0,14,6,,,66,28,177,53,159,55,134,52,,,,,,,,0.0,0.01,0.01,0.66,0,1.0,0.0,1.0,12.0,1,10,90,0,0,1,0,0,0,0,0,0,0,1,2,28,21746,4180,0,0.0,0.01,0.01,0.66,24.6,2.3,2.0,2.9,6,6,4,12
333,Sebastiaan,Bornauw,Bornauw,u,Has joined Hamburg SV on loan for the rest of the season,,4.5,464,122,0.0,600,201,0.0,385,153,0,0,0,0,0,0,123,0.0,0.0,0.0,0.0,0.0,385,153,0.0,0.0,371,157,375,160,308,138,388,158,,,,,,,,0.0,0.0,0.0,0.0,0,0.0,0.0,0.0,0.0,1,0,0,0,0,0,0,0,0,0,0,0,0,0,0,0,0,123,0,0.0,0.0,0.0,0.0,0.0,0.0,0.0,0.0,0,0,0,0
334,Tarik,Muharemović,Muharemović,a,,,5.0,357,72,3.4,97,41,6.0,53,22,6,0,0,0,0,13480,5749,1.2,1.2,2.2,2.2,6.0,53,22,,,108,48,241,87,56,15,123,46,,,,,,,,0.09,0.0,0.09,0.66,0,1.0,0.0,1.0,7.0,1,6,90,0,0,1,0,0,0,0,0,0,0,1,0,25,13480,5749,0,0.09,0.0,0.09,0.66,15.6,0.6,17.0,3.3,0,7,1,7
335,Anton,Stach,Stach,a,,,6.0,91,58,1.7,148,43,13.0,7,3,13,0,0,0,0,43488,7116,2.2,2.2,2.2,2.2,13.0,7,3,,,10,7,179,105,65,35,47,29,1.0,1.0,,,,,,0.1,0.05,0.15,0.66,0,1.0,0.0,1.0,16.0,1,13,90,1,0,1,0,0,0,0,0,0,0,1,3,37,43488,7116,0,0.1,0.05,0.15,0.66,47.8,2.3,16.0,6.6,3,8,5,16
336,Noah,Okafor,Okafor,a,,,6.0,79,51,0.5,262,84,1.0,278,129,1,0,0,0,0,864,5132,0.2,0.2,2.2,2.2,1.0,278,129,,,164,61,89,57,140,70,141,63,,,,,,,,0.0,0.6,0.6,0.49,0,0.0,0.0,0.0,18.75,1,1,24,0,0,0,0,0,0,0,0,0,0,0,0,10,864,5132,0,0.0,0.16,0.16,0.13,10.0,14.0,4.0,2.8,2,1,2,5
337,Brenden,Aaronson,Aaronson,a,,,5.5,155,96,0.9,203,68,3.0,97,40,3,0,0,0,0,1491,4694,0.5,0.5,2.0,2.0,3.0,97,40,,,179,70,221,123,109,56,203,91,,3.0,,,,,,0.01,0.01,0.02,0.64,0,1.11,0.0,1.11,7.78,1,3,81,0,0,1,0,0,0,0,0,0,0,1,0,16,1491,4694,0,0.01,0.01,0.02,0.58,8.0,1.1,7.0,1.6,1,0,6,7
338,Ethan,Ampadu,Ampadu,a,,,5.5,131,81,1.4,167,51,5.0,69,28,5,0,0,0,0,2451,5668,0.9,0.9,2.0,2.0,5.0,69,28,,,91,31,51,33,519,210,97,50,,,,,,,,0.0,0.04,0.04,0.66,0,1.0,0.0,1.0,13.0,1,5,90,0,0,1,0,0,0,0,0,0,0,1,0,18,2451,5668,0,0.0,0.04,0.04,0.66,18.6,23.3,0.0,4.2,2,6,5,13
339,Sean,Longstaff,Longstaff,a,,,5.0,252,152,0.1,395,154,1.0,211,90,1,0,0,0,0,362,986,0.2,0.2,1.5,1.5,1.0,211,90,,,445,170,268,142,396,141,461,177,3.0,2.0,,,,,,0.0,0.0,0.0,0.79,0,0.0,0.0,0.0,0.0,1,1,8,0,0,0,0,0,0,0,0,0,0,0,0,3,362,986,0,0.0,0.0,0.0,0.07,0.0,0.2,0.0,0.0,0,0,0,0
341,Wilfried,Gnonto,Gnonto,i,Hamstring injury - Unknown return date,,5.0,338,196,0.0,554,228,0.0,509,208,0,0,0,0,0,12,514,0.0,0.0,0.0,0.0,0.0,509,208,0.0,0.0,497,200,509,209,466,176,513,207,,,,,,,,0.0,0.0,0.0,0.0,0,0.0,0.0,0.0,0.0,1,0,0,0,0,0,0,0,0,0,0,0,0,0,0,0,12,514,0,0.0,0.0,0.0,0.0,0.0,0.0,0.0,0.0,0,0,0,0
342,Jack,Harrison,Harrison,u,Has joined New England Revolution permanently,,5.0,275,166,0.0,610,268,0.0,462,182,0,0,0,0,0,0,31,0.0,0.0,0.0,0.0,0.0,462,182,0.0,0.0,454,176,463,185,411,149,470,183,,,,,,,,0.0,0.0,0.0,0.0,0,0.0,0.0,0.0,0.0,1,0,0,0,0,0,0,0,0,0,0,0,0,0,0,0,0,31,0,0.0,0.0,0.0,0.0,0.0,0.0,0.0,0.0,0,0,0,0
343,Daniel,James,James,a,,,5.0,255,155,0.1,405,159,0.0,456,178,0,0,0,0,0,355,1121,0.0,0.0,1.5,1.5,0.0,456,178,,,447,172,455,181,398,143,463,179,,,,,,,,0.0,0.0,0.0,0.0,0,0.0,0.0,0.0,0.0,1,0,0,0,0,0,0,0,0,0,0,0,0,0,0,0,355,1121,0,0.0,0.0,0.0,0.0,0.0,0.0,0.0,0.0,0,0,0,0
344,Ilia,Gruev,Gruev,i,Knee injury - Unknown return date,,5.0,328,190,0.0,598,259,0.0,500,202,0,0,0,0,0,5,93,0.0,0.0,0.0,0.0,0.0,500,202,0.0,0.0,488,194,500,203,456,170,504,201,,,,,,,,0.0,0.0,0.0,0.0,0,0.0,0.0,0.0,0.0,1,0,0,0,0,0,0,0,0,0,0,0,0,0,0,0,5,93,0,0.0,0.0,0.0,0.0,0.0,0.0,0.0,0.0,0,0,0,0
345,Tanaka,Ao,Tanaka,a,,,5.0,293,175,0.2,326,114,0.0,478,190,0,0,0,0,0,660,2756,0.0,0.0,1.5,1.5,0.0,478,190,,,467,182,476,191,427,156,483,189,4.0,,,,,,,0.0,0.0,0.0,0.0,0,0.0,0.0,0.0,0.0,1,0,0,0,0,0,0,0,0,0,0,0,0,0,0,0,660,2756,0,0.0,0.0,0.0,0.0,0.0,0.0,0.0,0.0,0,0,0,0
346,Dominic,Calvert-Lewin,Calvert-Lewin,a,,,6.0,63,16,29.6,8,3,1.0,273,32,1,0,0,0,0,47982,97626,0.2,0.2,2.0,2.0,1.0,273,32,,,575,61,233,27,84,15,249,25,,,1.0,,,,,0.13,0.0,0.13,0.66,0,1.0,0.0,1.0,2.0,1,1,90,0,0,1,0,0,0,0,1,0,0,1,0,-2,47982,97626,0,0.13,0.0,0.13,0.66,0.0,0.8,11.0,0.7,0,0,2,2
347,Lukas,Nmecha,Nmecha,a,,,5.5,124,33,0.6,247,40,0.0,538,57,0,0,0,0,0,1139,5728,0.0,0.0,1.8,1.8,0.0,538,57,,,528,47,543,55,513,54,544,56,,,2.0,,,,,0.0,0.0,0.0,0.0,0,0.0,0.0,0.0,0.0,1,0,0,0,0,0,0,0,0,0,0,0,0,0,0,0,1139,5728,0,0.0,0.0,0.0,0.0,0.0,0.0,0.0,0.0,0,0,0,0
603,Jayden,Lienou,Lienou,a,,,4.0,610,202,0.1,457,161,0.0,345,130,0,0,0,0,0,1192,214,0.0,0.0,1.0,1.0,0.0,345,130,,,332,135,333,138,256,108,349,136,,,,,,,,0.0,0.0,0.0,0.0,0,0.0,0.0,0.0,0.0,1,0,0,0,0,0,0,0,0,0,0,0,0,0,0,0,1192,214,0,0.0,0.0,0.0,0.0,0.0,0.0,0.0,0.0,0,0,0,0
604,Alfie,Cresswell,Cresswell,a,,,4.5,522,261,0.1,478,197,0.0,422,160,0,0,0,0,0,2065,462,0.0,0.0,1.0,1.0,0.0,422,160,,,411,153,417,163,357,121,427,160,,,,,,,,0.0,0.0,0.0,0.0,0,0.0,0.0,0.0,0.0,1,0,0,0,0,0,0,0,0,0,0,0,0,0,0,0,2065,462,0,0.0,0.0,0.0,0.0,0.0,0.0,0.0,0.0,0,0,0,0
350,Alisson,Becker,A.Becker,a,,,5.5,117,3,3.7,87,13,2.0,137,15,2,0,0,0,0,14036,12541,0.4,0.4,3.3,3.3,2.0,137,15,,,98,14,540,65,509,65,193,14,,,,,,,,0.0,0.0,0.0,1.58,3,0.0,2.0,1.0,0.0,1,2,90,0,0,0,2,0,0,0,0,0,3,1,0,7,14036,12541,0,0.0,0.0,0.0,1.58,17.8,0.0,0.0,1.8,0,2,6,0
351,Giorgi,Mamardashvili,Mamardashvili,a,,,5.0,307,17,0.2,379,41,0.0,488,66,0,0,0,0,0,432,1403,0.0,0.0,2.6,2.6,0.0,488,66,,,477,66,487,59,440,59,493,66,,,,,,,,0.0,0.0,0.0,0.0,0,0.0,0.0,0.0,0.0,1,0,0,0,0,0,0,0,0,0,0,0,0,0,0,0,432,1403,0,0.0,0.0,0.0,0.0,0.0,0.0,0.0,0.0,0,0,0,0
352,Freddie,Woodman,Woodman,a,,,4.0,551,55,1.1,189,28,0.0,303,28,0,0,0,0,0,1974,3622,0.0,0.0,1.0,1.0,0.0,303,28,,,290,28,287,8,205,8,306,28,,,,,,,,0.0,0.0,0.0,0.0,0,0.0,0.0,0.0,0.0,1,0,0,0,0,0,0,0,0,0,0,0,0,0,0,0,1974,3622,0,0.0,0.0,0.0,0.0,0.0,0.0,0.0,0.0,0,0,0,0
16,Noni,Madueke,Madueke,a,,,6.5,43,30,0.3,294,98,1.0,287,137,1,0,0,0,0,805,5234,0.2,0.2,2.3,2.3,1.0,287,137,,,171,67,11,9,597,259,70,37,6.0,,,,,,,0.0,0.16,0.16,0.61,0,0.0,0.0,0.0,8.18,1,1,22,0,0,0,0,0,0,0,0,0,0,0,0,8,805,5234,0,0.0,0.04,0.04,0.15,9.4,43.1,0.0,5.3,0,0,2,2
17,Mikel,Merino Zazón,Merino,a,,,6.0,64,42,0.6,238,78,1.0,274,126,1,0,0,0,0,1765,10888,0.2,0.2,2.2,2.2,1.0,274,126,,,233,103,216,121,73,40,186,83,,,,,,,,0.9,0.13,1.03,0.96,0,0.0,0.0,0.0,12.86,1,1,14,0,0,0,0,0,0,0,0,0,0,0,0,5,1765,10888,0,0.14,0.02,0.16,0.15,3.6,1.2,14.0,1.9,0,0,2,2
353,Armin,Pecsi,Pecsi,u,Has joined TSV Hartberg on loan for the rest of the season,,4.0,604,67,0.0,535,62,0.0,341,40,0,0,0,0,0,0,340,0.0,0.0,0.0,0.0,0.0,341,40,0.0,0.0,328,40,328,20,251,20,345,40,,,,,,,,0.0,0.0,0.0,0.0,0,0.0,0.0,0.0,0.0,1,0,0,0,0,0,0,0,0,0,0,0,0,0,0,0,0,340,0,0.0,0.0,0.0,0.0,0.0,0.0,0.0,0.0,0,0,0,0
354,Vitezslav,Jaros,Jaros,i,Knee injury - Unknown return date,,4.0,570,60,0.0,569,65,0.0,314,33,0,0,0,0,0,101,130,0.0,0.0,0.0,0.0,0.0,314,33,0.0,0.0,301,33,300,13,220,13,318,33,,,,,,,,0.0,0.0,0.0,0.0,0,0.0,0.0,0.0,0.0,1,0,0,0,0,0,0,0,0,0,0,0,0,0,0,0,101,130,0,0.0,0.0,0.0,0.0,0.0,0.0,0.0,0.0,0,0,0,0
355,Harvey,Davies,Davies,a,,,4.0,580,63,0.1,391,42,0.0,319,36,0,0,0,0,0,414,456,0.0,0.0,1.0,1.0,0.0,319,36,,,306,36,306,16,227,16,323,36,,,,,,,,0.0,0.0,0.0,0.0,0,0.0,0.0,0.0,0.0,1,0,0,0,0,0,0,0,0,0,0,0,0,0,0,0,414,456,0,0.0,0.0,0.0,0.0,0.0,0.0,0.0,0.0,0,0,0,0
356,Virgil,van Dijk,Virgil,a,,,6.5,31,2,19.6,17,5,2.0,160,51,2,0,0,0,0,47019,46578,0.3,0.3,3.1,3.1,2.0,160,51,,,63,25,196,61,40,8,73,24,,,,,,,,0.25,0.01,0.26,1.58,0,0.0,2.0,1.0,11.0,1,2,90,0,0,0,2,0,0,0,1,0,0,1,0,8,47019,46578,0,0.25,0.01,0.26,1.58,25.6,1.6,24.0,5.1,2,9,6,11
357,Jeremie,Frimpong,Frimpong,a,,,5.5,142,15,3.5,95,39,0.0,548,193,0,0,0,0,0,15137,20757,0.0,0.0,2.5,2.5,0.0,548,193,,,131,60,19,4,87,29,53,14,,,,,,,,0.01,0.09,0.1,1.58,0,0.0,2.0,1.0,2.0,1,0,90,0,0,0,2,0,0,0,1,0,0,1,0,3,15137,20757,0,0.01,0.09,0.1,1.58,13.6,37.8,10.0,6.1,1,1,3,2
358,Milos,Kerkez,Kerkez,a,,,5.5,205,30,3.6,89,35,0.0,570,198,0,0,0,0,0,9525,20894,0.0,0.0,2.5,2.5,0.0,570,198,,,96,41,94,28,79,23,93,32,,,,,,,,0.02,0.02,0.04,1.58,0,0.0,2.0,1.0,7.0,1,0,90,0,0,0,2,0,0,0,1,0,0,1,0,3,9525,20894,0,0.02,0.02,0.04,1.58,18.0,13.8,12.0,4.4,3,4,3,7
359,Joe,Gomez,Gomez,i,Muscular injury - Unknown return date,,5.0,248,40,0.0,557,194,0.0,452,170,0,0,0,0,0,57,302,0.0,0.0,0.0,0.0,0.0,452,170,0.0,0.0,442,177,450,178,392,161,458,177,,,,,,,,0.0,0.0,0.0,0.0,0,0.0,0.0,0.0,0.0,1,0,0,0,0,0,0,0,0,0,0,0,0,0,0,0,57,302,0,0.0,0.0,0.0,0.0,0.0,0.0,0.0,0.0,0,0,0,0
361,Wellity,Lucky,Lucky,a,,,4.0,590,183,0.1,402,142,0.0,329,115,0,0,0,0,0,422,745,0.0,0.0,1.0,1.0,0.0,329,115,,,316,120,316,122,237,90,333,121,,,,,,,,0.0,0.0,0.0,0.0,0,0.0,0.0,0.0,0.0,1,0,0,0,0,0,0,0,0,0,0,0,0,0,0,0,422,745,0,0.0,0.0,0.0,0.0,0.0,0.0,0.0,0.0,0,0,0,0
362,Jeremy,Jacquet,Jacquet,a,,,5.0,381,75,2.4,118,48,1.0,234,91,1,0,0,0,0,14472,11164,0.2,0.2,2.2,2.2,1.0,234,91,100.0,100.0,140,65,107,32,492,187,156,60,,,,,,,,0.0,0.03,0.03,1.36,0,0.0,2.61,1.3,3.91,1,1,69,0,0,0,2,0,0,0,0,0,0,1,0,9,14472,11164,0,0.0,0.02,0.02,1.04,12.4,11.9,0.0,2.4,1,2,3,3
363,Giovanni,Leoni,Leoni,i,Knee injury - Unknown return date,,4.0,611,203,0.0,499,173,0.0,346,131,0,0,0,0,0,129,379,0.0,0.0,0.0,0.0,0.0,346,131,0.0,0.0,333,136,334,139,257,109,350,137,,,,,,,,0.0,0.0,0.0,0.0,0,0.0,0.0,0.0,0.0,1,0,0,0,0,0,0,0,0,0,0,0,0,0,0,0,129,379,0,0.0,0.0,0.0,0.0,0.0,0.0,0.0,0.0,0,0,0,0
364,Kostas,Tsimikas,Tsimikas,a,,,5.0,268,44,0.1,447,159,0.0,460,173,0,0,0,0,0,255,632,0.0,0.0,2.2,2.2,0.0,460,173,,,452,181,460,181,406,165,468,181,,,,,,,,0.0,0.0,0.0,0.0,0,0.0,0.0,0.0,0.0,1,0,0,0,0,0,0,0,0,0,0,0,0,0,0,0,255,632,0,0.0,0.0,0.0,0.0,0.0,0.0,0.0,0.0,0,0,0,0
365,Calvin,Ramsay,Ramsay,a,,,4.0,584,179,0.2,335,127,0.0,323,111,0,0,0,0,0,605,1354,0.0,0.0,1.0,1.0,0.0,323,111,,,310,116,310,118,231,86,327,117,,,,,,,,0.0,0.0,0.0,0.0,0,0.0,0.0,0.0,0.0,1,0,0,0,0,0,0,0,0,0,0,0,0,0,0,0,605,1354,0,0.0,0.0,0.0,0.0,0.0,0.0,0.0,0.0,0,0,0,0
366,Florian,Wirtz,Wirtz,a,,,7.5,20,12,12.0,33,11,2.0,165,82,2,0,0,0,0,16906,70195,0.3,0.3,2.6,2.6,2.0,165,82,,,166,63,68,42,31,17,59,32,3.0,2.0,4.0,,,,,0.38,0.06,0.44,0.74,0,0.0,2.9,1.45,7.26,1,2,62,0,0,0,2,0,0,0,0,0,0,1,0,16,16906,70195,0,0.26,0.04,0.3,0.51,9.8,17.9,29.0,5.7,1,0,4,5
367,Cody,Gakpo,Gakpo,a,,,7.0,26,17,5.2,69,22,12.0,9,5,12,0,0,0,0,109410,13114,1.7,1.7,2.5,2.5,12.0,9,5,,,16,9,22,17,18,9,9,8,2.0,,3.0,,,,,0.3,0.15,0.45,1.58,0,0.0,2.0,1.0,12.0,1,12,90,1,0,0,2,0,0,0,0,0,0,1,3,33,109410,13114,0,0.3,0.15,0.45,1.58,44.0,34.0,37.0,11.5,3,4,5,12
368,Dominik,Szoboszlai,Szoboszlai,a,,,7.0,27,18,42.8,4,2,8.0,33,16,8,0,0,0,0,140829,39114,1.1,1.1,2.5,2.5,8.0,33,16,,,7,5,8,7,45,24,7,6,1.0,1.0,1.0,,,,,0.85,0.27,1.12,1.58,0,0.0,2.0,1.0,7.0,1,8,90,1,0,0,2,0,0,0,0,0,0,1,1,29,140829,39114,0,0.85,0.27,1.12,1.58,50.4,47.1,21.0,11.9,1,2,4,7
369,Rio,Ngumoha,Ngumoha,a,,,6.0,110,71,1.1,187,61,2.0,159,79,2,0,0,0,0,3753,9134,0.3,0.3,2.2,2.2,2.0,159,79,,,244,110,139,83,128,64,226,101,,,,,,,,0.06,0.03,0.09,0.74,0,0.0,2.9,1.45,4.35,1,2,62,0,0,0,2,0,0,0,0,0,0,1,0,9,3753,9134,0,0.04,0.02,0.06,0.51,2.4,6.0,5.0,1.3,1,0,2,3
32,Matty,Cash,Cash,a,,,4.5,431,96,8.1,51,19,-1.0,610,203,-1,0,0,0,0,23675,66676,-0.2,-0.2,1.7,1.7,-1.0,610,203,,,143,67,218,72,283,120,222,85,1.0,,,,,,,0.0,0.0,0.0,3.77,0,0.0,4.0,1.0,7.0,1,-1,90,0,0,0,4,0,0,0,1,0,0,1,0,-8,23675,66676,0,0.0,0.0,0.0,3.77,12.0,1.1,0.0,1.3,2,5,0,7
370,Federico,Chiesa,Chiesa,a,,,5.5,144,89,0.1,399,157,0.0,550,232,0,0,0,0,0,498,1878,0.0,0.0,2.0,2.0,0.0,550,232,,,540,226,555,235,529,217,555,233,,,,,,,,0.0,0.0,0.0,0.0,0,0.0,0.0,0.0,0.0,1,0,0,0,0,0,0,0,0,0,0,0,0,0,0,0,498,1878,0,0.0,0.0,0.0,0.0,0.0,0.0,0.0,0.0,0,0,0,0
371,Ryan,Gravenberch,Gravenberch,a,,,6.0,83,53,2.0,126,38,5.0,72,30,5,0,0,0,0,8937,9396,0.8,0.8,2.2,2.2,5.0,72,30,,,68,23,75,46,141,71,94,49,,,,,,,,0.07,0.06,0.13,1.29,0,0.0,2.34,1.17,12.86,1,5,77,0,1,0,2,0,0,0,0,0,0,1,0,26,8937,9396,0,0.06,0.05,0.11,1.1,24.4,16.0,4.0,4.4,1,2,8,11
372,Alexis,Mac Allister,Mac Allister,a,,,5.5,150,93,1.7,149,44,1.0,251,115,1,0,0,0,0,4205,13460,0.2,0.2,2.0,2.0,1.0,251,115,,,204,82,202,114,532,220,246,109,,,5.0,,,,,0.0,0.03,0.03,3.57,0,0.0,0.0,0.0,10.0,1,1,27,0,0,0,0,0,0,0,0,0,0,0,0,9,4205,13460,0,0.0,0.01,0.01,1.07,5.8,1.4,0.0,0.7,2,0,1,3
373,Curtis,Jones,C.Jones,d,Hip injury - 75% chance of playing,,5.5,137,84,0.0,498,208,0.0,545,228,0,0,0,0,0,24,792,0.0,0.0,1.5,1.5,0.0,545,228,75.0,75.0,535,222,551,231,524,213,551,229,,,,,,,,0.0,0.0,0.0,0.0,0,0.0,0.0,0.0,0.0,1,0,0,0,0,0,0,0,0,0,0,0,0,0,0,0,24,792,0,0.0,0.0,0.0,0.0,0.0,0.0,0.0,0.0,0,0,0,0
374,Endo,Wataru,Endo,a,,,5.0,246,149,0.1,465,189,0.0,451,175,0,0,0,0,0,371,669,0.0,0.0,1.5,1.5,0.0,451,175,100.0,100.0,441,168,449,178,390,138,457,175,,,,,,,,0.0,0.0,0.0,0.0,0,0.0,0.0,0.0,0.0,1,0,0,0,0,0,0,0,0,0,0,0,0,0,0,0,371,669,0,0.0,0.0,0.0,0.0,0.0,0.0,0.0,0.0,0,0,0,0
375,Trey,Nyoni,Nyoni,a,,,5.0,380,226,0.0,508,213,0.0,529,221,0,0,0,0,0,104,448,0.0,0.0,1.5,1.5,0.0,529,221,,,518,214,530,222,491,193,534,221,,,,,,,,0.0,0.0,0.0,0.0,0,0.0,0.0,0.0,0.0,1,0,0,0,0,0,0,0,0,0,0,0,0,0,0,0,104,448,0,0.0,0.0,0.0,0.0,0.0,0.0,0.0,0.0,0,0,0,0
376,Stefan,Bajčetić Maquieira,Bajcetic,i,Hamstring injury - Unknown return date,,5.0,362,211,0.0,608,266,0.0,518,212,0,0,0,0,0,4,20,0.0,0.0,0.0,0.0,0.0,518,212,0.0,0.0,506,204,519,213,477,181,522,211,,,,,,,,0.0,0.0,0.0,0.0,0,0.0,0.0,0.0,0.0,1,0,0,0,0,0,0,0,0,0,0,0,0,0,0,0,4,20,0,0.0,0.0,0.0,0.0,0.0,0.0,0.0,0.0,0,0,0,0
377,Victor,Munoz,Munoz,a,,,6.5,54,38,0.6,239,79,4.0,81,33,4,0,0,0,0,3918,3545,0.6,0.6,2.3,2.3,4.0,81,33,,,226,99,127,74,74,41,146,65,,,,,,,,0.33,0.13,0.46,3.57,0,0.0,0.0,0.0,0.0,1,4,27,0,1,0,0,0,0,0,0,0,0,0,0,15,3918,3545,0,0.1,0.04,0.14,1.07,4.0,8.9,14.0,2.7,0,0,0,0
378,James,McConnell,McConnell,a,,,4.5,486,250,0.3,313,108,0.0,392,150,0,0,0,0,0,667,1980,0.0,0.0,1.0,1.0,0.0,392,150,,,380,143,387,153,324,111,396,150,,,,,,,,0.0,0.0,0.0,0.0,0,0.0,0.0,0.0,0.0,1,0,0,0,0,0,0,0,0,0,0,0,0,0,0,0,667,1980,0,0.0,0.0,0.0,0.0,0.0,0.0,0.0,0.0,0,0,0,0
379,Alexander,Isak,Isak,a,,,9.0,5,2,16.7,24,5,2.0,170,17,2,0,0,0,0,40225,57788,0.2,0.2,2.7,2.7,2.0,170,17,,,153,11,85,7,1,1,19,4,,,2.0,,,,,1.09,0.01,1.1,1.58,0,0.0,2.0,1.0,1.0,1,2,90,0,0,0,2,0,0,0,0,0,0,1,0,6,40225,57788,0,1.09,0.01,1.1,1.58,11.4,14.6,66.0,9.2,0,1,0,1
380,Hugo,Ekitiké,Ekitiké,i,Achilles injury - Unknown return date,,7.5,21,8,0.2,382,57,0.0,606,71,0,0,0,0,0,517,2794,0.0,0.0,0.0,0.0,0.0,606,71,0.0,0.0,609,72,610,72,610,72,610,72,,,,,,,,0.0,0.0,0.0,0.0,0,0.0,0.0,0.0,0.0,1,0,0,0,0,0,0,0,0,0,0,0,0,0,0,0,517,2794,0,0.0,0.0,0.0,0.0,0.0,0.0,0.0,0.0,0,0,0,0
381,Lewis,Koumas,Koumas,a,,,5.0,355,206,0.0,549,226,1.0,228,99,1,0,0,0,0,102,123,0.2,0.2,1.5,1.5,1.0,228,99,,,262,121,250,133,106,54,236,107,,,,,,,,0.22,0.0,0.22,3.6,0,0.0,0.0,0.0,7.5,1,1,12,0,0,0,0,0,0,0,0,0,0,0,0,4,102,123,0,0.03,0.0,0.03,0.48,1.2,0.5,7.0,0.9,0,0,1,1
382,Jayden,Danns,Danns,i,Unspecified injury - Unknown return date,,4.5,490,63,0.0,516,67,0.0,396,36,0,0,0,0,0,199,384,0.0,0.0,0.0,0.0,0.0,396,36,0.0,0.0,384,25,391,33,328,31,400,34,,,,,,,,0.0,0.0,0.0,0.0,0,0.0,0.0,0.0,0.0,1,0,0,0,0,0,0,0,0,0,0,0,0,0,0,0,199,384,0,0.0,0.0,0.0,0.0,0.0,0.0,0.0,0.0,0,0,0,0
579,Ronald,Araujo,Araujo,a,,,5.5,167,21,2.7,109,42,1.0,255,93,1,0,0,0,0,18983,21972,0.2,0.2,2.5,2.5,1.0,255,93,,,134,62,215,71,539,192,219,84,,,,,,,,0.0,0.14,0.14,2.43,0,0.0,0.0,0.0,18.0,1,1,20,0,0,0,0,0,0,0,0,0,0,0,0,3,18983,21972,0,0.0,0.03,0.03,0.54,13.2,1.2,0.0,1.4,1,3,1,4
238,Jack,Grealish,Grealish,a,,,6.5,32,20,0.2,336,119,1.0,283,133,1,0,0,0,0,801,1334,0.2,0.2,2.3,2.3,1.0,283,133,100.0,100.0,267,124,248,132,593,255,287,136,,,,,,,,0.0,0.0,0.0,0.0,0,0.0,0.0,0.0,11.25,1,1,8,0,0,0,0,0,0,0,0,0,0,0,0,2,801,1334,0,0.0,0.0,0.0,0.0,1.0,0.6,0.0,0.2,1,0,0,1
384,Gianluigi,Donnarumma,Donnarumma,a,,,5.5,135,4,8.3,50,7,3.0,95,7,3,0,0,0,0,20612,28279,0.5,0.5,3.3,3.3,3.0,95,7,,,61,10,550,66,523,66,145,10,,,,,,,,0.0,0.0,0.0,0.65,3,0.0,1.0,1.0,0.0,1,3,90,0,0,0,1,0,0,0,0,0,3,1,0,12,20612,28279,0,0.0,0.0,0.0,0.65,26.8,0.0,0.0,2.7,0,1,4,0
386,Marcus,Bettinelli,Bettinelli,a,,,4.5,415,30,0.0,529,60,0.0,357,47,0,0,0,0,0,91,156,0.0,0.0,1.9,1.9,0.0,357,47,,,344,47,347,29,273,29,361,47,,,,,,,,0.0,0.0,0.0,0.0,0,0.0,0.0,0.0,0.0,1,0,0,0,0,0,0,0,0,0,0,0,0,0,0,0,91,156,0,0.0,0.0,0.0,0.0,0.0,0.0,0.0,0.0,0,0,0,0
387,Nico,O'Reilly,O'Reilly,a,,,6.5,49,4,21.1,15,3,2.0,163,52,2,0,0,0,0,43997,65426,0.3,0.3,3.1,3.1,2.0,163,52,,,173,75,27,6,86,28,79,27,,,,,,,,0.1,0.6,0.7,0.8,0,0.0,1.45,1.45,2.9,1,2,62,0,0,0,1,0,0,0,0,0,0,1,0,5,43997,65426,0,0.07,0.41,0.48,0.55,8.8,30.4,11.0,5.0,1,1,5,2
24,Reiss,Nelson,Nelson,a,,,5.5,132,82,0.0,583,248,0.0,543,227,0,0,0,0,0,44,113,0.0,0.0,2.0,2.0,0.0,543,227,,,533,221,548,230,520,211,549,228,,,,,,,,0.0,0.0,0.0,0.0,0,0.0,0.0,0.0,0.0,1,0,0,0,0,0,0,0,0,0,0,0,0,0,0,0,44,113,0,0.0,0.0,0.0,0.0,0.0,0.0,0.0,0.0,0,0,0,0
33,Tyrone,Mings,Mings,a,,,4.5,418,86,0.4,275,104,1.0,186,65,1,0,0,0,0,2648,2242,0.2,0.2,1.7,1.7,1.0,186,65,,,251,98,349,143,275,115,280,99,,,,,,,,0.0,0.0,0.0,1.24,0,0.0,0.0,0.0,5.62,1,1,16,0,0,0,0,0,0,0,0,0,0,0,0,5,2648,2242,0,0.0,0.0,0.0,0.22,2.0,0.0,0.0,0.2,1,0,0,1
388,Marc,Guéhi,Guéhi,a,,,6.0,69,6,18.7,19,6,10.0,19,8,10,0,0,0,0,117101,23578,1.7,1.7,2.8,2.8,10.0,19,8,,,18,6,69,22,32,7,23,4,,,,,,,,0.89,0.32,1.21,0.65,0,0.0,1.0,1.0,4.0,1,10,90,1,0,0,1,0,0,0,0,0,0,1,2,31,117101,23578,0,0.89,0.32,1.21,0.65,43.6,17.5,28.0,8.9,3,1,4,4
389,Matheus,Nunes,Matheus N.,a,,,6.0,90,10,1.6,152,63,1.0,280,97,1,0,0,0,0,2572,7255,0.2,0.2,2.8,2.8,1.0,280,97,100.0,100.0,229,94,199,63,142,47,238,89,,,5.0,,,,,0.0,0.11,0.11,0.27,0,0.0,0.0,0.0,2.73,1,1,33,0,0,0,0,0,0,0,0,0,0,0,0,4,2572,7255,0,0.0,0.04,0.04,0.1,3.8,1.5,4.0,0.9,0,1,2,1
390,Rúben,dos Santos Gato Alves Dias,Rúben,a,,,5.5,122,11,1.8,137,56,2.0,139,48,2,0,0,0,0,7056,7882,0.4,0.4,2.5,2.5,2.0,139,48,,,67,29,67,21,175,62,92,31,,,,,,,,0.0,0.14,0.14,0.65,0,0.0,1.0,1.0,6.0,1,2,90,0,0,0,1,0,0,0,0,0,0,1,0,11,7056,7882,0,0.0,0.14,0.14,0.65,24.4,17.9,2.0,4.4,0,6,8,6
391,Joško,Gvardiol,Gvardiol,a,,,5.5,183,26,12.8,32,11,9.0,24,10,9,0,0,0,0,135213,18918,1.6,1.6,2.5,2.5,9.0,24,10,,,11,3,97,29,59,17,33,8,,,,,,,,0.19,0.05,0.24,0.65,0,0.0,1.0,1.0,7.0,1,9,90,1,0,0,1,0,0,0,0,0,0,1,1,28,135213,18918,0,0.19,0.05,0.24,0.65,47.6,13.3,17.0,7.8,2,5,5,7
392,Rayan,Aït-Nouri,Aït-Nouri,a,,,5.5,170,23,0.9,212,79,0.0,558,197,0,0,0,0,0,2070,10282,0.0,0.0,2.5,2.5,0.0,558,197,,,547,200,560,200,542,194,561,200,,,,,,,,0.0,0.0,0.0,0.0,0,0.0,0.0,0.0,0.0,1,0,0,0,0,0,0,0,0,0,0,0,0,0,0,0,2070,10282,0,0.0,0.0,0.0,0.0,0.0,0.0,0.0,0.0,0,0,0,0
393,Abdukodir,Khusanov,Khusanov,a,,,5.5,217,33,1.8,138,57,2.0,149,50,2,0,0,0,0,4408,9030,0.4,0.4,2.5,2.5,2.0,149,50,,,101,43,161,48,566,200,180,69,,,,,,,,0.0,0.02,0.02,0.65,0,0.0,1.0,1.0,4.0,1,2,90,0,0,0,1,0,0,0,0,0,0,1,0,14,4408,9030,0,0.0,0.02,0.02,0.65,17.0,3.4,0.0,2.0,2,2,6,4
394,Max,Alleyne,Alleyne,u,Has joined Burnley on loan for the rest of the season,,5.0,339,69,0.0,590,200,0.0,510,187,0,0,0,0,0,0,268,0.0,0.0,0.0,0.0,0.0,510,187,0.0,0.0,498,193,510,193,467,184,514,193,,,,,,,,0.0,0.0,0.0,0.0,0,0.0,0.0,0.0,0.0,1,0,0,0,0,0,0,0,0,0,0,0,0,0,0,0,0,268,0,0.0,0.0,0.0,0.0,0.0,0.0,0.0,0.0,0,0,0,0
395,Rico,Lewis,Lewis,a,,,4.5,478,129,0.2,321,122,1.0,199,76,1,0,0,0,0,2348,1585,0.2,0.2,1.7,1.7,1.0,199,76,,,227,93,156,47,17,3,83,29,,,,,,,,0.27,0.03,0.3,0.88,0,0.0,1.61,1.61,3.21,1,1,56,0,0,0,1,0,0,0,0,0,0,1,0,-1,2348,1585,0,0.17,0.02,0.19,0.55,3.8,3.8,39.0,4.7,0,2,0,2
396,Vitor,de Oliveira Nunes dos Reis,Vitor Reis,a,,,4.5,531,148,0.0,545,189,0.0,428,164,0,0,0,0,0,68,156,0.0,0.0,1.7,1.7,0.0,428,164,,,417,170,423,171,364,154,433,170,,,,,,,,0.0,0.0,0.0,0.0,0,0.0,0.0,0.0,0.0,1,0,0,0,0,0,0,0,0,0,0,0,0,0,0,0,68,156,0,0.0,0.0,0.0,0.0,0.0,0.0,0.0,0.0,0,0,0,0
397,Antoine,Semenyo,Semenyo,a,,,8.5,6,4,25.0,12,6,2.0,169,86,2,0,0,0,0,29395,97086,0.2,0.2,2.9,2.9,2.0,169,86,,,205,83,128,75,28,14,88,46,,,3.0,,,,,0.06,0.02,0.08,0.65,0,0.0,1.0,1.0,5.0,1,2,90,0,0,0,1,0,0,0,0,0,0,1,0,16,29395,97086,0,0.06,0.02,0.08,0.65,5.8,8.9,31.0,4.6,1,0,4,5
398,Phil,Foden,Foden,a,,,7.0,25,16,4.2,77,26,1.0,290,140,1,0,0,0,0,11751,25462,0.1,0.1,2.5,2.5,1.0,290,140,,,163,60,5,4,71,39,37,22,3.0,3.0,,,,,,0.13,0.44,0.57,0.72,0,0.0,1.11,1.11,6.67,1,1,81,0,0,0,1,0,0,0,1,0,0,1,0,15,11751,25462,0,0.12,0.4,0.52,0.65,10.4,49.6,15.0,7.5,3,0,3,6
399,Rayan,Cherki,Cherki,a,,,7.5,18,11,9.8,41,16,8.0,35,18,8,0,0,0,0,122867,24031,1.1,1.1,2.6,2.6,8.0,35,18,,,28,15,6,5,146,75,18,14,1.0,1.0,,,,,,0.0,1.67,1.67,0.33,0,0.0,0.0,0.0,0.0,1,8,27,0,2,0,0,0,0,0,0,0,0,0,1,28,122867,24031,0,0.0,0.5,0.5,0.1,39.2,48.8,4.0,9.2,0,0,0,0
400,Jérémy,Doku,Doku,i,Calf injury - Expected back 5 Sep,,7.5,17,10,1.5,162,47,0.0,605,266,0,0,0,0,0,373,47967,0.0,0.0,0.0,0.0,0.0,605,266,0.0,0.0,608,266,609,267,609,267,609,267,,,4.0,,,,,0.0,0.0,0.0,0.0,0,0.0,0.0,0.0,0.0,1,0,0,0,0,0,0,0,0,0,0,0,0,0,0,0,373,47967,0,0.0,0.0,0.0,0.0,0.0,0.0,0.0,0.0,0,0,0,0
401,Omar,Marmoush,Marmoush,a,,,7.0,28,9,1.0,196,31,0.0,603,69,0,0,0,0,0,11403,11768,0.0,0.0,2.2,2.2,0.0,603,69,,,605,69,607,70,606,70,607,70,,2.0,2.0,,,,,0.0,0.0,0.0,0.0,0,0.0,0.0,0.0,0.0,1,0,0,0,0,0,0,0,0,0,0,0,0,0,0,0,11403,11768,0,0.0,0.0,0.0,0.0,0.0,0.0,0.0,0.0,0,0,0,0
402,Rodrigo 'Rodri',Hernandez Cascante,Rodrigo,u,Has joined Barcelona permanently,,6.5,38,26,0.0,559,231,0.0,594,259,0,0,0,0,0,0,667,0.0,0.0,0.0,0.0,0.0,594,259,0.0,0.0,595,258,598,260,595,257,598,260,,,,,,,,0.0,0.0,0.0,0.0,0,0.0,0.0,0.0,0.0,1,0,0,0,0,0,0,0,0,0,0,0,0,0,0,0,0,667,0,0.0,0.0,0.0,0.0,0.0,0.0,0.0,0.0,0,0,0,0
404,Tijjani,Reijnders,Reijnders,u,Has joined Al Qadsiah permanently,,6.0,78,50,0.1,449,178,0.0,581,250,0,0,0,0,0,0,4396,0.0,0.0,0.0,0.0,0.0,581,250,0.0,0.0,580,248,585,251,578,244,585,251,,,,,,,,0.0,0.0,0.0,0.0,0,0.0,0.0,0.0,0.0,1,0,0,0,0,0,0,0,0,0,0,0,0,0,0,0,0,4396,0,0.0,0.0,0.0,0.0,0.0,0.0,0.0,0.0,0,0,0,0
405,Nico,González Iglesias,N.Gonzalez,a,,,5.5,177,107,0.1,385,148,0.0,561,237,0,0,0,0,0,601,1025,0.0,0.0,2.0,2.0,0.0,561,237,,,551,231,564,239,548,227,565,237,,,,,,,,0.0,0.0,0.0,0.0,0,0.0,0.0,0.0,0.0,1,0,0,0,0,0,0,0,0,0,0,0,0,0,0,0,601,1025,0,0.0,0.0,0.0,0.0,0.0,0.0,0.0,0.0,0,0,0,0
406,Mateo,Kovačić,Kovačić,a,,,5.5,115,75,0.1,437,174,1.0,244,110,1,0,0,0,0,542,807,0.2,0.2,2.0,2.0,1.0,244,110,,,249,113,185,108,507,205,268,124,,,,,,,,0.0,0.03,0.03,0.33,0,0.0,0.0,0.0,6.67,1,1,27,0,0,0,0,0,0,0,0,0,0,0,0,3,542,807,0,0.0,0.01,0.01,0.1,2.2,2.1,0.0,0.4,0,0,2,2
407,Claudio,Echeverri,Echeverri,a,,,5.0,377,223,0.0,555,229,0.0,528,220,0,0,0,0,0,64,178,0.0,0.0,1.5,1.5,0.0,528,220,,,517,213,529,221,489,191,533,220,,,,,,,,0.0,0.0,0.0,0.0,0,0.0,0.0,0.0,0.0,1,0,0,0,0,0,0,0,0,0,0,0,0,0,0,0,64,178,0,0.0,0.0,0.0,0.0,0.0,0.0,0.0,0.0,0,0,0,0
408,Kalvin,Phillips,Phillips,u,Has joined Sheffield United on loan for the rest of the season,,5.0,243,146,0.0,589,251,0.0,449,173,0,0,0,0,0,0,229,0.0,0.0,0.0,0.0,0.0,449,173,0.0,0.0,439,166,447,176,387,135,455,173,,,,,,,,0.0,0.0,0.0,0.0,0,0.0,0.0,0.0,0.0,1,0,0,0,0,0,0,0,0,0,0,0,0,0,0,0,0,229,0,0.0,0.0,0.0,0.0,0.0,0.0,0.0,0.0,0,0,0,0
409,Divine,Mukasa,Mukasa,a,,,4.5,521,260,0.2,358,131,0.0,421,159,0,0,0,0,0,703,1661,0.0,0.0,1.0,1.0,0.0,421,159,,,410,152,416,162,356,120,426,159,,,,,,,,0.0,0.0,0.0,0.0,0,0.0,0.0,0.0,0.0,1,0,0,0,0,0,0,0,0,0,0,0,0,0,0,0,703,1661,0,0.0,0.0,0.0,0.0,0.0,0.0,0.0,0.0,0,0,0,0
410,Jeremy,Monga,Monga,a,,,5.0,392,234,0.0,561,233,0.0,533,223,0,0,0,0,0,58,189,0.0,0.0,1.5,1.5,0.0,533,223,,,522,216,535,225,500,199,538,223,,,,,,,,0.0,0.0,0.0,0.0,0,0.0,0.0,0.0,0.0,1,0,0,0,0,0,0,0,0,0,0,0,0,0,0,0,58,189,0,0.0,0.0,0.0,0.0,0.0,0.0,0.0,0.0,0,0,0,0
411,Erling,Haaland,Haaland,a,,,15.5,1,1,68.4,1,1,2.0,172,18,2,0,0,0,0,42017,59434,0.1,0.1,4.0,4.0,2.0,172,18,,,230,16,145,17,7,3,55,9,,,1.0,,,,,0.74,0.02,0.76,0.65,0,0.0,1.0,1.0,3.0,1,2,90,0,0,0,1,0,0,0,0,0,0,1,0,6,42017,59434,0,0.74,0.02,0.76,0.65,3.8,5.2,50.0,5.9,0,0,3,3
481,Elliot,Anderson,Anderson,d,Knock - 75% chance of playing,,6.5,36,24,6.6,57,19,2.0,161,80,2,0,0,0,0,5545,104539,0.3,0.3,1.7,2.3,2.0,161,80,75.0,,187,74,62,40,594,256,142,64,2.0,,,,,,,0.0,0.36,0.36,0.8,0,0.0,1.45,1.45,8.71,1,2,62,0,0,0,1,0,0,0,0,0,0,1,0,14,5545,104539,0,0.0,0.25,0.25,0.55,7.2,20.8,0.0,2.8,2,1,3,6
587,Gerónimo,Rulli,Rulli,a,,,5.0,234,8,0.0,547,63,0.0,442,61,0,0,0,0,0,69,145,0.0,0.0,2.6,2.6,0.0,442,61,,,431,61,438,50,379,50,447,61,,,,,,,,0.0,0.0,0.0,0.0,0,0.0,0.0,0.0,0.0,1,0,0,0,0,0,0,0,0,0,0,0,0,0,0,0,69,145,0,0.0,0.0,0.0,0.0,0.0,0.0,0.0,0.0,0,0,0,0
43,Youri,Tielemans,Tielemans,a,,,6.0,62,41,2.4,117,36,2.0,150,73,2,0,0,0,0,8318,22692,0.3,0.3,2.2,2.2,2.0,150,73,100.0,100.0,214,90,117,69,139,69,182,82,,,3.0,,,,,0.05,0.15,0.2,1.28,0,0.0,2.73,1.36,6.82,1,2,66,0,0,0,2,0,0,0,0,0,0,1,0,13,8318,22692,0,0.04,0.11,0.15,0.94,5.0,11.3,4.0,2.0,0,0,5,5
162,Andrey,Nascimento dos Santos,Andrey Santos,a,,,5.0,359,208,1.0,197,65,2.0,133,60,2,0,0,0,0,5193,10039,0.4,0.4,1.5,1.5,2.0,133,60,,,151,51,151,89,174,86,191,85,,,,,,,,0.0,0.31,0.31,1.28,0,0.0,2.73,1.36,12.27,1,2,66,0,0,0,2,0,0,0,0,0,0,1,0,17,5193,10039,0,0.0,0.23,0.23,0.94,11.4,4.2,2.0,1.8,1,3,5,9
325,Karl,Darlow,Darlow,a,,,4.5,400,22,0.0,511,54,0.0,348,41,0,0,0,0,0,154,161,0.0,0.0,1.9,1.4,0.0,348,41,100.0,75.0,335,41,336,21,260,21,352,41,,,,,,,,0.0,0.0,0.0,0.0,0,0.0,0.0,0.0,0.0,1,0,0,0,0,0,0,0,0,0,0,0,0,0,0,0,154,161,0,0.0,0.0,0.0,0.0,0.0,0.0,0.0,0.0,0,0,0,0
412,Senne,Lammens,Lammens,a,,,5.0,316,18,15.9,26,5,1.0,217,18,1,0,0,0,0,19201,57519,0.2,0.2,2.6,2.6,1.0,217,18,,,82,12,494,60,448,60,178,12,,,,,,,,0.0,0.0,0.0,1.01,2,0.0,2.0,1.0,0.0,1,1,90,0,0,0,2,0,0,0,0,0,2,1,0,7,19201,57519,0,0.0,0.0,0.0,1.01,20.2,0.0,0.0,2.0,0,2,8,0
413,Altay,Bayındır,Bayindir,u,Has joined Celta Vigo on loan for the rest of the season,,4.5,466,37,0.0,550,64,0.0,387,53,0,0,0,0,0,0,466,0.0,0.0,0.0,0.0,0.0,387,53,0.0,0.0,372,53,376,36,309,36,389,53,,,,,,,,0.0,0.0,0.0,0.0,0,0.0,0.0,0.0,0.0,1,0,0,0,0,0,0,0,0,0,0,0,0,0,0,0,0,466,0,0.0,0.0,0.0,0.0,0.0,0.0,0.0,0.0,0,0,0,0
414,Tom,Heaton,Heaton,i,Hamstring injury - Unknown return date,,4.0,539,48,0.1,428,48,0.0,293,21,0,0,0,0,0,122,708,0.0,0.0,0.0,0.0,0.0,293,21,0.0,0.0,280,21,277,1,195,1,296,21,,,,,,,,0.0,0.0,0.0,0.0,0,0.0,0.0,0.0,0.0,1,0,0,0,0,0,0,0,0,0,0,0,0,0,0,0,122,708,0,0.0,0.0,0.0,0.0,0.0,0.0,0.0,0.0,0,0,0,0
415,Patrick,Dorgu,Dorgu,a,,,6.0,108,69,1.2,180,58,0.0,591,256,0,0,0,0,0,3222,17973,0.0,0.0,2.2,2.2,0.0,591,256,,,592,255,217,122,66,36,250,112,,,,,,,,0.94,0.06,1.0,1.84,0,0.0,4.0,2.0,2.0,1,0,45,0,0,0,2,0,0,0,1,0,0,1,0,-11,3222,17973,0,0.47,0.03,0.5,0.92,0.0,1.2,16.0,0.7,0,1,0,1
416,Matthijs,de Ligt,De Ligt,i,Back injury - Unknown return date,,5.0,263,43,0.0,536,184,0.0,458,172,0,0,0,0,0,85,368,0.0,0.0,0.0,0.0,0.0,458,172,0.0,0.0,450,180,458,180,403,164,466,180,,,,,,,,0.0,0.0,0.0,0.0,0,0.0,0.0,0.0,0.0,1,0,0,0,0,0,0,0,0,0,0,0,0,0,0,0,85,368,0,0.0,0.0,0.0,0.0,0.0,0.0,0.0,0.0,0,0,0,0
417,Diogo,Dalot Teixeira,Dalot,a,,,5.0,271,46,2.6,113,45,1.0,215,86,1,0,0,0,0,5778,19816,0.2,0.2,2.2,2.2,1.0,215,86,,,181,79,115,34,408,166,183,71,,,,,,,,0.0,0.0,0.0,0.0,0,0.0,0.0,0.0,27.0,1,1,10,0,0,0,0,0,0,0,0,0,0,0,0,6,5778,19816,0,0.0,0.0,0.0,0.0,7.6,11.3,0.0,1.9,2,1,1,3
418,Harry,Maguire,Maguire,a,,,5.0,230,36,17.4,21,8,1.0,208,83,1,0,0,0,0,31838,64921,0.2,0.2,2.2,2.2,1.0,208,83,,,64,26,30,8,47,12,40,10,,,,,,,,0.04,0.4,0.44,1.01,0,0.0,2.0,1.0,4.0,1,1,90,0,0,0,2,0,0,0,0,0,0,1,0,15,31838,64921,0,0.04,0.4,0.44,1.01,25.4,28.6,19.0,7.3,0,4,5,4
419,Lisandro,Martínez,Martinez,a,,,5.0,277,49,1.3,169,69,0.0,464,175,0,0,0,0,0,5292,12357,0.0,0.0,2.2,2.2,0.0,464,175,100.0,100.0,456,183,465,183,413,169,472,183,,,,,,,,0.0,0.0,0.0,0.0,0,0.0,0.0,0.0,0.0,1,0,0,0,0,0,0,0,0,0,0,0,0,0,0,0,5292,12357,0,0.0,0.0,0.0,0.0,0.0,0.0,0.0,0.0,0,0,0,0
421,Ayden,Heaven,Heaven,a,,,4.5,527,146,0.4,271,102,1.0,206,82,1,0,0,0,0,2069,2665,0.2,0.2,1.7,1.7,1.0,206,82,,,191,85,168,50,83,27,177,68,,,,,,,,0.12,0.04,0.16,1.01,0,0.0,2.0,1.0,2.0,1,1,90,0,0,0,2,0,0,0,0,0,0,1,0,5,2069,2665,0,0.12,0.04,0.16,1.01,6.8,2.6,11.0,2.0,1,1,4,2
422,Noussair,Mazraoui,Mazraoui,a,,,4.5,446,108,0.7,227,85,1.0,190,69,1,0,0,0,0,3759,3996,0.2,0.2,1.7,1.7,1.0,190,69,,,99,42,28,7,89,30,61,19,,,,,,,,0.25,0.06,0.31,1.15,0,0.0,2.28,1.14,5.7,1,1,79,0,0,0,2,0,0,0,0,0,0,1,0,8,3759,3996,0,0.22,0.05,0.27,1.01,17.4,29.4,9.0,5.6,1,4,3,5
423,Luke,Shaw,Shaw,a,,,4.5,409,83,20.1,16,4,1.0,185,64,1,0,0,0,0,25722,76643,0.2,0.2,1.7,1.7,1.0,185,64,,,65,27,1,1,113,32,20,2,3.0,,,,,,,0.0,0.26,0.26,1.01,0,0.0,2.0,1.0,4.0,1,1,90,0,0,0,2,0,0,0,0,0,0,1,0,13,25722,76643,0,0.0,0.26,0.26,1.01,25.2,59.2,6.0,9.0,1,3,3,4
424,Harry,Amass,Amass,a,,,4.0,602,195,0.2,345,131,0.0,339,125,0,0,0,0,0,643,1353,0.0,0.0,1.0,1.0,0.0,339,125,,,326,130,326,132,249,102,343,131,,,,,,,,0.0,0.0,0.0,0.0,0,0.0,0.0,0.0,0.0,1,0,0,0,0,0,0,0,0,0,0,0,0,0,0,0,643,1353,0,0.0,0.0,0.0,0.0,0.0,0.0,0.0,0.0,0,0,0,0
425,Tyler,Fredricson,Fredricson,u,Has joined Lausanne-Sport permanently,,4.0,594,187,0.0,544,188,0.0,332,118,0,0,0,0,0,0,525,0.0,0.0,0.0,0.0,0.0,332,118,0.0,0.0,319,123,319,125,241,94,336,124,,,,,,,,0.0,0.0,0.0,0.0,0,0.0,0.0,0.0,0.0,1,0,0,0,0,0,0,0,0,0,0,0,0,0,0,0,0,525,0,0.0,0.0,0.0,0.0,0.0,0.0,0.0,0.0,0,0,0,0
426,Bruno,Borges Fernandes,B.Fernandes,a,,,12.0,2,1,49.4,3,1,2.0,171,87,2,0,0,0,0,26159,137416,0.2,0.2,4.0,4.0,2.0,171,87,,,83,28,3,2,63,33,17,13,1.0,1.0,1.0,,,,,0.08,0.26,0.34,1.01,0,0.0,2.0,1.0,6.0,1,2,90,0,0,0,2,0,0,0,0,0,0,1,0,18,26159,137416,0,0.08,0.26,0.34,1.01,20.2,55.4,17.0,9.3,0,1,5,6
427,Bryan,Mbeumo,Mbeumo,a,,,8.0,11,7,36.7,7,3,2.0,168,85,2,0,0,0,0,43337,127098,0.2,0.2,2.8,2.8,2.0,168,85,,,168,65,34,26,8,5,25,16,2.0,2.0,2.0,,,,,0.5,0.23,0.73,1.01,0,0.0,2.0,1.0,4.0,1,2,90,0,0,0,2,0,0,0,0,0,0,1,0,12,43337,127098,0,0.5,0.23,0.73,1.01,9.6,28.1,49.0,8.7,0,0,4,4
428,Matheus,Santos Carneiro da Cunha,Cunha,a,,,8.0,10,6,9.7,42,17,2.0,167,84,2,0,0,0,0,16056,56951,0.2,0.2,2.8,2.8,2.0,167,84,,,207,85,33,25,22,10,46,28,,,,,,,,0.27,0.24,0.51,1.15,0,0.0,2.28,1.14,3.42,1,2,79,0,0,0,2,0,0,0,0,0,0,1,0,14,16056,56951,0,0.24,0.21,0.45,1.01,5.4,28.2,35.0,6.9,0,0,3,3
429,Marcus,Rashford,Rashford,a,,,7.0,23,14,1.7,144,42,1.0,289,139,1,0,0,0,0,9880,14118,0.1,0.1,2.5,2.5,1.0,289,139,,,149,50,7,6,145,74,49,30,,,,,,,,0.0,0.2,0.2,0.18,0,0.0,0.0,0.0,2.0,1,1,45,0,0,0,0,0,0,0,0,0,0,0,0,9,9880,14118,0,0.0,0.1,0.1,0.09,11.6,48.6,4.0,6.4,0,0,1,1
430,Mason,Mount,Mount,d,Foot injury - 75% chance of playing,,5.5,128,79,0.0,525,217,0.0,542,226,0,0,0,0,0,26,517,0.0,0.0,1.5,1.0,0.0,542,226,75.0,50.0,532,220,547,229,517,208,548,227,,3.0,,,,,,0.0,0.0,0.0,0.0,0,0.0,0.0,0.0,0.0,1,0,0,0,0,0,0,0,0,0,0,0,0,0,0,0,26,517,0,0.0,0.0,0.0,0.0,0.0,0.0,0.0,0.0,0,0,0,0
431,Amad,Diallo,Amad,d,Unspecified injury - 75% chance of playing,,6.0,96,61,1.2,179,57,0.0,586,253,0,0,0,0,0,1414,35314,0.0,0.0,1.6,2.2,0.0,586,253,75.0,,587,252,591,255,585,249,591,255,4.0,,,,,,,0.0,0.0,0.0,0.0,0,0.0,0.0,0.0,0.0,1,0,0,0,0,0,0,0,0,0,0,0,0,0,0,0,1414,35314,0,0.0,0.0,0.0,0.0,0.0,0.0,0.0,0.0,0,0,0,0
432,Kobbie,Mainoo,Mainoo,a,,,5.5,201,125,1.0,199,67,1.0,264,120,1,0,0,0,0,2254,9318,0.2,0.2,2.0,2.0,1.0,264,120,,,239,108,170,100,178,88,247,110,,,,,,,,0.27,0.04,0.31,0.27,0,0.0,0.0,0.0,3.91,1,1,23,0,0,0,0,0,0,0,0,0,0,0,0,7,2254,9318,0,0.07,0.01,0.08,0.07,2.8,2.5,2.0,0.7,0,0,1,1
433,Manuel,Ugarte Ribeiro,Ugarte,i,Knee injury - Unknown return date,,5.0,285,169,0.0,602,262,0.0,470,184,0,0,0,0,0,15,75,0.0,0.0,0.0,0.0,0.0,470,184,0.0,0.0,461,178,470,187,421,152,477,185,,,,,,,,0.0,0.0,0.0,0.0,0,0.0,0.0,0.0,0.0,1,0,0,0,0,0,0,0,0,0,0,0,0,0,0,0,15,75,0,0.0,0.0,0.0,0.0,0.0,0.0,0.0,0.0,0,0,0,0
434,Jack,Fletcher,J.Fletcher,a,,,5.0,368,217,0.0,578,246,0.0,522,216,0,0,0,0,0,33,106,0.0,0.0,1.5,1.5,0.0,522,216,,,510,208,523,217,481,185,526,215,,,,,,,,0.0,0.0,0.0,0.0,0,0.0,0.0,0.0,0.0,1,0,0,0,0,0,0,0,0,0,0,0,0,0,0,0,33,106,0,0.0,0.0,0.0,0.0,0.0,0.0,0.0,0.0,0,0,0,0
435,Shea,Lacey,Lacey,a,,,5.0,378,224,0.0,489,202,1.0,233,102,1,0,0,0,0,215,397,0.2,0.2,1.5,1.5,1.0,233,102,,,277,132,242,128,490,192,289,137,,,,,,,,0.0,0.0,0.0,0.0,0,0.0,0.0,0.0,9.0,1,1,10,0,0,0,0,0,0,0,0,0,0,0,0,3,215,397,0,0.0,0.0,0.0,0.0,0.2,0.6,0.0,0.1,0,0,1,1
436,Toby,Collyer,Collyer,a,,,5.0,335,195,0.0,558,230,0.0,506,207,0,0,0,0,0,41,167,0.0,0.0,1.5,1.5,0.0,506,207,,,494,199,506,208,463,175,510,206,,,,,,,,0.0,0.0,0.0,0.0,0,0.0,0.0,0.0,0.0,1,0,0,0,0,0,0,0,0,0,0,0,0,0,0,0,41,167,0,0.0,0.0,0.0,0.0,0.0,0.0,0.0,0.0,0,0,0,0
437,Bendito,Mantato,Bendito Mantato,a,,,4.5,517,258,0.2,359,132,0.0,419,158,0,0,0,0,0,733,1642,0.0,0.0,1.0,1.0,0.0,419,158,,,408,151,414,161,354,119,424,158,,,,,,,,0.0,0.0,0.0,0.0,0,0.0,0.0,0.0,0.0,1,0,0,0,0,0,0,0,0,0,0,0,0,0,0,0,733,1642,0,0.0,0.0,0.0,0.0,0.0,0.0,0.0,0.0,0,0,0,0
438,Tyler,Fletcher,Fletcher,a,,,4.5,498,253,0.3,286,95,0.0,403,153,0,0,0,0,0,1018,2744,0.0,0.0,1.0,1.0,0.0,403,153,,,391,146,398,156,336,114,407,153,,,,,,,,0.0,0.0,0.0,0.0,0,0.0,0.0,0.0,0.0,1,0,0,0,0,0,0,0,0,0,0,0,0,0,0,0,1018,2744,0,0.0,0.0,0.0,0.0,0.0,0.0,0.0,0.0,0,0,0,0
439,Benjamin,Sesko,Šeško,a,,,7.0,30,10,1.7,147,23,1.0,292,34,1,0,0,0,0,17528,9664,0.1,0.1,2.2,1.7,1.0,292,34,100.0,75.0,606,70,253,28,94,19,239,24,,,,,,,,0.16,0.0,0.16,0.27,0,0.0,0.0,0.0,0.0,1,1,23,0,0,0,0,0,0,0,0,0,0,0,0,2,17528,9664,0,0.04,0.0,0.04,0.07,0.0,0.5,9.0,0.9,0,0,0,0
440,Joshua,Zirkzee,Zirkzee,a,,,5.5,172,39,0.6,244,39,0.0,559,59,0,0,0,0,0,1485,8228,0.0,0.0,1.8,1.8,0.0,559,59,,,548,51,561,57,544,58,562,59,,,,,,,,0.0,0.0,0.0,0.0,0,0.0,0.0,0.0,0.0,1,0,0,0,0,0,0,0,0,0,0,0,0,0,0,0,1485,8228,0,0.0,0.0,0.0,0.0,0.0,0.0,0.0,0.0,0,0,0,0
441,Chido,Obi,Obi,a,,,4.5,524,71,1.1,186,28,0.0,424,43,0,0,0,0,0,4152,7652,0.0,0.0,1.0,1.0,0.0,424,43,,,413,33,419,40,359,39,429,42,,,,,,,,0.0,0.0,0.0,0.0,0,0.0,0.0,0.0,0.0,1,0,0,0,0,0,0,0,0,0,0,0,0,0,0,0,4152,7652,0,0.0,0.0,0.0,0.0,0.0,0.0,0.0,0.0,0,0,0,0
442,Nick,Pope,Pope,a,,,5.0,231,6,1.3,170,25,0.0,439,59,0,0,0,0,0,1862,7472,0.0,0.0,2.6,2.6,0.0,439,59,,,428,59,435,48,376,48,444,59,,,,,,,,0.0,0.0,0.0,0.0,0,0.0,0.0,0.0,0.0,1,0,0,0,0,0,0,0,0,0,0,0,0,0,0,0,1862,7472,0,0.0,0.0,0.0,0.0,0.0,0.0,0.0,0.0,0,0,0,0
443,Mark,Gillespie,Gillespie,a,,,4.5,403,25,0.0,517,57,0.0,349,42,0,0,0,0,0,112,149,0.0,0.0,1.9,1.9,0.0,349,42,,,336,42,339,24,263,24,353,42,,,,,,,,0.0,0.0,0.0,0.0,0,0.0,0.0,0.0,0.0,1,0,0,0,0,0,0,0,0,0,0,0,0,0,0,0,112,149,0,0.0,0.0,0.0,0.0,0.0,0.0,0.0,0.0,0,0,0,0
444,Ewen,Jaouen,Jaouen,a,,,4.5,508,47,0.0,531,61,0.0,412,58,0,0,0,0,0,75,240,0.0,0.0,1.9,1.9,0.0,412,58,,,400,58,407,46,345,46,416,58,,,,,,,,0.0,0.0,0.0,0.0,0,0.0,0.0,0.0,0.0,1,0,0,0,0,0,0,0,0,0,0,0,0,0,0,0,75,240,0,0.0,0.0,0.0,0.0,0.0,0.0,0.0,0.0,0,0,0,0
445,Malick,Thiaw,Thiaw,a,,,5.0,317,60,1.7,142,59,3.0,90,39,3,0,0,0,0,10883,5808,0.6,0.6,2.2,2.2,3.0,90,39,,,32,11,269,98,449,178,108,37,,,,,,,,0.0,0.0,0.0,2.98,0,0.0,2.0,1.0,15.0,1,3,90,0,0,0,2,0,0,0,0,0,0,1,0,0,10883,5808,0,0.0,0.0,0.0,2.98,37.8,0.2,0.0,3.8,0,15,2,15
446,Fabian,Schär,Schär,a,,,5.0,237,38,0.3,312,116,1.0,209,84,1,0,0,0,0,1400,1152,0.2,0.2,2.2,2.2,1.0,209,84,100.0,100.0,434,175,441,176,382,159,450,175,,2.0,,,,,,0.0,0.0,0.0,71.1,0,0.0,90.0,0.0,0.0,1,1,1,0,0,0,1,0,0,0,0,0,0,0,0,-1,1400,1152,0,0.0,0.0,0.0,0.79,0.0,0.0,0.0,0.0,0,0,0,0
447,Sven,Botman,Botman,a,,,5.0,274,47,0.5,253,94,3.0,88,37,3,0,0,0,0,5854,1993,0.6,0.6,2.2,2.2,3.0,88,37,,,46,17,258,94,410,167,121,44,,,,,,,,0.0,0.01,0.01,2.98,0,0.0,2.0,1.0,10.0,1,3,90,0,0,0,2,0,0,0,0,0,0,1,0,4,5854,1993,0,0.0,0.01,0.01,2.98,32.4,0.3,0.0,3.3,0,10,2,10
448,Dan,Burn,Burn,i,Ankle injury - Expected back 14 Sep,,5.0,227,35,1.9,127,52,0.0,438,167,0,0,0,0,0,6173,49655,0.0,0.0,0.0,2.2,0.0,438,167,0.0,,427,173,433,174,374,157,443,173,,,,,,,,0.0,0.0,0.0,0.0,0,0.0,0.0,0.0,0.0,1,0,0,0,0,0,0,0,0,0,0,0,0,0,0,0,6173,49655,0,0.0,0.0,0.0,0.0,0.0,0.0,0.0,0.0,0,0,0,0
449,Lewis,Hall,Hall,a,,,5.0,330,66,4.0,81,32,3.0,91,40,3,0,0,0,0,35850,11037,0.6,0.6,2.2,2.2,3.0,91,40,,,75,35,80,24,458,181,113,41,1.0,1.0,,,,,,0.0,0.35,0.35,2.98,0,0.0,2.0,1.0,11.0,1,3,90,0,0,0,2,0,0,0,0,0,0,1,0,8,35850,11037,0,0.0,0.35,0.35,2.98,22.0,15.2,0.0,3.7,5,6,8,11
450,Tino,Livramento,Livramento,i,Calf injury - Unknown return date,,5.0,303,55,0.0,507,176,0.0,484,179,0,0,0,0,0,73,886,0.0,0.0,0.0,0.0,0.0,484,179,0.0,0.0,473,186,483,186,436,174,489,186,,,,,,,,0.0,0.0,0.0,0.0,0,0.0,0.0,0.0,0.0,1,0,0,0,0,0,0,0,0,0,0,0,0,0,0,0,73,886,0,0.0,0.0,0.0,0.0,0.0,0.0,0.0,0.0,0,0,0,0
451,Alex,Murphy,A.Murphy,u,Has joined FC Kaiserslautern on loan for the rest of the season,,4.0,593,186,0.1,420,149,0.0,331,117,0,0,0,0,0,0,2566,0.0,0.0,0.0,0.0,0.0,331,117,0.0,0.0,318,122,318,124,240,93,335,123,,,,,,,,0.0,0.0,0.0,0.0,0,0.0,0.0,0.0,0.0,1,0,0,0,0,0,0,0,0,0,0,0,0,0,0,0,0,2566,0,0.0,0.0,0.0,0.0,0.0,0.0,0.0,0.0,0,0,0,0
463,Nick,Woltemade,Woltemade,a,,,6.0,92,23,1.6,150,24,0.0,585,65,0,0,0,0,0,5044,19212,0.0,0.0,2.0,2.0,0.0,585,65,,,585,65,589,66,582,66,589,66,,,1.0,,,,,0.0,0.0,0.0,0.0,0,0.0,0.0,0.0,0.0,1,0,0,0,0,0,0,0,0,0,0,0,0,0,0,0,5044,19212,0,0.0,0.0,0.0,0.0,0.0,0.0,0.0,0.0,0,0,0,0
490,Chris,Wood,Wood,a,,,6.0,58,14,1.7,143,22,1.0,271,30,1,0,0,0,0,3093,15995,0.2,0.2,2.0,2.0,1.0,271,30,,,572,59,174,21,153,25,271,28,,,1.0,,,,,0.39,0.03,0.42,0.71,0,0.0,3.21,0.0,3.21,1,1,28,0,0,0,1,0,0,0,0,0,0,0,0,3,3093,15995,0,0.12,0.01,0.13,0.22,0.0,2.4,3.0,0.4,0,0,1,1
491,Igor Jesus,Maciel da Cruz,Igor Jesus,a,,,6.0,93,24,4.0,82,12,2.0,155,15,2,0,0,0,0,6499,27943,0.3,0.3,2.0,2.0,2.0,155,15,,,211,14,133,16,26,8,96,13,,,3.0,,,,,0.22,0.02,0.24,0.47,0,0.0,1.0,1.0,3.0,1,2,90,0,0,0,1,0,0,0,0,0,0,1,0,8,6499,27943,0,0.22,0.02,0.24,0.47,5.2,6.8,31.0,4.3,0,2,1,3
507,Ashley,Phillips,Phillips,u,Has joined Middlesbrough permanently,,4.5,502,138,0.0,543,187,0.0,407,159,0,0,0,0,0,0,505,0.0,0.0,0.0,0.0,0.0,407,159,0.0,0.0,395,165,402,166,340,148,411,165,,,,,,,,0.0,0.0,0.0,0.0,0,0.0,0.0,0.0,0.0,1,0,0,0,0,0,0,0,0,0,0,0,0,0,0,0,0,505,0,0.0,0.0,0.0,0.0,0.0,0.0,0.0,0.0,0,0,0,0
508,Ben,Davies,Davies,a,,,4.0,549,154,1.1,190,72,0.0,302,100,0,0,0,0,0,2005,5634,0.0,0.0,1.0,1.0,0.0,302,100,,,289,105,286,104,204,69,305,105,,,,,,,,0.0,0.0,0.0,0.0,0,0.0,0.0,0.0,0.0,1,0,0,0,0,0,0,0,0,0,0,0,0,0,0,0,2005,5634,0,0.0,0.0,0.0,0.0,0.0,0.0,0.0,0.0,0,0,0,0
518,Pape Matar,Sarr,P.M.Sarr,i,Hamstring injury - Unknown return date,,5.0,324,189,0.2,354,129,0.0,498,201,0,0,0,0,0,34,7305,0.0,0.0,0.0,0.0,0.0,498,201,0.0,0.0,486,193,498,202,453,169,502,200,,,,,,,,0.0,0.0,0.0,0.0,0,0.0,0.0,0.0,0.0,1,0,0,0,0,0,0,0,0,0,0,0,0,0,0,0,34,7305,0,0.0,0.0,0.0,0.0,0.0,0.0,0.0,0.0,0,0,0,0
519,Conor,Gallagher,Gallagher,a,,,5.5,148,91,0.3,302,103,0.0,552,233,0,0,0,0,0,743,2775,0.0,0.0,2.0,2.0,0.0,552,233,,,541,227,143,85,191,97,259,118,,,,,,,,0.04,0.12,0.16,3.4,0,0.0,4.0,2.0,6.0,1,0,45,0,0,0,2,0,0,0,1,0,0,1,0,1,743,2775,0,0.02,0.06,0.08,1.7,0.0,5.5,1.0,0.5,1,0,2,3
537,Jenson,Seelt,Seelt,a,,,4.5,497,137,0.0,580,197,0.0,402,158,0,0,0,0,0,40,73,0.0,0.0,1.7,1.7,0.0,402,158,,,390,164,397,165,335,147,406,164,,,,,,,,0.0,0.0,0.0,0.0,0,0.0,0.0,0.0,0.0,1,0,0,0,0,0,0,0,0,0,0,0,0,0,0,0,40,73,0,0.0,0.0,0.0,0.0,0.0,0.0,0.0,0.0,0,0,0,0
538,Leo Fuhr,Hjelde,Hjelde,u,Has joined KV Mechelen on loan for the rest of the season,,4.0,582,178,0.1,477,166,0.0,321,110,0,0,0,0,0,0,752,0.0,0.0,0.0,0.0,0.0,321,110,0.0,0.0,308,115,308,117,229,85,325,116,,,,,,,,0.0,0.0,0.0,0.0,0,0.0,0.0,0.0,0.0,1,0,0,0,0,0,0,0,0,0,0,0,0,0,0,0,0,752,0,0.0,0.0,0.0,0.0,0.0,0.0,0.0,0.0,0,0,0,0
557,Christos,Tzolis,Tzolis,a,,,6.5,44,31,25.8,10,4,6.0,63,25,6,0,0,0,0,152529,29312,0.9,0.9,2.3,2.3,6.0,63,25,,,102,35,16,14,29,15,24,15,3.0,,,,,,,0.23,0.17,0.4,0.07,0,1.2,0.0,1.2,7.2,1,6,75,0,1,1,0,0,0,0,0,0,0,1,0,30,152529,29312,0,0.19,0.14,0.33,0.06,17.0,39.8,30.0,8.7,1,2,3,6
28,Emiliano,Martínez Romero,Martinez,a,,,5.0,232,7,4.2,78,10,0.0,440,60,0,0,0,0,0,5640,35905,0.0,0.0,2.6,2.6,0.0,440,60,,,429,60,436,49,377,49,445,60,,,,,,,,0.0,0.0,0.0,0.0,0,0.0,0.0,0.0,0.0,1,0,0,0,0,0,0,0,0,0,0,0,0,0,0,0,5640,35905,0,0.0,0.0,0.0,0.0,0.0,0.0,0.0,0.0,0,0,0,0
29,Marco,Bizot,M.Bizot,a,,,4.5,401,23,0.1,396,43,1.0,183,16,1,0,0,0,0,495,496,0.2,0.2,1.9,1.9,1.0,183,16,,,56,8,337,22,261,22,138,8,,,,,,,,0.0,0.0,0.0,3.77,3,0.0,4.0,1.0,0.0,1,1,90,0,0,0,4,0,0,0,0,0,3,1,0,1,495,496,0,0.0,0.0,0.0,3.77,28.2,0.0,0.0,2.8,0,2,6,0
34,Pau,Torres,Pau,a,,,4.5,459,118,0.4,265,100,0.0,382,151,0,0,0,0,0,1601,3124,0.0,0.0,1.7,1.7,0.0,382,151,,,368,155,234,81,304,135,385,156,,,,,,,,0.0,0.0,0.0,4.38,0,0.0,4.93,1.23,6.16,1,0,73,0,0,0,4,0,0,0,0,0,0,1,0,-14,1601,3124,0,0.0,0.0,0.0,3.55,0.0,0.7,0.0,0.0,0,5,1,5
35,Lamare,Bogarde,Bogarde,a,,,5.0,356,207,0.1,452,181,1.0,229,100,1,0,0,0,0,489,591,0.2,0.2,1.5,1.5,1.0,229,100,,,247,112,251,134,474,178,277,130,,,,,,,,0.0,0.0,0.0,1.24,0,0.0,0.0,0.0,5.62,1,1,16,0,0,0,0,0,0,0,0,0,0,0,0,3,489,591,0,0.0,0.0,0.0,0.22,2.2,0.5,0.0,0.3,0,1,0,1
36,Ian,Maatsen,Maatsen,a,,,4.5,465,123,0.8,217,80,0.0,386,154,0,0,0,0,0,2089,5582,0.0,0.0,1.7,1.7,0.0,386,154,,,172,74,228,78,148,49,223,86,,,,,,,,0.03,0.0,0.03,4.02,0,0.0,4.44,1.11,10.0,1,0,81,0,0,0,4,0,0,0,0,0,0,1,0,-9,2089,5582,0,0.03,0.0,0.03,3.62,9.2,0.8,3.0,1.3,2,7,2,9
37,Victor,Lindelöf,Lindelöf,a,,,4.5,428,93,0.3,303,113,-2.0,611,204,-2,0,0,0,0,1453,2571,-0.4,-0.4,1.7,1.7,-2.0,611,204,,,255,99,273,101,281,118,281,100,,,,,,,,0.0,0.0,0.0,3.77,0,0.0,4.0,1.0,3.0,1,-2,90,0,0,0,4,1,0,0,0,0,0,1,0,-13,1453,2571,0,0.0,0.0,0.0,3.77,1.8,0.1,0.0,0.2,0,3,1,3
39,Kosta,Nedeljkovic,Nedeljkovic,u,Has joined Rangers on loan for the rest of the season,,4.0,603,196,0.2,317,120,0.0,340,126,0,0,0,0,0,0,5029,0.0,0.0,0.0,0.0,0.0,340,126,0.0,0.0,327,131,327,133,250,103,344,132,,,,,,,,0.0,0.0,0.0,0.0,0,0.0,0.0,0.0,0.0,1,0,0,0,0,0,0,0,0,0,0,0,0,0,0,0,0,5029,0,0.0,0.0,0.0,0.0,0.0,0.0,0.0,0.0,0,0,0,0
41,Emiliano,Buendía Stati,Buendía,a,,,6.0,65,43,1.3,173,53,2.0,151,74,2,0,0,0,0,3521,12366,0.3,0.3,2.2,2.2,2.0,151,74,,,576,246,73,45,99,50,167,76,3.0,1.0,1.0,,,,,0.14,0.1,0.24,3.83,0,0.0,4.24,1.06,7.41,1,2,85,0,0,0,4,0,0,0,0,0,0,1,0,4,3521,12366,0,0.13,0.09,0.22,3.62,0.0,16.3,8.0,2.2,1,3,3,7
44,Leon,Bailey,Bailey,a,,,5.5,141,87,0.2,383,146,0.0,547,230,0,0,0,0,0,732,1726,0.0,0.0,2.0,2.0,0.0,547,230,,,538,224,553,233,527,215,553,231,,,,,,,,0.0,0.0,0.0,0.0,0,0.0,0.0,0.0,0.0,1,0,0,0,0,0,0,0,0,0,0,0,0,0,0,0,732,1726,0,0.0,0.0,0.0,0.0,0.0,0.0,0.0,0.0,0,0,0,0
6,William,Saliba,Saliba,i,Back injury - Unknown return date,,6.0,88,9,0.3,310,115,0.0,583,201,0,0,0,0,0,630,5092,0.0,0.0,0.0,0.0,0.0,583,201,0.0,0.0,583,203,587,203,580,203,587,203,,,,,,,,0.0,0.0,0.0,0.0,0,0.0,0.0,0.0,0.0,1,0,0,0,0,0,0,0,0,0,0,0,0,0,0,0,630,5092,0,0.0,0.0,0.0,0.0,0.0,0.0,0.0,0.0,0,0,0,0
7,Myles,Lewis-Skelly,Lewis-Skelly,a,,,5.5,195,120,0.7,224,72,3.0,100,43,3,0,0,0,0,6684,5787,0.5,0.5,2.0,2.0,3.0,100,43,,,155,54,54,35,112,59,101,52,,,,,,,,0.06,0.11,0.17,0.2,0,1.0,0.0,1.0,7.0,1,3,90,0,0,1,0,0,0,0,0,0,0,1,0,15,6684,5787,0,0.06,0.11,0.17,0.2,11.0,22.9,7.0,4.1,1,1,5,7
8,Riccardo,Calafiori,Calafiori,a,,,5.5,179,25,41.2,5,1,9.0,23,9,9,0,0,0,0,226058,24195,1.6,1.6,2.5,2.5,9.0,23,9,,,62,24,105,31,137,45,98,34,,,,,,,,0.04,0.1,0.14,0.07,0,1.12,0.0,1.12,5.62,1,9,80,0,1,1,0,0,0,0,0,0,0,1,0,31,226058,24195,0,0.04,0.09,0.13,0.06,26.0,12.2,4.0,4.2,1,4,1,5
9,Piero,Hincapié,Hincapie,a,,,5.5,169,22,1.6,153,64,1.0,256,94,1,0,0,0,0,2800,28512,0.2,0.2,2.5,2.5,1.0,256,94,,,274,102,252,91,541,193,292,102,,,,,,,,0.0,0.0,0.0,1.5,0,0.0,0.0,0.0,0.0,1,1,9,0,0,0,0,0,0,0,0,0,0,0,0,3,2800,28512,0,0.0,0.0,0.0,0.15,0.4,0.5,0.0,0.1,0,0,0,0
10,Benjamin,White,White,a,,,5.5,130,13,5.8,66,27,11.0,10,5,11,0,0,0,0,89115,12544,2.0,2.0,2.5,2.5,11.0,10,5,100.0,100.0,42,15,38,11,76,21,41,11,,,,,,,,0.18,0.21,0.39,0.2,0,1.0,0.0,1.0,5.0,1,11,90,0,1,1,0,0,0,0,0,0,0,1,2,37,89115,12544,0,0.18,0.21,0.39,0.2,33.2,26.8,13.0,7.3,1,4,3,5
11,Cristhian,Mosquera,Mosquera,a,,,5.5,197,29,6.0,62,24,6.0,58,26,6,0,0,0,0,11036,25915,1.1,1.1,2.5,2.5,6.0,58,26,,,119,55,246,89,558,197,210,82,,,,,,,,0.0,0.0,0.0,0.2,0,1.0,0.0,1.0,6.0,1,6,90,0,0,1,0,0,0,0,0,0,0,1,0,27,11036,25915,0,0.0,0.0,0.0,0.2,14.4,0.6,0.0,1.5,0,6,3,6
12,Bukayo,Saka,Saka,a,,,9.5,3,2,10.3,37,14,9.0,28,14,9,0,0,0,0,59976,18146,0.9,0.9,3.2,3.2,9.0,28,14,,,21,11,43,29,25,12,12,9,2.0,2.0,1.0,,,,,0.86,0.11,0.97,0.08,0,1.34,0.0,1.34,9.4,1,9,67,1,0,1,0,0,0,0,0,0,0,1,1,36,59976,18146,0,0.64,0.08,0.72,0.06,42.8,26.1,33.0,10.2,1,2,4,7
13,Declan,Rice,Rice,a,,,7.5,13,8,17.4,22,7,3.0,108,50,3,0,0,0,0,24923,97843,0.4,0.4,2.6,2.6,3.0,108,50,,,193,77,136,80,187,95,213,96,1.0,1.0,,,,,,0.09,0.11,0.2,0.08,0,1.34,0.0,1.34,8.06,1,3,67,0,0,1,0,0,0,0,0,0,0,1,0,10,24923,97843,0,0.07,0.08,0.15,0.06,6.8,6.4,2.0,1.5,0,3,3,6
18,Gabriel,Martinelli Silva,Martinelli,a,,,6.5,45,32,0.2,340,123,0.0,596,261,0,0,0,0,0,854,4843,0.0,0.0,2.3,2.3,0.0,596,261,,,598,261,600,262,598,260,600,262,,,,,,,,0.0,0.0,0.0,0.0,0,0.0,0.0,0.0,0.0,1,0,0,0,0,0,0,0,0,0,0,0,0,0,0,0,854,4843,0,0.0,0.0,0.0,0.0,0.0,0.0,0.0,0.0,0,0,0,0
539,Luke,O'Nien,O'Nien,a,,,4.0,553,157,3.5,93,38,1.0,174,54,1,0,0,0,0,3285,10400,0.2,0.2,1.0,1.0,1.0,174,54,,,150,71,200,64,129,41,195,76,,,,,,,,0.01,0.01,0.02,2.3,0,0.0,1.36,1.36,6.82,1,1,66,0,0,0,1,0,0,0,1,0,0,1,0,1,3285,10400,0,0.01,0.01,0.02,1.69,11.4,1.4,4.0,1.7,1,4,4,5
1,David,Raya Martín,Raya,a,,,6.0,60,1,38.1,6,1,6.0,60,6,6,0,0,0,0,66573,48409,1.0,1.0,4.0,4.0,6.0,60,6,,,144,19,581,67,572,67,231,19,,,,,,,,0.0,0.0,0.0,0.2,1,1.0,0.0,1.0,0.0,1,6,90,0,0,1,0,0,0,0,0,0,1,1,0,24,66573,48409,0,0.0,0.0,0.0,0.2,11.8,0.0,0.0,1.2,0,1,8,0
2,Kepa,Arrizabalaga Revuelta,Arrizabalaga,a,,,5.0,235,9,0.1,439,49,0.0,443,62,0,0,0,0,0,219,899,0.0,0.0,2.6,2.6,0.0,443,62,,,432,62,439,51,380,51,448,62,,,,,,,,0.0,0.0,0.0,0.0,0,0.0,0.0,0.0,0.0,1,0,0,0,0,0,0,0,0,0,0,0,0,0,0,0,219,899,0,0.0,0.0,0.0,0.0,0.0,0.0,0.0,0.0,0,0,0,0
3,Illan,Meslier,Meslier,a,,,5.0,300,16,0.0,522,59,0.0,481,65,0,0,0,0,0,72,333,0.0,0.0,2.6,2.6,0.0,481,65,,,470,65,480,58,433,58,486,65,,,,,,,,0.0,0.0,0.0,0.0,0,0.0,0.0,0.0,0.0,1,0,0,0,0,0,0,0,0,0,0,0,0,0,0,0,72,333,0,0.0,0.0,0.0,0.0,0.0,0.0,0.0,0.0,0,0,0,0
4,Gabriel,dos Santos Magalhães,Gabriel,a,,,8.0,9,1,29.4,9,2,5.0,73,30,5,0,0,0,0,39443,75715,0.6,0.6,4.0,4.0,5.0,73,30,,,196,87,193,59,194,66,240,90,,,,,,,,0.05,0.01,0.06,0.2,0,1.0,0.0,1.0,4.0,1,5,90,0,0,1,0,0,0,0,1,0,0,1,0,21,39443,75715,0,0.05,0.01,0.06,0.2,6.6,1.8,1.0,0.9,0,4,2,4
5,Jurriën,Timber,J.Timber,i,Groin injury - Unknown return date,,6.5,47,3,0.1,415,147,0.0,598,202,0,0,0,0,0,296,2251,0.0,0.0,0.0,0.0,0.0,598,202,0.0,0.0,600,204,602,204,600,204,602,204,,,,,,,,0.0,0.0,0.0,0.0,0,0.0,0.0,0.0,0.0,1,0,0,0,0,0,0,0,0,0,0,0,0,0,0,0,296,2251,0,0.0,0.0,0.0,0.0,0.0,0.0,0.0,0.0,0,0,0,0
45,John,McGinn,McGinn,a,,,5.5,118,76,3.0,105,34,1.0,245,111,1,0,0,0,0,5509,26940,0.2,0.2,2.0,2.0,1.0,245,111,,,257,118,173,102,190,96,258,117,2.0,,,,,,,0.04,0.01,0.05,4.02,0,0.0,4.44,1.11,6.67,1,1,81,0,0,0,4,0,0,0,1,0,0,1,0,8,5509,26940,0,0.04,0.01,0.05,3.62,1.6,2.4,1.0,0.5,1,2,3,6
49,Samuel,Iling-Junior,Iling Jr,u,Has joined Bolton Wanderers on loan for the rest of the season,,5.0,320,186,0.0,603,263,0.0,496,199,0,0,0,0,0,0,98,0.0,0.0,0.0,0.0,0.0,496,199,0.0,0.0,484,191,495,200,450,167,500,198,,,,,,,,0.0,0.0,0.0,0.0,0,0.0,0.0,0.0,0.0,1,0,0,0,0,0,0,0,0,0,0,0,0,0,0,0,0,98,0,0.0,0.0,0.0,0.0,0.0,0.0,0.0,0.0,0,0,0,0
54,Joao,Gomes,Gomes,s,Suspended until 19 Sep,,5.5,168,105,0.1,472,193,-2.0,612,268,-2,0,0,0,0,104,1335,-0.4,-0.4,0.0,0.0,-2.0,612,268,0.0,0.0,265,123,121,71,540,225,228,103,,,,,,,,0.0,0.02,0.02,5.95,0,0.0,9.23,2.31,16.15,1,-2,39,0,0,0,4,0,0,0,0,1,0,1,0,-2,104,1335,0,0.0,0.01,0.01,2.58,1.0,11.0,0.0,1.2,4,1,2,7
573,Juanlu,Sánchez,Sanchez,a,,,4.5,488,133,0.2,328,124,0.0,394,155,0,0,0,0,0,350,869,0.0,0.0,1.7,1.7,0.0,394,155,,,382,161,389,162,326,143,398,161,,,,,,,,0.0,0.0,0.0,0.0,0,0.0,0.0,0.0,0.0,1,0,0,0,0,0,0,0,0,0,0,0,0,0,0,0,350,869,0,0.0,0.0,0.0,0.0,0.0,0.0,0.0,0.0,0,0,0,0
116,Lewis,Dunk,Dunk,a,,,4.5,404,80,1.1,185,71,6.0,43,16,6,0,0,0,0,7687,2862,1.3,1.3,1.7,1.7,6.0,43,16,,,132,61,134,40,264,112,175,66,,3.0,,,,,,0.0,0.04,0.04,0.29,0,1.0,0.0,1.0,2.0,1,6,90,0,0,1,0,0,0,0,0,0,0,1,0,24,7687,2862,0,0.0,0.04,0.04,0.29,13.4,6.4,0.0,2.0,1,1,2,2
504,Luka,Vušković,Vuskovic,a,,,5.0,385,76,2.5,114,46,6.0,54,23,6,0,0,0,0,15598,7003,1.2,1.2,2.2,2.2,6.0,54,23,,,141,66,149,44,78,22,137,54,,,,,,,,0.13,0.03,0.16,0.29,0,1.0,0.0,1.0,4.0,1,6,90,0,0,1,0,0,0,0,0,0,0,1,0,19,15598,7003,0,0.13,0.03,0.16,0.29,12.4,4.5,12.0,2.9,0,4,2,4
136,Danny,Welbeck,Welbeck,a,,,6.0,57,13,1.0,194,30,0.0,577,63,0,0,0,0,0,883,15494,0.0,0.0,2.0,1.5,0.0,577,63,100.0,75.0,571,58,580,63,571,63,582,64,,,,,,,,0.0,0.0,0.0,0.0,0,0.0,0.0,0.0,0.0,1,0,0,0,0,0,0,0,0,0,0,0,0,0,0,0,883,15494,0,0.0,0.0,0.0,0.0,0.0,0.0,0.0,0.0,0,0,0,0
153,Axel,Disasi,Disasi,a,,,4.5,439,102,0.1,468,164,0.0,370,141,0,0,0,0,0,315,580,0.0,0.0,1.7,1.7,0.0,370,141,,,357,146,361,150,289,124,374,147,,,,,,,,0.0,0.0,0.0,0.0,0,0.0,0.0,0.0,0.0,1,0,0,0,0,0,0,0,0,0,0,0,0,0,0,0,315,580,0,0.0,0.0,0.0,0.0,0.0,0.0,0.0,0.0,0,0,0,0
568,Valentín,Barco,Barco,a,,,5.5,203,127,0.1,386,149,0.0,569,245,0,0,0,0,0,225,990,0.0,0.0,2.0,2.0,0.0,569,245,,,561,240,573,247,560,237,573,245,,,,,,,,0.0,0.0,0.0,0.0,0,0.0,0.0,0.0,0.0,1,0,0,0,0,0,0,0,0,0,0,0,0,0,0,0,225,990,0,0.0,0.0,0.0,0.0,0.0,0.0,0.0,0.0,0,0,0,0
578,Mykhailo,Mudryk,Mudryk,a,,,5.5,178,108,0.0,492,204,0.0,562,238,0,0,0,0,0,176,634,0.0,0.0,2.0,2.0,0.0,562,238,,,552,232,565,240,549,228,566,238,,,,,,,,0.0,0.0,0.0,0.0,0,0.0,0.0,0.0,0.0,1,0,0,0,0,0,0,0,0,0,0,0,0,0,0,0,176,634,0,0.0,0.0,0.0,0.0,0.0,0.0,0.0,0.0,0,0,0,0
185,Tatsuhiro,Sakamoto,Sakamoto,a,,,5.0,346,200,0.1,419,165,0.0,512,209,0,0,0,0,0,81,902,0.0,0.0,1.5,1.5,0.0,512,209,,,500,201,513,210,470,177,516,208,,,,,,,,0.0,0.0,0.0,0.0,0,0.0,0.0,0.0,0.0,1,0,0,0,0,0,0,0,0,0,0,0,0,0,0,0,81,902,0,0.0,0.0,0.0,0.0,0.0,0.0,0.0,0.0,0,0,0,0
256,Kenny,Tete,Tete,a,,,4.5,422,89,0.3,307,114,0.0,360,135,0,0,0,0,0,231,1176,0.0,0.0,1.7,1.7,0.0,360,135,,,347,140,351,144,277,116,364,141,,,,,,,,0.0,0.0,0.0,0.0,0,0.0,0.0,0.0,0.0,1,0,0,0,0,0,0,0,0,0,0,0,0,0,0,0,231,1176,0,0.0,0.0,0.0,0.0,0.0,0.0,0.0,0.0,0,0,0,0
257,Calvin,Bassey,Bassey,a,,,4.5,451,112,0.8,218,81,0.0,377,146,0,0,0,0,0,4856,3507,0.0,0.0,1.7,1.7,0.0,377,146,,,127,59,155,46,161,57,176,67,,,,,,,,0.02,0.02,0.04,2.24,0,0.0,3.0,1.0,4.0,1,0,90,0,0,0,3,0,0,0,1,0,0,1,0,1,4856,3507,0,0.02,0.02,0.04,2.24,13.8,3.8,2.0,2.0,1,3,4,4
258,Timothy,Castagne,Castagne,a,,,4.5,421,88,0.4,278,105,6.0,44,17,6,0,0,0,0,5231,1105,1.3,1.3,1.7,1.7,6.0,44,17,,,30,10,35,9,41,9,22,3,,,,,,,,0.09,0.18,0.27,2.24,0,0.0,3.0,1.0,6.0,1,6,90,0,2,0,3,0,0,0,1,0,0,1,0,21,5231,1105,0,0.09,0.18,0.27,2.24,38.0,27.8,23.0,8.9,1,5,4,6
261,Alex,Iwobi,Iwobi,a,,,5.5,119,77,1.0,198,66,2.0,138,64,2,0,0,0,0,3602,5373,0.4,0.4,2.0,2.0,2.0,138,64,,,142,48,116,68,510,206,158,72,1.0,1.0,3.0,,,,,0.0,0.04,0.04,2.24,0,0.0,3.0,1.0,10.0,1,2,90,0,0,0,3,0,0,0,0,0,0,1,0,17,3602,5373,0,0.0,0.04,0.04,2.24,12.4,11.3,0.0,2.4,1,3,6,10
580,Shea,Charles,Charles,a,,,5.0,315,185,0.1,429,169,1.0,216,93,1,0,0,0,0,252,472,0.2,0.2,1.5,1.5,1.0,216,93,,,234,104,209,118,447,166,256,116,,,,,,,,0.0,0.0,0.0,0.12,0,0.0,0.0,0.0,11.74,1,1,23,0,0,0,0,0,0,0,0,0,0,0,0,5,252,472,0,0.0,0.0,0.0,0.03,3.4,1.3,0.0,0.5,1,0,2,3
290,Regan,Slater,Slater,a,,,4.5,455,245,3.6,91,29,6.0,49,21,6,0,0,0,0,52065,12509,1.3,1.3,1.0,1.0,6.0,49,21,,,94,33,63,41,301,106,106,55,2.0,,,,,,,0.0,0.44,0.44,1.83,0,1.0,0.0,1.0,3.0,1,6,90,0,1,1,0,0,0,0,0,0,0,1,0,20,52065,12509,0,0.0,0.44,0.44,1.83,18.4,19.3,0.0,3.8,1,0,2,3
291,Eliot,Matazo,Matazo,i,Knee injury - Unknown return date,,4.5,471,247,0.0,592,253,0.0,388,147,0,0,0,0,0,39,57,0.0,0.0,0.0,0.0,0.0,388,147,0.0,0.0,373,140,378,150,312,108,390,147,,,,,,,,0.0,0.0,0.0,0.0,0,0.0,0.0,0.0,0.0,1,0,0,0,0,0,0,0,0,0,0,0,0,0,0,0,39,57,0,0.0,0.0,0.0,0.0,0.0,0.0,0.0,0.0,0,0,0,0
292,Abdülkadir,Ömür,Ömür,a,,,5.0,262,160,0.0,553,227,0.0,457,179,0,0,0,0,0,159,243,0.0,0.0,1.5,1.5,0.0,457,179,,,449,173,457,182,402,145,465,180,,,,,,,,0.0,0.0,0.0,0.0,0,0.0,0.0,0.0,0.0,1,0,0,0,0,0,0,0,0,0,0,0,0,0,0,0,159,243,0,0.0,0.0,0.0,0.0,0.0,0.0,0.0,0.0,0,0,0,0
293,Abu,Kamara,Kamara,u,Has joined Portsmouth permanently,,5.0,334,194,0.0,596,257,0.0,505,206,0,0,0,0,0,0,142,0.0,0.0,0.0,0.0,0.0,505,206,0.0,0.0,493,198,505,207,462,174,509,205,,,,,,,,0.0,0.0,0.0,0.0,0,0.0,0.0,0.0,0.0,1,0,0,0,0,0,0,0,0,0,0,0,0,0,0,0,0,142,0,0.0,0.0,0.0,0.0,0.0,0.0,0.0,0.0,0,0,0,0
585,Lucas,Herrington,Herrington,a,,,4.0,605,197,0.7,232,88,1.0,181,61,1,0,0,0,0,2021,2153,0.2,0.2,1.0,1.0,1.0,181,61,,,178,78,329,134,252,104,241,91,,,,,,,,0.0,0.0,0.0,3.32,0,0.0,0.0,0.0,13.85,1,1,26,0,0,0,0,0,0,0,0,0,0,0,0,4,2021,2153,0,0.0,0.0,0.0,0.96,8.0,0.0,0.0,0.8,0,4,0,4
586,Nobel,Mendy,Mendy,a,,,4.0,607,199,2.2,123,50,15.0,3,2,15,0,0,0,0,71478,11696,3.8,3.8,1.0,1.0,15.0,3,2,100.0,,4,1,237,84,23,6,27,5,,,,,,,,0.4,0.0,0.4,1.23,0,1.43,0.0,1.43,18.57,1,15,63,1,0,1,0,0,0,0,0,0,0,1,1,35,71478,11696,0,0.28,0.0,0.28,0.86,51.8,0.6,33.0,8.5,0,13,2,13
348,Joël,Piroe,Piroe,u,Has joined West Ham United on loan for the rest of the season,,5.0,289,53,0.1,393,59,0.0,474,47,0,0,0,0,0,0,4010,0.0,0.0,0.0,0.0,0.0,474,47,0.0,0.0,463,37,472,45,423,44,479,46,,,3.0,,,,,0.0,0.0,0.0,0.0,0,0.0,0.0,0.0,0.0,1,0,0,0,0,0,0,0,0,0,0,0,0,0,0,0,0,4010,0,0.0,0.0,0.0,0.0,0.0,0.0,0.0,0.0,0,0,0,0
349,Mateo,Joseph Fernández-Regatillo,Mateo Joseph,i,Knee injury - Unknown return date,,4.5,511,68,0.1,471,63,0.0,414,40,0,0,0,0,0,207,732,0.0,0.0,0.0,0.0,0.0,414,40,0.0,0.0,403,30,409,37,348,36,419,39,,,,,,,,0.0,0.0,0.0,0.0,0,0.0,0.0,0.0,0.0,1,0,0,0,0,0,0,0,0,0,0,0,0,0,0,0,207,732,0,0.0,0.0,0.0,0.0,0.0,0.0,0.0,0.0,0,0,0,0
385,James,Trafford,Trafford,a,,,5.0,297,14,3.7,88,14,9.0,21,2,9,0,0,0,0,37398,7274,1.8,1.8,2.6,2.6,9.0,21,2,,,87,13,478,56,431,56,185,13,,,,,,,,0.0,0.0,0.0,0.66,3,1.0,0.0,1.0,0.0,1,9,90,0,0,1,0,0,0,0,0,0,3,1,2,28,37398,7274,0,0.0,0.0,0.0,0.66,19.4,0.0,0.0,1.9,0,0,9,0
598,Nico,Elvedi,Elvedi,a,,,4.5,425,91,0.0,539,185,0.0,362,136,0,0,0,0,0,188,150,0.0,0.0,1.7,1.7,0.0,362,136,,,349,141,353,145,279,117,366,142,,,,,,,,0.0,0.0,0.0,0.0,0,0.0,0.0,0.0,0.0,1,0,0,0,0,0,0,0,0,0,0,0,0,0,0,0,188,150,0,0.0,0.0,0.0,0.0,0.0,0.0,0.0,0.0,0,0,0,0
360,Conor,Bradley,Bradley,i,Knee injury - Unknown return date,,5.0,337,68,0.0,581,198,0.0,508,186,0,0,0,0,0,56,162,0.0,0.0,0.0,0.0,0.0,508,186,0.0,0.0,496,192,508,192,465,183,512,192,,,,,,,,0.0,0.0,0.0,0.0,0,0.0,0.0,0.0,0.0,1,0,0,0,0,0,0,0,0,0,0,0,0,0,0,0,56,162,0,0.0,0.0,0.0,0.0,0.0,0.0,0.0,0.0,0,0,0,0
383,Harvey,Elliott,Elliott,a,,,5.5,166,104,0.1,450,179,0.0,557,236,0,0,0,0,0,250,786,0.0,0.0,2.0,2.0,0.0,557,236,,,546,230,559,238,538,224,560,236,,,,,,,,0.0,0.0,0.0,0.0,0,0.0,0.0,0.0,0.0,1,0,0,0,0,0,0,0,0,0,0,0,0,0,0,0,250,786,0,0.0,0.0,0.0,0.0,0.0,0.0,0.0,0.0,0,0,0,0
420,Leny,Yoro,Yoro,a,,,5.0,371,73,0.7,229,87,0.0,524,189,0,0,0,0,0,1280,6987,0.0,0.0,2.2,2.2,0.0,524,189,,,512,195,525,195,484,186,528,195,,,,,,,,0.0,0.0,0.0,0.0,0,0.0,0.0,0.0,0.0,1,0,0,0,0,0,0,0,0,0,0,0,0,0,0,0,1280,6987,0,0.0,0.0,0.0,0.0,0.0,0.0,0.0,0.0,0,0,0,0
453,Harvey,Barnes,Barnes,a,,,6.0,67,45,1.1,188,62,2.0,152,75,2,0,0,0,0,5477,5733,0.3,0.3,2.2,2.2,2.0,152,75,,,210,87,175,103,91,44,202,90,,,,,,,,0.07,0.02,0.09,2.98,0,0.0,2.0,1.0,8.0,1,2,90,0,0,0,2,0,0,0,0,0,0,1,0,12,5477,5733,0,0.07,0.02,0.09,2.98,5.2,2.4,9.0,1.7,1,3,4,8
454,Anthony,Elanga,Elanga,a,,,6.0,86,55,1.6,154,45,9.0,27,13,9,0,0,0,0,52055,5989,1.5,1.5,2.2,2.2,9.0,27,13,,,33,17,160,93,34,18,45,27,4.0,,,,,,,0.26,0.01,0.27,2.33,0,0.0,1.2,1.2,2.4,1,9,75,1,0,0,1,0,0,0,0,0,0,1,2,31,52055,5989,0,0.22,0.01,0.23,1.94,37.4,3.5,28.0,6.9,0,1,1,2
456,Jacob,Ramsey,J.Ramsey,a,,,5.0,287,171,0.4,281,92,0.0,472,186,0,0,0,0,0,1022,2814,0.0,0.0,1.5,1.5,0.0,472,186,,,180,71,208,117,132,65,224,99,,,,,,,,0.16,0.03,0.19,3.97,0,0.0,2.65,0.0,15.88,1,0,34,0,0,0,1,0,0,0,1,0,0,0,0,1,1022,2814,0,0.06,0.01,0.07,1.5,7.8,1.3,4.0,1.3,2,3,1,6
457,Jacob,Murphy,J.Murphy,a,,,6.0,59,40,0.2,372,141,0.0,578,248,0,0,0,0,0,504,1553,0.0,0.0,2.2,2.2,0.0,578,248,,,573,245,276,144,182,92,293,139,2.0,,,,,,,0.0,0.0,0.0,6.69,0,0.0,6.43,0.0,12.86,1,0,14,0,0,0,1,0,0,0,1,0,0,0,0,-1,504,1553,0,0.0,0.0,0.0,1.04,0.0,0.1,2.0,0.1,0,1,1,2
458,Joelinton Cássio,Apolinário de Lira,Joelinton,i,Unspecified injury - Unknown return date,,5.5,127,78,0.0,524,216,0.0,541,225,0,0,0,0,0,31,741,0.0,0.0,0.0,0.0,0.0,541,225,0.0,0.0,531,219,546,228,516,207,547,226,,,,,,,,0.0,0.0,0.0,0.0,0,0.0,0.0,0.0,0.0,1,0,0,0,0,0,0,0,0,0,0,0,0,0,0,0,31,741,0,0.0,0.0,0.0,0.0,0.0,0.0,0.0,0.0,0,0,0,0
459,Lewis,Miley,L.Miley,a,,,5.5,207,129,0.1,467,190,3.0,101,44,3,0,0,0,0,732,290,0.5,0.5,2.0,2.0,3.0,101,44,100.0,100.0,109,37,59,39,152,79,103,54,3.0,,,,,,,0.06,0.01,0.07,2.33,0,0.0,1.2,1.2,15.6,1,3,75,0,0,0,1,0,0,0,1,0,0,1,0,13,732,290,0,0.05,0.01,0.06,1.94,15.6,21.4,3.0,4.0,1,6,6,13
460,Joe,Willock,Willock,a,,,5.0,254,154,0.2,355,130,6.0,51,22,6,0,0,0,0,4335,999,1.2,1.2,1.5,1.5,6.0,51,22,,,29,16,90,58,90,43,52,31,,,,,,,,0.24,0.45,0.69,3.97,0,0.0,2.65,0.0,7.94,1,6,34,1,0,0,1,0,0,0,0,0,0,0,0,28,4335,999,0,0.09,0.17,0.26,1.5,38.4,13.9,9.0,6.1,2,0,1,3
461,Bazoumana,Touré,Touré,a,,,6.0,109,70,0.2,325,113,0.0,592,257,0,0,0,0,0,327,2596,0.0,0.0,2.2,2.2,0.0,592,257,,,593,256,596,258,591,253,596,258,,,,,,,,0.0,0.0,0.0,0.0,0,0.0,0.0,0.0,0.0,1,0,0,0,0,0,0,0,0,0,0,0,0,0,0,0,327,2596,0,0.0,0.0,0.0,0.0,0.0,0.0,0.0,0.0,0,0,0,0
462,Sean,Steur,Steur,a,,,5.0,391,233,0.1,413,161,1.0,238,106,1,0,0,0,0,515,608,0.2,0.2,1.5,1.5,1.0,238,106,,,272,128,214,120,499,198,283,134,,,,,,,,0.0,0.0,0.0,2.42,0,0.0,1.64,1.64,3.27,1,1,55,0,0,0,1,0,0,0,0,0,0,1,0,3,515,608,0,0.0,0.0,0.0,1.48,0.4,1.2,0.0,0.2,0,0,2,2
464,Yoane,Wissa,Wissa,a,,,6.0,72,19,2.7,111,16,4.0,78,8,4,0,0,0,0,74938,10557,0.7,0.7,2.0,2.0,4.0,78,8,,,85,7,74,6,33,9,48,8,,,3.0,,,,,1.0,0.02,1.02,2.19,0,0.0,1.0,1.0,8.0,1,4,90,0,1,0,1,0,0,0,1,0,0,1,0,7,74938,10557,0,1.0,0.02,1.02,2.19,20.0,16.3,28.0,6.4,4,1,3,8
465,William,Osula,Osula,d,Knock - 50% chance of playing,,6.0,103,26,1.2,182,27,4.0,80,10,4,0,0,0,0,19675,6976,0.7,0.7,1.0,2.0,4.0,80,10,50.0,,59,6,95,8,100,20,78,11,,,2.0,,,,,0.1,0.23,0.33,2.42,0,0.0,1.64,1.64,8.18,1,4,55,0,1,0,1,0,0,0,0,0,0,1,0,18,19675,6976,0,0.06,0.14,0.2,1.48,28.2,13.7,8.0,5.0,1,2,2,5
466,Sean,Neave,Neave,a,,,4.5,526,72,0.8,219,37,0.0,426,44,0,0,0,0,0,4152,5204,0.0,0.0,1.0,1.0,0.0,426,44,,,415,34,421,41,361,40,431,43,,,,,,,,0.0,0.0,0.0,0.0,0,0.0,0.0,0.0,0.0,1,0,0,0,0,0,0,0,0,0,0,0,0,0,0,0,4152,5204,0,0.0,0.0,0.0,0.0,0.0,0.0,0.0,0.0,0,0,0,0
559,Aladji,Bamba,Bamba,a,,,5.0,390,232,0.1,390,152,1.0,237,105,1,0,0,0,0,480,1026,0.2,0.2,1.5,1.5,1.0,237,105,,,223,96,534,224,498,197,266,122,,,,,,,,0.0,0.0,0.0,6.69,0,0.0,6.43,0.0,12.86,1,1,14,0,0,0,1,0,0,0,0,0,0,0,0,5,480,1026,0,0.0,0.0,0.0,1.04,4.0,0.0,0.0,0.4,1,1,0,2
567,Lukás,Hornícek,Horníček,a,,,5.0,322,19,0.7,223,31,1.0,219,19,1,0,0,0,0,3264,2365,0.2,0.2,2.6,2.6,1.0,219,19,,,24,2,497,61,452,61,100,2,,,,,,,,0.0,0.0,0.0,2.98,5,0.0,2.0,1.0,0.0,1,1,90,0,0,0,2,0,0,0,1,0,5,1,0,12,3264,2365,0,0.0,0.0,0.0,2.98,41.2,0.0,0.0,4.1,0,3,5,0
593,Amar,Dedic,Dedić,a,,,4.5,470,125,0.3,299,112,1.0,195,73,1,0,0,0,0,3491,1047,0.2,0.2,1.7,1.7,1.0,195,73,,,106,46,212,69,123,39,161,62,,,,,,,,0.03,0.0,0.03,2.98,0,0.0,2.0,1.0,9.0,1,1,90,0,0,0,2,0,0,0,0,0,0,1,0,-1,3491,1047,0,0.03,0.0,0.03,2.98,16.4,1.2,5.0,2.3,2,7,2,9
609,Leo,Shahar,Shahar,a,,,4.0,597,190,0.1,440,154,0.0,335,121,0,0,0,0,0,2425,333,0.0,0.0,1.0,1.0,0.0,335,121,,,322,126,322,128,244,97,339,127,,,,,,,,0.0,0.0,0.0,0.0,0,0.0,0.0,0.0,0.0,1,0,0,0,0,0,0,0,0,0,0,0,0,0,0,0,2425,333,0,0.0,0.0,0.0,0.0,0.0,0.0,0.0,0.0,0,0,0,0
467,Matz,Sels,Sels,a,,,5.0,228,5,1.6,158,24,2.0,119,12,2,0,0,0,0,1669,5872,0.4,0.4,2.6,2.6,2.0,119,12,,,122,18,434,47,375,47,217,18,,,,,,,,0.0,0.0,0.0,0.47,2,0.0,1.0,1.0,0.0,1,2,90,0,0,0,1,0,0,0,0,0,2,1,0,11,1669,5872,0,0.0,0.0,0.0,0.47,14.2,0.0,0.0,1.4,0,0,9,0
468,John Victor,Maciel Furtado,John,a,,,4.5,441,34,0.1,464,52,0.0,371,51,0,0,0,0,0,117,279,0.0,0.0,1.9,1.9,0.0,371,51,,,358,51,362,33,290,33,375,51,,,,,,,,0.0,0.0,0.0,0.0,0,0.0,0.0,0.0,0.0,1,0,0,0,0,0,0,0,0,0,0,0,0,0,0,0,117,279,0,0.0,0.0,0.0,0.0,0.0,0.0,0.0,0.0,0,0,0,0
469,Neco,Williams,N.Williams,a,,,5.0,270,45,9.4,43,15,2.0,126,46,2,0,0,0,0,10766,43498,0.4,0.4,2.2,2.2,2.0,126,46,,,113,52,141,41,115,34,144,57,1.0,2.0,,,,,,0.0,0.02,0.02,0.47,0,0.0,1.0,1.0,6.0,1,2,90,0,0,0,1,0,0,0,0,0,0,1,0,13,10766,43498,0,0.0,0.02,0.02,0.47,15.2,5.8,6.0,2.7,3,3,10,6
470,Felipe,Rodrigues da Silva,Morato,a,,,5.0,327,65,0.0,488,170,0.0,499,184,0,0,0,0,0,182,405,0.0,0.0,2.2,2.2,0.0,499,184,,,487,190,499,190,455,180,503,190,,,,,,,,0.0,0.0,0.0,0.0,0,0.0,0.0,0.0,0.0,1,0,0,0,0,0,0,0,0,0,0,0,0,0,0,0,182,405,0,0.0,0.0,0.0,0.0,0.0,0.0,0.0,0.0,0,0,0,0
471,Nikola,Milenković,Milenković,a,,,5.5,147,17,1.9,131,54,2.0,140,49,2,0,0,0,0,1787,8731,0.4,0.4,2.5,2.5,2.0,140,49,,,182,80,244,88,72,19,166,65,,,,,,,,0.11,0.02,0.13,0.47,0,0.0,1.0,1.0,7.0,1,2,90,0,0,0,1,0,0,0,0,0,0,1,0,4,1787,8731,0,0.11,0.02,0.13,0.47,7.6,0.6,14.0,2.2,0,7,6,7
472,Murillo,Costa dos Santos,Murillo,a,,,5.5,215,32,1.7,146,61,4.0,77,32,4,0,0,0,0,6118,6231,0.7,0.7,2.5,2.5,4.0,77,32,100.0,100.0,47,18,45,14,565,199,57,16,,3.0,,,,,,0.0,0.28,0.28,0.47,0,0.0,1.0,1.0,14.0,1,4,90,0,0,0,1,0,0,0,0,0,0,1,0,15,6118,6231,0,0.0,0.28,0.28,0.47,32.2,25.9,0.0,5.8,2,12,3,14
473,Ola,Aina,Aina,a,,,4.5,420,87,3.6,92,37,5.0,65,29,5,0,0,0,0,11786,12958,1.1,1.1,1.7,1.7,5.0,65,29,,,107,47,20,5,81,25,50,12,,,,,,,,0.05,0.21,0.26,0.42,0,1.23,0.0,1.23,2.47,1,5,73,0,0,1,0,0,0,0,1,0,0,1,0,24,11786,12958,0,0.04,0.17,0.21,0.34,16.0,35.6,11.0,6.3,0,2,4,2
474,Jair,Paula da Cunha Filho,Jair Cunha,a,,,4.5,516,143,0.2,332,126,1.0,205,81,1,0,0,0,0,187,900,0.2,0.2,1.7,1.7,1.0,205,81,,,80,37,207,67,353,152,164,64,,,,,,,,0.0,0.0,0.0,0.47,0,0.0,1.0,1.0,8.0,1,1,90,0,0,0,1,0,0,0,1,0,0,1,0,5,187,900,0,0.0,0.0,0.0,0.47,20.8,1.3,0.0,2.2,1,7,0,8
475,Nicolò,Savona,Savona,i,Knee injury - Unknown return date,,4.5,491,134,0.0,604,202,0.0,397,156,0,0,0,0,0,39,29,0.0,0.0,0.0,0.0,0.0,397,156,0.0,0.0,385,162,392,163,329,144,401,162,,,,,,,,0.0,0.0,0.0,0.0,0,0.0,0.0,0.0,0.0,1,0,0,0,0,0,0,0,0,0,0,0,0,0,0,0,39,29,0,0.0,0.0,0.0,0.0,0.0,0.0,0.0,0.0,0,0,0,0
476,Omar,Richards,O.Richards,a,,,4.0,562,164,0.2,320,121,0.0,309,104,0,0,0,0,0,364,1250,0.0,0.0,1.0,1.0,0.0,309,104,,,296,109,295,110,215,77,313,110,,,,,,,,0.0,0.0,0.0,0.0,0,0.0,0.0,0.0,0.0,1,0,0,0,0,0,0,0,0,0,0,0,0,0,0,0,364,1250,0,0.0,0.0,0.0,0.0,0.0,0.0,0.0,0.0,0,0,0,0
477,Zach,Abbott,Abbott,a,,,4.0,596,189,0.3,314,117,0.0,334,120,0,0,0,0,0,692,1413,0.0,0.0,1.0,1.0,0.0,334,120,,,321,125,321,127,243,96,338,126,,,,,,,,0.0,0.0,0.0,0.0,0,0.0,0.0,0.0,0.0,1,0,0,0,0,0,0,0,0,0,0,0,0,0,0,0,692,1413,0,0.0,0.0,0.0,0.0,0.0,0.0,0.0,0.0,0,0,0,0
478,Luca,Netz,Netz,a,,,4.5,474,127,0.0,513,178,1.0,196,74,1,0,0,0,0,78,178,0.2,0.2,1.7,1.7,1.0,196,74,,,375,158,224,75,314,139,288,101,,,,,,,,0.0,0.0,0.0,0.73,0,0.0,5.62,0.0,0.0,1,1,16,0,0,0,1,0,0,0,0,0,0,0,0,-2,78,178,0,0.0,0.0,0.0,0.13,0.0,0.9,0.0,0.1,0,0,1,0
479,Tyler,Bindon,Bindon,a,,,4.0,591,184,0.2,352,133,0.0,330,116,0,0,0,0,0,239,881,0.0,0.0,1.0,1.0,0.0,330,116,,,317,121,317,123,238,91,334,122,,,,,,,,0.0,0.0,0.0,0.0,0,0.0,0.0,0.0,0.0,1,0,0,0,0,0,0,0,0,0,0,0,0,0,0,0,239,881,0,0.0,0.0,0.0,0.0,0.0,0.0,0.0,0.0,0,0,0,0
480,Morgan,Gibbs-White,Gibbs-White,d,Knee injury - 75% chance of playing,,8.0,8,5,9.9,40,15,2.0,166,83,2,0,0,0,0,6730,146396,0.2,0.2,2.1,2.8,2.0,166,83,75.0,,612,268,126,73,67,37,160,73,,1.0,2.0,,,,,0.13,0.06,0.19,0.47,0,0.0,1.0,1.0,3.0,1,2,90,0,0,0,1,0,0,0,0,0,0,1,0,10,6730,146396,0,0.13,0.06,0.19,0.47,0.0,9.3,16.0,2.4,0,1,2,3
482,Callum,Hudson-Odoi,Hudson-Odoi,a,,,6.0,70,46,0.2,319,110,0.0,580,249,0,0,0,0,0,507,3018,0.0,0.0,2.2,2.2,0.0,580,249,100.0,100.0,578,247,584,250,574,242,584,250,,4.0,,,,,,0.0,0.0,0.0,0.0,0,0.0,0.0,0.0,0.0,1,0,0,0,0,0,0,0,0,0,0,0,0,0,0,0,507,3018,0,0.0,0.0,0.0,0.0,0.0,0.0,0.0,0.0,0,0,0,0
483,Dan,Ndoye,Ndoye,a,,,5.5,171,106,0.4,268,85,3.0,99,42,3,0,0,0,0,575,2826,0.5,0.5,2.0,2.0,3.0,99,42,,,259,119,169,99,543,226,269,125,,,,,,,,0.0,0.0,0.0,0.37,0,1.48,0.0,1.48,4.43,1,3,61,0,0,1,0,0,0,0,0,0,0,1,0,5,575,2826,0,0.0,0.0,0.0,0.25,1.4,2.5,0.0,0.4,1,1,1,3
484,Omari,Hutchinson,Hutchinson,a,,,5.5,198,122,0.2,367,137,0.0,568,244,0,0,0,0,0,143,1314,0.0,0.0,2.0,2.0,0.0,568,244,,,559,238,572,246,559,236,572,244,4.0,,,,,,,0.0,0.0,0.0,0.0,0,0.0,0.0,0.0,0.0,1,0,0,0,0,0,0,0,0,0,0,0,0,0,0,0,143,1314,0,0.0,0.0,0.0,0.0,0.0,0.0,0.0,0.0,0,0,0,0
485,Dilane,Bakwa,Bakwa,a,,,5.5,182,111,0.0,565,237,0.0,563,239,0,0,0,0,0,87,200,0.0,0.0,2.0,2.0,0.0,563,239,,,553,233,566,241,550,229,567,239,,,,,,,,0.0,0.0,0.0,0.0,0,0.0,0.0,0.0,0.0,1,0,0,0,0,0,0,0,0,0,0,0,0,0,0,0,87,200,0,0.0,0.0,0.0,0.0,0.0,0.0,0.0,0.0,0,0,0,0
486,James,McAtee,McAtee,a,,,5.5,157,98,0.0,487,201,3.0,98,41,3,0,0,0,0,310,266,0.5,0.5,2.0,2.0,3.0,98,41,,,146,49,12,10,533,221,67,35,2.0,,,,,,,0.0,0.2,0.2,0.42,0,1.23,0.0,1.23,9.86,1,3,73,0,0,1,0,0,0,0,0,0,0,1,0,18,310,266,0,0.0,0.16,0.16,0.34,11.6,42.5,0.0,5.4,1,2,5,8
487,Nicolás,Domínguez,Dominguez,a,,,5.0,294,176,0.1,441,176,0.0,479,191,0,0,0,0,0,142,663,0.0,0.0,1.5,1.5,0.0,479,191,,,468,183,477,192,428,157,484,190,,,,,,,,0.0,0.0,0.0,0.0,0,0.0,0.0,0.0,0.0,1,0,0,0,0,0,0,0,0,0,0,0,0,0,0,0,142,663,0,0.0,0.0,0.0,0.0,0.0,0.0,0.0,0.0,0,0,0,0
488,Ibrahim,Sangaré,I.Sangaré,a,,,5.0,265,162,1.0,195,64,2.0,124,56,2,0,0,0,0,1961,7286,0.4,0.4,1.5,1.5,2.0,124,56,,,97,34,99,61,149,76,119,59,,,,,,,,0.03,0.01,0.04,0.47,0,0.0,1.0,1.0,6.0,1,2,90,0,0,0,1,0,0,0,0,0,0,1,0,10,1961,7286,0,0.03,0.01,0.04,0.47,17.8,13.0,3.0,3.4,0,3,3,6
489,Ryan,Yates,Yates,i,Unspecified injury - Unknown return date,,4.5,435,243,1.5,159,46,0.0,367,145,0,0,0,0,0,506,28119,0.0,0.0,0.0,0.0,0.0,367,145,0.0,0.0,354,138,358,148,286,104,371,145,,,,,,,,0.0,0.0,0.0,0.0,0,0.0,0.0,0.0,0.0,1,0,0,0,0,0,0,0,0,0,0,0,0,0,0,0,506,28119,0,0.0,0.0,0.0,0.0,0.0,0.0,0.0,0.0,0,0,0,0
493,Arnaud,Kalimuendo,Kalimuendo,a,,,5.5,176,42,0.1,482,65,1.0,258,27,1,0,0,0,0,216,455,0.2,0.2,1.8,1.8,1.0,258,27,,,550,53,563,59,547,60,564,61,,,,,,,,0.0,0.0,0.0,0.0,0,0.0,0.0,0.0,0.0,1,1,1,0,0,0,0,0,0,0,0,0,0,0,0,3,216,455,0,0.0,0.0,0.0,0.0,0.0,0.0,0.0,0.0,0,0,0,0
558,Xaver,Schlager,Schlager,a,,,5.0,259,157,0.1,418,164,1.0,214,92,1,0,0,0,0,100,641,0.2,0.2,1.5,1.5,1.0,214,92,,,270,127,222,124,166,81,264,120,3.0,,,,,,,0.0,0.0,0.0,0.73,0,0.0,5.62,0.0,5.62,1,1,16,0,0,0,1,0,0,0,0,0,0,0,0,3,100,641,0,0.0,0.0,0.0,0.13,0.6,1.0,2.0,0.4,0,0,1,1
581,Ousmane,Diomande,Diomande,a,,,5.5,212,31,0.8,220,82,0.0,572,199,0,0,0,0,0,2727,7566,0.0,0.0,2.5,2.5,0.0,572,199,,,564,201,575,201,564,198,576,201,,,,,,,,0.0,0.0,0.0,0.0,0,0.0,0.0,0.0,0.0,1,0,0,0,0,0,0,0,0,0,0,0,0,0,0,0,2727,7566,0,0.0,0.0,0.0,0.0,0.0,0.0,0.0,0.0,0,0,0,0
590,Steven,Benda,Benda,a,,,4.5,461,36,0.1,461,51,0.0,383,52,0,0,0,0,0,436,345,0.0,0.0,1.9,1.9,0.0,383,52,,,369,52,373,35,306,35,386,52,,,,,,,,0.0,0.0,0.0,0.0,0,0.0,0.0,0.0,0.0,1,0,0,0,0,0,0,0,0,0,0,0,0,0,0,0,436,345,0,0.0,0.0,0.0,0.0,0.0,0.0,0.0,0.0,0,0,0,0
112,Jan Paul,van Hecke,Van Hecke,a,,,5.0,319,62,10.0,39,14,1.0,218,87,1,0,0,0,0,28458,61822,0.2,0.2,2.2,2.2,1.0,218,87,,,58,22,166,49,170,60,122,45,,,,,,,,0.0,0.03,0.03,3.87,0,0.0,3.0,1.0,9.0,1,1,90,0,0,0,3,0,0,0,0,0,0,1,0,3,28458,61822,0,0.0,0.03,0.03,3.87,28.2,2.8,2.0,3.3,2,7,3,9
403,Sávio,Moreira de Oliveira,Savinho,a,,,6.5,51,36,0.3,296,99,0.0,600,264,0,0,0,0,0,4347,3005,0.0,0.0,2.3,2.3,0.0,600,264,,,602,264,604,265,602,263,604,265,,,,,,,,0.0,0.0,0.0,0.0,0,0.0,0.0,0.0,0.0,1,0,0,0,0,0,0,0,0,0,0,0,0,0,0,0,4347,3005,0,0.0,0.0,0.0,0.0,0.0,0.0,0.0,0.0,0,0,0,0
455,Sandro,Tonali,Tonali,a,,,5.5,156,97,3.9,83,27,2.0,141,65,2,0,0,0,0,8186,32322,0.4,0.4,2.0,2.0,2.0,141,65,,,198,79,135,79,96,47,172,78,2.0,5.0,,,,,,0.04,0.06,0.1,3.87,0,0.0,3.0,1.0,4.0,1,2,90,0,0,0,3,0,0,0,0,0,0,1,0,14,8186,32322,0,0.04,0.06,0.1,3.87,6.2,6.4,8.0,2.1,1,0,3,4
494,Guglielmo,Vicario,Vicario,u,Has joined Juventus on loan for the rest of the season,,4.5,426,32,0.3,309,37,0.0,363,49,0,0,0,0,0,0,8948,0.0,0.0,0.0,0.0,0.0,363,49,0.0,0.0,350,49,354,31,280,31,367,49,,,,,,,,0.0,0.0,0.0,0.0,0,0.0,0.0,0.0,0.0,1,0,0,0,0,0,0,0,0,0,0,0,0,0,0,0,0,8948,0,0.0,0.0,0.0,0.0,0.0,0.0,0.0,0.0,0,0,0,0
495,Brandon,Austin,Austin,a,,,4.0,563,58,0.9,208,29,0.0,310,31,0,0,0,0,0,1938,2312,0.0,0.0,1.0,1.0,0.0,310,31,,,297,31,296,11,216,11,314,31,,,,,,,,0.0,0.0,0.0,0.0,0,0.0,0.0,0.0,0.0,1,0,0,0,0,0,0,0,0,0,0,0,0,0,0,0,1938,2312,0,0.0,0.0,0.0,0.0,0.0,0.0,0.0,0.0,0,0,0,0
496,Antonín,Kinský,Kinsky,a,,,4.5,479,41,23.2,13,2,2.0,116,11,2,0,0,0,0,19226,49471,0.4,0.4,1.9,1.9,2.0,116,11,,,17,1,382,40,318,40,90,1,,,,,,,,0.0,0.0,0.0,3.87,5,0.0,3.0,1.0,0.0,1,2,90,0,0,0,3,0,0,0,0,0,5,1,0,15,19226,49471,0,0.0,0.0,0.0,3.87,43.6,0.0,0.0,4.4,0,4,12,0
497,Martin,Dubravka,Dubravka,a,,,4.0,543,52,18.9,18,4,0.0,297,25,0,0,0,0,0,20031,37918,0.0,0.0,1.0,1.0,0.0,297,25,,,284,25,281,5,199,5,300,25,,,,,,,,0.0,0.0,0.0,0.0,0,0.0,0.0,0.0,0.0,1,0,0,0,0,0,0,0,0,0,0,0,0,0,0,0,20031,37918,0,0.0,0.0,0.0,0.0,0.0,0.0,0.0,0.0,0,0,0,0
498,Marcos,Senesi Barón,Senesi,a,,,6.0,73,7,7.9,53,21,3.0,103,41,3,0,0,0,0,10491,37714,0.5,0.5,2.8,2.8,3.0,103,41,,,37,12,183,55,576,202,105,36,,,,,,,,0.0,0.02,0.02,3.87,0,0.0,3.0,1.0,16.0,1,3,90,0,0,0,3,0,0,0,0,0,0,1,0,10,10491,37714,0,0.0,0.02,0.02,3.87,36.6,2.2,0.0,3.9,5,11,2,16
499,Pedro,Porro Sauceda,Pedro Porro,a,,,5.5,163,20,13.9,27,9,0.0,556,196,0,0,0,0,0,5930,263424,0.0,0.0,2.5,0.0,0.0,556,196,100.0,0.0,545,199,558,199,537,191,559,199,1.0,1.0,,,,,,0.0,0.0,0.0,0.0,0,0.0,0.0,0.0,0.0,1,0,0,0,0,0,0,0,0,0,0,0,0,0,0,0,5930,263424,0,0.0,0.0,0.0,0.0,0.0,0.0,0.0,0.0,0,0,0,0
500,Cristian,Romero,Romero,u,Has joined Atletico Madrid permanently,,5.0,276,48,0.2,365,138,0.0,463,174,0,0,0,0,0,0,8667,0.0,0.0,0.0,0.0,0.0,463,174,0.0,0.0,455,182,464,182,412,168,471,182,,,,,,,,0.0,0.0,0.0,0.0,0,0.0,0.0,0.0,0.0,1,0,0,0,0,0,0,0,0,0,0,0,0,0,0,0,0,8667,0,0.0,0.0,0.0,0.0,0.0,0.0,0.0,0.0,0,0,0,0
501,Kevin,Danso,Danso,a,,,5.0,239,39,0.2,357,135,0.0,446,169,0,0,0,0,0,811,1590,0.0,0.0,2.2,2.2,0.0,446,169,,,436,176,443,177,384,160,452,176,,,,,,,,0.0,0.0,0.0,0.0,0,0.0,0.0,0.0,0.0,1,0,0,0,0,0,0,0,0,0,0,0,0,0,0,0,811,1590,0,0.0,0.0,0.0,0.0,0.0,0.0,0.0,0.0,0,0,0,0
502,Andrew,Robertson,Robertson,a,,,4.5,416,85,3.9,84,33,3.0,83,34,3,0,0,0,0,13693,14255,0.7,0.7,1.7,1.7,3.0,83,34,,,48,19,64,19,158,54,69,23,3.0,,,,,,,0.0,0.06,0.06,3.87,0,0.0,3.0,1.0,11.0,1,3,90,0,0,0,3,0,0,0,0,0,0,1,0,13,13693,14255,0,0.0,0.06,0.06,3.87,31.8,19.2,2.0,5.3,2,9,3,11
503,Micky,van de Ven,Van de Ven,a,,,5.0,336,67,4.4,74,30,0.0,507,185,0,0,0,0,0,2690,107115,0.0,0.0,2.2,0.0,0.0,507,185,100.0,0.0,495,191,507,191,464,182,511,191,,,,,,,,0.0,0.0,0.0,0.0,0,0.0,0.0,0.0,0.0,1,0,0,0,0,0,0,0,0,0,0,0,0,0,0,0,2690,107115,0,0.0,0.0,0.0,0.0,0.0,0.0,0.0,0.0,0,0,0,0
505,Djed,Spence,Spence,u,Has joined Internazionale permanently,,4.5,450,111,0.6,245,92,0.0,376,145,0,0,0,0,0,0,37814,0.0,0.0,0.0,0.0,0.0,376,145,0.0,0.0,363,150,367,154,297,130,380,151,,,,,,,,0.0,0.0,0.0,0.0,0,0.0,0.0,0.0,0.0,1,0,0,0,0,0,0,0,0,0,0,0,0,0,0,0,0,37814,0,0.0,0.0,0.0,0.0,0.0,0.0,0.0,0.0,0,0,0,0
506,Destiny,Udogie,Udogie,a,,,4.5,480,130,0.5,254,95,1.0,200,77,1,0,0,0,0,1284,2963,0.2,0.2,1.7,1.7,1.0,200,77,,,377,160,235,82,319,141,393,160,,,,,,,,0.0,0.45,0.45,9.9,0,0.0,0.0,0.0,0.0,1,1,4,0,0,0,0,0,0,0,0,0,0,0,0,3,1284,2963,0,0.0,0.02,0.02,0.44,0.0,0.7,0.0,0.0,0,0,2,0
509,Jun'ai,Byfield,Byfield,a,,,4.0,609,201,0.1,480,167,0.0,344,129,0,0,0,0,0,233,364,0.0,0.0,1.0,1.0,0.0,344,129,,,331,134,332,137,255,107,348,135,,,,,,,,0.0,0.0,0.0,0.0,0,0.0,0.0,0.0,0.0,1,0,0,0,0,0,0,0,0,0,0,0,0,0,0,0,233,364,0,0.0,0.0,0.0,0.0,0.0,0.0,0.0,0.0,0,0,0,0
510,James,Rowswell,Rowswell,a,,,4.0,587,181,0.1,443,156,0.0,326,113,0,0,0,0,0,227,467,0.0,0.0,1.0,1.0,0.0,326,113,,,313,118,313,120,234,88,330,119,,,,,,,,0.0,0.0,0.0,0.0,0,0.0,0.0,0.0,0.0,1,0,0,0,0,0,0,0,0,0,0,0,0,0,0,0,227,467,0,0.0,0.0,0.0,0.0,0.0,0.0,0.0,0.0,0,0,0,0
511,João Victor,de Souza Menezes,Souza,a,,,4.0,608,200,0.3,298,111,0.0,343,128,0,0,0,0,0,797,1734,0.0,0.0,1.0,1.0,0.0,343,128,,,330,133,331,136,254,106,347,134,,,,,,,,0.0,0.0,0.0,0.0,0,0.0,0.0,0.0,0.0,1,0,0,0,0,0,0,0,0,0,0,0,0,0,0,0,797,1734,0,0.0,0.0,0.0,0.0,0.0,0.0,0.0,0.0,0,0,0,0
512,Mohammed,Kudus,Kudus,d,Thigh injury - 50% chance of playing,,6.5,48,34,0.1,446,177,0.0,599,263,0,0,0,0,0,212,1550,0.0,0.0,1.1,0.6,0.0,599,263,50.0,25.0,601,263,603,264,601,262,603,264,5.0,3.0,2.0,,,,,0.0,0.0,0.0,0.0,0,0.0,0.0,0.0,0.0,1,0,0,0,0,0,0,0,0,0,0,0,0,0,0,0,212,1550,0,0.0,0.0,0.0,0.0,0.0,0.0,0.0,0.0,0,0,0,0
513,Xavi,Simons,Xavi,i,Knee injury - Unknown return date,,6.0,97,62,0.0,566,238,0.0,587,254,0,0,0,0,0,49,260,0.0,0.0,0.0,0.0,0.0,587,254,0.0,0.0,588,253,592,256,586,250,592,256,6.0,2.0,3.0,,,,,0.0,0.0,0.0,0.0,0,0.0,0.0,0.0,0.0,1,0,0,0,0,0,0,0,0,0,0,0,0,0,0,0,49,260,0,0.0,0.0,0.0,0.0,0.0,0.0,0.0,0.0,0,0,0,0
514,Mathys,Tel,Tel,a,,,6.0,99,64,0.5,252,83,2.0,158,78,2,0,0,0,0,1707,4988,0.3,0.3,2.2,2.2,2.0,158,78,,,162,59,44,30,93,45,89,47,4.0,4.0,,,,,,0.06,0.06,0.12,3.87,0,0.0,3.0,1.0,8.0,1,2,90,0,0,0,3,0,0,0,0,0,0,1,0,17,1707,4988,0,0.06,0.06,0.12,3.87,10.4,26.0,9.0,4.5,0,1,7,8
515,James,Maddison,Maddison,d,Shoulder injury - 75% chance of playing,,6.5,34,22,1.2,174,54,1.0,284,134,1,0,0,0,0,2625,15425,0.2,0.2,1.7,2.3,1.0,284,134,75.0,,219,94,129,76,101,51,174,80,,,,,,,,0.0,0.04,0.04,3.48,0,0.0,0.0,0.0,8.18,1,1,22,0,0,0,0,0,0,0,0,0,0,0,0,6,2625,15425,0,0.0,0.01,0.01,0.85,4.4,8.3,8.0,2.1,0,1,1,2
516,Rodrigo,Bentancur,Bentancur,a,,,5.5,134,83,0.2,346,124,1.0,247,113,1,0,0,0,0,341,1201,0.2,0.2,2.0,2.0,1.0,247,113,,,253,115,84,54,522,212,199,88,,,,,,,,0.0,0.02,0.02,4.36,0,0.0,2.0,0.0,10.0,1,1,45,0,0,0,1,0,0,0,0,0,0,0,0,8,341,1201,0,0.0,0.01,0.01,2.18,2.0,14.7,0.0,1.7,3,0,2,5
517,Wilson,Odobert,Odobert,i,Knee injury - Unknown return date,,5.5,210,132,0.0,609,267,0.0,571,246,0,0,0,0,0,8,13,0.0,0.0,0.0,0.0,0.0,571,246,0.0,0.0,563,242,574,248,562,239,575,247,,,,,,,,0.0,0.0,0.0,0.0,0,0.0,0.0,0.0,0.0,1,0,0,0,0,0,0,0,0,0,0,0,0,0,0,0,8,13,0,0.0,0.0,0.0,0.0,0.0,0.0,0.0,0.0,0,0,0,0
520,Lucas,Bergvall,Bergvall,a,,,5.5,213,134,0.2,338,121,1.0,268,124,1,0,0,0,0,425,1336,0.2,0.2,2.0,2.0,1.0,268,124,,,565,243,187,109,180,90,577,248,,,,,,,,0.0,0.02,0.02,3.4,0,0.0,4.0,2.0,16.0,1,1,45,0,0,0,2,0,0,0,0,0,0,1,0,2,425,1336,0,0.0,0.01,0.01,1.7,0.0,2.0,2.0,0.0,1,0,7,8
521,Dejan,Kulusevski,Kulusevski,i,Knee injury - Unknown return date,,6.5,46,33,0.0,582,247,0.0,597,262,0,0,0,0,0,53,160,0.0,0.0,0.0,0.0,0.0,597,262,0.0,0.0,599,262,601,263,599,261,601,263,,,,,,,,0.0,0.0,0.0,0.0,0,0.0,0.0,0.0,0.0,1,0,0,0,0,0,0,0,0,0,0,0,0,0,0,0,53,160,0,0.0,0.0,0.0,0.0,0.0,0.0,0.0,0.0,0,0,0,0
522,Archie,Gray,Gray,a,,,5.0,369,218,0.2,327,115,2.0,134,61,2,0,0,0,0,1081,1581,0.4,0.4,1.5,1.5,2.0,134,61,,,197,78,163,95,482,186,235,106,,,,,,,,0.0,0.01,0.01,3.63,0,0.0,3.18,1.06,5.29,1,2,85,0,0,0,3,0,0,0,0,0,0,1,0,15,1081,1581,0,0.0,0.01,0.01,3.43,6.2,3.3,0.0,1.0,1,2,2,5
523,Mikey,Moore,Moore,a,,,5.0,344,198,0.2,361,133,2.0,132,59,2,0,0,0,0,575,1413,0.4,0.4,1.5,1.5,2.0,132,59,,,123,40,140,84,4,3,35,20,,,,,,,,0.51,0.03,0.54,4.06,0,0.0,4.03,1.34,2.69,1,2,67,0,0,0,3,0,0,0,0,0,0,1,0,10,575,1413,0,0.38,0.02,0.4,3.02,14.2,5.9,55.0,7.5,1,0,1,2
524,Callum,Olusesi,Olusesi,a,,,4.5,489,252,0.9,211,70,0.0,395,152,0,0,0,0,0,1667,6390,0.0,0.0,1.0,1.0,0.0,395,152,,,383,145,390,155,327,113,399,152,,,,,,,,0.0,0.0,0.0,0.0,0,0.0,0.0,0.0,0.0,1,0,0,0,0,0,0,0,0,0,0,0,0,0,0,0,1667,6390,0,0.0,0.0,0.0,0.0,0.0,0.0,0.0,0.0,0,0,0,0
525,Mateus,Fernandes,Fernandes,a,,,6.0,104,67,1.7,139,41,1.0,282,132,1,0,0,0,0,2424,19704,0.2,0.2,2.2,2.2,1.0,282,132,,,186,73,37,27,186,94,114,57,,,,,,,,0.0,0.12,0.12,4.36,0,0.0,2.0,0.0,4.0,1,1,45,0,0,0,1,0,0,0,0,0,0,0,0,16,2424,19704,0,0.0,0.06,0.06,2.18,7.2,27.2,2.0,3.6,1,0,1,2
526,Dominic,Solanke-Mitchell,Solanke,a,,,6.0,61,15,1.4,168,25,1.0,272,31,1,0,0,0,0,3089,12428,0.2,0.2,2.0,2.0,1.0,272,31,,,574,60,582,64,127,24,260,27,,,1.0,,,,,0.29,0.0,0.29,3.48,0,0.0,0.0,0.0,0.0,1,1,22,0,0,0,0,0,0,0,0,0,0,0,0,3,3089,12428,0,0.07,0.0,0.07,0.85,0.0,0.0,5.0,0.5,0,0,0,0
527,Richarlison,de Andrade,Richarlison,a,,,6.0,71,18,3.0,104,13,2.0,153,13,2,0,0,0,0,8316,21852,0.3,0.3,2.0,2.0,2.0,153,13,,,579,63,182,22,575,65,286,31,,,4.0,,,,,0.0,0.0,0.0,4.06,0,0.0,4.03,1.34,1.34,1,2,67,0,0,0,3,0,0,0,0,0,0,1,0,6,8316,21852,0,0.0,0.0,0.0,3.02,0.0,2.2,0.0,0.2,0,1,0,1
528,Dane,Scarlett,Scarlett,a,,,4.5,484,62,1.7,140,21,0.0,390,35,0,0,0,0,0,8406,11119,0.0,0.0,1.0,1.0,0.0,390,35,,,378,24,385,32,322,30,394,33,,,,,,,,0.0,0.0,0.0,0.0,0,0.0,0.0,0.0,0.0,1,0,0,0,0,0,0,0,0,0,0,0,0,0,0,0,8406,11119,0,0.0,0.0,0.0,0.0,0.0,0.0,0.0,0.0,0,0,0,0
601,Luca,Williams-Barnett,Williams-Barnett,a,,,4.5,530,264,0.1,483,198,0.0,427,162,0,0,0,0,0,1669,326,0.0,0.0,1.0,1.0,0.0,427,162,,,416,155,422,165,363,124,432,162,,,,,,,,0.0,0.0,0.0,0.0,0,0.0,0.0,0.0,0.0,1,0,0,0,0,0,0,0,0,0,0,0,0,0,0,0,1669,326,0,0.0,0.0,0.0,0.0,0.0,0.0,0.0,0.0,0,0,0,0
529,Robin,Roefs,Roefs,a,,,5.0,341,20,4.1,79,11,1.0,223,20,1,0,0,0,0,2825,16896,0.2,0.2,2.6,2.6,1.0,223,20,,,114,15,511,62,468,62,209,15,,,,,,,,0.0,0.0,0.0,1.8,1,0.0,2.0,1.0,0.0,1,1,90,0,0,0,2,0,0,0,0,0,1,1,0,7,2825,16896,0,0.0,0.0,0.0,1.8,15.2,0.0,0.0,1.5,0,1,8,0
530,Anthony,Patterson,Patterson,u,Has joined Wrexham permanently,,4.0,569,59,0.2,368,39,0.0,313,32,0,0,0,0,0,0,1808,0.0,0.0,0.0,0.0,0.0,313,32,0.0,0.0,300,32,299,12,219,12,317,32,,,,,,,,0.0,0.0,0.0,0.0,0,0.0,0.0,0.0,0.0,1,0,0,0,0,0,0,0,0,0,0,0,0,0,0,0,0,1808,0,0.0,0.0,0.0,0.0,0.0,0.0,0.0,0.0,0,0,0,0
531,Melker,Ellborg,Ellborg,a,,,4.5,495,44,0.1,427,47,0.0,401,55,0,0,0,0,0,135,537,0.0,0.0,1.9,1.9,0.0,401,55,,,389,55,396,43,333,43,405,55,,,,,,,,0.0,0.0,0.0,0.0,0,0.0,0.0,0.0,0.0,1,0,0,0,0,0,0,0,0,0,0,0,0,0,0,0,135,537,0,0.0,0.0,0.0,0.0,0.0,0.0,0.0,0.0,0,0,0,0
532,Daniel,Ballard,Ballard,a,,,5.0,280,51,5.3,68,28,0.0,467,177,0,0,0,0,0,7860,28431,0.0,0.0,2.2,2.2,0.0,467,177,,,95,40,213,70,416,171,184,72,,,,,,,,0.0,0.01,0.01,1.8,0,0.0,2.0,1.0,9.0,1,0,90,0,0,0,2,0,0,0,1,0,0,1,0,4,7860,28431,0,0.0,0.01,0.01,1.8,18.2,1.2,0.0,1.9,2,7,0,9
533,Nordi,Mukiele,Mukiele,a,,,5.5,133,14,2.7,110,43,0.0,544,192,0,0,0,0,0,3909,21464,0.0,0.0,2.5,2.5,0.0,544,192,100.0,100.0,534,198,549,198,521,190,550,198,,,,,,,,0.0,0.0,0.0,0.0,0,0.0,0.0,0.0,0.0,1,0,0,0,0,0,0,0,0,0,0,0,0,0,0,0,3909,21464,0,0.0,0.0,0.0,0.0,0.0,0.0,0.0,0.0,0,0,0,0
534,Trai,Hume,Hume,a,,,4.5,481,131,6.6,59,22,2.0,117,45,2,0,0,0,0,8086,23332,0.4,0.4,1.7,1.7,2.0,117,45,,,169,73,17,3,75,20,51,13,3.0,,,,,,,0.05,0.31,0.36,1.93,0,0.0,1.14,1.14,4.56,1,2,79,0,0,0,1,0,0,0,0,0,0,1,0,14,8086,23332,0,0.04,0.27,0.31,1.69,9.4,39.4,13.0,6.2,3,1,6,4
535,Omar,Alderete,Alderete,a,,,5.0,258,42,0.5,261,99,1.0,213,85,1,0,0,0,0,1905,2771,0.2,0.2,2.2,2.2,1.0,213,85,100.0,100.0,448,179,240,86,401,163,464,179,,,,,,,,0.0,0.04,0.04,0.39,0,0.0,3.91,0.0,0.0,1,1,23,0,0,0,1,0,0,0,0,0,0,0,0,2,1905,2771,0,0.0,0.01,0.01,0.1,0.0,0.6,0.0,0.0,0,0,2,0
536,Reinildo,Mandava,Reinildo,a,,,4.5,462,120,0.5,258,97,1.0,192,71,1,0,0,0,0,585,1905,0.2,0.2,1.7,1.7,1.0,192,71,,,74,34,36,10,131,43,62,20,,,,,,,,0.0,0.29,0.29,1.8,0,0.0,2.0,1.0,8.0,1,1,90,0,0,0,2,0,0,0,0,0,0,1,0,9,585,1905,0,0.0,0.29,0.29,1.8,23.0,27.5,4.0,5.5,3,5,5,8
540,Arthur,Masuaku,Masuaku,u,Has joined Konyaspor permanently,,4.0,546,152,0.2,330,125,0.0,300,99,0,0,0,0,0,0,3628,0.0,0.0,0.0,0.0,0.0,300,99,0.0,0.0,287,104,284,103,202,68,303,104,,,,,,,,0.0,0.0,0.0,0.0,0,0.0,0.0,0.0,0.0,1,0,0,0,0,0,0,0,0,0,0,0,0,0,0,0,0,3628,0,0.0,0.0,0.0,0.0,0.0,0.0,0.0,0.0,0,0,0,0
541,Thomas,Meunier,Meunier,a,,,4.5,405,81,0.3,295,110,1.0,184,63,1,0,0,0,0,648,1003,0.2,0.2,1.7,1.7,1.0,184,63,100.0,100.0,126,58,144,43,80,24,131,50,,,,,,,,0.08,0.08,0.16,1.8,0,0.0,2.0,1.0,4.0,1,1,90,0,0,0,2,0,0,0,0,0,0,1,0,5,648,1003,0,0.08,0.08,0.16,1.8,13.8,5.3,11.0,3.0,2,2,3,4
542,Enzo,Le Fée,E.Le Fée,a,,,6.0,94,59,9.3,45,18,2.0,156,76,2,0,0,0,0,6699,66373,0.3,0.3,2.2,2.2,2.0,156,76,,,218,93,124,72,583,247,211,94,1.0,2.0,2.0,,,,,0.0,0.03,0.03,1.93,0,0.0,1.14,1.14,2.28,1,2,79,0,0,0,1,0,0,0,0,0,0,1,0,13,6699,66373,0,0.0,0.03,0.03,1.69,4.6,9.9,0.0,1.5,1,0,1,2
543,Habib,Diarra,Diarra,a,,,5.5,206,128,0.1,453,182,1.0,265,121,1,0,0,0,0,197,695,0.2,0.2,2.0,2.0,1.0,265,121,,,275,130,247,131,179,89,279,132,,,1.0,,,,,0.27,0.0,0.27,0.9,0,0.0,9.0,0.0,0.0,1,1,10,0,0,0,1,0,0,0,0,0,0,0,0,3,197,695,0,0.03,0.0,0.03,0.1,0.4,0.6,2.0,0.3,0,0,0,0
544,Granit,Xhaka,Xhaka,a,,,5.5,114,74,4.6,73,24,9.0,22,11,9,0,0,0,0,23671,10412,1.6,1.6,2.0,2.0,9.0,22,11,,,90,30,24,19,506,204,76,41,2.0,1.0,,,,,,0.0,0.09,0.09,1.8,0,0.0,2.0,1.0,13.0,1,9,90,0,1,0,2,0,0,0,0,0,0,1,2,31,23671,10412,0,0.0,0.09,0.09,1.8,18.8,31.4,0.0,5.0,3,2,8,13
545,Noah,Sadiki,Sadiki,a,,,5.0,379,225,0.3,288,96,2.0,135,62,2,0,0,0,0,740,2175,0.4,0.4,1.5,1.5,2.0,135,62,,,116,38,23,18,36,20,42,24,,,,,,,,0.06,0.03,0.09,1.8,0,0.0,2.0,1.0,2.0,1,2,90,0,0,0,2,0,0,0,0,0,0,1,0,18,740,2175,0,0.06,0.03,0.09,1.8,14.6,32.1,25.0,7.2,0,0,2,2
546,Simon,Adingra,Adingra,i,Ankle injury - Unknown return date,,5.0,361,210,0.1,454,183,0.0,517,211,0,0,0,0,0,37,2535,0.0,0.0,0.0,0.0,0.0,517,211,0.0,0.0,505,203,518,212,476,180,521,210,,,,,,,,0.0,0.0,0.0,0.0,0,0.0,0.0,0.0,0.0,1,0,0,0,0,0,0,0,0,0,0,0,0,0,0,0,37,2535,0,0.0,0.0,0.0,0.0,0.0,0.0,0.0,0.0,0,0,0,0
547,Romaine,Mundle,Mundle,a,,,5.0,312,183,0.0,588,250,0.0,493,197,0,0,0,0,0,29,105,0.0,0.0,1.5,1.5,0.0,493,197,,,481,189,491,198,444,164,497,196,,,,,,,,0.0,0.0,0.0,0.0,0,0.0,0.0,0.0,0.0,1,0,0,0,0,0,0,0,0,0,0,0,0,0,0,0,29,105,0,0.0,0.0,0.0,0.0,0.0,0.0,0.0,0.0,0,0,0,0
548,Chris,Rigg,Rigg,a,,,5.0,374,221,0.1,458,185,1.0,231,101,1,0,0,0,0,76,353,0.2,0.2,1.5,1.5,1.0,231,101,,,515,211,262,138,487,189,531,218,,,,,,,,0.0,0.0,0.0,0.9,0,0.0,9.0,0.0,9.0,1,1,10,0,0,0,1,0,0,0,0,0,0,0,0,3,76,353,0,0.0,0.0,0.0,0.1,0.0,0.3,0.0,0.0,0,0,1,1
549,Chemsdine,Talbi,Talbi,a,,,5.5,208,130,0.2,329,116,1.0,266,122,1,0,0,0,0,208,1637,0.2,0.2,2.0,2.0,1.0,266,122,,,562,241,225,125,561,238,574,246,,,,,,,,0.0,0.0,0.0,0.41,0,0.0,2.9,0.0,5.81,1,1,31,0,0,0,1,0,0,0,0,0,0,0,0,1,208,1637,0,0.0,0.0,0.0,0.14,0.0,0.9,0.0,0.0,0,0,2,2
550,Djiamgone Jocelin Ta,Bi,Jocelin.T,a,,,5.0,397,237,0.0,594,255,0.0,535,224,0,0,0,0,0,34,59,0.0,0.0,1.5,1.5,0.0,535,224,,,525,218,538,227,504,202,541,225,,,,,,,,0.0,0.0,0.0,0.0,0,0.0,0.0,0.0,0.0,1,0,0,0,0,0,0,0,0,0,0,0,0,0,0,0,34,59,0,0.0,0.0,0.0,0.0,0.0,0.0,0.0,0.0,0,0,0,0
551,Nilson,Angulo,Angulo,a,,,5.0,363,212,0.1,414,162,5.0,67,27,5,0,0,0,0,3266,797,1.0,1.0,1.5,1.5,5.0,67,27,,,45,20,162,94,64,34,71,38,,3.0,,,,,,0.23,0.02,0.25,2.58,0,0.0,1.55,1.55,10.86,1,5,58,1,0,0,1,0,0,0,1,0,0,1,0,23,3266,797,0,0.15,0.01,0.16,1.66,32.8,3.3,16.0,5.2,1,1,5,7
552,Brian,Brobbey,Brobbey,a,,,6.0,82,21,13.4,29,6,2.0,154,14,2,0,0,0,0,23147,64541,0.3,0.3,2.0,2.0,2.0,154,14,,,581,64,198,23,92,18,233,22,,,,,,,,0.41,0.0,0.41,2.3,0,0.0,1.36,1.36,0.0,1,2,66,0,0,0,1,0,0,0,0,0,0,1,0,1,23147,64541,0,0.3,0.0,0.3,1.69,0.0,1.5,9.0,1.1,0,0,0,0
553,Wilson,Isidor,Isidor,a,,,5.5,160,38,0.9,201,33,1.0,253,26,1,0,0,0,0,1544,7292,0.2,0.2,1.8,1.8,1.0,253,26,,,543,50,271,30,534,57,557,58,,,,,,,,0.0,0.0,0.0,0.39,0,0.0,3.91,0.0,0.0,1,1,23,0,0,0,1,0,0,0,0,0,0,0,0,3,1544,7292,0,0.0,0.0,0.0,0.1,0.0,0.2,0.0,0.0,0,0,0,0
612,Dayann,Méthalie,Methalie,a,,,4.5,535,150,0.0,611,204,0.0,432,166,0,0,0,0,0,23,3,0.0,0.0,1.7,1.7,0.0,432,166,,,421,172,427,173,368,156,437,172,,,,,,,,0.0,0.0,0.0,0.0,0,0.0,0.0,0.0,0.0,1,0,0,0,0,0,0,0,0,0,0,0,0,0,0,0,23,3,0,0.0,0.0,0.0,0.0,0.0,0.0,0.0,0.0,0,0,0,0
