id,status,chance_of_playing_next_round,chance_of_playing_this_round,now_cost,now_cost_rank,now_cost_rank_type,cost_change_event,cost_change_event_fall,cost_change_start,cost_change_start_fall,selected_by_percent,selected_rank,selected_rank_type,total_points,event_points,points_per_game,points_per_game_rank,points_per_game_rank_type,bonus,bps,form,form_rank,form_rank_type,value_form,value_season,dreamteam_count,transfers_in,transfers_in_event,transfers_out,transfers_out_event,ep_next,ep_this,expected_goals,expected_assists,expected_goal_involvements,expected_goals_conceded,expected_goals_per_90,expected_assists_per_90,expected_goal_involvements_per_90,expected_goals_conceded_per_90,influence,influence_rank,influence_rank_type,creativity,creativity_rank,creativity_rank_type,threat,threat_rank,threat_rank_type,ict_index,ict_index_rank,ict_index_rank_type,corners_and_indirect_freekicks_order,direct_freekicks_order,penalties_order,gw,set_piece_threat,first_name,second_name,web_name,news,news_added,minutes,goals_scored,assists,clean_sheets,goals_conceded,own_goals,penalties_saved,penalties_missed,yellow_cards,red_cards,saves,starts,defensive_contribution,corners_and_indirect_freekicks_text,direct_freekicks_text,penalties_text,saves_per_90,clean_sheets_per_90,goals_conceded_per_90,starts_per_90,defensive_contribution_per_90,tackles,clearances_blocks_interceptions,recoveries
3,a,,,5.0,298,15,0,0,0,0,0.0,534,60,0,0,0.0,541,69,0,0,0.0,541,69,0.0,0.0,0,192,91,773,281,0.0,0.0,0.0,0.0,0.0,0.0,0.0,0.0,0.0,0.0,0.0,529,69,0.0,533,62,0.0,489,62,0.0,537,69,,,,2,,Illan,Meslier,Meslier,,,0,0,0,0,0,0,0,0,0,0,0,0,0,,,,0.0,0.0,0.0,0.0,0.0,0,0,0
6,i,0.0,0.0,6.0,78,8,0,0,0,0,0.2,321,120,0,0,0.0,614,206,0,0,0.0,614,206,0.0,0.0,0,1725,879,10882,4066,0.0,0.0,0.0,0.0,0.0,0.0,0.0,0.0,0.0,0.0,0.0,613,206,0.0,614,206,0.0,609,206,0.0,614,206,,,,2,,William,Saliba,Saliba,Back injury - Unknown return date,,0,0,0,0,0,0,0,0,0,0,0,0,0,,,,0.0,0.0,0.0,0.0,0.0,0,0,0
44,a,,,5.5,145,90,0,0,0,0,0.1,393,154,0,0,0.0,597,256,0,0,0.0,597,256,0.0,0.0,0,1794,792,4697,2040,0.0,0.0,0.0,0.0,0.0,0.0,0.0,0.0,0.0,0.0,0.0,587,252,0.0,593,255,0.0,574,240,0.0,593,254,,,,2,,Leon,Bailey,Bailey,,,0,0,0,0,0,0,0,0,0,0,0,0,0,,,,0.0,0.0,0.0,0.0,0.0,0,0,0
10,a,100.0,100.0,5.5,134,15,0,0,0,0,7.2,57,23,18,7,9.0,10,3,3,63,9.0,9,3,1.6,3.3,0,237887,92946,86907,61852,9.0,9.0,0.18,0.26,0.44,0.53,0.09,0.13,0.22,0.26,49.6,59,22,47.1,35,7,13.0,124,39,11.0,56,12,,,,2,,Benjamin,White,White,,,180,0,1,2,0,0,0,0,0,0,0,2,9,,,,0.0,1.0,0.0,1.0,4.5,2,7,5
92,a,,,4.5,519,139,0,0,0,0,0.0,561,192,0,0,0.0,476,177,0,0,0.0,476,177,0.0,0.0,0,206,94,378,180,0.0,0.0,0.0,0.0,0.0,0.0,0.0,0.0,0.0,0.0,0.0,458,178,0.0,460,179,0.0,403,168,0.0,468,178,,,,2,,Kim,Ji-soo,Ji-soo,,,0,0,0,0,0,0,0,0,0,0,0,0,0,,,,0.0,0.0,0.0,0.0,0.0,0,0,0
7,a,,,5.5,182,114,0,0,0,0,0.7,226,74,6,3,3.0,116,50,0,30,3.0,111,50,0.5,1.1,0,15275,5582,16836,7785,3.0,3.0,0.13,0.13,0.26,0.53,0.07,0.07,0.14,0.3,21.6,171,64,26.1,99,61,12.0,133,68,6.0,146,71,,,,2,,Myles,Lewis-Skelly,Lewis-Skelly,,,160,0,0,2,0,0,0,0,0,0,0,2,12,,,,0.0,1.12,0.0,1.12,6.75,1,5,6
328,a,100.0,100.0,5.0,280,49,0,0,0,0,0.2,330,124,0,0,0.0,534,192,0,0,0.0,534,192,0.0,0.0,0,2409,993,4870,2316,0.0,0.0,0.0,0.0,0.0,0.0,0.0,0.0,0.0,0.0,0.0,522,195,0.0,523,195,0.0,477,188,0.0,529,195,,,,2,,Pascal,Struijk,Struijk,,,0,0,0,0,0,0,0,0,0,0,0,0,0,,,,0.0,0.0,0.0,0.0,0.0,0,0,0
163,a,,,4.5,491,256,0,0,0,0,0.2,344,127,0,0,0.0,450,178,0,0,0.0,450,178,0.0,0.0,0,2562,1310,4933,2046,0.0,0.0,0.0,0.0,0.0,0.0,0.0,0.0,0.0,0.0,0.0,431,166,0.0,434,175,0.0,376,133,0.0,441,171,,,,2,,Dário,Luís Essugo,D.Essugo,,,0,0,0,0,0,0,0,0,0,0,0,0,0,,,,0.0,0.0,0.0,0.0,0.0,0,0,0
270,a,,,4.5,428,248,0,0,0,0,1.3,163,49,0,0,0.0,427,172,0,0,0.0,427,172,0.0,0.0,0,10749,5167,26337,11834,0.0,0.0,0.0,0.0,0.0,0.0,0.0,0.0,0.0,0.0,0.0,408,160,0.0,403,169,0.0,337,126,0.0,418,165,,,,2,,Harrison,Reed,Reed,,,0,0,0,0,0,0,0,0,0,0,0,0,0,,,,0.0,0.0,0.0,0.0,0.0,0,0,0
12,a,,,9.5,4,3,0,0,0,0,10.5,37,14,20,11,10.0,8,4,4,82,10.0,7,3,1.1,2.1,0,155884,66971,90041,54811,10.0,10.0,1.27,0.12,1.39,0.39,0.73,0.07,0.8,0.22,83.8,6,5,34.1,66,45,77.0,10,6,19.5,7,6,2.0,2.0,1.0,2,,Bukayo,Saka,Saka,,,157,2,0,2,0,0,0,0,0,0,0,2,18,,,,0.0,1.15,0.0,1.15,10.32,3,5,10
14,a,,,6.4,52,36,-1,1,-1,1,1.5,152,44,2,1,1.0,333,159,0,10,1.0,266,129,0.2,0.3,0,10962,5246,69151,24659,1.0,1.0,0.04,0.07,0.11,0.39,0.06,0.11,0.17,0.59,1.6,316,142,3.8,220,120,3.0,215,104,0.7,307,140,,3.0,,2,,Eberechi,Eze,Eze,,,59,0,0,0,0,0,0,0,0,0,0,0,5,,,,0.0,0.0,0.0,0.0,7.63,0,0,5
284,a,,,4.0,629,207,0,0,0,0,0.1,446,156,0,0,0.0,414,156,0,0,0.0,414,156,0.0,0.0,0,1541,866,1756,797,0.0,0.0,0.0,0.0,0.0,0.0,0.0,0.0,0.0,0.0,0.0,396,158,0.0,388,156,0.0,316,133,0.0,406,158,,,,2,,Cathal,McCarthy,McCarthy,,,0,0,0,0,0,0,0,0,0,0,0,0,0,,,,0.0,0.0,0.0,0.0,0.0,0,0,0
4,a,,,8.0,7,1,0,0,0,0,26.8,9,2,13,8,6.5,35,12,0,44,6.5,33,11,0.8,1.6,0,88538,29773,319320,195212,6.5,6.5,0.18,0.03,0.21,0.53,0.09,0.02,0.11,0.26,24.8,154,69,5.0,210,67,7.0,182,61,3.6,207,81,,,,2,,Gabriel,dos Santos Magalhães,Gabriel,,,180,0,0,2,0,0,0,0,1,0,0,2,14,,,,0.0,1.0,0.0,1.0,7.0,2,12,7
15,a,,,6.6,32,21,0,0,1,-1,11.5,35,13,14,3,7.0,30,16,3,54,7.0,28,15,1.1,2.1,0,367121,77562,128506,91646,7.0,7.0,0.29,0.17,0.46,0.39,0.18,0.11,0.29,0.24,57.4,37,17,48.3,33,27,36.0,53,31,14.2,29,23,4.0,4.0,3.0,2,,Martin,Ødegaard,Ødegaard,,,145,1,0,2,0,0,0,0,0,0,0,2,13,,,,0.0,1.24,0.0,1.24,8.07,5,3,5
16,a,,,6.4,53,37,0,0,-1,1,0.3,307,106,1,0,1.0,334,160,0,8,0.5,352,165,0.1,0.2,0,2284,872,12907,4676,0.5,0.5,0.0,0.04,0.04,0.15,0.0,0.16,0.16,0.61,9.4,237,99,43.1,44,35,0.0,616,269,5.3,164,78,6.0,,,2,,Noni,Madueke,Madueke,,,22,0,0,0,0,0,0,0,0,0,0,0,2,,,,0.0,0.0,0.0,0.0,8.18,0,0,2
11,a,,,5.5,183,25,0,0,0,0,5.1,71,29,12,6,6.0,44,17,0,52,6.0,41,16,1.1,2.2,0,24848,9438,97812,51863,6.0,6.0,0.0,0.01,0.01,0.53,0.0,0.01,0.01,0.28,24.6,157,71,2.0,249,85,0.0,586,203,2.7,227,88,,,,2,,Cristhian,Mosquera,Mosquera,,,168,0,0,2,0,0,0,0,0,0,0,2,10,,,,0.0,1.07,0.0,1.07,5.36,0,10,3
13,a,,,7.5,16,10,0,0,0,0,15.2,26,9,8,5,4.0,93,41,0,29,4.0,87,39,0.5,1.1,0,49681,14194,303003,145281,4.0,4.0,0.07,0.18,0.25,0.39,0.04,0.11,0.15,0.23,30.8,134,49,34.0,67,46,2.0,246,120,6.7,128,64,1.0,1.0,,2,,Declan,Rice,Rice,,,151,0,0,2,0,0,0,0,0,0,0,2,18,,,,0.0,1.19,0.0,1.19,10.73,3,5,10
5,i,0.0,0.0,6.5,40,3,0,0,0,0,0.1,439,155,0,0,0.0,621,207,0,0,0.0,621,207,0.0,0.0,0,759,358,4815,1711,0.0,0.0,0.0,0.0,0.0,0.0,0.0,0.0,0.0,0.0,0.0,622,207,0.0,622,207,0.0,621,207,0.0,622,207,,,,2,,Jurriën,Timber,J.Timber,Groin injury - Unknown return date,,0,0,0,0,0,0,0,0,0,0,0,0,0,,,,0.0,0.0,0.0,0.0,0.0,0,0,0
17,a,,,5.9,94,61,-1,1,-1,1,0.5,252,84,2,1,1.0,323,152,0,12,1.0,260,125,0.2,0.3,0,4648,2226,24724,9467,1.0,1.0,0.14,0.02,0.16,0.15,0.38,0.05,0.43,0.41,6.4,258,115,2.2,241,128,14.0,121,61,2.3,244,109,,,,2,,Mikel,Merino Zazón,Merino,,,33,0,0,0,0,0,0,0,0,0,0,0,6,,,,0.0,0.0,0.0,0.0,16.36,0,0,6
518,a,100.0,0.0,4.9,397,239,0,0,-1,1,0.2,355,134,0,0,0.0,508,204,0,0,0.0,508,204,0.0,0.0,0,3970,3857,13310,2846,0.0,0.0,0.0,0.0,0.0,0.0,0.0,0.0,0.0,0.0,0.0,491,193,0.0,493,201,0.0,439,160,0.0,500,197,,,,2,,Pape Matar,Sarr,P.M.Sarr,,,0,0,0,0,0,0,0,0,0,0,0,0,0,,,,0.0,0.0,0.0,0.0,0.0,0,0,0
8,a,,,5.6,116,11,0,0,1,-1,43.1,4,1,20,11,10.0,6,2,2,61,10.0,5,2,1.8,3.6,0,586754,276649,108977,67344,10.0,10.0,0.15,0.55,0.7,0.39,0.08,0.29,0.37,0.21,47.2,69,28,24.1,110,34,13.0,126,40,8.4,89,28,,,,2,,Riccardo,Calafiori,Calafiori,,,170,0,2,2,0,0,0,0,0,0,0,2,8,,,,0.0,1.06,0.0,1.06,4.24,2,6,5
9,a,,,5.4,214,32,0,0,-1,1,1.3,167,67,1,0,1.0,297,109,0,3,0.5,327,117,0.1,0.2,0,7422,3512,62962,21916,0.5,0.5,0.0,0.0,0.0,0.15,0.0,0.0,0.0,1.5,0.4,333,124,0.5,310,116,0.0,548,199,0.1,346,123,,,,2,,Piero,Hincapié,Hincapie,,,9,0,0,0,0,0,0,0,0,0,0,0,0,,,,0.0,0.0,0.0,0.0,0.0,0,0,0
18,a,,,6.3,56,40,-1,1,-2,2,0.2,359,136,0,0,0.0,618,271,0,0,0.0,618,271,0.0,0.0,0,2155,837,10880,3844,0.0,0.0,0.0,0.0,0.0,0.0,0.0,0.0,0.0,0.0,0.0,619,272,0.0,619,272,0.0,615,268,0.0,619,272,,,,2,,Gabriel,Martinelli Silva,Martinelli,,,0,0,0,0,0,0,0,0,0,0,0,0,0,,,,0.0,0.0,0.0,0.0,0.0,0,0,0
19,a,,,5.4,219,135,-1,1,-1,1,0.9,210,69,2,1,1.0,298,137,0,8,1.0,246,115,0.2,0.4,0,4337,2758,32660,12068,1.0,1.0,0.0,0.02,0.02,0.15,0.0,0.07,0.07,0.5,8.6,241,101,3.2,226,123,0.0,553,226,1.2,288,129,,,,2,,Martín,Zubimendi Ibáñez,Zubimendi,,,27,0,0,0,0,0,0,0,0,0,0,0,5,,,,0.0,0.0,0.0,0.0,16.67,3,0,2
1,a,,,6.0,61,1,0,0,0,0,37.9,6,1,12,6,6.0,45,3,0,45,6.0,42,3,1.0,2.0,0,223125,116391,204728,122750,6.0,6.0,0.0,0.0,0.0,0.53,0.0,0.0,0.0,0.26,17.4,194,20,0.0,611,71,0.0,606,71,1.8,267,20,,,,2,,David,Raya Martín,Raya,,,180,0,0,2,0,0,0,0,0,0,1,2,0,,,,0.5,1.0,0.0,1.0,0.0,0,2,19
2,a,,,5.0,238,9,0,0,0,0,0.1,454,51,0,0,0.0,519,67,0,0,0.0,519,67,0.0,0.0,0,702,380,2145,756,0.0,0.0,0.0,0.0,0.0,0.0,0.0,0.0,0.0,0.0,0.0,502,67,0.0,505,56,0.0,453,56,0.0,511,67,,,,2,,Kepa,Arrizabalaga Revuelta,Arrizabalaga,,,0,0,0,0,0,0,0,0,0,0,0,0,0,,,,0.0,0.0,0.0,0.0,0.0,0,0,0
20,a,,,5.4,227,142,0,0,-1,1,0.1,459,183,0,0,0.0,590,252,0,0,0.0,590,252,0.0,0.0,0,935,462,3639,1309,0.0,0.0,0.0,0.0,0.0,0.0,0.0,0.0,0.0,0.0,0.0,579,248,0.0,583,251,0.0,559,232,0.0,586,250,,,,2,,Max,Dowman,Dowman,,,0,0,0,0,0,0,0,0,0,0,0,0,0,,,,0.0,0.0,0.0,0.0,0.0,0,0,0
22,a,,,5.4,223,138,-1,1,-1,1,0.0,584,247,0,0,0.0,588,250,0,0,0.0,588,250,0.0,0.0,0,222,146,559,235,0.0,0.0,0.0,0.0,0.0,0.0,0.0,0.0,0.0,0.0,0.0,576,245,0.0,581,249,0.0,556,229,0.0,583,247,,,,2,,Ethan,Nwaneri,Nwaneri,,,0,0,0,0,0,0,0,0,0,0,0,0,0,,,,0.0,0.0,0.0,0.0,0.0,0,0,0
23,a,,,5.5,161,100,0,0,0,0,0.0,589,251,0,0,0.0,599,258,0,0,0.0,599,258,0.0,0.0,0,239,159,373,158,0.0,0.0,0.0,0.0,0.0,0.0,0.0,0.0,0.0,0.0,0.0,589,254,0.0,595,257,0.0,580,246,0.0,595,256,,,,2,,Fábio,Ferreira Vieira,Fábio Vieira,,,0,0,0,0,0,0,0,0,0,0,0,0,0,,,,0.0,0.0,0.0,0.0,0.0,0,0,0
24,u,0.0,,5.5,136,85,0,0,0,0,0.0,602,257,0,0,0.0,595,254,0,0,0.0,595,254,0.0,0.0,0,68,4,395,223,0.0,0.0,0.0,0.0,0.0,0.0,0.0,0.0,0.0,0.0,0.0,585,250,0.0,590,253,0.0,570,237,0.0,591,252,,,,2,,Reiss,Nelson,Nelson,has departed the club as a free agent.,,0,0,0,0,0,0,0,0,0,0,0,0,0,,,,0.0,0.0,0.0,0.0,0.0,0,0,0
25,a,,,7.3,23,8,-1,1,-2,2,5.4,68,11,0,0,0.0,623,71,0,0,0.0,623,71,0.0,0.0,0,14193,5417,351690,113561,0.0,0.0,0.0,0.0,0.0,0.0,0.0,0.0,0.0,0.0,0.0,624,71,0.0,624,71,0.0,624,71,0.0,624,71,,,2.0,2,,Viktor,Gyökeres,Gyökeres,,,0,0,0,0,0,0,0,0,0,0,0,0,0,,,,0.0,0.0,0.0,0.0,0.0,0,0,0
26,a,,,7.5,17,6,0,0,0,0,7.1,59,8,8,2,4.0,94,15,0,39,4.0,88,11,0.5,1.1,0,233446,45838,114568,75743,4.0,4.0,0.28,0.06,0.34,0.53,0.14,0.03,0.17,0.26,39.6,94,8,16.6,140,13,48.0,36,11,10.4,65,9,,,,2,,Kai,Havertz,Havertz,,,180,1,0,2,0,0,0,0,0,0,0,2,7,,,,0.0,1.0,0.0,1.0,3.5,0,2,5
27,a,,,5.9,95,24,-1,1,-1,1,0.3,297,51,0,0,0.0,606,70,0,0,0.0,606,70,0.0,0.0,0,4027,2113,13169,5991,0.0,0.0,0.0,0.0,0.0,0.0,0.0,0.0,0.0,0.0,0.0,601,66,0.0,604,69,0.0,594,67,0.0,604,69,,,,2,,Gabriel,Fernando de Jesus,G.Jesus,,,0,0,0,0,0,0,0,0,0,0,0,0,0,,,,0.0,0.0,0.0,0.0,0.0,0,0,0
31,a,,,4.4,548,149,-1,1,-1,1,10.5,36,13,1,1,1.0,232,77,0,3,0.5,276,92,0.1,0.2,0,176337,126516,350320,120733,0.5,0.5,0.0,0.0,0.0,0.0,0.0,0.0,0.0,0.0,3.2,299,113,0.1,324,119,0.0,317,134,0.3,323,116,,,,2,,Ezri,Konsa Ngoyo,Konsa,,,11,0,0,0,0,0,0,0,0,0,0,0,1,,,,0.0,0.0,0.0,0.0,8.18,0,1,0
452,a,100.0,75.0,6.9,30,19,0,0,-1,1,2.2,120,36,1,1,1.0,338,164,0,4,0.5,356,169,0.1,0.1,0,3659,2809,168352,41797,0.5,0.4,0.0,0.01,0.01,0.0,0.0,0.05,0.05,0.0,1.4,320,145,0.8,294,149,2.0,245,119,0.4,322,147,5.0,,4.0,2,,Bruno,Guimarães Rodriguez Moura,Bruno G.,,,19,0,0,0,0,0,0,0,0,0,0,0,3,,,,0.0,0.0,0.0,0.0,14.21,0,0,3
557,a,,,6.5,38,26,0,0,0,0,22.8,12,6,6,0,3.0,124,56,0,31,3.0,118,56,0.5,0.9,0,311834,75147,360272,304572,3.0,3.0,0.19,0.15,0.34,0.16,0.14,0.11,0.25,0.12,17.0,195,76,51.6,30,25,34.0,56,32,10.3,67,41,3.0,,,2,,Christos,Tzolis,Tzolis,,,120,0,1,1,0,0,0,0,1,0,0,2,9,,,,0.0,0.75,0.0,1.5,6.75,1,3,5
30,u,0.0,0.0,4.5,415,84,0,0,0,0,0.1,467,166,0,0,0.0,418,158,0,0,0.0,418,158,0.0,0.0,0,0,0,6496,1519,0.0,0.0,0.0,0.0,0.0,0.0,0.0,0.0,0.0,0.0,0.0,399,159,0.0,393,157,0.0,326,139,0.0,409,159,,,,2,,Lucas,Digne,Digne,Has joined Paris Saint-Germain permanently,,0,0,0,0,0,0,0,0,0,0,0,0,0,,,,0.0,0.0,0.0,0.0,0.0,0,0,0
32,a,,,4.5,440,98,0,0,0,0,7.2,58,24,1,2,0.5,343,113,0,0,0.5,283,98,0.1,0.2,0,47924,20946,152803,46476,0.5,0.5,0.15,0.01,0.16,4.81,0.08,0.01,0.09,2.59,26.0,149,67,2.9,230,73,7.0,164,56,3.6,206,80,1.0,,,2,,Matty,Cash,Cash,,,167,0,0,0,5,0,0,0,1,0,0,2,13,,,,0.0,0.0,2.69,1.08,7.01,6,7,1
33,a,,,4.5,427,88,0,0,0,0,0.4,278,105,1,0,1.0,237,81,0,5,0.5,280,95,0.1,0.2,0,5110,1857,6546,3039,0.5,0.5,0.0,0.0,0.0,0.22,0.0,0.0,0.0,1.24,2.0,311,116,0.0,402,159,0.0,336,141,0.2,332,119,,,,2,,Tyrone,Mings,Mings,,,16,0,0,0,0,0,0,0,0,0,0,0,1,,,,0.0,0.0,0.0,0.0,5.62,1,0,0
29,a,,,4.5,410,23,0,0,0,0,0.1,383,44,1,0,1.0,236,21,0,1,0.5,279,22,0.1,0.2,0,2453,1608,2379,1498,0.5,0.5,0.0,0.0,0.0,3.77,0.0,0.0,0.0,3.77,28.2,138,15,0.0,390,26,0.0,322,25,2.8,223,15,,,,2,,Marco,Bizot,M.Bizot,,,90,0,0,0,4,0,0,0,0,0,3,1,0,,,,3.0,0.0,4.0,1.0,0.0,0,2,6
34,a,,,4.5,466,117,0,0,0,0,0.4,269,100,2,2,1.0,247,91,0,-8,1.0,222,79,0.2,0.4,0,4229,2398,7556,2496,1.0,1.0,0.0,0.01,0.01,4.59,0.0,0.01,0.01,2.53,11.0,229,94,1.5,265,91,0.0,358,154,1.2,286,103,,,,2,,Pau,Torres,Pau,,,163,0,0,0,5,0,0,0,0,0,0,2,9,,,,0.0,0.0,2.76,1.1,4.97,1,8,9
35,a,,,5.0,346,203,0,0,0,0,0.1,469,188,1,0,1.0,286,127,0,3,0.5,316,145,0.1,0.2,0,1267,631,1812,827,0.5,0.5,0.0,0.0,0.0,0.22,0.0,0.0,0.0,1.24,2.2,307,138,0.5,309,156,0.0,519,201,0.3,327,150,,,,2,,Lamare,Bogarde,Bogarde,,,16,0,0,0,0,0,0,0,0,0,0,0,1,,,,0.0,0.0,0.0,0.0,5.62,0,1,0
36,a,,,4.5,472,122,0,0,0,0,0.7,224,83,1,1,0.5,345,115,0,-14,0.5,287,102,0.1,0.2,0,7594,5048,13692,4834,0.5,0.5,0.1,0.0,0.1,4.66,0.05,0.0,0.05,2.45,14.0,212,89,1.3,271,97,15.0,112,33,3.0,217,84,,,,2,,Ian,Maatsen,Maatsen,,,171,0,0,0,5,0,0,0,1,0,0,2,17,,,,0.0,0.0,2.63,1.05,8.95,5,12,4
37,a,,,4.5,437,95,0,0,0,0,0.3,302,113,0,2,0.0,431,161,0,-3,0.0,431,161,0.0,0.0,0,3597,1822,5774,1763,0.0,0.0,0.0,0.08,0.08,4.81,0.0,0.04,0.04,2.4,16.8,196,83,1.3,270,96,0.0,341,143,1.8,264,97,,,,2,,Victor,Lindelöf,Lindelöf,,,180,0,0,0,5,1,0,0,0,0,0,2,10,,,,0.0,0.0,2.5,1.0,5.0,1,9,2
38,a,,,4.0,623,201,0,0,0,0,1.7,141,58,0,0,0.0,409,151,0,0,0.0,409,151,0.0,0.0,0,17239,9900,24417,10494,0.0,0.0,0.0,0.0,0.0,0.0,0.0,0.0,0.0,0.0,0.0,391,153,0.0,383,151,0.0,311,128,0.0,401,153,,,,2,,Andrés,García,A.García,,,0,0,0,0,0,0,0,0,0,0,0,0,0,,,,0.0,0.0,0.0,0.0,0.0,0,0,0
39,u,0.0,0.0,4.0,620,199,0,0,0,0,0.2,347,129,0,0,0.0,407,150,0,0,0.0,407,150,0.0,0.0,0,0,0,9913,2675,0.0,0.0,0.0,0.0,0.0,0.0,0.0,0.0,0.0,0.0,0.0,389,152,0.0,381,150,0.0,308,126,0.0,399,152,,,,2,,Kosta,Nedeljkovic,Nedeljkovic,Has joined Rangers on loan for the rest of the season,,0,0,0,0,0,0,0,0,0,0,0,0,0,,,,0.0,0.0,0.0,0.0,0.0,0,0,0
41,a,,,6.0,64,44,0,0,0,0,1.1,182,55,4,2,2.0,183,90,0,13,2.0,170,85,0.3,0.7,0,13104,8084,35468,13582,2.0,2.0,0.17,0.11,0.28,4.66,0.09,0.06,0.15,2.4,5.0,277,127,29.5,85,53,17.0,105,54,4.9,176,84,3.0,1.0,1.0,2,,Emiliano,Buendía Stati,Buendía,,,175,0,0,0,5,0,0,0,0,0,0,2,12,,,,0.0,0.0,2.57,1.03,6.17,2,3,7
45,a,,,5.5,124,80,0,0,0,0,2.6,112,33,2,1,1.0,306,142,0,10,1.0,251,117,0.2,0.4,0,16347,8741,70745,26092,1.0,1.0,0.09,0.06,0.15,4.66,0.05,0.03,0.08,2.45,1.6,315,141,14.4,152,91,11.0,139,69,2.2,249,112,2.0,,,2,,John,McGinn,McGinn,,,171,0,0,0,5,0,0,0,2,0,0,2,10,,,,0.0,0.0,2.63,1.05,5.26,2,3,5
46,a,,,5.0,233,145,0,0,0,0,0.2,315,110,4,2,2.0,157,72,0,34,2.0,150,71,0.4,0.8,0,4835,2960,5050,2334,2.0,2.0,0.13,0.04,0.17,4.59,0.08,0.02,0.1,2.75,22.2,166,59,44.7,42,34,9.0,153,75,7.6,107,55,4.0,,,2,,Ross,Barkley,Barkley,,,150,0,0,0,5,0,0,0,0,0,0,2,11,,,,0.0,0.0,3.0,1.2,6.6,3,2,6
47,a,100.0,100.0,5.0,282,170,0,0,0,0,0.3,291,97,4,2,2.0,163,76,0,22,2.0,153,74,0.4,0.8,0,5594,3105,8341,3602,2.0,2.0,0.0,0.03,0.03,4.81,0.0,0.02,0.02,2.4,21.8,170,63,17.0,137,83,0.0,478,182,3.9,196,88,,,,2,,Boubacar,Kamara,Kamara,,,180,0,0,0,5,0,0,0,0,0,0,2,15,,,,0.0,0.0,2.5,1.0,7.5,3,6,6
48,i,0.0,0.0,5.0,302,179,0,0,0,0,0.0,560,232,0,0,0.0,544,224,0,0,0.0,544,224,0.0,0.0,0,264,107,932,403,0.0,0.0,0.0,0.0,0.0,0.0,0.0,0.0,0.0,0.0,0.0,531,216,0.0,535,222,0.0,493,189,0.0,539,219,,,,2,,Amadou,Onana,Onana,Knee injury - Unknown return date,,0,0,0,0,0,0,0,0,0,0,0,0,0,,,,0.0,0.0,0.0,0.0,0.0,0,0,0
49,u,0.0,0.0,5.0,314,184,0,0,0,0,0.0,620,271,0,0,0.0,549,227,0,0,0.0,549,227,0.0,0.0,0,0,0,171,51,0.0,0.0,0.0,0.0,0.0,0.0,0.0,0.0,0.0,0.0,0.0,536,219,0.0,541,225,0.0,500,192,0.0,544,222,,,,2,,Samuel,Iling-Junior,Iling Jr,Has joined Bolton Wanderers on loan for the rest of the season,,0,0,0,0,0,0,0,0,0,0,0,0,0,,,,0.0,0.0,0.0,0.0,0.0,0,0,0
50,a,,,4.5,544,275,0,0,0,0,0.7,230,77,0,0,0.0,494,194,0,0,0.0,494,194,0.0,0.0,0,9131,5618,12575,5807,0.0,0.0,0.0,0.0,0.0,0.0,0.0,0.0,0.0,0.0,0.0,477,183,0.0,478,191,0.0,423,149,0.0,486,187,,,,2,,Bradley,Burrowes,Burrowes,,,0,0,0,0,0,0,0,0,0,0,0,0,0,,,,0.0,0.0,0.0,0.0,0.0,0,0,0
51,a,,,4.5,525,266,0,0,0,0,0.9,203,64,4,2,2.0,155,71,0,17,2.0,149,70,0.4,0.9,0,27455,18712,12989,7505,2.0,2.0,0.0,0.01,0.01,4.78,0.0,0.01,0.01,2.69,12.4,222,91,15.9,144,86,2.0,224,106,3.0,218,96,,,,2,,George,Hemmings,George Hemmings,,,160,0,0,0,5,0,0,0,0,0,0,2,11,,,,0.0,0.0,2.81,1.12,6.19,5,0,6
52,a,,,5.0,380,228,0,0,0,0,0.0,501,206,1,0,0.5,351,168,0,7,0.5,324,151,0.1,0.2,0,833,490,1154,558,0.5,0.5,0.0,0.0,0.0,0.16,0.0,0.0,0.0,0.53,5.2,270,122,0.8,293,148,2.0,236,112,0.8,301,135,,,,2,,Alysson Edward Franco,da Rocha dos Santos,Alysson,,,27,0,0,0,0,0,0,0,1,0,0,0,5,,,,0.0,0.0,0.0,0.0,16.67,2,1,2
53,i,0.0,0.0,5.9,114,75,-1,1,-1,1,0.2,371,143,0,0,0.0,610,264,0,0,0.0,610,264,0.0,0.0,0,464,232,12407,3617,0.0,0.0,0.0,0.0,0.0,0.0,0.0,0.0,0.0,0.0,0.0,609,265,0.0,609,265,0.0,604,261,0.0,610,265,,,,2,,Johan,Manzambi,Manzambi,Knee injury - Unknown return date,,0,0,0,0,0,0,0,0,0,0,0,0,0,,,,0.0,0.0,0.0,0.0,0.0,0,0,0
54,s,0.0,0.0,5.5,166,104,0,0,0,0,0.0,505,209,-2,0,-2.0,629,278,0,-2,-1.0,629,278,-0.2,-0.4,0,208,54,2674,791,0.0,0.0,0.0,0.01,0.01,2.58,0.0,0.02,0.02,5.95,1.0,327,149,11.0,179,102,0.0,581,247,1.2,289,130,,,,2,,Joao,Gomes,Gomes,Suspended until 19 Sep,,39,0,0,0,4,0,0,0,0,1,0,1,7,,,,0.0,0.0,9.23,2.31,16.15,4,1,2
55,u,0.0,,7.8,13,4,-1,1,-2,2,5.6,67,10,0,0,0.0,627,73,0,0,0.0,627,73,0.0,0.0,0,14882,4250,448467,172007,0.0,0.0,0.0,0.0,0.0,0.0,0.0,0.0,0.0,0.0,0.0,628,73,0.0,628,73,0.0,628,73,0.0,628,73,,,2.0,2,,Ollie,Watkins,Watkins,Has joined Al Hilal permanently,,0,0,0,0,0,0,0,0,0,0,0,0,0,,,,0.0,0.0,0.0,0.0,0.0,0,0,0
56,a,100.0,50.0,5.5,129,32,0,0,0,0,0.1,412,58,1,1,1.0,307,34,0,3,0.5,331,37,0.1,0.2,0,2461,1864,4388,1705,0.5,0.2,0.0,0.0,0.0,0.02,0.0,0.0,0.0,0.09,0.0,582,60,1.3,276,36,0.0,566,62,0.1,347,40,,,,2,,Tammy,Abraham,Abraham,,,19,0,0,0,0,0,0,0,0,0,0,0,0,,,,0.0,0.0,0.0,0.0,0.0,0,0,0
160,a,,,5.9,106,67,-1,1,-1,1,0.5,262,88,2,1,1.0,326,155,0,5,1.0,263,127,0.2,0.3,0,3637,1616,18017,7442,1.0,1.0,0.0,0.0,0.0,0.14,0.0,0.0,0.0,0.79,0.2,338,157,2.0,251,131,0.0,600,257,0.2,338,157,,,,2,,Alejandro,Garnacho Ferreyra,Garnacho,,,16,0,0,0,0,0,0,0,0,0,0,0,2,,,,0.0,0.0,0.0,0.0,11.25,0,0,2
166,a,,,6.5,45,11,0,0,0,0,0.7,223,38,2,2,2.0,188,23,0,11,1.0,267,31,0.2,0.3,0,45102,12774,16442,3050,1.0,1.0,0.0,0.1,0.1,1.01,0.0,0.13,0.13,1.3,4.2,285,27,5.9,204,26,2.0,244,37,1.2,290,34,,,,2,,Nicolas,Jackson,N.Jackson,,,70,0,0,0,1,0,0,0,0,0,0,1,3,,,,0.0,0.0,1.29,1.29,3.86,0,0,3
582,i,0.0,0.0,5.5,205,45,0,0,0,0,0.3,289,50,0,0,0.0,604,68,0,0,0.0,604,68,0.0,0.0,0,1810,644,14795,5872,0.0,0.0,0.0,0.0,0.0,0.0,0.0,0.0,0.0,0.0,0.0,598,63,0.0,602,67,0.0,592,65,0.0,602,67,,,,2,,Brian,Madjo,Madjo,Unspecified injury - Unknown return date,,0,0,0,0,0,0,0,0,0,0,0,0,0,,,,0.0,0.0,0.0,0.0,0.0,0,0,0
596,a,,,4.5,488,130,0,0,0,0,0.1,419,147,1,0,1.0,253,96,0,3,0.5,290,105,0.1,0.2,0,1396,540,2057,958,0.5,0.5,0.0,0.0,0.0,0.14,0.0,0.0,0.0,1.58,4.0,287,107,0.0,431,171,0.0,373,160,0.4,316,114,,,,2,,Matteo,Ruggeri,Ruggeri,,,8,0,0,0,0,0,0,0,0,0,0,0,2,,,,0.0,0.0,0.0,0.0,22.5,2,0,0
597,a,,,5.0,296,14,0,0,0,0,1.0,188,29,2,2,2.0,165,14,0,8,1.0,236,20,0.2,0.4,0,19385,15156,12666,5895,1.0,1.0,0.0,0.0,0.0,1.04,0.0,0.0,0.0,1.04,13.6,215,22,0.0,532,61,0.0,488,61,1.4,282,22,,,,2,,Zion,Suzuki,Suzuki,,,90,0,0,0,1,0,0,0,0,0,1,1,0,,,,1.0,0.0,1.0,1.0,0.0,0,2,9
606,a,,,4.0,615,194,0,0,0,0,0.1,382,138,0,0,0.0,403,146,0,0,0.0,403,146,0.0,0.0,0,6012,4452,1319,1073,0.0,0.0,0.0,0.0,0.0,0.0,0.0,0.0,0.0,0.0,0.0,385,148,0.0,377,146,0.0,303,121,0.0,395,148,,,,2,,Triston,Rowe,Rowe,,,0,0,0,0,0,0,0,0,0,0,0,0,0,,,,0.0,0.0,0.0,0.0,0.0,0,0,0
607,a,,,4.5,520,264,0,0,0,0,0.1,406,161,0,0,0.0,477,186,0,0,0.0,477,186,0.0,0.0,0,6254,2651,2322,1490,0.0,0.0,0.0,0.0,0.0,0.0,0.0,0.0,0.0,0.0,0.0,459,174,0.0,461,183,0.0,404,141,0.0,469,179,,,,2,,Luka,Lynch,Lynch,,,0,0,0,0,0,0,0,0,0,0,0,0,0,,,,0.0,0.0,0.0,0.0,0.0,0,0,0
611,a,,,4.5,445,101,0,0,0,0,0.1,405,144,1,1,1.0,241,85,0,4,1.0,218,75,0.2,0.2,0,5794,4245,1163,997,1.7,1.7,0.0,0.0,0.0,0.0,0.0,0.0,0.0,0.0,3.6,294,111,0.8,289,106,0.0,345,145,0.4,315,113,,,,2,,Aaron,Wan-Bissaka,Wan-Bissaka,,,12,0,0,0,0,0,0,0,0,0,0,0,2,,,,0.0,0.0,0.0,0.0,15.0,2,0,0
618,a,,,6.0,60,42,0,0,0,0,0.0,518,217,0,0,0.0,611,265,0,0,0.0,611,265,0.0,0.0,0,2496,2284,514,507,2.2,2.2,0.0,0.0,0.0,0.0,0.0,0.0,0.0,0.0,0.0,610,266,0.0,610,266,0.0,605,262,0.0,611,266,,,,2,,Leon,Goretzka,Goretzka,,,0,0,0,0,0,0,0,0,0,0,0,0,0,,,,0.0,0.0,0.0,0.0,0.0,0,0,0
57,a,,,4.5,475,39,0,0,0,0,3.4,96,16,5,3,2.5,131,10,0,33,2.5,125,10,0.6,1.1,0,52572,27194,33437,19384,2.5,2.5,0.0,0.0,0.0,4.09,0.0,0.0,0.0,2.04,70.6,16,2,0.0,425,42,0.0,364,41,7.1,120,2,,,,2,,Đorđe,Petrović,Petrović,,,180,0,0,0,3,0,0,0,0,0,9,2,0,,,,4.5,0.0,1.5,1.0,0.0,0,5,13
58,a,,,4.0,554,50,0,0,0,0,3.3,97,17,0,0,0.0,359,24,0,0,0.0,359,24,0.0,0.0,0,30445,20883,22556,11903,0.0,0.0,0.0,0.0,0.0,0.0,0.0,0.0,0.0,0.0,0.0,341,24,0.0,331,3,0.0,253,2,0.0,350,24,,,,2,,Fraser,Forster,Forster,,,0,0,0,0,0,0,0,0,0,0,0,0,0,,,,0.0,0.0,0.0,0.0,0.0,0,0,0
59,u,0.0,0.0,4.0,589,65,0,0,0,0,0.2,364,39,0,0,0.0,383,39,0,0,0.0,383,39,0.0,0.0,0,1133,0,3448,1931,0.0,0.0,0.0,0.0,0.0,0.0,0.0,0.0,0.0,0.0,0.0,365,39,0.0,357,18,0.0,281,17,0.0,375,39,,,,2,,Will,Dennis,Dennis,Has joined MK Dons permanently,,0,0,0,0,0,0,0,0,0,0,0,0,0,,,,0.0,0.0,0.0,0.0,0.0,0,0,0
60,a,,,5.5,170,22,0,0,0,0,0.9,207,78,5,4,2.5,140,50,0,19,2.5,135,48,0.5,0.9,0,13482,4329,13252,6511,2.5,2.5,0.0,0.74,0.74,4.09,0.0,0.37,0.37,2.04,37.2,109,48,21.3,122,38,4.0,202,72,6.3,140,52,,,,2,,James,Hill,Hill,,,180,0,0,0,3,0,0,0,0,0,0,2,18,,,,0.0,0.0,1.5,1.0,9.0,4,14,4
61,a,,,5.5,180,24,0,0,0,0,3.9,89,35,5,4,2.5,142,51,2,27,2.5,137,49,0.5,0.9,0,28412,7811,49322,23501,2.5,2.5,0.0,0.07,0.07,4.09,0.0,0.04,0.04,2.04,43.2,80,34,25.0,105,33,4.0,203,73,7.3,115,41,,,,2,,Adrien,Truffert,Truffert,,,180,0,0,0,3,0,0,0,0,0,0,2,16,,,,0.0,0.0,1.5,1.0,8.0,4,12,13
63,i,0.0,0.0,5.0,375,71,0,0,0,0,0.0,595,201,0,0,0.0,573,200,0,0,0.0,573,200,0.0,0.0,0,126,52,456,160,0.0,0.0,0.0,0.0,0.0,0.0,0.0,0.0,0.0,0.0,0.0,561,201,0.0,567,201,0.0,536,197,0.0,569,201,,,,2,,Veljko,Milosavljevic,Milosavljević,Unspecified injury - Unknown return date,,0,0,0,0,0,0,0,0,0,0,0,0,0,,,,0.0,0.0,0.0,0.0,0.0,0,0,0
64,a,,,4.5,408,81,0,0,0,0,0.1,389,140,2,1,1.0,235,80,0,9,1.0,215,73,0.2,0.4,0,3891,1046,2228,1210,1.0,1.0,0.0,0.02,0.02,4.09,0.0,0.01,0.01,2.04,22.6,165,77,16.3,142,44,0.0,320,137,3.9,195,73,,,,2,,Adam,Smith,Smith,,,180,0,0,0,3,0,0,0,1,0,0,2,11,,,,0.0,0.0,1.5,1.0,5.5,3,8,3
65,i,0.0,0.0,4.5,470,120,0,0,0,0,0.0,580,198,0,0,0.0,444,168,0,0,0.0,444,168,0.0,0.0,0,146,58,776,270,0.0,0.0,0.0,0.0,0.0,0.0,0.0,0.0,0.0,0.0,0.0,425,169,0.0,422,169,0.0,361,156,0.0,435,169,,,,2,,Julián,Araujo Zúñiga,J.Araujo,Thigh injury - Unknown return date,,0,0,0,0,0,0,0,0,0,0,0,0,0,,,,0.0,0.0,0.0,0.0,0.0,0,0,0
66,a,100.0,75.0,4.0,617,196,0,0,0,0,0.2,319,118,0,0,0.0,404,147,0,0,0.0,404,147,0.0,0.0,0,3980,3564,3916,1489,0.0,0.0,0.0,0.0,0.0,0.0,0.0,0.0,0.0,0.0,0.0,386,149,0.0,378,147,0.0,305,123,0.0,396,149,,,,2,,Julio,Soler Barreto,Soler,,,0,0,0,0,0,0,0,0,0,0,0,0,0,,,,0.0,0.0,0.0,0.0,0.0,0,0,0
62,a,,,5.0,290,51,0,0,0,0,0.2,345,128,0,0,0.0,539,193,0,0,0.0,539,193,0.0,0.0,0,3997,1275,5034,2713,0.0,0.0,0.0,0.0,0.0,0.0,0.0,0.0,0.0,0.0,0.0,527,196,0.0,528,196,0.0,483,189,0.0,534,196,,,,2,,Bafodé,Diakité,Diakité,,,0,0,0,0,0,0,0,0,0,0,0,0,0,,,,0.0,0.0,0.0,0.0,0.0,0,0,0
67,a,,,6.5,43,29,0,0,0,0,2.4,115,34,4,2,2.0,187,92,0,13,2.0,174,87,0.3,0.6,0,30765,7085,58785,36606,2.0,2.0,0.44,0.05,0.49,3.9,0.22,0.03,0.25,1.97,14.8,208,82,14.8,150,90,61.0,22,13,9.1,79,45,,,,2,,Rayan Vitor,Simplício Rocha,Rayan,,,178,0,0,0,2,0,0,0,0,0,0,2,6,,,,0.0,0.0,1.01,1.01,3.03,1,2,3
68,a,,,6.0,65,45,0,0,0,0,2.4,117,35,11,1,5.5,53,26,3,52,5.5,50,24,0.9,1.8,0,104620,17413,41268,28837,5.5,5.5,0.49,0.29,0.78,4.09,0.24,0.14,0.38,2.04,55.0,44,21,55.5,25,22,29.0,65,39,13.9,30,24,1.0,1.0,3.0,2,,Marcus,Tavernier,Tavernier,,,180,1,0,0,3,0,0,0,1,0,0,2,19,,,,0.0,0.0,1.5,1.0,9.5,6,3,10
69,a,,,6.0,82,56,0,0,0,0,1.8,133,39,14,12,7.0,29,15,3,56,7.0,27,14,1.2,2.3,0,43565,35045,23275,10389,7.0,7.0,0.26,0.28,0.54,3.96,0.13,0.14,0.27,2.02,59.0,33,16,36.9,55,42,21.0,89,48,11.7,47,33,2.0,4.0,,2,,Alex,Scott,Scott,,,176,1,0,1,2,0,0,0,1,0,0,2,26,,,,0.0,0.51,1.02,1.02,13.3,7,4,15
70,a,,,6.0,68,47,0,0,0,0,1.1,179,54,6,3,3.0,122,54,0,27,3.0,116,54,0.5,1.0,0,22494,6173,23525,13935,3.0,3.0,0.72,0.05,0.77,3.61,0.42,0.03,0.45,2.11,22.2,168,61,41.2,47,37,74.0,11,7,13.7,32,25,3.0,2.0,2.0,2,,Justin,Kluivert,Kluivert,,,154,0,0,2,0,0,0,0,0,0,0,2,14,,,,0.0,1.17,0.0,1.17,8.18,3,1,10
71,a,,,5.0,245,149,0,0,0,0,0.2,332,119,6,3,3.0,107,44,0,21,3.0,101,43,0.6,1.2,0,7540,4281,4057,2350,3.0,3.0,0.0,0.01,0.01,3.61,0.0,0.01,0.01,2.27,8.4,242,102,14.9,148,89,0.0,459,171,2.4,238,106,5.0,,,2,,Lewis,Cook,Cook,,,143,0,0,2,0,0,0,0,0,0,0,2,9,,,,0.0,1.26,0.0,1.26,5.66,1,3,5
72,a,,,5.0,332,194,0,0,0,0,0.1,464,186,1,0,1.0,282,124,0,3,0.5,313,142,0.1,0.2,0,620,255,1832,999,0.5,0.5,0.0,0.0,0.0,0.19,0.0,0.0,0.0,17.1,0.2,335,154,0.1,328,166,2.0,231,109,0.2,334,154,,,,2,,Ben,Gannon-Doak,Gannon-Doak,,,1,0,0,0,1,0,0,0,0,0,0,0,1,,,,0.0,0.0,90.0,0.0,90.0,0,0,1
73,a,100.0,100.0,5.0,258,158,0,0,0,0,0.2,318,112,2,1,1.0,268,115,0,8,1.0,231,105,0.2,0.4,0,6760,3728,5998,3143,1.0,1.0,0.0,0.0,0.0,0.47,0.0,0.0,0.0,1.18,5.2,268,120,1.9,252,132,0.0,468,177,0.7,305,138,,,,2,,Tyler,Adams,Adams,,,36,0,0,0,3,0,0,0,0,0,0,0,6,,,,0.0,0.0,7.5,0.0,15.0,0,3,3
74,a,100.0,100.0,5.0,239,146,0,0,0,0,0.1,486,198,1,1,1.0,262,111,0,3,0.5,297,132,0.1,0.2,0,1385,783,1296,601,0.5,0.5,0.0,0.01,0.01,0.16,0.0,0.1,0.1,1.6,0.0,503,201,1.6,263,137,0.0,454,168,0.1,343,160,4.0,3.0,,2,,David,Brooks,Brooks,,,9,0,0,0,1,0,0,0,0,0,0,0,0,,,,0.0,0.0,10.0,0.0,0.0,0,0,0
75,a,100.0,100.0,5.0,246,150,0,0,0,0,0.0,547,225,1,1,1.0,264,112,0,5,0.5,299,133,0.1,0.2,0,1234,674,522,326,0.5,0.5,0.0,0.0,0.0,0.13,0.0,0.0,0.0,3.9,2.8,303,136,0.3,313,158,0.0,460,172,0.3,326,149,6.0,,,2,,Ryan,Christie,Christie,,,3,0,0,0,1,0,0,0,0,0,0,0,2,,,,0.0,0.0,30.0,0.0,60.0,1,0,1
76,a,,,5.0,374,225,0,0,0,0,0.0,573,240,1,0,1.0,293,133,0,5,0.5,321,149,0.1,0.2,0,177,77,295,149,0.5,0.5,0.0,0.0,0.0,0.31,0.0,0.0,0.0,1.86,2.8,304,137,0.6,300,151,0.0,535,216,0.3,329,152,,,,2,,Alex,Tóth,Tóth.A,,,15,0,0,0,2,0,0,0,0,0,0,0,2,,,,0.0,0.0,12.0,0.0,12.0,1,0,1
77,i,0.0,0.0,4.9,398,240,-1,1,-1,1,0.0,564,234,0,0,0.0,509,205,0,0,0.0,509,205,0.0,0.0,0,152,98,1427,451,0.0,0.0,0.0,0.0,0.0,0.0,0.0,0.0,0.0,0.0,0.0,492,194,0.0,494,202,0.0,440,161,0.0,501,198,,,,2,,Amine,Adli,Adli,Unspecified injury - Unknown return date,,0,0,0,0,0,0,0,0,0,0,0,0,0,,,,0.0,0.0,0.0,0.0,0.0,0,0,0
78,i,0.0,0.0,7.4,22,14,-1,1,-1,1,0.3,311,109,0,0,0.0,625,276,0,0,0.0,625,276,0.0,0.0,0,649,187,19142,5734,0.0,0.0,0.0,0.0,0.0,0.0,0.0,0.0,0.0,0.0,0.0,626,277,0.0,626,277,0.0,626,277,0.0,626,277,,,1.0,2,,Junior,Kroupi,Kroupi.Jr,Foot injury - Unknown return date,,0,0,0,0,0,0,0,0,0,0,0,0,0,,,,0.0,0.0,0.0,0.0,0.0,0,0,0
79,a,,,6.0,75,16,0,0,0,0,3.2,102,15,9,5,4.5,77,10,0,28,4.5,74,9,0.8,1.5,0,118281,45656,43661,24635,4.5,4.5,0.58,0.25,0.83,3.61,0.34,0.15,0.49,2.11,34.4,120,11,34.1,65,6,24.0,80,18,9.2,77,12,,,,2,,Francisco Evanilson,de Lima Barbosa,Evanilson,,,154,0,2,2,0,0,0,0,1,0,0,2,11,,,,0.0,1.17,0.0,1.17,6.43,1,5,5
80,u,0.0,0.0,5.5,126,30,0,0,0,0,0.0,557,70,0,0,0.0,592,66,0,0,0.0,592,66,0.0,0.0,0,0,0,1436,366,0.0,0.0,0.0,0.0,0.0,0.0,0.0,0.0,0.0,0.0,0.0,581,59,0.0,587,64,0.0,565,61,0.0,588,64,,,,2,,Enes,Ünal,Enes Ünal,Has joined Getafe permanently,,0,0,0,0,0,0,0,0,0,0,0,0,0,,,,0.0,0.0,0.0,0.0,0.0,0,0,0
566,a,,,5.0,319,61,0,0,0,0,0.4,271,101,6,4,3.0,110,40,0,16,3.0,104,39,0.6,1.2,0,13727,6362,5375,3185,3.0,3.0,0.25,0.03,0.28,4.09,0.12,0.02,0.14,2.04,50.0,56,19,2.1,245,82,13.0,123,38,6.5,134,48,,,,2,,António João,Pereira de Albuquerque Tavares da Silva,Silva,,,180,0,0,0,3,0,0,0,1,0,0,2,23,,,,0.0,0.0,1.5,1.0,11.5,2,21,5
573,a,,,4.5,494,131,0,0,0,0,0.2,337,126,0,0,0.0,453,170,0,0,0.0,453,170,0.0,0.0,0,694,242,2910,1445,0.0,0.0,0.0,0.0,0.0,0.0,0.0,0.0,0.0,0.0,0.0,434,171,0.0,437,172,0.0,379,161,0.0,444,171,,,,2,,Juanlu,Sánchez,Sanchez,,,0,0,0,0,0,0,0,0,0,0,0,0,0,,,,0.0,0.0,0.0,0.0,0.0,0,0,0
608,a,,,5.0,349,58,0,0,0,0,0.1,461,63,1,0,1.0,287,31,0,6,0.5,317,36,0.1,0.2,0,5380,2903,1669,1248,0.5,0.5,0.1,0.0,0.1,0.31,0.6,0.0,0.6,1.86,3.4,297,29,0.8,292,37,17.0,103,21,2.1,254,29,,,,2,,Daniel,Jebbison,Jebbison,,,15,0,0,0,2,0,0,0,0,0,0,0,1,,,,0.0,0.0,12.0,0.0,6.0,0,0,1
615,a,,,4.5,455,35,0,0,0,0,0.0,555,66,0,0,0.0,437,57,0,0,0.0,437,57,0.0,0.0,0,1184,943,315,288,2.0,2.0,0.0,0.0,0.0,0.0,0.0,0.0,0.0,0.0,0.0,418,57,0.0,414,38,0.0,350,37,0.0,428,57,,,,2,,Michele,Di Gregorio,Di Gregorio,,,0,0,0,0,0,0,0,0,0,0,0,0,0,,,,0.0,0.0,0.0,0.0,0.0,0,0,0
81,a,100.0,100.0,6.0,88,20,0,0,0,0,0.1,408,57,1,1,1.0,331,41,0,4,0.5,350,43,0.1,0.2,0,1892,892,2409,1227,0.5,0.5,0.0,0.0,0.0,0.16,0.0,0.0,0.0,1.6,0.0,616,70,0.0,616,70,0.0,612,70,0.0,616,70,,,,2,,Álvaro,Rodríguez,Rodríguez,,,9,0,0,0,1,0,0,0,0,0,0,0,1,,,,0.0,0.0,10.0,0.0,10.0,0,0,1
82,a,,,5.0,257,11,0,0,0,0,7.0,60,8,9,2,4.5,70,5,0,41,4.5,66,5,0.9,1.8,0,134110,59676,52297,32373,4.5,4.5,0.0,0.01,0.01,2.03,0.0,0.0,0.0,1.02,40.8,87,11,0.0,515,58,0.0,467,58,4.0,191,12,,,,2,,Caoimhín,Kelleher,Kelleher,,,180,0,0,1,1,0,0,0,0,0,5,2,0,,,,2.5,0.5,0.5,1.0,0.0,0,2,9
83,a,,,4.5,499,44,0,0,0,0,0.1,418,47,0,0,0.0,458,60,0,0,0.0,458,60,0.0,0.0,0,1194,552,1727,837,0.0,0.0,0.0,0.0,0.0,0.0,0.0,0.0,0.0,0.0,0.0,439,60,0.0,442,47,0.0,384,46,0.0,449,60,,,,2,,Hákon Rafn,Valdimarsson,Valdimarsson,,,0,0,0,0,0,0,0,0,0,0,0,0,0,,,,0.0,0.0,0.0,0.0,0.0,0,0,0
84,a,,,5.5,158,20,0,0,0,0,2.2,122,50,9,3,4.5,73,26,0,35,4.5,70,26,0.8,1.6,0,40404,15315,21161,11788,4.5,4.5,0.51,0.05,0.56,2.03,0.26,0.02,0.28,1.02,39.6,93,42,22.4,115,35,51.0,32,2,11.3,52,10,,,,2,,Nathan,Collins,Collins,,,180,0,0,1,1,0,0,0,1,0,0,2,16,,,,0.0,0.5,0.5,1.0,8.0,2,14,11
85,i,0.0,0.0,4.9,396,76,-1,1,-1,1,0.1,438,154,0,0,0.0,507,186,0,0,0.0,507,186,0.0,0.0,0,232,87,5885,1762,0.0,0.0,0.0,0.0,0.0,0.0,0.0,0.0,0.0,0.0,0.0,490,187,0.0,492,188,0.0,438,179,0.0,499,187,,,,2,,Sepp,van den Berg,Van den Berg,Groin injury - Unknown return date,,0,0,0,0,0,0,0,0,0,0,0,0,0,,,,0.0,0.0,0.0,0.0,0.0,0,0,0
86,a,,,5.5,155,96,0,0,0,0,1.8,138,40,16,6,8.0,20,10,3,66,8.0,18,9,1.5,2.9,0,106893,54351,20630,13914,8.0,8.0,0.79,0.25,1.04,2.03,0.4,0.13,0.53,1.03,85.6,5,4,47.5,34,28,21.0,86,47,15.4,24,18,,1.0,,2,,Keane,Lewis-Potter,Lewis-Potter,,,177,1,1,1,1,0,0,0,0,0,0,2,21,,,,0.0,0.51,0.51,1.02,10.68,3,7,11
87,a,,,4.5,438,96,0,0,0,0,4.7,76,32,11,3,5.5,50,20,0,36,5.5,47,19,1.2,2.4,0,143245,73267,43746,29844,5.5,5.5,0.11,0.03,0.14,2.03,0.06,0.02,0.08,1.02,57.8,35,11,21.9,117,36,37.0,49,8,11.7,46,8,,,,2,,Kristoffer,Ajer,Ajer,,,180,0,0,1,1,0,0,0,1,0,0,2,27,,,,0.0,0.5,0.5,1.0,13.5,2,25,5
88,a,,,4.6,407,80,0,0,1,-1,9.1,44,15,15,2,7.5,21,9,1,45,7.5,20,8,1.6,3.3,0,425461,114658,67336,46176,7.5,7.5,0.52,0.21,0.73,1.93,0.29,0.12,0.41,1.07,48.2,63,25,17.5,134,39,54.0,29,1,11.9,45,7,,,,2,,Michael,Kayode,Kayode,,,162,1,0,1,1,0,0,0,0,0,0,2,8,,,,0.0,0.56,0.56,1.11,4.44,1,7,9
89,a,,,4.5,439,97,0,0,0,0,0.2,324,122,1,1,1.0,240,84,0,3,0.5,282,97,0.1,0.2,0,902,358,3414,1268,0.5,0.5,0.0,0.0,0.0,0.0,0.0,0.0,0.0,0.0,0.0,412,162,0.0,407,161,0.0,342,144,0.0,422,162,,,,2,,Rico,Henry,Henry,,,2,0,0,0,0,0,0,0,0,0,0,0,0,,,,0.0,0.0,0.0,0.0,0.0,0,0,0
90,a,,,4.5,481,126,0,0,0,0,0.1,458,163,2,1,1.0,250,93,0,8,1.0,225,81,0.2,0.4,0,1063,440,1089,549,1.0,1.0,0.0,0.02,0.02,0.1,0.0,0.11,0.11,0.56,4.0,286,106,4.4,214,68,0.0,369,159,0.8,300,109,,,,2,,Aaron,Hickey,Hickey,,,16,0,0,0,0,0,0,0,0,0,0,0,1,,,,0.0,0.0,0.0,0.0,5.62,1,0,2
93,a,,,4.5,501,134,0,0,0,0,0.2,369,136,0,0,0.0,460,173,0,0,0.0,460,173,0.0,0.0,0,244,102,2048,842,0.0,0.0,0.0,0.0,0.0,0.0,0.0,0.0,0.0,0.0,0.0,441,174,0.0,444,175,0.0,386,164,0.0,451,174,,,,2,,Jannik,Schuster,Schuster,,,0,0,0,0,0,0,0,0,0,0,0,0,0,,,,0.0,0.0,0.0,0.0,0.0,0,0,0
94,a,,,6.0,83,57,0,0,0,0,3.9,91,29,13,10,6.5,32,18,3,51,6.5,30,17,1.1,2.2,0,83071,58073,51004,25215,6.5,6.5,0.77,0.03,0.8,2.03,0.39,0.02,0.41,1.03,60.0,30,15,22.9,111,67,93.0,4,1,17.6,15,11,,,2.0,2,,Kevin,Schade,Schade,,,177,1,0,1,1,0,0,0,0,0,0,2,18,,,,0.0,0.51,0.51,1.02,9.15,5,4,9
95,a,,,6.5,46,31,0,0,0,0,0.9,198,61,4,1,2.0,189,93,0,22,2.0,175,88,0.3,0.6,0,9865,2517,27243,16291,2.0,2.0,0.07,0.37,0.44,1.83,0.07,0.35,0.42,1.73,16.4,201,80,46.3,38,31,17.0,106,55,8.0,100,52,2.0,,,2,,Dango,Ouattara,O.Dango,,,95,0,0,1,1,0,0,0,0,0,0,1,13,,,,0.0,0.95,0.95,0.95,12.32,1,5,7
96,a,,,5.5,162,101,0,0,0,0,0.5,258,86,4,3,2.0,175,85,0,26,2.0,164,82,0.4,0.7,0,4364,2046,11960,4416,2.0,2.0,0.03,0.24,0.27,0.23,0.03,0.26,0.29,0.25,24.2,159,58,58.7,20,18,25.0,77,43,10.8,59,39,3.0,3.0,,2,,Mikkel,Damsgaard,Damsgaard,,,82,0,0,1,0,0,0,0,0,0,0,1,13,,,,0.0,1.1,0.0,1.1,14.27,3,2,8
97,d,75.0,,5.5,142,88,0,0,0,0,0.2,343,126,6,0,6.0,42,22,0,22,3.0,108,47,0.5,1.1,0,4390,532,5226,3889,2.2,3.0,0.08,0.34,0.42,0.47,0.11,0.46,0.57,0.64,12.6,221,90,46.2,39,32,13.0,125,63,7.2,118,60,1.0,2.0,3.0,2,,Mathias,Jensen,Jensen,Unspecified injury - 75% chance of playing,,66,0,1,1,0,0,0,0,0,0,0,1,5,,,,0.0,1.36,0.0,1.36,6.82,2,0,3
98,a,,,5.0,261,160,0,0,0,0,0.6,243,83,10,1,5.0,56,28,0,46,5.0,53,26,1.0,2.0,0,52876,19117,12499,8214,5.0,5.0,0.39,0.31,0.7,2.03,0.2,0.16,0.36,1.02,69.6,18,11,74.2,10,10,28.0,66,40,17.2,16,12,4.0,,,2,,Vitaly,Janelt,Janelt,,,180,1,0,1,1,0,0,0,2,0,0,2,23,,,,0.0,0.5,0.5,1.0,11.5,7,11,5
99,i,0.0,0.0,5.0,356,211,0,0,0,0,0.0,621,272,0,0,0.0,567,237,0,0,0.0,567,237,0.0,0.0,0,48,20,66,21,0.0,0.0,0.0,0.0,0.0,0.0,0.0,0.0,0.0,0.0,0.0,554,230,0.0,561,236,0.0,524,206,0.0,562,233,,,,2,,Antoni,Milambo,Milambo,Knee injury - Unknown return date,,0,0,0,0,0,0,0,0,0,0,0,0,0,,,,0.0,0.0,0.0,0.0,0.0,0,0,0
100,a,100.0,100.0,5.0,291,175,0,0,0,0,0.0,563,233,0,0,0.0,540,223,0,0,0.0,540,223,0.0,0.0,0,489,334,477,231,0.0,0.0,0.0,0.0,0.0,0.0,0.0,0.0,0.0,0.0,0.0,528,215,0.0,529,220,0.0,484,185,0.0,535,217,,,,2,,Fábio,Freitas Gouveia Carvalho,Carvalho,,,0,0,0,0,0,0,0,0,0,0,0,0,0,,,,0.0,0.0,0.0,0.0,0.0,0,0,0
102,a,,,5.0,340,198,0,0,0,0,1.0,194,60,2,1,1.0,284,125,0,11,1.0,242,111,0.2,0.4,0,1294,549,24204,11025,1.0,1.0,0.04,0.01,0.05,1.42,0.08,0.02,0.1,2.9,5.2,269,121,13.3,159,96,7.0,170,82,2.6,228,101,,,,2,,Yehor,Yarmoliuk,Yarmoliuk,,,44,0,0,0,1,0,0,0,0,0,0,0,6,,,,0.0,0.0,2.05,0.0,12.27,2,1,3
103,a,,,5.0,254,155,0,0,0,0,0.0,550,227,0,0,0.0,526,216,0,0,0.0,526,216,0.0,0.0,0,283,119,673,320,0.0,0.0,0.0,0.0,0.0,0.0,0.0,0.0,0.0,0.0,0.0,512,207,0.0,514,213,0.0,466,176,0.0,520,210,,,,2,,Josh,Dasilva,Dasilva,,,0,0,0,0,0,0,0,0,0,0,0,0,0,,,,0.0,0.0,0.0,0.0,0.0,0,0,0
105,a,,,6.0,76,52,0,0,0,0,0.2,365,139,3,2,1.5,220,105,0,13,1.5,207,100,0.2,0.5,0,2983,1025,4497,2106,1.5,1.5,0.14,0.41,0.55,0.19,0.15,0.44,0.59,0.21,13.8,214,86,60.8,19,17,16.0,109,58,9.1,78,44,,,,2,,Jaidon,Anthony,Anthony,,,83,0,0,1,0,0,0,0,1,0,0,1,9,,,,0.0,1.08,0.0,1.08,9.76,2,0,7
106,a,,,8.0,11,3,0,0,0,0,14.7,27,5,2,2,1.0,341,43,0,-1,1.0,270,34,0.1,0.2,0,126360,34588,332468,191301,1.0,1.0,1.8,0.09,1.89,1.96,0.94,0.05,0.99,1.03,4.6,279,26,10.2,186,23,63.0,19,9,7.8,105,15,,,1.0,2,,Igor Thiago,Nascimento Rodrigues,Thiago,,,172,0,0,1,1,0,0,1,0,0,0,2,9,,,,0.0,0.52,0.52,1.05,4.71,1,1,7
107,a,,,4.5,529,70,0,0,0,0,1.0,190,29,0,0,0.0,483,51,0,0,0.0,483,51,0.0,0.0,0,24482,16291,16688,8245,0.0,0.0,0.0,0.0,0.0,0.0,0.0,0.0,0.0,0.0,0.0,465,44,0.0,467,49,0.0,411,46,0.0,475,49,,,,2,,Kaye,Furo,Furo,,,0,0,0,0,0,0,0,0,0,0,0,0,0,,,,0.0,0.0,0.0,0.0,0.0,0,0,0
108,a,,,5.5,119,29,0,0,0,0,0.4,279,48,2,1,1.0,303,33,0,7,1.0,248,27,0.2,0.4,0,7766,3415,9363,4555,1.0,1.0,0.07,0.04,0.11,0.07,0.7,0.4,1.1,0.7,2.2,308,33,10.4,185,22,12.0,131,24,2.5,234,25,,,,2,,Callum,Wilson,Wilson,,,9,0,0,0,0,0,0,0,0,0,0,0,1,,,,0.0,0.0,0.0,0.0,10.0,0,0,1
565,a,,,5.7,115,76,1,-1,2,-2,12.5,32,12,18,4,9.0,12,6,3,57,9.0,10,5,1.6,3.2,0,761255,317493,93140,69800,9.0,9.0,0.26,0.36,0.62,1.93,0.14,0.2,0.34,1.05,56.0,41,19,47.1,36,29,32.0,59,34,13.5,33,26,,,,2,,Mamadou,Sangaré,M.Sangaré,,,165,0,2,1,1,0,0,0,0,0,0,2,27,,,,0.0,0.55,0.55,1.09,14.73,6,9,12
620,a,,,4.5,536,145,0,0,0,0,0.1,457,162,0,0,0.0,488,180,0,0,0.0,488,180,0.0,0.0,0,7612,7012,2023,1986,1.7,1.7,0.0,0.0,0.0,0.0,0.0,0.0,0.0,0.0,0.0,470,181,0.0,472,182,0.0,416,172,0.0,480,181,,,,2,,El Hadji Malick,Diouf,Diouf,,,0,0,0,0,0,0,0,0,0,0,0,0,0,,,,0.0,0.0,0.0,0.0,0.0,0,0,0
109,a,,,4.5,489,43,0,0,0,0,21.5,13,2,6,0,3.0,105,8,0,24,3.0,99,8,0.7,1.3,0,221143,136387,129341,83861,3.0,3.0,0.0,0.0,0.0,3.22,0.0,0.0,0.0,1.61,16.8,197,21,0.0,432,46,0.0,374,45,1.7,269,21,,,,2,,Bart,Verbruggen,Verbruggen,,,180,0,0,1,4,0,0,0,0,0,1,2,0,,,,0.5,0.5,2.0,1.0,0.0,0,0,18
111,a,,,4.0,555,51,0,0,0,0,4.1,87,13,0,0,0.0,360,25,0,0,0.0,360,25,0.0,0.0,0,40473,29759,30916,16872,0.0,0.0,0.0,0.0,0.0,0.0,0.0,0.0,0.0,0.0,0.0,342,25,0.0,332,4,0.0,254,3,0.0,351,25,,,,2,,Jason,Steele,Steele,,,0,0,0,0,0,0,0,0,0,0,0,0,0,,,,0.0,0.0,0.0,0.0,0.0,0,0,0
113,a,100.0,100.0,4.4,549,150,-1,1,-1,1,2.1,127,52,0,0,0.0,415,157,0,-4,0.0,415,157,0.0,0.0,0,10464,7884,69993,18589,0.0,0.0,0.02,0.01,0.03,2.93,0.02,0.01,0.03,2.93,2.8,302,114,16.7,138,42,8.0,158,53,2.8,222,86,3.0,,,2,,Ferdi,Kadıoğlu,F.Kadıoğlu,,,90,0,0,0,4,0,0,0,0,0,0,1,0,,,,0.0,0.0,4.0,1.0,0.0,0,0,2
114,a,,,4.5,442,99,0,0,0,0,0.3,301,112,5,-1,2.5,130,46,0,27,2.5,124,44,0.6,1.1,0,7725,3622,4043,2484,2.5,2.5,0.05,0.15,0.2,3.22,0.02,0.08,0.1,1.61,32.0,130,58,33.9,68,16,17.0,99,28,8.3,91,29,,,,2,,Olivier,Boscagli,Boscagli,,,180,0,0,1,4,0,0,0,1,0,0,2,9,,,,0.0,0.5,2.0,1.0,4.5,1,8,6
115,a,,,4.7,406,79,1,-1,2,-2,14.0,31,10,17,0,8.5,15,7,2,44,8.5,13,6,1.8,3.6,0,959371,464373,84626,63468,8.5,8.5,1.5,0.26,1.76,3.22,0.81,0.14,0.95,1.74,49.4,60,23,69.0,14,1,48.0,35,4,16.7,19,1,2.0,4.0,,2,,Maxim,De Cuyper,De Cuyper,,,167,1,1,1,4,0,0,0,0,0,0,2,6,,,,0.0,0.54,2.16,1.08,3.23,3,3,6
116,a,,,4.5,413,82,0,0,0,0,1.2,172,70,5,-1,2.5,127,43,0,20,2.5,121,41,0.6,1.1,0,25381,12038,13809,8499,2.5,2.5,0.0,0.05,0.05,3.22,0.0,0.02,0.02,1.61,28.2,139,62,8.4,193,61,0.0,325,138,3.7,202,78,,3.0,,2,,Lewis,Dunk,Dunk,,,180,0,0,1,4,0,0,0,1,0,0,2,5,,,,0.0,0.5,2.0,1.0,2.5,2,3,6
117,a,,,4.5,511,137,0,0,0,0,0.0,559,191,0,0,0.0,470,176,0,0,0.0,470,176,0.0,0.0,0,353,162,403,179,0.0,0.0,0.0,0.0,0.0,0.0,0.0,0.0,0.0,0.0,0.0,451,177,0.0,454,178,0.0,396,167,0.0,461,177,,,,2,,Diego,Coppola,Coppola,,,0,0,0,0,0,0,0,0,0,0,0,0,0,,,,0.0,0.0,0.0,0.0,0.0,0,0,0
118,a,,,4.5,450,105,0,0,0,0,0.1,451,159,0,0,0.0,436,163,0,0,0.0,436,163,0.0,0.0,0,866,395,1575,700,0.0,0.0,0.0,0.0,0.0,0.0,0.0,0.0,0.0,0.0,0.0,417,164,0.0,413,164,0.0,349,148,0.0,427,164,,,,2,,Igor Julio,dos Santos de Paulo,Igor,,,0,0,0,0,0,0,0,0,0,0,0,0,0,,,,0.0,0.0,0.0,0.0,0.0,0,0,0
119,a,,,4.5,474,123,0,0,0,0,0.0,520,179,1,0,0.5,346,116,0,6,0.5,288,103,0.1,0.2,0,512,227,533,307,0.5,0.5,0.12,0.0,0.12,0.14,0.3,0.0,0.3,0.35,8.2,244,98,2.2,239,79,18.0,95,26,2.8,224,87,,,,2,,João Pedro,Loureiro da Costa,Costinha,,,36,0,0,0,0,0,0,0,1,0,0,0,4,,,,0.0,0.0,0.0,0.0,10.0,1,3,0
120,a,,,5.0,304,55,0,0,0,0,0.1,489,171,0,0,0.0,546,195,0,0,0.0,546,195,0.0,0.0,0,1322,554,1345,661,0.0,0.0,0.0,0.0,0.0,0.0,0.0,0.0,0.0,0.0,0.0,533,197,0.0,537,197,0.0,495,191,0.0,541,197,,,,2,,Michael,Svoboda,Svoboda,,,0,0,0,0,0,0,0,0,0,0,0,0,0,,,,0.0,0.0,0.0,0.0,0.0,0,0,0
121,i,0.0,0.0,6.0,77,53,0,0,0,0,0.0,517,216,0,0,0.0,613,267,0,0,0.0,613,267,0.0,0.0,0,253,94,1920,683,0.0,0.0,0.0,0.0,0.0,0.0,0.0,0.0,0.0,0.0,0.0,612,268,0.0,613,268,0.0,608,264,0.0,613,268,,,,2,,Mitoma,Kaoru,Mitoma,Hamstring injury - Unknown return date,,0,0,0,0,0,0,0,0,0,0,0,0,0,,,,0.0,0.0,0.0,0.0,0.0,0,0,0
122,i,0.0,0.0,5.9,110,71,-1,1,-1,1,0.0,495,203,0,0,0.0,609,263,0,0,0.0,609,263,0.0,0.0,0,206,66,4891,1370,0.0,0.0,0.0,0.0,0.0,0.0,0.0,0.0,0.0,0.0,0.0,607,263,0.0,607,263,0.0,602,259,0.0,608,263,5.0,,,2,,Yankuba,Minteh,Minteh,Leg injury - Expected back 28 Nov,,0,0,0,0,0,0,0,0,0,0,0,0,0,,,,0.0,0.0,0.0,0.0,0.0,0,0,0
123,d,50.0,25.0,6.0,84,58,0,0,0,0,1.6,151,43,16,0,16.0,1,1,3,54,8.0,19,10,1.3,2.7,0,145115,5287,107899,69814,4.0,2.0,1.41,0.02,1.43,0.19,2.01,0.03,2.04,0.27,72.8,12,8,13.4,158,95,59.0,24,14,14.5,26,20,,,,2,,Jack,Hinshelwood,Hinshelwood,Unspecified injury - 50% chance of playing,,63,2,0,1,0,0,0,0,0,0,0,1,3,,,,0.0,1.43,0.0,1.43,4.29,2,0,1
124,a,,,5.5,118,77,0,0,0,0,14.2,30,11,15,13,7.5,22,11,3,64,7.5,21,11,1.4,2.7,0,231082,206903,161983,56110,7.5,7.5,0.05,0.38,0.43,3.22,0.02,0.19,0.21,1.61,68.8,19,12,90.1,5,5,31.0,62,37,19.0,8,7,1.0,1.0,1.0,2,,Pascal,Groß,Groß,,,180,1,1,1,4,0,0,0,1,0,0,2,11,,,,0.0,0.5,2.0,1.0,5.5,4,2,5
125,d,75.0,75.0,5.5,169,39,0,0,0,0,0.8,213,35,5,0,5.0,60,4,0,22,2.5,134,15,0.5,0.9,0,27292,3405,31298,16291,1.9,1.9,0.08,0.44,0.52,0.29,0.08,0.44,0.52,0.29,19.8,177,14,11.4,176,19,15.0,116,22,4.6,183,20,,,,2,,Georginio,Rutter,Georginio,Unspecified injury - 75% chance of playing,,90,0,1,1,0,0,0,0,0,0,0,1,7,,,,0.0,1.0,0.0,1.0,7.0,2,1,4
126,a,,,5.5,147,91,0,0,0,0,0.1,428,170,0,0,0.0,598,257,0,0,0.0,598,257,0.0,0.0,0,1306,650,2654,1302,0.0,0.0,0.0,0.0,0.0,0.0,0.0,0.0,0.0,0.0,0.0,588,253,0.0,594,256,0.0,575,241,0.0,594,255,,,3.0,2,,Matt,O'Riley,O'Riley,,,0,0,0,0,0,0,0,0,0,0,0,0,0,,,,0.0,0.0,0.0,0.0,0.0,0,0,0
127,a,,,5.0,343,200,0,0,0,0,4.4,84,28,11,5,5.5,52,25,0,42,5.5,49,23,1.1,2.2,0,107763,83811,46548,29676,5.5,5.5,0.56,0.65,1.21,3.22,0.29,0.33,0.62,1.66,37.6,106,39,45.4,41,33,83.0,6,3,16.6,20,15,,5.0,,2,,Diego,Gómez Amarilla,Gomez,,,175,0,2,1,4,0,0,0,0,0,0,2,11,,,,0.0,0.51,2.06,1.03,5.66,5,3,3
128,u,0.0,0.0,5.0,354,209,0,0,0,0,0.0,618,270,0,0,0.0,566,236,0,0,0.0,566,236,0.0,0.0,0,0,0,245,72,0.0,0.0,0.0,0.0,0.0,0.0,0.0,0.0,0.0,0.0,0.0,553,229,0.0,560,235,0.0,523,205,0.0,561,232,,,,2,,Facundo,Buonanotte,Buonanotte,Has joined Elche on loan for the rest of the season,,0,0,0,0,0,0,0,0,0,0,0,0,0,,,,0.0,0.0,0.0,0.0,0.0,0,0,0
129,d,75.0,,5.5,184,115,0,0,0,0,0.5,254,85,2,0,2.0,178,88,0,8,1.0,256,122,0.2,0.4,0,4666,1332,19883,12272,0.8,1.0,0.11,0.03,0.14,0.19,0.16,0.04,0.2,0.27,0.0,592,256,15.0,147,88,6.0,191,94,1.7,274,122,4.0,2.0,,2,,Yasin,Ayari,Ayari,Ankle injury - 75% chance of playing,,63,0,0,1,0,0,0,0,1,0,0,1,4,,,,0.0,1.43,0.0,1.43,5.71,0,1,3
130,a,,,5.0,312,58,0,0,0,0,0.5,256,97,7,0,3.5,98,36,1,38,3.5,92,36,0.7,1.4,0,22438,9010,8154,5097,3.5,3.5,0.12,0.13,0.25,3.18,0.07,0.08,0.15,1.83,37.0,110,49,35.5,60,14,10.0,148,48,8.3,93,31,,,,2,,Mats,Wieffer,Wieffer,,,156,0,0,1,4,0,0,0,0,0,0,2,15,,,,0.0,0.58,2.31,1.15,8.65,4,11,9
132,u,0.0,0.0,4.5,531,269,0,0,0,0,0.0,504,208,0,0,0.0,485,190,0,0,0.0,485,190,0.0,0.0,0,0,0,2236,704,0.0,0.0,0.0,0.0,0.0,0.0,0.0,0.0,0.0,0.0,0.0,467,178,0.0,469,187,0.0,413,145,0.0,477,183,,,,2,,Harry,Howell,Howell,Has joined Leicester City on loan for the rest of the season,,0,0,0,0,0,0,0,0,0,0,0,0,0,,,,0.0,0.0,0.0,0.0,0.0,0,0,0
133,u,0.0,0.0,5.0,359,214,0,0,0,0,0.0,624,274,0,0,0.0,569,239,0,0,0.0,569,239,0.0,0.0,0,0,0,89,33,0.0,0.0,0.0,0.0,0.0,0.0,0.0,0.0,0.0,0.0,0.0,556,232,0.0,563,238,0.0,527,209,0.0,564,235,,,,2,,Tom,Watson,Watson,Has joined Leicester City on loan for the rest of the season,,0,0,0,0,0,0,0,0,0,0,0,0,0,,,,0.0,0.0,0.0,0.0,0.0,0,0,0
134,a,,,4.5,515,263,0,0,0,0,0.3,303,103,0,0,0.0,473,185,0,0,0.0,473,185,0.0,0.0,0,3886,2178,5132,2352,0.0,0.0,0.0,0.0,0.0,0.0,0.0,0.0,0.0,0.0,0.0,454,173,0.0,457,182,0.0,399,140,0.0,464,178,,,,2,,Nehemiah,Oriola,Oriola,,,0,0,0,0,0,0,0,0,0,0,0,0,0,,,,0.0,0.0,0.0,0.0,0.0,0,0,0
135,a,,,5.0,384,231,0,0,0,0,0.1,479,194,1,0,1.0,296,136,0,3,0.5,325,152,0.1,0.2,0,688,315,1833,954,0.5,0.5,0.0,0.03,0.03,0.0,0.0,0.22,0.22,0.0,0.2,337,156,1.3,275,141,0.0,542,220,0.2,335,155,,,,2,,Zadok,Yohanna,Yohanna,,,12,0,0,0,0,0,0,0,0,0,0,0,0,,,,0.0,0.0,0.0,0.0,0.0,0,0,0
137,i,0.0,0.0,5.5,202,43,0,0,0,0,0.0,601,72,0,0,0.0,603,67,0,0,0.0,603,67,0.0,0.0,0,139,55,389,137,0.0,0.0,0.0,0.0,0.0,0.0,0.0,0.0,0.0,0.0,0.0,597,62,0.0,601,66,0.0,590,64,0.0,601,66,,,,2,,Stefanos,Tzimas,Tzimas,Knee injury - Unknown return date,,0,0,0,0,0,0,0,0,0,0,0,0,0,,,,0.0,0.0,0.0,0.0,0.0,0,0,0
138,a,,,5.5,204,44,0,0,0,0,0.4,286,49,6,5,3.0,119,18,0,16,3.0,114,14,0.5,1.1,0,15210,13826,5219,3068,3.0,3.0,0.35,0.02,0.37,2.99,0.3,0.02,0.32,2.56,5.0,276,25,15.5,145,14,27.0,71,16,4.6,184,21,,,,2,,Charalampos,Kostoulas,Kostoulas,,,105,0,1,0,4,0,0,0,0,0,0,1,8,,,,0.0,0.0,3.43,0.86,6.86,1,0,7
139,i,0.0,0.0,5.0,322,55,0,0,0,0,0.0,533,69,0,0,0.0,552,58,0,0,0.0,552,58,0.0,0.0,0,693,375,1110,487,0.0,0.0,0.0,0.0,0.0,0.0,0.0,0.0,0.0,0.0,0.0,539,51,0.0,545,56,0.0,505,53,0.0,547,56,,,,2,,Evan,Ferguson,Ferguson,Ankle injury - Expected back 10 Oct,,0,0,0,0,0,0,0,0,0,0,0,0,0,,,,0.0,0.0,0.0,0.0,0.0,0,0,0
504,a,,,5.0,372,70,0,0,0,0,2.4,116,47,6,0,3.0,112,41,0,17,3.0,106,40,0.6,1.2,0,34828,13642,31882,19535,3.0,3.0,0.16,0.05,0.21,3.22,0.08,0.02,0.1,1.61,35.2,116,53,12.8,164,49,17.0,104,30,6.5,135,49,,,,2,,Luka,Vušković,Vuskovic,,,180,0,0,1,4,0,0,0,0,0,0,2,12,,,,0.0,0.5,2.0,1.0,6.0,1,11,5
594,a,,,6.0,85,17,0,0,0,0,0.3,312,53,1,1,1.0,330,40,0,3,0.5,349,42,0.1,0.2,0,5061,2542,7548,3407,0.5,0.5,0.0,0.0,0.0,0.04,0.0,0.0,0.0,0.36,0.0,615,69,3.7,222,31,0.0,611,69,0.4,321,38,,,2.0,2,,Promise,David,David,,,10,0,0,0,0,0,0,0,0,0,0,0,0,,,,0.0,0.0,0.0,0.0,0.0,0,0,0
600,a,,,5.0,373,224,0,0,0,0,0.0,565,235,2,1,1.0,292,132,0,13,1.0,244,113,0.2,0.4,0,420,202,311,168,1.0,1.0,0.0,0.06,0.06,0.1,0.0,0.19,0.19,0.32,7.2,251,110,16.7,139,84,6.0,189,93,3.0,219,97,,,,2,,Ibrahim,Osman,Osman,,,28,0,0,0,1,0,0,0,0,0,0,0,3,,,,0.0,0.0,3.21,0.0,9.64,1,0,2
605,a,,,4.5,534,270,0,0,0,0,1.3,171,52,9,8,4.5,68,33,1,42,4.5,64,31,1.0,2.0,0,109446,105107,15850,14898,4.5,4.5,0.7,0.17,0.87,2.83,0.82,0.2,1.02,3.31,51.4,50,26,22.8,112,68,42.0,41,25,11.6,48,34,,,,2,,Malick,Yalcouyé,Yalcouyé,,,77,1,0,0,3,0,0,0,0,0,0,1,7,,,,0.0,0.0,3.51,1.17,8.18,3,2,2
614,a,,,4.5,500,133,0,0,0,0,0.0,521,180,0,0,0.0,459,172,0,0,0.0,459,172,0.0,0.0,0,2378,1372,388,334,1.7,1.7,0.0,0.0,0.0,0.0,0.0,0.0,0.0,0.0,0.0,440,173,0.0,443,174,0.0,385,163,0.0,450,173,,,,2,,Jaouen,Hadjam,Hadjam,,,0,0,0,0,0,0,0,0,0,0,0,0,0,,,,0.0,0.0,0.0,0.0,0.0,0,0,0
624,a,,,5.0,347,204,0,0,0,0,0.0,625,275,0,0,0.0,563,233,0,0,0.0,563,233,0.0,0.0,0,99,99,35,35,1.5,1.5,0.0,0.0,0.0,0.0,0.0,0.0,0.0,0.0,0.0,550,226,0.0,557,232,0.0,520,202,0.0,558,229,,,,2,,Amario,Cozier-Duberry,Cozier-Duberry,,,0,0,0,0,0,0,0,0,0,0,0,0,0,,,,0.0,0.0,0.0,0.0,0.0,0,0,0
28,a,,,5.0,236,7,0,0,0,0,4.4,83,11,2,2,2.0,158,13,0,18,1.0,230,19,0.2,0.4,0,73590,44204,97952,33038,1.0,1.0,0.0,0.01,0.01,1.41,0.0,0.01,0.01,1.41,36.2,113,12,20.0,126,1,0.0,451,54,5.6,151,8,,,,2,,Emiliano,Martínez Romero,Martinez,,,90,0,0,0,3,0,0,0,0,0,4,1,0,,,,4.0,0.0,3.0,1.0,0.0,0,1,13
40,a,,,7.5,18,11,0,0,0,0,25.2,10,4,13,5,6.5,34,20,1,65,6.5,32,19,0.9,1.7,0,397359,145508,246010,174261,6.5,6.5,1.1,1.11,2.21,2.65,0.58,0.58,1.16,1.39,75.6,9,6,100.0,2,2,52.0,31,20,22.7,5,4,4.0,,,2,,Morgan,Rogers,Rogers,,,171,1,1,0,5,0,0,0,0,0,0,2,12,,,,0.0,0.0,2.63,1.05,6.32,3,1,8
101,d,75.0,75.0,5.0,230,143,0,0,0,0,0.0,528,219,0,0,0.0,515,210,0,0,0.0,515,210,0.0,0.0,0,361,147,1211,520,0.0,0.0,0.0,0.0,0.0,0.0,0.0,0.0,0.0,0.0,0.0,498,199,0.0,500,207,0.0,447,166,0.0,507,203,,,,2,,Jordan,Henderson,Henderson,Wrist injury - 75% chance of playing,,0,0,0,0,0,0,0,0,0,0,0,0,0,,,,0.0,0.0,0.0,0.0,0.0,0,0,0
136,a,100.0,100.0,5.9,90,21,-1,1,-1,1,0.9,206,32,0,0,0.0,605,69,0,0,0.0,605,69,0.0,0.0,0,8412,5276,38583,16158,0.0,0.0,0.0,0.0,0.0,0.0,0.0,0.0,0.0,0.0,0.0,599,64,0.0,603,68,0.0,593,66,0.0,603,68,,,,2,,Danny,Welbeck,Welbeck,,,0,0,0,0,0,0,0,0,0,0,0,0,0,,,,0.0,0.0,0.0,0.0,0.0,0,0,0
140,a,,,4.9,389,21,-1,1,-1,1,1.7,143,21,2,0,2.0,156,12,0,6,1.0,229,18,0.2,0.4,0,10724,1800,73564,46373,1.0,1.0,0.0,0.01,0.01,1.33,0.0,0.01,0.01,1.33,21.4,172,18,0.0,486,52,0.0,431,51,2.1,252,18,,,,2,,Robert,Lynch Sánchez,Sánchez,,,90,0,0,0,2,0,0,0,0,0,4,1,0,,,,4.0,0.0,2.0,1.0,0.0,0,1,5
141,u,0.0,0.0,5.0,341,20,0,0,0,0,0.0,591,70,0,0,0.0,562,71,0,0,0.0,562,71,0.0,0.0,0,0,0,697,196,0.0,0.0,0.0,0.0,0.0,0.0,0.0,0.0,0.0,0.0,0.0,549,71,0.0,556,67,0.0,518,67,0.0,557,71,,,,2,,Filip,Jörgensen,Jörgensen,Has joined RC Strasbourg on loan for the rest of the season,,0,0,0,0,0,0,0,0,0,0,0,0,0,,,,0.0,0.0,0.0,0.0,0.0,0,0,0
142,a,,,5.5,148,18,0,0,0,0,8.7,47,17,1,1,0.5,354,121,0,4,0.5,334,119,0.1,0.2,0,82602,20077,208234,126916,0.5,0.5,0.1,0.07,0.17,1.47,0.08,0.06,0.14,1.18,23.8,161,73,17.2,135,40,21.0,85,21,6.2,141,53,1.0,1.0,,2,,Reece,James,James,,,112,0,0,0,3,0,0,0,1,0,0,1,6,,,,0.0,0.0,2.41,0.8,4.82,0,6,5
143,u,0.0,0.0,5.5,131,14,0,0,0,0,0.1,424,151,0,0,0.0,593,204,0,0,0.0,593,204,0.0,0.0,0,0,0,10681,2623,0.0,0.0,0.0,0.0,0.0,0.0,0.0,0.0,0.0,0.0,0.0,583,204,0.0,588,204,0.0,567,202,0.0,589,204,,,,2,,Trevoh,Chalobah,Chalobah,Has joined Como permanently,,0,0,0,0,0,0,0,0,0,0,0,0,0,,,,0.0,0.0,0.0,0.0,0.0,0,0,0
144,a,,,5.0,318,60,0,0,0,0,1.2,174,71,2,1,1.0,279,107,0,1,1.0,239,85,0.2,0.4,0,20709,7384,24235,13288,1.0,1.0,0.0,0.04,0.04,2.52,0.0,0.02,0.02,1.37,15.0,207,88,10.5,183,59,6.0,187,65,3.2,213,83,,,,2,,Malo,Gusto,Gusto,,,165,0,0,0,5,0,0,0,0,0,0,2,8,,,,0.0,0.0,2.73,1.09,4.36,2,6,7
145,a,100.0,100.0,5.0,299,54,0,0,0,0,0.1,478,169,0,0,0.0,542,194,0,-2,0.0,542,194,0.0,0.0,0,2769,1956,1089,828,0.0,0.0,0.0,0.01,0.01,1.26,0.0,0.01,0.01,1.69,19.4,179,78,0.9,285,104,0.0,490,190,2.0,258,95,,,,2,,Wesley,Fofana,Fofana,,,67,0,0,0,2,0,0,0,1,0,0,1,9,,,,0.0,0.0,2.69,1.34,12.09,0,9,0
146,u,0.0,0.0,4.5,461,113,0,0,0,0,0.0,570,196,0,0,0.0,440,165,0,0,0.0,440,165,0.0,0.0,0,232,0,1330,530,0.0,0.0,0.0,0.0,0.0,0.0,0.0,0.0,0.0,0.0,0.0,421,166,0.0,418,166,0.0,355,151,0.0,431,166,,,,2,,Benoît,Badiashile Mukinayi,B.Badiashile,Has joined Napoli on loan for the rest of the season,,0,0,0,0,0,0,0,0,0,0,0,0,0,,,,0.0,0.0,0.0,0.0,0.0,0,0,0
147,a,,,4.5,421,86,0,0,0,0,0.2,356,132,0,0,0.0,422,159,0,0,0.0,422,159,0.0,0.0,0,527,264,3722,1602,0.0,0.0,0.0,0.0,0.0,0.0,0.0,0.0,0.0,0.0,0.0,403,160,0.0,397,158,0.0,331,140,0.0,413,160,,,,2,,Tosin,Adarabioyo,Tosin,,,0,0,0,0,0,0,0,0,0,0,0,0,0,,,,0.0,0.0,0.0,0.0,0.0,0,0,0
148,a,,,4.5,512,138,0,0,0,0,0.6,246,91,5,4,2.5,132,47,0,17,2.5,126,45,0.6,1.1,0,19240,14882,10572,6088,2.5,2.5,0.01,0.09,0.1,2.46,0.01,0.05,0.06,1.44,38.4,98,45,33.0,72,20,11.0,137,45,8.3,92,30,,,,2,,Jorrel,Hato,Hato,,,154,0,1,0,5,0,0,0,0,0,0,2,9,,,,0.0,0.0,2.92,1.17,5.26,4,5,5
149,a,,,5.0,305,56,0,0,0,0,1.3,161,66,1,1,0.5,348,117,0,8,0.5,309,114,0.1,0.2,0,16453,5882,37348,19569,0.5,0.5,0.01,0.03,0.04,2.64,0.01,0.02,0.03,1.48,19.2,180,79,2.0,248,84,7.0,169,59,2.9,220,85,,,,2,,Levi,Samuels Colwill,Colwill,,,161,0,0,0,4,0,0,0,1,0,0,2,13,,,,0.0,0.0,2.24,1.12,7.27,3,10,5
150,u,0.0,,4.5,521,140,0,0,0,0,0.1,490,172,0,0,0.0,478,178,0,0,0.0,478,178,0.0,0.0,0,429,24,3420,2471,0.0,0.0,0.0,0.0,0.0,0.0,0.0,0.0,0.0,0.0,0.0,460,179,0.0,462,180,0.0,405,169,0.0,470,179,,,,2,,Mamadou,Sarr,M.Sarr,Has joined Real Sociedad on loan for the rest of the season,,0,0,0,0,0,0,0,0,0,0,0,0,0,,,,0.0,0.0,0.0,0.0,0.0,0,0,0
151,a,,,4.5,524,142,0,0,0,0,0.4,277,104,4,1,2.0,154,55,0,12,2.0,148,53,0.4,0.9,0,11722,3657,7527,4393,2.0,2.0,0.0,0.01,0.01,1.47,0.0,0.01,0.01,1.18,39.4,96,44,2.3,237,77,2.0,223,84,4.3,187,70,,,,2,,Josh,Acheampong,Acheampong,,,112,0,0,0,3,0,0,0,0,0,0,1,18,,,,0.0,0.0,2.41,0.8,14.46,6,12,6
152,d,75.0,75.0,5.4,228,34,-1,1,-1,1,1.6,150,63,0,0,0.0,591,203,0,0,0.0,591,203,0.0,0.0,0,5473,513,117759,47822,0.0,0.0,0.0,0.0,0.0,0.0,0.0,0.0,0.0,0.0,0.0,580,203,0.0,584,203,0.0,560,201,0.0,587,203,,,,2,,Marco,Palestra,Palestra,Unspecified injury - 75% chance of playing,,0,0,0,0,0,0,0,0,0,0,0,0,0,,,,0.0,0.0,0.0,0.0,0.0,0,0,0
154,a,100.0,100.0,9.6,3,2,1,-1,1,-1,18.2,18,8,20,7,10.0,9,5,3,88,10.0,8,4,1.0,2.1,0,627100,250228,132264,100304,10.0,10.0,0.94,0.32,1.26,2.65,0.49,0.17,0.66,1.39,106.0,3,3,66.6,15,14,80.0,9,5,25.3,3,3,,3.0,1.0,2,,Cole,Palmer,Palmer,,,172,2,1,0,5,0,0,0,0,0,0,2,17,,,,0.0,0.0,2.62,1.05,8.9,4,2,11
155,a,,,6.9,31,20,-1,1,-1,1,3.5,94,30,1,0,1.0,339,165,0,6,0.5,357,170,0.1,0.1,0,25691,10737,182797,93632,0.5,0.5,0.0,0.02,0.02,0.28,0.0,0.07,0.07,1.01,3.4,298,135,12.0,171,101,0.0,623,275,1.5,279,125,3.0,2.0,2.0,2,,Enzo,Fernández,Enzo,,,25,0,0,0,0,0,0,0,0,0,0,0,3,,,,0.0,0.0,0.0,0.0,10.8,0,0,3
156,a,,,6.5,37,25,0,0,0,0,1.3,169,51,8,7,4.0,92,40,0,41,4.0,86,38,0.6,1.2,0,21059,15424,35394,12032,4.0,4.0,0.44,0.4,0.84,1.48,0.49,0.44,0.93,1.64,50.4,53,27,29.7,83,51,42.0,43,26,12.2,42,31,2.0,4.0,,2,,Pedro,Lomba Neto,Neto,,,81,1,0,0,2,0,0,0,0,0,0,1,8,,,,0.0,0.0,2.22,1.11,8.89,1,3,4
157,a,,,6.4,54,38,-1,1,-1,1,0.9,201,62,1,0,1.0,335,161,0,3,0.5,353,166,0.1,0.2,0,8142,2578,47607,23823,0.5,0.5,0.0,0.0,0.0,0.09,0.0,0.0,0.0,1.16,0.2,339,158,0.4,312,157,0.0,617,270,0.1,348,163,5.0,,3.0,2,,Estêvão,Almeida de Oliveira Gonçalves,Estêvão,,,7,0,0,0,0,0,0,0,0,0,0,0,1,,,,0.0,0.0,0.0,0.0,12.86,0,0,1
158,a,,,5.9,102,65,-1,1,-1,1,0.0,536,222,0,0,0.0,607,261,0,0,0.0,607,261,0.0,0.0,0,458,187,1447,674,0.0,0.0,0.0,0.0,0.0,0.0,0.0,0.0,0.0,0.0,0.0,605,261,0.0,605,261,0.0,599,256,0.0,606,261,,,,2,,Jamie,Bynoe-Gittens,Gittens,,,0,0,0,0,0,0,0,0,0,0,0,0,0,,,,0.0,0.0,0.0,0.0,0.0,0,0,0
159,d,75.0,75.0,5.4,221,136,-1,1,-1,1,2.2,121,37,1,1,1.0,300,138,0,3,0.5,328,153,0.1,0.2,0,12081,2600,159239,60916,0.4,0.4,0.0,0.0,0.0,0.07,0.0,0.0,0.0,0.48,0.0,574,243,0.1,329,167,0.0,554,227,0.0,581,245,,,,2,,Moisés,Caicedo Corozo,Caicedo,Unspecified injury - 75% chance of playing,,13,0,0,0,0,0,0,0,0,0,0,0,0,,,,0.0,0.0,0.0,0.0,0.0,0,0,0
161,a,,,5.0,344,201,0,0,0,0,0.2,372,144,8,7,4.0,86,38,0,40,4.0,83,36,0.8,1.6,0,9549,8376,2949,2030,4.0,4.0,0.75,0.03,0.78,2.31,0.52,0.02,0.54,1.59,52.6,48,24,22.7,114,70,66.0,15,9,14.2,28,22,,,,2,,Roméo,Lavia,Lavia,,,131,1,0,0,4,0,0,0,1,0,0,2,16,,,,0.0,0.0,2.75,1.37,10.99,4,5,7
164,a,100.0,100.0,5.4,226,141,-1,1,-1,1,0.0,514,213,1,0,1.0,302,140,0,2,0.5,330,155,0.1,0.2,0,445,214,1627,807,0.5,0.5,0.0,0.0,0.0,0.09,0.0,0.0,0.0,1.01,1.2,325,147,0.3,317,161,2.0,237,113,0.4,319,146,,,,2,,Geovany,Quenda,Quenda,,,8,0,0,0,0,0,0,0,0,0,0,0,1,,,,0.0,0.0,0.0,0.0,11.25,0,1,0
165,a,,,7.7,15,5,1,-1,2,-2,69.9,2,2,20,9,10.0,7,1,4,89,10.0,6,1,1.3,2.6,0,691283,286095,107744,79579,10.0,10.0,1.86,0.1,1.96,2.74,0.93,0.05,0.98,1.37,104.0,4,1,45.5,40,1,83.0,7,4,23.2,4,1,,,,2,,João Pedro,Junqueira de Jesus,João Pedro,,,180,2,2,0,5,1,0,0,0,0,0,2,6,,,,0.0,0.0,2.5,1.0,3.0,1,1,4
168,u,0.0,,5.0,335,56,0,0,0,0,0.4,272,46,0,0,0.0,560,59,0,0,0.0,560,59,0.0,0.0,0,4102,1924,12606,6460,0.0,0.0,0.0,0.0,0.0,0.0,0.0,0.0,0.0,0.0,0.0,547,52,0.0,554,57,0.0,516,54,0.0,555,57,,,,2,,Marc,Guiu Paz,Marc Guiu,Has joined RB Leipzig permanently,,0,0,0,0,0,0,0,0,0,0,0,0,0,,,,0.0,0.0,0.0,0.0,0.0,0,0,0
169,a,,,4.5,518,69,0,0,0,0,0.4,274,47,0,0,0.0,475,50,0,0,0.0,475,50,0.0,0.0,0,7902,4973,8099,3690,0.0,0.0,0.0,0.0,0.0,0.0,0.0,0.0,0.0,0.0,0.0,457,43,0.0,459,48,0.0,402,45,0.0,467,48,,,,2,,Shumaira,Mheuka,Mheuka,,,0,0,0,0,0,0,0,0,0,0,0,0,0,,,,0.0,0.0,0.0,0.0,0.0,0,0,0
170,a,100.0,100.0,5.0,339,57,0,0,0,0,0.1,377,54,0,0,0.0,561,60,0,0,0.0,561,60,0.0,0.0,0,2983,1533,4546,2212,0.0,0.0,0.0,0.0,0.0,0.0,0.0,0.0,0.0,0.0,0.0,548,53,0.0,555,58,0.0,517,55,0.0,556,58,,,,2,,Emmanuel,Emegha,Emegha,,,0,0,0,0,0,0,0,0,0,0,0,0,0,,,,0.0,0.0,0.0,0.0,0.0,0,0,0
200,a,,,6.0,72,7,0,0,0,0,8.7,46,16,7,1,3.5,101,37,0,22,3.5,96,37,0.6,1.2,0,89166,25644,135072,90265,3.5,3.5,0.02,0.2,0.22,2.74,0.01,0.1,0.11,1.37,57.2,38,13,11.3,177,56,8.0,161,55,7.6,110,38,,,,2,,Maxence,Lacroix,Lacroix,,,180,0,1,0,5,0,0,0,0,0,0,2,21,,,,0.0,0.0,2.5,1.0,10.5,6,15,3
560,a,,,4.5,510,47,0,0,0,0,0.1,476,53,0,0,0.0,469,63,0,0,0.0,469,63,0.0,0.0,0,632,237,1563,798,0.0,0.0,0.0,0.0,0.0,0.0,0.0,0.0,0.0,0.0,0.0,450,63,0.0,453,50,0.0,395,49,0.0,460,63,,,,2,,Mike,Penders,Penders,,,0,0,0,0,0,0,0,0,0,0,0,0,0,,,,0.0,0.0,0.0,0.0,0.0,0,0,0
561,a,100.0,100.0,4.5,540,147,0,0,0,0,0.0,562,193,0,0,0.0,490,181,0,0,0.0,490,181,0.0,0.0,0,271,149,618,172,0.0,0.0,0.0,0.0,0.0,0.0,0.0,0.0,0.0,0.0,0.0,473,182,0.0,474,183,0.0,419,174,0.0,482,182,,,,2,,Aaron,Anselmino,Anselmino,,,0,0,0,0,0,0,0,0,0,0,0,0,0,,,,0.0,0.0,0.0,0.0,0.0,0,0,0
568,a,,,5.5,187,118,0,0,0,0,0.1,391,153,1,1,1.0,317,148,0,1,0.5,340,158,0.1,0.2,0,1265,737,2904,1243,0.5,0.5,0.04,0.0,0.04,0.07,0.45,0.0,0.45,0.79,0.0,593,257,0.0,598,259,4.0,204,98,0.2,336,156,,,,2,,Valentín,Barco,Barco,,,8,0,0,0,1,0,0,0,0,0,0,0,1,,,,0.0,0.0,11.25,0.0,11.25,0,1,0
578,a,,,5.4,217,133,-1,1,-1,1,0.0,503,207,0,0,0.0,585,247,0,0,0.0,585,247,0.0,0.0,0,1050,816,1884,908,0.0,0.0,0.0,0.0,0.0,0.0,0.0,0.0,0.0,0.0,0.0,572,241,0.0,578,246,0.0,551,224,0.0,579,243,,,,2,,Mykhailo,Mudryk,Mudryk,,,0,0,0,0,0,0,0,0,0,0,0,0,0,,,,0.0,0.0,0.0,0.0,0.0,0,0,0
583,a,,,5.0,334,66,0,0,0,0,0.2,350,130,2,1,1.0,283,108,0,4,1.0,241,86,0.2,0.4,0,1554,473,5005,2447,1.0,1.0,0.0,0.02,0.02,0.37,0.0,0.04,0.04,0.77,8.8,239,97,0.5,307,115,2.0,232,87,1.2,287,104,,,,2,,Pep,Chavarría,Chavarria,,,43,0,0,0,1,0,0,0,0,0,0,0,4,,,,0.0,0.0,2.09,0.0,8.37,1,3,2
91,a,,,4.5,456,110,0,0,0,0,0.1,465,165,1,1,1.0,245,89,0,-1,0.5,285,100,0.1,0.2,0,931,357,1746,775,0.5,0.5,0.0,0.0,0.0,0.54,0.0,0.0,0.0,4.05,3.8,291,108,0.7,295,108,0.0,351,149,0.5,310,111,,,,2,,Ethan,Pinnock,Pinnock,,,12,0,0,0,1,0,0,0,0,0,0,0,2,,,,0.0,0.0,7.5,0.0,15.0,0,2,0
104,a,,,5.0,294,177,0,0,0,0,0.1,385,149,2,0,2.0,164,77,0,8,1.0,235,108,0.2,0.4,0,2715,259,3734,2134,1.0,1.0,0.0,0.01,0.01,1.88,0.0,0.01,0.01,1.88,3.6,296,134,1.6,264,138,0.0,486,187,0.5,311,142,,,,2,,Frank,Onyeka,Onyeka,,,90,0,0,0,3,0,0,0,0,0,0,1,9,,,,0.0,0.0,3.0,1.0,9.0,1,3,5
110,a,,,4.5,482,40,0,0,0,0,1.1,186,28,3,2,1.5,195,15,0,10,1.5,181,12,0.3,0.7,0,13567,1636,14362,9690,1.5,1.5,0.0,0.01,0.01,2.6,0.0,0.0,0.0,1.3,24.8,153,17,0.0,428,43,0.0,370,42,2.5,231,17,,,,2,,Carl,Rushworth,Rushworth,,,180,0,0,0,4,0,0,0,0,0,3,2,0,,,,1.5,0.0,2.0,1.0,0.0,0,2,20
171,a,,,4.0,599,68,0,0,0,0,1.5,154,22,0,0,0.0,389,42,0,0,0.0,389,42,0.0,0.0,0,7576,4942,12337,5926,0.0,0.0,0.0,0.0,0.0,0.0,0.0,0.0,0.0,0.0,0.0,371,42,0.0,363,21,0.0,288,20,0.0,381,42,,,,2,,Oliver,Dovin,Dovin,,,0,0,0,0,0,0,0,0,0,0,0,0,0,,,,0.0,0.0,0.0,0.0,0.0,0,0,0
172,a,,,4.5,422,28,0,0,0,0,0.4,270,36,0,0,0.0,423,50,0,0,0.0,423,50,0.0,0.0,0,363,136,6024,2584,0.0,0.0,0.0,0.0,0.0,0.0,0.0,0.0,0.0,0.0,0.0,404,50,0.0,398,31,0.0,332,30,0.0,414,50,,,,2,,Ben,Wilson,Wilson,,,0,0,0,0,0,0,0,0,0,0,0,0,0,,,,0.0,0.0,0.0,0.0,0.0,0,0,0
173,a,,,4.0,595,178,0,0,0,0,8.3,50,19,11,8,5.5,49,19,2,39,5.5,46,18,1.4,2.8,0,106624,68513,60646,36756,5.5,5.5,0.02,0.02,0.04,2.06,0.01,0.01,0.02,1.11,40.2,89,40,11.9,172,53,1.0,248,91,5.3,159,59,,,,2,,Bobby,Thomas,Thomas,,,167,0,0,1,3,0,0,0,0,0,0,2,19,,,,0.0,0.54,1.62,1.08,10.24,1,18,8
174,a,,,4.0,588,173,0,0,0,0,0.6,245,90,0,0,0.0,382,131,0,0,0.0,382,131,0.0,0.0,0,924,404,8466,3680,0.0,0.0,0.0,0.0,0.0,0.0,0.0,0.0,0.0,0.0,0.0,364,133,0.0,356,131,0.0,280,104,0.0,374,133,,,,2,,Liam,Kitching,Kitching,,,0,0,0,0,0,0,0,0,0,0,0,0,0,,,,0.0,0.0,0.0,0.0,0.0,0,0,0
175,a,,,4.0,593,176,0,0,0,0,12.2,34,12,3,2,1.5,192,61,0,7,1.5,177,59,0.4,0.8,0,60801,26350,123169,73311,1.5,1.5,0.0,0.2,0.2,2.6,0.0,0.1,0.1,1.3,26.0,148,66,35.9,58,13,8.0,157,52,7.0,123,44,,,,2,,Milan,van Ewijk,van Ewijk,,,180,0,0,0,4,0,0,0,0,0,0,2,9,,,,0.0,0.0,2.0,1.0,4.5,2,7,6
176,a,,,4.0,573,161,0,0,0,0,0.8,218,80,3,2,1.5,191,60,0,11,1.5,176,58,0.4,0.8,0,4713,1489,7673,3619,1.5,1.5,0.18,0.07,0.25,2.6,0.09,0.04,0.13,1.3,29.0,136,61,11.1,178,57,17.0,98,27,5.8,148,56,,,,2,,Jay,Dasilva,Dasilva,,,180,0,0,0,4,0,0,0,0,0,0,2,9,,,,0.0,0.0,2.0,1.0,4.5,2,7,4
177,i,0.0,0.0,4.0,597,179,0,0,0,0,0.0,493,173,0,0,0.0,387,133,0,0,0.0,387,133,0.0,0.0,0,235,67,1575,825,0.0,0.0,0.0,0.0,0.0,0.0,0.0,0.0,0.0,0.0,0.0,369,135,0.0,361,133,0.0,286,107,0.0,379,135,,,,2,,Kaine,Kesler-Hayden,Kesler-Hayden,Hamstring injury - Unknown return date,,0,0,0,0,0,0,0,0,0,0,0,0,0,,,,0.0,0.0,0.0,0.0,0.0,0,0,0
178,a,,,4.0,559,154,0,0,0,0,0.1,448,157,0,0,0.0,364,123,0,0,0.0,364,123,0.0,0.0,0,816,310,1376,632,0.0,0.0,0.0,0.0,0.0,0.0,0.0,0.0,0.0,0.0,0.0,346,125,0.0,336,121,0.0,258,92,0.0,355,124,,,,2,,Jake,Bidwell,Bidwell,,,0,0,0,0,0,0,0,0,0,0,0,0,0,,,,0.0,0.0,0.0,0.0,0.0,0,0,0
179,a,,,4.0,577,165,0,0,0,0,0.0,512,177,0,0,0.0,375,127,0,0,0.0,375,127,0.0,0.0,0,322,162,691,271,0.0,0.0,0.0,0.0,0.0,0.0,0.0,0.0,0.0,0.0,0.0,357,129,0.0,349,127,0.0,273,100,0.0,367,129,,,,2,,Joel,Latibeaudiere,Latibeaudiere,,,0,0,0,0,0,0,0,0,0,0,0,0,0,,,,0.0,0.0,0.0,0.0,0.0,0,0,0
180,i,0.0,0.0,4.0,582,169,0,0,0,0,0.2,373,137,0,0,0.0,378,129,0,0,0.0,378,129,0.0,0.0,0,1351,405,4463,2235,0.0,0.0,0.0,0.0,0.0,0.0,0.0,0.0,0.0,0.0,0.0,360,131,0.0,352,129,0.0,276,102,0.0,370,131,,,,2,,Luke,Woolfenden,Woolfenden,Knee injury - Unknown return date,,0,0,0,0,0,0,0,0,0,0,0,0,0,,,,0.0,0.0,0.0,0.0,0.0,0,0,0
181,u,0.0,,4.0,618,197,0,0,0,0,0.0,529,184,0,0,0.0,405,148,0,0,0.0,405,148,0.0,0.0,0,275,19,1015,677,0.0,0.0,0.0,0.0,0.0,0.0,0.0,0.0,0.0,0.0,0.0,387,150,0.0,379,148,0.0,306,124,0.0,397,150,,,,2,,Miguel,Brau,Brau,Has joined Academico de Viseu on loan for the rest of the season,,0,0,0,0,0,0,0,0,0,0,0,0,0,,,,0.0,0.0,0.0,0.0,0.0,0,0,0
182,a,,,4.0,608,187,0,0,0,0,0.8,215,79,2,1,1.0,228,73,0,5,1.0,211,69,0.2,0.5,0,4899,1571,9077,4566,1.0,1.0,0.02,0.05,0.07,2.6,0.01,0.02,0.03,1.3,40.2,90,41,2.9,229,72,5.0,192,66,4.9,173,64,,,,2,,Aurèle,Amenda,Amenda,,,180,0,0,0,4,0,0,0,1,0,0,2,13,,,,0.0,0.0,2.0,1.0,6.5,0,13,5
183,a,100.0,100.0,5.0,317,186,0,0,0,0,0.1,396,156,4,3,2.0,166,78,0,15,2.0,154,75,0.4,0.8,0,1738,488,2655,1356,2.0,2.0,0.21,0.09,0.3,0.31,0.21,0.09,0.3,0.31,12.4,223,92,31.5,76,49,21.0,83,46,6.5,133,68,4.0,1.0,,2,,Jack,Rudoni,Rudoni,,,90,0,0,1,0,0,0,0,0,0,0,1,11,,,,0.0,1.0,0.0,1.0,11.0,2,1,8
184,a,,,5.0,248,152,0,0,0,0,0.2,353,133,4,2,2.0,159,73,0,28,2.0,151,72,0.4,0.8,0,2619,329,3583,1967,2.0,2.0,0.01,0.05,0.06,2.6,0.0,0.02,0.02,1.3,27.6,144,52,24.6,107,64,2.0,225,107,5.4,157,74,1.0,,3.0,2,,Matt,Grimes,Grimes,,,180,0,0,0,4,0,0,0,0,0,0,2,17,,,,0.0,0.0,2.0,1.0,8.5,0,5,12
185,a,,,4.9,399,241,-1,1,-1,1,0.1,441,177,1,1,1.0,260,110,0,8,0.5,295,131,0.1,0.2,0,257,120,2450,995,0.5,0.5,0.02,0.02,0.04,0.69,0.06,0.06,0.12,2.0,6.2,259,116,5.9,202,111,7.0,166,80,1.9,261,117,,,,2,,Tatsuhiro,Sakamoto,Sakamoto,,,31,0,0,0,1,0,0,0,0,0,0,0,4,,,,0.0,0.0,2.9,0.0,11.61,2,0,2
186,a,100.0,100.0,5.5,151,93,0,0,0,0,0.1,417,166,1,1,1.0,311,146,0,4,0.5,335,157,0.1,0.2,0,622,133,2754,1176,0.5,0.5,0.0,0.06,0.06,0.02,0.0,0.09,0.09,0.03,4.2,284,131,16.0,143,85,0.0,577,243,2.0,259,116,,,,2,,Ephron,Mason-Clark,Mason-Clark,,,57,0,0,0,0,0,0,0,0,0,0,1,4,,,,0.0,0.0,0.0,1.58,6.32,0,2,2
187,a,,,4.9,394,238,-1,1,-1,1,0.0,572,239,0,0,0.0,505,203,0,0,0.0,505,203,0.0,0.0,0,424,355,576,277,0.0,0.0,0.0,0.0,0.0,0.0,0.0,0.0,0.0,0.0,0.0,488,192,0.0,490,200,0.0,436,159,0.0,497,196,,,,2,,Josh,Eccles,Eccles,,,0,0,0,0,0,0,0,0,0,0,0,0,0,,,,0.0,0.0,0.0,0.0,0.0,0,0,0
188,a,,,5.5,149,92,0,0,0,0,0.1,380,147,2,1,1.0,310,145,0,10,1.0,253,119,0.2,0.4,0,590,41,3496,1672,1.0,1.0,0.0,0.12,0.12,1.01,0.0,0.23,0.23,1.93,6.8,255,113,20.0,128,77,0.0,576,242,2.6,230,102,2.0,2.0,2.0,2,,Victor,Torp,Torp,,,47,0,0,0,1,0,0,0,0,0,0,0,3,,,,0.0,0.0,1.91,0.0,5.74,0,1,2
189,a,,,4.5,546,277,0,0,0,0,0.3,306,105,0,0,0.0,496,196,0,0,0.0,496,196,0.0,0.0,0,2059,1046,5472,2301,0.0,0.0,0.0,0.0,0.0,0.0,0.0,0.0,0.0,0.0,0.0,479,185,0.0,480,193,0.0,425,151,0.0,488,189,,,,2,,George,Shepherd,Shepherd,,,0,0,0,0,0,0,0,0,0,0,0,0,0,,,,0.0,0.0,0.0,0.0,0.0,0,0,0
190,a,,,5.5,173,107,0,0,0,0,0.1,384,148,3,1,1.5,213,100,0,18,1.5,199,95,0.3,0.5,0,2846,84,3160,1709,1.5,1.5,0.09,0.15,0.24,1.78,0.06,0.1,0.16,1.15,8.8,240,100,24.5,108,65,8.0,159,78,4.2,190,85,,,,2,,Loum,Tchaouna,Tchaouna,,,139,0,0,0,3,0,0,0,0,0,0,2,14,,,,0.0,0.0,1.94,1.29,9.06,1,5,8
191,a,,,4.5,493,258,0,0,0,0,0.2,362,137,0,0,0.0,452,180,0,0,0.0,452,180,0.0,0.0,0,1825,1145,3448,1575,0.0,0.0,0.0,0.0,0.0,0.0,0.0,0.0,0.0,0.0,0.0,433,168,0.0,436,177,0.0,378,135,0.0,443,173,,,,2,,Raphael,Borges Rodrigues,Borges Rodrigues,,,0,0,0,0,0,0,0,0,0,0,0,0,0,,,,0.0,0.0,0.0,0.0,0.0,0,0,0
192,u,0.0,,4.5,541,274,0,0,0,0,0.5,261,87,0,0,0.0,491,193,0,0,0.0,491,193,0.0,0.0,0,2718,142,19281,12087,0.0,0.0,0.0,0.0,0.0,0.0,0.0,0.0,0.0,0.0,0.0,474,182,0.0,475,190,0.0,420,148,0.0,483,186,,,,2,,Kai,Andrews,Andrews,Has joined Oxford United on loan for the rest of the season,,0,0,0,0,0,0,0,0,0,0,0,0,0,,,,0.0,0.0,0.0,0.0,0.0,0,0,0
193,i,0.0,0.0,5.4,206,46,-1,1,-1,1,0.1,414,59,0,0,0.0,577,64,0,0,0.0,577,64,0.0,0.0,0,219,112,7797,2372,0.0,0.0,0.0,0.0,0.0,0.0,0.0,0.0,0.0,0.0,0.0,565,57,0.0,572,62,0.0,543,59,0.0,573,62,,,1.0,2,,Haji,Wright,Wright,Thigh injury - Unknown return date,,0,0,0,0,0,0,0,0,0,0,0,0,0,,,,0.0,0.0,0.0,0.0,0.0,0,0,0
194,a,,,5.0,284,52,0,0,0,0,0.8,212,34,3,1,1.5,200,25,0,14,1.5,186,20,0.3,0.6,0,25861,11267,18408,10520,1.5,1.5,0.0,0.02,0.02,2.29,0.0,0.02,0.02,2.04,5.8,263,24,3.1,228,32,2.0,230,36,1.1,293,35,,,4.0,2,,Brandon,Thomas-Asante,Thomas-Asante,,,101,0,0,0,4,0,0,0,0,0,0,1,8,,,,0.0,0.0,3.56,0.89,7.13,0,5,3
195,a,,,5.0,274,50,0,0,0,0,0.9,200,31,2,0,2.0,162,19,0,7,1.0,234,25,0.2,0.4,0,27002,7066,22545,12942,1.0,1.0,0.0,0.01,0.01,1.6,0.0,0.01,0.01,2.09,2.6,305,32,12.3,166,16,2.0,228,35,1.7,270,32,,,,2,,Ellis,Simms,Simms,,,69,0,0,0,3,0,0,0,0,0,0,1,3,,,,0.0,0.0,3.91,1.3,3.91,0,1,2
196,u,0.0,0.0,5.0,360,59,0,0,0,0,0.0,594,71,0,0,0.0,570,61,0,0,0.0,570,61,0.0,0.0,0,0,0,811,221,0.0,0.0,0.0,0.0,0.0,0.0,0.0,0.0,0.0,0.0,0.0,557,54,0.0,564,59,0.0,528,56,0.0,565,59,,,,2,,Jahnoah,Markelo,Markelo,Has joined Shabab Al-Ahli Dubai permanently,,0,0,0,0,0,0,0,0,0,0,0,0,0,,,,0.0,0.0,0.0,0.0,0.0,0,0,0
197,u,0.0,0.0,4.5,509,66,0,0,0,0,0.0,531,68,0,0,0.0,468,48,0,0,0.0,468,48,0.0,0.0,0,0,0,1202,414,0.0,0.0,0.0,0.0,0.0,0.0,0.0,0.0,0.0,0.0,0.0,449,40,0.0,452,46,0.0,394,42,0.0,459,45,,,,2,,Norman,Bassette,Bassette,Has joined KVC Westerlo on loan for the rest of the season,,0,0,0,0,0,0,0,0,0,0,0,0,0,,,,0.0,0.0,0.0,0.0,0.0,0,0,0
492,a,,,5.5,144,35,0,0,0,0,0.7,222,37,3,2,1.5,210,27,0,10,1.5,196,22,0.3,0.5,0,11812,3158,18982,9689,1.5,1.5,0.93,0.03,0.96,1.01,0.76,0.02,0.78,0.83,10.0,233,20,25.0,104,9,65.0,16,7,10.0,69,11,,,5.0,2,,Taiwo,Awoniyi,Awoniyi,,,110,0,0,0,1,0,0,0,0,0,0,1,4,,,,0.0,0.0,0.82,0.82,3.27,0,1,3
575,a,,,5.0,382,229,0,0,0,0,0.2,328,116,4,3,2.0,169,80,0,19,2.0,157,77,0.4,0.8,0,1538,541,4990,2415,2.0,2.0,0.03,0.13,0.16,1.58,0.02,0.09,0.11,1.09,9.4,235,98,19.1,131,80,7.0,174,85,3.2,214,95,,,,2,,Caleb,Yirenkyi,Yirenkyi,,,131,0,0,1,3,0,0,0,1,0,0,2,10,,,,0.0,0.69,2.06,1.37,6.87,0,3,7
584,a,,,5.5,133,83,0,0,0,0,0.1,400,158,2,1,1.0,308,143,0,5,1.0,252,118,0.2,0.4,0,505,119,2753,1325,1.0,1.0,0.0,0.02,0.02,0.82,0.0,0.07,0.07,2.73,0.6,330,151,1.8,257,134,0.0,569,236,0.3,330,153,3.0,,,2,,Gustavo,Hamer,Hamer,,,27,0,0,0,1,0,0,0,0,0,0,0,1,,,,0.0,0.0,3.33,0.0,3.33,0,0,1
599,a,,,5.0,376,60,0,0,0,0,0.1,425,60,0,0,0.0,574,62,0,0,0.0,574,62,0.0,0.0,0,3267,1543,2848,1454,0.0,0.0,0.0,0.0,0.0,0.0,0.0,0.0,0.0,0.0,0.0,562,55,0.0,568,60,0.0,537,57,0.0,570,60,,,,2,,Sidiki,Cherif,Cherif,,,0,0,0,0,0,0,0,0,0,0,0,0,0,,,,0.0,0.0,0.0,0.0,0.0,0,0,0
623,a,,,4.0,558,54,0,0,0,0,0.1,395,45,0,0,0.0,363,28,0,0,0.0,363,28,0.0,0.0,0,7488,7488,1057,1057,1.0,1.0,0.0,0.0,0.0,0.0,0.0,0.0,0.0,0.0,0.0,345,28,0.0,335,7,0.0,257,6,0.0,354,28,,,,2,,Dan,Bentley,Bentley,,,0,0,0,0,0,0,0,0,0,0,0,0,0,,,,0.0,0.0,0.0,0.0,0.0,0,0,0
42,a,,,5.5,178,111,0,0,0,0,0.0,509,211,2,1,1.0,316,147,0,6,1.0,255,121,0.2,0.4,0,809,326,1273,650,1.0,1.0,0.03,0.03,0.06,0.34,0.05,0.05,0.1,0.57,5.4,266,119,2.1,247,129,7.0,180,89,1.5,277,124,,,,2,,Evann,Guessand,Guessand,,,54,0,0,0,1,0,0,0,0,0,0,0,2,,,,0.0,0.0,1.67,0.0,3.33,1,1,0
153,a,,,4.5,447,103,0,0,0,0,0.1,475,168,1,1,1.0,242,86,0,-2,0.5,284,99,0.1,0.2,0,1392,867,1477,629,0.5,0.5,0.0,0.0,0.0,0.2,0.0,0.0,0.0,1.12,1.2,321,119,0.0,411,163,0.0,347,147,0.1,341,122,,,,2,,Axel,Disasi,Disasi,,,16,0,0,0,1,0,0,0,0,0,0,0,1,,,,0.0,0.0,5.62,0.0,5.62,1,0,1
198,a,100.0,100.0,5.0,251,10,0,0,0,0,1.8,136,20,3,1,1.5,198,18,0,18,1.5,184,15,0.3,0.6,0,14121,8217,25710,11936,1.5,1.5,0.0,0.0,0.0,3.33,0.0,0.0,0.0,1.66,58.4,34,6,0.0,513,57,0.0,464,57,5.8,149,6,,,,2,,Dean,Henderson,Henderson,,,180,0,0,0,6,0,0,0,0,0,7,2,0,,,,3.5,0.0,3.0,1.0,0.0,0,5,24
199,a,,,4.5,423,29,0,0,0,0,0.1,416,46,0,0,0.0,424,51,0,0,0.0,424,51,0.0,0.0,0,861,393,2204,828,0.0,0.0,0.0,0.0,0.0,0.0,0.0,0.0,0.0,0.0,0.0,405,51,0.0,399,32,0.0,333,31,0.0,415,51,,,,2,,Walter,Benítez,Benitez,,,0,0,0,0,0,0,0,0,0,0,0,0,0,,,,0.0,0.0,0.0,0.0,0.0,0,0,0
202,a,,,5.0,293,52,0,0,0,0,0.7,231,84,3,0,1.5,201,65,0,9,1.5,187,64,0.3,0.6,0,7002,2794,13665,7211,1.5,1.5,0.04,0.0,0.04,3.33,0.02,0.0,0.02,1.66,57.6,36,12,0.8,290,107,17.0,101,29,7.5,111,39,,,,2,,Chris,Richards,Richards,,,180,0,0,0,6,0,0,0,0,0,0,2,22,,,,0.0,0.0,3.0,1.0,11.0,4,18,3
203,a,,,5.0,379,72,0,0,0,0,0.3,308,114,1,0,0.5,350,118,0,8,0.5,323,115,0.1,0.2,0,1619,798,7538,3517,0.5,0.5,0.05,0.01,0.06,3.33,0.02,0.0,0.02,1.66,50.2,54,17,6.2,201,65,5.0,194,68,6.1,143,54,,,,2,,Jaydee,Canvot,Canvot,,,180,0,0,0,6,0,0,0,0,0,0,2,15,,,,0.0,0.0,3.0,1.0,7.5,5,10,4
204,a,,,4.5,465,116,0,0,0,0,4.9,74,31,1,0,0.5,344,114,0,1,0.5,286,101,0.1,0.2,0,11290,5325,97215,46876,0.5,0.5,0.11,0.17,0.28,3.33,0.06,0.08,0.14,1.66,23.2,163,75,35.4,61,15,9.0,152,50,6.7,127,46,,,,2,,Tyrick,Mitchell,Mitchell,,,180,0,0,0,6,0,0,0,0,0,0,2,10,,,,0.0,0.0,3.0,1.0,5.0,4,6,5
205,a,,,4.5,446,102,0,0,0,0,0.0,539,187,0,0,0.0,434,162,0,0,0.0,434,162,0.0,0.0,0,218,92,633,281,0.0,0.0,0.0,0.0,0.0,0.0,0.0,0.0,0.0,0.0,0.0,415,163,0.0,410,162,0.0,346,146,0.0,425,163,,,,2,,Borna,Sosa,Sosa,,,0,0,0,0,0,0,0,0,0,0,0,0,0,,,,0.0,0.0,0.0,0.0,0.0,0,0,0
206,i,0.0,0.0,4.4,551,152,-1,1,-1,1,0.0,525,181,1,0,1.0,234,79,0,7,0.5,278,94,0.1,0.2,0,436,116,3977,1134,0.0,0.0,0.0,0.01,0.01,0.98,0.0,0.01,0.01,1.22,12.6,220,90,1.3,269,95,0.0,319,136,1.4,280,101,,,,2,,Chadi,Riad Dnanou,Chadi Riad,Knee injury - Unknown return date,,72,0,0,0,2,0,0,0,0,0,0,1,7,,,,0.0,0.0,2.5,1.25,8.75,1,6,3
207,a,,,4.4,550,151,-1,1,-1,1,0.1,474,167,1,1,1.0,233,78,0,1,0.5,277,93,0.1,0.2,0,412,213,1995,715,0.5,0.5,0.0,0.0,0.0,0.2,0.0,0.0,0.0,1.2,2.2,306,115,0.1,325,120,0.0,318,135,0.2,331,118,,,,2,,Oscar,Mingueza,Mingueza,,,15,0,0,0,1,0,0,0,0,0,0,0,1,,,,0.0,0.0,6.0,0.0,6.0,1,0,0
208,i,0.0,0.0,6.3,55,39,-1,1,-2,2,1.5,153,45,0,0,0.0,617,270,0,0,0.0,617,270,0.0,0.0,0,2306,204,281711,75133,0.0,0.0,0.0,0.0,0.0,0.0,0.0,0.0,0.0,0.0,0.0,618,271,0.0,618,271,0.0,614,267,0.0,618,271,,,2.0,2,,Ismaïla,Sarr,Sarr,Groin injury - Unknown return date,,0,0,0,0,0,0,0,0,0,0,0,0,0,,,,0.0,0.0,0.0,0.0,0.0,0,0,0
210,a,100.0,100.0,5.5,181,113,0,0,0,0,0.9,204,65,6,2,3.0,115,49,0,41,3.0,110,49,0.5,1.1,0,12926,6216,16418,8618,3.0,3.0,0.0,0.31,0.31,3.33,0.0,0.16,0.16,1.66,33.0,126,47,55.6,24,21,0.0,585,250,8.9,81,46,2.0,,,2,,Adam,Wharton,Wharton,,,180,0,0,0,6,0,0,0,0,0,0,2,21,,,,0.0,0.0,3.0,1.0,10.5,6,4,11
211,a,,,5.5,179,112,0,0,0,0,0.2,335,122,6,5,3.0,114,48,0,31,3.0,109,48,0.5,1.1,0,3202,2888,3901,1443,3.0,3.0,0.11,0.09,0.2,2.28,0.1,0.08,0.18,2.01,12.8,219,89,40.5,49,39,15.0,117,60,6.8,125,63,1.0,1.0,,2,,Yéremy,Pino Santos,Yeremy,,,102,0,1,0,3,0,0,0,0,0,0,1,15,,,,0.0,0.0,2.65,0.88,13.24,4,2,9
212,a,,,4.5,419,247,0,0,0,0,9.9,42,16,0,0,0.0,420,171,0,0,0.0,420,171,0.0,0.0,0,44513,24331,171834,81654,0.0,0.0,0.0,0.0,0.0,0.0,0.0,0.0,0.0,0.0,0.0,401,159,0.0,395,168,0.0,329,125,0.0,411,164,4.0,,,2,,Will,Hughes,Hughes,,,0,0,0,0,0,0,0,0,0,0,0,0,0,,,,0.0,0.0,0.0,0.0,0.0,0,0,0
213,a,,,4.9,388,233,-1,1,-1,1,0.1,435,174,0,0,0.0,501,199,0,0,0.0,501,199,0.0,0.0,0,351,147,2538,1088,0.0,0.0,0.0,0.0,0.0,0.0,0.0,0.0,0.0,0.0,0.0,484,188,0.0,485,196,0.0,430,154,0.0,493,192,,,,2,,Jefferson,Lerma Solís,Lerma,,,0,0,0,0,0,0,0,0,0,0,0,0,0,,,,0.0,0.0,0.0,0.0,0.0,0,0,0
214,a,,,5.0,265,163,0,0,0,0,0.3,304,104,5,2,2.5,135,59,0,46,2.5,129,59,0.5,1.0,0,4590,2646,5871,2777,2.5,2.5,0.05,0.29,0.34,3.33,0.02,0.14,0.16,1.66,38.0,104,38,32.1,74,48,7.0,167,81,7.7,106,54,3.0,,,2,,Daichi,Kamada,Kamada,,,180,0,0,0,6,0,0,0,1,0,0,2,23,,,,0.0,0.0,3.0,1.0,11.5,9,4,10
215,a,,,5.0,323,188,0,0,0,0,0.0,590,252,0,0,0.0,553,229,0,0,0.0,553,229,0.0,0.0,0,125,56,332,156,0.0,0.0,0.0,0.0,0.0,0.0,0.0,0.0,0.0,0.0,0.0,540,221,0.0,546,227,0.0,506,195,0.0,548,224,,2.0,3.0,2,,Justin,Devenny,Devenny,,,0,0,0,0,0,0,0,0,0,0,0,0,0,,,,0.0,0.0,0.0,0.0,0.0,0,0,0
216,a,,,5.0,369,221,0,0,0,0,0.0,516,215,0,0,0.0,572,241,0,0,0.0,572,241,0.0,0.0,0,378,167,1101,511,0.0,0.0,0.0,0.0,0.0,0.0,0.0,0.0,0.0,0.0,0.0,560,235,0.0,566,240,0.0,534,215,0.0,568,238,,,,2,,Romain,Esse,Esse,,,0,0,0,0,0,0,0,0,0,0,0,0,0,,,,0.0,0.0,0.0,0.0,0.0,0,0,0
217,a,,,4.9,402,243,-1,1,-1,1,0.0,538,223,0,0,0.0,512,207,0,0,0.0,512,207,0.0,0.0,0,888,871,1465,751,0.0,0.0,0.0,0.0,0.0,0.0,0.0,0.0,0.0,0.0,0.0,495,196,0.0,497,204,0.0,443,163,0.0,504,200,,,,2,,Matheus,França de Oliveira,M.França,,,0,0,0,0,0,0,0,0,0,0,0,0,0,,,,0.0,0.0,0.0,0.0,0.0,0,0,0
218,a,,,4.9,393,237,-1,1,-1,1,0.1,482,196,0,0,0.0,504,202,0,0,0.0,504,202,0.0,0.0,0,769,521,1923,864,0.0,0.0,0.0,0.0,0.0,0.0,0.0,0.0,0.0,0.0,0.0,487,191,0.0,489,199,0.0,435,158,0.0,496,195,,,,2,,Cheick,Doucouré,Doucouré,,,0,0,0,0,0,0,0,0,0,0,0,0,0,,,,0.0,0.0,0.0,0.0,0.0,0,0,0
219,a,,,5.0,303,180,0,0,0,0,0.0,608,262,0,0,0.0,545,225,0,0,0.0,545,225,0.0,0.0,0,69,30,156,66,0.0,0.0,0.0,0.0,0.0,0.0,0.0,0.0,0.0,0.0,0.0,532,217,0.0,536,223,0.0,494,190,0.0,540,220,,,,2,,Jesurun,Rak-Sakyi,J.Rak-Sakyi,,,0,0,0,0,0,0,0,0,0,0,0,0,0,,,,0.0,0.0,0.0,0.0,0.0,0,0,0
220,u,0.0,0.0,4.5,526,143,0,0,0,0,0.0,622,207,0,0,0.0,480,179,0,0,0.0,480,179,0.0,0.0,0,0,0,92,27,0.0,0.0,0.0,0.0,0.0,0.0,0.0,0.0,0.0,0.0,0.0,462,180,0.0,464,181,0.0,408,171,0.0,472,180,,,,2,,Rio,Cardines,Cardines,Has joined Bristol City on loan for the rest of the season,,0,0,0,0,0,0,0,0,0,0,0,0,0,,,,0.0,0.0,0.0,0.0,0.0,0,0,0
221,a,,,4.5,545,276,0,0,0,0,0.1,449,180,0,0,0.0,495,195,0,0,0.0,495,195,0.0,0.0,0,941,542,1734,746,0.0,0.0,0.0,0.0,0.0,0.0,0.0,0.0,0.0,0.0,0.0,478,184,0.0,479,192,0.0,424,150,0.0,487,188,,,,2,,Joél,Drakes-Thomas,Drakes-Thomas,,,0,0,0,0,0,0,0,0,0,0,0,0,0,,,,0.0,0.0,0.0,0.0,0.0,0,0,0
222,a,,,6.0,70,15,0,0,0,0,0.5,260,44,3,2,1.5,219,29,0,16,1.5,206,24,0.2,0.5,0,5600,4090,12889,5118,1.5,1.5,0.3,0.01,0.31,2.15,0.3,0.01,0.31,2.17,6.2,260,22,3.8,219,30,21.0,88,19,3.2,215,24,,,,2,,Jørgen,Strand Larsen,Strand Larsen,,,89,0,0,0,3,0,0,0,0,0,0,1,4,,,,0.0,0.0,3.03,1.01,4.04,1,2,1
223,i,0.0,,6.4,51,12,-1,1,-1,1,3.2,103,16,2,0,2.0,185,22,0,-3,1.0,265,30,0.2,0.3,0,24956,1005,256512,184079,0.0,1.0,0.7,0.02,0.72,0.98,1.02,0.03,1.05,1.42,1.4,319,35,12.3,167,17,11.0,144,27,2.5,237,27,,,1.0,2,,Jean-Philippe,Mateta,Mateta,Hamstring injury - Expected back 11 Oct,,62,0,0,0,2,0,0,0,0,0,0,1,5,,,,0.0,0.0,2.9,1.45,7.26,2,1,2
224,a,,,5.5,140,34,0,0,0,0,0.5,253,41,3,2,1.5,209,26,0,20,1.5,195,21,0.3,0.5,0,10036,6773,10954,5174,1.5,1.5,0.96,0.58,1.54,2.85,0.71,0.43,1.14,2.1,13.0,216,19,35.1,62,3,31.0,63,14,7.9,103,14,,,,2,,Eddie,Nketiah,Nketiah,,,122,0,0,0,5,0,0,0,0,0,0,2,9,,,,0.0,0.0,3.69,1.48,6.64,3,2,4
225,u,0.0,0.0,5.0,381,61,0,0,0,0,0.0,629,73,0,0,0.0,575,63,0,0,0.0,575,63,0.0,0.0,0,0,0,0,0,0.0,0.0,0.0,0.0,0.0,0.0,0.0,0.0,0.0,0.0,0.0,563,56,0.0,570,61,0.0,540,58,0.0,571,61,,,,2,,Christantus,Uche,Uche,has returned to Getafe CF,,0,0,0,0,0,0,0,0,0,0,0,0,0,,,,0.0,0.0,0.0,0.0,0.0,0,0,0
241,a,,,5.5,159,99,0,0,0,0,0.2,370,142,3,1,1.5,212,99,0,13,1.5,198,94,0.3,0.5,0,734,262,3279,1451,1.5,1.5,0.05,0.02,0.07,1.18,0.05,0.02,0.07,1.26,10.0,234,97,5.0,209,115,2.0,240,115,1.7,273,121,,,,2,,Dwight,McNeil,McNeil,,,84,0,0,0,3,0,0,0,0,0,0,1,7,,,,0.0,0.0,3.21,1.07,7.5,0,4,3
555,a,,,4.0,572,61,0,0,0,0,1.8,134,19,0,0,0.0,373,35,0,0,0.0,373,35,0.0,0.0,0,10913,4968,11909,5674,0.0,0.0,0.0,0.0,0.0,0.0,0.0,0.0,0.0,0.0,0.0,355,35,0.0,347,14,0.0,269,13,0.0,365,35,,,,2,,Remi,Matthews,Matthews,,,0,0,0,0,0,0,0,0,0,0,0,0,0,,,,0.0,0.0,0.0,0.0,0.0,0,0,0
577,a,,,4.5,451,106,0,0,0,0,0.3,293,109,2,1,1.0,243,87,0,0,1.0,219,76,0.2,0.4,0,1638,809,4701,2034,1.0,1.0,0.0,0.01,0.01,2.15,0.0,0.01,0.01,2.13,15.0,206,87,3.7,221,70,2.0,218,80,2.1,251,93,,,,2,,Takehiro,Tomiyasu,Tomiyasu,,,91,0,0,0,3,0,0,0,0,0,0,1,9,,,,0.0,0.0,2.97,0.99,8.9,1,8,4
588,a,,,5.0,364,68,0,0,0,0,0.1,413,146,3,2,1.5,205,66,0,21,1.5,191,65,0.3,0.6,0,1945,1483,1553,726,1.5,1.5,0.02,0.16,0.18,2.28,0.02,0.13,0.15,1.88,50.4,52,16,28.0,89,27,7.0,172,60,8.6,85,26,,,,2,,Anan,Khalaili,Khalaili,,,109,0,0,0,3,0,0,0,1,0,0,1,23,,,,0.0,0.0,2.48,0.83,18.99,14,9,8
595,a,,,5.0,363,217,0,0,0,0,0.0,579,243,1,1,1.0,289,129,0,3,0.5,318,146,0.1,0.2,0,200,99,302,129,0.5,0.5,0.0,0.0,0.0,0.2,0.0,0.0,0.0,0.82,1.4,318,144,1.3,274,140,0.0,531,212,0.3,328,151,,,,2,,Zavier,Gozo,Gozo,,,22,0,0,0,1,0,0,0,0,0,0,0,1,,,,0.0,0.0,4.09,0.0,4.09,1,0,0
21,i,0.0,0.0,4.9,387,232,-1,1,-1,1,0.1,471,190,0,0,0.0,500,198,0,0,0.0,500,198,0.0,0.0,0,196,94,4290,1424,0.0,0.0,0.0,0.0,0.0,0.0,0.0,0.0,0.0,0.0,0.0,483,187,0.0,484,195,0.0,429,153,0.0,492,191,,,,2,,Christian,Nørgaard,Nørgaard,Groin injury - Unknown return date,,0,0,0,0,0,0,0,0,0,0,0,0,0,,,,0.0,0.0,0.0,0.0,0.0,0,0,0
209,a,,,5.9,99,63,-1,1,-1,1,0.1,387,150,2,1,1.0,325,154,0,4,1.0,262,126,0.2,0.3,0,1203,471,4664,2084,1.0,1.0,0.0,0.0,0.0,1.87,0.0,0.0,0.0,4.95,5.2,273,125,0.3,321,163,0.0,598,255,0.5,313,144,,,,2,,Brennan,Johnson,Johnson,,,34,0,0,0,0,0,0,0,0,0,0,0,4,,,,0.0,0.0,0.0,0.0,10.59,1,2,1
226,a,,,5.5,122,2,0,0,0,0,8.8,45,6,10,3,5.0,59,4,0,56,5.0,56,4,0.9,1.8,0,102987,39448,75592,47402,5.0,5.0,0.0,0.02,0.02,4.12,0.0,0.01,0.01,2.06,63.4,24,3,0.0,585,68,0.0,563,68,6.4,139,3,,,,2,,Jordan,Pickford,Pickford,,,180,0,0,1,1,0,0,0,0,0,8,2,0,,,,4.0,0.5,0.5,1.0,0.0,0,4,23
227,a,,,5.0,283,12,0,0,0,0,0.0,522,58,0,0,0.0,535,68,0,0,0.0,535,68,0.0,0.0,0,477,187,759,356,0.0,0.0,0.0,0.0,0.0,0.0,0.0,0.0,0.0,0.0,0.0,523,68,0.0,524,59,0.0,479,59,0.0,530,68,,,,2,,Mark,Travers,Travers,,,0,0,0,0,0,0,0,0,0,0,0,0,0,,,,0.0,0.0,0.0,0.0,0.0,0,0,0
228,a,,,4.5,426,31,0,0,0,0,0.0,507,56,0,0,0.0,426,53,0,0,0.0,426,53,0.0,0.0,0,435,192,685,306,0.0,0.0,0.0,0.0,0.0,0.0,0.0,0.0,0.0,0.0,0.0,407,53,0.0,401,34,0.0,335,33,0.0,417,53,,,,2,,Tom,King,King,,,0,0,0,0,0,0,0,0,0,0,0,0,0,,,,0.0,0.0,0.0,0.0,0.0,0,0,0
229,a,,,6.0,59,5,0,0,0,0,10.3,40,14,18,12,9.0,13,5,2,52,9.0,11,4,1.5,3.0,0,188700,145964,83585,46519,9.0,9.0,0.15,0.01,0.16,4.12,0.08,0.0,0.08,2.06,70.0,17,3,12.1,169,52,23.0,82,19,10.5,63,16,,,,2,,James,Tarkowski,Tarkowski,,,180,1,0,1,1,0,0,0,0,0,0,2,19,,,,0.0,0.5,0.5,1.0,9.5,2,17,7
230,a,,,5.5,177,23,0,0,0,0,1.8,135,55,10,4,5.0,62,24,0,33,5.0,58,23,0.9,1.8,0,30056,10953,21054,12136,5.0,5.0,0.09,0.02,0.11,4.12,0.04,0.01,0.05,2.06,41.2,86,39,2.3,238,78,39.0,48,7,8.2,95,33,,,,2,,Jarrad,Branthwaite,Branthwaite,,,180,0,0,1,1,0,0,0,0,0,0,2,20,,,,0.0,0.5,0.5,1.0,10.0,3,17,5
231,a,,,4.9,386,74,-1,1,-1,1,1.1,178,72,0,0,0.0,499,184,0,0,0.0,499,184,0.0,0.0,0,4805,1545,45592,20707,0.0,0.0,0.0,0.0,0.0,0.0,0.0,0.0,0.0,0.0,0.0,482,185,0.0,483,186,0.0,428,177,0.0,491,185,,,,2,,Michael,Keane,Keane,,,0,0,0,0,0,0,0,0,0,0,0,0,0,,,,0.0,0.0,0.0,0.0,0.0,0,0,0
232,a,,,4.9,400,77,-1,1,-1,1,0.4,280,106,0,0,0.0,510,187,0,0,0.0,510,187,0.0,0.0,0,2058,655,12926,5197,0.0,0.0,0.0,0.0,0.0,0.0,0.0,0.0,0.0,0.0,0.0,493,188,0.0,495,189,0.0,441,180,0.0,502,188,,,,2,,Jake,O'Brien,O'Brien,,,0,0,0,0,0,0,0,0,0,0,0,0,0,,,,0.0,0.0,0.0,0.0,0.0,0,0,0
233,a,,,4.5,452,107,0,0,0,0,1.7,140,57,10,4,5.0,55,22,0,34,5.0,52,21,1.1,2.2,0,47493,25709,23164,14094,5.0,5.0,0.0,0.06,0.06,4.12,0.0,0.03,0.03,2.06,49.6,57,20,14.8,149,45,2.0,219,81,6.7,126,45,,,,2,,Vitalii,Mykolenko,Mykolenko,,,180,0,0,1,1,0,0,0,0,0,0,2,16,,,,0.0,0.5,0.5,1.0,8.0,1,15,11
234,a,,,4.5,464,115,0,0,0,0,0.0,532,185,0,0,0.0,442,167,0,0,0.0,442,167,0.0,0.0,0,357,150,690,321,0.0,0.0,0.0,0.0,0.0,0.0,0.0,0.0,0.0,0.0,0.0,423,168,0.0,420,168,0.0,357,153,0.0,433,168,,,,2,,Nathan,Patterson,Patterson,,,0,0,0,0,0,0,0,0,0,0,0,0,0,,,,0.0,0.0,0.0,0.0,0.0,0,0,0
235,u,0.0,,4.0,602,182,0,0,0,0,0.2,360,134,0,0,0.0,392,136,0,0,0.0,392,136,0.0,0.0,0,1728,719,3527,1839,0.0,0.0,0.0,0.0,0.0,0.0,0.0,0.0,0.0,0.0,0.0,374,138,0.0,366,136,0.0,291,110,0.0,384,138,,,,2,,Adam,Aznou,Aznou,Has joined Malaga on loan for the rest of the season,,0,0,0,0,0,0,0,0,0,0,0,0,0,,,,0.0,0.0,0.0,0.0,0.0,0,0,0
236,a,,,6.5,35,23,0,0,0,0,4.4,81,27,13,2,6.5,33,19,3,64,6.5,31,18,1.0,2.0,0,168341,35694,81152,54201,6.5,6.5,0.18,0.33,0.51,4.08,0.09,0.16,0.25,2.04,62.2,26,14,80.6,9,9,36.0,52,30,17.9,12,10,2.0,,,2,,Kiernan,Dewsbury-Hall,Dewsbury-Hall,,,180,1,0,1,1,0,0,0,0,0,0,2,18,,,,0.0,0.5,0.5,1.0,9.0,5,1,12
237,a,,,6.0,73,50,0,0,0,0,14.3,28,10,13,4,6.5,31,17,1,52,6.5,29,16,1.1,2.2,0,180882,58194,242931,182911,6.5,6.5,0.26,0.39,0.65,4.12,0.13,0.2,0.33,2.06,53.4,46,22,54.3,26,23,58.0,25,15,16.6,21,16,,,1.0,2,,Iliman,Ndiaye,Ndiaye,,,180,0,1,1,1,0,0,0,0,0,0,2,25,,,,0.0,0.5,0.5,1.0,12.5,5,5,15
239,a,100.0,100.0,6.0,69,48,0,0,0,0,0.1,394,155,2,1,1.0,328,157,0,15,1.0,264,128,0.2,0.3,0,2964,1431,3724,2075,1.0,1.0,0.0,0.03,0.03,0.92,0.0,0.04,0.04,1.15,8.2,245,104,12.9,163,99,2.0,243,118,2.4,241,108,1.0,1.0,3.0,2,,James,Garner,Garner,,,72,0,0,0,1,0,0,0,1,0,0,1,11,,,,0.0,0.0,1.25,1.25,13.75,4,0,7
240,a,100.0,0.0,5.0,324,189,0,0,0,0,0.0,587,249,1,1,1.0,280,122,0,2,0.5,312,141,0.1,0.2,0,111,90,460,112,0.5,0.0,0.0,0.0,0.0,0.0,0.0,0.0,0.0,0.0,0.0,541,222,0.0,547,228,0.0,507,196,0.0,549,225,,,,2,,Tim,Iroegbunam,Iroegbunam,,,4,0,0,0,0,0,0,0,0,0,0,0,0,,,,0.0,0.0,0.0,0.0,0.0,0,0,0
242,a,,,5.5,192,121,0,0,0,0,0.3,310,108,5,2,2.5,145,66,0,25,2.5,140,66,0.5,0.9,0,3337,1064,5161,2679,2.5,2.5,0.23,0.09,0.32,2.25,0.14,0.06,0.2,1.41,13.0,217,87,35.6,59,44,41.0,44,27,8.9,82,47,,,,2,,Tyrique,George,George,,,144,0,0,1,1,0,0,0,0,0,0,2,9,,,,0.0,0.62,0.62,1.25,5.62,1,3,5
243,a,,,5.0,338,197,0,0,0,0,0.1,440,176,1,0,0.5,349,167,0,5,0.5,314,143,0.1,0.2,0,1277,524,2331,1193,0.5,0.5,0.05,0.02,0.07,0.04,0.9,0.36,1.26,0.72,5.0,275,126,0.8,291,147,25.0,75,42,2.7,225,99,,,,2,,Carlos,Alcaraz Durán,Alcaraz,,,5,0,0,0,0,0,0,0,1,0,0,0,3,,,,0.0,0.0,0.0,0.0,54.0,1,0,2
244,a,,,5.0,371,223,0,0,0,0,0.4,288,95,10,2,5.0,58,29,0,37,5.0,55,27,1.0,2.0,0,26521,13735,7828,5361,5.0,5.0,0.0,0.07,0.07,4.12,0.0,0.04,0.04,2.11,40.0,92,33,27.0,92,57,4.0,200,97,7.2,117,59,,,,2,,Harrison,Armstrong,Armstrong,,,176,0,1,1,1,0,0,0,0,0,0,2,25,,,,0.0,0.51,0.51,1.02,12.78,5,6,14
245,a,,,5.4,222,137,-1,1,-1,1,0.0,530,220,0,0,0.0,587,249,0,0,0.0,587,249,0.0,0.0,0,429,228,1297,546,0.0,0.0,0.0,0.0,0.0,0.0,0.0,0.0,0.0,0.0,0.0,575,244,0.0,580,248,0.0,555,228,0.0,582,246,,,,2,,Tyler,Dibling,Dibling,,,0,0,0,0,0,0,0,0,0,0,0,0,0,,,,0.0,0.0,0.0,0.0,0.0,0,0,0
246,a,,,5.0,342,199,0,0,0,0,0.1,487,199,5,2,2.5,136,60,0,25,2.5,130,60,0.5,1.0,0,882,364,1279,643,2.5,2.5,0.0,0.07,0.07,4.12,0.0,0.04,0.04,2.12,22.2,167,60,15.3,146,87,2.0,233,110,4.0,192,86,,,,2,,Merlin,Röhl,Röhl,,,175,0,0,1,1,0,0,0,0,0,0,2,18,,,,0.0,0.51,0.51,1.03,9.26,5,4,9
247,a,100.0,50.0,5.5,154,95,0,0,0,0,0.2,326,114,4,1,2.0,173,83,0,19,2.0,162,80,0.4,0.7,0,1179,335,5634,2432,2.0,1.0,0.01,0.02,0.03,3.2,0.01,0.02,0.03,2.72,16.4,199,78,13.6,156,93,7.0,177,87,3.7,204,90,3.0,,,2,,Hayden,Hackney,Hackney,,,106,0,0,1,0,0,0,0,0,0,0,1,10,,,,0.0,0.85,0.0,0.85,8.49,2,3,5
248,a,,,5.4,220,48,-1,1,-1,1,2.0,128,20,2,1,1.0,299,32,0,5,1.0,247,26,0.2,0.4,0,15302,7593,76513,33702,1.0,1.0,0.09,0.0,0.09,1.92,0.26,0.0,0.26,5.57,3.0,301,31,0.3,316,38,5.0,195,33,0.8,302,36,,,4.0,2,,Norberto Bercique,Gomes Betuncal,Beto,,,31,0,0,0,0,0,0,0,0,0,0,0,1,,,,0.0,0.0,0.0,0.0,2.9,0,1,0
249,a,,,5.5,201,42,0,0,0,0,4.2,86,13,10,2,5.0,64,6,2,43,5.0,60,5,0.9,1.8,0,253126,102861,73466,51038,5.0,5.0,1.93,0.09,2.02,2.2,1.18,0.06,1.24,1.35,48.0,66,4,30.7,80,7,99.0,3,3,17.8,14,4,,,2.0,2,,Thierno,Barry,Barry,,,147,1,0,1,1,0,0,0,0,0,0,2,6,,,,0.0,0.61,0.61,1.22,3.67,1,2,3
250,a,,,4.5,411,24,0,0,0,0,3.1,109,18,5,3,2.5,126,9,0,22,2.5,120,9,0.6,1.1,0,30839,18665,26148,14619,2.5,2.5,0.0,0.0,0.0,4.26,0.0,0.0,0.0,2.13,48.8,62,8,0.0,391,27,0.0,323,26,4.9,174,9,,,,2,,Bernd,Leno,Leno,,,180,0,0,0,4,0,0,0,0,0,6,2,0,,,,3.0,0.0,2.0,1.0,0.0,0,3,17
251,a,,,4.0,560,55,0,0,0,0,1.2,177,26,0,0,0.0,365,29,0,0,0.0,365,29,0.0,0.0,0,4822,3330,7970,3842,0.0,0.0,0.0,0.0,0.0,0.0,0.0,0.0,0.0,0.0,0.0,347,29,0.0,337,8,0.0,259,7,0.0,356,29,,,,2,,Benjamin,Lecomte,Lecomte,,,0,0,0,0,0,0,0,0,0,0,0,0,0,,,,0.0,0.0,0.0,0.0,0.0,0,0,0
252,u,0.0,,4.0,605,70,0,0,0,0,0.2,361,38,0,0,0.0,395,44,0,0,0.0,395,44,0.0,0.0,0,2589,1784,1848,1228,0.0,0.0,0.0,0.0,0.0,0.0,0.0,0.0,0.0,0.0,0.0,377,44,0.0,369,23,0.0,294,22,0.0,387,44,,,,2,,Alfie,McNally,McNally,Has joined York City on loan for the rest of the season,,0,0,0,0,0,0,0,0,0,0,0,0,0,,,,0.0,0.0,0.0,0.0,0.0,0,0,0
253,a,100.0,100.0,5.0,252,40,0,0,0,0,0.1,407,145,1,1,1.0,265,102,0,4,0.5,300,110,0.1,0.2,0,5411,3097,1925,1295,0.5,0.5,0.0,0.04,0.04,2.02,0.0,0.04,0.04,2.02,17.8,190,82,12.9,161,48,2.0,226,85,3.3,211,82,,,,2,,Joachim,Andersen,Andersen,,,90,0,0,0,1,0,0,0,1,0,0,1,8,,,,0.0,0.0,1.0,1.0,8.0,0,8,2
254,a,,,4.5,432,92,0,0,0,0,1.6,147,61,3,2,1.5,194,63,0,14,1.5,179,61,0.3,0.7,0,18431,7250,19669,10240,1.5,1.5,0.13,0.06,0.19,4.23,0.07,0.03,0.1,2.23,31.4,132,60,29.8,82,25,3.0,209,76,6.4,138,51,,,2.0,2,,Antonee,Robinson,Robinson,,,171,0,0,0,4,0,0,0,0,0,0,2,10,,,,0.0,0.0,2.11,1.05,5.26,6,4,7
255,a,,,4.5,467,118,0,0,0,0,0.0,527,183,3,0,3.0,104,39,0,7,1.5,180,62,0.3,0.7,0,1094,313,658,399,1.5,1.5,0.0,0.03,0.03,2.24,0.0,0.03,0.03,2.24,32.8,127,56,21.3,121,37,0.0,359,155,5.4,156,58,,,,2,,Jorge,Cuenca Barreno,J.Cuenca,,,90,0,0,0,3,0,0,0,0,0,0,1,10,,,,0.0,0.0,3.0,1.0,10.0,1,9,3
257,a,,,4.5,459,112,0,0,0,0,0.8,220,82,2,2,1.0,246,90,0,14,1.0,221,78,0.2,0.4,0,11220,4357,10820,4778,1.0,1.0,0.02,0.03,0.05,4.26,0.01,0.02,0.03,2.13,33.2,124,55,6.4,199,64,2.0,220,82,4.2,189,72,,,,2,,Calvin,Bassey,Bassey,,,180,0,0,0,4,0,0,0,1,0,0,2,11,,,,0.0,0.0,2.0,1.0,5.5,2,9,10
258,a,,,4.5,430,90,0,0,0,0,0.8,219,81,12,6,6.0,38,14,0,39,6.0,36,13,1.3,2.7,0,34312,22216,8067,5452,6.0,6.0,0.09,0.18,0.27,2.5,0.05,0.1,0.15,1.43,38.0,103,46,28.5,87,26,23.0,81,18,8.9,80,23,,,,2,,Timothy,Castagne,Castagne,,,157,0,2,1,3,0,0,0,1,0,0,2,8,,,,0.0,0.57,1.72,1.15,4.59,2,6,6
261,a,,,5.5,125,81,0,0,0,0,0.9,202,63,4,2,2.0,171,82,0,37,2.0,159,79,0.4,0.7,0,9913,3818,19579,10183,2.0,2.0,0.01,0.44,0.45,4.26,0.0,0.22,0.22,2.13,24.4,158,57,46.8,37,30,2.0,238,114,7.4,114,58,1.0,1.0,3.0,2,,Alex,Iwobi,Iwobi,,,180,0,0,0,4,0,0,0,0,0,0,2,14,,,,0.0,0.0,2.0,1.0,7.0,2,4,8
256,a,,,4.5,431,91,0,0,0,0,0.2,320,119,0,0,0.0,428,160,0,0,0.0,428,160,0.0,0.0,0,634,296,3892,1831,0.0,0.0,0.0,0.0,0.0,0.0,0.0,0.0,0.0,0.0,0.0,409,161,0.0,404,160,0.0,338,142,0.0,419,161,,,,2,,Kenny,Tete,Tete,,,0,0,0,0,0,0,0,0,0,0,0,0,0,,,,0.0,0.0,0.0,0.0,0.0,0,0,0
262,a,,,5.5,143,89,0,0,0,0,0.3,292,98,1,1,1.0,309,144,0,5,0.5,332,156,0.1,0.2,0,2327,913,8740,3992,0.5,0.5,0.06,0.02,0.08,0.41,0.39,0.13,0.52,2.64,5.2,271,123,22.8,113,69,7.0,175,86,3.5,208,92,,,,2,,Emile,Smith Rowe,Smith Rowe,,,14,0,0,0,0,0,0,0,0,0,0,0,1,,,,0.0,0.0,0.0,0.0,6.43,0,0,1
263,a,,,5.5,194,123,0,0,0,0,0.0,492,201,2,1,1.0,318,149,0,4,1.0,257,123,0.2,0.4,0,672,253,1727,865,1.0,1.0,0.0,0.05,0.05,0.2,0.0,0.19,0.19,0.75,5.2,272,124,3.4,224,121,0.0,588,252,0.8,303,136,3.0,,,2,,Kevin,Santos Lopes de Macedo,Kevin,,,24,0,0,0,0,0,0,0,0,0,0,0,3,,,,0.0,0.0,0.0,0.0,11.25,2,0,1
264,a,,,5.5,176,110,0,0,0,0,0.3,294,99,5,3,2.5,141,63,0,18,2.5,136,63,0.5,0.9,0,7083,2563,6675,3678,2.5,2.5,0.0,0.27,0.27,2.47,0.0,0.18,0.18,1.67,16.8,198,77,26.2,97,60,12.0,132,67,5.5,154,73,2.0,,,2,,Oscar,Bobb,Bobb,,,133,0,0,1,3,0,0,0,0,0,0,2,11,,,,0.0,0.68,2.03,1.35,7.44,5,2,4
265,a,,,5.0,262,161,0,0,0,0,0.4,283,92,4,2,2.0,160,74,0,28,2.0,152,73,0.4,0.8,0,2606,1141,6481,3148,2.0,2.0,0.03,0.23,0.26,4.06,0.02,0.13,0.15,2.37,19.6,178,69,51.0,32,26,9.0,155,77,8.0,99,51,,,,2,,Sander,Berge,Berge,,,154,0,0,0,4,0,0,0,0,0,0,2,6,,,,0.0,0.0,2.34,1.17,3.51,1,1,4
266,i,0.0,0.0,5.0,231,144,0,0,0,0,0.0,613,266,0,0,0.0,516,211,0,0,0.0,516,211,0.0,0.0,0,24,12,169,54,0.0,0.0,0.0,0.0,0.0,0.0,0.0,0.0,0.0,0.0,0.0,499,200,0.0,501,208,0.0,448,167,0.0,508,204,,,,2,,Tom,Cairney,Cairney,Knee injury - Expected back 10 Oct,,0,0,0,0,0,0,0,0,0,0,0,0,0,,,,0.0,0.0,0.0,0.0,0.0,0,0,0
268,a,,,5.5,199,126,0,0,0,0,0.7,233,78,9,2,4.5,75,36,0,42,4.5,72,34,0.8,1.6,0,46830,12147,11820,7656,4.5,4.5,0.64,0.07,0.71,4.26,0.32,0.04,0.36,2.13,52.2,49,25,20.1,124,75,62.0,20,11,13.4,34,27,,,,2,,Josh,King,King,,,180,1,0,0,4,0,0,0,0,0,0,2,12,,,,0.0,0.0,2.0,1.0,6.0,4,3,5
269,a,,,4.5,436,94,0,0,0,0,0.4,273,102,2,1,1.0,239,83,0,10,1.0,217,74,0.2,0.4,0,1476,517,5725,2711,1.0,1.0,0.05,0.12,0.17,1.8,0.12,0.28,0.4,4.15,15.2,204,85,11.5,174,55,27.0,70,15,5.4,155,57,,,,2,,Ryan,Sessegnon,Sessegnon,,,39,0,0,0,1,0,0,0,0,0,0,0,2,,,,0.0,0.0,2.31,0.0,4.62,1,1,2
271,a,,,5.5,153,36,0,0,0,0,0.5,255,42,1,0,1.0,312,35,0,6,0.5,336,38,0.1,0.2,0,5392,2580,13756,6866,0.5,0.5,0.02,0.0,0.02,0.03,0.22,0.0,0.22,0.34,6.0,261,23,11.5,175,18,7.0,176,30,2.5,235,26,,,,2,,Rodrigo,Muniz Carvalho,Muniz,,,8,0,0,0,0,0,0,0,0,0,0,0,1,,,,0.0,0.0,0.0,0.0,11.25,0,1,0
272,a,,,4.5,542,73,0,0,0,0,6.7,63,9,0,0,0.0,492,54,0,0,0.0,492,54,0.0,0.0,0,60786,37098,86499,42222,0.0,0.0,0.0,0.0,0.0,0.0,0.0,0.0,0.0,0.0,0.0,475,47,0.0,476,52,0.0,421,49,0.0,484,52,,,,2,,Jonah,Kusi-Asare,Kusi-Asare,,,0,0,0,0,0,0,0,0,0,0,0,0,0,,,,0.0,0.0,0.0,0.0,0.0,0,0,0
569,a,,,6.0,87,19,0,0,0,0,4.5,80,12,8,2,4.0,91,14,0,35,4.0,85,10,0.7,1.3,0,238160,85942,63436,46229,4.0,4.0,1.0,0.02,1.02,4.26,0.5,0.01,0.51,2.13,42.8,82,7,7.1,198,25,64.0,17,8,11.4,51,7,,,1.0,2,,Gonzalo,García,Gonzalo,,,180,1,0,0,4,0,0,0,0,0,0,2,6,,,,0.0,0.0,2.0,1.0,3.0,1,2,3
570,a,,,5.5,197,125,0,0,0,0,0.2,346,128,3,1,1.5,214,101,0,16,1.5,200,96,0.3,0.5,0,1444,534,3779,1995,1.5,1.5,0.18,0.01,0.19,3.83,0.11,0.01,0.12,2.34,5.8,264,117,8.6,192,107,11.0,141,71,2.5,236,105,,,,2,,César,Palacios,Palacios,,,147,0,0,0,4,0,0,0,1,0,0,2,13,,,,0.0,0.0,2.45,1.22,7.96,2,3,8
580,a,,,5.0,309,183,0,0,0,0,0.1,452,181,2,1,1.0,276,120,0,7,1.0,237,109,0.2,0.4,0,575,216,1537,729,1.0,1.0,0.09,0.03,0.12,1.8,0.18,0.06,0.24,3.6,4.0,288,132,4.1,217,119,6.0,186,91,1.4,283,126,,,,2,,Shea,Charles,Charles,,,45,0,0,0,1,0,0,0,0,0,0,0,5,,,,0.0,0.0,2.0,0.0,10.0,1,1,3
610,d,75.0,75.0,4.0,611,190,0,0,0,0,0.1,420,148,0,0,0.0,400,143,0,0,0.0,400,143,0.0,0.0,0,4809,1758,1734,1260,0.0,0.0,0.0,0.0,0.0,0.0,0.0,0.0,0.0,0.0,0.0,382,145,0.0,374,143,0.0,299,117,0.0,392,145,,,,2,,Luc,De Fougerolles,De Fougerolles,Unspecified injury - 75% chance of playing,,0,0,0,0,0,0,0,0,0,0,0,0,0,,,,0.0,0.0,0.0,0.0,0.0,0,0,0
626,a,,,4.5,537,272,0,0,0,0,0.2,339,124,0,0,0.0,489,192,0,0,0.0,489,192,0.0,0.0,0,11957,11957,2329,2329,1.0,1.0,0.0,0.0,0.0,0.0,0.0,0.0,0.0,0.0,0.0,471,180,0.0,473,189,0.0,417,147,0.0,481,185,,,,2,,Macauley,Zepa,Zepa,,,0,0,0,0,0,0,0,0,0,0,0,0,0,,,,0.0,0.0,0.0,0.0,0.0,0,0,0
274,i,0.0,0.0,4.5,417,26,0,0,0,0,0.1,444,49,0,0,0.0,419,48,0,0,0.0,419,48,0.0,0.0,0,228,104,2764,1026,0.0,0.0,0.0,0.0,0.0,0.0,0.0,0.0,0.0,0.0,0.0,400,48,0.0,394,29,0.0,328,28,0.0,410,48,,,,2,,Jack,Butland,Butland,Arm injury - Unknown return date,,0,0,0,0,0,0,0,0,0,0,0,0,0,,,,0.0,0.0,0.0,0.0,0.0,0,0,0
275,u,0.0,0.0,4.0,601,69,0,0,0,0,0.0,598,71,0,0,0.0,391,43,0,0,0.0,391,43,0.0,0.0,0,0,0,177,66,0.0,0.0,0.0,0.0,0.0,0.0,0.0,0.0,0.0,0.0,0.0,373,43,0.0,365,22,0.0,290,21,0.0,383,43,,,,2,,Harvey,Cartwright,Cartwright,Has joined Grimsby Town on loan for the rest of the season,,0,0,0,0,0,0,0,0,0,0,0,0,0,,,,0.0,0.0,0.0,0.0,0.0,0,0,0
276,u,0.0,0.0,4.0,590,66,0,0,0,0,0.0,540,61,0,0,0.0,384,40,0,0,0.0,384,40,0.0,0.0,0,0,0,578,195,0.0,0.0,0.0,0.0,0.0,0.0,0.0,0.0,0.0,0.0,0.0,366,40,0.0,358,19,0.0,282,18,0.0,376,40,,,,2,,Thimothée,Lo-Tutala,Lo-Tutala,Has joined Colchester United on loan for the rest of the season,,0,0,0,0,0,0,0,0,0,0,0,0,0,,,,0.0,0.0,0.0,0.0,0.0,0,0,0
277,a,,,4.0,563,156,0,0,0,0,4.0,88,34,17,9,8.5,14,6,1,52,8.5,12,5,2.1,4.2,0,224569,181632,36816,25609,8.5,8.5,0.0,0.0,0.0,3.12,0.0,0.0,0.0,1.56,67.2,21,5,0.5,304,113,2.0,216,78,7.0,122,43,,,,2,,John,Egan,Egan,,,180,0,0,2,0,0,0,0,0,0,0,2,34,,,,0.0,1.0,0.0,1.0,17.0,2,32,4
273,a,,,4.0,570,60,0,0,0,0,1.5,155,23,0,0,0.0,372,34,0,0,0.0,372,34,0.0,0.0,0,8377,5262,13416,6322,0.0,0.0,0.0,0.0,0.0,0.0,0.0,0.0,0.0,0.0,0.0,354,34,0.0,345,13,0.0,267,12,0.0,363,34,,,,2,,Dillon,Phillips,Phillips,,,0,0,0,0,0,0,0,0,0,0,0,0,0,,,,0.0,0.0,0.0,0.0,0.0,0,0,0
278,i,0.0,0.0,4.0,604,184,0,0,0,0,0.1,432,153,0,0,0.0,394,138,0,0,0.0,394,138,0.0,0.0,0,168,69,3498,1178,0.0,0.0,0.0,0.0,0.0,0.0,0.0,0.0,0.0,0.0,0.0,376,140,0.0,368,138,0.0,293,112,0.0,386,140,,,,2,,Charlie,Hughes,Hughes,Groin injury - Unknown return date,,0,0,0,0,0,0,0,0,0,0,0,0,0,,,,0.0,0.0,0.0,0.0,0.0,0,0,0
279,a,100.0,100.0,4.1,552,153,1,-1,1,-1,7.2,56,22,20,6,10.0,4,1,2,63,10.0,3,1,2.4,4.9,0,479376,399970,46123,30530,10.0,10.0,0.52,0.0,0.52,2.15,0.31,0.0,0.31,1.26,59.8,31,9,1.0,282,101,35.0,54,10,9.5,73,19,,,,2,,Semi,Ajayi,Ajayi,,,153,1,0,2,0,0,0,0,0,0,0,2,14,,,,0.0,1.18,0.0,1.18,8.24,2,12,8
280,d,75.0,100.0,4.0,576,164,0,0,0,0,0.6,248,93,6,0,3.0,103,38,0,25,3.0,98,38,0.8,1.5,0,3655,1032,10787,5706,2.2,3.0,0.0,0.01,0.01,2.25,0.0,0.01,0.01,1.78,10.4,231,95,11.6,173,54,0.0,272,99,2.2,245,91,,,,2,,Lewie,Coyle,Coyle,Unspecified injury - 75% chance of playing,,114,0,0,1,0,0,0,0,1,0,0,2,6,,,,0.0,0.79,0.0,1.58,4.74,1,5,4
281,a,100.0,100.0,4.0,587,172,0,0,0,0,0.1,456,161,2,1,1.0,227,72,0,8,1.0,210,68,0.2,0.5,0,1993,885,1033,620,1.0,1.0,0.05,0.0,0.05,0.87,0.07,0.0,0.07,1.2,6.4,256,100,0.4,311,117,1.0,247,90,0.8,299,108,,,,2,,Cody,Drameh,Drameh,,,65,0,0,0,0,0,0,0,0,0,0,0,6,,,,0.0,0.0,0.0,0.0,8.31,1,5,4
282,a,,,4.0,584,171,0,0,0,0,1.0,189,74,12,6,6.0,37,13,0,45,6.0,35,12,1.5,3.0,0,27251,14359,8444,4253,6.0,6.0,0.02,0.14,0.16,3.05,0.01,0.07,0.08,1.58,23.4,162,74,33.8,69,17,6.0,183,62,6.4,137,50,1.0,1.0,,2,,Ryan,Giles,Giles,,,174,0,0,2,0,0,0,0,0,0,0,2,8,,,,0.0,1.03,0.0,1.03,4.14,2,6,5
283,i,0.0,0.0,4.0,591,174,0,0,0,0,0.0,586,199,0,0,0.0,385,132,0,0,0.0,385,132,0.0,0.0,0,110,53,345,117,0.0,0.0,0.0,0.0,0.0,0.0,0.0,0.0,0.0,0.0,0.0,367,134,0.0,359,132,0.0,283,105,0.0,377,134,,,,2,,Matty,Jacob,Jacob,Hip injury - Expected back 5 Sep,,0,0,0,0,0,0,0,0,0,0,0,0,0,,,,0.0,0.0,0.0,0.0,0.0,0,0,0
285,a,,,4.0,568,158,0,0,0,0,0.1,399,141,1,0,1.0,223,68,0,3,0.5,271,87,0.1,0.2,0,1256,610,1646,956,0.5,0.5,0.0,0.0,0.0,0.96,0.0,0.0,0.0,3.32,4.2,282,105,0.0,344,124,0.0,266,95,0.4,314,112,,,,2,,Paddy,McNair,McNair,,,26,0,0,0,0,0,0,0,0,0,0,0,2,,,,0.0,0.0,0.0,0.0,6.92,0,2,1
286,a,,,5.0,355,210,0,0,0,0,0.8,217,71,9,6,4.5,72,35,0,31,4.5,68,33,0.9,1.8,0,31023,17133,9672,5641,4.5,4.5,0.17,0.05,0.22,2.94,0.09,0.03,0.12,1.54,33.8,121,44,14.3,153,92,18.0,96,50,6.6,130,66,3.0,2.0,,2,,Mohamed,Belloumi,Belloumi,,,172,0,1,2,0,0,0,0,0,0,0,2,20,,,,0.0,1.05,0.0,1.05,10.47,6,6,8
287,a,,,5.0,287,173,0,0,0,0,0.1,443,178,6,6,3.0,109,46,0,26,3.0,103,45,0.6,1.2,0,2993,2688,1865,878,3.0,3.0,0.58,0.0,0.58,0.87,1.04,0.0,1.04,1.57,36.0,114,42,1.1,281,144,15.0,114,59,5.2,165,79,,,,2,,Liam,Millar,Millar,,,50,1,0,0,0,0,0,0,1,0,0,0,4,,,,0.0,0.0,0.0,0.0,7.2,1,2,1
288,a,,,4.5,433,249,0,0,0,0,0.4,282,91,0,0,0.0,429,173,0,0,0.0,429,173,0.0,0.0,0,5439,3723,7961,3703,0.0,0.0,0.0,0.0,0.0,0.0,0.0,0.0,0.0,0.0,0.0,410,161,0.0,405,170,0.0,339,127,0.0,420,166,,,,2,,Kieran,Dowell,Dowell,,,0,0,0,0,0,0,0,0,0,0,0,0,0,,,,0.0,0.0,0.0,0.0,0.0,0,0,0
289,d,75.0,,4.5,416,246,0,0,0,0,0.6,240,81,2,0,2.0,152,70,0,9,1.0,216,102,0.2,0.4,0,12511,2370,15285,9595,0.8,1.0,0.0,0.0,0.0,1.83,0.0,0.0,0.0,1.83,19.0,182,70,2.4,234,126,0.0,327,124,2.1,250,113,,,,2,,Matt,Crooks,Crooks,Thigh injury - 75% chance of playing,,90,0,0,1,0,0,0,0,1,0,0,1,9,,,,0.0,1.0,0.0,1.0,9.0,4,4,1
290,a,,,4.5,462,252,0,0,0,0,4.5,79,26,8,2,4.0,80,37,0,26,4.0,77,35,0.9,1.8,0,183694,91323,58980,36606,4.0,4.0,0.0,0.45,0.45,3.12,0.0,0.22,0.22,1.56,28.2,140,51,22.1,116,71,2.0,221,105,5.3,160,75,2.0,,,2,,Regan,Slater,Slater,,,180,0,1,2,0,0,0,0,1,0,0,2,13,,,,0.0,1.0,0.0,1.0,6.5,5,2,6
291,i,0.0,0.0,4.5,478,254,0,0,0,0,0.0,606,260,0,0,0.0,447,176,0,0,0.0,447,176,0.0,0.0,0,124,60,176,80,0.0,0.0,0.0,0.0,0.0,0.0,0.0,0.0,0.0,0.0,0.0,428,164,0.0,426,173,0.0,366,131,0.0,438,169,,,,2,,Eliot,Matazo,Matazo,Knee injury - Unknown return date,,0,0,0,0,0,0,0,0,0,0,0,0,0,,,,0.0,0.0,0.0,0.0,0.0,0,0,0
292,a,,,5.0,263,162,0,0,0,0,0.0,571,238,0,0,0.0,527,217,0,0,0.0,527,217,0.0,0.0,0,363,154,696,309,0.0,0.0,0.0,0.0,0.0,0.0,0.0,0.0,0.0,0.0,0.0,515,209,0.0,516,214,0.0,470,178,0.0,522,211,,,,2,,Abdülkadir,Ömür,Ömür,,,0,0,0,0,0,0,0,0,0,0,0,0,0,,,,0.0,0.0,0.0,0.0,0.0,0,0,0
293,u,0.0,0.0,5.0,325,190,0,0,0,0,0.0,617,269,0,0,0.0,554,230,0,0,0.0,554,230,0.0,0.0,0,0,0,267,70,0.0,0.0,0.0,0.0,0.0,0.0,0.0,0.0,0.0,0.0,0.0,542,223,0.0,548,229,0.0,508,197,0.0,550,226,,,,2,,Abu,Kamara,Kamara,Has joined Portsmouth permanently,,0,0,0,0,0,0,0,0,0,0,0,0,0,,,,0.0,0.0,0.0,0.0,0.0,0,0,0
294,i,0.0,0.0,4.5,513,262,0,0,0,0,0.1,433,172,0,0,0.0,471,184,0,0,0.0,471,184,0.0,0.0,0,1005,514,3536,1387,0.0,0.0,0.0,0.0,0.0,0.0,0.0,0.0,0.0,0.0,0.0,452,172,0.0,455,181,0.0,397,139,0.0,462,177,,,,2,,Óscar,Zambrano,Zambrano,Thigh injury - Unknown return date,,0,0,0,0,0,0,0,0,0,0,0,0,0,,,,0.0,0.0,0.0,0.0,0.0,0,0,0
295,a,,,5.5,127,31,0,0,0,0,2.1,124,18,6,1,3.0,113,17,0,28,3.0,107,13,0.5,1.1,0,108239,25598,45242,29301,3.0,3.0,0.16,0.02,0.18,3.12,0.08,0.01,0.09,1.56,18.0,188,17,34.4,64,5,60.0,23,10,11.2,53,8,,,1.0,2,,Oli,McBurnie,McBurnie,,,180,0,1,2,0,0,0,0,1,0,0,2,9,,,,0.0,1.0,0.0,1.0,4.5,0,3,6
296,a,,,5.0,268,166,0,0,0,0,0.0,506,210,0,0,0.0,529,218,0,0,0.0,529,218,0.0,0.0,0,1821,907,1860,920,0.0,0.0,0.0,0.0,0.0,0.0,0.0,0.0,0.0,0.0,0.0,517,210,0.0,518,215,0.0,472,179,0.0,524,212,,,,2,,David,Akintola,Akintola,,,0,0,0,0,0,0,0,0,0,0,0,0,0,,,,0.0,0.0,0.0,0.0,0.0,0,0,0
297,i,0.0,0.0,4.5,479,255,0,0,0,0,0.0,556,231,0,0,0.0,448,177,0,0,0.0,448,177,0.0,0.0,0,142,78,836,310,0.0,0.0,0.0,0.0,0.0,0.0,0.0,0.0,0.0,0.0,0.0,429,165,0.0,427,174,0.0,367,132,0.0,439,170,,,,2,,Darko,Gyabi,Gyabi,Thigh injury - Unknown return date,,0,0,0,0,0,0,0,0,0,0,0,0,0,,,,0.0,0.0,0.0,0.0,0.0,0,0,0
298,u,0.0,0.0,4.5,498,64,0,0,0,0,0.3,305,52,0,0,0.0,457,46,0,0,0.0,457,46,0.0,0.0,0,0,0,12824,3958,0.0,0.0,0.0,0.0,0.0,0.0,0.0,0.0,0.0,0.0,0.0,438,38,0.0,441,44,0.0,383,40,0.0,448,43,,,,2,,Enis,Destan,Destan,Has joined Konyaspor permanently,,0,0,0,0,0,0,0,0,0,0,0,0,0,,,,0.0,0.0,0.0,0.0,0.0,0,0,0
299,u,0.0,0.0,4.5,506,65,0,0,0,0,0.0,502,66,0,0,0.0,465,47,0,0,0.0,465,47,0.0,0.0,0,0,0,1787,577,0.0,0.0,0.0,0.0,0.0,0.0,0.0,0.0,0.0,0.0,0.0,446,39,0.0,449,45,0.0,391,41,0.0,456,44,,,,2,,Mason,Burstow,Burstow,Has joined Sheffield Wednesday on loan for the rest of the season,,0,0,0,0,0,0,0,0,0,0,0,0,0,,,,0.0,0.0,0.0,0.0,0.0,0,0,0
340,i,0.0,0.0,5.0,308,182,0,0,0,0,0.0,592,253,0,0,0.0,548,226,0,0,0.0,548,226,0.0,0.0,0,75,30,436,148,0.0,0.0,0.0,0.0,0.0,0.0,0.0,0.0,0.0,0.0,0.0,535,218,0.0,539,224,0.0,497,191,0.0,543,221,,,,2,,Joe,Gelhardt,Gelhardt,Ankle injury - Expected back 5 Sep,,0,0,0,0,0,0,0,0,0,0,0,0,0,,,,0.0,0.0,0.0,0.0,0.0,0,0,0
556,a,,,4.0,571,160,0,0,0,0,2.1,123,51,1,0,1.0,225,70,0,3,0.5,273,89,0.1,0.2,0,12138,6745,30436,14995,0.5,0.5,0.0,0.0,0.0,0.07,0.0,0.0,0.0,1.26,0.4,331,123,0.0,346,125,0.0,268,96,0.0,364,127,,,,2,,Matt,Targett,Targett,,,5,0,0,0,0,0,0,0,0,0,0,0,0,,,,0.0,0.0,0.0,0.0,0.0,0,0,1
563,a,100.0,100.0,5.0,300,178,0,0,0,0,0.0,552,229,1,1,1.0,274,118,0,6,0.5,308,138,0.1,0.2,0,387,269,507,179,0.5,0.5,0.0,0.0,0.0,1.09,0.0,0.0,0.0,2.18,11.0,230,95,13.4,157,94,0.0,491,188,2.4,239,107,,,,2,,Hidemasa,Morita,Morita,,,45,0,0,0,0,0,0,0,0,0,0,1,3,,,,0.0,0.0,0.0,2.0,6.0,0,2,1
572,a,,,4.5,483,41,0,0,0,0,6.5,64,9,20,10,10.0,5,1,6,73,10.0,4,1,2.2,4.4,0,334409,232439,39089,26674,10.0,10.0,0.0,0.0,0.0,3.12,0.0,0.0,0.0,1.56,60.8,29,5,0.0,429,44,0.0,371,43,6.1,142,4,,,,2,,Konstantinos,Tzolakis,Tzolakis,,,180,0,0,2,0,0,0,0,0,0,8,2,0,,,,4.0,1.0,0.0,1.0,0.0,0,0,33
574,a,,,5.0,361,215,0,0,0,0,0.1,470,189,0,0,0.0,571,240,0,0,0.0,571,240,0.0,0.0,0,527,220,1861,892,0.0,0.0,0.0,0.0,0.0,0.0,0.0,0.0,0.0,0.0,0.0,558,233,0.0,565,239,0.0,529,210,0.0,566,236,,,,2,,Jens,Hjertø-Dahl,Hjertø-Dahl,,,0,0,0,0,0,0,0,0,0,0,0,0,0,,,,0.0,0.0,0.0,0.0,0.0,0,0,0
576,a,,,5.0,370,222,0,0,0,0,0.1,437,175,3,0,1.5,206,96,0,9,1.5,192,91,0.3,0.6,0,1934,504,1536,939,1.5,1.5,0.01,0.04,0.05,2.25,0.01,0.03,0.04,1.58,8.4,243,103,9.1,189,105,7.0,173,84,2.2,247,111,,,,2,,Elliot,Stroud,Stroud,,,128,0,0,1,0,0,0,0,1,0,0,2,13,,,,0.0,0.7,0.0,1.41,9.14,3,3,7
585,a,,,4.0,622,200,0,0,0,0,0.6,237,87,2,1,1.0,231,76,0,7,1.0,214,72,0.2,0.5,0,5040,2269,6690,3088,1.0,1.0,0.0,0.0,0.0,1.16,0.0,0.0,0.0,1.83,11.0,228,93,0.2,322,118,0.0,310,127,1.1,291,105,,,,2,,Lucas,Herrington,Herrington,,,57,0,0,0,0,0,0,0,0,0,0,0,5,,,,0.0,0.0,0.0,0.0,7.89,0,5,0
586,a,100.0,100.0,4.0,624,202,0,0,0,0,5.3,70,28,16,1,8.0,19,8,1,44,8.0,17,7,2.0,4.0,0,288370,108790,61753,42293,8.0,8.0,0.29,0.0,0.29,1.95,0.22,0.0,0.22,1.45,79.4,7,1,0.6,296,109,40.0,45,5,12.0,43,6,,,,2,,Nobel,Mendy,Mendy,,,121,1,0,1,0,0,0,0,0,0,0,2,22,,,,0.0,0.74,0.0,1.49,16.36,2,20,4
589,a,,,5.0,315,185,0,0,0,0,0.0,542,224,1,1,1.0,278,121,0,6,0.5,311,140,0.1,0.2,0,290,155,534,221,0.5,0.5,0.0,0.01,0.01,0.2,0.0,0.02,0.02,0.4,12.8,218,88,0.9,286,145,0.0,501,193,1.4,284,127,,,,2,,Lucas,Gourna-Douath,Gourna-Douath,,,45,0,0,0,0,0,0,0,0,0,0,0,6,,,,0.0,0.0,0.0,0.0,12.0,3,1,2
617,a,,,5.0,327,192,0,0,0,0,0.0,603,258,1,1,1.0,281,123,0,3,1.0,240,110,0.2,0.2,0,514,489,126,124,1.5,1.5,0.0,0.0,0.0,0.18,0.0,0.0,0.0,2.31,0.4,332,152,0.3,314,159,0.0,510,199,0.1,344,161,,,,2,,Mohamed-Ali,Cho,Cho,,,7,0,0,0,0,0,0,0,0,0,0,0,0,,,,0.0,0.0,0.0,0.0,0.0,0,0,0
259,a,,,4.0,581,168,0,0,0,0,16.0,24,8,4,2,2.0,151,54,0,14,2.0,146,52,0.5,1.0,0,52286,25773,140894,69970,2.0,2.0,0.0,0.01,0.01,5.43,0.0,0.0,0.0,2.72,48.0,65,27,1.1,278,99,2.0,217,79,5.1,168,61,,,,2,,Issa,Diop,Diop,,,180,0,0,0,6,0,0,0,0,0,0,2,17,,,,0.0,0.0,3.0,1.0,8.5,1,16,10
267,a,,,5.0,267,165,0,0,0,0,0.1,403,160,6,1,3.0,108,45,0,33,3.0,102,44,0.6,1.2,0,1670,492,2367,1022,3.0,3.0,0.02,0.04,0.06,4.57,0.01,0.02,0.03,2.54,40.8,88,31,26.7,93,58,4.0,198,95,7.1,121,61,4.0,,,2,,Saša,Lukić,Lukić,,,162,0,1,0,5,0,0,0,1,0,0,2,17,,,,0.0,0.0,2.78,1.11,9.44,4,9,4
300,a,,,4.5,420,27,0,0,0,0,0.5,266,35,0,0,0.0,421,49,0,0,0.0,421,49,0.0,0.0,0,429,220,7200,2628,0.0,0.0,0.0,0.0,0.0,0.0,0.0,0.0,0.0,0.0,0.0,402,49,0.0,396,30,0.0,330,29,0.0,412,49,,,,2,,Christian,Walton,Walton,,,0,0,0,0,0,0,0,0,0,0,0,0,0,,,,0.0,0.0,0.0,0.0,0.0,0,0,0
301,a,,,4.0,564,57,0,0,0,0,4.3,85,12,0,0,0.0,368,31,0,0,0.0,368,31,0.0,0.0,0,22472,14786,34803,17455,0.0,0.0,0.0,0.0,0.0,0.0,0.0,0.0,0.0,0.0,0.0,350,31,0.0,340,10,0.0,262,9,0.0,359,31,,,,2,,Alex,Palmer,Palmer,,,0,0,0,0,0,0,0,0,0,0,0,0,0,,,,0.0,0.0,0.0,0.0,0.0,0,0,0
302,a,,,4.0,556,52,0,0,0,0,0.5,265,34,0,0,0.0,361,26,0,0,0.0,361,26,0.0,0.0,0,6054,4095,3902,2083,0.0,0.0,0.0,0.0,0.0,0.0,0.0,0.0,0.0,0.0,0.0,343,26,0.0,333,5,0.0,255,4,0.0,352,26,,,,2,,David,Button,Button,,,0,0,0,0,0,0,0,0,0,0,0,0,0,,,,0.0,0.0,0.0,0.0,0.0,0,0,0
303,a,,,4.0,575,163,0,0,0,0,0.6,249,94,0,0,0.0,374,126,0,0,0.0,374,126,0.0,0.0,0,675,343,8076,3129,0.0,0.0,0.0,0.0,0.0,0.0,0.0,0.0,0.0,0.0,0.0,356,128,0.0,348,126,0.0,271,98,0.0,366,128,,,,2,,Cédric,Kipré,Kipré,,,0,0,0,0,0,0,0,0,0,0,0,0,0,,,,0.0,0.0,0.0,0.0,0.0,0,0,0
304,a,,,4.0,580,167,0,0,0,0,3.3,98,38,4,0,2.0,150,53,0,2,2.0,145,51,0.5,1.0,0,28337,12698,33181,19197,2.0,2.0,0.07,0.17,0.24,5.43,0.04,0.08,0.12,2.72,48.0,64,26,25.3,102,31,11.0,135,43,8.4,88,27,,,,2,,Dara,O'Shea,O'Shea,,,180,0,0,0,6,0,0,0,0,0,0,2,19,,,,0.0,0.0,3.0,1.0,9.5,2,17,8
305,a,,,4.0,594,177,0,0,0,0,5.0,73,30,8,6,4.0,78,27,0,11,4.0,75,27,1.0,2.0,0,41756,34434,43380,22090,4.0,4.0,0.54,0.13,0.67,5.43,0.27,0.06,0.33,2.72,62.2,25,7,17.0,136,41,50.0,34,3,13.0,36,3,2.0,2.0,,2,,Leif,Davis,Davis,,,180,1,0,0,6,0,0,0,0,0,0,2,11,,,,0.0,0.0,3.0,1.0,5.5,0,11,5
306,a,,,4.0,592,175,0,0,0,0,1.3,160,65,1,-1,0.5,342,112,0,-1,0.5,275,91,0.1,0.2,0,3293,1657,12156,6045,0.5,0.5,0.0,0.01,0.01,5.43,0.0,0.0,0.0,2.72,34.8,118,54,2.6,232,74,0.0,284,106,3.8,199,76,,,,2,,Jacob,Greaves,Greaves,,,180,0,0,0,6,1,0,0,1,0,0,2,17,,,,0.0,0.0,3.0,1.0,8.5,4,13,5
307,a,,,4.0,583,170,0,0,0,0,0.1,421,149,0,0,0.0,379,130,0,0,0.0,379,130,0.0,0.0,0,876,449,1759,737,0.0,0.0,0.0,0.0,0.0,0.0,0.0,0.0,0.0,0.0,0.0,361,132,0.0,353,130,0.0,277,103,0.0,371,132,,,,2,,Ben,Johnson,Johnson,,,0,0,0,0,0,0,0,0,0,0,0,0,0,,,,0.0,0.0,0.0,0.0,0.0,0,0,0
308,a,,,4.0,574,162,0,0,0,0,0.6,250,95,1,1,1.0,226,71,0,-1,0.5,274,90,0.1,0.2,0,614,345,6974,2558,0.5,0.5,0.0,0.0,0.0,0.86,0.0,0.0,0.0,4.55,5.0,274,103,0.5,305,114,0.0,270,97,0.6,308,110,,,,2,,Darnell,Furlong,Furlong,,,17,0,0,0,1,0,0,0,0,0,0,0,3,,,,0.0,0.0,5.29,0.0,15.88,1,2,0
309,a,,,5.0,337,196,0,0,0,0,0.1,388,151,6,2,3.0,111,47,0,32,3.0,105,46,0.6,1.2,0,1905,708,2561,1168,3.0,3.0,0.03,0.05,0.08,3.48,0.02,0.03,0.05,2.24,24.6,155,56,19.4,129,78,6.0,188,92,5.0,170,82,1.0,1.0,,2,,Marcelino,Núñez,Núñez,,,140,0,0,0,4,0,0,0,0,0,0,2,21,,,,0.0,0.0,2.57,1.29,13.5,3,8,10
310,i,0.0,0.0,5.0,289,174,0,0,0,0,0.0,616,268,0,0,0.0,538,222,0,0,0.0,538,222,0.0,0.0,0,15,7,159,47,0.0,0.0,0.0,0.0,0.0,0.0,0.0,0.0,0.0,0.0,0.0,526,214,0.0,527,219,0.0,482,184,0.0,533,216,,,,2,,Azor,Matusiwa,Matusiwa,Muscular injury - Unknown return date,,0,0,0,0,0,0,0,0,0,0,0,0,0,,,,0.0,0.0,0.0,0.0,0.0,0,0,0
311,u,0.0,0.0,5.0,243,147,0,0,0,0,0.0,614,267,0,0,0.0,521,212,0,0,0.0,521,212,0.0,0.0,0,0,0,251,60,0.0,0.0,0.0,0.0,0.0,0.0,0.0,0.0,0.0,0.0,0.0,506,202,0.0,508,209,0.0,457,169,0.0,514,205,,,,2,,Wes,Burns,Burns,Has joined Leicester City permanently,,0,0,0,0,0,0,0,0,0,0,0,0,0,,,,0.0,0.0,0.0,0.0,0.0,0,0,0
312,i,0.0,0.0,4.5,457,251,0,0,0,0,0.0,523,218,0,0,0.0,438,175,0,0,0.0,438,175,0.0,0.0,0,223,112,1378,495,0.0,0.0,0.0,0.0,0.0,0.0,0.0,0.0,0.0,0.0,0.0,419,163,0.0,415,172,0.0,352,129,0.0,429,168,,,,2,,Jack,Taylor,Taylor,Knee injury - Unknown return date,,0,0,0,0,0,0,0,0,0,0,0,0,0,,,,0.0,0.0,0.0,0.0,0.0,0,0,0
313,a,,,5.5,165,103,0,0,0,0,0.3,309,107,7,0,7.0,27,14,1,27,3.5,95,41,0.6,1.3,0,4057,855,5817,3374,3.5,3.5,0.1,0.0,0.1,0.03,0.47,0.0,0.47,0.14,33.6,123,45,0.6,302,152,18.0,97,51,5.2,166,80,3.0,3.0,1.0,2,,Jack,Clarke,Clarke,,,19,1,0,0,0,0,0,0,0,0,0,0,2,,,,0.0,0.0,0.0,0.0,9.47,1,0,1
314,a,,,4.9,390,234,-1,1,-1,1,0.0,581,244,0,0,0.0,502,200,0,0,0.0,502,200,0.0,0.0,0,90,53,425,182,0.0,0.0,0.0,0.0,0.0,0.0,0.0,0.0,0.0,0.0,0.0,485,189,0.0,487,197,0.0,432,155,0.0,494,193,,,,2,,Chiedozie,Ogbene,Ogbene,,,0,0,0,0,0,0,0,0,0,0,0,0,0,,,,0.0,0.0,0.0,0.0,0.0,0,0,0
315,a,,,5.5,186,117,0,0,0,0,0.2,331,118,6,4,3.0,117,51,0,47,3.0,112,51,0.5,1.1,0,1829,1259,4558,1790,3.0,3.0,0.0,0.63,0.63,5.22,0.0,0.39,0.39,3.2,45.2,73,29,70.7,13,13,10.0,149,73,12.6,40,30,,,,2,,Abdul,Fatawu,Fatawu,,,147,0,1,0,6,0,0,0,1,0,0,2,11,,,,0.0,0.0,3.67,1.22,6.73,5,2,4
316,d,75.0,,5.5,188,41,0,0,0,0,1.7,142,23,10,1,5.0,63,5,3,48,5.0,59,4,0.9,1.8,0,90506,13699,52243,35433,3.8,5.0,0.82,0.06,0.88,1.4,0.67,0.05,0.72,1.15,46.6,70,5,37.4,54,2,42.0,42,13,12.6,41,6,,,2.0,2,,Emersonn,Correia da Silva,Emersonn,Knee injury - 75% chance of playing,,110,1,0,0,2,0,0,0,0,0,0,2,4,,,,0.0,0.0,1.64,1.64,3.27,1,2,1
317,u,0.0,0.0,5.0,279,51,0,0,0,0,0.1,392,55,0,0,0.0,533,55,0,0,0.0,533,55,0.0,0.0,0,0,0,11452,2757,0.0,0.0,0.0,0.0,0.0,0.0,0.0,0.0,0.0,0.0,0.0,521,48,0.0,522,53,0.0,476,50,0.0,528,53,,,,2,,George,Hirst,Hirst,Has joined Stoke City permanently,,0,0,0,0,0,0,0,0,0,0,0,0,0,,,,0.0,0.0,0.0,0.0,0.0,0,0,0
318,i,0.0,0.0,5.4,218,134,-1,1,-1,1,0.1,426,168,0,0,0.0,586,248,0,0,0.0,586,248,0.0,0.0,0,140,34,6227,2299,0.0,0.0,0.0,0.0,0.0,0.0,0.0,0.0,0.0,0.0,0.0,573,242,0.0,579,247,0.0,552,225,0.0,580,244,5.0,,3.0,2,,Jaden,Philogene,Philogene,Ankle injury - Unknown return date,,0,0,0,0,0,0,0,0,0,0,0,0,0,,,,0.0,0.0,0.0,0.0,0.0,0,0,0
319,u,0.0,0.0,5.0,250,153,0,0,0,0,0.0,609,263,0,0,0.0,525,215,0,0,0.0,525,215,0.0,0.0,0,0,0,547,138,0.0,0.0,0.0,0.0,0.0,0.0,0.0,0.0,0.0,0.0,0.0,510,205,0.0,512,212,0.0,463,174,0.0,518,208,,,,2,,Sam,Szmodics,Szmodics,Has joined Derby County on loan for the rest of the season,,0,0,0,0,0,0,0,0,0,0,0,0,0,,,,0.0,0.0,0.0,0.0,0.0,0,0,0
320,a,,,5.0,242,49,0,0,0,0,0.8,214,36,6,5,3.0,106,16,0,33,3.0,100,12,0.6,1.2,0,35926,31301,14965,8715,3.0,3.0,0.97,0.0,0.97,4.04,1.27,0.0,1.27,5.27,34.6,119,10,1.7,259,35,19.0,92,20,5.5,153,17,,,,2,,Chuba,Akpom,Akpom,,,69,1,0,0,4,0,0,0,0,0,0,0,3,,,,0.0,0.0,5.22,0.0,3.91,1,0,2
321,a,,,4.5,516,67,0,0,0,0,3.1,108,17,1,0,1.0,254,30,0,3,0.5,291,35,0.1,0.2,0,118420,77708,53840,30399,0.5,0.5,0.0,0.0,0.0,0.03,0.0,0.0,0.0,0.27,0.0,455,41,0.1,326,41,0.0,400,43,0.0,465,46,,,,2,,Sindre,Walle Egeli,Walle Egeli,,,10,0,0,0,0,0,0,0,0,0,0,0,0,,,,0.0,0.0,0.0,0.0,0.0,0,0,0
322,u,0.0,0.0,5.0,307,54,0,0,0,0,0.1,436,62,0,0,0.0,547,57,0,0,0.0,547,57,0.0,0.0,0,755,0,5752,2750,0.0,0.0,0.0,0.0,0.0,0.0,0.0,0.0,0.0,0.0,0.0,534,50,0.0,538,55,0.0,496,52,0.0,542,55,,,,2,,Ali,Al-Hamadi,Al-Hamadi,Has joined Sheffield Wednesday on loan for the rest of the season,,0,0,0,0,0,0,0,0,0,0,0,0,0,,,,0.0,0.0,0.0,0.0,0.0,0,0,0
323,a,,,4.5,476,253,0,0,0,0,1.3,165,50,2,1,1.0,248,107,0,7,1.0,223,103,0.2,0.4,0,12713,7098,21167,9602,1.0,1.0,0.0,0.0,0.0,0.21,0.0,0.0,0.0,0.61,1.4,317,143,1.3,272,139,0.0,365,130,0.3,324,148,,,,2,,Kasey,McAteer,McAteer,,,31,0,0,0,0,0,0,0,0,0,0,0,4,,,,0.0,0.0,0.0,0.0,11.61,1,0,3
324,a,,,4.9,391,235,-1,1,-1,1,0.0,510,212,0,0,0.0,503,201,0,0,0.0,503,201,0.0,0.0,0,83,36,1130,444,0.0,0.0,0.0,0.0,0.0,0.0,0.0,0.0,0.0,0.0,0.0,486,190,0.0,488,198,0.0,433,156,0.0,495,194,,,,2,,Anis,Mehmeti,Mehmeti,,,0,0,0,0,0,0,0,0,0,0,0,0,0,,,,0.0,0.0,0.0,0.0,0.0,0,0,0
554,u,0.0,0.0,4.5,507,46,0,0,0,0,0.0,545,64,0,0,0.0,466,62,0,0,0.0,466,62,0.0,0.0,0,54,0,1144,507,0.0,0.0,0.0,0.0,0.0,0.0,0.0,0.0,0.0,0.0,0.0,447,62,0.0,450,49,0.0,392,48,0.0,457,62,,,,2,,Kayne,van Oevelen,Van Oevelen,Has joined Valencia on loan for the rest of the season,,0,0,0,0,0,0,0,0,0,0,0,0,0,,,,0.0,0.0,0.0,0.0,0.0,0,0,0
562,a,,,5.5,164,102,0,0,0,0,0.3,290,96,4,2,2.0,176,86,0,17,2.0,165,83,0.4,0.7,0,1294,554,7192,3150,2.0,2.0,0.67,0.01,0.68,4.54,0.4,0.01,0.41,2.71,20.6,174,66,2.8,231,125,26.0,72,41,4.9,175,83,,,,2,,Daizen,Maeda,Maeda,,,151,0,0,0,5,0,0,0,0,0,0,2,14,,,,0.0,0.0,2.98,1.19,8.34,5,6,3
564,a,,,4.5,460,36,0,0,0,0,0.6,244,32,4,2,2.0,153,11,0,21,2.0,147,11,0.4,0.9,0,3026,1697,7140,3564,2.0,2.0,0.0,0.01,0.01,5.43,0.0,0.0,0.0,2.72,60.8,28,4,0.0,417,39,0.0,354,38,6.0,145,5,,,,2,,Kjell,Scherpen,Scherpen,,,180,0,0,0,6,0,0,0,0,0,8,2,0,,,,4.0,0.0,3.0,1.0,0.0,0,5,23
571,d,75.0,75.0,5.0,272,167,0,0,0,0,0.1,422,167,0,0,0.0,530,219,0,0,0.0,530,219,0.0,0.0,0,312,98,3631,1424,0.0,0.0,0.0,0.0,0.0,0.0,0.0,0.0,0.0,0.0,0.0,518,211,0.0,519,216,0.0,473,180,0.0,525,213,,,,2,,Florentino Ibrain,Morris Luís,Florentino,Calf injury - 75% chance of playing,,0,0,0,0,0,0,0,0,0,0,0,0,0,,,,0.0,0.0,0.0,0.0,0.0,0,0,0
591,a,100.0,100.0,5.5,174,108,0,0,0,0,0.6,236,80,10,5,5.0,61,30,0,49,5.0,57,28,0.9,1.8,0,35610,17941,10029,5575,5.0,5.0,0.63,0.62,1.25,5.4,0.35,0.35,0.7,3.04,43.4,77,30,26.4,96,59,39.0,47,28,10.9,58,38,,,,2,,Julio,Enciso,Enciso,,,160,0,2,0,6,0,0,0,0,0,0,2,16,,,,0.0,0.0,3.38,1.12,9.0,2,2,12
592,a,,,4.0,616,195,0,0,0,0,1.0,195,75,2,1,1.0,230,75,0,3,1.0,213,71,0.2,0.5,0,5540,2771,10016,4150,1.0,1.0,0.0,0.0,0.0,0.89,0.0,0.0,0.0,2.97,5.8,262,101,10.6,182,58,0.0,304,122,1.6,275,100,,,,2,,Abdoul,Ouattara,Ouattara,,,27,0,0,0,1,0,0,0,0,0,0,0,2,,,,0.0,0.0,3.33,0.0,6.67,0,2,1
602,a,,,4.5,505,261,0,0,0,0,0.0,498,205,0,0,0.0,464,183,0,0,0.0,464,183,0.0,0.0,0,2742,1467,978,645,0.0,0.0,0.0,0.0,0.0,0.0,0.0,0.0,0.0,0.0,0.0,445,171,0.0,448,180,0.0,390,138,0.0,455,176,,,,2,,Cameron,Humphreys,Humphreys,,,0,0,0,0,0,0,0,0,0,0,0,0,0,,,,0.0,0.0,0.0,0.0,0.0,0,0,0
619,a,,,5.0,273,168,0,0,0,0,0.0,585,248,1,1,1.0,271,116,0,11,1.0,233,107,0.2,0.2,0,1100,1011,251,246,1.5,1.5,0.0,0.01,0.01,1.92,0.0,0.03,0.03,6.17,7.2,250,109,12.0,170,100,2.0,227,108,2.1,253,114,,,,2,,Exequiel,Palacios,Palacios,,,28,0,0,0,2,0,0,0,0,0,0,0,6,,,,0.0,0.0,6.43,0.0,19.29,1,2,3
260,a,,,6.4,48,33,-1,1,-1,1,4.6,78,25,4,1,2.0,184,91,0,15,2.0,172,86,0.3,0.6,0,19215,4286,147518,89750,2.0,2.0,0.01,0.06,0.07,1.66,0.01,0.05,0.06,1.36,14.6,209,83,27.4,90,56,10.0,150,74,5.3,163,77,2.0,,,2,,Harry,Wilson,Wilson,,,110,0,0,1,0,0,0,0,0,0,0,1,8,,,,0.0,0.82,0.0,0.82,6.55,3,2,3
326,u,0.0,,4.5,441,33,0,0,0,0,0.5,259,33,0,0,0.0,432,55,0,0,0.0,432,55,0.0,0.0,0,532,204,9476,4117,0.0,0.0,0.0,0.0,0.0,0.0,0.0,0.0,0.0,0.0,0.0,413,55,0.0,408,36,0.0,343,35,0.0,423,55,,,,2,,Lucas Estella,Perri,Perri,Has joined Torino on loan for the rest of the season,,0,0,0,0,0,0,0,0,0,0,0,0,0,,,,0.0,0.0,0.0,0.0,0.0,0,0,0
327,a,,,5.0,297,53,0,0,0,0,1.0,197,77,11,1,5.5,51,21,2,28,5.5,48,20,1.1,2.2,0,56167,10948,19267,11083,5.5,5.5,0.11,0.0,0.11,1.21,0.07,0.0,0.07,0.81,32.0,131,59,0.6,298,111,15.0,115,35,4.8,179,66,,,,2,,Jaka,Bijol,Bijol,,,135,0,0,1,1,0,0,0,0,0,0,2,17,,,,0.0,0.67,0.67,1.33,11.33,1,16,7
329,d,50.0,,4.5,444,100,0,0,0,0,3.0,110,44,7,1,3.5,96,34,0,25,3.5,90,34,0.8,1.6,0,26414,4814,61057,48483,1.8,3.5,0.03,0.06,0.09,1.01,0.02,0.04,0.06,0.74,23.0,164,76,14.7,151,46,7.0,165,57,4.5,185,69,,,,2,,Joe,Rodon,Rodon,Hamstring injury - 50% chance of playing,,123,0,0,1,0,0,0,0,0,0,0,2,11,,,,0.0,0.73,0.0,1.46,8.05,1,10,2
330,a,,,4.5,453,108,0,0,0,0,0.5,251,96,8,2,4.0,79,28,0,33,4.0,76,28,0.9,1.8,0,8924,2999,6247,3123,4.0,4.0,0.0,0.01,0.01,1.4,0.0,0.01,0.01,0.8,25.6,150,68,12.4,165,50,4.0,197,70,4.2,188,71,,,,2,,Jayden,Bogle,Bogle,,,157,0,0,1,1,0,0,0,0,0,0,2,10,,,,0.0,0.57,0.57,1.15,5.73,3,7,8
331,a,100.0,75.0,4.5,463,114,0,0,0,0,0.0,500,175,0,0,0.0,441,166,0,0,0.0,441,166,0.0,0.0,0,430,364,1239,247,0.0,0.0,0.0,0.0,0.0,0.0,0.0,0.0,0.0,0.0,0.0,422,167,0.0,419,167,0.0,356,152,0.0,432,167,,,,2,,Gabriel,Gudmundsson,Gudmundsson,,,0,0,0,0,0,0,0,0,0,0,0,0,0,,,,0.0,0.0,0.0,0.0,0.0,0,0,0
332,a,,,4.5,448,104,0,0,0,0,1.4,159,64,12,2,6.0,39,15,2,40,6.0,37,14,1.3,2.7,0,64977,21443,21975,12584,6.0,6.0,0.03,0.02,0.05,2.33,0.02,0.01,0.03,1.16,49.2,61,24,14.1,154,47,11.0,136,44,7.4,113,40,,,,2,,James,Justin,Justin,,,180,0,0,1,1,0,0,0,0,0,0,2,20,,,,0.0,0.5,0.5,1.0,10.0,8,12,7
333,u,0.0,0.0,4.5,471,121,0,0,0,0,0.0,615,205,0,0,0.0,445,169,0,0,0.0,445,169,0.0,0.0,0,0,0,210,40,0.0,0.0,0.0,0.0,0.0,0.0,0.0,0.0,0.0,0.0,0.0,426,170,0.0,423,170,0.0,362,157,0.0,436,170,,,,2,,Sebastiaan,Bornauw,Bornauw,Has joined Hamburg SV on loan for the rest of the season,,0,0,0,0,0,0,0,0,0,0,0,0,0,,,,0.0,0.0,0.0,0.0,0.0,0,0,0
334,a,,,5.0,348,67,0,0,0,0,3.3,99,39,10,4,5.0,57,23,0,42,5.0,54,22,1.0,2.0,0,46231,24692,34809,22967,5.0,5.0,0.09,0.01,0.1,2.33,0.04,0.0,0.04,1.16,67.2,22,6,1.4,268,94,19.0,93,24,8.7,84,25,,,,2,,Tarik,Muharemović,Muharemović,,,180,0,0,1,1,0,0,0,0,0,0,2,26,,,,0.0,0.5,0.5,1.0,13.0,2,24,4
335,a,,,6.0,80,54,0,0,0,0,2.8,111,32,17,4,8.5,16,7,3,50,8.5,14,6,1.4,2.8,0,115967,34623,42907,29228,8.5,8.5,0.17,0.06,0.23,2.33,0.08,0.03,0.11,1.16,72.4,14,9,19.3,130,79,20.0,91,49,11.2,54,36,1.0,1.0,,2,,Anton,Stach,Stach,,,180,1,0,1,1,0,0,0,0,0,0,2,32,,,,0.0,0.5,0.5,1.0,16.0,7,16,9
336,a,,,5.9,100,64,-1,1,-1,1,0.4,287,94,3,2,1.5,215,102,0,21,1.5,202,97,0.3,0.5,0,2736,1381,15610,6442,1.5,1.5,0.08,0.17,0.25,0.87,0.08,0.17,0.25,0.85,16.4,200,79,21.5,120,74,14.0,122,62,5.2,167,81,,,,2,,Noah,Okafor,Okafor,,,92,0,0,0,1,0,0,0,0,0,0,1,7,,,,0.0,0.0,0.98,0.98,6.85,3,2,2
337,a,,,5.5,156,97,0,0,0,0,0.8,221,72,4,1,2.0,174,84,0,22,2.0,163,81,0.4,0.7,0,3897,1304,17619,9186,2.0,2.0,0.01,0.02,0.03,1.13,0.01,0.01,0.02,0.81,10.2,232,96,1.7,262,136,7.0,178,88,1.9,263,118,,3.0,,2,,Brenden,Aaronson,Aaronson,,,126,0,0,1,1,0,0,0,0,0,0,2,10,,,,0.0,0.71,0.71,1.43,7.14,2,1,7
338,a,,,5.5,135,84,0,0,0,0,1.2,173,53,7,2,3.5,100,42,0,30,3.5,94,40,0.6,1.3,0,6713,2122,20543,11102,3.5,3.5,0.01,0.13,0.14,2.33,0.0,0.06,0.06,1.16,38.2,101,36,39.9,52,41,1.0,251,123,7.9,102,53,,,,2,,Ethan,Ampadu,Ampadu,,,180,0,0,1,1,0,0,0,0,0,0,2,23,,,,0.0,0.5,0.5,1.0,11.5,4,11,8
339,a,,,5.0,253,154,0,0,0,0,0.1,411,164,1,0,1.0,266,113,0,3,0.5,301,134,0.1,0.2,0,1003,428,3244,1613,0.5,0.5,0.0,0.0,0.0,0.07,0.0,0.0,0.0,0.79,0.0,511,206,0.2,323,164,0.0,465,175,0.0,519,209,3.0,2.0,,2,,Sean,Longstaff,Longstaff,,,8,0,0,0,0,0,0,0,0,0,0,0,0,,,,0.0,0.0,0.0,0.0,0.0,0,0,0
341,a,100.0,75.0,5.0,330,193,0,0,0,0,0.0,569,237,0,0,0.0,558,232,0,0,0.0,558,232,0.0,0.0,0,226,208,918,222,0.0,0.0,0.0,0.0,0.0,0.0,0.0,0.0,0.0,0.0,0.0,545,225,0.0,551,231,0.0,513,200,0.0,553,228,,,,2,,Wilfried,Gnonto,Gnonto,,,0,0,0,0,0,0,0,0,0,0,0,0,0,,,,0.0,0.0,0.0,0.0,0.0,0,0,0
342,u,0.0,0.0,5.0,276,169,0,0,0,0,0.0,628,278,0,0,0.0,531,220,0,0,0.0,531,220,0.0,0.0,0,0,0,49,13,0.0,0.0,0.0,0.0,0.0,0.0,0.0,0.0,0.0,0.0,0.0,519,212,0.0,520,217,0.0,474,181,0.0,526,214,,,,2,,Jack,Harrison,Harrison,Has joined New England Revolution permanently,,0,0,0,0,0,0,0,0,0,0,0,0,0,,,,0.0,0.0,0.0,0.0,0.0,0,0,0
343,a,,,5.0,256,157,0,0,0,0,0.1,409,162,1,1,1.0,267,114,0,2,0.5,302,135,0.1,0.2,0,1951,1088,3098,1362,0.5,0.5,0.24,0.01,0.25,0.93,0.98,0.04,1.02,3.8,0.0,513,208,1.1,280,143,12.0,128,65,1.1,292,131,,,,2,,Daniel,James,James,,,22,0,0,0,0,0,0,0,0,0,0,0,2,,,,0.0,0.0,0.0,0.0,8.18,0,0,2
344,d,25.0,0.0,5.0,321,187,0,0,0,0,0.0,612,265,0,0,0.0,551,228,0,0,0.0,551,228,0.0,0.0,0,30,21,173,44,0.0,0.0,0.0,0.0,0.0,0.0,0.0,0.0,0.0,0.0,0.0,538,220,0.0,544,226,0.0,504,194,0.0,546,223,,,,2,,Ilia,Gruev,Gruev,Knee injury - 25% chance of playing,,0,0,0,0,0,0,0,0,0,0,0,0,0,,,,0.0,0.0,0.0,0.0,0.0,0,0,0
345,a,,,4.9,392,236,-1,1,-1,1,0.2,334,121,1,1,1.0,259,109,0,6,0.5,294,130,0.1,0.2,0,2572,1673,6944,2711,0.5,0.5,0.0,0.01,0.01,1.13,0.0,0.02,0.02,2.26,20.0,175,67,1.8,253,133,0.0,434,157,2.2,246,110,4.0,,,2,,Tanaka,Ao,Tanaka,,,45,0,0,0,0,0,0,0,0,0,0,0,11,,,,0.0,0.0,0.0,0.0,22.0,3,5,3
346,a,,,6.0,63,14,0,0,0,0,26.9,8,3,9,8,4.5,76,9,2,29,4.5,73,8,0.8,1.5,0,205864,121550,373367,184431,4.5,4.5,1.05,0.02,1.07,2.33,0.52,0.01,0.53,1.16,38.4,100,9,4.8,213,28,46.0,37,12,8.4,90,13,,,1.0,2,,Dominic,Calvert-Lewin,Calvert-Lewin,,,180,1,0,1,1,0,0,0,1,0,0,2,6,,,,0.0,0.5,0.5,1.0,3.0,0,3,3
347,a,,,5.5,130,33,0,0,0,0,0.5,257,43,4,4,4.0,88,11,0,18,2.0,161,16,0.4,0.7,0,5028,3111,14793,5249,2.0,2.0,0.1,0.0,0.1,0.93,0.43,0.0,0.43,3.99,18.2,186,15,20.3,123,11,6.0,190,32,4.5,186,22,,,2.0,2,,Lukas,Nmecha,Nmecha,,,21,0,1,0,0,0,0,0,0,0,0,0,1,,,,0.0,0.0,0.0,0.0,4.29,0,0,1
348,u,0.0,0.0,5.0,288,53,0,0,0,0,0.1,431,61,0,0,0.0,537,56,0,0,0.0,537,56,0.0,0.0,0,0,0,7459,2108,0.0,0.0,0.0,0.0,0.0,0.0,0.0,0.0,0.0,0.0,0.0,525,49,0.0,526,54,0.0,481,51,0.0,532,54,,,3.0,2,,Joël,Piroe,Piroe,Has joined West Ham United on loan for the rest of the season,,0,0,0,0,0,0,0,0,0,0,0,0,0,,,,0.0,0.0,0.0,0.0,0.0,0,0,0
349,i,0.0,0.0,4.5,517,68,0,0,0,0,0.1,488,64,0,0,0.0,474,49,0,0,0.0,474,49,0.0,0.0,0,902,577,1759,708,0.0,0.0,0.0,0.0,0.0,0.0,0.0,0.0,0.0,0.0,0.0,456,42,0.0,458,47,0.0,401,44,0.0,466,47,,,,2,,Mateo,Joseph Fernández-Regatillo,Mateo Joseph,Knee injury - Unknown return date,,0,0,0,0,0,0,0,0,0,0,0,0,0,,,,0.0,0.0,0.0,0.0,0.0,0,0,0
385,a,,,5.0,295,13,0,0,0,0,5.0,72,10,12,3,6.0,41,2,2,48,6.0,39,2,1.2,2.4,0,113451,49657,43445,28341,6.0,6.0,0.0,0.0,0.0,2.33,0.0,0.0,0.0,1.16,57.0,39,7,0.0,531,60,0.0,487,60,5.7,150,7,,,,2,,James,Trafford,Trafford,,,180,0,0,1,1,0,0,0,0,0,7,2,0,,,,3.5,0.5,0.5,1.0,0.0,0,0,20
598,a,,,4.5,434,93,0,0,0,0,0.0,543,188,1,1,1.0,238,82,0,9,0.5,281,96,0.1,0.2,0,706,352,567,288,0.5,0.5,0.0,0.0,0.0,1.32,0.0,0.0,0.0,2.12,16.0,202,84,1.1,279,100,6.0,184,63,2.3,243,90,,,,2,,Nico,Elvedi,Elvedi,,,56,0,0,0,1,0,0,0,0,0,0,0,6,,,,0.0,0.0,1.61,0.0,9.64,1,5,4
603,a,,,4.0,627,205,0,0,0,0,0.1,430,152,0,0,0.0,412,154,0,0,0.0,412,154,0.0,0.0,0,3204,1716,1100,781,0.0,0.0,0.0,0.0,0.0,0.0,0.0,0.0,0.0,0.0,0.0,394,156,0.0,386,154,0.0,314,131,0.0,404,156,,,,2,,Jayden,Lienou,Lienou,,,0,0,0,0,0,0,0,0,0,0,0,0,0,,,,0.0,0.0,0.0,0.0,0.0,0,0,0
625,a,,,4.0,561,56,0,0,0,0,0.1,374,40,0,0,0.0,366,30,0,0,0.0,366,30,0.0,0.0,0,6716,6716,651,651,1.0,1.0,0.0,0.0,0.0,0.0,0.0,0.0,0.0,0.0,0.0,348,30,0.0,338,9,0.0,260,8,0.0,357,30,,,,2,,Alex,Cairns,Cairns,,,0,0,0,0,0,0,0,0,0,0,0,0,0,,,,0.0,0.0,0.0,0.0,0.0,0,0,0
629,a,,,4.0,566,58,0,0,0,0,0.1,483,55,0,0,0.0,370,32,0,0,0.0,370,32,0.0,0.0,0,2455,2455,134,134,1.0,1.0,0.0,0.0,0.0,0.0,0.0,0.0,0.0,0.0,0.0,352,32,0.0,342,11,0.0,264,10,0.0,361,32,,,,2,,Michael,Zetterer,Zetterer,,,0,0,0,0,0,0,0,0,0,0,0,0,0,,,,0.0,0.0,0.0,0.0,0.0,0,0,0
350,a,,,5.5,123,3,0,0,0,0,3.8,92,14,2,0,1.0,305,22,0,2,1.0,250,21,0.2,0.4,0,48772,23465,56923,35700,1.0,1.0,0.0,0.0,0.0,3.88,0.0,0.0,0.0,1.94,25.4,151,16,0.0,586,69,0.0,564,69,2.6,229,16,,,,2,,Alisson,Becker,A.Becker,,,180,0,0,0,4,0,0,0,1,0,4,2,0,,,,2.0,0.0,2.0,1.0,0.0,0,4,10
604,a,,,4.5,528,268,0,0,0,0,0.1,415,165,0,0,0.0,482,189,0,0,0.0,482,189,0.0,0.0,0,6781,3752,2115,1405,0.0,0.0,0.0,0.0,0.0,0.0,0.0,0.0,0.0,0.0,0.0,464,177,0.0,466,186,0.0,410,144,0.0,474,182,,,,2,,Alfie,Cresswell,Cresswell,,,0,0,0,0,0,0,0,0,0,0,0,0,0,,,,0.0,0.0,0.0,0.0,0.0,0,0,0
351,a,,,5.0,301,16,0,0,0,0,0.1,381,43,0,0,0.0,543,70,0,0,0.0,543,70,0.0,0.0,0,1228,570,4026,1988,0.0,0.0,0.0,0.0,0.0,0.0,0.0,0.0,0.0,0.0,0.0,530,70,0.0,534,63,0.0,492,63,0.0,538,70,,,,2,,Giorgi,Mamardashvili,Mamardashvili,,,0,0,0,0,0,0,0,0,0,0,0,0,0,,,,0.0,0.0,0.0,0.0,0.0,0,0,0
352,a,,,4.0,567,59,0,0,0,0,1.1,183,27,0,0,0.0,371,33,0,0,0.0,371,33,0.0,0.0,0,9527,6264,10551,5028,0.0,0.0,0.0,0.0,0.0,0.0,0.0,0.0,0.0,0.0,0.0,353,33,0.0,343,12,0.0,265,11,0.0,362,33,,,,2,,Freddie,Woodman,Woodman,,,0,0,0,0,0,0,0,0,0,0,0,0,0,,,,0.0,0.0,0.0,0.0,0.0,0,0,0
353,u,0.0,0.0,4.0,621,71,0,0,0,0,0.0,554,65,0,0,0.0,408,45,0,0,0.0,408,45,0.0,0.0,0,0,0,642,194,0.0,0.0,0.0,0.0,0.0,0.0,0.0,0.0,0.0,0.0,0.0,390,45,0.0,382,24,0.0,309,23,0.0,400,45,,,,2,,Armin,Pecsi,Pecsi,Has joined TSV Hartberg on loan for the rest of the season,,0,0,0,0,0,0,0,0,0,0,0,0,0,,,,0.0,0.0,0.0,0.0,0.0,0,0,0
354,i,0.0,0.0,4.0,586,64,0,0,0,0,0.0,575,68,0,0,0.0,381,38,0,0,0.0,381,38,0.0,0.0,0,375,212,342,163,0.0,0.0,0.0,0.0,0.0,0.0,0.0,0.0,0.0,0.0,0.0,363,38,0.0,355,17,0.0,279,16,0.0,373,38,,,,2,,Vitezslav,Jaros,Jaros,Knee injury - Unknown return date,,0,0,0,0,0,0,0,0,0,0,0,0,0,,,,0.0,0.0,0.0,0.0,0.0,0,0,0
355,a,,,4.0,596,67,0,0,0,0,0.1,375,41,0,0,0.0,386,41,0,0,0.0,386,41,0.0,0.0,0,1582,938,1393,680,0.0,0.0,0.0,0.0,0.0,0.0,0.0,0.0,0.0,0.0,0.0,368,41,0.0,360,20,0.0,285,19,0.0,378,41,,,,2,,Harvey,Davies,Davies,,,0,0,0,0,0,0,0,0,0,0,0,0,0,,,,0.0,0.0,0.0,0.0,0.0,0,0,0
356,a,,,6.5,33,2,0,0,0,0,18.1,20,5,3,1,1.5,221,67,0,13,1.5,208,67,0.2,0.5,0,111703,37089,253446,174326,1.5,1.5,0.25,0.04,0.29,3.88,0.12,0.02,0.14,1.94,50.2,55,18,5.9,203,66,26.0,73,16,8.2,96,34,,,,2,,Virgil,van Dijk,Virgil,,,180,0,0,0,4,0,0,0,1,0,0,2,18,,,,0.0,0.0,2.0,1.0,9.0,2,16,11
357,a,,,5.5,146,17,0,0,0,0,3.2,104,41,1,1,0.5,353,120,0,12,0.5,333,118,0.1,0.2,0,39052,14532,77042,43473,0.5,0.5,0.01,0.11,0.12,3.81,0.01,0.06,0.07,2.14,26.4,147,65,51.6,29,5,14.0,119,36,9.2,76,22,,,,2,,Jeremie,Frimpong,Frimpong,,,160,0,0,0,4,0,0,0,1,0,0,2,8,,,,0.0,0.0,2.25,1.12,4.5,3,5,6
358,a,,,5.5,189,26,0,0,0,0,3.1,107,43,1,1,0.5,355,122,0,12,0.5,341,121,0.1,0.2,0,23143,7498,74399,40012,0.5,0.5,0.02,0.03,0.05,3.81,0.01,0.02,0.03,2.14,42.0,84,37,26.6,94,29,12.0,134,42,8.1,98,35,,,,2,,Milos,Kerkez,Kerkez,,,160,0,0,0,4,0,0,0,1,0,0,2,15,,,,0.0,0.0,2.25,1.12,8.44,4,11,7
359,i,0.0,0.0,5.0,249,39,0,0,0,0,0.0,578,197,0,0,0.0,524,189,0,0,0.0,524,189,0.0,0.0,0,128,49,634,225,0.0,0.0,0.0,0.0,0.0,0.0,0.0,0.0,0.0,0.0,0.0,509,191,0.0,511,192,0.0,462,184,0.0,517,191,,,,2,,Joe,Gomez,Gomez,Muscular injury - Unknown return date,,0,0,0,0,0,0,0,0,0,0,0,0,0,,,,0.0,0.0,0.0,0.0,0.0,0,0,0
360,i,0.0,0.0,5.0,329,64,0,0,0,0,0.0,593,200,0,0,0.0,557,198,0,0,0.0,557,198,0.0,0.0,0,159,80,366,147,0.0,0.0,0.0,0.0,0.0,0.0,0.0,0.0,0.0,0.0,0.0,544,199,0.0,550,199,0.0,512,195,0.0,552,199,,,,2,,Conor,Bradley,Bradley,Knee injury - Unknown return date,,0,0,0,0,0,0,0,0,0,0,0,0,0,,,,0.0,0.0,0.0,0.0,0.0,0,0,0
361,a,,,4.0,606,185,0,0,0,0,0.1,401,142,0,0,0.0,396,139,0,0,0.0,396,139,0.0,0.0,0,1447,839,2073,936,0.0,0.0,0.0,0.0,0.0,0.0,0.0,0.0,0.0,0.0,0.0,378,141,0.0,370,139,0.0,295,113,0.0,388,141,,,,2,,Wellity,Lucky,Lucky,,,0,0,0,0,0,0,0,0,0,0,0,0,0,,,,0.0,0.0,0.0,0.0,0.0,0,0,0
362,a,100.0,100.0,5.0,368,69,0,0,0,0,2.5,113,45,4,3,2.0,168,56,0,22,2.0,156,54,0.4,0.8,0,55653,32941,41671,23515,2.0,2.0,0.0,0.07,0.07,3.27,0.0,0.04,0.04,2.03,43.2,79,33,27.0,91,28,2.0,235,88,7.2,116,42,,,,2,,Jeremy,Jacquet,Jacquet,,,145,0,0,0,4,0,0,0,0,0,0,2,14,,,,0.0,0.0,2.48,1.24,8.69,4,10,7
363,i,0.0,0.0,4.0,628,206,0,0,0,0,0.0,513,178,0,0,0.0,413,155,0,0,0.0,413,155,0.0,0.0,0,401,219,933,414,0.0,0.0,0.0,0.0,0.0,0.0,0.0,0.0,0.0,0.0,0.0,395,157,0.0,387,155,0.0,315,132,0.0,405,157,,,,2,,Giovanni,Leoni,Leoni,Knee injury - Unknown return date,,0,0,0,0,0,0,0,0,0,0,0,0,0,,,,0.0,0.0,0.0,0.0,0.0,0,0,0
364,a,,,5.0,269,43,0,0,0,0,0.1,462,164,1,1,1.0,270,104,0,4,0.5,304,112,0.1,0.2,0,635,296,1675,693,0.5,0.5,0.04,0.01,0.05,0.07,0.19,0.05,0.24,0.33,3.6,295,112,1.3,273,98,9.0,156,51,1.4,281,102,,,,2,,Kostas,Tsimikas,Tsimikas,,,19,0,0,0,0,0,0,0,0,0,0,0,0,,,,0.0,0.0,0.0,0.0,0.0,0,0,0
365,u,0.0,0.0,4.0,600,181,0,0,0,0,0.1,386,139,0,0,0.0,390,135,0,0,0.0,390,135,0.0,0.0,0,638,0,7633,3881,0.0,0.0,0.0,0.0,0.0,0.0,0.0,0.0,0.0,0.0,0.0,372,137,0.0,364,135,0.0,289,109,0.0,382,137,,,,2,,Calvin,Ramsay,Ramsay,Has joined St Mirren on loan for the rest of the season,,0,0,0,0,0,0,0,0,0,0,0,0,0,,,,0.0,0.0,0.0,0.0,0.0,0,0,0
366,a,,,7.5,19,12,0,0,0,0,10.3,39,15,6,4,3.0,125,57,0,39,3.0,119,57,0.4,0.8,0,56171,31248,238318,115056,3.0,3.0,0.49,0.24,0.73,2.81,0.29,0.14,0.43,1.66,37.6,107,40,42.2,46,36,51.0,33,21,13.1,35,28,3.0,2.0,4.0,2,,Florian,Wirtz,Wirtz,,,152,0,1,0,4,0,0,0,1,0,0,2,15,,,,0.0,0.0,2.37,1.18,8.88,4,0,11
367,a,,,7.0,26,17,0,0,0,0,7.8,54,19,17,5,8.5,18,9,3,54,8.5,16,8,1.2,2.4,0,323288,117584,100383,72632,8.5,8.5,0.3,0.8,1.1,3.81,0.17,0.45,0.62,2.14,67.2,23,13,61.8,16,15,43.0,40,24,17.2,18,14,2.0,,3.0,2,,Cody,Gakpo,Gakpo,,,160,1,1,0,4,0,0,0,0,0,0,2,15,,,,0.0,0.0,2.25,1.12,8.44,3,5,7
368,a,,,7.0,27,18,0,0,0,0,41.7,5,2,12,4,6.0,48,24,1,53,6.0,45,22,0.9,1.7,0,378900,133897,300632,233227,6.0,6.0,1.01,0.44,1.45,3.88,0.5,0.22,0.72,1.94,71.8,15,10,87.8,7,7,25.0,78,44,18.5,9,8,1.0,1.0,1.0,2,,Dominik,Szoboszlai,Szoboszlai,,,180,1,0,0,4,0,0,0,0,0,0,2,20,,,,0.0,0.0,2.0,1.0,10.0,4,5,11
369,a,,,5.9,113,74,-1,1,-1,1,0.9,205,66,3,1,1.5,218,104,0,14,1.5,205,99,0.3,0.5,0,7806,2259,36545,21668,1.5,1.5,0.04,0.05,0.09,0.58,0.04,0.06,0.1,0.64,4.4,280,128,7.3,197,109,7.0,181,90,1.8,266,119,,,,2,,Rio,Ngumoha,Ngumoha,,,81,0,0,0,2,0,0,0,0,0,0,1,3,,,,0.0,0.0,2.22,1.11,3.33,1,0,2
370,i,0.0,0.0,5.4,208,129,-1,1,-1,1,0.1,460,184,0,0,0.0,579,244,0,0,0.0,579,244,0.0,0.0,0,617,32,6776,3226,0.0,0.0,0.0,0.0,0.0,0.0,0.0,0.0,0.0,0.0,0.0,567,238,0.0,574,244,0.0,545,222,0.0,575,241,,,,2,,Federico,Chiesa,Chiesa,Back injury - Unknown return date,,0,0,0,0,0,0,0,0,0,0,0,0,0,,,,0.0,0.0,0.0,0.0,0.0,0,0,0
371,a,,,6.0,74,51,0,0,0,0,1.7,139,41,6,1,3.0,123,55,0,33,3.0,117,55,0.5,1.0,0,21334,6329,44585,29402,3.0,3.0,0.06,0.06,0.12,1.17,0.06,0.06,0.12,1.1,28.8,137,50,28.1,88,55,4.0,207,100,6.1,144,70,,,,2,,Ryan,Gravenberch,Gravenberch,,,96,0,1,0,2,0,0,0,0,0,0,1,12,,,,0.0,0.0,1.88,0.94,11.25,2,2,8
372,a,,,5.5,152,94,0,0,0,0,1.5,156,46,3,2,1.5,211,98,0,19,1.5,197,93,0.3,0.5,0,13328,6761,39412,17904,1.5,1.5,0.0,0.4,0.4,3.3,0.0,0.35,0.35,2.88,18.4,185,71,9.1,190,106,0.0,578,244,2.7,226,100,,,5.0,2,,Alexis,Mac Allister,Mac Allister,,,103,0,0,0,2,0,0,0,0,0,0,1,13,,,,0.0,0.0,1.75,0.87,11.36,5,2,6
373,u,0.0,75.0,5.5,141,87,0,0,0,0,0.0,535,221,0,0,0.0,596,255,0,0,0.0,596,255,0.0,0.0,0,34,1,1784,656,0.0,0.0,0.0,0.0,0.0,0.0,0.0,0.0,0.0,0.0,0.0,586,251,0.0,592,254,0.0,573,239,0.0,592,253,,,,2,,Curtis,Jones,C.Jones,Has joined Internazionale permanently,,0,0,0,0,0,0,0,0,0,0,0,0,0,,,,0.0,0.0,0.0,0.0,0.0,0,0,0
374,a,100.0,100.0,5.0,247,151,0,0,0,0,0.1,477,193,0,0,0.0,523,214,0,0,0.0,523,214,0.0,0.0,0,995,510,1978,993,0.0,0.0,0.0,0.0,0.0,0.0,0.0,0.0,0.0,0.0,0.0,508,204,0.0,510,211,0.0,461,173,0.0,516,207,,,,2,,Endo,Wataru,Endo,,,0,0,0,0,0,0,0,0,0,0,0,0,0,,,,0.0,0.0,0.0,0.0,0.0,0,0,0
375,a,,,5.0,367,220,0,0,0,0,0.0,515,214,1,1,1.0,291,131,0,3,0.5,320,148,0.1,0.2,0,457,318,1192,519,0.5,0.5,0.0,0.0,0.0,0.07,0.0,0.0,0.0,0.48,6.4,257,114,2.2,240,127,0.0,533,214,0.9,296,133,,,,2,,Trey,Nyoni,Nyoni,,,13,0,0,0,0,0,0,0,0,0,0,0,5,,,,0.0,0.0,0.0,0.0,34.62,2,1,2
376,u,0.0,0.0,5.0,352,207,0,0,0,0,0.0,623,273,0,0,0.0,565,235,0,0,0.0,565,235,0.0,0.0,0,19,11,58,29,0.0,0.0,0.0,0.0,0.0,0.0,0.0,0.0,0.0,0.0,0.0,552,228,0.0,559,234,0.0,522,204,0.0,560,231,,,,2,,Stefan,Bajčetić Maquieira,Bajcetic,Has joined Celta Vigo permanently,,0,0,0,0,0,0,0,0,0,0,0,0,0,,,,0.0,0.0,0.0,0.0,0.0,0,0,0
377,a,,,6.5,47,32,0,0,0,0,1.1,185,57,10,6,5.0,65,31,0,39,5.0,61,29,0.8,1.5,0,55472,48986,18501,12588,5.0,5.0,0.42,0.23,0.65,3.37,0.32,0.18,0.5,2.59,46.2,71,28,25.7,100,62,43.0,39,23,11.5,49,35,,,,2,,Victor,Munoz,Munoz,,,117,1,1,0,2,0,0,0,1,0,0,1,7,,,,0.0,0.0,1.54,0.77,5.38,2,4,1
378,a,,,4.5,492,257,0,0,0,0,0.2,317,111,0,0,0.0,451,179,0,0,0.0,451,179,0.0,0.0,0,1754,871,5029,2129,0.0,0.0,0.0,0.0,0.0,0.0,0.0,0.0,0.0,0.0,0.0,432,167,0.0,435,176,0.0,377,134,0.0,442,172,,,,2,,James,McConnell,McConnell,,,0,0,0,0,0,0,0,0,0,0,0,0,0,,,,0.0,0.0,0.0,0.0,0.0,0,0,0
379,a,,,9.0,5,2,0,0,0,0,16.3,23,4,10,8,5.0,67,7,2,36,5.0,63,6,0.6,1.1,0,159824,86788,220837,119704,5.0,5.0,2.08,0.01,2.09,3.88,1.04,0.0,1.04,1.94,45.4,72,6,24.9,106,10,114.0,1,1,18.4,10,2,,,2.0,2,,Alexander,Isak,Isak,,,180,1,0,0,4,0,0,0,0,0,0,2,2,,,,0.0,0.0,2.0,1.0,1.0,1,1,0
380,i,0.0,0.0,7.5,20,7,0,0,0,0,0.1,398,56,0,0,0.0,626,72,0,0,0.0,626,72,0.0,0.0,0,1166,457,6272,2465,0.0,0.0,0.0,0.0,0.0,0.0,0.0,0.0,0.0,0.0,0.0,627,72,0.0,627,72,0.0,627,72,0.0,627,72,,,,2,,Hugo,Ekitiké,Ekitiké,Achilles injury - Unknown return date,,0,0,0,0,0,0,0,0,0,0,0,0,0,,,,0.0,0.0,0.0,0.0,0.0,0,0,0
381,a,,,5.0,345,202,0,0,0,0,0.0,551,228,1,0,1.0,285,126,0,4,0.5,315,144,0.1,0.2,0,264,108,455,245,0.5,0.5,0.03,0.0,0.03,0.48,0.22,0.0,0.22,3.6,1.2,323,146,0.5,308,155,7.0,171,83,0.9,295,132,,,,2,,Lewis,Koumas,Koumas,,,12,0,0,0,0,0,0,0,0,0,0,0,1,,,,0.0,0.0,0.0,0.0,7.5,0,0,1
382,i,0.0,0.0,4.5,496,63,0,0,0,0,0.0,519,67,0,0,0.0,455,45,0,0,0.0,455,45,0.0,0.0,0,771,462,1003,441,0.0,0.0,0.0,0.0,0.0,0.0,0.0,0.0,0.0,0.0,0.0,436,37,0.0,439,43,0.0,381,39,0.0,446,42,,,,2,,Jayden,Danns,Danns,Unspecified injury - Unknown return date,,0,0,0,0,0,0,0,0,0,0,0,0,0,,,,0.0,0.0,0.0,0.0,0.0,0,0,0
383,a,,,5.4,212,132,-1,1,-1,1,0.1,472,191,0,0,0.0,582,246,0,0,0.0,582,246,0.0,0.0,0,854,474,2479,1263,0.0,0.0,0.0,0.0,0.0,0.0,0.0,0.0,0.0,0.0,0.0,569,240,0.0,575,245,0.0,546,223,0.0,576,242,,,,2,,Harvey,Elliott,Elliott,,,0,0,0,0,0,0,0,0,0,0,0,0,0,,,,0.0,0.0,0.0,0.0,0.0,0,0,0
579,a,,,5.4,213,31,-1,1,-1,1,2.3,119,49,1,0,0.5,352,119,0,2,0.5,326,116,0.1,0.2,0,32127,8220,90131,56357,0.5,0.5,0.0,0.04,0.04,0.61,0.0,0.11,0.11,1.66,19.0,183,80,3.5,223,71,0.0,547,198,2.2,248,92,,,,2,,Ronald,Araujo,Araujo,,,33,0,0,0,0,0,0,0,1,0,0,0,5,,,,0.0,0.0,0.0,0.0,13.64,1,4,3
627,a,,,8.0,10,7,0,0,0,0,0.5,263,89,0,0,0.0,628,277,0,0,0.0,628,277,0.0,0.0,0,42573,42573,2632,2632,2.8,2.8,0.0,0.0,0.0,0.0,0.0,0.0,0.0,0.0,0.0,629,278,0.0,629,278,0.0,629,278,0.0,629,278,,,,2,,Bradley,Barcola,Barcola,,,0,0,0,0,0,0,0,0,0,0,0,0,0,,,,0.0,0.0,0.0,0.0,0.0,0,0,0
238,a,100.0,100.0,6.5,34,22,0,0,0,0,0.2,333,120,1,0,1.0,336,162,0,2,0.5,354,167,0.1,0.2,0,3268,2066,5800,3397,0.5,0.5,0.0,0.0,0.0,0.0,0.0,0.0,0.0,0.0,1.0,328,150,0.6,303,153,0.0,618,271,0.2,339,158,,,,2,,Jack,Grealish,Grealish,,,8,0,0,0,0,0,0,0,0,0,0,0,1,,,,0.0,0.0,0.0,0.0,11.25,1,0,0
387,a,,,6.5,42,4,0,0,0,0,19.3,16,3,4,2,2.0,186,59,0,16,2.0,173,57,0.3,0.6,0,120100,51316,285473,178143,2.0,2.0,0.09,0.43,0.52,1.21,0.05,0.26,0.31,0.73,12.4,225,91,38.2,53,11,16.0,110,31,6.6,132,47,,,,2,,Nico,O'Reilly,O'Reilly,,,150,0,0,0,2,0,0,0,0,0,0,2,3,,,,0.0,0.0,1.2,1.2,1.8,2,1,7
388,a,,,6.0,67,6,0,0,0,0,19.1,17,4,12,2,6.0,46,18,2,43,6.0,43,17,1.0,2.0,0,264309,81564,156109,114351,6.0,6.0,0.89,0.36,1.25,1.31,0.44,0.18,0.62,0.66,67.8,20,4,33.3,71,19,28.0,67,13,12.9,37,4,,,,2,,Marc,Guéhi,Guéhi,,,180,1,0,0,2,0,0,0,0,0,0,2,9,,,,0.0,0.0,1.0,1.0,4.5,3,6,8
384,a,,,5.5,139,4,0,0,0,0,8.0,52,7,3,0,1.5,208,20,0,17,1.5,194,17,0.3,0.5,0,71908,37900,124444,79492,1.5,1.5,0.0,0.0,0.0,1.31,0.0,0.0,0.0,0.66,33.6,122,13,0.0,591,70,0.0,572,70,3.4,210,13,,,,2,,Gianluigi,Donnarumma,Donnarumma,,,180,0,0,0,2,1,0,0,0,0,4,2,0,,,,2.0,0.0,1.0,1.0,0.0,0,1,12
386,a,,,4.5,424,30,0,0,0,0,0.0,541,62,0,0,0.0,425,52,0,0,0.0,425,52,0.0,0.0,0,234,99,482,246,0.0,0.0,0.0,0.0,0.0,0.0,0.0,0.0,0.0,0.0,0.0,406,52,0.0,400,33,0.0,334,32,0.0,416,52,,,,2,,Marcus,Bettinelli,Bettinelli,,,0,0,0,0,0,0,0,0,0,0,0,0,0,,,,0.0,0.0,0.0,0.0,0.0,0,0,0
389,d,75.0,75.0,6.0,79,9,0,0,0,0,1.1,181,73,1,0,1.0,329,111,0,4,0.5,348,122,0.1,0.2,0,3180,149,43742,26249,0.4,0.4,0.0,0.04,0.04,0.1,0.0,0.11,0.11,0.27,3.8,293,110,1.5,266,92,4.0,208,75,0.9,298,107,,,4.0,2,,Matheus,Nunes,Matheus N.,Unspecified injury - 75% chance of playing,,33,0,0,0,0,0,0,0,0,0,0,0,1,,,,0.0,0.0,0.0,0.0,2.73,0,1,2
390,a,,,5.5,128,13,0,0,0,0,1.8,137,56,4,2,2.0,172,57,0,30,2.0,160,55,0.4,0.7,0,21412,11554,27531,14974,2.0,2.0,0.09,0.71,0.8,1.31,0.04,0.36,0.4,0.66,51.4,51,15,40.2,50,10,37.0,50,9,12.8,39,5,,,,2,,Rúben,dos Santos Gato Alves Dias,Rúben,,,180,0,0,0,2,0,0,0,0,0,0,2,12,,,,0.0,0.0,1.0,1.0,6.0,1,11,14
391,a,,,5.6,117,12,1,-1,1,-1,17.4,21,6,14,5,7.0,28,11,1,46,7.0,26,10,1.3,2.5,0,562842,334424,94777,59420,7.0,7.0,0.19,0.09,0.28,1.31,0.1,0.05,0.15,0.72,75.2,10,2,44.1,43,8,19.0,94,25,13.8,31,2,,,,2,,Joško,Gvardiol,Gvardiol,,,164,1,1,0,2,0,0,0,0,0,0,2,9,,,,0.0,0.0,1.1,1.1,4.94,3,6,5
392,a,,,5.4,215,33,-1,1,-1,1,0.6,239,89,0,0,0.0,583,202,0,0,0.0,583,202,0.0,0.0,0,4133,1517,33500,16721,0.0,0.0,0.0,0.0,0.0,0.0,0.0,0.0,0.0,0.0,0.0,570,202,0.0,576,202,0.0,549,200,0.0,577,202,,,,2,,Rayan,Aït-Nouri,Aït-Nouri,,,0,0,0,0,0,0,0,0,0,0,0,0,0,,,,0.0,0.0,0.0,0.0,0.0,0,0,0
393,a,,,5.5,200,29,0,0,0,0,1.6,146,60,4,2,2.0,179,58,0,31,2.0,166,56,0.4,0.7,0,12177,6091,29802,15265,2.0,2.0,0.0,0.04,0.04,1.31,0.0,0.02,0.02,0.66,38.0,105,47,8.7,191,60,4.0,205,74,5.0,171,63,,,,2,,Abdukodir,Khusanov,Khusanov,,,178,0,0,0,2,0,0,0,0,0,0,2,11,,,,0.0,0.0,1.01,1.01,5.56,6,5,9
394,u,0.0,0.0,5.0,331,65,0,0,0,0,0.0,605,203,0,0,0.0,559,199,0,0,0.0,559,199,0.0,0.0,0,0,0,456,99,0.0,0.0,0.0,0.0,0.0,0.0,0.0,0.0,0.0,0.0,0.0,546,200,0.0,552,200,0.0,514,196,0.0,554,200,,,,2,,Max,Alleyne,Alleyne,Has joined Burnley on loan for the rest of the season,,0,0,0,0,0,0,0,0,0,0,0,0,0,,,,0.0,0.0,0.0,0.0,0.0,0,0,0
395,a,,,4.5,484,127,0,0,0,0,0.2,323,121,1,0,1.0,251,94,0,-1,0.5,289,104,0.1,0.2,0,5016,1396,6345,3822,0.5,0.5,0.17,0.02,0.19,0.55,0.27,0.03,0.3,0.88,3.8,292,109,3.8,218,69,39.0,46,6,4.7,180,67,,,,2,,Rico,Lewis,Lewis,,,56,0,0,0,1,0,0,0,0,0,0,1,2,,,,0.0,0.0,1.61,1.61,3.21,0,2,0
396,a,,,4.5,538,146,0,0,0,0,0.0,546,189,1,1,1.0,257,99,0,3,0.5,293,107,0.1,0.2,0,184,82,421,181,0.5,0.5,0.0,0.0,0.0,0.0,0.0,0.0,0.0,0.0,1.2,322,120,0.9,284,103,0.0,418,173,0.2,333,120,,,,2,,Vitor,de Oliveira Nunes dos Reis,Vitor Reis,,,1,0,0,0,0,0,0,0,0,0,0,0,0,,,,0.0,0.0,0.0,0.0,0.0,0,0,0
397,a,,,8.5,6,4,0,0,0,0,21.1,14,7,7,5,3.5,102,43,0,49,3.5,97,42,0.4,0.8,0,84030,34930,429944,256734,3.5,3.5,0.12,0.59,0.71,1.31,0.06,0.3,0.36,0.66,35.0,117,43,51.9,28,24,71.0,13,8,15.8,22,17,,,2.0,2,,Antoine,Semenyo,Semenyo,,,180,0,1,0,2,0,0,0,0,0,0,2,8,,,,0.0,0.0,1.0,1.0,4.0,2,0,6
398,a,,,7.0,25,16,0,0,0,0,4.9,75,23,10,9,5.0,66,32,1,53,5.0,62,30,0.7,1.4,0,126826,106679,83854,37333,5.0,5.0,0.99,0.85,1.84,1.31,0.52,0.45,0.97,0.69,53.2,47,23,95.4,4,4,32.0,60,35,18.1,11,9,3.0,2.0,,2,,Phil,Foden,Foden,,,171,0,2,0,2,0,0,0,1,0,0,2,13,,,,0.0,0.0,1.05,1.05,6.84,4,2,7
399,a,,,7.7,14,9,2,-2,2,-2,23.9,11,5,22,14,11.0,3,3,4,88,11.0,2,2,1.4,2.9,0,1302898,1099580,78597,37195,11.0,11.0,0.35,1.05,1.4,0.76,0.29,0.88,1.17,0.63,114.0,2,2,96.6,3,3,53.0,30,19,26.4,2,2,1.0,1.0,,2,,Rayan,Cherki,Cherki,,,108,2,2,0,1,0,0,0,1,0,0,1,3,,,,0.0,0.0,0.83,0.83,2.5,0,0,3
400,i,0.0,0.0,7.4,21,13,-1,1,-1,1,1.0,193,59,0,0,0.0,624,275,0,0,0.0,624,275,0.0,0.0,0,840,346,93284,23269,0.0,0.0,0.0,0.0,0.0,0.0,0.0,0.0,0.0,0.0,0.0,625,276,0.0,625,276,0.0,625,276,0.0,625,276,,,3.0,2,,Jérémy,Doku,Doku,Calf injury - Expected back 5 Sep,,0,0,0,0,0,0,0,0,0,0,0,0,0,,,,0.0,0.0,0.0,0.0,0.0,0,0,0
402,u,0.0,0.0,6.5,36,24,0,0,0,0,0.0,583,246,0,0,0.0,619,272,0,0,0.0,619,272,0.0,0.0,0,0,0,1018,222,0.0,0.0,0.0,0.0,0.0,0.0,0.0,0.0,0.0,0.0,0.0,620,273,0.0,620,273,0.0,619,272,0.0,620,273,,,,2,,Rodrigo 'Rodri',Hernandez Cascante,Rodrigo,Has joined Barcelona permanently,,0,0,0,0,0,0,0,0,0,0,0,0,0,,,,0.0,0.0,0.0,0.0,0.0,0,0,0
404,u,0.0,0.0,6.0,71,49,0,0,0,0,0.0,497,204,0,0,0.0,612,266,0,0,0.0,612,266,0.0,0.0,0,0,0,6882,1258,0.0,0.0,0.0,0.0,0.0,0.0,0.0,0.0,0.0,0.0,0.0,611,267,0.0,612,267,0.0,607,263,0.0,612,267,,,,2,,Tijjani,Reijnders,Reijnders,Has joined Al Qadsiah permanently,,0,0,0,0,0,0,0,0,0,0,0,0,0,,,,0.0,0.0,0.0,0.0,0.0,0,0,0
406,a,,,5.5,121,79,0,0,0,0,0.1,445,179,2,1,1.0,304,141,0,12,1.0,249,116,0.2,0.4,0,1300,471,2685,1396,1.0,1.0,0.0,0.02,0.02,0.1,0.0,0.04,0.04,0.21,4.2,283,130,5.2,208,114,0.0,562,234,0.9,297,134,,,,2,,Mateo,Kovačić,Kovačić,,,42,0,0,0,0,0,0,0,0,0,0,0,2,,,,0.0,0.0,0.0,0.0,4.29,0,0,2
407,a,,,4.9,404,244,-1,1,-1,1,0.0,574,241,0,0,0.0,513,208,0,0,0.0,513,208,0.0,0.0,0,209,116,589,292,0.0,0.0,0.0,0.0,0.0,0.0,0.0,0.0,0.0,0.0,0.0,496,197,0.0,498,205,0.0,445,164,0.0,505,201,,,,2,,Claudio,Echeverri,Echeverri,,,0,0,0,0,0,0,0,0,0,0,0,0,0,,,,0.0,0.0,0.0,0.0,0.0,0,0,0
408,u,0.0,0.0,5.0,244,148,0,0,0,0,0.0,604,259,0,0,0.0,522,213,0,0,0.0,522,213,0.0,0.0,0,0,0,416,111,0.0,0.0,0.0,0.0,0.0,0.0,0.0,0.0,0.0,0.0,0.0,507,203,0.0,509,210,0.0,458,170,0.0,515,206,,,,2,,Kalvin,Phillips,Phillips,Has joined Sheffield United on loan for the rest of the season,,0,0,0,0,0,0,0,0,0,0,0,0,0,,,,0.0,0.0,0.0,0.0,0.0,0,0,0
409,a,,,4.5,527,267,0,0,0,0,0.2,366,140,0,0,0.0,481,188,0,0,0.0,481,188,0.0,0.0,0,1498,571,4568,2082,0.0,0.0,0.0,0.0,0.0,0.0,0.0,0.0,0.0,0.0,0.0,463,176,0.0,465,185,0.0,409,143,0.0,473,181,,,,2,,Divine,Mukasa,Mukasa,,,0,0,0,0,0,0,0,0,0,0,0,0,0,,,,0.0,0.0,0.0,0.0,0.0,0,0,0
410,a,,,4.9,405,245,-1,1,-1,1,0.0,577,242,0,0,0.0,514,209,0,0,0.0,514,209,0.0,0.0,0,201,125,518,235,0.0,0.0,0.0,0.0,0.0,0.0,0.0,0.0,0.0,0.0,0.0,497,198,0.0,499,206,0.0,446,165,0.0,506,202,,,,2,,Jeremy,Monga,Monga,,,0,0,0,0,0,0,0,0,0,0,0,0,0,,,,0.0,0.0,0.0,0.0,0.0,0,0,0
411,a,,,15.5,1,1,0,0,0,0,70.5,1,1,15,13,7.5,25,2,3,66,7.5,24,2,0.5,1.0,0,301007,231402,129933,26081,7.5,7.5,1.4,0.02,1.42,1.31,0.7,0.01,0.71,0.66,72.8,13,2,5.3,207,27,101.0,2,2,17.9,13,3,,,1.0,2,,Erling,Haaland,Haaland,,,180,2,0,0,2,0,0,0,0,0,0,2,8,,,,0.0,0.0,1.0,1.0,4.0,0,3,5
481,a,100.0,100.0,6.4,50,35,0,0,-1,1,5.4,69,22,5,3,2.5,149,69,0,39,2.5,144,69,0.4,0.8,0,29844,19608,231083,77778,2.5,2.5,0.07,0.47,0.54,1.21,0.04,0.3,0.34,0.76,32.2,129,48,41.0,48,38,13.0,127,64,8.6,87,49,2.0,,,2,,Elliot,Anderson,Anderson,,,143,0,0,0,2,0,0,0,1,0,0,2,20,,,,0.0,0.0,1.26,1.26,12.59,7,5,8
587,a,,,5.0,237,8,0,0,0,0,0.0,558,67,0,0,0.0,518,66,0,0,0.0,518,66,0.0,0.0,0,176,82,432,208,0.0,0.0,0.0,0.0,0.0,0.0,0.0,0.0,0.0,0.0,0.0,501,66,0.0,504,55,0.0,452,55,0.0,510,66,,,,2,,Gerónimo,Rulli,Rulli,,,0,0,0,0,0,0,0,0,0,0,0,0,0,,,,0.0,0.0,0.0,0.0,0.0,0,0,0
616,a,,,5.5,203,127,0,0,0,0,0.1,397,157,1,1,1.0,320,151,0,3,1.0,258,124,0.2,0.2,0,10015,6960,2318,1969,2.0,2.0,0.0,0.12,0.12,0.0,0.0,1.35,1.35,0.0,1.8,314,140,4.3,215,118,0.0,591,253,0.6,309,141,,,,2,,Ayyoub,Bouaddi,Bouaddi,,,8,0,0,0,0,0,0,0,0,0,0,0,1,,,,0.0,0.0,0.0,0.0,11.25,0,1,0
621,a,,,4.5,539,273,0,0,0,0,0.1,473,192,1,1,1.0,258,108,0,3,1.0,228,104,0.2,0.2,0,4887,4887,1326,1326,1.0,1.0,0.1,0.0,0.1,0.0,1.12,0.0,1.12,0.0,0.0,472,181,0.5,306,154,1.0,249,121,0.1,342,159,,,,2,,Ryan,McAidoo,McAidoo,,,8,0,0,0,0,0,0,0,0,0,0,0,0,,,,0.0,0.0,0.0,0.0,0.0,0,0,0
622,a,,,4.0,614,193,0,0,0,0,0.1,423,150,1,1,1.0,229,74,0,3,1.0,212,70,0.2,0.2,0,6708,6708,1346,1346,1.0,1.0,0.0,0.0,0.0,0.0,0.0,0.0,0.0,0.0,0.6,329,122,0.8,288,105,0.0,302,120,0.1,340,121,,,,2,,Kaden,Braithwaite,Braithwaite,,,1,0,0,0,0,0,0,0,0,0,0,0,0,,,,0.0,0.0,0.0,0.0,0.0,0,0,1
628,a,,,6.0,89,59,0,0,0,0,0.0,626,276,0,0,0.0,616,269,0,0,0.0,616,269,0.0,0.0,0,92,92,26,26,2.2,2.2,0.0,0.0,0.0,0.0,0.0,0.0,0.0,0.0,0.0,617,270,0.0,617,270,0.0,613,266,0.0,617,270,,,,2,,Allan,Andrade Elias,Allan,,,0,0,0,0,0,0,0,0,0,0,0,0,0,,,,0.0,0.0,0.0,0.0,0.0,0,0,0
43,a,100.0,100.0,6.0,62,43,0,0,0,0,2.1,126,38,6,4,3.0,121,53,0,39,3.0,115,53,0.5,1.0,0,20646,8015,67231,31527,3.0,3.0,0.51,0.22,0.73,3.0,0.29,0.13,0.42,1.73,38.2,102,37,57.6,22,19,24.0,79,45,12.0,44,32,,,3.0,2,,Youri,Tielemans,Tielemans,,,156,0,0,0,4,0,0,0,0,0,0,2,18,,,,0.0,0.0,2.31,1.15,10.38,2,4,12
131,i,0.0,0.0,5.0,351,206,0,0,0,0,0.2,368,141,0,0,0.0,564,234,0,0,0.0,564,234,0.0,0.0,0,3614,1290,7960,3539,0.0,0.0,0.0,0.0,0.0,0.0,0.0,0.0,0.0,0.0,0.0,551,227,0.0,558,233,0.0,521,203,0.0,559,230,,,,2,,Carlos,Baleba,Baleba,Ankle injury - Expected back 19 Sep,,0,0,0,0,0,0,0,0,0,0,0,0,0,,,,0.0,0.0,0.0,0.0,0.0,0,0,0
162,a,,,5.0,350,205,0,0,0,0,0.9,209,68,3,1,1.5,204,95,0,19,1.5,190,90,0.3,0.6,0,12131,4675,30898,15749,1.5,1.5,0.0,0.23,0.23,1.94,0.0,0.27,0.27,2.3,17.6,192,74,4.9,211,116,2.0,234,111,2.5,233,104,,,,2,,Andrey,Nascimento dos Santos,Andrey Santos,,,76,0,0,0,3,0,0,0,0,0,0,1,14,,,,0.0,0.0,3.55,1.18,16.58,4,3,7
325,a,100.0,100.0,4.5,409,22,0,0,0,0,0.0,511,57,0,0,0.0,416,46,0,0,0.0,416,46,0.0,0.0,0,466,224,566,309,0.0,0.0,0.0,0.0,0.0,0.0,0.0,0.0,0.0,0.0,0.0,397,46,0.0,389,25,0.0,321,24,0.0,407,46,,,,2,,Karl,Darlow,Darlow,,,0,0,0,0,0,0,0,0,0,0,0,0,0,,,,0.0,0.0,0.0,0.0,0.0,0,0,0
412,a,,,5.0,310,17,0,0,0,0,14.2,29,5,3,2,1.5,202,19,0,18,1.5,188,16,0.3,0.6,0,55522,20808,201959,113349,1.5,1.5,0.0,0.0,0.0,3.07,0.0,0.0,0.0,1.54,47.2,68,10,0.0,540,64,0.0,498,64,4.7,181,11,,,,2,,Senne,Lammens,Lammens,,,180,0,0,0,4,0,0,0,0,0,5,2,0,,,,2.5,0.0,2.0,1.0,0.0,0,3,14
413,u,0.0,0.0,4.5,473,38,0,0,0,0,0.0,576,69,0,0,0.0,446,59,0,0,0.0,446,59,0.0,0.0,0,0,0,801,213,0.0,0.0,0.0,0.0,0.0,0.0,0.0,0.0,0.0,0.0,0.0,427,59,0.0,424,41,0.0,363,40,0.0,437,59,,,,2,,Altay,Bayındır,Bayindir,Has joined Celta Vigo on loan for the rest of the season,,0,0,0,0,0,0,0,0,0,0,0,0,0,,,,0.0,0.0,0.0,0.0,0.0,0,0,0
414,i,0.0,0.0,4.0,553,49,0,0,0,0,0.1,447,50,0,0,0.0,358,23,0,0,0.0,358,23,0.0,0.0,0,473,258,1651,646,0.0,0.0,0.0,0.0,0.0,0.0,0.0,0.0,0.0,0.0,0.0,340,23,0.0,330,2,0.0,252,1,0.0,349,23,,,,2,,Tom,Heaton,Heaton,Hamstring injury - Unknown return date,,0,0,0,0,0,0,0,0,0,0,0,0,0,,,,0.0,0.0,0.0,0.0,0.0,0,0,0
415,a,,,5.9,111,72,-1,1,-1,1,0.9,208,67,1,1,0.5,357,170,0,-7,0.5,346,162,0.1,0.2,0,7152,2344,51257,22596,0.5,0.5,0.65,0.04,0.69,1.92,1.06,0.07,1.13,3.14,7.0,253,112,12.9,162,98,55.0,28,18,6.5,136,69,,,,2,,Patrick,Dorgu,Dorgu,,,55,0,0,0,3,0,0,0,1,0,0,1,3,,,,0.0,0.0,4.91,1.64,4.91,1,2,0
416,i,0.0,0.0,5.0,264,42,0,0,0,0,0.0,549,190,0,0,0.0,528,190,0,0,0.0,528,190,0.0,0.0,0,188,71,828,330,0.0,0.0,0.0,0.0,0.0,0.0,0.0,0.0,0.0,0.0,0.0,516,193,0.0,517,193,0.0,471,186,0.0,523,193,,,,2,,Matthijs,de Ligt,De Ligt,Back injury - Unknown return date,,0,0,0,0,0,0,0,0,0,0,0,0,0,,,,0.0,0.0,0.0,0.0,0.0,0,0,0
417,a,,,5.0,271,45,0,0,0,0,2.3,118,48,3,2,1.5,199,64,0,18,1.5,185,63,0.3,0.6,0,14121,5931,55774,22142,1.5,1.5,0.15,0.12,0.27,1.06,0.16,0.13,0.29,1.15,24.0,160,72,53.5,27,4,33.0,57,12,11.1,55,11,,,,2,,Diogo,Dalot Teixeira,Dalot,,,83,0,0,0,1,0,0,0,0,0,0,1,7,,,,0.0,0.0,1.08,1.08,7.59,2,5,2
418,a,,,5.0,234,36,0,0,0,0,15.3,25,9,5,4,2.5,133,48,0,28,2.5,127,46,0.5,1.0,0,85793,32840,254807,148496,2.5,2.5,0.07,0.41,0.48,3.07,0.04,0.2,0.24,1.54,32.6,128,57,30.1,81,24,25.0,74,17,8.8,83,24,,,,2,,Harry,Maguire,Maguire,,,180,0,1,0,4,0,0,0,0,0,0,2,9,,,,0.0,0.0,2.0,1.0,4.5,1,8,9
419,a,100.0,100.0,5.0,278,48,0,0,0,0,1.3,168,68,1,1,1.0,272,105,0,2,0.5,305,113,0.1,0.2,0,12075,5300,30815,11240,0.5,0.5,0.03,0.06,0.09,2.06,0.03,0.06,0.09,2.06,4.8,278,104,1.8,255,87,3.0,211,77,1.0,294,106,,,,2,,Lisandro,Martínez,Martinez,,,90,0,0,0,2,0,0,0,0,0,0,1,0,,,,0.0,0.0,2.0,1.0,0.0,0,0,6
420,a,,,4.9,403,78,-1,1,-1,1,0.6,247,92,1,1,1.0,261,100,0,-2,0.5,296,108,0.1,0.2,0,2630,1094,18088,7344,0.5,0.5,0.0,0.01,0.01,1.0,0.0,0.06,0.06,5.62,1.8,313,118,1.8,254,86,0.0,444,181,0.4,317,115,,,,2,,Leny,Yoro,Yoro,,,16,0,0,0,1,0,0,0,0,0,0,0,2,,,,0.0,0.0,5.62,0.0,11.25,0,2,1
421,a,,,4.5,533,144,0,0,0,0,0.4,281,107,1,0,1.0,256,98,0,5,0.5,292,106,0.1,0.2,0,4056,968,9750,5559,0.5,0.5,0.12,0.04,0.16,1.01,0.12,0.04,0.16,1.01,6.8,254,99,2.6,233,75,11.0,138,46,2.0,257,94,,,,2,,Ayden,Heaven,Heaven,,,90,0,0,0,2,0,0,0,0,0,0,1,2,,,,0.0,0.0,2.0,1.0,2.0,1,1,4
422,a,,,4.5,454,109,0,0,0,0,0.7,232,85,2,1,1.0,244,88,0,7,1.0,220,77,0.2,0.4,0,8224,2370,14321,8229,1.0,1.0,0.22,0.05,0.27,2.01,0.21,0.05,0.26,1.88,18.8,184,81,30.7,79,23,9.0,151,49,5.9,147,55,,,,2,,Noussair,Mazraoui,Mazraoui,,,96,0,0,0,3,0,0,0,0,0,0,1,5,,,,0.0,0.0,2.81,0.94,4.69,1,4,3
423,a,,,4.5,418,85,0,0,0,0,17.2,22,7,3,2,1.5,193,62,0,25,1.5,178,60,0.3,0.7,0,62448,19521,295357,178268,1.5,1.5,0.0,0.28,0.28,2.07,0.0,0.16,0.16,1.15,43.6,75,30,60.8,18,2,10.0,147,47,11.4,50,9,3.0,,,2,,Luke,Shaw,Shaw,,,162,0,0,0,3,0,0,0,0,0,0,2,12,,,,0.0,0.0,1.67,1.11,6.67,5,7,5
424,a,,,4.0,619,198,0,0,0,0,0.2,341,127,0,0,0.0,406,149,0,0,0.0,406,149,0.0,0.0,0,1867,979,3524,1543,0.0,0.0,0.0,0.0,0.0,0.0,0.0,0.0,0.0,0.0,0.0,388,151,0.0,380,149,0.0,307,125,0.0,398,151,,,,2,,Harry,Amass,Amass,,,0,0,0,0,0,0,0,0,0,0,0,0,0,,,,0.0,0.0,0.0,0.0,0.0,0,0,0
425,u,0.0,0.0,4.0,610,189,0,0,0,0,0.0,568,195,0,0,0.0,399,142,0,0,0.0,399,142,0.0,0.0,0,0,0,922,242,0.0,0.0,0.0,0.0,0.0,0.0,0.0,0.0,0.0,0.0,0.0,381,144,0.0,373,142,0.0,298,116,0.0,391,144,,,,2,,Tyler,Fredricson,Fredricson,Has joined Lausanne-Sport permanently,,0,0,0,0,0,0,0,0,0,0,0,0,0,,,,0.0,0.0,0.0,0.0,0.0,0,0,0
426,a,,,12.0,2,1,0,0,0,0,48.4,3,1,25,23,12.5,2,2,3,105,12.5,1,1,1.0,2.1,0,295121,246603,439851,211271,12.5,12.5,2.1,0.74,2.84,3.07,1.05,0.37,1.42,1.54,152.6,1,1,117.9,1,1,83.0,8,4,35.4,1,1,1.0,1.0,1.0,2,,Bruno,Borges Fernandes,B.Fernandes,,,180,3,1,0,4,0,0,0,0,0,0,2,14,,,,0.0,0.0,2.0,1.0,7.0,2,2,10
427,a,,,8.0,9,6,0,0,0,0,30.6,7,3,13,11,6.5,36,21,2,49,6.5,34,20,0.8,1.6,0,135693,53468,660288,440100,6.5,6.5,2.26,0.44,2.7,3.07,1.13,0.22,1.35,1.54,55.2,43,20,71.4,12,12,84.0,5,2,21.1,6,5,2.0,2.0,2.0,2,,Bryan,Mbeumo,Mbeumo,,,180,1,1,0,4,0,0,0,1,0,0,2,9,,,,0.0,0.0,2.0,1.0,4.5,3,0,6
428,a,,,8.0,8,5,0,0,0,0,8.4,49,18,11,9,5.5,54,27,1,45,5.5,51,25,0.7,1.4,0,41646,14792,186801,93844,5.5,5.5,0.35,0.36,0.71,2.07,0.2,0.21,0.41,1.18,25.4,152,55,55.8,23,20,63.0,18,10,14.5,27,21,,,,2,,Matheus,Santos Carneiro da Cunha,Cunha,,,158,0,2,0,3,0,0,0,0,0,0,2,5,,,,0.0,0.0,1.71,1.14,2.85,0,0,5
429,a,,,7.0,24,15,0,0,0,0,1.6,148,42,3,2,1.5,222,106,0,26,1.5,209,101,0.2,0.4,0,27920,12856,46497,24419,1.5,1.5,0.26,0.15,0.41,1.15,0.19,0.11,0.3,0.83,27.6,145,53,82.9,8,8,62.0,21,12,17.2,17,13,,,,2,,Marcus,Rashford,Rashford,,,124,0,0,0,1,0,0,0,0,0,0,1,7,,,,0.0,0.0,0.73,0.73,5.08,3,0,4
430,d,75.0,75.0,5.5,132,82,0,0,0,0,0.0,548,226,0,0,0.0,594,253,0,0,0.0,594,253,0.0,0.0,0,73,38,1082,387,0.0,0.0,0.0,0.0,0.0,0.0,0.0,0.0,0.0,0.0,0.0,584,249,0.0,589,252,0.0,568,235,0.0,590,251,,3.0,,2,,Mason,Mount,Mount,Foot injury - 75% chance of playing,,0,0,0,0,0,0,0,0,0,0,0,0,0,,,,0.0,0.0,0.0,0.0,0.0,0,0,0
431,i,0.0,0.0,5.9,107,68,0,0,-1,1,0.6,234,79,0,0,0.0,608,262,0,0,0.0,608,262,0.0,0.0,0,1745,169,86935,27476,0.0,0.0,0.0,0.0,0.0,0.0,0.0,0.0,0.0,0.0,0.0,606,262,0.0,606,262,0.0,601,258,0.0,607,262,4.0,,,2,,Amad,Diallo,Amad,Unspecified injury - Unknown return date,,0,0,0,0,0,0,0,0,0,0,0,0,0,,,,0.0,0.0,0.0,0.0,0.0,0,0,0
432,a,,,5.5,185,116,0,0,0,0,1.1,187,58,5,4,2.5,143,64,0,32,2.5,138,64,0.5,0.9,0,15401,11941,22255,8562,2.5,2.5,0.21,0.28,0.49,1.13,0.19,0.25,0.44,1.0,18.0,189,72,9.7,188,104,11.0,140,70,3.8,201,89,,,,2,,Kobbie,Mainoo,Mainoo,,,102,0,0,0,1,0,0,0,0,0,0,1,16,,,,0.0,0.0,0.88,0.88,14.12,3,2,11
433,i,0.0,0.0,5.0,285,171,0,0,0,0,0.0,611,264,0,0,0.0,536,221,0,0,0.0,536,221,0.0,0.0,0,43,19,144,56,0.0,0.0,0.0,0.0,0.0,0.0,0.0,0.0,0.0,0.0,0.0,524,213,0.0,525,218,0.0,480,183,0.0,531,215,,,,2,,Manuel,Ugarte Ribeiro,Ugarte,Knee injury - Unknown return date,,0,0,0,0,0,0,0,0,0,0,0,0,0,,,,0.0,0.0,0.0,0.0,0.0,0,0,0
434,a,,,5.0,357,212,0,0,0,0,0.0,588,250,0,0,0.0,568,238,0,0,0.0,568,238,0.0,0.0,0,96,55,287,118,0.0,0.0,0.0,0.0,0.0,0.0,0.0,0.0,0.0,0.0,0.0,555,231,0.0,562,237,0.0,525,207,0.0,563,234,,,,2,,Jack,Fletcher,J.Fletcher,,,0,0,0,0,0,0,0,0,0,0,0,0,0,,,,0.0,0.0,0.0,0.0,0.0,0,0,0
435,a,,,5.0,365,218,0,0,0,0,0.1,491,200,1,0,1.0,290,130,0,3,0.5,319,147,0.1,0.2,0,550,223,1321,731,0.5,0.5,0.0,0.0,0.0,0.0,0.0,0.0,0.0,0.0,0.2,336,155,0.6,299,150,0.0,532,213,0.1,345,162,,,,2,,Shea,Lacey,Lacey,,,10,0,0,0,0,0,0,0,0,0,0,0,1,,,,0.0,0.0,0.0,0.0,9.0,0,0,1
436,u,0.0,,5.0,326,191,0,0,0,0,0.0,567,236,0,0,0.0,555,231,0,0,0.0,555,231,0.0,0.0,0,150,90,432,198,0.0,0.0,0.0,0.0,0.0,0.0,0.0,0.0,0.0,0.0,0.0,543,224,0.0,549,230,0.0,509,198,0.0,551,227,,,,2,,Toby,Collyer,Collyer,Has joined West Brom permanently,,0,0,0,0,0,0,0,0,0,0,0,0,0,,,,0.0,0.0,0.0,0.0,0.0,0,0,0
437,a,,,4.5,523,265,0,0,0,0,0.2,351,131,0,0,0.0,479,187,0,0,0.0,479,187,0.0,0.0,0,2124,1163,4212,1841,0.0,0.0,0.0,0.0,0.0,0.0,0.0,0.0,0.0,0.0,0.0,461,175,0.0,463,184,0.0,407,142,0.0,471,180,,,,2,,Bendito,Mantato,Bendito Mantato,,,0,0,0,0,0,0,0,0,0,0,0,0,0,,,,0.0,0.0,0.0,0.0,0.0,0,0,0
438,a,,,4.5,504,260,0,0,0,0,0.3,295,100,0,0,0.0,463,182,0,0,0.0,463,182,0.0,0.0,0,2576,1248,6876,2892,0.0,0.0,0.0,0.0,0.0,0.0,0.0,0.0,0.0,0.0,0.0,444,170,0.0,447,179,0.0,389,137,0.0,454,175,,,,2,,Tyler,Fletcher,Fletcher,,,0,0,0,0,0,0,0,0,0,0,0,0,0,,,,0.0,0.0,0.0,0.0,0.0,0,0,0
439,a,100.0,100.0,7.0,29,10,0,0,0,0,1.7,145,24,2,1,1.0,340,42,0,7,1.0,269,33,0.1,0.3,0,41148,10594,47482,32356,1.0,1.0,0.04,0.01,0.05,1.07,0.11,0.03,0.14,2.92,2.2,310,34,11.0,180,20,11.0,146,28,2.4,242,28,,,,2,,Benjamin,Sesko,Šeško,,,33,0,0,0,1,0,0,0,0,0,0,0,3,,,,0.0,0.0,2.73,0.0,8.18,0,0,3
440,a,,,5.4,216,47,-1,1,-1,1,0.5,264,45,0,0,0.0,584,65,0,0,0.0,584,65,0.0,0.0,0,5335,3290,21513,8382,0.0,0.0,0.0,0.0,0.0,0.0,0.0,0.0,0.0,0.0,0.0,571,58,0.0,577,63,0.0,550,60,0.0,578,63,,,,2,,Joshua,Zirkzee,Zirkzee,,,0,0,0,0,0,0,0,0,0,0,0,0,0,,,,0.0,0.0,0.0,0.0,0.0,0,0,0
441,a,,,4.5,530,71,0,0,0,0,1.2,175,27,0,0,0.0,484,52,0,0,0.0,484,52,0.0,0.0,0,18448,12132,21318,9749,0.0,0.0,0.0,0.0,0.0,0.0,0.0,0.0,0.0,0.0,0.0,466,45,0.0,468,50,0.0,412,47,0.0,476,50,,,,2,,Chido,Obi,Obi,,,0,0,0,0,0,0,0,0,0,0,0,0,0,,,,0.0,0.0,0.0,0.0,0.0,0,0,0
405,a,,,5.5,172,106,0,0,0,0,0.2,329,117,2,2,2.0,177,87,0,9,1.0,254,120,0.2,0.4,0,8521,6134,3494,1752,1.0,1.0,0.0,0.2,0.2,0.74,0.0,0.26,0.26,0.95,7.2,252,111,29.5,84,52,0.0,583,248,3.7,205,91,,,,2,,Nico,González Iglesias,N.Gonzalez,,,70,0,0,1,0,0,0,0,1,0,0,1,4,,,,0.0,1.29,0.0,1.29,5.14,0,2,2
442,a,,,5.0,235,6,0,0,0,0,1.2,176,25,0,0,0.0,517,65,0,0,0.0,517,65,0.0,0.0,0,5863,3157,24955,12651,0.0,0.0,0.0,0.0,0.0,0.0,0.0,0.0,0.0,0.0,0.0,500,65,0.0,503,54,0.0,450,53,0.0,509,65,,,,2,,Nick,Pope,Pope,,,0,0,0,0,0,0,0,0,0,0,0,0,0,,,,0.0,0.0,0.0,0.0,0.0,0,0,0
443,a,,,4.5,412,25,0,0,0,0,0.0,524,59,0,0,0.0,417,47,0,0,0.0,417,47,0.0,0.0,0,317,155,488,257,0.0,0.0,0.0,0.0,0.0,0.0,0.0,0.0,0.0,0.0,0.0,398,47,0.0,392,28,0.0,324,27,0.0,408,47,,,,2,,Mark,Gillespie,Gillespie,,,0,0,0,0,0,0,0,0,0,0,0,0,0,,,,0.0,0.0,0.0,0.0,0.0,0,0,0
444,a,,,4.5,514,48,0,0,0,0,0.0,544,63,0,0,0.0,472,64,0,0,0.0,472,64,0.0,0.0,0,234,110,665,317,0.0,0.0,0.0,0.0,0.0,0.0,0.0,0.0,0.0,0.0,0.0,453,64,0.0,456,51,0.0,398,50,0.0,463,64,,,,2,,Ewen,Jaouen,Jaouen,,,0,0,0,0,0,0,0,0,0,0,0,0,0,,,,0.0,0.0,0.0,0.0,0.0,0,0,0
445,a,,,5.0,311,57,0,0,0,0,1.9,129,53,9,6,4.5,71,25,0,25,4.5,67,24,0.9,1.8,0,51637,31839,28225,17327,4.5,4.5,0.0,0.02,0.02,4.1,0.0,0.01,0.01,2.05,44.6,74,29,1.7,261,90,0.0,499,192,4.6,182,68,,,,2,,Malick,Thiaw,Thiaw,,,180,0,0,1,2,0,0,0,0,0,0,2,18,,,,0.0,0.5,1.0,1.0,9.0,0,18,3
446,a,100.0,100.0,5.0,240,37,0,0,0,0,0.2,316,117,1,0,1.0,263,101,0,-1,0.5,298,109,0.1,0.2,0,3119,1224,5246,3361,0.5,0.5,0.0,0.0,0.0,0.79,0.0,0.0,0.0,71.1,0.0,504,189,0.0,506,190,0.0,455,182,0.0,512,189,,2.0,,2,,Fabian,Schär,Schär,,,1,0,0,0,1,0,0,0,0,0,0,0,0,,,,0.0,0.0,90.0,0.0,0.0,0,0,0
447,a,,,5.0,275,46,0,0,0,0,0.6,238,88,8,5,4.0,83,31,0,26,4.0,80,31,0.8,1.6,0,18633,9748,7210,3928,4.0,4.0,0.01,0.01,0.02,4.1,0.0,0.0,0.0,2.05,43.6,76,31,2.1,244,81,2.0,229,86,4.8,178,65,,,,2,,Sven,Botman,Botman,,,180,0,0,1,2,0,0,0,1,0,0,2,15,,,,0.0,0.5,1.0,1.0,7.5,1,14,6
448,i,0.0,0.0,4.9,385,73,-1,1,-1,1,1.3,170,69,0,0,0.0,498,183,0,0,0.0,498,183,0.0,0.0,0,6681,434,108342,33031,0.0,0.0,0.0,0.0,0.0,0.0,0.0,0.0,0.0,0.0,0.0,481,184,0.0,482,185,0.0,427,176,0.0,490,184,,,,2,,Dan,Burn,Burn,Ankle injury - Expected back 14 Sep,,0,0,0,0,0,0,0,0,0,0,0,0,0,,,,0.0,0.0,0.0,0.0,0.0,0,0,0
449,a,,,5.1,229,35,1,-1,1,-1,7.9,53,21,14,11,7.0,26,10,3,60,7.0,25,9,1.4,2.7,0,386831,334130,55699,36263,7.0,7.0,0.03,0.66,0.69,4.1,0.02,0.33,0.35,2.05,61.0,27,8,42.5,45,9,4.0,201,71,10.7,60,13,1.0,1.0,,2,,Lewis,Hall,Hall,,,180,0,0,1,2,0,0,0,0,0,0,2,24,,,,0.0,0.5,1.0,1.0,12.0,7,17,14
450,i,0.0,0.0,4.9,395,75,-1,1,-1,1,0.0,537,186,0,0,0.0,506,185,0,0,0.0,506,185,0.0,0.0,0,164,73,1818,590,0.0,0.0,0.0,0.0,0.0,0.0,0.0,0.0,0.0,0.0,0.0,489,186,0.0,491,187,0.0,437,178,0.0,498,186,,,,2,,Tino,Livramento,Livramento,Calf injury - Unknown return date,,0,0,0,0,0,0,0,0,0,0,0,0,0,,,,0.0,0.0,0.0,0.0,0.0,0,0,0
451,u,0.0,0.0,4.0,609,188,0,0,0,0,0.1,453,160,0,0,0.0,398,141,0,0,0.0,398,141,0.0,0.0,0,0,0,4654,1378,0.0,0.0,0.0,0.0,0.0,0.0,0.0,0.0,0.0,0.0,0.0,380,143,0.0,372,141,0.0,297,115,0.0,390,143,,,,2,,Alex,Murphy,A.Murphy,Has joined FC Kaiserslautern on loan for the rest of the season,,0,0,0,0,0,0,0,0,0,0,0,0,0,,,,0.0,0.0,0.0,0.0,0.0,0,0,0
453,a,,,6.0,66,46,0,0,0,0,1.1,184,56,5,3,2.5,148,68,0,21,2.5,143,68,0.4,0.8,0,25837,10842,23320,12990,2.5,2.5,0.11,0.03,0.14,4.1,0.06,0.02,0.08,2.05,12.4,224,93,24.5,109,66,16.0,108,57,5.3,162,76,5.0,,,2,,Harvey,Barnes,Barnes,,,180,0,0,1,2,0,0,0,0,0,0,2,12,,,,0.0,0.5,1.0,1.0,6.0,3,5,4
454,a,,,6.1,58,41,1,-1,1,-1,7.5,55,20,17,8,8.5,17,8,2,63,8.5,15,7,1.4,2.8,0,567889,472448,55739,43866,8.5,8.5,0.42,0.11,0.53,2.68,0.24,0.06,0.3,1.55,74.2,11,7,18.8,132,81,57.0,26,16,15.0,25,19,4.0,,,2,,Anthony,Elanga,Elanga,,,156,2,0,1,1,0,0,0,0,0,0,2,5,,,,0.0,0.58,0.58,1.15,2.88,2,1,2
456,a,,,5.0,286,172,0,0,0,0,0.3,296,101,1,1,0.5,347,166,0,4,0.5,306,136,0.1,0.2,0,2622,1180,8676,3996,0.5,0.5,0.06,0.14,0.2,1.88,0.13,0.3,0.43,4.03,8.0,246,105,5.5,205,112,4.0,199,96,1.7,271,120,,,,2,,Jacob,Ramsey,J.Ramsey,,,42,0,0,0,1,0,0,0,1,0,0,0,7,,,,0.0,0.0,2.14,0.0,15.0,2,3,2
457,a,,,5.9,92,60,-1,1,-1,1,0.1,379,146,1,1,0.5,356,169,0,2,0.5,344,160,0.1,0.2,0,1349,632,4928,2246,0.5,0.5,0.0,0.2,0.2,1.42,0.0,0.82,0.82,5.81,2.2,309,139,3.2,227,124,4.0,206,99,0.8,304,137,2.0,,,2,,Jacob,Murphy,J.Murphy,,,22,0,0,0,1,0,0,0,1,0,0,0,5,,,,0.0,0.0,4.09,0.0,20.45,1,1,3
458,i,0.0,0.0,5.4,207,128,-1,1,-1,1,0.0,553,230,0,0,0.0,578,243,0,0,0.0,578,243,0.0,0.0,0,113,65,1525,457,0.0,0.0,0.0,0.0,0.0,0.0,0.0,0.0,0.0,0.0,0.0,566,237,0.0,573,243,0.0,544,221,0.0,574,240,,,,2,,Joelinton Cássio,Apolinário de Lira,Joelinton,Unspecified injury - Unknown return date,,0,0,0,0,0,0,0,0,0,0,0,0,0,,,,0.0,0.0,0.0,0.0,0.0,0,0,0
459,a,100.0,100.0,5.5,191,120,0,0,0,0,0.1,455,182,6,3,3.0,118,52,0,29,3.0,113,52,0.5,1.1,0,2668,1277,1427,893,3.0,3.0,0.05,0.05,0.1,3.06,0.03,0.03,0.06,1.67,26.8,146,54,36.1,56,43,3.0,212,102,6.6,131,67,3.0,,,2,,Lewis,Miley,L.Miley,,,165,0,0,1,1,0,0,0,1,0,0,2,22,,,,0.0,0.55,0.55,1.09,12.0,1,9,12
460,a,,,5.0,255,156,0,0,0,0,0.4,284,93,9,3,4.5,69,34,0,28,4.5,65,32,0.9,1.8,0,21968,13205,6227,4295,4.5,4.5,0.16,0.19,0.35,2.24,0.14,0.16,0.3,1.94,38.4,99,35,18.2,133,82,17.0,100,52,6.6,129,65,,,,2,,Joe,Willock,Willock,,,104,1,0,1,1,0,0,0,0,0,0,1,5,,,,0.0,0.87,0.87,0.87,4.33,2,1,2
461,a,,,5.9,112,73,-1,1,-1,1,0.2,357,135,1,1,1.0,327,156,0,3,0.5,347,163,0.1,0.2,0,1014,501,8614,4156,0.5,0.5,0.0,0.0,0.0,0.0,0.0,0.0,0.0,0.0,0.0,608,264,0.0,608,264,0.0,603,260,0.0,609,264,,,,2,,Bazoumana,Touré,Touré,,,1,0,0,0,0,0,0,0,0,0,0,0,0,,,,0.0,0.0,0.0,0.0,0.0,0,0,0
462,a,,,5.0,378,227,0,0,0,0,0.1,434,173,2,1,1.0,295,135,0,7,1.0,245,114,0.2,0.4,0,1168,406,2570,1570,1.0,1.0,0.0,0.0,0.0,1.86,0.0,0.0,0.0,2.26,5.4,265,118,1.2,277,142,0.0,539,218,0.7,306,139,,,,2,,Sean,Steur,Steur,,,74,0,0,0,1,0,0,0,0,0,0,1,5,,,,0.0,0.0,1.22,1.22,6.08,0,3,2
463,a,,,5.9,103,27,-1,1,-1,1,1.3,164,25,4,4,4.0,89,12,0,18,2.0,168,18,0.3,0.7,0,13937,6744,55943,25159,2.0,2.0,0.02,0.01,0.03,0.38,0.09,0.05,0.14,1.8,18.2,187,16,10.5,184,21,11.0,143,26,4.0,194,23,,,1.0,2,,Nick,Woltemade,Woltemade,,,19,0,1,0,0,0,0,0,0,0,0,0,0,,,,0.0,0.0,0.0,0.0,0.0,0,0,0
464,a,,,6.1,57,13,1,-1,1,-1,10.2,41,7,12,8,6.0,47,3,2,44,6.0,44,3,1.0,2.0,0,740130,581173,69833,45745,6.0,6.0,1.35,0.02,1.37,2.93,0.71,0.01,0.72,1.54,55.6,42,3,26.6,95,8,74.0,12,5,15.6,23,5,,,3.0,2,,Yoane,Wissa,Wissa,,,171,1,1,1,1,0,0,0,1,0,0,2,14,,,,0.0,0.53,0.53,1.05,7.37,5,2,7
465,i,0.0,0.0,6.0,86,18,0,0,0,0,0.6,242,40,4,0,4.0,90,13,0,18,2.0,171,19,0.3,0.7,0,20693,349,53716,27209,0.0,0.0,0.06,0.14,0.2,1.48,0.1,0.23,0.33,2.42,28.2,141,13,13.7,155,15,8.0,162,29,5.0,172,19,,,2.0,2,,William,Osula,Osula,Foot injury - Unknown return date,,55,0,1,0,1,0,0,0,0,0,0,1,5,,,,0.0,0.0,1.64,1.64,8.18,1,2,2
466,a,,,4.5,532,72,0,0,0,0,0.8,211,33,0,0,0.0,486,53,0,0,0.0,486,53,0.0,0.0,0,18200,11722,15548,7423,0.0,0.0,0.0,0.0,0.0,0.0,0.0,0.0,0.0,0.0,0.0,468,46,0.0,470,51,0.0,414,48,0.0,478,51,,,,2,,Sean,Neave,Neave,,,0,0,0,0,0,0,0,0,0,0,0,0,0,,,,0.0,0.0,0.0,0.0,0.0,0,0,0
559,a,,,5.0,377,226,0,0,0,0,0.1,402,159,1,0,1.0,294,134,0,5,0.5,322,150,0.1,0.2,0,1266,576,3393,1726,0.5,0.5,0.0,0.0,0.0,1.04,0.0,0.0,0.0,6.69,4.0,289,133,0.0,569,241,0.0,538,217,0.4,318,145,,,,2,,Aladji,Bamba,Bamba,,,14,0,0,0,1,0,0,0,0,0,0,0,2,,,,0.0,0.0,6.43,0.0,12.86,1,1,0
567,a,,,5.0,316,18,0,0,0,0,1.0,191,30,8,7,4.0,85,6,0,44,4.0,82,6,0.8,1.6,0,38834,33297,13787,9529,4.0,4.0,0.0,0.0,0.0,4.1,0.0,0.0,0.0,2.05,75.8,8,1,0.0,542,65,0.0,502,65,7.6,108,1,,,,2,,Lukás,Hornícek,Horníček,,,180,0,0,1,2,0,0,0,1,0,9,2,0,,,,4.5,0.5,1.0,1.0,0.0,0,5,9
593,a,,,4.5,477,124,0,0,0,0,1.9,132,54,12,11,6.0,40,16,2,36,6.0,38,15,1.3,2.7,0,157404,147045,23861,21705,6.0,6.0,0.03,0.06,0.09,4.1,0.02,0.03,0.05,2.05,59.0,32,10,31.6,75,21,5.0,193,67,9.6,72,18,,,,2,,Amar,Dedic,Dedić,,,180,0,1,1,2,0,0,0,0,0,0,2,17,,,,0.0,0.5,1.0,1.0,8.5,5,12,7
609,a,,,4.0,613,192,0,0,0,0,0.3,313,115,0,0,0.0,402,145,0,0,0.0,402,145,0.0,0.0,0,11853,7860,2793,2148,0.0,0.0,0.0,0.0,0.0,0.0,0.0,0.0,0.0,0.0,0.0,384,147,0.0,376,145,0.0,301,119,0.0,394,147,,,,2,,Leo,Shahar,Shahar,,,0,0,0,0,0,0,0,0,0,0,0,0,0,,,,0.0,0.0,0.0,0.0,0.0,0,0,0
167,a,,,5.5,168,38,0,0,0,0,0.7,228,39,1,1,1.0,314,36,0,9,0.5,338,39,0.1,0.2,0,30306,22566,14900,7335,0.5,0.5,0.07,0.0,0.07,0.33,0.26,0.0,0.26,1.24,4.0,290,28,10.1,187,24,7.0,179,31,2.1,255,30,,,3.0,2,,Liam,Delap,Delap,,,24,0,0,0,1,0,0,0,0,0,0,0,0,,,,0.0,0.0,3.75,0.0,0.0,0,0,0
201,a,,,5.4,210,30,-1,1,-1,1,6.9,61,25,0,0,0.0,581,201,0,-4,0.0,581,201,0.0,0.0,0,29977,14332,252858,127432,0.0,0.0,0.23,0.01,0.24,0.84,0.38,0.02,0.4,1.4,1.2,324,121,1.8,256,88,21.0,84,20,2.4,240,89,,,,2,,Daniel,Muñoz Mejía,Muñoz,,,54,0,0,0,2,0,0,0,0,0,0,1,4,,,,0.0,0.0,3.33,1.67,6.67,1,3,1
467,a,,,5.0,232,5,0,0,0,0,1.4,158,24,3,1,1.5,197,17,0,17,1.5,183,14,0.3,0.6,0,8276,4926,21669,9923,1.5,1.5,0.0,0.01,0.01,2.22,0.0,0.0,0.0,1.11,30.8,133,14,0.0,502,53,0.0,449,52,3.1,216,14,,,,2,,Matz,Sels,Sels,,,180,0,0,0,3,0,0,0,0,0,4,2,0,,,,2.0,0.0,1.5,1.0,0.0,0,3,15
468,a,,,4.5,449,34,0,0,0,0,0.1,480,54,0,0,0.0,435,56,0,0,0.0,435,56,0.0,0.0,0,328,150,876,410,0.0,0.0,0.0,0.0,0.0,0.0,0.0,0.0,0.0,0.0,0.0,416,56,0.0,412,37,0.0,348,36,0.0,426,56,,,,2,,John Victor,Maciel Furtado,John,,,0,0,0,0,0,0,0,0,0,0,0,0,0,,,,0.0,0.0,0.0,0.0,0.0,0,0,0
471,a,,,5.5,150,19,0,0,0,0,1.7,144,59,5,3,2.5,138,49,0,7,2.5,132,47,0.5,0.9,0,6076,3485,26874,9833,2.5,2.5,0.11,0.02,0.13,2.22,0.06,0.01,0.07,1.11,24.6,156,70,0.6,301,112,14.0,120,37,3.9,197,74,,,,2,,Nikola,Milenković,Milenković,,,180,0,0,0,3,0,0,0,0,0,0,2,20,,,,0.0,0.0,1.5,1.0,10.0,3,17,9
469,a,,,5.0,270,44,0,0,0,0,8.5,48,18,8,6,4.0,82,30,0,29,4.0,79,30,0.8,1.6,0,46247,32097,129403,47269,4.0,4.0,0.12,0.17,0.29,2.22,0.06,0.08,0.14,1.11,49.6,58,21,31.1,77,22,12.0,129,41,9.3,75,21,2.0,2.0,,2,,Neco,Williams,N.Williams,,,180,0,1,0,3,0,0,0,0,0,0,2,18,,,,0.0,0.0,1.5,1.0,9.0,9,9,11
470,a,,,5.0,320,62,0,0,0,0,0.0,508,176,0,0,0.0,550,196,0,0,0.0,550,196,0.0,0.0,0,398,168,1250,583,0.0,0.0,0.0,0.0,0.0,0.0,0.0,0.0,0.0,0.0,0.0,537,198,0.0,543,198,0.0,503,193,0.0,545,198,,,,2,,Felipe,Rodrigues da Silva,Morato,,,0,0,0,0,0,0,0,0,0,0,0,0,0,,,,0.0,0.0,0.0,0.0,0.0,0,0,0
472,a,100.0,100.0,5.5,198,28,0,0,0,0,1.6,149,62,5,1,2.5,146,52,0,17,2.5,141,50,0.5,0.9,0,14564,5984,23706,11869,2.5,2.5,0.18,0.28,0.46,2.22,0.09,0.14,0.23,1.11,43.4,78,32,26.2,98,30,8.0,160,54,7.8,104,37,,3.0,,2,,Murillo,Costa dos Santos,Murillo,,,180,0,0,0,3,0,0,0,0,0,0,2,20,,,,0.0,0.0,1.5,1.0,10.0,2,18,6
473,a,,,4.5,429,89,0,0,0,0,3.2,100,40,5,0,2.5,129,45,0,26,2.5,123,43,0.6,1.1,0,31218,13448,52223,29386,2.5,2.5,0.04,0.52,0.56,2.09,0.02,0.3,0.32,1.19,27.8,143,64,51.1,31,6,15.0,111,32,9.4,74,20,,,,2,,Ola,Aina,Aina,,,158,0,0,1,2,0,0,0,2,0,0,2,7,,,,0.0,0.57,1.14,1.14,3.99,2,5,8
474,a,,,4.5,522,141,0,0,0,0,0.2,336,125,2,1,1.0,255,97,0,11,1.0,227,83,0.2,0.4,0,838,579,2732,1173,1.0,1.0,0.0,0.0,0.0,2.22,0.0,0.0,0.0,1.11,35.4,115,52,1.7,258,89,0.0,406,170,3.7,203,79,,,,2,,Jair,Paula da Cunha Filho,Jair Cunha,,,180,0,0,0,3,0,0,0,1,0,0,2,16,,,,0.0,0.0,1.5,1.0,8.0,3,13,3
475,i,0.0,0.0,4.5,497,132,0,0,0,0,0.0,619,206,0,0,0.0,456,171,0,0,0.0,456,171,0.0,0.0,0,129,16,104,56,0.0,0.0,0.0,0.0,0.0,0.0,0.0,0.0,0.0,0.0,0.0,437,172,0.0,440,173,0.0,382,162,0.0,447,172,,,,2,,Nicolò,Savona,Savona,Knee injury - Unknown return date,,0,0,0,0,0,0,0,0,0,0,0,0,0,,,,0.0,0.0,0.0,0.0,0.0,0,0,0
476,a,,,4.0,578,166,0,0,0,0,0.2,325,123,0,0,0.0,376,128,0,0,0.0,376,128,0.0,0.0,0,1201,706,3365,1357,0.0,0.0,0.0,0.0,0.0,0.0,0.0,0.0,0.0,0.0,0.0,358,130,0.0,350,128,0.0,274,101,0.0,368,130,,,,2,,Omar,Richards,O.Richards,,,0,0,0,0,0,0,0,0,0,0,0,0,0,,,,0.0,0.0,0.0,0.0,0.0,0,0,0
477,a,,,4.0,612,191,0,0,0,0,0.2,314,116,0,0,0.0,401,144,0,0,0.0,401,144,0.0,0.0,0,2245,1249,3924,1701,0.0,0.0,0.0,0.0,0.0,0.0,0.0,0.0,0.0,0.0,0.0,383,146,0.0,375,144,0.0,300,118,0.0,393,146,,,,2,,Zach,Abbott,Abbott,,,0,0,0,0,0,0,0,0,0,0,0,0,0,,,,0.0,0.0,0.0,0.0,0.0,0,0,0
478,a,,,4.5,480,125,0,0,0,0,0.0,526,182,2,1,1.0,249,92,0,3,1.0,224,80,0.2,0.4,0,222,110,566,278,1.0,1.0,0.0,0.0,0.0,0.13,0.0,0.0,0.0,0.58,2.0,312,117,0.9,283,102,0.0,368,158,0.3,325,117,,,,2,,Luca,Netz,Netz,,,20,0,0,0,1,0,0,0,0,0,0,0,1,,,,0.0,0.0,4.5,0.0,4.5,1,0,1
479,u,0.0,,4.0,607,186,0,0,0,0,0.2,358,133,0,0,0.0,397,140,0,0,0.0,397,140,0.0,0.0,0,799,434,2737,1320,0.0,0.0,0.0,0.0,0.0,0.0,0.0,0.0,0.0,0.0,0.0,379,142,0.0,371,140,0.0,296,114,0.0,389,142,,,,2,,Tyler,Bindon,Bindon,Has joined Charlton Athletic on loan for the rest of the season,,0,0,0,0,0,0,0,0,0,0,0,0,0,,,,0.0,0.0,0.0,0.0,0.0,0,0,0
480,a,100.0,100.0,7.9,12,8,-1,1,-1,1,9.1,43,17,15,13,7.5,24,13,3,46,7.5,23,13,0.9,1.9,0,118991,110211,347962,64869,7.5,7.5,0.92,0.1,1.02,2.22,0.46,0.05,0.51,1.11,56.4,40,18,21.8,119,73,33.0,58,33,11.0,57,37,,1.0,1.0,2,,Morgan,Gibbs-White,Gibbs-White,,,180,1,1,0,3,0,0,0,0,0,0,2,8,,,,0.0,0.0,1.5,1.0,4.0,2,2,4
482,a,100.0,100.0,5.9,96,62,-1,1,-1,1,0.2,338,123,1,1,1.0,324,153,0,2,0.5,345,161,0.1,0.2,0,1761,1035,8413,2929,0.5,0.5,0.0,0.0,0.0,0.0,0.0,0.0,0.0,0.0,0.0,602,260,0.3,320,162,0.0,595,254,0.0,605,260,,4.0,,2,,Callum,Hudson-Odoi,Hudson-Odoi,,,1,0,0,0,0,0,0,0,0,0,0,0,0,,,,0.0,0.0,0.0,0.0,0.0,0,0,0
483,a,,,5.5,167,105,0,0,0,0,0.6,241,82,12,9,6.0,43,23,2,35,6.0,40,21,1.1,2.2,0,22171,20680,11308,6046,6.0,6.0,0.35,0.63,0.98,1.67,0.25,0.45,0.7,1.19,37.2,108,41,25.5,101,63,36.0,51,29,9.9,70,42,,,,2,,Dan,Ndoye,Ndoye,,,126,1,0,1,1,0,0,0,0,0,0,2,12,,,,0.0,0.71,0.71,1.43,8.57,1,2,9
484,u,0.0,,5.4,224,139,-1,1,-1,1,0.1,390,152,0,0,0.0,589,251,0,0,0.0,589,251,0.0,0.0,0,427,213,4448,2202,0.0,0.0,0.0,0.0,0.0,0.0,0.0,0.0,0.0,0.0,0.0,577,246,0.0,582,250,0.0,557,230,0.0,584,248,,,,2,,Omari,Hutchinson,Hutchinson,Has joined AC Milan on loan for the rest of the season,,0,0,0,0,0,0,0,0,0,0,0,0,0,,,,0.0,0.0,0.0,0.0,0.0,0,0,0
485,u,0.0,0.0,5.5,175,109,0,0,0,0,0.0,597,255,0,0,0.0,600,259,0,0,0.0,600,259,0.0,0.0,0,107,0,799,394,0.0,0.0,0.0,0.0,0.0,0.0,0.0,0.0,0.0,0.0,0.0,591,255,0.0,597,258,0.0,584,249,0.0,597,257,,,,2,,Dilane,Bakwa,Bakwa,Has joined Lille on loan for the rest of the season,,0,0,0,0,0,0,0,0,0,0,0,0,0,,,,0.0,0.0,0.0,0.0,0.0,0,0,0
486,a,,,5.5,157,98,0,0,0,0,0.1,463,185,5,2,2.5,139,62,0,34,2.5,133,62,0.5,0.9,0,2969,2295,1302,827,2.5,2.5,0.0,0.32,0.32,2.09,0.0,0.18,0.18,1.15,19.8,176,68,61.0,17,16,0.0,579,245,8.1,97,50,1.0,,,2,,James,McAtee,McAtee,,,163,0,0,1,2,0,0,0,0,0,0,2,16,,,,0.0,0.55,1.1,1.1,8.83,2,4,10
487,a,,,5.0,292,176,0,0,0,0,0.1,466,187,1,1,1.0,273,117,0,3,0.5,307,137,0.1,0.2,0,451,237,1752,690,0.5,0.5,0.0,0.0,0.0,0.0,0.0,0.0,0.0,0.0,0.2,334,153,0.0,530,221,0.0,485,186,0.0,536,218,,,,2,,Nicolás,Domínguez,Dominguez,,,1,0,0,0,0,0,0,0,0,0,0,0,0,,,,0.0,0.0,0.0,0.0,0.0,0,0,0
488,i,0.0,0.0,5.0,266,164,0,0,0,0,0.7,229,76,2,0,2.0,161,75,0,10,1.0,232,106,0.2,0.4,0,3004,154,36473,18496,0.0,0.0,0.03,0.01,0.04,0.47,0.03,0.01,0.04,0.47,17.8,191,73,13.0,160,97,3.0,210,101,3.4,209,93,,,,2,,Ibrahim,Sangaré,I.Sangaré,Calf injury - Unknown return date,,90,0,0,0,1,0,0,0,0,0,0,1,6,,,,0.0,0.0,1.0,1.0,6.0,0,3,3
489,a,100.0,100.0,4.5,443,250,0,0,0,0,1.5,157,47,0,0,0.0,433,174,0,0,0.0,433,174,0.0,0.0,0,13914,12171,49383,12300,0.0,0.0,0.0,0.0,0.0,0.0,0.0,0.0,0.0,0.0,0.0,414,162,0.0,409,171,0.0,344,128,0.0,424,167,,,,2,,Ryan,Yates,Yates,,,0,0,0,0,0,0,0,0,0,0,0,0,0,,,,0.0,0.0,0.0,0.0,0.0,0,0,0
490,a,,,5.9,91,22,-1,1,-1,1,1.3,166,26,1,0,1.0,321,38,0,3,0.5,343,41,0.1,0.2,0,9394,4825,57045,27694,0.5,0.5,0.12,0.01,0.13,0.22,0.39,0.03,0.42,0.71,0.0,600,65,2.4,236,33,3.0,213,34,0.4,320,37,,,2.0,2,,Chris,Wood,Wood,,,28,0,0,0,1,0,0,0,0,0,0,0,1,,,,0.0,0.0,3.21,0.0,3.21,0,0,1
491,a,,,5.9,104,28,-1,1,-1,1,3.2,101,14,3,1,1.5,216,28,0,12,1.5,203,23,0.3,0.5,0,22879,12642,107340,48790,1.5,1.5,0.96,0.06,1.02,2.22,0.48,0.03,0.51,1.11,13.8,213,18,20.1,125,12,69.0,14,6,10.3,66,10,,,4.0,2,,Igor Jesus,Maciel da Cruz,Igor Jesus,,,180,0,0,0,3,0,0,0,1,0,0,2,8,,,,0.0,0.0,1.5,1.0,4.0,1,5,2
493,a,,,5.5,171,40,0,0,0,0,0.0,496,65,1,0,1.0,315,37,0,3,0.5,339,40,0.1,0.2,0,630,291,1558,801,0.5,0.5,0.0,0.0,0.0,0.0,0.0,0.0,0.0,0.0,0.0,590,61,0.0,596,65,0.0,582,63,0.0,596,65,,,,2,,Arnaud,Kalimuendo,Kalimuendo,,,1,0,0,0,0,0,0,0,0,0,0,0,0,,,,0.0,0.0,0.0,0.0,0.0,0,0,0
558,a,,,5.0,260,159,0,0,0,0,0.1,427,169,5,4,2.5,134,58,0,18,2.5,128,58,0.5,1.0,0,1020,862,1892,748,2.5,2.5,0.05,0.0,0.05,1.88,0.04,0.0,0.04,1.6,21.8,169,62,1.7,260,135,9.0,154,76,3.3,212,94,3.0,,,2,,Xaver,Schlager,Schlager,,,106,0,0,0,3,0,0,0,0,0,0,1,16,,,,0.0,0.0,2.55,0.85,13.58,5,3,8
581,a,,,5.5,195,27,0,0,0,0,0.6,235,86,0,0,0.0,602,205,0,0,0.0,602,205,0.0,0.0,0,5686,2202,22521,10420,0.0,0.0,0.0,0.0,0.0,0.0,0.0,0.0,0.0,0.0,0.0,595,205,0.0,600,205,0.0,589,204,0.0,599,205,,,,2,,Ousmane,Diomande,Diomande,,,0,0,0,0,0,0,0,0,0,0,0,0,0,,,,0.0,0.0,0.0,0.0,0.0,0,0,0
590,a,,,4.5,468,37,0,0,0,0,0.1,468,52,0,0,0.0,443,58,0,0,0.0,443,58,0.0,0.0,0,1276,651,1119,575,0.0,0.0,0.0,0.0,0.0,0.0,0.0,0.0,0.0,0.0,0.0,424,58,0.0,421,40,0.0,360,39,0.0,434,58,,,,2,,Steven,Benda,Benda,,,0,0,0,0,0,0,0,0,0,0,0,0,0,,,,0.0,0.0,0.0,0.0,0.0,0,0,0
112,a,,,5.0,313,59,0,0,0,0,8.1,51,20,2,1,1.0,277,106,0,12,1.0,238,84,0.2,0.4,0,48324,11720,227466,128698,1.0,1.0,0.11,0.06,0.17,4.59,0.06,0.03,0.09,2.3,54.8,45,14,16.5,141,43,35.0,55,11,10.6,62,15,,,,2,,Jan Paul,van Hecke,Van Hecke,,,180,0,0,0,5,0,0,0,0,0,0,2,17,,,,0.0,0.0,2.5,1.0,8.5,4,13,7
401,a,,,7.0,28,9,0,0,0,0,1.9,131,22,2,2,2.0,190,24,0,14,1.0,268,32,0.1,0.3,0,104524,64716,41940,22579,1.0,1.0,0.17,0.07,0.24,0.72,0.17,0.07,0.24,0.72,9.2,238,21,35.1,63,4,28.0,68,15,7.2,119,16,,,2.0,2,,Omar,Marmoush,Marmoush,,,90,0,0,0,2,0,0,0,0,0,0,1,4,,,,0.0,0.0,2.0,1.0,4.0,1,0,3
403,d,75.0,,6.5,44,30,0,0,0,0,0.8,216,70,0,0,0.0,622,274,0,0,0.0,622,274,0.0,0.0,0,67301,11554,29585,22721,0.0,0.0,0.0,0.0,0.0,0.0,0.0,0.0,0.0,0.0,0.0,623,275,0.0,623,275,0.0,622,274,0.0,623,275,,,,2,,Sávio,Moreira de Oliveira,Sávio,Muscular injury - 75% chance of playing,,0,0,0,0,0,0,0,0,0,0,0,0,0,,,,0.0,0.0,0.0,0.0,0.0,0,0,0
455,a,,,5.4,211,131,-1,1,-1,1,3.1,106,31,4,2,2.0,170,81,0,30,2.0,158,78,0.4,0.7,0,21540,7421,111002,58786,2.0,2.0,0.09,0.08,0.17,4.59,0.05,0.04,0.09,2.52,11.2,227,94,32.7,73,47,12.0,130,66,5.6,152,72,,5.0,,2,,Sandro,Tonali,Tonali,,,164,0,0,0,5,0,0,0,0,0,0,2,8,,,,0.0,0.0,2.74,1.1,4.39,1,1,6
494,u,0.0,0.0,4.5,435,32,0,0,0,0,0.2,342,37,0,0,0.0,430,54,0,0,0.0,430,54,0.0,0.0,0,0,0,15722,4285,0.0,0.0,0.0,0.0,0.0,0.0,0.0,0.0,0.0,0.0,0.0,411,54,0.0,406,35,0.0,340,34,0.0,421,54,,,,2,,Guglielmo,Vicario,Vicario,Has joined Juventus on loan for the rest of the season,,0,0,0,0,0,0,0,0,0,0,0,0,0,,,,0.0,0.0,0.0,0.0,0.0,0,0,0
495,a,,,4.0,579,62,0,0,0,0,0.9,199,31,0,0,0.0,377,36,0,0,0.0,377,36,0.0,0.0,0,8809,5597,7148,3446,0.0,0.0,0.0,0.0,0.0,0.0,0.0,0.0,0.0,0.0,0.0,359,36,0.0,351,15,0.0,275,14,0.0,369,36,,,,2,,Brandon,Austin,Austin,,,0,0,0,0,0,0,0,0,0,0,0,0,0,,,,0.0,0.0,0.0,0.0,0.0,0,0,0
496,a,,,4.5,485,42,0,0,0,0,20.5,15,3,3,1,1.5,196,16,0,19,1.5,182,13,0.3,0.7,0,66959,26334,237884,155733,1.5,1.5,0.0,0.0,0.0,4.59,0.0,0.0,0.0,2.3,47.4,67,9,0.0,430,45,0.0,372,44,4.8,177,10,,,,2,,Antonín,Kinský,Kinsky,,,180,0,0,0,5,0,0,0,0,0,5,2,0,,,,2.5,0.0,2.5,1.0,0.0,0,4,18
497,a,,,4.0,557,53,0,0,0,0,18.2,19,4,0,0,0.0,362,27,0,0,0.0,362,27,0.0,0.0,0,105654,70568,132505,68688,0.0,0.0,0.0,0.0,0.0,0.0,0.0,0.0,0.0,0.0,0.0,344,27,0.0,334,6,0.0,256,5,0.0,353,27,,,,2,,Martin,Dubravka,Dubravka,,,0,0,0,0,0,0,0,0,0,0,0,0,0,,,,0.0,0.0,0.0,0.0,0.0,0,0,0
498,a,,,5.9,98,10,-1,1,-1,1,6.2,65,26,3,0,3.0,120,42,0,10,1.5,201,66,0.3,0.5,0,19624,3682,184689,120454,1.5,1.5,0.0,0.02,0.02,3.87,0.0,0.02,0.02,3.87,36.6,111,50,2.2,243,80,0.0,597,205,3.9,198,75,,,,2,,Marcos,Senesi Barón,Senesi,,,90,0,0,0,3,0,0,0,0,0,0,1,16,,,,0.0,0.0,3.0,1.0,16.0,5,11,2
499,a,100.0,100.0,5.5,163,21,0,0,0,0,12.3,33,11,1,1,1.0,313,110,0,1,0.5,337,120,0.1,0.2,0,53305,32731,449091,131573,0.5,0.5,0.33,0.1,0.43,0.72,0.33,0.1,0.43,0.72,9.4,236,96,7.9,196,63,21.0,87,22,3.8,200,77,3.0,1.0,,2,,Pedro,Porro Sauceda,Pedro Porro,,,90,0,0,0,2,0,0,0,0,0,0,1,4,,,,0.0,0.0,2.0,1.0,4.0,1,3,2
500,u,0.0,0.0,5.0,277,47,0,0,0,0,0.1,404,143,0,0,0.0,532,191,0,0,0.0,532,191,0.0,0.0,0,0,0,13659,2880,0.0,0.0,0.0,0.0,0.0,0.0,0.0,0.0,0.0,0.0,0.0,520,194,0.0,521,194,0.0,475,187,0.0,527,194,,,,2,,Cristian,Romero,Romero,Has joined Atletico Madrid permanently,,0,0,0,0,0,0,0,0,0,0,0,0,0,,,,0.0,0.0,0.0,0.0,0.0,0,0,0
501,a,,,5.0,241,38,0,0,0,0,0.2,367,135,0,0,0.0,520,188,0,0,0.0,520,188,0.0,0.0,0,1525,505,4651,2219,0.0,0.0,0.0,0.0,0.0,0.0,0.0,0.0,0.0,0.0,0.0,505,190,0.0,507,191,0.0,456,183,0.0,513,190,,,,2,,Kevin,Danso,Danso,,,0,0,0,0,0,0,0,0,0,0,0,0,0,,,,0.0,0.0,0.0,0.0,0.0,0,0,0
502,a,,,4.5,425,87,0,0,0,0,3.5,95,37,5,2,2.5,128,44,0,20,2.5,122,42,0.6,1.1,0,31237,9066,57689,34391,2.5,2.5,0.06,0.08,0.14,4.35,0.03,0.05,0.08,2.49,43.0,81,35,36.0,57,12,27.0,69,14,10.6,61,14,1.0,,,2,,Andrew,Robertson,Robertson,,,157,0,0,0,4,0,0,0,0,0,0,2,14,,,,0.0,0.0,2.29,1.15,8.03,3,11,4
503,a,100.0,100.0,5.0,328,63,0,0,0,0,3.9,90,36,0,0,0.0,556,197,0,5,0.0,556,197,0.0,0.0,0,19671,11297,173731,49028,0.0,0.0,0.0,0.02,0.02,0.72,0.0,0.02,0.02,0.72,15.2,205,86,2.1,246,83,0.0,511,194,1.7,272,99,,,,2,,Micky,van de Ven,Van de Ven,,,90,0,0,0,2,0,0,0,1,0,0,1,8,,,,0.0,0.0,2.0,1.0,8.0,1,7,4
505,u,0.0,0.0,4.5,458,111,0,0,0,0,0.4,285,108,0,0,0.0,439,164,0,0,0.0,439,164,0.0,0.0,0,0,0,56629,10847,0.0,0.0,0.0,0.0,0.0,0.0,0.0,0.0,0.0,0.0,0.0,420,165,0.0,416,165,0.0,353,150,0.0,430,165,,,,2,,Djed,Spence,Spence,Has joined Internazionale permanently,,0,0,0,0,0,0,0,0,0,0,0,0,0,,,,0.0,0.0,0.0,0.0,0.0,0,0,0
506,a,,,4.5,486,128,0,0,0,0,0.4,267,98,2,1,1.0,252,95,0,5,1.0,226,82,0.2,0.4,0,2460,775,8944,4252,1.0,1.0,0.0,0.21,0.21,0.68,0.0,0.73,0.73,2.35,5.2,267,102,12.2,168,51,2.0,222,83,1.9,260,96,,,,2,,Destiny,Udogie,Udogie,,,26,0,0,0,1,0,0,0,0,0,0,0,1,,,,0.0,0.0,3.46,0.0,3.46,1,0,3
507,u,0.0,0.0,4.5,508,136,0,0,0,0,0.0,566,194,0,0,0.0,467,175,0,0,0.0,467,175,0.0,0.0,0,0,0,897,239,0.0,0.0,0.0,0.0,0.0,0.0,0.0,0.0,0.0,0.0,0.0,448,176,0.0,451,177,0.0,393,166,0.0,458,176,,,,2,,Ashley,Phillips,Phillips,Has joined Middlesbrough permanently,,0,0,0,0,0,0,0,0,0,0,0,0,0,,,,0.0,0.0,0.0,0.0,0.0,0,0,0
508,a,,,4.0,565,157,0,0,0,0,1.0,196,76,0,0,0.0,369,125,0,0,0.0,369,125,0.0,0.0,0,5367,2490,16498,7515,0.0,0.0,0.0,0.0,0.0,0.0,0.0,0.0,0.0,0.0,0.0,351,127,0.0,341,123,0.0,263,94,0.0,360,126,,,,2,,Ben,Davies,Davies,,,0,0,0,0,0,0,0,0,0,0,0,0,0,,,,0.0,0.0,0.0,0.0,0.0,0,0,0
509,a,,,4.0,626,204,0,0,0,0,0.1,485,170,0,0,0.0,411,153,0,0,0.0,411,153,0.0,0.0,0,667,348,966,408,0.0,0.0,0.0,0.0,0.0,0.0,0.0,0.0,0.0,0.0,0.0,393,155,0.0,385,153,0.0,313,130,0.0,403,155,,,,2,,Jun'ai,Byfield,Byfield,,,0,0,0,0,0,0,0,0,0,0,0,0,0,,,,0.0,0.0,0.0,0.0,0.0,0,0,0
510,a,,,4.0,603,183,0,0,0,0,0.1,450,158,0,0,0.0,393,137,0,0,0.0,393,137,0.0,0.0,0,751,416,1310,615,0.0,0.0,0.0,0.0,0.0,0.0,0.0,0.0,0.0,0.0,0.0,375,139,0.0,367,137,0.0,292,111,0.0,385,139,,,,2,,James,Rowswell,Rowswell,,,0,0,0,0,0,0,0,0,0,0,0,0,0,,,,0.0,0.0,0.0,0.0,0.0,0,0,0
511,u,0.0,,4.0,625,203,0,0,0,0,0.3,300,111,0,0,0.0,410,152,0,0,0.0,410,152,0.0,0.0,0,2555,1362,5551,2857,0.0,0.0,0.0,0.0,0.0,0.0,0.0,0.0,0.0,0.0,0.0,392,154,0.0,384,152,0.0,312,129,0.0,402,154,,,,2,,João Victor,de Souza Menezes,Souza,Has joined FC Porto on loan for the rest of the season,,0,0,0,0,0,0,0,0,0,0,0,0,0,,,,0.0,0.0,0.0,0.0,0.0,0,0,0
512,a,100.0,75.0,6.5,41,28,0,0,0,0,0.1,429,171,1,1,1.0,337,163,0,4,0.5,355,168,0.1,0.2,0,2852,2583,3688,1282,0.5,0.4,0.04,0.01,0.05,0.24,0.16,0.04,0.2,0.98,1.2,326,148,3.3,225,122,11.0,145,72,1.6,276,123,,3.0,3.0,2,,Mohammed,Kudus,Kudus,,,22,0,0,0,1,0,0,0,0,0,0,0,2,,,,0.0,0.0,4.09,0.0,8.18,0,0,2
513,i,0.0,0.0,6.0,81,55,0,0,0,0,0.0,582,245,0,0,0.0,615,268,0,0,0.0,615,268,0.0,0.0,0,130,53,617,261,0.0,0.0,0.0,0.0,0.0,0.0,0.0,0.0,0.0,0.0,0.0,614,269,0.0,615,269,0.0,610,265,0.0,615,269,,2.0,4.0,2,,Xavi,Simons,Xavi,Knee injury - Unknown return date,,0,0,0,0,0,0,0,0,0,0,0,0,0,,,,0.0,0.0,0.0,0.0,0.0,0,0,0
514,a,,,5.9,108,69,-1,1,-1,1,0.4,275,90,4,2,2.0,182,89,0,27,2.0,169,84,0.3,0.7,0,5393,1219,21389,10928,2.0,2.0,0.2,0.09,0.29,4.35,0.11,0.05,0.16,2.49,14.2,211,85,29.3,86,54,43.0,38,22,8.6,86,48,,4.0,,2,,Mathys,Tel,Tel,,,157,0,0,0,4,0,0,0,0,0,0,2,11,,,,0.0,0.0,2.29,1.15,6.31,1,1,9
515,d,75.0,75.0,6.4,49,34,-1,1,-1,1,0.7,227,75,1,0,1.0,332,158,0,6,0.5,351,164,0.1,0.2,0,2818,132,62644,25658,0.4,0.4,0.0,0.01,0.01,0.85,0.0,0.04,0.04,3.48,4.4,281,129,8.3,194,108,8.0,163,79,2.1,256,115,,,,2,,James,Maddison,Maddison,Shoulder injury - 75% chance of playing,,22,0,0,0,0,0,0,0,0,0,0,0,2,,,,0.0,0.0,0.0,0.0,8.18,0,1,1
516,a,,,5.5,138,86,0,0,0,0,0.2,352,132,3,2,1.5,207,97,0,25,1.5,193,92,0.3,0.5,0,1146,544,3644,1613,1.5,1.5,0.0,0.03,0.03,2.9,0.0,0.02,0.02,1.93,17.4,193,75,21.8,118,72,0.0,571,238,4.0,193,87,,,,2,,Rodrigo,Bentancur,Bentancur,,,135,0,0,0,3,0,0,0,0,0,0,1,16,,,,0.0,0.0,2.0,0.67,10.67,5,3,8
517,i,0.0,0.0,5.5,193,122,0,0,0,0,0.0,627,277,0,0,0.0,601,260,0,0,0.0,601,260,0.0,0.0,0,32,16,47,28,0.0,0.0,0.0,0.0,0.0,0.0,0.0,0.0,0.0,0.0,0.0,594,258,0.0,599,260,0.0,587,251,0.0,598,258,,,,2,,Wilson,Odobert,Odobert,Knee injury - Unknown return date,,0,0,0,0,0,0,0,0,0,0,0,0,0,,,,0.0,0.0,0.0,0.0,0.0,0,0,0
519,a,,,5.4,209,130,-1,1,-1,1,0.2,322,113,0,0,0.0,580,245,0,1,0.0,580,245,0.0,0.0,0,1921,713,8758,4111,0.0,0.0,0.02,0.06,0.08,1.7,0.04,0.12,0.16,3.4,0.0,568,239,5.5,206,113,1.0,250,122,0.5,312,143,,,,2,,Conor,Gallagher,Gallagher,,,45,0,0,0,2,0,0,0,1,0,0,1,3,,,,0.0,0.0,4.0,2.0,6.0,1,0,2
520,a,,,5.5,196,124,0,0,0,0,0.2,348,129,1,0,1.0,319,150,0,2,0.5,342,159,0.1,0.2,0,958,323,4399,2200,0.5,0.5,0.0,0.01,0.01,1.7,0.0,0.02,0.02,3.4,0.0,596,259,2.0,250,130,2.0,242,117,0.0,600,259,,,,2,,Lucas,Bergvall,Bergvall,,,45,0,0,0,2,0,0,0,0,0,0,1,8,,,,0.0,0.0,4.0,2.0,16.0,1,0,7
521,i,0.0,0.0,6.5,39,27,0,0,0,0,0.0,596,254,0,0,0.0,620,273,0,0,0.0,620,273,0.0,0.0,0,122,47,345,104,0.0,0.0,0.0,0.0,0.0,0.0,0.0,0.0,0.0,0.0,0.0,621,274,0.0,621,274,0.0,620,273,0.0,621,274,,,,2,,Dejan,Kulusevski,Kulusevski,Knee injury - Unknown return date,,0,0,0,0,0,0,0,0,0,0,0,0,0,,,,0.0,0.0,0.0,0.0,0.0,0,0,0
522,a,,,5.0,358,213,0,0,0,0,0.2,327,115,4,2,2.0,167,79,0,24,2.0,155,76,0.4,0.8,0,3237,1526,5086,2542,2.0,2.0,0.0,0.01,0.01,3.91,0.0,0.01,0.01,2.32,8.0,248,107,4.8,212,117,0.0,526,208,1.3,285,128,,,,2,,Archie,Gray,Gray,,,152,0,0,0,4,0,0,0,0,0,0,2,11,,,,0.0,0.0,2.37,1.18,6.51,1,5,5
527,a,,,5.9,97,25,-1,1,-1,1,2.1,125,19,2,0,2.0,180,20,0,6,1.0,261,29,0.2,0.3,0,19769,5046,112619,66148,1.0,1.0,0.0,0.0,0.0,3.02,0.0,0.0,0.0,4.06,0.0,603,67,2.2,242,34,0.0,596,68,0.2,337,39,,,5.0,2,,Richarlison,de Andrade,Richarlison,,,67,0,0,0,3,0,0,0,0,0,0,1,1,,,,0.0,0.0,4.03,1.34,1.34,0,1,0
523,a,,,5.0,336,195,0,0,0,0,0.2,363,138,3,1,1.5,203,94,0,11,1.5,189,89,0.3,0.6,0,3139,720,5707,3181,1.5,1.5,0.4,0.02,0.42,3.26,0.4,0.02,0.42,3.3,14.2,210,84,6.3,200,110,56.0,27,17,7.5,112,57,,,,2,,Mikey,Moore,Moore,,,89,0,0,0,4,0,0,0,0,0,0,1,3,,,,0.0,0.0,4.04,1.01,3.03,1,0,2
524,a,,,4.5,495,259,0,0,0,0,0.7,225,73,0,0,0.0,454,181,0,0,0.0,454,181,0.0,0.0,0,3022,1008,15852,6540,0.0,0.0,0.0,0.0,0.0,0.0,0.0,0.0,0.0,0.0,0.0,435,169,0.0,438,178,0.0,380,136,0.0,445,174,,,,2,,Callum,Olusesi,Olusesi,,,0,0,0,0,0,0,0,0,0,0,0,0,0,,,,0.0,0.0,0.0,0.0,0.0,0,0,0
525,a,,,5.9,109,70,-1,1,-1,1,1.3,162,48,3,2,1.5,217,103,0,34,1.5,204,98,0.3,0.5,0,7412,2883,58588,27259,1.5,1.5,0.01,0.23,0.24,2.9,0.01,0.15,0.16,1.93,21.2,173,65,73.5,11,11,3.0,214,103,9.7,71,43,2.0,,,2,,Mateus,Fernandes,Fernandes,,,135,0,0,0,3,0,0,0,0,0,0,1,10,,,,0.0,0.0,2.0,0.67,6.67,4,0,6
526,a,,,5.9,93,23,-1,1,-1,1,1.1,180,28,2,1,1.0,322,39,0,9,1.0,259,28,0.2,0.3,0,12545,4333,42910,22092,1.0,1.0,0.27,0.0,0.27,0.85,0.66,0.0,0.66,2.07,3.2,300,30,0.3,319,40,11.0,142,25,1.5,278,33,,,1.0,2,,Dominic,Solanke-Mitchell,Solanke,,,37,0,0,0,0,0,0,0,0,0,0,0,0,,,,0.0,0.0,0.0,0.0,0.0,0,0,0
528,a,,,4.5,490,62,0,0,0,0,1.9,130,21,0,0,0.0,449,44,0,0,0.0,449,44,0.0,0.0,0,39738,26554,33006,15826,0.0,0.0,0.0,0.0,0.0,0.0,0.0,0.0,0.0,0.0,0.0,430,36,0.0,433,42,0.0,375,38,0.0,440,41,,,,2,,Dane,Scarlett,Scarlett,,,0,0,0,0,0,0,0,0,0,0,0,0,0,,,,0.0,0.0,0.0,0.0,0.0,0,0,0
601,a,,,4.5,535,271,0,0,0,0,0.1,410,163,0,0,0.0,487,191,0,0,0.0,487,191,0.0,0.0,0,5648,3012,2036,1452,0.0,0.0,0.0,0.0,0.0,0.0,0.0,0.0,0.0,0.0,0.0,469,179,0.0,471,188,0.0,415,146,0.0,479,184,,,,2,,Luca,Williams-Barnett,Williams-Barnett,,,0,0,0,0,0,0,0,0,0,0,0,0,0,,,,0.0,0.0,0.0,0.0,0.0,0,0,0
529,a,,,5.0,333,19,0,0,0,0,3.6,93,15,7,6,3.5,99,7,0,29,3.5,93,7,0.7,1.4,0,10315,5549,58895,28561,3.5,3.5,0.0,0.0,0.0,2.75,0.0,0.0,0.0,1.38,19.2,181,19,0.0,553,66,0.0,515,66,1.9,262,19,,,,2,,Robin,Roefs,Roefs,,,180,0,0,1,2,0,0,0,0,0,1,2,0,,,,0.5,0.5,1.0,1.0,0.0,0,3,15
530,u,0.0,0.0,4.0,585,63,0,0,0,0,0.1,378,42,0,0,0.0,380,37,0,0,0.0,380,37,0.0,0.0,0,0,0,3489,1182,0.0,0.0,0.0,0.0,0.0,0.0,0.0,0.0,0.0,0.0,0.0,362,37,0.0,354,16,0.0,278,15,0.0,372,37,,,,2,,Anthony,Patterson,Patterson,Has joined Wrexham permanently,,0,0,0,0,0,0,0,0,0,0,0,0,0,,,,0.0,0.0,0.0,0.0,0.0,0,0,0
531,a,,,4.5,502,45,0,0,0,0,0.1,442,48,0,0,0.0,461,61,0,0,0.0,461,61,0.0,0.0,0,447,238,1431,577,0.0,0.0,0.0,0.0,0.0,0.0,0.0,0.0,0.0,0.0,0.0,442,61,0.0,445,48,0.0,387,47,0.0,452,61,,,,2,,Melker,Ellborg,Ellborg,,,0,0,0,0,0,0,0,0,0,0,0,0,0,,,,0.0,0.0,0.0,0.0,0.0,0,0,0
532,a,,,5.0,281,50,0,0,0,0,4.4,82,33,8,8,4.0,84,32,0,31,4.0,81,32,0.8,1.6,0,22076,9278,98307,48603,4.0,4.0,0.03,0.01,0.04,2.75,0.02,0.0,0.02,1.38,41.8,85,38,2.4,235,76,7.0,168,58,5.1,169,62,,,,2,,Daniel,Ballard,Ballard,,,180,0,0,1,2,0,0,0,1,0,0,2,19,,,,0.0,0.5,1.0,1.0,9.5,3,16,1
533,a,100.0,100.0,5.5,137,16,0,0,0,0,2.4,114,46,9,9,9.0,11,4,1,28,4.5,69,25,0.8,1.6,0,19060,13472,52478,13891,4.5,4.5,0.0,0.01,0.01,0.95,0.0,0.01,0.01,0.95,42.6,83,36,8.0,195,62,2.0,239,89,5.3,161,60,,,,2,,Nordi,Mukiele,Mukiele,,,90,0,0,1,0,0,0,0,0,0,0,1,19,,,,0.0,1.0,0.0,1.0,19.0,2,17,4
534,a,,,4.5,487,129,0,0,0,0,5.7,66,27,8,6,4.0,81,29,0,38,4.0,78,29,0.9,1.8,0,24564,10945,83739,46368,4.0,4.0,0.04,0.28,0.32,2.64,0.02,0.15,0.17,1.41,28.0,142,63,58.5,21,3,15.0,113,34,10.2,68,17,3.0,,,2,,Trai,Hume,Hume,,,169,0,0,1,1,0,0,0,0,0,0,2,10,,,,0.0,0.53,0.53,1.07,5.33,7,3,10
535,a,100.0,100.0,5.0,259,41,0,0,0,0,0.4,276,103,1,0,1.0,269,103,0,2,0.5,303,111,0.1,0.2,0,3639,1042,11100,5836,0.5,0.5,0.0,0.01,0.01,0.1,0.0,0.04,0.04,0.39,0.0,514,192,0.6,297,110,0.0,469,185,0.0,521,192,,,,2,,Omar,Alderete,Alderete,,,23,0,0,0,1,0,0,0,0,0,0,0,0,,,,0.0,0.0,3.91,0.0,0.0,0,0,2
536,a,,,4.5,469,119,0,0,0,0,0.4,268,99,7,6,3.5,97,35,0,35,3.5,91,35,0.8,1.6,0,2158,1183,5898,2320,3.5,3.5,0.0,0.3,0.3,2.75,0.0,0.15,0.15,1.38,39.4,95,43,33.5,70,18,6.0,185,64,7.9,101,36,,,,2,,Reinildo,Mandava,Reinildo,,,180,0,0,1,2,0,0,0,0,0,0,2,15,,,,0.0,0.5,1.0,1.0,7.5,4,11,8
537,u,0.0,,4.5,503,135,0,0,0,0,0.0,599,202,0,0,0.0,462,174,0,0,0.0,462,174,0.0,0.0,0,61,3,376,249,0.0,0.0,0.0,0.0,0.0,0.0,0.0,0.0,0.0,0.0,0.0,443,175,0.0,446,176,0.0,388,165,0.0,453,175,,,,2,,Jenson,Seelt,Seelt,Has joined Swansea City on loan for the rest of the season,,0,0,0,0,0,0,0,0,0,0,0,0,0,,,,0.0,0.0,0.0,0.0,0.0,0,0,0
538,u,0.0,0.0,4.0,598,180,0,0,0,0,0.0,499,174,0,0,0.0,388,134,0,0,0.0,388,134,0.0,0.0,0,0,0,1488,498,0.0,0.0,0.0,0.0,0.0,0.0,0.0,0.0,0.0,0.0,0.0,370,136,0.0,362,134,0.0,287,108,0.0,380,136,,,,2,,Leo Fuhr,Hjelde,Hjelde,Has joined KV Mechelen on loan for the rest of the season,,0,0,0,0,0,0,0,0,0,0,0,0,0,,,,0.0,0.0,0.0,0.0,0.0,0,0,0
539,a,,,4.0,569,159,0,0,0,0,3.1,105,42,1,0,1.0,224,69,0,1,0.5,272,88,0.1,0.2,0,7895,3293,37268,19729,0.5,0.5,0.01,0.01,0.02,1.69,0.01,0.01,0.02,2.3,11.4,226,92,1.4,267,93,4.0,196,69,1.7,268,98,,,,2,,Luke,O'Nien,O'Nien,,,66,0,0,0,1,0,0,0,1,0,0,1,5,,,,0.0,0.0,1.36,1.36,6.82,1,4,4
540,u,0.0,0.0,4.0,562,155,0,0,0,0,0.2,354,131,0,0,0.0,367,124,0,0,0.0,367,124,0.0,0.0,0,0,0,7157,2289,0.0,0.0,0.0,0.0,0.0,0.0,0.0,0.0,0.0,0.0,0.0,349,126,0.0,339,122,0.0,261,93,0.0,358,125,,,,2,,Arthur,Masuaku,Masuaku,Has joined Konyaspor permanently,,0,0,0,0,0,0,0,0,0,0,0,0,0,,,,0.0,0.0,0.0,0.0,0.0,0,0,0
541,a,100.0,100.0,4.5,414,83,0,0,0,0,0.3,299,110,7,6,3.5,95,33,0,32,3.5,89,33,0.8,1.6,0,2634,1624,3045,1327,3.5,3.5,0.1,0.13,0.23,2.75,0.05,0.06,0.11,1.38,36.4,112,51,25.3,103,32,20.0,90,23,8.2,94,32,,,,2,,Thomas,Meunier,Meunier,,,180,0,0,1,2,0,0,0,0,0,0,2,12,,,,0.0,0.5,1.0,1.0,6.0,2,10,8
542,a,,,5.9,105,66,-1,1,-1,1,6.8,62,21,5,3,2.5,147,67,0,26,2.5,142,67,0.4,0.8,0,15566,4180,264783,149673,2.5,2.5,0.37,0.2,0.57,2.55,0.2,0.11,0.31,1.37,8.0,249,108,31.1,78,50,30.0,64,38,7.0,124,62,1.0,2.0,2.0,2,,Enzo,Le Fée,E.Le Fée,,,168,0,0,1,1,0,0,0,0,0,0,2,8,,,,0.0,0.54,0.54,1.07,4.29,2,1,5
543,d,75.0,,5.5,190,119,0,0,0,0,0.1,484,197,5,4,2.5,144,65,0,18,2.5,139,65,0.5,0.9,0,450,115,2375,1198,1.9,2.5,0.03,0.16,0.19,0.12,0.1,0.51,0.61,0.39,15.6,203,81,10.9,181,103,2.0,241,116,2.9,221,98,,,1.0,2,,Habib,Diarra,Diarra,Unspecified injury - 75% chance of playing,,28,0,1,0,1,0,0,0,0,0,0,0,0,,,,0.0,0.0,3.21,0.0,0.0,0,0,0
544,a,,,5.5,120,78,0,0,0,0,4.6,77,24,15,6,7.5,23,12,5,60,7.5,22,12,1.4,2.7,0,69150,26369,45522,27307,7.5,7.5,0.0,0.45,0.45,2.75,0.0,0.22,0.22,1.38,39.2,97,34,89.3,6,6,0.0,561,233,12.8,38,29,2.0,1.0,,2,,Granit,Xhaka,Xhaka,,,180,0,1,1,2,0,0,0,0,0,0,2,20,,,,0.0,0.5,1.0,1.0,10.0,3,3,14
545,a,,,5.0,366,219,0,0,0,0,0.3,298,102,5,3,2.5,137,61,0,39,2.5,131,61,0.5,1.0,0,2353,1188,6407,2910,2.5,2.5,0.08,0.05,0.13,2.75,0.04,0.02,0.06,1.38,33.0,125,46,39.9,51,40,31.0,61,36,10.4,64,40,,,,2,,Noah,Sadiki,Sadiki,,,180,0,0,1,2,0,0,0,0,0,0,2,13,,,,0.0,0.5,1.0,1.0,6.5,3,6,4
546,i,0.0,0.0,4.9,401,242,-1,1,-1,1,0.0,494,202,0,0,0.0,511,206,0,0,0.0,511,206,0.0,0.0,0,204,151,4807,1248,0.0,0.0,0.0,0.0,0.0,0.0,0.0,0.0,0.0,0.0,0.0,494,195,0.0,496,203,0.0,442,162,0.0,503,199,,,,2,,Simon,Adingra,Adingra,Ankle injury - Unknown return date,,0,0,0,0,0,0,0,0,0,0,0,0,0,,,,0.0,0.0,0.0,0.0,0.0,0,0,0
547,a,,,5.0,306,181,0,0,0,0,0.0,600,256,1,1,1.0,275,119,0,2,0.5,310,139,0.1,0.2,0,88,48,243,93,0.5,0.5,0.17,0.0,0.17,0.09,15.3,0.0,15.3,8.1,8.0,247,106,0.1,327,165,17.0,102,53,2.5,232,103,,,,2,,Romaine,Mundle,Mundle,,,1,0,0,0,0,0,0,0,0,0,0,0,1,,,,0.0,0.0,0.0,0.0,90.0,0,1,0
548,a,,,5.0,362,216,0,0,0,0,0.1,481,195,2,1,1.0,288,128,0,6,1.0,243,112,0.2,0.4,0,191,92,1148,528,1.0,1.0,0.0,0.0,0.0,0.44,0.0,0.0,0.0,2.33,0.0,559,234,0.3,315,160,0.0,530,211,0.0,567,237,,,,2,,Chris,Rigg,Rigg,,,17,0,0,0,1,0,0,0,0,0,0,0,1,,,,0.0,0.0,5.29,0.0,5.29,0,0,1
549,a,,,5.4,225,140,-1,1,-1,1,0.2,349,130,1,0,1.0,301,139,0,1,0.5,329,154,0.1,0.2,0,525,241,5351,2507,0.5,0.5,0.0,0.0,0.0,0.14,0.0,0.0,0.0,0.41,0.0,578,247,0.9,287,146,0.0,558,231,0.0,585,249,,,,2,,Chemsdine,Talbi,Talbi,,,31,0,0,0,1,0,0,0,0,0,0,0,2,,,,0.0,0.0,2.9,0.0,5.81,0,0,2
550,a,,,5.0,383,230,0,0,0,0,0.0,607,261,0,0,0.0,576,242,0,0,0.0,576,242,0.0,0.0,0,102,51,168,67,0.0,0.0,0.0,0.0,0.0,0.0,0.0,0.0,0.0,0.0,0.0,564,236,0.0,571,242,0.0,541,219,0.0,572,239,,,,2,,Djiamgone Jocelin Ta,Bi,Jocelin.T,,,0,0,0,0,0,0,0,0,0,0,0,0,0,,,,0.0,0.0,0.0,0.0,0.0,0,0,0
551,a,,,5.0,353,208,0,0,0,0,0.1,376,145,8,3,4.0,87,39,0,36,4.0,84,37,0.8,1.6,0,8478,3135,3267,1888,4.0,4.0,0.15,0.05,0.2,2.24,0.11,0.04,0.15,1.65,40.0,91,32,20.0,127,76,16.0,107,56,7.6,109,56,,3.0,,2,,Nilson,Angulo,Angulo,,,122,1,0,1,1,0,0,0,1,0,0,2,12,,,,0.0,0.74,0.74,1.48,8.85,2,1,9
552,a,,,5.9,101,26,-1,1,-1,1,10.4,38,6,4,2,2.0,181,21,0,6,2.0,167,17,0.3,0.7,0,54455,16186,320684,201057,2.0,2.0,0.33,0.0,0.33,2.27,0.23,0.0,0.23,1.58,0.0,604,68,4.3,216,29,15.0,118,23,1.8,265,31,,,,2,,Brian,Brobbey,Brobbey,,,129,0,0,1,1,0,0,0,0,0,0,2,4,,,,0.0,0.7,0.7,1.4,2.79,0,1,3
553,a,,,5.5,160,37,0,0,0,0,1.0,192,30,9,8,4.5,74,8,3,32,4.5,71,7,0.8,1.6,0,21803,19333,21164,8243,4.5,4.5,1.39,0.0,1.39,0.47,2.55,0.0,2.55,0.86,29.2,135,12,0.3,318,39,25.0,76,17,5.4,158,18,,,,2,,Wilson,Isidor,Isidor,,,49,1,0,0,1,0,0,0,0,0,0,0,0,,,,0.0,0.0,1.84,0.0,0.0,0,0,0
612,a,100.0,0.0,4.5,543,148,0,0,0,0,0.0,610,204,0,0,0.0,493,182,0,0,0.0,493,182,0.0,0.0,0,261,166,65,38,1.7,0.0,0.0,0.0,0.0,0.0,0.0,0.0,0.0,0.0,0.0,476,183,0.0,477,184,0.0,422,175,0.0,485,183,,,,2,,Dayann,Méthalie,Methalie,,,0,0,0,0,0,0,0,0,0,0,0,0,0,,,,0.0,0.0,0.0,0.0,0.0,0,0,0
613,a,,,4.5,547,278,0,0,0,0,0.2,340,125,0,0,0.0,497,197,0,0,0.0,497,197,0.0,0.0,0,11436,8961,3112,2714,1.0,1.0,0.0,0.0,0.0,0.0,0.0,0.0,0.0,0.0,0.0,480,186,0.0,481,194,0.0,426,152,0.0,489,190,,,,2,,Jules,Ahoka,Ahoka,,,0,0,0,0,0,0,0,0,0,0,0,0,0,,,,0.0,0.0,0.0,0.0,0.0,0,0,0
