id,first_name,second_name,web_name,status,news,news_added,now_cost,now_cost_rank,now_cost_rank_type,selected_by_percent,selected_rank,selected_rank_type,form,form_rank,form_rank_type,event_points,cost_change_event,cost_change_event_fall,cost_change_start,cost_change_start_fall,transfers_in_event,transfers_out_event,value_form,value_season,ep_next,ep_this,points_per_game,points_per_game_rank,points_per_game_rank_type,chance_of_playing_next_round,chance_of_playing_this_round,influence_rank,influence_rank_type,creativity_rank,creativity_rank_type,threat_rank,threat_rank_type,ict_index_rank,ict_index_rank_type,corners_and_indirect_freekicks_order,direct_freekicks_order,penalties_order,set_piece_threat,corners_and_indirect_freekicks_text,direct_freekicks_text,penalties_text,expected_goals_per_90,expected_assists_per_90,expected_goal_involvements_per_90,expected_goals_conceded_per_90,saves_per_90,clean_sheets_per_90,goals_conceded_per_90,starts_per_90,defensive_contribution_per_90,gw,total_points,minutes,goals_scored,assists,clean_sheets,goals_conceded,own_goals,penalties_saved,penalties_missed,yellow_cards,red_cards,saves,starts,bonus,bps,transfers_in,transfers_out,dreamteam_count,expected_goals,expected_assists,expected_goal_involvements,expected_goals_conceded,influence,creativity,threat,ict_index,tackles,clearances_blocks_interceptions,recoveries,defensive_contribution
3,Illan,Meslier,Meslier,a,,,5.0,301,15,0.0,534,59,0.0,539,69,0,0,0,0,0,85,261,0.0,0.0,0.0,0.0,0.0,539,69,,,527,69,531,62,487,62,535,69,,,,,,,,0.0,0.0,0.0,0.0,0.0,0.0,0.0,0.0,0.0,2,0,0.0,0.0,0.0,0.0,0.0,0.0,0.0,0.0,0.0,0.0,0.0,0.0,0.0,0.0,93.0,324.0,0.0,0.0,0.0,0.0,0.0,0.0,0.0,0.0,0.0,0.0,0.0,0.0,0.0
6,William,Saliba,Saliba,i,Back injury - Unknown return date,,6.0,80,9,0.2,320,118,0.0,614,206,0,0,0,0,0,842,3873,0.0,0.0,0.0,0.0,0.0,614,206,0.0,0.0,613,206,614,206,609,206,614,206,,,,,,,,0.0,0.0,0.0,0.0,0.0,0.0,0.0,0.0,0.0,2,0,0.0,0.0,0.0,0.0,0.0,0.0,0.0,0.0,0.0,0.0,0.0,0.0,0.0,0.0,900.0,4424.0,0.0,0.0,0.0,0.0,0.0,0.0,0.0,0.0,0.0,0.0,0.0,0.0,0.0
44,Leon,Bailey,Bailey,a,,,5.5,145,90,0.1,393,154,0.0,596,255,0,0,0,0,0,751,1917,0.0,0.0,0.0,0.0,0.0,596,255,,,586,251,592,254,572,239,592,253,,,,,,,,0.0,0.0,0.0,0.0,0.0,0.0,0.0,0.0,0.0,2,0,0.0,0.0,0.0,0.0,0.0,0.0,0.0,0.0,0.0,0.0,0.0,0.0,0.0,0.0,852.0,2268.0,0.0,0.0,0.0,0.0,0.0,0.0,0.0,0.0,0.0,0.0,0.0,0.0,0.0
10,Benjamin,White,White,a,,,5.5,134,15,7.1,58,23,9.0,9,3,7,0,0,0,0,85324,56724,1.6,3.3,9.0,9.0,9.0,10,3,100.0,100.0,59,22,35,7,124,39,56,12,,,,,,,,0.09,0.13,0.22,0.26,0.0,1.0,0.0,1.0,4.5,2,7,90.0,0.0,0.0,1.0,0.0,0.0,0.0,0.0,0.0,0.0,0.0,1.0,1.0,26.0,108728.0,61543.0,0.0,0.0,0.05000000000000002,0.04999999999999999,0.33,16.4,20.3,0.0,3.7,1.0,3.0,2.0,4.0
7,Myles,Lewis-Skelly,Lewis-Skelly,a,,,5.5,184,115,0.7,226,74,3.0,111,50,3,0,0,0,0,5163,7201,0.5,1.1,3.0,3.0,3.0,116,50,,,171,64,99,61,133,68,146,71,,,,,,,,0.07,0.07,0.14,0.3,0.0,1.12,0.0,1.12,6.75,2,3,70.0,0.0,0.0,1.0,0.0,0.0,0.0,0.0,0.0,0.0,0.0,1.0,0.0,15.0,6451.0,8543.0,0.0,0.07,0.020000000000000004,0.09,0.33,10.600000000000001,3.200000000000003,5.0,1.9000000000000004,0.0,4.0,1.0,5.0
163,Dário,Luís Essugo,D.Essugo,a,,,4.5,492,256,0.2,343,126,0.0,450,178,0,0,0,0,0,1239,1913,0.0,0.0,0.0,0.0,0.0,450,178,,,431,166,434,175,376,133,441,171,,,,,,,,0.0,0.0,0.0,0.0,0.0,0.0,0.0,0.0,0.0,2,0,0.0,0.0,0.0,0.0,0.0,0.0,0.0,0.0,0.0,0.0,0.0,0.0,0.0,0.0,1348.0,2290.0,0.0,0.0,0.0,0.0,0.0,0.0,0.0,0.0,0.0,0.0,0.0,0.0,0.0
270,Harrison,Reed,Reed,a,,,4.5,428,248,1.3,164,49,0.0,427,172,0,0,0,0,0,4892,11199,0.0,0.0,0.0,0.0,0.0,427,172,,,408,160,403,169,336,126,418,165,,,,,,,,0.0,0.0,0.0,0.0,0.0,0.0,0.0,0.0,0.0,2,0,0.0,0.0,0.0,0.0,0.0,0.0,0.0,0.0,0.0,0.0,0.0,0.0,0.0,0.0,5516.0,13553.0,0.0,0.0,0.0,0.0,0.0,0.0,0.0,0.0,0.0,0.0,0.0,0.0,0.0
12,Bukayo,Saka,Saka,a,,,9.5,4,3,10.4,38,14,10.0,7,3,11,0,0,0,0,60339,51080,1.1,2.1,10.0,10.0,10.0,8,4,,,6,5,66,45,10,6,7,6,2.0,2.0,1.0,,,,,0.73,0.07,0.8,0.22,0.0,1.15,0.0,1.15,10.32,2,11,90.0,1.0,0.0,1.0,0.0,0.0,0.0,0.0,0.0,0.0,0.0,1.0,3.0,46.0,72046.0,58125.0,0.0,0.63,0.039999999999999994,0.6699999999999999,0.33,41.0,8.0,44.0,9.3,2.0,3.0,6.0,11.0
14,Eberechi,Eze,Eze,a,,,6.4,53,37,1.6,152,44,1.0,266,129,1,-1,1,-1,1,4916,22875,0.2,0.3,1.0,1.0,1.0,333,159,,,316,142,220,120,215,104,307,140,,3.0,,,,,,0.06,0.11,0.17,0.59,0.0,0.0,0.0,0.0,7.63,2,1,45.0,0.0,0.0,0.0,0.0,0.0,0.0,0.0,0.0,0.0,0.0,0.0,0.0,6.0,5526.0,28944.0,0.0,0.0,0.07,0.07,0.24000000000000002,1.6,1.9999999999999998,2.0,0.6,0.0,0.0,3.0,3.0
4,Gabriel,dos Santos Magalhães,Gabriel,a,,,8.0,7,1,27.0,8,2,6.5,33,11,8,0,0,0,0,27969,181785,0.8,1.6,6.5,6.5,6.5,35,12,,,154,69,210,67,182,61,207,81,,,,,,,,0.09,0.02,0.11,0.26,0.0,1.0,0.0,1.0,7.0,2,8,90.0,0.0,0.0,1.0,0.0,0.0,0.0,0.0,0.0,0.0,0.0,1.0,0.0,23.0,34723.0,202024.0,0.0,0.13,0.019999999999999997,0.15,0.33,18.200000000000003,3.2,6.0,2.7,2.0,8.0,5.0,10.0
314,Chiedozie,Ogbene,Ogbene,a,,,5.0,284,173,0.0,581,244,0.0,531,218,0,0,0,0,0,42,160,0.0,0.0,0.0,0.0,0.0,531,218,,,519,210,520,215,475,180,526,212,,,,,,,,0.0,0.0,0.0,0.0,0.0,0.0,0.0,0.0,0.0,2,0,0.0,0.0,0.0,0.0,0.0,0.0,0.0,0.0,0.0,0.0,0.0,0.0,0.0,0.0,45.0,204.0,0.0,0.0,0.0,0.0,0.0,0.0,0.0,0.0,0.0,0.0,0.0,0.0,0.0
351,Giorgi,Mamardashvili,Mamardashvili,a,,,5.0,305,16,0.1,384,43,0.0,542,70,0,0,0,0,0,533,1879,0.0,0.0,0.0,0.0,0.0,542,70,,,529,70,533,63,491,63,537,70,,,,,,,,0.0,0.0,0.0,0.0,0.0,0.0,0.0,0.0,0.0,2,0,0.0,0.0,0.0,0.0,0.0,0.0,0.0,0.0,0.0,0.0,0.0,0.0,0.0,0.0,602.0,2076.0,0.0,0.0,0.0,0.0,0.0,0.0,0.0,0.0,0.0,0.0,0.0,0.0,0.0
11,Cristhian,Mosquera,Mosquera,a,,,5.5,185,26,5.2,71,29,6.0,41,16,6,0,0,0,0,8820,47881,1.1,2.2,6.0,6.0,6.0,44,17,,,157,71,249,85,586,203,227,88,,,,,,,,0.0,0.01,0.01,0.28,0.0,1.07,0.0,1.07,5.36,2,6,78.0,0.0,0.0,1.0,0.0,0.0,0.0,0.0,0.0,0.0,0.0,1.0,0.0,25.0,10508.0,57518.0,0.0,0.0,0.01,0.01,0.33,10.200000000000001,1.4,0.0,1.2000000000000002,0.0,4.0,0.0,4.0
13,Declan,Rice,Rice,a,,,7.5,16,10,15.3,26,9,4.0,87,39,5,0,0,0,0,13367,135482,0.5,1.1,4.0,4.0,4.0,93,41,,,134,49,67,46,246,120,128,64,1.0,1.0,,,,,,0.04,0.11,0.15,0.23,0.0,1.19,0.0,1.19,10.73,2,5,84.0,0.0,0.0,1.0,0.0,0.0,0.0,0.0,0.0,0.0,0.0,1.0,0.0,19.0,16834.0,161314.0,0.0,0.0,0.09999999999999999,0.1,0.33,24.0,27.6,0.0,5.2,3.0,2.0,7.0,12.0
5,Jurriën,Timber,J.Timber,i,Groin injury - Unknown return date,,6.5,41,3,0.1,439,155,0.0,621,207,0,0,0,0,0,336,1625,0.0,0.0,0.0,0.0,0.0,621,207,0.0,0.0,622,207,622,207,621,207,622,207,,,,,,,,0.0,0.0,0.0,0.0,0.0,0.0,0.0,0.0,0.0,2,0,0.0,0.0,0.0,0.0,0.0,0.0,0.0,0.0,0.0,0.0,0.0,0.0,0.0,0.0,369.0,1926.0,0.0,0.0,0.0,0.0,0.0,0.0,0.0,0.0,0.0,0.0,0.0,0.0,0.0
8,Riccardo,Calafiori,Calafiori,a,,,5.6,115,11,42.9,4,1,10.0,5,2,11,0,0,1,-1,251867,63677,1.8,3.6,10.0,10.0,10.0,6,2,,,69,28,110,34,126,40,89,28,,,,,,,,0.08,0.29,0.37,0.21,0.0,1.06,0.0,1.06,4.24,2,11,90.0,0.0,1.0,1.0,0.0,0.0,0.0,0.0,0.0,0.0,0.0,1.0,2.0,30.0,283402.0,70626.0,0.0,0.10999999999999999,0.4600000000000001,0.57,0.33,21.200000000000003,11.900000000000002,9.0,4.2,1.0,2.0,4.0,3.0
9,Piero,Hincapié,Hincapie,a,,,5.4,215,32,1.3,167,67,0.5,326,116,0,0,0,-1,1,3382,20437,0.1,0.2,0.5,0.5,1.0,297,109,,,333,124,310,116,547,198,346,123,,,,,,,,0.0,0.0,0.0,1.5,0.0,0.0,0.0,0.0,0.0,2,0,0.0,0.0,0.0,0.0,0.0,0.0,0.0,0.0,0.0,0.0,0.0,0.0,0.0,0.0,3782.0,25476.0,0.0,0.0,0.0,0.0,0.0,0.0,0.0,0.0,0.0,0.0,0.0,0.0,0.0
601,Luca,Williams-Barnett,Williams-Barnett,a,,,4.5,536,271,0.1,411,164,0.0,487,191,0,0,0,0,0,2846,1343,0.0,0.0,0.0,0.0,0.0,487,191,,,469,179,471,188,415,146,479,184,,,,,,,,0.0,0.0,0.0,0.0,0.0,0.0,0.0,0.0,0.0,2,0,0.0,0.0,0.0,0.0,0.0,0.0,0.0,0.0,0.0,0.0,0.0,0.0,0.0,0.0,3136.0,1412.0,0.0,0.0,0.0,0.0,0.0,0.0,0.0,0.0,0.0,0.0,0.0,0.0,0.0
1,David,Raya Martín,Raya,a,,,6.0,61,1,38.0,6,1,6.0,42,3,6,0,0,0,0,107320,113934,1.0,2.0,6.0,6.0,6.0,45,3,,,194,20,611,71,605,71,266,20,,,,,,,,0.0,0.0,0.0,0.26,0.5,1.0,0.0,1.0,0.0,2,6,90.0,0.0,0.0,1.0,0.0,0.0,0.0,0.0,0.0,0.0,0.0,1.0,0.0,21.0,122285.0,127382.0,0.0,0.0,0.0,0.0,0.33,5.599999999999998,0.0,0.0,0.6000000000000001,0.0,1.0,11.0,0.0
2,Kepa,Arrizabalaga Revuelta,Arrizabalaga,a,,,5.0,237,9,0.1,454,51,0.0,513,67,0,0,0,0,0,353,701,0.0,0.0,0.0,0.0,0.0,513,67,,,496,67,499,56,447,56,505,67,,,,,,,,0.0,0.0,0.0,0.0,0.0,0.0,0.0,0.0,0.0,2,0,0.0,0.0,0.0,0.0,0.0,0.0,0.0,0.0,0.0,0.0,0.0,0.0,0.0,0.0,385.0,899.0,0.0,0.0,0.0,0.0,0.0,0.0,0.0,0.0,0.0,0.0,0.0,0.0,0.0
15,Martin,Ødegaard,Ødegaard,a,,,6.6,32,21,11.5,35,13,7.0,28,15,3,0,0,1,-1,73409,83822,1.1,2.1,7.0,7.0,7.0,30,16,,,37,17,33,27,53,31,29,23,4.0,4.0,3.0,,,,,0.18,0.11,0.29,0.24,0.0,1.24,0.0,1.24,8.07,2,3,70.0,0.0,0.0,1.0,0.0,0.0,0.0,0.0,0.0,0.0,0.0,1.0,0.0,13.0,107447.0,90288.0,0.0,0.07999999999999999,0.07,0.15000000000000002,0.33,6.799999999999997,6.799999999999997,5.0,1.8999999999999986,2.0,2.0,1.0,5.0
16,Noni,Madueke,Madueke,a,,,6.4,54,38,0.3,306,105,0.5,352,165,0,0,0,-1,1,838,4317,0.1,0.2,0.5,0.5,1.0,334,160,,,237,99,44,35,615,268,163,77,6.0,,,,,,,0.0,0.16,0.16,0.61,0.0,0.0,0.0,0.0,8.18,2,0,0.0,0.0,0.0,0.0,0.0,0.0,0.0,0.0,0.0,0.0,0.0,0.0,0.0,0.0,1099.0,5510.0,0.0,0.0,0.0,0.0,0.0,0.0,0.0,0.0,0.0,0.0,0.0,0.0,0.0
17,Mikel,Merino Zazón,Merino,a,,,5.9,97,61,0.5,252,84,1.0,260,125,1,-1,1,-1,1,2110,8822,0.2,0.3,1.0,1.0,1.0,323,152,,,258,115,241,128,121,61,244,109,,,,,,,,0.38,0.05,0.43,0.41,0.0,0.0,0.0,0.0,16.36,2,1,19.0,0.0,0.0,0.0,0.0,0.0,0.0,0.0,0.0,0.0,0.0,0.0,0.0,7.0,2383.0,10371.0,0.0,0.0,0.0,0.0,0.0,2.8000000000000003,1.0000000000000002,0.0,0.3999999999999999,0.0,0.0,4.0,4.0
18,Gabriel,Martinelli Silva,Martinelli,a,,,6.4,55,39,0.2,360,136,0.0,618,271,0,0,0,-1,1,792,3571,0.0,0.0,0.0,0.0,0.0,618,271,,,619,272,619,272,616,269,619,272,,,,,,,,0.0,0.0,0.0,0.0,0.0,0.0,0.0,0.0,0.0,2,0,0.0,0.0,0.0,0.0,0.0,0.0,0.0,0.0,0.0,0.0,0.0,0.0,0.0,0.0,966.0,4417.0,0.0,0.0,0.0,0.0,0.0,0.0,0.0,0.0,0.0,0.0,0.0,0.0,0.0
19,Martín,Zubimendi Ibáñez,Zubimendi,a,,,5.4,219,135,0.9,210,69,1.0,246,115,1,-1,1,-1,1,2633,11219,0.2,0.4,1.0,1.0,1.0,298,137,,,241,101,226,123,551,225,288,129,,,,,,,,0.0,0.07,0.07,0.5,0.0,0.0,0.0,0.0,16.67,2,1,5.0,0.0,0.0,0.0,0.0,0.0,0.0,0.0,0.0,0.0,0.0,0.0,0.0,5.0,2798.0,14102.0,0.0,0.0,0.0,0.0,0.0,4.8,0.9000000000000004,0.0,0.6,2.0,0.0,0.0,2.0
20,Max,Dowman,Dowman,a,,,5.4,227,142,0.1,456,183,0.0,589,251,0,0,0,-1,1,445,1221,0.0,0.0,0.0,0.0,0.0,589,251,,,578,247,582,250,557,231,585,249,,,,,,,,0.0,0.0,0.0,0.0,0.0,0.0,0.0,0.0,0.0,2,0,0.0,0.0,0.0,0.0,0.0,0.0,0.0,0.0,0.0,0.0,0.0,0.0,0.0,0.0,519.0,1436.0,0.0,0.0,0.0,0.0,0.0,0.0,0.0,0.0,0.0,0.0,0.0,0.0,0.0
22,Ethan,Nwaneri,Nwaneri,a,,,5.4,223,138,0.0,584,247,0.0,587,249,0,-1,1,-1,1,139,215,0.0,0.0,0.0,0.0,0.0,587,249,,,575,244,580,248,554,228,582,246,,,,,,,,0.0,0.0,0.0,0.0,0.0,0.0,0.0,0.0,0.0,2,0,0.0,0.0,0.0,0.0,0.0,0.0,0.0,0.0,0.0,0.0,0.0,0.0,0.0,0.0,147.0,248.0,0.0,0.0,0.0,0.0,0.0,0.0,0.0,0.0,0.0,0.0,0.0,0.0,0.0
23,Fábio,Ferreira Vieira,Fábio Vieira,a,,,5.5,161,100,0.0,589,251,0.0,598,257,0,0,0,0,0,147,146,0.0,0.0,0.0,0.0,0.0,598,257,,,588,253,594,256,578,245,594,255,,,,,,,,0.0,0.0,0.0,0.0,0.0,0.0,0.0,0.0,0.0,2,0,0.0,0.0,0.0,0.0,0.0,0.0,0.0,0.0,0.0,0.0,0.0,0.0,0.0,0.0,158.0,172.0,0.0,0.0,0.0,0.0,0.0,0.0,0.0,0.0,0.0,0.0,0.0,0.0,0.0
24,Reiss,Nelson,Nelson,u,has departed the club as a free agent.,,5.5,136,85,0.0,602,257,0.0,594,253,0,0,0,0,0,4,211,0.0,0.0,0.0,0.0,0.0,594,253,0.0,,584,249,589,252,568,236,590,251,,,,,,,,0.0,0.0,0.0,0.0,0.0,0.0,0.0,0.0,0.0,2,0,0.0,0.0,0.0,0.0,0.0,0.0,0.0,0.0,0.0,0.0,0.0,0.0,0.0,0.0,13.0,242.0,0.0,0.0,0.0,0.0,0.0,0.0,0.0,0.0,0.0,0.0,0.0,0.0,0.0
25,Viktor,Gyökeres,Gyökeres,a,,,7.4,21,8,5.5,68,11,0.0,623,71,0,0,0,-1,1,5103,104882,0.0,0.0,0.0,0.0,0.0,623,71,,,624,71,624,71,624,71,624,71,,,2.0,,,,,0.0,0.0,0.0,0.0,0.0,0.0,0.0,0.0,0.0,2,0,0.0,0.0,0.0,0.0,0.0,0.0,0.0,0.0,0.0,0.0,0.0,0.0,0.0,0.0,5977.0,146541.0,0.0,0.0,0.0,0.0,0.0,0.0,0.0,0.0,0.0,0.0,0.0,0.0,0.0
26,Kai,Havertz,Havertz,a,,,7.5,17,6,7.2,57,8,4.0,88,11,2,0,0,0,0,42954,69910,0.5,1.1,4.0,4.0,4.0,94,15,,,94,8,140,13,36,11,65,9,,,,,,,,0.14,0.03,0.17,0.26,0.0,1.0,0.0,1.0,3.5,2,2,90.0,0.0,0.0,1.0,0.0,0.0,0.0,0.0,0.0,0.0,0.0,1.0,0.0,5.0,68099.0,77462.0,0.0,0.020000000000000018,0.03,0.050000000000000044,0.33,2.3999999999999986,3.400000000000002,23.0,2.9000000000000004,0.0,0.0,5.0,5.0
27,Gabriel,Fernando de Jesus,G.Jesus,a,,,5.9,98,26,0.3,296,51,0.0,606,70,0,-1,1,-1,1,2010,5487,0.0,0.0,0.0,0.0,0.0,606,70,,,601,66,604,69,594,67,604,69,,,,,,,,0.0,0.0,0.0,0.0,0.0,0.0,0.0,0.0,0.0,2,0,0.0,0.0,0.0,0.0,0.0,0.0,0.0,0.0,0.0,0.0,0.0,0.0,0.0,0.0,2222.0,6286.0,0.0,0.0,0.0,0.0,0.0,0.0,0.0,0.0,0.0,0.0,0.0,0.0,0.0
31,Ezri,Konsa Ngoyo,Konsa,a,,,4.4,549,150,10.5,37,13,0.5,276,92,1,-1,1,-1,1,114837,112898,0.1,0.2,0.5,0.5,1.0,232,77,,,299,113,324,119,317,134,323,116,,,,,,,,0.0,0.0,0.0,0.0,0.0,0.0,0.0,0.0,8.18,2,1,11.0,0.0,0.0,0.0,0.0,0.0,0.0,0.0,0.0,0.0,0.0,0.0,0.0,3.0,122916.0,140929.0,0.0,0.0,0.0,0.0,0.0,3.2,0.1,0.0,0.3,0.0,1.0,0.0,1.0
452,Bruno,Guimarães Rodriguez Moura,Bruno G.,a,,,6.9,30,19,2.3,120,36,0.5,356,169,1,0,0,-1,1,2480,39847,0.1,0.1,0.5,0.4,1.0,338,164,100.0,75.0,320,145,294,149,245,119,322,147,5.0,,4.0,,,,,0.0,0.05,0.05,0.0,0.0,0.0,0.0,0.0,14.21,2,1,19.0,0.0,0.0,0.0,0.0,0.0,0.0,0.0,0.0,0.0,0.0,0.0,0.0,4.0,2582.0,56646.0,0.0,0.0,0.01,0.01,0.0,1.4,0.8,2.0,0.4,0.0,0.0,3.0,3.0
557,Christos,Tzolis,Tzolis,a,,,6.5,39,27,23.2,12,6,3.0,118,56,0,0,0,0,0,73457,272718,0.5,0.9,3.0,3.0,3.0,124,56,,,195,76,30,25,56,32,67,41,3.0,,,,,,,0.14,0.11,0.25,0.12,0.0,0.75,0.0,1.5,6.75,2,0,45.0,0.0,0.0,0.0,0.0,0.0,0.0,0.0,1.0,0.0,0.0,1.0,0.0,1.0,108541.0,283914.0,0.0,0.0,0.009999999999999981,0.010000000000000009,0.1,0.0,11.800000000000004,4.0,1.6000000000000014,0.0,1.0,2.0,3.0
29,Marco,Bizot,M.Bizot,a,,,4.5,410,23,0.1,385,44,0.5,278,22,0,0,0,0,0,1546,1395,0.1,0.2,0.5,0.5,1.0,235,21,,,138,15,390,26,321,25,223,15,,,,,,,,0.0,0.0,0.0,3.77,3.0,0.0,4.0,1.0,0.0,2,0,0.0,0.0,0.0,0.0,0.0,0.0,0.0,0.0,0.0,0.0,0.0,0.0,0.0,0.0,1698.0,1566.0,0.0,0.0,0.0,0.0,0.0,0.0,0.0,0.0,0.0,0.0,0.0,0.0,0.0
30,Lucas,Digne,Digne,u,Has joined Paris Saint-Germain permanently,,4.5,415,84,0.1,467,166,0.0,418,158,0,0,0,0,0,0,1451,0.0,0.0,0.0,0.0,0.0,418,158,0.0,0.0,399,159,393,157,325,138,409,159,,,,,,,,0.0,0.0,0.0,0.0,0.0,0.0,0.0,0.0,0.0,2,0,0.0,0.0,0.0,0.0,0.0,0.0,0.0,0.0,0.0,0.0,0.0,0.0,0.0,0.0,0.0,1797.0,0.0,0.0,0.0,0.0,0.0,0.0,0.0,0.0,0.0,0.0,0.0,0.0,0.0
32,Matty,Cash,Cash,a,,,4.5,440,98,7.2,56,22,0.5,282,97,2,0,0,0,0,18955,43629,0.1,0.2,0.5,0.5,0.5,343,113,,,149,67,230,73,164,56,206,80,1.0,,,,,,,0.08,0.01,0.09,2.59,0.0,0.0,2.69,1.08,7.01,2,2,77.0,0.0,0.0,0.0,1.0,0.0,0.0,0.0,0.0,0.0,0.0,1.0,0.0,8.0,20153.0,60762.0,0.0,0.15,0.01,0.16,1.0399999999999996,14.0,1.7999999999999998,7.0,2.3,4.0,2.0,1.0,6.0
33,Tyrone,Mings,Mings,a,,,4.5,427,88,0.4,276,104,0.5,279,94,0,0,0,0,0,1770,2828,0.1,0.2,0.5,0.5,1.0,236,80,,,311,116,402,159,335,140,331,118,,,,,,,,0.0,0.0,0.0,1.24,0.0,0.0,0.0,0.0,5.62,2,0,0.0,0.0,0.0,0.0,0.0,0.0,0.0,0.0,0.0,0.0,0.0,0.0,0.0,0.0,1997.0,3334.0,0.0,0.0,0.0,0.0,0.0,0.0,0.0,0.0,0.0,0.0,0.0,0.0,0.0
34,Pau,Torres,Pau,a,,,4.5,467,118,0.4,269,100,1.0,222,79,2,0,0,0,0,2134,2342,0.2,0.4,1.0,1.0,1.0,247,91,,,229,94,265,91,358,154,286,103,,,,,,,,0.0,0.01,0.01,2.53,0.0,0.0,2.76,1.1,4.97,2,2,90.0,0.0,0.0,0.0,1.0,0.0,0.0,0.0,0.0,0.0,0.0,1.0,0.0,6.0,2210.0,3127.0,0.0,0.0,0.01,0.01,1.04,11.0,0.8,0.0,1.2,1.0,3.0,8.0,4.0
35,Lamare,Bogarde,Bogarde,a,,,5.0,352,208,0.1,470,189,0.5,316,145,0,0,0,0,0,586,767,0.1,0.2,0.5,0.5,1.0,286,127,,,307,138,309,156,518,200,327,150,,,,,,,,0.0,0.0,0.0,1.24,0.0,0.0,0.0,0.0,5.62,2,0,0.0,0.0,0.0,0.0,0.0,0.0,0.0,0.0,0.0,0.0,0.0,0.0,0.0,0.0,637.0,921.0,0.0,0.0,0.0,0.0,0.0,0.0,0.0,0.0,0.0,0.0,0.0,0.0,0.0
36,Ian,Maatsen,Maatsen,a,,,4.5,473,123,0.7,224,83,0.5,287,102,1,0,0,0,0,4515,4486,0.1,0.2,0.5,0.5,0.5,345,115,,,212,89,271,97,112,33,217,84,,,,,,,,0.05,0.0,0.05,2.45,0.0,0.0,2.63,1.05,8.95,2,1,90.0,0.0,0.0,0.0,1.0,0.0,0.0,0.0,1.0,0.0,0.0,1.0,0.0,-5.0,4685.0,5906.0,0.0,0.07,0.0,0.07,1.04,4.800000000000001,0.5,12.0,1.7,3.0,5.0,2.0,8.0
37,Victor,Lindelöf,Lindelöf,a,,,4.5,437,95,0.3,302,113,0.0,431,161,2,0,0,0,0,1683,1664,0.0,0.0,0.0,0.0,0.0,431,161,,,196,83,270,96,340,142,264,97,,,,,,,,0.0,0.04,0.04,2.4,0.0,0.0,2.5,1.0,5.0,2,2,90.0,0.0,0.0,0.0,1.0,0.0,0.0,0.0,0.0,0.0,0.0,1.0,0.0,10.0,1802.0,2199.0,0.0,0.0,0.08,0.08,1.0399999999999996,15.0,1.2,0.0,1.6,1.0,6.0,1.0,7.0
38,Andrés,García,A.García,a,,,4.0,623,201,1.7,143,58,0.0,409,151,0,0,0,0,0,9187,9840,0.0,0.0,0.0,0.0,0.0,409,151,,,391,153,383,151,311,128,401,153,,,,,,,,0.0,0.0,0.0,0.0,0.0,0.0,0.0,0.0,0.0,2,0,0.0,0.0,0.0,0.0,0.0,0.0,0.0,0.0,0.0,0.0,0.0,0.0,0.0,0.0,9933.0,11641.0,0.0,0.0,0.0,0.0,0.0,0.0,0.0,0.0,0.0,0.0,0.0,0.0,0.0
39,Kosta,Nedeljkovic,Nedeljkovic,u,Has joined Rangers on loan for the rest of the season,,4.0,620,199,0.2,346,129,0.0,407,150,0,0,0,0,0,0,2538,0.0,0.0,0.0,0.0,0.0,407,150,0.0,0.0,389,152,381,150,308,126,399,152,,,,,,,,0.0,0.0,0.0,0.0,0.0,0.0,0.0,0.0,0.0,2,0,0.0,0.0,0.0,0.0,0.0,0.0,0.0,0.0,0.0,0.0,0.0,0.0,0.0,0.0,0.0,3366.0,0.0,0.0,0.0,0.0,0.0,0.0,0.0,0.0,0.0,0.0,0.0,0.0,0.0
41,Emiliano,Buendía Stati,Buendía,a,,,6.0,64,44,1.1,183,55,2.0,169,85,2,0,0,0,0,7337,12721,0.3,0.7,2.0,2.0,2.0,182,90,,,277,127,85,53,105,54,176,84,3.0,1.0,1.0,,,,,0.09,0.06,0.15,2.4,0.0,0.0,2.57,1.03,6.17,2,2,90.0,0.0,0.0,0.0,1.0,0.0,0.0,0.0,0.0,0.0,0.0,1.0,0.0,9.0,7986.0,17084.0,0.0,0.04000000000000001,0.020000000000000004,0.060000000000000026,1.04,5.0,13.2,9.0,2.7,1.0,0.0,4.0,5.0
45,John,McGinn,McGinn,a,,,5.5,124,80,2.6,112,33,1.0,251,117,1,0,0,0,0,8098,24417,0.2,0.4,1.0,1.0,1.0,306,142,,,315,141,152,91,139,69,248,112,2.0,,,,,,,0.05,0.03,0.08,2.45,0.0,0.0,2.63,1.05,5.26,2,1,90.0,0.0,0.0,0.0,1.0,0.0,0.0,0.0,1.0,0.0,0.0,1.0,0.0,2.0,8893.0,32289.0,0.0,0.049999999999999996,0.049999999999999996,0.09999999999999999,1.04,0.0,12.0,10.0,1.7000000000000002,1.0,1.0,2.0,4.0
46,Ross,Barkley,Barkley,a,,,5.0,232,145,0.2,315,110,2.0,150,71,2,0,0,0,0,2687,2152,0.4,0.8,2.0,2.0,2.0,157,72,,,166,59,42,34,153,75,107,55,4.0,,,,,,,0.08,0.02,0.1,2.75,0.0,0.0,3.0,1.2,6.6,2,2,77.0,0.0,0.0,0.0,1.0,0.0,0.0,0.0,0.0,0.0,0.0,1.0,0.0,23.0,2936.0,2569.0,0.0,0.03,0.02,0.05000000000000002,1.04,12.799999999999999,23.300000000000004,2.0,3.8,3.0,1.0,6.0,10.0
47,Boubacar,Kamara,Kamara,a,,,5.0,283,172,0.3,290,96,2.0,153,74,2,0,0,0,0,2878,3368,0.4,0.8,2.0,2.0,2.0,163,76,100.0,100.0,170,63,137,83,474,179,196,88,,,,,,,,0.0,0.02,0.02,2.4,0.0,0.0,2.5,1.0,7.5,2,2,90.0,0.0,0.0,0.0,1.0,0.0,0.0,0.0,0.0,0.0,0.0,1.0,0.0,13.0,3097.0,4043.0,0.0,0.0,0.03,0.03,1.0399999999999996,10.600000000000001,14.2,0.0,2.5,1.0,3.0,4.0,8.0
48,Amadou,Onana,Onana,i,Knee injury - Unknown return date,,5.0,306,183,0.0,560,232,0.0,543,223,0,0,0,0,0,103,385,0.0,0.0,0.0,0.0,0.0,543,223,0.0,0.0,530,215,534,221,492,188,538,218,,,,,,,,0.0,0.0,0.0,0.0,0.0,0.0,0.0,0.0,0.0,2,0,0.0,0.0,0.0,0.0,0.0,0.0,0.0,0.0,0.0,0.0,0.0,0.0,0.0,0.0,124.0,437.0,0.0,0.0,0.0,0.0,0.0,0.0,0.0,0.0,0.0,0.0,0.0,0.0,0.0
49,Samuel,Iling-Junior,Iling Jr,u,Has joined Bolton Wanderers on loan for the rest of the season,,5.0,318,188,0.0,620,271,0.0,548,226,0,0,0,0,0,0,50,0.0,0.0,0.0,0.0,0.0,548,226,0.0,0.0,535,218,540,224,499,191,543,221,,,,,,,,0.0,0.0,0.0,0.0,0.0,0.0,0.0,0.0,0.0,2,0,0.0,0.0,0.0,0.0,0.0,0.0,0.0,0.0,0.0,0.0,0.0,0.0,0.0,0.0,0.0,55.0,0.0,0.0,0.0,0.0,0.0,0.0,0.0,0.0,0.0,0.0,0.0,0.0,0.0
50,Bradley,Burrowes,Burrowes,a,,,4.5,545,275,0.7,230,77,0.0,494,194,0,0,0,0,0,5271,5422,0.0,0.0,0.0,0.0,0.0,494,194,,,477,183,478,191,423,149,486,187,,,,,,,,0.0,0.0,0.0,0.0,0.0,0.0,0.0,0.0,0.0,2,0,0.0,0.0,0.0,0.0,0.0,0.0,0.0,0.0,0.0,0.0,0.0,0.0,0.0,0.0,5633.0,6233.0,0.0,0.0,0.0,0.0,0.0,0.0,0.0,0.0,0.0,0.0,0.0,0.0,0.0
51,George,Hemmings,George Hemmings,a,,,4.5,526,266,0.9,207,67,2.0,149,70,2,0,0,0,0,16986,6814,0.4,0.9,2.0,2.0,2.0,155,71,,,222,91,144,86,224,106,218,96,,,,,,,,0.0,0.01,0.01,2.69,0.0,0.0,2.81,1.12,6.19,2,2,70.0,0.0,0.0,0.0,1.0,0.0,0.0,0.0,0.0,0.0,0.0,1.0,0.0,5.0,18699.0,7709.0,0.0,0.0,0.01,0.01,1.0100000000000002,1.8000000000000007,4.300000000000001,0.0,0.6000000000000001,2.0,0.0,4.0,6.0
52,Alysson Edward Franco,da Rocha dos Santos,Alysson,a,,,5.0,387,234,0.0,499,206,0.5,324,151,0,0,0,0,0,445,514,0.1,0.2,0.5,0.5,0.5,351,168,,,270,122,293,148,236,112,301,135,,,,,,,,0.0,0.0,0.0,0.53,0.0,0.0,0.0,0.0,16.67,2,0,19.0,0.0,0.0,0.0,0.0,0.0,0.0,0.0,1.0,0.0,0.0,0.0,0.0,2.0,471.0,602.0,0.0,0.0,0.0,0.0,0.01999999999999999,1.2000000000000002,0.8,2.0,0.4,1.0,0.0,1.0,2.0
53,Johan,Manzambi,Manzambi,i,Knee injury - Unknown return date,,5.9,114,75,0.2,370,142,0.0,610,264,0,-1,1,-1,1,221,3432,0.0,0.0,0.0,0.0,0.0,610,264,0.0,0.0,608,265,609,265,603,261,610,265,,,,,,,,0.0,0.0,0.0,0.0,0.0,0.0,0.0,0.0,0.0,2,0,0.0,0.0,0.0,0.0,0.0,0.0,0.0,0.0,0.0,0.0,0.0,0.0,0.0,0.0,243.0,4157.0,0.0,0.0,0.0,0.0,0.0,0.0,0.0,0.0,0.0,0.0,0.0,0.0,0.0
54,Joao,Gomes,Gomes,s,Suspended until 19 Sep,,5.5,167,104,0.0,503,208,-1.0,629,278,0,0,0,0,0,48,743,-0.2,-0.4,0.0,0.0,-2.0,629,278,0.0,0.0,327,149,179,102,580,246,289,130,,,,,,,,0.0,0.02,0.02,5.95,0.0,0.0,9.23,2.31,16.15,2,0,0.0,0.0,0.0,0.0,0.0,0.0,0.0,0.0,0.0,0.0,0.0,0.0,0.0,0.0,71.0,924.0,0.0,0.0,0.0,0.0,0.0,0.0,0.0,0.0,0.0,0.0,0.0,0.0,0.0
55,Ollie,Watkins,Watkins,u,Has joined Al Hilal permanently,,7.8,13,4,5.8,66,10,0.0,627,73,0,-1,1,-2,2,4250,154360,0.0,0.0,0.0,0.0,0.0,627,73,0.0,,628,73,628,73,628,73,628,73,,,2.0,,,,,0.0,0.0,0.0,0.0,0.0,0.0,0.0,0.0,0.0,2,0,0.0,0.0,0.0,0.0,0.0,0.0,0.0,0.0,0.0,0.0,0.0,0.0,0.0,0.0,4773.0,214437.0,0.0,0.0,0.0,0.0,0.0,0.0,0.0,0.0,0.0,0.0,0.0,0.0,0.0
56,Tammy,Abraham,Abraham,a,,,5.5,129,32,0.1,415,59,0.5,330,37,1,0,0,0,0,1562,1615,0.1,0.2,0.5,0.2,1.0,307,34,100.0,50.0,581,60,276,36,564,62,347,40,,,,,,,,0.0,0.0,0.0,0.09,0.0,0.0,0.0,0.0,0.0,2,1,19.0,0.0,0.0,0.0,0.0,0.0,0.0,0.0,0.0,0.0,0.0,0.0,0.0,3.0,1628.0,2037.0,0.0,0.0,0.0,0.0,0.02,0.0,1.3,0.0,0.1,0.0,0.0,0.0,0.0
160,Alejandro,Garnacho Ferreyra,Garnacho,a,,,5.9,106,67,0.5,262,88,1.0,263,127,1,-1,1,-1,1,1509,6902,0.2,0.3,1.0,1.0,1.0,326,155,,,338,157,251,131,599,257,338,157,,,,,,,,0.0,0.0,0.0,0.79,0.0,0.0,0.0,0.0,11.25,2,1,12.0,0.0,0.0,0.0,0.0,0.0,0.0,0.0,0.0,0.0,0.0,0.0,0.0,3.0,1678.0,8492.0,0.0,0.0,0.0,0.0,0.0,0.2,2.0,0.0,0.2,0.0,0.0,2.0,2.0
166,Nicolas,Jackson,N.Jackson,a,,,6.5,46,11,0.7,225,38,1.0,267,31,2,0,0,0,0,9949,2477,0.2,0.3,1.0,1.0,2.0,188,23,,,285,27,204,26,244,37,290,34,,,,,,,,0.0,0.13,0.13,1.3,0.0,0.0,1.29,1.29,3.86,2,2,70.0,0.0,0.0,0.0,1.0,0.0,0.0,0.0,0.0,0.0,0.0,1.0,0.0,11.0,38319.0,8867.0,0.0,0.0,0.1,0.1,1.01,4.2,5.9,2.0,1.2,0.0,0.0,3.0,3.0
582,Brian,Madjo,Madjo,i,Unspecified injury - Unknown return date,,5.5,207,45,0.3,287,49,0.0,604,68,0,0,0,0,0,605,5582,0.0,0.0,0.0,0.0,0.0,604,68,0.0,0.0,598,63,602,67,592,65,602,67,,,,,,,,0.0,0.0,0.0,0.0,0.0,0.0,0.0,0.0,0.0,2,0,0.0,0.0,0.0,0.0,0.0,0.0,0.0,0.0,0.0,0.0,0.0,0.0,0.0,0.0,666.0,6978.0,0.0,0.0,0.0,0.0,0.0,0.0,0.0,0.0,0.0,0.0,0.0,0.0,0.0
596,Matteo,Ruggeri,Ruggeri,a,,,4.5,489,131,0.1,419,147,0.5,290,105,0,0,0,0,0,512,893,0.1,0.2,0.5,0.5,1.0,253,96,,,287,107,431,171,373,160,316,114,,,,,,,,0.0,0.0,0.0,1.58,0.0,0.0,0.0,0.0,22.5,2,0,0.0,0.0,0.0,0.0,0.0,0.0,0.0,0.0,0.0,0.0,0.0,0.0,0.0,0.0,583.0,1084.0,0.0,0.0,0.0,0.0,0.0,0.0,0.0,0.0,0.0,0.0,0.0,0.0,0.0
597,Zion,Suzuki,Suzuki,a,,,5.0,299,14,1.0,191,29,1.0,236,20,2,0,0,0,0,13441,5420,0.2,0.4,1.0,1.0,2.0,165,14,,,215,22,530,61,486,61,282,22,,,,,,,,0.0,0.0,0.0,1.04,1.0,0.0,1.0,1.0,0.0,2,2,90.0,0.0,0.0,0.0,1.0,0.0,0.0,0.0,0.0,0.0,1.0,1.0,0.0,8.0,14001.0,6524.0,0.0,0.0,0.0,0.0,1.04,13.6,0.0,0.0,1.4,0.0,2.0,9.0,0.0
606,Triston,Rowe,Rowe,a,,,4.0,615,194,0.1,391,140,0.0,403,146,0,0,0,0,0,4103,996,0.0,0.0,0.0,0.0,0.0,403,146,,,385,148,377,146,303,121,395,148,,,,,,,,0.0,0.0,0.0,0.0,0.0,0.0,0.0,0.0,0.0,2,0,0.0,0.0,0.0,0.0,0.0,0.0,0.0,0.0,0.0,0.0,0.0,0.0,0.0,0.0,4399.0,1036.0,0.0,0.0,0.0,0.0,0.0,0.0,0.0,0.0,0.0,0.0,0.0,0.0,0.0
607,Luka,Lynch,Lynch,a,,,4.5,521,264,0.1,405,161,0.0,477,186,0,0,0,0,0,2505,1403,0.0,0.0,0.0,0.0,0.0,477,186,,,459,174,461,183,404,141,469,179,,,,,,,,0.0,0.0,0.0,0.0,0.0,0.0,0.0,0.0,0.0,2,0,0.0,0.0,0.0,0.0,0.0,0.0,0.0,0.0,0.0,0.0,0.0,0.0,0.0,0.0,2775.0,1496.0,0.0,0.0,0.0,0.0,0.0,0.0,0.0,0.0,0.0,0.0,0.0,0.0,0.0
611,Aaron,Wan-Bissaka,Wan-Bissaka,a,,,4.5,445,101,0.1,410,145,1.0,218,75,1,0,0,0,0,3968,927,0.2,0.2,1.7,1.7,1.0,240,84,,,294,111,289,106,344,144,315,113,,,,,,,,0.0,0.0,0.0,0.0,0.0,0.0,0.0,0.0,15.0,2,1,12.0,0.0,0.0,0.0,0.0,0.0,0.0,0.0,0.0,0.0,0.0,0.0,0.0,4.0,4366.0,982.0,0.0,0.0,0.0,0.0,0.0,3.6,0.8,0.0,0.4,2.0,0.0,0.0,2.0
618,Leon,Goretzka,Goretzka,a,,,6.0,60,42,0.0,522,218,0.0,611,265,0,0,0,0,0,2160,462,0.0,0.0,2.2,2.2,0.0,611,265,,,609,266,610,266,604,262,611,266,,,,,,,,0.0,0.0,0.0,0.0,0.0,0.0,0.0,0.0,0.0,2,0,0.0,0.0,0.0,0.0,0.0,0.0,0.0,0.0,0.0,0.0,0.0,0.0,0.0,0.0,2372.0,469.0,0.0,0.0,0.0,0.0,0.0,0.0,0.0,0.0,0.0,0.0,0.0,0.0,0.0
57,Đorđe,Petrović,Petrović,a,,,4.5,476,39,3.4,96,16,2.5,125,10,3,0,0,0,0,25724,18075,0.6,1.1,2.5,2.5,2.5,131,10,,,16,2,425,42,364,41,120,2,,,,,,,,0.0,0.0,0.0,2.04,4.5,0.0,1.5,1.0,0.0,2,3,90.0,0.0,0.0,0.0,1.0,0.0,0.0,0.0,0.0,0.0,5.0,1.0,0.0,20.0,30895.0,20603.0,0.0,0.0,0.0,0.0,1.8399999999999999,33.8,0.0,0.0,3.3999999999999995,0.0,3.0,8.0,0.0
58,Fraser,Forster,Forster,a,,,4.0,554,50,3.3,97,17,0.0,359,24,0,0,0,0,0,19455,11016,0.0,0.0,0.0,0.0,0.0,359,24,,,341,24,331,3,253,2,350,24,,,,,,,,0.0,0.0,0.0,0.0,0.0,0.0,0.0,0.0,0.0,2,0,0.0,0.0,0.0,0.0,0.0,0.0,0.0,0.0,0.0,0.0,0.0,0.0,0.0,0.0,21079.0,12765.0,0.0,0.0,0.0,0.0,0.0,0.0,0.0,0.0,0.0,0.0,0.0,0.0,0.0
59,Will,Dennis,Dennis,u,Has joined MK Dons permanently,,4.0,589,65,0.2,364,39,0.0,383,39,0,0,0,0,0,0,1837,0.0,0.0,0.0,0.0,0.0,383,39,0.0,0.0,365,39,357,18,281,17,375,39,,,,,,,,0.0,0.0,0.0,0.0,0.0,0.0,0.0,0.0,0.0,2,0,0.0,0.0,0.0,0.0,0.0,0.0,0.0,0.0,0.0,0.0,0.0,0.0,0.0,0.0,0.0,2297.0,0.0,0.0,0.0,0.0,0.0,0.0,0.0,0.0,0.0,0.0,0.0,0.0,0.0
60,James,Hill,Hill,a,,,5.5,171,23,0.9,208,78,2.5,135,48,4,0,0,0,0,4109,6085,0.5,0.9,2.5,2.5,2.5,140,50,,,109,48,122,38,202,72,140,52,,,,,,,,0.0,0.37,0.37,2.04,0.0,0.0,1.5,1.0,9.0,2,4,90.0,0.0,0.0,0.0,1.0,0.0,0.0,0.0,0.0,0.0,0.0,1.0,0.0,19.0,5849.0,7140.0,0.0,0.0,0.74,0.74,1.8399999999999999,25.6,21.0,4.0,5.1,3.0,9.0,3.0,12.0
61,Adrien,Truffert,Truffert,a,,,5.5,182,25,3.9,88,34,2.5,137,49,4,0,0,0,0,7489,22074,0.5,0.9,2.5,2.5,2.5,142,51,,,80,34,105,33,203,73,115,41,,,,,,,,0.0,0.04,0.04,2.04,0.0,0.0,1.5,1.0,8.0,2,4,90.0,0.0,0.0,0.0,1.0,0.0,0.0,0.0,0.0,0.0,0.0,1.0,2.0,27.0,11239.0,26321.0,0.0,0.0,0.07,0.07,1.8399999999999999,27.800000000000004,23.7,4.0,5.6,2.0,7.0,6.0,9.0
62,Bafodé,Diakité,Diakité,a,,,5.0,293,50,0.2,344,128,0.0,537,192,0,0,0,0,0,1199,2542,0.0,0.0,0.0,0.0,0.0,537,192,,,525,195,526,195,481,188,532,195,,,,,,,,0.0,0.0,0.0,0.0,0.0,0.0,0.0,0.0,0.0,2,0,0.0,0.0,0.0,0.0,0.0,0.0,0.0,0.0,0.0,0.0,0.0,0.0,0.0,0.0,1455.0,2787.0,0.0,0.0,0.0,0.0,0.0,0.0,0.0,0.0,0.0,0.0,0.0,0.0,0.0
63,Veljko,Milosavljevic,Milosavljević,i,Unspecified injury - Unknown return date,,5.0,382,72,0.0,595,201,0.0,573,200,0,0,0,0,0,51,151,0.0,0.0,0.0,0.0,0.0,573,200,0.0,0.0,561,201,567,201,536,197,569,201,,,,,,,,0.0,0.0,0.0,0.0,0.0,0.0,0.0,0.0,0.0,2,0,0.0,0.0,0.0,0.0,0.0,0.0,0.0,0.0,0.0,0.0,0.0,0.0,0.0,0.0,55.0,181.0,0.0,0.0,0.0,0.0,0.0,0.0,0.0,0.0,0.0,0.0,0.0,0.0,0.0
64,Adam,Smith,Smith,a,,,4.5,408,81,0.1,389,139,1.0,215,73,1,0,0,0,0,991,1123,0.2,0.4,1.0,1.0,1.0,234,79,,,165,77,142,44,319,136,195,73,,,,,,,,0.0,0.01,0.01,2.04,0.0,0.0,1.5,1.0,5.5,2,1,90.0,0.0,0.0,0.0,1.0,0.0,0.0,0.0,1.0,0.0,0.0,1.0,0.0,5.0,1523.0,1273.0,0.0,0.0,0.02,0.02,1.8399999999999999,15.600000000000001,15.700000000000001,0.0,3.0999999999999996,2.0,4.0,0.0,6.0
65,Julián,Araujo Zúñiga,J.Araujo,i,Thigh injury - Unknown return date,,4.5,471,121,0.0,580,198,0.0,444,168,0,0,0,0,0,54,258,0.0,0.0,0.0,0.0,0.0,444,168,0.0,0.0,425,169,422,169,361,156,435,169,,,,,,,,0.0,0.0,0.0,0.0,0.0,0.0,0.0,0.0,0.0,2,0,0.0,0.0,0.0,0.0,0.0,0.0,0.0,0.0,0.0,0.0,0.0,0.0,0.0,0.0,63.0,297.0,0.0,0.0,0.0,0.0,0.0,0.0,0.0,0.0,0.0,0.0,0.0,0.0,0.0
66,Julio,Soler Barreto,Soler,a,,,4.0,617,196,0.2,323,121,0.0,404,147,0,0,0,0,0,3256,1385,0.0,0.0,0.0,0.0,0.0,404,147,100.0,75.0,386,149,378,147,305,123,396,149,,,,,,,,0.0,0.0,0.0,0.0,0.0,0.0,0.0,0.0,0.0,2,0,0.0,0.0,0.0,0.0,0.0,0.0,0.0,0.0,0.0,0.0,0.0,0.0,0.0,0.0,3308.0,1623.0,0.0,0.0,0.0,0.0,0.0,0.0,0.0,0.0,0.0,0.0,0.0,0.0,0.0
67,Rayan Vitor,Simplício Rocha,Rayan,a,,,6.5,44,30,2.4,114,34,2.0,174,87,2,0,0,0,0,6686,34490,0.3,0.6,2.0,2.0,2.0,187,92,,,208,82,150,90,22,13,79,45,,,,,,,,0.22,0.03,0.25,1.97,0.0,0.0,1.01,1.01,3.03,2,2,90.0,0.0,0.0,0.0,1.0,0.0,0.0,0.0,0.0,0.0,0.0,1.0,0.0,4.0,10640.0,38036.0,0.0,0.4,0.020000000000000004,0.42,1.8399999999999999,8.600000000000001,3.5,44.0,5.6,1.0,1.0,3.0,5.0
68,Marcus,Tavernier,Tavernier,a,,,6.0,65,45,2.4,117,35,5.5,50,24,1,0,0,0,0,16644,27267,0.9,1.8,5.5,5.5,5.5,53,26,,,44,21,25,22,65,39,30,24,1.0,1.0,3.0,,,,,0.24,0.14,0.38,2.04,0.0,0.0,1.5,1.0,9.5,2,1,90.0,0.0,0.0,0.0,1.0,0.0,0.0,0.0,1.0,0.0,0.0,1.0,0.0,20.0,40543.0,29682.0,0.0,0.08999999999999997,0.20999999999999996,0.30000000000000004,1.8399999999999999,15.0,38.3,11.0,6.4,4.0,1.0,6.0,11.0
69,Alex,Scott,Scott,a,,,6.0,85,56,1.8,132,39,7.0,27,14,12,0,0,0,0,33199,9690,1.2,2.3,7.0,7.0,7.0,29,15,,,33,16,55,42,89,48,47,33,2.0,4.0,,,,,,0.13,0.14,0.27,2.02,0.0,0.51,1.02,1.02,13.3,2,12,86.0,1.0,0.0,1.0,0.0,0.0,0.0,0.0,1.0,0.0,0.0,1.0,3.0,39.0,34689.0,11665.0,0.0,0.26,0.27,0.53,1.71,47.6,32.1,21.0,10.1,3.0,3.0,9.0,15.0
70,Justin,Kluivert,Kluivert,a,,,6.0,69,47,1.2,179,54,3.0,116,54,3,0,0,0,0,5844,13135,0.5,1.0,3.0,3.0,3.0,122,54,,,168,61,47,37,11,7,32,25,3.0,2.0,2.0,,,,,0.42,0.03,0.45,2.11,0.0,1.17,0.0,1.17,8.18,2,3,80.0,0.0,0.0,1.0,0.0,0.0,0.0,0.0,0.0,0.0,0.0,1.0,0.0,12.0,9553.0,14666.0,0.0,0.61,0.05,0.66,1.67,11.2,26.900000000000002,57.0,9.5,0.0,0.0,5.0,5.0
71,Lewis,Cook,Cook,a,,,5.0,246,151,0.2,332,119,3.0,101,43,3,0,0,0,0,4032,2175,0.6,1.2,3.0,3.0,3.0,107,44,,,242,102,148,89,455,168,238,106,5.0,,,,,,,0.0,0.01,0.01,2.27,0.0,1.26,0.0,1.26,5.66,2,3,68.0,0.0,0.0,1.0,0.0,0.0,0.0,0.0,0.0,0.0,0.0,1.0,0.0,13.0,4677.0,2468.0,0.0,0.0,0.01,0.01,1.67,3.8000000000000007,12.8,0.0,1.7,0.0,0.0,2.0,2.0
72,Ben,Gannon-Doak,Gannon-Doak,a,,,5.0,337,198,0.1,461,185,0.5,312,141,0,0,0,0,0,237,927,0.1,0.2,0.5,0.5,1.0,281,123,,,335,154,328,166,231,109,334,154,,,,,,,,0.0,0.0,0.0,17.1,0.0,0.0,90.0,0.0,90.0,2,0,0.0,0.0,0.0,0.0,0.0,0.0,0.0,0.0,0.0,0.0,0.0,0.0,0.0,0.0,273.0,1019.0,0.0,0.0,0.0,0.0,0.0,0.0,0.0,0.0,0.0,0.0,0.0,0.0,0.0
73,Tyler,Adams,Adams,a,,,5.0,259,160,0.2,317,112,1.0,231,105,1,0,0,0,0,3502,2945,0.2,0.4,1.0,1.0,1.0,267,114,100.0,100.0,268,120,252,132,464,174,305,138,,,,,,,,0.0,0.0,0.0,1.18,0.0,0.0,7.5,0.0,15.0,2,1,21.0,0.0,0.0,0.0,1.0,0.0,0.0,0.0,0.0,0.0,0.0,0.0,0.0,4.0,4004.0,3201.0,0.0,0.0,0.0,0.0,0.15999999999999998,1.6,1.2999999999999998,0.0,0.29999999999999993,0.0,0.0,3.0,3.0
74,David,Brooks,Brooks,a,,,5.0,238,146,0.1,486,199,0.5,296,131,1,0,0,0,0,733,559,0.1,0.2,0.5,0.5,1.0,261,110,100.0,100.0,497,196,263,137,448,163,343,160,4.0,3.0,,,,,,0.0,0.1,0.1,1.6,0.0,0.0,10.0,0.0,0.0,2,1,9.0,0.0,0.0,0.0,1.0,0.0,0.0,0.0,0.0,0.0,0.0,0.0,0.0,3.0,855.0,653.0,0.0,0.0,0.01,0.01,0.16,0.0,1.6,0.0,0.1,0.0,0.0,0.0,0.0
75,Ryan,Christie,Christie,a,,,5.0,247,152,0.0,547,225,0.5,298,132,1,0,0,0,0,638,311,0.1,0.2,0.5,0.5,1.0,263,111,100.0,100.0,303,136,313,158,456,169,326,149,6.0,,,,,,,0.0,0.0,0.0,3.9,0.0,0.0,30.0,0.0,60.0,2,1,3.0,0.0,0.0,0.0,1.0,0.0,0.0,0.0,0.0,0.0,0.0,0.0,0.0,5.0,760.0,341.0,0.0,0.0,0.0,0.0,0.13,2.8,0.3,0.0,0.3,1.0,0.0,1.0,2.0
76,Alex,Tóth,Tóth.A,a,,,5.0,381,231,0.0,572,239,0.5,321,149,0,0,0,0,0,73,142,0.1,0.2,0.5,0.5,1.0,293,133,,,304,137,300,151,535,216,329,152,,,,,,,,0.0,0.0,0.0,1.86,0.0,0.0,12.0,0.0,12.0,2,0,0.0,0.0,0.0,0.0,0.0,0.0,0.0,0.0,0.0,0.0,0.0,0.0,0.0,0.0,86.0,160.0,0.0,0.0,0.0,0.0,0.0,0.0,0.0,0.0,0.0,0.0,0.0,0.0,0.0
77,Amine,Adli,Adli,i,Unspecified injury - Unknown return date,,4.9,400,242,0.0,562,233,0.0,504,201,0,-1,1,-1,1,93,431,0.0,0.0,0.0,0.0,0.0,504,201,0.0,0.0,487,190,489,198,435,157,496,194,,,,,,,,0.0,0.0,0.0,0.0,0.0,0.0,0.0,0.0,0.0,2,0,0.0,0.0,0.0,0.0,0.0,0.0,0.0,0.0,0.0,0.0,0.0,0.0,0.0,0.0,100.0,514.0,0.0,0.0,0.0,0.0,0.0,0.0,0.0,0.0,0.0,0.0,0.0,0.0,0.0
78,Junior,Kroupi,Kroupi.Jr,i,Foot injury - Unknown return date,,7.4,23,14,0.3,311,109,0.0,625,276,0,-1,1,-1,1,177,5476,0.0,0.0,0.0,0.0,0.0,625,276,0.0,0.0,626,277,626,277,626,277,626,277,,,1.0,,,,,0.0,0.0,0.0,0.0,0.0,0.0,0.0,0.0,0.0,2,0,0.0,0.0,0.0,0.0,0.0,0.0,0.0,0.0,0.0,0.0,0.0,0.0,0.0,0.0,210.0,6851.0,0.0,0.0,0.0,0.0,0.0,0.0,0.0,0.0,0.0,0.0,0.0,0.0,0.0
79,Francisco Evanilson,de Lima Barbosa,Evanilson,a,,,6.0,77,17,3.2,103,16,4.5,74,9,5,0,0,0,0,43451,23099,0.8,1.5,4.5,4.5,4.5,77,10,,,120,11,65,6,80,18,77,12,,,,,,,,0.34,0.15,0.49,2.11,0.0,1.17,0.0,1.17,6.43,2,5,80.0,0.0,1.0,1.0,0.0,0.0,0.0,0.0,0.0,0.0,0.0,1.0,0.0,11.0,58599.0,26476.0,0.0,0.58,0.04000000000000001,0.62,1.67,15.0,22.200000000000003,22.0,5.8999999999999995,0.0,1.0,2.0,3.0
80,Enes,Ünal,Enes Ünal,u,Has joined Getafe permanently,,5.5,126,30,0.0,557,70,0.0,591,66,0,0,0,0,0,0,343,0.0,0.0,0.0,0.0,0.0,591,66,0.0,0.0,580,59,586,64,563,61,587,64,,,,,,,,0.0,0.0,0.0,0.0,0.0,0.0,0.0,0.0,0.0,2,0,0.0,0.0,0.0,0.0,0.0,0.0,0.0,0.0,0.0,0.0,0.0,0.0,0.0,0.0,0.0,436.0,0.0,0.0,0.0,0.0,0.0,0.0,0.0,0.0,0.0,0.0,0.0,0.0,0.0
81,Álvaro,Rodríguez,Rodríguez,a,,,6.0,91,22,0.1,406,57,0.5,350,43,1,0,0,0,0,826,1156,0.1,0.2,0.5,0.5,1.0,331,41,100.0,100.0,616,70,616,70,612,70,616,70,,,,,,,,0.0,0.0,0.0,1.6,0.0,0.0,10.0,0.0,10.0,2,1,9.0,0.0,0.0,0.0,1.0,0.0,0.0,0.0,0.0,0.0,0.0,0.0,0.0,4.0,981.0,1265.0,0.0,0.0,0.0,0.0,0.16,0.0,0.0,0.0,0.0,0.0,0.0,1.0,1.0
566,António João,Pereira de Albuquerque Tavares da Silva,Silva,a,,,5.0,323,61,0.4,270,101,3.0,104,39,4,0,0,0,0,5848,2909,0.6,1.2,3.0,3.0,3.0,110,40,,,56,19,245,82,123,38,134,48,,,,,,,,0.12,0.02,0.14,2.04,0.0,0.0,1.5,1.0,11.5,2,4,90.0,0.0,0.0,0.0,1.0,0.0,0.0,0.0,0.0,0.0,0.0,1.0,0.0,11.0,7658.0,3277.0,0.0,0.25,0.03,0.28,1.8399999999999999,18.6,1.8,13.0,3.3,2.0,8.0,4.0,10.0
573,Juanlu,Sánchez,Sanchez,a,,,4.5,495,132,0.2,337,126,0.0,453,170,0,0,0,0,0,224,1343,0.0,0.0,0.0,0.0,0.0,453,170,,,434,171,437,172,379,161,444,171,,,,,,,,0.0,0.0,0.0,0.0,0.0,0.0,0.0,0.0,0.0,2,0,0.0,0.0,0.0,0.0,0.0,0.0,0.0,0.0,0.0,0.0,0.0,0.0,0.0,0.0,259.0,1588.0,0.0,0.0,0.0,0.0,0.0,0.0,0.0,0.0,0.0,0.0,0.0,0.0,0.0
608,Daniel,Jebbison,Jebbison,a,,,5.0,355,58,0.1,463,63,0.5,317,36,0,0,0,0,0,2715,1157,0.1,0.2,0.5,0.5,1.0,287,31,,,297,29,292,37,103,21,254,29,,,,,,,,0.6,0.0,0.6,1.86,0.0,0.0,12.0,0.0,6.0,2,0,0.0,0.0,0.0,0.0,0.0,0.0,0.0,0.0,0.0,0.0,0.0,0.0,0.0,0.0,3169.0,1238.0,0.0,0.0,0.0,0.0,0.0,0.0,0.0,0.0,0.0,0.0,0.0,0.0,0.0
615,Michele,Di Gregorio,Di Gregorio,a,,,4.5,455,35,0.0,556,66,0.0,437,57,0,0,0,0,0,890,265,0.0,0.0,2.0,2.0,0.0,437,57,,,418,57,414,38,349,37,428,57,,,,,,,,0.0,0.0,0.0,0.0,0.0,0.0,0.0,0.0,0.0,2,0,0.0,0.0,0.0,0.0,0.0,0.0,0.0,0.0,0.0,0.0,0.0,0.0,0.0,0.0,1048.0,283.0,0.0,0.0,0.0,0.0,0.0,0.0,0.0,0.0,0.0,0.0,0.0,0.0,0.0
82,Caoimhín,Kelleher,Kelleher,a,,,5.0,258,11,7.0,60,8,4.5,66,5,2,0,0,0,0,55775,29965,0.9,1.8,4.5,4.5,4.5,70,5,,,87,11,511,58,463,58,191,12,,,,,,,,0.0,0.0,0.0,1.02,2.5,0.5,0.5,1.0,0.0,2,2,90.0,0.0,0.0,0.0,1.0,0.0,0.0,0.0,0.0,0.0,1.0,1.0,0.0,7.0,66492.0,33443.0,0.0,0.0,0.0,0.0,1.46,9.399999999999999,0.0,0.0,0.8999999999999999,0.0,2.0,4.0,0.0
83,Hákon Rafn,Valdimarsson,Valdimarsson,a,,,4.5,500,44,0.1,418,47,0.0,458,60,0,0,0,0,0,513,776,0.0,0.0,0.0,0.0,0.0,458,60,,,439,60,442,47,384,46,449,60,,,,,,,,0.0,0.0,0.0,0.0,0.0,0.0,0.0,0.0,0.0,2,0,0.0,0.0,0.0,0.0,0.0,0.0,0.0,0.0,0.0,0.0,0.0,0.0,0.0,0.0,586.0,904.0,0.0,0.0,0.0,0.0,0.0,0.0,0.0,0.0,0.0,0.0,0.0,0.0,0.0
84,Nathan,Collins,Collins,a,,,5.5,158,20,2.2,122,50,4.5,70,26,3,0,0,0,0,14391,10945,0.8,1.6,4.5,4.5,4.5,73,26,,,93,42,115,35,32,2,52,10,,,,,,,,0.26,0.02,0.28,1.02,0.0,0.5,0.5,1.0,8.0,2,3,90.0,0.0,0.0,0.0,1.0,0.0,0.0,0.0,1.0,0.0,0.0,1.0,0.0,14.0,17829.0,12614.0,0.0,0.16999999999999998,0.010000000000000002,0.18000000000000005,1.46,28.0,0.8999999999999986,34.0,6.300000000000001,2.0,11.0,8.0,13.0
85,Sepp,van den Berg,Van den Berg,i,Groin injury - Unknown return date,,4.9,398,76,0.1,438,154,0.0,502,185,0,-1,1,-1,1,84,1663,0.0,0.0,0.0,0.0,0.0,502,185,0.0,0.0,485,186,487,187,433,178,494,186,,,,,,,,0.0,0.0,0.0,0.0,0.0,0.0,0.0,0.0,0.0,2,0,0.0,0.0,0.0,0.0,0.0,0.0,0.0,0.0,0.0,0.0,0.0,0.0,0.0,0.0,91.0,2014.0,0.0,0.0,0.0,0.0,0.0,0.0,0.0,0.0,0.0,0.0,0.0,0.0,0.0
86,Keane,Lewis-Potter,Lewis-Potter,a,,,5.5,155,96,1.7,141,41,8.0,18,9,6,0,0,0,0,51224,12829,1.5,2.9,8.0,8.0,8.0,20,10,,,5,4,34,28,86,47,24,18,,1.0,,,,,,0.4,0.13,0.53,1.03,0.0,0.51,0.51,1.02,10.68,2,6,87.0,0.0,1.0,0.0,1.0,0.0,0.0,0.0,0.0,0.0,0.0,1.0,1.0,29.0,64335.0,13952.0,0.0,0.020000000000000018,0.13,0.15000000000000002,1.46,38.39999999999999,31.6,2.0,7.200000000000001,2.0,3.0,6.0,11.0
87,Kristoffer,Ajer,Ajer,a,,,4.5,438,96,4.6,77,32,5.5,47,19,3,0,0,0,0,66552,27149,1.2,2.4,5.5,5.5,5.5,50,20,,,35,11,117,36,49,8,46,8,,,,,,,,0.06,0.02,0.08,1.02,0.0,0.5,0.5,1.0,13.5,2,3,90.0,0.0,0.0,0.0,1.0,0.0,0.0,0.0,1.0,0.0,0.0,1.0,0.0,7.0,82847.0,29865.0,0.0,0.0,0.009999999999999998,0.010000000000000009,1.46,37.8,21.0,2.0,6.1,0.0,17.0,2.0,17.0
88,Michael,Kayode,Kayode,a,,,4.6,407,80,9.1,43,15,7.5,20,8,2,0,0,1,-1,108435,42761,1.6,3.3,7.5,7.5,7.5,21,9,,,63,25,134,39,29,1,45,7,,,,,,,,0.29,0.12,0.41,1.07,0.0,0.56,0.56,1.11,4.44,2,2,87.0,0.0,0.0,0.0,1.0,0.0,0.0,0.0,0.0,0.0,0.0,1.0,0.0,9.0,145710.0,46326.0,0.0,0.020000000000000018,0.21,0.22999999999999998,1.46,14.400000000000006,16.0,8.0,3.8000000000000007,1.0,3.0,4.0,4.0
89,Rico,Henry,Henry,a,,,4.5,439,97,0.2,324,122,0.5,281,96,1,0,0,0,0,342,1188,0.1,0.2,0.5,0.5,1.0,239,83,,,412,162,407,161,341,143,422,162,,,,,,,,0.0,0.0,0.0,0.0,0.0,0.0,0.0,0.0,0.0,2,1,2.0,0.0,0.0,0.0,0.0,0.0,0.0,0.0,0.0,0.0,0.0,0.0,0.0,3.0,399.0,1524.0,0.0,0.0,0.0,0.0,0.0,0.0,0.0,0.0,0.0,0.0,0.0,0.0,0.0
90,Aaron,Hickey,Hickey,a,,,4.5,482,127,0.1,459,162,1.0,225,81,1,0,0,0,0,416,509,0.2,0.4,1.0,1.0,1.0,250,93,,,286,106,214,68,369,159,300,109,,,,,,,,0.0,0.11,0.11,0.56,0.0,0.0,0.0,0.0,5.62,2,1,2.0,0.0,0.0,0.0,0.0,0.0,0.0,0.0,0.0,0.0,0.0,0.0,0.0,6.0,506.0,593.0,0.0,0.0,0.02,0.02,0.0,4.0,4.1000000000000005,0.0,0.8,1.0,0.0,0.0,1.0
92,Kim,Ji-soo,Ji-soo,a,,,4.5,520,140,0.0,561,192,0.0,476,177,0,0,0,0,0,89,169,0.0,0.0,0.0,0.0,0.0,476,177,,,458,178,460,179,403,168,468,178,,,,,,,,0.0,0.0,0.0,0.0,0.0,0.0,0.0,0.0,0.0,2,0,0.0,0.0,0.0,0.0,0.0,0.0,0.0,0.0,0.0,0.0,0.0,0.0,0.0,0.0,97.0,195.0,0.0,0.0,0.0,0.0,0.0,0.0,0.0,0.0,0.0,0.0,0.0,0.0,0.0
93,Jannik,Schuster,Schuster,a,,,4.5,502,135,0.2,369,136,0.0,460,173,0,0,0,0,0,92,791,0.0,0.0,0.0,0.0,0.0,460,173,,,441,174,444,175,386,164,451,174,,,,,,,,0.0,0.0,0.0,0.0,0.0,0.0,0.0,0.0,0.0,2,0,0.0,0.0,0.0,0.0,0.0,0.0,0.0,0.0,0.0,0.0,0.0,0.0,0.0,0.0,107.0,1008.0,0.0,0.0,0.0,0.0,0.0,0.0,0.0,0.0,0.0,0.0,0.0,0.0,0.0
94,Kevin,Schade,Schade,a,,,6.0,86,57,3.8,91,29,6.5,30,17,10,0,0,0,0,53353,23175,1.1,2.2,6.5,6.5,6.5,32,18,,,30,15,111,67,4,1,15,11,,,2.0,,,,,0.39,0.02,0.41,1.03,0.0,0.51,0.51,1.02,9.15,2,10,87.0,1.0,0.0,0.0,1.0,0.0,0.0,0.0,0.0,0.0,0.0,1.0,3.0,34.0,59350.0,28209.0,0.0,0.25,0.019999999999999997,0.27,1.46,45.6,11.099999999999998,34.0,9.100000000000001,2.0,3.0,4.0,9.0
95,Dango,Ouattara,O.Dango,a,,,6.5,47,32,1.0,198,61,2.0,175,88,1,0,0,0,0,2395,15336,0.3,0.6,2.0,2.0,2.0,189,93,,,201,80,38,31,106,55,100,52,2.0,,,,,,,0.07,0.35,0.42,1.73,0.0,0.95,0.95,0.95,12.32,2,1,29.0,0.0,0.0,0.0,1.0,0.0,0.0,0.0,0.0,0.0,0.0,0.0,0.0,16.0,3468.0,17624.0,0.0,0.020000000000000004,0.08000000000000002,0.09999999999999998,1.36,15.399999999999999,15.499999999999996,2.0,3.3,1.0,3.0,3.0,7.0
96,Mikkel,Damsgaard,Damsgaard,a,,,5.5,162,101,0.5,259,87,2.0,164,82,3,0,0,0,0,1919,4157,0.4,0.7,2.0,2.0,2.0,175,85,,,159,58,20,18,77,43,59,39,3.0,3.0,,,,,,0.03,0.26,0.29,0.25,0.0,1.1,0.0,1.1,14.27,2,3,68.0,0.0,0.0,1.0,0.0,0.0,0.0,0.0,0.0,0.0,0.0,1.0,0.0,20.0,2392.0,5463.0,0.0,0.03,0.13,0.16000000000000003,0.13,16.6,32.400000000000006,25.0,7.4,2.0,2.0,5.0,9.0
97,Mathias,Jensen,Jensen,d,Unspecified injury - 75% chance of playing,,5.5,142,88,0.2,340,124,3.0,108,47,0,0,0,0,0,531,3637,0.5,1.1,2.2,3.0,6.0,42,22,75.0,,221,90,39,32,125,63,118,60,1.0,2.0,3.0,,,,,0.11,0.46,0.57,0.64,0.0,1.36,0.0,1.36,6.82,2,0,0.0,0.0,0.0,0.0,0.0,0.0,0.0,0.0,0.0,0.0,0.0,0.0,0.0,0.0,1325.0,3854.0,0.0,0.0,0.0,0.0,0.0,0.0,0.0,0.0,0.0,0.0,0.0,0.0,0.0
98,Vitaly,Janelt,Janelt,a,,,5.0,262,162,0.6,243,83,5.0,53,26,1,0,0,0,0,18226,7692,1.0,2.0,5.0,5.0,5.0,56,28,,,18,11,10,10,66,40,16,12,4.0,,,,,,,0.2,0.16,0.36,1.02,0.0,0.5,0.5,1.0,11.5,2,1,90.0,0.0,0.0,0.0,1.0,0.0,0.0,0.0,1.0,0.0,0.0,1.0,0.0,11.0,26934.0,8543.0,0.0,0.0,0.13999999999999999,0.1399999999999999,1.46,16.39999999999999,35.400000000000006,4.0,5.6,3.0,5.0,2.0,10.0
99,Antoni,Milambo,Milambo,i,Knee injury - Unknown return date,,5.0,362,216,0.0,621,272,0.0,566,236,0,0,0,0,0,20,21,0.0,0.0,0.0,0.0,0.0,566,236,0.0,0.0,553,229,560,235,523,205,561,232,,,,,,,,0.0,0.0,0.0,0.0,0.0,0.0,0.0,0.0,0.0,2,0,0.0,0.0,0.0,0.0,0.0,0.0,0.0,0.0,0.0,0.0,0.0,0.0,0.0,0.0,23.0,23.0,0.0,0.0,0.0,0.0,0.0,0.0,0.0,0.0,0.0,0.0,0.0,0.0,0.0
100,Fábio,Freitas Gouveia Carvalho,Carvalho,a,,,5.0,294,179,0.0,564,234,0.0,538,222,0,0,0,0,0,307,212,0.0,0.0,0.0,0.0,0.0,538,222,100.0,100.0,526,214,527,219,482,184,533,216,,,,,,,,0.0,0.0,0.0,0.0,0.0,0.0,0.0,0.0,0.0,2,0,0.0,0.0,0.0,0.0,0.0,0.0,0.0,0.0,0.0,0.0,0.0,0.0,0.0,0.0,353.0,237.0,0.0,0.0,0.0,0.0,0.0,0.0,0.0,0.0,0.0,0.0,0.0,0.0,0.0
102,Yehor,Yarmoliuk,Yarmoliuk,a,,,5.0,346,203,1.0,192,60,1.0,242,111,1,0,0,0,0,515,10377,0.2,0.4,1.0,1.0,1.0,284,125,,,269,121,159,96,170,82,228,101,,,,,,,,0.08,0.02,0.1,2.9,0.0,0.0,2.05,0.0,12.27,2,1,21.0,0.0,0.0,0.0,1.0,0.0,0.0,0.0,0.0,0.0,0.0,0.0,0.0,4.0,608.0,12805.0,0.0,0.0,0.01,0.010000000000000002,1.3199999999999998,3.0,12.5,4.0,2.0,0.0,0.0,0.0,0.0
103,Josh,Dasilva,Dasilva,a,,,5.0,255,157,0.0,550,227,0.0,522,213,0,0,0,0,0,101,300,0.0,0.0,0.0,0.0,0.0,522,213,,,508,204,510,210,462,173,516,207,,,,,,,,0.0,0.0,0.0,0.0,0.0,0.0,0.0,0.0,0.0,2,0,0.0,0.0,0.0,0.0,0.0,0.0,0.0,0.0,0.0,0.0,0.0,0.0,0.0,0.0,113.0,352.0,0.0,0.0,0.0,0.0,0.0,0.0,0.0,0.0,0.0,0.0,0.0,0.0,0.0
105,Jaidon,Anthony,Anthony,a,,,6.0,78,52,0.2,365,139,1.5,206,100,2,0,0,0,0,976,1966,0.2,0.5,1.5,1.5,1.5,219,105,,,213,86,19,17,109,58,78,44,,,,,,,,0.15,0.44,0.59,0.21,0.0,1.08,0.0,1.08,9.76,2,2,60.0,0.0,0.0,1.0,0.0,0.0,0.0,0.0,1.0,0.0,0.0,1.0,0.0,4.0,1305.0,2368.0,0.0,0.11000000000000001,0.06,0.17000000000000004,0.09,3.200000000000001,25.9,15.0,4.3999999999999995,0.0,0.0,1.0,1.0
106,Igor Thiago,Nascimento Rodrigues,Thiago,a,,,8.0,11,3,14.7,27,5,1.0,270,34,2,0,0,0,0,32041,180392,0.1,0.2,1.0,1.0,1.0,341,43,,,279,26,186,23,19,9,105,15,,,1.0,,,,,0.94,0.05,0.99,1.03,0.0,0.52,0.52,1.05,4.71,2,2,90.0,0.0,0.0,0.0,1.0,0.0,0.0,0.0,0.0,0.0,0.0,1.0,0.0,2.0,43788.0,206860.0,0.0,0.8,0.009999999999999995,0.8099999999999998,1.46,2.3999999999999995,6.199999999999999,55.0,6.4,1.0,0.0,3.0,4.0
107,Kaye,Furo,Furo,a,,,4.5,530,70,1.0,189,29,0.0,483,51,0,0,0,0,0,15200,7648,0.0,0.0,0.0,0.0,0.0,483,51,,,465,44,467,49,411,46,475,49,,,,,,,,0.0,0.0,0.0,0.0,0.0,0.0,0.0,0.0,0.0,2,0,0.0,0.0,0.0,0.0,0.0,0.0,0.0,0.0,0.0,0.0,0.0,0.0,0.0,0.0,16387.0,8855.0,0.0,0.0,0.0,0.0,0.0,0.0,0.0,0.0,0.0,0.0,0.0,0.0,0.0
108,Callum,Wilson,Wilson,a,,,5.5,119,29,0.4,278,48,1.0,248,27,1,0,0,0,0,3173,4246,0.2,0.4,1.0,1.0,1.0,303,33,,,308,33,185,22,131,24,234,25,,,,,,,,0.7,0.4,1.1,0.7,0.0,0.0,0.0,0.0,10.0,2,1,2.0,0.0,0.0,0.0,0.0,0.0,0.0,0.0,0.0,0.0,0.0,0.0,0.0,3.0,3825.0,4925.0,0.0,0.04000000000000001,0.0,0.039999999999999994,0.0,0.0,0.09999999999999964,7.0,0.7,0.0,0.0,1.0,1.0
565,Mamadou,Sangaré,M.Sangaré,a,,,5.6,117,76,12.2,34,12,9.0,10,5,4,0,0,1,-1,285066,64771,1.6,3.2,9.0,9.0,9.0,12,6,,,41,19,36,29,59,34,33,26,,,,,,,,0.14,0.2,0.34,1.05,0.0,0.55,0.55,1.09,14.73,2,4,90.0,0.0,0.0,0.0,1.0,0.0,0.0,0.0,0.0,0.0,0.0,1.0,0.0,16.0,363305.0,69612.0,0.0,0.21000000000000002,0.02999999999999997,0.24,1.46,24.4,25.3,11.0,6.1,4.0,5.0,5.0,14.0
620,El Hadji Malick,Diouf,Diouf,a,,,4.5,537,146,0.1,462,164,0.0,488,180,0,0,0,0,0,6705,1870,0.0,0.0,1.7,1.7,0.0,488,180,,,470,181,472,182,416,172,480,181,,,,,,,,0.0,0.0,0.0,0.0,0.0,0.0,0.0,0.0,0.0,2,0,0.0,0.0,0.0,0.0,0.0,0.0,0.0,0.0,0.0,0.0,0.0,0.0,0.0,0.0,7305.0,1907.0,0.0,0.0,0.0,0.0,0.0,0.0,0.0,0.0,0.0,0.0,0.0,0.0,0.0
109,Bart,Verbruggen,Verbruggen,a,,,4.5,490,43,21.6,13,2,3.0,99,8,0,0,0,0,0,126976,76993,0.7,1.3,3.0,3.0,3.0,105,8,,,197,21,432,46,374,45,269,21,,,,,,,,0.0,0.0,0.0,1.61,0.5,0.5,2.0,1.0,0.0,2,0,90.0,0.0,0.0,0.0,4.0,0.0,0.0,0.0,0.0,0.0,1.0,1.0,0.0,-1.0,139591.0,85615.0,0.0,0.0,0.0,0.0,2.93,10.200000000000001,0.0,0.0,1.0,0.0,0.0,14.0,0.0
111,Jason,Steele,Steele,a,,,4.0,555,51,4.1,87,13,0.0,360,25,0,0,0,0,0,27385,15466,0.0,0.0,0.0,0.0,0.0,360,25,,,342,25,332,4,254,3,351,25,,,,,,,,0.0,0.0,0.0,0.0,0.0,0.0,0.0,0.0,0.0,2,0,0.0,0.0,0.0,0.0,0.0,0.0,0.0,0.0,0.0,0.0,0.0,0.0,0.0,0.0,29116.0,17775.0,0.0,0.0,0.0,0.0,0.0,0.0,0.0,0.0,0.0,0.0,0.0,0.0,0.0
113,Ferdi,Kadıoğlu,F.Kadıoğlu,a,,,4.4,550,151,2.1,127,52,0.0,415,157,0,-1,1,-1,1,7473,17578,0.0,0.0,0.0,0.0,0.0,415,157,100.0,100.0,302,114,138,42,158,53,222,86,3.0,,,,,,,0.02,0.01,0.03,2.93,0.0,0.0,4.0,1.0,0.0,2,0,90.0,0.0,0.0,0.0,4.0,0.0,0.0,0.0,0.0,0.0,0.0,1.0,0.0,-4.0,7827.0,23136.0,0.0,0.02,0.01,0.03,2.93,2.8,16.7,8.0,2.8,0.0,0.0,2.0,0.0
114,Olivier,Boscagli,Boscagli,a,,,4.5,442,99,0.3,301,112,2.5,124,44,-1,0,0,0,0,3453,2326,0.6,1.1,2.5,2.5,2.5,130,46,,,130,58,68,16,99,28,91,29,,,,,,,,0.02,0.08,0.1,1.61,0.0,0.5,2.0,1.0,4.5,2,-1,90.0,0.0,0.0,0.0,4.0,0.0,0.0,0.0,1.0,0.0,0.0,1.0,0.0,-2.0,4275.0,2615.0,0.0,0.05,0.10999999999999999,0.16,2.93,16.8,26.599999999999998,11.0,5.4,0.0,3.0,2.0,3.0
115,Maxim,De Cuyper,De Cuyper,a,,,4.7,406,79,13.7,31,10,8.5,13,6,0,1,-1,2,-2,440472,58228,1.8,3.6,8.5,8.5,8.5,15,7,,,60,23,14,1,35,4,19,1,2.0,4.0,,,,,,0.81,0.14,0.95,1.74,0.0,0.54,2.16,1.08,3.23,2,0,90.0,0.0,0.0,0.0,4.0,0.0,0.0,0.0,0.0,0.0,0.0,1.0,0.0,-2.0,508179.0,62046.0,0.0,0.030000000000000027,0.05000000000000002,0.08000000000000007,2.93,8.799999999999997,23.700000000000003,5.0,3.799999999999999,0.0,2.0,3.0,2.0
116,Lewis,Dunk,Dunk,a,,,4.5,413,82,1.2,171,70,2.5,121,41,-1,0,0,0,0,11390,7928,0.6,1.1,2.5,2.5,2.5,127,43,,,139,62,193,61,324,137,202,78,,3.0,,,,,,0.0,0.02,0.02,1.61,0.0,0.5,2.0,1.0,2.5,2,-1,90.0,0.0,0.0,0.0,4.0,0.0,0.0,0.0,1.0,0.0,0.0,1.0,0.0,-4.0,13599.0,8918.0,0.0,0.0,0.010000000000000002,0.010000000000000002,2.93,14.799999999999999,2.0,0.0,1.7000000000000002,1.0,2.0,4.0,3.0
117,Diego,Coppola,Coppola,a,,,4.5,512,138,0.0,559,191,0.0,470,176,0,0,0,0,0,150,165,0.0,0.0,0.0,0.0,0.0,470,176,,,451,177,454,178,396,167,461,177,,,,,,,,0.0,0.0,0.0,0.0,0.0,0.0,0.0,0.0,0.0,2,0,0.0,0.0,0.0,0.0,0.0,0.0,0.0,0.0,0.0,0.0,0.0,0.0,0.0,0.0,184.0,199.0,0.0,0.0,0.0,0.0,0.0,0.0,0.0,0.0,0.0,0.0,0.0,0.0,0.0
118,Igor Julio,dos Santos de Paulo,Igor,a,,,4.5,450,105,0.1,451,158,0.0,436,163,0,0,0,0,0,360,641,0.0,0.0,0.0,0.0,0.0,436,163,,,417,164,413,164,348,147,427,164,,,,,,,,0.0,0.0,0.0,0.0,0.0,0.0,0.0,0.0,0.0,2,0,0.0,0.0,0.0,0.0,0.0,0.0,0.0,0.0,0.0,0.0,0.0,0.0,0.0,0.0,405.0,773.0,0.0,0.0,0.0,0.0,0.0,0.0,0.0,0.0,0.0,0.0,0.0,0.0,0.0
119,João Pedro,Loureiro da Costa,Costinha,a,,,4.5,475,124,0.0,518,179,0.5,288,103,0,0,0,0,0,213,280,0.1,0.2,0.5,0.5,0.5,346,116,,,244,98,239,79,95,26,224,87,,,,,,,,0.3,0.0,0.3,0.35,0.0,0.0,0.0,0.0,10.0,2,0,10.0,0.0,0.0,0.0,0.0,0.0,0.0,0.0,1.0,0.0,0.0,0.0,0.0,-1.0,244.0,325.0,0.0,0.0,0.0,0.0,0.04000000000000001,0.0,0.30000000000000027,0.0,0.0,0.0,0.0,0.0,0.0
120,Michael,Svoboda,Svoboda,a,,,5.0,308,55,0.1,488,171,0.0,545,195,0,0,0,0,0,517,599,0.0,0.0,0.0,0.0,0.0,545,195,,,532,197,536,197,494,191,540,197,,,,,,,,0.0,0.0,0.0,0.0,0.0,0.0,0.0,0.0,0.0,2,0,0.0,0.0,0.0,0.0,0.0,0.0,0.0,0.0,0.0,0.0,0.0,0.0,0.0,0.0,556.0,683.0,0.0,0.0,0.0,0.0,0.0,0.0,0.0,0.0,0.0,0.0,0.0,0.0,0.0
121,Mitoma,Kaoru,Mitoma,i,Hamstring injury - Unknown return date,,6.0,79,53,0.0,516,216,0.0,613,267,0,0,0,0,0,90,645,0.0,0.0,0.0,0.0,0.0,613,267,0.0,0.0,612,268,613,268,608,264,613,268,,,,,,,,0.0,0.0,0.0,0.0,0.0,0.0,0.0,0.0,0.0,2,0,0.0,0.0,0.0,0.0,0.0,0.0,0.0,0.0,0.0,0.0,0.0,0.0,0.0,0.0,100.0,774.0,0.0,0.0,0.0,0.0,0.0,0.0,0.0,0.0,0.0,0.0,0.0,0.0,0.0
122,Yankuba,Minteh,Minteh,i,Leg injury - Expected back 28 Nov,,5.9,110,71,0.0,493,203,0.0,609,263,0,-1,1,-1,1,64,1294,0.0,0.0,0.0,0.0,0.0,609,263,0.0,0.0,606,263,607,263,601,259,608,263,5.0,,,,,,,0.0,0.0,0.0,0.0,0.0,0.0,0.0,0.0,0.0,2,0,0.0,0.0,0.0,0.0,0.0,0.0,0.0,0.0,0.0,0.0,0.0,0.0,0.0,0.0,71.0,1637.0,0.0,0.0,0.0,0.0,0.0,0.0,0.0,0.0,0.0,0.0,0.0,0.0,0.0
123,Jack,Hinshelwood,Hinshelwood,d,Unspecified injury - 50% chance of playing,,6.0,87,58,1.6,151,43,8.0,19,10,0,0,0,0,0,5140,66757,1.3,2.7,4.0,2.0,16.0,1,1,50.0,25.0,12,8,158,95,24,14,26,20,,,,,,,,2.01,0.03,2.04,0.27,0.0,1.43,0.0,1.43,4.29,2,0,0.0,0.0,0.0,0.0,0.0,0.0,0.0,0.0,0.0,0.0,0.0,0.0,0.0,0.0,8101.0,85102.0,0.0,0.0,0.0,0.0,0.0,0.0,0.0,0.0,0.0,0.0,0.0,0.0,0.0
124,Pascal,Groß,Groß,a,,,5.5,118,77,14.1,30,11,7.5,21,11,13,0,0,0,0,189101,51696,1.4,2.7,7.5,7.5,7.5,22,11,,,19,12,5,5,62,37,8,7,1.0,1.0,1.0,,,,,0.02,0.19,0.21,1.61,0.0,0.5,2.0,1.0,5.5,2,13,90.0,1.0,1.0,0.0,4.0,0.0,0.0,0.0,0.0,0.0,0.0,1.0,3.0,46.0,193191.0,71007.0,0.0,0.05,0.10999999999999999,0.15999999999999998,2.93,47.8,33.199999999999996,23.0,10.4,1.0,2.0,3.0,6.0
125,Georginio,Rutter,Georginio,d,Unspecified injury - 75% chance of playing,,5.5,170,39,0.8,212,34,2.5,134,15,0,0,0,0,0,3267,15441,0.5,0.9,1.9,1.9,5.0,60,4,75.0,75.0,177,14,176,19,116,22,183,20,,,,,,,,0.08,0.44,0.52,0.29,0.0,1.0,0.0,1.0,7.0,2,0,0.0,0.0,0.0,0.0,0.0,0.0,0.0,0.0,0.0,0.0,0.0,0.0,0.0,0.0,4249.0,19326.0,0.0,0.0,0.0,0.0,0.0,0.0,0.0,0.0,0.0,0.0,0.0,0.0,0.0
126,Matt,O'Riley,O'Riley,a,,,5.5,147,91,0.1,426,169,0.0,597,256,0,0,0,0,0,611,1216,0.0,0.0,0.0,0.0,0.0,597,256,,,587,252,593,255,573,240,593,254,,,3.0,,,,,0.0,0.0,0.0,0.0,0.0,0.0,0.0,0.0,0.0,2,0,0.0,0.0,0.0,0.0,0.0,0.0,0.0,0.0,0.0,0.0,0.0,0.0,0.0,0.0,699.0,1389.0,0.0,0.0,0.0,0.0,0.0,0.0,0.0,0.0,0.0,0.0,0.0,0.0,0.0
127,Diego,Gómez Amarilla,Gomez,a,,,5.0,349,205,4.3,85,28,5.5,49,23,5,0,0,0,0,77596,26994,1.1,2.2,5.5,5.5,5.5,52,25,,,106,39,41,33,6,3,20,15,,5.0,,,,,,0.29,0.33,0.62,1.66,0.0,0.51,2.06,1.03,5.66,2,5,90.0,0.0,1.0,0.0,4.0,0.0,0.0,0.0,0.0,0.0,0.0,1.0,0.0,15.0,83356.0,30041.0,0.0,0.38000000000000006,0.17000000000000004,0.5499999999999999,2.93,4.600000000000001,20.299999999999997,42.0,6.700000000000001,2.0,1.0,2.0,5.0
128,Facundo,Buonanotte,Buonanotte,u,Has joined Elche on loan for the rest of the season,,5.0,360,214,0.0,618,270,0.0,565,235,0,0,0,0,0,0,68,0.0,0.0,0.0,0.0,0.0,565,235,0.0,0.0,552,228,559,234,522,204,560,231,,,,,,,,0.0,0.0,0.0,0.0,0.0,0.0,0.0,0.0,0.0,2,0,0.0,0.0,0.0,0.0,0.0,0.0,0.0,0.0,0.0,0.0,0.0,0.0,0.0,0.0,0.0,85.0,0.0,0.0,0.0,0.0,0.0,0.0,0.0,0.0,0.0,0.0,0.0,0.0,0.0
129,Yasin,Ayari,Ayari,d,Ankle injury - 75% chance of playing,,5.5,186,116,0.5,253,85,1.0,256,122,0,0,0,0,0,1325,11514,0.2,0.4,0.8,1.0,2.0,178,88,75.0,,592,256,147,88,191,94,274,122,4.0,2.0,,,,,,0.16,0.04,0.2,0.27,0.0,1.43,0.0,1.43,5.71,2,0,0.0,0.0,0.0,0.0,0.0,0.0,0.0,0.0,0.0,0.0,0.0,0.0,0.0,0.0,1878.0,12878.0,0.0,0.0,0.0,0.0,0.0,0.0,0.0,0.0,0.0,0.0,0.0,0.0,0.0
130,Mats,Wieffer,Wieffer,a,,,5.0,316,58,0.5,258,97,3.5,92,36,0,0,0,0,0,8578,4779,0.7,1.4,3.5,3.5,3.5,98,36,,,110,49,60,14,148,48,93,31,,,,,,,,0.07,0.08,0.15,1.83,0.0,0.58,2.31,1.15,8.65,2,0,79.0,0.0,0.0,0.0,4.0,0.0,0.0,0.0,0.0,0.0,0.0,1.0,0.0,6.0,10194.0,5285.0,0.0,0.03,0.08,0.10999999999999999,2.89,20.4,9.2,4.0,3.4000000000000004,0.0,7.0,4.0,7.0
132,Harry,Howell,Howell,u,Has joined Leicester City on loan for the rest of the season,,4.5,532,269,0.0,502,207,0.0,485,190,0,0,0,0,0,0,659,0.0,0.0,0.0,0.0,0.0,485,190,0.0,0.0,467,178,469,187,413,145,477,183,,,,,,,,0.0,0.0,0.0,0.0,0.0,0.0,0.0,0.0,0.0,2,0,0.0,0.0,0.0,0.0,0.0,0.0,0.0,0.0,0.0,0.0,0.0,0.0,0.0,0.0,0.0,783.0,0.0,0.0,0.0,0.0,0.0,0.0,0.0,0.0,0.0,0.0,0.0,0.0,0.0
133,Tom,Watson,Watson,u,Has joined Leicester City on loan for the rest of the season,,5.0,365,219,0.0,624,274,0.0,568,238,0,0,0,0,0,0,32,0.0,0.0,0.0,0.0,0.0,568,238,0.0,0.0,555,231,562,237,526,208,563,234,,,,,,,,0.0,0.0,0.0,0.0,0.0,0.0,0.0,0.0,0.0,2,0,0.0,0.0,0.0,0.0,0.0,0.0,0.0,0.0,0.0,0.0,0.0,0.0,0.0,0.0,0.0,40.0,0.0,0.0,0.0,0.0,0.0,0.0,0.0,0.0,0.0,0.0,0.0,0.0,0.0
134,Nehemiah,Oriola,Oriola,a,,,4.5,516,263,0.3,303,103,0.0,473,185,0,0,0,0,0,2046,2197,0.0,0.0,0.0,0.0,0.0,473,185,,,454,173,457,182,399,140,464,178,,,,,,,,0.0,0.0,0.0,0.0,0.0,0.0,0.0,0.0,0.0,2,0,0.0,0.0,0.0,0.0,0.0,0.0,0.0,0.0,0.0,0.0,0.0,0.0,0.0,0.0,2257.0,2619.0,0.0,0.0,0.0,0.0,0.0,0.0,0.0,0.0,0.0,0.0,0.0,0.0,0.0
135,Zadok,Yohanna,Yohanna,a,,,5.0,391,237,0.1,478,194,0.5,325,152,0,0,0,0,0,298,905,0.1,0.2,0.5,0.5,1.0,296,136,,,337,156,275,141,542,220,335,155,,,,,,,,0.0,0.22,0.22,0.0,0.0,0.0,0.0,0.0,0.0,2,0,0.0,0.0,0.0,0.0,0.0,0.0,0.0,0.0,0.0,0.0,0.0,0.0,0.0,0.0,336.0,1077.0,0.0,0.0,0.0,0.0,0.0,0.0,0.0,0.0,0.0,0.0,0.0,0.0,0.0
137,Stefanos,Tzimas,Tzimas,i,Knee injury - Unknown return date,,5.5,204,43,0.0,601,72,0.0,603,67,0,0,0,0,0,46,128,0.0,0.0,0.0,0.0,0.0,603,67,0.0,0.0,597,62,601,66,590,64,601,66,,,,,,,,0.0,0.0,0.0,0.0,0.0,0.0,0.0,0.0,0.0,2,0,0.0,0.0,0.0,0.0,0.0,0.0,0.0,0.0,0.0,0.0,0.0,0.0,0.0,0.0,53.0,157.0,0.0,0.0,0.0,0.0,0.0,0.0,0.0,0.0,0.0,0.0,0.0,0.0,0.0
138,Charalampos,Kostoulas,Kostoulas,a,,,5.5,206,44,0.3,288,50,3.0,114,14,5,0,0,0,0,12678,2812,0.5,1.1,3.0,3.0,3.0,119,18,,,276,25,145,14,71,16,184,21,,,,,,,,0.3,0.02,0.32,2.56,0.0,0.0,3.43,0.86,6.86,2,5,79.0,0.0,1.0,0.0,4.0,0.0,0.0,0.0,0.0,0.0,0.0,1.0,0.0,17.0,13080.0,3178.0,0.0,0.16999999999999998,0.02,0.19,2.89,5.0,15.1,17.0,3.6999999999999997,0.0,0.0,6.0,6.0
139,Evan,Ferguson,Ferguson,i,Ankle injury - Expected back 10 Oct,,5.0,326,55,0.0,532,69,0.0,551,58,0,0,0,0,0,353,460,0.0,0.0,0.0,0.0,0.0,551,58,0.0,0.0,538,51,544,56,504,53,546,56,,,,,,,,0.0,0.0,0.0,0.0,0.0,0.0,0.0,0.0,0.0,2,0,0.0,0.0,0.0,0.0,0.0,0.0,0.0,0.0,0.0,0.0,0.0,0.0,0.0,0.0,383.0,513.0,0.0,0.0,0.0,0.0,0.0,0.0,0.0,0.0,0.0,0.0,0.0,0.0,0.0
328,Pascal,Struijk,Struijk,a,,,5.0,281,48,0.2,329,124,0.0,530,191,0,0,0,0,0,930,2183,0.0,0.0,0.0,0.0,0.0,530,191,100.0,100.0,518,194,519,194,473,187,525,194,,,,,,,,0.0,0.0,0.0,0.0,0.0,0.0,0.0,0.0,0.0,2,0,0.0,0.0,0.0,0.0,0.0,0.0,0.0,0.0,0.0,0.0,0.0,0.0,0.0,0.0,1034.0,2613.0,0.0,0.0,0.0,0.0,0.0,0.0,0.0,0.0,0.0,0.0,0.0,0.0,0.0
504,Luka,Vušković,Vuskovic,a,,,5.0,379,71,2.4,116,47,3.0,106,40,0,0,0,0,0,13055,18287,0.6,1.2,3.0,3.0,3.0,112,41,,,116,53,164,49,104,30,135,49,,,,,,,,0.08,0.02,0.1,1.61,0.0,0.5,2.0,1.0,6.0,2,0,90.0,0.0,0.0,0.0,4.0,0.0,0.0,0.0,0.0,0.0,0.0,1.0,0.0,-2.0,15013.0,20327.0,0.0,0.03,0.020000000000000004,0.04999999999999999,2.93,22.800000000000004,8.3,5.0,3.6,1.0,7.0,3.0,8.0
594,Promise,David,David,a,,,6.0,88,19,0.3,312,53,0.5,349,42,1,0,0,0,0,2376,3201,0.1,0.2,0.5,0.5,1.0,330,40,,,615,69,222,31,611,69,321,38,,,2.0,,,,,0.0,0.0,0.0,0.36,0.0,0.0,0.0,0.0,0.0,2,1,10.0,0.0,0.0,0.0,0.0,0.0,0.0,0.0,0.0,0.0,0.0,0.0,0.0,3.0,2614.0,4025.0,0.0,0.0,0.0,0.0,0.04,0.0,3.7,0.0,0.4,0.0,0.0,0.0,0.0
600,Ibrahim,Osman,Osman,a,,,5.0,380,230,0.0,565,235,1.0,244,113,1,0,0,0,0,194,154,0.2,0.4,1.0,1.0,1.0,292,132,,,251,110,139,84,189,93,219,97,,,,,,,,0.0,0.19,0.19,0.32,0.0,0.0,3.21,0.0,9.64,2,1,16.0,0.0,0.0,0.0,1.0,0.0,0.0,0.0,0.0,0.0,0.0,0.0,0.0,6.0,211.0,173.0,0.0,0.0,0.009999999999999995,0.009999999999999995,0.1,3.0,1.299999999999999,2.0,0.6000000000000001,1.0,0.0,0.0,1.0
605,Malick,Yalcouyé,Yalcouyé,a,,,4.5,535,270,1.2,176,53,4.5,64,31,8,0,0,0,0,96710,13150,1.0,2.0,4.5,4.5,4.5,68,33,,,50,26,112,68,41,25,48,34,,,,,,,,0.82,0.2,1.02,3.31,0.0,0.0,3.51,1.17,8.18,2,8,73.0,1.0,0.0,0.0,3.0,0.0,0.0,0.0,0.0,0.0,0.0,1.0,1.0,39.0,97343.0,13299.0,0.0,0.7,0.16,0.86,2.83,50.8,20.1,42.0,11.299999999999999,3.0,2.0,2.0,7.0
614,Jaouen,Hadjam,Hadjam,a,,,4.5,501,134,0.0,521,180,0.0,459,172,0,0,0,0,0,1308,314,0.0,0.0,1.7,1.7,0.0,459,172,,,440,173,443,174,385,163,450,173,,,,,,,,0.0,0.0,0.0,0.0,0.0,0.0,0.0,0.0,0.0,2,0,0.0,0.0,0.0,0.0,0.0,0.0,0.0,0.0,0.0,0.0,0.0,0.0,0.0,0.0,1599.0,338.0,0.0,0.0,0.0,0.0,0.0,0.0,0.0,0.0,0.0,0.0,0.0,0.0,0.0
624,Amario,Cozier-Duberry,Cozier-Duberry,a,,,5.0,353,209,0.0,625,275,0.0,562,232,0,0,0,0,0,89,28,0.0,0.0,1.5,1.5,0.0,562,232,,,549,225,556,231,519,201,557,228,,,,,,,,0.0,0.0,0.0,0.0,0.0,0.0,0.0,0.0,0.0,2,0,0.0,0.0,0.0,0.0,0.0,0.0,0.0,0.0,0.0,0.0,0.0,0.0,0.0,0.0,89.0,28.0,0.0,0.0,0.0,0.0,0.0,0.0,0.0,0.0,0.0,0.0,0.0,0.0,0.0
28,Emiliano,Martínez Romero,Martinez,a,,,5.0,235,7,4.4,83,11,1.0,230,19,2,0,0,0,0,41498,30404,0.2,0.4,1.0,1.0,2.0,158,13,,,113,12,126,1,445,54,151,8,,,,,,,,0.0,0.01,0.01,1.41,4.0,0.0,3.0,1.0,0.0,2,2,90.0,0.0,0.0,0.0,3.0,0.0,0.0,0.0,0.0,0.0,4.0,1.0,0.0,18.0,60143.0,46704.0,0.0,0.0,0.01,0.01,1.41,36.2,20.0,0.0,5.6,0.0,1.0,13.0,0.0
40,Morgan,Rogers,Rogers,a,,,7.5,18,11,25.3,10,4,6.5,32,19,5,0,0,0,0,138701,161672,0.9,1.7,6.5,6.5,6.5,34,20,,,9,6,2,2,31,20,5,4,4.0,,,,,,,0.58,0.58,1.16,1.39,0.0,0.0,2.63,1.05,6.32,2,5,90.0,0.0,1.0,0.0,3.0,0.0,0.0,0.0,0.0,0.0,0.0,1.0,0.0,28.0,181622.0,175581.0,0.0,0.14000000000000012,1.01,1.15,1.41,26.799999999999997,46.5,23.0,9.6,1.0,1.0,3.0,5.0
101,Jordan,Henderson,Henderson,d,Wrist injury - 75% chance of playing,,5.0,229,143,0.0,527,219,0.0,509,205,0,0,0,0,0,138,499,0.0,0.0,0.0,0.0,0.0,509,205,75.0,75.0,492,194,494,202,441,161,501,198,,,,,,,,0.0,0.0,0.0,0.0,0.0,0.0,0.0,0.0,0.0,2,0,0.0,0.0,0.0,0.0,0.0,0.0,0.0,0.0,0.0,0.0,0.0,0.0,0.0,0.0,149.0,575.0,0.0,0.0,0.0,0.0,0.0,0.0,0.0,0.0,0.0,0.0,0.0,0.0,0.0
136,Danny,Welbeck,Welbeck,a,,,5.9,93,23,0.9,205,32,0.0,605,69,0,-1,1,-1,1,4993,15253,0.0,0.0,0.0,0.0,0.0,605,69,100.0,100.0,599,64,603,68,593,66,603,68,,,,,,,,0.0,0.0,0.0,0.0,0.0,0.0,0.0,0.0,0.0,2,0,0.0,0.0,0.0,0.0,0.0,0.0,0.0,0.0,0.0,0.0,0.0,0.0,0.0,0.0,6356.0,17642.0,0.0,0.0,0.0,0.0,0.0,0.0,0.0,0.0,0.0,0.0,0.0,0.0,0.0
140,Robert,Lynch Sánchez,Sánchez,a,,,4.9,394,21,1.7,142,21,1.0,229,18,0,-1,1,-1,1,1714,43821,0.2,0.4,1.0,1.0,2.0,156,12,,,172,18,484,52,429,51,252,18,,,,,,,,0.0,0.01,0.01,1.33,4.0,0.0,2.0,1.0,0.0,2,0,0.0,0.0,0.0,0.0,0.0,0.0,0.0,0.0,0.0,0.0,0.0,0.0,0.0,0.0,2705.0,53058.0,0.0,0.0,0.0,0.0,0.0,0.0,0.0,0.0,0.0,0.0,0.0,0.0,0.0
141,Filip,Jörgensen,Jörgensen,u,Has joined RC Strasbourg on loan for the rest of the season,,5.0,347,20,0.0,591,70,0.0,561,71,0,0,0,0,0,0,188,0.0,0.0,0.0,0.0,0.0,561,71,0.0,0.0,548,71,555,67,517,67,556,71,,,,,,,,0.0,0.0,0.0,0.0,0.0,0.0,0.0,0.0,0.0,2,0,0.0,0.0,0.0,0.0,0.0,0.0,0.0,0.0,0.0,0.0,0.0,0.0,0.0,0.0,0.0,211.0,0.0,0.0,0.0,0.0,0.0,0.0,0.0,0.0,0.0,0.0,0.0,0.0,0.0
142,Reece,James,James,a,,,5.5,148,18,8.8,46,16,0.5,333,118,1,0,0,0,0,19256,119485,0.1,0.2,0.5,0.5,0.5,353,120,,,161,73,135,40,85,21,141,53,1.0,1.0,,,,,,0.08,0.06,0.14,1.18,0.0,0.0,2.41,0.8,4.82,2,1,22.0,0.0,0.0,0.0,1.0,0.0,0.0,0.0,0.0,0.0,0.0,0.0,0.0,-1.0,27980.0,132427.0,0.0,0.0,0.0,0.0,0.1399999999999999,0.40000000000000213,0.3999999999999986,2.0,0.2999999999999998,0.0,0.0,1.0,0.0
143,Trevoh,Chalobah,Chalobah,u,Has joined Como permanently,,5.5,131,14,0.1,422,149,0.0,592,204,0,0,0,0,0,0,2488,0.0,0.0,0.0,0.0,0.0,592,204,0.0,0.0,582,204,587,204,565,201,588,204,,,,,,,,0.0,0.0,0.0,0.0,0.0,0.0,0.0,0.0,0.0,2,0,0.0,0.0,0.0,0.0,0.0,0.0,0.0,0.0,0.0,0.0,0.0,0.0,0.0,0.0,0.0,3105.0,0.0,0.0,0.0,0.0,0.0,0.0,0.0,0.0,0.0,0.0,0.0,0.0,0.0
144,Malo,Gusto,Gusto,a,,,5.0,322,60,1.2,173,71,1.0,239,85,1,0,0,0,0,7028,12433,0.2,0.4,1.0,1.0,1.0,278,107,,,207,88,183,59,187,65,213,83,,,,,,,,0.0,0.02,0.02,1.37,0.0,0.0,2.73,1.09,4.36,2,1,90.0,0.0,0.0,0.0,3.0,0.0,0.0,0.0,0.0,0.0,0.0,1.0,0.0,-1.0,9114.0,14007.0,0.0,0.0,0.010000000000000002,0.010000000000000002,1.41,7.8,0.6999999999999993,0.0,0.9000000000000004,1.0,4.0,3.0,5.0
145,Wesley,Fofana,Fofana,a,,,5.0,303,54,0.1,479,169,0.0,541,194,0,0,0,0,0,1855,771,0.0,0.0,0.0,0.0,0.0,541,194,100.0,100.0,179,78,285,104,489,190,258,95,,,,,,,,0.0,0.01,0.01,1.69,0.0,0.0,2.69,1.34,12.09,2,0,67.0,0.0,0.0,0.0,2.0,0.0,0.0,0.0,1.0,0.0,0.0,1.0,0.0,-2.0,1992.0,804.0,0.0,0.0,0.01,0.01,1.26,19.4,0.9,0.0,2.0,0.0,9.0,0.0,9.0
146,Benoît,Badiashile Mukinayi,B.Badiashile,u,Has joined Napoli on loan for the rest of the season,,4.5,462,114,0.0,570,196,0.0,440,165,0,0,0,0,0,0,510,0.0,0.0,0.0,0.0,0.0,440,165,0.0,0.0,421,166,418,166,355,151,431,166,,,,,,,,0.0,0.0,0.0,0.0,0.0,0.0,0.0,0.0,0.0,2,0,0.0,0.0,0.0,0.0,0.0,0.0,0.0,0.0,0.0,0.0,0.0,0.0,0.0,0.0,0.0,623.0,0.0,0.0,0.0,0.0,0.0,0.0,0.0,0.0,0.0,0.0,0.0,0.0,0.0
147,Tosin,Adarabioyo,Tosin,a,,,4.5,421,86,0.2,356,132,0.0,422,159,0,0,0,0,0,222,1492,0.0,0.0,0.0,0.0,0.0,422,159,,,403,160,397,158,330,139,413,160,,,,,,,,0.0,0.0,0.0,0.0,0.0,0.0,0.0,0.0,0.0,2,0,0.0,0.0,0.0,0.0,0.0,0.0,0.0,0.0,0.0,0.0,0.0,0.0,0.0,0.0,247.0,1849.0,0.0,0.0,0.0,0.0,0.0,0.0,0.0,0.0,0.0,0.0,0.0,0.0,0.0
148,Jorrel,Hato,Hato,a,,,4.5,513,139,0.6,246,91,2.5,126,45,4,0,0,0,0,14154,5618,0.6,1.1,2.5,2.5,2.5,132,47,,,98,45,72,20,137,45,92,30,,,,,,,,0.01,0.05,0.06,1.44,0.0,0.0,2.92,1.17,5.26,2,4,90.0,0.0,1.0,0.0,3.0,0.0,0.0,0.0,0.0,0.0,0.0,1.0,0.0,12.0,14849.0,6265.0,0.0,0.0,0.06,0.060000000000000005,1.41,30.0,20.7,0.0,5.1000000000000005,2.0,4.0,3.0,6.0
149,Levi,Samuels Colwill,Colwill,a,,,5.0,309,56,1.4,160,65,0.5,308,114,1,0,0,0,0,5606,18359,0.1,0.2,0.5,0.5,0.5,348,117,,,180,79,248,84,168,59,220,85,,,,,,,,0.01,0.02,0.03,1.48,0.0,0.0,2.24,1.12,7.27,2,1,71.0,0.0,0.0,0.0,2.0,0.0,0.0,0.0,0.0,0.0,0.0,1.0,0.0,2.0,6810.0,21264.0,0.0,0.0,0.0,0.0,1.31,13.2,0.3999999999999999,0.0,1.4,1.0,8.0,2.0,9.0
150,Mamadou,Sarr,M.Sarr,u,Has joined Real Sociedad on loan for the rest of the season,,4.5,522,141,0.1,489,172,0.0,478,178,0,0,0,0,0,24,2372,0.0,0.0,0.0,0.0,0.0,478,178,0.0,,460,179,462,180,405,169,470,179,,,,,,,,0.0,0.0,0.0,0.0,0.0,0.0,0.0,0.0,0.0,2,0,0.0,0.0,0.0,0.0,0.0,0.0,0.0,0.0,0.0,0.0,0.0,0.0,0.0,0.0,45.0,2478.0,0.0,0.0,0.0,0.0,0.0,0.0,0.0,0.0,0.0,0.0,0.0,0.0,0.0
151,Josh,Acheampong,Acheampong,a,,,4.5,525,143,0.4,277,105,2.0,148,53,1,0,0,0,0,3487,4127,0.4,0.9,2.0,2.0,2.0,154,55,,,96,44,237,77,223,84,187,70,,,,,,,,0.0,0.01,0.01,1.18,0.0,0.0,2.41,0.8,14.46,2,1,22.0,0.0,0.0,0.0,1.0,0.0,0.0,0.0,0.0,0.0,0.0,0.0,0.0,-1.0,5540.0,4684.0,0.0,0.0,0.0,0.0,0.1399999999999999,6.199999999999996,0.09999999999999964,0.0,0.5999999999999996,1.0,2.0,0.0,3.0
152,Marco,Palestra,Palestra,d,Unspecified injury - 75% chance of playing,,5.4,228,34,1.6,149,62,0.0,590,203,0,-1,1,-1,1,474,45598,0.0,0.0,0.0,0.0,0.0,590,203,75.0,75.0,579,203,583,203,558,200,586,203,,,,,,,,0.0,0.0,0.0,0.0,0.0,0.0,0.0,0.0,0.0,2,0,0.0,0.0,0.0,0.0,0.0,0.0,0.0,0.0,0.0,0.0,0.0,0.0,0.0,0.0,576.0,65989.0,0.0,0.0,0.0,0.0,0.0,0.0,0.0,0.0,0.0,0.0,0.0,0.0,0.0
154,Cole,Palmer,Palmer,a,,,9.6,3,2,18.2,19,8,10.0,8,4,7,1,-1,1,-1,236852,92785,1.0,2.1,10.0,10.0,10.0,9,5,100.0,100.0,3,3,15,14,9,5,3,3,,3.0,1.0,,,,,0.49,0.17,0.66,1.39,0.0,0.0,2.62,1.05,8.9,2,7,90.0,1.0,0.0,0.0,3.0,0.0,0.0,0.0,0.0,0.0,0.0,1.0,0.0,28.0,315435.0,97116.0,0.0,0.6599999999999999,0.13,0.79,1.41,40.8,25.299999999999997,26.0,9.2,2.0,2.0,4.0,8.0
155,Enzo,Fernández,Enzo,a,,,6.9,31,20,3.5,95,30,0.5,357,170,0,-1,1,-1,1,6744,88790,0.1,0.1,0.5,0.5,1.0,339,165,,,298,135,171,101,623,275,279,125,3.0,2.0,2.0,,,,,0.0,0.07,0.07,1.01,0.0,0.0,0.0,0.0,10.8,2,0,0.0,0.0,0.0,0.0,0.0,0.0,0.0,0.0,0.0,0.0,0.0,0.0,0.0,0.0,7482.0,108152.0,0.0,0.0,0.0,0.0,0.0,0.0,0.0,0.0,0.0,0.0,0.0,0.0,0.0
156,Pedro,Lomba Neto,Neto,a,,,6.5,38,26,1.3,170,51,4.0,86,38,7,0,0,0,0,14591,11280,0.6,1.2,4.0,4.0,4.0,92,40,,,53,27,83,51,43,26,42,31,2.0,4.0,,,,,,0.49,0.44,0.93,1.64,0.0,0.0,2.22,1.11,8.89,2,7,67.0,1.0,0.0,0.0,2.0,0.0,0.0,0.0,0.0,0.0,0.0,1.0,0.0,32.0,15055.0,15930.0,0.0,0.41000000000000003,0.33,0.74,1.26,45.199999999999996,25.6,38.0,10.899999999999999,0.0,3.0,1.0,4.0
157,Estêvão,Almeida de Oliveira Gonçalves,Estêvão,a,,,6.4,56,40,0.9,201,62,0.5,353,166,0,-1,1,-1,1,2452,22600,0.1,0.2,0.5,0.5,1.0,335,161,,,339,158,312,157,617,270,348,163,5.0,,3.0,,,,,0.0,0.0,0.0,1.16,0.0,0.0,0.0,0.0,12.86,2,0,0.0,0.0,0.0,0.0,0.0,0.0,0.0,0.0,0.0,0.0,0.0,0.0,0.0,0.0,3115.0,26089.0,0.0,0.0,0.0,0.0,0.0,0.0,0.0,0.0,0.0,0.0,0.0,0.0,0.0
158,Jamie,Bynoe-Gittens,Gittens,a,,,5.9,103,65,0.0,535,222,0.0,607,261,0,-1,1,-1,1,176,641,0.0,0.0,0.0,0.0,0.0,607,261,,,604,261,605,261,598,256,606,261,,,,,,,,0.0,0.0,0.0,0.0,0.0,0.0,0.0,0.0,0.0,2,0,0.0,0.0,0.0,0.0,0.0,0.0,0.0,0.0,0.0,0.0,0.0,0.0,0.0,0.0,204.0,758.0,0.0,0.0,0.0,0.0,0.0,0.0,0.0,0.0,0.0,0.0,0.0,0.0,0.0
159,Moisés,Caicedo Corozo,Caicedo,d,Unspecified injury - 75% chance of playing,,5.4,221,136,2.2,121,37,0.5,327,153,1,-1,1,-1,1,2516,57894,0.1,0.2,0.4,0.4,1.0,300,138,75.0,75.0,573,242,329,167,552,226,580,244,,,,,,,,0.0,0.0,0.0,0.48,0.0,0.0,0.0,0.0,0.0,2,1,13.0,0.0,0.0,0.0,0.0,0.0,0.0,0.0,0.0,0.0,0.0,0.0,0.0,3.0,2683.0,75279.0,0.0,0.0,0.0,0.0,0.07,0.0,0.1,0.0,0.0,0.0,0.0,0.0,0.0
161,Roméo,Lavia,Lavia,a,,,5.0,350,206,0.1,376,144,4.0,83,36,7,0,0,0,0,7819,1829,0.8,1.6,4.0,4.0,4.0,86,38,,,48,24,114,70,15,9,28,22,,,,,,,,0.52,0.02,0.54,1.59,0.0,0.0,2.75,1.37,10.99,2,7,67.0,1.0,0.0,0.0,2.0,0.0,0.0,0.0,0.0,0.0,0.0,1.0,0.0,32.0,8027.0,1945.0,0.0,0.54,0.0,0.54,1.26,39.0,0.8000000000000007,33.0,7.299999999999999,1.0,3.0,3.0,7.0
164,Geovany,Quenda,Quenda,a,,,5.4,226,141,0.0,513,213,0.5,329,155,0,-1,1,-1,1,195,763,0.1,0.2,0.5,0.5,1.0,302,140,100.0,100.0,325,147,317,161,237,113,319,146,,,,,,,,0.0,0.0,0.0,1.01,0.0,0.0,0.0,0.0,11.25,2,0,0.0,0.0,0.0,0.0,0.0,0.0,0.0,0.0,0.0,0.0,0.0,0.0,0.0,0.0,218.0,888.0,0.0,0.0,0.0,0.0,0.0,0.0,0.0,0.0,0.0,0.0,0.0,0.0,0.0
165,João Pedro,Junqueira de Jesus,João Pedro,a,,,7.6,15,5,69.8,2,2,10.0,6,1,9,0,0,1,-1,266866,73026,1.3,2.6,10.0,10.0,10.0,7,1,,,4,1,40,1,7,4,4,1,,,,,,,,0.93,0.05,0.98,1.37,0.0,0.0,2.5,1.0,3.0,2,9,90.0,1.0,1.0,0.0,3.0,1.0,0.0,0.0,0.0,0.0,0.0,1.0,2.0,44.0,340823.0,76860.0,0.0,1.23,0.04000000000000001,1.27,1.4100000000000001,52.8,22.5,46.0,12.1,1.0,0.0,2.0,3.0
168,Marc,Guiu Paz,Marc Guiu,u,Has joined RB Leipzig permanently,,5.0,340,56,0.4,271,46,0.0,559,59,0,0,0,0,0,1924,5541,0.0,0.0,0.0,0.0,0.0,559,59,0.0,,546,52,553,57,515,54,554,57,,,,,,,,0.0,0.0,0.0,0.0,0.0,0.0,0.0,0.0,0.0,2,0,0.0,0.0,0.0,0.0,0.0,0.0,0.0,0.0,0.0,0.0,0.0,0.0,0.0,0.0,2130.0,6448.0,0.0,0.0,0.0,0.0,0.0,0.0,0.0,0.0,0.0,0.0,0.0,0.0,0.0
169,Shumaira,Mheuka,Mheuka,a,,,4.5,519,69,0.4,275,47,0.0,475,50,0,0,0,0,0,4597,3428,0.0,0.0,0.0,0.0,0.0,475,50,,,457,43,459,48,402,45,467,48,,,,,,,,0.0,0.0,0.0,0.0,0.0,0.0,0.0,0.0,0.0,2,0,0.0,0.0,0.0,0.0,0.0,0.0,0.0,0.0,0.0,0.0,0.0,0.0,0.0,0.0,4932.0,3935.0,0.0,0.0,0.0,0.0,0.0,0.0,0.0,0.0,0.0,0.0,0.0,0.0,0.0
170,Emmanuel,Emegha,Emegha,a,,,5.0,345,57,0.1,377,54,0.0,560,60,0,0,0,0,0,1356,2076,0.0,0.0,0.0,0.0,0.0,560,60,100.0,100.0,547,53,554,58,516,55,555,58,,,,,,,,0.0,0.0,0.0,0.0,0.0,0.0,0.0,0.0,0.0,2,0,0.0,0.0,0.0,0.0,0.0,0.0,0.0,0.0,0.0,0.0,0.0,0.0,0.0,0.0,1479.0,2383.0,0.0,0.0,0.0,0.0,0.0,0.0,0.0,0.0,0.0,0.0,0.0,0.0,0.0
200,Maxence,Lacroix,Lacroix,a,,,6.0,73,8,8.8,47,17,3.5,96,37,1,0,0,0,0,24718,84178,0.6,1.2,3.5,3.5,3.5,101,37,,,38,13,177,56,161,55,110,38,,,,,,,,0.01,0.1,0.11,1.37,0.0,0.0,2.5,1.0,10.5,2,1,90.0,0.0,0.0,0.0,3.0,0.0,0.0,0.0,0.0,0.0,0.0,1.0,0.0,-3.0,34233.0,91292.0,0.0,0.02,0.0,0.01999999999999999,1.4100000000000001,13.0,0.10000000000000142,6.0,1.8999999999999995,1.0,8.0,1.0,9.0
560,Mike,Penders,Penders,a,,,4.5,511,47,0.1,474,53,0.0,469,63,0,0,0,0,0,222,756,0.0,0.0,0.0,0.0,0.0,469,63,,,450,63,453,50,395,49,460,63,,,,,,,,0.0,0.0,0.0,0.0,0.0,0.0,0.0,0.0,0.0,2,0,0.0,0.0,0.0,0.0,0.0,0.0,0.0,0.0,0.0,0.0,0.0,0.0,0.0,0.0,283.0,861.0,0.0,0.0,0.0,0.0,0.0,0.0,0.0,0.0,0.0,0.0,0.0,0.0,0.0
561,Aaron,Anselmino,Anselmino,a,,,4.5,541,148,0.0,563,193,0.0,490,181,0,0,0,0,0,141,164,0.0,0.0,0.0,0.0,0.0,490,181,100.0,100.0,473,182,474,183,419,174,482,182,,,,,,,,0.0,0.0,0.0,0.0,0.0,0.0,0.0,0.0,0.0,2,0,0.0,0.0,0.0,0.0,0.0,0.0,0.0,0.0,0.0,0.0,0.0,0.0,0.0,0.0,155.0,184.0,0.0,0.0,0.0,0.0,0.0,0.0,0.0,0.0,0.0,0.0,0.0,0.0,0.0
568,Valentín,Barco,Barco,a,,,5.5,189,119,0.1,390,153,0.5,340,158,1,0,0,0,0,706,1147,0.1,0.2,0.5,0.5,1.0,317,148,,,593,257,598,259,204,98,336,156,,,,,,,,0.45,0.0,0.45,0.79,0.0,0.0,11.25,0.0,11.25,2,1,8.0,0.0,0.0,0.0,1.0,0.0,0.0,0.0,0.0,0.0,0.0,0.0,0.0,1.0,896.0,1426.0,0.0,0.04,0.0,0.04,0.07,0.0,0.0,4.0,0.2,0.0,1.0,0.0,1.0
578,Mykhailo,Mudryk,Mudryk,a,,,5.4,218,134,0.0,509,212,0.0,585,247,0,-1,1,-1,1,568,827,0.0,0.0,0.0,0.0,0.0,585,247,,,572,241,578,246,550,224,579,243,,,,,,,,0.0,0.0,0.0,0.0,0.0,0.0,0.0,0.0,0.0,2,0,0.0,0.0,0.0,0.0,0.0,0.0,0.0,0.0,0.0,0.0,0.0,0.0,0.0,0.0,588.0,949.0,0.0,0.0,0.0,0.0,0.0,0.0,0.0,0.0,0.0,0.0,0.0,0.0,0.0
583,Pep,Chavarría,Chavarria,a,,,5.0,339,67,0.2,349,130,1.0,241,86,1,0,0,0,0,446,2313,0.2,0.4,1.0,1.0,1.0,282,108,,,239,97,307,115,232,87,287,104,,,,,,,,0.0,0.04,0.04,0.77,0.0,0.0,2.09,0.0,8.37,2,1,18.0,0.0,0.0,0.0,1.0,0.0,0.0,0.0,0.0,0.0,0.0,0.0,0.0,1.0,624.0,2840.0,0.0,0.0,0.02,0.02,0.08999999999999997,6.4,0.3,0.0,0.7,1.0,2.0,1.0,3.0
91,Ethan,Pinnock,Pinnock,a,,,4.5,456,110,0.1,464,165,0.5,284,99,1,0,0,0,0,344,720,0.1,0.2,0.5,0.5,1.0,244,88,,,291,108,295,108,350,148,310,111,,,,,,,,0.0,0.0,0.0,4.05,0.0,0.0,7.5,0.0,15.0,2,1,12.0,0.0,0.0,0.0,1.0,0.0,0.0,0.0,0.0,0.0,0.0,0.0,0.0,-1.0,523.0,872.0,0.0,0.0,0.0,0.0,0.54,3.8,0.7,0.0,0.5,0.0,2.0,0.0,2.0
104,Frank,Onyeka,Onyeka,a,,,5.0,297,181,0.1,383,149,1.0,235,108,0,0,0,0,0,246,2014,0.2,0.4,1.0,1.0,2.0,164,77,,,296,134,264,138,484,186,311,142,,,,,,,,0.0,0.01,0.01,1.88,0.0,0.0,3.0,1.0,9.0,2,0,0.0,0.0,0.0,0.0,0.0,0.0,0.0,0.0,0.0,0.0,0.0,0.0,0.0,0.0,986.0,2322.0,0.0,0.0,0.0,0.0,0.0,0.0,0.0,0.0,0.0,0.0,0.0,0.0,0.0
110,Carl,Rushworth,Rushworth,a,,,4.5,483,40,1.1,185,28,1.5,181,12,2,0,0,0,0,1534,9079,0.3,0.7,1.5,1.5,1.5,195,15,,,153,17,428,43,370,42,231,17,,,,,,,,0.0,0.0,0.0,1.3,1.5,0.0,2.0,1.0,0.0,2,2,90.0,0.0,0.0,0.0,1.0,0.0,0.0,0.0,0.0,0.0,1.0,1.0,0.0,10.0,6527.0,10001.0,0.0,0.0,0.0,0.0,0.7200000000000002,10.600000000000001,0.0,0.0,1.1,0.0,1.0,13.0,0.0
171,Oliver,Dovin,Dovin,a,,,4.0,599,68,1.5,154,22,0.0,389,42,0,0,0,0,0,4599,5522,0.0,0.0,0.0,0.0,0.0,389,42,,,371,42,363,21,288,20,381,42,,,,,,,,0.0,0.0,0.0,0.0,0.0,0.0,0.0,0.0,0.0,2,0,0.0,0.0,0.0,0.0,0.0,0.0,0.0,0.0,0.0,0.0,0.0,0.0,0.0,0.0,5179.0,6676.0,0.0,0.0,0.0,0.0,0.0,0.0,0.0,0.0,0.0,0.0,0.0,0.0,0.0
172,Ben,Wilson,Wilson,a,,,4.5,422,28,0.4,268,36,0.0,423,50,0,0,0,0,0,127,2416,0.0,0.0,0.0,0.0,0.0,423,50,,,404,50,398,31,331,30,414,50,,,,,,,,0.0,0.0,0.0,0.0,0.0,0.0,0.0,0.0,0.0,2,0,0.0,0.0,0.0,0.0,0.0,0.0,0.0,0.0,0.0,0.0,0.0,0.0,0.0,0.0,165.0,3018.0,0.0,0.0,0.0,0.0,0.0,0.0,0.0,0.0,0.0,0.0,0.0,0.0,0.0
173,Bobby,Thomas,Thomas,a,,,4.0,595,178,8.3,50,19,5.5,46,18,8,0,0,0,0,63877,32984,1.4,2.8,5.5,5.5,5.5,49,19,,,89,40,172,53,248,91,159,59,,,,,,,,0.01,0.01,0.02,1.11,0.0,0.54,1.62,1.08,10.24,2,8,77.0,0.0,0.0,1.0,0.0,0.0,0.0,0.0,0.0,0.0,0.0,1.0,2.0,28.0,72348.0,36902.0,0.0,0.0,0.01,0.010000000000000002,0.18000000000000016,17.000000000000004,0.7000000000000011,0.0,1.7999999999999998,0.0,9.0,6.0,9.0
174,Liam,Kitching,Kitching,a,,,4.0,588,173,0.6,245,90,0.0,382,131,0,0,0,0,0,382,3436,0.0,0.0,0.0,0.0,0.0,382,131,,,364,133,356,131,280,104,374,133,,,,,,,,0.0,0.0,0.0,0.0,0.0,0.0,0.0,0.0,0.0,2,0,0.0,0.0,0.0,0.0,0.0,0.0,0.0,0.0,0.0,0.0,0.0,0.0,0.0,0.0,463.0,4271.0,0.0,0.0,0.0,0.0,0.0,0.0,0.0,0.0,0.0,0.0,0.0,0.0,0.0
175,Milan,van Ewijk,van Ewijk,a,,,4.0,593,176,12.2,33,12,1.5,177,59,2,0,0,0,0,24690,68883,0.4,0.8,1.5,1.5,1.5,192,61,,,148,66,58,13,157,52,123,44,,,,,,,,0.0,0.1,0.1,1.3,0.0,0.0,2.0,1.0,4.5,2,2,90.0,0.0,0.0,0.0,1.0,0.0,0.0,0.0,0.0,0.0,0.0,1.0,0.0,15.0,31425.0,75376.0,0.0,0.0,0.19,0.19,0.7200000000000002,15.4,33.9,6.0,5.5,1.0,1.0,3.0,2.0
176,Jay,Dasilva,Dasilva,a,,,4.0,573,161,0.8,216,80,1.5,176,58,2,0,0,0,0,1389,3376,0.4,0.8,1.5,1.5,1.5,191,60,,,136,61,178,57,98,27,148,56,,,,,,,,0.09,0.04,0.13,1.3,0.0,0.0,2.0,1.0,4.5,2,2,90.0,0.0,0.0,0.0,1.0,0.0,0.0,0.0,0.0,0.0,0.0,1.0,0.0,15.0,2188.0,4125.0,0.0,0.18,0.05,0.23,0.7200000000000002,15.2,7.3,17.0,4.0,2.0,1.0,3.0,3.0
177,Kaine,Kesler-Hayden,Kesler-Hayden,i,Hamstring injury - Unknown return date,,4.0,597,179,0.0,494,173,0.0,387,133,0,0,0,0,0,65,789,0.0,0.0,0.0,0.0,0.0,387,133,0.0,0.0,369,135,361,133,286,107,379,135,,,,,,,,0.0,0.0,0.0,0.0,0.0,0.0,0.0,0.0,0.0,2,0,0.0,0.0,0.0,0.0,0.0,0.0,0.0,0.0,0.0,0.0,0.0,0.0,0.0,0.0,83.0,1018.0,0.0,0.0,0.0,0.0,0.0,0.0,0.0,0.0,0.0,0.0,0.0,0.0,0.0
178,Jake,Bidwell,Bidwell,a,,,4.0,559,154,0.1,448,157,0.0,364,123,0,0,0,0,0,276,592,0.0,0.0,0.0,0.0,0.0,364,123,,,346,125,336,121,258,92,355,124,,,,,,,,0.0,0.0,0.0,0.0,0.0,0.0,0.0,0.0,0.0,2,0,0.0,0.0,0.0,0.0,0.0,0.0,0.0,0.0,0.0,0.0,0.0,0.0,0.0,0.0,329.0,705.0,0.0,0.0,0.0,0.0,0.0,0.0,0.0,0.0,0.0,0.0,0.0,0.0,0.0
179,Joel,Latibeaudiere,Latibeaudiere,a,,,4.0,577,165,0.0,511,177,0.0,375,127,0,0,0,0,0,152,253,0.0,0.0,0.0,0.0,0.0,375,127,,,357,129,349,127,273,100,367,129,,,,,,,,0.0,0.0,0.0,0.0,0.0,0.0,0.0,0.0,0.0,2,0,0.0,0.0,0.0,0.0,0.0,0.0,0.0,0.0,0.0,0.0,0.0,0.0,0.0,0.0,199.0,327.0,0.0,0.0,0.0,0.0,0.0,0.0,0.0,0.0,0.0,0.0,0.0,0.0,0.0
180,Luke,Woolfenden,Woolfenden,i,Knee injury - Unknown return date,,4.0,582,169,0.2,372,137,0.0,378,129,0,0,0,0,0,373,2125,0.0,0.0,0.0,0.0,0.0,378,129,0.0,0.0,360,131,352,129,276,102,370,131,,,,,,,,0.0,0.0,0.0,0.0,0.0,0.0,0.0,0.0,0.0,2,0,0.0,0.0,0.0,0.0,0.0,0.0,0.0,0.0,0.0,0.0,0.0,0.0,0.0,0.0,437.0,2690.0,0.0,0.0,0.0,0.0,0.0,0.0,0.0,0.0,0.0,0.0,0.0,0.0,0.0
181,Miguel,Brau,Brau,u,Has joined Academico de Viseu on loan for the rest of the season,,4.0,618,197,0.0,528,184,0.0,405,148,0,0,0,0,0,19,646,0.0,0.0,0.0,0.0,0.0,405,148,0.0,,387,150,379,148,306,124,397,150,,,,,,,,0.0,0.0,0.0,0.0,0.0,0.0,0.0,0.0,0.0,2,0,0.0,0.0,0.0,0.0,0.0,0.0,0.0,0.0,0.0,0.0,0.0,0.0,0.0,0.0,60.0,695.0,0.0,0.0,0.0,0.0,0.0,0.0,0.0,0.0,0.0,0.0,0.0,0.0,0.0
182,Aurèle,Amenda,Amenda,a,,,4.0,608,187,0.8,215,79,1.0,211,69,1,0,0,0,0,1429,4304,0.2,0.5,1.0,1.0,1.0,228,73,,,90,41,229,72,192,66,173,64,,,,,,,,0.01,0.02,0.03,1.3,0.0,0.0,2.0,1.0,6.5,2,1,90.0,0.0,0.0,0.0,1.0,0.0,0.0,0.0,1.0,0.0,0.0,1.0,0.0,4.0,2161.0,5081.0,0.0,0.02,0.04,0.060000000000000005,0.7200000000000002,11.400000000000002,2.0999999999999996,5.0,1.9000000000000004,0.0,4.0,1.0,4.0
183,Jack,Rudoni,Rudoni,a,,,5.0,321,190,0.1,395,156,2.0,154,75,3,0,0,0,0,456,1283,0.4,0.8,2.0,2.0,2.0,166,78,100.0,100.0,223,92,76,49,83,46,133,68,4.0,1.0,,,,,,0.21,0.09,0.3,0.31,0.0,1.0,0.0,1.0,11.0,2,3,70.0,0.0,0.0,1.0,0.0,0.0,0.0,0.0,0.0,0.0,0.0,1.0,0.0,12.0,883.0,1527.0,0.0,0.06,0.09,0.15,0.020000000000000018,6.800000000000001,27.7,4.0,3.9,1.0,1.0,4.0,6.0
184,Matt,Grimes,Grimes,a,,,5.0,249,154,0.2,350,130,2.0,151,72,2,0,0,0,0,312,1829,0.4,0.8,2.0,2.0,2.0,159,73,,,144,52,107,64,225,107,157,74,1.0,,3.0,,,,,0.0,0.02,0.02,1.3,0.0,0.0,2.0,1.0,8.5,2,2,90.0,0.0,0.0,0.0,1.0,0.0,0.0,0.0,0.0,0.0,0.0,1.0,0.0,14.0,976.0,2127.0,0.0,0.01,0.04,0.049999999999999996,0.7200000000000002,14.200000000000001,20.900000000000002,2.0,3.7,0.0,1.0,9.0,10.0
185,Tatsuhiro,Sakamoto,Sakamoto,a,,,5.0,343,201,0.1,441,177,0.5,313,142,1,0,0,0,0,114,925,0.1,0.2,0.5,0.5,1.0,283,124,,,259,116,202,111,169,81,262,117,,,,,,,,0.06,0.06,0.12,2.0,0.0,0.0,2.9,0.0,11.61,2,1,31.0,0.0,0.0,0.0,1.0,0.0,0.0,0.0,0.0,0.0,0.0,0.0,0.0,8.0,138.0,1183.0,0.0,0.02,0.02,0.04,0.69,6.2,5.9,7.0,1.9,2.0,0.0,2.0,4.0
186,Ephron,Mason-Clark,Mason-Clark,a,,,5.5,151,93,0.1,416,165,0.5,334,157,1,0,0,0,0,128,1099,0.1,0.2,0.5,0.5,1.0,311,146,100.0,100.0,284,131,143,85,575,242,259,116,,,,,,,,0.0,0.09,0.09,0.03,0.0,0.0,0.0,1.58,6.32,2,1,57.0,0.0,0.0,0.0,0.0,0.0,0.0,0.0,0.0,0.0,0.0,1.0,0.0,4.0,274.0,1371.0,0.0,0.0,0.06,0.06,0.02,4.2,16.0,0.0,2.0,0.0,2.0,2.0,4.0
187,Josh,Eccles,Eccles,a,,,4.9,397,240,0.0,574,241,0.0,501,199,0,-1,1,-1,1,327,260,0.0,0.0,0.0,0.0,0.0,501,199,,,484,188,486,196,432,155,493,192,,,,,,,,0.0,0.0,0.0,0.0,0.0,0.0,0.0,0.0,0.0,2,0,0.0,0.0,0.0,0.0,0.0,0.0,0.0,0.0,0.0,0.0,0.0,0.0,0.0,0.0,333.0,331.0,0.0,0.0,0.0,0.0,0.0,0.0,0.0,0.0,0.0,0.0,0.0,0.0,0.0
188,Victor,Torp,Torp,a,,,5.5,149,92,0.1,379,146,1.0,253,119,1,0,0,0,0,39,1586,0.2,0.4,1.0,1.0,1.0,310,145,,,255,113,128,77,574,241,230,102,2.0,2.0,2.0,,,,,0.0,0.23,0.23,1.93,0.0,0.0,1.91,0.0,5.74,2,1,19.0,0.0,0.0,0.0,1.0,0.0,0.0,0.0,0.0,0.0,0.0,0.0,0.0,2.0,222.0,1896.0,0.0,0.0,0.009999999999999995,0.009999999999999995,0.69,0.0,3.6000000000000014,0.0,0.30000000000000027,0.0,0.0,2.0,2.0
189,George,Shepherd,Shepherd,a,,,4.5,547,277,0.3,307,106,0.0,496,196,0,0,0,0,0,987,2169,0.0,0.0,0.0,0.0,0.0,496,196,,,479,185,480,193,425,151,488,189,,,,,,,,0.0,0.0,0.0,0.0,0.0,0.0,0.0,0.0,0.0,2,0,0.0,0.0,0.0,0.0,0.0,0.0,0.0,0.0,0.0,0.0,0.0,0.0,0.0,0.0,1110.0,2645.0,0.0,0.0,0.0,0.0,0.0,0.0,0.0,0.0,0.0,0.0,0.0,0.0,0.0
190,Loum,Tchaouna,Tchaouna,a,,,5.5,174,107,0.1,381,148,1.5,199,95,1,0,0,0,0,80,1608,0.3,0.5,1.5,1.5,1.5,213,100,,,240,100,108,65,159,78,190,85,,,,,,,,0.06,0.1,0.16,1.15,0.0,0.0,1.94,1.29,9.06,2,1,58.0,0.0,0.0,0.0,0.0,0.0,0.0,0.0,0.0,0.0,0.0,1.0,0.0,7.0,990.0,1949.0,0.0,0.049999999999999996,0.13,0.18,0.020000000000000018,7.000000000000001,18.5,5.0,3.1,1.0,2.0,3.0,6.0
191,Raphael,Borges Rodrigues,Borges Rodrigues,a,,,4.5,494,258,0.2,363,138,0.0,452,180,0,0,0,0,0,1082,1483,0.0,0.0,0.0,0.0,0.0,452,180,,,433,168,436,177,378,135,443,173,,,,,,,,0.0,0.0,0.0,0.0,0.0,0.0,0.0,0.0,0.0,2,0,0.0,0.0,0.0,0.0,0.0,0.0,0.0,0.0,0.0,0.0,0.0,0.0,0.0,0.0,1171.0,1745.0,0.0,0.0,0.0,0.0,0.0,0.0,0.0,0.0,0.0,0.0,0.0,0.0,0.0
192,Kai,Andrews,Andrews,u,Has joined Oxford United on loan for the rest of the season,,4.5,542,274,0.5,257,86,0.0,491,193,0,0,0,0,0,142,11506,0.0,0.0,0.0,0.0,0.0,491,193,0.0,,474,182,475,190,420,148,483,186,,,,,,,,0.0,0.0,0.0,0.0,0.0,0.0,0.0,0.0,0.0,2,0,0.0,0.0,0.0,0.0,0.0,0.0,0.0,0.0,0.0,0.0,0.0,0.0,0.0,0.0,420.0,12509.0,0.0,0.0,0.0,0.0,0.0,0.0,0.0,0.0,0.0,0.0,0.0,0.0,0.0
193,Haji,Wright,Wright,i,Thigh injury - Unknown return date,,5.4,208,46,0.1,412,58,0.0,577,64,0,-1,1,-1,1,92,2232,0.0,0.0,0.0,0.0,0.0,577,64,0.0,0.0,565,57,572,62,543,59,573,62,,,1.0,,,,,0.0,0.0,0.0,0.0,0.0,0.0,0.0,0.0,0.0,2,0,0.0,0.0,0.0,0.0,0.0,0.0,0.0,0.0,0.0,0.0,0.0,0.0,0.0,0.0,101.0,2786.0,0.0,0.0,0.0,0.0,0.0,0.0,0.0,0.0,0.0,0.0,0.0,0.0,0.0
194,Brandon,Thomas-Asante,Thomas-Asante,a,,,5.0,286,52,0.8,211,33,1.5,186,20,1,0,0,0,0,10761,9953,0.3,0.6,1.5,1.5,1.5,200,25,,,263,24,228,32,230,36,293,35,,,4.0,,,,,0.0,0.02,0.02,2.04,0.0,0.0,3.56,0.89,7.13,2,1,32.0,0.0,0.0,0.0,1.0,0.0,0.0,0.0,0.0,0.0,0.0,0.0,0.0,5.0,13740.0,11249.0,0.0,0.0,0.0,0.0,0.69,1.2000000000000002,2.0,2.0,0.5000000000000001,0.0,0.0,2.0,2.0
195,Ellis,Simms,Simms,a,,,5.0,275,50,0.9,200,31,1.0,234,25,0,0,0,0,0,6718,12253,0.2,0.4,1.0,1.0,2.0,162,19,,,305,32,166,16,228,35,270,32,,,,,,,,0.0,0.01,0.01,2.09,0.0,0.0,3.91,1.3,3.91,2,0,0.0,0.0,0.0,0.0,0.0,0.0,0.0,0.0,0.0,0.0,0.0,0.0,0.0,0.0,10677.0,14175.0,0.0,0.0,0.0,0.0,0.0,0.0,0.0,0.0,0.0,0.0,0.0,0.0,0.0
196,Jahnoah,Markelo,Markelo,u,Has joined Shabab Al-Ahli Dubai permanently,,5.0,366,59,0.0,594,71,0.0,569,61,0,0,0,0,0,0,215,0.0,0.0,0.0,0.0,0.0,569,61,0.0,0.0,556,54,563,59,527,56,564,59,,,,,,,,0.0,0.0,0.0,0.0,0.0,0.0,0.0,0.0,0.0,2,0,0.0,0.0,0.0,0.0,0.0,0.0,0.0,0.0,0.0,0.0,0.0,0.0,0.0,0.0,0.0,259.0,0.0,0.0,0.0,0.0,0.0,0.0,0.0,0.0,0.0,0.0,0.0,0.0,0.0
197,Norman,Bassette,Bassette,u,Has joined KVC Westerlo on loan for the rest of the season,,4.5,510,66,0.0,530,68,0.0,468,48,0,0,0,0,0,0,395,0.0,0.0,0.0,0.0,0.0,468,48,0.0,0.0,449,40,452,46,394,42,459,45,,,,,,,,0.0,0.0,0.0,0.0,0.0,0.0,0.0,0.0,0.0,2,0,0.0,0.0,0.0,0.0,0.0,0.0,0.0,0.0,0.0,0.0,0.0,0.0,0.0,0.0,0.0,457.0,0.0,0.0,0.0,0.0,0.0,0.0,0.0,0.0,0.0,0.0,0.0,0.0,0.0
492,Taiwo,Awoniyi,Awoniyi,a,,,5.5,144,35,0.8,221,37,1.5,196,22,2,0,0,0,0,2983,9158,0.3,0.5,1.5,1.5,1.5,210,27,,,233,20,104,9,16,7,69,11,,,5.0,,,,,0.76,0.02,0.78,0.83,0.0,0.0,0.82,0.82,3.27,2,2,90.0,0.0,0.0,0.0,1.0,0.0,0.0,0.0,0.0,0.0,0.0,1.0,0.0,6.0,5957.0,10950.0,0.0,0.93,0.03,0.96,0.72,10.0,23.6,65.0,9.9,0.0,1.0,2.0,3.0
575,Caleb,Yirenkyi,Yirenkyi,a,,,5.0,389,235,0.2,328,116,2.0,157,77,3,0,0,0,0,514,2272,0.4,0.8,2.0,2.0,2.0,169,80,,,235,98,131,80,174,85,214,95,,,,,,,,0.02,0.09,0.11,1.09,0.0,0.69,2.06,1.37,6.87,2,3,70.0,0.0,0.0,1.0,0.0,0.0,0.0,0.0,0.0,0.0,0.0,1.0,0.0,17.0,731.0,2622.0,0.0,0.03,0.13,0.16,0.020000000000000018,9.4,16.0,7.0,3.2,0.0,3.0,4.0,7.0
584,Gustavo,Hamer,Hamer,a,,,5.5,133,83,0.1,398,157,1.0,252,118,1,0,0,0,0,116,1242,0.2,0.4,1.0,1.0,1.0,308,143,,,330,151,257,134,567,235,330,153,3.0,,,,,,,0.0,0.07,0.07,2.73,0.0,0.0,3.33,0.0,3.33,2,1,19.0,0.0,0.0,0.0,1.0,0.0,0.0,0.0,0.0,0.0,0.0,0.0,0.0,2.0,194.0,1484.0,0.0,0.0,0.02,0.02,0.69,0.19999999999999996,1.5,0.0,0.19999999999999998,0.0,0.0,0.0,0.0
599,Sidiki,Cherif,Cherif,a,,,5.0,383,60,0.1,425,60,0.0,574,62,0,0,0,0,0,1427,1371,0.0,0.0,0.0,0.0,0.0,574,62,,,562,55,568,60,537,57,570,60,,,,,,,,0.0,0.0,0.0,0.0,0.0,0.0,0.0,0.0,0.0,2,0,0.0,0.0,0.0,0.0,0.0,0.0,0.0,0.0,0.0,0.0,0.0,0.0,0.0,0.0,1694.0,1607.0,0.0,0.0,0.0,0.0,0.0,0.0,0.0,0.0,0.0,0.0,0.0,0.0,0.0
623,Dan,Bentley,Bentley,a,,,4.0,558,54,0.1,400,45,0.0,363,28,0,0,0,0,0,7005,941,0.0,0.0,1.0,1.0,0.0,363,28,,,345,28,335,7,257,6,354,28,,,,,,,,0.0,0.0,0.0,0.0,0.0,0.0,0.0,0.0,0.0,2,0,0.0,0.0,0.0,0.0,0.0,0.0,0.0,0.0,0.0,0.0,0.0,0.0,0.0,0.0,7005.0,941.0,0.0,0.0,0.0,0.0,0.0,0.0,0.0,0.0,0.0,0.0,0.0,0.0,0.0
42,Evann,Guessand,Guessand,a,,,5.5,180,112,0.0,505,209,1.0,255,121,1,0,0,0,0,306,618,0.2,0.4,1.0,1.0,1.0,316,147,,,266,119,247,129,180,89,277,124,,,,,,,,0.05,0.05,0.1,0.57,0.0,0.0,1.67,0.0,3.33,2,1,27.0,0.0,0.0,0.0,1.0,0.0,0.0,0.0,0.0,0.0,0.0,0.0,0.0,3.0,410.0,696.0,0.0,0.0,0.009999999999999998,0.009999999999999995,0.2,2.2,0.30000000000000004,0.0,0.30000000000000004,0.0,1.0,0.0,1.0
153,Axel,Disasi,Disasi,a,,,4.5,447,103,0.1,475,168,0.5,283,98,1,0,0,0,0,825,587,0.1,0.2,0.5,0.5,1.0,241,85,,,321,119,411,163,346,146,341,122,,,,,,,,0.0,0.0,0.0,1.12,0.0,0.0,5.62,0.0,5.62,2,1,16.0,0.0,0.0,0.0,1.0,0.0,0.0,0.0,0.0,0.0,0.0,0.0,0.0,-2.0,947.0,689.0,0.0,0.0,0.0,0.0,0.2,1.2,0.0,0.0,0.1,1.0,0.0,1.0,1.0
198,Dean,Henderson,Henderson,a,,,5.0,252,10,1.8,135,20,1.5,184,15,1,0,0,0,0,7753,11174,0.3,0.6,1.5,1.5,1.5,198,18,100.0,100.0,34,6,509,57,460,57,149,6,,,,,,,,0.0,0.0,0.0,1.66,3.5,0.0,3.0,1.0,0.0,2,1,90.0,0.0,0.0,0.0,4.0,0.0,0.0,0.0,0.0,0.0,4.0,1.0,0.0,4.0,8674.0,13012.0,0.0,0.0,0.0,0.0,2.21,30.2,0.0,0.0,3.0,0.0,2.0,11.0,0.0
199,Walter,Benítez,Benitez,a,,,4.5,423,29,0.1,414,46,0.0,424,51,0,0,0,0,0,369,787,0.0,0.0,0.0,0.0,0.0,424,51,,,405,51,399,32,332,31,415,51,,,,,,,,0.0,0.0,0.0,0.0,0.0,0.0,0.0,0.0,0.0,2,0,0.0,0.0,0.0,0.0,0.0,0.0,0.0,0.0,0.0,0.0,0.0,0.0,0.0,0.0,417.0,1082.0,0.0,0.0,0.0,0.0,0.0,0.0,0.0,0.0,0.0,0.0,0.0,0.0,0.0
202,Chris,Richards,Richards,a,,,5.0,296,51,0.7,229,84,1.5,187,64,0,0,0,0,0,2625,6807,0.3,0.6,1.5,1.5,1.5,201,65,,,36,12,290,107,101,29,111,39,,,,,,,,0.02,0.0,0.02,1.66,0.0,0.0,3.0,1.0,11.0,2,0,90.0,0.0,0.0,0.0,4.0,0.0,0.0,0.0,0.0,0.0,0.0,1.0,0.0,-4.0,3158.0,8029.0,0.0,0.04,0.0,0.04,2.21,15.0,0.10000000000000009,17.0,3.2,2.0,4.0,2.0,6.0
203,Jaydee,Canvot,Canvot,a,,,5.0,386,73,0.3,308,114,0.5,323,115,0,0,0,0,0,752,3280,0.1,0.2,0.5,0.5,0.5,350,118,,,54,17,201,65,194,68,143,54,,,,,,,,0.02,0.0,0.02,1.66,0.0,0.0,3.0,1.0,7.5,2,0,90.0,0.0,0.0,0.0,4.0,0.0,0.0,0.0,0.0,0.0,0.0,1.0,0.0,-1.0,851.0,4036.0,0.0,0.0,0.0,0.0,2.21,22.800000000000004,0.5,0.0,2.3,1.0,6.0,1.0,7.0
204,Tyrick,Mitchell,Mitchell,a,,,4.5,466,117,5.0,74,31,0.5,286,101,0,0,0,0,0,5034,44326,0.1,0.2,0.5,0.5,0.5,344,114,,,163,75,61,15,152,50,127,46,,,,,,,,0.06,0.08,0.14,1.66,0.0,0.0,3.0,1.0,5.0,2,0,90.0,0.0,0.0,0.0,4.0,0.0,0.0,0.0,0.0,0.0,0.0,1.0,0.0,-8.0,5666.0,52981.0,0.0,0.11,0.16,0.27,2.21,11.6,21.599999999999998,7.0,4.0,2.0,3.0,1.0,5.0
205,Borna,Sosa,Sosa,a,,,4.5,446,102,0.0,538,187,0.0,434,162,0,0,0,0,0,80,271,0.0,0.0,0.0,0.0,0.0,434,162,,,415,163,410,162,345,145,425,163,,,,,,,,0.0,0.0,0.0,0.0,0.0,0.0,0.0,0.0,0.0,2,0,0.0,0.0,0.0,0.0,0.0,0.0,0.0,0.0,0.0,0.0,0.0,0.0,0.0,0.0,91.0,312.0,0.0,0.0,0.0,0.0,0.0,0.0,0.0,0.0,0.0,0.0,0.0,0.0,0.0
206,Chadi,Riad Dnanou,Chadi Riad,i,Knee injury - Unknown return date,,4.4,551,152,0.0,523,181,0.5,277,93,0,-1,1,-1,1,112,1079,0.1,0.2,0.0,0.0,1.0,233,78,0.0,0.0,220,90,269,95,318,135,280,101,,,,,,,,0.0,0.01,0.01,1.22,0.0,0.0,2.5,1.25,8.75,2,0,0.0,0.0,0.0,0.0,0.0,0.0,0.0,0.0,0.0,0.0,0.0,0.0,0.0,0.0,156.0,1435.0,0.0,0.0,0.0,0.0,0.0,0.0,0.0,0.0,0.0,0.0,0.0,0.0,0.0
207,Oscar,Mingueza,Mingueza,a,,,4.5,461,113,0.1,473,167,0.5,285,100,1,0,0,0,0,196,671,0.1,0.2,0.5,0.5,1.0,246,90,,,306,115,325,120,354,150,332,119,,,,,,,,0.0,0.0,0.0,1.2,0.0,0.0,6.0,0.0,6.0,2,1,15.0,0.0,0.0,0.0,1.0,0.0,0.0,0.0,0.0,0.0,0.0,0.0,0.0,1.0,220.0,870.0,0.0,0.0,0.0,0.0,0.2,2.2,0.1,0.0,0.2,1.0,0.0,0.0,1.0
208,Ismaïla,Sarr,Sarr,i,Groin injury - Unknown return date,,6.4,52,36,1.5,153,45,0.0,617,270,0,0,0,-1,1,181,71579,0.0,0.0,0.0,0.0,0.0,617,270,0.0,0.0,618,271,618,271,614,267,618,271,,,2.0,,,,,0.0,0.0,0.0,0.0,0.0,0.0,0.0,0.0,0.0,2,0,0.0,0.0,0.0,0.0,0.0,0.0,0.0,0.0,0.0,0.0,0.0,0.0,0.0,0.0,223.0,114251.0,0.0,0.0,0.0,0.0,0.0,0.0,0.0,0.0,0.0,0.0,0.0,0.0,0.0
210,Adam,Wharton,Wharton,a,,,5.5,183,114,0.9,206,66,3.0,110,49,2,0,0,0,0,5916,8121,0.5,1.1,3.0,3.0,3.0,115,49,100.0,100.0,126,47,24,21,585,250,81,46,2.0,,,,,,,0.0,0.16,0.16,1.66,0.0,0.0,3.0,1.0,10.5,2,2,90.0,0.0,0.0,0.0,4.0,0.0,0.0,0.0,0.0,0.0,0.0,1.0,0.0,21.0,7115.0,9501.0,0.0,0.0,0.07,0.07,2.21,16.2,24.700000000000003,0.0,4.1000000000000005,4.0,0.0,3.0,7.0
211,Yéremy,Pino Santos,Yeremy,a,,,5.5,181,113,0.2,335,122,3.0,109,48,5,0,0,0,0,2767,1364,0.5,1.1,3.0,3.0,3.0,114,48,,,219,89,49,39,117,60,125,63,1.0,1.0,,,,,,0.1,0.08,0.18,2.01,0.0,0.0,2.65,0.88,13.24,2,5,67.0,0.0,1.0,0.0,3.0,0.0,0.0,0.0,0.0,0.0,0.0,1.0,0.0,27.0,2834.0,1810.0,0.0,0.05,0.06999999999999999,0.12000000000000001,2.01,10.8,34.2,9.0,5.4,2.0,2.0,6.0,10.0
212,Will,Hughes,Hughes,a,,,4.5,419,247,9.9,41,16,0.0,420,171,0,0,0,0,0,22967,76913,0.0,0.0,0.0,0.0,0.0,420,171,,,401,159,395,168,328,125,411,164,4.0,,,,,,,0.0,0.0,0.0,0.0,0.0,0.0,0.0,0.0,0.0,2,0,0.0,0.0,0.0,0.0,0.0,0.0,0.0,0.0,0.0,0.0,0.0,0.0,0.0,0.0,25510.0,90993.0,0.0,0.0,0.0,0.0,0.0,0.0,0.0,0.0,0.0,0.0,0.0,0.0,0.0
213,Jefferson,Lerma Solís,Lerma,a,,,5.0,244,149,0.1,436,174,0.0,517,209,0,0,0,0,0,137,1027,0.0,0.0,0.0,0.0,0.0,517,209,,,502,199,504,206,453,166,510,202,,,,,,,,0.0,0.0,0.0,0.0,0.0,0.0,0.0,0.0,0.0,2,0,0.0,0.0,0.0,0.0,0.0,0.0,0.0,0.0,0.0,0.0,0.0,0.0,0.0,0.0,163.0,1269.0,0.0,0.0,0.0,0.0,0.0,0.0,0.0,0.0,0.0,0.0,0.0,0.0,0.0
214,Daichi,Kamada,Kamada,a,,,5.0,266,165,0.3,305,104,2.5,129,59,2,0,0,0,0,2502,2622,0.5,1.0,2.5,2.5,2.5,135,59,,,104,38,74,48,166,80,106,54,3.0,,,,,,,0.02,0.14,0.16,1.66,0.0,0.0,3.0,1.0,11.5,2,2,90.0,0.0,0.0,0.0,4.0,0.0,0.0,0.0,0.0,0.0,0.0,1.0,0.0,21.0,2870.0,3140.0,0.0,0.05,0.019999999999999962,0.07,2.21,17.6,2.8000000000000007,7.0,2.7,6.0,1.0,2.0,9.0
215,Justin,Devenny,Devenny,a,,,5.0,328,192,0.0,590,252,0.0,552,228,0,0,0,0,0,54,139,0.0,0.0,0.0,0.0,0.0,552,228,,,539,220,545,226,505,194,547,223,,2.0,3.0,,,,,0.0,0.0,0.0,0.0,0.0,0.0,0.0,0.0,0.0,2,0,0.0,0.0,0.0,0.0,0.0,0.0,0.0,0.0,0.0,0.0,0.0,0.0,0.0,0.0,60.0,162.0,0.0,0.0,0.0,0.0,0.0,0.0,0.0,0.0,0.0,0.0,0.0,0.0,0.0
216,Romain,Esse,Esse,a,,,5.0,376,227,0.0,515,215,0.0,572,241,0,0,0,0,0,155,483,0.0,0.0,0.0,0.0,0.0,572,241,,,560,235,566,240,534,215,568,238,,,,,,,,0.0,0.0,0.0,0.0,0.0,0.0,0.0,0.0,0.0,2,0,0.0,0.0,0.0,0.0,0.0,0.0,0.0,0.0,0.0,0.0,0.0,0.0,0.0,0.0,176.0,554.0,0.0,0.0,0.0,0.0,0.0,0.0,0.0,0.0,0.0,0.0,0.0,0.0,0.0
217,Matheus,França de Oliveira,M.França,a,,,4.9,403,244,0.0,537,223,0.0,507,203,0,-1,1,-1,1,857,724,0.0,0.0,0.0,0.0,0.0,507,203,,,490,192,492,200,438,159,499,196,,,,,,,,0.0,0.0,0.0,0.0,0.0,0.0,0.0,0.0,0.0,2,0,0.0,0.0,0.0,0.0,0.0,0.0,0.0,0.0,0.0,0.0,0.0,0.0,0.0,0.0,859.0,859.0,0.0,0.0,0.0,0.0,0.0,0.0,0.0,0.0,0.0,0.0,0.0,0.0,0.0
218,Cheick,Doucouré,Doucouré,a,,,4.9,396,239,0.1,482,196,0.0,500,198,0,-1,1,-1,1,447,809,0.0,0.0,0.0,0.0,0.0,500,198,,,483,187,485,195,431,154,492,191,,,,,,,,0.0,0.0,0.0,0.0,0.0,0.0,0.0,0.0,0.0,2,0,0.0,0.0,0.0,0.0,0.0,0.0,0.0,0.0,0.0,0.0,0.0,0.0,0.0,0.0,480.0,986.0,0.0,0.0,0.0,0.0,0.0,0.0,0.0,0.0,0.0,0.0,0.0,0.0,0.0
219,Jesurun,Rak-Sakyi,J.Rak-Sakyi,a,,,5.0,307,184,0.0,608,262,0.0,544,224,0,0,0,0,0,29,63,0.0,0.0,0.0,0.0,0.0,544,224,,,531,216,535,222,493,189,539,219,,,,,,,,0.0,0.0,0.0,0.0,0.0,0.0,0.0,0.0,0.0,2,0,0.0,0.0,0.0,0.0,0.0,0.0,0.0,0.0,0.0,0.0,0.0,0.0,0.0,0.0,35.0,79.0,0.0,0.0,0.0,0.0,0.0,0.0,0.0,0.0,0.0,0.0,0.0,0.0,0.0
220,Rio,Cardines,Cardines,u,Has joined Bristol City on loan for the rest of the season,,4.5,527,144,0.0,622,207,0.0,480,179,0,0,0,0,0,0,27,0.0,0.0,0.0,0.0,0.0,480,179,0.0,0.0,462,180,464,181,408,171,472,180,,,,,,,,0.0,0.0,0.0,0.0,0.0,0.0,0.0,0.0,0.0,2,0,0.0,0.0,0.0,0.0,0.0,0.0,0.0,0.0,0.0,0.0,0.0,0.0,0.0,0.0,0.0,32.0,0.0,0.0,0.0,0.0,0.0,0.0,0.0,0.0,0.0,0.0,0.0,0.0,0.0
221,Joél,Drakes-Thomas,Drakes-Thomas,a,,,4.5,546,276,0.1,449,180,0.0,495,195,0,0,0,0,0,514,694,0.0,0.0,0.0,0.0,0.0,495,195,,,478,184,479,192,424,150,487,188,,,,,,,,0.0,0.0,0.0,0.0,0.0,0.0,0.0,0.0,0.0,2,0,0.0,0.0,0.0,0.0,0.0,0.0,0.0,0.0,0.0,0.0,0.0,0.0,0.0,0.0,557.0,840.0,0.0,0.0,0.0,0.0,0.0,0.0,0.0,0.0,0.0,0.0,0.0,0.0,0.0
222,Jørgen,Strand Larsen,Strand Larsen,a,,,6.0,71,15,0.5,261,44,1.5,205,23,2,0,0,0,0,3895,4809,0.2,0.5,1.5,1.5,1.5,218,28,,,260,22,219,30,88,19,215,24,,,,,,,,0.3,0.01,0.31,2.17,0.0,0.0,3.03,1.01,4.04,2,2,62.0,0.0,0.0,0.0,3.0,0.0,0.0,0.0,0.0,0.0,0.0,1.0,0.0,13.0,4201.0,6422.0,0.0,0.04999999999999999,0.0,0.04999999999999999,2.01,5.2,0.2999999999999998,4.0,1.0,1.0,2.0,1.0,4.0
223,Jean-Philippe,Mateta,Mateta,i,Hamstring injury - Expected back 11 Oct,,6.4,51,12,3.3,100,14,1.0,265,30,0,-1,1,-1,1,982,176505,0.2,0.3,0.0,1.0,2.0,184,22,0.0,,319,35,167,17,144,27,237,27,,,1.0,,,,,1.02,0.03,1.05,1.42,0.0,0.0,2.9,1.45,7.26,2,0,0.0,0.0,0.0,0.0,0.0,0.0,0.0,0.0,0.0,0.0,0.0,0.0,0.0,0.0,4526.0,191475.0,0.0,0.0,0.0,0.0,0.0,0.0,0.0,0.0,0.0,0.0,0.0,0.0,0.0
224,Eddie,Nketiah,Nketiah,a,,,5.5,140,34,0.5,254,41,1.5,195,21,2,0,0,0,0,6326,4877,0.3,0.5,1.5,1.5,1.5,209,26,,,216,19,62,3,63,14,103,14,,,,,,,,0.71,0.43,1.14,2.1,0.0,0.0,3.69,1.48,6.64,2,2,67.0,0.0,0.0,0.0,3.0,0.0,0.0,0.0,0.0,0.0,0.0,1.0,0.0,8.0,6868.0,5830.0,0.0,0.36,0.0,0.3600000000000001,2.0100000000000002,2.5999999999999996,10.600000000000001,8.0,2.1000000000000005,2.0,1.0,3.0,6.0
225,Christantus,Uche,Uche,u,has returned to Getafe CF,,5.0,388,61,0.0,629,73,0.0,575,63,0,0,0,0,0,0,0,0.0,0.0,0.0,0.0,0.0,575,63,0.0,0.0,563,56,570,61,540,58,571,61,,,,,,,,0.0,0.0,0.0,0.0,0.0,0.0,0.0,0.0,0.0,2,0,0.0,0.0,0.0,0.0,0.0,0.0,0.0,0.0,0.0,0.0,0.0,0.0,0.0,0.0,0.0,0.0,0.0,0.0,0.0,0.0,0.0,0.0,0.0,0.0,0.0,0.0,0.0,0.0,0.0
241,Dwight,McNeil,McNeil,a,,,5.5,159,99,0.2,371,143,1.5,198,94,1,0,0,0,0,249,1374,0.3,0.5,1.5,1.5,1.5,212,99,,,234,97,209,115,240,115,273,121,,,,,,,,0.05,0.02,0.07,1.26,0.0,0.0,3.21,1.07,7.5,2,1,22.0,0.0,0.0,0.0,1.0,0.0,0.0,0.0,0.0,0.0,0.0,0.0,0.0,2.0,382.0,1817.0,0.0,0.0,0.0,0.0,0.19999999999999996,0.40000000000000036,0.2999999999999998,0.0,0.09999999999999987,0.0,1.0,1.0,2.0
555,Remi,Matthews,Matthews,a,,,4.0,572,61,1.8,133,19,0.0,373,35,0,0,0,0,0,4753,5310,0.0,0.0,0.0,0.0,0.0,373,35,,,355,35,347,14,269,13,365,35,,,,,,,,0.0,0.0,0.0,0.0,0.0,0.0,0.0,0.0,0.0,2,0,0.0,0.0,0.0,0.0,0.0,0.0,0.0,0.0,0.0,0.0,0.0,0.0,0.0,0.0,5477.0,6043.0,0.0,0.0,0.0,0.0,0.0,0.0,0.0,0.0,0.0,0.0,0.0,0.0,0.0
577,Takehiro,Tomiyasu,Tomiyasu,a,,,4.5,451,106,0.3,292,109,1.0,219,76,1,0,0,0,0,765,1918,0.2,0.4,1.0,1.0,1.0,242,86,,,206,87,221,70,218,80,251,93,,,,,,,,0.0,0.01,0.01,2.13,0.0,0.0,2.97,0.99,8.9,2,1,73.0,0.0,0.0,0.0,3.0,0.0,0.0,0.0,0.0,0.0,0.0,1.0,0.0,-3.0,853.0,2401.0,0.0,0.0,0.0,0.0,2.01,12.6,1.3000000000000003,2.0,1.6,1.0,7.0,3.0,8.0
588,Anan,Khalaili,Khalaili,a,,,5.0,370,69,0.1,413,146,1.5,191,65,2,0,0,0,0,1368,668,0.3,0.6,1.5,1.5,1.5,205,66,,,52,16,89,27,172,60,85,26,,,,,,,,0.02,0.13,0.15,1.88,0.0,0.0,2.48,0.83,18.99,2,2,74.0,0.0,0.0,0.0,3.0,0.0,0.0,0.0,1.0,0.0,0.0,1.0,0.0,9.0,1449.0,838.0,0.0,0.02,0.0,0.01999999999999999,2.01,26.4,1.5,3.0,3.0999999999999996,10.0,4.0,5.0,14.0
595,Zavier,Gozo,Gozo,a,,,5.0,369,222,0.0,579,243,0.5,318,146,1,0,0,0,0,94,124,0.1,0.2,0.5,0.5,1.0,289,129,,,318,144,274,140,530,211,328,151,,,,,,,,0.0,0.0,0.0,0.82,0.0,0.0,4.09,0.0,4.09,2,1,22.0,0.0,0.0,0.0,1.0,0.0,0.0,0.0,0.0,0.0,0.0,0.0,0.0,3.0,104.0,150.0,0.0,0.0,0.0,0.0,0.2,1.4,1.3,0.0,0.3,1.0,0.0,0.0,1.0
21,Christian,Nørgaard,Nørgaard,i,Groin injury - Unknown return date,,5.0,240,147,0.1,471,190,0.0,514,207,0,0,0,0,0,76,1329,0.0,0.0,0.0,0.0,0.0,514,207,0.0,0.0,499,197,501,204,450,164,507,200,,,,,,,,0.0,0.0,0.0,0.0,0.0,0.0,0.0,0.0,0.0,2,0,0.0,0.0,0.0,0.0,0.0,0.0,0.0,0.0,0.0,0.0,0.0,0.0,0.0,0.0,83.0,1648.0,0.0,0.0,0.0,0.0,0.0,0.0,0.0,0.0,0.0,0.0,0.0,0.0,0.0
209,Brennan,Johnson,Johnson,a,,,5.9,101,63,0.1,387,151,1.0,262,126,1,-1,1,-1,1,441,1982,0.2,0.3,1.0,1.0,1.0,325,154,,,273,125,321,163,597,255,313,144,,,,,,,,0.0,0.0,0.0,4.95,0.0,0.0,0.0,0.0,10.59,2,1,28.0,0.0,0.0,0.0,0.0,0.0,0.0,0.0,0.0,0.0,0.0,0.0,0.0,1.0,593.0,2454.0,0.0,0.0,0.0,0.0,1.58,1.2000000000000002,0.0,0.0,0.09999999999999998,1.0,0.0,1.0,2.0
226,Jordan,Pickford,Pickford,a,,,5.5,122,2,8.8,45,6,5.0,56,4,3,0,0,0,0,37515,44124,0.9,1.8,5.0,5.0,5.0,59,4,,,24,3,584,68,561,68,139,3,,,,,,,,0.0,0.01,0.01,2.06,4.0,0.5,0.5,1.0,0.0,2,3,90.0,0.0,0.0,0.0,1.0,0.0,0.0,0.0,0.0,0.0,4.0,1.0,0.0,22.0,45487.0,49439.0,0.0,0.0,0.0,0.0,2.16,31.599999999999998,0.0,0.0,3.2,0.0,4.0,11.0,0.0
227,Mark,Travers,Travers,a,,,5.0,285,12,0.0,520,57,0.0,532,68,0,0,0,0,0,178,332,0.0,0.0,0.0,0.0,0.0,532,68,,,520,68,521,59,476,59,527,68,,,,,,,,0.0,0.0,0.0,0.0,0.0,0.0,0.0,0.0,0.0,2,0,0.0,0.0,0.0,0.0,0.0,0.0,0.0,0.0,0.0,0.0,0.0,0.0,0.0,0.0,224.0,391.0,0.0,0.0,0.0,0.0,0.0,0.0,0.0,0.0,0.0,0.0,0.0,0.0,0.0
228,Tom,King,King,a,,,4.5,426,31,0.0,506,55,0.0,426,53,0,0,0,0,0,167,289,0.0,0.0,0.0,0.0,0.0,426,53,,,407,53,401,34,334,33,417,53,,,,,,,,0.0,0.0,0.0,0.0,0.0,0.0,0.0,0.0,0.0,2,0,0.0,0.0,0.0,0.0,0.0,0.0,0.0,0.0,0.0,0.0,0.0,0.0,0.0,0.0,188.0,337.0,0.0,0.0,0.0,0.0,0.0,0.0,0.0,0.0,0.0,0.0,0.0,0.0,0.0
229,James,Tarkowski,Tarkowski,a,,,6.0,59,5,10.2,40,14,9.0,11,4,12,0,0,0,0,138304,43152,1.5,3.0,9.0,9.0,9.0,13,5,,,17,3,169,52,82,19,63,16,,,,,,,,0.08,0.0,0.08,2.06,0.0,0.5,0.5,1.0,9.5,2,12,90.0,1.0,0.0,0.0,1.0,0.0,0.0,0.0,0.0,0.0,0.0,1.0,2.0,27.0,143251.0,51708.0,0.0,0.09999999999999999,0.01,0.11,2.16,54.8,11.299999999999999,19.0,8.5,1.0,9.0,3.0,10.0
230,Jarrad,Branthwaite,Branthwaite,a,,,5.5,178,24,1.8,134,54,5.0,58,23,4,0,0,0,0,10379,11314,0.9,1.8,5.0,5.0,5.0,62,24,,,86,39,238,78,48,7,95,33,,,,,,,,0.04,0.01,0.05,2.06,0.0,0.5,0.5,1.0,10.0,2,4,90.0,0.0,0.0,0.0,1.0,0.0,0.0,0.0,0.0,0.0,0.0,1.0,0.0,6.0,12814.0,13083.0,0.0,0.09,0.01,0.1,2.16,22.6,1.4999999999999998,33.0,5.699999999999999,1.0,11.0,3.0,12.0
231,Michael,Keane,Keane,a,,,4.9,393,75,1.2,178,72,0.0,499,184,0,-1,1,-1,1,1440,19717,0.0,0.0,0.0,0.0,0.0,499,184,,,482,185,483,186,428,177,491,185,,,,,,,,0.0,0.0,0.0,0.0,0.0,0.0,0.0,0.0,0.0,2,0,0.0,0.0,0.0,0.0,0.0,0.0,0.0,0.0,0.0,0.0,0.0,0.0,0.0,0.0,1763.0,24239.0,0.0,0.0,0.0,0.0,0.0,0.0,0.0,0.0,0.0,0.0,0.0,0.0,0.0
232,Jake,O'Brien,O'Brien,a,,,4.9,401,77,0.4,279,106,0.0,505,186,0,-1,1,-1,1,607,4926,0.0,0.0,0.0,0.0,0.0,505,186,,,488,187,490,188,436,179,497,187,,,,,,,,0.0,0.0,0.0,0.0,0.0,0.0,0.0,0.0,0.0,2,0,0.0,0.0,0.0,0.0,0.0,0.0,0.0,0.0,0.0,0.0,0.0,0.0,0.0,0.0,746.0,6606.0,0.0,0.0,0.0,0.0,0.0,0.0,0.0,0.0,0.0,0.0,0.0,0.0,0.0
233,Vitalii,Mykolenko,Mykolenko,a,,,4.5,452,107,1.7,139,57,5.0,52,21,4,0,0,0,0,24340,12999,1.1,2.2,5.0,5.0,5.0,55,22,,,57,20,149,45,219,81,126,45,,,,,,,,0.0,0.03,0.03,2.06,0.0,0.5,0.5,1.0,8.0,2,4,90.0,0.0,0.0,0.0,1.0,0.0,0.0,0.0,0.0,0.0,0.0,1.0,0.0,7.0,28223.0,14859.0,0.0,0.0,0.009999999999999995,0.009999999999999995,2.16,36.8,1.0,0.0,3.8000000000000003,1.0,11.0,7.0,12.0
234,Nathan,Patterson,Patterson,a,,,4.5,465,116,0.0,531,185,0.0,442,167,0,0,0,0,0,135,303,0.0,0.0,0.0,0.0,0.0,442,167,,,423,168,420,168,357,153,433,168,,,,,,,,0.0,0.0,0.0,0.0,0.0,0.0,0.0,0.0,0.0,2,0,0.0,0.0,0.0,0.0,0.0,0.0,0.0,0.0,0.0,0.0,0.0,0.0,0.0,0.0,163.0,358.0,0.0,0.0,0.0,0.0,0.0,0.0,0.0,0.0,0.0,0.0,0.0,0.0,0.0
235,Adam,Aznou,Aznou,u,Has joined Malaga on loan for the rest of the season,,4.0,602,182,0.2,359,134,0.0,392,136,0,0,0,0,0,719,1527,0.0,0.0,0.0,0.0,0.0,392,136,0.0,,374,138,366,136,291,110,384,138,,,,,,,,0.0,0.0,0.0,0.0,0.0,0.0,0.0,0.0,0.0,2,0,0.0,0.0,0.0,0.0,0.0,0.0,0.0,0.0,0.0,0.0,0.0,0.0,0.0,0.0,819.0,1760.0,0.0,0.0,0.0,0.0,0.0,0.0,0.0,0.0,0.0,0.0,0.0,0.0,0.0
236,Kiernan,Dewsbury-Hall,Dewsbury-Hall,a,,,6.5,36,24,4.5,81,27,6.5,31,18,2,0,0,0,0,33660,50990,1.0,2.0,6.5,6.5,6.5,33,19,,,26,14,9,9,52,30,12,10,2.0,,,,,,,0.09,0.16,0.25,2.04,0.0,0.5,0.5,1.0,9.0,2,2,90.0,0.0,0.0,0.0,1.0,0.0,0.0,0.0,0.0,0.0,0.0,1.0,0.0,24.0,54774.0,55973.0,0.0,0.06,0.16,0.22000000000000003,2.16,19.400000000000006,52.3,9.0,8.099999999999998,3.0,0.0,7.0,10.0
237,Iliman,Ndiaye,Ndiaye,a,,,6.0,74,50,14.4,28,10,6.5,29,16,4,0,0,0,0,53515,165050,1.1,2.2,6.5,6.5,6.5,31,17,,,46,22,26,23,25,15,21,16,,,1.0,,,,,0.13,0.2,0.33,2.06,0.0,0.5,0.5,1.0,12.5,2,4,90.0,0.0,0.0,0.0,1.0,0.0,0.0,0.0,0.0,0.0,0.0,1.0,0.0,16.0,76140.0,180713.0,0.0,0.020000000000000018,0.07,0.08999999999999997,2.16,12.600000000000001,14.5,10.0,3.700000000000001,1.0,5.0,7.0,13.0
239,James,Garner,Garner,a,,,6.0,70,48,0.1,394,155,1.0,264,128,1,0,0,0,0,1325,1921,0.2,0.3,1.0,1.0,1.0,328,157,100.0,100.0,245,104,163,99,243,118,241,108,1.0,1.0,3.0,,,,,0.0,0.04,0.04,1.15,0.0,0.0,1.25,1.25,13.75,2,1,61.0,0.0,0.0,0.0,1.0,0.0,0.0,0.0,1.0,0.0,0.0,1.0,0.0,9.0,1650.0,2120.0,0.0,0.0,0.0,0.0,0.5800000000000001,3.3999999999999995,1.0999999999999996,0.0,0.5,3.0,0.0,7.0,10.0
240,Tim,Iroegbunam,Iroegbunam,a,,,5.0,329,193,0.0,588,250,0.5,311,140,1,0,0,0,0,77,108,0.1,0.2,0.5,0.0,1.0,279,121,100.0,0.0,540,221,546,227,506,195,548,224,,,,,,,,0.0,0.0,0.0,0.0,0.0,0.0,0.0,0.0,0.0,2,1,4.0,0.0,0.0,0.0,0.0,0.0,0.0,0.0,0.0,0.0,0.0,0.0,0.0,2.0,79.0,146.0,0.0,0.0,0.0,0.0,0.0,0.0,0.0,0.0,0.0,0.0,0.0,0.0,0.0
242,Tyrique,George,George,a,,,5.5,194,122,0.3,310,108,2.5,140,66,2,0,0,0,0,992,2514,0.5,0.9,2.5,2.5,2.5,145,66,,,217,87,59,44,44,27,82,47,,,,,,,,0.14,0.06,0.2,1.41,0.0,0.62,0.62,1.25,5.62,2,2,61.0,0.0,0.0,0.0,1.0,0.0,0.0,0.0,0.0,0.0,0.0,1.0,0.0,12.0,1422.0,2960.0,0.0,0.05000000000000002,0.009999999999999995,0.06,0.5800000000000001,6.0,12.200000000000003,16.0,3.4000000000000004,1.0,0.0,1.0,2.0
243,Carlos,Alcaraz Durán,Alcaraz,a,,,5.0,344,202,0.1,440,176,0.5,314,143,0,0,0,0,0,492,1109,0.1,0.2,0.5,0.5,0.5,349,167,,,275,126,291,147,75,42,225,99,,,,,,,,0.9,0.36,1.26,0.72,0.0,0.0,0.0,0.0,54.0,2,0,4.0,0.0,0.0,0.0,0.0,0.0,0.0,0.0,1.0,0.0,0.0,0.0,0.0,-2.0,586.0,1287.0,0.0,0.030000000000000002,0.02,0.05,0.0,0.0,0.5,8.0,0.5,0.0,0.0,0.0,0.0
244,Harrison,Armstrong,Armstrong,a,,,5.0,378,229,0.3,286,94,5.0,55,27,2,0,0,0,0,13062,4980,1.0,2.0,5.0,5.0,5.0,58,29,,,92,33,92,57,201,97,117,59,,,,,,,,0.0,0.04,0.04,2.11,0.0,0.51,0.51,1.02,12.78,2,2,86.0,0.0,0.0,0.0,1.0,0.0,0.0,0.0,0.0,0.0,0.0,1.0,0.0,12.0,15803.0,5419.0,0.0,0.0,0.030000000000000006,0.030000000000000006,2.16,11.2,12.3,0.0,2.4000000000000004,3.0,3.0,3.0,9.0
245,Tyler,Dibling,Dibling,a,,,5.4,222,137,0.0,529,220,0.0,586,248,0,-1,1,-1,1,214,516,0.0,0.0,0.0,0.0,0.0,586,248,,,574,243,579,247,553,227,581,245,,,,,,,,0.0,0.0,0.0,0.0,0.0,0.0,0.0,0.0,0.0,2,0,0.0,0.0,0.0,0.0,0.0,0.0,0.0,0.0,0.0,0.0,0.0,0.0,0.0,0.0,259.0,637.0,0.0,0.0,0.0,0.0,0.0,0.0,0.0,0.0,0.0,0.0,0.0,0.0,0.0
246,Merlin,Röhl,Röhl,a,,,5.0,348,204,0.1,484,198,2.5,130,60,2,0,0,0,0,334,597,0.5,1.0,2.5,2.5,2.5,136,60,,,167,60,146,87,233,110,192,86,,,,,,,,0.0,0.04,0.04,2.12,0.0,0.51,0.51,1.03,9.26,2,2,85.0,0.0,0.0,0.0,1.0,0.0,0.0,0.0,0.0,0.0,0.0,1.0,0.0,13.0,434.0,709.0,0.0,0.0,0.010000000000000009,0.010000000000000009,2.16,8.399999999999999,2.3000000000000007,0.0,1.1,3.0,2.0,4.0,9.0
247,Hayden,Hackney,Hackney,a,,,5.5,154,95,0.2,326,114,2.0,162,80,1,0,0,0,0,317,2299,0.4,0.7,2.0,1.0,2.0,173,83,100.0,50.0,199,78,156,93,177,87,204,90,3.0,,,,,,,0.01,0.02,0.03,2.72,0.0,0.85,0.0,0.85,8.49,2,1,28.0,0.0,0.0,0.0,0.0,0.0,0.0,0.0,0.0,0.0,0.0,0.0,0.0,3.0,343.0,3304.0,0.0,0.0,0.01,0.009999999999999998,1.58,7.799999999999999,1.4000000000000004,2.0,1.1,0.0,2.0,1.0,3.0
248,Norberto Bercique,Gomes Betuncal,Beto,a,,,5.4,220,48,2.0,128,20,1.0,247,26,1,-1,1,-1,1,7005,31133,0.2,0.4,1.0,1.0,1.0,299,32,,,301,31,316,38,195,33,302,36,,,4.0,,,,,0.26,0.0,0.26,5.57,0.0,0.0,0.0,0.0,2.9,2,1,20.0,0.0,0.0,0.0,0.0,0.0,0.0,0.0,0.0,0.0,0.0,0.0,0.0,2.0,7973.0,39524.0,0.0,0.039999999999999994,0.0,0.039999999999999994,1.5799999999999998,3.0,0.3,3.0,0.6000000000000001,0.0,1.0,0.0,1.0
249,Thierno,Barry,Barry,a,,,5.5,203,42,4.2,86,13,5.0,60,5,2,0,0,0,0,96278,47770,0.9,1.8,5.0,5.0,5.0,64,6,,,66,4,80,7,3,3,14,4,,,2.0,,,,,1.18,0.06,1.24,1.35,0.0,0.61,0.61,1.22,3.67,2,2,69.0,0.0,0.0,0.0,1.0,0.0,0.0,0.0,0.0,0.0,0.0,1.0,0.0,6.0,131947.0,52687.0,0.0,1.48,0.0,1.48,0.5800000000000001,10.0,11.7,58.0,8.0,0.0,2.0,1.0,3.0
250,Bernd,Leno,Leno,a,,,4.5,411,24,3.1,109,18,2.5,120,9,3,0,0,0,0,17233,13521,0.6,1.1,2.5,2.5,2.5,126,9,,,62,8,391,27,322,26,174,9,,,,,,,,0.0,0.0,0.0,2.13,3.0,0.0,2.0,1.0,0.0,2,3,90.0,0.0,0.0,0.0,1.0,0.0,0.0,0.0,0.0,0.0,3.0,1.0,0.0,11.0,19646.0,15482.0,0.0,0.0,0.0,0.0,2.0199999999999996,19.199999999999996,0.0,0.0,1.9000000000000004,0.0,2.0,8.0,0.0
251,Benjamin,Lecomte,Lecomte,a,,,4.0,560,55,1.2,177,26,0.0,365,29,0,0,0,0,0,3057,3514,0.0,0.0,0.0,0.0,0.0,365,29,,,347,29,337,8,259,7,356,29,,,,,,,,0.0,0.0,0.0,0.0,0.0,0.0,0.0,0.0,0.0,2,0,0.0,0.0,0.0,0.0,0.0,0.0,0.0,0.0,0.0,0.0,0.0,0.0,0.0,0.0,3347.0,4354.0,0.0,0.0,0.0,0.0,0.0,0.0,0.0,0.0,0.0,0.0,0.0,0.0,0.0
252,Alfie,McNally,McNally,u,Has joined York City on loan for the rest of the season,,4.0,605,70,0.2,361,38,0.0,395,44,0,0,0,0,0,1784,936,0.0,0.0,0.0,0.0,0.0,395,44,0.0,,377,44,369,23,294,22,387,44,,,,,,,,0.0,0.0,0.0,0.0,0.0,0.0,0.0,0.0,0.0,2,0,0.0,0.0,0.0,0.0,0.0,0.0,0.0,0.0,0.0,0.0,0.0,0.0,0.0,0.0,1928.0,1034.0,0.0,0.0,0.0,0.0,0.0,0.0,0.0,0.0,0.0,0.0,0.0,0.0,0.0
253,Joachim,Andersen,Andersen,a,,,5.0,253,39,0.1,408,144,0.5,299,110,1,0,0,0,0,2919,1215,0.1,0.2,0.5,0.5,1.0,264,102,100.0,100.0,190,82,161,48,226,85,211,82,,,,,,,,0.0,0.04,0.04,2.02,0.0,0.0,1.0,1.0,8.0,2,1,90.0,0.0,0.0,0.0,1.0,0.0,0.0,0.0,1.0,0.0,0.0,1.0,0.0,4.0,3467.0,1320.0,0.0,0.0,0.04,0.04,2.02,17.8,12.9,2.0,3.3,0.0,8.0,2.0,8.0
254,Antonee,Robinson,Robinson,a,,,4.5,432,92,1.6,147,61,1.5,179,61,2,0,0,0,0,6828,9547,0.3,0.7,1.5,1.5,1.5,194,63,,,132,60,82,25,209,76,138,51,,,2.0,,,,,0.07,0.03,0.1,2.23,0.0,0.0,2.11,1.05,5.26,2,2,90.0,0.0,0.0,0.0,1.0,0.0,0.0,0.0,0.0,0.0,0.0,1.0,0.0,10.0,8493.0,10801.0,0.0,0.0,0.019999999999999997,0.01999999999999999,2.0200000000000005,9.799999999999997,4.600000000000001,0.0,1.4000000000000004,3.0,0.0,2.0,3.0
255,Jorge,Cuenca Barreno,J.Cuenca,a,,,4.5,468,119,0.0,526,183,1.5,180,62,0,0,0,0,0,301,379,0.3,0.7,1.5,1.5,3.0,104,39,,,127,56,121,37,359,155,156,58,,,,,,,,0.0,0.03,0.03,2.24,0.0,0.0,3.0,1.0,10.0,2,0,0.0,0.0,0.0,0.0,0.0,0.0,0.0,0.0,0.0,0.0,0.0,0.0,0.0,0.0,441.0,431.0,0.0,0.0,0.0,0.0,0.0,0.0,0.0,0.0,0.0,0.0,0.0,0.0,0.0
256,Kenny,Tete,Tete,a,,,4.5,431,91,0.2,318,117,0.0,428,160,0,0,0,0,0,278,1708,0.0,0.0,0.0,0.0,0.0,428,160,,,409,161,404,160,337,141,419,161,,,,,,,,0.0,0.0,0.0,0.0,0.0,0.0,0.0,0.0,0.0,2,0,0.0,0.0,0.0,0.0,0.0,0.0,0.0,0.0,0.0,0.0,0.0,0.0,0.0,0.0,330.0,2079.0,0.0,0.0,0.0,0.0,0.0,0.0,0.0,0.0,0.0,0.0,0.0,0.0,0.0
257,Calvin,Bassey,Bassey,a,,,4.5,459,112,0.8,220,81,1.0,221,78,2,0,0,0,0,4055,4465,0.2,0.4,1.0,1.0,1.0,245,89,,,124,55,199,64,220,82,189,72,,,,,,,,0.01,0.02,0.03,2.13,0.0,0.0,2.0,1.0,5.5,2,2,90.0,0.0,0.0,0.0,1.0,0.0,0.0,0.0,0.0,0.0,0.0,1.0,0.0,13.0,4873.0,5440.0,0.0,0.0,0.009999999999999998,0.010000000000000002,2.0199999999999996,19.400000000000002,2.6000000000000005,0.0,2.2,1.0,6.0,6.0,7.0
258,Timothy,Castagne,Castagne,a,,,4.5,430,90,0.7,222,82,6.0,36,13,6,0,0,0,0,20774,4948,1.3,2.7,6.0,6.0,6.0,38,14,,,103,46,87,26,81,18,80,23,,,,,,,,0.05,0.1,0.15,1.43,0.0,0.57,1.72,1.15,4.59,2,6,67.0,0.0,0.0,1.0,0.0,0.0,0.0,0.0,0.0,0.0,0.0,1.0,0.0,18.0,23632.0,5522.0,0.0,0.0,0.0,0.0,0.2599999999999998,0.0,0.6999999999999993,0.0,0.0,1.0,1.0,2.0,2.0
261,Alex,Iwobi,Iwobi,a,,,5.5,125,81,0.9,202,63,2.0,159,79,2,0,0,0,0,3591,9556,0.4,0.7,2.0,2.0,2.0,171,82,,,158,57,37,30,238,114,114,58,1.0,1.0,3.0,,,,,0.0,0.22,0.22,2.13,0.0,0.0,2.0,1.0,7.0,2,2,90.0,0.0,0.0,0.0,1.0,0.0,0.0,0.0,0.0,0.0,0.0,1.0,0.0,20.0,4695.0,11271.0,0.0,0.01,0.4,0.41000000000000003,2.0199999999999996,11.999999999999998,35.5,2.0,5.0,1.0,1.0,2.0,4.0
262,Emile,Smith Rowe,Smith Rowe,a,,,5.5,143,89,0.3,291,97,0.5,331,156,1,0,0,0,0,861,3748,0.1,0.2,0.5,0.5,1.0,309,144,,,271,123,113,69,175,86,208,92,,,,,,,,0.39,0.13,0.52,2.64,0.0,0.0,0.0,0.0,6.43,2,1,14.0,0.0,0.0,0.0,0.0,0.0,0.0,0.0,0.0,0.0,0.0,0.0,0.0,5.0,1139.0,4611.0,0.0,0.06,0.02,0.08,0.41,5.2,22.8,7.0,3.5,0.0,0.0,1.0,1.0
263,Kevin,Santos Lopes de Macedo,Kevin,a,,,5.5,196,124,0.0,492,202,1.0,257,123,1,0,0,0,0,232,807,0.2,0.4,1.0,1.0,1.0,318,149,,,272,124,224,121,588,252,303,136,3.0,,,,,,,0.0,0.19,0.19,0.75,0.0,0.0,0.0,0.0,11.25,2,1,7.0,0.0,0.0,0.0,0.0,0.0,0.0,0.0,0.0,0.0,0.0,0.0,0.0,2.0,295.0,951.0,0.0,0.0,0.04,0.04,0.17,0.0,1.5,0.0,0.10000000000000009,0.0,0.0,0.0,0.0
264,Oscar,Bobb,Bobb,a,,,5.5,177,110,0.3,293,98,2.5,136,63,3,0,0,0,0,2430,3424,0.5,0.9,2.5,2.5,2.5,141,63,,,198,77,97,60,132,67,154,73,2.0,,,,,,,0.0,0.18,0.18,1.67,0.0,0.68,2.03,1.35,7.44,2,3,67.0,0.0,0.0,1.0,0.0,0.0,0.0,0.0,0.0,0.0,0.0,1.0,0.0,8.0,3231.0,3821.0,0.0,0.0,0.010000000000000009,0.010000000000000009,0.26000000000000023,7.0,12.399999999999999,6.0,2.5,2.0,1.0,2.0,5.0
265,Sander,Berge,Berge,a,,,5.0,263,163,0.4,281,90,2.0,152,73,2,0,0,0,0,1078,2944,0.4,0.8,2.0,2.0,2.0,160,74,,,178,69,32,26,155,77,99,51,,,,,,,,0.02,0.13,0.15,2.37,0.0,0.0,2.34,1.17,3.51,2,2,82.0,0.0,0.0,0.0,1.0,0.0,0.0,0.0,0.0,0.0,0.0,1.0,0.0,14.0,1277.0,3473.0,0.0,0.0,0.2,0.2,1.8499999999999996,6.000000000000002,27.9,2.0,3.5999999999999996,0.0,0.0,2.0,2.0
266,Tom,Cairney,Cairney,i,Knee injury - Expected back 10 Oct,,5.0,230,144,0.0,613,266,0.0,510,206,0,0,0,0,0,10,53,0.0,0.0,0.0,0.0,0.0,510,206,0.0,0.0,493,195,495,203,442,162,502,199,,,,,,,,0.0,0.0,0.0,0.0,0.0,0.0,0.0,0.0,0.0,2,0,0.0,0.0,0.0,0.0,0.0,0.0,0.0,0.0,0.0,0.0,0.0,0.0,0.0,0.0,10.0,61.0,0.0,0.0,0.0,0.0,0.0,0.0,0.0,0.0,0.0,0.0,0.0,0.0,0.0
268,Josh,King,King,a,,,5.5,201,127,0.7,234,79,4.5,72,34,2,0,0,0,0,11564,7140,0.8,1.6,4.5,4.5,4.5,75,36,,,49,25,124,75,20,11,34,27,,,,,,,,0.32,0.04,0.36,2.13,0.0,0.0,2.0,1.0,6.0,2,2,90.0,0.0,0.0,0.0,1.0,0.0,0.0,0.0,0.0,0.0,0.0,1.0,0.0,8.0,18798.0,8067.0,0.0,0.47,0.030000000000000006,0.5,2.0199999999999996,10.600000000000001,4.500000000000002,21.0,3.5999999999999996,2.0,1.0,1.0,4.0
269,Ryan,Sessegnon,Sessegnon,a,,,4.5,436,94,0.4,272,102,1.0,217,74,1,0,0,0,0,495,2536,0.2,0.4,1.0,1.0,1.0,238,82,,,204,85,174,55,70,15,155,57,,,,,,,,0.12,0.28,0.4,4.15,0.0,0.0,2.31,0.0,4.62,2,1,22.0,0.0,0.0,0.0,1.0,0.0,0.0,0.0,0.0,0.0,0.0,0.0,0.0,3.0,640.0,3116.0,0.0,0.020000000000000004,0.12,0.14,1.77,8.6,11.0,8.0,2.8000000000000003,1.0,0.0,1.0,1.0
271,Rodrigo,Muniz Carvalho,Muniz,a,,,5.5,153,36,0.5,255,42,0.5,335,38,0,0,0,0,0,2414,6492,0.1,0.2,0.5,0.5,1.0,312,35,,,261,23,175,18,176,30,235,26,,,,,,,,0.22,0.0,0.22,0.34,0.0,0.0,0.0,0.0,11.25,2,0,0.0,0.0,0.0,0.0,0.0,0.0,0.0,0.0,0.0,0.0,0.0,0.0,0.0,0.0,2890.0,7793.0,0.0,0.0,0.0,0.0,0.0,0.0,0.0,0.0,0.0,0.0,0.0,0.0,0.0
272,Jonah,Kusi-Asare,Kusi-Asare,a,,,4.5,543,73,6.8,63,9,0.0,492,54,0,0,0,0,0,34589,39486,0.0,0.0,0.0,0.0,0.0,492,54,,,475,47,476,52,421,49,484,52,,,,,,,,0.0,0.0,0.0,0.0,0.0,0.0,0.0,0.0,0.0,2,0,0.0,0.0,0.0,0.0,0.0,0.0,0.0,0.0,0.0,0.0,0.0,0.0,0.0,0.0,37533.0,46573.0,0.0,0.0,0.0,0.0,0.0,0.0,0.0,0.0,0.0,0.0,0.0,0.0,0.0
569,Gonzalo,García,Gonzalo,a,,,6.0,90,21,4.5,79,12,4.0,85,10,2,0,0,0,0,82148,43330,0.7,1.3,4.0,4.0,4.0,91,14,,,82,7,198,25,17,8,51,7,,,1.0,,,,,0.5,0.01,0.51,2.13,0.0,0.0,2.0,1.0,3.0,2,2,90.0,0.0,0.0,0.0,1.0,0.0,0.0,0.0,0.0,0.0,0.0,1.0,0.0,2.0,129725.0,46715.0,0.0,0.27,0.01,0.28,2.0199999999999996,5.599999999999994,2.8,24.0,3.200000000000001,0.0,2.0,2.0,4.0
570,César,Palacios,Palacios,a,,,5.5,199,126,0.2,345,127,1.5,200,96,1,0,0,0,0,501,1881,0.3,0.5,1.5,1.5,1.5,214,101,,,264,117,192,107,141,71,236,105,,,,,,,,0.11,0.01,0.12,2.34,0.0,0.0,2.45,1.22,7.96,2,1,75.0,0.0,0.0,0.0,1.0,0.0,0.0,0.0,1.0,0.0,0.0,1.0,0.0,6.0,623.0,2164.0,0.0,0.01999999999999999,0.0,0.01999999999999999,1.62,3.0,1.2999999999999998,3.0,0.7,0.0,3.0,6.0,9.0
580,Shea,Charles,Charles,a,,,5.0,313,187,0.1,450,181,1.0,237,109,1,0,0,0,0,207,692,0.2,0.4,1.0,1.0,1.0,275,119,,,288,132,217,119,186,91,283,126,,,,,,,,0.18,0.06,0.24,3.6,0.0,0.0,2.0,0.0,10.0,2,1,22.0,0.0,0.0,0.0,1.0,0.0,0.0,0.0,0.0,0.0,0.0,0.0,0.0,2.0,245.0,832.0,0.0,0.09,0.03,0.12,1.77,0.6000000000000001,2.8,6.0,0.8999999999999999,0.0,1.0,1.0,2.0
610,Luc,De Fougerolles,De Fougerolles,d,Unspecified injury - 75% chance of playing,,4.0,611,190,0.1,424,150,0.0,400,143,0,0,0,0,0,1651,1177,0.0,0.0,0.0,0.0,0.0,400,143,75.0,75.0,382,145,374,143,299,117,392,145,,,,,,,,0.0,0.0,0.0,0.0,0.0,0.0,0.0,0.0,0.0,2,0,0.0,0.0,0.0,0.0,0.0,0.0,0.0,0.0,0.0,0.0,0.0,0.0,0.0,0.0,2050.0,1320.0,0.0,0.0,0.0,0.0,0.0,0.0,0.0,0.0,0.0,0.0,0.0,0.0,0.0
626,Macauley,Zepa,Zepa,a,,,4.5,538,272,0.2,354,133,0.0,489,192,0,0,0,0,0,10695,2007,0.0,0.0,1.0,1.0,0.0,489,192,,,471,180,473,189,417,147,481,185,,,,,,,,0.0,0.0,0.0,0.0,0.0,0.0,0.0,0.0,0.0,2,0,0.0,0.0,0.0,0.0,0.0,0.0,0.0,0.0,0.0,0.0,0.0,0.0,0.0,0.0,10695.0,2007.0,0.0,0.0,0.0,0.0,0.0,0.0,0.0,0.0,0.0,0.0,0.0,0.0,0.0
273,Dillon,Phillips,Phillips,a,,,4.0,570,60,1.5,155,23,0.0,372,34,0,0,0,0,0,4852,5899,0.0,0.0,0.0,0.0,0.0,372,34,,,354,34,345,13,267,12,363,34,,,,,,,,0.0,0.0,0.0,0.0,0.0,0.0,0.0,0.0,0.0,2,0,0.0,0.0,0.0,0.0,0.0,0.0,0.0,0.0,0.0,0.0,0.0,0.0,0.0,0.0,5272.0,7235.0,0.0,0.0,0.0,0.0,0.0,0.0,0.0,0.0,0.0,0.0,0.0,0.0,0.0
274,Jack,Butland,Butland,i,Arm injury - Unknown return date,,4.5,417,26,0.1,442,48,0.0,419,48,0,0,0,0,0,86,967,0.0,0.0,0.0,0.0,0.0,419,48,0.0,0.0,400,48,394,29,327,28,410,48,,,,,,,,0.0,0.0,0.0,0.0,0.0,0.0,0.0,0.0,0.0,2,0,0.0,0.0,0.0,0.0,0.0,0.0,0.0,0.0,0.0,0.0,0.0,0.0,0.0,0.0,106.0,1165.0,0.0,0.0,0.0,0.0,0.0,0.0,0.0,0.0,0.0,0.0,0.0,0.0,0.0
275,Harvey,Cartwright,Cartwright,u,Has joined Grimsby Town on loan for the rest of the season,,4.0,601,69,0.0,598,71,0.0,391,43,0,0,0,0,0,0,63,0.0,0.0,0.0,0.0,0.0,391,43,0.0,0.0,373,43,365,22,290,21,383,43,,,,,,,,0.0,0.0,0.0,0.0,0.0,0.0,0.0,0.0,0.0,2,0,0.0,0.0,0.0,0.0,0.0,0.0,0.0,0.0,0.0,0.0,0.0,0.0,0.0,0.0,0.0,68.0,0.0,0.0,0.0,0.0,0.0,0.0,0.0,0.0,0.0,0.0,0.0,0.0,0.0
276,Thimothée,Lo-Tutala,Lo-Tutala,u,Has joined Colchester United on loan for the rest of the season,,4.0,590,66,0.0,539,60,0.0,384,40,0,0,0,0,0,0,182,0.0,0.0,0.0,0.0,0.0,384,40,0.0,0.0,366,40,358,19,282,18,376,40,,,,,,,,0.0,0.0,0.0,0.0,0.0,0.0,0.0,0.0,0.0,2,0,0.0,0.0,0.0,0.0,0.0,0.0,0.0,0.0,0.0,0.0,0.0,0.0,0.0,0.0,0.0,215.0,0.0,0.0,0.0,0.0,0.0,0.0,0.0,0.0,0.0,0.0,0.0,0.0,0.0
277,John,Egan,Egan,a,,,4.0,563,156,3.8,90,36,8.5,12,5,9,0,0,0,0,168611,22996,2.1,4.2,8.5,8.5,8.5,14,6,,,21,5,304,113,216,78,122,43,,,,,,,,0.0,0.0,0.0,1.56,0.0,1.0,0.0,1.0,17.0,2,9,90.0,0.0,0.0,1.0,0.0,0.0,0.0,0.0,0.0,0.0,0.0,1.0,1.0,25.0,172614.0,25074.0,0.0,0.0,0.0,0.0,1.29,23.800000000000004,0.4,0.0,2.4000000000000004,1.0,12.0,1.0,13.0
278,Charlie,Hughes,Hughes,i,Groin injury - Unknown return date,,4.0,604,184,0.1,431,152,0.0,394,138,0,0,0,0,0,67,1122,0.0,0.0,0.0,0.0,0.0,394,138,0.0,0.0,376,140,368,138,293,112,386,140,,,,,,,,0.0,0.0,0.0,0.0,0.0,0.0,0.0,0.0,0.0,2,0,0.0,0.0,0.0,0.0,0.0,0.0,0.0,0.0,0.0,0.0,0.0,0.0,0.0,0.0,77.0,1347.0,0.0,0.0,0.0,0.0,0.0,0.0,0.0,0.0,0.0,0.0,0.0,0.0,0.0
279,Semi,Ajayi,Ajayi,a,,,4.1,552,153,7.0,59,24,10.0,3,1,6,1,-1,1,-1,379385,27676,2.4,4.9,10.0,10.0,10.0,4,1,100.0,100.0,31,9,282,101,54,10,73,19,,,,,,,,0.31,0.0,0.31,1.26,0.0,1.18,0.0,1.18,8.24,2,6,90.0,0.0,0.0,1.0,0.0,0.0,0.0,0.0,0.0,0.0,0.0,1.0,0.0,24.0,400730.0,29513.0,0.0,0.0,0.0,0.0,1.29,15.599999999999994,0.8,0.0,1.5999999999999996,2.0,5.0,5.0,7.0
280,Lewie,Coyle,Coyle,d,Unspecified injury - 75% chance of playing,,4.0,576,164,0.6,248,93,3.0,98,38,0,0,0,0,0,980,5312,0.8,1.5,2.2,3.0,3.0,103,38,75.0,100.0,231,95,173,54,272,99,245,91,,,,,,,,0.0,0.01,0.01,1.78,0.0,0.79,0.0,1.58,4.74,2,0,45.0,0.0,0.0,0.0,0.0,0.0,0.0,0.0,1.0,0.0,0.0,1.0,0.0,2.0,1805.0,5846.0,0.0,0.0,0.0,0.0,1.09,4.6000000000000005,0.29999999999999893,0.0,0.5000000000000002,0.0,4.0,1.0,4.0
281,Cody,Drameh,Drameh,a,,,4.0,587,172,0.1,457,161,1.0,210,68,1,0,0,0,0,814,568,0.2,0.5,1.0,1.0,1.0,227,72,100.0,100.0,256,100,311,117,247,90,299,108,,,,,,,,0.07,0.0,0.07,1.2,0.0,0.0,0.0,0.0,8.31,2,1,45.0,0.0,0.0,0.0,0.0,0.0,0.0,0.0,0.0,0.0,0.0,0.0,0.0,4.0,941.0,625.0,0.0,0.0,0.0,0.0,0.19999999999999996,4.2,0.4,0.0,0.5,0.0,3.0,2.0,3.0
282,Ryan,Giles,Giles,a,,,4.0,584,171,1.0,188,74,6.0,35,12,6,0,0,0,0,13214,3895,1.5,3.0,6.0,6.0,6.0,37,13,,,162,74,69,17,183,62,137,50,1.0,1.0,,,,,,0.01,0.07,0.08,1.58,0.0,1.03,0.0,1.03,4.14,2,6,90.0,0.0,0.0,1.0,0.0,0.0,0.0,0.0,0.0,0.0,0.0,1.0,0.0,21.0,14598.0,4716.0,0.0,0.0,0.07,0.07,1.2899999999999998,9.599999999999998,14.999999999999996,2.0,2.7,1.0,1.0,4.0,2.0
283,Matty,Jacob,Jacob,i,Hip injury - Expected back 5 Sep,,4.0,591,174,0.0,586,199,0.0,385,132,0,0,0,0,0,50,112,0.0,0.0,0.0,0.0,0.0,385,132,0.0,0.0,367,134,359,132,283,105,377,134,,,,,,,,0.0,0.0,0.0,0.0,0.0,0.0,0.0,0.0,0.0,2,0,0.0,0.0,0.0,0.0,0.0,0.0,0.0,0.0,0.0,0.0,0.0,0.0,0.0,0.0,60.0,143.0,0.0,0.0,0.0,0.0,0.0,0.0,0.0,0.0,0.0,0.0,0.0,0.0,0.0
284,Cathal,McCarthy,McCarthy,a,,,4.0,629,207,0.1,446,156,0.0,414,156,0,0,0,0,0,781,743,0.0,0.0,0.0,0.0,0.0,414,156,,,396,158,388,156,316,133,406,158,,,,,,,,0.0,0.0,0.0,0.0,0.0,0.0,0.0,0.0,0.0,2,0,0.0,0.0,0.0,0.0,0.0,0.0,0.0,0.0,0.0,0.0,0.0,0.0,0.0,0.0,858.0,861.0,0.0,0.0,0.0,0.0,0.0,0.0,0.0,0.0,0.0,0.0,0.0,0.0,0.0
285,Paddy,McNair,McNair,a,,,4.0,568,158,0.1,397,141,0.5,271,87,0,0,0,0,0,559,914,0.1,0.2,0.5,0.5,1.0,223,68,,,282,105,344,124,266,95,314,112,,,,,,,,0.0,0.0,0.0,3.32,0.0,0.0,0.0,0.0,6.92,2,0,0.0,0.0,0.0,0.0,0.0,0.0,0.0,0.0,0.0,0.0,0.0,0.0,0.0,0.0,622.0,1026.0,0.0,0.0,0.0,0.0,0.0,0.0,0.0,0.0,0.0,0.0,0.0,0.0,0.0
286,Mohamed,Belloumi,Belloumi,a,,,5.0,361,215,0.8,218,71,4.5,68,33,6,0,0,0,0,16173,5204,0.9,1.8,4.5,4.5,4.5,72,35,,,121,44,153,92,96,50,130,66,3.0,2.0,,,,,,0.09,0.03,0.12,1.54,0.0,1.05,0.0,1.05,10.47,2,6,82.0,0.0,1.0,1.0,0.0,0.0,0.0,0.0,0.0,0.0,0.0,1.0,0.0,23.0,18383.0,5939.0,0.0,0.12000000000000001,0.020000000000000004,0.14,1.1099999999999999,23.199999999999996,12.100000000000001,11.0,4.6,2.0,3.0,5.0,10.0
287,Liam,Millar,Millar,a,,,5.0,290,177,0.1,445,179,3.0,103,45,6,0,0,0,0,2550,735,0.6,1.2,3.0,3.0,3.0,109,46,,,114,42,281,144,114,59,165,79,,,,,,,,1.04,0.0,1.04,1.57,0.0,0.0,0.0,0.0,7.2,2,6,31.0,1.0,0.0,0.0,0.0,0.0,0.0,0.0,0.0,0.0,0.0,0.0,0.0,24.0,2587.0,930.0,0.0,0.58,0.0,0.58,0.19999999999999996,34.0,0.8,13.0,4.8,0.0,1.0,0.0,1.0
288,Kieran,Dowell,Dowell,a,,,4.5,433,249,0.4,282,91,0.0,429,173,0,0,0,0,0,3467,3504,0.0,0.0,0.0,0.0,0.0,429,173,,,410,161,405,170,338,127,420,166,,,,,,,,0.0,0.0,0.0,0.0,0.0,0.0,0.0,0.0,0.0,2,0,0.0,0.0,0.0,0.0,0.0,0.0,0.0,0.0,0.0,0.0,0.0,0.0,0.0,0.0,3678.0,4136.0,0.0,0.0,0.0,0.0,0.0,0.0,0.0,0.0,0.0,0.0,0.0,0.0,0.0
289,Matt,Crooks,Crooks,d,Thigh injury - 75% chance of playing,,4.5,416,246,0.6,239,80,1.0,216,102,0,0,0,0,0,2316,9109,0.2,0.4,0.8,1.0,2.0,152,70,75.0,,182,70,234,126,326,124,250,113,,,,,,,,0.0,0.0,0.0,1.83,0.0,1.0,0.0,1.0,9.0,2,0,0.0,0.0,0.0,0.0,0.0,0.0,0.0,0.0,0.0,0.0,0.0,0.0,0.0,0.0,3888.0,9994.0,0.0,0.0,0.0,0.0,0.0,0.0,0.0,0.0,0.0,0.0,0.0,0.0,0.0
290,Regan,Slater,Slater,a,,,4.5,463,252,4.5,80,26,4.0,77,35,2,0,0,0,0,85702,33880,0.9,1.8,4.0,4.0,4.0,80,37,,,140,51,116,71,221,105,160,75,2.0,,,,,,,0.0,0.22,0.22,1.56,0.0,1.0,0.0,1.0,6.5,2,2,90.0,0.0,0.0,1.0,0.0,0.0,0.0,0.0,1.0,0.0,0.0,1.0,0.0,6.0,103119.0,37393.0,0.0,0.0,0.010000000000000009,0.010000000000000009,1.29,9.8,2.8000000000000007,2.0,1.5,4.0,2.0,4.0,10.0
291,Eliot,Matazo,Matazo,i,Knee injury - Unknown return date,,4.5,479,254,0.0,605,259,0.0,447,176,0,0,0,0,0,58,75,0.0,0.0,0.0,0.0,0.0,447,176,0.0,0.0,428,164,426,173,366,131,438,169,,,,,,,,0.0,0.0,0.0,0.0,0.0,0.0,0.0,0.0,0.0,2,0,0.0,0.0,0.0,0.0,0.0,0.0,0.0,0.0,0.0,0.0,0.0,0.0,0.0,0.0,69.0,85.0,0.0,0.0,0.0,0.0,0.0,0.0,0.0,0.0,0.0,0.0,0.0,0.0,0.0
292,Abdülkadir,Ömür,Ömür,a,,,5.0,264,164,0.0,571,238,0.0,523,214,0,0,0,0,0,139,290,0.0,0.0,0.0,0.0,0.0,523,214,,,511,206,512,211,466,175,518,208,,,,,,,,0.0,0.0,0.0,0.0,0.0,0.0,0.0,0.0,0.0,2,0,0.0,0.0,0.0,0.0,0.0,0.0,0.0,0.0,0.0,0.0,0.0,0.0,0.0,0.0,159.0,346.0,0.0,0.0,0.0,0.0,0.0,0.0,0.0,0.0,0.0,0.0,0.0,0.0,0.0
293,Abu,Kamara,Kamara,u,Has joined Portsmouth permanently,,5.0,330,194,0.0,617,269,0.0,553,229,0,0,0,0,0,0,63,0.0,0.0,0.0,0.0,0.0,553,229,0.0,0.0,541,222,547,228,507,196,549,225,,,,,,,,0.0,0.0,0.0,0.0,0.0,0.0,0.0,0.0,0.0,2,0,0.0,0.0,0.0,0.0,0.0,0.0,0.0,0.0,0.0,0.0,0.0,0.0,0.0,0.0,0.0,81.0,0.0,0.0,0.0,0.0,0.0,0.0,0.0,0.0,0.0,0.0,0.0,0.0,0.0
294,Óscar,Zambrano,Zambrano,i,Thigh injury - Unknown return date,,4.5,514,262,0.1,432,172,0.0,471,184,0,0,0,0,0,505,1324,0.0,0.0,0.0,0.0,0.0,471,184,0.0,0.0,452,172,455,181,397,139,462,177,,,,,,,,0.0,0.0,0.0,0.0,0.0,0.0,0.0,0.0,0.0,2,0,0.0,0.0,0.0,0.0,0.0,0.0,0.0,0.0,0.0,0.0,0.0,0.0,0.0,0.0,583.0,1506.0,0.0,0.0,0.0,0.0,0.0,0.0,0.0,0.0,0.0,0.0,0.0,0.0,0.0
295,Oli,McBurnie,McBurnie,a,,,5.5,127,31,2.1,125,19,3.0,107,13,1,0,0,0,0,24117,27691,0.5,1.1,3.0,3.0,3.0,113,17,,,188,17,64,5,23,10,53,8,,,1.0,,,,,0.08,0.01,0.09,1.56,0.0,1.0,0.0,1.0,4.5,2,1,90.0,0.0,0.0,1.0,0.0,0.0,0.0,0.0,1.0,0.0,0.0,1.0,0.0,7.0,39107.0,30710.0,0.0,0.0,0.01,0.009999999999999981,1.29,0.8000000000000007,13.299999999999997,8.0,2.1999999999999993,0.0,0.0,4.0,4.0
296,David,Akintola,Akintola,a,,,5.0,269,168,0.0,507,210,0.0,525,215,0,0,0,0,0,851,884,0.0,0.0,0.0,0.0,0.0,525,215,,,513,207,514,212,468,176,520,209,,,,,,,,0.0,0.0,0.0,0.0,0.0,0.0,0.0,0.0,0.0,2,0,0.0,0.0,0.0,0.0,0.0,0.0,0.0,0.0,0.0,0.0,0.0,0.0,0.0,0.0,940.0,993.0,0.0,0.0,0.0,0.0,0.0,0.0,0.0,0.0,0.0,0.0,0.0,0.0,0.0
297,Darko,Gyabi,Gyabi,i,Thigh injury - Unknown return date,,4.5,480,255,0.0,555,231,0.0,448,177,0,0,0,0,0,76,291,0.0,0.0,0.0,0.0,0.0,448,177,0.0,0.0,429,165,427,174,367,132,439,170,,,,,,,,0.0,0.0,0.0,0.0,0.0,0.0,0.0,0.0,0.0,2,0,0.0,0.0,0.0,0.0,0.0,0.0,0.0,0.0,0.0,0.0,0.0,0.0,0.0,0.0,85.0,326.0,0.0,0.0,0.0,0.0,0.0,0.0,0.0,0.0,0.0,0.0,0.0,0.0,0.0
298,Enis,Destan,Destan,u,Has joined Konyaspor permanently,,4.5,499,64,0.3,304,52,0.0,457,46,0,0,0,0,0,0,3787,0.0,0.0,0.0,0.0,0.0,457,46,0.0,0.0,438,38,441,44,383,40,448,43,,,,,,,,0.0,0.0,0.0,0.0,0.0,0.0,0.0,0.0,0.0,2,0,0.0,0.0,0.0,0.0,0.0,0.0,0.0,0.0,0.0,0.0,0.0,0.0,0.0,0.0,0.0,4510.0,0.0,0.0,0.0,0.0,0.0,0.0,0.0,0.0,0.0,0.0,0.0,0.0,0.0
299,Mason,Burstow,Burstow,u,Has joined Sheffield Wednesday on loan for the rest of the season,,4.5,507,65,0.0,501,66,0.0,465,47,0,0,0,0,0,0,546,0.0,0.0,0.0,0.0,0.0,465,47,0.0,0.0,446,39,449,45,391,41,456,44,,,,,,,,0.0,0.0,0.0,0.0,0.0,0.0,0.0,0.0,0.0,2,0,0.0,0.0,0.0,0.0,0.0,0.0,0.0,0.0,0.0,0.0,0.0,0.0,0.0,0.0,0.0,639.0,0.0,0.0,0.0,0.0,0.0,0.0,0.0,0.0,0.0,0.0,0.0,0.0,0.0
340,Joe,Gelhardt,Gelhardt,i,Ankle injury - Expected back 5 Sep,,5.0,312,186,0.0,592,253,0.0,547,225,0,0,0,0,0,30,131,0.0,0.0,0.0,0.0,0.0,547,225,0.0,0.0,534,217,538,223,496,190,542,220,,,,,,,,0.0,0.0,0.0,0.0,0.0,0.0,0.0,0.0,0.0,2,0,0.0,0.0,0.0,0.0,0.0,0.0,0.0,0.0,0.0,0.0,0.0,0.0,0.0,0.0,35.0,171.0,0.0,0.0,0.0,0.0,0.0,0.0,0.0,0.0,0.0,0.0,0.0,0.0,0.0
556,Matt,Targett,Targett,a,,,4.0,571,160,2.1,123,51,0.5,273,89,0,0,0,0,0,6248,14183,0.1,0.2,0.5,0.5,1.0,225,70,,,331,123,346,125,268,96,364,127,,,,,,,,0.0,0.0,0.0,1.26,0.0,0.0,0.0,0.0,0.0,2,0,0.0,0.0,0.0,0.0,0.0,0.0,0.0,0.0,0.0,0.0,0.0,0.0,0.0,0.0,6819.0,16483.0,0.0,0.0,0.0,0.0,0.0,0.0,0.0,0.0,0.0,0.0,0.0,0.0,0.0
563,Hidemasa,Morita,Morita,a,,,5.0,304,182,0.0,553,230,0.5,307,137,1,0,0,0,0,253,167,0.1,0.2,0.5,0.5,1.0,273,117,100.0,100.0,230,95,157,94,490,187,239,107,,,,,,,,0.0,0.0,0.0,2.18,0.0,0.0,0.0,2.0,6.0,2,1,45.0,0.0,0.0,0.0,0.0,0.0,0.0,0.0,0.0,0.0,0.0,1.0,0.0,6.0,280.0,187.0,0.0,0.0,0.0,0.0,1.09,11.0,13.4,0.0,2.4,0.0,2.0,1.0,3.0
572,Konstantinos,Tzolakis,Tzolakis,a,,,4.5,484,41,6.3,64,9,10.0,4,1,10,0,0,0,0,218485,24324,2.2,4.4,10.0,10.0,10.0,5,1,,,29,5,429,44,371,43,142,4,,,,,,,,0.0,0.0,0.0,1.56,4.0,1.0,0.0,1.0,0.0,2,10,90.0,0.0,0.0,1.0,0.0,0.0,0.0,0.0,0.0,0.0,3.0,1.0,3.0,32.0,235672.0,26832.0,0.0,0.0,0.0,0.0,1.29,26.199999999999996,0.0,0.0,2.5999999999999996,0.0,0.0,11.0,0.0
574,Jens,Hjertø-Dahl,Hjertø-Dahl,a,,,5.0,367,220,0.1,469,188,0.0,570,239,0,0,0,0,0,209,844,0.0,0.0,0.0,0.0,0.0,570,239,,,557,232,564,238,528,209,565,235,,,,,,,,0.0,0.0,0.0,0.0,0.0,0.0,0.0,0.0,0.0,2,0,0.0,0.0,0.0,0.0,0.0,0.0,0.0,0.0,0.0,0.0,0.0,0.0,0.0,0.0,243.0,1016.0,0.0,0.0,0.0,0.0,0.0,0.0,0.0,0.0,0.0,0.0,0.0,0.0,0.0
576,Elliot,Stroud,Stroud,a,,,5.0,377,228,0.1,437,175,1.5,192,91,0,0,0,0,0,481,886,0.3,0.6,1.5,1.5,1.5,206,96,,,243,103,189,105,173,84,247,111,,,,,,,,0.01,0.03,0.04,1.58,0.0,0.7,0.0,1.41,9.14,2,0,58.0,0.0,0.0,0.0,0.0,0.0,0.0,0.0,1.0,0.0,0.0,1.0,0.0,-2.0,721.0,1014.0,0.0,0.01,0.010000000000000002,0.020000000000000004,1.09,0.0,4.3,7.0,0.9000000000000001,0.0,2.0,5.0,7.0
585,Lucas,Herrington,Herrington,a,,,4.0,622,200,0.6,237,88,1.0,214,72,1,0,0,0,0,2095,2862,0.2,0.5,1.0,1.0,1.0,231,76,,,228,93,322,118,310,127,291,105,,,,,,,,0.0,0.0,0.0,1.83,0.0,0.0,0.0,0.0,7.89,2,1,31.0,0.0,0.0,0.0,0.0,0.0,0.0,0.0,0.0,0.0,0.0,0.0,0.0,3.0,2284.0,3490.0,0.0,0.0,0.0,0.0,0.19999999999999996,3.0,0.2,0.0,0.30000000000000004,0.0,1.0,0.0,1.0
586,Nobel,Mendy,Mendy,a,,,4.0,624,202,5.2,70,28,8.0,17,7,1,0,0,0,0,103098,39884,2.0,4.0,8.0,8.0,8.0,19,8,100.0,100.0,7,1,296,109,45,5,43,6,,,,,,,,0.22,0.0,0.22,1.45,0.0,0.74,0.0,1.49,16.36,2,1,58.0,0.0,0.0,0.0,0.0,0.0,0.0,0.0,0.0,0.0,0.0,1.0,0.0,9.0,146845.0,42756.0,0.0,0.009999999999999953,0.0,0.009999999999999953,1.0899999999999999,27.60000000000001,0.0,7.0,3.5,2.0,7.0,2.0,9.0
589,Lucas,Gourna-Douath,Gourna-Douath,a,,,5.0,319,189,0.0,541,224,0.5,310,139,1,0,0,0,0,143,207,0.1,0.2,0.5,0.5,1.0,277,120,,,218,88,286,145,500,192,284,127,,,,,,,,0.0,0.02,0.02,0.4,0.0,0.0,0.0,0.0,12.0,2,1,45.0,0.0,0.0,0.0,0.0,0.0,0.0,0.0,0.0,0.0,0.0,0.0,0.0,6.0,159.0,278.0,0.0,0.0,0.01,0.01,0.2,12.8,0.9,0.0,1.4,3.0,1.0,2.0,6.0
617,Mohamed-Ali,Cho,Cho,a,,,5.0,332,196,0.0,606,260,1.0,240,110,1,0,0,0,0,456,115,0.2,0.2,1.5,1.5,1.0,280,122,,,332,152,314,159,509,198,344,161,,,,,,,,0.0,0.0,0.0,2.31,0.0,0.0,0.0,0.0,0.0,2,1,7.0,0.0,0.0,0.0,0.0,0.0,0.0,0.0,0.0,0.0,0.0,0.0,0.0,3.0,481.0,117.0,0.0,0.0,0.0,0.0,0.18,0.4,0.3,0.0,0.1,0.0,0.0,0.0,0.0
259,Issa,Diop,Diop,a,,,4.0,581,168,16.1,24,8,2.0,146,52,2,0,0,0,0,23964,65367,0.5,1.0,2.0,2.0,2.0,151,54,,,65,27,278,99,217,79,168,61,,,,,,,,0.0,0.0,0.0,2.72,0.0,0.0,3.0,1.0,8.5,2,2,90.0,0.0,0.0,0.0,5.0,0.0,0.0,0.0,0.0,0.0,0.0,1.0,0.0,7.0,27231.0,77906.0,0.0,0.0,0.0,0.0,4.77,40.8,0.30000000000000004,0.0,4.1,0.0,12.0,4.0,12.0
267,Saša,Lukić,Lukić,a,,,5.0,268,167,0.1,404,160,3.0,102,44,1,0,0,0,0,462,951,0.6,1.2,3.0,3.0,3.0,108,45,,,88,31,93,58,198,95,121,61,4.0,,,,,,,0.01,0.02,0.03,2.54,0.0,0.0,2.78,1.11,9.44,2,1,72.0,0.0,0.0,0.0,4.0,0.0,0.0,0.0,1.0,0.0,0.0,1.0,0.0,11.0,668.0,1341.0,0.0,0.02,0.02,0.039999999999999994,3.91,17.4,11.899999999999999,2.0,3.0999999999999996,3.0,7.0,1.0,11.0
300,Christian,Walton,Walton,a,,,4.5,420,27,0.5,265,35,0.0,421,49,0,0,0,0,0,213,2448,0.0,0.0,0.0,0.0,0.0,421,49,,,402,49,396,30,329,29,412,49,,,,,,,,0.0,0.0,0.0,0.0,0.0,0.0,0.0,0.0,0.0,2,0,0.0,0.0,0.0,0.0,0.0,0.0,0.0,0.0,0.0,0.0,0.0,0.0,0.0,0.0,225.0,3374.0,0.0,0.0,0.0,0.0,0.0,0.0,0.0,0.0,0.0,0.0,0.0,0.0,0.0
301,Alex,Palmer,Palmer,a,,,4.0,564,57,4.3,84,12,0.0,368,31,0,0,0,0,0,13281,16223,0.0,0.0,0.0,0.0,0.0,368,31,,,350,31,340,10,262,9,359,31,,,,,,,,0.0,0.0,0.0,0.0,0.0,0.0,0.0,0.0,0.0,2,0,0.0,0.0,0.0,0.0,0.0,0.0,0.0,0.0,0.0,0.0,0.0,0.0,0.0,0.0,14452.0,19003.0,0.0,0.0,0.0,0.0,0.0,0.0,0.0,0.0,0.0,0.0,0.0,0.0,0.0
302,David,Button,Button,a,,,4.0,556,52,0.5,264,34,0.0,361,26,0,0,0,0,0,3781,1924,0.0,0.0,0.0,0.0,0.0,361,26,,,343,26,333,5,255,4,352,26,,,,,,,,0.0,0.0,0.0,0.0,0.0,0.0,0.0,0.0,0.0,2,0,0.0,0.0,0.0,0.0,0.0,0.0,0.0,0.0,0.0,0.0,0.0,0.0,0.0,0.0,4127.0,2179.0,0.0,0.0,0.0,0.0,0.0,0.0,0.0,0.0,0.0,0.0,0.0,0.0,0.0
303,Cédric,Kipré,Kipré,a,,,4.0,575,163,0.6,249,94,0.0,374,126,0,0,0,0,0,320,2928,0.0,0.0,0.0,0.0,0.0,374,126,,,356,128,348,126,271,98,366,128,,,,,,,,0.0,0.0,0.0,0.0,0.0,0.0,0.0,0.0,0.0,2,0,0.0,0.0,0.0,0.0,0.0,0.0,0.0,0.0,0.0,0.0,0.0,0.0,0.0,0.0,347.0,3888.0,0.0,0.0,0.0,0.0,0.0,0.0,0.0,0.0,0.0,0.0,0.0,0.0,0.0
304,Dara,O'Shea,O'Shea,a,,,4.0,580,167,3.3,98,38,2.0,145,51,0,0,0,0,0,12056,17749,0.5,1.0,2.0,2.0,2.0,150,53,,,64,26,102,31,135,43,88,27,,,,,,,,0.04,0.08,0.12,2.72,0.0,0.0,3.0,1.0,9.5,2,0,90.0,0.0,0.0,0.0,5.0,0.0,0.0,0.0,0.0,0.0,0.0,1.0,0.0,-14.0,14481.0,20587.0,0.0,0.07,0.010000000000000009,0.07999999999999999,4.77,0.0,0.8000000000000007,9.0,0.9000000000000004,0.0,1.0,2.0,1.0
305,Leif,Davis,Davis,a,,,4.0,594,177,5.0,73,30,4.0,75,27,6,0,0,0,0,31772,20313,1.0,2.0,4.0,4.0,4.0,78,27,,,25,7,136,41,34,3,36,3,2.0,2.0,,,,,,0.27,0.06,0.33,2.72,0.0,0.0,3.0,1.0,5.5,2,6,90.0,1.0,0.0,0.0,5.0,0.0,0.0,0.0,0.0,0.0,0.0,1.0,0.0,1.0,32725.0,24167.0,0.0,0.54,0.12000000000000001,0.66,4.77,47.0,14.7,50.0,11.2,0.0,4.0,1.0,4.0
306,Jacob,Greaves,Greaves,a,,,4.0,592,175,1.4,162,66,0.5,275,91,-1,0,0,0,0,1548,5619,0.1,0.2,0.5,0.5,0.5,342,112,,,118,54,232,74,284,106,199,76,,,,,,,,0.0,0.0,0.0,2.72,0.0,0.0,3.0,1.0,8.5,2,-1,90.0,0.0,0.0,0.0,5.0,1.0,0.0,0.0,1.0,0.0,0.0,1.0,0.0,-13.0,1739.0,6995.0,0.0,0.0,0.01,0.01,4.77,18.4,1.3,0.0,1.9999999999999998,1.0,9.0,4.0,10.0
307,Ben,Johnson,Johnson,a,,,4.0,583,170,0.1,421,148,0.0,379,130,0,0,0,0,0,404,693,0.0,0.0,0.0,0.0,0.0,379,130,,,361,132,353,130,277,103,371,132,,,,,,,,0.0,0.0,0.0,0.0,0.0,0.0,0.0,0.0,0.0,2,0,0.0,0.0,0.0,0.0,0.0,0.0,0.0,0.0,0.0,0.0,0.0,0.0,0.0,0.0,451.0,826.0,0.0,0.0,0.0,0.0,0.0,0.0,0.0,0.0,0.0,0.0,0.0,0.0,0.0
308,Darnell,Furlong,Furlong,a,,,4.0,574,162,0.6,250,95,0.5,274,90,1,0,0,0,0,326,2381,0.1,0.2,0.5,0.5,1.0,226,71,,,274,103,305,114,270,97,308,110,,,,,,,,0.0,0.0,0.0,4.55,0.0,0.0,5.29,0.0,15.88,2,1,17.0,0.0,0.0,0.0,1.0,0.0,0.0,0.0,0.0,0.0,0.0,0.0,0.0,-1.0,357.0,3237.0,0.0,0.0,0.0,0.0,0.86,5.0,0.5,0.0,0.6,1.0,2.0,0.0,3.0
309,Marcelino,Núñez,Núñez,a,,,5.0,342,200,0.1,388,152,3.0,105,46,2,0,0,0,0,668,1096,0.6,1.2,3.0,3.0,3.0,111,47,,,155,56,129,78,188,92,170,82,1.0,1.0,,,,,,0.02,0.03,0.05,2.24,0.0,0.0,2.57,1.29,13.5,2,2,61.0,0.0,0.0,0.0,3.0,0.0,0.0,0.0,0.0,0.0,0.0,1.0,0.0,6.0,869.0,1410.0,0.0,0.0,0.020000000000000004,0.020000000000000004,2.85,11.600000000000001,12.099999999999998,2.0,2.6,1.0,4.0,4.0,9.0
310,Azor,Matusiwa,Matusiwa,i,Muscular injury - Unknown return date,,5.0,292,178,0.0,616,268,0.0,536,221,0,0,0,0,0,6,43,0.0,0.0,0.0,0.0,0.0,536,221,0.0,0.0,524,213,525,218,480,183,531,215,,,,,,,,0.0,0.0,0.0,0.0,0.0,0.0,0.0,0.0,0.0,2,0,0.0,0.0,0.0,0.0,0.0,0.0,0.0,0.0,0.0,0.0,0.0,0.0,0.0,0.0,8.0,57.0,0.0,0.0,0.0,0.0,0.0,0.0,0.0,0.0,0.0,0.0,0.0,0.0,0.0
311,Wes,Burns,Burns,u,Has joined Leicester City permanently,,5.0,243,148,0.0,614,267,0.0,516,208,0,0,0,0,0,0,56,0.0,0.0,0.0,0.0,0.0,516,208,0.0,0.0,501,198,503,205,452,165,509,201,,,,,,,,0.0,0.0,0.0,0.0,0.0,0.0,0.0,0.0,0.0,2,0,0.0,0.0,0.0,0.0,0.0,0.0,0.0,0.0,0.0,0.0,0.0,0.0,0.0,0.0,0.0,68.0,0.0,0.0,0.0,0.0,0.0,0.0,0.0,0.0,0.0,0.0,0.0,0.0,0.0
312,Jack,Taylor,Taylor,i,Knee injury - Unknown return date,,4.5,457,251,0.0,519,217,0.0,438,175,0,0,0,0,0,103,460,0.0,0.0,0.0,0.0,0.0,438,175,0.0,0.0,419,163,415,172,351,129,429,168,,,,,,,,0.0,0.0,0.0,0.0,0.0,0.0,0.0,0.0,0.0,2,0,0.0,0.0,0.0,0.0,0.0,0.0,0.0,0.0,0.0,0.0,0.0,0.0,0.0,0.0,122.0,545.0,0.0,0.0,0.0,0.0,0.0,0.0,0.0,0.0,0.0,0.0,0.0,0.0,0.0
313,Jack,Clarke,Clarke,a,,,5.5,165,103,0.3,309,107,3.5,95,41,0,0,0,0,0,830,3197,0.6,1.3,3.5,3.5,7.0,27,14,,,123,45,302,152,97,51,166,80,3.0,3.0,1.0,,,,,0.47,0.0,0.47,0.14,0.0,0.0,0.0,0.0,9.47,2,0,0.0,0.0,0.0,0.0,0.0,0.0,0.0,0.0,0.0,0.0,0.0,0.0,0.0,0.0,1250.0,3687.0,0.0,0.0,0.0,0.0,0.0,0.0,0.0,0.0,0.0,0.0,0.0,0.0,0.0
315,Abdul,Fatawu,Fatawu,a,,,5.5,188,118,0.2,330,117,3.0,112,51,4,0,0,0,0,1185,1679,0.5,1.1,3.0,3.0,3.0,117,51,,,73,29,13,13,149,73,40,30,,,,,,,,0.0,0.39,0.39,3.2,0.0,0.0,3.67,1.22,6.73,2,4,82.0,0.0,1.0,0.0,5.0,0.0,0.0,0.0,1.0,0.0,0.0,1.0,0.0,25.0,1246.0,2169.0,0.0,0.0,0.22000000000000003,0.22000000000000003,4.59,26.6,42.300000000000004,2.0,7.1,1.0,1.0,2.0,4.0
316,Emersonn,Correia da Silva,Emersonn,d,Knee injury - 75% chance of playing,,5.5,190,41,1.7,140,23,5.0,59,4,1,0,0,0,0,13549,33038,0.9,1.8,3.8,5.0,5.0,63,5,75.0,,70,5,54,2,42,13,41,6,,,2.0,,,,,0.67,0.05,0.72,1.15,0.0,0.0,1.64,1.64,3.27,2,1,45.0,0.0,0.0,0.0,1.0,0.0,0.0,0.0,0.0,0.0,0.0,1.0,0.0,7.0,22646.0,36223.0,0.0,0.0,0.0,0.0,0.7699999999999999,1.0,11.099999999999998,2.0,1.4000000000000004,0.0,1.0,0.0,1.0
317,George,Hirst,Hirst,u,Has joined Stoke City permanently,,5.0,280,51,0.1,392,55,0.0,529,55,0,0,0,0,0,0,2622,0.0,0.0,0.0,0.0,0.0,529,55,0.0,0.0,517,48,518,53,472,50,524,53,,,,,,,,0.0,0.0,0.0,0.0,0.0,0.0,0.0,0.0,0.0,2,0,0.0,0.0,0.0,0.0,0.0,0.0,0.0,0.0,0.0,0.0,0.0,0.0,0.0,0.0,0.0,3622.0,0.0,0.0,0.0,0.0,0.0,0.0,0.0,0.0,0.0,0.0,0.0,0.0,0.0
318,Jaden,Philogene,Philogene,i,Ankle injury - Unknown return date,,5.5,179,111,0.1,423,168,0.0,600,259,0,0,0,0,0,22,2185,0.0,0.0,0.0,0.0,0.0,600,259,0.0,0.0,591,255,597,258,584,249,597,257,5.0,,3.0,,,,,0.0,0.0,0.0,0.0,0.0,0.0,0.0,0.0,0.0,2,0,0.0,0.0,0.0,0.0,0.0,0.0,0.0,0.0,0.0,0.0,0.0,0.0,0.0,0.0,23.0,3050.0,0.0,0.0,0.0,0.0,0.0,0.0,0.0,0.0,0.0,0.0,0.0,0.0,0.0
319,Sam,Szmodics,Szmodics,u,Has joined Derby County on loan for the rest of the season,,5.0,251,155,0.0,609,263,0.0,521,212,0,0,0,0,0,0,127,0.0,0.0,0.0,0.0,0.0,521,212,0.0,0.0,506,202,508,209,459,171,514,205,,,,,,,,0.0,0.0,0.0,0.0,0.0,0.0,0.0,0.0,0.0,2,0,0.0,0.0,0.0,0.0,0.0,0.0,0.0,0.0,0.0,0.0,0.0,0.0,0.0,0.0,0.0,161.0,0.0,0.0,0.0,0.0,0.0,0.0,0.0,0.0,0.0,0.0,0.0,0.0,0.0
320,Chuba,Akpom,Akpom,a,,,5.0,242,49,0.8,217,36,3.0,100,12,5,0,0,0,0,28214,7882,0.6,1.2,3.0,3.0,3.0,106,16,,,119,10,259,35,92,20,153,17,,,,,,,,1.27,0.0,1.27,5.27,0.0,0.0,5.22,0.0,3.91,2,5,45.0,1.0,0.0,0.0,4.0,0.0,0.0,0.0,0.0,0.0,0.0,0.0,0.0,30.0,28793.0,8897.0,0.0,0.97,0.0,0.97,4.01,33.2,1.7,17.0,5.2,0.0,0.0,0.0,0.0
321,Sindre,Walle Egeli,Walle Egeli,a,,,4.5,517,67,3.1,110,17,0.5,291,35,0,0,0,0,0,72408,28096,0.1,0.2,0.5,0.5,1.0,254,30,,,455,41,326,41,400,43,465,46,,,,,,,,0.0,0.0,0.0,0.27,0.0,0.0,0.0,0.0,0.0,2,0,0.0,0.0,0.0,0.0,0.0,0.0,0.0,0.0,0.0,0.0,0.0,0.0,0.0,0.0,80168.0,32044.0,0.0,0.0,0.0,0.0,0.0,0.0,0.0,0.0,0.0,0.0,0.0,0.0,0.0
322,Ali,Al-Hamadi,Al-Hamadi,u,Has joined Sheffield Wednesday on loan for the rest of the season,,5.0,311,54,0.1,435,62,0.0,546,57,0,0,0,0,0,0,2622,0.0,0.0,0.0,0.0,0.0,546,57,0.0,0.0,533,50,537,55,495,52,541,55,,,,,,,,0.0,0.0,0.0,0.0,0.0,0.0,0.0,0.0,0.0,2,0,0.0,0.0,0.0,0.0,0.0,0.0,0.0,0.0,0.0,0.0,0.0,0.0,0.0,0.0,0.0,3393.0,0.0,0.0,0.0,0.0,0.0,0.0,0.0,0.0,0.0,0.0,0.0,0.0,0.0
323,Kasey,McAteer,McAteer,a,,,4.5,477,253,1.3,166,50,1.0,223,103,1,0,0,0,0,6673,9009,0.2,0.4,1.0,1.0,1.0,248,107,,,317,143,272,139,365,130,324,148,,,,,,,,0.0,0.0,0.0,0.61,0.0,0.0,0.0,0.0,11.61,2,1,7.0,0.0,0.0,0.0,0.0,0.0,0.0,0.0,0.0,0.0,0.0,0.0,0.0,3.0,7366.0,10784.0,0.0,0.0,0.0,0.0,0.18,0.19999999999999996,0.0,0.0,0.0,0.0,0.0,1.0,1.0
324,Anis,Mehmeti,Mehmeti,a,,,5.0,288,175,0.0,508,211,0.0,534,220,0,0,0,0,0,35,411,0.0,0.0,0.0,0.0,0.0,534,220,,,522,212,523,217,478,182,529,214,,,,,,,,0.0,0.0,0.0,0.0,0.0,0.0,0.0,0.0,0.0,2,0,0.0,0.0,0.0,0.0,0.0,0.0,0.0,0.0,0.0,0.0,0.0,0.0,0.0,0.0,38.0,535.0,0.0,0.0,0.0,0.0,0.0,0.0,0.0,0.0,0.0,0.0,0.0,0.0,0.0
554,Kayne,van Oevelen,Van Oevelen,u,Has joined Valencia on loan for the rest of the season,,4.5,508,46,0.0,545,64,0.0,466,62,0,0,0,0,0,0,488,0.0,0.0,0.0,0.0,0.0,466,62,0.0,0.0,447,62,450,49,392,48,457,62,,,,,,,,0.0,0.0,0.0,0.0,0.0,0.0,0.0,0.0,0.0,2,0,0.0,0.0,0.0,0.0,0.0,0.0,0.0,0.0,0.0,0.0,0.0,0.0,0.0,0.0,0.0,597.0,0.0,0.0,0.0,0.0,0.0,0.0,0.0,0.0,0.0,0.0,0.0,0.0,0.0
562,Daizen,Maeda,Maeda,a,,,5.5,164,102,0.3,289,95,2.0,165,83,2,0,0,0,0,515,2940,0.4,0.7,2.0,2.0,2.0,176,86,,,174,66,231,125,72,41,175,83,,,,,,,,0.4,0.01,0.41,2.71,0.0,0.0,2.98,1.19,8.34,2,2,72.0,0.0,0.0,0.0,4.0,0.0,0.0,0.0,0.0,0.0,0.0,1.0,0.0,10.0,580.0,3759.0,0.0,0.06000000000000005,0.01,0.07000000000000006,3.91,8.000000000000002,1.4,19.0,2.8000000000000003,1.0,3.0,1.0,5.0
564,Kjell,Scherpen,Scherpen,a,,,4.5,460,36,0.6,244,32,2.0,147,11,2,0,0,0,0,1578,3294,0.4,0.9,2.0,2.0,2.0,153,11,,,28,4,417,39,353,38,145,5,,,,,,,,0.0,0.0,0.0,2.72,4.0,0.0,3.0,1.0,0.0,2,2,90.0,0.0,0.0,0.0,5.0,0.0,0.0,0.0,0.0,0.0,6.0,1.0,0.0,9.0,1748.0,4154.0,0.0,0.0,0.01,0.01,4.77,46.4,0.0,0.0,4.6,0.0,4.0,13.0,0.0
571,Florentino Ibrain,Morris Luís,Florentino,d,Calf injury - 75% chance of playing,,5.0,273,169,0.1,420,167,0.0,526,216,0,0,0,0,0,94,1333,0.0,0.0,0.0,0.0,0.0,526,216,75.0,75.0,514,208,515,213,469,177,521,210,,,,,,,,0.0,0.0,0.0,0.0,0.0,0.0,0.0,0.0,0.0,2,0,0.0,0.0,0.0,0.0,0.0,0.0,0.0,0.0,0.0,0.0,0.0,0.0,0.0,0.0,106.0,1854.0,0.0,0.0,0.0,0.0,0.0,0.0,0.0,0.0,0.0,0.0,0.0,0.0,0.0
591,Julio,Enciso,Enciso,a,,,5.5,175,108,0.6,240,81,5.0,57,28,5,0,0,0,0,16742,5164,0.9,1.8,5.0,5.0,5.0,61,30,100.0,100.0,77,30,96,59,47,28,58,38,,,,,,,,0.35,0.35,0.7,3.04,0.0,0.0,3.38,1.12,9.0,2,5,90.0,0.0,1.0,0.0,5.0,0.0,0.0,0.0,0.0,0.0,0.0,1.0,0.0,25.0,20251.0,5899.0,0.0,0.4,0.31,0.71,4.7700000000000005,21.799999999999997,12.399999999999999,21.0,5.5,1.0,0.0,7.0,8.0
592,Abdoul,Ouattara,Ouattara,a,,,4.0,616,195,1.0,196,76,1.0,213,71,1,0,0,0,0,2553,3870,0.2,0.5,1.0,1.0,1.0,230,75,,,262,101,182,58,304,122,275,100,,,,,,,,0.0,0.0,0.0,2.97,0.0,0.0,3.33,0.0,6.67,2,1,17.0,0.0,0.0,0.0,1.0,0.0,0.0,0.0,0.0,0.0,0.0,0.0,0.0,-1.0,2797.0,4897.0,0.0,0.0,0.0,0.0,0.86,0.5999999999999996,0.5999999999999996,0.0,0.10000000000000009,0.0,0.0,1.0,0.0
602,Cameron,Humphreys,Humphreys,a,,,4.5,506,261,0.0,498,205,0.0,464,183,0,0,0,0,0,1378,593,0.0,0.0,0.0,0.0,0.0,464,183,,,445,171,448,180,390,138,455,176,,,,,,,,0.0,0.0,0.0,0.0,0.0,0.0,0.0,0.0,0.0,2,0,0.0,0.0,0.0,0.0,0.0,0.0,0.0,0.0,0.0,0.0,0.0,0.0,0.0,0.0,1503.0,626.0,0.0,0.0,0.0,0.0,0.0,0.0,0.0,0.0,0.0,0.0,0.0,0.0,0.0
619,Exequiel,Palacios,Palacios,a,,,5.0,274,170,0.0,585,248,1.0,233,107,1,0,0,0,0,963,231,0.2,0.2,1.5,1.5,1.0,270,115,,,250,109,170,100,227,108,253,114,,,,,,,,0.0,0.03,0.03,6.17,0.0,0.0,6.43,0.0,19.29,2,1,28.0,0.0,0.0,0.0,2.0,0.0,0.0,0.0,0.0,0.0,0.0,0.0,0.0,11.0,1052.0,236.0,0.0,0.0,0.01,0.01,1.92,7.2,12.0,2.0,2.1,1.0,2.0,3.0,6.0
260,Harry,Wilson,Wilson,a,,,6.5,35,23,4.6,76,24,2.0,172,86,1,0,0,0,0,4037,84520,0.3,0.6,2.0,2.0,2.0,185,91,,,209,83,90,56,150,74,164,78,2.0,,,,,,,0.01,0.05,0.06,1.36,0.0,0.82,0.0,0.82,6.55,2,1,45.0,0.0,0.0,0.0,0.0,0.0,0.0,0.0,0.0,0.0,0.0,0.0,0.0,7.0,6133.0,96195.0,0.0,0.01,0.039999999999999994,0.05,1.13,8.399999999999999,12.099999999999998,6.0,2.6999999999999997,1.0,2.0,3.0,6.0
326,Lucas Estella,Perri,Perri,u,Has joined Torino on loan for the rest of the season,,4.5,441,33,0.5,256,33,0.0,432,55,0,0,0,0,0,204,3427,0.0,0.0,0.0,0.0,0.0,432,55,0.0,,413,55,408,36,342,35,423,55,,,,,,,,0.0,0.0,0.0,0.0,0.0,0.0,0.0,0.0,0.0,2,0,0.0,0.0,0.0,0.0,0.0,0.0,0.0,0.0,0.0,0.0,0.0,0.0,0.0,0.0,239.0,4504.0,0.0,0.0,0.0,0.0,0.0,0.0,0.0,0.0,0.0,0.0,0.0,0.0,0.0
327,Jaka,Bijol,Bijol,a,,,5.0,300,52,1.0,197,77,5.5,48,20,1,0,0,0,0,10507,10415,1.1,2.2,5.5,5.5,5.5,51,21,,,131,59,298,111,115,35,179,66,,,,,,,,0.07,0.0,0.07,0.81,0.0,0.67,0.67,1.33,11.33,2,1,45.0,0.0,0.0,0.0,1.0,0.0,0.0,0.0,0.0,0.0,0.0,1.0,0.0,0.0,18556.0,11946.0,0.0,0.0,0.0,0.0,0.5499999999999999,8.399999999999999,0.19999999999999996,0.0,0.8999999999999999,0.0,5.0,2.0,5.0
329,Joe,Rodon,Rodon,d,Hamstring injury - 50% chance of playing,,4.5,444,100,3.1,108,44,3.5,90,34,1,0,0,0,0,4788,44843,0.8,1.6,1.8,3.5,3.5,96,34,50.0,,164,76,151,46,165,57,185,69,,,,,,,,0.02,0.04,0.06,0.74,0.0,0.73,0.0,1.46,8.05,2,1,33.0,0.0,0.0,0.0,0.0,0.0,0.0,0.0,0.0,0.0,0.0,1.0,0.0,4.0,9702.0,47461.0,0.0,0.0,0.0,0.0,0.35,8.6,0.29999999999999893,2.0,1.1,0.0,4.0,1.0,4.0
330,Jayden,Bogle,Bogle,a,,,4.5,453,108,0.5,251,96,4.0,76,28,2,0,0,0,0,2846,2883,0.9,1.8,4.0,4.0,4.0,79,28,,,150,68,165,50,197,70,188,71,,,,,,,,0.0,0.01,0.01,0.8,0.0,0.57,0.57,1.15,5.73,2,2,67.0,0.0,0.0,0.0,1.0,0.0,0.0,0.0,0.0,0.0,0.0,1.0,0.0,9.0,3598.0,3567.0,0.0,0.0,0.01,0.01,0.7399999999999999,18.6,11.3,4.0,3.4000000000000004,2.0,5.0,5.0,7.0
331,Gabriel,Gudmundsson,Gudmundsson,a,,,4.5,464,115,0.0,500,175,0.0,441,166,0,0,0,0,0,334,228,0.0,0.0,0.0,0.0,0.0,441,166,100.0,75.0,422,167,419,167,356,152,432,167,,,,,,,,0.0,0.0,0.0,0.0,0.0,0.0,0.0,0.0,0.0,2,0,0.0,0.0,0.0,0.0,0.0,0.0,0.0,0.0,0.0,0.0,0.0,0.0,0.0,0.0,344.0,330.0,0.0,0.0,0.0,0.0,0.0,0.0,0.0,0.0,0.0,0.0,0.0,0.0,0.0
332,James,Justin,Justin,a,,,4.5,448,104,1.4,159,64,6.0,37,14,2,0,0,0,0,20417,11783,1.3,2.7,6.0,6.0,6.0,39,15,,,61,24,154,47,136,44,113,40,,,,,,,,0.02,0.01,0.03,1.16,0.0,0.5,0.5,1.0,10.0,2,2,90.0,0.0,0.0,0.0,1.0,0.0,0.0,0.0,0.0,0.0,0.0,1.0,0.0,12.0,30042.0,13819.0,0.0,0.03,0.01,0.04,1.67,24.6,11.8,9.0,4.5,2.0,6.0,3.0,8.0
333,Sebastiaan,Bornauw,Bornauw,u,Has joined Hamburg SV on loan for the rest of the season,,4.5,472,122,0.0,615,205,0.0,445,169,0,0,0,0,0,0,38,0.0,0.0,0.0,0.0,0.0,445,169,0.0,0.0,426,170,423,170,362,157,436,170,,,,,,,,0.0,0.0,0.0,0.0,0.0,0.0,0.0,0.0,0.0,2,0,0.0,0.0,0.0,0.0,0.0,0.0,0.0,0.0,0.0,0.0,0.0,0.0,0.0,0.0,0.0,59.0,0.0,0.0,0.0,0.0,0.0,0.0,0.0,0.0,0.0,0.0,0.0,0.0,0.0
334,Tarik,Muharemović,Muharemović,a,,,5.0,354,68,3.3,99,39,5.0,54,22,4,0,0,0,0,22889,21146,1.0,2.0,5.0,5.0,5.0,57,23,,,22,6,268,94,93,24,84,25,,,,,,,,0.04,0.0,0.04,1.16,0.0,0.5,0.5,1.0,13.0,2,4,90.0,0.0,0.0,0.0,1.0,0.0,0.0,0.0,0.0,0.0,0.0,1.0,0.0,17.0,25904.0,23623.0,0.0,0.0,0.01,0.010000000000000009,1.67,51.6,0.7999999999999999,2.0,5.3999999999999995,2.0,17.0,3.0,19.0
335,Anton,Stach,Stach,a,,,6.0,82,54,2.8,111,32,8.5,14,6,4,0,0,0,0,32453,27234,1.4,2.8,8.5,8.5,8.5,16,7,,,14,9,130,79,91,49,54,36,1.0,1.0,,,,,,0.08,0.03,0.11,1.16,0.0,0.5,0.5,1.0,16.0,2,4,90.0,0.0,0.0,0.0,1.0,0.0,0.0,0.0,0.0,0.0,0.0,1.0,0.0,13.0,51656.0,29901.0,0.0,0.07,0.009999999999999995,0.08000000000000002,1.67,24.60000000000001,17.0,4.0,4.6,4.0,8.0,4.0,16.0
336,Noah,Okafor,Okafor,a,,,5.9,102,64,0.4,285,93,1.5,201,97,2,-1,1,-1,1,1306,6115,0.3,0.5,1.5,1.5,1.5,215,102,,,200,79,120,74,122,62,167,81,,,,,,,,0.08,0.17,0.25,0.85,0.0,0.0,0.98,0.98,6.85,2,2,68.0,0.0,0.0,0.0,1.0,0.0,0.0,0.0,0.0,0.0,0.0,1.0,0.0,11.0,1523.0,8064.0,0.0,0.08,0.010000000000000009,0.09,0.74,6.399999999999999,7.5,10.0,2.4000000000000004,1.0,1.0,0.0,2.0
337,Brenden,Aaronson,Aaronson,a,,,5.5,156,97,0.8,219,72,2.0,163,81,1,0,0,0,0,1238,8679,0.4,0.7,2.0,2.0,2.0,174,84,,,232,96,262,136,178,88,263,118,,3.0,,,,,,0.01,0.01,0.02,0.81,0.0,0.71,0.71,1.43,7.14,2,1,45.0,0.0,0.0,0.0,1.0,0.0,0.0,0.0,0.0,0.0,0.0,1.0,0.0,6.0,1693.0,10380.0,0.0,0.0,0.01,0.009999999999999998,0.5499999999999999,2.1999999999999993,0.5999999999999999,0.0,0.2999999999999998,1.0,1.0,1.0,3.0
338,Ethan,Ampadu,Ampadu,a,,,5.5,135,84,1.2,172,52,3.5,94,40,2,0,0,0,0,2008,10382,0.6,1.3,3.5,3.5,3.5,100,42,,,101,36,52,41,251,123,102,53,,,,,,,,0.0,0.06,0.06,1.16,0.0,0.5,0.5,1.0,11.5,2,2,90.0,0.0,0.0,0.0,1.0,0.0,0.0,0.0,0.0,0.0,0.0,1.0,0.0,12.0,2948.0,11970.0,0.0,0.01,0.09,0.1,1.67,19.6,16.599999999999998,1.0,3.7,2.0,5.0,3.0,10.0
339,Sean,Longstaff,Longstaff,a,,,5.0,254,156,0.1,409,163,0.5,300,133,0,0,0,0,0,399,1508,0.1,0.2,0.5,0.5,1.0,265,112,,,507,203,323,164,461,172,515,206,3.0,2.0,,,,,,0.0,0.0,0.0,0.79,0.0,0.0,0.0,0.0,0.0,2,0,0.0,0.0,0.0,0.0,0.0,0.0,0.0,0.0,0.0,0.0,0.0,0.0,0.0,0.0,471.0,1756.0,0.0,0.0,0.0,0.0,0.0,0.0,0.0,0.0,0.0,0.0,0.0,0.0,0.0
341,Wilfried,Gnonto,Gnonto,a,,,5.0,335,197,0.0,569,237,0.0,557,231,0,0,0,0,0,199,207,0.0,0.0,0.0,0.0,0.0,557,231,100.0,75.0,544,224,550,230,512,199,552,227,,,,,,,,0.0,0.0,0.0,0.0,0.0,0.0,0.0,0.0,0.0,2,0,0.0,0.0,0.0,0.0,0.0,0.0,0.0,0.0,0.0,0.0,0.0,0.0,0.0,0.0,203.0,261.0,0.0,0.0,0.0,0.0,0.0,0.0,0.0,0.0,0.0,0.0,0.0,0.0,0.0
342,Jack,Harrison,Harrison,u,Has joined New England Revolution permanently,,5.0,277,171,0.0,627,277,0.0,527,217,0,0,0,0,0,0,13,0.0,0.0,0.0,0.0,0.0,527,217,0.0,0.0,515,209,516,214,470,178,522,211,,,,,,,,0.0,0.0,0.0,0.0,0.0,0.0,0.0,0.0,0.0,2,0,0.0,0.0,0.0,0.0,0.0,0.0,0.0,0.0,0.0,0.0,0.0,0.0,0.0,0.0,0.0,15.0,0.0,0.0,0.0,0.0,0.0,0.0,0.0,0.0,0.0,0.0,0.0,0.0,0.0
343,Daniel,James,James,a,,,5.0,257,159,0.1,407,162,0.5,301,134,1,0,0,0,0,1041,1292,0.1,0.2,0.5,0.5,1.0,266,113,,,509,205,280,143,128,65,292,131,,,,,,,,0.98,0.04,1.02,3.8,0.0,0.0,0.0,0.0,8.18,2,1,22.0,0.0,0.0,0.0,0.0,0.0,0.0,0.0,0.0,0.0,0.0,0.0,0.0,2.0,1215.0,1545.0,0.0,0.24,0.01,0.25,0.93,0.0,1.1,12.0,1.1,0.0,0.0,2.0,2.0
344,Ilia,Gruev,Gruev,d,Knee injury - 25% chance of playing,,5.0,325,191,0.0,611,265,0.0,550,227,0,0,0,0,0,18,43,0.0,0.0,0.0,0.0,0.0,550,227,25.0,0.0,537,219,543,225,503,193,545,222,,,,,,,,0.0,0.0,0.0,0.0,0.0,0.0,0.0,0.0,0.0,2,0,0.0,0.0,0.0,0.0,0.0,0.0,0.0,0.0,0.0,0.0,0.0,0.0,0.0,0.0,20.0,52.0,0.0,0.0,0.0,0.0,0.0,0.0,0.0,0.0,0.0,0.0,0.0,0.0,0.0
345,Tanaka,Ao,Tanaka,a,,,4.9,395,238,0.2,334,121,0.5,294,130,1,-1,1,-1,1,1451,2542,0.1,0.2,0.5,0.5,1.0,259,109,,,175,67,253,133,430,153,246,110,4.0,,,,,,,0.0,0.02,0.02,2.26,0.0,0.0,0.0,0.0,22.0,2,1,45.0,0.0,0.0,0.0,0.0,0.0,0.0,0.0,0.0,0.0,0.0,0.0,0.0,6.0,1550.0,3140.0,0.0,0.0,0.01,0.01,1.13,20.0,1.8,0.0,2.2,3.0,5.0,3.0,11.0
346,Dominic,Calvert-Lewin,Calvert-Lewin,a,,,6.0,63,14,27.0,9,3,4.5,73,8,8,0,0,0,0,113145,173098,0.8,1.5,4.5,4.5,4.5,76,9,,,100,9,213,28,37,12,90,13,,,1.0,,,,,0.52,0.01,0.53,1.16,0.0,0.5,0.5,1.0,3.0,2,8,90.0,1.0,0.0,0.0,1.0,0.0,0.0,0.0,0.0,0.0,0.0,1.0,2.0,31.0,129129.0,213904.0,0.0,0.92,0.02,0.9400000000000001,1.67,38.4,4.0,35.0,7.7,0.0,3.0,1.0,4.0
347,Lukas,Nmecha,Nmecha,a,,,5.5,130,33,0.5,260,43,2.0,161,16,4,0,0,0,0,2905,4950,0.4,0.7,2.0,2.0,4.0,88,11,,,186,15,123,11,190,32,186,22,,,2.0,,,,,0.43,0.0,0.43,3.99,0.0,0.0,0.0,0.0,4.29,2,4,21.0,0.0,1.0,0.0,0.0,0.0,0.0,0.0,0.0,0.0,0.0,0.0,0.0,18.0,3187.0,6684.0,0.0,0.1,0.0,0.1,0.93,18.2,20.3,6.0,4.5,0.0,0.0,1.0,1.0
348,Joël,Piroe,Piroe,u,Has joined West Ham United on loan for the rest of the season,,5.0,291,53,0.1,429,61,0.0,535,56,0,0,0,0,0,0,2000,0.0,0.0,0.0,0.0,0.0,535,56,0.0,0.0,523,49,524,54,479,51,530,54,,,3.0,,,,,0.0,0.0,0.0,0.0,0.0,0.0,0.0,0.0,0.0,2,0,0.0,0.0,0.0,0.0,0.0,0.0,0.0,0.0,0.0,0.0,0.0,0.0,0.0,0.0,0.0,2428.0,0.0,0.0,0.0,0.0,0.0,0.0,0.0,0.0,0.0,0.0,0.0,0.0,0.0
349,Mateo,Joseph Fernández-Regatillo,Mateo Joseph,i,Knee injury - Unknown return date,,4.5,518,68,0.1,487,64,0.0,474,49,0,0,0,0,0,524,664,0.0,0.0,0.0,0.0,0.0,474,49,0.0,0.0,456,42,458,47,401,44,466,47,,,,,,,,0.0,0.0,0.0,0.0,0.0,0.0,0.0,0.0,0.0,2,0,0.0,0.0,0.0,0.0,0.0,0.0,0.0,0.0,0.0,0.0,0.0,0.0,0.0,0.0,572.0,797.0,0.0,0.0,0.0,0.0,0.0,0.0,0.0,0.0,0.0,0.0,0.0,0.0,0.0
385,James,Trafford,Trafford,a,,,5.0,298,13,5.0,72,10,6.0,39,2,3,0,0,0,0,46957,26286,1.2,2.4,6.0,6.0,6.0,41,2,,,39,7,529,60,485,60,150,7,,,,,,,,0.0,0.0,0.0,1.16,3.5,0.5,0.5,1.0,0.0,2,3,90.0,0.0,0.0,0.0,1.0,0.0,0.0,0.0,0.0,0.0,4.0,1.0,0.0,20.0,56414.0,29243.0,0.0,0.0,0.0,0.0,1.67,37.6,0.0,0.0,3.8000000000000003,0.0,0.0,11.0,0.0
598,Nico,Elvedi,Elvedi,a,,,4.5,434,93,0.0,543,188,0.5,280,95,1,0,0,0,0,329,264,0.1,0.2,0.5,0.5,1.0,237,81,,,202,84,279,100,184,63,243,90,,,,,,,,0.0,0.0,0.0,2.12,0.0,0.0,1.61,0.0,9.64,2,1,56.0,0.0,0.0,0.0,1.0,0.0,0.0,0.0,0.0,0.0,0.0,0.0,0.0,9.0,377.0,311.0,0.0,0.0,0.0,0.0,1.32,16.0,1.1,6.0,2.3,1.0,5.0,4.0,6.0
603,Jayden,Lienou,Lienou,a,,,4.0,627,205,0.1,433,153,0.0,412,154,0,0,0,0,0,1588,725,0.0,0.0,0.0,0.0,0.0,412,154,,,394,156,386,154,314,131,404,156,,,,,,,,0.0,0.0,0.0,0.0,0.0,0.0,0.0,0.0,0.0,2,0,0.0,0.0,0.0,0.0,0.0,0.0,0.0,0.0,0.0,0.0,0.0,0.0,0.0,0.0,1706.0,759.0,0.0,0.0,0.0,0.0,0.0,0.0,0.0,0.0,0.0,0.0,0.0,0.0,0.0
604,Alfie,Cresswell,Cresswell,a,,,4.5,529,268,0.1,417,166,0.0,482,189,0,0,0,0,0,3519,1294,0.0,0.0,0.0,0.0,0.0,482,189,,,464,177,466,186,410,144,474,182,,,,,,,,0.0,0.0,0.0,0.0,0.0,0.0,0.0,0.0,0.0,2,0,0.0,0.0,0.0,0.0,0.0,0.0,0.0,0.0,0.0,0.0,0.0,0.0,0.0,0.0,3890.0,1374.0,0.0,0.0,0.0,0.0,0.0,0.0,0.0,0.0,0.0,0.0,0.0,0.0,0.0
625,Alex,Cairns,Cairns,a,,,4.0,561,56,0.1,375,42,0.0,366,30,0,0,0,0,0,6441,584,0.0,0.0,1.0,1.0,0.0,366,30,,,348,30,338,9,260,8,357,30,,,,,,,,0.0,0.0,0.0,0.0,0.0,0.0,0.0,0.0,0.0,2,0,0.0,0.0,0.0,0.0,0.0,0.0,0.0,0.0,0.0,0.0,0.0,0.0,0.0,0.0,6441.0,584.0,0.0,0.0,0.0,0.0,0.0,0.0,0.0,0.0,0.0,0.0,0.0,0.0,0.0
629,Michael,Zetterer,Zetterer,a,,,4.0,566,58,0.0,542,62,0.0,370,32,0,0,0,0,0,1166,48,0.0,0.0,1.0,1.0,0.0,370,32,,,352,32,342,11,264,10,361,32,,,,,,,,0.0,0.0,0.0,0.0,0.0,0.0,0.0,0.0,0.0,2,0,0.0,0.0,0.0,0.0,0.0,0.0,0.0,0.0,0.0,0.0,0.0,0.0,0.0,0.0,1166.0,48.0,0.0,0.0,0.0,0.0,0.0,0.0,0.0,0.0,0.0,0.0,0.0,0.0,0.0
350,Alisson,Becker,A.Becker,a,,,5.5,123,3,3.8,92,14,1.0,250,21,0,0,0,0,0,21896,33283,0.2,0.4,1.0,1.0,1.0,305,22,,,151,16,585,69,562,69,229,16,,,,,,,,0.0,0.0,0.0,1.94,2.0,0.0,2.0,1.0,0.0,2,0,90.0,0.0,0.0,0.0,2.0,0.0,0.0,0.0,1.0,0.0,1.0,1.0,0.0,-5.0,26698.0,36588.0,0.0,0.0,0.0,0.0,2.3,7.599999999999998,0.0,0.0,0.8,0.0,2.0,4.0,0.0
352,Freddie,Woodman,Woodman,a,,,4.0,567,59,1.1,182,27,0.0,371,33,0,0,0,0,0,6027,4709,0.0,0.0,0.0,0.0,0.0,371,33,,,353,33,343,12,265,11,362,33,,,,,,,,0.0,0.0,0.0,0.0,0.0,0.0,0.0,0.0,0.0,2,0,0.0,0.0,0.0,0.0,0.0,0.0,0.0,0.0,0.0,0.0,0.0,0.0,0.0,0.0,6517.0,5374.0,0.0,0.0,0.0,0.0,0.0,0.0,0.0,0.0,0.0,0.0,0.0,0.0,0.0
353,Armin,Pecsi,Pecsi,u,Has joined TSV Hartberg on loan for the rest of the season,,4.0,621,71,0.0,554,65,0.0,408,45,0,0,0,0,0,0,182,0.0,0.0,0.0,0.0,0.0,408,45,0.0,0.0,390,45,382,24,309,23,400,45,,,,,,,,0.0,0.0,0.0,0.0,0.0,0.0,0.0,0.0,0.0,2,0,0.0,0.0,0.0,0.0,0.0,0.0,0.0,0.0,0.0,0.0,0.0,0.0,0.0,0.0,0.0,212.0,0.0,0.0,0.0,0.0,0.0,0.0,0.0,0.0,0.0,0.0,0.0,0.0,0.0
354,Vitezslav,Jaros,Jaros,i,Knee injury - Unknown return date,,4.0,586,64,0.0,576,69,0.0,381,38,0,0,0,0,0,194,137,0.0,0.0,0.0,0.0,0.0,381,38,0.0,0.0,363,38,355,17,279,16,373,38,,,,,,,,0.0,0.0,0.0,0.0,0.0,0.0,0.0,0.0,0.0,2,0,0.0,0.0,0.0,0.0,0.0,0.0,0.0,0.0,0.0,0.0,0.0,0.0,0.0,0.0,223.0,157.0,0.0,0.0,0.0,0.0,0.0,0.0,0.0,0.0,0.0,0.0,0.0,0.0,0.0
355,Harvey,Davies,Davies,a,,,4.0,596,67,0.1,373,40,0.0,386,41,0,0,0,0,0,882,630,0.0,0.0,0.0,0.0,0.0,386,41,,,368,41,360,20,285,19,378,41,,,,,,,,0.0,0.0,0.0,0.0,0.0,0.0,0.0,0.0,0.0,2,0,0.0,0.0,0.0,0.0,0.0,0.0,0.0,0.0,0.0,0.0,0.0,0.0,0.0,0.0,963.0,721.0,0.0,0.0,0.0,0.0,0.0,0.0,0.0,0.0,0.0,0.0,0.0,0.0,0.0
356,Virgil,van Dijk,Virgil,a,,,6.5,33,2,18.2,18,5,1.5,208,67,1,0,0,0,0,34980,163765,0.2,0.5,1.5,1.5,1.5,221,67,,,55,18,203,66,73,16,96,34,,,,,,,,0.12,0.02,0.14,1.94,0.0,0.0,2.0,1.0,9.0,2,1,90.0,0.0,0.0,0.0,2.0,0.0,0.0,0.0,0.0,0.0,0.0,1.0,0.0,5.0,46303.0,176251.0,0.0,0.0,0.03,0.02999999999999997,2.3,24.6,4.300000000000001,2.0,3.0999999999999996,0.0,7.0,5.0,7.0
357,Jeremie,Frimpong,Frimpong,a,,,5.5,146,17,3.2,104,41,0.5,332,117,1,0,0,0,0,13739,41038,0.1,0.2,0.5,0.5,0.5,352,119,,,147,65,29,5,119,36,76,22,,,,,,,,0.01,0.06,0.07,2.14,0.0,0.0,2.25,1.12,4.5,2,1,70.0,0.0,0.0,0.0,2.0,0.0,0.0,0.0,0.0,0.0,0.0,1.0,0.0,9.0,18160.0,45923.0,0.0,0.0,0.020000000000000004,0.01999999999999999,2.23,12.799999999999999,13.800000000000004,4.0,3.0999999999999996,2.0,4.0,3.0,6.0
358,Milos,Kerkez,Kerkez,a,,,5.5,191,27,3.1,107,43,0.5,341,121,1,0,0,0,0,7057,37696,0.1,0.2,0.5,0.5,0.5,355,122,,,84,37,94,29,134,42,98,35,,,,,,,,0.01,0.02,0.03,2.14,0.0,0.0,2.25,1.12,8.44,2,1,70.0,0.0,0.0,0.0,2.0,0.0,0.0,0.0,0.0,0.0,0.0,1.0,0.0,9.0,9807.0,43054.0,0.0,0.0,0.009999999999999998,0.010000000000000002,2.23,24.0,12.8,0.0,3.6999999999999993,1.0,7.0,4.0,8.0
359,Joe,Gomez,Gomez,i,Muscular injury - Unknown return date,,5.0,250,38,0.0,577,197,0.0,520,188,0,0,0,0,0,47,211,0.0,0.0,0.0,0.0,0.0,520,188,0.0,0.0,505,190,507,191,458,183,513,190,,,,,,,,0.0,0.0,0.0,0.0,0.0,0.0,0.0,0.0,0.0,2,0,0.0,0.0,0.0,0.0,0.0,0.0,0.0,0.0,0.0,0.0,0.0,0.0,0.0,0.0,58.0,241.0,0.0,0.0,0.0,0.0,0.0,0.0,0.0,0.0,0.0,0.0,0.0,0.0,0.0
360,Conor,Bradley,Bradley,i,Knee injury - Unknown return date,,5.0,334,65,0.0,593,200,0.0,556,198,0,0,0,0,0,74,133,0.0,0.0,0.0,0.0,0.0,556,198,0.0,0.0,543,199,549,199,511,195,551,199,,,,,,,,0.0,0.0,0.0,0.0,0.0,0.0,0.0,0.0,0.0,2,0,0.0,0.0,0.0,0.0,0.0,0.0,0.0,0.0,0.0,0.0,0.0,0.0,0.0,0.0,82.0,148.0,0.0,0.0,0.0,0.0,0.0,0.0,0.0,0.0,0.0,0.0,0.0,0.0,0.0
361,Wellity,Lucky,Lucky,a,,,4.0,606,185,0.1,401,142,0.0,396,139,0,0,0,0,0,769,857,0.0,0.0,0.0,0.0,0.0,396,139,,,378,141,370,139,295,113,388,141,,,,,,,,0.0,0.0,0.0,0.0,0.0,0.0,0.0,0.0,0.0,2,0,0.0,0.0,0.0,0.0,0.0,0.0,0.0,0.0,0.0,0.0,0.0,0.0,0.0,0.0,828.0,997.0,0.0,0.0,0.0,0.0,0.0,0.0,0.0,0.0,0.0,0.0,0.0,0.0,0.0
362,Jeremy,Jacquet,Jacquet,a,,,5.0,375,70,2.5,113,45,2.0,156,54,3,0,0,0,0,31052,21675,0.4,0.8,2.0,2.0,2.0,168,56,100.0,100.0,79,33,91,28,235,88,116,42,,,,,,,,0.0,0.04,0.04,2.03,0.0,0.0,2.48,1.24,8.69,2,3,76.0,0.0,0.0,0.0,2.0,0.0,0.0,0.0,0.0,0.0,0.0,1.0,0.0,13.0,34558.0,24411.0,0.0,0.0,0.05,0.05,2.23,30.800000000000004,15.1,2.0,4.800000000000001,3.0,8.0,4.0,11.0
363,Giovanni,Leoni,Leoni,i,Knee injury - Unknown return date,,4.0,628,206,0.0,512,178,0.0,413,155,0,0,0,0,0,213,386,0.0,0.0,0.0,0.0,0.0,413,155,0.0,0.0,395,157,387,155,315,132,405,157,,,,,,,,0.0,0.0,0.0,0.0,0.0,0.0,0.0,0.0,0.0,2,0,0.0,0.0,0.0,0.0,0.0,0.0,0.0,0.0,0.0,0.0,0.0,0.0,0.0,0.0,231.0,434.0,0.0,0.0,0.0,0.0,0.0,0.0,0.0,0.0,0.0,0.0,0.0,0.0,0.0
364,Kostas,Tsimikas,Tsimikas,a,,,5.0,270,42,0.1,460,163,0.5,303,112,1,0,0,0,0,278,640,0.1,0.2,0.5,0.5,1.0,269,104,,,295,112,273,98,156,51,281,102,,,,,,,,0.19,0.05,0.24,0.33,0.0,0.0,0.0,0.0,0.0,2,1,19.0,0.0,0.0,0.0,0.0,0.0,0.0,0.0,0.0,0.0,0.0,0.0,0.0,4.0,310.0,769.0,0.0,0.04,0.01,0.05,0.07,3.6,1.3,9.0,1.4,0.0,0.0,0.0,0.0
365,Calvin,Ramsay,Ramsay,u,Has joined St Mirren on loan for the rest of the season,,4.0,600,181,0.1,382,138,0.0,390,135,0,0,0,0,0,0,3690,0.0,0.0,0.0,0.0,0.0,390,135,0.0,0.0,372,137,364,135,289,109,382,137,,,,,,,,0.0,0.0,0.0,0.0,0.0,0.0,0.0,0.0,0.0,2,0,0.0,0.0,0.0,0.0,0.0,0.0,0.0,0.0,0.0,0.0,0.0,0.0,0.0,0.0,0.0,4535.0,0.0,0.0,0.0,0.0,0.0,0.0,0.0,0.0,0.0,0.0,0.0,0.0,0.0
366,Florian,Wirtz,Wirtz,a,,,7.5,19,12,10.3,39,15,3.0,119,57,4,0,0,0,0,28986,107757,0.4,0.8,3.0,3.0,3.0,125,57,,,107,40,46,36,33,21,35,28,3.0,2.0,4.0,,,,,0.29,0.14,0.43,1.66,0.0,0.0,2.37,1.18,8.88,2,4,90.0,0.0,1.0,0.0,2.0,0.0,0.0,0.0,1.0,0.0,0.0,1.0,0.0,23.0,32204.0,131606.0,0.0,0.22999999999999998,0.19999999999999998,0.43,2.3,27.8,24.300000000000004,22.0,7.3999999999999995,3.0,0.0,7.0,10.0
367,Cody,Gakpo,Gakpo,a,,,7.0,26,17,7.7,53,19,8.5,16,8,5,0,0,0,0,110048,67652,1.2,2.4,8.5,8.5,8.5,18,9,,,23,13,16,15,40,24,18,14,2.0,,3.0,,,,,0.17,0.45,0.62,2.14,0.0,0.0,2.25,1.12,8.44,2,5,70.0,0.0,1.0,0.0,2.0,0.0,0.0,0.0,0.0,0.0,0.0,1.0,0.0,21.0,149404.0,73248.0,0.0,0.0,0.65,0.6500000000000001,2.23,23.200000000000003,27.799999999999997,6.0,5.699999999999999,0.0,1.0,2.0,3.0
368,Dominik,Szoboszlai,Szoboszlai,a,,,7.0,27,18,41.8,5,2,6.0,45,22,4,0,0,0,0,123828,218183,0.9,1.7,6.0,6.0,6.0,48,24,,,15,10,7,7,78,44,9,8,1.0,1.0,1.0,,,,,0.5,0.22,0.72,1.94,0.0,0.0,2.0,1.0,10.0,2,4,90.0,0.0,0.0,0.0,2.0,0.0,0.0,0.0,0.0,0.0,0.0,1.0,0.0,24.0,167987.0,229708.0,0.0,0.16000000000000003,0.16999999999999998,0.32999999999999985,2.3,21.4,40.699999999999996,4.0,6.6,3.0,3.0,7.0,13.0
369,Rio,Ngumoha,Ngumoha,a,,,5.9,113,74,0.9,203,64,1.5,203,99,1,-1,1,-1,1,2127,20287,0.3,0.5,1.5,1.5,1.5,217,104,,,280,128,197,109,181,90,265,119,,,,,,,,0.04,0.06,0.1,0.64,0.0,0.0,2.22,1.11,3.33,2,1,19.0,0.0,0.0,0.0,0.0,0.0,0.0,0.0,0.0,0.0,0.0,0.0,0.0,5.0,2939.0,22691.0,0.0,0.0,0.030000000000000002,0.03,0.06999999999999995,2.0000000000000004,1.2999999999999998,2.0,0.5,0.0,0.0,0.0,0.0
370,Federico,Chiesa,Chiesa,i,Back injury - Unknown return date,,5.4,210,130,0.1,458,184,0.0,579,244,0,-1,1,-1,1,30,3129,0.0,0.0,0.0,0.0,0.0,579,244,0.0,0.0,567,238,574,244,545,222,575,241,,,,,,,,0.0,0.0,0.0,0.0,0.0,0.0,0.0,0.0,0.0,2,0,0.0,0.0,0.0,0.0,0.0,0.0,0.0,0.0,0.0,0.0,0.0,0.0,0.0,0.0,34.0,3898.0,0.0,0.0,0.0,0.0,0.0,0.0,0.0,0.0,0.0,0.0,0.0,0.0,0.0
371,Ryan,Gravenberch,Gravenberch,a,,,6.0,76,51,1.7,138,40,3.0,117,55,1,0,0,0,0,5921,27799,0.5,1.0,3.0,3.0,3.0,123,55,,,137,50,88,55,207,100,144,70,,,,,,,,0.06,0.06,0.12,1.1,0.0,0.0,1.88,0.94,11.25,2,1,19.0,0.0,0.0,0.0,0.0,0.0,0.0,0.0,0.0,0.0,0.0,0.0,0.0,7.0,8587.0,30055.0,0.0,0.0,0.009999999999999995,0.009999999999999995,0.06999999999999984,4.400000000000002,12.100000000000001,0.0,1.6999999999999993,1.0,0.0,0.0,1.0
372,Alexis,Mac Allister,Mac Allister,a,,,5.5,152,94,1.5,156,46,1.5,197,93,2,0,0,0,0,6319,16813,0.3,0.5,1.5,1.5,1.5,211,98,,,185,71,190,106,576,243,226,100,,,5.0,,,,,0.0,0.35,0.35,2.88,0.0,0.0,1.75,0.87,11.36,2,2,76.0,0.0,0.0,0.0,2.0,0.0,0.0,0.0,0.0,0.0,0.0,1.0,0.0,10.0,7250.0,19879.0,0.0,0.0,0.39,0.39,2.2299999999999995,12.599999999999998,7.699999999999999,0.0,2.0,3.0,2.0,5.0,10.0
373,Curtis,Jones,C.Jones,u,Has joined Internazionale permanently,,5.5,141,87,0.0,533,221,0.0,595,254,0,0,0,0,0,1,632,0.0,0.0,0.0,0.0,0.0,595,254,0.0,75.0,585,250,591,253,571,238,591,252,,,,,,,,0.0,0.0,0.0,0.0,0.0,0.0,0.0,0.0,0.0,2,0,0.0,0.0,0.0,0.0,0.0,0.0,0.0,0.0,0.0,0.0,0.0,0.0,0.0,0.0,5.0,748.0,0.0,0.0,0.0,0.0,0.0,0.0,0.0,0.0,0.0,0.0,0.0,0.0,0.0
374,Endo,Wataru,Endo,a,,,5.0,248,153,0.1,477,193,0.0,519,211,0,0,0,0,0,465,942,0.0,0.0,0.0,0.0,0.0,519,211,100.0,100.0,504,201,506,208,457,170,512,204,,,,,,,,0.0,0.0,0.0,0.0,0.0,0.0,0.0,0.0,0.0,2,0,0.0,0.0,0.0,0.0,0.0,0.0,0.0,0.0,0.0,0.0,0.0,0.0,0.0,0.0,505.0,1049.0,0.0,0.0,0.0,0.0,0.0,0.0,0.0,0.0,0.0,0.0,0.0,0.0,0.0
375,Trey,Nyoni,Nyoni,a,,,5.0,374,226,0.0,514,214,0.5,320,148,1,0,0,0,0,293,475,0.1,0.2,0.5,0.5,1.0,291,131,,,257,114,240,127,533,214,296,133,,,,,,,,0.0,0.0,0.0,0.48,0.0,0.0,0.0,0.0,34.62,2,1,13.0,0.0,0.0,0.0,0.0,0.0,0.0,0.0,0.0,0.0,0.0,0.0,0.0,3.0,306.0,558.0,0.0,0.0,0.0,0.0,0.07,6.4,2.2,0.0,0.9,2.0,1.0,2.0,5.0
376,Stefan,Bajčetić Maquieira,Bajcetic,u,Has joined Celta Vigo permanently,,5.0,358,212,0.0,623,273,0.0,564,234,0,0,0,0,0,11,28,0.0,0.0,0.0,0.0,0.0,564,234,0.0,0.0,551,227,558,233,521,203,559,230,,,,,,,,0.0,0.0,0.0,0.0,0.0,0.0,0.0,0.0,0.0,2,0,0.0,0.0,0.0,0.0,0.0,0.0,0.0,0.0,0.0,0.0,0.0,0.0,0.0,0.0,12.0,30.0,0.0,0.0,0.0,0.0,0.0,0.0,0.0,0.0,0.0,0.0,0.0,0.0,0.0
377,Victor,Munoz,Munoz,a,,,6.5,48,33,1.1,186,57,5.0,61,29,6,0,0,0,0,46453,11386,0.8,1.5,5.0,5.0,5.0,65,31,,,71,28,100,62,39,23,49,35,,,,,,,,0.32,0.18,0.5,2.59,0.0,0.0,1.54,0.77,5.38,2,6,90.0,1.0,0.0,0.0,2.0,0.0,0.0,0.0,1.0,0.0,0.0,1.0,0.0,24.0,47464.0,12369.0,0.0,0.31999999999999995,0.19,0.51,2.3,42.2,16.799999999999997,29.0,8.8,2.0,4.0,1.0,7.0
378,James,McConnell,McConnell,a,,,4.5,493,257,0.2,316,111,0.0,451,179,0,0,0,0,0,818,1993,0.0,0.0,0.0,0.0,0.0,451,179,,,432,167,435,176,377,134,442,172,,,,,,,,0.0,0.0,0.0,0.0,0.0,0.0,0.0,0.0,0.0,2,0,0.0,0.0,0.0,0.0,0.0,0.0,0.0,0.0,0.0,0.0,0.0,0.0,0.0,0.0,865.0,2350.0,0.0,0.0,0.0,0.0,0.0,0.0,0.0,0.0,0.0,0.0,0.0,0.0,0.0
379,Alexander,Isak,Isak,a,,,9.0,5,2,16.3,23,4,5.0,63,6,8,0,0,0,0,80298,112075,0.6,1.1,5.0,5.0,5.0,67,7,,,72,6,106,10,1,1,10,2,,,2.0,,,,,1.04,0.0,1.04,1.94,0.0,0.0,2.0,1.0,1.0,2,8,90.0,1.0,0.0,0.0,2.0,0.0,0.0,0.0,0.0,0.0,0.0,1.0,2.0,30.0,95155.0,129930.0,0.0,0.99,0.0,0.9899999999999998,2.3,34.0,10.299999999999999,48.0,9.2,1.0,0.0,0.0,1.0
380,Hugo,Ekitiké,Ekitiké,i,Achilles injury - Unknown return date,,7.5,20,7,0.1,396,56,0.0,626,72,0,0,0,0,0,422,2350,0.0,0.0,0.0,0.0,0.0,626,72,0.0,0.0,627,72,627,72,627,72,627,72,,,,,,,,0.0,0.0,0.0,0.0,0.0,0.0,0.0,0.0,0.0,2,0,0.0,0.0,0.0,0.0,0.0,0.0,0.0,0.0,0.0,0.0,0.0,0.0,0.0,0.0,464.0,2663.0,0.0,0.0,0.0,0.0,0.0,0.0,0.0,0.0,0.0,0.0,0.0,0.0,0.0
381,Lewis,Koumas,Koumas,a,,,5.0,351,207,0.0,552,229,0.5,315,144,0,0,0,0,0,101,234,0.1,0.2,0.5,0.5,1.0,285,126,,,323,146,308,155,171,83,295,132,,,,,,,,0.22,0.0,0.22,3.6,0.0,0.0,0.0,0.0,7.5,2,0,0.0,0.0,0.0,0.0,0.0,0.0,0.0,0.0,0.0,0.0,0.0,0.0,0.0,0.0,125.0,268.0,0.0,0.0,0.0,0.0,0.0,0.0,0.0,0.0,0.0,0.0,0.0,0.0,0.0
382,Jayden,Danns,Danns,i,Unspecified injury - Unknown return date,,4.5,497,63,0.0,517,67,0.0,455,45,0,0,0,0,0,436,419,0.0,0.0,0.0,0.0,0.0,455,45,0.0,0.0,436,37,439,43,381,39,446,42,,,,,,,,0.0,0.0,0.0,0.0,0.0,0.0,0.0,0.0,0.0,2,0,0.0,0.0,0.0,0.0,0.0,0.0,0.0,0.0,0.0,0.0,0.0,0.0,0.0,0.0,466.0,488.0,0.0,0.0,0.0,0.0,0.0,0.0,0.0,0.0,0.0,0.0,0.0,0.0,0.0
383,Harvey,Elliott,Elliott,a,,,5.4,214,133,0.1,472,191,0.0,582,246,0,-1,1,-1,1,434,1179,0.0,0.0,0.0,0.0,0.0,582,246,,,569,240,575,245,546,223,576,242,,,,,,,,0.0,0.0,0.0,0.0,0.0,0.0,0.0,0.0,0.0,2,0,0.0,0.0,0.0,0.0,0.0,0.0,0.0,0.0,0.0,0.0,0.0,0.0,0.0,0.0,480.0,1326.0,0.0,0.0,0.0,0.0,0.0,0.0,0.0,0.0,0.0,0.0,0.0,0.0,0.0
579,Ronald,Araujo,Araujo,a,,,5.5,166,22,2.3,118,48,0.5,337,120,0,0,0,0,0,7827,53355,0.1,0.2,0.5,0.5,0.5,354,121,,,183,80,223,71,579,202,249,92,,,,,,,,0.0,0.11,0.11,1.66,0.0,0.0,0.0,0.0,13.64,2,0,13.0,0.0,0.0,0.0,0.0,0.0,0.0,0.0,1.0,0.0,0.0,0.0,0.0,-1.0,9490.0,57820.0,0.0,0.0,0.010000000000000002,0.010000000000000002,0.06999999999999995,5.800000000000001,2.3,0.0,0.8000000000000003,0.0,1.0,2.0,1.0
627,Bradley,Barcola,Barcola,a,,,8.0,10,7,0.3,299,102,0.0,628,277,0,0,0,0,0,26008,1140,0.0,0.0,2.8,2.8,0.0,628,277,,,629,278,629,278,629,278,629,278,,,,,,,,0.0,0.0,0.0,0.0,0.0,0.0,0.0,0.0,0.0,2,0,0.0,0.0,0.0,0.0,0.0,0.0,0.0,0.0,0.0,0.0,0.0,0.0,0.0,0.0,26008.0,1140.0,0.0,0.0,0.0,0.0,0.0,0.0,0.0,0.0,0.0,0.0,0.0,0.0,0.0
238,Jack,Grealish,Grealish,a,,,6.5,34,22,0.2,333,120,0.5,354,167,0,0,0,0,0,1491,3153,0.1,0.2,0.5,0.5,1.0,336,162,100.0,100.0,328,150,303,153,618,271,339,158,,,,,,,,0.0,0.0,0.0,0.0,0.0,0.0,0.0,0.0,11.25,2,0,0.0,0.0,0.0,0.0,0.0,0.0,0.0,0.0,0.0,0.0,0.0,0.0,0.0,0.0,1625.0,3629.0,0.0,0.0,0.0,0.0,0.0,0.0,0.0,0.0,0.0,0.0,0.0,0.0,0.0
384,Gianluigi,Donnarumma,Donnarumma,a,,,5.5,139,4,8.0,52,7,1.5,194,17,0,0,0,0,0,35055,75224,0.3,0.5,1.5,1.5,1.5,208,20,,,122,13,590,70,570,70,210,13,,,,,,,,0.0,0.0,0.0,0.66,2.0,0.0,1.0,1.0,0.0,2,0,90.0,0.0,0.0,0.0,1.0,1.0,0.0,0.0,0.0,0.0,1.0,1.0,0.0,5.0,40687.0,81372.0,0.0,0.0,0.0,0.0,0.66,6.800000000000001,0.0,0.0,0.6999999999999997,0.0,0.0,8.0,0.0
386,Marcus,Bettinelli,Bettinelli,a,,,4.5,424,30,0.0,540,61,0.0,425,52,0,0,0,0,0,94,236,0.0,0.0,0.0,0.0,0.0,425,52,,,406,52,400,33,333,32,416,52,,,,,,,,0.0,0.0,0.0,0.0,0.0,0.0,0.0,0.0,0.0,2,0,0.0,0.0,0.0,0.0,0.0,0.0,0.0,0.0,0.0,0.0,0.0,0.0,0.0,0.0,116.0,272.0,0.0,0.0,0.0,0.0,0.0,0.0,0.0,0.0,0.0,0.0,0.0,0.0,0.0
387,Nico,O'Reilly,O'Reilly,a,,,6.5,43,4,19.4,16,3,2.0,173,57,2,0,0,0,0,47147,167885,0.3,0.6,2.0,2.0,2.0,186,59,,,225,91,53,11,110,31,132,47,,,,,,,,0.05,0.26,0.31,0.73,0.0,0.0,1.2,1.2,1.8,2,2,88.0,0.0,0.0,0.0,1.0,0.0,0.0,0.0,0.0,0.0,0.0,1.0,0.0,11.0,57237.0,185170.0,0.0,0.01999999999999999,0.020000000000000018,0.040000000000000036,0.6599999999999999,3.5999999999999996,7.800000000000004,5.0,1.5999999999999996,1.0,0.0,2.0,1.0
388,Marc,Guéhi,Guéhi,a,,,6.0,67,6,19.1,17,4,6.0,43,17,2,0,0,0,0,77439,107600,1.0,2.0,6.0,6.0,6.0,46,18,,,20,4,71,19,67,13,37,4,,,,,,,,0.44,0.18,0.62,0.66,0.0,0.0,1.0,1.0,4.5,2,2,90.0,0.0,0.0,0.0,1.0,0.0,0.0,0.0,0.0,0.0,0.0,1.0,0.0,12.0,103964.0,114846.0,0.0,0.0,0.03999999999999998,0.040000000000000036,0.66,24.199999999999996,15.799999999999997,0.0,4.0,0.0,5.0,4.0,5.0
389,Matheus,Nunes,Matheus N.,d,Unspecified injury - 75% chance of playing,,6.0,81,10,1.1,180,73,0.5,348,122,0,0,0,0,0,135,24911,0.1,0.2,0.4,0.4,1.0,329,111,75.0,75.0,293,110,266,92,208,75,298,107,,,4.0,,,,,0.0,0.11,0.11,0.27,0.0,0.0,0.0,0.0,2.73,2,0,0.0,0.0,0.0,0.0,0.0,0.0,0.0,0.0,0.0,0.0,0.0,0.0,0.0,0.0,176.0,30136.0,0.0,0.0,0.0,0.0,0.0,0.0,0.0,0.0,0.0,0.0,0.0,0.0,0.0
390,Rúben,dos Santos Gato Alves Dias,Rúben,a,,,5.5,128,13,1.8,136,55,2.0,160,55,2,0,0,0,0,10789,14050,0.4,0.7,2.0,2.0,2.0,172,57,,,51,15,50,10,50,9,39,5,,,,,,,,0.04,0.36,0.4,0.66,0.0,0.0,1.0,1.0,6.0,2,2,90.0,0.0,0.0,0.0,1.0,0.0,0.0,0.0,0.0,0.0,0.0,1.0,0.0,19.0,11931.0,15884.0,0.0,0.09,0.57,0.66,0.66,27.0,22.300000000000004,35.0,8.4,1.0,5.0,6.0,6.0
391,Joško,Gvardiol,Gvardiol,a,,,5.6,116,12,17.3,22,7,7.0,26,10,5,1,-1,1,-1,318030,54305,1.3,2.5,7.0,7.0,7.0,28,11,,,10,2,43,8,94,25,31,2,,,,,,,,0.1,0.05,0.15,0.72,0.0,0.0,1.1,1.1,4.94,2,5,74.0,0.0,1.0,0.0,1.0,0.0,0.0,0.0,0.0,0.0,0.0,1.0,0.0,18.0,359753.0,60524.0,0.0,0.0,0.039999999999999994,0.040000000000000036,0.66,27.6,30.8,2.0,6.000000000000001,1.0,1.0,0.0,2.0
392,Rayan,Aït-Nouri,Aït-Nouri,a,,,5.4,216,33,0.6,236,87,0.0,583,202,0,-1,1,-1,1,1423,15965,0.0,0.0,0.0,0.0,0.0,583,202,,,570,202,576,202,548,199,577,202,,,,,,,,0.0,0.0,0.0,0.0,0.0,0.0,0.0,0.0,0.0,2,0,0.0,0.0,0.0,0.0,0.0,0.0,0.0,0.0,0.0,0.0,0.0,0.0,0.0,0.0,1629.0,18746.0,0.0,0.0,0.0,0.0,0.0,0.0,0.0,0.0,0.0,0.0,0.0,0.0,0.0
393,Abdukodir,Khusanov,Khusanov,a,,,5.5,202,30,1.7,146,60,2.0,166,56,2,0,0,0,0,5711,14328,0.4,0.7,2.0,2.0,2.0,179,58,,,105,47,191,60,205,74,171,63,,,,,,,,0.0,0.02,0.02,0.66,0.0,0.0,1.01,1.01,5.56,2,2,88.0,0.0,0.0,0.0,1.0,0.0,0.0,0.0,0.0,0.0,0.0,1.0,0.0,17.0,6348.0,16534.0,0.0,0.0,0.02,0.02,0.66,21.0,5.299999999999999,4.0,3.0,4.0,3.0,3.0,7.0
394,Max,Alleyne,Alleyne,u,Has joined Burnley on loan for the rest of the season,,5.0,336,66,0.0,604,203,0.0,558,199,0,0,0,0,0,0,92,0.0,0.0,0.0,0.0,0.0,558,199,0.0,0.0,545,200,551,200,513,196,553,200,,,,,,,,0.0,0.0,0.0,0.0,0.0,0.0,0.0,0.0,0.0,2,0,0.0,0.0,0.0,0.0,0.0,0.0,0.0,0.0,0.0,0.0,0.0,0.0,0.0,0.0,0.0,118.0,0.0,0.0,0.0,0.0,0.0,0.0,0.0,0.0,0.0,0.0,0.0,0.0,0.0
395,Rico,Lewis,Lewis,a,,,4.5,485,128,0.2,322,120,0.5,289,104,0,0,0,0,0,1307,3631,0.1,0.2,0.5,0.5,1.0,251,94,,,292,109,218,69,46,6,180,67,,,,,,,,0.27,0.03,0.3,0.88,0.0,0.0,1.61,1.61,3.21,2,0,0.0,0.0,0.0,0.0,0.0,0.0,0.0,0.0,0.0,0.0,0.0,0.0,0.0,0.0,1876.0,4006.0,0.0,0.0,0.0,0.0,0.0,0.0,0.0,0.0,0.0,0.0,0.0,0.0,0.0
396,Vitor,de Oliveira Nunes dos Reis,Vitor Reis,a,,,4.5,539,147,0.0,546,189,0.5,293,107,1,0,0,0,0,79,167,0.1,0.2,0.5,0.5,1.0,257,99,,,322,120,284,103,418,173,333,120,,,,,,,,0.0,0.0,0.0,0.0,0.0,0.0,0.0,0.0,0.0,2,1,1.0,0.0,0.0,0.0,0.0,0.0,0.0,0.0,0.0,0.0,0.0,0.0,0.0,3.0,90.0,210.0,0.0,0.0,0.0,0.0,0.0,1.2,0.9,0.0,0.2,0.0,0.0,0.0,0.0
397,Antoine,Semenyo,Semenyo,a,,,8.5,6,4,21.2,14,7,3.5,97,42,5,0,0,0,0,32685,242790,0.4,0.8,3.5,3.5,3.5,102,43,,,117,43,28,24,13,8,22,17,,,2.0,,,,,0.06,0.3,0.36,0.66,0.0,0.0,1.0,1.0,4.0,2,5,90.0,0.0,1.0,0.0,1.0,0.0,0.0,0.0,0.0,0.0,0.0,1.0,0.0,33.0,41736.0,276459.0,0.0,0.06,0.57,0.63,0.66,29.2,43.0,40.0,11.200000000000001,1.0,0.0,2.0,3.0
398,Phil,Foden,Foden,a,,,7.0,25,16,4.8,75,23,5.0,62,30,9,0,0,0,0,98417,33972,0.7,1.4,5.0,5.0,5.0,66,32,,,47,23,4,4,60,35,11,9,3.0,2.0,,,,,,0.52,0.45,0.97,0.69,0.0,0.0,1.05,1.05,6.84,2,9,90.0,0.0,2.0,0.0,1.0,0.0,0.0,0.0,0.0,0.0,0.0,1.0,1.0,38.0,102640.0,43571.0,0.0,0.87,0.44999999999999996,1.32,0.66,42.800000000000004,45.800000000000004,17.0,10.600000000000001,1.0,2.0,4.0,7.0
399,Rayan,Cherki,Cherki,a,,,7.7,14,9,23.3,11,5,11.0,2,2,14,2,-2,2,-2,1047087,33671,1.4,2.9,11.0,11.0,11.0,3,3,,,2,2,3,3,30,19,2,2,1.0,1.0,,,,,,0.29,0.88,1.17,0.63,0.0,0.0,0.83,0.83,2.5,2,14,81.0,2.0,0.0,0.0,1.0,0.0,0.0,0.0,1.0,0.0,0.0,1.0,3.0,60.0,1083594.0,40397.0,0.0,0.35,0.55,0.8999999999999999,0.66,74.8,47.8,49.0,17.2,0.0,0.0,3.0,3.0
400,Jérémy,Doku,Doku,i,Calf injury - Expected back 5 Sep,,7.4,22,13,1.0,190,59,0.0,624,275,0,-1,1,-1,1,319,22071,0.0,0.0,0.0,0.0,0.0,624,275,0.0,0.0,625,276,625,276,625,276,625,276,,,3.0,,,,,0.0,0.0,0.0,0.0,0.0,0.0,0.0,0.0,0.0,2,0,0.0,0.0,0.0,0.0,0.0,0.0,0.0,0.0,0.0,0.0,0.0,0.0,0.0,0.0,350.0,30244.0,0.0,0.0,0.0,0.0,0.0,0.0,0.0,0.0,0.0,0.0,0.0,0.0,0.0
402,Rodrigo 'Rodri',Hernandez Cascante,Rodrigo,u,Has joined Barcelona permanently,,6.5,37,25,0.0,583,246,0.0,619,272,0,0,0,0,0,0,213,0.0,0.0,0.0,0.0,0.0,619,272,0.0,0.0,620,273,620,273,619,272,620,273,,,,,,,,0.0,0.0,0.0,0.0,0.0,0.0,0.0,0.0,0.0,2,0,0.0,0.0,0.0,0.0,0.0,0.0,0.0,0.0,0.0,0.0,0.0,0.0,0.0,0.0,0.0,243.0,0.0,0.0,0.0,0.0,0.0,0.0,0.0,0.0,0.0,0.0,0.0,0.0,0.0
404,Tijjani,Reijnders,Reijnders,u,Has joined Al Qadsiah permanently,,6.0,72,49,0.0,495,204,0.0,612,266,0,0,0,0,0,0,1202,0.0,0.0,0.0,0.0,0.0,612,266,0.0,0.0,610,267,612,267,607,263,612,267,,,,,,,,0.0,0.0,0.0,0.0,0.0,0.0,0.0,0.0,0.0,2,0,0.0,0.0,0.0,0.0,0.0,0.0,0.0,0.0,0.0,0.0,0.0,0.0,0.0,0.0,0.0,1569.0,0.0,0.0,0.0,0.0,0.0,0.0,0.0,0.0,0.0,0.0,0.0,0.0,0.0
406,Mateo,Kovačić,Kovačić,a,,,5.5,121,79,0.1,444,178,1.0,249,116,1,0,0,0,0,446,1301,0.2,0.4,1.0,1.0,1.0,304,141,,,283,130,208,114,560,233,297,134,,,,,,,,0.0,0.04,0.04,0.21,0.0,0.0,0.0,0.0,4.29,2,1,15.0,0.0,0.0,0.0,0.0,0.0,0.0,0.0,0.0,0.0,0.0,0.0,0.0,9.0,560.0,1477.0,0.0,0.0,0.01,0.01,0.0,2.0,3.1,0.0,0.5,0.0,0.0,0.0,0.0
407,Claudio,Echeverri,Echeverri,a,,,5.0,371,223,0.0,573,240,0.0,571,240,0,0,0,0,0,98,264,0.0,0.0,0.0,0.0,0.0,571,240,,,559,234,565,239,531,212,567,237,,,,,,,,0.0,0.0,0.0,0.0,0.0,0.0,0.0,0.0,0.0,2,0,0.0,0.0,0.0,0.0,0.0,0.0,0.0,0.0,0.0,0.0,0.0,0.0,0.0,0.0,106.0,310.0,0.0,0.0,0.0,0.0,0.0,0.0,0.0,0.0,0.0,0.0,0.0,0.0,0.0
408,Kalvin,Phillips,Phillips,u,Has joined Sheffield United on loan for the rest of the season,,5.0,245,150,0.0,603,258,0.0,518,210,0,0,0,0,0,0,107,0.0,0.0,0.0,0.0,0.0,518,210,0.0,0.0,503,200,505,207,454,167,511,203,,,,,,,,0.0,0.0,0.0,0.0,0.0,0.0,0.0,0.0,0.0,2,0,0.0,0.0,0.0,0.0,0.0,0.0,0.0,0.0,0.0,0.0,0.0,0.0,0.0,0.0,0.0,133.0,0.0,0.0,0.0,0.0,0.0,0.0,0.0,0.0,0.0,0.0,0.0,0.0,0.0
409,Divine,Mukasa,Mukasa,a,,,4.5,528,267,0.2,366,140,0.0,481,188,0,0,0,0,0,532,1965,0.0,0.0,0.0,0.0,0.0,481,188,,,463,176,465,185,409,143,473,181,,,,,,,,0.0,0.0,0.0,0.0,0.0,0.0,0.0,0.0,0.0,2,0,0.0,0.0,0.0,0.0,0.0,0.0,0.0,0.0,0.0,0.0,0.0,0.0,0.0,0.0,614.0,2284.0,0.0,0.0,0.0,0.0,0.0,0.0,0.0,0.0,0.0,0.0,0.0,0.0,0.0
410,Jeremy,Monga,Monga,a,,,4.9,405,245,0.0,578,242,0.0,508,204,0,-1,1,-1,1,109,219,0.0,0.0,0.0,0.0,0.0,508,204,,,491,193,493,201,440,160,500,197,,,,,,,,0.0,0.0,0.0,0.0,0.0,0.0,0.0,0.0,0.0,2,0,0.0,0.0,0.0,0.0,0.0,0.0,0.0,0.0,0.0,0.0,0.0,0.0,0.0,0.0,114.0,255.0,0.0,0.0,0.0,0.0,0.0,0.0,0.0,0.0,0.0,0.0,0.0,0.0,0.0
411,Erling,Haaland,Haaland,a,,,15.5,1,1,70.3,1,1,7.5,24,2,13,0,0,0,0,218169,24304,0.5,1.0,7.5,7.5,7.5,25,2,,,13,2,207,27,2,2,13,3,,,1.0,,,,,0.7,0.01,0.71,0.66,0.0,0.0,1.0,1.0,4.0,2,13,90.0,2.0,0.0,0.0,1.0,0.0,0.0,0.0,0.0,0.0,0.0,1.0,3.0,60.0,230457.0,41666.0,0.0,0.6599999999999999,0.0,0.6599999999999999,0.66,69.0,0.09999999999999964,51.0,11.999999999999998,0.0,3.0,2.0,5.0
481,Elliot,Anderson,Anderson,a,,,6.4,50,35,5.4,69,22,2.5,144,69,3,0,0,-1,1,17619,73373,0.4,0.8,2.5,2.5,2.5,149,69,100.0,100.0,129,48,48,38,127,64,87,49,2.0,,,,,,,0.04,0.3,0.34,0.76,0.0,0.0,1.26,1.26,12.59,2,3,81.0,0.0,0.0,0.0,1.0,0.0,0.0,0.0,1.0,0.0,0.0,1.0,0.0,25.0,20842.0,87508.0,0.0,0.07,0.21999999999999997,0.29000000000000004,0.6599999999999999,25.000000000000004,20.2,13.0,5.8,5.0,4.0,5.0,14.0
587,Gerónimo,Rulli,Rulli,a,,,5.0,236,8,0.0,558,67,0.0,512,66,0,0,0,0,0,71,187,0.0,0.0,0.0,0.0,0.0,512,66,,,495,66,498,55,446,55,504,66,,,,,,,,0.0,0.0,0.0,0.0,0.0,0.0,0.0,0.0,0.0,2,0,0.0,0.0,0.0,0.0,0.0,0.0,0.0,0.0,0.0,0.0,0.0,0.0,0.0,0.0,80.0,222.0,0.0,0.0,0.0,0.0,0.0,0.0,0.0,0.0,0.0,0.0,0.0,0.0,0.0
616,Ayyoub,Bouaddi,Bouaddi,a,,,5.5,205,128,0.1,399,158,1.0,258,124,1,0,0,0,0,6590,1823,0.2,0.2,2.0,2.0,1.0,320,151,,,314,140,215,118,591,253,309,141,,,,,,,,0.0,1.35,1.35,0.0,0.0,0.0,0.0,0.0,11.25,2,1,8.0,0.0,0.0,0.0,0.0,0.0,0.0,0.0,0.0,0.0,0.0,0.0,0.0,3.0,8354.0,2055.0,0.0,0.0,0.12,0.12,0.0,1.8,4.3,0.0,0.6,0.0,1.0,0.0,1.0
621,Ryan,McAidoo,McAidoo,a,,,4.5,540,273,0.1,476,192,1.0,228,104,1,0,0,0,0,4623,1241,0.2,0.2,1.0,1.0,1.0,258,108,,,472,181,306,154,249,121,342,159,,,,,,,,1.12,0.0,1.12,0.0,0.0,0.0,0.0,0.0,0.0,2,1,8.0,0.0,0.0,0.0,0.0,0.0,0.0,0.0,0.0,0.0,0.0,0.0,0.0,3.0,4623.0,1241.0,0.0,0.1,0.0,0.1,0.0,0.0,0.5,1.0,0.1,0.0,0.0,0.0,0.0
622,Kaden,Braithwaite,Braithwaite,a,,,4.0,614,193,0.1,430,151,1.0,212,70,1,0,0,0,0,6176,1241,0.2,0.2,1.0,1.0,1.0,229,74,,,329,122,288,105,302,120,340,121,,,,,,,,0.0,0.0,0.0,0.0,0.0,0.0,0.0,0.0,0.0,2,1,1.0,0.0,0.0,0.0,0.0,0.0,0.0,0.0,0.0,0.0,0.0,0.0,0.0,3.0,6176.0,1241.0,0.0,0.0,0.0,0.0,0.0,0.6,0.8,0.0,0.1,0.0,0.0,1.0,0.0
628,Allan,Andrade Elias,Allan,a,,,6.0,92,59,0.0,628,278,0.0,616,269,0,0,0,0,0,48,14,0.0,0.0,2.2,2.2,0.0,616,269,,,617,270,617,270,613,266,617,270,,,,,,,,0.0,0.0,0.0,0.0,0.0,0.0,0.0,0.0,0.0,2,0,0.0,0.0,0.0,0.0,0.0,0.0,0.0,0.0,0.0,0.0,0.0,0.0,0.0,0.0,48.0,14.0,0.0,0.0,0.0,0.0,0.0,0.0,0.0,0.0,0.0,0.0,0.0,0.0,0.0
43,Youri,Tielemans,Tielemans,a,,,6.0,62,43,2.1,126,38,3.0,115,53,4,0,0,0,0,7449,29503,0.5,1.0,3.0,3.0,3.0,120,53,100.0,100.0,102,37,22,19,79,45,44,32,,,3.0,,,,,0.29,0.13,0.42,1.73,0.0,0.0,2.31,1.15,10.38,2,4,90.0,0.0,0.0,0.0,2.0,0.0,0.0,0.0,0.0,0.0,0.0,1.0,0.0,26.0,9326.0,34783.0,0.0,0.47000000000000003,0.11,0.58,2.06,33.2,46.3,20.0,10.0,2.0,4.0,7.0,13.0
131,Carlos,Baleba,Baleba,i,Ankle injury - Expected back 19 Sep,,5.0,357,211,0.2,368,141,0.0,563,233,0,0,0,0,0,1228,3365,0.0,0.0,0.0,0.0,0.0,563,233,0.0,0.0,550,226,557,232,520,202,558,229,,,,,,,,0.0,0.0,0.0,0.0,0.0,0.0,0.0,0.0,0.0,2,0,0.0,0.0,0.0,0.0,0.0,0.0,0.0,0.0,0.0,0.0,0.0,0.0,0.0,0.0,1354.0,3949.0,0.0,0.0,0.0,0.0,0.0,0.0,0.0,0.0,0.0,0.0,0.0,0.0,0.0
162,Andrey,Nascimento dos Santos,Andrey Santos,a,,,5.0,356,210,0.9,209,68,1.5,190,90,1,0,0,0,0,4447,14867,0.3,0.6,1.5,1.5,1.5,204,95,,,192,74,211,116,234,111,233,104,,,,,,,,0.0,0.27,0.27,2.3,0.0,0.0,3.55,1.18,16.58,2,1,10.0,0.0,0.0,0.0,1.0,0.0,0.0,0.0,0.0,0.0,0.0,0.0,0.0,2.0,5351.0,16812.0,0.0,0.0,0.0,0.0,1.0,6.200000000000001,0.7000000000000002,0.0,0.7,3.0,0.0,2.0,5.0
325,Karl,Darlow,Darlow,a,,,4.5,409,22,0.0,510,56,0.0,416,46,0,0,0,0,0,207,297,0.0,0.0,0.0,0.0,0.0,416,46,100.0,100.0,397,46,389,25,320,24,407,46,,,,,,,,0.0,0.0,0.0,0.0,0.0,0.0,0.0,0.0,0.0,2,0,0.0,0.0,0.0,0.0,0.0,0.0,0.0,0.0,0.0,0.0,0.0,0.0,0.0,0.0,245.0,333.0,0.0,0.0,0.0,0.0,0.0,0.0,0.0,0.0,0.0,0.0,0.0,0.0,0.0
412,Senne,Lammens,Lammens,a,,,5.0,314,17,14.3,29,5,1.5,188,16,2,0,0,0,0,19547,106649,0.3,0.6,1.5,1.5,1.5,202,19,,,68,10,539,64,497,64,181,11,,,,,,,,0.0,0.0,0.0,1.54,2.5,0.0,2.0,1.0,0.0,2,2,90.0,0.0,0.0,0.0,2.0,0.0,0.0,0.0,0.0,0.0,3.0,1.0,0.0,11.0,26352.0,118633.0,0.0,0.0,0.0,0.0,2.0599999999999996,27.000000000000004,0.0,0.0,2.7,0.0,1.0,6.0,0.0
413,Altay,Bayındır,Bayindir,u,Has joined Celta Vigo on loan for the rest of the season,,4.5,474,38,0.0,575,68,0.0,446,59,0,0,0,0,0,0,201,0.0,0.0,0.0,0.0,0.0,446,59,0.0,0.0,427,59,424,41,363,40,437,59,,,,,,,,0.0,0.0,0.0,0.0,0.0,0.0,0.0,0.0,0.0,2,0,0.0,0.0,0.0,0.0,0.0,0.0,0.0,0.0,0.0,0.0,0.0,0.0,0.0,0.0,0.0,242.0,0.0,0.0,0.0,0.0,0.0,0.0,0.0,0.0,0.0,0.0,0.0,0.0,0.0
414,Tom,Heaton,Heaton,i,Hamstring injury - Unknown return date,,4.0,553,49,0.1,447,50,0.0,358,23,0,0,0,0,0,237,613,0.0,0.0,0.0,0.0,0.0,358,23,0.0,0.0,340,23,330,2,252,1,349,23,,,,,,,,0.0,0.0,0.0,0.0,0.0,0.0,0.0,0.0,0.0,2,0,0.0,0.0,0.0,0.0,0.0,0.0,0.0,0.0,0.0,0.0,0.0,0.0,0.0,0.0,269.0,691.0,0.0,0.0,0.0,0.0,0.0,0.0,0.0,0.0,0.0,0.0,0.0,0.0,0.0
415,Patrick,Dorgu,Dorgu,a,,,5.9,111,72,0.9,204,65,0.5,346,162,1,-1,1,-1,1,2224,21448,0.1,0.2,0.5,0.5,0.5,357,170,,,253,112,162,98,28,18,136,69,,,,,,,,1.06,0.07,1.13,3.14,0.0,0.0,4.91,1.64,4.91,2,1,10.0,0.0,0.0,0.0,1.0,0.0,0.0,0.0,0.0,0.0,0.0,0.0,0.0,4.0,2910.0,26178.0,0.0,0.18000000000000005,0.010000000000000002,0.18999999999999995,0.9999999999999999,7.0,11.700000000000001,39.0,5.8,1.0,1.0,0.0,2.0
416,Matthijs,de Ligt,De Ligt,i,Back injury - Unknown return date,,5.0,265,41,0.0,549,190,0.0,524,189,0,0,0,0,0,63,308,0.0,0.0,0.0,0.0,0.0,524,189,0.0,0.0,512,192,513,192,467,185,519,192,,,,,,,,0.0,0.0,0.0,0.0,0.0,0.0,0.0,0.0,0.0,2,0,0.0,0.0,0.0,0.0,0.0,0.0,0.0,0.0,0.0,0.0,0.0,0.0,0.0,0.0,73.0,340.0,0.0,0.0,0.0,0.0,0.0,0.0,0.0,0.0,0.0,0.0,0.0,0.0,0.0
417,Diogo,Dalot Teixeira,Dalot,a,,,5.0,272,44,2.3,119,49,1.5,185,63,2,0,0,0,0,5571,20764,0.3,0.6,1.5,1.5,1.5,199,64,,,160,72,27,4,57,12,55,11,,,,,,,,0.16,0.13,0.29,1.15,0.0,0.0,1.08,1.08,7.59,2,2,73.0,0.0,0.0,0.0,1.0,0.0,0.0,0.0,0.0,0.0,0.0,1.0,0.0,12.0,6651.0,26915.0,0.0,0.15,0.12,0.27,1.06,16.4,42.2,33.0,9.2,0.0,4.0,1.0,4.0
418,Harry,Maguire,Maguire,a,,,5.0,233,35,15.5,25,9,2.5,127,46,4,0,0,0,0,30830,137235,0.5,1.0,2.5,2.5,2.5,133,48,,,128,57,81,24,74,17,83,24,,,,,,,,0.04,0.2,0.24,1.54,0.0,0.0,2.0,1.0,4.5,2,4,90.0,0.0,1.0,0.0,2.0,0.0,0.0,0.0,0.0,0.0,0.0,1.0,0.0,13.0,40872.0,154349.0,0.0,0.030000000000000006,0.009999999999999953,0.03999999999999998,2.0599999999999996,7.200000000000003,1.5,6.0,1.5000000000000009,1.0,4.0,4.0,5.0
419,Lisandro,Martínez,Martinez,a,,,5.0,279,47,1.3,169,69,0.5,304,113,1,0,0,0,0,4994,10526,0.1,0.2,0.5,0.5,1.0,271,105,100.0,100.0,278,104,255,87,211,77,294,106,,,,,,,,0.03,0.06,0.09,2.06,0.0,0.0,2.0,1.0,0.0,2,1,90.0,0.0,0.0,0.0,2.0,0.0,0.0,0.0,0.0,0.0,0.0,1.0,0.0,2.0,5552.0,13627.0,0.0,0.03,0.06,0.09,2.06,4.8,1.8,3.0,1.0,0.0,0.0,6.0,0.0
420,Leny,Yoro,Yoro,a,,,4.9,404,78,0.6,247,92,0.5,295,108,1,-1,1,-1,1,985,6896,0.1,0.2,0.5,0.5,1.0,260,100,,,313,118,254,86,439,180,317,115,,,,,,,,0.0,0.06,0.06,5.62,0.0,0.0,5.62,0.0,11.25,2,1,16.0,0.0,0.0,0.0,1.0,0.0,0.0,0.0,0.0,0.0,0.0,0.0,0.0,-2.0,1069.0,8426.0,0.0,0.0,0.01,0.01,1.0,1.8,1.8,0.0,0.4,0.0,2.0,1.0,2.0
421,Ayden,Heaven,Heaven,a,,,4.5,534,145,0.4,280,107,0.5,292,106,0,0,0,0,0,920,5251,0.1,0.2,0.5,0.5,1.0,256,98,,,254,99,233,75,138,46,257,94,,,,,,,,0.12,0.04,0.16,1.01,0.0,0.0,2.0,1.0,2.0,2,0,0.0,0.0,0.0,0.0,0.0,0.0,0.0,0.0,0.0,0.0,0.0,0.0,0.0,0.0,1316.0,5852.0,0.0,0.0,0.0,0.0,0.0,0.0,0.0,0.0,0.0,0.0,0.0,0.0,0.0
422,Noussair,Mazraoui,Mazraoui,a,,,4.5,454,109,0.7,232,85,1.0,220,77,1,0,0,0,0,2233,7708,0.2,0.4,1.0,1.0,1.0,243,87,,,184,81,79,23,151,49,147,55,,,,,,,,0.21,0.05,0.26,1.88,0.0,0.0,2.81,0.94,4.69,2,1,17.0,0.0,0.0,0.0,1.0,0.0,0.0,0.0,0.0,0.0,0.0,0.0,0.0,-1.0,3078.0,8482.0,0.0,0.0,0.0,0.0,0.9999999999999998,1.4000000000000021,1.3000000000000007,0.0,0.3000000000000007,0.0,0.0,0.0,0.0
423,Luke,Shaw,Shaw,a,,,4.5,418,85,17.4,21,6,1.5,178,60,2,0,0,0,0,18280,166464,0.3,0.7,1.5,1.5,1.5,193,62,,,75,30,18,2,147,47,50,9,3.0,,,,,,,0.0,0.16,0.16,1.15,0.0,0.0,1.67,1.11,6.67,2,2,72.0,0.0,0.0,0.0,1.0,0.0,0.0,0.0,0.0,0.0,0.0,1.0,0.0,12.0,25891.0,182984.0,0.0,0.0,0.020000000000000018,0.020000000000000018,1.0599999999999998,18.400000000000002,1.5999999999999943,4.0,2.4000000000000004,4.0,4.0,2.0,8.0
424,Harry,Amass,Amass,a,,,4.0,619,198,0.2,341,127,0.0,406,149,0,0,0,0,0,884,1449,0.0,0.0,0.0,0.0,0.0,406,149,,,388,151,380,149,307,125,398,151,,,,,,,,0.0,0.0,0.0,0.0,0.0,0.0,0.0,0.0,0.0,2,0,0.0,0.0,0.0,0.0,0.0,0.0,0.0,0.0,0.0,0.0,0.0,0.0,0.0,0.0,973.0,1685.0,0.0,0.0,0.0,0.0,0.0,0.0,0.0,0.0,0.0,0.0,0.0,0.0,0.0
425,Tyler,Fredricson,Fredricson,u,Has joined Lausanne-Sport permanently,,4.0,610,189,0.0,568,195,0.0,399,142,0,0,0,0,0,0,227,0.0,0.0,0.0,0.0,0.0,399,142,0.0,0.0,381,144,373,142,298,116,391,144,,,,,,,,0.0,0.0,0.0,0.0,0.0,0.0,0.0,0.0,0.0,2,0,0.0,0.0,0.0,0.0,0.0,0.0,0.0,0.0,0.0,0.0,0.0,0.0,0.0,0.0,0.0,264.0,0.0,0.0,0.0,0.0,0.0,0.0,0.0,0.0,0.0,0.0,0.0,0.0,0.0
426,Bruno,Borges Fernandes,B.Fernandes,a,,,12.0,2,1,48.4,3,1,12.5,1,1,23,0,0,0,0,232528,202279,1.0,2.1,12.5,12.5,12.5,2,2,,,1,1,1,1,8,4,1,1,1.0,1.0,1.0,,,,,1.05,0.37,1.42,1.54,0.0,0.0,2.0,1.0,7.0,2,23,90.0,3.0,1.0,0.0,2.0,0.0,0.0,0.0,0.0,0.0,0.0,1.0,3.0,87.0,241796.0,240109.0,0.0,2.02,0.48,2.5,2.0599999999999996,132.4,62.50000000000001,66.0,26.099999999999998,2.0,1.0,5.0,8.0
427,Bryan,Mbeumo,Mbeumo,a,,,8.0,9,6,30.9,7,3,6.5,34,20,11,0,0,0,0,49527,416276,0.8,1.6,6.5,6.5,6.5,36,21,,,43,20,12,12,5,2,6,5,2.0,2.0,2.0,,,,,1.13,0.22,1.35,1.54,0.0,0.0,2.0,1.0,4.5,2,11,90.0,1.0,1.0,0.0,2.0,0.0,0.0,0.0,1.0,0.0,0.0,1.0,2.0,37.0,65940.0,458125.0,0.0,1.7599999999999998,0.21,1.9700000000000002,2.0599999999999996,45.6,43.300000000000004,35.0,12.400000000000002,3.0,0.0,2.0,5.0
428,Matheus,Santos Carneiro da Cunha,Cunha,a,,,8.0,8,5,8.4,49,18,5.5,51,25,9,0,0,0,0,13901,88583,0.7,1.4,5.5,5.5,5.5,54,27,,,152,55,23,20,18,10,27,21,,,,,,,,0.2,0.21,0.41,1.18,0.0,0.0,1.71,1.14,2.85,2,9,79.0,0.0,2.0,0.0,1.0,0.0,0.0,0.0,0.0,0.0,0.0,1.0,1.0,31.0,18360.0,103447.0,0.0,0.10999999999999999,0.15,0.25999999999999995,1.0599999999999998,20.0,27.599999999999998,28.0,7.6,0.0,0.0,2.0,2.0
429,Marcus,Rashford,Rashford,a,,,7.0,24,15,1.6,148,42,1.5,209,101,2,0,0,0,0,12014,22854,0.2,0.4,1.5,1.5,1.5,222,106,,,145,53,8,8,21,12,17,13,,,,,,,,0.19,0.11,0.3,0.83,0.0,0.0,0.73,0.73,5.08,2,2,79.0,0.0,0.0,0.0,1.0,0.0,0.0,0.0,0.0,0.0,0.0,1.0,0.0,17.0,14136.0,25926.0,0.0,0.26,0.04999999999999999,0.30999999999999994,1.0599999999999998,16.0,34.300000000000004,58.0,10.799999999999999,3.0,0.0,3.0,6.0
430,Mason,Mount,Mount,d,Foot injury - 75% chance of playing,,5.5,132,82,0.0,548,226,0.0,593,252,0,0,0,0,0,36,361,0.0,0.0,0.0,0.0,0.0,593,252,75.0,75.0,583,248,588,251,566,234,589,250,,3.0,,,,,,0.0,0.0,0.0,0.0,0.0,0.0,0.0,0.0,0.0,2,0,0.0,0.0,0.0,0.0,0.0,0.0,0.0,0.0,0.0,0.0,0.0,0.0,0.0,0.0,39.0,423.0,0.0,0.0,0.0,0.0,0.0,0.0,0.0,0.0,0.0,0.0,0.0,0.0,0.0
431,Amad,Diallo,Amad,i,Unspecified injury - Unknown return date,,5.9,107,68,0.7,233,78,0.0,608,262,0,0,0,-1,1,158,26181,0.0,0.0,0.0,0.0,0.0,608,262,0.0,0.0,605,262,606,262,600,258,607,262,4.0,,,,,,,0.0,0.0,0.0,0.0,0.0,0.0,0.0,0.0,0.0,2,0,0.0,0.0,0.0,0.0,0.0,0.0,0.0,0.0,0.0,0.0,0.0,0.0,0.0,0.0,207.0,38582.0,0.0,0.0,0.0,0.0,0.0,0.0,0.0,0.0,0.0,0.0,0.0,0.0,0.0
432,Kobbie,Mainoo,Mainoo,a,,,5.5,187,117,1.0,187,58,2.5,138,64,4,0,0,0,0,11076,8036,0.5,0.9,2.5,2.5,2.5,143,64,,,189,72,188,104,140,70,201,89,,,,,,,,0.19,0.25,0.44,1.0,0.0,0.0,0.88,0.88,14.12,2,4,79.0,0.0,0.0,0.0,1.0,0.0,0.0,0.0,0.0,0.0,0.0,1.0,0.0,25.0,11542.0,9608.0,0.0,0.13999999999999999,0.27,0.41,1.0599999999999998,15.2,7.199999999999999,9.0,3.0999999999999996,3.0,2.0,10.0,15.0
433,Manuel,Ugarte Ribeiro,Ugarte,i,Knee injury - Unknown return date,,5.0,287,174,0.0,610,264,0.0,533,219,0,0,0,0,0,18,51,0.0,0.0,0.0,0.0,0.0,533,219,0.0,0.0,521,211,522,216,477,181,528,213,,,,,,,,0.0,0.0,0.0,0.0,0.0,0.0,0.0,0.0,0.0,2,0,0.0,0.0,0.0,0.0,0.0,0.0,0.0,0.0,0.0,0.0,0.0,0.0,0.0,0.0,20.0,58.0,0.0,0.0,0.0,0.0,0.0,0.0,0.0,0.0,0.0,0.0,0.0,0.0,0.0
434,Jack,Fletcher,J.Fletcher,a,,,5.0,363,217,0.0,587,249,0.0,567,237,0,0,0,0,0,54,112,0.0,0.0,0.0,0.0,0.0,567,237,,,554,230,561,236,524,206,562,233,,,,,,,,0.0,0.0,0.0,0.0,0.0,0.0,0.0,0.0,0.0,2,0,0.0,0.0,0.0,0.0,0.0,0.0,0.0,0.0,0.0,0.0,0.0,0.0,0.0,0.0,55.0,129.0,0.0,0.0,0.0,0.0,0.0,0.0,0.0,0.0,0.0,0.0,0.0,0.0,0.0
435,Shea,Lacey,Lacey,a,,,5.0,372,224,0.1,490,200,0.5,319,147,0,0,0,0,0,216,691,0.1,0.2,0.5,0.5,1.0,290,130,,,336,155,299,150,532,213,345,162,,,,,,,,0.0,0.0,0.0,0.0,0.0,0.0,0.0,0.0,9.0,2,0,0.0,0.0,0.0,0.0,0.0,0.0,0.0,0.0,0.0,0.0,0.0,0.0,0.0,0.0,257.0,769.0,0.0,0.0,0.0,0.0,0.0,0.0,0.0,0.0,0.0,0.0,0.0,0.0,0.0
436,Toby,Collyer,Collyer,u,Has joined West Brom permanently,,5.0,331,195,0.0,566,236,0.0,554,230,0,0,0,0,0,90,163,0.0,0.0,0.0,0.0,0.0,554,230,0.0,,542,223,548,229,508,197,550,226,,,,,,,,0.0,0.0,0.0,0.0,0.0,0.0,0.0,0.0,0.0,2,0,0.0,0.0,0.0,0.0,0.0,0.0,0.0,0.0,0.0,0.0,0.0,0.0,0.0,0.0,93.0,186.0,0.0,0.0,0.0,0.0,0.0,0.0,0.0,0.0,0.0,0.0,0.0,0.0,0.0
437,Bendito,Mantato,Bendito Mantato,a,,,4.5,524,265,0.2,351,131,0.0,479,187,0,0,0,0,0,1092,1724,0.0,0.0,0.0,0.0,0.0,479,187,,,461,175,463,184,407,142,471,180,,,,,,,,0.0,0.0,0.0,0.0,0.0,0.0,0.0,0.0,0.0,2,0,0.0,0.0,0.0,0.0,0.0,0.0,0.0,0.0,0.0,0.0,0.0,0.0,0.0,0.0,1150.0,1954.0,0.0,0.0,0.0,0.0,0.0,0.0,0.0,0.0,0.0,0.0,0.0,0.0,0.0
438,Tyler,Fletcher,Fletcher,a,,,4.5,505,260,0.3,294,99,0.0,463,182,0,0,0,0,0,1181,2705,0.0,0.0,0.0,0.0,0.0,463,182,,,444,170,447,179,389,137,454,175,,,,,,,,0.0,0.0,0.0,0.0,0.0,0.0,0.0,0.0,0.0,2,0,0.0,0.0,0.0,0.0,0.0,0.0,0.0,0.0,0.0,0.0,0.0,0.0,0.0,0.0,1292.0,3133.0,0.0,0.0,0.0,0.0,0.0,0.0,0.0,0.0,0.0,0.0,0.0,0.0,0.0
439,Benjamin,Sesko,Šeško,a,,,7.0,29,10,1.7,145,24,1.0,269,33,1,0,0,0,0,9992,30660,0.1,0.3,1.0,1.0,1.0,340,42,100.0,100.0,310,34,180,20,146,28,242,28,,,,,,,,0.11,0.03,0.14,2.92,0.0,0.0,2.73,0.0,8.18,2,1,10.0,0.0,0.0,0.0,1.0,0.0,0.0,0.0,0.0,0.0,0.0,0.0,0.0,5.0,15158.0,32701.0,0.0,0.0,0.01,0.010000000000000002,1.0,2.2,10.5,2.0,1.5,0.0,0.0,3.0,3.0
440,Joshua,Zirkzee,Zirkzee,a,,,5.4,217,47,0.5,263,45,0.0,584,65,0,-1,1,-1,1,3050,7875,0.0,0.0,0.0,0.0,0.0,584,65,,,571,58,577,63,549,60,578,63,,,,,,,,0.0,0.0,0.0,0.0,0.0,0.0,0.0,0.0,0.0,2,0,0.0,0.0,0.0,0.0,0.0,0.0,0.0,0.0,0.0,0.0,0.0,0.0,0.0,0.0,3220.0,9837.0,0.0,0.0,0.0,0.0,0.0,0.0,0.0,0.0,0.0,0.0,0.0,0.0,0.0
441,Chido,Obi,Obi,a,,,4.5,531,71,1.2,174,27,0.0,484,52,0,0,0,0,0,11385,9110,0.0,0.0,0.0,0.0,0.0,484,52,,,466,45,468,50,412,47,476,50,,,,,,,,0.0,0.0,0.0,0.0,0.0,0.0,0.0,0.0,0.0,2,0,0.0,0.0,0.0,0.0,0.0,0.0,0.0,0.0,0.0,0.0,0.0,0.0,0.0,0.0,12108.0,10526.0,0.0,0.0,0.0,0.0,0.0,0.0,0.0,0.0,0.0,0.0,0.0,0.0,0.0
405,Nico,González Iglesias,N.Gonzalez,a,,,5.5,173,106,0.2,331,118,1.0,254,120,2,0,0,0,0,5797,1626,0.2,0.4,1.0,1.0,2.0,177,87,,,252,111,84,52,582,247,205,91,,,,,,,,0.0,0.26,0.26,0.95,0.0,1.29,0.0,1.29,5.14,2,2,70.0,0.0,0.0,1.0,0.0,0.0,0.0,0.0,1.0,0.0,0.0,1.0,0.0,9.0,6677.0,1881.0,0.0,0.0,0.2,0.2,0.74,7.2,29.5,0.0,3.7,0.0,2.0,2.0,4.0
442,Nick,Pope,Pope,a,,,5.0,234,6,1.2,175,25,0.0,511,65,0,0,0,0,0,2967,11947,0.0,0.0,0.0,0.0,0.0,511,65,,,494,65,497,54,444,53,503,65,,,,,,,,0.0,0.0,0.0,0.0,0.0,0.0,0.0,0.0,0.0,2,0,0.0,0.0,0.0,0.0,0.0,0.0,0.0,0.0,0.0,0.0,0.0,0.0,0.0,0.0,3287.0,13885.0,0.0,0.0,0.0,0.0,0.0,0.0,0.0,0.0,0.0,0.0,0.0,0.0,0.0
443,Mark,Gillespie,Gillespie,a,,,4.5,412,25,0.0,524,58,0.0,417,47,0,0,0,0,0,144,243,0.0,0.0,0.0,0.0,0.0,417,47,,,398,47,392,28,323,27,408,47,,,,,,,,0.0,0.0,0.0,0.0,0.0,0.0,0.0,0.0,0.0,2,0,0.0,0.0,0.0,0.0,0.0,0.0,0.0,0.0,0.0,0.0,0.0,0.0,0.0,0.0,154.0,275.0,0.0,0.0,0.0,0.0,0.0,0.0,0.0,0.0,0.0,0.0,0.0,0.0,0.0
444,Ewen,Jaouen,Jaouen,a,,,4.5,515,48,0.0,544,63,0.0,472,64,0,0,0,0,0,105,303,0.0,0.0,0.0,0.0,0.0,472,64,,,453,64,456,51,398,50,463,64,,,,,,,,0.0,0.0,0.0,0.0,0.0,0.0,0.0,0.0,0.0,2,0,0.0,0.0,0.0,0.0,0.0,0.0,0.0,0.0,0.0,0.0,0.0,0.0,0.0,0.0,121.0,336.0,0.0,0.0,0.0,0.0,0.0,0.0,0.0,0.0,0.0,0.0,0.0,0.0,0.0
445,Malick,Thiaw,Thiaw,a,,,5.0,315,57,1.9,129,53,4.5,67,24,6,0,0,0,0,29902,15904,0.9,1.8,4.5,4.5,4.5,71,25,,,74,29,261,90,498,192,182,68,,,,,,,,0.0,0.01,0.01,2.05,0.0,0.5,1.0,1.0,9.0,2,6,90.0,0.0,0.0,1.0,0.0,0.0,0.0,0.0,0.0,0.0,0.0,1.0,0.0,25.0,33507.0,17848.0,0.0,0.0,0.02,0.02,1.1199999999999997,6.800000000000004,1.5,0.0,0.7999999999999998,0.0,3.0,1.0,3.0
446,Fabian,Schär,Schär,a,,,5.0,239,36,0.2,314,116,0.5,297,109,0,0,0,0,0,1149,3192,0.1,0.2,0.5,0.5,1.0,262,101,100.0,100.0,498,188,500,189,449,181,506,188,,2.0,,,,,,0.0,0.0,0.0,71.1,0.0,0.0,90.0,0.0,0.0,2,0,0.0,0.0,0.0,0.0,0.0,0.0,0.0,0.0,0.0,0.0,0.0,0.0,0.0,0.0,1342.0,3478.0,0.0,0.0,0.0,0.0,0.0,0.0,0.0,0.0,0.0,0.0,0.0,0.0,0.0
447,Sven,Botman,Botman,a,,,5.0,276,45,0.6,241,89,4.0,80,31,5,0,0,0,0,9224,3627,0.8,1.6,4.0,4.0,4.0,83,31,,,76,31,244,81,229,86,178,65,,,,,,,,0.0,0.0,0.0,2.05,0.0,0.5,1.0,1.0,7.5,2,5,90.0,0.0,0.0,1.0,0.0,0.0,0.0,0.0,1.0,0.0,0.0,1.0,0.0,22.0,10444.0,4090.0,0.0,0.01,0.0,0.01,1.1199999999999997,11.200000000000003,1.8,2.0,1.5,1.0,4.0,4.0,5.0
448,Dan,Burn,Burn,i,Ankle injury - Expected back 14 Sep,,4.9,392,74,1.3,168,68,0.0,498,183,0,-1,1,-1,1,422,31443,0.0,0.0,0.0,0.0,0.0,498,183,0.0,0.0,481,184,482,185,427,176,490,184,,,,,,,,0.0,0.0,0.0,0.0,0.0,0.0,0.0,0.0,0.0,2,0,0.0,0.0,0.0,0.0,0.0,0.0,0.0,0.0,0.0,0.0,0.0,0.0,0.0,0.0,448.0,40855.0,0.0,0.0,0.0,0.0,0.0,0.0,0.0,0.0,0.0,0.0,0.0,0.0,0.0
449,Lewis,Hall,Hall,a,,,5.0,327,63,7.5,54,21,7.0,25,9,11,0,0,0,0,302811,33026,1.4,2.8,7.0,7.0,7.0,26,10,,,27,8,45,9,200,71,60,13,1.0,1.0,,,,,,0.02,0.33,0.35,2.05,0.0,0.5,1.0,1.0,12.0,2,11,90.0,0.0,0.0,1.0,0.0,0.0,0.0,0.0,0.0,0.0,0.0,1.0,3.0,52.0,309220.0,36115.0,0.0,0.03,0.31000000000000005,0.33999999999999997,1.1199999999999997,39.0,27.3,4.0,6.999999999999999,2.0,11.0,6.0,13.0
450,Tino,Livramento,Livramento,i,Calf injury - Unknown return date,,5.0,302,53,0.0,536,186,0.0,540,193,0,0,0,0,0,69,563,0.0,0.0,0.0,0.0,0.0,540,193,0.0,0.0,528,196,532,196,488,189,536,196,,,,,,,,0.0,0.0,0.0,0.0,0.0,0.0,0.0,0.0,0.0,2,0,0.0,0.0,0.0,0.0,0.0,0.0,0.0,0.0,0.0,0.0,0.0,0.0,0.0,0.0,77.0,666.0,0.0,0.0,0.0,0.0,0.0,0.0,0.0,0.0,0.0,0.0,0.0,0.0,0.0
451,Alex,Murphy,A.Murphy,u,Has joined FC Kaiserslautern on loan for the rest of the season,,4.0,609,188,0.1,452,159,0.0,398,141,0,0,0,0,0,0,1309,0.0,0.0,0.0,0.0,0.0,398,141,0.0,0.0,380,143,372,141,297,115,390,143,,,,,,,,0.0,0.0,0.0,0.0,0.0,0.0,0.0,0.0,0.0,2,0,0.0,0.0,0.0,0.0,0.0,0.0,0.0,0.0,0.0,0.0,0.0,0.0,0.0,0.0,0.0,1520.0,0.0,0.0,0.0,0.0,0.0,0.0,0.0,0.0,0.0,0.0,0.0,0.0,0.0
453,Harvey,Barnes,Barnes,a,,,6.0,66,46,1.1,184,56,2.5,143,68,3,0,0,0,0,10027,12243,0.4,0.8,2.5,2.5,2.5,148,68,,,224,93,109,66,108,57,162,76,5.0,,,,,,,0.06,0.02,0.08,2.05,0.0,0.5,1.0,1.0,6.0,2,3,90.0,0.0,0.0,1.0,0.0,0.0,0.0,0.0,0.0,0.0,0.0,1.0,0.0,9.0,14492.0,14229.0,0.0,0.039999999999999994,0.009999999999999998,0.05000000000000002,1.1199999999999997,7.2,22.1,7.0,3.5999999999999996,2.0,2.0,0.0,4.0
454,Anthony,Elanga,Elanga,a,,,6.1,58,41,7.3,55,20,8.5,15,7,8,1,-1,1,-1,448443,39716,1.4,2.8,8.5,8.5,8.5,17,8,,,11,7,132,81,26,16,25,19,4.0,,,,,,,0.24,0.06,0.3,1.55,0.0,0.58,0.58,1.15,2.88,2,8,81.0,1.0,0.0,1.0,0.0,0.0,0.0,0.0,0.0,0.0,0.0,1.0,0.0,32.0,468382.0,41922.0,0.0,0.19999999999999998,0.1,0.30000000000000004,0.7400000000000002,36.800000000000004,15.3,29.0,8.1,2.0,0.0,1.0,3.0
456,Jacob,Ramsey,J.Ramsey,a,,,5.0,289,176,0.3,295,100,0.5,305,135,1,0,0,0,0,1112,3762,0.1,0.2,0.5,0.5,0.5,347,166,,,246,105,205,112,199,96,271,120,,,,,,,,0.13,0.3,0.43,4.03,0.0,0.0,2.14,0.0,15.0,2,1,8.0,0.0,0.0,0.0,0.0,0.0,0.0,0.0,0.0,0.0,0.0,0.0,0.0,3.0,1287.0,4542.0,0.0,0.0,0.13,0.13,0.3799999999999999,0.20000000000000018,4.2,0.0,0.3999999999999999,0.0,0.0,1.0,1.0
457,Jacob,Murphy,J.Murphy,a,,,5.9,95,60,0.1,380,147,0.5,344,160,1,-1,1,-1,1,584,2116,0.1,0.2,0.5,0.5,0.5,356,169,,,309,139,227,124,206,99,304,137,2.0,,,,,,,0.0,0.82,0.82,5.81,0.0,0.0,4.09,0.0,20.45,2,1,8.0,0.0,0.0,0.0,0.0,0.0,0.0,0.0,0.0,0.0,0.0,0.0,0.0,3.0,679.0,2607.0,0.0,0.0,0.2,0.2,0.3799999999999999,2.2,3.1,2.0,0.7000000000000001,1.0,0.0,2.0,3.0
458,Joelinton Cássio,Apolinário de Lira,Joelinton,i,Unspecified injury - Unknown return date,,5.4,209,129,0.0,551,228,0.0,578,243,0,-1,1,-1,1,63,423,0.0,0.0,0.0,0.0,0.0,578,243,0.0,0.0,566,237,573,243,544,221,574,240,,,,,,,,0.0,0.0,0.0,0.0,0.0,0.0,0.0,0.0,0.0,2,0,0.0,0.0,0.0,0.0,0.0,0.0,0.0,0.0,0.0,0.0,0.0,0.0,0.0,0.0,70.0,538.0,0.0,0.0,0.0,0.0,0.0,0.0,0.0,0.0,0.0,0.0,0.0,0.0,0.0
459,Lewis,Miley,L.Miley,a,,,5.5,193,121,0.1,455,182,3.0,113,52,3,0,0,0,0,1194,833,0.5,1.1,3.0,3.0,3.0,118,52,100.0,100.0,146,54,56,43,212,102,131,67,3.0,,,,,,,0.03,0.03,0.06,1.67,0.0,0.55,0.55,1.09,12.0,2,3,90.0,0.0,0.0,1.0,0.0,0.0,0.0,0.0,0.0,0.0,0.0,1.0,0.0,16.0,1447.0,932.0,0.0,0.0,0.04,0.04000000000000001,1.12,11.200000000000001,14.700000000000003,0.0,2.5999999999999996,0.0,3.0,6.0,9.0
460,Joe,Willock,Willock,a,,,5.0,256,158,0.4,284,92,4.5,65,32,3,0,0,0,0,12390,3967,0.9,1.8,4.5,4.5,4.5,69,34,,,99,35,133,82,100,52,129,65,,,,,,,,0.14,0.16,0.3,1.94,0.0,0.87,0.87,0.87,4.33,2,3,70.0,0.0,0.0,1.0,0.0,0.0,0.0,0.0,0.0,0.0,0.0,1.0,0.0,0.0,14368.0,4334.0,0.0,0.07,0.01999999999999999,0.08999999999999997,0.7400000000000002,0.0,4.299999999999999,8.0,0.5,0.0,1.0,1.0,2.0
461,Bazoumana,Touré,Touré,a,,,5.9,112,73,0.2,357,135,0.5,347,163,1,-1,1,-1,1,476,3957,0.1,0.2,0.5,0.5,1.0,327,156,,,607,264,608,264,602,260,609,264,,,,,,,,0.0,0.0,0.0,0.0,0.0,0.0,0.0,0.0,0.0,2,1,1.0,0.0,0.0,0.0,0.0,0.0,0.0,0.0,0.0,0.0,0.0,0.0,0.0,3.0,537.0,4757.0,0.0,0.0,0.0,0.0,0.0,0.0,0.0,0.0,0.0,0.0,0.0,0.0,0.0
462,Sean,Steur,Steur,a,,,5.0,385,233,0.1,434,173,1.0,245,114,1,0,0,0,0,381,1487,0.2,0.4,1.0,1.0,1.0,295,135,,,265,118,277,142,539,218,306,139,,,,,,,,0.0,0.0,0.0,2.26,0.0,0.0,1.22,1.22,6.08,2,1,19.0,0.0,0.0,0.0,0.0,0.0,0.0,0.0,0.0,0.0,0.0,0.0,0.0,4.0,472.0,1638.0,0.0,0.0,0.0,0.0,0.3800000000000001,5.0,0.0,0.0,0.49999999999999994,0.0,3.0,0.0,3.0
463,Nick,Woltemade,Woltemade,a,,,5.9,104,28,1.4,163,25,2.0,167,17,4,-1,1,-1,1,6322,22447,0.3,0.7,2.0,2.0,4.0,89,12,,,187,16,184,21,143,26,194,23,,,1.0,,,,,0.09,0.05,0.14,1.8,0.0,0.0,0.0,0.0,0.0,2,4,19.0,0.0,1.0,0.0,0.0,0.0,0.0,0.0,0.0,0.0,0.0,0.0,0.0,18.0,7086.0,27101.0,0.0,0.02,0.01,0.03,0.38,18.2,10.5,11.0,4.0,0.0,0.0,0.0,0.0
464,Yoane,Wissa,Wissa,a,,,6.1,57,13,9.8,42,7,6.0,44,3,8,1,-1,1,-1,540525,41971,1.0,2.0,6.0,6.0,6.0,47,3,,,42,3,95,8,12,5,23,5,,,3.0,,,,,0.71,0.01,0.72,1.54,0.0,0.53,0.53,1.05,7.37,2,8,81.0,1.0,0.0,1.0,0.0,0.0,0.0,0.0,0.0,0.0,0.0,1.0,2.0,37.0,578767.0,46986.0,0.0,0.3500000000000001,0.0,0.3500000000000001,0.7400000000000002,35.6,10.3,46.0,9.2,1.0,1.0,4.0,6.0
465,William,Osula,Osula,i,Foot injury - Unknown return date,,6.0,89,20,0.6,238,40,2.0,171,19,0,0,0,0,0,337,26029,0.3,0.7,0.0,0.0,4.0,90,13,0.0,0.0,141,13,155,15,162,29,172,19,,,2.0,,,,,0.1,0.23,0.33,2.42,0.0,0.0,1.64,1.64,8.18,2,0,0.0,0.0,0.0,0.0,0.0,0.0,0.0,0.0,0.0,0.0,0.0,0.0,0.0,0.0,418.0,34477.0,0.0,0.0,0.0,0.0,0.0,0.0,0.0,0.0,0.0,0.0,0.0,0.0,0.0
466,Sean,Neave,Neave,a,,,4.5,533,72,0.8,213,35,0.0,486,53,0,0,0,0,0,10888,6938,0.0,0.0,0.0,0.0,0.0,486,53,,,468,46,470,51,414,48,478,51,,,,,,,,0.0,0.0,0.0,0.0,0.0,0.0,0.0,0.0,0.0,2,0,0.0,0.0,0.0,0.0,0.0,0.0,0.0,0.0,0.0,0.0,0.0,0.0,0.0,0.0,11708.0,8049.0,0.0,0.0,0.0,0.0,0.0,0.0,0.0,0.0,0.0,0.0,0.0,0.0,0.0
559,Aladji,Bamba,Bamba,a,,,5.0,384,232,0.1,402,159,0.5,322,150,0,0,0,0,0,540,1637,0.1,0.2,0.5,0.5,1.0,294,134,,,289,133,569,241,538,217,318,145,,,,,,,,0.0,0.0,0.0,6.69,0.0,0.0,6.43,0.0,12.86,2,0,0.0,0.0,0.0,0.0,0.0,0.0,0.0,0.0,0.0,0.0,0.0,0.0,0.0,0.0,610.0,1892.0,0.0,0.0,0.0,0.0,0.0,0.0,0.0,0.0,0.0,0.0,0.0,0.0,0.0
567,Lukás,Hornícek,Horníček,a,,,5.0,320,18,1.0,193,30,4.0,82,6,7,0,0,0,0,31242,8714,0.8,1.6,4.0,4.0,4.0,85,6,,,8,1,541,65,501,65,108,1,,,,,,,,0.0,0.0,0.0,2.05,4.5,0.5,1.0,1.0,0.0,2,7,90.0,0.0,0.0,1.0,0.0,0.0,0.0,0.0,0.0,0.0,4.0,1.0,0.0,32.0,32095.0,9466.0,0.0,0.0,0.0,0.0,1.1199999999999997,34.599999999999994,0.0,0.0,3.5,0.0,2.0,4.0,0.0
593,Amar,Dedic,Dedić,a,,,4.5,478,125,1.8,137,56,6.0,38,15,11,0,0,0,0,135981,18978,1.3,2.7,6.0,6.0,6.0,40,16,,,32,10,75,21,193,67,72,18,,,,,,,,0.02,0.03,0.05,2.05,0.0,0.5,1.0,1.0,8.5,2,11,90.0,0.0,1.0,1.0,0.0,0.0,0.0,0.0,0.0,0.0,0.0,1.0,2.0,37.0,138366.0,19430.0,0.0,0.0,0.06,0.06,1.1199999999999997,42.6,30.400000000000002,0.0,7.3,3.0,5.0,5.0,8.0
609,Leo,Shahar,Shahar,a,,,4.0,613,192,0.2,321,119,0.0,402,145,0,0,0,0,0,7308,2009,0.0,0.0,0.0,0.0,0.0,402,145,,,384,147,376,145,301,119,394,147,,,,,,,,0.0,0.0,0.0,0.0,0.0,0.0,0.0,0.0,0.0,2,0,0.0,0.0,0.0,0.0,0.0,0.0,0.0,0.0,0.0,0.0,0.0,0.0,0.0,0.0,8017.0,2112.0,0.0,0.0,0.0,0.0,0.0,0.0,0.0,0.0,0.0,0.0,0.0,0.0,0.0
167,Liam,Delap,Delap,a,,,5.5,169,38,0.7,231,39,0.5,338,39,1,0,0,0,0,21020,6827,0.1,0.2,0.5,0.5,1.0,314,36,,,290,28,187,24,179,31,255,30,,,3.0,,,,,0.26,0.0,0.26,1.24,0.0,0.0,3.75,0.0,0.0,2,1,24.0,0.0,0.0,0.0,1.0,0.0,0.0,0.0,0.0,0.0,0.0,0.0,0.0,9.0,23861.0,7788.0,0.0,0.07,0.0,0.07,0.33,4.0,10.1,7.0,2.1,0.0,0.0,0.0,0.0
201,Daniel,Muñoz Mejía,Muñoz,a,,,5.4,212,31,7.0,61,25,0.0,581,201,0,-1,1,-1,1,13212,122687,0.0,0.0,0.0,0.0,0.0,581,201,,,324,121,256,88,84,20,240,89,,,,,,,,0.38,0.02,0.4,1.4,0.0,0.0,3.33,1.67,6.67,2,0,0.0,0.0,0.0,0.0,0.0,0.0,0.0,0.0,0.0,0.0,0.0,0.0,0.0,0.0,14433.0,144713.0,0.0,0.0,0.0,0.0,0.0,0.0,0.0,0.0,0.0,0.0,0.0,0.0,0.0
467,Matz,Sels,Sels,a,,,5.0,231,5,1.4,158,24,1.5,183,14,1,0,0,0,0,4636,9279,0.3,0.6,1.5,1.5,1.5,197,17,,,133,14,496,53,443,52,216,14,,,,,,,,0.0,0.0,0.0,1.11,2.0,0.0,1.5,1.0,0.0,2,1,90.0,0.0,0.0,0.0,2.0,0.0,0.0,0.0,0.0,0.0,2.0,1.0,0.0,6.0,5392.0,11969.0,0.0,0.0,0.01,0.01,1.7500000000000002,16.6,0.0,0.0,1.7000000000000002,0.0,3.0,6.0,0.0
468,John Victor,Maciel Furtado,John,a,,,4.5,449,34,0.1,480,54,0.0,435,56,0,0,0,0,0,139,382,0.0,0.0,0.0,0.0,0.0,435,56,,,416,56,412,37,347,36,426,56,,,,,,,,0.0,0.0,0.0,0.0,0.0,0.0,0.0,0.0,0.0,2,0,0.0,0.0,0.0,0.0,0.0,0.0,0.0,0.0,0.0,0.0,0.0,0.0,0.0,0.0,162.0,451.0,0.0,0.0,0.0,0.0,0.0,0.0,0.0,0.0,0.0,0.0,0.0,0.0,0.0
469,Neco,Williams,N.Williams,a,,,5.0,271,43,8.6,48,18,4.0,79,30,6,0,0,0,0,30170,43743,0.8,1.6,4.0,4.0,4.0,82,30,,,58,21,77,22,129,41,75,21,2.0,2.0,,,,,,0.06,0.08,0.14,1.11,0.0,0.0,1.5,1.0,9.0,2,6,90.0,0.0,1.0,0.0,2.0,0.0,0.0,0.0,0.0,0.0,0.0,1.0,0.0,16.0,31341.0,61438.0,0.0,0.12,0.15000000000000002,0.26999999999999996,1.7500000000000002,34.400000000000006,25.3,6.0,6.6000000000000005,6.0,6.0,1.0,12.0
470,Felipe,Rodrigues da Silva,Morato,a,,,5.0,324,62,0.0,504,176,0.0,549,196,0,0,0,0,0,151,541,0.0,0.0,0.0,0.0,0.0,549,196,,,536,198,542,198,502,193,544,198,,,,,,,,0.0,0.0,0.0,0.0,0.0,0.0,0.0,0.0,0.0,2,0,0.0,0.0,0.0,0.0,0.0,0.0,0.0,0.0,0.0,0.0,0.0,0.0,0.0,0.0,166.0,644.0,0.0,0.0,0.0,0.0,0.0,0.0,0.0,0.0,0.0,0.0,0.0,0.0,0.0
471,Nikola,Milenković,Milenković,a,,,5.5,150,19,1.7,144,59,2.5,132,47,3,0,0,0,0,3282,9168,0.5,0.9,2.5,2.5,2.5,138,49,,,156,70,301,112,120,37,197,74,,,,,,,,0.06,0.01,0.07,1.11,0.0,0.0,1.5,1.0,10.0,2,3,90.0,0.0,0.0,0.0,2.0,0.0,0.0,0.0,0.0,0.0,0.0,1.0,0.0,3.0,3564.0,13013.0,0.0,0.0,0.0,0.0,1.7500000000000002,17.0,0.0,0.0,1.6999999999999997,3.0,10.0,3.0,13.0
472,Murillo,Costa dos Santos,Murillo,a,,,5.5,200,29,1.6,150,63,2.5,141,50,1,0,0,0,0,5666,11109,0.5,0.9,2.5,2.5,2.5,146,52,100.0,100.0,78,32,98,30,160,54,104,37,,3.0,,,,,,0.09,0.14,0.23,1.11,0.0,0.0,1.5,1.0,10.0,2,1,90.0,0.0,0.0,0.0,2.0,0.0,0.0,0.0,0.0,0.0,0.0,1.0,0.0,2.0,6631.0,13688.0,0.0,0.18,0.0,0.18,1.7500000000000002,11.199999999999996,0.3000000000000007,8.0,2.0,0.0,6.0,3.0,6.0
473,Ola,Aina,Aina,a,,,4.5,429,89,3.3,101,40,2.5,123,43,0,0,0,0,0,12739,27508,0.6,1.1,2.5,2.5,2.5,129,45,,,143,64,31,6,111,32,74,20,,,,,,,,0.02,0.3,0.32,1.19,0.0,0.57,1.14,1.14,3.99,2,0,85.0,0.0,0.0,0.0,2.0,0.0,0.0,0.0,1.0,0.0,0.0,1.0,0.0,2.0,15022.0,31871.0,0.0,0.0,0.35,0.3500000000000001,1.7499999999999998,11.8,15.5,4.0,3.1000000000000005,2.0,3.0,4.0,5.0
474,Jair,Paula da Cunha Filho,Jair Cunha,a,,,4.5,523,142,0.2,336,125,1.0,227,83,1,0,0,0,0,540,1096,0.2,0.4,1.0,1.0,1.0,255,97,,,115,52,258,89,406,170,203,79,,,,,,,,0.0,0.0,0.0,1.11,0.0,0.0,1.5,1.0,8.0,2,1,90.0,0.0,0.0,0.0,2.0,0.0,0.0,0.0,0.0,0.0,0.0,1.0,0.0,6.0,561.0,1387.0,0.0,0.0,0.0,0.0,1.7500000000000002,14.599999999999998,0.3999999999999999,0.0,1.5,2.0,6.0,3.0,8.0
475,Nicolò,Savona,Savona,i,Knee injury - Unknown return date,,4.5,498,133,0.0,619,206,0.0,456,171,0,0,0,0,0,15,53,0.0,0.0,0.0,0.0,0.0,456,171,0.0,0.0,437,172,440,173,382,162,447,172,,,,,,,,0.0,0.0,0.0,0.0,0.0,0.0,0.0,0.0,0.0,2,0,0.0,0.0,0.0,0.0,0.0,0.0,0.0,0.0,0.0,0.0,0.0,0.0,0.0,0.0,62.0,60.0,0.0,0.0,0.0,0.0,0.0,0.0,0.0,0.0,0.0,0.0,0.0,0.0,0.0
476,Omar,Richards,O.Richards,a,,,4.0,578,166,0.2,325,123,0.0,376,128,0,0,0,0,0,649,1291,0.0,0.0,0.0,0.0,0.0,376,128,,,358,130,350,128,274,101,368,130,,,,,,,,0.0,0.0,0.0,0.0,0.0,0.0,0.0,0.0,0.0,2,0,0.0,0.0,0.0,0.0,0.0,0.0,0.0,0.0,0.0,0.0,0.0,0.0,0.0,0.0,696.0,1574.0,0.0,0.0,0.0,0.0,0.0,0.0,0.0,0.0,0.0,0.0,0.0,0.0,0.0
477,Zach,Abbott,Abbott,a,,,4.0,612,191,0.2,313,115,0.0,401,144,0,0,0,0,0,1152,1605,0.0,0.0,0.0,0.0,0.0,401,144,,,383,146,375,144,300,118,393,146,,,,,,,,0.0,0.0,0.0,0.0,0.0,0.0,0.0,0.0,0.0,2,0,0.0,0.0,0.0,0.0,0.0,0.0,0.0,0.0,0.0,0.0,0.0,0.0,0.0,0.0,1241.0,1942.0,0.0,0.0,0.0,0.0,0.0,0.0,0.0,0.0,0.0,0.0,0.0,0.0,0.0
478,Luca,Netz,Netz,a,,,4.5,481,126,0.0,525,182,1.0,224,80,1,0,0,0,0,107,260,0.2,0.4,1.0,1.0,1.0,249,92,,,312,117,283,102,368,158,325,117,,,,,,,,0.0,0.0,0.0,0.58,0.0,0.0,4.5,0.0,4.5,2,1,4.0,0.0,0.0,0.0,0.0,0.0,0.0,0.0,0.0,0.0,0.0,0.0,0.0,5.0,119.0,300.0,0.0,0.0,0.0,0.0,0.0,2.0,0.0,0.0,0.19999999999999998,1.0,0.0,0.0,1.0
479,Tyler,Bindon,Bindon,u,Has joined Charlton Athletic on loan for the rest of the season,,4.0,607,186,0.2,358,133,0.0,397,140,0,0,0,0,0,434,1107,0.0,0.0,0.0,0.0,0.0,397,140,0.0,,379,142,371,140,296,114,389,142,,,,,,,,0.0,0.0,0.0,0.0,0.0,0.0,0.0,0.0,0.0,2,0,0.0,0.0,0.0,0.0,0.0,0.0,0.0,0.0,0.0,0.0,0.0,0.0,0.0,0.0,479.0,1312.0,0.0,0.0,0.0,0.0,0.0,0.0,0.0,0.0,0.0,0.0,0.0,0.0,0.0
480,Morgan,Gibbs-White,Gibbs-White,a,,,7.9,12,8,9.0,44,17,7.5,23,13,13,-1,1,-1,1,102038,61008,0.9,1.9,7.5,7.5,7.5,24,13,100.0,100.0,40,18,119,73,58,33,57,37,,1.0,1.0,,,,,0.46,0.05,0.51,1.11,0.0,0.0,1.5,1.0,4.0,2,13,90.0,1.0,1.0,0.0,2.0,0.0,0.0,0.0,0.0,0.0,0.0,1.0,3.0,36.0,103484.0,110020.0,0.0,0.79,0.04000000000000001,0.8300000000000001,1.7500000000000002,56.4,12.5,17.0,8.6,2.0,1.0,2.0,5.0
482,Callum,Hudson-Odoi,Hudson-Odoi,a,,,5.9,99,62,0.2,338,123,0.5,345,161,1,-1,1,-1,1,981,2768,0.1,0.2,0.5,0.5,1.0,324,153,100.0,100.0,602,260,320,162,595,254,605,260,,4.0,,,,,,0.0,0.0,0.0,0.0,0.0,0.0,0.0,0.0,0.0,2,1,1.0,0.0,0.0,0.0,0.0,0.0,0.0,0.0,0.0,0.0,0.0,0.0,0.0,2.0,1069.0,3932.0,0.0,0.0,0.0,0.0,0.0,0.0,0.3,0.0,0.0,0.0,0.0,0.0,0.0
483,Dan,Ndoye,Ndoye,a,,,5.5,168,105,0.6,242,82,6.0,40,21,9,0,0,0,0,19671,5582,1.1,2.2,6.0,6.0,6.0,43,23,,,108,41,101,63,51,29,70,42,,,,,,,,0.25,0.45,0.7,1.19,0.0,0.71,0.71,1.43,8.57,2,9,65.0,1.0,0.0,0.0,1.0,0.0,0.0,0.0,0.0,0.0,0.0,1.0,2.0,30.0,20054.0,6744.0,0.0,0.35,0.63,0.98,1.42,35.800000000000004,23.0,36.0,9.5,0.0,1.0,8.0,9.0
484,Omari,Hutchinson,Hutchinson,u,Has joined AC Milan on loan for the rest of the season,,5.4,224,139,0.1,386,150,0.0,588,250,0,-1,1,-1,1,213,1945,0.0,0.0,0.0,0.0,0.0,588,250,0.0,,576,245,581,249,555,229,583,247,,,,,,,,0.0,0.0,0.0,0.0,0.0,0.0,0.0,0.0,0.0,2,0,0.0,0.0,0.0,0.0,0.0,0.0,0.0,0.0,0.0,0.0,0.0,0.0,0.0,0.0,246.0,2383.0,0.0,0.0,0.0,0.0,0.0,0.0,0.0,0.0,0.0,0.0,0.0,0.0,0.0
485,Dilane,Bakwa,Bakwa,u,Has joined Lille on loan for the rest of the season,,5.5,176,109,0.0,597,255,0.0,599,258,0,0,0,0,0,0,376,0.0,0.0,0.0,0.0,0.0,599,258,0.0,0.0,590,254,596,257,583,248,596,256,,,,,,,,0.0,0.0,0.0,0.0,0.0,0.0,0.0,0.0,0.0,2,0,0.0,0.0,0.0,0.0,0.0,0.0,0.0,0.0,0.0,0.0,0.0,0.0,0.0,0.0,0.0,460.0,0.0,0.0,0.0,0.0,0.0,0.0,0.0,0.0,0.0,0.0,0.0,0.0,0.0
486,James,McAtee,McAtee,a,,,5.5,157,98,0.1,465,186,2.5,133,62,2,0,0,0,0,2196,772,0.5,0.9,2.5,2.5,2.5,139,62,,,176,68,17,16,577,244,97,50,1.0,,,,,,,0.0,0.18,0.18,1.15,0.0,0.55,1.1,1.1,8.83,2,2,90.0,0.0,0.0,0.0,2.0,0.0,0.0,0.0,0.0,0.0,0.0,1.0,0.0,16.0,2335.0,863.0,0.0,0.0,0.16,0.16,1.7499999999999998,8.200000000000001,18.5,0.0,2.6999999999999993,1.0,2.0,5.0,8.0
487,Nicolás,Domínguez,Dominguez,a,,,5.0,295,180,0.1,466,187,0.5,306,136,1,0,0,0,0,219,653,0.1,0.2,0.5,0.5,1.0,272,116,,,334,153,528,220,483,185,534,217,,,,,,,,0.0,0.0,0.0,0.0,0.0,0.0,0.0,0.0,0.0,2,1,1.0,0.0,0.0,0.0,0.0,0.0,0.0,0.0,0.0,0.0,0.0,0.0,0.0,3.0,242.0,818.0,0.0,0.0,0.0,0.0,0.0,0.2,0.0,0.0,0.0,0.0,0.0,0.0,0.0
488,Ibrahim,Sangaré,I.Sangaré,i,Calf injury - Unknown return date,,5.0,267,166,0.7,228,76,1.0,232,106,0,0,0,0,0,145,17493,0.2,0.4,0.0,0.0,2.0,161,75,0.0,0.0,191,73,160,97,210,101,209,93,,,,,,,,0.03,0.01,0.04,0.47,0.0,0.0,1.0,1.0,6.0,2,0,0.0,0.0,0.0,0.0,0.0,0.0,0.0,0.0,0.0,0.0,0.0,0.0,0.0,0.0,288.0,25551.0,0.0,0.0,0.0,0.0,0.0,0.0,0.0,0.0,0.0,0.0,0.0,0.0,0.0
489,Ryan,Yates,Yates,a,,,4.5,443,250,1.5,157,47,0.0,433,174,0,0,0,0,0,11578,11584,0.0,0.0,0.0,0.0,0.0,433,174,100.0,100.0,414,162,409,171,343,128,424,167,,,,,,,,0.0,0.0,0.0,0.0,0.0,0.0,0.0,0.0,0.0,2,0,0.0,0.0,0.0,0.0,0.0,0.0,0.0,0.0,0.0,0.0,0.0,0.0,0.0,0.0,12691.0,13523.0,0.0,0.0,0.0,0.0,0.0,0.0,0.0,0.0,0.0,0.0,0.0,0.0,0.0
490,Chris,Wood,Wood,a,,,5.9,94,24,1.3,165,26,0.5,343,41,0,-1,1,-1,1,4471,26270,0.1,0.2,0.5,0.5,1.0,321,38,,,600,65,236,33,213,34,320,37,,,2.0,,,,,0.39,0.03,0.42,0.71,0.0,0.0,3.21,0.0,3.21,2,0,0.0,0.0,0.0,0.0,0.0,0.0,0.0,0.0,0.0,0.0,0.0,0.0,0.0,0.0,5000.0,32268.0,0.0,0.0,0.0,0.0,0.0,0.0,0.0,0.0,0.0,0.0,0.0,0.0,0.0
491,Igor Jesus,Maciel da Cruz,Igor Jesus,a,,,6.0,83,18,3.2,102,15,1.5,207,24,1,0,0,0,0,11827,45968,0.2,0.5,1.5,1.5,1.5,220,29,,,214,18,125,12,14,6,66,10,,,4.0,,,,,0.48,0.03,0.51,1.11,0.0,0.0,1.5,1.0,4.0,2,1,90.0,0.0,0.0,0.0,2.0,0.0,0.0,0.0,1.0,0.0,0.0,1.0,0.0,4.0,13238.0,60439.0,0.0,0.74,0.039999999999999994,0.78,1.7500000000000002,8.600000000000001,13.3,38.0,6.000000000000001,1.0,3.0,1.0,5.0
493,Arnaud,Kalimuendo,Kalimuendo,a,,,5.5,172,40,0.0,496,65,0.5,339,40,0,0,0,0,0,271,758,0.1,0.2,0.5,0.5,1.0,315,37,,,589,61,595,65,581,63,595,65,,,,,,,,0.0,0.0,0.0,0.0,0.0,0.0,0.0,0.0,0.0,2,0,0.0,0.0,0.0,0.0,0.0,0.0,0.0,0.0,0.0,0.0,0.0,0.0,0.0,0.0,317.0,902.0,0.0,0.0,0.0,0.0,0.0,0.0,0.0,0.0,0.0,0.0,0.0,0.0,0.0
558,Xaver,Schlager,Schlager,a,,,5.0,261,161,0.1,427,170,2.5,128,58,4,0,0,0,0,806,699,0.5,1.0,2.5,2.5,2.5,134,58,,,169,62,260,135,154,76,212,94,3.0,,,,,,,0.04,0.0,0.04,1.6,0.0,0.0,2.55,0.85,13.58,2,4,90.0,0.0,0.0,0.0,2.0,0.0,0.0,0.0,0.0,0.0,0.0,1.0,0.0,15.0,826.0,928.0,0.0,0.05,0.0,0.05,1.75,21.2,0.7,7.0,2.9,5.0,3.0,7.0,15.0
581,Ousmane,Diomande,Diomande,a,,,5.5,197,28,0.6,235,86,0.0,602,205,0,0,0,0,0,2068,9881,0.0,0.0,0.0,0.0,0.0,602,205,,,595,205,600,205,589,204,599,205,,,,,,,,0.0,0.0,0.0,0.0,0.0,0.0,0.0,0.0,0.0,2,0,0.0,0.0,0.0,0.0,0.0,0.0,0.0,0.0,0.0,0.0,0.0,0.0,0.0,0.0,2312.0,11841.0,0.0,0.0,0.0,0.0,0.0,0.0,0.0,0.0,0.0,0.0,0.0,0.0,0.0
590,Steven,Benda,Benda,a,,,4.5,469,37,0.1,468,52,0.0,443,58,0,0,0,0,0,609,535,0.0,0.0,0.0,0.0,0.0,443,58,,,424,58,421,40,360,39,434,58,,,,,,,,0.0,0.0,0.0,0.0,0.0,0.0,0.0,0.0,0.0,2,0,0.0,0.0,0.0,0.0,0.0,0.0,0.0,0.0,0.0,0.0,0.0,0.0,0.0,0.0,689.0,606.0,0.0,0.0,0.0,0.0,0.0,0.0,0.0,0.0,0.0,0.0,0.0,0.0,0.0
112,Jan Paul,van Hecke,Van Hecke,a,,,5.0,317,59,8.2,51,20,1.0,238,84,1,0,0,0,0,10923,121416,0.2,0.4,1.0,1.0,1.0,276,106,,,45,14,141,43,55,11,62,15,,,,,,,,0.06,0.03,0.09,2.3,0.0,0.0,2.5,1.0,8.5,2,1,90.0,0.0,0.0,0.0,2.0,0.0,0.0,0.0,0.0,0.0,0.0,1.0,0.0,9.0,14379.0,137054.0,0.0,0.11,0.03,0.14,0.7199999999999998,26.599999999999998,13.7,33.0,7.3,2.0,6.0,4.0,8.0
401,Omar,Marmoush,Marmoush,a,,,7.0,28,9,1.9,131,22,1.0,268,32,2,0,0,0,0,61127,21117,0.1,0.3,1.0,1.0,2.0,190,24,,,238,21,63,4,68,15,119,16,,,2.0,,,,,0.17,0.07,0.24,0.72,0.0,0.0,2.0,1.0,4.0,2,2,90.0,0.0,0.0,0.0,2.0,0.0,0.0,0.0,0.0,0.0,0.0,1.0,0.0,14.0,77549.0,23645.0,0.0,0.17,0.07,0.24,0.72,9.2,35.1,28.0,7.2,1.0,0.0,3.0,4.0
403,Sávio,Moreira de Oliveira,Sávio,d,Muscular injury - 75% chance of playing,,6.5,45,31,0.8,214,70,0.0,622,274,0,0,0,0,0,11351,21400,0.0,0.0,0.0,0.0,0.0,622,274,75.0,,623,275,623,275,622,274,623,275,,,,,,,,0.0,0.0,0.0,0.0,0.0,0.0,0.0,0.0,0.0,2,0,0.0,0.0,0.0,0.0,0.0,0.0,0.0,0.0,0.0,0.0,0.0,0.0,0.0,0.0,31541.0,23138.0,0.0,0.0,0.0,0.0,0.0,0.0,0.0,0.0,0.0,0.0,0.0,0.0,0.0
455,Sandro,Tonali,Tonali,a,,,5.4,213,132,3.2,105,31,2.0,158,78,2,-1,1,-1,1,6662,55920,0.4,0.7,2.0,2.0,2.0,170,81,,,227,94,73,47,130,66,152,72,,5.0,,,,,,0.05,0.04,0.09,2.52,0.0,0.0,2.74,1.1,4.39,2,2,74.0,0.0,0.0,0.0,2.0,0.0,0.0,0.0,0.0,0.0,0.0,1.0,0.0,16.0,9297.0,64389.0,0.0,0.049999999999999996,0.020000000000000004,0.07,0.7199999999999998,4.999999999999999,26.300000000000004,4.0,3.4999999999999996,0.0,1.0,3.0,4.0
494,Guglielmo,Vicario,Vicario,u,Has joined Juventus on loan for the rest of the season,,4.5,435,32,0.2,339,37,0.0,430,54,0,0,0,0,0,0,4101,0.0,0.0,0.0,0.0,0.0,430,54,0.0,0.0,411,54,406,35,339,34,421,54,,,,,,,,0.0,0.0,0.0,0.0,0.0,0.0,0.0,0.0,0.0,2,0,0.0,0.0,0.0,0.0,0.0,0.0,0.0,0.0,0.0,0.0,0.0,0.0,0.0,0.0,0.0,4932.0,0.0,0.0,0.0,0.0,0.0,0.0,0.0,0.0,0.0,0.0,0.0,0.0,0.0
495,Brandon,Austin,Austin,a,,,4.0,579,62,0.9,199,31,0.0,377,36,0,0,0,0,0,5183,3210,0.0,0.0,0.0,0.0,0.0,377,36,,,359,36,351,15,275,14,369,36,,,,,,,,0.0,0.0,0.0,0.0,0.0,0.0,0.0,0.0,0.0,2,0,0.0,0.0,0.0,0.0,0.0,0.0,0.0,0.0,0.0,0.0,0.0,0.0,0.0,0.0,5674.0,3728.0,0.0,0.0,0.0,0.0,0.0,0.0,0.0,0.0,0.0,0.0,0.0,0.0,0.0
496,Antonín,Kinský,Kinsky,a,,,4.5,486,42,20.6,15,3,1.5,182,13,1,0,0,0,0,24661,146232,0.3,0.7,1.5,1.5,1.5,196,16,,,67,9,430,45,372,44,177,10,,,,,,,,0.0,0.0,0.0,2.3,2.5,0.0,2.5,1.0,0.0,2,1,90.0,0.0,0.0,0.0,2.0,0.0,0.0,0.0,0.0,0.0,0.0,1.0,0.0,4.0,36235.0,159854.0,0.0,0.0,0.0,0.0,0.7199999999999998,3.799999999999997,0.0,0.0,0.39999999999999947,0.0,0.0,6.0,0.0
497,Martin,Dubravka,Dubravka,a,,,4.0,557,53,18.2,20,4,0.0,362,27,0,0,0,0,0,64653,64254,0.0,0.0,0.0,0.0,0.0,362,27,,,344,27,334,6,256,5,353,27,,,,,,,,0.0,0.0,0.0,0.0,0.0,0.0,0.0,0.0,0.0,2,0,0.0,0.0,0.0,0.0,0.0,0.0,0.0,0.0,0.0,0.0,0.0,0.0,0.0,0.0,70360.0,74496.0,0.0,0.0,0.0,0.0,0.0,0.0,0.0,0.0,0.0,0.0,0.0,0.0,0.0
498,Marcos,Senesi Barón,Senesi,a,,,6.0,68,7,6.2,65,26,1.5,204,66,0,0,0,0,0,3518,114030,0.2,0.5,1.5,1.5,3.0,121,42,,,111,50,243,80,606,205,198,75,,,,,,,,0.0,0.02,0.02,3.87,0.0,0.0,3.0,1.0,16.0,2,0,0.0,0.0,0.0,0.0,0.0,0.0,0.0,0.0,0.0,0.0,0.0,0.0,0.0,0.0,5727.0,125641.0,0.0,0.0,0.0,0.0,0.0,0.0,0.0,0.0,0.0,0.0,0.0,0.0,0.0
499,Pedro,Porro Sauceda,Pedro Porro,a,,,5.5,163,21,12.4,32,11,0.5,336,119,1,0,0,0,0,31128,123525,0.1,0.2,0.5,0.5,1.0,313,110,100.0,100.0,236,96,196,63,87,22,200,77,3.0,1.0,,,,,,0.33,0.1,0.43,0.72,0.0,0.0,2.0,1.0,4.0,2,1,90.0,0.0,0.0,0.0,2.0,0.0,0.0,0.0,0.0,0.0,0.0,1.0,0.0,1.0,37172.0,145836.0,0.0,0.33,0.1,0.43,0.72,9.4,7.9,21.0,3.8,1.0,3.0,2.0,4.0
500,Cristian,Romero,Romero,u,Has joined Atletico Madrid permanently,,5.0,278,46,0.1,403,143,0.0,528,190,0,0,0,0,0,0,2743,0.0,0.0,0.0,0.0,0.0,528,190,0.0,0.0,516,193,517,193,471,186,523,193,,,,,,,,0.0,0.0,0.0,0.0,0.0,0.0,0.0,0.0,0.0,2,0,0.0,0.0,0.0,0.0,0.0,0.0,0.0,0.0,0.0,0.0,0.0,0.0,0.0,0.0,0.0,3304.0,0.0,0.0,0.0,0.0,0.0,0.0,0.0,0.0,0.0,0.0,0.0,0.0,0.0
501,Kevin,Danso,Danso,a,,,5.0,241,37,0.2,367,135,0.0,515,187,0,0,0,0,0,441,2091,0.0,0.0,0.0,0.0,0.0,515,187,,,500,189,502,190,451,182,508,189,,,,,,,,0.0,0.0,0.0,0.0,0.0,0.0,0.0,0.0,0.0,2,0,0.0,0.0,0.0,0.0,0.0,0.0,0.0,0.0,0.0,0.0,0.0,0.0,0.0,0.0,520.0,2431.0,0.0,0.0,0.0,0.0,0.0,0.0,0.0,0.0,0.0,0.0,0.0,0.0,0.0
502,Andrew,Robertson,Robertson,a,,,4.5,425,87,3.5,94,37,2.5,122,42,2,0,0,0,0,8594,32300,0.6,1.1,2.5,2.5,2.5,128,44,,,81,35,57,12,69,14,61,14,1.0,,,,,,,0.03,0.05,0.08,2.49,0.0,0.0,2.29,1.15,8.03,2,2,67.0,0.0,0.0,0.0,1.0,0.0,0.0,0.0,0.0,0.0,0.0,1.0,0.0,7.0,12340.0,36093.0,0.0,0.06,0.020000000000000004,0.08000000000000002,0.47999999999999954,11.2,16.8,25.0,5.3,1.0,2.0,1.0,3.0
503,Micky,van de Ven,Van de Ven,a,,,5.0,333,64,3.9,89,35,0.0,555,197,0,0,0,0,0,10667,46129,0.0,0.0,0.0,0.0,0.0,555,197,100.0,100.0,205,86,246,83,510,194,272,99,,,,,,,,0.0,0.02,0.02,0.72,0.0,0.0,2.0,1.0,8.0,2,0,90.0,0.0,0.0,0.0,2.0,0.0,0.0,0.0,1.0,0.0,0.0,1.0,0.0,5.0,12740.0,52806.0,0.0,0.0,0.02,0.02,0.72,15.2,2.1,0.0,1.7,1.0,7.0,4.0,8.0
505,Djed,Spence,Spence,u,Has joined Internazionale permanently,,4.5,458,111,0.4,283,108,0.0,439,164,0,0,0,0,0,0,10376,0.0,0.0,0.0,0.0,0.0,439,164,0.0,0.0,420,165,416,165,352,149,430,165,,,,,,,,0.0,0.0,0.0,0.0,0.0,0.0,0.0,0.0,0.0,2,0,0.0,0.0,0.0,0.0,0.0,0.0,0.0,0.0,0.0,0.0,0.0,0.0,0.0,0.0,0.0,12792.0,0.0,0.0,0.0,0.0,0.0,0.0,0.0,0.0,0.0,0.0,0.0,0.0,0.0
506,Destiny,Udogie,Udogie,a,,,4.5,487,129,0.4,266,98,1.0,226,82,1,0,0,0,0,730,3977,0.2,0.4,1.0,1.0,1.0,252,95,,,267,102,168,51,222,83,260,96,,,,,,,,0.0,0.73,0.73,2.35,0.0,0.0,3.46,0.0,3.46,2,1,22.0,0.0,0.0,0.0,1.0,0.0,0.0,0.0,0.0,0.0,0.0,0.0,0.0,2.0,883.0,4698.0,0.0,0.0,0.19,0.19,0.24000000000000005,5.2,11.5,2.0,1.9,1.0,0.0,1.0,1.0
507,Ashley,Phillips,Phillips,u,Has joined Middlesbrough permanently,,4.5,509,137,0.0,567,194,0.0,467,175,0,0,0,0,0,0,230,0.0,0.0,0.0,0.0,0.0,467,175,0.0,0.0,448,176,451,177,393,166,458,176,,,,,,,,0.0,0.0,0.0,0.0,0.0,0.0,0.0,0.0,0.0,2,0,0.0,0.0,0.0,0.0,0.0,0.0,0.0,0.0,0.0,0.0,0.0,0.0,0.0,0.0,0.0,277.0,0.0,0.0,0.0,0.0,0.0,0.0,0.0,0.0,0.0,0.0,0.0,0.0,0.0
508,Ben,Davies,Davies,a,,,4.0,565,157,1.0,195,75,0.0,369,125,0,0,0,0,0,2293,7053,0.0,0.0,0.0,0.0,0.0,369,125,,,351,127,341,123,263,94,360,126,,,,,,,,0.0,0.0,0.0,0.0,0.0,0.0,0.0,0.0,0.0,2,0,0.0,0.0,0.0,0.0,0.0,0.0,0.0,0.0,0.0,0.0,0.0,0.0,0.0,0.0,2604.0,8327.0,0.0,0.0,0.0,0.0,0.0,0.0,0.0,0.0,0.0,0.0,0.0,0.0,0.0
509,Jun'ai,Byfield,Byfield,a,,,4.0,626,204,0.1,485,170,0.0,411,153,0,0,0,0,0,319,377,0.0,0.0,0.0,0.0,0.0,411,153,,,393,155,385,153,313,130,403,155,,,,,,,,0.0,0.0,0.0,0.0,0.0,0.0,0.0,0.0,0.0,2,0,0.0,0.0,0.0,0.0,0.0,0.0,0.0,0.0,0.0,0.0,0.0,0.0,0.0,0.0,343.0,446.0,0.0,0.0,0.0,0.0,0.0,0.0,0.0,0.0,0.0,0.0,0.0,0.0,0.0
510,James,Rowswell,Rowswell,a,,,4.0,603,183,0.1,453,160,0.0,393,137,0,0,0,0,0,377,571,0.0,0.0,0.0,0.0,0.0,393,137,,,375,139,367,137,292,111,385,139,,,,,,,,0.0,0.0,0.0,0.0,0.0,0.0,0.0,0.0,0.0,2,0,0.0,0.0,0.0,0.0,0.0,0.0,0.0,0.0,0.0,0.0,0.0,0.0,0.0,0.0,420.0,657.0,0.0,0.0,0.0,0.0,0.0,0.0,0.0,0.0,0.0,0.0,0.0,0.0,0.0
511,João Victor,de Souza Menezes,Souza,u,Has joined FC Porto on loan for the rest of the season,,4.0,625,203,0.3,300,111,0.0,410,152,0,0,0,0,0,1362,2388,0.0,0.0,0.0,0.0,0.0,410,152,0.0,,392,154,384,152,312,129,402,154,,,,,,,,0.0,0.0,0.0,0.0,0.0,0.0,0.0,0.0,0.0,2,0,0.0,0.0,0.0,0.0,0.0,0.0,0.0,0.0,0.0,0.0,0.0,0.0,0.0,0.0,1513.0,2732.0,0.0,0.0,0.0,0.0,0.0,0.0,0.0,0.0,0.0,0.0,0.0,0.0,0.0
512,Mohammed,Kudus,Kudus,a,,,6.5,42,29,0.1,428,171,0.5,355,168,1,0,0,0,0,2342,1195,0.1,0.2,0.5,0.4,1.0,337,163,100.0,75.0,326,148,225,122,145,72,276,123,,3.0,3.0,,,,,0.16,0.04,0.2,0.98,0.0,0.0,4.09,0.0,8.18,2,1,22.0,0.0,0.0,0.0,1.0,0.0,0.0,0.0,0.0,0.0,0.0,0.0,0.0,4.0,2365.0,1477.0,0.0,0.04,0.01,0.05,0.24,1.2,3.3,11.0,1.6,0.0,0.0,2.0,2.0
513,Xavi,Simons,Xavi,i,Knee injury - Unknown return date,,6.0,84,55,0.0,582,245,0.0,615,268,0,0,0,0,0,46,247,0.0,0.0,0.0,0.0,0.0,615,268,0.0,0.0,614,269,615,269,610,265,615,269,,2.0,4.0,,,,,0.0,0.0,0.0,0.0,0.0,0.0,0.0,0.0,0.0,2,0,0.0,0.0,0.0,0.0,0.0,0.0,0.0,0.0,0.0,0.0,0.0,0.0,0.0,0.0,55.0,284.0,0.0,0.0,0.0,0.0,0.0,0.0,0.0,0.0,0.0,0.0,0.0,0.0,0.0
514,Mathys,Tel,Tel,a,,,5.9,108,69,0.4,273,89,2.0,168,84,2,-1,1,-1,1,1133,10434,0.3,0.7,2.0,2.0,2.0,181,89,,,211,85,86,54,38,22,86,48,,4.0,,,,,,0.11,0.05,0.16,2.49,0.0,0.0,2.29,1.15,6.31,2,2,67.0,0.0,0.0,0.0,1.0,0.0,0.0,0.0,0.0,0.0,0.0,1.0,0.0,10.0,2329.0,12858.0,0.0,0.14,0.03,0.16999999999999998,0.47999999999999954,3.799999999999999,3.3000000000000007,34.0,4.1,1.0,0.0,2.0,3.0
515,James,Maddison,Maddison,d,Shoulder injury - 75% chance of playing,,6.4,49,34,0.7,227,75,0.5,351,164,0,-1,1,-1,1,126,24413,0.1,0.2,0.4,0.4,1.0,332,158,75.0,75.0,281,129,194,108,163,79,256,115,,,,,,,,0.0,0.04,0.04,3.48,0.0,0.0,0.0,0.0,8.18,2,0,0.0,0.0,0.0,0.0,0.0,0.0,0.0,0.0,0.0,0.0,0.0,0.0,0.0,0.0,146.0,33385.0,0.0,0.0,0.0,0.0,0.0,0.0,0.0,0.0,0.0,0.0,0.0,0.0,0.0
516,Rodrigo,Bentancur,Bentancur,a,,,5.5,138,86,0.2,352,132,1.5,193,92,2,0,0,0,0,514,1510,0.3,0.5,1.5,1.5,1.5,207,97,,,193,75,118,72,569,237,193,87,,,,,,,,0.0,0.02,0.02,1.93,0.0,0.0,2.0,0.67,10.67,2,2,90.0,0.0,0.0,0.0,2.0,0.0,0.0,0.0,0.0,0.0,0.0,1.0,0.0,17.0,640.0,1861.0,0.0,0.0,0.019999999999999997,0.019999999999999997,0.7199999999999998,15.399999999999999,7.100000000000001,0.0,2.3,2.0,3.0,6.0,11.0
517,Wilson,Odobert,Odobert,i,Knee injury - Unknown return date,,5.5,195,123,0.0,626,276,0.0,601,260,0,0,0,0,0,15,26,0.0,0.0,0.0,0.0,0.0,601,260,0.0,0.0,594,258,599,260,587,251,598,258,,,,,,,,0.0,0.0,0.0,0.0,0.0,0.0,0.0,0.0,0.0,2,0,0.0,0.0,0.0,0.0,0.0,0.0,0.0,0.0,0.0,0.0,0.0,0.0,0.0,0.0,19.0,27.0,0.0,0.0,0.0,0.0,0.0,0.0,0.0,0.0,0.0,0.0,0.0,0.0,0.0
518,Pape Matar,Sarr,P.M.Sarr,a,,,4.9,399,241,0.2,355,134,0.0,503,200,0,0,0,-1,1,3747,2630,0.0,0.0,0.0,0.0,0.0,503,200,100.0,0.0,486,189,488,197,434,156,495,193,,,,,,,,0.0,0.0,0.0,0.0,0.0,0.0,0.0,0.0,0.0,2,0,0.0,0.0,0.0,0.0,0.0,0.0,0.0,0.0,0.0,0.0,0.0,0.0,0.0,0.0,3811.0,3788.0,0.0,0.0,0.0,0.0,0.0,0.0,0.0,0.0,0.0,0.0,0.0,0.0,0.0
519,Conor,Gallagher,Gallagher,a,,,5.4,211,131,0.2,319,113,0.0,580,245,0,-1,1,-1,1,682,3872,0.0,0.0,0.0,0.0,0.0,580,245,,,568,239,206,113,250,122,312,143,,,,,,,,0.04,0.12,0.16,3.4,0.0,0.0,4.0,2.0,6.0,2,0,0.0,0.0,0.0,0.0,0.0,0.0,0.0,0.0,0.0,0.0,0.0,0.0,0.0,0.0,901.0,4679.0,0.0,0.0,0.0,0.0,0.0,0.0,0.0,0.0,0.0,0.0,0.0,0.0,0.0
520,Lucas,Bergvall,Bergvall,a,,,5.5,198,125,0.2,347,128,0.5,342,159,0,0,0,0,0,306,2056,0.1,0.2,0.5,0.5,1.0,319,150,,,596,259,250,130,242,117,600,259,,,,,,,,0.0,0.02,0.02,3.4,0.0,0.0,4.0,2.0,16.0,2,0,0.0,0.0,0.0,0.0,0.0,0.0,0.0,0.0,0.0,0.0,0.0,0.0,0.0,0.0,385.0,2392.0,0.0,0.0,0.0,0.0,0.0,0.0,0.0,0.0,0.0,0.0,0.0,0.0,0.0
521,Dejan,Kulusevski,Kulusevski,i,Knee injury - Unknown return date,,6.5,40,28,0.0,596,254,0.0,620,273,0,0,0,0,0,46,99,0.0,0.0,0.0,0.0,0.0,620,273,0.0,0.0,621,274,621,274,620,273,621,274,,,,,,,,0.0,0.0,0.0,0.0,0.0,0.0,0.0,0.0,0.0,2,0,0.0,0.0,0.0,0.0,0.0,0.0,0.0,0.0,0.0,0.0,0.0,0.0,0.0,0.0,52.0,126.0,0.0,0.0,0.0,0.0,0.0,0.0,0.0,0.0,0.0,0.0,0.0,0.0,0.0
522,Archie,Gray,Gray,a,,,5.0,364,218,0.2,327,115,2.0,155,76,2,0,0,0,0,1448,2400,0.4,0.8,2.0,2.0,2.0,167,79,,,248,107,212,117,525,207,285,128,,,,,,,,0.0,0.01,0.01,2.32,0.0,0.0,2.37,1.18,6.51,2,2,67.0,0.0,0.0,0.0,1.0,0.0,0.0,0.0,0.0,0.0,0.0,1.0,0.0,9.0,1701.0,2806.0,0.0,0.0,0.0,0.0,0.48,1.7999999999999998,1.5,0.0,0.30000000000000004,0.0,3.0,3.0,6.0
523,Mikey,Moore,Moore,a,,,5.0,341,199,0.2,362,137,1.5,189,89,1,0,0,0,0,700,2978,0.3,0.6,1.5,1.5,1.5,203,94,,,210,84,200,110,27,17,112,57,,,,,,,,0.4,0.02,0.42,3.3,0.0,0.0,4.04,1.01,3.03,2,1,22.0,0.0,0.0,0.0,1.0,0.0,0.0,0.0,0.0,0.0,0.0,0.0,0.0,1.0,1416.0,3441.0,0.0,0.020000000000000018,0.0,0.019999999999999962,0.23999999999999977,0.0,0.39999999999999947,1.0,0.0,0.0,0.0,1.0,1.0
524,Callum,Olusesi,Olusesi,a,,,4.5,496,259,0.7,223,73,0.0,454,181,0,0,0,0,0,964,6131,0.0,0.0,0.0,0.0,0.0,454,181,,,435,169,438,178,380,136,445,174,,,,,,,,0.0,0.0,0.0,0.0,0.0,0.0,0.0,0.0,0.0,2,0,0.0,0.0,0.0,0.0,0.0,0.0,0.0,0.0,0.0,0.0,0.0,0.0,0.0,0.0,1080.0,7120.0,0.0,0.0,0.0,0.0,0.0,0.0,0.0,0.0,0.0,0.0,0.0,0.0,0.0
525,Mateus,Fernandes,Fernandes,a,,,5.9,109,70,1.4,161,48,1.5,202,98,2,-1,1,-1,1,2692,25977,0.3,0.5,1.5,1.5,1.5,216,103,,,173,65,11,11,214,103,71,43,2.0,,,,,,,0.01,0.15,0.16,1.93,0.0,0.0,2.0,0.67,6.67,2,2,90.0,0.0,0.0,0.0,2.0,0.0,0.0,0.0,0.0,0.0,0.0,1.0,0.0,18.0,3612.0,30819.0,0.0,0.01,0.17,0.18,0.7199999999999998,14.0,46.3,1.0,6.1,3.0,0.0,5.0,8.0
526,Dominic,Solanke-Mitchell,Solanke,a,,,5.9,96,25,1.1,181,28,1.0,259,28,1,-1,1,-1,1,4007,20955,0.2,0.3,1.0,1.0,1.0,322,39,,,300,30,319,40,142,25,278,33,,,1.0,,,,,0.66,0.0,0.66,2.07,0.0,0.0,0.0,0.0,0.0,2,1,15.0,0.0,0.0,0.0,0.0,0.0,0.0,0.0,0.0,0.0,0.0,0.0,0.0,6.0,6279.0,24541.0,0.0,0.2,0.0,0.2,0.0,3.2,0.3,6.0,1.0,0.0,0.0,0.0,0.0
527,Richarlison,de Andrade,Richarlison,a,,,5.9,100,27,2.1,124,18,1.0,261,29,0,-1,1,-1,1,4737,63104,0.2,0.3,1.0,1.0,2.0,180,20,,,603,67,242,34,596,68,337,39,,,5.0,,,,,0.0,0.0,0.0,4.06,0.0,0.0,4.03,1.34,1.34,2,0,0.0,0.0,0.0,0.0,0.0,0.0,0.0,0.0,0.0,0.0,0.0,0.0,0.0,0.0,7310.0,76157.0,0.0,0.0,0.0,0.0,0.0,0.0,0.0,0.0,0.0,0.0,0.0,0.0,0.0
528,Dane,Scarlett,Scarlett,a,,,4.5,491,62,1.9,130,21,0.0,449,44,0,0,0,0,0,24784,14770,0.0,0.0,0.0,0.0,0.0,449,44,,,430,36,433,42,375,38,440,41,,,,,,,,0.0,0.0,0.0,0.0,0.0,0.0,0.0,0.0,0.0,2,0,0.0,0.0,0.0,0.0,0.0,0.0,0.0,0.0,0.0,0.0,0.0,0.0,0.0,0.0,26628.0,16955.0,0.0,0.0,0.0,0.0,0.0,0.0,0.0,0.0,0.0,0.0,0.0,0.0,0.0
529,Robin,Roefs,Roefs,a,,,5.0,338,19,3.6,93,15,3.5,93,7,6,0,0,0,0,5225,26826,0.7,1.4,3.5,3.5,3.5,99,7,,,181,19,552,66,514,66,261,19,,,,,,,,0.0,0.0,0.0,1.38,0.5,0.5,1.0,1.0,0.0,2,6,90.0,0.0,0.0,1.0,0.0,0.0,0.0,0.0,0.0,0.0,0.0,1.0,0.0,22.0,6104.0,32727.0,0.0,0.0,0.0,0.0,0.95,4.0,0.0,0.0,0.3999999999999999,0.0,2.0,7.0,0.0
530,Anthony,Patterson,Patterson,u,Has joined Wrexham permanently,,4.0,585,63,0.1,374,41,0.0,380,37,0,0,0,0,0,0,1126,0.0,0.0,0.0,0.0,0.0,380,37,0.0,0.0,362,37,354,16,278,15,372,37,,,,,,,,0.0,0.0,0.0,0.0,0.0,0.0,0.0,0.0,0.0,2,0,0.0,0.0,0.0,0.0,0.0,0.0,0.0,0.0,0.0,0.0,0.0,0.0,0.0,0.0,0.0,1277.0,0.0,0.0,0.0,0.0,0.0,0.0,0.0,0.0,0.0,0.0,0.0,0.0,0.0
531,Melker,Ellborg,Ellborg,a,,,4.5,503,45,0.1,443,49,0.0,461,61,0,0,0,0,0,217,546,0.0,0.0,0.0,0.0,0.0,461,61,,,442,61,445,48,387,47,452,61,,,,,,,,0.0,0.0,0.0,0.0,0.0,0.0,0.0,0.0,0.0,2,0,0.0,0.0,0.0,0.0,0.0,0.0,0.0,0.0,0.0,0.0,0.0,0.0,0.0,0.0,243.0,674.0,0.0,0.0,0.0,0.0,0.0,0.0,0.0,0.0,0.0,0.0,0.0,0.0,0.0
532,Daniel,Ballard,Ballard,a,,,5.0,282,49,4.5,82,33,4.0,81,32,8,0,0,0,0,8723,44992,0.8,1.6,4.0,4.0,4.0,84,32,,,85,38,235,76,167,58,169,62,,,,,,,,0.02,0.0,0.02,1.38,0.0,0.5,1.0,1.0,9.5,2,8,90.0,0.0,0.0,1.0,0.0,0.0,0.0,0.0,0.0,0.0,0.0,1.0,0.0,27.0,11159.0,54460.0,0.0,0.03,0.0,0.03,0.95,23.599999999999998,1.2,7.0,3.1999999999999997,1.0,9.0,1.0,10.0
533,Nordi,Mukiele,Mukiele,a,,,5.5,137,16,2.4,115,46,4.5,69,25,9,0,0,0,0,12659,13069,0.8,1.6,4.5,4.5,9.0,11,4,100.0,100.0,83,36,195,62,239,89,161,60,,,,,,,,0.0,0.01,0.01,0.95,0.0,1.0,0.0,1.0,19.0,2,9,90.0,0.0,0.0,1.0,0.0,0.0,0.0,0.0,0.0,0.0,0.0,1.0,1.0,28.0,13374.0,21792.0,0.0,0.0,0.01,0.01,0.95,42.6,8.0,2.0,5.3,2.0,17.0,4.0,19.0
534,Trai,Hume,Hume,a,,,4.5,488,130,5.8,67,27,4.0,78,29,6,0,0,0,0,10214,43133,0.9,1.8,4.0,4.0,4.0,81,29,,,142,63,21,3,113,34,68,17,3.0,,,,,,,0.02,0.15,0.17,1.41,0.0,0.53,0.53,1.07,5.33,2,6,90.0,0.0,0.0,1.0,0.0,0.0,0.0,0.0,0.0,0.0,0.0,1.0,0.0,24.0,12718.0,49033.0,0.0,0.0,0.010000000000000009,0.010000000000000009,0.9500000000000002,18.6,19.1,2.0,3.999999999999999,4.0,2.0,4.0,6.0
535,Omar,Alderete,Alderete,a,,,5.0,260,40,0.4,274,103,0.5,302,111,0,0,0,0,0,983,5538,0.1,0.2,0.5,0.5,1.0,268,103,100.0,100.0,510,191,297,110,465,184,517,191,,,,,,,,0.0,0.04,0.04,0.39,0.0,0.0,3.91,0.0,0.0,2,0,0.0,0.0,0.0,0.0,0.0,0.0,0.0,0.0,0.0,0.0,0.0,0.0,0.0,0.0,1259.0,6792.0,0.0,0.0,0.0,0.0,0.0,0.0,0.0,0.0,0.0,0.0,0.0,0.0,0.0
536,Reinildo,Mandava,Reinildo,a,,,4.5,470,120,0.4,267,99,3.5,91,35,6,0,0,0,0,1120,2178,0.8,1.6,3.5,3.5,3.5,97,35,,,95,43,70,18,185,64,101,36,,,,,,,,0.0,0.15,0.15,1.38,0.0,0.5,1.0,1.0,7.5,2,6,90.0,0.0,0.0,1.0,0.0,0.0,0.0,0.0,0.0,0.0,0.0,1.0,0.0,26.0,1298.0,2923.0,0.0,0.0,0.010000000000000009,0.010000000000000009,0.95,16.4,6.0,2.0,2.4000000000000004,1.0,6.0,3.0,7.0
537,Jenson,Seelt,Seelt,u,Has joined Swansea City on loan for the rest of the season,,4.5,504,136,0.0,599,202,0.0,462,174,0,0,0,0,0,3,239,0.0,0.0,0.0,0.0,0.0,462,174,0.0,,443,175,446,176,388,165,453,175,,,,,,,,0.0,0.0,0.0,0.0,0.0,0.0,0.0,0.0,0.0,2,0,0.0,0.0,0.0,0.0,0.0,0.0,0.0,0.0,0.0,0.0,0.0,0.0,0.0,0.0,9.0,254.0,0.0,0.0,0.0,0.0,0.0,0.0,0.0,0.0,0.0,0.0,0.0,0.0,0.0
538,Leo Fuhr,Hjelde,Hjelde,u,Has joined KV Mechelen on loan for the rest of the season,,4.0,598,180,0.0,497,174,0.0,388,134,0,0,0,0,0,0,475,0.0,0.0,0.0,0.0,0.0,388,134,0.0,0.0,370,136,362,134,287,108,380,136,,,,,,,,0.0,0.0,0.0,0.0,0.0,0.0,0.0,0.0,0.0,2,0,0.0,0.0,0.0,0.0,0.0,0.0,0.0,0.0,0.0,0.0,0.0,0.0,0.0,0.0,0.0,545.0,0.0,0.0,0.0,0.0,0.0,0.0,0.0,0.0,0.0,0.0,0.0,0.0,0.0
539,Luke,O'Nien,O'Nien,a,,,4.0,569,159,3.2,106,42,0.5,272,88,0,0,0,0,0,3071,18615,0.1,0.2,0.5,0.5,1.0,224,69,,,226,92,267,93,196,69,268,98,,,,,,,,0.01,0.01,0.02,2.3,0.0,0.0,1.36,1.36,6.82,2,0,0.0,0.0,0.0,0.0,0.0,0.0,0.0,0.0,0.0,0.0,0.0,0.0,0.0,0.0,3586.0,21595.0,0.0,0.0,0.0,0.0,0.0,0.0,0.0,0.0,0.0,0.0,0.0,0.0,0.0
540,Arthur,Masuaku,Masuaku,u,Has joined Konyaspor permanently,,4.0,562,155,0.2,353,131,0.0,367,124,0,0,0,0,0,0,2187,0.0,0.0,0.0,0.0,0.0,367,124,0.0,0.0,349,126,339,122,261,93,358,125,,,,,,,,0.0,0.0,0.0,0.0,0.0,0.0,0.0,0.0,0.0,2,0,0.0,0.0,0.0,0.0,0.0,0.0,0.0,0.0,0.0,0.0,0.0,0.0,0.0,0.0,0.0,2595.0,0.0,0.0,0.0,0.0,0.0,0.0,0.0,0.0,0.0,0.0,0.0,0.0,0.0
541,Thomas,Meunier,Meunier,a,,,4.5,414,83,0.3,298,110,3.5,89,33,6,0,0,0,0,1527,1239,0.8,1.6,3.5,3.5,3.5,95,33,100.0,100.0,112,51,103,32,90,23,94,32,,,,,,,,0.05,0.06,0.11,1.38,0.0,0.5,1.0,1.0,6.0,2,6,90.0,0.0,0.0,1.0,0.0,0.0,0.0,0.0,0.0,0.0,0.0,1.0,0.0,27.0,1701.0,1558.0,0.0,0.020000000000000004,0.05,0.07,0.95,22.599999999999998,20.0,9.0,5.199999999999999,0.0,8.0,5.0,8.0
542,Enzo,Le Fée,E.Le Fée,a,,,5.9,105,66,6.9,62,21,2.5,142,67,3,-1,1,-1,1,3939,141316,0.4,0.8,2.5,2.5,2.5,147,67,,,249,108,78,50,64,38,124,62,1.0,2.0,2.0,,,,,0.2,0.11,0.31,1.37,0.0,0.54,0.54,1.07,4.29,2,3,89.0,0.0,0.0,1.0,0.0,0.0,0.0,0.0,0.0,0.0,0.0,1.0,0.0,13.0,6295.0,163102.0,0.0,0.37,0.17,0.5399999999999999,0.8599999999999999,3.4000000000000004,21.200000000000003,30.0,5.5,1.0,1.0,4.0,6.0
543,Habib,Diarra,Diarra,d,Unspecified injury - 75% chance of playing,,5.5,192,120,0.1,483,197,2.5,139,65,4,0,0,0,0,113,1103,0.5,0.9,1.9,2.5,2.5,144,65,75.0,,203,81,181,103,241,116,221,98,,,1.0,,,,,0.1,0.51,0.61,0.39,0.0,0.0,3.21,0.0,0.0,2,4,18.0,0.0,1.0,0.0,0.0,0.0,0.0,0.0,0.0,0.0,0.0,0.0,0.0,15.0,181.0,1307.0,0.0,0.0,0.16,0.16,0.01999999999999999,15.2,10.3,0.0,2.6,0.0,0.0,0.0,0.0
544,Granit,Xhaka,Xhaka,a,,,5.5,120,78,4.6,78,25,7.5,22,12,6,0,0,0,0,24658,25548,1.4,2.7,7.5,7.5,7.5,23,12,,,97,34,6,6,559,232,38,29,2.0,1.0,,,,,,0.0,0.22,0.22,1.38,0.0,0.5,1.0,1.0,10.0,2,6,90.0,0.0,0.0,1.0,0.0,0.0,0.0,0.0,0.0,0.0,0.0,1.0,3.0,29.0,33136.0,28591.0,0.0,0.0,0.36,0.36,0.95,20.400000000000002,57.9,0.0,7.800000000000001,0.0,1.0,6.0,7.0
545,Noah,Sadiki,Sadiki,a,,,5.0,373,225,0.3,297,101,2.5,131,61,3,0,0,0,0,1108,2722,0.5,1.0,2.5,2.5,2.5,137,61,,,125,46,51,40,61,36,64,40,,,,,,,,0.04,0.02,0.06,1.38,0.0,0.5,1.0,1.0,6.5,2,3,90.0,0.0,0.0,1.0,0.0,0.0,0.0,0.0,0.0,0.0,0.0,1.0,0.0,21.0,1302.0,3289.0,0.0,0.020000000000000004,0.020000000000000004,0.04000000000000001,0.95,18.4,7.799999999999997,6.0,3.2,3.0,6.0,2.0,11.0
546,Simon,Adingra,Adingra,i,Ankle injury - Unknown return date,,4.9,402,243,0.0,491,201,0.0,506,202,0,-1,1,-1,1,148,1190,0.0,0.0,0.0,0.0,0.0,506,202,0.0,0.0,489,191,491,199,437,158,498,195,,,,,,,,0.0,0.0,0.0,0.0,0.0,0.0,0.0,0.0,0.0,2,0,0.0,0.0,0.0,0.0,0.0,0.0,0.0,0.0,0.0,0.0,0.0,0.0,0.0,0.0,153.0,1606.0,0.0,0.0,0.0,0.0,0.0,0.0,0.0,0.0,0.0,0.0,0.0,0.0,0.0
547,Romaine,Mundle,Mundle,a,,,5.0,310,185,0.0,600,256,0.5,309,138,1,0,0,0,0,46,86,0.1,0.2,0.5,0.5,1.0,274,118,,,247,106,327,165,102,53,232,103,,,,,,,,15.3,0.0,15.3,8.1,0.0,0.0,0.0,0.0,90.0,2,1,1.0,0.0,0.0,0.0,0.0,0.0,0.0,0.0,0.0,0.0,0.0,0.0,0.0,2.0,51.0,97.0,0.0,0.17,0.0,0.17,0.09,8.0,0.1,17.0,2.5,0.0,1.0,0.0,1.0
548,Chris,Rigg,Rigg,a,,,5.0,368,221,0.1,481,195,1.0,243,112,1,0,0,0,0,83,494,0.2,0.4,1.0,1.0,1.0,288,128,,,558,233,315,160,529,210,566,236,,,,,,,,0.0,0.0,0.0,2.33,0.0,0.0,5.29,0.0,5.29,2,1,7.0,0.0,0.0,0.0,0.0,0.0,0.0,0.0,0.0,0.0,0.0,0.0,0.0,3.0,88.0,606.0,0.0,0.0,0.0,0.0,0.33999999999999997,0.0,0.0,0.0,0.0,0.0,0.0,0.0,0.0
549,Chemsdine,Talbi,Talbi,a,,,5.4,225,140,0.2,348,129,0.5,328,154,0,-1,1,-1,1,202,2350,0.1,0.2,0.5,0.5,1.0,301,139,,,577,246,287,146,556,230,584,248,,,,,,,,0.0,0.0,0.0,0.41,0.0,0.0,2.9,0.0,5.81,2,0,0.0,0.0,0.0,0.0,0.0,0.0,0.0,0.0,0.0,0.0,0.0,0.0,0.0,0.0,230.0,2874.0,0.0,0.0,0.0,0.0,0.0,0.0,0.0,0.0,0.0,0.0,0.0,0.0,0.0
550,Djiamgone Jocelin Ta,Bi,Jocelin.T,a,,,5.0,390,236,0.0,607,261,0.0,576,242,0,0,0,0,0,50,63,0.0,0.0,0.0,0.0,0.0,576,242,,,564,236,571,242,541,219,572,239,,,,,,,,0.0,0.0,0.0,0.0,0.0,0.0,0.0,0.0,0.0,2,0,0.0,0.0,0.0,0.0,0.0,0.0,0.0,0.0,0.0,0.0,0.0,0.0,0.0,0.0,54.0,78.0,0.0,0.0,0.0,0.0,0.0,0.0,0.0,0.0,0.0,0.0,0.0,0.0,0.0
551,Nilson,Angulo,Angulo,a,,,5.0,359,213,0.1,378,145,4.0,84,37,3,0,0,0,0,2926,1762,0.8,1.6,4.0,4.0,4.0,87,39,,,91,32,127,76,107,56,109,56,,3.0,,,,,,0.11,0.04,0.15,1.65,0.0,0.74,0.74,1.48,8.85,2,3,64.0,0.0,0.0,1.0,0.0,0.0,0.0,0.0,0.0,0.0,0.0,1.0,0.0,13.0,3854.0,1975.0,0.0,0.0,0.04,0.04000000000000001,0.5800000000000003,7.200000000000003,16.7,0.0,2.3999999999999995,1.0,0.0,4.0,5.0
552,Brian,Brobbey,Brobbey,a,,,6.0,75,16,10.6,36,6,2.0,170,18,2,0,0,0,0,15348,189392,0.3,0.7,2.0,2.0,2.0,183,21,,,611,68,216,29,118,23,267,31,,,,,,,,0.23,0.0,0.23,1.58,0.0,0.7,0.7,1.4,2.79,2,2,63.0,0.0,0.0,1.0,0.0,0.0,0.0,0.0,0.0,0.0,0.0,1.0,0.0,5.0,21904.0,214350.0,0.0,0.030000000000000027,0.0,0.030000000000000027,0.5800000000000001,0.0,2.8,6.0,0.7,0.0,1.0,3.0,4.0
553,Wilson,Isidor,Isidor,a,,,5.5,160,37,1.0,194,30,4.5,71,7,8,0,0,0,0,17717,7688,0.8,1.6,4.5,4.5,4.5,74,8,,,135,12,318,39,76,17,158,18,,,,,,,,2.55,0.0,2.55,0.86,0.0,0.0,1.84,0.0,0.0,2,8,26.0,1.0,0.0,0.0,0.0,0.0,0.0,0.0,0.0,0.0,0.0,0.0,3.0,29.0,18073.0,10180.0,0.0,1.39,0.0,1.39,0.37,29.2,0.09999999999999998,25.0,5.4,0.0,0.0,0.0,0.0
612,Dayann,Méthalie,Methalie,a,,,4.5,544,149,0.0,612,204,0.0,493,182,0,0,0,0,0,150,35,0.0,0.0,1.7,0.0,0.0,493,182,100.0,0.0,476,183,477,184,422,175,485,183,,,,,,,,0.0,0.0,0.0,0.0,0.0,0.0,0.0,0.0,0.0,2,0,0.0,0.0,0.0,0.0,0.0,0.0,0.0,0.0,0.0,0.0,0.0,0.0,0.0,0.0,168.0,48.0,0.0,0.0,0.0,0.0,0.0,0.0,0.0,0.0,0.0,0.0,0.0,0.0,0.0
613,Jules,Ahoka,Ahoka,a,,,4.5,548,278,0.2,342,125,0.0,497,197,0,0,0,0,0,8528,2523,0.0,0.0,1.0,1.0,0.0,497,197,,,480,186,481,194,426,152,489,190,,,,,,,,0.0,0.0,0.0,0.0,0.0,0.0,0.0,0.0,0.0,2,0,0.0,0.0,0.0,0.0,0.0,0.0,0.0,0.0,0.0,0.0,0.0,0.0,0.0,0.0,9641.0,2722.0,0.0,0.0,0.0,0.0,0.0,0.0,0.0,0.0,0.0,0.0,0.0,0.0,0.0
